2026-07-05 03:51:00,641 [INFO] === 実行開始 (500銘柄) ===
2026-07-05 03:51:01,284 [DEBUG] [TIME] 6094 info: 0.64s
2026-07-05 03:51:01,284 [DEBUG] yfinance OK: 6094
2026-07-05 03:51:01,544 [DEBUG] [TIME] 6094 income_stmt: 0.26s
2026-07-05 03:51:01,859 [DEBUG] [TIME] 6094 balance_sheet: 0.31s
2026-07-05 03:51:02,231 [DEBUG] [TIME] 6094 cashflow: 0.37s
2026-07-05 03:51:02,584 [DEBUG] [TIME] 6094 dividends: 0.35s
2026-07-05 03:51:02,584 [INFO] [DETAIL] 6094 フリークアウト・ホールディングス: income_stmt=OK, balance_sheet=OK, cashflow=OK, dividends=EMPTY
2026-07-05 03:51:02,584 [INFO] [TIME] 6094 フリークアウト・ホールディングス 処理時間: 1.94s
2026-07-05 03:51:04,017 [DEBUG] [TIME] 6096 info: 0.30s
2026-07-05 03:51:04,017 [DEBUG] yfinance OK: 6096
2026-07-05 03:51:04,264 [DEBUG] [TIME] 6096 income_stmt: 0.25s
2026-07-05 03:51:04,567 [DEBUG] [TIME] 6096 balance_sheet: 0.30s
2026-07-05 03:51:04,836 [DEBUG] [TIME] 6096 cashflow: 0.27s
2026-07-05 03:51:05,140 [DEBUG] [TIME] 6096 dividends: 0.30s
2026-07-05 03:51:05,141 [INFO] [DETAIL] 6096 レアジョブ: income_stmt=OK, balance_sheet=OK, cashflow=OK, dividends=OK
2026-07-05 03:51:05,141 [INFO] [TIME] 6096 レアジョブ 処理時間: 1.42s
2026-07-05 03:51:07,102 [DEBUG] [TIME] 6098 info: 0.24s
2026-07-05 03:51:07,102 [DEBUG] yfinance OK: 6098
2026-07-05 03:51:07,355 [DEBUG] [TIME] 6098 income_stmt: 0.25s
2026-07-05 03:51:07,678 [DEBUG] [TIME] 6098 balance_sheet: 0.32s
2026-07-05 03:51:07,943 [DEBUG] [TIME] 6098 cashflow: 0.26s
2026-07-05 03:51:08,616 [DEBUG] [TIME] 6098 dividends: 0.67s
2026-07-05 03:51:08,616 [INFO] [DETAIL] 6098 リクルートホールディングス: income_stmt=OK, balance_sheet=OK, cashflow=OK, dividends=OK
2026-07-05 03:51:08,617 [INFO] [TIME] 6098 リクルートホールディングス 処理時間: 1.76s
2026-07-05 03:51:09,948 [DEBUG] [TIME] 6099 info: 0.24s
2026-07-05 03:51:09,948 [DEBUG] yfinance OK: 6099
2026-07-05 03:51:10,184 [DEBUG] [TIME] 6099 income_stmt: 0.24s
2026-07-05 03:51:10,463 [DEBUG] [TIME] 6099 balance_sheet: 0.28s
2026-07-05 03:51:10,746 [DEBUG] [TIME] 6099 cashflow: 0.28s
2026-07-05 03:51:11,288 [DEBUG] [TIME] 6099 dividends: 0.54s
2026-07-05 03:51:11,289 [INFO] [DETAIL] 6099 エラン: income_stmt=OK, balance_sheet=OK, cashflow=OK, dividends=OK
2026-07-05 03:51:11,289 [INFO] [TIME] 6099 エラン 処理時間: 1.59s
2026-07-05 03:51:13,031 [DEBUG] [TIME] 6101 info: 0.24s
2026-07-05 03:51:13,031 [DEBUG] yfinance OK: 6101
2026-07-05 03:51:13,309 [DEBUG] [TIME] 6101 income_stmt: 0.28s
2026-07-05 03:51:13,551 [DEBUG] [TIME] 6101 balance_sheet: 0.24s
2026-07-05 03:51:13,826 [DEBUG] [TIME] 6101 cashflow: 0.28s
2026-07-05 03:51:14,463 [DEBUG] [TIME] 6101 dividends: 0.64s
2026-07-05 03:51:14,464 [INFO] [DETAIL] 6101 ツガミ: income_stmt=OK, balance_sheet=OK, cashflow=OK, dividends=OK
2026-07-05 03:51:14,464 [INFO] [TIME] 6101 ツガミ 処理時間: 1.67s
2026-07-05 03:51:16,665 [DEBUG] [TIME] 6103 info: 0.24s
2026-07-05 03:51:16,665 [DEBUG] yfinance OK: 6103
2026-07-05 03:51:16,909 [DEBUG] [TIME] 6103 income_stmt: 0.24s
2026-07-05 03:51:17,167 [DEBUG] [TIME] 6103 balance_sheet: 0.26s
2026-07-05 03:51:17,438 [DEBUG] [TIME] 6103 cashflow: 0.27s
2026-07-05 03:51:17,962 [DEBUG] [TIME] 6103 dividends: 0.52s
2026-07-05 03:51:17,963 [INFO] [DETAIL] 6103 オークマ: income_stmt=OK, balance_sheet=OK, cashflow=OK, dividends=OK
2026-07-05 03:51:17,963 [INFO] [TIME] 6103 オークマ 処理時間: 1.53s
2026-07-05 03:51:19,388 [DEBUG] [TIME] 6104 info: 0.24s
2026-07-05 03:51:19,388 [DEBUG] yfinance OK: 6104
2026-07-05 03:51:19,648 [DEBUG] [TIME] 6104 income_stmt: 0.26s
2026-07-05 03:51:19,971 [DEBUG] [TIME] 6104 balance_sheet: 0.32s
2026-07-05 03:51:20,223 [DEBUG] [TIME] 6104 cashflow: 0.25s
2026-07-05 03:51:20,889 [DEBUG] [TIME] 6104 dividends: 0.67s
2026-07-05 03:51:20,890 [INFO] [DETAIL] 6104 芝浦機械: income_stmt=OK, balance_sheet=OK, cashflow=OK, dividends=OK
2026-07-05 03:51:20,890 [INFO] [TIME] 6104 芝浦機械 処理時間: 1.74s
2026-07-05 03:51:22,787 [DEBUG] [TIME] 6113 info: 0.24s
2026-07-05 03:51:22,787 [DEBUG] yfinance OK: 6113
2026-07-05 03:51:23,039 [DEBUG] [TIME] 6113 income_stmt: 0.25s
2026-07-05 03:51:23,302 [DEBUG] [TIME] 6113 balance_sheet: 0.26s
2026-07-05 03:51:23,536 [DEBUG] [TIME] 6113 cashflow: 0.23s
2026-07-05 03:51:24,129 [DEBUG] [TIME] 6113 dividends: 0.59s
2026-07-05 03:51:24,130 [INFO] [DETAIL] 6113 アマダ: income_stmt=OK, balance_sheet=OK, cashflow=OK, dividends=OK
2026-07-05 03:51:24,130 [INFO] [TIME] 6113 アマダ 処理時間: 1.59s
2026-07-05 03:51:25,866 [DEBUG] [TIME] 6118 info: 0.24s
2026-07-05 03:51:25,866 [DEBUG] yfinance OK: 6118
2026-07-05 03:51:26,109 [DEBUG] [TIME] 6118 income_stmt: 0.24s
2026-07-05 03:51:26,428 [DEBUG] [TIME] 6118 balance_sheet: 0.32s
2026-07-05 03:51:26,679 [DEBUG] [TIME] 6118 cashflow: 0.25s
2026-07-05 03:51:27,356 [DEBUG] [TIME] 6118 dividends: 0.68s
2026-07-05 03:51:27,357 [INFO] [DETAIL] 6118 アイダエンジニアリング: income_stmt=OK, balance_sheet=OK, cashflow=OK, dividends=OK
2026-07-05 03:51:27,357 [INFO] [TIME] 6118 アイダエンジニアリング 処理時間: 1.73s
2026-07-05 03:51:29,139 [DEBUG] [TIME] 6125 info: 0.25s
2026-07-05 03:51:29,139 [DEBUG] yfinance OK: 6125
2026-07-05 03:51:29,370 [DEBUG] [TIME] 6125 income_stmt: 0.23s
2026-07-05 03:51:29,618 [DEBUG] [TIME] 6125 balance_sheet: 0.25s
2026-07-05 03:51:29,891 [DEBUG] [TIME] 6125 cashflow: 0.27s
2026-07-05 03:51:30,267 [DEBUG] [TIME] 6125 dividends: 0.38s
2026-07-05 03:51:30,268 [INFO] [DETAIL] 6125 岡本工作機械製作所: income_stmt=OK, balance_sheet=OK, cashflow=OK, dividends=OK
2026-07-05 03:51:30,268 [INFO] [TIME] 6125 岡本工作機械製作所 処理時間: 1.38s
2026-07-05 03:51:31,799 [DEBUG] [TIME] 6134 info: 0.24s
2026-07-05 03:51:31,799 [DEBUG] yfinance OK: 6134
2026-07-05 03:51:32,056 [DEBUG] [TIME] 6134 income_stmt: 0.26s
2026-07-05 03:51:32,345 [DEBUG] [TIME] 6134 balance_sheet: 0.29s
2026-07-05 03:51:32,578 [DEBUG] [TIME] 6134 cashflow: 0.23s
2026-07-05 03:51:33,022 [DEBUG] [TIME] 6134 dividends: 0.44s
2026-07-05 03:51:33,023 [INFO] [DETAIL] 6134 ＦＵＪＩ: income_stmt=OK, balance_sheet=OK, cashflow=OK, dividends=OK
2026-07-05 03:51:33,023 [INFO] [TIME] 6134 ＦＵＪＩ 処理時間: 1.46s
2026-07-05 03:51:34,278 [DEBUG] [TIME] 6135 info: 0.24s
2026-07-05 03:51:34,278 [DEBUG] yfinance OK: 6135
2026-07-05 03:51:34,548 [DEBUG] [TIME] 6135 income_stmt: 0.27s
2026-07-05 03:51:34,840 [DEBUG] [TIME] 6135 balance_sheet: 0.29s
2026-07-05 03:51:35,086 [DEBUG] [TIME] 6135 cashflow: 0.25s
2026-07-05 03:51:35,468 [DEBUG] [TIME] 6135 dividends: 0.38s
2026-07-05 03:51:35,468 [INFO] [DETAIL] 6135 牧野フライス製作所: income_stmt=OK, balance_sheet=OK, cashflow=OK, dividends=OK
2026-07-05 03:51:35,468 [INFO] [TIME] 6135 牧野フライス製作所 処理時間: 1.43s
2026-07-05 03:51:36,934 [DEBUG] [TIME] 6136 info: 0.23s
2026-07-05 03:51:36,934 [DEBUG] yfinance OK: 6136
2026-07-05 03:51:37,169 [DEBUG] [TIME] 6136 income_stmt: 0.24s
2026-07-05 03:51:37,456 [DEBUG] [TIME] 6136 balance_sheet: 0.29s
2026-07-05 03:51:37,650 [DEBUG] [TIME] 6136 cashflow: 0.19s
2026-07-05 03:51:38,136 [DEBUG] [TIME] 6136 dividends: 0.49s
2026-07-05 03:51:38,137 [INFO] [DETAIL] 6136 オーエスジー: income_stmt=OK, balance_sheet=OK, cashflow=OK, dividends=OK
2026-07-05 03:51:38,137 [INFO] [TIME] 6136 オーエスジー 処理時間: 1.44s
2026-07-05 03:51:40,013 [DEBUG] [TIME] 6137 info: 0.24s
2026-07-05 03:51:40,014 [DEBUG] yfinance OK: 6137
2026-07-05 03:51:40,267 [DEBUG] [TIME] 6137 income_stmt: 0.25s
2026-07-05 03:51:40,530 [DEBUG] [TIME] 6137 balance_sheet: 0.26s
2026-07-05 03:51:40,734 [DEBUG] [TIME] 6137 cashflow: 0.20s
2026-07-05 03:51:41,273 [DEBUG] [TIME] 6137 dividends: 0.54s
2026-07-05 03:51:41,274 [INFO] [DETAIL] 6137 小池酸素工業: income_stmt=OK, balance_sheet=OK, cashflow=OK, dividends=OK
2026-07-05 03:51:41,274 [INFO] [TIME] 6137 小池酸素工業 処理時間: 1.50s
2026-07-05 03:51:43,390 [DEBUG] [TIME] 6138 info: 0.24s
2026-07-05 03:51:43,390 [DEBUG] yfinance OK: 6138
2026-07-05 03:51:43,629 [DEBUG] [TIME] 6138 income_stmt: 0.24s
2026-07-05 03:51:43,922 [DEBUG] [TIME] 6138 balance_sheet: 0.29s
2026-07-05 03:51:44,151 [DEBUG] [TIME] 6138 cashflow: 0.23s
2026-07-05 03:51:44,786 [DEBUG] [TIME] 6138 dividends: 0.63s
2026-07-05 03:51:44,787 [INFO] [DETAIL] 6138 ダイジェット工業: income_stmt=OK, balance_sheet=OK, cashflow=OK, dividends=OK
2026-07-05 03:51:44,787 [INFO] [TIME] 6138 ダイジェット工業 処理時間: 1.64s
2026-07-05 03:51:46,793 [DEBUG] [TIME] 6140 info: 0.26s
2026-07-05 03:51:46,793 [DEBUG] yfinance OK: 6140
2026-07-05 03:51:47,033 [DEBUG] [TIME] 6140 income_stmt: 0.24s
2026-07-05 03:51:47,282 [DEBUG] [TIME] 6140 balance_sheet: 0.25s
2026-07-05 03:51:47,484 [DEBUG] [TIME] 6140 cashflow: 0.20s
2026-07-05 03:51:47,972 [DEBUG] [TIME] 6140 dividends: 0.49s
2026-07-05 03:51:47,973 [INFO] [DETAIL] 6140 旭ダイヤモンド工業: income_stmt=OK, balance_sheet=OK, cashflow=OK, dividends=OK
2026-07-05 03:51:47,973 [INFO] [TIME] 6140 旭ダイヤモンド工業 処理時間: 1.44s
2026-07-05 03:51:49,506 [DEBUG] [TIME] 6141 info: 0.24s
2026-07-05 03:51:49,506 [DEBUG] yfinance OK: 6141
2026-07-05 03:51:49,744 [DEBUG] [TIME] 6141 income_stmt: 0.24s
2026-07-05 03:51:50,026 [DEBUG] [TIME] 6141 balance_sheet: 0.28s
2026-07-05 03:51:50,263 [DEBUG] [TIME] 6141 cashflow: 0.24s
2026-07-05 03:51:50,770 [DEBUG] [TIME] 6141 dividends: 0.51s
2026-07-05 03:51:50,771 [INFO] [DETAIL] 6141 ＤＭＧ森精機: income_stmt=OK, balance_sheet=OK, cashflow=OK, dividends=OK
2026-07-05 03:51:50,771 [INFO] [TIME] 6141 ＤＭＧ森精機 処理時間: 1.51s
2026-07-05 03:51:52,486 [DEBUG] [TIME] 6143 info: 0.24s
2026-07-05 03:51:52,487 [DEBUG] yfinance OK: 6143
2026-07-05 03:51:52,742 [DEBUG] [TIME] 6143 income_stmt: 0.26s
2026-07-05 03:51:53,017 [DEBUG] [TIME] 6143 balance_sheet: 0.27s
2026-07-05 03:51:53,233 [DEBUG] [TIME] 6143 cashflow: 0.22s
2026-07-05 03:51:53,827 [DEBUG] [TIME] 6143 dividends: 0.59s
2026-07-05 03:51:53,828 [INFO] [DETAIL] 6143 ソディック: income_stmt=OK, balance_sheet=OK, cashflow=OK, dividends=OK
2026-07-05 03:51:53,828 [INFO] [TIME] 6143 ソディック 処理時間: 1.59s
2026-07-05 03:51:55,268 [DEBUG] [TIME] 6144 info: 0.24s
2026-07-05 03:51:55,268 [DEBUG] yfinance OK: 6144
2026-07-05 03:51:55,514 [DEBUG] [TIME] 6144 income_stmt: 0.25s
2026-07-05 03:51:55,778 [DEBUG] [TIME] 6144 balance_sheet: 0.26s
2026-07-05 03:51:55,989 [DEBUG] [TIME] 6144 cashflow: 0.21s
2026-07-05 03:51:56,623 [DEBUG] [TIME] 6144 dividends: 0.63s
2026-07-05 03:51:56,623 [INFO] [DETAIL] 6144 西部電機: income_stmt=OK, balance_sheet=OK, cashflow=OK, dividends=OK
2026-07-05 03:51:56,623 [INFO] [TIME] 6144 西部電機 処理時間: 1.59s
2026-07-05 03:51:58,277 [DEBUG] [TIME] 6145 info: 0.24s
2026-07-05 03:51:58,277 [DEBUG] yfinance OK: 6145
2026-07-05 03:51:58,505 [DEBUG] [TIME] 6145 income_stmt: 0.23s
2026-07-05 03:51:58,771 [DEBUG] [TIME] 6145 balance_sheet: 0.27s
2026-07-05 03:51:59,018 [DEBUG] [TIME] 6145 cashflow: 0.25s
2026-07-05 03:51:59,492 [DEBUG] [TIME] 6145 dividends: 0.47s
2026-07-05 03:51:59,493 [INFO] [DETAIL] 6145 ＮＩＴＴＯＫＵ: income_stmt=OK, balance_sheet=OK, cashflow=OK, dividends=OK
2026-07-05 03:51:59,493 [INFO] [TIME] 6145 ＮＩＴＴＯＫＵ 処理時間: 1.46s
2026-07-05 03:52:01,331 [DEBUG] [TIME] 6146 info: 0.24s
2026-07-05 03:52:01,331 [DEBUG] yfinance OK: 6146
2026-07-05 03:52:01,581 [DEBUG] [TIME] 6146 income_stmt: 0.25s
2026-07-05 03:52:01,866 [DEBUG] [TIME] 6146 balance_sheet: 0.28s
2026-07-05 03:52:02,101 [DEBUG] [TIME] 6146 cashflow: 0.23s
2026-07-05 03:52:02,682 [DEBUG] [TIME] 6146 dividends: 0.58s
2026-07-05 03:52:02,682 [INFO] [DETAIL] 6146 ディスコ: income_stmt=OK, balance_sheet=OK, cashflow=OK, dividends=OK
2026-07-05 03:52:02,683 [INFO] [TIME] 6146 ディスコ 処理時間: 1.59s
2026-07-05 03:52:04,632 [DEBUG] [TIME] 6147 info: 0.24s
2026-07-05 03:52:04,632 [DEBUG] yfinance OK: 6147
2026-07-05 03:52:04,872 [DEBUG] [TIME] 6147 income_stmt: 0.24s
2026-07-05 03:52:05,221 [DEBUG] [TIME] 6147 balance_sheet: 0.35s
2026-07-05 03:52:05,566 [DEBUG] [TIME] 6147 cashflow: 0.34s
2026-07-05 03:52:06,380 [DEBUG] [TIME] 6147 dividends: 0.81s
2026-07-05 03:52:06,381 [INFO] [DETAIL] 6147 ヤマザキ: income_stmt=OK, balance_sheet=OK, cashflow=OK, dividends=OK
2026-07-05 03:52:06,381 [INFO] [TIME] 6147 ヤマザキ 処理時間: 1.99s
2026-07-05 03:52:07,941 [DEBUG] [TIME] 6149 info: 0.24s
2026-07-05 03:52:07,941 [DEBUG] yfinance OK: 6149
2026-07-05 03:52:08,187 [DEBUG] [TIME] 6149 income_stmt: 0.25s
2026-07-05 03:52:08,492 [DEBUG] [TIME] 6149 balance_sheet: 0.30s
2026-07-05 03:52:08,739 [DEBUG] [TIME] 6149 cashflow: 0.25s
2026-07-05 03:52:09,568 [DEBUG] [TIME] 6149 dividends: 0.83s
2026-07-05 03:52:09,569 [INFO] [DETAIL] 6149 小田原エンジニアリング: income_stmt=OK, balance_sheet=OK, cashflow=OK, dividends=OK
2026-07-05 03:52:09,569 [INFO] [TIME] 6149 小田原エンジニアリング 処理時間: 1.87s
2026-07-05 03:52:11,240 [DEBUG] [TIME] 6150 info: 0.25s
2026-07-05 03:52:11,240 [DEBUG] yfinance OK: 6150
2026-07-05 03:52:11,486 [DEBUG] [TIME] 6150 income_stmt: 0.25s
2026-07-05 03:52:11,773 [DEBUG] [TIME] 6150 balance_sheet: 0.29s
2026-07-05 03:52:12,005 [DEBUG] [TIME] 6150 cashflow: 0.23s
2026-07-05 03:52:12,403 [DEBUG] [TIME] 6150 dividends: 0.40s
2026-07-05 03:52:12,404 [INFO] [DETAIL] 6150 タケダ機械: income_stmt=OK, balance_sheet=OK, cashflow=OK, dividends=OK
2026-07-05 03:52:12,404 [INFO] [TIME] 6150 タケダ機械 処理時間: 1.41s
2026-07-05 03:52:14,240 [DEBUG] [TIME] 6151 info: 0.24s
2026-07-05 03:52:14,240 [DEBUG] yfinance OK: 6151
2026-07-05 03:52:14,497 [DEBUG] [TIME] 6151 income_stmt: 0.26s
2026-07-05 03:52:14,801 [DEBUG] [TIME] 6151 balance_sheet: 0.30s
2026-07-05 03:52:15,052 [DEBUG] [TIME] 6151 cashflow: 0.25s
2026-07-05 03:52:15,512 [DEBUG] [TIME] 6151 dividends: 0.46s
2026-07-05 03:52:15,513 [INFO] [DETAIL] 6151 日東工器: income_stmt=OK, balance_sheet=OK, cashflow=OK, dividends=OK
2026-07-05 03:52:15,513 [INFO] [TIME] 6151 日東工器 処理時間: 1.51s
2026-07-05 03:52:16,834 [DEBUG] [TIME] 6155 info: 0.24s
2026-07-05 03:52:16,834 [DEBUG] yfinance OK: 6155
2026-07-05 03:52:17,177 [DEBUG] [TIME] 6155 income_stmt: 0.34s
2026-07-05 03:52:17,494 [DEBUG] [TIME] 6155 balance_sheet: 0.32s
2026-07-05 03:52:17,787 [DEBUG] [TIME] 6155 cashflow: 0.29s
2026-07-05 03:52:18,223 [DEBUG] [TIME] 6155 dividends: 0.44s
2026-07-05 03:52:18,224 [INFO] [DETAIL] 6155 高松機械工業: income_stmt=OK, balance_sheet=OK, cashflow=OK, dividends=OK
2026-07-05 03:52:18,224 [INFO] [TIME] 6155 高松機械工業 処理時間: 1.63s
2026-07-05 03:52:19,660 [DEBUG] [TIME] 6156 info: 0.25s
2026-07-05 03:52:19,660 [DEBUG] yfinance OK: 6156
2026-07-05 03:52:19,925 [DEBUG] [TIME] 6156 income_stmt: 0.26s
2026-07-05 03:52:20,196 [DEBUG] [TIME] 6156 balance_sheet: 0.27s
2026-07-05 03:52:20,383 [DEBUG] [TIME] 6156 cashflow: 0.19s
2026-07-05 03:52:21,017 [DEBUG] [TIME] 6156 dividends: 0.63s
2026-07-05 03:52:21,018 [INFO] [DETAIL] 6156 エーワン精密: income_stmt=OK, balance_sheet=OK, cashflow=OK, dividends=OK
2026-07-05 03:52:21,018 [INFO] [TIME] 6156 エーワン精密 処理時間: 1.60s
2026-07-05 03:52:22,596 [DEBUG] [TIME] 6157 info: 0.23s
2026-07-05 03:52:22,597 [DEBUG] yfinance OK: 6157
2026-07-05 03:52:22,832 [DEBUG] [TIME] 6157 income_stmt: 0.24s
2026-07-05 03:52:23,102 [DEBUG] [TIME] 6157 balance_sheet: 0.27s
2026-07-05 03:52:23,362 [DEBUG] [TIME] 6157 cashflow: 0.26s
2026-07-05 03:52:23,885 [DEBUG] [TIME] 6157 dividends: 0.52s
2026-07-05 03:52:23,886 [INFO] [DETAIL] 6157 日進工具: income_stmt=OK, balance_sheet=OK, cashflow=OK, dividends=OK
2026-07-05 03:52:23,886 [INFO] [TIME] 6157 日進工具 処理時間: 1.52s
2026-07-05 03:52:25,946 [DEBUG] [TIME] 6158 info: 0.24s
2026-07-05 03:52:25,946 [DEBUG] yfinance OK: 6158
2026-07-05 03:52:26,194 [DEBUG] [TIME] 6158 income_stmt: 0.25s
2026-07-05 03:52:26,466 [DEBUG] [TIME] 6158 balance_sheet: 0.27s
2026-07-05 03:52:26,715 [DEBUG] [TIME] 6158 cashflow: 0.25s
2026-07-05 03:52:27,145 [DEBUG] [TIME] 6158 dividends: 0.43s
2026-07-05 03:52:27,146 [INFO] [DETAIL] 6158 和井田製作所: income_stmt=OK, balance_sheet=OK, cashflow=OK, dividends=OK
2026-07-05 03:52:27,146 [INFO] [TIME] 6158 和井田製作所 処理時間: 1.44s
2026-07-05 03:52:29,275 [DEBUG] [TIME] 6159 info: 0.32s
2026-07-05 03:52:29,275 [DEBUG] yfinance OK: 6159
2026-07-05 03:52:29,530 [DEBUG] [TIME] 6159 income_stmt: 0.25s
2026-07-05 03:52:29,810 [DEBUG] [TIME] 6159 balance_sheet: 0.28s
2026-07-05 03:52:30,075 [DEBUG] [TIME] 6159 cashflow: 0.26s
2026-07-05 03:52:30,576 [DEBUG] [TIME] 6159 dividends: 0.50s
2026-07-05 03:52:30,576 [INFO] [DETAIL] 6159 ミクロン精密: income_stmt=OK, balance_sheet=OK, cashflow=OK, dividends=OK
2026-07-05 03:52:30,576 [INFO] [TIME] 6159 ミクロン精密 処理時間: 1.62s
2026-07-05 03:52:32,566 [DEBUG] [TIME] 6161 info: 0.24s
2026-07-05 03:52:32,566 [DEBUG] yfinance OK: 6161
2026-07-05 03:52:32,831 [DEBUG] [TIME] 6161 income_stmt: 0.26s
2026-07-05 03:52:33,090 [DEBUG] [TIME] 6161 balance_sheet: 0.26s
2026-07-05 03:52:33,316 [DEBUG] [TIME] 6161 cashflow: 0.23s
2026-07-05 03:52:33,830 [DEBUG] [TIME] 6161 dividends: 0.51s
2026-07-05 03:52:33,831 [INFO] [DETAIL] 6161 エスティック: income_stmt=OK, balance_sheet=OK, cashflow=OK, dividends=OK
2026-07-05 03:52:33,831 [INFO] [TIME] 6161 エスティック 処理時間: 1.50s
2026-07-05 03:52:35,657 [DEBUG] [TIME] 6165 info: 0.24s
2026-07-05 03:52:35,657 [DEBUG] yfinance OK: 6165
2026-07-05 03:52:35,900 [DEBUG] [TIME] 6165 income_stmt: 0.24s
2026-07-05 03:52:36,196 [DEBUG] [TIME] 6165 balance_sheet: 0.30s
2026-07-05 03:52:36,461 [DEBUG] [TIME] 6165 cashflow: 0.26s
2026-07-05 03:52:37,007 [DEBUG] [TIME] 6165 dividends: 0.55s
2026-07-05 03:52:37,008 [INFO] [DETAIL] 6165 パンチ工業: income_stmt=OK, balance_sheet=OK, cashflow=OK, dividends=OK
2026-07-05 03:52:37,008 [INFO] [TIME] 6165 パンチ工業 処理時間: 1.59s
2026-07-05 03:52:39,119 [DEBUG] [TIME] 6166 info: 0.24s
2026-07-05 03:52:39,119 [DEBUG] yfinance OK: 6166
2026-07-05 03:52:39,406 [DEBUG] [TIME] 6166 income_stmt: 0.29s
2026-07-05 03:52:39,725 [DEBUG] [TIME] 6166 balance_sheet: 0.32s
2026-07-05 03:52:39,999 [DEBUG] [TIME] 6166 cashflow: 0.27s
2026-07-05 03:52:40,328 [DEBUG] [TIME] 6166 dividends: 0.33s
2026-07-05 03:52:40,329 [INFO] [DETAIL] 6166 中村超硬: income_stmt=OK, balance_sheet=OK, cashflow=OK, dividends=OK
2026-07-05 03:52:40,329 [INFO] [TIME] 6166 中村超硬 処理時間: 1.45s
2026-07-05 03:52:42,225 [DEBUG] [TIME] 6167 info: 0.24s
2026-07-05 03:52:42,225 [DEBUG] yfinance OK: 6167
2026-07-05 03:52:42,488 [DEBUG] [TIME] 6167 income_stmt: 0.26s
2026-07-05 03:52:42,810 [DEBUG] [TIME] 6167 balance_sheet: 0.32s
2026-07-05 03:52:43,062 [DEBUG] [TIME] 6167 cashflow: 0.25s
2026-07-05 03:52:43,370 [DEBUG] [TIME] 6167 dividends: 0.31s
2026-07-05 03:52:43,371 [INFO] [DETAIL] 6167 冨士ダイス: income_stmt=OK, balance_sheet=OK, cashflow=OK, dividends=OK
2026-07-05 03:52:43,371 [INFO] [TIME] 6167 冨士ダイス 処理時間: 1.39s
2026-07-05 03:52:45,110 [DEBUG] [TIME] 6171 info: 0.24s
2026-07-05 03:52:45,110 [DEBUG] yfinance OK: 6171
2026-07-05 03:52:45,346 [DEBUG] [TIME] 6171 income_stmt: 0.24s
2026-07-05 03:52:45,633 [DEBUG] [TIME] 6171 balance_sheet: 0.29s
2026-07-05 03:52:45,858 [DEBUG] [TIME] 6171 cashflow: 0.22s
2026-07-05 03:52:46,354 [DEBUG] [TIME] 6171 dividends: 0.50s
2026-07-05 03:52:46,355 [INFO] [DETAIL] 6171 土木管理総合試験所: income_stmt=OK, balance_sheet=OK, cashflow=OK, dividends=OK
2026-07-05 03:52:46,355 [INFO] [TIME] 6171 土木管理総合試験所 処理時間: 1.49s
2026-07-05 03:52:47,972 [DEBUG] [TIME] 6173 info: 0.27s
2026-07-05 03:52:47,972 [WARNING] yfinance データなし: 6173
2026-07-05 03:52:47,973 [INFO] [TIME] 6173 アクアライン 処理時間: 0.27s
2026-07-05 03:52:49,615 [DEBUG] [TIME] 6176 info: 0.25s
2026-07-05 03:52:49,616 [DEBUG] yfinance OK: 6176
2026-07-05 03:52:49,855 [DEBUG] [TIME] 6176 income_stmt: 0.24s
2026-07-05 03:52:50,128 [DEBUG] [TIME] 6176 balance_sheet: 0.27s
2026-07-05 03:52:50,341 [DEBUG] [TIME] 6176 cashflow: 0.21s
2026-07-05 03:52:50,649 [DEBUG] [TIME] 6176 dividends: 0.31s
2026-07-05 03:52:50,650 [INFO] [DETAIL] 6176 ブランジスタ: income_stmt=OK, balance_sheet=OK, cashflow=OK, dividends=OK
2026-07-05 03:52:50,650 [INFO] [TIME] 6176 ブランジスタ 処理時間: 1.29s
2026-07-05 03:52:52,758 [DEBUG] [TIME] 6177 info: 0.24s
2026-07-05 03:52:52,758 [DEBUG] yfinance OK: 6177
2026-07-05 03:52:52,970 [DEBUG] [TIME] 6177 income_stmt: 0.21s
2026-07-05 03:52:53,290 [DEBUG] [TIME] 6177 balance_sheet: 0.32s
2026-07-05 03:52:53,573 [DEBUG] [TIME] 6177 cashflow: 0.28s
2026-07-05 03:52:53,865 [DEBUG] [TIME] 6177 dividends: 0.29s
2026-07-05 03:52:53,865 [INFO] [DETAIL] 6177 ＡｐｐＢａｎｋ: income_stmt=OK, balance_sheet=OK, cashflow=OK, dividends=EMPTY
2026-07-05 03:52:53,865 [INFO] [TIME] 6177 ＡｐｐＢａｎｋ 処理時間: 1.35s
2026-07-05 03:52:55,242 [DEBUG] [TIME] 6178 info: 0.31s
2026-07-05 03:52:55,243 [DEBUG] yfinance OK: 6178
2026-07-05 03:52:55,503 [DEBUG] [TIME] 6178 income_stmt: 0.26s
2026-07-05 03:52:55,772 [DEBUG] [TIME] 6178 balance_sheet: 0.27s
2026-07-05 03:52:55,996 [DEBUG] [TIME] 6178 cashflow: 0.22s
2026-07-05 03:52:56,403 [DEBUG] [TIME] 6178 dividends: 0.41s
2026-07-05 03:52:56,404 [INFO] [DETAIL] 6178 日本郵政: income_stmt=OK, balance_sheet=OK, cashflow=OK, dividends=OK
2026-07-05 03:52:56,404 [INFO] [TIME] 6178 日本郵政 処理時間: 1.47s
2026-07-05 03:52:58,204 [DEBUG] [TIME] 6180 info: 0.24s
2026-07-05 03:52:58,204 [DEBUG] yfinance OK: 6180
2026-07-05 03:52:58,460 [DEBUG] [TIME] 6180 income_stmt: 0.26s
2026-07-05 03:52:58,748 [DEBUG] [TIME] 6180 balance_sheet: 0.29s
2026-07-05 03:52:59,019 [DEBUG] [TIME] 6180 cashflow: 0.27s
2026-07-05 03:52:59,305 [DEBUG] [TIME] 6180 dividends: 0.29s
2026-07-05 03:52:59,306 [INFO] [DETAIL] 6180 ＧＭＯメディア: income_stmt=OK, balance_sheet=OK, cashflow=OK, dividends=OK
2026-07-05 03:52:59,306 [INFO] [TIME] 6180 ＧＭＯメディア 処理時間: 1.35s
2026-07-05 03:53:00,719 [DEBUG] [TIME] 6181 info: 0.24s
2026-07-05 03:53:00,719 [DEBUG] yfinance OK: 6181
2026-07-05 03:53:00,971 [DEBUG] [TIME] 6181 income_stmt: 0.25s
2026-07-05 03:53:01,337 [DEBUG] [TIME] 6181 balance_sheet: 0.36s
2026-07-05 03:53:01,613 [DEBUG] [TIME] 6181 cashflow: 0.28s
2026-07-05 03:53:01,924 [DEBUG] [TIME] 6181 dividends: 0.31s
2026-07-05 03:53:01,924 [INFO] [DETAIL] 6181 タメニー: income_stmt=OK, balance_sheet=OK, cashflow=OK, dividends=EMPTY
2026-07-05 03:53:01,924 [INFO] [TIME] 6181 タメニー 処理時間: 1.45s
2026-07-05 03:53:04,040 [DEBUG] [TIME] 6182 info: 0.25s
2026-07-05 03:53:04,040 [DEBUG] yfinance OK: 6182
2026-07-05 03:53:04,285 [DEBUG] [TIME] 6182 income_stmt: 0.24s
2026-07-05 03:53:04,536 [DEBUG] [TIME] 6182 balance_sheet: 0.25s
2026-07-05 03:53:04,792 [DEBUG] [TIME] 6182 cashflow: 0.26s
2026-07-05 03:53:05,159 [DEBUG] [TIME] 6182 dividends: 0.37s
2026-07-05 03:53:05,160 [INFO] [DETAIL] 6182 メタリアル: income_stmt=OK, balance_sheet=OK, cashflow=OK, dividends=OK
2026-07-05 03:53:05,160 [INFO] [TIME] 6182 メタリアル 処理時間: 1.37s
2026-07-05 03:53:06,705 [DEBUG] [TIME] 6183 info: 0.24s
2026-07-05 03:53:06,705 [DEBUG] yfinance OK: 6183
2026-07-05 03:53:06,935 [DEBUG] [TIME] 6183 income_stmt: 0.23s
2026-07-05 03:53:07,282 [DEBUG] [TIME] 6183 balance_sheet: 0.35s
2026-07-05 03:53:07,525 [DEBUG] [TIME] 6183 cashflow: 0.24s
2026-07-05 03:53:07,981 [DEBUG] [TIME] 6183 dividends: 0.45s
2026-07-05 03:53:07,981 [INFO] [DETAIL] 6183 ベルシステム２４ホールディングス: income_stmt=OK, balance_sheet=OK, cashflow=OK, dividends=OK
2026-07-05 03:53:07,981 [INFO] [TIME] 6183 ベルシステム２４ホールディングス 処理時間: 1.52s
2026-07-05 03:53:09,891 [DEBUG] [TIME] 6184 info: 0.24s
2026-07-05 03:53:09,891 [DEBUG] yfinance OK: 6184
2026-07-05 03:53:10,136 [DEBUG] [TIME] 6184 income_stmt: 0.24s
2026-07-05 03:53:10,504 [DEBUG] [TIME] 6184 balance_sheet: 0.37s
2026-07-05 03:53:10,719 [DEBUG] [TIME] 6184 cashflow: 0.21s
2026-07-05 03:53:11,018 [DEBUG] [TIME] 6184 dividends: 0.30s
2026-07-05 03:53:11,019 [INFO] [DETAIL] 6184 鎌倉新書: income_stmt=OK, balance_sheet=OK, cashflow=OK, dividends=OK
2026-07-05 03:53:11,019 [INFO] [TIME] 6184 鎌倉新書 処理時間: 1.37s
2026-07-05 03:53:12,974 [DEBUG] [TIME] 6185 info: 0.24s
2026-07-05 03:53:12,975 [DEBUG] yfinance OK: 6185
2026-07-05 03:53:13,221 [DEBUG] [TIME] 6185 income_stmt: 0.25s
2026-07-05 03:53:13,509 [DEBUG] [TIME] 6185 balance_sheet: 0.29s
2026-07-05 03:53:13,730 [DEBUG] [TIME] 6185 cashflow: 0.22s
2026-07-05 03:53:14,175 [DEBUG] [TIME] 6185 dividends: 0.44s
2026-07-05 03:53:14,175 [INFO] [DETAIL] 6185 ＳＭＮ: income_stmt=OK, balance_sheet=OK, cashflow=OK, dividends=EMPTY
2026-07-05 03:53:14,176 [INFO] [TIME] 6185 ＳＭＮ 処理時間: 1.44s
2026-07-05 03:53:15,616 [DEBUG] [TIME] 6186 info: 0.25s
2026-07-05 03:53:15,616 [DEBUG] yfinance OK: 6186
2026-07-05 03:53:15,860 [DEBUG] [TIME] 6186 income_stmt: 0.24s
2026-07-05 03:53:16,154 [DEBUG] [TIME] 6186 balance_sheet: 0.29s
2026-07-05 03:53:16,435 [DEBUG] [TIME] 6186 cashflow: 0.28s
2026-07-05 03:53:16,857 [DEBUG] [TIME] 6186 dividends: 0.42s
2026-07-05 03:53:16,858 [INFO] [DETAIL] 6186 一蔵: income_stmt=OK, balance_sheet=OK, cashflow=OK, dividends=OK
2026-07-05 03:53:16,858 [INFO] [TIME] 6186 一蔵 処理時間: 1.49s
2026-07-05 03:53:18,436 [DEBUG] [TIME] 6189 info: 0.24s
2026-07-05 03:53:18,436 [DEBUG] yfinance OK: 6189
2026-07-05 03:53:18,677 [DEBUG] [TIME] 6189 income_stmt: 0.24s
2026-07-05 03:53:18,966 [DEBUG] [TIME] 6189 balance_sheet: 0.29s
2026-07-05 03:53:19,218 [DEBUG] [TIME] 6189 cashflow: 0.25s
2026-07-05 03:53:19,551 [DEBUG] [TIME] 6189 dividends: 0.33s
2026-07-05 03:53:19,552 [INFO] [DETAIL] 6189 グローバルキッズＣＯＭＰＡＮＹ: income_stmt=OK, balance_sheet=OK, cashflow=OK, dividends=OK
2026-07-05 03:53:19,552 [INFO] [TIME] 6189 グローバルキッズＣＯＭＰＡＮＹ 処理時間: 1.36s
2026-07-05 03:53:21,307 [DEBUG] [TIME] 6190 info: 0.25s
2026-07-05 03:53:21,308 [DEBUG] yfinance OK: 6190
2026-07-05 03:53:21,570 [DEBUG] [TIME] 6190 income_stmt: 0.26s
2026-07-05 03:53:21,900 [DEBUG] [TIME] 6190 balance_sheet: 0.33s
2026-07-05 03:53:22,131 [DEBUG] [TIME] 6190 cashflow: 0.23s
2026-07-05 03:53:22,424 [DEBUG] [TIME] 6190 dividends: 0.29s
2026-07-05 03:53:22,424 [INFO] [DETAIL] 6190 フェニックスバイオ: income_stmt=OK, balance_sheet=OK, cashflow=OK, dividends=EMPTY
2026-07-05 03:53:22,424 [INFO] [TIME] 6190 フェニックスバイオ 処理時間: 1.36s
2026-07-05 03:53:24,309 [DEBUG] [TIME] 6191 info: 0.24s
2026-07-05 03:53:24,309 [DEBUG] yfinance OK: 6191
2026-07-05 03:53:24,623 [DEBUG] [TIME] 6191 income_stmt: 0.31s
2026-07-05 03:53:24,933 [DEBUG] [TIME] 6191 balance_sheet: 0.31s
2026-07-05 03:53:25,199 [DEBUG] [TIME] 6191 cashflow: 0.26s
2026-07-05 03:53:25,501 [DEBUG] [TIME] 6191 dividends: 0.30s
2026-07-05 03:53:25,502 [INFO] [DETAIL] 6191 エアトリ: income_stmt=OK, balance_sheet=OK, cashflow=OK, dividends=OK
2026-07-05 03:53:25,502 [INFO] [TIME] 6191 エアトリ 処理時間: 1.44s
2026-07-05 03:53:27,277 [DEBUG] [TIME] 6193 info: 0.24s
2026-07-05 03:53:27,277 [DEBUG] yfinance OK: 6193
2026-07-05 03:53:27,525 [DEBUG] [TIME] 6193 income_stmt: 0.25s
2026-07-05 03:53:27,861 [DEBUG] [TIME] 6193 balance_sheet: 0.34s
2026-07-05 03:53:28,111 [DEBUG] [TIME] 6193 cashflow: 0.25s
2026-07-05 03:53:28,530 [DEBUG] [TIME] 6193 dividends: 0.42s
2026-07-05 03:53:28,530 [INFO] [DETAIL] 6193 バーチャレクス・ホールディングス: income_stmt=OK, balance_sheet=OK, cashflow=OK, dividends=OK
2026-07-05 03:53:28,530 [INFO] [TIME] 6193 バーチャレクス・ホールディングス 処理時間: 1.49s
2026-07-05 03:53:30,014 [DEBUG] [TIME] 6194 info: 0.24s
2026-07-05 03:53:30,014 [DEBUG] yfinance OK: 6194
2026-07-05 03:53:30,254 [DEBUG] [TIME] 6194 income_stmt: 0.24s
2026-07-05 03:53:30,553 [DEBUG] [TIME] 6194 balance_sheet: 0.30s
2026-07-05 03:53:30,775 [DEBUG] [TIME] 6194 cashflow: 0.22s
2026-07-05 03:53:31,099 [DEBUG] [TIME] 6194 dividends: 0.32s
2026-07-05 03:53:31,100 [INFO] [DETAIL] 6194 アトラエ: income_stmt=OK, balance_sheet=OK, cashflow=OK, dividends=OK
2026-07-05 03:53:31,100 [INFO] [TIME] 6194 アトラエ 処理時間: 1.33s
2026-07-05 03:53:33,004 [DEBUG] [TIME] 6195 info: 0.26s
2026-07-05 03:53:33,004 [DEBUG] yfinance OK: 6195
2026-07-05 03:53:33,219 [DEBUG] [TIME] 6195 income_stmt: 0.22s
2026-07-05 03:53:33,511 [DEBUG] [TIME] 6195 balance_sheet: 0.29s
2026-07-05 03:53:33,750 [DEBUG] [TIME] 6195 cashflow: 0.24s
2026-07-05 03:53:34,215 [DEBUG] [TIME] 6195 dividends: 0.46s
2026-07-05 03:53:34,216 [INFO] [DETAIL] 6195 ホープ: income_stmt=OK, balance_sheet=OK, cashflow=OK, dividends=OK
2026-07-05 03:53:34,216 [INFO] [TIME] 6195 ホープ 処理時間: 1.48s
2026-07-05 03:53:35,619 [DEBUG] [TIME] 6196 info: 0.24s
2026-07-05 03:53:35,619 [DEBUG] yfinance OK: 6196
2026-07-05 03:53:35,847 [DEBUG] [TIME] 6196 income_stmt: 0.23s
2026-07-05 03:53:36,062 [DEBUG] [TIME] 6196 balance_sheet: 0.21s
2026-07-05 03:53:36,315 [DEBUG] [TIME] 6196 cashflow: 0.25s
2026-07-05 03:53:36,637 [DEBUG] [TIME] 6196 dividends: 0.32s
2026-07-05 03:53:36,637 [INFO] [DETAIL] 6196 ストライクグループ: income_stmt=OK, balance_sheet=OK, cashflow=OK, dividends=OK
2026-07-05 03:53:36,638 [INFO] [TIME] 6196 ストライクグループ 処理時間: 1.26s
2026-07-05 03:53:38,020 [DEBUG] [TIME] 6197 info: 0.24s
2026-07-05 03:53:38,020 [DEBUG] yfinance OK: 6197
2026-07-05 03:53:38,272 [DEBUG] [TIME] 6197 income_stmt: 0.25s
2026-07-05 03:53:38,569 [DEBUG] [TIME] 6197 balance_sheet: 0.30s
2026-07-05 03:53:38,784 [DEBUG] [TIME] 6197 cashflow: 0.21s
2026-07-05 03:53:39,195 [DEBUG] [TIME] 6197 dividends: 0.41s
2026-07-05 03:53:39,196 [INFO] [DETAIL] 6197 ソラスト: income_stmt=OK, balance_sheet=OK, cashflow=OK, dividends=OK
2026-07-05 03:53:39,196 [INFO] [TIME] 6197 ソラスト 処理時間: 1.42s
2026-07-05 03:53:41,335 [DEBUG] [TIME] 6198 info: 0.25s
2026-07-05 03:53:41,335 [DEBUG] yfinance OK: 6198
2026-07-05 03:53:41,575 [DEBUG] [TIME] 6198 income_stmt: 0.24s
2026-07-05 03:53:41,822 [DEBUG] [TIME] 6198 balance_sheet: 0.25s
2026-07-05 03:53:42,072 [DEBUG] [TIME] 6198 cashflow: 0.25s
2026-07-05 03:53:42,469 [DEBUG] [TIME] 6198 dividends: 0.40s
2026-07-05 03:53:42,470 [INFO] [DETAIL] 6198 キャリア: income_stmt=OK, balance_sheet=OK, cashflow=OK, dividends=OK
2026-07-05 03:53:42,470 [INFO] [TIME] 6198 キャリア 処理時間: 1.39s
2026-07-05 03:53:44,318 [DEBUG] [TIME] 6199 info: 0.25s
2026-07-05 03:53:44,318 [DEBUG] yfinance OK: 6199
2026-07-05 03:53:44,578 [DEBUG] [TIME] 6199 income_stmt: 0.26s
2026-07-05 03:53:44,851 [DEBUG] [TIME] 6199 balance_sheet: 0.27s
2026-07-05 03:53:45,101 [DEBUG] [TIME] 6199 cashflow: 0.25s
2026-07-05 03:53:45,494 [DEBUG] [TIME] 6199 dividends: 0.39s
2026-07-05 03:53:45,494 [INFO] [DETAIL] 6199 セラク: income_stmt=OK, balance_sheet=OK, cashflow=OK, dividends=OK
2026-07-05 03:53:45,494 [INFO] [TIME] 6199 セラク 処理時間: 1.43s
2026-07-05 03:53:47,489 [DEBUG] [TIME] 6200 info: 0.27s
2026-07-05 03:53:47,489 [DEBUG] yfinance OK: 6200
2026-07-05 03:53:47,734 [DEBUG] [TIME] 6200 income_stmt: 0.25s
2026-07-05 03:53:47,980 [DEBUG] [TIME] 6200 balance_sheet: 0.25s
2026-07-05 03:53:48,196 [DEBUG] [TIME] 6200 cashflow: 0.21s
2026-07-05 03:53:48,539 [DEBUG] [TIME] 6200 dividends: 0.34s
2026-07-05 03:53:48,540 [INFO] [DETAIL] 6200 インソース: income_stmt=OK, balance_sheet=OK, cashflow=OK, dividends=OK
2026-07-05 03:53:48,540 [INFO] [TIME] 6200 インソース 処理時間: 1.32s
2026-07-05 03:53:50,561 [DEBUG] [TIME] 6201 info: 0.26s
2026-07-05 03:53:50,561 [WARNING] yfinance データなし: 6201
2026-07-05 03:53:50,561 [INFO] [TIME] 6201 豊田自動織機 処理時間: 0.26s
2026-07-05 03:53:52,116 [DEBUG] [TIME] 6203 info: 0.24s
2026-07-05 03:53:52,116 [DEBUG] yfinance OK: 6203
2026-07-05 03:53:52,366 [DEBUG] [TIME] 6203 income_stmt: 0.25s
2026-07-05 03:53:52,650 [DEBUG] [TIME] 6203 balance_sheet: 0.28s
2026-07-05 03:53:52,885 [DEBUG] [TIME] 6203 cashflow: 0.23s
2026-07-05 03:53:53,593 [DEBUG] [TIME] 6203 dividends: 0.71s
2026-07-05 03:53:53,594 [INFO] [DETAIL] 6203 豊和工業: income_stmt=OK, balance_sheet=OK, cashflow=OK, dividends=OK
2026-07-05 03:53:53,594 [INFO] [TIME] 6203 豊和工業 処理時間: 1.72s
2026-07-05 03:53:55,231 [DEBUG] [TIME] 6208 info: 0.24s
2026-07-05 03:53:55,231 [DEBUG] yfinance OK: 6208
2026-07-05 03:53:55,569 [DEBUG] [TIME] 6208 income_stmt: 0.34s
2026-07-05 03:53:55,858 [DEBUG] [TIME] 6208 balance_sheet: 0.29s
2026-07-05 03:53:56,092 [DEBUG] [TIME] 6208 cashflow: 0.23s
2026-07-05 03:53:56,676 [DEBUG] [TIME] 6208 dividends: 0.58s
2026-07-05 03:53:56,676 [INFO] [DETAIL] 6208 石川製作所: income_stmt=OK, balance_sheet=OK, cashflow=OK, dividends=OK
2026-07-05 03:53:56,676 [INFO] [TIME] 6208 石川製作所 処理時間: 1.68s
2026-07-05 03:53:57,944 [DEBUG] [TIME] 6209 info: 0.24s
2026-07-05 03:53:57,944 [DEBUG] yfinance OK: 6209
2026-07-05 03:53:58,186 [DEBUG] [TIME] 6209 income_stmt: 0.24s
2026-07-05 03:53:58,456 [DEBUG] [TIME] 6209 balance_sheet: 0.27s
2026-07-05 03:53:58,710 [DEBUG] [TIME] 6209 cashflow: 0.25s
2026-07-05 03:53:58,995 [DEBUG] [TIME] 6209 dividends: 0.28s
2026-07-05 03:53:58,996 [INFO] [DETAIL] 6209 リケンＮＰＲ: income_stmt=OK, balance_sheet=OK, cashflow=OK, dividends=OK
2026-07-05 03:53:58,996 [INFO] [TIME] 6209 リケンＮＰＲ 処理時間: 1.29s
2026-07-05 03:54:00,939 [DEBUG] [TIME] 6217 info: 0.25s
2026-07-05 03:54:00,939 [DEBUG] yfinance OK: 6217
2026-07-05 03:54:01,175 [DEBUG] [TIME] 6217 income_stmt: 0.24s
2026-07-05 03:54:01,478 [DEBUG] [TIME] 6217 balance_sheet: 0.30s
2026-07-05 03:54:01,710 [DEBUG] [TIME] 6217 cashflow: 0.23s
2026-07-05 03:54:02,281 [DEBUG] [TIME] 6217 dividends: 0.57s
2026-07-05 03:54:02,282 [INFO] [DETAIL] 6217 津田駒工業: income_stmt=OK, balance_sheet=OK, cashflow=OK, dividends=OK
2026-07-05 03:54:02,282 [INFO] [TIME] 6217 津田駒工業 処理時間: 1.59s
2026-07-05 03:54:03,805 [DEBUG] [TIME] 6218 info: 0.25s
2026-07-05 03:54:03,805 [DEBUG] yfinance OK: 6218
2026-07-05 03:54:04,066 [DEBUG] [TIME] 6218 income_stmt: 0.26s
2026-07-05 03:54:04,365 [DEBUG] [TIME] 6218 balance_sheet: 0.30s
2026-07-05 03:54:04,645 [DEBUG] [TIME] 6218 cashflow: 0.28s
2026-07-05 03:54:05,004 [DEBUG] [TIME] 6218 dividends: 0.36s
2026-07-05 03:54:05,004 [INFO] [DETAIL] 6218 エンシュウ: income_stmt=OK, balance_sheet=OK, cashflow=OK, dividends=OK
2026-07-05 03:54:05,004 [INFO] [TIME] 6218 エンシュウ 処理時間: 1.45s
2026-07-05 03:54:07,054 [DEBUG] [TIME] 6222 info: 0.24s
2026-07-05 03:54:07,054 [DEBUG] yfinance OK: 6222
2026-07-05 03:54:07,289 [DEBUG] [TIME] 6222 income_stmt: 0.23s
2026-07-05 03:54:07,603 [DEBUG] [TIME] 6222 balance_sheet: 0.31s
2026-07-05 03:54:07,844 [DEBUG] [TIME] 6222 cashflow: 0.24s
2026-07-05 03:54:08,552 [DEBUG] [TIME] 6222 dividends: 0.71s
2026-07-05 03:54:08,553 [INFO] [DETAIL] 6222 島精機製作所: income_stmt=OK, balance_sheet=OK, cashflow=OK, dividends=OK
2026-07-05 03:54:08,553 [INFO] [TIME] 6222 島精機製作所 処理時間: 1.74s
2026-07-05 03:54:09,951 [DEBUG] [TIME] 6223 info: 0.24s
2026-07-05 03:54:09,951 [DEBUG] yfinance OK: 6223
2026-07-05 03:54:10,198 [DEBUG] [TIME] 6223 income_stmt: 0.25s
2026-07-05 03:54:10,550 [DEBUG] [TIME] 6223 balance_sheet: 0.35s
2026-07-05 03:54:10,827 [DEBUG] [TIME] 6223 cashflow: 0.28s
2026-07-05 03:54:11,020 [DEBUG] [TIME] 6223 dividends: 0.19s
2026-07-05 03:54:11,020 [INFO] [DETAIL] 6223 西部技研: income_stmt=OK, balance_sheet=OK, cashflow=OK, dividends=OK
2026-07-05 03:54:11,020 [INFO] [TIME] 6223 西部技研 処理時間: 1.31s
2026-07-05 03:54:12,639 [DEBUG] [TIME] 6224 info: 0.24s
2026-07-05 03:54:12,639 [DEBUG] yfinance OK: 6224
2026-07-05 03:54:12,893 [DEBUG] [TIME] 6224 income_stmt: 0.25s
2026-07-05 03:54:13,201 [DEBUG] [TIME] 6224 balance_sheet: 0.31s
2026-07-05 03:54:13,445 [DEBUG] [TIME] 6224 cashflow: 0.24s
2026-07-05 03:54:13,731 [DEBUG] [TIME] 6224 dividends: 0.29s
2026-07-05 03:54:13,732 [INFO] [DETAIL] 6224 ＪＲＣ: income_stmt=OK, balance_sheet=OK, cashflow=OK, dividends=OK
2026-07-05 03:54:13,732 [INFO] [TIME] 6224 ＪＲＣ 処理時間: 1.34s
2026-07-05 03:54:15,863 [DEBUG] [TIME] 6226 info: 0.31s
2026-07-05 03:54:15,863 [DEBUG] yfinance OK: 6226
2026-07-05 03:54:16,111 [DEBUG] [TIME] 6226 income_stmt: 0.25s
2026-07-05 03:54:16,438 [DEBUG] [TIME] 6226 balance_sheet: 0.33s
2026-07-05 03:54:16,733 [DEBUG] [TIME] 6226 cashflow: 0.29s
2026-07-05 03:54:16,994 [DEBUG] [TIME] 6226 dividends: 0.26s
2026-07-05 03:54:16,995 [INFO] [DETAIL] 6226 守谷輸送機工業: income_stmt=OK, balance_sheet=OK, cashflow=OK, dividends=OK
2026-07-05 03:54:16,995 [INFO] [TIME] 6226 守谷輸送機工業 処理時間: 1.44s
2026-07-05 03:54:18,451 [DEBUG] [TIME] 6227 info: 0.24s
2026-07-05 03:54:18,451 [DEBUG] yfinance OK: 6227
2026-07-05 03:54:18,691 [DEBUG] [TIME] 6227 income_stmt: 0.24s
2026-07-05 03:54:18,928 [DEBUG] [TIME] 6227 balance_sheet: 0.24s
2026-07-05 03:54:19,163 [DEBUG] [TIME] 6227 cashflow: 0.23s
2026-07-05 03:54:19,490 [DEBUG] [TIME] 6227 dividends: 0.33s
2026-07-05 03:54:19,490 [INFO] [DETAIL] 6227 ＡＩメカテック: income_stmt=OK, balance_sheet=OK, cashflow=OK, dividends=OK
2026-07-05 03:54:19,490 [INFO] [TIME] 6227 ＡＩメカテック 処理時間: 1.28s
2026-07-05 03:54:20,858 [DEBUG] [TIME] 6228 info: 0.24s
2026-07-05 03:54:20,858 [DEBUG] yfinance OK: 6228
2026-07-05 03:54:21,100 [DEBUG] [TIME] 6228 income_stmt: 0.24s
2026-07-05 03:54:21,405 [DEBUG] [TIME] 6228 balance_sheet: 0.30s
2026-07-05 03:54:21,657 [DEBUG] [TIME] 6228 cashflow: 0.25s
2026-07-05 03:54:21,940 [DEBUG] [TIME] 6228 dividends: 0.28s
2026-07-05 03:54:21,941 [INFO] [DETAIL] 6228 ジェイ・イー・ティ: income_stmt=OK, balance_sheet=OK, cashflow=OK, dividends=OK
2026-07-05 03:54:21,941 [INFO] [TIME] 6228 ジェイ・イー・ティ 処理時間: 1.32s
2026-07-05 03:54:24,101 [DEBUG] [TIME] 6229 info: 0.24s
2026-07-05 03:54:24,101 [DEBUG] yfinance OK: 6229
2026-07-05 03:54:24,340 [DEBUG] [TIME] 6229 income_stmt: 0.24s
2026-07-05 03:54:24,666 [DEBUG] [TIME] 6229 balance_sheet: 0.33s
2026-07-05 03:54:24,923 [DEBUG] [TIME] 6229 cashflow: 0.26s
2026-07-05 03:54:25,264 [DEBUG] [TIME] 6229 dividends: 0.34s
2026-07-05 03:54:25,265 [INFO] [DETAIL] 6229 オーケーエム: income_stmt=OK, balance_sheet=OK, cashflow=OK, dividends=OK
2026-07-05 03:54:25,265 [INFO] [TIME] 6229 オーケーエム 処理時間: 1.40s
2026-07-05 03:54:26,924 [DEBUG] [TIME] 6230 info: 0.24s
2026-07-05 03:54:26,924 [DEBUG] yfinance OK: 6230
2026-07-05 03:54:27,173 [DEBUG] [TIME] 6230 income_stmt: 0.25s
2026-07-05 03:54:27,461 [DEBUG] [TIME] 6230 balance_sheet: 0.29s
2026-07-05 03:54:27,730 [DEBUG] [TIME] 6230 cashflow: 0.27s
2026-07-05 03:54:28,025 [DEBUG] [TIME] 6230 dividends: 0.29s
2026-07-05 03:54:28,026 [INFO] [DETAIL] 6230 ＳＡＮＥＩ: income_stmt=OK, balance_sheet=OK, cashflow=OK, dividends=OK
2026-07-05 03:54:28,026 [INFO] [TIME] 6230 ＳＡＮＥＩ 処理時間: 1.34s
2026-07-05 03:54:29,344 [DEBUG] [TIME] 6231 info: 0.24s
2026-07-05 03:54:29,344 [DEBUG] yfinance OK: 6231
2026-07-05 03:54:29,582 [DEBUG] [TIME] 6231 income_stmt: 0.24s
2026-07-05 03:54:29,873 [DEBUG] [TIME] 6231 balance_sheet: 0.29s
2026-07-05 03:54:30,117 [DEBUG] [TIME] 6231 cashflow: 0.24s
2026-07-05 03:54:30,502 [DEBUG] [TIME] 6231 dividends: 0.38s
2026-07-05 03:54:30,503 [INFO] [DETAIL] 6231 木村工機: income_stmt=OK, balance_sheet=OK, cashflow=OK, dividends=OK
2026-07-05 03:54:30,503 [INFO] [TIME] 6231 木村工機 処理時間: 1.39s
2026-07-05 03:54:32,347 [DEBUG] [TIME] 6232 info: 0.25s
2026-07-05 03:54:32,347 [DEBUG] yfinance OK: 6232
2026-07-05 03:54:32,593 [DEBUG] [TIME] 6232 income_stmt: 0.25s
2026-07-05 03:54:32,882 [DEBUG] [TIME] 6232 balance_sheet: 0.29s
2026-07-05 03:54:33,126 [DEBUG] [TIME] 6232 cashflow: 0.24s
2026-07-05 03:54:33,457 [DEBUG] [TIME] 6232 dividends: 0.33s
2026-07-05 03:54:33,457 [INFO] [DETAIL] 6232 ＡＣＳＬ: income_stmt=OK, balance_sheet=OK, cashflow=OK, dividends=EMPTY
2026-07-05 03:54:33,457 [INFO] [TIME] 6232 ＡＣＳＬ 処理時間: 1.36s
2026-07-05 03:54:35,029 [DEBUG] [TIME] 6233 info: 0.25s
2026-07-05 03:54:35,029 [DEBUG] yfinance OK: 6233
2026-07-05 03:54:35,261 [DEBUG] [TIME] 6233 income_stmt: 0.23s
2026-07-05 03:54:35,584 [DEBUG] [TIME] 6233 balance_sheet: 0.32s
2026-07-05 03:54:35,856 [DEBUG] [TIME] 6233 cashflow: 0.27s
2026-07-05 03:54:36,253 [DEBUG] [TIME] 6233 dividends: 0.40s
2026-07-05 03:54:36,254 [INFO] [DETAIL] 6233 ＫＬＡＳＳ: income_stmt=OK, balance_sheet=OK, cashflow=OK, dividends=OK
2026-07-05 03:54:36,254 [INFO] [TIME] 6233 ＫＬＡＳＳ 処理時間: 1.47s
2026-07-05 03:54:37,942 [DEBUG] [TIME] 6235 info: 0.24s
2026-07-05 03:54:37,942 [DEBUG] yfinance OK: 6235
2026-07-05 03:54:38,197 [DEBUG] [TIME] 6235 income_stmt: 0.25s
2026-07-05 03:54:38,494 [DEBUG] [TIME] 6235 balance_sheet: 0.30s
2026-07-05 03:54:38,752 [DEBUG] [TIME] 6235 cashflow: 0.26s
2026-07-05 03:54:39,087 [DEBUG] [TIME] 6235 dividends: 0.33s
2026-07-05 03:54:39,088 [INFO] [DETAIL] 6235 オプトラン: income_stmt=OK, balance_sheet=OK, cashflow=OK, dividends=OK
2026-07-05 03:54:39,088 [INFO] [TIME] 6235 オプトラン 処理時間: 1.39s
2026-07-05 03:54:41,051 [DEBUG] [TIME] 6237 info: 0.24s
2026-07-05 03:54:41,051 [DEBUG] yfinance OK: 6237
2026-07-05 03:54:41,295 [DEBUG] [TIME] 6237 income_stmt: 0.24s
2026-07-05 03:54:41,542 [DEBUG] [TIME] 6237 balance_sheet: 0.25s
2026-07-05 03:54:41,815 [DEBUG] [TIME] 6237 cashflow: 0.27s
2026-07-05 03:54:42,234 [DEBUG] [TIME] 6237 dividends: 0.42s
2026-07-05 03:54:42,235 [INFO] [DETAIL] 6237 イワキポンプ: income_stmt=OK, balance_sheet=OK, cashflow=OK, dividends=OK
2026-07-05 03:54:42,235 [INFO] [TIME] 6237 イワキポンプ 処理時間: 1.43s
2026-07-05 03:54:44,433 [DEBUG] [TIME] 6238 info: 0.24s
2026-07-05 03:54:44,433 [DEBUG] yfinance OK: 6238
2026-07-05 03:54:44,680 [DEBUG] [TIME] 6238 income_stmt: 0.25s
2026-07-05 03:54:44,969 [DEBUG] [TIME] 6238 balance_sheet: 0.29s
2026-07-05 03:54:45,212 [DEBUG] [TIME] 6238 cashflow: 0.24s
2026-07-05 03:54:45,505 [DEBUG] [TIME] 6238 dividends: 0.29s
2026-07-05 03:54:45,505 [INFO] [DETAIL] 6238 フリュー: income_stmt=OK, balance_sheet=OK, cashflow=OK, dividends=OK
2026-07-05 03:54:45,505 [INFO] [TIME] 6238 フリュー 処理時間: 1.31s
2026-07-05 03:54:46,946 [DEBUG] [TIME] 6239 info: 0.25s
2026-07-05 03:54:46,946 [DEBUG] yfinance OK: 6239
2026-07-05 03:54:47,181 [DEBUG] [TIME] 6239 income_stmt: 0.23s
2026-07-05 03:54:47,524 [DEBUG] [TIME] 6239 balance_sheet: 0.34s
2026-07-05 03:54:47,741 [DEBUG] [TIME] 6239 cashflow: 0.22s
2026-07-05 03:54:48,148 [DEBUG] [TIME] 6239 dividends: 0.41s
2026-07-05 03:54:48,148 [INFO] [DETAIL] 6239 ナガオカ: income_stmt=OK, balance_sheet=OK, cashflow=OK, dividends=OK
2026-07-05 03:54:48,148 [INFO] [TIME] 6239 ナガオカ 処理時間: 1.45s
2026-07-05 03:54:50,138 [DEBUG] [TIME] 6240 info: 0.24s
2026-07-05 03:54:50,138 [DEBUG] yfinance OK: 6240
2026-07-05 03:54:50,385 [DEBUG] [TIME] 6240 income_stmt: 0.25s
2026-07-05 03:54:50,685 [DEBUG] [TIME] 6240 balance_sheet: 0.30s
2026-07-05 03:54:50,933 [DEBUG] [TIME] 6240 cashflow: 0.25s
2026-07-05 03:54:51,246 [DEBUG] [TIME] 6240 dividends: 0.31s
2026-07-05 03:54:51,247 [INFO] [DETAIL] 6240 ヤマシンフィルタ: income_stmt=OK, balance_sheet=OK, cashflow=OK, dividends=OK
2026-07-05 03:54:51,247 [INFO] [TIME] 6240 ヤマシンフィルタ 処理時間: 1.35s
2026-07-05 03:54:52,682 [DEBUG] [TIME] 6245 info: 0.24s
2026-07-05 03:54:52,683 [DEBUG] yfinance OK: 6245
2026-07-05 03:54:52,937 [DEBUG] [TIME] 6245 income_stmt: 0.25s
2026-07-05 03:54:53,219 [DEBUG] [TIME] 6245 balance_sheet: 0.28s
2026-07-05 03:54:53,465 [DEBUG] [TIME] 6245 cashflow: 0.24s
2026-07-05 03:54:53,969 [DEBUG] [TIME] 6245 dividends: 0.50s
2026-07-05 03:54:53,970 [INFO] [DETAIL] 6245 ヒラノテクシード: income_stmt=OK, balance_sheet=OK, cashflow=OK, dividends=OK
2026-07-05 03:54:53,970 [INFO] [TIME] 6245 ヒラノテクシード 処理時間: 1.53s
2026-07-05 03:54:55,280 [DEBUG] [TIME] 6246 info: 0.24s
2026-07-05 03:54:55,281 [DEBUG] yfinance OK: 6246
2026-07-05 03:54:55,509 [DEBUG] [TIME] 6246 income_stmt: 0.23s
2026-07-05 03:54:55,794 [DEBUG] [TIME] 6246 balance_sheet: 0.28s
2026-07-05 03:54:55,986 [DEBUG] [TIME] 6246 cashflow: 0.19s
2026-07-05 03:54:56,459 [DEBUG] [TIME] 6246 dividends: 0.47s
2026-07-05 03:54:56,460 [INFO] [DETAIL] 6246 テクノスマート: income_stmt=OK, balance_sheet=OK, cashflow=OK, dividends=OK
2026-07-05 03:54:56,460 [INFO] [TIME] 6246 テクノスマート 処理時間: 1.42s
2026-07-05 03:54:58,564 [DEBUG] [TIME] 6247 info: 0.24s
2026-07-05 03:54:58,564 [DEBUG] yfinance OK: 6247
2026-07-05 03:54:58,811 [DEBUG] [TIME] 6247 income_stmt: 0.25s
2026-07-05 03:54:59,081 [DEBUG] [TIME] 6247 balance_sheet: 0.27s
2026-07-05 03:54:59,309 [DEBUG] [TIME] 6247 cashflow: 0.23s
2026-07-05 03:54:59,983 [DEBUG] [TIME] 6247 dividends: 0.67s
2026-07-05 03:54:59,984 [INFO] [DETAIL] 6247 日阪製作所: income_stmt=OK, balance_sheet=OK, cashflow=OK, dividends=OK
2026-07-05 03:54:59,984 [INFO] [TIME] 6247 日阪製作所 処理時間: 1.66s
2026-07-05 03:55:02,101 [DEBUG] [TIME] 6248 info: 0.26s
2026-07-05 03:55:02,101 [DEBUG] yfinance OK: 6248
2026-07-05 03:55:02,324 [DEBUG] [TIME] 6248 income_stmt: 0.22s
2026-07-05 03:55:02,572 [DEBUG] [TIME] 6248 balance_sheet: 0.25s
2026-07-05 03:55:02,783 [DEBUG] [TIME] 6248 cashflow: 0.21s
2026-07-05 03:55:03,099 [DEBUG] [TIME] 6248 dividends: 0.32s
2026-07-05 03:55:03,100 [INFO] [DETAIL] 6248 横田製作所: income_stmt=OK, balance_sheet=OK, cashflow=OK, dividends=OK
2026-07-05 03:55:03,100 [INFO] [TIME] 6248 横田製作所 処理時間: 1.26s
2026-07-05 03:55:05,278 [DEBUG] [TIME] 6249 info: 0.25s
2026-07-05 03:55:05,278 [DEBUG] yfinance OK: 6249
2026-07-05 03:55:05,524 [DEBUG] [TIME] 6249 income_stmt: 0.25s
2026-07-05 03:55:05,778 [DEBUG] [TIME] 6249 balance_sheet: 0.25s
2026-07-05 03:55:06,028 [DEBUG] [TIME] 6249 cashflow: 0.25s
2026-07-05 03:55:06,620 [DEBUG] [TIME] 6249 dividends: 0.59s
2026-07-05 03:55:06,621 [INFO] [DETAIL] 6249 ゲームカードホールディングス: income_stmt=OK, balance_sheet=OK, cashflow=OK, dividends=OK
2026-07-05 03:55:06,621 [INFO] [TIME] 6249 ゲームカードホールディングス 処理時間: 1.60s
2026-07-05 03:55:08,425 [DEBUG] [TIME] 6250 info: 0.24s
2026-07-05 03:55:08,425 [DEBUG] yfinance OK: 6250
2026-07-05 03:55:08,665 [DEBUG] [TIME] 6250 income_stmt: 0.24s
2026-07-05 03:55:08,960 [DEBUG] [TIME] 6250 balance_sheet: 0.29s
2026-07-05 03:55:09,221 [DEBUG] [TIME] 6250 cashflow: 0.26s
2026-07-05 03:55:09,617 [DEBUG] [TIME] 6250 dividends: 0.40s
2026-07-05 03:55:09,617 [INFO] [DETAIL] 6250 やまびこ: income_stmt=OK, balance_sheet=OK, cashflow=OK, dividends=OK
2026-07-05 03:55:09,617 [INFO] [TIME] 6250 やまびこ 処理時間: 1.44s
2026-07-05 03:55:11,096 [DEBUG] [TIME] 6254 info: 0.24s
2026-07-05 03:55:11,096 [DEBUG] yfinance OK: 6254
2026-07-05 03:55:11,340 [DEBUG] [TIME] 6254 income_stmt: 0.24s
2026-07-05 03:55:11,594 [DEBUG] [TIME] 6254 balance_sheet: 0.25s
2026-07-05 03:55:11,839 [DEBUG] [TIME] 6254 cashflow: 0.24s
2026-07-05 03:55:12,341 [DEBUG] [TIME] 6254 dividends: 0.50s
2026-07-05 03:55:12,342 [INFO] [DETAIL] 6254 野村マイクロ・サイエンス: income_stmt=OK, balance_sheet=OK, cashflow=OK, dividends=OK
2026-07-05 03:55:12,342 [INFO] [TIME] 6254 野村マイクロ・サイエンス 処理時間: 1.49s
2026-07-05 03:55:13,731 [DEBUG] [TIME] 6255 info: 0.24s
2026-07-05 03:55:13,731 [DEBUG] yfinance OK: 6255
2026-07-05 03:55:13,965 [DEBUG] [TIME] 6255 income_stmt: 0.23s
2026-07-05 03:55:14,182 [DEBUG] [TIME] 6255 balance_sheet: 0.22s
2026-07-05 03:55:14,407 [DEBUG] [TIME] 6255 cashflow: 0.22s
2026-07-05 03:55:14,769 [DEBUG] [TIME] 6255 dividends: 0.36s
2026-07-05 03:55:14,770 [INFO] [DETAIL] 6255 エヌ・ピー・シー: income_stmt=OK, balance_sheet=OK, cashflow=OK, dividends=OK
2026-07-05 03:55:14,770 [INFO] [TIME] 6255 エヌ・ピー・シー 処理時間: 1.28s
2026-07-05 03:55:16,704 [DEBUG] [TIME] 6257 info: 0.23s
2026-07-05 03:55:16,704 [DEBUG] yfinance OK: 6257
2026-07-05 03:55:16,958 [DEBUG] [TIME] 6257 income_stmt: 0.25s
2026-07-05 03:55:17,241 [DEBUG] [TIME] 6257 balance_sheet: 0.28s
2026-07-05 03:55:17,471 [DEBUG] [TIME] 6257 cashflow: 0.23s
2026-07-05 03:55:17,954 [DEBUG] [TIME] 6257 dividends: 0.48s
2026-07-05 03:55:17,955 [INFO] [DETAIL] 6257 藤商事: income_stmt=OK, balance_sheet=OK, cashflow=OK, dividends=OK
2026-07-05 03:55:17,955 [INFO] [TIME] 6257 藤商事 処理時間: 1.48s
2026-07-05 03:55:19,612 [DEBUG] [TIME] 6258 info: 0.24s
2026-07-05 03:55:19,612 [DEBUG] yfinance OK: 6258
2026-07-05 03:55:19,854 [DEBUG] [TIME] 6258 income_stmt: 0.24s
2026-07-05 03:55:20,113 [DEBUG] [TIME] 6258 balance_sheet: 0.26s
2026-07-05 03:55:20,304 [DEBUG] [TIME] 6258 cashflow: 0.19s
2026-07-05 03:55:20,769 [DEBUG] [TIME] 6258 dividends: 0.46s
2026-07-05 03:55:20,770 [INFO] [DETAIL] 6258 平田機工: income_stmt=OK, balance_sheet=OK, cashflow=OK, dividends=OK
2026-07-05 03:55:20,770 [INFO] [TIME] 6258 平田機工 処理時間: 1.40s
2026-07-05 03:55:22,652 [DEBUG] [TIME] 6262 info: 0.24s
2026-07-05 03:55:22,652 [DEBUG] yfinance OK: 6262
2026-07-05 03:55:22,897 [DEBUG] [TIME] 6262 income_stmt: 0.25s
2026-07-05 03:55:23,196 [DEBUG] [TIME] 6262 balance_sheet: 0.30s
2026-07-05 03:55:23,401 [DEBUG] [TIME] 6262 cashflow: 0.20s
2026-07-05 03:55:23,885 [DEBUG] [TIME] 6262 dividends: 0.48s
2026-07-05 03:55:23,886 [INFO] [DETAIL] 6262 ＰＥＧＡＳＵＳ: income_stmt=OK, balance_sheet=OK, cashflow=OK, dividends=OK
2026-07-05 03:55:23,886 [INFO] [TIME] 6262 ＰＥＧＡＳＵＳ 処理時間: 1.48s
2026-07-05 03:55:25,625 [DEBUG] [TIME] 6264 info: 0.28s
2026-07-05 03:55:25,625 [DEBUG] yfinance OK: 6264
2026-07-05 03:55:25,896 [DEBUG] [TIME] 6264 income_stmt: 0.27s
2026-07-05 03:55:26,183 [DEBUG] [TIME] 6264 balance_sheet: 0.29s
2026-07-05 03:55:26,440 [DEBUG] [TIME] 6264 cashflow: 0.26s
2026-07-05 03:55:26,823 [DEBUG] [TIME] 6264 dividends: 0.38s
2026-07-05 03:55:26,824 [INFO] [DETAIL] 6264 マルマエ: income_stmt=OK, balance_sheet=OK, cashflow=OK, dividends=OK
2026-07-05 03:55:26,824 [INFO] [TIME] 6264 マルマエ 処理時間: 1.48s
2026-07-05 03:55:28,416 [DEBUG] [TIME] 6265 info: 0.24s
2026-07-05 03:55:28,416 [DEBUG] yfinance OK: 6265
2026-07-05 03:55:28,652 [DEBUG] [TIME] 6265 income_stmt: 0.24s
2026-07-05 03:55:28,952 [DEBUG] [TIME] 6265 balance_sheet: 0.30s
2026-07-05 03:55:29,191 [DEBUG] [TIME] 6265 cashflow: 0.24s
2026-07-05 03:55:29,679 [DEBUG] [TIME] 6265 dividends: 0.49s
2026-07-05 03:55:29,680 [INFO] [DETAIL] 6265 コンバム: income_stmt=OK, balance_sheet=OK, cashflow=OK, dividends=OK
2026-07-05 03:55:29,680 [INFO] [TIME] 6265 コンバム 処理時間: 1.50s
2026-07-05 03:55:31,475 [DEBUG] [TIME] 6266 info: 0.24s
2026-07-05 03:55:31,475 [DEBUG] yfinance OK: 6266
2026-07-05 03:55:31,712 [DEBUG] [TIME] 6266 income_stmt: 0.24s
2026-07-05 03:55:32,006 [DEBUG] [TIME] 6266 balance_sheet: 0.29s
2026-07-05 03:55:32,272 [DEBUG] [TIME] 6266 cashflow: 0.27s
2026-07-05 03:55:32,717 [DEBUG] [TIME] 6266 dividends: 0.44s
2026-07-05 03:55:32,718 [INFO] [DETAIL] 6266 タツモ: income_stmt=OK, balance_sheet=OK, cashflow=OK, dividends=OK
2026-07-05 03:55:32,718 [INFO] [TIME] 6266 タツモ 処理時間: 1.49s
2026-07-05 03:55:34,734 [DEBUG] [TIME] 6267 info: 0.25s
2026-07-05 03:55:34,734 [DEBUG] yfinance OK: 6267
2026-07-05 03:55:34,967 [DEBUG] [TIME] 6267 income_stmt: 0.23s
2026-07-05 03:55:35,212 [DEBUG] [TIME] 6267 balance_sheet: 0.24s
2026-07-05 03:55:35,460 [DEBUG] [TIME] 6267 cashflow: 0.25s
2026-07-05 03:55:35,978 [DEBUG] [TIME] 6267 dividends: 0.52s
2026-07-05 03:55:35,978 [INFO] [DETAIL] 6267 ゼネラルパッカー: income_stmt=OK, balance_sheet=OK, cashflow=OK, dividends=OK
2026-07-05 03:55:35,978 [INFO] [TIME] 6267 ゼネラルパッカー 処理時間: 1.49s
2026-07-05 03:55:37,633 [DEBUG] [TIME] 6268 info: 0.24s
2026-07-05 03:55:37,633 [DEBUG] yfinance OK: 6268
2026-07-05 03:55:37,876 [DEBUG] [TIME] 6268 income_stmt: 0.24s
2026-07-05 03:55:38,171 [DEBUG] [TIME] 6268 balance_sheet: 0.29s
2026-07-05 03:55:38,416 [DEBUG] [TIME] 6268 cashflow: 0.24s
2026-07-05 03:55:38,966 [DEBUG] [TIME] 6268 dividends: 0.55s
2026-07-05 03:55:38,966 [INFO] [DETAIL] 6268 ナブテスコ: income_stmt=OK, balance_sheet=OK, cashflow=OK, dividends=OK
2026-07-05 03:55:38,966 [INFO] [TIME] 6268 ナブテスコ 処理時間: 1.57s
2026-07-05 03:55:41,171 [DEBUG] [TIME] 6269 info: 0.23s
2026-07-05 03:55:41,171 [DEBUG] yfinance OK: 6269
2026-07-05 03:55:41,411 [DEBUG] [TIME] 6269 income_stmt: 0.24s
2026-07-05 03:55:41,695 [DEBUG] [TIME] 6269 balance_sheet: 0.28s
2026-07-05 03:55:41,952 [DEBUG] [TIME] 6269 cashflow: 0.26s
2026-07-05 03:55:42,537 [DEBUG] [TIME] 6269 dividends: 0.58s
2026-07-05 03:55:42,538 [INFO] [DETAIL] 6269 三井海洋開発: income_stmt=OK, balance_sheet=OK, cashflow=OK, dividends=OK
2026-07-05 03:55:42,538 [INFO] [TIME] 6269 三井海洋開発 処理時間: 1.60s
2026-07-05 03:55:44,580 [DEBUG] [TIME] 6272 info: 0.24s
2026-07-05 03:55:44,580 [DEBUG] yfinance OK: 6272
2026-07-05 03:55:44,846 [DEBUG] [TIME] 6272 income_stmt: 0.27s
2026-07-05 03:55:45,127 [DEBUG] [TIME] 6272 balance_sheet: 0.28s
2026-07-05 03:55:45,323 [DEBUG] [TIME] 6272 cashflow: 0.20s
2026-07-05 03:55:45,707 [DEBUG] [TIME] 6272 dividends: 0.38s
2026-07-05 03:55:45,708 [INFO] [DETAIL] 6272 レオン自動機: income_stmt=OK, balance_sheet=OK, cashflow=OK, dividends=OK
2026-07-05 03:55:45,708 [INFO] [TIME] 6272 レオン自動機 処理時間: 1.37s
2026-07-05 03:55:47,352 [DEBUG] [TIME] 6273 info: 0.23s
2026-07-05 03:55:47,352 [DEBUG] yfinance OK: 6273
2026-07-05 03:55:47,597 [DEBUG] [TIME] 6273 income_stmt: 0.24s
2026-07-05 03:55:47,889 [DEBUG] [TIME] 6273 balance_sheet: 0.29s
2026-07-05 03:55:48,185 [DEBUG] [TIME] 6273 cashflow: 0.30s
2026-07-05 03:55:48,688 [DEBUG] [TIME] 6273 dividends: 0.50s
2026-07-05 03:55:48,689 [INFO] [DETAIL] 6273 ＳＭＣ: income_stmt=OK, balance_sheet=OK, cashflow=OK, dividends=OK
2026-07-05 03:55:48,689 [INFO] [TIME] 6273 ＳＭＣ 処理時間: 1.57s
2026-07-05 03:55:50,687 [DEBUG] [TIME] 6276 info: 0.25s
2026-07-05 03:55:50,687 [DEBUG] yfinance OK: 6276
2026-07-05 03:55:50,933 [DEBUG] [TIME] 6276 income_stmt: 0.25s
2026-07-05 03:55:51,223 [DEBUG] [TIME] 6276 balance_sheet: 0.29s
2026-07-05 03:55:51,468 [DEBUG] [TIME] 6276 cashflow: 0.24s
2026-07-05 03:55:51,951 [DEBUG] [TIME] 6276 dividends: 0.48s
2026-07-05 03:55:51,952 [INFO] [DETAIL] 6276 シリウスビジョン: income_stmt=OK, balance_sheet=OK, cashflow=OK, dividends=OK
2026-07-05 03:55:51,952 [INFO] [TIME] 6276 シリウスビジョン 処理時間: 1.52s
2026-07-05 03:55:54,211 [DEBUG] [TIME] 6277 info: 0.26s
2026-07-05 03:55:54,211 [DEBUG] yfinance OK: 6277
2026-07-05 03:55:54,465 [DEBUG] [TIME] 6277 income_stmt: 0.25s
2026-07-05 03:55:54,724 [DEBUG] [TIME] 6277 balance_sheet: 0.26s
2026-07-05 03:55:54,964 [DEBUG] [TIME] 6277 cashflow: 0.24s
2026-07-05 03:55:55,581 [DEBUG] [TIME] 6277 dividends: 0.62s
2026-07-05 03:55:55,582 [INFO] [DETAIL] 6277 ホソカワミクロン: income_stmt=OK, balance_sheet=OK, cashflow=OK, dividends=OK
2026-07-05 03:55:55,582 [INFO] [TIME] 6277 ホソカワミクロン 処理時間: 1.63s
2026-07-05 03:55:57,083 [DEBUG] [TIME] 6278 info: 0.24s
2026-07-05 03:55:57,083 [DEBUG] yfinance OK: 6278
2026-07-05 03:55:57,349 [DEBUG] [TIME] 6278 income_stmt: 0.27s
2026-07-05 03:55:57,613 [DEBUG] [TIME] 6278 balance_sheet: 0.26s
2026-07-05 03:55:57,834 [DEBUG] [TIME] 6278 cashflow: 0.22s
2026-07-05 03:55:58,332 [DEBUG] [TIME] 6278 dividends: 0.50s
2026-07-05 03:55:58,333 [INFO] [DETAIL] 6278 ユニオンツール: income_stmt=OK, balance_sheet=OK, cashflow=OK, dividends=OK
2026-07-05 03:55:58,333 [INFO] [TIME] 6278 ユニオンツール 処理時間: 1.49s
2026-07-05 03:56:00,488 [DEBUG] [TIME] 6279 info: 0.24s
2026-07-05 03:56:00,488 [DEBUG] yfinance OK: 6279
2026-07-05 03:56:00,762 [DEBUG] [TIME] 6279 income_stmt: 0.27s
2026-07-05 03:56:01,028 [DEBUG] [TIME] 6279 balance_sheet: 0.27s
2026-07-05 03:56:01,218 [DEBUG] [TIME] 6279 cashflow: 0.19s
2026-07-05 03:56:01,720 [DEBUG] [TIME] 6279 dividends: 0.50s
2026-07-05 03:56:01,721 [INFO] [DETAIL] 6279 瑞光: income_stmt=OK, balance_sheet=OK, cashflow=OK, dividends=OK
2026-07-05 03:56:01,721 [INFO] [TIME] 6279 瑞光 処理時間: 1.48s
2026-07-05 03:56:03,320 [DEBUG] [TIME] 6282 info: 0.24s
2026-07-05 03:56:03,320 [DEBUG] yfinance OK: 6282
2026-07-05 03:56:03,587 [DEBUG] [TIME] 6282 income_stmt: 0.27s
2026-07-05 03:56:03,884 [DEBUG] [TIME] 6282 balance_sheet: 0.30s
2026-07-05 03:56:04,130 [DEBUG] [TIME] 6282 cashflow: 0.25s
2026-07-05 03:56:04,672 [DEBUG] [TIME] 6282 dividends: 0.54s
2026-07-05 03:56:04,673 [INFO] [DETAIL] 6282 オイレス工業: income_stmt=OK, balance_sheet=OK, cashflow=OK, dividends=OK
2026-07-05 03:56:04,673 [INFO] [TIME] 6282 オイレス工業 処理時間: 1.60s
2026-07-05 03:56:06,422 [DEBUG] [TIME] 6284 info: 0.24s
2026-07-05 03:56:06,422 [DEBUG] yfinance OK: 6284
2026-07-05 03:56:06,685 [DEBUG] [TIME] 6284 income_stmt: 0.26s
2026-07-05 03:56:07,011 [DEBUG] [TIME] 6284 balance_sheet: 0.33s
2026-07-05 03:56:07,270 [DEBUG] [TIME] 6284 cashflow: 0.26s
2026-07-05 03:56:07,785 [DEBUG] [TIME] 6284 dividends: 0.51s
2026-07-05 03:56:07,786 [INFO] [DETAIL] 6284 日精エー・エス・ビー機械: income_stmt=OK, balance_sheet=OK, cashflow=OK, dividends=OK
2026-07-05 03:56:07,786 [INFO] [TIME] 6284 日精エー・エス・ビー機械 処理時間: 1.61s
2026-07-05 03:56:09,207 [DEBUG] [TIME] 6286 info: 0.23s
2026-07-05 03:56:09,207 [DEBUG] yfinance OK: 6286
2026-07-05 03:56:09,444 [DEBUG] [TIME] 6286 income_stmt: 0.24s
2026-07-05 03:56:09,759 [DEBUG] [TIME] 6286 balance_sheet: 0.31s
2026-07-05 03:56:09,993 [DEBUG] [TIME] 6286 cashflow: 0.23s
2026-07-05 03:56:10,520 [DEBUG] [TIME] 6286 dividends: 0.53s
2026-07-05 03:56:10,521 [INFO] [DETAIL] 6286 靜甲: income_stmt=OK, balance_sheet=OK, cashflow=OK, dividends=OK
2026-07-05 03:56:10,521 [INFO] [TIME] 6286 靜甲 処理時間: 1.54s
2026-07-05 03:56:12,583 [DEBUG] [TIME] 6287 info: 0.24s
2026-07-05 03:56:12,583 [DEBUG] yfinance OK: 6287
2026-07-05 03:56:12,838 [DEBUG] [TIME] 6287 income_stmt: 0.25s
2026-07-05 03:56:13,131 [DEBUG] [TIME] 6287 balance_sheet: 0.29s
2026-07-05 03:56:13,355 [DEBUG] [TIME] 6287 cashflow: 0.22s
2026-07-05 03:56:13,810 [DEBUG] [TIME] 6287 dividends: 0.45s
2026-07-05 03:56:13,811 [INFO] [DETAIL] 6287 サトー: income_stmt=OK, balance_sheet=OK, cashflow=OK, dividends=OK
2026-07-05 03:56:13,811 [INFO] [TIME] 6287 サトー 処理時間: 1.47s
2026-07-05 03:56:15,609 [DEBUG] [TIME] 6289 info: 0.25s
2026-07-05 03:56:15,609 [DEBUG] yfinance OK: 6289
2026-07-05 03:56:15,842 [DEBUG] [TIME] 6289 income_stmt: 0.23s
2026-07-05 03:56:16,197 [DEBUG] [TIME] 6289 balance_sheet: 0.35s
2026-07-05 03:56:16,572 [DEBUG] [TIME] 6289 cashflow: 0.37s
2026-07-05 03:56:17,074 [DEBUG] [TIME] 6289 dividends: 0.50s
2026-07-05 03:56:17,075 [INFO] [DETAIL] 6289 技研製作所: income_stmt=OK, balance_sheet=OK, cashflow=OK, dividends=OK
2026-07-05 03:56:17,075 [INFO] [TIME] 6289 技研製作所 処理時間: 1.71s
2026-07-05 03:56:19,048 [DEBUG] [TIME] 6291 info: 0.24s
2026-07-05 03:56:19,048 [DEBUG] yfinance OK: 6291
2026-07-05 03:56:19,304 [DEBUG] [TIME] 6291 income_stmt: 0.26s
2026-07-05 03:56:19,595 [DEBUG] [TIME] 6291 balance_sheet: 0.29s
2026-07-05 03:56:19,851 [DEBUG] [TIME] 6291 cashflow: 0.26s
2026-07-05 03:56:20,259 [DEBUG] [TIME] 6291 dividends: 0.41s
2026-07-05 03:56:20,260 [INFO] [DETAIL] 6291 日本エアーテック: income_stmt=OK, balance_sheet=OK, cashflow=OK, dividends=OK
2026-07-05 03:56:20,260 [INFO] [TIME] 6291 日本エアーテック 処理時間: 1.45s
2026-07-05 03:56:21,521 [DEBUG] [TIME] 6292 info: 0.23s
2026-07-05 03:56:21,521 [DEBUG] yfinance OK: 6292
2026-07-05 03:56:21,759 [DEBUG] [TIME] 6292 income_stmt: 0.24s
2026-07-05 03:56:22,022 [DEBUG] [TIME] 6292 balance_sheet: 0.26s
2026-07-05 03:56:22,265 [DEBUG] [TIME] 6292 cashflow: 0.24s
2026-07-05 03:56:22,653 [DEBUG] [TIME] 6292 dividends: 0.39s
2026-07-05 03:56:22,653 [INFO] [DETAIL] 6292 カワタ: income_stmt=OK, balance_sheet=OK, cashflow=OK, dividends=OK
2026-07-05 03:56:22,653 [INFO] [TIME] 6292 カワタ 処理時間: 1.37s
2026-07-05 03:56:24,300 [DEBUG] [TIME] 6294 info: 0.25s
2026-07-05 03:56:24,301 [DEBUG] yfinance OK: 6294
2026-07-05 03:56:24,538 [DEBUG] [TIME] 6294 income_stmt: 0.24s
2026-07-05 03:56:24,796 [DEBUG] [TIME] 6294 balance_sheet: 0.26s
2026-07-05 03:56:25,045 [DEBUG] [TIME] 6294 cashflow: 0.25s
2026-07-05 03:56:25,634 [DEBUG] [TIME] 6294 dividends: 0.59s
2026-07-05 03:56:25,635 [INFO] [DETAIL] 6294 オカダアイヨン: income_stmt=OK, balance_sheet=OK, cashflow=OK, dividends=OK
2026-07-05 03:56:25,635 [INFO] [TIME] 6294 オカダアイヨン 処理時間: 1.58s
2026-07-05 03:56:27,055 [DEBUG] [TIME] 6298 info: 0.24s
2026-07-05 03:56:27,055 [DEBUG] yfinance OK: 6298
2026-07-05 03:56:27,304 [DEBUG] [TIME] 6298 income_stmt: 0.25s
2026-07-05 03:56:27,616 [DEBUG] [TIME] 6298 balance_sheet: 0.31s
2026-07-05 03:56:27,856 [DEBUG] [TIME] 6298 cashflow: 0.24s
2026-07-05 03:56:28,353 [DEBUG] [TIME] 6298 dividends: 0.50s
2026-07-05 03:56:28,354 [INFO] [DETAIL] 6298 ワイエイシイホールディングス: income_stmt=OK, balance_sheet=OK, cashflow=OK, dividends=OK
2026-07-05 03:56:28,354 [INFO] [TIME] 6298 ワイエイシイホールディングス 処理時間: 1.54s
2026-07-05 03:56:29,973 [DEBUG] [TIME] 6301 info: 0.24s
2026-07-05 03:56:29,973 [DEBUG] yfinance OK: 6301
2026-07-05 03:56:30,228 [DEBUG] [TIME] 6301 income_stmt: 0.25s
2026-07-05 03:56:30,479 [DEBUG] [TIME] 6301 balance_sheet: 0.25s
2026-07-05 03:56:30,740 [DEBUG] [TIME] 6301 cashflow: 0.26s
2026-07-05 03:56:31,466 [DEBUG] [TIME] 6301 dividends: 0.73s
2026-07-05 03:56:31,467 [INFO] [DETAIL] 6301 小松製作所: income_stmt=OK, balance_sheet=OK, cashflow=OK, dividends=OK
2026-07-05 03:56:31,467 [INFO] [TIME] 6301 小松製作所 処理時間: 1.74s
2026-07-05 03:56:32,760 [DEBUG] [TIME] 6302 info: 0.28s
2026-07-05 03:56:32,760 [DEBUG] yfinance OK: 6302
2026-07-05 03:56:33,032 [DEBUG] [TIME] 6302 income_stmt: 0.27s
2026-07-05 03:56:33,301 [DEBUG] [TIME] 6302 balance_sheet: 0.27s
2026-07-05 03:56:33,529 [DEBUG] [TIME] 6302 cashflow: 0.23s
2026-07-05 03:56:34,225 [DEBUG] [TIME] 6302 dividends: 0.70s
2026-07-05 03:56:34,226 [INFO] [DETAIL] 6302 住友重機械工業: income_stmt=OK, balance_sheet=OK, cashflow=OK, dividends=OK
2026-07-05 03:56:34,226 [INFO] [TIME] 6302 住友重機械工業 処理時間: 1.75s
2026-07-05 03:56:36,449 [DEBUG] [TIME] 6305 info: 0.24s
2026-07-05 03:56:36,449 [DEBUG] yfinance OK: 6305
2026-07-05 03:56:36,680 [DEBUG] [TIME] 6305 income_stmt: 0.23s
2026-07-05 03:56:36,982 [DEBUG] [TIME] 6305 balance_sheet: 0.30s
2026-07-05 03:56:37,217 [DEBUG] [TIME] 6305 cashflow: 0.23s
2026-07-05 03:56:37,591 [DEBUG] [TIME] 6305 dividends: 0.37s
2026-07-05 03:56:37,592 [INFO] [DETAIL] 6305 日立建機: income_stmt=OK, balance_sheet=OK, cashflow=OK, dividends=OK
2026-07-05 03:56:37,592 [INFO] [TIME] 6305 日立建機 処理時間: 1.38s
2026-07-05 03:56:39,779 [DEBUG] [TIME] 6306 info: 0.24s
2026-07-05 03:56:39,779 [DEBUG] yfinance OK: 6306
2026-07-05 03:56:40,006 [DEBUG] [TIME] 6306 income_stmt: 0.23s
2026-07-05 03:56:40,288 [DEBUG] [TIME] 6306 balance_sheet: 0.28s
2026-07-05 03:56:40,515 [DEBUG] [TIME] 6306 cashflow: 0.23s
2026-07-05 03:56:41,006 [DEBUG] [TIME] 6306 dividends: 0.49s
2026-07-05 03:56:41,007 [INFO] [DETAIL] 6306 日工: income_stmt=OK, balance_sheet=OK, cashflow=OK, dividends=OK
2026-07-05 03:56:41,007 [INFO] [TIME] 6306 日工 処理時間: 1.46s
2026-07-05 03:56:42,584 [DEBUG] [TIME] 6307 info: 0.24s
2026-07-05 03:56:42,584 [DEBUG] yfinance OK: 6307
2026-07-05 03:56:42,825 [DEBUG] [TIME] 6307 income_stmt: 0.24s
2026-07-05 03:56:43,106 [DEBUG] [TIME] 6307 balance_sheet: 0.28s
2026-07-05 03:56:43,368 [DEBUG] [TIME] 6307 cashflow: 0.26s
2026-07-05 03:56:43,978 [DEBUG] [TIME] 6307 dividends: 0.61s
2026-07-05 03:56:43,978 [INFO] [DETAIL] 6307 サンセイ: income_stmt=OK, balance_sheet=OK, cashflow=OK, dividends=OK
2026-07-05 03:56:43,978 [INFO] [TIME] 6307 サンセイ 処理時間: 1.64s
2026-07-05 03:56:45,246 [DEBUG] [TIME] 6309 info: 0.25s
2026-07-05 03:56:45,246 [DEBUG] yfinance OK: 6309
2026-07-05 03:56:45,594 [DEBUG] [TIME] 6309 income_stmt: 0.35s
2026-07-05 03:56:45,868 [DEBUG] [TIME] 6309 balance_sheet: 0.27s
2026-07-05 03:56:46,143 [DEBUG] [TIME] 6309 cashflow: 0.27s
2026-07-05 03:56:46,923 [DEBUG] [TIME] 6309 dividends: 0.78s
2026-07-05 03:56:46,924 [INFO] [DETAIL] 6309 巴工業: income_stmt=OK, balance_sheet=OK, cashflow=OK, dividends=OK
2026-07-05 03:56:46,924 [INFO] [TIME] 6309 巴工業 処理時間: 1.93s
2026-07-05 03:56:48,677 [DEBUG] [TIME] 6310 info: 0.24s
2026-07-05 03:56:48,677 [DEBUG] yfinance OK: 6310
2026-07-05 03:56:48,930 [DEBUG] [TIME] 6310 income_stmt: 0.25s
2026-07-05 03:56:49,205 [DEBUG] [TIME] 6310 balance_sheet: 0.27s
2026-07-05 03:56:49,469 [DEBUG] [TIME] 6310 cashflow: 0.26s
2026-07-05 03:56:50,002 [DEBUG] [TIME] 6310 dividends: 0.53s
2026-07-05 03:56:50,002 [INFO] [DETAIL] 6310 井関農機: income_stmt=OK, balance_sheet=OK, cashflow=OK, dividends=OK
2026-07-05 03:56:50,003 [INFO] [TIME] 6310 井関農機 処理時間: 1.57s
2026-07-05 03:56:52,162 [DEBUG] [TIME] 6315 info: 0.25s
2026-07-05 03:56:52,162 [DEBUG] yfinance OK: 6315
2026-07-05 03:56:52,439 [DEBUG] [TIME] 6315 income_stmt: 0.28s
2026-07-05 03:56:52,699 [DEBUG] [TIME] 6315 balance_sheet: 0.26s
2026-07-05 03:56:52,923 [DEBUG] [TIME] 6315 cashflow: 0.22s
2026-07-05 03:56:53,655 [DEBUG] [TIME] 6315 dividends: 0.73s
2026-07-05 03:56:53,656 [INFO] [DETAIL] 6315 ＴＯＷＡ: income_stmt=OK, balance_sheet=OK, cashflow=OK, dividends=OK
2026-07-05 03:56:53,656 [INFO] [TIME] 6315 ＴＯＷＡ 処理時間: 1.74s
2026-07-05 03:56:55,522 [DEBUG] [TIME] 6316 info: 0.24s
2026-07-05 03:56:55,522 [DEBUG] yfinance OK: 6316
2026-07-05 03:56:55,792 [DEBUG] [TIME] 6316 income_stmt: 0.27s
2026-07-05 03:56:56,095 [DEBUG] [TIME] 6316 balance_sheet: 0.30s
2026-07-05 03:56:56,360 [DEBUG] [TIME] 6316 cashflow: 0.26s
2026-07-05 03:56:56,767 [DEBUG] [TIME] 6316 dividends: 0.41s
2026-07-05 03:56:56,767 [INFO] [DETAIL] 6316 丸山製作所: income_stmt=OK, balance_sheet=OK, cashflow=OK, dividends=OK
2026-07-05 03:56:56,767 [INFO] [TIME] 6316 丸山製作所 処理時間: 1.49s
2026-07-05 03:56:58,084 [DEBUG] [TIME] 6317 info: 0.24s
2026-07-05 03:56:58,084 [DEBUG] yfinance OK: 6317
2026-07-05 03:56:58,352 [DEBUG] [TIME] 6317 income_stmt: 0.27s
2026-07-05 03:56:58,653 [DEBUG] [TIME] 6317 balance_sheet: 0.30s
2026-07-05 03:56:58,912 [DEBUG] [TIME] 6317 cashflow: 0.26s
2026-07-05 03:56:59,496 [DEBUG] [TIME] 6317 dividends: 0.58s
2026-07-05 03:56:59,497 [INFO] [DETAIL] 6317 北川鉄工所: income_stmt=OK, balance_sheet=OK, cashflow=OK, dividends=OK
2026-07-05 03:56:59,497 [INFO] [TIME] 6317 北川鉄工所 処理時間: 1.65s
2026-07-05 03:57:01,191 [DEBUG] [TIME] 6322 info: 0.24s
2026-07-05 03:57:01,191 [DEBUG] yfinance OK: 6322
2026-07-05 03:57:01,449 [DEBUG] [TIME] 6322 income_stmt: 0.26s
2026-07-05 03:57:01,813 [DEBUG] [TIME] 6322 balance_sheet: 0.36s
2026-07-05 03:57:02,089 [DEBUG] [TIME] 6322 cashflow: 0.27s
2026-07-05 03:57:02,631 [DEBUG] [TIME] 6322 dividends: 0.54s
2026-07-05 03:57:02,632 [INFO] [DETAIL] 6322 タクミナ: income_stmt=OK, balance_sheet=OK, cashflow=OK, dividends=OK
2026-07-05 03:57:02,632 [INFO] [TIME] 6322 タクミナ 処理時間: 1.68s
2026-07-05 03:57:04,134 [DEBUG] [TIME] 6323 info: 0.26s
2026-07-05 03:57:04,134 [DEBUG] yfinance OK: 6323
2026-07-05 03:57:04,388 [DEBUG] [TIME] 6323 income_stmt: 0.25s
2026-07-05 03:57:04,682 [DEBUG] [TIME] 6323 balance_sheet: 0.29s
2026-07-05 03:57:04,932 [DEBUG] [TIME] 6323 cashflow: 0.25s
2026-07-05 03:57:05,541 [DEBUG] [TIME] 6323 dividends: 0.61s
2026-07-05 03:57:05,542 [INFO] [DETAIL] 6323 ローツェ: income_stmt=OK, balance_sheet=OK, cashflow=OK, dividends=OK
2026-07-05 03:57:05,542 [INFO] [TIME] 6323 ローツェ 処理時間: 1.67s
2026-07-05 03:57:06,858 [DEBUG] [TIME] 6324 info: 0.24s
2026-07-05 03:57:06,858 [DEBUG] yfinance OK: 6324
2026-07-05 03:57:07,094 [DEBUG] [TIME] 6324 income_stmt: 0.24s
2026-07-05 03:57:07,377 [DEBUG] [TIME] 6324 balance_sheet: 0.28s
2026-07-05 03:57:07,663 [DEBUG] [TIME] 6324 cashflow: 0.28s
2026-07-05 03:57:08,230 [DEBUG] [TIME] 6324 dividends: 0.57s
2026-07-05 03:57:08,231 [INFO] [DETAIL] 6324 ハーモニック・ドライブ・システムズ: income_stmt=OK, balance_sheet=OK, cashflow=OK, dividends=OK
2026-07-05 03:57:08,231 [INFO] [TIME] 6324 ハーモニック・ドライブ・システムズ 処理時間: 1.61s
2026-07-05 03:57:10,151 [DEBUG] [TIME] 6325 info: 0.24s
2026-07-05 03:57:10,151 [DEBUG] yfinance OK: 6325
2026-07-05 03:57:10,395 [DEBUG] [TIME] 6325 income_stmt: 0.24s
2026-07-05 03:57:10,699 [DEBUG] [TIME] 6325 balance_sheet: 0.30s
2026-07-05 03:57:10,942 [DEBUG] [TIME] 6325 cashflow: 0.24s
2026-07-05 03:57:11,477 [DEBUG] [TIME] 6325 dividends: 0.54s
2026-07-05 03:57:11,478 [INFO] [DETAIL] 6325 タカキタ: income_stmt=OK, balance_sheet=OK, cashflow=OK, dividends=OK
2026-07-05 03:57:11,478 [INFO] [TIME] 6325 タカキタ 処理時間: 1.57s
2026-07-05 03:57:13,278 [DEBUG] [TIME] 6326 info: 0.24s
2026-07-05 03:57:13,278 [DEBUG] yfinance OK: 6326
2026-07-05 03:57:13,513 [DEBUG] [TIME] 6326 income_stmt: 0.24s
2026-07-05 03:57:13,818 [DEBUG] [TIME] 6326 balance_sheet: 0.30s
2026-07-05 03:57:14,084 [DEBUG] [TIME] 6326 cashflow: 0.26s
2026-07-05 03:57:14,606 [DEBUG] [TIME] 6326 dividends: 0.52s
2026-07-05 03:57:14,607 [INFO] [DETAIL] 6326 クボタ: income_stmt=OK, balance_sheet=OK, cashflow=OK, dividends=OK
2026-07-05 03:57:14,607 [INFO] [TIME] 6326 クボタ 処理時間: 1.57s
2026-07-05 03:57:16,526 [DEBUG] [TIME] 6327 info: 0.24s
2026-07-05 03:57:16,526 [DEBUG] yfinance OK: 6327
2026-07-05 03:57:16,767 [DEBUG] [TIME] 6327 income_stmt: 0.24s
2026-07-05 03:57:17,082 [DEBUG] [TIME] 6327 balance_sheet: 0.31s
2026-07-05 03:57:17,337 [DEBUG] [TIME] 6327 cashflow: 0.25s
2026-07-05 03:57:17,833 [DEBUG] [TIME] 6327 dividends: 0.50s
2026-07-05 03:57:17,834 [INFO] [DETAIL] 6327 北川精機: income_stmt=OK, balance_sheet=OK, cashflow=OK, dividends=OK
2026-07-05 03:57:17,834 [INFO] [TIME] 6327 北川精機 処理時間: 1.55s
2026-07-05 03:57:19,894 [DEBUG] [TIME] 6328 info: 0.24s
2026-07-05 03:57:19,894 [DEBUG] yfinance OK: 6328
2026-07-05 03:57:20,132 [DEBUG] [TIME] 6328 income_stmt: 0.24s
2026-07-05 03:57:20,473 [DEBUG] [TIME] 6328 balance_sheet: 0.34s
2026-07-05 03:57:20,738 [DEBUG] [TIME] 6328 cashflow: 0.26s
2026-07-05 03:57:21,373 [DEBUG] [TIME] 6328 dividends: 0.64s
2026-07-05 03:57:21,374 [INFO] [DETAIL] 6328 荏原実業: income_stmt=OK, balance_sheet=OK, cashflow=OK, dividends=OK
2026-07-05 03:57:21,374 [INFO] [TIME] 6328 荏原実業 処理時間: 1.72s
2026-07-05 03:57:22,758 [DEBUG] [TIME] 6330 info: 0.24s
2026-07-05 03:57:22,758 [DEBUG] yfinance OK: 6330
2026-07-05 03:57:22,992 [DEBUG] [TIME] 6330 income_stmt: 0.23s
2026-07-05 03:57:23,269 [DEBUG] [TIME] 6330 balance_sheet: 0.28s
2026-07-05 03:57:23,513 [DEBUG] [TIME] 6330 cashflow: 0.24s
2026-07-05 03:57:23,959 [DEBUG] [TIME] 6330 dividends: 0.45s
2026-07-05 03:57:23,960 [INFO] [DETAIL] 6330 東洋エンジニアリング: income_stmt=OK, balance_sheet=OK, cashflow=OK, dividends=OK
2026-07-05 03:57:23,960 [INFO] [TIME] 6330 東洋エンジニアリング 処理時間: 1.44s
2026-07-05 03:57:25,353 [DEBUG] [TIME] 6331 info: 0.24s
2026-07-05 03:57:25,353 [DEBUG] yfinance OK: 6331
2026-07-05 03:57:25,669 [DEBUG] [TIME] 6331 income_stmt: 0.32s
2026-07-05 03:57:25,977 [DEBUG] [TIME] 6331 balance_sheet: 0.31s
2026-07-05 03:57:26,212 [DEBUG] [TIME] 6331 cashflow: 0.23s
2026-07-05 03:57:26,672 [DEBUG] [TIME] 6331 dividends: 0.46s
2026-07-05 03:57:26,673 [INFO] [DETAIL] 6331 三菱化工機: income_stmt=OK, balance_sheet=OK, cashflow=OK, dividends=OK
2026-07-05 03:57:26,673 [INFO] [TIME] 6331 三菱化工機 処理時間: 1.56s
2026-07-05 03:57:27,981 [DEBUG] [TIME] 6332 info: 0.27s
2026-07-05 03:57:27,981 [DEBUG] yfinance OK: 6332
2026-07-05 03:57:28,234 [DEBUG] [TIME] 6332 income_stmt: 0.25s
2026-07-05 03:57:28,536 [DEBUG] [TIME] 6332 balance_sheet: 0.30s
2026-07-05 03:57:28,797 [DEBUG] [TIME] 6332 cashflow: 0.26s
2026-07-05 03:57:29,342 [DEBUG] [TIME] 6332 dividends: 0.54s
2026-07-05 03:57:29,343 [INFO] [DETAIL] 6332 月島ホールディングス: income_stmt=OK, balance_sheet=OK, cashflow=OK, dividends=OK
2026-07-05 03:57:29,343 [INFO] [TIME] 6332 月島ホールディングス 処理時間: 1.63s
2026-07-05 03:57:31,336 [DEBUG] [TIME] 6333 info: 0.24s
2026-07-05 03:57:31,336 [DEBUG] yfinance OK: 6333
2026-07-05 03:57:31,572 [DEBUG] [TIME] 6333 income_stmt: 0.24s
2026-07-05 03:57:31,868 [DEBUG] [TIME] 6333 balance_sheet: 0.30s
2026-07-05 03:57:32,132 [DEBUG] [TIME] 6333 cashflow: 0.26s
2026-07-05 03:57:32,597 [DEBUG] [TIME] 6333 dividends: 0.47s
2026-07-05 03:57:32,598 [INFO] [DETAIL] 6333 ＴＥＩＫＯＫＵ: income_stmt=OK, balance_sheet=OK, cashflow=OK, dividends=OK
2026-07-05 03:57:32,598 [INFO] [TIME] 6333 ＴＥＩＫＯＫＵ 処理時間: 1.50s
2026-07-05 03:57:34,268 [DEBUG] [TIME] 6334 info: 0.24s
2026-07-05 03:57:34,268 [DEBUG] yfinance OK: 6334
2026-07-05 03:57:34,505 [DEBUG] [TIME] 6334 income_stmt: 0.24s
2026-07-05 03:57:34,779 [DEBUG] [TIME] 6334 balance_sheet: 0.27s
2026-07-05 03:57:35,049 [DEBUG] [TIME] 6334 cashflow: 0.27s
2026-07-05 03:57:35,546 [DEBUG] [TIME] 6334 dividends: 0.50s
2026-07-05 03:57:35,547 [INFO] [DETAIL] 6334 明治機械: income_stmt=OK, balance_sheet=OK, cashflow=OK, dividends=OK
2026-07-05 03:57:35,547 [INFO] [TIME] 6334 明治機械 処理時間: 1.52s
2026-07-05 03:57:37,035 [DEBUG] [TIME] 6335 info: 0.24s
2026-07-05 03:57:37,036 [DEBUG] yfinance OK: 6335
2026-07-05 03:57:37,278 [DEBUG] [TIME] 6335 income_stmt: 0.24s
2026-07-05 03:57:37,532 [DEBUG] [TIME] 6335 balance_sheet: 0.25s
2026-07-05 03:57:37,749 [DEBUG] [TIME] 6335 cashflow: 0.22s
2026-07-05 03:57:38,296 [DEBUG] [TIME] 6335 dividends: 0.55s
2026-07-05 03:57:38,297 [INFO] [DETAIL] 6335 東京機械製作所: income_stmt=OK, balance_sheet=OK, cashflow=OK, dividends=OK
2026-07-05 03:57:38,297 [INFO] [TIME] 6335 東京機械製作所 処理時間: 1.50s
2026-07-05 03:57:39,752 [DEBUG] [TIME] 6336 info: 0.27s
2026-07-05 03:57:39,752 [DEBUG] yfinance OK: 6336
2026-07-05 03:57:40,016 [DEBUG] [TIME] 6336 income_stmt: 0.26s
2026-07-05 03:57:40,296 [DEBUG] [TIME] 6336 balance_sheet: 0.28s
2026-07-05 03:57:40,562 [DEBUG] [TIME] 6336 cashflow: 0.27s
2026-07-05 03:57:41,213 [DEBUG] [TIME] 6336 dividends: 0.65s
2026-07-05 03:57:41,214 [INFO] [DETAIL] 6336 石井表記: income_stmt=OK, balance_sheet=OK, cashflow=OK, dividends=OK
2026-07-05 03:57:41,214 [INFO] [TIME] 6336 石井表記 処理時間: 1.73s
2026-07-05 03:57:42,781 [DEBUG] [TIME] 6337 info: 0.24s
2026-07-05 03:57:42,781 [DEBUG] yfinance OK: 6337
2026-07-05 03:57:43,033 [DEBUG] [TIME] 6337 income_stmt: 0.25s
2026-07-05 03:57:43,327 [DEBUG] [TIME] 6337 balance_sheet: 0.29s
2026-07-05 03:57:43,578 [DEBUG] [TIME] 6337 cashflow: 0.25s
2026-07-05 03:57:44,175 [DEBUG] [TIME] 6337 dividends: 0.60s
2026-07-05 03:57:44,176 [INFO] [DETAIL] 6337 テセック: income_stmt=OK, balance_sheet=OK, cashflow=OK, dividends=OK
2026-07-05 03:57:44,176 [INFO] [TIME] 6337 テセック 処理時間: 1.63s
2026-07-05 03:57:45,727 [DEBUG] [TIME] 6338 info: 0.24s
2026-07-05 03:57:45,727 [DEBUG] yfinance OK: 6338
2026-07-05 03:57:45,973 [DEBUG] [TIME] 6338 income_stmt: 0.25s
2026-07-05 03:57:46,268 [DEBUG] [TIME] 6338 balance_sheet: 0.29s
2026-07-05 03:57:46,541 [DEBUG] [TIME] 6338 cashflow: 0.27s
2026-07-05 03:57:46,964 [DEBUG] [TIME] 6338 dividends: 0.42s
2026-07-05 03:57:46,965 [INFO] [DETAIL] 6338 タカトリ: income_stmt=OK, balance_sheet=OK, cashflow=OK, dividends=OK
2026-07-05 03:57:46,965 [INFO] [TIME] 6338 タカトリ 処理時間: 1.48s
2026-07-05 03:57:48,739 [DEBUG] [TIME] 6339 info: 0.30s
2026-07-05 03:57:48,739 [DEBUG] yfinance OK: 6339
2026-07-05 03:57:48,998 [DEBUG] [TIME] 6339 income_stmt: 0.26s
2026-07-05 03:57:49,272 [DEBUG] [TIME] 6339 balance_sheet: 0.27s
2026-07-05 03:57:49,490 [DEBUG] [TIME] 6339 cashflow: 0.22s
2026-07-05 03:57:50,002 [DEBUG] [TIME] 6339 dividends: 0.51s
2026-07-05 03:57:50,003 [INFO] [DETAIL] 6339 新東工業: income_stmt=OK, balance_sheet=OK, cashflow=OK, dividends=OK
2026-07-05 03:57:50,003 [INFO] [TIME] 6339 新東工業 処理時間: 1.57s
2026-07-05 03:57:51,474 [DEBUG] [TIME] 6340 info: 0.24s
2026-07-05 03:57:51,475 [DEBUG] yfinance OK: 6340
2026-07-05 03:57:51,712 [DEBUG] [TIME] 6340 income_stmt: 0.24s
2026-07-05 03:57:52,014 [DEBUG] [TIME] 6340 balance_sheet: 0.30s
2026-07-05 03:57:52,301 [DEBUG] [TIME] 6340 cashflow: 0.29s
2026-07-05 03:57:52,840 [DEBUG] [TIME] 6340 dividends: 0.54s
2026-07-05 03:57:52,841 [INFO] [DETAIL] 6340 澁谷工業: income_stmt=OK, balance_sheet=OK, cashflow=OK, dividends=OK
2026-07-05 03:57:52,841 [INFO] [TIME] 6340 澁谷工業 処理時間: 1.61s
2026-07-05 03:57:54,454 [DEBUG] [TIME] 6342 info: 0.24s
2026-07-05 03:57:54,454 [DEBUG] yfinance OK: 6342
2026-07-05 03:57:54,674 [DEBUG] [TIME] 6342 income_stmt: 0.22s
2026-07-05 03:57:54,970 [DEBUG] [TIME] 6342 balance_sheet: 0.30s
2026-07-05 03:57:55,198 [DEBUG] [TIME] 6342 cashflow: 0.23s
2026-07-05 03:57:55,764 [DEBUG] [TIME] 6342 dividends: 0.57s
2026-07-05 03:57:55,765 [INFO] [DETAIL] 6342 太平製作所: income_stmt=OK, balance_sheet=OK, cashflow=OK, dividends=OK
2026-07-05 03:57:55,765 [INFO] [TIME] 6342 太平製作所 処理時間: 1.55s
2026-07-05 03:57:57,609 [DEBUG] [TIME] 6343 info: 0.24s
2026-07-05 03:57:57,609 [DEBUG] yfinance OK: 6343
2026-07-05 03:57:57,851 [DEBUG] [TIME] 6343 income_stmt: 0.24s
2026-07-05 03:57:58,157 [DEBUG] [TIME] 6343 balance_sheet: 0.31s
2026-07-05 03:57:58,391 [DEBUG] [TIME] 6343 cashflow: 0.23s
2026-07-05 03:57:58,789 [DEBUG] [TIME] 6343 dividends: 0.40s
2026-07-05 03:57:58,790 [INFO] [DETAIL] 6343 フリージア・マクロス: income_stmt=OK, balance_sheet=OK, cashflow=OK, dividends=OK
2026-07-05 03:57:58,790 [INFO] [TIME] 6343 フリージア・マクロス 処理時間: 1.42s
2026-07-05 03:58:00,154 [DEBUG] [TIME] 6345 info: 0.24s
2026-07-05 03:58:00,154 [DEBUG] yfinance OK: 6345
2026-07-05 03:58:00,381 [DEBUG] [TIME] 6345 income_stmt: 0.23s
2026-07-05 03:58:00,632 [DEBUG] [TIME] 6345 balance_sheet: 0.25s
2026-07-05 03:58:00,864 [DEBUG] [TIME] 6345 cashflow: 0.23s
2026-07-05 03:58:01,306 [DEBUG] [TIME] 6345 dividends: 0.44s
2026-07-05 03:58:01,307 [INFO] [DETAIL] 6345 アイチ　コーポレーション: income_stmt=OK, balance_sheet=OK, cashflow=OK, dividends=OK
2026-07-05 03:58:01,307 [INFO] [TIME] 6345 アイチ　コーポレーション 処理時間: 1.39s
2026-07-05 03:58:03,002 [DEBUG] [TIME] 6346 info: 0.24s
2026-07-05 03:58:03,002 [DEBUG] yfinance OK: 6346
2026-07-05 03:58:03,264 [DEBUG] [TIME] 6346 income_stmt: 0.26s
2026-07-05 03:58:03,527 [DEBUG] [TIME] 6346 balance_sheet: 0.26s
2026-07-05 03:58:03,790 [DEBUG] [TIME] 6346 cashflow: 0.26s
2026-07-05 03:58:04,219 [DEBUG] [TIME] 6346 dividends: 0.43s
2026-07-05 03:58:04,220 [INFO] [DETAIL] 6346 キクカワエンタープライズ: income_stmt=OK, balance_sheet=OK, cashflow=OK, dividends=OK
2026-07-05 03:58:04,220 [INFO] [TIME] 6346 キクカワエンタープライズ 処理時間: 1.45s
2026-07-05 03:58:06,262 [DEBUG] [TIME] 6347 info: 0.30s
2026-07-05 03:58:06,262 [DEBUG] yfinance OK: 6347
2026-07-05 03:58:06,521 [DEBUG] [TIME] 6347 income_stmt: 0.26s
2026-07-05 03:58:06,824 [DEBUG] [TIME] 6347 balance_sheet: 0.30s
2026-07-05 03:58:07,079 [DEBUG] [TIME] 6347 cashflow: 0.25s
2026-07-05 03:58:07,570 [DEBUG] [TIME] 6347 dividends: 0.49s
2026-07-05 03:58:07,571 [INFO] [DETAIL] 6347 プラコー: income_stmt=OK, balance_sheet=OK, cashflow=OK, dividends=OK
2026-07-05 03:58:07,571 [INFO] [TIME] 6347 プラコー 処理時間: 1.61s
2026-07-05 03:58:09,007 [DEBUG] [TIME] 6349 info: 0.24s
2026-07-05 03:58:09,007 [DEBUG] yfinance OK: 6349
2026-07-05 03:58:09,269 [DEBUG] [TIME] 6349 income_stmt: 0.26s
2026-07-05 03:58:09,544 [DEBUG] [TIME] 6349 balance_sheet: 0.27s
2026-07-05 03:58:09,793 [DEBUG] [TIME] 6349 cashflow: 0.25s
2026-07-05 03:58:10,382 [DEBUG] [TIME] 6349 dividends: 0.59s
2026-07-05 03:58:10,383 [INFO] [DETAIL] 6349 小森コーポレーション: income_stmt=OK, balance_sheet=OK, cashflow=OK, dividends=OK
2026-07-05 03:58:10,383 [INFO] [TIME] 6349 小森コーポレーション 処理時間: 1.62s
2026-07-05 03:58:12,497 [DEBUG] [TIME] 6351 info: 0.24s
2026-07-05 03:58:12,497 [DEBUG] yfinance OK: 6351
2026-07-05 03:58:12,765 [DEBUG] [TIME] 6351 income_stmt: 0.27s
2026-07-05 03:58:13,057 [DEBUG] [TIME] 6351 balance_sheet: 0.29s
2026-07-05 03:58:13,298 [DEBUG] [TIME] 6351 cashflow: 0.24s
2026-07-05 03:58:13,753 [DEBUG] [TIME] 6351 dividends: 0.45s
2026-07-05 03:58:13,753 [INFO] [DETAIL] 6351 鶴見製作所: income_stmt=OK, balance_sheet=OK, cashflow=OK, dividends=OK
2026-07-05 03:58:13,754 [INFO] [TIME] 6351 鶴見製作所 処理時間: 1.50s
2026-07-05 03:58:15,589 [DEBUG] [TIME] 6356 info: 0.30s
2026-07-05 03:58:15,590 [DEBUG] yfinance OK: 6356
2026-07-05 03:58:15,818 [DEBUG] [TIME] 6356 income_stmt: 0.23s
2026-07-05 03:58:16,129 [DEBUG] [TIME] 6356 balance_sheet: 0.31s
2026-07-05 03:58:16,402 [DEBUG] [TIME] 6356 cashflow: 0.27s
2026-07-05 03:58:17,033 [DEBUG] [TIME] 6356 dividends: 0.63s
2026-07-05 03:58:17,034 [INFO] [DETAIL] 6356 日本ギア工業: income_stmt=OK, balance_sheet=OK, cashflow=OK, dividends=OK
2026-07-05 03:58:17,034 [INFO] [TIME] 6356 日本ギア工業 処理時間: 1.74s
2026-07-05 03:58:18,767 [DEBUG] [TIME] 6357 info: 0.24s
2026-07-05 03:58:18,767 [DEBUG] yfinance OK: 6357
2026-07-05 03:58:19,035 [DEBUG] [TIME] 6357 income_stmt: 0.27s
2026-07-05 03:58:19,324 [DEBUG] [TIME] 6357 balance_sheet: 0.29s
2026-07-05 03:58:19,592 [DEBUG] [TIME] 6357 cashflow: 0.27s
2026-07-05 03:58:20,091 [DEBUG] [TIME] 6357 dividends: 0.50s
2026-07-05 03:58:20,092 [INFO] [DETAIL] 6357 三精テクノロジーズ: income_stmt=OK, balance_sheet=OK, cashflow=OK, dividends=OK
2026-07-05 03:58:20,092 [INFO] [TIME] 6357 三精テクノロジーズ 処理時間: 1.56s
2026-07-05 03:58:22,166 [DEBUG] [TIME] 6358 info: 0.24s
2026-07-05 03:58:22,166 [DEBUG] yfinance OK: 6358
2026-07-05 03:58:22,415 [DEBUG] [TIME] 6358 income_stmt: 0.25s
2026-07-05 03:58:22,687 [DEBUG] [TIME] 6358 balance_sheet: 0.27s
2026-07-05 03:58:22,947 [DEBUG] [TIME] 6358 cashflow: 0.26s
2026-07-05 03:58:23,415 [DEBUG] [TIME] 6358 dividends: 0.47s
2026-07-05 03:58:23,416 [INFO] [DETAIL] 6358 酒井重工業: income_stmt=OK, balance_sheet=OK, cashflow=OK, dividends=OK
2026-07-05 03:58:23,416 [INFO] [TIME] 6358 酒井重工業 処理時間: 1.49s
2026-07-05 03:58:25,438 [DEBUG] [TIME] 6360 info: 0.25s
2026-07-05 03:58:25,438 [DEBUG] yfinance OK: 6360
2026-07-05 03:58:25,679 [DEBUG] [TIME] 6360 income_stmt: 0.24s
2026-07-05 03:58:25,966 [DEBUG] [TIME] 6360 balance_sheet: 0.29s
2026-07-05 03:58:26,183 [DEBUG] [TIME] 6360 cashflow: 0.22s
2026-07-05 03:58:26,665 [DEBUG] [TIME] 6360 dividends: 0.48s
2026-07-05 03:58:26,666 [INFO] [DETAIL] 6360 東京自働機械製作所: income_stmt=OK, balance_sheet=OK, cashflow=OK, dividends=OK
2026-07-05 03:58:26,666 [INFO] [TIME] 6360 東京自働機械製作所 処理時間: 1.47s
2026-07-05 03:58:28,705 [DEBUG] [TIME] 6361 info: 0.24s
2026-07-05 03:58:28,705 [DEBUG] yfinance OK: 6361
2026-07-05 03:58:28,940 [DEBUG] [TIME] 6361 income_stmt: 0.24s
2026-07-05 03:58:29,200 [DEBUG] [TIME] 6361 balance_sheet: 0.26s
2026-07-05 03:58:29,508 [DEBUG] [TIME] 6361 cashflow: 0.31s
2026-07-05 03:58:30,086 [DEBUG] [TIME] 6361 dividends: 0.58s
2026-07-05 03:58:30,087 [INFO] [DETAIL] 6361 荏原製作所: income_stmt=OK, balance_sheet=OK, cashflow=OK, dividends=OK
2026-07-05 03:58:30,087 [INFO] [TIME] 6361 荏原製作所 処理時間: 1.63s
2026-07-05 03:58:32,182 [DEBUG] [TIME] 6363 info: 0.25s
2026-07-05 03:58:32,182 [DEBUG] yfinance OK: 6363
2026-07-05 03:58:32,414 [DEBUG] [TIME] 6363 income_stmt: 0.23s
2026-07-05 03:58:32,693 [DEBUG] [TIME] 6363 balance_sheet: 0.28s
2026-07-05 03:58:32,937 [DEBUG] [TIME] 6363 cashflow: 0.24s
2026-07-05 03:58:33,351 [DEBUG] [TIME] 6363 dividends: 0.41s
2026-07-05 03:58:33,352 [INFO] [DETAIL] 6363 酉島製作所: income_stmt=OK, balance_sheet=OK, cashflow=OK, dividends=OK
2026-07-05 03:58:33,352 [INFO] [TIME] 6363 酉島製作所 処理時間: 1.42s
2026-07-05 03:58:35,076 [DEBUG] [TIME] 6364 info: 0.24s
2026-07-05 03:58:35,076 [DEBUG] yfinance OK: 6364
2026-07-05 03:58:35,318 [DEBUG] [TIME] 6364 income_stmt: 0.24s
2026-07-05 03:58:35,603 [DEBUG] [TIME] 6364 balance_sheet: 0.28s
2026-07-05 03:58:35,840 [DEBUG] [TIME] 6364 cashflow: 0.24s
2026-07-05 03:58:36,232 [DEBUG] [TIME] 6364 dividends: 0.39s
2026-07-05 03:58:36,232 [INFO] [DETAIL] 6364 ＡＩＲＭＡＮ: income_stmt=OK, balance_sheet=OK, cashflow=OK, dividends=OK
2026-07-05 03:58:36,233 [INFO] [TIME] 6364 ＡＩＲＭＡＮ 処理時間: 1.40s
2026-07-05 03:58:37,942 [DEBUG] [TIME] 6365 info: 0.24s
2026-07-05 03:58:37,942 [DEBUG] yfinance OK: 6365
2026-07-05 03:58:38,190 [DEBUG] [TIME] 6365 income_stmt: 0.25s
2026-07-05 03:58:38,494 [DEBUG] [TIME] 6365 balance_sheet: 0.30s
2026-07-05 03:58:38,717 [DEBUG] [TIME] 6365 cashflow: 0.22s
2026-07-05 03:58:39,499 [DEBUG] [TIME] 6365 dividends: 0.78s
2026-07-05 03:58:39,500 [INFO] [DETAIL] 6365 電業社機械製作所: income_stmt=OK, balance_sheet=OK, cashflow=OK, dividends=OK
2026-07-05 03:58:39,500 [INFO] [TIME] 6365 電業社機械製作所 処理時間: 1.80s
2026-07-05 03:58:41,226 [DEBUG] [TIME] 6366 info: 0.24s
2026-07-05 03:58:41,226 [DEBUG] yfinance OK: 6366
2026-07-05 03:58:41,472 [DEBUG] [TIME] 6366 income_stmt: 0.25s
2026-07-05 03:58:41,741 [DEBUG] [TIME] 6366 balance_sheet: 0.27s
2026-07-05 03:58:42,004 [DEBUG] [TIME] 6366 cashflow: 0.26s
2026-07-05 03:58:42,479 [DEBUG] [TIME] 6366 dividends: 0.47s
2026-07-05 03:58:42,480 [INFO] [DETAIL] 6366 千代田化工建設: income_stmt=OK, balance_sheet=OK, cashflow=OK, dividends=OK
2026-07-05 03:58:42,480 [INFO] [TIME] 6366 千代田化工建設 処理時間: 1.49s
2026-07-05 03:58:44,469 [DEBUG] [TIME] 6367 info: 0.25s
2026-07-05 03:58:44,469 [DEBUG] yfinance OK: 6367
2026-07-05 03:58:44,703 [DEBUG] [TIME] 6367 income_stmt: 0.23s
2026-07-05 03:58:44,974 [DEBUG] [TIME] 6367 balance_sheet: 0.27s
2026-07-05 03:58:45,259 [DEBUG] [TIME] 6367 cashflow: 0.29s
2026-07-05 03:58:45,874 [DEBUG] [TIME] 6367 dividends: 0.61s
2026-07-05 03:58:45,875 [INFO] [DETAIL] 6367 ダイキン工業: income_stmt=OK, balance_sheet=OK, cashflow=OK, dividends=OK
2026-07-05 03:58:45,875 [INFO] [TIME] 6367 ダイキン工業 処理時間: 1.66s
2026-07-05 03:58:47,550 [DEBUG] [TIME] 6368 info: 0.24s
2026-07-05 03:58:47,550 [DEBUG] yfinance OK: 6368
2026-07-05 03:58:47,792 [DEBUG] [TIME] 6368 income_stmt: 0.24s
2026-07-05 03:58:48,055 [DEBUG] [TIME] 6368 balance_sheet: 0.26s
2026-07-05 03:58:48,338 [DEBUG] [TIME] 6368 cashflow: 0.28s
2026-07-05 03:58:48,725 [DEBUG] [TIME] 6368 dividends: 0.39s
2026-07-05 03:58:48,726 [INFO] [DETAIL] 6368 オルガノ: income_stmt=OK, balance_sheet=OK, cashflow=OK, dividends=OK
2026-07-05 03:58:48,726 [INFO] [TIME] 6368 オルガノ 処理時間: 1.42s
2026-07-05 03:58:50,362 [DEBUG] [TIME] 6369 info: 0.25s
2026-07-05 03:58:50,363 [DEBUG] yfinance OK: 6369
2026-07-05 03:58:50,598 [DEBUG] [TIME] 6369 income_stmt: 0.24s
2026-07-05 03:58:50,889 [DEBUG] [TIME] 6369 balance_sheet: 0.29s
2026-07-05 03:58:51,126 [DEBUG] [TIME] 6369 cashflow: 0.24s
2026-07-05 03:58:51,555 [DEBUG] [TIME] 6369 dividends: 0.43s
2026-07-05 03:58:51,556 [INFO] [DETAIL] 6369 トーヨーカネツ: income_stmt=OK, balance_sheet=OK, cashflow=OK, dividends=OK
2026-07-05 03:58:51,556 [INFO] [TIME] 6369 トーヨーカネツ 処理時間: 1.44s
2026-07-05 03:58:52,996 [DEBUG] [TIME] 6370 info: 0.24s
2026-07-05 03:58:52,996 [DEBUG] yfinance OK: 6370
2026-07-05 03:58:53,271 [DEBUG] [TIME] 6370 income_stmt: 0.28s
2026-07-05 03:58:53,569 [DEBUG] [TIME] 6370 balance_sheet: 0.30s
2026-07-05 03:58:53,810 [DEBUG] [TIME] 6370 cashflow: 0.24s
2026-07-05 03:58:54,291 [DEBUG] [TIME] 6370 dividends: 0.48s
2026-07-05 03:58:54,292 [INFO] [DETAIL] 6370 栗田工業: income_stmt=OK, balance_sheet=OK, cashflow=OK, dividends=OK
2026-07-05 03:58:54,293 [INFO] [TIME] 6370 栗田工業 処理時間: 1.53s
2026-07-05 03:58:56,387 [DEBUG] [TIME] 6371 info: 0.26s
2026-07-05 03:58:56,387 [DEBUG] yfinance OK: 6371
2026-07-05 03:58:56,659 [DEBUG] [TIME] 6371 income_stmt: 0.27s
2026-07-05 03:58:56,936 [DEBUG] [TIME] 6371 balance_sheet: 0.28s
2026-07-05 03:58:57,207 [DEBUG] [TIME] 6371 cashflow: 0.27s
2026-07-05 03:58:57,637 [DEBUG] [TIME] 6371 dividends: 0.43s
2026-07-05 03:58:57,638 [INFO] [DETAIL] 6371 椿本チエイン: income_stmt=OK, balance_sheet=OK, cashflow=OK, dividends=OK
2026-07-05 03:58:57,638 [INFO] [TIME] 6371 椿本チエイン 処理時間: 1.51s
2026-07-05 03:58:59,065 [DEBUG] [TIME] 6376 info: 0.25s
2026-07-05 03:58:59,066 [DEBUG] yfinance OK: 6376
2026-07-05 03:58:59,311 [DEBUG] [TIME] 6376 income_stmt: 0.25s
2026-07-05 03:58:59,577 [DEBUG] [TIME] 6376 balance_sheet: 0.27s
2026-07-05 03:58:59,768 [DEBUG] [TIME] 6376 cashflow: 0.19s
2026-07-05 03:59:00,314 [DEBUG] [TIME] 6376 dividends: 0.55s
2026-07-05 03:59:00,315 [INFO] [DETAIL] 6376 日機装: income_stmt=OK, balance_sheet=OK, cashflow=OK, dividends=OK
2026-07-05 03:59:00,315 [INFO] [TIME] 6376 日機装 処理時間: 1.50s
2026-07-05 03:59:01,718 [DEBUG] [TIME] 6378 info: 0.26s
2026-07-05 03:59:01,718 [DEBUG] yfinance OK: 6378
2026-07-05 03:59:01,962 [DEBUG] [TIME] 6378 income_stmt: 0.24s
2026-07-05 03:59:02,280 [DEBUG] [TIME] 6378 balance_sheet: 0.32s
2026-07-05 03:59:02,557 [DEBUG] [TIME] 6378 cashflow: 0.28s
2026-07-05 03:59:03,098 [DEBUG] [TIME] 6378 dividends: 0.54s
2026-07-05 03:59:03,099 [INFO] [DETAIL] 6378 木村化工機: income_stmt=OK, balance_sheet=OK, cashflow=OK, dividends=OK
2026-07-05 03:59:03,099 [INFO] [TIME] 6378 木村化工機 処理時間: 1.65s
2026-07-05 03:59:04,422 [DEBUG] [TIME] 6379 info: 0.27s
2026-07-05 03:59:04,422 [DEBUG] yfinance OK: 6379
2026-07-05 03:59:04,695 [DEBUG] [TIME] 6379 income_stmt: 0.27s
2026-07-05 03:59:05,013 [DEBUG] [TIME] 6379 balance_sheet: 0.32s
2026-07-05 03:59:05,276 [DEBUG] [TIME] 6379 cashflow: 0.26s
2026-07-05 03:59:05,746 [DEBUG] [TIME] 6379 dividends: 0.47s
2026-07-05 03:59:05,747 [INFO] [DETAIL] 6379 レイズネクスト: income_stmt=OK, balance_sheet=OK, cashflow=OK, dividends=OK
2026-07-05 03:59:05,747 [INFO] [TIME] 6379 レイズネクスト 処理時間: 1.59s
2026-07-05 03:59:07,879 [DEBUG] [TIME] 6380 info: 0.24s
2026-07-05 03:59:07,879 [DEBUG] yfinance OK: 6380
2026-07-05 03:59:08,183 [DEBUG] [TIME] 6380 income_stmt: 0.30s
2026-07-05 03:59:08,473 [DEBUG] [TIME] 6380 balance_sheet: 0.29s
2026-07-05 03:59:08,740 [DEBUG] [TIME] 6380 cashflow: 0.27s
2026-07-05 03:59:09,143 [DEBUG] [TIME] 6380 dividends: 0.40s
2026-07-05 03:59:09,144 [INFO] [DETAIL] 6380 オリエンタルチエン工業: income_stmt=OK, balance_sheet=OK, cashflow=OK, dividends=OK
2026-07-05 03:59:09,144 [INFO] [TIME] 6380 オリエンタルチエン工業 処理時間: 1.50s
2026-07-05 03:59:11,370 [DEBUG] [TIME] 6381 info: 0.24s
2026-07-05 03:59:11,370 [DEBUG] yfinance OK: 6381
2026-07-05 03:59:11,608 [DEBUG] [TIME] 6381 income_stmt: 0.24s
2026-07-05 03:59:11,880 [DEBUG] [TIME] 6381 balance_sheet: 0.27s
2026-07-05 03:59:12,103 [DEBUG] [TIME] 6381 cashflow: 0.22s
2026-07-05 03:59:12,545 [DEBUG] [TIME] 6381 dividends: 0.44s
2026-07-05 03:59:12,546 [INFO] [DETAIL] 6381 アネスト岩田: income_stmt=OK, balance_sheet=OK, cashflow=OK, dividends=OK
2026-07-05 03:59:12,546 [INFO] [TIME] 6381 アネスト岩田 処理時間: 1.41s
2026-07-05 03:59:14,487 [DEBUG] [TIME] 6382 info: 0.32s
2026-07-05 03:59:14,487 [DEBUG] yfinance OK: 6382
2026-07-05 03:59:14,728 [DEBUG] [TIME] 6382 income_stmt: 0.24s
2026-07-05 03:59:15,040 [DEBUG] [TIME] 6382 balance_sheet: 0.31s
2026-07-05 03:59:15,274 [DEBUG] [TIME] 6382 cashflow: 0.23s
2026-07-05 03:59:15,911 [DEBUG] [TIME] 6382 dividends: 0.64s
2026-07-05 03:59:15,912 [INFO] [DETAIL] 6382 トリニティ工業: income_stmt=OK, balance_sheet=OK, cashflow=OK, dividends=OK
2026-07-05 03:59:15,912 [INFO] [TIME] 6382 トリニティ工業 処理時間: 1.74s
2026-07-05 03:59:17,745 [DEBUG] [TIME] 6383 info: 0.27s
2026-07-05 03:59:17,745 [DEBUG] yfinance OK: 6383
2026-07-05 03:59:17,982 [DEBUG] [TIME] 6383 income_stmt: 0.24s
2026-07-05 03:59:18,256 [DEBUG] [TIME] 6383 balance_sheet: 0.27s
2026-07-05 03:59:18,480 [DEBUG] [TIME] 6383 cashflow: 0.22s
2026-07-05 03:59:19,142 [DEBUG] [TIME] 6383 dividends: 0.66s
2026-07-05 03:59:19,143 [INFO] [DETAIL] 6383 ダイフク: income_stmt=OK, balance_sheet=OK, cashflow=OK, dividends=OK
2026-07-05 03:59:19,143 [INFO] [TIME] 6383 ダイフク 処理時間: 1.66s
2026-07-05 03:59:20,774 [DEBUG] [TIME] 6384 info: 0.24s
2026-07-05 03:59:20,775 [DEBUG] yfinance OK: 6384
2026-07-05 03:59:21,020 [DEBUG] [TIME] 6384 income_stmt: 0.25s
2026-07-05 03:59:21,312 [DEBUG] [TIME] 6384 balance_sheet: 0.29s
2026-07-05 03:59:21,511 [DEBUG] [TIME] 6384 cashflow: 0.20s
2026-07-05 03:59:21,916 [DEBUG] [TIME] 6384 dividends: 0.40s
2026-07-05 03:59:21,917 [INFO] [DETAIL] 6384 昭和真空: income_stmt=OK, balance_sheet=OK, cashflow=OK, dividends=OK
2026-07-05 03:59:21,917 [INFO] [TIME] 6384 昭和真空 処理時間: 1.39s
2026-07-05 03:59:23,588 [DEBUG] [TIME] 6387 info: 0.27s
2026-07-05 03:59:23,588 [DEBUG] yfinance OK: 6387
2026-07-05 03:59:23,828 [DEBUG] [TIME] 6387 income_stmt: 0.24s
2026-07-05 03:59:24,107 [DEBUG] [TIME] 6387 balance_sheet: 0.28s
2026-07-05 03:59:24,371 [DEBUG] [TIME] 6387 cashflow: 0.26s
2026-07-05 03:59:25,080 [DEBUG] [TIME] 6387 dividends: 0.71s
2026-07-05 03:59:25,081 [INFO] [DETAIL] 6387 サムコ: income_stmt=OK, balance_sheet=OK, cashflow=OK, dividends=OK
2026-07-05 03:59:25,081 [INFO] [TIME] 6387 サムコ 処理時間: 1.76s
2026-07-05 03:59:26,897 [DEBUG] [TIME] 6390 info: 0.24s
2026-07-05 03:59:26,897 [DEBUG] yfinance OK: 6390
2026-07-05 03:59:27,196 [DEBUG] [TIME] 6390 income_stmt: 0.30s
2026-07-05 03:59:27,440 [DEBUG] [TIME] 6390 balance_sheet: 0.24s
2026-07-05 03:59:27,716 [DEBUG] [TIME] 6390 cashflow: 0.28s
2026-07-05 03:59:28,165 [DEBUG] [TIME] 6390 dividends: 0.45s
2026-07-05 03:59:28,166 [INFO] [DETAIL] 6390 加藤製作所: income_stmt=OK, balance_sheet=OK, cashflow=OK, dividends=OK
2026-07-05 03:59:28,166 [INFO] [TIME] 6390 加藤製作所 処理時間: 1.51s
2026-07-05 03:59:29,917 [DEBUG] [TIME] 6391 info: 0.24s
2026-07-05 03:59:29,917 [DEBUG] yfinance OK: 6391
2026-07-05 03:59:30,151 [DEBUG] [TIME] 6391 income_stmt: 0.23s
2026-07-05 03:59:30,423 [DEBUG] [TIME] 6391 balance_sheet: 0.27s
2026-07-05 03:59:30,698 [DEBUG] [TIME] 6391 cashflow: 0.27s
2026-07-05 03:59:31,203 [DEBUG] [TIME] 6391 dividends: 0.50s
2026-07-05 03:59:31,204 [INFO] [DETAIL] 6391 加地テック: income_stmt=OK, balance_sheet=OK, cashflow=OK, dividends=OK
2026-07-05 03:59:31,204 [INFO] [TIME] 6391 加地テック 処理時間: 1.53s
2026-07-05 03:59:32,486 [DEBUG] [TIME] 6392 info: 0.25s
2026-07-05 03:59:32,486 [DEBUG] yfinance OK: 6392
2026-07-05 03:59:32,751 [DEBUG] [TIME] 6392 income_stmt: 0.27s
2026-07-05 03:59:33,041 [DEBUG] [TIME] 6392 balance_sheet: 0.29s
2026-07-05 03:59:33,308 [DEBUG] [TIME] 6392 cashflow: 0.27s
2026-07-05 03:59:33,737 [DEBUG] [TIME] 6392 dividends: 0.43s
2026-07-05 03:59:33,737 [INFO] [DETAIL] 6392 ヤマダコーポレーション: income_stmt=OK, balance_sheet=OK, cashflow=OK, dividends=OK
2026-07-05 03:59:33,737 [INFO] [TIME] 6392 ヤマダコーポレーション 処理時間: 1.51s
2026-07-05 03:59:35,365 [DEBUG] [TIME] 6393 info: 0.24s
2026-07-05 03:59:35,365 [DEBUG] yfinance OK: 6393
2026-07-05 03:59:35,622 [DEBUG] [TIME] 6393 income_stmt: 0.26s
2026-07-05 03:59:35,877 [DEBUG] [TIME] 6393 balance_sheet: 0.25s
2026-07-05 03:59:36,100 [DEBUG] [TIME] 6393 cashflow: 0.22s
2026-07-05 03:59:36,711 [DEBUG] [TIME] 6393 dividends: 0.61s
2026-07-05 03:59:36,712 [INFO] [DETAIL] 6393 油研工業: income_stmt=OK, balance_sheet=OK, cashflow=OK, dividends=OK
2026-07-05 03:59:36,712 [INFO] [TIME] 6393 油研工業 処理時間: 1.59s
2026-07-05 03:59:38,772 [DEBUG] [TIME] 6395 info: 0.25s
2026-07-05 03:59:38,772 [DEBUG] yfinance OK: 6395
2026-07-05 03:59:39,035 [DEBUG] [TIME] 6395 income_stmt: 0.26s
2026-07-05 03:59:39,324 [DEBUG] [TIME] 6395 balance_sheet: 0.29s
2026-07-05 03:59:39,559 [DEBUG] [TIME] 6395 cashflow: 0.23s
2026-07-05 03:59:40,159 [DEBUG] [TIME] 6395 dividends: 0.60s
2026-07-05 03:59:40,160 [INFO] [DETAIL] 6395 タダノ: income_stmt=OK, balance_sheet=OK, cashflow=OK, dividends=OK
2026-07-05 03:59:40,160 [INFO] [TIME] 6395 タダノ 処理時間: 1.64s
2026-07-05 03:59:41,522 [DEBUG] [TIME] 6396 info: 0.24s
2026-07-05 03:59:41,522 [DEBUG] yfinance OK: 6396
2026-07-05 03:59:41,789 [DEBUG] [TIME] 6396 income_stmt: 0.27s
2026-07-05 03:59:42,088 [DEBUG] [TIME] 6396 balance_sheet: 0.30s
2026-07-05 03:59:42,332 [DEBUG] [TIME] 6396 cashflow: 0.24s
2026-07-05 03:59:42,789 [DEBUG] [TIME] 6396 dividends: 0.46s
2026-07-05 03:59:42,790 [INFO] [DETAIL] 6396 宇野澤組鐵工所: income_stmt=OK, balance_sheet=OK, cashflow=OK, dividends=OK
2026-07-05 03:59:42,790 [INFO] [TIME] 6396 宇野澤組鐵工所 処理時間: 1.51s
2026-07-05 03:59:44,612 [DEBUG] [TIME] 6400 info: 0.24s
2026-07-05 03:59:44,612 [DEBUG] yfinance OK: 6400
2026-07-05 03:59:44,844 [DEBUG] [TIME] 6400 income_stmt: 0.23s
2026-07-05 03:59:45,145 [DEBUG] [TIME] 6400 balance_sheet: 0.30s
2026-07-05 03:59:45,397 [DEBUG] [TIME] 6400 cashflow: 0.25s
2026-07-05 03:59:45,826 [DEBUG] [TIME] 6400 dividends: 0.43s
2026-07-05 03:59:45,827 [INFO] [DETAIL] 6400 不二精機: income_stmt=OK, balance_sheet=OK, cashflow=OK, dividends=OK
2026-07-05 03:59:45,827 [INFO] [TIME] 6400 不二精機 処理時間: 1.46s
2026-07-05 03:59:47,166 [DEBUG] [TIME] 6402 info: 0.25s
2026-07-05 03:59:47,166 [DEBUG] yfinance OK: 6402
2026-07-05 03:59:47,405 [DEBUG] [TIME] 6402 income_stmt: 0.24s
2026-07-05 03:59:47,710 [DEBUG] [TIME] 6402 balance_sheet: 0.30s
2026-07-05 03:59:47,942 [DEBUG] [TIME] 6402 cashflow: 0.23s
2026-07-05 03:59:48,505 [DEBUG] [TIME] 6402 dividends: 0.56s
2026-07-05 03:59:48,506 [INFO] [DETAIL] 6402 兼松エンジニアリング: income_stmt=OK, balance_sheet=OK, cashflow=OK, dividends=OK
2026-07-05 03:59:48,506 [INFO] [TIME] 6402 兼松エンジニアリング 処理時間: 1.59s
2026-07-05 03:59:50,342 [DEBUG] [TIME] 6403 info: 0.24s
2026-07-05 03:59:50,342 [WARNING] yfinance データなし: 6403
2026-07-05 03:59:50,342 [INFO] [TIME] 6403 水道機工 処理時間: 0.24s
2026-07-05 03:59:52,520 [DEBUG] [TIME] 6405 info: 0.26s
2026-07-05 03:59:52,520 [DEBUG] yfinance OK: 6405
2026-07-05 03:59:52,832 [DEBUG] [TIME] 6405 income_stmt: 0.31s
2026-07-05 03:59:53,113 [DEBUG] [TIME] 6405 balance_sheet: 0.28s
2026-07-05 03:59:53,362 [DEBUG] [TIME] 6405 cashflow: 0.25s
2026-07-05 03:59:53,892 [DEBUG] [TIME] 6405 dividends: 0.53s
2026-07-05 03:59:53,892 [INFO] [DETAIL] 6405 鈴茂器工: income_stmt=OK, balance_sheet=OK, cashflow=OK, dividends=OK
2026-07-05 03:59:53,892 [INFO] [TIME] 6405 鈴茂器工 処理時間: 1.63s
2026-07-05 03:59:55,297 [DEBUG] [TIME] 6407 info: 0.26s
2026-07-05 03:59:55,297 [DEBUG] yfinance OK: 6407
2026-07-05 03:59:55,560 [DEBUG] [TIME] 6407 income_stmt: 0.26s
2026-07-05 03:59:55,830 [DEBUG] [TIME] 6407 balance_sheet: 0.27s
2026-07-05 03:59:56,068 [DEBUG] [TIME] 6407 cashflow: 0.24s
2026-07-05 03:59:56,531 [DEBUG] [TIME] 6407 dividends: 0.46s
2026-07-05 03:59:56,531 [INFO] [DETAIL] 6407 ＣＫＤ: income_stmt=OK, balance_sheet=OK, cashflow=OK, dividends=OK
2026-07-05 03:59:56,532 [INFO] [TIME] 6407 ＣＫＤ 処理時間: 1.49s
2026-07-05 03:59:58,234 [DEBUG] [TIME] 6408 info: 0.25s
2026-07-05 03:59:58,234 [DEBUG] yfinance OK: 6408
2026-07-05 03:59:58,465 [DEBUG] [TIME] 6408 income_stmt: 0.23s
2026-07-05 03:59:58,754 [DEBUG] [TIME] 6408 balance_sheet: 0.29s
2026-07-05 03:59:59,013 [DEBUG] [TIME] 6408 cashflow: 0.26s
2026-07-05 03:59:59,594 [DEBUG] [TIME] 6408 dividends: 0.58s
2026-07-05 03:59:59,595 [INFO] [DETAIL] 6408 小倉クラッチ: income_stmt=OK, balance_sheet=OK, cashflow=OK, dividends=OK
2026-07-05 03:59:59,595 [INFO] [TIME] 6408 小倉クラッチ 処理時間: 1.61s
2026-07-05 04:00:01,187 [DEBUG] [TIME] 6412 info: 0.27s
2026-07-05 04:00:01,187 [DEBUG] yfinance OK: 6412
2026-07-05 04:00:01,445 [DEBUG] [TIME] 6412 income_stmt: 0.26s
2026-07-05 04:00:01,742 [DEBUG] [TIME] 6412 balance_sheet: 0.30s
2026-07-05 04:00:01,980 [DEBUG] [TIME] 6412 cashflow: 0.24s
2026-07-05 04:00:02,657 [DEBUG] [TIME] 6412 dividends: 0.68s
2026-07-05 04:00:02,658 [INFO] [DETAIL] 6412 平和: income_stmt=OK, balance_sheet=OK, cashflow=OK, dividends=OK
2026-07-05 04:00:02,658 [INFO] [TIME] 6412 平和 処理時間: 1.74s
2026-07-05 04:00:04,691 [DEBUG] [TIME] 6413 info: 0.25s
2026-07-05 04:00:04,692 [DEBUG] yfinance OK: 6413
2026-07-05 04:00:04,943 [DEBUG] [TIME] 6413 income_stmt: 0.25s
2026-07-05 04:00:05,230 [DEBUG] [TIME] 6413 balance_sheet: 0.29s
2026-07-05 04:00:05,435 [DEBUG] [TIME] 6413 cashflow: 0.20s
2026-07-05 04:00:05,877 [DEBUG] [TIME] 6413 dividends: 0.44s
2026-07-05 04:00:05,878 [INFO] [DETAIL] 6413 理想科学工業: income_stmt=OK, balance_sheet=OK, cashflow=OK, dividends=OK
2026-07-05 04:00:05,878 [INFO] [TIME] 6413 理想科学工業 処理時間: 1.43s
2026-07-05 04:00:07,163 [DEBUG] [TIME] 6417 info: 0.25s
2026-07-05 04:00:07,163 [DEBUG] yfinance OK: 6417
2026-07-05 04:00:07,433 [DEBUG] [TIME] 6417 income_stmt: 0.27s
2026-07-05 04:00:07,709 [DEBUG] [TIME] 6417 balance_sheet: 0.28s
2026-07-05 04:00:07,971 [DEBUG] [TIME] 6417 cashflow: 0.26s
2026-07-05 04:00:08,532 [DEBUG] [TIME] 6417 dividends: 0.56s
2026-07-05 04:00:08,533 [INFO] [DETAIL] 6417 ＳＡＮＫＹＯ: income_stmt=OK, balance_sheet=OK, cashflow=OK, dividends=OK
2026-07-05 04:00:08,533 [INFO] [TIME] 6417 ＳＡＮＫＹＯ 処理時間: 1.62s
2026-07-05 04:00:10,698 [DEBUG] [TIME] 6418 info: 0.24s
2026-07-05 04:00:10,698 [DEBUG] yfinance OK: 6418
2026-07-05 04:00:10,956 [DEBUG] [TIME] 6418 income_stmt: 0.26s
2026-07-05 04:00:11,249 [DEBUG] [TIME] 6418 balance_sheet: 0.29s
2026-07-05 04:00:11,520 [DEBUG] [TIME] 6418 cashflow: 0.27s
2026-07-05 04:00:12,081 [DEBUG] [TIME] 6418 dividends: 0.56s
2026-07-05 04:00:12,082 [INFO] [DETAIL] 6418 日本金銭機械: income_stmt=OK, balance_sheet=OK, cashflow=OK, dividends=OK
2026-07-05 04:00:12,082 [INFO] [TIME] 6418 日本金銭機械 処理時間: 1.63s
2026-07-05 04:00:13,841 [DEBUG] [TIME] 6419 info: 0.24s
2026-07-05 04:00:13,841 [DEBUG] yfinance OK: 6419
2026-07-05 04:00:14,072 [DEBUG] [TIME] 6419 income_stmt: 0.23s
2026-07-05 04:00:14,325 [DEBUG] [TIME] 6419 balance_sheet: 0.25s
2026-07-05 04:00:14,592 [DEBUG] [TIME] 6419 cashflow: 0.27s
2026-07-05 04:00:15,337 [DEBUG] [TIME] 6419 dividends: 0.74s
2026-07-05 04:00:15,338 [INFO] [DETAIL] 6419 マースグループホールディングス: income_stmt=OK, balance_sheet=OK, cashflow=OK, dividends=OK
2026-07-05 04:00:15,338 [INFO] [TIME] 6419 マースグループホールディングス 処理時間: 1.74s
2026-07-05 04:00:16,626 [DEBUG] [TIME] 6420 info: 0.24s
2026-07-05 04:00:16,626 [DEBUG] yfinance OK: 6420
2026-07-05 04:00:16,855 [DEBUG] [TIME] 6420 income_stmt: 0.23s
2026-07-05 04:00:17,106 [DEBUG] [TIME] 6420 balance_sheet: 0.25s
2026-07-05 04:00:17,360 [DEBUG] [TIME] 6420 cashflow: 0.25s
2026-07-05 04:00:17,914 [DEBUG] [TIME] 6420 dividends: 0.55s
2026-07-05 04:00:17,915 [INFO] [DETAIL] 6420 ガリレイ: income_stmt=OK, balance_sheet=OK, cashflow=OK, dividends=OK
2026-07-05 04:00:17,915 [INFO] [TIME] 6420 ガリレイ 処理時間: 1.53s
2026-07-05 04:00:19,530 [DEBUG] [TIME] 6424 info: 0.24s
2026-07-05 04:00:19,530 [DEBUG] yfinance OK: 6424
2026-07-05 04:00:19,759 [DEBUG] [TIME] 6424 income_stmt: 0.23s
2026-07-05 04:00:20,030 [DEBUG] [TIME] 6424 balance_sheet: 0.27s
2026-07-05 04:00:20,304 [DEBUG] [TIME] 6424 cashflow: 0.27s
2026-07-05 04:00:20,709 [DEBUG] [TIME] 6424 dividends: 0.40s
2026-07-05 04:00:20,710 [INFO] [DETAIL] 6424 高見沢サイバネティックス: income_stmt=OK, balance_sheet=OK, cashflow=OK, dividends=OK
2026-07-05 04:00:20,710 [INFO] [TIME] 6424 高見沢サイバネティックス 処理時間: 1.42s
2026-07-05 04:00:22,477 [DEBUG] [TIME] 6425 info: 0.24s
2026-07-05 04:00:22,477 [DEBUG] yfinance OK: 6425
2026-07-05 04:00:22,719 [DEBUG] [TIME] 6425 income_stmt: 0.24s
2026-07-05 04:00:23,014 [DEBUG] [TIME] 6425 balance_sheet: 0.29s
2026-07-05 04:00:23,259 [DEBUG] [TIME] 6425 cashflow: 0.24s
2026-07-05 04:00:23,762 [DEBUG] [TIME] 6425 dividends: 0.50s
2026-07-05 04:00:23,762 [INFO] [DETAIL] 6425 ユニバーサルエンターテインメント: income_stmt=OK, balance_sheet=OK, cashflow=OK, dividends=OK
2026-07-05 04:00:23,762 [INFO] [TIME] 6425 ユニバーサルエンターテインメント 処理時間: 1.52s
2026-07-05 04:00:25,440 [DEBUG] [TIME] 6428 info: 0.25s
2026-07-05 04:00:25,440 [DEBUG] yfinance OK: 6428
2026-07-05 04:00:25,741 [DEBUG] [TIME] 6428 income_stmt: 0.30s
2026-07-05 04:00:26,012 [DEBUG] [TIME] 6428 balance_sheet: 0.27s
2026-07-05 04:00:26,328 [DEBUG] [TIME] 6428 cashflow: 0.31s
2026-07-05 04:00:26,788 [DEBUG] [TIME] 6428 dividends: 0.46s
2026-07-05 04:00:26,788 [INFO] [DETAIL] 6428 オーイズミ: income_stmt=OK, balance_sheet=OK, cashflow=OK, dividends=OK
2026-07-05 04:00:26,788 [INFO] [TIME] 6428 オーイズミ 処理時間: 1.59s
2026-07-05 04:00:28,057 [DEBUG] [TIME] 6430 info: 0.24s
2026-07-05 04:00:28,057 [DEBUG] yfinance OK: 6430
2026-07-05 04:00:28,309 [DEBUG] [TIME] 6430 income_stmt: 0.25s
2026-07-05 04:00:28,606 [DEBUG] [TIME] 6430 balance_sheet: 0.30s
2026-07-05 04:00:28,881 [DEBUG] [TIME] 6430 cashflow: 0.27s
2026-07-05 04:00:29,303 [DEBUG] [TIME] 6430 dividends: 0.42s
2026-07-05 04:00:29,304 [INFO] [DETAIL] 6430 ダイコク電機: income_stmt=OK, balance_sheet=OK, cashflow=OK, dividends=OK
2026-07-05 04:00:29,304 [INFO] [TIME] 6430 ダイコク電機 処理時間: 1.49s
2026-07-05 04:00:31,179 [DEBUG] [TIME] 6432 info: 0.32s
2026-07-05 04:00:31,180 [DEBUG] yfinance OK: 6432
2026-07-05 04:00:31,409 [DEBUG] [TIME] 6432 income_stmt: 0.23s
2026-07-05 04:00:31,671 [DEBUG] [TIME] 6432 balance_sheet: 0.26s
2026-07-05 04:00:31,934 [DEBUG] [TIME] 6432 cashflow: 0.26s
2026-07-05 04:00:32,492 [DEBUG] [TIME] 6432 dividends: 0.56s
2026-07-05 04:00:32,493 [INFO] [DETAIL] 6432 竹内製作所: income_stmt=OK, balance_sheet=OK, cashflow=OK, dividends=OK
2026-07-05 04:00:32,493 [INFO] [TIME] 6432 竹内製作所 処理時間: 1.63s
2026-07-05 04:00:34,169 [DEBUG] [TIME] 6433 info: 0.24s
2026-07-05 04:00:34,169 [DEBUG] yfinance OK: 6433
2026-07-05 04:00:34,399 [DEBUG] [TIME] 6433 income_stmt: 0.23s
2026-07-05 04:00:34,674 [DEBUG] [TIME] 6433 balance_sheet: 0.27s
2026-07-05 04:00:34,940 [DEBUG] [TIME] 6433 cashflow: 0.27s
2026-07-05 04:00:35,400 [DEBUG] [TIME] 6433 dividends: 0.46s
2026-07-05 04:00:35,400 [INFO] [DETAIL] 6433 ヒーハイスト: income_stmt=OK, balance_sheet=OK, cashflow=OK, dividends=OK
2026-07-05 04:00:35,400 [INFO] [TIME] 6433 ヒーハイスト 処理時間: 1.47s
2026-07-05 04:00:37,103 [DEBUG] [TIME] 6436 info: 0.26s
2026-07-05 04:00:37,103 [DEBUG] yfinance OK: 6436
2026-07-05 04:00:37,349 [DEBUG] [TIME] 6436 income_stmt: 0.25s
2026-07-05 04:00:37,643 [DEBUG] [TIME] 6436 balance_sheet: 0.29s
2026-07-05 04:00:37,876 [DEBUG] [TIME] 6436 cashflow: 0.23s
2026-07-05 04:00:38,629 [DEBUG] [TIME] 6436 dividends: 0.75s
2026-07-05 04:00:38,630 [INFO] [DETAIL] 6436 アマノ: income_stmt=OK, balance_sheet=OK, cashflow=OK, dividends=OK
2026-07-05 04:00:38,630 [INFO] [TIME] 6436 アマノ 処理時間: 1.79s
2026-07-05 04:00:40,320 [DEBUG] [TIME] 6440 info: 0.24s
2026-07-05 04:00:40,320 [DEBUG] yfinance OK: 6440
2026-07-05 04:00:40,551 [DEBUG] [TIME] 6440 income_stmt: 0.23s
2026-07-05 04:00:40,838 [DEBUG] [TIME] 6440 balance_sheet: 0.29s
2026-07-05 04:00:41,100 [DEBUG] [TIME] 6440 cashflow: 0.26s
2026-07-05 04:00:41,828 [DEBUG] [TIME] 6440 dividends: 0.73s
2026-07-05 04:00:41,829 [INFO] [DETAIL] 6440 ＪＵＫＩ: income_stmt=OK, balance_sheet=OK, cashflow=OK, dividends=OK
2026-07-05 04:00:41,829 [INFO] [TIME] 6440 ＪＵＫＩ 処理時間: 1.75s
2026-07-05 04:00:43,567 [DEBUG] [TIME] 6444 info: 0.24s
2026-07-05 04:00:43,567 [DEBUG] yfinance OK: 6444
2026-07-05 04:00:43,841 [DEBUG] [TIME] 6444 income_stmt: 0.27s
2026-07-05 04:00:44,171 [DEBUG] [TIME] 6444 balance_sheet: 0.33s
2026-07-05 04:00:44,405 [DEBUG] [TIME] 6444 cashflow: 0.23s
2026-07-05 04:00:44,976 [DEBUG] [TIME] 6444 dividends: 0.57s
2026-07-05 04:00:44,976 [INFO] [DETAIL] 6444 サンデン: income_stmt=OK, balance_sheet=OK, cashflow=OK, dividends=OK
2026-07-05 04:00:44,976 [INFO] [TIME] 6444 サンデン 処理時間: 1.65s
2026-07-05 04:00:47,131 [DEBUG] [TIME] 6445 info: 0.24s
2026-07-05 04:00:47,131 [DEBUG] yfinance OK: 6445
2026-07-05 04:00:47,392 [DEBUG] [TIME] 6445 income_stmt: 0.26s
2026-07-05 04:00:47,654 [DEBUG] [TIME] 6445 balance_sheet: 0.26s
2026-07-05 04:00:47,915 [DEBUG] [TIME] 6445 cashflow: 0.26s
2026-07-05 04:00:48,341 [DEBUG] [TIME] 6445 dividends: 0.43s
2026-07-05 04:00:48,342 [INFO] [DETAIL] 6445 ジャノメ: income_stmt=OK, balance_sheet=OK, cashflow=OK, dividends=OK
2026-07-05 04:00:48,342 [INFO] [TIME] 6445 ジャノメ 処理時間: 1.45s
2026-07-05 04:00:49,691 [DEBUG] [TIME] 6448 info: 0.24s
2026-07-05 04:00:49,691 [DEBUG] yfinance OK: 6448
2026-07-05 04:00:49,929 [DEBUG] [TIME] 6448 income_stmt: 0.24s
2026-07-05 04:00:50,209 [DEBUG] [TIME] 6448 balance_sheet: 0.28s
2026-07-05 04:00:50,462 [DEBUG] [TIME] 6448 cashflow: 0.25s
2026-07-05 04:00:51,097 [DEBUG] [TIME] 6448 dividends: 0.63s
2026-07-05 04:00:51,098 [INFO] [DETAIL] 6448 ブラザー工業: income_stmt=OK, balance_sheet=OK, cashflow=OK, dividends=OK
2026-07-05 04:00:51,098 [INFO] [TIME] 6448 ブラザー工業 処理時間: 1.64s
2026-07-05 04:00:52,378 [DEBUG] [TIME] 6454 info: 0.26s
2026-07-05 04:00:52,378 [DEBUG] yfinance OK: 6454
2026-07-05 04:00:52,629 [DEBUG] [TIME] 6454 income_stmt: 0.25s
2026-07-05 04:00:52,894 [DEBUG] [TIME] 6454 balance_sheet: 0.26s
2026-07-05 04:00:53,124 [DEBUG] [TIME] 6454 cashflow: 0.23s
2026-07-05 04:00:53,540 [DEBUG] [TIME] 6454 dividends: 0.42s
2026-07-05 04:00:53,541 [INFO] [DETAIL] 6454 マックス: income_stmt=OK, balance_sheet=OK, cashflow=OK, dividends=OK
2026-07-05 04:00:53,541 [INFO] [TIME] 6454 マックス 処理時間: 1.43s
2026-07-05 04:00:55,136 [DEBUG] [TIME] 6455 info: 0.23s
2026-07-05 04:00:55,136 [DEBUG] yfinance OK: 6455
2026-07-05 04:00:55,390 [DEBUG] [TIME] 6455 income_stmt: 0.25s
2026-07-05 04:00:55,672 [DEBUG] [TIME] 6455 balance_sheet: 0.28s
2026-07-05 04:00:55,957 [DEBUG] [TIME] 6455 cashflow: 0.28s
2026-07-05 04:00:56,329 [DEBUG] [TIME] 6455 dividends: 0.37s
2026-07-05 04:00:56,330 [INFO] [DETAIL] 6455 モリタホールディングス: income_stmt=OK, balance_sheet=OK, cashflow=OK, dividends=OK
2026-07-05 04:00:56,330 [INFO] [TIME] 6455 モリタホールディングス 処理時間: 1.43s
2026-07-05 04:00:57,845 [DEBUG] [TIME] 6457 info: 0.27s
2026-07-05 04:00:57,845 [DEBUG] yfinance OK: 6457
2026-07-05 04:00:58,116 [DEBUG] [TIME] 6457 income_stmt: 0.27s
2026-07-05 04:00:58,643 [DEBUG] [TIME] 6457 balance_sheet: 0.53s
2026-07-05 04:00:58,903 [DEBUG] [TIME] 6457 cashflow: 0.26s
2026-07-05 04:00:59,470 [DEBUG] [TIME] 6457 dividends: 0.57s
2026-07-05 04:00:59,471 [INFO] [DETAIL] 6457 グローリー: income_stmt=OK, balance_sheet=OK, cashflow=OK, dividends=OK
2026-07-05 04:00:59,471 [INFO] [TIME] 6457 グローリー 処理時間: 1.89s
2026-07-05 04:01:01,572 [DEBUG] [TIME] 6458 info: 0.27s
2026-07-05 04:01:01,572 [DEBUG] yfinance OK: 6458
2026-07-05 04:01:01,822 [DEBUG] [TIME] 6458 income_stmt: 0.25s
2026-07-05 04:01:02,117 [DEBUG] [TIME] 6458 balance_sheet: 0.30s
2026-07-05 04:01:02,394 [DEBUG] [TIME] 6458 cashflow: 0.28s
2026-07-05 04:01:03,042 [DEBUG] [TIME] 6458 dividends: 0.65s
2026-07-05 04:01:03,043 [INFO] [DETAIL] 6458 新晃工業: income_stmt=OK, balance_sheet=OK, cashflow=OK, dividends=OK
2026-07-05 04:01:03,043 [INFO] [TIME] 6458 新晃工業 処理時間: 1.74s
2026-07-05 04:01:04,441 [DEBUG] [TIME] 6459 info: 0.24s
2026-07-05 04:01:04,441 [DEBUG] yfinance OK: 6459
2026-07-05 04:01:04,695 [DEBUG] [TIME] 6459 income_stmt: 0.25s
2026-07-05 04:01:04,974 [DEBUG] [TIME] 6459 balance_sheet: 0.28s
2026-07-05 04:01:05,208 [DEBUG] [TIME] 6459 cashflow: 0.23s
2026-07-05 04:01:05,653 [DEBUG] [TIME] 6459 dividends: 0.44s
2026-07-05 04:01:05,654 [INFO] [DETAIL] 6459 大和冷機工業: income_stmt=OK, balance_sheet=OK, cashflow=OK, dividends=OK
2026-07-05 04:01:05,654 [INFO] [TIME] 6459 大和冷機工業 処理時間: 1.45s
2026-07-05 04:01:06,912 [DEBUG] [TIME] 6460 info: 0.24s
2026-07-05 04:01:06,912 [DEBUG] yfinance OK: 6460
2026-07-05 04:01:07,175 [DEBUG] [TIME] 6460 income_stmt: 0.26s
2026-07-05 04:01:07,460 [DEBUG] [TIME] 6460 balance_sheet: 0.29s
2026-07-05 04:01:07,715 [DEBUG] [TIME] 6460 cashflow: 0.25s
2026-07-05 04:01:08,344 [DEBUG] [TIME] 6460 dividends: 0.63s
2026-07-05 04:01:08,344 [INFO] [DETAIL] 6460 セガサミーホールディングス: income_stmt=OK, balance_sheet=OK, cashflow=OK, dividends=OK
2026-07-05 04:01:08,345 [INFO] [TIME] 6460 セガサミーホールディングス 処理時間: 1.67s
2026-07-05 04:01:10,325 [DEBUG] [TIME] 6463 info: 0.24s
2026-07-05 04:01:10,325 [DEBUG] yfinance OK: 6463
2026-07-05 04:01:10,545 [DEBUG] [TIME] 6463 income_stmt: 0.22s
2026-07-05 04:01:10,850 [DEBUG] [TIME] 6463 balance_sheet: 0.30s
2026-07-05 04:01:11,062 [DEBUG] [TIME] 6463 cashflow: 0.21s
2026-07-05 04:01:11,734 [DEBUG] [TIME] 6463 dividends: 0.67s
2026-07-05 04:01:11,735 [INFO] [DETAIL] 6463 ＴＰＲ: income_stmt=OK, balance_sheet=OK, cashflow=OK, dividends=OK
2026-07-05 04:01:11,735 [INFO] [TIME] 6463 ＴＰＲ 処理時間: 1.65s
2026-07-05 04:01:13,186 [DEBUG] [TIME] 6464 info: 0.24s
2026-07-05 04:01:13,186 [DEBUG] yfinance OK: 6464
2026-07-05 04:01:13,428 [DEBUG] [TIME] 6464 income_stmt: 0.24s
2026-07-05 04:01:13,708 [DEBUG] [TIME] 6464 balance_sheet: 0.28s
2026-07-05 04:01:13,953 [DEBUG] [TIME] 6464 cashflow: 0.24s
2026-07-05 04:01:14,346 [DEBUG] [TIME] 6464 dividends: 0.39s
2026-07-05 04:01:14,347 [INFO] [DETAIL] 6464 ツバキ・ナカシマ: income_stmt=OK, balance_sheet=OK, cashflow=OK, dividends=OK
2026-07-05 04:01:14,347 [INFO] [TIME] 6464 ツバキ・ナカシマ 処理時間: 1.40s
2026-07-05 04:01:16,246 [DEBUG] [TIME] 6465 info: 0.24s
2026-07-05 04:01:16,246 [DEBUG] yfinance OK: 6465
2026-07-05 04:01:16,483 [DEBUG] [TIME] 6465 income_stmt: 0.24s
2026-07-05 04:01:16,772 [DEBUG] [TIME] 6465 balance_sheet: 0.29s
2026-07-05 04:01:17,042 [DEBUG] [TIME] 6465 cashflow: 0.27s
2026-07-05 04:01:17,610 [DEBUG] [TIME] 6465 dividends: 0.57s
2026-07-05 04:01:17,610 [INFO] [DETAIL] 6465 ホシザキ: income_stmt=OK, balance_sheet=OK, cashflow=OK, dividends=OK
2026-07-05 04:01:17,610 [INFO] [TIME] 6465 ホシザキ 処理時間: 1.60s
2026-07-05 04:01:19,276 [DEBUG] [TIME] 6466 info: 0.24s
2026-07-05 04:01:19,276 [DEBUG] yfinance OK: 6466
2026-07-05 04:01:19,549 [DEBUG] [TIME] 6466 income_stmt: 0.27s
2026-07-05 04:01:19,830 [DEBUG] [TIME] 6466 balance_sheet: 0.28s
2026-07-05 04:01:20,089 [DEBUG] [TIME] 6466 cashflow: 0.26s
2026-07-05 04:01:20,476 [DEBUG] [TIME] 6466 dividends: 0.39s
2026-07-05 04:01:20,477 [INFO] [DETAIL] 6466 ＴＶＥ: income_stmt=OK, balance_sheet=OK, cashflow=OK, dividends=OK
2026-07-05 04:01:20,477 [INFO] [TIME] 6466 ＴＶＥ 処理時間: 1.44s
2026-07-05 04:01:22,532 [DEBUG] [TIME] 6467 info: 0.25s
2026-07-05 04:01:22,532 [DEBUG] yfinance OK: 6467
2026-07-05 04:01:22,772 [DEBUG] [TIME] 6467 income_stmt: 0.24s
2026-07-05 04:01:23,054 [DEBUG] [TIME] 6467 balance_sheet: 0.28s
2026-07-05 04:01:23,309 [DEBUG] [TIME] 6467 cashflow: 0.25s
2026-07-05 04:01:23,758 [DEBUG] [TIME] 6467 dividends: 0.45s
2026-07-05 04:01:23,759 [INFO] [DETAIL] 6467 ニチダイ: income_stmt=OK, balance_sheet=OK, cashflow=OK, dividends=OK
2026-07-05 04:01:23,759 [INFO] [TIME] 6467 ニチダイ 処理時間: 1.48s
2026-07-05 04:01:25,175 [DEBUG] [TIME] 6469 info: 0.24s
2026-07-05 04:01:25,175 [DEBUG] yfinance OK: 6469
2026-07-05 04:01:25,431 [DEBUG] [TIME] 6469 income_stmt: 0.26s
2026-07-05 04:01:25,708 [DEBUG] [TIME] 6469 balance_sheet: 0.28s
2026-07-05 04:01:25,993 [DEBUG] [TIME] 6469 cashflow: 0.28s
2026-07-05 04:01:26,522 [DEBUG] [TIME] 6469 dividends: 0.53s
2026-07-05 04:01:26,523 [INFO] [DETAIL] 6469 放電精密加工研究所: income_stmt=OK, balance_sheet=OK, cashflow=OK, dividends=OK
2026-07-05 04:01:26,523 [INFO] [TIME] 6469 放電精密加工研究所 処理時間: 1.59s
2026-07-05 04:01:28,629 [DEBUG] [TIME] 6470 info: 0.24s
2026-07-05 04:01:28,629 [DEBUG] yfinance OK: 6470
2026-07-05 04:01:28,889 [DEBUG] [TIME] 6470 income_stmt: 0.26s
2026-07-05 04:01:29,130 [DEBUG] [TIME] 6470 balance_sheet: 0.24s
2026-07-05 04:01:29,382 [DEBUG] [TIME] 6470 cashflow: 0.25s
2026-07-05 04:01:30,027 [DEBUG] [TIME] 6470 dividends: 0.64s
2026-07-05 04:01:30,028 [INFO] [DETAIL] 6470 大豊工業: income_stmt=OK, balance_sheet=OK, cashflow=OK, dividends=OK
2026-07-05 04:01:30,028 [INFO] [TIME] 6470 大豊工業 処理時間: 1.64s
2026-07-05 04:01:32,153 [DEBUG] [TIME] 6471 info: 0.24s
2026-07-05 04:01:32,153 [DEBUG] yfinance OK: 6471
2026-07-05 04:01:32,412 [DEBUG] [TIME] 6471 income_stmt: 0.26s
2026-07-05 04:01:32,690 [DEBUG] [TIME] 6471 balance_sheet: 0.28s
2026-07-05 04:01:32,945 [DEBUG] [TIME] 6471 cashflow: 0.25s
2026-07-05 04:01:33,480 [DEBUG] [TIME] 6471 dividends: 0.53s
2026-07-05 04:01:33,481 [INFO] [DETAIL] 6471 日本精工: income_stmt=OK, balance_sheet=OK, cashflow=OK, dividends=OK
2026-07-05 04:01:33,481 [INFO] [TIME] 6471 日本精工 処理時間: 1.57s
2026-07-05 04:01:34,994 [DEBUG] [TIME] 6472 info: 0.24s
2026-07-05 04:01:34,994 [DEBUG] yfinance OK: 6472
2026-07-05 04:01:35,238 [DEBUG] [TIME] 6472 income_stmt: 0.24s
2026-07-05 04:01:35,604 [DEBUG] [TIME] 6472 balance_sheet: 0.37s
2026-07-05 04:01:35,877 [DEBUG] [TIME] 6472 cashflow: 0.27s
2026-07-05 04:01:36,531 [DEBUG] [TIME] 6472 dividends: 0.65s
2026-07-05 04:01:36,532 [INFO] [DETAIL] 6472 ＮＴＮ: income_stmt=OK, balance_sheet=OK, cashflow=OK, dividends=OK
2026-07-05 04:01:36,532 [INFO] [TIME] 6472 ＮＴＮ 処理時間: 1.77s
2026-07-05 04:01:38,194 [DEBUG] [TIME] 6473 info: 0.24s
2026-07-05 04:01:38,194 [DEBUG] yfinance OK: 6473
2026-07-05 04:01:38,442 [DEBUG] [TIME] 6473 income_stmt: 0.25s
2026-07-05 04:01:38,684 [DEBUG] [TIME] 6473 balance_sheet: 0.24s
2026-07-05 04:01:38,915 [DEBUG] [TIME] 6473 cashflow: 0.23s
2026-07-05 04:01:39,324 [DEBUG] [TIME] 6473 dividends: 0.41s
2026-07-05 04:01:39,325 [INFO] [DETAIL] 6473 ジェイテクト: income_stmt=OK, balance_sheet=OK, cashflow=OK, dividends=OK
2026-07-05 04:01:39,325 [INFO] [TIME] 6473 ジェイテクト 処理時間: 1.37s
2026-07-05 04:01:40,623 [DEBUG] [TIME] 6474 info: 0.26s
2026-07-05 04:01:40,623 [DEBUG] yfinance OK: 6474
2026-07-05 04:01:40,877 [DEBUG] [TIME] 6474 income_stmt: 0.25s
2026-07-05 04:01:41,172 [DEBUG] [TIME] 6474 balance_sheet: 0.29s
2026-07-05 04:01:41,404 [DEBUG] [TIME] 6474 cashflow: 0.23s
2026-07-05 04:01:41,981 [DEBUG] [TIME] 6474 dividends: 0.58s
2026-07-05 04:01:41,982 [INFO] [DETAIL] 6474 不二越: income_stmt=OK, balance_sheet=OK, cashflow=OK, dividends=OK
2026-07-05 04:01:41,982 [INFO] [TIME] 6474 不二越 処理時間: 1.62s
2026-07-05 04:01:43,476 [DEBUG] [TIME] 6479 info: 0.24s
2026-07-05 04:01:43,477 [DEBUG] yfinance OK: 6479
2026-07-05 04:01:43,727 [DEBUG] [TIME] 6479 income_stmt: 0.25s
2026-07-05 04:01:44,006 [DEBUG] [TIME] 6479 balance_sheet: 0.28s
2026-07-05 04:01:44,261 [DEBUG] [TIME] 6479 cashflow: 0.25s
2026-07-05 04:01:44,681 [DEBUG] [TIME] 6479 dividends: 0.42s
2026-07-05 04:01:44,682 [INFO] [DETAIL] 6479 ミネベアミツミ: income_stmt=OK, balance_sheet=OK, cashflow=OK, dividends=OK
2026-07-05 04:01:44,682 [INFO] [TIME] 6479 ミネベアミツミ 処理時間: 1.45s
2026-07-05 04:01:46,259 [DEBUG] [TIME] 6480 info: 0.24s
2026-07-05 04:01:46,259 [DEBUG] yfinance OK: 6480
2026-07-05 04:01:46,490 [DEBUG] [TIME] 6480 income_stmt: 0.23s
2026-07-05 04:01:46,789 [DEBUG] [TIME] 6480 balance_sheet: 0.30s
2026-07-05 04:01:47,040 [DEBUG] [TIME] 6480 cashflow: 0.25s
2026-07-05 04:01:47,581 [DEBUG] [TIME] 6480 dividends: 0.54s
2026-07-05 04:01:47,582 [INFO] [DETAIL] 6480 日本トムソン: income_stmt=OK, balance_sheet=OK, cashflow=OK, dividends=OK
2026-07-05 04:01:47,582 [INFO] [TIME] 6480 日本トムソン 処理時間: 1.56s
2026-07-05 04:01:49,299 [DEBUG] [TIME] 6481 info: 0.26s
2026-07-05 04:01:49,299 [DEBUG] yfinance OK: 6481
2026-07-05 04:01:49,507 [DEBUG] [TIME] 6481 income_stmt: 0.21s
2026-07-05 04:01:49,789 [DEBUG] [TIME] 6481 balance_sheet: 0.28s
2026-07-05 04:01:49,971 [DEBUG] [TIME] 6481 cashflow: 0.18s
2026-07-05 04:01:50,645 [DEBUG] [TIME] 6481 dividends: 0.67s
2026-07-05 04:01:50,646 [INFO] [DETAIL] 6481 ＴＨＫ: income_stmt=OK, balance_sheet=OK, cashflow=OK, dividends=OK
2026-07-05 04:01:50,646 [INFO] [TIME] 6481 ＴＨＫ 処理時間: 1.61s
2026-07-05 04:01:52,662 [DEBUG] [TIME] 6482 info: 0.24s
2026-07-05 04:01:52,662 [DEBUG] yfinance OK: 6482
2026-07-05 04:01:52,917 [DEBUG] [TIME] 6482 income_stmt: 0.25s
2026-07-05 04:01:53,222 [DEBUG] [TIME] 6482 balance_sheet: 0.30s
2026-07-05 04:01:53,458 [DEBUG] [TIME] 6482 cashflow: 0.24s
2026-07-05 04:01:53,923 [DEBUG] [TIME] 6482 dividends: 0.46s
2026-07-05 04:01:53,923 [INFO] [DETAIL] 6482 ＹＵＳＨＩＮ: income_stmt=OK, balance_sheet=OK, cashflow=OK, dividends=OK
2026-07-05 04:01:53,924 [INFO] [TIME] 6482 ＹＵＳＨＩＮ 処理時間: 1.50s
2026-07-05 04:01:55,512 [DEBUG] [TIME] 6484 info: 0.24s
2026-07-05 04:01:55,512 [DEBUG] yfinance OK: 6484
2026-07-05 04:01:55,773 [DEBUG] [TIME] 6484 income_stmt: 0.26s
2026-07-05 04:01:56,052 [DEBUG] [TIME] 6484 balance_sheet: 0.28s
2026-07-05 04:01:56,282 [DEBUG] [TIME] 6484 cashflow: 0.23s
2026-07-05 04:01:56,798 [DEBUG] [TIME] 6484 dividends: 0.52s
2026-07-05 04:01:56,799 [INFO] [DETAIL] 6484 ＫＶＫ: income_stmt=OK, balance_sheet=OK, cashflow=OK, dividends=OK
2026-07-05 04:01:56,799 [INFO] [TIME] 6484 ＫＶＫ 処理時間: 1.53s
2026-07-05 04:01:58,172 [DEBUG] [TIME] 6485 info: 0.24s
2026-07-05 04:01:58,172 [DEBUG] yfinance OK: 6485
2026-07-05 04:01:58,411 [DEBUG] [TIME] 6485 income_stmt: 0.24s
2026-07-05 04:01:58,727 [DEBUG] [TIME] 6485 balance_sheet: 0.32s
2026-07-05 04:01:58,984 [DEBUG] [TIME] 6485 cashflow: 0.26s
2026-07-05 04:01:59,526 [DEBUG] [TIME] 6485 dividends: 0.54s
2026-07-05 04:01:59,526 [INFO] [DETAIL] 6485 前澤給装工業: income_stmt=OK, balance_sheet=OK, cashflow=OK, dividends=OK
2026-07-05 04:01:59,526 [INFO] [TIME] 6485 前澤給装工業 処理時間: 1.59s
2026-07-05 04:02:01,361 [DEBUG] [TIME] 6486 info: 0.27s
2026-07-05 04:02:01,361 [DEBUG] yfinance OK: 6486
2026-07-05 04:02:01,622 [DEBUG] [TIME] 6486 income_stmt: 0.26s
2026-07-05 04:02:01,898 [DEBUG] [TIME] 6486 balance_sheet: 0.27s
2026-07-05 04:02:02,171 [DEBUG] [TIME] 6486 cashflow: 0.27s
2026-07-05 04:02:02,827 [DEBUG] [TIME] 6486 dividends: 0.66s
2026-07-05 04:02:02,828 [INFO] [DETAIL] 6486 イーグル工業: income_stmt=OK, balance_sheet=OK, cashflow=OK, dividends=OK
2026-07-05 04:02:02,828 [INFO] [TIME] 6486 イーグル工業 処理時間: 1.73s
2026-07-05 04:02:04,408 [DEBUG] [TIME] 6488 info: 0.24s
2026-07-05 04:02:04,408 [DEBUG] yfinance OK: 6488
2026-07-05 04:02:04,707 [DEBUG] [TIME] 6488 income_stmt: 0.30s
2026-07-05 04:02:04,994 [DEBUG] [TIME] 6488 balance_sheet: 0.29s
2026-07-05 04:02:05,259 [DEBUG] [TIME] 6488 cashflow: 0.26s
2026-07-05 04:02:05,649 [DEBUG] [TIME] 6488 dividends: 0.39s
2026-07-05 04:02:05,650 [INFO] [DETAIL] 6488 ヨシタケ: income_stmt=OK, balance_sheet=OK, cashflow=OK, dividends=OK
2026-07-05 04:02:05,650 [INFO] [TIME] 6488 ヨシタケ 処理時間: 1.48s
2026-07-05 04:02:07,173 [DEBUG] [TIME] 6490 info: 0.25s
2026-07-05 04:02:07,173 [DEBUG] yfinance OK: 6490
2026-07-05 04:02:07,421 [DEBUG] [TIME] 6490 income_stmt: 0.25s
2026-07-05 04:02:07,662 [DEBUG] [TIME] 6490 balance_sheet: 0.24s
2026-07-05 04:02:07,940 [DEBUG] [TIME] 6490 cashflow: 0.28s
2026-07-05 04:02:08,356 [DEBUG] [TIME] 6490 dividends: 0.41s
2026-07-05 04:02:08,356 [INFO] [DETAIL] 6490 ＰＩＬＬＡＲ: income_stmt=OK, balance_sheet=OK, cashflow=OK, dividends=OK
2026-07-05 04:02:08,356 [INFO] [TIME] 6490 ＰＩＬＬＡＲ 処理時間: 1.43s
2026-07-05 04:02:10,110 [DEBUG] [TIME] 6492 info: 0.24s
2026-07-05 04:02:10,110 [DEBUG] yfinance OK: 6492
2026-07-05 04:02:10,362 [DEBUG] [TIME] 6492 income_stmt: 0.25s
2026-07-05 04:02:10,639 [DEBUG] [TIME] 6492 balance_sheet: 0.28s
2026-07-05 04:02:10,892 [DEBUG] [TIME] 6492 cashflow: 0.25s
2026-07-05 04:02:11,306 [DEBUG] [TIME] 6492 dividends: 0.41s
2026-07-05 04:02:11,307 [INFO] [DETAIL] 6492 岡野バルブ製造: income_stmt=OK, balance_sheet=OK, cashflow=OK, dividends=OK
2026-07-05 04:02:11,307 [INFO] [TIME] 6492 岡野バルブ製造 処理時間: 1.44s
2026-07-05 04:02:13,212 [DEBUG] [TIME] 6493 info: 0.26s
2026-07-05 04:02:13,212 [DEBUG] yfinance OK: 6493
2026-07-05 04:02:13,545 [DEBUG] [TIME] 6493 income_stmt: 0.33s
2026-07-05 04:02:13,863 [DEBUG] [TIME] 6493 balance_sheet: 0.32s
2026-07-05 04:02:14,066 [DEBUG] [TIME] 6493 cashflow: 0.20s
2026-07-05 04:02:14,473 [DEBUG] [TIME] 6493 dividends: 0.41s
2026-07-05 04:02:14,474 [INFO] [DETAIL] 6493 ＮＩＴＴＡＮ: income_stmt=OK, balance_sheet=OK, cashflow=OK, dividends=OK
2026-07-05 04:02:14,474 [INFO] [TIME] 6493 ＮＩＴＴＡＮ 処理時間: 1.53s
2026-07-05 04:02:15,885 [DEBUG] [TIME] 6494 info: 0.24s
2026-07-05 04:02:15,885 [DEBUG] yfinance OK: 6494
2026-07-05 04:02:16,143 [DEBUG] [TIME] 6494 income_stmt: 0.26s
2026-07-05 04:02:16,439 [DEBUG] [TIME] 6494 balance_sheet: 0.30s
2026-07-05 04:02:16,714 [DEBUG] [TIME] 6494 cashflow: 0.27s
2026-07-05 04:02:17,115 [DEBUG] [TIME] 6494 dividends: 0.40s
2026-07-05 04:02:17,116 [INFO] [DETAIL] 6494 ＮＦＫホールディングス: income_stmt=OK, balance_sheet=OK, cashflow=OK, dividends=OK
2026-07-05 04:02:17,116 [INFO] [TIME] 6494 ＮＦＫホールディングス 処理時間: 1.47s
2026-07-05 04:02:18,590 [DEBUG] [TIME] 6495 info: 0.24s
2026-07-05 04:02:18,590 [DEBUG] yfinance OK: 6495
2026-07-05 04:02:18,849 [DEBUG] [TIME] 6495 income_stmt: 0.26s
2026-07-05 04:02:19,132 [DEBUG] [TIME] 6495 balance_sheet: 0.28s
2026-07-05 04:02:19,399 [DEBUG] [TIME] 6495 cashflow: 0.27s
2026-07-05 04:02:19,772 [DEBUG] [TIME] 6495 dividends: 0.37s
2026-07-05 04:02:19,772 [INFO] [DETAIL] 6495 宮入バルブ製作所: income_stmt=OK, balance_sheet=OK, cashflow=OK, dividends=OK
2026-07-05 04:02:19,773 [INFO] [TIME] 6495 宮入バルブ製作所 処理時間: 1.42s
2026-07-05 04:02:21,193 [DEBUG] [TIME] 6496 info: 0.25s
2026-07-05 04:02:21,193 [DEBUG] yfinance OK: 6496
2026-07-05 04:02:21,452 [DEBUG] [TIME] 6496 income_stmt: 0.26s
2026-07-05 04:02:21,728 [DEBUG] [TIME] 6496 balance_sheet: 0.28s
2026-07-05 04:02:21,954 [DEBUG] [TIME] 6496 cashflow: 0.23s
2026-07-05 04:02:22,568 [DEBUG] [TIME] 6496 dividends: 0.61s
2026-07-05 04:02:22,569 [INFO] [DETAIL] 6496 中北製作所: income_stmt=OK, balance_sheet=OK, cashflow=OK, dividends=OK
2026-07-05 04:02:22,569 [INFO] [TIME] 6496 中北製作所 処理時間: 1.62s
2026-07-05 04:02:24,789 [DEBUG] [TIME] 6497 info: 0.24s
2026-07-05 04:02:24,789 [DEBUG] yfinance OK: 6497
2026-07-05 04:02:25,054 [DEBUG] [TIME] 6497 income_stmt: 0.27s
2026-07-05 04:02:25,341 [DEBUG] [TIME] 6497 balance_sheet: 0.29s
2026-07-05 04:02:25,594 [DEBUG] [TIME] 6497 cashflow: 0.25s
2026-07-05 04:02:26,140 [DEBUG] [TIME] 6497 dividends: 0.55s
2026-07-05 04:02:26,140 [INFO] [DETAIL] 6497 ハマイ: income_stmt=OK, balance_sheet=OK, cashflow=OK, dividends=OK
2026-07-05 04:02:26,141 [INFO] [TIME] 6497 ハマイ 処理時間: 1.60s
2026-07-05 04:02:27,820 [DEBUG] [TIME] 6498 info: 0.24s
2026-07-05 04:02:27,820 [DEBUG] yfinance OK: 6498
2026-07-05 04:02:28,056 [DEBUG] [TIME] 6498 income_stmt: 0.24s
2026-07-05 04:02:28,427 [DEBUG] [TIME] 6498 balance_sheet: 0.37s
2026-07-05 04:02:28,650 [DEBUG] [TIME] 6498 cashflow: 0.22s
2026-07-05 04:02:29,148 [DEBUG] [TIME] 6498 dividends: 0.50s
2026-07-05 04:02:29,148 [INFO] [DETAIL] 6498 キッツ: income_stmt=OK, balance_sheet=OK, cashflow=OK, dividends=OK
2026-07-05 04:02:29,149 [INFO] [TIME] 6498 キッツ 処理時間: 1.57s
2026-07-05 04:02:31,296 [DEBUG] [TIME] 6501 info: 0.24s
2026-07-05 04:02:31,296 [DEBUG] yfinance OK: 6501
2026-07-05 04:02:31,539 [DEBUG] [TIME] 6501 income_stmt: 0.24s
2026-07-05 04:02:31,828 [DEBUG] [TIME] 6501 balance_sheet: 0.29s
2026-07-05 04:02:32,083 [DEBUG] [TIME] 6501 cashflow: 0.25s
2026-07-05 04:02:32,717 [DEBUG] [TIME] 6501 dividends: 0.63s
2026-07-05 04:02:32,718 [INFO] [DETAIL] 6501 日立製作所: income_stmt=OK, balance_sheet=OK, cashflow=OK, dividends=OK
2026-07-05 04:02:32,718 [INFO] [TIME] 6501 日立製作所 処理時間: 1.66s
2026-07-05 04:02:34,123 [DEBUG] [TIME] 6503 info: 0.26s
2026-07-05 04:02:34,123 [DEBUG] yfinance OK: 6503
2026-07-05 04:02:34,368 [DEBUG] [TIME] 6503 income_stmt: 0.25s
2026-07-05 04:02:34,615 [DEBUG] [TIME] 6503 balance_sheet: 0.25s
2026-07-05 04:02:34,855 [DEBUG] [TIME] 6503 cashflow: 0.24s
2026-07-05 04:02:35,431 [DEBUG] [TIME] 6503 dividends: 0.58s
2026-07-05 04:02:35,432 [INFO] [DETAIL] 6503 三菱電機: income_stmt=OK, balance_sheet=OK, cashflow=OK, dividends=OK
2026-07-05 04:02:35,432 [INFO] [TIME] 6503 三菱電機 処理時間: 1.57s
2026-07-05 04:02:37,051 [DEBUG] [TIME] 6504 info: 0.24s
2026-07-05 04:02:37,051 [DEBUG] yfinance OK: 6504
2026-07-05 04:02:37,276 [DEBUG] [TIME] 6504 income_stmt: 0.23s
2026-07-05 04:02:37,563 [DEBUG] [TIME] 6504 balance_sheet: 0.29s
2026-07-05 04:02:37,821 [DEBUG] [TIME] 6504 cashflow: 0.26s
2026-07-05 04:02:38,394 [DEBUG] [TIME] 6504 dividends: 0.57s
2026-07-05 04:02:38,394 [INFO] [DETAIL] 6504 富士電機: income_stmt=OK, balance_sheet=OK, cashflow=OK, dividends=OK
2026-07-05 04:02:38,394 [INFO] [TIME] 6504 富士電機 処理時間: 1.59s
2026-07-05 04:02:39,770 [DEBUG] [TIME] 6505 info: 0.24s
2026-07-05 04:02:39,770 [DEBUG] yfinance OK: 6505
2026-07-05 04:02:39,997 [DEBUG] [TIME] 6505 income_stmt: 0.23s
2026-07-05 04:02:40,297 [DEBUG] [TIME] 6505 balance_sheet: 0.30s
2026-07-05 04:02:40,487 [DEBUG] [TIME] 6505 cashflow: 0.19s
2026-07-05 04:02:40,949 [DEBUG] [TIME] 6505 dividends: 0.46s
2026-07-05 04:02:40,950 [INFO] [DETAIL] 6505 東洋電機製造: income_stmt=OK, balance_sheet=OK, cashflow=OK, dividends=OK
2026-07-05 04:02:40,950 [INFO] [TIME] 6505 東洋電機製造 処理時間: 1.43s
2026-07-05 04:02:42,516 [DEBUG] [TIME] 6506 info: 0.26s
2026-07-05 04:02:42,516 [DEBUG] yfinance OK: 6506
2026-07-05 04:02:42,748 [DEBUG] [TIME] 6506 income_stmt: 0.23s
2026-07-05 04:02:43,014 [DEBUG] [TIME] 6506 balance_sheet: 0.26s
2026-07-05 04:02:43,231 [DEBUG] [TIME] 6506 cashflow: 0.22s
2026-07-05 04:02:43,827 [DEBUG] [TIME] 6506 dividends: 0.60s
2026-07-05 04:02:43,827 [INFO] [DETAIL] 6506 安川電機: income_stmt=OK, balance_sheet=OK, cashflow=OK, dividends=OK
2026-07-05 04:02:43,827 [INFO] [TIME] 6506 安川電機 処理時間: 1.57s
2026-07-05 04:02:46,067 [DEBUG] [TIME] 6507 info: 0.24s
2026-07-05 04:02:46,067 [DEBUG] yfinance OK: 6507
2026-07-05 04:02:46,309 [DEBUG] [TIME] 6507 income_stmt: 0.24s
2026-07-05 04:02:46,617 [DEBUG] [TIME] 6507 balance_sheet: 0.31s
2026-07-05 04:02:46,920 [DEBUG] [TIME] 6507 cashflow: 0.30s
2026-07-05 04:02:47,509 [DEBUG] [TIME] 6507 dividends: 0.59s
2026-07-05 04:02:47,509 [INFO] [DETAIL] 6507 シンフォニアテクノロジー: income_stmt=OK, balance_sheet=OK, cashflow=OK, dividends=OK
2026-07-05 04:02:47,510 [INFO] [TIME] 6507 シンフォニアテクノロジー 処理時間: 1.68s
2026-07-05 04:02:49,492 [DEBUG] [TIME] 6508 info: 0.24s
2026-07-05 04:02:49,492 [DEBUG] yfinance OK: 6508
2026-07-05 04:02:49,746 [DEBUG] [TIME] 6508 income_stmt: 0.25s
2026-07-05 04:02:50,014 [DEBUG] [TIME] 6508 balance_sheet: 0.27s
2026-07-05 04:02:50,240 [DEBUG] [TIME] 6508 cashflow: 0.23s
2026-07-05 04:02:50,713 [DEBUG] [TIME] 6508 dividends: 0.47s
2026-07-05 04:02:50,714 [INFO] [DETAIL] 6508 明電舎: income_stmt=OK, balance_sheet=OK, cashflow=OK, dividends=OK
2026-07-05 04:02:50,714 [INFO] [TIME] 6508 明電舎 処理時間: 1.46s
2026-07-05 04:02:52,582 [DEBUG] [TIME] 6513 info: 0.24s
2026-07-05 04:02:52,582 [DEBUG] yfinance OK: 6513
2026-07-05 04:02:52,815 [DEBUG] [TIME] 6513 income_stmt: 0.23s
2026-07-05 04:02:53,090 [DEBUG] [TIME] 6513 balance_sheet: 0.27s
2026-07-05 04:02:53,375 [DEBUG] [TIME] 6513 cashflow: 0.29s
2026-07-05 04:02:53,930 [DEBUG] [TIME] 6513 dividends: 0.55s
2026-07-05 04:02:53,931 [INFO] [DETAIL] 6513 オリジン: income_stmt=OK, balance_sheet=OK, cashflow=OK, dividends=OK
2026-07-05 04:02:53,931 [INFO] [TIME] 6513 オリジン 処理時間: 1.59s
2026-07-05 04:02:55,186 [DEBUG] [TIME] 6516 info: 0.24s
2026-07-05 04:02:55,186 [DEBUG] yfinance OK: 6516
2026-07-05 04:02:55,437 [DEBUG] [TIME] 6516 income_stmt: 0.25s
2026-07-05 04:02:55,728 [DEBUG] [TIME] 6516 balance_sheet: 0.29s
2026-07-05 04:02:55,982 [DEBUG] [TIME] 6516 cashflow: 0.25s
2026-07-05 04:02:56,737 [DEBUG] [TIME] 6516 dividends: 0.75s
2026-07-05 04:02:56,738 [INFO] [DETAIL] 6516 山洋電気: income_stmt=OK, balance_sheet=OK, cashflow=OK, dividends=OK
2026-07-05 04:02:56,738 [INFO] [TIME] 6516 山洋電気 処理時間: 1.79s
2026-07-05 04:02:58,773 [DEBUG] [TIME] 6517 info: 0.24s
2026-07-05 04:02:58,773 [DEBUG] yfinance OK: 6517
2026-07-05 04:02:59,019 [DEBUG] [TIME] 6517 income_stmt: 0.25s
2026-07-05 04:02:59,294 [DEBUG] [TIME] 6517 balance_sheet: 0.27s
2026-07-05 04:02:59,572 [DEBUG] [TIME] 6517 cashflow: 0.28s
2026-07-05 04:03:00,293 [DEBUG] [TIME] 6517 dividends: 0.72s
2026-07-05 04:03:00,294 [INFO] [DETAIL] 6517 デンヨー: income_stmt=OK, balance_sheet=OK, cashflow=OK, dividends=OK
2026-07-05 04:03:00,294 [INFO] [TIME] 6517 デンヨー 処理時間: 1.76s
2026-07-05 04:03:01,896 [DEBUG] [TIME] 6518 info: 0.25s
2026-07-05 04:03:01,896 [DEBUG] yfinance OK: 6518
2026-07-05 04:03:02,153 [DEBUG] [TIME] 6518 income_stmt: 0.26s
2026-07-05 04:03:02,456 [DEBUG] [TIME] 6518 balance_sheet: 0.30s
2026-07-05 04:03:02,708 [DEBUG] [TIME] 6518 cashflow: 0.25s
2026-07-05 04:03:03,352 [DEBUG] [TIME] 6518 dividends: 0.64s
2026-07-05 04:03:03,353 [INFO] [DETAIL] 6518 三相電機: income_stmt=OK, balance_sheet=OK, cashflow=OK, dividends=OK
2026-07-05 04:03:03,353 [INFO] [TIME] 6518 三相電機 処理時間: 1.71s
2026-07-05 04:03:04,966 [DEBUG] [TIME] 6521 info: 0.24s
2026-07-05 04:03:04,966 [DEBUG] yfinance OK: 6521
2026-07-05 04:03:05,225 [DEBUG] [TIME] 6521 income_stmt: 0.26s
2026-07-05 04:03:05,506 [DEBUG] [TIME] 6521 balance_sheet: 0.28s
2026-07-05 04:03:05,826 [DEBUG] [TIME] 6521 cashflow: 0.32s
2026-07-05 04:03:06,185 [DEBUG] [TIME] 6521 dividends: 0.36s
2026-07-05 04:03:06,185 [INFO] [DETAIL] 6521 オキサイド: income_stmt=OK, balance_sheet=OK, cashflow=OK, dividends=EMPTY
2026-07-05 04:03:06,185 [INFO] [TIME] 6521 オキサイド 処理時間: 1.46s
2026-07-05 04:03:07,622 [DEBUG] [TIME] 6522 info: 0.24s
2026-07-05 04:03:07,622 [DEBUG] yfinance OK: 6522
2026-07-05 04:03:07,960 [DEBUG] [TIME] 6522 income_stmt: 0.34s
2026-07-05 04:03:08,232 [DEBUG] [TIME] 6522 balance_sheet: 0.27s
2026-07-05 04:03:08,491 [DEBUG] [TIME] 6522 cashflow: 0.26s
2026-07-05 04:03:08,691 [DEBUG] [TIME] 6522 dividends: 0.20s
2026-07-05 04:03:08,691 [INFO] [DETAIL] 6522 アスタリスク: income_stmt=OK, balance_sheet=OK, cashflow=OK, dividends=EMPTY
2026-07-05 04:03:08,691 [INFO] [TIME] 6522 アスタリスク 処理時間: 1.31s
2026-07-05 04:03:10,911 [DEBUG] [TIME] 6523 info: 0.24s
2026-07-05 04:03:10,911 [DEBUG] yfinance OK: 6523
2026-07-05 04:03:11,150 [DEBUG] [TIME] 6523 income_stmt: 0.24s
2026-07-05 04:03:11,443 [DEBUG] [TIME] 6523 balance_sheet: 0.29s
2026-07-05 04:03:11,663 [DEBUG] [TIME] 6523 cashflow: 0.22s
2026-07-05 04:03:11,922 [DEBUG] [TIME] 6523 dividends: 0.26s
2026-07-05 04:03:11,923 [INFO] [DETAIL] 6523 ＰＨＣホールディングス: income_stmt=OK, balance_sheet=OK, cashflow=OK, dividends=OK
2026-07-05 04:03:11,923 [INFO] [TIME] 6523 ＰＨＣホールディングス 処理時間: 1.26s
2026-07-05 04:03:13,888 [DEBUG] [TIME] 6524 info: 0.24s
2026-07-05 04:03:13,889 [DEBUG] yfinance OK: 6524
2026-07-05 04:03:14,145 [DEBUG] [TIME] 6524 income_stmt: 0.26s
2026-07-05 04:03:14,442 [DEBUG] [TIME] 6524 balance_sheet: 0.30s
2026-07-05 04:03:14,699 [DEBUG] [TIME] 6524 cashflow: 0.26s
2026-07-05 04:03:15,026 [DEBUG] [TIME] 6524 dividends: 0.33s
2026-07-05 04:03:15,026 [INFO] [DETAIL] 6524 湖北工業: income_stmt=OK, balance_sheet=OK, cashflow=OK, dividends=OK
2026-07-05 04:03:15,026 [INFO] [TIME] 6524 湖北工業 処理時間: 1.38s
2026-07-05 04:03:16,802 [DEBUG] [TIME] 6525 info: 0.24s
2026-07-05 04:03:16,802 [DEBUG] yfinance OK: 6525
2026-07-05 04:03:17,039 [DEBUG] [TIME] 6525 income_stmt: 0.24s
2026-07-05 04:03:17,310 [DEBUG] [TIME] 6525 balance_sheet: 0.27s
2026-07-05 04:03:17,557 [DEBUG] [TIME] 6525 cashflow: 0.25s
2026-07-05 04:03:17,884 [DEBUG] [TIME] 6525 dividends: 0.33s
2026-07-05 04:03:17,885 [INFO] [DETAIL] 6525 ＫＯＫＵＳＡＩ　ＥＬＥＣＴＲＩＣ: income_stmt=OK, balance_sheet=OK, cashflow=OK, dividends=OK
2026-07-05 04:03:17,885 [INFO] [TIME] 6525 ＫＯＫＵＳＡＩ　ＥＬＥＣＴＲＩＣ 処理時間: 1.32s
2026-07-05 04:03:19,624 [DEBUG] [TIME] 6526 info: 0.24s
2026-07-05 04:03:19,624 [DEBUG] yfinance OK: 6526
2026-07-05 04:03:19,878 [DEBUG] [TIME] 6526 income_stmt: 0.25s
2026-07-05 04:03:20,183 [DEBUG] [TIME] 6526 balance_sheet: 0.30s
2026-07-05 04:03:20,401 [DEBUG] [TIME] 6526 cashflow: 0.22s
2026-07-05 04:03:20,679 [DEBUG] [TIME] 6526 dividends: 0.28s
2026-07-05 04:03:20,680 [INFO] [DETAIL] 6526 ソシオネクスト: income_stmt=OK, balance_sheet=OK, cashflow=OK, dividends=OK
2026-07-05 04:03:20,680 [INFO] [TIME] 6526 ソシオネクスト 処理時間: 1.30s
2026-07-05 04:03:22,282 [DEBUG] [TIME] 6532 info: 0.30s
2026-07-05 04:03:22,282 [DEBUG] yfinance OK: 6532
2026-07-05 04:03:22,549 [DEBUG] [TIME] 6532 income_stmt: 0.27s
2026-07-05 04:03:22,849 [DEBUG] [TIME] 6532 balance_sheet: 0.30s
2026-07-05 04:03:23,082 [DEBUG] [TIME] 6532 cashflow: 0.23s
2026-07-05 04:03:23,519 [DEBUG] [TIME] 6532 dividends: 0.44s
2026-07-05 04:03:23,520 [INFO] [DETAIL] 6532 ベイカレント: income_stmt=OK, balance_sheet=OK, cashflow=OK, dividends=OK
2026-07-05 04:03:23,520 [INFO] [TIME] 6532 ベイカレント 処理時間: 1.54s
2026-07-05 04:03:25,322 [DEBUG] [TIME] 6533 info: 0.24s
2026-07-05 04:03:25,322 [DEBUG] yfinance OK: 6533
2026-07-05 04:03:25,591 [DEBUG] [TIME] 6533 income_stmt: 0.27s
2026-07-05 04:03:25,922 [DEBUG] [TIME] 6533 balance_sheet: 0.33s
2026-07-05 04:03:26,198 [DEBUG] [TIME] 6533 cashflow: 0.28s
2026-07-05 04:03:26,608 [DEBUG] [TIME] 6533 dividends: 0.41s
2026-07-05 04:03:26,608 [INFO] [DETAIL] 6533 Ｏｒｃｈｅｓｔｒａ　Ｈｏｌｄｉｎｇｓ: income_stmt=OK, balance_sheet=OK, cashflow=OK, dividends=OK
2026-07-05 04:03:26,609 [INFO] [TIME] 6533 Ｏｒｃｈｅｓｔｒａ　Ｈｏｌｄｉｎｇｓ 処理時間: 1.53s
2026-07-05 04:03:27,949 [DEBUG] [TIME] 6535 info: 0.24s
2026-07-05 04:03:27,949 [DEBUG] yfinance OK: 6535
2026-07-05 04:03:28,183 [DEBUG] [TIME] 6535 income_stmt: 0.23s
2026-07-05 04:03:28,464 [DEBUG] [TIME] 6535 balance_sheet: 0.28s
2026-07-05 04:03:28,682 [DEBUG] [TIME] 6535 cashflow: 0.22s
2026-07-05 04:03:29,050 [DEBUG] [TIME] 6535 dividends: 0.37s
2026-07-05 04:03:29,051 [INFO] [DETAIL] 6535 アイモバイル: income_stmt=OK, balance_sheet=OK, cashflow=OK, dividends=OK
2026-07-05 04:03:29,051 [INFO] [TIME] 6535 アイモバイル 処理時間: 1.34s
2026-07-05 04:03:30,609 [DEBUG] [TIME] 6537 info: 0.24s
2026-07-05 04:03:30,609 [DEBUG] yfinance OK: 6537
2026-07-05 04:03:30,848 [DEBUG] [TIME] 6537 income_stmt: 0.24s
2026-07-05 04:03:31,154 [DEBUG] [TIME] 6537 balance_sheet: 0.30s
2026-07-05 04:03:31,375 [DEBUG] [TIME] 6537 cashflow: 0.22s
2026-07-05 04:03:31,681 [DEBUG] [TIME] 6537 dividends: 0.31s
2026-07-05 04:03:31,682 [INFO] [DETAIL] 6537 ＷＡＳＨハウス: income_stmt=OK, balance_sheet=OK, cashflow=OK, dividends=OK
2026-07-05 04:03:31,682 [INFO] [TIME] 6537 ＷＡＳＨハウス 処理時間: 1.32s
2026-07-05 04:03:33,851 [DEBUG] [TIME] 6538 info: 0.25s
2026-07-05 04:03:33,851 [DEBUG] yfinance OK: 6538
2026-07-05 04:03:34,098 [DEBUG] [TIME] 6538 income_stmt: 0.25s
2026-07-05 04:03:34,403 [DEBUG] [TIME] 6538 balance_sheet: 0.30s
2026-07-05 04:03:34,663 [DEBUG] [TIME] 6538 cashflow: 0.26s
2026-07-05 04:03:35,060 [DEBUG] [TIME] 6538 dividends: 0.40s
2026-07-05 04:03:35,060 [INFO] [DETAIL] 6538 ディスラプターズ: income_stmt=OK, balance_sheet=OK, cashflow=OK, dividends=OK
2026-07-05 04:03:35,060 [INFO] [TIME] 6538 ディスラプターズ 処理時間: 1.46s
2026-07-05 04:03:37,038 [DEBUG] [TIME] 6539 info: 0.25s
2026-07-05 04:03:37,038 [DEBUG] yfinance OK: 6539
2026-07-05 04:03:37,292 [DEBUG] [TIME] 6539 income_stmt: 0.25s
2026-07-05 04:03:37,590 [DEBUG] [TIME] 6539 balance_sheet: 0.30s
2026-07-05 04:03:37,873 [DEBUG] [TIME] 6539 cashflow: 0.28s
2026-07-05 04:03:38,336 [DEBUG] [TIME] 6539 dividends: 0.46s
2026-07-05 04:03:38,336 [INFO] [DETAIL] 6539 ＭＳ－Ｊａｐａｎ: income_stmt=OK, balance_sheet=OK, cashflow=OK, dividends=OK
2026-07-05 04:03:38,336 [INFO] [TIME] 6539 ＭＳ－Ｊａｐａｎ 処理時間: 1.55s
2026-07-05 04:03:40,457 [DEBUG] [TIME] 6540 info: 0.24s
2026-07-05 04:03:40,457 [DEBUG] yfinance OK: 6540
2026-07-05 04:03:40,690 [DEBUG] [TIME] 6540 income_stmt: 0.23s
2026-07-05 04:03:40,977 [DEBUG] [TIME] 6540 balance_sheet: 0.29s
2026-07-05 04:03:41,206 [DEBUG] [TIME] 6540 cashflow: 0.23s
2026-07-05 04:03:41,648 [DEBUG] [TIME] 6540 dividends: 0.44s
2026-07-05 04:03:41,649 [INFO] [DETAIL] 6540 船場: income_stmt=OK, balance_sheet=OK, cashflow=OK, dividends=OK
2026-07-05 04:03:41,649 [INFO] [TIME] 6540 船場 処理時間: 1.43s
2026-07-05 04:03:43,866 [DEBUG] [TIME] 6543 info: 0.24s
2026-07-05 04:03:43,866 [DEBUG] yfinance OK: 6543
2026-07-05 04:03:44,123 [DEBUG] [TIME] 6543 income_stmt: 0.26s
2026-07-05 04:03:44,402 [DEBUG] [TIME] 6543 balance_sheet: 0.28s
2026-07-05 04:03:44,663 [DEBUG] [TIME] 6543 cashflow: 0.26s
2026-07-05 04:03:44,954 [DEBUG] [TIME] 6543 dividends: 0.29s
2026-07-05 04:03:44,955 [INFO] [DETAIL] 6543 日宣: income_stmt=OK, balance_sheet=OK, cashflow=OK, dividends=OK
2026-07-05 04:03:44,955 [INFO] [TIME] 6543 日宣 処理時間: 1.33s
2026-07-05 04:03:46,602 [DEBUG] [TIME] 6544 info: 0.26s
2026-07-05 04:03:46,602 [DEBUG] yfinance OK: 6544
2026-07-05 04:03:46,857 [DEBUG] [TIME] 6544 income_stmt: 0.26s
2026-07-05 04:03:47,153 [DEBUG] [TIME] 6544 balance_sheet: 0.29s
2026-07-05 04:03:47,378 [DEBUG] [TIME] 6544 cashflow: 0.22s
2026-07-05 04:03:47,783 [DEBUG] [TIME] 6544 dividends: 0.41s
2026-07-05 04:03:47,784 [INFO] [DETAIL] 6544 ジャパンエレベーターサービスホールディングス: income_stmt=OK, balance_sheet=OK, cashflow=OK, dividends=OK
2026-07-05 04:03:47,784 [INFO] [TIME] 6544 ジャパンエレベーターサービスホールディングス 処理時間: 1.44s
2026-07-05 04:03:49,730 [DEBUG] [TIME] 6545 info: 0.25s
2026-07-05 04:03:49,730 [DEBUG] yfinance OK: 6545
2026-07-05 04:03:49,993 [DEBUG] [TIME] 6545 income_stmt: 0.26s
2026-07-05 04:03:50,304 [DEBUG] [TIME] 6545 balance_sheet: 0.31s
2026-07-05 04:03:50,528 [DEBUG] [TIME] 6545 cashflow: 0.22s
2026-07-05 04:03:50,876 [DEBUG] [TIME] 6545 dividends: 0.35s
2026-07-05 04:03:50,877 [INFO] [DETAIL] 6545 インターネットインフィニティー: income_stmt=OK, balance_sheet=OK, cashflow=OK, dividends=OK
2026-07-05 04:03:50,877 [INFO] [TIME] 6545 インターネットインフィニティー 処理時間: 1.39s
2026-07-05 04:03:53,104 [DEBUG] [TIME] 6546 info: 0.24s
2026-07-05 04:03:53,104 [DEBUG] yfinance OK: 6546
2026-07-05 04:03:53,320 [DEBUG] [TIME] 6546 income_stmt: 0.22s
2026-07-05 04:03:53,611 [DEBUG] [TIME] 6546 balance_sheet: 0.29s
2026-07-05 04:03:53,848 [DEBUG] [TIME] 6546 cashflow: 0.24s
2026-07-05 04:03:54,267 [DEBUG] [TIME] 6546 dividends: 0.42s
2026-07-05 04:03:54,268 [INFO] [DETAIL] 6546 フルテック: income_stmt=OK, balance_sheet=OK, cashflow=OK, dividends=OK
2026-07-05 04:03:54,268 [INFO] [TIME] 6546 フルテック 処理時間: 1.41s
2026-07-05 04:03:55,649 [DEBUG] [TIME] 6547 info: 0.24s
2026-07-05 04:03:55,649 [DEBUG] yfinance OK: 6547
2026-07-05 04:03:55,876 [DEBUG] [TIME] 6547 income_stmt: 0.23s
2026-07-05 04:03:56,138 [DEBUG] [TIME] 6547 balance_sheet: 0.26s
2026-07-05 04:03:56,396 [DEBUG] [TIME] 6547 cashflow: 0.26s
2026-07-05 04:03:56,696 [DEBUG] [TIME] 6547 dividends: 0.30s
2026-07-05 04:03:56,697 [INFO] [DETAIL] 6547 グリーンズ: income_stmt=OK, balance_sheet=OK, cashflow=OK, dividends=OK
2026-07-05 04:03:56,697 [INFO] [TIME] 6547 グリーンズ 処理時間: 1.29s
2026-07-05 04:03:58,784 [DEBUG] [TIME] 6548 info: 0.24s
2026-07-05 04:03:58,784 [DEBUG] yfinance OK: 6548
2026-07-05 04:03:59,021 [DEBUG] [TIME] 6548 income_stmt: 0.24s
2026-07-05 04:03:59,280 [DEBUG] [TIME] 6548 balance_sheet: 0.26s
2026-07-05 04:03:59,537 [DEBUG] [TIME] 6548 cashflow: 0.26s
2026-07-05 04:04:00,028 [DEBUG] [TIME] 6548 dividends: 0.49s
2026-07-05 04:04:00,028 [INFO] [DETAIL] 6548 旅工房: income_stmt=OK, balance_sheet=OK, cashflow=OK, dividends=EMPTY
2026-07-05 04:04:00,028 [INFO] [TIME] 6548 旅工房 処理時間: 1.49s
2026-07-05 04:04:01,999 [DEBUG] [TIME] 6549 info: 0.24s
2026-07-05 04:04:01,999 [DEBUG] yfinance OK: 6549
2026-07-05 04:04:02,248 [DEBUG] [TIME] 6549 income_stmt: 0.25s
2026-07-05 04:04:02,556 [DEBUG] [TIME] 6549 balance_sheet: 0.31s
2026-07-05 04:04:02,811 [DEBUG] [TIME] 6549 cashflow: 0.25s
2026-07-05 04:04:03,041 [DEBUG] [TIME] 6549 dividends: 0.23s
2026-07-05 04:04:03,041 [INFO] [DETAIL] 6549 ディーエムソリューションズ: income_stmt=OK, balance_sheet=OK, cashflow=OK, dividends=OK
2026-07-05 04:04:03,042 [INFO] [TIME] 6549 ディーエムソリューションズ 処理時間: 1.29s
2026-07-05 04:04:04,528 [DEBUG] [TIME] 6551 info: 0.24s
2026-07-05 04:04:04,528 [DEBUG] yfinance OK: 6551
2026-07-05 04:04:04,747 [DEBUG] [TIME] 6551 income_stmt: 0.22s
2026-07-05 04:04:05,051 [DEBUG] [TIME] 6551 balance_sheet: 0.30s
2026-07-05 04:04:05,314 [DEBUG] [TIME] 6551 cashflow: 0.26s
2026-07-05 04:04:05,646 [DEBUG] [TIME] 6551 dividends: 0.33s
2026-07-05 04:04:05,647 [INFO] [DETAIL] 6551 ツナググループ・ホールディングス: income_stmt=OK, balance_sheet=OK, cashflow=OK, dividends=OK
2026-07-05 04:04:05,647 [INFO] [TIME] 6551 ツナググループ・ホールディングス 処理時間: 1.36s
2026-07-05 04:04:07,299 [DEBUG] [TIME] 6552 info: 0.25s
2026-07-05 04:04:07,299 [DEBUG] yfinance OK: 6552
2026-07-05 04:04:07,550 [DEBUG] [TIME] 6552 income_stmt: 0.25s
2026-07-05 04:04:07,832 [DEBUG] [TIME] 6552 balance_sheet: 0.28s
2026-07-05 04:04:08,054 [DEBUG] [TIME] 6552 cashflow: 0.22s
2026-07-05 04:04:08,290 [DEBUG] [TIME] 6552 dividends: 0.24s
2026-07-05 04:04:08,290 [INFO] [DETAIL] 6552 ＧａｍｅＷｉｔｈ: income_stmt=OK, balance_sheet=OK, cashflow=OK, dividends=EMPTY
2026-07-05 04:04:08,290 [INFO] [TIME] 6552 ＧａｍｅＷｉｔｈ 処理時間: 1.24s
2026-07-05 04:04:10,160 [DEBUG] [TIME] 6554 info: 0.24s
2026-07-05 04:04:10,160 [DEBUG] yfinance OK: 6554
2026-07-05 04:04:10,462 [DEBUG] [TIME] 6554 income_stmt: 0.30s
2026-07-05 04:04:10,835 [DEBUG] [TIME] 6554 balance_sheet: 0.37s
2026-07-05 04:04:11,058 [DEBUG] [TIME] 6554 cashflow: 0.22s
2026-07-05 04:04:11,331 [DEBUG] [TIME] 6554 dividends: 0.27s
2026-07-05 04:04:11,331 [INFO] [DETAIL] 6554 エスユーエス: income_stmt=OK, balance_sheet=OK, cashflow=OK, dividends=OK
2026-07-05 04:04:11,331 [INFO] [TIME] 6554 エスユーエス 処理時間: 1.41s
2026-07-05 04:04:13,055 [DEBUG] [TIME] 6555 info: 0.24s
2026-07-05 04:04:13,056 [DEBUG] yfinance OK: 6555
2026-07-05 04:04:13,294 [DEBUG] [TIME] 6555 income_stmt: 0.24s
2026-07-05 04:04:13,547 [DEBUG] [TIME] 6555 balance_sheet: 0.25s
2026-07-05 04:04:13,777 [DEBUG] [TIME] 6555 cashflow: 0.23s
2026-07-05 04:04:14,023 [DEBUG] [TIME] 6555 dividends: 0.25s
2026-07-05 04:04:14,024 [INFO] [DETAIL] 6555 ＭＳ＆Ｃｏｎｓｕｌｔｉｎｇ: income_stmt=OK, balance_sheet=OK, cashflow=OK, dividends=OK
2026-07-05 04:04:14,024 [INFO] [TIME] 6555 ＭＳ＆Ｃｏｎｓｕｌｔｉｎｇ 処理時間: 1.20s
2026-07-05 04:04:16,249 [DEBUG] [TIME] 6557 info: 0.24s
2026-07-05 04:04:16,249 [DEBUG] yfinance OK: 6557
2026-07-05 04:04:16,494 [DEBUG] [TIME] 6557 income_stmt: 0.25s
2026-07-05 04:04:16,828 [DEBUG] [TIME] 6557 balance_sheet: 0.33s
2026-07-05 04:04:17,054 [DEBUG] [TIME] 6557 cashflow: 0.23s
2026-07-05 04:04:17,350 [DEBUG] [TIME] 6557 dividends: 0.30s
2026-07-05 04:04:17,350 [INFO] [DETAIL] 6557 ＡＩＡＩグループ: income_stmt=OK, balance_sheet=OK, cashflow=OK, dividends=EMPTY
2026-07-05 04:04:17,350 [INFO] [TIME] 6557 ＡＩＡＩグループ 処理時間: 1.34s
2026-07-05 04:04:18,947 [DEBUG] [TIME] 6558 info: 0.24s
2026-07-05 04:04:18,947 [DEBUG] yfinance OK: 6558
2026-07-05 04:04:19,175 [DEBUG] [TIME] 6558 income_stmt: 0.23s
2026-07-05 04:04:19,454 [DEBUG] [TIME] 6558 balance_sheet: 0.28s
2026-07-05 04:04:19,724 [DEBUG] [TIME] 6558 cashflow: 0.27s
2026-07-05 04:04:19,942 [DEBUG] [TIME] 6558 dividends: 0.22s
2026-07-05 04:04:19,942 [INFO] [DETAIL] 6558 クックビズ: income_stmt=OK, balance_sheet=OK, cashflow=OK, dividends=EMPTY
2026-07-05 04:04:19,942 [INFO] [TIME] 6558 クックビズ 処理時間: 1.23s
2026-07-05 04:04:21,873 [DEBUG] [TIME] 6560 info: 0.24s
2026-07-05 04:04:21,873 [DEBUG] yfinance OK: 6560
2026-07-05 04:04:22,142 [DEBUG] [TIME] 6560 income_stmt: 0.27s
2026-07-05 04:04:22,462 [DEBUG] [TIME] 6560 balance_sheet: 0.32s
2026-07-05 04:04:22,720 [DEBUG] [TIME] 6560 cashflow: 0.26s
2026-07-05 04:04:23,090 [DEBUG] [TIME] 6560 dividends: 0.37s
2026-07-05 04:04:23,091 [INFO] [DETAIL] 6560 エル・ティー・エス: income_stmt=OK, balance_sheet=OK, cashflow=OK, dividends=OK
2026-07-05 04:04:23,091 [INFO] [TIME] 6560 エル・ティー・エス 処理時間: 1.46s
2026-07-05 04:04:24,585 [DEBUG] [TIME] 6561 info: 0.25s
2026-07-05 04:04:24,585 [DEBUG] yfinance OK: 6561
2026-07-05 04:04:24,849 [DEBUG] [TIME] 6561 income_stmt: 0.26s
2026-07-05 04:04:25,123 [DEBUG] [TIME] 6561 balance_sheet: 0.27s
2026-07-05 04:04:25,467 [DEBUG] [TIME] 6561 cashflow: 0.34s
2026-07-05 04:04:25,881 [DEBUG] [TIME] 6561 dividends: 0.41s
2026-07-05 04:04:25,882 [INFO] [DETAIL] 6561 ＨＡＮＡＴＯＵＲ　ＪＡＰＡＮ: income_stmt=OK, balance_sheet=OK, cashflow=OK, dividends=OK
2026-07-05 04:04:25,882 [INFO] [TIME] 6561 ＨＡＮＡＴＯＵＲ　ＪＡＰＡＮ 処理時間: 1.54s
2026-07-05 04:04:27,568 [DEBUG] [TIME] 6562 info: 0.24s
2026-07-05 04:04:27,569 [DEBUG] yfinance OK: 6562
2026-07-05 04:04:27,794 [DEBUG] [TIME] 6562 income_stmt: 0.23s
2026-07-05 04:04:28,070 [DEBUG] [TIME] 6562 balance_sheet: 0.28s
2026-07-05 04:04:28,305 [DEBUG] [TIME] 6562 cashflow: 0.23s
2026-07-05 04:04:28,616 [DEBUG] [TIME] 6562 dividends: 0.31s
2026-07-05 04:04:28,616 [INFO] [DETAIL] 6562 ジーニー: income_stmt=OK, balance_sheet=OK, cashflow=OK, dividends=EMPTY
2026-07-05 04:04:28,616 [INFO] [TIME] 6562 ジーニー 処理時間: 1.29s
2026-07-05 04:04:30,242 [DEBUG] [TIME] 6563 info: 0.24s
2026-07-05 04:04:30,242 [DEBUG] yfinance OK: 6563
2026-07-05 04:04:30,489 [DEBUG] [TIME] 6563 income_stmt: 0.25s
2026-07-05 04:04:30,722 [DEBUG] [TIME] 6563 balance_sheet: 0.23s
2026-07-05 04:04:30,960 [DEBUG] [TIME] 6563 cashflow: 0.24s
2026-07-05 04:04:31,308 [DEBUG] [TIME] 6563 dividends: 0.35s
2026-07-05 04:04:31,308 [INFO] [DETAIL] 6563 みらいワークス: income_stmt=OK, balance_sheet=OK, cashflow=OK, dividends=EMPTY
2026-07-05 04:04:31,308 [INFO] [TIME] 6563 みらいワークス 処理時間: 1.30s
2026-07-05 04:04:32,904 [DEBUG] [TIME] 6564 info: 0.25s
2026-07-05 04:04:32,904 [DEBUG] yfinance OK: 6564
2026-07-05 04:04:33,166 [DEBUG] [TIME] 6564 income_stmt: 0.26s
2026-07-05 04:04:33,442 [DEBUG] [TIME] 6564 balance_sheet: 0.28s
2026-07-05 04:04:33,651 [DEBUG] [TIME] 6564 cashflow: 0.21s
2026-07-05 04:04:34,124 [DEBUG] [TIME] 6564 dividends: 0.47s
2026-07-05 04:04:34,125 [INFO] [DETAIL] 6564 ミダックホールディングス: income_stmt=OK, balance_sheet=OK, cashflow=OK, dividends=OK
2026-07-05 04:04:34,125 [INFO] [TIME] 6564 ミダックホールディングス 処理時間: 1.47s
2026-07-05 04:04:35,422 [DEBUG] [TIME] 6566 info: 0.24s
2026-07-05 04:04:35,423 [DEBUG] yfinance OK: 6566
2026-07-05 04:04:35,661 [DEBUG] [TIME] 6566 income_stmt: 0.24s
2026-07-05 04:04:35,947 [DEBUG] [TIME] 6566 balance_sheet: 0.29s
2026-07-05 04:04:36,230 [DEBUG] [TIME] 6566 cashflow: 0.28s
2026-07-05 04:04:37,252 [DEBUG] [TIME] 6566 dividends: 1.02s
2026-07-05 04:04:37,253 [INFO] [DETAIL] 6566 要興業: income_stmt=OK, balance_sheet=OK, cashflow=OK, dividends=OK
2026-07-05 04:04:37,253 [INFO] [TIME] 6566 要興業 処理時間: 2.07s
2026-07-05 04:04:38,751 [DEBUG] [TIME] 6568 info: 0.28s
2026-07-05 04:04:38,751 [DEBUG] yfinance OK: 6568
2026-07-05 04:04:38,988 [DEBUG] [TIME] 6568 income_stmt: 0.24s
2026-07-05 04:04:39,279 [DEBUG] [TIME] 6568 balance_sheet: 0.29s
2026-07-05 04:04:39,573 [DEBUG] [TIME] 6568 cashflow: 0.29s
2026-07-05 04:04:40,111 [DEBUG] [TIME] 6568 dividends: 0.54s
2026-07-05 04:04:40,112 [INFO] [DETAIL] 6568 神戸天然物化学: income_stmt=OK, balance_sheet=OK, cashflow=OK, dividends=OK
2026-07-05 04:04:40,112 [INFO] [TIME] 6568 神戸天然物化学 処理時間: 1.64s
2026-07-05 04:04:41,778 [DEBUG] [TIME] 6570 info: 0.24s
2026-07-05 04:04:41,778 [DEBUG] yfinance OK: 6570
2026-07-05 04:04:42,014 [DEBUG] [TIME] 6570 income_stmt: 0.24s
2026-07-05 04:04:42,291 [DEBUG] [TIME] 6570 balance_sheet: 0.28s
2026-07-05 04:04:42,544 [DEBUG] [TIME] 6570 cashflow: 0.25s
2026-07-05 04:04:42,936 [DEBUG] [TIME] 6570 dividends: 0.39s
2026-07-05 04:04:42,936 [INFO] [DETAIL] 6570 共和コーポレーション: income_stmt=OK, balance_sheet=OK, cashflow=OK, dividends=OK
2026-07-05 04:04:42,936 [INFO] [TIME] 6570 共和コーポレーション 処理時間: 1.40s
2026-07-05 04:04:44,755 [DEBUG] [TIME] 6571 info: 0.24s
2026-07-05 04:04:44,755 [DEBUG] yfinance OK: 6571
2026-07-05 04:04:44,995 [DEBUG] [TIME] 6571 income_stmt: 0.24s
2026-07-05 04:04:45,295 [DEBUG] [TIME] 6571 balance_sheet: 0.30s
2026-07-05 04:04:45,520 [DEBUG] [TIME] 6571 cashflow: 0.22s
2026-07-05 04:04:45,835 [DEBUG] [TIME] 6571 dividends: 0.31s
2026-07-05 04:04:45,836 [INFO] [DETAIL] 6571 キュービーネットホールディングス: income_stmt=OK, balance_sheet=OK, cashflow=OK, dividends=OK
2026-07-05 04:04:45,836 [INFO] [TIME] 6571 キュービーネットホールディングス 処理時間: 1.32s
2026-07-05 04:04:47,145 [DEBUG] [TIME] 6572 info: 0.24s
2026-07-05 04:04:47,146 [DEBUG] yfinance OK: 6572
2026-07-05 04:04:47,410 [DEBUG] [TIME] 6572 income_stmt: 0.26s
2026-07-05 04:04:47,684 [DEBUG] [TIME] 6572 balance_sheet: 0.27s
2026-07-05 04:04:47,936 [DEBUG] [TIME] 6572 cashflow: 0.25s
2026-07-05 04:04:48,238 [DEBUG] [TIME] 6572 dividends: 0.30s
2026-07-05 04:04:48,239 [INFO] [DETAIL] 6572 オープングループ: income_stmt=OK, balance_sheet=OK, cashflow=OK, dividends=OK
2026-07-05 04:04:48,239 [INFO] [TIME] 6572 オープングループ 処理時間: 1.34s
2026-07-05 04:04:50,109 [DEBUG] [TIME] 6573 info: 0.25s
2026-07-05 04:04:50,109 [DEBUG] yfinance OK: 6573
2026-07-05 04:04:50,358 [DEBUG] [TIME] 6573 income_stmt: 0.25s
2026-07-05 04:04:50,627 [DEBUG] [TIME] 6573 balance_sheet: 0.27s
2026-07-05 04:04:50,851 [DEBUG] [TIME] 6573 cashflow: 0.22s
2026-07-05 04:04:51,173 [DEBUG] [TIME] 6573 dividends: 0.32s
2026-07-05 04:04:51,173 [INFO] [DETAIL] 6573 ＣＲＡＶＩＡ: income_stmt=OK, balance_sheet=OK, cashflow=OK, dividends=EMPTY
2026-07-05 04:04:51,173 [INFO] [TIME] 6573 ＣＲＡＶＩＡ 処理時間: 1.31s
2026-07-05 04:04:52,498 [DEBUG] [TIME] 6574 info: 0.25s
2026-07-05 04:04:52,498 [DEBUG] yfinance OK: 6574
2026-07-05 04:04:52,724 [DEBUG] [TIME] 6574 income_stmt: 0.23s
2026-07-05 04:04:52,943 [DEBUG] [TIME] 6574 balance_sheet: 0.22s
2026-07-05 04:04:53,162 [DEBUG] [TIME] 6574 cashflow: 0.22s
2026-07-05 04:04:53,556 [DEBUG] [TIME] 6574 dividends: 0.39s
2026-07-05 04:04:53,557 [INFO] [DETAIL] 6574 コンヴァノ: income_stmt=OK, balance_sheet=OK, cashflow=OK, dividends=OK
2026-07-05 04:04:53,557 [INFO] [TIME] 6574 コンヴァノ 処理時間: 1.31s
2026-07-05 04:04:55,100 [DEBUG] [TIME] 6577 info: 0.30s
2026-07-05 04:04:55,100 [DEBUG] yfinance OK: 6577
2026-07-05 04:04:55,355 [DEBUG] [TIME] 6577 income_stmt: 0.26s
2026-07-05 04:04:55,612 [DEBUG] [TIME] 6577 balance_sheet: 0.26s
2026-07-05 04:04:55,807 [DEBUG] [TIME] 6577 cashflow: 0.19s
2026-07-05 04:04:56,046 [DEBUG] [TIME] 6577 dividends: 0.24s
2026-07-05 04:04:56,047 [INFO] [DETAIL] 6577 ベストワンドットコム: income_stmt=OK, balance_sheet=OK, cashflow=OK, dividends=OK
2026-07-05 04:04:56,047 [INFO] [TIME] 6577 ベストワンドットコム 処理時間: 1.25s
2026-07-05 04:04:57,503 [DEBUG] [TIME] 6578 info: 0.26s
2026-07-05 04:04:57,503 [DEBUG] yfinance OK: 6578
2026-07-05 04:04:57,741 [DEBUG] [TIME] 6578 income_stmt: 0.24s
2026-07-05 04:04:58,024 [DEBUG] [TIME] 6578 balance_sheet: 0.28s
2026-07-05 04:04:58,285 [DEBUG] [TIME] 6578 cashflow: 0.26s
2026-07-05 04:04:58,576 [DEBUG] [TIME] 6578 dividends: 0.29s
2026-07-05 04:04:58,576 [INFO] [DETAIL] 6578 コレックホールディングス: income_stmt=OK, balance_sheet=OK, cashflow=OK, dividends=OK
2026-07-05 04:04:58,577 [INFO] [TIME] 6578 コレックホールディングス 処理時間: 1.33s
2026-07-05 04:05:00,826 [DEBUG] [TIME] 6579 info: 0.27s
2026-07-05 04:05:00,826 [DEBUG] yfinance OK: 6579
2026-07-05 04:05:01,054 [DEBUG] [TIME] 6579 income_stmt: 0.23s
2026-07-05 04:05:01,303 [DEBUG] [TIME] 6579 balance_sheet: 0.25s
2026-07-05 04:05:01,557 [DEBUG] [TIME] 6579 cashflow: 0.25s
2026-07-05 04:05:01,898 [DEBUG] [TIME] 6579 dividends: 0.34s
2026-07-05 04:05:01,898 [INFO] [DETAIL] 6579 ログリー: income_stmt=OK, balance_sheet=OK, cashflow=OK, dividends=EMPTY
2026-07-05 04:05:01,898 [INFO] [TIME] 6579 ログリー 処理時間: 1.34s
2026-07-05 04:05:03,982 [DEBUG] [TIME] 6580 info: 0.24s
2026-07-05 04:05:03,982 [DEBUG] yfinance OK: 6580
2026-07-05 04:05:04,223 [DEBUG] [TIME] 6580 income_stmt: 0.24s
2026-07-05 04:05:04,521 [DEBUG] [TIME] 6580 balance_sheet: 0.30s
2026-07-05 04:05:04,798 [DEBUG] [TIME] 6580 cashflow: 0.28s
2026-07-05 04:05:05,153 [DEBUG] [TIME] 6580 dividends: 0.35s
2026-07-05 04:05:05,153 [INFO] [DETAIL] 6580 ライトアップ: income_stmt=OK, balance_sheet=OK, cashflow=OK, dividends=OK
2026-07-05 04:05:05,153 [INFO] [TIME] 6580 ライトアップ 処理時間: 1.41s
2026-07-05 04:05:07,138 [DEBUG] [TIME] 6584 info: 0.24s
2026-07-05 04:05:07,138 [DEBUG] yfinance OK: 6584
2026-07-05 04:05:07,381 [DEBUG] [TIME] 6584 income_stmt: 0.24s
2026-07-05 04:05:07,679 [DEBUG] [TIME] 6584 balance_sheet: 0.30s
2026-07-05 04:05:07,939 [DEBUG] [TIME] 6584 cashflow: 0.26s
2026-07-05 04:05:08,574 [DEBUG] [TIME] 6584 dividends: 0.63s
2026-07-05 04:05:08,575 [INFO] [DETAIL] 6584 三櫻工業: income_stmt=OK, balance_sheet=OK, cashflow=OK, dividends=OK
2026-07-05 04:05:08,575 [INFO] [TIME] 6584 三櫻工業 処理時間: 1.68s
2026-07-05 04:05:10,083 [DEBUG] [TIME] 6586 info: 0.25s
2026-07-05 04:05:10,083 [DEBUG] yfinance OK: 6586
2026-07-05 04:05:10,330 [DEBUG] [TIME] 6586 income_stmt: 0.25s
2026-07-05 04:05:10,614 [DEBUG] [TIME] 6586 balance_sheet: 0.28s
2026-07-05 04:05:10,860 [DEBUG] [TIME] 6586 cashflow: 0.25s
2026-07-05 04:05:11,316 [DEBUG] [TIME] 6586 dividends: 0.46s
2026-07-05 04:05:11,317 [INFO] [DETAIL] 6586 マキタ: income_stmt=OK, balance_sheet=OK, cashflow=OK, dividends=OK
2026-07-05 04:05:11,317 [INFO] [TIME] 6586 マキタ 処理時間: 1.49s
2026-07-05 04:05:13,091 [DEBUG] [TIME] 6588 info: 0.24s
2026-07-05 04:05:13,091 [DEBUG] yfinance OK: 6588
2026-07-05 04:05:13,353 [DEBUG] [TIME] 6588 income_stmt: 0.26s
2026-07-05 04:05:13,647 [DEBUG] [TIME] 6588 balance_sheet: 0.29s
2026-07-05 04:05:13,945 [DEBUG] [TIME] 6588 cashflow: 0.30s
2026-07-05 04:05:14,488 [DEBUG] [TIME] 6588 dividends: 0.54s
2026-07-05 04:05:14,489 [INFO] [DETAIL] 6588 東芝テック: income_stmt=OK, balance_sheet=OK, cashflow=OK, dividends=OK
2026-07-05 04:05:14,489 [INFO] [TIME] 6588 東芝テック 処理時間: 1.64s
2026-07-05 04:05:16,442 [DEBUG] [TIME] 6590 info: 0.27s
2026-07-05 04:05:16,442 [DEBUG] yfinance OK: 6590
2026-07-05 04:05:16,690 [DEBUG] [TIME] 6590 income_stmt: 0.25s
2026-07-05 04:05:16,972 [DEBUG] [TIME] 6590 balance_sheet: 0.28s
2026-07-05 04:05:17,218 [DEBUG] [TIME] 6590 cashflow: 0.25s
2026-07-05 04:05:17,780 [DEBUG] [TIME] 6590 dividends: 0.56s
2026-07-05 04:05:17,781 [INFO] [DETAIL] 6590 芝浦メカトロニクス: income_stmt=OK, balance_sheet=OK, cashflow=OK, dividends=OK
2026-07-05 04:05:17,781 [INFO] [TIME] 6590 芝浦メカトロニクス 処理時間: 1.61s
2026-07-05 04:05:19,354 [DEBUG] [TIME] 6592 info: 0.25s
2026-07-05 04:05:19,354 [DEBUG] yfinance OK: 6592
2026-07-05 04:05:19,604 [DEBUG] [TIME] 6592 income_stmt: 0.25s
2026-07-05 04:05:19,894 [DEBUG] [TIME] 6592 balance_sheet: 0.29s
2026-07-05 04:05:20,156 [DEBUG] [TIME] 6592 cashflow: 0.26s
2026-07-05 04:05:20,690 [DEBUG] [TIME] 6592 dividends: 0.53s
2026-07-05 04:05:20,691 [INFO] [DETAIL] 6592 マブチモーター: income_stmt=OK, balance_sheet=OK, cashflow=OK, dividends=OK
2026-07-05 04:05:20,691 [INFO] [TIME] 6592 マブチモーター 処理時間: 1.59s
2026-07-05 04:05:22,583 [DEBUG] [TIME] 6594 info: 0.25s
2026-07-05 04:05:22,583 [DEBUG] yfinance OK: 6594
2026-07-05 04:05:22,829 [DEBUG] [TIME] 6594 income_stmt: 0.25s
2026-07-05 04:05:23,078 [DEBUG] [TIME] 6594 balance_sheet: 0.25s
2026-07-05 04:05:23,305 [DEBUG] [TIME] 6594 cashflow: 0.23s
2026-07-05 04:05:23,790 [DEBUG] [TIME] 6594 dividends: 0.48s
2026-07-05 04:05:23,791 [INFO] [DETAIL] 6594 ニデック: income_stmt=OK, balance_sheet=OK, cashflow=OK, dividends=OK
2026-07-05 04:05:23,791 [INFO] [TIME] 6594 ニデック 処理時間: 1.46s
2026-07-05 04:05:25,410 [DEBUG] [TIME] 6597 info: 0.25s
2026-07-05 04:05:25,410 [DEBUG] yfinance OK: 6597
2026-07-05 04:05:25,643 [DEBUG] [TIME] 6597 income_stmt: 0.23s
2026-07-05 04:05:25,942 [DEBUG] [TIME] 6597 balance_sheet: 0.30s
2026-07-05 04:05:26,170 [DEBUG] [TIME] 6597 cashflow: 0.23s
2026-07-05 04:05:26,653 [DEBUG] [TIME] 6597 dividends: 0.48s
2026-07-05 04:05:26,654 [INFO] [DETAIL] 6597 ＨＰＣシステムズ: income_stmt=OK, balance_sheet=OK, cashflow=OK, dividends=OK
2026-07-05 04:05:26,654 [INFO] [TIME] 6597 ＨＰＣシステムズ 処理時間: 1.49s
2026-07-05 04:05:28,778 [DEBUG] [TIME] 6599 info: 0.24s
2026-07-05 04:05:28,778 [DEBUG] yfinance OK: 6599
2026-07-05 04:05:29,031 [DEBUG] [TIME] 6599 income_stmt: 0.25s
2026-07-05 04:05:29,329 [DEBUG] [TIME] 6599 balance_sheet: 0.30s
2026-07-05 04:05:29,593 [DEBUG] [TIME] 6599 cashflow: 0.26s
2026-07-05 04:05:29,816 [DEBUG] [TIME] 6599 dividends: 0.22s
2026-07-05 04:05:29,817 [INFO] [DETAIL] 6599 エブレン: income_stmt=OK, balance_sheet=OK, cashflow=OK, dividends=OK
2026-07-05 04:05:29,817 [INFO] [TIME] 6599 エブレン 処理時間: 1.28s
2026-07-05 04:05:31,575 [DEBUG] [TIME] 6612 info: 0.25s
2026-07-05 04:05:31,575 [DEBUG] yfinance OK: 6612
2026-07-05 04:05:31,803 [DEBUG] [TIME] 6612 income_stmt: 0.23s
2026-07-05 04:05:32,084 [DEBUG] [TIME] 6612 balance_sheet: 0.28s
2026-07-05 04:05:32,350 [DEBUG] [TIME] 6612 cashflow: 0.26s
2026-07-05 04:05:32,587 [DEBUG] [TIME] 6612 dividends: 0.24s
2026-07-05 04:05:32,587 [INFO] [DETAIL] 6612 バルミューダ: income_stmt=OK, balance_sheet=OK, cashflow=OK, dividends=EMPTY
2026-07-05 04:05:32,587 [INFO] [TIME] 6612 バルミューダ 処理時間: 1.26s
2026-07-05 04:05:34,679 [DEBUG] [TIME] 6613 info: 0.26s
2026-07-05 04:05:34,680 [DEBUG] yfinance OK: 6613
2026-07-05 04:05:34,931 [DEBUG] [TIME] 6613 income_stmt: 0.25s
2026-07-05 04:05:35,234 [DEBUG] [TIME] 6613 balance_sheet: 0.30s
2026-07-05 04:05:35,488 [DEBUG] [TIME] 6613 cashflow: 0.25s
2026-07-05 04:05:35,742 [DEBUG] [TIME] 6613 dividends: 0.25s
2026-07-05 04:05:35,742 [INFO] [DETAIL] 6613 ＱＤレーザ: income_stmt=OK, balance_sheet=OK, cashflow=OK, dividends=EMPTY
2026-07-05 04:05:35,742 [INFO] [TIME] 6613 ＱＤレーザ 処理時間: 1.33s
2026-07-05 04:05:37,523 [DEBUG] [TIME] 6614 info: 0.25s
2026-07-05 04:05:37,523 [DEBUG] yfinance OK: 6614
2026-07-05 04:05:37,762 [DEBUG] [TIME] 6614 income_stmt: 0.24s
2026-07-05 04:05:38,070 [DEBUG] [TIME] 6614 balance_sheet: 0.31s
2026-07-05 04:05:38,337 [DEBUG] [TIME] 6614 cashflow: 0.27s
2026-07-05 04:05:38,660 [DEBUG] [TIME] 6614 dividends: 0.32s
2026-07-05 04:05:38,660 [INFO] [DETAIL] 6614 シキノハイテック: income_stmt=OK, balance_sheet=OK, cashflow=OK, dividends=OK
2026-07-05 04:05:38,661 [INFO] [TIME] 6614 シキノハイテック 処理時間: 1.38s
2026-07-05 04:05:40,912 [DEBUG] [TIME] 6615 info: 0.25s
2026-07-05 04:05:40,912 [DEBUG] yfinance OK: 6615
2026-07-05 04:05:41,174 [DEBUG] [TIME] 6615 income_stmt: 0.26s
2026-07-05 04:05:41,469 [DEBUG] [TIME] 6615 balance_sheet: 0.29s
2026-07-05 04:05:41,701 [DEBUG] [TIME] 6615 cashflow: 0.23s
2026-07-05 04:05:41,950 [DEBUG] [TIME] 6615 dividends: 0.25s
2026-07-05 04:05:41,951 [INFO] [DETAIL] 6615 ユー・エム・シー・エレクトロニクス: income_stmt=OK, balance_sheet=OK, cashflow=OK, dividends=OK
2026-07-05 04:05:41,951 [INFO] [TIME] 6615 ユー・エム・シー・エレクトロニクス 処理時間: 1.29s
2026-07-05 04:05:43,702 [DEBUG] [TIME] 6616 info: 0.24s
2026-07-05 04:05:43,702 [DEBUG] yfinance OK: 6616
2026-07-05 04:05:43,918 [DEBUG] [TIME] 6616 income_stmt: 0.22s
2026-07-05 04:05:44,148 [DEBUG] [TIME] 6616 balance_sheet: 0.23s
2026-07-05 04:05:44,335 [DEBUG] [TIME] 6616 cashflow: 0.19s
2026-07-05 04:05:44,728 [DEBUG] [TIME] 6616 dividends: 0.39s
2026-07-05 04:05:44,729 [INFO] [DETAIL] 6616 トレックス・セミコンダクター: income_stmt=OK, balance_sheet=OK, cashflow=OK, dividends=OK
2026-07-05 04:05:44,729 [INFO] [TIME] 6616 トレックス・セミコンダクター 処理時間: 1.27s
2026-07-05 04:05:46,752 [DEBUG] [TIME] 6617 info: 0.24s
2026-07-05 04:05:46,752 [DEBUG] yfinance OK: 6617
2026-07-05 04:05:47,014 [DEBUG] [TIME] 6617 income_stmt: 0.26s
2026-07-05 04:05:47,295 [DEBUG] [TIME] 6617 balance_sheet: 0.28s
2026-07-05 04:05:47,566 [DEBUG] [TIME] 6617 cashflow: 0.27s
2026-07-05 04:05:48,058 [DEBUG] [TIME] 6617 dividends: 0.49s
2026-07-05 04:05:48,059 [INFO] [DETAIL] 6617 東光高岳: income_stmt=OK, balance_sheet=OK, cashflow=OK, dividends=OK
2026-07-05 04:05:48,059 [INFO] [TIME] 6617 東光高岳 処理時間: 1.55s
2026-07-05 04:05:49,542 [DEBUG] [TIME] 6619 info: 0.25s
2026-07-05 04:05:49,542 [DEBUG] yfinance OK: 6619
2026-07-05 04:05:49,782 [DEBUG] [TIME] 6619 income_stmt: 0.24s
2026-07-05 04:05:50,029 [DEBUG] [TIME] 6619 balance_sheet: 0.25s
2026-07-05 04:05:50,289 [DEBUG] [TIME] 6619 cashflow: 0.26s
2026-07-05 04:05:50,688 [DEBUG] [TIME] 6619 dividends: 0.40s
2026-07-05 04:05:50,689 [INFO] [DETAIL] 6619 ダブル・スコープ: income_stmt=OK, balance_sheet=OK, cashflow=OK, dividends=OK
2026-07-05 04:05:50,689 [INFO] [TIME] 6619 ダブル・スコープ 処理時間: 1.39s
2026-07-05 04:05:52,800 [DEBUG] [TIME] 6620 info: 0.26s
2026-07-05 04:05:52,800 [DEBUG] yfinance OK: 6620
2026-07-05 04:05:53,063 [DEBUG] [TIME] 6620 income_stmt: 0.26s
2026-07-05 04:05:53,346 [DEBUG] [TIME] 6620 balance_sheet: 0.28s
2026-07-05 04:05:53,591 [DEBUG] [TIME] 6620 cashflow: 0.24s
2026-07-05 04:05:53,886 [DEBUG] [TIME] 6620 dividends: 0.30s
2026-07-05 04:05:53,887 [INFO] [DETAIL] 6620 宮越ホールディングス: income_stmt=OK, balance_sheet=OK, cashflow=OK, dividends=OK
2026-07-05 04:05:53,887 [INFO] [TIME] 6620 宮越ホールディングス 処理時間: 1.34s
2026-07-05 04:05:55,359 [DEBUG] [TIME] 6622 info: 0.23s
2026-07-05 04:05:55,359 [DEBUG] yfinance OK: 6622
2026-07-05 04:05:55,699 [DEBUG] [TIME] 6622 income_stmt: 0.34s
2026-07-05 04:05:55,975 [DEBUG] [TIME] 6622 balance_sheet: 0.27s
2026-07-05 04:05:56,270 [DEBUG] [TIME] 6622 cashflow: 0.29s
2026-07-05 04:05:56,792 [DEBUG] [TIME] 6622 dividends: 0.52s
2026-07-05 04:05:56,793 [INFO] [DETAIL] 6622 ダイヘン: income_stmt=OK, balance_sheet=OK, cashflow=OK, dividends=OK
2026-07-05 04:05:56,793 [INFO] [TIME] 6622 ダイヘン 処理時間: 1.67s
2026-07-05 04:05:58,536 [DEBUG] [TIME] 6625 info: 0.25s
2026-07-05 04:05:58,536 [DEBUG] yfinance OK: 6625
2026-07-05 04:05:58,787 [DEBUG] [TIME] 6625 income_stmt: 0.25s
2026-07-05 04:05:59,089 [DEBUG] [TIME] 6625 balance_sheet: 0.30s
2026-07-05 04:05:59,345 [DEBUG] [TIME] 6625 cashflow: 0.26s
2026-07-05 04:05:59,837 [DEBUG] [TIME] 6625 dividends: 0.49s
2026-07-05 04:05:59,838 [INFO] [DETAIL] 6625 ＪＡＬＣＯホールディングス: income_stmt=OK, balance_sheet=OK, cashflow=OK, dividends=OK
2026-07-05 04:05:59,838 [INFO] [TIME] 6625 ＪＡＬＣＯホールディングス 処理時間: 1.56s
2026-07-05 04:06:01,373 [DEBUG] [TIME] 6626 info: 0.26s
2026-07-05 04:06:01,373 [DEBUG] yfinance OK: 6626
2026-07-05 04:06:01,615 [DEBUG] [TIME] 6626 income_stmt: 0.24s
2026-07-05 04:06:01,887 [DEBUG] [TIME] 6626 balance_sheet: 0.27s
2026-07-05 04:06:02,133 [DEBUG] [TIME] 6626 cashflow: 0.25s
2026-07-05 04:06:02,583 [DEBUG] [TIME] 6626 dividends: 0.45s
2026-07-05 04:06:02,584 [INFO] [DETAIL] 6626 ＳＥＭＩＴＥＣ: income_stmt=OK, balance_sheet=OK, cashflow=OK, dividends=OK
2026-07-05 04:06:02,584 [INFO] [TIME] 6626 ＳＥＭＩＴＥＣ 処理時間: 1.47s
2026-07-05 04:06:04,730 [DEBUG] [TIME] 6627 info: 0.28s
2026-07-05 04:06:04,731 [DEBUG] yfinance OK: 6627
2026-07-05 04:06:04,971 [DEBUG] [TIME] 6627 income_stmt: 0.24s
2026-07-05 04:06:05,237 [DEBUG] [TIME] 6627 balance_sheet: 0.27s
2026-07-05 04:06:05,510 [DEBUG] [TIME] 6627 cashflow: 0.27s
2026-07-05 04:06:05,885 [DEBUG] [TIME] 6627 dividends: 0.37s
2026-07-05 04:06:05,885 [INFO] [DETAIL] 6627 テラプローブ: income_stmt=OK, balance_sheet=OK, cashflow=OK, dividends=OK
2026-07-05 04:06:05,886 [INFO] [TIME] 6627 テラプローブ 処理時間: 1.43s
2026-07-05 04:06:07,502 [DEBUG] [TIME] 6629 info: 0.24s
2026-07-05 04:06:07,502 [DEBUG] yfinance OK: 6629
2026-07-05 04:06:07,733 [DEBUG] [TIME] 6629 income_stmt: 0.23s
2026-07-05 04:06:08,035 [DEBUG] [TIME] 6629 balance_sheet: 0.30s
2026-07-05 04:06:08,659 [DEBUG] [TIME] 6629 cashflow: 0.62s
2026-07-05 04:06:09,147 [DEBUG] [TIME] 6629 dividends: 0.49s
2026-07-05 04:06:09,147 [INFO] [DETAIL] 6629 テクノホライゾン: income_stmt=OK, balance_sheet=OK, cashflow=OK, dividends=OK
2026-07-05 04:06:09,148 [INFO] [TIME] 6629 テクノホライゾン 処理時間: 1.89s
2026-07-05 04:06:11,152 [DEBUG] [TIME] 6630 info: 0.29s
2026-07-05 04:06:11,152 [DEBUG] yfinance OK: 6630
2026-07-05 04:06:11,434 [DEBUG] [TIME] 6630 income_stmt: 0.28s
2026-07-05 04:06:11,741 [DEBUG] [TIME] 6630 balance_sheet: 0.31s
2026-07-05 04:06:11,975 [DEBUG] [TIME] 6630 cashflow: 0.23s
2026-07-05 04:06:12,407 [DEBUG] [TIME] 6630 dividends: 0.43s
2026-07-05 04:06:12,408 [INFO] [DETAIL] 6630 ヤーマン: income_stmt=OK, balance_sheet=OK, cashflow=OK, dividends=OK
2026-07-05 04:06:12,408 [INFO] [TIME] 6630 ヤーマン 処理時間: 1.55s
2026-07-05 04:06:14,163 [DEBUG] [TIME] 6632 info: 0.30s
2026-07-05 04:06:14,163 [DEBUG] yfinance OK: 6632
2026-07-05 04:06:14,401 [DEBUG] [TIME] 6632 income_stmt: 0.24s
2026-07-05 04:06:14,725 [DEBUG] [TIME] 6632 balance_sheet: 0.32s
2026-07-05 04:06:14,988 [DEBUG] [TIME] 6632 cashflow: 0.26s
2026-07-05 04:06:15,417 [DEBUG] [TIME] 6632 dividends: 0.43s
2026-07-05 04:06:15,418 [INFO] [DETAIL] 6632 ＪＶＣケンウッド: income_stmt=OK, balance_sheet=OK, cashflow=OK, dividends=OK
2026-07-05 04:06:15,418 [INFO] [TIME] 6632 ＪＶＣケンウッド 処理時間: 1.56s
2026-07-05 04:06:16,929 [DEBUG] [TIME] 6633 info: 0.27s
2026-07-05 04:06:16,929 [DEBUG] yfinance OK: 6633
2026-07-05 04:06:17,173 [DEBUG] [TIME] 6633 income_stmt: 0.24s
2026-07-05 04:06:17,455 [DEBUG] [TIME] 6633 balance_sheet: 0.28s
2026-07-05 04:06:17,743 [DEBUG] [TIME] 6633 cashflow: 0.29s
2026-07-05 04:06:18,393 [DEBUG] [TIME] 6633 dividends: 0.65s
2026-07-05 04:06:18,394 [INFO] [DETAIL] 6633 ＣＧＳホールディングス: income_stmt=OK, balance_sheet=OK, cashflow=OK, dividends=OK
2026-07-05 04:06:18,394 [INFO] [TIME] 6633 ＣＧＳホールディングス 処理時間: 1.73s
2026-07-05 04:06:20,085 [DEBUG] [TIME] 6634 info: 0.24s
2026-07-05 04:06:20,085 [DEBUG] yfinance OK: 6634
2026-07-05 04:06:20,321 [DEBUG] [TIME] 6634 income_stmt: 0.24s
2026-07-05 04:06:20,623 [DEBUG] [TIME] 6634 balance_sheet: 0.30s
2026-07-05 04:06:20,875 [DEBUG] [TIME] 6634 cashflow: 0.25s
2026-07-05 04:06:21,302 [DEBUG] [TIME] 6634 dividends: 0.43s
2026-07-05 04:06:21,302 [INFO] [DETAIL] 6634 ＪＮグループ: income_stmt=OK, balance_sheet=OK, cashflow=OK, dividends=EMPTY
2026-07-05 04:06:21,302 [INFO] [TIME] 6634 ＪＮグループ 処理時間: 1.46s
2026-07-05 04:06:22,907 [DEBUG] [TIME] 6635 info: 0.24s
2026-07-05 04:06:22,907 [DEBUG] yfinance OK: 6635
2026-07-05 04:06:23,149 [DEBUG] [TIME] 6635 income_stmt: 0.24s
2026-07-05 04:06:23,430 [DEBUG] [TIME] 6635 balance_sheet: 0.28s
2026-07-05 04:06:23,692 [DEBUG] [TIME] 6635 cashflow: 0.26s
2026-07-05 04:06:24,129 [DEBUG] [TIME] 6635 dividends: 0.44s
2026-07-05 04:06:24,130 [INFO] [DETAIL] 6635 大日光・エンジニアリング: income_stmt=OK, balance_sheet=OK, cashflow=OK, dividends=OK
2026-07-05 04:06:24,130 [INFO] [TIME] 6635 大日光・エンジニアリング 処理時間: 1.46s
2026-07-05 04:06:26,166 [DEBUG] [TIME] 6637 info: 0.24s
2026-07-05 04:06:26,166 [DEBUG] yfinance OK: 6637
2026-07-05 04:06:26,380 [DEBUG] [TIME] 6637 income_stmt: 0.21s
2026-07-05 04:06:26,658 [DEBUG] [TIME] 6637 balance_sheet: 0.28s
2026-07-05 04:06:26,885 [DEBUG] [TIME] 6637 cashflow: 0.23s
2026-07-05 04:06:27,290 [DEBUG] [TIME] 6637 dividends: 0.40s
2026-07-05 04:06:27,291 [INFO] [DETAIL] 6637 寺崎電気産業: income_stmt=OK, balance_sheet=OK, cashflow=OK, dividends=OK
2026-07-05 04:06:27,291 [INFO] [TIME] 6637 寺崎電気産業 処理時間: 1.36s
2026-07-05 04:06:28,768 [DEBUG] [TIME] 6638 info: 0.24s
2026-07-05 04:06:28,768 [DEBUG] yfinance OK: 6638
2026-07-05 04:06:29,010 [DEBUG] [TIME] 6638 income_stmt: 0.24s
2026-07-05 04:06:29,330 [DEBUG] [TIME] 6638 balance_sheet: 0.32s
2026-07-05 04:06:29,592 [DEBUG] [TIME] 6638 cashflow: 0.26s
2026-07-05 04:06:29,993 [DEBUG] [TIME] 6638 dividends: 0.40s
2026-07-05 04:06:29,994 [INFO] [DETAIL] 6638 ミマキエンジニアリング: income_stmt=OK, balance_sheet=OK, cashflow=OK, dividends=OK
2026-07-05 04:06:29,994 [INFO] [TIME] 6638 ミマキエンジニアリング 処理時間: 1.47s
2026-07-05 04:06:31,434 [DEBUG] [TIME] 6643 info: 0.24s
2026-07-05 04:06:31,434 [DEBUG] yfinance OK: 6643
2026-07-05 04:06:31,662 [DEBUG] [TIME] 6643 income_stmt: 0.23s
2026-07-05 04:06:31,948 [DEBUG] [TIME] 6643 balance_sheet: 0.29s
2026-07-05 04:06:32,274 [DEBUG] [TIME] 6643 cashflow: 0.33s
2026-07-05 04:06:32,813 [DEBUG] [TIME] 6643 dividends: 0.54s
2026-07-05 04:06:32,814 [INFO] [DETAIL] 6643 戸上電機製作所: income_stmt=OK, balance_sheet=OK, cashflow=OK, dividends=OK
2026-07-05 04:06:32,814 [INFO] [TIME] 6643 戸上電機製作所 処理時間: 1.62s
2026-07-05 04:06:34,396 [DEBUG] [TIME] 6644 info: 0.23s
2026-07-05 04:06:34,396 [DEBUG] yfinance OK: 6644
2026-07-05 04:06:34,654 [DEBUG] [TIME] 6644 income_stmt: 0.26s
2026-07-05 04:06:34,930 [DEBUG] [TIME] 6644 balance_sheet: 0.28s
2026-07-05 04:06:35,219 [DEBUG] [TIME] 6644 cashflow: 0.29s
2026-07-05 04:06:35,739 [DEBUG] [TIME] 6644 dividends: 0.52s
2026-07-05 04:06:35,740 [INFO] [DETAIL] 6644 大崎電気工業: income_stmt=OK, balance_sheet=OK, cashflow=OK, dividends=OK
2026-07-05 04:06:35,740 [INFO] [TIME] 6644 大崎電気工業 処理時間: 1.58s
2026-07-05 04:06:37,717 [DEBUG] [TIME] 6645 info: 0.24s
2026-07-05 04:06:37,717 [DEBUG] yfinance OK: 6645
2026-07-05 04:06:37,973 [DEBUG] [TIME] 6645 income_stmt: 0.26s
2026-07-05 04:06:38,289 [DEBUG] [TIME] 6645 balance_sheet: 0.32s
2026-07-05 04:06:38,512 [DEBUG] [TIME] 6645 cashflow: 0.22s
2026-07-05 04:06:38,973 [DEBUG] [TIME] 6645 dividends: 0.46s
2026-07-05 04:06:38,974 [INFO] [DETAIL] 6645 オムロン: income_stmt=OK, balance_sheet=OK, cashflow=OK, dividends=OK
2026-07-05 04:06:38,974 [INFO] [TIME] 6645 オムロン 処理時間: 1.50s
2026-07-05 04:06:40,851 [DEBUG] [TIME] 6647 info: 0.25s
2026-07-05 04:06:40,852 [DEBUG] yfinance OK: 6647
2026-07-05 04:06:41,080 [DEBUG] [TIME] 6647 income_stmt: 0.23s
2026-07-05 04:06:41,438 [DEBUG] [TIME] 6647 balance_sheet: 0.36s
2026-07-05 04:06:41,695 [DEBUG] [TIME] 6647 cashflow: 0.26s
2026-07-05 04:06:42,186 [DEBUG] [TIME] 6647 dividends: 0.49s
2026-07-05 04:06:42,187 [INFO] [DETAIL] 6647 森尾電機: income_stmt=OK, balance_sheet=OK, cashflow=OK, dividends=OK
2026-07-05 04:06:42,187 [INFO] [TIME] 6647 森尾電機 処理時間: 1.58s
2026-07-05 04:06:44,020 [DEBUG] [TIME] 6648 info: 0.24s
2026-07-05 04:06:44,020 [DEBUG] yfinance OK: 6648
2026-07-05 04:06:44,270 [DEBUG] [TIME] 6648 income_stmt: 0.25s
2026-07-05 04:06:44,540 [DEBUG] [TIME] 6648 balance_sheet: 0.27s
2026-07-05 04:06:44,814 [DEBUG] [TIME] 6648 cashflow: 0.27s
2026-07-05 04:06:45,427 [DEBUG] [TIME] 6648 dividends: 0.61s
2026-07-05 04:06:45,428 [INFO] [DETAIL] 6648 かわでん: income_stmt=OK, balance_sheet=OK, cashflow=OK, dividends=OK
2026-07-05 04:06:45,428 [INFO] [TIME] 6648 かわでん 処理時間: 1.65s
2026-07-05 04:06:46,813 [DEBUG] [TIME] 6651 info: 0.24s
2026-07-05 04:06:46,813 [DEBUG] yfinance OK: 6651
2026-07-05 04:06:47,051 [DEBUG] [TIME] 6651 income_stmt: 0.24s
2026-07-05 04:06:47,323 [DEBUG] [TIME] 6651 balance_sheet: 0.27s
2026-07-05 04:06:47,578 [DEBUG] [TIME] 6651 cashflow: 0.25s
2026-07-05 04:06:48,126 [DEBUG] [TIME] 6651 dividends: 0.55s
2026-07-05 04:06:48,126 [INFO] [DETAIL] 6651 日東工業: income_stmt=OK, balance_sheet=OK, cashflow=OK, dividends=OK
2026-07-05 04:06:48,127 [INFO] [TIME] 6651 日東工業 処理時間: 1.55s
2026-07-05 04:06:49,412 [DEBUG] [TIME] 6652 info: 0.24s
2026-07-05 04:06:49,412 [DEBUG] yfinance OK: 6652
2026-07-05 04:06:49,649 [DEBUG] [TIME] 6652 income_stmt: 0.24s
2026-07-05 04:06:49,934 [DEBUG] [TIME] 6652 balance_sheet: 0.28s
2026-07-05 04:06:50,188 [DEBUG] [TIME] 6652 cashflow: 0.25s
2026-07-05 04:06:50,627 [DEBUG] [TIME] 6652 dividends: 0.44s
2026-07-05 04:06:50,628 [INFO] [DETAIL] 6652 ＩＤＥＣ: income_stmt=OK, balance_sheet=OK, cashflow=OK, dividends=OK
2026-07-05 04:06:50,628 [INFO] [TIME] 6652 ＩＤＥＣ 処理時間: 1.46s
2026-07-05 04:06:52,756 [DEBUG] [TIME] 6653 info: 0.24s
2026-07-05 04:06:52,756 [DEBUG] yfinance OK: 6653
2026-07-05 04:06:52,985 [DEBUG] [TIME] 6653 income_stmt: 0.23s
2026-07-05 04:06:53,272 [DEBUG] [TIME] 6653 balance_sheet: 0.29s
2026-07-05 04:06:53,539 [DEBUG] [TIME] 6653 cashflow: 0.27s
2026-07-05 04:06:53,970 [DEBUG] [TIME] 6653 dividends: 0.43s
2026-07-05 04:06:53,971 [INFO] [DETAIL] 6653 正興電機製作所: income_stmt=OK, balance_sheet=OK, cashflow=OK, dividends=OK
2026-07-05 04:06:53,971 [INFO] [TIME] 6653 正興電機製作所 処理時間: 1.46s
2026-07-05 04:06:55,736 [DEBUG] [TIME] 6654 info: 0.25s
2026-07-05 04:06:55,736 [DEBUG] yfinance OK: 6654
2026-07-05 04:06:55,982 [DEBUG] [TIME] 6654 income_stmt: 0.25s
2026-07-05 04:06:56,212 [DEBUG] [TIME] 6654 balance_sheet: 0.23s
2026-07-05 04:06:56,468 [DEBUG] [TIME] 6654 cashflow: 0.26s
2026-07-05 04:06:56,991 [DEBUG] [TIME] 6654 dividends: 0.52s
2026-07-05 04:06:56,992 [INFO] [DETAIL] 6654 不二電機工業: income_stmt=OK, balance_sheet=OK, cashflow=OK, dividends=OK
2026-07-05 04:06:56,992 [INFO] [TIME] 6654 不二電機工業 処理時間: 1.50s
2026-07-05 04:06:58,475 [DEBUG] [TIME] 6656 info: 0.24s
2026-07-05 04:06:58,476 [DEBUG] yfinance OK: 6656
2026-07-05 04:06:58,692 [DEBUG] [TIME] 6656 income_stmt: 0.22s
2026-07-05 04:06:58,977 [DEBUG] [TIME] 6656 balance_sheet: 0.28s
2026-07-05 04:06:59,179 [DEBUG] [TIME] 6656 cashflow: 0.20s
2026-07-05 04:06:59,725 [DEBUG] [TIME] 6656 dividends: 0.55s
2026-07-05 04:06:59,726 [INFO] [DETAIL] 6656 インスペック: income_stmt=OK, balance_sheet=OK, cashflow=OK, dividends=OK
2026-07-05 04:06:59,726 [INFO] [TIME] 6656 インスペック 処理時間: 1.49s
2026-07-05 04:07:01,332 [DEBUG] [TIME] 6658 info: 0.24s
2026-07-05 04:07:01,332 [DEBUG] yfinance OK: 6658
2026-07-05 04:07:01,656 [DEBUG] [TIME] 6658 income_stmt: 0.32s
2026-07-05 04:07:02,060 [DEBUG] [TIME] 6658 balance_sheet: 0.40s
2026-07-05 04:07:02,293 [DEBUG] [TIME] 6658 cashflow: 0.23s
2026-07-05 04:07:02,644 [DEBUG] [TIME] 6658 dividends: 0.35s
2026-07-05 04:07:02,645 [INFO] [DETAIL] 6658 シライ電子工業: income_stmt=OK, balance_sheet=OK, cashflow=OK, dividends=OK
2026-07-05 04:07:02,645 [INFO] [TIME] 6658 シライ電子工業 処理時間: 1.56s
2026-07-05 04:07:04,045 [DEBUG] [TIME] 6659 info: 0.25s
2026-07-05 04:07:04,045 [DEBUG] yfinance OK: 6659
2026-07-05 04:07:04,313 [DEBUG] [TIME] 6659 income_stmt: 0.27s
2026-07-05 04:07:04,621 [DEBUG] [TIME] 6659 balance_sheet: 0.31s
2026-07-05 04:07:04,884 [DEBUG] [TIME] 6659 cashflow: 0.26s
2026-07-05 04:07:05,244 [DEBUG] [TIME] 6659 dividends: 0.36s
2026-07-05 04:07:05,244 [INFO] [DETAIL] 6659 メディアリンクス: income_stmt=OK, balance_sheet=OK, cashflow=OK, dividends=EMPTY
2026-07-05 04:07:05,244 [INFO] [TIME] 6659 メディアリンクス 処理時間: 1.45s
2026-07-05 04:07:06,643 [DEBUG] [TIME] 6662 info: 0.24s
2026-07-05 04:07:06,643 [DEBUG] yfinance OK: 6662
2026-07-05 04:07:06,881 [DEBUG] [TIME] 6662 income_stmt: 0.24s
2026-07-05 04:07:07,113 [DEBUG] [TIME] 6662 balance_sheet: 0.23s
2026-07-05 04:07:07,381 [DEBUG] [TIME] 6662 cashflow: 0.27s
2026-07-05 04:07:07,999 [DEBUG] [TIME] 6662 dividends: 0.62s
2026-07-05 04:07:08,000 [INFO] [DETAIL] 6662 ユビテック: income_stmt=OK, balance_sheet=OK, cashflow=OK, dividends=OK
2026-07-05 04:07:08,000 [INFO] [TIME] 6662 ユビテック 処理時間: 1.60s
2026-07-05 04:07:09,301 [DEBUG] [TIME] 6663 info: 0.25s
2026-07-05 04:07:09,302 [DEBUG] yfinance OK: 6663
2026-07-05 04:07:09,541 [DEBUG] [TIME] 6663 income_stmt: 0.24s
2026-07-05 04:07:09,850 [DEBUG] [TIME] 6663 balance_sheet: 0.31s
2026-07-05 04:07:10,088 [DEBUG] [TIME] 6663 cashflow: 0.24s
2026-07-05 04:07:10,481 [DEBUG] [TIME] 6663 dividends: 0.39s
2026-07-05 04:07:10,481 [INFO] [DETAIL] 6663 太洋テクノレックス: income_stmt=OK, balance_sheet=OK, cashflow=OK, dividends=OK
2026-07-05 04:07:10,482 [INFO] [TIME] 6663 太洋テクノレックス 処理時間: 1.43s
2026-07-05 04:07:12,161 [DEBUG] [TIME] 6664 info: 0.24s
2026-07-05 04:07:12,162 [DEBUG] yfinance OK: 6664
2026-07-05 04:07:12,406 [DEBUG] [TIME] 6664 income_stmt: 0.24s
2026-07-05 04:07:12,684 [DEBUG] [TIME] 6664 balance_sheet: 0.28s
2026-07-05 04:07:12,930 [DEBUG] [TIME] 6664 cashflow: 0.25s
2026-07-05 04:07:13,299 [DEBUG] [TIME] 6664 dividends: 0.37s
2026-07-05 04:07:13,300 [INFO] [DETAIL] 6664 オプトエレクトロニクス: income_stmt=OK, balance_sheet=OK, cashflow=OK, dividends=OK
2026-07-05 04:07:13,300 [INFO] [TIME] 6664 オプトエレクトロニクス 処理時間: 1.38s
2026-07-05 04:07:15,261 [DEBUG] [TIME] 6666 info: 0.24s
2026-07-05 04:07:15,262 [DEBUG] yfinance OK: 6666
2026-07-05 04:07:15,515 [DEBUG] [TIME] 6666 income_stmt: 0.25s
2026-07-05 04:07:15,785 [DEBUG] [TIME] 6666 balance_sheet: 0.27s
2026-07-05 04:07:15,983 [DEBUG] [TIME] 6666 cashflow: 0.20s
2026-07-05 04:07:16,534 [DEBUG] [TIME] 6666 dividends: 0.55s
2026-07-05 04:07:16,535 [INFO] [DETAIL] 6666 リバーエレテック: income_stmt=OK, balance_sheet=OK, cashflow=OK, dividends=OK
2026-07-05 04:07:16,535 [INFO] [TIME] 6666 リバーエレテック 処理時間: 1.52s
2026-07-05 04:07:18,224 [DEBUG] [TIME] 6668 info: 0.24s
2026-07-05 04:07:18,224 [DEBUG] yfinance OK: 6668
2026-07-05 04:07:18,470 [DEBUG] [TIME] 6668 income_stmt: 0.25s
2026-07-05 04:07:18,718 [DEBUG] [TIME] 6668 balance_sheet: 0.25s
2026-07-05 04:07:18,929 [DEBUG] [TIME] 6668 cashflow: 0.21s
2026-07-05 04:07:19,302 [DEBUG] [TIME] 6668 dividends: 0.37s
2026-07-05 04:07:19,303 [INFO] [DETAIL] 6668 アドテック　プラズマ　テクノロジー: income_stmt=OK, balance_sheet=OK, cashflow=OK, dividends=OK
2026-07-05 04:07:19,303 [INFO] [TIME] 6668 アドテック　プラズマ　テクノロジー 処理時間: 1.32s
2026-07-05 04:07:20,668 [DEBUG] [TIME] 6670 info: 0.24s
2026-07-05 04:07:20,668 [WARNING] yfinance データなし: 6670
2026-07-05 04:07:20,668 [INFO] [TIME] 6670 ＭＣＪ 処理時間: 0.24s
2026-07-05 04:07:22,266 [DEBUG] [TIME] 6674 info: 0.25s
2026-07-05 04:07:22,266 [DEBUG] yfinance OK: 6674
2026-07-05 04:07:22,471 [DEBUG] [TIME] 6674 income_stmt: 0.21s
2026-07-05 04:07:22,757 [DEBUG] [TIME] 6674 balance_sheet: 0.29s
2026-07-05 04:07:22,995 [DEBUG] [TIME] 6674 cashflow: 0.24s
2026-07-05 04:07:23,410 [DEBUG] [TIME] 6674 dividends: 0.41s
2026-07-05 04:07:23,411 [INFO] [DETAIL] 6674 ジーエス・ユアサ　コーポレーション: income_stmt=OK, balance_sheet=OK, cashflow=OK, dividends=OK
2026-07-05 04:07:23,411 [INFO] [TIME] 6674 ジーエス・ユアサ　コーポレーション 処理時間: 1.39s
2026-07-05 04:07:24,947 [DEBUG] [TIME] 6675 info: 0.24s
2026-07-05 04:07:24,947 [DEBUG] yfinance OK: 6675
2026-07-05 04:07:25,188 [DEBUG] [TIME] 6675 income_stmt: 0.24s
2026-07-05 04:07:25,484 [DEBUG] [TIME] 6675 balance_sheet: 0.30s
2026-07-05 04:07:25,787 [DEBUG] [TIME] 6675 cashflow: 0.30s
2026-07-05 04:07:26,241 [DEBUG] [TIME] 6675 dividends: 0.45s
2026-07-05 04:07:26,242 [INFO] [DETAIL] 6675 サクサ: income_stmt=OK, balance_sheet=OK, cashflow=OK, dividends=OK
2026-07-05 04:07:26,242 [INFO] [TIME] 6675 サクサ 処理時間: 1.54s
2026-07-05 04:07:27,949 [DEBUG] [TIME] 6676 info: 0.24s
2026-07-05 04:07:27,949 [DEBUG] yfinance OK: 6676
2026-07-05 04:07:28,171 [DEBUG] [TIME] 6676 income_stmt: 0.22s
2026-07-05 04:07:28,468 [DEBUG] [TIME] 6676 balance_sheet: 0.30s
2026-07-05 04:07:28,731 [DEBUG] [TIME] 6676 cashflow: 0.26s
2026-07-05 04:07:29,354 [DEBUG] [TIME] 6676 dividends: 0.62s
2026-07-05 04:07:29,355 [INFO] [DETAIL] 6676 ＢＵＦＦＡＬＯ: income_stmt=OK, balance_sheet=OK, cashflow=OK, dividends=OK
2026-07-05 04:07:29,355 [INFO] [TIME] 6676 ＢＵＦＦＡＬＯ 処理時間: 1.65s
2026-07-05 04:07:31,043 [DEBUG] [TIME] 6677 info: 0.24s
2026-07-05 04:07:31,043 [DEBUG] yfinance OK: 6677
2026-07-05 04:07:31,260 [DEBUG] [TIME] 6677 income_stmt: 0.22s
2026-07-05 04:07:31,562 [DEBUG] [TIME] 6677 balance_sheet: 0.30s
2026-07-05 04:07:31,818 [DEBUG] [TIME] 6677 cashflow: 0.26s
2026-07-05 04:07:32,471 [DEBUG] [TIME] 6677 dividends: 0.65s
2026-07-05 04:07:32,472 [INFO] [DETAIL] 6677 エスケーエレクトロニクス: income_stmt=OK, balance_sheet=OK, cashflow=OK, dividends=OK
2026-07-05 04:07:32,472 [INFO] [TIME] 6677 エスケーエレクトロニクス 処理時間: 1.67s
2026-07-05 04:07:34,036 [DEBUG] [TIME] 6678 info: 0.24s
2026-07-05 04:07:34,037 [DEBUG] yfinance OK: 6678
2026-07-05 04:07:34,274 [DEBUG] [TIME] 6678 income_stmt: 0.24s
2026-07-05 04:07:34,531 [DEBUG] [TIME] 6678 balance_sheet: 0.26s
2026-07-05 04:07:34,799 [DEBUG] [TIME] 6678 cashflow: 0.27s
2026-07-05 04:07:35,338 [DEBUG] [TIME] 6678 dividends: 0.54s
2026-07-05 04:07:35,339 [INFO] [DETAIL] 6678 テクノメディカ: income_stmt=OK, balance_sheet=OK, cashflow=OK, dividends=OK
2026-07-05 04:07:35,339 [INFO] [TIME] 6678 テクノメディカ 処理時間: 1.54s
2026-07-05 04:07:37,535 [DEBUG] [TIME] 6694 info: 0.24s
2026-07-05 04:07:37,535 [DEBUG] yfinance OK: 6694
2026-07-05 04:07:37,783 [DEBUG] [TIME] 6694 income_stmt: 0.25s
2026-07-05 04:07:38,025 [DEBUG] [TIME] 6694 balance_sheet: 0.24s
2026-07-05 04:07:38,262 [DEBUG] [TIME] 6694 cashflow: 0.24s
2026-07-05 04:07:38,597 [DEBUG] [TIME] 6694 dividends: 0.33s
2026-07-05 04:07:38,597 [INFO] [DETAIL] 6694 ズーム: income_stmt=OK, balance_sheet=OK, cashflow=OK, dividends=OK
2026-07-05 04:07:38,597 [INFO] [TIME] 6694 ズーム 処理時間: 1.30s
2026-07-05 04:07:40,603 [DEBUG] [TIME] 6696 info: 0.26s
2026-07-05 04:07:40,603 [DEBUG] yfinance OK: 6696
2026-07-05 04:07:40,828 [DEBUG] [TIME] 6696 income_stmt: 0.22s
2026-07-05 04:07:41,109 [DEBUG] [TIME] 6696 balance_sheet: 0.28s
2026-07-05 04:07:41,326 [DEBUG] [TIME] 6696 cashflow: 0.22s
2026-07-05 04:07:41,626 [DEBUG] [TIME] 6696 dividends: 0.30s
2026-07-05 04:07:41,626 [INFO] [DETAIL] 6696 トラース・オン・プロダクト: income_stmt=OK, balance_sheet=OK, cashflow=OK, dividends=EMPTY
2026-07-05 04:07:41,626 [INFO] [TIME] 6696 トラース・オン・プロダクト 処理時間: 1.28s
2026-07-05 04:07:43,056 [DEBUG] [TIME] 6699 info: 0.25s
2026-07-05 04:07:43,056 [DEBUG] yfinance OK: 6699
2026-07-05 04:07:43,321 [DEBUG] [TIME] 6699 income_stmt: 0.26s
2026-07-05 04:07:43,586 [DEBUG] [TIME] 6699 balance_sheet: 0.26s
2026-07-05 04:07:43,780 [DEBUG] [TIME] 6699 cashflow: 0.19s
2026-07-05 04:07:44,115 [DEBUG] [TIME] 6699 dividends: 0.33s
2026-07-05 04:07:44,116 [INFO] [DETAIL] 6699 ダイヤモンドエレクトリックホールディングス: income_stmt=OK, balance_sheet=OK, cashflow=OK, dividends=OK
2026-07-05 04:07:44,116 [INFO] [TIME] 6699 ダイヤモンドエレクトリックホールディングス 処理時間: 1.31s
2026-07-05 04:07:45,857 [DEBUG] [TIME] 6701 info: 0.24s
2026-07-05 04:07:45,857 [DEBUG] yfinance OK: 6701
2026-07-05 04:07:46,082 [DEBUG] [TIME] 6701 income_stmt: 0.22s
2026-07-05 04:07:46,344 [DEBUG] [TIME] 6701 balance_sheet: 0.26s
2026-07-05 04:07:46,590 [DEBUG] [TIME] 6701 cashflow: 0.25s
2026-07-05 04:07:47,259 [DEBUG] [TIME] 6701 dividends: 0.67s
2026-07-05 04:07:47,260 [INFO] [DETAIL] 6701 日本電気: income_stmt=OK, balance_sheet=OK, cashflow=OK, dividends=OK
2026-07-05 04:07:47,260 [INFO] [TIME] 6701 日本電気 処理時間: 1.64s
2026-07-05 04:07:49,281 [DEBUG] [TIME] 6702 info: 0.25s
2026-07-05 04:07:49,281 [DEBUG] yfinance OK: 6702
2026-07-05 04:07:49,548 [DEBUG] [TIME] 6702 income_stmt: 0.27s
2026-07-05 04:07:49,833 [DEBUG] [TIME] 6702 balance_sheet: 0.28s
2026-07-05 04:07:50,108 [DEBUG] [TIME] 6702 cashflow: 0.27s
2026-07-05 04:07:50,592 [DEBUG] [TIME] 6702 dividends: 0.48s
2026-07-05 04:07:50,593 [INFO] [DETAIL] 6702 富士通: income_stmt=OK, balance_sheet=OK, cashflow=OK, dividends=OK
2026-07-05 04:07:50,593 [INFO] [TIME] 6702 富士通 処理時間: 1.56s
2026-07-05 04:07:52,122 [DEBUG] [TIME] 6703 info: 0.27s
2026-07-05 04:07:52,123 [DEBUG] yfinance OK: 6703
2026-07-05 04:07:52,371 [DEBUG] [TIME] 6703 income_stmt: 0.25s
2026-07-05 04:07:52,659 [DEBUG] [TIME] 6703 balance_sheet: 0.29s
2026-07-05 04:07:52,918 [DEBUG] [TIME] 6703 cashflow: 0.26s
2026-07-05 04:07:53,559 [DEBUG] [TIME] 6703 dividends: 0.64s
2026-07-05 04:07:53,559 [INFO] [DETAIL] 6703 沖電気工業: income_stmt=OK, balance_sheet=OK, cashflow=OK, dividends=OK
2026-07-05 04:07:53,559 [INFO] [TIME] 6703 沖電気工業 処理時間: 1.70s
2026-07-05 04:07:54,972 [DEBUG] [TIME] 6706 info: 0.29s
2026-07-05 04:07:54,972 [DEBUG] yfinance OK: 6706
2026-07-05 04:07:55,215 [DEBUG] [TIME] 6706 income_stmt: 0.24s
2026-07-05 04:07:55,489 [DEBUG] [TIME] 6706 balance_sheet: 0.27s
2026-07-05 04:07:55,741 [DEBUG] [TIME] 6706 cashflow: 0.25s
2026-07-05 04:07:56,203 [DEBUG] [TIME] 6706 dividends: 0.46s
2026-07-05 04:07:56,204 [INFO] [DETAIL] 6706 電気興業: income_stmt=OK, balance_sheet=OK, cashflow=OK, dividends=OK
2026-07-05 04:07:56,204 [INFO] [TIME] 6706 電気興業 処理時間: 1.52s
2026-07-05 04:07:58,050 [DEBUG] [TIME] 6707 info: 0.24s
2026-07-05 04:07:58,050 [DEBUG] yfinance OK: 6707
2026-07-05 04:07:58,298 [DEBUG] [TIME] 6707 income_stmt: 0.25s
2026-07-05 04:07:58,587 [DEBUG] [TIME] 6707 balance_sheet: 0.29s
2026-07-05 04:07:58,857 [DEBUG] [TIME] 6707 cashflow: 0.27s
2026-07-05 04:07:59,356 [DEBUG] [TIME] 6707 dividends: 0.50s
2026-07-05 04:07:59,357 [INFO] [DETAIL] 6707 サンケン電気: income_stmt=OK, balance_sheet=OK, cashflow=OK, dividends=OK
2026-07-05 04:07:59,357 [INFO] [TIME] 6707 サンケン電気 処理時間: 1.55s
2026-07-05 04:08:01,270 [DEBUG] [TIME] 6718 info: 0.25s
2026-07-05 04:08:01,270 [DEBUG] yfinance OK: 6718
2026-07-05 04:08:01,535 [DEBUG] [TIME] 6718 income_stmt: 0.26s
2026-07-05 04:08:01,831 [DEBUG] [TIME] 6718 balance_sheet: 0.29s
2026-07-05 04:08:02,082 [DEBUG] [TIME] 6718 cashflow: 0.25s
2026-07-05 04:08:02,636 [DEBUG] [TIME] 6718 dividends: 0.55s
2026-07-05 04:08:02,637 [INFO] [DETAIL] 6718 アイホン: income_stmt=OK, balance_sheet=OK, cashflow=OK, dividends=OK
2026-07-05 04:08:02,637 [INFO] [TIME] 6718 アイホン 処理時間: 1.61s
2026-07-05 04:08:04,782 [DEBUG] [TIME] 6721 info: 0.24s
2026-07-05 04:08:04,782 [DEBUG] yfinance OK: 6721
2026-07-05 04:08:05,030 [DEBUG] [TIME] 6721 income_stmt: 0.25s
2026-07-05 04:08:05,326 [DEBUG] [TIME] 6721 balance_sheet: 0.30s
2026-07-05 04:08:05,611 [DEBUG] [TIME] 6721 cashflow: 0.28s
2026-07-05 04:08:05,998 [DEBUG] [TIME] 6721 dividends: 0.39s
2026-07-05 04:08:05,998 [INFO] [DETAIL] 6721 ウインテスト: income_stmt=OK, balance_sheet=OK, cashflow=OK, dividends=EMPTY
2026-07-05 04:08:05,998 [INFO] [TIME] 6721 ウインテスト 処理時間: 1.46s
2026-07-05 04:08:07,737 [DEBUG] [TIME] 6723 info: 0.24s
2026-07-05 04:08:07,737 [DEBUG] yfinance OK: 6723
2026-07-05 04:08:07,949 [DEBUG] [TIME] 6723 income_stmt: 0.21s
2026-07-05 04:08:08,223 [DEBUG] [TIME] 6723 balance_sheet: 0.27s
2026-07-05 04:08:08,466 [DEBUG] [TIME] 6723 cashflow: 0.24s
2026-07-05 04:08:08,849 [DEBUG] [TIME] 6723 dividends: 0.38s
2026-07-05 04:08:08,850 [INFO] [DETAIL] 6723 ルネサスエレクトロニクス: income_stmt=OK, balance_sheet=OK, cashflow=OK, dividends=OK
2026-07-05 04:08:08,850 [INFO] [TIME] 6723 ルネサスエレクトロニクス 処理時間: 1.35s
2026-07-05 04:08:10,735 [DEBUG] [TIME] 6724 info: 0.33s
2026-07-05 04:08:10,735 [DEBUG] yfinance OK: 6724
2026-07-05 04:08:10,978 [DEBUG] [TIME] 6724 income_stmt: 0.24s
2026-07-05 04:08:11,281 [DEBUG] [TIME] 6724 balance_sheet: 0.30s
2026-07-05 04:08:11,536 [DEBUG] [TIME] 6724 cashflow: 0.25s
2026-07-05 04:08:11,922 [DEBUG] [TIME] 6724 dividends: 0.39s
2026-07-05 04:08:11,923 [INFO] [DETAIL] 6724 セイコーエプソン: income_stmt=OK, balance_sheet=OK, cashflow=OK, dividends=OK
2026-07-05 04:08:11,923 [INFO] [TIME] 6724 セイコーエプソン 処理時間: 1.52s
2026-07-05 04:08:13,614 [DEBUG] [TIME] 6727 info: 0.25s
2026-07-05 04:08:13,614 [DEBUG] yfinance OK: 6727
2026-07-05 04:08:13,846 [DEBUG] [TIME] 6727 income_stmt: 0.23s
2026-07-05 04:08:14,069 [DEBUG] [TIME] 6727 balance_sheet: 0.22s
2026-07-05 04:08:14,322 [DEBUG] [TIME] 6727 cashflow: 0.25s
2026-07-05 04:08:14,736 [DEBUG] [TIME] 6727 dividends: 0.41s
2026-07-05 04:08:14,737 [INFO] [DETAIL] 6727 ワコム: income_stmt=OK, balance_sheet=OK, cashflow=OK, dividends=OK
2026-07-05 04:08:14,737 [INFO] [TIME] 6727 ワコム 処理時間: 1.37s
2026-07-05 04:08:16,402 [DEBUG] [TIME] 6728 info: 0.25s
2026-07-05 04:08:16,402 [DEBUG] yfinance OK: 6728
2026-07-05 04:08:16,640 [DEBUG] [TIME] 6728 income_stmt: 0.24s
2026-07-05 04:08:16,921 [DEBUG] [TIME] 6728 balance_sheet: 0.28s
2026-07-05 04:08:17,179 [DEBUG] [TIME] 6728 cashflow: 0.26s
2026-07-05 04:08:17,630 [DEBUG] [TIME] 6728 dividends: 0.45s
2026-07-05 04:08:17,631 [INFO] [DETAIL] 6728 アルバック: income_stmt=OK, balance_sheet=OK, cashflow=OK, dividends=OK
2026-07-05 04:08:17,631 [INFO] [TIME] 6728 アルバック 処理時間: 1.47s
2026-07-05 04:08:18,977 [DEBUG] [TIME] 6730 info: 0.24s
2026-07-05 04:08:18,977 [DEBUG] yfinance OK: 6730
2026-07-05 04:08:19,210 [DEBUG] [TIME] 6730 income_stmt: 0.23s
2026-07-05 04:08:19,453 [DEBUG] [TIME] 6730 balance_sheet: 0.24s
2026-07-05 04:08:19,709 [DEBUG] [TIME] 6730 cashflow: 0.26s
2026-07-05 04:08:20,411 [DEBUG] [TIME] 6730 dividends: 0.70s
2026-07-05 04:08:20,412 [INFO] [DETAIL] 6730 アクセル: income_stmt=OK, balance_sheet=OK, cashflow=OK, dividends=OK
2026-07-05 04:08:20,412 [INFO] [TIME] 6730 アクセル 処理時間: 1.67s
2026-07-05 04:08:22,289 [DEBUG] [TIME] 6731 info: 0.25s
2026-07-05 04:08:22,289 [DEBUG] yfinance OK: 6731
2026-07-05 04:08:22,511 [DEBUG] [TIME] 6731 income_stmt: 0.22s
2026-07-05 04:08:22,808 [DEBUG] [TIME] 6731 balance_sheet: 0.30s
2026-07-05 04:08:23,021 [DEBUG] [TIME] 6731 cashflow: 0.21s
2026-07-05 04:08:23,432 [DEBUG] [TIME] 6731 dividends: 0.41s
2026-07-05 04:08:23,433 [INFO] [DETAIL] 6731 ピクセラ: income_stmt=OK, balance_sheet=OK, cashflow=OK, dividends=EMPTY
2026-07-05 04:08:23,433 [INFO] [TIME] 6731 ピクセラ 処理時間: 1.39s
2026-07-05 04:08:25,135 [DEBUG] [TIME] 6736 info: 0.25s
2026-07-05 04:08:25,136 [DEBUG] yfinance OK: 6736
2026-07-05 04:08:25,380 [DEBUG] [TIME] 6736 income_stmt: 0.24s
2026-07-05 04:08:25,704 [DEBUG] [TIME] 6736 balance_sheet: 0.32s
2026-07-05 04:08:25,966 [DEBUG] [TIME] 6736 cashflow: 0.26s
2026-07-05 04:08:26,533 [DEBUG] [TIME] 6736 dividends: 0.57s
2026-07-05 04:08:26,534 [INFO] [DETAIL] 6736 サン電子: income_stmt=OK, balance_sheet=OK, cashflow=OK, dividends=OK
2026-07-05 04:08:26,534 [INFO] [TIME] 6736 サン電子 処理時間: 1.65s
2026-07-05 04:08:27,979 [DEBUG] [TIME] 6737 info: 0.24s
2026-07-05 04:08:27,979 [DEBUG] yfinance OK: 6737
2026-07-05 04:08:28,237 [DEBUG] [TIME] 6737 income_stmt: 0.26s
2026-07-05 04:08:28,527 [DEBUG] [TIME] 6737 balance_sheet: 0.29s
2026-07-05 04:08:28,750 [DEBUG] [TIME] 6737 cashflow: 0.22s
2026-07-05 04:08:29,280 [DEBUG] [TIME] 6737 dividends: 0.53s
2026-07-05 04:08:29,281 [INFO] [DETAIL] 6737 ＥＩＺＯ: income_stmt=OK, balance_sheet=OK, cashflow=OK, dividends=OK
2026-07-05 04:08:29,281 [INFO] [TIME] 6737 ＥＩＺＯ 処理時間: 1.54s
2026-07-05 04:08:31,121 [DEBUG] [TIME] 6740 info: 0.24s
2026-07-05 04:08:31,121 [DEBUG] yfinance OK: 6740
2026-07-05 04:08:31,370 [DEBUG] [TIME] 6740 income_stmt: 0.25s
2026-07-05 04:08:31,632 [DEBUG] [TIME] 6740 balance_sheet: 0.26s
2026-07-05 04:08:31,828 [DEBUG] [TIME] 6740 cashflow: 0.20s
2026-07-05 04:08:32,254 [DEBUG] [TIME] 6740 dividends: 0.43s
2026-07-05 04:08:32,254 [INFO] [DETAIL] 6740 ジャパンディスプレイ: income_stmt=OK, balance_sheet=OK, cashflow=OK, dividends=EMPTY
2026-07-05 04:08:32,255 [INFO] [TIME] 6740 ジャパンディスプレイ 処理時間: 1.38s
2026-07-05 04:08:33,556 [DEBUG] [TIME] 6741 info: 0.27s
2026-07-05 04:08:33,556 [DEBUG] yfinance OK: 6741
2026-07-05 04:08:33,799 [DEBUG] [TIME] 6741 income_stmt: 0.24s
2026-07-05 04:08:34,069 [DEBUG] [TIME] 6741 balance_sheet: 0.27s
2026-07-05 04:08:34,275 [DEBUG] [TIME] 6741 cashflow: 0.21s
2026-07-05 04:08:34,791 [DEBUG] [TIME] 6741 dividends: 0.52s
2026-07-05 04:08:34,792 [INFO] [DETAIL] 6741 日本信号: income_stmt=OK, balance_sheet=OK, cashflow=OK, dividends=OK
2026-07-05 04:08:34,792 [INFO] [TIME] 6741 日本信号 処理時間: 1.51s
2026-07-05 04:08:36,138 [DEBUG] [TIME] 6742 info: 0.25s
2026-07-05 04:08:36,138 [DEBUG] yfinance OK: 6742
2026-07-05 04:08:36,389 [DEBUG] [TIME] 6742 income_stmt: 0.25s
2026-07-05 04:08:36,631 [DEBUG] [TIME] 6742 balance_sheet: 0.24s
2026-07-05 04:08:36,825 [DEBUG] [TIME] 6742 cashflow: 0.19s
2026-07-05 04:08:37,255 [DEBUG] [TIME] 6742 dividends: 0.43s
2026-07-05 04:08:37,256 [INFO] [DETAIL] 6742 京三製作所: income_stmt=OK, balance_sheet=OK, cashflow=OK, dividends=OK
2026-07-05 04:08:37,256 [INFO] [TIME] 6742 京三製作所 処理時間: 1.36s
2026-07-05 04:08:39,403 [DEBUG] [TIME] 6743 info: 0.35s
2026-07-05 04:08:39,403 [DEBUG] yfinance OK: 6743
2026-07-05 04:08:39,640 [DEBUG] [TIME] 6743 income_stmt: 0.24s
2026-07-05 04:08:39,889 [DEBUG] [TIME] 6743 balance_sheet: 0.25s
2026-07-05 04:08:40,119 [DEBUG] [TIME] 6743 cashflow: 0.23s
2026-07-05 04:08:40,518 [DEBUG] [TIME] 6743 dividends: 0.40s
2026-07-05 04:08:40,519 [INFO] [DETAIL] 6743 大同信号: income_stmt=OK, balance_sheet=OK, cashflow=OK, dividends=OK
2026-07-05 04:08:40,519 [INFO] [TIME] 6743 大同信号 処理時間: 1.46s
2026-07-05 04:08:42,706 [DEBUG] [TIME] 6744 info: 0.34s
2026-07-05 04:08:42,706 [DEBUG] yfinance OK: 6744
2026-07-05 04:08:42,968 [DEBUG] [TIME] 6744 income_stmt: 0.26s
2026-07-05 04:08:43,262 [DEBUG] [TIME] 6744 balance_sheet: 0.29s
2026-07-05 04:08:43,500 [DEBUG] [TIME] 6744 cashflow: 0.24s
2026-07-05 04:08:43,881 [DEBUG] [TIME] 6744 dividends: 0.38s
2026-07-05 04:08:43,882 [INFO] [DETAIL] 6744 能美防災: income_stmt=OK, balance_sheet=OK, cashflow=OK, dividends=OK
2026-07-05 04:08:43,882 [INFO] [TIME] 6744 能美防災 処理時間: 1.51s
2026-07-05 04:08:45,640 [DEBUG] [TIME] 6745 info: 0.26s
2026-07-05 04:08:45,640 [DEBUG] yfinance OK: 6745
2026-07-05 04:08:45,919 [DEBUG] [TIME] 6745 income_stmt: 0.28s
2026-07-05 04:08:46,202 [DEBUG] [TIME] 6745 balance_sheet: 0.28s
2026-07-05 04:08:46,523 [DEBUG] [TIME] 6745 cashflow: 0.32s
2026-07-05 04:08:47,139 [DEBUG] [TIME] 6745 dividends: 0.62s
2026-07-05 04:08:47,140 [INFO] [DETAIL] 6745 ホーチキ: income_stmt=OK, balance_sheet=OK, cashflow=OK, dividends=OK
2026-07-05 04:08:47,140 [INFO] [TIME] 6745 ホーチキ 処理時間: 1.76s
2026-07-05 04:08:48,832 [DEBUG] [TIME] 6748 info: 0.25s
2026-07-05 04:08:48,832 [DEBUG] yfinance OK: 6748
2026-07-05 04:08:49,074 [DEBUG] [TIME] 6748 income_stmt: 0.24s
2026-07-05 04:08:49,391 [DEBUG] [TIME] 6748 balance_sheet: 0.32s
2026-07-05 04:08:49,610 [DEBUG] [TIME] 6748 cashflow: 0.22s
2026-07-05 04:08:50,037 [DEBUG] [TIME] 6748 dividends: 0.43s
2026-07-05 04:08:50,037 [INFO] [DETAIL] 6748 星和電機: income_stmt=OK, balance_sheet=OK, cashflow=OK, dividends=OK
2026-07-05 04:08:50,037 [INFO] [TIME] 6748 星和電機 処理時間: 1.46s
2026-07-05 04:08:52,262 [DEBUG] [TIME] 6750 info: 0.26s
2026-07-05 04:08:52,262 [DEBUG] yfinance OK: 6750
2026-07-05 04:08:52,543 [DEBUG] [TIME] 6750 income_stmt: 0.28s
2026-07-05 04:08:52,831 [DEBUG] [TIME] 6750 balance_sheet: 0.29s
2026-07-05 04:08:53,096 [DEBUG] [TIME] 6750 cashflow: 0.26s
2026-07-05 04:08:53,474 [DEBUG] [TIME] 6750 dividends: 0.38s
2026-07-05 04:08:53,475 [INFO] [DETAIL] 6750 エレコム: income_stmt=OK, balance_sheet=OK, cashflow=OK, dividends=OK
2026-07-05 04:08:53,475 [INFO] [TIME] 6750 エレコム 処理時間: 1.48s
2026-07-05 04:08:55,027 [DEBUG] [TIME] 6752 info: 0.31s
2026-07-05 04:08:55,028 [DEBUG] yfinance OK: 6752
2026-07-05 04:08:55,281 [DEBUG] [TIME] 6752 income_stmt: 0.25s
2026-07-05 04:08:55,546 [DEBUG] [TIME] 6752 balance_sheet: 0.27s
2026-07-05 04:08:55,779 [DEBUG] [TIME] 6752 cashflow: 0.23s
2026-07-05 04:08:56,331 [DEBUG] [TIME] 6752 dividends: 0.55s
2026-07-05 04:08:56,332 [INFO] [DETAIL] 6752 パナソニック　ホールディングス: income_stmt=OK, balance_sheet=OK, cashflow=OK, dividends=OK
2026-07-05 04:08:56,332 [INFO] [TIME] 6752 パナソニック　ホールディングス 処理時間: 1.62s
2026-07-05 04:08:58,002 [DEBUG] [TIME] 6753 info: 0.24s
2026-07-05 04:08:58,002 [DEBUG] yfinance OK: 6753
2026-07-05 04:08:58,246 [DEBUG] [TIME] 6753 income_stmt: 0.24s
2026-07-05 04:08:58,511 [DEBUG] [TIME] 6753 balance_sheet: 0.26s
2026-07-05 04:08:58,712 [DEBUG] [TIME] 6753 cashflow: 0.20s
2026-07-05 04:08:59,164 [DEBUG] [TIME] 6753 dividends: 0.45s
2026-07-05 04:08:59,165 [INFO] [DETAIL] 6753 シャープ: income_stmt=OK, balance_sheet=OK, cashflow=OK, dividends=OK
2026-07-05 04:08:59,165 [INFO] [TIME] 6753 シャープ 処理時間: 1.40s
2026-07-05 04:09:00,941 [DEBUG] [TIME] 6754 info: 0.29s
2026-07-05 04:09:00,941 [DEBUG] yfinance OK: 6754
2026-07-05 04:09:01,185 [DEBUG] [TIME] 6754 income_stmt: 0.24s
2026-07-05 04:09:01,578 [DEBUG] [TIME] 6754 balance_sheet: 0.39s
2026-07-05 04:09:01,840 [DEBUG] [TIME] 6754 cashflow: 0.26s
2026-07-05 04:09:02,350 [DEBUG] [TIME] 6754 dividends: 0.51s
2026-07-05 04:09:02,351 [INFO] [DETAIL] 6754 アンリツ: income_stmt=OK, balance_sheet=OK, cashflow=OK, dividends=OK
2026-07-05 04:09:02,351 [INFO] [TIME] 6754 アンリツ 処理時間: 1.70s
2026-07-05 04:09:04,059 [DEBUG] [TIME] 6757 info: 0.25s
2026-07-05 04:09:04,059 [DEBUG] yfinance OK: 6757
2026-07-05 04:09:04,308 [DEBUG] [TIME] 6757 income_stmt: 0.25s
2026-07-05 04:09:04,617 [DEBUG] [TIME] 6757 balance_sheet: 0.31s
2026-07-05 04:09:04,848 [DEBUG] [TIME] 6757 cashflow: 0.23s
2026-07-05 04:09:05,396 [DEBUG] [TIME] 6757 dividends: 0.55s
2026-07-05 04:09:05,397 [INFO] [DETAIL] 6757 ＯＳＧコーポレーション: income_stmt=OK, balance_sheet=OK, cashflow=OK, dividends=OK
2026-07-05 04:09:05,397 [INFO] [TIME] 6757 ＯＳＧコーポレーション 処理時間: 1.59s
2026-07-05 04:09:07,480 [DEBUG] [TIME] 6758 info: 0.24s
2026-07-05 04:09:07,481 [DEBUG] yfinance OK: 6758
2026-07-05 04:09:07,777 [DEBUG] [TIME] 6758 income_stmt: 0.30s
2026-07-05 04:09:08,071 [DEBUG] [TIME] 6758 balance_sheet: 0.29s
2026-07-05 04:09:08,389 [DEBUG] [TIME] 6758 cashflow: 0.32s
2026-07-05 04:09:09,061 [DEBUG] [TIME] 6758 dividends: 0.67s
2026-07-05 04:09:09,062 [INFO] [DETAIL] 6758 ソニーグループ: income_stmt=OK, balance_sheet=OK, cashflow=OK, dividends=OK
2026-07-05 04:09:09,062 [INFO] [TIME] 6758 ソニーグループ 処理時間: 1.82s
2026-07-05 04:09:11,307 [DEBUG] [TIME] 6762 info: 0.24s
2026-07-05 04:09:11,307 [DEBUG] yfinance OK: 6762
2026-07-05 04:09:11,562 [DEBUG] [TIME] 6762 income_stmt: 0.26s
2026-07-05 04:09:11,813 [DEBUG] [TIME] 6762 balance_sheet: 0.25s
2026-07-05 04:09:12,054 [DEBUG] [TIME] 6762 cashflow: 0.24s
2026-07-05 04:09:12,570 [DEBUG] [TIME] 6762 dividends: 0.52s
2026-07-05 04:09:12,571 [INFO] [DETAIL] 6762 ＴＤＫ: income_stmt=OK, balance_sheet=OK, cashflow=OK, dividends=OK
2026-07-05 04:09:12,571 [INFO] [TIME] 6762 ＴＤＫ 処理時間: 1.51s
2026-07-05 04:09:14,147 [DEBUG] [TIME] 6763 info: 0.24s
2026-07-05 04:09:14,147 [DEBUG] yfinance OK: 6763
2026-07-05 04:09:14,416 [DEBUG] [TIME] 6763 income_stmt: 0.27s
2026-07-05 04:09:14,701 [DEBUG] [TIME] 6763 balance_sheet: 0.28s
2026-07-05 04:09:14,968 [DEBUG] [TIME] 6763 cashflow: 0.27s
2026-07-05 04:09:15,551 [DEBUG] [TIME] 6763 dividends: 0.58s
2026-07-05 04:09:15,552 [INFO] [DETAIL] 6763 帝国通信工業: income_stmt=OK, balance_sheet=OK, cashflow=OK, dividends=OK
2026-07-05 04:09:15,552 [INFO] [TIME] 6763 帝国通信工業 処理時間: 1.65s
2026-07-05 04:09:17,779 [DEBUG] [TIME] 6768 info: 0.25s
2026-07-05 04:09:17,779 [DEBUG] yfinance OK: 6768
2026-07-05 04:09:18,092 [DEBUG] [TIME] 6768 income_stmt: 0.31s
2026-07-05 04:09:18,387 [DEBUG] [TIME] 6768 balance_sheet: 0.29s
2026-07-05 04:09:18,648 [DEBUG] [TIME] 6768 cashflow: 0.26s
2026-07-05 04:09:19,203 [DEBUG] [TIME] 6768 dividends: 0.56s
2026-07-05 04:09:19,204 [INFO] [DETAIL] 6768 タムラ製作所: income_stmt=OK, balance_sheet=OK, cashflow=OK, dividends=OK
2026-07-05 04:09:19,204 [INFO] [TIME] 6768 タムラ製作所 処理時間: 1.67s
2026-07-05 04:09:21,358 [DEBUG] [TIME] 6769 info: 0.24s
2026-07-05 04:09:21,358 [DEBUG] yfinance OK: 6769
2026-07-05 04:09:21,575 [DEBUG] [TIME] 6769 income_stmt: 0.22s
2026-07-05 04:09:21,890 [DEBUG] [TIME] 6769 balance_sheet: 0.31s
2026-07-05 04:09:22,176 [DEBUG] [TIME] 6769 cashflow: 0.29s
2026-07-05 04:09:22,682 [DEBUG] [TIME] 6769 dividends: 0.51s
2026-07-05 04:09:22,682 [INFO] [DETAIL] 6769 ザインエレクトロニクス: income_stmt=OK, balance_sheet=OK, cashflow=OK, dividends=OK
2026-07-05 04:09:22,683 [INFO] [TIME] 6769 ザインエレクトロニクス 処理時間: 1.56s
2026-07-05 04:09:24,721 [DEBUG] [TIME] 6770 info: 0.25s
2026-07-05 04:09:24,721 [DEBUG] yfinance OK: 6770
2026-07-05 04:09:24,979 [DEBUG] [TIME] 6770 income_stmt: 0.26s
2026-07-05 04:09:25,242 [DEBUG] [TIME] 6770 balance_sheet: 0.26s
2026-07-05 04:09:25,465 [DEBUG] [TIME] 6770 cashflow: 0.22s
2026-07-05 04:09:25,860 [DEBUG] [TIME] 6770 dividends: 0.39s
2026-07-05 04:09:25,861 [INFO] [DETAIL] 6770 アルプスアルパイン: income_stmt=OK, balance_sheet=OK, cashflow=OK, dividends=OK
2026-07-05 04:09:25,861 [INFO] [TIME] 6770 アルプスアルパイン 処理時間: 1.39s
2026-07-05 04:09:27,561 [DEBUG] [TIME] 6771 info: 0.25s
2026-07-05 04:09:27,561 [DEBUG] yfinance OK: 6771
2026-07-05 04:09:27,795 [DEBUG] [TIME] 6771 income_stmt: 0.23s
2026-07-05 04:09:28,069 [DEBUG] [TIME] 6771 balance_sheet: 0.27s
2026-07-05 04:09:28,303 [DEBUG] [TIME] 6771 cashflow: 0.23s
2026-07-05 04:09:28,832 [DEBUG] [TIME] 6771 dividends: 0.53s
2026-07-05 04:09:28,832 [INFO] [DETAIL] 6771 池上通信機: income_stmt=OK, balance_sheet=OK, cashflow=OK, dividends=OK
2026-07-05 04:09:28,832 [INFO] [TIME] 6771 池上通信機 処理時間: 1.52s
2026-07-05 04:09:30,895 [DEBUG] [TIME] 6772 info: 0.24s
2026-07-05 04:09:30,895 [DEBUG] yfinance OK: 6772
2026-07-05 04:09:31,246 [DEBUG] [TIME] 6772 income_stmt: 0.35s
2026-07-05 04:09:31,561 [DEBUG] [TIME] 6772 balance_sheet: 0.31s
2026-07-05 04:09:31,828 [DEBUG] [TIME] 6772 cashflow: 0.27s
2026-07-05 04:09:32,246 [DEBUG] [TIME] 6772 dividends: 0.42s
2026-07-05 04:09:32,247 [INFO] [DETAIL] 6772 東京コスモス電機: income_stmt=OK, balance_sheet=OK, cashflow=OK, dividends=OK
2026-07-05 04:09:32,247 [INFO] [TIME] 6772 東京コスモス電機 処理時間: 1.59s
2026-07-05 04:09:33,835 [DEBUG] [TIME] 6775 info: 0.24s
2026-07-05 04:09:33,835 [DEBUG] yfinance OK: 6775
2026-07-05 04:09:34,077 [DEBUG] [TIME] 6775 income_stmt: 0.24s
2026-07-05 04:09:34,325 [DEBUG] [TIME] 6775 balance_sheet: 0.25s
2026-07-05 04:09:34,578 [DEBUG] [TIME] 6775 cashflow: 0.25s
2026-07-05 04:09:34,898 [DEBUG] [TIME] 6775 dividends: 0.32s
2026-07-05 04:09:34,898 [INFO] [DETAIL] 6775 ＴＢグループ: income_stmt=OK, balance_sheet=OK, cashflow=OK, dividends=EMPTY
2026-07-05 04:09:34,898 [INFO] [TIME] 6775 ＴＢグループ 処理時間: 1.30s
2026-07-05 04:09:36,691 [DEBUG] [TIME] 6776 info: 0.25s
2026-07-05 04:09:36,691 [DEBUG] yfinance OK: 6776
2026-07-05 04:09:36,932 [DEBUG] [TIME] 6776 income_stmt: 0.24s
2026-07-05 04:09:37,222 [DEBUG] [TIME] 6776 balance_sheet: 0.29s
2026-07-05 04:09:37,426 [DEBUG] [TIME] 6776 cashflow: 0.20s
2026-07-05 04:09:37,880 [DEBUG] [TIME] 6776 dividends: 0.45s
2026-07-05 04:09:37,881 [INFO] [DETAIL] 6776 天昇電気工業: income_stmt=OK, balance_sheet=OK, cashflow=OK, dividends=OK
2026-07-05 04:09:37,881 [INFO] [TIME] 6776 天昇電気工業 処理時間: 1.43s
2026-07-05 04:09:39,633 [DEBUG] [TIME] 6777 info: 0.24s
2026-07-05 04:09:39,633 [DEBUG] yfinance OK: 6777
2026-07-05 04:09:39,858 [DEBUG] [TIME] 6777 income_stmt: 0.22s
2026-07-05 04:09:40,158 [DEBUG] [TIME] 6777 balance_sheet: 0.30s
2026-07-05 04:09:40,405 [DEBUG] [TIME] 6777 cashflow: 0.25s
2026-07-05 04:09:40,885 [DEBUG] [TIME] 6777 dividends: 0.48s
2026-07-05 04:09:40,886 [INFO] [DETAIL] 6777 ｓａｎｔｅｃ　Ｈｏｌｄｉｎｇｓ: income_stmt=OK, balance_sheet=OK, cashflow=OK, dividends=OK
2026-07-05 04:09:40,886 [INFO] [TIME] 6777 ｓａｎｔｅｃ　Ｈｏｌｄｉｎｇｓ 処理時間: 1.49s
2026-07-05 04:09:42,380 [DEBUG] [TIME] 6778 info: 0.27s
2026-07-05 04:09:42,380 [DEBUG] yfinance OK: 6778
2026-07-05 04:09:42,617 [DEBUG] [TIME] 6778 income_stmt: 0.24s
2026-07-05 04:09:42,870 [DEBUG] [TIME] 6778 balance_sheet: 0.25s
2026-07-05 04:09:43,068 [DEBUG] [TIME] 6778 cashflow: 0.20s
2026-07-05 04:09:43,404 [DEBUG] [TIME] 6778 dividends: 0.34s
2026-07-05 04:09:43,405 [INFO] [DETAIL] 6778 アルチザネットワークス: income_stmt=OK, balance_sheet=OK, cashflow=OK, dividends=OK
2026-07-05 04:09:43,405 [INFO] [TIME] 6778 アルチザネットワークス 処理時間: 1.29s
2026-07-05 04:09:45,608 [DEBUG] [TIME] 6779 info: 0.25s
2026-07-05 04:09:45,608 [DEBUG] yfinance OK: 6779
2026-07-05 04:09:45,850 [DEBUG] [TIME] 6779 income_stmt: 0.24s
2026-07-05 04:09:46,088 [DEBUG] [TIME] 6779 balance_sheet: 0.24s
2026-07-05 04:09:46,347 [DEBUG] [TIME] 6779 cashflow: 0.26s
2026-07-05 04:09:46,931 [DEBUG] [TIME] 6779 dividends: 0.58s
2026-07-05 04:09:46,931 [INFO] [DETAIL] 6779 日本電波工業: income_stmt=OK, balance_sheet=OK, cashflow=OK, dividends=OK
2026-07-05 04:09:46,931 [INFO] [TIME] 6779 日本電波工業 処理時間: 1.57s
2026-07-05 04:09:49,087 [DEBUG] [TIME] 6785 info: 0.24s
2026-07-05 04:09:49,087 [DEBUG] yfinance OK: 6785
2026-07-05 04:09:49,319 [DEBUG] [TIME] 6785 income_stmt: 0.23s
2026-07-05 04:09:49,571 [DEBUG] [TIME] 6785 balance_sheet: 0.25s
2026-07-05 04:09:49,760 [DEBUG] [TIME] 6785 cashflow: 0.19s
2026-07-05 04:09:50,240 [DEBUG] [TIME] 6785 dividends: 0.48s
2026-07-05 04:09:50,241 [INFO] [DETAIL] 6785 鈴木: income_stmt=OK, balance_sheet=OK, cashflow=OK, dividends=OK
2026-07-05 04:09:50,241 [INFO] [TIME] 6785 鈴木 処理時間: 1.40s
2026-07-05 04:09:51,834 [DEBUG] [TIME] 6786 info: 0.24s
2026-07-05 04:09:51,834 [DEBUG] yfinance OK: 6786
2026-07-05 04:09:52,079 [DEBUG] [TIME] 6786 income_stmt: 0.24s
2026-07-05 04:09:52,360 [DEBUG] [TIME] 6786 balance_sheet: 0.28s
2026-07-05 04:09:52,640 [DEBUG] [TIME] 6786 cashflow: 0.28s
2026-07-05 04:09:52,970 [DEBUG] [TIME] 6786 dividends: 0.33s
2026-07-05 04:09:52,970 [INFO] [DETAIL] 6786 ＲＶＨ: income_stmt=OK, balance_sheet=OK, cashflow=OK, dividends=EMPTY
2026-07-05 04:09:52,970 [INFO] [TIME] 6786 ＲＶＨ 処理時間: 1.38s
2026-07-05 04:09:54,535 [DEBUG] [TIME] 6787 info: 0.24s
2026-07-05 04:09:54,535 [DEBUG] yfinance OK: 6787
2026-07-05 04:09:54,795 [DEBUG] [TIME] 6787 income_stmt: 0.26s
2026-07-05 04:09:55,092 [DEBUG] [TIME] 6787 balance_sheet: 0.30s
2026-07-05 04:09:55,310 [DEBUG] [TIME] 6787 cashflow: 0.22s
2026-07-05 04:09:55,861 [DEBUG] [TIME] 6787 dividends: 0.55s
2026-07-05 04:09:55,861 [INFO] [DETAIL] 6787 メイコー: income_stmt=OK, balance_sheet=OK, cashflow=OK, dividends=OK
2026-07-05 04:09:55,861 [INFO] [TIME] 6787 メイコー 処理時間: 1.57s
2026-07-05 04:09:57,628 [DEBUG] [TIME] 6788 info: 0.24s
2026-07-05 04:09:57,628 [DEBUG] yfinance OK: 6788
2026-07-05 04:09:57,863 [DEBUG] [TIME] 6788 income_stmt: 0.23s
2026-07-05 04:09:58,167 [DEBUG] [TIME] 6788 balance_sheet: 0.30s
2026-07-05 04:09:58,370 [DEBUG] [TIME] 6788 cashflow: 0.20s
2026-07-05 04:09:59,297 [DEBUG] [TIME] 6788 dividends: 0.93s
2026-07-05 04:09:59,298 [INFO] [DETAIL] 6788 日本トリム: income_stmt=OK, balance_sheet=OK, cashflow=OK, dividends=OK
2026-07-05 04:09:59,298 [INFO] [TIME] 6788 日本トリム 処理時間: 1.91s
2026-07-05 04:10:00,863 [DEBUG] [TIME] 6794 info: 0.24s
2026-07-05 04:10:00,863 [DEBUG] yfinance OK: 6794
2026-07-05 04:10:01,122 [DEBUG] [TIME] 6794 income_stmt: 0.26s
2026-07-05 04:10:01,383 [DEBUG] [TIME] 6794 balance_sheet: 0.26s
2026-07-05 04:10:01,607 [DEBUG] [TIME] 6794 cashflow: 0.22s
2026-07-05 04:10:02,024 [DEBUG] [TIME] 6794 dividends: 0.42s
2026-07-05 04:10:02,025 [INFO] [DETAIL] 6794 フォスター電機: income_stmt=OK, balance_sheet=OK, cashflow=OK, dividends=OK
2026-07-05 04:10:02,025 [INFO] [TIME] 6794 フォスター電機 処理時間: 1.40s
2026-07-05 04:10:03,999 [DEBUG] [TIME] 6797 info: 0.24s
2026-07-05 04:10:03,999 [DEBUG] yfinance OK: 6797
2026-07-05 04:10:04,232 [DEBUG] [TIME] 6797 income_stmt: 0.23s
2026-07-05 04:10:04,527 [DEBUG] [TIME] 6797 balance_sheet: 0.30s
2026-07-05 04:10:04,732 [DEBUG] [TIME] 6797 cashflow: 0.20s
2026-07-05 04:10:04,937 [DEBUG] [TIME] 6797 dividends: 0.20s
2026-07-05 04:10:04,938 [INFO] [DETAIL] 6797 名古屋電機工業: income_stmt=OK, balance_sheet=OK, cashflow=OK, dividends=OK
2026-07-05 04:10:04,938 [INFO] [TIME] 6797 名古屋電機工業 処理時間: 1.18s
2026-07-05 04:10:07,025 [DEBUG] [TIME] 6798 info: 0.24s
2026-07-05 04:10:07,025 [DEBUG] yfinance OK: 6798
2026-07-05 04:10:07,285 [DEBUG] [TIME] 6798 income_stmt: 0.26s
2026-07-05 04:10:07,577 [DEBUG] [TIME] 6798 balance_sheet: 0.29s
2026-07-05 04:10:07,844 [DEBUG] [TIME] 6798 cashflow: 0.27s
2026-07-05 04:10:08,233 [DEBUG] [TIME] 6798 dividends: 0.39s
2026-07-05 04:10:08,234 [INFO] [DETAIL] 6798 ＳＭＫ: income_stmt=OK, balance_sheet=OK, cashflow=OK, dividends=OK
2026-07-05 04:10:08,234 [INFO] [TIME] 6798 ＳＭＫ 処理時間: 1.45s
2026-07-05 04:10:09,510 [DEBUG] [TIME] 6800 info: 0.25s
2026-07-05 04:10:09,510 [DEBUG] yfinance OK: 6800
2026-07-05 04:10:09,756 [DEBUG] [TIME] 6800 income_stmt: 0.25s
2026-07-05 04:10:10,046 [DEBUG] [TIME] 6800 balance_sheet: 0.29s
2026-07-05 04:10:10,300 [DEBUG] [TIME] 6800 cashflow: 0.25s
2026-07-05 04:10:10,877 [DEBUG] [TIME] 6800 dividends: 0.58s
2026-07-05 04:10:10,878 [INFO] [DETAIL] 6800 ヨコオ: income_stmt=OK, balance_sheet=OK, cashflow=OK, dividends=OK
2026-07-05 04:10:10,878 [INFO] [TIME] 6800 ヨコオ 処理時間: 1.62s
2026-07-05 04:10:12,386 [DEBUG] [TIME] 6803 info: 0.24s
2026-07-05 04:10:12,386 [DEBUG] yfinance OK: 6803
2026-07-05 04:10:12,627 [DEBUG] [TIME] 6803 income_stmt: 0.24s
2026-07-05 04:10:12,911 [DEBUG] [TIME] 6803 balance_sheet: 0.28s
2026-07-05 04:10:13,144 [DEBUG] [TIME] 6803 cashflow: 0.23s
2026-07-05 04:10:13,622 [DEBUG] [TIME] 6803 dividends: 0.48s
2026-07-05 04:10:13,623 [INFO] [DETAIL] 6803 ティアック: income_stmt=OK, balance_sheet=OK, cashflow=OK, dividends=OK
2026-07-05 04:10:13,623 [INFO] [TIME] 6803 ティアック 処理時間: 1.48s
2026-07-05 04:10:15,229 [DEBUG] [TIME] 6804 info: 0.37s
2026-07-05 04:10:15,229 [DEBUG] yfinance OK: 6804
2026-07-05 04:10:15,492 [DEBUG] [TIME] 6804 income_stmt: 0.26s
2026-07-05 04:10:15,787 [DEBUG] [TIME] 6804 balance_sheet: 0.29s
2026-07-05 04:10:16,020 [DEBUG] [TIME] 6804 cashflow: 0.23s
2026-07-05 04:10:16,438 [DEBUG] [TIME] 6804 dividends: 0.42s
2026-07-05 04:10:16,439 [INFO] [DETAIL] 6804 ホシデン: income_stmt=OK, balance_sheet=OK, cashflow=OK, dividends=OK
2026-07-05 04:10:16,439 [INFO] [TIME] 6804 ホシデン 処理時間: 1.58s
2026-07-05 04:10:18,059 [DEBUG] [TIME] 6806 info: 0.24s
2026-07-05 04:10:18,059 [DEBUG] yfinance OK: 6806
2026-07-05 04:10:18,309 [DEBUG] [TIME] 6806 income_stmt: 0.25s
2026-07-05 04:10:18,579 [DEBUG] [TIME] 6806 balance_sheet: 0.27s
2026-07-05 04:10:18,812 [DEBUG] [TIME] 6806 cashflow: 0.23s
2026-07-05 04:10:19,536 [DEBUG] [TIME] 6806 dividends: 0.72s
2026-07-05 04:10:19,537 [INFO] [DETAIL] 6806 ヒロセ電機: income_stmt=OK, balance_sheet=OK, cashflow=OK, dividends=OK
2026-07-05 04:10:19,537 [INFO] [TIME] 6806 ヒロセ電機 処理時間: 1.71s
2026-07-05 04:10:21,087 [DEBUG] [TIME] 6807 info: 0.25s
2026-07-05 04:10:21,088 [DEBUG] yfinance OK: 6807
2026-07-05 04:10:21,326 [DEBUG] [TIME] 6807 income_stmt: 0.24s
2026-07-05 04:10:21,575 [DEBUG] [TIME] 6807 balance_sheet: 0.25s
2026-07-05 04:10:21,801 [DEBUG] [TIME] 6807 cashflow: 0.22s
2026-07-05 04:10:22,369 [DEBUG] [TIME] 6807 dividends: 0.57s
2026-07-05 04:10:22,370 [INFO] [DETAIL] 6807 日本航空電子工業: income_stmt=OK, balance_sheet=OK, cashflow=OK, dividends=OK
2026-07-05 04:10:22,370 [INFO] [TIME] 6807 日本航空電子工業 処理時間: 1.53s
2026-07-05 04:10:24,474 [DEBUG] [TIME] 6809 info: 0.23s
2026-07-05 04:10:24,474 [DEBUG] yfinance OK: 6809
2026-07-05 04:10:24,706 [DEBUG] [TIME] 6809 income_stmt: 0.23s
2026-07-05 04:10:24,985 [DEBUG] [TIME] 6809 balance_sheet: 0.28s
2026-07-05 04:10:25,230 [DEBUG] [TIME] 6809 cashflow: 0.24s
2026-07-05 04:10:25,844 [DEBUG] [TIME] 6809 dividends: 0.61s
2026-07-05 04:10:25,845 [INFO] [DETAIL] 6809 ＴＯＡ: income_stmt=OK, balance_sheet=OK, cashflow=OK, dividends=OK
2026-07-05 04:10:25,845 [INFO] [TIME] 6809 ＴＯＡ 処理時間: 1.61s
2026-07-05 04:10:27,430 [DEBUG] [TIME] 6810 info: 0.26s
2026-07-05 04:10:27,430 [DEBUG] yfinance OK: 6810
2026-07-05 04:10:27,709 [DEBUG] [TIME] 6810 income_stmt: 0.28s
2026-07-05 04:10:28,001 [DEBUG] [TIME] 6810 balance_sheet: 0.29s
2026-07-05 04:10:28,198 [DEBUG] [TIME] 6810 cashflow: 0.20s
2026-07-05 04:10:28,774 [DEBUG] [TIME] 6810 dividends: 0.58s
2026-07-05 04:10:28,775 [INFO] [DETAIL] 6810 マクセル: income_stmt=OK, balance_sheet=OK, cashflow=OK, dividends=OK
2026-07-05 04:10:28,775 [INFO] [TIME] 6810 マクセル 処理時間: 1.61s
2026-07-05 04:10:30,738 [DEBUG] [TIME] 6814 info: 0.24s
2026-07-05 04:10:30,738 [DEBUG] yfinance OK: 6814
2026-07-05 04:10:30,980 [DEBUG] [TIME] 6814 income_stmt: 0.24s
2026-07-05 04:10:31,246 [DEBUG] [TIME] 6814 balance_sheet: 0.27s
2026-07-05 04:10:31,517 [DEBUG] [TIME] 6814 cashflow: 0.27s
2026-07-05 04:10:32,119 [DEBUG] [TIME] 6814 dividends: 0.60s
2026-07-05 04:10:32,120 [INFO] [DETAIL] 6814 古野電気: income_stmt=OK, balance_sheet=OK, cashflow=OK, dividends=OK
2026-07-05 04:10:32,120 [INFO] [TIME] 6814 古野電気 処理時間: 1.62s
2026-07-05 04:10:34,428 [DEBUG] [TIME] 6817 info: 0.32s
2026-07-05 04:10:34,429 [DEBUG] yfinance OK: 6817
2026-07-05 04:10:34,674 [DEBUG] [TIME] 6817 income_stmt: 0.24s
2026-07-05 04:10:34,968 [DEBUG] [TIME] 6817 balance_sheet: 0.29s
2026-07-05 04:10:35,174 [DEBUG] [TIME] 6817 cashflow: 0.21s
2026-07-05 04:10:35,684 [DEBUG] [TIME] 6817 dividends: 0.51s
2026-07-05 04:10:35,684 [INFO] [DETAIL] 6817 スミダコーポレーション: income_stmt=OK, balance_sheet=OK, cashflow=OK, dividends=OK
2026-07-05 04:10:35,684 [INFO] [TIME] 6817 スミダコーポレーション 処理時間: 1.57s
2026-07-05 04:10:37,505 [DEBUG] [TIME] 6819 info: 0.25s
2026-07-05 04:10:37,505 [DEBUG] yfinance OK: 6819
2026-07-05 04:10:37,754 [DEBUG] [TIME] 6819 income_stmt: 0.25s
2026-07-05 04:10:38,106 [DEBUG] [TIME] 6819 balance_sheet: 0.35s
2026-07-05 04:10:38,302 [DEBUG] [TIME] 6819 cashflow: 0.20s
2026-07-05 04:10:38,815 [DEBUG] [TIME] 6819 dividends: 0.51s
2026-07-05 04:10:38,816 [INFO] [DETAIL] 6819 伊豆シャボテンリゾート: income_stmt=OK, balance_sheet=OK, cashflow=OK, dividends=OK
2026-07-05 04:10:38,816 [INFO] [TIME] 6819 伊豆シャボテンリゾート 処理時間: 1.56s
2026-07-05 04:10:40,251 [DEBUG] [TIME] 6820 info: 0.25s
2026-07-05 04:10:40,251 [DEBUG] yfinance OK: 6820
2026-07-05 04:10:40,594 [DEBUG] [TIME] 6820 income_stmt: 0.34s
2026-07-05 04:10:40,865 [DEBUG] [TIME] 6820 balance_sheet: 0.27s
2026-07-05 04:10:41,103 [DEBUG] [TIME] 6820 cashflow: 0.24s
2026-07-05 04:10:41,633 [DEBUG] [TIME] 6820 dividends: 0.53s
2026-07-05 04:10:41,634 [INFO] [DETAIL] 6820 アイコム: income_stmt=OK, balance_sheet=OK, cashflow=OK, dividends=OK
2026-07-05 04:10:41,634 [INFO] [TIME] 6820 アイコム 処理時間: 1.63s
2026-07-05 04:10:43,368 [DEBUG] [TIME] 6822 info: 0.25s
2026-07-05 04:10:43,368 [DEBUG] yfinance OK: 6822
2026-07-05 04:10:43,577 [DEBUG] [TIME] 6822 income_stmt: 0.21s
2026-07-05 04:10:43,858 [DEBUG] [TIME] 6822 balance_sheet: 0.28s
2026-07-05 04:10:44,076 [DEBUG] [TIME] 6822 cashflow: 0.22s
2026-07-05 04:10:44,627 [DEBUG] [TIME] 6822 dividends: 0.55s
2026-07-05 04:10:44,628 [INFO] [DETAIL] 6822 大井電気: income_stmt=OK, balance_sheet=OK, cashflow=OK, dividends=OK
2026-07-05 04:10:44,628 [INFO] [TIME] 6822 大井電気 処理時間: 1.51s
2026-07-05 04:10:46,833 [DEBUG] [TIME] 6823 info: 0.26s
2026-07-05 04:10:46,833 [DEBUG] yfinance OK: 6823
2026-07-05 04:10:47,084 [DEBUG] [TIME] 6823 income_stmt: 0.25s
2026-07-05 04:10:47,359 [DEBUG] [TIME] 6823 balance_sheet: 0.27s
2026-07-05 04:10:47,596 [DEBUG] [TIME] 6823 cashflow: 0.24s
2026-07-05 04:10:48,457 [DEBUG] [TIME] 6823 dividends: 0.86s
2026-07-05 04:10:48,458 [INFO] [DETAIL] 6823 リオン: income_stmt=OK, balance_sheet=OK, cashflow=OK, dividends=OK
2026-07-05 04:10:48,458 [INFO] [TIME] 6823 リオン 処理時間: 1.89s
2026-07-05 04:10:50,604 [DEBUG] [TIME] 6824 info: 0.24s
2026-07-05 04:10:50,604 [DEBUG] yfinance OK: 6824
2026-07-05 04:10:50,877 [DEBUG] [TIME] 6824 income_stmt: 0.27s
2026-07-05 04:10:51,132 [DEBUG] [TIME] 6824 balance_sheet: 0.25s
2026-07-05 04:10:51,365 [DEBUG] [TIME] 6824 cashflow: 0.23s
2026-07-05 04:10:52,014 [DEBUG] [TIME] 6824 dividends: 0.65s
2026-07-05 04:10:52,015 [INFO] [DETAIL] 6824 新コスモス電機: income_stmt=OK, balance_sheet=OK, cashflow=OK, dividends=OK
2026-07-05 04:10:52,015 [INFO] [TIME] 6824 新コスモス電機 処理時間: 1.65s
2026-07-05 04:10:53,920 [DEBUG] [TIME] 6832 info: 0.25s
2026-07-05 04:10:53,920 [DEBUG] yfinance OK: 6832
2026-07-05 04:10:54,154 [DEBUG] [TIME] 6832 income_stmt: 0.23s
2026-07-05 04:10:54,455 [DEBUG] [TIME] 6832 balance_sheet: 0.30s
2026-07-05 04:10:54,714 [DEBUG] [TIME] 6832 cashflow: 0.26s
2026-07-05 04:10:55,235 [DEBUG] [TIME] 6832 dividends: 0.52s
2026-07-05 04:10:55,235 [INFO] [DETAIL] 6832 アオイ電子: income_stmt=OK, balance_sheet=OK, cashflow=OK, dividends=OK
2026-07-05 04:10:55,235 [INFO] [TIME] 6832 アオイ電子 処理時間: 1.56s
2026-07-05 04:10:56,692 [DEBUG] [TIME] 6834 info: 0.26s
2026-07-05 04:10:56,692 [DEBUG] yfinance OK: 6834
2026-07-05 04:10:56,931 [DEBUG] [TIME] 6834 income_stmt: 0.24s
2026-07-05 04:10:57,246 [DEBUG] [TIME] 6834 balance_sheet: 0.32s
2026-07-05 04:10:57,495 [DEBUG] [TIME] 6834 cashflow: 0.25s
2026-07-05 04:10:58,166 [DEBUG] [TIME] 6834 dividends: 0.67s
2026-07-05 04:10:58,167 [INFO] [DETAIL] 6834 精工技研: income_stmt=OK, balance_sheet=OK, cashflow=OK, dividends=OK
2026-07-05 04:10:58,167 [INFO] [TIME] 6834 精工技研 処理時間: 1.73s
2026-07-05 04:10:59,900 [DEBUG] [TIME] 6835 info: 0.24s
2026-07-05 04:10:59,900 [DEBUG] yfinance OK: 6835
2026-07-05 04:11:00,170 [DEBUG] [TIME] 6835 income_stmt: 0.27s
2026-07-05 04:11:00,419 [DEBUG] [TIME] 6835 balance_sheet: 0.25s
2026-07-05 04:11:00,673 [DEBUG] [TIME] 6835 cashflow: 0.25s
2026-07-05 04:11:01,144 [DEBUG] [TIME] 6835 dividends: 0.47s
2026-07-05 04:11:01,145 [INFO] [DETAIL] 6835 アライドテレシスホールディングス: income_stmt=OK, balance_sheet=OK, cashflow=OK, dividends=OK
2026-07-05 04:11:01,145 [INFO] [TIME] 6835 アライドテレシスホールディングス 処理時間: 1.49s
2026-07-05 04:11:02,953 [DEBUG] [TIME] 6836 info: 0.25s
2026-07-05 04:11:02,953 [DEBUG] yfinance OK: 6836
2026-07-05 04:11:03,188 [DEBUG] [TIME] 6836 income_stmt: 0.24s
2026-07-05 04:11:03,496 [DEBUG] [TIME] 6836 balance_sheet: 0.31s
2026-07-05 04:11:03,734 [DEBUG] [TIME] 6836 cashflow: 0.24s
2026-07-05 04:11:04,359 [DEBUG] [TIME] 6836 dividends: 0.62s
2026-07-05 04:11:04,359 [INFO] [DETAIL] 6836 ぷらっとホーム: income_stmt=OK, balance_sheet=OK, cashflow=OK, dividends=EMPTY
2026-07-05 04:11:04,359 [INFO] [TIME] 6836 ぷらっとホーム 処理時間: 1.65s
2026-07-05 04:11:06,278 [DEBUG] [TIME] 6837 info: 0.24s
2026-07-05 04:11:06,278 [DEBUG] yfinance OK: 6837
2026-07-05 04:11:06,522 [DEBUG] [TIME] 6837 income_stmt: 0.24s
2026-07-05 04:11:06,767 [DEBUG] [TIME] 6837 balance_sheet: 0.24s
2026-07-05 04:11:07,003 [DEBUG] [TIME] 6837 cashflow: 0.24s
2026-07-05 04:11:07,514 [DEBUG] [TIME] 6837 dividends: 0.51s
2026-07-05 04:11:07,515 [INFO] [DETAIL] 6837 京写: income_stmt=OK, balance_sheet=OK, cashflow=OK, dividends=OK
2026-07-05 04:11:07,515 [INFO] [TIME] 6837 京写 処理時間: 1.48s
2026-07-05 04:11:09,179 [DEBUG] [TIME] 6838 info: 0.24s
2026-07-05 04:11:09,179 [DEBUG] yfinance OK: 6838
2026-07-05 04:11:09,408 [DEBUG] [TIME] 6838 income_stmt: 0.23s
2026-07-05 04:11:09,689 [DEBUG] [TIME] 6838 balance_sheet: 0.28s
2026-07-05 04:11:09,920 [DEBUG] [TIME] 6838 cashflow: 0.23s
2026-07-05 04:11:10,407 [DEBUG] [TIME] 6838 dividends: 0.49s
2026-07-05 04:11:10,408 [INFO] [DETAIL] 6838 多摩川ホールディングス: income_stmt=OK, balance_sheet=OK, cashflow=OK, dividends=OK
2026-07-05 04:11:10,408 [INFO] [TIME] 6838 多摩川ホールディングス 処理時間: 1.47s
2026-07-05 04:11:12,612 [DEBUG] [TIME] 6840 info: 0.23s
2026-07-05 04:11:12,612 [DEBUG] yfinance OK: 6840
2026-07-05 04:11:12,848 [DEBUG] [TIME] 6840 income_stmt: 0.24s
2026-07-05 04:11:13,149 [DEBUG] [TIME] 6840 balance_sheet: 0.30s
2026-07-05 04:11:13,437 [DEBUG] [TIME] 6840 cashflow: 0.29s
2026-07-05 04:11:14,276 [DEBUG] [TIME] 6840 dividends: 0.84s
2026-07-05 04:11:14,276 [INFO] [DETAIL] 6840 ＡＫＩＢＡホールディングス: income_stmt=OK, balance_sheet=OK, cashflow=OK, dividends=EMPTY
2026-07-05 04:11:14,276 [INFO] [TIME] 6840 ＡＫＩＢＡホールディングス 処理時間: 1.90s
2026-07-05 04:11:16,226 [DEBUG] [TIME] 6841 info: 0.24s
2026-07-05 04:11:16,227 [DEBUG] yfinance OK: 6841
2026-07-05 04:11:16,468 [DEBUG] [TIME] 6841 income_stmt: 0.24s
2026-07-05 04:11:16,712 [DEBUG] [TIME] 6841 balance_sheet: 0.24s
2026-07-05 04:11:16,905 [DEBUG] [TIME] 6841 cashflow: 0.19s
2026-07-05 04:11:17,447 [DEBUG] [TIME] 6841 dividends: 0.54s
2026-07-05 04:11:17,448 [INFO] [DETAIL] 6841 横河電機: income_stmt=OK, balance_sheet=OK, cashflow=OK, dividends=OK
2026-07-05 04:11:17,448 [INFO] [TIME] 6841 横河電機 処理時間: 1.46s
2026-07-05 04:11:18,918 [DEBUG] [TIME] 6844 info: 0.24s
2026-07-05 04:11:18,918 [DEBUG] yfinance OK: 6844
2026-07-05 04:11:19,184 [DEBUG] [TIME] 6844 income_stmt: 0.27s
2026-07-05 04:11:19,453 [DEBUG] [TIME] 6844 balance_sheet: 0.27s
2026-07-05 04:11:19,705 [DEBUG] [TIME] 6844 cashflow: 0.25s
2026-07-05 04:11:20,316 [DEBUG] [TIME] 6844 dividends: 0.61s
2026-07-05 04:11:20,317 [INFO] [DETAIL] 6844 新電元工業: income_stmt=OK, balance_sheet=OK, cashflow=OK, dividends=OK
2026-07-05 04:11:20,317 [INFO] [TIME] 6844 新電元工業 処理時間: 1.64s
2026-07-05 04:11:22,118 [DEBUG] [TIME] 6845 info: 0.25s
2026-07-05 04:11:22,118 [DEBUG] yfinance OK: 6845
2026-07-05 04:11:22,364 [DEBUG] [TIME] 6845 income_stmt: 0.25s
2026-07-05 04:11:22,615 [DEBUG] [TIME] 6845 balance_sheet: 0.25s
2026-07-05 04:11:22,879 [DEBUG] [TIME] 6845 cashflow: 0.26s
2026-07-05 04:11:23,446 [DEBUG] [TIME] 6845 dividends: 0.57s
2026-07-05 04:11:23,447 [INFO] [DETAIL] 6845 アズビル: income_stmt=OK, balance_sheet=OK, cashflow=OK, dividends=OK
2026-07-05 04:11:23,447 [INFO] [TIME] 6845 アズビル 処理時間: 1.57s
2026-07-05 04:11:24,749 [DEBUG] [TIME] 6848 info: 0.24s
2026-07-05 04:11:24,749 [DEBUG] yfinance OK: 6848
2026-07-05 04:11:25,006 [DEBUG] [TIME] 6848 income_stmt: 0.26s
2026-07-05 04:11:25,324 [DEBUG] [TIME] 6848 balance_sheet: 0.32s
2026-07-05 04:11:25,573 [DEBUG] [TIME] 6848 cashflow: 0.25s
2026-07-05 04:11:26,138 [DEBUG] [TIME] 6848 dividends: 0.56s
2026-07-05 04:11:26,139 [INFO] [DETAIL] 6848 東亜ディーケーケー: income_stmt=OK, balance_sheet=OK, cashflow=OK, dividends=OK
2026-07-05 04:11:26,139 [INFO] [TIME] 6848 東亜ディーケーケー 処理時間: 1.63s
2026-07-05 04:11:28,140 [DEBUG] [TIME] 6849 info: 0.24s
2026-07-05 04:11:28,140 [DEBUG] yfinance OK: 6849
2026-07-05 04:11:28,360 [DEBUG] [TIME] 6849 income_stmt: 0.22s
2026-07-05 04:11:28,591 [DEBUG] [TIME] 6849 balance_sheet: 0.23s
2026-07-05 04:11:28,839 [DEBUG] [TIME] 6849 cashflow: 0.25s
2026-07-05 04:11:29,298 [DEBUG] [TIME] 6849 dividends: 0.46s
2026-07-05 04:11:29,299 [INFO] [DETAIL] 6849 日本光電工業: income_stmt=OK, balance_sheet=OK, cashflow=OK, dividends=OK
2026-07-05 04:11:29,299 [INFO] [TIME] 6849 日本光電工業 処理時間: 1.40s
2026-07-05 04:11:30,811 [DEBUG] [TIME] 6850 info: 0.24s
2026-07-05 04:11:30,811 [DEBUG] yfinance OK: 6850
2026-07-05 04:11:31,070 [DEBUG] [TIME] 6850 income_stmt: 0.26s
2026-07-05 04:11:31,399 [DEBUG] [TIME] 6850 balance_sheet: 0.33s
2026-07-05 04:11:31,602 [DEBUG] [TIME] 6850 cashflow: 0.20s
2026-07-05 04:11:32,038 [DEBUG] [TIME] 6850 dividends: 0.44s
2026-07-05 04:11:32,039 [INFO] [DETAIL] 6850 チノー: income_stmt=OK, balance_sheet=OK, cashflow=OK, dividends=OK
2026-07-05 04:11:32,039 [INFO] [TIME] 6850 チノー 処理時間: 1.47s
2026-07-05 04:11:33,927 [DEBUG] [TIME] 6853 info: 0.31s
2026-07-05 04:11:33,927 [DEBUG] yfinance OK: 6853
2026-07-05 04:11:34,149 [DEBUG] [TIME] 6853 income_stmt: 0.22s
2026-07-05 04:11:34,463 [DEBUG] [TIME] 6853 balance_sheet: 0.31s
2026-07-05 04:11:34,686 [DEBUG] [TIME] 6853 cashflow: 0.22s
2026-07-05 04:11:35,206 [DEBUG] [TIME] 6853 dividends: 0.52s
2026-07-05 04:11:35,207 [INFO] [DETAIL] 6853 共和電業: income_stmt=OK, balance_sheet=OK, cashflow=OK, dividends=OK
2026-07-05 04:11:35,207 [INFO] [TIME] 6853 共和電業 処理時間: 1.59s
2026-07-05 04:11:37,150 [DEBUG] [TIME] 6855 info: 0.24s
2026-07-05 04:11:37,150 [DEBUG] yfinance OK: 6855
2026-07-05 04:11:37,402 [DEBUG] [TIME] 6855 income_stmt: 0.25s
2026-07-05 04:11:37,662 [DEBUG] [TIME] 6855 balance_sheet: 0.26s
2026-07-05 04:11:37,953 [DEBUG] [TIME] 6855 cashflow: 0.29s
2026-07-05 04:11:38,593 [DEBUG] [TIME] 6855 dividends: 0.64s
2026-07-05 04:11:38,594 [INFO] [DETAIL] 6855 日本電子材料: income_stmt=OK, balance_sheet=OK, cashflow=OK, dividends=OK
2026-07-05 04:11:38,594 [INFO] [TIME] 6855 日本電子材料 処理時間: 1.69s
2026-07-05 04:11:40,439 [DEBUG] [TIME] 6856 info: 0.24s
2026-07-05 04:11:40,439 [DEBUG] yfinance OK: 6856
2026-07-05 04:11:40,689 [DEBUG] [TIME] 6856 income_stmt: 0.25s
2026-07-05 04:11:40,968 [DEBUG] [TIME] 6856 balance_sheet: 0.28s
2026-07-05 04:11:41,212 [DEBUG] [TIME] 6856 cashflow: 0.24s
2026-07-05 04:11:41,622 [DEBUG] [TIME] 6856 dividends: 0.41s
2026-07-05 04:11:41,623 [INFO] [DETAIL] 6856 堀場製作所: income_stmt=OK, balance_sheet=OK, cashflow=OK, dividends=OK
2026-07-05 04:11:41,623 [INFO] [TIME] 6856 堀場製作所 処理時間: 1.42s
2026-07-05 04:11:42,956 [DEBUG] [TIME] 6857 info: 0.24s
2026-07-05 04:11:42,956 [DEBUG] yfinance OK: 6857
2026-07-05 04:11:43,193 [DEBUG] [TIME] 6857 income_stmt: 0.24s
2026-07-05 04:11:43,473 [DEBUG] [TIME] 6857 balance_sheet: 0.28s
2026-07-05 04:11:43,675 [DEBUG] [TIME] 6857 cashflow: 0.20s
2026-07-05 04:11:44,177 [DEBUG] [TIME] 6857 dividends: 0.50s
2026-07-05 04:11:44,178 [INFO] [DETAIL] 6857 アドバンテスト: income_stmt=OK, balance_sheet=OK, cashflow=OK, dividends=OK
2026-07-05 04:11:44,178 [INFO] [TIME] 6857 アドバンテスト 処理時間: 1.46s
2026-07-05 04:11:45,872 [DEBUG] [TIME] 6858 info: 0.24s
2026-07-05 04:11:45,873 [DEBUG] yfinance OK: 6858
2026-07-05 04:11:46,127 [DEBUG] [TIME] 6858 income_stmt: 0.25s
2026-07-05 04:11:46,409 [DEBUG] [TIME] 6858 balance_sheet: 0.28s
2026-07-05 04:11:46,615 [DEBUG] [TIME] 6858 cashflow: 0.20s
2026-07-05 04:11:47,043 [DEBUG] [TIME] 6858 dividends: 0.43s
2026-07-05 04:11:47,044 [INFO] [DETAIL] 6858 小野測器: income_stmt=OK, balance_sheet=OK, cashflow=OK, dividends=OK
2026-07-05 04:11:47,044 [INFO] [TIME] 6858 小野測器 処理時間: 1.42s
2026-07-05 04:11:48,377 [DEBUG] [TIME] 6859 info: 0.25s
2026-07-05 04:11:48,377 [DEBUG] yfinance OK: 6859
2026-07-05 04:11:48,661 [DEBUG] [TIME] 6859 income_stmt: 0.28s
2026-07-05 04:11:48,961 [DEBUG] [TIME] 6859 balance_sheet: 0.30s
2026-07-05 04:11:49,214 [DEBUG] [TIME] 6859 cashflow: 0.25s
2026-07-05 04:11:49,643 [DEBUG] [TIME] 6859 dividends: 0.43s
2026-07-05 04:11:49,644 [INFO] [DETAIL] 6859 エスペック: income_stmt=OK, balance_sheet=OK, cashflow=OK, dividends=OK
2026-07-05 04:11:49,644 [INFO] [TIME] 6859 エスペック 処理時間: 1.51s
2026-07-05 04:11:50,901 [DEBUG] [TIME] 6861 info: 0.25s
2026-07-05 04:11:50,901 [DEBUG] yfinance OK: 6861
2026-07-05 04:11:51,141 [DEBUG] [TIME] 6861 income_stmt: 0.24s
2026-07-05 04:11:51,411 [DEBUG] [TIME] 6861 balance_sheet: 0.27s
2026-07-05 04:11:51,631 [DEBUG] [TIME] 6861 cashflow: 0.22s
2026-07-05 04:11:52,053 [DEBUG] [TIME] 6861 dividends: 0.42s
2026-07-05 04:11:52,054 [INFO] [DETAIL] 6861 キーエンス: income_stmt=OK, balance_sheet=OK, cashflow=OK, dividends=OK
2026-07-05 04:11:52,054 [INFO] [TIME] 6861 キーエンス 処理時間: 1.40s
2026-07-05 04:11:53,809 [DEBUG] [TIME] 6862 info: 0.24s
2026-07-05 04:11:53,809 [DEBUG] yfinance OK: 6862
2026-07-05 04:11:54,062 [DEBUG] [TIME] 6862 income_stmt: 0.25s
2026-07-05 04:11:54,337 [DEBUG] [TIME] 6862 balance_sheet: 0.27s
2026-07-05 04:11:54,593 [DEBUG] [TIME] 6862 cashflow: 0.26s
2026-07-05 04:11:55,066 [DEBUG] [TIME] 6862 dividends: 0.47s
2026-07-05 04:11:55,067 [INFO] [DETAIL] 6862 ミナトホールディングス: income_stmt=OK, balance_sheet=OK, cashflow=OK, dividends=OK
2026-07-05 04:11:55,067 [INFO] [TIME] 6862 ミナトホールディングス 処理時間: 1.50s
2026-07-05 04:11:57,135 [DEBUG] [TIME] 6863 info: 0.24s
2026-07-05 04:11:57,135 [DEBUG] yfinance OK: 6863
2026-07-05 04:11:57,374 [DEBUG] [TIME] 6863 income_stmt: 0.24s
2026-07-05 04:11:57,643 [DEBUG] [TIME] 6863 balance_sheet: 0.27s
2026-07-05 04:11:57,882 [DEBUG] [TIME] 6863 cashflow: 0.24s
2026-07-05 04:11:58,290 [DEBUG] [TIME] 6863 dividends: 0.41s
2026-07-05 04:11:58,291 [INFO] [DETAIL] 6863 ニレコ: income_stmt=OK, balance_sheet=OK, cashflow=OK, dividends=OK
2026-07-05 04:11:58,291 [INFO] [TIME] 6863 ニレコ 処理時間: 1.40s
2026-07-05 04:12:00,503 [DEBUG] [TIME] 6864 info: 0.26s
2026-07-05 04:12:00,503 [DEBUG] yfinance OK: 6864
2026-07-05 04:12:00,733 [DEBUG] [TIME] 6864 income_stmt: 0.23s
2026-07-05 04:12:00,978 [DEBUG] [TIME] 6864 balance_sheet: 0.24s
2026-07-05 04:12:01,211 [DEBUG] [TIME] 6864 cashflow: 0.23s
2026-07-05 04:12:01,808 [DEBUG] [TIME] 6864 dividends: 0.60s
2026-07-05 04:12:01,809 [INFO] [DETAIL] 6864 エヌエフホールディングス: income_stmt=OK, balance_sheet=OK, cashflow=OK, dividends=OK
2026-07-05 04:12:01,809 [INFO] [TIME] 6864 エヌエフホールディングス 処理時間: 1.56s
2026-07-05 04:12:03,274 [DEBUG] [TIME] 6866 info: 0.24s
2026-07-05 04:12:03,274 [DEBUG] yfinance OK: 6866
2026-07-05 04:12:03,529 [DEBUG] [TIME] 6866 income_stmt: 0.26s
2026-07-05 04:12:03,804 [DEBUG] [TIME] 6866 balance_sheet: 0.27s
2026-07-05 04:12:03,996 [DEBUG] [TIME] 6866 cashflow: 0.19s
2026-07-05 04:12:04,694 [DEBUG] [TIME] 6866 dividends: 0.70s
2026-07-05 04:12:04,695 [INFO] [DETAIL] 6866 日置電機: income_stmt=OK, balance_sheet=OK, cashflow=OK, dividends=OK
2026-07-05 04:12:04,695 [INFO] [TIME] 6866 日置電機 処理時間: 1.66s
2026-07-05 04:12:06,556 [DEBUG] [TIME] 6867 info: 0.24s
2026-07-05 04:12:06,556 [DEBUG] yfinance OK: 6867
2026-07-05 04:12:06,795 [DEBUG] [TIME] 6867 income_stmt: 0.24s
2026-07-05 04:12:07,087 [DEBUG] [TIME] 6867 balance_sheet: 0.29s
2026-07-05 04:12:07,423 [DEBUG] [TIME] 6867 cashflow: 0.34s
2026-07-05 04:12:07,824 [DEBUG] [TIME] 6867 dividends: 0.40s
2026-07-05 04:12:07,825 [INFO] [DETAIL] 6867 リーダー電子: income_stmt=OK, balance_sheet=OK, cashflow=OK, dividends=OK
2026-07-05 04:12:07,825 [INFO] [TIME] 6867 リーダー電子 処理時間: 1.51s
2026-07-05 04:12:09,491 [DEBUG] [TIME] 6869 info: 0.24s
2026-07-05 04:12:09,491 [DEBUG] yfinance OK: 6869
2026-07-05 04:12:09,769 [DEBUG] [TIME] 6869 income_stmt: 0.28s
2026-07-05 04:12:10,046 [DEBUG] [TIME] 6869 balance_sheet: 0.28s
2026-07-05 04:12:10,288 [DEBUG] [TIME] 6869 cashflow: 0.24s
2026-07-05 04:12:11,517 [DEBUG] [TIME] 6869 dividends: 1.23s
2026-07-05 04:12:11,518 [INFO] [DETAIL] 6869 シスメックス: income_stmt=OK, balance_sheet=OK, cashflow=OK, dividends=OK
2026-07-05 04:12:11,518 [INFO] [TIME] 6869 シスメックス 処理時間: 2.27s
2026-07-05 04:12:12,886 [DEBUG] [TIME] 6870 info: 0.24s
2026-07-05 04:12:12,886 [DEBUG] yfinance OK: 6870
2026-07-05 04:12:13,127 [DEBUG] [TIME] 6870 income_stmt: 0.24s
2026-07-05 04:12:13,380 [DEBUG] [TIME] 6870 balance_sheet: 0.25s
2026-07-05 04:12:13,582 [DEBUG] [TIME] 6870 cashflow: 0.20s
2026-07-05 04:12:14,263 [DEBUG] [TIME] 6870 dividends: 0.68s
2026-07-05 04:12:14,264 [INFO] [DETAIL] 6870 日本フェンオール: income_stmt=OK, balance_sheet=OK, cashflow=OK, dividends=OK
2026-07-05 04:12:14,264 [INFO] [TIME] 6870 日本フェンオール 処理時間: 1.62s
2026-07-05 04:12:15,603 [DEBUG] [TIME] 6871 info: 0.24s
2026-07-05 04:12:15,603 [DEBUG] yfinance OK: 6871
2026-07-05 04:12:15,837 [DEBUG] [TIME] 6871 income_stmt: 0.23s
2026-07-05 04:12:16,129 [DEBUG] [TIME] 6871 balance_sheet: 0.29s
2026-07-05 04:12:16,381 [DEBUG] [TIME] 6871 cashflow: 0.25s
2026-07-05 04:12:16,916 [DEBUG] [TIME] 6871 dividends: 0.53s
2026-07-05 04:12:16,917 [INFO] [DETAIL] 6871 日本マイクロニクス: income_stmt=OK, balance_sheet=OK, cashflow=OK, dividends=OK
2026-07-05 04:12:16,917 [INFO] [TIME] 6871 日本マイクロニクス 処理時間: 1.55s
2026-07-05 04:12:18,452 [DEBUG] [TIME] 6874 info: 0.26s
2026-07-05 04:12:18,452 [DEBUG] yfinance OK: 6874
2026-07-05 04:12:18,672 [DEBUG] [TIME] 6874 income_stmt: 0.22s
2026-07-05 04:12:18,904 [DEBUG] [TIME] 6874 balance_sheet: 0.23s
2026-07-05 04:12:19,132 [DEBUG] [TIME] 6874 cashflow: 0.23s
2026-07-05 04:12:19,614 [DEBUG] [TIME] 6874 dividends: 0.48s
2026-07-05 04:12:19,614 [INFO] [DETAIL] 6874 協立電機: income_stmt=OK, balance_sheet=OK, cashflow=OK, dividends=OK
2026-07-05 04:12:19,614 [INFO] [TIME] 6874 協立電機 処理時間: 1.42s
2026-07-05 04:12:21,656 [DEBUG] [TIME] 6875 info: 0.25s
2026-07-05 04:12:21,656 [DEBUG] yfinance OK: 6875
2026-07-05 04:12:21,924 [DEBUG] [TIME] 6875 income_stmt: 0.27s
2026-07-05 04:12:22,235 [DEBUG] [TIME] 6875 balance_sheet: 0.31s
2026-07-05 04:12:22,463 [DEBUG] [TIME] 6875 cashflow: 0.23s
2026-07-05 04:12:23,011 [DEBUG] [TIME] 6875 dividends: 0.55s
2026-07-05 04:12:23,012 [INFO] [DETAIL] 6875 メガチップス: income_stmt=OK, balance_sheet=OK, cashflow=OK, dividends=OK
2026-07-05 04:12:23,012 [INFO] [TIME] 6875 メガチップス 処理時間: 1.60s
2026-07-05 04:12:25,241 [DEBUG] [TIME] 6877 info: 0.24s
2026-07-05 04:12:25,241 [DEBUG] yfinance OK: 6877
2026-07-05 04:12:25,497 [DEBUG] [TIME] 6877 income_stmt: 0.26s
2026-07-05 04:12:25,789 [DEBUG] [TIME] 6877 balance_sheet: 0.29s
2026-07-05 04:12:26,005 [DEBUG] [TIME] 6877 cashflow: 0.22s
2026-07-05 04:12:26,411 [DEBUG] [TIME] 6877 dividends: 0.41s
2026-07-05 04:12:26,412 [INFO] [DETAIL] 6877 ＯＢＡＲＡ　ＧＲＯＵＰ: income_stmt=OK, balance_sheet=OK, cashflow=OK, dividends=OK
2026-07-05 04:12:26,412 [INFO] [TIME] 6877 ＯＢＡＲＡ　ＧＲＯＵＰ 処理時間: 1.41s
2026-07-05 04:12:28,300 [DEBUG] [TIME] 6882 info: 0.24s
2026-07-05 04:12:28,300 [DEBUG] yfinance OK: 6882
2026-07-05 04:12:28,539 [DEBUG] [TIME] 6882 income_stmt: 0.24s
2026-07-05 04:12:28,795 [DEBUG] [TIME] 6882 balance_sheet: 0.26s
2026-07-05 04:12:29,024 [DEBUG] [TIME] 6882 cashflow: 0.23s
2026-07-05 04:12:29,627 [DEBUG] [TIME] 6882 dividends: 0.60s
2026-07-05 04:12:29,628 [INFO] [DETAIL] 6882 三社電機製作所: income_stmt=OK, balance_sheet=OK, cashflow=OK, dividends=OK
2026-07-05 04:12:29,628 [INFO] [TIME] 6882 三社電機製作所 処理時間: 1.57s
2026-07-05 04:12:31,301 [DEBUG] [TIME] 6888 info: 0.24s
2026-07-05 04:12:31,301 [DEBUG] yfinance OK: 6888
2026-07-05 04:12:31,534 [DEBUG] [TIME] 6888 income_stmt: 0.23s
2026-07-05 04:12:31,849 [DEBUG] [TIME] 6888 balance_sheet: 0.31s
2026-07-05 04:12:32,066 [DEBUG] [TIME] 6888 cashflow: 0.22s
2026-07-05 04:12:32,639 [DEBUG] [TIME] 6888 dividends: 0.57s
2026-07-05 04:12:32,640 [INFO] [DETAIL] 6888 アクモス: income_stmt=OK, balance_sheet=OK, cashflow=OK, dividends=OK
2026-07-05 04:12:32,640 [INFO] [TIME] 6888 アクモス 処理時間: 1.58s
2026-07-05 04:12:34,660 [DEBUG] [TIME] 6890 info: 0.24s
2026-07-05 04:12:34,660 [DEBUG] yfinance OK: 6890
2026-07-05 04:12:34,927 [DEBUG] [TIME] 6890 income_stmt: 0.27s
2026-07-05 04:12:35,192 [DEBUG] [TIME] 6890 balance_sheet: 0.27s
2026-07-05 04:12:35,452 [DEBUG] [TIME] 6890 cashflow: 0.26s
2026-07-05 04:12:36,032 [DEBUG] [TIME] 6890 dividends: 0.58s
2026-07-05 04:12:36,033 [INFO] [DETAIL] 6890 フェローテック: income_stmt=OK, balance_sheet=OK, cashflow=OK, dividends=OK
2026-07-05 04:12:36,033 [INFO] [TIME] 6890 フェローテック 処理時間: 1.62s
2026-07-05 04:12:37,678 [DEBUG] [TIME] 6894 info: 0.24s
2026-07-05 04:12:37,678 [DEBUG] yfinance OK: 6894
2026-07-05 04:12:37,928 [DEBUG] [TIME] 6894 income_stmt: 0.25s
2026-07-05 04:12:38,214 [DEBUG] [TIME] 6894 balance_sheet: 0.29s
2026-07-05 04:12:38,459 [DEBUG] [TIME] 6894 cashflow: 0.24s
2026-07-05 04:12:38,893 [DEBUG] [TIME] 6894 dividends: 0.43s
2026-07-05 04:12:38,894 [INFO] [DETAIL] 6894 パルステック工業: income_stmt=OK, balance_sheet=OK, cashflow=OK, dividends=OK
2026-07-05 04:12:38,894 [INFO] [TIME] 6894 パルステック工業 処理時間: 1.45s
2026-07-05 04:12:40,293 [DEBUG] [TIME] 6897 info: 0.24s
2026-07-05 04:12:40,293 [DEBUG] yfinance OK: 6897
2026-07-05 04:12:40,541 [DEBUG] [TIME] 6897 income_stmt: 0.25s
2026-07-05 04:12:40,893 [DEBUG] [TIME] 6897 balance_sheet: 0.35s
2026-07-05 04:12:41,112 [DEBUG] [TIME] 6897 cashflow: 0.22s
2026-07-05 04:12:41,672 [DEBUG] [TIME] 6897 dividends: 0.56s
2026-07-05 04:12:41,673 [INFO] [DETAIL] 6897 ツインバード: income_stmt=OK, balance_sheet=OK, cashflow=OK, dividends=OK
2026-07-05 04:12:41,673 [INFO] [TIME] 6897 ツインバード 処理時間: 1.62s
2026-07-05 04:12:43,140 [DEBUG] [TIME] 6898 info: 0.27s
2026-07-05 04:12:43,140 [DEBUG] yfinance OK: 6898
2026-07-05 04:12:43,375 [DEBUG] [TIME] 6898 income_stmt: 0.24s
2026-07-05 04:12:43,634 [DEBUG] [TIME] 6898 balance_sheet: 0.26s
2026-07-05 04:12:43,898 [DEBUG] [TIME] 6898 cashflow: 0.26s
2026-07-05 04:12:44,249 [DEBUG] [TIME] 6898 dividends: 0.35s
2026-07-05 04:12:44,249 [INFO] [DETAIL] 6898 トミタ電機: income_stmt=OK, balance_sheet=OK, cashflow=OK, dividends=EMPTY
2026-07-05 04:12:44,249 [INFO] [TIME] 6898 トミタ電機 処理時間: 1.38s
2026-07-05 04:12:45,972 [DEBUG] [TIME] 6899 info: 0.32s
2026-07-05 04:12:45,972 [DEBUG] yfinance OK: 6899
2026-07-05 04:12:46,217 [DEBUG] [TIME] 6899 income_stmt: 0.24s
2026-07-05 04:12:46,519 [DEBUG] [TIME] 6899 balance_sheet: 0.30s
2026-07-05 04:12:46,768 [DEBUG] [TIME] 6899 cashflow: 0.25s
2026-07-05 04:12:47,286 [DEBUG] [TIME] 6899 dividends: 0.52s
2026-07-05 04:12:47,287 [INFO] [DETAIL] 6899 ＡＳＴＩ: income_stmt=OK, balance_sheet=OK, cashflow=OK, dividends=OK
2026-07-05 04:12:47,287 [INFO] [TIME] 6899 ＡＳＴＩ 処理時間: 1.64s
2026-07-05 04:12:49,326 [DEBUG] [TIME] 6902 info: 0.25s
2026-07-05 04:12:49,326 [DEBUG] yfinance OK: 6902
2026-07-05 04:12:49,585 [DEBUG] [TIME] 6902 income_stmt: 0.26s
2026-07-05 04:12:49,908 [DEBUG] [TIME] 6902 balance_sheet: 0.32s
2026-07-05 04:12:50,179 [DEBUG] [TIME] 6902 cashflow: 0.27s
2026-07-05 04:12:50,622 [DEBUG] [TIME] 6902 dividends: 0.44s
2026-07-05 04:12:50,623 [INFO] [DETAIL] 6902 デンソー: income_stmt=OK, balance_sheet=OK, cashflow=OK, dividends=OK
2026-07-05 04:12:50,623 [INFO] [TIME] 6902 デンソー 処理時間: 1.55s
2026-07-05 04:12:52,190 [DEBUG] [TIME] 6904 info: 0.26s
2026-07-05 04:12:52,190 [DEBUG] yfinance OK: 6904
2026-07-05 04:12:52,423 [DEBUG] [TIME] 6904 income_stmt: 0.23s
2026-07-05 04:12:52,693 [DEBUG] [TIME] 6904 balance_sheet: 0.27s
2026-07-05 04:12:52,876 [DEBUG] [TIME] 6904 cashflow: 0.18s
2026-07-05 04:12:53,255 [DEBUG] [TIME] 6904 dividends: 0.38s
2026-07-05 04:12:53,256 [INFO] [DETAIL] 6904 原田工業: income_stmt=OK, balance_sheet=OK, cashflow=OK, dividends=OK
2026-07-05 04:12:53,256 [INFO] [TIME] 6904 原田工業 処理時間: 1.33s
2026-07-05 04:12:54,658 [DEBUG] [TIME] 6905 info: 0.24s
2026-07-05 04:12:54,658 [DEBUG] yfinance OK: 6905
2026-07-05 04:12:54,916 [DEBUG] [TIME] 6905 income_stmt: 0.26s
2026-07-05 04:12:55,196 [DEBUG] [TIME] 6905 balance_sheet: 0.28s
2026-07-05 04:12:55,387 [DEBUG] [TIME] 6905 cashflow: 0.19s
2026-07-05 04:12:56,072 [DEBUG] [TIME] 6905 dividends: 0.68s
2026-07-05 04:12:56,073 [INFO] [DETAIL] 6905 コーセル: income_stmt=OK, balance_sheet=OK, cashflow=OK, dividends=OK
2026-07-05 04:12:56,073 [INFO] [TIME] 6905 コーセル 処理時間: 1.65s
2026-07-05 04:12:58,269 [DEBUG] [TIME] 6907 info: 0.25s
2026-07-05 04:12:58,269 [DEBUG] yfinance OK: 6907
2026-07-05 04:12:58,498 [DEBUG] [TIME] 6907 income_stmt: 0.23s
2026-07-05 04:12:58,822 [DEBUG] [TIME] 6907 balance_sheet: 0.32s
2026-07-05 04:12:59,089 [DEBUG] [TIME] 6907 cashflow: 0.27s
2026-07-05 04:12:59,438 [DEBUG] [TIME] 6907 dividends: 0.35s
2026-07-05 04:12:59,439 [INFO] [DETAIL] 6907 ジオマテック: income_stmt=OK, balance_sheet=OK, cashflow=OK, dividends=OK
2026-07-05 04:12:59,439 [INFO] [TIME] 6907 ジオマテック 処理時間: 1.42s
2026-07-05 04:13:01,517 [DEBUG] [TIME] 6908 info: 0.24s
2026-07-05 04:13:01,517 [DEBUG] yfinance OK: 6908
2026-07-05 04:13:01,726 [DEBUG] [TIME] 6908 income_stmt: 0.21s
2026-07-05 04:13:01,977 [DEBUG] [TIME] 6908 balance_sheet: 0.25s
2026-07-05 04:13:02,204 [DEBUG] [TIME] 6908 cashflow: 0.23s
2026-07-05 04:13:02,752 [DEBUG] [TIME] 6908 dividends: 0.55s
2026-07-05 04:13:02,753 [INFO] [DETAIL] 6908 イリソ電子工業: income_stmt=OK, balance_sheet=OK, cashflow=OK, dividends=OK
2026-07-05 04:13:02,753 [INFO] [TIME] 6908 イリソ電子工業 処理時間: 1.48s
2026-07-05 04:13:04,534 [DEBUG] [TIME] 6912 info: 0.25s
2026-07-05 04:13:04,534 [DEBUG] yfinance OK: 6912
2026-07-05 04:13:04,772 [DEBUG] [TIME] 6912 income_stmt: 0.24s
2026-07-05 04:13:05,073 [DEBUG] [TIME] 6912 balance_sheet: 0.30s
2026-07-05 04:13:05,299 [DEBUG] [TIME] 6912 cashflow: 0.23s
2026-07-05 04:13:05,918 [DEBUG] [TIME] 6912 dividends: 0.62s
2026-07-05 04:13:05,919 [INFO] [DETAIL] 6912 菊水ホールディングス: income_stmt=OK, balance_sheet=OK, cashflow=OK, dividends=OK
2026-07-05 04:13:05,919 [INFO] [TIME] 6912 菊水ホールディングス 処理時間: 1.64s
2026-07-05 04:13:07,588 [DEBUG] [TIME] 6914 info: 0.24s
2026-07-05 04:13:07,588 [DEBUG] yfinance OK: 6914
2026-07-05 04:13:07,853 [DEBUG] [TIME] 6914 income_stmt: 0.27s
2026-07-05 04:13:08,132 [DEBUG] [TIME] 6914 balance_sheet: 0.28s
2026-07-05 04:13:08,357 [DEBUG] [TIME] 6914 cashflow: 0.22s
2026-07-05 04:13:08,737 [DEBUG] [TIME] 6914 dividends: 0.38s
2026-07-05 04:13:08,738 [INFO] [DETAIL] 6914 オプテックスグループ: income_stmt=OK, balance_sheet=OK, cashflow=OK, dividends=OK
2026-07-05 04:13:08,738 [INFO] [TIME] 6914 オプテックスグループ 処理時間: 1.40s
2026-07-05 04:13:10,280 [DEBUG] [TIME] 6915 info: 0.24s
2026-07-05 04:13:10,280 [DEBUG] yfinance OK: 6915
2026-07-05 04:13:10,531 [DEBUG] [TIME] 6915 income_stmt: 0.25s
2026-07-05 04:13:10,820 [DEBUG] [TIME] 6915 balance_sheet: 0.29s
2026-07-05 04:13:11,058 [DEBUG] [TIME] 6915 cashflow: 0.24s
2026-07-05 04:13:11,656 [DEBUG] [TIME] 6915 dividends: 0.60s
2026-07-05 04:13:11,657 [INFO] [DETAIL] 6915 千代田インテグレ: income_stmt=OK, balance_sheet=OK, cashflow=OK, dividends=OK
2026-07-05 04:13:11,657 [INFO] [TIME] 6915 千代田インテグレ 処理時間: 1.62s
2026-07-05 04:13:13,133 [DEBUG] [TIME] 6918 info: 0.24s
2026-07-05 04:13:13,133 [DEBUG] yfinance OK: 6918
2026-07-05 04:13:13,395 [DEBUG] [TIME] 6918 income_stmt: 0.26s
2026-07-05 04:13:13,687 [DEBUG] [TIME] 6918 balance_sheet: 0.29s
2026-07-05 04:13:13,916 [DEBUG] [TIME] 6918 cashflow: 0.23s
2026-07-05 04:13:14,459 [DEBUG] [TIME] 6918 dividends: 0.54s
2026-07-05 04:13:14,460 [INFO] [DETAIL] 6918 アバールデータ: income_stmt=OK, balance_sheet=OK, cashflow=OK, dividends=OK
2026-07-05 04:13:14,460 [INFO] [TIME] 6918 アバールデータ 処理時間: 1.57s
2026-07-05 04:13:16,485 [DEBUG] [TIME] 6919 info: 0.24s
2026-07-05 04:13:16,485 [DEBUG] yfinance OK: 6919
2026-07-05 04:13:16,733 [DEBUG] [TIME] 6919 income_stmt: 0.25s
2026-07-05 04:13:17,032 [DEBUG] [TIME] 6919 balance_sheet: 0.30s
2026-07-05 04:13:17,276 [DEBUG] [TIME] 6919 cashflow: 0.24s
2026-07-05 04:13:17,784 [DEBUG] [TIME] 6919 dividends: 0.51s
2026-07-05 04:13:17,785 [INFO] [DETAIL] 6919 ケル: income_stmt=OK, balance_sheet=OK, cashflow=OK, dividends=OK
2026-07-05 04:13:17,785 [INFO] [TIME] 6919 ケル 処理時間: 1.54s
2026-07-05 04:13:19,467 [DEBUG] [TIME] 6920 info: 0.24s
2026-07-05 04:13:19,467 [DEBUG] yfinance OK: 6920
2026-07-05 04:13:19,709 [DEBUG] [TIME] 6920 income_stmt: 0.24s
2026-07-05 04:13:20,002 [DEBUG] [TIME] 6920 balance_sheet: 0.29s
2026-07-05 04:13:20,208 [DEBUG] [TIME] 6920 cashflow: 0.21s
2026-07-05 04:13:20,580 [DEBUG] [TIME] 6920 dividends: 0.37s
2026-07-05 04:13:20,580 [INFO] [DETAIL] 6920 レーザーテック: income_stmt=OK, balance_sheet=OK, cashflow=OK, dividends=OK
2026-07-05 04:13:20,580 [INFO] [TIME] 6920 レーザーテック 処理時間: 1.36s
2026-07-05 04:13:21,963 [DEBUG] [TIME] 6923 info: 0.25s
2026-07-05 04:13:21,963 [DEBUG] yfinance OK: 6923
2026-07-05 04:13:22,221 [DEBUG] [TIME] 6923 income_stmt: 0.26s
2026-07-05 04:13:22,470 [DEBUG] [TIME] 6923 balance_sheet: 0.25s
2026-07-05 04:13:22,723 [DEBUG] [TIME] 6923 cashflow: 0.25s
2026-07-05 04:13:23,381 [DEBUG] [TIME] 6923 dividends: 0.66s
2026-07-05 04:13:23,382 [INFO] [DETAIL] 6923 スタンレー電気: income_stmt=OK, balance_sheet=OK, cashflow=OK, dividends=OK
2026-07-05 04:13:23,382 [INFO] [TIME] 6923 スタンレー電気 処理時間: 1.67s
2026-07-05 04:13:25,068 [DEBUG] [TIME] 6925 info: 0.24s
2026-07-05 04:13:25,068 [DEBUG] yfinance OK: 6925
2026-07-05 04:13:25,321 [DEBUG] [TIME] 6925 income_stmt: 0.25s
2026-07-05 04:13:25,589 [DEBUG] [TIME] 6925 balance_sheet: 0.27s
2026-07-05 04:13:25,836 [DEBUG] [TIME] 6925 cashflow: 0.25s
2026-07-05 04:13:26,300 [DEBUG] [TIME] 6925 dividends: 0.46s
2026-07-05 04:13:26,301 [INFO] [DETAIL] 6925 ウシオ電機: income_stmt=OK, balance_sheet=OK, cashflow=OK, dividends=OK
2026-07-05 04:13:26,301 [INFO] [TIME] 6925 ウシオ電機 処理時間: 1.48s
2026-07-05 04:13:28,191 [DEBUG] [TIME] 6926 info: 0.25s
2026-07-05 04:13:28,191 [DEBUG] yfinance OK: 6926
2026-07-05 04:13:28,435 [DEBUG] [TIME] 6926 income_stmt: 0.24s
2026-07-05 04:13:28,729 [DEBUG] [TIME] 6926 balance_sheet: 0.29s
2026-07-05 04:13:28,957 [DEBUG] [TIME] 6926 cashflow: 0.23s
2026-07-05 04:13:29,466 [DEBUG] [TIME] 6926 dividends: 0.51s
2026-07-05 04:13:29,467 [INFO] [DETAIL] 6926 岡谷電機産業: income_stmt=OK, balance_sheet=OK, cashflow=OK, dividends=OK
2026-07-05 04:13:29,467 [INFO] [TIME] 6926 岡谷電機産業 処理時間: 1.52s
2026-07-05 04:13:31,168 [DEBUG] [TIME] 6927 info: 0.24s
2026-07-05 04:13:31,168 [DEBUG] yfinance OK: 6927
2026-07-05 04:13:31,427 [DEBUG] [TIME] 6927 income_stmt: 0.26s
2026-07-05 04:13:31,718 [DEBUG] [TIME] 6927 balance_sheet: 0.29s
2026-07-05 04:13:31,933 [DEBUG] [TIME] 6927 cashflow: 0.21s
2026-07-05 04:13:32,540 [DEBUG] [TIME] 6927 dividends: 0.61s
2026-07-05 04:13:32,540 [INFO] [DETAIL] 6927 ヘリオス　テクノ　ホールディング: income_stmt=OK, balance_sheet=OK, cashflow=OK, dividends=OK
2026-07-05 04:13:32,540 [INFO] [TIME] 6927 ヘリオス　テクノ　ホールディング 処理時間: 1.61s
2026-07-05 04:13:34,152 [DEBUG] [TIME] 6928 info: 0.24s
2026-07-05 04:13:34,153 [DEBUG] yfinance OK: 6928
2026-07-05 04:13:34,401 [DEBUG] [TIME] 6928 income_stmt: 0.25s
2026-07-05 04:13:34,683 [DEBUG] [TIME] 6928 balance_sheet: 0.28s
2026-07-05 04:13:34,941 [DEBUG] [TIME] 6928 cashflow: 0.26s
2026-07-05 04:13:35,457 [DEBUG] [TIME] 6928 dividends: 0.52s
2026-07-05 04:13:35,458 [INFO] [DETAIL] 6928 エノモト: income_stmt=OK, balance_sheet=OK, cashflow=OK, dividends=OK
2026-07-05 04:13:35,458 [INFO] [TIME] 6928 エノモト 処理時間: 1.55s
2026-07-05 04:13:37,061 [DEBUG] [TIME] 6929 info: 0.24s
2026-07-05 04:13:37,061 [DEBUG] yfinance OK: 6929
2026-07-05 04:13:37,305 [DEBUG] [TIME] 6929 income_stmt: 0.24s
2026-07-05 04:13:37,598 [DEBUG] [TIME] 6929 balance_sheet: 0.29s
2026-07-05 04:13:37,875 [DEBUG] [TIME] 6929 cashflow: 0.28s
2026-07-05 04:13:38,318 [DEBUG] [TIME] 6929 dividends: 0.44s
2026-07-05 04:13:38,319 [INFO] [DETAIL] 6929 日本セラミック: income_stmt=OK, balance_sheet=OK, cashflow=OK, dividends=OK
2026-07-05 04:13:38,319 [INFO] [TIME] 6929 日本セラミック 処理時間: 1.50s
2026-07-05 04:13:39,998 [DEBUG] [TIME] 6932 info: 0.24s
2026-07-05 04:13:39,998 [DEBUG] yfinance OK: 6932
2026-07-05 04:13:40,248 [DEBUG] [TIME] 6932 income_stmt: 0.25s
2026-07-05 04:13:40,547 [DEBUG] [TIME] 6932 balance_sheet: 0.30s
2026-07-05 04:13:40,767 [DEBUG] [TIME] 6932 cashflow: 0.22s
2026-07-05 04:13:41,440 [DEBUG] [TIME] 6932 dividends: 0.67s
2026-07-05 04:13:41,441 [INFO] [DETAIL] 6932 遠藤照明: income_stmt=OK, balance_sheet=OK, cashflow=OK, dividends=OK
2026-07-05 04:13:41,441 [INFO] [TIME] 6932 遠藤照明 処理時間: 1.69s
2026-07-05 04:13:43,429 [DEBUG] [TIME] 6941 info: 0.24s
2026-07-05 04:13:43,429 [DEBUG] yfinance OK: 6941
2026-07-05 04:13:43,670 [DEBUG] [TIME] 6941 income_stmt: 0.24s
2026-07-05 04:13:43,988 [DEBUG] [TIME] 6941 balance_sheet: 0.32s
2026-07-05 04:13:44,237 [DEBUG] [TIME] 6941 cashflow: 0.25s
2026-07-05 04:13:44,927 [DEBUG] [TIME] 6941 dividends: 0.69s
2026-07-05 04:13:44,928 [INFO] [DETAIL] 6941 山一電機: income_stmt=OK, balance_sheet=OK, cashflow=OK, dividends=OK
2026-07-05 04:13:44,928 [INFO] [TIME] 6941 山一電機 処理時間: 1.74s
2026-07-05 04:13:46,962 [DEBUG] [TIME] 6942 info: 0.24s
2026-07-05 04:13:46,962 [DEBUG] yfinance OK: 6942
2026-07-05 04:13:47,210 [DEBUG] [TIME] 6942 income_stmt: 0.25s
2026-07-05 04:13:47,487 [DEBUG] [TIME] 6942 balance_sheet: 0.28s
2026-07-05 04:13:47,748 [DEBUG] [TIME] 6942 cashflow: 0.26s
2026-07-05 04:13:48,320 [DEBUG] [TIME] 6942 dividends: 0.57s
2026-07-05 04:13:48,320 [INFO] [DETAIL] 6942 ソフィアホールディングス: income_stmt=OK, balance_sheet=OK, cashflow=OK, dividends=EMPTY
2026-07-05 04:13:48,320 [INFO] [TIME] 6942 ソフィアホールディングス 処理時間: 1.59s
2026-07-05 04:13:50,551 [DEBUG] [TIME] 6943 info: 0.24s
2026-07-05 04:13:50,551 [DEBUG] yfinance OK: 6943
2026-07-05 04:13:50,797 [DEBUG] [TIME] 6943 income_stmt: 0.25s
2026-07-05 04:13:51,082 [DEBUG] [TIME] 6943 balance_sheet: 0.28s
2026-07-05 04:13:51,278 [DEBUG] [TIME] 6943 cashflow: 0.20s
2026-07-05 04:13:51,975 [DEBUG] [TIME] 6943 dividends: 0.70s
2026-07-05 04:13:51,976 [INFO] [DETAIL] 6943 ＮＫＫスイッチズ: income_stmt=OK, balance_sheet=OK, cashflow=OK, dividends=OK
2026-07-05 04:13:51,976 [INFO] [TIME] 6943 ＮＫＫスイッチズ 処理時間: 1.67s
2026-07-05 04:13:53,468 [DEBUG] [TIME] 6946 info: 0.26s
2026-07-05 04:13:53,468 [DEBUG] yfinance OK: 6946
2026-07-05 04:13:53,703 [DEBUG] [TIME] 6946 income_stmt: 0.23s
2026-07-05 04:13:53,926 [DEBUG] [TIME] 6946 balance_sheet: 0.22s
2026-07-05 04:13:54,124 [DEBUG] [TIME] 6946 cashflow: 0.20s
2026-07-05 04:13:54,586 [DEBUG] [TIME] 6946 dividends: 0.46s
2026-07-05 04:13:54,587 [INFO] [DETAIL] 6946 日本アビオニクス: income_stmt=OK, balance_sheet=OK, cashflow=OK, dividends=OK
2026-07-05 04:13:54,587 [INFO] [TIME] 6946 日本アビオニクス 処理時間: 1.38s
2026-07-05 04:13:56,758 [DEBUG] [TIME] 6947 info: 0.24s
2026-07-05 04:13:56,758 [DEBUG] yfinance OK: 6947
2026-07-05 04:13:56,996 [DEBUG] [TIME] 6947 income_stmt: 0.24s
2026-07-05 04:13:57,234 [DEBUG] [TIME] 6947 balance_sheet: 0.24s
2026-07-05 04:13:57,455 [DEBUG] [TIME] 6947 cashflow: 0.22s
2026-07-05 04:13:58,230 [DEBUG] [TIME] 6947 dividends: 0.77s
2026-07-05 04:13:58,231 [INFO] [DETAIL] 6947 図研: income_stmt=OK, balance_sheet=OK, cashflow=OK, dividends=OK
2026-07-05 04:13:58,231 [INFO] [TIME] 6947 図研 処理時間: 1.72s
2026-07-05 04:14:00,029 [DEBUG] [TIME] 6951 info: 0.25s
2026-07-05 04:14:00,029 [DEBUG] yfinance OK: 6951
2026-07-05 04:14:00,283 [DEBUG] [TIME] 6951 income_stmt: 0.25s
2026-07-05 04:14:00,549 [DEBUG] [TIME] 6951 balance_sheet: 0.27s
2026-07-05 04:14:00,821 [DEBUG] [TIME] 6951 cashflow: 0.27s
2026-07-05 04:14:01,473 [DEBUG] [TIME] 6951 dividends: 0.65s
2026-07-05 04:14:01,474 [INFO] [DETAIL] 6951 日本電子: income_stmt=OK, balance_sheet=OK, cashflow=OK, dividends=OK
2026-07-05 04:14:01,474 [INFO] [TIME] 6951 日本電子 処理時間: 1.70s
2026-07-05 04:14:02,992 [DEBUG] [TIME] 6952 info: 0.27s
2026-07-05 04:14:02,992 [DEBUG] yfinance OK: 6952
2026-07-05 04:14:03,237 [DEBUG] [TIME] 6952 income_stmt: 0.24s
2026-07-05 04:14:03,451 [DEBUG] [TIME] 6952 balance_sheet: 0.21s
2026-07-05 04:14:03,656 [DEBUG] [TIME] 6952 cashflow: 0.20s
2026-07-05 04:14:04,241 [DEBUG] [TIME] 6952 dividends: 0.58s
2026-07-05 04:14:04,241 [INFO] [DETAIL] 6952 カシオ計算機: income_stmt=OK, balance_sheet=OK, cashflow=OK, dividends=OK
2026-07-05 04:14:04,242 [INFO] [TIME] 6952 カシオ計算機 処理時間: 1.52s
2026-07-05 04:14:05,815 [DEBUG] [TIME] 6954 info: 0.28s
2026-07-05 04:14:05,815 [DEBUG] yfinance OK: 6954
2026-07-05 04:14:06,017 [DEBUG] [TIME] 6954 income_stmt: 0.20s
2026-07-05 04:14:06,260 [DEBUG] [TIME] 6954 balance_sheet: 0.24s
2026-07-05 04:14:06,507 [DEBUG] [TIME] 6954 cashflow: 0.25s
2026-07-05 04:14:07,049 [DEBUG] [TIME] 6954 dividends: 0.54s
2026-07-05 04:14:07,049 [INFO] [DETAIL] 6954 ファナック: income_stmt=OK, balance_sheet=OK, cashflow=OK, dividends=OK
2026-07-05 04:14:07,050 [INFO] [TIME] 6954 ファナック 処理時間: 1.52s
2026-07-05 04:14:08,904 [DEBUG] [TIME] 6955 info: 0.24s
2026-07-05 04:14:08,905 [DEBUG] yfinance OK: 6955
2026-07-05 04:14:09,131 [DEBUG] [TIME] 6955 income_stmt: 0.23s
2026-07-05 04:14:09,411 [DEBUG] [TIME] 6955 balance_sheet: 0.28s
2026-07-05 04:14:09,631 [DEBUG] [TIME] 6955 cashflow: 0.22s
2026-07-05 04:14:09,975 [DEBUG] [TIME] 6955 dividends: 0.34s
2026-07-05 04:14:09,975 [INFO] [DETAIL] 6955 ＦＤＫ: income_stmt=OK, balance_sheet=OK, cashflow=OK, dividends=EMPTY
2026-07-05 04:14:09,976 [INFO] [TIME] 6955 ＦＤＫ 処理時間: 1.31s
2026-07-05 04:14:11,584 [DEBUG] [TIME] 6958 info: 0.24s
2026-07-05 04:14:11,584 [DEBUG] yfinance OK: 6958
2026-07-05 04:14:11,802 [DEBUG] [TIME] 6958 income_stmt: 0.22s
2026-07-05 04:14:12,049 [DEBUG] [TIME] 6958 balance_sheet: 0.25s
2026-07-05 04:14:12,281 [DEBUG] [TIME] 6958 cashflow: 0.23s
2026-07-05 04:14:12,927 [DEBUG] [TIME] 6958 dividends: 0.65s
2026-07-05 04:14:12,928 [INFO] [DETAIL] 6958 日本シイエムケイ: income_stmt=OK, balance_sheet=OK, cashflow=OK, dividends=OK
2026-07-05 04:14:12,928 [INFO] [TIME] 6958 日本シイエムケイ 処理時間: 1.59s
2026-07-05 04:14:14,949 [DEBUG] [TIME] 6960 info: 0.25s
2026-07-05 04:14:14,950 [DEBUG] yfinance OK: 6960
2026-07-05 04:14:15,203 [DEBUG] [TIME] 6960 income_stmt: 0.25s
2026-07-05 04:14:15,478 [DEBUG] [TIME] 6960 balance_sheet: 0.28s
2026-07-05 04:14:15,729 [DEBUG] [TIME] 6960 cashflow: 0.25s
2026-07-05 04:14:16,162 [DEBUG] [TIME] 6960 dividends: 0.43s
2026-07-05 04:14:16,163 [INFO] [DETAIL] 6960 フクダ電子: income_stmt=OK, balance_sheet=OK, cashflow=OK, dividends=OK
2026-07-05 04:14:16,163 [INFO] [TIME] 6960 フクダ電子 処理時間: 1.46s
2026-07-05 04:14:17,835 [DEBUG] [TIME] 6961 info: 0.24s
2026-07-05 04:14:17,835 [DEBUG] yfinance OK: 6961
2026-07-05 04:14:18,093 [DEBUG] [TIME] 6961 income_stmt: 0.26s
2026-07-05 04:14:18,349 [DEBUG] [TIME] 6961 balance_sheet: 0.26s
2026-07-05 04:14:18,630 [DEBUG] [TIME] 6961 cashflow: 0.28s
2026-07-05 04:14:19,211 [DEBUG] [TIME] 6961 dividends: 0.58s
2026-07-05 04:14:19,212 [INFO] [DETAIL] 6961 エンプラス: income_stmt=OK, balance_sheet=OK, cashflow=OK, dividends=OK
2026-07-05 04:14:19,212 [INFO] [TIME] 6961 エンプラス 処理時間: 1.62s
2026-07-05 04:14:20,827 [DEBUG] [TIME] 6962 info: 0.24s
2026-07-05 04:14:20,827 [DEBUG] yfinance OK: 6962
2026-07-05 04:14:21,086 [DEBUG] [TIME] 6962 income_stmt: 0.26s
2026-07-05 04:14:21,361 [DEBUG] [TIME] 6962 balance_sheet: 0.27s
2026-07-05 04:14:21,599 [DEBUG] [TIME] 6962 cashflow: 0.24s
2026-07-05 04:14:21,991 [DEBUG] [TIME] 6962 dividends: 0.39s
2026-07-05 04:14:21,991 [INFO] [DETAIL] 6962 大真空: income_stmt=OK, balance_sheet=OK, cashflow=OK, dividends=OK
2026-07-05 04:14:21,992 [INFO] [TIME] 6962 大真空 処理時間: 1.40s
2026-07-05 04:14:23,834 [DEBUG] [TIME] 6963 info: 0.25s
2026-07-05 04:14:23,835 [DEBUG] yfinance OK: 6963
2026-07-05 04:14:24,054 [DEBUG] [TIME] 6963 income_stmt: 0.22s
2026-07-05 04:14:24,293 [DEBUG] [TIME] 6963 balance_sheet: 0.24s
2026-07-05 04:14:24,510 [DEBUG] [TIME] 6963 cashflow: 0.22s
2026-07-05 04:14:25,073 [DEBUG] [TIME] 6963 dividends: 0.56s
2026-07-05 04:14:25,074 [INFO] [DETAIL] 6963 ローム: income_stmt=OK, balance_sheet=OK, cashflow=OK, dividends=OK
2026-07-05 04:14:25,074 [INFO] [TIME] 6963 ローム 処理時間: 1.49s
2026-07-05 04:14:26,525 [DEBUG] [TIME] 6964 info: 0.24s
2026-07-05 04:14:26,525 [DEBUG] yfinance OK: 6964
2026-07-05 04:14:26,732 [DEBUG] [TIME] 6964 income_stmt: 0.21s
2026-07-05 04:14:27,023 [DEBUG] [TIME] 6964 balance_sheet: 0.29s
2026-07-05 04:14:27,244 [DEBUG] [TIME] 6964 cashflow: 0.22s
2026-07-05 04:14:27,805 [DEBUG] [TIME] 6964 dividends: 0.56s
2026-07-05 04:14:27,806 [INFO] [DETAIL] 6964 サンコー: income_stmt=OK, balance_sheet=OK, cashflow=OK, dividends=OK
2026-07-05 04:14:27,806 [INFO] [TIME] 6964 サンコー 処理時間: 1.52s
2026-07-05 04:14:30,029 [DEBUG] [TIME] 6965 info: 0.25s
2026-07-05 04:14:30,029 [DEBUG] yfinance OK: 6965
2026-07-05 04:14:30,302 [DEBUG] [TIME] 6965 income_stmt: 0.27s
2026-07-05 04:14:30,572 [DEBUG] [TIME] 6965 balance_sheet: 0.27s
2026-07-05 04:14:30,798 [DEBUG] [TIME] 6965 cashflow: 0.23s
2026-07-05 04:14:31,391 [DEBUG] [TIME] 6965 dividends: 0.59s
2026-07-05 04:14:31,392 [INFO] [DETAIL] 6965 浜松ホトニクス: income_stmt=OK, balance_sheet=OK, cashflow=OK, dividends=OK
2026-07-05 04:14:31,392 [INFO] [TIME] 6965 浜松ホトニクス 処理時間: 1.61s
2026-07-05 04:14:33,371 [DEBUG] [TIME] 6966 info: 0.24s
2026-07-05 04:14:33,371 [DEBUG] yfinance OK: 6966
2026-07-05 04:14:33,609 [DEBUG] [TIME] 6966 income_stmt: 0.24s
2026-07-05 04:14:33,868 [DEBUG] [TIME] 6966 balance_sheet: 0.26s
2026-07-05 04:14:34,083 [DEBUG] [TIME] 6966 cashflow: 0.21s
2026-07-05 04:14:34,525 [DEBUG] [TIME] 6966 dividends: 0.44s
2026-07-05 04:14:34,525 [INFO] [DETAIL] 6966 三井ハイテック: income_stmt=OK, balance_sheet=OK, cashflow=OK, dividends=OK
2026-07-05 04:14:34,525 [INFO] [TIME] 6966 三井ハイテック 処理時間: 1.40s
2026-07-05 04:14:35,889 [DEBUG] [TIME] 6969 info: 0.33s
2026-07-05 04:14:35,889 [DEBUG] yfinance OK: 6969
2026-07-05 04:14:36,129 [DEBUG] [TIME] 6969 income_stmt: 0.24s
2026-07-05 04:14:36,382 [DEBUG] [TIME] 6969 balance_sheet: 0.25s
2026-07-05 04:14:36,630 [DEBUG] [TIME] 6969 cashflow: 0.25s
2026-07-05 04:14:37,108 [DEBUG] [TIME] 6969 dividends: 0.48s
2026-07-05 04:14:37,109 [INFO] [DETAIL] 6969 松尾電機: income_stmt=OK, balance_sheet=OK, cashflow=OK, dividends=OK
2026-07-05 04:14:37,109 [INFO] [TIME] 6969 松尾電機 処理時間: 1.55s
2026-07-05 04:14:39,179 [DEBUG] [TIME] 6971 info: 0.24s
2026-07-05 04:14:39,179 [DEBUG] yfinance OK: 6971
2026-07-05 04:14:39,405 [DEBUG] [TIME] 6971 income_stmt: 0.23s
2026-07-05 04:14:39,707 [DEBUG] [TIME] 6971 balance_sheet: 0.30s
2026-07-05 04:14:39,996 [DEBUG] [TIME] 6971 cashflow: 0.29s
2026-07-05 04:14:40,646 [DEBUG] [TIME] 6971 dividends: 0.65s
2026-07-05 04:14:40,646 [INFO] [DETAIL] 6971 京セラ: income_stmt=OK, balance_sheet=OK, cashflow=OK, dividends=OK
2026-07-05 04:14:40,647 [INFO] [TIME] 6971 京セラ 処理時間: 1.71s
2026-07-05 04:14:42,035 [DEBUG] [TIME] 6976 info: 0.25s
2026-07-05 04:14:42,035 [DEBUG] yfinance OK: 6976
2026-07-05 04:14:42,278 [DEBUG] [TIME] 6976 income_stmt: 0.24s
2026-07-05 04:14:42,575 [DEBUG] [TIME] 6976 balance_sheet: 0.30s
2026-07-05 04:14:42,833 [DEBUG] [TIME] 6976 cashflow: 0.26s
2026-07-05 04:14:43,432 [DEBUG] [TIME] 6976 dividends: 0.60s
2026-07-05 04:14:43,433 [INFO] [DETAIL] 6976 太陽誘電: income_stmt=OK, balance_sheet=OK, cashflow=OK, dividends=OK
2026-07-05 04:14:43,433 [INFO] [TIME] 6976 太陽誘電 処理時間: 1.65s
2026-07-05 04:14:44,940 [DEBUG] [TIME] 6977 info: 0.24s
2026-07-05 04:14:44,940 [DEBUG] yfinance OK: 6977
2026-07-05 04:14:45,174 [DEBUG] [TIME] 6977 income_stmt: 0.23s
2026-07-05 04:14:45,456 [DEBUG] [TIME] 6977 balance_sheet: 0.28s
2026-07-05 04:14:45,703 [DEBUG] [TIME] 6977 cashflow: 0.25s
2026-07-05 04:14:46,252 [DEBUG] [TIME] 6977 dividends: 0.55s
2026-07-05 04:14:46,253 [INFO] [DETAIL] 6977 日本抵抗器製作所: income_stmt=OK, balance_sheet=OK, cashflow=OK, dividends=OK
2026-07-05 04:14:46,253 [INFO] [TIME] 6977 日本抵抗器製作所 処理時間: 1.55s
2026-07-05 04:14:48,010 [DEBUG] [TIME] 6981 info: 0.24s
2026-07-05 04:14:48,010 [DEBUG] yfinance OK: 6981
2026-07-05 04:14:48,243 [DEBUG] [TIME] 6981 income_stmt: 0.23s
2026-07-05 04:14:48,533 [DEBUG] [TIME] 6981 balance_sheet: 0.29s
2026-07-05 04:14:48,736 [DEBUG] [TIME] 6981 cashflow: 0.20s
2026-07-05 04:14:49,333 [DEBUG] [TIME] 6981 dividends: 0.60s
2026-07-05 04:14:49,334 [INFO] [DETAIL] 6981 村田製作所: income_stmt=OK, balance_sheet=OK, cashflow=OK, dividends=OK
2026-07-05 04:14:49,334 [INFO] [TIME] 6981 村田製作所 処理時間: 1.56s
2026-07-05 04:14:50,717 [DEBUG] [TIME] 6982 info: 0.24s
2026-07-05 04:14:50,717 [DEBUG] yfinance OK: 6982
2026-07-05 04:14:50,965 [DEBUG] [TIME] 6982 income_stmt: 0.25s
2026-07-05 04:14:51,273 [DEBUG] [TIME] 6982 balance_sheet: 0.31s
2026-07-05 04:14:51,552 [DEBUG] [TIME] 6982 cashflow: 0.28s
2026-07-05 04:14:52,087 [DEBUG] [TIME] 6982 dividends: 0.53s
2026-07-05 04:14:52,087 [INFO] [DETAIL] 6982 リード: income_stmt=OK, balance_sheet=OK, cashflow=OK, dividends=OK
2026-07-05 04:14:52,088 [INFO] [TIME] 6982 リード 処理時間: 1.61s
2026-07-05 04:14:53,732 [DEBUG] [TIME] 6986 info: 0.24s
2026-07-05 04:14:53,732 [DEBUG] yfinance OK: 6986
2026-07-05 04:14:53,974 [DEBUG] [TIME] 6986 income_stmt: 0.24s
2026-07-05 04:14:54,228 [DEBUG] [TIME] 6986 balance_sheet: 0.25s
2026-07-05 04:14:54,486 [DEBUG] [TIME] 6986 cashflow: 0.26s
2026-07-05 04:14:55,028 [DEBUG] [TIME] 6986 dividends: 0.54s
2026-07-05 04:14:55,029 [INFO] [DETAIL] 6986 双葉電子工業: income_stmt=OK, balance_sheet=OK, cashflow=OK, dividends=OK
2026-07-05 04:14:55,029 [INFO] [TIME] 6986 双葉電子工業 処理時間: 1.53s
2026-07-05 04:14:57,016 [DEBUG] [TIME] 6988 info: 0.27s
2026-07-05 04:14:57,016 [DEBUG] yfinance OK: 6988
2026-07-05 04:14:57,278 [DEBUG] [TIME] 6988 income_stmt: 0.26s
2026-07-05 04:14:57,590 [DEBUG] [TIME] 6988 balance_sheet: 0.31s
2026-07-05 04:14:57,843 [DEBUG] [TIME] 6988 cashflow: 0.25s
2026-07-05 04:14:58,294 [DEBUG] [TIME] 6988 dividends: 0.45s
2026-07-05 04:14:58,295 [INFO] [DETAIL] 6988 日東電工: income_stmt=OK, balance_sheet=OK, cashflow=OK, dividends=OK
2026-07-05 04:14:58,295 [INFO] [TIME] 6988 日東電工 処理時間: 1.55s
2026-07-05 04:15:00,026 [DEBUG] [TIME] 6989 info: 0.24s
2026-07-05 04:15:00,026 [DEBUG] yfinance OK: 6989
2026-07-05 04:15:00,274 [DEBUG] [TIME] 6989 income_stmt: 0.25s
2026-07-05 04:15:00,529 [DEBUG] [TIME] 6989 balance_sheet: 0.25s
2026-07-05 04:15:00,775 [DEBUG] [TIME] 6989 cashflow: 0.25s
2026-07-05 04:15:01,229 [DEBUG] [TIME] 6989 dividends: 0.45s
2026-07-05 04:15:01,230 [INFO] [DETAIL] 6989 北陸電気工業: income_stmt=OK, balance_sheet=OK, cashflow=OK, dividends=OK
2026-07-05 04:15:01,230 [INFO] [TIME] 6989 北陸電気工業 処理時間: 1.45s
2026-07-05 04:15:02,934 [DEBUG] [TIME] 6993 info: 0.25s
2026-07-05 04:15:02,934 [DEBUG] yfinance OK: 6993
2026-07-05 04:15:03,177 [DEBUG] [TIME] 6993 income_stmt: 0.24s
2026-07-05 04:15:03,471 [DEBUG] [TIME] 6993 balance_sheet: 0.29s
2026-07-05 04:15:03,742 [DEBUG] [TIME] 6993 cashflow: 0.27s
2026-07-05 04:15:04,234 [DEBUG] [TIME] 6993 dividends: 0.49s
2026-07-05 04:15:04,234 [INFO] [DETAIL] 6993 大黒屋ホールディングス: income_stmt=OK, balance_sheet=OK, cashflow=OK, dividends=EMPTY
2026-07-05 04:15:04,234 [INFO] [TIME] 6993 大黒屋ホールディングス 処理時間: 1.55s
2026-07-05 04:15:05,584 [DEBUG] [TIME] 6994 info: 0.26s
2026-07-05 04:15:05,584 [DEBUG] yfinance OK: 6994
2026-07-05 04:15:05,825 [DEBUG] [TIME] 6994 income_stmt: 0.24s
2026-07-05 04:15:06,117 [DEBUG] [TIME] 6994 balance_sheet: 0.29s
2026-07-05 04:15:06,354 [DEBUG] [TIME] 6994 cashflow: 0.24s
2026-07-05 04:15:06,755 [DEBUG] [TIME] 6994 dividends: 0.40s
2026-07-05 04:15:06,755 [INFO] [DETAIL] 6994 指月電機製作所: income_stmt=OK, balance_sheet=OK, cashflow=OK, dividends=OK
2026-07-05 04:15:06,755 [INFO] [TIME] 6994 指月電機製作所 処理時間: 1.43s
2026-07-05 04:15:08,628 [DEBUG] [TIME] 6995 info: 0.24s
2026-07-05 04:15:08,628 [DEBUG] yfinance OK: 6995
2026-07-05 04:15:08,846 [DEBUG] [TIME] 6995 income_stmt: 0.22s
2026-07-05 04:15:09,129 [DEBUG] [TIME] 6995 balance_sheet: 0.28s
2026-07-05 04:15:09,404 [DEBUG] [TIME] 6995 cashflow: 0.27s
2026-07-05 04:15:09,939 [DEBUG] [TIME] 6995 dividends: 0.54s
2026-07-05 04:15:09,940 [INFO] [DETAIL] 6995 東海理化電機製作所: income_stmt=OK, balance_sheet=OK, cashflow=OK, dividends=OK
2026-07-05 04:15:09,940 [INFO] [TIME] 6995 東海理化電機製作所 処理時間: 1.55s
2026-07-05 04:15:11,844 [DEBUG] [TIME] 6996 info: 0.24s
2026-07-05 04:15:11,844 [DEBUG] yfinance OK: 6996
2026-07-05 04:15:12,086 [DEBUG] [TIME] 6996 income_stmt: 0.24s
2026-07-05 04:15:12,355 [DEBUG] [TIME] 6996 balance_sheet: 0.27s
2026-07-05 04:15:12,585 [DEBUG] [TIME] 6996 cashflow: 0.23s
2026-07-05 04:15:13,118 [DEBUG] [TIME] 6996 dividends: 0.53s
2026-07-05 04:15:13,119 [INFO] [DETAIL] 6996 ニチコン: income_stmt=OK, balance_sheet=OK, cashflow=OK, dividends=OK
2026-07-05 04:15:13,119 [INFO] [TIME] 6996 ニチコン 処理時間: 1.51s
2026-07-05 04:15:14,691 [DEBUG] [TIME] 6997 info: 0.34s
2026-07-05 04:15:14,691 [DEBUG] yfinance OK: 6997
2026-07-05 04:15:14,939 [DEBUG] [TIME] 6997 income_stmt: 0.25s
2026-07-05 04:15:15,214 [DEBUG] [TIME] 6997 balance_sheet: 0.27s
2026-07-05 04:15:15,528 [DEBUG] [TIME] 6997 cashflow: 0.31s
2026-07-05 04:15:15,914 [DEBUG] [TIME] 6997 dividends: 0.39s
2026-07-05 04:15:15,915 [INFO] [DETAIL] 6997 日本ケミコン: income_stmt=OK, balance_sheet=OK, cashflow=OK, dividends=OK
2026-07-05 04:15:15,915 [INFO] [TIME] 6997 日本ケミコン 処理時間: 1.56s
2026-07-05 04:15:17,297 [DEBUG] [TIME] 6998 info: 0.24s
2026-07-05 04:15:17,297 [DEBUG] yfinance OK: 6998
2026-07-05 04:15:17,547 [DEBUG] [TIME] 6998 income_stmt: 0.25s
2026-07-05 04:15:17,803 [DEBUG] [TIME] 6998 balance_sheet: 0.26s
2026-07-05 04:15:17,991 [DEBUG] [TIME] 6998 cashflow: 0.19s
2026-07-05 04:15:18,398 [DEBUG] [TIME] 6998 dividends: 0.41s
2026-07-05 04:15:18,399 [INFO] [DETAIL] 6998 日本タングステン: income_stmt=OK, balance_sheet=OK, cashflow=OK, dividends=OK
2026-07-05 04:15:18,399 [INFO] [TIME] 6998 日本タングステン 処理時間: 1.34s
2026-07-05 04:15:20,141 [DEBUG] [TIME] 6999 info: 0.24s
2026-07-05 04:15:20,141 [DEBUG] yfinance OK: 6999
2026-07-05 04:15:20,385 [DEBUG] [TIME] 6999 income_stmt: 0.24s
2026-07-05 04:15:20,688 [DEBUG] [TIME] 6999 balance_sheet: 0.30s
2026-07-05 04:15:20,922 [DEBUG] [TIME] 6999 cashflow: 0.23s
2026-07-05 04:15:21,310 [DEBUG] [TIME] 6999 dividends: 0.39s
2026-07-05 04:15:21,311 [INFO] [DETAIL] 6999 ＫＯＡ: income_stmt=OK, balance_sheet=OK, cashflow=OK, dividends=OK
2026-07-05 04:15:21,311 [INFO] [TIME] 6999 ＫＯＡ 処理時間: 1.41s
2026-07-05 04:15:22,613 [DEBUG] [TIME] 7003 info: 0.24s
2026-07-05 04:15:22,613 [DEBUG] yfinance OK: 7003
2026-07-05 04:15:22,883 [DEBUG] [TIME] 7003 income_stmt: 0.27s
2026-07-05 04:15:23,176 [DEBUG] [TIME] 7003 balance_sheet: 0.29s
2026-07-05 04:15:23,412 [DEBUG] [TIME] 7003 cashflow: 0.24s
2026-07-05 04:15:23,982 [DEBUG] [TIME] 7003 dividends: 0.57s
2026-07-05 04:15:23,983 [INFO] [DETAIL] 7003 三井Ｅ＆Ｓ: income_stmt=OK, balance_sheet=OK, cashflow=OK, dividends=OK
2026-07-05 04:15:23,983 [INFO] [TIME] 7003 三井Ｅ＆Ｓ 処理時間: 1.61s
2026-07-05 04:15:25,256 [DEBUG] [TIME] 7004 info: 0.24s
2026-07-05 04:15:25,257 [DEBUG] yfinance OK: 7004
2026-07-05 04:15:25,524 [DEBUG] [TIME] 7004 income_stmt: 0.27s
2026-07-05 04:15:25,828 [DEBUG] [TIME] 7004 balance_sheet: 0.30s
2026-07-05 04:15:26,021 [DEBUG] [TIME] 7004 cashflow: 0.19s
2026-07-05 04:15:26,507 [DEBUG] [TIME] 7004 dividends: 0.49s
2026-07-05 04:15:26,508 [INFO] [DETAIL] 7004 カナデビア: income_stmt=OK, balance_sheet=OK, cashflow=OK, dividends=OK
2026-07-05 04:15:26,508 [INFO] [TIME] 7004 カナデビア 処理時間: 1.50s
2026-07-05 04:15:28,645 [DEBUG] [TIME] 7011 info: 0.26s
2026-07-05 04:15:28,645 [DEBUG] yfinance OK: 7011
2026-07-05 04:15:28,882 [DEBUG] [TIME] 7011 income_stmt: 0.24s
2026-07-05 04:15:29,152 [DEBUG] [TIME] 7011 balance_sheet: 0.27s
2026-07-05 04:15:29,342 [DEBUG] [TIME] 7011 cashflow: 0.19s
2026-07-05 04:15:30,072 [DEBUG] [TIME] 7011 dividends: 0.73s
2026-07-05 04:15:30,073 [INFO] [DETAIL] 7011 三菱重工業: income_stmt=OK, balance_sheet=OK, cashflow=OK, dividends=OK
2026-07-05 04:15:30,073 [INFO] [TIME] 7011 三菱重工業 処理時間: 1.69s
2026-07-05 04:15:31,766 [DEBUG] [TIME] 7012 info: 0.23s
2026-07-05 04:15:31,766 [DEBUG] yfinance OK: 7012
2026-07-05 04:15:32,010 [DEBUG] [TIME] 7012 income_stmt: 0.24s
2026-07-05 04:15:32,294 [DEBUG] [TIME] 7012 balance_sheet: 0.28s
2026-07-05 04:15:32,545 [DEBUG] [TIME] 7012 cashflow: 0.25s
2026-07-05 04:15:32,940 [DEBUG] [TIME] 7012 dividends: 0.39s
2026-07-05 04:15:32,941 [INFO] [DETAIL] 7012 川崎重工業: income_stmt=OK, balance_sheet=OK, cashflow=OK, dividends=OK
2026-07-05 04:15:32,941 [INFO] [TIME] 7012 川崎重工業 処理時間: 1.41s
2026-07-05 04:15:34,815 [DEBUG] [TIME] 7013 info: 0.24s
2026-07-05 04:15:34,815 [DEBUG] yfinance OK: 7013
2026-07-05 04:15:35,058 [DEBUG] [TIME] 7013 income_stmt: 0.24s
2026-07-05 04:15:35,309 [DEBUG] [TIME] 7013 balance_sheet: 0.25s
2026-07-05 04:15:35,573 [DEBUG] [TIME] 7013 cashflow: 0.26s
2026-07-05 04:15:36,162 [DEBUG] [TIME] 7013 dividends: 0.59s
2026-07-05 04:15:36,163 [INFO] [DETAIL] 7013 ＩＨＩ: income_stmt=OK, balance_sheet=OK, cashflow=OK, dividends=OK
2026-07-05 04:15:36,163 [INFO] [TIME] 7013 ＩＨＩ 処理時間: 1.59s
2026-07-05 04:15:37,865 [DEBUG] [TIME] 7014 info: 0.24s
2026-07-05 04:15:37,865 [DEBUG] yfinance OK: 7014
2026-07-05 04:15:38,132 [DEBUG] [TIME] 7014 income_stmt: 0.27s
2026-07-05 04:15:38,438 [DEBUG] [TIME] 7014 balance_sheet: 0.31s
2026-07-05 04:15:38,668 [DEBUG] [TIME] 7014 cashflow: 0.23s
2026-07-05 04:15:39,166 [DEBUG] [TIME] 7014 dividends: 0.50s
2026-07-05 04:15:39,166 [INFO] [DETAIL] 7014 名村造船所: income_stmt=OK, balance_sheet=OK, cashflow=OK, dividends=OK
2026-07-05 04:15:39,166 [INFO] [TIME] 7014 名村造船所 処理時間: 1.54s
2026-07-05 04:15:41,095 [DEBUG] [TIME] 7018 info: 0.26s
2026-07-05 04:15:41,095 [DEBUG] yfinance OK: 7018
2026-07-05 04:15:41,336 [DEBUG] [TIME] 7018 income_stmt: 0.24s
2026-07-05 04:15:41,696 [DEBUG] [TIME] 7018 balance_sheet: 0.36s
2026-07-05 04:15:41,932 [DEBUG] [TIME] 7018 cashflow: 0.23s
2026-07-05 04:15:42,566 [DEBUG] [TIME] 7018 dividends: 0.63s
2026-07-05 04:15:42,567 [INFO] [DETAIL] 7018 内海造船: income_stmt=OK, balance_sheet=OK, cashflow=OK, dividends=OK
2026-07-05 04:15:42,567 [INFO] [TIME] 7018 内海造船 処理時間: 1.73s
2026-07-05 04:15:44,087 [DEBUG] [TIME] 7021 info: 0.26s
2026-07-05 04:15:44,087 [DEBUG] yfinance OK: 7021
2026-07-05 04:15:44,354 [DEBUG] [TIME] 7021 income_stmt: 0.27s
2026-07-05 04:15:44,655 [DEBUG] [TIME] 7021 balance_sheet: 0.30s
2026-07-05 04:15:44,928 [DEBUG] [TIME] 7021 cashflow: 0.27s
2026-07-05 04:15:45,642 [DEBUG] [TIME] 7021 dividends: 0.71s
2026-07-05 04:15:45,643 [INFO] [DETAIL] 7021 ニッチツ: income_stmt=OK, balance_sheet=OK, cashflow=OK, dividends=OK
2026-07-05 04:15:45,643 [INFO] [TIME] 7021 ニッチツ 処理時間: 1.82s
2026-07-05 04:15:47,426 [DEBUG] [TIME] 7022 info: 0.24s
2026-07-05 04:15:47,426 [DEBUG] yfinance OK: 7022
2026-07-05 04:15:47,672 [DEBUG] [TIME] 7022 income_stmt: 0.25s
2026-07-05 04:15:47,986 [DEBUG] [TIME] 7022 balance_sheet: 0.31s
2026-07-05 04:15:48,236 [DEBUG] [TIME] 7022 cashflow: 0.25s
2026-07-05 04:15:48,667 [DEBUG] [TIME] 7022 dividends: 0.43s
2026-07-05 04:15:48,667 [INFO] [DETAIL] 7022 サノヤスホールディングス: income_stmt=OK, balance_sheet=OK, cashflow=OK, dividends=OK
2026-07-05 04:15:48,667 [INFO] [TIME] 7022 サノヤスホールディングス 処理時間: 1.48s
2026-07-05 04:15:50,437 [DEBUG] [TIME] 7030 info: 0.26s
2026-07-05 04:15:50,437 [DEBUG] yfinance OK: 7030
2026-07-05 04:15:50,682 [DEBUG] [TIME] 7030 income_stmt: 0.25s
2026-07-05 04:15:50,953 [DEBUG] [TIME] 7030 balance_sheet: 0.27s
2026-07-05 04:15:51,225 [DEBUG] [TIME] 7030 cashflow: 0.27s
2026-07-05 04:15:51,640 [DEBUG] [TIME] 7030 dividends: 0.42s
2026-07-05 04:15:51,641 [INFO] [DETAIL] 7030 スプリックス: income_stmt=OK, balance_sheet=OK, cashflow=OK, dividends=OK
2026-07-05 04:15:51,641 [INFO] [TIME] 7030 スプリックス 処理時間: 1.47s
2026-07-05 04:15:53,546 [DEBUG] [TIME] 7031 info: 0.24s
2026-07-05 04:15:53,546 [DEBUG] yfinance OK: 7031
2026-07-05 04:15:53,770 [DEBUG] [TIME] 7031 income_stmt: 0.22s
2026-07-05 04:15:54,032 [DEBUG] [TIME] 7031 balance_sheet: 0.26s
2026-07-05 04:15:54,223 [DEBUG] [TIME] 7031 cashflow: 0.19s
2026-07-05 04:15:54,507 [DEBUG] [TIME] 7031 dividends: 0.28s
2026-07-05 04:15:54,507 [INFO] [DETAIL] 7031 インバウンドテック: income_stmt=OK, balance_sheet=OK, cashflow=OK, dividends=EMPTY
2026-07-05 04:15:54,508 [INFO] [TIME] 7031 インバウンドテック 処理時間: 1.20s
2026-07-05 04:15:55,926 [DEBUG] [TIME] 7033 info: 0.28s
2026-07-05 04:15:55,926 [DEBUG] yfinance OK: 7033
2026-07-05 04:15:56,135 [DEBUG] [TIME] 7033 income_stmt: 0.21s
2026-07-05 04:15:56,416 [DEBUG] [TIME] 7033 balance_sheet: 0.28s
2026-07-05 04:15:56,605 [DEBUG] [TIME] 7033 cashflow: 0.19s
2026-07-05 04:15:57,002 [DEBUG] [TIME] 7033 dividends: 0.40s
2026-07-05 04:15:57,003 [INFO] [DETAIL] 7033 マネジメントソリューションズ: income_stmt=OK, balance_sheet=OK, cashflow=OK, dividends=OK
2026-07-05 04:15:57,003 [INFO] [TIME] 7033 マネジメントソリューションズ 処理時間: 1.36s
2026-07-05 04:15:58,251 [INFO] === 実行完了 (yf=496, warns=63, 総実行時間=24分57.6秒) ===
