2026-07-05 01:42:55,827 [INFO] === 実行開始 (500銘柄) ===
2026-07-05 01:42:56,125 [DEBUG] [TIME] 2884 info: 0.30s
2026-07-05 01:42:56,125 [DEBUG] yfinance OK: 2884
2026-07-05 01:42:56,401 [DEBUG] [TIME] 2884 income_stmt: 0.28s
2026-07-05 01:42:56,659 [DEBUG] [TIME] 2884 balance_sheet: 0.26s
2026-07-05 01:42:56,889 [DEBUG] [TIME] 2884 cashflow: 0.23s
2026-07-05 01:42:57,015 [DEBUG] [TIME] 2884 dividends: 0.13s
2026-07-05 01:42:57,015 [INFO] [DETAIL] 2884 ヨシムラ・フード・ホールディングス: income_stmt=OK, balance_sheet=OK, cashflow=OK, dividends=EMPTY
2026-07-05 01:42:57,015 [INFO] [TIME] 2884 ヨシムラ・フード・ホールディングス 処理時間: 1.19s
2026-07-05 01:42:58,391 [DEBUG] [TIME] 288A info: 0.18s
2026-07-05 01:42:58,391 [DEBUG] yfinance OK: 288A
2026-07-05 01:42:58,551 [DEBUG] [TIME] 288A income_stmt: 0.16s
2026-07-05 01:42:58,792 [DEBUG] [TIME] 288A balance_sheet: 0.24s
2026-07-05 01:42:58,999 [DEBUG] [TIME] 288A cashflow: 0.21s
2026-07-05 01:42:59,089 [DEBUG] [TIME] 288A dividends: 0.09s
2026-07-05 01:42:59,089 [INFO] [DETAIL] 288A ラクサス・テクノロジーズ: income_stmt=OK, balance_sheet=OK, cashflow=OK, dividends=EMPTY
2026-07-05 01:42:59,089 [INFO] [TIME] 288A ラクサス・テクノロジーズ 処理時間: 0.88s
2026-07-05 01:43:00,506 [DEBUG] [TIME] 2892 info: 0.14s
2026-07-05 01:43:00,506 [DEBUG] yfinance OK: 2892
2026-07-05 01:43:00,742 [DEBUG] [TIME] 2892 income_stmt: 0.24s
2026-07-05 01:43:01,022 [DEBUG] [TIME] 2892 balance_sheet: 0.28s
2026-07-05 01:43:01,214 [DEBUG] [TIME] 2892 cashflow: 0.19s
2026-07-05 01:43:01,545 [DEBUG] [TIME] 2892 dividends: 0.33s
2026-07-05 01:43:01,547 [INFO] [DETAIL] 2892 日本食品化工: income_stmt=OK, balance_sheet=OK, cashflow=OK, dividends=OK
2026-07-05 01:43:01,547 [INFO] [TIME] 2892 日本食品化工 処理時間: 1.18s
2026-07-05 01:43:02,812 [DEBUG] [TIME] 2894 info: 0.15s
2026-07-05 01:43:02,812 [DEBUG] yfinance OK: 2894
2026-07-05 01:43:03,018 [DEBUG] [TIME] 2894 income_stmt: 0.21s
2026-07-05 01:43:03,268 [DEBUG] [TIME] 2894 balance_sheet: 0.25s
2026-07-05 01:43:03,457 [DEBUG] [TIME] 2894 cashflow: 0.19s
2026-07-05 01:43:03,733 [DEBUG] [TIME] 2894 dividends: 0.28s
2026-07-05 01:43:03,734 [INFO] [DETAIL] 2894 石井食品: income_stmt=OK, balance_sheet=OK, cashflow=OK, dividends=OK
2026-07-05 01:43:03,734 [INFO] [TIME] 2894 石井食品 処理時間: 1.07s
2026-07-05 01:43:05,088 [DEBUG] [TIME] 2897 info: 0.14s
2026-07-05 01:43:05,088 [DEBUG] yfinance OK: 2897
2026-07-05 01:43:05,355 [DEBUG] [TIME] 2897 income_stmt: 0.27s
2026-07-05 01:43:05,586 [DEBUG] [TIME] 2897 balance_sheet: 0.23s
2026-07-05 01:43:05,795 [DEBUG] [TIME] 2897 cashflow: 0.21s
2026-07-05 01:43:06,104 [DEBUG] [TIME] 2897 dividends: 0.31s
2026-07-05 01:43:06,105 [INFO] [DETAIL] 2897 日清食品ホールディングス: income_stmt=OK, balance_sheet=OK, cashflow=OK, dividends=OK
2026-07-05 01:43:06,105 [INFO] [TIME] 2897 日清食品ホールディングス 処理時間: 1.16s
2026-07-05 01:43:07,906 [DEBUG] [TIME] 2901 info: 0.17s
2026-07-05 01:43:07,906 [DEBUG] yfinance OK: 2901
2026-07-05 01:43:08,077 [DEBUG] [TIME] 2901 income_stmt: 0.17s
2026-07-05 01:43:08,300 [DEBUG] [TIME] 2901 balance_sheet: 0.22s
2026-07-05 01:43:08,512 [DEBUG] [TIME] 2901 cashflow: 0.21s
2026-07-05 01:43:08,738 [DEBUG] [TIME] 2901 dividends: 0.23s
2026-07-05 01:43:08,739 [INFO] [DETAIL] 2901 ウェルディッシュ: income_stmt=OK, balance_sheet=OK, cashflow=OK, dividends=OK
2026-07-05 01:43:08,739 [INFO] [TIME] 2901 ウェルディッシュ 処理時間: 1.01s
2026-07-05 01:43:10,553 [DEBUG] [TIME] 2903 info: 0.16s
2026-07-05 01:43:10,553 [DEBUG] yfinance OK: 2903
2026-07-05 01:43:10,771 [DEBUG] [TIME] 2903 income_stmt: 0.22s
2026-07-05 01:43:11,079 [DEBUG] [TIME] 2903 balance_sheet: 0.31s
2026-07-05 01:43:11,256 [DEBUG] [TIME] 2903 cashflow: 0.18s
2026-07-05 01:43:11,571 [DEBUG] [TIME] 2903 dividends: 0.31s
2026-07-05 01:43:11,572 [INFO] [DETAIL] 2903 シノブフーズ: income_stmt=OK, balance_sheet=OK, cashflow=OK, dividends=OK
2026-07-05 01:43:11,573 [INFO] [TIME] 2903 シノブフーズ 処理時間: 1.18s
2026-07-05 01:43:13,022 [DEBUG] [TIME] 2904 info: 0.18s
2026-07-05 01:43:13,022 [DEBUG] yfinance OK: 2904
2026-07-05 01:43:13,201 [DEBUG] [TIME] 2904 income_stmt: 0.18s
2026-07-05 01:43:13,433 [DEBUG] [TIME] 2904 balance_sheet: 0.23s
2026-07-05 01:43:13,641 [DEBUG] [TIME] 2904 cashflow: 0.21s
2026-07-05 01:43:13,949 [DEBUG] [TIME] 2904 dividends: 0.31s
2026-07-05 01:43:13,950 [INFO] [DETAIL] 2904 一正蒲鉾: income_stmt=OK, balance_sheet=OK, cashflow=OK, dividends=OK
2026-07-05 01:43:13,951 [INFO] [TIME] 2904 一正蒲鉾 処理時間: 1.11s
2026-07-05 01:43:15,418 [DEBUG] [TIME] 2907 info: 0.17s
2026-07-05 01:43:15,418 [DEBUG] yfinance OK: 2907
2026-07-05 01:43:15,593 [DEBUG] [TIME] 2907 income_stmt: 0.18s
2026-07-05 01:43:15,855 [DEBUG] [TIME] 2907 balance_sheet: 0.26s
2026-07-05 01:43:16,042 [DEBUG] [TIME] 2907 cashflow: 0.19s
2026-07-05 01:43:16,327 [DEBUG] [TIME] 2907 dividends: 0.28s
2026-07-05 01:43:16,328 [INFO] [DETAIL] 2907 あじかん: income_stmt=OK, balance_sheet=OK, cashflow=OK, dividends=OK
2026-07-05 01:43:16,328 [INFO] [TIME] 2907 あじかん 処理時間: 1.08s
2026-07-05 01:43:18,295 [DEBUG] [TIME] 2908 info: 0.14s
2026-07-05 01:43:18,295 [DEBUG] yfinance OK: 2908
2026-07-05 01:43:18,481 [DEBUG] [TIME] 2908 income_stmt: 0.19s
2026-07-05 01:43:18,704 [DEBUG] [TIME] 2908 balance_sheet: 0.22s
2026-07-05 01:43:18,923 [DEBUG] [TIME] 2908 cashflow: 0.22s
2026-07-05 01:43:19,239 [DEBUG] [TIME] 2908 dividends: 0.32s
2026-07-05 01:43:19,240 [INFO] [DETAIL] 2908 フジッコ: income_stmt=OK, balance_sheet=OK, cashflow=OK, dividends=OK
2026-07-05 01:43:19,240 [INFO] [TIME] 2908 フジッコ 処理時間: 1.09s
2026-07-05 01:43:20,798 [DEBUG] [TIME] 290A info: 0.15s
2026-07-05 01:43:20,798 [DEBUG] yfinance OK: 290A
2026-07-05 01:43:20,977 [DEBUG] [TIME] 290A income_stmt: 0.18s
2026-07-05 01:43:21,221 [DEBUG] [TIME] 290A balance_sheet: 0.24s
2026-07-05 01:43:21,427 [DEBUG] [TIME] 290A cashflow: 0.21s
2026-07-05 01:43:21,550 [DEBUG] [TIME] 290A dividends: 0.12s
2026-07-05 01:43:21,550 [INFO] [DETAIL] 290A Ｓｙｎｓｐｅｃｔｉｖｅ: income_stmt=OK, balance_sheet=OK, cashflow=OK, dividends=EMPTY
2026-07-05 01:43:21,550 [INFO] [TIME] 290A Ｓｙｎｓｐｅｃｔｉｖｅ 処理時間: 0.90s
2026-07-05 01:43:22,822 [DEBUG] [TIME] 2910 info: 0.14s
2026-07-05 01:43:22,822 [DEBUG] yfinance OK: 2910
2026-07-05 01:43:23,002 [DEBUG] [TIME] 2910 income_stmt: 0.18s
2026-07-05 01:43:23,219 [DEBUG] [TIME] 2910 balance_sheet: 0.22s
2026-07-05 01:43:23,398 [DEBUG] [TIME] 2910 cashflow: 0.18s
2026-07-05 01:43:23,714 [DEBUG] [TIME] 2910 dividends: 0.32s
2026-07-05 01:43:23,715 [INFO] [DETAIL] 2910 ロック・フィールド: income_stmt=OK, balance_sheet=OK, cashflow=OK, dividends=OK
2026-07-05 01:43:23,715 [INFO] [TIME] 2910 ロック・フィールド 処理時間: 1.03s
2026-07-05 01:43:25,239 [DEBUG] [TIME] 2911 info: 0.25s
2026-07-05 01:43:25,239 [DEBUG] yfinance OK: 2911
2026-07-05 01:43:25,407 [DEBUG] [TIME] 2911 income_stmt: 0.17s
2026-07-05 01:43:25,614 [DEBUG] [TIME] 2911 balance_sheet: 0.21s
2026-07-05 01:43:25,874 [DEBUG] [TIME] 2911 cashflow: 0.26s
2026-07-05 01:43:26,180 [DEBUG] [TIME] 2911 dividends: 0.31s
2026-07-05 01:43:26,181 [INFO] [DETAIL] 2911 旭松食品: income_stmt=OK, balance_sheet=OK, cashflow=OK, dividends=OK
2026-07-05 01:43:26,181 [INFO] [TIME] 2911 旭松食品 処理時間: 1.19s
2026-07-05 01:43:27,544 [DEBUG] [TIME] 2914 info: 0.17s
2026-07-05 01:43:27,545 [DEBUG] yfinance OK: 2914
2026-07-05 01:43:27,737 [DEBUG] [TIME] 2914 income_stmt: 0.19s
2026-07-05 01:43:27,955 [DEBUG] [TIME] 2914 balance_sheet: 0.22s
2026-07-05 01:43:28,158 [DEBUG] [TIME] 2914 cashflow: 0.20s
2026-07-05 01:43:28,468 [DEBUG] [TIME] 2914 dividends: 0.31s
2026-07-05 01:43:28,469 [INFO] [DETAIL] 2914 日本たばこ産業: income_stmt=OK, balance_sheet=OK, cashflow=OK, dividends=OK
2026-07-05 01:43:28,469 [INFO] [TIME] 2914 日本たばこ産業 処理時間: 1.10s
2026-07-05 01:43:30,239 [DEBUG] [TIME] 2915 info: 0.15s
2026-07-05 01:43:30,239 [DEBUG] yfinance OK: 2915
2026-07-05 01:43:30,415 [DEBUG] [TIME] 2915 income_stmt: 0.18s
2026-07-05 01:43:30,642 [DEBUG] [TIME] 2915 balance_sheet: 0.23s
2026-07-05 01:43:30,830 [DEBUG] [TIME] 2915 cashflow: 0.19s
2026-07-05 01:43:31,086 [DEBUG] [TIME] 2915 dividends: 0.26s
2026-07-05 01:43:31,087 [INFO] [DETAIL] 2915 ケンコーマヨネーズ: income_stmt=OK, balance_sheet=OK, cashflow=OK, dividends=OK
2026-07-05 01:43:31,087 [INFO] [TIME] 2915 ケンコーマヨネーズ 処理時間: 1.00s
2026-07-05 01:43:32,591 [DEBUG] [TIME] 2916 info: 0.14s
2026-07-05 01:43:32,592 [DEBUG] yfinance OK: 2916
2026-07-05 01:43:32,822 [DEBUG] [TIME] 2916 income_stmt: 0.23s
2026-07-05 01:43:33,089 [DEBUG] [TIME] 2916 balance_sheet: 0.27s
2026-07-05 01:43:33,296 [DEBUG] [TIME] 2916 cashflow: 0.21s
2026-07-05 01:43:33,561 [DEBUG] [TIME] 2916 dividends: 0.27s
2026-07-05 01:43:33,562 [INFO] [DETAIL] 2916 仙波糖化工業: income_stmt=OK, balance_sheet=OK, cashflow=OK, dividends=OK
2026-07-05 01:43:33,562 [INFO] [TIME] 2916 仙波糖化工業 処理時間: 1.11s
2026-07-05 01:43:35,711 [DEBUG] [TIME] 2917 info: 0.18s
2026-07-05 01:43:35,711 [DEBUG] yfinance OK: 2917
2026-07-05 01:43:35,887 [DEBUG] [TIME] 2917 income_stmt: 0.18s
2026-07-05 01:43:36,092 [DEBUG] [TIME] 2917 balance_sheet: 0.20s
2026-07-05 01:43:36,291 [DEBUG] [TIME] 2917 cashflow: 0.20s
2026-07-05 01:43:36,577 [DEBUG] [TIME] 2917 dividends: 0.29s
2026-07-05 01:43:36,578 [INFO] [DETAIL] 2917 大森屋: income_stmt=OK, balance_sheet=OK, cashflow=OK, dividends=OK
2026-07-05 01:43:36,578 [INFO] [TIME] 2917 大森屋 処理時間: 1.05s
2026-07-05 01:43:38,225 [DEBUG] [TIME] 2918 info: 0.18s
2026-07-05 01:43:38,225 [DEBUG] yfinance OK: 2918
2026-07-05 01:43:38,446 [DEBUG] [TIME] 2918 income_stmt: 0.22s
2026-07-05 01:43:38,676 [DEBUG] [TIME] 2918 balance_sheet: 0.23s
2026-07-05 01:43:38,851 [DEBUG] [TIME] 2918 cashflow: 0.17s
2026-07-05 01:43:39,159 [DEBUG] [TIME] 2918 dividends: 0.31s
2026-07-05 01:43:39,160 [INFO] [DETAIL] 2918 わらべや日洋ホールディングス: income_stmt=OK, balance_sheet=OK, cashflow=OK, dividends=OK
2026-07-05 01:43:39,160 [INFO] [TIME] 2918 わらべや日洋ホールディングス 処理時間: 1.12s
2026-07-05 01:43:40,768 [DEBUG] [TIME] 291A info: 0.14s
2026-07-05 01:43:40,768 [DEBUG] yfinance OK: 291A
2026-07-05 01:43:40,945 [DEBUG] [TIME] 291A income_stmt: 0.18s
2026-07-05 01:43:41,222 [DEBUG] [TIME] 291A balance_sheet: 0.28s
2026-07-05 01:43:41,417 [DEBUG] [TIME] 291A cashflow: 0.19s
2026-07-05 01:43:41,506 [DEBUG] [TIME] 291A dividends: 0.09s
2026-07-05 01:43:41,506 [INFO] [DETAIL] 291A リスキル: income_stmt=OK, balance_sheet=OK, cashflow=OK, dividends=EMPTY
2026-07-05 01:43:41,506 [INFO] [TIME] 291A リスキル 処理時間: 0.88s
2026-07-05 01:43:42,885 [DEBUG] [TIME] 2922 info: 0.15s
2026-07-05 01:43:42,885 [DEBUG] yfinance OK: 2922
2026-07-05 01:43:43,055 [DEBUG] [TIME] 2922 income_stmt: 0.17s
2026-07-05 01:43:43,289 [DEBUG] [TIME] 2922 balance_sheet: 0.23s
2026-07-05 01:43:43,517 [DEBUG] [TIME] 2922 cashflow: 0.23s
2026-07-05 01:43:43,771 [DEBUG] [TIME] 2922 dividends: 0.25s
2026-07-05 01:43:43,772 [INFO] [DETAIL] 2922 なとり: income_stmt=OK, balance_sheet=OK, cashflow=OK, dividends=OK
2026-07-05 01:43:43,772 [INFO] [TIME] 2922 なとり 処理時間: 1.03s
2026-07-05 01:43:45,915 [DEBUG] [TIME] 2923 info: 0.14s
2026-07-05 01:43:45,915 [DEBUG] yfinance OK: 2923
2026-07-05 01:43:46,086 [DEBUG] [TIME] 2923 income_stmt: 0.17s
2026-07-05 01:43:46,396 [DEBUG] [TIME] 2923 balance_sheet: 0.31s
2026-07-05 01:43:46,587 [DEBUG] [TIME] 2923 cashflow: 0.19s
2026-07-05 01:43:46,863 [DEBUG] [TIME] 2923 dividends: 0.28s
2026-07-05 01:43:46,864 [INFO] [DETAIL] 2923 サトウ食品: income_stmt=OK, balance_sheet=OK, cashflow=OK, dividends=OK
2026-07-05 01:43:46,864 [INFO] [TIME] 2923 サトウ食品 処理時間: 1.09s
2026-07-05 01:43:48,729 [DEBUG] [TIME] 2924 info: 0.15s
2026-07-05 01:43:48,729 [DEBUG] yfinance OK: 2924
2026-07-05 01:43:48,912 [DEBUG] [TIME] 2924 income_stmt: 0.18s
2026-07-05 01:43:49,160 [DEBUG] [TIME] 2924 balance_sheet: 0.25s
2026-07-05 01:43:49,373 [DEBUG] [TIME] 2924 cashflow: 0.21s
2026-07-05 01:43:49,599 [DEBUG] [TIME] 2924 dividends: 0.23s
2026-07-05 01:43:49,600 [INFO] [DETAIL] 2924 イフジ産業: income_stmt=OK, balance_sheet=OK, cashflow=OK, dividends=OK
2026-07-05 01:43:49,600 [INFO] [TIME] 2924 イフジ産業 処理時間: 1.03s
2026-07-05 01:43:51,023 [DEBUG] [TIME] 2926 info: 0.15s
2026-07-05 01:43:51,023 [DEBUG] yfinance OK: 2926
2026-07-05 01:43:51,243 [DEBUG] [TIME] 2926 income_stmt: 0.22s
2026-07-05 01:43:51,502 [DEBUG] [TIME] 2926 balance_sheet: 0.26s
2026-07-05 01:43:51,687 [DEBUG] [TIME] 2926 cashflow: 0.18s
2026-07-05 01:43:51,902 [DEBUG] [TIME] 2926 dividends: 0.21s
2026-07-05 01:43:51,903 [INFO] [DETAIL] 2926 篠崎屋: income_stmt=OK, balance_sheet=OK, cashflow=OK, dividends=OK
2026-07-05 01:43:51,903 [INFO] [TIME] 2926 篠崎屋 処理時間: 1.03s
2026-07-05 01:43:53,878 [DEBUG] [TIME] 2927 info: 0.19s
2026-07-05 01:43:53,878 [DEBUG] yfinance OK: 2927
2026-07-05 01:43:54,124 [DEBUG] [TIME] 2927 income_stmt: 0.25s
2026-07-05 01:43:54,359 [DEBUG] [TIME] 2927 balance_sheet: 0.23s
2026-07-05 01:43:54,541 [DEBUG] [TIME] 2927 cashflow: 0.18s
2026-07-05 01:43:54,764 [DEBUG] [TIME] 2927 dividends: 0.22s
2026-07-05 01:43:54,765 [INFO] [DETAIL] 2927 ＡＦＣ－ＨＤアムスライフサイエンス: income_stmt=OK, balance_sheet=OK, cashflow=OK, dividends=OK
2026-07-05 01:43:54,765 [INFO] [TIME] 2927 ＡＦＣ－ＨＤアムスライフサイエンス 処理時間: 1.07s
2026-07-05 01:43:56,815 [DEBUG] [TIME] 2929 info: 0.14s
2026-07-05 01:43:56,815 [DEBUG] yfinance OK: 2929
2026-07-05 01:43:57,014 [DEBUG] [TIME] 2929 income_stmt: 0.20s
2026-07-05 01:43:57,203 [DEBUG] [TIME] 2929 balance_sheet: 0.19s
2026-07-05 01:43:57,407 [DEBUG] [TIME] 2929 cashflow: 0.20s
2026-07-05 01:43:57,605 [DEBUG] [TIME] 2929 dividends: 0.20s
2026-07-05 01:43:57,606 [INFO] [DETAIL] 2929 ファーマフーズ: income_stmt=OK, balance_sheet=OK, cashflow=OK, dividends=OK
2026-07-05 01:43:57,607 [INFO] [TIME] 2929 ファーマフーズ 処理時間: 0.93s
2026-07-05 01:43:59,612 [DEBUG] [TIME] 2930 info: 0.21s
2026-07-05 01:43:59,612 [DEBUG] yfinance OK: 2930
2026-07-05 01:43:59,804 [DEBUG] [TIME] 2930 income_stmt: 0.19s
2026-07-05 01:44:00,024 [DEBUG] [TIME] 2930 balance_sheet: 0.22s
2026-07-05 01:44:00,254 [DEBUG] [TIME] 2930 cashflow: 0.23s
2026-07-05 01:44:00,454 [DEBUG] [TIME] 2930 dividends: 0.20s
2026-07-05 01:44:00,455 [INFO] [DETAIL] 2930 北の達人コーポレーション: income_stmt=OK, balance_sheet=OK, cashflow=OK, dividends=OK
2026-07-05 01:44:00,455 [INFO] [TIME] 2930 北の達人コーポレーション 処理時間: 1.06s
2026-07-05 01:44:02,144 [DEBUG] [TIME] 2931 info: 0.15s
2026-07-05 01:44:02,144 [DEBUG] yfinance OK: 2931
2026-07-05 01:44:02,346 [DEBUG] [TIME] 2931 income_stmt: 0.20s
2026-07-05 01:44:02,648 [DEBUG] [TIME] 2931 balance_sheet: 0.30s
2026-07-05 01:44:02,847 [DEBUG] [TIME] 2931 cashflow: 0.20s
2026-07-05 01:44:03,036 [DEBUG] [TIME] 2931 dividends: 0.19s
2026-07-05 01:44:03,037 [INFO] [DETAIL] 2931 ユーグレナ: income_stmt=OK, balance_sheet=OK, cashflow=OK, dividends=OK
2026-07-05 01:44:03,037 [INFO] [TIME] 2931 ユーグレナ 処理時間: 1.04s
2026-07-05 01:44:05,118 [DEBUG] [TIME] 2932 info: 0.15s
2026-07-05 01:44:05,118 [DEBUG] yfinance OK: 2932
2026-07-05 01:44:05,313 [DEBUG] [TIME] 2932 income_stmt: 0.20s
2026-07-05 01:44:05,573 [DEBUG] [TIME] 2932 balance_sheet: 0.26s
2026-07-05 01:44:05,761 [DEBUG] [TIME] 2932 cashflow: 0.19s
2026-07-05 01:44:05,894 [DEBUG] [TIME] 2932 dividends: 0.13s
2026-07-05 01:44:05,895 [INFO] [DETAIL] 2932 ＳＴＩフードホールディングス: income_stmt=OK, balance_sheet=OK, cashflow=OK, dividends=OK
2026-07-05 01:44:05,895 [INFO] [TIME] 2932 ＳＴＩフードホールディングス 処理時間: 0.93s
2026-07-05 01:44:20,361 [DEBUG] [TIME] 2933 info: 12.74s
2026-07-05 01:44:20,361 [DEBUG] yfinance OK: 2933
2026-07-05 01:44:20,544 [DEBUG] [TIME] 2933 income_stmt: 0.18s
2026-07-05 01:44:20,782 [DEBUG] [TIME] 2933 balance_sheet: 0.24s
2026-07-05 01:44:20,951 [DEBUG] [TIME] 2933 cashflow: 0.17s
2026-07-05 01:44:21,083 [DEBUG] [TIME] 2933 dividends: 0.13s
2026-07-05 01:44:21,084 [INFO] [DETAIL] 2933 紀文食品: income_stmt=OK, balance_sheet=OK, cashflow=OK, dividends=OK
2026-07-05 01:44:21,084 [INFO] [TIME] 2933 紀文食品 処理時間: 13.46s
2026-07-05 01:44:23,084 [DEBUG] [TIME] 2934 info: 0.15s
2026-07-05 01:44:23,084 [DEBUG] yfinance OK: 2934
2026-07-05 01:44:23,288 [DEBUG] [TIME] 2934 income_stmt: 0.20s
2026-07-05 01:44:23,493 [DEBUG] [TIME] 2934 balance_sheet: 0.20s
2026-07-05 01:44:23,699 [DEBUG] [TIME] 2934 cashflow: 0.20s
2026-07-05 01:44:23,871 [DEBUG] [TIME] 2934 dividends: 0.17s
2026-07-05 01:44:23,871 [INFO] [DETAIL] 2934 ジェイフロンティア: income_stmt=OK, balance_sheet=OK, cashflow=OK, dividends=EMPTY
2026-07-05 01:44:23,871 [INFO] [TIME] 2934 ジェイフロンティア 処理時間: 0.94s
2026-07-05 01:44:25,873 [DEBUG] [TIME] 2935 info: 0.18s
2026-07-05 01:44:25,873 [DEBUG] yfinance OK: 2935
2026-07-05 01:44:26,063 [DEBUG] [TIME] 2935 income_stmt: 0.19s
2026-07-05 01:44:26,270 [DEBUG] [TIME] 2935 balance_sheet: 0.21s
2026-07-05 01:44:26,483 [DEBUG] [TIME] 2935 cashflow: 0.21s
2026-07-05 01:44:26,620 [DEBUG] [TIME] 2935 dividends: 0.14s
2026-07-05 01:44:26,621 [INFO] [DETAIL] 2935 ピックルスホールディングス: income_stmt=OK, balance_sheet=OK, cashflow=OK, dividends=OK
2026-07-05 01:44:26,622 [INFO] [TIME] 2935 ピックルスホールディングス 処理時間: 0.93s
2026-07-05 01:44:28,349 [DEBUG] [TIME] 2936 info: 0.14s
2026-07-05 01:44:28,349 [DEBUG] yfinance OK: 2936
2026-07-05 01:44:28,521 [DEBUG] [TIME] 2936 income_stmt: 0.17s
2026-07-05 01:44:28,776 [DEBUG] [TIME] 2936 balance_sheet: 0.25s
2026-07-05 01:44:28,997 [DEBUG] [TIME] 2936 cashflow: 0.22s
2026-07-05 01:44:29,083 [DEBUG] [TIME] 2936 dividends: 0.09s
2026-07-05 01:44:29,084 [INFO] [DETAIL] 2936 ベースフード: income_stmt=OK, balance_sheet=OK, cashflow=OK, dividends=EMPTY
2026-07-05 01:44:29,084 [INFO] [TIME] 2936 ベースフード 処理時間: 0.88s
2026-07-05 01:44:31,063 [DEBUG] [TIME] 2937 info: 0.15s
2026-07-05 01:44:31,063 [DEBUG] yfinance OK: 2937
2026-07-05 01:44:31,261 [DEBUG] [TIME] 2937 income_stmt: 0.20s
2026-07-05 01:44:31,564 [DEBUG] [TIME] 2937 balance_sheet: 0.30s
2026-07-05 01:44:31,812 [DEBUG] [TIME] 2937 cashflow: 0.25s
2026-07-05 01:44:31,928 [DEBUG] [TIME] 2937 dividends: 0.12s
2026-07-05 01:44:31,929 [INFO] [DETAIL] 2937 サンクゼール: income_stmt=OK, balance_sheet=OK, cashflow=OK, dividends=OK
2026-07-05 01:44:31,929 [INFO] [TIME] 2937 サンクゼール 処理時間: 1.02s
2026-07-05 01:44:33,811 [DEBUG] [TIME] 2938 info: 0.16s
2026-07-05 01:44:33,812 [DEBUG] yfinance OK: 2938
2026-07-05 01:44:33,990 [DEBUG] [TIME] 2938 income_stmt: 0.18s
2026-07-05 01:44:34,267 [DEBUG] [TIME] 2938 balance_sheet: 0.28s
2026-07-05 01:44:34,498 [DEBUG] [TIME] 2938 cashflow: 0.23s
2026-07-05 01:44:34,639 [DEBUG] [TIME] 2938 dividends: 0.14s
2026-07-05 01:44:34,640 [INFO] [DETAIL] 2938 オカムラ食品工業: income_stmt=OK, balance_sheet=OK, cashflow=OK, dividends=OK
2026-07-05 01:44:34,640 [INFO] [TIME] 2938 オカムラ食品工業 処理時間: 0.99s
2026-07-05 01:44:36,324 [DEBUG] [TIME] 2961 info: 0.20s
2026-07-05 01:44:36,324 [DEBUG] yfinance OK: 2961
2026-07-05 01:44:36,510 [DEBUG] [TIME] 2961 income_stmt: 0.19s
2026-07-05 01:44:36,759 [DEBUG] [TIME] 2961 balance_sheet: 0.25s
2026-07-05 01:44:36,961 [DEBUG] [TIME] 2961 cashflow: 0.20s
2026-07-05 01:44:37,081 [DEBUG] [TIME] 2961 dividends: 0.12s
2026-07-05 01:44:37,082 [INFO] [DETAIL] 2961 日本調理機: income_stmt=OK, balance_sheet=OK, cashflow=OK, dividends=OK
2026-07-05 01:44:37,082 [INFO] [TIME] 2961 日本調理機 処理時間: 0.95s
2026-07-05 01:44:39,086 [DEBUG] [TIME] 2962 info: 0.17s
2026-07-05 01:44:39,086 [DEBUG] yfinance OK: 2962
2026-07-05 01:44:39,249 [DEBUG] [TIME] 2962 income_stmt: 0.16s
2026-07-05 01:44:39,437 [DEBUG] [TIME] 2962 balance_sheet: 0.19s
2026-07-05 01:44:39,605 [DEBUG] [TIME] 2962 cashflow: 0.17s
2026-07-05 01:44:39,711 [DEBUG] [TIME] 2962 dividends: 0.11s
2026-07-05 01:44:39,711 [INFO] [DETAIL] 2962 テクニスコ: income_stmt=OK, balance_sheet=OK, cashflow=OK, dividends=EMPTY
2026-07-05 01:44:39,711 [INFO] [TIME] 2962 テクニスコ 処理時間: 0.80s
2026-07-05 01:44:41,672 [DEBUG] [TIME] 296A info: 0.19s
2026-07-05 01:44:41,672 [DEBUG] yfinance OK: 296A
2026-07-05 01:44:41,855 [DEBUG] [TIME] 296A income_stmt: 0.18s
2026-07-05 01:44:42,073 [DEBUG] [TIME] 296A balance_sheet: 0.22s
2026-07-05 01:44:42,282 [DEBUG] [TIME] 296A cashflow: 0.21s
2026-07-05 01:44:42,366 [DEBUG] [TIME] 296A dividends: 0.08s
2026-07-05 01:44:42,366 [INFO] [DETAIL] 296A 令和アカウンティング・ホールディングス: income_stmt=OK, balance_sheet=OK, cashflow=OK, dividends=OK
2026-07-05 01:44:42,367 [INFO] [TIME] 296A 令和アカウンティング・ホールディングス 処理時間: 0.89s
2026-07-05 01:44:44,395 [DEBUG] [TIME] 2970 info: 0.14s
2026-07-05 01:44:44,396 [DEBUG] yfinance OK: 2970
2026-07-05 01:44:44,594 [DEBUG] [TIME] 2970 income_stmt: 0.20s
2026-07-05 01:44:44,870 [DEBUG] [TIME] 2970 balance_sheet: 0.28s
2026-07-05 01:44:45,105 [DEBUG] [TIME] 2970 cashflow: 0.23s
2026-07-05 01:44:45,237 [DEBUG] [TIME] 2970 dividends: 0.13s
2026-07-05 01:44:45,237 [INFO] [DETAIL] 2970 ＧＬＣ　ＧＲＯＵＰ: income_stmt=OK, balance_sheet=OK, cashflow=OK, dividends=EMPTY
2026-07-05 01:44:45,237 [INFO] [TIME] 2970 ＧＬＣ　ＧＲＯＵＰ 処理時間: 0.98s
2026-07-05 01:44:46,773 [DEBUG] [TIME] 2975 info: 0.15s
2026-07-05 01:44:46,774 [DEBUG] yfinance OK: 2975
2026-07-05 01:44:46,967 [DEBUG] [TIME] 2975 income_stmt: 0.19s
2026-07-05 01:44:47,205 [DEBUG] [TIME] 2975 balance_sheet: 0.24s
2026-07-05 01:44:47,441 [DEBUG] [TIME] 2975 cashflow: 0.23s
2026-07-05 01:44:47,565 [DEBUG] [TIME] 2975 dividends: 0.12s
2026-07-05 01:44:47,566 [INFO] [DETAIL] 2975 スター・マイカ・ホールディングス: income_stmt=OK, balance_sheet=OK, cashflow=OK, dividends=OK
2026-07-05 01:44:47,566 [INFO] [TIME] 2975 スター・マイカ・ホールディングス 処理時間: 0.94s
2026-07-05 01:44:48,850 [DEBUG] [TIME] 2978 info: 0.14s
2026-07-05 01:44:48,850 [DEBUG] yfinance OK: 2978
2026-07-05 01:44:49,049 [DEBUG] [TIME] 2978 income_stmt: 0.20s
2026-07-05 01:44:49,265 [DEBUG] [TIME] 2978 balance_sheet: 0.22s
2026-07-05 01:44:49,497 [DEBUG] [TIME] 2978 cashflow: 0.23s
2026-07-05 01:44:49,597 [DEBUG] [TIME] 2978 dividends: 0.10s
2026-07-05 01:44:49,597 [INFO] [DETAIL] 2978 ツクルバ: income_stmt=OK, balance_sheet=OK, cashflow=OK, dividends=EMPTY
2026-07-05 01:44:49,597 [INFO] [TIME] 2978 ツクルバ 処理時間: 0.89s
2026-07-05 01:44:51,333 [DEBUG] [TIME] 297A info: 0.14s
2026-07-05 01:44:51,333 [DEBUG] yfinance OK: 297A
2026-07-05 01:44:51,519 [DEBUG] [TIME] 297A income_stmt: 0.19s
2026-07-05 01:44:51,784 [DEBUG] [TIME] 297A balance_sheet: 0.26s
2026-07-05 01:44:51,995 [DEBUG] [TIME] 297A cashflow: 0.21s
2026-07-05 01:44:52,092 [DEBUG] [TIME] 297A dividends: 0.10s
2026-07-05 01:44:52,093 [INFO] [DETAIL] 297A アルピコホールディングス: income_stmt=OK, balance_sheet=OK, cashflow=OK, dividends=OK
2026-07-05 01:44:52,093 [INFO] [TIME] 297A アルピコホールディングス 処理時間: 0.90s
2026-07-05 01:44:53,788 [DEBUG] [TIME] 2980 info: 0.15s
2026-07-05 01:44:53,788 [DEBUG] yfinance OK: 2980
2026-07-05 01:44:53,987 [DEBUG] [TIME] 2980 income_stmt: 0.20s
2026-07-05 01:44:54,216 [DEBUG] [TIME] 2980 balance_sheet: 0.23s
2026-07-05 01:44:54,415 [DEBUG] [TIME] 2980 cashflow: 0.20s
2026-07-05 01:44:54,533 [DEBUG] [TIME] 2980 dividends: 0.12s
2026-07-05 01:44:54,534 [INFO] [DETAIL] 2980 ＳＲＥホールディングス: income_stmt=OK, balance_sheet=OK, cashflow=OK, dividends=OK
2026-07-05 01:44:54,534 [INFO] [TIME] 2980 ＳＲＥホールディングス 処理時間: 0.89s
2026-07-05 01:44:55,876 [DEBUG] [TIME] 2981 info: 0.15s
2026-07-05 01:44:55,876 [DEBUG] yfinance OK: 2981
2026-07-05 01:44:56,057 [DEBUG] [TIME] 2981 income_stmt: 0.18s
2026-07-05 01:44:56,303 [DEBUG] [TIME] 2981 balance_sheet: 0.25s
2026-07-05 01:44:56,496 [DEBUG] [TIME] 2981 cashflow: 0.19s
2026-07-05 01:44:56,633 [DEBUG] [TIME] 2981 dividends: 0.14s
2026-07-05 01:44:56,634 [INFO] [DETAIL] 2981 ランディックス: income_stmt=OK, balance_sheet=OK, cashflow=OK, dividends=OK
2026-07-05 01:44:56,634 [INFO] [TIME] 2981 ランディックス 処理時間: 0.91s
2026-07-05 01:44:58,910 [DEBUG] [TIME] 2982 info: 0.28s
2026-07-05 01:44:58,910 [DEBUG] yfinance OK: 2982
2026-07-05 01:44:59,116 [DEBUG] [TIME] 2982 income_stmt: 0.21s
2026-07-05 01:44:59,353 [DEBUG] [TIME] 2982 balance_sheet: 0.24s
2026-07-05 01:44:59,547 [DEBUG] [TIME] 2982 cashflow: 0.19s
2026-07-05 01:44:59,670 [DEBUG] [TIME] 2982 dividends: 0.12s
2026-07-05 01:44:59,671 [INFO] [DETAIL] 2982 ＡＤワークスグループ: income_stmt=OK, balance_sheet=OK, cashflow=OK, dividends=OK
2026-07-05 01:44:59,671 [INFO] [TIME] 2982 ＡＤワークスグループ 処理時間: 1.04s
2026-07-05 01:45:00,831 [DEBUG] [TIME] 2983 info: 0.14s
2026-07-05 01:45:00,831 [DEBUG] yfinance OK: 2983
2026-07-05 01:45:01,007 [DEBUG] [TIME] 2983 income_stmt: 0.18s
2026-07-05 01:45:01,218 [DEBUG] [TIME] 2983 balance_sheet: 0.21s
2026-07-05 01:45:01,411 [DEBUG] [TIME] 2983 cashflow: 0.19s
2026-07-05 01:45:01,586 [DEBUG] [TIME] 2983 dividends: 0.17s
2026-07-05 01:45:01,587 [INFO] [DETAIL] 2983 アールプランナー: income_stmt=OK, balance_sheet=OK, cashflow=OK, dividends=OK
2026-07-05 01:45:01,587 [INFO] [TIME] 2983 アールプランナー 処理時間: 0.90s
2026-07-05 01:45:02,914 [DEBUG] [TIME] 2984 info: 0.18s
2026-07-05 01:45:02,914 [DEBUG] yfinance OK: 2984
2026-07-05 01:45:03,102 [DEBUG] [TIME] 2984 income_stmt: 0.19s
2026-07-05 01:45:03,343 [DEBUG] [TIME] 2984 balance_sheet: 0.24s
2026-07-05 01:45:03,644 [DEBUG] [TIME] 2984 cashflow: 0.30s
2026-07-05 01:45:03,767 [DEBUG] [TIME] 2984 dividends: 0.12s
2026-07-05 01:45:03,768 [INFO] [DETAIL] 2984 ヤマイチエステート: income_stmt=OK, balance_sheet=OK, cashflow=OK, dividends=OK
2026-07-05 01:45:03,768 [INFO] [TIME] 2984 ヤマイチエステート 処理時間: 1.03s
2026-07-05 01:45:05,621 [DEBUG] [TIME] 2986 info: 0.15s
2026-07-05 01:45:05,621 [DEBUG] yfinance OK: 2986
2026-07-05 01:45:05,821 [DEBUG] [TIME] 2986 income_stmt: 0.20s
2026-07-05 01:45:06,030 [DEBUG] [TIME] 2986 balance_sheet: 0.21s
2026-07-05 01:45:06,286 [DEBUG] [TIME] 2986 cashflow: 0.25s
2026-07-05 01:45:06,444 [DEBUG] [TIME] 2986 dividends: 0.16s
2026-07-05 01:45:06,445 [INFO] [DETAIL] 2986 ＬＡホールディングス: income_stmt=OK, balance_sheet=OK, cashflow=OK, dividends=OK
2026-07-05 01:45:06,445 [INFO] [TIME] 2986 ＬＡホールディングス 処理時間: 0.97s
2026-07-05 01:45:07,800 [DEBUG] [TIME] 298A info: 0.14s
2026-07-05 01:45:07,800 [DEBUG] yfinance OK: 298A
2026-07-05 01:45:08,034 [DEBUG] [TIME] 298A income_stmt: 0.23s
2026-07-05 01:45:08,261 [DEBUG] [TIME] 298A balance_sheet: 0.23s
2026-07-05 01:45:08,470 [DEBUG] [TIME] 298A cashflow: 0.21s
2026-07-05 01:45:08,544 [DEBUG] [TIME] 298A dividends: 0.07s
2026-07-05 01:45:08,544 [INFO] [DETAIL] 298A ＧＶＡ　ＴＥＣＨ: income_stmt=OK, balance_sheet=OK, cashflow=OK, dividends=EMPTY
2026-07-05 01:45:08,544 [INFO] [TIME] 298A ＧＶＡ　ＴＥＣＨ 処理時間: 0.89s
2026-07-05 01:45:10,502 [DEBUG] [TIME] 2991 info: 0.16s
2026-07-05 01:45:10,502 [DEBUG] yfinance OK: 2991
2026-07-05 01:45:10,671 [DEBUG] [TIME] 2991 income_stmt: 0.17s
2026-07-05 01:45:10,871 [DEBUG] [TIME] 2991 balance_sheet: 0.20s
2026-07-05 01:45:11,063 [DEBUG] [TIME] 2991 cashflow: 0.19s
2026-07-05 01:45:11,166 [DEBUG] [TIME] 2991 dividends: 0.10s
2026-07-05 01:45:11,167 [INFO] [DETAIL] 2991 ランドネット: income_stmt=OK, balance_sheet=OK, cashflow=OK, dividends=OK
2026-07-05 01:45:11,167 [INFO] [TIME] 2991 ランドネット 処理時間: 0.83s
2026-07-05 01:45:12,753 [DEBUG] [TIME] 2993 info: 0.14s
2026-07-05 01:45:12,753 [DEBUG] yfinance OK: 2993
2026-07-05 01:45:12,949 [DEBUG] [TIME] 2993 income_stmt: 0.20s
2026-07-05 01:45:13,220 [DEBUG] [TIME] 2993 balance_sheet: 0.27s
2026-07-05 01:45:13,457 [DEBUG] [TIME] 2993 cashflow: 0.24s
2026-07-05 01:45:13,591 [DEBUG] [TIME] 2993 dividends: 0.13s
2026-07-05 01:45:13,592 [INFO] [DETAIL] 2993 長栄: income_stmt=OK, balance_sheet=OK, cashflow=OK, dividends=OK
2026-07-05 01:45:13,592 [INFO] [TIME] 2993 長栄 処理時間: 0.98s
2026-07-05 01:45:15,426 [DEBUG] [TIME] 2997 info: 0.18s
2026-07-05 01:45:15,426 [DEBUG] yfinance OK: 2997
2026-07-05 01:45:15,634 [DEBUG] [TIME] 2997 income_stmt: 0.21s
2026-07-05 01:45:15,902 [DEBUG] [TIME] 2997 balance_sheet: 0.27s
2026-07-05 01:45:16,117 [DEBUG] [TIME] 2997 cashflow: 0.21s
2026-07-05 01:45:16,228 [DEBUG] [TIME] 2997 dividends: 0.11s
2026-07-05 01:45:16,228 [INFO] [DETAIL] 2997 ストレージ王: income_stmt=OK, balance_sheet=OK, cashflow=OK, dividends=EMPTY
2026-07-05 01:45:16,228 [INFO] [TIME] 2997 ストレージ王 処理時間: 0.98s
2026-07-05 01:45:17,648 [DEBUG] [TIME] 2998 info: 0.19s
2026-07-05 01:45:17,648 [DEBUG] yfinance OK: 2998
2026-07-05 01:45:17,840 [DEBUG] [TIME] 2998 income_stmt: 0.19s
2026-07-05 01:45:18,052 [DEBUG] [TIME] 2998 balance_sheet: 0.21s
2026-07-05 01:45:18,269 [DEBUG] [TIME] 2998 cashflow: 0.22s
2026-07-05 01:45:18,400 [DEBUG] [TIME] 2998 dividends: 0.13s
2026-07-05 01:45:18,401 [INFO] [DETAIL] 2998 クリアル: income_stmt=OK, balance_sheet=OK, cashflow=OK, dividends=OK
2026-07-05 01:45:18,401 [INFO] [TIME] 2998 クリアル 処理時間: 0.94s
2026-07-05 01:45:20,012 [DEBUG] [TIME] 2999 info: 0.14s
2026-07-05 01:45:20,012 [DEBUG] yfinance OK: 2999
2026-07-05 01:45:20,209 [DEBUG] [TIME] 2999 income_stmt: 0.20s
2026-07-05 01:45:20,416 [DEBUG] [TIME] 2999 balance_sheet: 0.21s
2026-07-05 01:45:20,660 [DEBUG] [TIME] 2999 cashflow: 0.24s
2026-07-05 01:45:20,819 [DEBUG] [TIME] 2999 dividends: 0.16s
2026-07-05 01:45:20,820 [INFO] [DETAIL] 2999 ホームポジション: income_stmt=OK, balance_sheet=OK, cashflow=OK, dividends=OK
2026-07-05 01:45:20,820 [INFO] [TIME] 2999 ホームポジション 処理時間: 0.95s
2026-07-05 01:45:22,645 [DEBUG] [TIME] 299A info: 0.19s
2026-07-05 01:45:22,645 [DEBUG] yfinance OK: 299A
2026-07-05 01:45:22,853 [DEBUG] [TIME] 299A income_stmt: 0.21s
2026-07-05 01:45:23,055 [DEBUG] [TIME] 299A balance_sheet: 0.20s
2026-07-05 01:45:23,213 [DEBUG] [TIME] 299A cashflow: 0.16s
2026-07-05 01:45:23,301 [DEBUG] [TIME] 299A dividends: 0.09s
2026-07-05 01:45:23,301 [INFO] [DETAIL] 299A クラシル: income_stmt=OK, balance_sheet=OK, cashflow=OK, dividends=EMPTY
2026-07-05 01:45:23,301 [INFO] [TIME] 299A クラシル 処理時間: 0.84s
2026-07-05 01:45:25,364 [DEBUG] [TIME] 3001 info: 0.17s
2026-07-05 01:45:25,364 [DEBUG] yfinance OK: 3001
2026-07-05 01:45:25,582 [DEBUG] [TIME] 3001 income_stmt: 0.22s
2026-07-05 01:45:25,843 [DEBUG] [TIME] 3001 balance_sheet: 0.26s
2026-07-05 01:45:26,031 [DEBUG] [TIME] 3001 cashflow: 0.19s
2026-07-05 01:45:26,291 [DEBUG] [TIME] 3001 dividends: 0.26s
2026-07-05 01:45:26,292 [INFO] [DETAIL] 3001 片倉工業: income_stmt=OK, balance_sheet=OK, cashflow=OK, dividends=OK
2026-07-05 01:45:26,292 [INFO] [TIME] 3001 片倉工業 処理時間: 1.10s
2026-07-05 01:45:28,264 [DEBUG] [TIME] 3002 info: 0.15s
2026-07-05 01:45:28,264 [DEBUG] yfinance OK: 3002
2026-07-05 01:45:28,444 [DEBUG] [TIME] 3002 income_stmt: 0.18s
2026-07-05 01:45:28,672 [DEBUG] [TIME] 3002 balance_sheet: 0.23s
2026-07-05 01:45:28,855 [DEBUG] [TIME] 3002 cashflow: 0.18s
2026-07-05 01:45:29,133 [DEBUG] [TIME] 3002 dividends: 0.28s
2026-07-05 01:45:29,134 [INFO] [DETAIL] 3002 グンゼ: income_stmt=OK, balance_sheet=OK, cashflow=OK, dividends=OK
2026-07-05 01:45:29,134 [INFO] [TIME] 3002 グンゼ 処理時間: 1.02s
2026-07-05 01:45:30,364 [DEBUG] [TIME] 3003 info: 0.14s
2026-07-05 01:45:30,365 [DEBUG] yfinance OK: 3003
2026-07-05 01:45:30,547 [DEBUG] [TIME] 3003 income_stmt: 0.18s
2026-07-05 01:45:30,785 [DEBUG] [TIME] 3003 balance_sheet: 0.24s
2026-07-05 01:45:30,993 [DEBUG] [TIME] 3003 cashflow: 0.21s
2026-07-05 01:45:31,368 [DEBUG] [TIME] 3003 dividends: 0.37s
2026-07-05 01:45:31,369 [INFO] [DETAIL] 3003 ヒューリック: income_stmt=OK, balance_sheet=OK, cashflow=OK, dividends=OK
2026-07-05 01:45:31,369 [INFO] [TIME] 3003 ヒューリック 処理時間: 1.14s
2026-07-05 01:45:33,467 [DEBUG] [TIME] 3004 info: 0.16s
2026-07-05 01:45:33,467 [DEBUG] yfinance OK: 3004
2026-07-05 01:45:33,689 [DEBUG] [TIME] 3004 income_stmt: 0.22s
2026-07-05 01:45:33,930 [DEBUG] [TIME] 3004 balance_sheet: 0.24s
2026-07-05 01:45:34,160 [DEBUG] [TIME] 3004 cashflow: 0.23s
2026-07-05 01:45:34,459 [DEBUG] [TIME] 3004 dividends: 0.30s
2026-07-05 01:45:34,460 [INFO] [DETAIL] 3004 神栄: income_stmt=OK, balance_sheet=OK, cashflow=OK, dividends=OK
2026-07-05 01:45:34,460 [INFO] [TIME] 3004 神栄 処理時間: 1.15s
2026-07-05 01:45:36,038 [DEBUG] [TIME] 300A info: 0.14s
2026-07-05 01:45:36,038 [DEBUG] yfinance OK: 300A
2026-07-05 01:45:36,254 [DEBUG] [TIME] 300A income_stmt: 0.22s
2026-07-05 01:45:36,460 [DEBUG] [TIME] 300A balance_sheet: 0.21s
2026-07-05 01:45:36,633 [DEBUG] [TIME] 300A cashflow: 0.17s
2026-07-05 01:45:36,719 [DEBUG] [TIME] 300A dividends: 0.09s
2026-07-05 01:45:36,720 [INFO] [DETAIL] 300A ＭＩＣ: income_stmt=OK, balance_sheet=OK, cashflow=OK, dividends=OK
2026-07-05 01:45:36,720 [INFO] [TIME] 300A ＭＩＣ 処理時間: 0.83s
2026-07-05 01:45:38,123 [DEBUG] [TIME] 3010 info: 0.17s
2026-07-05 01:45:38,123 [DEBUG] yfinance OK: 3010
2026-07-05 01:45:38,360 [DEBUG] [TIME] 3010 income_stmt: 0.24s
2026-07-05 01:45:38,603 [DEBUG] [TIME] 3010 balance_sheet: 0.24s
2026-07-05 01:45:38,814 [DEBUG] [TIME] 3010 cashflow: 0.21s
2026-07-05 01:45:39,070 [DEBUG] [TIME] 3010 dividends: 0.25s
2026-07-05 01:45:39,071 [INFO] [DETAIL] 3010 ポラリス・ホールディングス: income_stmt=OK, balance_sheet=OK, cashflow=OK, dividends=OK
2026-07-05 01:45:39,071 [INFO] [TIME] 3010 ポラリス・ホールディングス 処理時間: 1.12s
2026-07-05 01:45:40,562 [DEBUG] [TIME] 3011 info: 0.15s
2026-07-05 01:45:40,562 [DEBUG] yfinance OK: 3011
2026-07-05 01:45:40,738 [DEBUG] [TIME] 3011 income_stmt: 0.18s
2026-07-05 01:45:40,977 [DEBUG] [TIME] 3011 balance_sheet: 0.24s
2026-07-05 01:45:41,180 [DEBUG] [TIME] 3011 cashflow: 0.20s
2026-07-05 01:45:41,440 [DEBUG] [TIME] 3011 dividends: 0.26s
2026-07-05 01:45:41,441 [INFO] [DETAIL] 3011 バナーズ: income_stmt=OK, balance_sheet=OK, cashflow=OK, dividends=OK
2026-07-05 01:45:41,441 [INFO] [TIME] 3011 バナーズ 処理時間: 1.03s
2026-07-05 01:45:42,885 [DEBUG] [TIME] 3020 info: 0.15s
2026-07-05 01:45:42,885 [DEBUG] yfinance OK: 3020
2026-07-05 01:45:43,093 [DEBUG] [TIME] 3020 income_stmt: 0.21s
2026-07-05 01:45:43,339 [DEBUG] [TIME] 3020 balance_sheet: 0.24s
2026-07-05 01:45:43,558 [DEBUG] [TIME] 3020 cashflow: 0.22s
2026-07-05 01:45:43,933 [DEBUG] [TIME] 3020 dividends: 0.37s
2026-07-05 01:45:43,935 [INFO] [DETAIL] 3020 アプライド: income_stmt=OK, balance_sheet=OK, cashflow=OK, dividends=OK
2026-07-05 01:45:43,935 [INFO] [TIME] 3020 アプライド 処理時間: 1.20s
2026-07-05 01:45:46,015 [DEBUG] [TIME] 3021 info: 0.15s
2026-07-05 01:45:46,016 [DEBUG] yfinance OK: 3021
2026-07-05 01:45:46,240 [DEBUG] [TIME] 3021 income_stmt: 0.22s
2026-07-05 01:45:46,463 [DEBUG] [TIME] 3021 balance_sheet: 0.22s
2026-07-05 01:45:46,652 [DEBUG] [TIME] 3021 cashflow: 0.19s
2026-07-05 01:45:46,902 [DEBUG] [TIME] 3021 dividends: 0.25s
2026-07-05 01:45:46,903 [INFO] [DETAIL] 3021 パシフィックネット: income_stmt=OK, balance_sheet=OK, cashflow=OK, dividends=OK
2026-07-05 01:45:46,903 [INFO] [TIME] 3021 パシフィックネット 処理時間: 1.04s
2026-07-05 01:45:48,471 [DEBUG] [TIME] 3023 info: 0.14s
2026-07-05 01:45:48,471 [DEBUG] yfinance OK: 3023
2026-07-05 01:45:48,690 [DEBUG] [TIME] 3023 income_stmt: 0.22s
2026-07-05 01:45:48,930 [DEBUG] [TIME] 3023 balance_sheet: 0.24s
2026-07-05 01:45:49,127 [DEBUG] [TIME] 3023 cashflow: 0.20s
2026-07-05 01:45:49,397 [DEBUG] [TIME] 3023 dividends: 0.27s
2026-07-05 01:45:49,398 [INFO] [DETAIL] 3023 ラサ商事: income_stmt=OK, balance_sheet=OK, cashflow=OK, dividends=OK
2026-07-05 01:45:49,398 [INFO] [TIME] 3023 ラサ商事 処理時間: 1.07s
2026-07-05 01:45:51,075 [DEBUG] [TIME] 3024 info: 0.14s
2026-07-05 01:45:51,075 [DEBUG] yfinance OK: 3024
2026-07-05 01:45:51,280 [DEBUG] [TIME] 3024 income_stmt: 0.20s
2026-07-05 01:45:51,551 [DEBUG] [TIME] 3024 balance_sheet: 0.27s
2026-07-05 01:45:51,767 [DEBUG] [TIME] 3024 cashflow: 0.22s
2026-07-05 01:45:51,978 [DEBUG] [TIME] 3024 dividends: 0.21s
2026-07-05 01:45:51,979 [INFO] [DETAIL] 3024 クリエイト: income_stmt=OK, balance_sheet=OK, cashflow=OK, dividends=OK
2026-07-05 01:45:51,979 [INFO] [TIME] 3024 クリエイト 処理時間: 1.05s
2026-07-05 01:45:53,482 [DEBUG] [TIME] 3028 info: 0.27s
2026-07-05 01:45:53,482 [DEBUG] yfinance OK: 3028
2026-07-05 01:45:53,684 [DEBUG] [TIME] 3028 income_stmt: 0.20s
2026-07-05 01:45:53,918 [DEBUG] [TIME] 3028 balance_sheet: 0.23s
2026-07-05 01:45:54,096 [DEBUG] [TIME] 3028 cashflow: 0.18s
2026-07-05 01:45:54,312 [DEBUG] [TIME] 3028 dividends: 0.22s
2026-07-05 01:45:54,313 [INFO] [DETAIL] 3028 アルペン: income_stmt=OK, balance_sheet=OK, cashflow=OK, dividends=OK
2026-07-05 01:45:54,314 [INFO] [TIME] 3028 アルペン 処理時間: 1.10s
2026-07-05 01:45:56,444 [DEBUG] [TIME] 302A info: 0.23s
2026-07-05 01:45:56,444 [DEBUG] yfinance OK: 302A
2026-07-05 01:45:57,485 [DEBUG] [TIME] 302A income_stmt: 1.04s
2026-07-05 01:45:57,751 [DEBUG] [TIME] 302A balance_sheet: 0.27s
2026-07-05 01:45:57,917 [DEBUG] [TIME] 302A cashflow: 0.16s
2026-07-05 01:45:58,008 [DEBUG] [TIME] 302A dividends: 0.09s
2026-07-05 01:45:58,008 [INFO] [DETAIL] 302A ビースタイルホールディングス: income_stmt=OK, balance_sheet=OK, cashflow=OK, dividends=EMPTY
2026-07-05 01:45:58,008 [INFO] [TIME] 302A ビースタイルホールディングス 処理時間: 1.79s
2026-07-05 01:45:59,711 [DEBUG] [TIME] 3030 info: 0.16s
2026-07-05 01:45:59,711 [DEBUG] yfinance OK: 3030
2026-07-05 01:45:59,924 [DEBUG] [TIME] 3030 income_stmt: 0.21s
2026-07-05 01:46:00,199 [DEBUG] [TIME] 3030 balance_sheet: 0.27s
2026-07-05 01:46:00,446 [DEBUG] [TIME] 3030 cashflow: 0.25s
2026-07-05 01:46:00,700 [DEBUG] [TIME] 3030 dividends: 0.25s
2026-07-05 01:46:00,701 [INFO] [DETAIL] 3030 ハブ: income_stmt=OK, balance_sheet=OK, cashflow=OK, dividends=OK
2026-07-05 01:46:00,701 [INFO] [TIME] 3030 ハブ 処理時間: 1.15s
2026-07-05 01:46:02,434 [DEBUG] [TIME] 3031 info: 0.14s
2026-07-05 01:46:02,434 [DEBUG] yfinance OK: 3031
2026-07-05 01:46:02,602 [DEBUG] [TIME] 3031 income_stmt: 0.17s
2026-07-05 01:46:02,876 [DEBUG] [TIME] 3031 balance_sheet: 0.27s
2026-07-05 01:46:03,114 [DEBUG] [TIME] 3031 cashflow: 0.24s
2026-07-05 01:46:03,354 [DEBUG] [TIME] 3031 dividends: 0.24s
2026-07-05 01:46:03,355 [INFO] [DETAIL] 3031 ラクーンホールディングス: income_stmt=OK, balance_sheet=OK, cashflow=OK, dividends=OK
2026-07-05 01:46:03,355 [INFO] [TIME] 3031 ラクーンホールディングス 処理時間: 1.06s
2026-07-05 01:46:05,037 [DEBUG] [TIME] 3034 info: 0.14s
2026-07-05 01:46:05,037 [DEBUG] yfinance OK: 3034
2026-07-05 01:46:07,420 [DEBUG] [TIME] 3034 income_stmt: 2.38s
2026-07-05 01:46:07,675 [DEBUG] [TIME] 3034 balance_sheet: 0.25s
2026-07-05 01:46:07,932 [DEBUG] [TIME] 3034 cashflow: 0.26s
2026-07-05 01:46:08,196 [DEBUG] [TIME] 3034 dividends: 0.26s
2026-07-05 01:46:08,197 [INFO] [DETAIL] 3034 クオールホールディングス: income_stmt=OK, balance_sheet=OK, cashflow=OK, dividends=OK
2026-07-05 01:46:08,197 [INFO] [TIME] 3034 クオールホールディングス 処理時間: 3.30s
2026-07-05 01:46:09,504 [DEBUG] [TIME] 3035 info: 0.21s
2026-07-05 01:46:09,505 [DEBUG] yfinance OK: 3035
2026-07-05 01:46:09,674 [DEBUG] [TIME] 3035 income_stmt: 0.17s
2026-07-05 01:46:09,915 [DEBUG] [TIME] 3035 balance_sheet: 0.24s
2026-07-05 01:46:10,123 [DEBUG] [TIME] 3035 cashflow: 0.21s
2026-07-05 01:46:10,411 [DEBUG] [TIME] 3035 dividends: 0.29s
2026-07-05 01:46:10,412 [INFO] [DETAIL] 3035 ケイティケイ: income_stmt=OK, balance_sheet=OK, cashflow=OK, dividends=OK
2026-07-05 01:46:10,412 [INFO] [TIME] 3035 ケイティケイ 処理時間: 1.11s
2026-07-05 01:46:12,293 [DEBUG] [TIME] 3036 info: 0.17s
2026-07-05 01:46:12,293 [DEBUG] yfinance OK: 3036
2026-07-05 01:46:12,477 [DEBUG] [TIME] 3036 income_stmt: 0.18s
2026-07-05 01:46:12,666 [DEBUG] [TIME] 3036 balance_sheet: 0.19s
2026-07-05 01:46:12,867 [DEBUG] [TIME] 3036 cashflow: 0.20s
2026-07-05 01:46:13,128 [DEBUG] [TIME] 3036 dividends: 0.26s
2026-07-05 01:46:13,129 [INFO] [DETAIL] 3036 アルコニックス: income_stmt=OK, balance_sheet=OK, cashflow=OK, dividends=OK
2026-07-05 01:46:13,129 [INFO] [TIME] 3036 アルコニックス 処理時間: 1.01s
2026-07-05 01:46:15,241 [DEBUG] [TIME] 3038 info: 0.15s
2026-07-05 01:46:15,241 [DEBUG] yfinance OK: 3038
2026-07-05 01:46:15,426 [DEBUG] [TIME] 3038 income_stmt: 0.19s
2026-07-05 01:46:15,707 [DEBUG] [TIME] 3038 balance_sheet: 0.28s
2026-07-05 01:46:15,936 [DEBUG] [TIME] 3038 cashflow: 0.23s
2026-07-05 01:46:16,183 [DEBUG] [TIME] 3038 dividends: 0.25s
2026-07-05 01:46:16,184 [INFO] [DETAIL] 3038 神戸物産: income_stmt=OK, balance_sheet=OK, cashflow=OK, dividends=OK
2026-07-05 01:46:16,184 [INFO] [TIME] 3038 神戸物産 処理時間: 1.10s
2026-07-05 01:46:18,117 [DEBUG] [TIME] 303A info: 0.15s
2026-07-05 01:46:18,117 [DEBUG] yfinance OK: 303A
2026-07-05 01:46:18,283 [DEBUG] [TIME] 303A income_stmt: 0.17s
2026-07-05 01:46:18,506 [DEBUG] [TIME] 303A balance_sheet: 0.22s
2026-07-05 01:46:18,694 [DEBUG] [TIME] 303A cashflow: 0.19s
2026-07-05 01:46:18,796 [DEBUG] [TIME] 303A dividends: 0.10s
2026-07-05 01:46:18,796 [INFO] [DETAIL] 303A ｖｉｓｕｍｏ: income_stmt=OK, balance_sheet=OK, cashflow=OK, dividends=EMPTY
2026-07-05 01:46:18,796 [INFO] [TIME] 303A ｖｉｓｕｍｏ 処理時間: 0.83s
2026-07-05 01:46:20,706 [DEBUG] [TIME] 3040 info: 0.24s
2026-07-05 01:46:20,706 [DEBUG] yfinance OK: 3040
2026-07-05 01:46:20,881 [DEBUG] [TIME] 3040 income_stmt: 0.17s
2026-07-05 01:46:21,090 [DEBUG] [TIME] 3040 balance_sheet: 0.21s
2026-07-05 01:46:21,319 [DEBUG] [TIME] 3040 cashflow: 0.23s
2026-07-05 01:46:21,556 [DEBUG] [TIME] 3040 dividends: 0.24s
2026-07-05 01:46:21,557 [INFO] [DETAIL] 3040 ソリトンシステムズ: income_stmt=OK, balance_sheet=OK, cashflow=OK, dividends=OK
2026-07-05 01:46:21,557 [INFO] [TIME] 3040 ソリトンシステムズ 処理時間: 1.09s
2026-07-05 01:46:22,942 [DEBUG] [TIME] 3041 info: 0.16s
2026-07-05 01:46:22,942 [DEBUG] yfinance OK: 3041
2026-07-05 01:46:23,134 [DEBUG] [TIME] 3041 income_stmt: 0.19s
2026-07-05 01:46:23,353 [DEBUG] [TIME] 3041 balance_sheet: 0.22s
2026-07-05 01:46:23,537 [DEBUG] [TIME] 3041 cashflow: 0.18s
2026-07-05 01:46:23,763 [DEBUG] [TIME] 3041 dividends: 0.23s
2026-07-05 01:46:23,764 [INFO] [DETAIL] 3041 ビューティカダンホールディングス: income_stmt=OK, balance_sheet=OK, cashflow=OK, dividends=OK
2026-07-05 01:46:23,764 [INFO] [TIME] 3041 ビューティカダンホールディングス 処理時間: 0.98s
2026-07-05 01:46:25,596 [DEBUG] [TIME] 3042 info: 0.14s
2026-07-05 01:46:25,597 [DEBUG] yfinance OK: 3042
2026-07-05 01:46:25,783 [DEBUG] [TIME] 3042 income_stmt: 0.19s
2026-07-05 01:46:25,990 [DEBUG] [TIME] 3042 balance_sheet: 0.21s
2026-07-05 01:46:26,172 [DEBUG] [TIME] 3042 cashflow: 0.18s
2026-07-05 01:46:26,371 [DEBUG] [TIME] 3042 dividends: 0.20s
2026-07-05 01:46:26,372 [INFO] [DETAIL] 3042 セキュアヴェイル: income_stmt=OK, balance_sheet=OK, cashflow=OK, dividends=OK
2026-07-05 01:46:26,372 [INFO] [TIME] 3042 セキュアヴェイル 処理時間: 0.92s
2026-07-05 01:46:27,797 [DEBUG] [TIME] 3045 info: 0.18s
2026-07-05 01:46:27,797 [DEBUG] yfinance OK: 3045
2026-07-05 01:46:28,025 [DEBUG] [TIME] 3045 income_stmt: 0.23s
2026-07-05 01:46:28,331 [DEBUG] [TIME] 3045 balance_sheet: 0.31s
2026-07-05 01:46:28,588 [DEBUG] [TIME] 3045 cashflow: 0.26s
2026-07-05 01:46:28,837 [DEBUG] [TIME] 3045 dividends: 0.25s
2026-07-05 01:46:28,838 [INFO] [DETAIL] 3045 カワサキ: income_stmt=OK, balance_sheet=OK, cashflow=OK, dividends=OK
2026-07-05 01:46:28,838 [INFO] [TIME] 3045 カワサキ 処理時間: 1.22s
2026-07-05 01:46:30,959 [DEBUG] [TIME] 3046 info: 0.15s
2026-07-05 01:46:30,959 [DEBUG] yfinance OK: 3046
2026-07-05 01:46:31,153 [DEBUG] [TIME] 3046 income_stmt: 0.19s
2026-07-05 01:46:31,393 [DEBUG] [TIME] 3046 balance_sheet: 0.24s
2026-07-05 01:46:31,654 [DEBUG] [TIME] 3046 cashflow: 0.26s
2026-07-05 01:46:31,856 [DEBUG] [TIME] 3046 dividends: 0.20s
2026-07-05 01:46:31,857 [INFO] [DETAIL] 3046 ジンズホールディングス: income_stmt=OK, balance_sheet=OK, cashflow=OK, dividends=OK
2026-07-05 01:46:31,857 [INFO] [TIME] 3046 ジンズホールディングス 処理時間: 1.05s
2026-07-05 01:46:33,783 [DEBUG] [TIME] 3048 info: 0.18s
2026-07-05 01:46:33,783 [DEBUG] yfinance OK: 3048
2026-07-05 01:46:33,970 [DEBUG] [TIME] 3048 income_stmt: 0.19s
2026-07-05 01:46:34,205 [DEBUG] [TIME] 3048 balance_sheet: 0.23s
2026-07-05 01:46:34,455 [DEBUG] [TIME] 3048 cashflow: 0.25s
2026-07-05 01:46:34,787 [DEBUG] [TIME] 3048 dividends: 0.33s
2026-07-05 01:46:34,788 [INFO] [DETAIL] 3048 ビックカメラ: income_stmt=OK, balance_sheet=OK, cashflow=OK, dividends=OK
2026-07-05 01:46:34,788 [INFO] [TIME] 3048 ビックカメラ 処理時間: 1.18s
2026-07-05 01:46:36,200 [DEBUG] [TIME] 304A info: 0.21s
2026-07-05 01:46:36,201 [DEBUG] yfinance OK: 304A
2026-07-05 01:46:36,377 [DEBUG] [TIME] 304A income_stmt: 0.18s
2026-07-05 01:46:36,589 [DEBUG] [TIME] 304A balance_sheet: 0.21s
2026-07-05 01:46:36,826 [DEBUG] [TIME] 304A cashflow: 0.24s
2026-07-05 01:46:36,918 [DEBUG] [TIME] 304A dividends: 0.09s
2026-07-05 01:46:36,918 [INFO] [DETAIL] 304A フォルシア: income_stmt=OK, balance_sheet=OK, cashflow=OK, dividends=EMPTY
2026-07-05 01:46:36,918 [INFO] [TIME] 304A フォルシア 処理時間: 0.92s
2026-07-05 01:46:38,733 [DEBUG] [TIME] 3050 info: 0.15s
2026-07-05 01:46:38,734 [DEBUG] yfinance OK: 3050
2026-07-05 01:46:38,912 [DEBUG] [TIME] 3050 income_stmt: 0.18s
2026-07-05 01:46:39,142 [DEBUG] [TIME] 3050 balance_sheet: 0.23s
2026-07-05 01:46:39,402 [DEBUG] [TIME] 3050 cashflow: 0.26s
2026-07-05 01:46:39,686 [DEBUG] [TIME] 3050 dividends: 0.28s
2026-07-05 01:46:39,687 [INFO] [DETAIL] 3050 ＤＣＭホールディングス: income_stmt=OK, balance_sheet=OK, cashflow=OK, dividends=OK
2026-07-05 01:46:39,687 [INFO] [TIME] 3050 ＤＣＭホールディングス 処理時間: 1.10s
2026-07-05 01:46:41,394 [DEBUG] [TIME] 3053 info: 0.23s
2026-07-05 01:46:41,394 [DEBUG] yfinance OK: 3053
2026-07-05 01:46:41,610 [DEBUG] [TIME] 3053 income_stmt: 0.22s
2026-07-05 01:46:41,844 [DEBUG] [TIME] 3053 balance_sheet: 0.23s
2026-07-05 01:46:42,036 [DEBUG] [TIME] 3053 cashflow: 0.19s
2026-07-05 01:46:42,273 [DEBUG] [TIME] 3053 dividends: 0.24s
2026-07-05 01:46:42,273 [INFO] [DETAIL] 3053 ペッパーフードサービス: income_stmt=OK, balance_sheet=OK, cashflow=OK, dividends=OK
2026-07-05 01:46:42,274 [INFO] [TIME] 3053 ペッパーフードサービス 処理時間: 1.11s
2026-07-05 01:46:43,833 [DEBUG] [TIME] 3054 info: 0.18s
2026-07-05 01:46:43,834 [DEBUG] yfinance OK: 3054
2026-07-05 01:46:44,057 [DEBUG] [TIME] 3054 income_stmt: 0.22s
2026-07-05 01:46:44,280 [DEBUG] [TIME] 3054 balance_sheet: 0.22s
2026-07-05 01:46:44,511 [DEBUG] [TIME] 3054 cashflow: 0.23s
2026-07-05 01:46:44,742 [DEBUG] [TIME] 3054 dividends: 0.23s
2026-07-05 01:46:44,743 [INFO] [DETAIL] 3054 ハイパー: income_stmt=OK, balance_sheet=OK, cashflow=OK, dividends=OK
2026-07-05 01:46:44,743 [INFO] [TIME] 3054 ハイパー 処理時間: 1.09s
2026-07-05 01:46:46,034 [DEBUG] [TIME] 3058 info: 0.15s
2026-07-05 01:46:46,034 [DEBUG] yfinance OK: 3058
2026-07-05 01:46:46,227 [DEBUG] [TIME] 3058 income_stmt: 0.19s
2026-07-05 01:46:46,504 [DEBUG] [TIME] 3058 balance_sheet: 0.28s
2026-07-05 01:46:46,706 [DEBUG] [TIME] 3058 cashflow: 0.20s
2026-07-05 01:46:46,906 [DEBUG] [TIME] 3058 dividends: 0.20s
2026-07-05 01:46:46,907 [INFO] [DETAIL] 3058 三洋堂ホールディングス: income_stmt=OK, balance_sheet=OK, cashflow=OK, dividends=OK
2026-07-05 01:46:46,907 [INFO] [TIME] 3058 三洋堂ホールディングス 処理時間: 1.02s
2026-07-05 01:46:48,924 [DEBUG] [TIME] 3059 info: 0.14s
2026-07-05 01:46:48,924 [DEBUG] yfinance OK: 3059
2026-07-05 01:46:49,094 [DEBUG] [TIME] 3059 income_stmt: 0.17s
2026-07-05 01:46:49,279 [DEBUG] [TIME] 3059 balance_sheet: 0.18s
2026-07-05 01:46:49,475 [DEBUG] [TIME] 3059 cashflow: 0.20s
2026-07-05 01:46:49,720 [DEBUG] [TIME] 3059 dividends: 0.24s
2026-07-05 01:46:49,721 [INFO] [DETAIL] 3059 ヒラキ: income_stmt=OK, balance_sheet=OK, cashflow=OK, dividends=OK
2026-07-05 01:46:49,721 [INFO] [TIME] 3059 ヒラキ 処理時間: 0.94s
2026-07-05 01:46:51,828 [DEBUG] [TIME] 3063 info: 0.15s
2026-07-05 01:46:51,828 [DEBUG] yfinance OK: 3063
2026-07-05 01:46:52,015 [DEBUG] [TIME] 3063 income_stmt: 0.19s
2026-07-05 01:46:52,242 [DEBUG] [TIME] 3063 balance_sheet: 0.23s
2026-07-05 01:46:52,467 [DEBUG] [TIME] 3063 cashflow: 0.22s
2026-07-05 01:46:52,696 [DEBUG] [TIME] 3063 dividends: 0.23s
2026-07-05 01:46:52,697 [INFO] [DETAIL] 3063 ジェイグループホールディングス: income_stmt=OK, balance_sheet=OK, cashflow=OK, dividends=OK
2026-07-05 01:46:52,697 [INFO] [TIME] 3063 ジェイグループホールディングス 処理時間: 1.02s
2026-07-05 01:46:54,585 [DEBUG] [TIME] 3064 info: 0.14s
2026-07-05 01:46:54,585 [DEBUG] yfinance OK: 3064
2026-07-05 01:46:54,767 [DEBUG] [TIME] 3064 income_stmt: 0.18s
2026-07-05 01:46:55,002 [DEBUG] [TIME] 3064 balance_sheet: 0.23s
2026-07-05 01:46:55,188 [DEBUG] [TIME] 3064 cashflow: 0.19s
2026-07-05 01:46:55,435 [DEBUG] [TIME] 3064 dividends: 0.25s
2026-07-05 01:46:55,436 [INFO] [DETAIL] 3064 ＭｏｎｏｔａＲＯ: income_stmt=OK, balance_sheet=OK, cashflow=OK, dividends=OK
2026-07-05 01:46:55,436 [INFO] [TIME] 3064 ＭｏｎｏｔａＲＯ 処理時間: 0.99s
2026-07-05 01:46:56,715 [DEBUG] [TIME] 3065 info: 0.15s
2026-07-05 01:46:56,715 [DEBUG] yfinance OK: 3065
2026-07-05 01:46:56,902 [DEBUG] [TIME] 3065 income_stmt: 0.19s
2026-07-05 01:46:57,128 [DEBUG] [TIME] 3065 balance_sheet: 0.23s
2026-07-05 01:46:57,356 [DEBUG] [TIME] 3065 cashflow: 0.23s
2026-07-05 01:46:57,611 [DEBUG] [TIME] 3065 dividends: 0.25s
2026-07-05 01:46:57,611 [INFO] [DETAIL] 3065 ライフフーズ: income_stmt=OK, balance_sheet=OK, cashflow=OK, dividends=OK
2026-07-05 01:46:57,612 [INFO] [TIME] 3065 ライフフーズ 処理時間: 1.05s
2026-07-05 01:46:59,329 [DEBUG] [TIME] 3067 info: 0.15s
2026-07-05 01:46:59,329 [DEBUG] yfinance OK: 3067
2026-07-05 01:46:59,541 [DEBUG] [TIME] 3067 income_stmt: 0.21s
2026-07-05 01:46:59,777 [DEBUG] [TIME] 3067 balance_sheet: 0.24s
2026-07-05 01:46:59,995 [DEBUG] [TIME] 3067 cashflow: 0.22s
2026-07-05 01:47:00,172 [DEBUG] [TIME] 3067 dividends: 0.18s
2026-07-05 01:47:00,173 [INFO] [DETAIL] 3067 東京一番フーズ: income_stmt=OK, balance_sheet=OK, cashflow=OK, dividends=OK
2026-07-05 01:47:00,173 [INFO] [TIME] 3067 東京一番フーズ 処理時間: 0.99s
2026-07-05 01:47:02,255 [DEBUG] [TIME] 3068 info: 0.14s
2026-07-05 01:47:02,255 [DEBUG] yfinance OK: 3068
2026-07-05 01:47:02,462 [DEBUG] [TIME] 3068 income_stmt: 0.21s
2026-07-05 01:47:02,703 [DEBUG] [TIME] 3068 balance_sheet: 0.24s
2026-07-05 01:47:02,880 [DEBUG] [TIME] 3068 cashflow: 0.18s
2026-07-05 01:47:03,101 [DEBUG] [TIME] 3068 dividends: 0.22s
2026-07-05 01:47:03,102 [INFO] [DETAIL] 3068 ＷＤＩ: income_stmt=OK, balance_sheet=OK, cashflow=OK, dividends=OK
2026-07-05 01:47:03,102 [INFO] [TIME] 3068 ＷＤＩ 処理時間: 0.99s
2026-07-05 01:47:04,677 [DEBUG] [TIME] 3069 info: 0.14s
2026-07-05 01:47:04,677 [DEBUG] yfinance OK: 3069
2026-07-05 01:47:04,853 [DEBUG] [TIME] 3069 income_stmt: 0.18s
2026-07-05 01:47:05,103 [DEBUG] [TIME] 3069 balance_sheet: 0.25s
2026-07-05 01:47:05,295 [DEBUG] [TIME] 3069 cashflow: 0.19s
2026-07-05 01:47:05,500 [DEBUG] [TIME] 3069 dividends: 0.20s
2026-07-05 01:47:05,501 [INFO] [DETAIL] 3069 ＪＦＬＡホールディングス: income_stmt=OK, balance_sheet=OK, cashflow=OK, dividends=OK
2026-07-05 01:47:05,501 [INFO] [TIME] 3069 ＪＦＬＡホールディングス 処理時間: 0.97s
2026-07-05 01:47:07,357 [DEBUG] [TIME] 3070 info: 0.18s
2026-07-05 01:47:07,357 [DEBUG] yfinance OK: 3070
2026-07-05 01:47:07,541 [DEBUG] [TIME] 3070 income_stmt: 0.18s
2026-07-05 01:47:07,755 [DEBUG] [TIME] 3070 balance_sheet: 0.21s
2026-07-05 01:47:07,969 [DEBUG] [TIME] 3070 cashflow: 0.21s
2026-07-05 01:47:08,220 [DEBUG] [TIME] 3070 dividends: 0.25s
2026-07-05 01:47:08,221 [INFO] [DETAIL] 3070 ジェリービーンズグループ: income_stmt=OK, balance_sheet=OK, cashflow=OK, dividends=OK
2026-07-05 01:47:08,221 [INFO] [TIME] 3070 ジェリービーンズグループ 処理時間: 1.05s
2026-07-05 01:47:09,781 [DEBUG] [TIME] 3071 info: 0.15s
2026-07-05 01:47:09,781 [DEBUG] yfinance OK: 3071
2026-07-05 01:47:09,979 [DEBUG] [TIME] 3071 income_stmt: 0.20s
2026-07-05 01:47:10,226 [DEBUG] [TIME] 3071 balance_sheet: 0.25s
2026-07-05 01:47:10,427 [DEBUG] [TIME] 3071 cashflow: 0.20s
2026-07-05 01:47:10,636 [DEBUG] [TIME] 3071 dividends: 0.21s
2026-07-05 01:47:10,637 [INFO] [DETAIL] 3071 ストリーム: income_stmt=OK, balance_sheet=OK, cashflow=OK, dividends=OK
2026-07-05 01:47:10,637 [INFO] [TIME] 3071 ストリーム 処理時間: 1.01s
2026-07-05 01:47:12,684 [DEBUG] [TIME] 3075 info: 0.17s
2026-07-05 01:47:12,684 [DEBUG] yfinance OK: 3075
2026-07-05 01:47:12,868 [DEBUG] [TIME] 3075 income_stmt: 0.18s
2026-07-05 01:47:13,110 [DEBUG] [TIME] 3075 balance_sheet: 0.24s
2026-07-05 01:47:13,362 [DEBUG] [TIME] 3075 cashflow: 0.25s
2026-07-05 01:47:13,603 [DEBUG] [TIME] 3075 dividends: 0.24s
2026-07-05 01:47:13,604 [INFO] [DETAIL] 3075 銚子丸: income_stmt=OK, balance_sheet=OK, cashflow=OK, dividends=OK
2026-07-05 01:47:13,604 [INFO] [TIME] 3075 銚子丸 処理時間: 1.09s
2026-07-05 01:47:15,582 [DEBUG] [TIME] 3076 info: 0.16s
2026-07-05 01:47:15,582 [DEBUG] yfinance OK: 3076
2026-07-05 01:47:15,779 [DEBUG] [TIME] 3076 income_stmt: 0.20s
2026-07-05 01:47:16,007 [DEBUG] [TIME] 3076 balance_sheet: 0.23s
2026-07-05 01:47:16,188 [DEBUG] [TIME] 3076 cashflow: 0.18s
2026-07-05 01:47:16,487 [DEBUG] [TIME] 3076 dividends: 0.30s
2026-07-05 01:47:16,488 [INFO] [DETAIL] 3076 あい　ホールディングス: income_stmt=OK, balance_sheet=OK, cashflow=OK, dividends=OK
2026-07-05 01:47:16,488 [INFO] [TIME] 3076 あい　ホールディングス 処理時間: 1.06s
2026-07-05 01:47:18,267 [DEBUG] [TIME] 3077 info: 0.14s
2026-07-05 01:47:18,267 [DEBUG] yfinance OK: 3077
2026-07-05 01:47:18,458 [DEBUG] [TIME] 3077 income_stmt: 0.19s
2026-07-05 01:47:18,720 [DEBUG] [TIME] 3077 balance_sheet: 0.26s
2026-07-05 01:47:18,920 [DEBUG] [TIME] 3077 cashflow: 0.20s
2026-07-05 01:47:19,137 [DEBUG] [TIME] 3077 dividends: 0.22s
2026-07-05 01:47:19,138 [INFO] [DETAIL] 3077 ホリイフードサービス: income_stmt=OK, balance_sheet=OK, cashflow=OK, dividends=OK
2026-07-05 01:47:19,138 [INFO] [TIME] 3077 ホリイフードサービス 処理時間: 1.01s
2026-07-05 01:47:20,514 [DEBUG] [TIME] 3079 info: 0.14s
2026-07-05 01:47:20,514 [DEBUG] yfinance OK: 3079
2026-07-05 01:47:20,712 [DEBUG] [TIME] 3079 income_stmt: 0.20s
2026-07-05 01:47:20,960 [DEBUG] [TIME] 3079 balance_sheet: 0.25s
2026-07-05 01:47:21,147 [DEBUG] [TIME] 3079 cashflow: 0.19s
2026-07-05 01:47:21,452 [DEBUG] [TIME] 3079 dividends: 0.30s
2026-07-05 01:47:21,453 [INFO] [DETAIL] 3079 ディーブイエックス: income_stmt=OK, balance_sheet=OK, cashflow=OK, dividends=OK
2026-07-05 01:47:21,453 [INFO] [TIME] 3079 ディーブイエックス 処理時間: 1.08s
2026-07-05 01:47:23,549 [DEBUG] [TIME] 3080 info: 0.14s
2026-07-05 01:47:23,549 [DEBUG] yfinance OK: 3080
2026-07-05 01:47:23,742 [DEBUG] [TIME] 3080 income_stmt: 0.19s
2026-07-05 01:47:23,997 [DEBUG] [TIME] 3080 balance_sheet: 0.25s
2026-07-05 01:47:24,226 [DEBUG] [TIME] 3080 cashflow: 0.23s
2026-07-05 01:47:24,450 [DEBUG] [TIME] 3080 dividends: 0.22s
2026-07-05 01:47:24,451 [INFO] [DETAIL] 3080 ジェーソン: income_stmt=OK, balance_sheet=OK, cashflow=OK, dividends=OK
2026-07-05 01:47:24,451 [INFO] [TIME] 3080 ジェーソン 処理時間: 1.05s
2026-07-05 01:47:25,710 [DEBUG] [TIME] 3082 info: 0.19s
2026-07-05 01:47:25,711 [DEBUG] yfinance OK: 3082
2026-07-05 01:47:25,884 [DEBUG] [TIME] 3082 income_stmt: 0.17s
2026-07-05 01:47:26,087 [DEBUG] [TIME] 3082 balance_sheet: 0.20s
2026-07-05 01:47:26,255 [DEBUG] [TIME] 3082 cashflow: 0.17s
2026-07-05 01:47:26,498 [DEBUG] [TIME] 3082 dividends: 0.24s
2026-07-05 01:47:26,499 [INFO] [DETAIL] 3082 きちりホールディングス: income_stmt=OK, balance_sheet=OK, cashflow=OK, dividends=OK
2026-07-05 01:47:26,499 [INFO] [TIME] 3082 きちりホールディングス 処理時間: 0.98s
2026-07-05 01:47:28,589 [DEBUG] [TIME] 3083 info: 0.14s
2026-07-05 01:47:28,589 [DEBUG] yfinance OK: 3083
2026-07-05 01:47:28,783 [DEBUG] [TIME] 3083 income_stmt: 0.19s
2026-07-05 01:47:29,005 [DEBUG] [TIME] 3083 balance_sheet: 0.22s
2026-07-05 01:47:29,194 [DEBUG] [TIME] 3083 cashflow: 0.19s
2026-07-05 01:47:29,383 [DEBUG] [TIME] 3083 dividends: 0.19s
2026-07-05 01:47:29,384 [INFO] [DETAIL] 3083 スターシーズ: income_stmt=OK, balance_sheet=OK, cashflow=OK, dividends=OK
2026-07-05 01:47:29,384 [INFO] [TIME] 3083 スターシーズ 処理時間: 0.94s
2026-07-05 01:47:30,610 [DEBUG] [TIME] 3086 info: 0.15s
2026-07-05 01:47:30,610 [DEBUG] yfinance OK: 3086
2026-07-05 01:47:30,789 [DEBUG] [TIME] 3086 income_stmt: 0.18s
2026-07-05 01:47:31,019 [DEBUG] [TIME] 3086 balance_sheet: 0.23s
2026-07-05 01:47:31,220 [DEBUG] [TIME] 3086 cashflow: 0.20s
2026-07-05 01:47:31,494 [DEBUG] [TIME] 3086 dividends: 0.27s
2026-07-05 01:47:31,495 [INFO] [DETAIL] 3086 Ｊ．フロント　リテイリング: income_stmt=OK, balance_sheet=OK, cashflow=OK, dividends=OK
2026-07-05 01:47:31,495 [INFO] [TIME] 3086 Ｊ．フロント　リテイリング 処理時間: 1.03s
2026-07-05 01:47:33,222 [DEBUG] [TIME] 3087 info: 0.15s
2026-07-05 01:47:33,222 [DEBUG] yfinance OK: 3087
2026-07-05 01:47:33,420 [DEBUG] [TIME] 3087 income_stmt: 0.20s
2026-07-05 01:47:33,684 [DEBUG] [TIME] 3087 balance_sheet: 0.26s
2026-07-05 01:47:33,872 [DEBUG] [TIME] 3087 cashflow: 0.19s
2026-07-05 01:47:34,096 [DEBUG] [TIME] 3087 dividends: 0.22s
2026-07-05 01:47:34,097 [INFO] [DETAIL] 3087 ドトール・日レスホールディングス: income_stmt=OK, balance_sheet=OK, cashflow=OK, dividends=OK
2026-07-05 01:47:34,097 [INFO] [TIME] 3087 ドトール・日レスホールディングス 処理時間: 1.02s
2026-07-05 01:47:35,691 [DEBUG] [TIME] 3088 info: 0.14s
2026-07-05 01:47:35,691 [DEBUG] yfinance OK: 3088
2026-07-05 01:47:35,887 [DEBUG] [TIME] 3088 income_stmt: 0.20s
2026-07-05 01:47:36,107 [DEBUG] [TIME] 3088 balance_sheet: 0.22s
2026-07-05 01:47:36,319 [DEBUG] [TIME] 3088 cashflow: 0.21s
2026-07-05 01:47:36,573 [DEBUG] [TIME] 3088 dividends: 0.25s
2026-07-05 01:47:36,574 [INFO] [DETAIL] 3088 マツキヨココカラ＆カンパニー: income_stmt=OK, balance_sheet=OK, cashflow=OK, dividends=OK
2026-07-05 01:47:36,574 [INFO] [TIME] 3088 マツキヨココカラ＆カンパニー 処理時間: 1.02s
2026-07-05 01:47:38,451 [DEBUG] [TIME] 3089 info: 0.14s
2026-07-05 01:47:38,451 [DEBUG] yfinance OK: 3089
2026-07-05 01:47:38,624 [DEBUG] [TIME] 3089 income_stmt: 0.17s
2026-07-05 01:47:38,873 [DEBUG] [TIME] 3089 balance_sheet: 0.25s
2026-07-05 01:47:39,053 [DEBUG] [TIME] 3089 cashflow: 0.18s
2026-07-05 01:47:39,254 [DEBUG] [TIME] 3089 dividends: 0.20s
2026-07-05 01:47:39,255 [INFO] [DETAIL] 3089 テクノアルファ: income_stmt=OK, balance_sheet=OK, cashflow=OK, dividends=OK
2026-07-05 01:47:39,255 [INFO] [TIME] 3089 テクノアルファ 処理時間: 0.95s
2026-07-05 01:47:41,230 [DEBUG] [TIME] 3091 info: 0.15s
2026-07-05 01:47:41,230 [DEBUG] yfinance OK: 3091
2026-07-05 01:47:41,411 [DEBUG] [TIME] 3091 income_stmt: 0.18s
2026-07-05 01:47:41,683 [DEBUG] [TIME] 3091 balance_sheet: 0.27s
2026-07-05 01:47:41,907 [DEBUG] [TIME] 3091 cashflow: 0.22s
2026-07-05 01:47:42,111 [DEBUG] [TIME] 3091 dividends: 0.20s
2026-07-05 01:47:42,112 [INFO] [DETAIL] 3091 ブロンコビリー: income_stmt=OK, balance_sheet=OK, cashflow=OK, dividends=OK
2026-07-05 01:47:42,113 [INFO] [TIME] 3091 ブロンコビリー 処理時間: 1.03s
2026-07-05 01:47:44,172 [DEBUG] [TIME] 3092 info: 0.24s
2026-07-05 01:47:44,172 [DEBUG] yfinance OK: 3092
2026-07-05 01:47:44,396 [DEBUG] [TIME] 3092 income_stmt: 0.22s
2026-07-05 01:47:44,687 [DEBUG] [TIME] 3092 balance_sheet: 0.29s
2026-07-05 01:47:44,872 [DEBUG] [TIME] 3092 cashflow: 0.18s
2026-07-05 01:47:45,112 [DEBUG] [TIME] 3092 dividends: 0.24s
2026-07-05 01:47:45,114 [INFO] [DETAIL] 3092 ＺＯＺＯ: income_stmt=OK, balance_sheet=OK, cashflow=OK, dividends=OK
2026-07-05 01:47:45,114 [INFO] [TIME] 3092 ＺＯＺＯ 処理時間: 1.18s
2026-07-05 01:47:46,402 [DEBUG] [TIME] 3093 info: 0.15s
2026-07-05 01:47:46,402 [DEBUG] yfinance OK: 3093
2026-07-05 01:47:46,589 [DEBUG] [TIME] 3093 income_stmt: 0.19s
2026-07-05 01:47:46,802 [DEBUG] [TIME] 3093 balance_sheet: 0.21s
2026-07-05 01:47:47,027 [DEBUG] [TIME] 3093 cashflow: 0.22s
2026-07-05 01:47:47,316 [DEBUG] [TIME] 3093 dividends: 0.29s
2026-07-05 01:47:47,317 [INFO] [DETAIL] 3093 トレジャー・ファクトリー: income_stmt=OK, balance_sheet=OK, cashflow=OK, dividends=OK
2026-07-05 01:47:47,317 [INFO] [TIME] 3093 トレジャー・ファクトリー 処理時間: 1.07s
2026-07-05 01:47:48,787 [DEBUG] [TIME] 3096 info: 0.18s
2026-07-05 01:47:48,787 [DEBUG] yfinance OK: 3096
2026-07-05 01:47:49,000 [DEBUG] [TIME] 3096 income_stmt: 0.21s
2026-07-05 01:47:49,226 [DEBUG] [TIME] 3096 balance_sheet: 0.23s
2026-07-05 01:47:49,438 [DEBUG] [TIME] 3096 cashflow: 0.21s
2026-07-05 01:47:49,660 [DEBUG] [TIME] 3096 dividends: 0.22s
2026-07-05 01:47:49,661 [INFO] [DETAIL] 3096 オーシャンシステム: income_stmt=OK, balance_sheet=OK, cashflow=OK, dividends=OK
2026-07-05 01:47:49,661 [INFO] [TIME] 3096 オーシャンシステム 処理時間: 1.05s
2026-07-05 01:47:50,864 [DEBUG] [TIME] 3097 info: 0.14s
2026-07-05 01:47:50,865 [DEBUG] yfinance OK: 3097
2026-07-05 01:47:51,068 [DEBUG] [TIME] 3097 income_stmt: 0.20s
2026-07-05 01:47:51,288 [DEBUG] [TIME] 3097 balance_sheet: 0.22s
2026-07-05 01:47:51,462 [DEBUG] [TIME] 3097 cashflow: 0.17s
2026-07-05 01:47:51,725 [DEBUG] [TIME] 3097 dividends: 0.26s
2026-07-05 01:47:51,726 [INFO] [DETAIL] 3097 物語コーポレーション: income_stmt=OK, balance_sheet=OK, cashflow=OK, dividends=OK
2026-07-05 01:47:51,726 [INFO] [TIME] 3097 物語コーポレーション 処理時間: 1.00s
2026-07-05 01:47:53,492 [DEBUG] [TIME] 3099 info: 0.18s
2026-07-05 01:47:53,492 [DEBUG] yfinance OK: 3099
2026-07-05 01:47:53,752 [DEBUG] [TIME] 3099 income_stmt: 0.26s
2026-07-05 01:47:53,966 [DEBUG] [TIME] 3099 balance_sheet: 0.21s
2026-07-05 01:47:54,156 [DEBUG] [TIME] 3099 cashflow: 0.19s
2026-07-05 01:47:54,417 [DEBUG] [TIME] 3099 dividends: 0.26s
2026-07-05 01:47:54,418 [INFO] [DETAIL] 3099 三越伊勢丹ホールディングス: income_stmt=OK, balance_sheet=OK, cashflow=OK, dividends=OK
2026-07-05 01:47:54,418 [INFO] [TIME] 3099 三越伊勢丹ホールディングス 処理時間: 1.11s
2026-07-05 01:47:56,557 [DEBUG] [TIME] 3101 info: 0.17s
2026-07-05 01:47:56,558 [DEBUG] yfinance OK: 3101
2026-07-05 01:47:56,754 [DEBUG] [TIME] 3101 income_stmt: 0.20s
2026-07-05 01:47:56,966 [DEBUG] [TIME] 3101 balance_sheet: 0.21s
2026-07-05 01:47:57,152 [DEBUG] [TIME] 3101 cashflow: 0.18s
2026-07-05 01:47:57,419 [DEBUG] [TIME] 3101 dividends: 0.27s
2026-07-05 01:47:57,420 [INFO] [DETAIL] 3101 東洋紡: income_stmt=OK, balance_sheet=OK, cashflow=OK, dividends=OK
2026-07-05 01:47:57,420 [INFO] [TIME] 3101 東洋紡 処理時間: 1.04s
2026-07-05 01:47:59,335 [DEBUG] [TIME] 3103 info: 0.14s
2026-07-05 01:47:59,335 [DEBUG] yfinance OK: 3103
2026-07-05 01:47:59,520 [DEBUG] [TIME] 3103 income_stmt: 0.18s
2026-07-05 01:47:59,776 [DEBUG] [TIME] 3103 balance_sheet: 0.26s
2026-07-05 01:47:59,977 [DEBUG] [TIME] 3103 cashflow: 0.20s
2026-07-05 01:48:00,186 [DEBUG] [TIME] 3103 dividends: 0.21s
2026-07-05 01:48:00,187 [INFO] [DETAIL] 3103 ユニチカ: income_stmt=OK, balance_sheet=OK, cashflow=OK, dividends=OK
2026-07-05 01:48:00,187 [INFO] [TIME] 3103 ユニチカ 処理時間: 0.99s
2026-07-05 01:48:01,954 [DEBUG] [TIME] 3104 info: 0.15s
2026-07-05 01:48:01,954 [DEBUG] yfinance OK: 3104
2026-07-05 01:48:02,204 [DEBUG] [TIME] 3104 income_stmt: 0.25s
2026-07-05 01:48:02,493 [DEBUG] [TIME] 3104 balance_sheet: 0.29s
2026-07-05 01:48:02,719 [DEBUG] [TIME] 3104 cashflow: 0.23s
2026-07-05 01:48:03,019 [DEBUG] [TIME] 3104 dividends: 0.30s
2026-07-05 01:48:03,020 [INFO] [DETAIL] 3104 富士紡ホールディングス: income_stmt=OK, balance_sheet=OK, cashflow=OK, dividends=OK
2026-07-05 01:48:03,020 [INFO] [TIME] 3104 富士紡ホールディングス 処理時間: 1.22s
2026-07-05 01:48:04,758 [DEBUG] [TIME] 3105 info: 0.25s
2026-07-05 01:48:04,758 [DEBUG] yfinance OK: 3105
2026-07-05 01:48:04,996 [DEBUG] [TIME] 3105 income_stmt: 0.24s
2026-07-05 01:48:05,272 [DEBUG] [TIME] 3105 balance_sheet: 0.28s
2026-07-05 01:48:05,501 [DEBUG] [TIME] 3105 cashflow: 0.23s
2026-07-05 01:48:05,851 [DEBUG] [TIME] 3105 dividends: 0.35s
2026-07-05 01:48:05,852 [INFO] [DETAIL] 3105 日清紡ホールディングス: income_stmt=OK, balance_sheet=OK, cashflow=OK, dividends=OK
2026-07-05 01:48:05,852 [INFO] [TIME] 3105 日清紡ホールディングス 処理時間: 1.34s
2026-07-05 01:48:07,871 [DEBUG] [TIME] 3106 info: 0.21s
2026-07-05 01:48:07,871 [DEBUG] yfinance OK: 3106
2026-07-05 01:48:08,054 [DEBUG] [TIME] 3106 income_stmt: 0.18s
2026-07-05 01:48:08,277 [DEBUG] [TIME] 3106 balance_sheet: 0.22s
2026-07-05 01:48:08,481 [DEBUG] [TIME] 3106 cashflow: 0.20s
2026-07-05 01:48:08,786 [DEBUG] [TIME] 3106 dividends: 0.30s
2026-07-05 01:48:08,787 [INFO] [DETAIL] 3106 倉敷紡績: income_stmt=OK, balance_sheet=OK, cashflow=OK, dividends=OK
2026-07-05 01:48:08,787 [INFO] [TIME] 3106 倉敷紡績 処理時間: 1.12s
2026-07-05 01:48:10,033 [DEBUG] [TIME] 3107 info: 0.14s
2026-07-05 01:48:10,033 [DEBUG] yfinance OK: 3107
2026-07-05 01:48:10,218 [DEBUG] [TIME] 3107 income_stmt: 0.18s
2026-07-05 01:48:10,466 [DEBUG] [TIME] 3107 balance_sheet: 0.25s
2026-07-05 01:48:10,696 [DEBUG] [TIME] 3107 cashflow: 0.23s
2026-07-05 01:48:11,014 [DEBUG] [TIME] 3107 dividends: 0.32s
2026-07-05 01:48:11,015 [INFO] [DETAIL] 3107 ダイワボウホールディングス: income_stmt=OK, balance_sheet=OK, cashflow=OK, dividends=OK
2026-07-05 01:48:11,015 [INFO] [TIME] 3107 ダイワボウホールディングス 処理時間: 1.12s
2026-07-05 01:48:12,319 [DEBUG] [TIME] 3109 info: 0.14s
2026-07-05 01:48:12,319 [DEBUG] yfinance OK: 3109
2026-07-05 01:48:12,498 [DEBUG] [TIME] 3109 income_stmt: 0.18s
2026-07-05 01:48:12,772 [DEBUG] [TIME] 3109 balance_sheet: 0.27s
2026-07-05 01:48:12,987 [DEBUG] [TIME] 3109 cashflow: 0.21s
2026-07-05 01:48:13,237 [DEBUG] [TIME] 3109 dividends: 0.25s
2026-07-05 01:48:13,238 [INFO] [DETAIL] 3109 シキボウ: income_stmt=OK, balance_sheet=OK, cashflow=OK, dividends=OK
2026-07-05 01:48:13,238 [INFO] [TIME] 3109 シキボウ 処理時間: 1.06s
2026-07-05 01:48:14,464 [DEBUG] [TIME] 3110 info: 0.19s
2026-07-05 01:48:14,464 [DEBUG] yfinance OK: 3110
2026-07-05 01:48:14,655 [DEBUG] [TIME] 3110 income_stmt: 0.19s
2026-07-05 01:48:14,891 [DEBUG] [TIME] 3110 balance_sheet: 0.24s
2026-07-05 01:48:15,083 [DEBUG] [TIME] 3110 cashflow: 0.19s
2026-07-05 01:48:15,391 [DEBUG] [TIME] 3110 dividends: 0.31s
2026-07-05 01:48:15,392 [INFO] [DETAIL] 3110 日東紡績: income_stmt=OK, balance_sheet=OK, cashflow=OK, dividends=OK
2026-07-05 01:48:15,393 [INFO] [TIME] 3110 日東紡績 処理時間: 1.11s
2026-07-05 01:48:16,847 [DEBUG] [TIME] 3111 info: 0.14s
2026-07-05 01:48:16,847 [DEBUG] yfinance OK: 3111
2026-07-05 01:48:17,027 [DEBUG] [TIME] 3111 income_stmt: 0.18s
2026-07-05 01:48:17,228 [DEBUG] [TIME] 3111 balance_sheet: 0.20s
2026-07-05 01:48:17,412 [DEBUG] [TIME] 3111 cashflow: 0.18s
2026-07-05 01:48:17,678 [DEBUG] [TIME] 3111 dividends: 0.27s
2026-07-05 01:48:17,679 [INFO] [DETAIL] 3111 オーミケンシ: income_stmt=OK, balance_sheet=OK, cashflow=OK, dividends=OK
2026-07-05 01:48:17,679 [INFO] [TIME] 3111 オーミケンシ 処理時間: 0.97s
2026-07-05 01:48:19,717 [DEBUG] [TIME] 3113 info: 0.16s
2026-07-05 01:48:19,718 [DEBUG] yfinance OK: 3113
2026-07-05 01:48:19,954 [DEBUG] [TIME] 3113 income_stmt: 0.24s
2026-07-05 01:48:20,242 [DEBUG] [TIME] 3113 balance_sheet: 0.29s
2026-07-05 01:48:20,467 [DEBUG] [TIME] 3113 cashflow: 0.22s
2026-07-05 01:48:20,705 [DEBUG] [TIME] 3113 dividends: 0.24s
2026-07-05 01:48:20,706 [INFO] [DETAIL] 3113 ＵＮＩＶＡ・Ｏａｋホールディングス: income_stmt=OK, balance_sheet=OK, cashflow=OK, dividends=OK
2026-07-05 01:48:20,706 [INFO] [TIME] 3113 ＵＮＩＶＡ・Ｏａｋホールディングス 処理時間: 1.15s
2026-07-05 01:48:22,651 [DEBUG] [TIME] 3116 info: 0.14s
2026-07-05 01:48:22,651 [DEBUG] yfinance OK: 3116
2026-07-05 01:48:22,864 [DEBUG] [TIME] 3116 income_stmt: 0.21s
2026-07-05 01:48:23,081 [DEBUG] [TIME] 3116 balance_sheet: 0.22s
2026-07-05 01:48:23,278 [DEBUG] [TIME] 3116 cashflow: 0.20s
2026-07-05 01:48:23,582 [DEBUG] [TIME] 3116 dividends: 0.30s
2026-07-05 01:48:23,583 [INFO] [DETAIL] 3116 トヨタ紡織: income_stmt=OK, balance_sheet=OK, cashflow=OK, dividends=OK
2026-07-05 01:48:23,583 [INFO] [TIME] 3116 トヨタ紡織 処理時間: 1.07s
2026-07-05 01:48:25,227 [DEBUG] [TIME] 3121 info: 0.14s
2026-07-05 01:48:25,227 [DEBUG] yfinance OK: 3121
2026-07-05 01:48:25,410 [DEBUG] [TIME] 3121 income_stmt: 0.18s
2026-07-05 01:48:25,656 [DEBUG] [TIME] 3121 balance_sheet: 0.25s
2026-07-05 01:48:25,855 [DEBUG] [TIME] 3121 cashflow: 0.20s
2026-07-05 01:48:26,149 [DEBUG] [TIME] 3121 dividends: 0.29s
2026-07-05 01:48:26,150 [INFO] [DETAIL] 3121 マーチャント・バンカーズ: income_stmt=OK, balance_sheet=OK, cashflow=OK, dividends=OK
2026-07-05 01:48:26,150 [INFO] [TIME] 3121 マーチャント・バンカーズ 処理時間: 1.06s
2026-07-05 01:48:27,300 [DEBUG] [TIME] 3123 info: 0.14s
2026-07-05 01:48:27,300 [DEBUG] yfinance OK: 3123
2026-07-05 01:48:27,480 [DEBUG] [TIME] 3123 income_stmt: 0.18s
2026-07-05 01:48:27,719 [DEBUG] [TIME] 3123 balance_sheet: 0.24s
2026-07-05 01:48:28,012 [DEBUG] [TIME] 3123 cashflow: 0.29s
2026-07-05 01:48:28,316 [DEBUG] [TIME] 3123 dividends: 0.30s
2026-07-05 01:48:28,317 [INFO] [DETAIL] 3123 サイボー: income_stmt=OK, balance_sheet=OK, cashflow=OK, dividends=OK
2026-07-05 01:48:28,317 [INFO] [TIME] 3123 サイボー 処理時間: 1.15s
2026-07-05 01:48:29,713 [DEBUG] [TIME] 3131 info: 0.14s
2026-07-05 01:48:29,713 [DEBUG] yfinance OK: 3131
2026-07-05 01:48:29,927 [DEBUG] [TIME] 3131 income_stmt: 0.21s
2026-07-05 01:48:30,182 [DEBUG] [TIME] 3131 balance_sheet: 0.25s
2026-07-05 01:48:30,367 [DEBUG] [TIME] 3131 cashflow: 0.18s
2026-07-05 01:48:30,562 [DEBUG] [TIME] 3131 dividends: 0.19s
2026-07-05 01:48:30,563 [INFO] [DETAIL] 3131 シンデン・ハイテックス: income_stmt=OK, balance_sheet=OK, cashflow=OK, dividends=OK
2026-07-05 01:48:30,563 [INFO] [TIME] 3131 シンデン・ハイテックス 処理時間: 0.99s
2026-07-05 01:48:32,445 [DEBUG] [TIME] 3132 info: 0.34s
2026-07-05 01:48:32,445 [DEBUG] yfinance OK: 3132
2026-07-05 01:48:32,660 [DEBUG] [TIME] 3132 income_stmt: 0.21s
2026-07-05 01:48:32,925 [DEBUG] [TIME] 3132 balance_sheet: 0.26s
2026-07-05 01:48:33,157 [DEBUG] [TIME] 3132 cashflow: 0.23s
2026-07-05 01:48:33,383 [DEBUG] [TIME] 3132 dividends: 0.23s
2026-07-05 01:48:33,384 [INFO] [DETAIL] 3132 マクニカホールディングス: income_stmt=OK, balance_sheet=OK, cashflow=OK, dividends=OK
2026-07-05 01:48:33,384 [INFO] [TIME] 3132 マクニカホールディングス 処理時間: 1.28s
2026-07-05 01:48:35,276 [DEBUG] [TIME] 3133 info: 0.18s
2026-07-05 01:48:35,276 [DEBUG] yfinance OK: 3133
2026-07-05 01:48:35,468 [DEBUG] [TIME] 3133 income_stmt: 0.19s
2026-07-05 01:48:35,691 [DEBUG] [TIME] 3133 balance_sheet: 0.22s
2026-07-05 01:48:35,896 [DEBUG] [TIME] 3133 cashflow: 0.20s
2026-07-05 01:48:36,006 [DEBUG] [TIME] 3133 dividends: 0.11s
2026-07-05 01:48:36,007 [INFO] [DETAIL] 3133 海帆: income_stmt=OK, balance_sheet=OK, cashflow=OK, dividends=OK
2026-07-05 01:48:36,007 [INFO] [TIME] 3133 海帆 処理時間: 0.91s
2026-07-05 01:48:37,202 [DEBUG] [TIME] 3134 info: 0.18s
2026-07-05 01:48:37,202 [DEBUG] yfinance OK: 3134
2026-07-05 01:48:37,415 [DEBUG] [TIME] 3134 income_stmt: 0.21s
2026-07-05 01:48:37,651 [DEBUG] [TIME] 3134 balance_sheet: 0.24s
2026-07-05 01:48:37,830 [DEBUG] [TIME] 3134 cashflow: 0.18s
2026-07-05 01:48:38,026 [DEBUG] [TIME] 3134 dividends: 0.20s
2026-07-05 01:48:38,027 [INFO] [DETAIL] 3134 Ｈａｍｅｅ: income_stmt=OK, balance_sheet=OK, cashflow=OK, dividends=OK
2026-07-05 01:48:38,027 [INFO] [TIME] 3134 Ｈａｍｅｅ 処理時間: 1.00s
2026-07-05 01:48:39,987 [DEBUG] [TIME] 3135 info: 0.18s
2026-07-05 01:48:39,987 [DEBUG] yfinance OK: 3135
2026-07-05 01:48:40,214 [DEBUG] [TIME] 3135 income_stmt: 0.23s
2026-07-05 01:48:40,491 [DEBUG] [TIME] 3135 balance_sheet: 0.28s
2026-07-05 01:48:40,660 [DEBUG] [TIME] 3135 cashflow: 0.17s
2026-07-05 01:48:40,771 [DEBUG] [TIME] 3135 dividends: 0.11s
2026-07-05 01:48:40,771 [INFO] [DETAIL] 3135 マーケットエンタープライズ: income_stmt=OK, balance_sheet=OK, cashflow=OK, dividends=EMPTY
2026-07-05 01:48:40,771 [INFO] [TIME] 3135 マーケットエンタープライズ 処理時間: 0.96s
2026-07-05 01:48:41,932 [DEBUG] [TIME] 3137 info: 0.15s
2026-07-05 01:48:41,933 [DEBUG] yfinance OK: 3137
2026-07-05 01:48:42,136 [DEBUG] [TIME] 3137 income_stmt: 0.20s
2026-07-05 01:48:42,394 [DEBUG] [TIME] 3137 balance_sheet: 0.26s
2026-07-05 01:48:42,642 [DEBUG] [TIME] 3137 cashflow: 0.25s
2026-07-05 01:48:42,774 [DEBUG] [TIME] 3137 dividends: 0.13s
2026-07-05 01:48:42,775 [INFO] [DETAIL] 3137 ファンデリー: income_stmt=OK, balance_sheet=OK, cashflow=OK, dividends=OK
2026-07-05 01:48:42,775 [INFO] [TIME] 3137 ファンデリー 処理時間: 0.99s
2026-07-05 01:48:44,672 [DEBUG] [TIME] 3138 info: 0.18s
2026-07-05 01:48:44,672 [DEBUG] yfinance OK: 3138
2026-07-05 01:48:44,862 [DEBUG] [TIME] 3138 income_stmt: 0.19s
2026-07-05 01:48:45,065 [DEBUG] [TIME] 3138 balance_sheet: 0.20s
2026-07-05 01:48:45,325 [DEBUG] [TIME] 3138 cashflow: 0.26s
2026-07-05 01:48:45,499 [DEBUG] [TIME] 3138 dividends: 0.17s
2026-07-05 01:48:45,500 [INFO] [DETAIL] 3138 富士山マガジンサービス: income_stmt=OK, balance_sheet=OK, cashflow=OK, dividends=OK
2026-07-05 01:48:45,500 [INFO] [TIME] 3138 富士山マガジンサービス 処理時間: 1.01s
2026-07-05 01:48:47,257 [DEBUG] [TIME] 3139 info: 0.15s
2026-07-05 01:48:47,257 [DEBUG] yfinance OK: 3139
2026-07-05 01:48:47,435 [DEBUG] [TIME] 3139 income_stmt: 0.18s
2026-07-05 01:48:47,660 [DEBUG] [TIME] 3139 balance_sheet: 0.22s
2026-07-05 01:48:47,835 [DEBUG] [TIME] 3139 cashflow: 0.17s
2026-07-05 01:48:47,989 [DEBUG] [TIME] 3139 dividends: 0.15s
2026-07-05 01:48:47,990 [INFO] [DETAIL] 3139 ラクト・ジャパン: income_stmt=OK, balance_sheet=OK, cashflow=OK, dividends=OK
2026-07-05 01:48:47,990 [INFO] [TIME] 3139 ラクト・ジャパン 処理時間: 0.88s
2026-07-05 01:48:49,310 [DEBUG] [TIME] 3140 info: 0.15s
2026-07-05 01:48:49,310 [DEBUG] yfinance OK: 3140
2026-07-05 01:48:49,541 [DEBUG] [TIME] 3140 income_stmt: 0.23s
2026-07-05 01:48:49,789 [DEBUG] [TIME] 3140 balance_sheet: 0.25s
2026-07-05 01:48:49,999 [DEBUG] [TIME] 3140 cashflow: 0.21s
2026-07-05 01:48:50,231 [DEBUG] [TIME] 3140 dividends: 0.23s
2026-07-05 01:48:50,232 [INFO] [DETAIL] 3140 ＢＲＵＮＯ: income_stmt=OK, balance_sheet=OK, cashflow=OK, dividends=OK
2026-07-05 01:48:50,232 [INFO] [TIME] 3140 ＢＲＵＮＯ 処理時間: 1.07s
2026-07-05 01:48:52,223 [DEBUG] [TIME] 3143 info: 0.15s
2026-07-05 01:48:52,223 [DEBUG] yfinance OK: 3143
2026-07-05 01:48:52,418 [DEBUG] [TIME] 3143 income_stmt: 0.19s
2026-07-05 01:48:52,690 [DEBUG] [TIME] 3143 balance_sheet: 0.27s
2026-07-05 01:48:52,924 [DEBUG] [TIME] 3143 cashflow: 0.23s
2026-07-05 01:48:53,119 [DEBUG] [TIME] 3143 dividends: 0.19s
2026-07-05 01:48:53,120 [INFO] [DETAIL] 3143 オーウイル: income_stmt=OK, balance_sheet=OK, cashflow=OK, dividends=OK
2026-07-05 01:48:53,120 [INFO] [TIME] 3143 オーウイル 処理時間: 1.04s
2026-07-05 01:48:55,067 [DEBUG] [TIME] 3148 info: 0.14s
2026-07-05 01:48:55,068 [DEBUG] yfinance OK: 3148
2026-07-05 01:48:55,243 [DEBUG] [TIME] 3148 income_stmt: 0.18s
2026-07-05 01:48:55,467 [DEBUG] [TIME] 3148 balance_sheet: 0.22s
2026-07-05 01:48:55,627 [DEBUG] [TIME] 3148 cashflow: 0.16s
2026-07-05 01:48:55,829 [DEBUG] [TIME] 3148 dividends: 0.20s
2026-07-05 01:48:55,830 [INFO] [DETAIL] 3148 クリエイトＳＤホールディングス: income_stmt=OK, balance_sheet=OK, cashflow=OK, dividends=OK
2026-07-05 01:48:55,830 [INFO] [TIME] 3148 クリエイトＳＤホールディングス 処理時間: 0.90s
2026-07-05 01:48:57,268 [DEBUG] [TIME] 3150 info: 0.19s
2026-07-05 01:48:57,268 [DEBUG] yfinance OK: 3150
2026-07-05 01:48:57,434 [DEBUG] [TIME] 3150 income_stmt: 0.17s
2026-07-05 01:48:57,625 [DEBUG] [TIME] 3150 balance_sheet: 0.19s
2026-07-05 01:48:57,834 [DEBUG] [TIME] 3150 cashflow: 0.21s
2026-07-05 01:48:58,042 [DEBUG] [TIME] 3150 dividends: 0.21s
2026-07-05 01:48:58,043 [INFO] [DETAIL] 3150 グリムス: income_stmt=OK, balance_sheet=OK, cashflow=OK, dividends=OK
2026-07-05 01:48:58,043 [INFO] [TIME] 3150 グリムス 処理時間: 0.97s
2026-07-05 01:48:59,723 [DEBUG] [TIME] 3151 info: 0.14s
2026-07-05 01:48:59,723 [DEBUG] yfinance OK: 3151
2026-07-05 01:48:59,924 [DEBUG] [TIME] 3151 income_stmt: 0.20s
2026-07-05 01:49:00,224 [DEBUG] [TIME] 3151 balance_sheet: 0.30s
2026-07-05 01:49:00,445 [DEBUG] [TIME] 3151 cashflow: 0.22s
2026-07-05 01:49:00,656 [DEBUG] [TIME] 3151 dividends: 0.21s
2026-07-05 01:49:00,657 [INFO] [DETAIL] 3151 バイタルケーエスケー・ホールディングス: income_stmt=OK, balance_sheet=OK, cashflow=OK, dividends=OK
2026-07-05 01:49:00,657 [INFO] [TIME] 3151 バイタルケーエスケー・ホールディングス 処理時間: 1.08s
2026-07-05 01:49:02,457 [DEBUG] [TIME] 3153 info: 0.14s
2026-07-05 01:49:02,457 [DEBUG] yfinance OK: 3153
2026-07-05 01:49:02,651 [DEBUG] [TIME] 3153 income_stmt: 0.19s
2026-07-05 01:49:02,924 [DEBUG] [TIME] 3153 balance_sheet: 0.27s
2026-07-05 01:49:03,129 [DEBUG] [TIME] 3153 cashflow: 0.20s
2026-07-05 01:49:03,341 [DEBUG] [TIME] 3153 dividends: 0.21s
2026-07-05 01:49:03,342 [INFO] [DETAIL] 3153 八洲電機: income_stmt=OK, balance_sheet=OK, cashflow=OK, dividends=OK
2026-07-05 01:49:03,342 [INFO] [TIME] 3153 八洲電機 処理時間: 1.02s
2026-07-05 01:49:05,216 [DEBUG] [TIME] 3154 info: 0.14s
2026-07-05 01:49:05,216 [DEBUG] yfinance OK: 3154
2026-07-05 01:49:05,389 [DEBUG] [TIME] 3154 income_stmt: 0.17s
2026-07-05 01:49:05,590 [DEBUG] [TIME] 3154 balance_sheet: 0.20s
2026-07-05 01:49:05,744 [DEBUG] [TIME] 3154 cashflow: 0.15s
2026-07-05 01:49:05,992 [DEBUG] [TIME] 3154 dividends: 0.25s
2026-07-05 01:49:05,993 [INFO] [DETAIL] 3154 メディアスホールディングス: income_stmt=OK, balance_sheet=OK, cashflow=OK, dividends=OK
2026-07-05 01:49:05,993 [INFO] [TIME] 3154 メディアスホールディングス 処理時間: 0.92s
2026-07-05 01:49:07,175 [DEBUG] [TIME] 3156 info: 0.14s
2026-07-05 01:49:07,175 [DEBUG] yfinance OK: 3156
2026-07-05 01:49:07,355 [DEBUG] [TIME] 3156 income_stmt: 0.18s
2026-07-05 01:49:07,613 [DEBUG] [TIME] 3156 balance_sheet: 0.26s
2026-07-05 01:49:07,824 [DEBUG] [TIME] 3156 cashflow: 0.21s
2026-07-05 01:49:08,053 [DEBUG] [TIME] 3156 dividends: 0.23s
2026-07-05 01:49:08,054 [INFO] [DETAIL] 3156 レスター: income_stmt=OK, balance_sheet=OK, cashflow=OK, dividends=OK
2026-07-05 01:49:08,054 [INFO] [TIME] 3156 レスター 処理時間: 1.02s
2026-07-05 01:49:10,033 [DEBUG] [TIME] 3157 info: 0.14s
2026-07-05 01:49:10,033 [DEBUG] yfinance OK: 3157
2026-07-05 01:49:10,240 [DEBUG] [TIME] 3157 income_stmt: 0.21s
2026-07-05 01:49:10,470 [DEBUG] [TIME] 3157 balance_sheet: 0.23s
2026-07-05 01:49:10,697 [DEBUG] [TIME] 3157 cashflow: 0.23s
2026-07-05 01:49:10,925 [DEBUG] [TIME] 3157 dividends: 0.23s
2026-07-05 01:49:10,926 [INFO] [DETAIL] 3157 ジオリーブグループ: income_stmt=OK, balance_sheet=OK, cashflow=OK, dividends=OK
2026-07-05 01:49:10,927 [INFO] [TIME] 3157 ジオリーブグループ 処理時間: 1.04s
2026-07-05 01:49:12,333 [DEBUG] [TIME] 3159 info: 0.22s
2026-07-05 01:49:12,333 [DEBUG] yfinance OK: 3159
2026-07-05 01:49:12,513 [DEBUG] [TIME] 3159 income_stmt: 0.18s
2026-07-05 01:49:12,723 [DEBUG] [TIME] 3159 balance_sheet: 0.21s
2026-07-05 01:49:12,908 [DEBUG] [TIME] 3159 cashflow: 0.18s
2026-07-05 01:49:13,093 [DEBUG] [TIME] 3159 dividends: 0.18s
2026-07-05 01:49:13,094 [INFO] [DETAIL] 3159 丸善ＣＨＩホールディングス: income_stmt=OK, balance_sheet=OK, cashflow=OK, dividends=OK
2026-07-05 01:49:13,094 [INFO] [TIME] 3159 丸善ＣＨＩホールディングス 処理時間: 0.98s
2026-07-05 01:49:14,558 [DEBUG] [TIME] 3160 info: 0.15s
2026-07-05 01:49:14,558 [DEBUG] yfinance OK: 3160
2026-07-05 01:49:14,758 [DEBUG] [TIME] 3160 income_stmt: 0.20s
2026-07-05 01:49:14,969 [DEBUG] [TIME] 3160 balance_sheet: 0.21s
2026-07-05 01:49:15,157 [DEBUG] [TIME] 3160 cashflow: 0.19s
2026-07-05 01:49:15,424 [DEBUG] [TIME] 3160 dividends: 0.27s
2026-07-05 01:49:15,425 [INFO] [DETAIL] 3160 大光: income_stmt=OK, balance_sheet=OK, cashflow=OK, dividends=OK
2026-07-05 01:49:15,425 [INFO] [TIME] 3160 大光 処理時間: 1.01s
2026-07-05 01:49:16,774 [DEBUG] [TIME] 3161 info: 0.15s
2026-07-05 01:49:16,774 [DEBUG] yfinance OK: 3161
2026-07-05 01:49:16,956 [DEBUG] [TIME] 3161 income_stmt: 0.18s
2026-07-05 01:49:17,170 [DEBUG] [TIME] 3161 balance_sheet: 0.21s
2026-07-05 01:49:17,363 [DEBUG] [TIME] 3161 cashflow: 0.19s
2026-07-05 01:49:17,557 [DEBUG] [TIME] 3161 dividends: 0.19s
2026-07-05 01:49:17,558 [INFO] [DETAIL] 3161 アゼアス: income_stmt=OK, balance_sheet=OK, cashflow=OK, dividends=OK
2026-07-05 01:49:17,558 [INFO] [TIME] 3161 アゼアス 処理時間: 0.93s
2026-07-05 01:49:19,338 [DEBUG] [TIME] 3166 info: 0.18s
2026-07-05 01:49:19,338 [DEBUG] yfinance OK: 3166
2026-07-05 01:49:19,547 [DEBUG] [TIME] 3166 income_stmt: 0.21s
2026-07-05 01:49:19,813 [DEBUG] [TIME] 3166 balance_sheet: 0.26s
2026-07-05 01:49:20,061 [DEBUG] [TIME] 3166 cashflow: 0.25s
2026-07-05 01:49:20,399 [DEBUG] [TIME] 3166 dividends: 0.34s
2026-07-05 01:49:20,400 [INFO] [DETAIL] 3166 ＯＣＨＩホールディングス: income_stmt=OK, balance_sheet=OK, cashflow=OK, dividends=OK
2026-07-05 01:49:20,400 [INFO] [TIME] 3166 ＯＣＨＩホールディングス 処理時間: 1.24s
2026-07-05 01:49:21,663 [DEBUG] [TIME] 3167 info: 0.14s
2026-07-05 01:49:21,663 [DEBUG] yfinance OK: 3167
2026-07-05 01:49:21,845 [DEBUG] [TIME] 3167 income_stmt: 0.18s
2026-07-05 01:49:22,094 [DEBUG] [TIME] 3167 balance_sheet: 0.25s
2026-07-05 01:49:22,282 [DEBUG] [TIME] 3167 cashflow: 0.19s
2026-07-05 01:49:22,532 [DEBUG] [TIME] 3167 dividends: 0.25s
2026-07-05 01:49:22,533 [INFO] [DETAIL] 3167 ＴＯＫＡＩホールディングス: income_stmt=OK, balance_sheet=OK, cashflow=OK, dividends=OK
2026-07-05 01:49:22,533 [INFO] [TIME] 3167 ＴＯＫＡＩホールディングス 処理時間: 1.01s
2026-07-05 01:49:23,947 [DEBUG] [TIME] 3168 info: 0.19s
2026-07-05 01:49:23,947 [DEBUG] yfinance OK: 3168
2026-07-05 01:49:24,122 [DEBUG] [TIME] 3168 income_stmt: 0.18s
2026-07-05 01:49:24,354 [DEBUG] [TIME] 3168 balance_sheet: 0.23s
2026-07-05 01:49:24,581 [DEBUG] [TIME] 3168 cashflow: 0.23s
2026-07-05 01:49:24,822 [DEBUG] [TIME] 3168 dividends: 0.24s
2026-07-05 01:49:24,823 [INFO] [DETAIL] 3168 ＭＥＲＦ: income_stmt=OK, balance_sheet=OK, cashflow=OK, dividends=OK
2026-07-05 01:49:24,823 [INFO] [TIME] 3168 ＭＥＲＦ 処理時間: 1.07s
2026-07-05 01:49:26,108 [DEBUG] [TIME] 3169 info: 0.14s
2026-07-05 01:49:26,108 [DEBUG] yfinance OK: 3169
2026-07-05 01:49:26,301 [DEBUG] [TIME] 3169 income_stmt: 0.19s
2026-07-05 01:49:26,527 [DEBUG] [TIME] 3169 balance_sheet: 0.22s
2026-07-05 01:49:26,742 [DEBUG] [TIME] 3169 cashflow: 0.21s
2026-07-05 01:49:26,931 [DEBUG] [TIME] 3169 dividends: 0.19s
2026-07-05 01:49:26,932 [INFO] [DETAIL] 3169 ミサワ: income_stmt=OK, balance_sheet=OK, cashflow=OK, dividends=OK
2026-07-05 01:49:26,933 [INFO] [TIME] 3169 ミサワ 処理時間: 0.97s
2026-07-05 01:49:28,698 [DEBUG] [TIME] 3172 info: 0.15s
2026-07-05 01:49:28,698 [DEBUG] yfinance OK: 3172
2026-07-05 01:49:28,895 [DEBUG] [TIME] 3172 income_stmt: 0.20s
2026-07-05 01:49:29,131 [DEBUG] [TIME] 3172 balance_sheet: 0.23s
2026-07-05 01:49:29,337 [DEBUG] [TIME] 3172 cashflow: 0.21s
2026-07-05 01:49:29,516 [DEBUG] [TIME] 3172 dividends: 0.18s
2026-07-05 01:49:29,517 [INFO] [DETAIL] 3172 ティーライフ: income_stmt=OK, balance_sheet=OK, cashflow=OK, dividends=OK
2026-07-05 01:49:29,517 [INFO] [TIME] 3172 ティーライフ 処理時間: 0.97s
2026-07-05 01:49:31,508 [DEBUG] [TIME] 3173 info: 0.14s
2026-07-05 01:49:31,508 [DEBUG] yfinance OK: 3173
2026-07-05 01:49:31,682 [DEBUG] [TIME] 3173 income_stmt: 0.17s
2026-07-05 01:49:31,918 [DEBUG] [TIME] 3173 balance_sheet: 0.24s
2026-07-05 01:49:32,137 [DEBUG] [TIME] 3173 cashflow: 0.22s
2026-07-05 01:49:32,391 [DEBUG] [TIME] 3173 dividends: 0.25s
2026-07-05 01:49:32,392 [INFO] [DETAIL] 3173 Ｃｏｍｉｎｉｘ: income_stmt=OK, balance_sheet=OK, cashflow=OK, dividends=OK
2026-07-05 01:49:32,392 [INFO] [TIME] 3173 Ｃｏｍｉｎｉｘ 処理時間: 1.02s
2026-07-05 01:49:33,828 [DEBUG] [TIME] 3174 info: 0.17s
2026-07-05 01:49:33,828 [DEBUG] yfinance OK: 3174
2026-07-05 01:49:34,022 [DEBUG] [TIME] 3174 income_stmt: 0.19s
2026-07-05 01:49:34,268 [DEBUG] [TIME] 3174 balance_sheet: 0.25s
2026-07-05 01:49:34,525 [DEBUG] [TIME] 3174 cashflow: 0.26s
2026-07-05 01:49:34,766 [DEBUG] [TIME] 3174 dividends: 0.24s
2026-07-05 01:49:34,767 [INFO] [DETAIL] 3174 ハピネス・アンド・ディ: income_stmt=OK, balance_sheet=OK, cashflow=OK, dividends=OK
2026-07-05 01:49:34,767 [INFO] [TIME] 3174 ハピネス・アンド・ディ 処理時間: 1.11s
2026-07-05 01:49:36,550 [DEBUG] [TIME] 3175 info: 0.15s
2026-07-05 01:49:36,551 [DEBUG] yfinance OK: 3175
2026-07-05 01:49:36,746 [DEBUG] [TIME] 3175 income_stmt: 0.20s
2026-07-05 01:49:37,031 [DEBUG] [TIME] 3175 balance_sheet: 0.28s
2026-07-05 01:49:37,269 [DEBUG] [TIME] 3175 cashflow: 0.24s
2026-07-05 01:49:37,398 [DEBUG] [TIME] 3175 dividends: 0.13s
2026-07-05 01:49:37,399 [INFO] [DETAIL] 3175 エー・ピーホールディングス: income_stmt=OK, balance_sheet=OK, cashflow=OK, dividends=EMPTY
2026-07-05 01:49:37,399 [INFO] [TIME] 3175 エー・ピーホールディングス 処理時間: 1.00s
2026-07-05 01:49:38,783 [DEBUG] [TIME] 3176 info: 0.17s
2026-07-05 01:49:38,784 [DEBUG] yfinance OK: 3176
2026-07-05 01:49:39,030 [DEBUG] [TIME] 3176 income_stmt: 0.25s
2026-07-05 01:49:39,259 [DEBUG] [TIME] 3176 balance_sheet: 0.23s
2026-07-05 01:49:39,470 [DEBUG] [TIME] 3176 cashflow: 0.21s
2026-07-05 01:49:39,654 [DEBUG] [TIME] 3176 dividends: 0.18s
2026-07-05 01:49:39,655 [INFO] [DETAIL] 3176 三洋貿易: income_stmt=OK, balance_sheet=OK, cashflow=OK, dividends=OK
2026-07-05 01:49:39,655 [INFO] [TIME] 3176 三洋貿易 処理時間: 1.04s
2026-07-05 01:49:41,480 [DEBUG] [TIME] 3177 info: 0.18s
2026-07-05 01:49:41,480 [DEBUG] yfinance OK: 3177
2026-07-05 01:49:41,668 [DEBUG] [TIME] 3177 income_stmt: 0.19s
2026-07-05 01:49:41,903 [DEBUG] [TIME] 3177 balance_sheet: 0.23s
2026-07-05 01:49:42,120 [DEBUG] [TIME] 3177 cashflow: 0.22s
2026-07-05 01:49:42,378 [DEBUG] [TIME] 3177 dividends: 0.26s
2026-07-05 01:49:42,379 [INFO] [DETAIL] 3177 ありがとうサービス: income_stmt=OK, balance_sheet=OK, cashflow=OK, dividends=OK
2026-07-05 01:49:42,379 [INFO] [TIME] 3177 ありがとうサービス 処理時間: 1.08s
2026-07-05 01:49:44,158 [DEBUG] [TIME] 3178 info: 0.17s
2026-07-05 01:49:44,158 [DEBUG] yfinance OK: 3178
2026-07-05 01:49:44,361 [DEBUG] [TIME] 3178 income_stmt: 0.20s
2026-07-05 01:49:44,614 [DEBUG] [TIME] 3178 balance_sheet: 0.25s
2026-07-05 01:49:44,868 [DEBUG] [TIME] 3178 cashflow: 0.25s
2026-07-05 01:49:45,074 [DEBUG] [TIME] 3178 dividends: 0.21s
2026-07-05 01:49:45,075 [INFO] [DETAIL] 3178 チムニー: income_stmt=OK, balance_sheet=OK, cashflow=OK, dividends=OK
2026-07-05 01:49:45,075 [INFO] [TIME] 3178 チムニー 処理時間: 1.09s
2026-07-05 01:49:46,822 [DEBUG] [TIME] 3179 info: 0.14s
2026-07-05 01:49:46,822 [DEBUG] yfinance OK: 3179
2026-07-05 01:49:47,028 [DEBUG] [TIME] 3179 income_stmt: 0.21s
2026-07-05 01:49:47,325 [DEBUG] [TIME] 3179 balance_sheet: 0.30s
2026-07-05 01:49:47,549 [DEBUG] [TIME] 3179 cashflow: 0.22s
2026-07-05 01:49:47,725 [DEBUG] [TIME] 3179 dividends: 0.18s
2026-07-05 01:49:47,726 [INFO] [DETAIL] 3179 シュッピン: income_stmt=OK, balance_sheet=OK, cashflow=OK, dividends=OK
2026-07-05 01:49:47,726 [INFO] [TIME] 3179 シュッピン 処理時間: 1.04s
2026-07-05 01:49:49,650 [DEBUG] [TIME] 3180 info: 0.15s
2026-07-05 01:49:49,650 [DEBUG] yfinance OK: 3180
2026-07-05 01:49:49,814 [DEBUG] [TIME] 3180 income_stmt: 0.16s
2026-07-05 01:49:50,027 [DEBUG] [TIME] 3180 balance_sheet: 0.21s
2026-07-05 01:49:50,243 [DEBUG] [TIME] 3180 cashflow: 0.22s
2026-07-05 01:49:50,412 [DEBUG] [TIME] 3180 dividends: 0.17s
2026-07-05 01:49:50,413 [INFO] [DETAIL] 3180 ビューティガレージ: income_stmt=OK, balance_sheet=OK, cashflow=OK, dividends=OK
2026-07-05 01:49:50,413 [INFO] [TIME] 3180 ビューティガレージ 処理時間: 0.92s
2026-07-05 01:49:51,692 [DEBUG] [TIME] 3181 info: 0.14s
2026-07-05 01:49:51,693 [DEBUG] yfinance OK: 3181
2026-07-05 01:49:51,884 [DEBUG] [TIME] 3181 income_stmt: 0.19s
2026-07-05 01:49:52,157 [DEBUG] [TIME] 3181 balance_sheet: 0.27s
2026-07-05 01:49:52,381 [DEBUG] [TIME] 3181 cashflow: 0.22s
2026-07-05 01:49:52,586 [DEBUG] [TIME] 3181 dividends: 0.20s
2026-07-05 01:49:52,587 [INFO] [DETAIL] 3181 買取王国: income_stmt=OK, balance_sheet=OK, cashflow=OK, dividends=OK
2026-07-05 01:49:52,587 [INFO] [TIME] 3181 買取王国 処理時間: 1.03s
2026-07-05 01:49:53,853 [DEBUG] [TIME] 3182 info: 0.14s
2026-07-05 01:49:53,853 [DEBUG] yfinance OK: 3182
2026-07-05 01:49:54,037 [DEBUG] [TIME] 3182 income_stmt: 0.18s
2026-07-05 01:49:54,287 [DEBUG] [TIME] 3182 balance_sheet: 0.25s
2026-07-05 01:49:54,547 [DEBUG] [TIME] 3182 cashflow: 0.26s
2026-07-05 01:49:54,691 [DEBUG] [TIME] 3182 dividends: 0.14s
2026-07-05 01:49:54,692 [INFO] [DETAIL] 3182 オイシックス・ラ・大地: income_stmt=OK, balance_sheet=OK, cashflow=OK, dividends=OK
2026-07-05 01:49:54,692 [INFO] [TIME] 3182 オイシックス・ラ・大地 処理時間: 0.98s
2026-07-05 01:49:56,294 [DEBUG] [TIME] 3183 info: 0.18s
2026-07-05 01:49:56,294 [DEBUG] yfinance OK: 3183
2026-07-05 01:49:56,481 [DEBUG] [TIME] 3183 income_stmt: 0.19s
2026-07-05 01:49:56,712 [DEBUG] [TIME] 3183 balance_sheet: 0.23s
2026-07-05 01:49:56,922 [DEBUG] [TIME] 3183 cashflow: 0.21s
2026-07-05 01:49:57,202 [DEBUG] [TIME] 3183 dividends: 0.28s
2026-07-05 01:49:57,203 [INFO] [DETAIL] 3183 ウイン・パートナーズ: income_stmt=OK, balance_sheet=OK, cashflow=OK, dividends=OK
2026-07-05 01:49:57,203 [INFO] [TIME] 3183 ウイン・パートナーズ 処理時間: 1.09s
2026-07-05 01:49:58,991 [DEBUG] [TIME] 3184 info: 0.14s
2026-07-05 01:49:58,991 [DEBUG] yfinance OK: 3184
2026-07-05 01:49:59,170 [DEBUG] [TIME] 3184 income_stmt: 0.18s
2026-07-05 01:49:59,383 [DEBUG] [TIME] 3184 balance_sheet: 0.21s
2026-07-05 01:49:59,608 [DEBUG] [TIME] 3184 cashflow: 0.22s
2026-07-05 01:49:59,793 [DEBUG] [TIME] 3184 dividends: 0.18s
2026-07-05 01:49:59,794 [INFO] [DETAIL] 3184 ＩＣＤＡホールディングス: income_stmt=OK, balance_sheet=OK, cashflow=OK, dividends=OK
2026-07-05 01:49:59,794 [INFO] [TIME] 3184 ＩＣＤＡホールディングス 処理時間: 0.94s
2026-07-05 01:50:01,448 [DEBUG] [TIME] 3185 info: 0.14s
2026-07-05 01:50:01,448 [DEBUG] yfinance OK: 3185
2026-07-05 01:50:01,640 [DEBUG] [TIME] 3185 income_stmt: 0.19s
2026-07-05 01:50:01,885 [DEBUG] [TIME] 3185 balance_sheet: 0.25s
2026-07-05 01:50:02,085 [DEBUG] [TIME] 3185 cashflow: 0.20s
2026-07-05 01:50:02,225 [DEBUG] [TIME] 3185 dividends: 0.14s
2026-07-05 01:50:02,225 [INFO] [DETAIL] 3185 夢展望: income_stmt=OK, balance_sheet=OK, cashflow=OK, dividends=EMPTY
2026-07-05 01:50:02,225 [INFO] [TIME] 3185 夢展望 処理時間: 0.92s
2026-07-05 01:50:04,024 [DEBUG] [TIME] 3186 info: 0.14s
2026-07-05 01:50:04,025 [DEBUG] yfinance OK: 3186
2026-07-05 01:50:04,205 [DEBUG] [TIME] 3186 income_stmt: 0.18s
2026-07-05 01:50:04,423 [DEBUG] [TIME] 3186 balance_sheet: 0.22s
2026-07-05 01:50:04,619 [DEBUG] [TIME] 3186 cashflow: 0.20s
2026-07-05 01:50:04,850 [DEBUG] [TIME] 3186 dividends: 0.23s
2026-07-05 01:50:04,851 [INFO] [DETAIL] 3186 ネクステージ: income_stmt=OK, balance_sheet=OK, cashflow=OK, dividends=OK
2026-07-05 01:50:04,851 [INFO] [TIME] 3186 ネクステージ 処理時間: 0.97s
2026-07-05 01:50:06,369 [DEBUG] [TIME] 3187 info: 0.15s
2026-07-05 01:50:06,369 [DEBUG] yfinance OK: 3187
2026-07-05 01:50:06,574 [DEBUG] [TIME] 3187 income_stmt: 0.21s
2026-07-05 01:50:06,831 [DEBUG] [TIME] 3187 balance_sheet: 0.26s
2026-07-05 01:50:07,023 [DEBUG] [TIME] 3187 cashflow: 0.19s
2026-07-05 01:50:07,246 [DEBUG] [TIME] 3187 dividends: 0.22s
2026-07-05 01:50:07,247 [INFO] [DETAIL] 3187 ミラタップ: income_stmt=OK, balance_sheet=OK, cashflow=OK, dividends=OK
2026-07-05 01:50:07,247 [INFO] [TIME] 3187 ミラタップ 処理時間: 1.03s
2026-07-05 01:50:09,362 [DEBUG] [TIME] 3189 info: 0.16s
2026-07-05 01:50:09,362 [DEBUG] yfinance OK: 3189
2026-07-05 01:50:09,559 [DEBUG] [TIME] 3189 income_stmt: 0.20s
2026-07-05 01:50:09,813 [DEBUG] [TIME] 3189 balance_sheet: 0.25s
2026-07-05 01:50:10,041 [DEBUG] [TIME] 3189 cashflow: 0.23s
2026-07-05 01:50:10,217 [DEBUG] [TIME] 3189 dividends: 0.18s
2026-07-05 01:50:10,218 [INFO] [DETAIL] 3189 ＡＮＡＰホールディングス: income_stmt=OK, balance_sheet=OK, cashflow=OK, dividends=OK
2026-07-05 01:50:10,218 [INFO] [TIME] 3189 ＡＮＡＰホールディングス 処理時間: 1.01s
2026-07-05 01:50:11,792 [DEBUG] [TIME] 3190 info: 0.14s
2026-07-05 01:50:11,792 [DEBUG] yfinance OK: 3190
2026-07-05 01:50:11,985 [DEBUG] [TIME] 3190 income_stmt: 0.19s
2026-07-05 01:50:12,236 [DEBUG] [TIME] 3190 balance_sheet: 0.25s
2026-07-05 01:50:12,443 [DEBUG] [TIME] 3190 cashflow: 0.21s
2026-07-05 01:50:12,649 [DEBUG] [TIME] 3190 dividends: 0.21s
2026-07-05 01:50:12,650 [INFO] [DETAIL] 3190 ホットマン: income_stmt=OK, balance_sheet=OK, cashflow=OK, dividends=OK
2026-07-05 01:50:12,650 [INFO] [TIME] 3190 ホットマン 処理時間: 1.00s
2026-07-05 01:50:13,871 [DEBUG] [TIME] 3191 info: 0.18s
2026-07-05 01:50:13,871 [DEBUG] yfinance OK: 3191
2026-07-05 01:50:14,045 [DEBUG] [TIME] 3191 income_stmt: 0.17s
2026-07-05 01:50:14,322 [DEBUG] [TIME] 3191 balance_sheet: 0.28s
2026-07-05 01:50:14,506 [DEBUG] [TIME] 3191 cashflow: 0.18s
2026-07-05 01:50:14,675 [DEBUG] [TIME] 3191 dividends: 0.17s
2026-07-05 01:50:14,676 [INFO] [DETAIL] 3191 ジョイフル本田: income_stmt=OK, balance_sheet=OK, cashflow=OK, dividends=OK
2026-07-05 01:50:14,676 [INFO] [TIME] 3191 ジョイフル本田 処理時間: 0.98s
2026-07-05 01:50:16,151 [DEBUG] [TIME] 3192 info: 0.18s
2026-07-05 01:50:16,151 [DEBUG] yfinance OK: 3192
2026-07-05 01:50:16,330 [DEBUG] [TIME] 3192 income_stmt: 0.18s
2026-07-05 01:50:16,595 [DEBUG] [TIME] 3192 balance_sheet: 0.26s
2026-07-05 01:50:16,769 [DEBUG] [TIME] 3192 cashflow: 0.17s
2026-07-05 01:50:16,913 [DEBUG] [TIME] 3192 dividends: 0.14s
2026-07-05 01:50:16,914 [INFO] [DETAIL] 3192 白鳩: income_stmt=OK, balance_sheet=OK, cashflow=OK, dividends=OK
2026-07-05 01:50:16,914 [INFO] [TIME] 3192 白鳩 処理時間: 0.95s
2026-07-05 01:50:18,761 [DEBUG] [TIME] 3193 info: 0.18s
2026-07-05 01:50:18,761 [DEBUG] yfinance OK: 3193
2026-07-05 01:50:18,943 [DEBUG] [TIME] 3193 income_stmt: 0.18s
2026-07-05 01:50:19,264 [DEBUG] [TIME] 3193 balance_sheet: 0.32s
2026-07-05 01:50:19,460 [DEBUG] [TIME] 3193 cashflow: 0.19s
2026-07-05 01:50:19,661 [DEBUG] [TIME] 3193 dividends: 0.20s
2026-07-05 01:50:19,662 [INFO] [DETAIL] 3193 エターナルホスピタリティグループ: income_stmt=OK, balance_sheet=OK, cashflow=OK, dividends=OK
2026-07-05 01:50:19,662 [INFO] [TIME] 3193 エターナルホスピタリティグループ 処理時間: 1.08s
2026-07-05 01:50:21,346 [DEBUG] [TIME] 3195 info: 0.14s
2026-07-05 01:50:21,346 [DEBUG] yfinance OK: 3195
2026-07-05 01:50:21,537 [DEBUG] [TIME] 3195 income_stmt: 0.19s
2026-07-05 01:50:21,798 [DEBUG] [TIME] 3195 balance_sheet: 0.26s
2026-07-05 01:50:22,003 [DEBUG] [TIME] 3195 cashflow: 0.20s
2026-07-05 01:50:22,170 [DEBUG] [TIME] 3195 dividends: 0.17s
2026-07-05 01:50:22,171 [INFO] [DETAIL] 3195 ジェネレーションパス: income_stmt=OK, balance_sheet=OK, cashflow=OK, dividends=OK
2026-07-05 01:50:22,171 [INFO] [TIME] 3195 ジェネレーションパス 処理時間: 0.96s
2026-07-05 01:50:23,645 [DEBUG] [TIME] 3196 info: 0.14s
2026-07-05 01:50:23,645 [DEBUG] yfinance OK: 3196
2026-07-05 01:50:23,831 [DEBUG] [TIME] 3196 income_stmt: 0.19s
2026-07-05 01:50:24,080 [DEBUG] [TIME] 3196 balance_sheet: 0.25s
2026-07-05 01:50:24,281 [DEBUG] [TIME] 3196 cashflow: 0.20s
2026-07-05 01:50:24,462 [DEBUG] [TIME] 3196 dividends: 0.18s
2026-07-05 01:50:24,463 [INFO] [DETAIL] 3196 ホットランドホールディングス: income_stmt=OK, balance_sheet=OK, cashflow=OK, dividends=OK
2026-07-05 01:50:24,463 [INFO] [TIME] 3196 ホットランドホールディングス 処理時間: 0.96s
2026-07-05 01:50:25,897 [DEBUG] [TIME] 3197 info: 0.15s
2026-07-05 01:50:25,897 [DEBUG] yfinance OK: 3197
2026-07-05 01:50:26,098 [DEBUG] [TIME] 3197 income_stmt: 0.20s
2026-07-05 01:50:26,307 [DEBUG] [TIME] 3197 balance_sheet: 0.21s
2026-07-05 01:50:26,508 [DEBUG] [TIME] 3197 cashflow: 0.20s
2026-07-05 01:50:26,689 [DEBUG] [TIME] 3197 dividends: 0.18s
2026-07-05 01:50:26,690 [INFO] [DETAIL] 3197 すかいらーくホールディングス: income_stmt=OK, balance_sheet=OK, cashflow=OK, dividends=OK
2026-07-05 01:50:26,690 [INFO] [TIME] 3197 すかいらーくホールディングス 処理時間: 0.94s
2026-07-05 01:50:28,070 [DEBUG] [TIME] 3198 info: 0.15s
2026-07-05 01:50:28,070 [DEBUG] yfinance OK: 3198
2026-07-05 01:50:28,261 [DEBUG] [TIME] 3198 income_stmt: 0.19s
2026-07-05 01:50:28,482 [DEBUG] [TIME] 3198 balance_sheet: 0.22s
2026-07-05 01:50:28,665 [DEBUG] [TIME] 3198 cashflow: 0.18s
2026-07-05 01:50:28,835 [DEBUG] [TIME] 3198 dividends: 0.17s
2026-07-05 01:50:28,836 [INFO] [DETAIL] 3198 ＳＦＰホールディングス: income_stmt=OK, balance_sheet=OK, cashflow=OK, dividends=OK
2026-07-05 01:50:28,836 [INFO] [TIME] 3198 ＳＦＰホールディングス 処理時間: 0.92s
2026-07-05 01:50:30,780 [DEBUG] [TIME] 3199 info: 0.14s
2026-07-05 01:50:30,780 [DEBUG] yfinance OK: 3199
2026-07-05 01:50:31,009 [DEBUG] [TIME] 3199 income_stmt: 0.23s
2026-07-05 01:50:31,248 [DEBUG] [TIME] 3199 balance_sheet: 0.24s
2026-07-05 01:50:31,414 [DEBUG] [TIME] 3199 cashflow: 0.16s
2026-07-05 01:50:31,582 [DEBUG] [TIME] 3199 dividends: 0.17s
2026-07-05 01:50:31,583 [INFO] [DETAIL] 3199 綿半ホールディングス: income_stmt=OK, balance_sheet=OK, cashflow=OK, dividends=OK
2026-07-05 01:50:31,583 [INFO] [TIME] 3199 綿半ホールディングス 処理時間: 0.94s
2026-07-05 01:50:32,746 [DEBUG] [TIME] 319A info: 0.14s
2026-07-05 01:50:32,746 [DEBUG] yfinance OK: 319A
2026-07-05 01:50:32,969 [DEBUG] [TIME] 319A income_stmt: 0.22s
2026-07-05 01:50:33,180 [DEBUG] [TIME] 319A balance_sheet: 0.21s
2026-07-05 01:50:33,377 [DEBUG] [TIME] 319A cashflow: 0.20s
2026-07-05 01:50:33,466 [DEBUG] [TIME] 319A dividends: 0.09s
2026-07-05 01:50:33,466 [INFO] [DETAIL] 319A 技術承継機構: income_stmt=OK, balance_sheet=OK, cashflow=OK, dividends=EMPTY
2026-07-05 01:50:33,466 [INFO] [TIME] 319A 技術承継機構 処理時間: 0.86s
2026-07-05 01:50:35,322 [DEBUG] [TIME] 3201 info: 0.17s
2026-07-05 01:50:35,322 [DEBUG] yfinance OK: 3201
2026-07-05 01:50:35,513 [DEBUG] [TIME] 3201 income_stmt: 0.19s
2026-07-05 01:50:35,746 [DEBUG] [TIME] 3201 balance_sheet: 0.23s
2026-07-05 01:50:35,956 [DEBUG] [TIME] 3201 cashflow: 0.21s
2026-07-05 01:50:36,243 [DEBUG] [TIME] 3201 dividends: 0.29s
2026-07-05 01:50:36,244 [INFO] [DETAIL] 3201 日本毛織: income_stmt=OK, balance_sheet=OK, cashflow=OK, dividends=OK
2026-07-05 01:50:36,244 [INFO] [TIME] 3201 日本毛織 処理時間: 1.09s
2026-07-05 01:50:37,648 [DEBUG] [TIME] 3202 info: 0.15s
2026-07-05 01:50:37,648 [DEBUG] yfinance OK: 3202
2026-07-05 01:50:37,832 [DEBUG] [TIME] 3202 income_stmt: 0.18s
2026-07-05 01:50:38,058 [DEBUG] [TIME] 3202 balance_sheet: 0.23s
2026-07-05 01:50:38,223 [DEBUG] [TIME] 3202 cashflow: 0.16s
2026-07-05 01:50:38,415 [DEBUG] [TIME] 3202 dividends: 0.19s
2026-07-05 01:50:38,416 [INFO] [DETAIL] 3202 ダイトウボウ: income_stmt=OK, balance_sheet=OK, cashflow=OK, dividends=OK
2026-07-05 01:50:38,416 [INFO] [TIME] 3202 ダイトウボウ 処理時間: 0.91s
2026-07-05 01:50:39,988 [DEBUG] [TIME] 3204 info: 0.17s
2026-07-05 01:50:39,988 [DEBUG] yfinance OK: 3204
2026-07-05 01:50:40,172 [DEBUG] [TIME] 3204 income_stmt: 0.18s
2026-07-05 01:50:40,412 [DEBUG] [TIME] 3204 balance_sheet: 0.24s
2026-07-05 01:50:40,633 [DEBUG] [TIME] 3204 cashflow: 0.22s
2026-07-05 01:50:40,900 [DEBUG] [TIME] 3204 dividends: 0.27s
2026-07-05 01:50:40,901 [INFO] [DETAIL] 3204 トーア紡コーポレーション: income_stmt=OK, balance_sheet=OK, cashflow=OK, dividends=OK
2026-07-05 01:50:40,901 [INFO] [TIME] 3204 トーア紡コーポレーション 処理時間: 1.09s
2026-07-05 01:50:43,007 [DEBUG] [TIME] 3205 info: 0.14s
2026-07-05 01:50:43,008 [DEBUG] yfinance OK: 3205
2026-07-05 01:50:43,211 [DEBUG] [TIME] 3205 income_stmt: 0.20s
2026-07-05 01:50:43,468 [DEBUG] [TIME] 3205 balance_sheet: 0.26s
2026-07-05 01:50:43,676 [DEBUG] [TIME] 3205 cashflow: 0.21s
2026-07-05 01:50:43,933 [DEBUG] [TIME] 3205 dividends: 0.26s
2026-07-05 01:50:43,935 [INFO] [DETAIL] 3205 ダイドーリミテッド: income_stmt=OK, balance_sheet=OK, cashflow=OK, dividends=OK
2026-07-05 01:50:43,935 [INFO] [TIME] 3205 ダイドーリミテッド 処理時間: 1.07s
2026-07-05 01:50:45,423 [DEBUG] [TIME] 3221 info: 0.16s
2026-07-05 01:50:45,423 [DEBUG] yfinance OK: 3221
2026-07-05 01:50:45,620 [DEBUG] [TIME] 3221 income_stmt: 0.20s
2026-07-05 01:50:45,826 [DEBUG] [TIME] 3221 balance_sheet: 0.21s
2026-07-05 01:50:46,055 [DEBUG] [TIME] 3221 cashflow: 0.23s
2026-07-05 01:50:46,249 [DEBUG] [TIME] 3221 dividends: 0.19s
2026-07-05 01:50:46,250 [INFO] [DETAIL] 3221 ヨシックスホールディングス: income_stmt=OK, balance_sheet=OK, cashflow=OK, dividends=OK
2026-07-05 01:50:46,250 [INFO] [TIME] 3221 ヨシックスホールディングス 処理時間: 0.98s
2026-07-05 01:50:48,377 [DEBUG] [TIME] 3222 info: 0.16s
2026-07-05 01:50:48,377 [DEBUG] yfinance OK: 3222
2026-07-05 01:50:48,551 [DEBUG] [TIME] 3222 income_stmt: 0.17s
2026-07-05 01:50:48,786 [DEBUG] [TIME] 3222 balance_sheet: 0.23s
2026-07-05 01:50:48,994 [DEBUG] [TIME] 3222 cashflow: 0.21s
2026-07-05 01:50:49,139 [DEBUG] [TIME] 3222 dividends: 0.14s
2026-07-05 01:50:49,140 [INFO] [DETAIL] 3222 ユナイテッド・スーパーマーケット・ホールディングス: income_stmt=OK, balance_sheet=OK, cashflow=OK, dividends=OK
2026-07-05 01:50:49,140 [INFO] [TIME] 3222 ユナイテッド・スーパーマーケット・ホールディングス 処理時間: 0.92s
2026-07-05 01:50:50,577 [DEBUG] [TIME] 3223 info: 0.15s
2026-07-05 01:50:50,577 [DEBUG] yfinance OK: 3223
2026-07-05 01:50:50,754 [DEBUG] [TIME] 3223 income_stmt: 0.18s
2026-07-05 01:50:50,979 [DEBUG] [TIME] 3223 balance_sheet: 0.22s
2026-07-05 01:50:51,162 [DEBUG] [TIME] 3223 cashflow: 0.18s
2026-07-05 01:50:51,317 [DEBUG] [TIME] 3223 dividends: 0.15s
2026-07-05 01:50:51,318 [INFO] [DETAIL] 3223 エスエルディー: income_stmt=OK, balance_sheet=OK, cashflow=OK, dividends=OK
2026-07-05 01:50:51,318 [INFO] [TIME] 3223 エスエルディー 処理時間: 0.89s
2026-07-05 01:50:52,698 [DEBUG] [TIME] 3224 info: 0.15s
2026-07-05 01:50:52,699 [DEBUG] yfinance OK: 3224
2026-07-05 01:50:52,865 [DEBUG] [TIME] 3224 income_stmt: 0.17s
2026-07-05 01:50:53,089 [DEBUG] [TIME] 3224 balance_sheet: 0.22s
2026-07-05 01:50:53,287 [DEBUG] [TIME] 3224 cashflow: 0.20s
2026-07-05 01:50:53,427 [DEBUG] [TIME] 3224 dividends: 0.14s
2026-07-05 01:50:53,428 [INFO] [DETAIL] 3224 ゼネラル・オイスター: income_stmt=OK, balance_sheet=OK, cashflow=OK, dividends=OK
2026-07-05 01:50:53,428 [INFO] [TIME] 3224 ゼネラル・オイスター 処理時間: 0.88s
2026-07-05 01:50:54,706 [DEBUG] [TIME] 3231 info: 0.19s
2026-07-05 01:50:54,706 [DEBUG] yfinance OK: 3231
2026-07-05 01:50:54,907 [DEBUG] [TIME] 3231 income_stmt: 0.20s
2026-07-05 01:50:55,113 [DEBUG] [TIME] 3231 balance_sheet: 0.21s
2026-07-05 01:50:55,287 [DEBUG] [TIME] 3231 cashflow: 0.17s
2026-07-05 01:50:55,594 [DEBUG] [TIME] 3231 dividends: 0.31s
2026-07-05 01:50:55,595 [INFO] [DETAIL] 3231 野村不動産ホールディングス: income_stmt=OK, balance_sheet=OK, cashflow=OK, dividends=OK
2026-07-05 01:50:55,596 [INFO] [TIME] 3231 野村不動産ホールディングス 処理時間: 1.08s
2026-07-05 01:50:56,864 [DEBUG] [TIME] 3232 info: 0.14s
2026-07-05 01:50:56,864 [DEBUG] yfinance OK: 3232
2026-07-05 01:50:57,046 [DEBUG] [TIME] 3232 income_stmt: 0.18s
2026-07-05 01:50:57,285 [DEBUG] [TIME] 3232 balance_sheet: 0.24s
2026-07-05 01:50:57,471 [DEBUG] [TIME] 3232 cashflow: 0.19s
2026-07-05 01:50:57,680 [DEBUG] [TIME] 3232 dividends: 0.21s
2026-07-05 01:50:57,681 [INFO] [DETAIL] 3232 三重交通グループホールディングス: income_stmt=OK, balance_sheet=OK, cashflow=OK, dividends=OK
2026-07-05 01:50:57,682 [INFO] [TIME] 3232 三重交通グループホールディングス 処理時間: 0.96s
2026-07-05 01:50:59,765 [DEBUG] [TIME] 3236 info: 0.15s
2026-07-05 01:50:59,766 [DEBUG] yfinance OK: 3236
2026-07-05 01:50:59,962 [DEBUG] [TIME] 3236 income_stmt: 0.20s
2026-07-05 01:51:00,206 [DEBUG] [TIME] 3236 balance_sheet: 0.24s
2026-07-05 01:51:00,397 [DEBUG] [TIME] 3236 cashflow: 0.19s
2026-07-05 01:51:00,628 [DEBUG] [TIME] 3236 dividends: 0.23s
2026-07-05 01:51:00,629 [INFO] [DETAIL] 3236 プロパスト: income_stmt=OK, balance_sheet=OK, cashflow=OK, dividends=OK
2026-07-05 01:51:00,630 [INFO] [TIME] 3236 プロパスト 処理時間: 1.01s
2026-07-05 01:51:01,836 [DEBUG] [TIME] 3237 info: 0.18s
2026-07-05 01:51:01,836 [DEBUG] yfinance OK: 3237
2026-07-05 01:51:02,035 [DEBUG] [TIME] 3237 income_stmt: 0.20s
2026-07-05 01:51:02,284 [DEBUG] [TIME] 3237 balance_sheet: 0.25s
2026-07-05 01:51:02,501 [DEBUG] [TIME] 3237 cashflow: 0.22s
2026-07-05 01:51:02,723 [DEBUG] [TIME] 3237 dividends: 0.22s
2026-07-05 01:51:02,724 [INFO] [DETAIL] 3237 イントランス: income_stmt=OK, balance_sheet=OK, cashflow=OK, dividends=OK
2026-07-05 01:51:02,724 [INFO] [TIME] 3237 イントランス 処理時間: 1.06s
2026-07-05 01:51:04,656 [DEBUG] [TIME] 3238 info: 0.17s
2026-07-05 01:51:04,656 [DEBUG] yfinance OK: 3238
2026-07-05 01:51:04,862 [DEBUG] [TIME] 3238 income_stmt: 0.21s
2026-07-05 01:51:05,101 [DEBUG] [TIME] 3238 balance_sheet: 0.24s
2026-07-05 01:51:05,301 [DEBUG] [TIME] 3238 cashflow: 0.20s
2026-07-05 01:51:05,504 [DEBUG] [TIME] 3238 dividends: 0.20s
2026-07-05 01:51:05,504 [INFO] [DETAIL] 3238 セントラル総合開発: income_stmt=OK, balance_sheet=OK, cashflow=OK, dividends=OK
2026-07-05 01:51:05,505 [INFO] [TIME] 3238 セントラル総合開発 処理時間: 1.02s
2026-07-05 01:51:07,241 [DEBUG] [TIME] 323A info: 0.14s
2026-07-05 01:51:07,241 [DEBUG] yfinance OK: 323A
2026-07-05 01:51:07,405 [DEBUG] [TIME] 323A income_stmt: 0.16s
2026-07-05 01:51:07,615 [DEBUG] [TIME] 323A balance_sheet: 0.21s
2026-07-05 01:51:07,805 [DEBUG] [TIME] 323A cashflow: 0.19s
2026-07-05 01:51:07,898 [DEBUG] [TIME] 323A dividends: 0.09s
2026-07-05 01:51:07,898 [INFO] [DETAIL] 323A フライヤー: income_stmt=OK, balance_sheet=OK, cashflow=OK, dividends=EMPTY
2026-07-05 01:51:07,898 [INFO] [TIME] 323A フライヤー 処理時間: 0.80s
2026-07-05 01:51:09,659 [DEBUG] [TIME] 3241 info: 0.15s
2026-07-05 01:51:09,659 [DEBUG] yfinance OK: 3241
2026-07-05 01:51:09,890 [DEBUG] [TIME] 3241 income_stmt: 0.23s
2026-07-05 01:51:10,134 [DEBUG] [TIME] 3241 balance_sheet: 0.24s
2026-07-05 01:51:10,356 [DEBUG] [TIME] 3241 cashflow: 0.22s
2026-07-05 01:51:10,593 [DEBUG] [TIME] 3241 dividends: 0.24s
2026-07-05 01:51:10,594 [INFO] [DETAIL] 3241 ウィル: income_stmt=OK, balance_sheet=OK, cashflow=OK, dividends=OK
2026-07-05 01:51:10,594 [INFO] [TIME] 3241 ウィル 処理時間: 1.08s
2026-07-05 01:51:11,757 [DEBUG] [TIME] 3242 info: 0.15s
2026-07-05 01:51:11,757 [DEBUG] yfinance OK: 3242
2026-07-05 01:51:11,927 [DEBUG] [TIME] 3242 income_stmt: 0.17s
2026-07-05 01:51:12,195 [DEBUG] [TIME] 3242 balance_sheet: 0.27s
2026-07-05 01:51:12,414 [DEBUG] [TIME] 3242 cashflow: 0.22s
2026-07-05 01:51:12,700 [DEBUG] [TIME] 3242 dividends: 0.29s
2026-07-05 01:51:12,701 [INFO] [DETAIL] 3242 アーバネットコーポレーション: income_stmt=OK, balance_sheet=OK, cashflow=OK, dividends=OK
2026-07-05 01:51:12,701 [INFO] [TIME] 3242 アーバネットコーポレーション 処理時間: 1.09s
2026-07-05 01:51:14,442 [DEBUG] [TIME] 3245 info: 0.14s
2026-07-05 01:51:14,442 [DEBUG] yfinance OK: 3245
2026-07-05 01:51:14,645 [DEBUG] [TIME] 3245 income_stmt: 0.20s
2026-07-05 01:51:14,888 [DEBUG] [TIME] 3245 balance_sheet: 0.24s
2026-07-05 01:51:15,145 [DEBUG] [TIME] 3245 cashflow: 0.26s
2026-07-05 01:51:15,331 [DEBUG] [TIME] 3245 dividends: 0.19s
2026-07-05 01:51:15,332 [INFO] [DETAIL] 3245 ディア・ライフ: income_stmt=OK, balance_sheet=OK, cashflow=OK, dividends=OK
2026-07-05 01:51:15,332 [INFO] [TIME] 3245 ディア・ライフ 処理時間: 1.03s
2026-07-05 01:51:17,077 [DEBUG] [TIME] 3246 info: 0.15s
2026-07-05 01:51:17,077 [DEBUG] yfinance OK: 3246
2026-07-05 01:51:17,264 [DEBUG] [TIME] 3246 income_stmt: 0.19s
2026-07-05 01:51:17,516 [DEBUG] [TIME] 3246 balance_sheet: 0.25s
2026-07-05 01:51:17,723 [DEBUG] [TIME] 3246 cashflow: 0.21s
2026-07-05 01:51:17,914 [DEBUG] [TIME] 3246 dividends: 0.19s
2026-07-05 01:51:17,915 [INFO] [DETAIL] 3246 コーセーアールイー: income_stmt=OK, balance_sheet=OK, cashflow=OK, dividends=OK
2026-07-05 01:51:17,915 [INFO] [TIME] 3246 コーセーアールイー 処理時間: 0.99s
2026-07-05 01:51:19,927 [DEBUG] [TIME] 3248 info: 0.21s
2026-07-05 01:51:19,927 [DEBUG] yfinance OK: 3248
2026-07-05 01:51:20,126 [DEBUG] [TIME] 3248 income_stmt: 0.20s
2026-07-05 01:51:20,334 [DEBUG] [TIME] 3248 balance_sheet: 0.21s
2026-07-05 01:51:20,519 [DEBUG] [TIME] 3248 cashflow: 0.18s
2026-07-05 01:51:20,749 [DEBUG] [TIME] 3248 dividends: 0.23s
2026-07-05 01:51:20,750 [INFO] [DETAIL] 3248 アールエイジ: income_stmt=OK, balance_sheet=OK, cashflow=OK, dividends=OK
2026-07-05 01:51:20,750 [INFO] [TIME] 3248 アールエイジ 処理時間: 1.03s
2026-07-05 01:51:22,176 [DEBUG] [TIME] 324A info: 0.16s
2026-07-05 01:51:22,177 [DEBUG] yfinance OK: 324A
2026-07-05 01:51:22,395 [DEBUG] [TIME] 324A income_stmt: 0.22s
2026-07-05 01:51:22,624 [DEBUG] [TIME] 324A balance_sheet: 0.23s
2026-07-05 01:51:22,884 [DEBUG] [TIME] 324A cashflow: 0.26s
2026-07-05 01:51:23,006 [DEBUG] [TIME] 324A dividends: 0.12s
2026-07-05 01:51:23,006 [INFO] [DETAIL] 324A ブッキングリゾート: income_stmt=OK, balance_sheet=OK, cashflow=OK, dividends=EMPTY
2026-07-05 01:51:23,006 [INFO] [TIME] 324A ブッキングリゾート 処理時間: 0.99s
2026-07-05 01:51:24,750 [DEBUG] [TIME] 3252 info: 0.14s
2026-07-05 01:51:24,750 [DEBUG] yfinance OK: 3252
2026-07-05 01:51:24,948 [DEBUG] [TIME] 3252 income_stmt: 0.20s
2026-07-05 01:51:25,258 [DEBUG] [TIME] 3252 balance_sheet: 0.31s
2026-07-05 01:51:25,454 [DEBUG] [TIME] 3252 cashflow: 0.19s
2026-07-05 01:51:25,650 [DEBUG] [TIME] 3252 dividends: 0.19s
2026-07-05 01:51:25,651 [INFO] [DETAIL] 3252 地主: income_stmt=OK, balance_sheet=OK, cashflow=OK, dividends=OK
2026-07-05 01:51:25,651 [INFO] [TIME] 3252 地主 処理時間: 1.04s
2026-07-05 01:51:27,757 [DEBUG] [TIME] 325A info: 0.14s
2026-07-05 01:51:27,757 [DEBUG] yfinance OK: 325A
2026-07-05 01:51:27,969 [DEBUG] [TIME] 325A income_stmt: 0.21s
2026-07-05 01:51:28,175 [DEBUG] [TIME] 325A balance_sheet: 0.20s
2026-07-05 01:51:28,353 [DEBUG] [TIME] 325A cashflow: 0.18s
2026-07-05 01:51:28,436 [DEBUG] [TIME] 325A dividends: 0.08s
2026-07-05 01:51:28,436 [INFO] [DETAIL] 325A ＴＥＮＴＩＡＬ: income_stmt=OK, balance_sheet=OK, cashflow=OK, dividends=EMPTY
2026-07-05 01:51:28,436 [INFO] [TIME] 325A ＴＥＮＴＩＡＬ 処理時間: 0.82s
2026-07-05 01:51:30,576 [DEBUG] [TIME] 3261 info: 0.18s
2026-07-05 01:51:30,576 [DEBUG] yfinance OK: 3261
2026-07-05 01:51:30,795 [DEBUG] [TIME] 3261 income_stmt: 0.22s
2026-07-05 01:51:31,028 [DEBUG] [TIME] 3261 balance_sheet: 0.23s
2026-07-05 01:51:31,226 [DEBUG] [TIME] 3261 cashflow: 0.20s
2026-07-05 01:51:31,444 [DEBUG] [TIME] 3261 dividends: 0.22s
2026-07-05 01:51:31,445 [INFO] [DETAIL] 3261 グランディーズ: income_stmt=OK, balance_sheet=OK, cashflow=OK, dividends=OK
2026-07-05 01:51:31,445 [INFO] [TIME] 3261 グランディーズ 処理時間: 1.05s
2026-07-05 01:51:32,905 [DEBUG] [TIME] 3266 info: 0.14s
2026-07-05 01:51:32,905 [DEBUG] yfinance OK: 3266
2026-07-05 01:51:33,090 [DEBUG] [TIME] 3266 income_stmt: 0.19s
2026-07-05 01:51:33,304 [DEBUG] [TIME] 3266 balance_sheet: 0.21s
2026-07-05 01:51:33,508 [DEBUG] [TIME] 3266 cashflow: 0.20s
2026-07-05 01:51:33,669 [DEBUG] [TIME] 3266 dividends: 0.16s
2026-07-05 01:51:33,670 [INFO] [DETAIL] 3266 ファンドクリエーショングループ: income_stmt=OK, balance_sheet=OK, cashflow=OK, dividends=OK
2026-07-05 01:51:33,670 [INFO] [TIME] 3266 ファンドクリエーショングループ 処理時間: 0.91s
2026-07-05 01:51:35,137 [DEBUG] [TIME] 3267 info: 0.15s
2026-07-05 01:51:35,137 [DEBUG] yfinance OK: 3267
2026-07-05 01:51:35,323 [DEBUG] [TIME] 3267 income_stmt: 0.19s
2026-07-05 01:51:35,565 [DEBUG] [TIME] 3267 balance_sheet: 0.24s
2026-07-05 01:51:35,821 [DEBUG] [TIME] 3267 cashflow: 0.25s
2026-07-05 01:51:35,952 [DEBUG] [TIME] 3267 dividends: 0.13s
2026-07-05 01:51:35,953 [INFO] [DETAIL] 3267 フィル・カンパニー: income_stmt=OK, balance_sheet=OK, cashflow=OK, dividends=OK
2026-07-05 01:51:35,953 [INFO] [TIME] 3267 フィル・カンパニー 処理時間: 0.96s
2026-07-05 01:51:37,646 [DEBUG] [TIME] 3271 info: 0.19s
2026-07-05 01:51:37,646 [DEBUG] yfinance OK: 3271
2026-07-05 01:51:37,851 [DEBUG] [TIME] 3271 income_stmt: 0.21s
2026-07-05 01:51:38,138 [DEBUG] [TIME] 3271 balance_sheet: 0.29s
2026-07-05 01:51:38,341 [DEBUG] [TIME] 3271 cashflow: 0.20s
2026-07-05 01:51:38,559 [DEBUG] [TIME] 3271 dividends: 0.22s
2026-07-05 01:51:38,560 [INFO] [DETAIL] 3271 ＴＨＥグローバル社: income_stmt=OK, balance_sheet=OK, cashflow=OK, dividends=OK
2026-07-05 01:51:38,560 [INFO] [TIME] 3271 ＴＨＥグローバル社 処理時間: 1.10s
2026-07-05 01:51:40,155 [DEBUG] [TIME] 3276 info: 0.18s
2026-07-05 01:51:40,155 [DEBUG] yfinance OK: 3276
2026-07-05 01:51:40,343 [DEBUG] [TIME] 3276 income_stmt: 0.19s
2026-07-05 01:51:40,598 [DEBUG] [TIME] 3276 balance_sheet: 0.25s
2026-07-05 01:51:40,799 [DEBUG] [TIME] 3276 cashflow: 0.20s
2026-07-05 01:51:41,002 [DEBUG] [TIME] 3276 dividends: 0.20s
2026-07-05 01:51:41,003 [INFO] [DETAIL] 3276 ＪＰＭＣ: income_stmt=OK, balance_sheet=OK, cashflow=OK, dividends=OK
2026-07-05 01:51:41,003 [INFO] [TIME] 3276 ＪＰＭＣ 処理時間: 1.03s
2026-07-05 01:51:42,669 [DEBUG] [TIME] 3277 info: 0.14s
2026-07-05 01:51:42,669 [DEBUG] yfinance OK: 3277
2026-07-05 01:51:42,894 [DEBUG] [TIME] 3277 income_stmt: 0.22s
2026-07-05 01:51:43,141 [DEBUG] [TIME] 3277 balance_sheet: 0.25s
2026-07-05 01:51:43,367 [DEBUG] [TIME] 3277 cashflow: 0.23s
2026-07-05 01:51:43,624 [DEBUG] [TIME] 3277 dividends: 0.26s
2026-07-05 01:51:43,625 [INFO] [DETAIL] 3277 サンセイランディック: income_stmt=OK, balance_sheet=OK, cashflow=OK, dividends=OK
2026-07-05 01:51:43,625 [INFO] [TIME] 3277 サンセイランディック 処理時間: 1.10s
2026-07-05 01:51:45,137 [DEBUG] [TIME] 3280 info: 0.14s
2026-07-05 01:51:45,137 [DEBUG] yfinance OK: 3280
2026-07-05 01:51:45,319 [DEBUG] [TIME] 3280 income_stmt: 0.18s
2026-07-05 01:51:45,561 [DEBUG] [TIME] 3280 balance_sheet: 0.24s
2026-07-05 01:51:45,753 [DEBUG] [TIME] 3280 cashflow: 0.19s
2026-07-05 01:51:45,924 [DEBUG] [TIME] 3280 dividends: 0.17s
2026-07-05 01:51:45,925 [INFO] [DETAIL] 3280 エストラスト: income_stmt=OK, balance_sheet=OK, cashflow=OK, dividends=OK
2026-07-05 01:51:45,925 [INFO] [TIME] 3280 エストラスト 処理時間: 0.93s
2026-07-05 01:51:47,938 [DEBUG] [TIME] 3284 info: 0.17s
2026-07-05 01:51:47,938 [DEBUG] yfinance OK: 3284
2026-07-05 01:51:48,107 [DEBUG] [TIME] 3284 income_stmt: 0.17s
2026-07-05 01:51:48,330 [DEBUG] [TIME] 3284 balance_sheet: 0.22s
2026-07-05 01:51:48,565 [DEBUG] [TIME] 3284 cashflow: 0.23s
2026-07-05 01:51:48,735 [DEBUG] [TIME] 3284 dividends: 0.17s
2026-07-05 01:51:48,736 [INFO] [DETAIL] 3284 フージャースホールディングス: income_stmt=OK, balance_sheet=OK, cashflow=OK, dividends=OK
2026-07-05 01:51:48,736 [INFO] [TIME] 3284 フージャースホールディングス 処理時間: 0.97s
2026-07-05 01:51:50,576 [DEBUG] [TIME] 3286 info: 0.14s
2026-07-05 01:51:50,577 [DEBUG] yfinance OK: 3286
2026-07-05 01:51:50,805 [DEBUG] [TIME] 3286 income_stmt: 0.23s
2026-07-05 01:51:51,001 [DEBUG] [TIME] 3286 balance_sheet: 0.20s
2026-07-05 01:51:51,188 [DEBUG] [TIME] 3286 cashflow: 0.19s
2026-07-05 01:51:51,356 [DEBUG] [TIME] 3286 dividends: 0.17s
2026-07-05 01:51:51,357 [INFO] [DETAIL] 3286 トラストホールディングス: income_stmt=OK, balance_sheet=OK, cashflow=OK, dividends=OK
2026-07-05 01:51:51,357 [INFO] [TIME] 3286 トラストホールディングス 処理時間: 0.92s
2026-07-05 01:51:52,713 [DEBUG] [TIME] 3288 info: 0.14s
2026-07-05 01:51:52,713 [DEBUG] yfinance OK: 3288
2026-07-05 01:51:52,914 [DEBUG] [TIME] 3288 income_stmt: 0.20s
2026-07-05 01:51:53,177 [DEBUG] [TIME] 3288 balance_sheet: 0.26s
2026-07-05 01:51:53,370 [DEBUG] [TIME] 3288 cashflow: 0.19s
2026-07-05 01:51:53,561 [DEBUG] [TIME] 3288 dividends: 0.19s
2026-07-05 01:51:53,563 [INFO] [DETAIL] 3288 オープンハウスグループ: income_stmt=OK, balance_sheet=OK, cashflow=OK, dividends=OK
2026-07-05 01:51:53,563 [INFO] [TIME] 3288 オープンハウスグループ 処理時間: 0.99s
2026-07-05 01:51:55,600 [DEBUG] [TIME] 3289 info: 0.15s
2026-07-05 01:51:55,600 [DEBUG] yfinance OK: 3289
2026-07-05 01:51:55,799 [DEBUG] [TIME] 3289 income_stmt: 0.20s
2026-07-05 01:51:56,059 [DEBUG] [TIME] 3289 balance_sheet: 0.26s
2026-07-05 01:51:56,271 [DEBUG] [TIME] 3289 cashflow: 0.21s
2026-07-05 01:51:56,473 [DEBUG] [TIME] 3289 dividends: 0.20s
2026-07-05 01:51:56,474 [INFO] [DETAIL] 3289 東急不動産ホールディングス: income_stmt=OK, balance_sheet=OK, cashflow=OK, dividends=OK
2026-07-05 01:51:56,474 [INFO] [TIME] 3289 東急不動産ホールディングス 処理時間: 1.02s
2026-07-05 01:51:57,925 [DEBUG] [TIME] 3291 info: 0.14s
2026-07-05 01:51:57,925 [DEBUG] yfinance OK: 3291
2026-07-05 01:51:58,104 [DEBUG] [TIME] 3291 income_stmt: 0.18s
2026-07-05 01:51:58,332 [DEBUG] [TIME] 3291 balance_sheet: 0.23s
2026-07-05 01:51:58,501 [DEBUG] [TIME] 3291 cashflow: 0.17s
2026-07-05 01:51:58,685 [DEBUG] [TIME] 3291 dividends: 0.18s
2026-07-05 01:51:58,686 [INFO] [DETAIL] 3291 飯田グループホールディングス: income_stmt=OK, balance_sheet=OK, cashflow=OK, dividends=OK
2026-07-05 01:51:58,686 [INFO] [TIME] 3291 飯田グループホールディングス 処理時間: 0.91s
2026-07-05 01:52:00,343 [DEBUG] [TIME] 3293 info: 0.17s
2026-07-05 01:52:00,343 [DEBUG] yfinance OK: 3293
2026-07-05 01:52:00,553 [DEBUG] [TIME] 3293 income_stmt: 0.21s
2026-07-05 01:52:00,762 [DEBUG] [TIME] 3293 balance_sheet: 0.21s
2026-07-05 01:52:00,926 [DEBUG] [TIME] 3293 cashflow: 0.16s
2026-07-05 01:52:01,127 [DEBUG] [TIME] 3293 dividends: 0.20s
2026-07-05 01:52:01,128 [INFO] [DETAIL] 3293 アズマハウス: income_stmt=OK, balance_sheet=OK, cashflow=OK, dividends=OK
2026-07-05 01:52:01,128 [INFO] [TIME] 3293 アズマハウス 処理時間: 0.96s
2026-07-05 01:52:02,820 [DEBUG] [TIME] 3294 info: 0.14s
2026-07-05 01:52:02,820 [WARNING] yfinance データなし: 3294
2026-07-05 01:52:02,820 [INFO] [TIME] 3294 イーグランド 処理時間: 0.14s
2026-07-05 01:52:04,023 [DEBUG] [TIME] 3297 info: 0.15s
2026-07-05 01:52:04,023 [DEBUG] yfinance OK: 3297
2026-07-05 01:52:05,006 [DEBUG] [TIME] 3297 income_stmt: 0.98s
2026-07-05 01:52:05,260 [DEBUG] [TIME] 3297 balance_sheet: 0.25s
2026-07-05 01:52:05,435 [DEBUG] [TIME] 3297 cashflow: 0.17s
2026-07-05 01:52:05,631 [DEBUG] [TIME] 3297 dividends: 0.20s
2026-07-05 01:52:05,632 [INFO] [DETAIL] 3297 東武住販: income_stmt=OK, balance_sheet=OK, cashflow=OK, dividends=OK
2026-07-05 01:52:05,632 [INFO] [TIME] 3297 東武住販 処理時間: 1.76s
2026-07-05 01:52:07,333 [DEBUG] [TIME] 3299 info: 0.14s
2026-07-05 01:52:07,334 [DEBUG] yfinance OK: 3299
2026-07-05 01:52:07,527 [DEBUG] [TIME] 3299 income_stmt: 0.19s
2026-07-05 01:52:07,780 [DEBUG] [TIME] 3299 balance_sheet: 0.25s
2026-07-05 01:52:07,963 [DEBUG] [TIME] 3299 cashflow: 0.18s
2026-07-05 01:52:08,145 [DEBUG] [TIME] 3299 dividends: 0.18s
2026-07-05 01:52:08,146 [INFO] [DETAIL] 3299 ムゲンエステート: income_stmt=OK, balance_sheet=OK, cashflow=OK, dividends=OK
2026-07-05 01:52:08,147 [INFO] [TIME] 3299 ムゲンエステート 処理時間: 0.95s
2026-07-05 01:52:09,768 [DEBUG] [TIME] 3300 info: 0.14s
2026-07-05 01:52:09,768 [DEBUG] yfinance OK: 3300
2026-07-05 01:52:09,953 [DEBUG] [TIME] 3300 income_stmt: 0.18s
2026-07-05 01:52:10,209 [DEBUG] [TIME] 3300 balance_sheet: 0.25s
2026-07-05 01:52:10,387 [DEBUG] [TIME] 3300 cashflow: 0.18s
2026-07-05 01:52:10,572 [DEBUG] [TIME] 3300 dividends: 0.18s
2026-07-05 01:52:10,573 [INFO] [DETAIL] 3300 アンビション　ＤＸ　ホールディングス: income_stmt=OK, balance_sheet=OK, cashflow=OK, dividends=OK
2026-07-05 01:52:10,573 [INFO] [TIME] 3300 アンビション　ＤＸ　ホールディングス 処理時間: 0.95s
2026-07-05 01:52:11,961 [DEBUG] [TIME] 3302 info: 0.14s
2026-07-05 01:52:11,961 [DEBUG] yfinance OK: 3302
2026-07-05 01:52:12,133 [DEBUG] [TIME] 3302 income_stmt: 0.17s
2026-07-05 01:52:12,404 [DEBUG] [TIME] 3302 balance_sheet: 0.27s
2026-07-05 01:52:12,681 [DEBUG] [TIME] 3302 cashflow: 0.28s
2026-07-05 01:52:12,965 [DEBUG] [TIME] 3302 dividends: 0.28s
2026-07-05 01:52:12,966 [INFO] [DETAIL] 3302 帝国繊維: income_stmt=OK, balance_sheet=OK, cashflow=OK, dividends=OK
2026-07-05 01:52:12,966 [INFO] [TIME] 3302 帝国繊維 処理時間: 1.14s
2026-07-05 01:52:14,164 [DEBUG] [TIME] 3306 info: 0.13s
2026-07-05 01:52:14,164 [DEBUG] yfinance OK: 3306
2026-07-05 01:52:14,379 [DEBUG] [TIME] 3306 income_stmt: 0.22s
2026-07-05 01:52:14,628 [DEBUG] [TIME] 3306 balance_sheet: 0.25s
2026-07-05 01:52:14,831 [DEBUG] [TIME] 3306 cashflow: 0.20s
2026-07-05 01:52:15,063 [DEBUG] [TIME] 3306 dividends: 0.23s
2026-07-05 01:52:15,064 [INFO] [DETAIL] 3306 日本製麻: income_stmt=OK, balance_sheet=OK, cashflow=OK, dividends=OK
2026-07-05 01:52:15,064 [INFO] [TIME] 3306 日本製麻 処理時間: 1.04s
2026-07-05 01:52:16,636 [DEBUG] [TIME] 330A info: 0.21s
2026-07-05 01:52:16,636 [DEBUG] yfinance OK: 330A
2026-07-05 01:52:16,780 [DEBUG] [TIME] 330A income_stmt: 0.14s
2026-07-05 01:52:17,020 [DEBUG] [TIME] 330A balance_sheet: 0.24s
2026-07-05 01:52:17,196 [DEBUG] [TIME] 330A cashflow: 0.18s
2026-07-05 01:52:17,270 [DEBUG] [TIME] 330A dividends: 0.07s
2026-07-05 01:52:17,270 [INFO] [DETAIL] 330A ＴａｌｅｎｔＸ: income_stmt=OK, balance_sheet=OK, cashflow=OK, dividends=EMPTY
2026-07-05 01:52:17,270 [INFO] [TIME] 330A ＴａｌｅｎｔＸ 処理時間: 0.85s
2026-07-05 01:52:18,578 [DEBUG] [TIME] 3315 info: 0.14s
2026-07-05 01:52:18,578 [DEBUG] yfinance OK: 3315
2026-07-05 01:52:18,759 [DEBUG] [TIME] 3315 income_stmt: 0.18s
2026-07-05 01:52:18,966 [DEBUG] [TIME] 3315 balance_sheet: 0.21s
2026-07-05 01:52:19,215 [DEBUG] [TIME] 3315 cashflow: 0.25s
2026-07-05 01:52:19,495 [DEBUG] [TIME] 3315 dividends: 0.28s
2026-07-05 01:52:19,496 [INFO] [DETAIL] 3315 日本コークス工業: income_stmt=OK, balance_sheet=OK, cashflow=OK, dividends=OK
2026-07-05 01:52:19,496 [INFO] [TIME] 3315 日本コークス工業 処理時間: 1.06s
2026-07-05 01:52:21,661 [DEBUG] [TIME] 3317 info: 0.16s
2026-07-05 01:52:21,661 [DEBUG] yfinance OK: 3317
2026-07-05 01:52:21,854 [DEBUG] [TIME] 3317 income_stmt: 0.19s
2026-07-05 01:52:22,072 [DEBUG] [TIME] 3317 balance_sheet: 0.22s
2026-07-05 01:52:22,284 [DEBUG] [TIME] 3317 cashflow: 0.21s
2026-07-05 01:52:22,504 [DEBUG] [TIME] 3317 dividends: 0.22s
2026-07-05 01:52:22,505 [INFO] [DETAIL] 3317 フライングガーデン: income_stmt=OK, balance_sheet=OK, cashflow=OK, dividends=OK
2026-07-05 01:52:22,505 [INFO] [TIME] 3317 フライングガーデン 処理時間: 1.00s
2026-07-05 01:52:23,668 [DEBUG] [TIME] 331A info: 0.14s
2026-07-05 01:52:23,668 [DEBUG] yfinance OK: 331A
2026-07-05 01:52:23,830 [DEBUG] [TIME] 331A income_stmt: 0.16s
2026-07-05 01:52:24,031 [DEBUG] [TIME] 331A balance_sheet: 0.20s
2026-07-05 01:52:24,219 [DEBUG] [TIME] 331A cashflow: 0.19s
2026-07-05 01:52:24,300 [DEBUG] [TIME] 331A dividends: 0.08s
2026-07-05 01:52:24,301 [INFO] [DETAIL] 331A メディックス: income_stmt=OK, balance_sheet=OK, cashflow=OK, dividends=OK
2026-07-05 01:52:24,301 [INFO] [TIME] 331A メディックス 処理時間: 0.78s
2026-07-05 01:52:25,624 [DEBUG] [TIME] 3320 info: 0.20s
2026-07-05 01:52:25,624 [DEBUG] yfinance OK: 3320
2026-07-05 01:52:25,837 [DEBUG] [TIME] 3320 income_stmt: 0.21s
2026-07-05 01:52:26,117 [DEBUG] [TIME] 3320 balance_sheet: 0.28s
2026-07-05 01:52:26,321 [DEBUG] [TIME] 3320 cashflow: 0.20s
2026-07-05 01:52:26,536 [DEBUG] [TIME] 3320 dividends: 0.21s
2026-07-05 01:52:26,537 [INFO] [DETAIL] 3320 クロスプラス: income_stmt=OK, balance_sheet=OK, cashflow=OK, dividends=OK
2026-07-05 01:52:26,537 [INFO] [TIME] 3320 クロスプラス 処理時間: 1.11s
2026-07-05 01:52:28,207 [DEBUG] [TIME] 3321 info: 0.19s
2026-07-05 01:52:28,207 [DEBUG] yfinance OK: 3321
2026-07-05 01:52:28,391 [DEBUG] [TIME] 3321 income_stmt: 0.18s
2026-07-05 01:52:28,614 [DEBUG] [TIME] 3321 balance_sheet: 0.22s
2026-07-05 01:52:28,825 [DEBUG] [TIME] 3321 cashflow: 0.21s
2026-07-05 01:52:29,084 [DEBUG] [TIME] 3321 dividends: 0.26s
2026-07-05 01:52:29,085 [INFO] [DETAIL] 3321 ミタチ産業: income_stmt=OK, balance_sheet=OK, cashflow=OK, dividends=OK
2026-07-05 01:52:29,085 [INFO] [TIME] 3321 ミタチ産業 処理時間: 1.07s
2026-07-05 01:52:30,650 [DEBUG] [TIME] 3323 info: 0.17s
2026-07-05 01:52:30,650 [DEBUG] yfinance OK: 3323
2026-07-05 01:52:30,847 [DEBUG] [TIME] 3323 income_stmt: 0.20s
2026-07-05 01:52:31,073 [DEBUG] [TIME] 3323 balance_sheet: 0.23s
2026-07-05 01:52:31,290 [DEBUG] [TIME] 3323 cashflow: 0.22s
2026-07-05 01:52:31,497 [DEBUG] [TIME] 3323 dividends: 0.21s
2026-07-05 01:52:31,497 [INFO] [DETAIL] 3323 レカム: income_stmt=OK, balance_sheet=OK, cashflow=OK, dividends=OK
2026-07-05 01:52:31,498 [INFO] [TIME] 3323 レカム 処理時間: 1.01s
2026-07-05 01:52:33,212 [DEBUG] [TIME] 3326 info: 0.16s
2026-07-05 01:52:33,212 [DEBUG] yfinance OK: 3326
2026-07-05 01:52:33,376 [DEBUG] [TIME] 3326 income_stmt: 0.16s
2026-07-05 01:52:33,624 [DEBUG] [TIME] 3326 balance_sheet: 0.25s
2026-07-05 01:52:33,817 [DEBUG] [TIME] 3326 cashflow: 0.19s
2026-07-05 01:52:34,031 [DEBUG] [TIME] 3326 dividends: 0.21s
2026-07-05 01:52:34,032 [INFO] [DETAIL] 3326 ランシステム: income_stmt=OK, balance_sheet=OK, cashflow=OK, dividends=OK
2026-07-05 01:52:34,032 [INFO] [TIME] 3326 ランシステム 処理時間: 0.98s
2026-07-05 01:52:35,187 [DEBUG] [TIME] 3329 info: 0.14s
2026-07-05 01:52:35,187 [DEBUG] yfinance OK: 3329
2026-07-05 01:52:35,375 [DEBUG] [TIME] 3329 income_stmt: 0.19s
2026-07-05 01:52:35,601 [DEBUG] [TIME] 3329 balance_sheet: 0.23s
2026-07-05 01:52:35,842 [DEBUG] [TIME] 3329 cashflow: 0.24s
2026-07-05 01:52:36,071 [DEBUG] [TIME] 3329 dividends: 0.23s
2026-07-05 01:52:36,072 [INFO] [DETAIL] 3329 東和フードサービス: income_stmt=OK, balance_sheet=OK, cashflow=OK, dividends=OK
2026-07-05 01:52:36,072 [INFO] [TIME] 3329 東和フードサービス 処理時間: 1.03s
2026-07-05 01:52:38,211 [DEBUG] [TIME] 332A info: 0.15s
2026-07-05 01:52:38,211 [DEBUG] yfinance OK: 332A
2026-07-05 01:52:38,397 [DEBUG] [TIME] 332A income_stmt: 0.19s
2026-07-05 01:52:38,619 [DEBUG] [TIME] 332A balance_sheet: 0.22s
2026-07-05 01:52:38,837 [DEBUG] [TIME] 332A cashflow: 0.22s
2026-07-05 01:52:38,912 [DEBUG] [TIME] 332A dividends: 0.07s
2026-07-05 01:52:38,912 [INFO] [DETAIL] 332A ミーク: income_stmt=OK, balance_sheet=OK, cashflow=OK, dividends=EMPTY
2026-07-05 01:52:38,912 [INFO] [TIME] 332A ミーク 処理時間: 0.85s
2026-07-05 01:52:40,813 [DEBUG] [TIME] 3333 info: 0.15s
2026-07-05 01:52:40,813 [DEBUG] yfinance OK: 3333
2026-07-05 01:52:40,994 [DEBUG] [TIME] 3333 income_stmt: 0.18s
2026-07-05 01:52:41,216 [DEBUG] [TIME] 3333 balance_sheet: 0.22s
2026-07-05 01:52:41,392 [DEBUG] [TIME] 3333 cashflow: 0.17s
2026-07-05 01:52:41,649 [DEBUG] [TIME] 3333 dividends: 0.26s
2026-07-05 01:52:41,650 [INFO] [DETAIL] 3333 あさひ: income_stmt=OK, balance_sheet=OK, cashflow=OK, dividends=OK
2026-07-05 01:52:41,650 [INFO] [TIME] 3333 あさひ 処理時間: 0.99s
2026-07-05 01:52:42,853 [DEBUG] [TIME] 3349 info: 0.14s
2026-07-05 01:52:42,854 [DEBUG] yfinance OK: 3349
2026-07-05 01:52:43,030 [DEBUG] [TIME] 3349 income_stmt: 0.18s
2026-07-05 01:52:43,254 [DEBUG] [TIME] 3349 balance_sheet: 0.22s
2026-07-05 01:52:43,431 [DEBUG] [TIME] 3349 cashflow: 0.18s
2026-07-05 01:52:43,651 [DEBUG] [TIME] 3349 dividends: 0.22s
2026-07-05 01:52:43,652 [INFO] [DETAIL] 3349 コスモス薬品: income_stmt=OK, balance_sheet=OK, cashflow=OK, dividends=OK
2026-07-05 01:52:43,652 [INFO] [TIME] 3349 コスモス薬品 処理時間: 0.94s
2026-07-05 01:52:44,990 [DEBUG] [TIME] 334A info: 0.15s
2026-07-05 01:52:44,990 [DEBUG] yfinance OK: 334A
2026-07-05 01:52:45,215 [DEBUG] [TIME] 334A income_stmt: 0.22s
2026-07-05 01:52:45,426 [DEBUG] [TIME] 334A balance_sheet: 0.21s
2026-07-05 01:52:45,618 [DEBUG] [TIME] 334A cashflow: 0.19s
2026-07-05 01:52:45,760 [DEBUG] [TIME] 334A dividends: 0.14s
2026-07-05 01:52:45,761 [INFO] [DETAIL] 334A ビジュアル・プロセッシング・ジャパン: income_stmt=OK, balance_sheet=OK, cashflow=OK, dividends=OK
2026-07-05 01:52:45,761 [INFO] [TIME] 334A ビジュアル・プロセッシング・ジャパン 処理時間: 0.92s
2026-07-05 01:52:47,755 [DEBUG] [TIME] 3350 info: 0.14s
2026-07-05 01:52:47,756 [DEBUG] yfinance OK: 3350
2026-07-05 01:52:47,942 [DEBUG] [TIME] 3350 income_stmt: 0.19s
2026-07-05 01:52:48,161 [DEBUG] [TIME] 3350 balance_sheet: 0.22s
2026-07-05 01:52:48,385 [DEBUG] [TIME] 3350 cashflow: 0.22s
2026-07-05 01:52:48,573 [DEBUG] [TIME] 3350 dividends: 0.19s
2026-07-05 01:52:48,573 [INFO] [DETAIL] 3350 メタプラネット: income_stmt=OK, balance_sheet=OK, cashflow=OK, dividends=EMPTY
2026-07-05 01:52:48,573 [INFO] [TIME] 3350 メタプラネット 処理時間: 0.96s
2026-07-05 01:52:50,214 [DEBUG] [TIME] 3352 info: 0.14s
2026-07-05 01:52:50,215 [DEBUG] yfinance OK: 3352
2026-07-05 01:52:50,414 [DEBUG] [TIME] 3352 income_stmt: 0.20s
2026-07-05 01:52:50,695 [DEBUG] [TIME] 3352 balance_sheet: 0.28s
2026-07-05 01:52:50,932 [DEBUG] [TIME] 3352 cashflow: 0.24s
2026-07-05 01:52:51,156 [DEBUG] [TIME] 3352 dividends: 0.22s
2026-07-05 01:52:51,157 [INFO] [DETAIL] 3352 バッファロー: income_stmt=OK, balance_sheet=OK, cashflow=OK, dividends=OK
2026-07-05 01:52:51,157 [INFO] [TIME] 3352 バッファロー 処理時間: 1.08s
2026-07-05 01:52:52,497 [DEBUG] [TIME] 3353 info: 0.14s
2026-07-05 01:52:52,497 [DEBUG] yfinance OK: 3353
2026-07-05 01:52:52,705 [DEBUG] [TIME] 3353 income_stmt: 0.21s
2026-07-05 01:52:52,970 [DEBUG] [TIME] 3353 balance_sheet: 0.26s
2026-07-05 01:52:53,187 [DEBUG] [TIME] 3353 cashflow: 0.22s
2026-07-05 01:52:53,467 [DEBUG] [TIME] 3353 dividends: 0.28s
2026-07-05 01:52:53,468 [INFO] [DETAIL] 3353 メディカル一光グループ: income_stmt=OK, balance_sheet=OK, cashflow=OK, dividends=OK
2026-07-05 01:52:53,469 [INFO] [TIME] 3353 メディカル一光グループ 処理時間: 1.11s
2026-07-05 01:52:55,215 [DEBUG] [TIME] 3355 info: 0.19s
2026-07-05 01:52:55,215 [DEBUG] yfinance OK: 3355
2026-07-05 01:52:55,400 [DEBUG] [TIME] 3355 income_stmt: 0.19s
2026-07-05 01:52:55,658 [DEBUG] [TIME] 3355 balance_sheet: 0.26s
2026-07-05 01:52:55,849 [DEBUG] [TIME] 3355 cashflow: 0.19s
2026-07-05 01:52:56,095 [DEBUG] [TIME] 3355 dividends: 0.25s
2026-07-05 01:52:56,097 [INFO] [DETAIL] 3355 クリヤマホールディングス: income_stmt=OK, balance_sheet=OK, cashflow=OK, dividends=OK
2026-07-05 01:52:56,097 [INFO] [TIME] 3355 クリヤマホールディングス 処理時間: 1.07s
2026-07-05 01:52:57,845 [DEBUG] [TIME] 3358 info: 0.16s
2026-07-05 01:52:57,845 [DEBUG] yfinance OK: 3358
2026-07-05 01:52:58,041 [DEBUG] [TIME] 3358 income_stmt: 0.20s
2026-07-05 01:52:58,309 [DEBUG] [TIME] 3358 balance_sheet: 0.27s
2026-07-05 01:52:58,522 [DEBUG] [TIME] 3358 cashflow: 0.21s
2026-07-05 01:52:58,859 [DEBUG] [TIME] 3358 dividends: 0.34s
2026-07-05 01:52:58,860 [INFO] [DETAIL] 3358 Ｔｒａｉｌｈｅａｄ　Ｇｌｏｂａｌ　Ｈｏｌｄｉｎｇｓ: income_stmt=OK, balance_sheet=OK, cashflow=OK, dividends=OK
2026-07-05 01:52:58,860 [INFO] [TIME] 3358 Ｔｒａｉｌｈｅａｄ　Ｇｌｏｂａｌ　Ｈｏｌｄｉｎｇｓ 処理時間: 1.18s
2026-07-05 01:53:00,378 [DEBUG] [TIME] 3359 info: 0.18s
2026-07-05 01:53:00,378 [DEBUG] yfinance OK: 3359
2026-07-05 01:53:00,609 [DEBUG] [TIME] 3359 income_stmt: 0.23s
2026-07-05 01:53:00,952 [DEBUG] [TIME] 3359 balance_sheet: 0.34s
2026-07-05 01:53:01,205 [DEBUG] [TIME] 3359 cashflow: 0.25s
2026-07-05 01:53:01,429 [DEBUG] [TIME] 3359 dividends: 0.22s
2026-07-05 01:53:01,430 [INFO] [DETAIL] 3359 ｃｏｔｔａ: income_stmt=OK, balance_sheet=OK, cashflow=OK, dividends=OK
2026-07-05 01:53:01,430 [INFO] [TIME] 3359 ｃｏｔｔａ 処理時間: 1.23s
2026-07-05 01:53:02,830 [DEBUG] [TIME] 335A info: 0.26s
2026-07-05 01:53:02,830 [DEBUG] yfinance OK: 335A
2026-07-05 01:53:02,992 [DEBUG] [TIME] 335A income_stmt: 0.16s
2026-07-05 01:53:03,207 [DEBUG] [TIME] 335A balance_sheet: 0.21s
2026-07-05 01:53:03,418 [DEBUG] [TIME] 335A cashflow: 0.21s
2026-07-05 01:53:03,512 [DEBUG] [TIME] 335A dividends: 0.09s
2026-07-05 01:53:03,512 [INFO] [DETAIL] 335A ミライロ: income_stmt=OK, balance_sheet=OK, cashflow=OK, dividends=EMPTY
2026-07-05 01:53:03,512 [INFO] [TIME] 335A ミライロ 処理時間: 0.94s
2026-07-05 01:53:05,176 [DEBUG] [TIME] 3360 info: 0.14s
2026-07-05 01:53:05,176 [DEBUG] yfinance OK: 3360
2026-07-05 01:53:05,345 [DEBUG] [TIME] 3360 income_stmt: 0.17s
2026-07-05 01:53:05,622 [DEBUG] [TIME] 3360 balance_sheet: 0.28s
2026-07-05 01:53:05,855 [DEBUG] [TIME] 3360 cashflow: 0.23s
2026-07-05 01:53:06,114 [DEBUG] [TIME] 3360 dividends: 0.26s
2026-07-05 01:53:06,115 [INFO] [DETAIL] 3360 シップヘルスケアホールディングス: income_stmt=OK, balance_sheet=OK, cashflow=OK, dividends=OK
2026-07-05 01:53:06,115 [INFO] [TIME] 3360 シップヘルスケアホールディングス 処理時間: 1.08s
2026-07-05 01:53:07,812 [DEBUG] [TIME] 3361 info: 0.21s
2026-07-05 01:53:07,812 [DEBUG] yfinance OK: 3361
2026-07-05 01:53:08,005 [DEBUG] [TIME] 3361 income_stmt: 0.19s
2026-07-05 01:53:08,237 [DEBUG] [TIME] 3361 balance_sheet: 0.23s
2026-07-05 01:53:08,420 [DEBUG] [TIME] 3361 cashflow: 0.18s
2026-07-05 01:53:08,668 [DEBUG] [TIME] 3361 dividends: 0.25s
2026-07-05 01:53:08,669 [INFO] [DETAIL] 3361 トーエル: income_stmt=OK, balance_sheet=OK, cashflow=OK, dividends=OK
2026-07-05 01:53:08,669 [INFO] [TIME] 3361 トーエル 処理時間: 1.07s
2026-07-05 01:53:10,375 [DEBUG] [TIME] 336A info: 0.21s
2026-07-05 01:53:10,375 [DEBUG] yfinance OK: 336A
2026-07-05 01:53:10,562 [DEBUG] [TIME] 336A income_stmt: 0.19s
2026-07-05 01:53:10,830 [DEBUG] [TIME] 336A balance_sheet: 0.27s
2026-07-05 01:53:11,053 [DEBUG] [TIME] 336A cashflow: 0.22s
2026-07-05 01:53:11,171 [DEBUG] [TIME] 336A dividends: 0.12s
2026-07-05 01:53:11,171 [INFO] [DETAIL] 336A ダイナミックマッププラットフォーム: income_stmt=OK, balance_sheet=OK, cashflow=OK, dividends=EMPTY
2026-07-05 01:53:11,171 [INFO] [TIME] 336A ダイナミックマッププラットフォーム 処理時間: 1.00s
2026-07-05 01:53:12,536 [DEBUG] [TIME] 3370 info: 0.17s
2026-07-05 01:53:12,537 [DEBUG] yfinance OK: 3370
2026-07-05 01:53:12,765 [DEBUG] [TIME] 3370 income_stmt: 0.23s
2026-07-05 01:53:13,020 [DEBUG] [TIME] 3370 balance_sheet: 0.25s
2026-07-05 01:53:13,255 [DEBUG] [TIME] 3370 cashflow: 0.23s
2026-07-05 01:53:13,481 [DEBUG] [TIME] 3370 dividends: 0.23s
2026-07-05 01:53:13,482 [INFO] [DETAIL] 3370 フジタコーポレーション: income_stmt=OK, balance_sheet=OK, cashflow=OK, dividends=OK
2026-07-05 01:53:13,482 [INFO] [TIME] 3370 フジタコーポレーション 処理時間: 1.12s
2026-07-05 01:53:14,849 [DEBUG] [TIME] 3371 info: 0.14s
2026-07-05 01:53:14,849 [DEBUG] yfinance OK: 3371
2026-07-05 01:53:15,033 [DEBUG] [TIME] 3371 income_stmt: 0.18s
2026-07-05 01:53:15,242 [DEBUG] [TIME] 3371 balance_sheet: 0.21s
2026-07-05 01:53:15,450 [DEBUG] [TIME] 3371 cashflow: 0.21s
2026-07-05 01:53:15,744 [DEBUG] [TIME] 3371 dividends: 0.29s
2026-07-05 01:53:15,745 [INFO] [DETAIL] 3371 ソフトクリエイトホールディングス: income_stmt=OK, balance_sheet=OK, cashflow=OK, dividends=OK
2026-07-05 01:53:15,745 [INFO] [TIME] 3371 ソフトクリエイトホールディングス 処理時間: 1.04s
2026-07-05 01:53:17,635 [DEBUG] [TIME] 3372 info: 0.18s
2026-07-05 01:53:17,635 [DEBUG] yfinance OK: 3372
2026-07-05 01:53:17,796 [DEBUG] [TIME] 3372 income_stmt: 0.16s
2026-07-05 01:53:18,002 [DEBUG] [TIME] 3372 balance_sheet: 0.21s
2026-07-05 01:53:18,176 [DEBUG] [TIME] 3372 cashflow: 0.17s
2026-07-05 01:53:18,328 [DEBUG] [TIME] 3372 dividends: 0.15s
2026-07-05 01:53:18,328 [INFO] [DETAIL] 3372 関門海: income_stmt=OK, balance_sheet=OK, cashflow=OK, dividends=EMPTY
2026-07-05 01:53:18,328 [INFO] [TIME] 3372 関門海 処理時間: 0.87s
2026-07-05 01:53:19,802 [DEBUG] [TIME] 3374 info: 0.22s
2026-07-05 01:53:19,802 [DEBUG] yfinance OK: 3374
2026-07-05 01:53:19,991 [DEBUG] [TIME] 3374 income_stmt: 0.19s
2026-07-05 01:53:20,236 [DEBUG] [TIME] 3374 balance_sheet: 0.24s
2026-07-05 01:53:20,426 [DEBUG] [TIME] 3374 cashflow: 0.19s
2026-07-05 01:53:20,698 [DEBUG] [TIME] 3374 dividends: 0.27s
2026-07-05 01:53:20,699 [INFO] [DETAIL] 3374 内外テック: income_stmt=OK, balance_sheet=OK, cashflow=OK, dividends=OK
2026-07-05 01:53:20,699 [INFO] [TIME] 3374 内外テック 処理時間: 1.12s
2026-07-05 01:53:22,102 [DEBUG] [TIME] 3375 info: 0.18s
2026-07-05 01:53:22,102 [DEBUG] yfinance OK: 3375
2026-07-05 01:53:22,310 [DEBUG] [TIME] 3375 income_stmt: 0.21s
2026-07-05 01:53:22,570 [DEBUG] [TIME] 3375 balance_sheet: 0.26s
2026-07-05 01:53:22,785 [DEBUG] [TIME] 3375 cashflow: 0.21s
2026-07-05 01:53:23,112 [DEBUG] [TIME] 3375 dividends: 0.33s
2026-07-05 01:53:23,113 [INFO] [DETAIL] 3375 ＺＯＡ: income_stmt=OK, balance_sheet=OK, cashflow=OK, dividends=OK
2026-07-05 01:53:23,113 [INFO] [TIME] 3375 ＺＯＡ 処理時間: 1.19s
2026-07-05 01:53:24,978 [DEBUG] [TIME] 3377 info: 0.14s
2026-07-05 01:53:24,978 [DEBUG] yfinance OK: 3377
2026-07-05 01:53:25,219 [DEBUG] [TIME] 3377 income_stmt: 0.24s
2026-07-05 01:53:25,458 [DEBUG] [TIME] 3377 balance_sheet: 0.24s
2026-07-05 01:53:25,653 [DEBUG] [TIME] 3377 cashflow: 0.19s
2026-07-05 01:53:25,929 [DEBUG] [TIME] 3377 dividends: 0.28s
2026-07-05 01:53:25,930 [INFO] [DETAIL] 3377 バイク王＆カンパニー: income_stmt=OK, balance_sheet=OK, cashflow=OK, dividends=OK
2026-07-05 01:53:25,930 [INFO] [TIME] 3377 バイク王＆カンパニー 処理時間: 1.09s
2026-07-05 01:53:27,933 [DEBUG] [TIME] 3382 info: 0.14s
2026-07-05 01:53:27,933 [DEBUG] yfinance OK: 3382
2026-07-05 01:53:28,108 [DEBUG] [TIME] 3382 income_stmt: 0.18s
2026-07-05 01:53:28,358 [DEBUG] [TIME] 3382 balance_sheet: 0.25s
2026-07-05 01:53:28,541 [DEBUG] [TIME] 3382 cashflow: 0.18s
2026-07-05 01:53:28,848 [DEBUG] [TIME] 3382 dividends: 0.31s
2026-07-05 01:53:28,849 [INFO] [DETAIL] 3382 セブン＆アイ・ホールディングス: income_stmt=OK, balance_sheet=OK, cashflow=OK, dividends=OK
2026-07-05 01:53:28,849 [INFO] [TIME] 3382 セブン＆アイ・ホールディングス 処理時間: 1.06s
2026-07-05 01:53:30,991 [DEBUG] [TIME] 3386 info: 0.14s
2026-07-05 01:53:30,992 [DEBUG] yfinance OK: 3386
2026-07-05 01:53:31,312 [DEBUG] [TIME] 3386 income_stmt: 0.32s
2026-07-05 01:53:31,582 [DEBUG] [TIME] 3386 balance_sheet: 0.27s
2026-07-05 01:53:31,787 [DEBUG] [TIME] 3386 cashflow: 0.20s
2026-07-05 01:53:32,007 [DEBUG] [TIME] 3386 dividends: 0.22s
2026-07-05 01:53:32,008 [INFO] [DETAIL] 3386 コスモ・バイオ: income_stmt=OK, balance_sheet=OK, cashflow=OK, dividends=OK
2026-07-05 01:53:32,008 [INFO] [TIME] 3386 コスモ・バイオ 処理時間: 1.16s
2026-07-05 01:53:33,641 [DEBUG] [TIME] 3387 info: 0.51s
2026-07-05 01:53:33,641 [DEBUG] yfinance OK: 3387
2026-07-05 01:53:33,839 [DEBUG] [TIME] 3387 income_stmt: 0.20s
2026-07-05 01:53:34,133 [DEBUG] [TIME] 3387 balance_sheet: 0.29s
2026-07-05 01:53:34,346 [DEBUG] [TIME] 3387 cashflow: 0.21s
2026-07-05 01:53:34,706 [DEBUG] [TIME] 3387 dividends: 0.36s
2026-07-05 01:53:34,707 [INFO] [DETAIL] 3387 クリエイト・レストランツ・ホールディングス: income_stmt=OK, balance_sheet=OK, cashflow=OK, dividends=OK
2026-07-05 01:53:34,707 [INFO] [TIME] 3387 クリエイト・レストランツ・ホールディングス 処理時間: 1.58s
2026-07-05 01:53:36,349 [DEBUG] [TIME] 3388 info: 0.14s
2026-07-05 01:53:36,349 [DEBUG] yfinance OK: 3388
2026-07-05 01:53:36,535 [DEBUG] [TIME] 3388 income_stmt: 0.19s
2026-07-05 01:53:36,782 [DEBUG] [TIME] 3388 balance_sheet: 0.25s
2026-07-05 01:53:36,993 [DEBUG] [TIME] 3388 cashflow: 0.21s
2026-07-05 01:53:37,221 [DEBUG] [TIME] 3388 dividends: 0.23s
2026-07-05 01:53:37,222 [INFO] [DETAIL] 3388 明治電機工業: income_stmt=OK, balance_sheet=OK, cashflow=OK, dividends=OK
2026-07-05 01:53:37,222 [INFO] [TIME] 3388 明治電機工業 処理時間: 1.02s
2026-07-05 01:53:38,807 [DEBUG] [TIME] 338A info: 0.17s
2026-07-05 01:53:38,807 [DEBUG] yfinance OK: 338A
2026-07-05 01:53:38,994 [DEBUG] [TIME] 338A income_stmt: 0.19s
2026-07-05 01:53:39,210 [DEBUG] [TIME] 338A balance_sheet: 0.22s
2026-07-05 01:53:39,401 [DEBUG] [TIME] 338A cashflow: 0.19s
2026-07-05 01:53:39,483 [DEBUG] [TIME] 338A dividends: 0.08s
2026-07-05 01:53:39,483 [INFO] [DETAIL] 338A ＺｅｎｍｕＴｅｃｈ: income_stmt=OK, balance_sheet=OK, cashflow=OK, dividends=EMPTY
2026-07-05 01:53:39,483 [INFO] [TIME] 338A ＺｅｎｍｕＴｅｃｈ 処理時間: 0.85s
2026-07-05 01:53:41,035 [DEBUG] [TIME] 3391 info: 0.14s
2026-07-05 01:53:41,035 [DEBUG] yfinance OK: 3391
2026-07-05 01:53:41,222 [DEBUG] [TIME] 3391 income_stmt: 0.19s
2026-07-05 01:53:41,454 [DEBUG] [TIME] 3391 balance_sheet: 0.23s
2026-07-05 01:53:41,651 [DEBUG] [TIME] 3391 cashflow: 0.20s
2026-07-05 01:53:41,968 [DEBUG] [TIME] 3391 dividends: 0.32s
2026-07-05 01:53:41,969 [INFO] [DETAIL] 3391 ツルハホールディングス: income_stmt=OK, balance_sheet=OK, cashflow=OK, dividends=OK
2026-07-05 01:53:41,969 [INFO] [TIME] 3391 ツルハホールディングス 処理時間: 1.08s
2026-07-05 01:53:43,473 [DEBUG] [TIME] 3392 info: 0.15s
2026-07-05 01:53:43,473 [DEBUG] yfinance OK: 3392
2026-07-05 01:53:43,684 [DEBUG] [TIME] 3392 income_stmt: 0.21s
2026-07-05 01:53:43,902 [DEBUG] [TIME] 3392 balance_sheet: 0.22s
2026-07-05 01:53:44,098 [DEBUG] [TIME] 3392 cashflow: 0.19s
2026-07-05 01:53:44,624 [DEBUG] [TIME] 3392 dividends: 0.53s
2026-07-05 01:53:44,625 [INFO] [DETAIL] 3392 デリカフーズホールディングス: income_stmt=OK, balance_sheet=OK, cashflow=OK, dividends=OK
2026-07-05 01:53:44,625 [INFO] [TIME] 3392 デリカフーズホールディングス 処理時間: 1.30s
2026-07-05 01:53:46,297 [DEBUG] [TIME] 3393 info: 0.15s
2026-07-05 01:53:46,298 [DEBUG] yfinance OK: 3393
2026-07-05 01:53:46,492 [DEBUG] [TIME] 3393 income_stmt: 0.19s
2026-07-05 01:53:46,719 [DEBUG] [TIME] 3393 balance_sheet: 0.23s
2026-07-05 01:53:46,927 [DEBUG] [TIME] 3393 cashflow: 0.21s
2026-07-05 01:53:47,278 [DEBUG] [TIME] 3393 dividends: 0.35s
2026-07-05 01:53:47,279 [INFO] [DETAIL] 3393 スターティアホールディングス: income_stmt=OK, balance_sheet=OK, cashflow=OK, dividends=OK
2026-07-05 01:53:47,279 [INFO] [TIME] 3393 スターティアホールディングス 処理時間: 1.13s
2026-07-05 01:53:49,012 [DEBUG] [TIME] 3395 info: 0.15s
2026-07-05 01:53:49,012 [DEBUG] yfinance OK: 3395
2026-07-05 01:53:49,230 [DEBUG] [TIME] 3395 income_stmt: 0.22s
2026-07-05 01:53:49,461 [DEBUG] [TIME] 3395 balance_sheet: 0.23s
2026-07-05 01:53:49,649 [DEBUG] [TIME] 3395 cashflow: 0.19s
2026-07-05 01:53:49,915 [DEBUG] [TIME] 3395 dividends: 0.27s
2026-07-05 01:53:49,916 [INFO] [DETAIL] 3395 サンマルクホールディングス: income_stmt=OK, balance_sheet=OK, cashflow=OK, dividends=OK
2026-07-05 01:53:49,916 [INFO] [TIME] 3395 サンマルクホールディングス 処理時間: 1.05s
2026-07-05 01:53:51,217 [DEBUG] [TIME] 3396 info: 0.18s
2026-07-05 01:53:51,217 [DEBUG] yfinance OK: 3396
2026-07-05 01:53:51,405 [DEBUG] [TIME] 3396 income_stmt: 0.19s
2026-07-05 01:53:51,675 [DEBUG] [TIME] 3396 balance_sheet: 0.27s
2026-07-05 01:53:51,894 [DEBUG] [TIME] 3396 cashflow: 0.22s
2026-07-05 01:53:52,187 [DEBUG] [TIME] 3396 dividends: 0.29s
2026-07-05 01:53:52,188 [INFO] [DETAIL] 3396 フェリシモ: income_stmt=OK, balance_sheet=OK, cashflow=OK, dividends=OK
2026-07-05 01:53:52,189 [INFO] [TIME] 3396 フェリシモ 処理時間: 1.15s
2026-07-05 01:53:53,907 [DEBUG] [TIME] 3397 info: 0.14s
2026-07-05 01:53:53,907 [DEBUG] yfinance OK: 3397
2026-07-05 01:53:54,120 [DEBUG] [TIME] 3397 income_stmt: 0.21s
2026-07-05 01:53:54,358 [DEBUG] [TIME] 3397 balance_sheet: 0.24s
2026-07-05 01:53:54,578 [DEBUG] [TIME] 3397 cashflow: 0.22s
2026-07-05 01:53:54,816 [DEBUG] [TIME] 3397 dividends: 0.24s
2026-07-05 01:53:54,817 [INFO] [DETAIL] 3397 トリドールホールディングス: income_stmt=OK, balance_sheet=OK, cashflow=OK, dividends=OK
2026-07-05 01:53:54,817 [INFO] [TIME] 3397 トリドールホールディングス 処理時間: 1.05s
2026-07-05 01:53:56,138 [DEBUG] [TIME] 3399 info: 0.14s
2026-07-05 01:53:56,138 [DEBUG] yfinance OK: 3399
2026-07-05 01:53:56,389 [DEBUG] [TIME] 3399 income_stmt: 0.25s
2026-07-05 01:53:56,627 [DEBUG] [TIME] 3399 balance_sheet: 0.24s
2026-07-05 01:53:56,844 [DEBUG] [TIME] 3399 cashflow: 0.22s
2026-07-05 01:53:57,063 [DEBUG] [TIME] 3399 dividends: 0.22s
2026-07-05 01:53:57,064 [INFO] [DETAIL] 3399 丸千代山岡家: income_stmt=OK, balance_sheet=OK, cashflow=OK, dividends=OK
2026-07-05 01:53:57,064 [INFO] [TIME] 3399 丸千代山岡家 処理時間: 1.07s
2026-07-05 01:53:58,994 [DEBUG] [TIME] 339A info: 0.25s
2026-07-05 01:53:58,995 [DEBUG] yfinance OK: 339A
2026-07-05 01:53:59,180 [DEBUG] [TIME] 339A income_stmt: 0.19s
2026-07-05 01:53:59,431 [DEBUG] [TIME] 339A balance_sheet: 0.25s
2026-07-05 01:53:59,681 [DEBUG] [TIME] 339A cashflow: 0.25s
2026-07-05 01:53:59,809 [DEBUG] [TIME] 339A dividends: 0.13s
2026-07-05 01:53:59,810 [INFO] [DETAIL] 339A プログレス・テクノロジーズ　グループ: income_stmt=OK, balance_sheet=OK, cashflow=OK, dividends=OK
2026-07-05 01:53:59,810 [INFO] [TIME] 339A プログレス・テクノロジーズ　グループ 処理時間: 1.06s
2026-07-05 01:54:01,697 [DEBUG] [TIME] 3401 info: 0.18s
2026-07-05 01:54:01,698 [DEBUG] yfinance OK: 3401
2026-07-05 01:54:01,904 [DEBUG] [TIME] 3401 income_stmt: 0.21s
2026-07-05 01:54:02,137 [DEBUG] [TIME] 3401 balance_sheet: 0.23s
2026-07-05 01:54:02,319 [DEBUG] [TIME] 3401 cashflow: 0.18s
2026-07-05 01:54:02,745 [DEBUG] [TIME] 3401 dividends: 0.43s
2026-07-05 01:54:02,746 [INFO] [DETAIL] 3401 帝人: income_stmt=OK, balance_sheet=OK, cashflow=OK, dividends=OK
2026-07-05 01:54:02,747 [INFO] [TIME] 3401 帝人 処理時間: 1.23s
2026-07-05 01:54:04,834 [DEBUG] [TIME] 3402 info: 0.15s
2026-07-05 01:54:04,834 [DEBUG] yfinance OK: 3402
2026-07-05 01:54:04,998 [DEBUG] [TIME] 3402 income_stmt: 0.16s
2026-07-05 01:54:05,265 [DEBUG] [TIME] 3402 balance_sheet: 0.27s
2026-07-05 01:54:05,461 [DEBUG] [TIME] 3402 cashflow: 0.20s
2026-07-05 01:54:05,801 [DEBUG] [TIME] 3402 dividends: 0.34s
2026-07-05 01:54:05,802 [INFO] [DETAIL] 3402 東レ: income_stmt=OK, balance_sheet=OK, cashflow=OK, dividends=OK
2026-07-05 01:54:05,802 [INFO] [TIME] 3402 東レ 処理時間: 1.11s
2026-07-05 01:54:07,912 [DEBUG] [TIME] 3405 info: 0.15s
2026-07-05 01:54:07,912 [DEBUG] yfinance OK: 3405
2026-07-05 01:54:08,147 [DEBUG] [TIME] 3405 income_stmt: 0.23s
2026-07-05 01:54:08,400 [DEBUG] [TIME] 3405 balance_sheet: 0.25s
2026-07-05 01:54:08,631 [DEBUG] [TIME] 3405 cashflow: 0.23s
2026-07-05 01:54:08,922 [DEBUG] [TIME] 3405 dividends: 0.29s
2026-07-05 01:54:08,923 [INFO] [DETAIL] 3405 クラレ: income_stmt=OK, balance_sheet=OK, cashflow=OK, dividends=OK
2026-07-05 01:54:08,923 [INFO] [TIME] 3405 クラレ 処理時間: 1.16s
2026-07-05 01:54:10,585 [DEBUG] [TIME] 3407 info: 0.14s
2026-07-05 01:54:10,585 [DEBUG] yfinance OK: 3407
2026-07-05 01:54:10,765 [DEBUG] [TIME] 3407 income_stmt: 0.18s
2026-07-05 01:54:10,969 [DEBUG] [TIME] 3407 balance_sheet: 0.20s
2026-07-05 01:54:11,174 [DEBUG] [TIME] 3407 cashflow: 0.20s
2026-07-05 01:54:11,457 [DEBUG] [TIME] 3407 dividends: 0.28s
2026-07-05 01:54:11,458 [INFO] [DETAIL] 3407 旭化成: income_stmt=OK, balance_sheet=OK, cashflow=OK, dividends=OK
2026-07-05 01:54:11,459 [INFO] [TIME] 3407 旭化成 処理時間: 1.02s
2026-07-05 01:54:13,220 [DEBUG] [TIME] 3409 info: 0.17s
2026-07-05 01:54:13,220 [DEBUG] yfinance OK: 3409
2026-07-05 01:54:13,382 [DEBUG] [TIME] 3409 income_stmt: 0.16s
2026-07-05 01:54:13,606 [DEBUG] [TIME] 3409 balance_sheet: 0.22s
2026-07-05 01:54:13,796 [DEBUG] [TIME] 3409 cashflow: 0.19s
2026-07-05 01:54:13,983 [DEBUG] [TIME] 3409 dividends: 0.19s
2026-07-05 01:54:13,983 [INFO] [DETAIL] 3409 北紡: income_stmt=OK, balance_sheet=OK, cashflow=OK, dividends=EMPTY
2026-07-05 01:54:13,983 [INFO] [TIME] 3409 北紡 処理時間: 0.94s
2026-07-05 01:54:16,057 [DEBUG] [TIME] 340A info: 0.15s
2026-07-05 01:54:16,058 [DEBUG] yfinance OK: 340A
2026-07-05 01:54:16,286 [DEBUG] [TIME] 340A income_stmt: 0.23s
2026-07-05 01:54:16,515 [DEBUG] [TIME] 340A balance_sheet: 0.23s
2026-07-05 01:54:16,733 [DEBUG] [TIME] 340A cashflow: 0.22s
2026-07-05 01:54:16,964 [DEBUG] [TIME] 340A dividends: 0.23s
2026-07-05 01:54:16,964 [INFO] [DETAIL] 340A ジグザグ: income_stmt=OK, balance_sheet=OK, cashflow=OK, dividends=EMPTY
2026-07-05 01:54:16,964 [INFO] [TIME] 340A ジグザグ 処理時間: 1.06s
2026-07-05 01:54:18,457 [DEBUG] [TIME] 3415 info: 0.15s
2026-07-05 01:54:18,457 [DEBUG] yfinance OK: 3415
2026-07-05 01:54:18,654 [DEBUG] [TIME] 3415 income_stmt: 0.20s
2026-07-05 01:54:18,926 [DEBUG] [TIME] 3415 balance_sheet: 0.27s
2026-07-05 01:54:19,104 [DEBUG] [TIME] 3415 cashflow: 0.18s
2026-07-05 01:54:19,274 [DEBUG] [TIME] 3415 dividends: 0.17s
2026-07-05 01:54:19,275 [INFO] [DETAIL] 3415 ＴＯＫＹＯ　ＢＡＳＥ: income_stmt=OK, balance_sheet=OK, cashflow=OK, dividends=OK
2026-07-05 01:54:19,275 [INFO] [TIME] 3415 ＴＯＫＹＯ　ＢＡＳＥ 処理時間: 0.96s
2026-07-05 01:54:21,386 [DEBUG] [TIME] 3416 info: 0.14s
2026-07-05 01:54:21,387 [DEBUG] yfinance OK: 3416
2026-07-05 01:54:21,583 [DEBUG] [TIME] 3416 income_stmt: 0.20s
2026-07-05 01:54:21,811 [DEBUG] [TIME] 3416 balance_sheet: 0.23s
2026-07-05 01:54:22,033 [DEBUG] [TIME] 3416 cashflow: 0.22s
2026-07-05 01:54:22,182 [DEBUG] [TIME] 3416 dividends: 0.15s
2026-07-05 01:54:22,183 [INFO] [DETAIL] 3416 ピクスタ: income_stmt=OK, balance_sheet=OK, cashflow=OK, dividends=OK
2026-07-05 01:54:22,183 [INFO] [TIME] 3416 ピクスタ 処理時間: 0.94s
2026-07-05 01:54:23,374 [DEBUG] [TIME] 3417 info: 0.14s
2026-07-05 01:54:23,374 [DEBUG] yfinance OK: 3417
2026-07-05 01:54:23,543 [DEBUG] [TIME] 3417 income_stmt: 0.17s
2026-07-05 01:54:23,778 [DEBUG] [TIME] 3417 balance_sheet: 0.23s
2026-07-05 01:54:23,997 [DEBUG] [TIME] 3417 cashflow: 0.22s
2026-07-05 01:54:24,282 [DEBUG] [TIME] 3417 dividends: 0.28s
2026-07-05 01:54:24,283 [INFO] [DETAIL] 3417 大木ヘルスケアホールディングス: income_stmt=OK, balance_sheet=OK, cashflow=OK, dividends=OK
2026-07-05 01:54:24,283 [INFO] [TIME] 3417 大木ヘルスケアホールディングス 処理時間: 1.05s
2026-07-05 01:54:25,496 [DEBUG] [TIME] 3418 info: 0.15s
2026-07-05 01:54:25,496 [DEBUG] yfinance OK: 3418
2026-07-05 01:54:25,684 [DEBUG] [TIME] 3418 income_stmt: 0.19s
2026-07-05 01:54:25,919 [DEBUG] [TIME] 3418 balance_sheet: 0.23s
2026-07-05 01:54:26,089 [DEBUG] [TIME] 3418 cashflow: 0.17s
2026-07-05 01:54:26,266 [DEBUG] [TIME] 3418 dividends: 0.18s
2026-07-05 01:54:26,267 [INFO] [DETAIL] 3418 バルニバービ: income_stmt=OK, balance_sheet=OK, cashflow=OK, dividends=OK
2026-07-05 01:54:26,267 [INFO] [TIME] 3418 バルニバービ 処理時間: 0.92s
2026-07-05 01:54:27,818 [DEBUG] [TIME] 341A info: 0.14s
2026-07-05 01:54:27,818 [DEBUG] yfinance OK: 341A
2026-07-05 01:54:28,000 [DEBUG] [TIME] 341A income_stmt: 0.18s
2026-07-05 01:54:28,253 [DEBUG] [TIME] 341A balance_sheet: 0.25s
2026-07-05 01:54:28,446 [DEBUG] [TIME] 341A cashflow: 0.19s
2026-07-05 01:54:28,524 [DEBUG] [TIME] 341A dividends: 0.08s
2026-07-05 01:54:28,524 [INFO] [DETAIL] 341A トヨコー: income_stmt=OK, balance_sheet=OK, cashflow=OK, dividends=EMPTY
2026-07-05 01:54:28,525 [INFO] [TIME] 341A トヨコー 処理時間: 0.85s
2026-07-05 01:54:30,379 [DEBUG] [TIME] 3420 info: 0.18s
2026-07-05 01:54:30,379 [DEBUG] yfinance OK: 3420
2026-07-05 01:54:30,629 [DEBUG] [TIME] 3420 income_stmt: 0.25s
2026-07-05 01:54:30,952 [DEBUG] [TIME] 3420 balance_sheet: 0.32s
2026-07-05 01:54:31,148 [DEBUG] [TIME] 3420 cashflow: 0.20s
2026-07-05 01:54:31,410 [DEBUG] [TIME] 3420 dividends: 0.26s
2026-07-05 01:54:31,411 [INFO] [DETAIL] 3420 ケー・エフ・シー: income_stmt=OK, balance_sheet=OK, cashflow=OK, dividends=OK
2026-07-05 01:54:31,411 [INFO] [TIME] 3420 ケー・エフ・シー 処理時間: 1.21s
2026-07-05 01:54:32,866 [DEBUG] [TIME] 3421 info: 0.15s
2026-07-05 01:54:32,866 [DEBUG] yfinance OK: 3421
2026-07-05 01:54:33,034 [DEBUG] [TIME] 3421 income_stmt: 0.17s
2026-07-05 01:54:33,244 [DEBUG] [TIME] 3421 balance_sheet: 0.21s
2026-07-05 01:54:33,437 [DEBUG] [TIME] 3421 cashflow: 0.19s
2026-07-05 01:54:33,674 [DEBUG] [TIME] 3421 dividends: 0.24s
2026-07-05 01:54:33,675 [INFO] [DETAIL] 3421 稲葉製作所: income_stmt=OK, balance_sheet=OK, cashflow=OK, dividends=OK
2026-07-05 01:54:33,675 [INFO] [TIME] 3421 稲葉製作所 処理時間: 0.96s
2026-07-05 01:54:35,688 [DEBUG] [TIME] 3422 info: 0.17s
2026-07-05 01:54:35,688 [DEBUG] yfinance OK: 3422
2026-07-05 01:54:35,918 [DEBUG] [TIME] 3422 income_stmt: 0.23s
2026-07-05 01:54:36,172 [DEBUG] [TIME] 3422 balance_sheet: 0.25s
2026-07-05 01:54:36,382 [DEBUG] [TIME] 3422 cashflow: 0.21s
2026-07-05 01:54:36,507 [DEBUG] [TIME] 3422 dividends: 0.12s
2026-07-05 01:54:36,508 [INFO] [DETAIL] 3422 Ｊ－ＭＡＸ: income_stmt=OK, balance_sheet=OK, cashflow=OK, dividends=OK
2026-07-05 01:54:36,508 [INFO] [TIME] 3422 Ｊ－ＭＡＸ 処理時間: 0.99s
2026-07-05 01:54:38,423 [DEBUG] [TIME] 3423 info: 0.17s
2026-07-05 01:54:38,423 [DEBUG] yfinance OK: 3423
2026-07-05 01:54:38,631 [DEBUG] [TIME] 3423 income_stmt: 0.21s
2026-07-05 01:54:38,840 [DEBUG] [TIME] 3423 balance_sheet: 0.21s
2026-07-05 01:54:39,071 [DEBUG] [TIME] 3423 cashflow: 0.23s
2026-07-05 01:54:39,390 [DEBUG] [TIME] 3423 dividends: 0.32s
2026-07-05 01:54:39,391 [INFO] [DETAIL] 3423 エスイー: income_stmt=OK, balance_sheet=OK, cashflow=OK, dividends=OK
2026-07-05 01:54:39,391 [INFO] [TIME] 3423 エスイー 処理時間: 1.13s
2026-07-05 01:54:41,224 [DEBUG] [TIME] 3426 info: 0.15s
2026-07-05 01:54:41,224 [DEBUG] yfinance OK: 3426
2026-07-05 01:54:41,427 [DEBUG] [TIME] 3426 income_stmt: 0.20s
2026-07-05 01:54:41,622 [DEBUG] [TIME] 3426 balance_sheet: 0.19s
2026-07-05 01:54:41,806 [DEBUG] [TIME] 3426 cashflow: 0.18s
2026-07-05 01:54:42,078 [DEBUG] [TIME] 3426 dividends: 0.27s
2026-07-05 01:54:42,079 [INFO] [DETAIL] 3426 アトムリビンテック: income_stmt=OK, balance_sheet=OK, cashflow=OK, dividends=OK
2026-07-05 01:54:42,079 [INFO] [TIME] 3426 アトムリビンテック 処理時間: 1.00s
2026-07-05 01:54:43,415 [DEBUG] [TIME] 3431 info: 0.15s
2026-07-05 01:54:43,415 [DEBUG] yfinance OK: 3431
2026-07-05 01:54:43,606 [DEBUG] [TIME] 3431 income_stmt: 0.19s
2026-07-05 01:54:43,873 [DEBUG] [TIME] 3431 balance_sheet: 0.27s
2026-07-05 01:54:44,088 [DEBUG] [TIME] 3431 cashflow: 0.21s
2026-07-05 01:54:44,333 [DEBUG] [TIME] 3431 dividends: 0.24s
2026-07-05 01:54:44,334 [INFO] [DETAIL] 3431 宮地エンジニアリンググループ: income_stmt=OK, balance_sheet=OK, cashflow=OK, dividends=OK
2026-07-05 01:54:44,335 [INFO] [TIME] 3431 宮地エンジニアリンググループ 処理時間: 1.07s
2026-07-05 01:54:45,526 [DEBUG] [TIME] 3433 info: 0.14s
2026-07-05 01:54:45,526 [DEBUG] yfinance OK: 3433
2026-07-05 01:54:46,126 [DEBUG] [TIME] 3433 income_stmt: 0.60s
2026-07-05 01:54:46,898 [DEBUG] [TIME] 3433 balance_sheet: 0.77s
2026-07-05 01:54:47,122 [DEBUG] [TIME] 3433 cashflow: 0.22s
2026-07-05 01:54:47,341 [DEBUG] [TIME] 3433 dividends: 0.22s
2026-07-05 01:54:47,342 [INFO] [DETAIL] 3433 トーカロ: income_stmt=OK, balance_sheet=OK, cashflow=OK, dividends=OK
2026-07-05 01:54:47,342 [INFO] [TIME] 3433 トーカロ 処理時間: 1.96s
2026-07-05 01:54:49,287 [DEBUG] [TIME] 3434 info: 0.15s
2026-07-05 01:54:49,287 [DEBUG] yfinance OK: 3434
2026-07-05 01:54:49,470 [DEBUG] [TIME] 3434 income_stmt: 0.18s
2026-07-05 01:54:49,754 [DEBUG] [TIME] 3434 balance_sheet: 0.28s
2026-07-05 01:54:49,949 [DEBUG] [TIME] 3434 cashflow: 0.19s
2026-07-05 01:54:50,208 [DEBUG] [TIME] 3434 dividends: 0.26s
2026-07-05 01:54:50,209 [INFO] [DETAIL] 3434 アルファＣｏ: income_stmt=OK, balance_sheet=OK, cashflow=OK, dividends=OK
2026-07-05 01:54:50,209 [INFO] [TIME] 3434 アルファＣｏ 処理時間: 1.07s
2026-07-05 01:54:51,759 [DEBUG] [TIME] 3435 info: 0.14s
2026-07-05 01:54:51,759 [DEBUG] yfinance OK: 3435
2026-07-05 01:54:51,943 [DEBUG] [TIME] 3435 income_stmt: 0.18s
2026-07-05 01:54:52,198 [DEBUG] [TIME] 3435 balance_sheet: 0.25s
2026-07-05 01:54:52,415 [DEBUG] [TIME] 3435 cashflow: 0.22s
2026-07-05 01:54:52,634 [DEBUG] [TIME] 3435 dividends: 0.22s
2026-07-05 01:54:52,635 [INFO] [DETAIL] 3435 サンコーテクノ: income_stmt=OK, balance_sheet=OK, cashflow=OK, dividends=OK
2026-07-05 01:54:52,636 [INFO] [TIME] 3435 サンコーテクノ 処理時間: 1.02s
2026-07-05 01:54:54,783 [DEBUG] [TIME] 3436 info: 0.16s
2026-07-05 01:54:54,783 [DEBUG] yfinance OK: 3436
2026-07-05 01:54:54,996 [DEBUG] [TIME] 3436 income_stmt: 0.21s
2026-07-05 01:54:55,314 [DEBUG] [TIME] 3436 balance_sheet: 0.32s
2026-07-05 01:54:55,530 [DEBUG] [TIME] 3436 cashflow: 0.22s
2026-07-05 01:54:55,772 [DEBUG] [TIME] 3436 dividends: 0.24s
2026-07-05 01:54:55,773 [INFO] [DETAIL] 3436 ＳＵＭＣＯ: income_stmt=OK, balance_sheet=OK, cashflow=OK, dividends=OK
2026-07-05 01:54:55,773 [INFO] [TIME] 3436 ＳＵＭＣＯ 処理時間: 1.15s
2026-07-05 01:54:57,670 [DEBUG] [TIME] 3437 info: 0.15s
2026-07-05 01:54:57,670 [DEBUG] yfinance OK: 3437
2026-07-05 01:54:57,866 [DEBUG] [TIME] 3437 income_stmt: 0.20s
2026-07-05 01:54:58,079 [DEBUG] [TIME] 3437 balance_sheet: 0.21s
2026-07-05 01:54:58,282 [DEBUG] [TIME] 3437 cashflow: 0.20s
2026-07-05 01:54:58,513 [DEBUG] [TIME] 3437 dividends: 0.23s
2026-07-05 01:54:58,514 [INFO] [DETAIL] 3437 特殊電極: income_stmt=OK, balance_sheet=OK, cashflow=OK, dividends=OK
2026-07-05 01:54:58,514 [INFO] [TIME] 3437 特殊電極 処理時間: 1.00s
2026-07-05 01:55:00,573 [DEBUG] [TIME] 3439 info: 0.14s
2026-07-05 01:55:00,573 [DEBUG] yfinance OK: 3439
2026-07-05 01:55:00,775 [DEBUG] [TIME] 3439 income_stmt: 0.20s
2026-07-05 01:55:00,997 [DEBUG] [TIME] 3439 balance_sheet: 0.22s
2026-07-05 01:55:01,200 [DEBUG] [TIME] 3439 cashflow: 0.20s
2026-07-05 01:55:01,439 [DEBUG] [TIME] 3439 dividends: 0.24s
2026-07-05 01:55:01,440 [INFO] [DETAIL] 3439 三ツ知: income_stmt=OK, balance_sheet=OK, cashflow=OK, dividends=OK
2026-07-05 01:55:01,440 [INFO] [TIME] 3439 三ツ知 処理時間: 1.01s
2026-07-05 01:55:02,853 [DEBUG] [TIME] 343A info: 0.17s
2026-07-05 01:55:02,853 [DEBUG] yfinance OK: 343A
2026-07-05 01:55:03,028 [DEBUG] [TIME] 343A income_stmt: 0.18s
2026-07-05 01:55:03,239 [DEBUG] [TIME] 343A balance_sheet: 0.21s
2026-07-05 01:55:03,438 [DEBUG] [TIME] 343A cashflow: 0.20s
2026-07-05 01:55:03,581 [DEBUG] [TIME] 343A dividends: 0.14s
2026-07-05 01:55:03,581 [INFO] [DETAIL] 343A ＩＡＣＥトラベル: income_stmt=OK, balance_sheet=OK, cashflow=OK, dividends=OK
2026-07-05 01:55:03,581 [INFO] [TIME] 343A ＩＡＣＥトラベル 処理時間: 0.90s
2026-07-05 01:55:05,166 [DEBUG] [TIME] 3440 info: 0.15s
2026-07-05 01:55:05,167 [DEBUG] yfinance OK: 3440
2026-07-05 01:55:05,349 [DEBUG] [TIME] 3440 income_stmt: 0.18s
2026-07-05 01:55:05,600 [DEBUG] [TIME] 3440 balance_sheet: 0.25s
2026-07-05 01:55:05,783 [DEBUG] [TIME] 3440 cashflow: 0.18s
2026-07-05 01:55:05,907 [DEBUG] [TIME] 3440 dividends: 0.12s
2026-07-05 01:55:05,908 [INFO] [DETAIL] 3440 日創グループ: income_stmt=OK, balance_sheet=OK, cashflow=OK, dividends=OK
2026-07-05 01:55:05,908 [INFO] [TIME] 3440 日創グループ 処理時間: 0.89s
2026-07-05 01:55:07,607 [DEBUG] [TIME] 3441 info: 0.15s
2026-07-05 01:55:07,607 [DEBUG] yfinance OK: 3441
2026-07-05 01:55:07,842 [DEBUG] [TIME] 3441 income_stmt: 0.24s
2026-07-05 01:55:08,080 [DEBUG] [TIME] 3441 balance_sheet: 0.24s
2026-07-05 01:55:08,332 [DEBUG] [TIME] 3441 cashflow: 0.25s
2026-07-05 01:55:08,749 [DEBUG] [TIME] 3441 dividends: 0.42s
2026-07-05 01:55:08,750 [INFO] [DETAIL] 3441 山王: income_stmt=OK, balance_sheet=OK, cashflow=OK, dividends=OK
2026-07-05 01:55:08,750 [INFO] [TIME] 3441 山王 処理時間: 1.29s
2026-07-05 01:55:10,146 [DEBUG] [TIME] 3443 info: 0.14s
2026-07-05 01:55:10,146 [DEBUG] yfinance OK: 3443
2026-07-05 01:55:10,358 [DEBUG] [TIME] 3443 income_stmt: 0.21s
2026-07-05 01:55:10,598 [DEBUG] [TIME] 3443 balance_sheet: 0.24s
2026-07-05 01:55:10,791 [DEBUG] [TIME] 3443 cashflow: 0.19s
2026-07-05 01:55:11,162 [DEBUG] [TIME] 3443 dividends: 0.37s
2026-07-05 01:55:11,163 [INFO] [DETAIL] 3443 川田テクノロジーズ: income_stmt=OK, balance_sheet=OK, cashflow=OK, dividends=OK
2026-07-05 01:55:11,163 [INFO] [TIME] 3443 川田テクノロジーズ 処理時間: 1.15s
2026-07-05 01:55:12,911 [DEBUG] [TIME] 3444 info: 0.21s
2026-07-05 01:55:12,911 [DEBUG] yfinance OK: 3444
2026-07-05 01:55:13,095 [DEBUG] [TIME] 3444 income_stmt: 0.18s
2026-07-05 01:55:13,368 [DEBUG] [TIME] 3444 balance_sheet: 0.27s
2026-07-05 01:55:13,540 [DEBUG] [TIME] 3444 cashflow: 0.17s
2026-07-05 01:55:13,723 [DEBUG] [TIME] 3444 dividends: 0.18s
2026-07-05 01:55:13,724 [INFO] [DETAIL] 3444 菊池製作所: income_stmt=OK, balance_sheet=OK, cashflow=OK, dividends=OK
2026-07-05 01:55:13,724 [INFO] [TIME] 3444 菊池製作所 処理時間: 1.02s
2026-07-05 01:55:15,706 [DEBUG] [TIME] 3445 info: 0.14s
2026-07-05 01:55:15,706 [DEBUG] yfinance OK: 3445
2026-07-05 01:55:15,951 [DEBUG] [TIME] 3445 income_stmt: 0.24s
2026-07-05 01:55:16,170 [DEBUG] [TIME] 3445 balance_sheet: 0.22s
2026-07-05 01:55:16,369 [DEBUG] [TIME] 3445 cashflow: 0.20s
2026-07-05 01:55:16,601 [DEBUG] [TIME] 3445 dividends: 0.23s
2026-07-05 01:55:16,602 [INFO] [DETAIL] 3445 ＲＳ　Ｔｅｃｈｎｏｌｏｇｉｅｓ: income_stmt=OK, balance_sheet=OK, cashflow=OK, dividends=OK
2026-07-05 01:55:16,603 [INFO] [TIME] 3445 ＲＳ　Ｔｅｃｈｎｏｌｏｇｉｅｓ 処理時間: 1.04s
2026-07-05 01:55:18,600 [DEBUG] [TIME] 3446 info: 0.14s
2026-07-05 01:55:18,600 [DEBUG] yfinance OK: 3446
2026-07-05 01:55:18,773 [DEBUG] [TIME] 3446 income_stmt: 0.17s
2026-07-05 01:55:19,005 [DEBUG] [TIME] 3446 balance_sheet: 0.23s
2026-07-05 01:55:19,188 [DEBUG] [TIME] 3446 cashflow: 0.18s
2026-07-05 01:55:19,298 [DEBUG] [TIME] 3446 dividends: 0.11s
2026-07-05 01:55:19,298 [INFO] [DETAIL] 3446 ジェイテックコーポレーション: income_stmt=OK, balance_sheet=OK, cashflow=OK, dividends=EMPTY
2026-07-05 01:55:19,298 [INFO] [TIME] 3446 ジェイテックコーポレーション 処理時間: 0.84s
2026-07-05 01:55:20,576 [DEBUG] [TIME] 3447 info: 0.18s
2026-07-05 01:55:20,576 [DEBUG] yfinance OK: 3447
2026-07-05 01:55:20,753 [DEBUG] [TIME] 3447 income_stmt: 0.18s
2026-07-05 01:55:21,039 [DEBUG] [TIME] 3447 balance_sheet: 0.28s
2026-07-05 01:55:21,236 [DEBUG] [TIME] 3447 cashflow: 0.20s
2026-07-05 01:55:21,442 [DEBUG] [TIME] 3447 dividends: 0.21s
2026-07-05 01:55:21,443 [INFO] [DETAIL] 3447 信和: income_stmt=OK, balance_sheet=OK, cashflow=OK, dividends=OK
2026-07-05 01:55:21,443 [INFO] [TIME] 3447 信和 処理時間: 1.05s
2026-07-05 01:55:23,311 [DEBUG] [TIME] 3449 info: 0.14s
2026-07-05 01:55:23,311 [DEBUG] yfinance OK: 3449
2026-07-05 01:55:23,516 [DEBUG] [TIME] 3449 income_stmt: 0.20s
2026-07-05 01:55:23,768 [DEBUG] [TIME] 3449 balance_sheet: 0.25s
2026-07-05 01:55:23,964 [DEBUG] [TIME] 3449 cashflow: 0.20s
2026-07-05 01:55:24,161 [DEBUG] [TIME] 3449 dividends: 0.20s
2026-07-05 01:55:24,162 [INFO] [DETAIL] 3449 テクノフレックス: income_stmt=OK, balance_sheet=OK, cashflow=OK, dividends=OK
2026-07-05 01:55:24,163 [INFO] [TIME] 3449 テクノフレックス 処理時間: 0.99s
2026-07-05 01:55:25,574 [DEBUG] [TIME] 3452 info: 0.18s
2026-07-05 01:55:25,574 [DEBUG] yfinance OK: 3452
2026-07-05 01:55:25,774 [DEBUG] [TIME] 3452 income_stmt: 0.20s
2026-07-05 01:55:25,977 [DEBUG] [TIME] 3452 balance_sheet: 0.20s
2026-07-05 01:55:26,186 [DEBUG] [TIME] 3452 cashflow: 0.21s
2026-07-05 01:55:26,330 [DEBUG] [TIME] 3452 dividends: 0.14s
2026-07-05 01:55:26,331 [INFO] [DETAIL] 3452 ビーロット: income_stmt=OK, balance_sheet=OK, cashflow=OK, dividends=OK
2026-07-05 01:55:26,331 [INFO] [TIME] 3452 ビーロット 処理時間: 0.93s
2026-07-05 01:55:28,255 [DEBUG] [TIME] 3454 info: 0.15s
2026-07-05 01:55:28,256 [DEBUG] yfinance OK: 3454
2026-07-05 01:55:28,477 [DEBUG] [TIME] 3454 income_stmt: 0.22s
2026-07-05 01:55:28,722 [DEBUG] [TIME] 3454 balance_sheet: 0.24s
2026-07-05 01:55:28,908 [DEBUG] [TIME] 3454 cashflow: 0.18s
2026-07-05 01:55:29,087 [DEBUG] [TIME] 3454 dividends: 0.18s
2026-07-05 01:55:29,088 [INFO] [DETAIL] 3454 ファーストブラザーズ: income_stmt=OK, balance_sheet=OK, cashflow=OK, dividends=OK
2026-07-05 01:55:29,088 [INFO] [TIME] 3454 ファーストブラザーズ 処理時間: 0.98s
2026-07-05 01:55:30,319 [DEBUG] [TIME] 3457 info: 0.15s
2026-07-05 01:55:30,319 [DEBUG] yfinance OK: 3457
2026-07-05 01:55:30,492 [DEBUG] [TIME] 3457 income_stmt: 0.17s
2026-07-05 01:55:30,682 [DEBUG] [TIME] 3457 balance_sheet: 0.19s
2026-07-05 01:55:30,929 [DEBUG] [TIME] 3457 cashflow: 0.25s
2026-07-05 01:55:31,156 [DEBUG] [TIME] 3457 dividends: 0.23s
2026-07-05 01:55:31,157 [INFO] [DETAIL] 3457 Ａｎｄ　Ｄｏホールディングス: income_stmt=OK, balance_sheet=OK, cashflow=OK, dividends=OK
2026-07-05 01:55:31,157 [INFO] [TIME] 3457 Ａｎｄ　Ｄｏホールディングス 処理時間: 0.99s
2026-07-05 01:55:33,023 [DEBUG] [TIME] 3461 info: 0.15s
2026-07-05 01:55:33,023 [DEBUG] yfinance OK: 3461
2026-07-05 01:55:33,207 [DEBUG] [TIME] 3461 income_stmt: 0.18s
2026-07-05 01:55:33,461 [DEBUG] [TIME] 3461 balance_sheet: 0.25s
2026-07-05 01:55:33,719 [DEBUG] [TIME] 3461 cashflow: 0.26s
2026-07-05 01:55:33,896 [DEBUG] [TIME] 3461 dividends: 0.18s
2026-07-05 01:55:33,896 [INFO] [DETAIL] 3461 パルマ: income_stmt=OK, balance_sheet=OK, cashflow=OK, dividends=OK
2026-07-05 01:55:33,897 [INFO] [TIME] 3461 パルマ 処理時間: 1.03s
2026-07-05 01:55:36,006 [DEBUG] [TIME] 3465 info: 0.14s
2026-07-05 01:55:36,006 [DEBUG] yfinance OK: 3465
2026-07-05 01:55:36,206 [DEBUG] [TIME] 3465 income_stmt: 0.20s
2026-07-05 01:55:36,463 [DEBUG] [TIME] 3465 balance_sheet: 0.26s
2026-07-05 01:55:36,685 [DEBUG] [TIME] 3465 cashflow: 0.22s
2026-07-05 01:55:36,873 [DEBUG] [TIME] 3465 dividends: 0.19s
2026-07-05 01:55:36,874 [INFO] [DETAIL] 3465 ケイアイスター不動産: income_stmt=OK, balance_sheet=OK, cashflow=OK, dividends=OK
2026-07-05 01:55:36,874 [INFO] [TIME] 3465 ケイアイスター不動産 処理時間: 1.01s
2026-07-05 01:55:38,433 [DEBUG] [TIME] 3467 info: 0.15s
2026-07-05 01:55:38,433 [DEBUG] yfinance OK: 3467
2026-07-05 01:55:38,603 [DEBUG] [TIME] 3467 income_stmt: 0.17s
2026-07-05 01:55:38,867 [DEBUG] [TIME] 3467 balance_sheet: 0.26s
2026-07-05 01:55:39,063 [DEBUG] [TIME] 3467 cashflow: 0.20s
2026-07-05 01:55:39,242 [DEBUG] [TIME] 3467 dividends: 0.18s
2026-07-05 01:55:39,243 [INFO] [DETAIL] 3467 アグレ都市デザイン: income_stmt=OK, balance_sheet=OK, cashflow=OK, dividends=OK
2026-07-05 01:55:39,243 [INFO] [TIME] 3467 アグレ都市デザイン 処理時間: 0.96s
2026-07-05 01:55:40,679 [DEBUG] [TIME] 3469 info: 0.14s
2026-07-05 01:55:40,679 [DEBUG] yfinance OK: 3469
2026-07-05 01:55:40,861 [DEBUG] [TIME] 3469 income_stmt: 0.18s
2026-07-05 01:55:41,095 [DEBUG] [TIME] 3469 balance_sheet: 0.23s
2026-07-05 01:55:41,304 [DEBUG] [TIME] 3469 cashflow: 0.21s
2026-07-05 01:55:41,459 [DEBUG] [TIME] 3469 dividends: 0.15s
2026-07-05 01:55:41,460 [INFO] [DETAIL] 3469 デュアルタップ: income_stmt=OK, balance_sheet=OK, cashflow=OK, dividends=OK
2026-07-05 01:55:41,460 [INFO] [TIME] 3469 デュアルタップ 処理時間: 0.93s
2026-07-05 01:55:43,114 [DEBUG] [TIME] 3474 info: 0.30s
2026-07-05 01:55:43,114 [DEBUG] yfinance OK: 3474
2026-07-05 01:55:43,433 [DEBUG] [TIME] 3474 income_stmt: 0.32s
2026-07-05 01:55:43,653 [DEBUG] [TIME] 3474 balance_sheet: 0.22s
2026-07-05 01:55:43,832 [DEBUG] [TIME] 3474 cashflow: 0.18s
2026-07-05 01:55:43,992 [DEBUG] [TIME] 3474 dividends: 0.16s
2026-07-05 01:55:43,993 [INFO] [DETAIL] 3474 Ｇ－ＦＡＣＴＯＲＹ: income_stmt=OK, balance_sheet=OK, cashflow=OK, dividends=OK
2026-07-05 01:55:43,993 [INFO] [TIME] 3474 Ｇ－ＦＡＣＴＯＲＹ 処理時間: 1.18s
2026-07-05 01:55:45,474 [DEBUG] [TIME] 3475 info: 0.15s
2026-07-05 01:55:45,474 [DEBUG] yfinance OK: 3475
2026-07-05 01:55:45,642 [DEBUG] [TIME] 3475 income_stmt: 0.17s
2026-07-05 01:55:45,899 [DEBUG] [TIME] 3475 balance_sheet: 0.26s
2026-07-05 01:55:46,106 [DEBUG] [TIME] 3475 cashflow: 0.21s
2026-07-05 01:55:46,246 [DEBUG] [TIME] 3475 dividends: 0.14s
2026-07-05 01:55:46,247 [INFO] [DETAIL] 3475 グッドコムアセット: income_stmt=OK, balance_sheet=OK, cashflow=OK, dividends=OK
2026-07-05 01:55:46,247 [INFO] [TIME] 3475 グッドコムアセット 処理時間: 0.92s
2026-07-05 01:55:47,825 [DEBUG] [TIME] 3477 info: 0.19s
2026-07-05 01:55:47,825 [DEBUG] yfinance OK: 3477
2026-07-05 01:55:48,030 [DEBUG] [TIME] 3477 income_stmt: 0.20s
2026-07-05 01:55:48,256 [DEBUG] [TIME] 3477 balance_sheet: 0.23s
2026-07-05 01:55:48,511 [DEBUG] [TIME] 3477 cashflow: 0.25s
2026-07-05 01:55:48,673 [DEBUG] [TIME] 3477 dividends: 0.16s
2026-07-05 01:55:48,674 [INFO] [DETAIL] 3477 フォーライフ: income_stmt=OK, balance_sheet=OK, cashflow=OK, dividends=OK
2026-07-05 01:55:48,674 [INFO] [TIME] 3477 フォーライフ 処理時間: 1.04s
2026-07-05 01:55:50,590 [DEBUG] [TIME] 3479 info: 0.19s
2026-07-05 01:55:50,590 [DEBUG] yfinance OK: 3479
2026-07-05 01:55:50,775 [DEBUG] [TIME] 3479 income_stmt: 0.19s
2026-07-05 01:55:51,004 [DEBUG] [TIME] 3479 balance_sheet: 0.23s
2026-07-05 01:55:51,241 [DEBUG] [TIME] 3479 cashflow: 0.24s
2026-07-05 01:55:51,407 [DEBUG] [TIME] 3479 dividends: 0.17s
2026-07-05 01:55:51,407 [INFO] [DETAIL] 3479 ティーケーピー: income_stmt=OK, balance_sheet=OK, cashflow=OK, dividends=EMPTY
2026-07-05 01:55:51,407 [INFO] [TIME] 3479 ティーケーピー 処理時間: 1.00s
2026-07-05 01:55:53,195 [DEBUG] [TIME] 3480 info: 0.15s
2026-07-05 01:55:53,195 [DEBUG] yfinance OK: 3480
2026-07-05 01:55:53,378 [DEBUG] [TIME] 3480 income_stmt: 0.18s
2026-07-05 01:55:53,619 [DEBUG] [TIME] 3480 balance_sheet: 0.24s
2026-07-05 01:55:53,843 [DEBUG] [TIME] 3480 cashflow: 0.22s
2026-07-05 01:55:54,000 [DEBUG] [TIME] 3480 dividends: 0.16s
2026-07-05 01:55:54,001 [INFO] [DETAIL] 3480 ジェイ・エス・ビー: income_stmt=OK, balance_sheet=OK, cashflow=OK, dividends=OK
2026-07-05 01:55:54,001 [INFO] [TIME] 3480 ジェイ・エス・ビー 処理時間: 0.96s
2026-07-05 01:55:55,534 [DEBUG] [TIME] 3482 info: 0.14s
2026-07-05 01:55:55,534 [DEBUG] yfinance OK: 3482
2026-07-05 01:55:55,721 [DEBUG] [TIME] 3482 income_stmt: 0.19s
2026-07-05 01:55:55,927 [DEBUG] [TIME] 3482 balance_sheet: 0.20s
2026-07-05 01:55:56,136 [DEBUG] [TIME] 3482 cashflow: 0.21s
2026-07-05 01:55:56,275 [DEBUG] [TIME] 3482 dividends: 0.14s
2026-07-05 01:55:56,276 [INFO] [DETAIL] 3482 ロードスターキャピタル: income_stmt=OK, balance_sheet=OK, cashflow=OK, dividends=OK
2026-07-05 01:55:56,276 [INFO] [TIME] 3482 ロードスターキャピタル 処理時間: 0.88s
2026-07-05 01:55:58,199 [DEBUG] [TIME] 3484 info: 0.18s
2026-07-05 01:55:58,199 [DEBUG] yfinance OK: 3484
2026-07-05 01:55:58,421 [DEBUG] [TIME] 3484 income_stmt: 0.22s
2026-07-05 01:55:58,671 [DEBUG] [TIME] 3484 balance_sheet: 0.25s
2026-07-05 01:55:58,854 [DEBUG] [TIME] 3484 cashflow: 0.18s
2026-07-05 01:55:58,986 [DEBUG] [TIME] 3484 dividends: 0.13s
2026-07-05 01:55:58,987 [INFO] [DETAIL] 3484 イノベーションホールディングス: income_stmt=OK, balance_sheet=OK, cashflow=OK, dividends=OK
2026-07-05 01:55:58,987 [INFO] [TIME] 3484 イノベーションホールディングス 処理時間: 0.96s
2026-07-05 01:56:00,295 [DEBUG] [TIME] 3486 info: 0.14s
2026-07-05 01:56:00,295 [DEBUG] yfinance OK: 3486
2026-07-05 01:56:00,488 [DEBUG] [TIME] 3486 income_stmt: 0.19s
2026-07-05 01:56:00,711 [DEBUG] [TIME] 3486 balance_sheet: 0.22s
2026-07-05 01:56:00,925 [DEBUG] [TIME] 3486 cashflow: 0.21s
2026-07-05 01:56:01,093 [DEBUG] [TIME] 3486 dividends: 0.17s
2026-07-05 01:56:01,094 [INFO] [DETAIL] 3486 グローバル・リンク・マネジメント: income_stmt=OK, balance_sheet=OK, cashflow=OK, dividends=OK
2026-07-05 01:56:01,094 [INFO] [TIME] 3486 グローバル・リンク・マネジメント 処理時間: 0.94s
2026-07-05 01:56:02,674 [DEBUG] [TIME] 3489 info: 0.15s
2026-07-05 01:56:02,674 [DEBUG] yfinance OK: 3489
2026-07-05 01:56:02,859 [DEBUG] [TIME] 3489 income_stmt: 0.18s
2026-07-05 01:56:03,147 [DEBUG] [TIME] 3489 balance_sheet: 0.29s
2026-07-05 01:56:03,401 [DEBUG] [TIME] 3489 cashflow: 0.25s
2026-07-05 01:56:03,999 [DEBUG] [TIME] 3489 dividends: 0.60s
2026-07-05 01:56:04,000 [INFO] [DETAIL] 3489 フェイスネットワーク: income_stmt=OK, balance_sheet=OK, cashflow=OK, dividends=OK
2026-07-05 01:56:04,001 [INFO] [TIME] 3489 フェイスネットワーク 処理時間: 1.48s
2026-07-05 01:56:06,011 [DEBUG] [TIME] 3490 info: 0.14s
2026-07-05 01:56:06,011 [DEBUG] yfinance OK: 3490
2026-07-05 01:56:06,202 [DEBUG] [TIME] 3490 income_stmt: 0.19s
2026-07-05 01:56:06,440 [DEBUG] [TIME] 3490 balance_sheet: 0.24s
2026-07-05 01:56:06,637 [DEBUG] [TIME] 3490 cashflow: 0.20s
2026-07-05 01:56:06,775 [DEBUG] [TIME] 3490 dividends: 0.14s
2026-07-05 01:56:06,776 [INFO] [DETAIL] 3490 アズ企画設計: income_stmt=OK, balance_sheet=OK, cashflow=OK, dividends=OK
2026-07-05 01:56:06,776 [INFO] [TIME] 3490 アズ企画設計 処理時間: 0.91s
2026-07-05 01:56:08,482 [DEBUG] [TIME] 3491 info: 0.15s
2026-07-05 01:56:08,482 [DEBUG] yfinance OK: 3491
2026-07-05 01:56:08,693 [DEBUG] [TIME] 3491 income_stmt: 0.21s
2026-07-05 01:56:08,908 [DEBUG] [TIME] 3491 balance_sheet: 0.21s
2026-07-05 01:56:09,125 [DEBUG] [TIME] 3491 cashflow: 0.22s
2026-07-05 01:56:09,249 [DEBUG] [TIME] 3491 dividends: 0.12s
2026-07-05 01:56:09,250 [INFO] [DETAIL] 3491 ＧＡ　ｔｅｃｈｎｏｌｏｇｉｅｓ: income_stmt=OK, balance_sheet=OK, cashflow=OK, dividends=OK
2026-07-05 01:56:09,250 [INFO] [TIME] 3491 ＧＡ　ｔｅｃｈｎｏｌｏｇｉｅｓ 処理時間: 0.92s
2026-07-05 01:56:10,822 [DEBUG] [TIME] 3494 info: 0.15s
2026-07-05 01:56:10,822 [DEBUG] yfinance OK: 3494
2026-07-05 01:56:10,989 [DEBUG] [TIME] 3494 income_stmt: 0.17s
2026-07-05 01:56:11,231 [DEBUG] [TIME] 3494 balance_sheet: 0.24s
2026-07-05 01:56:11,430 [DEBUG] [TIME] 3494 cashflow: 0.20s
2026-07-05 01:56:11,566 [DEBUG] [TIME] 3494 dividends: 0.14s
2026-07-05 01:56:11,568 [INFO] [DETAIL] 3494 マリオン: income_stmt=OK, balance_sheet=OK, cashflow=OK, dividends=OK
2026-07-05 01:56:11,568 [INFO] [TIME] 3494 マリオン 処理時間: 0.90s
2026-07-05 01:56:13,608 [DEBUG] [TIME] 3495 info: 0.17s
2026-07-05 01:56:13,608 [DEBUG] yfinance OK: 3495
2026-07-05 01:56:13,780 [DEBUG] [TIME] 3495 income_stmt: 0.17s
2026-07-05 01:56:14,083 [DEBUG] [TIME] 3495 balance_sheet: 0.30s
2026-07-05 01:56:14,295 [DEBUG] [TIME] 3495 cashflow: 0.21s
2026-07-05 01:56:14,469 [DEBUG] [TIME] 3495 dividends: 0.17s
2026-07-05 01:56:14,470 [INFO] [DETAIL] 3495 香陵住販: income_stmt=OK, balance_sheet=OK, cashflow=OK, dividends=OK
2026-07-05 01:56:14,470 [INFO] [TIME] 3495 香陵住販 処理時間: 1.03s
2026-07-05 01:56:16,480 [DEBUG] [TIME] 3496 info: 0.18s
2026-07-05 01:56:16,480 [DEBUG] yfinance OK: 3496
2026-07-05 01:56:16,650 [DEBUG] [TIME] 3496 income_stmt: 0.17s
2026-07-05 01:56:16,877 [DEBUG] [TIME] 3496 balance_sheet: 0.23s
2026-07-05 01:56:17,079 [DEBUG] [TIME] 3496 cashflow: 0.20s
2026-07-05 01:56:17,230 [DEBUG] [TIME] 3496 dividends: 0.15s
2026-07-05 01:56:17,231 [INFO] [DETAIL] 3496 アズーム: income_stmt=OK, balance_sheet=OK, cashflow=OK, dividends=OK
2026-07-05 01:56:17,231 [INFO] [TIME] 3496 アズーム 処理時間: 0.93s
2026-07-05 01:56:19,121 [DEBUG] [TIME] 3498 info: 0.19s
2026-07-05 01:56:19,121 [DEBUG] yfinance OK: 3498
2026-07-05 01:56:19,295 [DEBUG] [TIME] 3498 income_stmt: 0.17s
2026-07-05 01:56:19,576 [DEBUG] [TIME] 3498 balance_sheet: 0.28s
2026-07-05 01:56:19,820 [DEBUG] [TIME] 3498 cashflow: 0.24s
2026-07-05 01:56:19,990 [DEBUG] [TIME] 3498 dividends: 0.17s
2026-07-05 01:56:19,991 [INFO] [DETAIL] 3498 霞ヶ関キャピタル: income_stmt=OK, balance_sheet=OK, cashflow=OK, dividends=OK
2026-07-05 01:56:19,991 [INFO] [TIME] 3498 霞ヶ関キャピタル 処理時間: 1.06s
2026-07-05 01:56:21,635 [DEBUG] [TIME] 3501 info: 0.14s
2026-07-05 01:56:21,635 [DEBUG] yfinance OK: 3501
2026-07-05 01:56:21,852 [DEBUG] [TIME] 3501 income_stmt: 0.22s
2026-07-05 01:56:22,073 [DEBUG] [TIME] 3501 balance_sheet: 0.22s
2026-07-05 01:56:22,335 [DEBUG] [TIME] 3501 cashflow: 0.26s
2026-07-05 01:56:22,706 [DEBUG] [TIME] 3501 dividends: 0.37s
2026-07-05 01:56:22,707 [INFO] [DETAIL] 3501 ＳＵＭＩＮＯＥ: income_stmt=OK, balance_sheet=OK, cashflow=OK, dividends=OK
2026-07-05 01:56:22,707 [INFO] [TIME] 3501 ＳＵＭＩＮＯＥ 処理時間: 1.22s
2026-07-05 01:56:24,371 [DEBUG] [TIME] 350A info: 0.14s
2026-07-05 01:56:24,371 [DEBUG] yfinance OK: 350A
2026-07-05 01:56:24,604 [DEBUG] [TIME] 350A income_stmt: 0.23s
2026-07-05 01:56:24,809 [DEBUG] [TIME] 350A balance_sheet: 0.20s
2026-07-05 01:56:24,996 [DEBUG] [TIME] 350A cashflow: 0.19s
2026-07-05 01:56:25,086 [DEBUG] [TIME] 350A dividends: 0.09s
2026-07-05 01:56:25,086 [INFO] [DETAIL] 350A デジタルグリッド: income_stmt=OK, balance_sheet=OK, cashflow=OK, dividends=EMPTY
2026-07-05 01:56:25,086 [INFO] [TIME] 350A デジタルグリッド 処理時間: 0.86s
2026-07-05 01:56:26,711 [DEBUG] [TIME] 3512 info: 0.14s
2026-07-05 01:56:26,711 [DEBUG] yfinance OK: 3512
2026-07-05 01:56:26,883 [DEBUG] [TIME] 3512 income_stmt: 0.17s
2026-07-05 01:56:27,133 [DEBUG] [TIME] 3512 balance_sheet: 0.25s
2026-07-05 01:56:27,346 [DEBUG] [TIME] 3512 cashflow: 0.21s
2026-07-05 01:56:27,639 [DEBUG] [TIME] 3512 dividends: 0.29s
2026-07-05 01:56:27,640 [INFO] [DETAIL] 3512 日本フエルト: income_stmt=OK, balance_sheet=OK, cashflow=OK, dividends=OK
2026-07-05 01:56:27,640 [INFO] [TIME] 3512 日本フエルト 処理時間: 1.07s
2026-07-05 01:56:28,792 [DEBUG] [TIME] 3513 info: 0.14s
2026-07-05 01:56:28,793 [DEBUG] yfinance OK: 3513
2026-07-05 01:56:28,983 [DEBUG] [TIME] 3513 income_stmt: 0.19s
2026-07-05 01:56:29,219 [DEBUG] [TIME] 3513 balance_sheet: 0.23s
2026-07-05 01:56:29,430 [DEBUG] [TIME] 3513 cashflow: 0.21s
2026-07-05 01:56:29,758 [DEBUG] [TIME] 3513 dividends: 0.33s
2026-07-05 01:56:29,759 [INFO] [DETAIL] 3513 イチカワ: income_stmt=OK, balance_sheet=OK, cashflow=OK, dividends=OK
2026-07-05 01:56:29,759 [INFO] [TIME] 3513 イチカワ 処理時間: 1.11s
2026-07-05 01:56:31,790 [DEBUG] [TIME] 3521 info: 0.16s
2026-07-05 01:56:31,791 [DEBUG] yfinance OK: 3521
2026-07-05 01:56:32,001 [DEBUG] [TIME] 3521 income_stmt: 0.21s
2026-07-05 01:56:32,214 [DEBUG] [TIME] 3521 balance_sheet: 0.21s
2026-07-05 01:56:32,429 [DEBUG] [TIME] 3521 cashflow: 0.21s
2026-07-05 01:56:32,627 [DEBUG] [TIME] 3521 dividends: 0.20s
2026-07-05 01:56:32,628 [INFO] [DETAIL] 3521 テルマー湯ホールディングス: income_stmt=OK, balance_sheet=OK, cashflow=OK, dividends=OK
2026-07-05 01:56:32,629 [INFO] [TIME] 3521 テルマー湯ホールディングス 処理時間: 1.00s
2026-07-05 01:56:34,745 [DEBUG] [TIME] 3524 info: 0.14s
2026-07-05 01:56:34,745 [DEBUG] yfinance OK: 3524
2026-07-05 01:56:34,924 [DEBUG] [TIME] 3524 income_stmt: 0.18s
2026-07-05 01:56:35,160 [DEBUG] [TIME] 3524 balance_sheet: 0.24s
2026-07-05 01:56:35,347 [DEBUG] [TIME] 3524 cashflow: 0.19s
2026-07-05 01:56:35,643 [DEBUG] [TIME] 3524 dividends: 0.30s
2026-07-05 01:56:35,644 [INFO] [DETAIL] 3524 日東製網: income_stmt=OK, balance_sheet=OK, cashflow=OK, dividends=OK
2026-07-05 01:56:35,644 [INFO] [TIME] 3524 日東製網 処理時間: 1.04s
2026-07-05 01:56:37,490 [DEBUG] [TIME] 3529 info: 0.14s
2026-07-05 01:56:37,490 [DEBUG] yfinance OK: 3529
2026-07-05 01:56:37,663 [DEBUG] [TIME] 3529 income_stmt: 0.17s
2026-07-05 01:56:37,918 [DEBUG] [TIME] 3529 balance_sheet: 0.25s
2026-07-05 01:56:38,124 [DEBUG] [TIME] 3529 cashflow: 0.21s
2026-07-05 01:56:38,403 [DEBUG] [TIME] 3529 dividends: 0.28s
2026-07-05 01:56:38,404 [INFO] [DETAIL] 3529 アツギ: income_stmt=OK, balance_sheet=OK, cashflow=OK, dividends=OK
2026-07-05 01:56:38,404 [INFO] [TIME] 3529 アツギ 処理時間: 1.06s
2026-07-05 01:56:40,069 [DEBUG] [TIME] 352A info: 0.14s
2026-07-05 01:56:40,069 [DEBUG] yfinance OK: 352A
2026-07-05 01:56:40,276 [DEBUG] [TIME] 352A income_stmt: 0.21s
2026-07-05 01:56:40,502 [DEBUG] [TIME] 352A balance_sheet: 0.23s
2026-07-05 01:56:40,731 [DEBUG] [TIME] 352A cashflow: 0.23s
2026-07-05 01:56:40,820 [DEBUG] [TIME] 352A dividends: 0.09s
2026-07-05 01:56:40,820 [INFO] [DETAIL] 352A ＬＯＩＶＥ: income_stmt=OK, balance_sheet=OK, cashflow=OK, dividends=EMPTY
2026-07-05 01:56:40,820 [INFO] [TIME] 352A ＬＯＩＶＥ 処理時間: 0.89s
2026-07-05 01:56:42,152 [DEBUG] [TIME] 3536 info: 0.14s
2026-07-05 01:56:42,152 [DEBUG] yfinance OK: 3536
2026-07-05 01:56:42,354 [DEBUG] [TIME] 3536 income_stmt: 0.20s
2026-07-05 01:56:42,582 [DEBUG] [TIME] 3536 balance_sheet: 0.23s
2026-07-05 01:56:42,816 [DEBUG] [TIME] 3536 cashflow: 0.23s
2026-07-05 01:56:43,014 [DEBUG] [TIME] 3536 dividends: 0.20s
2026-07-05 01:56:43,015 [INFO] [DETAIL] 3536 アクサスホールディングス: income_stmt=OK, balance_sheet=OK, cashflow=OK, dividends=OK
2026-07-05 01:56:43,015 [INFO] [TIME] 3536 アクサスホールディングス 処理時間: 1.01s
2026-07-05 01:56:44,204 [DEBUG] [TIME] 3537 info: 0.17s
2026-07-05 01:56:44,204 [DEBUG] yfinance OK: 3537
2026-07-05 01:56:44,416 [DEBUG] [TIME] 3537 income_stmt: 0.21s
2026-07-05 01:56:44,661 [DEBUG] [TIME] 3537 balance_sheet: 0.24s
2026-07-05 01:56:44,851 [DEBUG] [TIME] 3537 cashflow: 0.19s
2026-07-05 01:56:45,006 [DEBUG] [TIME] 3537 dividends: 0.16s
2026-07-05 01:56:45,007 [INFO] [DETAIL] 3537 昭栄薬品: income_stmt=OK, balance_sheet=OK, cashflow=OK, dividends=OK
2026-07-05 01:56:45,007 [INFO] [TIME] 3537 昭栄薬品 処理時間: 0.98s
2026-07-05 01:56:46,988 [DEBUG] [TIME] 3538 info: 0.18s
2026-07-05 01:56:46,988 [DEBUG] yfinance OK: 3538
2026-07-05 01:56:47,159 [DEBUG] [TIME] 3538 income_stmt: 0.17s
2026-07-05 01:56:47,372 [DEBUG] [TIME] 3538 balance_sheet: 0.21s
2026-07-05 01:56:47,573 [DEBUG] [TIME] 3538 cashflow: 0.20s
2026-07-05 01:56:47,755 [DEBUG] [TIME] 3538 dividends: 0.18s
2026-07-05 01:56:47,756 [INFO] [DETAIL] 3538 ウイルプラスホールディングス: income_stmt=OK, balance_sheet=OK, cashflow=OK, dividends=OK
2026-07-05 01:56:47,756 [INFO] [TIME] 3538 ウイルプラスホールディングス 処理時間: 0.95s
2026-07-05 01:56:49,481 [DEBUG] [TIME] 3539 info: 0.14s
2026-07-05 01:56:49,481 [DEBUG] yfinance OK: 3539
2026-07-05 01:56:49,641 [DEBUG] [TIME] 3539 income_stmt: 0.16s
2026-07-05 01:56:49,882 [DEBUG] [TIME] 3539 balance_sheet: 0.24s
2026-07-05 01:56:50,101 [DEBUG] [TIME] 3539 cashflow: 0.22s
2026-07-05 01:56:50,273 [DEBUG] [TIME] 3539 dividends: 0.17s
2026-07-05 01:56:50,274 [INFO] [DETAIL] 3539 ＪＭホールディングス: income_stmt=OK, balance_sheet=OK, cashflow=OK, dividends=OK
2026-07-05 01:56:50,274 [INFO] [TIME] 3539 ＪＭホールディングス 処理時間: 0.94s
2026-07-05 01:56:52,453 [DEBUG] [TIME] 3542 info: 0.17s
2026-07-05 01:56:52,453 [DEBUG] yfinance OK: 3542
2026-07-05 01:56:52,665 [DEBUG] [TIME] 3542 income_stmt: 0.21s
2026-07-05 01:56:52,904 [DEBUG] [TIME] 3542 balance_sheet: 0.24s
2026-07-05 01:56:53,099 [DEBUG] [TIME] 3542 cashflow: 0.19s
2026-07-05 01:56:53,297 [DEBUG] [TIME] 3542 dividends: 0.20s
2026-07-05 01:56:53,298 [INFO] [DETAIL] 3542 ベガコーポレーション: income_stmt=OK, balance_sheet=OK, cashflow=OK, dividends=OK
2026-07-05 01:56:53,298 [INFO] [TIME] 3542 ベガコーポレーション 処理時間: 1.02s
2026-07-05 01:56:54,537 [DEBUG] [TIME] 3543 info: 0.18s
2026-07-05 01:56:54,537 [DEBUG] yfinance OK: 3543
2026-07-05 01:56:54,718 [DEBUG] [TIME] 3543 income_stmt: 0.18s
2026-07-05 01:56:54,975 [DEBUG] [TIME] 3543 balance_sheet: 0.26s
2026-07-05 01:56:55,158 [DEBUG] [TIME] 3543 cashflow: 0.18s
2026-07-05 01:56:55,340 [DEBUG] [TIME] 3543 dividends: 0.18s
2026-07-05 01:56:55,341 [INFO] [DETAIL] 3543 コメダホールディングス: income_stmt=OK, balance_sheet=OK, cashflow=OK, dividends=OK
2026-07-05 01:56:55,341 [INFO] [TIME] 3543 コメダホールディングス 処理時間: 0.99s
2026-07-05 01:56:57,211 [DEBUG] [TIME] 3544 info: 0.19s
2026-07-05 01:56:57,211 [DEBUG] yfinance OK: 3544
2026-07-05 01:56:57,403 [DEBUG] [TIME] 3544 income_stmt: 0.19s
2026-07-05 01:56:57,641 [DEBUG] [TIME] 3544 balance_sheet: 0.24s
2026-07-05 01:56:57,869 [DEBUG] [TIME] 3544 cashflow: 0.23s
2026-07-05 01:56:58,124 [DEBUG] [TIME] 3544 dividends: 0.25s
2026-07-05 01:56:58,125 [INFO] [DETAIL] 3544 サツドラホールディングス: income_stmt=OK, balance_sheet=OK, cashflow=OK, dividends=OK
2026-07-05 01:56:58,125 [INFO] [TIME] 3544 サツドラホールディングス 処理時間: 1.10s
2026-07-05 01:57:00,271 [DEBUG] [TIME] 3546 info: 0.15s
2026-07-05 01:57:00,271 [DEBUG] yfinance OK: 3546
2026-07-05 01:57:00,489 [DEBUG] [TIME] 3546 income_stmt: 0.22s
2026-07-05 01:57:00,755 [DEBUG] [TIME] 3546 balance_sheet: 0.27s
2026-07-05 01:57:00,987 [DEBUG] [TIME] 3546 cashflow: 0.23s
2026-07-05 01:57:01,266 [DEBUG] [TIME] 3546 dividends: 0.28s
2026-07-05 01:57:01,266 [INFO] [DETAIL] 3546 アレンザホールディングス: income_stmt=OK, balance_sheet=OK, cashflow=OK, dividends=OK
2026-07-05 01:57:01,267 [INFO] [TIME] 3546 アレンザホールディングス 処理時間: 1.15s
2026-07-05 01:57:02,759 [DEBUG] [TIME] 3547 info: 0.15s
2026-07-05 01:57:02,759 [DEBUG] yfinance OK: 3547
2026-07-05 01:57:03,006 [DEBUG] [TIME] 3547 income_stmt: 0.25s
2026-07-05 01:57:03,248 [DEBUG] [TIME] 3547 balance_sheet: 0.24s
2026-07-05 01:57:03,433 [DEBUG] [TIME] 3547 cashflow: 0.18s
2026-07-05 01:57:03,614 [DEBUG] [TIME] 3547 dividends: 0.18s
2026-07-05 01:57:03,615 [INFO] [DETAIL] 3547 ユニシアホールディングス: income_stmt=OK, balance_sheet=OK, cashflow=OK, dividends=OK
2026-07-05 01:57:03,615 [INFO] [TIME] 3547 ユニシアホールディングス 処理時間: 1.01s
2026-07-05 01:57:05,242 [DEBUG] [TIME] 3548 info: 0.18s
2026-07-05 01:57:05,242 [DEBUG] yfinance OK: 3548
2026-07-05 01:57:05,453 [DEBUG] [TIME] 3548 income_stmt: 0.21s
2026-07-05 01:57:05,688 [DEBUG] [TIME] 3548 balance_sheet: 0.23s
2026-07-05 01:57:05,877 [DEBUG] [TIME] 3548 cashflow: 0.19s
2026-07-05 01:57:06,080 [DEBUG] [TIME] 3548 dividends: 0.20s
2026-07-05 01:57:06,081 [INFO] [DETAIL] 3548 バロックジャパンリミテッド: income_stmt=OK, balance_sheet=OK, cashflow=OK, dividends=OK
2026-07-05 01:57:06,081 [INFO] [TIME] 3548 バロックジャパンリミテッド 処理時間: 1.01s
2026-07-05 01:57:07,854 [DEBUG] [TIME] 3549 info: 0.14s
2026-07-05 01:57:07,855 [DEBUG] yfinance OK: 3549
2026-07-05 01:57:08,014 [DEBUG] [TIME] 3549 income_stmt: 0.16s
2026-07-05 01:57:08,233 [DEBUG] [TIME] 3549 balance_sheet: 0.22s
2026-07-05 01:57:08,435 [DEBUG] [TIME] 3549 cashflow: 0.20s
2026-07-05 01:57:08,730 [DEBUG] [TIME] 3549 dividends: 0.29s
2026-07-05 01:57:08,731 [INFO] [DETAIL] 3549 クスリのアオキホールディングス: income_stmt=OK, balance_sheet=OK, cashflow=OK, dividends=OK
2026-07-05 01:57:08,731 [INFO] [TIME] 3549 クスリのアオキホールディングス 処理時間: 1.02s
2026-07-05 01:57:10,881 [DEBUG] [TIME] 3550 info: 0.14s
2026-07-05 01:57:10,881 [DEBUG] yfinance OK: 3550
2026-07-05 01:57:11,063 [DEBUG] [TIME] 3550 income_stmt: 0.18s
2026-07-05 01:57:11,256 [DEBUG] [TIME] 3550 balance_sheet: 0.19s
2026-07-05 01:57:11,470 [DEBUG] [TIME] 3550 cashflow: 0.21s
2026-07-05 01:57:11,638 [DEBUG] [TIME] 3550 dividends: 0.17s
2026-07-05 01:57:11,639 [INFO] [DETAIL] 3550 スタジオアタオ: income_stmt=OK, balance_sheet=OK, cashflow=OK, dividends=OK
2026-07-05 01:57:11,639 [INFO] [TIME] 3550 スタジオアタオ 処理時間: 0.90s
2026-07-05 01:57:13,468 [DEBUG] [TIME] 3551 info: 0.14s
2026-07-05 01:57:13,468 [DEBUG] yfinance OK: 3551
2026-07-05 01:57:13,687 [DEBUG] [TIME] 3551 income_stmt: 0.22s
2026-07-05 01:57:13,954 [DEBUG] [TIME] 3551 balance_sheet: 0.27s
2026-07-05 01:57:14,183 [DEBUG] [TIME] 3551 cashflow: 0.23s
2026-07-05 01:57:14,476 [DEBUG] [TIME] 3551 dividends: 0.29s
2026-07-05 01:57:14,477 [INFO] [DETAIL] 3551 ダイニック: income_stmt=OK, balance_sheet=OK, cashflow=OK, dividends=OK
2026-07-05 01:57:14,477 [INFO] [TIME] 3551 ダイニック 処理時間: 1.15s
2026-07-05 01:57:15,713 [DEBUG] [TIME] 3553 info: 0.19s
2026-07-05 01:57:15,713 [DEBUG] yfinance OK: 3553
2026-07-05 01:57:15,900 [DEBUG] [TIME] 3553 income_stmt: 0.19s
2026-07-05 01:57:16,152 [DEBUG] [TIME] 3553 balance_sheet: 0.25s
2026-07-05 01:57:16,352 [DEBUG] [TIME] 3553 cashflow: 0.20s
2026-07-05 01:57:16,610 [DEBUG] [TIME] 3553 dividends: 0.26s
2026-07-05 01:57:16,611 [INFO] [DETAIL] 3553 共和レザー: income_stmt=OK, balance_sheet=OK, cashflow=OK, dividends=OK
2026-07-05 01:57:16,611 [INFO] [TIME] 3553 共和レザー 処理時間: 1.09s
2026-07-05 01:57:18,717 [DEBUG] [TIME] 3556 info: 0.15s
2026-07-05 01:57:18,718 [DEBUG] yfinance OK: 3556
2026-07-05 01:57:18,892 [DEBUG] [TIME] 3556 income_stmt: 0.17s
2026-07-05 01:57:19,151 [DEBUG] [TIME] 3556 balance_sheet: 0.26s
2026-07-05 01:57:19,390 [DEBUG] [TIME] 3556 cashflow: 0.24s
2026-07-05 01:57:19,513 [DEBUG] [TIME] 3556 dividends: 0.12s
2026-07-05 01:57:19,513 [INFO] [DETAIL] 3556 リネットジャパングループ: income_stmt=OK, balance_sheet=OK, cashflow=OK, dividends=EMPTY
2026-07-05 01:57:19,513 [INFO] [TIME] 3556 リネットジャパングループ 処理時間: 0.94s
2026-07-05 01:57:21,012 [DEBUG] [TIME] 3557 info: 0.20s
2026-07-05 01:57:21,012 [DEBUG] yfinance OK: 3557
2026-07-05 01:57:21,219 [DEBUG] [TIME] 3557 income_stmt: 0.21s
2026-07-05 01:57:21,447 [DEBUG] [TIME] 3557 balance_sheet: 0.23s
2026-07-05 01:57:21,661 [DEBUG] [TIME] 3557 cashflow: 0.21s
2026-07-05 01:57:21,782 [DEBUG] [TIME] 3557 dividends: 0.12s
2026-07-05 01:57:21,783 [INFO] [DETAIL] 3557 ユナイテッド＆コレクティブ: income_stmt=OK, balance_sheet=OK, cashflow=OK, dividends=EMPTY
2026-07-05 01:57:21,783 [INFO] [TIME] 3557 ユナイテッド＆コレクティブ 処理時間: 0.97s
2026-07-05 01:57:23,116 [DEBUG] [TIME] 3558 info: 0.23s
2026-07-05 01:57:23,116 [DEBUG] yfinance OK: 3558
2026-07-05 01:57:23,294 [DEBUG] [TIME] 3558 income_stmt: 0.18s
2026-07-05 01:57:23,570 [DEBUG] [TIME] 3558 balance_sheet: 0.28s
2026-07-05 01:57:23,816 [DEBUG] [TIME] 3558 cashflow: 0.24s
2026-07-05 01:57:23,989 [DEBUG] [TIME] 3558 dividends: 0.17s
2026-07-05 01:57:23,989 [INFO] [DETAIL] 3558 ジェイドグループ: income_stmt=OK, balance_sheet=OK, cashflow=OK, dividends=OK
2026-07-05 01:57:23,990 [INFO] [TIME] 3558 ジェイドグループ 処理時間: 1.10s
2026-07-05 01:57:25,429 [DEBUG] [TIME] 3559 info: 0.16s
2026-07-05 01:57:25,429 [DEBUG] yfinance OK: 3559
2026-07-05 01:57:25,599 [DEBUG] [TIME] 3559 income_stmt: 0.17s
2026-07-05 01:57:25,826 [DEBUG] [TIME] 3559 balance_sheet: 0.23s
2026-07-05 01:57:26,049 [DEBUG] [TIME] 3559 cashflow: 0.22s
2026-07-05 01:57:26,214 [DEBUG] [TIME] 3559 dividends: 0.16s
2026-07-05 01:57:26,215 [INFO] [DETAIL] 3559 ピーバンドットコム: income_stmt=OK, balance_sheet=OK, cashflow=OK, dividends=OK
2026-07-05 01:57:26,216 [INFO] [TIME] 3559 ピーバンドットコム 処理時間: 0.95s
2026-07-05 01:57:27,673 [DEBUG] [TIME] 3560 info: 0.15s
2026-07-05 01:57:27,673 [DEBUG] yfinance OK: 3560
2026-07-05 01:57:27,850 [DEBUG] [TIME] 3560 income_stmt: 0.18s
2026-07-05 01:57:28,082 [DEBUG] [TIME] 3560 balance_sheet: 0.23s
2026-07-05 01:57:28,289 [DEBUG] [TIME] 3560 cashflow: 0.21s
2026-07-05 01:57:28,459 [DEBUG] [TIME] 3560 dividends: 0.17s
2026-07-05 01:57:28,460 [INFO] [DETAIL] 3560 ほぼ日: income_stmt=OK, balance_sheet=OK, cashflow=OK, dividends=OK
2026-07-05 01:57:28,460 [INFO] [TIME] 3560 ほぼ日 処理時間: 0.94s
2026-07-05 01:57:30,457 [DEBUG] [TIME] 3561 info: 0.14s
2026-07-05 01:57:30,457 [DEBUG] yfinance OK: 3561
2026-07-05 01:57:30,655 [DEBUG] [TIME] 3561 income_stmt: 0.20s
2026-07-05 01:57:30,892 [DEBUG] [TIME] 3561 balance_sheet: 0.24s
2026-07-05 01:57:31,121 [DEBUG] [TIME] 3561 cashflow: 0.23s
2026-07-05 01:57:31,278 [DEBUG] [TIME] 3561 dividends: 0.16s
2026-07-05 01:57:31,279 [INFO] [DETAIL] 3561 力の源ホールディングス: income_stmt=OK, balance_sheet=OK, cashflow=OK, dividends=OK
2026-07-05 01:57:31,279 [INFO] [TIME] 3561 力の源ホールディングス 処理時間: 0.96s
2026-07-05 01:57:32,830 [DEBUG] [TIME] 3562 info: 0.14s
2026-07-05 01:57:32,830 [DEBUG] yfinance OK: 3562
2026-07-05 01:57:33,028 [DEBUG] [TIME] 3562 income_stmt: 0.20s
2026-07-05 01:57:33,252 [DEBUG] [TIME] 3562 balance_sheet: 0.22s
2026-07-05 01:57:33,439 [DEBUG] [TIME] 3562 cashflow: 0.19s
2026-07-05 01:57:33,604 [DEBUG] [TIME] 3562 dividends: 0.16s
2026-07-05 01:57:33,605 [INFO] [DETAIL] 3562 Ｎｏ．１: income_stmt=OK, balance_sheet=OK, cashflow=OK, dividends=OK
2026-07-05 01:57:33,605 [INFO] [TIME] 3562 Ｎｏ．１ 処理時間: 0.92s
2026-07-05 01:57:35,109 [DEBUG] [TIME] 3563 info: 0.18s
2026-07-05 01:57:35,109 [DEBUG] yfinance OK: 3563
2026-07-05 01:57:35,311 [DEBUG] [TIME] 3563 income_stmt: 0.20s
2026-07-05 01:57:35,520 [DEBUG] [TIME] 3563 balance_sheet: 0.21s
2026-07-05 01:57:35,714 [DEBUG] [TIME] 3563 cashflow: 0.19s
2026-07-05 01:57:35,851 [DEBUG] [TIME] 3563 dividends: 0.14s
2026-07-05 01:57:35,852 [INFO] [DETAIL] 3563 ＦＯＯＤ　＆　ＬＩＦＥ　ＣＯＭＰＡＮＩＥＳ: income_stmt=OK, balance_sheet=OK, cashflow=OK, dividends=OK
2026-07-05 01:57:35,852 [INFO] [TIME] 3563 ＦＯＯＤ　＆　ＬＩＦＥ　ＣＯＭＰＡＮＩＥＳ 処理時間: 0.92s
2026-07-05 01:57:37,322 [DEBUG] [TIME] 3565 info: 0.15s
2026-07-05 01:57:37,323 [DEBUG] yfinance OK: 3565
2026-07-05 01:57:37,506 [DEBUG] [TIME] 3565 income_stmt: 0.18s
2026-07-05 01:57:37,788 [DEBUG] [TIME] 3565 balance_sheet: 0.28s
2026-07-05 01:57:37,999 [DEBUG] [TIME] 3565 cashflow: 0.21s
2026-07-05 01:57:38,132 [DEBUG] [TIME] 3565 dividends: 0.13s
2026-07-05 01:57:38,133 [INFO] [DETAIL] 3565 アセンテック: income_stmt=OK, balance_sheet=OK, cashflow=OK, dividends=OK
2026-07-05 01:57:38,133 [INFO] [TIME] 3565 アセンテック 処理時間: 0.96s
2026-07-05 01:57:39,433 [DEBUG] [TIME] 3566 info: 0.14s
2026-07-05 01:57:39,433 [DEBUG] yfinance OK: 3566
2026-07-05 01:57:39,624 [DEBUG] [TIME] 3566 income_stmt: 0.19s
2026-07-05 01:57:39,878 [DEBUG] [TIME] 3566 balance_sheet: 0.25s
2026-07-05 01:57:40,083 [DEBUG] [TIME] 3566 cashflow: 0.20s
2026-07-05 01:57:40,227 [DEBUG] [TIME] 3566 dividends: 0.14s
2026-07-05 01:57:40,228 [INFO] [DETAIL] 3566 ユニフォームネクスト: income_stmt=OK, balance_sheet=OK, cashflow=OK, dividends=OK
2026-07-05 01:57:40,228 [INFO] [TIME] 3566 ユニフォームネクスト 処理時間: 0.94s
2026-07-05 01:57:42,028 [DEBUG] [TIME] 3569 info: 0.18s
2026-07-05 01:57:42,028 [DEBUG] yfinance OK: 3569
2026-07-05 01:57:42,221 [DEBUG] [TIME] 3569 income_stmt: 0.19s
2026-07-05 01:57:42,471 [DEBUG] [TIME] 3569 balance_sheet: 0.25s
2026-07-05 01:57:42,654 [DEBUG] [TIME] 3569 cashflow: 0.18s
2026-07-05 01:57:42,953 [DEBUG] [TIME] 3569 dividends: 0.30s
2026-07-05 01:57:42,954 [INFO] [DETAIL] 3569 セーレン: income_stmt=OK, balance_sheet=OK, cashflow=OK, dividends=OK
2026-07-05 01:57:42,954 [INFO] [TIME] 3569 セーレン 処理時間: 1.11s
2026-07-05 01:57:44,333 [DEBUG] [TIME] 3571 info: 0.14s
2026-07-05 01:57:44,333 [DEBUG] yfinance OK: 3571
2026-07-05 01:57:44,513 [DEBUG] [TIME] 3571 income_stmt: 0.18s
2026-07-05 01:57:44,753 [DEBUG] [TIME] 3571 balance_sheet: 0.24s
2026-07-05 01:57:44,976 [DEBUG] [TIME] 3571 cashflow: 0.22s
2026-07-05 01:57:45,272 [DEBUG] [TIME] 3571 dividends: 0.30s
2026-07-05 01:57:45,273 [INFO] [DETAIL] 3571 ソトー: income_stmt=OK, balance_sheet=OK, cashflow=OK, dividends=OK
2026-07-05 01:57:45,273 [INFO] [TIME] 3571 ソトー 処理時間: 1.08s
2026-07-05 01:57:46,529 [DEBUG] [TIME] 3577 info: 0.15s
2026-07-05 01:57:46,529 [DEBUG] yfinance OK: 3577
2026-07-05 01:57:46,733 [DEBUG] [TIME] 3577 income_stmt: 0.20s
2026-07-05 01:57:46,978 [DEBUG] [TIME] 3577 balance_sheet: 0.24s
2026-07-05 01:57:47,162 [DEBUG] [TIME] 3577 cashflow: 0.18s
2026-07-05 01:57:47,550 [DEBUG] [TIME] 3577 dividends: 0.39s
2026-07-05 01:57:47,551 [INFO] [DETAIL] 3577 東海染工: income_stmt=OK, balance_sheet=OK, cashflow=OK, dividends=OK
2026-07-05 01:57:47,551 [INFO] [TIME] 3577 東海染工 処理時間: 1.17s
2026-07-05 01:57:49,715 [DEBUG] [TIME] 3580 info: 0.16s
2026-07-05 01:57:49,715 [DEBUG] yfinance OK: 3580
2026-07-05 01:57:49,913 [DEBUG] [TIME] 3580 income_stmt: 0.20s
2026-07-05 01:57:50,136 [DEBUG] [TIME] 3580 balance_sheet: 0.22s
2026-07-05 01:57:50,328 [DEBUG] [TIME] 3580 cashflow: 0.19s
2026-07-05 01:57:50,621 [DEBUG] [TIME] 3580 dividends: 0.29s
2026-07-05 01:57:50,622 [INFO] [DETAIL] 3580 小松マテーレ: income_stmt=OK, balance_sheet=OK, cashflow=OK, dividends=OK
2026-07-05 01:57:50,623 [INFO] [TIME] 3580 小松マテーレ 処理時間: 1.07s
2026-07-05 01:57:52,722 [DEBUG] [TIME] 3583 info: 0.15s
2026-07-05 01:57:52,722 [DEBUG] yfinance OK: 3583
2026-07-05 01:57:52,889 [DEBUG] [TIME] 3583 income_stmt: 0.17s
2026-07-05 01:57:53,113 [DEBUG] [TIME] 3583 balance_sheet: 0.22s
2026-07-05 01:57:53,332 [DEBUG] [TIME] 3583 cashflow: 0.22s
2026-07-05 01:57:53,599 [DEBUG] [TIME] 3583 dividends: 0.27s
2026-07-05 01:57:53,600 [INFO] [DETAIL] 3583 オーベクス: income_stmt=OK, balance_sheet=OK, cashflow=OK, dividends=OK
2026-07-05 01:57:53,600 [INFO] [TIME] 3583 オーベクス 処理時間: 1.03s
2026-07-05 01:57:55,685 [DEBUG] [TIME] 3591 info: 0.15s
2026-07-05 01:57:55,685 [DEBUG] yfinance OK: 3591
2026-07-05 01:57:55,855 [DEBUG] [TIME] 3591 income_stmt: 0.17s
2026-07-05 01:57:56,111 [DEBUG] [TIME] 3591 balance_sheet: 0.26s
2026-07-05 01:57:56,393 [DEBUG] [TIME] 3591 cashflow: 0.28s
2026-07-05 01:57:56,685 [DEBUG] [TIME] 3591 dividends: 0.29s
2026-07-05 01:57:56,686 [INFO] [DETAIL] 3591 ワコールホールディングス: income_stmt=OK, balance_sheet=OK, cashflow=OK, dividends=OK
2026-07-05 01:57:56,687 [INFO] [TIME] 3591 ワコールホールディングス 処理時間: 1.15s
2026-07-05 01:57:58,370 [DEBUG] [TIME] 3597 info: 0.15s
2026-07-05 01:57:58,370 [DEBUG] yfinance OK: 3597
2026-07-05 01:57:58,547 [DEBUG] [TIME] 3597 income_stmt: 0.18s
2026-07-05 01:57:58,756 [DEBUG] [TIME] 3597 balance_sheet: 0.21s
2026-07-05 01:57:58,930 [DEBUG] [TIME] 3597 cashflow: 0.17s
2026-07-05 01:57:59,206 [DEBUG] [TIME] 3597 dividends: 0.28s
2026-07-05 01:57:59,207 [INFO] [DETAIL] 3597 自重堂: income_stmt=OK, balance_sheet=OK, cashflow=OK, dividends=OK
2026-07-05 01:57:59,207 [INFO] [TIME] 3597 自重堂 処理時間: 0.98s
2026-07-05 01:58:00,613 [DEBUG] [TIME] 3598 info: 0.14s
2026-07-05 01:58:00,613 [DEBUG] yfinance OK: 3598
2026-07-05 01:58:00,792 [DEBUG] [TIME] 3598 income_stmt: 0.18s
2026-07-05 01:58:01,036 [DEBUG] [TIME] 3598 balance_sheet: 0.24s
2026-07-05 01:58:01,221 [DEBUG] [TIME] 3598 cashflow: 0.18s
2026-07-05 01:58:01,497 [DEBUG] [TIME] 3598 dividends: 0.28s
2026-07-05 01:58:01,498 [INFO] [DETAIL] 3598 山喜: income_stmt=OK, balance_sheet=OK, cashflow=OK, dividends=OK
2026-07-05 01:58:01,498 [INFO] [TIME] 3598 山喜 処理時間: 1.03s
2026-07-05 01:58:02,797 [DEBUG] [TIME] 3600 info: 0.21s
2026-07-05 01:58:02,798 [DEBUG] yfinance OK: 3600
2026-07-05 01:58:03,011 [DEBUG] [TIME] 3600 income_stmt: 0.21s
2026-07-05 01:58:03,260 [DEBUG] [TIME] 3600 balance_sheet: 0.25s
2026-07-05 01:58:03,454 [DEBUG] [TIME] 3600 cashflow: 0.19s
2026-07-05 01:58:03,767 [DEBUG] [TIME] 3600 dividends: 0.31s
2026-07-05 01:58:03,768 [INFO] [DETAIL] 3600 フジックス: income_stmt=OK, balance_sheet=OK, cashflow=OK, dividends=OK
2026-07-05 01:58:03,768 [INFO] [TIME] 3600 フジックス 処理時間: 1.18s
2026-07-05 01:58:05,892 [DEBUG] [TIME] 3607 info: 0.17s
2026-07-05 01:58:05,892 [DEBUG] yfinance OK: 3607
2026-07-05 01:58:06,082 [DEBUG] [TIME] 3607 income_stmt: 0.19s
2026-07-05 01:58:06,279 [DEBUG] [TIME] 3607 balance_sheet: 0.20s
2026-07-05 01:58:06,438 [DEBUG] [TIME] 3607 cashflow: 0.16s
2026-07-05 01:58:06,704 [DEBUG] [TIME] 3607 dividends: 0.27s
2026-07-05 01:58:06,705 [INFO] [DETAIL] 3607 クラウディアホールディングス: income_stmt=OK, balance_sheet=OK, cashflow=OK, dividends=OK
2026-07-05 01:58:06,705 [INFO] [TIME] 3607 クラウディアホールディングス 処理時間: 0.99s
2026-07-05 01:58:08,552 [DEBUG] [TIME] 3608 info: 0.18s
2026-07-05 01:58:08,552 [DEBUG] yfinance OK: 3608
2026-07-05 01:58:08,739 [DEBUG] [TIME] 3608 income_stmt: 0.19s
2026-07-05 01:58:08,963 [DEBUG] [TIME] 3608 balance_sheet: 0.22s
2026-07-05 01:58:09,173 [DEBUG] [TIME] 3608 cashflow: 0.21s
2026-07-05 01:58:09,387 [DEBUG] [TIME] 3608 dividends: 0.21s
2026-07-05 01:58:09,388 [INFO] [DETAIL] 3608 ＴＳＩホールディングス: income_stmt=OK, balance_sheet=OK, cashflow=OK, dividends=OK
2026-07-05 01:58:09,388 [INFO] [TIME] 3608 ＴＳＩホールディングス 処理時間: 1.01s
2026-07-05 01:58:11,435 [DEBUG] [TIME] 3611 info: 0.15s
2026-07-05 01:58:11,435 [DEBUG] yfinance OK: 3611
2026-07-05 01:58:11,616 [DEBUG] [TIME] 3611 income_stmt: 0.18s
2026-07-05 01:58:11,809 [DEBUG] [TIME] 3611 balance_sheet: 0.19s
2026-07-05 01:58:12,046 [DEBUG] [TIME] 3611 cashflow: 0.24s
2026-07-05 01:58:12,248 [DEBUG] [TIME] 3611 dividends: 0.20s
2026-07-05 01:58:12,249 [INFO] [DETAIL] 3611 マツオカコーポレーション: income_stmt=OK, balance_sheet=OK, cashflow=OK, dividends=OK
2026-07-05 01:58:12,249 [INFO] [TIME] 3611 マツオカコーポレーション 処理時間: 0.96s
2026-07-05 01:58:14,050 [DEBUG] [TIME] 3612 info: 0.18s
2026-07-05 01:58:14,050 [DEBUG] yfinance OK: 3612
2026-07-05 01:58:14,239 [DEBUG] [TIME] 3612 income_stmt: 0.19s
2026-07-05 01:58:14,501 [DEBUG] [TIME] 3612 balance_sheet: 0.26s
2026-07-05 01:58:14,705 [DEBUG] [TIME] 3612 cashflow: 0.20s
2026-07-05 01:58:14,910 [DEBUG] [TIME] 3612 dividends: 0.20s
2026-07-05 01:58:14,911 [INFO] [DETAIL] 3612 ワールド: income_stmt=OK, balance_sheet=OK, cashflow=OK, dividends=OK
2026-07-05 01:58:14,911 [INFO] [TIME] 3612 ワールド 処理時間: 1.04s
2026-07-05 01:58:16,982 [DEBUG] [TIME] 3622 info: 0.19s
2026-07-05 01:58:16,982 [DEBUG] yfinance OK: 3622
2026-07-05 01:58:17,154 [DEBUG] [TIME] 3622 income_stmt: 0.17s
2026-07-05 01:58:17,376 [DEBUG] [TIME] 3622 balance_sheet: 0.22s
2026-07-05 01:58:17,568 [DEBUG] [TIME] 3622 cashflow: 0.19s
2026-07-05 01:58:17,835 [DEBUG] [TIME] 3622 dividends: 0.27s
2026-07-05 01:58:17,836 [INFO] [DETAIL] 3622 ネットイヤーグループ: income_stmt=OK, balance_sheet=OK, cashflow=OK, dividends=OK
2026-07-05 01:58:17,836 [INFO] [TIME] 3622 ネットイヤーグループ 処理時間: 1.05s
2026-07-05 01:58:19,476 [DEBUG] [TIME] 3623 info: 0.17s
2026-07-05 01:58:19,477 [DEBUG] yfinance OK: 3623
2026-07-05 01:58:19,672 [DEBUG] [TIME] 3623 income_stmt: 0.20s
2026-07-05 01:58:19,882 [DEBUG] [TIME] 3623 balance_sheet: 0.21s
2026-07-05 01:58:20,068 [DEBUG] [TIME] 3623 cashflow: 0.18s
2026-07-05 01:58:20,319 [DEBUG] [TIME] 3623 dividends: 0.25s
2026-07-05 01:58:20,320 [INFO] [DETAIL] 3623 ビリングシステム: income_stmt=OK, balance_sheet=OK, cashflow=OK, dividends=OK
2026-07-05 01:58:20,320 [INFO] [TIME] 3623 ビリングシステム 処理時間: 1.02s
2026-07-05 01:58:21,586 [DEBUG] [TIME] 3624 info: 0.15s
2026-07-05 01:58:21,586 [DEBUG] yfinance OK: 3624
2026-07-05 01:58:21,764 [DEBUG] [TIME] 3624 income_stmt: 0.18s
2026-07-05 01:58:22,000 [DEBUG] [TIME] 3624 balance_sheet: 0.24s
2026-07-05 01:58:22,187 [DEBUG] [TIME] 3624 cashflow: 0.19s
2026-07-05 01:58:22,331 [DEBUG] [TIME] 3624 dividends: 0.14s
2026-07-05 01:58:22,331 [INFO] [DETAIL] 3624 アクセルマーク: income_stmt=OK, balance_sheet=OK, cashflow=OK, dividends=EMPTY
2026-07-05 01:58:22,332 [INFO] [TIME] 3624 アクセルマーク 処理時間: 0.90s
2026-07-05 01:58:23,602 [DEBUG] [TIME] 3625 info: 0.14s
2026-07-05 01:58:23,602 [DEBUG] yfinance OK: 3625
2026-07-05 01:58:23,789 [DEBUG] [TIME] 3625 income_stmt: 0.19s
2026-07-05 01:58:24,000 [DEBUG] [TIME] 3625 balance_sheet: 0.21s
2026-07-05 01:58:24,201 [DEBUG] [TIME] 3625 cashflow: 0.20s
2026-07-05 01:58:24,408 [DEBUG] [TIME] 3625 dividends: 0.21s
2026-07-05 01:58:24,409 [INFO] [DETAIL] 3625 テックファームホールディングス: income_stmt=OK, balance_sheet=OK, cashflow=OK, dividends=OK
2026-07-05 01:58:24,409 [INFO] [TIME] 3625 テックファームホールディングス 処理時間: 0.95s
2026-07-05 01:58:26,540 [DEBUG] [TIME] 3626 info: 0.17s
2026-07-05 01:58:26,540 [DEBUG] yfinance OK: 3626
2026-07-05 01:58:26,854 [DEBUG] [TIME] 3626 income_stmt: 0.31s
2026-07-05 01:58:27,095 [DEBUG] [TIME] 3626 balance_sheet: 0.24s
2026-07-05 01:58:27,314 [DEBUG] [TIME] 3626 cashflow: 0.22s
2026-07-05 01:58:27,559 [DEBUG] [TIME] 3626 dividends: 0.24s
2026-07-05 01:58:27,560 [INFO] [DETAIL] 3626 ＴＩＳ: income_stmt=OK, balance_sheet=OK, cashflow=OK, dividends=OK
2026-07-05 01:58:27,560 [INFO] [TIME] 3626 ＴＩＳ 処理時間: 1.19s
2026-07-05 01:58:29,005 [DEBUG] [TIME] 3627 info: 0.17s
2026-07-05 01:58:29,005 [DEBUG] yfinance OK: 3627
2026-07-05 01:58:29,204 [DEBUG] [TIME] 3627 income_stmt: 0.20s
2026-07-05 01:58:29,459 [DEBUG] [TIME] 3627 balance_sheet: 0.25s
2026-07-05 01:58:29,670 [DEBUG] [TIME] 3627 cashflow: 0.21s
2026-07-05 01:58:29,883 [DEBUG] [TIME] 3627 dividends: 0.21s
2026-07-05 01:58:29,884 [INFO] [DETAIL] 3627 テクミラホールディングス: income_stmt=OK, balance_sheet=OK, cashflow=OK, dividends=OK
2026-07-05 01:58:29,885 [INFO] [TIME] 3627 テクミラホールディングス 処理時間: 1.05s
2026-07-05 01:58:31,561 [DEBUG] [TIME] 3628 info: 0.15s
2026-07-05 01:58:31,561 [DEBUG] yfinance OK: 3628
2026-07-05 01:58:31,725 [DEBUG] [TIME] 3628 income_stmt: 0.16s
2026-07-05 01:58:31,952 [DEBUG] [TIME] 3628 balance_sheet: 0.23s
2026-07-05 01:58:32,127 [DEBUG] [TIME] 3628 cashflow: 0.17s
2026-07-05 01:58:32,330 [DEBUG] [TIME] 3628 dividends: 0.20s
2026-07-05 01:58:32,331 [INFO] [DETAIL] 3628 データホライゾン: income_stmt=OK, balance_sheet=OK, cashflow=OK, dividends=OK
2026-07-05 01:58:32,331 [INFO] [TIME] 3628 データホライゾン 処理時間: 0.92s
2026-07-05 01:58:33,739 [DEBUG] [TIME] 3632 info: 0.18s
2026-07-05 01:58:33,740 [DEBUG] yfinance OK: 3632
2026-07-05 01:58:33,934 [DEBUG] [TIME] 3632 income_stmt: 0.19s
2026-07-05 01:58:34,155 [DEBUG] [TIME] 3632 balance_sheet: 0.22s
2026-07-05 01:58:34,367 [DEBUG] [TIME] 3632 cashflow: 0.21s
2026-07-05 01:58:34,553 [DEBUG] [TIME] 3632 dividends: 0.19s
2026-07-05 01:58:34,554 [INFO] [DETAIL] 3632 グリーホールディングス: income_stmt=OK, balance_sheet=OK, cashflow=OK, dividends=OK
2026-07-05 01:58:34,554 [INFO] [TIME] 3632 グリーホールディングス 処理時間: 1.00s
2026-07-05 01:58:36,557 [DEBUG] [TIME] 3633 info: 0.15s
2026-07-05 01:58:36,557 [DEBUG] yfinance OK: 3633
2026-07-05 01:58:36,734 [DEBUG] [TIME] 3633 income_stmt: 0.18s
2026-07-05 01:58:36,945 [DEBUG] [TIME] 3633 balance_sheet: 0.21s
2026-07-05 01:58:37,135 [DEBUG] [TIME] 3633 cashflow: 0.19s
2026-07-05 01:58:37,514 [DEBUG] [TIME] 3633 dividends: 0.38s
2026-07-05 01:58:37,515 [INFO] [DETAIL] 3633 ＧＭＯペパボ: income_stmt=OK, balance_sheet=OK, cashflow=OK, dividends=OK
2026-07-05 01:58:37,515 [INFO] [TIME] 3633 ＧＭＯペパボ 処理時間: 1.11s
2026-07-05 01:58:39,044 [DEBUG] [TIME] 3634 info: 0.15s
2026-07-05 01:58:39,044 [DEBUG] yfinance OK: 3634
2026-07-05 01:58:39,246 [DEBUG] [TIME] 3634 income_stmt: 0.20s
2026-07-05 01:58:39,505 [DEBUG] [TIME] 3634 balance_sheet: 0.26s
2026-07-05 01:58:39,682 [DEBUG] [TIME] 3634 cashflow: 0.18s
2026-07-05 01:58:39,872 [DEBUG] [TIME] 3634 dividends: 0.19s
2026-07-05 01:58:39,873 [INFO] [DETAIL] 3634 ソケッツ: income_stmt=OK, balance_sheet=OK, cashflow=OK, dividends=OK
2026-07-05 01:58:39,873 [INFO] [TIME] 3634 ソケッツ 処理時間: 0.98s
2026-07-05 01:58:41,977 [DEBUG] [TIME] 3635 info: 0.15s
2026-07-05 01:58:41,977 [DEBUG] yfinance OK: 3635
2026-07-05 01:58:42,167 [DEBUG] [TIME] 3635 income_stmt: 0.19s
2026-07-05 01:58:42,463 [DEBUG] [TIME] 3635 balance_sheet: 0.30s
2026-07-05 01:58:42,664 [DEBUG] [TIME] 3635 cashflow: 0.20s
2026-07-05 01:58:42,968 [DEBUG] [TIME] 3635 dividends: 0.30s
2026-07-05 01:58:42,969 [INFO] [DETAIL] 3635 コーエーテクモホールディングス: income_stmt=OK, balance_sheet=OK, cashflow=OK, dividends=OK
2026-07-05 01:58:42,969 [INFO] [TIME] 3635 コーエーテクモホールディングス 処理時間: 1.14s
2026-07-05 01:58:45,005 [DEBUG] [TIME] 3636 info: 0.22s
2026-07-05 01:58:45,005 [DEBUG] yfinance OK: 3636
2026-07-05 01:58:45,220 [DEBUG] [TIME] 3636 income_stmt: 0.21s
2026-07-05 01:58:45,467 [DEBUG] [TIME] 3636 balance_sheet: 0.25s
2026-07-05 01:58:45,668 [DEBUG] [TIME] 3636 cashflow: 0.20s
2026-07-05 01:58:45,864 [DEBUG] [TIME] 3636 dividends: 0.20s
2026-07-05 01:58:45,865 [INFO] [DETAIL] 3636 三菱総合研究所: income_stmt=OK, balance_sheet=OK, cashflow=OK, dividends=OK
2026-07-05 01:58:45,865 [INFO] [TIME] 3636 三菱総合研究所 処理時間: 1.08s
2026-07-05 01:58:47,549 [DEBUG] [TIME] 3639 info: 0.15s
2026-07-05 01:58:47,549 [DEBUG] yfinance OK: 3639
2026-07-05 01:58:47,729 [DEBUG] [TIME] 3639 income_stmt: 0.18s
2026-07-05 01:58:47,941 [DEBUG] [TIME] 3639 balance_sheet: 0.21s
2026-07-05 01:58:48,138 [DEBUG] [TIME] 3639 cashflow: 0.20s
2026-07-05 01:58:48,340 [DEBUG] [TIME] 3639 dividends: 0.20s
2026-07-05 01:58:48,341 [INFO] [DETAIL] 3639 ボルテージ: income_stmt=OK, balance_sheet=OK, cashflow=OK, dividends=OK
2026-07-05 01:58:48,341 [INFO] [TIME] 3639 ボルテージ 処理時間: 0.94s
2026-07-05 01:58:49,657 [DEBUG] [TIME] 3640 info: 0.15s
2026-07-05 01:58:49,658 [DEBUG] yfinance OK: 3640
2026-07-05 01:58:49,844 [DEBUG] [TIME] 3640 income_stmt: 0.19s
2026-07-05 01:58:50,154 [DEBUG] [TIME] 3640 balance_sheet: 0.31s
2026-07-05 01:58:50,455 [DEBUG] [TIME] 3640 cashflow: 0.30s
2026-07-05 01:58:50,701 [DEBUG] [TIME] 3640 dividends: 0.25s
2026-07-05 01:58:50,702 [INFO] [DETAIL] 3640 電算: income_stmt=OK, balance_sheet=OK, cashflow=OK, dividends=OK
2026-07-05 01:58:50,703 [INFO] [TIME] 3640 電算 処理時間: 1.20s
2026-07-05 01:58:52,346 [DEBUG] [TIME] 3641 info: 0.14s
2026-07-05 01:58:52,346 [DEBUG] yfinance OK: 3641
2026-07-05 01:58:52,552 [DEBUG] [TIME] 3641 income_stmt: 0.21s
2026-07-05 01:58:52,791 [DEBUG] [TIME] 3641 balance_sheet: 0.24s
2026-07-05 01:58:52,979 [DEBUG] [TIME] 3641 cashflow: 0.19s
2026-07-05 01:58:53,169 [DEBUG] [TIME] 3641 dividends: 0.19s
2026-07-05 01:58:53,170 [INFO] [DETAIL] 3641 パピレス: income_stmt=OK, balance_sheet=OK, cashflow=OK, dividends=OK
2026-07-05 01:58:53,170 [INFO] [TIME] 3641 パピレス 処理時間: 0.97s
2026-07-05 01:58:54,909 [DEBUG] [TIME] 3645 info: 0.14s
2026-07-05 01:58:54,909 [DEBUG] yfinance OK: 3645
2026-07-05 01:58:55,112 [DEBUG] [TIME] 3645 income_stmt: 0.20s
2026-07-05 01:58:55,338 [DEBUG] [TIME] 3645 balance_sheet: 0.23s
2026-07-05 01:58:55,517 [DEBUG] [TIME] 3645 cashflow: 0.18s
2026-07-05 01:58:55,702 [DEBUG] [TIME] 3645 dividends: 0.18s
2026-07-05 01:58:55,703 [INFO] [DETAIL] 3645 メディカルネット: income_stmt=OK, balance_sheet=OK, cashflow=OK, dividends=OK
2026-07-05 01:58:55,703 [INFO] [TIME] 3645 メディカルネット 処理時間: 0.93s
2026-07-05 01:58:57,660 [DEBUG] [TIME] 3646 info: 0.15s
2026-07-05 01:58:57,660 [DEBUG] yfinance OK: 3646
2026-07-05 01:58:57,854 [DEBUG] [TIME] 3646 income_stmt: 0.19s
2026-07-05 01:58:58,085 [DEBUG] [TIME] 3646 balance_sheet: 0.23s
2026-07-05 01:58:58,273 [DEBUG] [TIME] 3646 cashflow: 0.19s
2026-07-05 01:58:58,459 [DEBUG] [TIME] 3646 dividends: 0.19s
2026-07-05 01:58:58,460 [INFO] [DETAIL] 3646 駅探: income_stmt=OK, balance_sheet=OK, cashflow=OK, dividends=OK
2026-07-05 01:58:58,460 [INFO] [TIME] 3646 駅探 処理時間: 0.95s
2026-07-05 01:59:00,444 [DEBUG] [TIME] 3647 info: 0.14s
2026-07-05 01:59:00,444 [DEBUG] yfinance OK: 3647
2026-07-05 01:59:00,637 [DEBUG] [TIME] 3647 income_stmt: 0.19s
2026-07-05 01:59:00,873 [DEBUG] [TIME] 3647 balance_sheet: 0.23s
2026-07-05 01:59:01,110 [DEBUG] [TIME] 3647 cashflow: 0.24s
2026-07-05 01:59:01,320 [DEBUG] [TIME] 3647 dividends: 0.21s
2026-07-05 01:59:01,321 [INFO] [DETAIL] 3647 アスリナ: income_stmt=OK, balance_sheet=OK, cashflow=OK, dividends=OK
2026-07-05 01:59:01,321 [INFO] [TIME] 3647 アスリナ 処理時間: 1.02s
2026-07-05 01:59:03,037 [DEBUG] [TIME] 3648 info: 0.14s
2026-07-05 01:59:03,037 [DEBUG] yfinance OK: 3648
2026-07-05 01:59:03,215 [DEBUG] [TIME] 3648 income_stmt: 0.18s
2026-07-05 01:59:03,472 [DEBUG] [TIME] 3648 balance_sheet: 0.26s
2026-07-05 01:59:03,686 [DEBUG] [TIME] 3648 cashflow: 0.21s
2026-07-05 01:59:03,880 [DEBUG] [TIME] 3648 dividends: 0.19s
2026-07-05 01:59:03,881 [INFO] [DETAIL] 3648 ＡＧＳ: income_stmt=OK, balance_sheet=OK, cashflow=OK, dividends=OK
2026-07-05 01:59:03,881 [INFO] [TIME] 3648 ＡＧＳ 処理時間: 0.99s
2026-07-05 01:59:05,567 [DEBUG] [TIME] 3649 info: 0.15s
2026-07-05 01:59:05,567 [DEBUG] yfinance OK: 3649
2026-07-05 01:59:05,761 [DEBUG] [TIME] 3649 income_stmt: 0.19s
2026-07-05 01:59:06,009 [DEBUG] [TIME] 3649 balance_sheet: 0.25s
2026-07-05 01:59:06,253 [DEBUG] [TIME] 3649 cashflow: 0.24s
2026-07-05 01:59:06,521 [DEBUG] [TIME] 3649 dividends: 0.27s
2026-07-05 01:59:06,522 [INFO] [DETAIL] 3649 ファインデックス: income_stmt=OK, balance_sheet=OK, cashflow=OK, dividends=OK
2026-07-05 01:59:06,522 [INFO] [TIME] 3649 ファインデックス 処理時間: 1.10s
2026-07-05 01:59:08,068 [DEBUG] [TIME] 3652 info: 0.16s
2026-07-05 01:59:08,068 [DEBUG] yfinance OK: 3652
2026-07-05 01:59:08,269 [DEBUG] [TIME] 3652 income_stmt: 0.20s
2026-07-05 01:59:08,513 [DEBUG] [TIME] 3652 balance_sheet: 0.24s
2026-07-05 01:59:08,725 [DEBUG] [TIME] 3652 cashflow: 0.21s
2026-07-05 01:59:08,840 [DEBUG] [TIME] 3652 dividends: 0.11s
2026-07-05 01:59:08,840 [INFO] [DETAIL] 3652 ディジタルメディアプロフェッショナル: income_stmt=OK, balance_sheet=OK, cashflow=OK, dividends=EMPTY
2026-07-05 01:59:08,840 [INFO] [TIME] 3652 ディジタルメディアプロフェッショナル 処理時間: 0.93s
2026-07-05 01:59:10,587 [DEBUG] [TIME] 3653 info: 0.16s
2026-07-05 01:59:10,587 [DEBUG] yfinance OK: 3653
2026-07-05 01:59:10,805 [DEBUG] [TIME] 3653 income_stmt: 0.22s
2026-07-05 01:59:11,069 [DEBUG] [TIME] 3653 balance_sheet: 0.26s
2026-07-05 01:59:11,275 [DEBUG] [TIME] 3653 cashflow: 0.21s
2026-07-05 01:59:11,457 [DEBUG] [TIME] 3653 dividends: 0.18s
2026-07-05 01:59:11,457 [INFO] [DETAIL] 3653 モルフォ: income_stmt=OK, balance_sheet=OK, cashflow=OK, dividends=EMPTY
2026-07-05 01:59:11,457 [INFO] [TIME] 3653 モルフォ 処理時間: 1.03s
2026-07-05 01:59:13,147 [DEBUG] [TIME] 3656 info: 0.15s
2026-07-05 01:59:13,147 [DEBUG] yfinance OK: 3656
2026-07-05 01:59:13,332 [DEBUG] [TIME] 3656 income_stmt: 0.18s
2026-07-05 01:59:13,562 [DEBUG] [TIME] 3656 balance_sheet: 0.23s
2026-07-05 01:59:13,782 [DEBUG] [TIME] 3656 cashflow: 0.22s
2026-07-05 01:59:13,917 [DEBUG] [TIME] 3656 dividends: 0.13s
2026-07-05 01:59:13,918 [INFO] [DETAIL] 3656 ＫＬａｂ: income_stmt=OK, balance_sheet=OK, cashflow=OK, dividends=OK
2026-07-05 01:59:13,918 [INFO] [TIME] 3656 ＫＬａｂ 処理時間: 0.92s
2026-07-05 01:59:15,283 [DEBUG] [TIME] 3657 info: 0.15s
2026-07-05 01:59:15,283 [DEBUG] yfinance OK: 3657
2026-07-05 01:59:15,464 [DEBUG] [TIME] 3657 income_stmt: 0.18s
2026-07-05 01:59:15,746 [DEBUG] [TIME] 3657 balance_sheet: 0.28s
2026-07-05 01:59:16,006 [DEBUG] [TIME] 3657 cashflow: 0.26s
2026-07-05 01:59:16,205 [DEBUG] [TIME] 3657 dividends: 0.20s
2026-07-05 01:59:16,206 [INFO] [DETAIL] 3657 ポールトゥウィンホールディングス: income_stmt=OK, balance_sheet=OK, cashflow=OK, dividends=OK
2026-07-05 01:59:16,206 [INFO] [TIME] 3657 ポールトゥウィンホールディングス 処理時間: 1.07s
2026-07-05 01:59:17,503 [DEBUG] [TIME] 3659 info: 0.17s
2026-07-05 01:59:17,504 [DEBUG] yfinance OK: 3659
2026-07-05 01:59:17,698 [DEBUG] [TIME] 3659 income_stmt: 0.19s
2026-07-05 01:59:17,927 [DEBUG] [TIME] 3659 balance_sheet: 0.23s
2026-07-05 01:59:18,120 [DEBUG] [TIME] 3659 cashflow: 0.19s
2026-07-05 01:59:18,311 [DEBUG] [TIME] 3659 dividends: 0.19s
2026-07-05 01:59:18,312 [INFO] [DETAIL] 3659 ネクソン: income_stmt=OK, balance_sheet=OK, cashflow=OK, dividends=OK
2026-07-05 01:59:18,312 [INFO] [TIME] 3659 ネクソン 処理時間: 0.98s
2026-07-05 01:59:20,050 [DEBUG] [TIME] 365A info: 0.22s
2026-07-05 01:59:20,050 [DEBUG] yfinance OK: 365A
2026-07-05 01:59:20,240 [DEBUG] [TIME] 365A income_stmt: 0.19s
2026-07-05 01:59:20,481 [DEBUG] [TIME] 365A balance_sheet: 0.24s
2026-07-05 01:59:20,672 [DEBUG] [TIME] 365A cashflow: 0.19s
2026-07-05 01:59:20,775 [DEBUG] [TIME] 365A dividends: 0.10s
2026-07-05 01:59:20,775 [INFO] [DETAIL] 365A 伊澤タオル: income_stmt=OK, balance_sheet=OK, cashflow=OK, dividends=OK
2026-07-05 01:59:20,776 [INFO] [TIME] 365A 伊澤タオル 処理時間: 0.95s
2026-07-05 01:59:21,961 [DEBUG] [TIME] 3660 info: 0.14s
2026-07-05 01:59:21,961 [DEBUG] yfinance OK: 3660
2026-07-05 01:59:22,115 [DEBUG] [TIME] 3660 income_stmt: 0.15s
2026-07-05 01:59:22,384 [DEBUG] [TIME] 3660 balance_sheet: 0.27s
2026-07-05 01:59:22,588 [DEBUG] [TIME] 3660 cashflow: 0.20s
2026-07-05 01:59:22,755 [DEBUG] [TIME] 3660 dividends: 0.17s
2026-07-05 01:59:22,756 [INFO] [DETAIL] 3660 アイスタイル: income_stmt=OK, balance_sheet=OK, cashflow=OK, dividends=OK
2026-07-05 01:59:22,756 [INFO] [TIME] 3660 アイスタイル 処理時間: 0.93s
2026-07-05 01:59:24,256 [DEBUG] [TIME] 3661 info: 0.17s
2026-07-05 01:59:24,256 [DEBUG] yfinance OK: 3661
2026-07-05 01:59:24,449 [DEBUG] [TIME] 3661 income_stmt: 0.19s
2026-07-05 01:59:24,731 [DEBUG] [TIME] 3661 balance_sheet: 0.28s
2026-07-05 01:59:24,923 [DEBUG] [TIME] 3661 cashflow: 0.19s
2026-07-05 01:59:25,153 [DEBUG] [TIME] 3661 dividends: 0.23s
2026-07-05 01:59:25,154 [INFO] [DETAIL] 3661 エムアップホールディングス: income_stmt=OK, balance_sheet=OK, cashflow=OK, dividends=OK
2026-07-05 01:59:25,155 [INFO] [TIME] 3661 エムアップホールディングス 処理時間: 1.07s
2026-07-05 01:59:27,097 [DEBUG] [TIME] 3662 info: 0.15s
2026-07-05 01:59:27,097 [DEBUG] yfinance OK: 3662
2026-07-05 01:59:27,286 [DEBUG] [TIME] 3662 income_stmt: 0.19s
2026-07-05 01:59:27,508 [DEBUG] [TIME] 3662 balance_sheet: 0.22s
2026-07-05 01:59:27,747 [DEBUG] [TIME] 3662 cashflow: 0.24s
2026-07-05 01:59:27,989 [DEBUG] [TIME] 3662 dividends: 0.24s
2026-07-05 01:59:27,990 [INFO] [DETAIL] 3662 エイチームホールディングス: income_stmt=OK, balance_sheet=OK, cashflow=OK, dividends=OK
2026-07-05 01:59:27,990 [INFO] [TIME] 3662 エイチームホールディングス 処理時間: 1.04s
2026-07-05 01:59:30,068 [DEBUG] [TIME] 3663 info: 0.14s
2026-07-05 01:59:30,068 [DEBUG] yfinance OK: 3663
2026-07-05 01:59:30,255 [DEBUG] [TIME] 3663 income_stmt: 0.19s
2026-07-05 01:59:30,469 [DEBUG] [TIME] 3663 balance_sheet: 0.21s
2026-07-05 01:59:30,664 [DEBUG] [TIME] 3663 cashflow: 0.19s
2026-07-05 01:59:30,875 [DEBUG] [TIME] 3663 dividends: 0.21s
2026-07-05 01:59:30,876 [INFO] [DETAIL] 3663 セルシス: income_stmt=OK, balance_sheet=OK, cashflow=OK, dividends=OK
2026-07-05 01:59:30,876 [INFO] [TIME] 3663 セルシス 処理時間: 0.95s
2026-07-05 01:59:32,064 [DEBUG] [TIME] 3664 info: 0.15s
2026-07-05 01:59:32,064 [DEBUG] yfinance OK: 3664
2026-07-05 01:59:32,249 [DEBUG] [TIME] 3664 income_stmt: 0.19s
2026-07-05 01:59:32,535 [DEBUG] [TIME] 3664 balance_sheet: 0.29s
2026-07-05 01:59:32,745 [DEBUG] [TIME] 3664 cashflow: 0.21s
2026-07-05 01:59:32,916 [DEBUG] [TIME] 3664 dividends: 0.17s
2026-07-05 01:59:32,916 [INFO] [DETAIL] 3664 ＷＩＺＥ: income_stmt=OK, balance_sheet=OK, cashflow=OK, dividends=EMPTY
2026-07-05 01:59:32,916 [INFO] [TIME] 3664 ＷＩＺＥ 処理時間: 1.00s
2026-07-05 01:59:34,134 [DEBUG] [TIME] 3665 info: 0.16s
2026-07-05 01:59:34,134 [DEBUG] yfinance OK: 3665
2026-07-05 01:59:34,311 [DEBUG] [TIME] 3665 income_stmt: 0.18s
2026-07-05 01:59:34,546 [DEBUG] [TIME] 3665 balance_sheet: 0.23s
2026-07-05 01:59:34,788 [DEBUG] [TIME] 3665 cashflow: 0.24s
2026-07-05 01:59:34,943 [DEBUG] [TIME] 3665 dividends: 0.15s
2026-07-05 01:59:34,944 [INFO] [DETAIL] 3665 エニグモ: income_stmt=OK, balance_sheet=OK, cashflow=OK, dividends=OK
2026-07-05 01:59:34,944 [INFO] [TIME] 3665 エニグモ 処理時間: 0.97s
2026-07-05 01:59:36,124 [DEBUG] [TIME] 3667 info: 0.14s
2026-07-05 01:59:36,125 [DEBUG] yfinance OK: 3667
2026-07-05 01:59:36,304 [DEBUG] [TIME] 3667 income_stmt: 0.18s
2026-07-05 01:59:36,544 [DEBUG] [TIME] 3667 balance_sheet: 0.24s
2026-07-05 01:59:36,775 [DEBUG] [TIME] 3667 cashflow: 0.23s
2026-07-05 01:59:36,972 [DEBUG] [TIME] 3667 dividends: 0.20s
2026-07-05 01:59:36,973 [INFO] [DETAIL] 3667 ｅｎｉｓｈ: income_stmt=OK, balance_sheet=OK, cashflow=OK, dividends=OK
2026-07-05 01:59:36,973 [INFO] [TIME] 3667 ｅｎｉｓｈ 処理時間: 0.99s
2026-07-05 01:59:38,197 [DEBUG] [TIME] 3668 info: 0.19s
2026-07-05 01:59:38,197 [DEBUG] yfinance OK: 3668
2026-07-05 01:59:38,398 [DEBUG] [TIME] 3668 income_stmt: 0.20s
2026-07-05 01:59:38,698 [DEBUG] [TIME] 3668 balance_sheet: 0.30s
2026-07-05 01:59:38,909 [DEBUG] [TIME] 3668 cashflow: 0.21s
2026-07-05 01:59:39,102 [DEBUG] [TIME] 3668 dividends: 0.19s
2026-07-05 01:59:39,103 [INFO] [DETAIL] 3668 コロプラ: income_stmt=OK, balance_sheet=OK, cashflow=OK, dividends=OK
2026-07-05 01:59:39,103 [INFO] [TIME] 3668 コロプラ 処理時間: 1.10s
2026-07-05 01:59:40,927 [DEBUG] [TIME] 366A info: 0.15s
2026-07-05 01:59:40,927 [DEBUG] yfinance OK: 366A
2026-07-05 01:59:41,102 [DEBUG] [TIME] 366A income_stmt: 0.17s
2026-07-05 01:59:41,300 [DEBUG] [TIME] 366A balance_sheet: 0.20s
2026-07-05 01:59:41,507 [DEBUG] [TIME] 366A cashflow: 0.21s
2026-07-05 01:59:41,631 [DEBUG] [TIME] 366A dividends: 0.12s
2026-07-05 01:59:41,632 [INFO] [DETAIL] 366A ウェルネス・コミュニケーションズ: income_stmt=OK, balance_sheet=OK, cashflow=OK, dividends=OK
2026-07-05 01:59:41,632 [INFO] [TIME] 366A ウェルネス・コミュニケーションズ 処理時間: 0.86s
2026-07-05 01:59:43,514 [DEBUG] [TIME] 3670 info: 0.15s
2026-07-05 01:59:43,514 [DEBUG] yfinance OK: 3670
2026-07-05 01:59:43,704 [DEBUG] [TIME] 3670 income_stmt: 0.19s
2026-07-05 01:59:43,943 [DEBUG] [TIME] 3670 balance_sheet: 0.24s
2026-07-05 01:59:44,154 [DEBUG] [TIME] 3670 cashflow: 0.21s
2026-07-05 01:59:44,337 [DEBUG] [TIME] 3670 dividends: 0.18s
2026-07-05 01:59:44,337 [INFO] [DETAIL] 3670 協立情報通信: income_stmt=OK, balance_sheet=OK, cashflow=OK, dividends=OK
2026-07-05 01:59:44,338 [INFO] [TIME] 3670 協立情報通信 処理時間: 0.97s
2026-07-05 01:59:46,461 [DEBUG] [TIME] 3671 info: 0.21s
2026-07-05 01:59:46,461 [DEBUG] yfinance OK: 3671
2026-07-05 01:59:46,684 [DEBUG] [TIME] 3671 income_stmt: 0.22s
2026-07-05 01:59:46,920 [DEBUG] [TIME] 3671 balance_sheet: 0.24s
2026-07-05 01:59:47,103 [DEBUG] [TIME] 3671 cashflow: 0.18s
2026-07-05 01:59:47,282 [DEBUG] [TIME] 3671 dividends: 0.18s
2026-07-05 01:59:47,283 [INFO] [DETAIL] 3671 ソフトマックス: income_stmt=OK, balance_sheet=OK, cashflow=OK, dividends=OK
2026-07-05 01:59:47,283 [INFO] [TIME] 3671 ソフトマックス 処理時間: 1.03s
2026-07-05 01:59:49,089 [DEBUG] [TIME] 3672 info: 0.21s
2026-07-05 01:59:49,090 [DEBUG] yfinance OK: 3672
2026-07-05 01:59:49,285 [DEBUG] [TIME] 3672 income_stmt: 0.20s
2026-07-05 01:59:49,558 [DEBUG] [TIME] 3672 balance_sheet: 0.27s
2026-07-05 01:59:49,775 [DEBUG] [TIME] 3672 cashflow: 0.22s
2026-07-05 01:59:49,930 [DEBUG] [TIME] 3672 dividends: 0.15s
2026-07-05 01:59:49,930 [INFO] [DETAIL] 3672 オルトプラス: income_stmt=OK, balance_sheet=OK, cashflow=OK, dividends=OK
2026-07-05 01:59:49,931 [INFO] [TIME] 3672 オルトプラス 処理時間: 1.05s
2026-07-05 01:59:51,343 [DEBUG] [TIME] 3673 info: 0.14s
2026-07-05 01:59:51,343 [DEBUG] yfinance OK: 3673
2026-07-05 01:59:51,533 [DEBUG] [TIME] 3673 income_stmt: 0.19s
2026-07-05 01:59:51,750 [DEBUG] [TIME] 3673 balance_sheet: 0.22s
2026-07-05 01:59:51,970 [DEBUG] [TIME] 3673 cashflow: 0.22s
2026-07-05 01:59:52,154 [DEBUG] [TIME] 3673 dividends: 0.18s
2026-07-05 01:59:52,155 [INFO] [DETAIL] 3673 ブロードリーフ: income_stmt=OK, balance_sheet=OK, cashflow=OK, dividends=OK
2026-07-05 01:59:52,155 [INFO] [TIME] 3673 ブロードリーフ 処理時間: 0.96s
2026-07-05 01:59:53,823 [DEBUG] [TIME] 3674 info: 0.17s
2026-07-05 01:59:53,823 [DEBUG] yfinance OK: 3674
2026-07-05 01:59:54,002 [DEBUG] [TIME] 3674 income_stmt: 0.18s
2026-07-05 01:59:54,266 [DEBUG] [TIME] 3674 balance_sheet: 0.26s
2026-07-05 01:59:54,518 [DEBUG] [TIME] 3674 cashflow: 0.25s
2026-07-05 01:59:54,644 [DEBUG] [TIME] 3674 dividends: 0.13s
2026-07-05 01:59:54,644 [INFO] [DETAIL] 3674 オークファン: income_stmt=OK, balance_sheet=OK, cashflow=OK, dividends=EMPTY
2026-07-05 01:59:54,644 [INFO] [TIME] 3674 オークファン 処理時間: 0.99s
2026-07-05 01:59:56,715 [DEBUG] [TIME] 3675 info: 0.20s
2026-07-05 01:59:56,715 [DEBUG] yfinance OK: 3675
2026-07-05 01:59:56,881 [DEBUG] [TIME] 3675 income_stmt: 0.17s
2026-07-05 01:59:57,072 [DEBUG] [TIME] 3675 balance_sheet: 0.19s
2026-07-05 01:59:57,279 [DEBUG] [TIME] 3675 cashflow: 0.21s
2026-07-05 01:59:57,526 [DEBUG] [TIME] 3675 dividends: 0.25s
2026-07-05 01:59:57,527 [INFO] [DETAIL] 3675 クロス・マーケティンググループ: income_stmt=OK, balance_sheet=OK, cashflow=OK, dividends=OK
2026-07-05 01:59:57,527 [INFO] [TIME] 3675 クロス・マーケティンググループ 処理時間: 1.01s
2026-07-05 01:59:59,412 [DEBUG] [TIME] 3676 info: 0.15s
2026-07-05 01:59:59,412 [DEBUG] yfinance OK: 3676
2026-07-05 01:59:59,621 [DEBUG] [TIME] 3676 income_stmt: 0.21s
2026-07-05 01:59:59,843 [DEBUG] [TIME] 3676 balance_sheet: 0.22s
2026-07-05 02:00:00,055 [DEBUG] [TIME] 3676 cashflow: 0.21s
2026-07-05 02:00:00,334 [DEBUG] [TIME] 3676 dividends: 0.28s
2026-07-05 02:00:00,335 [INFO] [DETAIL] 3676 デジタルハーツホールディングス: income_stmt=OK, balance_sheet=OK, cashflow=OK, dividends=OK
2026-07-05 02:00:00,335 [INFO] [TIME] 3676 デジタルハーツホールディングス 処理時間: 1.08s
2026-07-05 02:00:02,352 [DEBUG] [TIME] 3678 info: 0.15s
2026-07-05 02:00:02,352 [DEBUG] yfinance OK: 3678
2026-07-05 02:00:02,548 [DEBUG] [TIME] 3678 income_stmt: 0.20s
2026-07-05 02:00:02,778 [DEBUG] [TIME] 3678 balance_sheet: 0.23s
2026-07-05 02:00:02,968 [DEBUG] [TIME] 3678 cashflow: 0.19s
2026-07-05 02:00:03,144 [DEBUG] [TIME] 3678 dividends: 0.18s
2026-07-05 02:00:03,145 [INFO] [DETAIL] 3678 メディアドゥ: income_stmt=OK, balance_sheet=OK, cashflow=OK, dividends=OK
2026-07-05 02:00:03,145 [INFO] [TIME] 3678 メディアドゥ 処理時間: 0.95s
2026-07-05 02:00:04,669 [DEBUG] [TIME] 3679 info: 0.14s
2026-07-05 02:00:04,669 [DEBUG] yfinance OK: 3679
2026-07-05 02:00:04,902 [DEBUG] [TIME] 3679 income_stmt: 0.23s
2026-07-05 02:00:05,115 [DEBUG] [TIME] 3679 balance_sheet: 0.21s
2026-07-05 02:00:05,296 [DEBUG] [TIME] 3679 cashflow: 0.18s
2026-07-05 02:00:05,491 [DEBUG] [TIME] 3679 dividends: 0.20s
2026-07-05 02:00:05,492 [INFO] [DETAIL] 3679 じげん: income_stmt=OK, balance_sheet=OK, cashflow=OK, dividends=OK
2026-07-05 02:00:05,492 [INFO] [TIME] 3679 じげん 処理時間: 0.97s
2026-07-05 02:00:06,678 [DEBUG] [TIME] 367A info: 0.15s
2026-07-05 02:00:06,679 [DEBUG] yfinance OK: 367A
2026-07-05 02:00:06,926 [DEBUG] [TIME] 367A income_stmt: 0.25s
2026-07-05 02:00:07,129 [DEBUG] [TIME] 367A balance_sheet: 0.20s
2026-07-05 02:00:07,321 [DEBUG] [TIME] 367A cashflow: 0.19s
2026-07-05 02:00:07,435 [DEBUG] [TIME] 367A dividends: 0.11s
2026-07-05 02:00:07,436 [INFO] [DETAIL] 367A プリモグローバルホールディングス: income_stmt=OK, balance_sheet=OK, cashflow=OK, dividends=OK
2026-07-05 02:00:07,436 [INFO] [TIME] 367A プリモグローバルホールディングス 処理時間: 0.91s
2026-07-05 02:00:08,949 [DEBUG] [TIME] 3680 info: 0.17s
2026-07-05 02:00:08,949 [DEBUG] yfinance OK: 3680
2026-07-05 02:00:09,140 [DEBUG] [TIME] 3680 income_stmt: 0.19s
2026-07-05 02:00:09,357 [DEBUG] [TIME] 3680 balance_sheet: 0.22s
2026-07-05 02:00:09,543 [DEBUG] [TIME] 3680 cashflow: 0.19s
2026-07-05 02:00:09,751 [DEBUG] [TIME] 3680 dividends: 0.21s
2026-07-05 02:00:09,751 [INFO] [DETAIL] 3680 ホットリンク: income_stmt=OK, balance_sheet=OK, cashflow=OK, dividends=OK
2026-07-05 02:00:09,752 [INFO] [TIME] 3680 ホットリンク 処理時間: 0.98s
2026-07-05 02:00:10,940 [DEBUG] [TIME] 3681 info: 0.18s
2026-07-05 02:00:10,940 [DEBUG] yfinance OK: 3681
2026-07-05 02:00:11,157 [DEBUG] [TIME] 3681 income_stmt: 0.22s
2026-07-05 02:00:11,369 [DEBUG] [TIME] 3681 balance_sheet: 0.21s
2026-07-05 02:00:11,624 [DEBUG] [TIME] 3681 cashflow: 0.25s
2026-07-05 02:00:11,819 [DEBUG] [TIME] 3681 dividends: 0.20s
2026-07-05 02:00:11,820 [INFO] [DETAIL] 3681 ブイキューブ: income_stmt=OK, balance_sheet=OK, cashflow=OK, dividends=OK
2026-07-05 02:00:11,820 [INFO] [TIME] 3681 ブイキューブ 処理時間: 1.06s
2026-07-05 02:00:13,468 [DEBUG] [TIME] 3682 info: 0.18s
2026-07-05 02:00:13,469 [DEBUG] yfinance OK: 3682
2026-07-05 02:00:13,623 [DEBUG] [TIME] 3682 income_stmt: 0.15s
2026-07-05 02:00:13,899 [DEBUG] [TIME] 3682 balance_sheet: 0.27s
2026-07-05 02:00:14,088 [DEBUG] [TIME] 3682 cashflow: 0.19s
2026-07-05 02:00:14,263 [DEBUG] [TIME] 3682 dividends: 0.17s
2026-07-05 02:00:14,264 [INFO] [DETAIL] 3682 エンカレッジ・テクノロジ: income_stmt=OK, balance_sheet=OK, cashflow=OK, dividends=OK
2026-07-05 02:00:14,264 [INFO] [TIME] 3682 エンカレッジ・テクノロジ 処理時間: 0.97s
2026-07-05 02:00:15,884 [DEBUG] [TIME] 3683 info: 0.14s
2026-07-05 02:00:15,885 [DEBUG] yfinance OK: 3683
2026-07-05 02:00:16,074 [DEBUG] [TIME] 3683 income_stmt: 0.19s
2026-07-05 02:00:16,332 [DEBUG] [TIME] 3683 balance_sheet: 0.26s
2026-07-05 02:00:16,515 [DEBUG] [TIME] 3683 cashflow: 0.18s
2026-07-05 02:00:16,700 [DEBUG] [TIME] 3683 dividends: 0.19s
2026-07-05 02:00:16,701 [INFO] [DETAIL] 3683 サイバーリンクス: income_stmt=OK, balance_sheet=OK, cashflow=OK, dividends=OK
2026-07-05 02:00:16,701 [INFO] [TIME] 3683 サイバーリンクス 処理時間: 0.96s
2026-07-05 02:00:18,213 [DEBUG] [TIME] 3686 info: 0.15s
2026-07-05 02:00:18,213 [DEBUG] yfinance OK: 3686
2026-07-05 02:00:18,390 [DEBUG] [TIME] 3686 income_stmt: 0.18s
2026-07-05 02:00:18,609 [DEBUG] [TIME] 3686 balance_sheet: 0.22s
2026-07-05 02:00:18,813 [DEBUG] [TIME] 3686 cashflow: 0.20s
2026-07-05 02:00:18,952 [DEBUG] [TIME] 3686 dividends: 0.14s
2026-07-05 02:00:18,952 [INFO] [DETAIL] 3686 ディー・エル・イー: income_stmt=OK, balance_sheet=OK, cashflow=OK, dividends=EMPTY
2026-07-05 02:00:18,952 [INFO] [TIME] 3686 ディー・エル・イー 処理時間: 0.89s
2026-07-05 02:00:20,156 [DEBUG] [TIME] 3687 info: 0.17s
2026-07-05 02:00:20,156 [DEBUG] yfinance OK: 3687
2026-07-05 02:00:20,336 [DEBUG] [TIME] 3687 income_stmt: 0.18s
2026-07-05 02:00:20,631 [DEBUG] [TIME] 3687 balance_sheet: 0.30s
2026-07-05 02:00:20,874 [DEBUG] [TIME] 3687 cashflow: 0.24s
2026-07-05 02:00:21,068 [DEBUG] [TIME] 3687 dividends: 0.19s
2026-07-05 02:00:21,069 [INFO] [DETAIL] 3687 フィックスターズ: income_stmt=OK, balance_sheet=OK, cashflow=OK, dividends=OK
2026-07-05 02:00:21,069 [INFO] [TIME] 3687 フィックスターズ 処理時間: 1.09s
2026-07-05 02:00:23,051 [DEBUG] [TIME] 368A info: 0.14s
2026-07-05 02:00:23,052 [DEBUG] yfinance OK: 368A
2026-07-05 02:00:23,226 [DEBUG] [TIME] 368A income_stmt: 0.17s
2026-07-05 02:00:23,417 [DEBUG] [TIME] 368A balance_sheet: 0.19s
2026-07-05 02:00:23,653 [DEBUG] [TIME] 368A cashflow: 0.24s
2026-07-05 02:00:23,761 [DEBUG] [TIME] 368A dividends: 0.11s
2026-07-05 02:00:23,761 [INFO] [DETAIL] 368A 北里コーポレーション: income_stmt=OK, balance_sheet=OK, cashflow=OK, dividends=OK
2026-07-05 02:00:23,761 [INFO] [TIME] 368A 北里コーポレーション 処理時間: 0.85s
2026-07-05 02:00:25,281 [DEBUG] [TIME] 3690 info: 0.14s
2026-07-05 02:00:25,281 [DEBUG] yfinance OK: 3690
2026-07-05 02:00:25,521 [DEBUG] [TIME] 3690 income_stmt: 0.24s
2026-07-05 02:00:25,769 [DEBUG] [TIME] 3690 balance_sheet: 0.25s
2026-07-05 02:00:25,983 [DEBUG] [TIME] 3690 cashflow: 0.21s
2026-07-05 02:00:26,388 [DEBUG] [TIME] 3690 dividends: 0.40s
2026-07-05 02:00:26,389 [INFO] [DETAIL] 3690 イルグルム: income_stmt=OK, balance_sheet=OK, cashflow=OK, dividends=OK
2026-07-05 02:00:26,389 [INFO] [TIME] 3690 イルグルム 処理時間: 1.25s
2026-07-05 02:00:28,242 [DEBUG] [TIME] 3691 info: 0.16s
2026-07-05 02:00:28,242 [DEBUG] yfinance OK: 3691
2026-07-05 02:00:28,407 [DEBUG] [TIME] 3691 income_stmt: 0.16s
2026-07-05 02:00:28,708 [DEBUG] [TIME] 3691 balance_sheet: 0.30s
2026-07-05 02:00:28,903 [DEBUG] [TIME] 3691 cashflow: 0.19s
2026-07-05 02:00:29,007 [DEBUG] [TIME] 3691 dividends: 0.10s
2026-07-05 02:00:29,007 [INFO] [DETAIL] 3691 デジタルプラス: income_stmt=OK, balance_sheet=OK, cashflow=OK, dividends=EMPTY
2026-07-05 02:00:29,007 [INFO] [TIME] 3691 デジタルプラス 処理時間: 0.93s
2026-07-05 02:00:30,442 [DEBUG] [TIME] 3692 info: 0.19s
2026-07-05 02:00:30,442 [DEBUG] yfinance OK: 3692
2026-07-05 02:00:30,632 [DEBUG] [TIME] 3692 income_stmt: 0.19s
2026-07-05 02:00:30,869 [DEBUG] [TIME] 3692 balance_sheet: 0.24s
2026-07-05 02:00:31,057 [DEBUG] [TIME] 3692 cashflow: 0.19s
2026-07-05 02:00:31,218 [DEBUG] [TIME] 3692 dividends: 0.16s
2026-07-05 02:00:31,219 [INFO] [DETAIL] 3692 ＦＦＲＩセキュリティ: income_stmt=OK, balance_sheet=OK, cashflow=OK, dividends=OK
2026-07-05 02:00:31,219 [INFO] [TIME] 3692 ＦＦＲＩセキュリティ 処理時間: 0.97s
2026-07-05 02:00:32,555 [DEBUG] [TIME] 3694 info: 0.17s
2026-07-05 02:00:32,555 [DEBUG] yfinance OK: 3694
2026-07-05 02:00:32,745 [DEBUG] [TIME] 3694 income_stmt: 0.19s
2026-07-05 02:00:33,002 [DEBUG] [TIME] 3694 balance_sheet: 0.26s
2026-07-05 02:00:33,208 [DEBUG] [TIME] 3694 cashflow: 0.21s
2026-07-05 02:00:33,360 [DEBUG] [TIME] 3694 dividends: 0.15s
2026-07-05 02:00:33,360 [INFO] [DETAIL] 3694 オプティム: income_stmt=OK, balance_sheet=OK, cashflow=OK, dividends=EMPTY
2026-07-05 02:00:33,360 [INFO] [TIME] 3694 オプティム 処理時間: 0.98s
2026-07-05 02:00:35,048 [DEBUG] [TIME] 3695 info: 0.15s
2026-07-05 02:00:35,048 [DEBUG] yfinance OK: 3695
2026-07-05 02:00:35,242 [DEBUG] [TIME] 3695 income_stmt: 0.19s
2026-07-05 02:00:35,479 [DEBUG] [TIME] 3695 balance_sheet: 0.24s
2026-07-05 02:00:35,723 [DEBUG] [TIME] 3695 cashflow: 0.24s
2026-07-05 02:00:35,935 [DEBUG] [TIME] 3695 dividends: 0.21s
2026-07-05 02:00:35,936 [INFO] [DETAIL] 3695 ＧＭＯプロダクトプラットフォーム: income_stmt=OK, balance_sheet=OK, cashflow=OK, dividends=OK
2026-07-05 02:00:35,936 [INFO] [TIME] 3695 ＧＭＯプロダクトプラットフォーム 処理時間: 1.04s
2026-07-05 02:00:37,307 [DEBUG] [TIME] 3696 info: 0.14s
2026-07-05 02:00:37,307 [DEBUG] yfinance OK: 3696
2026-07-05 02:00:37,489 [DEBUG] [TIME] 3696 income_stmt: 0.18s
2026-07-05 02:00:37,753 [DEBUG] [TIME] 3696 balance_sheet: 0.26s
2026-07-05 02:00:37,998 [DEBUG] [TIME] 3696 cashflow: 0.24s
2026-07-05 02:00:38,214 [DEBUG] [TIME] 3696 dividends: 0.22s
2026-07-05 02:00:38,215 [INFO] [DETAIL] 3696 セレス: income_stmt=OK, balance_sheet=OK, cashflow=OK, dividends=OK
2026-07-05 02:00:38,215 [INFO] [TIME] 3696 セレス 処理時間: 1.05s
2026-07-05 02:00:39,641 [DEBUG] [TIME] 3697 info: 0.14s
2026-07-05 02:00:39,641 [DEBUG] yfinance OK: 3697
2026-07-05 02:00:39,837 [DEBUG] [TIME] 3697 income_stmt: 0.20s
2026-07-05 02:00:40,067 [DEBUG] [TIME] 3697 balance_sheet: 0.23s
2026-07-05 02:00:40,306 [DEBUG] [TIME] 3697 cashflow: 0.24s
2026-07-05 02:00:40,470 [DEBUG] [TIME] 3697 dividends: 0.16s
2026-07-05 02:00:40,470 [INFO] [DETAIL] 3697 ＳＨＩＦＴ: income_stmt=OK, balance_sheet=OK, cashflow=OK, dividends=EMPTY
2026-07-05 02:00:40,470 [INFO] [TIME] 3697 ＳＨＩＦＴ 処理時間: 0.97s
2026-07-05 02:00:42,176 [DEBUG] [TIME] 3698 info: 0.15s
2026-07-05 02:00:42,176 [DEBUG] yfinance OK: 3698
2026-07-05 02:00:42,378 [DEBUG] [TIME] 3698 income_stmt: 0.20s
2026-07-05 02:00:42,624 [DEBUG] [TIME] 3698 balance_sheet: 0.25s
2026-07-05 02:00:42,864 [DEBUG] [TIME] 3698 cashflow: 0.24s
2026-07-05 02:00:43,024 [DEBUG] [TIME] 3698 dividends: 0.16s
2026-07-05 02:00:43,025 [INFO] [DETAIL] 3698 ＣＲＩ・ミドルウェア: income_stmt=OK, balance_sheet=OK, cashflow=OK, dividends=OK
2026-07-05 02:00:43,025 [INFO] [TIME] 3698 ＣＲＩ・ミドルウェア 処理時間: 1.00s
2026-07-05 02:00:44,469 [DEBUG] [TIME] 369A info: 0.15s
2026-07-05 02:00:44,469 [DEBUG] yfinance OK: 369A
2026-07-05 02:00:44,654 [DEBUG] [TIME] 369A income_stmt: 0.19s
2026-07-05 02:00:44,860 [DEBUG] [TIME] 369A balance_sheet: 0.21s
2026-07-05 02:00:45,022 [DEBUG] [TIME] 369A cashflow: 0.16s
2026-07-05 02:00:45,147 [DEBUG] [TIME] 369A dividends: 0.12s
2026-07-05 02:00:45,147 [INFO] [DETAIL] 369A エータイ: income_stmt=OK, balance_sheet=OK, cashflow=OK, dividends=OK
2026-07-05 02:00:45,148 [INFO] [TIME] 369A エータイ 処理時間: 0.83s
2026-07-05 02:00:49,057 [DEBUG] [TIME] 3708 info: 2.00s
2026-07-05 02:00:49,057 [DEBUG] yfinance OK: 3708
2026-07-05 02:00:49,233 [DEBUG] [TIME] 3708 income_stmt: 0.18s
2026-07-05 02:00:49,432 [DEBUG] [TIME] 3708 balance_sheet: 0.20s
2026-07-05 02:00:49,667 [DEBUG] [TIME] 3708 cashflow: 0.23s
2026-07-05 02:00:49,934 [DEBUG] [TIME] 3708 dividends: 0.27s
2026-07-05 02:00:49,935 [INFO] [DETAIL] 3708 特種東海製紙: income_stmt=OK, balance_sheet=OK, cashflow=OK, dividends=OK
2026-07-05 02:00:49,935 [INFO] [TIME] 3708 特種東海製紙 処理時間: 2.88s
2026-07-05 02:00:51,335 [DEBUG] [TIME] 3710 info: 0.17s
2026-07-05 02:00:51,335 [DEBUG] yfinance OK: 3710
2026-07-05 02:00:51,560 [DEBUG] [TIME] 3710 income_stmt: 0.22s
2026-07-05 02:00:51,839 [DEBUG] [TIME] 3710 balance_sheet: 0.28s
2026-07-05 02:00:52,022 [DEBUG] [TIME] 3710 cashflow: 0.18s
2026-07-05 02:00:52,319 [DEBUG] [TIME] 3710 dividends: 0.30s
2026-07-05 02:00:52,320 [INFO] [DETAIL] 3710 ジョルダン: income_stmt=OK, balance_sheet=OK, cashflow=OK, dividends=OK
2026-07-05 02:00:52,320 [INFO] [TIME] 3710 ジョルダン 処理時間: 1.16s
2026-07-05 02:00:54,031 [DEBUG] [TIME] 3712 info: 0.15s
2026-07-05 02:00:54,031 [DEBUG] yfinance OK: 3712
2026-07-05 02:00:54,210 [DEBUG] [TIME] 3712 income_stmt: 0.18s
2026-07-05 02:00:54,450 [DEBUG] [TIME] 3712 balance_sheet: 0.24s
2026-07-05 02:00:54,659 [DEBUG] [TIME] 3712 cashflow: 0.21s
2026-07-05 02:00:54,940 [DEBUG] [TIME] 3712 dividends: 0.28s
2026-07-05 02:00:54,941 [INFO] [DETAIL] 3712 情報企画: income_stmt=OK, balance_sheet=OK, cashflow=OK, dividends=OK
2026-07-05 02:00:54,941 [INFO] [TIME] 3712 情報企画 処理時間: 1.06s
2026-07-05 02:00:57,020 [DEBUG] [TIME] 3719 info: 0.17s
2026-07-05 02:00:57,020 [DEBUG] yfinance OK: 3719
2026-07-05 02:00:57,199 [DEBUG] [TIME] 3719 income_stmt: 0.18s
2026-07-05 02:00:57,468 [DEBUG] [TIME] 3719 balance_sheet: 0.27s
2026-07-05 02:00:57,691 [DEBUG] [TIME] 3719 cashflow: 0.22s
2026-07-05 02:00:57,892 [DEBUG] [TIME] 3719 dividends: 0.20s
2026-07-05 02:00:57,893 [INFO] [DETAIL] 3719 ＡＩストーム: income_stmt=OK, balance_sheet=OK, cashflow=OK, dividends=OK
2026-07-05 02:00:57,893 [INFO] [TIME] 3719 ＡＩストーム 処理時間: 1.05s
2026-07-05 02:00:59,442 [DEBUG] [TIME] 3723 info: 0.15s
2026-07-05 02:00:59,442 [DEBUG] yfinance OK: 3723
2026-07-05 02:00:59,634 [DEBUG] [TIME] 3723 income_stmt: 0.19s
2026-07-05 02:00:59,903 [DEBUG] [TIME] 3723 balance_sheet: 0.27s
2026-07-05 02:01:00,116 [DEBUG] [TIME] 3723 cashflow: 0.21s
2026-07-05 02:01:00,350 [DEBUG] [TIME] 3723 dividends: 0.23s
2026-07-05 02:01:00,351 [INFO] [DETAIL] 3723 日本ファルコム: income_stmt=OK, balance_sheet=OK, cashflow=OK, dividends=OK
2026-07-05 02:01:00,351 [INFO] [TIME] 3723 日本ファルコム 処理時間: 1.06s
2026-07-05 02:01:02,102 [DEBUG] [TIME] 3726 info: 0.16s
2026-07-05 02:01:02,102 [DEBUG] yfinance OK: 3726
2026-07-05 02:01:02,282 [DEBUG] [TIME] 3726 income_stmt: 0.18s
2026-07-05 02:01:02,536 [DEBUG] [TIME] 3726 balance_sheet: 0.25s
2026-07-05 02:01:02,831 [DEBUG] [TIME] 3726 cashflow: 0.29s
2026-07-05 02:01:03,000 [DEBUG] [TIME] 3726 dividends: 0.17s
2026-07-05 02:01:03,000 [INFO] [DETAIL] 3726 フォーシーズＨＤ: income_stmt=OK, balance_sheet=OK, cashflow=OK, dividends=EMPTY
2026-07-05 02:01:03,000 [INFO] [TIME] 3726 フォーシーズＨＤ 処理時間: 1.06s
2026-07-05 02:01:04,589 [DEBUG] [TIME] 3727 info: 0.14s
2026-07-05 02:01:04,589 [DEBUG] yfinance OK: 3727
2026-07-05 02:01:04,810 [DEBUG] [TIME] 3727 income_stmt: 0.22s
2026-07-05 02:01:05,093 [DEBUG] [TIME] 3727 balance_sheet: 0.28s
2026-07-05 02:01:05,350 [DEBUG] [TIME] 3727 cashflow: 0.26s
2026-07-05 02:01:05,572 [DEBUG] [TIME] 3727 dividends: 0.22s
2026-07-05 02:01:05,573 [INFO] [DETAIL] 3727 アプリックス: income_stmt=OK, balance_sheet=OK, cashflow=OK, dividends=OK
2026-07-05 02:01:05,573 [INFO] [TIME] 3727 アプリックス 処理時間: 1.13s
2026-07-05 02:01:07,138 [DEBUG] [TIME] 372A info: 0.18s
2026-07-05 02:01:07,138 [DEBUG] yfinance OK: 372A
2026-07-05 02:01:07,337 [DEBUG] [TIME] 372A income_stmt: 0.20s
2026-07-05 02:01:07,567 [DEBUG] [TIME] 372A balance_sheet: 0.23s
2026-07-05 02:01:07,820 [DEBUG] [TIME] 372A cashflow: 0.25s
2026-07-05 02:01:07,930 [DEBUG] [TIME] 372A dividends: 0.11s
2026-07-05 02:01:07,930 [INFO] [DETAIL] 372A レント: income_stmt=OK, balance_sheet=OK, cashflow=OK, dividends=OK
2026-07-05 02:01:07,930 [INFO] [TIME] 372A レント 処理時間: 0.97s
2026-07-05 02:01:09,948 [DEBUG] [TIME] 3733 info: 0.15s
2026-07-05 02:01:09,948 [DEBUG] yfinance OK: 3733
2026-07-05 02:01:10,143 [DEBUG] [TIME] 3733 income_stmt: 0.20s
2026-07-05 02:01:10,427 [DEBUG] [TIME] 3733 balance_sheet: 0.28s
2026-07-05 02:01:10,627 [DEBUG] [TIME] 3733 cashflow: 0.20s
2026-07-05 02:01:10,931 [DEBUG] [TIME] 3733 dividends: 0.30s
2026-07-05 02:01:10,932 [INFO] [DETAIL] 3733 ソフトウェア・サービス: income_stmt=OK, balance_sheet=OK, cashflow=OK, dividends=OK
2026-07-05 02:01:10,932 [INFO] [TIME] 3733 ソフトウェア・サービス 処理時間: 1.13s
2026-07-05 02:01:13,005 [DEBUG] [TIME] 373A info: 0.18s
2026-07-05 02:01:13,005 [DEBUG] yfinance OK: 373A
2026-07-05 02:01:13,183 [DEBUG] [TIME] 373A income_stmt: 0.18s
2026-07-05 02:01:13,421 [DEBUG] [TIME] 373A balance_sheet: 0.24s
2026-07-05 02:01:13,611 [DEBUG] [TIME] 373A cashflow: 0.19s
2026-07-05 02:01:13,708 [DEBUG] [TIME] 373A dividends: 0.10s
2026-07-05 02:01:13,708 [INFO] [DETAIL] 373A リップス: income_stmt=OK, balance_sheet=OK, cashflow=OK, dividends=EMPTY
2026-07-05 02:01:13,708 [INFO] [TIME] 373A リップス 処理時間: 0.88s
2026-07-05 02:01:15,123 [DEBUG] [TIME] 3741 info: 0.18s
2026-07-05 02:01:15,123 [DEBUG] yfinance OK: 3741
2026-07-05 02:01:15,308 [DEBUG] [TIME] 3741 income_stmt: 0.19s
2026-07-05 02:01:15,544 [DEBUG] [TIME] 3741 balance_sheet: 0.23s
2026-07-05 02:01:15,770 [DEBUG] [TIME] 3741 cashflow: 0.23s
2026-07-05 02:01:16,028 [DEBUG] [TIME] 3741 dividends: 0.26s
2026-07-05 02:01:16,029 [INFO] [DETAIL] 3741 セック: income_stmt=OK, balance_sheet=OK, cashflow=OK, dividends=OK
2026-07-05 02:01:16,029 [INFO] [TIME] 3741 セック 処理時間: 1.08s
2026-07-05 02:01:19,781 [DEBUG] [TIME] 3744 info: 2.03s
2026-07-05 02:01:19,782 [DEBUG] yfinance OK: 3744
2026-07-05 02:01:19,966 [DEBUG] [TIME] 3744 income_stmt: 0.18s
2026-07-05 02:01:20,220 [DEBUG] [TIME] 3744 balance_sheet: 0.25s
2026-07-05 02:01:20,438 [DEBUG] [TIME] 3744 cashflow: 0.22s
2026-07-05 02:01:20,778 [DEBUG] [TIME] 3744 dividends: 0.34s
2026-07-05 02:01:20,779 [INFO] [DETAIL] 3744 サイオス: income_stmt=OK, balance_sheet=OK, cashflow=OK, dividends=OK
2026-07-05 02:01:20,779 [INFO] [TIME] 3744 サイオス 処理時間: 3.02s
2026-07-05 02:01:22,628 [DEBUG] [TIME] 3747 info: 0.14s
2026-07-05 02:01:22,628 [DEBUG] yfinance OK: 3747
2026-07-05 02:01:22,831 [DEBUG] [TIME] 3747 income_stmt: 0.20s
2026-07-05 02:01:23,077 [DEBUG] [TIME] 3747 balance_sheet: 0.25s
2026-07-05 02:01:23,315 [DEBUG] [TIME] 3747 cashflow: 0.24s
2026-07-05 02:01:23,509 [DEBUG] [TIME] 3747 dividends: 0.19s
2026-07-05 02:01:23,510 [INFO] [DETAIL] 3747 インタートレード: income_stmt=OK, balance_sheet=OK, cashflow=OK, dividends=OK
2026-07-05 02:01:23,510 [INFO] [TIME] 3747 インタートレード 処理時間: 1.02s
2026-07-05 02:01:25,542 [DEBUG] [TIME] 3750 info: 0.25s
2026-07-05 02:01:25,542 [DEBUG] yfinance OK: 3750
2026-07-05 02:01:25,746 [DEBUG] [TIME] 3750 income_stmt: 0.20s
2026-07-05 02:01:25,962 [DEBUG] [TIME] 3750 balance_sheet: 0.21s
2026-07-05 02:01:26,218 [DEBUG] [TIME] 3750 cashflow: 0.26s
2026-07-05 02:01:26,424 [DEBUG] [TIME] 3750 dividends: 0.21s
2026-07-05 02:01:26,425 [INFO] [DETAIL] 3750 ＡＤＲ１２０Ｓ: income_stmt=OK, balance_sheet=OK, cashflow=OK, dividends=OK
2026-07-05 02:01:26,425 [INFO] [TIME] 3750 ＡＤＲ１２０Ｓ 処理時間: 1.14s
2026-07-05 02:01:28,539 [DEBUG] [TIME] 3753 info: 0.18s
2026-07-05 02:01:28,539 [DEBUG] yfinance OK: 3753
2026-07-05 02:01:28,721 [DEBUG] [TIME] 3753 income_stmt: 0.18s
2026-07-05 02:01:28,965 [DEBUG] [TIME] 3753 balance_sheet: 0.24s
2026-07-05 02:01:29,168 [DEBUG] [TIME] 3753 cashflow: 0.20s
2026-07-05 02:01:29,346 [DEBUG] [TIME] 3753 dividends: 0.18s
2026-07-05 02:01:29,347 [INFO] [DETAIL] 3753 フライトソリューションズ: income_stmt=OK, balance_sheet=OK, cashflow=OK, dividends=EMPTY
2026-07-05 02:01:29,347 [INFO] [TIME] 3753 フライトソリューションズ 処理時間: 0.99s
2026-07-05 02:01:31,291 [DEBUG] [TIME] 3758 info: 0.15s
2026-07-05 02:01:31,291 [DEBUG] yfinance OK: 3758
2026-07-05 02:01:31,488 [DEBUG] [TIME] 3758 income_stmt: 0.20s
2026-07-05 02:01:31,740 [DEBUG] [TIME] 3758 balance_sheet: 0.25s
2026-07-05 02:01:32,028 [DEBUG] [TIME] 3758 cashflow: 0.29s
2026-07-05 02:01:32,365 [DEBUG] [TIME] 3758 dividends: 0.34s
2026-07-05 02:01:32,366 [INFO] [DETAIL] 3758 アエリア: income_stmt=OK, balance_sheet=OK, cashflow=OK, dividends=OK
2026-07-05 02:01:32,366 [INFO] [TIME] 3758 アエリア 処理時間: 1.22s
2026-07-05 02:01:34,502 [DEBUG] [TIME] 3760 info: 0.15s
2026-07-05 02:01:34,502 [DEBUG] yfinance OK: 3760
2026-07-05 02:01:34,673 [DEBUG] [TIME] 3760 income_stmt: 0.17s
2026-07-05 02:01:34,908 [DEBUG] [TIME] 3760 balance_sheet: 0.23s
2026-07-05 02:01:35,104 [DEBUG] [TIME] 3760 cashflow: 0.20s
2026-07-05 02:01:35,342 [DEBUG] [TIME] 3760 dividends: 0.24s
2026-07-05 02:01:35,343 [INFO] [DETAIL] 3760 ケイブ: income_stmt=OK, balance_sheet=OK, cashflow=OK, dividends=OK
2026-07-05 02:01:35,343 [INFO] [TIME] 3760 ケイブ 処理時間: 0.99s
2026-07-05 02:01:37,071 [DEBUG] [TIME] 3762 info: 0.15s
2026-07-05 02:01:37,072 [DEBUG] yfinance OK: 3762
2026-07-05 02:01:37,294 [DEBUG] [TIME] 3762 income_stmt: 0.22s
2026-07-05 02:01:37,551 [DEBUG] [TIME] 3762 balance_sheet: 0.26s
2026-07-05 02:01:37,758 [DEBUG] [TIME] 3762 cashflow: 0.21s
2026-07-05 02:01:37,993 [DEBUG] [TIME] 3762 dividends: 0.24s
2026-07-05 02:01:37,995 [INFO] [DETAIL] 3762 テクマトリックス: income_stmt=OK, balance_sheet=OK, cashflow=OK, dividends=OK
2026-07-05 02:01:37,995 [INFO] [TIME] 3762 テクマトリックス 処理時間: 1.07s
2026-07-05 02:01:39,479 [DEBUG] [TIME] 3763 info: 0.16s
2026-07-05 02:01:39,479 [DEBUG] yfinance OK: 3763
2026-07-05 02:01:39,684 [DEBUG] [TIME] 3763 income_stmt: 0.20s
2026-07-05 02:01:39,928 [DEBUG] [TIME] 3763 balance_sheet: 0.24s
2026-07-05 02:01:40,158 [DEBUG] [TIME] 3763 cashflow: 0.23s
2026-07-05 02:01:40,461 [DEBUG] [TIME] 3763 dividends: 0.30s
2026-07-05 02:01:40,462 [INFO] [DETAIL] 3763 プロシップ: income_stmt=OK, balance_sheet=OK, cashflow=OK, dividends=OK
2026-07-05 02:01:40,463 [INFO] [TIME] 3763 プロシップ 処理時間: 1.15s
2026-07-05 02:01:42,503 [DEBUG] [TIME] 3765 info: 0.14s
2026-07-05 02:01:42,503 [DEBUG] yfinance OK: 3765
2026-07-05 02:01:42,722 [DEBUG] [TIME] 3765 income_stmt: 0.22s
2026-07-05 02:01:42,940 [DEBUG] [TIME] 3765 balance_sheet: 0.22s
2026-07-05 02:01:43,151 [DEBUG] [TIME] 3765 cashflow: 0.21s
2026-07-05 02:01:43,403 [DEBUG] [TIME] 3765 dividends: 0.25s
2026-07-05 02:01:43,404 [INFO] [DETAIL] 3765 ガンホー・オンライン・エンターテイメント: income_stmt=OK, balance_sheet=OK, cashflow=OK, dividends=OK
2026-07-05 02:01:43,404 [INFO] [TIME] 3765 ガンホー・オンライン・エンターテイメント 処理時間: 1.05s
2026-07-05 02:01:44,759 [DEBUG] [TIME] 3766 info: 0.14s
2026-07-05 02:01:44,759 [DEBUG] yfinance OK: 3766
2026-07-05 02:01:44,936 [DEBUG] [TIME] 3766 income_stmt: 0.18s
2026-07-05 02:01:45,194 [DEBUG] [TIME] 3766 balance_sheet: 0.26s
2026-07-05 02:01:45,389 [DEBUG] [TIME] 3766 cashflow: 0.19s
2026-07-05 02:01:45,582 [DEBUG] [TIME] 3766 dividends: 0.19s
2026-07-05 02:01:45,583 [INFO] [DETAIL] 3766 システムズ・デザイン: income_stmt=OK, balance_sheet=OK, cashflow=OK, dividends=OK
2026-07-05 02:01:45,583 [INFO] [TIME] 3766 システムズ・デザイン 処理時間: 0.97s
2026-07-05 02:01:47,640 [DEBUG] [TIME] 3768 info: 0.14s
2026-07-05 02:01:47,640 [DEBUG] yfinance OK: 3768
2026-07-05 02:01:47,839 [DEBUG] [TIME] 3768 income_stmt: 0.20s
2026-07-05 02:01:48,061 [DEBUG] [TIME] 3768 balance_sheet: 0.22s
2026-07-05 02:01:48,235 [DEBUG] [TIME] 3768 cashflow: 0.17s
2026-07-05 02:01:48,469 [DEBUG] [TIME] 3768 dividends: 0.23s
2026-07-05 02:01:48,470 [INFO] [DETAIL] 3768 リスクモンスター: income_stmt=OK, balance_sheet=OK, cashflow=OK, dividends=OK
2026-07-05 02:01:48,470 [INFO] [TIME] 3768 リスクモンスター 処理時間: 0.97s
2026-07-05 02:01:50,547 [DEBUG] [TIME] 3769 info: 0.15s
2026-07-05 02:01:50,548 [DEBUG] yfinance OK: 3769
2026-07-05 02:01:50,736 [DEBUG] [TIME] 3769 income_stmt: 0.19s
2026-07-05 02:01:50,983 [DEBUG] [TIME] 3769 balance_sheet: 0.25s
2026-07-05 02:01:51,237 [DEBUG] [TIME] 3769 cashflow: 0.25s
2026-07-05 02:01:51,470 [DEBUG] [TIME] 3769 dividends: 0.23s
2026-07-05 02:01:51,471 [INFO] [DETAIL] 3769 ＧＭＯペイメントゲートウェイ: income_stmt=OK, balance_sheet=OK, cashflow=OK, dividends=OK
2026-07-05 02:01:51,471 [INFO] [TIME] 3769 ＧＭＯペイメントゲートウェイ 処理時間: 1.07s
2026-07-05 02:01:53,517 [DEBUG] [TIME] 3771 info: 0.18s
2026-07-05 02:01:53,517 [DEBUG] yfinance OK: 3771
2026-07-05 02:01:53,717 [DEBUG] [TIME] 3771 income_stmt: 0.20s
2026-07-05 02:01:53,994 [DEBUG] [TIME] 3771 balance_sheet: 0.28s
2026-07-05 02:01:54,214 [DEBUG] [TIME] 3771 cashflow: 0.22s
2026-07-05 02:01:54,575 [DEBUG] [TIME] 3771 dividends: 0.36s
2026-07-05 02:01:54,576 [INFO] [DETAIL] 3771 システムリサーチ: income_stmt=OK, balance_sheet=OK, cashflow=OK, dividends=OK
2026-07-05 02:01:54,577 [INFO] [TIME] 3771 システムリサーチ 処理時間: 1.24s
2026-07-05 02:01:56,158 [DEBUG] [TIME] 3772 info: 0.15s
2026-07-05 02:01:56,158 [DEBUG] yfinance OK: 3772
2026-07-05 02:01:56,429 [DEBUG] [TIME] 3772 income_stmt: 0.27s
2026-07-05 02:01:56,738 [DEBUG] [TIME] 3772 balance_sheet: 0.31s
2026-07-05 02:01:56,970 [DEBUG] [TIME] 3772 cashflow: 0.23s
2026-07-05 02:01:57,225 [DEBUG] [TIME] 3772 dividends: 0.25s
2026-07-05 02:01:57,226 [INFO] [DETAIL] 3772 ウェルス・マネジメント: income_stmt=OK, balance_sheet=OK, cashflow=OK, dividends=OK
2026-07-05 02:01:57,226 [INFO] [TIME] 3772 ウェルス・マネジメント 処理時間: 1.22s
2026-07-05 02:01:59,094 [DEBUG] [TIME] 3773 info: 0.14s
2026-07-05 02:01:59,094 [DEBUG] yfinance OK: 3773
2026-07-05 02:01:59,292 [DEBUG] [TIME] 3773 income_stmt: 0.20s
2026-07-05 02:01:59,534 [DEBUG] [TIME] 3773 balance_sheet: 0.24s
2026-07-05 02:01:59,758 [DEBUG] [TIME] 3773 cashflow: 0.22s
2026-07-05 02:01:59,934 [DEBUG] [TIME] 3773 dividends: 0.18s
2026-07-05 02:01:59,935 [INFO] [DETAIL] 3773 アドバンスト・メディア: income_stmt=OK, balance_sheet=OK, cashflow=OK, dividends=OK
2026-07-05 02:01:59,935 [INFO] [TIME] 3773 アドバンスト・メディア 処理時間: 0.99s
2026-07-05 02:02:01,889 [DEBUG] [TIME] 3774 info: 0.21s
2026-07-05 02:02:01,889 [DEBUG] yfinance OK: 3774
2026-07-05 02:02:02,372 [DEBUG] [TIME] 3774 income_stmt: 0.48s
2026-07-05 02:02:02,683 [DEBUG] [TIME] 3774 balance_sheet: 0.31s
2026-07-05 02:02:02,919 [DEBUG] [TIME] 3774 cashflow: 0.24s
2026-07-05 02:02:03,130 [DEBUG] [TIME] 3774 dividends: 0.21s
2026-07-05 02:02:03,131 [INFO] [DETAIL] 3774 インターネットイニシアティブ: income_stmt=OK, balance_sheet=OK, cashflow=OK, dividends=OK
2026-07-05 02:02:03,131 [INFO] [TIME] 3774 インターネットイニシアティブ 処理時間: 1.45s
2026-07-05 02:02:04,594 [DEBUG] [TIME] 3776 info: 0.18s
2026-07-05 02:02:04,594 [DEBUG] yfinance OK: 3776
2026-07-05 02:02:04,818 [DEBUG] [TIME] 3776 income_stmt: 0.22s
2026-07-05 02:02:05,105 [DEBUG] [TIME] 3776 balance_sheet: 0.29s
2026-07-05 02:02:05,340 [DEBUG] [TIME] 3776 cashflow: 0.23s
2026-07-05 02:02:05,601 [DEBUG] [TIME] 3776 dividends: 0.26s
2026-07-05 02:02:05,602 [INFO] [DETAIL] 3776 ブロードバンドタワー: income_stmt=OK, balance_sheet=OK, cashflow=OK, dividends=OK
2026-07-05 02:02:05,602 [INFO] [TIME] 3776 ブロードバンドタワー 処理時間: 1.19s
2026-07-05 02:02:07,438 [DEBUG] [TIME] 3777 info: 0.18s
2026-07-05 02:02:07,438 [DEBUG] yfinance OK: 3777
2026-07-05 02:02:07,626 [DEBUG] [TIME] 3777 income_stmt: 0.19s
2026-07-05 02:02:07,857 [DEBUG] [TIME] 3777 balance_sheet: 0.23s
2026-07-05 02:02:08,051 [DEBUG] [TIME] 3777 cashflow: 0.19s
2026-07-05 02:02:08,204 [DEBUG] [TIME] 3777 dividends: 0.15s
2026-07-05 02:02:08,204 [INFO] [DETAIL] 3777 環境フレンドリーホールディングス: income_stmt=OK, balance_sheet=OK, cashflow=OK, dividends=EMPTY
2026-07-05 02:02:08,204 [INFO] [TIME] 3777 環境フレンドリーホールディングス 処理時間: 0.94s
2026-07-05 02:02:09,776 [DEBUG] [TIME] 3778 info: 0.15s
2026-07-05 02:02:09,776 [DEBUG] yfinance OK: 3778
2026-07-05 02:02:09,960 [DEBUG] [TIME] 3778 income_stmt: 0.18s
2026-07-05 02:02:10,197 [DEBUG] [TIME] 3778 balance_sheet: 0.24s
2026-07-05 02:02:10,396 [DEBUG] [TIME] 3778 cashflow: 0.20s
2026-07-05 02:02:10,633 [DEBUG] [TIME] 3778 dividends: 0.24s
2026-07-05 02:02:10,634 [INFO] [DETAIL] 3778 さくらインターネット: income_stmt=OK, balance_sheet=OK, cashflow=OK, dividends=OK
2026-07-05 02:02:10,634 [INFO] [TIME] 3778 さくらインターネット 処理時間: 1.01s
2026-07-05 02:02:12,382 [DEBUG] [TIME] 3779 info: 0.21s
2026-07-05 02:02:12,382 [DEBUG] yfinance OK: 3779
2026-07-05 02:02:12,576 [DEBUG] [TIME] 3779 income_stmt: 0.19s
2026-07-05 02:02:12,848 [DEBUG] [TIME] 3779 balance_sheet: 0.27s
2026-07-05 02:02:13,055 [DEBUG] [TIME] 3779 cashflow: 0.21s
2026-07-05 02:02:13,287 [DEBUG] [TIME] 3779 dividends: 0.23s
2026-07-05 02:02:13,287 [INFO] [DETAIL] 3779 ジェイ・エスコムホールディングス: income_stmt=OK, balance_sheet=OK, cashflow=OK, dividends=EMPTY
2026-07-05 02:02:13,287 [INFO] [TIME] 3779 ジェイ・エスコムホールディングス 処理時間: 1.11s
2026-07-05 02:02:14,810 [DEBUG] [TIME] 3787 info: 0.17s
2026-07-05 02:02:14,810 [DEBUG] yfinance OK: 3787
2026-07-05 02:02:15,011 [DEBUG] [TIME] 3787 income_stmt: 0.20s
2026-07-05 02:02:15,253 [DEBUG] [TIME] 3787 balance_sheet: 0.24s
2026-07-05 02:02:15,455 [DEBUG] [TIME] 3787 cashflow: 0.20s
2026-07-05 02:02:15,636 [DEBUG] [TIME] 3787 dividends: 0.18s
2026-07-05 02:02:15,636 [INFO] [DETAIL] 3787 テクノマセマティカル: income_stmt=OK, balance_sheet=OK, cashflow=OK, dividends=EMPTY
2026-07-05 02:02:15,636 [INFO] [TIME] 3787 テクノマセマティカル 処理時間: 1.00s
2026-07-05 02:02:16,966 [DEBUG] [TIME] 3788 info: 0.14s
2026-07-05 02:02:16,966 [DEBUG] yfinance OK: 3788
2026-07-05 02:02:17,160 [DEBUG] [TIME] 3788 income_stmt: 0.19s
2026-07-05 02:02:17,396 [DEBUG] [TIME] 3788 balance_sheet: 0.24s
2026-07-05 02:02:17,666 [DEBUG] [TIME] 3788 cashflow: 0.27s
2026-07-05 02:02:17,981 [DEBUG] [TIME] 3788 dividends: 0.31s
2026-07-05 02:02:17,982 [INFO] [DETAIL] 3788 ＧＭＯグローバルサイン・ホールディングス: income_stmt=OK, balance_sheet=OK, cashflow=OK, dividends=OK
2026-07-05 02:02:17,982 [INFO] [TIME] 3788 ＧＭＯグローバルサイン・ホールディングス 処理時間: 1.16s
2026-07-05 02:02:19,150 [DEBUG] [TIME] 378A info: 0.14s
2026-07-05 02:02:19,150 [DEBUG] yfinance OK: 378A
2026-07-05 02:02:19,332 [DEBUG] [TIME] 378A income_stmt: 0.18s
2026-07-05 02:02:19,528 [DEBUG] [TIME] 378A balance_sheet: 0.20s
2026-07-05 02:02:19,719 [DEBUG] [TIME] 378A cashflow: 0.19s
2026-07-05 02:02:19,808 [DEBUG] [TIME] 378A dividends: 0.09s
2026-07-05 02:02:19,808 [INFO] [DETAIL] 378A ヒット: income_stmt=OK, balance_sheet=OK, cashflow=OK, dividends=OK
2026-07-05 02:02:19,808 [INFO] [TIME] 378A ヒット 処理時間: 0.80s
2026-07-05 02:02:21,817 [DEBUG] [TIME] 3791 info: 0.15s
2026-07-05 02:02:21,817 [DEBUG] yfinance OK: 3791
2026-07-05 02:02:22,023 [DEBUG] [TIME] 3791 income_stmt: 0.21s
2026-07-05 02:02:22,248 [DEBUG] [TIME] 3791 balance_sheet: 0.22s
2026-07-05 02:02:22,462 [DEBUG] [TIME] 3791 cashflow: 0.21s
2026-07-05 02:02:22,679 [DEBUG] [TIME] 3791 dividends: 0.22s
2026-07-05 02:02:22,680 [INFO] [DETAIL] 3791 ＩＧポート: income_stmt=OK, balance_sheet=OK, cashflow=OK, dividends=OK
2026-07-05 02:02:22,680 [INFO] [TIME] 3791 ＩＧポート 処理時間: 1.01s
2026-07-05 02:02:23,972 [DEBUG] [TIME] 3793 info: 0.20s
2026-07-05 02:02:23,972 [DEBUG] yfinance OK: 3793
2026-07-05 02:02:24,159 [DEBUG] [TIME] 3793 income_stmt: 0.19s
2026-07-05 02:02:24,361 [DEBUG] [TIME] 3793 balance_sheet: 0.20s
2026-07-05 02:02:24,591 [DEBUG] [TIME] 3793 cashflow: 0.23s
2026-07-05 02:02:24,809 [DEBUG] [TIME] 3793 dividends: 0.22s
2026-07-05 02:02:24,810 [INFO] [DETAIL] 3793 ドリコム: income_stmt=OK, balance_sheet=OK, cashflow=OK, dividends=OK
2026-07-05 02:02:24,810 [INFO] [TIME] 3793 ドリコム 処理時間: 1.04s
2026-07-05 02:02:26,857 [DEBUG] [TIME] 3796 info: 0.17s
2026-07-05 02:02:26,857 [DEBUG] yfinance OK: 3796
2026-07-05 02:02:27,025 [DEBUG] [TIME] 3796 income_stmt: 0.17s
2026-07-05 02:02:27,273 [DEBUG] [TIME] 3796 balance_sheet: 0.25s
2026-07-05 02:02:27,483 [DEBUG] [TIME] 3796 cashflow: 0.21s
2026-07-05 02:02:27,750 [DEBUG] [TIME] 3796 dividends: 0.27s
2026-07-05 02:02:27,751 [INFO] [DETAIL] 3796 いい生活: income_stmt=OK, balance_sheet=OK, cashflow=OK, dividends=OK
2026-07-05 02:02:27,751 [INFO] [TIME] 3796 いい生活 処理時間: 1.07s
2026-07-05 02:02:29,880 [DEBUG] [TIME] 3798 info: 0.15s
2026-07-05 02:02:29,881 [DEBUG] yfinance OK: 3798
2026-07-05 02:02:30,061 [DEBUG] [TIME] 3798 income_stmt: 0.18s
2026-07-05 02:02:30,332 [DEBUG] [TIME] 3798 balance_sheet: 0.27s
2026-07-05 02:02:30,546 [DEBUG] [TIME] 3798 cashflow: 0.21s
2026-07-05 02:02:30,837 [DEBUG] [TIME] 3798 dividends: 0.29s
2026-07-05 02:02:30,838 [INFO] [DETAIL] 3798 ＵＬＳグループ: income_stmt=OK, balance_sheet=OK, cashflow=OK, dividends=OK
2026-07-05 02:02:30,838 [INFO] [TIME] 3798 ＵＬＳグループ 処理時間: 1.11s
2026-07-05 02:02:32,519 [DEBUG] [TIME] 3799 info: 0.19s
2026-07-05 02:02:32,519 [DEBUG] yfinance OK: 3799
2026-07-05 02:02:32,736 [DEBUG] [TIME] 3799 income_stmt: 0.22s
2026-07-05 02:02:33,000 [DEBUG] [TIME] 3799 balance_sheet: 0.26s
2026-07-05 02:02:33,224 [DEBUG] [TIME] 3799 cashflow: 0.22s
2026-07-05 02:02:33,460 [DEBUG] [TIME] 3799 dividends: 0.24s
2026-07-05 02:02:33,461 [INFO] [DETAIL] 3799 キーウェアソリューションズ: income_stmt=OK, balance_sheet=OK, cashflow=OK, dividends=OK
2026-07-05 02:02:33,461 [INFO] [TIME] 3799 キーウェアソリューションズ 処理時間: 1.13s
2026-07-05 02:02:35,092 [DEBUG] [TIME] 3800 info: 0.18s
2026-07-05 02:02:35,092 [DEBUG] yfinance OK: 3800
2026-07-05 02:02:35,310 [DEBUG] [TIME] 3800 income_stmt: 0.22s
2026-07-05 02:02:35,552 [DEBUG] [TIME] 3800 balance_sheet: 0.24s
2026-07-05 02:02:35,738 [DEBUG] [TIME] 3800 cashflow: 0.19s
2026-07-05 02:02:35,979 [DEBUG] [TIME] 3800 dividends: 0.24s
2026-07-05 02:02:35,980 [INFO] [DETAIL] 3800 ユニリタ: income_stmt=OK, balance_sheet=OK, cashflow=OK, dividends=OK
2026-07-05 02:02:35,980 [INFO] [TIME] 3800 ユニリタ 処理時間: 1.07s
2026-07-05 02:02:37,545 [DEBUG] [TIME] 3802 info: 0.15s
2026-07-05 02:02:37,545 [DEBUG] yfinance OK: 3802
2026-07-05 02:02:37,728 [DEBUG] [TIME] 3802 income_stmt: 0.18s
2026-07-05 02:02:37,931 [DEBUG] [TIME] 3802 balance_sheet: 0.20s
2026-07-05 02:02:38,174 [DEBUG] [TIME] 3802 cashflow: 0.24s
2026-07-05 02:02:38,343 [DEBUG] [TIME] 3802 dividends: 0.17s
2026-07-05 02:02:38,344 [INFO] [DETAIL] 3802 エコミック: income_stmt=OK, balance_sheet=OK, cashflow=OK, dividends=OK
2026-07-05 02:02:38,344 [INFO] [TIME] 3802 エコミック 処理時間: 0.95s
2026-07-05 02:02:40,045 [DEBUG] [TIME] 3803 info: 0.22s
2026-07-05 02:02:40,045 [DEBUG] yfinance OK: 3803
2026-07-05 02:02:40,239 [DEBUG] [TIME] 3803 income_stmt: 0.19s
2026-07-05 02:02:40,480 [DEBUG] [TIME] 3803 balance_sheet: 0.24s
2026-07-05 02:02:40,706 [DEBUG] [TIME] 3803 cashflow: 0.23s
2026-07-05 02:02:40,842 [DEBUG] [TIME] 3803 dividends: 0.14s
2026-07-05 02:02:40,843 [INFO] [DETAIL] 3803 イメージ情報開発: income_stmt=OK, balance_sheet=OK, cashflow=OK, dividends=EMPTY
2026-07-05 02:02:40,843 [INFO] [TIME] 3803 イメージ情報開発 処理時間: 1.02s
2026-07-05 02:02:42,311 [DEBUG] [TIME] 3804 info: 0.15s
2026-07-05 02:02:42,311 [DEBUG] yfinance OK: 3804
2026-07-05 02:02:42,506 [DEBUG] [TIME] 3804 income_stmt: 0.19s
2026-07-05 02:02:42,754 [DEBUG] [TIME] 3804 balance_sheet: 0.25s
2026-07-05 02:02:42,961 [DEBUG] [TIME] 3804 cashflow: 0.21s
2026-07-05 02:02:43,178 [DEBUG] [TIME] 3804 dividends: 0.22s
2026-07-05 02:02:43,179 [INFO] [DETAIL] 3804 システム　ディ: income_stmt=OK, balance_sheet=OK, cashflow=OK, dividends=OK
2026-07-05 02:02:43,179 [INFO] [TIME] 3804 システム　ディ 処理時間: 1.02s
2026-07-05 02:02:45,184 [DEBUG] [TIME] 3807 info: 0.17s
2026-07-05 02:02:45,184 [DEBUG] yfinance OK: 3807
2026-07-05 02:02:45,379 [DEBUG] [TIME] 3807 income_stmt: 0.19s
2026-07-05 02:02:45,659 [DEBUG] [TIME] 3807 balance_sheet: 0.28s
2026-07-05 02:02:45,861 [DEBUG] [TIME] 3807 cashflow: 0.20s
2026-07-05 02:02:46,144 [DEBUG] [TIME] 3807 dividends: 0.28s
2026-07-05 02:02:46,145 [INFO] [DETAIL] 3807 フィスコ: income_stmt=OK, balance_sheet=OK, cashflow=OK, dividends=OK
2026-07-05 02:02:46,145 [INFO] [TIME] 3807 フィスコ 処理時間: 1.13s
2026-07-05 02:02:47,730 [DEBUG] [TIME] 3810 info: 0.15s
2026-07-05 02:02:47,730 [DEBUG] yfinance OK: 3810
2026-07-05 02:02:47,911 [DEBUG] [TIME] 3810 income_stmt: 0.18s
2026-07-05 02:02:48,142 [DEBUG] [TIME] 3810 balance_sheet: 0.23s
2026-07-05 02:02:48,307 [DEBUG] [TIME] 3810 cashflow: 0.16s
2026-07-05 02:02:48,551 [DEBUG] [TIME] 3810 dividends: 0.24s
2026-07-05 02:02:48,552 [INFO] [DETAIL] 3810 サイバーステップホールディングス: income_stmt=OK, balance_sheet=OK, cashflow=OK, dividends=OK
2026-07-05 02:02:48,552 [INFO] [TIME] 3810 サイバーステップホールディングス 処理時間: 0.97s
2026-07-05 02:02:50,385 [DEBUG] [TIME] 3815 info: 0.18s
2026-07-05 02:02:50,385 [DEBUG] yfinance OK: 3815
2026-07-05 02:02:50,558 [DEBUG] [TIME] 3815 income_stmt: 0.17s
2026-07-05 02:02:50,747 [DEBUG] [TIME] 3815 balance_sheet: 0.19s
2026-07-05 02:02:50,960 [DEBUG] [TIME] 3815 cashflow: 0.21s
2026-07-05 02:02:51,207 [DEBUG] [TIME] 3815 dividends: 0.25s
2026-07-05 02:02:51,208 [INFO] [DETAIL] 3815 メディア工房: income_stmt=OK, balance_sheet=OK, cashflow=OK, dividends=OK
2026-07-05 02:02:51,208 [INFO] [TIME] 3815 メディア工房 処理時間: 1.00s
2026-07-05 02:02:52,895 [DEBUG] [TIME] 3816 info: 0.17s
2026-07-05 02:02:52,895 [DEBUG] yfinance OK: 3816
2026-07-05 02:02:53,072 [DEBUG] [TIME] 3816 income_stmt: 0.18s
2026-07-05 02:02:53,297 [DEBUG] [TIME] 3816 balance_sheet: 0.22s
2026-07-05 02:02:53,485 [DEBUG] [TIME] 3816 cashflow: 0.19s
2026-07-05 02:02:53,755 [DEBUG] [TIME] 3816 dividends: 0.27s
2026-07-05 02:02:53,756 [INFO] [DETAIL] 3816 大和コンピューター: income_stmt=OK, balance_sheet=OK, cashflow=OK, dividends=OK
2026-07-05 02:02:53,756 [INFO] [TIME] 3816 大和コンピューター 処理時間: 1.03s
2026-07-05 02:02:55,897 [DEBUG] [TIME] 3817 info: 0.17s
2026-07-05 02:02:55,897 [DEBUG] yfinance OK: 3817
2026-07-05 02:02:56,059 [DEBUG] [TIME] 3817 income_stmt: 0.16s
2026-07-05 02:02:56,279 [DEBUG] [TIME] 3817 balance_sheet: 0.22s
2026-07-05 02:02:56,482 [DEBUG] [TIME] 3817 cashflow: 0.20s
2026-07-05 02:02:56,739 [DEBUG] [TIME] 3817 dividends: 0.26s
2026-07-05 02:02:56,740 [INFO] [DETAIL] 3817 ＳＲＡホールディングス: income_stmt=OK, balance_sheet=OK, cashflow=OK, dividends=OK
2026-07-05 02:02:56,740 [INFO] [TIME] 3817 ＳＲＡホールディングス 処理時間: 1.02s
2026-07-05 02:02:58,231 [DEBUG] [TIME] 3823 info: 0.14s
2026-07-05 02:02:58,231 [DEBUG] yfinance OK: 3823
2026-07-05 02:02:58,419 [DEBUG] [TIME] 3823 income_stmt: 0.19s
2026-07-05 02:02:58,663 [DEBUG] [TIME] 3823 balance_sheet: 0.24s
2026-07-05 02:02:58,855 [DEBUG] [TIME] 3823 cashflow: 0.19s
2026-07-05 02:02:59,013 [DEBUG] [TIME] 3823 dividends: 0.16s
2026-07-05 02:02:59,013 [INFO] [DETAIL] 3823 ＴＨＥ　ＷＨＹ　ＨＯＷ　ＤＯ　ＣＯＭＰＡＮＹ: income_stmt=OK, balance_sheet=OK, cashflow=OK, dividends=EMPTY
2026-07-05 02:02:59,013 [INFO] [TIME] 3823 ＴＨＥ　ＷＨＹ　ＨＯＷ　ＤＯ　ＣＯＭＰＡＮＹ 処理時間: 0.92s
2026-07-05 02:03:00,653 [DEBUG] [TIME] 3825 info: 0.14s
2026-07-05 02:03:00,653 [DEBUG] yfinance OK: 3825
2026-07-05 02:03:00,807 [DEBUG] [TIME] 3825 income_stmt: 0.15s
2026-07-05 02:03:01,066 [DEBUG] [TIME] 3825 balance_sheet: 0.26s
2026-07-05 02:03:01,310 [DEBUG] [TIME] 3825 cashflow: 0.24s
2026-07-05 02:03:01,507 [DEBUG] [TIME] 3825 dividends: 0.20s
2026-07-05 02:03:01,508 [INFO] [DETAIL] 3825 リミックスポイント: income_stmt=OK, balance_sheet=OK, cashflow=OK, dividends=OK
2026-07-05 02:03:01,508 [INFO] [TIME] 3825 リミックスポイント 処理時間: 1.00s
2026-07-05 02:03:03,680 [DEBUG] [TIME] 3826 info: 0.18s
2026-07-05 02:03:03,680 [DEBUG] yfinance OK: 3826
2026-07-05 02:03:03,896 [DEBUG] [TIME] 3826 income_stmt: 0.22s
2026-07-05 02:03:04,144 [DEBUG] [TIME] 3826 balance_sheet: 0.25s
2026-07-05 02:03:04,395 [DEBUG] [TIME] 3826 cashflow: 0.25s
2026-07-05 02:03:04,642 [DEBUG] [TIME] 3826 dividends: 0.25s
2026-07-05 02:03:04,643 [INFO] [DETAIL] 3826 システムインテグレータ: income_stmt=OK, balance_sheet=OK, cashflow=OK, dividends=OK
2026-07-05 02:03:04,644 [INFO] [TIME] 3826 システムインテグレータ 処理時間: 1.14s
2026-07-05 02:03:05,840 [DEBUG] [TIME] 3834 info: 0.14s
2026-07-05 02:03:05,840 [DEBUG] yfinance OK: 3834
2026-07-05 02:03:06,028 [DEBUG] [TIME] 3834 income_stmt: 0.19s
2026-07-05 02:03:06,343 [DEBUG] [TIME] 3834 balance_sheet: 0.32s
2026-07-05 02:03:06,540 [DEBUG] [TIME] 3834 cashflow: 0.20s
2026-07-05 02:03:06,742 [DEBUG] [TIME] 3834 dividends: 0.20s
2026-07-05 02:03:06,743 [INFO] [DETAIL] 3834 朝日ネット: income_stmt=OK, balance_sheet=OK, cashflow=OK, dividends=OK
2026-07-05 02:03:06,743 [INFO] [TIME] 3834 朝日ネット 処理時間: 1.04s
2026-07-05 02:03:08,611 [DEBUG] [TIME] 3835 info: 0.15s
2026-07-05 02:03:08,611 [DEBUG] yfinance OK: 3835
2026-07-05 02:03:08,885 [DEBUG] [TIME] 3835 income_stmt: 0.27s
2026-07-05 02:03:09,119 [DEBUG] [TIME] 3835 balance_sheet: 0.23s
2026-07-05 02:03:09,316 [DEBUG] [TIME] 3835 cashflow: 0.20s
2026-07-05 02:03:09,570 [DEBUG] [TIME] 3835 dividends: 0.25s
2026-07-05 02:03:09,571 [INFO] [DETAIL] 3835 ｅＢＡＳＥ: income_stmt=OK, balance_sheet=OK, cashflow=OK, dividends=OK
2026-07-05 02:03:09,571 [INFO] [TIME] 3835 ｅＢＡＳＥ 処理時間: 1.11s
2026-07-05 02:03:10,901 [DEBUG] [TIME] 3836 info: 0.14s
2026-07-05 02:03:10,901 [DEBUG] yfinance OK: 3836
2026-07-05 02:03:11,103 [DEBUG] [TIME] 3836 income_stmt: 0.20s
2026-07-05 02:03:11,388 [DEBUG] [TIME] 3836 balance_sheet: 0.28s
2026-07-05 02:03:11,582 [DEBUG] [TIME] 3836 cashflow: 0.19s
2026-07-05 02:03:11,799 [DEBUG] [TIME] 3836 dividends: 0.22s
2026-07-05 02:03:11,800 [INFO] [DETAIL] 3836 アバントグループ: income_stmt=OK, balance_sheet=OK, cashflow=OK, dividends=OK
2026-07-05 02:03:11,800 [INFO] [TIME] 3836 アバントグループ 処理時間: 1.04s
2026-07-05 02:03:13,064 [DEBUG] [TIME] 3837 info: 0.15s
2026-07-05 02:03:13,064 [DEBUG] yfinance OK: 3837
2026-07-05 02:03:13,277 [DEBUG] [TIME] 3837 income_stmt: 0.21s
2026-07-05 02:03:13,564 [DEBUG] [TIME] 3837 balance_sheet: 0.29s
2026-07-05 02:03:13,789 [DEBUG] [TIME] 3837 cashflow: 0.22s
2026-07-05 02:03:14,234 [DEBUG] [TIME] 3837 dividends: 0.44s
2026-07-05 02:03:14,236 [INFO] [DETAIL] 3837 アドソル日進: income_stmt=OK, balance_sheet=OK, cashflow=OK, dividends=OK
2026-07-05 02:03:14,236 [INFO] [TIME] 3837 アドソル日進 処理時間: 1.32s
2026-07-05 02:03:15,831 [DEBUG] [TIME] 3839 info: 0.14s
2026-07-05 02:03:15,831 [DEBUG] yfinance OK: 3839
2026-07-05 02:03:16,035 [DEBUG] [TIME] 3839 income_stmt: 0.20s
2026-07-05 02:03:16,256 [DEBUG] [TIME] 3839 balance_sheet: 0.22s
2026-07-05 02:03:16,480 [DEBUG] [TIME] 3839 cashflow: 0.22s
2026-07-05 02:03:16,716 [DEBUG] [TIME] 3839 dividends: 0.24s
2026-07-05 02:03:16,717 [INFO] [DETAIL] 3839 ＯＤＫソリューションズ: income_stmt=OK, balance_sheet=OK, cashflow=OK, dividends=OK
2026-07-05 02:03:16,717 [INFO] [TIME] 3839 ＯＤＫソリューションズ 処理時間: 1.03s
2026-07-05 02:03:18,795 [DEBUG] [TIME] 3840 info: 0.14s
2026-07-05 02:03:18,795 [DEBUG] yfinance OK: 3840
2026-07-05 02:03:18,968 [DEBUG] [TIME] 3840 income_stmt: 0.17s
2026-07-05 02:03:19,221 [DEBUG] [TIME] 3840 balance_sheet: 0.25s
2026-07-05 02:03:19,411 [DEBUG] [TIME] 3840 cashflow: 0.19s
2026-07-05 02:03:19,587 [DEBUG] [TIME] 3840 dividends: 0.18s
2026-07-05 02:03:19,587 [INFO] [DETAIL] 3840 パス: income_stmt=OK, balance_sheet=OK, cashflow=OK, dividends=EMPTY
2026-07-05 02:03:19,587 [INFO] [TIME] 3840 パス 処理時間: 0.93s
2026-07-05 02:03:20,926 [DEBUG] [TIME] 3841 info: 0.14s
2026-07-05 02:03:20,926 [DEBUG] yfinance OK: 3841
2026-07-05 02:03:21,126 [DEBUG] [TIME] 3841 income_stmt: 0.20s
2026-07-05 02:03:21,384 [DEBUG] [TIME] 3841 balance_sheet: 0.26s
2026-07-05 02:03:21,607 [DEBUG] [TIME] 3841 cashflow: 0.22s
2026-07-05 02:03:21,890 [DEBUG] [TIME] 3841 dividends: 0.28s
2026-07-05 02:03:21,891 [INFO] [DETAIL] 3841 ジーダット: income_stmt=OK, balance_sheet=OK, cashflow=OK, dividends=OK
2026-07-05 02:03:21,891 [INFO] [TIME] 3841 ジーダット 処理時間: 1.11s
2026-07-05 02:03:24,087 [DEBUG] [TIME] 3842 info: 0.26s
2026-07-05 02:03:24,087 [DEBUG] yfinance OK: 3842
2026-07-05 02:03:24,286 [DEBUG] [TIME] 3842 income_stmt: 0.20s
2026-07-05 02:03:24,536 [DEBUG] [TIME] 3842 balance_sheet: 0.25s
2026-07-05 02:03:24,749 [DEBUG] [TIME] 3842 cashflow: 0.21s
2026-07-05 02:03:24,963 [DEBUG] [TIME] 3842 dividends: 0.21s
2026-07-05 02:03:24,964 [INFO] [DETAIL] 3842 ネクストジェン: income_stmt=OK, balance_sheet=OK, cashflow=OK, dividends=OK
2026-07-05 02:03:24,964 [INFO] [TIME] 3842 ネクストジェン 処理時間: 1.14s
2026-07-05 02:03:26,208 [DEBUG] [TIME] 3843 info: 0.14s
2026-07-05 02:03:26,209 [DEBUG] yfinance OK: 3843
2026-07-05 02:03:26,383 [DEBUG] [TIME] 3843 income_stmt: 0.17s
2026-07-05 02:03:26,598 [DEBUG] [TIME] 3843 balance_sheet: 0.21s
2026-07-05 02:03:26,768 [DEBUG] [TIME] 3843 cashflow: 0.17s
2026-07-05 02:03:27,002 [DEBUG] [TIME] 3843 dividends: 0.23s
2026-07-05 02:03:27,003 [INFO] [DETAIL] 3843 フリービット: income_stmt=OK, balance_sheet=OK, cashflow=OK, dividends=OK
2026-07-05 02:03:27,003 [INFO] [TIME] 3843 フリービット 処理時間: 0.94s
2026-07-05 02:03:29,090 [DEBUG] [TIME] 3844 info: 0.15s
2026-07-05 02:03:29,091 [DEBUG] yfinance OK: 3844
2026-07-05 02:03:29,267 [DEBUG] [TIME] 3844 income_stmt: 0.18s
2026-07-05 02:03:29,507 [DEBUG] [TIME] 3844 balance_sheet: 0.24s
2026-07-05 02:03:29,712 [DEBUG] [TIME] 3844 cashflow: 0.20s
2026-07-05 02:03:29,968 [DEBUG] [TIME] 3844 dividends: 0.25s
2026-07-05 02:03:29,969 [INFO] [DETAIL] 3844 コムチュア: income_stmt=OK, balance_sheet=OK, cashflow=OK, dividends=OK
2026-07-05 02:03:29,969 [INFO] [TIME] 3844 コムチュア 処理時間: 1.02s
2026-07-05 02:03:31,596 [DEBUG] [TIME] 3845 info: 0.15s
2026-07-05 02:03:31,596 [DEBUG] yfinance OK: 3845
2026-07-05 02:03:31,775 [DEBUG] [TIME] 3845 income_stmt: 0.18s
2026-07-05 02:03:32,056 [DEBUG] [TIME] 3845 balance_sheet: 0.28s
2026-07-05 02:03:32,267 [DEBUG] [TIME] 3845 cashflow: 0.21s
2026-07-05 02:03:32,508 [DEBUG] [TIME] 3845 dividends: 0.24s
2026-07-05 02:03:32,509 [INFO] [DETAIL] 3845 アイフリークモバイル: income_stmt=OK, balance_sheet=OK, cashflow=OK, dividends=OK
2026-07-05 02:03:32,509 [INFO] [TIME] 3845 アイフリークモバイル 処理時間: 1.06s
2026-07-05 02:03:34,362 [DEBUG] [TIME] 3848 info: 0.18s
2026-07-05 02:03:34,362 [DEBUG] yfinance OK: 3848
2026-07-05 02:03:34,533 [DEBUG] [TIME] 3848 income_stmt: 0.17s
2026-07-05 02:03:34,819 [DEBUG] [TIME] 3848 balance_sheet: 0.29s
2026-07-05 02:03:35,035 [DEBUG] [TIME] 3848 cashflow: 0.22s
2026-07-05 02:03:35,283 [DEBUG] [TIME] 3848 dividends: 0.25s
2026-07-05 02:03:35,284 [INFO] [DETAIL] 3848 データ・アプリケーション: income_stmt=OK, balance_sheet=OK, cashflow=OK, dividends=OK
2026-07-05 02:03:35,284 [INFO] [TIME] 3848 データ・アプリケーション 処理時間: 1.10s
2026-07-05 02:03:37,355 [DEBUG] [TIME] 3850 info: 0.15s
2026-07-05 02:03:37,355 [DEBUG] yfinance OK: 3850
2026-07-05 02:03:37,545 [DEBUG] [TIME] 3850 income_stmt: 0.19s
2026-07-05 02:03:37,796 [DEBUG] [TIME] 3850 balance_sheet: 0.25s
2026-07-05 02:03:38,030 [DEBUG] [TIME] 3850 cashflow: 0.23s
2026-07-05 02:03:38,239 [DEBUG] [TIME] 3850 dividends: 0.21s
2026-07-05 02:03:38,240 [INFO] [DETAIL] 3850 エヌ・ティ・ティ・データ・イントラマート: income_stmt=OK, balance_sheet=OK, cashflow=OK, dividends=OK
2026-07-05 02:03:38,240 [INFO] [TIME] 3850 エヌ・ティ・ティ・データ・イントラマート 処理時間: 1.04s
2026-07-05 02:03:40,279 [DEBUG] [TIME] 3851 info: 0.14s
2026-07-05 02:03:40,279 [DEBUG] yfinance OK: 3851
2026-07-05 02:03:40,462 [DEBUG] [TIME] 3851 income_stmt: 0.18s
2026-07-05 02:03:40,663 [DEBUG] [TIME] 3851 balance_sheet: 0.20s
2026-07-05 02:03:40,906 [DEBUG] [TIME] 3851 cashflow: 0.24s
2026-07-05 02:03:41,107 [DEBUG] [TIME] 3851 dividends: 0.20s
2026-07-05 02:03:41,108 [INFO] [DETAIL] 3851 日本一ソフトウェア: income_stmt=OK, balance_sheet=OK, cashflow=OK, dividends=OK
2026-07-05 02:03:41,108 [INFO] [TIME] 3851 日本一ソフトウェア 処理時間: 0.97s
2026-07-05 02:03:42,690 [DEBUG] [TIME] 3853 info: 0.14s
2026-07-05 02:03:42,690 [DEBUG] yfinance OK: 3853
2026-07-05 02:03:42,922 [DEBUG] [TIME] 3853 income_stmt: 0.23s
2026-07-05 02:03:43,155 [DEBUG] [TIME] 3853 balance_sheet: 0.23s
2026-07-05 02:03:43,366 [DEBUG] [TIME] 3853 cashflow: 0.21s
2026-07-05 02:03:43,587 [DEBUG] [TIME] 3853 dividends: 0.22s
2026-07-05 02:03:43,588 [INFO] [DETAIL] 3853 アステリア: income_stmt=OK, balance_sheet=OK, cashflow=OK, dividends=OK
2026-07-05 02:03:43,588 [INFO] [TIME] 3853 アステリア 処理時間: 1.04s
2026-07-05 02:03:45,475 [DEBUG] [TIME] 3854 info: 0.21s
2026-07-05 02:03:45,475 [DEBUG] yfinance OK: 3854
2026-07-05 02:03:45,668 [DEBUG] [TIME] 3854 income_stmt: 0.19s
2026-07-05 02:03:45,911 [DEBUG] [TIME] 3854 balance_sheet: 0.24s
2026-07-05 02:03:46,097 [DEBUG] [TIME] 3854 cashflow: 0.18s
2026-07-05 02:03:46,334 [DEBUG] [TIME] 3854 dividends: 0.24s
2026-07-05 02:03:46,335 [INFO] [DETAIL] 3854 アイル: income_stmt=OK, balance_sheet=OK, cashflow=OK, dividends=OK
2026-07-05 02:03:46,335 [INFO] [TIME] 3854 アイル 処理時間: 1.07s
2026-07-05 02:03:47,907 [DEBUG] [TIME] 3856 info: 0.15s
2026-07-05 02:03:47,907 [DEBUG] yfinance OK: 3856
2026-07-05 02:03:48,121 [DEBUG] [TIME] 3856 income_stmt: 0.21s
2026-07-05 02:03:48,427 [DEBUG] [TIME] 3856 balance_sheet: 0.31s
2026-07-05 02:03:48,630 [DEBUG] [TIME] 3856 cashflow: 0.20s
2026-07-05 02:03:48,842 [DEBUG] [TIME] 3856 dividends: 0.21s
2026-07-05 02:03:48,843 [INFO] [DETAIL] 3856 Ａｂａｌａｎｃｅ: income_stmt=OK, balance_sheet=OK, cashflow=OK, dividends=OK
2026-07-05 02:03:48,843 [INFO] [TIME] 3856 Ａｂａｌａｎｃｅ 処理時間: 1.08s
2026-07-05 02:03:50,527 [DEBUG] [TIME] 3858 info: 0.14s
2026-07-05 02:03:50,527 [DEBUG] yfinance OK: 3858
2026-07-05 02:03:50,742 [DEBUG] [TIME] 3858 income_stmt: 0.21s
2026-07-05 02:03:50,950 [DEBUG] [TIME] 3858 balance_sheet: 0.21s
2026-07-05 02:03:51,113 [DEBUG] [TIME] 3858 cashflow: 0.16s
2026-07-05 02:03:51,236 [DEBUG] [TIME] 3858 dividends: 0.12s
2026-07-05 02:03:51,236 [INFO] [DETAIL] 3858 ユビキタスＡＩ: income_stmt=OK, balance_sheet=OK, cashflow=OK, dividends=EMPTY
2026-07-05 02:03:51,236 [INFO] [TIME] 3858 ユビキタスＡＩ 処理時間: 0.85s
2026-07-05 02:03:52,719 [DEBUG] [TIME] 3861 info: 0.18s
2026-07-05 02:03:52,719 [DEBUG] yfinance OK: 3861
2026-07-05 02:03:52,911 [DEBUG] [TIME] 3861 income_stmt: 0.19s
2026-07-05 02:03:53,134 [DEBUG] [TIME] 3861 balance_sheet: 0.22s
2026-07-05 02:03:53,336 [DEBUG] [TIME] 3861 cashflow: 0.20s
2026-07-05 02:03:53,628 [DEBUG] [TIME] 3861 dividends: 0.29s
2026-07-05 02:03:53,629 [INFO] [DETAIL] 3861 王子ホールディングス: income_stmt=OK, balance_sheet=OK, cashflow=OK, dividends=OK
2026-07-05 02:03:53,629 [INFO] [TIME] 3861 王子ホールディングス 処理時間: 1.09s
2026-07-05 02:03:55,516 [DEBUG] [TIME] 3863 info: 0.14s
2026-07-05 02:03:55,516 [DEBUG] yfinance OK: 3863
2026-07-05 02:03:55,708 [DEBUG] [TIME] 3863 income_stmt: 0.19s
2026-07-05 02:03:55,924 [DEBUG] [TIME] 3863 balance_sheet: 0.22s
2026-07-05 02:03:56,146 [DEBUG] [TIME] 3863 cashflow: 0.22s
2026-07-05 02:03:56,353 [DEBUG] [TIME] 3863 dividends: 0.21s
2026-07-05 02:03:56,354 [INFO] [DETAIL] 3863 日本製紙: income_stmt=OK, balance_sheet=OK, cashflow=OK, dividends=OK
2026-07-05 02:03:56,354 [INFO] [TIME] 3863 日本製紙 処理時間: 0.98s
2026-07-05 02:03:58,520 [DEBUG] [TIME] 3864 info: 0.17s
2026-07-05 02:03:58,520 [DEBUG] yfinance OK: 3864
2026-07-05 02:03:58,694 [DEBUG] [TIME] 3864 income_stmt: 0.17s
2026-07-05 02:03:58,958 [DEBUG] [TIME] 3864 balance_sheet: 0.26s
2026-07-05 02:03:59,172 [DEBUG] [TIME] 3864 cashflow: 0.21s
2026-07-05 02:03:59,423 [DEBUG] [TIME] 3864 dividends: 0.25s
2026-07-05 02:03:59,424 [INFO] [DETAIL] 3864 三菱製紙: income_stmt=OK, balance_sheet=OK, cashflow=OK, dividends=OK
2026-07-05 02:03:59,424 [INFO] [TIME] 3864 三菱製紙 処理時間: 1.08s
2026-07-05 02:04:00,776 [DEBUG] [TIME] 3865 info: 0.14s
2026-07-05 02:04:00,776 [DEBUG] yfinance OK: 3865
2026-07-05 02:04:00,963 [DEBUG] [TIME] 3865 income_stmt: 0.19s
2026-07-05 02:04:01,231 [DEBUG] [TIME] 3865 balance_sheet: 0.27s
2026-07-05 02:04:01,440 [DEBUG] [TIME] 3865 cashflow: 0.21s
2026-07-05 02:04:01,784 [DEBUG] [TIME] 3865 dividends: 0.34s
2026-07-05 02:04:01,785 [INFO] [DETAIL] 3865 北越コーポレーション: income_stmt=OK, balance_sheet=OK, cashflow=OK, dividends=OK
2026-07-05 02:04:01,785 [INFO] [TIME] 3865 北越コーポレーション 処理時間: 1.15s
2026-07-05 02:04:03,010 [DEBUG] [TIME] 386A info: 0.15s
2026-07-05 02:04:03,010 [DEBUG] yfinance OK: 386A
2026-07-05 02:04:03,201 [DEBUG] [TIME] 386A income_stmt: 0.19s
2026-07-05 02:04:03,389 [DEBUG] [TIME] 386A balance_sheet: 0.19s
2026-07-05 02:04:03,551 [DEBUG] [TIME] 386A cashflow: 0.16s
2026-07-05 02:04:03,661 [DEBUG] [TIME] 386A dividends: 0.11s
2026-07-05 02:04:03,662 [INFO] [DETAIL] 386A みのや: income_stmt=OK, balance_sheet=OK, cashflow=OK, dividends=OK
2026-07-05 02:04:03,662 [INFO] [TIME] 386A みのや 処理時間: 0.81s
2026-07-05 02:04:05,770 [DEBUG] [TIME] 3877 info: 0.21s
2026-07-05 02:04:05,770 [DEBUG] yfinance OK: 3877
2026-07-05 02:04:05,950 [DEBUG] [TIME] 3877 income_stmt: 0.18s
2026-07-05 02:04:06,217 [DEBUG] [TIME] 3877 balance_sheet: 0.27s
2026-07-05 02:04:06,401 [DEBUG] [TIME] 3877 cashflow: 0.18s
2026-07-05 02:04:06,796 [DEBUG] [TIME] 3877 dividends: 0.39s
2026-07-05 02:04:06,797 [INFO] [DETAIL] 3877 中越パルプ工業: income_stmt=OK, balance_sheet=OK, cashflow=OK, dividends=OK
2026-07-05 02:04:06,797 [INFO] [TIME] 3877 中越パルプ工業 処理時間: 1.24s
2026-07-05 02:04:08,126 [DEBUG] [TIME] 3878 info: 0.15s
2026-07-05 02:04:08,126 [DEBUG] yfinance OK: 3878
2026-07-05 02:04:08,334 [DEBUG] [TIME] 3878 income_stmt: 0.21s
2026-07-05 02:04:08,564 [DEBUG] [TIME] 3878 balance_sheet: 0.23s
2026-07-05 02:04:08,755 [DEBUG] [TIME] 3878 cashflow: 0.19s
2026-07-05 02:04:09,057 [DEBUG] [TIME] 3878 dividends: 0.30s
2026-07-05 02:04:09,058 [INFO] [DETAIL] 3878 巴川コーポレーション: income_stmt=OK, balance_sheet=OK, cashflow=OK, dividends=OK
2026-07-05 02:04:09,058 [INFO] [TIME] 3878 巴川コーポレーション 処理時間: 1.08s
2026-07-05 02:04:10,312 [DEBUG] [TIME] 387A info: 0.18s
2026-07-05 02:04:10,312 [DEBUG] yfinance OK: 387A
2026-07-05 02:04:10,517 [DEBUG] [TIME] 387A income_stmt: 0.21s
2026-07-05 02:04:10,721 [DEBUG] [TIME] 387A balance_sheet: 0.20s
2026-07-05 02:04:10,978 [DEBUG] [TIME] 387A cashflow: 0.26s
2026-07-05 02:04:11,163 [DEBUG] [TIME] 387A dividends: 0.19s
2026-07-05 02:04:11,163 [INFO] [DETAIL] 387A フラー: income_stmt=OK, balance_sheet=OK, cashflow=OK, dividends=EMPTY
2026-07-05 02:04:11,163 [INFO] [TIME] 387A フラー 処理時間: 1.03s
2026-07-05 02:04:12,520 [DEBUG] [TIME] 3880 info: 0.15s
2026-07-05 02:04:12,520 [DEBUG] yfinance OK: 3880
2026-07-05 02:04:12,849 [DEBUG] [TIME] 3880 income_stmt: 0.33s
2026-07-05 02:04:13,145 [DEBUG] [TIME] 3880 balance_sheet: 0.29s
2026-07-05 02:04:13,395 [DEBUG] [TIME] 3880 cashflow: 0.25s
2026-07-05 02:04:13,697 [DEBUG] [TIME] 3880 dividends: 0.30s
2026-07-05 02:04:13,698 [INFO] [DETAIL] 3880 大王製紙: income_stmt=OK, balance_sheet=OK, cashflow=OK, dividends=OK
2026-07-05 02:04:13,698 [INFO] [TIME] 3880 大王製紙 処理時間: 1.33s
2026-07-05 02:04:15,622 [DEBUG] [TIME] 3891 info: 0.15s
2026-07-05 02:04:15,622 [DEBUG] yfinance OK: 3891
2026-07-05 02:04:15,800 [DEBUG] [TIME] 3891 income_stmt: 0.18s
2026-07-05 02:04:16,033 [DEBUG] [TIME] 3891 balance_sheet: 0.23s
2026-07-05 02:04:16,255 [DEBUG] [TIME] 3891 cashflow: 0.22s
2026-07-05 02:04:16,577 [DEBUG] [TIME] 3891 dividends: 0.32s
2026-07-05 02:04:16,578 [INFO] [DETAIL] 3891 ニッポン高度紙工業: income_stmt=OK, balance_sheet=OK, cashflow=OK, dividends=OK
2026-07-05 02:04:16,578 [INFO] [TIME] 3891 ニッポン高度紙工業 処理時間: 1.11s
2026-07-05 02:04:18,665 [DEBUG] [TIME] 3892 info: 0.18s
2026-07-05 02:04:18,665 [DEBUG] yfinance OK: 3892
2026-07-05 02:04:18,860 [DEBUG] [TIME] 3892 income_stmt: 0.19s
2026-07-05 02:04:19,068 [DEBUG] [TIME] 3892 balance_sheet: 0.21s
2026-07-05 02:04:19,244 [DEBUG] [TIME] 3892 cashflow: 0.18s
2026-07-05 02:04:19,538 [DEBUG] [TIME] 3892 dividends: 0.29s
2026-07-05 02:04:19,539 [INFO] [DETAIL] 3892 岡山製紙: income_stmt=OK, balance_sheet=OK, cashflow=OK, dividends=OK
2026-07-05 02:04:19,539 [INFO] [TIME] 3892 岡山製紙 処理時間: 1.05s
2026-07-05 02:04:21,049 [DEBUG] [TIME] 3895 info: 0.14s
2026-07-05 02:04:21,049 [DEBUG] yfinance OK: 3895
2026-07-05 02:04:21,248 [DEBUG] [TIME] 3895 income_stmt: 0.20s
2026-07-05 02:04:21,471 [DEBUG] [TIME] 3895 balance_sheet: 0.22s
2026-07-05 02:04:21,669 [DEBUG] [TIME] 3895 cashflow: 0.20s
2026-07-05 02:04:21,919 [DEBUG] [TIME] 3895 dividends: 0.25s
2026-07-05 02:04:21,920 [INFO] [DETAIL] 3895 ハビックス: income_stmt=OK, balance_sheet=OK, cashflow=OK, dividends=OK
2026-07-05 02:04:21,920 [INFO] [TIME] 3895 ハビックス 処理時間: 1.01s
2026-07-05 02:04:24,036 [DEBUG] [TIME] 3896 info: 0.17s
2026-07-05 02:04:24,036 [DEBUG] yfinance OK: 3896
2026-07-05 02:04:24,211 [DEBUG] [TIME] 3896 income_stmt: 0.17s
2026-07-05 02:04:24,487 [DEBUG] [TIME] 3896 balance_sheet: 0.28s
2026-07-05 02:04:24,705 [DEBUG] [TIME] 3896 cashflow: 0.22s
2026-07-05 02:04:24,878 [DEBUG] [TIME] 3896 dividends: 0.17s
2026-07-05 02:04:24,879 [INFO] [DETAIL] 3896 阿波製紙: income_stmt=OK, balance_sheet=OK, cashflow=OK, dividends=OK
2026-07-05 02:04:24,879 [INFO] [TIME] 3896 阿波製紙 処理時間: 1.01s
2026-07-05 02:04:26,516 [INFO] === 実行完了 (yf=499, warns=101, 総実行時間=21分30.7秒) ===
