2026-07-05 05:30:03,086 [INFO] === 実行開始 (500銘柄) ===
2026-07-05 05:30:03,621 [DEBUG] [TIME] 7981 info: 0.53s
2026-07-05 05:30:03,621 [DEBUG] yfinance OK: 7981
2026-07-05 05:30:03,829 [DEBUG] [TIME] 7981 income_stmt: 0.21s
2026-07-05 05:30:04,076 [DEBUG] [TIME] 7981 balance_sheet: 0.25s
2026-07-05 05:30:04,249 [DEBUG] [TIME] 7981 cashflow: 0.17s
2026-07-05 05:30:04,704 [DEBUG] [TIME] 7981 dividends: 0.45s
2026-07-05 05:30:04,706 [INFO] [DETAIL] 7981 タカラスタンダード: income_stmt=OK, balance_sheet=OK, cashflow=OK, dividends=OK
2026-07-05 05:30:04,706 [INFO] [TIME] 7981 タカラスタンダード 処理時間: 1.62s
2026-07-05 05:30:06,384 [DEBUG] [TIME] 7983 info: 0.23s
2026-07-05 05:30:06,385 [DEBUG] yfinance OK: 7983
2026-07-05 05:30:06,690 [DEBUG] [TIME] 7983 income_stmt: 0.30s
2026-07-05 05:30:06,972 [DEBUG] [TIME] 7983 balance_sheet: 0.28s
2026-07-05 05:30:07,272 [DEBUG] [TIME] 7983 cashflow: 0.30s
2026-07-05 05:30:07,683 [DEBUG] [TIME] 7983 dividends: 0.41s
2026-07-05 05:30:07,684 [INFO] [DETAIL] 7983 ミロク: income_stmt=OK, balance_sheet=OK, cashflow=OK, dividends=OK
2026-07-05 05:30:07,684 [INFO] [TIME] 7983 ミロク 処理時間: 1.53s
2026-07-05 05:30:09,232 [DEBUG] [TIME] 7984 info: 0.21s
2026-07-05 05:30:09,232 [DEBUG] yfinance OK: 7984
2026-07-05 05:30:09,458 [DEBUG] [TIME] 7984 income_stmt: 0.23s
2026-07-05 05:30:09,666 [DEBUG] [TIME] 7984 balance_sheet: 0.21s
2026-07-05 05:30:09,918 [DEBUG] [TIME] 7984 cashflow: 0.25s
2026-07-05 05:30:10,450 [DEBUG] [TIME] 7984 dividends: 0.53s
2026-07-05 05:30:10,452 [INFO] [DETAIL] 7984 コクヨ: income_stmt=OK, balance_sheet=OK, cashflow=OK, dividends=OK
2026-07-05 05:30:10,452 [INFO] [TIME] 7984 コクヨ 処理時間: 1.43s
2026-07-05 05:30:12,405 [DEBUG] [TIME] 7985 info: 0.25s
2026-07-05 05:30:12,405 [DEBUG] yfinance OK: 7985
2026-07-05 05:30:12,702 [DEBUG] [TIME] 7985 income_stmt: 0.30s
2026-07-05 05:30:12,963 [DEBUG] [TIME] 7985 balance_sheet: 0.26s
2026-07-05 05:30:13,219 [DEBUG] [TIME] 7985 cashflow: 0.26s
2026-07-05 05:30:13,609 [DEBUG] [TIME] 7985 dividends: 0.39s
2026-07-05 05:30:13,610 [INFO] [DETAIL] 7985 ネポン: income_stmt=OK, balance_sheet=OK, cashflow=OK, dividends=OK
2026-07-05 05:30:13,610 [INFO] [TIME] 7985 ネポン 処理時間: 1.46s
2026-07-05 05:30:15,675 [DEBUG] [TIME] 7986 info: 0.19s
2026-07-05 05:30:15,675 [DEBUG] yfinance OK: 7986
2026-07-05 05:30:15,867 [DEBUG] [TIME] 7986 income_stmt: 0.19s
2026-07-05 05:30:16,225 [DEBUG] [TIME] 7986 balance_sheet: 0.36s
2026-07-05 05:30:16,438 [DEBUG] [TIME] 7986 cashflow: 0.21s
2026-07-05 05:30:16,813 [DEBUG] [TIME] 7986 dividends: 0.37s
2026-07-05 05:30:16,814 [INFO] [DETAIL] 7986 日本アイ・エス・ケイ: income_stmt=OK, balance_sheet=OK, cashflow=OK, dividends=OK
2026-07-05 05:30:16,814 [INFO] [TIME] 7986 日本アイ・エス・ケイ 処理時間: 1.33s
2026-07-05 05:30:18,363 [DEBUG] [TIME] 7987 info: 0.25s
2026-07-05 05:30:18,363 [DEBUG] yfinance OK: 7987
2026-07-05 05:30:18,728 [DEBUG] [TIME] 7987 income_stmt: 0.36s
2026-07-05 05:30:19,080 [DEBUG] [TIME] 7987 balance_sheet: 0.35s
2026-07-05 05:30:19,306 [DEBUG] [TIME] 7987 cashflow: 0.23s
2026-07-05 05:30:19,751 [DEBUG] [TIME] 7987 dividends: 0.44s
2026-07-05 05:30:19,752 [INFO] [DETAIL] 7987 ナカバヤシ: income_stmt=OK, balance_sheet=OK, cashflow=OK, dividends=OK
2026-07-05 05:30:19,752 [INFO] [TIME] 7987 ナカバヤシ 処理時間: 1.64s
2026-07-05 05:30:21,488 [DEBUG] [TIME] 7988 info: 0.25s
2026-07-05 05:30:21,488 [DEBUG] yfinance OK: 7988
2026-07-05 05:30:21,746 [DEBUG] [TIME] 7988 income_stmt: 0.26s
2026-07-05 05:30:21,977 [DEBUG] [TIME] 7988 balance_sheet: 0.23s
2026-07-05 05:30:22,171 [DEBUG] [TIME] 7988 cashflow: 0.19s
2026-07-05 05:30:22,619 [DEBUG] [TIME] 7988 dividends: 0.45s
2026-07-05 05:30:22,620 [INFO] [DETAIL] 7988 ニフコ: income_stmt=OK, balance_sheet=OK, cashflow=OK, dividends=OK
2026-07-05 05:30:22,620 [INFO] [TIME] 7988 ニフコ 処理時間: 1.39s
2026-07-05 05:30:25,729 [DEBUG] [TIME] 7989 info: 1.41s
2026-07-05 05:30:25,729 [DEBUG] yfinance OK: 7989
2026-07-05 05:30:26,036 [DEBUG] [TIME] 7989 income_stmt: 0.31s
2026-07-05 05:30:26,401 [DEBUG] [TIME] 7989 balance_sheet: 0.36s
2026-07-05 05:30:26,603 [DEBUG] [TIME] 7989 cashflow: 0.20s
2026-07-05 05:30:27,027 [DEBUG] [TIME] 7989 dividends: 0.42s
2026-07-05 05:30:27,028 [INFO] [DETAIL] 7989 立川ブラインド工業: income_stmt=OK, balance_sheet=OK, cashflow=OK, dividends=OK
2026-07-05 05:30:27,028 [INFO] [TIME] 7989 立川ブラインド工業 処理時間: 2.71s
2026-07-05 05:30:28,709 [DEBUG] [TIME] 7990 info: 0.21s
2026-07-05 05:30:28,709 [DEBUG] yfinance OK: 7990
2026-07-05 05:30:29,079 [DEBUG] [TIME] 7990 income_stmt: 0.37s
2026-07-05 05:30:29,403 [DEBUG] [TIME] 7990 balance_sheet: 0.32s
2026-07-05 05:30:29,644 [DEBUG] [TIME] 7990 cashflow: 0.24s
2026-07-05 05:30:30,017 [DEBUG] [TIME] 7990 dividends: 0.37s
2026-07-05 05:30:30,018 [INFO] [DETAIL] 7990 グローブライド: income_stmt=OK, balance_sheet=OK, cashflow=OK, dividends=OK
2026-07-05 05:30:30,018 [INFO] [TIME] 7990 グローブライド 処理時間: 1.52s
2026-07-05 05:30:31,950 [DEBUG] [TIME] 7991 info: 0.20s
2026-07-05 05:30:31,950 [DEBUG] yfinance OK: 7991
2026-07-05 05:30:32,282 [DEBUG] [TIME] 7991 income_stmt: 0.33s
2026-07-05 05:30:32,537 [DEBUG] [TIME] 7991 balance_sheet: 0.25s
2026-07-05 05:30:32,788 [DEBUG] [TIME] 7991 cashflow: 0.25s
2026-07-05 05:30:33,204 [DEBUG] [TIME] 7991 dividends: 0.42s
2026-07-05 05:30:33,205 [INFO] [DETAIL] 7991 マミヤ・オーピー: income_stmt=OK, balance_sheet=OK, cashflow=OK, dividends=OK
2026-07-05 05:30:33,206 [INFO] [TIME] 7991 マミヤ・オーピー 処理時間: 1.46s
2026-07-05 05:30:34,548 [DEBUG] [TIME] 7992 info: 0.19s
2026-07-05 05:30:34,548 [DEBUG] yfinance OK: 7992
2026-07-05 05:30:34,751 [DEBUG] [TIME] 7992 income_stmt: 0.20s
2026-07-05 05:30:35,054 [DEBUG] [TIME] 7992 balance_sheet: 0.30s
2026-07-05 05:30:35,302 [DEBUG] [TIME] 7992 cashflow: 0.25s
2026-07-05 05:30:35,577 [DEBUG] [TIME] 7992 dividends: 0.27s
2026-07-05 05:30:35,577 [INFO] [DETAIL] 7992 セーラー万年筆: income_stmt=OK, balance_sheet=OK, cashflow=OK, dividends=OK
2026-07-05 05:30:35,578 [INFO] [TIME] 7992 セーラー万年筆 処理時間: 1.22s
2026-07-05 05:30:37,496 [DEBUG] [TIME] 7994 info: 0.19s
2026-07-05 05:30:37,496 [DEBUG] yfinance OK: 7994
2026-07-05 05:30:37,739 [DEBUG] [TIME] 7994 income_stmt: 0.24s
2026-07-05 05:30:38,042 [DEBUG] [TIME] 7994 balance_sheet: 0.30s
2026-07-05 05:30:38,280 [DEBUG] [TIME] 7994 cashflow: 0.24s
2026-07-05 05:30:38,726 [DEBUG] [TIME] 7994 dividends: 0.45s
2026-07-05 05:30:38,727 [INFO] [DETAIL] 7994 オカムラ: income_stmt=OK, balance_sheet=OK, cashflow=OK, dividends=OK
2026-07-05 05:30:38,727 [INFO] [TIME] 7994 オカムラ 処理時間: 1.42s
2026-07-05 05:30:40,647 [DEBUG] [TIME] 7995 info: 0.19s
2026-07-05 05:30:40,647 [DEBUG] yfinance OK: 7995
2026-07-05 05:30:40,942 [DEBUG] [TIME] 7995 income_stmt: 0.30s
2026-07-05 05:30:41,292 [DEBUG] [TIME] 7995 balance_sheet: 0.35s
2026-07-05 05:30:41,555 [DEBUG] [TIME] 7995 cashflow: 0.26s
2026-07-05 05:30:41,976 [DEBUG] [TIME] 7995 dividends: 0.42s
2026-07-05 05:30:41,977 [INFO] [DETAIL] 7995 バルカー: income_stmt=OK, balance_sheet=OK, cashflow=OK, dividends=OK
2026-07-05 05:30:41,977 [INFO] [TIME] 7995 バルカー 処理時間: 1.52s
2026-07-05 05:30:43,600 [DEBUG] [TIME] 7997 info: 0.19s
2026-07-05 05:30:43,600 [DEBUG] yfinance OK: 7997
2026-07-05 05:30:43,805 [DEBUG] [TIME] 7997 income_stmt: 0.21s
2026-07-05 05:30:44,079 [DEBUG] [TIME] 7997 balance_sheet: 0.27s
2026-07-05 05:30:44,431 [DEBUG] [TIME] 7997 cashflow: 0.35s
2026-07-05 05:30:44,801 [DEBUG] [TIME] 7997 dividends: 0.37s
2026-07-05 05:30:44,802 [INFO] [DETAIL] 7997 くろがね工作所: income_stmt=OK, balance_sheet=OK, cashflow=OK, dividends=OK
2026-07-05 05:30:44,802 [INFO] [TIME] 7997 くろがね工作所 処理時間: 1.40s
2026-07-05 05:30:46,546 [DEBUG] [TIME] 7999 info: 0.19s
2026-07-05 05:30:46,546 [WARNING] yfinance データなし: 7999
2026-07-05 05:30:46,546 [INFO] [TIME] 7999 ＭＵＴＯＨホールディングス 処理時間: 0.19s
2026-07-05 05:30:47,803 [DEBUG] [TIME] 8001 info: 0.19s
2026-07-05 05:30:47,803 [DEBUG] yfinance OK: 8001
2026-07-05 05:30:48,005 [DEBUG] [TIME] 8001 income_stmt: 0.20s
2026-07-05 05:30:48,226 [DEBUG] [TIME] 8001 balance_sheet: 0.22s
2026-07-05 05:30:48,412 [DEBUG] [TIME] 8001 cashflow: 0.19s
2026-07-05 05:30:48,823 [DEBUG] [TIME] 8001 dividends: 0.41s
2026-07-05 05:30:48,824 [INFO] [DETAIL] 8001 伊藤忠商事: income_stmt=OK, balance_sheet=OK, cashflow=OK, dividends=OK
2026-07-05 05:30:48,824 [INFO] [TIME] 8001 伊藤忠商事 処理時間: 1.21s
2026-07-05 05:30:50,864 [DEBUG] [TIME] 8002 info: 0.19s
2026-07-05 05:30:50,864 [DEBUG] yfinance OK: 8002
2026-07-05 05:30:51,079 [DEBUG] [TIME] 8002 income_stmt: 0.22s
2026-07-05 05:30:51,325 [DEBUG] [TIME] 8002 balance_sheet: 0.25s
2026-07-05 05:30:51,522 [DEBUG] [TIME] 8002 cashflow: 0.20s
2026-07-05 05:30:51,968 [DEBUG] [TIME] 8002 dividends: 0.45s
2026-07-05 05:30:51,969 [INFO] [DETAIL] 8002 丸紅: income_stmt=OK, balance_sheet=OK, cashflow=OK, dividends=OK
2026-07-05 05:30:51,969 [INFO] [TIME] 8002 丸紅 処理時間: 1.30s
2026-07-05 05:30:53,576 [DEBUG] [TIME] 8005 info: 0.32s
2026-07-05 05:30:53,576 [DEBUG] yfinance OK: 8005
2026-07-05 05:30:53,757 [DEBUG] [TIME] 8005 income_stmt: 0.18s
2026-07-05 05:30:54,074 [DEBUG] [TIME] 8005 balance_sheet: 0.32s
2026-07-05 05:30:54,268 [DEBUG] [TIME] 8005 cashflow: 0.19s
2026-07-05 05:30:54,620 [DEBUG] [TIME] 8005 dividends: 0.35s
2026-07-05 05:30:54,621 [INFO] [DETAIL] 8005 スクロール: income_stmt=OK, balance_sheet=OK, cashflow=OK, dividends=OK
2026-07-05 05:30:54,621 [INFO] [TIME] 8005 スクロール 処理時間: 1.37s
2026-07-05 05:30:56,637 [DEBUG] [TIME] 8006 info: 0.19s
2026-07-05 05:30:56,637 [DEBUG] yfinance OK: 8006
2026-07-05 05:30:56,845 [DEBUG] [TIME] 8006 income_stmt: 0.21s
2026-07-05 05:30:57,087 [DEBUG] [TIME] 8006 balance_sheet: 0.24s
2026-07-05 05:30:57,357 [DEBUG] [TIME] 8006 cashflow: 0.27s
2026-07-05 05:30:57,783 [DEBUG] [TIME] 8006 dividends: 0.43s
2026-07-05 05:30:57,784 [INFO] [DETAIL] 8006 ユアサ・フナショク: income_stmt=OK, balance_sheet=OK, cashflow=OK, dividends=OK
2026-07-05 05:30:57,784 [INFO] [TIME] 8006 ユアサ・フナショク 処理時間: 1.34s
2026-07-05 05:30:59,731 [DEBUG] [TIME] 8007 info: 0.26s
2026-07-05 05:30:59,731 [DEBUG] yfinance OK: 8007
2026-07-05 05:31:00,024 [DEBUG] [TIME] 8007 income_stmt: 0.29s
2026-07-05 05:31:00,251 [DEBUG] [TIME] 8007 balance_sheet: 0.23s
2026-07-05 05:31:00,445 [DEBUG] [TIME] 8007 cashflow: 0.19s
2026-07-05 05:31:00,873 [DEBUG] [TIME] 8007 dividends: 0.43s
2026-07-05 05:31:00,874 [INFO] [DETAIL] 8007 高島: income_stmt=OK, balance_sheet=OK, cashflow=OK, dividends=OK
2026-07-05 05:31:00,874 [INFO] [TIME] 8007 高島 処理時間: 1.40s
2026-07-05 05:31:02,171 [DEBUG] [TIME] 8008 info: 0.27s
2026-07-05 05:31:02,171 [DEBUG] yfinance OK: 8008
2026-07-05 05:31:02,383 [DEBUG] [TIME] 8008 income_stmt: 0.21s
2026-07-05 05:31:02,652 [DEBUG] [TIME] 8008 balance_sheet: 0.27s
2026-07-05 05:31:02,869 [DEBUG] [TIME] 8008 cashflow: 0.22s
2026-07-05 05:31:03,307 [DEBUG] [TIME] 8008 dividends: 0.44s
2026-07-05 05:31:03,308 [INFO] [DETAIL] 8008 ヨンドシーホールディングス: income_stmt=OK, balance_sheet=OK, cashflow=OK, dividends=OK
2026-07-05 05:31:03,308 [INFO] [TIME] 8008 ヨンドシーホールディングス 処理時間: 1.41s
2026-07-05 05:31:04,519 [DEBUG] [TIME] 8011 info: 0.20s
2026-07-05 05:31:04,519 [DEBUG] yfinance OK: 8011
2026-07-05 05:31:04,701 [DEBUG] [TIME] 8011 income_stmt: 0.18s
2026-07-05 05:31:04,964 [DEBUG] [TIME] 8011 balance_sheet: 0.26s
2026-07-05 05:31:05,216 [DEBUG] [TIME] 8011 cashflow: 0.25s
2026-07-05 05:31:05,638 [DEBUG] [TIME] 8011 dividends: 0.42s
2026-07-05 05:31:05,639 [INFO] [DETAIL] 8011 三陽商会: income_stmt=OK, balance_sheet=OK, cashflow=OK, dividends=OK
2026-07-05 05:31:05,640 [INFO] [TIME] 8011 三陽商会 処理時間: 1.32s
2026-07-05 05:31:07,671 [DEBUG] [TIME] 8012 info: 0.25s
2026-07-05 05:31:07,671 [DEBUG] yfinance OK: 8012
2026-07-05 05:31:07,862 [DEBUG] [TIME] 8012 income_stmt: 0.19s
2026-07-05 05:31:08,135 [DEBUG] [TIME] 8012 balance_sheet: 0.27s
2026-07-05 05:31:08,311 [DEBUG] [TIME] 8012 cashflow: 0.18s
2026-07-05 05:31:08,754 [DEBUG] [TIME] 8012 dividends: 0.44s
2026-07-05 05:31:08,755 [INFO] [DETAIL] 8012 長瀬産業: income_stmt=OK, balance_sheet=OK, cashflow=OK, dividends=OK
2026-07-05 05:31:08,755 [INFO] [TIME] 8012 長瀬産業 処理時間: 1.34s
2026-07-05 05:31:10,992 [DEBUG] [TIME] 8013 info: 0.25s
2026-07-05 05:31:10,992 [DEBUG] yfinance OK: 8013
2026-07-05 05:31:11,186 [DEBUG] [TIME] 8013 income_stmt: 0.19s
2026-07-05 05:31:11,458 [DEBUG] [TIME] 8013 balance_sheet: 0.27s
2026-07-05 05:31:11,742 [DEBUG] [TIME] 8013 cashflow: 0.28s
2026-07-05 05:31:12,003 [DEBUG] [TIME] 8013 dividends: 0.26s
2026-07-05 05:31:12,003 [INFO] [DETAIL] 8013 ナイガイ: income_stmt=OK, balance_sheet=OK, cashflow=OK, dividends=EMPTY
2026-07-05 05:31:12,003 [INFO] [TIME] 8013 ナイガイ 処理時間: 1.26s
2026-07-05 05:31:13,645 [DEBUG] [TIME] 8014 info: 0.19s
2026-07-05 05:31:13,645 [DEBUG] yfinance OK: 8014
2026-07-05 05:31:13,831 [DEBUG] [TIME] 8014 income_stmt: 0.19s
2026-07-05 05:31:14,234 [DEBUG] [TIME] 8014 balance_sheet: 0.40s
2026-07-05 05:31:14,517 [DEBUG] [TIME] 8014 cashflow: 0.28s
2026-07-05 05:31:14,876 [DEBUG] [TIME] 8014 dividends: 0.36s
2026-07-05 05:31:14,877 [INFO] [DETAIL] 8014 蝶理: income_stmt=OK, balance_sheet=OK, cashflow=OK, dividends=OK
2026-07-05 05:31:14,877 [INFO] [TIME] 8014 蝶理 処理時間: 1.42s
2026-07-05 05:31:16,461 [DEBUG] [TIME] 8015 info: 0.26s
2026-07-05 05:31:16,461 [DEBUG] yfinance OK: 8015
2026-07-05 05:31:16,693 [DEBUG] [TIME] 8015 income_stmt: 0.23s
2026-07-05 05:31:16,920 [DEBUG] [TIME] 8015 balance_sheet: 0.23s
2026-07-05 05:31:17,077 [DEBUG] [TIME] 8015 cashflow: 0.16s
2026-07-05 05:31:17,452 [DEBUG] [TIME] 8015 dividends: 0.38s
2026-07-05 05:31:17,453 [INFO] [DETAIL] 8015 豊田通商: income_stmt=OK, balance_sheet=OK, cashflow=OK, dividends=OK
2026-07-05 05:31:17,454 [INFO] [TIME] 8015 豊田通商 処理時間: 1.25s
2026-07-05 05:31:19,631 [DEBUG] [TIME] 8016 info: 0.20s
2026-07-05 05:31:19,631 [DEBUG] yfinance OK: 8016
2026-07-05 05:31:19,881 [DEBUG] [TIME] 8016 income_stmt: 0.25s
2026-07-05 05:31:20,145 [DEBUG] [TIME] 8016 balance_sheet: 0.26s
2026-07-05 05:31:20,332 [DEBUG] [TIME] 8016 cashflow: 0.19s
2026-07-05 05:31:20,667 [DEBUG] [TIME] 8016 dividends: 0.33s
2026-07-05 05:31:20,668 [INFO] [DETAIL] 8016 オンワードホールディングス: income_stmt=OK, balance_sheet=OK, cashflow=OK, dividends=OK
2026-07-05 05:31:20,668 [INFO] [TIME] 8016 オンワードホールディングス 処理時間: 1.23s
2026-07-05 05:31:22,424 [DEBUG] [TIME] 8018 info: 0.19s
2026-07-05 05:31:22,424 [DEBUG] yfinance OK: 8018
2026-07-05 05:31:22,684 [DEBUG] [TIME] 8018 income_stmt: 0.26s
2026-07-05 05:31:22,969 [DEBUG] [TIME] 8018 balance_sheet: 0.28s
2026-07-05 05:31:23,188 [DEBUG] [TIME] 8018 cashflow: 0.22s
2026-07-05 05:31:23,597 [DEBUG] [TIME] 8018 dividends: 0.41s
2026-07-05 05:31:23,598 [INFO] [DETAIL] 8018 三共生興: income_stmt=OK, balance_sheet=OK, cashflow=OK, dividends=OK
2026-07-05 05:31:23,598 [INFO] [TIME] 8018 三共生興 処理時間: 1.36s
2026-07-05 05:31:25,023 [DEBUG] [TIME] 8020 info: 0.25s
2026-07-05 05:31:25,023 [DEBUG] yfinance OK: 8020
2026-07-05 05:31:25,221 [DEBUG] [TIME] 8020 income_stmt: 0.20s
2026-07-05 05:31:25,418 [DEBUG] [TIME] 8020 balance_sheet: 0.20s
2026-07-05 05:31:25,598 [DEBUG] [TIME] 8020 cashflow: 0.18s
2026-07-05 05:31:26,047 [DEBUG] [TIME] 8020 dividends: 0.45s
2026-07-05 05:31:26,048 [INFO] [DETAIL] 8020 兼松: income_stmt=OK, balance_sheet=OK, cashflow=OK, dividends=OK
2026-07-05 05:31:26,048 [INFO] [TIME] 8020 兼松 処理時間: 1.28s
2026-07-05 05:31:28,250 [DEBUG] [TIME] 8022 info: 0.20s
2026-07-05 05:31:28,250 [DEBUG] yfinance OK: 8022
2026-07-05 05:31:28,514 [DEBUG] [TIME] 8022 income_stmt: 0.26s
2026-07-05 05:31:28,770 [DEBUG] [TIME] 8022 balance_sheet: 0.26s
2026-07-05 05:31:28,988 [DEBUG] [TIME] 8022 cashflow: 0.22s
2026-07-05 05:31:29,346 [DEBUG] [TIME] 8022 dividends: 0.36s
2026-07-05 05:31:29,347 [INFO] [DETAIL] 8022 美津濃: income_stmt=OK, balance_sheet=OK, cashflow=OK, dividends=OK
2026-07-05 05:31:29,347 [INFO] [TIME] 8022 美津濃 処理時間: 1.30s
2026-07-05 05:31:31,474 [DEBUG] [TIME] 8023 info: 0.19s
2026-07-05 05:31:31,475 [DEBUG] yfinance OK: 8023
2026-07-05 05:31:31,706 [DEBUG] [TIME] 8023 income_stmt: 0.23s
2026-07-05 05:31:31,991 [DEBUG] [TIME] 8023 balance_sheet: 0.28s
2026-07-05 05:31:32,253 [DEBUG] [TIME] 8023 cashflow: 0.26s
2026-07-05 05:31:32,538 [DEBUG] [TIME] 8023 dividends: 0.28s
2026-07-05 05:31:32,540 [INFO] [DETAIL] 8023 ＤＡＩＫＯ　ＸＴＥＣＨ: income_stmt=OK, balance_sheet=OK, cashflow=OK, dividends=OK
2026-07-05 05:31:32,540 [INFO] [TIME] 8023 ＤＡＩＫＯ　ＸＴＥＣＨ 処理時間: 1.26s
2026-07-05 05:31:34,669 [DEBUG] [TIME] 8025 info: 0.28s
2026-07-05 05:31:34,669 [DEBUG] yfinance OK: 8025
2026-07-05 05:31:34,897 [DEBUG] [TIME] 8025 income_stmt: 0.23s
2026-07-05 05:31:35,182 [DEBUG] [TIME] 8025 balance_sheet: 0.28s
2026-07-05 05:31:35,397 [DEBUG] [TIME] 8025 cashflow: 0.21s
2026-07-05 05:31:35,848 [DEBUG] [TIME] 8025 dividends: 0.45s
2026-07-05 05:31:35,849 [INFO] [DETAIL] 8025 ツカモトコーポレーション: income_stmt=OK, balance_sheet=OK, cashflow=OK, dividends=OK
2026-07-05 05:31:35,849 [INFO] [TIME] 8025 ツカモトコーポレーション 処理時間: 1.46s
2026-07-05 05:31:37,767 [DEBUG] [TIME] 8029 info: 0.19s
2026-07-05 05:31:37,767 [DEBUG] yfinance OK: 8029
2026-07-05 05:31:38,006 [DEBUG] [TIME] 8029 income_stmt: 0.24s
2026-07-05 05:31:38,263 [DEBUG] [TIME] 8029 balance_sheet: 0.26s
2026-07-05 05:31:38,509 [DEBUG] [TIME] 8029 cashflow: 0.25s
2026-07-05 05:31:38,925 [DEBUG] [TIME] 8029 dividends: 0.42s
2026-07-05 05:31:38,926 [INFO] [DETAIL] 8029 ルックホールディングス: income_stmt=OK, balance_sheet=OK, cashflow=OK, dividends=OK
2026-07-05 05:31:38,926 [INFO] [TIME] 8029 ルックホールディングス 処理時間: 1.35s
2026-07-05 05:31:41,127 [DEBUG] [TIME] 8030 info: 0.30s
2026-07-05 05:31:41,127 [DEBUG] yfinance OK: 8030
2026-07-05 05:31:41,345 [DEBUG] [TIME] 8030 income_stmt: 0.22s
2026-07-05 05:31:41,608 [DEBUG] [TIME] 8030 balance_sheet: 0.26s
2026-07-05 05:31:41,880 [DEBUG] [TIME] 8030 cashflow: 0.27s
2026-07-05 05:31:42,273 [DEBUG] [TIME] 8030 dividends: 0.39s
2026-07-05 05:31:42,274 [INFO] [DETAIL] 8030 中央魚類: income_stmt=OK, balance_sheet=OK, cashflow=OK, dividends=OK
2026-07-05 05:31:42,275 [INFO] [TIME] 8030 中央魚類 処理時間: 1.44s
2026-07-05 05:31:44,488 [DEBUG] [TIME] 8031 info: 0.26s
2026-07-05 05:31:44,488 [DEBUG] yfinance OK: 8031
2026-07-05 05:31:44,830 [DEBUG] [TIME] 8031 income_stmt: 0.34s
2026-07-05 05:31:45,063 [DEBUG] [TIME] 8031 balance_sheet: 0.23s
2026-07-05 05:31:45,566 [DEBUG] [TIME] 8031 cashflow: 0.50s
2026-07-05 05:31:46,097 [DEBUG] [TIME] 8031 dividends: 0.53s
2026-07-05 05:31:46,098 [INFO] [DETAIL] 8031 三井物産: income_stmt=OK, balance_sheet=OK, cashflow=OK, dividends=OK
2026-07-05 05:31:46,098 [INFO] [TIME] 8031 三井物産 処理時間: 1.87s
2026-07-05 05:31:47,549 [DEBUG] [TIME] 8032 info: 0.19s
2026-07-05 05:31:47,549 [DEBUG] yfinance OK: 8032
2026-07-05 05:31:47,809 [DEBUG] [TIME] 8032 income_stmt: 0.26s
2026-07-05 05:31:48,059 [DEBUG] [TIME] 8032 balance_sheet: 0.25s
2026-07-05 05:31:48,290 [DEBUG] [TIME] 8032 cashflow: 0.23s
2026-07-05 05:31:48,743 [DEBUG] [TIME] 8032 dividends: 0.45s
2026-07-05 05:31:48,744 [INFO] [DETAIL] 8032 日本紙パルプ商事: income_stmt=OK, balance_sheet=OK, cashflow=OK, dividends=OK
2026-07-05 05:31:48,744 [INFO] [TIME] 8032 日本紙パルプ商事 処理時間: 1.38s
2026-07-05 05:31:50,774 [DEBUG] [TIME] 8035 info: 0.26s
2026-07-05 05:31:50,774 [DEBUG] yfinance OK: 8035
2026-07-05 05:31:50,985 [DEBUG] [TIME] 8035 income_stmt: 0.21s
2026-07-05 05:31:51,221 [DEBUG] [TIME] 8035 balance_sheet: 0.23s
2026-07-05 05:31:51,414 [DEBUG] [TIME] 8035 cashflow: 0.19s
2026-07-05 05:31:51,798 [DEBUG] [TIME] 8035 dividends: 0.38s
2026-07-05 05:31:51,799 [INFO] [DETAIL] 8035 東京エレクトロン: income_stmt=OK, balance_sheet=OK, cashflow=OK, dividends=OK
2026-07-05 05:31:51,799 [INFO] [TIME] 8035 東京エレクトロン 処理時間: 1.29s
2026-07-05 05:31:53,537 [DEBUG] [TIME] 8037 info: 0.19s
2026-07-05 05:31:53,537 [DEBUG] yfinance OK: 8037
2026-07-05 05:31:53,809 [DEBUG] [TIME] 8037 income_stmt: 0.27s
2026-07-05 05:31:54,070 [DEBUG] [TIME] 8037 balance_sheet: 0.26s
2026-07-05 05:31:54,319 [DEBUG] [TIME] 8037 cashflow: 0.25s
2026-07-05 05:31:54,666 [DEBUG] [TIME] 8037 dividends: 0.35s
2026-07-05 05:31:54,667 [INFO] [DETAIL] 8037 カメイ: income_stmt=OK, balance_sheet=OK, cashflow=OK, dividends=OK
2026-07-05 05:31:54,667 [INFO] [TIME] 8037 カメイ 処理時間: 1.32s
2026-07-05 05:31:56,728 [DEBUG] [TIME] 8039 info: 0.25s
2026-07-05 05:31:56,728 [DEBUG] yfinance OK: 8039
2026-07-05 05:31:56,960 [DEBUG] [TIME] 8039 income_stmt: 0.23s
2026-07-05 05:31:57,188 [DEBUG] [TIME] 8039 balance_sheet: 0.23s
2026-07-05 05:31:57,415 [DEBUG] [TIME] 8039 cashflow: 0.23s
2026-07-05 05:31:57,929 [DEBUG] [TIME] 8039 dividends: 0.51s
2026-07-05 05:31:57,930 [INFO] [DETAIL] 8039 築地魚市場: income_stmt=OK, balance_sheet=OK, cashflow=OK, dividends=OK
2026-07-05 05:31:57,930 [INFO] [TIME] 8039 築地魚市場 処理時間: 1.45s
2026-07-05 05:31:59,157 [DEBUG] [TIME] 8040 info: 0.19s
2026-07-05 05:31:59,157 [DEBUG] yfinance OK: 8040
2026-07-05 05:31:59,375 [DEBUG] [TIME] 8040 income_stmt: 0.22s
2026-07-05 05:31:59,644 [DEBUG] [TIME] 8040 balance_sheet: 0.27s
2026-07-05 05:31:59,835 [DEBUG] [TIME] 8040 cashflow: 0.19s
2026-07-05 05:32:00,335 [DEBUG] [TIME] 8040 dividends: 0.50s
2026-07-05 05:32:00,336 [INFO] [DETAIL] 8040 東京ソワール: income_stmt=OK, balance_sheet=OK, cashflow=OK, dividends=OK
2026-07-05 05:32:00,336 [INFO] [TIME] 8040 東京ソワール 処理時間: 1.37s
2026-07-05 05:32:01,735 [DEBUG] [TIME] 8041 info: 0.19s
2026-07-05 05:32:01,735 [DEBUG] yfinance OK: 8041
2026-07-05 05:32:01,945 [DEBUG] [TIME] 8041 income_stmt: 0.21s
2026-07-05 05:32:02,251 [DEBUG] [TIME] 8041 balance_sheet: 0.30s
2026-07-05 05:32:02,462 [DEBUG] [TIME] 8041 cashflow: 0.21s
2026-07-05 05:32:02,896 [DEBUG] [TIME] 8041 dividends: 0.43s
2026-07-05 05:32:02,897 [INFO] [DETAIL] 8041 ＯＵＧホールディングス: income_stmt=OK, balance_sheet=OK, cashflow=OK, dividends=OK
2026-07-05 05:32:02,898 [INFO] [TIME] 8041 ＯＵＧホールディングス 処理時間: 1.35s
2026-07-05 05:32:04,913 [DEBUG] [TIME] 8043 info: 0.19s
2026-07-05 05:32:04,913 [DEBUG] yfinance OK: 8043
2026-07-05 05:32:05,127 [DEBUG] [TIME] 8043 income_stmt: 0.21s
2026-07-05 05:32:05,358 [DEBUG] [TIME] 8043 balance_sheet: 0.23s
2026-07-05 05:32:05,609 [DEBUG] [TIME] 8043 cashflow: 0.25s
2026-07-05 05:32:06,024 [DEBUG] [TIME] 8043 dividends: 0.41s
2026-07-05 05:32:06,025 [INFO] [DETAIL] 8043 スターゼン: income_stmt=OK, balance_sheet=OK, cashflow=OK, dividends=OK
2026-07-05 05:32:06,025 [INFO] [TIME] 8043 スターゼン 処理時間: 1.30s
2026-07-05 05:32:07,609 [DEBUG] [TIME] 8045 info: 0.20s
2026-07-05 05:32:07,610 [DEBUG] yfinance OK: 8045
2026-07-05 05:32:07,811 [DEBUG] [TIME] 8045 income_stmt: 0.20s
2026-07-05 05:32:08,117 [DEBUG] [TIME] 8045 balance_sheet: 0.31s
2026-07-05 05:32:08,365 [DEBUG] [TIME] 8045 cashflow: 0.25s
2026-07-05 05:32:08,728 [DEBUG] [TIME] 8045 dividends: 0.36s
2026-07-05 05:32:08,729 [INFO] [DETAIL] 8045 横浜丸魚: income_stmt=OK, balance_sheet=OK, cashflow=OK, dividends=OK
2026-07-05 05:32:08,729 [INFO] [TIME] 8045 横浜丸魚 処理時間: 1.32s
2026-07-05 05:32:10,468 [DEBUG] [TIME] 8046 info: 0.19s
2026-07-05 05:32:10,468 [DEBUG] yfinance OK: 8046
2026-07-05 05:32:10,656 [DEBUG] [TIME] 8046 income_stmt: 0.19s
2026-07-05 05:32:10,848 [DEBUG] [TIME] 8046 balance_sheet: 0.19s
2026-07-05 05:32:11,013 [DEBUG] [TIME] 8046 cashflow: 0.16s
2026-07-05 05:32:11,448 [DEBUG] [TIME] 8046 dividends: 0.43s
2026-07-05 05:32:11,449 [INFO] [DETAIL] 8046 丸藤シートパイル: income_stmt=OK, balance_sheet=OK, cashflow=OK, dividends=OK
2026-07-05 05:32:11,449 [INFO] [TIME] 8046 丸藤シートパイル 処理時間: 1.17s
2026-07-05 05:32:13,384 [DEBUG] [TIME] 8050 info: 0.20s
2026-07-05 05:32:13,384 [DEBUG] yfinance OK: 8050
2026-07-05 05:32:13,582 [DEBUG] [TIME] 8050 income_stmt: 0.20s
2026-07-05 05:32:13,828 [DEBUG] [TIME] 8050 balance_sheet: 0.24s
2026-07-05 05:32:14,083 [DEBUG] [TIME] 8050 cashflow: 0.25s
2026-07-05 05:32:14,482 [DEBUG] [TIME] 8050 dividends: 0.40s
2026-07-05 05:32:14,483 [INFO] [DETAIL] 8050 セイコーグループ: income_stmt=OK, balance_sheet=OK, cashflow=OK, dividends=OK
2026-07-05 05:32:14,483 [INFO] [TIME] 8050 セイコーグループ 処理時間: 1.30s
2026-07-05 05:32:16,385 [DEBUG] [TIME] 8051 info: 0.25s
2026-07-05 05:32:16,385 [DEBUG] yfinance OK: 8051
2026-07-05 05:32:16,595 [DEBUG] [TIME] 8051 income_stmt: 0.21s
2026-07-05 05:32:16,863 [DEBUG] [TIME] 8051 balance_sheet: 0.27s
2026-07-05 05:32:17,087 [DEBUG] [TIME] 8051 cashflow: 0.22s
2026-07-05 05:32:17,520 [DEBUG] [TIME] 8051 dividends: 0.43s
2026-07-05 05:32:17,521 [INFO] [DETAIL] 8051 山善: income_stmt=OK, balance_sheet=OK, cashflow=OK, dividends=OK
2026-07-05 05:32:17,521 [INFO] [TIME] 8051 山善 処理時間: 1.39s
2026-07-05 05:32:19,016 [DEBUG] [TIME] 8052 info: 0.19s
2026-07-05 05:32:19,016 [DEBUG] yfinance OK: 8052
2026-07-05 05:32:19,232 [DEBUG] [TIME] 8052 income_stmt: 0.22s
2026-07-05 05:32:19,572 [DEBUG] [TIME] 8052 balance_sheet: 0.34s
2026-07-05 05:32:19,758 [DEBUG] [TIME] 8052 cashflow: 0.19s
2026-07-05 05:32:20,222 [DEBUG] [TIME] 8052 dividends: 0.46s
2026-07-05 05:32:20,223 [INFO] [DETAIL] 8052 椿本興業: income_stmt=OK, balance_sheet=OK, cashflow=OK, dividends=OK
2026-07-05 05:32:20,223 [INFO] [TIME] 8052 椿本興業 処理時間: 1.40s
2026-07-05 05:32:22,115 [DEBUG] [TIME] 8053 info: 0.25s
2026-07-05 05:32:22,115 [DEBUG] yfinance OK: 8053
2026-07-05 05:32:22,336 [DEBUG] [TIME] 8053 income_stmt: 0.22s
2026-07-05 05:32:22,651 [DEBUG] [TIME] 8053 balance_sheet: 0.31s
2026-07-05 05:32:22,874 [DEBUG] [TIME] 8053 cashflow: 0.22s
2026-07-05 05:32:23,214 [DEBUG] [TIME] 8053 dividends: 0.34s
2026-07-05 05:32:23,215 [INFO] [DETAIL] 8053 住友商事: income_stmt=OK, balance_sheet=OK, cashflow=OK, dividends=OK
2026-07-05 05:32:23,216 [INFO] [TIME] 8053 住友商事 処理時間: 1.35s
2026-07-05 05:32:25,036 [DEBUG] [TIME] 8056 info: 0.19s
2026-07-05 05:32:25,036 [DEBUG] yfinance OK: 8056
2026-07-05 05:32:26,393 [DEBUG] [TIME] 8056 income_stmt: 1.36s
2026-07-05 05:32:26,600 [DEBUG] [TIME] 8056 balance_sheet: 0.21s
2026-07-05 05:32:26,820 [DEBUG] [TIME] 8056 cashflow: 0.22s
2026-07-05 05:32:27,286 [DEBUG] [TIME] 8056 dividends: 0.47s
2026-07-05 05:32:27,287 [INFO] [DETAIL] 8056 ＢＩＰＲＯＧＹ: income_stmt=OK, balance_sheet=OK, cashflow=OK, dividends=OK
2026-07-05 05:32:27,287 [INFO] [TIME] 8056 ＢＩＰＲＯＧＹ 処理時間: 2.44s
2026-07-05 05:32:28,735 [DEBUG] [TIME] 8057 info: 0.19s
2026-07-05 05:32:28,735 [DEBUG] yfinance OK: 8057
2026-07-05 05:32:28,970 [DEBUG] [TIME] 8057 income_stmt: 0.23s
2026-07-05 05:32:29,181 [DEBUG] [TIME] 8057 balance_sheet: 0.21s
2026-07-05 05:32:29,340 [DEBUG] [TIME] 8057 cashflow: 0.16s
2026-07-05 05:32:29,763 [DEBUG] [TIME] 8057 dividends: 0.42s
2026-07-05 05:32:29,764 [INFO] [DETAIL] 8057 内田洋行: income_stmt=OK, balance_sheet=OK, cashflow=OK, dividends=OK
2026-07-05 05:32:29,764 [INFO] [TIME] 8057 内田洋行 処理時間: 1.22s
2026-07-05 05:32:31,466 [DEBUG] [TIME] 8058 info: 0.19s
2026-07-05 05:32:31,466 [DEBUG] yfinance OK: 8058
2026-07-05 05:32:31,685 [DEBUG] [TIME] 8058 income_stmt: 0.22s
2026-07-05 05:32:31,938 [DEBUG] [TIME] 8058 balance_sheet: 0.25s
2026-07-05 05:32:32,141 [DEBUG] [TIME] 8058 cashflow: 0.20s
2026-07-05 05:32:32,716 [DEBUG] [TIME] 8058 dividends: 0.57s
2026-07-05 05:32:32,717 [INFO] [DETAIL] 8058 三菱商事: income_stmt=OK, balance_sheet=OK, cashflow=OK, dividends=OK
2026-07-05 05:32:32,717 [INFO] [TIME] 8058 三菱商事 処理時間: 1.44s
2026-07-05 05:32:34,083 [DEBUG] [TIME] 8059 info: 0.19s
2026-07-05 05:32:34,083 [DEBUG] yfinance OK: 8059
2026-07-05 05:32:34,280 [DEBUG] [TIME] 8059 income_stmt: 0.20s
2026-07-05 05:32:34,600 [DEBUG] [TIME] 8059 balance_sheet: 0.32s
2026-07-05 05:32:34,970 [DEBUG] [TIME] 8059 cashflow: 0.37s
2026-07-05 05:32:35,417 [DEBUG] [TIME] 8059 dividends: 0.45s
2026-07-05 05:32:35,419 [INFO] [DETAIL] 8059 第一実業: income_stmt=OK, balance_sheet=OK, cashflow=OK, dividends=OK
2026-07-05 05:32:35,419 [INFO] [TIME] 8059 第一実業 処理時間: 1.52s
2026-07-05 05:32:37,288 [DEBUG] [TIME] 8060 info: 0.19s
2026-07-05 05:32:37,288 [DEBUG] yfinance OK: 8060
2026-07-05 05:32:37,459 [DEBUG] [TIME] 8060 income_stmt: 0.17s
2026-07-05 05:32:37,717 [DEBUG] [TIME] 8060 balance_sheet: 0.26s
2026-07-05 05:32:37,947 [DEBUG] [TIME] 8060 cashflow: 0.23s
2026-07-05 05:32:38,357 [DEBUG] [TIME] 8060 dividends: 0.41s
2026-07-05 05:32:38,358 [INFO] [DETAIL] 8060 キヤノンマーケティングジャパン: income_stmt=OK, balance_sheet=OK, cashflow=OK, dividends=OK
2026-07-05 05:32:38,358 [INFO] [TIME] 8060 キヤノンマーケティングジャパン 処理時間: 1.26s
2026-07-05 05:32:40,068 [DEBUG] [TIME] 8061 info: 0.20s
2026-07-05 05:32:40,068 [DEBUG] yfinance OK: 8061
2026-07-05 05:32:40,340 [DEBUG] [TIME] 8061 income_stmt: 0.27s
2026-07-05 05:32:40,616 [DEBUG] [TIME] 8061 balance_sheet: 0.28s
2026-07-05 05:32:40,971 [DEBUG] [TIME] 8061 cashflow: 0.35s
2026-07-05 05:32:41,353 [DEBUG] [TIME] 8061 dividends: 0.38s
2026-07-05 05:32:41,354 [INFO] [DETAIL] 8061 西華産業: income_stmt=OK, balance_sheet=OK, cashflow=OK, dividends=OK
2026-07-05 05:32:41,354 [INFO] [TIME] 8061 西華産業 処理時間: 1.49s
2026-07-05 05:32:43,348 [DEBUG] [TIME] 8065 info: 0.19s
2026-07-05 05:32:43,348 [DEBUG] yfinance OK: 8065
2026-07-05 05:32:43,542 [DEBUG] [TIME] 8065 income_stmt: 0.19s
2026-07-05 05:32:43,878 [DEBUG] [TIME] 8065 balance_sheet: 0.34s
2026-07-05 05:32:44,138 [DEBUG] [TIME] 8065 cashflow: 0.26s
2026-07-05 05:32:44,482 [DEBUG] [TIME] 8065 dividends: 0.34s
2026-07-05 05:32:44,483 [INFO] [DETAIL] 8065 佐藤商事: income_stmt=OK, balance_sheet=OK, cashflow=OK, dividends=OK
2026-07-05 05:32:44,483 [INFO] [TIME] 8065 佐藤商事 処理時間: 1.32s
2026-07-05 05:32:46,735 [DEBUG] [TIME] 8066 info: 0.26s
2026-07-05 05:32:46,736 [DEBUG] yfinance OK: 8066
2026-07-05 05:32:46,942 [DEBUG] [TIME] 8066 income_stmt: 0.21s
2026-07-05 05:32:47,197 [DEBUG] [TIME] 8066 balance_sheet: 0.25s
2026-07-05 05:32:47,421 [DEBUG] [TIME] 8066 cashflow: 0.22s
2026-07-05 05:32:47,911 [DEBUG] [TIME] 8066 dividends: 0.49s
2026-07-05 05:32:47,912 [INFO] [DETAIL] 8066 三谷商事: income_stmt=OK, balance_sheet=OK, cashflow=OK, dividends=OK
2026-07-05 05:32:47,912 [INFO] [TIME] 8066 三谷商事 処理時間: 1.43s
2026-07-05 05:32:49,866 [DEBUG] [TIME] 8070 info: 0.23s
2026-07-05 05:32:49,866 [DEBUG] yfinance OK: 8070
2026-07-05 05:32:50,095 [DEBUG] [TIME] 8070 income_stmt: 0.23s
2026-07-05 05:32:50,388 [DEBUG] [TIME] 8070 balance_sheet: 0.29s
2026-07-05 05:32:50,607 [DEBUG] [TIME] 8070 cashflow: 0.22s
2026-07-05 05:32:50,983 [DEBUG] [TIME] 8070 dividends: 0.38s
2026-07-05 05:32:50,984 [INFO] [DETAIL] 8070 東京産業: income_stmt=OK, balance_sheet=OK, cashflow=OK, dividends=OK
2026-07-05 05:32:50,984 [INFO] [TIME] 8070 東京産業 処理時間: 1.34s
2026-07-05 05:32:53,214 [DEBUG] [TIME] 8074 info: 0.28s
2026-07-05 05:32:53,214 [DEBUG] yfinance OK: 8074
2026-07-05 05:32:53,401 [DEBUG] [TIME] 8074 income_stmt: 0.19s
2026-07-05 05:32:53,600 [DEBUG] [TIME] 8074 balance_sheet: 0.20s
2026-07-05 05:32:53,842 [DEBUG] [TIME] 8074 cashflow: 0.24s
2026-07-05 05:32:54,208 [DEBUG] [TIME] 8074 dividends: 0.37s
2026-07-05 05:32:54,209 [INFO] [DETAIL] 8074 ＹＵＡＳＡ: income_stmt=OK, balance_sheet=OK, cashflow=OK, dividends=OK
2026-07-05 05:32:54,209 [INFO] [TIME] 8074 ＹＵＡＳＡ 処理時間: 1.28s
2026-07-05 05:32:55,689 [DEBUG] [TIME] 8075 info: 0.19s
2026-07-05 05:32:55,690 [DEBUG] yfinance OK: 8075
2026-07-05 05:32:55,922 [DEBUG] [TIME] 8075 income_stmt: 0.23s
2026-07-05 05:32:56,197 [DEBUG] [TIME] 8075 balance_sheet: 0.27s
2026-07-05 05:32:56,373 [DEBUG] [TIME] 8075 cashflow: 0.17s
2026-07-05 05:32:56,791 [DEBUG] [TIME] 8075 dividends: 0.42s
2026-07-05 05:32:56,792 [INFO] [DETAIL] 8075 神鋼商事: income_stmt=OK, balance_sheet=OK, cashflow=OK, dividends=OK
2026-07-05 05:32:56,792 [INFO] [TIME] 8075 神鋼商事 処理時間: 1.29s
2026-07-05 05:32:58,400 [DEBUG] [TIME] 8076 info: 0.23s
2026-07-05 05:32:58,401 [DEBUG] yfinance OK: 8076
2026-07-05 05:32:58,619 [DEBUG] [TIME] 8076 income_stmt: 0.22s
2026-07-05 05:32:58,918 [DEBUG] [TIME] 8076 balance_sheet: 0.30s
2026-07-05 05:32:59,141 [DEBUG] [TIME] 8076 cashflow: 0.22s
2026-07-05 05:32:59,337 [DEBUG] [TIME] 8076 dividends: 0.20s
2026-07-05 05:32:59,338 [INFO] [DETAIL] 8076 カノークス: income_stmt=OK, balance_sheet=OK, cashflow=OK, dividends=OK
2026-07-05 05:32:59,338 [INFO] [TIME] 8076 カノークス 処理時間: 1.17s
2026-07-05 05:33:00,892 [DEBUG] [TIME] 8077 info: 0.19s
2026-07-05 05:33:00,893 [DEBUG] yfinance OK: 8077
2026-07-05 05:33:01,143 [DEBUG] [TIME] 8077 income_stmt: 0.25s
2026-07-05 05:33:01,412 [DEBUG] [TIME] 8077 balance_sheet: 0.27s
2026-07-05 05:33:01,688 [DEBUG] [TIME] 8077 cashflow: 0.28s
2026-07-05 05:33:02,271 [DEBUG] [TIME] 8077 dividends: 0.58s
2026-07-05 05:33:02,272 [INFO] [DETAIL] 8077 トルク: income_stmt=OK, balance_sheet=OK, cashflow=OK, dividends=OK
2026-07-05 05:33:02,272 [INFO] [TIME] 8077 トルク 処理時間: 1.57s
2026-07-05 05:33:04,234 [DEBUG] [TIME] 8078 info: 0.19s
2026-07-05 05:33:04,234 [DEBUG] yfinance OK: 8078
2026-07-05 05:33:04,429 [DEBUG] [TIME] 8078 income_stmt: 0.20s
2026-07-05 05:33:04,727 [DEBUG] [TIME] 8078 balance_sheet: 0.30s
2026-07-05 05:33:04,991 [DEBUG] [TIME] 8078 cashflow: 0.26s
2026-07-05 05:33:05,443 [DEBUG] [TIME] 8078 dividends: 0.45s
2026-07-05 05:33:05,444 [INFO] [DETAIL] 8078 阪和興業: income_stmt=OK, balance_sheet=OK, cashflow=OK, dividends=OK
2026-07-05 05:33:05,445 [INFO] [TIME] 8078 阪和興業 処理時間: 1.40s
2026-07-05 05:33:07,202 [DEBUG] [TIME] 8079 info: 0.20s
2026-07-05 05:33:07,203 [DEBUG] yfinance OK: 8079
2026-07-05 05:33:07,449 [DEBUG] [TIME] 8079 income_stmt: 0.25s
2026-07-05 05:33:07,717 [DEBUG] [TIME] 8079 balance_sheet: 0.27s
2026-07-05 05:33:07,985 [DEBUG] [TIME] 8079 cashflow: 0.27s
2026-07-05 05:33:08,366 [DEBUG] [TIME] 8079 dividends: 0.38s
2026-07-05 05:33:08,367 [INFO] [DETAIL] 8079 正栄食品工業: income_stmt=OK, balance_sheet=OK, cashflow=OK, dividends=OK
2026-07-05 05:33:08,367 [INFO] [TIME] 8079 正栄食品工業 処理時間: 1.36s
2026-07-05 05:33:09,926 [DEBUG] [TIME] 8081 info: 0.19s
2026-07-05 05:33:09,926 [DEBUG] yfinance OK: 8081
2026-07-05 05:33:10,235 [DEBUG] [TIME] 8081 income_stmt: 0.31s
2026-07-05 05:33:10,498 [DEBUG] [TIME] 8081 balance_sheet: 0.26s
2026-07-05 05:33:10,753 [DEBUG] [TIME] 8081 cashflow: 0.25s
2026-07-05 05:33:11,161 [DEBUG] [TIME] 8081 dividends: 0.41s
2026-07-05 05:33:11,162 [INFO] [DETAIL] 8081 カナデン: income_stmt=OK, balance_sheet=OK, cashflow=OK, dividends=OK
2026-07-05 05:33:11,163 [INFO] [TIME] 8081 カナデン 処理時間: 1.43s
2026-07-05 05:33:12,753 [DEBUG] [TIME] 8084 info: 0.19s
2026-07-05 05:33:12,754 [DEBUG] yfinance OK: 8084
2026-07-05 05:33:12,971 [DEBUG] [TIME] 8084 income_stmt: 0.22s
2026-07-05 05:33:13,237 [DEBUG] [TIME] 8084 balance_sheet: 0.27s
2026-07-05 05:33:13,484 [DEBUG] [TIME] 8084 cashflow: 0.25s
2026-07-05 05:33:13,939 [DEBUG] [TIME] 8084 dividends: 0.45s
2026-07-05 05:33:13,940 [INFO] [DETAIL] 8084 ＲＹＯＤＥＮ: income_stmt=OK, balance_sheet=OK, cashflow=OK, dividends=OK
2026-07-05 05:33:13,940 [INFO] [TIME] 8084 ＲＹＯＤＥＮ 処理時間: 1.37s
2026-07-05 05:33:15,190 [DEBUG] [TIME] 8085 info: 0.19s
2026-07-05 05:33:15,190 [DEBUG] yfinance OK: 8085
2026-07-05 05:33:15,505 [DEBUG] [TIME] 8085 income_stmt: 0.32s
2026-07-05 05:33:15,792 [DEBUG] [TIME] 8085 balance_sheet: 0.29s
2026-07-05 05:33:15,983 [DEBUG] [TIME] 8085 cashflow: 0.19s
2026-07-05 05:33:16,368 [DEBUG] [TIME] 8085 dividends: 0.38s
2026-07-05 05:33:16,369 [INFO] [DETAIL] 8085 ナラサキ産業: income_stmt=OK, balance_sheet=OK, cashflow=OK, dividends=OK
2026-07-05 05:33:16,369 [INFO] [TIME] 8085 ナラサキ産業 処理時間: 1.37s
2026-07-05 05:33:18,592 [DEBUG] [TIME] 8086 info: 0.25s
2026-07-05 05:33:18,592 [DEBUG] yfinance OK: 8086
2026-07-05 05:33:18,841 [DEBUG] [TIME] 8086 income_stmt: 0.25s
2026-07-05 05:33:19,126 [DEBUG] [TIME] 8086 balance_sheet: 0.29s
2026-07-05 05:33:19,439 [DEBUG] [TIME] 8086 cashflow: 0.31s
2026-07-05 05:33:19,893 [DEBUG] [TIME] 8086 dividends: 0.45s
2026-07-05 05:33:19,894 [INFO] [DETAIL] 8086 ニプロ: income_stmt=OK, balance_sheet=OK, cashflow=OK, dividends=OK
2026-07-05 05:33:19,894 [INFO] [TIME] 8086 ニプロ 処理時間: 1.56s
2026-07-05 05:33:21,942 [DEBUG] [TIME] 8088 info: 0.21s
2026-07-05 05:33:21,942 [DEBUG] yfinance OK: 8088
2026-07-05 05:33:22,173 [DEBUG] [TIME] 8088 income_stmt: 0.23s
2026-07-05 05:33:22,387 [DEBUG] [TIME] 8088 balance_sheet: 0.21s
2026-07-05 05:33:22,594 [DEBUG] [TIME] 8088 cashflow: 0.21s
2026-07-05 05:33:23,090 [DEBUG] [TIME] 8088 dividends: 0.50s
2026-07-05 05:33:23,091 [INFO] [DETAIL] 8088 岩谷産業: income_stmt=OK, balance_sheet=OK, cashflow=OK, dividends=OK
2026-07-05 05:33:23,091 [INFO] [TIME] 8088 岩谷産業 処理時間: 1.36s
2026-07-05 05:33:24,885 [DEBUG] [TIME] 8089 info: 0.25s
2026-07-05 05:33:24,885 [DEBUG] yfinance OK: 8089
2026-07-05 05:33:25,147 [DEBUG] [TIME] 8089 income_stmt: 0.26s
2026-07-05 05:33:25,416 [DEBUG] [TIME] 8089 balance_sheet: 0.27s
2026-07-05 05:33:25,611 [DEBUG] [TIME] 8089 cashflow: 0.19s
2026-07-05 05:33:26,028 [DEBUG] [TIME] 8089 dividends: 0.42s
2026-07-05 05:33:26,029 [INFO] [DETAIL] 8089 ナイス: income_stmt=OK, balance_sheet=OK, cashflow=OK, dividends=OK
2026-07-05 05:33:26,029 [INFO] [TIME] 8089 ナイス 処理時間: 1.40s
2026-07-05 05:33:27,753 [DEBUG] [TIME] 8091 info: 0.24s
2026-07-05 05:33:27,753 [DEBUG] yfinance OK: 8091
2026-07-05 05:33:27,972 [DEBUG] [TIME] 8091 income_stmt: 0.22s
2026-07-05 05:33:28,253 [DEBUG] [TIME] 8091 balance_sheet: 0.28s
2026-07-05 05:33:28,511 [DEBUG] [TIME] 8091 cashflow: 0.26s
2026-07-05 05:33:28,935 [DEBUG] [TIME] 8091 dividends: 0.42s
2026-07-05 05:33:28,936 [INFO] [DETAIL] 8091 ニチモウ: income_stmt=OK, balance_sheet=OK, cashflow=OK, dividends=OK
2026-07-05 05:33:28,936 [INFO] [TIME] 8091 ニチモウ 処理時間: 1.42s
2026-07-05 05:33:31,088 [DEBUG] [TIME] 8093 info: 0.19s
2026-07-05 05:33:31,088 [DEBUG] yfinance OK: 8093
2026-07-05 05:33:31,328 [DEBUG] [TIME] 8093 income_stmt: 0.24s
2026-07-05 05:33:31,585 [DEBUG] [TIME] 8093 balance_sheet: 0.26s
2026-07-05 05:33:31,825 [DEBUG] [TIME] 8093 cashflow: 0.24s
2026-07-05 05:33:32,382 [DEBUG] [TIME] 8093 dividends: 0.56s
2026-07-05 05:33:32,383 [INFO] [DETAIL] 8093 極東貿易: income_stmt=OK, balance_sheet=OK, cashflow=OK, dividends=OK
2026-07-05 05:33:32,383 [INFO] [TIME] 8093 極東貿易 処理時間: 1.49s
2026-07-05 05:33:34,154 [DEBUG] [TIME] 8095 info: 0.22s
2026-07-05 05:33:34,154 [DEBUG] yfinance OK: 8095
2026-07-05 05:33:34,786 [DEBUG] [TIME] 8095 income_stmt: 0.63s
2026-07-05 05:33:35,075 [DEBUG] [TIME] 8095 balance_sheet: 0.29s
2026-07-05 05:33:35,342 [DEBUG] [TIME] 8095 cashflow: 0.27s
2026-07-05 05:33:35,782 [DEBUG] [TIME] 8095 dividends: 0.44s
2026-07-05 05:33:35,783 [INFO] [DETAIL] 8095 アステナホールディングス: income_stmt=OK, balance_sheet=OK, cashflow=OK, dividends=OK
2026-07-05 05:33:35,783 [INFO] [TIME] 8095 アステナホールディングス 処理時間: 1.85s
2026-07-05 05:33:37,019 [DEBUG] [TIME] 8097 info: 0.18s
2026-07-05 05:33:37,019 [DEBUG] yfinance OK: 8097
2026-07-05 05:33:37,264 [DEBUG] [TIME] 8097 income_stmt: 0.25s
2026-07-05 05:33:37,515 [DEBUG] [TIME] 8097 balance_sheet: 0.25s
2026-07-05 05:33:37,700 [DEBUG] [TIME] 8097 cashflow: 0.18s
2026-07-05 05:33:38,083 [DEBUG] [TIME] 8097 dividends: 0.38s
2026-07-05 05:33:38,084 [INFO] [DETAIL] 8097 三愛オブリ: income_stmt=OK, balance_sheet=OK, cashflow=OK, dividends=OK
2026-07-05 05:33:38,084 [INFO] [TIME] 8097 三愛オブリ 処理時間: 1.25s
2026-07-05 05:33:40,360 [DEBUG] [TIME] 8098 info: 0.28s
2026-07-05 05:33:40,360 [DEBUG] yfinance OK: 8098
2026-07-05 05:33:40,601 [DEBUG] [TIME] 8098 income_stmt: 0.24s
2026-07-05 05:33:40,886 [DEBUG] [TIME] 8098 balance_sheet: 0.28s
2026-07-05 05:33:41,106 [DEBUG] [TIME] 8098 cashflow: 0.22s
2026-07-05 05:33:41,547 [DEBUG] [TIME] 8098 dividends: 0.44s
2026-07-05 05:33:41,548 [INFO] [DETAIL] 8098 稲畑産業: income_stmt=OK, balance_sheet=OK, cashflow=OK, dividends=OK
2026-07-05 05:33:41,548 [INFO] [TIME] 8098 稲畑産業 処理時間: 1.47s
2026-07-05 05:33:43,462 [DEBUG] [TIME] 8101 info: 0.19s
2026-07-05 05:33:43,462 [DEBUG] yfinance OK: 8101
2026-07-05 05:33:43,684 [DEBUG] [TIME] 8101 income_stmt: 0.22s
2026-07-05 05:33:43,965 [DEBUG] [TIME] 8101 balance_sheet: 0.28s
2026-07-05 05:33:44,247 [DEBUG] [TIME] 8101 cashflow: 0.28s
2026-07-05 05:33:44,669 [DEBUG] [TIME] 8101 dividends: 0.42s
2026-07-05 05:33:44,670 [INFO] [DETAIL] 8101 ＧＳＩクレオス: income_stmt=OK, balance_sheet=OK, cashflow=OK, dividends=OK
2026-07-05 05:33:44,670 [INFO] [TIME] 8101 ＧＳＩクレオス 処理時間: 1.40s
2026-07-05 05:33:46,732 [DEBUG] [TIME] 8103 info: 0.19s
2026-07-05 05:33:46,732 [DEBUG] yfinance OK: 8103
2026-07-05 05:33:46,939 [DEBUG] [TIME] 8103 income_stmt: 0.21s
2026-07-05 05:33:47,284 [DEBUG] [TIME] 8103 balance_sheet: 0.34s
2026-07-05 05:33:47,520 [DEBUG] [TIME] 8103 cashflow: 0.24s
2026-07-05 05:33:47,873 [DEBUG] [TIME] 8103 dividends: 0.35s
2026-07-05 05:33:47,874 [INFO] [DETAIL] 8103 明和産業: income_stmt=OK, balance_sheet=OK, cashflow=OK, dividends=OK
2026-07-05 05:33:47,874 [INFO] [TIME] 8103 明和産業 処理時間: 1.33s
2026-07-05 05:33:49,897 [DEBUG] [TIME] 8104 info: 0.27s
2026-07-05 05:33:49,897 [DEBUG] yfinance OK: 8104
2026-07-05 05:33:50,077 [DEBUG] [TIME] 8104 income_stmt: 0.18s
2026-07-05 05:33:50,297 [DEBUG] [TIME] 8104 balance_sheet: 0.22s
2026-07-05 05:33:50,600 [DEBUG] [TIME] 8104 cashflow: 0.30s
2026-07-05 05:33:50,944 [DEBUG] [TIME] 8104 dividends: 0.34s
2026-07-05 05:33:50,945 [INFO] [DETAIL] 8104 クワザワホールディングス: income_stmt=OK, balance_sheet=OK, cashflow=OK, dividends=OK
2026-07-05 05:33:50,946 [INFO] [TIME] 8104 クワザワホールディングス 処理時間: 1.31s
2026-07-05 05:33:52,390 [DEBUG] [TIME] 8105 info: 0.19s
2026-07-05 05:33:52,390 [DEBUG] yfinance OK: 8105
2026-07-05 05:33:52,738 [DEBUG] [TIME] 8105 income_stmt: 0.35s
2026-07-05 05:33:52,947 [DEBUG] [TIME] 8105 balance_sheet: 0.21s
2026-07-05 05:33:53,140 [DEBUG] [TIME] 8105 cashflow: 0.19s
2026-07-05 05:33:53,499 [DEBUG] [TIME] 8105 dividends: 0.36s
2026-07-05 05:33:53,500 [INFO] [DETAIL] 8105 Ｂｉｔｃｏｉｎ　Ｊａｐａｎ: income_stmt=OK, balance_sheet=OK, cashflow=OK, dividends=OK
2026-07-05 05:33:53,500 [INFO] [TIME] 8105 Ｂｉｔｃｏｉｎ　Ｊａｐａｎ 処理時間: 1.30s
2026-07-05 05:33:55,166 [DEBUG] [TIME] 8107 info: 0.18s
2026-07-05 05:33:55,166 [DEBUG] yfinance OK: 8107
2026-07-05 05:33:55,355 [DEBUG] [TIME] 8107 income_stmt: 0.19s
2026-07-05 05:33:55,803 [DEBUG] [TIME] 8107 balance_sheet: 0.45s
2026-07-05 05:33:56,086 [DEBUG] [TIME] 8107 cashflow: 0.28s
2026-07-05 05:33:56,485 [DEBUG] [TIME] 8107 dividends: 0.40s
2026-07-05 05:33:56,485 [INFO] [DETAIL] 8107 キムラタン: income_stmt=OK, balance_sheet=OK, cashflow=OK, dividends=EMPTY
2026-07-05 05:33:56,485 [INFO] [TIME] 8107 キムラタン 処理時間: 1.50s
2026-07-05 05:33:57,875 [DEBUG] [TIME] 8111 info: 0.19s
2026-07-05 05:33:57,875 [DEBUG] yfinance OK: 8111
2026-07-05 05:33:58,066 [DEBUG] [TIME] 8111 income_stmt: 0.19s
2026-07-05 05:33:58,333 [DEBUG] [TIME] 8111 balance_sheet: 0.27s
2026-07-05 05:33:58,543 [DEBUG] [TIME] 8111 cashflow: 0.21s
2026-07-05 05:33:59,044 [DEBUG] [TIME] 8111 dividends: 0.50s
2026-07-05 05:33:59,045 [INFO] [DETAIL] 8111 ゴールドウイン: income_stmt=OK, balance_sheet=OK, cashflow=OK, dividends=OK
2026-07-05 05:33:59,045 [INFO] [TIME] 8111 ゴールドウイン 処理時間: 1.36s
2026-07-05 05:34:01,058 [DEBUG] [TIME] 8113 info: 0.20s
2026-07-05 05:34:01,058 [DEBUG] yfinance OK: 8113
2026-07-05 05:34:01,266 [DEBUG] [TIME] 8113 income_stmt: 0.21s
2026-07-05 05:34:01,446 [DEBUG] [TIME] 8113 balance_sheet: 0.18s
2026-07-05 05:34:01,641 [DEBUG] [TIME] 8113 cashflow: 0.19s
2026-07-05 05:34:02,132 [DEBUG] [TIME] 8113 dividends: 0.49s
2026-07-05 05:34:02,133 [INFO] [DETAIL] 8113 ユニ・チャーム: income_stmt=OK, balance_sheet=OK, cashflow=OK, dividends=OK
2026-07-05 05:34:02,133 [INFO] [TIME] 8113 ユニ・チャーム 処理時間: 1.27s
2026-07-05 05:34:04,202 [DEBUG] [TIME] 8115 info: 0.19s
2026-07-05 05:34:04,202 [DEBUG] yfinance OK: 8115
2026-07-05 05:34:04,533 [DEBUG] [TIME] 8115 income_stmt: 0.33s
2026-07-05 05:34:04,809 [DEBUG] [TIME] 8115 balance_sheet: 0.28s
2026-07-05 05:34:05,055 [DEBUG] [TIME] 8115 cashflow: 0.25s
2026-07-05 05:34:05,551 [DEBUG] [TIME] 8115 dividends: 0.50s
2026-07-05 05:34:05,552 [INFO] [DETAIL] 8115 ムーンバット: income_stmt=OK, balance_sheet=OK, cashflow=OK, dividends=OK
2026-07-05 05:34:05,552 [INFO] [TIME] 8115 ムーンバット 処理時間: 1.54s
2026-07-05 05:34:06,939 [DEBUG] [TIME] 8117 info: 0.19s
2026-07-05 05:34:06,939 [DEBUG] yfinance OK: 8117
2026-07-05 05:34:07,140 [DEBUG] [TIME] 8117 income_stmt: 0.20s
2026-07-05 05:34:07,401 [DEBUG] [TIME] 8117 balance_sheet: 0.26s
2026-07-05 05:34:07,591 [DEBUG] [TIME] 8117 cashflow: 0.19s
2026-07-05 05:34:08,019 [DEBUG] [TIME] 8117 dividends: 0.43s
2026-07-05 05:34:08,020 [INFO] [DETAIL] 8117 中央自動車工業: income_stmt=OK, balance_sheet=OK, cashflow=OK, dividends=OK
2026-07-05 05:34:08,020 [INFO] [TIME] 8117 中央自動車工業 処理時間: 1.28s
2026-07-05 05:34:09,378 [DEBUG] [TIME] 8118 info: 0.20s
2026-07-05 05:34:09,378 [DEBUG] yfinance OK: 8118
2026-07-05 05:34:09,588 [DEBUG] [TIME] 8118 income_stmt: 0.21s
2026-07-05 05:34:09,897 [DEBUG] [TIME] 8118 balance_sheet: 0.31s
2026-07-05 05:34:10,129 [DEBUG] [TIME] 8118 cashflow: 0.23s
2026-07-05 05:34:10,687 [DEBUG] [TIME] 8118 dividends: 0.56s
2026-07-05 05:34:10,688 [INFO] [DETAIL] 8118 キング: income_stmt=OK, balance_sheet=OK, cashflow=OK, dividends=OK
2026-07-05 05:34:10,688 [INFO] [TIME] 8118 キング 処理時間: 1.51s
2026-07-05 05:34:12,109 [DEBUG] [TIME] 8119 info: 0.25s
2026-07-05 05:34:12,109 [DEBUG] yfinance OK: 8119
2026-07-05 05:34:12,338 [DEBUG] [TIME] 8119 income_stmt: 0.23s
2026-07-05 05:34:12,609 [DEBUG] [TIME] 8119 balance_sheet: 0.27s
2026-07-05 05:34:12,789 [DEBUG] [TIME] 8119 cashflow: 0.18s
2026-07-05 05:34:13,181 [DEBUG] [TIME] 8119 dividends: 0.39s
2026-07-05 05:34:13,182 [INFO] [DETAIL] 8119 三栄コーポレーション: income_stmt=OK, balance_sheet=OK, cashflow=OK, dividends=OK
2026-07-05 05:34:13,182 [INFO] [TIME] 8119 三栄コーポレーション 処理時間: 1.33s
2026-07-05 05:34:14,573 [DEBUG] [TIME] 8123 info: 0.20s
2026-07-05 05:34:14,573 [DEBUG] yfinance OK: 8123
2026-07-05 05:34:14,782 [DEBUG] [TIME] 8123 income_stmt: 0.21s
2026-07-05 05:34:15,081 [DEBUG] [TIME] 8123 balance_sheet: 0.30s
2026-07-05 05:34:15,359 [DEBUG] [TIME] 8123 cashflow: 0.28s
2026-07-05 05:34:15,755 [DEBUG] [TIME] 8123 dividends: 0.40s
2026-07-05 05:34:15,756 [INFO] [DETAIL] 8123 川辺: income_stmt=OK, balance_sheet=OK, cashflow=OK, dividends=OK
2026-07-05 05:34:15,756 [INFO] [TIME] 8123 川辺 処理時間: 1.38s
2026-07-05 05:34:17,284 [DEBUG] [TIME] 8125 info: 0.25s
2026-07-05 05:34:17,284 [DEBUG] yfinance OK: 8125
2026-07-05 05:34:17,486 [DEBUG] [TIME] 8125 income_stmt: 0.20s
2026-07-05 05:34:17,742 [DEBUG] [TIME] 8125 balance_sheet: 0.26s
2026-07-05 05:34:17,968 [DEBUG] [TIME] 8125 cashflow: 0.23s
2026-07-05 05:34:18,343 [DEBUG] [TIME] 8125 dividends: 0.37s
2026-07-05 05:34:18,344 [INFO] [DETAIL] 8125 ワキタ: income_stmt=OK, balance_sheet=OK, cashflow=OK, dividends=OK
2026-07-05 05:34:18,344 [INFO] [TIME] 8125 ワキタ 処理時間: 1.31s
2026-07-05 05:34:20,306 [DEBUG] [TIME] 8127 info: 0.19s
2026-07-05 05:34:20,306 [DEBUG] yfinance OK: 8127
2026-07-05 05:34:20,540 [DEBUG] [TIME] 8127 income_stmt: 0.23s
2026-07-05 05:34:20,743 [DEBUG] [TIME] 8127 balance_sheet: 0.20s
2026-07-05 05:34:20,996 [DEBUG] [TIME] 8127 cashflow: 0.25s
2026-07-05 05:34:21,363 [DEBUG] [TIME] 8127 dividends: 0.37s
2026-07-05 05:34:21,364 [INFO] [DETAIL] 8127 ヤマトインターナショナル: income_stmt=OK, balance_sheet=OK, cashflow=OK, dividends=OK
2026-07-05 05:34:21,364 [INFO] [TIME] 8127 ヤマトインターナショナル 処理時間: 1.25s
2026-07-05 05:34:22,832 [DEBUG] [TIME] 8129 info: 0.19s
2026-07-05 05:34:22,832 [DEBUG] yfinance OK: 8129
2026-07-05 05:34:23,046 [DEBUG] [TIME] 8129 income_stmt: 0.21s
2026-07-05 05:34:23,321 [DEBUG] [TIME] 8129 balance_sheet: 0.27s
2026-07-05 05:34:23,524 [DEBUG] [TIME] 8129 cashflow: 0.20s
2026-07-05 05:34:23,987 [DEBUG] [TIME] 8129 dividends: 0.46s
2026-07-05 05:34:23,988 [INFO] [DETAIL] 8129 東邦ホールディングス: income_stmt=OK, balance_sheet=OK, cashflow=OK, dividends=OK
2026-07-05 05:34:23,988 [INFO] [TIME] 8129 東邦ホールディングス 処理時間: 1.34s
2026-07-05 05:34:25,873 [DEBUG] [TIME] 8130 info: 0.19s
2026-07-05 05:34:25,874 [DEBUG] yfinance OK: 8130
2026-07-05 05:34:26,125 [DEBUG] [TIME] 8130 income_stmt: 0.25s
2026-07-05 05:34:26,382 [DEBUG] [TIME] 8130 balance_sheet: 0.26s
2026-07-05 05:34:26,632 [DEBUG] [TIME] 8130 cashflow: 0.25s
2026-07-05 05:34:27,031 [DEBUG] [TIME] 8130 dividends: 0.40s
2026-07-05 05:34:27,033 [INFO] [DETAIL] 8130 サンゲツ: income_stmt=OK, balance_sheet=OK, cashflow=OK, dividends=OK
2026-07-05 05:34:27,033 [INFO] [TIME] 8130 サンゲツ 処理時間: 1.35s
2026-07-05 05:34:28,833 [DEBUG] [TIME] 8131 info: 0.25s
2026-07-05 05:34:28,833 [DEBUG] yfinance OK: 8131
2026-07-05 05:34:29,023 [DEBUG] [TIME] 8131 income_stmt: 0.19s
2026-07-05 05:34:29,241 [DEBUG] [TIME] 8131 balance_sheet: 0.22s
2026-07-05 05:34:29,483 [DEBUG] [TIME] 8131 cashflow: 0.24s
2026-07-05 05:34:30,051 [DEBUG] [TIME] 8131 dividends: 0.57s
2026-07-05 05:34:30,052 [INFO] [DETAIL] 8131 ミツウロコグループホールディングス: income_stmt=OK, balance_sheet=OK, cashflow=OK, dividends=OK
2026-07-05 05:34:30,053 [INFO] [TIME] 8131 ミツウロコグループホールディングス 処理時間: 1.47s
2026-07-05 05:34:31,513 [DEBUG] [TIME] 8132 info: 0.25s
2026-07-05 05:34:31,513 [DEBUG] yfinance OK: 8132
2026-07-05 05:34:31,757 [DEBUG] [TIME] 8132 income_stmt: 0.24s
2026-07-05 05:34:32,026 [DEBUG] [TIME] 8132 balance_sheet: 0.27s
2026-07-05 05:34:32,232 [DEBUG] [TIME] 8132 cashflow: 0.20s
2026-07-05 05:34:32,586 [DEBUG] [TIME] 8132 dividends: 0.35s
2026-07-05 05:34:32,587 [INFO] [DETAIL] 8132 シナネンホールディングス: income_stmt=OK, balance_sheet=OK, cashflow=OK, dividends=OK
2026-07-05 05:34:32,587 [INFO] [TIME] 8132 シナネンホールディングス 処理時間: 1.32s
2026-07-05 05:34:34,067 [DEBUG] [TIME] 8133 info: 0.19s
2026-07-05 05:34:34,067 [DEBUG] yfinance OK: 8133
2026-07-05 05:34:34,280 [DEBUG] [TIME] 8133 income_stmt: 0.21s
2026-07-05 05:34:34,535 [DEBUG] [TIME] 8133 balance_sheet: 0.25s
2026-07-05 05:34:34,805 [DEBUG] [TIME] 8133 cashflow: 0.27s
2026-07-05 05:34:35,214 [DEBUG] [TIME] 8133 dividends: 0.41s
2026-07-05 05:34:35,215 [INFO] [DETAIL] 8133 伊藤忠エネクス: income_stmt=OK, balance_sheet=OK, cashflow=OK, dividends=OK
2026-07-05 05:34:35,215 [INFO] [TIME] 8133 伊藤忠エネクス 処理時間: 1.34s
2026-07-05 05:34:36,496 [DEBUG] [TIME] 8135 info: 0.19s
2026-07-05 05:34:36,497 [DEBUG] yfinance OK: 8135
2026-07-05 05:34:36,704 [DEBUG] [TIME] 8135 income_stmt: 0.21s
2026-07-05 05:34:36,993 [DEBUG] [TIME] 8135 balance_sheet: 0.29s
2026-07-05 05:34:37,188 [DEBUG] [TIME] 8135 cashflow: 0.19s
2026-07-05 05:34:37,582 [DEBUG] [TIME] 8135 dividends: 0.39s
2026-07-05 05:34:37,583 [INFO] [DETAIL] 8135 ゼット: income_stmt=OK, balance_sheet=OK, cashflow=OK, dividends=OK
2026-07-05 05:34:37,584 [INFO] [TIME] 8135 ゼット 処理時間: 1.28s
2026-07-05 05:34:39,590 [DEBUG] [TIME] 8136 info: 0.28s
2026-07-05 05:34:39,590 [DEBUG] yfinance OK: 8136
2026-07-05 05:34:39,803 [DEBUG] [TIME] 8136 income_stmt: 0.21s
2026-07-05 05:34:40,065 [DEBUG] [TIME] 8136 balance_sheet: 0.26s
2026-07-05 05:34:40,278 [DEBUG] [TIME] 8136 cashflow: 0.21s
2026-07-05 05:34:40,854 [DEBUG] [TIME] 8136 dividends: 0.58s
2026-07-05 05:34:40,855 [INFO] [DETAIL] 8136 サンリオ: income_stmt=OK, balance_sheet=OK, cashflow=OK, dividends=OK
2026-07-05 05:34:40,855 [INFO] [TIME] 8136 サンリオ 処理時間: 1.54s
2026-07-05 05:34:42,236 [DEBUG] [TIME] 8137 info: 0.20s
2026-07-05 05:34:42,236 [DEBUG] yfinance OK: 8137
2026-07-05 05:34:42,425 [DEBUG] [TIME] 8137 income_stmt: 0.19s
2026-07-05 05:34:42,726 [DEBUG] [TIME] 8137 balance_sheet: 0.30s
2026-07-05 05:34:42,931 [DEBUG] [TIME] 8137 cashflow: 0.20s
2026-07-05 05:34:43,333 [DEBUG] [TIME] 8137 dividends: 0.40s
2026-07-05 05:34:43,334 [INFO] [DETAIL] 8137 サンワテクノス: income_stmt=OK, balance_sheet=OK, cashflow=OK, dividends=OK
2026-07-05 05:34:43,334 [INFO] [TIME] 8137 サンワテクノス 処理時間: 1.30s
2026-07-05 05:34:45,183 [DEBUG] [TIME] 8138 info: 0.20s
2026-07-05 05:34:45,183 [DEBUG] yfinance OK: 8138
2026-07-05 05:34:45,383 [DEBUG] [TIME] 8138 income_stmt: 0.20s
2026-07-05 05:34:45,613 [DEBUG] [TIME] 8138 balance_sheet: 0.23s
2026-07-05 05:34:45,886 [DEBUG] [TIME] 8138 cashflow: 0.27s
2026-07-05 05:34:46,289 [DEBUG] [TIME] 8138 dividends: 0.40s
2026-07-05 05:34:46,291 [INFO] [DETAIL] 8138 三京化成: income_stmt=OK, balance_sheet=OK, cashflow=OK, dividends=OK
2026-07-05 05:34:46,291 [INFO] [TIME] 8138 三京化成 処理時間: 1.30s
2026-07-05 05:34:48,264 [DEBUG] [TIME] 8139 info: 0.20s
2026-07-05 05:34:48,264 [DEBUG] yfinance OK: 8139
2026-07-05 05:34:48,904 [DEBUG] [TIME] 8139 income_stmt: 0.64s
2026-07-05 05:34:49,214 [DEBUG] [TIME] 8139 balance_sheet: 0.31s
2026-07-05 05:34:49,518 [DEBUG] [TIME] 8139 cashflow: 0.30s
2026-07-05 05:34:49,963 [DEBUG] [TIME] 8139 dividends: 0.45s
2026-07-05 05:34:49,964 [INFO] [DETAIL] 8139 ナガホリ: income_stmt=OK, balance_sheet=OK, cashflow=OK, dividends=OK
2026-07-05 05:34:49,964 [INFO] [TIME] 8139 ナガホリ 処理時間: 1.90s
2026-07-05 05:34:51,941 [DEBUG] [TIME] 8141 info: 0.19s
2026-07-05 05:34:51,941 [DEBUG] yfinance OK: 8141
2026-07-05 05:34:52,190 [DEBUG] [TIME] 8141 income_stmt: 0.25s
2026-07-05 05:34:52,446 [DEBUG] [TIME] 8141 balance_sheet: 0.26s
2026-07-05 05:34:52,710 [DEBUG] [TIME] 8141 cashflow: 0.26s
2026-07-05 05:34:53,141 [DEBUG] [TIME] 8141 dividends: 0.43s
2026-07-05 05:34:53,142 [INFO] [DETAIL] 8141 新光商事: income_stmt=OK, balance_sheet=OK, cashflow=OK, dividends=OK
2026-07-05 05:34:53,142 [INFO] [TIME] 8141 新光商事 処理時間: 1.39s
2026-07-05 05:34:55,253 [DEBUG] [TIME] 8142 info: 0.19s
2026-07-05 05:34:55,253 [DEBUG] yfinance OK: 8142
2026-07-05 05:34:55,501 [DEBUG] [TIME] 8142 income_stmt: 0.25s
2026-07-05 05:34:55,727 [DEBUG] [TIME] 8142 balance_sheet: 0.23s
2026-07-05 05:34:55,981 [DEBUG] [TIME] 8142 cashflow: 0.25s
2026-07-05 05:34:56,515 [DEBUG] [TIME] 8142 dividends: 0.53s
2026-07-05 05:34:56,516 [INFO] [DETAIL] 8142 トーホー: income_stmt=OK, balance_sheet=OK, cashflow=OK, dividends=OK
2026-07-05 05:34:56,517 [INFO] [TIME] 8142 トーホー 処理時間: 1.45s
2026-07-05 05:34:58,203 [DEBUG] [TIME] 8143 info: 0.19s
2026-07-05 05:34:58,203 [DEBUG] yfinance OK: 8143
2026-07-05 05:34:58,425 [DEBUG] [TIME] 8143 income_stmt: 0.22s
2026-07-05 05:34:58,695 [DEBUG] [TIME] 8143 balance_sheet: 0.27s
2026-07-05 05:34:58,928 [DEBUG] [TIME] 8143 cashflow: 0.23s
2026-07-05 05:34:59,273 [DEBUG] [TIME] 8143 dividends: 0.35s
2026-07-05 05:34:59,274 [INFO] [DETAIL] 8143 ラピーヌ: income_stmt=OK, balance_sheet=OK, cashflow=OK, dividends=OK
2026-07-05 05:34:59,274 [INFO] [TIME] 8143 ラピーヌ 処理時間: 1.26s
2026-07-05 05:35:00,726 [DEBUG] [TIME] 8144 info: 0.19s
2026-07-05 05:35:00,726 [DEBUG] yfinance OK: 8144
2026-07-05 05:35:00,928 [DEBUG] [TIME] 8144 income_stmt: 0.20s
2026-07-05 05:35:01,183 [DEBUG] [TIME] 8144 balance_sheet: 0.25s
2026-07-05 05:35:01,444 [DEBUG] [TIME] 8144 cashflow: 0.26s
2026-07-05 05:35:01,865 [DEBUG] [TIME] 8144 dividends: 0.42s
2026-07-05 05:35:01,866 [INFO] [DETAIL] 8144 デンキョーグループホールディングス: income_stmt=OK, balance_sheet=OK, cashflow=OK, dividends=OK
2026-07-05 05:35:01,866 [INFO] [TIME] 8144 デンキョーグループホールディングス 処理時間: 1.33s
2026-07-05 05:35:03,958 [DEBUG] [TIME] 8147 info: 0.19s
2026-07-05 05:35:03,958 [DEBUG] yfinance OK: 8147
2026-07-05 05:35:04,151 [DEBUG] [TIME] 8147 income_stmt: 0.19s
2026-07-05 05:35:04,523 [DEBUG] [TIME] 8147 balance_sheet: 0.37s
2026-07-05 05:35:04,835 [DEBUG] [TIME] 8147 cashflow: 0.31s
2026-07-05 05:35:05,192 [DEBUG] [TIME] 8147 dividends: 0.36s
2026-07-05 05:35:05,193 [INFO] [DETAIL] 8147 トミタ: income_stmt=OK, balance_sheet=OK, cashflow=OK, dividends=OK
2026-07-05 05:35:05,193 [INFO] [TIME] 8147 トミタ 処理時間: 1.42s
2026-07-05 05:35:06,745 [DEBUG] [TIME] 8150 info: 0.19s
2026-07-05 05:35:06,745 [DEBUG] yfinance OK: 8150
2026-07-05 05:35:06,964 [DEBUG] [TIME] 8150 income_stmt: 0.22s
2026-07-05 05:35:07,214 [DEBUG] [TIME] 8150 balance_sheet: 0.25s
2026-07-05 05:35:07,396 [DEBUG] [TIME] 8150 cashflow: 0.18s
2026-07-05 05:35:07,839 [DEBUG] [TIME] 8150 dividends: 0.44s
2026-07-05 05:35:07,840 [INFO] [DETAIL] 8150 三信電気: income_stmt=OK, balance_sheet=OK, cashflow=OK, dividends=OK
2026-07-05 05:35:07,840 [INFO] [TIME] 8150 三信電気 処理時間: 1.29s
2026-07-05 05:35:09,296 [DEBUG] [TIME] 8151 info: 0.18s
2026-07-05 05:35:09,296 [DEBUG] yfinance OK: 8151
2026-07-05 05:35:09,518 [DEBUG] [TIME] 8151 income_stmt: 0.22s
2026-07-05 05:35:09,745 [DEBUG] [TIME] 8151 balance_sheet: 0.23s
2026-07-05 05:35:09,917 [DEBUG] [TIME] 8151 cashflow: 0.17s
2026-07-05 05:35:10,391 [DEBUG] [TIME] 8151 dividends: 0.47s
2026-07-05 05:35:10,392 [INFO] [DETAIL] 8151 東陽テクニカ: income_stmt=OK, balance_sheet=OK, cashflow=OK, dividends=OK
2026-07-05 05:35:10,392 [INFO] [TIME] 8151 東陽テクニカ 処理時間: 1.28s
2026-07-05 05:35:12,503 [DEBUG] [TIME] 8152 info: 0.20s
2026-07-05 05:35:12,503 [DEBUG] yfinance OK: 8152
2026-07-05 05:35:12,754 [DEBUG] [TIME] 8152 income_stmt: 0.25s
2026-07-05 05:35:13,019 [DEBUG] [TIME] 8152 balance_sheet: 0.26s
2026-07-05 05:35:13,278 [DEBUG] [TIME] 8152 cashflow: 0.26s
2026-07-05 05:35:13,685 [DEBUG] [TIME] 8152 dividends: 0.41s
2026-07-05 05:35:13,686 [INFO] [DETAIL] 8152 ソマール: income_stmt=OK, balance_sheet=OK, cashflow=OK, dividends=OK
2026-07-05 05:35:13,686 [INFO] [TIME] 8152 ソマール 処理時間: 1.38s
2026-07-05 05:35:14,937 [DEBUG] [TIME] 8153 info: 0.19s
2026-07-05 05:35:14,937 [DEBUG] yfinance OK: 8153
2026-07-05 05:35:15,131 [DEBUG] [TIME] 8153 income_stmt: 0.19s
2026-07-05 05:35:15,367 [DEBUG] [TIME] 8153 balance_sheet: 0.24s
2026-07-05 05:35:15,619 [DEBUG] [TIME] 8153 cashflow: 0.25s
2026-07-05 05:35:16,038 [DEBUG] [TIME] 8153 dividends: 0.42s
2026-07-05 05:35:16,039 [INFO] [DETAIL] 8153 モスフードサービス: income_stmt=OK, balance_sheet=OK, cashflow=OK, dividends=OK
2026-07-05 05:35:16,039 [INFO] [TIME] 8153 モスフードサービス 処理時間: 1.30s
2026-07-05 05:35:17,842 [DEBUG] [TIME] 8154 info: 0.19s
2026-07-05 05:35:17,842 [DEBUG] yfinance OK: 8154
2026-07-05 05:35:18,084 [DEBUG] [TIME] 8154 income_stmt: 0.24s
2026-07-05 05:35:18,453 [DEBUG] [TIME] 8154 balance_sheet: 0.37s
2026-07-05 05:35:18,724 [DEBUG] [TIME] 8154 cashflow: 0.27s
2026-07-05 05:35:19,113 [DEBUG] [TIME] 8154 dividends: 0.39s
2026-07-05 05:35:19,114 [INFO] [DETAIL] 8154 加賀電子: income_stmt=OK, balance_sheet=OK, cashflow=OK, dividends=OK
2026-07-05 05:35:19,114 [INFO] [TIME] 8154 加賀電子 処理時間: 1.47s
2026-07-05 05:35:20,772 [DEBUG] [TIME] 8157 info: 0.19s
2026-07-05 05:35:20,772 [DEBUG] yfinance OK: 8157
2026-07-05 05:35:21,076 [DEBUG] [TIME] 8157 income_stmt: 0.30s
2026-07-05 05:35:21,448 [DEBUG] [TIME] 8157 balance_sheet: 0.37s
2026-07-05 05:35:21,725 [DEBUG] [TIME] 8157 cashflow: 0.28s
2026-07-05 05:35:22,119 [DEBUG] [TIME] 8157 dividends: 0.39s
2026-07-05 05:35:22,120 [INFO] [DETAIL] 8157 都築電気: income_stmt=OK, balance_sheet=OK, cashflow=OK, dividends=OK
2026-07-05 05:35:22,120 [INFO] [TIME] 8157 都築電気 処理時間: 1.54s
2026-07-05 05:35:24,181 [DEBUG] [TIME] 8158 info: 0.19s
2026-07-05 05:35:24,181 [DEBUG] yfinance OK: 8158
2026-07-05 05:35:24,450 [DEBUG] [TIME] 8158 income_stmt: 0.27s
2026-07-05 05:35:24,804 [DEBUG] [TIME] 8158 balance_sheet: 0.35s
2026-07-05 05:35:24,971 [DEBUG] [TIME] 8158 cashflow: 0.17s
2026-07-05 05:35:25,372 [DEBUG] [TIME] 8158 dividends: 0.40s
2026-07-05 05:35:25,373 [INFO] [DETAIL] 8158 ソーダニッカ: income_stmt=OK, balance_sheet=OK, cashflow=OK, dividends=OK
2026-07-05 05:35:25,373 [INFO] [TIME] 8158 ソーダニッカ 処理時間: 1.38s
2026-07-05 05:35:26,815 [DEBUG] [TIME] 8159 info: 0.23s
2026-07-05 05:35:26,815 [DEBUG] yfinance OK: 8159
2026-07-05 05:35:27,054 [DEBUG] [TIME] 8159 income_stmt: 0.24s
2026-07-05 05:35:27,262 [DEBUG] [TIME] 8159 balance_sheet: 0.21s
2026-07-05 05:35:27,429 [DEBUG] [TIME] 8159 cashflow: 0.17s
2026-07-05 05:35:27,770 [DEBUG] [TIME] 8159 dividends: 0.34s
2026-07-05 05:35:27,771 [INFO] [DETAIL] 8159 立花エレテック: income_stmt=OK, balance_sheet=OK, cashflow=OK, dividends=OK
2026-07-05 05:35:27,771 [INFO] [TIME] 8159 立花エレテック 処理時間: 1.19s
2026-07-05 05:35:29,498 [DEBUG] [TIME] 8160 info: 0.19s
2026-07-05 05:35:29,498 [DEBUG] yfinance OK: 8160
2026-07-05 05:35:29,737 [DEBUG] [TIME] 8160 income_stmt: 0.24s
2026-07-05 05:35:30,010 [DEBUG] [TIME] 8160 balance_sheet: 0.27s
2026-07-05 05:35:30,242 [DEBUG] [TIME] 8160 cashflow: 0.23s
2026-07-05 05:35:30,600 [DEBUG] [TIME] 8160 dividends: 0.36s
2026-07-05 05:35:30,601 [INFO] [DETAIL] 8160 木曽路: income_stmt=OK, balance_sheet=OK, cashflow=OK, dividends=OK
2026-07-05 05:35:30,601 [INFO] [TIME] 8160 木曽路 処理時間: 1.29s
2026-07-05 05:35:32,555 [DEBUG] [TIME] 8163 info: 0.19s
2026-07-05 05:35:32,555 [DEBUG] yfinance OK: 8163
2026-07-05 05:35:32,825 [DEBUG] [TIME] 8163 income_stmt: 0.27s
2026-07-05 05:35:33,176 [DEBUG] [TIME] 8163 balance_sheet: 0.35s
2026-07-05 05:35:33,363 [DEBUG] [TIME] 8163 cashflow: 0.19s
2026-07-05 05:35:33,872 [DEBUG] [TIME] 8163 dividends: 0.51s
2026-07-05 05:35:33,873 [INFO] [DETAIL] 8163 ＳＲＳホールディングス: income_stmt=OK, balance_sheet=OK, cashflow=OK, dividends=OK
2026-07-05 05:35:33,874 [INFO] [TIME] 8163 ＳＲＳホールディングス 処理時間: 1.51s
2026-07-05 05:35:35,746 [DEBUG] [TIME] 8165 info: 0.19s
2026-07-05 05:35:35,746 [DEBUG] yfinance OK: 8165
2026-07-05 05:35:35,936 [DEBUG] [TIME] 8165 income_stmt: 0.19s
2026-07-05 05:35:36,238 [DEBUG] [TIME] 8165 balance_sheet: 0.30s
2026-07-05 05:35:36,496 [DEBUG] [TIME] 8165 cashflow: 0.26s
2026-07-05 05:35:36,931 [DEBUG] [TIME] 8165 dividends: 0.43s
2026-07-05 05:35:36,932 [INFO] [DETAIL] 8165 千趣会: income_stmt=OK, balance_sheet=OK, cashflow=OK, dividends=OK
2026-07-05 05:35:36,932 [INFO] [TIME] 8165 千趣会 処理時間: 1.38s
2026-07-05 05:35:39,016 [DEBUG] [TIME] 8166 info: 0.19s
2026-07-05 05:35:39,017 [DEBUG] yfinance OK: 8166
2026-07-05 05:35:39,227 [DEBUG] [TIME] 8166 income_stmt: 0.21s
2026-07-05 05:35:39,515 [DEBUG] [TIME] 8166 balance_sheet: 0.29s
2026-07-05 05:35:39,693 [DEBUG] [TIME] 8166 cashflow: 0.18s
2026-07-05 05:35:40,014 [DEBUG] [TIME] 8166 dividends: 0.32s
2026-07-05 05:35:40,015 [INFO] [DETAIL] 8166 タカキュー: income_stmt=OK, balance_sheet=OK, cashflow=OK, dividends=OK
2026-07-05 05:35:40,015 [INFO] [TIME] 8166 タカキュー 処理時間: 1.19s
2026-07-05 05:35:41,890 [DEBUG] [TIME] 8167 info: 0.25s
2026-07-05 05:35:41,890 [DEBUG] yfinance OK: 8167
2026-07-05 05:35:42,177 [DEBUG] [TIME] 8167 income_stmt: 0.29s
2026-07-05 05:35:42,431 [DEBUG] [TIME] 8167 balance_sheet: 0.25s
2026-07-05 05:35:42,643 [DEBUG] [TIME] 8167 cashflow: 0.21s
2026-07-05 05:35:43,015 [DEBUG] [TIME] 8167 dividends: 0.37s
2026-07-05 05:35:43,016 [INFO] [DETAIL] 8167 リテールパートナーズ: income_stmt=OK, balance_sheet=OK, cashflow=OK, dividends=OK
2026-07-05 05:35:43,016 [INFO] [TIME] 8167 リテールパートナーズ 処理時間: 1.38s
2026-07-05 05:35:44,255 [DEBUG] [TIME] 8173 info: 0.19s
2026-07-05 05:35:44,255 [DEBUG] yfinance OK: 8173
2026-07-05 05:35:44,460 [DEBUG] [TIME] 8173 income_stmt: 0.20s
2026-07-05 05:35:44,734 [DEBUG] [TIME] 8173 balance_sheet: 0.27s
2026-07-05 05:35:44,935 [DEBUG] [TIME] 8173 cashflow: 0.20s
2026-07-05 05:35:45,351 [DEBUG] [TIME] 8173 dividends: 0.42s
2026-07-05 05:35:45,352 [INFO] [DETAIL] 8173 Ｊｏｓｈｉｎ: income_stmt=OK, balance_sheet=OK, cashflow=OK, dividends=OK
2026-07-05 05:35:45,352 [INFO] [TIME] 8173 Ｊｏｓｈｉｎ 処理時間: 1.28s
2026-07-05 05:35:46,893 [DEBUG] [TIME] 8174 info: 0.19s
2026-07-05 05:35:46,893 [DEBUG] yfinance OK: 8174
2026-07-05 05:35:47,104 [DEBUG] [TIME] 8174 income_stmt: 0.21s
2026-07-05 05:35:47,339 [DEBUG] [TIME] 8174 balance_sheet: 0.23s
2026-07-05 05:35:47,567 [DEBUG] [TIME] 8174 cashflow: 0.23s
2026-07-05 05:35:47,962 [DEBUG] [TIME] 8174 dividends: 0.39s
2026-07-05 05:35:47,964 [INFO] [DETAIL] 8174 日本瓦斯: income_stmt=OK, balance_sheet=OK, cashflow=OK, dividends=OK
2026-07-05 05:35:47,964 [INFO] [TIME] 8174 日本瓦斯 処理時間: 1.26s
2026-07-05 05:35:49,260 [DEBUG] [TIME] 8179 info: 0.19s
2026-07-05 05:35:49,260 [DEBUG] yfinance OK: 8179
2026-07-05 05:35:49,495 [DEBUG] [TIME] 8179 income_stmt: 0.23s
2026-07-05 05:35:49,746 [DEBUG] [TIME] 8179 balance_sheet: 0.25s
2026-07-05 05:35:49,947 [DEBUG] [TIME] 8179 cashflow: 0.20s
2026-07-05 05:35:50,313 [DEBUG] [TIME] 8179 dividends: 0.37s
2026-07-05 05:35:50,314 [INFO] [DETAIL] 8179 ロイヤルホールディングス: income_stmt=OK, balance_sheet=OK, cashflow=OK, dividends=OK
2026-07-05 05:35:50,314 [INFO] [TIME] 8179 ロイヤルホールディングス 処理時間: 1.25s
2026-07-05 05:35:52,457 [DEBUG] [TIME] 8181 info: 0.19s
2026-07-05 05:35:52,457 [DEBUG] yfinance OK: 8181
2026-07-05 05:35:52,641 [DEBUG] [TIME] 8181 income_stmt: 0.18s
2026-07-05 05:35:52,887 [DEBUG] [TIME] 8181 balance_sheet: 0.25s
2026-07-05 05:35:53,122 [DEBUG] [TIME] 8181 cashflow: 0.23s
2026-07-05 05:35:53,508 [DEBUG] [TIME] 8181 dividends: 0.39s
2026-07-05 05:35:53,509 [INFO] [DETAIL] 8181 東天紅: income_stmt=OK, balance_sheet=OK, cashflow=OK, dividends=OK
2026-07-05 05:35:53,509 [INFO] [TIME] 8181 東天紅 処理時間: 1.24s
2026-07-05 05:35:54,841 [DEBUG] [TIME] 8185 info: 0.19s
2026-07-05 05:35:54,841 [DEBUG] yfinance OK: 8185
2026-07-05 05:35:55,030 [DEBUG] [TIME] 8185 income_stmt: 0.19s
2026-07-05 05:35:55,305 [DEBUG] [TIME] 8185 balance_sheet: 0.27s
2026-07-05 05:35:55,481 [DEBUG] [TIME] 8185 cashflow: 0.18s
2026-07-05 05:35:55,952 [DEBUG] [TIME] 8185 dividends: 0.47s
2026-07-05 05:35:55,953 [INFO] [DETAIL] 8185 チヨダ: income_stmt=OK, balance_sheet=OK, cashflow=OK, dividends=OK
2026-07-05 05:35:55,953 [INFO] [TIME] 8185 チヨダ 処理時間: 1.30s
2026-07-05 05:35:57,241 [DEBUG] [TIME] 8194 info: 0.25s
2026-07-05 05:35:57,241 [DEBUG] yfinance OK: 8194
2026-07-05 05:35:57,481 [DEBUG] [TIME] 8194 income_stmt: 0.24s
2026-07-05 05:35:57,732 [DEBUG] [TIME] 8194 balance_sheet: 0.25s
2026-07-05 05:35:57,982 [DEBUG] [TIME] 8194 cashflow: 0.25s
2026-07-05 05:35:58,463 [DEBUG] [TIME] 8194 dividends: 0.48s
2026-07-05 05:35:58,464 [INFO] [DETAIL] 8194 ライフコーポレーション: income_stmt=OK, balance_sheet=OK, cashflow=OK, dividends=OK
2026-07-05 05:35:58,464 [INFO] [TIME] 8194 ライフコーポレーション 処理時間: 1.48s
2026-07-05 05:36:00,271 [DEBUG] [TIME] 8198 info: 0.19s
2026-07-05 05:36:00,271 [DEBUG] yfinance OK: 8198
2026-07-05 05:36:00,509 [DEBUG] [TIME] 8198 income_stmt: 0.24s
2026-07-05 05:36:00,769 [DEBUG] [TIME] 8198 balance_sheet: 0.26s
2026-07-05 05:36:00,974 [DEBUG] [TIME] 8198 cashflow: 0.20s
2026-07-05 05:36:01,284 [DEBUG] [TIME] 8198 dividends: 0.31s
2026-07-05 05:36:01,285 [INFO] [DETAIL] 8198 マックスバリュ東海: income_stmt=OK, balance_sheet=OK, cashflow=OK, dividends=OK
2026-07-05 05:36:01,285 [INFO] [TIME] 8198 マックスバリュ東海 処理時間: 1.20s
2026-07-05 05:36:03,314 [DEBUG] [TIME] 8200 info: 0.19s
2026-07-05 05:36:03,314 [DEBUG] yfinance OK: 8200
2026-07-05 05:36:03,572 [DEBUG] [TIME] 8200 income_stmt: 0.26s
2026-07-05 05:36:03,871 [DEBUG] [TIME] 8200 balance_sheet: 0.30s
2026-07-05 05:36:04,103 [DEBUG] [TIME] 8200 cashflow: 0.23s
2026-07-05 05:36:04,448 [DEBUG] [TIME] 8200 dividends: 0.34s
2026-07-05 05:36:04,449 [INFO] [DETAIL] 8200 リンガーハット: income_stmt=OK, balance_sheet=OK, cashflow=OK, dividends=OK
2026-07-05 05:36:04,449 [INFO] [TIME] 8200 リンガーハット 処理時間: 1.33s
2026-07-05 05:36:06,143 [DEBUG] [TIME] 8202 info: 0.20s
2026-07-05 05:36:06,143 [DEBUG] yfinance OK: 8202
2026-07-05 05:36:06,381 [DEBUG] [TIME] 8202 income_stmt: 0.24s
2026-07-05 05:36:06,583 [DEBUG] [TIME] 8202 balance_sheet: 0.20s
2026-07-05 05:36:06,832 [DEBUG] [TIME] 8202 cashflow: 0.25s
2026-07-05 05:36:07,201 [DEBUG] [TIME] 8202 dividends: 0.37s
2026-07-05 05:36:07,202 [INFO] [DETAIL] 8202 ラオックスホールディングス: income_stmt=OK, balance_sheet=OK, cashflow=OK, dividends=OK
2026-07-05 05:36:07,202 [INFO] [TIME] 8202 ラオックスホールディングス 処理時間: 1.26s
2026-07-05 05:36:08,517 [DEBUG] [TIME] 8203 info: 0.20s
2026-07-05 05:36:08,517 [DEBUG] yfinance OK: 8203
2026-07-05 05:36:08,821 [DEBUG] [TIME] 8203 income_stmt: 0.30s
2026-07-05 05:36:09,140 [DEBUG] [TIME] 8203 balance_sheet: 0.32s
2026-07-05 05:36:09,379 [DEBUG] [TIME] 8203 cashflow: 0.24s
2026-07-05 05:36:09,792 [DEBUG] [TIME] 8203 dividends: 0.41s
2026-07-05 05:36:09,793 [INFO] [DETAIL] 8203 ＭｒＭａｘＨＤ: income_stmt=OK, balance_sheet=OK, cashflow=OK, dividends=OK
2026-07-05 05:36:09,793 [INFO] [TIME] 8203 ＭｒＭａｘＨＤ 処理時間: 1.47s
2026-07-05 05:36:11,263 [DEBUG] [TIME] 8207 info: 0.19s
2026-07-05 05:36:11,263 [DEBUG] yfinance OK: 8207
2026-07-05 05:36:11,478 [DEBUG] [TIME] 8207 income_stmt: 0.21s
2026-07-05 05:36:11,716 [DEBUG] [TIME] 8207 balance_sheet: 0.24s
2026-07-05 05:36:11,882 [DEBUG] [TIME] 8207 cashflow: 0.16s
2026-07-05 05:36:12,270 [DEBUG] [TIME] 8207 dividends: 0.39s
2026-07-05 05:36:12,271 [INFO] [DETAIL] 8207 テンアライド: income_stmt=OK, balance_sheet=OK, cashflow=OK, dividends=OK
2026-07-05 05:36:12,271 [INFO] [TIME] 8207 テンアライド 処理時間: 1.19s
2026-07-05 05:36:13,879 [DEBUG] [TIME] 8214 info: 0.19s
2026-07-05 05:36:13,879 [DEBUG] yfinance OK: 8214
2026-07-05 05:36:14,171 [DEBUG] [TIME] 8214 income_stmt: 0.29s
2026-07-05 05:36:14,398 [DEBUG] [TIME] 8214 balance_sheet: 0.23s
2026-07-05 05:36:14,656 [DEBUG] [TIME] 8214 cashflow: 0.26s
2026-07-05 05:36:15,071 [DEBUG] [TIME] 8214 dividends: 0.41s
2026-07-05 05:36:15,072 [INFO] [DETAIL] 8214 ＡＯＫＩホールディングス: income_stmt=OK, balance_sheet=OK, cashflow=OK, dividends=OK
2026-07-05 05:36:15,072 [INFO] [TIME] 8214 ＡＯＫＩホールディングス 処理時間: 1.39s
2026-07-05 05:36:17,134 [DEBUG] [TIME] 8217 info: 0.28s
2026-07-05 05:36:17,134 [DEBUG] yfinance OK: 8217
2026-07-05 05:36:17,428 [DEBUG] [TIME] 8217 income_stmt: 0.29s
2026-07-05 05:36:17,643 [DEBUG] [TIME] 8217 balance_sheet: 0.21s
2026-07-05 05:36:17,826 [DEBUG] [TIME] 8217 cashflow: 0.18s
2026-07-05 05:36:18,272 [DEBUG] [TIME] 8217 dividends: 0.45s
2026-07-05 05:36:18,273 [INFO] [DETAIL] 8217 オークワ: income_stmt=OK, balance_sheet=OK, cashflow=OK, dividends=OK
2026-07-05 05:36:18,273 [INFO] [TIME] 8217 オークワ 処理時間: 1.42s
2026-07-05 05:36:19,723 [DEBUG] [TIME] 8218 info: 0.19s
2026-07-05 05:36:19,724 [DEBUG] yfinance OK: 8218
2026-07-05 05:36:20,012 [DEBUG] [TIME] 8218 income_stmt: 0.29s
2026-07-05 05:36:20,266 [DEBUG] [TIME] 8218 balance_sheet: 0.25s
2026-07-05 05:36:20,495 [DEBUG] [TIME] 8218 cashflow: 0.23s
2026-07-05 05:36:20,976 [DEBUG] [TIME] 8218 dividends: 0.48s
2026-07-05 05:36:20,977 [INFO] [DETAIL] 8218 コメリ: income_stmt=OK, balance_sheet=OK, cashflow=OK, dividends=OK
2026-07-05 05:36:20,977 [INFO] [TIME] 8218 コメリ 処理時間: 1.44s
2026-07-05 05:36:22,843 [DEBUG] [TIME] 8219 info: 0.19s
2026-07-05 05:36:22,844 [DEBUG] yfinance OK: 8219
2026-07-05 05:36:23,055 [DEBUG] [TIME] 8219 income_stmt: 0.21s
2026-07-05 05:36:23,292 [DEBUG] [TIME] 8219 balance_sheet: 0.24s
2026-07-05 05:36:23,543 [DEBUG] [TIME] 8219 cashflow: 0.25s
2026-07-05 05:36:24,024 [DEBUG] [TIME] 8219 dividends: 0.48s
2026-07-05 05:36:24,025 [INFO] [DETAIL] 8219 青山商事: income_stmt=OK, balance_sheet=OK, cashflow=OK, dividends=OK
2026-07-05 05:36:24,026 [INFO] [TIME] 8219 青山商事 処理時間: 1.37s
2026-07-05 05:36:25,898 [DEBUG] [TIME] 8225 info: 0.19s
2026-07-05 05:36:25,898 [DEBUG] yfinance OK: 8225
2026-07-05 05:36:26,122 [DEBUG] [TIME] 8225 income_stmt: 0.22s
2026-07-05 05:36:26,328 [DEBUG] [TIME] 8225 balance_sheet: 0.21s
2026-07-05 05:36:26,541 [DEBUG] [TIME] 8225 cashflow: 0.21s
2026-07-05 05:36:26,919 [DEBUG] [TIME] 8225 dividends: 0.38s
2026-07-05 05:36:26,920 [INFO] [DETAIL] 8225 タカチホ: income_stmt=OK, balance_sheet=OK, cashflow=OK, dividends=OK
2026-07-05 05:36:26,920 [INFO] [TIME] 8225 タカチホ 処理時間: 1.21s
2026-07-05 05:36:28,271 [DEBUG] [TIME] 8226 info: 0.19s
2026-07-05 05:36:28,271 [DEBUG] yfinance OK: 8226
2026-07-05 05:36:28,532 [DEBUG] [TIME] 8226 income_stmt: 0.26s
2026-07-05 05:36:28,764 [DEBUG] [TIME] 8226 balance_sheet: 0.23s
2026-07-05 05:36:29,007 [DEBUG] [TIME] 8226 cashflow: 0.24s
2026-07-05 05:36:29,439 [DEBUG] [TIME] 8226 dividends: 0.43s
2026-07-05 05:36:29,440 [INFO] [DETAIL] 8226 理経: income_stmt=OK, balance_sheet=OK, cashflow=OK, dividends=OK
2026-07-05 05:36:29,441 [INFO] [TIME] 8226 理経 処理時間: 1.36s
2026-07-05 05:36:30,861 [DEBUG] [TIME] 8227 info: 0.19s
2026-07-05 05:36:30,861 [DEBUG] yfinance OK: 8227
2026-07-05 05:36:31,053 [DEBUG] [TIME] 8227 income_stmt: 0.19s
2026-07-05 05:36:31,400 [DEBUG] [TIME] 8227 balance_sheet: 0.35s
2026-07-05 05:36:31,612 [DEBUG] [TIME] 8227 cashflow: 0.21s
2026-07-05 05:36:32,052 [DEBUG] [TIME] 8227 dividends: 0.44s
2026-07-05 05:36:32,053 [INFO] [DETAIL] 8227 しまむら: income_stmt=OK, balance_sheet=OK, cashflow=OK, dividends=OK
2026-07-05 05:36:32,053 [INFO] [TIME] 8227 しまむら 処理時間: 1.39s
2026-07-05 05:36:33,889 [DEBUG] [TIME] 8230 info: 0.19s
2026-07-05 05:36:33,889 [DEBUG] yfinance OK: 8230
2026-07-05 05:36:34,101 [DEBUG] [TIME] 8230 income_stmt: 0.21s
2026-07-05 05:36:34,367 [DEBUG] [TIME] 8230 balance_sheet: 0.27s
2026-07-05 05:36:34,554 [DEBUG] [TIME] 8230 cashflow: 0.19s
2026-07-05 05:36:34,941 [DEBUG] [TIME] 8230 dividends: 0.39s
2026-07-05 05:36:34,942 [INFO] [DETAIL] 8230 はせがわ: income_stmt=OK, balance_sheet=OK, cashflow=OK, dividends=OK
2026-07-05 05:36:34,942 [INFO] [TIME] 8230 はせがわ 処理時間: 1.25s
2026-07-05 05:36:36,353 [DEBUG] [TIME] 8233 info: 0.19s
2026-07-05 05:36:36,353 [DEBUG] yfinance OK: 8233
2026-07-05 05:36:36,619 [DEBUG] [TIME] 8233 income_stmt: 0.27s
2026-07-05 05:36:36,874 [DEBUG] [TIME] 8233 balance_sheet: 0.25s
2026-07-05 05:36:37,049 [DEBUG] [TIME] 8233 cashflow: 0.17s
2026-07-05 05:36:37,459 [DEBUG] [TIME] 8233 dividends: 0.41s
2026-07-05 05:36:37,460 [INFO] [DETAIL] 8233 高島屋: income_stmt=OK, balance_sheet=OK, cashflow=OK, dividends=OK
2026-07-05 05:36:37,460 [INFO] [TIME] 8233 高島屋 処理時間: 1.30s
2026-07-05 05:36:39,287 [DEBUG] [TIME] 8237 info: 0.25s
2026-07-05 05:36:39,287 [DEBUG] yfinance OK: 8237
2026-07-05 05:36:39,524 [DEBUG] [TIME] 8237 income_stmt: 0.24s
2026-07-05 05:36:39,778 [DEBUG] [TIME] 8237 balance_sheet: 0.25s
2026-07-05 05:36:40,052 [DEBUG] [TIME] 8237 cashflow: 0.27s
2026-07-05 05:36:40,514 [DEBUG] [TIME] 8237 dividends: 0.46s
2026-07-05 05:36:40,515 [INFO] [DETAIL] 8237 松屋: income_stmt=OK, balance_sheet=OK, cashflow=OK, dividends=OK
2026-07-05 05:36:40,515 [INFO] [TIME] 8237 松屋 処理時間: 1.48s
2026-07-05 05:36:41,855 [DEBUG] [TIME] 8242 info: 0.19s
2026-07-05 05:36:41,856 [DEBUG] yfinance OK: 8242
2026-07-05 05:36:42,026 [DEBUG] [TIME] 8242 income_stmt: 0.17s
2026-07-05 05:36:42,243 [DEBUG] [TIME] 8242 balance_sheet: 0.22s
2026-07-05 05:36:42,518 [DEBUG] [TIME] 8242 cashflow: 0.27s
2026-07-05 05:36:42,923 [DEBUG] [TIME] 8242 dividends: 0.41s
2026-07-05 05:36:42,925 [INFO] [DETAIL] 8242 エイチ・ツー・オー　リテイリング: income_stmt=OK, balance_sheet=OK, cashflow=OK, dividends=OK
2026-07-05 05:36:42,925 [INFO] [TIME] 8242 エイチ・ツー・オー　リテイリング 処理時間: 1.26s
2026-07-05 05:36:44,989 [DEBUG] [TIME] 8244 info: 0.19s
2026-07-05 05:36:44,989 [DEBUG] yfinance OK: 8244
2026-07-05 05:36:45,223 [DEBUG] [TIME] 8244 income_stmt: 0.23s
2026-07-05 05:36:45,484 [DEBUG] [TIME] 8244 balance_sheet: 0.26s
2026-07-05 05:36:45,745 [DEBUG] [TIME] 8244 cashflow: 0.26s
2026-07-05 05:36:46,084 [DEBUG] [TIME] 8244 dividends: 0.34s
2026-07-05 05:36:46,085 [INFO] [DETAIL] 8244 近鉄百貨店: income_stmt=OK, balance_sheet=OK, cashflow=OK, dividends=OK
2026-07-05 05:36:46,085 [INFO] [TIME] 8244 近鉄百貨店 処理時間: 1.29s
2026-07-05 05:36:48,270 [DEBUG] [TIME] 8247 info: 0.26s
2026-07-05 05:36:48,270 [DEBUG] yfinance OK: 8247
2026-07-05 05:36:48,490 [DEBUG] [TIME] 8247 income_stmt: 0.22s
2026-07-05 05:36:48,680 [DEBUG] [TIME] 8247 balance_sheet: 0.19s
2026-07-05 05:36:48,892 [DEBUG] [TIME] 8247 cashflow: 0.21s
2026-07-05 05:36:49,218 [DEBUG] [TIME] 8247 dividends: 0.33s
2026-07-05 05:36:49,219 [INFO] [DETAIL] 8247 大和: income_stmt=OK, balance_sheet=OK, cashflow=OK, dividends=OK
2026-07-05 05:36:49,219 [INFO] [TIME] 8247 大和 処理時間: 1.21s
2026-07-05 05:36:51,254 [DEBUG] [TIME] 8252 info: 0.19s
2026-07-05 05:36:51,254 [DEBUG] yfinance OK: 8252
2026-07-05 05:36:51,549 [DEBUG] [TIME] 8252 income_stmt: 0.29s
2026-07-05 05:36:51,740 [DEBUG] [TIME] 8252 balance_sheet: 0.19s
2026-07-05 05:36:51,902 [DEBUG] [TIME] 8252 cashflow: 0.16s
2026-07-05 05:36:52,254 [DEBUG] [TIME] 8252 dividends: 0.35s
2026-07-05 05:36:52,255 [INFO] [DETAIL] 8252 丸井グループ: income_stmt=OK, balance_sheet=OK, cashflow=OK, dividends=OK
2026-07-05 05:36:52,256 [INFO] [TIME] 8252 丸井グループ 処理時間: 1.19s
2026-07-05 05:36:53,852 [DEBUG] [TIME] 8253 info: 0.19s
2026-07-05 05:36:53,852 [DEBUG] yfinance OK: 8253
2026-07-05 05:36:54,061 [DEBUG] [TIME] 8253 income_stmt: 0.21s
2026-07-05 05:36:54,357 [DEBUG] [TIME] 8253 balance_sheet: 0.30s
2026-07-05 05:36:54,579 [DEBUG] [TIME] 8253 cashflow: 0.22s
2026-07-05 05:36:54,993 [DEBUG] [TIME] 8253 dividends: 0.41s
2026-07-05 05:36:54,994 [INFO] [DETAIL] 8253 クレディセゾン: income_stmt=OK, balance_sheet=OK, cashflow=OK, dividends=OK
2026-07-05 05:36:54,994 [INFO] [TIME] 8253 クレディセゾン 処理時間: 1.33s
2026-07-05 05:36:56,601 [DEBUG] [TIME] 8254 info: 0.19s
2026-07-05 05:36:56,601 [DEBUG] yfinance OK: 8254
2026-07-05 05:36:56,780 [DEBUG] [TIME] 8254 income_stmt: 0.18s
2026-07-05 05:36:56,971 [DEBUG] [TIME] 8254 balance_sheet: 0.19s
2026-07-05 05:36:57,165 [DEBUG] [TIME] 8254 cashflow: 0.19s
2026-07-05 05:36:57,399 [DEBUG] [TIME] 8254 dividends: 0.23s
2026-07-05 05:36:57,399 [INFO] [DETAIL] 8254 さいか屋: income_stmt=OK, balance_sheet=OK, cashflow=OK, dividends=EMPTY
2026-07-05 05:36:57,399 [INFO] [TIME] 8254 さいか屋 処理時間: 0.98s
2026-07-05 05:36:59,213 [DEBUG] [TIME] 8255 info: 0.19s
2026-07-05 05:36:59,213 [DEBUG] yfinance OK: 8255
2026-07-05 05:36:59,482 [DEBUG] [TIME] 8255 income_stmt: 0.27s
2026-07-05 05:36:59,666 [DEBUG] [TIME] 8255 balance_sheet: 0.18s
2026-07-05 05:36:59,954 [DEBUG] [TIME] 8255 cashflow: 0.29s
2026-07-05 05:37:00,378 [DEBUG] [TIME] 8255 dividends: 0.42s
2026-07-05 05:37:00,379 [INFO] [DETAIL] 8255 アクシアル　リテイリング: income_stmt=OK, balance_sheet=OK, cashflow=OK, dividends=OK
2026-07-05 05:37:00,379 [INFO] [TIME] 8255 アクシアル　リテイリング 処理時間: 1.35s
2026-07-05 05:37:02,579 [DEBUG] [TIME] 8260 info: 0.20s
2026-07-05 05:37:02,579 [DEBUG] yfinance OK: 8260
2026-07-05 05:37:02,762 [DEBUG] [TIME] 8260 income_stmt: 0.18s
2026-07-05 05:37:03,025 [DEBUG] [TIME] 8260 balance_sheet: 0.26s
2026-07-05 05:37:03,208 [DEBUG] [TIME] 8260 cashflow: 0.18s
2026-07-05 05:37:03,501 [DEBUG] [TIME] 8260 dividends: 0.29s
2026-07-05 05:37:03,502 [INFO] [DETAIL] 8260 井筒屋: income_stmt=OK, balance_sheet=OK, cashflow=OK, dividends=OK
2026-07-05 05:37:03,502 [INFO] [TIME] 8260 井筒屋 処理時間: 1.12s
2026-07-05 05:37:04,796 [DEBUG] [TIME] 8267 info: 0.19s
2026-07-05 05:37:04,796 [DEBUG] yfinance OK: 8267
2026-07-05 05:37:05,021 [DEBUG] [TIME] 8267 income_stmt: 0.22s
2026-07-05 05:37:05,325 [DEBUG] [TIME] 8267 balance_sheet: 0.30s
2026-07-05 05:37:05,475 [DEBUG] [TIME] 8267 cashflow: 0.15s
2026-07-05 05:37:05,923 [DEBUG] [TIME] 8267 dividends: 0.45s
2026-07-05 05:37:05,924 [INFO] [DETAIL] 8267 イオン: income_stmt=OK, balance_sheet=OK, cashflow=OK, dividends=OK
2026-07-05 05:37:05,924 [INFO] [TIME] 8267 イオン 処理時間: 1.32s
2026-07-05 05:37:07,547 [DEBUG] [TIME] 8273 info: 0.19s
2026-07-05 05:37:07,547 [DEBUG] yfinance OK: 8273
2026-07-05 05:37:07,764 [DEBUG] [TIME] 8273 income_stmt: 0.22s
2026-07-05 05:37:08,005 [DEBUG] [TIME] 8273 balance_sheet: 0.24s
2026-07-05 05:37:08,225 [DEBUG] [TIME] 8273 cashflow: 0.22s
2026-07-05 05:37:08,674 [DEBUG] [TIME] 8273 dividends: 0.45s
2026-07-05 05:37:08,675 [INFO] [DETAIL] 8273 イズミ: income_stmt=OK, balance_sheet=OK, cashflow=OK, dividends=OK
2026-07-05 05:37:08,675 [INFO] [TIME] 8273 イズミ 処理時間: 1.32s
2026-07-05 05:37:09,959 [DEBUG] [TIME] 8275 info: 0.20s
2026-07-05 05:37:09,960 [DEBUG] yfinance OK: 8275
2026-07-05 05:37:10,210 [DEBUG] [TIME] 8275 income_stmt: 0.25s
2026-07-05 05:37:10,538 [DEBUG] [TIME] 8275 balance_sheet: 0.33s
2026-07-05 05:37:10,771 [DEBUG] [TIME] 8275 cashflow: 0.23s
2026-07-05 05:37:11,088 [DEBUG] [TIME] 8275 dividends: 0.32s
2026-07-05 05:37:11,089 [INFO] [DETAIL] 8275 フォーバル: income_stmt=OK, balance_sheet=OK, cashflow=OK, dividends=OK
2026-07-05 05:37:11,089 [INFO] [TIME] 8275 フォーバル 処理時間: 1.33s
2026-07-05 05:37:13,185 [DEBUG] [TIME] 8276 info: 0.26s
2026-07-05 05:37:13,185 [DEBUG] yfinance OK: 8276
2026-07-05 05:37:13,375 [DEBUG] [TIME] 8276 income_stmt: 0.19s
2026-07-05 05:37:13,655 [DEBUG] [TIME] 8276 balance_sheet: 0.28s
2026-07-05 05:37:13,970 [DEBUG] [TIME] 8276 cashflow: 0.31s
2026-07-05 05:37:14,369 [DEBUG] [TIME] 8276 dividends: 0.40s
2026-07-05 05:37:14,370 [INFO] [DETAIL] 8276 平和堂: income_stmt=OK, balance_sheet=OK, cashflow=OK, dividends=OK
2026-07-05 05:37:14,370 [INFO] [TIME] 8276 平和堂 処理時間: 1.45s
2026-07-05 05:37:16,029 [DEBUG] [TIME] 8278 info: 0.25s
2026-07-05 05:37:16,029 [DEBUG] yfinance OK: 8278
2026-07-05 05:37:16,278 [DEBUG] [TIME] 8278 income_stmt: 0.25s
2026-07-05 05:37:16,533 [DEBUG] [TIME] 8278 balance_sheet: 0.25s
2026-07-05 05:37:16,742 [DEBUG] [TIME] 8278 cashflow: 0.21s
2026-07-05 05:37:17,203 [DEBUG] [TIME] 8278 dividends: 0.46s
2026-07-05 05:37:17,204 [INFO] [DETAIL] 8278 フジ: income_stmt=OK, balance_sheet=OK, cashflow=OK, dividends=OK
2026-07-05 05:37:17,204 [INFO] [TIME] 8278 フジ 処理時間: 1.43s
2026-07-05 05:37:19,101 [DEBUG] [TIME] 8281 info: 0.25s
2026-07-05 05:37:19,101 [DEBUG] yfinance OK: 8281
2026-07-05 05:37:19,331 [DEBUG] [TIME] 8281 income_stmt: 0.23s
2026-07-05 05:37:19,681 [DEBUG] [TIME] 8281 balance_sheet: 0.35s
2026-07-05 05:37:19,963 [DEBUG] [TIME] 8281 cashflow: 0.28s
2026-07-05 05:37:20,498 [DEBUG] [TIME] 8281 dividends: 0.53s
2026-07-05 05:37:20,499 [INFO] [DETAIL] 8281 ゼビオホールディングス: income_stmt=OK, balance_sheet=OK, cashflow=OK, dividends=OK
2026-07-05 05:37:20,500 [INFO] [TIME] 8281 ゼビオホールディングス 処理時間: 1.65s
2026-07-05 05:37:22,219 [DEBUG] [TIME] 8282 info: 0.19s
2026-07-05 05:37:22,219 [DEBUG] yfinance OK: 8282
2026-07-05 05:37:22,435 [DEBUG] [TIME] 8282 income_stmt: 0.22s
2026-07-05 05:37:22,652 [DEBUG] [TIME] 8282 balance_sheet: 0.22s
2026-07-05 05:37:22,851 [DEBUG] [TIME] 8282 cashflow: 0.20s
2026-07-05 05:37:23,260 [DEBUG] [TIME] 8282 dividends: 0.41s
2026-07-05 05:37:23,261 [INFO] [DETAIL] 8282 ケーズホールディングス: income_stmt=OK, balance_sheet=OK, cashflow=OK, dividends=OK
2026-07-05 05:37:23,261 [INFO] [TIME] 8282 ケーズホールディングス 処理時間: 1.23s
2026-07-05 05:37:24,521 [DEBUG] [TIME] 8283 info: 0.19s
2026-07-05 05:37:24,521 [DEBUG] yfinance OK: 8283
2026-07-05 05:37:24,695 [DEBUG] [TIME] 8283 income_stmt: 0.17s
2026-07-05 05:37:24,961 [DEBUG] [TIME] 8283 balance_sheet: 0.26s
2026-07-05 05:37:25,204 [DEBUG] [TIME] 8283 cashflow: 0.24s
2026-07-05 05:37:25,505 [DEBUG] [TIME] 8283 dividends: 0.30s
2026-07-05 05:37:25,506 [INFO] [DETAIL] 8283 ＰＡＬＴＡＣ: income_stmt=OK, balance_sheet=OK, cashflow=OK, dividends=OK
2026-07-05 05:37:25,506 [INFO] [TIME] 8283 ＰＡＬＴＡＣ 処理時間: 1.18s
2026-07-05 05:37:27,009 [DEBUG] [TIME] 8285 info: 0.18s
2026-07-05 05:37:27,010 [DEBUG] yfinance OK: 8285
2026-07-05 05:37:27,331 [DEBUG] [TIME] 8285 income_stmt: 0.32s
2026-07-05 05:37:27,587 [DEBUG] [TIME] 8285 balance_sheet: 0.25s
2026-07-05 05:37:27,821 [DEBUG] [TIME] 8285 cashflow: 0.23s
2026-07-05 05:37:28,122 [DEBUG] [TIME] 8285 dividends: 0.30s
2026-07-05 05:37:28,123 [INFO] [DETAIL] 8285 三谷産業: income_stmt=OK, balance_sheet=OK, cashflow=OK, dividends=OK
2026-07-05 05:37:28,123 [INFO] [TIME] 8285 三谷産業 処理時間: 1.30s
2026-07-05 05:37:30,104 [DEBUG] [TIME] 8289 info: 0.20s
2026-07-05 05:37:30,104 [DEBUG] yfinance OK: 8289
2026-07-05 05:37:30,352 [DEBUG] [TIME] 8289 income_stmt: 0.25s
2026-07-05 05:37:30,596 [DEBUG] [TIME] 8289 balance_sheet: 0.24s
2026-07-05 05:37:30,785 [DEBUG] [TIME] 8289 cashflow: 0.19s
2026-07-05 05:37:31,130 [DEBUG] [TIME] 8289 dividends: 0.35s
2026-07-05 05:37:31,131 [INFO] [DETAIL] 8289 Ｏｌｙｍｐｉｃグループ: income_stmt=OK, balance_sheet=OK, cashflow=OK, dividends=OK
2026-07-05 05:37:31,131 [INFO] [TIME] 8289 Ｏｌｙｍｐｉｃグループ 処理時間: 1.22s
2026-07-05 05:37:33,167 [DEBUG] [TIME] 8291 info: 0.20s
2026-07-05 05:37:33,167 [DEBUG] yfinance OK: 8291
2026-07-05 05:37:33,383 [DEBUG] [TIME] 8291 income_stmt: 0.22s
2026-07-05 05:37:33,638 [DEBUG] [TIME] 8291 balance_sheet: 0.25s
2026-07-05 05:37:33,954 [DEBUG] [TIME] 8291 cashflow: 0.31s
2026-07-05 05:37:34,335 [DEBUG] [TIME] 8291 dividends: 0.38s
2026-07-05 05:37:34,336 [INFO] [DETAIL] 8291 日産東京販売ホールディングス: income_stmt=OK, balance_sheet=OK, cashflow=OK, dividends=OK
2026-07-05 05:37:34,336 [INFO] [TIME] 8291 日産東京販売ホールディングス 処理時間: 1.36s
2026-07-05 05:37:36,226 [DEBUG] [TIME] 8303 info: 0.19s
2026-07-05 05:37:36,226 [DEBUG] yfinance OK: 8303
2026-07-05 05:37:36,471 [DEBUG] [TIME] 8303 income_stmt: 0.25s
2026-07-05 05:37:36,696 [DEBUG] [TIME] 8303 balance_sheet: 0.22s
2026-07-05 05:37:36,884 [DEBUG] [TIME] 8303 cashflow: 0.19s
2026-07-05 05:37:37,228 [DEBUG] [TIME] 8303 dividends: 0.34s
2026-07-05 05:37:37,229 [INFO] [DETAIL] 8303 ＳＢＩ新生銀行: income_stmt=OK, balance_sheet=OK, cashflow=OK, dividends=OK
2026-07-05 05:37:37,229 [INFO] [TIME] 8303 ＳＢＩ新生銀行 処理時間: 1.19s
2026-07-05 05:37:39,193 [DEBUG] [TIME] 8304 info: 0.26s
2026-07-05 05:37:39,193 [DEBUG] yfinance OK: 8304
2026-07-05 05:37:39,402 [DEBUG] [TIME] 8304 income_stmt: 0.21s
2026-07-05 05:37:39,579 [DEBUG] [TIME] 8304 balance_sheet: 0.18s
2026-07-05 05:37:39,743 [DEBUG] [TIME] 8304 cashflow: 0.16s
2026-07-05 05:37:40,074 [DEBUG] [TIME] 8304 dividends: 0.33s
2026-07-05 05:37:40,075 [INFO] [DETAIL] 8304 あおぞら銀行: income_stmt=OK, balance_sheet=OK, cashflow=OK, dividends=OK
2026-07-05 05:37:40,075 [INFO] [TIME] 8304 あおぞら銀行 処理時間: 1.14s
2026-07-05 05:37:41,883 [DEBUG] [TIME] 8306 info: 0.20s
2026-07-05 05:37:41,883 [DEBUG] yfinance OK: 8306
2026-07-05 05:37:42,154 [DEBUG] [TIME] 8306 income_stmt: 0.27s
2026-07-05 05:37:42,366 [DEBUG] [TIME] 8306 balance_sheet: 0.21s
2026-07-05 05:37:42,564 [DEBUG] [TIME] 8306 cashflow: 0.20s
2026-07-05 05:37:42,938 [DEBUG] [TIME] 8306 dividends: 0.37s
2026-07-05 05:37:42,939 [INFO] [DETAIL] 8306 三菱ＵＦＪフィナンシャル・グループ: income_stmt=OK, balance_sheet=OK, cashflow=OK, dividends=OK
2026-07-05 05:37:42,939 [INFO] [TIME] 8306 三菱ＵＦＪフィナンシャル・グループ 処理時間: 1.25s
2026-07-05 05:37:44,947 [DEBUG] [TIME] 8308 info: 0.19s
2026-07-05 05:37:44,947 [DEBUG] yfinance OK: 8308
2026-07-05 05:37:45,231 [DEBUG] [TIME] 8308 income_stmt: 0.28s
2026-07-05 05:37:45,471 [DEBUG] [TIME] 8308 balance_sheet: 0.24s
2026-07-05 05:37:45,694 [DEBUG] [TIME] 8308 cashflow: 0.22s
2026-07-05 05:37:46,067 [DEBUG] [TIME] 8308 dividends: 0.37s
2026-07-05 05:37:46,068 [INFO] [DETAIL] 8308 りそなホールディングス: income_stmt=OK, balance_sheet=OK, cashflow=OK, dividends=OK
2026-07-05 05:37:46,068 [INFO] [TIME] 8308 りそなホールディングス 処理時間: 1.31s
2026-07-05 05:37:48,018 [DEBUG] [TIME] 8309 info: 0.19s
2026-07-05 05:37:48,018 [DEBUG] yfinance OK: 8309
2026-07-05 05:37:48,274 [DEBUG] [TIME] 8309 income_stmt: 0.26s
2026-07-05 05:37:48,463 [DEBUG] [TIME] 8309 balance_sheet: 0.19s
2026-07-05 05:37:48,675 [DEBUG] [TIME] 8309 cashflow: 0.21s
2026-07-05 05:37:49,254 [DEBUG] [TIME] 8309 dividends: 0.58s
2026-07-05 05:37:49,255 [INFO] [DETAIL] 8309 三井住友トラストグループ: income_stmt=OK, balance_sheet=OK, cashflow=OK, dividends=OK
2026-07-05 05:37:49,255 [INFO] [TIME] 8309 三井住友トラストグループ 処理時間: 1.43s
2026-07-05 05:37:50,629 [DEBUG] [TIME] 8316 info: 0.23s
2026-07-05 05:37:50,629 [DEBUG] yfinance OK: 8316
2026-07-05 05:37:50,878 [DEBUG] [TIME] 8316 income_stmt: 0.25s
2026-07-05 05:37:51,150 [DEBUG] [TIME] 8316 balance_sheet: 0.27s
2026-07-05 05:37:51,362 [DEBUG] [TIME] 8316 cashflow: 0.21s
2026-07-05 05:37:51,745 [DEBUG] [TIME] 8316 dividends: 0.38s
2026-07-05 05:37:51,746 [INFO] [DETAIL] 8316 三井住友フィナンシャルグループ: income_stmt=OK, balance_sheet=OK, cashflow=OK, dividends=OK
2026-07-05 05:37:51,746 [INFO] [TIME] 8316 三井住友フィナンシャルグループ 処理時間: 1.35s
2026-07-05 05:37:53,074 [DEBUG] [TIME] 8331 info: 0.19s
2026-07-05 05:37:53,074 [DEBUG] yfinance OK: 8331
2026-07-05 05:37:53,260 [DEBUG] [TIME] 8331 income_stmt: 0.19s
2026-07-05 05:37:53,778 [DEBUG] [TIME] 8331 balance_sheet: 0.52s
2026-07-05 05:37:54,011 [DEBUG] [TIME] 8331 cashflow: 0.23s
2026-07-05 05:37:54,433 [DEBUG] [TIME] 8331 dividends: 0.42s
2026-07-05 05:37:54,435 [INFO] [DETAIL] 8331 千葉銀行: income_stmt=OK, balance_sheet=OK, cashflow=OK, dividends=OK
2026-07-05 05:37:54,435 [INFO] [TIME] 8331 千葉銀行 処理時間: 1.55s
2026-07-05 05:37:56,529 [DEBUG] [TIME] 8334 info: 0.19s
2026-07-05 05:37:56,529 [DEBUG] yfinance OK: 8334
2026-07-05 05:37:56,729 [DEBUG] [TIME] 8334 income_stmt: 0.20s
2026-07-05 05:37:56,901 [DEBUG] [TIME] 8334 balance_sheet: 0.17s
2026-07-05 05:37:57,094 [DEBUG] [TIME] 8334 cashflow: 0.19s
2026-07-05 05:37:57,605 [DEBUG] [TIME] 8334 dividends: 0.51s
2026-07-05 05:37:57,606 [INFO] [DETAIL] 8334 群馬銀行: income_stmt=OK, balance_sheet=OK, cashflow=OK, dividends=OK
2026-07-05 05:37:57,606 [INFO] [TIME] 8334 群馬銀行 処理時間: 1.27s
2026-07-05 05:37:58,834 [DEBUG] [TIME] 8336 info: 0.19s
2026-07-05 05:37:58,834 [DEBUG] yfinance OK: 8336
2026-07-05 05:37:59,067 [DEBUG] [TIME] 8336 income_stmt: 0.23s
2026-07-05 05:37:59,261 [DEBUG] [TIME] 8336 balance_sheet: 0.19s
2026-07-05 05:37:59,483 [DEBUG] [TIME] 8336 cashflow: 0.22s
2026-07-05 05:37:59,907 [DEBUG] [TIME] 8336 dividends: 0.42s
2026-07-05 05:37:59,908 [INFO] [DETAIL] 8336 武蔵野銀行: income_stmt=OK, balance_sheet=OK, cashflow=OK, dividends=OK
2026-07-05 05:37:59,908 [INFO] [TIME] 8336 武蔵野銀行 処理時間: 1.27s
2026-07-05 05:38:01,378 [DEBUG] [TIME] 8337 info: 0.19s
2026-07-05 05:38:01,378 [DEBUG] yfinance OK: 8337
2026-07-05 05:38:01,545 [DEBUG] [TIME] 8337 income_stmt: 0.17s
2026-07-05 05:38:01,811 [DEBUG] [TIME] 8337 balance_sheet: 0.27s
2026-07-05 05:38:02,109 [DEBUG] [TIME] 8337 cashflow: 0.30s
2026-07-05 05:38:02,543 [DEBUG] [TIME] 8337 dividends: 0.43s
2026-07-05 05:38:02,544 [INFO] [DETAIL] 8337 千葉興業銀行: income_stmt=OK, balance_sheet=OK, cashflow=OK, dividends=OK
2026-07-05 05:38:02,544 [INFO] [TIME] 8337 千葉興業銀行 処理時間: 1.36s
2026-07-05 05:38:04,324 [DEBUG] [TIME] 8338 info: 0.21s
2026-07-05 05:38:04,324 [DEBUG] yfinance OK: 8338
2026-07-05 05:38:04,554 [DEBUG] [TIME] 8338 income_stmt: 0.23s
2026-07-05 05:38:04,891 [DEBUG] [TIME] 8338 balance_sheet: 0.34s
2026-07-05 05:38:05,161 [DEBUG] [TIME] 8338 cashflow: 0.27s
2026-07-05 05:38:05,542 [DEBUG] [TIME] 8338 dividends: 0.38s
2026-07-05 05:38:05,543 [INFO] [DETAIL] 8338 筑波銀行: income_stmt=OK, balance_sheet=OK, cashflow=OK, dividends=OK
2026-07-05 05:38:05,543 [INFO] [TIME] 8338 筑波銀行 処理時間: 1.43s
2026-07-05 05:38:07,074 [DEBUG] [TIME] 8341 info: 0.33s
2026-07-05 05:38:07,074 [DEBUG] yfinance OK: 8341
2026-07-05 05:38:07,359 [DEBUG] [TIME] 8341 income_stmt: 0.28s
2026-07-05 05:38:07,563 [DEBUG] [TIME] 8341 balance_sheet: 0.20s
2026-07-05 05:38:07,810 [DEBUG] [TIME] 8341 cashflow: 0.25s
2026-07-05 05:38:08,205 [DEBUG] [TIME] 8341 dividends: 0.40s
2026-07-05 05:38:08,207 [INFO] [DETAIL] 8341 七十七銀行: income_stmt=OK, balance_sheet=OK, cashflow=OK, dividends=OK
2026-07-05 05:38:08,207 [INFO] [TIME] 8341 七十七銀行 処理時間: 1.46s
2026-07-05 05:38:09,500 [DEBUG] [TIME] 8343 info: 0.19s
2026-07-05 05:38:09,500 [DEBUG] yfinance OK: 8343
2026-07-05 05:38:09,686 [DEBUG] [TIME] 8343 income_stmt: 0.19s
2026-07-05 05:38:09,926 [DEBUG] [TIME] 8343 balance_sheet: 0.24s
2026-07-05 05:38:10,167 [DEBUG] [TIME] 8343 cashflow: 0.24s
2026-07-05 05:38:10,608 [DEBUG] [TIME] 8343 dividends: 0.44s
2026-07-05 05:38:10,609 [INFO] [DETAIL] 8343 秋田銀行: income_stmt=OK, balance_sheet=OK, cashflow=OK, dividends=OK
2026-07-05 05:38:10,609 [INFO] [TIME] 8343 秋田銀行 処理時間: 1.30s
2026-07-05 05:38:12,767 [DEBUG] [TIME] 8344 info: 0.19s
2026-07-05 05:38:12,767 [DEBUG] yfinance OK: 8344
2026-07-05 05:38:12,950 [DEBUG] [TIME] 8344 income_stmt: 0.18s
2026-07-05 05:38:13,139 [DEBUG] [TIME] 8344 balance_sheet: 0.19s
2026-07-05 05:38:13,337 [DEBUG] [TIME] 8344 cashflow: 0.20s
2026-07-05 05:38:13,690 [DEBUG] [TIME] 8344 dividends: 0.35s
2026-07-05 05:38:13,691 [INFO] [DETAIL] 8344 山形銀行: income_stmt=OK, balance_sheet=OK, cashflow=OK, dividends=OK
2026-07-05 05:38:13,691 [INFO] [TIME] 8344 山形銀行 処理時間: 1.12s
2026-07-05 05:38:15,076 [DEBUG] [TIME] 8345 info: 0.20s
2026-07-05 05:38:15,076 [DEBUG] yfinance OK: 8345
2026-07-05 05:38:15,300 [DEBUG] [TIME] 8345 income_stmt: 0.22s
2026-07-05 05:38:15,525 [DEBUG] [TIME] 8345 balance_sheet: 0.22s
2026-07-05 05:38:15,813 [DEBUG] [TIME] 8345 cashflow: 0.29s
2026-07-05 05:38:16,239 [DEBUG] [TIME] 8345 dividends: 0.43s
2026-07-05 05:38:16,240 [INFO] [DETAIL] 8345 岩手銀行: income_stmt=OK, balance_sheet=OK, cashflow=OK, dividends=OK
2026-07-05 05:38:16,241 [INFO] [TIME] 8345 岩手銀行 処理時間: 1.36s
2026-07-05 05:38:18,283 [DEBUG] [TIME] 8346 info: 0.25s
2026-07-05 05:38:18,284 [DEBUG] yfinance OK: 8346
2026-07-05 05:38:18,525 [DEBUG] [TIME] 8346 income_stmt: 0.24s
2026-07-05 05:38:18,727 [DEBUG] [TIME] 8346 balance_sheet: 0.20s
2026-07-05 05:38:18,982 [DEBUG] [TIME] 8346 cashflow: 0.25s
2026-07-05 05:38:19,411 [DEBUG] [TIME] 8346 dividends: 0.43s
2026-07-05 05:38:19,412 [INFO] [DETAIL] 8346 東邦銀行: income_stmt=OK, balance_sheet=OK, cashflow=OK, dividends=OK
2026-07-05 05:38:19,412 [INFO] [TIME] 8346 東邦銀行 処理時間: 1.38s
2026-07-05 05:38:20,842 [DEBUG] [TIME] 8349 info: 0.19s
2026-07-05 05:38:20,842 [DEBUG] yfinance OK: 8349
2026-07-05 05:38:21,117 [DEBUG] [TIME] 8349 income_stmt: 0.27s
2026-07-05 05:38:21,327 [DEBUG] [TIME] 8349 balance_sheet: 0.21s
2026-07-05 05:38:21,531 [DEBUG] [TIME] 8349 cashflow: 0.20s
2026-07-05 05:38:21,962 [DEBUG] [TIME] 8349 dividends: 0.43s
2026-07-05 05:38:21,963 [INFO] [DETAIL] 8349 東北銀行: income_stmt=OK, balance_sheet=OK, cashflow=OK, dividends=OK
2026-07-05 05:38:21,963 [INFO] [TIME] 8349 東北銀行 処理時間: 1.31s
2026-07-05 05:38:24,179 [DEBUG] [TIME] 8354 info: 0.25s
2026-07-05 05:38:24,179 [DEBUG] yfinance OK: 8354
2026-07-05 05:38:24,410 [DEBUG] [TIME] 8354 income_stmt: 0.23s
2026-07-05 05:38:24,663 [DEBUG] [TIME] 8354 balance_sheet: 0.25s
2026-07-05 05:38:24,928 [DEBUG] [TIME] 8354 cashflow: 0.26s
2026-07-05 05:38:25,296 [DEBUG] [TIME] 8354 dividends: 0.37s
2026-07-05 05:38:25,297 [INFO] [DETAIL] 8354 ふくおかフィナンシャルグループ: income_stmt=OK, balance_sheet=OK, cashflow=OK, dividends=OK
2026-07-05 05:38:25,297 [INFO] [TIME] 8354 ふくおかフィナンシャルグループ 処理時間: 1.37s
2026-07-05 05:38:26,872 [DEBUG] [TIME] 8358 info: 0.20s
2026-07-05 05:38:26,872 [DEBUG] yfinance OK: 8358
2026-07-05 05:38:27,194 [DEBUG] [TIME] 8358 income_stmt: 0.32s
2026-07-05 05:38:27,511 [DEBUG] [TIME] 8358 balance_sheet: 0.32s
2026-07-05 05:38:27,707 [DEBUG] [TIME] 8358 cashflow: 0.19s
2026-07-05 05:38:28,088 [DEBUG] [TIME] 8358 dividends: 0.38s
2026-07-05 05:38:28,089 [INFO] [DETAIL] 8358 スルガ銀行: income_stmt=OK, balance_sheet=OK, cashflow=OK, dividends=OK
2026-07-05 05:38:28,089 [INFO] [TIME] 8358 スルガ銀行 処理時間: 1.41s
2026-07-05 05:38:30,202 [DEBUG] [TIME] 8359 info: 0.20s
2026-07-05 05:38:30,202 [DEBUG] yfinance OK: 8359
2026-07-05 05:38:30,401 [DEBUG] [TIME] 8359 income_stmt: 0.20s
2026-07-05 05:38:30,624 [DEBUG] [TIME] 8359 balance_sheet: 0.22s
2026-07-05 05:38:30,851 [DEBUG] [TIME] 8359 cashflow: 0.23s
2026-07-05 05:38:31,268 [DEBUG] [TIME] 8359 dividends: 0.42s
2026-07-05 05:38:31,270 [INFO] [DETAIL] 8359 八十二長野銀行: income_stmt=OK, balance_sheet=OK, cashflow=OK, dividends=OK
2026-07-05 05:38:31,270 [INFO] [TIME] 8359 八十二長野銀行 処理時間: 1.27s
2026-07-05 05:38:32,820 [DEBUG] [TIME] 8360 info: 0.25s
2026-07-05 05:38:32,820 [DEBUG] yfinance OK: 8360
2026-07-05 05:38:33,002 [DEBUG] [TIME] 8360 income_stmt: 0.18s
2026-07-05 05:38:33,230 [DEBUG] [TIME] 8360 balance_sheet: 0.23s
2026-07-05 05:38:33,442 [DEBUG] [TIME] 8360 cashflow: 0.21s
2026-07-05 05:38:33,852 [DEBUG] [TIME] 8360 dividends: 0.41s
2026-07-05 05:38:33,853 [INFO] [DETAIL] 8360 山梨中央銀行: income_stmt=OK, balance_sheet=OK, cashflow=OK, dividends=OK
2026-07-05 05:38:33,853 [INFO] [TIME] 8360 山梨中央銀行 処理時間: 1.29s
2026-07-05 05:38:35,216 [DEBUG] [TIME] 8361 info: 0.19s
2026-07-05 05:38:35,217 [DEBUG] yfinance OK: 8361
2026-07-05 05:38:35,407 [DEBUG] [TIME] 8361 income_stmt: 0.19s
2026-07-05 05:38:35,614 [DEBUG] [TIME] 8361 balance_sheet: 0.21s
2026-07-05 05:38:35,876 [DEBUG] [TIME] 8361 cashflow: 0.26s
2026-07-05 05:38:36,314 [DEBUG] [TIME] 8361 dividends: 0.44s
2026-07-05 05:38:36,315 [INFO] [DETAIL] 8361 大垣共立銀行: income_stmt=OK, balance_sheet=OK, cashflow=OK, dividends=OK
2026-07-05 05:38:36,315 [INFO] [TIME] 8361 大垣共立銀行 処理時間: 1.29s
2026-07-05 05:38:38,540 [DEBUG] [TIME] 8362 info: 0.26s
2026-07-05 05:38:38,540 [DEBUG] yfinance OK: 8362
2026-07-05 05:38:38,733 [DEBUG] [TIME] 8362 income_stmt: 0.19s
2026-07-05 05:38:38,964 [DEBUG] [TIME] 8362 balance_sheet: 0.23s
2026-07-05 05:38:39,153 [DEBUG] [TIME] 8362 cashflow: 0.19s
2026-07-05 05:38:39,580 [DEBUG] [TIME] 8362 dividends: 0.43s
2026-07-05 05:38:39,581 [INFO] [DETAIL] 8362 福井銀行: income_stmt=OK, balance_sheet=OK, cashflow=OK, dividends=OK
2026-07-05 05:38:39,582 [INFO] [TIME] 8362 福井銀行 処理時間: 1.30s
2026-07-05 05:38:40,826 [DEBUG] [TIME] 8364 info: 0.21s
2026-07-05 05:38:40,826 [DEBUG] yfinance OK: 8364
2026-07-05 05:38:41,026 [DEBUG] [TIME] 8364 income_stmt: 0.20s
2026-07-05 05:38:41,282 [DEBUG] [TIME] 8364 balance_sheet: 0.26s
2026-07-05 05:38:41,574 [DEBUG] [TIME] 8364 cashflow: 0.29s
2026-07-05 05:38:41,949 [DEBUG] [TIME] 8364 dividends: 0.37s
2026-07-05 05:38:41,950 [INFO] [DETAIL] 8364 清水銀行: income_stmt=OK, balance_sheet=OK, cashflow=OK, dividends=OK
2026-07-05 05:38:41,950 [INFO] [TIME] 8364 清水銀行 処理時間: 1.33s
2026-07-05 05:38:43,573 [DEBUG] [TIME] 8365 info: 0.20s
2026-07-05 05:38:43,573 [DEBUG] yfinance OK: 8365
2026-07-05 05:38:43,774 [DEBUG] [TIME] 8365 income_stmt: 0.20s
2026-07-05 05:38:44,027 [DEBUG] [TIME] 8365 balance_sheet: 0.25s
2026-07-05 05:38:44,245 [DEBUG] [TIME] 8365 cashflow: 0.22s
2026-07-05 05:38:44,560 [DEBUG] [TIME] 8365 dividends: 0.31s
2026-07-05 05:38:44,561 [INFO] [DETAIL] 8365 富山銀行: income_stmt=OK, balance_sheet=OK, cashflow=OK, dividends=OK
2026-07-05 05:38:44,561 [INFO] [TIME] 8365 富山銀行 処理時間: 1.18s
2026-07-05 05:38:46,474 [DEBUG] [TIME] 8366 info: 0.20s
2026-07-05 05:38:46,474 [DEBUG] yfinance OK: 8366
2026-07-05 05:38:46,695 [DEBUG] [TIME] 8366 income_stmt: 0.22s
2026-07-05 05:38:46,934 [DEBUG] [TIME] 8366 balance_sheet: 0.24s
2026-07-05 05:38:47,148 [DEBUG] [TIME] 8366 cashflow: 0.21s
2026-07-05 05:38:47,678 [DEBUG] [TIME] 8366 dividends: 0.53s
2026-07-05 05:38:47,679 [INFO] [DETAIL] 8366 滋賀銀行: income_stmt=OK, balance_sheet=OK, cashflow=OK, dividends=OK
2026-07-05 05:38:47,679 [INFO] [TIME] 8366 滋賀銀行 処理時間: 1.40s
2026-07-05 05:38:49,310 [DEBUG] [TIME] 8367 info: 0.19s
2026-07-05 05:38:49,310 [DEBUG] yfinance OK: 8367
2026-07-05 05:38:49,524 [DEBUG] [TIME] 8367 income_stmt: 0.21s
2026-07-05 05:38:49,797 [DEBUG] [TIME] 8367 balance_sheet: 0.27s
2026-07-05 05:38:50,002 [DEBUG] [TIME] 8367 cashflow: 0.20s
2026-07-05 05:38:50,379 [DEBUG] [TIME] 8367 dividends: 0.38s
2026-07-05 05:38:50,380 [INFO] [DETAIL] 8367 南都銀行: income_stmt=OK, balance_sheet=OK, cashflow=OK, dividends=OK
2026-07-05 05:38:50,380 [INFO] [TIME] 8367 南都銀行 処理時間: 1.26s
2026-07-05 05:38:52,553 [DEBUG] [TIME] 8368 info: 0.19s
2026-07-05 05:38:52,553 [DEBUG] yfinance OK: 8368
2026-07-05 05:38:52,778 [DEBUG] [TIME] 8368 income_stmt: 0.22s
2026-07-05 05:38:52,998 [DEBUG] [TIME] 8368 balance_sheet: 0.22s
2026-07-05 05:38:53,185 [DEBUG] [TIME] 8368 cashflow: 0.19s
2026-07-05 05:38:53,603 [DEBUG] [TIME] 8368 dividends: 0.42s
2026-07-05 05:38:53,604 [INFO] [DETAIL] 8368 百五銀行: income_stmt=OK, balance_sheet=OK, cashflow=OK, dividends=OK
2026-07-05 05:38:53,604 [INFO] [TIME] 8368 百五銀行 処理時間: 1.24s
2026-07-05 05:38:55,079 [DEBUG] [TIME] 8370 info: 0.19s
2026-07-05 05:38:55,079 [DEBUG] yfinance OK: 8370
2026-07-05 05:38:55,258 [DEBUG] [TIME] 8370 income_stmt: 0.18s
2026-07-05 05:38:55,496 [DEBUG] [TIME] 8370 balance_sheet: 0.24s
2026-07-05 05:38:55,711 [DEBUG] [TIME] 8370 cashflow: 0.21s
2026-07-05 05:38:55,970 [DEBUG] [TIME] 8370 dividends: 0.26s
2026-07-05 05:38:55,971 [INFO] [DETAIL] 8370 紀陽銀行: income_stmt=OK, balance_sheet=OK, cashflow=OK, dividends=OK
2026-07-05 05:38:55,971 [INFO] [TIME] 8370 紀陽銀行 処理時間: 1.09s
2026-07-05 05:38:57,284 [DEBUG] [TIME] 8377 info: 0.19s
2026-07-05 05:38:57,284 [DEBUG] yfinance OK: 8377
2026-07-05 05:38:57,439 [DEBUG] [TIME] 8377 income_stmt: 0.15s
2026-07-05 05:38:57,646 [DEBUG] [TIME] 8377 balance_sheet: 0.21s
2026-07-05 05:38:57,848 [DEBUG] [TIME] 8377 cashflow: 0.20s
2026-07-05 05:38:58,233 [DEBUG] [TIME] 8377 dividends: 0.38s
2026-07-05 05:38:58,234 [INFO] [DETAIL] 8377 ほくほくフィナンシャルグループ: income_stmt=OK, balance_sheet=OK, cashflow=OK, dividends=OK
2026-07-05 05:38:58,234 [INFO] [TIME] 8377 ほくほくフィナンシャルグループ 処理時間: 1.14s
2026-07-05 05:39:00,067 [DEBUG] [TIME] 8381 info: 0.19s
2026-07-05 05:39:00,067 [DEBUG] yfinance OK: 8381
2026-07-05 05:39:00,292 [DEBUG] [TIME] 8381 income_stmt: 0.22s
2026-07-05 05:39:00,623 [DEBUG] [TIME] 8381 balance_sheet: 0.33s
2026-07-05 05:39:00,820 [DEBUG] [TIME] 8381 cashflow: 0.20s
2026-07-05 05:39:01,191 [DEBUG] [TIME] 8381 dividends: 0.37s
2026-07-05 05:39:01,192 [INFO] [DETAIL] 8381 山陰合同銀行: income_stmt=OK, balance_sheet=OK, cashflow=OK, dividends=OK
2026-07-05 05:39:01,193 [INFO] [TIME] 8381 山陰合同銀行 処理時間: 1.31s
2026-07-05 05:39:03,201 [DEBUG] [TIME] 8383 info: 0.26s
2026-07-05 05:39:03,201 [DEBUG] yfinance OK: 8383
2026-07-05 05:39:03,433 [DEBUG] [TIME] 8383 income_stmt: 0.23s
2026-07-05 05:39:03,663 [DEBUG] [TIME] 8383 balance_sheet: 0.23s
2026-07-05 05:39:03,861 [DEBUG] [TIME] 8383 cashflow: 0.20s
2026-07-05 05:39:04,340 [DEBUG] [TIME] 8383 dividends: 0.48s
2026-07-05 05:39:04,341 [INFO] [DETAIL] 8383 鳥取銀行: income_stmt=OK, balance_sheet=OK, cashflow=OK, dividends=OK
2026-07-05 05:39:04,341 [INFO] [TIME] 8383 鳥取銀行 処理時間: 1.40s
2026-07-05 05:39:06,489 [DEBUG] [TIME] 8386 info: 0.25s
2026-07-05 05:39:06,489 [DEBUG] yfinance OK: 8386
2026-07-05 05:39:06,700 [DEBUG] [TIME] 8386 income_stmt: 0.21s
2026-07-05 05:39:06,958 [DEBUG] [TIME] 8386 balance_sheet: 0.26s
2026-07-05 05:39:07,243 [DEBUG] [TIME] 8386 cashflow: 0.28s
2026-07-05 05:39:07,632 [DEBUG] [TIME] 8386 dividends: 0.39s
2026-07-05 05:39:07,633 [INFO] [DETAIL] 8386 百十四銀行: income_stmt=OK, balance_sheet=OK, cashflow=OK, dividends=OK
2026-07-05 05:39:07,633 [INFO] [TIME] 8386 百十四銀行 処理時間: 1.40s
2026-07-05 05:39:09,520 [DEBUG] [TIME] 8387 info: 0.20s
2026-07-05 05:39:09,520 [DEBUG] yfinance OK: 8387
2026-07-05 05:39:09,696 [DEBUG] [TIME] 8387 income_stmt: 0.18s
2026-07-05 05:39:09,882 [DEBUG] [TIME] 8387 balance_sheet: 0.19s
2026-07-05 05:39:10,098 [DEBUG] [TIME] 8387 cashflow: 0.21s
2026-07-05 05:39:10,545 [DEBUG] [TIME] 8387 dividends: 0.45s
2026-07-05 05:39:10,546 [INFO] [DETAIL] 8387 四国銀行: income_stmt=OK, balance_sheet=OK, cashflow=OK, dividends=OK
2026-07-05 05:39:10,547 [INFO] [TIME] 8387 四国銀行 処理時間: 1.23s
2026-07-05 05:39:12,548 [DEBUG] [TIME] 8388 info: 0.19s
2026-07-05 05:39:12,548 [DEBUG] yfinance OK: 8388
2026-07-05 05:39:12,717 [DEBUG] [TIME] 8388 income_stmt: 0.17s
2026-07-05 05:39:12,953 [DEBUG] [TIME] 8388 balance_sheet: 0.24s
2026-07-05 05:39:13,169 [DEBUG] [TIME] 8388 cashflow: 0.21s
2026-07-05 05:39:13,593 [DEBUG] [TIME] 8388 dividends: 0.42s
2026-07-05 05:39:13,594 [INFO] [DETAIL] 8388 阿波銀行: income_stmt=OK, balance_sheet=OK, cashflow=OK, dividends=OK
2026-07-05 05:39:13,594 [INFO] [TIME] 8388 阿波銀行 処理時間: 1.24s
2026-07-05 05:39:15,413 [DEBUG] [TIME] 8392 info: 0.19s
2026-07-05 05:39:15,413 [DEBUG] yfinance OK: 8392
2026-07-05 05:39:15,726 [DEBUG] [TIME] 8392 income_stmt: 0.31s
2026-07-05 05:39:15,948 [DEBUG] [TIME] 8392 balance_sheet: 0.22s
2026-07-05 05:39:16,163 [DEBUG] [TIME] 8392 cashflow: 0.21s
2026-07-05 05:39:16,559 [DEBUG] [TIME] 8392 dividends: 0.40s
2026-07-05 05:39:16,560 [INFO] [DETAIL] 8392 大分銀行: income_stmt=OK, balance_sheet=OK, cashflow=OK, dividends=OK
2026-07-05 05:39:16,560 [INFO] [TIME] 8392 大分銀行 処理時間: 1.34s
2026-07-05 05:39:18,195 [DEBUG] [TIME] 8393 info: 0.20s
2026-07-05 05:39:18,196 [DEBUG] yfinance OK: 8393
2026-07-05 05:39:18,407 [DEBUG] [TIME] 8393 income_stmt: 0.21s
2026-07-05 05:39:18,599 [DEBUG] [TIME] 8393 balance_sheet: 0.19s
2026-07-05 05:39:18,804 [DEBUG] [TIME] 8393 cashflow: 0.20s
2026-07-05 05:39:19,195 [DEBUG] [TIME] 8393 dividends: 0.39s
2026-07-05 05:39:19,196 [INFO] [DETAIL] 8393 宮崎銀行: income_stmt=OK, balance_sheet=OK, cashflow=OK, dividends=OK
2026-07-05 05:39:19,196 [INFO] [TIME] 8393 宮崎銀行 処理時間: 1.20s
2026-07-05 05:39:21,257 [DEBUG] [TIME] 8395 info: 0.19s
2026-07-05 05:39:21,257 [DEBUG] yfinance OK: 8395
2026-07-05 05:39:21,434 [DEBUG] [TIME] 8395 income_stmt: 0.18s
2026-07-05 05:39:21,633 [DEBUG] [TIME] 8395 balance_sheet: 0.20s
2026-07-05 05:39:21,852 [DEBUG] [TIME] 8395 cashflow: 0.22s
2026-07-05 05:39:22,290 [DEBUG] [TIME] 8395 dividends: 0.44s
2026-07-05 05:39:22,291 [INFO] [DETAIL] 8395 佐賀銀行: income_stmt=OK, balance_sheet=OK, cashflow=OK, dividends=OK
2026-07-05 05:39:22,291 [INFO] [TIME] 8395 佐賀銀行 処理時間: 1.22s
2026-07-05 05:39:24,063 [DEBUG] [TIME] 8399 info: 0.19s
2026-07-05 05:39:24,064 [DEBUG] yfinance OK: 8399
2026-07-05 05:39:24,340 [DEBUG] [TIME] 8399 income_stmt: 0.28s
2026-07-05 05:39:24,571 [DEBUG] [TIME] 8399 balance_sheet: 0.23s
2026-07-05 05:39:24,781 [DEBUG] [TIME] 8399 cashflow: 0.21s
2026-07-05 05:39:25,195 [DEBUG] [TIME] 8399 dividends: 0.41s
2026-07-05 05:39:25,196 [INFO] [DETAIL] 8399 琉球銀行: income_stmt=OK, balance_sheet=OK, cashflow=OK, dividends=OK
2026-07-05 05:39:25,196 [INFO] [TIME] 8399 琉球銀行 処理時間: 1.32s
2026-07-05 05:39:26,425 [DEBUG] [TIME] 8410 info: 0.19s
2026-07-05 05:39:26,425 [DEBUG] yfinance OK: 8410
2026-07-05 05:39:26,594 [DEBUG] [TIME] 8410 income_stmt: 0.17s
2026-07-05 05:39:26,782 [DEBUG] [TIME] 8410 balance_sheet: 0.19s
2026-07-05 05:39:26,975 [DEBUG] [TIME] 8410 cashflow: 0.19s
2026-07-05 05:39:27,404 [DEBUG] [TIME] 8410 dividends: 0.43s
2026-07-05 05:39:27,405 [INFO] [DETAIL] 8410 セブン銀行: income_stmt=OK, balance_sheet=OK, cashflow=OK, dividends=OK
2026-07-05 05:39:27,405 [INFO] [TIME] 8410 セブン銀行 処理時間: 1.17s
2026-07-05 05:39:29,514 [DEBUG] [TIME] 8411 info: 0.20s
2026-07-05 05:39:29,514 [DEBUG] yfinance OK: 8411
2026-07-05 05:39:29,706 [DEBUG] [TIME] 8411 income_stmt: 0.19s
2026-07-05 05:39:29,957 [DEBUG] [TIME] 8411 balance_sheet: 0.25s
2026-07-05 05:39:30,156 [DEBUG] [TIME] 8411 cashflow: 0.20s
2026-07-05 05:39:30,612 [DEBUG] [TIME] 8411 dividends: 0.46s
2026-07-05 05:39:30,613 [INFO] [DETAIL] 8411 みずほフィナンシャルグループ: income_stmt=OK, balance_sheet=OK, cashflow=OK, dividends=OK
2026-07-05 05:39:30,613 [INFO] [TIME] 8411 みずほフィナンシャルグループ 処理時間: 1.29s
2026-07-05 05:39:31,936 [DEBUG] [TIME] 8416 info: 0.20s
2026-07-05 05:39:31,937 [DEBUG] yfinance OK: 8416
2026-07-05 05:39:32,126 [DEBUG] [TIME] 8416 income_stmt: 0.19s
2026-07-05 05:39:32,385 [DEBUG] [TIME] 8416 balance_sheet: 0.26s
2026-07-05 05:39:32,625 [DEBUG] [TIME] 8416 cashflow: 0.24s
2026-07-05 05:39:33,063 [DEBUG] [TIME] 8416 dividends: 0.44s
2026-07-05 05:39:33,064 [INFO] [DETAIL] 8416 高知銀行: income_stmt=OK, balance_sheet=OK, cashflow=OK, dividends=OK
2026-07-05 05:39:33,064 [INFO] [TIME] 8416 高知銀行 処理時間: 1.33s
2026-07-05 05:39:34,915 [DEBUG] [TIME] 8418 info: 0.19s
2026-07-05 05:39:34,915 [DEBUG] yfinance OK: 8418
2026-07-05 05:39:35,188 [DEBUG] [TIME] 8418 income_stmt: 0.27s
2026-07-05 05:39:35,378 [DEBUG] [TIME] 8418 balance_sheet: 0.19s
2026-07-05 05:39:35,587 [DEBUG] [TIME] 8418 cashflow: 0.21s
2026-07-05 05:39:35,964 [DEBUG] [TIME] 8418 dividends: 0.38s
2026-07-05 05:39:35,965 [INFO] [DETAIL] 8418 山口フィナンシャルグループ: income_stmt=OK, balance_sheet=OK, cashflow=OK, dividends=OK
2026-07-05 05:39:35,965 [INFO] [TIME] 8418 山口フィナンシャルグループ 処理時間: 1.25s
2026-07-05 05:39:37,807 [DEBUG] [TIME] 8424 info: 0.19s
2026-07-05 05:39:37,808 [DEBUG] yfinance OK: 8424
2026-07-05 05:39:38,033 [DEBUG] [TIME] 8424 income_stmt: 0.23s
2026-07-05 05:39:38,316 [DEBUG] [TIME] 8424 balance_sheet: 0.28s
2026-07-05 05:39:38,542 [DEBUG] [TIME] 8424 cashflow: 0.22s
2026-07-05 05:39:38,909 [DEBUG] [TIME] 8424 dividends: 0.37s
2026-07-05 05:39:38,910 [INFO] [DETAIL] 8424 芙蓉総合リース: income_stmt=OK, balance_sheet=OK, cashflow=OK, dividends=OK
2026-07-05 05:39:38,910 [INFO] [TIME] 8424 芙蓉総合リース 処理時間: 1.29s
2026-07-05 05:39:40,702 [DEBUG] [TIME] 8425 info: 0.21s
2026-07-05 05:39:40,703 [DEBUG] yfinance OK: 8425
2026-07-05 05:39:40,912 [DEBUG] [TIME] 8425 income_stmt: 0.21s
2026-07-05 05:39:41,139 [DEBUG] [TIME] 8425 balance_sheet: 0.23s
2026-07-05 05:39:41,311 [DEBUG] [TIME] 8425 cashflow: 0.17s
2026-07-05 05:39:41,733 [DEBUG] [TIME] 8425 dividends: 0.42s
2026-07-05 05:39:41,735 [INFO] [DETAIL] 8425 みずほリース: income_stmt=OK, balance_sheet=OK, cashflow=OK, dividends=OK
2026-07-05 05:39:41,735 [INFO] [TIME] 8425 みずほリース 処理時間: 1.24s
2026-07-05 05:39:43,939 [DEBUG] [TIME] 8439 info: 0.20s
2026-07-05 05:39:43,939 [DEBUG] yfinance OK: 8439
2026-07-05 05:39:44,208 [DEBUG] [TIME] 8439 income_stmt: 0.27s
2026-07-05 05:39:44,466 [DEBUG] [TIME] 8439 balance_sheet: 0.26s
2026-07-05 05:39:44,754 [DEBUG] [TIME] 8439 cashflow: 0.29s
2026-07-05 05:39:45,180 [DEBUG] [TIME] 8439 dividends: 0.43s
2026-07-05 05:39:45,181 [INFO] [DETAIL] 8439 東京センチュリー: income_stmt=OK, balance_sheet=OK, cashflow=OK, dividends=OK
2026-07-05 05:39:45,182 [INFO] [TIME] 8439 東京センチュリー 処理時間: 1.44s
2026-07-05 05:39:46,524 [DEBUG] [TIME] 8473 info: 0.20s
2026-07-05 05:39:46,524 [DEBUG] yfinance OK: 8473
2026-07-05 05:39:46,745 [DEBUG] [TIME] 8473 income_stmt: 0.22s
2026-07-05 05:39:47,017 [DEBUG] [TIME] 8473 balance_sheet: 0.27s
2026-07-05 05:39:47,277 [DEBUG] [TIME] 8473 cashflow: 0.26s
2026-07-05 05:39:47,659 [DEBUG] [TIME] 8473 dividends: 0.38s
2026-07-05 05:39:47,660 [INFO] [DETAIL] 8473 ＳＢＩホールディングス: income_stmt=OK, balance_sheet=OK, cashflow=OK, dividends=OK
2026-07-05 05:39:47,660 [INFO] [TIME] 8473 ＳＢＩホールディングス 処理時間: 1.33s
2026-07-05 05:39:49,673 [DEBUG] [TIME] 8508 info: 0.19s
2026-07-05 05:39:49,673 [DEBUG] yfinance OK: 8508
2026-07-05 05:39:49,896 [DEBUG] [TIME] 8508 income_stmt: 0.22s
2026-07-05 05:39:50,161 [DEBUG] [TIME] 8508 balance_sheet: 0.26s
2026-07-05 05:39:50,375 [DEBUG] [TIME] 8508 cashflow: 0.21s
2026-07-05 05:39:50,755 [DEBUG] [TIME] 8508 dividends: 0.38s
2026-07-05 05:39:50,756 [INFO] [DETAIL] 8508 Ｊトラスト: income_stmt=OK, balance_sheet=OK, cashflow=OK, dividends=OK
2026-07-05 05:39:50,756 [INFO] [TIME] 8508 Ｊトラスト 処理時間: 1.27s
2026-07-05 05:39:52,412 [DEBUG] [TIME] 8511 info: 0.19s
2026-07-05 05:39:52,412 [DEBUG] yfinance OK: 8511
2026-07-05 05:39:52,583 [DEBUG] [TIME] 8511 income_stmt: 0.17s
2026-07-05 05:39:52,781 [DEBUG] [TIME] 8511 balance_sheet: 0.20s
2026-07-05 05:39:53,084 [DEBUG] [TIME] 8511 cashflow: 0.30s
2026-07-05 05:39:53,570 [DEBUG] [TIME] 8511 dividends: 0.48s
2026-07-05 05:39:53,571 [INFO] [DETAIL] 8511 日本証券金融: income_stmt=OK, balance_sheet=OK, cashflow=OK, dividends=OK
2026-07-05 05:39:53,571 [INFO] [TIME] 8511 日本証券金融 処理時間: 1.35s
2026-07-05 05:39:55,264 [DEBUG] [TIME] 8518 info: 0.20s
2026-07-05 05:39:55,264 [DEBUG] yfinance OK: 8518
2026-07-05 05:39:55,458 [DEBUG] [TIME] 8518 income_stmt: 0.19s
2026-07-05 05:39:55,673 [DEBUG] [TIME] 8518 balance_sheet: 0.21s
2026-07-05 05:39:55,866 [DEBUG] [TIME] 8518 cashflow: 0.19s
2026-07-05 05:39:56,177 [DEBUG] [TIME] 8518 dividends: 0.31s
2026-07-05 05:39:56,177 [INFO] [DETAIL] 8518 日本アジア投資: income_stmt=OK, balance_sheet=OK, cashflow=OK, dividends=EMPTY
2026-07-05 05:39:56,177 [INFO] [TIME] 8518 日本アジア投資 処理時間: 1.11s
2026-07-05 05:39:57,444 [DEBUG] [TIME] 8522 info: 0.26s
2026-07-05 05:39:57,444 [DEBUG] yfinance OK: 8522
2026-07-05 05:39:57,736 [DEBUG] [TIME] 8522 income_stmt: 0.29s
2026-07-05 05:39:58,010 [DEBUG] [TIME] 8522 balance_sheet: 0.27s
2026-07-05 05:39:58,263 [DEBUG] [TIME] 8522 cashflow: 0.25s
2026-07-05 05:39:58,746 [DEBUG] [TIME] 8522 dividends: 0.48s
2026-07-05 05:39:58,748 [INFO] [DETAIL] 8522 名古屋銀行: income_stmt=OK, balance_sheet=OK, cashflow=OK, dividends=OK
2026-07-05 05:39:58,748 [INFO] [TIME] 8522 名古屋銀行 処理時間: 1.56s
2026-07-05 05:40:00,050 [DEBUG] [TIME] 8524 info: 0.19s
2026-07-05 05:40:00,050 [DEBUG] yfinance OK: 8524
2026-07-05 05:40:00,265 [DEBUG] [TIME] 8524 income_stmt: 0.22s
2026-07-05 05:40:00,501 [DEBUG] [TIME] 8524 balance_sheet: 0.24s
2026-07-05 05:40:00,711 [DEBUG] [TIME] 8524 cashflow: 0.21s
2026-07-05 05:40:01,056 [DEBUG] [TIME] 8524 dividends: 0.34s
2026-07-05 05:40:01,057 [INFO] [DETAIL] 8524 北洋銀行: income_stmt=OK, balance_sheet=OK, cashflow=OK, dividends=OK
2026-07-05 05:40:01,057 [INFO] [TIME] 8524 北洋銀行 処理時間: 1.20s
2026-07-05 05:40:02,798 [DEBUG] [TIME] 8537 info: 0.19s
2026-07-05 05:40:02,798 [DEBUG] yfinance OK: 8537
2026-07-05 05:40:03,009 [DEBUG] [TIME] 8537 income_stmt: 0.21s
2026-07-05 05:40:03,246 [DEBUG] [TIME] 8537 balance_sheet: 0.24s
2026-07-05 05:40:03,447 [DEBUG] [TIME] 8537 cashflow: 0.20s
2026-07-05 05:40:03,788 [DEBUG] [TIME] 8537 dividends: 0.34s
2026-07-05 05:40:03,789 [INFO] [DETAIL] 8537 大光銀行: income_stmt=OK, balance_sheet=OK, cashflow=OK, dividends=OK
2026-07-05 05:40:03,790 [INFO] [TIME] 8537 大光銀行 処理時間: 1.19s
2026-07-05 05:40:05,710 [DEBUG] [TIME] 8541 info: 0.19s
2026-07-05 05:40:05,710 [DEBUG] yfinance OK: 8541
2026-07-05 05:40:05,908 [DEBUG] [TIME] 8541 income_stmt: 0.20s
2026-07-05 05:40:06,239 [DEBUG] [TIME] 8541 balance_sheet: 0.33s
2026-07-05 05:40:06,468 [DEBUG] [TIME] 8541 cashflow: 0.23s
2026-07-05 05:40:06,864 [DEBUG] [TIME] 8541 dividends: 0.40s
2026-07-05 05:40:06,865 [INFO] [DETAIL] 8541 愛媛銀行: income_stmt=OK, balance_sheet=OK, cashflow=OK, dividends=OK
2026-07-05 05:40:06,865 [INFO] [TIME] 8541 愛媛銀行 処理時間: 1.35s
2026-07-05 05:40:08,295 [DEBUG] [TIME] 8542 info: 0.26s
2026-07-05 05:40:08,296 [DEBUG] yfinance OK: 8542
2026-07-05 05:40:08,499 [DEBUG] [TIME] 8542 income_stmt: 0.20s
2026-07-05 05:40:08,700 [DEBUG] [TIME] 8542 balance_sheet: 0.20s
2026-07-05 05:40:08,969 [DEBUG] [TIME] 8542 cashflow: 0.27s
2026-07-05 05:40:09,402 [DEBUG] [TIME] 8542 dividends: 0.43s
2026-07-05 05:40:09,403 [INFO] [DETAIL] 8542 トマト銀行: income_stmt=OK, balance_sheet=OK, cashflow=OK, dividends=OK
2026-07-05 05:40:09,403 [INFO] [TIME] 8542 トマト銀行 処理時間: 1.37s
2026-07-05 05:40:11,512 [DEBUG] [TIME] 8544 info: 0.19s
2026-07-05 05:40:11,512 [DEBUG] yfinance OK: 8544
2026-07-05 05:40:11,716 [DEBUG] [TIME] 8544 income_stmt: 0.20s
2026-07-05 05:40:11,959 [DEBUG] [TIME] 8544 balance_sheet: 0.24s
2026-07-05 05:40:12,199 [DEBUG] [TIME] 8544 cashflow: 0.24s
2026-07-05 05:40:12,663 [DEBUG] [TIME] 8544 dividends: 0.46s
2026-07-05 05:40:12,665 [INFO] [DETAIL] 8544 京葉銀行: income_stmt=OK, balance_sheet=OK, cashflow=OK, dividends=OK
2026-07-05 05:40:12,665 [INFO] [TIME] 8544 京葉銀行 処理時間: 1.34s
2026-07-05 05:40:14,095 [DEBUG] [TIME] 8550 info: 0.21s
2026-07-05 05:40:14,095 [DEBUG] yfinance OK: 8550
2026-07-05 05:40:14,298 [DEBUG] [TIME] 8550 income_stmt: 0.20s
2026-07-05 05:40:14,479 [DEBUG] [TIME] 8550 balance_sheet: 0.18s
2026-07-05 05:40:14,637 [DEBUG] [TIME] 8550 cashflow: 0.16s
2026-07-05 05:40:14,991 [DEBUG] [TIME] 8550 dividends: 0.35s
2026-07-05 05:40:14,992 [INFO] [DETAIL] 8550 栃木銀行: income_stmt=OK, balance_sheet=OK, cashflow=OK, dividends=OK
2026-07-05 05:40:14,992 [INFO] [TIME] 8550 栃木銀行 処理時間: 1.11s
2026-07-05 05:40:16,802 [DEBUG] [TIME] 8551 info: 0.21s
2026-07-05 05:40:16,802 [DEBUG] yfinance OK: 8551
2026-07-05 05:40:16,988 [DEBUG] [TIME] 8551 income_stmt: 0.19s
2026-07-05 05:40:17,226 [DEBUG] [TIME] 8551 balance_sheet: 0.24s
2026-07-05 05:40:17,471 [DEBUG] [TIME] 8551 cashflow: 0.24s
2026-07-05 05:40:17,835 [DEBUG] [TIME] 8551 dividends: 0.36s
2026-07-05 05:40:17,836 [INFO] [DETAIL] 8551 北日本銀行: income_stmt=OK, balance_sheet=OK, cashflow=OK, dividends=OK
2026-07-05 05:40:17,836 [INFO] [TIME] 8551 北日本銀行 処理時間: 1.25s
2026-07-05 05:40:19,201 [DEBUG] [TIME] 8558 info: 0.19s
2026-07-05 05:40:19,201 [DEBUG] yfinance OK: 8558
2026-07-05 05:40:19,385 [DEBUG] [TIME] 8558 income_stmt: 0.18s
2026-07-05 05:40:19,648 [DEBUG] [TIME] 8558 balance_sheet: 0.26s
2026-07-05 05:40:19,850 [DEBUG] [TIME] 8558 cashflow: 0.20s
2026-07-05 05:40:20,224 [DEBUG] [TIME] 8558 dividends: 0.37s
2026-07-05 05:40:20,225 [INFO] [DETAIL] 8558 東和銀行: income_stmt=OK, balance_sheet=OK, cashflow=OK, dividends=OK
2026-07-05 05:40:20,225 [INFO] [TIME] 8558 東和銀行 処理時間: 1.22s
2026-07-05 05:40:21,579 [DEBUG] [TIME] 8562 info: 0.19s
2026-07-05 05:40:21,579 [DEBUG] yfinance OK: 8562
2026-07-05 05:40:21,773 [DEBUG] [TIME] 8562 income_stmt: 0.19s
2026-07-05 05:40:21,956 [DEBUG] [TIME] 8562 balance_sheet: 0.18s
2026-07-05 05:40:22,131 [DEBUG] [TIME] 8562 cashflow: 0.17s
2026-07-05 05:40:22,800 [DEBUG] [TIME] 8562 dividends: 0.67s
2026-07-05 05:40:22,801 [INFO] [DETAIL] 8562 福島銀行: income_stmt=OK, balance_sheet=OK, cashflow=OK, dividends=OK
2026-07-05 05:40:22,801 [INFO] [TIME] 8562 福島銀行 処理時間: 1.41s
2026-07-05 05:40:24,204 [DEBUG] [TIME] 8563 info: 0.20s
2026-07-05 05:40:24,204 [DEBUG] yfinance OK: 8563
2026-07-05 05:40:24,370 [DEBUG] [TIME] 8563 income_stmt: 0.17s
2026-07-05 05:40:24,577 [DEBUG] [TIME] 8563 balance_sheet: 0.21s
2026-07-05 05:40:24,743 [DEBUG] [TIME] 8563 cashflow: 0.17s
2026-07-05 05:40:25,269 [DEBUG] [TIME] 8563 dividends: 0.53s
2026-07-05 05:40:25,270 [INFO] [DETAIL] 8563 大東銀行: income_stmt=OK, balance_sheet=OK, cashflow=OK, dividends=OK
2026-07-05 05:40:25,271 [INFO] [TIME] 8563 大東銀行 処理時間: 1.27s
2026-07-05 05:40:27,519 [DEBUG] [TIME] 8566 info: 0.32s
2026-07-05 05:40:27,519 [DEBUG] yfinance OK: 8566
2026-07-05 05:40:27,752 [DEBUG] [TIME] 8566 income_stmt: 0.23s
2026-07-05 05:40:28,117 [DEBUG] [TIME] 8566 balance_sheet: 0.36s
2026-07-05 05:40:28,322 [DEBUG] [TIME] 8566 cashflow: 0.20s
2026-07-05 05:40:28,679 [DEBUG] [TIME] 8566 dividends: 0.36s
2026-07-05 05:40:28,680 [INFO] [DETAIL] 8566 リコーリース: income_stmt=OK, balance_sheet=OK, cashflow=OK, dividends=OK
2026-07-05 05:40:28,680 [INFO] [TIME] 8566 リコーリース 処理時間: 1.48s
2026-07-05 05:40:30,236 [DEBUG] [TIME] 8570 info: 0.25s
2026-07-05 05:40:30,236 [DEBUG] yfinance OK: 8570
2026-07-05 05:40:30,442 [DEBUG] [TIME] 8570 income_stmt: 0.21s
2026-07-05 05:40:30,725 [DEBUG] [TIME] 8570 balance_sheet: 0.28s
2026-07-05 05:40:30,949 [DEBUG] [TIME] 8570 cashflow: 0.22s
2026-07-05 05:40:31,313 [DEBUG] [TIME] 8570 dividends: 0.36s
2026-07-05 05:40:31,314 [INFO] [DETAIL] 8570 イオンフィナンシャルサービス: income_stmt=OK, balance_sheet=OK, cashflow=OK, dividends=OK
2026-07-05 05:40:31,314 [INFO] [TIME] 8570 イオンフィナンシャルサービス 処理時間: 1.33s
2026-07-05 05:40:32,766 [DEBUG] [TIME] 8572 info: 0.19s
2026-07-05 05:40:32,766 [DEBUG] yfinance OK: 8572
2026-07-05 05:40:33,093 [DEBUG] [TIME] 8572 income_stmt: 0.33s
2026-07-05 05:40:33,331 [DEBUG] [TIME] 8572 balance_sheet: 0.24s
2026-07-05 05:40:33,575 [DEBUG] [TIME] 8572 cashflow: 0.24s
2026-07-05 05:40:33,949 [DEBUG] [TIME] 8572 dividends: 0.37s
2026-07-05 05:40:33,950 [INFO] [DETAIL] 8572 アコム: income_stmt=OK, balance_sheet=OK, cashflow=OK, dividends=OK
2026-07-05 05:40:33,950 [INFO] [TIME] 8572 アコム 処理時間: 1.38s
2026-07-05 05:40:36,080 [DEBUG] [TIME] 8584 info: 0.20s
2026-07-05 05:40:36,080 [DEBUG] yfinance OK: 8584
2026-07-05 05:40:36,298 [DEBUG] [TIME] 8584 income_stmt: 0.22s
2026-07-05 05:40:36,640 [DEBUG] [TIME] 8584 balance_sheet: 0.34s
2026-07-05 05:40:36,856 [DEBUG] [TIME] 8584 cashflow: 0.22s
2026-07-05 05:40:37,219 [DEBUG] [TIME] 8584 dividends: 0.36s
2026-07-05 05:40:37,220 [INFO] [DETAIL] 8584 ジャックス: income_stmt=OK, balance_sheet=OK, cashflow=OK, dividends=OK
2026-07-05 05:40:37,220 [INFO] [TIME] 8584 ジャックス 処理時間: 1.34s
2026-07-05 05:40:39,247 [DEBUG] [TIME] 8585 info: 0.19s
2026-07-05 05:40:39,247 [DEBUG] yfinance OK: 8585
2026-07-05 05:40:39,442 [DEBUG] [TIME] 8585 income_stmt: 0.19s
2026-07-05 05:40:39,692 [DEBUG] [TIME] 8585 balance_sheet: 0.25s
2026-07-05 05:40:39,923 [DEBUG] [TIME] 8585 cashflow: 0.23s
2026-07-05 05:40:40,370 [DEBUG] [TIME] 8585 dividends: 0.45s
2026-07-05 05:40:40,371 [INFO] [DETAIL] 8585 オリエントコーポレーション: income_stmt=OK, balance_sheet=OK, cashflow=OK, dividends=OK
2026-07-05 05:40:40,371 [INFO] [TIME] 8585 オリエントコーポレーション 処理時間: 1.31s
2026-07-05 05:40:41,684 [DEBUG] [TIME] 8591 info: 0.22s
2026-07-05 05:40:41,684 [DEBUG] yfinance OK: 8591
2026-07-05 05:40:41,891 [DEBUG] [TIME] 8591 income_stmt: 0.21s
2026-07-05 05:40:42,156 [DEBUG] [TIME] 8591 balance_sheet: 0.26s
2026-07-05 05:40:42,342 [DEBUG] [TIME] 8591 cashflow: 0.19s
2026-07-05 05:40:42,818 [DEBUG] [TIME] 8591 dividends: 0.48s
2026-07-05 05:40:42,819 [INFO] [DETAIL] 8591 オリックス: income_stmt=OK, balance_sheet=OK, cashflow=OK, dividends=OK
2026-07-05 05:40:42,819 [INFO] [TIME] 8591 オリックス 処理時間: 1.36s
2026-07-05 05:40:44,761 [DEBUG] [TIME] 8593 info: 0.19s
2026-07-05 05:40:44,761 [DEBUG] yfinance OK: 8593
2026-07-05 05:40:45,012 [DEBUG] [TIME] 8593 income_stmt: 0.25s
2026-07-05 05:40:45,220 [DEBUG] [TIME] 8593 balance_sheet: 0.21s
2026-07-05 05:40:45,482 [DEBUG] [TIME] 8593 cashflow: 0.26s
2026-07-05 05:40:45,839 [DEBUG] [TIME] 8593 dividends: 0.36s
2026-07-05 05:40:45,840 [INFO] [DETAIL] 8593 三菱ＨＣキャピタル: income_stmt=OK, balance_sheet=OK, cashflow=OK, dividends=OK
2026-07-05 05:40:45,841 [INFO] [TIME] 8593 三菱ＨＣキャピタル 処理時間: 1.27s
2026-07-05 05:40:47,760 [DEBUG] [TIME] 8595 info: 0.19s
2026-07-05 05:40:47,760 [DEBUG] yfinance OK: 8595
2026-07-05 05:40:47,956 [DEBUG] [TIME] 8595 income_stmt: 0.20s
2026-07-05 05:40:48,204 [DEBUG] [TIME] 8595 balance_sheet: 0.25s
2026-07-05 05:40:48,385 [DEBUG] [TIME] 8595 cashflow: 0.18s
2026-07-05 05:40:48,751 [DEBUG] [TIME] 8595 dividends: 0.37s
2026-07-05 05:40:48,752 [INFO] [DETAIL] 8595 ジャフコ　グループ: income_stmt=OK, balance_sheet=OK, cashflow=OK, dividends=OK
2026-07-05 05:40:48,752 [INFO] [TIME] 8595 ジャフコ　グループ 処理時間: 1.19s
2026-07-05 05:40:50,081 [DEBUG] [TIME] 8596 info: 0.19s
2026-07-05 05:40:50,081 [DEBUG] yfinance OK: 8596
2026-07-05 05:40:50,292 [DEBUG] [TIME] 8596 income_stmt: 0.21s
2026-07-05 05:40:50,586 [DEBUG] [TIME] 8596 balance_sheet: 0.29s
2026-07-05 05:40:50,779 [DEBUG] [TIME] 8596 cashflow: 0.19s
2026-07-05 05:40:51,132 [DEBUG] [TIME] 8596 dividends: 0.35s
2026-07-05 05:40:51,133 [INFO] [DETAIL] 8596 九州リースサービス: income_stmt=OK, balance_sheet=OK, cashflow=OK, dividends=OK
2026-07-05 05:40:51,133 [INFO] [TIME] 8596 九州リースサービス 処理時間: 1.24s
2026-07-05 05:40:52,435 [DEBUG] [TIME] 8600 info: 0.20s
2026-07-05 05:40:52,435 [DEBUG] yfinance OK: 8600
2026-07-05 05:40:52,624 [DEBUG] [TIME] 8600 income_stmt: 0.19s
2026-07-05 05:40:52,944 [DEBUG] [TIME] 8600 balance_sheet: 0.32s
2026-07-05 05:40:53,177 [DEBUG] [TIME] 8600 cashflow: 0.23s
2026-07-05 05:40:53,531 [DEBUG] [TIME] 8600 dividends: 0.35s
2026-07-05 05:40:53,532 [INFO] [DETAIL] 8600 トモニホールディングス: income_stmt=OK, balance_sheet=OK, cashflow=OK, dividends=OK
2026-07-05 05:40:53,533 [INFO] [TIME] 8600 トモニホールディングス 処理時間: 1.30s
2026-07-05 05:40:55,346 [DEBUG] [TIME] 8601 info: 0.19s
2026-07-05 05:40:55,346 [DEBUG] yfinance OK: 8601
2026-07-05 05:40:55,558 [DEBUG] [TIME] 8601 income_stmt: 0.21s
2026-07-05 05:40:55,831 [DEBUG] [TIME] 8601 balance_sheet: 0.27s
2026-07-05 05:40:56,063 [DEBUG] [TIME] 8601 cashflow: 0.23s
2026-07-05 05:40:56,475 [DEBUG] [TIME] 8601 dividends: 0.41s
2026-07-05 05:40:56,476 [INFO] [DETAIL] 8601 大和証券グループ本社: income_stmt=OK, balance_sheet=OK, cashflow=OK, dividends=OK
2026-07-05 05:40:56,476 [INFO] [TIME] 8601 大和証券グループ本社 処理時間: 1.32s
2026-07-05 05:40:58,465 [DEBUG] [TIME] 8604 info: 0.19s
2026-07-05 05:40:58,465 [DEBUG] yfinance OK: 8604
2026-07-05 05:40:58,669 [DEBUG] [TIME] 8604 income_stmt: 0.20s
2026-07-05 05:40:58,977 [DEBUG] [TIME] 8604 balance_sheet: 0.31s
2026-07-05 05:40:59,236 [DEBUG] [TIME] 8604 cashflow: 0.26s
2026-07-05 05:40:59,662 [DEBUG] [TIME] 8604 dividends: 0.43s
2026-07-05 05:40:59,663 [INFO] [DETAIL] 8604 野村ホールディングス: income_stmt=OK, balance_sheet=OK, cashflow=OK, dividends=OK
2026-07-05 05:40:59,663 [INFO] [TIME] 8604 野村ホールディングス 処理時間: 1.39s
2026-07-05 05:41:01,832 [DEBUG] [TIME] 8609 info: 0.26s
2026-07-05 05:41:01,832 [DEBUG] yfinance OK: 8609
2026-07-05 05:41:02,123 [DEBUG] [TIME] 8609 income_stmt: 0.29s
2026-07-05 05:41:02,326 [DEBUG] [TIME] 8609 balance_sheet: 0.20s
2026-07-05 05:41:02,623 [DEBUG] [TIME] 8609 cashflow: 0.30s
2026-07-05 05:41:03,041 [DEBUG] [TIME] 8609 dividends: 0.42s
2026-07-05 05:41:03,042 [INFO] [DETAIL] 8609 岡三証券グループ: income_stmt=OK, balance_sheet=OK, cashflow=OK, dividends=OK
2026-07-05 05:41:03,042 [INFO] [TIME] 8609 岡三証券グループ 処理時間: 1.47s
2026-07-05 05:41:04,570 [DEBUG] [TIME] 8613 info: 0.19s
2026-07-05 05:41:04,570 [DEBUG] yfinance OK: 8613
2026-07-05 05:41:04,877 [DEBUG] [TIME] 8613 income_stmt: 0.31s
2026-07-05 05:41:05,147 [DEBUG] [TIME] 8613 balance_sheet: 0.27s
2026-07-05 05:41:05,379 [DEBUG] [TIME] 8613 cashflow: 0.23s
2026-07-05 05:41:05,850 [DEBUG] [TIME] 8613 dividends: 0.47s
2026-07-05 05:41:05,851 [INFO] [DETAIL] 8613 丸三証券: income_stmt=OK, balance_sheet=OK, cashflow=OK, dividends=OK
2026-07-05 05:41:05,851 [INFO] [TIME] 8613 丸三証券 処理時間: 1.47s
2026-07-05 05:41:07,869 [DEBUG] [TIME] 8614 info: 0.34s
2026-07-05 05:41:07,869 [DEBUG] yfinance OK: 8614
2026-07-05 05:41:08,044 [DEBUG] [TIME] 8614 income_stmt: 0.17s
2026-07-05 05:41:08,253 [DEBUG] [TIME] 8614 balance_sheet: 0.21s
2026-07-05 05:41:08,501 [DEBUG] [TIME] 8614 cashflow: 0.25s
2026-07-05 05:41:08,967 [DEBUG] [TIME] 8614 dividends: 0.47s
2026-07-05 05:41:08,968 [INFO] [DETAIL] 8614 東洋証券: income_stmt=OK, balance_sheet=OK, cashflow=OK, dividends=OK
2026-07-05 05:41:08,968 [INFO] [TIME] 8614 東洋証券 処理時間: 1.44s
2026-07-05 05:41:10,705 [DEBUG] [TIME] 8616 info: 0.19s
2026-07-05 05:41:10,705 [DEBUG] yfinance OK: 8616
2026-07-05 05:41:10,925 [DEBUG] [TIME] 8616 income_stmt: 0.22s
2026-07-05 05:41:11,211 [DEBUG] [TIME] 8616 balance_sheet: 0.29s
2026-07-05 05:41:11,488 [DEBUG] [TIME] 8616 cashflow: 0.28s
2026-07-05 05:41:11,984 [DEBUG] [TIME] 8616 dividends: 0.50s
2026-07-05 05:41:11,986 [INFO] [DETAIL] 8616 東海東京フィナンシャル・ホールディングス: income_stmt=OK, balance_sheet=OK, cashflow=OK, dividends=OK
2026-07-05 05:41:11,986 [INFO] [TIME] 8616 東海東京フィナンシャル・ホールディングス 処理時間: 1.47s
2026-07-05 05:41:13,981 [DEBUG] [TIME] 8617 info: 0.23s
2026-07-05 05:41:13,981 [DEBUG] yfinance OK: 8617
2026-07-05 05:41:14,163 [DEBUG] [TIME] 8617 income_stmt: 0.18s
2026-07-05 05:41:14,499 [DEBUG] [TIME] 8617 balance_sheet: 0.33s
2026-07-05 05:41:14,725 [DEBUG] [TIME] 8617 cashflow: 0.23s
2026-07-05 05:41:15,111 [DEBUG] [TIME] 8617 dividends: 0.39s
2026-07-05 05:41:15,112 [INFO] [DETAIL] 8617 光世証券: income_stmt=OK, balance_sheet=OK, cashflow=OK, dividends=OK
2026-07-05 05:41:15,112 [INFO] [TIME] 8617 光世証券 処理時間: 1.36s
2026-07-05 05:41:17,066 [DEBUG] [TIME] 8622 info: 0.20s
2026-07-05 05:41:17,066 [DEBUG] yfinance OK: 8622
2026-07-05 05:41:17,353 [DEBUG] [TIME] 8622 income_stmt: 0.29s
2026-07-05 05:41:17,563 [DEBUG] [TIME] 8622 balance_sheet: 0.21s
2026-07-05 05:41:17,794 [DEBUG] [TIME] 8622 cashflow: 0.23s
2026-07-05 05:41:18,169 [DEBUG] [TIME] 8622 dividends: 0.37s
2026-07-05 05:41:18,170 [INFO] [DETAIL] 8622 水戸証券: income_stmt=OK, balance_sheet=OK, cashflow=OK, dividends=OK
2026-07-05 05:41:18,170 [INFO] [TIME] 8622 水戸証券 処理時間: 1.31s
2026-07-05 05:41:20,266 [DEBUG] [TIME] 8624 info: 0.19s
2026-07-05 05:41:20,266 [DEBUG] yfinance OK: 8624
2026-07-05 05:41:20,512 [DEBUG] [TIME] 8624 income_stmt: 0.25s
2026-07-05 05:41:20,767 [DEBUG] [TIME] 8624 balance_sheet: 0.25s
2026-07-05 05:41:21,028 [DEBUG] [TIME] 8624 cashflow: 0.26s
2026-07-05 05:41:21,511 [DEBUG] [TIME] 8624 dividends: 0.48s
2026-07-05 05:41:21,512 [INFO] [DETAIL] 8624 いちよし証券: income_stmt=OK, balance_sheet=OK, cashflow=OK, dividends=OK
2026-07-05 05:41:21,512 [INFO] [TIME] 8624 いちよし証券 処理時間: 1.44s
2026-07-05 05:41:23,040 [DEBUG] [TIME] 8628 info: 0.19s
2026-07-05 05:41:23,040 [DEBUG] yfinance OK: 8628
2026-07-05 05:41:23,274 [DEBUG] [TIME] 8628 income_stmt: 0.23s
2026-07-05 05:41:23,605 [DEBUG] [TIME] 8628 balance_sheet: 0.33s
2026-07-05 05:41:23,832 [DEBUG] [TIME] 8628 cashflow: 0.23s
2026-07-05 05:41:24,272 [DEBUG] [TIME] 8628 dividends: 0.44s
2026-07-05 05:41:24,273 [INFO] [DETAIL] 8628 松井証券: income_stmt=OK, balance_sheet=OK, cashflow=OK, dividends=OK
2026-07-05 05:41:24,273 [INFO] [TIME] 8628 松井証券 処理時間: 1.42s
2026-07-05 05:41:26,105 [DEBUG] [TIME] 8630 info: 0.25s
2026-07-05 05:41:26,105 [DEBUG] yfinance OK: 8630
2026-07-05 05:41:26,373 [DEBUG] [TIME] 8630 income_stmt: 0.27s
2026-07-05 05:41:26,652 [DEBUG] [TIME] 8630 balance_sheet: 0.28s
2026-07-05 05:41:26,841 [DEBUG] [TIME] 8630 cashflow: 0.19s
2026-07-05 05:41:27,201 [DEBUG] [TIME] 8630 dividends: 0.36s
2026-07-05 05:41:27,203 [INFO] [DETAIL] 8630 ＳＯＭＰＯホールディングス: income_stmt=OK, balance_sheet=OK, cashflow=OK, dividends=OK
2026-07-05 05:41:27,203 [INFO] [TIME] 8630 ＳＯＭＰＯホールディングス 処理時間: 1.35s
2026-07-05 05:41:29,038 [DEBUG] [TIME] 8697 info: 0.19s
2026-07-05 05:41:29,038 [DEBUG] yfinance OK: 8697
2026-07-05 05:41:29,244 [DEBUG] [TIME] 8697 income_stmt: 0.21s
2026-07-05 05:41:29,503 [DEBUG] [TIME] 8697 balance_sheet: 0.26s
2026-07-05 05:41:29,699 [DEBUG] [TIME] 8697 cashflow: 0.20s
2026-07-05 05:41:30,140 [DEBUG] [TIME] 8697 dividends: 0.44s
2026-07-05 05:41:30,141 [INFO] [DETAIL] 8697 日本取引所グループ: income_stmt=OK, balance_sheet=OK, cashflow=OK, dividends=OK
2026-07-05 05:41:30,141 [INFO] [TIME] 8697 日本取引所グループ 処理時間: 1.30s
2026-07-05 05:41:31,715 [DEBUG] [TIME] 8698 info: 0.19s
2026-07-05 05:41:31,715 [DEBUG] yfinance OK: 8698
2026-07-05 05:41:31,976 [DEBUG] [TIME] 8698 income_stmt: 0.26s
2026-07-05 05:41:32,224 [DEBUG] [TIME] 8698 balance_sheet: 0.25s
2026-07-05 05:41:32,476 [DEBUG] [TIME] 8698 cashflow: 0.25s
2026-07-05 05:41:32,913 [DEBUG] [TIME] 8698 dividends: 0.44s
2026-07-05 05:41:32,914 [INFO] [DETAIL] 8698 マネックスグループ: income_stmt=OK, balance_sheet=OK, cashflow=OK, dividends=OK
2026-07-05 05:41:32,915 [INFO] [TIME] 8698 マネックスグループ 処理時間: 1.39s
2026-07-05 05:41:34,654 [DEBUG] [TIME] 8699 info: 0.25s
2026-07-05 05:41:34,654 [DEBUG] yfinance OK: 8699
2026-07-05 05:41:34,872 [DEBUG] [TIME] 8699 income_stmt: 0.22s
2026-07-05 05:41:35,119 [DEBUG] [TIME] 8699 balance_sheet: 0.25s
2026-07-05 05:41:35,340 [DEBUG] [TIME] 8699 cashflow: 0.22s
2026-07-05 05:41:35,775 [DEBUG] [TIME] 8699 dividends: 0.43s
2026-07-05 05:41:35,776 [INFO] [DETAIL] 8699 ＨＳホールディングス: income_stmt=OK, balance_sheet=OK, cashflow=OK, dividends=OK
2026-07-05 05:41:35,776 [INFO] [TIME] 8699 ＨＳホールディングス 処理時間: 1.38s
2026-07-05 05:41:37,013 [DEBUG] [TIME] 8700 info: 0.19s
2026-07-05 05:41:37,013 [DEBUG] yfinance OK: 8700
2026-07-05 05:41:37,189 [DEBUG] [TIME] 8700 income_stmt: 0.18s
2026-07-05 05:41:37,413 [DEBUG] [TIME] 8700 balance_sheet: 0.22s
2026-07-05 05:41:37,668 [DEBUG] [TIME] 8700 cashflow: 0.25s
2026-07-05 05:41:38,015 [DEBUG] [TIME] 8700 dividends: 0.35s
2026-07-05 05:41:38,016 [INFO] [DETAIL] 8700 丸八証券: income_stmt=OK, balance_sheet=OK, cashflow=OK, dividends=OK
2026-07-05 05:41:38,016 [INFO] [TIME] 8700 丸八証券 処理時間: 1.19s
2026-07-05 05:41:40,064 [DEBUG] [TIME] 8704 info: 0.20s
2026-07-05 05:41:40,064 [DEBUG] yfinance OK: 8704
2026-07-05 05:41:40,324 [DEBUG] [TIME] 8704 income_stmt: 0.26s
2026-07-05 05:41:40,613 [DEBUG] [TIME] 8704 balance_sheet: 0.29s
2026-07-05 05:41:40,872 [DEBUG] [TIME] 8704 cashflow: 0.26s
2026-07-05 05:41:41,215 [DEBUG] [TIME] 8704 dividends: 0.34s
2026-07-05 05:41:41,217 [INFO] [DETAIL] 8704 トレイダーズホールディングス: income_stmt=OK, balance_sheet=OK, cashflow=OK, dividends=OK
2026-07-05 05:41:41,217 [INFO] [TIME] 8704 トレイダーズホールディングス 処理時間: 1.36s
2026-07-05 05:41:42,607 [DEBUG] [TIME] 8705 info: 0.19s
2026-07-05 05:41:42,607 [DEBUG] yfinance OK: 8705
2026-07-05 05:41:42,819 [DEBUG] [TIME] 8705 income_stmt: 0.21s
2026-07-05 05:41:43,117 [DEBUG] [TIME] 8705 balance_sheet: 0.30s
2026-07-05 05:41:43,392 [DEBUG] [TIME] 8705 cashflow: 0.27s
2026-07-05 05:41:43,758 [DEBUG] [TIME] 8705 dividends: 0.37s
2026-07-05 05:41:43,759 [INFO] [DETAIL] 8705 日産証券グループ: income_stmt=OK, balance_sheet=OK, cashflow=OK, dividends=OK
2026-07-05 05:41:43,759 [INFO] [TIME] 8705 日産証券グループ 処理時間: 1.34s
2026-07-05 05:41:46,017 [DEBUG] [TIME] 8706 info: 0.25s
2026-07-05 05:41:46,018 [DEBUG] yfinance OK: 8706
2026-07-05 05:41:46,216 [DEBUG] [TIME] 8706 income_stmt: 0.20s
2026-07-05 05:41:46,438 [DEBUG] [TIME] 8706 balance_sheet: 0.22s
2026-07-05 05:41:46,631 [DEBUG] [TIME] 8706 cashflow: 0.19s
2026-07-05 05:41:47,023 [DEBUG] [TIME] 8706 dividends: 0.39s
2026-07-05 05:41:47,024 [INFO] [DETAIL] 8706 極東証券: income_stmt=OK, balance_sheet=OK, cashflow=OK, dividends=OK
2026-07-05 05:41:47,024 [INFO] [TIME] 8706 極東証券 処理時間: 1.26s
2026-07-05 05:41:48,427 [DEBUG] [TIME] 8707 info: 0.25s
2026-07-05 05:41:48,427 [DEBUG] yfinance OK: 8707
2026-07-05 05:41:48,651 [DEBUG] [TIME] 8707 income_stmt: 0.22s
2026-07-05 05:41:48,922 [DEBUG] [TIME] 8707 balance_sheet: 0.27s
2026-07-05 05:41:49,132 [DEBUG] [TIME] 8707 cashflow: 0.21s
2026-07-05 05:41:49,436 [DEBUG] [TIME] 8707 dividends: 0.30s
2026-07-05 05:41:49,437 [INFO] [DETAIL] 8707 岩井コスモホールディングス: income_stmt=OK, balance_sheet=OK, cashflow=OK, dividends=OK
2026-07-05 05:41:49,437 [INFO] [TIME] 8707 岩井コスモホールディングス 処理時間: 1.26s
2026-07-05 05:41:51,164 [DEBUG] [TIME] 8708 info: 0.20s
2026-07-05 05:41:51,164 [DEBUG] yfinance OK: 8708
2026-07-05 05:41:51,406 [DEBUG] [TIME] 8708 income_stmt: 0.24s
2026-07-05 05:41:51,666 [DEBUG] [TIME] 8708 balance_sheet: 0.26s
2026-07-05 05:41:51,976 [DEBUG] [TIME] 8708 cashflow: 0.31s
2026-07-05 05:41:52,394 [DEBUG] [TIME] 8708 dividends: 0.42s
2026-07-05 05:41:52,395 [INFO] [DETAIL] 8708 アイザワ証券グループ: income_stmt=OK, balance_sheet=OK, cashflow=OK, dividends=OK
2026-07-05 05:41:52,395 [INFO] [TIME] 8708 アイザワ証券グループ 処理時間: 1.43s
2026-07-05 05:41:53,800 [DEBUG] [TIME] 8713 info: 0.19s
2026-07-05 05:41:53,800 [DEBUG] yfinance OK: 8713
2026-07-05 05:41:53,994 [DEBUG] [TIME] 8713 income_stmt: 0.19s
2026-07-05 05:41:54,172 [DEBUG] [TIME] 8713 balance_sheet: 0.18s
2026-07-05 05:41:54,407 [DEBUG] [TIME] 8713 cashflow: 0.23s
2026-07-05 05:41:54,849 [DEBUG] [TIME] 8713 dividends: 0.44s
2026-07-05 05:41:54,850 [INFO] [DETAIL] 8713 フィデアホールディングス: income_stmt=OK, balance_sheet=OK, cashflow=OK, dividends=OK
2026-07-05 05:41:54,851 [INFO] [TIME] 8713 フィデアホールディングス 処理時間: 1.25s
2026-07-05 05:41:56,609 [DEBUG] [TIME] 8714 info: 0.19s
2026-07-05 05:41:56,609 [DEBUG] yfinance OK: 8714
2026-07-05 05:41:56,820 [DEBUG] [TIME] 8714 income_stmt: 0.21s
2026-07-05 05:41:57,033 [DEBUG] [TIME] 8714 balance_sheet: 0.21s
2026-07-05 05:41:57,225 [DEBUG] [TIME] 8714 cashflow: 0.19s
2026-07-05 05:41:57,688 [DEBUG] [TIME] 8714 dividends: 0.46s
2026-07-05 05:41:57,689 [INFO] [DETAIL] 8714 池田泉州ホールディングス: income_stmt=OK, balance_sheet=OK, cashflow=OK, dividends=OK
2026-07-05 05:41:57,689 [INFO] [TIME] 8714 池田泉州ホールディングス 処理時間: 1.27s
2026-07-05 05:41:59,575 [DEBUG] [TIME] 8715 info: 0.20s
2026-07-05 05:41:59,575 [DEBUG] yfinance OK: 8715
2026-07-05 05:41:59,750 [DEBUG] [TIME] 8715 income_stmt: 0.18s
2026-07-05 05:41:59,985 [DEBUG] [TIME] 8715 balance_sheet: 0.23s
2026-07-05 05:42:00,222 [DEBUG] [TIME] 8715 cashflow: 0.24s
2026-07-05 05:42:00,498 [DEBUG] [TIME] 8715 dividends: 0.28s
2026-07-05 05:42:00,499 [INFO] [DETAIL] 8715 アニコム　ホールディングス: income_stmt=OK, balance_sheet=OK, cashflow=OK, dividends=OK
2026-07-05 05:42:00,499 [INFO] [TIME] 8715 アニコム　ホールディングス 処理時間: 1.13s
2026-07-05 05:42:02,022 [DEBUG] [TIME] 8725 info: 0.19s
2026-07-05 05:42:02,022 [DEBUG] yfinance OK: 8725
2026-07-05 05:42:02,250 [DEBUG] [TIME] 8725 income_stmt: 0.23s
2026-07-05 05:42:02,493 [DEBUG] [TIME] 8725 balance_sheet: 0.24s
2026-07-05 05:42:02,800 [DEBUG] [TIME] 8725 cashflow: 0.31s
2026-07-05 05:42:03,155 [DEBUG] [TIME] 8725 dividends: 0.35s
2026-07-05 05:42:03,156 [INFO] [DETAIL] 8725 ＭＳ＆ＡＤインシュアランスグループホールディングス: income_stmt=OK, balance_sheet=OK, cashflow=OK, dividends=OK
2026-07-05 05:42:03,156 [INFO] [TIME] 8725 ＭＳ＆ＡＤインシュアランスグループホールディングス 処理時間: 1.32s
2026-07-05 05:42:05,012 [DEBUG] [TIME] 8729 info: 0.33s
2026-07-05 05:42:05,012 [DEBUG] yfinance OK: 8729
2026-07-05 05:42:05,186 [DEBUG] [TIME] 8729 income_stmt: 0.17s
2026-07-05 05:42:05,360 [DEBUG] [TIME] 8729 balance_sheet: 0.17s
2026-07-05 05:42:05,570 [DEBUG] [TIME] 8729 cashflow: 0.21s
2026-07-05 05:42:05,715 [DEBUG] [TIME] 8729 dividends: 0.14s
2026-07-05 05:42:05,715 [INFO] [DETAIL] 8729 ソニーフィナンシャルグループ: income_stmt=OK, balance_sheet=OK, cashflow=OK, dividends=OK
2026-07-05 05:42:05,716 [INFO] [TIME] 8729 ソニーフィナンシャルグループ 処理時間: 1.03s
2026-07-05 05:42:07,774 [DEBUG] [TIME] 8737 info: 0.19s
2026-07-05 05:42:07,774 [DEBUG] yfinance OK: 8737
2026-07-05 05:42:08,017 [DEBUG] [TIME] 8737 income_stmt: 0.24s
2026-07-05 05:42:08,246 [DEBUG] [TIME] 8737 balance_sheet: 0.23s
2026-07-05 05:42:08,513 [DEBUG] [TIME] 8737 cashflow: 0.27s
2026-07-05 05:42:08,857 [DEBUG] [TIME] 8737 dividends: 0.34s
2026-07-05 05:42:08,858 [INFO] [DETAIL] 8737 あかつき本社: income_stmt=OK, balance_sheet=OK, cashflow=OK, dividends=OK
2026-07-05 05:42:08,858 [INFO] [TIME] 8737 あかつき本社 処理時間: 1.27s
2026-07-05 05:42:10,676 [DEBUG] [TIME] 8739 info: 0.25s
2026-07-05 05:42:10,676 [DEBUG] yfinance OK: 8739
2026-07-05 05:42:10,868 [DEBUG] [TIME] 8739 income_stmt: 0.19s
2026-07-05 05:42:11,229 [DEBUG] [TIME] 8739 balance_sheet: 0.36s
2026-07-05 05:42:11,403 [DEBUG] [TIME] 8739 cashflow: 0.17s
2026-07-05 05:42:11,726 [DEBUG] [TIME] 8739 dividends: 0.32s
2026-07-05 05:42:11,727 [INFO] [DETAIL] 8739 スパークス・グループ: income_stmt=OK, balance_sheet=OK, cashflow=OK, dividends=OK
2026-07-05 05:42:11,727 [INFO] [TIME] 8739 スパークス・グループ 処理時間: 1.31s
2026-07-05 05:42:13,465 [DEBUG] [TIME] 8742 info: 0.25s
2026-07-05 05:42:13,465 [DEBUG] yfinance OK: 8742
2026-07-05 05:42:13,724 [DEBUG] [TIME] 8742 income_stmt: 0.26s
2026-07-05 05:42:13,957 [DEBUG] [TIME] 8742 balance_sheet: 0.23s
2026-07-05 05:42:14,171 [DEBUG] [TIME] 8742 cashflow: 0.21s
2026-07-05 05:42:14,523 [DEBUG] [TIME] 8742 dividends: 0.35s
2026-07-05 05:42:14,524 [INFO] [DETAIL] 8742 小林洋行: income_stmt=OK, balance_sheet=OK, cashflow=OK, dividends=OK
2026-07-05 05:42:14,524 [INFO] [TIME] 8742 小林洋行 処理時間: 1.31s
2026-07-05 05:42:16,616 [DEBUG] [TIME] 8746 info: 0.20s
2026-07-05 05:42:16,616 [DEBUG] yfinance OK: 8746
2026-07-05 05:42:16,787 [DEBUG] [TIME] 8746 income_stmt: 0.17s
2026-07-05 05:42:17,018 [DEBUG] [TIME] 8746 balance_sheet: 0.23s
2026-07-05 05:42:17,203 [DEBUG] [TIME] 8746 cashflow: 0.18s
2026-07-05 05:42:17,518 [DEBUG] [TIME] 8746 dividends: 0.31s
2026-07-05 05:42:17,519 [INFO] [DETAIL] 8746 ｕｎｂａｎｋｅｄ: income_stmt=OK, balance_sheet=OK, cashflow=OK, dividends=OK
2026-07-05 05:42:17,519 [INFO] [TIME] 8746 ｕｎｂａｎｋｅｄ 処理時間: 1.10s
2026-07-05 05:42:18,988 [DEBUG] [TIME] 8747 info: 0.25s
2026-07-05 05:42:18,988 [DEBUG] yfinance OK: 8747
2026-07-05 05:42:19,229 [DEBUG] [TIME] 8747 income_stmt: 0.24s
2026-07-05 05:42:19,497 [DEBUG] [TIME] 8747 balance_sheet: 0.27s
2026-07-05 05:42:19,836 [DEBUG] [TIME] 8747 cashflow: 0.34s
2026-07-05 05:42:20,264 [DEBUG] [TIME] 8747 dividends: 0.43s
2026-07-05 05:42:20,266 [INFO] [DETAIL] 8747 豊トラスティ証券: income_stmt=OK, balance_sheet=OK, cashflow=OK, dividends=OK
2026-07-05 05:42:20,266 [INFO] [TIME] 8747 豊トラスティ証券 処理時間: 1.53s
2026-07-05 05:42:22,074 [DEBUG] [TIME] 8750 info: 0.19s
2026-07-05 05:42:22,074 [DEBUG] yfinance OK: 8750
2026-07-05 05:42:22,285 [DEBUG] [TIME] 8750 income_stmt: 0.21s
2026-07-05 05:42:22,489 [DEBUG] [TIME] 8750 balance_sheet: 0.20s
2026-07-05 05:42:22,680 [DEBUG] [TIME] 8750 cashflow: 0.19s
2026-07-05 05:42:23,095 [DEBUG] [TIME] 8750 dividends: 0.41s
2026-07-05 05:42:23,096 [INFO] [DETAIL] 8750 第一ライフグループ: income_stmt=OK, balance_sheet=OK, cashflow=OK, dividends=OK
2026-07-05 05:42:23,096 [INFO] [TIME] 8750 第一ライフグループ 処理時間: 1.22s
2026-07-05 05:42:24,967 [DEBUG] [TIME] 8766 info: 0.19s
2026-07-05 05:42:24,967 [DEBUG] yfinance OK: 8766
2026-07-05 05:42:25,162 [DEBUG] [TIME] 8766 income_stmt: 0.19s
2026-07-05 05:42:25,396 [DEBUG] [TIME] 8766 balance_sheet: 0.23s
2026-07-05 05:42:25,572 [DEBUG] [TIME] 8766 cashflow: 0.17s
2026-07-05 05:42:26,038 [DEBUG] [TIME] 8766 dividends: 0.47s
2026-07-05 05:42:26,039 [INFO] [DETAIL] 8766 東京海上ホールディングス: income_stmt=OK, balance_sheet=OK, cashflow=OK, dividends=OK
2026-07-05 05:42:26,039 [INFO] [TIME] 8766 東京海上ホールディングス 処理時間: 1.27s
2026-07-05 05:42:27,928 [DEBUG] [TIME] 8769 info: 0.19s
2026-07-05 05:42:27,928 [DEBUG] yfinance OK: 8769
2026-07-05 05:42:28,165 [DEBUG] [TIME] 8769 income_stmt: 0.24s
2026-07-05 05:42:28,436 [DEBUG] [TIME] 8769 balance_sheet: 0.27s
2026-07-05 05:42:28,676 [DEBUG] [TIME] 8769 cashflow: 0.24s
2026-07-05 05:42:29,018 [DEBUG] [TIME] 8769 dividends: 0.34s
2026-07-05 05:42:29,019 [INFO] [DETAIL] 8769 アドバンテッジリスクマネジメント: income_stmt=OK, balance_sheet=OK, cashflow=OK, dividends=OK
2026-07-05 05:42:29,019 [INFO] [TIME] 8769 アドバンテッジリスクマネジメント 処理時間: 1.28s
2026-07-05 05:42:30,888 [DEBUG] [TIME] 8771 info: 0.25s
2026-07-05 05:42:30,888 [DEBUG] yfinance OK: 8771
2026-07-05 05:42:31,075 [DEBUG] [TIME] 8771 income_stmt: 0.19s
2026-07-05 05:42:31,392 [DEBUG] [TIME] 8771 balance_sheet: 0.32s
2026-07-05 05:42:31,573 [DEBUG] [TIME] 8771 cashflow: 0.18s
2026-07-05 05:42:32,018 [DEBUG] [TIME] 8771 dividends: 0.44s
2026-07-05 05:42:32,019 [INFO] [DETAIL] 8771 イー・ギャランティ: income_stmt=OK, balance_sheet=OK, cashflow=OK, dividends=OK
2026-07-05 05:42:32,019 [INFO] [TIME] 8771 イー・ギャランティ 処理時間: 1.38s
2026-07-05 05:42:33,550 [DEBUG] [TIME] 8772 info: 0.26s
2026-07-05 05:42:33,550 [DEBUG] yfinance OK: 8772
2026-07-05 05:42:33,828 [DEBUG] [TIME] 8772 income_stmt: 0.28s
2026-07-05 05:42:34,084 [DEBUG] [TIME] 8772 balance_sheet: 0.26s
2026-07-05 05:42:34,335 [DEBUG] [TIME] 8772 cashflow: 0.25s
2026-07-05 05:42:34,691 [DEBUG] [TIME] 8772 dividends: 0.36s
2026-07-05 05:42:34,692 [INFO] [DETAIL] 8772 アサックス: income_stmt=OK, balance_sheet=OK, cashflow=OK, dividends=OK
2026-07-05 05:42:34,692 [INFO] [TIME] 8772 アサックス 処理時間: 1.40s
2026-07-05 05:42:36,081 [DEBUG] [TIME] 8783 info: 0.19s
2026-07-05 05:42:36,081 [DEBUG] yfinance OK: 8783
2026-07-05 05:42:36,313 [DEBUG] [TIME] 8783 income_stmt: 0.23s
2026-07-05 05:42:36,531 [DEBUG] [TIME] 8783 balance_sheet: 0.22s
2026-07-05 05:42:36,736 [DEBUG] [TIME] 8783 cashflow: 0.20s
2026-07-05 05:42:37,040 [DEBUG] [TIME] 8783 dividends: 0.30s
2026-07-05 05:42:37,040 [INFO] [DETAIL] 8783 ａｂｃ: income_stmt=OK, balance_sheet=OK, cashflow=OK, dividends=EMPTY
2026-07-05 05:42:37,040 [INFO] [TIME] 8783 ａｂｃ 処理時間: 1.15s
2026-07-05 05:42:38,649 [DEBUG] [TIME] 8789 info: 0.20s
2026-07-05 05:42:38,649 [DEBUG] yfinance OK: 8789
2026-07-05 05:42:38,843 [DEBUG] [TIME] 8789 income_stmt: 0.19s
2026-07-05 05:42:39,035 [DEBUG] [TIME] 8789 balance_sheet: 0.19s
2026-07-05 05:42:39,240 [DEBUG] [TIME] 8789 cashflow: 0.20s
2026-07-05 05:42:39,561 [DEBUG] [TIME] 8789 dividends: 0.32s
2026-07-05 05:42:39,562 [INFO] [DETAIL] 8789 フィンテック　グローバル: income_stmt=OK, balance_sheet=OK, cashflow=OK, dividends=OK
2026-07-05 05:42:39,562 [INFO] [TIME] 8789 フィンテック　グローバル 処理時間: 1.12s
2026-07-05 05:42:40,896 [DEBUG] [TIME] 8793 info: 0.19s
2026-07-05 05:42:40,896 [DEBUG] yfinance OK: 8793
2026-07-05 05:42:41,113 [DEBUG] [TIME] 8793 income_stmt: 0.22s
2026-07-05 05:42:41,386 [DEBUG] [TIME] 8793 balance_sheet: 0.27s
2026-07-05 05:42:41,662 [DEBUG] [TIME] 8793 cashflow: 0.27s
2026-07-05 05:42:41,987 [DEBUG] [TIME] 8793 dividends: 0.32s
2026-07-05 05:42:41,988 [INFO] [DETAIL] 8793 ＮＥＣキャピタルソリューション: income_stmt=OK, balance_sheet=OK, cashflow=OK, dividends=OK
2026-07-05 05:42:41,988 [INFO] [TIME] 8793 ＮＥＣキャピタルソリューション 処理時間: 1.28s
2026-07-05 05:42:43,736 [DEBUG] [TIME] 8795 info: 0.20s
2026-07-05 05:42:43,736 [DEBUG] yfinance OK: 8795
2026-07-05 05:42:43,927 [DEBUG] [TIME] 8795 income_stmt: 0.19s
2026-07-05 05:42:44,182 [DEBUG] [TIME] 8795 balance_sheet: 0.25s
2026-07-05 05:42:44,349 [DEBUG] [TIME] 8795 cashflow: 0.17s
2026-07-05 05:42:44,775 [DEBUG] [TIME] 8795 dividends: 0.43s
2026-07-05 05:42:44,776 [INFO] [DETAIL] 8795 Ｔ＆Ｄホールディングス: income_stmt=OK, balance_sheet=OK, cashflow=OK, dividends=OK
2026-07-05 05:42:44,776 [INFO] [TIME] 8795 Ｔ＆Ｄホールディングス 処理時間: 1.24s
2026-07-05 05:42:46,008 [DEBUG] [TIME] 8798 info: 0.19s
2026-07-05 05:42:46,008 [DEBUG] yfinance OK: 8798
2026-07-05 05:42:46,275 [DEBUG] [TIME] 8798 income_stmt: 0.27s
2026-07-05 05:42:46,602 [DEBUG] [TIME] 8798 balance_sheet: 0.33s
2026-07-05 05:42:46,807 [DEBUG] [TIME] 8798 cashflow: 0.20s
2026-07-05 05:42:47,147 [DEBUG] [TIME] 8798 dividends: 0.34s
2026-07-05 05:42:47,148 [INFO] [DETAIL] 8798 アドバンスクリエイト: income_stmt=OK, balance_sheet=OK, cashflow=OK, dividends=OK
2026-07-05 05:42:47,148 [INFO] [TIME] 8798 アドバンスクリエイト 処理時間: 1.33s
2026-07-05 05:42:48,514 [DEBUG] [TIME] 8801 info: 0.19s
2026-07-05 05:42:48,514 [DEBUG] yfinance OK: 8801
2026-07-05 05:42:48,711 [DEBUG] [TIME] 8801 income_stmt: 0.20s
2026-07-05 05:42:48,973 [DEBUG] [TIME] 8801 balance_sheet: 0.26s
2026-07-05 05:42:49,210 [DEBUG] [TIME] 8801 cashflow: 0.24s
2026-07-05 05:42:49,711 [DEBUG] [TIME] 8801 dividends: 0.50s
2026-07-05 05:42:49,712 [INFO] [DETAIL] 8801 三井不動産: income_stmt=OK, balance_sheet=OK, cashflow=OK, dividends=OK
2026-07-05 05:42:49,712 [INFO] [TIME] 8801 三井不動産 処理時間: 1.39s
2026-07-05 05:42:51,862 [DEBUG] [TIME] 8802 info: 0.18s
2026-07-05 05:42:51,862 [DEBUG] yfinance OK: 8802
2026-07-05 05:42:52,091 [DEBUG] [TIME] 8802 income_stmt: 0.23s
2026-07-05 05:42:52,328 [DEBUG] [TIME] 8802 balance_sheet: 0.24s
2026-07-05 05:42:52,504 [DEBUG] [TIME] 8802 cashflow: 0.18s
2026-07-05 05:42:52,954 [DEBUG] [TIME] 8802 dividends: 0.45s
2026-07-05 05:42:52,955 [INFO] [DETAIL] 8802 三菱地所: income_stmt=OK, balance_sheet=OK, cashflow=OK, dividends=OK
2026-07-05 05:42:52,955 [INFO] [TIME] 8802 三菱地所 処理時間: 1.28s
2026-07-05 05:42:54,876 [DEBUG] [TIME] 8803 info: 0.25s
2026-07-05 05:42:54,876 [DEBUG] yfinance OK: 8803
2026-07-05 05:42:55,183 [DEBUG] [TIME] 8803 income_stmt: 0.31s
2026-07-05 05:42:55,435 [DEBUG] [TIME] 8803 balance_sheet: 0.25s
2026-07-05 05:42:55,706 [DEBUG] [TIME] 8803 cashflow: 0.27s
2026-07-05 05:42:56,089 [DEBUG] [TIME] 8803 dividends: 0.38s
2026-07-05 05:42:56,090 [INFO] [DETAIL] 8803 平和不動産: income_stmt=OK, balance_sheet=OK, cashflow=OK, dividends=OK
2026-07-05 05:42:56,090 [INFO] [TIME] 8803 平和不動産 処理時間: 1.46s
2026-07-05 05:42:57,298 [DEBUG] [TIME] 8804 info: 0.19s
2026-07-05 05:42:57,298 [DEBUG] yfinance OK: 8804
2026-07-05 05:42:57,487 [DEBUG] [TIME] 8804 income_stmt: 0.19s
2026-07-05 05:42:57,681 [DEBUG] [TIME] 8804 balance_sheet: 0.19s
2026-07-05 05:42:57,868 [DEBUG] [TIME] 8804 cashflow: 0.19s
2026-07-05 05:42:58,244 [DEBUG] [TIME] 8804 dividends: 0.38s
2026-07-05 05:42:58,245 [INFO] [DETAIL] 8804 東京建物: income_stmt=OK, balance_sheet=OK, cashflow=OK, dividends=OK
2026-07-05 05:42:58,245 [INFO] [TIME] 8804 東京建物 処理時間: 1.14s
2026-07-05 05:43:00,485 [DEBUG] [TIME] 8818 info: 0.26s
2026-07-05 05:43:00,485 [DEBUG] yfinance OK: 8818
2026-07-05 05:43:00,707 [DEBUG] [TIME] 8818 income_stmt: 0.22s
2026-07-05 05:43:00,938 [DEBUG] [TIME] 8818 balance_sheet: 0.23s
2026-07-05 05:43:01,111 [DEBUG] [TIME] 8818 cashflow: 0.17s
2026-07-05 05:43:01,516 [DEBUG] [TIME] 8818 dividends: 0.40s
2026-07-05 05:43:01,517 [INFO] [DETAIL] 8818 京阪神ビルディング: income_stmt=OK, balance_sheet=OK, cashflow=OK, dividends=OK
2026-07-05 05:43:01,517 [INFO] [TIME] 8818 京阪神ビルディング 処理時間: 1.29s
2026-07-05 05:43:02,859 [DEBUG] [TIME] 8830 info: 0.26s
2026-07-05 05:43:02,860 [DEBUG] yfinance OK: 8830
2026-07-05 05:43:03,123 [DEBUG] [TIME] 8830 income_stmt: 0.26s
2026-07-05 05:43:03,388 [DEBUG] [TIME] 8830 balance_sheet: 0.26s
2026-07-05 05:43:03,680 [DEBUG] [TIME] 8830 cashflow: 0.29s
2026-07-05 05:43:04,114 [DEBUG] [TIME] 8830 dividends: 0.43s
2026-07-05 05:43:04,115 [INFO] [DETAIL] 8830 住友不動産: income_stmt=OK, balance_sheet=OK, cashflow=OK, dividends=OK
2026-07-05 05:43:04,115 [INFO] [TIME] 8830 住友不動産 処理時間: 1.51s
2026-07-05 05:43:06,057 [DEBUG] [TIME] 8835 info: 0.19s
2026-07-05 05:43:06,057 [DEBUG] yfinance OK: 8835
2026-07-05 05:43:06,258 [DEBUG] [TIME] 8835 income_stmt: 0.20s
2026-07-05 05:43:06,569 [DEBUG] [TIME] 8835 balance_sheet: 0.31s
2026-07-05 05:43:06,758 [DEBUG] [TIME] 8835 cashflow: 0.19s
2026-07-05 05:43:07,137 [DEBUG] [TIME] 8835 dividends: 0.38s
2026-07-05 05:43:07,138 [INFO] [DETAIL] 8835 太平洋興発: income_stmt=OK, balance_sheet=OK, cashflow=OK, dividends=OK
2026-07-05 05:43:07,138 [INFO] [TIME] 8835 太平洋興発 処理時間: 1.27s
2026-07-05 05:43:09,107 [DEBUG] [TIME] 8836 info: 0.25s
2026-07-05 05:43:09,107 [DEBUG] yfinance OK: 8836
2026-07-05 05:43:09,333 [DEBUG] [TIME] 8836 income_stmt: 0.23s
2026-07-05 05:43:09,560 [DEBUG] [TIME] 8836 balance_sheet: 0.23s
2026-07-05 05:43:09,835 [DEBUG] [TIME] 8836 cashflow: 0.27s
2026-07-05 05:43:10,115 [DEBUG] [TIME] 8836 dividends: 0.28s
2026-07-05 05:43:10,115 [INFO] [DETAIL] 8836 ＲＩＳＥ: income_stmt=OK, balance_sheet=OK, cashflow=OK, dividends=EMPTY
2026-07-05 05:43:10,115 [INFO] [TIME] 8836 ＲＩＳＥ 処理時間: 1.26s
2026-07-05 05:43:11,338 [DEBUG] [TIME] 8841 info: 0.19s
2026-07-05 05:43:11,338 [DEBUG] yfinance OK: 8841
2026-07-05 05:43:11,550 [DEBUG] [TIME] 8841 income_stmt: 0.21s
2026-07-05 05:43:11,849 [DEBUG] [TIME] 8841 balance_sheet: 0.30s
2026-07-05 05:43:12,133 [DEBUG] [TIME] 8841 cashflow: 0.28s
2026-07-05 05:43:12,507 [DEBUG] [TIME] 8841 dividends: 0.37s
2026-07-05 05:43:12,508 [INFO] [DETAIL] 8841 テーオーシー: income_stmt=OK, balance_sheet=OK, cashflow=OK, dividends=OK
2026-07-05 05:43:12,508 [INFO] [TIME] 8841 テーオーシー 処理時間: 1.36s
2026-07-05 05:43:14,066 [DEBUG] [TIME] 8844 info: 0.19s
2026-07-05 05:43:14,066 [DEBUG] yfinance OK: 8844
2026-07-05 05:43:14,251 [DEBUG] [TIME] 8844 income_stmt: 0.18s
2026-07-05 05:43:14,506 [DEBUG] [TIME] 8844 balance_sheet: 0.26s
2026-07-05 05:43:14,714 [DEBUG] [TIME] 8844 cashflow: 0.21s
2026-07-05 05:43:15,061 [DEBUG] [TIME] 8844 dividends: 0.35s
2026-07-05 05:43:15,062 [INFO] [DETAIL] 8844 コスモスイニシア: income_stmt=OK, balance_sheet=OK, cashflow=OK, dividends=OK
2026-07-05 05:43:15,062 [INFO] [TIME] 8844 コスモスイニシア 処理時間: 1.19s
2026-07-05 05:43:16,996 [DEBUG] [TIME] 8848 info: 0.19s
2026-07-05 05:43:16,996 [DEBUG] yfinance OK: 8848
2026-07-05 05:43:17,181 [DEBUG] [TIME] 8848 income_stmt: 0.19s
2026-07-05 05:43:17,406 [DEBUG] [TIME] 8848 balance_sheet: 0.22s
2026-07-05 05:43:17,679 [DEBUG] [TIME] 8848 cashflow: 0.27s
2026-07-05 05:43:18,128 [DEBUG] [TIME] 8848 dividends: 0.45s
2026-07-05 05:43:18,129 [INFO] [DETAIL] 8848 レオパレス２１: income_stmt=OK, balance_sheet=OK, cashflow=OK, dividends=OK
2026-07-05 05:43:18,129 [INFO] [TIME] 8848 レオパレス２１ 処理時間: 1.32s
2026-07-05 05:43:19,353 [DEBUG] [TIME] 8850 info: 0.20s
2026-07-05 05:43:19,353 [DEBUG] yfinance OK: 8850
2026-07-05 05:43:19,585 [DEBUG] [TIME] 8850 income_stmt: 0.23s
2026-07-05 05:43:19,805 [DEBUG] [TIME] 8850 balance_sheet: 0.22s
2026-07-05 05:43:20,091 [DEBUG] [TIME] 8850 cashflow: 0.28s
2026-07-05 05:43:20,479 [DEBUG] [TIME] 8850 dividends: 0.39s
2026-07-05 05:43:20,480 [INFO] [DETAIL] 8850 スターツコーポレーション: income_stmt=OK, balance_sheet=OK, cashflow=OK, dividends=OK
2026-07-05 05:43:20,480 [INFO] [TIME] 8850 スターツコーポレーション 処理時間: 1.33s
2026-07-05 05:43:22,059 [DEBUG] [TIME] 8860 info: 0.34s
2026-07-05 05:43:22,059 [DEBUG] yfinance OK: 8860
2026-07-05 05:43:22,279 [DEBUG] [TIME] 8860 income_stmt: 0.22s
2026-07-05 05:43:22,484 [DEBUG] [TIME] 8860 balance_sheet: 0.20s
2026-07-05 05:43:22,673 [DEBUG] [TIME] 8860 cashflow: 0.19s
2026-07-05 05:43:23,120 [DEBUG] [TIME] 8860 dividends: 0.45s
2026-07-05 05:43:23,121 [INFO] [DETAIL] 8860 フジ住宅: income_stmt=OK, balance_sheet=OK, cashflow=OK, dividends=OK
2026-07-05 05:43:23,121 [INFO] [TIME] 8860 フジ住宅 処理時間: 1.40s
2026-07-05 05:43:24,345 [DEBUG] [TIME] 8864 info: 0.20s
2026-07-05 05:43:24,345 [DEBUG] yfinance OK: 8864
2026-07-05 05:43:24,570 [DEBUG] [TIME] 8864 income_stmt: 0.23s
2026-07-05 05:43:24,850 [DEBUG] [TIME] 8864 balance_sheet: 0.28s
2026-07-05 05:43:25,027 [DEBUG] [TIME] 8864 cashflow: 0.18s
2026-07-05 05:43:25,389 [DEBUG] [TIME] 8864 dividends: 0.36s
2026-07-05 05:43:25,390 [INFO] [DETAIL] 8864 空港施設: income_stmt=OK, balance_sheet=OK, cashflow=OK, dividends=OK
2026-07-05 05:43:25,390 [INFO] [TIME] 8864 空港施設 処理時間: 1.24s
2026-07-05 05:43:26,941 [DEBUG] [TIME] 8869 info: 0.20s
2026-07-05 05:43:26,941 [DEBUG] yfinance OK: 8869
2026-07-05 05:43:27,148 [DEBUG] [TIME] 8869 income_stmt: 0.21s
2026-07-05 05:43:27,417 [DEBUG] [TIME] 8869 balance_sheet: 0.27s
2026-07-05 05:43:27,608 [DEBUG] [TIME] 8869 cashflow: 0.19s
2026-07-05 05:43:27,945 [DEBUG] [TIME] 8869 dividends: 0.34s
2026-07-05 05:43:27,946 [INFO] [DETAIL] 8869 明和地所: income_stmt=OK, balance_sheet=OK, cashflow=OK, dividends=OK
2026-07-05 05:43:27,946 [INFO] [TIME] 8869 明和地所 処理時間: 1.20s
2026-07-05 05:43:29,311 [DEBUG] [TIME] 8871 info: 0.19s
2026-07-05 05:43:29,311 [DEBUG] yfinance OK: 8871
2026-07-05 05:43:29,537 [DEBUG] [TIME] 8871 income_stmt: 0.23s
2026-07-05 05:43:29,867 [DEBUG] [TIME] 8871 balance_sheet: 0.33s
2026-07-05 05:43:30,045 [DEBUG] [TIME] 8871 cashflow: 0.18s
2026-07-05 05:43:30,377 [DEBUG] [TIME] 8871 dividends: 0.33s
2026-07-05 05:43:30,378 [INFO] [DETAIL] 8871 ゴールドクレスト: income_stmt=OK, balance_sheet=OK, cashflow=OK, dividends=OK
2026-07-05 05:43:30,378 [INFO] [TIME] 8871 ゴールドクレスト 処理時間: 1.26s
2026-07-05 05:43:32,477 [DEBUG] [TIME] 8876 info: 0.20s
2026-07-05 05:43:32,477 [DEBUG] yfinance OK: 8876
2026-07-05 05:43:32,731 [DEBUG] [TIME] 8876 income_stmt: 0.25s
2026-07-05 05:43:32,987 [DEBUG] [TIME] 8876 balance_sheet: 0.26s
2026-07-05 05:43:33,237 [DEBUG] [TIME] 8876 cashflow: 0.25s
2026-07-05 05:43:33,536 [DEBUG] [TIME] 8876 dividends: 0.30s
2026-07-05 05:43:33,538 [INFO] [DETAIL] 8876 リログループ: income_stmt=OK, balance_sheet=OK, cashflow=OK, dividends=OK
2026-07-05 05:43:33,538 [INFO] [TIME] 8876 リログループ 処理時間: 1.26s
2026-07-05 05:43:35,530 [DEBUG] [TIME] 8877 info: 0.26s
2026-07-05 05:43:35,530 [DEBUG] yfinance OK: 8877
2026-07-05 05:43:35,735 [DEBUG] [TIME] 8877 income_stmt: 0.20s
2026-07-05 05:43:35,979 [DEBUG] [TIME] 8877 balance_sheet: 0.24s
2026-07-05 05:43:36,208 [DEBUG] [TIME] 8877 cashflow: 0.23s
2026-07-05 05:43:36,661 [DEBUG] [TIME] 8877 dividends: 0.45s
2026-07-05 05:43:36,662 [INFO] [DETAIL] 8877 エスリード: income_stmt=OK, balance_sheet=OK, cashflow=OK, dividends=OK
2026-07-05 05:43:36,663 [INFO] [TIME] 8877 エスリード 処理時間: 1.39s
2026-07-05 05:43:37,953 [DEBUG] [TIME] 8881 info: 0.19s
2026-07-05 05:43:37,953 [DEBUG] yfinance OK: 8881
2026-07-05 05:43:38,207 [DEBUG] [TIME] 8881 income_stmt: 0.25s
2026-07-05 05:43:38,442 [DEBUG] [TIME] 8881 balance_sheet: 0.23s
2026-07-05 05:43:38,627 [DEBUG] [TIME] 8881 cashflow: 0.18s
2026-07-05 05:43:39,007 [DEBUG] [TIME] 8881 dividends: 0.38s
2026-07-05 05:43:39,008 [INFO] [DETAIL] 8881 日神グループホールディングス: income_stmt=OK, balance_sheet=OK, cashflow=OK, dividends=OK
2026-07-05 05:43:39,008 [INFO] [TIME] 8881 日神グループホールディングス 処理時間: 1.25s
2026-07-05 05:43:40,229 [DEBUG] [TIME] 8887 info: 0.19s
2026-07-05 05:43:40,229 [DEBUG] yfinance OK: 8887
2026-07-05 05:43:40,412 [DEBUG] [TIME] 8887 income_stmt: 0.18s
2026-07-05 05:43:40,671 [DEBUG] [TIME] 8887 balance_sheet: 0.26s
2026-07-05 05:43:40,939 [DEBUG] [TIME] 8887 cashflow: 0.27s
2026-07-05 05:43:41,353 [DEBUG] [TIME] 8887 dividends: 0.41s
2026-07-05 05:43:41,354 [INFO] [DETAIL] 8887 シーラホールディングス: income_stmt=OK, balance_sheet=OK, cashflow=OK, dividends=OK
2026-07-05 05:43:41,354 [INFO] [TIME] 8887 シーラホールディングス 処理時間: 1.32s
2026-07-05 05:43:42,920 [DEBUG] [TIME] 8891 info: 0.19s
2026-07-05 05:43:42,920 [DEBUG] yfinance OK: 8891
2026-07-05 05:43:43,112 [DEBUG] [TIME] 8891 income_stmt: 0.19s
2026-07-05 05:43:43,424 [DEBUG] [TIME] 8891 balance_sheet: 0.31s
2026-07-05 05:43:43,642 [DEBUG] [TIME] 8891 cashflow: 0.22s
2026-07-05 05:43:44,030 [DEBUG] [TIME] 8891 dividends: 0.39s
2026-07-05 05:43:44,031 [INFO] [DETAIL] 8891 ＡＭＧホールディングス: income_stmt=OK, balance_sheet=OK, cashflow=OK, dividends=OK
2026-07-05 05:43:44,031 [INFO] [TIME] 8891 ＡＭＧホールディングス 処理時間: 1.30s
2026-07-05 05:43:45,719 [DEBUG] [TIME] 8892 info: 0.19s
2026-07-05 05:43:45,719 [DEBUG] yfinance OK: 8892
2026-07-05 05:43:45,960 [DEBUG] [TIME] 8892 income_stmt: 0.24s
2026-07-05 05:43:46,211 [DEBUG] [TIME] 8892 balance_sheet: 0.25s
2026-07-05 05:43:46,456 [DEBUG] [TIME] 8892 cashflow: 0.24s
2026-07-05 05:43:46,902 [DEBUG] [TIME] 8892 dividends: 0.45s
2026-07-05 05:43:46,903 [INFO] [DETAIL] 8892 エスコン: income_stmt=OK, balance_sheet=OK, cashflow=OK, dividends=OK
2026-07-05 05:43:46,903 [INFO] [TIME] 8892 エスコン 処理時間: 1.37s
2026-07-05 05:43:49,091 [DEBUG] [TIME] 8894 info: 0.19s
2026-07-05 05:43:49,091 [DEBUG] yfinance OK: 8894
2026-07-05 05:43:49,326 [DEBUG] [TIME] 8894 income_stmt: 0.23s
2026-07-05 05:43:49,630 [DEBUG] [TIME] 8894 balance_sheet: 0.30s
2026-07-05 05:43:49,891 [DEBUG] [TIME] 8894 cashflow: 0.26s
2026-07-05 05:43:50,206 [DEBUG] [TIME] 8894 dividends: 0.31s
2026-07-05 05:43:50,206 [INFO] [DETAIL] 8894 ＲＥＶＯＬＵＴＩＯＮ: income_stmt=OK, balance_sheet=OK, cashflow=OK, dividends=EMPTY
2026-07-05 05:43:50,206 [INFO] [TIME] 8894 ＲＥＶＯＬＵＴＩＯＮ 処理時間: 1.30s
2026-07-05 05:43:52,017 [DEBUG] [TIME] 8897 info: 0.20s
2026-07-05 05:43:52,017 [DEBUG] yfinance OK: 8897
2026-07-05 05:43:52,247 [DEBUG] [TIME] 8897 income_stmt: 0.23s
2026-07-05 05:43:52,542 [DEBUG] [TIME] 8897 balance_sheet: 0.29s
2026-07-05 05:43:52,850 [DEBUG] [TIME] 8897 cashflow: 0.31s
2026-07-05 05:43:53,183 [DEBUG] [TIME] 8897 dividends: 0.33s
2026-07-05 05:43:53,184 [INFO] [DETAIL] 8897 ＭＩＲＡＲＴＨホールディングス: income_stmt=OK, balance_sheet=OK, cashflow=OK, dividends=OK
2026-07-05 05:43:53,184 [INFO] [TIME] 8897 ＭＩＲＡＲＴＨホールディングス 処理時間: 1.37s
2026-07-05 05:43:54,428 [DEBUG] [TIME] 8898 info: 0.19s
2026-07-05 05:43:54,428 [DEBUG] yfinance OK: 8898
2026-07-05 05:43:54,757 [DEBUG] [TIME] 8898 income_stmt: 0.33s
2026-07-05 05:43:55,064 [DEBUG] [TIME] 8898 balance_sheet: 0.31s
2026-07-05 05:43:55,308 [DEBUG] [TIME] 8898 cashflow: 0.24s
2026-07-05 05:43:55,791 [DEBUG] [TIME] 8898 dividends: 0.48s
2026-07-05 05:43:55,792 [INFO] [DETAIL] 8898 センチュリー２１・ジャパン: income_stmt=OK, balance_sheet=OK, cashflow=OK, dividends=OK
2026-07-05 05:43:55,792 [INFO] [TIME] 8898 センチュリー２１・ジャパン 処理時間: 1.56s
2026-07-05 05:43:57,480 [DEBUG] [TIME] 8904 info: 0.19s
2026-07-05 05:43:57,480 [DEBUG] yfinance OK: 8904
2026-07-05 05:43:57,679 [DEBUG] [TIME] 8904 income_stmt: 0.20s
2026-07-05 05:43:57,950 [DEBUG] [TIME] 8904 balance_sheet: 0.27s
2026-07-05 05:43:58,212 [DEBUG] [TIME] 8904 cashflow: 0.26s
2026-07-05 05:43:58,549 [DEBUG] [TIME] 8904 dividends: 0.34s
2026-07-05 05:43:58,550 [INFO] [DETAIL] 8904 ＡＶＡＮＴＩＡ: income_stmt=OK, balance_sheet=OK, cashflow=OK, dividends=OK
2026-07-05 05:43:58,550 [INFO] [TIME] 8904 ＡＶＡＮＴＩＡ 処理時間: 1.26s
2026-07-05 05:43:59,864 [DEBUG] [TIME] 8908 info: 0.20s
2026-07-05 05:43:59,864 [DEBUG] yfinance OK: 8908
2026-07-05 05:44:00,082 [DEBUG] [TIME] 8908 income_stmt: 0.22s
2026-07-05 05:44:00,453 [DEBUG] [TIME] 8908 balance_sheet: 0.37s
2026-07-05 05:44:00,705 [DEBUG] [TIME] 8908 cashflow: 0.25s
2026-07-05 05:44:01,176 [DEBUG] [TIME] 8908 dividends: 0.47s
2026-07-05 05:44:01,177 [INFO] [DETAIL] 8908 毎日コムネット: income_stmt=OK, balance_sheet=OK, cashflow=OK, dividends=OK
2026-07-05 05:44:01,177 [INFO] [TIME] 8908 毎日コムネット 処理時間: 1.52s
2026-07-05 05:44:03,218 [DEBUG] [TIME] 8912 info: 0.27s
2026-07-05 05:44:03,218 [DEBUG] yfinance OK: 8912
2026-07-05 05:44:03,426 [DEBUG] [TIME] 8912 income_stmt: 0.21s
2026-07-05 05:44:03,702 [DEBUG] [TIME] 8912 balance_sheet: 0.28s
2026-07-05 05:44:03,956 [DEBUG] [TIME] 8912 cashflow: 0.25s
2026-07-05 05:44:04,444 [DEBUG] [TIME] 8912 dividends: 0.49s
2026-07-05 05:44:04,445 [INFO] [DETAIL] 8912 エリアクエスト: income_stmt=OK, balance_sheet=OK, cashflow=OK, dividends=OK
2026-07-05 05:44:04,445 [INFO] [TIME] 8912 エリアクエスト 処理時間: 1.50s
2026-07-05 05:44:05,913 [DEBUG] [TIME] 8914 info: 0.25s
2026-07-05 05:44:05,913 [DEBUG] yfinance OK: 8914
2026-07-05 05:44:06,193 [DEBUG] [TIME] 8914 income_stmt: 0.28s
2026-07-05 05:44:06,476 [DEBUG] [TIME] 8914 balance_sheet: 0.28s
2026-07-05 05:44:06,705 [DEBUG] [TIME] 8914 cashflow: 0.23s
2026-07-05 05:44:07,118 [DEBUG] [TIME] 8914 dividends: 0.41s
2026-07-05 05:44:07,119 [INFO] [DETAIL] 8914 エリアリンク: income_stmt=OK, balance_sheet=OK, cashflow=OK, dividends=OK
2026-07-05 05:44:07,119 [INFO] [TIME] 8914 エリアリンク 処理時間: 1.46s
2026-07-05 05:44:09,119 [DEBUG] [TIME] 8917 info: 0.19s
2026-07-05 05:44:09,119 [DEBUG] yfinance OK: 8917
2026-07-05 05:44:09,357 [DEBUG] [TIME] 8917 income_stmt: 0.24s
2026-07-05 05:44:09,613 [DEBUG] [TIME] 8917 balance_sheet: 0.25s
2026-07-05 05:44:09,811 [DEBUG] [TIME] 8917 cashflow: 0.20s
2026-07-05 05:44:10,119 [DEBUG] [TIME] 8917 dividends: 0.31s
2026-07-05 05:44:10,120 [INFO] [DETAIL] 8917 ファースト住建: income_stmt=OK, balance_sheet=OK, cashflow=OK, dividends=OK
2026-07-05 05:44:10,120 [INFO] [TIME] 8917 ファースト住建 処理時間: 1.19s
2026-07-05 05:44:11,991 [DEBUG] [TIME] 8918 info: 0.19s
2026-07-05 05:44:11,991 [DEBUG] yfinance OK: 8918
2026-07-05 05:44:12,189 [DEBUG] [TIME] 8918 income_stmt: 0.20s
2026-07-05 05:44:12,512 [DEBUG] [TIME] 8918 balance_sheet: 0.32s
2026-07-05 05:44:12,717 [DEBUG] [TIME] 8918 cashflow: 0.20s
2026-07-05 05:44:13,059 [DEBUG] [TIME] 8918 dividends: 0.34s
2026-07-05 05:44:13,060 [INFO] [DETAIL] 8918 ランド: income_stmt=OK, balance_sheet=OK, cashflow=OK, dividends=OK
2026-07-05 05:44:13,060 [INFO] [TIME] 8918 ランド 処理時間: 1.26s
2026-07-05 05:44:14,995 [DEBUG] [TIME] 8919 info: 0.20s
2026-07-05 05:44:14,995 [DEBUG] yfinance OK: 8919
2026-07-05 05:44:15,262 [DEBUG] [TIME] 8919 income_stmt: 0.27s
2026-07-05 05:44:15,518 [DEBUG] [TIME] 8919 balance_sheet: 0.26s
2026-07-05 05:44:15,717 [DEBUG] [TIME] 8919 cashflow: 0.20s
2026-07-05 05:44:16,032 [DEBUG] [TIME] 8919 dividends: 0.31s
2026-07-05 05:44:16,033 [INFO] [DETAIL] 8919 カチタス: income_stmt=OK, balance_sheet=OK, cashflow=OK, dividends=OK
2026-07-05 05:44:16,033 [INFO] [TIME] 8919 カチタス 処理時間: 1.24s
2026-07-05 05:44:17,537 [DEBUG] [TIME] 8920 info: 0.26s
2026-07-05 05:44:17,537 [DEBUG] yfinance OK: 8920
2026-07-05 05:44:17,765 [DEBUG] [TIME] 8920 income_stmt: 0.23s
2026-07-05 05:44:17,980 [DEBUG] [TIME] 8920 balance_sheet: 0.21s
2026-07-05 05:44:18,241 [DEBUG] [TIME] 8920 cashflow: 0.26s
2026-07-05 05:44:18,514 [DEBUG] [TIME] 8920 dividends: 0.27s
2026-07-05 05:44:18,515 [INFO] [DETAIL] 8920 東祥: income_stmt=OK, balance_sheet=OK, cashflow=OK, dividends=OK
2026-07-05 05:44:18,515 [INFO] [TIME] 8920 東祥 処理時間: 1.24s
2026-07-05 05:44:20,327 [DEBUG] [TIME] 8923 info: 0.20s
2026-07-05 05:44:20,327 [DEBUG] yfinance OK: 8923
2026-07-05 05:44:20,603 [DEBUG] [TIME] 8923 income_stmt: 0.28s
2026-07-05 05:44:20,825 [DEBUG] [TIME] 8923 balance_sheet: 0.22s
2026-07-05 05:44:20,990 [DEBUG] [TIME] 8923 cashflow: 0.16s
2026-07-05 05:44:21,362 [DEBUG] [TIME] 8923 dividends: 0.37s
2026-07-05 05:44:21,363 [INFO] [DETAIL] 8923 トーセイ: income_stmt=OK, balance_sheet=OK, cashflow=OK, dividends=OK
2026-07-05 05:44:21,363 [INFO] [TIME] 8923 トーセイ 処理時間: 1.23s
2026-07-05 05:44:23,424 [DEBUG] [TIME] 8927 info: 0.25s
2026-07-05 05:44:23,424 [DEBUG] yfinance OK: 8927
2026-07-05 05:44:23,628 [DEBUG] [TIME] 8927 income_stmt: 0.20s
2026-07-05 05:44:23,912 [DEBUG] [TIME] 8927 balance_sheet: 0.28s
2026-07-05 05:44:24,097 [DEBUG] [TIME] 8927 cashflow: 0.18s
2026-07-05 05:44:24,446 [DEBUG] [TIME] 8927 dividends: 0.35s
2026-07-05 05:44:24,447 [INFO] [DETAIL] 8927 明豊エンタープライズ: income_stmt=OK, balance_sheet=OK, cashflow=OK, dividends=OK
2026-07-05 05:44:24,447 [INFO] [TIME] 8927 明豊エンタープライズ 処理時間: 1.28s
2026-07-05 05:44:26,205 [DEBUG] [TIME] 8928 info: 0.21s
2026-07-05 05:44:26,206 [DEBUG] yfinance OK: 8928
2026-07-05 05:44:26,423 [DEBUG] [TIME] 8928 income_stmt: 0.22s
2026-07-05 05:44:26,628 [DEBUG] [TIME] 8928 balance_sheet: 0.20s
2026-07-05 05:44:26,833 [DEBUG] [TIME] 8928 cashflow: 0.20s
2026-07-05 05:44:27,193 [DEBUG] [TIME] 8928 dividends: 0.36s
2026-07-05 05:44:27,194 [INFO] [DETAIL] 8928 穴吹興産: income_stmt=OK, balance_sheet=OK, cashflow=OK, dividends=OK
2026-07-05 05:44:27,194 [INFO] [TIME] 8928 穴吹興産 処理時間: 1.20s
2026-07-05 05:44:29,021 [DEBUG] [TIME] 8929 info: 0.26s
2026-07-05 05:44:29,021 [DEBUG] yfinance OK: 8929
2026-07-05 05:44:29,218 [DEBUG] [TIME] 8929 income_stmt: 0.20s
2026-07-05 05:44:29,460 [DEBUG] [TIME] 8929 balance_sheet: 0.24s
2026-07-05 05:44:29,691 [DEBUG] [TIME] 8929 cashflow: 0.23s
2026-07-05 05:44:30,154 [DEBUG] [TIME] 8929 dividends: 0.46s
2026-07-05 05:44:30,155 [INFO] [DETAIL] 8929 青山財産ネットワークス: income_stmt=OK, balance_sheet=OK, cashflow=OK, dividends=OK
2026-07-05 05:44:30,155 [INFO] [TIME] 8929 青山財産ネットワークス 処理時間: 1.39s
2026-07-05 05:44:31,550 [DEBUG] [TIME] 8931 info: 0.19s
2026-07-05 05:44:31,550 [DEBUG] yfinance OK: 8931
2026-07-05 05:44:31,767 [DEBUG] [TIME] 8931 income_stmt: 0.22s
2026-07-05 05:44:31,994 [DEBUG] [TIME] 8931 balance_sheet: 0.23s
2026-07-05 05:44:32,212 [DEBUG] [TIME] 8931 cashflow: 0.22s
2026-07-05 05:44:32,602 [DEBUG] [TIME] 8931 dividends: 0.39s
2026-07-05 05:44:32,603 [INFO] [DETAIL] 8931 和田興産: income_stmt=OK, balance_sheet=OK, cashflow=OK, dividends=OK
2026-07-05 05:44:32,603 [INFO] [TIME] 8931 和田興産 処理時間: 1.25s
2026-07-05 05:44:34,151 [DEBUG] [TIME] 8934 info: 0.19s
2026-07-05 05:44:34,151 [DEBUG] yfinance OK: 8934
2026-07-05 05:44:34,368 [DEBUG] [TIME] 8934 income_stmt: 0.22s
2026-07-05 05:44:34,659 [DEBUG] [TIME] 8934 balance_sheet: 0.29s
2026-07-05 05:44:34,977 [DEBUG] [TIME] 8934 cashflow: 0.32s
2026-07-05 05:44:35,332 [DEBUG] [TIME] 8934 dividends: 0.35s
2026-07-05 05:44:35,333 [INFO] [DETAIL] 8934 サンフロンティア不動産: income_stmt=OK, balance_sheet=OK, cashflow=OK, dividends=OK
2026-07-05 05:44:35,333 [INFO] [TIME] 8934 サンフロンティア不動産 処理時間: 1.37s
2026-07-05 05:44:37,119 [DEBUG] [TIME] 8935 info: 0.19s
2026-07-05 05:44:37,119 [DEBUG] yfinance OK: 8935
2026-07-05 05:44:37,337 [DEBUG] [TIME] 8935 income_stmt: 0.22s
2026-07-05 05:44:37,620 [DEBUG] [TIME] 8935 balance_sheet: 0.28s
2026-07-05 05:44:37,862 [DEBUG] [TIME] 8935 cashflow: 0.24s
2026-07-05 05:44:38,210 [DEBUG] [TIME] 8935 dividends: 0.35s
2026-07-05 05:44:38,211 [INFO] [DETAIL] 8935 ＦＪネクストホールディングス: income_stmt=OK, balance_sheet=OK, cashflow=OK, dividends=OK
2026-07-05 05:44:38,211 [INFO] [TIME] 8935 ＦＪネクストホールディングス 処理時間: 1.28s
2026-07-05 05:44:39,582 [DEBUG] [TIME] 8938 info: 0.20s
2026-07-05 05:44:39,582 [DEBUG] yfinance OK: 8938
2026-07-05 05:44:39,767 [DEBUG] [TIME] 8938 income_stmt: 0.18s
2026-07-05 05:44:39,963 [DEBUG] [TIME] 8938 balance_sheet: 0.20s
2026-07-05 05:44:40,147 [DEBUG] [TIME] 8938 cashflow: 0.18s
2026-07-05 05:44:40,494 [DEBUG] [TIME] 8938 dividends: 0.35s
2026-07-05 05:44:40,495 [INFO] [DETAIL] 8938 グローム・ホールディングス: income_stmt=OK, balance_sheet=OK, cashflow=OK, dividends=OK
2026-07-05 05:44:40,495 [INFO] [TIME] 8938 グローム・ホールディングス 処理時間: 1.11s
2026-07-05 05:44:42,645 [DEBUG] [TIME] 8944 info: 0.19s
2026-07-05 05:44:42,645 [DEBUG] yfinance OK: 8944
2026-07-05 05:44:42,863 [DEBUG] [TIME] 8944 income_stmt: 0.22s
2026-07-05 05:44:43,082 [DEBUG] [TIME] 8944 balance_sheet: 0.22s
2026-07-05 05:44:43,288 [DEBUG] [TIME] 8944 cashflow: 0.21s
2026-07-05 05:44:43,558 [DEBUG] [TIME] 8944 dividends: 0.27s
2026-07-05 05:44:43,559 [INFO] [DETAIL] 8944 ランドビジネス: income_stmt=OK, balance_sheet=OK, cashflow=OK, dividends=OK
2026-07-05 05:44:43,559 [INFO] [TIME] 8944 ランドビジネス 処理時間: 1.11s
2026-07-05 05:44:45,638 [DEBUG] [TIME] 8945 info: 0.19s
2026-07-05 05:44:45,638 [DEBUG] yfinance OK: 8945
2026-07-05 05:44:45,836 [DEBUG] [TIME] 8945 income_stmt: 0.20s
2026-07-05 05:44:46,196 [DEBUG] [TIME] 8945 balance_sheet: 0.36s
2026-07-05 05:44:46,465 [DEBUG] [TIME] 8945 cashflow: 0.27s
2026-07-05 05:44:46,826 [DEBUG] [TIME] 8945 dividends: 0.36s
2026-07-05 05:44:46,827 [INFO] [DETAIL] 8945 サンネクスタグループ: income_stmt=OK, balance_sheet=OK, cashflow=OK, dividends=OK
2026-07-05 05:44:46,827 [INFO] [TIME] 8945 サンネクスタグループ 処理時間: 1.37s
2026-07-05 05:44:49,005 [DEBUG] [TIME] 8946 info: 0.19s
2026-07-05 05:44:49,005 [DEBUG] yfinance OK: 8946
2026-07-05 05:44:49,221 [DEBUG] [TIME] 8946 income_stmt: 0.22s
2026-07-05 05:44:49,481 [DEBUG] [TIME] 8946 balance_sheet: 0.26s
2026-07-05 05:44:49,731 [DEBUG] [TIME] 8946 cashflow: 0.25s
2026-07-05 05:44:49,978 [DEBUG] [TIME] 8946 dividends: 0.25s
2026-07-05 05:44:49,978 [INFO] [DETAIL] 8946 ＡＳＩＡＮ　ＳＴＡＲ: income_stmt=OK, balance_sheet=OK, cashflow=OK, dividends=EMPTY
2026-07-05 05:44:49,978 [INFO] [TIME] 8946 ＡＳＩＡＮ　ＳＴＡＲ 処理時間: 1.16s
2026-07-05 05:44:51,770 [DEBUG] [TIME] 8995 info: 0.19s
2026-07-05 05:44:51,770 [DEBUG] yfinance OK: 8995
2026-07-05 05:44:52,037 [DEBUG] [TIME] 8995 income_stmt: 0.27s
2026-07-05 05:44:52,292 [DEBUG] [TIME] 8995 balance_sheet: 0.25s
2026-07-05 05:44:52,512 [DEBUG] [TIME] 8995 cashflow: 0.22s
2026-07-05 05:44:52,885 [DEBUG] [TIME] 8995 dividends: 0.37s
2026-07-05 05:44:52,887 [INFO] [DETAIL] 8995 誠建設工業: income_stmt=OK, balance_sheet=OK, cashflow=OK, dividends=OK
2026-07-05 05:44:52,887 [INFO] [TIME] 8995 誠建設工業 処理時間: 1.31s
2026-07-05 05:44:54,947 [DEBUG] [TIME] 8996 info: 0.19s
2026-07-05 05:44:54,947 [DEBUG] yfinance OK: 8996
2026-07-05 05:44:55,129 [DEBUG] [TIME] 8996 income_stmt: 0.18s
2026-07-05 05:44:55,375 [DEBUG] [TIME] 8996 balance_sheet: 0.25s
2026-07-05 05:44:55,629 [DEBUG] [TIME] 8996 cashflow: 0.25s
2026-07-05 05:44:55,847 [DEBUG] [TIME] 8996 dividends: 0.22s
2026-07-05 05:44:55,848 [INFO] [DETAIL] 8996 ハウスフリーダム: income_stmt=OK, balance_sheet=OK, cashflow=OK, dividends=OK
2026-07-05 05:44:55,848 [INFO] [TIME] 8996 ハウスフリーダム 処理時間: 1.09s
2026-07-05 05:44:57,952 [DEBUG] [TIME] 8999 info: 0.20s
2026-07-05 05:44:57,952 [DEBUG] yfinance OK: 8999
2026-07-05 05:44:58,177 [DEBUG] [TIME] 8999 income_stmt: 0.23s
2026-07-05 05:44:58,455 [DEBUG] [TIME] 8999 balance_sheet: 0.28s
2026-07-05 05:44:58,664 [DEBUG] [TIME] 8999 cashflow: 0.21s
2026-07-05 05:44:59,115 [DEBUG] [TIME] 8999 dividends: 0.45s
2026-07-05 05:44:59,116 [INFO] [DETAIL] 8999 グランディハウス: income_stmt=OK, balance_sheet=OK, cashflow=OK, dividends=OK
2026-07-05 05:44:59,116 [INFO] [TIME] 8999 グランディハウス 処理時間: 1.36s
2026-07-05 05:45:00,418 [DEBUG] [TIME] 9001 info: 0.26s
2026-07-05 05:45:00,418 [DEBUG] yfinance OK: 9001
2026-07-05 05:45:00,656 [DEBUG] [TIME] 9001 income_stmt: 0.24s
2026-07-05 05:45:00,915 [DEBUG] [TIME] 9001 balance_sheet: 0.26s
2026-07-05 05:45:01,095 [DEBUG] [TIME] 9001 cashflow: 0.18s
2026-07-05 05:45:01,456 [DEBUG] [TIME] 9001 dividends: 0.36s
2026-07-05 05:45:01,457 [INFO] [DETAIL] 9001 東武鉄道: income_stmt=OK, balance_sheet=OK, cashflow=OK, dividends=OK
2026-07-05 05:45:01,457 [INFO] [TIME] 9001 東武鉄道 処理時間: 1.30s
2026-07-05 05:45:03,280 [DEBUG] [TIME] 9003 info: 0.19s
2026-07-05 05:45:03,280 [DEBUG] yfinance OK: 9003
2026-07-05 05:45:03,541 [DEBUG] [TIME] 9003 income_stmt: 0.26s
2026-07-05 05:45:03,816 [DEBUG] [TIME] 9003 balance_sheet: 0.27s
2026-07-05 05:45:04,057 [DEBUG] [TIME] 9003 cashflow: 0.24s
2026-07-05 05:45:04,421 [DEBUG] [TIME] 9003 dividends: 0.36s
2026-07-05 05:45:04,422 [INFO] [DETAIL] 9003 相鉄ホールディングス: income_stmt=OK, balance_sheet=OK, cashflow=OK, dividends=OK
2026-07-05 05:45:04,422 [INFO] [TIME] 9003 相鉄ホールディングス 処理時間: 1.33s
2026-07-05 05:45:05,953 [DEBUG] [TIME] 9005 info: 0.19s
2026-07-05 05:45:05,953 [DEBUG] yfinance OK: 9005
2026-07-05 05:45:06,132 [DEBUG] [TIME] 9005 income_stmt: 0.18s
2026-07-05 05:45:06,433 [DEBUG] [TIME] 9005 balance_sheet: 0.30s
2026-07-05 05:45:06,673 [DEBUG] [TIME] 9005 cashflow: 0.24s
2026-07-05 05:45:07,009 [DEBUG] [TIME] 9005 dividends: 0.34s
2026-07-05 05:45:07,011 [INFO] [DETAIL] 9005 東急: income_stmt=OK, balance_sheet=OK, cashflow=OK, dividends=OK
2026-07-05 05:45:07,011 [INFO] [TIME] 9005 東急 処理時間: 1.25s
2026-07-05 05:45:08,832 [DEBUG] [TIME] 9006 info: 0.26s
2026-07-05 05:45:08,832 [DEBUG] yfinance OK: 9006
2026-07-05 05:45:09,019 [DEBUG] [TIME] 9006 income_stmt: 0.19s
2026-07-05 05:45:09,293 [DEBUG] [TIME] 9006 balance_sheet: 0.27s
2026-07-05 05:45:09,536 [DEBUG] [TIME] 9006 cashflow: 0.24s
2026-07-05 05:45:09,953 [DEBUG] [TIME] 9006 dividends: 0.42s
2026-07-05 05:45:09,954 [INFO] [DETAIL] 9006 京浜急行電鉄: income_stmt=OK, balance_sheet=OK, cashflow=OK, dividends=OK
2026-07-05 05:45:09,954 [INFO] [TIME] 9006 京浜急行電鉄 処理時間: 1.38s
2026-07-05 05:45:12,078 [DEBUG] [TIME] 9007 info: 0.19s
2026-07-05 05:45:12,078 [DEBUG] yfinance OK: 9007
2026-07-05 05:45:12,353 [DEBUG] [TIME] 9007 income_stmt: 0.28s
2026-07-05 05:45:12,658 [DEBUG] [TIME] 9007 balance_sheet: 0.30s
2026-07-05 05:45:12,898 [DEBUG] [TIME] 9007 cashflow: 0.24s
2026-07-05 05:45:13,324 [DEBUG] [TIME] 9007 dividends: 0.43s
2026-07-05 05:45:13,326 [INFO] [DETAIL] 9007 小田急電鉄: income_stmt=OK, balance_sheet=OK, cashflow=OK, dividends=OK
2026-07-05 05:45:13,326 [INFO] [TIME] 9007 小田急電鉄 処理時間: 1.44s
2026-07-05 05:45:15,294 [DEBUG] [TIME] 9008 info: 0.20s
2026-07-05 05:45:15,294 [DEBUG] yfinance OK: 9008
2026-07-05 05:45:15,507 [DEBUG] [TIME] 9008 income_stmt: 0.21s
2026-07-05 05:45:16,023 [DEBUG] [TIME] 9008 balance_sheet: 0.52s
2026-07-05 05:45:16,231 [DEBUG] [TIME] 9008 cashflow: 0.21s
2026-07-05 05:45:16,718 [DEBUG] [TIME] 9008 dividends: 0.49s
2026-07-05 05:45:16,719 [INFO] [DETAIL] 9008 京王電鉄: income_stmt=OK, balance_sheet=OK, cashflow=OK, dividends=OK
2026-07-05 05:45:16,719 [INFO] [TIME] 9008 京王電鉄 処理時間: 1.63s
2026-07-05 05:45:18,434 [DEBUG] [TIME] 9009 info: 0.19s
2026-07-05 05:45:18,434 [DEBUG] yfinance OK: 9009
2026-07-05 05:45:18,690 [DEBUG] [TIME] 9009 income_stmt: 0.26s
2026-07-05 05:45:18,891 [DEBUG] [TIME] 9009 balance_sheet: 0.20s
2026-07-05 05:45:19,140 [DEBUG] [TIME] 9009 cashflow: 0.25s
2026-07-05 05:45:19,705 [DEBUG] [TIME] 9009 dividends: 0.56s
2026-07-05 05:45:19,706 [INFO] [DETAIL] 9009 京成電鉄: income_stmt=OK, balance_sheet=OK, cashflow=OK, dividends=OK
2026-07-05 05:45:19,707 [INFO] [TIME] 9009 京成電鉄 処理時間: 1.46s
2026-07-05 05:45:21,338 [DEBUG] [TIME] 9010 info: 0.20s
2026-07-05 05:45:21,338 [DEBUG] yfinance OK: 9010
2026-07-05 05:45:21,512 [DEBUG] [TIME] 9010 income_stmt: 0.17s
2026-07-05 05:45:21,731 [DEBUG] [TIME] 9010 balance_sheet: 0.22s
2026-07-05 05:45:21,923 [DEBUG] [TIME] 9010 cashflow: 0.19s
2026-07-05 05:45:22,296 [DEBUG] [TIME] 9010 dividends: 0.37s
2026-07-05 05:45:22,297 [INFO] [DETAIL] 9010 富士急行: income_stmt=OK, balance_sheet=OK, cashflow=OK, dividends=OK
2026-07-05 05:45:22,298 [INFO] [TIME] 9010 富士急行 処理時間: 1.16s
2026-07-05 05:45:23,647 [DEBUG] [TIME] 9012 info: 0.20s
2026-07-05 05:45:23,647 [DEBUG] yfinance OK: 9012
2026-07-05 05:45:23,880 [DEBUG] [TIME] 9012 income_stmt: 0.23s
2026-07-05 05:45:24,207 [DEBUG] [TIME] 9012 balance_sheet: 0.33s
2026-07-05 05:45:24,475 [DEBUG] [TIME] 9012 cashflow: 0.27s
2026-07-05 05:45:24,786 [DEBUG] [TIME] 9012 dividends: 0.31s
2026-07-05 05:45:24,786 [INFO] [DETAIL] 9012 秩父鉄道: income_stmt=OK, balance_sheet=OK, cashflow=OK, dividends=EMPTY
2026-07-05 05:45:24,786 [INFO] [TIME] 9012 秩父鉄道 処理時間: 1.34s
2026-07-05 05:45:27,032 [DEBUG] [TIME] 9017 info: 0.26s
2026-07-05 05:45:27,032 [DEBUG] yfinance OK: 9017
2026-07-05 05:45:27,277 [DEBUG] [TIME] 9017 income_stmt: 0.24s
2026-07-05 05:45:27,608 [DEBUG] [TIME] 9017 balance_sheet: 0.33s
2026-07-05 05:45:27,834 [DEBUG] [TIME] 9017 cashflow: 0.23s
2026-07-05 05:45:28,192 [DEBUG] [TIME] 9017 dividends: 0.36s
2026-07-05 05:45:28,193 [INFO] [DETAIL] 9017 新潟交通: income_stmt=OK, balance_sheet=OK, cashflow=OK, dividends=OK
2026-07-05 05:45:28,193 [INFO] [TIME] 9017 新潟交通 処理時間: 1.42s
2026-07-05 05:45:29,685 [DEBUG] [TIME] 9020 info: 0.19s
2026-07-05 05:45:29,685 [DEBUG] yfinance OK: 9020
2026-07-05 05:45:29,850 [DEBUG] [TIME] 9020 income_stmt: 0.16s
2026-07-05 05:45:30,117 [DEBUG] [TIME] 9020 balance_sheet: 0.27s
2026-07-05 05:45:30,302 [DEBUG] [TIME] 9020 cashflow: 0.18s
2026-07-05 05:45:30,738 [DEBUG] [TIME] 9020 dividends: 0.44s
2026-07-05 05:45:30,739 [INFO] [DETAIL] 9020 東日本旅客鉄道: income_stmt=OK, balance_sheet=OK, cashflow=OK, dividends=OK
2026-07-05 05:45:30,739 [INFO] [TIME] 9020 東日本旅客鉄道 処理時間: 1.24s
2026-07-05 05:45:32,722 [DEBUG] [TIME] 9021 info: 0.23s
2026-07-05 05:45:32,722 [DEBUG] yfinance OK: 9021
2026-07-05 05:45:32,984 [DEBUG] [TIME] 9021 income_stmt: 0.26s
2026-07-05 05:45:33,191 [DEBUG] [TIME] 9021 balance_sheet: 0.21s
2026-07-05 05:45:33,510 [DEBUG] [TIME] 9021 cashflow: 0.32s
2026-07-05 05:45:33,994 [DEBUG] [TIME] 9021 dividends: 0.48s
2026-07-05 05:45:33,995 [INFO] [DETAIL] 9021 西日本旅客鉄道: income_stmt=OK, balance_sheet=OK, cashflow=OK, dividends=OK
2026-07-05 05:45:33,995 [INFO] [TIME] 9021 西日本旅客鉄道 処理時間: 1.50s
2026-07-05 05:45:35,340 [DEBUG] [TIME] 9022 info: 0.19s
2026-07-05 05:45:35,341 [DEBUG] yfinance OK: 9022
2026-07-05 05:45:35,612 [DEBUG] [TIME] 9022 income_stmt: 0.27s
2026-07-05 05:45:35,912 [DEBUG] [TIME] 9022 balance_sheet: 0.30s
2026-07-05 05:45:36,088 [DEBUG] [TIME] 9022 cashflow: 0.18s
2026-07-05 05:45:36,541 [DEBUG] [TIME] 9022 dividends: 0.45s
2026-07-05 05:45:36,543 [INFO] [DETAIL] 9022 東海旅客鉄道: income_stmt=OK, balance_sheet=OK, cashflow=OK, dividends=OK
2026-07-05 05:45:36,543 [INFO] [TIME] 9022 東海旅客鉄道 処理時間: 1.39s
2026-07-05 05:45:38,643 [DEBUG] [TIME] 9023 info: 0.20s
2026-07-05 05:45:38,644 [DEBUG] yfinance OK: 9023
2026-07-05 05:45:38,900 [DEBUG] [TIME] 9023 income_stmt: 0.26s
2026-07-05 05:45:39,086 [DEBUG] [TIME] 9023 balance_sheet: 0.18s
2026-07-05 05:45:39,290 [DEBUG] [TIME] 9023 cashflow: 0.20s
2026-07-05 05:45:39,436 [DEBUG] [TIME] 9023 dividends: 0.15s
2026-07-05 05:45:39,437 [INFO] [DETAIL] 9023 東京地下鉄: income_stmt=OK, balance_sheet=OK, cashflow=OK, dividends=OK
2026-07-05 05:45:39,437 [INFO] [TIME] 9023 東京地下鉄 処理時間: 0.99s
2026-07-05 05:45:41,155 [DEBUG] [TIME] 9024 info: 0.19s
2026-07-05 05:45:41,155 [DEBUG] yfinance OK: 9024
2026-07-05 05:45:41,387 [DEBUG] [TIME] 9024 income_stmt: 0.23s
2026-07-05 05:45:41,699 [DEBUG] [TIME] 9024 balance_sheet: 0.31s
2026-07-05 05:45:41,949 [DEBUG] [TIME] 9024 cashflow: 0.25s
2026-07-05 05:45:42,216 [DEBUG] [TIME] 9024 dividends: 0.27s
2026-07-05 05:45:42,217 [INFO] [DETAIL] 9024 西武ホールディングス: income_stmt=OK, balance_sheet=OK, cashflow=OK, dividends=OK
2026-07-05 05:45:42,217 [INFO] [TIME] 9024 西武ホールディングス 処理時間: 1.26s
2026-07-05 05:45:44,064 [DEBUG] [TIME] 9025 info: 0.19s
2026-07-05 05:45:44,064 [DEBUG] yfinance OK: 9025
2026-07-05 05:45:44,248 [DEBUG] [TIME] 9025 income_stmt: 0.18s
2026-07-05 05:45:44,556 [DEBUG] [TIME] 9025 balance_sheet: 0.31s
2026-07-05 05:45:44,763 [DEBUG] [TIME] 9025 cashflow: 0.21s
2026-07-05 05:45:45,063 [DEBUG] [TIME] 9025 dividends: 0.30s
2026-07-05 05:45:45,064 [INFO] [DETAIL] 9025 鴻池運輸: income_stmt=OK, balance_sheet=OK, cashflow=OK, dividends=OK
2026-07-05 05:45:45,065 [INFO] [TIME] 9025 鴻池運輸 処理時間: 1.19s
2026-07-05 05:45:46,843 [DEBUG] [TIME] 9028 info: 0.19s
2026-07-05 05:45:46,843 [DEBUG] yfinance OK: 9028
2026-07-05 05:45:47,208 [DEBUG] [TIME] 9028 income_stmt: 0.36s
2026-07-05 05:45:47,451 [DEBUG] [TIME] 9028 balance_sheet: 0.24s
2026-07-05 05:45:47,650 [DEBUG] [TIME] 9028 cashflow: 0.20s
2026-07-05 05:45:48,015 [DEBUG] [TIME] 9028 dividends: 0.36s
2026-07-05 05:45:48,016 [INFO] [DETAIL] 9028 ゼロ: income_stmt=OK, balance_sheet=OK, cashflow=OK, dividends=OK
2026-07-05 05:45:48,016 [INFO] [TIME] 9028 ゼロ 処理時間: 1.37s
2026-07-05 05:45:49,821 [DEBUG] [TIME] 9029 info: 0.26s
2026-07-05 05:45:49,821 [DEBUG] yfinance OK: 9029
2026-07-05 05:45:50,033 [DEBUG] [TIME] 9029 income_stmt: 0.21s
2026-07-05 05:45:50,358 [DEBUG] [TIME] 9029 balance_sheet: 0.32s
2026-07-05 05:45:50,593 [DEBUG] [TIME] 9029 cashflow: 0.23s
2026-07-05 05:45:50,942 [DEBUG] [TIME] 9029 dividends: 0.35s
2026-07-05 05:45:50,943 [INFO] [DETAIL] 9029 ヒガシホールディングス: income_stmt=OK, balance_sheet=OK, cashflow=OK, dividends=OK
2026-07-05 05:45:50,944 [INFO] [TIME] 9029 ヒガシホールディングス 処理時間: 1.38s
2026-07-05 05:45:52,406 [DEBUG] [TIME] 9031 info: 0.19s
2026-07-05 05:45:52,406 [DEBUG] yfinance OK: 9031
2026-07-05 05:45:52,591 [DEBUG] [TIME] 9031 income_stmt: 0.19s
2026-07-05 05:45:52,808 [DEBUG] [TIME] 9031 balance_sheet: 0.22s
2026-07-05 05:45:52,983 [DEBUG] [TIME] 9031 cashflow: 0.17s
2026-07-05 05:45:53,361 [DEBUG] [TIME] 9031 dividends: 0.38s
2026-07-05 05:45:53,362 [INFO] [DETAIL] 9031 西日本鉄道: income_stmt=OK, balance_sheet=OK, cashflow=OK, dividends=OK
2026-07-05 05:45:53,362 [INFO] [TIME] 9031 西日本鉄道 処理時間: 1.15s
2026-07-05 05:45:55,387 [DEBUG] [TIME] 9033 info: 0.20s
2026-07-05 05:45:55,387 [DEBUG] yfinance OK: 9033
2026-07-05 05:45:55,588 [DEBUG] [TIME] 9033 income_stmt: 0.20s
2026-07-05 05:45:55,835 [DEBUG] [TIME] 9033 balance_sheet: 0.25s
2026-07-05 05:45:56,018 [DEBUG] [TIME] 9033 cashflow: 0.18s
2026-07-05 05:45:56,402 [DEBUG] [TIME] 9033 dividends: 0.38s
2026-07-05 05:45:56,403 [INFO] [DETAIL] 9033 広島電鉄: income_stmt=OK, balance_sheet=OK, cashflow=OK, dividends=OK
2026-07-05 05:45:56,403 [INFO] [TIME] 9033 広島電鉄 処理時間: 1.21s
2026-07-05 05:45:58,515 [DEBUG] [TIME] 9034 info: 0.29s
2026-07-05 05:45:58,515 [DEBUG] yfinance OK: 9034
2026-07-05 05:45:59,233 [DEBUG] [TIME] 9034 income_stmt: 0.72s
2026-07-05 05:45:59,477 [DEBUG] [TIME] 9034 balance_sheet: 0.24s
2026-07-05 05:45:59,658 [DEBUG] [TIME] 9034 cashflow: 0.18s
2026-07-05 05:46:00,070 [DEBUG] [TIME] 9034 dividends: 0.41s
2026-07-05 05:46:00,071 [INFO] [DETAIL] 9034 南総通運: income_stmt=OK, balance_sheet=OK, cashflow=OK, dividends=OK
2026-07-05 05:46:00,072 [INFO] [TIME] 9034 南総通運 処理時間: 1.84s
2026-07-05 05:46:01,888 [DEBUG] [TIME] 9036 info: 0.20s
2026-07-05 05:46:01,888 [DEBUG] yfinance OK: 9036
2026-07-05 05:46:02,131 [DEBUG] [TIME] 9036 income_stmt: 0.24s
2026-07-05 05:46:02,367 [DEBUG] [TIME] 9036 balance_sheet: 0.23s
2026-07-05 05:46:02,619 [DEBUG] [TIME] 9036 cashflow: 0.25s
2026-07-05 05:46:03,039 [DEBUG] [TIME] 9036 dividends: 0.42s
2026-07-05 05:46:03,040 [INFO] [DETAIL] 9036 東部ネットワーク: income_stmt=OK, balance_sheet=OK, cashflow=OK, dividends=OK
2026-07-05 05:46:03,041 [INFO] [TIME] 9036 東部ネットワーク 処理時間: 1.35s
2026-07-05 05:46:04,523 [DEBUG] [TIME] 9037 info: 0.19s
2026-07-05 05:46:04,523 [DEBUG] yfinance OK: 9037
2026-07-05 05:46:04,772 [DEBUG] [TIME] 9037 income_stmt: 0.25s
2026-07-05 05:46:04,988 [DEBUG] [TIME] 9037 balance_sheet: 0.22s
2026-07-05 05:46:05,228 [DEBUG] [TIME] 9037 cashflow: 0.24s
2026-07-05 05:46:05,663 [DEBUG] [TIME] 9037 dividends: 0.43s
2026-07-05 05:46:05,664 [INFO] [DETAIL] 9037 ハマキョウレックス: income_stmt=OK, balance_sheet=OK, cashflow=OK, dividends=OK
2026-07-05 05:46:05,664 [INFO] [TIME] 9037 ハマキョウレックス 処理時間: 1.34s
2026-07-05 05:46:07,168 [DEBUG] [TIME] 9039 info: 0.20s
2026-07-05 05:46:07,168 [DEBUG] yfinance OK: 9039
2026-07-05 05:46:07,358 [DEBUG] [TIME] 9039 income_stmt: 0.19s
2026-07-05 05:46:07,605 [DEBUG] [TIME] 9039 balance_sheet: 0.25s
2026-07-05 05:46:07,789 [DEBUG] [TIME] 9039 cashflow: 0.18s
2026-07-05 05:46:08,167 [DEBUG] [TIME] 9039 dividends: 0.38s
2026-07-05 05:46:08,168 [INFO] [DETAIL] 9039 サカイ引越センター: income_stmt=OK, balance_sheet=OK, cashflow=OK, dividends=OK
2026-07-05 05:46:08,168 [INFO] [TIME] 9039 サカイ引越センター 処理時間: 1.20s
2026-07-05 05:46:10,146 [DEBUG] [TIME] 9041 info: 0.21s
2026-07-05 05:46:10,146 [DEBUG] yfinance OK: 9041
2026-07-05 05:46:10,371 [DEBUG] [TIME] 9041 income_stmt: 0.22s
2026-07-05 05:46:10,560 [DEBUG] [TIME] 9041 balance_sheet: 0.19s
2026-07-05 05:46:10,778 [DEBUG] [TIME] 9041 cashflow: 0.22s
2026-07-05 05:46:11,232 [DEBUG] [TIME] 9041 dividends: 0.45s
2026-07-05 05:46:11,233 [INFO] [DETAIL] 9041 近鉄グループホールディングス: income_stmt=OK, balance_sheet=OK, cashflow=OK, dividends=OK
2026-07-05 05:46:11,234 [INFO] [TIME] 9041 近鉄グループホールディングス 処理時間: 1.30s
2026-07-05 05:46:12,448 [DEBUG] [TIME] 9042 info: 0.19s
2026-07-05 05:46:12,448 [DEBUG] yfinance OK: 9042
2026-07-05 05:46:12,714 [DEBUG] [TIME] 9042 income_stmt: 0.27s
2026-07-05 05:46:12,988 [DEBUG] [TIME] 9042 balance_sheet: 0.27s
2026-07-05 05:46:13,235 [DEBUG] [TIME] 9042 cashflow: 0.25s
2026-07-05 05:46:13,629 [DEBUG] [TIME] 9042 dividends: 0.39s
2026-07-05 05:46:13,630 [INFO] [DETAIL] 9042 阪急阪神ホールディングス: income_stmt=OK, balance_sheet=OK, cashflow=OK, dividends=OK
2026-07-05 05:46:13,630 [INFO] [TIME] 9042 阪急阪神ホールディングス 処理時間: 1.37s
2026-07-05 05:46:15,133 [DEBUG] [TIME] 9044 info: 0.19s
2026-07-05 05:46:15,133 [DEBUG] yfinance OK: 9044
2026-07-05 05:46:15,894 [DEBUG] [TIME] 9044 income_stmt: 0.76s
2026-07-05 05:46:16,152 [DEBUG] [TIME] 9044 balance_sheet: 0.26s
2026-07-05 05:46:16,364 [DEBUG] [TIME] 9044 cashflow: 0.21s
2026-07-05 05:46:16,815 [DEBUG] [TIME] 9044 dividends: 0.45s
2026-07-05 05:46:16,816 [INFO] [DETAIL] 9044 ＮＡＮＫＡＩ: income_stmt=OK, balance_sheet=OK, cashflow=OK, dividends=OK
2026-07-05 05:46:16,816 [INFO] [TIME] 9044 ＮＡＮＫＡＩ 処理時間: 1.88s
2026-07-05 05:46:18,667 [DEBUG] [TIME] 9045 info: 0.20s
2026-07-05 05:46:18,667 [DEBUG] yfinance OK: 9045
2026-07-05 05:46:18,872 [DEBUG] [TIME] 9045 income_stmt: 0.21s
2026-07-05 05:46:19,069 [DEBUG] [TIME] 9045 balance_sheet: 0.20s
2026-07-05 05:46:19,261 [DEBUG] [TIME] 9045 cashflow: 0.19s
2026-07-05 05:46:19,624 [DEBUG] [TIME] 9045 dividends: 0.36s
2026-07-05 05:46:19,625 [INFO] [DETAIL] 9045 京阪ホールディングス: income_stmt=OK, balance_sheet=OK, cashflow=OK, dividends=OK
2026-07-05 05:46:19,625 [INFO] [TIME] 9045 京阪ホールディングス 処理時間: 1.16s
2026-07-05 05:46:21,121 [DEBUG] [TIME] 9046 info: 0.26s
2026-07-05 05:46:21,121 [DEBUG] yfinance OK: 9046
2026-07-05 05:46:21,321 [DEBUG] [TIME] 9046 income_stmt: 0.20s
2026-07-05 05:46:21,552 [DEBUG] [TIME] 9046 balance_sheet: 0.23s
2026-07-05 05:46:21,747 [DEBUG] [TIME] 9046 cashflow: 0.19s
2026-07-05 05:46:22,040 [DEBUG] [TIME] 9046 dividends: 0.29s
2026-07-05 05:46:22,041 [INFO] [DETAIL] 9046 神戸電鉄: income_stmt=OK, balance_sheet=OK, cashflow=OK, dividends=OK
2026-07-05 05:46:22,041 [INFO] [TIME] 9046 神戸電鉄 処理時間: 1.18s
2026-07-05 05:46:23,749 [DEBUG] [TIME] 9048 info: 0.19s
2026-07-05 05:46:23,749 [DEBUG] yfinance OK: 9048
2026-07-05 05:46:23,915 [DEBUG] [TIME] 9048 income_stmt: 0.17s
2026-07-05 05:46:24,171 [DEBUG] [TIME] 9048 balance_sheet: 0.25s
2026-07-05 05:46:24,406 [DEBUG] [TIME] 9048 cashflow: 0.23s
2026-07-05 05:46:24,768 [DEBUG] [TIME] 9048 dividends: 0.36s
2026-07-05 05:46:24,770 [INFO] [DETAIL] 9048 名古屋鉄道: income_stmt=OK, balance_sheet=OK, cashflow=OK, dividends=OK
2026-07-05 05:46:24,770 [INFO] [TIME] 9048 名古屋鉄道 処理時間: 1.21s
2026-07-05 05:46:26,422 [DEBUG] [TIME] 9049 info: 0.30s
2026-07-05 05:46:26,423 [DEBUG] yfinance OK: 9049
2026-07-05 05:46:26,605 [DEBUG] [TIME] 9049 income_stmt: 0.18s
2026-07-05 05:46:26,819 [DEBUG] [TIME] 9049 balance_sheet: 0.21s
2026-07-05 05:46:27,033 [DEBUG] [TIME] 9049 cashflow: 0.21s
2026-07-05 05:46:27,391 [DEBUG] [TIME] 9049 dividends: 0.36s
2026-07-05 05:46:27,392 [INFO] [DETAIL] 9049 京福電気鉄道: income_stmt=OK, balance_sheet=OK, cashflow=OK, dividends=OK
2026-07-05 05:46:27,392 [INFO] [TIME] 9049 京福電気鉄道 処理時間: 1.27s
2026-07-05 05:46:29,203 [DEBUG] [TIME] 9051 info: 0.25s
2026-07-05 05:46:29,203 [DEBUG] yfinance OK: 9051
2026-07-05 05:46:29,390 [DEBUG] [TIME] 9051 income_stmt: 0.19s
2026-07-05 05:46:29,680 [DEBUG] [TIME] 9051 balance_sheet: 0.29s
2026-07-05 05:46:29,897 [DEBUG] [TIME] 9051 cashflow: 0.22s
2026-07-05 05:46:30,287 [DEBUG] [TIME] 9051 dividends: 0.39s
2026-07-05 05:46:30,288 [INFO] [DETAIL] 9051 センコン物流: income_stmt=OK, balance_sheet=OK, cashflow=OK, dividends=OK
2026-07-05 05:46:30,288 [INFO] [TIME] 9051 センコン物流 処理時間: 1.34s
2026-07-05 05:46:31,852 [DEBUG] [TIME] 9052 info: 0.19s
2026-07-05 05:46:31,852 [DEBUG] yfinance OK: 9052
2026-07-05 05:46:32,119 [DEBUG] [TIME] 9052 income_stmt: 0.27s
2026-07-05 05:46:32,483 [DEBUG] [TIME] 9052 balance_sheet: 0.36s
2026-07-05 05:46:32,740 [DEBUG] [TIME] 9052 cashflow: 0.26s
2026-07-05 05:46:33,129 [DEBUG] [TIME] 9052 dividends: 0.39s
2026-07-05 05:46:33,130 [INFO] [DETAIL] 9052 山陽電気鉄道: income_stmt=OK, balance_sheet=OK, cashflow=OK, dividends=OK
2026-07-05 05:46:33,130 [INFO] [TIME] 9052 山陽電気鉄道 処理時間: 1.47s
2026-07-05 05:46:34,747 [DEBUG] [TIME] 9057 info: 0.20s
2026-07-05 05:46:34,748 [DEBUG] yfinance OK: 9057
2026-07-05 05:46:35,044 [DEBUG] [TIME] 9057 income_stmt: 0.30s
2026-07-05 05:46:35,242 [DEBUG] [TIME] 9057 balance_sheet: 0.20s
2026-07-05 05:46:35,428 [DEBUG] [TIME] 9057 cashflow: 0.19s
2026-07-05 05:46:35,897 [DEBUG] [TIME] 9057 dividends: 0.47s
2026-07-05 05:46:35,898 [INFO] [DETAIL] 9057 遠州トラック: income_stmt=OK, balance_sheet=OK, cashflow=OK, dividends=OK
2026-07-05 05:46:35,898 [INFO] [TIME] 9057 遠州トラック 処理時間: 1.35s
2026-07-05 05:46:37,681 [DEBUG] [TIME] 9059 info: 0.19s
2026-07-05 05:46:37,681 [DEBUG] yfinance OK: 9059
2026-07-05 05:46:37,906 [DEBUG] [TIME] 9059 income_stmt: 0.22s
2026-07-05 05:46:38,167 [DEBUG] [TIME] 9059 balance_sheet: 0.26s
2026-07-05 05:46:38,427 [DEBUG] [TIME] 9059 cashflow: 0.26s
2026-07-05 05:46:38,810 [DEBUG] [TIME] 9059 dividends: 0.38s
2026-07-05 05:46:38,811 [INFO] [DETAIL] 9059 カンダホールディングス: income_stmt=OK, balance_sheet=OK, cashflow=OK, dividends=OK
2026-07-05 05:46:38,811 [INFO] [TIME] 9059 カンダホールディングス 処理時間: 1.32s
2026-07-05 05:46:40,445 [DEBUG] [TIME] 9060 info: 0.19s
2026-07-05 05:46:40,445 [DEBUG] yfinance OK: 9060
2026-07-05 05:46:40,659 [DEBUG] [TIME] 9060 income_stmt: 0.21s
2026-07-05 05:46:40,889 [DEBUG] [TIME] 9060 balance_sheet: 0.23s
2026-07-05 05:46:41,205 [DEBUG] [TIME] 9060 cashflow: 0.31s
2026-07-05 05:46:41,609 [DEBUG] [TIME] 9060 dividends: 0.40s
2026-07-05 05:46:41,610 [INFO] [DETAIL] 9060 日本ロジテム: income_stmt=OK, balance_sheet=OK, cashflow=OK, dividends=OK
2026-07-05 05:46:41,610 [INFO] [TIME] 9060 日本ロジテム 処理時間: 1.36s
2026-07-05 05:46:43,885 [DEBUG] [TIME] 9063 info: 0.30s
2026-07-05 05:46:43,885 [DEBUG] yfinance OK: 9063
2026-07-05 05:46:44,094 [DEBUG] [TIME] 9063 income_stmt: 0.21s
2026-07-05 05:46:44,340 [DEBUG] [TIME] 9063 balance_sheet: 0.24s
2026-07-05 05:46:44,547 [DEBUG] [TIME] 9063 cashflow: 0.21s
2026-07-05 05:46:45,035 [DEBUG] [TIME] 9063 dividends: 0.49s
2026-07-05 05:46:45,036 [INFO] [DETAIL] 9063 岡山県貨物運送: income_stmt=OK, balance_sheet=OK, cashflow=OK, dividends=OK
2026-07-05 05:46:45,036 [INFO] [TIME] 9063 岡山県貨物運送 処理時間: 1.45s
2026-07-05 05:46:46,373 [DEBUG] [TIME] 9064 info: 0.19s
2026-07-05 05:46:46,374 [DEBUG] yfinance OK: 9064
2026-07-05 05:46:46,622 [DEBUG] [TIME] 9064 income_stmt: 0.25s
2026-07-05 05:46:46,907 [DEBUG] [TIME] 9064 balance_sheet: 0.28s
2026-07-05 05:46:47,122 [DEBUG] [TIME] 9064 cashflow: 0.21s
2026-07-05 05:46:47,475 [DEBUG] [TIME] 9064 dividends: 0.35s
2026-07-05 05:46:47,476 [INFO] [DETAIL] 9064 ヤマトホールディングス: income_stmt=OK, balance_sheet=OK, cashflow=OK, dividends=OK
2026-07-05 05:46:47,476 [INFO] [TIME] 9064 ヤマトホールディングス 処理時間: 1.29s
2026-07-05 05:46:48,934 [DEBUG] [TIME] 9065 info: 0.19s
2026-07-05 05:46:48,934 [DEBUG] yfinance OK: 9065
2026-07-05 05:46:49,168 [DEBUG] [TIME] 9065 income_stmt: 0.23s
2026-07-05 05:46:49,452 [DEBUG] [TIME] 9065 balance_sheet: 0.28s
2026-07-05 05:46:49,725 [DEBUG] [TIME] 9065 cashflow: 0.27s
2026-07-05 05:46:50,177 [DEBUG] [TIME] 9065 dividends: 0.45s
2026-07-05 05:46:50,178 [INFO] [DETAIL] 9065 山九: income_stmt=OK, balance_sheet=OK, cashflow=OK, dividends=OK
2026-07-05 05:46:50,178 [INFO] [TIME] 9065 山九 処理時間: 1.44s
2026-07-05 05:46:52,086 [DEBUG] [TIME] 9067 info: 0.19s
2026-07-05 05:46:52,086 [DEBUG] yfinance OK: 9067
2026-07-05 05:46:52,281 [DEBUG] [TIME] 9067 income_stmt: 0.19s
2026-07-05 05:46:52,535 [DEBUG] [TIME] 9067 balance_sheet: 0.25s
2026-07-05 05:46:52,727 [DEBUG] [TIME] 9067 cashflow: 0.19s
2026-07-05 05:46:52,884 [DEBUG] [TIME] 9067 dividends: 0.16s
2026-07-05 05:46:52,885 [INFO] [DETAIL] 9067 丸運: income_stmt=OK, balance_sheet=OK, cashflow=OK, dividends=OK
2026-07-05 05:46:52,885 [INFO] [TIME] 9067 丸運 処理時間: 0.99s
2026-07-05 05:46:54,243 [DEBUG] [TIME] 9068 info: 0.23s
2026-07-05 05:46:54,243 [DEBUG] yfinance OK: 9068
2026-07-05 05:46:54,461 [DEBUG] [TIME] 9068 income_stmt: 0.22s
2026-07-05 05:46:54,787 [DEBUG] [TIME] 9068 balance_sheet: 0.33s
2026-07-05 05:46:54,979 [DEBUG] [TIME] 9068 cashflow: 0.19s
2026-07-05 05:46:55,460 [DEBUG] [TIME] 9068 dividends: 0.48s
2026-07-05 05:46:55,461 [INFO] [DETAIL] 9068 丸全昭和運輸: income_stmt=OK, balance_sheet=OK, cashflow=OK, dividends=OK
2026-07-05 05:46:55,461 [INFO] [TIME] 9068 丸全昭和運輸 処理時間: 1.45s
2026-07-05 05:46:56,849 [DEBUG] [TIME] 9069 info: 0.19s
2026-07-05 05:46:56,850 [DEBUG] yfinance OK: 9069
2026-07-05 05:46:57,192 [DEBUG] [TIME] 9069 income_stmt: 0.34s
2026-07-05 05:46:57,479 [DEBUG] [TIME] 9069 balance_sheet: 0.29s
2026-07-05 05:46:57,720 [DEBUG] [TIME] 9069 cashflow: 0.24s
2026-07-05 05:46:58,113 [DEBUG] [TIME] 9069 dividends: 0.39s
2026-07-05 05:46:58,114 [INFO] [DETAIL] 9069 センコーグループホールディングス: income_stmt=OK, balance_sheet=OK, cashflow=OK, dividends=OK
2026-07-05 05:46:58,114 [INFO] [TIME] 9069 センコーグループホールディングス 処理時間: 1.46s
2026-07-05 05:46:59,701 [DEBUG] [TIME] 9072 info: 0.19s
2026-07-05 05:46:59,702 [DEBUG] yfinance OK: 9072
2026-07-05 05:46:59,933 [DEBUG] [TIME] 9072 income_stmt: 0.23s
2026-07-05 05:47:00,191 [DEBUG] [TIME] 9072 balance_sheet: 0.26s
2026-07-05 05:47:00,374 [DEBUG] [TIME] 9072 cashflow: 0.18s
2026-07-05 05:47:00,811 [DEBUG] [TIME] 9072 dividends: 0.44s
2026-07-05 05:47:00,812 [INFO] [DETAIL] 9072 ニッコンホールディングス: income_stmt=OK, balance_sheet=OK, cashflow=OK, dividends=OK
2026-07-05 05:47:00,812 [INFO] [TIME] 9072 ニッコンホールディングス 処理時間: 1.30s
2026-07-05 05:47:02,212 [DEBUG] [TIME] 9073 info: 0.32s
2026-07-05 05:47:02,212 [DEBUG] yfinance OK: 9073
2026-07-05 05:47:02,452 [DEBUG] [TIME] 9073 income_stmt: 0.24s
2026-07-05 05:47:02,725 [DEBUG] [TIME] 9073 balance_sheet: 0.27s
2026-07-05 05:47:02,901 [DEBUG] [TIME] 9073 cashflow: 0.18s
2026-07-05 05:47:03,364 [DEBUG] [TIME] 9073 dividends: 0.46s
2026-07-05 05:47:03,365 [INFO] [DETAIL] 9073 京極運輸商事: income_stmt=OK, balance_sheet=OK, cashflow=OK, dividends=OK
2026-07-05 05:47:03,365 [INFO] [TIME] 9073 京極運輸商事 処理時間: 1.47s
2026-07-05 05:47:05,083 [DEBUG] [TIME] 9074 info: 0.19s
2026-07-05 05:47:05,083 [DEBUG] yfinance OK: 9074
2026-07-05 05:47:05,314 [DEBUG] [TIME] 9074 income_stmt: 0.23s
2026-07-05 05:47:05,622 [DEBUG] [TIME] 9074 balance_sheet: 0.31s
2026-07-05 05:47:05,870 [DEBUG] [TIME] 9074 cashflow: 0.25s
2026-07-05 05:47:06,228 [DEBUG] [TIME] 9074 dividends: 0.36s
2026-07-05 05:47:06,229 [INFO] [DETAIL] 9074 日本石油輸送: income_stmt=OK, balance_sheet=OK, cashflow=OK, dividends=OK
2026-07-05 05:47:06,229 [INFO] [TIME] 9074 日本石油輸送 処理時間: 1.34s
2026-07-05 05:47:07,812 [DEBUG] [TIME] 9075 info: 0.26s
2026-07-05 05:47:07,812 [DEBUG] yfinance OK: 9075
2026-07-05 05:47:08,034 [DEBUG] [TIME] 9075 income_stmt: 0.22s
2026-07-05 05:47:08,322 [DEBUG] [TIME] 9075 balance_sheet: 0.29s
2026-07-05 05:47:08,562 [DEBUG] [TIME] 9075 cashflow: 0.24s
2026-07-05 05:47:09,006 [DEBUG] [TIME] 9075 dividends: 0.44s
2026-07-05 05:47:09,007 [INFO] [DETAIL] 9075 福山通運: income_stmt=OK, balance_sheet=OK, cashflow=OK, dividends=OK
2026-07-05 05:47:09,007 [INFO] [TIME] 9075 福山通運 処理時間: 1.46s
2026-07-05 05:47:10,874 [DEBUG] [TIME] 9076 info: 0.19s
2026-07-05 05:47:10,874 [DEBUG] yfinance OK: 9076
2026-07-05 05:47:11,106 [DEBUG] [TIME] 9076 income_stmt: 0.23s
2026-07-05 05:47:11,351 [DEBUG] [TIME] 9076 balance_sheet: 0.24s
2026-07-05 05:47:11,552 [DEBUG] [TIME] 9076 cashflow: 0.20s
2026-07-05 05:47:11,902 [DEBUG] [TIME] 9076 dividends: 0.35s
2026-07-05 05:47:11,903 [INFO] [DETAIL] 9076 セイノーホールディングス: income_stmt=OK, balance_sheet=OK, cashflow=OK, dividends=OK
2026-07-05 05:47:11,903 [INFO] [TIME] 9076 セイノーホールディングス 処理時間: 1.22s
2026-07-05 05:47:13,335 [DEBUG] [TIME] 9081 info: 0.19s
2026-07-05 05:47:13,335 [DEBUG] yfinance OK: 9081
2026-07-05 05:47:13,570 [DEBUG] [TIME] 9081 income_stmt: 0.23s
2026-07-05 05:47:13,952 [DEBUG] [TIME] 9081 balance_sheet: 0.38s
2026-07-05 05:47:14,161 [DEBUG] [TIME] 9081 cashflow: 0.21s
2026-07-05 05:47:14,687 [DEBUG] [TIME] 9081 dividends: 0.53s
2026-07-05 05:47:14,688 [INFO] [DETAIL] 9081 神奈川中央交通: income_stmt=OK, balance_sheet=OK, cashflow=OK, dividends=OK
2026-07-05 05:47:14,688 [INFO] [TIME] 9081 神奈川中央交通 処理時間: 1.54s
2026-07-05 05:47:16,463 [DEBUG] [TIME] 9082 info: 0.21s
2026-07-05 05:47:16,463 [DEBUG] yfinance OK: 9082
2026-07-05 05:47:16,657 [DEBUG] [TIME] 9082 income_stmt: 0.19s
2026-07-05 05:47:16,885 [DEBUG] [TIME] 9082 balance_sheet: 0.23s
2026-07-05 05:47:17,093 [DEBUG] [TIME] 9082 cashflow: 0.21s
2026-07-05 05:47:17,532 [DEBUG] [TIME] 9082 dividends: 0.44s
2026-07-05 05:47:17,533 [INFO] [DETAIL] 9082 大和自動車交通: income_stmt=OK, balance_sheet=OK, cashflow=OK, dividends=OK
2026-07-05 05:47:17,533 [INFO] [TIME] 9082 大和自動車交通 処理時間: 1.28s
2026-07-05 05:47:19,351 [DEBUG] [TIME] 9083 info: 0.19s
2026-07-05 05:47:19,351 [DEBUG] yfinance OK: 9083
2026-07-05 05:47:19,539 [DEBUG] [TIME] 9083 income_stmt: 0.19s
2026-07-05 05:47:19,853 [DEBUG] [TIME] 9083 balance_sheet: 0.31s
2026-07-05 05:47:20,061 [DEBUG] [TIME] 9083 cashflow: 0.21s
2026-07-05 05:47:20,486 [DEBUG] [TIME] 9083 dividends: 0.42s
2026-07-05 05:47:20,487 [INFO] [DETAIL] 9083 神姫バス: income_stmt=OK, balance_sheet=OK, cashflow=OK, dividends=OK
2026-07-05 05:47:20,487 [INFO] [TIME] 9083 神姫バス 処理時間: 1.33s
2026-07-05 05:47:22,041 [DEBUG] [TIME] 9087 info: 0.20s
2026-07-05 05:47:22,041 [DEBUG] yfinance OK: 9087
2026-07-05 05:47:22,242 [DEBUG] [TIME] 9087 income_stmt: 0.20s
2026-07-05 05:47:22,485 [DEBUG] [TIME] 9087 balance_sheet: 0.24s
2026-07-05 05:47:22,652 [DEBUG] [TIME] 9087 cashflow: 0.17s
2026-07-05 05:47:23,020 [DEBUG] [TIME] 9087 dividends: 0.37s
2026-07-05 05:47:23,021 [INFO] [DETAIL] 9087 タカセ: income_stmt=OK, balance_sheet=OK, cashflow=OK, dividends=OK
2026-07-05 05:47:23,021 [INFO] [TIME] 9087 タカセ 処理時間: 1.18s
2026-07-05 05:47:25,208 [DEBUG] [TIME] 9090 info: 0.19s
2026-07-05 05:47:25,208 [DEBUG] yfinance OK: 9090
2026-07-05 05:47:25,458 [DEBUG] [TIME] 9090 income_stmt: 0.25s
2026-07-05 05:47:25,804 [DEBUG] [TIME] 9090 balance_sheet: 0.35s
2026-07-05 05:47:26,036 [DEBUG] [TIME] 9090 cashflow: 0.23s
2026-07-05 05:47:26,409 [DEBUG] [TIME] 9090 dividends: 0.37s
2026-07-05 05:47:26,410 [INFO] [DETAIL] 9090 ＡＺ－ＣＯＭ丸和ホールディングス: income_stmt=OK, balance_sheet=OK, cashflow=OK, dividends=OK
2026-07-05 05:47:26,411 [INFO] [TIME] 9090 ＡＺ－ＣＯＭ丸和ホールディングス 処理時間: 1.40s
2026-07-05 05:47:27,821 [DEBUG] [TIME] 9101 info: 0.26s
2026-07-05 05:47:27,821 [DEBUG] yfinance OK: 9101
2026-07-05 05:47:28,038 [DEBUG] [TIME] 9101 income_stmt: 0.22s
2026-07-05 05:47:28,354 [DEBUG] [TIME] 9101 balance_sheet: 0.32s
2026-07-05 05:47:28,610 [DEBUG] [TIME] 9101 cashflow: 0.26s
2026-07-05 05:47:29,013 [DEBUG] [TIME] 9101 dividends: 0.40s
2026-07-05 05:47:29,014 [INFO] [DETAIL] 9101 日本郵船: income_stmt=OK, balance_sheet=OK, cashflow=OK, dividends=OK
2026-07-05 05:47:29,014 [INFO] [TIME] 9101 日本郵船 処理時間: 1.45s
2026-07-05 05:47:30,679 [DEBUG] [TIME] 9104 info: 0.19s
2026-07-05 05:47:30,679 [DEBUG] yfinance OK: 9104
2026-07-05 05:47:30,866 [DEBUG] [TIME] 9104 income_stmt: 0.19s
2026-07-05 05:47:31,145 [DEBUG] [TIME] 9104 balance_sheet: 0.28s
2026-07-05 05:47:31,395 [DEBUG] [TIME] 9104 cashflow: 0.25s
2026-07-05 05:47:31,922 [DEBUG] [TIME] 9104 dividends: 0.53s
2026-07-05 05:47:31,923 [INFO] [DETAIL] 9104 商船三井: income_stmt=OK, balance_sheet=OK, cashflow=OK, dividends=OK
2026-07-05 05:47:31,923 [INFO] [TIME] 9104 商船三井 処理時間: 1.44s
2026-07-05 05:47:33,541 [DEBUG] [TIME] 9107 info: 0.26s
2026-07-05 05:47:33,541 [DEBUG] yfinance OK: 9107
2026-07-05 05:47:33,756 [DEBUG] [TIME] 9107 income_stmt: 0.22s
2026-07-05 05:47:33,979 [DEBUG] [TIME] 9107 balance_sheet: 0.22s
2026-07-05 05:47:34,156 [DEBUG] [TIME] 9107 cashflow: 0.18s
2026-07-05 05:47:34,693 [DEBUG] [TIME] 9107 dividends: 0.54s
2026-07-05 05:47:34,694 [INFO] [DETAIL] 9107 川崎汽船: income_stmt=OK, balance_sheet=OK, cashflow=OK, dividends=OK
2026-07-05 05:47:34,694 [INFO] [TIME] 9107 川崎汽船 処理時間: 1.41s
2026-07-05 05:47:36,608 [DEBUG] [TIME] 9110 info: 0.19s
2026-07-05 05:47:36,608 [DEBUG] yfinance OK: 9110
2026-07-05 05:47:36,898 [DEBUG] [TIME] 9110 income_stmt: 0.29s
2026-07-05 05:47:37,134 [DEBUG] [TIME] 9110 balance_sheet: 0.23s
2026-07-05 05:47:37,414 [DEBUG] [TIME] 9110 cashflow: 0.28s
2026-07-05 05:47:37,786 [DEBUG] [TIME] 9110 dividends: 0.37s
2026-07-05 05:47:37,787 [INFO] [DETAIL] 9110 ＮＳユナイテッド海運: income_stmt=OK, balance_sheet=OK, cashflow=OK, dividends=OK
2026-07-05 05:47:37,787 [INFO] [TIME] 9110 ＮＳユナイテッド海運 処理時間: 1.37s
2026-07-05 05:47:39,389 [DEBUG] [TIME] 9115 info: 0.19s
2026-07-05 05:47:39,389 [DEBUG] yfinance OK: 9115
2026-07-05 05:47:39,580 [DEBUG] [TIME] 9115 income_stmt: 0.19s
2026-07-05 05:47:39,808 [DEBUG] [TIME] 9115 balance_sheet: 0.23s
2026-07-05 05:47:39,987 [DEBUG] [TIME] 9115 cashflow: 0.18s
2026-07-05 05:47:40,351 [DEBUG] [TIME] 9115 dividends: 0.36s
2026-07-05 05:47:40,352 [INFO] [DETAIL] 9115 明海グループ: income_stmt=OK, balance_sheet=OK, cashflow=OK, dividends=OK
2026-07-05 05:47:40,352 [INFO] [TIME] 9115 明海グループ 処理時間: 1.15s
2026-07-05 05:47:41,889 [DEBUG] [TIME] 9119 info: 0.19s
2026-07-05 05:47:41,890 [DEBUG] yfinance OK: 9119
2026-07-05 05:47:42,148 [DEBUG] [TIME] 9119 income_stmt: 0.26s
2026-07-05 05:47:42,417 [DEBUG] [TIME] 9119 balance_sheet: 0.27s
2026-07-05 05:47:42,696 [DEBUG] [TIME] 9119 cashflow: 0.28s
2026-07-05 05:47:43,070 [DEBUG] [TIME] 9119 dividends: 0.37s
2026-07-05 05:47:43,071 [INFO] [DETAIL] 9119 飯野海運: income_stmt=OK, balance_sheet=OK, cashflow=OK, dividends=OK
2026-07-05 05:47:43,071 [INFO] [TIME] 9119 飯野海運 処理時間: 1.37s
2026-07-05 05:47:44,499 [DEBUG] [TIME] 9127 info: 0.19s
2026-07-05 05:47:44,499 [DEBUG] yfinance OK: 9127
2026-07-05 05:47:44,695 [DEBUG] [TIME] 9127 income_stmt: 0.20s
2026-07-05 05:47:44,901 [DEBUG] [TIME] 9127 balance_sheet: 0.21s
2026-07-05 05:47:45,132 [DEBUG] [TIME] 9127 cashflow: 0.23s
2026-07-05 05:47:45,468 [DEBUG] [TIME] 9127 dividends: 0.34s
2026-07-05 05:47:45,469 [INFO] [DETAIL] 9127 玉井商船: income_stmt=OK, balance_sheet=OK, cashflow=OK, dividends=OK
2026-07-05 05:47:45,469 [INFO] [TIME] 9127 玉井商船 処理時間: 1.16s
2026-07-05 05:47:47,061 [DEBUG] [TIME] 9130 info: 0.26s
2026-07-05 05:47:47,061 [DEBUG] yfinance OK: 9130
2026-07-05 05:47:47,281 [DEBUG] [TIME] 9130 income_stmt: 0.22s
2026-07-05 05:47:47,635 [DEBUG] [TIME] 9130 balance_sheet: 0.35s
2026-07-05 05:47:47,835 [DEBUG] [TIME] 9130 cashflow: 0.20s
2026-07-05 05:47:48,491 [DEBUG] [TIME] 9130 dividends: 0.66s
2026-07-05 05:47:48,492 [INFO] [DETAIL] 9130 共栄タンカー: income_stmt=OK, balance_sheet=OK, cashflow=OK, dividends=OK
2026-07-05 05:47:48,493 [INFO] [TIME] 9130 共栄タンカー 処理時間: 1.69s
2026-07-05 05:47:50,238 [DEBUG] [TIME] 9142 info: 0.19s
2026-07-05 05:47:50,238 [DEBUG] yfinance OK: 9142
2026-07-05 05:47:50,475 [DEBUG] [TIME] 9142 income_stmt: 0.24s
2026-07-05 05:47:50,706 [DEBUG] [TIME] 9142 balance_sheet: 0.23s
2026-07-05 05:47:50,945 [DEBUG] [TIME] 9142 cashflow: 0.24s
2026-07-05 05:47:51,195 [DEBUG] [TIME] 9142 dividends: 0.25s
2026-07-05 05:47:51,196 [INFO] [DETAIL] 9142 九州旅客鉄道: income_stmt=OK, balance_sheet=OK, cashflow=OK, dividends=OK
2026-07-05 05:47:51,196 [INFO] [TIME] 9142 九州旅客鉄道 処理時間: 1.15s
2026-07-05 05:47:52,411 [DEBUG] [TIME] 9143 info: 0.18s
2026-07-05 05:47:52,411 [DEBUG] yfinance OK: 9143
2026-07-05 05:47:52,592 [DEBUG] [TIME] 9143 income_stmt: 0.18s
2026-07-05 05:47:52,824 [DEBUG] [TIME] 9143 balance_sheet: 0.23s
2026-07-05 05:47:53,011 [DEBUG] [TIME] 9143 cashflow: 0.19s
2026-07-05 05:47:53,294 [DEBUG] [TIME] 9143 dividends: 0.28s
2026-07-05 05:47:53,295 [INFO] [DETAIL] 9143 ＳＧホールディングス: income_stmt=OK, balance_sheet=OK, cashflow=OK, dividends=OK
2026-07-05 05:47:53,295 [INFO] [TIME] 9143 ＳＧホールディングス 処理時間: 1.07s
2026-07-05 05:47:55,466 [DEBUG] [TIME] 9145 info: 0.19s
2026-07-05 05:47:55,466 [DEBUG] yfinance OK: 9145
2026-07-05 05:47:55,714 [DEBUG] [TIME] 9145 income_stmt: 0.25s
2026-07-05 05:47:56,027 [DEBUG] [TIME] 9145 balance_sheet: 0.31s
2026-07-05 05:47:56,243 [DEBUG] [TIME] 9145 cashflow: 0.22s
2026-07-05 05:47:56,494 [DEBUG] [TIME] 9145 dividends: 0.25s
2026-07-05 05:47:56,495 [INFO] [DETAIL] 9145 ビーイングホールディングス: income_stmt=OK, balance_sheet=OK, cashflow=OK, dividends=OK
2026-07-05 05:47:56,495 [INFO] [TIME] 9145 ビーイングホールディングス 処理時間: 1.22s
2026-07-05 05:47:58,759 [DEBUG] [TIME] 9147 info: 0.26s
2026-07-05 05:47:58,759 [DEBUG] yfinance OK: 9147
2026-07-05 05:47:58,922 [DEBUG] [TIME] 9147 income_stmt: 0.16s
2026-07-05 05:47:59,202 [DEBUG] [TIME] 9147 balance_sheet: 0.28s
2026-07-05 05:47:59,422 [DEBUG] [TIME] 9147 cashflow: 0.22s
2026-07-05 05:47:59,622 [DEBUG] [TIME] 9147 dividends: 0.20s
2026-07-05 05:47:59,623 [INFO] [DETAIL] 9147 ＮＩＰＰＯＮ　ＥＸＰＲＥＳＳホールディングス: income_stmt=OK, balance_sheet=OK, cashflow=OK, dividends=OK
2026-07-05 05:47:59,623 [INFO] [TIME] 9147 ＮＩＰＰＯＮ　ＥＸＰＲＥＳＳホールディングス 処理時間: 1.12s
2026-07-05 05:48:01,364 [DEBUG] [TIME] 9158 info: 0.60s
2026-07-05 05:48:01,364 [DEBUG] yfinance OK: 9158
2026-07-05 05:48:01,567 [DEBUG] [TIME] 9158 income_stmt: 0.20s
2026-07-05 05:48:01,798 [DEBUG] [TIME] 9158 balance_sheet: 0.23s
2026-07-05 05:48:02,092 [DEBUG] [TIME] 9158 cashflow: 0.29s
2026-07-05 05:48:02,231 [DEBUG] [TIME] 9158 dividends: 0.14s
2026-07-05 05:48:02,231 [INFO] [DETAIL] 9158 シーユーシー: income_stmt=OK, balance_sheet=OK, cashflow=OK, dividends=EMPTY
2026-07-05 05:48:02,231 [INFO] [TIME] 9158 シーユーシー 処理時間: 1.47s
2026-07-05 05:48:03,905 [DEBUG] [TIME] 9159 info: 0.19s
2026-07-05 05:48:03,905 [DEBUG] yfinance OK: 9159
2026-07-05 05:48:04,106 [DEBUG] [TIME] 9159 income_stmt: 0.20s
2026-07-05 05:48:04,332 [DEBUG] [TIME] 9159 balance_sheet: 0.23s
2026-07-05 05:48:04,576 [DEBUG] [TIME] 9159 cashflow: 0.24s
2026-07-05 05:48:04,778 [DEBUG] [TIME] 9159 dividends: 0.20s
2026-07-05 05:48:04,778 [INFO] [DETAIL] 9159 Ｗ　ＴＯＫＹＯ: income_stmt=OK, balance_sheet=OK, cashflow=OK, dividends=EMPTY
2026-07-05 05:48:04,778 [INFO] [TIME] 9159 Ｗ　ＴＯＫＹＯ 処理時間: 1.06s
2026-07-05 05:48:06,004 [DEBUG] [TIME] 9160 info: 0.19s
2026-07-05 05:48:06,005 [DEBUG] yfinance OK: 9160
2026-07-05 05:48:06,237 [DEBUG] [TIME] 9160 income_stmt: 0.23s
2026-07-05 05:48:06,580 [DEBUG] [TIME] 9160 balance_sheet: 0.34s
2026-07-05 05:48:06,854 [DEBUG] [TIME] 9160 cashflow: 0.27s
2026-07-05 05:48:06,998 [DEBUG] [TIME] 9160 dividends: 0.14s
2026-07-05 05:48:06,998 [INFO] [DETAIL] 9160 オンザページ: income_stmt=OK, balance_sheet=OK, cashflow=OK, dividends=EMPTY
2026-07-05 05:48:06,999 [INFO] [TIME] 9160 オンザページ 処理時間: 1.18s
2026-07-05 05:48:08,719 [DEBUG] [TIME] 9162 info: 0.21s
2026-07-05 05:48:08,719 [DEBUG] yfinance OK: 9162
2026-07-05 05:48:08,941 [DEBUG] [TIME] 9162 income_stmt: 0.22s
2026-07-05 05:48:09,197 [DEBUG] [TIME] 9162 balance_sheet: 0.25s
2026-07-05 05:48:09,415 [DEBUG] [TIME] 9162 cashflow: 0.22s
2026-07-05 05:48:09,588 [DEBUG] [TIME] 9162 dividends: 0.17s
2026-07-05 05:48:09,588 [INFO] [DETAIL] 9162 ブリーチ: income_stmt=OK, balance_sheet=OK, cashflow=OK, dividends=EMPTY
2026-07-05 05:48:09,588 [INFO] [TIME] 9162 ブリーチ 処理時間: 1.08s
2026-07-05 05:48:11,385 [DEBUG] [TIME] 9163 info: 0.21s
2026-07-05 05:48:11,386 [DEBUG] yfinance OK: 9163
2026-07-05 05:48:11,616 [DEBUG] [TIME] 9163 income_stmt: 0.23s
2026-07-05 05:48:11,843 [DEBUG] [TIME] 9163 balance_sheet: 0.23s
2026-07-05 05:48:12,112 [DEBUG] [TIME] 9163 cashflow: 0.27s
2026-07-05 05:48:12,306 [DEBUG] [TIME] 9163 dividends: 0.19s
2026-07-05 05:48:12,307 [INFO] [DETAIL] 9163 ナレルグループ: income_stmt=OK, balance_sheet=OK, cashflow=OK, dividends=OK
2026-07-05 05:48:12,308 [INFO] [TIME] 9163 ナレルグループ 処理時間: 1.13s
2026-07-05 05:48:13,694 [DEBUG] [TIME] 9165 info: 0.27s
2026-07-05 05:48:13,695 [DEBUG] yfinance OK: 9165
2026-07-05 05:48:13,894 [DEBUG] [TIME] 9165 income_stmt: 0.20s
2026-07-05 05:48:14,246 [DEBUG] [TIME] 9165 balance_sheet: 0.35s
2026-07-05 05:48:14,425 [DEBUG] [TIME] 9165 cashflow: 0.18s
2026-07-05 05:48:14,648 [DEBUG] [TIME] 9165 dividends: 0.22s
2026-07-05 05:48:14,649 [INFO] [DETAIL] 9165 クオルテック: income_stmt=OK, balance_sheet=OK, cashflow=OK, dividends=OK
2026-07-05 05:48:14,649 [INFO] [TIME] 9165 クオルテック 処理時間: 1.23s
2026-07-05 05:48:15,974 [DEBUG] [TIME] 9166 info: 0.19s
2026-07-05 05:48:15,974 [DEBUG] yfinance OK: 9166
2026-07-05 05:48:16,174 [DEBUG] [TIME] 9166 income_stmt: 0.20s
2026-07-05 05:48:16,431 [DEBUG] [TIME] 9166 balance_sheet: 0.26s
2026-07-05 05:48:16,699 [DEBUG] [TIME] 9166 cashflow: 0.27s
2026-07-05 05:48:16,845 [DEBUG] [TIME] 9166 dividends: 0.15s
2026-07-05 05:48:16,845 [INFO] [DETAIL] 9166 ＧＥＮＤＡ: income_stmt=OK, balance_sheet=OK, cashflow=OK, dividends=EMPTY
2026-07-05 05:48:16,845 [INFO] [TIME] 9166 ＧＥＮＤＡ 処理時間: 1.06s
2026-07-05 05:48:18,821 [DEBUG] [TIME] 9168 info: 0.19s
2026-07-05 05:48:18,822 [DEBUG] yfinance OK: 9168
2026-07-05 05:48:19,066 [DEBUG] [TIME] 9168 income_stmt: 0.24s
2026-07-05 05:48:19,403 [DEBUG] [TIME] 9168 balance_sheet: 0.34s
2026-07-05 05:48:19,598 [DEBUG] [TIME] 9168 cashflow: 0.19s
2026-07-05 05:48:19,811 [DEBUG] [TIME] 9168 dividends: 0.21s
2026-07-05 05:48:19,812 [INFO] [DETAIL] 9168 ライズ・コンサルティング・グループ: income_stmt=OK, balance_sheet=OK, cashflow=OK, dividends=OK
2026-07-05 05:48:19,812 [INFO] [TIME] 9168 ライズ・コンサルティング・グループ 処理時間: 1.18s
2026-07-05 05:48:22,069 [DEBUG] [TIME] 9171 info: 0.26s
2026-07-05 05:48:22,069 [DEBUG] yfinance OK: 9171
2026-07-05 05:48:22,354 [DEBUG] [TIME] 9171 income_stmt: 0.28s
2026-07-05 05:48:22,684 [DEBUG] [TIME] 9171 balance_sheet: 0.33s
2026-07-05 05:48:22,970 [DEBUG] [TIME] 9171 cashflow: 0.28s
2026-07-05 05:48:23,333 [DEBUG] [TIME] 9171 dividends: 0.36s
2026-07-05 05:48:23,334 [INFO] [DETAIL] 9171 栗林商船: income_stmt=OK, balance_sheet=OK, cashflow=OK, dividends=OK
2026-07-05 05:48:23,334 [INFO] [TIME] 9171 栗林商船 処理時間: 1.52s
2026-07-05 05:48:25,033 [DEBUG] [TIME] 9173 info: 0.26s
2026-07-05 05:48:25,034 [DEBUG] yfinance OK: 9173
2026-07-05 05:48:25,255 [DEBUG] [TIME] 9173 income_stmt: 0.22s
2026-07-05 05:48:25,507 [DEBUG] [TIME] 9173 balance_sheet: 0.25s
2026-07-05 05:48:25,771 [DEBUG] [TIME] 9173 cashflow: 0.26s
2026-07-05 05:48:26,146 [DEBUG] [TIME] 9173 dividends: 0.37s
2026-07-05 05:48:26,147 [INFO] [DETAIL] 9173 東海汽船: income_stmt=OK, balance_sheet=OK, cashflow=OK, dividends=OK
2026-07-05 05:48:26,147 [INFO] [TIME] 9173 東海汽船 処理時間: 1.37s
2026-07-05 05:48:27,754 [DEBUG] [TIME] 9193 info: 0.20s
2026-07-05 05:48:27,754 [DEBUG] yfinance OK: 9193
2026-07-05 05:48:27,976 [DEBUG] [TIME] 9193 income_stmt: 0.22s
2026-07-05 05:48:28,372 [DEBUG] [TIME] 9193 balance_sheet: 0.40s
2026-07-05 05:48:28,616 [DEBUG] [TIME] 9193 cashflow: 0.24s
2026-07-05 05:48:29,026 [DEBUG] [TIME] 9193 dividends: 0.41s
2026-07-05 05:48:29,027 [INFO] [DETAIL] 9193 東京汽船: income_stmt=OK, balance_sheet=OK, cashflow=OK, dividends=OK
2026-07-05 05:48:29,027 [INFO] [TIME] 9193 東京汽船 処理時間: 1.47s
2026-07-05 05:48:30,836 [DEBUG] [TIME] 9201 info: 0.19s
2026-07-05 05:48:30,836 [DEBUG] yfinance OK: 9201
2026-07-05 05:48:31,046 [DEBUG] [TIME] 9201 income_stmt: 0.21s
2026-07-05 05:48:31,289 [DEBUG] [TIME] 9201 balance_sheet: 0.24s
2026-07-05 05:48:31,482 [DEBUG] [TIME] 9201 cashflow: 0.19s
2026-07-05 05:48:31,961 [DEBUG] [TIME] 9201 dividends: 0.48s
2026-07-05 05:48:31,962 [INFO] [DETAIL] 9201 日本航空: income_stmt=OK, balance_sheet=OK, cashflow=OK, dividends=OK
2026-07-05 05:48:31,962 [INFO] [TIME] 9201 日本航空 処理時間: 1.32s
2026-07-05 05:48:33,388 [DEBUG] [TIME] 9202 info: 0.19s
2026-07-05 05:48:33,388 [DEBUG] yfinance OK: 9202
2026-07-05 05:48:33,594 [DEBUG] [TIME] 9202 income_stmt: 0.21s
2026-07-05 05:48:33,836 [DEBUG] [TIME] 9202 balance_sheet: 0.24s
2026-07-05 05:48:34,074 [DEBUG] [TIME] 9202 cashflow: 0.24s
2026-07-05 05:48:34,524 [DEBUG] [TIME] 9202 dividends: 0.45s
2026-07-05 05:48:34,525 [INFO] [DETAIL] 9202 ＡＮＡホールディングス: income_stmt=OK, balance_sheet=OK, cashflow=OK, dividends=OK
2026-07-05 05:48:34,525 [INFO] [TIME] 9202 ＡＮＡホールディングス 処理時間: 1.33s
2026-07-05 05:48:36,497 [DEBUG] [TIME] 92025 info: 0.19s
2026-07-05 05:48:36,497 [DEBUG] yfinance OK: 92025
2026-07-05 05:48:36,621 [DEBUG] [TIME] 92025 income_stmt: 0.12s
2026-07-05 05:48:36,727 [DEBUG] [TIME] 92025 balance_sheet: 0.11s
2026-07-05 05:48:36,828 [DEBUG] [TIME] 92025 cashflow: 0.10s
2026-07-05 05:48:36,976 [DEBUG] [TIME] 92025 dividends: 0.15s
2026-07-05 05:48:36,976 [INFO] [DETAIL] 92025 ＡＮＡホールディングス第１回社債型種類株式: income_stmt=EMPTY, balance_sheet=EMPTY, cashflow=EMPTY, dividends=OK
2026-07-05 05:48:36,976 [INFO] [TIME] 92025 ＡＮＡホールディングス第１回社債型種類株式 処理時間: 0.67s
2026-07-05 05:48:38,483 [DEBUG] [TIME] 9204 info: 0.21s
2026-07-05 05:48:38,483 [DEBUG] yfinance OK: 9204
2026-07-05 05:48:38,684 [DEBUG] [TIME] 9204 income_stmt: 0.20s
2026-07-05 05:48:38,981 [DEBUG] [TIME] 9204 balance_sheet: 0.30s
2026-07-05 05:48:39,233 [DEBUG] [TIME] 9204 cashflow: 0.25s
2026-07-05 05:48:39,568 [DEBUG] [TIME] 9204 dividends: 0.33s
2026-07-05 05:48:39,569 [INFO] [DETAIL] 9204 スカイマーク: income_stmt=OK, balance_sheet=OK, cashflow=OK, dividends=OK
2026-07-05 05:48:39,569 [INFO] [TIME] 9204 スカイマーク 処理時間: 1.29s
2026-07-05 05:48:41,305 [DEBUG] [TIME] 9206 info: 0.19s
2026-07-05 05:48:41,305 [DEBUG] yfinance OK: 9206
2026-07-05 05:48:41,519 [DEBUG] [TIME] 9206 income_stmt: 0.21s
2026-07-05 05:48:41,781 [DEBUG] [TIME] 9206 balance_sheet: 0.26s
2026-07-05 05:48:41,971 [DEBUG] [TIME] 9206 cashflow: 0.19s
2026-07-05 05:48:42,261 [DEBUG] [TIME] 9206 dividends: 0.29s
2026-07-05 05:48:42,263 [INFO] [DETAIL] 9206 スターフライヤー: income_stmt=OK, balance_sheet=OK, cashflow=OK, dividends=OK
2026-07-05 05:48:42,263 [INFO] [TIME] 9206 スターフライヤー 処理時間: 1.15s
2026-07-05 05:48:44,258 [DEBUG] [TIME] 9211 info: 0.19s
2026-07-05 05:48:44,258 [DEBUG] yfinance OK: 9211
2026-07-05 05:48:44,492 [DEBUG] [TIME] 9211 income_stmt: 0.23s
2026-07-05 05:48:44,805 [DEBUG] [TIME] 9211 balance_sheet: 0.31s
2026-07-05 05:48:45,077 [DEBUG] [TIME] 9211 cashflow: 0.27s
2026-07-05 05:48:45,585 [DEBUG] [TIME] 9211 dividends: 0.51s
2026-07-05 05:48:45,585 [INFO] [DETAIL] 9211 エフ・コード: income_stmt=OK, balance_sheet=OK, cashflow=OK, dividends=EMPTY
2026-07-05 05:48:45,586 [INFO] [TIME] 9211 エフ・コード 処理時間: 1.52s
2026-07-05 05:48:47,531 [DEBUG] [TIME] 9212 info: 0.26s
2026-07-05 05:48:47,531 [DEBUG] yfinance OK: 9212
2026-07-05 05:48:47,743 [DEBUG] [TIME] 9212 income_stmt: 0.21s
2026-07-05 05:48:47,997 [DEBUG] [TIME] 9212 balance_sheet: 0.25s
2026-07-05 05:48:48,281 [DEBUG] [TIME] 9212 cashflow: 0.28s
2026-07-05 05:48:48,439 [DEBUG] [TIME] 9212 dividends: 0.16s
2026-07-05 05:48:48,439 [INFO] [DETAIL] 9212 Ｇｒｅｅｎ　Ｅａｒｔｈ　Ｉｎｓｔｉｔｕｔｅ: income_stmt=OK, balance_sheet=OK, cashflow=OK, dividends=EMPTY
2026-07-05 05:48:48,439 [INFO] [TIME] 9212 Ｇｒｅｅｎ　Ｅａｒｔｈ　Ｉｎｓｔｉｔｕｔｅ 処理時間: 1.17s
2026-07-05 05:48:49,865 [DEBUG] [TIME] 9213 info: 0.19s
2026-07-05 05:48:49,865 [DEBUG] yfinance OK: 9213
2026-07-05 05:48:50,067 [DEBUG] [TIME] 9213 income_stmt: 0.20s
2026-07-05 05:48:50,359 [DEBUG] [TIME] 9213 balance_sheet: 0.29s
2026-07-05 05:48:50,598 [DEBUG] [TIME] 9213 cashflow: 0.24s
2026-07-05 05:48:50,887 [DEBUG] [TIME] 9213 dividends: 0.29s
2026-07-05 05:48:50,887 [INFO] [DETAIL] 9213 セイファート: income_stmt=OK, balance_sheet=OK, cashflow=OK, dividends=OK
2026-07-05 05:48:50,888 [INFO] [TIME] 9213 セイファート 処理時間: 1.21s
2026-07-05 05:48:52,693 [DEBUG] [TIME] 9214 info: 0.25s
2026-07-05 05:48:52,693 [DEBUG] yfinance OK: 9214
2026-07-05 05:48:52,923 [DEBUG] [TIME] 9214 income_stmt: 0.23s
2026-07-05 05:48:53,215 [DEBUG] [TIME] 9214 balance_sheet: 0.29s
2026-07-05 05:48:53,425 [DEBUG] [TIME] 9214 cashflow: 0.21s
2026-07-05 05:48:53,757 [DEBUG] [TIME] 9214 dividends: 0.33s
2026-07-05 05:48:53,757 [INFO] [DETAIL] 9214 Ｒｅｃｏｖｅｒｙ　Ｉｎｔｅｒｎａｔｉｏｎａｌ: income_stmt=OK, balance_sheet=OK, cashflow=OK, dividends=EMPTY
2026-07-05 05:48:53,757 [INFO] [TIME] 9214 Ｒｅｃｏｖｅｒｙ　Ｉｎｔｅｒｎａｔｉｏｎａｌ 処理時間: 1.31s
2026-07-05 05:48:55,372 [DEBUG] [TIME] 9215 info: 0.19s
2026-07-05 05:48:55,372 [DEBUG] yfinance OK: 9215
2026-07-05 05:48:55,594 [DEBUG] [TIME] 9215 income_stmt: 0.22s
2026-07-05 05:48:55,864 [DEBUG] [TIME] 9215 balance_sheet: 0.27s
2026-07-05 05:48:56,118 [DEBUG] [TIME] 9215 cashflow: 0.25s
2026-07-05 05:48:56,294 [DEBUG] [TIME] 9215 dividends: 0.18s
2026-07-05 05:48:56,294 [INFO] [DETAIL] 9215 ＣａＳｙ: income_stmt=OK, balance_sheet=OK, cashflow=OK, dividends=EMPTY
2026-07-05 05:48:56,294 [INFO] [TIME] 9215 ＣａＳｙ 処理時間: 1.11s
2026-07-05 05:48:58,208 [DEBUG] [TIME] 9216 info: 0.19s
2026-07-05 05:48:58,209 [DEBUG] yfinance OK: 9216
2026-07-05 05:48:58,402 [DEBUG] [TIME] 9216 income_stmt: 0.19s
2026-07-05 05:48:58,650 [DEBUG] [TIME] 9216 balance_sheet: 0.25s
2026-07-05 05:48:58,840 [DEBUG] [TIME] 9216 cashflow: 0.19s
2026-07-05 05:48:59,056 [DEBUG] [TIME] 9216 dividends: 0.22s
2026-07-05 05:48:59,057 [INFO] [DETAIL] 9216 ビーウィズ: income_stmt=OK, balance_sheet=OK, cashflow=OK, dividends=OK
2026-07-05 05:48:59,057 [INFO] [TIME] 9216 ビーウィズ 処理時間: 1.04s
2026-07-05 05:49:00,457 [DEBUG] [TIME] 9218 info: 0.19s
2026-07-05 05:49:00,457 [DEBUG] yfinance OK: 9218
2026-07-05 05:49:00,698 [DEBUG] [TIME] 9218 income_stmt: 0.24s
2026-07-05 05:49:01,084 [DEBUG] [TIME] 9218 balance_sheet: 0.39s
2026-07-05 05:49:01,261 [DEBUG] [TIME] 9218 cashflow: 0.18s
2026-07-05 05:49:01,477 [DEBUG] [TIME] 9218 dividends: 0.22s
2026-07-05 05:49:01,478 [INFO] [DETAIL] 9218 メンタルヘルステクノロジーズ: income_stmt=OK, balance_sheet=OK, cashflow=OK, dividends=OK
2026-07-05 05:49:01,478 [INFO] [TIME] 9218 メンタルヘルステクノロジーズ 処理時間: 1.21s
2026-07-05 05:49:02,752 [DEBUG] [TIME] 9219 info: 0.19s
2026-07-05 05:49:02,752 [DEBUG] yfinance OK: 9219
2026-07-05 05:49:02,936 [DEBUG] [TIME] 9219 income_stmt: 0.18s
2026-07-05 05:49:03,177 [DEBUG] [TIME] 9219 balance_sheet: 0.24s
2026-07-05 05:49:03,377 [DEBUG] [TIME] 9219 cashflow: 0.20s
2026-07-05 05:49:03,563 [DEBUG] [TIME] 9219 dividends: 0.19s
2026-07-05 05:49:03,564 [INFO] [DETAIL] 9219 ギックス: income_stmt=OK, balance_sheet=OK, cashflow=OK, dividends=OK
2026-07-05 05:49:03,564 [INFO] [TIME] 9219 ギックス 処理時間: 1.00s
2026-07-05 05:49:05,239 [DEBUG] [TIME] 9220 info: 0.19s
2026-07-05 05:49:05,239 [DEBUG] yfinance OK: 9220
2026-07-05 05:49:05,429 [DEBUG] [TIME] 9220 income_stmt: 0.19s
2026-07-05 05:49:05,691 [DEBUG] [TIME] 9220 balance_sheet: 0.26s
2026-07-05 05:49:05,972 [DEBUG] [TIME] 9220 cashflow: 0.28s
2026-07-05 05:49:06,212 [DEBUG] [TIME] 9220 dividends: 0.24s
2026-07-05 05:49:06,213 [INFO] [DETAIL] 9220 エフビー介護サービス: income_stmt=OK, balance_sheet=OK, cashflow=OK, dividends=OK
2026-07-05 05:49:06,213 [INFO] [TIME] 9220 エフビー介護サービス 処理時間: 1.16s
2026-07-05 05:49:07,996 [DEBUG] [TIME] 9221 info: 0.19s
2026-07-05 05:49:07,996 [DEBUG] yfinance OK: 9221
2026-07-05 05:49:08,242 [DEBUG] [TIME] 9221 income_stmt: 0.25s
2026-07-05 05:49:08,503 [DEBUG] [TIME] 9221 balance_sheet: 0.26s
2026-07-05 05:49:08,776 [DEBUG] [TIME] 9221 cashflow: 0.27s
2026-07-05 05:49:09,070 [DEBUG] [TIME] 9221 dividends: 0.29s
2026-07-05 05:49:09,071 [INFO] [DETAIL] 9221 フルハシＥＰＯ: income_stmt=OK, balance_sheet=OK, cashflow=OK, dividends=OK
2026-07-05 05:49:09,071 [INFO] [TIME] 9221 フルハシＥＰＯ 処理時間: 1.27s
2026-07-05 05:49:10,487 [DEBUG] [TIME] 9223 info: 0.26s
2026-07-05 05:49:10,487 [DEBUG] yfinance OK: 9223
2026-07-05 05:49:10,689 [DEBUG] [TIME] 9223 income_stmt: 0.20s
2026-07-05 05:49:10,885 [DEBUG] [TIME] 9223 balance_sheet: 0.20s
2026-07-05 05:49:11,076 [DEBUG] [TIME] 9223 cashflow: 0.19s
2026-07-05 05:49:11,329 [DEBUG] [TIME] 9223 dividends: 0.25s
2026-07-05 05:49:11,330 [INFO] [DETAIL] 9223 ＡＳＮＯＶＡ: income_stmt=OK, balance_sheet=OK, cashflow=OK, dividends=OK
2026-07-05 05:49:11,330 [INFO] [TIME] 9223 ＡＳＮＯＶＡ 処理時間: 1.10s
2026-07-05 05:49:13,189 [DEBUG] [TIME] 9225 info: 0.20s
2026-07-05 05:49:13,189 [DEBUG] yfinance OK: 9225
2026-07-05 05:49:13,372 [DEBUG] [TIME] 9225 income_stmt: 0.18s
2026-07-05 05:49:13,599 [DEBUG] [TIME] 9225 balance_sheet: 0.23s
2026-07-05 05:49:13,844 [DEBUG] [TIME] 9225 cashflow: 0.24s
2026-07-05 05:49:14,118 [DEBUG] [TIME] 9225 dividends: 0.27s
2026-07-05 05:49:14,118 [INFO] [DETAIL] 9225 ブリッジコンサルティンググループ: income_stmt=OK, balance_sheet=OK, cashflow=OK, dividends=EMPTY
2026-07-05 05:49:14,118 [INFO] [TIME] 9225 ブリッジコンサルティンググループ 処理時間: 1.13s
2026-07-05 05:49:15,753 [DEBUG] [TIME] 9227 info: 0.19s
2026-07-05 05:49:15,753 [DEBUG] yfinance OK: 9227
2026-07-05 05:49:16,010 [DEBUG] [TIME] 9227 income_stmt: 0.26s
2026-07-05 05:49:16,226 [DEBUG] [TIME] 9227 balance_sheet: 0.22s
2026-07-05 05:49:16,382 [DEBUG] [TIME] 9227 cashflow: 0.16s
2026-07-05 05:49:16,718 [DEBUG] [TIME] 9227 dividends: 0.33s
2026-07-05 05:49:16,718 [INFO] [DETAIL] 9227 マイクロ波化学: income_stmt=OK, balance_sheet=OK, cashflow=OK, dividends=EMPTY
2026-07-05 05:49:16,718 [INFO] [TIME] 9227 マイクロ波化学 処理時間: 1.15s
2026-07-05 05:49:18,243 [DEBUG] [TIME] 9229 info: 0.21s
2026-07-05 05:49:18,243 [DEBUG] yfinance OK: 9229
2026-07-05 05:49:18,484 [DEBUG] [TIME] 9229 income_stmt: 0.24s
2026-07-05 05:49:18,770 [DEBUG] [TIME] 9229 balance_sheet: 0.29s
2026-07-05 05:49:19,010 [DEBUG] [TIME] 9229 cashflow: 0.24s
2026-07-05 05:49:19,260 [DEBUG] [TIME] 9229 dividends: 0.25s
2026-07-05 05:49:19,261 [INFO] [DETAIL] 9229 サンウェルズ: income_stmt=OK, balance_sheet=OK, cashflow=OK, dividends=OK
2026-07-05 05:49:19,261 [INFO] [TIME] 9229 サンウェルズ 処理時間: 1.22s
2026-07-05 05:49:20,532 [DEBUG] [TIME] 9233 info: 0.25s
2026-07-05 05:49:20,533 [DEBUG] yfinance OK: 9233
2026-07-05 05:49:20,743 [DEBUG] [TIME] 9233 income_stmt: 0.21s
2026-07-05 05:49:21,012 [DEBUG] [TIME] 9233 balance_sheet: 0.27s
2026-07-05 05:49:21,264 [DEBUG] [TIME] 9233 cashflow: 0.25s
2026-07-05 05:49:21,612 [DEBUG] [TIME] 9233 dividends: 0.35s
2026-07-05 05:49:21,613 [INFO] [DETAIL] 9233 アジア航測: income_stmt=OK, balance_sheet=OK, cashflow=OK, dividends=OK
2026-07-05 05:49:21,614 [INFO] [TIME] 9233 アジア航測 処理時間: 1.34s
2026-07-05 05:49:23,340 [DEBUG] [TIME] 9235 info: 0.19s
2026-07-05 05:49:23,340 [DEBUG] yfinance OK: 9235
2026-07-05 05:49:23,560 [DEBUG] [TIME] 9235 income_stmt: 0.22s
2026-07-05 05:49:23,765 [DEBUG] [TIME] 9235 balance_sheet: 0.20s
2026-07-05 05:49:23,958 [DEBUG] [TIME] 9235 cashflow: 0.19s
2026-07-05 05:49:24,150 [DEBUG] [TIME] 9235 dividends: 0.19s
2026-07-05 05:49:24,150 [INFO] [DETAIL] 9235 売れるネット広告社グループ: income_stmt=OK, balance_sheet=OK, cashflow=OK, dividends=EMPTY
2026-07-05 05:49:24,150 [INFO] [TIME] 9235 売れるネット広告社グループ 処理時間: 1.00s
2026-07-05 05:49:25,456 [DEBUG] [TIME] 9236 info: 0.19s
2026-07-05 05:49:25,456 [DEBUG] yfinance OK: 9236
2026-07-05 05:49:25,644 [DEBUG] [TIME] 9236 income_stmt: 0.19s
2026-07-05 05:49:25,830 [DEBUG] [TIME] 9236 balance_sheet: 0.19s
2026-07-05 05:49:26,079 [DEBUG] [TIME] 9236 cashflow: 0.25s
2026-07-05 05:49:26,252 [DEBUG] [TIME] 9236 dividends: 0.17s
2026-07-05 05:49:26,252 [INFO] [DETAIL] 9236 ジャパンＭ＆Ａソリューション: income_stmt=OK, balance_sheet=OK, cashflow=OK, dividends=EMPTY
2026-07-05 05:49:26,252 [INFO] [TIME] 9236 ジャパンＭ＆Ａソリューション 処理時間: 0.98s
2026-07-05 05:49:27,648 [DEBUG] [TIME] 9237 info: 0.19s
2026-07-05 05:49:27,648 [DEBUG] yfinance OK: 9237
2026-07-05 05:49:27,924 [DEBUG] [TIME] 9237 income_stmt: 0.28s
2026-07-05 05:49:28,188 [DEBUG] [TIME] 9237 balance_sheet: 0.26s
2026-07-05 05:49:28,394 [DEBUG] [TIME] 9237 cashflow: 0.21s
2026-07-05 05:49:28,575 [DEBUG] [TIME] 9237 dividends: 0.18s
2026-07-05 05:49:28,576 [INFO] [DETAIL] 9237 笑美面: income_stmt=OK, balance_sheet=OK, cashflow=OK, dividends=EMPTY
2026-07-05 05:49:28,576 [INFO] [TIME] 9237 笑美面 処理時間: 1.12s
2026-07-05 05:49:29,804 [DEBUG] [TIME] 9238 info: 0.19s
2026-07-05 05:49:29,804 [DEBUG] yfinance OK: 9238
2026-07-05 05:49:30,048 [DEBUG] [TIME] 9238 income_stmt: 0.24s
2026-07-05 05:49:30,257 [DEBUG] [TIME] 9238 balance_sheet: 0.21s
2026-07-05 05:49:30,448 [DEBUG] [TIME] 9238 cashflow: 0.19s
2026-07-05 05:49:30,603 [DEBUG] [TIME] 9238 dividends: 0.15s
2026-07-05 05:49:30,604 [INFO] [DETAIL] 9238 バリュークリエーション: income_stmt=OK, balance_sheet=OK, cashflow=OK, dividends=OK
2026-07-05 05:49:30,604 [INFO] [TIME] 9238 バリュークリエーション 処理時間: 0.99s
2026-07-05 05:49:32,731 [DEBUG] [TIME] 9240 info: 0.19s
2026-07-05 05:49:32,731 [DEBUG] yfinance OK: 9240
2026-07-05 05:49:32,943 [DEBUG] [TIME] 9240 income_stmt: 0.21s
2026-07-05 05:49:33,205 [DEBUG] [TIME] 9240 balance_sheet: 0.26s
2026-07-05 05:49:33,503 [DEBUG] [TIME] 9240 cashflow: 0.30s
2026-07-05 05:49:33,776 [DEBUG] [TIME] 9240 dividends: 0.27s
2026-07-05 05:49:33,776 [INFO] [DETAIL] 9240 デリバリーコンサルティング: income_stmt=OK, balance_sheet=OK, cashflow=OK, dividends=EMPTY
2026-07-05 05:49:33,776 [INFO] [TIME] 9240 デリバリーコンサルティング 処理時間: 1.23s
2026-07-05 05:49:35,135 [DEBUG] [TIME] 9241 info: 0.19s
2026-07-05 05:49:35,135 [DEBUG] yfinance OK: 9241
2026-07-05 05:49:35,400 [DEBUG] [TIME] 9241 income_stmt: 0.27s
2026-07-05 05:49:35,682 [DEBUG] [TIME] 9241 balance_sheet: 0.28s
2026-07-05 05:49:35,904 [DEBUG] [TIME] 9241 cashflow: 0.22s
2026-07-05 05:49:36,080 [DEBUG] [TIME] 9241 dividends: 0.18s
2026-07-05 05:49:36,081 [INFO] [DETAIL] 9241 フューチャーリンクネットワーク: income_stmt=OK, balance_sheet=OK, cashflow=OK, dividends=EMPTY
2026-07-05 05:49:36,081 [INFO] [TIME] 9241 フューチャーリンクネットワーク 処理時間: 1.14s
2026-07-05 05:49:38,278 [DEBUG] [TIME] 9242 info: 0.19s
2026-07-05 05:49:38,278 [DEBUG] yfinance OK: 9242
2026-07-05 05:49:38,485 [DEBUG] [TIME] 9242 income_stmt: 0.21s
2026-07-05 05:49:38,726 [DEBUG] [TIME] 9242 balance_sheet: 0.24s
2026-07-05 05:49:38,947 [DEBUG] [TIME] 9242 cashflow: 0.22s
2026-07-05 05:49:39,133 [DEBUG] [TIME] 9242 dividends: 0.18s
2026-07-05 05:49:39,134 [INFO] [DETAIL] 9242 メディア総研: income_stmt=OK, balance_sheet=OK, cashflow=OK, dividends=OK
2026-07-05 05:49:39,134 [INFO] [TIME] 9242 メディア総研 処理時間: 1.05s
2026-07-05 05:49:40,678 [DEBUG] [TIME] 9244 info: 0.19s
2026-07-05 05:49:40,678 [DEBUG] yfinance OK: 9244
2026-07-05 05:49:40,910 [DEBUG] [TIME] 9244 income_stmt: 0.23s
2026-07-05 05:49:41,231 [DEBUG] [TIME] 9244 balance_sheet: 0.32s
2026-07-05 05:49:41,532 [DEBUG] [TIME] 9244 cashflow: 0.30s
2026-07-05 05:49:41,706 [DEBUG] [TIME] 9244 dividends: 0.17s
2026-07-05 05:49:41,706 [INFO] [DETAIL] 9244 デジタリフト: income_stmt=OK, balance_sheet=OK, cashflow=OK, dividends=EMPTY
2026-07-05 05:49:41,706 [INFO] [TIME] 9244 デジタリフト 処理時間: 1.22s
2026-07-05 05:49:43,484 [DEBUG] [TIME] 9245 info: 0.19s
2026-07-05 05:49:43,484 [DEBUG] yfinance OK: 9245
2026-07-05 05:49:43,674 [DEBUG] [TIME] 9245 income_stmt: 0.19s
2026-07-05 05:49:43,930 [DEBUG] [TIME] 9245 balance_sheet: 0.26s
2026-07-05 05:49:44,169 [DEBUG] [TIME] 9245 cashflow: 0.24s
2026-07-05 05:49:44,386 [DEBUG] [TIME] 9245 dividends: 0.22s
2026-07-05 05:49:44,387 [INFO] [DETAIL] 9245 リベロ: income_stmt=OK, balance_sheet=OK, cashflow=OK, dividends=OK
2026-07-05 05:49:44,387 [INFO] [TIME] 9245 リベロ 処理時間: 1.10s
2026-07-05 05:49:45,997 [DEBUG] [TIME] 9246 info: 0.23s
2026-07-05 05:49:45,997 [DEBUG] yfinance OK: 9246
2026-07-05 05:49:46,202 [DEBUG] [TIME] 9246 income_stmt: 0.21s
2026-07-05 05:49:46,537 [DEBUG] [TIME] 9246 balance_sheet: 0.33s
2026-07-05 05:49:46,757 [DEBUG] [TIME] 9246 cashflow: 0.22s
2026-07-05 05:49:46,961 [DEBUG] [TIME] 9246 dividends: 0.20s
2026-07-05 05:49:46,961 [INFO] [DETAIL] 9246 プロジェクトホールディングス: income_stmt=OK, balance_sheet=OK, cashflow=OK, dividends=EMPTY
2026-07-05 05:49:46,961 [INFO] [TIME] 9246 プロジェクトホールディングス 処理時間: 1.20s
2026-07-05 05:49:48,193 [DEBUG] [TIME] 9247 info: 0.21s
2026-07-05 05:49:48,193 [DEBUG] yfinance OK: 9247
2026-07-05 05:49:48,431 [DEBUG] [TIME] 9247 income_stmt: 0.24s
2026-07-05 05:49:48,700 [DEBUG] [TIME] 9247 balance_sheet: 0.27s
2026-07-05 05:49:48,931 [DEBUG] [TIME] 9247 cashflow: 0.23s
2026-07-05 05:49:49,123 [DEBUG] [TIME] 9247 dividends: 0.19s
2026-07-05 05:49:49,124 [INFO] [DETAIL] 9247 ＴＲＥホールディングス: income_stmt=OK, balance_sheet=OK, cashflow=OK, dividends=OK
2026-07-05 05:49:49,124 [INFO] [TIME] 9247 ＴＲＥホールディングス 処理時間: 1.14s
2026-07-05 05:49:50,428 [DEBUG] [TIME] 9248 info: 0.19s
2026-07-05 05:49:50,429 [DEBUG] yfinance OK: 9248
2026-07-05 05:49:50,709 [DEBUG] [TIME] 9248 income_stmt: 0.28s
2026-07-05 05:49:50,971 [DEBUG] [TIME] 9248 balance_sheet: 0.26s
2026-07-05 05:49:51,200 [DEBUG] [TIME] 9248 cashflow: 0.23s
2026-07-05 05:49:51,423 [DEBUG] [TIME] 9248 dividends: 0.22s
2026-07-05 05:49:51,424 [INFO] [DETAIL] 9248 人・夢・技術グループ: income_stmt=OK, balance_sheet=OK, cashflow=OK, dividends=OK
2026-07-05 05:49:51,424 [INFO] [TIME] 9248 人・夢・技術グループ 処理時間: 1.19s
2026-07-05 05:49:52,752 [DEBUG] [TIME] 9249 info: 0.19s
2026-07-05 05:49:52,752 [DEBUG] yfinance OK: 9249
2026-07-05 05:49:52,949 [DEBUG] [TIME] 9249 income_stmt: 0.20s
2026-07-05 05:49:53,225 [DEBUG] [TIME] 9249 balance_sheet: 0.28s
2026-07-05 05:49:53,487 [DEBUG] [TIME] 9249 cashflow: 0.26s
2026-07-05 05:49:53,727 [DEBUG] [TIME] 9249 dividends: 0.24s
2026-07-05 05:49:53,728 [INFO] [DETAIL] 9249 日本エコシステム: income_stmt=OK, balance_sheet=OK, cashflow=OK, dividends=OK
2026-07-05 05:49:53,728 [INFO] [TIME] 9249 日本エコシステム 処理時間: 1.16s
2026-07-05 05:49:55,419 [DEBUG] [TIME] 9250 info: 0.20s
2026-07-05 05:49:55,420 [DEBUG] yfinance OK: 9250
2026-07-05 05:49:55,646 [DEBUG] [TIME] 9250 income_stmt: 0.23s
2026-07-05 05:49:55,950 [DEBUG] [TIME] 9250 balance_sheet: 0.30s
2026-07-05 05:49:56,183 [DEBUG] [TIME] 9250 cashflow: 0.23s
2026-07-05 05:49:56,372 [DEBUG] [TIME] 9250 dividends: 0.19s
2026-07-05 05:49:56,372 [INFO] [DETAIL] 9250 ＧＲＣＳ: income_stmt=OK, balance_sheet=OK, cashflow=OK, dividends=EMPTY
2026-07-05 05:49:56,372 [INFO] [TIME] 9250 ＧＲＣＳ 処理時間: 1.15s
2026-07-05 05:49:58,339 [DEBUG] [TIME] 9251 info: 0.19s
2026-07-05 05:49:58,339 [DEBUG] yfinance OK: 9251
2026-07-05 05:49:58,567 [DEBUG] [TIME] 9251 income_stmt: 0.23s
2026-07-05 05:49:58,754 [DEBUG] [TIME] 9251 balance_sheet: 0.19s
2026-07-05 05:49:58,925 [DEBUG] [TIME] 9251 cashflow: 0.17s
2026-07-05 05:49:59,086 [DEBUG] [TIME] 9251 dividends: 0.16s
2026-07-05 05:49:59,087 [INFO] [DETAIL] 9251 ＡＢ＆Ｃｏｍｐａｎｙ: income_stmt=OK, balance_sheet=OK, cashflow=OK, dividends=OK
2026-07-05 05:49:59,087 [INFO] [TIME] 9251 ＡＢ＆Ｃｏｍｐａｎｙ 処理時間: 0.94s
2026-07-05 05:50:00,417 [DEBUG] [TIME] 9252 info: 0.19s
2026-07-05 05:50:00,417 [DEBUG] yfinance OK: 9252
2026-07-05 05:50:00,661 [DEBUG] [TIME] 9252 income_stmt: 0.24s
2026-07-05 05:50:00,922 [DEBUG] [TIME] 9252 balance_sheet: 0.26s
2026-07-05 05:50:01,128 [DEBUG] [TIME] 9252 cashflow: 0.21s
2026-07-05 05:50:01,410 [DEBUG] [TIME] 9252 dividends: 0.28s
2026-07-05 05:50:01,411 [INFO] [DETAIL] 9252 ラストワンマイル: income_stmt=OK, balance_sheet=OK, cashflow=OK, dividends=OK
2026-07-05 05:50:01,411 [INFO] [TIME] 9252 ラストワンマイル 処理時間: 1.19s
2026-07-05 05:50:03,146 [DEBUG] [TIME] 9253 info: 0.19s
2026-07-05 05:50:03,146 [DEBUG] yfinance OK: 9253
2026-07-05 05:50:03,350 [DEBUG] [TIME] 9253 income_stmt: 0.20s
2026-07-05 05:50:03,605 [DEBUG] [TIME] 9253 balance_sheet: 0.25s
2026-07-05 05:50:03,848 [DEBUG] [TIME] 9253 cashflow: 0.24s
2026-07-05 05:50:04,062 [DEBUG] [TIME] 9253 dividends: 0.21s
2026-07-05 05:50:04,063 [INFO] [DETAIL] 9253 スローガン: income_stmt=OK, balance_sheet=OK, cashflow=OK, dividends=OK
2026-07-05 05:50:04,063 [INFO] [TIME] 9253 スローガン 処理時間: 1.11s
2026-07-05 05:50:06,122 [DEBUG] [TIME] 9254 info: 0.19s
2026-07-05 05:50:06,122 [DEBUG] yfinance OK: 9254
2026-07-05 05:50:06,340 [DEBUG] [TIME] 9254 income_stmt: 0.22s
2026-07-05 05:50:06,562 [DEBUG] [TIME] 9254 balance_sheet: 0.22s
2026-07-05 05:50:06,761 [DEBUG] [TIME] 9254 cashflow: 0.20s
2026-07-05 05:50:06,937 [DEBUG] [TIME] 9254 dividends: 0.18s
2026-07-05 05:50:06,938 [INFO] [DETAIL] 9254 ラバブルマーケティンググループ: income_stmt=OK, balance_sheet=OK, cashflow=OK, dividends=EMPTY
2026-07-05 05:50:06,938 [INFO] [TIME] 9254 ラバブルマーケティンググループ 処理時間: 1.00s
2026-07-05 05:50:08,958 [DEBUG] [TIME] 9256 info: 0.25s
2026-07-05 05:50:08,958 [DEBUG] yfinance OK: 9256
2026-07-05 05:50:09,161 [DEBUG] [TIME] 9256 income_stmt: 0.20s
2026-07-05 05:50:09,392 [DEBUG] [TIME] 9256 balance_sheet: 0.23s
2026-07-05 05:50:09,627 [DEBUG] [TIME] 9256 cashflow: 0.23s
2026-07-05 05:50:09,786 [DEBUG] [TIME] 9256 dividends: 0.16s
2026-07-05 05:50:09,787 [INFO] [DETAIL] 9256 サクシード: income_stmt=OK, balance_sheet=OK, cashflow=OK, dividends=OK
2026-07-05 05:50:09,787 [INFO] [TIME] 9256 サクシード 処理時間: 1.08s
2026-07-05 05:50:11,414 [DEBUG] [TIME] 9258 info: 0.32s
2026-07-05 05:50:11,414 [DEBUG] yfinance OK: 9258
2026-07-05 05:50:11,599 [DEBUG] [TIME] 9258 income_stmt: 0.18s
2026-07-05 05:50:11,859 [DEBUG] [TIME] 9258 balance_sheet: 0.26s
2026-07-05 05:50:12,102 [DEBUG] [TIME] 9258 cashflow: 0.24s
2026-07-05 05:50:12,281 [DEBUG] [TIME] 9258 dividends: 0.18s
2026-07-05 05:50:12,281 [INFO] [DETAIL] 9258 ＣＳ－Ｃ: income_stmt=OK, balance_sheet=OK, cashflow=OK, dividends=EMPTY
2026-07-05 05:50:12,281 [INFO] [TIME] 9258 ＣＳ－Ｃ 処理時間: 1.19s
2026-07-05 05:50:14,039 [DEBUG] [TIME] 9259 info: 0.20s
2026-07-05 05:50:14,039 [DEBUG] yfinance OK: 9259
2026-07-05 05:50:14,253 [DEBUG] [TIME] 9259 income_stmt: 0.21s
2026-07-05 05:50:14,646 [DEBUG] [TIME] 9259 balance_sheet: 0.39s
2026-07-05 05:50:14,832 [DEBUG] [TIME] 9259 cashflow: 0.18s
2026-07-05 05:50:15,014 [DEBUG] [TIME] 9259 dividends: 0.18s
2026-07-05 05:50:15,014 [INFO] [DETAIL] 9259 タカヨシホールディングス: income_stmt=OK, balance_sheet=OK, cashflow=OK, dividends=OK
2026-07-05 05:50:15,015 [INFO] [TIME] 9259 タカヨシホールディングス 処理時間: 1.17s
2026-07-05 05:50:16,806 [DEBUG] [TIME] 9262 info: 0.25s
2026-07-05 05:50:16,806 [DEBUG] yfinance OK: 9262
2026-07-05 05:50:17,044 [DEBUG] [TIME] 9262 income_stmt: 0.24s
2026-07-05 05:50:17,341 [DEBUG] [TIME] 9262 balance_sheet: 0.30s
2026-07-05 05:50:17,551 [DEBUG] [TIME] 9262 cashflow: 0.21s
2026-07-05 05:50:17,786 [DEBUG] [TIME] 9262 dividends: 0.23s
2026-07-05 05:50:17,787 [INFO] [DETAIL] 9262 シルバーライフ: income_stmt=OK, balance_sheet=OK, cashflow=OK, dividends=OK
2026-07-05 05:50:17,787 [INFO] [TIME] 9262 シルバーライフ 処理時間: 1.23s
2026-07-05 05:50:19,446 [DEBUG] [TIME] 9264 info: 0.20s
2026-07-05 05:50:19,446 [DEBUG] yfinance OK: 9264
2026-07-05 05:50:19,636 [DEBUG] [TIME] 9264 income_stmt: 0.19s
2026-07-05 05:50:19,895 [DEBUG] [TIME] 9264 balance_sheet: 0.26s
2026-07-05 05:50:20,108 [DEBUG] [TIME] 9264 cashflow: 0.21s
2026-07-05 05:50:20,440 [DEBUG] [TIME] 9264 dividends: 0.33s
2026-07-05 05:50:20,441 [INFO] [DETAIL] 9264 ポエック: income_stmt=OK, balance_sheet=OK, cashflow=OK, dividends=OK
2026-07-05 05:50:20,441 [INFO] [TIME] 9264 ポエック 処理時間: 1.19s
2026-07-05 05:50:22,314 [DEBUG] [TIME] 9265 info: 0.19s
2026-07-05 05:50:22,314 [DEBUG] yfinance OK: 9265
2026-07-05 05:50:22,501 [DEBUG] [TIME] 9265 income_stmt: 0.19s
2026-07-05 05:50:22,745 [DEBUG] [TIME] 9265 balance_sheet: 0.24s
2026-07-05 05:50:22,969 [DEBUG] [TIME] 9265 cashflow: 0.22s
2026-07-05 05:50:23,224 [DEBUG] [TIME] 9265 dividends: 0.25s
2026-07-05 05:50:23,225 [INFO] [DETAIL] 9265 ヤマシタヘルスケアホールディングス: income_stmt=OK, balance_sheet=OK, cashflow=OK, dividends=OK
2026-07-05 05:50:23,225 [INFO] [TIME] 9265 ヤマシタヘルスケアホールディングス 処理時間: 1.10s
2026-07-05 05:50:24,635 [DEBUG] [TIME] 9267 info: 0.21s
2026-07-05 05:50:24,635 [DEBUG] yfinance OK: 9267
2026-07-05 05:50:24,862 [DEBUG] [TIME] 9267 income_stmt: 0.23s
2026-07-05 05:50:25,072 [DEBUG] [TIME] 9267 balance_sheet: 0.21s
2026-07-05 05:50:25,280 [DEBUG] [TIME] 9267 cashflow: 0.21s
2026-07-05 05:50:25,572 [DEBUG] [TIME] 9267 dividends: 0.29s
2026-07-05 05:50:25,573 [INFO] [DETAIL] 9267 Ｇｅｎｋｙ　ＤｒｕｇＳｔｏｒｅｓ: income_stmt=OK, balance_sheet=OK, cashflow=OK, dividends=OK
2026-07-05 05:50:25,573 [INFO] [TIME] 9267 Ｇｅｎｋｙ　ＤｒｕｇＳｔｏｒｅｓ 処理時間: 1.14s
2026-07-05 05:50:27,418 [DEBUG] [TIME] 9268 info: 0.20s
2026-07-05 05:50:27,418 [DEBUG] yfinance OK: 9268
2026-07-05 05:50:27,647 [DEBUG] [TIME] 9268 income_stmt: 0.23s
2026-07-05 05:50:27,929 [DEBUG] [TIME] 9268 balance_sheet: 0.28s
2026-07-05 05:50:28,176 [DEBUG] [TIME] 9268 cashflow: 0.25s
2026-07-05 05:50:28,454 [DEBUG] [TIME] 9268 dividends: 0.28s
2026-07-05 05:50:28,455 [INFO] [DETAIL] 9268 オプティマスグループ: income_stmt=OK, balance_sheet=OK, cashflow=OK, dividends=OK
2026-07-05 05:50:28,455 [INFO] [TIME] 9268 オプティマスグループ 処理時間: 1.24s
2026-07-05 05:50:30,497 [DEBUG] [TIME] 9270 info: 0.19s
2026-07-05 05:50:30,497 [DEBUG] yfinance OK: 9270
2026-07-05 05:50:30,708 [DEBUG] [TIME] 9270 income_stmt: 0.21s
2026-07-05 05:50:30,972 [DEBUG] [TIME] 9270 balance_sheet: 0.26s
2026-07-05 05:50:31,170 [DEBUG] [TIME] 9270 cashflow: 0.20s
2026-07-05 05:50:31,415 [DEBUG] [TIME] 9270 dividends: 0.24s
2026-07-05 05:50:31,416 [INFO] [DETAIL] 9270 バリュエンスホールディングス: income_stmt=OK, balance_sheet=OK, cashflow=OK, dividends=OK
2026-07-05 05:50:31,416 [INFO] [TIME] 9270 バリュエンスホールディングス 処理時間: 1.11s
2026-07-05 05:50:33,576 [DEBUG] [TIME] 9271 info: 0.19s
2026-07-05 05:50:33,577 [DEBUG] yfinance OK: 9271
2026-07-05 05:50:33,801 [DEBUG] [TIME] 9271 income_stmt: 0.22s
2026-07-05 05:50:34,046 [DEBUG] [TIME] 9271 balance_sheet: 0.24s
2026-07-05 05:50:34,317 [DEBUG] [TIME] 9271 cashflow: 0.27s
2026-07-05 05:50:34,541 [DEBUG] [TIME] 9271 dividends: 0.22s
2026-07-05 05:50:34,542 [INFO] [DETAIL] 9271 和心: income_stmt=OK, balance_sheet=OK, cashflow=OK, dividends=OK
2026-07-05 05:50:34,542 [INFO] [TIME] 9271 和心 処理時間: 1.15s
2026-07-05 05:50:36,029 [DEBUG] [TIME] 9272 info: 0.26s
2026-07-05 05:50:36,029 [DEBUG] yfinance OK: 9272
2026-07-05 05:50:36,306 [DEBUG] [TIME] 9272 income_stmt: 0.28s
2026-07-05 05:50:36,591 [DEBUG] [TIME] 9272 balance_sheet: 0.28s
2026-07-05 05:50:36,824 [DEBUG] [TIME] 9272 cashflow: 0.23s
2026-07-05 05:50:37,048 [DEBUG] [TIME] 9272 dividends: 0.22s
2026-07-05 05:50:37,048 [INFO] [DETAIL] 9272 ブティックス: income_stmt=OK, balance_sheet=OK, cashflow=OK, dividends=EMPTY
2026-07-05 05:50:37,049 [INFO] [TIME] 9272 ブティックス 処理時間: 1.28s
2026-07-05 05:50:39,157 [DEBUG] [TIME] 9273 info: 0.20s
2026-07-05 05:50:39,158 [DEBUG] yfinance OK: 9273
2026-07-05 05:50:39,430 [DEBUG] [TIME] 9273 income_stmt: 0.27s
2026-07-05 05:50:39,627 [DEBUG] [TIME] 9273 balance_sheet: 0.20s
2026-07-05 05:50:39,865 [DEBUG] [TIME] 9273 cashflow: 0.24s
2026-07-05 05:50:40,087 [DEBUG] [TIME] 9273 dividends: 0.22s
2026-07-05 05:50:40,088 [INFO] [DETAIL] 9273 コーア商事ホールディングス: income_stmt=OK, balance_sheet=OK, cashflow=OK, dividends=OK
2026-07-05 05:50:40,088 [INFO] [TIME] 9273 コーア商事ホールディングス 処理時間: 1.13s
2026-07-05 05:50:41,745 [DEBUG] [TIME] 9274 info: 0.19s
2026-07-05 05:50:41,745 [DEBUG] yfinance OK: 9274
2026-07-05 05:50:42,096 [DEBUG] [TIME] 9274 income_stmt: 0.35s
2026-07-05 05:50:42,505 [DEBUG] [TIME] 9274 balance_sheet: 0.41s
2026-07-05 05:50:42,787 [DEBUG] [TIME] 9274 cashflow: 0.28s
2026-07-05 05:50:43,004 [DEBUG] [TIME] 9274 dividends: 0.22s
2026-07-05 05:50:43,005 [INFO] [DETAIL] 9274 ＫＰＰグループホールディングス: income_stmt=OK, balance_sheet=OK, cashflow=OK, dividends=OK
2026-07-05 05:50:43,005 [INFO] [TIME] 9274 ＫＰＰグループホールディングス 処理時間: 1.45s
2026-07-05 05:50:44,886 [DEBUG] [TIME] 9278 info: 0.22s
2026-07-05 05:50:44,886 [DEBUG] yfinance OK: 9278
2026-07-05 05:50:45,139 [DEBUG] [TIME] 9278 income_stmt: 0.25s
2026-07-05 05:50:45,392 [DEBUG] [TIME] 9278 balance_sheet: 0.25s
2026-07-05 05:50:45,626 [DEBUG] [TIME] 9278 cashflow: 0.23s
2026-07-05 05:50:45,978 [DEBUG] [TIME] 9278 dividends: 0.35s
2026-07-05 05:50:45,979 [INFO] [DETAIL] 9278 ブックオフグループホールディングス: income_stmt=OK, balance_sheet=OK, cashflow=OK, dividends=OK
2026-07-05 05:50:45,979 [INFO] [TIME] 9278 ブックオフグループホールディングス 処理時間: 1.31s
2026-07-05 05:50:48,008 [DEBUG] [TIME] 9279 info: 0.19s
2026-07-05 05:50:48,008 [DEBUG] yfinance OK: 9279
2026-07-05 05:50:48,286 [DEBUG] [TIME] 9279 income_stmt: 0.28s
2026-07-05 05:50:48,538 [DEBUG] [TIME] 9279 balance_sheet: 0.25s
2026-07-05 05:50:48,754 [DEBUG] [TIME] 9279 cashflow: 0.21s
2026-07-05 05:50:49,090 [DEBUG] [TIME] 9279 dividends: 0.34s
2026-07-05 05:50:49,091 [INFO] [DETAIL] 9279 ギフトホールディングス: income_stmt=OK, balance_sheet=OK, cashflow=OK, dividends=OK
2026-07-05 05:50:49,091 [INFO] [TIME] 9279 ギフトホールディングス 処理時間: 1.28s
2026-07-05 05:50:50,399 [DEBUG] [TIME] 9301 info: 0.20s
2026-07-05 05:50:50,399 [DEBUG] yfinance OK: 9301
2026-07-05 05:50:50,597 [DEBUG] [TIME] 9301 income_stmt: 0.20s
2026-07-05 05:50:50,931 [DEBUG] [TIME] 9301 balance_sheet: 0.33s
2026-07-05 05:50:51,195 [DEBUG] [TIME] 9301 cashflow: 0.26s
2026-07-05 05:50:51,763 [DEBUG] [TIME] 9301 dividends: 0.57s
2026-07-05 05:50:51,764 [INFO] [DETAIL] 9301 三菱倉庫: income_stmt=OK, balance_sheet=OK, cashflow=OK, dividends=OK
2026-07-05 05:50:51,765 [INFO] [TIME] 9301 三菱倉庫 処理時間: 1.56s
2026-07-05 05:50:53,280 [DEBUG] [TIME] 9302 info: 0.25s
2026-07-05 05:50:53,280 [DEBUG] yfinance OK: 9302
2026-07-05 05:50:53,479 [DEBUG] [TIME] 9302 income_stmt: 0.20s
2026-07-05 05:50:53,754 [DEBUG] [TIME] 9302 balance_sheet: 0.27s
2026-07-05 05:50:54,018 [DEBUG] [TIME] 9302 cashflow: 0.26s
2026-07-05 05:50:54,413 [DEBUG] [TIME] 9302 dividends: 0.39s
2026-07-05 05:50:54,414 [INFO] [DETAIL] 9302 三井倉庫ホールディングス: income_stmt=OK, balance_sheet=OK, cashflow=OK, dividends=OK
2026-07-05 05:50:54,414 [INFO] [TIME] 9302 三井倉庫ホールディングス 処理時間: 1.39s
2026-07-05 05:50:56,262 [DEBUG] [TIME] 9303 info: 0.27s
2026-07-05 05:50:56,262 [DEBUG] yfinance OK: 9303
2026-07-05 05:50:56,460 [DEBUG] [TIME] 9303 income_stmt: 0.20s
2026-07-05 05:50:56,716 [DEBUG] [TIME] 9303 balance_sheet: 0.26s
2026-07-05 05:50:56,896 [DEBUG] [TIME] 9303 cashflow: 0.18s
2026-07-05 05:50:57,328 [DEBUG] [TIME] 9303 dividends: 0.43s
2026-07-05 05:50:57,329 [INFO] [DETAIL] 9303 住友倉庫: income_stmt=OK, balance_sheet=OK, cashflow=OK, dividends=OK
2026-07-05 05:50:57,329 [INFO] [TIME] 9303 住友倉庫 処理時間: 1.33s
2026-07-05 05:50:59,018 [DEBUG] [TIME] 9304 info: 0.20s
2026-07-05 05:50:59,018 [DEBUG] yfinance OK: 9304
2026-07-05 05:50:59,491 [DEBUG] [TIME] 9304 income_stmt: 0.47s
2026-07-05 05:50:59,704 [DEBUG] [TIME] 9304 balance_sheet: 0.21s
2026-07-05 05:50:59,954 [DEBUG] [TIME] 9304 cashflow: 0.25s
2026-07-05 05:51:00,332 [DEBUG] [TIME] 9304 dividends: 0.38s
2026-07-05 05:51:00,333 [INFO] [DETAIL] 9304 澁澤倉庫: income_stmt=OK, balance_sheet=OK, cashflow=OK, dividends=OK
2026-07-05 05:51:00,333 [INFO] [TIME] 9304 澁澤倉庫 処理時間: 1.51s
2026-07-05 05:51:01,969 [DEBUG] [TIME] 9305 info: 0.20s
2026-07-05 05:51:01,969 [DEBUG] yfinance OK: 9305
2026-07-05 05:51:02,150 [DEBUG] [TIME] 9305 income_stmt: 0.18s
2026-07-05 05:51:02,358 [DEBUG] [TIME] 9305 balance_sheet: 0.21s
2026-07-05 05:51:02,563 [DEBUG] [TIME] 9305 cashflow: 0.20s
2026-07-05 05:51:02,949 [DEBUG] [TIME] 9305 dividends: 0.39s
2026-07-05 05:51:02,950 [INFO] [DETAIL] 9305 ヤマタネ: income_stmt=OK, balance_sheet=OK, cashflow=OK, dividends=OK
2026-07-05 05:51:02,950 [INFO] [TIME] 9305 ヤマタネ 処理時間: 1.18s
2026-07-05 05:51:04,528 [DEBUG] [TIME] 9306 info: 0.19s
2026-07-05 05:51:04,528 [DEBUG] yfinance OK: 9306
2026-07-05 05:51:04,729 [DEBUG] [TIME] 9306 income_stmt: 0.20s
2026-07-05 05:51:04,945 [DEBUG] [TIME] 9306 balance_sheet: 0.22s
2026-07-05 05:51:05,127 [DEBUG] [TIME] 9306 cashflow: 0.18s
2026-07-05 05:51:05,509 [DEBUG] [TIME] 9306 dividends: 0.38s
2026-07-05 05:51:05,510 [INFO] [DETAIL] 9306 東陽倉庫: income_stmt=OK, balance_sheet=OK, cashflow=OK, dividends=OK
2026-07-05 05:51:05,510 [INFO] [TIME] 9306 東陽倉庫 処理時間: 1.17s
2026-07-05 05:51:07,117 [DEBUG] [TIME] 9307 info: 0.20s
2026-07-05 05:51:07,117 [DEBUG] yfinance OK: 9307
2026-07-05 05:51:07,322 [DEBUG] [TIME] 9307 income_stmt: 0.20s
2026-07-05 05:51:07,630 [DEBUG] [TIME] 9307 balance_sheet: 0.31s
2026-07-05 05:51:07,905 [DEBUG] [TIME] 9307 cashflow: 0.27s
2026-07-05 05:51:08,332 [DEBUG] [TIME] 9307 dividends: 0.43s
2026-07-05 05:51:08,333 [INFO] [DETAIL] 9307 杉村倉庫: income_stmt=OK, balance_sheet=OK, cashflow=OK, dividends=OK
2026-07-05 05:51:08,333 [INFO] [TIME] 9307 杉村倉庫 処理時間: 1.41s
2026-07-05 05:51:10,113 [DEBUG] [TIME] 9308 info: 0.19s
2026-07-05 05:51:10,113 [DEBUG] yfinance OK: 9308
2026-07-05 05:51:10,406 [DEBUG] [TIME] 9308 income_stmt: 0.29s
2026-07-05 05:51:10,655 [DEBUG] [TIME] 9308 balance_sheet: 0.25s
2026-07-05 05:51:10,916 [DEBUG] [TIME] 9308 cashflow: 0.26s
2026-07-05 05:51:11,328 [DEBUG] [TIME] 9308 dividends: 0.41s
2026-07-05 05:51:11,329 [INFO] [DETAIL] 9308 乾汽船: income_stmt=OK, balance_sheet=OK, cashflow=OK, dividends=OK
2026-07-05 05:51:11,329 [INFO] [TIME] 9308 乾汽船 処理時間: 1.41s
2026-07-05 05:51:13,140 [DEBUG] [TIME] 9310 info: 0.20s
2026-07-05 05:51:13,140 [DEBUG] yfinance OK: 9310
2026-07-05 05:51:13,382 [DEBUG] [TIME] 9310 income_stmt: 0.24s
2026-07-05 05:51:13,666 [DEBUG] [TIME] 9310 balance_sheet: 0.28s
2026-07-05 05:51:13,843 [DEBUG] [TIME] 9310 cashflow: 0.18s
2026-07-05 05:51:14,187 [DEBUG] [TIME] 9310 dividends: 0.34s
2026-07-05 05:51:14,188 [INFO] [DETAIL] 9310 日本トランスシティ: income_stmt=OK, balance_sheet=OK, cashflow=OK, dividends=OK
2026-07-05 05:51:14,188 [INFO] [TIME] 9310 日本トランスシティ 処理時間: 1.24s
2026-07-05 05:51:15,500 [DEBUG] [TIME] 9311 info: 0.19s
2026-07-05 05:51:15,500 [DEBUG] yfinance OK: 9311
2026-07-05 05:51:15,698 [DEBUG] [TIME] 9311 income_stmt: 0.20s
2026-07-05 05:51:15,960 [DEBUG] [TIME] 9311 balance_sheet: 0.26s
2026-07-05 05:51:16,128 [DEBUG] [TIME] 9311 cashflow: 0.17s
2026-07-05 05:51:16,579 [DEBUG] [TIME] 9311 dividends: 0.45s
2026-07-05 05:51:16,580 [INFO] [DETAIL] 9311 アサガミ: income_stmt=OK, balance_sheet=OK, cashflow=OK, dividends=OK
2026-07-05 05:51:16,580 [INFO] [TIME] 9311 アサガミ 処理時間: 1.27s
2026-07-05 05:51:18,285 [DEBUG] [TIME] 9312 info: 0.19s
2026-07-05 05:51:18,285 [DEBUG] yfinance OK: 9312
2026-07-05 05:51:18,504 [DEBUG] [TIME] 9312 income_stmt: 0.22s
2026-07-05 05:51:18,788 [DEBUG] [TIME] 9312 balance_sheet: 0.28s
2026-07-05 05:51:19,091 [DEBUG] [TIME] 9312 cashflow: 0.30s
2026-07-05 05:51:19,554 [DEBUG] [TIME] 9312 dividends: 0.46s
2026-07-05 05:51:19,555 [INFO] [DETAIL] 9312 ケイヒン: income_stmt=OK, balance_sheet=OK, cashflow=OK, dividends=OK
2026-07-05 05:51:19,555 [INFO] [TIME] 9312 ケイヒン 処理時間: 1.46s
2026-07-05 05:51:21,421 [DEBUG] [TIME] 9313 info: 0.19s
2026-07-05 05:51:21,421 [DEBUG] yfinance OK: 9313
2026-07-05 05:51:21,637 [DEBUG] [TIME] 9313 income_stmt: 0.22s
2026-07-05 05:51:22,014 [DEBUG] [TIME] 9313 balance_sheet: 0.38s
2026-07-05 05:51:22,256 [DEBUG] [TIME] 9313 cashflow: 0.24s
2026-07-05 05:51:22,655 [DEBUG] [TIME] 9313 dividends: 0.40s
2026-07-05 05:51:22,656 [INFO] [DETAIL] 9313 丸八倉庫: income_stmt=OK, balance_sheet=OK, cashflow=OK, dividends=OK
2026-07-05 05:51:22,656 [INFO] [TIME] 9313 丸八倉庫 処理時間: 1.43s
2026-07-05 05:51:24,470 [DEBUG] [TIME] 9319 info: 0.19s
2026-07-05 05:51:24,470 [DEBUG] yfinance OK: 9319
2026-07-05 05:51:24,709 [DEBUG] [TIME] 9319 income_stmt: 0.24s
2026-07-05 05:51:24,926 [DEBUG] [TIME] 9319 balance_sheet: 0.22s
2026-07-05 05:51:25,111 [DEBUG] [TIME] 9319 cashflow: 0.18s
2026-07-05 05:51:25,477 [DEBUG] [TIME] 9319 dividends: 0.37s
2026-07-05 05:51:25,478 [INFO] [DETAIL] 9319 中央倉庫: income_stmt=OK, balance_sheet=OK, cashflow=OK, dividends=OK
2026-07-05 05:51:25,478 [INFO] [TIME] 9319 中央倉庫 処理時間: 1.20s
2026-07-05 05:51:27,484 [DEBUG] [TIME] 9322 info: 0.19s
2026-07-05 05:51:27,485 [DEBUG] yfinance OK: 9322
2026-07-05 05:51:27,732 [DEBUG] [TIME] 9322 income_stmt: 0.25s
2026-07-05 05:51:28,077 [DEBUG] [TIME] 9322 balance_sheet: 0.35s
2026-07-05 05:51:28,297 [DEBUG] [TIME] 9322 cashflow: 0.22s
2026-07-05 05:51:28,807 [DEBUG] [TIME] 9322 dividends: 0.51s
2026-07-05 05:51:28,808 [INFO] [DETAIL] 9322 川西倉庫: income_stmt=OK, balance_sheet=OK, cashflow=OK, dividends=OK
2026-07-05 05:51:28,808 [INFO] [TIME] 9322 川西倉庫 処理時間: 1.51s
2026-07-05 05:51:30,707 [DEBUG] [TIME] 9324 info: 0.22s
2026-07-05 05:51:30,707 [DEBUG] yfinance OK: 9324
2026-07-05 05:51:30,988 [DEBUG] [TIME] 9324 income_stmt: 0.28s
2026-07-05 05:51:31,269 [DEBUG] [TIME] 9324 balance_sheet: 0.28s
2026-07-05 05:51:31,496 [DEBUG] [TIME] 9324 cashflow: 0.23s
2026-07-05 05:51:31,828 [DEBUG] [TIME] 9324 dividends: 0.33s
2026-07-05 05:51:31,829 [INFO] [DETAIL] 9324 安田倉庫: income_stmt=OK, balance_sheet=OK, cashflow=OK, dividends=OK
2026-07-05 05:51:31,829 [INFO] [TIME] 9324 安田倉庫 処理時間: 1.34s
2026-07-05 05:51:33,158 [DEBUG] [TIME] 9325 info: 0.19s
2026-07-05 05:51:33,158 [DEBUG] yfinance OK: 9325
2026-07-05 05:51:33,413 [DEBUG] [TIME] 9325 income_stmt: 0.26s
2026-07-05 05:51:33,706 [DEBUG] [TIME] 9325 balance_sheet: 0.29s
2026-07-05 05:51:33,910 [DEBUG] [TIME] 9325 cashflow: 0.20s
2026-07-05 05:51:34,130 [DEBUG] [TIME] 9325 dividends: 0.22s
2026-07-05 05:51:34,131 [INFO] [DETAIL] 9325 ファイズホールディングス: income_stmt=OK, balance_sheet=OK, cashflow=OK, dividends=OK
2026-07-05 05:51:34,131 [INFO] [TIME] 9325 ファイズホールディングス 処理時間: 1.16s
2026-07-05 05:51:35,701 [DEBUG] [TIME] 9326 info: 0.19s
2026-07-05 05:51:35,701 [DEBUG] yfinance OK: 9326
2026-07-05 05:51:35,943 [DEBUG] [TIME] 9326 income_stmt: 0.24s
2026-07-05 05:51:36,317 [DEBUG] [TIME] 9326 balance_sheet: 0.37s
2026-07-05 05:51:36,532 [DEBUG] [TIME] 9326 cashflow: 0.21s
2026-07-05 05:51:36,729 [DEBUG] [TIME] 9326 dividends: 0.20s
2026-07-05 05:51:36,730 [INFO] [DETAIL] 9326 関通ホールディングス: income_stmt=OK, balance_sheet=OK, cashflow=OK, dividends=OK
2026-07-05 05:51:36,730 [INFO] [TIME] 9326 関通ホールディングス 処理時間: 1.22s
2026-07-05 05:51:38,550 [DEBUG] [TIME] 9327 info: 0.26s
2026-07-05 05:51:38,550 [DEBUG] yfinance OK: 9327
2026-07-05 05:51:38,763 [DEBUG] [TIME] 9327 income_stmt: 0.21s
2026-07-05 05:51:39,000 [DEBUG] [TIME] 9327 balance_sheet: 0.24s
2026-07-05 05:51:39,252 [DEBUG] [TIME] 9327 cashflow: 0.25s
2026-07-05 05:51:39,485 [DEBUG] [TIME] 9327 dividends: 0.23s
2026-07-05 05:51:39,486 [INFO] [DETAIL] 9327 イー・ロジット: income_stmt=OK, balance_sheet=OK, cashflow=OK, dividends=OK
2026-07-05 05:51:39,486 [INFO] [TIME] 9327 イー・ロジット 処理時間: 1.19s
2026-07-05 05:51:40,925 [DEBUG] [TIME] 9330 info: 0.19s
2026-07-05 05:51:40,925 [DEBUG] yfinance OK: 9330
2026-07-05 05:51:41,193 [DEBUG] [TIME] 9330 income_stmt: 0.27s
2026-07-05 05:51:41,468 [DEBUG] [TIME] 9330 balance_sheet: 0.27s
2026-07-05 05:51:41,662 [DEBUG] [TIME] 9330 cashflow: 0.19s
2026-07-05 05:51:41,809 [DEBUG] [TIME] 9330 dividends: 0.15s
2026-07-05 05:51:41,810 [INFO] [DETAIL] 9330 揚羽: income_stmt=OK, balance_sheet=OK, cashflow=OK, dividends=EMPTY
2026-07-05 05:51:41,810 [INFO] [TIME] 9330 揚羽 処理時間: 1.08s
2026-07-05 05:51:43,012 [DEBUG] [TIME] 9331 info: 0.19s
2026-07-05 05:51:43,012 [DEBUG] yfinance OK: 9331
2026-07-05 05:51:43,254 [DEBUG] [TIME] 9331 income_stmt: 0.24s
2026-07-05 05:51:43,520 [DEBUG] [TIME] 9331 balance_sheet: 0.27s
2026-07-05 05:51:43,803 [DEBUG] [TIME] 9331 cashflow: 0.28s
2026-07-05 05:51:43,971 [DEBUG] [TIME] 9331 dividends: 0.17s
2026-07-05 05:51:43,971 [INFO] [DETAIL] 9331 キャスター: income_stmt=OK, balance_sheet=OK, cashflow=OK, dividends=EMPTY
2026-07-05 05:51:43,971 [INFO] [TIME] 9331 キャスター 処理時間: 1.14s
2026-07-05 05:51:45,844 [DEBUG] [TIME] 9332 info: 0.19s
2026-07-05 05:51:45,845 [DEBUG] yfinance OK: 9332
2026-07-05 05:51:46,041 [DEBUG] [TIME] 9332 income_stmt: 0.20s
2026-07-05 05:51:46,306 [DEBUG] [TIME] 9332 balance_sheet: 0.26s
2026-07-05 05:51:46,490 [DEBUG] [TIME] 9332 cashflow: 0.18s
2026-07-05 05:51:46,739 [DEBUG] [TIME] 9332 dividends: 0.25s
2026-07-05 05:51:46,740 [INFO] [DETAIL] 9332 ＮＩＳＳＯホールディングス: income_stmt=OK, balance_sheet=OK, cashflow=OK, dividends=OK
2026-07-05 05:51:46,740 [INFO] [TIME] 9332 ＮＩＳＳＯホールディングス 処理時間: 1.09s
2026-07-05 05:51:49,027 [DEBUG] [TIME] 9336 info: 0.33s
2026-07-05 05:51:49,027 [DEBUG] yfinance OK: 9336
2026-07-05 05:51:49,231 [DEBUG] [TIME] 9336 income_stmt: 0.20s
2026-07-05 05:51:49,521 [DEBUG] [TIME] 9336 balance_sheet: 0.29s
2026-07-05 05:51:49,718 [DEBUG] [TIME] 9336 cashflow: 0.20s
2026-07-05 05:51:49,930 [DEBUG] [TIME] 9336 dividends: 0.21s
2026-07-05 05:51:49,931 [INFO] [DETAIL] 9336 大栄環境: income_stmt=OK, balance_sheet=OK, cashflow=OK, dividends=OK
2026-07-05 05:51:49,932 [INFO] [TIME] 9336 大栄環境 処理時間: 1.23s
2026-07-05 05:51:51,700 [DEBUG] [TIME] 9337 info: 0.19s
2026-07-05 05:51:51,700 [DEBUG] yfinance OK: 9337
2026-07-05 05:51:51,909 [DEBUG] [TIME] 9337 income_stmt: 0.21s
2026-07-05 05:51:52,165 [DEBUG] [TIME] 9337 balance_sheet: 0.26s
2026-07-05 05:51:52,440 [DEBUG] [TIME] 9337 cashflow: 0.27s
2026-07-05 05:51:52,582 [DEBUG] [TIME] 9337 dividends: 0.14s
2026-07-05 05:51:52,583 [INFO] [DETAIL] 9337 トリドリ: income_stmt=OK, balance_sheet=OK, cashflow=OK, dividends=EMPTY
2026-07-05 05:51:52,583 [INFO] [TIME] 9337 トリドリ 処理時間: 1.08s
2026-07-05 05:51:53,875 [DEBUG] [TIME] 9338 info: 0.20s
2026-07-05 05:51:53,875 [WARNING] yfinance データなし: 9338
2026-07-05 05:51:53,875 [INFO] [TIME] 9338 ＩＮＦＯＲＩＣＨ 処理時間: 0.20s
2026-07-05 05:51:55,293 [DEBUG] [TIME] 9339 info: 0.22s
2026-07-05 05:51:55,293 [DEBUG] yfinance OK: 9339
2026-07-05 05:51:55,524 [DEBUG] [TIME] 9339 income_stmt: 0.23s
2026-07-05 05:51:55,777 [DEBUG] [TIME] 9339 balance_sheet: 0.25s
2026-07-05 05:51:56,043 [DEBUG] [TIME] 9339 cashflow: 0.26s
2026-07-05 05:51:56,261 [DEBUG] [TIME] 9339 dividends: 0.22s
2026-07-05 05:51:56,262 [INFO] [DETAIL] 9339 コーチ・エィ: income_stmt=OK, balance_sheet=OK, cashflow=OK, dividends=OK
2026-07-05 05:51:56,262 [INFO] [TIME] 9339 コーチ・エィ 処理時間: 1.19s
2026-07-05 05:51:57,891 [DEBUG] [TIME] 9340 info: 0.21s
2026-07-05 05:51:57,891 [DEBUG] yfinance OK: 9340
2026-07-05 05:51:58,072 [DEBUG] [TIME] 9340 income_stmt: 0.18s
2026-07-05 05:51:58,259 [DEBUG] [TIME] 9340 balance_sheet: 0.19s
2026-07-05 05:51:58,523 [DEBUG] [TIME] 9340 cashflow: 0.26s
2026-07-05 05:51:58,809 [DEBUG] [TIME] 9340 dividends: 0.29s
2026-07-05 05:51:58,810 [INFO] [DETAIL] 9340 アソインターナショナル: income_stmt=OK, balance_sheet=OK, cashflow=OK, dividends=OK
2026-07-05 05:51:58,810 [INFO] [TIME] 9340 アソインターナショナル 処理時間: 1.13s
2026-07-05 05:52:00,212 [DEBUG] [TIME] 9341 info: 0.23s
2026-07-05 05:52:00,212 [DEBUG] yfinance OK: 9341
2026-07-05 05:52:00,463 [DEBUG] [TIME] 9341 income_stmt: 0.25s
2026-07-05 05:52:00,835 [DEBUG] [TIME] 9341 balance_sheet: 0.37s
2026-07-05 05:52:01,122 [DEBUG] [TIME] 9341 cashflow: 0.29s
2026-07-05 05:52:01,279 [DEBUG] [TIME] 9341 dividends: 0.16s
2026-07-05 05:52:01,280 [INFO] [DETAIL] 9341 ＧＥＮＯＶＡ: income_stmt=OK, balance_sheet=OK, cashflow=OK, dividends=OK
2026-07-05 05:52:01,280 [INFO] [TIME] 9341 ＧＥＮＯＶＡ 処理時間: 1.30s
2026-07-05 05:52:02,649 [DEBUG] [TIME] 9342 info: 0.19s
2026-07-05 05:52:02,649 [DEBUG] yfinance OK: 9342
2026-07-05 05:52:02,882 [DEBUG] [TIME] 9342 income_stmt: 0.23s
2026-07-05 05:52:03,122 [DEBUG] [TIME] 9342 balance_sheet: 0.24s
2026-07-05 05:52:03,339 [DEBUG] [TIME] 9342 cashflow: 0.22s
2026-07-05 05:52:03,543 [DEBUG] [TIME] 9342 dividends: 0.20s
2026-07-05 05:52:03,543 [INFO] [DETAIL] 9342 スマサポ: income_stmt=OK, balance_sheet=OK, cashflow=OK, dividends=EMPTY
2026-07-05 05:52:03,543 [INFO] [TIME] 9342 スマサポ 処理時間: 1.09s
2026-07-05 05:52:04,948 [DEBUG] [TIME] 9343 info: 0.20s
2026-07-05 05:52:04,948 [DEBUG] yfinance OK: 9343
2026-07-05 05:52:05,176 [DEBUG] [TIME] 9343 income_stmt: 0.23s
2026-07-05 05:52:05,489 [DEBUG] [TIME] 9343 balance_sheet: 0.31s
2026-07-05 05:52:05,753 [DEBUG] [TIME] 9343 cashflow: 0.26s
2026-07-05 05:52:06,039 [DEBUG] [TIME] 9343 dividends: 0.29s
2026-07-05 05:52:06,040 [INFO] [DETAIL] 9343 アイビス: income_stmt=OK, balance_sheet=OK, cashflow=OK, dividends=OK
2026-07-05 05:52:06,041 [INFO] [TIME] 9343 アイビス 処理時間: 1.29s
2026-07-05 05:52:08,144 [DEBUG] [TIME] 9344 info: 0.21s
2026-07-05 05:52:08,144 [DEBUG] yfinance OK: 9344
2026-07-05 05:52:08,326 [DEBUG] [TIME] 9344 income_stmt: 0.18s
2026-07-05 05:52:08,671 [DEBUG] [TIME] 9344 balance_sheet: 0.34s
2026-07-05 05:52:08,844 [DEBUG] [TIME] 9344 cashflow: 0.17s
2026-07-05 05:52:08,996 [DEBUG] [TIME] 9344 dividends: 0.15s
2026-07-05 05:52:08,997 [INFO] [DETAIL] 9344 アクシスコンサルティング: income_stmt=OK, balance_sheet=OK, cashflow=OK, dividends=OK
2026-07-05 05:52:08,997 [INFO] [TIME] 9344 アクシスコンサルティング 処理時間: 1.06s
2026-07-05 05:52:10,946 [DEBUG] [TIME] 9345 info: 0.19s
2026-07-05 05:52:10,946 [DEBUG] yfinance OK: 9345
2026-07-05 05:52:11,180 [DEBUG] [TIME] 9345 income_stmt: 0.23s
2026-07-05 05:52:11,402 [DEBUG] [TIME] 9345 balance_sheet: 0.22s
2026-07-05 05:52:11,612 [DEBUG] [TIME] 9345 cashflow: 0.21s
2026-07-05 05:52:11,829 [DEBUG] [TIME] 9345 dividends: 0.22s
2026-07-05 05:52:11,830 [INFO] [DETAIL] 9345 ビズメイツ: income_stmt=OK, balance_sheet=OK, cashflow=OK, dividends=OK
2026-07-05 05:52:11,830 [INFO] [TIME] 9345 ビズメイツ 処理時間: 1.07s
2026-07-05 05:52:13,519 [DEBUG] [TIME] 9346 info: 0.26s
2026-07-05 05:52:13,520 [DEBUG] yfinance OK: 9346
2026-07-05 05:52:13,756 [DEBUG] [TIME] 9346 income_stmt: 0.24s
2026-07-05 05:52:14,065 [DEBUG] [TIME] 9346 balance_sheet: 0.31s
2026-07-05 05:52:14,282 [DEBUG] [TIME] 9346 cashflow: 0.22s
2026-07-05 05:52:14,459 [DEBUG] [TIME] 9346 dividends: 0.18s
2026-07-05 05:52:14,460 [INFO] [DETAIL] 9346 ココルポート: income_stmt=OK, balance_sheet=OK, cashflow=OK, dividends=OK
2026-07-05 05:52:14,460 [INFO] [TIME] 9346 ココルポート 処理時間: 1.20s
2026-07-05 05:52:15,951 [DEBUG] [TIME] 9347 info: 0.19s
2026-07-05 05:52:15,951 [DEBUG] yfinance OK: 9347
2026-07-05 05:52:16,150 [DEBUG] [TIME] 9347 income_stmt: 0.20s
2026-07-05 05:52:16,361 [DEBUG] [TIME] 9347 balance_sheet: 0.21s
2026-07-05 05:52:16,525 [DEBUG] [TIME] 9347 cashflow: 0.16s
2026-07-05 05:52:16,979 [DEBUG] [TIME] 9347 dividends: 0.45s
2026-07-05 05:52:16,980 [INFO] [DETAIL] 9347 日本管財ホールディングス: income_stmt=OK, balance_sheet=OK, cashflow=OK, dividends=OK
2026-07-05 05:52:16,981 [INFO] [TIME] 9347 日本管財ホールディングス 処理時間: 1.22s
2026-07-05 05:52:18,766 [DEBUG] [TIME] 9348 info: 0.20s
2026-07-05 05:52:18,766 [DEBUG] yfinance OK: 9348
2026-07-05 05:52:18,982 [DEBUG] [TIME] 9348 income_stmt: 0.22s
2026-07-05 05:52:19,283 [DEBUG] [TIME] 9348 balance_sheet: 0.30s
2026-07-05 05:52:19,570 [DEBUG] [TIME] 9348 cashflow: 0.29s
2026-07-05 05:52:19,748 [DEBUG] [TIME] 9348 dividends: 0.18s
2026-07-05 05:52:19,748 [INFO] [DETAIL] 9348 ｉｓｐａｃｅ: income_stmt=OK, balance_sheet=OK, cashflow=OK, dividends=EMPTY
2026-07-05 05:52:19,748 [INFO] [TIME] 9348 ｉｓｐａｃｅ 処理時間: 1.18s
2026-07-05 05:52:21,301 [DEBUG] [TIME] 9351 info: 0.26s
2026-07-05 05:52:21,301 [DEBUG] yfinance OK: 9351
2026-07-05 05:52:21,499 [DEBUG] [TIME] 9351 income_stmt: 0.20s
2026-07-05 05:52:21,752 [DEBUG] [TIME] 9351 balance_sheet: 0.25s
2026-07-05 05:52:21,936 [DEBUG] [TIME] 9351 cashflow: 0.18s
2026-07-05 05:52:22,285 [DEBUG] [TIME] 9351 dividends: 0.35s
2026-07-05 05:52:22,286 [INFO] [DETAIL] 9351 東洋埠頭: income_stmt=OK, balance_sheet=OK, cashflow=OK, dividends=OK
2026-07-05 05:52:22,286 [INFO] [TIME] 9351 東洋埠頭 処理時間: 1.24s
2026-07-05 05:52:24,244 [DEBUG] [TIME] 9353 info: 0.19s
2026-07-05 05:52:24,244 [DEBUG] yfinance OK: 9353
2026-07-05 05:52:24,489 [DEBUG] [TIME] 9353 income_stmt: 0.25s
2026-07-05 05:52:24,771 [DEBUG] [TIME] 9353 balance_sheet: 0.28s
2026-07-05 05:52:24,974 [DEBUG] [TIME] 9353 cashflow: 0.20s
2026-07-05 05:52:25,404 [DEBUG] [TIME] 9353 dividends: 0.43s
2026-07-05 05:52:25,405 [INFO] [DETAIL] 9353 櫻島埠頭: income_stmt=OK, balance_sheet=OK, cashflow=OK, dividends=OK
2026-07-05 05:52:25,405 [INFO] [TIME] 9353 櫻島埠頭 処理時間: 1.35s
2026-07-05 05:52:27,172 [DEBUG] [TIME] 9355 info: 0.26s
2026-07-05 05:52:27,173 [DEBUG] yfinance OK: 9355
2026-07-05 05:52:27,347 [DEBUG] [TIME] 9355 income_stmt: 0.17s
2026-07-05 05:52:27,659 [DEBUG] [TIME] 9355 balance_sheet: 0.31s
2026-07-05 05:52:27,989 [DEBUG] [TIME] 9355 cashflow: 0.33s
2026-07-05 05:52:28,364 [DEBUG] [TIME] 9355 dividends: 0.37s
2026-07-05 05:52:28,365 [INFO] [DETAIL] 9355 リンコーコーポレーション: income_stmt=OK, balance_sheet=OK, cashflow=OK, dividends=OK
2026-07-05 05:52:28,365 [INFO] [TIME] 9355 リンコーコーポレーション 処理時間: 1.45s
2026-07-05 05:52:30,568 [DEBUG] [TIME] 9360 info: 0.21s
2026-07-05 05:52:30,569 [DEBUG] yfinance OK: 9360
2026-07-05 05:52:30,800 [DEBUG] [TIME] 9360 income_stmt: 0.23s
2026-07-05 05:52:31,074 [DEBUG] [TIME] 9360 balance_sheet: 0.27s
2026-07-05 05:52:31,287 [DEBUG] [TIME] 9360 cashflow: 0.21s
2026-07-05 05:52:31,719 [DEBUG] [TIME] 9360 dividends: 0.43s
2026-07-05 05:52:31,721 [INFO] [DETAIL] 9360 鈴与シンワート: income_stmt=OK, balance_sheet=OK, cashflow=OK, dividends=OK
2026-07-05 05:52:31,721 [INFO] [TIME] 9360 鈴与シンワート 処理時間: 1.36s
2026-07-05 05:52:33,532 [DEBUG] [TIME] 9361 info: 0.26s
2026-07-05 05:52:33,532 [DEBUG] yfinance OK: 9361
2026-07-05 05:52:33,789 [DEBUG] [TIME] 9361 income_stmt: 0.26s
2026-07-05 05:52:34,074 [DEBUG] [TIME] 9361 balance_sheet: 0.28s
2026-07-05 05:52:34,271 [DEBUG] [TIME] 9361 cashflow: 0.20s
2026-07-05 05:52:34,617 [DEBUG] [TIME] 9361 dividends: 0.35s
2026-07-05 05:52:34,618 [INFO] [DETAIL] 9361 伏木海陸運送: income_stmt=OK, balance_sheet=OK, cashflow=OK, dividends=OK
2026-07-05 05:52:34,618 [INFO] [TIME] 9361 伏木海陸運送 処理時間: 1.35s
2026-07-05 05:52:36,584 [DEBUG] [TIME] 9362 info: 0.19s
2026-07-05 05:52:36,584 [DEBUG] yfinance OK: 9362
2026-07-05 05:52:36,808 [DEBUG] [TIME] 9362 income_stmt: 0.22s
2026-07-05 05:52:37,097 [DEBUG] [TIME] 9362 balance_sheet: 0.29s
2026-07-05 05:52:37,328 [DEBUG] [TIME] 9362 cashflow: 0.23s
2026-07-05 05:52:37,747 [DEBUG] [TIME] 9362 dividends: 0.42s
2026-07-05 05:52:37,748 [INFO] [DETAIL] 9362 兵機海運: income_stmt=OK, balance_sheet=OK, cashflow=OK, dividends=OK
2026-07-05 05:52:37,748 [INFO] [TIME] 9362 兵機海運 処理時間: 1.36s
2026-07-05 05:52:39,529 [DEBUG] [TIME] 9363 info: 0.20s
2026-07-05 05:52:39,529 [DEBUG] yfinance OK: 9363
2026-07-05 05:52:39,846 [DEBUG] [TIME] 9363 income_stmt: 0.32s
2026-07-05 05:52:40,122 [DEBUG] [TIME] 9363 balance_sheet: 0.28s
2026-07-05 05:52:40,339 [DEBUG] [TIME] 9363 cashflow: 0.22s
2026-07-05 05:52:40,648 [DEBUG] [TIME] 9363 dividends: 0.31s
2026-07-05 05:52:40,649 [INFO] [DETAIL] 9363 大運: income_stmt=OK, balance_sheet=OK, cashflow=OK, dividends=OK
2026-07-05 05:52:40,649 [INFO] [TIME] 9363 大運 処理時間: 1.32s
2026-07-05 05:52:42,506 [DEBUG] [TIME] 9364 info: 0.19s
2026-07-05 05:52:42,506 [DEBUG] yfinance OK: 9364
2026-07-05 05:52:42,805 [DEBUG] [TIME] 9364 income_stmt: 0.30s
2026-07-05 05:52:43,057 [DEBUG] [TIME] 9364 balance_sheet: 0.25s
2026-07-05 05:52:43,250 [DEBUG] [TIME] 9364 cashflow: 0.19s
2026-07-05 05:52:43,699 [DEBUG] [TIME] 9364 dividends: 0.45s
2026-07-05 05:52:43,700 [INFO] [DETAIL] 9364 上組: income_stmt=OK, balance_sheet=OK, cashflow=OK, dividends=OK
2026-07-05 05:52:43,700 [INFO] [TIME] 9364 上組 処理時間: 1.39s
2026-07-05 05:52:45,077 [DEBUG] [TIME] 9365 info: 0.20s
2026-07-05 05:52:45,077 [DEBUG] yfinance OK: 9365
2026-07-05 05:52:45,298 [DEBUG] [TIME] 9365 income_stmt: 0.22s
2026-07-05 05:52:45,488 [DEBUG] [TIME] 9365 balance_sheet: 0.19s
2026-07-05 05:52:45,729 [DEBUG] [TIME] 9365 cashflow: 0.24s
2026-07-05 05:52:46,167 [DEBUG] [TIME] 9365 dividends: 0.44s
2026-07-05 05:52:46,168 [INFO] [DETAIL] 9365 トレーディア: income_stmt=OK, balance_sheet=OK, cashflow=OK, dividends=OK
2026-07-05 05:52:46,168 [INFO] [TIME] 9365 トレーディア 処理時間: 1.29s
2026-07-05 05:52:47,558 [DEBUG] [TIME] 9366 info: 0.19s
2026-07-05 05:52:47,558 [DEBUG] yfinance OK: 9366
2026-07-05 05:52:47,773 [DEBUG] [TIME] 9366 income_stmt: 0.21s
2026-07-05 05:52:48,144 [DEBUG] [TIME] 9366 balance_sheet: 0.37s
2026-07-05 05:52:48,329 [DEBUG] [TIME] 9366 cashflow: 0.18s
2026-07-05 05:52:48,754 [DEBUG] [TIME] 9366 dividends: 0.43s
2026-07-05 05:52:48,755 [INFO] [DETAIL] 9366 サンリツ: income_stmt=OK, balance_sheet=OK, cashflow=OK, dividends=OK
2026-07-05 05:52:48,755 [INFO] [TIME] 9366 サンリツ 処理時間: 1.39s
2026-07-05 05:52:50,837 [DEBUG] [TIME] 9367 info: 0.19s
2026-07-05 05:52:50,838 [DEBUG] yfinance OK: 9367
2026-07-05 05:52:51,099 [DEBUG] [TIME] 9367 income_stmt: 0.26s
2026-07-05 05:52:51,402 [DEBUG] [TIME] 9367 balance_sheet: 0.30s
2026-07-05 05:52:51,664 [DEBUG] [TIME] 9367 cashflow: 0.26s
2026-07-05 05:52:52,017 [DEBUG] [TIME] 9367 dividends: 0.35s
2026-07-05 05:52:52,018 [INFO] [DETAIL] 9367 大東港運: income_stmt=OK, balance_sheet=OK, cashflow=OK, dividends=OK
2026-07-05 05:52:52,018 [INFO] [TIME] 9367 大東港運 処理時間: 1.37s
2026-07-05 05:52:53,786 [DEBUG] [TIME] 9368 info: 0.20s
2026-07-05 05:52:53,786 [DEBUG] yfinance OK: 9368
2026-07-05 05:52:54,097 [DEBUG] [TIME] 9368 income_stmt: 0.31s
2026-07-05 05:52:54,403 [DEBUG] [TIME] 9368 balance_sheet: 0.31s
2026-07-05 05:52:54,633 [DEBUG] [TIME] 9368 cashflow: 0.23s
2026-07-05 05:52:55,106 [DEBUG] [TIME] 9368 dividends: 0.47s
2026-07-05 05:52:55,107 [INFO] [DETAIL] 9368 キムラユニティー: income_stmt=OK, balance_sheet=OK, cashflow=OK, dividends=OK
2026-07-05 05:52:55,107 [INFO] [TIME] 9368 キムラユニティー 処理時間: 1.52s
2026-07-05 05:52:56,964 [DEBUG] [TIME] 9369 info: 0.26s
2026-07-05 05:52:56,964 [DEBUG] yfinance OK: 9369
2026-07-05 05:52:57,212 [DEBUG] [TIME] 9369 income_stmt: 0.25s
2026-07-05 05:52:57,477 [DEBUG] [TIME] 9369 balance_sheet: 0.26s
2026-07-05 05:52:57,721 [DEBUG] [TIME] 9369 cashflow: 0.24s
2026-07-05 05:52:58,060 [DEBUG] [TIME] 9369 dividends: 0.34s
2026-07-05 05:52:58,061 [INFO] [DETAIL] 9369 キユーソー流通システム: income_stmt=OK, balance_sheet=OK, cashflow=OK, dividends=OK
2026-07-05 05:52:58,061 [INFO] [TIME] 9369 キユーソー流通システム 処理時間: 1.35s
2026-07-05 05:52:59,364 [DEBUG] [TIME] 9376 info: 0.19s
2026-07-05 05:52:59,364 [DEBUG] yfinance OK: 9376
2026-07-05 05:52:59,593 [DEBUG] [TIME] 9376 income_stmt: 0.23s
2026-07-05 05:52:59,845 [DEBUG] [TIME] 9376 balance_sheet: 0.25s
2026-07-05 05:53:00,072 [DEBUG] [TIME] 9376 cashflow: 0.23s
2026-07-05 05:53:00,481 [DEBUG] [TIME] 9376 dividends: 0.41s
2026-07-05 05:53:00,482 [INFO] [DETAIL] 9376 ユーラシア旅行社: income_stmt=OK, balance_sheet=OK, cashflow=OK, dividends=OK
2026-07-05 05:53:00,482 [INFO] [TIME] 9376 ユーラシア旅行社 処理時間: 1.31s
2026-07-05 05:53:02,618 [DEBUG] [TIME] 9380 info: 0.19s
2026-07-05 05:53:02,618 [DEBUG] yfinance OK: 9380
2026-07-05 05:53:02,861 [DEBUG] [TIME] 9380 income_stmt: 0.24s
2026-07-05 05:53:03,096 [DEBUG] [TIME] 9380 balance_sheet: 0.24s
2026-07-05 05:53:03,354 [DEBUG] [TIME] 9380 cashflow: 0.26s
2026-07-05 05:53:03,664 [DEBUG] [TIME] 9380 dividends: 0.31s
2026-07-05 05:53:03,665 [INFO] [DETAIL] 9380 東海運: income_stmt=OK, balance_sheet=OK, cashflow=OK, dividends=OK
2026-07-05 05:53:03,665 [INFO] [TIME] 9380 東海運 処理時間: 1.24s
2026-07-05 05:53:05,515 [DEBUG] [TIME] 9381 info: 0.26s
2026-07-05 05:53:05,516 [DEBUG] yfinance OK: 9381
2026-07-05 05:53:05,791 [DEBUG] [TIME] 9381 income_stmt: 0.28s
2026-07-05 05:53:05,985 [DEBUG] [TIME] 9381 balance_sheet: 0.19s
2026-07-05 05:53:06,169 [DEBUG] [TIME] 9381 cashflow: 0.18s
2026-07-05 05:53:06,483 [DEBUG] [TIME] 9381 dividends: 0.31s
2026-07-05 05:53:06,484 [INFO] [DETAIL] 9381 エーアイテイー: income_stmt=OK, balance_sheet=OK, cashflow=OK, dividends=OK
2026-07-05 05:53:06,484 [INFO] [TIME] 9381 エーアイテイー 処理時間: 1.22s
2026-07-05 05:53:08,099 [DEBUG] [TIME] 9385 info: 0.19s
2026-07-05 05:53:08,099 [DEBUG] yfinance OK: 9385
2026-07-05 05:53:08,309 [DEBUG] [TIME] 9385 income_stmt: 0.21s
2026-07-05 05:53:08,584 [DEBUG] [TIME] 9385 balance_sheet: 0.27s
2026-07-05 05:53:08,826 [DEBUG] [TIME] 9385 cashflow: 0.24s
2026-07-05 05:53:09,160 [DEBUG] [TIME] 9385 dividends: 0.33s
2026-07-05 05:53:09,161 [INFO] [DETAIL] 9385 ショーエイコーポレーション: income_stmt=OK, balance_sheet=OK, cashflow=OK, dividends=OK
2026-07-05 05:53:09,161 [INFO] [TIME] 9385 ショーエイコーポレーション 処理時間: 1.25s
2026-07-05 05:53:11,159 [DEBUG] [TIME] 9401 info: 0.20s
2026-07-05 05:53:11,159 [DEBUG] yfinance OK: 9401
2026-07-05 05:53:11,342 [DEBUG] [TIME] 9401 income_stmt: 0.18s
2026-07-05 05:53:11,696 [DEBUG] [TIME] 9401 balance_sheet: 0.35s
2026-07-05 05:53:11,893 [DEBUG] [TIME] 9401 cashflow: 0.20s
2026-07-05 05:53:12,329 [DEBUG] [TIME] 9401 dividends: 0.44s
2026-07-05 05:53:12,330 [INFO] [DETAIL] 9401 ＴＢＳホールディングス: income_stmt=OK, balance_sheet=OK, cashflow=OK, dividends=OK
2026-07-05 05:53:12,330 [INFO] [TIME] 9401 ＴＢＳホールディングス 処理時間: 1.37s
2026-07-05 05:53:14,444 [DEBUG] [TIME] 9404 info: 0.20s
2026-07-05 05:53:14,445 [DEBUG] yfinance OK: 9404
2026-07-05 05:53:14,679 [DEBUG] [TIME] 9404 income_stmt: 0.23s
2026-07-05 05:53:14,919 [DEBUG] [TIME] 9404 balance_sheet: 0.24s
2026-07-05 05:53:15,102 [DEBUG] [TIME] 9404 cashflow: 0.18s
2026-07-05 05:53:15,570 [DEBUG] [TIME] 9404 dividends: 0.47s
2026-07-05 05:53:15,571 [INFO] [DETAIL] 9404 日本テレビホールディングス: income_stmt=OK, balance_sheet=OK, cashflow=OK, dividends=OK
2026-07-05 05:53:15,571 [INFO] [TIME] 9404 日本テレビホールディングス 処理時間: 1.33s
2026-07-05 05:53:17,642 [DEBUG] [TIME] 9405 info: 0.19s
2026-07-05 05:53:17,642 [DEBUG] yfinance OK: 9405
2026-07-05 05:53:17,862 [DEBUG] [TIME] 9405 income_stmt: 0.22s
2026-07-05 05:53:18,086 [DEBUG] [TIME] 9405 balance_sheet: 0.22s
2026-07-05 05:53:18,279 [DEBUG] [TIME] 9405 cashflow: 0.19s
2026-07-05 05:53:18,726 [DEBUG] [TIME] 9405 dividends: 0.45s
2026-07-05 05:53:18,727 [INFO] [DETAIL] 9405 朝日放送グループホールディングス: income_stmt=OK, balance_sheet=OK, cashflow=OK, dividends=OK
2026-07-05 05:53:18,727 [INFO] [TIME] 9405 朝日放送グループホールディングス 処理時間: 1.28s
2026-07-05 05:53:20,137 [DEBUG] [TIME] 9408 info: 0.19s
2026-07-05 05:53:20,138 [DEBUG] yfinance OK: 9408
2026-07-05 05:53:20,362 [DEBUG] [TIME] 9408 income_stmt: 0.22s
2026-07-05 05:53:20,656 [DEBUG] [TIME] 9408 balance_sheet: 0.29s
2026-07-05 05:53:20,851 [DEBUG] [TIME] 9408 cashflow: 0.19s
2026-07-05 05:53:21,331 [DEBUG] [TIME] 9408 dividends: 0.48s
2026-07-05 05:53:21,332 [INFO] [DETAIL] 9408 ＢＳＮメディアホールディングス: income_stmt=OK, balance_sheet=OK, cashflow=OK, dividends=OK
2026-07-05 05:53:21,333 [INFO] [TIME] 9408 ＢＳＮメディアホールディングス 処理時間: 1.39s
2026-07-05 05:53:23,146 [DEBUG] [TIME] 9409 info: 0.21s
2026-07-05 05:53:23,146 [DEBUG] yfinance OK: 9409
2026-07-05 05:53:23,366 [DEBUG] [TIME] 9409 income_stmt: 0.22s
2026-07-05 05:53:23,632 [DEBUG] [TIME] 9409 balance_sheet: 0.26s
2026-07-05 05:53:23,816 [DEBUG] [TIME] 9409 cashflow: 0.18s
2026-07-05 05:53:24,161 [DEBUG] [TIME] 9409 dividends: 0.34s
2026-07-05 05:53:24,163 [INFO] [DETAIL] 9409 テレビ朝日ホールディングス: income_stmt=OK, balance_sheet=OK, cashflow=OK, dividends=OK
2026-07-05 05:53:24,163 [INFO] [TIME] 9409 テレビ朝日ホールディングス 処理時間: 1.22s
2026-07-05 05:53:26,115 [DEBUG] [TIME] 9412 info: 0.20s
2026-07-05 05:53:26,115 [DEBUG] yfinance OK: 9412
2026-07-05 05:53:26,349 [DEBUG] [TIME] 9412 income_stmt: 0.23s
2026-07-05 05:53:26,664 [DEBUG] [TIME] 9412 balance_sheet: 0.31s
2026-07-05 05:53:26,839 [DEBUG] [TIME] 9412 cashflow: 0.17s
2026-07-05 05:53:27,257 [DEBUG] [TIME] 9412 dividends: 0.42s
2026-07-05 05:53:27,258 [INFO] [DETAIL] 9412 スカパーＪＳＡＴ: income_stmt=OK, balance_sheet=OK, cashflow=OK, dividends=OK
2026-07-05 05:53:27,258 [INFO] [TIME] 9412 スカパーＪＳＡＴ 処理時間: 1.34s
2026-07-05 05:53:29,221 [DEBUG] [TIME] 9413 info: 0.20s
2026-07-05 05:53:29,222 [DEBUG] yfinance OK: 9413
2026-07-05 05:53:29,424 [DEBUG] [TIME] 9413 income_stmt: 0.20s
2026-07-05 05:53:29,735 [DEBUG] [TIME] 9413 balance_sheet: 0.31s
2026-07-05 05:53:29,992 [DEBUG] [TIME] 9413 cashflow: 0.26s
2026-07-05 05:53:30,291 [DEBUG] [TIME] 9413 dividends: 0.30s
2026-07-05 05:53:30,292 [INFO] [DETAIL] 9413 テレビ東京ホールディングス: income_stmt=OK, balance_sheet=OK, cashflow=OK, dividends=OK
2026-07-05 05:53:30,292 [INFO] [TIME] 9413 テレビ東京ホールディングス 処理時間: 1.27s
2026-07-05 05:53:31,436 [INFO] === 実行完了 (yf=498, warns=55, 総実行時間=23分28.3秒) ===
