2026-07-05 02:35:47,175 [INFO] === 実行開始 (500銘柄) ===
2026-07-05 02:35:47,553 [DEBUG] [TIME] 3900 info: 0.38s
2026-07-05 02:35:47,553 [DEBUG] yfinance OK: 3900
2026-07-05 02:35:47,781 [DEBUG] [TIME] 3900 income_stmt: 0.23s
2026-07-05 02:35:48,085 [DEBUG] [TIME] 3900 balance_sheet: 0.30s
2026-07-05 02:35:48,340 [DEBUG] [TIME] 3900 cashflow: 0.25s
2026-07-05 02:35:48,479 [DEBUG] [TIME] 3900 dividends: 0.14s
2026-07-05 02:35:48,480 [INFO] [DETAIL] 3900 クラウドワークス: income_stmt=OK, balance_sheet=OK, cashflow=OK, dividends=OK
2026-07-05 02:35:48,480 [INFO] [TIME] 3900 クラウドワークス 処理時間: 1.31s
2026-07-05 02:35:50,245 [DEBUG] [TIME] 3901 info: 0.16s
2026-07-05 02:35:50,245 [DEBUG] yfinance OK: 3901
2026-07-05 02:35:50,466 [DEBUG] [TIME] 3901 income_stmt: 0.22s
2026-07-05 02:35:50,725 [DEBUG] [TIME] 3901 balance_sheet: 0.26s
2026-07-05 02:35:50,914 [DEBUG] [TIME] 3901 cashflow: 0.19s
2026-07-05 02:35:51,319 [DEBUG] [TIME] 3901 dividends: 0.40s
2026-07-05 02:35:51,320 [INFO] [DETAIL] 3901 マークラインズ: income_stmt=OK, balance_sheet=OK, cashflow=OK, dividends=OK
2026-07-05 02:35:51,320 [INFO] [TIME] 3901 マークラインズ 処理時間: 1.24s
2026-07-05 02:35:53,007 [DEBUG] [TIME] 3903 info: 0.16s
2026-07-05 02:35:53,007 [DEBUG] yfinance OK: 3903
2026-07-05 02:35:53,212 [DEBUG] [TIME] 3903 income_stmt: 0.20s
2026-07-05 02:35:53,466 [DEBUG] [TIME] 3903 balance_sheet: 0.25s
2026-07-05 02:35:53,690 [DEBUG] [TIME] 3903 cashflow: 0.22s
2026-07-05 02:35:54,061 [DEBUG] [TIME] 3903 dividends: 0.37s
2026-07-05 02:35:54,062 [INFO] [DETAIL] 3903 ｇｕｍｉ: income_stmt=OK, balance_sheet=OK, cashflow=OK, dividends=OK
2026-07-05 02:35:54,062 [INFO] [TIME] 3903 ｇｕｍｉ 処理時間: 1.21s
2026-07-05 02:35:56,213 [DEBUG] [TIME] 3904 info: 0.16s
2026-07-05 02:35:56,213 [DEBUG] yfinance OK: 3904
2026-07-05 02:35:56,454 [DEBUG] [TIME] 3904 income_stmt: 0.24s
2026-07-05 02:35:56,721 [DEBUG] [TIME] 3904 balance_sheet: 0.27s
2026-07-05 02:35:56,957 [DEBUG] [TIME] 3904 cashflow: 0.24s
2026-07-05 02:35:57,347 [DEBUG] [TIME] 3904 dividends: 0.39s
2026-07-05 02:35:57,348 [INFO] [DETAIL] 3904 カヤック: income_stmt=OK, balance_sheet=OK, cashflow=OK, dividends=OK
2026-07-05 02:35:57,348 [INFO] [TIME] 3904 カヤック 処理時間: 1.30s
2026-07-05 02:35:59,201 [DEBUG] [TIME] 3905 info: 0.16s
2026-07-05 02:35:59,201 [DEBUG] yfinance OK: 3905
2026-07-05 02:35:59,400 [DEBUG] [TIME] 3905 income_stmt: 0.20s
2026-07-05 02:35:59,650 [DEBUG] [TIME] 3905 balance_sheet: 0.25s
2026-07-05 02:35:59,860 [DEBUG] [TIME] 3905 cashflow: 0.21s
2026-07-05 02:35:59,963 [DEBUG] [TIME] 3905 dividends: 0.10s
2026-07-05 02:35:59,963 [INFO] [DETAIL] 3905 データセクション: income_stmt=OK, balance_sheet=OK, cashflow=OK, dividends=EMPTY
2026-07-05 02:35:59,963 [INFO] [TIME] 3905 データセクション 処理時間: 0.93s
2026-07-05 02:36:01,514 [DEBUG] [TIME] 3907 info: 0.15s
2026-07-05 02:36:01,514 [DEBUG] yfinance OK: 3907
2026-07-05 02:36:01,732 [DEBUG] [TIME] 3907 income_stmt: 0.22s
2026-07-05 02:36:01,976 [DEBUG] [TIME] 3907 balance_sheet: 0.24s
2026-07-05 02:36:02,228 [DEBUG] [TIME] 3907 cashflow: 0.25s
2026-07-05 02:36:02,377 [DEBUG] [TIME] 3907 dividends: 0.15s
2026-07-05 02:36:02,378 [INFO] [DETAIL] 3907 シリコンスタジオ: income_stmt=OK, balance_sheet=OK, cashflow=OK, dividends=OK
2026-07-05 02:36:02,378 [INFO] [TIME] 3907 シリコンスタジオ 処理時間: 1.01s
2026-07-05 02:36:04,128 [DEBUG] [TIME] 3908 info: 0.14s
2026-07-05 02:36:04,128 [DEBUG] yfinance OK: 3908
2026-07-05 02:36:04,337 [DEBUG] [TIME] 3908 income_stmt: 0.21s
2026-07-05 02:36:04,564 [DEBUG] [TIME] 3908 balance_sheet: 0.23s
2026-07-05 02:36:04,767 [DEBUG] [TIME] 3908 cashflow: 0.20s
2026-07-05 02:36:05,023 [DEBUG] [TIME] 3908 dividends: 0.26s
2026-07-05 02:36:05,024 [INFO] [DETAIL] 3908 コラボス: income_stmt=OK, balance_sheet=OK, cashflow=OK, dividends=OK
2026-07-05 02:36:05,024 [INFO] [TIME] 3908 コラボス 処理時間: 1.04s
2026-07-05 02:36:06,230 [DEBUG] [TIME] 3909 info: 0.18s
2026-07-05 02:36:06,230 [DEBUG] yfinance OK: 3909
2026-07-05 02:36:06,437 [DEBUG] [TIME] 3909 income_stmt: 0.21s
2026-07-05 02:36:06,692 [DEBUG] [TIME] 3909 balance_sheet: 0.25s
2026-07-05 02:36:06,939 [DEBUG] [TIME] 3909 cashflow: 0.25s
2026-07-05 02:36:07,276 [DEBUG] [TIME] 3909 dividends: 0.34s
2026-07-05 02:36:07,277 [INFO] [DETAIL] 3909 ショーケース: income_stmt=OK, balance_sheet=OK, cashflow=OK, dividends=OK
2026-07-05 02:36:07,277 [INFO] [TIME] 3909 ショーケース 処理時間: 1.22s
2026-07-05 02:36:09,039 [DEBUG] [TIME] 3910 info: 0.17s
2026-07-05 02:36:09,039 [DEBUG] yfinance OK: 3910
2026-07-05 02:36:09,268 [DEBUG] [TIME] 3910 income_stmt: 0.23s
2026-07-05 02:36:09,542 [DEBUG] [TIME] 3910 balance_sheet: 0.27s
2026-07-05 02:36:09,747 [DEBUG] [TIME] 3910 cashflow: 0.20s
2026-07-05 02:36:09,993 [DEBUG] [TIME] 3910 dividends: 0.25s
2026-07-05 02:36:09,994 [INFO] [DETAIL] 3910 エムケイシステム: income_stmt=OK, balance_sheet=OK, cashflow=OK, dividends=OK
2026-07-05 02:36:09,994 [INFO] [TIME] 3910 エムケイシステム 処理時間: 1.12s
2026-07-05 02:36:11,966 [DEBUG] [TIME] 3911 info: 0.16s
2026-07-05 02:36:11,967 [DEBUG] yfinance OK: 3911
2026-07-05 02:36:12,140 [DEBUG] [TIME] 3911 income_stmt: 0.17s
2026-07-05 02:36:12,408 [DEBUG] [TIME] 3911 balance_sheet: 0.27s
2026-07-05 02:36:12,608 [DEBUG] [TIME] 3911 cashflow: 0.20s
2026-07-05 02:36:12,741 [DEBUG] [TIME] 3911 dividends: 0.13s
2026-07-05 02:36:12,742 [INFO] [DETAIL] 3911 Ａｉｍｉｎｇ: income_stmt=OK, balance_sheet=OK, cashflow=OK, dividends=OK
2026-07-05 02:36:12,742 [INFO] [TIME] 3911 Ａｉｍｉｎｇ 処理時間: 0.94s
2026-07-05 02:36:14,272 [DEBUG] [TIME] 3912 info: 0.17s
2026-07-05 02:36:14,272 [DEBUG] yfinance OK: 3912
2026-07-05 02:36:14,471 [DEBUG] [TIME] 3912 income_stmt: 0.20s
2026-07-05 02:36:14,676 [DEBUG] [TIME] 3912 balance_sheet: 0.20s
2026-07-05 02:36:14,908 [DEBUG] [TIME] 3912 cashflow: 0.23s
2026-07-05 02:36:15,104 [DEBUG] [TIME] 3912 dividends: 0.19s
2026-07-05 02:36:15,105 [INFO] [DETAIL] 3912 モバイルファクトリー: income_stmt=OK, balance_sheet=OK, cashflow=OK, dividends=OK
2026-07-05 02:36:15,105 [INFO] [TIME] 3912 モバイルファクトリー 処理時間: 1.00s
2026-07-05 02:36:16,927 [DEBUG] [TIME] 3913 info: 0.19s
2026-07-05 02:36:16,927 [DEBUG] yfinance OK: 3913
2026-07-05 02:36:17,104 [DEBUG] [TIME] 3913 income_stmt: 0.18s
2026-07-05 02:36:17,332 [DEBUG] [TIME] 3913 balance_sheet: 0.23s
2026-07-05 02:36:17,523 [DEBUG] [TIME] 3913 cashflow: 0.19s
2026-07-05 02:36:17,700 [DEBUG] [TIME] 3913 dividends: 0.18s
2026-07-05 02:36:17,700 [INFO] [DETAIL] 3913 ＧｒｅｅｎＢｅｅ: income_stmt=OK, balance_sheet=OK, cashflow=OK, dividends=EMPTY
2026-07-05 02:36:17,700 [INFO] [TIME] 3913 ＧｒｅｅｎＢｅｅ 処理時間: 0.97s
2026-07-05 02:36:19,004 [DEBUG] [TIME] 3914 info: 0.15s
2026-07-05 02:36:19,004 [DEBUG] yfinance OK: 3914
2026-07-05 02:36:19,224 [DEBUG] [TIME] 3914 income_stmt: 0.22s
2026-07-05 02:36:19,487 [DEBUG] [TIME] 3914 balance_sheet: 0.26s
2026-07-05 02:36:19,718 [DEBUG] [TIME] 3914 cashflow: 0.23s
2026-07-05 02:36:19,993 [DEBUG] [TIME] 3914 dividends: 0.28s
2026-07-05 02:36:19,993 [INFO] [DETAIL] 3914 ＪＩＧ－ＳＡＷ: income_stmt=OK, balance_sheet=OK, cashflow=OK, dividends=EMPTY
2026-07-05 02:36:19,993 [INFO] [TIME] 3914 ＪＩＧ－ＳＡＷ 処理時間: 1.14s
2026-07-05 02:36:21,445 [DEBUG] [TIME] 3915 info: 0.17s
2026-07-05 02:36:21,445 [DEBUG] yfinance OK: 3915
2026-07-05 02:36:21,675 [DEBUG] [TIME] 3915 income_stmt: 0.23s
2026-07-05 02:36:21,907 [DEBUG] [TIME] 3915 balance_sheet: 0.23s
2026-07-05 02:36:22,181 [DEBUG] [TIME] 3915 cashflow: 0.27s
2026-07-05 02:36:22,315 [DEBUG] [TIME] 3915 dividends: 0.13s
2026-07-05 02:36:22,316 [INFO] [DETAIL] 3915 テラスカイ: income_stmt=OK, balance_sheet=OK, cashflow=OK, dividends=OK
2026-07-05 02:36:22,316 [INFO] [TIME] 3915 テラスカイ 処理時間: 1.04s
2026-07-05 02:36:24,202 [DEBUG] [TIME] 3916 info: 0.18s
2026-07-05 02:36:24,202 [DEBUG] yfinance OK: 3916
2026-07-05 02:36:24,411 [DEBUG] [TIME] 3916 income_stmt: 0.21s
2026-07-05 02:36:24,640 [DEBUG] [TIME] 3916 balance_sheet: 0.23s
2026-07-05 02:36:24,876 [DEBUG] [TIME] 3916 cashflow: 0.24s
2026-07-05 02:36:25,212 [DEBUG] [TIME] 3916 dividends: 0.34s
2026-07-05 02:36:25,213 [INFO] [DETAIL] 3916 デジタル・インフォメーション・テクノロジー: income_stmt=OK, balance_sheet=OK, cashflow=OK, dividends=OK
2026-07-05 02:36:25,213 [INFO] [TIME] 3916 デジタル・インフォメーション・テクノロジー 処理時間: 1.19s
2026-07-05 02:36:27,060 [DEBUG] [TIME] 3917 info: 0.60s
2026-07-05 02:36:27,060 [DEBUG] yfinance OK: 3917
2026-07-05 02:36:27,268 [DEBUG] [TIME] 3917 income_stmt: 0.21s
2026-07-05 02:36:27,537 [DEBUG] [TIME] 3917 balance_sheet: 0.27s
2026-07-05 02:36:27,728 [DEBUG] [TIME] 3917 cashflow: 0.19s
2026-07-05 02:36:27,921 [DEBUG] [TIME] 3917 dividends: 0.19s
2026-07-05 02:36:27,921 [INFO] [DETAIL] 3917 アイリッジ: income_stmt=OK, balance_sheet=OK, cashflow=OK, dividends=EMPTY
2026-07-05 02:36:27,921 [INFO] [TIME] 3917 アイリッジ 処理時間: 1.46s
2026-07-05 02:36:29,986 [DEBUG] [TIME] 3918 info: 0.19s
2026-07-05 02:36:29,986 [DEBUG] yfinance OK: 3918
2026-07-05 02:36:30,192 [DEBUG] [TIME] 3918 income_stmt: 0.21s
2026-07-05 02:36:30,440 [DEBUG] [TIME] 3918 balance_sheet: 0.25s
2026-07-05 02:36:30,685 [DEBUG] [TIME] 3918 cashflow: 0.24s
2026-07-05 02:36:31,119 [DEBUG] [TIME] 3918 dividends: 0.43s
2026-07-05 02:36:31,120 [INFO] [DETAIL] 3918 ＰＣＩホールディングス: income_stmt=OK, balance_sheet=OK, cashflow=OK, dividends=OK
2026-07-05 02:36:31,121 [INFO] [TIME] 3918 ＰＣＩホールディングス 処理時間: 1.32s
2026-07-05 02:36:32,878 [DEBUG] [TIME] 3920 info: 0.19s
2026-07-05 02:36:32,878 [DEBUG] yfinance OK: 3920
2026-07-05 02:36:33,054 [DEBUG] [TIME] 3920 income_stmt: 0.18s
2026-07-05 02:36:33,330 [DEBUG] [TIME] 3920 balance_sheet: 0.28s
2026-07-05 02:36:33,613 [DEBUG] [TIME] 3920 cashflow: 0.28s
2026-07-05 02:36:33,739 [DEBUG] [TIME] 3920 dividends: 0.13s
2026-07-05 02:36:33,741 [INFO] [DETAIL] 3920 アイビーシー: income_stmt=OK, balance_sheet=OK, cashflow=OK, dividends=OK
2026-07-05 02:36:33,741 [INFO] [TIME] 3920 アイビーシー 処理時間: 1.06s
2026-07-05 02:36:35,776 [DEBUG] [TIME] 3921 info: 0.14s
2026-07-05 02:36:35,776 [DEBUG] yfinance OK: 3921
2026-07-05 02:36:36,016 [DEBUG] [TIME] 3921 income_stmt: 0.24s
2026-07-05 02:36:36,283 [DEBUG] [TIME] 3921 balance_sheet: 0.27s
2026-07-05 02:36:36,473 [DEBUG] [TIME] 3921 cashflow: 0.19s
2026-07-05 02:36:36,786 [DEBUG] [TIME] 3921 dividends: 0.31s
2026-07-05 02:36:36,787 [INFO] [DETAIL] 3921 ネオジャパン: income_stmt=OK, balance_sheet=OK, cashflow=OK, dividends=OK
2026-07-05 02:36:36,787 [INFO] [TIME] 3921 ネオジャパン 処理時間: 1.15s
2026-07-05 02:36:38,980 [DEBUG] [TIME] 3922 info: 0.24s
2026-07-05 02:36:38,980 [DEBUG] yfinance OK: 3922
2026-07-05 02:36:39,163 [DEBUG] [TIME] 3922 income_stmt: 0.18s
2026-07-05 02:36:39,442 [DEBUG] [TIME] 3922 balance_sheet: 0.28s
2026-07-05 02:36:39,643 [DEBUG] [TIME] 3922 cashflow: 0.20s
2026-07-05 02:36:40,025 [DEBUG] [TIME] 3922 dividends: 0.38s
2026-07-05 02:36:40,026 [INFO] [DETAIL] 3922 ＰＲ　ＴＩＭＥＳ: income_stmt=OK, balance_sheet=OK, cashflow=OK, dividends=OK
2026-07-05 02:36:40,026 [INFO] [TIME] 3922 ＰＲ　ＴＩＭＥＳ 処理時間: 1.29s
2026-07-05 02:36:41,300 [DEBUG] [TIME] 3923 info: 0.16s
2026-07-05 02:36:41,300 [DEBUG] yfinance OK: 3923
2026-07-05 02:36:41,498 [DEBUG] [TIME] 3923 income_stmt: 0.20s
2026-07-05 02:36:41,740 [DEBUG] [TIME] 3923 balance_sheet: 0.24s
2026-07-05 02:36:41,982 [DEBUG] [TIME] 3923 cashflow: 0.24s
2026-07-05 02:36:42,144 [DEBUG] [TIME] 3923 dividends: 0.16s
2026-07-05 02:36:42,145 [INFO] [DETAIL] 3923 ラクス: income_stmt=OK, balance_sheet=OK, cashflow=OK, dividends=OK
2026-07-05 02:36:42,145 [INFO] [TIME] 3923 ラクス 処理時間: 1.00s
2026-07-05 02:36:43,836 [DEBUG] [TIME] 3925 info: 0.13s
2026-07-05 02:36:43,836 [DEBUG] yfinance OK: 3925
2026-07-05 02:36:44,078 [DEBUG] [TIME] 3925 income_stmt: 0.24s
2026-07-05 02:36:44,332 [DEBUG] [TIME] 3925 balance_sheet: 0.25s
2026-07-05 02:36:44,530 [DEBUG] [TIME] 3925 cashflow: 0.20s
2026-07-05 02:36:44,702 [DEBUG] [TIME] 3925 dividends: 0.17s
2026-07-05 02:36:44,703 [INFO] [DETAIL] 3925 ダブルスタンダード: income_stmt=OK, balance_sheet=OK, cashflow=OK, dividends=OK
2026-07-05 02:36:44,703 [INFO] [TIME] 3925 ダブルスタンダード 処理時間: 1.00s
2026-07-05 02:36:46,683 [DEBUG] [TIME] 3926 info: 0.16s
2026-07-05 02:36:46,683 [DEBUG] yfinance OK: 3926
2026-07-05 02:36:46,858 [DEBUG] [TIME] 3926 income_stmt: 0.17s
2026-07-05 02:36:47,115 [DEBUG] [TIME] 3926 balance_sheet: 0.26s
2026-07-05 02:36:47,319 [DEBUG] [TIME] 3926 cashflow: 0.20s
2026-07-05 02:36:47,425 [DEBUG] [TIME] 3926 dividends: 0.11s
2026-07-05 02:36:47,425 [INFO] [DETAIL] 3926 オープンドア: income_stmt=OK, balance_sheet=OK, cashflow=OK, dividends=EMPTY
2026-07-05 02:36:47,425 [INFO] [TIME] 3926 オープンドア 処理時間: 0.90s
2026-07-05 02:36:48,747 [DEBUG] [TIME] 3927 info: 0.20s
2026-07-05 02:36:48,747 [DEBUG] yfinance OK: 3927
2026-07-05 02:36:48,928 [DEBUG] [TIME] 3927 income_stmt: 0.18s
2026-07-05 02:36:49,140 [DEBUG] [TIME] 3927 balance_sheet: 0.21s
2026-07-05 02:36:49,328 [DEBUG] [TIME] 3927 cashflow: 0.19s
2026-07-05 02:36:49,829 [DEBUG] [TIME] 3927 dividends: 0.50s
2026-07-05 02:36:49,830 [INFO] [DETAIL] 3927 フーバーブレイン: income_stmt=OK, balance_sheet=OK, cashflow=OK, dividends=OK
2026-07-05 02:36:49,830 [INFO] [TIME] 3927 フーバーブレイン 処理時間: 1.28s
2026-07-05 02:36:51,663 [DEBUG] [TIME] 3928 info: 0.22s
2026-07-05 02:36:51,663 [DEBUG] yfinance OK: 3928
2026-07-05 02:36:51,832 [DEBUG] [TIME] 3928 income_stmt: 0.17s
2026-07-05 02:36:52,138 [DEBUG] [TIME] 3928 balance_sheet: 0.31s
2026-07-05 02:36:52,393 [DEBUG] [TIME] 3928 cashflow: 0.25s
2026-07-05 02:36:52,634 [DEBUG] [TIME] 3928 dividends: 0.24s
2026-07-05 02:36:52,635 [INFO] [DETAIL] 3928 マイネット: income_stmt=OK, balance_sheet=OK, cashflow=OK, dividends=OK
2026-07-05 02:36:52,636 [INFO] [TIME] 3928 マイネット 処理時間: 1.19s
2026-07-05 02:36:54,788 [DEBUG] [TIME] 3929 info: 0.22s
2026-07-05 02:36:54,788 [DEBUG] yfinance OK: 3929
2026-07-05 02:36:55,021 [DEBUG] [TIME] 3929 income_stmt: 0.23s
2026-07-05 02:36:55,337 [DEBUG] [TIME] 3929 balance_sheet: 0.32s
2026-07-05 02:36:55,547 [DEBUG] [TIME] 3929 cashflow: 0.21s
2026-07-05 02:36:55,853 [DEBUG] [TIME] 3929 dividends: 0.31s
2026-07-05 02:36:55,854 [INFO] [DETAIL] 3929 ソーシャルワイヤー: income_stmt=OK, balance_sheet=OK, cashflow=OK, dividends=OK
2026-07-05 02:36:55,854 [INFO] [TIME] 3929 ソーシャルワイヤー 処理時間: 1.29s
2026-07-05 02:36:58,027 [DEBUG] [TIME] 3930 info: 0.25s
2026-07-05 02:36:58,027 [DEBUG] yfinance OK: 3930
2026-07-05 02:36:58,220 [DEBUG] [TIME] 3930 income_stmt: 0.19s
2026-07-05 02:36:58,481 [DEBUG] [TIME] 3930 balance_sheet: 0.26s
2026-07-05 02:36:58,715 [DEBUG] [TIME] 3930 cashflow: 0.23s
2026-07-05 02:36:59,029 [DEBUG] [TIME] 3930 dividends: 0.31s
2026-07-05 02:36:59,029 [INFO] [DETAIL] 3930 はてな: income_stmt=OK, balance_sheet=OK, cashflow=OK, dividends=EMPTY
2026-07-05 02:36:59,029 [INFO] [TIME] 3930 はてな 処理時間: 1.26s
2026-07-05 02:37:01,047 [DEBUG] [TIME] 3931 info: 0.15s
2026-07-05 02:37:01,047 [DEBUG] yfinance OK: 3931
2026-07-05 02:37:01,219 [DEBUG] [TIME] 3931 income_stmt: 0.17s
2026-07-05 02:37:01,451 [DEBUG] [TIME] 3931 balance_sheet: 0.23s
2026-07-05 02:37:01,702 [DEBUG] [TIME] 3931 cashflow: 0.25s
2026-07-05 02:37:02,052 [DEBUG] [TIME] 3931 dividends: 0.35s
2026-07-05 02:37:02,053 [INFO] [DETAIL] 3931 バリューゴルフ: income_stmt=OK, balance_sheet=OK, cashflow=OK, dividends=OK
2026-07-05 02:37:02,053 [INFO] [TIME] 3931 バリューゴルフ 処理時間: 1.15s
2026-07-05 02:37:03,502 [DEBUG] [TIME] 3932 info: 0.19s
2026-07-05 02:37:03,502 [DEBUG] yfinance OK: 3932
2026-07-05 02:37:03,682 [DEBUG] [TIME] 3932 income_stmt: 0.18s
2026-07-05 02:37:03,915 [DEBUG] [TIME] 3932 balance_sheet: 0.23s
2026-07-05 02:37:04,126 [DEBUG] [TIME] 3932 cashflow: 0.21s
2026-07-05 02:37:04,468 [DEBUG] [TIME] 3932 dividends: 0.34s
2026-07-05 02:37:04,469 [INFO] [DETAIL] 3932 アカツキ: income_stmt=OK, balance_sheet=OK, cashflow=OK, dividends=OK
2026-07-05 02:37:04,469 [INFO] [TIME] 3932 アカツキ 処理時間: 1.16s
2026-07-05 02:37:05,919 [DEBUG] [TIME] 3933 info: 0.15s
2026-07-05 02:37:05,919 [DEBUG] yfinance OK: 3933
2026-07-05 02:37:06,095 [DEBUG] [TIME] 3933 income_stmt: 0.18s
2026-07-05 02:37:06,309 [DEBUG] [TIME] 3933 balance_sheet: 0.21s
2026-07-05 02:37:06,504 [DEBUG] [TIME] 3933 cashflow: 0.19s
2026-07-05 02:37:06,649 [DEBUG] [TIME] 3933 dividends: 0.14s
2026-07-05 02:37:06,651 [INFO] [DETAIL] 3933 チエル: income_stmt=OK, balance_sheet=OK, cashflow=OK, dividends=OK
2026-07-05 02:37:06,651 [INFO] [TIME] 3933 チエル 処理時間: 0.88s
2026-07-05 02:37:08,665 [DEBUG] [TIME] 3934 info: 0.18s
2026-07-05 02:37:08,666 [DEBUG] yfinance OK: 3934
2026-07-05 02:37:08,889 [DEBUG] [TIME] 3934 income_stmt: 0.22s
2026-07-05 02:37:09,129 [DEBUG] [TIME] 3934 balance_sheet: 0.24s
2026-07-05 02:37:09,324 [DEBUG] [TIME] 3934 cashflow: 0.19s
2026-07-05 02:37:09,639 [DEBUG] [TIME] 3934 dividends: 0.31s
2026-07-05 02:37:09,640 [INFO] [DETAIL] 3934 ベネフィットジャパン: income_stmt=OK, balance_sheet=OK, cashflow=OK, dividends=OK
2026-07-05 02:37:09,640 [INFO] [TIME] 3934 ベネフィットジャパン 処理時間: 1.15s
2026-07-05 02:37:10,990 [DEBUG] [TIME] 3935 info: 0.25s
2026-07-05 02:37:10,990 [DEBUG] yfinance OK: 3935
2026-07-05 02:37:11,221 [DEBUG] [TIME] 3935 income_stmt: 0.23s
2026-07-05 02:37:11,493 [DEBUG] [TIME] 3935 balance_sheet: 0.27s
2026-07-05 02:37:11,705 [DEBUG] [TIME] 3935 cashflow: 0.21s
2026-07-05 02:37:11,925 [DEBUG] [TIME] 3935 dividends: 0.22s
2026-07-05 02:37:11,926 [INFO] [DETAIL] 3935 エディア: income_stmt=OK, balance_sheet=OK, cashflow=OK, dividends=OK
2026-07-05 02:37:11,926 [INFO] [TIME] 3935 エディア 処理時間: 1.19s
2026-07-05 02:37:13,688 [DEBUG] [TIME] 3936 info: 0.22s
2026-07-05 02:37:13,688 [DEBUG] yfinance OK: 3936
2026-07-05 02:37:13,909 [DEBUG] [TIME] 3936 income_stmt: 0.22s
2026-07-05 02:37:14,211 [DEBUG] [TIME] 3936 balance_sheet: 0.30s
2026-07-05 02:37:14,444 [DEBUG] [TIME] 3936 cashflow: 0.23s
2026-07-05 02:37:14,626 [DEBUG] [TIME] 3936 dividends: 0.18s
2026-07-05 02:37:14,626 [INFO] [DETAIL] 3936 グローバルウェイ: income_stmt=OK, balance_sheet=OK, cashflow=OK, dividends=EMPTY
2026-07-05 02:37:14,626 [INFO] [TIME] 3936 グローバルウェイ 処理時間: 1.16s
2026-07-05 02:37:16,473 [DEBUG] [TIME] 3937 info: 0.25s
2026-07-05 02:37:16,473 [DEBUG] yfinance OK: 3937
2026-07-05 02:37:16,706 [DEBUG] [TIME] 3937 income_stmt: 0.23s
2026-07-05 02:37:16,944 [DEBUG] [TIME] 3937 balance_sheet: 0.24s
2026-07-05 02:37:17,203 [DEBUG] [TIME] 3937 cashflow: 0.26s
2026-07-05 02:37:17,463 [DEBUG] [TIME] 3937 dividends: 0.26s
2026-07-05 02:37:17,465 [INFO] [DETAIL] 3937 Ｕｂｉｃｏｍホールディングス: income_stmt=OK, balance_sheet=OK, cashflow=OK, dividends=OK
2026-07-05 02:37:17,465 [INFO] [TIME] 3937 Ｕｂｉｃｏｍホールディングス 処理時間: 1.24s
2026-07-05 02:37:18,802 [DEBUG] [TIME] 3939 info: 0.17s
2026-07-05 02:37:18,802 [DEBUG] yfinance OK: 3939
2026-07-05 02:37:19,015 [DEBUG] [TIME] 3939 income_stmt: 0.21s
2026-07-05 02:37:19,288 [DEBUG] [TIME] 3939 balance_sheet: 0.27s
2026-07-05 02:37:19,479 [DEBUG] [TIME] 3939 cashflow: 0.19s
2026-07-05 02:37:19,857 [DEBUG] [TIME] 3939 dividends: 0.38s
2026-07-05 02:37:19,858 [INFO] [DETAIL] 3939 カナミックネットワーク: income_stmt=OK, balance_sheet=OK, cashflow=OK, dividends=OK
2026-07-05 02:37:19,858 [INFO] [TIME] 3939 カナミックネットワーク 処理時間: 1.23s
2026-07-05 02:37:21,728 [DEBUG] [TIME] 3940 info: 0.17s
2026-07-05 02:37:21,729 [DEBUG] yfinance OK: 3940
2026-07-05 02:37:21,945 [DEBUG] [TIME] 3940 income_stmt: 0.22s
2026-07-05 02:37:22,189 [DEBUG] [TIME] 3940 balance_sheet: 0.24s
2026-07-05 02:37:22,365 [DEBUG] [TIME] 3940 cashflow: 0.18s
2026-07-05 02:37:22,621 [DEBUG] [TIME] 3940 dividends: 0.26s
2026-07-05 02:37:22,622 [INFO] [DETAIL] 3940 ノムラシステムコーポレーション: income_stmt=OK, balance_sheet=OK, cashflow=OK, dividends=OK
2026-07-05 02:37:22,622 [INFO] [TIME] 3940 ノムラシステムコーポレーション 処理時間: 1.06s
2026-07-05 02:37:24,484 [DEBUG] [TIME] 3941 info: 0.16s
2026-07-05 02:37:24,484 [DEBUG] yfinance OK: 3941
2026-07-05 02:37:24,719 [DEBUG] [TIME] 3941 income_stmt: 0.24s
2026-07-05 02:37:24,998 [DEBUG] [TIME] 3941 balance_sheet: 0.28s
2026-07-05 02:37:25,191 [DEBUG] [TIME] 3941 cashflow: 0.19s
2026-07-05 02:37:25,717 [DEBUG] [TIME] 3941 dividends: 0.53s
2026-07-05 02:37:25,718 [INFO] [DETAIL] 3941 レンゴー: income_stmt=OK, balance_sheet=OK, cashflow=OK, dividends=OK
2026-07-05 02:37:25,718 [INFO] [TIME] 3941 レンゴー 処理時間: 1.39s
2026-07-05 02:37:27,264 [DEBUG] [TIME] 3943 info: 0.17s
2026-07-05 02:37:27,264 [DEBUG] yfinance OK: 3943
2026-07-05 02:37:27,478 [DEBUG] [TIME] 3943 income_stmt: 0.21s
2026-07-05 02:37:27,738 [DEBUG] [TIME] 3943 balance_sheet: 0.26s
2026-07-05 02:37:27,952 [DEBUG] [TIME] 3943 cashflow: 0.21s
2026-07-05 02:37:28,083 [DEBUG] [TIME] 3943 dividends: 0.13s
2026-07-05 02:37:28,084 [INFO] [DETAIL] 3943 大石産業: income_stmt=OK, balance_sheet=OK, cashflow=OK, dividends=OK
2026-07-05 02:37:28,084 [INFO] [TIME] 3943 大石産業 処理時間: 0.99s
2026-07-05 02:37:29,406 [DEBUG] [TIME] 3944 info: 0.15s
2026-07-05 02:37:29,406 [DEBUG] yfinance OK: 3944
2026-07-05 02:37:29,626 [DEBUG] [TIME] 3944 income_stmt: 0.22s
2026-07-05 02:37:29,878 [DEBUG] [TIME] 3944 balance_sheet: 0.25s
2026-07-05 02:37:30,142 [DEBUG] [TIME] 3944 cashflow: 0.26s
2026-07-05 02:37:30,536 [DEBUG] [TIME] 3944 dividends: 0.39s
2026-07-05 02:37:30,537 [INFO] [DETAIL] 3944 古林紙工: income_stmt=OK, balance_sheet=OK, cashflow=OK, dividends=OK
2026-07-05 02:37:30,537 [INFO] [TIME] 3944 古林紙工 処理時間: 1.28s
2026-07-05 02:37:32,155 [DEBUG] [TIME] 3945 info: 0.18s
2026-07-05 02:37:32,155 [DEBUG] yfinance OK: 3945
2026-07-05 02:37:32,377 [DEBUG] [TIME] 3945 income_stmt: 0.22s
2026-07-05 02:37:32,650 [DEBUG] [TIME] 3945 balance_sheet: 0.27s
2026-07-05 02:37:32,829 [DEBUG] [TIME] 3945 cashflow: 0.18s
2026-07-05 02:37:33,097 [DEBUG] [TIME] 3945 dividends: 0.27s
2026-07-05 02:37:33,098 [INFO] [DETAIL] 3945 スーパーバッグ: income_stmt=OK, balance_sheet=OK, cashflow=OK, dividends=OK
2026-07-05 02:37:33,098 [INFO] [TIME] 3945 スーパーバッグ 処理時間: 1.13s
2026-07-05 02:37:34,408 [DEBUG] [TIME] 3946 info: 0.16s
2026-07-05 02:37:34,408 [DEBUG] yfinance OK: 3946
2026-07-05 02:37:34,621 [DEBUG] [TIME] 3946 income_stmt: 0.21s
2026-07-05 02:37:34,863 [DEBUG] [TIME] 3946 balance_sheet: 0.24s
2026-07-05 02:37:35,105 [DEBUG] [TIME] 3946 cashflow: 0.24s
2026-07-05 02:37:35,503 [DEBUG] [TIME] 3946 dividends: 0.40s
2026-07-05 02:37:35,504 [INFO] [DETAIL] 3946 トーモク: income_stmt=OK, balance_sheet=OK, cashflow=OK, dividends=OK
2026-07-05 02:37:35,504 [INFO] [TIME] 3946 トーモク 処理時間: 1.26s
2026-07-05 02:37:37,566 [DEBUG] [TIME] 3947 info: 0.16s
2026-07-05 02:37:37,566 [DEBUG] yfinance OK: 3947
2026-07-05 02:37:37,787 [DEBUG] [TIME] 3947 income_stmt: 0.22s
2026-07-05 02:37:38,046 [DEBUG] [TIME] 3947 balance_sheet: 0.26s
2026-07-05 02:37:38,263 [DEBUG] [TIME] 3947 cashflow: 0.22s
2026-07-05 02:37:38,528 [DEBUG] [TIME] 3947 dividends: 0.26s
2026-07-05 02:37:38,529 [INFO] [DETAIL] 3947 ダイナパック: income_stmt=OK, balance_sheet=OK, cashflow=OK, dividends=OK
2026-07-05 02:37:38,529 [INFO] [TIME] 3947 ダイナパック 処理時間: 1.13s
2026-07-05 02:37:40,157 [DEBUG] [TIME] 3948 info: 0.14s
2026-07-05 02:37:40,157 [DEBUG] yfinance OK: 3948
2026-07-05 02:37:40,383 [DEBUG] [TIME] 3948 income_stmt: 0.23s
2026-07-05 02:37:40,649 [DEBUG] [TIME] 3948 balance_sheet: 0.27s
2026-07-05 02:37:40,869 [DEBUG] [TIME] 3948 cashflow: 0.22s
2026-07-05 02:37:41,116 [DEBUG] [TIME] 3948 dividends: 0.25s
2026-07-05 02:37:41,117 [INFO] [DETAIL] 3948 光ビジネスフォーム: income_stmt=OK, balance_sheet=OK, cashflow=OK, dividends=OK
2026-07-05 02:37:41,117 [INFO] [TIME] 3948 光ビジネスフォーム 処理時間: 1.10s
2026-07-05 02:37:42,401 [DEBUG] [TIME] 3950 info: 0.13s
2026-07-05 02:37:42,401 [DEBUG] yfinance OK: 3950
2026-07-05 02:37:42,643 [DEBUG] [TIME] 3950 income_stmt: 0.24s
2026-07-05 02:37:42,922 [DEBUG] [TIME] 3950 balance_sheet: 0.28s
2026-07-05 02:37:43,145 [DEBUG] [TIME] 3950 cashflow: 0.22s
2026-07-05 02:37:43,705 [DEBUG] [TIME] 3950 dividends: 0.56s
2026-07-05 02:37:43,706 [INFO] [DETAIL] 3950 ザ・パック: income_stmt=OK, balance_sheet=OK, cashflow=OK, dividends=OK
2026-07-05 02:37:43,706 [INFO] [TIME] 3950 ザ・パック 処理時間: 1.44s
2026-07-05 02:37:45,747 [DEBUG] [TIME] 3951 info: 0.18s
2026-07-05 02:37:45,747 [DEBUG] yfinance OK: 3951
2026-07-05 02:37:45,988 [DEBUG] [TIME] 3951 income_stmt: 0.24s
2026-07-05 02:37:46,263 [DEBUG] [TIME] 3951 balance_sheet: 0.27s
2026-07-05 02:37:46,461 [DEBUG] [TIME] 3951 cashflow: 0.20s
2026-07-05 02:37:47,031 [DEBUG] [TIME] 3951 dividends: 0.57s
2026-07-05 02:37:47,032 [INFO] [DETAIL] 3951 朝日印刷: income_stmt=OK, balance_sheet=OK, cashflow=OK, dividends=OK
2026-07-05 02:37:47,032 [INFO] [TIME] 3951 朝日印刷 処理時間: 1.46s
2026-07-05 02:37:49,204 [DEBUG] [TIME] 3953 info: 0.18s
2026-07-05 02:37:49,204 [DEBUG] yfinance OK: 3953
2026-07-05 02:37:49,389 [DEBUG] [TIME] 3953 income_stmt: 0.18s
2026-07-05 02:37:49,598 [DEBUG] [TIME] 3953 balance_sheet: 0.21s
2026-07-05 02:37:49,785 [DEBUG] [TIME] 3953 cashflow: 0.19s
2026-07-05 02:37:50,087 [DEBUG] [TIME] 3953 dividends: 0.30s
2026-07-05 02:37:50,088 [INFO] [DETAIL] 3953 大村紙業: income_stmt=OK, balance_sheet=OK, cashflow=OK, dividends=OK
2026-07-05 02:37:50,088 [INFO] [TIME] 3953 大村紙業 処理時間: 1.07s
2026-07-05 02:37:52,062 [DEBUG] [TIME] 3954 info: 0.16s
2026-07-05 02:37:52,062 [DEBUG] yfinance OK: 3954
2026-07-05 02:37:52,264 [DEBUG] [TIME] 3954 income_stmt: 0.20s
2026-07-05 02:37:52,490 [DEBUG] [TIME] 3954 balance_sheet: 0.23s
2026-07-05 02:37:52,739 [DEBUG] [TIME] 3954 cashflow: 0.25s
2026-07-05 02:37:53,141 [DEBUG] [TIME] 3954 dividends: 0.40s
2026-07-05 02:37:53,142 [INFO] [DETAIL] 3954 昭和パックス: income_stmt=OK, balance_sheet=OK, cashflow=OK, dividends=OK
2026-07-05 02:37:53,142 [INFO] [TIME] 3954 昭和パックス 処理時間: 1.24s
2026-07-05 02:37:55,119 [DEBUG] [TIME] 3955 info: 0.19s
2026-07-05 02:37:55,119 [DEBUG] yfinance OK: 3955
2026-07-05 02:37:55,316 [DEBUG] [TIME] 3955 income_stmt: 0.20s
2026-07-05 02:37:55,538 [DEBUG] [TIME] 3955 balance_sheet: 0.22s
2026-07-05 02:37:55,785 [DEBUG] [TIME] 3955 cashflow: 0.25s
2026-07-05 02:37:56,206 [DEBUG] [TIME] 3955 dividends: 0.42s
2026-07-05 02:37:56,207 [INFO] [DETAIL] 3955 イムラ: income_stmt=OK, balance_sheet=OK, cashflow=OK, dividends=OK
2026-07-05 02:37:56,207 [INFO] [TIME] 3955 イムラ 処理時間: 1.27s
2026-07-05 02:37:57,847 [DEBUG] [TIME] 3958 info: 0.16s
2026-07-05 02:37:57,848 [DEBUG] yfinance OK: 3958
2026-07-05 02:37:58,050 [DEBUG] [TIME] 3958 income_stmt: 0.20s
2026-07-05 02:37:58,294 [DEBUG] [TIME] 3958 balance_sheet: 0.24s
2026-07-05 02:37:58,509 [DEBUG] [TIME] 3958 cashflow: 0.21s
2026-07-05 02:37:58,753 [DEBUG] [TIME] 3958 dividends: 0.24s
2026-07-05 02:37:58,754 [INFO] [DETAIL] 3958 笹徳印刷: income_stmt=OK, balance_sheet=OK, cashflow=OK, dividends=OK
2026-07-05 02:37:58,754 [INFO] [TIME] 3958 笹徳印刷 処理時間: 1.07s
2026-07-05 02:38:00,548 [DEBUG] [TIME] 3962 info: 0.18s
2026-07-05 02:38:00,548 [DEBUG] yfinance OK: 3962
2026-07-05 02:38:00,759 [DEBUG] [TIME] 3962 income_stmt: 0.21s
2026-07-05 02:38:01,033 [DEBUG] [TIME] 3962 balance_sheet: 0.27s
2026-07-05 02:38:01,258 [DEBUG] [TIME] 3962 cashflow: 0.22s
2026-07-05 02:38:01,627 [DEBUG] [TIME] 3962 dividends: 0.37s
2026-07-05 02:38:01,628 [INFO] [DETAIL] 3962 チェンジホールディングス: income_stmt=OK, balance_sheet=OK, cashflow=OK, dividends=OK
2026-07-05 02:38:01,629 [INFO] [TIME] 3962 チェンジホールディングス 処理時間: 1.26s
2026-07-05 02:38:03,008 [DEBUG] [TIME] 3963 info: 0.21s
2026-07-05 02:38:03,008 [DEBUG] yfinance OK: 3963
2026-07-05 02:38:03,225 [DEBUG] [TIME] 3963 income_stmt: 0.22s
2026-07-05 02:38:03,521 [DEBUG] [TIME] 3963 balance_sheet: 0.30s
2026-07-05 02:38:03,747 [DEBUG] [TIME] 3963 cashflow: 0.22s
2026-07-05 02:38:04,064 [DEBUG] [TIME] 3963 dividends: 0.32s
2026-07-05 02:38:04,065 [INFO] [DETAIL] 3963 シンクロ・フード: income_stmt=OK, balance_sheet=OK, cashflow=OK, dividends=OK
2026-07-05 02:38:04,065 [INFO] [TIME] 3963 シンクロ・フード 処理時間: 1.27s
2026-07-05 02:38:05,374 [DEBUG] [TIME] 3964 info: 0.16s
2026-07-05 02:38:05,374 [DEBUG] yfinance OK: 3964
2026-07-05 02:38:05,598 [DEBUG] [TIME] 3964 income_stmt: 0.22s
2026-07-05 02:38:05,860 [DEBUG] [TIME] 3964 balance_sheet: 0.26s
2026-07-05 02:38:06,063 [DEBUG] [TIME] 3964 cashflow: 0.20s
2026-07-05 02:38:06,258 [DEBUG] [TIME] 3964 dividends: 0.19s
2026-07-05 02:38:06,259 [INFO] [DETAIL] 3964 オークネット: income_stmt=OK, balance_sheet=OK, cashflow=OK, dividends=OK
2026-07-05 02:38:06,259 [INFO] [TIME] 3964 オークネット 処理時間: 1.04s
2026-07-05 02:38:08,303 [DEBUG] [TIME] 3965 info: 0.15s
2026-07-05 02:38:08,303 [DEBUG] yfinance OK: 3965
2026-07-05 02:38:08,517 [DEBUG] [TIME] 3965 income_stmt: 0.21s
2026-07-05 02:38:08,751 [DEBUG] [TIME] 3965 balance_sheet: 0.23s
2026-07-05 02:38:08,954 [DEBUG] [TIME] 3965 cashflow: 0.20s
2026-07-05 02:38:09,111 [DEBUG] [TIME] 3965 dividends: 0.16s
2026-07-05 02:38:09,112 [INFO] [DETAIL] 3965 キャピタル・アセット・プランニング: income_stmt=OK, balance_sheet=OK, cashflow=OK, dividends=OK
2026-07-05 02:38:09,112 [INFO] [TIME] 3965 キャピタル・アセット・プランニング 処理時間: 0.96s
2026-07-05 02:38:11,055 [DEBUG] [TIME] 3967 info: 0.15s
2026-07-05 02:38:11,055 [DEBUG] yfinance OK: 3967
2026-07-05 02:38:11,267 [DEBUG] [TIME] 3967 income_stmt: 0.21s
2026-07-05 02:38:11,583 [DEBUG] [TIME] 3967 balance_sheet: 0.32s
2026-07-05 02:38:11,846 [DEBUG] [TIME] 3967 cashflow: 0.26s
2026-07-05 02:38:11,964 [DEBUG] [TIME] 3967 dividends: 0.12s
2026-07-05 02:38:11,964 [INFO] [DETAIL] 3967 エルテス: income_stmt=OK, balance_sheet=OK, cashflow=OK, dividends=EMPTY
2026-07-05 02:38:11,964 [INFO] [TIME] 3967 エルテス 処理時間: 1.06s
2026-07-05 02:38:13,383 [DEBUG] [TIME] 3968 info: 0.18s
2026-07-05 02:38:13,383 [DEBUG] yfinance OK: 3968
2026-07-05 02:38:13,622 [DEBUG] [TIME] 3968 income_stmt: 0.24s
2026-07-05 02:38:13,915 [DEBUG] [TIME] 3968 balance_sheet: 0.29s
2026-07-05 02:38:14,180 [DEBUG] [TIME] 3968 cashflow: 0.26s
2026-07-05 02:38:14,464 [DEBUG] [TIME] 3968 dividends: 0.28s
2026-07-05 02:38:14,465 [INFO] [DETAIL] 3968 セグエグループ: income_stmt=OK, balance_sheet=OK, cashflow=OK, dividends=OK
2026-07-05 02:38:14,465 [INFO] [TIME] 3968 セグエグループ 処理時間: 1.26s
2026-07-05 02:38:16,507 [DEBUG] [TIME] 3969 info: 0.15s
2026-07-05 02:38:16,507 [DEBUG] yfinance OK: 3969
2026-07-05 02:38:16,748 [DEBUG] [TIME] 3969 income_stmt: 0.24s
2026-07-05 02:38:17,030 [DEBUG] [TIME] 3969 balance_sheet: 0.28s
2026-07-05 02:38:17,257 [DEBUG] [TIME] 3969 cashflow: 0.23s
2026-07-05 02:38:17,463 [DEBUG] [TIME] 3969 dividends: 0.21s
2026-07-05 02:38:17,464 [INFO] [DETAIL] 3969 エイトレッド: income_stmt=OK, balance_sheet=OK, cashflow=OK, dividends=OK
2026-07-05 02:38:17,464 [INFO] [TIME] 3969 エイトレッド 処理時間: 1.11s
2026-07-05 02:38:18,726 [DEBUG] [TIME] 3970 info: 0.21s
2026-07-05 02:38:18,726 [DEBUG] yfinance OK: 3970
2026-07-05 02:38:18,924 [DEBUG] [TIME] 3970 income_stmt: 0.20s
2026-07-05 02:38:19,159 [DEBUG] [TIME] 3970 balance_sheet: 0.23s
2026-07-05 02:38:21,810 [DEBUG] [TIME] 3970 cashflow: 2.65s
2026-07-05 02:38:22,099 [DEBUG] [TIME] 3970 dividends: 0.29s
2026-07-05 02:38:22,100 [INFO] [DETAIL] 3970 イノベーション: income_stmt=OK, balance_sheet=OK, cashflow=OK, dividends=OK
2026-07-05 02:38:22,100 [INFO] [TIME] 3970 イノベーション 処理時間: 3.58s
2026-07-05 02:38:23,413 [DEBUG] [TIME] 3974 info: 0.17s
2026-07-05 02:38:23,414 [DEBUG] yfinance OK: 3974
2026-07-05 02:38:23,632 [DEBUG] [TIME] 3974 income_stmt: 0.22s
2026-07-05 02:38:23,891 [DEBUG] [TIME] 3974 balance_sheet: 0.26s
2026-07-05 02:38:24,179 [DEBUG] [TIME] 3974 cashflow: 0.29s
2026-07-05 02:38:24,629 [DEBUG] [TIME] 3974 dividends: 0.45s
2026-07-05 02:38:24,630 [INFO] [DETAIL] 3974 ＳＣＡＴ: income_stmt=OK, balance_sheet=OK, cashflow=OK, dividends=OK
2026-07-05 02:38:24,630 [INFO] [TIME] 3974 ＳＣＡＴ 処理時間: 1.38s
2026-07-05 02:38:25,981 [DEBUG] [TIME] 3976 info: 0.15s
2026-07-05 02:38:25,981 [DEBUG] yfinance OK: 3976
2026-07-05 02:38:26,186 [DEBUG] [TIME] 3976 income_stmt: 0.21s
2026-07-05 02:38:26,412 [DEBUG] [TIME] 3976 balance_sheet: 0.23s
2026-07-05 02:38:26,576 [DEBUG] [TIME] 3976 cashflow: 0.16s
2026-07-05 02:38:27,033 [DEBUG] [TIME] 3976 dividends: 0.46s
2026-07-05 02:38:27,033 [INFO] [DETAIL] 3976 シャノン: income_stmt=OK, balance_sheet=OK, cashflow=OK, dividends=EMPTY
2026-07-05 02:38:27,033 [INFO] [TIME] 3976 シャノン 処理時間: 1.20s
2026-07-05 02:38:29,016 [DEBUG] [TIME] 3979 info: 0.15s
2026-07-05 02:38:29,016 [DEBUG] yfinance OK: 3979
2026-07-05 02:38:29,208 [DEBUG] [TIME] 3979 income_stmt: 0.19s
2026-07-05 02:38:29,498 [DEBUG] [TIME] 3979 balance_sheet: 0.29s
2026-07-05 02:38:29,731 [DEBUG] [TIME] 3979 cashflow: 0.23s
2026-07-05 02:38:29,876 [DEBUG] [TIME] 3979 dividends: 0.14s
2026-07-05 02:38:29,877 [INFO] [DETAIL] 3979 うるる: income_stmt=OK, balance_sheet=OK, cashflow=OK, dividends=OK
2026-07-05 02:38:29,877 [INFO] [TIME] 3979 うるる 処理時間: 1.01s
2026-07-05 02:38:31,367 [DEBUG] [TIME] 3981 info: 0.23s
2026-07-05 02:38:31,367 [DEBUG] yfinance OK: 3981
2026-07-05 02:38:31,570 [DEBUG] [TIME] 3981 income_stmt: 0.20s
2026-07-05 02:38:31,811 [DEBUG] [TIME] 3981 balance_sheet: 0.24s
2026-07-05 02:38:32,041 [DEBUG] [TIME] 3981 cashflow: 0.23s
2026-07-05 02:38:32,380 [DEBUG] [TIME] 3981 dividends: 0.34s
2026-07-05 02:38:32,381 [INFO] [DETAIL] 3981 ビーグリー: income_stmt=OK, balance_sheet=OK, cashflow=OK, dividends=OK
2026-07-05 02:38:32,382 [INFO] [TIME] 3981 ビーグリー 処理時間: 1.24s
2026-07-05 02:38:33,726 [DEBUG] [TIME] 3983 info: 0.18s
2026-07-05 02:38:33,726 [DEBUG] yfinance OK: 3983
2026-07-05 02:38:33,935 [DEBUG] [TIME] 3983 income_stmt: 0.21s
2026-07-05 02:38:34,147 [DEBUG] [TIME] 3983 balance_sheet: 0.21s
2026-07-05 02:38:34,356 [DEBUG] [TIME] 3983 cashflow: 0.21s
2026-07-05 02:38:34,872 [DEBUG] [TIME] 3983 dividends: 0.52s
2026-07-05 02:38:34,873 [INFO] [DETAIL] 3983 オロ: income_stmt=OK, balance_sheet=OK, cashflow=OK, dividends=OK
2026-07-05 02:38:34,873 [INFO] [TIME] 3983 オロ 処理時間: 1.33s
2026-07-05 02:38:36,218 [DEBUG] [TIME] 3984 info: 0.18s
2026-07-05 02:38:36,218 [DEBUG] yfinance OK: 3984
2026-07-05 02:38:36,448 [DEBUG] [TIME] 3984 income_stmt: 0.23s
2026-07-05 02:38:36,672 [DEBUG] [TIME] 3984 balance_sheet: 0.22s
2026-07-05 02:38:36,888 [DEBUG] [TIME] 3984 cashflow: 0.22s
2026-07-05 02:38:37,033 [DEBUG] [TIME] 3984 dividends: 0.14s
2026-07-05 02:38:37,034 [INFO] [DETAIL] 3984 ユーザーローカル: income_stmt=OK, balance_sheet=OK, cashflow=OK, dividends=OK
2026-07-05 02:38:37,035 [INFO] [TIME] 3984 ユーザーローカル 処理時間: 0.99s
2026-07-05 02:38:38,400 [DEBUG] [TIME] 3985 info: 0.14s
2026-07-05 02:38:38,400 [DEBUG] yfinance OK: 3985
2026-07-05 02:38:38,603 [DEBUG] [TIME] 3985 income_stmt: 0.20s
2026-07-05 02:38:38,852 [DEBUG] [TIME] 3985 balance_sheet: 0.25s
2026-07-05 02:38:39,101 [DEBUG] [TIME] 3985 cashflow: 0.25s
2026-07-05 02:38:39,373 [DEBUG] [TIME] 3985 dividends: 0.27s
2026-07-05 02:38:39,373 [INFO] [DETAIL] 3985 テモナ: income_stmt=OK, balance_sheet=OK, cashflow=OK, dividends=EMPTY
2026-07-05 02:38:39,373 [INFO] [TIME] 3985 テモナ 処理時間: 1.12s
2026-07-05 02:38:41,478 [DEBUG] [TIME] 3986 info: 0.15s
2026-07-05 02:38:41,478 [DEBUG] yfinance OK: 3986
2026-07-05 02:38:41,641 [DEBUG] [TIME] 3986 income_stmt: 0.16s
2026-07-05 02:38:41,832 [DEBUG] [TIME] 3986 balance_sheet: 0.19s
2026-07-05 02:38:42,048 [DEBUG] [TIME] 3986 cashflow: 0.21s
2026-07-05 02:38:42,203 [DEBUG] [TIME] 3986 dividends: 0.15s
2026-07-05 02:38:42,204 [INFO] [DETAIL] 3986 ビーブレイクシステムズ: income_stmt=OK, balance_sheet=OK, cashflow=OK, dividends=OK
2026-07-05 02:38:42,204 [INFO] [TIME] 3986 ビーブレイクシステムズ 処理時間: 0.88s
2026-07-05 02:38:43,984 [DEBUG] [TIME] 3987 info: 0.16s
2026-07-05 02:38:43,984 [DEBUG] yfinance OK: 3987
2026-07-05 02:38:44,163 [DEBUG] [TIME] 3987 income_stmt: 0.18s
2026-07-05 02:38:44,410 [DEBUG] [TIME] 3987 balance_sheet: 0.25s
2026-07-05 02:38:44,651 [DEBUG] [TIME] 3987 cashflow: 0.24s
2026-07-05 02:38:44,779 [DEBUG] [TIME] 3987 dividends: 0.13s
2026-07-05 02:38:44,780 [INFO] [DETAIL] 3987 エコモット: income_stmt=OK, balance_sheet=OK, cashflow=OK, dividends=EMPTY
2026-07-05 02:38:44,780 [INFO] [TIME] 3987 エコモット 処理時間: 0.96s
2026-07-05 02:38:46,493 [DEBUG] [TIME] 3988 info: 0.18s
2026-07-05 02:38:46,493 [DEBUG] yfinance OK: 3988
2026-07-05 02:38:46,647 [DEBUG] [TIME] 3988 income_stmt: 0.15s
2026-07-05 02:38:46,918 [DEBUG] [TIME] 3988 balance_sheet: 0.27s
2026-07-05 02:38:47,170 [DEBUG] [TIME] 3988 cashflow: 0.25s
2026-07-05 02:38:47,413 [DEBUG] [TIME] 3988 dividends: 0.24s
2026-07-05 02:38:47,414 [INFO] [DETAIL] 3988 ＳＹＳホールディングス: income_stmt=OK, balance_sheet=OK, cashflow=OK, dividends=OK
2026-07-05 02:38:47,415 [INFO] [TIME] 3988 ＳＹＳホールディングス 処理時間: 1.10s
2026-07-05 02:38:49,297 [DEBUG] [TIME] 3989 info: 0.16s
2026-07-05 02:38:49,297 [DEBUG] yfinance OK: 3989
2026-07-05 02:38:49,483 [DEBUG] [TIME] 3989 income_stmt: 0.19s
2026-07-05 02:38:49,803 [DEBUG] [TIME] 3989 balance_sheet: 0.32s
2026-07-05 02:38:50,051 [DEBUG] [TIME] 3989 cashflow: 0.25s
2026-07-05 02:38:50,320 [DEBUG] [TIME] 3989 dividends: 0.27s
2026-07-05 02:38:50,321 [INFO] [DETAIL] 3989 シェアリングテクノロジー: income_stmt=OK, balance_sheet=OK, cashflow=OK, dividends=OK
2026-07-05 02:38:50,322 [INFO] [TIME] 3989 シェアリングテクノロジー 処理時間: 1.19s
2026-07-05 02:38:52,188 [DEBUG] [TIME] 3991 info: 0.16s
2026-07-05 02:38:52,188 [DEBUG] yfinance OK: 3991
2026-07-05 02:38:52,464 [DEBUG] [TIME] 3991 income_stmt: 0.28s
2026-07-05 02:38:52,696 [DEBUG] [TIME] 3991 balance_sheet: 0.23s
2026-07-05 02:38:52,934 [DEBUG] [TIME] 3991 cashflow: 0.24s
2026-07-05 02:38:53,074 [DEBUG] [TIME] 3991 dividends: 0.14s
2026-07-05 02:38:53,075 [INFO] [DETAIL] 3991 ウォンテッドリー: income_stmt=OK, balance_sheet=OK, cashflow=OK, dividends=OK
2026-07-05 02:38:53,075 [INFO] [TIME] 3991 ウォンテッドリー 処理時間: 1.04s
2026-07-05 02:38:54,292 [DEBUG] [TIME] 3992 info: 0.14s
2026-07-05 02:38:54,292 [DEBUG] yfinance OK: 3992
2026-07-05 02:38:54,503 [DEBUG] [TIME] 3992 income_stmt: 0.21s
2026-07-05 02:38:54,747 [DEBUG] [TIME] 3992 balance_sheet: 0.24s
2026-07-05 02:38:54,982 [DEBUG] [TIME] 3992 cashflow: 0.23s
2026-07-05 02:38:55,224 [DEBUG] [TIME] 3992 dividends: 0.24s
2026-07-05 02:38:55,225 [INFO] [DETAIL] 3992 ニーズウェル: income_stmt=OK, balance_sheet=OK, cashflow=OK, dividends=OK
2026-07-05 02:38:55,225 [INFO] [TIME] 3992 ニーズウェル 処理時間: 1.07s
2026-07-05 02:38:57,290 [DEBUG] [TIME] 3993 info: 0.19s
2026-07-05 02:38:57,290 [DEBUG] yfinance OK: 3993
2026-07-05 02:38:57,485 [DEBUG] [TIME] 3993 income_stmt: 0.19s
2026-07-05 02:38:57,702 [DEBUG] [TIME] 3993 balance_sheet: 0.22s
2026-07-05 02:38:57,912 [DEBUG] [TIME] 3993 cashflow: 0.21s
2026-07-05 02:38:58,185 [DEBUG] [TIME] 3993 dividends: 0.27s
2026-07-05 02:38:58,185 [INFO] [DETAIL] 3993 ＰＫＳＨＡ　Ｔｅｃｈｎｏｌｏｇｙ: income_stmt=OK, balance_sheet=OK, cashflow=OK, dividends=EMPTY
2026-07-05 02:38:58,186 [INFO] [TIME] 3993 ＰＫＳＨＡ　Ｔｅｃｈｎｏｌｏｇｙ 処理時間: 1.08s
2026-07-05 02:38:59,648 [DEBUG] [TIME] 3994 info: 0.20s
2026-07-05 02:38:59,648 [DEBUG] yfinance OK: 3994
2026-07-05 02:38:59,835 [DEBUG] [TIME] 3994 income_stmt: 0.19s
2026-07-05 02:39:00,142 [DEBUG] [TIME] 3994 balance_sheet: 0.31s
2026-07-05 02:39:00,372 [DEBUG] [TIME] 3994 cashflow: 0.23s
2026-07-05 02:39:00,475 [DEBUG] [TIME] 3994 dividends: 0.10s
2026-07-05 02:39:00,476 [INFO] [DETAIL] 3994 マネーフォワード: income_stmt=OK, balance_sheet=OK, cashflow=OK, dividends=EMPTY
2026-07-05 02:39:00,476 [INFO] [TIME] 3994 マネーフォワード 処理時間: 1.03s
2026-07-05 02:39:02,617 [DEBUG] [TIME] 3996 info: 0.14s
2026-07-05 02:39:02,617 [DEBUG] yfinance OK: 3996
2026-07-05 02:39:02,801 [DEBUG] [TIME] 3996 income_stmt: 0.18s
2026-07-05 02:39:03,066 [DEBUG] [TIME] 3996 balance_sheet: 0.26s
2026-07-05 02:39:03,296 [DEBUG] [TIME] 3996 cashflow: 0.23s
2026-07-05 02:39:03,549 [DEBUG] [TIME] 3996 dividends: 0.25s
2026-07-05 02:39:03,550 [INFO] [DETAIL] 3996 サインポスト: income_stmt=OK, balance_sheet=OK, cashflow=OK, dividends=OK
2026-07-05 02:39:03,551 [INFO] [TIME] 3996 サインポスト 処理時間: 1.07s
2026-07-05 02:39:04,794 [DEBUG] [TIME] 3997 info: 0.15s
2026-07-05 02:39:04,794 [DEBUG] yfinance OK: 3997
2026-07-05 02:39:05,015 [DEBUG] [TIME] 3997 income_stmt: 0.22s
2026-07-05 02:39:05,317 [DEBUG] [TIME] 3997 balance_sheet: 0.30s
2026-07-05 02:39:05,533 [DEBUG] [TIME] 3997 cashflow: 0.22s
2026-07-05 02:39:05,763 [DEBUG] [TIME] 3997 dividends: 0.23s
2026-07-05 02:39:05,764 [INFO] [DETAIL] 3997 トレードワークス: income_stmt=OK, balance_sheet=OK, cashflow=OK, dividends=OK
2026-07-05 02:39:05,764 [INFO] [TIME] 3997 トレードワークス 処理時間: 1.12s
2026-07-05 02:39:06,990 [DEBUG] [TIME] 3998 info: 0.17s
2026-07-05 02:39:06,990 [DEBUG] yfinance OK: 3998
2026-07-05 02:39:07,204 [DEBUG] [TIME] 3998 income_stmt: 0.21s
2026-07-05 02:39:07,433 [DEBUG] [TIME] 3998 balance_sheet: 0.23s
2026-07-05 02:39:07,673 [DEBUG] [TIME] 3998 cashflow: 0.24s
2026-07-05 02:39:08,222 [DEBUG] [TIME] 3998 dividends: 0.55s
2026-07-05 02:39:08,222 [INFO] [DETAIL] 3998 すららネット: income_stmt=OK, balance_sheet=OK, cashflow=OK, dividends=EMPTY
2026-07-05 02:39:08,223 [INFO] [TIME] 3998 すららネット 処理時間: 1.41s
2026-07-05 02:39:10,014 [DEBUG] [TIME] 4004 info: 0.17s
2026-07-05 02:39:10,014 [DEBUG] yfinance OK: 4004
2026-07-05 02:39:10,252 [DEBUG] [TIME] 4004 income_stmt: 0.24s
2026-07-05 02:39:10,509 [DEBUG] [TIME] 4004 balance_sheet: 0.26s
2026-07-05 02:39:10,720 [DEBUG] [TIME] 4004 cashflow: 0.21s
2026-07-05 02:39:11,206 [DEBUG] [TIME] 4004 dividends: 0.48s
2026-07-05 02:39:11,207 [INFO] [DETAIL] 4004 レゾナック・ホールディングス: income_stmt=OK, balance_sheet=OK, cashflow=OK, dividends=OK
2026-07-05 02:39:11,207 [INFO] [TIME] 4004 レゾナック・ホールディングス 処理時間: 1.36s
2026-07-05 02:39:12,886 [DEBUG] [TIME] 4005 info: 0.16s
2026-07-05 02:39:12,886 [DEBUG] yfinance OK: 4005
2026-07-05 02:39:13,115 [DEBUG] [TIME] 4005 income_stmt: 0.23s
2026-07-05 02:39:13,380 [DEBUG] [TIME] 4005 balance_sheet: 0.26s
2026-07-05 02:39:13,603 [DEBUG] [TIME] 4005 cashflow: 0.22s
2026-07-05 02:39:13,878 [DEBUG] [TIME] 4005 dividends: 0.27s
2026-07-05 02:39:13,879 [INFO] [DETAIL] 4005 住友化学: income_stmt=OK, balance_sheet=OK, cashflow=OK, dividends=OK
2026-07-05 02:39:13,879 [INFO] [TIME] 4005 住友化学 処理時間: 1.15s
2026-07-05 02:39:15,245 [DEBUG] [TIME] 4008 info: 0.19s
2026-07-05 02:39:15,245 [DEBUG] yfinance OK: 4008
2026-07-05 02:39:15,484 [DEBUG] [TIME] 4008 income_stmt: 0.24s
2026-07-05 02:39:15,745 [DEBUG] [TIME] 4008 balance_sheet: 0.26s
2026-07-05 02:39:15,988 [DEBUG] [TIME] 4008 cashflow: 0.24s
2026-07-05 02:39:16,460 [DEBUG] [TIME] 4008 dividends: 0.47s
2026-07-05 02:39:16,461 [INFO] [DETAIL] 4008 住友精化: income_stmt=OK, balance_sheet=OK, cashflow=OK, dividends=OK
2026-07-05 02:39:16,461 [INFO] [TIME] 4008 住友精化 処理時間: 1.41s
2026-07-05 02:39:18,506 [DEBUG] [TIME] 4011 info: 0.18s
2026-07-05 02:39:18,507 [DEBUG] yfinance OK: 4011
2026-07-05 02:39:18,730 [DEBUG] [TIME] 4011 income_stmt: 0.22s
2026-07-05 02:39:18,991 [DEBUG] [TIME] 4011 balance_sheet: 0.26s
2026-07-05 02:39:19,211 [DEBUG] [TIME] 4011 cashflow: 0.22s
2026-07-05 02:39:19,524 [DEBUG] [TIME] 4011 dividends: 0.31s
2026-07-05 02:39:19,524 [INFO] [DETAIL] 4011 ヘッドウォータース: income_stmt=OK, balance_sheet=OK, cashflow=OK, dividends=EMPTY
2026-07-05 02:39:19,524 [INFO] [TIME] 4011 ヘッドウォータース 処理時間: 1.20s
2026-07-05 02:39:20,808 [DEBUG] [TIME] 4012 info: 0.20s
2026-07-05 02:39:20,808 [DEBUG] yfinance OK: 4012
2026-07-05 02:39:21,016 [DEBUG] [TIME] 4012 income_stmt: 0.21s
2026-07-05 02:39:21,262 [DEBUG] [TIME] 4012 balance_sheet: 0.25s
2026-07-05 02:39:21,502 [DEBUG] [TIME] 4012 cashflow: 0.24s
2026-07-05 02:39:21,843 [DEBUG] [TIME] 4012 dividends: 0.34s
2026-07-05 02:39:21,844 [INFO] [DETAIL] 4012 アクシス: income_stmt=OK, balance_sheet=OK, cashflow=OK, dividends=OK
2026-07-05 02:39:21,844 [INFO] [TIME] 4012 アクシス 処理時間: 1.23s
2026-07-05 02:39:23,872 [DEBUG] [TIME] 4013 info: 0.15s
2026-07-05 02:39:23,872 [DEBUG] yfinance OK: 4013
2026-07-05 02:39:24,060 [DEBUG] [TIME] 4013 income_stmt: 0.19s
2026-07-05 02:39:24,309 [DEBUG] [TIME] 4013 balance_sheet: 0.25s
2026-07-05 02:39:24,515 [DEBUG] [TIME] 4013 cashflow: 0.21s
2026-07-05 02:39:24,801 [DEBUG] [TIME] 4013 dividends: 0.29s
2026-07-05 02:39:24,802 [INFO] [DETAIL] 4013 勤次郎: income_stmt=OK, balance_sheet=OK, cashflow=OK, dividends=OK
2026-07-05 02:39:24,803 [INFO] [TIME] 4013 勤次郎 処理時間: 1.08s
2026-07-05 02:39:26,856 [DEBUG] [TIME] 4014 info: 0.15s
2026-07-05 02:39:26,856 [DEBUG] yfinance OK: 4014
2026-07-05 02:39:27,066 [DEBUG] [TIME] 4014 income_stmt: 0.21s
2026-07-05 02:39:27,335 [DEBUG] [TIME] 4014 balance_sheet: 0.27s
2026-07-05 02:39:27,522 [DEBUG] [TIME] 4014 cashflow: 0.19s
2026-07-05 02:39:27,787 [DEBUG] [TIME] 4014 dividends: 0.27s
2026-07-05 02:39:27,788 [INFO] [DETAIL] 4014 カラダノート: income_stmt=OK, balance_sheet=OK, cashflow=OK, dividends=EMPTY
2026-07-05 02:39:27,788 [INFO] [TIME] 4014 カラダノート 処理時間: 1.08s
2026-07-05 02:39:29,607 [DEBUG] [TIME] 4015 info: 0.18s
2026-07-05 02:39:29,607 [DEBUG] yfinance OK: 4015
2026-07-05 02:39:29,774 [DEBUG] [TIME] 4015 income_stmt: 0.17s
2026-07-05 02:39:29,999 [DEBUG] [TIME] 4015 balance_sheet: 0.22s
2026-07-05 02:39:30,203 [DEBUG] [TIME] 4015 cashflow: 0.20s
2026-07-05 02:39:30,283 [DEBUG] [TIME] 4015 dividends: 0.08s
2026-07-05 02:39:30,283 [INFO] [DETAIL] 4015 ペイクラウドホールディングス: income_stmt=OK, balance_sheet=OK, cashflow=OK, dividends=EMPTY
2026-07-05 02:39:30,283 [INFO] [TIME] 4015 ペイクラウドホールディングス 処理時間: 0.86s
2026-07-05 02:39:32,445 [DEBUG] [TIME] 4016 info: 0.20s
2026-07-05 02:39:32,445 [DEBUG] yfinance OK: 4016
2026-07-05 02:39:32,677 [DEBUG] [TIME] 4016 income_stmt: 0.23s
2026-07-05 02:39:32,987 [DEBUG] [TIME] 4016 balance_sheet: 0.31s
2026-07-05 02:39:33,208 [DEBUG] [TIME] 4016 cashflow: 0.22s
2026-07-05 02:39:33,342 [DEBUG] [TIME] 4016 dividends: 0.13s
2026-07-05 02:39:33,343 [INFO] [DETAIL] 4016 ＭＩＴホールディングス: income_stmt=OK, balance_sheet=OK, cashflow=OK, dividends=OK
2026-07-05 02:39:33,343 [INFO] [TIME] 4016 ＭＩＴホールディングス 処理時間: 1.10s
2026-07-05 02:39:35,500 [DEBUG] [TIME] 4017 info: 0.17s
2026-07-05 02:39:35,500 [DEBUG] yfinance OK: 4017
2026-07-05 02:39:35,715 [DEBUG] [TIME] 4017 income_stmt: 0.22s
2026-07-05 02:39:36,016 [DEBUG] [TIME] 4017 balance_sheet: 0.30s
2026-07-05 02:39:36,230 [DEBUG] [TIME] 4017 cashflow: 0.21s
2026-07-05 02:39:36,594 [DEBUG] [TIME] 4017 dividends: 0.36s
2026-07-05 02:39:36,594 [INFO] [DETAIL] 4017 クリーマ: income_stmt=OK, balance_sheet=OK, cashflow=OK, dividends=EMPTY
2026-07-05 02:39:36,594 [INFO] [TIME] 4017 クリーマ 処理時間: 1.26s
2026-07-05 02:39:37,908 [DEBUG] [TIME] 4019 info: 0.16s
2026-07-05 02:39:37,908 [DEBUG] yfinance OK: 4019
2026-07-05 02:39:38,094 [DEBUG] [TIME] 4019 income_stmt: 0.19s
2026-07-05 02:39:38,354 [DEBUG] [TIME] 4019 balance_sheet: 0.26s
2026-07-05 02:39:38,589 [DEBUG] [TIME] 4019 cashflow: 0.23s
2026-07-05 02:39:38,987 [DEBUG] [TIME] 4019 dividends: 0.40s
2026-07-05 02:39:38,988 [INFO] [DETAIL] 4019 スタメン: income_stmt=OK, balance_sheet=OK, cashflow=OK, dividends=OK
2026-07-05 02:39:38,988 [INFO] [TIME] 4019 スタメン 処理時間: 1.24s
2026-07-05 02:39:40,351 [DEBUG] [TIME] 4020 info: 0.16s
2026-07-05 02:39:40,352 [DEBUG] yfinance OK: 4020
2026-07-05 02:39:40,604 [DEBUG] [TIME] 4020 income_stmt: 0.25s
2026-07-05 02:39:40,872 [DEBUG] [TIME] 4020 balance_sheet: 0.27s
2026-07-05 02:39:41,067 [DEBUG] [TIME] 4020 cashflow: 0.19s
2026-07-05 02:39:41,288 [DEBUG] [TIME] 4020 dividends: 0.22s
2026-07-05 02:39:41,288 [INFO] [DETAIL] 4020 ビートレンド: income_stmt=OK, balance_sheet=OK, cashflow=OK, dividends=EMPTY
2026-07-05 02:39:41,288 [INFO] [TIME] 4020 ビートレンド 処理時間: 1.09s
2026-07-05 02:39:43,122 [DEBUG] [TIME] 4021 info: 0.21s
2026-07-05 02:39:43,122 [DEBUG] yfinance OK: 4021
2026-07-05 02:39:43,305 [DEBUG] [TIME] 4021 income_stmt: 0.18s
2026-07-05 02:39:43,592 [DEBUG] [TIME] 4021 balance_sheet: 0.29s
2026-07-05 02:39:43,793 [DEBUG] [TIME] 4021 cashflow: 0.20s
2026-07-05 02:39:44,433 [DEBUG] [TIME] 4021 dividends: 0.64s
2026-07-05 02:39:44,434 [INFO] [DETAIL] 4021 日産化学: income_stmt=OK, balance_sheet=OK, cashflow=OK, dividends=OK
2026-07-05 02:39:44,434 [INFO] [TIME] 4021 日産化学 処理時間: 1.52s
2026-07-05 02:39:45,665 [DEBUG] [TIME] 4022 info: 0.17s
2026-07-05 02:39:45,665 [DEBUG] yfinance OK: 4022
2026-07-05 02:39:45,872 [DEBUG] [TIME] 4022 income_stmt: 0.21s
2026-07-05 02:39:46,150 [DEBUG] [TIME] 4022 balance_sheet: 0.28s
2026-07-05 02:39:46,365 [DEBUG] [TIME] 4022 cashflow: 0.21s
2026-07-05 02:39:46,595 [DEBUG] [TIME] 4022 dividends: 0.23s
2026-07-05 02:39:46,596 [INFO] [DETAIL] 4022 ラサ工業: income_stmt=OK, balance_sheet=OK, cashflow=OK, dividends=OK
2026-07-05 02:39:46,596 [INFO] [TIME] 4022 ラサ工業 処理時間: 1.10s
2026-07-05 02:39:48,506 [DEBUG] [TIME] 4023 info: 0.17s
2026-07-05 02:39:48,506 [DEBUG] yfinance OK: 4023
2026-07-05 02:39:48,736 [DEBUG] [TIME] 4023 income_stmt: 0.23s
2026-07-05 02:39:49,002 [DEBUG] [TIME] 4023 balance_sheet: 0.27s
2026-07-05 02:39:49,210 [DEBUG] [TIME] 4023 cashflow: 0.21s
2026-07-05 02:39:49,850 [DEBUG] [TIME] 4023 dividends: 0.64s
2026-07-05 02:39:49,851 [INFO] [DETAIL] 4023 クレハ: income_stmt=OK, balance_sheet=OK, cashflow=OK, dividends=OK
2026-07-05 02:39:49,851 [INFO] [TIME] 4023 クレハ 処理時間: 1.51s
2026-07-05 02:39:51,858 [DEBUG] [TIME] 4025 info: 0.15s
2026-07-05 02:39:51,858 [DEBUG] yfinance OK: 4025
2026-07-05 02:39:52,063 [DEBUG] [TIME] 4025 income_stmt: 0.20s
2026-07-05 02:39:52,310 [DEBUG] [TIME] 4025 balance_sheet: 0.25s
2026-07-05 02:39:52,474 [DEBUG] [TIME] 4025 cashflow: 0.16s
2026-07-05 02:39:52,895 [DEBUG] [TIME] 4025 dividends: 0.42s
2026-07-05 02:39:52,896 [INFO] [DETAIL] 4025 多木化学: income_stmt=OK, balance_sheet=OK, cashflow=OK, dividends=OK
2026-07-05 02:39:52,896 [INFO] [TIME] 4025 多木化学 処理時間: 1.19s
2026-07-05 02:39:54,832 [DEBUG] [TIME] 4026 info: 0.17s
2026-07-05 02:39:54,832 [DEBUG] yfinance OK: 4026
2026-07-05 02:39:55,006 [DEBUG] [TIME] 4026 income_stmt: 0.17s
2026-07-05 02:39:55,274 [DEBUG] [TIME] 4026 balance_sheet: 0.27s
2026-07-05 02:39:55,479 [DEBUG] [TIME] 4026 cashflow: 0.20s
2026-07-05 02:39:55,954 [DEBUG] [TIME] 4026 dividends: 0.47s
2026-07-05 02:39:55,955 [INFO] [DETAIL] 4026 神島化学工業: income_stmt=OK, balance_sheet=OK, cashflow=OK, dividends=OK
2026-07-05 02:39:55,955 [INFO] [TIME] 4026 神島化学工業 処理時間: 1.29s
2026-07-05 02:39:57,627 [DEBUG] [TIME] 4027 info: 0.20s
2026-07-05 02:39:57,627 [DEBUG] yfinance OK: 4027
2026-07-05 02:39:57,858 [DEBUG] [TIME] 4027 income_stmt: 0.23s
2026-07-05 02:39:58,155 [DEBUG] [TIME] 4027 balance_sheet: 0.30s
2026-07-05 02:39:58,331 [DEBUG] [TIME] 4027 cashflow: 0.18s
2026-07-05 02:39:58,599 [DEBUG] [TIME] 4027 dividends: 0.27s
2026-07-05 02:39:58,600 [INFO] [DETAIL] 4027 テイカ: income_stmt=OK, balance_sheet=OK, cashflow=OK, dividends=OK
2026-07-05 02:39:58,600 [INFO] [TIME] 4027 テイカ 処理時間: 1.17s
2026-07-05 02:39:59,966 [DEBUG] [TIME] 4028 info: 0.18s
2026-07-05 02:39:59,966 [DEBUG] yfinance OK: 4028
2026-07-05 02:40:00,218 [DEBUG] [TIME] 4028 income_stmt: 0.25s
2026-07-05 02:40:00,492 [DEBUG] [TIME] 4028 balance_sheet: 0.27s
2026-07-05 02:40:00,684 [DEBUG] [TIME] 4028 cashflow: 0.19s
2026-07-05 02:40:00,917 [DEBUG] [TIME] 4028 dividends: 0.23s
2026-07-05 02:40:00,918 [INFO] [DETAIL] 4028 石原産業: income_stmt=OK, balance_sheet=OK, cashflow=OK, dividends=OK
2026-07-05 02:40:00,918 [INFO] [TIME] 4028 石原産業 処理時間: 1.14s
2026-07-05 02:40:03,121 [DEBUG] [TIME] 402A info: 0.22s
2026-07-05 02:40:03,121 [DEBUG] yfinance OK: 402A
2026-07-05 02:40:03,308 [DEBUG] [TIME] 402A income_stmt: 0.19s
2026-07-05 02:40:03,529 [DEBUG] [TIME] 402A balance_sheet: 0.22s
2026-07-05 02:40:03,758 [DEBUG] [TIME] 402A cashflow: 0.23s
2026-07-05 02:40:03,875 [DEBUG] [TIME] 402A dividends: 0.12s
2026-07-05 02:40:03,875 [INFO] [DETAIL] 402A アクセルスペースホールディングス: income_stmt=OK, balance_sheet=OK, cashflow=OK, dividends=EMPTY
2026-07-05 02:40:03,875 [INFO] [TIME] 402A アクセルスペースホールディングス 処理時間: 0.97s
2026-07-05 02:40:05,143 [DEBUG] [TIME] 4031 info: 0.15s
2026-07-05 02:40:05,143 [DEBUG] yfinance OK: 4031
2026-07-05 02:40:05,374 [DEBUG] [TIME] 4031 income_stmt: 0.23s
2026-07-05 02:40:05,728 [DEBUG] [TIME] 4031 balance_sheet: 0.35s
2026-07-05 02:40:05,931 [DEBUG] [TIME] 4031 cashflow: 0.20s
2026-07-05 02:40:06,243 [DEBUG] [TIME] 4031 dividends: 0.31s
2026-07-05 02:40:06,244 [INFO] [DETAIL] 4031 片倉コープアグリ: income_stmt=OK, balance_sheet=OK, cashflow=OK, dividends=OK
2026-07-05 02:40:06,244 [INFO] [TIME] 4031 片倉コープアグリ 処理時間: 1.25s
2026-07-05 02:40:07,532 [DEBUG] [TIME] 4040 info: 0.18s
2026-07-05 02:40:07,532 [DEBUG] yfinance OK: 4040
2026-07-05 02:40:07,736 [DEBUG] [TIME] 4040 income_stmt: 0.20s
2026-07-05 02:40:07,981 [DEBUG] [TIME] 4040 balance_sheet: 0.24s
2026-07-05 02:40:08,224 [DEBUG] [TIME] 4040 cashflow: 0.24s
2026-07-05 02:40:08,703 [DEBUG] [TIME] 4040 dividends: 0.48s
2026-07-05 02:40:08,704 [INFO] [DETAIL] 4040 南海化学: income_stmt=OK, balance_sheet=OK, cashflow=OK, dividends=OK
2026-07-05 02:40:08,705 [INFO] [TIME] 4040 南海化学 処理時間: 1.35s
2026-07-05 02:40:10,452 [DEBUG] [TIME] 4041 info: 0.15s
2026-07-05 02:40:10,452 [DEBUG] yfinance OK: 4041
2026-07-05 02:40:10,651 [DEBUG] [TIME] 4041 income_stmt: 0.20s
2026-07-05 02:40:10,887 [DEBUG] [TIME] 4041 balance_sheet: 0.24s
2026-07-05 02:40:11,164 [DEBUG] [TIME] 4041 cashflow: 0.28s
2026-07-05 02:40:11,607 [DEBUG] [TIME] 4041 dividends: 0.44s
2026-07-05 02:40:11,608 [INFO] [DETAIL] 4041 日本曹達: income_stmt=OK, balance_sheet=OK, cashflow=OK, dividends=OK
2026-07-05 02:40:11,609 [INFO] [TIME] 4041 日本曹達 処理時間: 1.31s
2026-07-05 02:40:13,163 [DEBUG] [TIME] 4042 info: 0.18s
2026-07-05 02:40:13,163 [DEBUG] yfinance OK: 4042
2026-07-05 02:40:13,408 [DEBUG] [TIME] 4042 income_stmt: 0.25s
2026-07-05 02:40:13,629 [DEBUG] [TIME] 4042 balance_sheet: 0.22s
2026-07-05 02:40:13,865 [DEBUG] [TIME] 4042 cashflow: 0.24s
2026-07-05 02:40:14,241 [DEBUG] [TIME] 4042 dividends: 0.38s
2026-07-05 02:40:14,242 [INFO] [DETAIL] 4042 東ソー: income_stmt=OK, balance_sheet=OK, cashflow=OK, dividends=OK
2026-07-05 02:40:14,242 [INFO] [TIME] 4042 東ソー 処理時間: 1.26s
2026-07-05 02:40:15,534 [DEBUG] [TIME] 4043 info: 0.18s
2026-07-05 02:40:15,535 [DEBUG] yfinance OK: 4043
2026-07-05 02:40:15,725 [DEBUG] [TIME] 4043 income_stmt: 0.19s
2026-07-05 02:40:16,002 [DEBUG] [TIME] 4043 balance_sheet: 0.28s
2026-07-05 02:40:16,258 [DEBUG] [TIME] 4043 cashflow: 0.25s
2026-07-05 02:40:16,496 [DEBUG] [TIME] 4043 dividends: 0.24s
2026-07-05 02:40:16,498 [INFO] [DETAIL] 4043 トクヤマ: income_stmt=OK, balance_sheet=OK, cashflow=OK, dividends=OK
2026-07-05 02:40:16,498 [INFO] [TIME] 4043 トクヤマ 処理時間: 1.15s
2026-07-05 02:40:18,365 [DEBUG] [TIME] 4044 info: 0.21s
2026-07-05 02:40:18,365 [DEBUG] yfinance OK: 4044
2026-07-05 02:40:18,556 [DEBUG] [TIME] 4044 income_stmt: 0.19s
2026-07-05 02:40:18,834 [DEBUG] [TIME] 4044 balance_sheet: 0.28s
2026-07-05 02:40:19,055 [DEBUG] [TIME] 4044 cashflow: 0.22s
2026-07-05 02:40:19,718 [DEBUG] [TIME] 4044 dividends: 0.66s
2026-07-05 02:40:19,719 [INFO] [DETAIL] 4044 セントラル硝子: income_stmt=OK, balance_sheet=OK, cashflow=OK, dividends=OK
2026-07-05 02:40:19,719 [INFO] [TIME] 4044 セントラル硝子 処理時間: 1.57s
2026-07-05 02:40:21,839 [DEBUG] [TIME] 4045 info: 0.17s
2026-07-05 02:40:21,839 [DEBUG] yfinance OK: 4045
2026-07-05 02:40:22,073 [DEBUG] [TIME] 4045 income_stmt: 0.23s
2026-07-05 02:40:22,353 [DEBUG] [TIME] 4045 balance_sheet: 0.28s
2026-07-05 02:40:22,569 [DEBUG] [TIME] 4045 cashflow: 0.22s
2026-07-05 02:40:22,895 [DEBUG] [TIME] 4045 dividends: 0.33s
2026-07-05 02:40:22,896 [INFO] [DETAIL] 4045 東亞合成: income_stmt=OK, balance_sheet=OK, cashflow=OK, dividends=OK
2026-07-05 02:40:22,896 [INFO] [TIME] 4045 東亞合成 処理時間: 1.23s
2026-07-05 02:40:24,468 [DEBUG] [TIME] 4046 info: 0.18s
2026-07-05 02:40:24,468 [DEBUG] yfinance OK: 4046
2026-07-05 02:40:24,686 [DEBUG] [TIME] 4046 income_stmt: 0.22s
2026-07-05 02:40:24,977 [DEBUG] [TIME] 4046 balance_sheet: 0.29s
2026-07-05 02:40:25,240 [DEBUG] [TIME] 4046 cashflow: 0.26s
2026-07-05 02:40:25,619 [DEBUG] [TIME] 4046 dividends: 0.38s
2026-07-05 02:40:25,620 [INFO] [DETAIL] 4046 大阪ソーダ: income_stmt=OK, balance_sheet=OK, cashflow=OK, dividends=OK
2026-07-05 02:40:25,620 [INFO] [TIME] 4046 大阪ソーダ 処理時間: 1.33s
2026-07-05 02:40:27,127 [DEBUG] [TIME] 4047 info: 0.16s
2026-07-05 02:40:27,127 [DEBUG] yfinance OK: 4047
2026-07-05 02:40:27,374 [DEBUG] [TIME] 4047 income_stmt: 0.25s
2026-07-05 02:40:27,650 [DEBUG] [TIME] 4047 balance_sheet: 0.28s
2026-07-05 02:40:27,819 [DEBUG] [TIME] 4047 cashflow: 0.17s
2026-07-05 02:40:28,106 [DEBUG] [TIME] 4047 dividends: 0.29s
2026-07-05 02:40:28,107 [INFO] [DETAIL] 4047 関東電化工業: income_stmt=OK, balance_sheet=OK, cashflow=OK, dividends=OK
2026-07-05 02:40:28,107 [INFO] [TIME] 4047 関東電化工業 処理時間: 1.14s
2026-07-05 02:40:29,825 [DEBUG] [TIME] 4051 info: 0.15s
2026-07-05 02:40:29,825 [DEBUG] yfinance OK: 4051
2026-07-05 02:40:30,067 [DEBUG] [TIME] 4051 income_stmt: 0.24s
2026-07-05 02:40:30,322 [DEBUG] [TIME] 4051 balance_sheet: 0.25s
2026-07-05 02:40:30,569 [DEBUG] [TIME] 4051 cashflow: 0.25s
2026-07-05 02:40:30,693 [DEBUG] [TIME] 4051 dividends: 0.12s
2026-07-05 02:40:30,694 [INFO] [DETAIL] 4051 ＧＭＯフィナンシャルゲート: income_stmt=OK, balance_sheet=OK, cashflow=OK, dividends=OK
2026-07-05 02:40:30,694 [INFO] [TIME] 4051 ＧＭＯフィナンシャルゲート 処理時間: 1.02s
2026-07-05 02:40:32,451 [DEBUG] [TIME] 4052 info: 0.15s
2026-07-05 02:40:32,451 [DEBUG] yfinance OK: 4052
2026-07-05 02:40:32,608 [DEBUG] [TIME] 4052 income_stmt: 0.16s
2026-07-05 02:40:32,842 [DEBUG] [TIME] 4052 balance_sheet: 0.23s
2026-07-05 02:40:33,016 [DEBUG] [TIME] 4052 cashflow: 0.17s
2026-07-05 02:40:33,186 [DEBUG] [TIME] 4052 dividends: 0.17s
2026-07-05 02:40:33,186 [INFO] [DETAIL] 4052 フィーチャ: income_stmt=OK, balance_sheet=OK, cashflow=OK, dividends=EMPTY
2026-07-05 02:40:33,186 [INFO] [TIME] 4052 フィーチャ 処理時間: 0.88s
2026-07-05 02:40:35,354 [DEBUG] [TIME] 4053 info: 0.17s
2026-07-05 02:40:35,354 [DEBUG] yfinance OK: 4053
2026-07-05 02:40:35,567 [DEBUG] [TIME] 4053 income_stmt: 0.21s
2026-07-05 02:40:36,058 [DEBUG] [TIME] 4053 balance_sheet: 0.49s
2026-07-05 02:40:36,266 [DEBUG] [TIME] 4053 cashflow: 0.21s
2026-07-05 02:40:36,435 [DEBUG] [TIME] 4053 dividends: 0.17s
2026-07-05 02:40:36,435 [INFO] [DETAIL] 4053 Ｓｕｎ　Ａｓｔｅｒｉｓｋ: income_stmt=OK, balance_sheet=OK, cashflow=OK, dividends=EMPTY
2026-07-05 02:40:36,435 [INFO] [TIME] 4053 Ｓｕｎ　Ａｓｔｅｒｉｓｋ 処理時間: 1.25s
2026-07-05 02:40:37,823 [DEBUG] [TIME] 4054 info: 0.18s
2026-07-05 02:40:37,823 [DEBUG] yfinance OK: 4054
2026-07-05 02:40:38,026 [DEBUG] [TIME] 4054 income_stmt: 0.20s
2026-07-05 02:40:38,257 [DEBUG] [TIME] 4054 balance_sheet: 0.23s
2026-07-05 02:40:38,474 [DEBUG] [TIME] 4054 cashflow: 0.22s
2026-07-05 02:40:39,114 [DEBUG] [TIME] 4054 dividends: 0.64s
2026-07-05 02:40:39,115 [INFO] [DETAIL] 4054 日本情報クリエイト: income_stmt=OK, balance_sheet=OK, cashflow=OK, dividends=OK
2026-07-05 02:40:39,115 [INFO] [TIME] 4054 日本情報クリエイト 処理時間: 1.47s
2026-07-05 02:40:40,481 [DEBUG] [TIME] 4055 info: 0.15s
2026-07-05 02:40:40,481 [DEBUG] yfinance OK: 4055
2026-07-05 02:40:40,651 [DEBUG] [TIME] 4055 income_stmt: 0.17s
2026-07-05 02:40:40,889 [DEBUG] [TIME] 4055 balance_sheet: 0.24s
2026-07-05 02:40:41,075 [DEBUG] [TIME] 4055 cashflow: 0.19s
2026-07-05 02:40:41,278 [DEBUG] [TIME] 4055 dividends: 0.20s
2026-07-05 02:40:41,280 [INFO] [DETAIL] 4055 ティアンドエスグループ: income_stmt=OK, balance_sheet=OK, cashflow=OK, dividends=OK
2026-07-05 02:40:41,280 [INFO] [TIME] 4055 ティアンドエスグループ 処理時間: 0.95s
2026-07-05 02:40:42,637 [DEBUG] [TIME] 4056 info: 0.16s
2026-07-05 02:40:42,637 [DEBUG] yfinance OK: 4056
2026-07-05 02:40:42,876 [DEBUG] [TIME] 4056 income_stmt: 0.24s
2026-07-05 02:40:43,156 [DEBUG] [TIME] 4056 balance_sheet: 0.28s
2026-07-05 02:40:43,390 [DEBUG] [TIME] 4056 cashflow: 0.23s
2026-07-05 02:40:43,505 [DEBUG] [TIME] 4056 dividends: 0.11s
2026-07-05 02:40:43,505 [INFO] [DETAIL] 4056 ニューラルグループ: income_stmt=OK, balance_sheet=OK, cashflow=OK, dividends=EMPTY
2026-07-05 02:40:43,506 [INFO] [TIME] 4056 ニューラルグループ 処理時間: 1.03s
2026-07-05 02:40:45,219 [DEBUG] [TIME] 4057 info: 0.17s
2026-07-05 02:40:45,219 [DEBUG] yfinance OK: 4057
2026-07-05 02:40:45,428 [DEBUG] [TIME] 4057 income_stmt: 0.21s
2026-07-05 02:40:45,683 [DEBUG] [TIME] 4057 balance_sheet: 0.25s
2026-07-05 02:40:45,863 [DEBUG] [TIME] 4057 cashflow: 0.18s
2026-07-05 02:40:46,126 [DEBUG] [TIME] 4057 dividends: 0.26s
2026-07-05 02:40:46,126 [INFO] [DETAIL] 4057 インターファクトリー: income_stmt=OK, balance_sheet=OK, cashflow=OK, dividends=EMPTY
2026-07-05 02:40:46,127 [INFO] [TIME] 4057 インターファクトリー 処理時間: 1.08s
2026-07-05 02:40:47,511 [DEBUG] [TIME] 4058 info: 0.17s
2026-07-05 02:40:47,511 [DEBUG] yfinance OK: 4058
2026-07-05 02:40:47,721 [DEBUG] [TIME] 4058 income_stmt: 0.21s
2026-07-05 02:40:47,964 [DEBUG] [TIME] 4058 balance_sheet: 0.24s
2026-07-05 02:40:48,169 [DEBUG] [TIME] 4058 cashflow: 0.20s
2026-07-05 02:40:48,430 [DEBUG] [TIME] 4058 dividends: 0.26s
2026-07-05 02:40:48,431 [INFO] [DETAIL] 4058 トヨクモ: income_stmt=OK, balance_sheet=OK, cashflow=OK, dividends=OK
2026-07-05 02:40:48,431 [INFO] [TIME] 4058 トヨクモ 処理時間: 1.09s
2026-07-05 02:40:49,866 [DEBUG] [TIME] 4059 info: 0.15s
2026-07-05 02:40:49,866 [DEBUG] yfinance OK: 4059
2026-07-05 02:40:50,036 [DEBUG] [TIME] 4059 income_stmt: 0.17s
2026-07-05 02:40:50,291 [DEBUG] [TIME] 4059 balance_sheet: 0.25s
2026-07-05 02:40:50,548 [DEBUG] [TIME] 4059 cashflow: 0.26s
2026-07-05 02:40:50,928 [DEBUG] [TIME] 4059 dividends: 0.38s
2026-07-05 02:40:50,929 [INFO] [DETAIL] 4059 まぐまぐ: income_stmt=OK, balance_sheet=OK, cashflow=OK, dividends=OK
2026-07-05 02:40:50,929 [INFO] [TIME] 4059 まぐまぐ 処理時間: 1.22s
2026-07-05 02:40:52,333 [DEBUG] [TIME] 4060 info: 0.15s
2026-07-05 02:40:52,333 [DEBUG] yfinance OK: 4060
2026-07-05 02:40:52,537 [DEBUG] [TIME] 4060 income_stmt: 0.20s
2026-07-05 02:40:52,790 [DEBUG] [TIME] 4060 balance_sheet: 0.25s
2026-07-05 02:40:52,979 [DEBUG] [TIME] 4060 cashflow: 0.19s
2026-07-05 02:40:53,098 [DEBUG] [TIME] 4060 dividends: 0.12s
2026-07-05 02:40:53,098 [INFO] [DETAIL] 4060 ｒａｋｕｍｏ: income_stmt=OK, balance_sheet=OK, cashflow=OK, dividends=OK
2026-07-05 02:40:53,099 [INFO] [TIME] 4060 ｒａｋｕｍｏ 処理時間: 0.92s
2026-07-05 02:40:54,554 [DEBUG] [TIME] 4061 info: 0.16s
2026-07-05 02:40:54,554 [DEBUG] yfinance OK: 4061
2026-07-05 02:40:54,782 [DEBUG] [TIME] 4061 income_stmt: 0.23s
2026-07-05 02:40:55,026 [DEBUG] [TIME] 4061 balance_sheet: 0.24s
2026-07-05 02:40:55,361 [DEBUG] [TIME] 4061 cashflow: 0.33s
2026-07-05 02:40:55,891 [DEBUG] [TIME] 4061 dividends: 0.53s
2026-07-05 02:40:55,893 [INFO] [DETAIL] 4061 デンカ: income_stmt=OK, balance_sheet=OK, cashflow=OK, dividends=OK
2026-07-05 02:40:55,893 [INFO] [TIME] 4061 デンカ 処理時間: 1.50s
2026-07-05 02:40:57,226 [DEBUG] [TIME] 4062 info: 0.16s
2026-07-05 02:40:57,226 [DEBUG] yfinance OK: 4062
2026-07-05 02:40:57,438 [DEBUG] [TIME] 4062 income_stmt: 0.21s
2026-07-05 02:40:57,677 [DEBUG] [TIME] 4062 balance_sheet: 0.24s
2026-07-05 02:40:57,942 [DEBUG] [TIME] 4062 cashflow: 0.26s
2026-07-05 02:40:58,557 [DEBUG] [TIME] 4062 dividends: 0.61s
2026-07-05 02:40:58,558 [INFO] [DETAIL] 4062 イビデン: income_stmt=OK, balance_sheet=OK, cashflow=OK, dividends=OK
2026-07-05 02:40:58,558 [INFO] [TIME] 4062 イビデン 処理時間: 1.49s
2026-07-05 02:40:59,992 [DEBUG] [TIME] 4063 info: 0.17s
2026-07-05 02:40:59,992 [DEBUG] yfinance OK: 4063
2026-07-05 02:41:00,242 [DEBUG] [TIME] 4063 income_stmt: 0.25s
2026-07-05 02:41:00,473 [DEBUG] [TIME] 4063 balance_sheet: 0.23s
2026-07-05 02:41:00,661 [DEBUG] [TIME] 4063 cashflow: 0.19s
2026-07-05 02:41:01,225 [DEBUG] [TIME] 4063 dividends: 0.56s
2026-07-05 02:41:01,226 [INFO] [DETAIL] 4063 信越化学工業: income_stmt=OK, balance_sheet=OK, cashflow=OK, dividends=OK
2026-07-05 02:41:01,226 [INFO] [TIME] 4063 信越化学工業 処理時間: 1.41s
2026-07-05 02:41:02,867 [DEBUG] [TIME] 4064 info: 0.16s
2026-07-05 02:41:02,867 [DEBUG] yfinance OK: 4064
2026-07-05 02:41:03,032 [DEBUG] [TIME] 4064 income_stmt: 0.17s
2026-07-05 02:41:03,292 [DEBUG] [TIME] 4064 balance_sheet: 0.26s
2026-07-05 02:41:03,470 [DEBUG] [TIME] 4064 cashflow: 0.18s
2026-07-05 02:41:04,150 [DEBUG] [TIME] 4064 dividends: 0.68s
2026-07-05 02:41:04,151 [INFO] [DETAIL] 4064 日本カーバイド工業: income_stmt=OK, balance_sheet=OK, cashflow=OK, dividends=OK
2026-07-05 02:41:04,151 [INFO] [TIME] 4064 日本カーバイド工業 処理時間: 1.45s
2026-07-05 02:41:06,262 [DEBUG] [TIME] 4068 info: 0.17s
2026-07-05 02:41:06,263 [DEBUG] yfinance OK: 4068
2026-07-05 02:41:06,448 [DEBUG] [TIME] 4068 income_stmt: 0.19s
2026-07-05 02:41:06,703 [DEBUG] [TIME] 4068 balance_sheet: 0.25s
2026-07-05 02:41:06,916 [DEBUG] [TIME] 4068 cashflow: 0.21s
2026-07-05 02:41:07,081 [DEBUG] [TIME] 4068 dividends: 0.16s
2026-07-05 02:41:07,081 [INFO] [DETAIL] 4068 ベイシス: income_stmt=OK, balance_sheet=OK, cashflow=OK, dividends=EMPTY
2026-07-05 02:41:07,081 [INFO] [TIME] 4068 ベイシス 処理時間: 0.99s
2026-07-05 02:41:08,371 [DEBUG] [TIME] 4069 info: 0.18s
2026-07-05 02:41:08,371 [DEBUG] yfinance OK: 4069
2026-07-05 02:41:08,571 [DEBUG] [TIME] 4069 income_stmt: 0.20s
2026-07-05 02:41:08,850 [DEBUG] [TIME] 4069 balance_sheet: 0.28s
2026-07-05 02:41:09,076 [DEBUG] [TIME] 4069 cashflow: 0.23s
2026-07-05 02:41:09,431 [DEBUG] [TIME] 4069 dividends: 0.35s
2026-07-05 02:41:09,431 [INFO] [DETAIL] 4069 ＢｌｕｅＭｅｍｅ: income_stmt=OK, balance_sheet=OK, cashflow=OK, dividends=EMPTY
2026-07-05 02:41:09,431 [INFO] [TIME] 4069 ＢｌｕｅＭｅｍｅ 処理時間: 1.24s
2026-07-05 02:41:10,704 [DEBUG] [TIME] 4071 info: 0.19s
2026-07-05 02:41:10,704 [DEBUG] yfinance OK: 4071
2026-07-05 02:41:10,922 [DEBUG] [TIME] 4071 income_stmt: 0.22s
2026-07-05 02:41:11,184 [DEBUG] [TIME] 4071 balance_sheet: 0.26s
2026-07-05 02:41:11,423 [DEBUG] [TIME] 4071 cashflow: 0.24s
2026-07-05 02:41:11,688 [DEBUG] [TIME] 4071 dividends: 0.27s
2026-07-05 02:41:11,689 [INFO] [DETAIL] 4071 プラスアルファ・コンサルティング: income_stmt=OK, balance_sheet=OK, cashflow=OK, dividends=OK
2026-07-05 02:41:11,690 [INFO] [TIME] 4071 プラスアルファ・コンサルティング 処理時間: 1.17s
2026-07-05 02:41:13,597 [DEBUG] [TIME] 4072 info: 0.15s
2026-07-05 02:41:13,597 [DEBUG] yfinance OK: 4072
2026-07-05 02:41:13,790 [DEBUG] [TIME] 4072 income_stmt: 0.19s
2026-07-05 02:41:14,045 [DEBUG] [TIME] 4072 balance_sheet: 0.25s
2026-07-05 02:41:14,227 [DEBUG] [TIME] 4072 cashflow: 0.18s
2026-07-05 02:41:14,329 [DEBUG] [TIME] 4072 dividends: 0.10s
2026-07-05 02:41:14,330 [INFO] [DETAIL] 4072 電算システムホールディングス: income_stmt=OK, balance_sheet=OK, cashflow=OK, dividends=OK
2026-07-05 02:41:14,330 [INFO] [TIME] 4072 電算システムホールディングス 処理時間: 0.88s
2026-07-05 02:41:15,993 [DEBUG] [TIME] 4073 info: 0.14s
2026-07-05 02:41:15,993 [DEBUG] yfinance OK: 4073
2026-07-05 02:41:16,228 [DEBUG] [TIME] 4073 income_stmt: 0.23s
2026-07-05 02:41:16,474 [DEBUG] [TIME] 4073 balance_sheet: 0.25s
2026-07-05 02:41:16,738 [DEBUG] [TIME] 4073 cashflow: 0.26s
2026-07-05 02:41:16,855 [DEBUG] [TIME] 4073 dividends: 0.12s
2026-07-05 02:41:16,856 [INFO] [DETAIL] 4073 ジィ・シィ企画: income_stmt=OK, balance_sheet=OK, cashflow=OK, dividends=OK
2026-07-05 02:41:16,856 [INFO] [TIME] 4073 ジィ・シィ企画 処理時間: 1.00s
2026-07-05 02:41:18,920 [DEBUG] [TIME] 4074 info: 0.15s
2026-07-05 02:41:18,920 [DEBUG] yfinance OK: 4074
2026-07-05 02:41:19,093 [DEBUG] [TIME] 4074 income_stmt: 0.17s
2026-07-05 02:41:19,348 [DEBUG] [TIME] 4074 balance_sheet: 0.25s
2026-07-05 02:41:19,611 [DEBUG] [TIME] 4074 cashflow: 0.26s
2026-07-05 02:41:19,708 [DEBUG] [TIME] 4074 dividends: 0.10s
2026-07-05 02:41:19,709 [INFO] [DETAIL] 4074 ラキール: income_stmt=OK, balance_sheet=OK, cashflow=OK, dividends=EMPTY
2026-07-05 02:41:19,709 [INFO] [TIME] 4074 ラキール 処理時間: 0.94s
2026-07-05 02:41:21,446 [DEBUG] [TIME] 4075 info: 0.14s
2026-07-05 02:41:21,446 [DEBUG] yfinance OK: 4075
2026-07-05 02:41:21,674 [DEBUG] [TIME] 4075 income_stmt: 0.23s
2026-07-05 02:41:21,942 [DEBUG] [TIME] 4075 balance_sheet: 0.27s
2026-07-05 02:41:22,148 [DEBUG] [TIME] 4075 cashflow: 0.20s
2026-07-05 02:41:22,340 [DEBUG] [TIME] 4075 dividends: 0.19s
2026-07-05 02:41:22,340 [INFO] [DETAIL] 4075 ブレインズテクノロジー: income_stmt=OK, balance_sheet=OK, cashflow=OK, dividends=EMPTY
2026-07-05 02:41:22,340 [INFO] [TIME] 4075 ブレインズテクノロジー 処理時間: 1.03s
2026-07-05 02:41:24,340 [DEBUG] [TIME] 4076 info: 0.17s
2026-07-05 02:41:24,340 [DEBUG] yfinance OK: 4076
2026-07-05 02:41:24,550 [DEBUG] [TIME] 4076 income_stmt: 0.21s
2026-07-05 02:41:24,762 [DEBUG] [TIME] 4076 balance_sheet: 0.21s
2026-07-05 02:41:24,967 [DEBUG] [TIME] 4076 cashflow: 0.20s
2026-07-05 02:41:25,088 [DEBUG] [TIME] 4076 dividends: 0.12s
2026-07-05 02:41:25,089 [INFO] [DETAIL] 4076 シイエヌエス: income_stmt=OK, balance_sheet=OK, cashflow=OK, dividends=OK
2026-07-05 02:41:25,089 [INFO] [TIME] 4076 シイエヌエス 処理時間: 0.92s
2026-07-05 02:41:27,134 [DEBUG] [TIME] 4078 info: 0.18s
2026-07-05 02:41:27,135 [DEBUG] yfinance OK: 4078
2026-07-05 02:41:27,317 [DEBUG] [TIME] 4078 income_stmt: 0.18s
2026-07-05 02:41:27,601 [DEBUG] [TIME] 4078 balance_sheet: 0.28s
2026-07-05 02:41:27,796 [DEBUG] [TIME] 4078 cashflow: 0.19s
2026-07-05 02:41:28,221 [DEBUG] [TIME] 4078 dividends: 0.42s
2026-07-05 02:41:28,222 [INFO] [DETAIL] 4078 堺化学工業: income_stmt=OK, balance_sheet=OK, cashflow=OK, dividends=OK
2026-07-05 02:41:28,222 [INFO] [TIME] 4078 堺化学工業 処理時間: 1.27s
2026-07-05 02:41:29,754 [DEBUG] [TIME] 407A info: 0.14s
2026-07-05 02:41:29,754 [DEBUG] yfinance OK: 407A
2026-07-05 02:41:29,946 [DEBUG] [TIME] 407A income_stmt: 0.19s
2026-07-05 02:41:30,145 [DEBUG] [TIME] 407A balance_sheet: 0.20s
2026-07-05 02:41:30,325 [DEBUG] [TIME] 407A cashflow: 0.18s
2026-07-05 02:41:30,431 [DEBUG] [TIME] 407A dividends: 0.11s
2026-07-05 02:41:30,432 [INFO] [DETAIL] 407A ＵＮＩＣＯＮホールディングス: income_stmt=OK, balance_sheet=OK, cashflow=OK, dividends=OK
2026-07-05 02:41:30,432 [INFO] [TIME] 407A ＵＮＩＣＯＮホールディングス 処理時間: 0.82s
2026-07-05 02:41:31,688 [DEBUG] [TIME] 4082 info: 0.18s
2026-07-05 02:41:31,688 [DEBUG] yfinance OK: 4082
2026-07-05 02:41:31,894 [DEBUG] [TIME] 4082 income_stmt: 0.21s
2026-07-05 02:41:32,162 [DEBUG] [TIME] 4082 balance_sheet: 0.27s
2026-07-05 02:41:32,428 [DEBUG] [TIME] 4082 cashflow: 0.27s
2026-07-05 02:41:32,735 [DEBUG] [TIME] 4082 dividends: 0.31s
2026-07-05 02:41:32,736 [INFO] [DETAIL] 4082 第一稀元素化学工業: income_stmt=OK, balance_sheet=OK, cashflow=OK, dividends=OK
2026-07-05 02:41:32,736 [INFO] [TIME] 4082 第一稀元素化学工業 処理時間: 1.22s
2026-07-05 02:41:34,225 [DEBUG] [TIME] 4088 info: 0.14s
2026-07-05 02:41:34,225 [DEBUG] yfinance OK: 4088
2026-07-05 02:41:34,448 [DEBUG] [TIME] 4088 income_stmt: 0.22s
2026-07-05 02:41:34,743 [DEBUG] [TIME] 4088 balance_sheet: 0.29s
2026-07-05 02:41:34,954 [DEBUG] [TIME] 4088 cashflow: 0.21s
2026-07-05 02:41:35,253 [DEBUG] [TIME] 4088 dividends: 0.30s
2026-07-05 02:41:35,255 [INFO] [DETAIL] 4088 エア・ウォーター: income_stmt=OK, balance_sheet=OK, cashflow=OK, dividends=OK
2026-07-05 02:41:35,255 [INFO] [TIME] 4088 エア・ウォーター 処理時間: 1.17s
2026-07-05 02:41:37,396 [DEBUG] [TIME] 4091 info: 0.41s
2026-07-05 02:41:37,396 [DEBUG] yfinance OK: 4091
2026-07-05 02:41:37,587 [DEBUG] [TIME] 4091 income_stmt: 0.19s
2026-07-05 02:41:37,859 [DEBUG] [TIME] 4091 balance_sheet: 0.27s
2026-07-05 02:41:38,066 [DEBUG] [TIME] 4091 cashflow: 0.21s
2026-07-05 02:41:38,331 [DEBUG] [TIME] 4091 dividends: 0.27s
2026-07-05 02:41:38,333 [INFO] [DETAIL] 4091 日本酸素ホールディングス: income_stmt=OK, balance_sheet=OK, cashflow=OK, dividends=OK
2026-07-05 02:41:38,333 [INFO] [TIME] 4091 日本酸素ホールディングス 処理時間: 1.34s
2026-07-05 02:41:39,708 [DEBUG] [TIME] 4092 info: 0.16s
2026-07-05 02:41:39,708 [DEBUG] yfinance OK: 4092
2026-07-05 02:41:39,930 [DEBUG] [TIME] 4092 income_stmt: 0.22s
2026-07-05 02:41:40,228 [DEBUG] [TIME] 4092 balance_sheet: 0.30s
2026-07-05 02:41:40,469 [DEBUG] [TIME] 4092 cashflow: 0.24s
2026-07-05 02:41:40,798 [DEBUG] [TIME] 4092 dividends: 0.33s
2026-07-05 02:41:40,799 [INFO] [DETAIL] 4092 日本化学工業: income_stmt=OK, balance_sheet=OK, cashflow=OK, dividends=OK
2026-07-05 02:41:40,799 [INFO] [TIME] 4092 日本化学工業 処理時間: 1.25s
2026-07-05 02:41:42,191 [DEBUG] [TIME] 4093 info: 0.18s
2026-07-05 02:41:42,192 [DEBUG] yfinance OK: 4093
2026-07-05 02:41:42,427 [DEBUG] [TIME] 4093 income_stmt: 0.24s
2026-07-05 02:41:42,775 [DEBUG] [TIME] 4093 balance_sheet: 0.35s
2026-07-05 02:41:42,997 [DEBUG] [TIME] 4093 cashflow: 0.22s
2026-07-05 02:41:43,385 [DEBUG] [TIME] 4093 dividends: 0.39s
2026-07-05 02:41:43,386 [INFO] [DETAIL] 4093 東邦アセチレン: income_stmt=OK, balance_sheet=OK, cashflow=OK, dividends=OK
2026-07-05 02:41:43,386 [INFO] [TIME] 4093 東邦アセチレン 処理時間: 1.37s
2026-07-05 02:41:44,673 [DEBUG] [TIME] 4094 info: 0.16s
2026-07-05 02:41:44,673 [DEBUG] yfinance OK: 4094
2026-07-05 02:41:44,918 [DEBUG] [TIME] 4094 income_stmt: 0.24s
2026-07-05 02:41:45,206 [DEBUG] [TIME] 4094 balance_sheet: 0.29s
2026-07-05 02:41:45,540 [DEBUG] [TIME] 4094 cashflow: 0.33s
2026-07-05 02:41:46,007 [DEBUG] [TIME] 4094 dividends: 0.47s
2026-07-05 02:41:46,008 [INFO] [DETAIL] 4094 日本化学産業: income_stmt=OK, balance_sheet=OK, cashflow=OK, dividends=OK
2026-07-05 02:41:46,008 [INFO] [TIME] 4094 日本化学産業 処理時間: 1.49s
2026-07-05 02:41:47,186 [DEBUG] [TIME] 4095 info: 0.17s
2026-07-05 02:41:47,186 [DEBUG] yfinance OK: 4095
2026-07-05 02:41:47,398 [DEBUG] [TIME] 4095 income_stmt: 0.21s
2026-07-05 02:41:47,600 [DEBUG] [TIME] 4095 balance_sheet: 0.20s
2026-07-05 02:41:47,801 [DEBUG] [TIME] 4095 cashflow: 0.20s
2026-07-05 02:41:48,137 [DEBUG] [TIME] 4095 dividends: 0.34s
2026-07-05 02:41:48,138 [INFO] [DETAIL] 4095 日本パーカライジング: income_stmt=OK, balance_sheet=OK, cashflow=OK, dividends=OK
2026-07-05 02:41:48,138 [INFO] [TIME] 4095 日本パーカライジング 処理時間: 1.12s
2026-07-05 02:41:49,855 [DEBUG] [TIME] 4097 info: 0.16s
2026-07-05 02:41:49,855 [DEBUG] yfinance OK: 4097
2026-07-05 02:41:50,063 [DEBUG] [TIME] 4097 income_stmt: 0.21s
2026-07-05 02:41:50,303 [DEBUG] [TIME] 4097 balance_sheet: 0.24s
2026-07-05 02:41:50,562 [DEBUG] [TIME] 4097 cashflow: 0.26s
2026-07-05 02:41:51,172 [DEBUG] [TIME] 4097 dividends: 0.61s
2026-07-05 02:41:51,173 [INFO] [DETAIL] 4097 高圧ガス工業: income_stmt=OK, balance_sheet=OK, cashflow=OK, dividends=OK
2026-07-05 02:41:51,173 [INFO] [TIME] 4097 高圧ガス工業 処理時間: 1.48s
2026-07-05 02:41:52,527 [DEBUG] [TIME] 4098 info: 0.17s
2026-07-05 02:41:52,527 [DEBUG] yfinance OK: 4098
2026-07-05 02:41:52,729 [DEBUG] [TIME] 4098 income_stmt: 0.20s
2026-07-05 02:41:52,957 [DEBUG] [TIME] 4098 balance_sheet: 0.23s
2026-07-05 02:41:53,141 [DEBUG] [TIME] 4098 cashflow: 0.18s
2026-07-05 02:41:53,437 [DEBUG] [TIME] 4098 dividends: 0.30s
2026-07-05 02:41:53,438 [INFO] [DETAIL] 4098 チタン工業: income_stmt=OK, balance_sheet=OK, cashflow=OK, dividends=OK
2026-07-05 02:41:53,439 [INFO] [TIME] 4098 チタン工業 処理時間: 1.08s
2026-07-05 02:41:54,843 [DEBUG] [TIME] 4099 info: 0.17s
2026-07-05 02:41:54,843 [DEBUG] yfinance OK: 4099
2026-07-05 02:41:55,051 [DEBUG] [TIME] 4099 income_stmt: 0.21s
2026-07-05 02:41:55,320 [DEBUG] [TIME] 4099 balance_sheet: 0.27s
2026-07-05 02:41:55,574 [DEBUG] [TIME] 4099 cashflow: 0.25s
2026-07-05 02:41:56,062 [DEBUG] [TIME] 4099 dividends: 0.49s
2026-07-05 02:41:56,063 [INFO] [DETAIL] 4099 四国化成ホールディングス: income_stmt=OK, balance_sheet=OK, cashflow=OK, dividends=OK
2026-07-05 02:41:56,063 [INFO] [TIME] 4099 四国化成ホールディングス 処理時間: 1.39s
2026-07-05 02:41:57,606 [DEBUG] [TIME] 409A info: 0.17s
2026-07-05 02:41:57,606 [DEBUG] yfinance OK: 409A
2026-07-05 02:41:57,784 [DEBUG] [TIME] 409A income_stmt: 0.18s
2026-07-05 02:41:58,067 [DEBUG] [TIME] 409A balance_sheet: 0.28s
2026-07-05 02:41:58,262 [DEBUG] [TIME] 409A cashflow: 0.19s
2026-07-05 02:41:58,410 [DEBUG] [TIME] 409A dividends: 0.15s
2026-07-05 02:41:58,411 [INFO] [DETAIL] 409A オリオンビール: income_stmt=OK, balance_sheet=OK, cashflow=OK, dividends=OK
2026-07-05 02:41:58,411 [INFO] [TIME] 409A オリオンビール 処理時間: 0.98s
2026-07-05 02:42:00,150 [DEBUG] [TIME] 4100 info: 0.17s
2026-07-05 02:42:00,150 [DEBUG] yfinance OK: 4100
2026-07-05 02:42:00,332 [DEBUG] [TIME] 4100 income_stmt: 0.18s
2026-07-05 02:42:00,708 [DEBUG] [TIME] 4100 balance_sheet: 0.38s
2026-07-05 02:42:00,960 [DEBUG] [TIME] 4100 cashflow: 0.25s
2026-07-05 02:42:01,261 [DEBUG] [TIME] 4100 dividends: 0.30s
2026-07-05 02:42:01,262 [INFO] [DETAIL] 4100 戸田工業: income_stmt=OK, balance_sheet=OK, cashflow=OK, dividends=OK
2026-07-05 02:42:01,262 [INFO] [TIME] 4100 戸田工業 処理時間: 1.28s
2026-07-05 02:42:03,047 [DEBUG] [TIME] 4102 info: 0.21s
2026-07-05 02:42:03,047 [DEBUG] yfinance OK: 4102
2026-07-05 02:42:03,253 [DEBUG] [TIME] 4102 income_stmt: 0.21s
2026-07-05 02:42:03,471 [DEBUG] [TIME] 4102 balance_sheet: 0.22s
2026-07-05 02:42:03,794 [DEBUG] [TIME] 4102 cashflow: 0.32s
2026-07-05 02:42:04,422 [DEBUG] [TIME] 4102 dividends: 0.63s
2026-07-05 02:42:04,423 [INFO] [DETAIL] 4102 丸尾カルシウム: income_stmt=OK, balance_sheet=OK, cashflow=OK, dividends=OK
2026-07-05 02:42:04,423 [INFO] [TIME] 4102 丸尾カルシウム 処理時間: 1.59s
2026-07-05 02:42:05,973 [DEBUG] [TIME] 4107 info: 0.18s
2026-07-05 02:42:05,973 [DEBUG] yfinance OK: 4107
2026-07-05 02:42:06,193 [DEBUG] [TIME] 4107 income_stmt: 0.22s
2026-07-05 02:42:06,501 [DEBUG] [TIME] 4107 balance_sheet: 0.31s
2026-07-05 02:42:06,710 [DEBUG] [TIME] 4107 cashflow: 0.21s
2026-07-05 02:42:07,007 [DEBUG] [TIME] 4107 dividends: 0.30s
2026-07-05 02:42:07,008 [INFO] [DETAIL] 4107 伊勢化学工業: income_stmt=OK, balance_sheet=OK, cashflow=OK, dividends=OK
2026-07-05 02:42:07,008 [INFO] [TIME] 4107 伊勢化学工業 処理時間: 1.22s
2026-07-05 02:42:08,797 [DEBUG] [TIME] 4109 info: 0.21s
2026-07-05 02:42:08,798 [DEBUG] yfinance OK: 4109
2026-07-05 02:42:09,016 [DEBUG] [TIME] 4109 income_stmt: 0.22s
2026-07-05 02:42:09,296 [DEBUG] [TIME] 4109 balance_sheet: 0.28s
2026-07-05 02:42:09,567 [DEBUG] [TIME] 4109 cashflow: 0.27s
2026-07-05 02:42:10,055 [DEBUG] [TIME] 4109 dividends: 0.49s
2026-07-05 02:42:10,056 [INFO] [DETAIL] 4109 ステラ　ケミファ: income_stmt=OK, balance_sheet=OK, cashflow=OK, dividends=OK
2026-07-05 02:42:10,056 [INFO] [TIME] 4109 ステラ　ケミファ 処理時間: 1.47s
2026-07-05 02:42:11,420 [DEBUG] [TIME] 410A info: 0.24s
2026-07-05 02:42:11,420 [DEBUG] yfinance OK: 410A
2026-07-05 02:42:11,595 [DEBUG] [TIME] 410A income_stmt: 0.17s
2026-07-05 02:42:11,844 [DEBUG] [TIME] 410A balance_sheet: 0.25s
2026-07-05 02:42:12,065 [DEBUG] [TIME] 410A cashflow: 0.22s
2026-07-05 02:42:12,153 [DEBUG] [TIME] 410A dividends: 0.09s
2026-07-05 02:42:12,153 [INFO] [DETAIL] 410A ＧＭＯコマース: income_stmt=OK, balance_sheet=OK, cashflow=OK, dividends=OK
2026-07-05 02:42:12,154 [INFO] [TIME] 410A ＧＭＯコマース 処理時間: 0.98s
2026-07-05 02:42:14,149 [DEBUG] [TIME] 4112 info: 0.22s
2026-07-05 02:42:14,150 [DEBUG] yfinance OK: 4112
2026-07-05 02:42:14,351 [DEBUG] [TIME] 4112 income_stmt: 0.20s
2026-07-05 02:42:14,664 [DEBUG] [TIME] 4112 balance_sheet: 0.31s
2026-07-05 02:42:14,883 [DEBUG] [TIME] 4112 cashflow: 0.22s
2026-07-05 02:42:15,169 [DEBUG] [TIME] 4112 dividends: 0.29s
2026-07-05 02:42:15,170 [INFO] [DETAIL] 4112 保土谷化学工業: income_stmt=OK, balance_sheet=OK, cashflow=OK, dividends=OK
2026-07-05 02:42:15,170 [INFO] [TIME] 4112 保土谷化学工業 処理時間: 1.24s
2026-07-05 02:42:16,433 [DEBUG] [TIME] 4113 info: 0.19s
2026-07-05 02:42:16,433 [DEBUG] yfinance OK: 4113
2026-07-05 02:42:16,647 [DEBUG] [TIME] 4113 income_stmt: 0.21s
2026-07-05 02:42:16,901 [DEBUG] [TIME] 4113 balance_sheet: 0.25s
2026-07-05 02:42:17,114 [DEBUG] [TIME] 4113 cashflow: 0.21s
2026-07-05 02:42:17,380 [DEBUG] [TIME] 4113 dividends: 0.27s
2026-07-05 02:42:17,381 [INFO] [DETAIL] 4113 田岡化学工業: income_stmt=OK, balance_sheet=OK, cashflow=OK, dividends=OK
2026-07-05 02:42:17,381 [INFO] [TIME] 4113 田岡化学工業 処理時間: 1.13s
2026-07-05 02:42:19,485 [DEBUG] [TIME] 4114 info: 0.18s
2026-07-05 02:42:19,485 [DEBUG] yfinance OK: 4114
2026-07-05 02:42:19,680 [DEBUG] [TIME] 4114 income_stmt: 0.19s
2026-07-05 02:42:19,889 [DEBUG] [TIME] 4114 balance_sheet: 0.21s
2026-07-05 02:42:20,112 [DEBUG] [TIME] 4114 cashflow: 0.22s
2026-07-05 02:42:20,505 [DEBUG] [TIME] 4114 dividends: 0.39s
2026-07-05 02:42:20,506 [INFO] [DETAIL] 4114 日本触媒: income_stmt=OK, balance_sheet=OK, cashflow=OK, dividends=OK
2026-07-05 02:42:20,506 [INFO] [TIME] 4114 日本触媒 処理時間: 1.20s
2026-07-05 02:42:22,178 [DEBUG] [TIME] 4116 info: 0.17s
2026-07-05 02:42:22,178 [DEBUG] yfinance OK: 4116
2026-07-05 02:42:22,400 [DEBUG] [TIME] 4116 income_stmt: 0.22s
2026-07-05 02:42:22,638 [DEBUG] [TIME] 4116 balance_sheet: 0.24s
2026-07-05 02:42:22,852 [DEBUG] [TIME] 4116 cashflow: 0.21s
2026-07-05 02:42:23,299 [DEBUG] [TIME] 4116 dividends: 0.45s
2026-07-05 02:42:23,300 [INFO] [DETAIL] 4116 大日精化工業: income_stmt=OK, balance_sheet=OK, cashflow=OK, dividends=OK
2026-07-05 02:42:23,300 [INFO] [TIME] 4116 大日精化工業 処理時間: 1.29s
2026-07-05 02:42:25,298 [DEBUG] [TIME] 4118 info: 0.16s
2026-07-05 02:42:25,298 [DEBUG] yfinance OK: 4118
2026-07-05 02:42:25,489 [DEBUG] [TIME] 4118 income_stmt: 0.19s
2026-07-05 02:42:25,778 [DEBUG] [TIME] 4118 balance_sheet: 0.29s
2026-07-05 02:42:25,989 [DEBUG] [TIME] 4118 cashflow: 0.21s
2026-07-05 02:42:26,372 [DEBUG] [TIME] 4118 dividends: 0.38s
2026-07-05 02:42:26,373 [INFO] [DETAIL] 4118 カネカ: income_stmt=OK, balance_sheet=OK, cashflow=OK, dividends=OK
2026-07-05 02:42:26,373 [INFO] [TIME] 4118 カネカ 処理時間: 1.24s
2026-07-05 02:42:28,361 [DEBUG] [TIME] 4119 info: 0.14s
2026-07-05 02:42:28,361 [DEBUG] yfinance OK: 4119
2026-07-05 02:42:28,535 [DEBUG] [TIME] 4119 income_stmt: 0.17s
2026-07-05 02:42:28,759 [DEBUG] [TIME] 4119 balance_sheet: 0.22s
2026-07-05 02:42:28,999 [DEBUG] [TIME] 4119 cashflow: 0.24s
2026-07-05 02:42:29,354 [DEBUG] [TIME] 4119 dividends: 0.35s
2026-07-05 02:42:29,355 [INFO] [DETAIL] 4119 日本ピグメントホールディングス: income_stmt=OK, balance_sheet=OK, cashflow=OK, dividends=OK
2026-07-05 02:42:29,355 [INFO] [TIME] 4119 日本ピグメントホールディングス 処理時間: 1.13s
2026-07-05 02:42:30,677 [DEBUG] [TIME] 4120 info: 0.16s
2026-07-05 02:42:30,677 [DEBUG] yfinance OK: 4120
2026-07-05 02:42:30,838 [DEBUG] [TIME] 4120 income_stmt: 0.16s
2026-07-05 02:42:31,145 [DEBUG] [TIME] 4120 balance_sheet: 0.31s
2026-07-05 02:42:31,402 [DEBUG] [TIME] 4120 cashflow: 0.26s
2026-07-05 02:42:31,767 [DEBUG] [TIME] 4120 dividends: 0.36s
2026-07-05 02:42:31,768 [INFO] [DETAIL] 4120 スガイ化学工業: income_stmt=OK, balance_sheet=OK, cashflow=OK, dividends=OK
2026-07-05 02:42:31,769 [INFO] [TIME] 4120 スガイ化学工業 処理時間: 1.25s
2026-07-05 02:42:33,823 [DEBUG] [TIME] 4124 info: 0.22s
2026-07-05 02:42:33,823 [DEBUG] yfinance OK: 4124
2026-07-05 02:42:34,026 [DEBUG] [TIME] 4124 income_stmt: 0.20s
2026-07-05 02:42:34,296 [DEBUG] [TIME] 4124 balance_sheet: 0.27s
2026-07-05 02:42:34,470 [DEBUG] [TIME] 4124 cashflow: 0.17s
2026-07-05 02:42:34,607 [DEBUG] [TIME] 4124 dividends: 0.14s
2026-07-05 02:42:34,608 [INFO] [DETAIL] 4124 大阪油化工業: income_stmt=OK, balance_sheet=OK, cashflow=OK, dividends=OK
2026-07-05 02:42:34,609 [INFO] [TIME] 4124 大阪油化工業 処理時間: 1.01s
2026-07-05 02:42:36,655 [DEBUG] [TIME] 4125 info: 0.16s
2026-07-05 02:42:36,655 [DEBUG] yfinance OK: 4125
2026-07-05 02:42:36,837 [DEBUG] [TIME] 4125 income_stmt: 0.18s
2026-07-05 02:42:37,156 [DEBUG] [TIME] 4125 balance_sheet: 0.32s
2026-07-05 02:42:37,357 [DEBUG] [TIME] 4125 cashflow: 0.20s
2026-07-05 02:42:37,843 [DEBUG] [TIME] 4125 dividends: 0.49s
2026-07-05 02:42:37,845 [INFO] [DETAIL] 4125 三和油化工業: income_stmt=OK, balance_sheet=OK, cashflow=OK, dividends=OK
2026-07-05 02:42:37,845 [INFO] [TIME] 4125 三和油化工業 処理時間: 1.35s
2026-07-05 02:42:39,748 [DEBUG] [TIME] 414A info: 0.15s
2026-07-05 02:42:39,748 [DEBUG] yfinance OK: 414A
2026-07-05 02:42:39,906 [DEBUG] [TIME] 414A income_stmt: 0.16s
2026-07-05 02:42:40,111 [DEBUG] [TIME] 414A balance_sheet: 0.20s
2026-07-05 02:42:40,286 [DEBUG] [TIME] 414A cashflow: 0.17s
2026-07-05 02:42:40,425 [DEBUG] [TIME] 414A dividends: 0.14s
2026-07-05 02:42:40,425 [INFO] [DETAIL] 414A オーバーラップホールディングス: income_stmt=OK, balance_sheet=OK, cashflow=OK, dividends=EMPTY
2026-07-05 02:42:40,425 [INFO] [TIME] 414A オーバーラップホールディングス 処理時間: 0.83s
2026-07-05 02:42:42,486 [DEBUG] [TIME] 4151 info: 0.17s
2026-07-05 02:42:42,486 [DEBUG] yfinance OK: 4151
2026-07-05 02:42:42,731 [DEBUG] [TIME] 4151 income_stmt: 0.24s
2026-07-05 02:42:42,960 [DEBUG] [TIME] 4151 balance_sheet: 0.23s
2026-07-05 02:42:43,194 [DEBUG] [TIME] 4151 cashflow: 0.23s
2026-07-05 02:42:43,517 [DEBUG] [TIME] 4151 dividends: 0.32s
2026-07-05 02:42:43,518 [INFO] [DETAIL] 4151 協和キリン: income_stmt=OK, balance_sheet=OK, cashflow=OK, dividends=OK
2026-07-05 02:42:43,518 [INFO] [TIME] 4151 協和キリン 処理時間: 1.20s
2026-07-05 02:42:44,934 [DEBUG] [TIME] 415A info: 0.20s
2026-07-05 02:42:44,935 [DEBUG] yfinance OK: 415A
2026-07-05 02:42:45,136 [DEBUG] [TIME] 415A income_stmt: 0.20s
2026-07-05 02:42:45,413 [DEBUG] [TIME] 415A balance_sheet: 0.28s
2026-07-05 02:42:45,615 [DEBUG] [TIME] 415A cashflow: 0.20s
2026-07-05 02:42:46,010 [DEBUG] [TIME] 415A dividends: 0.39s
2026-07-05 02:42:46,011 [INFO] [DETAIL] 415A ＧＭＯ　ＴＥＣＨホールディングス: income_stmt=OK, balance_sheet=OK, cashflow=OK, dividends=OK
2026-07-05 02:42:46,011 [INFO] [TIME] 415A ＧＭＯ　ＴＥＣＨホールディングス 処理時間: 1.27s
2026-07-05 02:42:47,889 [DEBUG] [TIME] 4165 info: 0.18s
2026-07-05 02:42:47,889 [DEBUG] yfinance OK: 4165
2026-07-05 02:42:48,092 [DEBUG] [TIME] 4165 income_stmt: 0.20s
2026-07-05 02:42:48,369 [DEBUG] [TIME] 4165 balance_sheet: 0.28s
2026-07-05 02:42:48,618 [DEBUG] [TIME] 4165 cashflow: 0.25s
2026-07-05 02:42:48,749 [DEBUG] [TIME] 4165 dividends: 0.13s
2026-07-05 02:42:48,749 [INFO] [DETAIL] 4165 プレイド: income_stmt=OK, balance_sheet=OK, cashflow=OK, dividends=EMPTY
2026-07-05 02:42:48,749 [INFO] [TIME] 4165 プレイド 処理時間: 1.04s
2026-07-05 02:42:50,739 [DEBUG] [TIME] 4166 info: 0.16s
2026-07-05 02:42:50,739 [DEBUG] yfinance OK: 4166
2026-07-05 02:42:50,921 [DEBUG] [TIME] 4166 income_stmt: 0.18s
2026-07-05 02:42:51,185 [DEBUG] [TIME] 4166 balance_sheet: 0.26s
2026-07-05 02:42:51,395 [DEBUG] [TIME] 4166 cashflow: 0.21s
2026-07-05 02:42:51,530 [DEBUG] [TIME] 4166 dividends: 0.13s
2026-07-05 02:42:51,530 [INFO] [DETAIL] 4166 かっこ: income_stmt=OK, balance_sheet=OK, cashflow=OK, dividends=EMPTY
2026-07-05 02:42:51,530 [INFO] [TIME] 4166 かっこ 処理時間: 0.95s
2026-07-05 02:42:53,362 [DEBUG] [TIME] 4167 info: 0.16s
2026-07-05 02:42:53,362 [DEBUG] yfinance OK: 4167
2026-07-05 02:42:53,620 [DEBUG] [TIME] 4167 income_stmt: 0.26s
2026-07-05 02:42:53,841 [DEBUG] [TIME] 4167 balance_sheet: 0.22s
2026-07-05 02:42:54,056 [DEBUG] [TIME] 4167 cashflow: 0.21s
2026-07-05 02:42:54,151 [DEBUG] [TIME] 4167 dividends: 0.09s
2026-07-05 02:42:54,151 [INFO] [DETAIL] 4167 ココペリ: income_stmt=OK, balance_sheet=OK, cashflow=OK, dividends=EMPTY
2026-07-05 02:42:54,151 [INFO] [TIME] 4167 ココペリ 処理時間: 0.95s
2026-07-05 02:42:55,936 [DEBUG] [TIME] 4168 info: 0.17s
2026-07-05 02:42:55,936 [DEBUG] yfinance OK: 4168
2026-07-05 02:42:56,147 [DEBUG] [TIME] 4168 income_stmt: 0.21s
2026-07-05 02:42:56,440 [DEBUG] [TIME] 4168 balance_sheet: 0.29s
2026-07-05 02:42:56,665 [DEBUG] [TIME] 4168 cashflow: 0.22s
2026-07-05 02:42:56,863 [DEBUG] [TIME] 4168 dividends: 0.20s
2026-07-05 02:42:56,864 [INFO] [DETAIL] 4168 ヤプリ: income_stmt=OK, balance_sheet=OK, cashflow=OK, dividends=OK
2026-07-05 02:42:56,865 [INFO] [TIME] 4168 ヤプリ 処理時間: 1.10s
2026-07-05 02:42:58,258 [DEBUG] [TIME] 4169 info: 0.14s
2026-07-05 02:42:58,258 [DEBUG] yfinance OK: 4169
2026-07-05 02:42:58,453 [DEBUG] [TIME] 4169 income_stmt: 0.19s
2026-07-05 02:42:58,735 [DEBUG] [TIME] 4169 balance_sheet: 0.28s
2026-07-05 02:42:58,972 [DEBUG] [TIME] 4169 cashflow: 0.24s
2026-07-05 02:42:59,158 [DEBUG] [TIME] 4169 dividends: 0.19s
2026-07-05 02:42:59,158 [INFO] [DETAIL] 4169 ＥＮＥＣＨＡＮＧＥ: income_stmt=OK, balance_sheet=OK, cashflow=OK, dividends=EMPTY
2026-07-05 02:42:59,158 [INFO] [TIME] 4169 ＥＮＥＣＨＡＮＧＥ 処理時間: 1.04s
2026-07-05 02:43:00,766 [DEBUG] [TIME] 416A info: 0.48s
2026-07-05 02:43:00,766 [DEBUG] yfinance OK: 416A
2026-07-05 02:43:01,067 [DEBUG] [TIME] 416A income_stmt: 0.30s
2026-07-05 02:43:01,399 [DEBUG] [TIME] 416A balance_sheet: 0.33s
2026-07-05 02:43:01,597 [DEBUG] [TIME] 416A cashflow: 0.20s
2026-07-05 02:43:01,968 [DEBUG] [TIME] 416A dividends: 0.37s
2026-07-05 02:43:01,969 [INFO] [DETAIL] 416A 富士ユナイトホールディングス: income_stmt=OK, balance_sheet=OK, cashflow=OK, dividends=OK
2026-07-05 02:43:01,969 [INFO] [TIME] 416A 富士ユナイトホールディングス 処理時間: 1.68s
2026-07-05 02:43:03,648 [DEBUG] [TIME] 4170 info: 0.17s
2026-07-05 02:43:03,648 [DEBUG] yfinance OK: 4170
2026-07-05 02:43:03,844 [DEBUG] [TIME] 4170 income_stmt: 0.20s
2026-07-05 02:43:04,131 [DEBUG] [TIME] 4170 balance_sheet: 0.29s
2026-07-05 02:43:04,415 [DEBUG] [TIME] 4170 cashflow: 0.28s
2026-07-05 02:43:04,672 [DEBUG] [TIME] 4170 dividends: 0.26s
2026-07-05 02:43:04,672 [INFO] [DETAIL] 4170 Ｋａｉｚｅｎ　Ｐｌａｔｆｏｒｍ: income_stmt=OK, balance_sheet=OK, cashflow=OK, dividends=EMPTY
2026-07-05 02:43:04,672 [INFO] [TIME] 4170 Ｋａｉｚｅｎ　Ｐｌａｔｆｏｒｍ 処理時間: 1.19s
2026-07-05 02:43:06,734 [DEBUG] [TIME] 4171 info: 0.19s
2026-07-05 02:43:06,734 [DEBUG] yfinance OK: 4171
2026-07-05 02:43:06,958 [DEBUG] [TIME] 4171 income_stmt: 0.22s
2026-07-05 02:43:07,188 [DEBUG] [TIME] 4171 balance_sheet: 0.23s
2026-07-05 02:43:07,372 [DEBUG] [TIME] 4171 cashflow: 0.18s
2026-07-05 02:43:07,689 [DEBUG] [TIME] 4171 dividends: 0.32s
2026-07-05 02:43:07,690 [INFO] [DETAIL] 4171 グローバルインフォメーション: income_stmt=OK, balance_sheet=OK, cashflow=OK, dividends=OK
2026-07-05 02:43:07,690 [INFO] [TIME] 4171 グローバルインフォメーション 処理時間: 1.14s
2026-07-05 02:43:09,027 [DEBUG] [TIME] 4172 info: 0.18s
2026-07-05 02:43:09,027 [DEBUG] yfinance OK: 4172
2026-07-05 02:43:09,217 [DEBUG] [TIME] 4172 income_stmt: 0.19s
2026-07-05 02:43:09,454 [DEBUG] [TIME] 4172 balance_sheet: 0.24s
2026-07-05 02:43:09,661 [DEBUG] [TIME] 4172 cashflow: 0.21s
2026-07-05 02:43:09,793 [DEBUG] [TIME] 4172 dividends: 0.13s
2026-07-05 02:43:09,794 [INFO] [DETAIL] 4172 Ｈｉクラテス: income_stmt=OK, balance_sheet=OK, cashflow=OK, dividends=OK
2026-07-05 02:43:09,794 [INFO] [TIME] 4172 Ｈｉクラテス 処理時間: 0.95s
2026-07-05 02:43:11,451 [DEBUG] [TIME] 4174 info: 0.16s
2026-07-05 02:43:11,451 [DEBUG] yfinance OK: 4174
2026-07-05 02:43:11,655 [DEBUG] [TIME] 4174 income_stmt: 0.20s
2026-07-05 02:43:11,928 [DEBUG] [TIME] 4174 balance_sheet: 0.27s
2026-07-05 02:43:12,123 [DEBUG] [TIME] 4174 cashflow: 0.19s
2026-07-05 02:43:12,224 [DEBUG] [TIME] 4174 dividends: 0.10s
2026-07-05 02:43:12,225 [INFO] [DETAIL] 4174 アピリッツ: income_stmt=OK, balance_sheet=OK, cashflow=OK, dividends=OK
2026-07-05 02:43:12,225 [INFO] [TIME] 4174 アピリッツ 処理時間: 0.93s
2026-07-05 02:43:13,897 [DEBUG] [TIME] 4175 info: 0.14s
2026-07-05 02:43:13,897 [DEBUG] yfinance OK: 4175
2026-07-05 02:43:14,124 [DEBUG] [TIME] 4175 income_stmt: 0.23s
2026-07-05 02:43:14,413 [DEBUG] [TIME] 4175 balance_sheet: 0.29s
2026-07-05 02:43:14,617 [DEBUG] [TIME] 4175 cashflow: 0.20s
2026-07-05 02:43:14,931 [DEBUG] [TIME] 4175 dividends: 0.31s
2026-07-05 02:43:14,931 [INFO] [DETAIL] 4175 ｃｏｌｙ: income_stmt=OK, balance_sheet=OK, cashflow=OK, dividends=EMPTY
2026-07-05 02:43:14,931 [INFO] [TIME] 4175 ｃｏｌｙ 処理時間: 1.17s
2026-07-05 02:43:16,378 [DEBUG] [TIME] 4176 info: 0.14s
2026-07-05 02:43:16,379 [DEBUG] yfinance OK: 4176
2026-07-05 02:43:16,550 [DEBUG] [TIME] 4176 income_stmt: 0.17s
2026-07-05 02:43:16,746 [DEBUG] [TIME] 4176 balance_sheet: 0.19s
2026-07-05 02:43:16,966 [DEBUG] [TIME] 4176 cashflow: 0.22s
2026-07-05 02:43:17,158 [DEBUG] [TIME] 4176 dividends: 0.19s
2026-07-05 02:43:17,158 [INFO] [DETAIL] 4176 ココナラ: income_stmt=OK, balance_sheet=OK, cashflow=OK, dividends=EMPTY
2026-07-05 02:43:17,158 [INFO] [TIME] 4176 ココナラ 処理時間: 0.92s
2026-07-05 02:43:18,816 [DEBUG] [TIME] 4177 info: 0.14s
2026-07-05 02:43:18,816 [DEBUG] yfinance OK: 4177
2026-07-05 02:43:19,035 [DEBUG] [TIME] 4177 income_stmt: 0.22s
2026-07-05 02:43:19,347 [DEBUG] [TIME] 4177 balance_sheet: 0.31s
2026-07-05 02:43:19,545 [DEBUG] [TIME] 4177 cashflow: 0.20s
2026-07-05 02:43:19,668 [DEBUG] [TIME] 4177 dividends: 0.12s
2026-07-05 02:43:19,668 [INFO] [DETAIL] 4177 ｉ‐ｐｌｕｇ: income_stmt=OK, balance_sheet=OK, cashflow=OK, dividends=OK
2026-07-05 02:43:19,668 [INFO] [TIME] 4177 ｉ‐ｐｌｕｇ 処理時間: 1.00s
2026-07-05 02:43:20,913 [DEBUG] [TIME] 4178 info: 0.14s
2026-07-05 02:43:20,913 [DEBUG] yfinance OK: 4178
2026-07-05 02:43:21,107 [DEBUG] [TIME] 4178 income_stmt: 0.19s
2026-07-05 02:43:21,383 [DEBUG] [TIME] 4178 balance_sheet: 0.28s
2026-07-05 02:43:21,605 [DEBUG] [TIME] 4178 cashflow: 0.22s
2026-07-05 02:43:21,844 [DEBUG] [TIME] 4178 dividends: 0.24s
2026-07-05 02:43:21,844 [INFO] [DETAIL] 4178 Ｓｈａｒｉｎｇ　Ｉｎｎｏｖａｔｉｏｎｓ: income_stmt=OK, balance_sheet=OK, cashflow=OK, dividends=EMPTY
2026-07-05 02:43:21,844 [INFO] [TIME] 4178 Ｓｈａｒｉｎｇ　Ｉｎｎｏｖａｔｉｏｎｓ 処理時間: 1.07s
2026-07-05 02:43:23,648 [DEBUG] [TIME] 4179 info: 0.21s
2026-07-05 02:43:23,648 [DEBUG] yfinance OK: 4179
2026-07-05 02:43:23,816 [DEBUG] [TIME] 4179 income_stmt: 0.17s
2026-07-05 02:43:24,078 [DEBUG] [TIME] 4179 balance_sheet: 0.26s
2026-07-05 02:43:24,284 [DEBUG] [TIME] 4179 cashflow: 0.21s
2026-07-05 02:43:24,598 [DEBUG] [TIME] 4179 dividends: 0.31s
2026-07-05 02:43:24,599 [INFO] [DETAIL] 4179 ジーネクスト: income_stmt=OK, balance_sheet=OK, cashflow=OK, dividends=EMPTY
2026-07-05 02:43:24,599 [INFO] [TIME] 4179 ジーネクスト 処理時間: 1.16s
2026-07-05 02:43:26,718 [DEBUG] [TIME] 417A info: 0.15s
2026-07-05 02:43:26,718 [DEBUG] yfinance OK: 417A
2026-07-05 02:43:26,919 [DEBUG] [TIME] 417A income_stmt: 0.20s
2026-07-05 02:43:27,258 [DEBUG] [TIME] 417A balance_sheet: 0.34s
2026-07-05 02:43:27,484 [DEBUG] [TIME] 417A cashflow: 0.22s
2026-07-05 02:43:27,841 [DEBUG] [TIME] 417A dividends: 0.36s
2026-07-05 02:43:27,843 [INFO] [DETAIL] 417A ブルーゾーンホールディングス: income_stmt=OK, balance_sheet=OK, cashflow=OK, dividends=OK
2026-07-05 02:43:27,843 [INFO] [TIME] 417A ブルーゾーンホールディングス 処理時間: 1.27s
2026-07-05 02:43:29,978 [DEBUG] [TIME] 4180 info: 0.18s
2026-07-05 02:43:29,978 [DEBUG] yfinance OK: 4180
2026-07-05 02:43:30,188 [DEBUG] [TIME] 4180 income_stmt: 0.21s
2026-07-05 02:43:30,418 [DEBUG] [TIME] 4180 balance_sheet: 0.23s
2026-07-05 02:43:30,639 [DEBUG] [TIME] 4180 cashflow: 0.22s
2026-07-05 02:43:30,771 [DEBUG] [TIME] 4180 dividends: 0.13s
2026-07-05 02:43:30,772 [INFO] [DETAIL] 4180 Ａｐｐｉｅｒ　Ｇｒｏｕｐ: income_stmt=OK, balance_sheet=OK, cashflow=OK, dividends=OK
2026-07-05 02:43:30,772 [INFO] [TIME] 4180 Ａｐｐｉｅｒ　Ｇｒｏｕｐ 処理時間: 0.97s
2026-07-05 02:43:32,668 [DEBUG] [TIME] 4182 info: 0.16s
2026-07-05 02:43:32,668 [DEBUG] yfinance OK: 4182
2026-07-05 02:43:32,857 [DEBUG] [TIME] 4182 income_stmt: 0.19s
2026-07-05 02:43:33,085 [DEBUG] [TIME] 4182 balance_sheet: 0.23s
2026-07-05 02:43:33,262 [DEBUG] [TIME] 4182 cashflow: 0.18s
2026-07-05 02:43:33,629 [DEBUG] [TIME] 4182 dividends: 0.37s
2026-07-05 02:43:33,630 [INFO] [DETAIL] 4182 三菱瓦斯化学: income_stmt=OK, balance_sheet=OK, cashflow=OK, dividends=OK
2026-07-05 02:43:33,631 [INFO] [TIME] 4182 三菱瓦斯化学 処理時間: 1.12s
2026-07-05 02:43:35,060 [DEBUG] [TIME] 4183 info: 0.17s
2026-07-05 02:43:35,060 [DEBUG] yfinance OK: 4183
2026-07-05 02:43:35,250 [DEBUG] [TIME] 4183 income_stmt: 0.19s
2026-07-05 02:43:35,521 [DEBUG] [TIME] 4183 balance_sheet: 0.27s
2026-07-05 02:43:35,747 [DEBUG] [TIME] 4183 cashflow: 0.23s
2026-07-05 02:43:36,231 [DEBUG] [TIME] 4183 dividends: 0.48s
2026-07-05 02:43:36,232 [INFO] [DETAIL] 4183 三井化学: income_stmt=OK, balance_sheet=OK, cashflow=OK, dividends=OK
2026-07-05 02:43:36,232 [INFO] [TIME] 4183 三井化学 処理時間: 1.34s
2026-07-05 02:43:38,334 [DEBUG] [TIME] 4186 info: 0.16s
2026-07-05 02:43:38,334 [DEBUG] yfinance OK: 4186
2026-07-05 02:43:38,525 [DEBUG] [TIME] 4186 income_stmt: 0.19s
2026-07-05 02:43:38,801 [DEBUG] [TIME] 4186 balance_sheet: 0.28s
2026-07-05 02:43:39,000 [DEBUG] [TIME] 4186 cashflow: 0.20s
2026-07-05 02:43:39,304 [DEBUG] [TIME] 4186 dividends: 0.30s
2026-07-05 02:43:39,305 [INFO] [DETAIL] 4186 東京応化工業: income_stmt=OK, balance_sheet=OK, cashflow=OK, dividends=OK
2026-07-05 02:43:39,305 [INFO] [TIME] 4186 東京応化工業 処理時間: 1.13s
2026-07-05 02:43:41,535 [DEBUG] [TIME] 4187 info: 0.23s
2026-07-05 02:43:41,535 [DEBUG] yfinance OK: 4187
2026-07-05 02:43:41,735 [DEBUG] [TIME] 4187 income_stmt: 0.20s
2026-07-05 02:43:41,973 [DEBUG] [TIME] 4187 balance_sheet: 0.24s
2026-07-05 02:43:42,188 [DEBUG] [TIME] 4187 cashflow: 0.21s
2026-07-05 02:43:42,423 [DEBUG] [TIME] 4187 dividends: 0.23s
2026-07-05 02:43:42,424 [INFO] [DETAIL] 4187 大阪有機化学工業: income_stmt=OK, balance_sheet=OK, cashflow=OK, dividends=OK
2026-07-05 02:43:42,424 [INFO] [TIME] 4187 大阪有機化学工業 処理時間: 1.12s
2026-07-05 02:43:43,984 [DEBUG] [TIME] 4188 info: 0.17s
2026-07-05 02:43:43,984 [DEBUG] yfinance OK: 4188
2026-07-05 02:43:44,287 [DEBUG] [TIME] 4188 income_stmt: 0.30s
2026-07-05 02:43:44,566 [DEBUG] [TIME] 4188 balance_sheet: 0.28s
2026-07-05 02:43:44,812 [DEBUG] [TIME] 4188 cashflow: 0.24s
2026-07-05 02:43:45,089 [DEBUG] [TIME] 4188 dividends: 0.28s
2026-07-05 02:43:45,090 [INFO] [DETAIL] 4188 三菱ケミカルグループ: income_stmt=OK, balance_sheet=OK, cashflow=OK, dividends=OK
2026-07-05 02:43:45,090 [INFO] [TIME] 4188 三菱ケミカルグループ 処理時間: 1.28s
2026-07-05 02:43:46,313 [DEBUG] [TIME] 4189 info: 0.17s
2026-07-05 02:43:46,313 [DEBUG] yfinance OK: 4189
2026-07-05 02:43:46,514 [DEBUG] [TIME] 4189 income_stmt: 0.20s
2026-07-05 02:43:46,763 [DEBUG] [TIME] 4189 balance_sheet: 0.25s
2026-07-05 02:43:46,983 [DEBUG] [TIME] 4189 cashflow: 0.22s
2026-07-05 02:43:47,290 [DEBUG] [TIME] 4189 dividends: 0.31s
2026-07-05 02:43:47,291 [INFO] [DETAIL] 4189 ＫＨネオケム: income_stmt=OK, balance_sheet=OK, cashflow=OK, dividends=OK
2026-07-05 02:43:47,291 [INFO] [TIME] 4189 ＫＨネオケム 処理時間: 1.14s
2026-07-05 02:43:49,089 [DEBUG] [TIME] 4192 info: 0.17s
2026-07-05 02:43:49,089 [DEBUG] yfinance OK: 4192
2026-07-05 02:43:49,288 [DEBUG] [TIME] 4192 income_stmt: 0.20s
2026-07-05 02:43:49,554 [DEBUG] [TIME] 4192 balance_sheet: 0.27s
2026-07-05 02:43:49,743 [DEBUG] [TIME] 4192 cashflow: 0.19s
2026-07-05 02:43:49,941 [DEBUG] [TIME] 4192 dividends: 0.20s
2026-07-05 02:43:49,941 [INFO] [DETAIL] 4192 スパイダープラス: income_stmt=OK, balance_sheet=OK, cashflow=OK, dividends=EMPTY
2026-07-05 02:43:49,941 [INFO] [TIME] 4192 スパイダープラス 処理時間: 1.02s
2026-07-05 02:43:51,899 [DEBUG] [TIME] 4193 info: 0.15s
2026-07-05 02:43:51,900 [DEBUG] yfinance OK: 4193
2026-07-05 02:43:52,095 [DEBUG] [TIME] 4193 income_stmt: 0.20s
2026-07-05 02:43:52,361 [DEBUG] [TIME] 4193 balance_sheet: 0.27s
2026-07-05 02:43:52,588 [DEBUG] [TIME] 4193 cashflow: 0.23s
2026-07-05 02:43:52,715 [DEBUG] [TIME] 4193 dividends: 0.13s
2026-07-05 02:43:52,716 [INFO] [DETAIL] 4193 ファブリカホールディングス: income_stmt=OK, balance_sheet=OK, cashflow=OK, dividends=OK
2026-07-05 02:43:52,716 [INFO] [TIME] 4193 ファブリカホールディングス 処理時間: 0.96s
2026-07-05 02:43:54,530 [DEBUG] [TIME] 4194 info: 0.18s
2026-07-05 02:43:54,530 [DEBUG] yfinance OK: 4194
2026-07-05 02:43:54,733 [DEBUG] [TIME] 4194 income_stmt: 0.20s
2026-07-05 02:43:55,059 [DEBUG] [TIME] 4194 balance_sheet: 0.33s
2026-07-05 02:43:55,268 [DEBUG] [TIME] 4194 cashflow: 0.21s
2026-07-05 02:43:55,504 [DEBUG] [TIME] 4194 dividends: 0.24s
2026-07-05 02:43:55,504 [INFO] [DETAIL] 4194 ビジョナル: income_stmt=OK, balance_sheet=OK, cashflow=OK, dividends=EMPTY
2026-07-05 02:43:55,504 [INFO] [TIME] 4194 ビジョナル 処理時間: 1.15s
2026-07-05 02:43:57,523 [DEBUG] [TIME] 4196 info: 0.18s
2026-07-05 02:43:57,523 [DEBUG] yfinance OK: 4196
2026-07-05 02:43:57,737 [DEBUG] [TIME] 4196 income_stmt: 0.21s
2026-07-05 02:43:58,024 [DEBUG] [TIME] 4196 balance_sheet: 0.29s
2026-07-05 02:43:58,302 [DEBUG] [TIME] 4196 cashflow: 0.28s
2026-07-05 02:43:58,638 [DEBUG] [TIME] 4196 dividends: 0.34s
2026-07-05 02:43:58,638 [INFO] [DETAIL] 4196 ネオマーケティング: income_stmt=OK, balance_sheet=OK, cashflow=OK, dividends=EMPTY
2026-07-05 02:43:58,638 [INFO] [TIME] 4196 ネオマーケティング 処理時間: 1.29s
2026-07-05 02:44:00,274 [DEBUG] [TIME] 4197 info: 0.17s
2026-07-05 02:44:00,274 [DEBUG] yfinance OK: 4197
2026-07-05 02:44:00,459 [DEBUG] [TIME] 4197 income_stmt: 0.18s
2026-07-05 02:44:00,669 [DEBUG] [TIME] 4197 balance_sheet: 0.21s
2026-07-05 02:44:00,872 [DEBUG] [TIME] 4197 cashflow: 0.20s
2026-07-05 02:44:00,982 [DEBUG] [TIME] 4197 dividends: 0.11s
2026-07-05 02:44:00,983 [INFO] [DETAIL] 4197 アスマーク: income_stmt=OK, balance_sheet=OK, cashflow=OK, dividends=OK
2026-07-05 02:44:00,983 [INFO] [TIME] 4197 アスマーク 処理時間: 0.88s
2026-07-05 02:44:03,055 [DEBUG] [TIME] 4198 info: 0.13s
2026-07-05 02:44:03,056 [DEBUG] yfinance OK: 4198
2026-07-05 02:44:03,220 [DEBUG] [TIME] 4198 income_stmt: 0.16s
2026-07-05 02:44:03,431 [DEBUG] [TIME] 4198 balance_sheet: 0.21s
2026-07-05 02:44:03,642 [DEBUG] [TIME] 4198 cashflow: 0.21s
2026-07-05 02:44:03,751 [DEBUG] [TIME] 4198 dividends: 0.11s
2026-07-05 02:44:03,752 [INFO] [DETAIL] 4198 テンダ: income_stmt=OK, balance_sheet=OK, cashflow=OK, dividends=OK
2026-07-05 02:44:03,753 [INFO] [TIME] 4198 テンダ 処理時間: 0.83s
2026-07-05 02:44:05,066 [DEBUG] [TIME] 4199 info: 0.14s
2026-07-05 02:44:05,066 [DEBUG] yfinance OK: 4199
2026-07-05 02:44:05,341 [DEBUG] [TIME] 4199 income_stmt: 0.28s
2026-07-05 02:44:05,638 [DEBUG] [TIME] 4199 balance_sheet: 0.30s
2026-07-05 02:44:05,824 [DEBUG] [TIME] 4199 cashflow: 0.18s
2026-07-05 02:44:05,928 [DEBUG] [TIME] 4199 dividends: 0.10s
2026-07-05 02:44:05,929 [INFO] [DETAIL] 4199 ワンダープラネット: income_stmt=OK, balance_sheet=OK, cashflow=OK, dividends=OK
2026-07-05 02:44:05,929 [INFO] [TIME] 4199 ワンダープラネット 処理時間: 1.00s
2026-07-05 02:44:07,369 [DEBUG] [TIME] 4202 info: 0.16s
2026-07-05 02:44:07,369 [DEBUG] yfinance OK: 4202
2026-07-05 02:44:07,598 [DEBUG] [TIME] 4202 income_stmt: 0.23s
2026-07-05 02:44:07,886 [DEBUG] [TIME] 4202 balance_sheet: 0.29s
2026-07-05 02:44:08,105 [DEBUG] [TIME] 4202 cashflow: 0.22s
2026-07-05 02:44:08,536 [DEBUG] [TIME] 4202 dividends: 0.43s
2026-07-05 02:44:08,537 [INFO] [DETAIL] 4202 ダイセル: income_stmt=OK, balance_sheet=OK, cashflow=OK, dividends=OK
2026-07-05 02:44:08,537 [INFO] [TIME] 4202 ダイセル 処理時間: 1.33s
2026-07-05 02:44:10,563 [DEBUG] [TIME] 4203 info: 0.15s
2026-07-05 02:44:10,563 [DEBUG] yfinance OK: 4203
2026-07-05 02:44:10,765 [DEBUG] [TIME] 4203 income_stmt: 0.20s
2026-07-05 02:44:11,001 [DEBUG] [TIME] 4203 balance_sheet: 0.24s
2026-07-05 02:44:11,182 [DEBUG] [TIME] 4203 cashflow: 0.18s
2026-07-05 02:44:11,536 [DEBUG] [TIME] 4203 dividends: 0.35s
2026-07-05 02:44:11,537 [INFO] [DETAIL] 4203 住友ベークライト: income_stmt=OK, balance_sheet=OK, cashflow=OK, dividends=OK
2026-07-05 02:44:11,537 [INFO] [TIME] 4203 住友ベークライト 処理時間: 1.13s
2026-07-05 02:44:13,643 [DEBUG] [TIME] 4204 info: 0.13s
2026-07-05 02:44:13,643 [DEBUG] yfinance OK: 4204
2026-07-05 02:44:13,816 [DEBUG] [TIME] 4204 income_stmt: 0.17s
2026-07-05 02:44:14,043 [DEBUG] [TIME] 4204 balance_sheet: 0.23s
2026-07-05 02:44:14,236 [DEBUG] [TIME] 4204 cashflow: 0.19s
2026-07-05 02:44:14,517 [DEBUG] [TIME] 4204 dividends: 0.28s
2026-07-05 02:44:14,519 [INFO] [DETAIL] 4204 積水化学工業: income_stmt=OK, balance_sheet=OK, cashflow=OK, dividends=OK
2026-07-05 02:44:14,519 [INFO] [TIME] 4204 積水化学工業 処理時間: 1.01s
2026-07-05 02:44:16,012 [DEBUG] [TIME] 4205 info: 0.17s
2026-07-05 02:44:16,012 [DEBUG] yfinance OK: 4205
2026-07-05 02:44:16,198 [DEBUG] [TIME] 4205 income_stmt: 0.19s
2026-07-05 02:44:16,437 [DEBUG] [TIME] 4205 balance_sheet: 0.24s
2026-07-05 02:44:16,669 [DEBUG] [TIME] 4205 cashflow: 0.23s
2026-07-05 02:44:16,932 [DEBUG] [TIME] 4205 dividends: 0.26s
2026-07-05 02:44:16,933 [INFO] [DETAIL] 4205 日本ゼオン: income_stmt=OK, balance_sheet=OK, cashflow=OK, dividends=OK
2026-07-05 02:44:16,934 [INFO] [TIME] 4205 日本ゼオン 処理時間: 1.09s
2026-07-05 02:44:18,279 [DEBUG] [TIME] 4206 info: 0.16s
2026-07-05 02:44:18,279 [DEBUG] yfinance OK: 4206
2026-07-05 02:44:18,534 [DEBUG] [TIME] 4206 income_stmt: 0.25s
2026-07-05 02:44:18,772 [DEBUG] [TIME] 4206 balance_sheet: 0.24s
2026-07-05 02:44:18,983 [DEBUG] [TIME] 4206 cashflow: 0.21s
2026-07-05 02:44:19,308 [DEBUG] [TIME] 4206 dividends: 0.32s
2026-07-05 02:44:19,309 [INFO] [DETAIL] 4206 アイカ工業: income_stmt=OK, balance_sheet=OK, cashflow=OK, dividends=OK
2026-07-05 02:44:19,310 [INFO] [TIME] 4206 アイカ工業 処理時間: 1.19s
2026-07-05 02:44:21,048 [DEBUG] [TIME] 4208 info: 0.15s
2026-07-05 02:44:21,048 [DEBUG] yfinance OK: 4208
2026-07-05 02:44:21,235 [DEBUG] [TIME] 4208 income_stmt: 0.19s
2026-07-05 02:44:21,512 [DEBUG] [TIME] 4208 balance_sheet: 0.28s
2026-07-05 02:44:21,708 [DEBUG] [TIME] 4208 cashflow: 0.20s
2026-07-05 02:44:21,977 [DEBUG] [TIME] 4208 dividends: 0.27s
2026-07-05 02:44:21,978 [INFO] [DETAIL] 4208 ＵＢＥ: income_stmt=OK, balance_sheet=OK, cashflow=OK, dividends=OK
2026-07-05 02:44:21,978 [INFO] [TIME] 4208 ＵＢＥ 処理時間: 1.08s
2026-07-05 02:44:24,028 [DEBUG] [TIME] 4212 info: 0.17s
2026-07-05 02:44:24,029 [DEBUG] yfinance OK: 4212
2026-07-05 02:44:24,251 [DEBUG] [TIME] 4212 income_stmt: 0.22s
2026-07-05 02:44:24,485 [DEBUG] [TIME] 4212 balance_sheet: 0.23s
2026-07-05 02:44:24,716 [DEBUG] [TIME] 4212 cashflow: 0.23s
2026-07-05 02:44:25,118 [DEBUG] [TIME] 4212 dividends: 0.40s
2026-07-05 02:44:25,120 [INFO] [DETAIL] 4212 積水樹脂: income_stmt=OK, balance_sheet=OK, cashflow=OK, dividends=OK
2026-07-05 02:44:25,120 [INFO] [TIME] 4212 積水樹脂 処理時間: 1.26s
2026-07-05 02:44:26,984 [DEBUG] [TIME] 4216 info: 0.14s
2026-07-05 02:44:26,984 [DEBUG] yfinance OK: 4216
2026-07-05 02:44:27,318 [DEBUG] [TIME] 4216 income_stmt: 0.33s
2026-07-05 02:44:27,596 [DEBUG] [TIME] 4216 balance_sheet: 0.28s
2026-07-05 02:44:27,798 [DEBUG] [TIME] 4216 cashflow: 0.20s
2026-07-05 02:44:28,338 [DEBUG] [TIME] 4216 dividends: 0.54s
2026-07-05 02:44:28,339 [INFO] [DETAIL] 4216 旭有機材: income_stmt=OK, balance_sheet=OK, cashflow=OK, dividends=OK
2026-07-05 02:44:28,339 [INFO] [TIME] 4216 旭有機材 処理時間: 1.50s
2026-07-05 02:44:30,408 [DEBUG] [TIME] 4218 info: 0.22s
2026-07-05 02:44:30,408 [DEBUG] yfinance OK: 4218
2026-07-05 02:44:30,590 [DEBUG] [TIME] 4218 income_stmt: 0.18s
2026-07-05 02:44:30,850 [DEBUG] [TIME] 4218 balance_sheet: 0.26s
2026-07-05 02:44:31,092 [DEBUG] [TIME] 4218 cashflow: 0.24s
2026-07-05 02:44:31,696 [DEBUG] [TIME] 4218 dividends: 0.60s
2026-07-05 02:44:31,697 [INFO] [DETAIL] 4218 ニチバン: income_stmt=OK, balance_sheet=OK, cashflow=OK, dividends=OK
2026-07-05 02:44:31,697 [INFO] [TIME] 4218 ニチバン 処理時間: 1.51s
2026-07-05 02:44:33,729 [DEBUG] [TIME] 421A info: 0.15s
2026-07-05 02:44:33,729 [DEBUG] yfinance OK: 421A
2026-07-05 02:44:33,934 [DEBUG] [TIME] 421A income_stmt: 0.21s
2026-07-05 02:44:34,169 [DEBUG] [TIME] 421A balance_sheet: 0.23s
2026-07-05 02:44:34,353 [DEBUG] [TIME] 421A cashflow: 0.18s
2026-07-05 02:44:34,448 [DEBUG] [TIME] 421A dividends: 0.10s
2026-07-05 02:44:34,448 [INFO] [DETAIL] 421A ムービン・ストラテジック・キャリア: income_stmt=OK, balance_sheet=OK, cashflow=OK, dividends=EMPTY
2026-07-05 02:44:34,448 [INFO] [TIME] 421A ムービン・ストラテジック・キャリア 処理時間: 0.87s
2026-07-05 02:44:36,012 [DEBUG] [TIME] 4220 info: 0.14s
2026-07-05 02:44:36,012 [DEBUG] yfinance OK: 4220
2026-07-05 02:44:36,224 [DEBUG] [TIME] 4220 income_stmt: 0.21s
2026-07-05 02:44:36,521 [DEBUG] [TIME] 4220 balance_sheet: 0.30s
2026-07-05 02:44:36,765 [DEBUG] [TIME] 4220 cashflow: 0.24s
2026-07-05 02:44:37,183 [DEBUG] [TIME] 4220 dividends: 0.42s
2026-07-05 02:44:37,184 [INFO] [DETAIL] 4220 リケンテクノス: income_stmt=OK, balance_sheet=OK, cashflow=OK, dividends=OK
2026-07-05 02:44:37,184 [INFO] [TIME] 4220 リケンテクノス 処理時間: 1.31s
2026-07-05 02:44:39,114 [DEBUG] [TIME] 4221 info: 0.19s
2026-07-05 02:44:39,114 [DEBUG] yfinance OK: 4221
2026-07-05 02:44:39,297 [DEBUG] [TIME] 4221 income_stmt: 0.18s
2026-07-05 02:44:39,583 [DEBUG] [TIME] 4221 balance_sheet: 0.28s
2026-07-05 02:44:39,781 [DEBUG] [TIME] 4221 cashflow: 0.20s
2026-07-05 02:44:40,037 [DEBUG] [TIME] 4221 dividends: 0.26s
2026-07-05 02:44:40,038 [INFO] [DETAIL] 4221 大倉工業: income_stmt=OK, balance_sheet=OK, cashflow=OK, dividends=OK
2026-07-05 02:44:40,039 [INFO] [TIME] 4221 大倉工業 処理時間: 1.12s
2026-07-05 02:44:41,971 [DEBUG] [TIME] 4222 info: 0.16s
2026-07-05 02:44:41,971 [DEBUG] yfinance OK: 4222
2026-07-05 02:44:42,181 [DEBUG] [TIME] 4222 income_stmt: 0.21s
2026-07-05 02:44:42,436 [DEBUG] [TIME] 4222 balance_sheet: 0.25s
2026-07-05 02:44:42,694 [DEBUG] [TIME] 4222 cashflow: 0.26s
2026-07-05 02:44:43,112 [DEBUG] [TIME] 4222 dividends: 0.42s
2026-07-05 02:44:43,112 [INFO] [DETAIL] 4222 児玉化学工業: income_stmt=OK, balance_sheet=OK, cashflow=OK, dividends=OK
2026-07-05 02:44:43,112 [INFO] [TIME] 4222 児玉化学工業 処理時間: 1.31s
2026-07-05 02:44:44,895 [DEBUG] [TIME] 4224 info: 0.17s
2026-07-05 02:44:44,895 [DEBUG] yfinance OK: 4224
2026-07-05 02:44:45,113 [DEBUG] [TIME] 4224 income_stmt: 0.22s
2026-07-05 02:44:45,333 [DEBUG] [TIME] 4224 balance_sheet: 0.22s
2026-07-05 02:44:45,542 [DEBUG] [TIME] 4224 cashflow: 0.21s
2026-07-05 02:44:45,957 [DEBUG] [TIME] 4224 dividends: 0.41s
2026-07-05 02:44:45,958 [INFO] [DETAIL] 4224 ロンシール工業: income_stmt=OK, balance_sheet=OK, cashflow=OK, dividends=OK
2026-07-05 02:44:45,958 [INFO] [TIME] 4224 ロンシール工業 処理時間: 1.23s
2026-07-05 02:44:47,426 [DEBUG] [TIME] 4228 info: 0.20s
2026-07-05 02:44:47,426 [DEBUG] yfinance OK: 4228
2026-07-05 02:44:47,649 [DEBUG] [TIME] 4228 income_stmt: 0.22s
2026-07-05 02:44:47,881 [DEBUG] [TIME] 4228 balance_sheet: 0.23s
2026-07-05 02:44:48,084 [DEBUG] [TIME] 4228 cashflow: 0.20s
2026-07-05 02:44:48,608 [DEBUG] [TIME] 4228 dividends: 0.52s
2026-07-05 02:44:48,609 [INFO] [DETAIL] 4228 積水化成品工業: income_stmt=OK, balance_sheet=OK, cashflow=OK, dividends=OK
2026-07-05 02:44:48,609 [INFO] [TIME] 4228 積水化成品工業 処理時間: 1.38s
2026-07-05 02:44:49,959 [DEBUG] [TIME] 4229 info: 0.16s
2026-07-05 02:44:49,959 [DEBUG] yfinance OK: 4229
2026-07-05 02:44:50,141 [DEBUG] [TIME] 4229 income_stmt: 0.18s
2026-07-05 02:44:50,371 [DEBUG] [TIME] 4229 balance_sheet: 0.23s
2026-07-05 02:44:50,591 [DEBUG] [TIME] 4229 cashflow: 0.22s
2026-07-05 02:44:50,871 [DEBUG] [TIME] 4229 dividends: 0.28s
2026-07-05 02:44:50,873 [INFO] [DETAIL] 4229 群栄化学工業: income_stmt=OK, balance_sheet=OK, cashflow=OK, dividends=OK
2026-07-05 02:44:50,873 [INFO] [TIME] 4229 群栄化学工業 処理時間: 1.08s
2026-07-05 02:44:52,459 [DEBUG] [TIME] 4231 info: 0.17s
2026-07-05 02:44:52,459 [DEBUG] yfinance OK: 4231
2026-07-05 02:44:52,667 [DEBUG] [TIME] 4231 income_stmt: 0.21s
2026-07-05 02:44:52,933 [DEBUG] [TIME] 4231 balance_sheet: 0.26s
2026-07-05 02:44:53,198 [DEBUG] [TIME] 4231 cashflow: 0.26s
2026-07-05 02:44:53,660 [DEBUG] [TIME] 4231 dividends: 0.46s
2026-07-05 02:44:53,661 [INFO] [DETAIL] 4231 タイガースポリマー: income_stmt=OK, balance_sheet=OK, cashflow=OK, dividends=OK
2026-07-05 02:44:53,662 [INFO] [TIME] 4231 タイガースポリマー 処理時間: 1.38s
2026-07-05 02:44:55,448 [DEBUG] [TIME] 4234 info: 0.18s
2026-07-05 02:44:55,448 [DEBUG] yfinance OK: 4234
2026-07-05 02:44:55,674 [DEBUG] [TIME] 4234 income_stmt: 0.23s
2026-07-05 02:44:55,951 [DEBUG] [TIME] 4234 balance_sheet: 0.28s
2026-07-05 02:44:56,187 [DEBUG] [TIME] 4234 cashflow: 0.24s
2026-07-05 02:44:56,437 [DEBUG] [TIME] 4234 dividends: 0.25s
2026-07-05 02:44:56,438 [INFO] [DETAIL] 4234 サンエー化研: income_stmt=OK, balance_sheet=OK, cashflow=OK, dividends=OK
2026-07-05 02:44:56,439 [INFO] [TIME] 4234 サンエー化研 処理時間: 1.17s
2026-07-05 02:44:57,785 [DEBUG] [TIME] 4235 info: 0.17s
2026-07-05 02:44:57,785 [DEBUG] yfinance OK: 4235
2026-07-05 02:44:57,967 [DEBUG] [TIME] 4235 income_stmt: 0.18s
2026-07-05 02:44:58,193 [DEBUG] [TIME] 4235 balance_sheet: 0.22s
2026-07-05 02:44:58,397 [DEBUG] [TIME] 4235 cashflow: 0.20s
2026-07-05 02:44:58,820 [DEBUG] [TIME] 4235 dividends: 0.42s
2026-07-05 02:44:58,821 [INFO] [DETAIL] 4235 ウルトラファブリックス・ホールディングス: income_stmt=OK, balance_sheet=OK, cashflow=OK, dividends=OK
2026-07-05 02:44:58,821 [INFO] [TIME] 4235 ウルトラファブリックス・ホールディングス 処理時間: 1.21s
2026-07-05 02:45:00,390 [DEBUG] [TIME] 4237 info: 0.19s
2026-07-05 02:45:00,390 [DEBUG] yfinance OK: 4237
2026-07-05 02:45:00,581 [DEBUG] [TIME] 4237 income_stmt: 0.19s
2026-07-05 02:45:00,888 [DEBUG] [TIME] 4237 balance_sheet: 0.31s
2026-07-05 02:45:01,154 [DEBUG] [TIME] 4237 cashflow: 0.27s
2026-07-05 02:45:01,496 [DEBUG] [TIME] 4237 dividends: 0.34s
2026-07-05 02:45:01,497 [INFO] [DETAIL] 4237 フジプレアム: income_stmt=OK, balance_sheet=OK, cashflow=OK, dividends=OK
2026-07-05 02:45:01,497 [INFO] [TIME] 4237 フジプレアム 処理時間: 1.29s
2026-07-05 02:45:02,660 [DEBUG] [TIME] 4238 info: 0.15s
2026-07-05 02:45:02,660 [DEBUG] yfinance OK: 4238
2026-07-05 02:45:02,887 [DEBUG] [TIME] 4238 income_stmt: 0.23s
2026-07-05 02:45:03,080 [DEBUG] [TIME] 4238 balance_sheet: 0.19s
2026-07-05 02:45:03,354 [DEBUG] [TIME] 4238 cashflow: 0.27s
2026-07-05 02:45:03,767 [DEBUG] [TIME] 4238 dividends: 0.41s
2026-07-05 02:45:03,768 [INFO] [DETAIL] 4238 ミライアル: income_stmt=OK, balance_sheet=OK, cashflow=OK, dividends=OK
2026-07-05 02:45:03,769 [INFO] [TIME] 4238 ミライアル 処理時間: 1.26s
2026-07-05 02:45:05,034 [DEBUG] [TIME] 423A info: 0.17s
2026-07-05 02:45:05,034 [DEBUG] yfinance OK: 423A
2026-07-05 02:45:05,223 [DEBUG] [TIME] 423A income_stmt: 0.19s
2026-07-05 02:45:05,446 [DEBUG] [TIME] 423A balance_sheet: 0.22s
2026-07-05 02:45:05,694 [DEBUG] [TIME] 423A cashflow: 0.25s
2026-07-05 02:45:05,769 [DEBUG] [TIME] 423A dividends: 0.08s
2026-07-05 02:45:05,770 [INFO] [DETAIL] 423A ライオン事務器: income_stmt=OK, balance_sheet=OK, cashflow=OK, dividends=OK
2026-07-05 02:45:05,770 [INFO] [TIME] 423A ライオン事務器 処理時間: 0.91s
2026-07-05 02:45:07,299 [DEBUG] [TIME] 4240 info: 0.17s
2026-07-05 02:45:07,299 [DEBUG] yfinance OK: 4240
2026-07-05 02:45:07,533 [DEBUG] [TIME] 4240 income_stmt: 0.23s
2026-07-05 02:45:07,786 [DEBUG] [TIME] 4240 balance_sheet: 0.25s
2026-07-05 02:45:08,060 [DEBUG] [TIME] 4240 cashflow: 0.27s
2026-07-05 02:45:08,266 [DEBUG] [TIME] 4240 dividends: 0.21s
2026-07-05 02:45:08,267 [INFO] [DETAIL] 4240 クラスターテクノロジー: income_stmt=OK, balance_sheet=OK, cashflow=OK, dividends=OK
2026-07-05 02:45:08,267 [INFO] [TIME] 4240 クラスターテクノロジー 処理時間: 1.14s
2026-07-05 02:45:09,535 [DEBUG] [TIME] 4241 info: 0.23s
2026-07-05 02:45:09,535 [DEBUG] yfinance OK: 4241
2026-07-05 02:45:09,739 [DEBUG] [TIME] 4241 income_stmt: 0.20s
2026-07-05 02:45:09,972 [DEBUG] [TIME] 4241 balance_sheet: 0.23s
2026-07-05 02:45:10,189 [DEBUG] [TIME] 4241 cashflow: 0.22s
2026-07-05 02:45:10,410 [DEBUG] [TIME] 4241 dividends: 0.22s
2026-07-05 02:45:10,411 [INFO] [DETAIL] 4241 アテクト: income_stmt=OK, balance_sheet=OK, cashflow=OK, dividends=OK
2026-07-05 02:45:10,411 [INFO] [TIME] 4241 アテクト 処理時間: 1.11s
2026-07-05 02:45:12,070 [DEBUG] [TIME] 4242 info: 0.17s
2026-07-05 02:45:12,071 [DEBUG] yfinance OK: 4242
2026-07-05 02:45:12,235 [DEBUG] [TIME] 4242 income_stmt: 0.16s
2026-07-05 02:45:12,462 [DEBUG] [TIME] 4242 balance_sheet: 0.23s
2026-07-05 02:45:12,624 [DEBUG] [TIME] 4242 cashflow: 0.16s
2026-07-05 02:45:13,153 [DEBUG] [TIME] 4242 dividends: 0.53s
2026-07-05 02:45:13,154 [INFO] [DETAIL] 4242 タカギセイコー: income_stmt=OK, balance_sheet=OK, cashflow=OK, dividends=OK
2026-07-05 02:45:13,154 [INFO] [TIME] 4242 タカギセイコー 処理時間: 1.25s
2026-07-05 02:45:14,464 [DEBUG] [TIME] 4243 info: 0.14s
2026-07-05 02:45:14,464 [DEBUG] yfinance OK: 4243
2026-07-05 02:45:14,672 [DEBUG] [TIME] 4243 income_stmt: 0.21s
2026-07-05 02:45:14,891 [DEBUG] [TIME] 4243 balance_sheet: 0.22s
2026-07-05 02:45:15,108 [DEBUG] [TIME] 4243 cashflow: 0.22s
2026-07-05 02:45:15,506 [DEBUG] [TIME] 4243 dividends: 0.40s
2026-07-05 02:45:15,507 [INFO] [DETAIL] 4243 ニックス: income_stmt=OK, balance_sheet=OK, cashflow=OK, dividends=OK
2026-07-05 02:45:15,507 [INFO] [TIME] 4243 ニックス 処理時間: 1.18s
2026-07-05 02:45:17,322 [DEBUG] [TIME] 4245 info: 0.15s
2026-07-05 02:45:17,322 [DEBUG] yfinance OK: 4245
2026-07-05 02:45:17,535 [DEBUG] [TIME] 4245 income_stmt: 0.21s
2026-07-05 02:45:17,781 [DEBUG] [TIME] 4245 balance_sheet: 0.24s
2026-07-05 02:45:17,978 [DEBUG] [TIME] 4245 cashflow: 0.20s
2026-07-05 02:45:18,391 [DEBUG] [TIME] 4245 dividends: 0.41s
2026-07-05 02:45:18,392 [INFO] [DETAIL] 4245 ダイキアクシス: income_stmt=OK, balance_sheet=OK, cashflow=OK, dividends=OK
2026-07-05 02:45:18,392 [INFO] [TIME] 4245 ダイキアクシス 処理時間: 1.22s
2026-07-05 02:45:20,512 [DEBUG] [TIME] 4246 info: 0.23s
2026-07-05 02:45:20,512 [DEBUG] yfinance OK: 4246
2026-07-05 02:45:20,688 [DEBUG] [TIME] 4246 income_stmt: 0.18s
2026-07-05 02:45:20,911 [DEBUG] [TIME] 4246 balance_sheet: 0.22s
2026-07-05 02:45:21,086 [DEBUG] [TIME] 4246 cashflow: 0.17s
2026-07-05 02:45:21,341 [DEBUG] [TIME] 4246 dividends: 0.25s
2026-07-05 02:45:21,342 [INFO] [DETAIL] 4246 ダイキョーニシカワ: income_stmt=OK, balance_sheet=OK, cashflow=OK, dividends=OK
2026-07-05 02:45:21,343 [INFO] [TIME] 4246 ダイキョーニシカワ 処理時間: 1.06s
2026-07-05 02:45:23,395 [DEBUG] [TIME] 4247 info: 0.26s
2026-07-05 02:45:23,395 [DEBUG] yfinance OK: 4247
2026-07-05 02:45:23,590 [DEBUG] [TIME] 4247 income_stmt: 0.19s
2026-07-05 02:45:23,846 [DEBUG] [TIME] 4247 balance_sheet: 0.25s
2026-07-05 02:45:24,087 [DEBUG] [TIME] 4247 cashflow: 0.24s
2026-07-05 02:45:24,240 [DEBUG] [TIME] 4247 dividends: 0.15s
2026-07-05 02:45:24,241 [INFO] [DETAIL] 4247 ポバール興業: income_stmt=OK, balance_sheet=OK, cashflow=OK, dividends=OK
2026-07-05 02:45:24,241 [INFO] [TIME] 4247 ポバール興業 処理時間: 1.10s
2026-07-05 02:45:26,087 [DEBUG] [TIME] 4248 info: 0.14s
2026-07-05 02:45:26,088 [DEBUG] yfinance OK: 4248
2026-07-05 02:45:26,299 [DEBUG] [TIME] 4248 income_stmt: 0.21s
2026-07-05 02:45:26,552 [DEBUG] [TIME] 4248 balance_sheet: 0.25s
2026-07-05 02:45:26,788 [DEBUG] [TIME] 4248 cashflow: 0.23s
2026-07-05 02:45:27,124 [DEBUG] [TIME] 4248 dividends: 0.34s
2026-07-05 02:45:27,126 [INFO] [DETAIL] 4248 竹本容器: income_stmt=OK, balance_sheet=OK, cashflow=OK, dividends=OK
2026-07-05 02:45:27,126 [INFO] [TIME] 4248 竹本容器 処理時間: 1.18s
2026-07-05 02:45:28,721 [DEBUG] [TIME] 4249 info: 0.17s
2026-07-05 02:45:28,721 [DEBUG] yfinance OK: 4249
2026-07-05 02:45:28,926 [DEBUG] [TIME] 4249 income_stmt: 0.21s
2026-07-05 02:45:29,160 [DEBUG] [TIME] 4249 balance_sheet: 0.23s
2026-07-05 02:45:29,365 [DEBUG] [TIME] 4249 cashflow: 0.20s
2026-07-05 02:45:29,494 [DEBUG] [TIME] 4249 dividends: 0.13s
2026-07-05 02:45:29,495 [INFO] [DETAIL] 4249 森六: income_stmt=OK, balance_sheet=OK, cashflow=OK, dividends=OK
2026-07-05 02:45:29,495 [INFO] [TIME] 4249 森六 処理時間: 0.94s
2026-07-05 02:45:30,831 [DEBUG] [TIME] 4251 info: 0.15s
2026-07-05 02:45:30,831 [DEBUG] yfinance OK: 4251
2026-07-05 02:45:31,042 [DEBUG] [TIME] 4251 income_stmt: 0.21s
2026-07-05 02:45:31,295 [DEBUG] [TIME] 4251 balance_sheet: 0.25s
2026-07-05 02:45:31,522 [DEBUG] [TIME] 4251 cashflow: 0.23s
2026-07-05 02:45:31,726 [DEBUG] [TIME] 4251 dividends: 0.20s
2026-07-05 02:45:31,727 [INFO] [DETAIL] 4251 恵和: income_stmt=OK, balance_sheet=OK, cashflow=OK, dividends=OK
2026-07-05 02:45:31,727 [INFO] [TIME] 4251 恵和 処理時間: 1.05s
2026-07-05 02:45:33,568 [DEBUG] [TIME] 4255 info: 0.26s
2026-07-05 02:45:33,568 [DEBUG] yfinance OK: 4255
2026-07-05 02:45:33,835 [DEBUG] [TIME] 4255 income_stmt: 0.27s
2026-07-05 02:45:34,122 [DEBUG] [TIME] 4255 balance_sheet: 0.29s
2026-07-05 02:45:34,357 [DEBUG] [TIME] 4255 cashflow: 0.23s
2026-07-05 02:45:34,570 [DEBUG] [TIME] 4255 dividends: 0.21s
2026-07-05 02:45:34,570 [INFO] [DETAIL] 4255 ＴＨＥＣＯＯ: income_stmt=OK, balance_sheet=OK, cashflow=OK, dividends=EMPTY
2026-07-05 02:45:34,570 [INFO] [TIME] 4255 ＴＨＥＣＯＯ 処理時間: 1.26s
2026-07-05 02:45:36,425 [DEBUG] [TIME] 4256 info: 0.21s
2026-07-05 02:45:36,425 [DEBUG] yfinance OK: 4256
2026-07-05 02:45:36,625 [DEBUG] [TIME] 4256 income_stmt: 0.20s
2026-07-05 02:45:36,860 [DEBUG] [TIME] 4256 balance_sheet: 0.23s
2026-07-05 02:45:37,041 [DEBUG] [TIME] 4256 cashflow: 0.18s
2026-07-05 02:45:37,126 [DEBUG] [TIME] 4256 dividends: 0.08s
2026-07-05 02:45:37,126 [INFO] [DETAIL] 4256 サインド: income_stmt=OK, balance_sheet=OK, cashflow=OK, dividends=EMPTY
2026-07-05 02:45:37,126 [INFO] [TIME] 4256 サインド 処理時間: 0.91s
2026-07-05 02:45:38,473 [DEBUG] [TIME] 4258 info: 0.22s
2026-07-05 02:45:38,473 [DEBUG] yfinance OK: 4258
2026-07-05 02:45:38,686 [DEBUG] [TIME] 4258 income_stmt: 0.21s
2026-07-05 02:45:38,989 [DEBUG] [TIME] 4258 balance_sheet: 0.30s
2026-07-05 02:45:39,196 [DEBUG] [TIME] 4258 cashflow: 0.21s
2026-07-05 02:45:39,366 [DEBUG] [TIME] 4258 dividends: 0.17s
2026-07-05 02:45:39,367 [INFO] [DETAIL] 4258 網屋: income_stmt=OK, balance_sheet=OK, cashflow=OK, dividends=OK
2026-07-05 02:45:39,367 [INFO] [TIME] 4258 網屋 処理時間: 1.11s
2026-07-05 02:45:40,788 [DEBUG] [TIME] 4259 info: 0.16s
2026-07-05 02:45:40,789 [DEBUG] yfinance OK: 4259
2026-07-05 02:45:40,998 [DEBUG] [TIME] 4259 income_stmt: 0.21s
2026-07-05 02:45:41,248 [DEBUG] [TIME] 4259 balance_sheet: 0.25s
2026-07-05 02:45:41,499 [DEBUG] [TIME] 4259 cashflow: 0.25s
2026-07-05 02:45:41,650 [DEBUG] [TIME] 4259 dividends: 0.15s
2026-07-05 02:45:41,650 [INFO] [DETAIL] 4259 エクサウィザーズ: income_stmt=OK, balance_sheet=OK, cashflow=OK, dividends=EMPTY
2026-07-05 02:45:41,650 [INFO] [TIME] 4259 エクサウィザーズ 処理時間: 1.02s
2026-07-05 02:45:43,389 [DEBUG] [TIME] 4260 info: 0.15s
2026-07-05 02:45:43,389 [DEBUG] yfinance OK: 4260
2026-07-05 02:45:43,605 [DEBUG] [TIME] 4260 income_stmt: 0.22s
2026-07-05 02:45:43,846 [DEBUG] [TIME] 4260 balance_sheet: 0.24s
2026-07-05 02:45:44,017 [DEBUG] [TIME] 4260 cashflow: 0.17s
2026-07-05 02:45:44,218 [DEBUG] [TIME] 4260 dividends: 0.20s
2026-07-05 02:45:44,219 [INFO] [DETAIL] 4260 ハイブリッドテクノロジーズ: income_stmt=OK, balance_sheet=OK, cashflow=OK, dividends=EMPTY
2026-07-05 02:45:44,219 [INFO] [TIME] 4260 ハイブリッドテクノロジーズ 処理時間: 0.98s
2026-07-05 02:45:45,790 [DEBUG] [TIME] 4261 info: 0.23s
2026-07-05 02:45:45,790 [DEBUG] yfinance OK: 4261
2026-07-05 02:45:46,059 [DEBUG] [TIME] 4261 income_stmt: 0.27s
2026-07-05 02:45:46,374 [DEBUG] [TIME] 4261 balance_sheet: 0.31s
2026-07-05 02:45:46,608 [DEBUG] [TIME] 4261 cashflow: 0.23s
2026-07-05 02:45:46,956 [DEBUG] [TIME] 4261 dividends: 0.35s
2026-07-05 02:45:46,957 [INFO] [DETAIL] 4261 アジアクエスト: income_stmt=OK, balance_sheet=OK, cashflow=OK, dividends=EMPTY
2026-07-05 02:45:46,957 [INFO] [TIME] 4261 アジアクエスト 処理時間: 1.40s
2026-07-05 02:45:48,123 [DEBUG] [TIME] 4262 info: 0.14s
2026-07-05 02:45:48,123 [DEBUG] yfinance OK: 4262
2026-07-05 02:45:48,358 [DEBUG] [TIME] 4262 income_stmt: 0.23s
2026-07-05 02:45:48,586 [DEBUG] [TIME] 4262 balance_sheet: 0.23s
2026-07-05 02:45:48,813 [DEBUG] [TIME] 4262 cashflow: 0.23s
2026-07-05 02:45:48,919 [DEBUG] [TIME] 4262 dividends: 0.11s
2026-07-05 02:45:48,920 [INFO] [DETAIL] 4262 ニフティライフスタイル: income_stmt=OK, balance_sheet=OK, cashflow=OK, dividends=OK
2026-07-05 02:45:48,920 [INFO] [TIME] 4262 ニフティライフスタイル 処理時間: 0.94s
2026-07-05 02:45:50,742 [DEBUG] [TIME] 4263 info: 0.18s
2026-07-05 02:45:50,743 [DEBUG] yfinance OK: 4263
2026-07-05 02:45:50,929 [DEBUG] [TIME] 4263 income_stmt: 0.19s
2026-07-05 02:45:51,123 [DEBUG] [TIME] 4263 balance_sheet: 0.19s
2026-07-05 02:45:51,324 [DEBUG] [TIME] 4263 cashflow: 0.20s
2026-07-05 02:45:51,585 [DEBUG] [TIME] 4263 dividends: 0.26s
2026-07-05 02:45:51,585 [INFO] [DETAIL] 4263 サスメド: income_stmt=OK, balance_sheet=OK, cashflow=OK, dividends=EMPTY
2026-07-05 02:45:51,585 [INFO] [TIME] 4263 サスメド 処理時間: 1.02s
2026-07-05 02:45:53,013 [DEBUG] [TIME] 4264 info: 0.21s
2026-07-05 02:45:53,013 [DEBUG] yfinance OK: 4264
2026-07-05 02:45:53,267 [DEBUG] [TIME] 4264 income_stmt: 0.25s
2026-07-05 02:45:53,603 [DEBUG] [TIME] 4264 balance_sheet: 0.34s
2026-07-05 02:45:53,794 [DEBUG] [TIME] 4264 cashflow: 0.19s
2026-07-05 02:45:53,929 [DEBUG] [TIME] 4264 dividends: 0.13s
2026-07-05 02:45:53,929 [INFO] [DETAIL] 4264 セキュア: income_stmt=OK, balance_sheet=OK, cashflow=OK, dividends=EMPTY
2026-07-05 02:45:53,929 [INFO] [TIME] 4264 セキュア 処理時間: 1.12s
2026-07-05 02:45:55,586 [DEBUG] [TIME] 4265 info: 0.23s
2026-07-05 02:45:55,586 [DEBUG] yfinance OK: 4265
2026-07-05 02:45:55,828 [DEBUG] [TIME] 4265 income_stmt: 0.24s
2026-07-05 02:45:56,070 [DEBUG] [TIME] 4265 balance_sheet: 0.24s
2026-07-05 02:45:56,265 [DEBUG] [TIME] 4265 cashflow: 0.19s
2026-07-05 02:45:56,432 [DEBUG] [TIME] 4265 dividends: 0.17s
2026-07-05 02:45:56,432 [INFO] [DETAIL] 4265 Ｉｎｓｔｉｔｕｔｉｏｎ　ｆｏｒ　ａ　Ｇｌｏｂａｌ　Ｓｏｃｉｅｔｙ: income_stmt=OK, balance_sheet=OK, cashflow=OK, dividends=EMPTY
2026-07-05 02:45:56,432 [INFO] [TIME] 4265 Ｉｎｓｔｉｔｕｔｉｏｎ　ｆｏｒ　ａ　Ｇｌｏｂａｌ　Ｓｏｃｉｅｔｙ 処理時間: 1.08s
2026-07-05 02:45:58,403 [DEBUG] [TIME] 4270 info: 0.19s
2026-07-05 02:45:58,403 [DEBUG] yfinance OK: 4270
2026-07-05 02:45:58,624 [DEBUG] [TIME] 4270 income_stmt: 0.22s
2026-07-05 02:45:58,868 [DEBUG] [TIME] 4270 balance_sheet: 0.24s
2026-07-05 02:45:59,057 [DEBUG] [TIME] 4270 cashflow: 0.19s
2026-07-05 02:45:59,201 [DEBUG] [TIME] 4270 dividends: 0.14s
2026-07-05 02:45:59,202 [INFO] [DETAIL] 4270 ＢｅｅＸ: income_stmt=OK, balance_sheet=OK, cashflow=OK, dividends=OK
2026-07-05 02:45:59,202 [INFO] [TIME] 4270 ＢｅｅＸ 処理時間: 0.99s
2026-07-05 02:46:00,707 [DEBUG] [TIME] 4272 info: 0.18s
2026-07-05 02:46:00,708 [DEBUG] yfinance OK: 4272
2026-07-05 02:46:00,953 [DEBUG] [TIME] 4272 income_stmt: 0.25s
2026-07-05 02:46:01,211 [DEBUG] [TIME] 4272 balance_sheet: 0.26s
2026-07-05 02:46:01,406 [DEBUG] [TIME] 4272 cashflow: 0.19s
2026-07-05 02:46:01,790 [DEBUG] [TIME] 4272 dividends: 0.38s
2026-07-05 02:46:01,791 [INFO] [DETAIL] 4272 日本化薬: income_stmt=OK, balance_sheet=OK, cashflow=OK, dividends=OK
2026-07-05 02:46:01,791 [INFO] [TIME] 4272 日本化薬 処理時間: 1.26s
2026-07-05 02:46:03,406 [DEBUG] [TIME] 4274 info: 0.15s
2026-07-05 02:46:03,406 [DEBUG] yfinance OK: 4274
2026-07-05 02:46:03,634 [DEBUG] [TIME] 4274 income_stmt: 0.23s
2026-07-05 02:46:03,903 [DEBUG] [TIME] 4274 balance_sheet: 0.27s
2026-07-05 02:46:04,100 [DEBUG] [TIME] 4274 cashflow: 0.20s
2026-07-05 02:46:04,372 [DEBUG] [TIME] 4274 dividends: 0.27s
2026-07-05 02:46:04,373 [INFO] [DETAIL] 4274 細谷火工: income_stmt=OK, balance_sheet=OK, cashflow=OK, dividends=OK
2026-07-05 02:46:04,374 [INFO] [TIME] 4274 細谷火工 処理時間: 1.12s
2026-07-05 02:46:05,645 [DEBUG] [TIME] 4275 info: 0.19s
2026-07-05 02:46:05,645 [DEBUG] yfinance OK: 4275
2026-07-05 02:46:05,848 [DEBUG] [TIME] 4275 income_stmt: 0.20s
2026-07-05 02:46:06,077 [DEBUG] [TIME] 4275 balance_sheet: 0.23s
2026-07-05 02:46:06,276 [DEBUG] [TIME] 4275 cashflow: 0.20s
2026-07-05 02:46:06,625 [DEBUG] [TIME] 4275 dividends: 0.35s
2026-07-05 02:46:06,627 [INFO] [DETAIL] 4275 カーリット: income_stmt=OK, balance_sheet=OK, cashflow=OK, dividends=OK
2026-07-05 02:46:06,627 [INFO] [TIME] 4275 カーリット 処理時間: 1.17s
2026-07-05 02:46:08,314 [DEBUG] [TIME] 4284 info: 0.14s
2026-07-05 02:46:08,314 [DEBUG] yfinance OK: 4284
2026-07-05 02:46:08,518 [DEBUG] [TIME] 4284 income_stmt: 0.20s
2026-07-05 02:46:08,752 [DEBUG] [TIME] 4284 balance_sheet: 0.23s
2026-07-05 02:46:08,998 [DEBUG] [TIME] 4284 cashflow: 0.24s
2026-07-05 02:46:09,237 [DEBUG] [TIME] 4284 dividends: 0.24s
2026-07-05 02:46:09,238 [INFO] [DETAIL] 4284 ソルクシーズ: income_stmt=OK, balance_sheet=OK, cashflow=OK, dividends=OK
2026-07-05 02:46:09,238 [INFO] [TIME] 4284 ソルクシーズ 処理時間: 1.06s
2026-07-05 02:46:11,021 [DEBUG] [TIME] 4286 info: 0.17s
2026-07-05 02:46:11,022 [DEBUG] yfinance OK: 4286
2026-07-05 02:46:11,226 [DEBUG] [TIME] 4286 income_stmt: 0.20s
2026-07-05 02:46:11,466 [DEBUG] [TIME] 4286 balance_sheet: 0.24s
2026-07-05 02:46:11,658 [DEBUG] [TIME] 4286 cashflow: 0.19s
2026-07-05 02:46:12,000 [DEBUG] [TIME] 4286 dividends: 0.34s
2026-07-05 02:46:12,001 [INFO] [DETAIL] 4286 ＣＬホールディングス: income_stmt=OK, balance_sheet=OK, cashflow=OK, dividends=OK
2026-07-05 02:46:12,001 [INFO] [TIME] 4286 ＣＬホールディングス 処理時間: 1.15s
2026-07-05 02:46:13,774 [DEBUG] [TIME] 4287 info: 0.19s
2026-07-05 02:46:13,774 [DEBUG] yfinance OK: 4287
2026-07-05 02:46:13,984 [DEBUG] [TIME] 4287 income_stmt: 0.21s
2026-07-05 02:46:14,238 [DEBUG] [TIME] 4287 balance_sheet: 0.25s
2026-07-05 02:46:14,489 [DEBUG] [TIME] 4287 cashflow: 0.25s
2026-07-05 02:46:15,060 [DEBUG] [TIME] 4287 dividends: 0.57s
2026-07-05 02:46:15,061 [INFO] [DETAIL] 4287 ジャストプランニング: income_stmt=OK, balance_sheet=OK, cashflow=OK, dividends=OK
2026-07-05 02:46:15,061 [INFO] [TIME] 4287 ジャストプランニング 処理時間: 1.47s
2026-07-05 02:46:16,988 [DEBUG] [TIME] 4288 info: 0.16s
2026-07-05 02:46:16,988 [DEBUG] yfinance OK: 4288
2026-07-05 02:46:17,160 [DEBUG] [TIME] 4288 income_stmt: 0.17s
2026-07-05 02:46:17,356 [DEBUG] [TIME] 4288 balance_sheet: 0.19s
2026-07-05 02:46:17,528 [DEBUG] [TIME] 4288 cashflow: 0.17s
2026-07-05 02:46:17,824 [DEBUG] [TIME] 4288 dividends: 0.30s
2026-07-05 02:46:17,825 [INFO] [DETAIL] 4288 アズジェント: income_stmt=OK, balance_sheet=OK, cashflow=OK, dividends=OK
2026-07-05 02:46:17,825 [INFO] [TIME] 4288 アズジェント 処理時間: 1.00s
2026-07-05 02:46:19,183 [DEBUG] [TIME] 428A info: 0.34s
2026-07-05 02:46:19,183 [DEBUG] yfinance OK: 428A
2026-07-05 02:46:19,368 [DEBUG] [TIME] 428A income_stmt: 0.19s
2026-07-05 02:46:19,584 [DEBUG] [TIME] 428A balance_sheet: 0.21s
2026-07-05 02:46:19,781 [DEBUG] [TIME] 428A cashflow: 0.20s
2026-07-05 02:46:19,857 [DEBUG] [TIME] 428A dividends: 0.08s
2026-07-05 02:46:19,857 [INFO] [DETAIL] 428A サイプレス・ホールディングス: income_stmt=OK, balance_sheet=OK, cashflow=OK, dividends=EMPTY
2026-07-05 02:46:19,858 [INFO] [TIME] 428A サイプレス・ホールディングス 処理時間: 1.01s
2026-07-05 02:46:21,318 [DEBUG] [TIME] 4290 info: 0.18s
2026-07-05 02:46:21,318 [DEBUG] yfinance OK: 4290
2026-07-05 02:46:21,480 [DEBUG] [TIME] 4290 income_stmt: 0.16s
2026-07-05 02:46:21,693 [DEBUG] [TIME] 4290 balance_sheet: 0.21s
2026-07-05 02:46:21,935 [DEBUG] [TIME] 4290 cashflow: 0.24s
2026-07-05 02:46:22,421 [DEBUG] [TIME] 4290 dividends: 0.49s
2026-07-05 02:46:22,422 [INFO] [DETAIL] 4290 プレステージ・インターナショナル: income_stmt=OK, balance_sheet=OK, cashflow=OK, dividends=OK
2026-07-05 02:46:22,422 [INFO] [TIME] 4290 プレステージ・インターナショナル 処理時間: 1.29s
2026-07-05 02:46:23,895 [DEBUG] [TIME] 4293 info: 0.18s
2026-07-05 02:46:23,895 [DEBUG] yfinance OK: 4293
2026-07-05 02:46:24,060 [DEBUG] [TIME] 4293 income_stmt: 0.16s
2026-07-05 02:46:24,292 [DEBUG] [TIME] 4293 balance_sheet: 0.23s
2026-07-05 02:46:24,522 [DEBUG] [TIME] 4293 cashflow: 0.23s
2026-07-05 02:46:24,777 [DEBUG] [TIME] 4293 dividends: 0.25s
2026-07-05 02:46:24,778 [INFO] [DETAIL] 4293 セプテーニ・ホールディングス: income_stmt=OK, balance_sheet=OK, cashflow=OK, dividends=OK
2026-07-05 02:46:24,778 [INFO] [TIME] 4293 セプテーニ・ホールディングス 処理時間: 1.06s
2026-07-05 02:46:26,608 [DEBUG] [TIME] 4299 info: 0.24s
2026-07-05 02:46:26,608 [DEBUG] yfinance OK: 4299
2026-07-05 02:46:26,811 [DEBUG] [TIME] 4299 income_stmt: 0.20s
2026-07-05 02:46:27,040 [DEBUG] [TIME] 4299 balance_sheet: 0.23s
2026-07-05 02:46:27,249 [DEBUG] [TIME] 4299 cashflow: 0.21s
2026-07-05 02:46:27,518 [DEBUG] [TIME] 4299 dividends: 0.27s
2026-07-05 02:46:27,519 [INFO] [DETAIL] 4299 ハイマックス: income_stmt=OK, balance_sheet=OK, cashflow=OK, dividends=OK
2026-07-05 02:46:27,519 [INFO] [TIME] 4299 ハイマックス 処理時間: 1.15s
2026-07-05 02:46:29,299 [DEBUG] [TIME] 429A info: 0.15s
2026-07-05 02:46:29,299 [DEBUG] yfinance OK: 429A
2026-07-05 02:46:29,477 [DEBUG] [TIME] 429A income_stmt: 0.18s
2026-07-05 02:46:29,715 [DEBUG] [TIME] 429A balance_sheet: 0.24s
2026-07-05 02:46:29,884 [DEBUG] [TIME] 429A cashflow: 0.17s
2026-07-05 02:46:30,125 [DEBUG] [TIME] 429A dividends: 0.24s
2026-07-05 02:46:30,125 [INFO] [DETAIL] 429A テクセンドフォトマスク: income_stmt=OK, balance_sheet=OK, cashflow=OK, dividends=OK
2026-07-05 02:46:30,126 [INFO] [TIME] 429A テクセンドフォトマスク 処理時間: 0.98s
2026-07-05 02:46:31,994 [DEBUG] [TIME] 4301 info: 0.20s
2026-07-05 02:46:31,994 [DEBUG] yfinance OK: 4301
2026-07-05 02:46:32,165 [DEBUG] [TIME] 4301 income_stmt: 0.17s
2026-07-05 02:46:32,432 [DEBUG] [TIME] 4301 balance_sheet: 0.27s
2026-07-05 02:46:32,665 [DEBUG] [TIME] 4301 cashflow: 0.23s
2026-07-05 02:46:32,944 [DEBUG] [TIME] 4301 dividends: 0.28s
2026-07-05 02:46:32,946 [INFO] [DETAIL] 4301 アミューズ: income_stmt=OK, balance_sheet=OK, cashflow=OK, dividends=OK
2026-07-05 02:46:32,946 [INFO] [TIME] 4301 アミューズ 処理時間: 1.15s
2026-07-05 02:46:34,955 [DEBUG] [TIME] 4307 info: 0.17s
2026-07-05 02:46:34,955 [DEBUG] yfinance OK: 4307
2026-07-05 02:46:35,120 [DEBUG] [TIME] 4307 income_stmt: 0.16s
2026-07-05 02:46:35,402 [DEBUG] [TIME] 4307 balance_sheet: 0.28s
2026-07-05 02:46:35,614 [DEBUG] [TIME] 4307 cashflow: 0.21s
2026-07-05 02:46:35,943 [DEBUG] [TIME] 4307 dividends: 0.33s
2026-07-05 02:46:35,944 [INFO] [DETAIL] 4307 野村総合研究所: income_stmt=OK, balance_sheet=OK, cashflow=OK, dividends=OK
2026-07-05 02:46:35,944 [INFO] [TIME] 4307 野村総合研究所 処理時間: 1.16s
2026-07-05 02:46:37,599 [DEBUG] [TIME] 4308 info: 0.14s
2026-07-05 02:46:37,599 [DEBUG] yfinance OK: 4308
2026-07-05 02:46:37,825 [DEBUG] [TIME] 4308 income_stmt: 0.23s
2026-07-05 02:46:38,070 [DEBUG] [TIME] 4308 balance_sheet: 0.24s
2026-07-05 02:46:38,319 [DEBUG] [TIME] 4308 cashflow: 0.25s
2026-07-05 02:46:38,769 [DEBUG] [TIME] 4308 dividends: 0.45s
2026-07-05 02:46:38,770 [INFO] [DETAIL] 4308 Ｊストリーム: income_stmt=OK, balance_sheet=OK, cashflow=OK, dividends=OK
2026-07-05 02:46:38,770 [INFO] [TIME] 4308 Ｊストリーム 処理時間: 1.31s
2026-07-05 02:46:40,485 [DEBUG] [TIME] 4310 info: 0.18s
2026-07-05 02:46:40,485 [DEBUG] yfinance OK: 4310
2026-07-05 02:46:40,723 [DEBUG] [TIME] 4310 income_stmt: 0.24s
2026-07-05 02:46:40,999 [DEBUG] [TIME] 4310 balance_sheet: 0.28s
2026-07-05 02:46:41,230 [DEBUG] [TIME] 4310 cashflow: 0.23s
2026-07-05 02:46:41,448 [DEBUG] [TIME] 4310 dividends: 0.22s
2026-07-05 02:46:41,449 [INFO] [DETAIL] 4310 ドリームインキュベータ: income_stmt=OK, balance_sheet=OK, cashflow=OK, dividends=OK
2026-07-05 02:46:41,449 [INFO] [TIME] 4310 ドリームインキュベータ 処理時間: 1.14s
2026-07-05 02:46:43,035 [DEBUG] [TIME] 4316 info: 0.17s
2026-07-05 02:46:43,035 [DEBUG] yfinance OK: 4316
2026-07-05 02:46:43,278 [DEBUG] [TIME] 4316 income_stmt: 0.24s
2026-07-05 02:46:43,515 [DEBUG] [TIME] 4316 balance_sheet: 0.24s
2026-07-05 02:46:43,754 [DEBUG] [TIME] 4316 cashflow: 0.24s
2026-07-05 02:46:43,972 [DEBUG] [TIME] 4316 dividends: 0.22s
2026-07-05 02:46:43,972 [INFO] [DETAIL] 4316 ビーマップ: income_stmt=OK, balance_sheet=OK, cashflow=OK, dividends=EMPTY
2026-07-05 02:46:43,973 [INFO] [TIME] 4316 ビーマップ 処理時間: 1.10s
2026-07-05 02:46:45,163 [DEBUG] [TIME] 4317 info: 0.16s
2026-07-05 02:46:45,163 [DEBUG] yfinance OK: 4317
2026-07-05 02:46:45,356 [DEBUG] [TIME] 4317 income_stmt: 0.19s
2026-07-05 02:46:45,627 [DEBUG] [TIME] 4317 balance_sheet: 0.27s
2026-07-05 02:46:45,814 [DEBUG] [TIME] 4317 cashflow: 0.19s
2026-07-05 02:46:46,042 [DEBUG] [TIME] 4317 dividends: 0.23s
2026-07-05 02:46:46,043 [INFO] [DETAIL] 4317 レイ: income_stmt=OK, balance_sheet=OK, cashflow=OK, dividends=OK
2026-07-05 02:46:46,043 [INFO] [TIME] 4317 レイ 処理時間: 1.04s
2026-07-05 02:46:47,839 [DEBUG] [TIME] 4318 info: 0.15s
2026-07-05 02:46:47,839 [DEBUG] yfinance OK: 4318
2026-07-05 02:46:48,022 [DEBUG] [TIME] 4318 income_stmt: 0.18s
2026-07-05 02:46:48,291 [DEBUG] [TIME] 4318 balance_sheet: 0.27s
2026-07-05 02:46:48,525 [DEBUG] [TIME] 4318 cashflow: 0.23s
2026-07-05 02:46:49,178 [DEBUG] [TIME] 4318 dividends: 0.65s
2026-07-05 02:46:49,179 [INFO] [DETAIL] 4318 クイック: income_stmt=OK, balance_sheet=OK, cashflow=OK, dividends=OK
2026-07-05 02:46:49,179 [INFO] [TIME] 4318 クイック 処理時間: 1.49s
2026-07-05 02:46:50,886 [DEBUG] [TIME] 431A info: 0.18s
2026-07-05 02:46:50,886 [DEBUG] yfinance OK: 431A
2026-07-05 02:46:51,123 [DEBUG] [TIME] 431A income_stmt: 0.24s
2026-07-05 02:46:51,340 [DEBUG] [TIME] 431A balance_sheet: 0.22s
2026-07-05 02:46:51,501 [DEBUG] [TIME] 431A cashflow: 0.16s
2026-07-05 02:46:51,729 [DEBUG] [TIME] 431A dividends: 0.23s
2026-07-05 02:46:51,729 [INFO] [DETAIL] 431A ユーソナー: income_stmt=OK, balance_sheet=OK, cashflow=OK, dividends=EMPTY
2026-07-05 02:46:51,729 [INFO] [TIME] 431A ユーソナー 処理時間: 1.02s
2026-07-05 02:46:53,475 [DEBUG] [TIME] 4320 info: 0.22s
2026-07-05 02:46:53,475 [DEBUG] yfinance OK: 4320
2026-07-05 02:46:53,702 [DEBUG] [TIME] 4320 income_stmt: 0.23s
2026-07-05 02:46:53,959 [DEBUG] [TIME] 4320 balance_sheet: 0.26s
2026-07-05 02:46:54,198 [DEBUG] [TIME] 4320 cashflow: 0.24s
2026-07-05 02:46:54,591 [DEBUG] [TIME] 4320 dividends: 0.39s
2026-07-05 02:46:54,592 [INFO] [DETAIL] 4320 ＣＥホールディングス: income_stmt=OK, balance_sheet=OK, cashflow=OK, dividends=OK
2026-07-05 02:46:54,593 [INFO] [TIME] 4320 ＣＥホールディングス 処理時間: 1.34s
2026-07-05 02:46:55,972 [DEBUG] [TIME] 4323 info: 0.19s
2026-07-05 02:46:55,972 [DEBUG] yfinance OK: 4323
2026-07-05 02:46:57,282 [DEBUG] [TIME] 4323 income_stmt: 1.31s
2026-07-05 02:46:58,866 [DEBUG] [TIME] 4323 balance_sheet: 1.58s
2026-07-05 02:46:59,063 [DEBUG] [TIME] 4323 cashflow: 0.20s
2026-07-05 02:46:59,394 [DEBUG] [TIME] 4323 dividends: 0.33s
2026-07-05 02:46:59,396 [INFO] [DETAIL] 4323 日本システム技術: income_stmt=OK, balance_sheet=OK, cashflow=OK, dividends=OK
2026-07-05 02:46:59,396 [INFO] [TIME] 4323 日本システム技術 処理時間: 3.61s
2026-07-05 02:47:01,451 [DEBUG] [TIME] 4324 info: 0.15s
2026-07-05 02:47:01,451 [DEBUG] yfinance OK: 4324
2026-07-05 02:47:01,636 [DEBUG] [TIME] 4324 income_stmt: 0.19s
2026-07-05 02:47:02,073 [DEBUG] [TIME] 4324 balance_sheet: 0.44s
2026-07-05 02:47:02,303 [DEBUG] [TIME] 4324 cashflow: 0.23s
2026-07-05 02:47:02,783 [DEBUG] [TIME] 4324 dividends: 0.48s
2026-07-05 02:47:02,784 [INFO] [DETAIL] 4324 電通グループ: income_stmt=OK, balance_sheet=OK, cashflow=OK, dividends=OK
2026-07-05 02:47:02,784 [INFO] [TIME] 4324 電通グループ 処理時間: 1.49s
2026-07-05 02:47:04,894 [DEBUG] [TIME] 4326 info: 0.16s
2026-07-05 02:47:04,895 [DEBUG] yfinance OK: 4326
2026-07-05 02:47:05,075 [DEBUG] [TIME] 4326 income_stmt: 0.18s
2026-07-05 02:47:05,317 [DEBUG] [TIME] 4326 balance_sheet: 0.24s
2026-07-05 02:47:05,540 [DEBUG] [TIME] 4326 cashflow: 0.22s
2026-07-05 02:47:05,778 [DEBUG] [TIME] 4326 dividends: 0.24s
2026-07-05 02:47:05,779 [INFO] [DETAIL] 4326 インテージホールディングス: income_stmt=OK, balance_sheet=OK, cashflow=OK, dividends=OK
2026-07-05 02:47:05,779 [INFO] [TIME] 4326 インテージホールディングス 処理時間: 1.05s
2026-07-05 02:47:07,877 [DEBUG] [TIME] 4331 info: 0.14s
2026-07-05 02:47:07,877 [DEBUG] yfinance OK: 4331
2026-07-05 02:47:08,066 [DEBUG] [TIME] 4331 income_stmt: 0.19s
2026-07-05 02:47:08,310 [DEBUG] [TIME] 4331 balance_sheet: 0.24s
2026-07-05 02:47:08,507 [DEBUG] [TIME] 4331 cashflow: 0.20s
2026-07-05 02:47:08,905 [DEBUG] [TIME] 4331 dividends: 0.40s
2026-07-05 02:47:08,906 [INFO] [DETAIL] 4331 テイクアンドギヴ・ニーズ: income_stmt=OK, balance_sheet=OK, cashflow=OK, dividends=OK
2026-07-05 02:47:08,906 [INFO] [TIME] 4331 テイクアンドギヴ・ニーズ 処理時間: 1.17s
2026-07-05 02:47:10,263 [DEBUG] [TIME] 4334 info: 0.18s
2026-07-05 02:47:10,263 [DEBUG] yfinance OK: 4334
2026-07-05 02:47:10,448 [DEBUG] [TIME] 4334 income_stmt: 0.19s
2026-07-05 02:47:10,676 [DEBUG] [TIME] 4334 balance_sheet: 0.23s
2026-07-05 02:47:10,902 [DEBUG] [TIME] 4334 cashflow: 0.22s
2026-07-05 02:47:11,201 [DEBUG] [TIME] 4334 dividends: 0.30s
2026-07-05 02:47:11,202 [INFO] [DETAIL] 4334 ユークス: income_stmt=OK, balance_sheet=OK, cashflow=OK, dividends=OK
2026-07-05 02:47:11,202 [INFO] [TIME] 4334 ユークス 処理時間: 1.12s
2026-07-05 02:47:12,706 [DEBUG] [TIME] 4335 info: 0.16s
2026-07-05 02:47:12,706 [DEBUG] yfinance OK: 4335
2026-07-05 02:47:13,019 [DEBUG] [TIME] 4335 income_stmt: 0.31s
2026-07-05 02:47:13,246 [DEBUG] [TIME] 4335 balance_sheet: 0.23s
2026-07-05 02:47:13,498 [DEBUG] [TIME] 4335 cashflow: 0.25s
2026-07-05 02:47:13,764 [DEBUG] [TIME] 4335 dividends: 0.26s
2026-07-05 02:47:13,765 [INFO] [DETAIL] 4335 ＩＰＳホールディングス: income_stmt=OK, balance_sheet=OK, cashflow=OK, dividends=OK
2026-07-05 02:47:13,765 [INFO] [TIME] 4335 ＩＰＳホールディングス 処理時間: 1.22s
2026-07-05 02:47:15,776 [DEBUG] [TIME] 4337 info: 0.17s
2026-07-05 02:47:15,776 [DEBUG] yfinance OK: 4337
2026-07-05 02:47:15,958 [DEBUG] [TIME] 4337 income_stmt: 0.18s
2026-07-05 02:47:16,212 [DEBUG] [TIME] 4337 balance_sheet: 0.25s
2026-07-05 02:47:16,414 [DEBUG] [TIME] 4337 cashflow: 0.20s
2026-07-05 02:47:17,213 [DEBUG] [TIME] 4337 dividends: 0.80s
2026-07-05 02:47:17,214 [INFO] [DETAIL] 4337 ぴあ: income_stmt=OK, balance_sheet=OK, cashflow=OK, dividends=OK
2026-07-05 02:47:17,214 [INFO] [TIME] 4337 ぴあ 処理時間: 1.61s
2026-07-05 02:47:18,867 [DEBUG] [TIME] 4341 info: 0.18s
2026-07-05 02:47:18,868 [DEBUG] yfinance OK: 4341
2026-07-05 02:47:19,043 [DEBUG] [TIME] 4341 income_stmt: 0.18s
2026-07-05 02:47:19,316 [DEBUG] [TIME] 4341 balance_sheet: 0.27s
2026-07-05 02:47:19,532 [DEBUG] [TIME] 4341 cashflow: 0.22s
2026-07-05 02:47:19,843 [DEBUG] [TIME] 4341 dividends: 0.31s
2026-07-05 02:47:19,844 [INFO] [DETAIL] 4341 西菱電機: income_stmt=OK, balance_sheet=OK, cashflow=OK, dividends=OK
2026-07-05 02:47:19,844 [INFO] [TIME] 4341 西菱電機 処理時間: 1.16s
2026-07-05 02:47:21,870 [DEBUG] [TIME] 4343 info: 0.18s
2026-07-05 02:47:21,870 [DEBUG] yfinance OK: 4343
2026-07-05 02:47:22,081 [DEBUG] [TIME] 4343 income_stmt: 0.21s
2026-07-05 02:47:22,364 [DEBUG] [TIME] 4343 balance_sheet: 0.28s
2026-07-05 02:47:22,581 [DEBUG] [TIME] 4343 cashflow: 0.22s
2026-07-05 02:47:22,866 [DEBUG] [TIME] 4343 dividends: 0.28s
2026-07-05 02:47:22,867 [INFO] [DETAIL] 4343 イオンファンタジー: income_stmt=OK, balance_sheet=OK, cashflow=OK, dividends=OK
2026-07-05 02:47:22,867 [INFO] [TIME] 4343 イオンファンタジー 処理時間: 1.18s
2026-07-05 02:47:25,835 [DEBUG] [TIME] 4344 info: 1.27s
2026-07-05 02:47:25,835 [DEBUG] yfinance OK: 4344
2026-07-05 02:47:26,002 [DEBUG] [TIME] 4344 income_stmt: 0.17s
2026-07-05 02:47:26,212 [DEBUG] [TIME] 4344 balance_sheet: 0.21s
2026-07-05 02:47:26,409 [DEBUG] [TIME] 4344 cashflow: 0.20s
2026-07-05 02:47:26,615 [DEBUG] [TIME] 4344 dividends: 0.21s
2026-07-05 02:47:26,616 [INFO] [DETAIL] 4344 ソースネクスト: income_stmt=OK, balance_sheet=OK, cashflow=OK, dividends=OK
2026-07-05 02:47:26,616 [INFO] [TIME] 4344 ソースネクスト 処理時間: 2.05s
2026-07-05 02:47:27,950 [DEBUG] [TIME] 4345 info: 0.16s
2026-07-05 02:47:27,950 [DEBUG] yfinance OK: 4345
2026-07-05 02:47:28,148 [DEBUG] [TIME] 4345 income_stmt: 0.20s
2026-07-05 02:47:28,445 [DEBUG] [TIME] 4345 balance_sheet: 0.30s
2026-07-05 02:47:28,692 [DEBUG] [TIME] 4345 cashflow: 0.25s
2026-07-05 02:47:29,200 [DEBUG] [TIME] 4345 dividends: 0.51s
2026-07-05 02:47:29,201 [INFO] [DETAIL] 4345 シーティーエス: income_stmt=OK, balance_sheet=OK, cashflow=OK, dividends=OK
2026-07-05 02:47:29,201 [INFO] [TIME] 4345 シーティーエス 処理時間: 1.41s
2026-07-05 02:47:30,701 [DEBUG] [TIME] 4346 info: 0.16s
2026-07-05 02:47:30,701 [DEBUG] yfinance OK: 4346
2026-07-05 02:47:30,913 [DEBUG] [TIME] 4346 income_stmt: 0.21s
2026-07-05 02:47:31,201 [DEBUG] [TIME] 4346 balance_sheet: 0.29s
2026-07-05 02:47:31,435 [DEBUG] [TIME] 4346 cashflow: 0.23s
2026-07-05 02:47:31,889 [DEBUG] [TIME] 4346 dividends: 0.45s
2026-07-05 02:47:31,890 [INFO] [DETAIL] 4346 ＮＥＸＹＺ．Ｇｒｏｕｐ: income_stmt=OK, balance_sheet=OK, cashflow=OK, dividends=OK
2026-07-05 02:47:31,890 [INFO] [TIME] 4346 ＮＥＸＹＺ．Ｇｒｏｕｐ 処理時間: 1.35s
2026-07-05 02:47:33,585 [DEBUG] [TIME] 4347 info: 0.14s
2026-07-05 02:47:33,585 [DEBUG] yfinance OK: 4347
2026-07-05 02:47:33,758 [DEBUG] [TIME] 4347 income_stmt: 0.17s
2026-07-05 02:47:33,979 [DEBUG] [TIME] 4347 balance_sheet: 0.22s
2026-07-05 02:47:34,280 [DEBUG] [TIME] 4347 cashflow: 0.30s
2026-07-05 02:47:34,505 [DEBUG] [TIME] 4347 dividends: 0.22s
2026-07-05 02:47:34,506 [INFO] [DETAIL] 4347 ブロードメディア: income_stmt=OK, balance_sheet=OK, cashflow=OK, dividends=OK
2026-07-05 02:47:34,506 [INFO] [TIME] 4347 ブロードメディア 処理時間: 1.06s
2026-07-05 02:47:36,509 [DEBUG] [TIME] 4350 info: 0.16s
2026-07-05 02:47:36,509 [DEBUG] yfinance OK: 4350
2026-07-05 02:47:36,717 [DEBUG] [TIME] 4350 income_stmt: 0.21s
2026-07-05 02:47:36,956 [DEBUG] [TIME] 4350 balance_sheet: 0.24s
2026-07-05 02:47:37,158 [DEBUG] [TIME] 4350 cashflow: 0.20s
2026-07-05 02:47:37,413 [DEBUG] [TIME] 4350 dividends: 0.25s
2026-07-05 02:47:37,414 [INFO] [DETAIL] 4350 メディカルシステムネットワーク: income_stmt=OK, balance_sheet=OK, cashflow=OK, dividends=OK
2026-07-05 02:47:37,414 [INFO] [TIME] 4350 メディカルシステムネットワーク 処理時間: 1.06s
2026-07-05 02:47:39,276 [DEBUG] [TIME] 4351 info: 0.15s
2026-07-05 02:47:39,276 [DEBUG] yfinance OK: 4351
2026-07-05 02:47:39,518 [DEBUG] [TIME] 4351 income_stmt: 0.24s
2026-07-05 02:47:39,801 [DEBUG] [TIME] 4351 balance_sheet: 0.28s
2026-07-05 02:47:39,991 [DEBUG] [TIME] 4351 cashflow: 0.19s
2026-07-05 02:47:40,326 [DEBUG] [TIME] 4351 dividends: 0.33s
2026-07-05 02:47:40,327 [INFO] [DETAIL] 4351 山田再生系債権回収総合事務所: income_stmt=OK, balance_sheet=OK, cashflow=OK, dividends=OK
2026-07-05 02:47:40,327 [INFO] [TIME] 4351 山田再生系債権回収総合事務所 処理時間: 1.20s
2026-07-05 02:47:42,499 [DEBUG] [TIME] 4356 info: 0.22s
2026-07-05 02:47:42,499 [DEBUG] yfinance OK: 4356
2026-07-05 02:47:42,725 [DEBUG] [TIME] 4356 income_stmt: 0.23s
2026-07-05 02:47:42,998 [DEBUG] [TIME] 4356 balance_sheet: 0.27s
2026-07-05 02:47:43,234 [DEBUG] [TIME] 4356 cashflow: 0.24s
2026-07-05 02:47:43,504 [DEBUG] [TIME] 4356 dividends: 0.27s
2026-07-05 02:47:43,505 [INFO] [DETAIL] 4356 応用技術: income_stmt=OK, balance_sheet=OK, cashflow=OK, dividends=OK
2026-07-05 02:47:43,505 [INFO] [TIME] 4356 応用技術 処理時間: 1.23s
2026-07-05 02:47:44,768 [DEBUG] [TIME] 4360 info: 0.17s
2026-07-05 02:47:44,768 [DEBUG] yfinance OK: 4360
2026-07-05 02:47:45,015 [DEBUG] [TIME] 4360 income_stmt: 0.25s
2026-07-05 02:47:45,287 [DEBUG] [TIME] 4360 balance_sheet: 0.27s
2026-07-05 02:47:45,532 [DEBUG] [TIME] 4360 cashflow: 0.24s
2026-07-05 02:47:45,753 [DEBUG] [TIME] 4360 dividends: 0.22s
2026-07-05 02:47:45,754 [INFO] [DETAIL] 4360 マナック・ケミカル・パートナーズ: income_stmt=OK, balance_sheet=OK, cashflow=OK, dividends=OK
2026-07-05 02:47:45,754 [INFO] [TIME] 4360 マナック・ケミカル・パートナーズ 処理時間: 1.16s
2026-07-05 02:47:47,650 [DEBUG] [TIME] 4361 info: 0.16s
2026-07-05 02:47:47,650 [DEBUG] yfinance OK: 4361
2026-07-05 02:47:47,839 [DEBUG] [TIME] 4361 income_stmt: 0.19s
2026-07-05 02:47:48,103 [DEBUG] [TIME] 4361 balance_sheet: 0.26s
2026-07-05 02:47:48,279 [DEBUG] [TIME] 4361 cashflow: 0.18s
2026-07-05 02:47:48,819 [DEBUG] [TIME] 4361 dividends: 0.54s
2026-07-05 02:47:48,820 [INFO] [DETAIL] 4361 川口化学工業: income_stmt=OK, balance_sheet=OK, cashflow=OK, dividends=OK
2026-07-05 02:47:48,820 [INFO] [TIME] 4361 川口化学工業 処理時間: 1.34s
2026-07-05 02:47:50,673 [DEBUG] [TIME] 4362 info: 0.18s
2026-07-05 02:47:50,674 [DEBUG] yfinance OK: 4362
2026-07-05 02:47:50,883 [DEBUG] [TIME] 4362 income_stmt: 0.21s
2026-07-05 02:47:51,112 [DEBUG] [TIME] 4362 balance_sheet: 0.23s
2026-07-05 02:47:51,352 [DEBUG] [TIME] 4362 cashflow: 0.24s
2026-07-05 02:47:51,631 [DEBUG] [TIME] 4362 dividends: 0.28s
2026-07-05 02:47:51,632 [INFO] [DETAIL] 4362 日本精化: income_stmt=OK, balance_sheet=OK, cashflow=OK, dividends=OK
2026-07-05 02:47:51,632 [INFO] [TIME] 4362 日本精化 処理時間: 1.14s
2026-07-05 02:47:53,256 [DEBUG] [TIME] 4365 info: 0.15s
2026-07-05 02:47:53,257 [DEBUG] yfinance OK: 4365
2026-07-05 02:47:53,439 [DEBUG] [TIME] 4365 income_stmt: 0.18s
2026-07-05 02:47:53,727 [DEBUG] [TIME] 4365 balance_sheet: 0.29s
2026-07-05 02:47:53,940 [DEBUG] [TIME] 4365 cashflow: 0.21s
2026-07-05 02:47:54,622 [DEBUG] [TIME] 4365 dividends: 0.68s
2026-07-05 02:47:54,623 [INFO] [DETAIL] 4365 松本油脂製薬: income_stmt=OK, balance_sheet=OK, cashflow=OK, dividends=OK
2026-07-05 02:47:54,623 [INFO] [TIME] 4365 松本油脂製薬 処理時間: 1.52s
2026-07-05 02:47:56,418 [DEBUG] [TIME] 4366 info: 0.16s
2026-07-05 02:47:56,418 [DEBUG] yfinance OK: 4366
2026-07-05 02:47:56,638 [DEBUG] [TIME] 4366 income_stmt: 0.22s
2026-07-05 02:47:56,915 [DEBUG] [TIME] 4366 balance_sheet: 0.28s
2026-07-05 02:47:57,114 [DEBUG] [TIME] 4366 cashflow: 0.20s
2026-07-05 02:47:57,527 [DEBUG] [TIME] 4366 dividends: 0.41s
2026-07-05 02:47:57,528 [INFO] [DETAIL] 4366 ダイトーケミックス: income_stmt=OK, balance_sheet=OK, cashflow=OK, dividends=OK
2026-07-05 02:47:57,528 [INFO] [TIME] 4366 ダイトーケミックス 処理時間: 1.27s
2026-07-05 02:47:59,599 [DEBUG] [TIME] 4367 info: 0.17s
2026-07-05 02:47:59,599 [DEBUG] yfinance OK: 4367
2026-07-05 02:47:59,805 [DEBUG] [TIME] 4367 income_stmt: 0.21s
2026-07-05 02:48:00,037 [DEBUG] [TIME] 4367 balance_sheet: 0.23s
2026-07-05 02:48:00,246 [DEBUG] [TIME] 4367 cashflow: 0.21s
2026-07-05 02:48:00,510 [DEBUG] [TIME] 4367 dividends: 0.26s
2026-07-05 02:48:00,511 [INFO] [DETAIL] 4367 広栄化学: income_stmt=OK, balance_sheet=OK, cashflow=OK, dividends=OK
2026-07-05 02:48:00,511 [INFO] [TIME] 4367 広栄化学 処理時間: 1.08s
2026-07-05 02:48:02,425 [DEBUG] [TIME] 4368 info: 0.14s
2026-07-05 02:48:02,425 [DEBUG] yfinance OK: 4368
2026-07-05 02:48:02,624 [DEBUG] [TIME] 4368 income_stmt: 0.20s
2026-07-05 02:48:02,940 [DEBUG] [TIME] 4368 balance_sheet: 0.32s
2026-07-05 02:48:03,250 [DEBUG] [TIME] 4368 cashflow: 0.31s
2026-07-05 02:48:03,870 [DEBUG] [TIME] 4368 dividends: 0.62s
2026-07-05 02:48:03,872 [INFO] [DETAIL] 4368 扶桑化学工業: income_stmt=OK, balance_sheet=OK, cashflow=OK, dividends=OK
2026-07-05 02:48:03,872 [INFO] [TIME] 4368 扶桑化学工業 処理時間: 1.59s
2026-07-05 02:48:06,001 [DEBUG] [TIME] 4369 info: 0.16s
2026-07-05 02:48:06,001 [DEBUG] yfinance OK: 4369
2026-07-05 02:48:06,202 [DEBUG] [TIME] 4369 income_stmt: 0.20s
2026-07-05 02:48:06,484 [DEBUG] [TIME] 4369 balance_sheet: 0.28s
2026-07-05 02:48:06,686 [DEBUG] [TIME] 4369 cashflow: 0.20s
2026-07-05 02:48:07,052 [DEBUG] [TIME] 4369 dividends: 0.36s
2026-07-05 02:48:07,053 [INFO] [DETAIL] 4369 トリケミカル研究所: income_stmt=OK, balance_sheet=OK, cashflow=OK, dividends=OK
2026-07-05 02:48:07,053 [INFO] [TIME] 4369 トリケミカル研究所 処理時間: 1.21s
2026-07-05 02:48:08,559 [DEBUG] [TIME] 436A info: 0.17s
2026-07-05 02:48:08,560 [DEBUG] yfinance OK: 436A
2026-07-05 02:48:08,755 [DEBUG] [TIME] 436A income_stmt: 0.20s
2026-07-05 02:48:09,033 [DEBUG] [TIME] 436A balance_sheet: 0.28s
2026-07-05 02:48:09,228 [DEBUG] [TIME] 436A cashflow: 0.19s
2026-07-05 02:48:09,438 [DEBUG] [TIME] 436A dividends: 0.21s
2026-07-05 02:48:09,439 [INFO] [DETAIL] 436A サイバーソリューションズ: income_stmt=OK, balance_sheet=OK, cashflow=OK, dividends=OK
2026-07-05 02:48:09,440 [INFO] [TIME] 436A サイバーソリューションズ 処理時間: 1.05s
2026-07-05 02:48:11,209 [DEBUG] [TIME] 4370 info: 0.18s
2026-07-05 02:48:11,209 [DEBUG] yfinance OK: 4370
2026-07-05 02:48:11,384 [DEBUG] [TIME] 4370 income_stmt: 0.18s
2026-07-05 02:48:11,659 [DEBUG] [TIME] 4370 balance_sheet: 0.27s
2026-07-05 02:48:11,875 [DEBUG] [TIME] 4370 cashflow: 0.22s
2026-07-05 02:48:12,064 [DEBUG] [TIME] 4370 dividends: 0.19s
2026-07-05 02:48:12,064 [INFO] [DETAIL] 4370 モビルス: income_stmt=OK, balance_sheet=OK, cashflow=OK, dividends=EMPTY
2026-07-05 02:48:12,065 [INFO] [TIME] 4370 モビルス 処理時間: 1.04s
2026-07-05 02:48:14,063 [DEBUG] [TIME] 4371 info: 0.17s
2026-07-05 02:48:14,063 [DEBUG] yfinance OK: 4371
2026-07-05 02:48:14,287 [DEBUG] [TIME] 4371 income_stmt: 0.22s
2026-07-05 02:48:14,551 [DEBUG] [TIME] 4371 balance_sheet: 0.26s
2026-07-05 02:48:14,753 [DEBUG] [TIME] 4371 cashflow: 0.20s
2026-07-05 02:48:15,022 [DEBUG] [TIME] 4371 dividends: 0.27s
2026-07-05 02:48:15,023 [INFO] [DETAIL] 4371 コアコンセプト・テクノロジー: income_stmt=OK, balance_sheet=OK, cashflow=OK, dividends=OK
2026-07-05 02:48:15,023 [INFO] [TIME] 4371 コアコンセプト・テクノロジー 処理時間: 1.13s
2026-07-05 02:48:16,702 [DEBUG] [TIME] 4372 info: 0.13s
2026-07-05 02:48:16,703 [DEBUG] yfinance OK: 4372
2026-07-05 02:48:16,879 [DEBUG] [TIME] 4372 income_stmt: 0.18s
2026-07-05 02:48:17,077 [DEBUG] [TIME] 4372 balance_sheet: 0.20s
2026-07-05 02:48:17,261 [DEBUG] [TIME] 4372 cashflow: 0.18s
2026-07-05 02:48:17,523 [DEBUG] [TIME] 4372 dividends: 0.26s
2026-07-05 02:48:17,524 [INFO] [DETAIL] 4372 ユミルリンク: income_stmt=OK, balance_sheet=OK, cashflow=OK, dividends=OK
2026-07-05 02:48:17,524 [INFO] [TIME] 4372 ユミルリンク 処理時間: 0.96s
2026-07-05 02:48:19,662 [DEBUG] [TIME] 4373 info: 0.18s
2026-07-05 02:48:19,662 [DEBUG] yfinance OK: 4373
2026-07-05 02:48:19,867 [DEBUG] [TIME] 4373 income_stmt: 0.20s
2026-07-05 02:48:20,117 [DEBUG] [TIME] 4373 balance_sheet: 0.25s
2026-07-05 02:48:20,316 [DEBUG] [TIME] 4373 cashflow: 0.20s
2026-07-05 02:48:20,657 [DEBUG] [TIME] 4373 dividends: 0.34s
2026-07-05 02:48:20,658 [INFO] [DETAIL] 4373 シンプレクス・ホールディングス: income_stmt=OK, balance_sheet=OK, cashflow=OK, dividends=OK
2026-07-05 02:48:20,658 [INFO] [TIME] 4373 シンプレクス・ホールディングス 処理時間: 1.17s
2026-07-05 02:48:22,426 [DEBUG] [TIME] 4374 info: 0.16s
2026-07-05 02:48:22,427 [DEBUG] yfinance OK: 4374
2026-07-05 02:48:22,638 [DEBUG] [TIME] 4374 income_stmt: 0.21s
2026-07-05 02:48:22,868 [DEBUG] [TIME] 4374 balance_sheet: 0.23s
2026-07-05 02:48:23,108 [DEBUG] [TIME] 4374 cashflow: 0.24s
2026-07-05 02:48:23,246 [DEBUG] [TIME] 4374 dividends: 0.14s
2026-07-05 02:48:23,247 [INFO] [DETAIL] 4374 ＲＯＢＯＴ　ＰＡＹＭＥＮＴ: income_stmt=OK, balance_sheet=OK, cashflow=OK, dividends=OK
2026-07-05 02:48:23,247 [INFO] [TIME] 4374 ＲＯＢＯＴ　ＰＡＹＭＥＮＴ 処理時間: 0.98s
2026-07-05 02:48:25,139 [DEBUG] [TIME] 4375 info: 0.18s
2026-07-05 02:48:25,139 [DEBUG] yfinance OK: 4375
2026-07-05 02:48:25,313 [DEBUG] [TIME] 4375 income_stmt: 0.17s
2026-07-05 02:48:25,543 [DEBUG] [TIME] 4375 balance_sheet: 0.23s
2026-07-05 02:48:25,951 [DEBUG] [TIME] 4375 cashflow: 0.41s
2026-07-05 02:48:26,054 [DEBUG] [TIME] 4375 dividends: 0.10s
2026-07-05 02:48:26,054 [INFO] [DETAIL] 4375 セーフィー: income_stmt=OK, balance_sheet=OK, cashflow=OK, dividends=EMPTY
2026-07-05 02:48:26,054 [INFO] [TIME] 4375 セーフィー 処理時間: 1.09s
2026-07-05 02:48:27,264 [DEBUG] [TIME] 4376 info: 0.16s
2026-07-05 02:48:27,264 [DEBUG] yfinance OK: 4376
2026-07-05 02:48:27,462 [DEBUG] [TIME] 4376 income_stmt: 0.20s
2026-07-05 02:48:27,673 [DEBUG] [TIME] 4376 balance_sheet: 0.21s
2026-07-05 02:48:27,931 [DEBUG] [TIME] 4376 cashflow: 0.26s
2026-07-05 02:48:28,021 [DEBUG] [TIME] 4376 dividends: 0.09s
2026-07-05 02:48:28,021 [INFO] [DETAIL] 4376 くふうカンパニーホールディングス: income_stmt=OK, balance_sheet=OK, cashflow=OK, dividends=EMPTY
2026-07-05 02:48:28,022 [INFO] [TIME] 4376 くふうカンパニーホールディングス 処理時間: 0.91s
2026-07-05 02:48:30,090 [DEBUG] [TIME] 4377 info: 0.16s
2026-07-05 02:48:30,091 [DEBUG] yfinance OK: 4377
2026-07-05 02:48:30,277 [DEBUG] [TIME] 4377 income_stmt: 0.19s
2026-07-05 02:48:30,590 [DEBUG] [TIME] 4377 balance_sheet: 0.31s
2026-07-05 02:48:30,810 [DEBUG] [TIME] 4377 cashflow: 0.22s
2026-07-05 02:48:31,029 [DEBUG] [TIME] 4377 dividends: 0.22s
2026-07-05 02:48:31,030 [INFO] [DETAIL] 4377 ワンキャリア: income_stmt=OK, balance_sheet=OK, cashflow=OK, dividends=OK
2026-07-05 02:48:31,030 [INFO] [TIME] 4377 ワンキャリア 処理時間: 1.10s
2026-07-05 02:48:32,920 [DEBUG] [TIME] 4378 info: 0.15s
2026-07-05 02:48:32,920 [DEBUG] yfinance OK: 4378
2026-07-05 02:48:33,161 [DEBUG] [TIME] 4378 income_stmt: 0.24s
2026-07-05 02:48:33,435 [DEBUG] [TIME] 4378 balance_sheet: 0.27s
2026-07-05 02:48:33,687 [DEBUG] [TIME] 4378 cashflow: 0.25s
2026-07-05 02:48:33,789 [DEBUG] [TIME] 4378 dividends: 0.10s
2026-07-05 02:48:33,789 [INFO] [DETAIL] 4378 ＣＩＮＣ: income_stmt=OK, balance_sheet=OK, cashflow=OK, dividends=EMPTY
2026-07-05 02:48:33,789 [INFO] [TIME] 4378 ＣＩＮＣ 処理時間: 1.02s
2026-07-05 02:48:35,529 [DEBUG] [TIME] 4379 info: 0.18s
2026-07-05 02:48:35,529 [DEBUG] yfinance OK: 4379
2026-07-05 02:48:35,713 [DEBUG] [TIME] 4379 income_stmt: 0.18s
2026-07-05 02:48:35,999 [DEBUG] [TIME] 4379 balance_sheet: 0.29s
2026-07-05 02:48:36,223 [DEBUG] [TIME] 4379 cashflow: 0.22s
2026-07-05 02:48:36,457 [DEBUG] [TIME] 4379 dividends: 0.23s
2026-07-05 02:48:36,457 [INFO] [DETAIL] 4379 Ｐｈｏｔｏｓｙｎｔｈ: income_stmt=OK, balance_sheet=OK, cashflow=OK, dividends=EMPTY
2026-07-05 02:48:36,457 [INFO] [TIME] 4379 Ｐｈｏｔｏｓｙｎｔｈ 処理時間: 1.11s
2026-07-05 02:48:38,363 [DEBUG] [TIME] 4380 info: 0.18s
2026-07-05 02:48:38,363 [DEBUG] yfinance OK: 4380
2026-07-05 02:48:38,581 [DEBUG] [TIME] 4380 income_stmt: 0.22s
2026-07-05 02:48:38,805 [DEBUG] [TIME] 4380 balance_sheet: 0.22s
2026-07-05 02:48:39,029 [DEBUG] [TIME] 4380 cashflow: 0.22s
2026-07-05 02:48:39,370 [DEBUG] [TIME] 4380 dividends: 0.34s
2026-07-05 02:48:39,371 [INFO] [DETAIL] 4380 Ｍマート: income_stmt=OK, balance_sheet=OK, cashflow=OK, dividends=OK
2026-07-05 02:48:39,372 [INFO] [TIME] 4380 Ｍマート 処理時間: 1.19s
2026-07-05 02:48:41,572 [DEBUG] [TIME] 4381 info: 0.19s
2026-07-05 02:48:41,572 [DEBUG] yfinance OK: 4381
2026-07-05 02:48:41,762 [DEBUG] [TIME] 4381 income_stmt: 0.19s
2026-07-05 02:48:42,019 [DEBUG] [TIME] 4381 balance_sheet: 0.26s
2026-07-05 02:48:42,356 [DEBUG] [TIME] 4381 cashflow: 0.34s
2026-07-05 02:48:42,456 [DEBUG] [TIME] 4381 dividends: 0.10s
2026-07-05 02:48:42,456 [INFO] [DETAIL] 4381 ビープラッツ: income_stmt=OK, balance_sheet=OK, cashflow=OK, dividends=EMPTY
2026-07-05 02:48:42,456 [INFO] [TIME] 4381 ビープラッツ 処理時間: 1.08s
2026-07-05 02:48:44,416 [DEBUG] [TIME] 4382 info: 0.18s
2026-07-05 02:48:44,416 [DEBUG] yfinance OK: 4382
2026-07-05 02:48:44,638 [DEBUG] [TIME] 4382 income_stmt: 0.22s
2026-07-05 02:48:44,895 [DEBUG] [TIME] 4382 balance_sheet: 0.26s
2026-07-05 02:48:45,101 [DEBUG] [TIME] 4382 cashflow: 0.21s
2026-07-05 02:48:45,278 [DEBUG] [TIME] 4382 dividends: 0.18s
2026-07-05 02:48:45,278 [INFO] [DETAIL] 4382 ＨＥＲＯＺ: income_stmt=OK, balance_sheet=OK, cashflow=OK, dividends=EMPTY
2026-07-05 02:48:45,278 [INFO] [TIME] 4382 ＨＥＲＯＺ 処理時間: 1.04s
2026-07-05 02:48:46,471 [DEBUG] [TIME] 4385 info: 0.18s
2026-07-05 02:48:46,471 [DEBUG] yfinance OK: 4385
2026-07-05 02:48:46,661 [DEBUG] [TIME] 4385 income_stmt: 0.19s
2026-07-05 02:48:46,910 [DEBUG] [TIME] 4385 balance_sheet: 0.25s
2026-07-05 02:48:47,084 [DEBUG] [TIME] 4385 cashflow: 0.17s
2026-07-05 02:48:47,328 [DEBUG] [TIME] 4385 dividends: 0.24s
2026-07-05 02:48:47,328 [INFO] [DETAIL] 4385 メルカリ: income_stmt=OK, balance_sheet=OK, cashflow=OK, dividends=EMPTY
2026-07-05 02:48:47,328 [INFO] [TIME] 4385 メルカリ 処理時間: 1.03s
2026-07-05 02:48:48,606 [DEBUG] [TIME] 4386 info: 0.17s
2026-07-05 02:48:48,606 [DEBUG] yfinance OK: 4386
2026-07-05 02:48:48,791 [DEBUG] [TIME] 4386 income_stmt: 0.18s
2026-07-05 02:48:49,069 [DEBUG] [TIME] 4386 balance_sheet: 0.28s
2026-07-05 02:48:49,326 [DEBUG] [TIME] 4386 cashflow: 0.26s
2026-07-05 02:48:49,658 [DEBUG] [TIME] 4386 dividends: 0.33s
2026-07-05 02:48:49,659 [INFO] [DETAIL] 4386 ＳＩＧグループ: income_stmt=OK, balance_sheet=OK, cashflow=OK, dividends=OK
2026-07-05 02:48:49,659 [INFO] [TIME] 4386 ＳＩＧグループ 処理時間: 1.22s
2026-07-05 02:48:51,773 [DEBUG] [TIME] 4387 info: 0.18s
2026-07-05 02:48:51,773 [DEBUG] yfinance OK: 4387
2026-07-05 02:48:52,003 [DEBUG] [TIME] 4387 income_stmt: 0.23s
2026-07-05 02:48:52,240 [DEBUG] [TIME] 4387 balance_sheet: 0.24s
2026-07-05 02:48:52,442 [DEBUG] [TIME] 4387 cashflow: 0.20s
2026-07-05 02:48:52,638 [DEBUG] [TIME] 4387 dividends: 0.20s
2026-07-05 02:48:52,638 [INFO] [DETAIL] 4387 ＺＵＵ: income_stmt=OK, balance_sheet=OK, cashflow=OK, dividends=EMPTY
2026-07-05 02:48:52,638 [INFO] [TIME] 4387 ＺＵＵ 処理時間: 1.05s
2026-07-05 02:48:54,278 [DEBUG] [TIME] 4388 info: 0.18s
2026-07-05 02:48:54,278 [DEBUG] yfinance OK: 4388
2026-07-05 02:48:54,475 [DEBUG] [TIME] 4388 income_stmt: 0.20s
2026-07-05 02:48:54,745 [DEBUG] [TIME] 4388 balance_sheet: 0.27s
2026-07-05 02:48:54,975 [DEBUG] [TIME] 4388 cashflow: 0.23s
2026-07-05 02:48:55,175 [DEBUG] [TIME] 4388 dividends: 0.20s
2026-07-05 02:48:55,176 [INFO] [DETAIL] 4388 エーアイ: income_stmt=OK, balance_sheet=OK, cashflow=OK, dividends=OK
2026-07-05 02:48:55,176 [INFO] [TIME] 4388 エーアイ 処理時間: 1.07s
2026-07-05 02:48:57,005 [DEBUG] [TIME] 4389 info: 0.20s
2026-07-05 02:48:57,005 [DEBUG] yfinance OK: 4389
2026-07-05 02:48:57,219 [DEBUG] [TIME] 4389 income_stmt: 0.21s
2026-07-05 02:48:57,501 [DEBUG] [TIME] 4389 balance_sheet: 0.28s
2026-07-05 02:48:57,706 [DEBUG] [TIME] 4389 cashflow: 0.20s
2026-07-05 02:48:57,860 [DEBUG] [TIME] 4389 dividends: 0.15s
2026-07-05 02:48:57,861 [INFO] [DETAIL] 4389 プロパティデータバンク: income_stmt=OK, balance_sheet=OK, cashflow=OK, dividends=OK
2026-07-05 02:48:57,861 [INFO] [TIME] 4389 プロパティデータバンク 処理時間: 1.05s
2026-07-05 02:48:59,651 [DEBUG] [TIME] 438A info: 0.14s
2026-07-05 02:48:59,651 [DEBUG] yfinance OK: 438A
2026-07-05 02:48:59,943 [DEBUG] [TIME] 438A income_stmt: 0.29s
2026-07-05 02:49:00,191 [DEBUG] [TIME] 438A balance_sheet: 0.25s
2026-07-05 02:49:00,372 [DEBUG] [TIME] 438A cashflow: 0.18s
2026-07-05 02:49:00,538 [DEBUG] [TIME] 438A dividends: 0.17s
2026-07-05 02:49:00,538 [INFO] [DETAIL] 438A インフキュリオン: income_stmt=OK, balance_sheet=OK, cashflow=OK, dividends=EMPTY
2026-07-05 02:49:00,538 [INFO] [TIME] 438A インフキュリオン 処理時間: 1.03s
2026-07-05 02:49:02,530 [DEBUG] [TIME] 4390 info: 0.20s
2026-07-05 02:49:02,530 [DEBUG] yfinance OK: 4390
2026-07-05 02:49:02,762 [DEBUG] [TIME] 4390 income_stmt: 0.23s
2026-07-05 02:49:03,013 [DEBUG] [TIME] 4390 balance_sheet: 0.25s
2026-07-05 02:49:03,272 [DEBUG] [TIME] 4390 cashflow: 0.26s
2026-07-05 02:49:03,447 [DEBUG] [TIME] 4390 dividends: 0.17s
2026-07-05 02:49:03,448 [INFO] [DETAIL] 4390 ＩＰＳ: income_stmt=OK, balance_sheet=OK, cashflow=OK, dividends=OK
2026-07-05 02:49:03,448 [INFO] [TIME] 4390 ＩＰＳ 処理時間: 1.12s
2026-07-05 02:49:04,649 [DEBUG] [TIME] 4391 info: 0.17s
2026-07-05 02:49:04,649 [DEBUG] yfinance OK: 4391
2026-07-05 02:49:04,863 [DEBUG] [TIME] 4391 income_stmt: 0.21s
2026-07-05 02:49:05,126 [DEBUG] [TIME] 4391 balance_sheet: 0.26s
2026-07-05 02:49:05,310 [DEBUG] [TIME] 4391 cashflow: 0.18s
2026-07-05 02:49:05,505 [DEBUG] [TIME] 4391 dividends: 0.20s
2026-07-05 02:49:05,506 [INFO] [DETAIL] 4391 ロジザード: income_stmt=OK, balance_sheet=OK, cashflow=OK, dividends=OK
2026-07-05 02:49:05,507 [INFO] [TIME] 4391 ロジザード 処理時間: 1.03s
2026-07-05 02:49:06,970 [DEBUG] [TIME] 4392 info: 0.18s
2026-07-05 02:49:06,970 [DEBUG] yfinance OK: 4392
2026-07-05 02:49:07,238 [DEBUG] [TIME] 4392 income_stmt: 0.27s
2026-07-05 02:49:07,491 [DEBUG] [TIME] 4392 balance_sheet: 0.25s
2026-07-05 02:49:07,691 [DEBUG] [TIME] 4392 cashflow: 0.20s
2026-07-05 02:49:08,272 [DEBUG] [TIME] 4392 dividends: 0.58s
2026-07-05 02:49:08,273 [INFO] [DETAIL] 4392 ＦＩＧ: income_stmt=OK, balance_sheet=OK, cashflow=OK, dividends=OK
2026-07-05 02:49:08,273 [INFO] [TIME] 4392 ＦＩＧ 処理時間: 1.48s
2026-07-05 02:49:10,229 [DEBUG] [TIME] 4393 info: 0.18s
2026-07-05 02:49:10,229 [DEBUG] yfinance OK: 4393
2026-07-05 02:49:10,437 [DEBUG] [TIME] 4393 income_stmt: 0.21s
2026-07-05 02:49:10,719 [DEBUG] [TIME] 4393 balance_sheet: 0.28s
2026-07-05 02:49:10,992 [DEBUG] [TIME] 4393 cashflow: 0.27s
2026-07-05 02:49:11,217 [DEBUG] [TIME] 4393 dividends: 0.22s
2026-07-05 02:49:11,217 [INFO] [DETAIL] 4393 バンク・オブ・イノベーション: income_stmt=OK, balance_sheet=OK, cashflow=OK, dividends=EMPTY
2026-07-05 02:49:11,218 [INFO] [TIME] 4393 バンク・オブ・イノベーション 処理時間: 1.17s
2026-07-05 02:49:12,924 [DEBUG] [TIME] 4394 info: 0.19s
2026-07-05 02:49:12,924 [DEBUG] yfinance OK: 4394
2026-07-05 02:49:13,141 [DEBUG] [TIME] 4394 income_stmt: 0.22s
2026-07-05 02:49:13,406 [DEBUG] [TIME] 4394 balance_sheet: 0.26s
2026-07-05 02:49:13,629 [DEBUG] [TIME] 4394 cashflow: 0.22s
2026-07-05 02:49:13,929 [DEBUG] [TIME] 4394 dividends: 0.30s
2026-07-05 02:49:13,930 [INFO] [DETAIL] 4394 エクスモーション: income_stmt=OK, balance_sheet=OK, cashflow=OK, dividends=OK
2026-07-05 02:49:13,930 [INFO] [TIME] 4394 エクスモーション 処理時間: 1.19s
2026-07-05 02:49:15,332 [DEBUG] [TIME] 4395 info: 0.20s
2026-07-05 02:49:15,332 [DEBUG] yfinance OK: 4395
2026-07-05 02:49:15,532 [DEBUG] [TIME] 4395 income_stmt: 0.20s
2026-07-05 02:49:15,811 [DEBUG] [TIME] 4395 balance_sheet: 0.28s
2026-07-05 02:49:16,027 [DEBUG] [TIME] 4395 cashflow: 0.21s
2026-07-05 02:49:16,264 [DEBUG] [TIME] 4395 dividends: 0.24s
2026-07-05 02:49:16,265 [INFO] [DETAIL] 4395 アクリート: income_stmt=OK, balance_sheet=OK, cashflow=OK, dividends=OK
2026-07-05 02:49:16,265 [INFO] [TIME] 4395 アクリート 処理時間: 1.13s
2026-07-05 02:49:17,891 [DEBUG] [TIME] 4396 info: 0.22s
2026-07-05 02:49:17,891 [DEBUG] yfinance OK: 4396
2026-07-05 02:49:18,110 [DEBUG] [TIME] 4396 income_stmt: 0.22s
2026-07-05 02:49:18,384 [DEBUG] [TIME] 4396 balance_sheet: 0.27s
2026-07-05 02:49:18,615 [DEBUG] [TIME] 4396 cashflow: 0.23s
2026-07-05 02:49:18,909 [DEBUG] [TIME] 4396 dividends: 0.29s
2026-07-05 02:49:18,910 [INFO] [DETAIL] 4396 システムサポートホールディングス: income_stmt=OK, balance_sheet=OK, cashflow=OK, dividends=OK
2026-07-05 02:49:18,911 [INFO] [TIME] 4396 システムサポートホールディングス 処理時間: 1.24s
2026-07-05 02:49:20,159 [DEBUG] [TIME] 4397 info: 0.17s
2026-07-05 02:49:20,159 [DEBUG] yfinance OK: 4397
2026-07-05 02:49:20,369 [DEBUG] [TIME] 4397 income_stmt: 0.21s
2026-07-05 02:49:20,637 [DEBUG] [TIME] 4397 balance_sheet: 0.27s
2026-07-05 02:49:20,892 [DEBUG] [TIME] 4397 cashflow: 0.25s
2026-07-05 02:49:21,111 [DEBUG] [TIME] 4397 dividends: 0.22s
2026-07-05 02:49:21,111 [INFO] [DETAIL] 4397 チームスピリット: income_stmt=OK, balance_sheet=OK, cashflow=OK, dividends=EMPTY
2026-07-05 02:49:21,111 [INFO] [TIME] 4397 チームスピリット 処理時間: 1.12s
2026-07-05 02:49:22,562 [DEBUG] [TIME] 4398 info: 0.18s
2026-07-05 02:49:22,562 [DEBUG] yfinance OK: 4398
2026-07-05 02:49:22,742 [DEBUG] [TIME] 4398 income_stmt: 0.18s
2026-07-05 02:49:22,982 [DEBUG] [TIME] 4398 balance_sheet: 0.24s
2026-07-05 02:49:23,207 [DEBUG] [TIME] 4398 cashflow: 0.22s
2026-07-05 02:49:23,354 [DEBUG] [TIME] 4398 dividends: 0.15s
2026-07-05 02:49:23,355 [INFO] [DETAIL] 4398 ブロードバンドセキュリティ: income_stmt=OK, balance_sheet=OK, cashflow=OK, dividends=OK
2026-07-05 02:49:23,355 [INFO] [TIME] 4398 ブロードバンドセキュリティ 処理時間: 0.98s
2026-07-05 02:49:24,884 [DEBUG] [TIME] 4401 info: 0.28s
2026-07-05 02:49:24,884 [DEBUG] yfinance OK: 4401
2026-07-05 02:49:25,034 [DEBUG] [TIME] 4401 income_stmt: 0.15s
2026-07-05 02:49:25,273 [DEBUG] [TIME] 4401 balance_sheet: 0.24s
2026-07-05 02:49:25,560 [DEBUG] [TIME] 4401 cashflow: 0.29s
2026-07-05 02:49:25,881 [DEBUG] [TIME] 4401 dividends: 0.32s
2026-07-05 02:49:25,882 [INFO] [DETAIL] 4401 ＡＤＥＫＡ: income_stmt=OK, balance_sheet=OK, cashflow=OK, dividends=OK
2026-07-05 02:49:25,882 [INFO] [TIME] 4401 ＡＤＥＫＡ 処理時間: 1.28s
2026-07-05 02:49:27,894 [DEBUG] [TIME] 4403 info: 0.17s
2026-07-05 02:49:27,894 [DEBUG] yfinance OK: 4403
2026-07-05 02:49:28,144 [DEBUG] [TIME] 4403 income_stmt: 0.25s
2026-07-05 02:49:28,427 [DEBUG] [TIME] 4403 balance_sheet: 0.28s
2026-07-05 02:49:28,643 [DEBUG] [TIME] 4403 cashflow: 0.21s
2026-07-05 02:49:29,048 [DEBUG] [TIME] 4403 dividends: 0.40s
2026-07-05 02:49:29,049 [INFO] [DETAIL] 4403 日油: income_stmt=OK, balance_sheet=OK, cashflow=OK, dividends=OK
2026-07-05 02:49:29,049 [INFO] [TIME] 4403 日油 処理時間: 1.32s
2026-07-05 02:49:30,645 [DEBUG] [TIME] 4404 info: 0.18s
2026-07-05 02:49:30,645 [DEBUG] yfinance OK: 4404
2026-07-05 02:49:30,835 [DEBUG] [TIME] 4404 income_stmt: 0.19s
2026-07-05 02:49:31,064 [DEBUG] [TIME] 4404 balance_sheet: 0.23s
2026-07-05 02:49:31,309 [DEBUG] [TIME] 4404 cashflow: 0.24s
2026-07-05 02:49:31,904 [DEBUG] [TIME] 4404 dividends: 0.59s
2026-07-05 02:49:31,905 [INFO] [DETAIL] 4404 ミヨシ油脂: income_stmt=OK, balance_sheet=OK, cashflow=OK, dividends=OK
2026-07-05 02:49:31,905 [INFO] [TIME] 4404 ミヨシ油脂 処理時間: 1.44s
2026-07-05 02:49:33,166 [DEBUG] [TIME] 4406 info: 0.16s
2026-07-05 02:49:33,167 [DEBUG] yfinance OK: 4406
2026-07-05 02:49:33,348 [DEBUG] [TIME] 4406 income_stmt: 0.18s
2026-07-05 02:49:33,608 [DEBUG] [TIME] 4406 balance_sheet: 0.26s
2026-07-05 02:49:33,818 [DEBUG] [TIME] 4406 cashflow: 0.21s
2026-07-05 02:49:34,035 [DEBUG] [TIME] 4406 dividends: 0.22s
2026-07-05 02:49:34,036 [INFO] [DETAIL] 4406 新日本理化: income_stmt=OK, balance_sheet=OK, cashflow=OK, dividends=OK
2026-07-05 02:49:34,037 [INFO] [TIME] 4406 新日本理化 処理時間: 1.03s
2026-07-05 02:49:36,121 [DEBUG] [TIME] 4409 info: 0.14s
2026-07-05 02:49:36,122 [DEBUG] yfinance OK: 4409
2026-07-05 02:49:36,324 [DEBUG] [TIME] 4409 income_stmt: 0.20s
2026-07-05 02:49:36,593 [DEBUG] [TIME] 4409 balance_sheet: 0.27s
2026-07-05 02:49:36,779 [DEBUG] [TIME] 4409 cashflow: 0.18s
2026-07-05 02:49:37,175 [DEBUG] [TIME] 4409 dividends: 0.40s
2026-07-05 02:49:37,176 [INFO] [DETAIL] 4409 東邦化学工業: income_stmt=OK, balance_sheet=OK, cashflow=OK, dividends=OK
2026-07-05 02:49:37,177 [INFO] [TIME] 4409 東邦化学工業 処理時間: 1.20s
2026-07-05 02:49:39,311 [DEBUG] [TIME] 4410 info: 0.17s
2026-07-05 02:49:39,311 [DEBUG] yfinance OK: 4410
2026-07-05 02:49:39,553 [DEBUG] [TIME] 4410 income_stmt: 0.24s
2026-07-05 02:49:39,855 [DEBUG] [TIME] 4410 balance_sheet: 0.30s
2026-07-05 02:49:40,069 [DEBUG] [TIME] 4410 cashflow: 0.21s
2026-07-05 02:49:40,341 [DEBUG] [TIME] 4410 dividends: 0.27s
2026-07-05 02:49:40,342 [INFO] [DETAIL] 4410 ハリマ化成グループ: income_stmt=OK, balance_sheet=OK, cashflow=OK, dividends=OK
2026-07-05 02:49:40,342 [INFO] [TIME] 4410 ハリマ化成グループ 処理時間: 1.20s
2026-07-05 02:49:42,106 [DEBUG] [TIME] 4412 info: 0.18s
2026-07-05 02:49:42,106 [DEBUG] yfinance OK: 4412
2026-07-05 02:49:42,330 [DEBUG] [TIME] 4412 income_stmt: 0.22s
2026-07-05 02:49:42,566 [DEBUG] [TIME] 4412 balance_sheet: 0.24s
2026-07-05 02:49:42,801 [DEBUG] [TIME] 4412 cashflow: 0.23s
2026-07-05 02:49:42,912 [DEBUG] [TIME] 4412 dividends: 0.11s
2026-07-05 02:49:42,912 [INFO] [DETAIL] 4412 サイエンスアーツ: income_stmt=OK, balance_sheet=OK, cashflow=OK, dividends=EMPTY
2026-07-05 02:49:42,912 [INFO] [TIME] 4412 サイエンスアーツ 処理時間: 0.99s
2026-07-05 02:49:44,809 [DEBUG] [TIME] 4413 info: 0.21s
2026-07-05 02:49:44,809 [DEBUG] yfinance OK: 4413
2026-07-05 02:49:45,036 [DEBUG] [TIME] 4413 income_stmt: 0.23s
2026-07-05 02:49:45,315 [DEBUG] [TIME] 4413 balance_sheet: 0.28s
2026-07-05 02:49:45,551 [DEBUG] [TIME] 4413 cashflow: 0.24s
2026-07-05 02:49:45,747 [DEBUG] [TIME] 4413 dividends: 0.20s
2026-07-05 02:49:45,748 [INFO] [DETAIL] 4413 ボードルア: income_stmt=OK, balance_sheet=OK, cashflow=OK, dividends=OK
2026-07-05 02:49:45,748 [INFO] [TIME] 4413 ボードルア 処理時間: 1.15s
2026-07-05 02:49:47,890 [DEBUG] [TIME] 4414 info: 0.15s
2026-07-05 02:49:47,890 [DEBUG] yfinance OK: 4414
2026-07-05 02:49:48,114 [DEBUG] [TIME] 4414 income_stmt: 0.22s
2026-07-05 02:49:48,528 [DEBUG] [TIME] 4414 balance_sheet: 0.41s
2026-07-05 02:49:48,862 [DEBUG] [TIME] 4414 cashflow: 0.33s
2026-07-05 02:49:49,048 [DEBUG] [TIME] 4414 dividends: 0.19s
2026-07-05 02:49:49,048 [INFO] [DETAIL] 4414 フレクト: income_stmt=OK, balance_sheet=OK, cashflow=OK, dividends=EMPTY
2026-07-05 02:49:49,048 [INFO] [TIME] 4414 フレクト 処理時間: 1.31s
2026-07-05 02:49:51,160 [DEBUG] [TIME] 4415 info: 0.17s
2026-07-05 02:49:51,160 [DEBUG] yfinance OK: 4415
2026-07-05 02:49:51,383 [DEBUG] [TIME] 4415 income_stmt: 0.22s
2026-07-05 02:49:51,693 [DEBUG] [TIME] 4415 balance_sheet: 0.31s
2026-07-05 02:49:51,930 [DEBUG] [TIME] 4415 cashflow: 0.24s
2026-07-05 02:49:52,121 [DEBUG] [TIME] 4415 dividends: 0.19s
2026-07-05 02:49:52,121 [INFO] [DETAIL] 4415 ブロードエンタープライズ: income_stmt=OK, balance_sheet=OK, cashflow=OK, dividends=EMPTY
2026-07-05 02:49:52,121 [INFO] [TIME] 4415 ブロードエンタープライズ 処理時間: 1.13s
2026-07-05 02:49:53,924 [DEBUG] [TIME] 4416 info: 0.14s
2026-07-05 02:49:53,924 [DEBUG] yfinance OK: 4416
2026-07-05 02:49:54,121 [DEBUG] [TIME] 4416 income_stmt: 0.20s
2026-07-05 02:49:54,448 [DEBUG] [TIME] 4416 balance_sheet: 0.33s
2026-07-05 02:49:54,658 [DEBUG] [TIME] 4416 cashflow: 0.21s
2026-07-05 02:49:54,784 [DEBUG] [TIME] 4416 dividends: 0.13s
2026-07-05 02:49:54,784 [INFO] [DETAIL] 4416 Ｔｒｕｅ　Ｄａｔａ: income_stmt=OK, balance_sheet=OK, cashflow=OK, dividends=EMPTY
2026-07-05 02:49:54,784 [INFO] [TIME] 4416 Ｔｒｕｅ　Ｄａｔａ 処理時間: 1.00s
2026-07-05 02:49:56,660 [DEBUG] [TIME] 4417 info: 0.20s
2026-07-05 02:49:56,660 [DEBUG] yfinance OK: 4417
2026-07-05 02:49:56,867 [DEBUG] [TIME] 4417 income_stmt: 0.21s
2026-07-05 02:49:57,120 [DEBUG] [TIME] 4417 balance_sheet: 0.25s
2026-07-05 02:49:57,332 [DEBUG] [TIME] 4417 cashflow: 0.21s
2026-07-05 02:49:57,456 [DEBUG] [TIME] 4417 dividends: 0.12s
2026-07-05 02:49:57,457 [INFO] [DETAIL] 4417 グローバルセキュリティエキスパート: income_stmt=OK, balance_sheet=OK, cashflow=OK, dividends=OK
2026-07-05 02:49:57,458 [INFO] [TIME] 4417 グローバルセキュリティエキスパート 処理時間: 1.00s
2026-07-05 02:49:58,970 [DEBUG] [TIME] 4418 info: 0.14s
2026-07-05 02:49:58,970 [DEBUG] yfinance OK: 4418
2026-07-05 02:49:59,206 [DEBUG] [TIME] 4418 income_stmt: 0.24s
2026-07-05 02:49:59,471 [DEBUG] [TIME] 4418 balance_sheet: 0.26s
2026-07-05 02:49:59,703 [DEBUG] [TIME] 4418 cashflow: 0.23s
2026-07-05 02:49:59,853 [DEBUG] [TIME] 4418 dividends: 0.15s
2026-07-05 02:49:59,853 [INFO] [DETAIL] 4418 ＪＤＳＣ: income_stmt=OK, balance_sheet=OK, cashflow=OK, dividends=EMPTY
2026-07-05 02:49:59,853 [INFO] [TIME] 4418 ＪＤＳＣ 処理時間: 1.02s
2026-07-05 02:50:01,969 [DEBUG] [TIME] 4419 info: 0.19s
2026-07-05 02:50:01,969 [DEBUG] yfinance OK: 4419
2026-07-05 02:50:02,155 [DEBUG] [TIME] 4419 income_stmt: 0.19s
2026-07-05 02:50:02,408 [DEBUG] [TIME] 4419 balance_sheet: 0.25s
2026-07-05 02:50:02,584 [DEBUG] [TIME] 4419 cashflow: 0.18s
2026-07-05 02:50:02,717 [DEBUG] [TIME] 4419 dividends: 0.13s
2026-07-05 02:50:02,717 [INFO] [DETAIL] 4419 Ｆｉｎａｔｅｘｔホールディングス: income_stmt=OK, balance_sheet=OK, cashflow=OK, dividends=EMPTY
2026-07-05 02:50:02,717 [INFO] [TIME] 4419 Ｆｉｎａｔｅｘｔホールディングス 処理時間: 0.93s
2026-07-05 02:50:04,604 [DEBUG] [TIME] 441A info: 0.25s
2026-07-05 02:50:04,604 [DEBUG] yfinance OK: 441A
2026-07-05 02:50:04,774 [DEBUG] [TIME] 441A income_stmt: 0.17s
2026-07-05 02:50:04,974 [DEBUG] [TIME] 441A balance_sheet: 0.20s
2026-07-05 02:50:05,143 [DEBUG] [TIME] 441A cashflow: 0.17s
2026-07-05 02:50:05,222 [DEBUG] [TIME] 441A dividends: 0.08s
2026-07-05 02:50:05,222 [INFO] [DETAIL] 441A ＮＥ: income_stmt=OK, balance_sheet=OK, cashflow=EMPTY, dividends=EMPTY
2026-07-05 02:50:05,222 [INFO] [TIME] 441A ＮＥ 処理時間: 0.87s
2026-07-05 02:50:07,209 [DEBUG] [TIME] 4420 info: 0.18s
2026-07-05 02:50:07,209 [DEBUG] yfinance OK: 4420
2026-07-05 02:50:07,386 [DEBUG] [TIME] 4420 income_stmt: 0.18s
2026-07-05 02:50:07,673 [DEBUG] [TIME] 4420 balance_sheet: 0.29s
2026-07-05 02:50:07,919 [DEBUG] [TIME] 4420 cashflow: 0.25s
2026-07-05 02:50:08,110 [DEBUG] [TIME] 4420 dividends: 0.19s
2026-07-05 02:50:08,111 [INFO] [DETAIL] 4420 イーソル: income_stmt=OK, balance_sheet=OK, cashflow=OK, dividends=OK
2026-07-05 02:50:08,111 [INFO] [TIME] 4420 イーソル 処理時間: 1.08s
2026-07-05 02:50:09,818 [DEBUG] [TIME] 4421 info: 0.16s
2026-07-05 02:50:09,818 [DEBUG] yfinance OK: 4421
2026-07-05 02:50:10,062 [DEBUG] [TIME] 4421 income_stmt: 0.24s
2026-07-05 02:50:10,308 [DEBUG] [TIME] 4421 balance_sheet: 0.25s
2026-07-05 02:50:10,565 [DEBUG] [TIME] 4421 cashflow: 0.26s
2026-07-05 02:50:10,848 [DEBUG] [TIME] 4421 dividends: 0.28s
2026-07-05 02:50:10,849 [INFO] [DETAIL] 4421 ディ・アイ・システム: income_stmt=OK, balance_sheet=OK, cashflow=OK, dividends=OK
2026-07-05 02:50:10,849 [INFO] [TIME] 4421 ディ・アイ・システム 処理時間: 1.19s
2026-07-05 02:50:12,350 [DEBUG] [TIME] 4422 info: 0.16s
2026-07-05 02:50:12,350 [DEBUG] yfinance OK: 4422
2026-07-05 02:50:12,526 [DEBUG] [TIME] 4422 income_stmt: 0.18s
2026-07-05 02:50:12,820 [DEBUG] [TIME] 4422 balance_sheet: 0.29s
2026-07-05 02:50:13,027 [DEBUG] [TIME] 4422 cashflow: 0.21s
2026-07-05 02:50:13,143 [DEBUG] [TIME] 4422 dividends: 0.12s
2026-07-05 02:50:13,143 [INFO] [DETAIL] 4422 ＶＡＬＵＥＮＥＸ: income_stmt=OK, balance_sheet=OK, cashflow=OK, dividends=EMPTY
2026-07-05 02:50:13,143 [INFO] [TIME] 4422 ＶＡＬＵＥＮＥＸ 処理時間: 0.95s
2026-07-05 02:50:14,868 [DEBUG] [TIME] 4424 info: 0.15s
2026-07-05 02:50:14,868 [DEBUG] yfinance OK: 4424
2026-07-05 02:50:15,040 [DEBUG] [TIME] 4424 income_stmt: 0.17s
2026-07-05 02:50:15,316 [DEBUG] [TIME] 4424 balance_sheet: 0.27s
2026-07-05 02:50:15,528 [DEBUG] [TIME] 4424 cashflow: 0.21s
2026-07-05 02:50:15,652 [DEBUG] [TIME] 4424 dividends: 0.12s
2026-07-05 02:50:15,652 [INFO] [DETAIL] 4424 Ａｍａｚｉａ: income_stmt=OK, balance_sheet=OK, cashflow=OK, dividends=EMPTY
2026-07-05 02:50:15,652 [INFO] [TIME] 4424 Ａｍａｚｉａ 処理時間: 0.93s
2026-07-05 02:50:17,009 [DEBUG] [TIME] 4425 info: 0.17s
2026-07-05 02:50:17,010 [DEBUG] yfinance OK: 4425
2026-07-05 02:50:17,216 [DEBUG] [TIME] 4425 income_stmt: 0.21s
2026-07-05 02:50:17,511 [DEBUG] [TIME] 4425 balance_sheet: 0.29s
2026-07-05 02:50:17,711 [DEBUG] [TIME] 4425 cashflow: 0.20s
2026-07-05 02:50:18,002 [DEBUG] [TIME] 4425 dividends: 0.29s
2026-07-05 02:50:18,002 [INFO] [DETAIL] 4425 Ｋｕｄａｎ: income_stmt=OK, balance_sheet=OK, cashflow=OK, dividends=EMPTY
2026-07-05 02:50:18,002 [INFO] [TIME] 4425 Ｋｕｄａｎ 処理時間: 1.16s
2026-07-05 02:50:19,233 [DEBUG] [TIME] 4427 info: 0.17s
2026-07-05 02:50:19,233 [DEBUG] yfinance OK: 4427
2026-07-05 02:50:19,408 [DEBUG] [TIME] 4427 income_stmt: 0.18s
2026-07-05 02:50:19,635 [DEBUG] [TIME] 4427 balance_sheet: 0.23s
2026-07-05 02:50:19,809 [DEBUG] [TIME] 4427 cashflow: 0.17s
2026-07-05 02:50:19,903 [DEBUG] [TIME] 4427 dividends: 0.09s
2026-07-05 02:50:19,904 [INFO] [DETAIL] 4427 ＥｄｕＬａｂ: income_stmt=OK, balance_sheet=OK, cashflow=OK, dividends=OK
2026-07-05 02:50:19,904 [INFO] [TIME] 4427 ＥｄｕＬａｂ 処理時間: 0.84s
2026-07-05 02:50:21,230 [DEBUG] [TIME] 4428 info: 0.15s
2026-07-05 02:50:21,230 [DEBUG] yfinance OK: 4428
2026-07-05 02:50:21,448 [DEBUG] [TIME] 4428 income_stmt: 0.22s
2026-07-05 02:50:21,732 [DEBUG] [TIME] 4428 balance_sheet: 0.28s
2026-07-05 02:50:21,953 [DEBUG] [TIME] 4428 cashflow: 0.22s
2026-07-05 02:50:22,323 [DEBUG] [TIME] 4428 dividends: 0.37s
2026-07-05 02:50:22,324 [INFO] [DETAIL] 4428 シノプス: income_stmt=OK, balance_sheet=OK, cashflow=OK, dividends=OK
2026-07-05 02:50:22,325 [INFO] [TIME] 4428 シノプス 処理時間: 1.25s
2026-07-05 02:50:23,910 [DEBUG] [TIME] 4429 info: 0.17s
2026-07-05 02:50:23,910 [DEBUG] yfinance OK: 4429
2026-07-05 02:50:24,095 [DEBUG] [TIME] 4429 income_stmt: 0.19s
2026-07-05 02:50:24,308 [DEBUG] [TIME] 4429 balance_sheet: 0.21s
2026-07-05 02:50:24,535 [DEBUG] [TIME] 4429 cashflow: 0.23s
2026-07-05 02:50:24,840 [DEBUG] [TIME] 4429 dividends: 0.30s
2026-07-05 02:50:24,840 [INFO] [DETAIL] 4429 リックソフト: income_stmt=OK, balance_sheet=OK, cashflow=OK, dividends=EMPTY
2026-07-05 02:50:24,840 [INFO] [TIME] 4429 リックソフト 処理時間: 1.10s
2026-07-05 02:50:26,351 [DEBUG] [TIME] 442A info: 0.17s
2026-07-05 02:50:26,351 [DEBUG] yfinance OK: 442A
2026-07-05 02:50:26,536 [DEBUG] [TIME] 442A income_stmt: 0.19s
2026-07-05 02:50:26,802 [DEBUG] [TIME] 442A balance_sheet: 0.27s
2026-07-05 02:50:27,031 [DEBUG] [TIME] 442A cashflow: 0.23s
2026-07-05 02:50:27,223 [DEBUG] [TIME] 442A dividends: 0.19s
2026-07-05 02:50:27,223 [INFO] [DETAIL] 442A クラシコ: income_stmt=OK, balance_sheet=OK, cashflow=OK, dividends=EMPTY
2026-07-05 02:50:27,223 [INFO] [TIME] 442A クラシコ 処理時間: 1.04s
2026-07-05 02:50:28,889 [DEBUG] [TIME] 4430 info: 0.18s
2026-07-05 02:50:28,889 [DEBUG] yfinance OK: 4430
2026-07-05 02:50:29,073 [DEBUG] [TIME] 4430 income_stmt: 0.18s
2026-07-05 02:50:29,297 [DEBUG] [TIME] 4430 balance_sheet: 0.22s
2026-07-05 02:50:29,540 [DEBUG] [TIME] 4430 cashflow: 0.24s
2026-07-05 02:50:29,901 [DEBUG] [TIME] 4430 dividends: 0.36s
2026-07-05 02:50:29,902 [INFO] [DETAIL] 4430 東海ソフト: income_stmt=OK, balance_sheet=OK, cashflow=OK, dividends=OK
2026-07-05 02:50:29,903 [INFO] [TIME] 4430 東海ソフト 処理時間: 1.20s
2026-07-05 02:50:31,924 [DEBUG] [TIME] 4431 info: 0.16s
2026-07-05 02:50:31,925 [DEBUG] yfinance OK: 4431
2026-07-05 02:50:32,126 [DEBUG] [TIME] 4431 income_stmt: 0.20s
2026-07-05 02:50:32,381 [DEBUG] [TIME] 4431 balance_sheet: 0.25s
2026-07-05 02:50:32,685 [DEBUG] [TIME] 4431 cashflow: 0.30s
2026-07-05 02:50:33,001 [DEBUG] [TIME] 4431 dividends: 0.32s
2026-07-05 02:50:33,002 [INFO] [DETAIL] 4431 スマレジ: income_stmt=OK, balance_sheet=OK, cashflow=OK, dividends=OK
2026-07-05 02:50:33,002 [INFO] [TIME] 4431 スマレジ 処理時間: 1.24s
2026-07-05 02:50:34,994 [DEBUG] [TIME] 4432 info: 0.14s
2026-07-05 02:50:34,994 [DEBUG] yfinance OK: 4432
2026-07-05 02:50:35,175 [DEBUG] [TIME] 4432 income_stmt: 0.18s
2026-07-05 02:50:35,451 [DEBUG] [TIME] 4432 balance_sheet: 0.28s
2026-07-05 02:50:35,679 [DEBUG] [TIME] 4432 cashflow: 0.23s
2026-07-05 02:50:35,812 [DEBUG] [TIME] 4432 dividends: 0.13s
2026-07-05 02:50:35,813 [INFO] [DETAIL] 4432 ウイングアーク１ｓｔ: income_stmt=OK, balance_sheet=OK, cashflow=OK, dividends=OK
2026-07-05 02:50:35,814 [INFO] [TIME] 4432 ウイングアーク１ｓｔ 処理時間: 0.96s
2026-07-05 02:50:37,152 [DEBUG] [TIME] 4433 info: 0.19s
2026-07-05 02:50:37,153 [DEBUG] yfinance OK: 4433
2026-07-05 02:50:37,322 [DEBUG] [TIME] 4433 income_stmt: 0.17s
2026-07-05 02:50:37,578 [DEBUG] [TIME] 4433 balance_sheet: 0.26s
2026-07-05 02:50:37,802 [DEBUG] [TIME] 4433 cashflow: 0.22s
2026-07-05 02:50:38,231 [DEBUG] [TIME] 4433 dividends: 0.43s
2026-07-05 02:50:38,232 [INFO] [DETAIL] 4433 ヒト・コミュニケーションズ・ホールディングス: income_stmt=OK, balance_sheet=OK, cashflow=OK, dividends=OK
2026-07-05 02:50:38,232 [INFO] [TIME] 4433 ヒト・コミュニケーションズ・ホールディングス 処理時間: 1.27s
2026-07-05 02:50:39,486 [DEBUG] [TIME] 4434 info: 0.15s
2026-07-05 02:50:39,486 [DEBUG] yfinance OK: 4434
2026-07-05 02:50:39,691 [DEBUG] [TIME] 4434 income_stmt: 0.20s
2026-07-05 02:50:40,029 [DEBUG] [TIME] 4434 balance_sheet: 0.34s
2026-07-05 02:50:40,240 [DEBUG] [TIME] 4434 cashflow: 0.21s
2026-07-05 02:50:40,353 [DEBUG] [TIME] 4434 dividends: 0.11s
2026-07-05 02:50:40,354 [INFO] [DETAIL] 4434 サーバーワークス: income_stmt=OK, balance_sheet=OK, cashflow=OK, dividends=OK
2026-07-05 02:50:40,354 [INFO] [TIME] 4434 サーバーワークス 処理時間: 1.01s
2026-07-05 02:50:42,055 [DEBUG] [TIME] 4436 info: 0.20s
2026-07-05 02:50:42,055 [DEBUG] yfinance OK: 4436
2026-07-05 02:50:42,265 [DEBUG] [TIME] 4436 income_stmt: 0.21s
2026-07-05 02:50:42,506 [DEBUG] [TIME] 4436 balance_sheet: 0.24s
2026-07-05 02:50:42,729 [DEBUG] [TIME] 4436 cashflow: 0.22s
2026-07-05 02:50:42,845 [DEBUG] [TIME] 4436 dividends: 0.12s
2026-07-05 02:50:42,846 [INFO] [DETAIL] 4436 ミンカブ・ジ・インフォノイド: income_stmt=OK, balance_sheet=OK, cashflow=OK, dividends=OK
2026-07-05 02:50:42,846 [INFO] [TIME] 4436 ミンカブ・ジ・インフォノイド 処理時間: 0.99s
2026-07-05 02:50:44,286 [DEBUG] [TIME] 4437 info: 0.14s
2026-07-05 02:50:44,286 [DEBUG] yfinance OK: 4437
2026-07-05 02:50:44,497 [DEBUG] [TIME] 4437 income_stmt: 0.21s
2026-07-05 02:50:44,732 [DEBUG] [TIME] 4437 balance_sheet: 0.23s
2026-07-05 02:50:44,966 [DEBUG] [TIME] 4437 cashflow: 0.23s
2026-07-05 02:50:45,141 [DEBUG] [TIME] 4437 dividends: 0.17s
2026-07-05 02:50:45,142 [INFO] [DETAIL] 4437 ｇｏｏｄｄａｙｓホールディングス: income_stmt=OK, balance_sheet=OK, cashflow=OK, dividends=OK
2026-07-05 02:50:45,142 [INFO] [TIME] 4437 ｇｏｏｄｄａｙｓホールディングス 処理時間: 1.00s
2026-07-05 02:50:46,713 [DEBUG] [TIME] 4438 info: 0.21s
2026-07-05 02:50:46,713 [DEBUG] yfinance OK: 4438
2026-07-05 02:50:46,943 [DEBUG] [TIME] 4438 income_stmt: 0.23s
2026-07-05 02:50:47,189 [DEBUG] [TIME] 4438 balance_sheet: 0.24s
2026-07-05 02:50:47,395 [DEBUG] [TIME] 4438 cashflow: 0.20s
2026-07-05 02:50:47,616 [DEBUG] [TIME] 4438 dividends: 0.22s
2026-07-05 02:50:47,616 [INFO] [DETAIL] 4438 Ｗｅｌｂｙ: income_stmt=OK, balance_sheet=OK, cashflow=OK, dividends=EMPTY
2026-07-05 02:50:47,616 [INFO] [TIME] 4438 Ｗｅｌｂｙ 処理時間: 1.11s
2026-07-05 02:50:49,160 [DEBUG] [TIME] 4439 info: 0.17s
2026-07-05 02:50:49,160 [DEBUG] yfinance OK: 4439
2026-07-05 02:50:49,341 [DEBUG] [TIME] 4439 income_stmt: 0.18s
2026-07-05 02:50:49,633 [DEBUG] [TIME] 4439 balance_sheet: 0.29s
2026-07-05 02:50:49,844 [DEBUG] [TIME] 4439 cashflow: 0.21s
2026-07-05 02:50:50,104 [DEBUG] [TIME] 4439 dividends: 0.26s
2026-07-05 02:50:50,105 [INFO] [DETAIL] 4439 東名: income_stmt=OK, balance_sheet=OK, cashflow=OK, dividends=OK
2026-07-05 02:50:50,105 [INFO] [TIME] 4439 東名 処理時間: 1.12s
2026-07-05 02:50:51,584 [DEBUG] [TIME] 4440 info: 0.21s
2026-07-05 02:50:51,584 [DEBUG] yfinance OK: 4440
2026-07-05 02:50:51,835 [DEBUG] [TIME] 4440 income_stmt: 0.25s
2026-07-05 02:50:52,137 [DEBUG] [TIME] 4440 balance_sheet: 0.30s
2026-07-05 02:50:52,356 [DEBUG] [TIME] 4440 cashflow: 0.22s
2026-07-05 02:50:52,520 [DEBUG] [TIME] 4440 dividends: 0.16s
2026-07-05 02:50:52,521 [INFO] [DETAIL] 4440 ヴィッツ: income_stmt=OK, balance_sheet=OK, cashflow=OK, dividends=OK
2026-07-05 02:50:52,522 [INFO] [TIME] 4440 ヴィッツ 処理時間: 1.15s
2026-07-05 02:50:54,150 [DEBUG] [TIME] 4441 info: 0.15s
2026-07-05 02:50:54,150 [DEBUG] yfinance OK: 4441
2026-07-05 02:50:54,367 [DEBUG] [TIME] 4441 income_stmt: 0.22s
2026-07-05 02:50:54,649 [DEBUG] [TIME] 4441 balance_sheet: 0.28s
2026-07-05 02:50:54,870 [DEBUG] [TIME] 4441 cashflow: 0.22s
2026-07-05 02:50:55,172 [DEBUG] [TIME] 4441 dividends: 0.30s
2026-07-05 02:50:55,173 [INFO] [DETAIL] 4441 トビラシステムズ: income_stmt=OK, balance_sheet=OK, cashflow=OK, dividends=OK
2026-07-05 02:50:55,173 [INFO] [TIME] 4441 トビラシステムズ 処理時間: 1.18s
2026-07-05 02:50:56,503 [DEBUG] [TIME] 4442 info: 0.14s
2026-07-05 02:50:56,503 [DEBUG] yfinance OK: 4442
2026-07-05 02:50:56,712 [DEBUG] [TIME] 4442 income_stmt: 0.21s
2026-07-05 02:50:56,951 [DEBUG] [TIME] 4442 balance_sheet: 0.24s
2026-07-05 02:50:57,159 [DEBUG] [TIME] 4442 cashflow: 0.21s
2026-07-05 02:50:57,373 [DEBUG] [TIME] 4442 dividends: 0.21s
2026-07-05 02:50:57,374 [INFO] [DETAIL] 4442 バルテス・ホールディングス: income_stmt=OK, balance_sheet=OK, cashflow=OK, dividends=OK
2026-07-05 02:50:57,374 [INFO] [TIME] 4442 バルテス・ホールディングス 処理時間: 1.01s
2026-07-05 02:50:59,555 [DEBUG] [TIME] 4443 info: 0.18s
2026-07-05 02:50:59,555 [DEBUG] yfinance OK: 4443
2026-07-05 02:50:59,758 [DEBUG] [TIME] 4443 income_stmt: 0.20s
2026-07-05 02:50:59,966 [DEBUG] [TIME] 4443 balance_sheet: 0.21s
2026-07-05 02:51:00,152 [DEBUG] [TIME] 4443 cashflow: 0.18s
2026-07-05 02:51:00,505 [DEBUG] [TIME] 4443 dividends: 0.35s
2026-07-05 02:51:00,505 [INFO] [DETAIL] 4443 Ｓａｎｓａｎ: income_stmt=OK, balance_sheet=OK, cashflow=OK, dividends=OK
2026-07-05 02:51:00,505 [INFO] [TIME] 4443 Ｓａｎｓａｎ 処理時間: 1.13s
2026-07-05 02:51:02,060 [DEBUG] [TIME] 4444 info: 0.20s
2026-07-05 02:51:02,060 [DEBUG] yfinance OK: 4444
2026-07-05 02:51:02,237 [DEBUG] [TIME] 4444 income_stmt: 0.18s
2026-07-05 02:51:02,475 [DEBUG] [TIME] 4444 balance_sheet: 0.24s
2026-07-05 02:51:02,700 [DEBUG] [TIME] 4444 cashflow: 0.22s
2026-07-05 02:51:02,815 [DEBUG] [TIME] 4444 dividends: 0.11s
2026-07-05 02:51:02,816 [INFO] [DETAIL] 4444 インフォネット: income_stmt=OK, balance_sheet=OK, cashflow=OK, dividends=EMPTY
2026-07-05 02:51:02,816 [INFO] [TIME] 4444 インフォネット 処理時間: 0.96s
2026-07-05 02:51:04,350 [DEBUG] [TIME] 4445 info: 0.16s
2026-07-05 02:51:04,350 [DEBUG] yfinance OK: 4445
2026-07-05 02:51:04,542 [DEBUG] [TIME] 4445 income_stmt: 0.19s
2026-07-05 02:51:04,792 [DEBUG] [TIME] 4445 balance_sheet: 0.25s
2026-07-05 02:51:05,002 [DEBUG] [TIME] 4445 cashflow: 0.21s
2026-07-05 02:51:05,094 [DEBUG] [TIME] 4445 dividends: 0.09s
2026-07-05 02:51:05,094 [INFO] [DETAIL] 4445 リビン・テクノロジーズ: income_stmt=OK, balance_sheet=OK, cashflow=OK, dividends=EMPTY
2026-07-05 02:51:05,094 [INFO] [TIME] 4445 リビン・テクノロジーズ 処理時間: 0.91s
2026-07-05 02:51:06,916 [DEBUG] [TIME] 4446 info: 0.15s
2026-07-05 02:51:06,916 [DEBUG] yfinance OK: 4446
2026-07-05 02:51:07,157 [DEBUG] [TIME] 4446 income_stmt: 0.24s
2026-07-05 02:51:07,946 [DEBUG] [TIME] 4446 balance_sheet: 0.79s
2026-07-05 02:51:08,166 [DEBUG] [TIME] 4446 cashflow: 0.22s
2026-07-05 02:51:08,276 [DEBUG] [TIME] 4446 dividends: 0.11s
2026-07-05 02:51:08,276 [INFO] [DETAIL] 4446 Ｌｉｎｋ－Ｕグループ: income_stmt=OK, balance_sheet=OK, cashflow=OK, dividends=EMPTY
2026-07-05 02:51:08,276 [INFO] [TIME] 4446 Ｌｉｎｋ－Ｕグループ 処理時間: 1.51s
2026-07-05 02:51:09,961 [DEBUG] [TIME] 4447 info: 0.19s
2026-07-05 02:51:09,961 [DEBUG] yfinance OK: 4447
2026-07-05 02:51:10,141 [DEBUG] [TIME] 4447 income_stmt: 0.18s
2026-07-05 02:51:10,403 [DEBUG] [TIME] 4447 balance_sheet: 0.26s
2026-07-05 02:51:10,625 [DEBUG] [TIME] 4447 cashflow: 0.22s
2026-07-05 02:51:10,794 [DEBUG] [TIME] 4447 dividends: 0.17s
2026-07-05 02:51:10,795 [INFO] [DETAIL] 4447 ピー・ビーシステムズ: income_stmt=OK, balance_sheet=OK, cashflow=OK, dividends=OK
2026-07-05 02:51:10,795 [INFO] [TIME] 4447 ピー・ビーシステムズ 処理時間: 1.03s
2026-07-05 02:51:12,927 [DEBUG] [TIME] 4448 info: 0.14s
2026-07-05 02:51:12,928 [DEBUG] yfinance OK: 4448
2026-07-05 02:51:13,141 [DEBUG] [TIME] 4448 income_stmt: 0.21s
2026-07-05 02:51:13,460 [DEBUG] [TIME] 4448 balance_sheet: 0.32s
2026-07-05 02:51:13,713 [DEBUG] [TIME] 4448 cashflow: 0.25s
2026-07-05 02:51:14,025 [DEBUG] [TIME] 4448 dividends: 0.31s
2026-07-05 02:51:14,025 [INFO] [DETAIL] 4448 ｋｕｂｅｌｌ: income_stmt=OK, balance_sheet=OK, cashflow=OK, dividends=EMPTY
2026-07-05 02:51:14,025 [INFO] [TIME] 4448 ｋｕｂｅｌｌ 処理時間: 1.24s
2026-07-05 02:51:15,304 [DEBUG] [TIME] 4449 info: 0.16s
2026-07-05 02:51:15,304 [DEBUG] yfinance OK: 4449
2026-07-05 02:51:15,500 [DEBUG] [TIME] 4449 income_stmt: 0.20s
2026-07-05 02:51:15,716 [DEBUG] [TIME] 4449 balance_sheet: 0.22s
2026-07-05 02:51:15,972 [DEBUG] [TIME] 4449 cashflow: 0.26s
2026-07-05 02:51:16,354 [DEBUG] [TIME] 4449 dividends: 0.38s
2026-07-05 02:51:16,355 [INFO] [DETAIL] 4449 ギフティ: income_stmt=OK, balance_sheet=OK, cashflow=OK, dividends=OK
2026-07-05 02:51:16,355 [INFO] [TIME] 4449 ギフティ 処理時間: 1.21s
2026-07-05 02:51:18,411 [DEBUG] [TIME] 4450 info: 0.15s
2026-07-05 02:51:18,411 [DEBUG] yfinance OK: 4450
2026-07-05 02:51:18,633 [DEBUG] [TIME] 4450 income_stmt: 0.22s
2026-07-05 02:51:18,916 [DEBUG] [TIME] 4450 balance_sheet: 0.28s
2026-07-05 02:51:19,099 [DEBUG] [TIME] 4450 cashflow: 0.18s
2026-07-05 02:51:19,263 [DEBUG] [TIME] 4450 dividends: 0.16s
2026-07-05 02:51:19,264 [INFO] [DETAIL] 4450 パワーソリューションズ: income_stmt=OK, balance_sheet=OK, cashflow=OK, dividends=OK
2026-07-05 02:51:19,264 [INFO] [TIME] 4450 パワーソリューションズ 処理時間: 1.01s
2026-07-05 02:51:21,242 [DEBUG] [TIME] 4452 info: 0.18s
2026-07-05 02:51:21,243 [DEBUG] yfinance OK: 4452
2026-07-05 02:51:21,429 [DEBUG] [TIME] 4452 income_stmt: 0.19s
2026-07-05 02:51:21,672 [DEBUG] [TIME] 4452 balance_sheet: 0.24s
2026-07-05 02:51:21,865 [DEBUG] [TIME] 4452 cashflow: 0.19s
2026-07-05 02:51:22,169 [DEBUG] [TIME] 4452 dividends: 0.30s
2026-07-05 02:51:22,170 [INFO] [DETAIL] 4452 花王: income_stmt=OK, balance_sheet=OK, cashflow=OK, dividends=OK
2026-07-05 02:51:22,170 [INFO] [TIME] 4452 花王 処理時間: 1.11s
2026-07-05 02:51:23,622 [DEBUG] [TIME] 4461 info: 0.16s
2026-07-05 02:51:23,622 [DEBUG] yfinance OK: 4461
2026-07-05 02:51:23,816 [DEBUG] [TIME] 4461 income_stmt: 0.19s
2026-07-05 02:51:24,091 [DEBUG] [TIME] 4461 balance_sheet: 0.27s
2026-07-05 02:51:24,336 [DEBUG] [TIME] 4461 cashflow: 0.24s
2026-07-05 02:51:24,646 [DEBUG] [TIME] 4461 dividends: 0.31s
2026-07-05 02:51:24,647 [INFO] [DETAIL] 4461 第一工業製薬: income_stmt=OK, balance_sheet=OK, cashflow=OK, dividends=OK
2026-07-05 02:51:24,647 [INFO] [TIME] 4461 第一工業製薬 処理時間: 1.19s
2026-07-05 02:51:26,270 [DEBUG] [TIME] 4462 info: 0.16s
2026-07-05 02:51:26,270 [DEBUG] yfinance OK: 4462
2026-07-05 02:51:26,467 [DEBUG] [TIME] 4462 income_stmt: 0.20s
2026-07-05 02:51:26,734 [DEBUG] [TIME] 4462 balance_sheet: 0.27s
2026-07-05 02:51:26,938 [DEBUG] [TIME] 4462 cashflow: 0.20s
2026-07-05 02:51:27,477 [DEBUG] [TIME] 4462 dividends: 0.54s
2026-07-05 02:51:27,478 [INFO] [DETAIL] 4462 石原ケミカル: income_stmt=OK, balance_sheet=OK, cashflow=OK, dividends=OK
2026-07-05 02:51:27,478 [INFO] [TIME] 4462 石原ケミカル 処理時間: 1.37s
2026-07-05 02:51:29,587 [DEBUG] [TIME] 4463 info: 0.18s
2026-07-05 02:51:29,587 [DEBUG] yfinance OK: 4463
2026-07-05 02:51:29,771 [DEBUG] [TIME] 4463 income_stmt: 0.18s
2026-07-05 02:51:30,003 [DEBUG] [TIME] 4463 balance_sheet: 0.23s
2026-07-05 02:51:30,270 [DEBUG] [TIME] 4463 cashflow: 0.27s
2026-07-05 02:51:30,751 [DEBUG] [TIME] 4463 dividends: 0.48s
2026-07-05 02:51:30,753 [INFO] [DETAIL] 4463 日華化学: income_stmt=OK, balance_sheet=OK, cashflow=OK, dividends=OK
2026-07-05 02:51:30,753 [INFO] [TIME] 4463 日華化学 処理時間: 1.34s
2026-07-05 02:51:32,521 [DEBUG] [TIME] 4464 info: 0.16s
2026-07-05 02:51:32,521 [DEBUG] yfinance OK: 4464
2026-07-05 02:51:32,774 [DEBUG] [TIME] 4464 income_stmt: 0.25s
2026-07-05 02:51:33,040 [DEBUG] [TIME] 4464 balance_sheet: 0.27s
2026-07-05 02:51:33,282 [DEBUG] [TIME] 4464 cashflow: 0.24s
2026-07-05 02:51:33,772 [DEBUG] [TIME] 4464 dividends: 0.49s
2026-07-05 02:51:33,774 [INFO] [DETAIL] 4464 ソフト９９コーポレーション: income_stmt=OK, balance_sheet=OK, cashflow=OK, dividends=OK
2026-07-05 02:51:33,774 [INFO] [TIME] 4464 ソフト９９コーポレーション 処理時間: 1.41s
2026-07-05 02:51:35,522 [DEBUG] [TIME] 4465 info: 0.15s
2026-07-05 02:51:35,522 [DEBUG] yfinance OK: 4465
2026-07-05 02:51:35,737 [DEBUG] [TIME] 4465 income_stmt: 0.21s
2026-07-05 02:51:36,039 [DEBUG] [TIME] 4465 balance_sheet: 0.30s
2026-07-05 02:51:36,269 [DEBUG] [TIME] 4465 cashflow: 0.23s
2026-07-05 02:51:36,825 [DEBUG] [TIME] 4465 dividends: 0.56s
2026-07-05 02:51:36,826 [INFO] [DETAIL] 4465 ニイタカ: income_stmt=OK, balance_sheet=OK, cashflow=OK, dividends=OK
2026-07-05 02:51:36,826 [INFO] [TIME] 4465 ニイタカ 処理時間: 1.46s
2026-07-05 02:51:38,922 [DEBUG] [TIME] 446A info: 0.17s
2026-07-05 02:51:38,922 [DEBUG] yfinance OK: 446A
2026-07-05 02:51:39,155 [DEBUG] [TIME] 446A income_stmt: 0.23s
2026-07-05 02:51:39,375 [DEBUG] [TIME] 446A balance_sheet: 0.22s
2026-07-05 02:51:39,553 [DEBUG] [TIME] 446A cashflow: 0.18s
2026-07-05 02:51:39,716 [DEBUG] [TIME] 446A dividends: 0.16s
2026-07-05 02:51:39,716 [INFO] [DETAIL] 446A ノースサンド: income_stmt=OK, balance_sheet=OK, cashflow=OK, dividends=EMPTY
2026-07-05 02:51:39,716 [INFO] [TIME] 446A ノースサンド 処理時間: 0.96s
2026-07-05 02:51:40,902 [DEBUG] [TIME] 4471 info: 0.16s
2026-07-05 02:51:40,902 [DEBUG] yfinance OK: 4471
2026-07-05 02:51:41,129 [DEBUG] [TIME] 4471 income_stmt: 0.23s
2026-07-05 02:51:41,448 [DEBUG] [TIME] 4471 balance_sheet: 0.32s
2026-07-05 02:51:41,711 [DEBUG] [TIME] 4471 cashflow: 0.26s
2026-07-05 02:51:41,985 [DEBUG] [TIME] 4471 dividends: 0.27s
2026-07-05 02:51:41,986 [INFO] [DETAIL] 4471 三洋化成工業: income_stmt=OK, balance_sheet=OK, cashflow=OK, dividends=OK
2026-07-05 02:51:41,987 [INFO] [TIME] 4471 三洋化成工業 処理時間: 1.25s
2026-07-05 02:51:43,181 [DEBUG] [TIME] 4475 info: 0.15s
2026-07-05 02:51:43,181 [DEBUG] yfinance OK: 4475
2026-07-05 02:51:43,393 [DEBUG] [TIME] 4475 income_stmt: 0.21s
2026-07-05 02:51:43,641 [DEBUG] [TIME] 4475 balance_sheet: 0.25s
2026-07-05 02:51:43,934 [DEBUG] [TIME] 4475 cashflow: 0.29s
2026-07-05 02:51:44,153 [DEBUG] [TIME] 4475 dividends: 0.22s
2026-07-05 02:51:44,154 [INFO] [DETAIL] 4475 ＨＥＮＮＧＥ: income_stmt=OK, balance_sheet=OK, cashflow=OK, dividends=OK
2026-07-05 02:51:44,154 [INFO] [TIME] 4475 ＨＥＮＮＧＥ 処理時間: 1.13s
2026-07-05 02:51:45,637 [DEBUG] [TIME] 4476 info: 0.17s
2026-07-05 02:51:45,637 [DEBUG] yfinance OK: 4476
2026-07-05 02:51:45,863 [DEBUG] [TIME] 4476 income_stmt: 0.23s
2026-07-05 02:51:46,088 [DEBUG] [TIME] 4476 balance_sheet: 0.22s
2026-07-05 02:51:46,281 [DEBUG] [TIME] 4476 cashflow: 0.19s
2026-07-05 02:51:46,536 [DEBUG] [TIME] 4476 dividends: 0.25s
2026-07-05 02:51:46,536 [INFO] [DETAIL] 4476 ＡＩ　ＣＲＯＳＳ: income_stmt=OK, balance_sheet=OK, cashflow=OK, dividends=EMPTY
2026-07-05 02:51:46,536 [INFO] [TIME] 4476 ＡＩ　ＣＲＯＳＳ 処理時間: 1.07s
2026-07-05 02:51:47,902 [DEBUG] [TIME] 4477 info: 0.18s
2026-07-05 02:51:47,902 [DEBUG] yfinance OK: 4477
2026-07-05 02:51:48,124 [DEBUG] [TIME] 4477 income_stmt: 0.22s
2026-07-05 02:51:48,363 [DEBUG] [TIME] 4477 balance_sheet: 0.24s
2026-07-05 02:51:48,608 [DEBUG] [TIME] 4477 cashflow: 0.24s
2026-07-05 02:51:48,983 [DEBUG] [TIME] 4477 dividends: 0.37s
2026-07-05 02:51:48,984 [INFO] [DETAIL] 4477 ＢＡＳＥ: income_stmt=OK, balance_sheet=OK, cashflow=OK, dividends=OK
2026-07-05 02:51:48,984 [INFO] [TIME] 4477 ＢＡＳＥ 処理時間: 1.26s
2026-07-05 02:51:51,026 [DEBUG] [TIME] 4478 info: 0.18s
2026-07-05 02:51:51,026 [DEBUG] yfinance OK: 4478
2026-07-05 02:51:51,230 [DEBUG] [TIME] 4478 income_stmt: 0.20s
2026-07-05 02:51:51,500 [DEBUG] [TIME] 4478 balance_sheet: 0.27s
2026-07-05 02:51:51,687 [DEBUG] [TIME] 4478 cashflow: 0.19s
2026-07-05 02:51:51,968 [DEBUG] [TIME] 4478 dividends: 0.28s
2026-07-05 02:51:51,968 [INFO] [DETAIL] 4478 フリー: income_stmt=OK, balance_sheet=OK, cashflow=OK, dividends=EMPTY
2026-07-05 02:51:51,968 [INFO] [TIME] 4478 フリー 処理時間: 1.12s
2026-07-05 02:51:53,432 [DEBUG] [TIME] 4479 info: 0.15s
2026-07-05 02:51:53,432 [DEBUG] yfinance OK: 4479
2026-07-05 02:51:53,649 [DEBUG] [TIME] 4479 income_stmt: 0.22s
2026-07-05 02:51:53,861 [DEBUG] [TIME] 4479 balance_sheet: 0.21s
2026-07-05 02:51:54,090 [DEBUG] [TIME] 4479 cashflow: 0.23s
2026-07-05 02:51:54,370 [DEBUG] [TIME] 4479 dividends: 0.28s
2026-07-05 02:51:54,371 [INFO] [DETAIL] 4479 マクアケ: income_stmt=OK, balance_sheet=OK, cashflow=OK, dividends=EMPTY
2026-07-05 02:51:54,371 [INFO] [TIME] 4479 マクアケ 処理時間: 1.09s
2026-07-05 02:51:56,270 [DEBUG] [TIME] 4480 info: 0.15s
2026-07-05 02:51:56,270 [DEBUG] yfinance OK: 4480
2026-07-05 02:51:56,465 [DEBUG] [TIME] 4480 income_stmt: 0.19s
2026-07-05 02:51:56,737 [DEBUG] [TIME] 4480 balance_sheet: 0.27s
2026-07-05 02:51:56,973 [DEBUG] [TIME] 4480 cashflow: 0.24s
2026-07-05 02:51:57,080 [DEBUG] [TIME] 4480 dividends: 0.11s
2026-07-05 02:51:57,080 [INFO] [DETAIL] 4480 メドレー: income_stmt=OK, balance_sheet=OK, cashflow=OK, dividends=EMPTY
2026-07-05 02:51:57,080 [INFO] [TIME] 4480 メドレー 処理時間: 0.96s
2026-07-05 02:51:58,330 [DEBUG] [TIME] 4481 info: 0.14s
2026-07-05 02:51:58,330 [DEBUG] yfinance OK: 4481
2026-07-05 02:51:58,553 [DEBUG] [TIME] 4481 income_stmt: 0.22s
2026-07-05 02:51:58,791 [DEBUG] [TIME] 4481 balance_sheet: 0.24s
2026-07-05 02:51:59,023 [DEBUG] [TIME] 4481 cashflow: 0.23s
2026-07-05 02:51:59,310 [DEBUG] [TIME] 4481 dividends: 0.29s
2026-07-05 02:51:59,311 [INFO] [DETAIL] 4481 ベース: income_stmt=OK, balance_sheet=OK, cashflow=OK, dividends=OK
2026-07-05 02:51:59,311 [INFO] [TIME] 4481 ベース 処理時間: 1.12s
2026-07-05 02:52:01,529 [DEBUG] [TIME] 4482 info: 0.21s
2026-07-05 02:52:01,529 [DEBUG] yfinance OK: 4482
2026-07-05 02:52:01,698 [DEBUG] [TIME] 4482 income_stmt: 0.17s
2026-07-05 02:52:01,960 [DEBUG] [TIME] 4482 balance_sheet: 0.26s
2026-07-05 02:52:02,130 [DEBUG] [TIME] 4482 cashflow: 0.17s
2026-07-05 02:52:02,298 [DEBUG] [TIME] 4482 dividends: 0.17s
2026-07-05 02:52:02,299 [INFO] [DETAIL] 4482 ウィルズ: income_stmt=OK, balance_sheet=OK, cashflow=OK, dividends=OK
2026-07-05 02:52:02,300 [INFO] [TIME] 4482 ウィルズ 処理時間: 0.98s
2026-07-05 02:52:03,986 [DEBUG] [TIME] 4483 info: 0.18s
2026-07-05 02:52:03,986 [DEBUG] yfinance OK: 4483
2026-07-05 02:52:04,179 [DEBUG] [TIME] 4483 income_stmt: 0.19s
2026-07-05 02:52:04,397 [DEBUG] [TIME] 4483 balance_sheet: 0.22s
2026-07-05 02:52:04,631 [DEBUG] [TIME] 4483 cashflow: 0.23s
2026-07-05 02:52:04,801 [DEBUG] [TIME] 4483 dividends: 0.17s
2026-07-05 02:52:04,802 [INFO] [DETAIL] 4483 ＪＭＤＣ: income_stmt=OK, balance_sheet=OK, cashflow=OK, dividends=OK
2026-07-05 02:52:04,802 [INFO] [TIME] 4483 ＪＭＤＣ 処理時間: 0.99s
2026-07-05 02:52:06,217 [DEBUG] [TIME] 4484 info: 0.16s
2026-07-05 02:52:06,217 [DEBUG] yfinance OK: 4484
2026-07-05 02:52:06,404 [DEBUG] [TIME] 4484 income_stmt: 0.19s
2026-07-05 02:52:06,606 [DEBUG] [TIME] 4484 balance_sheet: 0.20s
2026-07-05 02:52:06,798 [DEBUG] [TIME] 4484 cashflow: 0.19s
2026-07-05 02:52:06,954 [DEBUG] [TIME] 4484 dividends: 0.16s
2026-07-05 02:52:06,954 [INFO] [DETAIL] 4484 ランサーズ: income_stmt=OK, balance_sheet=OK, cashflow=OK, dividends=OK
2026-07-05 02:52:06,954 [INFO] [TIME] 4484 ランサーズ 処理時間: 0.89s
2026-07-05 02:52:08,432 [DEBUG] [TIME] 4486 info: 0.23s
2026-07-05 02:52:08,432 [DEBUG] yfinance OK: 4486
2026-07-05 02:52:08,630 [DEBUG] [TIME] 4486 income_stmt: 0.20s
2026-07-05 02:52:08,846 [DEBUG] [TIME] 4486 balance_sheet: 0.22s
2026-07-05 02:52:09,080 [DEBUG] [TIME] 4486 cashflow: 0.23s
2026-07-05 02:52:09,228 [DEBUG] [TIME] 4486 dividends: 0.15s
2026-07-05 02:52:09,229 [INFO] [DETAIL] 4486 ユナイトアンドグロウ: income_stmt=OK, balance_sheet=OK, cashflow=OK, dividends=OK
2026-07-05 02:52:09,229 [INFO] [TIME] 4486 ユナイトアンドグロウ 処理時間: 1.03s
2026-07-05 02:52:10,894 [DEBUG] [TIME] 4487 info: 0.16s
2026-07-05 02:52:10,894 [DEBUG] yfinance OK: 4487
2026-07-05 02:52:11,090 [DEBUG] [TIME] 4487 income_stmt: 0.20s
2026-07-05 02:52:11,380 [DEBUG] [TIME] 4487 balance_sheet: 0.29s
2026-07-05 02:52:11,588 [DEBUG] [TIME] 4487 cashflow: 0.21s
2026-07-05 02:52:11,701 [DEBUG] [TIME] 4487 dividends: 0.11s
2026-07-05 02:52:11,701 [INFO] [DETAIL] 4487 スペースマーケット: income_stmt=OK, balance_sheet=OK, cashflow=OK, dividends=EMPTY
2026-07-05 02:52:11,701 [INFO] [TIME] 4487 スペースマーケット 処理時間: 0.97s
2026-07-05 02:52:13,740 [DEBUG] [TIME] 4488 info: 0.15s
2026-07-05 02:52:13,740 [DEBUG] yfinance OK: 4488
2026-07-05 02:52:13,926 [DEBUG] [TIME] 4488 income_stmt: 0.19s
2026-07-05 02:52:14,135 [DEBUG] [TIME] 4488 balance_sheet: 0.21s
2026-07-05 02:52:14,313 [DEBUG] [TIME] 4488 cashflow: 0.18s
2026-07-05 02:52:14,405 [DEBUG] [TIME] 4488 dividends: 0.09s
2026-07-05 02:52:14,405 [INFO] [DETAIL] 4488 ＡＩ　ｉｎｓｉｄｅ: income_stmt=OK, balance_sheet=OK, cashflow=OK, dividends=EMPTY
2026-07-05 02:52:14,405 [INFO] [TIME] 4488 ＡＩ　ｉｎｓｉｄｅ 処理時間: 0.82s
2026-07-05 02:52:15,821 [DEBUG] [TIME] 4490 info: 0.14s
2026-07-05 02:52:15,822 [DEBUG] yfinance OK: 4490
2026-07-05 02:52:16,010 [DEBUG] [TIME] 4490 income_stmt: 0.19s
2026-07-05 02:52:16,241 [DEBUG] [TIME] 4490 balance_sheet: 0.23s
2026-07-05 02:52:16,475 [DEBUG] [TIME] 4490 cashflow: 0.23s
2026-07-05 02:52:16,567 [DEBUG] [TIME] 4490 dividends: 0.09s
2026-07-05 02:52:16,567 [INFO] [DETAIL] 4490 ビザスク: income_stmt=OK, balance_sheet=OK, cashflow=OK, dividends=EMPTY
2026-07-05 02:52:16,567 [INFO] [TIME] 4490 ビザスク 処理時間: 0.88s
2026-07-05 02:52:18,429 [DEBUG] [TIME] 4491 info: 0.14s
2026-07-05 02:52:18,429 [DEBUG] yfinance OK: 4491
2026-07-05 02:52:18,668 [DEBUG] [TIME] 4491 income_stmt: 0.24s
2026-07-05 02:52:18,895 [DEBUG] [TIME] 4491 balance_sheet: 0.23s
2026-07-05 02:52:19,103 [DEBUG] [TIME] 4491 cashflow: 0.21s
2026-07-05 02:52:19,286 [DEBUG] [TIME] 4491 dividends: 0.18s
2026-07-05 02:52:19,287 [INFO] [DETAIL] 4491 コンピューターマネージメント: income_stmt=OK, balance_sheet=OK, cashflow=OK, dividends=OK
2026-07-05 02:52:19,287 [INFO] [TIME] 4491 コンピューターマネージメント 処理時間: 1.00s
2026-07-05 02:52:20,785 [DEBUG] [TIME] 4492 info: 0.16s
2026-07-05 02:52:20,785 [DEBUG] yfinance OK: 4492
2026-07-05 02:52:21,004 [DEBUG] [TIME] 4492 income_stmt: 0.22s
2026-07-05 02:52:21,229 [DEBUG] [TIME] 4492 balance_sheet: 0.22s
2026-07-05 02:52:21,476 [DEBUG] [TIME] 4492 cashflow: 0.25s
2026-07-05 02:52:21,783 [DEBUG] [TIME] 4492 dividends: 0.31s
2026-07-05 02:52:21,784 [INFO] [DETAIL] 4492 ゼネテック: income_stmt=OK, balance_sheet=OK, cashflow=OK, dividends=OK
2026-07-05 02:52:21,784 [INFO] [TIME] 4492 ゼネテック 処理時間: 1.16s
2026-07-05 02:52:23,239 [DEBUG] [TIME] 4493 info: 0.14s
2026-07-05 02:52:23,239 [DEBUG] yfinance OK: 4493
2026-07-05 02:52:23,416 [DEBUG] [TIME] 4493 income_stmt: 0.18s
2026-07-05 02:52:23,661 [DEBUG] [TIME] 4493 balance_sheet: 0.24s
2026-07-05 02:52:23,831 [DEBUG] [TIME] 4493 cashflow: 0.17s
2026-07-05 02:52:23,997 [DEBUG] [TIME] 4493 dividends: 0.17s
2026-07-05 02:52:23,998 [INFO] [DETAIL] 4493 サイバーセキュリティクラウド: income_stmt=OK, balance_sheet=OK, cashflow=OK, dividends=OK
2026-07-05 02:52:23,998 [INFO] [TIME] 4493 サイバーセキュリティクラウド 処理時間: 0.90s
2026-07-05 02:52:25,902 [DEBUG] [TIME] 4494 info: 0.15s
2026-07-05 02:52:25,903 [DEBUG] yfinance OK: 4494
2026-07-05 02:52:26,089 [DEBUG] [TIME] 4494 income_stmt: 0.19s
2026-07-05 02:52:26,328 [DEBUG] [TIME] 4494 balance_sheet: 0.24s
2026-07-05 02:52:26,501 [DEBUG] [TIME] 4494 cashflow: 0.17s
2026-07-05 02:52:26,605 [DEBUG] [TIME] 4494 dividends: 0.10s
2026-07-05 02:52:26,606 [INFO] [DETAIL] 4494 バリオセキュア: income_stmt=OK, balance_sheet=OK, cashflow=OK, dividends=OK
2026-07-05 02:52:26,607 [INFO] [TIME] 4494 バリオセキュア 処理時間: 0.86s
2026-07-05 02:52:28,535 [DEBUG] [TIME] 4495 info: 0.18s
2026-07-05 02:52:28,535 [DEBUG] yfinance OK: 4495
2026-07-05 02:52:28,737 [DEBUG] [TIME] 4495 income_stmt: 0.20s
2026-07-05 02:52:28,935 [DEBUG] [TIME] 4495 balance_sheet: 0.20s
2026-07-05 02:52:29,148 [DEBUG] [TIME] 4495 cashflow: 0.21s
2026-07-05 02:52:29,467 [DEBUG] [TIME] 4495 dividends: 0.32s
2026-07-05 02:52:29,469 [INFO] [DETAIL] 4495 アイキューブドシステムズ: income_stmt=OK, balance_sheet=OK, cashflow=OK, dividends=OK
2026-07-05 02:52:29,469 [INFO] [TIME] 4495 アイキューブドシステムズ 処理時間: 1.11s
2026-07-05 02:52:31,014 [DEBUG] [TIME] 4496 info: 0.17s
2026-07-05 02:52:31,014 [DEBUG] yfinance OK: 4496
2026-07-05 02:52:31,227 [DEBUG] [TIME] 4496 income_stmt: 0.21s
2026-07-05 02:52:31,500 [DEBUG] [TIME] 4496 balance_sheet: 0.27s
2026-07-05 02:52:31,725 [DEBUG] [TIME] 4496 cashflow: 0.22s
2026-07-05 02:52:31,856 [DEBUG] [TIME] 4496 dividends: 0.13s
2026-07-05 02:52:31,857 [INFO] [DETAIL] 4496 コマースＯｎｅホールディングス: income_stmt=OK, balance_sheet=OK, cashflow=OK, dividends=OK
2026-07-05 02:52:31,857 [INFO] [TIME] 4496 コマースＯｎｅホールディングス 処理時間: 1.01s
2026-07-05 02:52:33,171 [DEBUG] [TIME] 4498 info: 0.15s
2026-07-05 02:52:33,171 [DEBUG] yfinance OK: 4498
2026-07-05 02:52:33,405 [DEBUG] [TIME] 4498 income_stmt: 0.23s
2026-07-05 02:52:33,685 [DEBUG] [TIME] 4498 balance_sheet: 0.28s
2026-07-05 02:52:33,909 [DEBUG] [TIME] 4498 cashflow: 0.22s
2026-07-05 02:52:34,171 [DEBUG] [TIME] 4498 dividends: 0.26s
2026-07-05 02:52:34,172 [INFO] [DETAIL] 4498 サイバートラスト: income_stmt=OK, balance_sheet=OK, cashflow=OK, dividends=OK
2026-07-05 02:52:34,172 [INFO] [TIME] 4498 サイバートラスト 処理時間: 1.15s
2026-07-05 02:52:36,013 [DEBUG] [TIME] 4499 info: 0.18s
2026-07-05 02:52:36,013 [DEBUG] yfinance OK: 4499
2026-07-05 02:52:36,228 [DEBUG] [TIME] 4499 income_stmt: 0.21s
2026-07-05 02:52:36,447 [DEBUG] [TIME] 4499 balance_sheet: 0.22s
2026-07-05 02:52:36,622 [DEBUG] [TIME] 4499 cashflow: 0.17s
2026-07-05 02:52:36,716 [DEBUG] [TIME] 4499 dividends: 0.09s
2026-07-05 02:52:36,716 [INFO] [DETAIL] 4499 Ｓｐｅｅｅ: income_stmt=OK, balance_sheet=OK, cashflow=OK, dividends=EMPTY
2026-07-05 02:52:36,716 [INFO] [TIME] 4499 Ｓｐｅｅｅ 処理時間: 0.88s
2026-07-05 02:52:38,505 [DEBUG] [TIME] 4502 info: 0.20s
2026-07-05 02:52:38,506 [DEBUG] yfinance OK: 4502
2026-07-05 02:52:38,761 [DEBUG] [TIME] 4502 income_stmt: 0.26s
2026-07-05 02:52:39,033 [DEBUG] [TIME] 4502 balance_sheet: 0.27s
2026-07-05 02:52:39,249 [DEBUG] [TIME] 4502 cashflow: 0.22s
2026-07-05 02:52:39,755 [DEBUG] [TIME] 4502 dividends: 0.51s
2026-07-05 02:52:39,756 [INFO] [DETAIL] 4502 武田薬品工業: income_stmt=OK, balance_sheet=OK, cashflow=OK, dividends=OK
2026-07-05 02:52:39,756 [INFO] [TIME] 4502 武田薬品工業 処理時間: 1.45s
2026-07-05 02:52:41,031 [DEBUG] [TIME] 4503 info: 0.20s
2026-07-05 02:52:41,031 [DEBUG] yfinance OK: 4503
2026-07-05 02:52:41,223 [DEBUG] [TIME] 4503 income_stmt: 0.19s
2026-07-05 02:52:41,457 [DEBUG] [TIME] 4503 balance_sheet: 0.23s
2026-07-05 02:52:41,681 [DEBUG] [TIME] 4503 cashflow: 0.22s
2026-07-05 02:52:42,209 [DEBUG] [TIME] 4503 dividends: 0.53s
2026-07-05 02:52:42,211 [INFO] [DETAIL] 4503 アステラス製薬: income_stmt=OK, balance_sheet=OK, cashflow=OK, dividends=OK
2026-07-05 02:52:42,211 [INFO] [TIME] 4503 アステラス製薬 処理時間: 1.38s
2026-07-05 02:52:43,598 [DEBUG] [TIME] 4506 info: 0.24s
2026-07-05 02:52:43,598 [DEBUG] yfinance OK: 4506
2026-07-05 02:52:43,806 [DEBUG] [TIME] 4506 income_stmt: 0.21s
2026-07-05 02:52:44,019 [DEBUG] [TIME] 4506 balance_sheet: 0.21s
2026-07-05 02:52:44,247 [DEBUG] [TIME] 4506 cashflow: 0.23s
2026-07-05 02:52:44,624 [DEBUG] [TIME] 4506 dividends: 0.38s
2026-07-05 02:52:44,625 [INFO] [DETAIL] 4506 住友ファーマ: income_stmt=OK, balance_sheet=OK, cashflow=OK, dividends=OK
2026-07-05 02:52:44,625 [INFO] [TIME] 4506 住友ファーマ 処理時間: 1.27s
2026-07-05 02:52:46,225 [DEBUG] [TIME] 4507 info: 0.18s
2026-07-05 02:52:46,225 [DEBUG] yfinance OK: 4507
2026-07-05 02:52:46,458 [DEBUG] [TIME] 4507 income_stmt: 0.23s
2026-07-05 02:52:46,677 [DEBUG] [TIME] 4507 balance_sheet: 0.22s
2026-07-05 02:52:46,906 [DEBUG] [TIME] 4507 cashflow: 0.23s
2026-07-05 02:52:47,569 [DEBUG] [TIME] 4507 dividends: 0.66s
2026-07-05 02:52:47,570 [INFO] [DETAIL] 4507 塩野義製薬: income_stmt=OK, balance_sheet=OK, cashflow=OK, dividends=OK
2026-07-05 02:52:47,570 [INFO] [TIME] 4507 塩野義製薬 処理時間: 1.52s
2026-07-05 02:52:48,994 [DEBUG] [TIME] 4512 info: 0.16s
2026-07-05 02:52:48,994 [DEBUG] yfinance OK: 4512
2026-07-05 02:52:49,215 [DEBUG] [TIME] 4512 income_stmt: 0.22s
2026-07-05 02:52:49,481 [DEBUG] [TIME] 4512 balance_sheet: 0.27s
2026-07-05 02:52:49,702 [DEBUG] [TIME] 4512 cashflow: 0.22s
2026-07-05 02:52:50,094 [DEBUG] [TIME] 4512 dividends: 0.39s
2026-07-05 02:52:50,095 [INFO] [DETAIL] 4512 わかもと製薬: income_stmt=OK, balance_sheet=OK, cashflow=OK, dividends=OK
2026-07-05 02:52:50,096 [INFO] [TIME] 4512 わかもと製薬 処理時間: 1.26s
2026-07-05 02:52:51,814 [DEBUG] [TIME] 4516 info: 0.19s
2026-07-05 02:52:51,814 [DEBUG] yfinance OK: 4516
2026-07-05 02:52:52,023 [DEBUG] [TIME] 4516 income_stmt: 0.21s
2026-07-05 02:52:52,242 [DEBUG] [TIME] 4516 balance_sheet: 0.22s
2026-07-05 02:52:52,461 [DEBUG] [TIME] 4516 cashflow: 0.22s
2026-07-05 02:52:52,860 [DEBUG] [TIME] 4516 dividends: 0.40s
2026-07-05 02:52:52,861 [INFO] [DETAIL] 4516 日本新薬: income_stmt=OK, balance_sheet=OK, cashflow=OK, dividends=OK
2026-07-05 02:52:52,861 [INFO] [TIME] 4516 日本新薬 処理時間: 1.24s
2026-07-05 02:52:54,485 [DEBUG] [TIME] 4519 info: 0.15s
2026-07-05 02:52:54,486 [DEBUG] yfinance OK: 4519
2026-07-05 02:52:54,692 [DEBUG] [TIME] 4519 income_stmt: 0.21s
2026-07-05 02:52:54,889 [DEBUG] [TIME] 4519 balance_sheet: 0.20s
2026-07-05 02:52:55,074 [DEBUG] [TIME] 4519 cashflow: 0.18s
2026-07-05 02:52:55,612 [DEBUG] [TIME] 4519 dividends: 0.54s
2026-07-05 02:52:55,613 [INFO] [DETAIL] 4519 中外製薬: income_stmt=OK, balance_sheet=OK, cashflow=OK, dividends=OK
2026-07-05 02:52:55,613 [INFO] [TIME] 4519 中外製薬 処理時間: 1.28s
2026-07-05 02:52:57,119 [DEBUG] [TIME] 4521 info: 0.16s
2026-07-05 02:52:57,119 [DEBUG] yfinance OK: 4521
2026-07-05 02:52:57,308 [DEBUG] [TIME] 4521 income_stmt: 0.19s
2026-07-05 02:52:57,620 [DEBUG] [TIME] 4521 balance_sheet: 0.31s
2026-07-05 02:52:57,827 [DEBUG] [TIME] 4521 cashflow: 0.21s
2026-07-05 02:52:58,118 [DEBUG] [TIME] 4521 dividends: 0.29s
2026-07-05 02:52:58,119 [INFO] [DETAIL] 4521 科研製薬: income_stmt=OK, balance_sheet=OK, cashflow=OK, dividends=OK
2026-07-05 02:52:58,119 [INFO] [TIME] 4521 科研製薬 処理時間: 1.16s
2026-07-05 02:52:59,875 [DEBUG] [TIME] 4523 info: 0.18s
2026-07-05 02:52:59,875 [DEBUG] yfinance OK: 4523
2026-07-05 02:53:00,082 [DEBUG] [TIME] 4523 income_stmt: 0.21s
2026-07-05 02:53:00,295 [DEBUG] [TIME] 4523 balance_sheet: 0.21s
2026-07-05 02:53:00,479 [DEBUG] [TIME] 4523 cashflow: 0.18s
2026-07-05 02:53:00,872 [DEBUG] [TIME] 4523 dividends: 0.39s
2026-07-05 02:53:00,873 [INFO] [DETAIL] 4523 エーザイ: income_stmt=OK, balance_sheet=OK, cashflow=OK, dividends=OK
2026-07-05 02:53:00,873 [INFO] [TIME] 4523 エーザイ 処理時間: 1.18s
2026-07-05 02:53:02,406 [DEBUG] [TIME] 4524 info: 0.18s
2026-07-05 02:53:02,406 [DEBUG] yfinance OK: 4524
2026-07-05 02:53:02,601 [DEBUG] [TIME] 4524 income_stmt: 0.20s
2026-07-05 02:53:02,871 [DEBUG] [TIME] 4524 balance_sheet: 0.27s
2026-07-05 02:53:03,117 [DEBUG] [TIME] 4524 cashflow: 0.25s
2026-07-05 02:53:03,583 [DEBUG] [TIME] 4524 dividends: 0.47s
2026-07-05 02:53:03,584 [INFO] [DETAIL] 4524 森下仁丹: income_stmt=OK, balance_sheet=OK, cashflow=OK, dividends=OK
2026-07-05 02:53:03,584 [INFO] [TIME] 4524 森下仁丹 処理時間: 1.36s
2026-07-05 02:53:05,070 [DEBUG] [TIME] 4526 info: 0.14s
2026-07-05 02:53:05,070 [DEBUG] yfinance OK: 4526
2026-07-05 02:53:05,249 [DEBUG] [TIME] 4526 income_stmt: 0.18s
2026-07-05 02:53:05,507 [DEBUG] [TIME] 4526 balance_sheet: 0.26s
2026-07-05 02:53:05,695 [DEBUG] [TIME] 4526 cashflow: 0.19s
2026-07-05 02:53:06,272 [DEBUG] [TIME] 4526 dividends: 0.58s
2026-07-05 02:53:06,273 [INFO] [DETAIL] 4526 理研ビタミン: income_stmt=OK, balance_sheet=OK, cashflow=OK, dividends=OK
2026-07-05 02:53:06,273 [INFO] [TIME] 4526 理研ビタミン 処理時間: 1.35s
2026-07-05 02:53:08,281 [DEBUG] [TIME] 4527 info: 0.17s
2026-07-05 02:53:08,281 [DEBUG] yfinance OK: 4527
2026-07-05 02:53:08,473 [DEBUG] [TIME] 4527 income_stmt: 0.19s
2026-07-05 02:53:08,758 [DEBUG] [TIME] 4527 balance_sheet: 0.28s
2026-07-05 02:53:08,955 [DEBUG] [TIME] 4527 cashflow: 0.20s
2026-07-05 02:53:09,251 [DEBUG] [TIME] 4527 dividends: 0.30s
2026-07-05 02:53:09,252 [INFO] [DETAIL] 4527 ロート製薬: income_stmt=OK, balance_sheet=OK, cashflow=OK, dividends=OK
2026-07-05 02:53:09,252 [INFO] [TIME] 4527 ロート製薬 処理時間: 1.14s
2026-07-05 02:53:10,919 [DEBUG] [TIME] 4528 info: 0.15s
2026-07-05 02:53:10,919 [DEBUG] yfinance OK: 4528
2026-07-05 02:53:11,114 [DEBUG] [TIME] 4528 income_stmt: 0.19s
2026-07-05 02:53:11,353 [DEBUG] [TIME] 4528 balance_sheet: 0.24s
2026-07-05 02:53:11,552 [DEBUG] [TIME] 4528 cashflow: 0.20s
2026-07-05 02:53:11,829 [DEBUG] [TIME] 4528 dividends: 0.28s
2026-07-05 02:53:11,830 [INFO] [DETAIL] 4528 小野薬品工業: income_stmt=OK, balance_sheet=OK, cashflow=OK, dividends=OK
2026-07-05 02:53:11,830 [INFO] [TIME] 4528 小野薬品工業 処理時間: 1.06s
2026-07-05 02:53:13,640 [DEBUG] [TIME] 4531 info: 0.24s
2026-07-05 02:53:13,640 [DEBUG] yfinance OK: 4531
2026-07-05 02:53:13,834 [DEBUG] [TIME] 4531 income_stmt: 0.19s
2026-07-05 02:53:14,055 [DEBUG] [TIME] 4531 balance_sheet: 0.22s
2026-07-05 02:53:14,288 [DEBUG] [TIME] 4531 cashflow: 0.23s
2026-07-05 02:53:14,753 [DEBUG] [TIME] 4531 dividends: 0.46s
2026-07-05 02:53:14,754 [INFO] [DETAIL] 4531 有機合成薬品工業: income_stmt=OK, balance_sheet=OK, cashflow=OK, dividends=OK
2026-07-05 02:53:14,754 [INFO] [TIME] 4531 有機合成薬品工業 処理時間: 1.36s
2026-07-05 02:53:16,419 [DEBUG] [TIME] 4534 info: 0.19s
2026-07-05 02:53:16,419 [DEBUG] yfinance OK: 4534
2026-07-05 02:53:16,645 [DEBUG] [TIME] 4534 income_stmt: 0.23s
2026-07-05 02:53:16,897 [DEBUG] [TIME] 4534 balance_sheet: 0.25s
2026-07-05 02:53:17,128 [DEBUG] [TIME] 4534 cashflow: 0.23s
2026-07-05 02:53:17,511 [DEBUG] [TIME] 4534 dividends: 0.38s
2026-07-05 02:53:17,512 [INFO] [DETAIL] 4534 持田製薬: income_stmt=OK, balance_sheet=OK, cashflow=OK, dividends=OK
2026-07-05 02:53:17,512 [INFO] [TIME] 4534 持田製薬 処理時間: 1.28s
2026-07-05 02:53:18,828 [DEBUG] [TIME] 4536 info: 0.14s
2026-07-05 02:53:18,828 [DEBUG] yfinance OK: 4536
2026-07-05 02:53:19,012 [DEBUG] [TIME] 4536 income_stmt: 0.18s
2026-07-05 02:53:19,274 [DEBUG] [TIME] 4536 balance_sheet: 0.26s
2026-07-05 02:53:19,468 [DEBUG] [TIME] 4536 cashflow: 0.19s
2026-07-05 02:53:19,796 [DEBUG] [TIME] 4536 dividends: 0.33s
2026-07-05 02:53:19,797 [INFO] [DETAIL] 4536 参天製薬: income_stmt=OK, balance_sheet=OK, cashflow=OK, dividends=OK
2026-07-05 02:53:19,797 [INFO] [TIME] 4536 参天製薬 処理時間: 1.11s
2026-07-05 02:53:21,892 [DEBUG] [TIME] 4538 info: 0.17s
2026-07-05 02:53:21,893 [DEBUG] yfinance OK: 4538
2026-07-05 02:53:22,066 [DEBUG] [TIME] 4538 income_stmt: 0.17s
2026-07-05 02:53:22,298 [DEBUG] [TIME] 4538 balance_sheet: 0.23s
2026-07-05 02:53:22,506 [DEBUG] [TIME] 4538 cashflow: 0.21s
2026-07-05 02:53:22,976 [DEBUG] [TIME] 4538 dividends: 0.47s
2026-07-05 02:53:22,977 [INFO] [DETAIL] 4538 扶桑薬品工業: income_stmt=OK, balance_sheet=OK, cashflow=OK, dividends=OK
2026-07-05 02:53:22,978 [INFO] [TIME] 4538 扶桑薬品工業 処理時間: 1.26s
2026-07-05 02:53:24,301 [DEBUG] [TIME] 4539 info: 0.13s
2026-07-05 02:53:24,301 [DEBUG] yfinance OK: 4539
2026-07-05 02:53:24,524 [DEBUG] [TIME] 4539 income_stmt: 0.22s
2026-07-05 02:53:24,799 [DEBUG] [TIME] 4539 balance_sheet: 0.27s
2026-07-05 02:53:25,042 [DEBUG] [TIME] 4539 cashflow: 0.24s
2026-07-05 02:53:25,328 [DEBUG] [TIME] 4539 dividends: 0.29s
2026-07-05 02:53:25,329 [INFO] [DETAIL] 4539 日本ケミファ: income_stmt=OK, balance_sheet=OK, cashflow=OK, dividends=OK
2026-07-05 02:53:25,329 [INFO] [TIME] 4539 日本ケミファ 処理時間: 1.16s
2026-07-05 02:53:26,798 [DEBUG] [TIME] 4540 info: 0.18s
2026-07-05 02:53:26,798 [DEBUG] yfinance OK: 4540
2026-07-05 02:53:27,014 [DEBUG] [TIME] 4540 income_stmt: 0.22s
2026-07-05 02:53:27,279 [DEBUG] [TIME] 4540 balance_sheet: 0.26s
2026-07-05 02:53:27,467 [DEBUG] [TIME] 4540 cashflow: 0.19s
2026-07-05 02:53:27,754 [DEBUG] [TIME] 4540 dividends: 0.29s
2026-07-05 02:53:27,755 [INFO] [DETAIL] 4540 ツムラ: income_stmt=OK, balance_sheet=OK, cashflow=OK, dividends=OK
2026-07-05 02:53:27,755 [INFO] [TIME] 4540 ツムラ 処理時間: 1.14s
2026-07-05 02:53:29,354 [DEBUG] [TIME] 4543 info: 0.18s
2026-07-05 02:53:29,354 [DEBUG] yfinance OK: 4543
2026-07-05 02:53:29,568 [DEBUG] [TIME] 4543 income_stmt: 0.21s
2026-07-05 02:53:29,785 [DEBUG] [TIME] 4543 balance_sheet: 0.22s
2026-07-05 02:53:30,072 [DEBUG] [TIME] 4543 cashflow: 0.29s
2026-07-05 02:53:30,357 [DEBUG] [TIME] 4543 dividends: 0.28s
2026-07-05 02:53:30,358 [INFO] [DETAIL] 4543 テルモ: income_stmt=OK, balance_sheet=OK, cashflow=OK, dividends=OK
2026-07-05 02:53:30,358 [INFO] [TIME] 4543 テルモ 処理時間: 1.18s
2026-07-05 02:53:32,432 [DEBUG] [TIME] 4544 info: 0.14s
2026-07-05 02:53:32,433 [DEBUG] yfinance OK: 4544
2026-07-05 02:53:32,648 [DEBUG] [TIME] 4544 income_stmt: 0.22s
2026-07-05 02:53:32,889 [DEBUG] [TIME] 4544 balance_sheet: 0.24s
2026-07-05 02:53:33,120 [DEBUG] [TIME] 4544 cashflow: 0.23s
2026-07-05 02:53:33,416 [DEBUG] [TIME] 4544 dividends: 0.30s
2026-07-05 02:53:33,418 [INFO] [DETAIL] 4544 Ｈ．Ｕ．グループホールディングス: income_stmt=OK, balance_sheet=OK, cashflow=OK, dividends=OK
2026-07-05 02:53:33,418 [INFO] [TIME] 4544 Ｈ．Ｕ．グループホールディングス 処理時間: 1.12s
2026-07-05 02:53:34,928 [DEBUG] [TIME] 4547 info: 0.18s
2026-07-05 02:53:34,928 [DEBUG] yfinance OK: 4547
2026-07-05 02:53:35,123 [DEBUG] [TIME] 4547 income_stmt: 0.19s
2026-07-05 02:53:35,360 [DEBUG] [TIME] 4547 balance_sheet: 0.24s
2026-07-05 02:53:35,584 [DEBUG] [TIME] 4547 cashflow: 0.22s
2026-07-05 02:53:35,899 [DEBUG] [TIME] 4547 dividends: 0.31s
2026-07-05 02:53:35,900 [INFO] [DETAIL] 4547 キッセイ薬品工業: income_stmt=OK, balance_sheet=OK, cashflow=OK, dividends=OK
2026-07-05 02:53:35,900 [INFO] [TIME] 4547 キッセイ薬品工業 処理時間: 1.15s
2026-07-05 02:53:37,982 [DEBUG] [TIME] 4548 info: 0.18s
2026-07-05 02:53:37,982 [DEBUG] yfinance OK: 4548
2026-07-05 02:53:38,209 [DEBUG] [TIME] 4548 income_stmt: 0.23s
2026-07-05 02:53:38,505 [DEBUG] [TIME] 4548 balance_sheet: 0.30s
2026-07-05 02:53:38,732 [DEBUG] [TIME] 4548 cashflow: 0.23s
2026-07-05 02:53:39,241 [DEBUG] [TIME] 4548 dividends: 0.51s
2026-07-05 02:53:39,242 [INFO] [DETAIL] 4548 生化学工業: income_stmt=OK, balance_sheet=OK, cashflow=OK, dividends=OK
2026-07-05 02:53:39,242 [INFO] [TIME] 4548 生化学工業 処理時間: 1.44s
2026-07-05 02:53:40,957 [DEBUG] [TIME] 4549 info: 0.17s
2026-07-05 02:53:40,957 [DEBUG] yfinance OK: 4549
2026-07-05 02:53:41,175 [DEBUG] [TIME] 4549 income_stmt: 0.22s
2026-07-05 02:53:41,439 [DEBUG] [TIME] 4549 balance_sheet: 0.26s
2026-07-05 02:53:41,677 [DEBUG] [TIME] 4549 cashflow: 0.24s
2026-07-05 02:53:42,319 [DEBUG] [TIME] 4549 dividends: 0.64s
2026-07-05 02:53:42,320 [INFO] [DETAIL] 4549 栄研化学: income_stmt=OK, balance_sheet=OK, cashflow=OK, dividends=OK
2026-07-05 02:53:42,320 [INFO] [TIME] 4549 栄研化学 処理時間: 1.53s
2026-07-05 02:53:43,730 [DEBUG] [TIME] 4552 info: 0.15s
2026-07-05 02:53:43,730 [DEBUG] yfinance OK: 4552
2026-07-05 02:53:43,929 [DEBUG] [TIME] 4552 income_stmt: 0.20s
2026-07-05 02:53:44,171 [DEBUG] [TIME] 4552 balance_sheet: 0.24s
2026-07-05 02:53:44,416 [DEBUG] [TIME] 4552 cashflow: 0.24s
2026-07-05 02:53:44,785 [DEBUG] [TIME] 4552 dividends: 0.37s
2026-07-05 02:53:44,786 [INFO] [DETAIL] 4552 ＪＣＲファーマ: income_stmt=OK, balance_sheet=OK, cashflow=OK, dividends=OK
2026-07-05 02:53:44,786 [INFO] [TIME] 4552 ＪＣＲファーマ 処理時間: 1.21s
2026-07-05 02:53:46,020 [DEBUG] [TIME] 4553 info: 0.16s
2026-07-05 02:53:46,020 [DEBUG] yfinance OK: 4553
2026-07-05 02:53:46,213 [DEBUG] [TIME] 4553 income_stmt: 0.19s
2026-07-05 02:53:46,456 [DEBUG] [TIME] 4553 balance_sheet: 0.24s
2026-07-05 02:53:46,643 [DEBUG] [TIME] 4553 cashflow: 0.19s
2026-07-05 02:53:46,989 [DEBUG] [TIME] 4553 dividends: 0.35s
2026-07-05 02:53:46,990 [INFO] [DETAIL] 4553 東和薬品: income_stmt=OK, balance_sheet=OK, cashflow=OK, dividends=OK
2026-07-05 02:53:46,990 [INFO] [TIME] 4553 東和薬品 処理時間: 1.13s
2026-07-05 02:53:48,760 [DEBUG] [TIME] 4554 info: 0.18s
2026-07-05 02:53:48,760 [DEBUG] yfinance OK: 4554
2026-07-05 02:53:48,980 [DEBUG] [TIME] 4554 income_stmt: 0.22s
2026-07-05 02:53:49,286 [DEBUG] [TIME] 4554 balance_sheet: 0.31s
2026-07-05 02:53:49,518 [DEBUG] [TIME] 4554 cashflow: 0.23s
2026-07-05 02:53:49,892 [DEBUG] [TIME] 4554 dividends: 0.37s
2026-07-05 02:53:49,893 [INFO] [DETAIL] 4554 富士製薬工業: income_stmt=OK, balance_sheet=OK, cashflow=OK, dividends=OK
2026-07-05 02:53:49,893 [INFO] [TIME] 4554 富士製薬工業 処理時間: 1.31s
2026-07-05 02:53:51,131 [DEBUG] [TIME] 4556 info: 0.20s
2026-07-05 02:53:51,131 [WARNING] yfinance データなし: 4556
2026-07-05 02:53:51,131 [INFO] [TIME] 4556 カイノス 処理時間: 0.20s
2026-07-05 02:53:53,054 [DEBUG] [TIME] 4558 info: 0.14s
2026-07-05 02:53:53,054 [DEBUG] yfinance OK: 4558
2026-07-05 02:53:53,344 [DEBUG] [TIME] 4558 income_stmt: 0.29s
2026-07-05 02:53:53,573 [DEBUG] [TIME] 4558 balance_sheet: 0.23s
2026-07-05 02:53:53,755 [DEBUG] [TIME] 4558 cashflow: 0.18s
2026-07-05 02:53:54,125 [DEBUG] [TIME] 4558 dividends: 0.37s
2026-07-05 02:53:54,127 [INFO] [DETAIL] 4558 中京医薬品: income_stmt=OK, balance_sheet=OK, cashflow=OK, dividends=OK
2026-07-05 02:53:54,127 [INFO] [TIME] 4558 中京医薬品 処理時間: 1.21s
2026-07-05 02:53:55,761 [DEBUG] [TIME] 4559 info: 0.14s
2026-07-05 02:53:55,761 [DEBUG] yfinance OK: 4559
2026-07-05 02:53:55,985 [DEBUG] [TIME] 4559 income_stmt: 0.22s
2026-07-05 02:53:56,214 [DEBUG] [TIME] 4559 balance_sheet: 0.23s
2026-07-05 02:53:56,411 [DEBUG] [TIME] 4559 cashflow: 0.20s
2026-07-05 02:53:56,756 [DEBUG] [TIME] 4559 dividends: 0.34s
2026-07-05 02:53:56,757 [INFO] [DETAIL] 4559 ゼリア新薬工業: income_stmt=OK, balance_sheet=OK, cashflow=OK, dividends=OK
2026-07-05 02:53:56,757 [INFO] [TIME] 4559 ゼリア新薬工業 処理時間: 1.13s
2026-07-05 02:53:58,482 [DEBUG] [TIME] 4563 info: 0.17s
2026-07-05 02:53:58,482 [DEBUG] yfinance OK: 4563
2026-07-05 02:53:58,664 [DEBUG] [TIME] 4563 income_stmt: 0.18s
2026-07-05 02:53:58,973 [DEBUG] [TIME] 4563 balance_sheet: 0.31s
2026-07-05 02:53:59,194 [DEBUG] [TIME] 4563 cashflow: 0.22s
2026-07-05 02:53:59,362 [DEBUG] [TIME] 4563 dividends: 0.17s
2026-07-05 02:53:59,362 [INFO] [DETAIL] 4563 アンジェス: income_stmt=OK, balance_sheet=OK, cashflow=OK, dividends=EMPTY
2026-07-05 02:53:59,362 [INFO] [TIME] 4563 アンジェス 処理時間: 1.05s
2026-07-05 02:54:01,158 [DEBUG] [TIME] 4564 info: 0.15s
2026-07-05 02:54:01,158 [DEBUG] yfinance OK: 4564
2026-07-05 02:54:01,346 [DEBUG] [TIME] 4564 income_stmt: 0.19s
2026-07-05 02:54:01,649 [DEBUG] [TIME] 4564 balance_sheet: 0.30s
2026-07-05 02:54:01,844 [DEBUG] [TIME] 4564 cashflow: 0.19s
2026-07-05 02:54:02,000 [DEBUG] [TIME] 4564 dividends: 0.16s
2026-07-05 02:54:02,000 [INFO] [DETAIL] 4564 オンコセラピー・サイエンス: income_stmt=OK, balance_sheet=OK, cashflow=OK, dividends=EMPTY
2026-07-05 02:54:02,000 [INFO] [TIME] 4564 オンコセラピー・サイエンス 処理時間: 0.99s
2026-07-05 02:54:03,672 [DEBUG] [TIME] 4565 info: 0.15s
2026-07-05 02:54:03,672 [DEBUG] yfinance OK: 4565
2026-07-05 02:54:03,848 [DEBUG] [TIME] 4565 income_stmt: 0.18s
2026-07-05 02:54:04,083 [DEBUG] [TIME] 4565 balance_sheet: 0.23s
2026-07-05 02:54:04,327 [DEBUG] [TIME] 4565 cashflow: 0.24s
2026-07-05 02:54:04,496 [DEBUG] [TIME] 4565 dividends: 0.17s
2026-07-05 02:54:04,497 [INFO] [DETAIL] 4565 ネクセラファーマ: income_stmt=OK, balance_sheet=OK, cashflow=OK, dividends=OK
2026-07-05 02:54:04,497 [INFO] [TIME] 4565 ネクセラファーマ 処理時間: 0.97s
2026-07-05 02:54:06,091 [DEBUG] [TIME] 4568 info: 0.15s
2026-07-05 02:54:06,091 [DEBUG] yfinance OK: 4568
2026-07-05 02:54:06,288 [DEBUG] [TIME] 4568 income_stmt: 0.20s
2026-07-05 02:54:06,548 [DEBUG] [TIME] 4568 balance_sheet: 0.26s
2026-07-05 02:54:06,745 [DEBUG] [TIME] 4568 cashflow: 0.20s
2026-07-05 02:54:07,371 [DEBUG] [TIME] 4568 dividends: 0.63s
2026-07-05 02:54:07,372 [INFO] [DETAIL] 4568 第一三共: income_stmt=OK, balance_sheet=OK, cashflow=OK, dividends=OK
2026-07-05 02:54:07,372 [INFO] [TIME] 4568 第一三共 処理時間: 1.43s
2026-07-05 02:54:08,938 [DEBUG] [TIME] 4569 info: 0.15s
2026-07-05 02:54:08,938 [DEBUG] yfinance OK: 4569
2026-07-05 02:54:09,129 [DEBUG] [TIME] 4569 income_stmt: 0.19s
2026-07-05 02:54:09,403 [DEBUG] [TIME] 4569 balance_sheet: 0.27s
2026-07-05 02:54:09,639 [DEBUG] [TIME] 4569 cashflow: 0.23s
2026-07-05 02:54:09,919 [DEBUG] [TIME] 4569 dividends: 0.28s
2026-07-05 02:54:09,920 [INFO] [DETAIL] 4569 杏林製薬: income_stmt=OK, balance_sheet=OK, cashflow=OK, dividends=OK
2026-07-05 02:54:09,920 [INFO] [TIME] 4569 杏林製薬 処理時間: 1.13s
2026-07-05 02:54:11,749 [ERROR] yfinance エラー: 456A - Too Many Requests. Rate limited. Try after a while.
2026-07-05 02:54:11,750 [INFO] [TIME] 456A ＨＵＭＡＮ　ＭＡＤＥ 処理時間: 0.20s
2026-07-05 02:54:13,095 [DEBUG] [TIME] 4570 info: 0.22s
2026-07-05 02:54:13,095 [DEBUG] yfinance OK: 4570
2026-07-05 02:54:13,324 [DEBUG] [TIME] 4570 income_stmt: 0.23s
2026-07-05 02:54:13,581 [DEBUG] [TIME] 4570 balance_sheet: 0.26s
2026-07-05 02:54:13,760 [DEBUG] [TIME] 4570 cashflow: 0.18s
2026-07-05 02:54:13,978 [DEBUG] [TIME] 4570 dividends: 0.22s
2026-07-05 02:54:13,979 [INFO] [DETAIL] 4570 免疫生物研究所: income_stmt=OK, balance_sheet=OK, cashflow=OK, dividends=OK
2026-07-05 02:54:13,979 [INFO] [TIME] 4570 免疫生物研究所 処理時間: 1.10s
2026-07-05 02:54:15,886 [DEBUG] [TIME] 4571 info: 0.17s
2026-07-05 02:54:15,886 [DEBUG] yfinance OK: 4571
2026-07-05 02:54:16,064 [DEBUG] [TIME] 4571 income_stmt: 0.18s
2026-07-05 02:54:16,328 [DEBUG] [TIME] 4571 balance_sheet: 0.26s
2026-07-05 02:54:16,523 [DEBUG] [TIME] 4571 cashflow: 0.19s
2026-07-05 02:54:16,993 [DEBUG] [TIME] 4571 dividends: 0.47s
2026-07-05 02:54:16,993 [INFO] [DETAIL] 4571 ＮＡＮＯホールディングス: income_stmt=OK, balance_sheet=OK, cashflow=OK, dividends=EMPTY
2026-07-05 02:54:16,993 [INFO] [TIME] 4571 ＮＡＮＯホールディングス 処理時間: 1.28s
2026-07-05 02:54:18,801 [DEBUG] [TIME] 4572 info: 0.15s
2026-07-05 02:54:18,801 [DEBUG] yfinance OK: 4572
2026-07-05 02:54:18,994 [DEBUG] [TIME] 4572 income_stmt: 0.19s
2026-07-05 02:54:19,215 [DEBUG] [TIME] 4572 balance_sheet: 0.22s
2026-07-05 02:54:19,454 [DEBUG] [TIME] 4572 cashflow: 0.24s
2026-07-05 02:54:19,745 [DEBUG] [TIME] 4572 dividends: 0.29s
2026-07-05 02:54:19,745 [INFO] [DETAIL] 4572 カルナバイオサイエンス: income_stmt=OK, balance_sheet=OK, cashflow=OK, dividends=EMPTY
2026-07-05 02:54:19,745 [INFO] [TIME] 4572 カルナバイオサイエンス 処理時間: 1.10s
2026-07-05 02:54:20,983 [DEBUG] [TIME] 4574 info: 0.21s
2026-07-05 02:54:20,983 [DEBUG] yfinance OK: 4574
2026-07-05 02:54:21,172 [DEBUG] [TIME] 4574 income_stmt: 0.19s
2026-07-05 02:54:21,500 [DEBUG] [TIME] 4574 balance_sheet: 0.33s
2026-07-05 02:54:21,727 [DEBUG] [TIME] 4574 cashflow: 0.23s
2026-07-05 02:54:22,173 [DEBUG] [TIME] 4574 dividends: 0.45s
2026-07-05 02:54:22,174 [INFO] [DETAIL] 4574 大幸薬品: income_stmt=OK, balance_sheet=OK, cashflow=OK, dividends=OK
2026-07-05 02:54:22,174 [INFO] [TIME] 4574 大幸薬品 処理時間: 1.41s
2026-07-05 02:54:24,179 [DEBUG] [TIME] 4575 info: 0.25s
2026-07-05 02:54:24,179 [DEBUG] yfinance OK: 4575
2026-07-05 02:54:24,376 [DEBUG] [TIME] 4575 income_stmt: 0.20s
2026-07-05 02:54:24,563 [DEBUG] [TIME] 4575 balance_sheet: 0.19s
2026-07-05 02:54:24,773 [DEBUG] [TIME] 4575 cashflow: 0.21s
2026-07-05 02:54:25,123 [DEBUG] [TIME] 4575 dividends: 0.35s
2026-07-05 02:54:25,123 [INFO] [DETAIL] 4575 キャンバス: income_stmt=OK, balance_sheet=OK, cashflow=OK, dividends=EMPTY
2026-07-05 02:54:25,123 [INFO] [TIME] 4575 キャンバス 処理時間: 1.19s
2026-07-05 02:54:26,810 [DEBUG] [TIME] 4576 info: 0.18s
2026-07-05 02:54:26,811 [DEBUG] yfinance OK: 4576
2026-07-05 02:54:27,004 [DEBUG] [TIME] 4576 income_stmt: 0.19s
2026-07-05 02:54:27,285 [DEBUG] [TIME] 4576 balance_sheet: 0.28s
2026-07-05 02:54:27,536 [DEBUG] [TIME] 4576 cashflow: 0.25s
2026-07-05 02:54:27,824 [DEBUG] [TIME] 4576 dividends: 0.29s
2026-07-05 02:54:27,824 [INFO] [DETAIL] 4576 デ・ウエスタン・セラピテクス研究所: income_stmt=OK, balance_sheet=OK, cashflow=OK, dividends=EMPTY
2026-07-05 02:54:27,824 [INFO] [TIME] 4576 デ・ウエスタン・セラピテクス研究所 処理時間: 1.19s
2026-07-05 02:54:29,664 [DEBUG] [TIME] 4577 info: 0.14s
2026-07-05 02:54:29,664 [DEBUG] yfinance OK: 4577
2026-07-05 02:54:29,877 [DEBUG] [TIME] 4577 income_stmt: 0.21s
2026-07-05 02:54:30,119 [DEBUG] [TIME] 4577 balance_sheet: 0.24s
2026-07-05 02:54:30,301 [DEBUG] [TIME] 4577 cashflow: 0.18s
2026-07-05 02:54:30,646 [DEBUG] [TIME] 4577 dividends: 0.34s
2026-07-05 02:54:30,647 [INFO] [DETAIL] 4577 ダイト: income_stmt=OK, balance_sheet=OK, cashflow=OK, dividends=OK
2026-07-05 02:54:30,647 [INFO] [TIME] 4577 ダイト 処理時間: 1.13s
2026-07-05 02:54:31,979 [DEBUG] [TIME] 4578 info: 0.17s
2026-07-05 02:54:31,979 [DEBUG] yfinance OK: 4578
2026-07-05 02:54:32,170 [DEBUG] [TIME] 4578 income_stmt: 0.19s
2026-07-05 02:54:32,397 [DEBUG] [TIME] 4578 balance_sheet: 0.23s
2026-07-05 02:54:32,573 [DEBUG] [TIME] 4578 cashflow: 0.18s
2026-07-05 02:54:32,750 [DEBUG] [TIME] 4578 dividends: 0.18s
2026-07-05 02:54:32,751 [INFO] [DETAIL] 4578 大塚ホールディングス: income_stmt=OK, balance_sheet=OK, cashflow=OK, dividends=OK
2026-07-05 02:54:32,751 [INFO] [TIME] 4578 大塚ホールディングス 処理時間: 0.95s
2026-07-05 02:54:34,739 [DEBUG] [TIME] 4579 info: 0.21s
2026-07-05 02:54:34,739 [DEBUG] yfinance OK: 4579
2026-07-05 02:54:34,950 [DEBUG] [TIME] 4579 income_stmt: 0.21s
2026-07-05 02:54:35,233 [DEBUG] [TIME] 4579 balance_sheet: 0.28s
2026-07-05 02:54:35,463 [DEBUG] [TIME] 4579 cashflow: 0.23s
2026-07-05 02:54:35,703 [DEBUG] [TIME] 4579 dividends: 0.24s
2026-07-05 02:54:35,703 [INFO] [DETAIL] 4579 ラクオリア創薬: income_stmt=OK, balance_sheet=OK, cashflow=OK, dividends=EMPTY
2026-07-05 02:54:35,703 [INFO] [TIME] 4579 ラクオリア創薬 処理時間: 1.17s
2026-07-05 02:54:37,478 [DEBUG] [TIME] 4582 info: 0.16s
2026-07-05 02:54:37,478 [DEBUG] yfinance OK: 4582
2026-07-05 02:54:37,668 [DEBUG] [TIME] 4582 income_stmt: 0.19s
2026-07-05 02:54:37,953 [DEBUG] [TIME] 4582 balance_sheet: 0.28s
2026-07-05 02:54:38,174 [DEBUG] [TIME] 4582 cashflow: 0.22s
2026-07-05 02:54:38,553 [DEBUG] [TIME] 4582 dividends: 0.38s
2026-07-05 02:54:38,553 [INFO] [DETAIL] 4582 シンバイオ製薬: income_stmt=OK, balance_sheet=OK, cashflow=OK, dividends=EMPTY
2026-07-05 02:54:38,553 [INFO] [TIME] 4582 シンバイオ製薬 処理時間: 1.24s
2026-07-05 02:54:40,677 [DEBUG] [TIME] 4583 info: 0.14s
2026-07-05 02:54:40,677 [DEBUG] yfinance OK: 4583
2026-07-05 02:54:40,891 [DEBUG] [TIME] 4583 income_stmt: 0.21s
2026-07-05 02:54:41,100 [DEBUG] [TIME] 4583 balance_sheet: 0.21s
2026-07-05 02:54:41,275 [DEBUG] [TIME] 4583 cashflow: 0.17s
2026-07-05 02:54:41,395 [DEBUG] [TIME] 4583 dividends: 0.12s
2026-07-05 02:54:41,396 [INFO] [DETAIL] 4583 カイオム・バイオサイエンス: income_stmt=OK, balance_sheet=OK, cashflow=OK, dividends=EMPTY
2026-07-05 02:54:41,396 [INFO] [TIME] 4583 カイオム・バイオサイエンス 処理時間: 0.86s
2026-07-05 02:54:42,713 [DEBUG] [TIME] 4584 info: 0.17s
2026-07-05 02:54:42,713 [DEBUG] yfinance OK: 4584
2026-07-05 02:54:42,897 [DEBUG] [TIME] 4584 income_stmt: 0.18s
2026-07-05 02:54:43,119 [DEBUG] [TIME] 4584 balance_sheet: 0.22s
2026-07-05 02:54:43,338 [DEBUG] [TIME] 4584 cashflow: 0.22s
2026-07-05 02:54:43,546 [DEBUG] [TIME] 4584 dividends: 0.21s
2026-07-05 02:54:43,546 [INFO] [DETAIL] 4584 キッズウェル・バイオ: income_stmt=OK, balance_sheet=OK, cashflow=OK, dividends=EMPTY
2026-07-05 02:54:43,546 [INFO] [TIME] 4584 キッズウェル・バイオ 処理時間: 1.00s
2026-07-05 02:54:45,237 [DEBUG] [TIME] 4586 info: 0.17s
2026-07-05 02:54:45,237 [DEBUG] yfinance OK: 4586
2026-07-05 02:54:45,453 [DEBUG] [TIME] 4586 income_stmt: 0.22s
2026-07-05 02:54:45,721 [DEBUG] [TIME] 4586 balance_sheet: 0.27s
2026-07-05 02:54:45,965 [DEBUG] [TIME] 4586 cashflow: 0.24s
2026-07-05 02:54:46,228 [DEBUG] [TIME] 4586 dividends: 0.26s
2026-07-05 02:54:46,228 [INFO] [DETAIL] 4586 メドレックス: income_stmt=OK, balance_sheet=OK, cashflow=OK, dividends=EMPTY
2026-07-05 02:54:46,228 [INFO] [TIME] 4586 メドレックス 処理時間: 1.16s
2026-07-05 02:54:47,515 [DEBUG] [TIME] 4587 info: 0.20s
2026-07-05 02:54:47,515 [DEBUG] yfinance OK: 4587
2026-07-05 02:54:47,718 [DEBUG] [TIME] 4587 income_stmt: 0.20s
2026-07-05 02:54:47,985 [DEBUG] [TIME] 4587 balance_sheet: 0.27s
2026-07-05 02:54:48,199 [DEBUG] [TIME] 4587 cashflow: 0.21s
2026-07-05 02:54:48,328 [DEBUG] [TIME] 4587 dividends: 0.13s
2026-07-05 02:54:48,328 [INFO] [DETAIL] 4587 ペプチドリーム: income_stmt=OK, balance_sheet=OK, cashflow=OK, dividends=EMPTY
2026-07-05 02:54:48,328 [INFO] [TIME] 4587 ペプチドリーム 処理時間: 1.01s
2026-07-05 02:54:50,477 [DEBUG] [TIME] 4588 info: 0.21s
2026-07-05 02:54:50,477 [DEBUG] yfinance OK: 4588
2026-07-05 02:54:50,685 [DEBUG] [TIME] 4588 income_stmt: 0.21s
2026-07-05 02:54:50,927 [DEBUG] [TIME] 4588 balance_sheet: 0.24s
2026-07-05 02:54:51,161 [DEBUG] [TIME] 4588 cashflow: 0.23s
2026-07-05 02:54:51,517 [DEBUG] [TIME] 4588 dividends: 0.36s
2026-07-05 02:54:51,517 [INFO] [DETAIL] 4588 オンコリスバイオファーマ: income_stmt=OK, balance_sheet=OK, cashflow=OK, dividends=EMPTY
2026-07-05 02:54:51,517 [INFO] [TIME] 4588 オンコリスバイオファーマ 処理時間: 1.25s
2026-07-05 02:54:53,309 [DEBUG] [TIME] 4591 info: 0.16s
2026-07-05 02:54:53,309 [DEBUG] yfinance OK: 4591
2026-07-05 02:54:53,480 [DEBUG] [TIME] 4591 income_stmt: 0.17s
2026-07-05 02:54:53,728 [DEBUG] [TIME] 4591 balance_sheet: 0.25s
2026-07-05 02:54:53,947 [DEBUG] [TIME] 4591 cashflow: 0.22s
2026-07-05 02:54:54,179 [DEBUG] [TIME] 4591 dividends: 0.23s
2026-07-05 02:54:54,179 [INFO] [DETAIL] 4591 リボミック: income_stmt=OK, balance_sheet=OK, cashflow=OK, dividends=EMPTY
2026-07-05 02:54:54,179 [INFO] [TIME] 4591 リボミック 処理時間: 1.03s
2026-07-05 02:54:55,493 [DEBUG] [TIME] 4592 info: 0.14s
2026-07-05 02:54:55,493 [DEBUG] yfinance OK: 4592
2026-07-05 02:54:55,679 [DEBUG] [TIME] 4592 income_stmt: 0.19s
2026-07-05 02:54:55,909 [DEBUG] [TIME] 4592 balance_sheet: 0.23s
2026-07-05 02:54:56,130 [DEBUG] [TIME] 4592 cashflow: 0.22s
2026-07-05 02:54:56,546 [DEBUG] [TIME] 4592 dividends: 0.41s
2026-07-05 02:54:56,546 [INFO] [DETAIL] 4592 サンバイオ: income_stmt=OK, balance_sheet=OK, cashflow=OK, dividends=EMPTY
2026-07-05 02:54:56,546 [INFO] [TIME] 4592 サンバイオ 処理時間: 1.19s
2026-07-05 02:54:57,963 [DEBUG] [TIME] 4593 info: 0.17s
2026-07-05 02:54:57,964 [DEBUG] yfinance OK: 4593
2026-07-05 02:54:58,133 [DEBUG] [TIME] 4593 income_stmt: 0.17s
2026-07-05 02:54:58,362 [DEBUG] [TIME] 4593 balance_sheet: 0.23s
2026-07-05 02:54:58,619 [DEBUG] [TIME] 4593 cashflow: 0.26s
2026-07-05 02:54:58,942 [DEBUG] [TIME] 4593 dividends: 0.32s
2026-07-05 02:54:58,942 [INFO] [DETAIL] 4593 ヘリオス: income_stmt=OK, balance_sheet=OK, cashflow=OK, dividends=EMPTY
2026-07-05 02:54:58,942 [INFO] [TIME] 4593 ヘリオス 処理時間: 1.15s
2026-07-05 02:55:00,881 [DEBUG] [TIME] 4594 info: 0.14s
2026-07-05 02:55:00,882 [DEBUG] yfinance OK: 4594
2026-07-05 02:55:01,089 [DEBUG] [TIME] 4594 income_stmt: 0.21s
2026-07-05 02:55:01,338 [DEBUG] [TIME] 4594 balance_sheet: 0.25s
2026-07-05 02:55:01,560 [DEBUG] [TIME] 4594 cashflow: 0.22s
2026-07-05 02:55:01,865 [DEBUG] [TIME] 4594 dividends: 0.30s
2026-07-05 02:55:01,865 [INFO] [DETAIL] 4594 ブライトパス・バイオ: income_stmt=OK, balance_sheet=OK, cashflow=OK, dividends=EMPTY
2026-07-05 02:55:01,865 [INFO] [TIME] 4594 ブライトパス・バイオ 処理時間: 1.13s
2026-07-05 02:55:03,707 [DEBUG] [TIME] 4595 info: 0.19s
2026-07-05 02:55:03,707 [DEBUG] yfinance OK: 4595
2026-07-05 02:55:03,891 [DEBUG] [TIME] 4595 income_stmt: 0.18s
2026-07-05 02:55:04,170 [DEBUG] [TIME] 4595 balance_sheet: 0.28s
2026-07-05 02:55:04,362 [DEBUG] [TIME] 4595 cashflow: 0.19s
2026-07-05 02:55:04,768 [DEBUG] [TIME] 4595 dividends: 0.41s
2026-07-05 02:55:04,769 [INFO] [DETAIL] 4595 ミズホメディー: income_stmt=OK, balance_sheet=OK, cashflow=OK, dividends=OK
2026-07-05 02:55:04,769 [INFO] [TIME] 4595 ミズホメディー 処理時間: 1.25s
2026-07-05 02:55:06,082 [DEBUG] [TIME] 4596 info: 0.14s
2026-07-05 02:55:06,082 [DEBUG] yfinance OK: 4596
2026-07-05 02:55:06,249 [DEBUG] [TIME] 4596 income_stmt: 0.17s
2026-07-05 02:55:06,514 [DEBUG] [TIME] 4596 balance_sheet: 0.26s
2026-07-05 02:55:06,731 [DEBUG] [TIME] 4596 cashflow: 0.22s
2026-07-05 02:55:06,989 [DEBUG] [TIME] 4596 dividends: 0.26s
2026-07-05 02:55:06,989 [INFO] [DETAIL] 4596 窪田製薬ホールディングス: income_stmt=OK, balance_sheet=OK, cashflow=OK, dividends=EMPTY
2026-07-05 02:55:06,989 [INFO] [TIME] 4596 窪田製薬ホールディングス 処理時間: 1.05s
2026-07-05 02:55:08,244 [DEBUG] [TIME] 4597 info: 0.18s
2026-07-05 02:55:08,244 [DEBUG] yfinance OK: 4597
2026-07-05 02:55:08,460 [DEBUG] [TIME] 4597 income_stmt: 0.22s
2026-07-05 02:55:08,712 [DEBUG] [TIME] 4597 balance_sheet: 0.25s
2026-07-05 02:55:08,953 [DEBUG] [TIME] 4597 cashflow: 0.24s
2026-07-05 02:55:09,363 [DEBUG] [TIME] 4597 dividends: 0.41s
2026-07-05 02:55:09,363 [INFO] [DETAIL] 4597 ソレイジア・ファーマ: income_stmt=OK, balance_sheet=OK, cashflow=OK, dividends=EMPTY
2026-07-05 02:55:09,363 [INFO] [TIME] 4597 ソレイジア・ファーマ 処理時間: 1.30s
2026-07-05 02:55:11,291 [DEBUG] [TIME] 4598 info: 0.23s
2026-07-05 02:55:11,291 [DEBUG] yfinance OK: 4598
2026-07-05 02:55:11,510 [DEBUG] [TIME] 4598 income_stmt: 0.22s
2026-07-05 02:55:11,778 [DEBUG] [TIME] 4598 balance_sheet: 0.27s
2026-07-05 02:55:12,021 [DEBUG] [TIME] 4598 cashflow: 0.24s
2026-07-05 02:55:12,315 [DEBUG] [TIME] 4598 dividends: 0.29s
2026-07-05 02:55:12,316 [INFO] [DETAIL] 4598 Ｄｅｌｔａ－Ｆｌｙ　Ｐｈａｒｍａ: income_stmt=OK, balance_sheet=OK, cashflow=OK, dividends=EMPTY
2026-07-05 02:55:12,316 [INFO] [TIME] 4598 Ｄｅｌｔａ－Ｆｌｙ　Ｐｈａｒｍａ 処理時間: 1.26s
2026-07-05 02:55:13,876 [DEBUG] [TIME] 4599 info: 0.16s
2026-07-05 02:55:13,876 [DEBUG] yfinance OK: 4599
2026-07-05 02:55:14,089 [DEBUG] [TIME] 4599 income_stmt: 0.21s
2026-07-05 02:55:14,344 [DEBUG] [TIME] 4599 balance_sheet: 0.25s
2026-07-05 02:55:14,629 [DEBUG] [TIME] 4599 cashflow: 0.28s
2026-07-05 02:55:14,856 [DEBUG] [TIME] 4599 dividends: 0.23s
2026-07-05 02:55:14,856 [INFO] [DETAIL] 4599 ステムリム: income_stmt=OK, balance_sheet=OK, cashflow=OK, dividends=EMPTY
2026-07-05 02:55:14,856 [INFO] [TIME] 4599 ステムリム 処理時間: 1.14s
2026-07-05 02:55:16,750 [DEBUG] [TIME] 460A info: 0.17s
2026-07-05 02:55:16,750 [DEBUG] yfinance OK: 460A
2026-07-05 02:55:16,967 [DEBUG] [TIME] 460A income_stmt: 0.22s
2026-07-05 02:55:17,190 [DEBUG] [TIME] 460A balance_sheet: 0.22s
2026-07-05 02:55:17,357 [DEBUG] [TIME] 460A cashflow: 0.17s
2026-07-05 02:55:17,501 [DEBUG] [TIME] 460A dividends: 0.14s
2026-07-05 02:55:17,501 [INFO] [DETAIL] 460A ＢＲＡＮＵ: income_stmt=OK, balance_sheet=OK, cashflow=OK, dividends=EMPTY
2026-07-05 02:55:17,501 [INFO] [TIME] 460A ＢＲＡＮＵ 処理時間: 0.92s
2026-07-05 02:55:19,275 [DEBUG] [TIME] 4611 info: 0.20s
2026-07-05 02:55:19,275 [DEBUG] yfinance OK: 4611
2026-07-05 02:55:19,442 [DEBUG] [TIME] 4611 income_stmt: 0.17s
2026-07-05 02:55:19,692 [DEBUG] [TIME] 4611 balance_sheet: 0.25s
2026-07-05 02:55:19,900 [DEBUG] [TIME] 4611 cashflow: 0.21s
2026-07-05 02:55:20,246 [DEBUG] [TIME] 4611 dividends: 0.35s
2026-07-05 02:55:20,247 [INFO] [DETAIL] 4611 大日本塗料: income_stmt=OK, balance_sheet=OK, cashflow=OK, dividends=OK
2026-07-05 02:55:20,247 [INFO] [TIME] 4611 大日本塗料 処理時間: 1.17s
2026-07-05 02:55:21,799 [DEBUG] [TIME] 4612 info: 0.17s
2026-07-05 02:55:21,799 [DEBUG] yfinance OK: 4612
2026-07-05 02:55:21,970 [DEBUG] [TIME] 4612 income_stmt: 0.17s
2026-07-05 02:55:22,153 [DEBUG] [TIME] 4612 balance_sheet: 0.18s
2026-07-05 02:55:22,397 [DEBUG] [TIME] 4612 cashflow: 0.24s
2026-07-05 02:55:22,665 [DEBUG] [TIME] 4612 dividends: 0.27s
2026-07-05 02:55:22,666 [INFO] [DETAIL] 4612 日本ペイントホールディングス: income_stmt=OK, balance_sheet=OK, cashflow=OK, dividends=OK
2026-07-05 02:55:22,666 [INFO] [TIME] 4612 日本ペイントホールディングス 処理時間: 1.03s
2026-07-05 02:55:24,665 [DEBUG] [TIME] 4613 info: 0.20s
2026-07-05 02:55:24,666 [DEBUG] yfinance OK: 4613
2026-07-05 02:55:24,872 [DEBUG] [TIME] 4613 income_stmt: 0.21s
2026-07-05 02:55:25,144 [DEBUG] [TIME] 4613 balance_sheet: 0.27s
2026-07-05 02:55:25,351 [DEBUG] [TIME] 4613 cashflow: 0.21s
2026-07-05 02:55:25,818 [DEBUG] [TIME] 4613 dividends: 0.47s
2026-07-05 02:55:25,819 [INFO] [DETAIL] 4613 関西ペイント: income_stmt=OK, balance_sheet=OK, cashflow=OK, dividends=OK
2026-07-05 02:55:25,819 [INFO] [TIME] 4613 関西ペイント 処理時間: 1.36s
2026-07-05 02:55:27,918 [DEBUG] [TIME] 4615 info: 0.21s
2026-07-05 02:55:27,918 [DEBUG] yfinance OK: 4615
2026-07-05 02:55:28,106 [DEBUG] [TIME] 4615 income_stmt: 0.19s
2026-07-05 02:55:28,287 [DEBUG] [TIME] 4615 balance_sheet: 0.18s
2026-07-05 02:55:28,536 [DEBUG] [TIME] 4615 cashflow: 0.25s
2026-07-05 02:55:28,766 [DEBUG] [TIME] 4615 dividends: 0.23s
2026-07-05 02:55:28,767 [INFO] [DETAIL] 4615 神東塗料: income_stmt=OK, balance_sheet=OK, cashflow=OK, dividends=OK
2026-07-05 02:55:28,767 [INFO] [TIME] 4615 神東塗料 処理時間: 1.06s
2026-07-05 02:55:30,696 [DEBUG] [TIME] 4616 info: 0.20s
2026-07-05 02:55:30,696 [DEBUG] yfinance OK: 4616
2026-07-05 02:55:30,922 [DEBUG] [TIME] 4616 income_stmt: 0.23s
2026-07-05 02:55:31,178 [DEBUG] [TIME] 4616 balance_sheet: 0.26s
2026-07-05 02:55:31,405 [DEBUG] [TIME] 4616 cashflow: 0.23s
2026-07-05 02:55:31,677 [DEBUG] [TIME] 4616 dividends: 0.27s
2026-07-05 02:55:31,678 [INFO] [DETAIL] 4616 川上塗料: income_stmt=OK, balance_sheet=OK, cashflow=OK, dividends=OK
2026-07-05 02:55:31,679 [INFO] [TIME] 4616 川上塗料 処理時間: 1.18s
2026-07-05 02:55:33,748 [DEBUG] [TIME] 4617 info: 0.19s
2026-07-05 02:55:33,748 [DEBUG] yfinance OK: 4617
2026-07-05 02:55:33,952 [DEBUG] [TIME] 4617 income_stmt: 0.20s
2026-07-05 02:55:34,180 [DEBUG] [TIME] 4617 balance_sheet: 0.23s
2026-07-05 02:55:34,380 [DEBUG] [TIME] 4617 cashflow: 0.20s
2026-07-05 02:55:34,649 [DEBUG] [TIME] 4617 dividends: 0.27s
2026-07-05 02:55:34,650 [INFO] [DETAIL] 4617 中国塗料: income_stmt=OK, balance_sheet=OK, cashflow=OK, dividends=OK
2026-07-05 02:55:34,650 [INFO] [TIME] 4617 中国塗料 処理時間: 1.09s
2026-07-05 02:55:36,359 [DEBUG] [TIME] 4619 info: 0.18s
2026-07-05 02:55:36,359 [DEBUG] yfinance OK: 4619
2026-07-05 02:55:36,582 [DEBUG] [TIME] 4619 income_stmt: 0.22s
2026-07-05 02:55:36,861 [DEBUG] [TIME] 4619 balance_sheet: 0.28s
2026-07-05 02:55:37,093 [DEBUG] [TIME] 4619 cashflow: 0.23s
2026-07-05 02:55:37,602 [DEBUG] [TIME] 4619 dividends: 0.51s
2026-07-05 02:55:37,603 [INFO] [DETAIL] 4619 日本特殊塗料: income_stmt=OK, balance_sheet=OK, cashflow=OK, dividends=OK
2026-07-05 02:55:37,603 [INFO] [TIME] 4619 日本特殊塗料 処理時間: 1.42s
2026-07-05 02:55:39,564 [DEBUG] [TIME] 4620 info: 0.20s
2026-07-05 02:55:39,564 [DEBUG] yfinance OK: 4620
2026-07-05 02:55:39,915 [DEBUG] [TIME] 4620 income_stmt: 0.35s
2026-07-05 02:55:40,126 [DEBUG] [TIME] 4620 balance_sheet: 0.21s
2026-07-05 02:55:40,373 [DEBUG] [TIME] 4620 cashflow: 0.25s
2026-07-05 02:55:40,853 [DEBUG] [TIME] 4620 dividends: 0.48s
2026-07-05 02:55:40,854 [INFO] [DETAIL] 4620 藤倉化成: income_stmt=OK, balance_sheet=OK, cashflow=OK, dividends=OK
2026-07-05 02:55:40,854 [INFO] [TIME] 4620 藤倉化成 処理時間: 1.49s
2026-07-05 02:55:42,435 [DEBUG] [TIME] 4623 info: 0.17s
2026-07-05 02:55:42,435 [DEBUG] yfinance OK: 4623
2026-07-05 02:55:42,632 [DEBUG] [TIME] 4623 income_stmt: 0.20s
2026-07-05 02:55:42,898 [DEBUG] [TIME] 4623 balance_sheet: 0.27s
2026-07-05 02:55:43,169 [DEBUG] [TIME] 4623 cashflow: 0.27s
2026-07-05 02:55:43,521 [DEBUG] [TIME] 4623 dividends: 0.35s
2026-07-05 02:55:43,522 [INFO] [DETAIL] 4623 アサヒペン: income_stmt=OK, balance_sheet=OK, cashflow=OK, dividends=OK
2026-07-05 02:55:43,522 [INFO] [TIME] 4623 アサヒペン 処理時間: 1.26s
2026-07-05 02:55:45,197 [DEBUG] [TIME] 4624 info: 0.18s
2026-07-05 02:55:45,198 [DEBUG] yfinance OK: 4624
2026-07-05 02:55:45,412 [DEBUG] [TIME] 4624 income_stmt: 0.21s
2026-07-05 02:55:45,706 [DEBUG] [TIME] 4624 balance_sheet: 0.29s
2026-07-05 02:55:45,950 [DEBUG] [TIME] 4624 cashflow: 0.24s
2026-07-05 02:55:46,472 [DEBUG] [TIME] 4624 dividends: 0.52s
2026-07-05 02:55:46,473 [INFO] [DETAIL] 4624 イサム塗料: income_stmt=OK, balance_sheet=OK, cashflow=OK, dividends=OK
2026-07-05 02:55:46,473 [INFO] [TIME] 4624 イサム塗料 処理時間: 1.45s
2026-07-05 02:55:48,302 [DEBUG] [TIME] 4625 info: 0.17s
2026-07-05 02:55:48,302 [DEBUG] yfinance OK: 4625
2026-07-05 02:55:48,511 [DEBUG] [TIME] 4625 income_stmt: 0.21s
2026-07-05 02:55:48,782 [DEBUG] [TIME] 4625 balance_sheet: 0.27s
2026-07-05 02:55:49,019 [DEBUG] [TIME] 4625 cashflow: 0.24s
2026-07-05 02:55:49,576 [DEBUG] [TIME] 4625 dividends: 0.56s
2026-07-05 02:55:49,577 [INFO] [DETAIL] 4625 アトミクス: income_stmt=OK, balance_sheet=OK, cashflow=OK, dividends=OK
2026-07-05 02:55:49,577 [INFO] [TIME] 4625 アトミクス 処理時間: 1.45s
2026-07-05 02:55:50,812 [DEBUG] [TIME] 4626 info: 0.17s
2026-07-05 02:55:50,812 [DEBUG] yfinance OK: 4626
2026-07-05 02:55:50,990 [DEBUG] [TIME] 4626 income_stmt: 0.18s
2026-07-05 02:55:51,206 [DEBUG] [TIME] 4626 balance_sheet: 0.22s
2026-07-05 02:55:51,400 [DEBUG] [TIME] 4626 cashflow: 0.19s
2026-07-05 02:55:51,676 [DEBUG] [TIME] 4626 dividends: 0.28s
2026-07-05 02:55:51,677 [INFO] [DETAIL] 4626 太陽ホールディングス: income_stmt=OK, balance_sheet=OK, cashflow=OK, dividends=OK
2026-07-05 02:55:51,677 [INFO] [TIME] 4626 太陽ホールディングス 処理時間: 1.04s
2026-07-05 02:55:53,019 [DEBUG] [TIME] 4627 info: 0.16s
2026-07-05 02:55:53,019 [DEBUG] yfinance OK: 4627
2026-07-05 02:55:53,220 [DEBUG] [TIME] 4627 income_stmt: 0.20s
2026-07-05 02:55:53,494 [DEBUG] [TIME] 4627 balance_sheet: 0.27s
2026-07-05 02:55:53,723 [DEBUG] [TIME] 4627 cashflow: 0.23s
2026-07-05 02:55:53,983 [DEBUG] [TIME] 4627 dividends: 0.26s
2026-07-05 02:55:53,984 [INFO] [DETAIL] 4627 ナトコ: income_stmt=OK, balance_sheet=OK, cashflow=OK, dividends=OK
2026-07-05 02:55:53,984 [INFO] [TIME] 4627 ナトコ 処理時間: 1.13s
2026-07-05 02:55:55,699 [DEBUG] [TIME] 4628 info: 0.18s
2026-07-05 02:55:55,699 [DEBUG] yfinance OK: 4628
2026-07-05 02:55:55,891 [DEBUG] [TIME] 4628 income_stmt: 0.19s
2026-07-05 02:55:56,157 [DEBUG] [TIME] 4628 balance_sheet: 0.27s
2026-07-05 02:55:56,356 [DEBUG] [TIME] 4628 cashflow: 0.20s
2026-07-05 02:55:56,713 [DEBUG] [TIME] 4628 dividends: 0.36s
2026-07-05 02:55:56,714 [INFO] [DETAIL] 4628 エスケー化研: income_stmt=OK, balance_sheet=OK, cashflow=OK, dividends=OK
2026-07-05 02:55:56,714 [INFO] [TIME] 4628 エスケー化研 処理時間: 1.20s
2026-07-05 02:55:58,563 [DEBUG] [TIME] 4629 info: 0.17s
2026-07-05 02:55:58,564 [DEBUG] yfinance OK: 4629
2026-07-05 02:55:58,781 [DEBUG] [TIME] 4629 income_stmt: 0.22s
2026-07-05 02:55:59,056 [DEBUG] [TIME] 4629 balance_sheet: 0.27s
2026-07-05 02:55:59,261 [DEBUG] [TIME] 4629 cashflow: 0.20s
2026-07-05 02:55:59,760 [DEBUG] [TIME] 4629 dividends: 0.50s
2026-07-05 02:55:59,761 [INFO] [DETAIL] 4629 大伸化学: income_stmt=OK, balance_sheet=OK, cashflow=OK, dividends=OK
2026-07-05 02:55:59,761 [INFO] [TIME] 4629 大伸化学 処理時間: 1.37s
2026-07-05 02:56:01,660 [DEBUG] [TIME] 462A info: 0.16s
2026-07-05 02:56:01,660 [DEBUG] yfinance OK: 462A
2026-07-05 02:56:01,805 [DEBUG] [TIME] 462A income_stmt: 0.14s
2026-07-05 02:56:01,974 [DEBUG] [TIME] 462A balance_sheet: 0.17s
2026-07-05 02:56:02,164 [DEBUG] [TIME] 462A cashflow: 0.19s
2026-07-05 02:56:02,242 [DEBUG] [TIME] 462A dividends: 0.08s
2026-07-05 02:56:02,242 [INFO] [DETAIL] 462A ＦＵＮＤＩＮＮＯ: income_stmt=EMPTY, balance_sheet=EMPTY, cashflow=EMPTY, dividends=EMPTY
2026-07-05 02:56:02,242 [INFO] [TIME] 462A ＦＵＮＤＩＮＮＯ 処理時間: 0.74s
2026-07-05 02:56:04,408 [DEBUG] [TIME] 4631 info: 0.16s
2026-07-05 02:56:04,408 [DEBUG] yfinance OK: 4631
2026-07-05 02:56:04,602 [DEBUG] [TIME] 4631 income_stmt: 0.19s
2026-07-05 02:56:04,818 [DEBUG] [TIME] 4631 balance_sheet: 0.22s
2026-07-05 02:56:05,017 [DEBUG] [TIME] 4631 cashflow: 0.20s
2026-07-05 02:56:05,325 [DEBUG] [TIME] 4631 dividends: 0.31s
2026-07-05 02:56:05,326 [INFO] [DETAIL] 4631 ＤＩＣ: income_stmt=OK, balance_sheet=OK, cashflow=OK, dividends=OK
2026-07-05 02:56:05,326 [INFO] [TIME] 4631 ＤＩＣ 処理時間: 1.08s
2026-07-05 02:56:06,557 [DEBUG] [TIME] 4633 info: 0.15s
2026-07-05 02:56:06,557 [DEBUG] yfinance OK: 4633
2026-07-05 02:56:06,728 [DEBUG] [TIME] 4633 income_stmt: 0.17s
2026-07-05 02:56:07,007 [DEBUG] [TIME] 4633 balance_sheet: 0.28s
2026-07-05 02:56:07,242 [DEBUG] [TIME] 4633 cashflow: 0.23s
2026-07-05 02:56:07,603 [DEBUG] [TIME] 4633 dividends: 0.36s
2026-07-05 02:56:07,605 [INFO] [DETAIL] 4633 サカタインクス: income_stmt=OK, balance_sheet=OK, cashflow=OK, dividends=OK
2026-07-05 02:56:07,605 [INFO] [TIME] 4633 サカタインクス 処理時間: 1.20s
2026-07-05 02:56:09,291 [DEBUG] [TIME] 4634 info: 0.16s
2026-07-05 02:56:09,291 [DEBUG] yfinance OK: 4634
2026-07-05 02:56:09,506 [DEBUG] [TIME] 4634 income_stmt: 0.21s
2026-07-05 02:56:09,787 [DEBUG] [TIME] 4634 balance_sheet: 0.28s
2026-07-05 02:56:10,027 [DEBUG] [TIME] 4634 cashflow: 0.24s
2026-07-05 02:56:10,410 [DEBUG] [TIME] 4634 dividends: 0.38s
2026-07-05 02:56:10,411 [INFO] [DETAIL] 4634 ａｒｔｉｅｎｃｅ: income_stmt=OK, balance_sheet=OK, cashflow=OK, dividends=OK
2026-07-05 02:56:10,412 [INFO] [TIME] 4634 ａｒｔｉｅｎｃｅ 処理時間: 1.28s
2026-07-05 02:56:11,685 [DEBUG] [TIME] 4635 info: 0.21s
2026-07-05 02:56:11,685 [DEBUG] yfinance OK: 4635
2026-07-05 02:56:11,902 [DEBUG] [TIME] 4635 income_stmt: 0.22s
2026-07-05 02:56:12,186 [DEBUG] [TIME] 4635 balance_sheet: 0.28s
2026-07-05 02:56:12,419 [DEBUG] [TIME] 4635 cashflow: 0.23s
2026-07-05 02:56:12,915 [DEBUG] [TIME] 4635 dividends: 0.50s
2026-07-05 02:56:12,916 [INFO] [DETAIL] 4635 東京インキ: income_stmt=OK, balance_sheet=OK, cashflow=OK, dividends=OK
2026-07-05 02:56:12,916 [INFO] [TIME] 4635 東京インキ 処理時間: 1.44s
2026-07-05 02:56:14,979 [DEBUG] [TIME] 463A info: 0.20s
2026-07-05 02:56:14,979 [DEBUG] yfinance OK: 463A
2026-07-05 02:56:15,196 [DEBUG] [TIME] 463A income_stmt: 0.22s
2026-07-05 02:56:15,445 [DEBUG] [TIME] 463A balance_sheet: 0.25s
2026-07-05 02:56:15,659 [DEBUG] [TIME] 463A cashflow: 0.21s
2026-07-05 02:56:16,030 [DEBUG] [TIME] 463A dividends: 0.37s
2026-07-05 02:56:16,031 [INFO] [DETAIL] 463A インテリックスホールディングス: income_stmt=OK, balance_sheet=OK, cashflow=OK, dividends=OK
2026-07-05 02:56:16,032 [INFO] [TIME] 463A インテリックスホールディングス 処理時間: 1.25s
2026-07-05 02:56:18,140 [DEBUG] [TIME] 4641 info: 0.20s
2026-07-05 02:56:18,141 [DEBUG] yfinance OK: 4641
2026-07-05 02:56:18,329 [DEBUG] [TIME] 4641 income_stmt: 0.19s
2026-07-05 02:56:18,590 [DEBUG] [TIME] 4641 balance_sheet: 0.26s
2026-07-05 02:56:18,789 [DEBUG] [TIME] 4641 cashflow: 0.20s
2026-07-05 02:56:19,097 [DEBUG] [TIME] 4641 dividends: 0.31s
2026-07-05 02:56:19,098 [INFO] [DETAIL] 4641 アルプス技研: income_stmt=OK, balance_sheet=OK, cashflow=OK, dividends=OK
2026-07-05 02:56:19,099 [INFO] [TIME] 4641 アルプス技研 処理時間: 1.16s
2026-07-05 02:56:20,405 [DEBUG] [TIME] 4642 info: 0.16s
2026-07-05 02:56:20,405 [DEBUG] yfinance OK: 4642
2026-07-05 02:56:20,687 [DEBUG] [TIME] 4642 income_stmt: 0.28s
2026-07-05 02:56:20,951 [DEBUG] [TIME] 4642 balance_sheet: 0.26s
2026-07-05 02:56:21,182 [DEBUG] [TIME] 4642 cashflow: 0.23s
2026-07-05 02:56:21,591 [DEBUG] [TIME] 4642 dividends: 0.41s
2026-07-05 02:56:21,592 [INFO] [DETAIL] 4642 オリジナル設計: income_stmt=OK, balance_sheet=OK, cashflow=OK, dividends=OK
2026-07-05 02:56:21,592 [INFO] [TIME] 4642 オリジナル設計 処理時間: 1.35s
2026-07-05 02:56:23,667 [DEBUG] [TIME] 4644 info: 0.16s
2026-07-05 02:56:23,667 [DEBUG] yfinance OK: 4644
2026-07-05 02:56:23,896 [DEBUG] [TIME] 4644 income_stmt: 0.23s
2026-07-05 02:56:24,135 [DEBUG] [TIME] 4644 balance_sheet: 0.24s
2026-07-05 02:56:24,360 [DEBUG] [TIME] 4644 cashflow: 0.22s
2026-07-05 02:56:24,773 [DEBUG] [TIME] 4644 dividends: 0.41s
2026-07-05 02:56:24,774 [INFO] [DETAIL] 4644 イマジニア: income_stmt=OK, balance_sheet=OK, cashflow=OK, dividends=OK
2026-07-05 02:56:24,774 [INFO] [TIME] 4644 イマジニア 処理時間: 1.27s
2026-07-05 02:56:26,165 [DEBUG] [TIME] 4645 info: 0.18s
2026-07-05 02:56:26,165 [DEBUG] yfinance OK: 4645
2026-07-05 02:56:26,420 [DEBUG] [TIME] 4645 income_stmt: 0.25s
2026-07-05 02:56:26,693 [DEBUG] [TIME] 4645 balance_sheet: 0.27s
2026-07-05 02:56:26,908 [DEBUG] [TIME] 4645 cashflow: 0.21s
2026-07-05 02:56:27,321 [DEBUG] [TIME] 4645 dividends: 0.41s
2026-07-05 02:56:27,322 [INFO] [DETAIL] 4645 市進ホールディングス: income_stmt=OK, balance_sheet=OK, cashflow=OK, dividends=OK
2026-07-05 02:56:27,322 [INFO] [TIME] 4645 市進ホールディングス 処理時間: 1.33s
2026-07-05 02:56:29,346 [DEBUG] [TIME] 464A info: 0.17s
2026-07-05 02:56:29,346 [DEBUG] yfinance OK: 464A
2026-07-05 02:56:29,561 [DEBUG] [TIME] 464A income_stmt: 0.21s
2026-07-05 02:56:29,827 [DEBUG] [TIME] 464A balance_sheet: 0.27s
2026-07-05 02:56:30,068 [DEBUG] [TIME] 464A cashflow: 0.24s
2026-07-05 02:56:30,175 [DEBUG] [TIME] 464A dividends: 0.11s
2026-07-05 02:56:30,175 [INFO] [DETAIL] 464A ＱＰＳホールディングス: income_stmt=OK, balance_sheet=OK, cashflow=OK, dividends=EMPTY
2026-07-05 02:56:30,175 [INFO] [TIME] 464A ＱＰＳホールディングス 処理時間: 1.00s
2026-07-05 02:56:31,441 [DEBUG] [TIME] 4650 info: 0.15s
2026-07-05 02:56:31,441 [DEBUG] yfinance OK: 4650
2026-07-05 02:56:31,642 [DEBUG] [TIME] 4650 income_stmt: 0.20s
2026-07-05 02:56:31,848 [DEBUG] [TIME] 4650 balance_sheet: 0.20s
2026-07-05 02:56:32,069 [DEBUG] [TIME] 4650 cashflow: 0.22s
2026-07-05 02:56:32,408 [DEBUG] [TIME] 4650 dividends: 0.34s
2026-07-05 02:56:32,409 [INFO] [DETAIL] 4650 ＳＤエンターテイメント: income_stmt=OK, balance_sheet=OK, cashflow=OK, dividends=OK
2026-07-05 02:56:32,409 [INFO] [TIME] 4650 ＳＤエンターテイメント 処理時間: 1.12s
2026-07-05 02:56:34,063 [DEBUG] [TIME] 4651 info: 0.15s
2026-07-05 02:56:34,064 [DEBUG] yfinance OK: 4651
2026-07-05 02:56:34,276 [DEBUG] [TIME] 4651 income_stmt: 0.21s
2026-07-05 02:56:34,555 [DEBUG] [TIME] 4651 balance_sheet: 0.28s
2026-07-05 02:56:34,794 [DEBUG] [TIME] 4651 cashflow: 0.24s
2026-07-05 02:56:35,078 [DEBUG] [TIME] 4651 dividends: 0.28s
2026-07-05 02:56:35,078 [INFO] [DETAIL] 4651 サニックスホールディングス: income_stmt=OK, balance_sheet=OK, cashflow=OK, dividends=OK
2026-07-05 02:56:35,079 [INFO] [TIME] 4651 サニックスホールディングス 処理時間: 1.17s
2026-07-05 02:56:36,647 [DEBUG] [TIME] 4657 info: 0.17s
2026-07-05 02:56:36,647 [DEBUG] yfinance OK: 4657
2026-07-05 02:56:36,857 [DEBUG] [TIME] 4657 income_stmt: 0.21s
2026-07-05 02:56:37,118 [DEBUG] [TIME] 4657 balance_sheet: 0.26s
2026-07-05 02:56:37,342 [DEBUG] [TIME] 4657 cashflow: 0.22s
2026-07-05 02:56:37,595 [DEBUG] [TIME] 4657 dividends: 0.25s
2026-07-05 02:56:37,597 [INFO] [DETAIL] 4657 環境管理センター: income_stmt=OK, balance_sheet=OK, cashflow=OK, dividends=OK
2026-07-05 02:56:37,597 [INFO] [TIME] 4657 環境管理センター 処理時間: 1.12s
2026-07-05 02:56:39,645 [DEBUG] [TIME] 4658 info: 0.14s
2026-07-05 02:56:39,645 [DEBUG] yfinance OK: 4658
2026-07-05 02:56:39,896 [DEBUG] [TIME] 4658 income_stmt: 0.25s
2026-07-05 02:56:40,112 [DEBUG] [TIME] 4658 balance_sheet: 0.21s
2026-07-05 02:56:40,306 [DEBUG] [TIME] 4658 cashflow: 0.19s
2026-07-05 02:56:40,892 [DEBUG] [TIME] 4658 dividends: 0.59s
2026-07-05 02:56:40,893 [INFO] [DETAIL] 4658 日本空調サービス: income_stmt=OK, balance_sheet=OK, cashflow=OK, dividends=OK
2026-07-05 02:56:40,893 [INFO] [TIME] 4658 日本空調サービス 処理時間: 1.38s
2026-07-05 02:56:42,412 [DEBUG] [TIME] 4659 info: 0.15s
2026-07-05 02:56:42,412 [WARNING] yfinance データなし: 4659
2026-07-05 02:56:42,412 [INFO] [TIME] 4659 エイジス 処理時間: 0.15s
2026-07-05 02:56:44,297 [DEBUG] [TIME] 4661 info: 0.16s
2026-07-05 02:56:44,297 [DEBUG] yfinance OK: 4661
2026-07-05 02:56:44,485 [DEBUG] [TIME] 4661 income_stmt: 0.19s
2026-07-05 02:56:44,736 [DEBUG] [TIME] 4661 balance_sheet: 0.25s
2026-07-05 02:56:44,966 [DEBUG] [TIME] 4661 cashflow: 0.23s
2026-07-05 02:56:45,436 [DEBUG] [TIME] 4661 dividends: 0.47s
2026-07-05 02:56:45,437 [INFO] [DETAIL] 4661 オリエンタルランド: income_stmt=OK, balance_sheet=OK, cashflow=OK, dividends=OK
2026-07-05 02:56:45,438 [INFO] [TIME] 4661 オリエンタルランド 処理時間: 1.30s
2026-07-05 02:56:46,828 [DEBUG] [TIME] 4662 info: 0.17s
2026-07-05 02:56:46,828 [DEBUG] yfinance OK: 4662
2026-07-05 02:56:47,017 [DEBUG] [TIME] 4662 income_stmt: 0.19s
2026-07-05 02:56:47,274 [DEBUG] [TIME] 4662 balance_sheet: 0.26s
2026-07-05 02:56:47,475 [DEBUG] [TIME] 4662 cashflow: 0.20s
2026-07-05 02:56:47,930 [DEBUG] [TIME] 4662 dividends: 0.45s
2026-07-05 02:56:47,931 [INFO] [DETAIL] 4662 フォーカスシステムズ: income_stmt=OK, balance_sheet=OK, cashflow=OK, dividends=OK
2026-07-05 02:56:47,931 [INFO] [TIME] 4662 フォーカスシステムズ 処理時間: 1.27s
2026-07-05 02:56:49,479 [DEBUG] [TIME] 4664 info: 0.14s
2026-07-05 02:56:49,480 [DEBUG] yfinance OK: 4664
2026-07-05 02:56:49,673 [DEBUG] [TIME] 4664 income_stmt: 0.19s
2026-07-05 02:56:49,924 [DEBUG] [TIME] 4664 balance_sheet: 0.25s
2026-07-05 02:56:50,139 [DEBUG] [TIME] 4664 cashflow: 0.21s
2026-07-05 02:56:50,511 [DEBUG] [TIME] 4664 dividends: 0.37s
2026-07-05 02:56:50,513 [INFO] [DETAIL] 4664 アール・エス・シー: income_stmt=OK, balance_sheet=OK, cashflow=OK, dividends=OK
2026-07-05 02:56:50,513 [INFO] [TIME] 4664 アール・エス・シー 処理時間: 1.18s
2026-07-05 02:56:51,998 [DEBUG] [TIME] 4665 info: 0.14s
2026-07-05 02:56:51,998 [DEBUG] yfinance OK: 4665
2026-07-05 02:56:52,224 [DEBUG] [TIME] 4665 income_stmt: 0.23s
2026-07-05 02:56:52,497 [DEBUG] [TIME] 4665 balance_sheet: 0.27s
2026-07-05 02:56:52,746 [DEBUG] [TIME] 4665 cashflow: 0.25s
2026-07-05 02:56:53,016 [DEBUG] [TIME] 4665 dividends: 0.27s
2026-07-05 02:56:53,017 [INFO] [DETAIL] 4665 ダスキン: income_stmt=OK, balance_sheet=OK, cashflow=OK, dividends=OK
2026-07-05 02:56:53,017 [INFO] [TIME] 4665 ダスキン 処理時間: 1.16s
2026-07-05 02:56:54,211 [DEBUG] [TIME] 4666 info: 0.17s
2026-07-05 02:56:54,211 [DEBUG] yfinance OK: 4666
2026-07-05 02:56:54,425 [DEBUG] [TIME] 4666 income_stmt: 0.21s
2026-07-05 02:56:54,692 [DEBUG] [TIME] 4666 balance_sheet: 0.27s
2026-07-05 02:56:54,944 [DEBUG] [TIME] 4666 cashflow: 0.25s
2026-07-05 02:56:55,304 [DEBUG] [TIME] 4666 dividends: 0.36s
2026-07-05 02:56:55,305 [INFO] [DETAIL] 4666 パーク２４: income_stmt=OK, balance_sheet=OK, cashflow=OK, dividends=OK
2026-07-05 02:56:55,305 [INFO] [TIME] 4666 パーク２４ 処理時間: 1.27s
2026-07-05 02:56:57,451 [DEBUG] [TIME] 4667 info: 0.16s
2026-07-05 02:56:57,451 [DEBUG] yfinance OK: 4667
2026-07-05 02:56:57,641 [DEBUG] [TIME] 4667 income_stmt: 0.19s
2026-07-05 02:56:57,942 [DEBUG] [TIME] 4667 balance_sheet: 0.30s
2026-07-05 02:56:58,153 [DEBUG] [TIME] 4667 cashflow: 0.21s
2026-07-05 02:56:58,710 [DEBUG] [TIME] 4667 dividends: 0.56s
2026-07-05 02:56:58,711 [INFO] [DETAIL] 4667 アイサンテクノロジー: income_stmt=OK, balance_sheet=OK, cashflow=OK, dividends=OK
2026-07-05 02:56:58,711 [INFO] [TIME] 4667 アイサンテクノロジー 処理時間: 1.42s
2026-07-05 02:57:00,605 [DEBUG] [TIME] 4668 info: 0.18s
2026-07-05 02:57:00,605 [DEBUG] yfinance OK: 4668
2026-07-05 02:57:00,830 [DEBUG] [TIME] 4668 income_stmt: 0.23s
2026-07-05 02:57:01,119 [DEBUG] [TIME] 4668 balance_sheet: 0.29s
2026-07-05 02:57:01,348 [DEBUG] [TIME] 4668 cashflow: 0.23s
2026-07-05 02:57:01,666 [DEBUG] [TIME] 4668 dividends: 0.32s
2026-07-05 02:57:01,667 [INFO] [DETAIL] 4668 明光ネットワークジャパン: income_stmt=OK, balance_sheet=OK, cashflow=OK, dividends=OK
2026-07-05 02:57:01,668 [INFO] [TIME] 4668 明光ネットワークジャパン 処理時間: 1.24s
2026-07-05 02:57:03,495 [DEBUG] [TIME] 4671 info: 0.17s
2026-07-05 02:57:03,495 [DEBUG] yfinance OK: 4671
2026-07-05 02:57:03,721 [DEBUG] [TIME] 4671 income_stmt: 0.23s
2026-07-05 02:57:03,963 [DEBUG] [TIME] 4671 balance_sheet: 0.24s
2026-07-05 02:57:04,149 [DEBUG] [TIME] 4671 cashflow: 0.19s
2026-07-05 02:57:04,384 [DEBUG] [TIME] 4671 dividends: 0.23s
2026-07-05 02:57:04,386 [INFO] [DETAIL] 4671 ファルコホールディングス: income_stmt=OK, balance_sheet=OK, cashflow=OK, dividends=OK
2026-07-05 02:57:04,386 [INFO] [TIME] 4671 ファルコホールディングス 処理時間: 1.06s
2026-07-05 02:57:06,362 [DEBUG] [TIME] 4673 info: 0.16s
2026-07-05 02:57:06,362 [DEBUG] yfinance OK: 4673
2026-07-05 02:57:06,576 [DEBUG] [TIME] 4673 income_stmt: 0.21s
2026-07-05 02:57:06,849 [DEBUG] [TIME] 4673 balance_sheet: 0.27s
2026-07-05 02:57:07,057 [DEBUG] [TIME] 4673 cashflow: 0.21s
2026-07-05 02:57:07,313 [DEBUG] [TIME] 4673 dividends: 0.26s
2026-07-05 02:57:07,314 [INFO] [DETAIL] 4673 川崎地質: income_stmt=OK, balance_sheet=OK, cashflow=OK, dividends=OK
2026-07-05 02:57:07,315 [INFO] [TIME] 4673 川崎地質 処理時間: 1.11s
2026-07-05 02:57:09,267 [DEBUG] [TIME] 4674 info: 0.21s
2026-07-05 02:57:09,267 [DEBUG] yfinance OK: 4674
2026-07-05 02:57:09,493 [DEBUG] [TIME] 4674 income_stmt: 0.23s
2026-07-05 02:57:09,730 [DEBUG] [TIME] 4674 balance_sheet: 0.24s
2026-07-05 02:57:09,919 [DEBUG] [TIME] 4674 cashflow: 0.19s
2026-07-05 02:57:10,530 [DEBUG] [TIME] 4674 dividends: 0.61s
2026-07-05 02:57:10,531 [INFO] [DETAIL] 4674 クレスコ: income_stmt=OK, balance_sheet=OK, cashflow=OK, dividends=OK
2026-07-05 02:57:10,531 [INFO] [TIME] 4674 クレスコ 処理時間: 1.47s
2026-07-05 02:57:11,870 [DEBUG] [TIME] 4676 info: 0.17s
2026-07-05 02:57:11,870 [DEBUG] yfinance OK: 4676
2026-07-05 02:57:12,064 [DEBUG] [TIME] 4676 income_stmt: 0.19s
2026-07-05 02:57:12,287 [DEBUG] [TIME] 4676 balance_sheet: 0.22s
2026-07-05 02:57:12,485 [DEBUG] [TIME] 4676 cashflow: 0.20s
2026-07-05 02:57:12,767 [DEBUG] [TIME] 4676 dividends: 0.28s
2026-07-05 02:57:12,768 [INFO] [DETAIL] 4676 フジ・メディア・ホールディングス: income_stmt=OK, balance_sheet=OK, cashflow=OK, dividends=OK
2026-07-05 02:57:12,768 [INFO] [TIME] 4676 フジ・メディア・ホールディングス 処理時間: 1.06s
2026-07-05 02:57:14,837 [DEBUG] [TIME] 4678 info: 0.17s
2026-07-05 02:57:14,837 [DEBUG] yfinance OK: 4678
2026-07-05 02:57:15,057 [DEBUG] [TIME] 4678 income_stmt: 0.22s
2026-07-05 02:57:15,279 [DEBUG] [TIME] 4678 balance_sheet: 0.22s
2026-07-05 02:57:15,494 [DEBUG] [TIME] 4678 cashflow: 0.21s
2026-07-05 02:57:15,989 [DEBUG] [TIME] 4678 dividends: 0.49s
2026-07-05 02:57:15,990 [INFO] [DETAIL] 4678 秀英予備校: income_stmt=OK, balance_sheet=OK, cashflow=OK, dividends=OK
2026-07-05 02:57:15,990 [INFO] [TIME] 4678 秀英予備校 処理時間: 1.32s
2026-07-05 02:57:18,154 [DEBUG] [TIME] 4679 info: 0.17s
2026-07-05 02:57:18,154 [DEBUG] yfinance OK: 4679
2026-07-05 02:57:18,351 [DEBUG] [TIME] 4679 income_stmt: 0.20s
2026-07-05 02:57:18,635 [DEBUG] [TIME] 4679 balance_sheet: 0.28s
2026-07-05 02:57:18,883 [DEBUG] [TIME] 4679 cashflow: 0.25s
2026-07-05 02:57:19,237 [DEBUG] [TIME] 4679 dividends: 0.35s
2026-07-05 02:57:19,238 [INFO] [DETAIL] 4679 田谷: income_stmt=OK, balance_sheet=OK, cashflow=OK, dividends=OK
2026-07-05 02:57:19,238 [INFO] [TIME] 4679 田谷 処理時間: 1.26s
2026-07-05 02:57:20,493 [DEBUG] [TIME] 4680 info: 0.16s
2026-07-05 02:57:20,493 [DEBUG] yfinance OK: 4680
2026-07-05 02:57:20,733 [DEBUG] [TIME] 4680 income_stmt: 0.24s
2026-07-05 02:57:20,979 [DEBUG] [TIME] 4680 balance_sheet: 0.25s
2026-07-05 02:57:21,159 [DEBUG] [TIME] 4680 cashflow: 0.18s
2026-07-05 02:57:21,412 [DEBUG] [TIME] 4680 dividends: 0.25s
2026-07-05 02:57:21,413 [INFO] [DETAIL] 4680 ラウンドワン: income_stmt=OK, balance_sheet=OK, cashflow=OK, dividends=OK
2026-07-05 02:57:21,413 [INFO] [TIME] 4680 ラウンドワン 処理時間: 1.08s
2026-07-05 02:57:23,161 [DEBUG] [TIME] 4681 info: 0.17s
2026-07-05 02:57:23,161 [DEBUG] yfinance OK: 4681
2026-07-05 02:57:23,353 [DEBUG] [TIME] 4681 income_stmt: 0.19s
2026-07-05 02:57:23,579 [DEBUG] [TIME] 4681 balance_sheet: 0.22s
2026-07-05 02:57:23,797 [DEBUG] [TIME] 4681 cashflow: 0.22s
2026-07-05 02:57:24,306 [DEBUG] [TIME] 4681 dividends: 0.51s
2026-07-05 02:57:24,308 [INFO] [DETAIL] 4681 リゾートトラスト: income_stmt=OK, balance_sheet=OK, cashflow=OK, dividends=OK
2026-07-05 02:57:24,308 [INFO] [TIME] 4681 リゾートトラスト 処理時間: 1.32s
2026-07-05 02:57:26,040 [DEBUG] [TIME] 4684 info: 0.14s
2026-07-05 02:57:26,040 [DEBUG] yfinance OK: 4684
2026-07-05 02:57:26,247 [DEBUG] [TIME] 4684 income_stmt: 0.21s
2026-07-05 02:57:26,473 [DEBUG] [TIME] 4684 balance_sheet: 0.23s
2026-07-05 02:57:26,653 [DEBUG] [TIME] 4684 cashflow: 0.18s
2026-07-05 02:57:26,908 [DEBUG] [TIME] 4684 dividends: 0.25s
2026-07-05 02:57:26,909 [INFO] [DETAIL] 4684 オービック: income_stmt=OK, balance_sheet=OK, cashflow=OK, dividends=OK
2026-07-05 02:57:26,910 [INFO] [TIME] 4684 オービック 処理時間: 1.01s
2026-07-05 02:57:28,324 [DEBUG] [TIME] 4685 info: 0.17s
2026-07-05 02:57:28,324 [DEBUG] yfinance OK: 4685
2026-07-05 02:57:28,521 [DEBUG] [TIME] 4685 income_stmt: 0.20s
2026-07-05 02:57:28,743 [DEBUG] [TIME] 4685 balance_sheet: 0.22s
2026-07-05 02:57:28,909 [DEBUG] [TIME] 4685 cashflow: 0.16s
2026-07-05 02:57:29,163 [DEBUG] [TIME] 4685 dividends: 0.25s
2026-07-05 02:57:29,164 [INFO] [DETAIL] 4685 菱友システムズ: income_stmt=OK, balance_sheet=OK, cashflow=OK, dividends=OK
2026-07-05 02:57:29,164 [INFO] [TIME] 4685 菱友システムズ 処理時間: 1.01s
2026-07-05 02:57:30,442 [DEBUG] [TIME] 4686 info: 0.25s
2026-07-05 02:57:30,442 [DEBUG] yfinance OK: 4686
2026-07-05 02:57:30,631 [DEBUG] [TIME] 4686 income_stmt: 0.19s
2026-07-05 02:57:30,813 [DEBUG] [TIME] 4686 balance_sheet: 0.18s
2026-07-05 02:57:30,995 [DEBUG] [TIME] 4686 cashflow: 0.18s
2026-07-05 02:57:31,217 [DEBUG] [TIME] 4686 dividends: 0.22s
2026-07-05 02:57:31,218 [INFO] [DETAIL] 4686 ジャストシステム: income_stmt=OK, balance_sheet=OK, cashflow=OK, dividends=OK
2026-07-05 02:57:31,218 [INFO] [TIME] 4686 ジャストシステム 処理時間: 1.02s
2026-07-05 02:57:32,544 [DEBUG] [TIME] 4687 info: 0.20s
2026-07-05 02:57:32,544 [DEBUG] yfinance OK: 4687
2026-07-05 02:57:32,749 [DEBUG] [TIME] 4687 income_stmt: 0.21s
2026-07-05 02:57:33,029 [DEBUG] [TIME] 4687 balance_sheet: 0.28s
2026-07-05 02:57:33,214 [DEBUG] [TIME] 4687 cashflow: 0.18s
2026-07-05 02:57:33,455 [DEBUG] [TIME] 4687 dividends: 0.24s
2026-07-05 02:57:33,456 [INFO] [DETAIL] 4687 ＴＤＣソフト: income_stmt=OK, balance_sheet=OK, cashflow=OK, dividends=OK
2026-07-05 02:57:33,456 [INFO] [TIME] 4687 ＴＤＣソフト 処理時間: 1.12s
2026-07-05 02:57:34,988 [DEBUG] [TIME] 4689 info: 0.15s
2026-07-05 02:57:34,988 [DEBUG] yfinance OK: 4689
2026-07-05 02:57:35,210 [DEBUG] [TIME] 4689 income_stmt: 0.22s
2026-07-05 02:57:35,461 [DEBUG] [TIME] 4689 balance_sheet: 0.25s
2026-07-05 02:57:35,676 [DEBUG] [TIME] 4689 cashflow: 0.21s
2026-07-05 02:57:36,059 [DEBUG] [TIME] 4689 dividends: 0.38s
2026-07-05 02:57:36,060 [INFO] [DETAIL] 4689 ＬＩＮＥヤフー: income_stmt=OK, balance_sheet=OK, cashflow=OK, dividends=OK
2026-07-05 02:57:36,060 [INFO] [TIME] 4689 ＬＩＮＥヤフー 処理時間: 1.22s
2026-07-05 02:57:37,572 [DEBUG] [TIME] 4691 info: 0.16s
2026-07-05 02:57:37,572 [DEBUG] yfinance OK: 4691
2026-07-05 02:57:37,799 [DEBUG] [TIME] 4691 income_stmt: 0.23s
2026-07-05 02:57:38,032 [DEBUG] [TIME] 4691 balance_sheet: 0.23s
2026-07-05 02:57:38,264 [DEBUG] [TIME] 4691 cashflow: 0.23s
2026-07-05 02:57:38,492 [DEBUG] [TIME] 4691 dividends: 0.23s
2026-07-05 02:57:38,493 [INFO] [DETAIL] 4691 ワシントンホテル: income_stmt=OK, balance_sheet=OK, cashflow=OK, dividends=OK
2026-07-05 02:57:38,493 [INFO] [TIME] 4691 ワシントンホテル 処理時間: 1.08s
2026-07-05 02:57:40,128 [DEBUG] [TIME] 4694 info: 0.17s
2026-07-05 02:57:40,128 [DEBUG] yfinance OK: 4694
2026-07-05 02:57:40,316 [DEBUG] [TIME] 4694 income_stmt: 0.19s
2026-07-05 02:57:40,568 [DEBUG] [TIME] 4694 balance_sheet: 0.25s
2026-07-05 02:57:40,771 [DEBUG] [TIME] 4694 cashflow: 0.20s
2026-07-05 02:57:41,331 [DEBUG] [TIME] 4694 dividends: 0.56s
2026-07-05 02:57:41,332 [INFO] [DETAIL] 4694 ビー・エム・エル: income_stmt=OK, balance_sheet=OK, cashflow=OK, dividends=OK
2026-07-05 02:57:41,332 [INFO] [TIME] 4694 ビー・エム・エル 処理時間: 1.38s
2026-07-05 02:57:42,892 [DEBUG] [TIME] 469A info: 0.17s
2026-07-05 02:57:42,892 [DEBUG] yfinance OK: 469A
2026-07-05 02:57:43,071 [DEBUG] [TIME] 469A income_stmt: 0.18s
2026-07-05 02:57:43,323 [DEBUG] [TIME] 469A balance_sheet: 0.25s
2026-07-05 02:57:43,531 [DEBUG] [TIME] 469A cashflow: 0.21s
2026-07-05 02:57:43,622 [DEBUG] [TIME] 469A dividends: 0.09s
2026-07-05 02:57:43,622 [INFO] [DETAIL] 469A フィットクルー: income_stmt=OK, balance_sheet=OK, cashflow=OK, dividends=EMPTY
2026-07-05 02:57:43,622 [INFO] [TIME] 469A フィットクルー 処理時間: 0.90s
2026-07-05 02:57:45,134 [DEBUG] [TIME] 4704 info: 0.15s
2026-07-05 02:57:45,134 [DEBUG] yfinance OK: 4704
2026-07-05 02:57:45,317 [DEBUG] [TIME] 4704 income_stmt: 0.18s
2026-07-05 02:57:45,528 [DEBUG] [TIME] 4704 balance_sheet: 0.21s
2026-07-05 02:57:45,768 [DEBUG] [TIME] 4704 cashflow: 0.24s
2026-07-05 02:57:45,995 [DEBUG] [TIME] 4704 dividends: 0.23s
2026-07-05 02:57:45,996 [INFO] [DETAIL] 4704 トレンドマイクロ: income_stmt=OK, balance_sheet=OK, cashflow=OK, dividends=OK
2026-07-05 02:57:45,996 [INFO] [TIME] 4704 トレンドマイクロ 処理時間: 1.01s
2026-07-05 02:57:47,387 [DEBUG] [TIME] 4705 info: 0.19s
2026-07-05 02:57:47,387 [DEBUG] yfinance OK: 4705
2026-07-05 02:57:47,602 [DEBUG] [TIME] 4705 income_stmt: 0.21s
2026-07-05 02:57:47,873 [DEBUG] [TIME] 4705 balance_sheet: 0.27s
2026-07-05 02:57:48,071 [DEBUG] [TIME] 4705 cashflow: 0.20s
2026-07-05 02:57:48,610 [DEBUG] [TIME] 4705 dividends: 0.54s
2026-07-05 02:57:48,612 [INFO] [DETAIL] 4705 クリップコーポレーション: income_stmt=OK, balance_sheet=OK, cashflow=OK, dividends=OK
2026-07-05 02:57:48,612 [INFO] [TIME] 4705 クリップコーポレーション 処理時間: 1.41s
2026-07-05 02:57:50,643 [DEBUG] [TIME] 4707 info: 0.18s
2026-07-05 02:57:50,643 [DEBUG] yfinance OK: 4707
2026-07-05 02:57:50,863 [DEBUG] [TIME] 4707 income_stmt: 0.22s
2026-07-05 02:57:51,144 [DEBUG] [TIME] 4707 balance_sheet: 0.28s
2026-07-05 02:57:51,326 [DEBUG] [TIME] 4707 cashflow: 0.18s
2026-07-05 02:57:51,689 [DEBUG] [TIME] 4707 dividends: 0.36s
2026-07-05 02:57:51,690 [INFO] [DETAIL] 4707 キタック: income_stmt=OK, balance_sheet=OK, cashflow=OK, dividends=OK
2026-07-05 02:57:51,690 [INFO] [TIME] 4707 キタック 処理時間: 1.23s
2026-07-05 02:57:52,881 [DEBUG] [TIME] 4709 info: 0.16s
2026-07-05 02:57:52,881 [DEBUG] yfinance OK: 4709
2026-07-05 02:57:53,039 [DEBUG] [TIME] 4709 income_stmt: 0.16s
2026-07-05 02:57:53,313 [DEBUG] [TIME] 4709 balance_sheet: 0.27s
2026-07-05 02:57:53,506 [DEBUG] [TIME] 4709 cashflow: 0.19s
2026-07-05 02:57:53,786 [DEBUG] [TIME] 4709 dividends: 0.28s
2026-07-05 02:57:53,787 [INFO] [DETAIL] 4709 ＩＤホールディングス: income_stmt=OK, balance_sheet=OK, cashflow=OK, dividends=OK
2026-07-05 02:57:53,787 [INFO] [TIME] 4709 ＩＤホールディングス 処理時間: 1.06s
2026-07-05 02:57:55,173 [DEBUG] [TIME] 4712 info: 0.15s
2026-07-05 02:57:55,173 [DEBUG] yfinance OK: 4712
2026-07-05 02:57:55,341 [DEBUG] [TIME] 4712 income_stmt: 0.17s
2026-07-05 02:57:55,618 [DEBUG] [TIME] 4712 balance_sheet: 0.28s
2026-07-05 02:57:55,808 [DEBUG] [TIME] 4712 cashflow: 0.19s
2026-07-05 02:57:56,127 [DEBUG] [TIME] 4712 dividends: 0.32s
2026-07-05 02:57:56,128 [INFO] [DETAIL] 4712 ＫｅｙＨｏｌｄｅｒ: income_stmt=OK, balance_sheet=OK, cashflow=OK, dividends=OK
2026-07-05 02:57:56,128 [INFO] [TIME] 4712 ＫｅｙＨｏｌｄｅｒ 処理時間: 1.11s
2026-07-05 02:57:57,349 [DEBUG] [TIME] 4714 info: 0.18s
2026-07-05 02:57:57,350 [DEBUG] yfinance OK: 4714
2026-07-05 02:57:57,592 [DEBUG] [TIME] 4714 income_stmt: 0.24s
2026-07-05 02:57:57,863 [DEBUG] [TIME] 4714 balance_sheet: 0.27s
2026-07-05 02:57:58,084 [DEBUG] [TIME] 4714 cashflow: 0.22s
2026-07-05 02:57:58,611 [DEBUG] [TIME] 4714 dividends: 0.53s
2026-07-05 02:57:58,612 [INFO] [DETAIL] 4714 リソー教育グループ: income_stmt=OK, balance_sheet=OK, cashflow=OK, dividends=OK
2026-07-05 02:57:58,612 [INFO] [TIME] 4714 リソー教育グループ 処理時間: 1.44s
2026-07-05 02:58:00,426 [DEBUG] [TIME] 4716 info: 0.18s
2026-07-05 02:58:00,426 [DEBUG] yfinance OK: 4716
2026-07-05 02:58:00,623 [DEBUG] [TIME] 4716 income_stmt: 0.20s
2026-07-05 02:58:00,860 [DEBUG] [TIME] 4716 balance_sheet: 0.24s
2026-07-05 02:58:01,079 [DEBUG] [TIME] 4716 cashflow: 0.22s
2026-07-05 02:58:01,585 [DEBUG] [TIME] 4716 dividends: 0.51s
2026-07-05 02:58:01,586 [INFO] [DETAIL] 4716 日本オラクル: income_stmt=OK, balance_sheet=OK, cashflow=OK, dividends=OK
2026-07-05 02:58:01,586 [INFO] [TIME] 4716 日本オラクル 処理時間: 1.34s
2026-07-05 02:58:03,482 [DEBUG] [TIME] 4718 info: 0.16s
2026-07-05 02:58:03,482 [DEBUG] yfinance OK: 4718
2026-07-05 02:58:03,785 [DEBUG] [TIME] 4718 income_stmt: 0.30s
2026-07-05 02:58:04,038 [DEBUG] [TIME] 4718 balance_sheet: 0.25s
2026-07-05 02:58:04,240 [DEBUG] [TIME] 4718 cashflow: 0.20s
2026-07-05 02:58:04,454 [DEBUG] [TIME] 4718 dividends: 0.21s
2026-07-05 02:58:04,455 [INFO] [DETAIL] 4718 早稲田アカデミー: income_stmt=OK, balance_sheet=OK, cashflow=OK, dividends=OK
2026-07-05 02:58:04,455 [INFO] [TIME] 4718 早稲田アカデミー 処理時間: 1.14s
2026-07-05 02:58:06,035 [INFO] === 実行完了 (yf=497, warns=136, 総実行時間=22分18.9秒) ===
