2026-07-05 06:12:49,606 [INFO] === 実行開始 (235銘柄) ===
2026-07-05 06:12:49,815 [DEBUG] [TIME] 9414 info: 0.21s
2026-07-05 06:12:49,815 [DEBUG] yfinance OK: 9414
2026-07-05 06:12:50,015 [DEBUG] [TIME] 9414 income_stmt: 0.20s
2026-07-05 06:12:50,246 [DEBUG] [TIME] 9414 balance_sheet: 0.23s
2026-07-05 06:12:50,393 [DEBUG] [TIME] 9414 cashflow: 0.15s
2026-07-05 06:12:50,714 [DEBUG] [TIME] 9414 dividends: 0.32s
2026-07-05 06:12:50,716 [INFO] [DETAIL] 9414 日本ＢＳ放送: income_stmt=OK, balance_sheet=OK, cashflow=OK, dividends=OK
2026-07-05 06:12:50,716 [INFO] [TIME] 9414 日本ＢＳ放送 処理時間: 1.11s
2026-07-05 06:12:52,416 [DEBUG] [TIME] 9416 info: 0.12s
2026-07-05 06:12:52,416 [DEBUG] yfinance OK: 9416
2026-07-05 06:12:52,626 [DEBUG] [TIME] 9416 income_stmt: 0.21s
2026-07-05 06:12:52,822 [DEBUG] [TIME] 9416 balance_sheet: 0.20s
2026-07-05 06:12:52,984 [DEBUG] [TIME] 9416 cashflow: 0.16s
2026-07-05 06:12:53,243 [DEBUG] [TIME] 9416 dividends: 0.26s
2026-07-05 06:12:53,244 [INFO] [DETAIL] 9416 ビジョン: income_stmt=OK, balance_sheet=OK, cashflow=OK, dividends=OK
2026-07-05 06:12:53,244 [INFO] [TIME] 9416 ビジョン 処理時間: 0.95s
2026-07-05 06:12:55,214 [DEBUG] [TIME] 9417 info: 0.12s
2026-07-05 06:12:55,214 [DEBUG] yfinance OK: 9417
2026-07-05 06:12:55,387 [DEBUG] [TIME] 9417 income_stmt: 0.17s
2026-07-05 06:12:55,581 [DEBUG] [TIME] 9417 balance_sheet: 0.19s
2026-07-05 06:12:55,770 [DEBUG] [TIME] 9417 cashflow: 0.19s
2026-07-05 06:12:56,024 [DEBUG] [TIME] 9417 dividends: 0.25s
2026-07-05 06:12:56,025 [INFO] [DETAIL] 9417 スマートバリュー: income_stmt=OK, balance_sheet=OK, cashflow=OK, dividends=OK
2026-07-05 06:12:56,025 [INFO] [TIME] 9417 スマートバリュー 処理時間: 0.93s
2026-07-05 06:12:57,201 [DEBUG] [TIME] 9418 info: 0.12s
2026-07-05 06:12:57,201 [DEBUG] yfinance OK: 9418
2026-07-05 06:12:57,378 [DEBUG] [TIME] 9418 income_stmt: 0.18s
2026-07-05 06:12:57,651 [DEBUG] [TIME] 9418 balance_sheet: 0.27s
2026-07-05 06:12:57,879 [DEBUG] [TIME] 9418 cashflow: 0.23s
2026-07-05 06:12:58,076 [DEBUG] [TIME] 9418 dividends: 0.20s
2026-07-05 06:12:58,077 [INFO] [DETAIL] 9418 Ｕ－ＮＥＸＴ　ＨＯＬＤＩＮＧＳ: income_stmt=OK, balance_sheet=OK, cashflow=OK, dividends=OK
2026-07-05 06:12:58,077 [INFO] [TIME] 9418 Ｕ－ＮＥＸＴ　ＨＯＬＤＩＮＧＳ 処理時間: 0.99s
2026-07-05 06:13:00,092 [DEBUG] [TIME] 9419 info: 0.12s
2026-07-05 06:13:00,092 [DEBUG] yfinance OK: 9419
2026-07-05 06:13:00,257 [DEBUG] [TIME] 9419 income_stmt: 0.16s
2026-07-05 06:13:00,545 [DEBUG] [TIME] 9419 balance_sheet: 0.29s
2026-07-05 06:13:00,773 [DEBUG] [TIME] 9419 cashflow: 0.23s
2026-07-05 06:13:00,996 [DEBUG] [TIME] 9419 dividends: 0.22s
2026-07-05 06:13:00,997 [INFO] [DETAIL] 9419 ワイヤレスゲート: income_stmt=OK, balance_sheet=OK, cashflow=OK, dividends=OK
2026-07-05 06:13:00,997 [INFO] [TIME] 9419 ワイヤレスゲート 処理時間: 1.03s
2026-07-05 06:13:02,307 [DEBUG] [TIME] 9421 info: 0.17s
2026-07-05 06:13:02,307 [DEBUG] yfinance OK: 9421
2026-07-05 06:13:02,458 [DEBUG] [TIME] 9421 income_stmt: 0.15s
2026-07-05 06:13:02,738 [DEBUG] [TIME] 9421 balance_sheet: 0.28s
2026-07-05 06:13:02,881 [DEBUG] [TIME] 9421 cashflow: 0.14s
2026-07-05 06:13:03,143 [DEBUG] [TIME] 9421 dividends: 0.26s
2026-07-05 06:13:03,144 [INFO] [DETAIL] 9421 エヌジェイホールディングス: income_stmt=OK, balance_sheet=OK, cashflow=OK, dividends=OK
2026-07-05 06:13:03,144 [INFO] [TIME] 9421 エヌジェイホールディングス 処理時間: 1.01s
2026-07-05 06:13:04,477 [DEBUG] [TIME] 9423 info: 0.17s
2026-07-05 06:13:04,477 [DEBUG] yfinance OK: 9423
2026-07-05 06:13:04,632 [DEBUG] [TIME] 9423 income_stmt: 0.16s
2026-07-05 06:13:04,860 [DEBUG] [TIME] 9423 balance_sheet: 0.23s
2026-07-05 06:13:05,067 [DEBUG] [TIME] 9423 cashflow: 0.21s
2026-07-05 06:13:05,338 [DEBUG] [TIME] 9423 dividends: 0.27s
2026-07-05 06:13:05,339 [INFO] [DETAIL] 9423 フォーバル・リアルストレート: income_stmt=OK, balance_sheet=OK, cashflow=OK, dividends=OK
2026-07-05 06:13:05,339 [INFO] [TIME] 9423 フォーバル・リアルストレート 処理時間: 1.04s
2026-07-05 06:13:06,567 [DEBUG] [TIME] 9424 info: 0.12s
2026-07-05 06:13:06,567 [DEBUG] yfinance OK: 9424
2026-07-05 06:13:06,728 [DEBUG] [TIME] 9424 income_stmt: 0.16s
2026-07-05 06:13:06,985 [DEBUG] [TIME] 9424 balance_sheet: 0.26s
2026-07-05 06:13:07,161 [DEBUG] [TIME] 9424 cashflow: 0.18s
2026-07-05 06:13:07,395 [DEBUG] [TIME] 9424 dividends: 0.23s
2026-07-05 06:13:07,395 [INFO] [DETAIL] 9424 日本通信: income_stmt=OK, balance_sheet=OK, cashflow=OK, dividends=EMPTY
2026-07-05 06:13:07,395 [INFO] [TIME] 9424 日本通信 処理時間: 0.95s
2026-07-05 06:13:09,114 [DEBUG] [TIME] 9425 info: 0.13s
2026-07-05 06:13:09,115 [DEBUG] yfinance OK: 9425
2026-07-05 06:13:09,288 [DEBUG] [TIME] 9425 income_stmt: 0.17s
2026-07-05 06:13:09,555 [DEBUG] [TIME] 9425 balance_sheet: 0.27s
2026-07-05 06:13:09,735 [DEBUG] [TIME] 9425 cashflow: 0.18s
2026-07-05 06:13:09,946 [DEBUG] [TIME] 9425 dividends: 0.21s
2026-07-05 06:13:09,946 [INFO] [DETAIL] 9425 ＲｅＹｕｕ　Ｊａｐａｎ: income_stmt=OK, balance_sheet=OK, cashflow=OK, dividends=EMPTY
2026-07-05 06:13:09,946 [INFO] [TIME] 9425 ＲｅＹｕｕ　Ｊａｐａｎ 処理時間: 0.96s
2026-07-05 06:13:11,977 [DEBUG] [TIME] 9428 info: 0.13s
2026-07-05 06:13:11,977 [DEBUG] yfinance OK: 9428
2026-07-05 06:13:12,392 [DEBUG] [TIME] 9428 income_stmt: 0.41s
2026-07-05 06:13:12,632 [DEBUG] [TIME] 9428 balance_sheet: 0.24s
2026-07-05 06:13:12,812 [DEBUG] [TIME] 9428 cashflow: 0.18s
2026-07-05 06:13:13,046 [DEBUG] [TIME] 9428 dividends: 0.23s
2026-07-05 06:13:13,047 [INFO] [DETAIL] 9428 クロップス: income_stmt=OK, balance_sheet=OK, cashflow=OK, dividends=OK
2026-07-05 06:13:13,047 [INFO] [TIME] 9428 クロップス 処理時間: 1.20s
2026-07-05 06:13:14,810 [DEBUG] [TIME] 9432 info: 0.12s
2026-07-05 06:13:14,811 [DEBUG] yfinance OK: 9432
2026-07-05 06:13:14,972 [DEBUG] [TIME] 9432 income_stmt: 0.16s
2026-07-05 06:13:15,156 [DEBUG] [TIME] 9432 balance_sheet: 0.18s
2026-07-05 06:13:15,346 [DEBUG] [TIME] 9432 cashflow: 0.19s
2026-07-05 06:13:15,694 [DEBUG] [TIME] 9432 dividends: 0.35s
2026-07-05 06:13:15,695 [INFO] [DETAIL] 9432 ＮＴＴ: income_stmt=OK, balance_sheet=OK, cashflow=OK, dividends=OK
2026-07-05 06:13:15,695 [INFO] [TIME] 9432 ＮＴＴ 処理時間: 1.01s
2026-07-05 06:13:17,580 [DEBUG] [TIME] 9433 info: 0.12s
2026-07-05 06:13:17,580 [DEBUG] yfinance OK: 9433
2026-07-05 06:13:17,785 [DEBUG] [TIME] 9433 income_stmt: 0.20s
2026-07-05 06:13:18,062 [DEBUG] [TIME] 9433 balance_sheet: 0.28s
2026-07-05 06:13:18,298 [DEBUG] [TIME] 9433 cashflow: 0.23s
2026-07-05 06:13:18,627 [DEBUG] [TIME] 9433 dividends: 0.33s
2026-07-05 06:13:18,628 [INFO] [DETAIL] 9433 ＫＤＤＩ: income_stmt=OK, balance_sheet=OK, cashflow=OK, dividends=OK
2026-07-05 06:13:18,628 [INFO] [TIME] 9433 ＫＤＤＩ 処理時間: 1.17s
2026-07-05 06:13:20,356 [DEBUG] [TIME] 9434 info: 0.12s
2026-07-05 06:13:20,356 [DEBUG] yfinance OK: 9434
2026-07-05 06:13:20,588 [DEBUG] [TIME] 9434 income_stmt: 0.23s
2026-07-05 06:13:20,781 [DEBUG] [TIME] 9434 balance_sheet: 0.19s
2026-07-05 06:13:20,989 [DEBUG] [TIME] 9434 cashflow: 0.21s
2026-07-05 06:13:21,191 [DEBUG] [TIME] 9434 dividends: 0.20s
2026-07-05 06:13:21,192 [INFO] [DETAIL] 9434 ソフトバンク: income_stmt=OK, balance_sheet=OK, cashflow=OK, dividends=OK
2026-07-05 06:13:21,192 [INFO] [TIME] 9434 ソフトバンク 処理時間: 0.96s
2026-07-05 06:13:22,326 [DEBUG] [TIME] 94345 info: 0.12s
2026-07-05 06:13:22,326 [DEBUG] yfinance OK: 94345
2026-07-05 06:13:22,545 [DEBUG] [TIME] 94345 income_stmt: 0.22s
2026-07-05 06:13:22,736 [DEBUG] [TIME] 94345 balance_sheet: 0.19s
2026-07-05 06:13:22,924 [DEBUG] [TIME] 94345 cashflow: 0.19s
2026-07-05 06:13:23,062 [DEBUG] [TIME] 94345 dividends: 0.14s
2026-07-05 06:13:23,063 [INFO] [DETAIL] 94345 ソフトバンク第１回社債型種類株式: income_stmt=OK, balance_sheet=OK, cashflow=OK, dividends=OK
2026-07-05 06:13:23,063 [INFO] [TIME] 94345 ソフトバンク第１回社債型種類株式 処理時間: 0.86s
2026-07-05 06:13:24,720 [DEBUG] [TIME] 94346 info: 0.14s
2026-07-05 06:13:24,720 [DEBUG] yfinance OK: 94346
2026-07-05 06:13:24,894 [DEBUG] [TIME] 94346 income_stmt: 0.17s
2026-07-05 06:13:25,117 [DEBUG] [TIME] 94346 balance_sheet: 0.22s
2026-07-05 06:13:25,339 [DEBUG] [TIME] 94346 cashflow: 0.22s
2026-07-05 06:13:25,461 [DEBUG] [TIME] 94346 dividends: 0.12s
2026-07-05 06:13:25,462 [INFO] [DETAIL] 94346 ソフトバンク第２回社債型種類株式: income_stmt=OK, balance_sheet=OK, cashflow=OK, dividends=OK
2026-07-05 06:13:25,462 [INFO] [TIME] 94346 ソフトバンク第２回社債型種類株式 処理時間: 0.88s
2026-07-05 06:13:27,052 [DEBUG] [TIME] 9435 info: 0.19s
2026-07-05 06:13:27,052 [DEBUG] yfinance OK: 9435
2026-07-05 06:13:27,276 [DEBUG] [TIME] 9435 income_stmt: 0.22s
2026-07-05 06:13:27,474 [DEBUG] [TIME] 9435 balance_sheet: 0.20s
2026-07-05 06:13:27,617 [DEBUG] [TIME] 9435 cashflow: 0.14s
2026-07-05 06:13:27,971 [DEBUG] [TIME] 9435 dividends: 0.35s
2026-07-05 06:13:27,972 [INFO] [DETAIL] 9435 光通信: income_stmt=OK, balance_sheet=OK, cashflow=OK, dividends=OK
2026-07-05 06:13:27,972 [INFO] [TIME] 9435 光通信 処理時間: 1.11s
2026-07-05 06:13:29,709 [DEBUG] [TIME] 9436 info: 0.12s
2026-07-05 06:13:29,709 [DEBUG] yfinance OK: 9436
2026-07-05 06:13:29,898 [DEBUG] [TIME] 9436 income_stmt: 0.19s
2026-07-05 06:13:30,113 [DEBUG] [TIME] 9436 balance_sheet: 0.21s
2026-07-05 06:13:30,319 [DEBUG] [TIME] 9436 cashflow: 0.21s
2026-07-05 06:13:30,693 [DEBUG] [TIME] 9436 dividends: 0.37s
2026-07-05 06:13:30,694 [INFO] [DETAIL] 9436 沖縄セルラー電話: income_stmt=OK, balance_sheet=OK, cashflow=OK, dividends=OK
2026-07-05 06:13:30,694 [INFO] [TIME] 9436 沖縄セルラー電話 処理時間: 1.11s
2026-07-05 06:13:31,835 [DEBUG] [TIME] 9438 info: 0.12s
2026-07-05 06:13:31,835 [DEBUG] yfinance OK: 9438
2026-07-05 06:13:32,033 [DEBUG] [TIME] 9438 income_stmt: 0.20s
2026-07-05 06:13:32,309 [DEBUG] [TIME] 9438 balance_sheet: 0.28s
2026-07-05 06:13:32,518 [DEBUG] [TIME] 9438 cashflow: 0.21s
2026-07-05 06:13:32,799 [DEBUG] [TIME] 9438 dividends: 0.28s
2026-07-05 06:13:32,800 [INFO] [DETAIL] 9438 エムティーアイ: income_stmt=OK, balance_sheet=OK, cashflow=OK, dividends=OK
2026-07-05 06:13:32,800 [INFO] [TIME] 9438 エムティーアイ 処理時間: 1.08s
2026-07-05 06:13:34,249 [DEBUG] [TIME] 9439 info: 0.12s
2026-07-05 06:13:34,249 [DEBUG] yfinance OK: 9439
2026-07-05 06:13:34,454 [DEBUG] [TIME] 9439 income_stmt: 0.20s
2026-07-05 06:13:34,710 [DEBUG] [TIME] 9439 balance_sheet: 0.26s
2026-07-05 06:13:34,864 [DEBUG] [TIME] 9439 cashflow: 0.15s
2026-07-05 06:13:35,194 [DEBUG] [TIME] 9439 dividends: 0.33s
2026-07-05 06:13:35,195 [INFO] [DETAIL] 9439 エム・エイチ・グループ: income_stmt=OK, balance_sheet=OK, cashflow=OK, dividends=OK
2026-07-05 06:13:35,195 [INFO] [TIME] 9439 エム・エイチ・グループ 処理時間: 1.07s
2026-07-05 06:13:36,840 [DEBUG] [TIME] 9441 info: 0.17s
2026-07-05 06:13:36,840 [DEBUG] yfinance OK: 9441
2026-07-05 06:13:37,032 [DEBUG] [TIME] 9441 income_stmt: 0.19s
2026-07-05 06:13:37,292 [DEBUG] [TIME] 9441 balance_sheet: 0.26s
2026-07-05 06:13:37,466 [DEBUG] [TIME] 9441 cashflow: 0.17s
2026-07-05 06:13:37,778 [DEBUG] [TIME] 9441 dividends: 0.31s
2026-07-05 06:13:37,779 [INFO] [DETAIL] 9441 ベルパーク: income_stmt=OK, balance_sheet=OK, cashflow=OK, dividends=OK
2026-07-05 06:13:37,779 [INFO] [TIME] 9441 ベルパーク 処理時間: 1.11s
2026-07-05 06:13:39,208 [DEBUG] [TIME] 9444 info: 0.13s
2026-07-05 06:13:39,208 [DEBUG] yfinance OK: 9444
2026-07-05 06:13:39,383 [DEBUG] [TIME] 9444 income_stmt: 0.18s
2026-07-05 06:13:39,574 [DEBUG] [TIME] 9444 balance_sheet: 0.19s
2026-07-05 06:13:39,766 [DEBUG] [TIME] 9444 cashflow: 0.19s
2026-07-05 06:13:40,077 [DEBUG] [TIME] 9444 dividends: 0.31s
2026-07-05 06:13:40,078 [INFO] [DETAIL] 9444 トーシンホールディングス: income_stmt=OK, balance_sheet=OK, cashflow=OK, dividends=OK
2026-07-05 06:13:40,078 [INFO] [TIME] 9444 トーシンホールディングス 処理時間: 1.00s
2026-07-05 06:13:41,722 [DEBUG] [TIME] 9445 info: 0.12s
2026-07-05 06:13:41,722 [DEBUG] yfinance OK: 9445
2026-07-05 06:13:41,916 [DEBUG] [TIME] 9445 income_stmt: 0.19s
2026-07-05 06:13:42,117 [DEBUG] [TIME] 9445 balance_sheet: 0.20s
2026-07-05 06:13:42,331 [DEBUG] [TIME] 9445 cashflow: 0.21s
2026-07-05 06:13:42,665 [DEBUG] [TIME] 9445 dividends: 0.33s
2026-07-05 06:13:42,666 [INFO] [DETAIL] 9445 フォーバルテレコム: income_stmt=OK, balance_sheet=OK, cashflow=OK, dividends=OK
2026-07-05 06:13:42,666 [INFO] [TIME] 9445 フォーバルテレコム 処理時間: 1.07s
2026-07-05 06:13:44,146 [DEBUG] [TIME] 9446 info: 0.13s
2026-07-05 06:13:44,147 [DEBUG] yfinance OK: 9446
2026-07-05 06:13:44,331 [DEBUG] [TIME] 9446 income_stmt: 0.18s
2026-07-05 06:13:44,599 [DEBUG] [TIME] 9446 balance_sheet: 0.27s
2026-07-05 06:13:44,799 [DEBUG] [TIME] 9446 cashflow: 0.20s
2026-07-05 06:13:45,128 [DEBUG] [TIME] 9446 dividends: 0.33s
2026-07-05 06:13:45,129 [INFO] [DETAIL] 9446 サカイホールディングス: income_stmt=OK, balance_sheet=OK, cashflow=OK, dividends=OK
2026-07-05 06:13:45,129 [INFO] [TIME] 9446 サカイホールディングス 処理時間: 1.11s
2026-07-05 06:13:46,385 [DEBUG] [TIME] 9449 info: 0.12s
2026-07-05 06:13:46,385 [DEBUG] yfinance OK: 9449
2026-07-05 06:13:46,558 [DEBUG] [TIME] 9449 income_stmt: 0.17s
2026-07-05 06:13:46,756 [DEBUG] [TIME] 9449 balance_sheet: 0.20s
2026-07-05 06:13:47,023 [DEBUG] [TIME] 9449 cashflow: 0.27s
2026-07-05 06:13:47,355 [DEBUG] [TIME] 9449 dividends: 0.33s
2026-07-05 06:13:47,357 [INFO] [DETAIL] 9449 ＧＭＯインターネットグループ: income_stmt=OK, balance_sheet=OK, cashflow=OK, dividends=OK
2026-07-05 06:13:47,357 [INFO] [TIME] 9449 ＧＭＯインターネットグループ 処理時間: 1.09s
2026-07-05 06:13:48,681 [DEBUG] [TIME] 9450 info: 0.12s
2026-07-05 06:13:48,682 [DEBUG] yfinance OK: 9450
2026-07-05 06:13:48,873 [DEBUG] [TIME] 9450 income_stmt: 0.19s
2026-07-05 06:13:49,092 [DEBUG] [TIME] 9450 balance_sheet: 0.22s
2026-07-05 06:13:49,290 [DEBUG] [TIME] 9450 cashflow: 0.20s
2026-07-05 06:13:49,449 [DEBUG] [TIME] 9450 dividends: 0.16s
2026-07-05 06:13:49,450 [INFO] [DETAIL] 9450 ファイバーゲート: income_stmt=OK, balance_sheet=OK, cashflow=OK, dividends=OK
2026-07-05 06:13:49,450 [INFO] [TIME] 9450 ファイバーゲート 処理時間: 0.89s
2026-07-05 06:13:50,784 [DEBUG] [TIME] 9466 info: 0.12s
2026-07-05 06:13:50,784 [DEBUG] yfinance OK: 9466
2026-07-05 06:13:50,975 [DEBUG] [TIME] 9466 income_stmt: 0.19s
2026-07-05 06:13:51,202 [DEBUG] [TIME] 9466 balance_sheet: 0.23s
2026-07-05 06:13:51,399 [DEBUG] [TIME] 9466 cashflow: 0.20s
2026-07-05 06:13:51,552 [DEBUG] [TIME] 9466 dividends: 0.15s
2026-07-05 06:13:51,553 [INFO] [DETAIL] 9466 アイドママーケティングコミュニケーション: income_stmt=OK, balance_sheet=OK, cashflow=OK, dividends=OK
2026-07-05 06:13:51,553 [INFO] [TIME] 9466 アイドママーケティングコミュニケーション 処理時間: 0.89s
2026-07-05 06:13:52,823 [DEBUG] [TIME] 9467 info: 0.13s
2026-07-05 06:13:52,823 [DEBUG] yfinance OK: 9467
2026-07-05 06:13:53,030 [DEBUG] [TIME] 9467 income_stmt: 0.21s
2026-07-05 06:13:53,281 [DEBUG] [TIME] 9467 balance_sheet: 0.25s
2026-07-05 06:13:53,560 [DEBUG] [TIME] 9467 cashflow: 0.28s
2026-07-05 06:13:53,753 [DEBUG] [TIME] 9467 dividends: 0.19s
2026-07-05 06:13:53,754 [INFO] [DETAIL] 9467 アルファポリス: income_stmt=OK, balance_sheet=OK, cashflow=OK, dividends=OK
2026-07-05 06:13:53,754 [INFO] [TIME] 9467 アルファポリス 処理時間: 1.06s
2026-07-05 06:13:55,764 [DEBUG] [TIME] 9468 info: 0.17s
2026-07-05 06:13:55,764 [DEBUG] yfinance OK: 9468
2026-07-05 06:13:55,936 [DEBUG] [TIME] 9468 income_stmt: 0.17s
2026-07-05 06:13:56,129 [DEBUG] [TIME] 9468 balance_sheet: 0.19s
2026-07-05 06:13:56,292 [DEBUG] [TIME] 9468 cashflow: 0.16s
2026-07-05 06:13:56,512 [DEBUG] [TIME] 9468 dividends: 0.22s
2026-07-05 06:13:56,513 [INFO] [DETAIL] 9468 ＫＡＤＯＫＡＷＡ: income_stmt=OK, balance_sheet=OK, cashflow=OK, dividends=OK
2026-07-05 06:13:56,513 [INFO] [TIME] 9468 ＫＡＤＯＫＡＷＡ 処理時間: 0.92s
2026-07-05 06:13:57,693 [DEBUG] [TIME] 9470 info: 0.12s
2026-07-05 06:13:57,693 [DEBUG] yfinance OK: 9470
2026-07-05 06:13:57,857 [DEBUG] [TIME] 9470 income_stmt: 0.16s
2026-07-05 06:13:58,072 [DEBUG] [TIME] 9470 balance_sheet: 0.21s
2026-07-05 06:13:58,218 [DEBUG] [TIME] 9470 cashflow: 0.15s
2026-07-05 06:13:58,549 [DEBUG] [TIME] 9470 dividends: 0.33s
2026-07-05 06:13:58,550 [INFO] [DETAIL] 9470 学研ホールディングス: income_stmt=OK, balance_sheet=OK, cashflow=OK, dividends=OK
2026-07-05 06:13:58,550 [INFO] [TIME] 9470 学研ホールディングス 処理時間: 0.98s
2026-07-05 06:14:00,410 [DEBUG] [TIME] 9474 info: 0.13s
2026-07-05 06:14:00,410 [DEBUG] yfinance OK: 9474
2026-07-05 06:14:00,583 [DEBUG] [TIME] 9474 income_stmt: 0.17s
2026-07-05 06:14:00,755 [DEBUG] [TIME] 9474 balance_sheet: 0.17s
2026-07-05 06:14:00,947 [DEBUG] [TIME] 9474 cashflow: 0.19s
2026-07-05 06:14:01,302 [DEBUG] [TIME] 9474 dividends: 0.35s
2026-07-05 06:14:01,303 [INFO] [DETAIL] 9474 ゼンリン: income_stmt=OK, balance_sheet=OK, cashflow=OK, dividends=OK
2026-07-05 06:14:01,303 [INFO] [TIME] 9474 ゼンリン 処理時間: 1.02s
2026-07-05 06:14:03,064 [DEBUG] [TIME] 9475 info: 0.18s
2026-07-05 06:14:03,064 [DEBUG] yfinance OK: 9475
2026-07-05 06:14:03,256 [DEBUG] [TIME] 9475 income_stmt: 0.19s
2026-07-05 06:14:03,527 [DEBUG] [TIME] 9475 balance_sheet: 0.27s
2026-07-05 06:14:03,691 [DEBUG] [TIME] 9475 cashflow: 0.16s
2026-07-05 06:14:04,036 [DEBUG] [TIME] 9475 dividends: 0.34s
2026-07-05 06:14:04,037 [INFO] [DETAIL] 9475 昭文社ホールディングス: income_stmt=OK, balance_sheet=OK, cashflow=OK, dividends=OK
2026-07-05 06:14:04,037 [INFO] [TIME] 9475 昭文社ホールディングス 処理時間: 1.16s
2026-07-05 06:14:05,807 [DEBUG] [TIME] 9476 info: 0.12s
2026-07-05 06:14:05,807 [DEBUG] yfinance OK: 9476
2026-07-05 06:14:05,955 [DEBUG] [TIME] 9476 income_stmt: 0.15s
2026-07-05 06:14:06,203 [DEBUG] [TIME] 9476 balance_sheet: 0.25s
2026-07-05 06:14:06,391 [DEBUG] [TIME] 9476 cashflow: 0.19s
2026-07-05 06:14:06,699 [DEBUG] [TIME] 9476 dividends: 0.31s
2026-07-05 06:14:06,700 [INFO] [DETAIL] 9476 中央経済社ホールディングス: income_stmt=OK, balance_sheet=OK, cashflow=OK, dividends=OK
2026-07-05 06:14:06,700 [INFO] [TIME] 9476 中央経済社ホールディングス 処理時間: 1.02s
2026-07-05 06:14:08,153 [DEBUG] [TIME] 9478 info: 0.12s
2026-07-05 06:14:08,153 [DEBUG] yfinance OK: 9478
2026-07-05 06:14:08,310 [DEBUG] [TIME] 9478 income_stmt: 0.16s
2026-07-05 06:14:08,512 [DEBUG] [TIME] 9478 balance_sheet: 0.20s
2026-07-05 06:14:08,684 [DEBUG] [TIME] 9478 cashflow: 0.17s
2026-07-05 06:14:08,991 [DEBUG] [TIME] 9478 dividends: 0.31s
2026-07-05 06:14:08,992 [INFO] [DETAIL] 9478 ＳＥホールディングス・アンド・インキュベーションズ: income_stmt=OK, balance_sheet=OK, cashflow=OK, dividends=OK
2026-07-05 06:14:08,992 [INFO] [TIME] 9478 ＳＥホールディングス・アンド・インキュベーションズ 処理時間: 0.96s
2026-07-05 06:14:10,818 [DEBUG] [TIME] 9501 info: 0.13s
2026-07-05 06:14:10,818 [DEBUG] yfinance OK: 9501
2026-07-05 06:14:11,021 [DEBUG] [TIME] 9501 income_stmt: 0.20s
2026-07-05 06:14:11,245 [DEBUG] [TIME] 9501 balance_sheet: 0.22s
2026-07-05 06:14:11,484 [DEBUG] [TIME] 9501 cashflow: 0.24s
2026-07-05 06:14:11,760 [DEBUG] [TIME] 9501 dividends: 0.28s
2026-07-05 06:14:11,761 [INFO] [DETAIL] 9501 東京電力ホールディングス: income_stmt=OK, balance_sheet=OK, cashflow=OK, dividends=OK
2026-07-05 06:14:11,761 [INFO] [TIME] 9501 東京電力ホールディングス 処理時間: 1.07s
2026-07-05 06:14:13,775 [DEBUG] [TIME] 9502 info: 0.12s
2026-07-05 06:14:13,775 [DEBUG] yfinance OK: 9502
2026-07-05 06:14:13,951 [DEBUG] [TIME] 9502 income_stmt: 0.18s
2026-07-05 06:14:14,140 [DEBUG] [TIME] 9502 balance_sheet: 0.19s
2026-07-05 06:14:14,323 [DEBUG] [TIME] 9502 cashflow: 0.18s
2026-07-05 06:14:14,668 [DEBUG] [TIME] 9502 dividends: 0.35s
2026-07-05 06:14:14,669 [INFO] [DETAIL] 9502 中部電力: income_stmt=OK, balance_sheet=OK, cashflow=OK, dividends=OK
2026-07-05 06:14:14,670 [INFO] [TIME] 9502 中部電力 処理時間: 1.01s
2026-07-05 06:14:15,953 [DEBUG] [TIME] 9503 info: 0.13s
2026-07-05 06:14:15,953 [DEBUG] yfinance OK: 9503
2026-07-05 06:14:16,119 [DEBUG] [TIME] 9503 income_stmt: 0.17s
2026-07-05 06:14:16,360 [DEBUG] [TIME] 9503 balance_sheet: 0.24s
2026-07-05 06:14:16,526 [DEBUG] [TIME] 9503 cashflow: 0.17s
2026-07-05 06:14:16,875 [DEBUG] [TIME] 9503 dividends: 0.35s
2026-07-05 06:14:16,876 [INFO] [DETAIL] 9503 関西電力: income_stmt=OK, balance_sheet=OK, cashflow=OK, dividends=OK
2026-07-05 06:14:16,876 [INFO] [TIME] 9503 関西電力 処理時間: 1.05s
2026-07-05 06:14:18,280 [DEBUG] [TIME] 9504 info: 0.17s
2026-07-05 06:14:18,280 [DEBUG] yfinance OK: 9504
2026-07-05 06:14:18,458 [DEBUG] [TIME] 9504 income_stmt: 0.18s
2026-07-05 06:14:18,679 [DEBUG] [TIME] 9504 balance_sheet: 0.22s
2026-07-05 06:14:18,899 [DEBUG] [TIME] 9504 cashflow: 0.22s
2026-07-05 06:14:19,183 [DEBUG] [TIME] 9504 dividends: 0.28s
2026-07-05 06:14:19,184 [INFO] [DETAIL] 9504 中国電力: income_stmt=OK, balance_sheet=OK, cashflow=OK, dividends=OK
2026-07-05 06:14:19,184 [INFO] [TIME] 9504 中国電力 処理時間: 1.07s
2026-07-05 06:14:20,970 [DEBUG] [TIME] 9505 info: 0.12s
2026-07-05 06:14:20,970 [DEBUG] yfinance OK: 9505
2026-07-05 06:14:21,170 [DEBUG] [TIME] 9505 income_stmt: 0.20s
2026-07-05 06:14:21,374 [DEBUG] [TIME] 9505 balance_sheet: 0.20s
2026-07-05 06:14:21,529 [DEBUG] [TIME] 9505 cashflow: 0.15s
2026-07-05 06:14:21,816 [DEBUG] [TIME] 9505 dividends: 0.29s
2026-07-05 06:14:21,817 [INFO] [DETAIL] 9505 北陸電力: income_stmt=OK, balance_sheet=OK, cashflow=OK, dividends=OK
2026-07-05 06:14:21,817 [INFO] [TIME] 9505 北陸電力 処理時間: 0.96s
2026-07-05 06:14:23,839 [DEBUG] [TIME] 9506 info: 0.12s
2026-07-05 06:14:23,839 [DEBUG] yfinance OK: 9506
2026-07-05 06:14:24,056 [DEBUG] [TIME] 9506 income_stmt: 0.22s
2026-07-05 06:14:24,278 [DEBUG] [TIME] 9506 balance_sheet: 0.22s
2026-07-05 06:14:24,496 [DEBUG] [TIME] 9506 cashflow: 0.22s
2026-07-05 06:14:24,904 [DEBUG] [TIME] 9506 dividends: 0.41s
2026-07-05 06:14:24,905 [INFO] [DETAIL] 9506 東北電力: income_stmt=OK, balance_sheet=OK, cashflow=OK, dividends=OK
2026-07-05 06:14:24,905 [INFO] [TIME] 9506 東北電力 処理時間: 1.19s
2026-07-05 06:14:26,917 [DEBUG] [TIME] 9507 info: 0.13s
2026-07-05 06:14:26,917 [DEBUG] yfinance OK: 9507
2026-07-05 06:14:27,083 [DEBUG] [TIME] 9507 income_stmt: 0.17s
2026-07-05 06:14:27,291 [DEBUG] [TIME] 9507 balance_sheet: 0.21s
2026-07-05 06:14:27,465 [DEBUG] [TIME] 9507 cashflow: 0.17s
2026-07-05 06:14:27,812 [DEBUG] [TIME] 9507 dividends: 0.35s
2026-07-05 06:14:27,813 [INFO] [DETAIL] 9507 四国電力: income_stmt=OK, balance_sheet=OK, cashflow=OK, dividends=OK
2026-07-05 06:14:27,813 [INFO] [TIME] 9507 四国電力 処理時間: 1.02s
2026-07-05 06:14:29,763 [DEBUG] [TIME] 9508 info: 0.15s
2026-07-05 06:14:29,764 [DEBUG] yfinance OK: 9508
2026-07-05 06:14:29,961 [DEBUG] [TIME] 9508 income_stmt: 0.20s
2026-07-05 06:14:30,186 [DEBUG] [TIME] 9508 balance_sheet: 0.23s
2026-07-05 06:14:30,371 [DEBUG] [TIME] 9508 cashflow: 0.18s
2026-07-05 06:14:30,697 [DEBUG] [TIME] 9508 dividends: 0.33s
2026-07-05 06:14:30,698 [INFO] [DETAIL] 9508 九州電力: income_stmt=OK, balance_sheet=OK, cashflow=OK, dividends=OK
2026-07-05 06:14:30,699 [INFO] [TIME] 9508 九州電力 処理時間: 1.08s
2026-07-05 06:14:32,672 [DEBUG] [TIME] 9509 info: 0.12s
2026-07-05 06:14:32,672 [DEBUG] yfinance OK: 9509
2026-07-05 06:14:32,945 [DEBUG] [TIME] 9509 income_stmt: 0.27s
2026-07-05 06:14:33,184 [DEBUG] [TIME] 9509 balance_sheet: 0.24s
2026-07-05 06:14:33,368 [DEBUG] [TIME] 9509 cashflow: 0.18s
2026-07-05 06:14:33,771 [DEBUG] [TIME] 9509 dividends: 0.40s
2026-07-05 06:14:33,772 [INFO] [DETAIL] 9509 北海道電力: income_stmt=OK, balance_sheet=OK, cashflow=OK, dividends=OK
2026-07-05 06:14:33,772 [INFO] [TIME] 9509 北海道電力 処理時間: 1.22s
2026-07-05 06:14:35,658 [DEBUG] [TIME] 9511 info: 0.12s
2026-07-05 06:14:35,658 [DEBUG] yfinance OK: 9511
2026-07-05 06:14:35,932 [DEBUG] [TIME] 9511 income_stmt: 0.27s
2026-07-05 06:14:36,139 [DEBUG] [TIME] 9511 balance_sheet: 0.21s
2026-07-05 06:14:36,314 [DEBUG] [TIME] 9511 cashflow: 0.17s
2026-07-05 06:14:36,665 [DEBUG] [TIME] 9511 dividends: 0.35s
2026-07-05 06:14:36,666 [INFO] [DETAIL] 9511 沖縄電力: income_stmt=OK, balance_sheet=OK, cashflow=OK, dividends=OK
2026-07-05 06:14:36,666 [INFO] [TIME] 9511 沖縄電力 処理時間: 1.13s
2026-07-05 06:14:37,817 [DEBUG] [TIME] 9513 info: 0.12s
2026-07-05 06:14:37,817 [DEBUG] yfinance OK: 9513
2026-07-05 06:14:37,980 [DEBUG] [TIME] 9513 income_stmt: 0.16s
2026-07-05 06:14:38,201 [DEBUG] [TIME] 9513 balance_sheet: 0.22s
2026-07-05 06:14:38,426 [DEBUG] [TIME] 9513 cashflow: 0.22s
2026-07-05 06:14:38,705 [DEBUG] [TIME] 9513 dividends: 0.28s
2026-07-05 06:14:38,706 [INFO] [DETAIL] 9513 電源開発: income_stmt=OK, balance_sheet=OK, cashflow=OK, dividends=OK
2026-07-05 06:14:38,706 [INFO] [TIME] 9513 電源開発 処理時間: 1.01s
2026-07-05 06:14:40,459 [DEBUG] [TIME] 9514 info: 0.12s
2026-07-05 06:14:40,459 [DEBUG] yfinance OK: 9514
2026-07-05 06:14:40,619 [DEBUG] [TIME] 9514 income_stmt: 0.16s
2026-07-05 06:14:40,818 [DEBUG] [TIME] 9514 balance_sheet: 0.20s
2026-07-05 06:14:41,020 [DEBUG] [TIME] 9514 cashflow: 0.20s
2026-07-05 06:14:41,308 [DEBUG] [TIME] 9514 dividends: 0.29s
2026-07-05 06:14:41,309 [INFO] [DETAIL] 9514 エフオン: income_stmt=OK, balance_sheet=OK, cashflow=OK, dividends=OK
2026-07-05 06:14:41,309 [INFO] [TIME] 9514 エフオン 処理時間: 0.97s
2026-07-05 06:14:42,765 [DEBUG] [TIME] 9517 info: 0.13s
2026-07-05 06:14:42,765 [DEBUG] yfinance OK: 9517
2026-07-05 06:14:42,968 [DEBUG] [TIME] 9517 income_stmt: 0.20s
2026-07-05 06:14:43,176 [DEBUG] [TIME] 9517 balance_sheet: 0.21s
2026-07-05 06:14:43,425 [DEBUG] [TIME] 9517 cashflow: 0.25s
2026-07-05 06:14:43,619 [DEBUG] [TIME] 9517 dividends: 0.19s
2026-07-05 06:14:43,620 [INFO] [DETAIL] 9517 イーレックス: income_stmt=OK, balance_sheet=OK, cashflow=OK, dividends=OK
2026-07-05 06:14:43,620 [INFO] [TIME] 9517 イーレックス 処理時間: 0.98s
2026-07-05 06:14:45,597 [DEBUG] [TIME] 9519 info: 0.13s
2026-07-05 06:14:45,597 [DEBUG] yfinance OK: 9519
2026-07-05 06:14:45,752 [DEBUG] [TIME] 9519 income_stmt: 0.16s
2026-07-05 06:14:45,949 [DEBUG] [TIME] 9519 balance_sheet: 0.20s
2026-07-05 06:14:46,173 [DEBUG] [TIME] 9519 cashflow: 0.22s
2026-07-05 06:14:46,310 [DEBUG] [TIME] 9519 dividends: 0.14s
2026-07-05 06:14:46,310 [INFO] [DETAIL] 9519 レノバ: income_stmt=OK, balance_sheet=OK, cashflow=OK, dividends=EMPTY
2026-07-05 06:14:46,310 [INFO] [TIME] 9519 レノバ 処理時間: 0.84s
2026-07-05 06:14:47,819 [DEBUG] [TIME] 9531 info: 0.12s
2026-07-05 06:14:47,820 [DEBUG] yfinance OK: 9531
2026-07-05 06:14:47,967 [DEBUG] [TIME] 9531 income_stmt: 0.15s
2026-07-05 06:14:48,194 [DEBUG] [TIME] 9531 balance_sheet: 0.23s
2026-07-05 06:14:48,359 [DEBUG] [TIME] 9531 cashflow: 0.16s
2026-07-05 06:14:48,758 [DEBUG] [TIME] 9531 dividends: 0.40s
2026-07-05 06:14:48,759 [INFO] [DETAIL] 9531 東京瓦斯: income_stmt=OK, balance_sheet=OK, cashflow=OK, dividends=OK
2026-07-05 06:14:48,759 [INFO] [TIME] 9531 東京瓦斯 処理時間: 1.06s
2026-07-05 06:14:50,843 [DEBUG] [TIME] 9532 info: 0.17s
2026-07-05 06:14:50,843 [DEBUG] yfinance OK: 9532
2026-07-05 06:14:51,061 [DEBUG] [TIME] 9532 income_stmt: 0.22s
2026-07-05 06:14:51,274 [DEBUG] [TIME] 9532 balance_sheet: 0.21s
2026-07-05 06:14:51,541 [DEBUG] [TIME] 9532 cashflow: 0.27s
2026-07-05 06:14:51,949 [DEBUG] [TIME] 9532 dividends: 0.41s
2026-07-05 06:14:51,950 [INFO] [DETAIL] 9532 大阪瓦斯: income_stmt=OK, balance_sheet=OK, cashflow=OK, dividends=OK
2026-07-05 06:14:51,950 [INFO] [TIME] 9532 大阪瓦斯 処理時間: 1.28s
2026-07-05 06:14:53,374 [DEBUG] [TIME] 9533 info: 0.19s
2026-07-05 06:14:53,374 [DEBUG] yfinance OK: 9533
2026-07-05 06:14:53,536 [DEBUG] [TIME] 9533 income_stmt: 0.16s
2026-07-05 06:14:53,711 [DEBUG] [TIME] 9533 balance_sheet: 0.18s
2026-07-05 06:14:53,893 [DEBUG] [TIME] 9533 cashflow: 0.18s
2026-07-05 06:14:54,272 [DEBUG] [TIME] 9533 dividends: 0.38s
2026-07-05 06:14:54,273 [INFO] [DETAIL] 9533 東邦瓦斯: income_stmt=OK, balance_sheet=OK, cashflow=OK, dividends=OK
2026-07-05 06:14:54,273 [INFO] [TIME] 9533 東邦瓦斯 処理時間: 1.09s
2026-07-05 06:14:55,421 [DEBUG] [TIME] 9534 info: 0.12s
2026-07-05 06:14:55,421 [DEBUG] yfinance OK: 9534
2026-07-05 06:14:55,563 [DEBUG] [TIME] 9534 income_stmt: 0.14s
2026-07-05 06:14:55,810 [DEBUG] [TIME] 9534 balance_sheet: 0.25s
2026-07-05 06:14:55,986 [DEBUG] [TIME] 9534 cashflow: 0.17s
2026-07-05 06:14:56,330 [DEBUG] [TIME] 9534 dividends: 0.34s
2026-07-05 06:14:56,331 [INFO] [DETAIL] 9534 北海道瓦斯: income_stmt=OK, balance_sheet=OK, cashflow=OK, dividends=OK
2026-07-05 06:14:56,331 [INFO] [TIME] 9534 北海道瓦斯 処理時間: 1.03s
2026-07-05 06:14:58,187 [DEBUG] [TIME] 9535 info: 0.13s
2026-07-05 06:14:58,187 [DEBUG] yfinance OK: 9535
2026-07-05 06:14:58,384 [DEBUG] [TIME] 9535 income_stmt: 0.20s
2026-07-05 06:14:58,605 [DEBUG] [TIME] 9535 balance_sheet: 0.22s
2026-07-05 06:14:58,814 [DEBUG] [TIME] 9535 cashflow: 0.21s
2026-07-05 06:14:59,156 [DEBUG] [TIME] 9535 dividends: 0.34s
2026-07-05 06:14:59,157 [INFO] [DETAIL] 9535 広島ガス: income_stmt=OK, balance_sheet=OK, cashflow=OK, dividends=OK
2026-07-05 06:14:59,157 [INFO] [TIME] 9535 広島ガス 処理時間: 1.10s
2026-07-05 06:15:00,495 [DEBUG] [TIME] 9536 info: 0.12s
2026-07-05 06:15:00,495 [DEBUG] yfinance OK: 9536
2026-07-05 06:15:00,766 [DEBUG] [TIME] 9536 income_stmt: 0.27s
2026-07-05 06:15:00,965 [DEBUG] [TIME] 9536 balance_sheet: 0.20s
2026-07-05 06:15:01,146 [DEBUG] [TIME] 9536 cashflow: 0.18s
2026-07-05 06:15:01,424 [DEBUG] [TIME] 9536 dividends: 0.28s
2026-07-05 06:15:01,425 [INFO] [DETAIL] 9536 西部ガスホールディングス: income_stmt=OK, balance_sheet=OK, cashflow=OK, dividends=OK
2026-07-05 06:15:01,426 [INFO] [TIME] 9536 西部ガスホールディングス 処理時間: 1.05s
2026-07-05 06:15:02,766 [DEBUG] [TIME] 9537 info: 0.12s
2026-07-05 06:15:02,766 [DEBUG] yfinance OK: 9537
2026-07-05 06:15:02,947 [DEBUG] [TIME] 9537 income_stmt: 0.18s
2026-07-05 06:15:03,112 [DEBUG] [TIME] 9537 balance_sheet: 0.16s
2026-07-05 06:15:03,320 [DEBUG] [TIME] 9537 cashflow: 0.21s
2026-07-05 06:15:03,688 [DEBUG] [TIME] 9537 dividends: 0.37s
2026-07-05 06:15:03,689 [INFO] [DETAIL] 9537 北陸瓦斯: income_stmt=OK, balance_sheet=OK, cashflow=OK, dividends=OK
2026-07-05 06:15:03,689 [INFO] [TIME] 9537 北陸瓦斯 処理時間: 1.05s
2026-07-05 06:15:05,440 [DEBUG] [TIME] 9539 info: 0.13s
2026-07-05 06:15:05,441 [DEBUG] yfinance OK: 9539
2026-07-05 06:15:05,634 [DEBUG] [TIME] 9539 income_stmt: 0.19s
2026-07-05 06:15:05,829 [DEBUG] [TIME] 9539 balance_sheet: 0.19s
2026-07-05 06:15:06,059 [DEBUG] [TIME] 9539 cashflow: 0.23s
2026-07-05 06:15:06,417 [DEBUG] [TIME] 9539 dividends: 0.36s
2026-07-05 06:15:06,418 [INFO] [DETAIL] 9539 京葉瓦斯: income_stmt=OK, balance_sheet=OK, cashflow=OK, dividends=OK
2026-07-05 06:15:06,418 [INFO] [TIME] 9539 京葉瓦斯 処理時間: 1.11s
2026-07-05 06:15:08,413 [DEBUG] [TIME] 9543 info: 0.12s
2026-07-05 06:15:08,413 [DEBUG] yfinance OK: 9543
2026-07-05 06:15:08,608 [DEBUG] [TIME] 9543 income_stmt: 0.19s
2026-07-05 06:15:08,778 [DEBUG] [TIME] 9543 balance_sheet: 0.17s
2026-07-05 06:15:08,959 [DEBUG] [TIME] 9543 cashflow: 0.18s
2026-07-05 06:15:09,264 [DEBUG] [TIME] 9543 dividends: 0.30s
2026-07-05 06:15:09,265 [INFO] [DETAIL] 9543 静岡ガス: income_stmt=OK, balance_sheet=OK, cashflow=OK, dividends=OK
2026-07-05 06:15:09,265 [INFO] [TIME] 9543 静岡ガス 処理時間: 0.97s
2026-07-05 06:15:11,154 [DEBUG] [TIME] 9551 info: 0.13s
2026-07-05 06:15:11,154 [DEBUG] yfinance OK: 9551
2026-07-05 06:15:11,293 [DEBUG] [TIME] 9551 income_stmt: 0.14s
2026-07-05 06:15:11,529 [DEBUG] [TIME] 9551 balance_sheet: 0.24s
2026-07-05 06:15:11,691 [DEBUG] [TIME] 9551 cashflow: 0.16s
2026-07-05 06:15:11,917 [DEBUG] [TIME] 9551 dividends: 0.23s
2026-07-05 06:15:11,918 [INFO] [DETAIL] 9551 メタウォーター: income_stmt=OK, balance_sheet=OK, cashflow=OK, dividends=OK
2026-07-05 06:15:11,919 [INFO] [TIME] 9551 メタウォーター 処理時間: 0.89s
2026-07-05 06:15:13,921 [DEBUG] [TIME] 9552 info: 0.12s
2026-07-05 06:15:13,921 [DEBUG] yfinance OK: 9552
2026-07-05 06:15:14,136 [DEBUG] [TIME] 9552 income_stmt: 0.22s
2026-07-05 06:15:14,347 [DEBUG] [TIME] 9552 balance_sheet: 0.21s
2026-07-05 06:15:14,529 [DEBUG] [TIME] 9552 cashflow: 0.18s
2026-07-05 06:15:14,683 [DEBUG] [TIME] 9552 dividends: 0.15s
2026-07-05 06:15:14,684 [INFO] [DETAIL] 9552 クオンツ総研ホールディングス: income_stmt=OK, balance_sheet=OK, cashflow=OK, dividends=OK
2026-07-05 06:15:14,684 [INFO] [TIME] 9552 クオンツ総研ホールディングス 処理時間: 0.89s
2026-07-05 06:15:15,992 [DEBUG] [TIME] 9553 info: 0.13s
2026-07-05 06:15:15,992 [DEBUG] yfinance OK: 9553
2026-07-05 06:15:16,265 [DEBUG] [TIME] 9553 income_stmt: 0.27s
2026-07-05 06:15:16,471 [DEBUG] [TIME] 9553 balance_sheet: 0.21s
2026-07-05 06:15:16,689 [DEBUG] [TIME] 9553 cashflow: 0.22s
2026-07-05 06:15:16,829 [DEBUG] [TIME] 9553 dividends: 0.14s
2026-07-05 06:15:16,829 [INFO] [DETAIL] 9553 マイクロアド: income_stmt=OK, balance_sheet=OK, cashflow=OK, dividends=EMPTY
2026-07-05 06:15:16,829 [INFO] [TIME] 9553 マイクロアド 処理時間: 0.97s
2026-07-05 06:15:18,051 [DEBUG] [TIME] 9554 info: 0.17s
2026-07-05 06:15:18,051 [DEBUG] yfinance OK: 9554
2026-07-05 06:15:18,216 [DEBUG] [TIME] 9554 income_stmt: 0.17s
2026-07-05 06:15:18,569 [DEBUG] [TIME] 9554 balance_sheet: 0.35s
2026-07-05 06:15:18,755 [DEBUG] [TIME] 9554 cashflow: 0.18s
2026-07-05 06:15:18,874 [DEBUG] [TIME] 9554 dividends: 0.12s
2026-07-05 06:15:18,875 [INFO] [DETAIL] 9554 ＡＶｉＣ: income_stmt=OK, balance_sheet=OK, cashflow=OK, dividends=EMPTY
2026-07-05 06:15:18,875 [INFO] [TIME] 9554 ＡＶｉＣ 処理時間: 1.00s
2026-07-05 06:15:20,953 [DEBUG] [TIME] 9556 info: 0.14s
2026-07-05 06:15:20,953 [DEBUG] yfinance OK: 9556
2026-07-05 06:15:21,129 [DEBUG] [TIME] 9556 income_stmt: 0.18s
2026-07-05 06:15:21,392 [DEBUG] [TIME] 9556 balance_sheet: 0.26s
2026-07-05 06:15:21,553 [DEBUG] [TIME] 9556 cashflow: 0.16s
2026-07-05 06:15:21,690 [DEBUG] [TIME] 9556 dividends: 0.14s
2026-07-05 06:15:21,690 [INFO] [DETAIL] 9556 ＩＮＴＬＯＯＰ: income_stmt=OK, balance_sheet=OK, cashflow=OK, dividends=EMPTY
2026-07-05 06:15:21,690 [INFO] [TIME] 9556 ＩＮＴＬＯＯＰ 処理時間: 0.87s
2026-07-05 06:15:23,010 [DEBUG] [TIME] 9557 info: 0.12s
2026-07-05 06:15:23,010 [DEBUG] yfinance OK: 9557
2026-07-05 06:15:23,167 [DEBUG] [TIME] 9557 income_stmt: 0.16s
2026-07-05 06:15:23,359 [DEBUG] [TIME] 9557 balance_sheet: 0.19s
2026-07-05 06:15:23,516 [DEBUG] [TIME] 9557 cashflow: 0.16s
2026-07-05 06:15:23,615 [DEBUG] [TIME] 9557 dividends: 0.10s
2026-07-05 06:15:23,615 [INFO] [DETAIL] 9557 エアークローゼット: income_stmt=OK, balance_sheet=OK, cashflow=OK, dividends=EMPTY
2026-07-05 06:15:23,615 [INFO] [TIME] 9557 エアークローゼット 処理時間: 0.73s
2026-07-05 06:15:24,971 [DEBUG] [TIME] 9558 info: 0.15s
2026-07-05 06:15:24,971 [DEBUG] yfinance OK: 9558
2026-07-05 06:15:25,184 [DEBUG] [TIME] 9558 income_stmt: 0.21s
2026-07-05 06:15:25,436 [DEBUG] [TIME] 9558 balance_sheet: 0.25s
2026-07-05 06:15:25,661 [DEBUG] [TIME] 9558 cashflow: 0.22s
2026-07-05 06:15:25,777 [DEBUG] [TIME] 9558 dividends: 0.12s
2026-07-05 06:15:25,778 [INFO] [DETAIL] 9558 ジャパニアス: income_stmt=OK, balance_sheet=OK, cashflow=OK, dividends=OK
2026-07-05 06:15:25,778 [INFO] [TIME] 9558 ジャパニアス 処理時間: 0.96s
2026-07-05 06:15:27,254 [DEBUG] [TIME] 9560 info: 0.12s
2026-07-05 06:15:27,254 [DEBUG] yfinance OK: 9560
2026-07-05 06:15:27,423 [DEBUG] [TIME] 9560 income_stmt: 0.17s
2026-07-05 06:15:27,717 [DEBUG] [TIME] 9560 balance_sheet: 0.29s
2026-07-05 06:15:27,895 [DEBUG] [TIME] 9560 cashflow: 0.18s
2026-07-05 06:15:28,010 [DEBUG] [TIME] 9560 dividends: 0.11s
2026-07-05 06:15:28,011 [INFO] [DETAIL] 9560 プログリット: income_stmt=OK, balance_sheet=OK, cashflow=OK, dividends=OK
2026-07-05 06:15:28,011 [INFO] [TIME] 9560 プログリット 処理時間: 0.88s
2026-07-05 06:15:29,361 [DEBUG] [TIME] 9561 info: 0.12s
2026-07-05 06:15:29,361 [DEBUG] yfinance OK: 9561
2026-07-05 06:15:29,534 [DEBUG] [TIME] 9561 income_stmt: 0.17s
2026-07-05 06:15:29,741 [DEBUG] [TIME] 9561 balance_sheet: 0.21s
2026-07-05 06:15:29,959 [DEBUG] [TIME] 9561 cashflow: 0.22s
2026-07-05 06:15:30,066 [DEBUG] [TIME] 9561 dividends: 0.11s
2026-07-05 06:15:30,066 [INFO] [DETAIL] 9561 グラッドキューブ: income_stmt=OK, balance_sheet=OK, cashflow=OK, dividends=EMPTY
2026-07-05 06:15:30,066 [INFO] [TIME] 9561 グラッドキューブ 処理時間: 0.83s
2026-07-05 06:15:31,966 [DEBUG] [TIME] 9562 info: 0.13s
2026-07-05 06:15:31,966 [DEBUG] yfinance OK: 9562
2026-07-05 06:15:32,116 [DEBUG] [TIME] 9562 income_stmt: 0.15s
2026-07-05 06:15:32,386 [DEBUG] [TIME] 9562 balance_sheet: 0.27s
2026-07-05 06:15:32,605 [DEBUG] [TIME] 9562 cashflow: 0.22s
2026-07-05 06:15:32,771 [DEBUG] [TIME] 9562 dividends: 0.17s
2026-07-05 06:15:32,772 [INFO] [DETAIL] 9562 ビジネスコーチ: income_stmt=OK, balance_sheet=OK, cashflow=OK, dividends=OK
2026-07-05 06:15:32,772 [INFO] [TIME] 9562 ビジネスコーチ 処理時間: 0.93s
2026-07-05 06:15:34,232 [DEBUG] [TIME] 9563 info: 0.13s
2026-07-05 06:15:34,232 [DEBUG] yfinance OK: 9563
2026-07-05 06:15:34,429 [DEBUG] [TIME] 9563 income_stmt: 0.20s
2026-07-05 06:15:34,624 [DEBUG] [TIME] 9563 balance_sheet: 0.19s
2026-07-05 06:15:34,874 [DEBUG] [TIME] 9563 cashflow: 0.25s
2026-07-05 06:15:35,023 [DEBUG] [TIME] 9563 dividends: 0.15s
2026-07-05 06:15:35,023 [INFO] [DETAIL] 9563 Ａｔｌａｓ　Ｔｅｃｈｎｏｌｏｇｉｅｓ: income_stmt=OK, balance_sheet=OK, cashflow=OK, dividends=EMPTY
2026-07-05 06:15:35,023 [INFO] [TIME] 9563 Ａｔｌａｓ　Ｔｅｃｈｎｏｌｏｇｉｅｓ 処理時間: 0.92s
2026-07-05 06:15:36,901 [DEBUG] [TIME] 9564 info: 0.12s
2026-07-05 06:15:36,901 [DEBUG] yfinance OK: 9564
2026-07-05 06:15:37,054 [DEBUG] [TIME] 9564 income_stmt: 0.15s
2026-07-05 06:15:37,390 [DEBUG] [TIME] 9564 balance_sheet: 0.33s
2026-07-05 06:15:37,589 [DEBUG] [TIME] 9564 cashflow: 0.20s
2026-07-05 06:15:37,721 [DEBUG] [TIME] 9564 dividends: 0.13s
2026-07-05 06:15:37,722 [INFO] [DETAIL] 9564 ＦＣＥ: income_stmt=OK, balance_sheet=OK, cashflow=OK, dividends=OK
2026-07-05 06:15:37,722 [INFO] [TIME] 9564 ＦＣＥ 処理時間: 0.94s
2026-07-05 06:15:39,173 [DEBUG] [TIME] 9565 info: 0.12s
2026-07-05 06:15:39,173 [DEBUG] yfinance OK: 9565
2026-07-05 06:15:39,334 [DEBUG] [TIME] 9565 income_stmt: 0.16s
2026-07-05 06:15:39,555 [DEBUG] [TIME] 9565 balance_sheet: 0.22s
2026-07-05 06:15:39,721 [DEBUG] [TIME] 9565 cashflow: 0.17s
2026-07-05 06:15:39,864 [DEBUG] [TIME] 9565 dividends: 0.14s
2026-07-05 06:15:39,864 [INFO] [DETAIL] 9565 ＧＬＯＥ: income_stmt=OK, balance_sheet=OK, cashflow=OK, dividends=EMPTY
2026-07-05 06:15:39,864 [INFO] [TIME] 9565 ＧＬＯＥ 処理時間: 0.81s
2026-07-05 06:15:41,588 [DEBUG] [TIME] 9601 info: 0.12s
2026-07-05 06:15:41,589 [DEBUG] yfinance OK: 9601
2026-07-05 06:15:41,787 [DEBUG] [TIME] 9601 income_stmt: 0.20s
2026-07-05 06:15:42,027 [DEBUG] [TIME] 9601 balance_sheet: 0.24s
2026-07-05 06:15:42,217 [DEBUG] [TIME] 9601 cashflow: 0.19s
2026-07-05 06:15:42,523 [DEBUG] [TIME] 9601 dividends: 0.30s
2026-07-05 06:15:42,524 [INFO] [DETAIL] 9601 松竹: income_stmt=OK, balance_sheet=OK, cashflow=OK, dividends=OK
2026-07-05 06:15:42,524 [INFO] [TIME] 9601 松竹 処理時間: 1.05s
2026-07-05 06:15:44,097 [DEBUG] [TIME] 9602 info: 0.22s
2026-07-05 06:15:44,097 [DEBUG] yfinance OK: 9602
2026-07-05 06:15:44,299 [DEBUG] [TIME] 9602 income_stmt: 0.20s
2026-07-05 06:15:44,572 [DEBUG] [TIME] 9602 balance_sheet: 0.27s
2026-07-05 06:15:44,796 [DEBUG] [TIME] 9602 cashflow: 0.22s
2026-07-05 06:15:45,123 [DEBUG] [TIME] 9602 dividends: 0.33s
2026-07-05 06:15:45,124 [INFO] [DETAIL] 9602 東宝: income_stmt=OK, balance_sheet=OK, cashflow=OK, dividends=OK
2026-07-05 06:15:45,125 [INFO] [TIME] 9602 東宝 処理時間: 1.25s
2026-07-05 06:15:46,888 [DEBUG] [TIME] 9603 info: 0.18s
2026-07-05 06:15:46,889 [DEBUG] yfinance OK: 9603
2026-07-05 06:15:47,060 [DEBUG] [TIME] 9603 income_stmt: 0.17s
2026-07-05 06:15:47,340 [DEBUG] [TIME] 9603 balance_sheet: 0.28s
2026-07-05 06:15:47,539 [DEBUG] [TIME] 9603 cashflow: 0.20s
2026-07-05 06:15:47,847 [DEBUG] [TIME] 9603 dividends: 0.31s
2026-07-05 06:15:47,847 [INFO] [DETAIL] 9603 エイチ・アイ・エス: income_stmt=OK, balance_sheet=OK, cashflow=OK, dividends=OK
2026-07-05 06:15:47,848 [INFO] [TIME] 9603 エイチ・アイ・エス 処理時間: 1.14s
2026-07-05 06:15:49,166 [DEBUG] [TIME] 9605 info: 0.12s
2026-07-05 06:15:49,166 [DEBUG] yfinance OK: 9605
2026-07-05 06:15:49,358 [DEBUG] [TIME] 9605 income_stmt: 0.19s
2026-07-05 06:15:49,612 [DEBUG] [TIME] 9605 balance_sheet: 0.25s
2026-07-05 06:15:49,819 [DEBUG] [TIME] 9605 cashflow: 0.21s
2026-07-05 06:15:50,184 [DEBUG] [TIME] 9605 dividends: 0.36s
2026-07-05 06:15:50,185 [INFO] [DETAIL] 9605 東映: income_stmt=OK, balance_sheet=OK, cashflow=OK, dividends=OK
2026-07-05 06:15:50,185 [INFO] [TIME] 9605 東映 処理時間: 1.14s
2026-07-05 06:15:52,179 [DEBUG] [TIME] 9610 info: 0.13s
2026-07-05 06:15:52,179 [DEBUG] yfinance OK: 9610
2026-07-05 06:15:52,383 [DEBUG] [TIME] 9610 income_stmt: 0.20s
2026-07-05 06:15:52,609 [DEBUG] [TIME] 9610 balance_sheet: 0.23s
2026-07-05 06:15:52,767 [DEBUG] [TIME] 9610 cashflow: 0.16s
2026-07-05 06:15:52,975 [DEBUG] [TIME] 9610 dividends: 0.21s
2026-07-05 06:15:52,975 [INFO] [DETAIL] 9610 ウィルソン・ラーニング　ワールドワイド: income_stmt=OK, balance_sheet=OK, cashflow=OK, dividends=EMPTY
2026-07-05 06:15:52,975 [INFO] [TIME] 9610 ウィルソン・ラーニング　ワールドワイド 処理時間: 0.93s
2026-07-05 06:15:54,781 [DEBUG] [TIME] 9612 info: 0.12s
2026-07-05 06:15:54,781 [DEBUG] yfinance OK: 9612
2026-07-05 06:15:54,974 [DEBUG] [TIME] 9612 income_stmt: 0.19s
2026-07-05 06:15:55,163 [DEBUG] [TIME] 9612 balance_sheet: 0.19s
2026-07-05 06:15:55,356 [DEBUG] [TIME] 9612 cashflow: 0.19s
2026-07-05 06:15:55,596 [DEBUG] [TIME] 9612 dividends: 0.24s
2026-07-05 06:15:55,597 [INFO] [DETAIL] 9612 ラックランド: income_stmt=OK, balance_sheet=OK, cashflow=OK, dividends=OK
2026-07-05 06:15:55,597 [INFO] [TIME] 9612 ラックランド 処理時間: 0.94s
2026-07-05 06:15:57,540 [DEBUG] [TIME] 9616 info: 0.12s
2026-07-05 06:15:57,540 [DEBUG] yfinance OK: 9616
2026-07-05 06:15:57,682 [DEBUG] [TIME] 9616 income_stmt: 0.14s
2026-07-05 06:15:57,947 [DEBUG] [TIME] 9616 balance_sheet: 0.26s
2026-07-05 06:15:58,108 [DEBUG] [TIME] 9616 cashflow: 0.16s
2026-07-05 06:15:58,459 [DEBUG] [TIME] 9616 dividends: 0.35s
2026-07-05 06:15:58,460 [INFO] [DETAIL] 9616 共立メンテナンス: income_stmt=OK, balance_sheet=OK, cashflow=OK, dividends=OK
2026-07-05 06:15:58,460 [INFO] [TIME] 9616 共立メンテナンス 処理時間: 1.04s
2026-07-05 06:15:59,834 [DEBUG] [TIME] 9619 info: 0.12s
2026-07-05 06:15:59,834 [DEBUG] yfinance OK: 9619
2026-07-05 06:15:59,999 [DEBUG] [TIME] 9619 income_stmt: 0.17s
2026-07-05 06:16:00,279 [DEBUG] [TIME] 9619 balance_sheet: 0.28s
2026-07-05 06:16:00,437 [DEBUG] [TIME] 9619 cashflow: 0.16s
2026-07-05 06:16:00,721 [DEBUG] [TIME] 9619 dividends: 0.28s
2026-07-05 06:16:00,722 [INFO] [DETAIL] 9619 イチネンホールディングス: income_stmt=OK, balance_sheet=OK, cashflow=OK, dividends=OK
2026-07-05 06:16:00,722 [INFO] [TIME] 9619 イチネンホールディングス 処理時間: 1.01s
2026-07-05 06:16:02,594 [DEBUG] [TIME] 9621 info: 0.12s
2026-07-05 06:16:02,594 [DEBUG] yfinance OK: 9621
2026-07-05 06:16:02,821 [DEBUG] [TIME] 9621 income_stmt: 0.23s
2026-07-05 06:16:03,106 [DEBUG] [TIME] 9621 balance_sheet: 0.28s
2026-07-05 06:16:03,510 [DEBUG] [TIME] 9621 cashflow: 0.40s
2026-07-05 06:16:03,828 [DEBUG] [TIME] 9621 dividends: 0.32s
2026-07-05 06:16:03,829 [INFO] [DETAIL] 9621 建設技術研究所: income_stmt=OK, balance_sheet=OK, cashflow=OK, dividends=OK
2026-07-05 06:16:03,829 [INFO] [TIME] 9621 建設技術研究所 処理時間: 1.36s
2026-07-05 06:16:05,184 [DEBUG] [TIME] 9622 info: 0.17s
2026-07-05 06:16:05,184 [DEBUG] yfinance OK: 9622
2026-07-05 06:16:05,351 [DEBUG] [TIME] 9622 income_stmt: 0.17s
2026-07-05 06:16:05,599 [DEBUG] [TIME] 9622 balance_sheet: 0.25s
2026-07-05 06:16:05,791 [DEBUG] [TIME] 9622 cashflow: 0.19s
2026-07-05 06:16:06,223 [DEBUG] [TIME] 9622 dividends: 0.43s
2026-07-05 06:16:06,224 [INFO] [DETAIL] 9622 スペース: income_stmt=OK, balance_sheet=OK, cashflow=OK, dividends=OK
2026-07-05 06:16:06,224 [INFO] [TIME] 9622 スペース 処理時間: 1.21s
2026-07-05 06:16:07,726 [DEBUG] [TIME] 9625 info: 0.18s
2026-07-05 06:16:07,726 [DEBUG] yfinance OK: 9625
2026-07-05 06:16:07,918 [DEBUG] [TIME] 9625 income_stmt: 0.19s
2026-07-05 06:16:08,152 [DEBUG] [TIME] 9625 balance_sheet: 0.23s
2026-07-05 06:16:08,334 [DEBUG] [TIME] 9625 cashflow: 0.18s
2026-07-05 06:16:08,670 [DEBUG] [TIME] 9625 dividends: 0.34s
2026-07-05 06:16:08,671 [INFO] [DETAIL] 9625 セレスポ: income_stmt=OK, balance_sheet=OK, cashflow=OK, dividends=OK
2026-07-05 06:16:08,671 [INFO] [TIME] 9625 セレスポ 処理時間: 1.12s
2026-07-05 06:16:09,992 [DEBUG] [TIME] 9627 info: 0.12s
2026-07-05 06:16:09,992 [DEBUG] yfinance OK: 9627
2026-07-05 06:16:10,250 [DEBUG] [TIME] 9627 income_stmt: 0.26s
2026-07-05 06:16:10,470 [DEBUG] [TIME] 9627 balance_sheet: 0.22s
2026-07-05 06:16:10,666 [DEBUG] [TIME] 9627 cashflow: 0.19s
2026-07-05 06:16:10,897 [DEBUG] [TIME] 9627 dividends: 0.23s
2026-07-05 06:16:10,898 [INFO] [DETAIL] 9627 アインホールディングス: income_stmt=OK, balance_sheet=OK, cashflow=OK, dividends=OK
2026-07-05 06:16:10,898 [INFO] [TIME] 9627 アインホールディングス 処理時間: 1.03s
2026-07-05 06:16:12,320 [DEBUG] [TIME] 9628 info: 0.12s
2026-07-05 06:16:12,320 [DEBUG] yfinance OK: 9628
2026-07-05 06:16:12,506 [DEBUG] [TIME] 9628 income_stmt: 0.19s
2026-07-05 06:16:12,704 [DEBUG] [TIME] 9628 balance_sheet: 0.20s
2026-07-05 06:16:12,883 [DEBUG] [TIME] 9628 cashflow: 0.18s
2026-07-05 06:16:13,229 [DEBUG] [TIME] 9628 dividends: 0.34s
2026-07-05 06:16:13,230 [INFO] [DETAIL] 9628 燦ホールディングス: income_stmt=OK, balance_sheet=OK, cashflow=OK, dividends=OK
2026-07-05 06:16:13,230 [INFO] [TIME] 9628 燦ホールディングス 処理時間: 1.03s
2026-07-05 06:16:14,944 [DEBUG] [TIME] 9629 info: 0.12s
2026-07-05 06:16:14,944 [DEBUG] yfinance OK: 9629
2026-07-05 06:16:15,159 [DEBUG] [TIME] 9629 income_stmt: 0.21s
2026-07-05 06:16:15,331 [DEBUG] [TIME] 9629 balance_sheet: 0.17s
2026-07-05 06:16:15,507 [DEBUG] [TIME] 9629 cashflow: 0.18s
2026-07-05 06:16:15,820 [DEBUG] [TIME] 9629 dividends: 0.31s
2026-07-05 06:16:15,821 [INFO] [DETAIL] 9629 ピー・シー・エー: income_stmt=OK, balance_sheet=OK, cashflow=OK, dividends=OK
2026-07-05 06:16:15,821 [INFO] [TIME] 9629 ピー・シー・エー 処理時間: 1.00s
2026-07-05 06:16:17,574 [DEBUG] [TIME] 9632 info: 0.12s
2026-07-05 06:16:17,574 [DEBUG] yfinance OK: 9632
2026-07-05 06:16:17,778 [DEBUG] [TIME] 9632 income_stmt: 0.20s
2026-07-05 06:16:18,176 [DEBUG] [TIME] 9632 balance_sheet: 0.40s
2026-07-05 06:16:18,382 [DEBUG] [TIME] 9632 cashflow: 0.21s
2026-07-05 06:16:18,704 [DEBUG] [TIME] 9632 dividends: 0.32s
2026-07-05 06:16:18,705 [INFO] [DETAIL] 9632 スバル興業: income_stmt=OK, balance_sheet=OK, cashflow=OK, dividends=OK
2026-07-05 06:16:18,705 [INFO] [TIME] 9632 スバル興業 処理時間: 1.25s
2026-07-05 06:16:20,549 [DEBUG] [TIME] 9633 info: 0.12s
2026-07-05 06:16:20,549 [DEBUG] yfinance OK: 9633
2026-07-05 06:16:20,754 [DEBUG] [TIME] 9633 income_stmt: 0.21s
2026-07-05 06:16:21,006 [DEBUG] [TIME] 9633 balance_sheet: 0.25s
2026-07-05 06:16:21,204 [DEBUG] [TIME] 9633 cashflow: 0.20s
2026-07-05 06:16:21,531 [DEBUG] [TIME] 9633 dividends: 0.33s
2026-07-05 06:16:21,532 [INFO] [DETAIL] 9633 東京テアトル: income_stmt=OK, balance_sheet=OK, cashflow=OK, dividends=OK
2026-07-05 06:16:21,533 [INFO] [TIME] 9633 東京テアトル 処理時間: 1.11s
2026-07-05 06:16:23,494 [DEBUG] [TIME] 9635 info: 0.12s
2026-07-05 06:16:23,494 [DEBUG] yfinance OK: 9635
2026-07-05 06:16:23,690 [DEBUG] [TIME] 9635 income_stmt: 0.20s
2026-07-05 06:16:23,916 [DEBUG] [TIME] 9635 balance_sheet: 0.22s
2026-07-05 06:16:24,126 [DEBUG] [TIME] 9635 cashflow: 0.21s
2026-07-05 06:16:24,325 [DEBUG] [TIME] 9635 dividends: 0.20s
2026-07-05 06:16:24,326 [INFO] [DETAIL] 9635 武蔵野興業: income_stmt=OK, balance_sheet=OK, cashflow=OK, dividends=EMPTY
2026-07-05 06:16:24,326 [INFO] [TIME] 9635 武蔵野興業 処理時間: 0.95s
2026-07-05 06:16:26,078 [DEBUG] [TIME] 9636 info: 0.18s
2026-07-05 06:16:26,079 [DEBUG] yfinance OK: 9636
2026-07-05 06:16:26,250 [DEBUG] [TIME] 9636 income_stmt: 0.17s
2026-07-05 06:16:26,483 [DEBUG] [TIME] 9636 balance_sheet: 0.23s
2026-07-05 06:16:26,671 [DEBUG] [TIME] 9636 cashflow: 0.19s
2026-07-05 06:16:26,997 [DEBUG] [TIME] 9636 dividends: 0.33s
2026-07-05 06:16:26,998 [INFO] [DETAIL] 9636 きんえい: income_stmt=OK, balance_sheet=OK, cashflow=OK, dividends=OK
2026-07-05 06:16:26,998 [INFO] [TIME] 9636 きんえい 処理時間: 1.10s
2026-07-05 06:16:28,904 [DEBUG] [TIME] 9639 info: 0.12s
2026-07-05 06:16:28,904 [DEBUG] yfinance OK: 9639
2026-07-05 06:16:29,176 [DEBUG] [TIME] 9639 income_stmt: 0.27s
2026-07-05 06:16:29,391 [DEBUG] [TIME] 9639 balance_sheet: 0.21s
2026-07-05 06:16:29,677 [DEBUG] [TIME] 9639 cashflow: 0.28s
2026-07-05 06:16:30,035 [DEBUG] [TIME] 9639 dividends: 0.36s
2026-07-05 06:16:30,036 [INFO] [DETAIL] 9639 三協フロンテア: income_stmt=OK, balance_sheet=OK, cashflow=OK, dividends=OK
2026-07-05 06:16:30,036 [INFO] [TIME] 9639 三協フロンテア 処理時間: 1.26s
2026-07-05 06:16:31,367 [DEBUG] [TIME] 9640 info: 0.12s
2026-07-05 06:16:31,367 [DEBUG] yfinance OK: 9640
2026-07-05 06:16:31,548 [DEBUG] [TIME] 9640 income_stmt: 0.18s
2026-07-05 06:16:31,847 [DEBUG] [TIME] 9640 balance_sheet: 0.30s
2026-07-05 06:16:32,079 [DEBUG] [TIME] 9640 cashflow: 0.23s
2026-07-05 06:16:32,444 [DEBUG] [TIME] 9640 dividends: 0.36s
2026-07-05 06:16:32,445 [INFO] [DETAIL] 9640 セゾンテクノロジー: income_stmt=OK, balance_sheet=OK, cashflow=OK, dividends=OK
2026-07-05 06:16:32,446 [INFO] [TIME] 9640 セゾンテクノロジー 処理時間: 1.20s
2026-07-05 06:16:34,107 [DEBUG] [TIME] 9644 info: 0.18s
2026-07-05 06:16:34,107 [DEBUG] yfinance OK: 9644
2026-07-05 06:16:34,299 [DEBUG] [TIME] 9644 income_stmt: 0.19s
2026-07-05 06:16:34,530 [DEBUG] [TIME] 9644 balance_sheet: 0.23s
2026-07-05 06:16:34,703 [DEBUG] [TIME] 9644 cashflow: 0.17s
2026-07-05 06:16:35,021 [DEBUG] [TIME] 9644 dividends: 0.32s
2026-07-05 06:16:35,022 [INFO] [DETAIL] 9644 タナベコンサルティンググループ: income_stmt=OK, balance_sheet=OK, cashflow=OK, dividends=OK
2026-07-05 06:16:35,022 [INFO] [TIME] 9644 タナベコンサルティンググループ 処理時間: 1.09s
2026-07-05 06:16:36,809 [DEBUG] [TIME] 9647 info: 0.16s
2026-07-05 06:16:36,809 [DEBUG] yfinance OK: 9647
2026-07-05 06:16:36,974 [DEBUG] [TIME] 9647 income_stmt: 0.16s
2026-07-05 06:16:37,176 [DEBUG] [TIME] 9647 balance_sheet: 0.20s
2026-07-05 06:16:37,388 [DEBUG] [TIME] 9647 cashflow: 0.21s
2026-07-05 06:16:37,724 [DEBUG] [TIME] 9647 dividends: 0.34s
2026-07-05 06:16:37,725 [INFO] [DETAIL] 9647 協和コンサルタンツ: income_stmt=OK, balance_sheet=OK, cashflow=OK, dividends=OK
2026-07-05 06:16:37,725 [INFO] [TIME] 9647 協和コンサルタンツ 処理時間: 1.08s
2026-07-05 06:16:38,927 [DEBUG] [TIME] 9651 info: 0.12s
2026-07-05 06:16:38,927 [DEBUG] yfinance OK: 9651
2026-07-05 06:16:39,136 [DEBUG] [TIME] 9651 income_stmt: 0.21s
2026-07-05 06:16:39,310 [DEBUG] [TIME] 9651 balance_sheet: 0.17s
2026-07-05 06:16:39,512 [DEBUG] [TIME] 9651 cashflow: 0.20s
2026-07-05 06:16:39,827 [DEBUG] [TIME] 9651 dividends: 0.32s
2026-07-05 06:16:39,829 [INFO] [DETAIL] 9651 日本プロセス: income_stmt=OK, balance_sheet=OK, cashflow=OK, dividends=OK
2026-07-05 06:16:39,829 [INFO] [TIME] 9651 日本プロセス 処理時間: 1.02s
2026-07-05 06:16:41,019 [DEBUG] [TIME] 9656 info: 0.12s
2026-07-05 06:16:41,020 [DEBUG] yfinance OK: 9656
2026-07-05 06:16:41,192 [DEBUG] [TIME] 9656 income_stmt: 0.17s
2026-07-05 06:16:41,383 [DEBUG] [TIME] 9656 balance_sheet: 0.19s
2026-07-05 06:16:41,649 [DEBUG] [TIME] 9656 cashflow: 0.27s
2026-07-05 06:16:41,954 [DEBUG] [TIME] 9656 dividends: 0.30s
2026-07-05 06:16:41,955 [INFO] [DETAIL] 9656 グリーンランドリゾート: income_stmt=OK, balance_sheet=OK, cashflow=OK, dividends=OK
2026-07-05 06:16:41,955 [INFO] [TIME] 9656 グリーンランドリゾート 処理時間: 1.06s
2026-07-05 06:16:43,776 [DEBUG] [TIME] 9658 info: 0.12s
2026-07-05 06:16:43,776 [DEBUG] yfinance OK: 9658
2026-07-05 06:16:44,038 [DEBUG] [TIME] 9658 income_stmt: 0.26s
2026-07-05 06:16:44,276 [DEBUG] [TIME] 9658 balance_sheet: 0.24s
2026-07-05 06:16:44,426 [DEBUG] [TIME] 9658 cashflow: 0.15s
2026-07-05 06:16:44,811 [DEBUG] [TIME] 9658 dividends: 0.38s
2026-07-05 06:16:44,812 [INFO] [DETAIL] 9658 ビジネスブレイン太田昭和: income_stmt=OK, balance_sheet=OK, cashflow=OK, dividends=OK
2026-07-05 06:16:44,812 [INFO] [TIME] 9658 ビジネスブレイン太田昭和 処理時間: 1.16s
2026-07-05 06:16:46,379 [DEBUG] [TIME] 9661 info: 0.17s
2026-07-05 06:16:46,379 [DEBUG] yfinance OK: 9661
2026-07-05 06:16:46,560 [DEBUG] [TIME] 9661 income_stmt: 0.18s
2026-07-05 06:16:46,740 [DEBUG] [TIME] 9661 balance_sheet: 0.18s
2026-07-05 06:16:46,936 [DEBUG] [TIME] 9661 cashflow: 0.19s
2026-07-05 06:16:47,308 [DEBUG] [TIME] 9661 dividends: 0.37s
2026-07-05 06:16:47,309 [INFO] [DETAIL] 9661 歌舞伎座: income_stmt=OK, balance_sheet=OK, cashflow=OK, dividends=OK
2026-07-05 06:16:47,309 [INFO] [TIME] 9661 歌舞伎座 処理時間: 1.10s
2026-07-05 06:16:49,358 [DEBUG] [TIME] 9663 info: 0.13s
2026-07-05 06:16:49,358 [DEBUG] yfinance OK: 9663
2026-07-05 06:16:49,555 [DEBUG] [TIME] 9663 income_stmt: 0.20s
2026-07-05 06:16:49,805 [DEBUG] [TIME] 9663 balance_sheet: 0.25s
2026-07-05 06:16:49,998 [DEBUG] [TIME] 9663 cashflow: 0.19s
2026-07-05 06:16:50,280 [DEBUG] [TIME] 9663 dividends: 0.28s
2026-07-05 06:16:50,281 [INFO] [DETAIL] 9663 ナガワ: income_stmt=OK, balance_sheet=OK, cashflow=OK, dividends=OK
2026-07-05 06:16:50,281 [INFO] [TIME] 9663 ナガワ 処理時間: 1.05s
2026-07-05 06:16:51,750 [DEBUG] [TIME] 9672 info: 0.13s
2026-07-05 06:16:51,750 [DEBUG] yfinance OK: 9672
2026-07-05 06:16:51,913 [DEBUG] [TIME] 9672 income_stmt: 0.16s
2026-07-05 06:16:52,200 [DEBUG] [TIME] 9672 balance_sheet: 0.29s
2026-07-05 06:16:52,424 [DEBUG] [TIME] 9672 cashflow: 0.22s
2026-07-05 06:16:52,854 [DEBUG] [TIME] 9672 dividends: 0.43s
2026-07-05 06:16:52,856 [INFO] [DETAIL] 9672 東京都競馬: income_stmt=OK, balance_sheet=OK, cashflow=OK, dividends=OK
2026-07-05 06:16:52,856 [INFO] [TIME] 9672 東京都競馬 処理時間: 1.23s
2026-07-05 06:16:54,533 [DEBUG] [TIME] 9678 info: 0.12s
2026-07-05 06:16:54,533 [DEBUG] yfinance OK: 9678
2026-07-05 06:16:54,708 [DEBUG] [TIME] 9678 income_stmt: 0.17s
2026-07-05 06:16:54,913 [DEBUG] [TIME] 9678 balance_sheet: 0.21s
2026-07-05 06:16:55,086 [DEBUG] [TIME] 9678 cashflow: 0.17s
2026-07-05 06:16:55,413 [DEBUG] [TIME] 9678 dividends: 0.33s
2026-07-05 06:16:55,414 [INFO] [DETAIL] 9678 カナモト: income_stmt=OK, balance_sheet=OK, cashflow=OK, dividends=OK
2026-07-05 06:16:55,414 [INFO] [TIME] 9678 カナモト 処理時間: 1.00s
2026-07-05 06:16:57,100 [DEBUG] [TIME] 9679 info: 0.13s
2026-07-05 06:16:57,100 [DEBUG] yfinance OK: 9679
2026-07-05 06:16:57,321 [DEBUG] [TIME] 9679 income_stmt: 0.22s
2026-07-05 06:16:57,601 [DEBUG] [TIME] 9679 balance_sheet: 0.28s
2026-07-05 06:16:57,797 [DEBUG] [TIME] 9679 cashflow: 0.20s
2026-07-05 06:16:58,101 [DEBUG] [TIME] 9679 dividends: 0.30s
2026-07-05 06:16:58,102 [INFO] [DETAIL] 9679 ホウライ: income_stmt=OK, balance_sheet=OK, cashflow=OK, dividends=OK
2026-07-05 06:16:58,102 [INFO] [TIME] 9679 ホウライ 処理時間: 1.14s
2026-07-05 06:16:59,255 [DEBUG] [TIME] 9682 info: 0.12s
2026-07-05 06:16:59,255 [DEBUG] yfinance OK: 9682
2026-07-05 06:16:59,435 [DEBUG] [TIME] 9682 income_stmt: 0.18s
2026-07-05 06:16:59,590 [DEBUG] [TIME] 9682 balance_sheet: 0.15s
2026-07-05 06:16:59,743 [DEBUG] [TIME] 9682 cashflow: 0.15s
2026-07-05 06:17:00,062 [DEBUG] [TIME] 9682 dividends: 0.32s
2026-07-05 06:17:00,063 [INFO] [DETAIL] 9682 ＤＴＳ: income_stmt=OK, balance_sheet=OK, cashflow=OK, dividends=OK
2026-07-05 06:17:00,063 [INFO] [TIME] 9682 ＤＴＳ 処理時間: 0.93s
2026-07-05 06:17:01,685 [DEBUG] [TIME] 9684 info: 0.12s
2026-07-05 06:17:01,685 [DEBUG] yfinance OK: 9684
2026-07-05 06:17:01,927 [DEBUG] [TIME] 9684 income_stmt: 0.24s
2026-07-05 06:17:02,182 [DEBUG] [TIME] 9684 balance_sheet: 0.25s
2026-07-05 06:17:02,364 [DEBUG] [TIME] 9684 cashflow: 0.18s
2026-07-05 06:17:02,720 [DEBUG] [TIME] 9684 dividends: 0.36s
2026-07-05 06:17:02,721 [INFO] [DETAIL] 9684 スクウェア・エニックス・ホールディングス: income_stmt=OK, balance_sheet=OK, cashflow=OK, dividends=OK
2026-07-05 06:17:02,721 [INFO] [TIME] 9684 スクウェア・エニックス・ホールディングス 処理時間: 1.16s
2026-07-05 06:17:04,186 [DEBUG] [TIME] 9685 info: 0.17s
2026-07-05 06:17:04,186 [DEBUG] yfinance OK: 9685
2026-07-05 06:17:04,391 [DEBUG] [TIME] 9685 income_stmt: 0.21s
2026-07-05 06:17:04,730 [DEBUG] [TIME] 9685 balance_sheet: 0.34s
2026-07-05 06:17:04,944 [DEBUG] [TIME] 9685 cashflow: 0.21s
2026-07-05 06:17:05,215 [DEBUG] [TIME] 9685 dividends: 0.27s
2026-07-05 06:17:05,216 [INFO] [DETAIL] 9685 ＫＹＣＯＭホールディングス: income_stmt=OK, balance_sheet=OK, cashflow=OK, dividends=OK
2026-07-05 06:17:05,216 [INFO] [TIME] 9685 ＫＹＣＯＭホールディングス 処理時間: 1.20s
2026-07-05 06:17:07,084 [DEBUG] [TIME] 9686 info: 0.12s
2026-07-05 06:17:07,085 [DEBUG] yfinance OK: 9686
2026-07-05 06:17:07,278 [DEBUG] [TIME] 9686 income_stmt: 0.19s
2026-07-05 06:17:07,481 [DEBUG] [TIME] 9686 balance_sheet: 0.20s
2026-07-05 06:17:07,706 [DEBUG] [TIME] 9686 cashflow: 0.22s
2026-07-05 06:17:08,088 [DEBUG] [TIME] 9686 dividends: 0.38s
2026-07-05 06:17:08,089 [INFO] [DETAIL] 9686 東洋テック: income_stmt=OK, balance_sheet=OK, cashflow=OK, dividends=OK
2026-07-05 06:17:08,089 [INFO] [TIME] 9686 東洋テック 処理時間: 1.12s
2026-07-05 06:17:09,783 [DEBUG] [TIME] 9687 info: 0.12s
2026-07-05 06:17:09,783 [DEBUG] yfinance OK: 9687
2026-07-05 06:17:10,026 [DEBUG] [TIME] 9687 income_stmt: 0.24s
2026-07-05 06:17:10,258 [DEBUG] [TIME] 9687 balance_sheet: 0.23s
2026-07-05 06:17:10,464 [DEBUG] [TIME] 9687 cashflow: 0.20s
2026-07-05 06:17:10,764 [DEBUG] [TIME] 9687 dividends: 0.30s
2026-07-05 06:17:10,765 [INFO] [DETAIL] 9687 ＫＳＫ: income_stmt=OK, balance_sheet=OK, cashflow=OK, dividends=OK
2026-07-05 06:17:10,765 [INFO] [TIME] 9687 ＫＳＫ 処理時間: 1.10s
2026-07-05 06:17:12,295 [DEBUG] [TIME] 9691 info: 0.12s
2026-07-05 06:17:12,295 [DEBUG] yfinance OK: 9691
2026-07-05 06:17:12,439 [DEBUG] [TIME] 9691 income_stmt: 0.14s
2026-07-05 06:17:12,647 [DEBUG] [TIME] 9691 balance_sheet: 0.21s
2026-07-05 06:17:12,835 [DEBUG] [TIME] 9691 cashflow: 0.19s
2026-07-05 06:17:13,132 [DEBUG] [TIME] 9691 dividends: 0.30s
2026-07-05 06:17:13,133 [INFO] [DETAIL] 9691 両毛システムズ: income_stmt=OK, balance_sheet=OK, cashflow=OK, dividends=OK
2026-07-05 06:17:13,134 [INFO] [TIME] 9691 両毛システムズ 処理時間: 0.96s
2026-07-05 06:17:15,238 [DEBUG] [TIME] 9692 info: 0.13s
2026-07-05 06:17:15,238 [DEBUG] yfinance OK: 9692
2026-07-05 06:17:15,482 [DEBUG] [TIME] 9692 income_stmt: 0.24s
2026-07-05 06:17:15,820 [DEBUG] [TIME] 9692 balance_sheet: 0.34s
2026-07-05 06:17:15,978 [DEBUG] [TIME] 9692 cashflow: 0.16s
2026-07-05 06:17:16,374 [DEBUG] [TIME] 9692 dividends: 0.40s
2026-07-05 06:17:16,375 [INFO] [DETAIL] 9692 シーイーシー: income_stmt=OK, balance_sheet=OK, cashflow=OK, dividends=OK
2026-07-05 06:17:16,375 [INFO] [TIME] 9692 シーイーシー 処理時間: 1.26s
2026-07-05 06:17:18,124 [DEBUG] [TIME] 9697 info: 0.12s
2026-07-05 06:17:18,124 [DEBUG] yfinance OK: 9697
2026-07-05 06:17:18,379 [DEBUG] [TIME] 9697 income_stmt: 0.26s
2026-07-05 06:17:18,573 [DEBUG] [TIME] 9697 balance_sheet: 0.19s
2026-07-05 06:17:18,788 [DEBUG] [TIME] 9697 cashflow: 0.21s
2026-07-05 06:17:19,103 [DEBUG] [TIME] 9697 dividends: 0.31s
2026-07-05 06:17:19,105 [INFO] [DETAIL] 9697 カプコン: income_stmt=OK, balance_sheet=OK, cashflow=OK, dividends=OK
2026-07-05 06:17:19,105 [INFO] [TIME] 9697 カプコン 処理時間: 1.11s
2026-07-05 06:17:21,089 [DEBUG] [TIME] 9698 info: 0.12s
2026-07-05 06:17:21,089 [DEBUG] yfinance OK: 9698
2026-07-05 06:17:21,262 [DEBUG] [TIME] 9698 income_stmt: 0.17s
2026-07-05 06:17:21,478 [DEBUG] [TIME] 9698 balance_sheet: 0.21s
2026-07-05 06:17:21,712 [DEBUG] [TIME] 9698 cashflow: 0.23s
2026-07-05 06:17:21,976 [DEBUG] [TIME] 9698 dividends: 0.26s
2026-07-05 06:17:21,977 [INFO] [DETAIL] 9698 クレオ: income_stmt=OK, balance_sheet=OK, cashflow=OK, dividends=OK
2026-07-05 06:17:21,977 [INFO] [TIME] 9698 クレオ 処理時間: 1.01s
2026-07-05 06:17:23,984 [DEBUG] [TIME] 9699 info: 0.13s
2026-07-05 06:17:23,984 [DEBUG] yfinance OK: 9699
2026-07-05 06:17:24,167 [DEBUG] [TIME] 9699 income_stmt: 0.18s
2026-07-05 06:17:24,363 [DEBUG] [TIME] 9699 balance_sheet: 0.20s
2026-07-05 06:17:24,550 [DEBUG] [TIME] 9699 cashflow: 0.19s
2026-07-05 06:17:24,831 [DEBUG] [TIME] 9699 dividends: 0.28s
2026-07-05 06:17:24,832 [INFO] [DETAIL] 9699 ニシオホールディングス: income_stmt=OK, balance_sheet=OK, cashflow=OK, dividends=OK
2026-07-05 06:17:24,832 [INFO] [TIME] 9699 ニシオホールディングス 処理時間: 0.98s
2026-07-05 06:17:26,242 [DEBUG] [TIME] 9701 info: 0.13s
2026-07-05 06:17:26,242 [DEBUG] yfinance OK: 9701
2026-07-05 06:17:26,416 [DEBUG] [TIME] 9701 income_stmt: 0.17s
2026-07-05 06:17:26,669 [DEBUG] [TIME] 9701 balance_sheet: 0.25s
2026-07-05 06:17:26,855 [DEBUG] [TIME] 9701 cashflow: 0.18s
2026-07-05 06:17:27,133 [DEBUG] [TIME] 9701 dividends: 0.28s
2026-07-05 06:17:27,134 [INFO] [DETAIL] 9701 東京會舘: income_stmt=OK, balance_sheet=OK, cashflow=OK, dividends=OK
2026-07-05 06:17:27,134 [INFO] [TIME] 9701 東京會舘 処理時間: 1.02s
2026-07-05 06:17:28,327 [DEBUG] [TIME] 9702 info: 0.12s
2026-07-05 06:17:28,327 [DEBUG] yfinance OK: 9702
2026-07-05 06:17:28,504 [DEBUG] [TIME] 9702 income_stmt: 0.18s
2026-07-05 06:17:28,705 [DEBUG] [TIME] 9702 balance_sheet: 0.20s
2026-07-05 06:17:28,892 [DEBUG] [TIME] 9702 cashflow: 0.19s
2026-07-05 06:17:29,214 [DEBUG] [TIME] 9702 dividends: 0.32s
2026-07-05 06:17:29,215 [INFO] [DETAIL] 9702 アイ・エス・ビー: income_stmt=OK, balance_sheet=OK, cashflow=OK, dividends=OK
2026-07-05 06:17:29,215 [INFO] [TIME] 9702 アイ・エス・ビー 処理時間: 1.01s
2026-07-05 06:17:31,104 [DEBUG] [TIME] 9704 info: 0.15s
2026-07-05 06:17:31,105 [DEBUG] yfinance OK: 9704
2026-07-05 06:17:31,319 [DEBUG] [TIME] 9704 income_stmt: 0.21s
2026-07-05 06:17:31,603 [DEBUG] [TIME] 9704 balance_sheet: 0.28s
2026-07-05 06:17:31,828 [DEBUG] [TIME] 9704 cashflow: 0.22s
2026-07-05 06:17:32,039 [DEBUG] [TIME] 9704 dividends: 0.21s
2026-07-05 06:17:32,039 [INFO] [DETAIL] 9704 アゴーラ　ホスピタリティー　グループ: income_stmt=OK, balance_sheet=OK, cashflow=OK, dividends=EMPTY
2026-07-05 06:17:32,039 [INFO] [TIME] 9704 アゴーラ　ホスピタリティー　グループ 処理時間: 1.09s
2026-07-05 06:17:33,639 [DEBUG] [TIME] 9706 info: 0.12s
2026-07-05 06:17:33,640 [DEBUG] yfinance OK: 9706
2026-07-05 06:17:33,828 [DEBUG] [TIME] 9706 income_stmt: 0.19s
2026-07-05 06:17:34,027 [DEBUG] [TIME] 9706 balance_sheet: 0.20s
2026-07-05 06:17:34,269 [DEBUG] [TIME] 9706 cashflow: 0.24s
2026-07-05 06:17:34,653 [DEBUG] [TIME] 9706 dividends: 0.38s
2026-07-05 06:17:34,654 [INFO] [DETAIL] 9706 日本空港ビルデング: income_stmt=OK, balance_sheet=OK, cashflow=OK, dividends=OK
2026-07-05 06:17:34,654 [INFO] [TIME] 9706 日本空港ビルデング 処理時間: 1.14s
2026-07-05 06:17:36,658 [DEBUG] [TIME] 9708 info: 0.12s
2026-07-05 06:17:36,658 [DEBUG] yfinance OK: 9708
2026-07-05 06:17:36,838 [DEBUG] [TIME] 9708 income_stmt: 0.18s
2026-07-05 06:17:37,014 [DEBUG] [TIME] 9708 balance_sheet: 0.18s
2026-07-05 06:17:37,185 [DEBUG] [TIME] 9708 cashflow: 0.17s
2026-07-05 06:17:37,540 [DEBUG] [TIME] 9708 dividends: 0.36s
2026-07-05 06:17:37,541 [INFO] [DETAIL] 9708 帝国ホテル: income_stmt=OK, balance_sheet=OK, cashflow=OK, dividends=OK
2026-07-05 06:17:37,542 [INFO] [TIME] 9708 帝国ホテル 処理時間: 1.00s
2026-07-05 06:17:39,371 [DEBUG] [TIME] 9709 info: 0.12s
2026-07-05 06:17:39,371 [DEBUG] yfinance OK: 9709
2026-07-05 06:17:39,555 [DEBUG] [TIME] 9709 income_stmt: 0.18s
2026-07-05 06:17:39,744 [DEBUG] [TIME] 9709 balance_sheet: 0.19s
2026-07-05 06:17:39,983 [DEBUG] [TIME] 9709 cashflow: 0.24s
2026-07-05 06:17:40,290 [DEBUG] [TIME] 9709 dividends: 0.31s
2026-07-05 06:17:40,291 [INFO] [DETAIL] 9709 ＮＣＳ＆Ａ: income_stmt=OK, balance_sheet=OK, cashflow=OK, dividends=OK
2026-07-05 06:17:40,291 [INFO] [TIME] 9709 ＮＣＳ＆Ａ 処理時間: 1.04s
2026-07-05 06:17:41,954 [DEBUG] [TIME] 9713 info: 0.37s
2026-07-05 06:17:41,954 [DEBUG] yfinance OK: 9713
2026-07-05 06:17:42,124 [DEBUG] [TIME] 9713 income_stmt: 0.17s
2026-07-05 06:17:42,311 [DEBUG] [TIME] 9713 balance_sheet: 0.19s
2026-07-05 06:17:42,545 [DEBUG] [TIME] 9713 cashflow: 0.23s
2026-07-05 06:17:42,780 [DEBUG] [TIME] 9713 dividends: 0.23s
2026-07-05 06:17:42,781 [INFO] [DETAIL] 9713 ロイヤルホテル: income_stmt=OK, balance_sheet=OK, cashflow=OK, dividends=OK
2026-07-05 06:17:42,781 [INFO] [TIME] 9713 ロイヤルホテル 処理時間: 1.19s
2026-07-05 06:17:44,257 [DEBUG] [TIME] 9715 info: 0.17s
2026-07-05 06:17:44,257 [DEBUG] yfinance OK: 9715
2026-07-05 06:17:44,427 [DEBUG] [TIME] 9715 income_stmt: 0.17s
2026-07-05 06:17:44,663 [DEBUG] [TIME] 9715 balance_sheet: 0.24s
2026-07-05 06:17:44,829 [DEBUG] [TIME] 9715 cashflow: 0.16s
2026-07-05 06:17:45,167 [DEBUG] [TIME] 9715 dividends: 0.34s
2026-07-05 06:17:45,168 [INFO] [DETAIL] 9715 トランス・コスモス: income_stmt=OK, balance_sheet=OK, cashflow=OK, dividends=OK
2026-07-05 06:17:45,168 [INFO] [TIME] 9715 トランス・コスモス 処理時間: 1.09s
2026-07-05 06:17:46,567 [DEBUG] [TIME] 9716 info: 0.14s
2026-07-05 06:17:46,568 [DEBUG] yfinance OK: 9716
2026-07-05 06:17:46,753 [DEBUG] [TIME] 9716 income_stmt: 0.19s
2026-07-05 06:17:46,915 [DEBUG] [TIME] 9716 balance_sheet: 0.16s
2026-07-05 06:17:47,054 [DEBUG] [TIME] 9716 cashflow: 0.14s
2026-07-05 06:17:47,387 [DEBUG] [TIME] 9716 dividends: 0.33s
2026-07-05 06:17:47,388 [INFO] [DETAIL] 9716 乃村工藝社: income_stmt=OK, balance_sheet=OK, cashflow=OK, dividends=OK
2026-07-05 06:17:47,388 [INFO] [TIME] 9716 乃村工藝社 処理時間: 0.96s
2026-07-05 06:17:49,009 [DEBUG] [TIME] 9720 info: 0.13s
2026-07-05 06:17:49,009 [DEBUG] yfinance OK: 9720
2026-07-05 06:17:49,207 [DEBUG] [TIME] 9720 income_stmt: 0.20s
2026-07-05 06:17:49,438 [DEBUG] [TIME] 9720 balance_sheet: 0.23s
2026-07-05 06:17:49,644 [DEBUG] [TIME] 9720 cashflow: 0.20s
2026-07-05 06:17:49,985 [DEBUG] [TIME] 9720 dividends: 0.34s
2026-07-05 06:17:49,986 [INFO] [DETAIL] 9720 ホテル、ニューグランド: income_stmt=OK, balance_sheet=OK, cashflow=OK, dividends=OK
2026-07-05 06:17:49,986 [INFO] [TIME] 9720 ホテル、ニューグランド 処理時間: 1.11s
2026-07-05 06:17:51,528 [DEBUG] [TIME] 9722 info: 0.13s
2026-07-05 06:17:51,528 [DEBUG] yfinance OK: 9722
2026-07-05 06:17:51,703 [DEBUG] [TIME] 9722 income_stmt: 0.17s
2026-07-05 06:17:51,935 [DEBUG] [TIME] 9722 balance_sheet: 0.23s
2026-07-05 06:17:52,629 [DEBUG] [TIME] 9722 cashflow: 0.69s
2026-07-05 06:17:52,952 [DEBUG] [TIME] 9722 dividends: 0.32s
2026-07-05 06:17:52,953 [INFO] [DETAIL] 9722 藤田観光: income_stmt=OK, balance_sheet=OK, cashflow=OK, dividends=OK
2026-07-05 06:17:52,953 [INFO] [TIME] 9722 藤田観光 処理時間: 1.56s
2026-07-05 06:17:54,872 [DEBUG] [TIME] 9723 info: 0.12s
2026-07-05 06:17:54,872 [DEBUG] yfinance OK: 9723
2026-07-05 06:17:55,041 [DEBUG] [TIME] 9723 income_stmt: 0.17s
2026-07-05 06:17:55,260 [DEBUG] [TIME] 9723 balance_sheet: 0.22s
2026-07-05 06:17:55,454 [DEBUG] [TIME] 9723 cashflow: 0.19s
2026-07-05 06:17:55,697 [DEBUG] [TIME] 9723 dividends: 0.24s
2026-07-05 06:17:55,698 [INFO] [DETAIL] 9723 京都ホテル: income_stmt=OK, balance_sheet=OK, cashflow=OK, dividends=OK
2026-07-05 06:17:55,698 [INFO] [TIME] 9723 京都ホテル 処理時間: 0.95s
2026-07-05 06:17:57,762 [DEBUG] [TIME] 9726 info: 0.12s
2026-07-05 06:17:57,762 [DEBUG] yfinance OK: 9726
2026-07-05 06:17:57,961 [DEBUG] [TIME] 9726 income_stmt: 0.20s
2026-07-05 06:17:58,192 [DEBUG] [TIME] 9726 balance_sheet: 0.23s
2026-07-05 06:17:58,357 [DEBUG] [TIME] 9726 cashflow: 0.16s
2026-07-05 06:17:58,578 [DEBUG] [TIME] 9726 dividends: 0.22s
2026-07-05 06:17:58,578 [INFO] [DETAIL] 9726 ＫＮＴ－ＣＴホールディングス: income_stmt=OK, balance_sheet=OK, cashflow=OK, dividends=OK
2026-07-05 06:17:58,578 [INFO] [TIME] 9726 ＫＮＴ－ＣＴホールディングス 処理時間: 0.94s
2026-07-05 06:18:00,510 [DEBUG] [TIME] 9729 info: 0.12s
2026-07-05 06:18:00,510 [DEBUG] yfinance OK: 9729
2026-07-05 06:18:00,675 [DEBUG] [TIME] 9729 income_stmt: 0.16s
2026-07-05 06:18:00,978 [DEBUG] [TIME] 9729 balance_sheet: 0.30s
2026-07-05 06:18:01,192 [DEBUG] [TIME] 9729 cashflow: 0.21s
2026-07-05 06:18:01,471 [DEBUG] [TIME] 9729 dividends: 0.28s
2026-07-05 06:18:01,472 [INFO] [DETAIL] 9729 トーカイ: income_stmt=OK, balance_sheet=OK, cashflow=OK, dividends=OK
2026-07-05 06:18:01,472 [INFO] [TIME] 9729 トーカイ 処理時間: 1.08s
2026-07-05 06:18:03,008 [DEBUG] [TIME] 9731 info: 0.18s
2026-07-05 06:18:03,008 [DEBUG] yfinance OK: 9731
2026-07-05 06:18:03,298 [DEBUG] [TIME] 9731 income_stmt: 0.29s
2026-07-05 06:18:03,569 [DEBUG] [TIME] 9731 balance_sheet: 0.27s
2026-07-05 06:18:03,746 [DEBUG] [TIME] 9731 cashflow: 0.18s
2026-07-05 06:18:04,072 [DEBUG] [TIME] 9731 dividends: 0.33s
2026-07-05 06:18:04,073 [INFO] [DETAIL] 9731 白洋舎: income_stmt=OK, balance_sheet=OK, cashflow=OK, dividends=OK
2026-07-05 06:18:04,073 [INFO] [TIME] 9731 白洋舎 処理時間: 1.24s
2026-07-05 06:18:05,386 [DEBUG] [TIME] 9733 info: 0.12s
2026-07-05 06:18:05,386 [DEBUG] yfinance OK: 9733
2026-07-05 06:18:05,537 [DEBUG] [TIME] 9733 income_stmt: 0.15s
2026-07-05 06:18:05,731 [DEBUG] [TIME] 9733 balance_sheet: 0.19s
2026-07-05 06:18:05,901 [DEBUG] [TIME] 9733 cashflow: 0.17s
2026-07-05 06:18:06,271 [DEBUG] [TIME] 9733 dividends: 0.37s
2026-07-05 06:18:06,272 [INFO] [DETAIL] 9733 ナガセ: income_stmt=OK, balance_sheet=OK, cashflow=OK, dividends=OK
2026-07-05 06:18:06,272 [INFO] [TIME] 9733 ナガセ 処理時間: 1.01s
2026-07-05 06:18:07,983 [DEBUG] [TIME] 9735 info: 0.24s
2026-07-05 06:18:07,983 [DEBUG] yfinance OK: 9735
2026-07-05 06:18:08,160 [DEBUG] [TIME] 9735 income_stmt: 0.18s
2026-07-05 06:18:08,442 [DEBUG] [TIME] 9735 balance_sheet: 0.28s
2026-07-05 06:18:08,632 [DEBUG] [TIME] 9735 cashflow: 0.19s
2026-07-05 06:18:08,994 [DEBUG] [TIME] 9735 dividends: 0.36s
2026-07-05 06:18:08,995 [INFO] [DETAIL] 9735 セコム: income_stmt=OK, balance_sheet=OK, cashflow=OK, dividends=OK
2026-07-05 06:18:08,995 [INFO] [TIME] 9735 セコム 処理時間: 1.25s
2026-07-05 06:18:10,221 [DEBUG] [TIME] 9739 info: 0.12s
2026-07-05 06:18:10,221 [DEBUG] yfinance OK: 9739
2026-07-05 06:18:10,429 [DEBUG] [TIME] 9739 income_stmt: 0.21s
2026-07-05 06:18:10,677 [DEBUG] [TIME] 9739 balance_sheet: 0.25s
2026-07-05 06:18:10,901 [DEBUG] [TIME] 9739 cashflow: 0.22s
2026-07-05 06:18:11,255 [DEBUG] [TIME] 9739 dividends: 0.35s
2026-07-05 06:18:11,256 [INFO] [DETAIL] 9739 ＮＳＷ: income_stmt=OK, balance_sheet=OK, cashflow=OK, dividends=OK
2026-07-05 06:18:11,256 [INFO] [TIME] 9739 ＮＳＷ 処理時間: 1.16s
2026-07-05 06:18:12,523 [DEBUG] [TIME] 9740 info: 0.13s
2026-07-05 06:18:12,523 [DEBUG] yfinance OK: 9740
2026-07-05 06:18:12,744 [DEBUG] [TIME] 9740 income_stmt: 0.22s
2026-07-05 06:18:12,991 [DEBUG] [TIME] 9740 balance_sheet: 0.25s
2026-07-05 06:18:13,157 [DEBUG] [TIME] 9740 cashflow: 0.17s
2026-07-05 06:18:13,472 [DEBUG] [TIME] 9740 dividends: 0.31s
2026-07-05 06:18:13,473 [INFO] [DETAIL] 9740 セントラル警備保障: income_stmt=OK, balance_sheet=OK, cashflow=OK, dividends=OK
2026-07-05 06:18:13,473 [INFO] [TIME] 9740 セントラル警備保障 処理時間: 1.08s
2026-07-05 06:18:15,431 [DEBUG] [TIME] 9742 info: 0.13s
2026-07-05 06:18:15,432 [DEBUG] yfinance OK: 9742
2026-07-05 06:18:15,627 [DEBUG] [TIME] 9742 income_stmt: 0.20s
2026-07-05 06:18:15,853 [DEBUG] [TIME] 9742 balance_sheet: 0.23s
2026-07-05 06:18:16,038 [DEBUG] [TIME] 9742 cashflow: 0.18s
2026-07-05 06:18:16,374 [DEBUG] [TIME] 9742 dividends: 0.34s
2026-07-05 06:18:16,375 [INFO] [DETAIL] 9742 アイネス: income_stmt=OK, balance_sheet=OK, cashflow=OK, dividends=OK
2026-07-05 06:18:16,375 [INFO] [TIME] 9742 アイネス 処理時間: 1.07s
2026-07-05 06:18:18,160 [DEBUG] [TIME] 9743 info: 0.12s
2026-07-05 06:18:18,160 [DEBUG] yfinance OK: 9743
2026-07-05 06:18:18,367 [DEBUG] [TIME] 9743 income_stmt: 0.21s
2026-07-05 06:18:18,571 [DEBUG] [TIME] 9743 balance_sheet: 0.20s
2026-07-05 06:18:18,887 [DEBUG] [TIME] 9743 cashflow: 0.32s
2026-07-05 06:18:19,253 [DEBUG] [TIME] 9743 dividends: 0.37s
2026-07-05 06:18:19,254 [INFO] [DETAIL] 9743 丹青社: income_stmt=OK, balance_sheet=OK, cashflow=OK, dividends=OK
2026-07-05 06:18:19,254 [INFO] [TIME] 9743 丹青社 処理時間: 1.22s
2026-07-05 06:18:20,839 [DEBUG] [TIME] 9744 info: 0.12s
2026-07-05 06:18:20,839 [DEBUG] yfinance OK: 9744
2026-07-05 06:18:20,974 [DEBUG] [TIME] 9744 income_stmt: 0.14s
2026-07-05 06:18:21,247 [DEBUG] [TIME] 9744 balance_sheet: 0.27s
2026-07-05 06:18:21,506 [DEBUG] [TIME] 9744 cashflow: 0.26s
2026-07-05 06:18:21,839 [DEBUG] [TIME] 9744 dividends: 0.33s
2026-07-05 06:18:21,840 [INFO] [DETAIL] 9744 メイテックグループホールディングス: income_stmt=OK, balance_sheet=OK, cashflow=OK, dividends=OK
2026-07-05 06:18:21,840 [INFO] [TIME] 9744 メイテックグループホールディングス 処理時間: 1.13s
2026-07-05 06:18:23,933 [DEBUG] [TIME] 9746 info: 0.12s
2026-07-05 06:18:23,933 [DEBUG] yfinance OK: 9746
2026-07-05 06:18:24,210 [DEBUG] [TIME] 9746 income_stmt: 0.28s
2026-07-05 06:18:24,419 [DEBUG] [TIME] 9746 balance_sheet: 0.21s
2026-07-05 06:18:24,625 [DEBUG] [TIME] 9746 cashflow: 0.21s
2026-07-05 06:18:24,993 [DEBUG] [TIME] 9746 dividends: 0.37s
2026-07-05 06:18:24,994 [INFO] [DETAIL] 9746 ＴＫＣ: income_stmt=OK, balance_sheet=OK, cashflow=OK, dividends=OK
2026-07-05 06:18:24,994 [INFO] [TIME] 9746 ＴＫＣ 処理時間: 1.18s
2026-07-05 06:18:26,940 [DEBUG] [TIME] 9753 info: 0.12s
2026-07-05 06:18:26,940 [DEBUG] yfinance OK: 9753
2026-07-05 06:18:27,107 [DEBUG] [TIME] 9753 income_stmt: 0.17s
2026-07-05 06:18:27,319 [DEBUG] [TIME] 9753 balance_sheet: 0.21s
2026-07-05 06:18:27,492 [DEBUG] [TIME] 9753 cashflow: 0.17s
2026-07-05 06:18:27,783 [DEBUG] [TIME] 9753 dividends: 0.29s
2026-07-05 06:18:27,784 [INFO] [DETAIL] 9753 アイエックス・ナレッジ: income_stmt=OK, balance_sheet=OK, cashflow=OK, dividends=OK
2026-07-05 06:18:27,784 [INFO] [TIME] 9753 アイエックス・ナレッジ 処理時間: 0.97s
2026-07-05 06:18:29,218 [DEBUG] [TIME] 9755 info: 0.13s
2026-07-05 06:18:29,218 [DEBUG] yfinance OK: 9755
2026-07-05 06:18:29,378 [DEBUG] [TIME] 9755 income_stmt: 0.16s
2026-07-05 06:18:29,607 [DEBUG] [TIME] 9755 balance_sheet: 0.23s
2026-07-05 06:18:29,796 [DEBUG] [TIME] 9755 cashflow: 0.19s
2026-07-05 06:18:30,104 [DEBUG] [TIME] 9755 dividends: 0.31s
2026-07-05 06:18:30,105 [INFO] [DETAIL] 9755 応用地質: income_stmt=OK, balance_sheet=OK, cashflow=OK, dividends=OK
2026-07-05 06:18:30,105 [INFO] [TIME] 9755 応用地質 処理時間: 1.01s
2026-07-05 06:18:31,237 [DEBUG] [TIME] 9757 info: 0.12s
2026-07-05 06:18:31,237 [DEBUG] yfinance OK: 9757
2026-07-05 06:18:31,400 [DEBUG] [TIME] 9757 income_stmt: 0.16s
2026-07-05 06:18:31,578 [DEBUG] [TIME] 9757 balance_sheet: 0.18s
2026-07-05 06:18:31,806 [DEBUG] [TIME] 9757 cashflow: 0.23s
2026-07-05 06:18:32,150 [DEBUG] [TIME] 9757 dividends: 0.34s
2026-07-05 06:18:32,151 [INFO] [DETAIL] 9757 船井総研ホールディングス: income_stmt=OK, balance_sheet=OK, cashflow=OK, dividends=OK
2026-07-05 06:18:32,151 [INFO] [TIME] 9757 船井総研ホールディングス 処理時間: 1.04s
2026-07-05 06:18:34,143 [DEBUG] [TIME] 9759 info: 0.13s
2026-07-05 06:18:34,143 [DEBUG] yfinance OK: 9759
2026-07-05 06:18:34,336 [DEBUG] [TIME] 9759 income_stmt: 0.19s
2026-07-05 06:18:34,515 [DEBUG] [TIME] 9759 balance_sheet: 0.18s
2026-07-05 06:18:34,708 [DEBUG] [TIME] 9759 cashflow: 0.19s
2026-07-05 06:18:35,018 [DEBUG] [TIME] 9759 dividends: 0.31s
2026-07-05 06:18:35,019 [INFO] [DETAIL] 9759 ＮＳＤ: income_stmt=OK, balance_sheet=OK, cashflow=OK, dividends=OK
2026-07-05 06:18:35,019 [INFO] [TIME] 9759 ＮＳＤ 処理時間: 1.00s
2026-07-05 06:18:36,579 [DEBUG] [TIME] 9760 info: 0.12s
2026-07-05 06:18:36,579 [DEBUG] yfinance OK: 9760
2026-07-05 06:18:36,757 [DEBUG] [TIME] 9760 income_stmt: 0.18s
2026-07-05 06:18:36,958 [DEBUG] [TIME] 9760 balance_sheet: 0.20s
2026-07-05 06:18:37,121 [DEBUG] [TIME] 9760 cashflow: 0.16s
2026-07-05 06:18:37,393 [DEBUG] [TIME] 9760 dividends: 0.27s
2026-07-05 06:18:37,394 [INFO] [DETAIL] 9760 進学会ホールディングス: income_stmt=OK, balance_sheet=OK, cashflow=OK, dividends=OK
2026-07-05 06:18:37,394 [INFO] [TIME] 9760 進学会ホールディングス 処理時間: 0.94s
2026-07-05 06:18:38,735 [DEBUG] [TIME] 9761 info: 0.17s
2026-07-05 06:18:38,735 [DEBUG] yfinance OK: 9761
2026-07-05 06:18:38,904 [DEBUG] [TIME] 9761 income_stmt: 0.17s
2026-07-05 06:18:39,085 [DEBUG] [TIME] 9761 balance_sheet: 0.18s
2026-07-05 06:18:39,248 [DEBUG] [TIME] 9761 cashflow: 0.16s
2026-07-05 06:18:39,585 [DEBUG] [TIME] 9761 dividends: 0.34s
2026-07-05 06:18:39,586 [INFO] [DETAIL] 9761 東海リース: income_stmt=OK, balance_sheet=OK, cashflow=OK, dividends=OK
2026-07-05 06:18:39,586 [INFO] [TIME] 9761 東海リース 処理時間: 1.02s
2026-07-05 06:18:41,394 [DEBUG] [TIME] 9763 info: 0.18s
2026-07-05 06:18:41,394 [DEBUG] yfinance OK: 9763
2026-07-05 06:18:41,603 [DEBUG] [TIME] 9763 income_stmt: 0.21s
2026-07-05 06:18:41,934 [DEBUG] [TIME] 9763 balance_sheet: 0.33s
2026-07-05 06:18:42,129 [DEBUG] [TIME] 9763 cashflow: 0.19s
2026-07-05 06:18:42,474 [DEBUG] [TIME] 9763 dividends: 0.34s
2026-07-05 06:18:42,475 [INFO] [DETAIL] 9763 丸建リース: income_stmt=OK, balance_sheet=OK, cashflow=OK, dividends=OK
2026-07-05 06:18:42,475 [INFO] [TIME] 9763 丸建リース 処理時間: 1.26s
2026-07-05 06:18:44,005 [DEBUG] [TIME] 9765 info: 0.12s
2026-07-05 06:18:44,005 [DEBUG] yfinance OK: 9765
2026-07-05 06:18:44,161 [DEBUG] [TIME] 9765 income_stmt: 0.16s
2026-07-05 06:18:44,338 [DEBUG] [TIME] 9765 balance_sheet: 0.18s
2026-07-05 06:18:44,492 [DEBUG] [TIME] 9765 cashflow: 0.15s
2026-07-05 06:18:44,808 [DEBUG] [TIME] 9765 dividends: 0.32s
2026-07-05 06:18:44,809 [INFO] [DETAIL] 9765 オオバ: income_stmt=OK, balance_sheet=OK, cashflow=OK, dividends=OK
2026-07-05 06:18:44,810 [INFO] [TIME] 9765 オオバ 処理時間: 0.93s
2026-07-05 06:18:46,826 [DEBUG] [TIME] 9766 info: 0.13s
2026-07-05 06:18:46,826 [DEBUG] yfinance OK: 9766
2026-07-05 06:18:47,020 [DEBUG] [TIME] 9766 income_stmt: 0.19s
2026-07-05 06:18:47,253 [DEBUG] [TIME] 9766 balance_sheet: 0.23s
2026-07-05 06:18:47,468 [DEBUG] [TIME] 9766 cashflow: 0.21s
2026-07-05 06:18:47,914 [DEBUG] [TIME] 9766 dividends: 0.45s
2026-07-05 06:18:47,916 [INFO] [DETAIL] 9766 コナミグループ: income_stmt=OK, balance_sheet=OK, cashflow=OK, dividends=OK
2026-07-05 06:18:47,916 [INFO] [TIME] 9766 コナミグループ 処理時間: 1.22s
2026-07-05 06:18:49,357 [DEBUG] [TIME] 9767 info: 0.12s
2026-07-05 06:18:49,357 [DEBUG] yfinance OK: 9767
2026-07-05 06:18:49,528 [DEBUG] [TIME] 9767 income_stmt: 0.17s
2026-07-05 06:18:49,714 [DEBUG] [TIME] 9767 balance_sheet: 0.19s
2026-07-05 06:18:49,887 [DEBUG] [TIME] 9767 cashflow: 0.17s
2026-07-05 06:18:50,251 [DEBUG] [TIME] 9767 dividends: 0.36s
2026-07-05 06:18:50,252 [INFO] [DETAIL] 9767 日建工学: income_stmt=OK, balance_sheet=OK, cashflow=OK, dividends=OK
2026-07-05 06:18:50,253 [INFO] [TIME] 9767 日建工学 処理時間: 1.02s
2026-07-05 06:18:51,690 [DEBUG] [TIME] 9768 info: 0.12s
2026-07-05 06:18:51,690 [DEBUG] yfinance OK: 9768
2026-07-05 06:18:51,883 [DEBUG] [TIME] 9768 income_stmt: 0.19s
2026-07-05 06:18:52,198 [DEBUG] [TIME] 9768 balance_sheet: 0.31s
2026-07-05 06:18:52,417 [DEBUG] [TIME] 9768 cashflow: 0.22s
2026-07-05 06:18:52,768 [DEBUG] [TIME] 9768 dividends: 0.35s
2026-07-05 06:18:52,769 [INFO] [DETAIL] 9768 いであ: income_stmt=OK, balance_sheet=OK, cashflow=OK, dividends=OK
2026-07-05 06:18:52,770 [INFO] [TIME] 9768 いであ 処理時間: 1.20s
2026-07-05 06:18:54,396 [DEBUG] [TIME] 9769 info: 0.12s
2026-07-05 06:18:54,397 [DEBUG] yfinance OK: 9769
2026-07-05 06:18:54,565 [DEBUG] [TIME] 9769 income_stmt: 0.17s
2026-07-05 06:18:54,749 [DEBUG] [TIME] 9769 balance_sheet: 0.18s
2026-07-05 06:18:54,931 [DEBUG] [TIME] 9769 cashflow: 0.18s
2026-07-05 06:18:55,337 [DEBUG] [TIME] 9769 dividends: 0.41s
2026-07-05 06:18:55,338 [INFO] [DETAIL] 9769 学究社: income_stmt=OK, balance_sheet=OK, cashflow=OK, dividends=OK
2026-07-05 06:18:55,338 [INFO] [TIME] 9769 学究社 処理時間: 1.06s
2026-07-05 06:18:56,475 [DEBUG] [TIME] 9778 info: 0.12s
2026-07-05 06:18:56,475 [DEBUG] yfinance OK: 9778
2026-07-05 06:18:56,670 [DEBUG] [TIME] 9778 income_stmt: 0.19s
2026-07-05 06:18:56,929 [DEBUG] [TIME] 9778 balance_sheet: 0.26s
2026-07-05 06:18:57,118 [DEBUG] [TIME] 9778 cashflow: 0.19s
2026-07-05 06:18:57,472 [DEBUG] [TIME] 9778 dividends: 0.35s
2026-07-05 06:18:57,474 [INFO] [DETAIL] 9778 昴: income_stmt=OK, balance_sheet=OK, cashflow=OK, dividends=OK
2026-07-05 06:18:57,474 [INFO] [TIME] 9778 昴 処理時間: 1.12s
2026-07-05 06:18:59,318 [DEBUG] [TIME] 9780 info: 0.17s
2026-07-05 06:18:59,318 [DEBUG] yfinance OK: 9780
2026-07-05 06:18:59,516 [DEBUG] [TIME] 9780 income_stmt: 0.20s
2026-07-05 06:18:59,743 [DEBUG] [TIME] 9780 balance_sheet: 0.23s
2026-07-05 06:18:59,927 [DEBUG] [TIME] 9780 cashflow: 0.18s
2026-07-05 06:19:00,247 [DEBUG] [TIME] 9780 dividends: 0.32s
2026-07-05 06:19:00,248 [INFO] [DETAIL] 9780 ハリマビステム: income_stmt=OK, balance_sheet=OK, cashflow=OK, dividends=OK
2026-07-05 06:19:00,248 [INFO] [TIME] 9780 ハリマビステム 処理時間: 1.10s
2026-07-05 06:19:01,552 [DEBUG] [TIME] 9782 info: 0.17s
2026-07-05 06:19:01,552 [DEBUG] yfinance OK: 9782
2026-07-05 06:19:01,778 [DEBUG] [TIME] 9782 income_stmt: 0.23s
2026-07-05 06:19:02,133 [DEBUG] [TIME] 9782 balance_sheet: 0.35s
2026-07-05 06:19:02,298 [DEBUG] [TIME] 9782 cashflow: 0.16s
2026-07-05 06:19:02,588 [DEBUG] [TIME] 9782 dividends: 0.29s
2026-07-05 06:19:02,589 [INFO] [DETAIL] 9782 ディーエムエス: income_stmt=OK, balance_sheet=OK, cashflow=OK, dividends=OK
2026-07-05 06:19:02,589 [INFO] [TIME] 9782 ディーエムエス 処理時間: 1.21s
2026-07-05 06:19:04,696 [DEBUG] [TIME] 9788 info: 0.13s
2026-07-05 06:19:04,696 [DEBUG] yfinance OK: 9788
2026-07-05 06:19:04,918 [DEBUG] [TIME] 9788 income_stmt: 0.22s
2026-07-05 06:19:05,148 [DEBUG] [TIME] 9788 balance_sheet: 0.23s
2026-07-05 06:19:05,310 [DEBUG] [TIME] 9788 cashflow: 0.16s
2026-07-05 06:19:05,643 [DEBUG] [TIME] 9788 dividends: 0.33s
2026-07-05 06:19:05,645 [INFO] [DETAIL] 9788 ナック: income_stmt=OK, balance_sheet=OK, cashflow=OK, dividends=OK
2026-07-05 06:19:05,645 [INFO] [TIME] 9788 ナック 処理時間: 1.08s
2026-07-05 06:19:07,147 [DEBUG] [TIME] 9790 info: 0.13s
2026-07-05 06:19:07,147 [DEBUG] yfinance OK: 9790
2026-07-05 06:19:07,473 [DEBUG] [TIME] 9790 income_stmt: 0.33s
2026-07-05 06:19:07,690 [DEBUG] [TIME] 9790 balance_sheet: 0.22s
2026-07-05 06:19:08,081 [DEBUG] [TIME] 9790 cashflow: 0.39s
2026-07-05 06:19:08,396 [DEBUG] [TIME] 9790 dividends: 0.31s
2026-07-05 06:19:08,397 [INFO] [DETAIL] 9790 福井コンピュータホールディングス: income_stmt=OK, balance_sheet=OK, cashflow=OK, dividends=OK
2026-07-05 06:19:08,397 [INFO] [TIME] 9790 福井コンピュータホールディングス 処理時間: 1.38s
2026-07-05 06:19:09,538 [DEBUG] [TIME] 9791 info: 0.12s
2026-07-05 06:19:09,538 [DEBUG] yfinance OK: 9791
2026-07-05 06:19:09,760 [DEBUG] [TIME] 9791 income_stmt: 0.22s
2026-07-05 06:19:09,974 [DEBUG] [TIME] 9791 balance_sheet: 0.21s
2026-07-05 06:19:10,137 [DEBUG] [TIME] 9791 cashflow: 0.16s
2026-07-05 06:19:10,503 [DEBUG] [TIME] 9791 dividends: 0.37s
2026-07-05 06:19:10,504 [INFO] [DETAIL] 9791 ビケンテクノ: income_stmt=OK, balance_sheet=OK, cashflow=OK, dividends=OK
2026-07-05 06:19:10,504 [INFO] [TIME] 9791 ビケンテクノ 処理時間: 1.09s
2026-07-05 06:19:12,420 [DEBUG] [TIME] 9793 info: 0.13s
2026-07-05 06:19:12,420 [DEBUG] yfinance OK: 9793
2026-07-05 06:19:12,638 [DEBUG] [TIME] 9793 income_stmt: 0.22s
2026-07-05 06:19:12,802 [DEBUG] [TIME] 9793 balance_sheet: 0.16s
2026-07-05 06:19:13,080 [DEBUG] [TIME] 9793 cashflow: 0.28s
2026-07-05 06:19:13,503 [DEBUG] [TIME] 9793 dividends: 0.42s
2026-07-05 06:19:13,504 [INFO] [DETAIL] 9793 ダイセキ: income_stmt=OK, balance_sheet=OK, cashflow=OK, dividends=OK
2026-07-05 06:19:13,504 [INFO] [TIME] 9793 ダイセキ 処理時間: 1.21s
2026-07-05 06:19:14,881 [DEBUG] [TIME] 9795 info: 0.12s
2026-07-05 06:19:14,881 [DEBUG] yfinance OK: 9795
2026-07-05 06:19:15,072 [DEBUG] [TIME] 9795 income_stmt: 0.19s
2026-07-05 06:19:15,287 [DEBUG] [TIME] 9795 balance_sheet: 0.21s
2026-07-05 06:19:15,467 [DEBUG] [TIME] 9795 cashflow: 0.18s
2026-07-05 06:19:15,745 [DEBUG] [TIME] 9795 dividends: 0.28s
2026-07-05 06:19:15,747 [INFO] [DETAIL] 9795 ステップ: income_stmt=OK, balance_sheet=OK, cashflow=OK, dividends=OK
2026-07-05 06:19:15,747 [INFO] [TIME] 9795 ステップ 処理時間: 0.99s
2026-07-05 06:19:17,094 [DEBUG] [TIME] 9799 info: 0.12s
2026-07-05 06:19:17,094 [DEBUG] yfinance OK: 9799
2026-07-05 06:19:17,241 [DEBUG] [TIME] 9799 income_stmt: 0.15s
2026-07-05 06:19:17,420 [DEBUG] [TIME] 9799 balance_sheet: 0.18s
2026-07-05 06:19:17,572 [DEBUG] [TIME] 9799 cashflow: 0.15s
2026-07-05 06:19:17,842 [DEBUG] [TIME] 9799 dividends: 0.27s
2026-07-05 06:19:17,843 [INFO] [DETAIL] 9799 旭情報サービス: income_stmt=OK, balance_sheet=OK, cashflow=OK, dividends=OK
2026-07-05 06:19:17,843 [INFO] [TIME] 9799 旭情報サービス 処理時間: 0.87s
2026-07-05 06:19:19,568 [DEBUG] [TIME] 9812 info: 0.12s
2026-07-05 06:19:19,568 [DEBUG] yfinance OK: 9812
2026-07-05 06:19:19,816 [DEBUG] [TIME] 9812 income_stmt: 0.25s
2026-07-05 06:19:20,038 [DEBUG] [TIME] 9812 balance_sheet: 0.22s
2026-07-05 06:19:20,225 [DEBUG] [TIME] 9812 cashflow: 0.19s
2026-07-05 06:19:20,598 [DEBUG] [TIME] 9812 dividends: 0.37s
2026-07-05 06:19:20,599 [INFO] [DETAIL] 9812 テーオーホールディングス: income_stmt=OK, balance_sheet=OK, cashflow=OK, dividends=OK
2026-07-05 06:19:20,599 [INFO] [TIME] 9812 テーオーホールディングス 処理時間: 1.15s
2026-07-05 06:19:22,438 [DEBUG] [TIME] 9816 info: 0.12s
2026-07-05 06:19:22,438 [DEBUG] yfinance OK: 9816
2026-07-05 06:19:22,609 [DEBUG] [TIME] 9816 income_stmt: 0.17s
2026-07-05 06:19:22,810 [DEBUG] [TIME] 9816 balance_sheet: 0.20s
2026-07-05 06:19:22,982 [DEBUG] [TIME] 9816 cashflow: 0.17s
2026-07-05 06:19:23,352 [DEBUG] [TIME] 9816 dividends: 0.37s
2026-07-05 06:19:23,353 [INFO] [DETAIL] 9816 ストライダーズ: income_stmt=OK, balance_sheet=OK, cashflow=OK, dividends=OK
2026-07-05 06:19:23,353 [INFO] [TIME] 9816 ストライダーズ 処理時間: 1.03s
2026-07-05 06:19:24,697 [DEBUG] [TIME] 9818 info: 0.12s
2026-07-05 06:19:24,697 [DEBUG] yfinance OK: 9818
2026-07-05 06:19:24,862 [DEBUG] [TIME] 9818 income_stmt: 0.16s
2026-07-05 06:19:25,113 [DEBUG] [TIME] 9818 balance_sheet: 0.25s
2026-07-05 06:19:25,342 [DEBUG] [TIME] 9818 cashflow: 0.23s
2026-07-05 06:19:25,713 [DEBUG] [TIME] 9818 dividends: 0.37s
2026-07-05 06:19:25,714 [INFO] [DETAIL] 9818 大丸エナウィン: income_stmt=OK, balance_sheet=OK, cashflow=OK, dividends=OK
2026-07-05 06:19:25,714 [INFO] [TIME] 9818 大丸エナウィン 処理時間: 1.14s
2026-07-05 06:19:27,125 [DEBUG] [TIME] 9820 info: 0.12s
2026-07-05 06:19:27,126 [DEBUG] yfinance OK: 9820
2026-07-05 06:19:27,298 [DEBUG] [TIME] 9820 income_stmt: 0.17s
2026-07-05 06:19:27,550 [DEBUG] [TIME] 9820 balance_sheet: 0.25s
2026-07-05 06:19:27,745 [DEBUG] [TIME] 9820 cashflow: 0.19s
2026-07-05 06:19:28,056 [DEBUG] [TIME] 9820 dividends: 0.31s
2026-07-05 06:19:28,057 [INFO] [DETAIL] 9820 エムティジェネックス: income_stmt=OK, balance_sheet=OK, cashflow=OK, dividends=OK
2026-07-05 06:19:28,057 [INFO] [TIME] 9820 エムティジェネックス 処理時間: 1.05s
2026-07-05 06:19:29,896 [DEBUG] [TIME] 9823 info: 0.17s
2026-07-05 06:19:29,896 [DEBUG] yfinance OK: 9823
2026-07-05 06:19:30,040 [DEBUG] [TIME] 9823 income_stmt: 0.14s
2026-07-05 06:19:30,310 [DEBUG] [TIME] 9823 balance_sheet: 0.27s
2026-07-05 06:19:30,500 [DEBUG] [TIME] 9823 cashflow: 0.19s
2026-07-05 06:19:30,875 [DEBUG] [TIME] 9823 dividends: 0.37s
2026-07-05 06:19:30,876 [INFO] [DETAIL] 9823 マミーマートホールディングス: income_stmt=OK, balance_sheet=OK, cashflow=OK, dividends=OK
2026-07-05 06:19:30,876 [INFO] [TIME] 9823 マミーマートホールディングス 処理時間: 1.15s
2026-07-05 06:19:32,056 [DEBUG] [TIME] 9824 info: 0.12s
2026-07-05 06:19:32,056 [DEBUG] yfinance OK: 9824
2026-07-05 06:19:32,255 [DEBUG] [TIME] 9824 income_stmt: 0.20s
2026-07-05 06:19:32,523 [DEBUG] [TIME] 9824 balance_sheet: 0.27s
2026-07-05 06:19:32,721 [DEBUG] [TIME] 9824 cashflow: 0.20s
2026-07-05 06:19:33,010 [DEBUG] [TIME] 9824 dividends: 0.29s
2026-07-05 06:19:33,011 [INFO] [DETAIL] 9824 泉州電業: income_stmt=OK, balance_sheet=OK, cashflow=OK, dividends=OK
2026-07-05 06:19:33,011 [INFO] [TIME] 9824 泉州電業 処理時間: 1.08s
2026-07-05 06:19:34,693 [DEBUG] [TIME] 9827 info: 0.30s
2026-07-05 06:19:34,693 [DEBUG] yfinance OK: 9827
2026-07-05 06:19:34,871 [DEBUG] [TIME] 9827 income_stmt: 0.18s
2026-07-05 06:19:35,078 [DEBUG] [TIME] 9827 balance_sheet: 0.21s
2026-07-05 06:19:35,282 [DEBUG] [TIME] 9827 cashflow: 0.20s
2026-07-05 06:19:35,550 [DEBUG] [TIME] 9827 dividends: 0.27s
2026-07-05 06:19:35,551 [INFO] [DETAIL] 9827 リリカラ: income_stmt=OK, balance_sheet=OK, cashflow=OK, dividends=OK
2026-07-05 06:19:35,551 [INFO] [TIME] 9827 リリカラ 処理時間: 1.16s
2026-07-05 06:19:36,782 [DEBUG] [TIME] 9828 info: 0.14s
2026-07-05 06:19:36,782 [DEBUG] yfinance OK: 9828
2026-07-05 06:19:36,972 [DEBUG] [TIME] 9828 income_stmt: 0.19s
2026-07-05 06:19:37,201 [DEBUG] [TIME] 9828 balance_sheet: 0.23s
2026-07-05 06:19:37,365 [DEBUG] [TIME] 9828 cashflow: 0.16s
2026-07-05 06:19:37,663 [DEBUG] [TIME] 9828 dividends: 0.30s
2026-07-05 06:19:37,664 [INFO] [DETAIL] 9828 Ｇｅｎｋｉ　Ｇｌｏｂａｌ　Ｄｉｎｉｎｇ　Ｃｏｎｃｅｐｔｓ: income_stmt=OK, balance_sheet=OK, cashflow=OK, dividends=OK
2026-07-05 06:19:37,664 [INFO] [TIME] 9828 Ｇｅｎｋｉ　Ｇｌｏｂａｌ　Ｄｉｎｉｎｇ　Ｃｏｎｃｅｐｔｓ 処理時間: 1.02s
2026-07-05 06:19:39,722 [DEBUG] [TIME] 9830 info: 0.15s
2026-07-05 06:19:39,722 [DEBUG] yfinance OK: 9830
2026-07-05 06:19:39,896 [DEBUG] [TIME] 9830 income_stmt: 0.17s
2026-07-05 06:19:40,144 [DEBUG] [TIME] 9830 balance_sheet: 0.25s
2026-07-05 06:19:40,326 [DEBUG] [TIME] 9830 cashflow: 0.18s
2026-07-05 06:19:40,669 [DEBUG] [TIME] 9830 dividends: 0.34s
2026-07-05 06:19:40,670 [INFO] [DETAIL] 9830 トラスコ中山: income_stmt=OK, balance_sheet=OK, cashflow=OK, dividends=OK
2026-07-05 06:19:40,670 [INFO] [TIME] 9830 トラスコ中山 処理時間: 1.10s
2026-07-05 06:19:42,325 [DEBUG] [TIME] 9831 info: 0.13s
2026-07-05 06:19:42,325 [DEBUG] yfinance OK: 9831
2026-07-05 06:19:42,483 [DEBUG] [TIME] 9831 income_stmt: 0.16s
2026-07-05 06:19:42,703 [DEBUG] [TIME] 9831 balance_sheet: 0.22s
2026-07-05 06:19:42,877 [DEBUG] [TIME] 9831 cashflow: 0.17s
2026-07-05 06:19:43,151 [DEBUG] [TIME] 9831 dividends: 0.27s
2026-07-05 06:19:43,152 [INFO] [DETAIL] 9831 ヤマダホールディングス: income_stmt=OK, balance_sheet=OK, cashflow=OK, dividends=OK
2026-07-05 06:19:43,152 [INFO] [TIME] 9831 ヤマダホールディングス 処理時間: 0.96s
2026-07-05 06:19:44,911 [DEBUG] [TIME] 9832 info: 0.18s
2026-07-05 06:19:44,911 [DEBUG] yfinance OK: 9832
2026-07-05 06:19:45,114 [DEBUG] [TIME] 9832 income_stmt: 0.20s
2026-07-05 06:19:45,351 [DEBUG] [TIME] 9832 balance_sheet: 0.24s
2026-07-05 06:19:45,611 [DEBUG] [TIME] 9832 cashflow: 0.26s
2026-07-05 06:19:46,021 [DEBUG] [TIME] 9832 dividends: 0.41s
2026-07-05 06:19:46,022 [INFO] [DETAIL] 9832 オートバックスセブン: income_stmt=OK, balance_sheet=OK, cashflow=OK, dividends=OK
2026-07-05 06:19:46,022 [INFO] [TIME] 9832 オートバックスセブン 処理時間: 1.29s
2026-07-05 06:19:48,194 [DEBUG] [TIME] 9835 info: 0.21s
2026-07-05 06:19:48,194 [DEBUG] yfinance OK: 9835
2026-07-05 06:19:48,365 [DEBUG] [TIME] 9835 income_stmt: 0.17s
2026-07-05 06:19:48,551 [DEBUG] [TIME] 9835 balance_sheet: 0.18s
2026-07-05 06:19:48,743 [DEBUG] [TIME] 9835 cashflow: 0.19s
2026-07-05 06:19:49,107 [DEBUG] [TIME] 9835 dividends: 0.36s
2026-07-05 06:19:49,108 [INFO] [DETAIL] 9835 ジュンテンドー: income_stmt=OK, balance_sheet=OK, cashflow=OK, dividends=OK
2026-07-05 06:19:49,109 [INFO] [TIME] 9835 ジュンテンドー 処理時間: 1.13s
2026-07-05 06:19:50,879 [DEBUG] [TIME] 9837 info: 0.17s
2026-07-05 06:19:50,879 [DEBUG] yfinance OK: 9837
2026-07-05 06:19:51,063 [DEBUG] [TIME] 9837 income_stmt: 0.18s
2026-07-05 06:19:51,373 [DEBUG] [TIME] 9837 balance_sheet: 0.31s
2026-07-05 06:19:51,578 [DEBUG] [TIME] 9837 cashflow: 0.20s
2026-07-05 06:19:51,914 [DEBUG] [TIME] 9837 dividends: 0.34s
2026-07-05 06:19:51,915 [INFO] [DETAIL] 9837 モリト: income_stmt=OK, balance_sheet=OK, cashflow=OK, dividends=OK
2026-07-05 06:19:51,915 [INFO] [TIME] 9837 モリト 処理時間: 1.21s
2026-07-05 06:19:54,005 [DEBUG] [TIME] 9842 info: 0.14s
2026-07-05 06:19:54,006 [DEBUG] yfinance OK: 9842
2026-07-05 06:19:54,180 [DEBUG] [TIME] 9842 income_stmt: 0.17s
2026-07-05 06:19:54,395 [DEBUG] [TIME] 9842 balance_sheet: 0.21s
2026-07-05 06:19:54,653 [DEBUG] [TIME] 9842 cashflow: 0.26s
2026-07-05 06:19:54,941 [DEBUG] [TIME] 9842 dividends: 0.29s
2026-07-05 06:19:54,942 [INFO] [DETAIL] 9842 アークランズ: income_stmt=OK, balance_sheet=OK, cashflow=OK, dividends=OK
2026-07-05 06:19:54,943 [INFO] [TIME] 9842 アークランズ 処理時間: 1.07s
2026-07-05 06:19:57,041 [DEBUG] [TIME] 9843 info: 0.18s
2026-07-05 06:19:57,041 [DEBUG] yfinance OK: 9843
2026-07-05 06:19:57,236 [DEBUG] [TIME] 9843 income_stmt: 0.19s
2026-07-05 06:19:57,502 [DEBUG] [TIME] 9843 balance_sheet: 0.27s
2026-07-05 06:19:57,723 [DEBUG] [TIME] 9843 cashflow: 0.22s
2026-07-05 06:19:58,079 [DEBUG] [TIME] 9843 dividends: 0.36s
2026-07-05 06:19:58,080 [INFO] [DETAIL] 9843 ニトリホールディングス: income_stmt=OK, balance_sheet=OK, cashflow=OK, dividends=OK
2026-07-05 06:19:58,080 [INFO] [TIME] 9843 ニトリホールディングス 処理時間: 1.22s
2026-07-05 06:19:59,600 [DEBUG] [TIME] 9845 info: 0.15s
2026-07-05 06:19:59,600 [DEBUG] yfinance OK: 9845
2026-07-05 06:19:59,908 [DEBUG] [TIME] 9845 income_stmt: 0.31s
2026-07-05 06:20:00,138 [DEBUG] [TIME] 9845 balance_sheet: 0.23s
2026-07-05 06:20:00,358 [DEBUG] [TIME] 9845 cashflow: 0.22s
2026-07-05 06:20:00,631 [DEBUG] [TIME] 9845 dividends: 0.27s
2026-07-05 06:20:00,633 [INFO] [DETAIL] 9845 パーカーコーポレーション: income_stmt=OK, balance_sheet=OK, cashflow=OK, dividends=OK
2026-07-05 06:20:00,633 [INFO] [TIME] 9845 パーカーコーポレーション 処理時間: 1.18s
2026-07-05 06:20:02,701 [DEBUG] [TIME] 9846 info: 0.12s
2026-07-05 06:20:02,701 [DEBUG] yfinance OK: 9846
2026-07-05 06:20:02,911 [DEBUG] [TIME] 9846 income_stmt: 0.21s
2026-07-05 06:20:03,182 [DEBUG] [TIME] 9846 balance_sheet: 0.27s
2026-07-05 06:20:03,403 [DEBUG] [TIME] 9846 cashflow: 0.22s
2026-07-05 06:20:03,700 [DEBUG] [TIME] 9846 dividends: 0.30s
2026-07-05 06:20:03,701 [INFO] [DETAIL] 9846 天満屋ストア: income_stmt=OK, balance_sheet=OK, cashflow=OK, dividends=OK
2026-07-05 06:20:03,701 [INFO] [TIME] 9846 天満屋ストア 処理時間: 1.12s
2026-07-05 06:20:05,083 [DEBUG] [TIME] 9849 info: 0.15s
2026-07-05 06:20:05,084 [DEBUG] yfinance OK: 9849
2026-07-05 06:20:05,280 [DEBUG] [TIME] 9849 income_stmt: 0.20s
2026-07-05 06:20:05,548 [DEBUG] [TIME] 9849 balance_sheet: 0.27s
2026-07-05 06:20:05,771 [DEBUG] [TIME] 9849 cashflow: 0.22s
2026-07-05 06:20:06,112 [DEBUG] [TIME] 9849 dividends: 0.34s
2026-07-05 06:20:06,113 [INFO] [DETAIL] 9849 共同紙販ホールディングス: income_stmt=OK, balance_sheet=OK, cashflow=OK, dividends=OK
2026-07-05 06:20:06,113 [INFO] [TIME] 9849 共同紙販ホールディングス 処理時間: 1.18s
2026-07-05 06:20:07,412 [DEBUG] [TIME] 9850 info: 0.13s
2026-07-05 06:20:07,412 [DEBUG] yfinance OK: 9850
2026-07-05 06:20:07,589 [DEBUG] [TIME] 9850 income_stmt: 0.18s
2026-07-05 06:20:07,828 [DEBUG] [TIME] 9850 balance_sheet: 0.24s
2026-07-05 06:20:08,038 [DEBUG] [TIME] 9850 cashflow: 0.21s
2026-07-05 06:20:08,357 [DEBUG] [TIME] 9850 dividends: 0.32s
2026-07-05 06:20:08,358 [INFO] [DETAIL] 9850 グルメ杵屋: income_stmt=OK, balance_sheet=OK, cashflow=OK, dividends=OK
2026-07-05 06:20:08,358 [INFO] [TIME] 9850 グルメ杵屋 処理時間: 1.07s
2026-07-05 06:20:10,211 [DEBUG] [TIME] 9853 info: 0.12s
2026-07-05 06:20:10,211 [DEBUG] yfinance OK: 9853
2026-07-05 06:20:10,412 [DEBUG] [TIME] 9853 income_stmt: 0.20s
2026-07-05 06:20:10,659 [DEBUG] [TIME] 9853 balance_sheet: 0.25s
2026-07-05 06:20:10,838 [DEBUG] [TIME] 9853 cashflow: 0.18s
2026-07-05 06:20:11,175 [DEBUG] [TIME] 9853 dividends: 0.34s
2026-07-05 06:20:11,176 [INFO] [DETAIL] 9853 銀座ルノアール: income_stmt=OK, balance_sheet=OK, cashflow=OK, dividends=OK
2026-07-05 06:20:11,176 [INFO] [TIME] 9853 銀座ルノアール 処理時間: 1.09s
2026-07-05 06:20:12,826 [DEBUG] [TIME] 9854 info: 0.12s
2026-07-05 06:20:12,826 [DEBUG] yfinance OK: 9854
2026-07-05 06:20:12,984 [DEBUG] [TIME] 9854 income_stmt: 0.16s
2026-07-05 06:20:13,220 [DEBUG] [TIME] 9854 balance_sheet: 0.24s
2026-07-05 06:20:13,381 [DEBUG] [TIME] 9854 cashflow: 0.16s
2026-07-05 06:20:13,678 [DEBUG] [TIME] 9854 dividends: 0.30s
2026-07-05 06:20:13,679 [INFO] [DETAIL] 9854 愛眼: income_stmt=OK, balance_sheet=OK, cashflow=OK, dividends=OK
2026-07-05 06:20:13,679 [INFO] [TIME] 9854 愛眼 処理時間: 0.97s
2026-07-05 06:20:15,621 [DEBUG] [TIME] 9856 info: 0.28s
2026-07-05 06:20:15,622 [DEBUG] yfinance OK: 9856
2026-07-05 06:20:15,875 [DEBUG] [TIME] 9856 income_stmt: 0.25s
2026-07-05 06:20:16,160 [DEBUG] [TIME] 9856 balance_sheet: 0.28s
2026-07-05 06:20:16,316 [DEBUG] [TIME] 9856 cashflow: 0.16s
2026-07-05 06:20:16,604 [DEBUG] [TIME] 9856 dividends: 0.29s
2026-07-05 06:20:16,606 [INFO] [DETAIL] 9856 ケーユーホールディングス: income_stmt=OK, balance_sheet=OK, cashflow=OK, dividends=OK
2026-07-05 06:20:16,606 [INFO] [TIME] 9856 ケーユーホールディングス 処理時間: 1.26s
2026-07-05 06:20:18,725 [DEBUG] [TIME] 9857 info: 0.12s
2026-07-05 06:20:18,725 [DEBUG] yfinance OK: 9857
2026-07-05 06:20:18,889 [DEBUG] [TIME] 9857 income_stmt: 0.16s
2026-07-05 06:20:19,109 [DEBUG] [TIME] 9857 balance_sheet: 0.22s
2026-07-05 06:20:19,296 [DEBUG] [TIME] 9857 cashflow: 0.19s
2026-07-05 06:20:19,641 [DEBUG] [TIME] 9857 dividends: 0.34s
2026-07-05 06:20:19,642 [INFO] [DETAIL] 9857 英和: income_stmt=OK, balance_sheet=OK, cashflow=OK, dividends=OK
2026-07-05 06:20:19,642 [INFO] [TIME] 9857 英和 処理時間: 1.04s
2026-07-05 06:20:21,760 [DEBUG] [TIME] 9861 info: 0.12s
2026-07-05 06:20:21,760 [DEBUG] yfinance OK: 9861
2026-07-05 06:20:21,926 [DEBUG] [TIME] 9861 income_stmt: 0.17s
2026-07-05 06:20:22,251 [DEBUG] [TIME] 9861 balance_sheet: 0.32s
2026-07-05 06:20:22,429 [DEBUG] [TIME] 9861 cashflow: 0.18s
2026-07-05 06:20:22,721 [DEBUG] [TIME] 9861 dividends: 0.29s
2026-07-05 06:20:22,723 [INFO] [DETAIL] 9861 吉野家ホールディングス: income_stmt=OK, balance_sheet=OK, cashflow=OK, dividends=OK
2026-07-05 06:20:22,723 [INFO] [TIME] 9861 吉野家ホールディングス 処理時間: 1.08s
2026-07-05 06:20:24,347 [DEBUG] [TIME] 9867 info: 0.13s
2026-07-05 06:20:24,347 [DEBUG] yfinance OK: 9867
2026-07-05 06:20:24,506 [DEBUG] [TIME] 9867 income_stmt: 0.16s
2026-07-05 06:20:24,725 [DEBUG] [TIME] 9867 balance_sheet: 0.22s
2026-07-05 06:20:24,911 [DEBUG] [TIME] 9867 cashflow: 0.19s
2026-07-05 06:20:25,204 [DEBUG] [TIME] 9867 dividends: 0.29s
2026-07-05 06:20:25,205 [INFO] [DETAIL] 9867 ソレキア: income_stmt=OK, balance_sheet=OK, cashflow=OK, dividends=OK
2026-07-05 06:20:25,205 [INFO] [TIME] 9867 ソレキア 処理時間: 0.99s
2026-07-05 06:20:27,318 [DEBUG] [TIME] 9869 info: 0.12s
2026-07-05 06:20:27,318 [DEBUG] yfinance OK: 9869
2026-07-05 06:20:27,535 [DEBUG] [TIME] 9869 income_stmt: 0.22s
2026-07-05 06:20:27,734 [DEBUG] [TIME] 9869 balance_sheet: 0.20s
2026-07-05 06:20:27,979 [DEBUG] [TIME] 9869 cashflow: 0.24s
2026-07-05 06:20:28,387 [DEBUG] [TIME] 9869 dividends: 0.41s
2026-07-05 06:20:28,388 [INFO] [DETAIL] 9869 加藤産業: income_stmt=OK, balance_sheet=OK, cashflow=OK, dividends=OK
2026-07-05 06:20:28,388 [INFO] [TIME] 9869 加藤産業 処理時間: 1.19s
2026-07-05 06:20:29,732 [DEBUG] [TIME] 9872 info: 0.12s
2026-07-05 06:20:29,733 [DEBUG] yfinance OK: 9872
2026-07-05 06:20:29,928 [DEBUG] [TIME] 9872 income_stmt: 0.20s
2026-07-05 06:20:30,197 [DEBUG] [TIME] 9872 balance_sheet: 0.27s
2026-07-05 06:20:30,380 [DEBUG] [TIME] 9872 cashflow: 0.18s
2026-07-05 06:20:30,650 [DEBUG] [TIME] 9872 dividends: 0.27s
2026-07-05 06:20:30,651 [INFO] [DETAIL] 9872 北恵: income_stmt=OK, balance_sheet=OK, cashflow=OK, dividends=OK
2026-07-05 06:20:30,651 [INFO] [TIME] 9872 北恵 処理時間: 1.04s
2026-07-05 06:20:32,078 [DEBUG] [TIME] 9876 info: 0.13s
2026-07-05 06:20:32,078 [DEBUG] yfinance OK: 9876
2026-07-05 06:20:32,274 [DEBUG] [TIME] 9876 income_stmt: 0.20s
2026-07-05 06:20:32,496 [DEBUG] [TIME] 9876 balance_sheet: 0.22s
2026-07-05 06:20:32,688 [DEBUG] [TIME] 9876 cashflow: 0.19s
2026-07-05 06:20:32,856 [DEBUG] [TIME] 9876 dividends: 0.17s
2026-07-05 06:20:32,856 [INFO] [DETAIL] 9876 コックス: income_stmt=OK, balance_sheet=OK, cashflow=OK, dividends=EMPTY
2026-07-05 06:20:32,856 [INFO] [TIME] 9876 コックス 処理時間: 0.91s
2026-07-05 06:20:34,650 [DEBUG] [TIME] 9878 info: 0.12s
2026-07-05 06:20:34,650 [DEBUG] yfinance OK: 9878
2026-07-05 06:20:34,813 [DEBUG] [TIME] 9878 income_stmt: 0.16s
2026-07-05 06:20:34,993 [DEBUG] [TIME] 9878 balance_sheet: 0.18s
2026-07-05 06:20:35,324 [DEBUG] [TIME] 9878 cashflow: 0.33s
2026-07-05 06:20:35,685 [DEBUG] [TIME] 9878 dividends: 0.36s
2026-07-05 06:20:35,686 [INFO] [DETAIL] 9878 セキド: income_stmt=OK, balance_sheet=OK, cashflow=OK, dividends=OK
2026-07-05 06:20:35,686 [INFO] [TIME] 9878 セキド 処理時間: 1.16s
2026-07-05 06:20:37,780 [DEBUG] [TIME] 9880 info: 0.12s
2026-07-05 06:20:37,780 [DEBUG] yfinance OK: 9880
2026-07-05 06:20:37,982 [DEBUG] [TIME] 9880 income_stmt: 0.20s
2026-07-05 06:20:38,211 [DEBUG] [TIME] 9880 balance_sheet: 0.23s
2026-07-05 06:20:38,408 [DEBUG] [TIME] 9880 cashflow: 0.20s
2026-07-05 06:20:38,707 [DEBUG] [TIME] 9880 dividends: 0.30s
2026-07-05 06:20:38,708 [INFO] [DETAIL] 9880 イノテック: income_stmt=OK, balance_sheet=OK, cashflow=OK, dividends=OK
2026-07-05 06:20:38,708 [INFO] [TIME] 9880 イノテック 処理時間: 1.05s
2026-07-05 06:20:39,891 [DEBUG] [TIME] 9882 info: 0.15s
2026-07-05 06:20:39,891 [DEBUG] yfinance OK: 9882
2026-07-05 06:20:40,036 [DEBUG] [TIME] 9882 income_stmt: 0.15s
2026-07-05 06:20:40,268 [DEBUG] [TIME] 9882 balance_sheet: 0.23s
2026-07-05 06:20:40,522 [DEBUG] [TIME] 9882 cashflow: 0.25s
2026-07-05 06:20:40,858 [DEBUG] [TIME] 9882 dividends: 0.34s
2026-07-05 06:20:40,860 [INFO] [DETAIL] 9882 イエローハット: income_stmt=OK, balance_sheet=OK, cashflow=OK, dividends=OK
2026-07-05 06:20:40,860 [INFO] [TIME] 9882 イエローハット 処理時間: 1.11s
2026-07-05 06:20:42,249 [DEBUG] [TIME] 9885 info: 0.12s
2026-07-05 06:20:42,250 [DEBUG] yfinance OK: 9885
2026-07-05 06:20:42,400 [DEBUG] [TIME] 9885 income_stmt: 0.15s
2026-07-05 06:20:42,617 [DEBUG] [TIME] 9885 balance_sheet: 0.22s
2026-07-05 06:20:42,842 [DEBUG] [TIME] 9885 cashflow: 0.22s
2026-07-05 06:20:43,088 [DEBUG] [TIME] 9885 dividends: 0.25s
2026-07-05 06:20:43,089 [INFO] [DETAIL] 9885 シャルレ: income_stmt=OK, balance_sheet=OK, cashflow=OK, dividends=OK
2026-07-05 06:20:43,089 [INFO] [TIME] 9885 シャルレ 処理時間: 0.96s
2026-07-05 06:20:44,226 [DEBUG] [TIME] 9887 info: 0.13s
2026-07-05 06:20:44,226 [DEBUG] yfinance OK: 9887
2026-07-05 06:20:44,400 [DEBUG] [TIME] 9887 income_stmt: 0.17s
2026-07-05 06:20:44,632 [DEBUG] [TIME] 9887 balance_sheet: 0.23s
2026-07-05 06:20:44,783 [DEBUG] [TIME] 9887 cashflow: 0.15s
2026-07-05 06:20:45,126 [DEBUG] [TIME] 9887 dividends: 0.34s
2026-07-05 06:20:45,127 [INFO] [DETAIL] 9887 松屋フーズホールディングス: income_stmt=OK, balance_sheet=OK, cashflow=OK, dividends=OK
2026-07-05 06:20:45,127 [INFO] [TIME] 9887 松屋フーズホールディングス 処理時間: 1.03s
2026-07-05 06:20:47,010 [DEBUG] [TIME] 9888 info: 0.12s
2026-07-05 06:20:47,010 [DEBUG] yfinance OK: 9888
2026-07-05 06:20:47,216 [DEBUG] [TIME] 9888 income_stmt: 0.21s
2026-07-05 06:20:47,445 [DEBUG] [TIME] 9888 balance_sheet: 0.23s
2026-07-05 06:20:47,657 [DEBUG] [TIME] 9888 cashflow: 0.21s
2026-07-05 06:20:47,981 [DEBUG] [TIME] 9888 dividends: 0.32s
2026-07-05 06:20:47,982 [INFO] [DETAIL] 9888 ＵＥＸ: income_stmt=OK, balance_sheet=OK, cashflow=OK, dividends=OK
2026-07-05 06:20:47,982 [INFO] [TIME] 9888 ＵＥＸ 処理時間: 1.10s
2026-07-05 06:20:49,486 [DEBUG] [TIME] 9889 info: 0.13s
2026-07-05 06:20:49,486 [DEBUG] yfinance OK: 9889
2026-07-05 06:20:49,664 [DEBUG] [TIME] 9889 income_stmt: 0.18s
2026-07-05 06:20:49,985 [DEBUG] [TIME] 9889 balance_sheet: 0.32s
2026-07-05 06:20:50,187 [DEBUG] [TIME] 9889 cashflow: 0.20s
2026-07-05 06:20:50,542 [DEBUG] [TIME] 9889 dividends: 0.35s
2026-07-05 06:20:50,543 [INFO] [DETAIL] 9889 ＪＢＣＣホールディングス: income_stmt=OK, balance_sheet=OK, cashflow=OK, dividends=OK
2026-07-05 06:20:50,543 [INFO] [TIME] 9889 ＪＢＣＣホールディングス 処理時間: 1.19s
2026-07-05 06:20:52,398 [DEBUG] [TIME] 9890 info: 0.13s
2026-07-05 06:20:52,398 [DEBUG] yfinance OK: 9890
2026-07-05 06:20:52,631 [DEBUG] [TIME] 9890 income_stmt: 0.23s
2026-07-05 06:20:52,848 [DEBUG] [TIME] 9890 balance_sheet: 0.22s
2026-07-05 06:20:53,027 [DEBUG] [TIME] 9890 cashflow: 0.18s
2026-07-05 06:20:53,335 [DEBUG] [TIME] 9890 dividends: 0.31s
2026-07-05 06:20:53,337 [INFO] [DETAIL] 9890 マキヤ: income_stmt=OK, balance_sheet=OK, cashflow=OK, dividends=OK
2026-07-05 06:20:53,337 [INFO] [TIME] 9890 マキヤ 処理時間: 1.06s
2026-07-05 06:20:55,279 [DEBUG] [TIME] 9895 info: 0.12s
2026-07-05 06:20:55,279 [DEBUG] yfinance OK: 9895
2026-07-05 06:20:55,433 [DEBUG] [TIME] 9895 income_stmt: 0.15s
2026-07-05 06:20:55,633 [DEBUG] [TIME] 9895 balance_sheet: 0.20s
2026-07-05 06:20:55,887 [DEBUG] [TIME] 9895 cashflow: 0.25s
2026-07-05 06:20:56,348 [DEBUG] [TIME] 9895 dividends: 0.46s
2026-07-05 06:20:56,349 [INFO] [DETAIL] 9895 コンセック: income_stmt=OK, balance_sheet=OK, cashflow=OK, dividends=OK
2026-07-05 06:20:56,349 [INFO] [TIME] 9895 コンセック 処理時間: 1.19s
2026-07-05 06:20:58,373 [DEBUG] [TIME] 9896 info: 0.12s
2026-07-05 06:20:58,374 [DEBUG] yfinance OK: 9896
2026-07-05 06:20:58,533 [DEBUG] [TIME] 9896 income_stmt: 0.16s
2026-07-05 06:20:58,752 [DEBUG] [TIME] 9896 balance_sheet: 0.22s
2026-07-05 06:20:58,984 [DEBUG] [TIME] 9896 cashflow: 0.23s
2026-07-05 06:20:59,310 [DEBUG] [TIME] 9896 dividends: 0.33s
2026-07-05 06:20:59,311 [INFO] [DETAIL] 9896 ＪＫホールディングス: income_stmt=OK, balance_sheet=OK, cashflow=OK, dividends=OK
2026-07-05 06:20:59,311 [INFO] [TIME] 9896 ＪＫホールディングス 処理時間: 1.06s
2026-07-05 06:21:01,318 [DEBUG] [TIME] 9900 info: 0.13s
2026-07-05 06:21:01,318 [DEBUG] yfinance OK: 9900
2026-07-05 06:21:01,513 [DEBUG] [TIME] 9900 income_stmt: 0.19s
2026-07-05 06:21:01,773 [DEBUG] [TIME] 9900 balance_sheet: 0.26s
2026-07-05 06:21:01,973 [DEBUG] [TIME] 9900 cashflow: 0.20s
2026-07-05 06:21:02,319 [DEBUG] [TIME] 9900 dividends: 0.35s
2026-07-05 06:21:02,320 [INFO] [DETAIL] 9900 サガミホールディングス: income_stmt=OK, balance_sheet=OK, cashflow=OK, dividends=OK
2026-07-05 06:21:02,320 [INFO] [TIME] 9900 サガミホールディングス 処理時間: 1.13s
2026-07-05 06:21:04,077 [DEBUG] [TIME] 9902 info: 0.12s
2026-07-05 06:21:04,077 [DEBUG] yfinance OK: 9902
2026-07-05 06:21:04,233 [DEBUG] [TIME] 9902 income_stmt: 0.16s
2026-07-05 06:21:04,460 [DEBUG] [TIME] 9902 balance_sheet: 0.23s
2026-07-05 06:21:04,616 [DEBUG] [TIME] 9902 cashflow: 0.16s
2026-07-05 06:21:04,906 [DEBUG] [TIME] 9902 dividends: 0.29s
2026-07-05 06:21:04,907 [INFO] [DETAIL] 9902 日伝: income_stmt=OK, balance_sheet=OK, cashflow=OK, dividends=OK
2026-07-05 06:21:04,907 [INFO] [TIME] 9902 日伝 処理時間: 0.95s
2026-07-05 06:21:06,331 [DEBUG] [TIME] 9903 info: 0.13s
2026-07-05 06:21:06,331 [DEBUG] yfinance OK: 9903
2026-07-05 06:21:06,514 [DEBUG] [TIME] 9903 income_stmt: 0.18s
2026-07-05 06:21:06,745 [DEBUG] [TIME] 9903 balance_sheet: 0.23s
2026-07-05 06:21:06,941 [DEBUG] [TIME] 9903 cashflow: 0.19s
2026-07-05 06:21:07,358 [DEBUG] [TIME] 9903 dividends: 0.42s
2026-07-05 06:21:07,359 [INFO] [DETAIL] 9903 カンセキ: income_stmt=OK, balance_sheet=OK, cashflow=OK, dividends=OK
2026-07-05 06:21:07,359 [INFO] [TIME] 9903 カンセキ 処理時間: 1.15s
2026-07-05 06:21:08,541 [DEBUG] [TIME] 9904 info: 0.12s
2026-07-05 06:21:08,541 [DEBUG] yfinance OK: 9904
2026-07-05 06:21:08,735 [DEBUG] [TIME] 9904 income_stmt: 0.19s
2026-07-05 06:21:08,987 [DEBUG] [TIME] 9904 balance_sheet: 0.25s
2026-07-05 06:21:09,287 [DEBUG] [TIME] 9904 cashflow: 0.30s
2026-07-05 06:21:09,551 [DEBUG] [TIME] 9904 dividends: 0.26s
2026-07-05 06:21:09,552 [INFO] [DETAIL] 9904 ベリテ: income_stmt=OK, balance_sheet=OK, cashflow=OK, dividends=OK
2026-07-05 06:21:09,552 [INFO] [TIME] 9904 ベリテ 処理時間: 1.13s
2026-07-05 06:21:11,245 [DEBUG] [TIME] 9906 info: 0.12s
2026-07-05 06:21:11,246 [DEBUG] yfinance OK: 9906
2026-07-05 06:21:11,421 [DEBUG] [TIME] 9906 income_stmt: 0.18s
2026-07-05 06:21:11,663 [DEBUG] [TIME] 9906 balance_sheet: 0.24s
2026-07-05 06:21:11,858 [DEBUG] [TIME] 9906 cashflow: 0.19s
2026-07-05 06:21:12,192 [DEBUG] [TIME] 9906 dividends: 0.33s
2026-07-05 06:21:12,193 [INFO] [DETAIL] 9906 藤井産業: income_stmt=OK, balance_sheet=OK, cashflow=OK, dividends=OK
2026-07-05 06:21:12,193 [INFO] [TIME] 9906 藤井産業 処理時間: 1.07s
2026-07-05 06:21:13,553 [DEBUG] [TIME] 9908 info: 0.13s
2026-07-05 06:21:13,554 [DEBUG] yfinance OK: 9908
2026-07-05 06:21:13,765 [DEBUG] [TIME] 9908 income_stmt: 0.21s
2026-07-05 06:21:14,096 [DEBUG] [TIME] 9908 balance_sheet: 0.33s
2026-07-05 06:21:14,263 [DEBUG] [TIME] 9908 cashflow: 0.17s
2026-07-05 06:21:14,636 [DEBUG] [TIME] 9908 dividends: 0.37s
2026-07-05 06:21:14,637 [INFO] [DETAIL] 9908 日本電計: income_stmt=OK, balance_sheet=OK, cashflow=OK, dividends=OK
2026-07-05 06:21:14,637 [INFO] [TIME] 9908 日本電計 処理時間: 1.21s
2026-07-05 06:21:16,165 [DEBUG] [TIME] 9913 info: 0.22s
2026-07-05 06:21:16,165 [DEBUG] yfinance OK: 9913
2026-07-05 06:21:16,302 [DEBUG] [TIME] 9913 income_stmt: 0.14s
2026-07-05 06:21:16,524 [DEBUG] [TIME] 9913 balance_sheet: 0.22s
2026-07-05 06:21:16,731 [DEBUG] [TIME] 9913 cashflow: 0.21s
2026-07-05 06:21:17,079 [DEBUG] [TIME] 9913 dividends: 0.35s
2026-07-05 06:21:17,080 [INFO] [DETAIL] 9913 日邦産業: income_stmt=OK, balance_sheet=OK, cashflow=OK, dividends=OK
2026-07-05 06:21:17,080 [INFO] [TIME] 9913 日邦産業 処理時間: 1.14s
2026-07-05 06:21:18,334 [DEBUG] [TIME] 9914 info: 0.12s
2026-07-05 06:21:18,334 [DEBUG] yfinance OK: 9914
2026-07-05 06:21:18,518 [DEBUG] [TIME] 9914 income_stmt: 0.18s
2026-07-05 06:21:18,750 [DEBUG] [TIME] 9914 balance_sheet: 0.23s
2026-07-05 06:21:18,908 [DEBUG] [TIME] 9914 cashflow: 0.16s
2026-07-05 06:21:19,253 [DEBUG] [TIME] 9914 dividends: 0.34s
2026-07-05 06:21:19,254 [INFO] [DETAIL] 9914 植松商会: income_stmt=OK, balance_sheet=OK, cashflow=OK, dividends=OK
2026-07-05 06:21:19,254 [INFO] [TIME] 9914 植松商会 処理時間: 1.04s
2026-07-05 06:21:20,510 [DEBUG] [TIME] 9927 info: 0.12s
2026-07-05 06:21:20,510 [WARNING] yfinance データなし: 9927
2026-07-05 06:21:20,511 [INFO] [TIME] 9927 ワットマン 処理時間: 0.12s
2026-07-05 06:21:22,085 [DEBUG] [TIME] 9928 info: 0.13s
2026-07-05 06:21:22,085 [DEBUG] yfinance OK: 9928
2026-07-05 06:21:22,233 [DEBUG] [TIME] 9928 income_stmt: 0.15s
2026-07-05 06:21:22,456 [DEBUG] [TIME] 9928 balance_sheet: 0.22s
2026-07-05 06:21:22,609 [DEBUG] [TIME] 9928 cashflow: 0.15s
2026-07-05 06:21:22,964 [DEBUG] [TIME] 9928 dividends: 0.35s
2026-07-05 06:21:22,965 [INFO] [DETAIL] 9928 ミロク情報サービス: income_stmt=OK, balance_sheet=OK, cashflow=OK, dividends=OK
2026-07-05 06:21:22,965 [INFO] [TIME] 9928 ミロク情報サービス 処理時間: 1.01s
2026-07-05 06:21:24,152 [DEBUG] [TIME] 9929 info: 0.13s
2026-07-05 06:21:24,153 [DEBUG] yfinance OK: 9929
2026-07-05 06:21:24,298 [DEBUG] [TIME] 9929 income_stmt: 0.15s
2026-07-05 06:21:24,592 [DEBUG] [TIME] 9929 balance_sheet: 0.29s
2026-07-05 06:21:24,739 [DEBUG] [TIME] 9929 cashflow: 0.15s
2026-07-05 06:21:25,023 [DEBUG] [TIME] 9929 dividends: 0.28s
2026-07-05 06:21:25,024 [INFO] [DETAIL] 9929 平和紙業: income_stmt=OK, balance_sheet=OK, cashflow=OK, dividends=OK
2026-07-05 06:21:25,024 [INFO] [TIME] 9929 平和紙業 処理時間: 1.00s
2026-07-05 06:21:27,144 [DEBUG] [TIME] 9930 info: 0.12s
2026-07-05 06:21:27,144 [DEBUG] yfinance OK: 9930
2026-07-05 06:21:27,305 [DEBUG] [TIME] 9930 income_stmt: 0.16s
2026-07-05 06:21:27,507 [DEBUG] [TIME] 9930 balance_sheet: 0.20s
2026-07-05 06:21:27,698 [DEBUG] [TIME] 9930 cashflow: 0.19s
2026-07-05 06:21:28,021 [DEBUG] [TIME] 9930 dividends: 0.32s
2026-07-05 06:21:28,022 [INFO] [DETAIL] 9930 北沢産業: income_stmt=OK, balance_sheet=OK, cashflow=OK, dividends=OK
2026-07-05 06:21:28,022 [INFO] [TIME] 9930 北沢産業 処理時間: 1.00s
2026-07-05 06:21:29,321 [DEBUG] [TIME] 9932 info: 0.12s
2026-07-05 06:21:29,321 [DEBUG] yfinance OK: 9932
2026-07-05 06:21:29,524 [DEBUG] [TIME] 9932 income_stmt: 0.20s
2026-07-05 06:21:29,702 [DEBUG] [TIME] 9932 balance_sheet: 0.18s
2026-07-05 06:21:29,861 [DEBUG] [TIME] 9932 cashflow: 0.16s
2026-07-05 06:21:30,214 [DEBUG] [TIME] 9932 dividends: 0.35s
2026-07-05 06:21:30,216 [INFO] [DETAIL] 9932 杉本商事: income_stmt=OK, balance_sheet=OK, cashflow=OK, dividends=OK
2026-07-05 06:21:30,216 [INFO] [TIME] 9932 杉本商事 処理時間: 1.01s
2026-07-05 06:21:32,295 [DEBUG] [TIME] 9934 info: 0.12s
2026-07-05 06:21:32,296 [DEBUG] yfinance OK: 9934
2026-07-05 06:21:32,442 [DEBUG] [TIME] 9934 income_stmt: 0.15s
2026-07-05 06:21:32,648 [DEBUG] [TIME] 9934 balance_sheet: 0.20s
2026-07-05 06:21:32,814 [DEBUG] [TIME] 9934 cashflow: 0.17s
2026-07-05 06:21:33,122 [DEBUG] [TIME] 9934 dividends: 0.31s
2026-07-05 06:21:33,123 [INFO] [DETAIL] 9934 因幡電機産業: income_stmt=OK, balance_sheet=OK, cashflow=OK, dividends=OK
2026-07-05 06:21:33,123 [INFO] [TIME] 9934 因幡電機産業 処理時間: 0.95s
2026-07-05 06:21:34,736 [DEBUG] [TIME] 9936 info: 0.12s
2026-07-05 06:21:34,737 [DEBUG] yfinance OK: 9936
2026-07-05 06:21:34,933 [DEBUG] [TIME] 9936 income_stmt: 0.20s
2026-07-05 06:21:35,170 [DEBUG] [TIME] 9936 balance_sheet: 0.24s
2026-07-05 06:21:35,338 [DEBUG] [TIME] 9936 cashflow: 0.17s
2026-07-05 06:21:35,676 [DEBUG] [TIME] 9936 dividends: 0.34s
2026-07-05 06:21:35,677 [INFO] [DETAIL] 9936 王将フードサービス: income_stmt=OK, balance_sheet=OK, cashflow=OK, dividends=OK
2026-07-05 06:21:35,677 [INFO] [TIME] 9936 王将フードサービス 処理時間: 1.06s
2026-07-05 06:21:36,989 [DEBUG] [TIME] 9941 info: 0.12s
2026-07-05 06:21:36,989 [DEBUG] yfinance OK: 9941
2026-07-05 06:21:37,155 [DEBUG] [TIME] 9941 income_stmt: 0.17s
2026-07-05 06:21:37,369 [DEBUG] [TIME] 9941 balance_sheet: 0.21s
2026-07-05 06:21:37,592 [DEBUG] [TIME] 9941 cashflow: 0.22s
2026-07-05 06:21:37,810 [DEBUG] [TIME] 9941 dividends: 0.22s
2026-07-05 06:21:37,811 [INFO] [DETAIL] 9941 太洋物産: income_stmt=OK, balance_sheet=OK, cashflow=OK, dividends=EMPTY
2026-07-05 06:21:37,811 [INFO] [TIME] 9941 太洋物産 処理時間: 0.94s
2026-07-05 06:21:38,954 [DEBUG] [TIME] 9946 info: 0.12s
2026-07-05 06:21:38,954 [DEBUG] yfinance OK: 9946
2026-07-05 06:21:39,155 [DEBUG] [TIME] 9946 income_stmt: 0.20s
2026-07-05 06:21:39,360 [DEBUG] [TIME] 9946 balance_sheet: 0.20s
2026-07-05 06:21:39,580 [DEBUG] [TIME] 9946 cashflow: 0.22s
2026-07-05 06:21:39,947 [DEBUG] [TIME] 9946 dividends: 0.37s
2026-07-05 06:21:39,949 [INFO] [DETAIL] 9946 ミニストップ: income_stmt=OK, balance_sheet=OK, cashflow=OK, dividends=OK
2026-07-05 06:21:39,949 [INFO] [TIME] 9946 ミニストップ 処理時間: 1.12s
2026-07-05 06:21:41,915 [DEBUG] [TIME] 9948 info: 0.12s
2026-07-05 06:21:41,915 [DEBUG] yfinance OK: 9948
2026-07-05 06:21:42,133 [DEBUG] [TIME] 9948 income_stmt: 0.22s
2026-07-05 06:21:42,408 [DEBUG] [TIME] 9948 balance_sheet: 0.27s
2026-07-05 06:21:42,580 [DEBUG] [TIME] 9948 cashflow: 0.17s
2026-07-05 06:21:42,888 [DEBUG] [TIME] 9948 dividends: 0.31s
2026-07-05 06:21:42,889 [INFO] [DETAIL] 9948 アークス: income_stmt=OK, balance_sheet=OK, cashflow=OK, dividends=OK
2026-07-05 06:21:42,889 [INFO] [TIME] 9948 アークス 処理時間: 1.10s
2026-07-05 06:21:44,789 [DEBUG] [TIME] 9950 info: 0.13s
2026-07-05 06:21:44,789 [DEBUG] yfinance OK: 9950
2026-07-05 06:21:44,986 [DEBUG] [TIME] 9950 income_stmt: 0.20s
2026-07-05 06:21:45,263 [DEBUG] [TIME] 9950 balance_sheet: 0.28s
2026-07-05 06:21:45,479 [DEBUG] [TIME] 9950 cashflow: 0.21s
2026-07-05 06:21:45,790 [DEBUG] [TIME] 9950 dividends: 0.31s
2026-07-05 06:21:45,791 [INFO] [DETAIL] 9950 ハチバン: income_stmt=OK, balance_sheet=OK, cashflow=OK, dividends=OK
2026-07-05 06:21:45,791 [INFO] [TIME] 9950 ハチバン 処理時間: 1.13s
2026-07-05 06:21:47,231 [DEBUG] [TIME] 9955 info: 0.12s
2026-07-05 06:21:47,231 [DEBUG] yfinance OK: 9955
2026-07-05 06:21:47,397 [DEBUG] [TIME] 9955 income_stmt: 0.17s
2026-07-05 06:21:47,560 [DEBUG] [TIME] 9955 balance_sheet: 0.16s
2026-07-05 06:21:47,741 [DEBUG] [TIME] 9955 cashflow: 0.18s
2026-07-05 06:21:48,017 [DEBUG] [TIME] 9955 dividends: 0.27s
2026-07-05 06:21:48,018 [INFO] [DETAIL] 9955 ヨンキュウ: income_stmt=OK, balance_sheet=OK, cashflow=OK, dividends=OK
2026-07-05 06:21:48,018 [INFO] [TIME] 9955 ヨンキュウ 処理時間: 0.91s
2026-07-05 06:21:50,106 [DEBUG] [TIME] 9956 info: 0.13s
2026-07-05 06:21:50,106 [DEBUG] yfinance OK: 9956
2026-07-05 06:21:50,300 [DEBUG] [TIME] 9956 income_stmt: 0.19s
2026-07-05 06:21:50,568 [DEBUG] [TIME] 9956 balance_sheet: 0.27s
2026-07-05 06:21:50,819 [DEBUG] [TIME] 9956 cashflow: 0.25s
2026-07-05 06:21:51,121 [DEBUG] [TIME] 9956 dividends: 0.30s
2026-07-05 06:21:51,123 [INFO] [DETAIL] 9956 バローホールディングス: income_stmt=OK, balance_sheet=OK, cashflow=OK, dividends=OK
2026-07-05 06:21:51,123 [INFO] [TIME] 9956 バローホールディングス 処理時間: 1.14s
2026-07-05 06:21:52,749 [DEBUG] [TIME] 9959 info: 0.13s
2026-07-05 06:21:52,749 [DEBUG] yfinance OK: 9959
2026-07-05 06:21:52,922 [DEBUG] [TIME] 9959 income_stmt: 0.17s
2026-07-05 06:21:53,143 [DEBUG] [TIME] 9959 balance_sheet: 0.22s
2026-07-05 06:21:53,401 [DEBUG] [TIME] 9959 cashflow: 0.26s
2026-07-05 06:21:53,727 [DEBUG] [TIME] 9959 dividends: 0.33s
2026-07-05 06:21:53,728 [INFO] [DETAIL] 9959 アシードホールディングス: income_stmt=OK, balance_sheet=OK, cashflow=OK, dividends=OK
2026-07-05 06:21:53,728 [INFO] [TIME] 9959 アシードホールディングス 処理時間: 1.11s
2026-07-05 06:21:55,822 [DEBUG] [TIME] 9960 info: 0.12s
2026-07-05 06:21:55,822 [DEBUG] yfinance OK: 9960
2026-07-05 06:21:56,021 [DEBUG] [TIME] 9960 income_stmt: 0.20s
2026-07-05 06:21:56,247 [DEBUG] [TIME] 9960 balance_sheet: 0.23s
2026-07-05 06:21:56,447 [DEBUG] [TIME] 9960 cashflow: 0.20s
2026-07-05 06:21:56,796 [DEBUG] [TIME] 9960 dividends: 0.35s
2026-07-05 06:21:56,797 [INFO] [DETAIL] 9960 東テク: income_stmt=OK, balance_sheet=OK, cashflow=OK, dividends=OK
2026-07-05 06:21:56,797 [INFO] [TIME] 9960 東テク 処理時間: 1.10s
2026-07-05 06:21:58,507 [DEBUG] [TIME] 9962 info: 0.12s
2026-07-05 06:21:58,507 [DEBUG] yfinance OK: 9962
2026-07-05 06:21:58,682 [DEBUG] [TIME] 9962 income_stmt: 0.17s
2026-07-05 06:21:58,879 [DEBUG] [TIME] 9962 balance_sheet: 0.20s
2026-07-05 06:21:59,070 [DEBUG] [TIME] 9962 cashflow: 0.19s
2026-07-05 06:21:59,594 [DEBUG] [TIME] 9962 dividends: 0.52s
2026-07-05 06:21:59,595 [INFO] [DETAIL] 9962 ミスミグループ本社: income_stmt=OK, balance_sheet=OK, cashflow=OK, dividends=OK
2026-07-05 06:21:59,595 [INFO] [TIME] 9962 ミスミグループ本社 処理時間: 1.21s
2026-07-05 06:22:00,886 [DEBUG] [TIME] 9969 info: 0.12s
2026-07-05 06:22:00,886 [DEBUG] yfinance OK: 9969
2026-07-05 06:22:01,077 [DEBUG] [TIME] 9969 income_stmt: 0.19s
2026-07-05 06:22:01,304 [DEBUG] [TIME] 9969 balance_sheet: 0.23s
2026-07-05 06:22:01,513 [DEBUG] [TIME] 9969 cashflow: 0.21s
2026-07-05 06:22:01,866 [DEBUG] [TIME] 9969 dividends: 0.35s
2026-07-05 06:22:01,867 [INFO] [DETAIL] 9969 ショクブン: income_stmt=OK, balance_sheet=OK, cashflow=OK, dividends=OK
2026-07-05 06:22:01,868 [INFO] [TIME] 9969 ショクブン 処理時間: 1.10s
2026-07-05 06:22:03,049 [DEBUG] [TIME] 9972 info: 0.12s
2026-07-05 06:22:03,049 [DEBUG] yfinance OK: 9972
2026-07-05 06:22:03,235 [DEBUG] [TIME] 9972 income_stmt: 0.19s
2026-07-05 06:22:03,472 [DEBUG] [TIME] 9972 balance_sheet: 0.24s
2026-07-05 06:22:03,724 [DEBUG] [TIME] 9972 cashflow: 0.25s
2026-07-05 06:22:04,131 [DEBUG] [TIME] 9972 dividends: 0.41s
2026-07-05 06:22:04,132 [INFO] [DETAIL] 9972 アルテック: income_stmt=OK, balance_sheet=OK, cashflow=OK, dividends=OK
2026-07-05 06:22:04,132 [INFO] [TIME] 9972 アルテック 処理時間: 1.21s
2026-07-05 06:22:05,954 [DEBUG] [TIME] 9973 info: 0.12s
2026-07-05 06:22:05,954 [DEBUG] yfinance OK: 9973
2026-07-05 06:22:06,155 [DEBUG] [TIME] 9973 income_stmt: 0.20s
2026-07-05 06:22:06,429 [DEBUG] [TIME] 9973 balance_sheet: 0.27s
2026-07-05 06:22:06,723 [DEBUG] [TIME] 9973 cashflow: 0.29s
2026-07-05 06:22:06,960 [DEBUG] [TIME] 9973 dividends: 0.24s
2026-07-05 06:22:06,960 [INFO] [DETAIL] 9973 ＫＯＺＯホールディングス: income_stmt=OK, balance_sheet=OK, cashflow=OK, dividends=EMPTY
2026-07-05 06:22:06,961 [INFO] [TIME] 9973 ＫＯＺＯホールディングス 処理時間: 1.12s
2026-07-05 06:22:08,834 [DEBUG] [TIME] 9974 info: 0.22s
2026-07-05 06:22:08,834 [DEBUG] yfinance OK: 9974
2026-07-05 06:22:09,040 [DEBUG] [TIME] 9974 income_stmt: 0.21s
2026-07-05 06:22:09,282 [DEBUG] [TIME] 9974 balance_sheet: 0.24s
2026-07-05 06:22:09,472 [DEBUG] [TIME] 9974 cashflow: 0.19s
2026-07-05 06:22:09,781 [DEBUG] [TIME] 9974 dividends: 0.31s
2026-07-05 06:22:09,782 [INFO] [DETAIL] 9974 ベルク: income_stmt=OK, balance_sheet=OK, cashflow=OK, dividends=OK
2026-07-05 06:22:09,782 [INFO] [TIME] 9974 ベルク 処理時間: 1.17s
2026-07-05 06:22:11,025 [DEBUG] [TIME] 9976 info: 0.14s
2026-07-05 06:22:11,025 [DEBUG] yfinance OK: 9976
2026-07-05 06:22:11,230 [DEBUG] [TIME] 9976 income_stmt: 0.20s
2026-07-05 06:22:11,398 [DEBUG] [TIME] 9976 balance_sheet: 0.17s
2026-07-05 06:22:11,539 [DEBUG] [TIME] 9976 cashflow: 0.14s
2026-07-05 06:22:11,945 [DEBUG] [TIME] 9976 dividends: 0.41s
2026-07-05 06:22:11,946 [INFO] [DETAIL] 9976 セキチュー: income_stmt=OK, balance_sheet=OK, cashflow=OK, dividends=OK
2026-07-05 06:22:11,946 [INFO] [TIME] 9976 セキチュー 処理時間: 1.07s
2026-07-05 06:22:13,507 [DEBUG] [TIME] 9978 info: 0.17s
2026-07-05 06:22:13,507 [DEBUG] yfinance OK: 9978
2026-07-05 06:22:13,673 [DEBUG] [TIME] 9978 income_stmt: 0.17s
2026-07-05 06:22:13,947 [DEBUG] [TIME] 9978 balance_sheet: 0.27s
2026-07-05 06:22:14,147 [DEBUG] [TIME] 9978 cashflow: 0.20s
2026-07-05 06:22:14,339 [DEBUG] [TIME] 9978 dividends: 0.19s
2026-07-05 06:22:14,339 [INFO] [DETAIL] 9978 文教堂グループホールディングス: income_stmt=OK, balance_sheet=OK, cashflow=OK, dividends=EMPTY
2026-07-05 06:22:14,339 [INFO] [TIME] 9978 文教堂グループホールディングス 処理時間: 1.00s
2026-07-05 06:22:16,154 [DEBUG] [TIME] 9979 info: 0.18s
2026-07-05 06:22:16,154 [DEBUG] yfinance OK: 9979
2026-07-05 06:22:16,424 [DEBUG] [TIME] 9979 income_stmt: 0.27s
2026-07-05 06:22:16,601 [DEBUG] [TIME] 9979 balance_sheet: 0.18s
2026-07-05 06:22:16,788 [DEBUG] [TIME] 9979 cashflow: 0.19s
2026-07-05 06:22:17,069 [DEBUG] [TIME] 9979 dividends: 0.28s
2026-07-05 06:22:17,070 [INFO] [DETAIL] 9979 大庄: income_stmt=OK, balance_sheet=OK, cashflow=OK, dividends=OK
2026-07-05 06:22:17,071 [INFO] [TIME] 9979 大庄 処理時間: 1.10s
2026-07-05 06:22:18,774 [DEBUG] [TIME] 9980 info: 0.12s
2026-07-05 06:22:18,774 [DEBUG] yfinance OK: 9980
2026-07-05 06:22:18,940 [DEBUG] [TIME] 9980 income_stmt: 0.17s
2026-07-05 06:22:19,138 [DEBUG] [TIME] 9980 balance_sheet: 0.20s
2026-07-05 06:22:19,303 [DEBUG] [TIME] 9980 cashflow: 0.16s
2026-07-05 06:22:19,618 [DEBUG] [TIME] 9980 dividends: 0.31s
2026-07-05 06:22:19,619 [INFO] [DETAIL] 9980 ＭＲＫホールディングス: income_stmt=OK, balance_sheet=OK, cashflow=OK, dividends=OK
2026-07-05 06:22:19,619 [INFO] [TIME] 9980 ＭＲＫホールディングス 処理時間: 0.96s
2026-07-05 06:22:20,966 [DEBUG] [TIME] 9982 info: 0.12s
2026-07-05 06:22:20,966 [DEBUG] yfinance OK: 9982
2026-07-05 06:22:21,163 [DEBUG] [TIME] 9982 income_stmt: 0.20s
2026-07-05 06:22:21,412 [DEBUG] [TIME] 9982 balance_sheet: 0.25s
2026-07-05 06:22:21,640 [DEBUG] [TIME] 9982 cashflow: 0.23s
2026-07-05 06:22:21,893 [DEBUG] [TIME] 9982 dividends: 0.25s
2026-07-05 06:22:21,894 [INFO] [DETAIL] 9982 タキヒヨー: income_stmt=OK, balance_sheet=OK, cashflow=OK, dividends=OK
2026-07-05 06:22:21,894 [INFO] [TIME] 9982 タキヒヨー 処理時間: 1.05s
2026-07-05 06:22:23,571 [DEBUG] [TIME] 9983 info: 0.12s
2026-07-05 06:22:23,571 [DEBUG] yfinance OK: 9983
2026-07-05 06:22:23,762 [DEBUG] [TIME] 9983 income_stmt: 0.19s
2026-07-05 06:22:24,031 [DEBUG] [TIME] 9983 balance_sheet: 0.27s
2026-07-05 06:22:24,259 [DEBUG] [TIME] 9983 cashflow: 0.23s
2026-07-05 06:22:24,585 [DEBUG] [TIME] 9983 dividends: 0.32s
2026-07-05 06:22:24,586 [INFO] [DETAIL] 9983 ファーストリテイリング: income_stmt=OK, balance_sheet=OK, cashflow=OK, dividends=OK
2026-07-05 06:22:24,586 [INFO] [TIME] 9983 ファーストリテイリング 処理時間: 1.14s
2026-07-05 06:22:25,955 [DEBUG] [TIME] 9984 info: 0.14s
2026-07-05 06:22:25,955 [DEBUG] yfinance OK: 9984
2026-07-05 06:22:26,112 [DEBUG] [TIME] 9984 income_stmt: 0.16s
2026-07-05 06:22:26,348 [DEBUG] [TIME] 9984 balance_sheet: 0.24s
2026-07-05 06:22:26,535 [DEBUG] [TIME] 9984 cashflow: 0.19s
2026-07-05 06:22:26,874 [DEBUG] [TIME] 9984 dividends: 0.34s
2026-07-05 06:22:26,875 [INFO] [DETAIL] 9984 ソフトバンクグループ: income_stmt=OK, balance_sheet=OK, cashflow=OK, dividends=OK
2026-07-05 06:22:26,875 [INFO] [TIME] 9984 ソフトバンクグループ 処理時間: 1.06s
2026-07-05 06:22:28,800 [DEBUG] [TIME] 9986 info: 0.13s
2026-07-05 06:22:28,800 [DEBUG] yfinance OK: 9986
2026-07-05 06:22:28,990 [DEBUG] [TIME] 9986 income_stmt: 0.19s
2026-07-05 06:22:29,214 [DEBUG] [TIME] 9986 balance_sheet: 0.22s
2026-07-05 06:22:29,376 [DEBUG] [TIME] 9986 cashflow: 0.16s
2026-07-05 06:22:29,619 [DEBUG] [TIME] 9986 dividends: 0.24s
2026-07-05 06:22:29,620 [INFO] [DETAIL] 9986 蔵王産業: income_stmt=OK, balance_sheet=OK, cashflow=OK, dividends=OK
2026-07-05 06:22:29,620 [INFO] [TIME] 9986 蔵王産業 処理時間: 0.95s
2026-07-05 06:22:30,765 [DEBUG] [TIME] 9987 info: 0.12s
2026-07-05 06:22:30,765 [DEBUG] yfinance OK: 9987
2026-07-05 06:22:30,923 [DEBUG] [TIME] 9987 income_stmt: 0.16s
2026-07-05 06:22:31,098 [DEBUG] [TIME] 9987 balance_sheet: 0.17s
2026-07-05 06:22:31,302 [DEBUG] [TIME] 9987 cashflow: 0.20s
2026-07-05 06:22:31,661 [DEBUG] [TIME] 9987 dividends: 0.36s
2026-07-05 06:22:31,663 [INFO] [DETAIL] 9987 スズケン: income_stmt=OK, balance_sheet=OK, cashflow=OK, dividends=OK
2026-07-05 06:22:31,663 [INFO] [TIME] 9987 スズケン 処理時間: 1.02s
2026-07-05 06:22:33,197 [DEBUG] [TIME] 9989 info: 0.12s
2026-07-05 06:22:33,197 [DEBUG] yfinance OK: 9989
2026-07-05 06:22:33,362 [DEBUG] [TIME] 9989 income_stmt: 0.16s
2026-07-05 06:22:33,553 [DEBUG] [TIME] 9989 balance_sheet: 0.19s
2026-07-05 06:22:33,737 [DEBUG] [TIME] 9989 cashflow: 0.18s
2026-07-05 06:22:34,065 [DEBUG] [TIME] 9989 dividends: 0.33s
2026-07-05 06:22:34,066 [INFO] [DETAIL] 9989 サンドラッグ: income_stmt=OK, balance_sheet=OK, cashflow=OK, dividends=OK
2026-07-05 06:22:34,066 [INFO] [TIME] 9989 サンドラッグ 処理時間: 0.99s
2026-07-05 06:22:35,736 [DEBUG] [TIME] 9990 info: 0.13s
2026-07-05 06:22:35,737 [DEBUG] yfinance OK: 9990
2026-07-05 06:22:35,918 [DEBUG] [TIME] 9990 income_stmt: 0.18s
2026-07-05 06:22:36,155 [DEBUG] [TIME] 9990 balance_sheet: 0.24s
2026-07-05 06:22:36,363 [DEBUG] [TIME] 9990 cashflow: 0.21s
2026-07-05 06:22:36,658 [DEBUG] [TIME] 9990 dividends: 0.29s
2026-07-05 06:22:36,659 [INFO] [DETAIL] 9990 サックスバー　ホールディングス: income_stmt=OK, balance_sheet=OK, cashflow=OK, dividends=OK
2026-07-05 06:22:36,659 [INFO] [TIME] 9990 サックスバー　ホールディングス 処理時間: 1.05s
2026-07-05 06:22:38,231 [DEBUG] [TIME] 9991 info: 0.17s
2026-07-05 06:22:38,231 [DEBUG] yfinance OK: 9991
2026-07-05 06:22:38,396 [DEBUG] [TIME] 9991 income_stmt: 0.16s
2026-07-05 06:22:38,584 [DEBUG] [TIME] 9991 balance_sheet: 0.19s
2026-07-05 06:22:38,806 [DEBUG] [TIME] 9991 cashflow: 0.22s
2026-07-05 06:22:39,144 [DEBUG] [TIME] 9991 dividends: 0.34s
2026-07-05 06:22:39,145 [INFO] [DETAIL] 9991 ジェコス: income_stmt=OK, balance_sheet=OK, cashflow=OK, dividends=OK
2026-07-05 06:22:39,146 [INFO] [TIME] 9991 ジェコス 処理時間: 1.09s
2026-07-05 06:22:41,176 [DEBUG] [TIME] 9993 info: 0.12s
2026-07-05 06:22:41,176 [DEBUG] yfinance OK: 9993
2026-07-05 06:22:41,351 [DEBUG] [TIME] 9993 income_stmt: 0.17s
2026-07-05 06:22:41,562 [DEBUG] [TIME] 9993 balance_sheet: 0.21s
2026-07-05 06:22:41,769 [DEBUG] [TIME] 9993 cashflow: 0.21s
2026-07-05 06:22:42,056 [DEBUG] [TIME] 9993 dividends: 0.29s
2026-07-05 06:22:42,057 [INFO] [DETAIL] 9993 ヤマザワ: income_stmt=OK, balance_sheet=OK, cashflow=OK, dividends=OK
2026-07-05 06:22:42,057 [INFO] [TIME] 9993 ヤマザワ 処理時間: 1.00s
2026-07-05 06:22:43,851 [DEBUG] [TIME] 9994 info: 0.12s
2026-07-05 06:22:43,851 [DEBUG] yfinance OK: 9994
2026-07-05 06:22:44,112 [DEBUG] [TIME] 9994 income_stmt: 0.26s
2026-07-05 06:22:44,443 [DEBUG] [TIME] 9994 balance_sheet: 0.33s
2026-07-05 06:22:44,643 [DEBUG] [TIME] 9994 cashflow: 0.20s
2026-07-05 06:22:45,033 [DEBUG] [TIME] 9994 dividends: 0.39s
2026-07-05 06:22:45,034 [INFO] [DETAIL] 9994 やまや: income_stmt=OK, balance_sheet=OK, cashflow=OK, dividends=OK
2026-07-05 06:22:45,034 [INFO] [TIME] 9994 やまや 処理時間: 1.30s
2026-07-05 06:22:46,759 [DEBUG] [TIME] 9996 info: 0.12s
2026-07-05 06:22:46,760 [DEBUG] yfinance OK: 9996
2026-07-05 06:22:46,944 [DEBUG] [TIME] 9996 income_stmt: 0.18s
2026-07-05 06:22:47,192 [DEBUG] [TIME] 9996 balance_sheet: 0.25s
2026-07-05 06:22:47,415 [DEBUG] [TIME] 9996 cashflow: 0.22s
2026-07-05 06:22:47,804 [DEBUG] [TIME] 9996 dividends: 0.39s
2026-07-05 06:22:47,805 [INFO] [DETAIL] 9996 サトー商会: income_stmt=OK, balance_sheet=OK, cashflow=OK, dividends=OK
2026-07-05 06:22:47,805 [INFO] [TIME] 9996 サトー商会 処理時間: 1.17s
2026-07-05 06:22:49,700 [DEBUG] [TIME] 9997 info: 0.13s
2026-07-05 06:22:49,700 [DEBUG] yfinance OK: 9997
2026-07-05 06:22:49,896 [DEBUG] [TIME] 9997 income_stmt: 0.20s
2026-07-05 06:22:50,085 [DEBUG] [TIME] 9997 balance_sheet: 0.19s
2026-07-05 06:22:50,275 [DEBUG] [TIME] 9997 cashflow: 0.19s
2026-07-05 06:22:50,642 [DEBUG] [TIME] 9997 dividends: 0.37s
2026-07-05 06:22:50,643 [INFO] [DETAIL] 9997 ベルーナ: income_stmt=OK, balance_sheet=OK, cashflow=OK, dividends=OK
2026-07-05 06:22:50,643 [INFO] [TIME] 9997 ベルーナ 処理時間: 1.08s
2026-07-05 06:22:52,336 [INFO] === 実行完了 (yf=234, warns=25, 総実行時間=10分2.7秒) ===
