2026-07-05 04:55:46,359 [INFO] === 実行開始 (500銘柄) ===
2026-07-05 04:55:46,795 [DEBUG] [TIME] 7034 info: 0.44s
2026-07-05 04:55:46,795 [DEBUG] yfinance OK: 7034
2026-07-05 04:55:46,978 [DEBUG] [TIME] 7034 income_stmt: 0.18s
2026-07-05 04:55:47,230 [DEBUG] [TIME] 7034 balance_sheet: 0.25s
2026-07-05 04:55:47,517 [DEBUG] [TIME] 7034 cashflow: 0.29s
2026-07-05 04:55:47,714 [DEBUG] [TIME] 7034 dividends: 0.20s
2026-07-05 04:55:47,714 [INFO] [DETAIL] 7034 プロレド・パートナーズ: income_stmt=OK, balance_sheet=OK, cashflow=OK, dividends=EMPTY
2026-07-05 04:55:47,714 [INFO] [TIME] 7034 プロレド・パートナーズ 処理時間: 1.35s
2026-07-05 04:55:49,420 [DEBUG] [TIME] 7035 info: 0.15s
2026-07-05 04:55:49,420 [DEBUG] yfinance OK: 7035
2026-07-05 04:55:49,604 [DEBUG] [TIME] 7035 income_stmt: 0.18s
2026-07-05 04:55:49,842 [DEBUG] [TIME] 7035 balance_sheet: 0.24s
2026-07-05 04:55:50,062 [DEBUG] [TIME] 7035 cashflow: 0.22s
2026-07-05 04:55:50,193 [DEBUG] [TIME] 7035 dividends: 0.13s
2026-07-05 04:55:50,194 [INFO] [DETAIL] 7035 ａｎｄ　ｆａｃｔｏｒｙ: income_stmt=OK, balance_sheet=OK, cashflow=OK, dividends=EMPTY
2026-07-05 04:55:50,194 [INFO] [TIME] 7035 ａｎｄ　ｆａｃｔｏｒｙ 処理時間: 0.93s
2026-07-05 04:55:51,967 [DEBUG] [TIME] 7036 info: 0.15s
2026-07-05 04:55:51,967 [DEBUG] yfinance OK: 7036
2026-07-05 04:55:52,163 [DEBUG] [TIME] 7036 income_stmt: 0.20s
2026-07-05 04:55:52,399 [DEBUG] [TIME] 7036 balance_sheet: 0.24s
2026-07-05 04:55:52,609 [DEBUG] [TIME] 7036 cashflow: 0.21s
2026-07-05 04:55:52,806 [DEBUG] [TIME] 7036 dividends: 0.20s
2026-07-05 04:55:52,808 [INFO] [DETAIL] 7036 イーエムネットジャパン: income_stmt=OK, balance_sheet=OK, cashflow=OK, dividends=OK
2026-07-05 04:55:52,808 [INFO] [TIME] 7036 イーエムネットジャパン 処理時間: 1.00s
2026-07-05 04:55:54,842 [DEBUG] [TIME] 7037 info: 0.17s
2026-07-05 04:55:54,842 [DEBUG] yfinance OK: 7037
2026-07-05 04:55:55,013 [DEBUG] [TIME] 7037 income_stmt: 0.17s
2026-07-05 04:55:55,257 [DEBUG] [TIME] 7037 balance_sheet: 0.24s
2026-07-05 04:55:55,460 [DEBUG] [TIME] 7037 cashflow: 0.20s
2026-07-05 04:55:55,616 [DEBUG] [TIME] 7037 dividends: 0.16s
2026-07-05 04:55:55,617 [INFO] [DETAIL] 7037 テノ．ホールディングス: income_stmt=OK, balance_sheet=OK, cashflow=OK, dividends=OK
2026-07-05 04:55:55,617 [INFO] [TIME] 7037 テノ．ホールディングス 処理時間: 0.95s
2026-07-05 04:55:57,745 [DEBUG] [TIME] 7038 info: 0.19s
2026-07-05 04:55:57,746 [DEBUG] yfinance OK: 7038
2026-07-05 04:55:57,931 [DEBUG] [TIME] 7038 income_stmt: 0.19s
2026-07-05 04:55:58,163 [DEBUG] [TIME] 7038 balance_sheet: 0.23s
2026-07-05 04:55:58,416 [DEBUG] [TIME] 7038 cashflow: 0.25s
2026-07-05 04:55:58,570 [DEBUG] [TIME] 7038 dividends: 0.15s
2026-07-05 04:55:58,571 [INFO] [DETAIL] 7038 フロンティア・マネジメント: income_stmt=OK, balance_sheet=OK, cashflow=OK, dividends=OK
2026-07-05 04:55:58,571 [INFO] [TIME] 7038 フロンティア・マネジメント 処理時間: 1.01s
2026-07-05 04:55:59,786 [DEBUG] [TIME] 7039 info: 0.15s
2026-07-05 04:55:59,786 [DEBUG] yfinance OK: 7039
2026-07-05 04:55:59,969 [DEBUG] [TIME] 7039 income_stmt: 0.18s
2026-07-05 04:56:00,246 [DEBUG] [TIME] 7039 balance_sheet: 0.28s
2026-07-05 04:56:00,474 [DEBUG] [TIME] 7039 cashflow: 0.23s
2026-07-05 04:56:00,618 [DEBUG] [TIME] 7039 dividends: 0.14s
2026-07-05 04:56:00,619 [INFO] [DETAIL] 7039 ブリッジインターナショナルグループ: income_stmt=OK, balance_sheet=OK, cashflow=OK, dividends=OK
2026-07-05 04:56:00,619 [INFO] [TIME] 7039 ブリッジインターナショナルグループ 処理時間: 0.99s
2026-07-05 04:56:02,782 [DEBUG] [TIME] 7040 info: 0.16s
2026-07-05 04:56:02,782 [DEBUG] yfinance OK: 7040
2026-07-05 04:56:02,979 [DEBUG] [TIME] 7040 income_stmt: 0.20s
2026-07-05 04:56:03,217 [DEBUG] [TIME] 7040 balance_sheet: 0.24s
2026-07-05 04:56:03,431 [DEBUG] [TIME] 7040 cashflow: 0.21s
2026-07-05 04:56:03,580 [DEBUG] [TIME] 7040 dividends: 0.15s
2026-07-05 04:56:03,581 [INFO] [DETAIL] 7040 サン・ライフホールディング: income_stmt=OK, balance_sheet=OK, cashflow=OK, dividends=OK
2026-07-05 04:56:03,581 [INFO] [TIME] 7040 サン・ライフホールディング 処理時間: 0.96s
2026-07-05 04:56:05,716 [DEBUG] [TIME] 7041 info: 0.16s
2026-07-05 04:56:05,716 [DEBUG] yfinance OK: 7041
2026-07-05 04:56:05,921 [DEBUG] [TIME] 7041 income_stmt: 0.20s
2026-07-05 04:56:06,171 [DEBUG] [TIME] 7041 balance_sheet: 0.25s
2026-07-05 04:56:06,428 [DEBUG] [TIME] 7041 cashflow: 0.26s
2026-07-05 04:56:06,548 [DEBUG] [TIME] 7041 dividends: 0.12s
2026-07-05 04:56:06,549 [INFO] [DETAIL] 7041 ＣＲＧホールディングス: income_stmt=OK, balance_sheet=OK, cashflow=OK, dividends=OK
2026-07-05 04:56:06,549 [INFO] [TIME] 7041 ＣＲＧホールディングス 処理時間: 0.99s
2026-07-05 04:56:07,770 [DEBUG] [TIME] 7042 info: 0.15s
2026-07-05 04:56:07,771 [DEBUG] yfinance OK: 7042
2026-07-05 04:56:07,973 [DEBUG] [TIME] 7042 income_stmt: 0.20s
2026-07-05 04:56:08,246 [DEBUG] [TIME] 7042 balance_sheet: 0.27s
2026-07-05 04:56:08,473 [DEBUG] [TIME] 7042 cashflow: 0.23s
2026-07-05 04:56:08,603 [DEBUG] [TIME] 7042 dividends: 0.13s
2026-07-05 04:56:08,604 [INFO] [DETAIL] 7042 アクセスグループ・ホールディングス: income_stmt=OK, balance_sheet=OK, cashflow=OK, dividends=OK
2026-07-05 04:56:08,604 [INFO] [TIME] 7042 アクセスグループ・ホールディングス 処理時間: 0.99s
2026-07-05 04:56:10,184 [DEBUG] [TIME] 7043 info: 0.18s
2026-07-05 04:56:10,184 [DEBUG] yfinance OK: 7043
2026-07-05 04:56:10,388 [DEBUG] [TIME] 7043 income_stmt: 0.20s
2026-07-05 04:56:10,633 [DEBUG] [TIME] 7043 balance_sheet: 0.25s
2026-07-05 04:56:10,884 [DEBUG] [TIME] 7043 cashflow: 0.25s
2026-07-05 04:56:11,014 [DEBUG] [TIME] 7043 dividends: 0.13s
2026-07-05 04:56:11,015 [INFO] [DETAIL] 7043 アルー: income_stmt=OK, balance_sheet=OK, cashflow=OK, dividends=OK
2026-07-05 04:56:11,015 [INFO] [TIME] 7043 アルー 処理時間: 1.01s
2026-07-05 04:56:12,873 [DEBUG] [TIME] 7044 info: 0.22s
2026-07-05 04:56:12,873 [DEBUG] yfinance OK: 7044
2026-07-05 04:56:13,060 [DEBUG] [TIME] 7044 income_stmt: 0.19s
2026-07-05 04:56:13,275 [DEBUG] [TIME] 7044 balance_sheet: 0.21s
2026-07-05 04:56:13,487 [DEBUG] [TIME] 7044 cashflow: 0.21s
2026-07-05 04:56:13,626 [DEBUG] [TIME] 7044 dividends: 0.14s
2026-07-05 04:56:13,627 [INFO] [DETAIL] 7044 ピアラ: income_stmt=OK, balance_sheet=OK, cashflow=OK, dividends=OK
2026-07-05 04:56:13,627 [INFO] [TIME] 7044 ピアラ 処理時間: 0.98s
2026-07-05 04:56:15,504 [DEBUG] [TIME] 7046 info: 0.15s
2026-07-05 04:56:15,505 [DEBUG] yfinance OK: 7046
2026-07-05 04:56:15,720 [DEBUG] [TIME] 7046 income_stmt: 0.22s
2026-07-05 04:56:16,027 [DEBUG] [TIME] 7046 balance_sheet: 0.31s
2026-07-05 04:56:16,279 [DEBUG] [TIME] 7046 cashflow: 0.25s
2026-07-05 04:56:16,472 [DEBUG] [TIME] 7046 dividends: 0.19s
2026-07-05 04:56:16,473 [INFO] [DETAIL] 7046 ＴＤＳＥ: income_stmt=OK, balance_sheet=OK, cashflow=OK, dividends=OK
2026-07-05 04:56:16,474 [INFO] [TIME] 7046 ＴＤＳＥ 処理時間: 1.12s
2026-07-05 04:56:18,279 [DEBUG] [TIME] 7047 info: 0.18s
2026-07-05 04:56:18,279 [DEBUG] yfinance OK: 7047
2026-07-05 04:56:18,449 [DEBUG] [TIME] 7047 income_stmt: 0.17s
2026-07-05 04:56:18,655 [DEBUG] [TIME] 7047 balance_sheet: 0.20s
2026-07-05 04:56:18,823 [DEBUG] [TIME] 7047 cashflow: 0.17s
2026-07-05 04:56:18,971 [DEBUG] [TIME] 7047 dividends: 0.15s
2026-07-05 04:56:18,972 [INFO] [DETAIL] 7047 ポート: income_stmt=OK, balance_sheet=OK, cashflow=OK, dividends=OK
2026-07-05 04:56:18,972 [INFO] [TIME] 7047 ポート 処理時間: 0.87s
2026-07-05 04:56:21,103 [DEBUG] [TIME] 7048 info: 0.16s
2026-07-05 04:56:21,103 [DEBUG] yfinance OK: 7048
2026-07-05 04:56:21,296 [DEBUG] [TIME] 7048 income_stmt: 0.19s
2026-07-05 04:56:21,514 [DEBUG] [TIME] 7048 balance_sheet: 0.22s
2026-07-05 04:56:21,698 [DEBUG] [TIME] 7048 cashflow: 0.18s
2026-07-05 04:56:21,816 [DEBUG] [TIME] 7048 dividends: 0.12s
2026-07-05 04:56:21,816 [INFO] [DETAIL] 7048 ベルトラ: income_stmt=OK, balance_sheet=OK, cashflow=OK, dividends=EMPTY
2026-07-05 04:56:21,816 [INFO] [TIME] 7048 ベルトラ 処理時間: 0.87s
2026-07-05 04:56:23,892 [DEBUG] [TIME] 7049 info: 0.15s
2026-07-05 04:56:23,892 [DEBUG] yfinance OK: 7049
2026-07-05 04:56:24,098 [DEBUG] [TIME] 7049 income_stmt: 0.21s
2026-07-05 04:56:24,333 [DEBUG] [TIME] 7049 balance_sheet: 0.23s
2026-07-05 04:56:24,583 [DEBUG] [TIME] 7049 cashflow: 0.25s
2026-07-05 04:56:24,704 [DEBUG] [TIME] 7049 dividends: 0.12s
2026-07-05 04:56:24,705 [INFO] [DETAIL] 7049 識学: income_stmt=OK, balance_sheet=OK, cashflow=OK, dividends=EMPTY
2026-07-05 04:56:24,705 [INFO] [TIME] 7049 識学 処理時間: 0.96s
2026-07-05 04:56:25,993 [DEBUG] [TIME] 7050 info: 0.15s
2026-07-05 04:56:25,993 [DEBUG] yfinance OK: 7050
2026-07-05 04:56:26,164 [DEBUG] [TIME] 7050 income_stmt: 0.17s
2026-07-05 04:56:26,410 [DEBUG] [TIME] 7050 balance_sheet: 0.24s
2026-07-05 04:56:26,588 [DEBUG] [TIME] 7050 cashflow: 0.18s
2026-07-05 04:56:26,747 [DEBUG] [TIME] 7050 dividends: 0.16s
2026-07-05 04:56:26,748 [INFO] [DETAIL] 7050 フロンティアインターナショナル: income_stmt=OK, balance_sheet=OK, cashflow=OK, dividends=OK
2026-07-05 04:56:26,748 [INFO] [TIME] 7050 フロンティアインターナショナル 処理時間: 0.91s
2026-07-05 04:56:27,999 [DEBUG] [TIME] 7057 info: 0.15s
2026-07-05 04:56:27,999 [DEBUG] yfinance OK: 7057
2026-07-05 04:56:28,170 [DEBUG] [TIME] 7057 income_stmt: 0.17s
2026-07-05 04:56:28,365 [DEBUG] [TIME] 7057 balance_sheet: 0.19s
2026-07-05 04:56:28,536 [DEBUG] [TIME] 7057 cashflow: 0.17s
2026-07-05 04:56:28,688 [DEBUG] [TIME] 7057 dividends: 0.15s
2026-07-05 04:56:28,689 [INFO] [DETAIL] 7057 エヌ・シー・エヌ: income_stmt=OK, balance_sheet=OK, cashflow=OK, dividends=OK
2026-07-05 04:56:28,690 [INFO] [TIME] 7057 エヌ・シー・エヌ 処理時間: 0.84s
2026-07-05 04:56:30,221 [DEBUG] [TIME] 7058 info: 0.18s
2026-07-05 04:56:30,221 [DEBUG] yfinance OK: 7058
2026-07-05 04:56:30,396 [DEBUG] [TIME] 7058 income_stmt: 0.18s
2026-07-05 04:56:30,623 [DEBUG] [TIME] 7058 balance_sheet: 0.23s
2026-07-05 04:56:30,844 [DEBUG] [TIME] 7058 cashflow: 0.22s
2026-07-05 04:56:30,984 [DEBUG] [TIME] 7058 dividends: 0.14s
2026-07-05 04:56:30,985 [INFO] [DETAIL] 7058 共栄セキュリティーサービス: income_stmt=OK, balance_sheet=OK, cashflow=OK, dividends=OK
2026-07-05 04:56:30,985 [INFO] [TIME] 7058 共栄セキュリティーサービス 処理時間: 0.94s
2026-07-05 04:56:33,077 [DEBUG] [TIME] 7059 info: 0.16s
2026-07-05 04:56:33,077 [DEBUG] yfinance OK: 7059
2026-07-05 04:56:33,266 [DEBUG] [TIME] 7059 income_stmt: 0.19s
2026-07-05 04:56:33,494 [DEBUG] [TIME] 7059 balance_sheet: 0.23s
2026-07-05 04:56:33,761 [DEBUG] [TIME] 7059 cashflow: 0.27s
2026-07-05 04:56:33,915 [DEBUG] [TIME] 7059 dividends: 0.15s
2026-07-05 04:56:33,916 [INFO] [DETAIL] 7059 コプロ・ホールディングス: income_stmt=OK, balance_sheet=OK, cashflow=OK, dividends=OK
2026-07-05 04:56:33,916 [INFO] [TIME] 7059 コプロ・ホールディングス 処理時間: 1.00s
2026-07-05 04:56:35,477 [DEBUG] [TIME] 7060 info: 0.18s
2026-07-05 04:56:35,477 [DEBUG] yfinance OK: 7060
2026-07-05 04:56:35,688 [DEBUG] [TIME] 7060 income_stmt: 0.21s
2026-07-05 04:56:35,942 [DEBUG] [TIME] 7060 balance_sheet: 0.25s
2026-07-05 04:56:36,129 [DEBUG] [TIME] 7060 cashflow: 0.19s
2026-07-05 04:56:36,305 [DEBUG] [TIME] 7060 dividends: 0.18s
2026-07-05 04:56:36,306 [INFO] [DETAIL] 7060 ギークス: income_stmt=OK, balance_sheet=OK, cashflow=OK, dividends=OK
2026-07-05 04:56:36,306 [INFO] [TIME] 7060 ギークス 処理時間: 1.01s
2026-07-05 04:56:38,025 [DEBUG] [TIME] 7061 info: 0.17s
2026-07-05 04:56:38,025 [DEBUG] yfinance OK: 7061
2026-07-05 04:56:38,233 [DEBUG] [TIME] 7061 income_stmt: 0.21s
2026-07-05 04:56:38,475 [DEBUG] [TIME] 7061 balance_sheet: 0.24s
2026-07-05 04:56:38,705 [DEBUG] [TIME] 7061 cashflow: 0.23s
2026-07-05 04:56:38,817 [DEBUG] [TIME] 7061 dividends: 0.11s
2026-07-05 04:56:38,818 [INFO] [DETAIL] 7061 日本ホスピスホールディングス: income_stmt=OK, balance_sheet=OK, cashflow=OK, dividends=OK
2026-07-05 04:56:38,818 [INFO] [TIME] 7061 日本ホスピスホールディングス 処理時間: 0.96s
2026-07-05 04:56:40,237 [DEBUG] [TIME] 7062 info: 0.15s
2026-07-05 04:56:40,237 [DEBUG] yfinance OK: 7062
2026-07-05 04:56:40,390 [DEBUG] [TIME] 7062 income_stmt: 0.15s
2026-07-05 04:56:40,677 [DEBUG] [TIME] 7062 balance_sheet: 0.29s
2026-07-05 04:56:40,884 [DEBUG] [TIME] 7062 cashflow: 0.21s
2026-07-05 04:56:41,011 [DEBUG] [TIME] 7062 dividends: 0.13s
2026-07-05 04:56:41,012 [INFO] [DETAIL] 7062 フレアス: income_stmt=OK, balance_sheet=OK, cashflow=OK, dividends=OK
2026-07-05 04:56:41,012 [INFO] [TIME] 7062 フレアス 処理時間: 0.92s
2026-07-05 04:56:42,542 [DEBUG] [TIME] 7063 info: 0.15s
2026-07-05 04:56:42,542 [DEBUG] yfinance OK: 7063
2026-07-05 04:56:42,723 [DEBUG] [TIME] 7063 income_stmt: 0.18s
2026-07-05 04:56:42,928 [DEBUG] [TIME] 7063 balance_sheet: 0.20s
2026-07-05 04:56:43,092 [DEBUG] [TIME] 7063 cashflow: 0.16s
2026-07-05 04:56:43,214 [DEBUG] [TIME] 7063 dividends: 0.12s
2026-07-05 04:56:43,214 [INFO] [DETAIL] 7063 Ｂｉｒｄｍａｎ: income_stmt=OK, balance_sheet=OK, cashflow=OK, dividends=EMPTY
2026-07-05 04:56:43,214 [INFO] [TIME] 7063 Ｂｉｒｄｍａｎ 処理時間: 0.82s
2026-07-05 04:56:45,176 [DEBUG] [TIME] 7064 info: 0.15s
2026-07-05 04:56:45,176 [DEBUG] yfinance OK: 7064
2026-07-05 04:56:45,570 [DEBUG] [TIME] 7064 income_stmt: 0.39s
2026-07-05 04:56:45,921 [DEBUG] [TIME] 7064 balance_sheet: 0.35s
2026-07-05 04:56:46,141 [DEBUG] [TIME] 7064 cashflow: 0.22s
2026-07-05 04:56:46,291 [DEBUG] [TIME] 7064 dividends: 0.15s
2026-07-05 04:56:46,291 [INFO] [DETAIL] 7064 ハウテレビジョン: income_stmt=OK, balance_sheet=OK, cashflow=OK, dividends=EMPTY
2026-07-05 04:56:46,291 [INFO] [TIME] 7064 ハウテレビジョン 処理時間: 1.27s
2026-07-05 04:56:47,800 [DEBUG] [TIME] 7065 info: 0.15s
2026-07-05 04:56:47,800 [DEBUG] yfinance OK: 7065
2026-07-05 04:56:47,992 [DEBUG] [TIME] 7065 income_stmt: 0.19s
2026-07-05 04:56:48,190 [DEBUG] [TIME] 7065 balance_sheet: 0.20s
2026-07-05 04:56:48,389 [DEBUG] [TIME] 7065 cashflow: 0.20s
2026-07-05 04:56:48,517 [DEBUG] [TIME] 7065 dividends: 0.13s
2026-07-05 04:56:48,518 [INFO] [DETAIL] 7065 ユーピーアール: income_stmt=OK, balance_sheet=OK, cashflow=OK, dividends=OK
2026-07-05 04:56:48,518 [INFO] [TIME] 7065 ユーピーアール 処理時間: 0.87s
2026-07-05 04:56:50,419 [DEBUG] [TIME] 7066 info: 0.18s
2026-07-05 04:56:50,419 [DEBUG] yfinance OK: 7066
2026-07-05 04:56:50,590 [DEBUG] [TIME] 7066 income_stmt: 0.17s
2026-07-05 04:56:50,786 [DEBUG] [TIME] 7066 balance_sheet: 0.20s
2026-07-05 04:56:50,994 [DEBUG] [TIME] 7066 cashflow: 0.21s
2026-07-05 04:56:51,179 [DEBUG] [TIME] 7066 dividends: 0.18s
2026-07-05 04:56:51,180 [INFO] [DETAIL] 7066 ピアズ: income_stmt=OK, balance_sheet=OK, cashflow=OK, dividends=OK
2026-07-05 04:56:51,180 [INFO] [TIME] 7066 ピアズ 処理時間: 0.94s
2026-07-05 04:56:52,571 [DEBUG] [TIME] 7067 info: 0.15s
2026-07-05 04:56:52,571 [DEBUG] yfinance OK: 7067
2026-07-05 04:56:52,735 [DEBUG] [TIME] 7067 income_stmt: 0.16s
2026-07-05 04:56:52,962 [DEBUG] [TIME] 7067 balance_sheet: 0.23s
2026-07-05 04:56:53,168 [DEBUG] [TIME] 7067 cashflow: 0.21s
2026-07-05 04:56:53,302 [DEBUG] [TIME] 7067 dividends: 0.13s
2026-07-05 04:56:53,303 [INFO] [DETAIL] 7067 ブランディングテクノロジー: income_stmt=OK, balance_sheet=OK, cashflow=OK, dividends=OK
2026-07-05 04:56:53,303 [INFO] [TIME] 7067 ブランディングテクノロジー 処理時間: 0.89s
2026-07-05 04:56:54,845 [DEBUG] [TIME] 7068 info: 0.19s
2026-07-05 04:56:54,846 [DEBUG] yfinance OK: 7068
2026-07-05 04:56:55,019 [DEBUG] [TIME] 7068 income_stmt: 0.17s
2026-07-05 04:56:55,217 [DEBUG] [TIME] 7068 balance_sheet: 0.20s
2026-07-05 04:56:55,417 [DEBUG] [TIME] 7068 cashflow: 0.20s
2026-07-05 04:56:55,542 [DEBUG] [TIME] 7068 dividends: 0.12s
2026-07-05 04:56:55,543 [INFO] [DETAIL] 7068 フィードフォースグループ: income_stmt=OK, balance_sheet=OK, cashflow=OK, dividends=OK
2026-07-05 04:56:55,543 [INFO] [TIME] 7068 フィードフォースグループ 処理時間: 0.89s
2026-07-05 04:56:57,140 [DEBUG] [TIME] 7069 info: 0.18s
2026-07-05 04:56:57,140 [DEBUG] yfinance OK: 7069
2026-07-05 04:56:57,316 [DEBUG] [TIME] 7069 income_stmt: 0.18s
2026-07-05 04:56:57,590 [DEBUG] [TIME] 7069 balance_sheet: 0.27s
2026-07-05 04:56:57,814 [DEBUG] [TIME] 7069 cashflow: 0.22s
2026-07-05 04:56:57,937 [DEBUG] [TIME] 7069 dividends: 0.12s
2026-07-05 04:56:57,937 [INFO] [DETAIL] 7069 サイバー・バズ: income_stmt=OK, balance_sheet=OK, cashflow=OK, dividends=EMPTY
2026-07-05 04:56:57,937 [INFO] [TIME] 7069 サイバー・バズ 処理時間: 0.98s
2026-07-05 04:56:59,210 [DEBUG] [TIME] 7071 info: 0.15s
2026-07-05 04:56:59,210 [DEBUG] yfinance OK: 7071
2026-07-05 04:56:59,416 [DEBUG] [TIME] 7071 income_stmt: 0.21s
2026-07-05 04:56:59,665 [DEBUG] [TIME] 7071 balance_sheet: 0.25s
2026-07-05 04:56:59,878 [DEBUG] [TIME] 7071 cashflow: 0.21s
2026-07-05 04:57:00,093 [DEBUG] [TIME] 7071 dividends: 0.22s
2026-07-05 04:57:00,094 [INFO] [DETAIL] 7071 アンビスホールディングス: income_stmt=OK, balance_sheet=OK, cashflow=OK, dividends=OK
2026-07-05 04:57:00,095 [INFO] [TIME] 7071 アンビスホールディングス 処理時間: 1.04s
2026-07-05 04:57:01,765 [DEBUG] [TIME] 7072 info: 0.20s
2026-07-05 04:57:01,765 [DEBUG] yfinance OK: 7072
2026-07-05 04:57:01,952 [DEBUG] [TIME] 7072 income_stmt: 0.19s
2026-07-05 04:57:02,181 [DEBUG] [TIME] 7072 balance_sheet: 0.23s
2026-07-05 04:57:02,430 [DEBUG] [TIME] 7072 cashflow: 0.25s
2026-07-05 04:57:02,587 [DEBUG] [TIME] 7072 dividends: 0.16s
2026-07-05 04:57:02,587 [INFO] [DETAIL] 7072 インティメート・マージャー: income_stmt=OK, balance_sheet=OK, cashflow=OK, dividends=EMPTY
2026-07-05 04:57:02,587 [INFO] [TIME] 7072 インティメート・マージャー 処理時間: 1.02s
2026-07-05 04:57:04,546 [DEBUG] [TIME] 7073 info: 0.19s
2026-07-05 04:57:04,546 [DEBUG] yfinance OK: 7073
2026-07-05 04:57:04,746 [DEBUG] [TIME] 7073 income_stmt: 0.20s
2026-07-05 04:57:05,192 [DEBUG] [TIME] 7073 balance_sheet: 0.45s
2026-07-05 04:57:05,380 [DEBUG] [TIME] 7073 cashflow: 0.19s
2026-07-05 04:57:05,533 [DEBUG] [TIME] 7073 dividends: 0.15s
2026-07-05 04:57:05,534 [INFO] [DETAIL] 7073 ジェイック: income_stmt=OK, balance_sheet=OK, cashflow=OK, dividends=OK
2026-07-05 04:57:05,534 [INFO] [TIME] 7073 ジェイック 処理時間: 1.18s
2026-07-05 04:57:06,902 [DEBUG] [TIME] 7074 info: 0.19s
2026-07-05 04:57:06,902 [DEBUG] yfinance OK: 7074
2026-07-05 04:57:07,098 [DEBUG] [TIME] 7074 income_stmt: 0.20s
2026-07-05 04:57:07,318 [DEBUG] [TIME] 7074 balance_sheet: 0.22s
2026-07-05 04:57:07,582 [DEBUG] [TIME] 7074 cashflow: 0.26s
2026-07-05 04:57:07,727 [DEBUG] [TIME] 7074 dividends: 0.14s
2026-07-05 04:57:07,727 [INFO] [DETAIL] 7074 トゥエンティーフォーセブンホールディングス: income_stmt=OK, balance_sheet=OK, cashflow=OK, dividends=EMPTY
2026-07-05 04:57:07,727 [INFO] [TIME] 7074 トゥエンティーフォーセブンホールディングス 処理時間: 1.01s
2026-07-05 04:57:09,068 [DEBUG] [TIME] 7075 info: 0.15s
2026-07-05 04:57:09,068 [DEBUG] yfinance OK: 7075
2026-07-05 04:57:09,250 [DEBUG] [TIME] 7075 income_stmt: 0.18s
2026-07-05 04:57:09,501 [DEBUG] [TIME] 7075 balance_sheet: 0.25s
2026-07-05 04:57:09,710 [DEBUG] [TIME] 7075 cashflow: 0.21s
2026-07-05 04:57:09,843 [DEBUG] [TIME] 7075 dividends: 0.13s
2026-07-05 04:57:09,844 [INFO] [DETAIL] 7075 ＱＬＳホールディングス: income_stmt=OK, balance_sheet=OK, cashflow=OK, dividends=OK
2026-07-05 04:57:09,844 [INFO] [TIME] 7075 ＱＬＳホールディングス 処理時間: 0.93s
2026-07-05 04:57:11,723 [DEBUG] [TIME] 7077 info: 0.16s
2026-07-05 04:57:11,723 [DEBUG] yfinance OK: 7077
2026-07-05 04:57:11,914 [DEBUG] [TIME] 7077 income_stmt: 0.19s
2026-07-05 04:57:12,156 [DEBUG] [TIME] 7077 balance_sheet: 0.24s
2026-07-05 04:57:12,338 [DEBUG] [TIME] 7077 cashflow: 0.18s
2026-07-05 04:57:12,444 [DEBUG] [TIME] 7077 dividends: 0.11s
2026-07-05 04:57:12,444 [INFO] [DETAIL] 7077 ＡＬｉＮＫインターネット: income_stmt=OK, balance_sheet=OK, cashflow=OK, dividends=EMPTY
2026-07-05 04:57:12,444 [INFO] [TIME] 7077 ＡＬｉＮＫインターネット 処理時間: 0.88s
2026-07-05 04:57:13,635 [DEBUG] [TIME] 7078 info: 0.16s
2026-07-05 04:57:13,635 [DEBUG] yfinance OK: 7078
2026-07-05 04:57:13,815 [DEBUG] [TIME] 7078 income_stmt: 0.18s
2026-07-05 04:57:14,020 [DEBUG] [TIME] 7078 balance_sheet: 0.20s
2026-07-05 04:57:14,232 [DEBUG] [TIME] 7078 cashflow: 0.21s
2026-07-05 04:57:14,357 [DEBUG] [TIME] 7078 dividends: 0.12s
2026-07-05 04:57:14,357 [INFO] [DETAIL] 7078 ＩＮＣＬＵＳＩＶＥ　Ｈｏｌｄｉｎｇｓ: income_stmt=OK, balance_sheet=OK, cashflow=OK, dividends=EMPTY
2026-07-05 04:57:14,357 [INFO] [TIME] 7078 ＩＮＣＬＵＳＩＶＥ　Ｈｏｌｄｉｎｇｓ 処理時間: 0.88s
2026-07-05 04:57:16,481 [DEBUG] [TIME] 7079 info: 0.15s
2026-07-05 04:57:16,481 [DEBUG] yfinance OK: 7079
2026-07-05 04:57:16,664 [DEBUG] [TIME] 7079 income_stmt: 0.18s
2026-07-05 04:57:16,871 [DEBUG] [TIME] 7079 balance_sheet: 0.21s
2026-07-05 04:57:17,026 [DEBUG] [TIME] 7079 cashflow: 0.15s
2026-07-05 04:57:17,158 [DEBUG] [TIME] 7079 dividends: 0.13s
2026-07-05 04:57:17,159 [INFO] [DETAIL] 7079 ＷＤＢココ: income_stmt=OK, balance_sheet=OK, cashflow=OK, dividends=OK
2026-07-05 04:57:17,159 [INFO] [TIME] 7079 ＷＤＢココ 処理時間: 0.83s
2026-07-05 04:57:18,382 [DEBUG] [TIME] 7080 info: 0.16s
2026-07-05 04:57:18,383 [DEBUG] yfinance OK: 7080
2026-07-05 04:57:18,548 [DEBUG] [TIME] 7080 income_stmt: 0.17s
2026-07-05 04:57:18,794 [DEBUG] [TIME] 7080 balance_sheet: 0.24s
2026-07-05 04:57:18,991 [DEBUG] [TIME] 7080 cashflow: 0.20s
2026-07-05 04:57:19,272 [DEBUG] [TIME] 7080 dividends: 0.28s
2026-07-05 04:57:19,273 [INFO] [DETAIL] 7080 スポーツフィールド: income_stmt=OK, balance_sheet=OK, cashflow=OK, dividends=OK
2026-07-05 04:57:19,273 [INFO] [TIME] 7080 スポーツフィールド 処理時間: 1.05s
2026-07-05 04:57:20,556 [DEBUG] [TIME] 7081 info: 0.16s
2026-07-05 04:57:20,556 [DEBUG] yfinance OK: 7081
2026-07-05 04:57:20,757 [DEBUG] [TIME] 7081 income_stmt: 0.20s
2026-07-05 04:57:21,041 [DEBUG] [TIME] 7081 balance_sheet: 0.28s
2026-07-05 04:57:21,298 [DEBUG] [TIME] 7081 cashflow: 0.26s
2026-07-05 04:57:21,494 [DEBUG] [TIME] 7081 dividends: 0.20s
2026-07-05 04:57:21,495 [INFO] [DETAIL] 7081 コーユーレンティア: income_stmt=OK, balance_sheet=OK, cashflow=OK, dividends=OK
2026-07-05 04:57:21,495 [INFO] [TIME] 7081 コーユーレンティア 処理時間: 1.10s
2026-07-05 04:57:23,087 [DEBUG] [TIME] 7082 info: 0.19s
2026-07-05 04:57:23,087 [DEBUG] yfinance OK: 7082
2026-07-05 04:57:23,274 [DEBUG] [TIME] 7082 income_stmt: 0.19s
2026-07-05 04:57:23,543 [DEBUG] [TIME] 7082 balance_sheet: 0.27s
2026-07-05 04:57:23,738 [DEBUG] [TIME] 7082 cashflow: 0.19s
2026-07-05 04:57:23,894 [DEBUG] [TIME] 7082 dividends: 0.16s
2026-07-05 04:57:23,895 [INFO] [DETAIL] 7082 ジモティー: income_stmt=OK, balance_sheet=OK, cashflow=OK, dividends=EMPTY
2026-07-05 04:57:23,895 [INFO] [TIME] 7082 ジモティー 処理時間: 1.00s
2026-07-05 04:57:25,711 [DEBUG] [TIME] 7083 info: 0.15s
2026-07-05 04:57:25,711 [DEBUG] yfinance OK: 7083
2026-07-05 04:57:25,924 [DEBUG] [TIME] 7083 income_stmt: 0.21s
2026-07-05 04:57:26,186 [DEBUG] [TIME] 7083 balance_sheet: 0.26s
2026-07-05 04:57:26,438 [DEBUG] [TIME] 7083 cashflow: 0.25s
2026-07-05 04:57:26,567 [DEBUG] [TIME] 7083 dividends: 0.13s
2026-07-05 04:57:26,568 [INFO] [DETAIL] 7083 ＡＨＣグループ: income_stmt=OK, balance_sheet=OK, cashflow=OK, dividends=OK
2026-07-05 04:57:26,568 [INFO] [TIME] 7083 ＡＨＣグループ 処理時間: 1.01s
2026-07-05 04:57:28,471 [DEBUG] [TIME] 7084 info: 0.36s
2026-07-05 04:57:28,471 [DEBUG] yfinance OK: 7084
2026-07-05 04:57:28,681 [DEBUG] [TIME] 7084 income_stmt: 0.21s
2026-07-05 04:57:28,931 [DEBUG] [TIME] 7084 balance_sheet: 0.25s
2026-07-05 04:57:29,158 [DEBUG] [TIME] 7084 cashflow: 0.23s
2026-07-05 04:57:29,285 [DEBUG] [TIME] 7084 dividends: 0.13s
2026-07-05 04:57:29,286 [INFO] [DETAIL] 7084 Ｓｍｉｌｅ　Ｈｏｌｄｉｎｇｓ: income_stmt=OK, balance_sheet=OK, cashflow=OK, dividends=OK
2026-07-05 04:57:29,286 [INFO] [TIME] 7084 Ｓｍｉｌｅ　Ｈｏｌｄｉｎｇｓ 処理時間: 1.17s
2026-07-05 04:57:31,341 [DEBUG] [TIME] 7085 info: 0.16s
2026-07-05 04:57:31,341 [DEBUG] yfinance OK: 7085
2026-07-05 04:57:31,517 [DEBUG] [TIME] 7085 income_stmt: 0.18s
2026-07-05 04:57:31,774 [DEBUG] [TIME] 7085 balance_sheet: 0.26s
2026-07-05 04:57:31,983 [DEBUG] [TIME] 7085 cashflow: 0.21s
2026-07-05 04:57:32,162 [DEBUG] [TIME] 7085 dividends: 0.18s
2026-07-05 04:57:32,163 [INFO] [DETAIL] 7085 カーブスホールディングス: income_stmt=OK, balance_sheet=OK, cashflow=OK, dividends=OK
2026-07-05 04:57:32,163 [INFO] [TIME] 7085 カーブスホールディングス 処理時間: 0.98s
2026-07-05 04:57:33,733 [DEBUG] [TIME] 7087 info: 0.16s
2026-07-05 04:57:33,734 [DEBUG] yfinance OK: 7087
2026-07-05 04:57:33,933 [DEBUG] [TIME] 7087 income_stmt: 0.20s
2026-07-05 04:57:34,163 [DEBUG] [TIME] 7087 balance_sheet: 0.23s
2026-07-05 04:57:34,349 [DEBUG] [TIME] 7087 cashflow: 0.19s
2026-07-05 04:57:34,502 [DEBUG] [TIME] 7087 dividends: 0.15s
2026-07-05 04:57:34,503 [INFO] [DETAIL] 7087 ウイルテック: income_stmt=OK, balance_sheet=OK, cashflow=OK, dividends=OK
2026-07-05 04:57:34,503 [INFO] [TIME] 7087 ウイルテック 処理時間: 0.93s
2026-07-05 04:57:35,992 [DEBUG] [TIME] 7089 info: 0.16s
2026-07-05 04:57:35,992 [DEBUG] yfinance OK: 7089
2026-07-05 04:57:36,195 [DEBUG] [TIME] 7089 income_stmt: 0.20s
2026-07-05 04:57:36,439 [DEBUG] [TIME] 7089 balance_sheet: 0.24s
2026-07-05 04:57:36,641 [DEBUG] [TIME] 7089 cashflow: 0.20s
2026-07-05 04:57:36,753 [DEBUG] [TIME] 7089 dividends: 0.11s
2026-07-05 04:57:36,753 [INFO] [DETAIL] 7089 フォースタートアップス: income_stmt=OK, balance_sheet=OK, cashflow=OK, dividends=EMPTY
2026-07-05 04:57:36,753 [INFO] [TIME] 7089 フォースタートアップス 処理時間: 0.92s
2026-07-05 04:57:38,586 [DEBUG] [TIME] 7090 info: 0.18s
2026-07-05 04:57:38,586 [DEBUG] yfinance OK: 7090
2026-07-05 04:57:38,744 [DEBUG] [TIME] 7090 income_stmt: 0.16s
2026-07-05 04:57:39,018 [DEBUG] [TIME] 7090 balance_sheet: 0.27s
2026-07-05 04:57:39,250 [DEBUG] [TIME] 7090 cashflow: 0.23s
2026-07-05 04:57:39,365 [DEBUG] [TIME] 7090 dividends: 0.11s
2026-07-05 04:57:39,365 [INFO] [DETAIL] 7090 リグア: income_stmt=OK, balance_sheet=OK, cashflow=OK, dividends=EMPTY
2026-07-05 04:57:39,365 [INFO] [TIME] 7090 リグア 処理時間: 0.96s
2026-07-05 04:57:40,882 [DEBUG] [TIME] 7091 info: 0.19s
2026-07-05 04:57:40,883 [DEBUG] yfinance OK: 7091
2026-07-05 04:57:41,067 [DEBUG] [TIME] 7091 income_stmt: 0.18s
2026-07-05 04:57:41,291 [DEBUG] [TIME] 7091 balance_sheet: 0.22s
2026-07-05 04:57:41,498 [DEBUG] [TIME] 7091 cashflow: 0.21s
2026-07-05 04:57:41,676 [DEBUG] [TIME] 7091 dividends: 0.18s
2026-07-05 04:57:41,676 [INFO] [DETAIL] 7091 リビングプラットフォーム: income_stmt=OK, balance_sheet=OK, cashflow=OK, dividends=OK
2026-07-05 04:57:41,676 [INFO] [TIME] 7091 リビングプラットフォーム 処理時間: 0.99s
2026-07-05 04:57:43,838 [DEBUG] [TIME] 7093 info: 0.19s
2026-07-05 04:57:43,838 [DEBUG] yfinance OK: 7093
2026-07-05 04:57:44,045 [DEBUG] [TIME] 7093 income_stmt: 0.21s
2026-07-05 04:57:44,265 [DEBUG] [TIME] 7093 balance_sheet: 0.22s
2026-07-05 04:57:44,476 [DEBUG] [TIME] 7093 cashflow: 0.21s
2026-07-05 04:57:44,590 [DEBUG] [TIME] 7093 dividends: 0.11s
2026-07-05 04:57:44,590 [INFO] [DETAIL] 7093 アディッシュ: income_stmt=OK, balance_sheet=OK, cashflow=OK, dividends=EMPTY
2026-07-05 04:57:44,590 [INFO] [TIME] 7093 アディッシュ 処理時間: 0.94s
2026-07-05 04:57:45,785 [DEBUG] [TIME] 7094 info: 0.16s
2026-07-05 04:57:45,785 [DEBUG] yfinance OK: 7094
2026-07-05 04:57:45,983 [DEBUG] [TIME] 7094 income_stmt: 0.20s
2026-07-05 04:57:46,215 [DEBUG] [TIME] 7094 balance_sheet: 0.23s
2026-07-05 04:57:46,404 [DEBUG] [TIME] 7094 cashflow: 0.19s
2026-07-05 04:57:46,519 [DEBUG] [TIME] 7094 dividends: 0.11s
2026-07-05 04:57:46,520 [INFO] [DETAIL] 7094 ＮｅｘＴｏｎｅ: income_stmt=OK, balance_sheet=OK, cashflow=OK, dividends=OK
2026-07-05 04:57:46,520 [INFO] [TIME] 7094 ＮｅｘＴｏｎｅ 処理時間: 0.89s
2026-07-05 04:57:48,577 [DEBUG] [TIME] 7095 info: 0.15s
2026-07-05 04:57:48,577 [DEBUG] yfinance OK: 7095
2026-07-05 04:57:48,788 [DEBUG] [TIME] 7095 income_stmt: 0.21s
2026-07-05 04:57:49,033 [DEBUG] [TIME] 7095 balance_sheet: 0.24s
2026-07-05 04:57:49,224 [DEBUG] [TIME] 7095 cashflow: 0.19s
2026-07-05 04:57:49,348 [DEBUG] [TIME] 7095 dividends: 0.12s
2026-07-05 04:57:49,349 [INFO] [DETAIL] 7095 Ｍａｃｂｅｅ　Ｐｌａｎｅｔ: income_stmt=OK, balance_sheet=OK, cashflow=OK, dividends=OK
2026-07-05 04:57:49,350 [INFO] [TIME] 7095 Ｍａｃｂｅｅ　Ｐｌａｎｅｔ 処理時間: 0.92s
2026-07-05 04:57:51,387 [DEBUG] [TIME] 7096 info: 0.15s
2026-07-05 04:57:51,387 [DEBUG] yfinance OK: 7096
2026-07-05 04:57:51,585 [DEBUG] [TIME] 7096 income_stmt: 0.20s
2026-07-05 04:57:51,833 [DEBUG] [TIME] 7096 balance_sheet: 0.25s
2026-07-05 04:57:52,013 [DEBUG] [TIME] 7096 cashflow: 0.18s
2026-07-05 04:57:52,169 [DEBUG] [TIME] 7096 dividends: 0.16s
2026-07-05 04:57:52,170 [INFO] [DETAIL] 7096 ステムセル研究所: income_stmt=OK, balance_sheet=OK, cashflow=OK, dividends=OK
2026-07-05 04:57:52,170 [INFO] [TIME] 7096 ステムセル研究所 処理時間: 0.93s
2026-07-05 04:57:53,543 [DEBUG] [TIME] 7097 info: 0.15s
2026-07-05 04:57:53,543 [DEBUG] yfinance OK: 7097
2026-07-05 04:57:53,754 [DEBUG] [TIME] 7097 income_stmt: 0.21s
2026-07-05 04:57:53,992 [DEBUG] [TIME] 7097 balance_sheet: 0.24s
2026-07-05 04:57:54,179 [DEBUG] [TIME] 7097 cashflow: 0.19s
2026-07-05 04:57:54,302 [DEBUG] [TIME] 7097 dividends: 0.12s
2026-07-05 04:57:54,303 [INFO] [DETAIL] 7097 さくらさくプラス: income_stmt=OK, balance_sheet=OK, cashflow=OK, dividends=OK
2026-07-05 04:57:54,303 [INFO] [TIME] 7097 さくらさくプラス 処理時間: 0.91s
2026-07-05 04:57:56,255 [DEBUG] [TIME] 7102 info: 0.22s
2026-07-05 04:57:56,255 [DEBUG] yfinance OK: 7102
2026-07-05 04:57:56,449 [DEBUG] [TIME] 7102 income_stmt: 0.19s
2026-07-05 04:57:56,763 [DEBUG] [TIME] 7102 balance_sheet: 0.31s
2026-07-05 04:57:56,958 [DEBUG] [TIME] 7102 cashflow: 0.19s
2026-07-05 04:57:57,231 [DEBUG] [TIME] 7102 dividends: 0.27s
2026-07-05 04:57:57,232 [INFO] [DETAIL] 7102 日本車輌製造: income_stmt=OK, balance_sheet=OK, cashflow=OK, dividends=OK
2026-07-05 04:57:57,232 [INFO] [TIME] 7102 日本車輌製造 処理時間: 1.20s
2026-07-05 04:57:58,895 [DEBUG] [TIME] 7110 info: 0.16s
2026-07-05 04:57:58,895 [DEBUG] yfinance OK: 7110
2026-07-05 04:57:59,091 [DEBUG] [TIME] 7110 income_stmt: 0.20s
2026-07-05 04:57:59,355 [DEBUG] [TIME] 7110 balance_sheet: 0.26s
2026-07-05 04:57:59,548 [DEBUG] [TIME] 7110 cashflow: 0.19s
2026-07-05 04:57:59,709 [DEBUG] [TIME] 7110 dividends: 0.16s
2026-07-05 04:57:59,710 [INFO] [DETAIL] 7110 クラシコム: income_stmt=OK, balance_sheet=OK, cashflow=OK, dividends=OK
2026-07-05 04:57:59,710 [INFO] [TIME] 7110 クラシコム 処理時間: 0.97s
2026-07-05 04:58:01,647 [DEBUG] [TIME] 7111 info: 0.29s
2026-07-05 04:58:01,647 [DEBUG] yfinance OK: 7111
2026-07-05 04:58:01,828 [DEBUG] [TIME] 7111 income_stmt: 0.18s
2026-07-05 04:58:02,049 [DEBUG] [TIME] 7111 balance_sheet: 0.22s
2026-07-05 04:58:02,265 [DEBUG] [TIME] 7111 cashflow: 0.21s
2026-07-05 04:58:02,356 [DEBUG] [TIME] 7111 dividends: 0.09s
2026-07-05 04:58:02,356 [INFO] [DETAIL] 7111 ＩＮＥＳＴ: income_stmt=OK, balance_sheet=OK, cashflow=OK, dividends=EMPTY
2026-07-05 04:58:02,357 [INFO] [TIME] 7111 ＩＮＥＳＴ 処理時間: 1.00s
2026-07-05 04:58:03,803 [DEBUG] [TIME] 7112 info: 0.15s
2026-07-05 04:58:03,803 [DEBUG] yfinance OK: 7112
2026-07-05 04:58:04,000 [DEBUG] [TIME] 7112 income_stmt: 0.20s
2026-07-05 04:58:04,251 [DEBUG] [TIME] 7112 balance_sheet: 0.25s
2026-07-05 04:58:04,521 [DEBUG] [TIME] 7112 cashflow: 0.27s
2026-07-05 04:58:04,620 [DEBUG] [TIME] 7112 dividends: 0.10s
2026-07-05 04:58:04,620 [INFO] [DETAIL] 7112 キューブ: income_stmt=OK, balance_sheet=OK, cashflow=OK, dividends=EMPTY
2026-07-05 04:58:04,620 [INFO] [TIME] 7112 キューブ 処理時間: 0.97s
2026-07-05 04:58:06,689 [DEBUG] [TIME] 7114 info: 0.16s
2026-07-05 04:58:06,689 [DEBUG] yfinance OK: 7114
2026-07-05 04:58:06,883 [DEBUG] [TIME] 7114 income_stmt: 0.19s
2026-07-05 04:58:07,148 [DEBUG] [TIME] 7114 balance_sheet: 0.26s
2026-07-05 04:58:07,390 [DEBUG] [TIME] 7114 cashflow: 0.24s
2026-07-05 04:58:07,506 [DEBUG] [TIME] 7114 dividends: 0.12s
2026-07-05 04:58:07,507 [INFO] [DETAIL] 7114 フーディソン: income_stmt=OK, balance_sheet=OK, cashflow=OK, dividends=EMPTY
2026-07-05 04:58:07,507 [INFO] [TIME] 7114 フーディソン 処理時間: 0.98s
2026-07-05 04:58:09,556 [DEBUG] [TIME] 7115 info: 0.15s
2026-07-05 04:58:09,556 [DEBUG] yfinance OK: 7115
2026-07-05 04:58:09,772 [DEBUG] [TIME] 7115 income_stmt: 0.22s
2026-07-05 04:58:10,037 [DEBUG] [TIME] 7115 balance_sheet: 0.26s
2026-07-05 04:58:10,226 [DEBUG] [TIME] 7115 cashflow: 0.19s
2026-07-05 04:58:10,329 [DEBUG] [TIME] 7115 dividends: 0.10s
2026-07-05 04:58:10,330 [INFO] [DETAIL] 7115 アルファパーチェス: income_stmt=OK, balance_sheet=OK, cashflow=OK, dividends=OK
2026-07-05 04:58:10,331 [INFO] [TIME] 7115 アルファパーチェス 処理時間: 0.92s
2026-07-05 04:58:12,031 [DEBUG] [TIME] 7119 info: 0.16s
2026-07-05 04:58:12,031 [DEBUG] yfinance OK: 7119
2026-07-05 04:58:12,230 [DEBUG] [TIME] 7119 income_stmt: 0.20s
2026-07-05 04:58:12,443 [DEBUG] [TIME] 7119 balance_sheet: 0.21s
2026-07-05 04:58:12,629 [DEBUG] [TIME] 7119 cashflow: 0.19s
2026-07-05 04:58:12,736 [DEBUG] [TIME] 7119 dividends: 0.11s
2026-07-05 04:58:12,737 [INFO] [DETAIL] 7119 ハルメクホールディングス: income_stmt=OK, balance_sheet=OK, cashflow=OK, dividends=OK
2026-07-05 04:58:12,737 [INFO] [TIME] 7119 ハルメクホールディングス 処理時間: 0.86s
2026-07-05 04:58:14,361 [DEBUG] [TIME] 7120 info: 0.15s
2026-07-05 04:58:14,361 [DEBUG] yfinance OK: 7120
2026-07-05 04:58:14,536 [DEBUG] [TIME] 7120 income_stmt: 0.18s
2026-07-05 04:58:14,791 [DEBUG] [TIME] 7120 balance_sheet: 0.25s
2026-07-05 04:58:15,026 [DEBUG] [TIME] 7120 cashflow: 0.23s
2026-07-05 04:58:15,147 [DEBUG] [TIME] 7120 dividends: 0.12s
2026-07-05 04:58:15,148 [INFO] [DETAIL] 7120 ＳＨＩＮＫＯ: income_stmt=OK, balance_sheet=OK, cashflow=OK, dividends=OK
2026-07-05 04:58:15,148 [INFO] [TIME] 7120 ＳＨＩＮＫＯ 処理時間: 0.94s
2026-07-05 04:58:17,119 [DEBUG] [TIME] 7122 info: 0.15s
2026-07-05 04:58:17,119 [DEBUG] yfinance OK: 7122
2026-07-05 04:58:17,350 [DEBUG] [TIME] 7122 income_stmt: 0.23s
2026-07-05 04:58:17,596 [DEBUG] [TIME] 7122 balance_sheet: 0.25s
2026-07-05 04:58:17,803 [DEBUG] [TIME] 7122 cashflow: 0.21s
2026-07-05 04:58:18,089 [DEBUG] [TIME] 7122 dividends: 0.29s
2026-07-05 04:58:18,090 [INFO] [DETAIL] 7122 近畿車輛: income_stmt=OK, balance_sheet=OK, cashflow=OK, dividends=OK
2026-07-05 04:58:18,090 [INFO] [TIME] 7122 近畿車輛 処理時間: 1.12s
2026-07-05 04:58:19,427 [DEBUG] [TIME] 7126 info: 0.16s
2026-07-05 04:58:19,427 [DEBUG] yfinance OK: 7126
2026-07-05 04:58:19,621 [DEBUG] [TIME] 7126 income_stmt: 0.19s
2026-07-05 04:58:19,859 [DEBUG] [TIME] 7126 balance_sheet: 0.24s
2026-07-05 04:58:20,079 [DEBUG] [TIME] 7126 cashflow: 0.22s
2026-07-05 04:58:20,197 [DEBUG] [TIME] 7126 dividends: 0.12s
2026-07-05 04:58:20,197 [INFO] [DETAIL] 7126 グローバルスタイル: income_stmt=OK, balance_sheet=OK, cashflow=OK, dividends=OK
2026-07-05 04:58:20,198 [INFO] [TIME] 7126 グローバルスタイル 処理時間: 0.93s
2026-07-05 04:58:21,666 [DEBUG] [TIME] 7127 info: 0.16s
2026-07-05 04:58:21,667 [DEBUG] yfinance OK: 7127
2026-07-05 04:58:21,870 [DEBUG] [TIME] 7127 income_stmt: 0.20s
2026-07-05 04:58:22,083 [DEBUG] [TIME] 7127 balance_sheet: 0.21s
2026-07-05 04:58:22,313 [DEBUG] [TIME] 7127 cashflow: 0.23s
2026-07-05 04:58:22,458 [DEBUG] [TIME] 7127 dividends: 0.14s
2026-07-05 04:58:22,458 [INFO] [DETAIL] 7127 一家ホールディングス: income_stmt=OK, balance_sheet=OK, cashflow=OK, dividends=EMPTY
2026-07-05 04:58:22,458 [INFO] [TIME] 7127 一家ホールディングス 処理時間: 0.95s
2026-07-05 04:58:24,541 [DEBUG] [TIME] 7128 info: 0.15s
2026-07-05 04:58:24,541 [DEBUG] yfinance OK: 7128
2026-07-05 04:58:24,734 [DEBUG] [TIME] 7128 income_stmt: 0.19s
2026-07-05 04:58:24,976 [DEBUG] [TIME] 7128 balance_sheet: 0.24s
2026-07-05 04:58:25,175 [DEBUG] [TIME] 7128 cashflow: 0.20s
2026-07-05 04:58:25,310 [DEBUG] [TIME] 7128 dividends: 0.13s
2026-07-05 04:58:25,311 [INFO] [DETAIL] 7128 ユニソルホールディングス: income_stmt=OK, balance_sheet=OK, cashflow=OK, dividends=OK
2026-07-05 04:58:25,311 [INFO] [TIME] 7128 ユニソルホールディングス 処理時間: 0.92s
2026-07-05 04:58:27,175 [DEBUG] [TIME] 7129 info: 0.16s
2026-07-05 04:58:27,175 [DEBUG] yfinance OK: 7129
2026-07-05 04:58:27,386 [DEBUG] [TIME] 7129 income_stmt: 0.21s
2026-07-05 04:58:27,612 [DEBUG] [TIME] 7129 balance_sheet: 0.23s
2026-07-05 04:58:27,841 [DEBUG] [TIME] 7129 cashflow: 0.23s
2026-07-05 04:58:27,989 [DEBUG] [TIME] 7129 dividends: 0.15s
2026-07-05 04:58:27,990 [INFO] [DETAIL] 7129 ミアヘルサホールディングス: income_stmt=OK, balance_sheet=OK, cashflow=OK, dividends=OK
2026-07-05 04:58:27,990 [INFO] [TIME] 7129 ミアヘルサホールディングス 処理時間: 0.97s
2026-07-05 04:58:29,394 [DEBUG] [TIME] 7130 info: 0.15s
2026-07-05 04:58:29,395 [DEBUG] yfinance OK: 7130
2026-07-05 04:58:29,590 [DEBUG] [TIME] 7130 income_stmt: 0.20s
2026-07-05 04:58:29,832 [DEBUG] [TIME] 7130 balance_sheet: 0.24s
2026-07-05 04:58:30,032 [DEBUG] [TIME] 7130 cashflow: 0.20s
2026-07-05 04:58:30,190 [DEBUG] [TIME] 7130 dividends: 0.16s
2026-07-05 04:58:30,191 [INFO] [DETAIL] 7130 ヤマエグループホールディングス: income_stmt=OK, balance_sheet=OK, cashflow=OK, dividends=OK
2026-07-05 04:58:30,191 [INFO] [TIME] 7130 ヤマエグループホールディングス 処理時間: 0.95s
2026-07-05 04:58:31,855 [DEBUG] [TIME] 7131 info: 0.19s
2026-07-05 04:58:31,856 [DEBUG] yfinance OK: 7131
2026-07-05 04:58:32,063 [DEBUG] [TIME] 7131 income_stmt: 0.21s
2026-07-05 04:58:32,295 [DEBUG] [TIME] 7131 balance_sheet: 0.23s
2026-07-05 04:58:32,522 [DEBUG] [TIME] 7131 cashflow: 0.23s
2026-07-05 04:58:32,655 [DEBUG] [TIME] 7131 dividends: 0.13s
2026-07-05 04:58:32,656 [INFO] [DETAIL] 7131 のむら産業: income_stmt=OK, balance_sheet=OK, cashflow=OK, dividends=OK
2026-07-05 04:58:32,656 [INFO] [TIME] 7131 のむら産業 処理時間: 0.99s
2026-07-05 04:58:34,520 [DEBUG] [TIME] 7133 info: 0.15s
2026-07-05 04:58:34,520 [DEBUG] yfinance OK: 7133
2026-07-05 04:58:34,752 [DEBUG] [TIME] 7133 income_stmt: 0.23s
2026-07-05 04:58:34,999 [DEBUG] [TIME] 7133 balance_sheet: 0.25s
2026-07-05 04:58:35,217 [DEBUG] [TIME] 7133 cashflow: 0.22s
2026-07-05 04:58:35,354 [DEBUG] [TIME] 7133 dividends: 0.14s
2026-07-05 04:58:35,355 [INFO] [DETAIL] 7133 ＨＹＵＧＡ　ＰＲＩＭＡＲＹ　ＣＡＲＥ: income_stmt=OK, balance_sheet=OK, cashflow=OK, dividends=OK
2026-07-05 04:58:35,355 [INFO] [TIME] 7133 ＨＹＵＧＡ　ＰＲＩＭＡＲＹ　ＣＡＲＥ 処理時間: 0.99s
2026-07-05 04:58:37,188 [DEBUG] [TIME] 7134 info: 0.15s
2026-07-05 04:58:37,188 [DEBUG] yfinance OK: 7134
2026-07-05 04:58:37,411 [DEBUG] [TIME] 7134 income_stmt: 0.22s
2026-07-05 04:58:37,644 [DEBUG] [TIME] 7134 balance_sheet: 0.23s
2026-07-05 04:58:37,839 [DEBUG] [TIME] 7134 cashflow: 0.19s
2026-07-05 04:58:38,014 [DEBUG] [TIME] 7134 dividends: 0.17s
2026-07-05 04:58:38,015 [INFO] [DETAIL] 7134 アップガレージグループ: income_stmt=OK, balance_sheet=OK, cashflow=OK, dividends=OK
2026-07-05 04:58:38,015 [INFO] [TIME] 7134 アップガレージグループ 処理時間: 0.98s
2026-07-05 04:58:40,171 [DEBUG] [TIME] 7135 info: 0.16s
2026-07-05 04:58:40,171 [DEBUG] yfinance OK: 7135
2026-07-05 04:58:40,329 [DEBUG] [TIME] 7135 income_stmt: 0.16s
2026-07-05 04:58:40,530 [DEBUG] [TIME] 7135 balance_sheet: 0.20s
2026-07-05 04:58:40,691 [DEBUG] [TIME] 7135 cashflow: 0.16s
2026-07-05 04:58:40,807 [DEBUG] [TIME] 7135 dividends: 0.11s
2026-07-05 04:58:40,807 [INFO] [DETAIL] 7135 ジャパンクラフトホールディングス: income_stmt=OK, balance_sheet=OK, cashflow=OK, dividends=OK
2026-07-05 04:58:40,808 [INFO] [TIME] 7135 ジャパンクラフトホールディングス 処理時間: 0.79s
2026-07-05 04:58:42,890 [DEBUG] [TIME] 7138 info: 0.15s
2026-07-05 04:58:42,890 [DEBUG] yfinance OK: 7138
2026-07-05 04:58:43,085 [DEBUG] [TIME] 7138 income_stmt: 0.19s
2026-07-05 04:58:43,281 [DEBUG] [TIME] 7138 balance_sheet: 0.20s
2026-07-05 04:58:43,532 [DEBUG] [TIME] 7138 cashflow: 0.25s
2026-07-05 04:58:43,688 [DEBUG] [TIME] 7138 dividends: 0.16s
2026-07-05 04:58:43,688 [INFO] [DETAIL] 7138 ＴＯＲＩＣＯ: income_stmt=OK, balance_sheet=OK, cashflow=OK, dividends=EMPTY
2026-07-05 04:58:43,688 [INFO] [TIME] 7138 ＴＯＲＩＣＯ 処理時間: 0.95s
2026-07-05 04:58:45,808 [DEBUG] [TIME] 7140 info: 0.16s
2026-07-05 04:58:45,808 [DEBUG] yfinance OK: 7140
2026-07-05 04:58:45,990 [DEBUG] [TIME] 7140 income_stmt: 0.18s
2026-07-05 04:58:46,241 [DEBUG] [TIME] 7140 balance_sheet: 0.25s
2026-07-05 04:58:46,412 [DEBUG] [TIME] 7140 cashflow: 0.17s
2026-07-05 04:58:46,513 [DEBUG] [TIME] 7140 dividends: 0.10s
2026-07-05 04:58:46,513 [INFO] [DETAIL] 7140 ペットゴー: income_stmt=OK, balance_sheet=OK, cashflow=OK, dividends=EMPTY
2026-07-05 04:58:46,513 [INFO] [TIME] 7140 ペットゴー 処理時間: 0.86s
2026-07-05 04:58:47,901 [DEBUG] [TIME] 7148 info: 0.19s
2026-07-05 04:58:47,902 [DEBUG] yfinance OK: 7148
2026-07-05 04:58:48,077 [DEBUG] [TIME] 7148 income_stmt: 0.18s
2026-07-05 04:58:48,320 [DEBUG] [TIME] 7148 balance_sheet: 0.24s
2026-07-05 04:58:48,538 [DEBUG] [TIME] 7148 cashflow: 0.22s
2026-07-05 04:58:48,785 [DEBUG] [TIME] 7148 dividends: 0.25s
2026-07-05 04:58:48,786 [INFO] [DETAIL] 7148 ＦＰＧ: income_stmt=OK, balance_sheet=OK, cashflow=OK, dividends=OK
2026-07-05 04:58:48,786 [INFO] [TIME] 7148 ＦＰＧ 処理時間: 1.08s
2026-07-05 04:58:50,854 [DEBUG] [TIME] 7150 info: 0.15s
2026-07-05 04:58:50,854 [DEBUG] yfinance OK: 7150
2026-07-05 04:58:51,034 [DEBUG] [TIME] 7150 income_stmt: 0.18s
2026-07-05 04:58:51,249 [DEBUG] [TIME] 7150 balance_sheet: 0.22s
2026-07-05 04:58:51,429 [DEBUG] [TIME] 7150 cashflow: 0.18s
2026-07-05 04:58:51,679 [DEBUG] [TIME] 7150 dividends: 0.25s
2026-07-05 04:58:51,680 [INFO] [DETAIL] 7150 島根銀行: income_stmt=OK, balance_sheet=OK, cashflow=OK, dividends=OK
2026-07-05 04:58:51,680 [INFO] [TIME] 7150 島根銀行 処理時間: 0.98s
2026-07-05 04:58:52,891 [DEBUG] [TIME] 7157 info: 0.15s
2026-07-05 04:58:52,891 [DEBUG] yfinance OK: 7157
2026-07-05 04:58:53,080 [DEBUG] [TIME] 7157 income_stmt: 0.19s
2026-07-05 04:58:53,299 [DEBUG] [TIME] 7157 balance_sheet: 0.22s
2026-07-05 04:58:53,500 [DEBUG] [TIME] 7157 cashflow: 0.20s
2026-07-05 04:58:53,631 [DEBUG] [TIME] 7157 dividends: 0.13s
2026-07-05 04:58:53,631 [INFO] [DETAIL] 7157 ライフネット生命保険: income_stmt=OK, balance_sheet=OK, cashflow=OK, dividends=EMPTY
2026-07-05 04:58:53,631 [INFO] [TIME] 7157 ライフネット生命保険 処理時間: 0.89s
2026-07-05 04:58:55,580 [DEBUG] [TIME] 7161 info: 0.15s
2026-07-05 04:58:55,580 [DEBUG] yfinance OK: 7161
2026-07-05 04:58:55,802 [DEBUG] [TIME] 7161 income_stmt: 0.22s
2026-07-05 04:58:55,996 [DEBUG] [TIME] 7161 balance_sheet: 0.19s
2026-07-05 04:58:56,213 [DEBUG] [TIME] 7161 cashflow: 0.22s
2026-07-05 04:58:56,483 [DEBUG] [TIME] 7161 dividends: 0.27s
2026-07-05 04:58:56,484 [INFO] [DETAIL] 7161 じもとホールディングス: income_stmt=OK, balance_sheet=OK, cashflow=OK, dividends=OK
2026-07-05 04:58:56,484 [INFO] [TIME] 7161 じもとホールディングス 処理時間: 1.05s
2026-07-05 04:58:57,953 [DEBUG] [TIME] 7162 info: 0.15s
2026-07-05 04:58:57,954 [DEBUG] yfinance OK: 7162
2026-07-05 04:58:58,153 [DEBUG] [TIME] 7162 income_stmt: 0.20s
2026-07-05 04:58:58,394 [DEBUG] [TIME] 7162 balance_sheet: 0.24s
2026-07-05 04:58:58,621 [DEBUG] [TIME] 7162 cashflow: 0.23s
2026-07-05 04:58:58,848 [DEBUG] [TIME] 7162 dividends: 0.23s
2026-07-05 04:58:58,849 [INFO] [DETAIL] 7162 アストマックス: income_stmt=OK, balance_sheet=OK, cashflow=OK, dividends=OK
2026-07-05 04:58:58,849 [INFO] [TIME] 7162 アストマックス 処理時間: 1.05s
2026-07-05 04:59:00,321 [DEBUG] [TIME] 7164 info: 0.16s
2026-07-05 04:59:00,321 [DEBUG] yfinance OK: 7164
2026-07-05 04:59:00,529 [DEBUG] [TIME] 7164 income_stmt: 0.21s
2026-07-05 04:59:00,772 [DEBUG] [TIME] 7164 balance_sheet: 0.24s
2026-07-05 04:59:00,996 [DEBUG] [TIME] 7164 cashflow: 0.22s
2026-07-05 04:59:01,208 [DEBUG] [TIME] 7164 dividends: 0.21s
2026-07-05 04:59:01,209 [INFO] [DETAIL] 7164 全国保証: income_stmt=OK, balance_sheet=OK, cashflow=OK, dividends=OK
2026-07-05 04:59:01,209 [INFO] [TIME] 7164 全国保証 処理時間: 1.05s
2026-07-05 04:59:03,104 [DEBUG] [TIME] 7167 info: 0.15s
2026-07-05 04:59:03,104 [DEBUG] yfinance OK: 7167
2026-07-05 04:59:05,175 [DEBUG] [TIME] 7167 income_stmt: 2.07s
2026-07-05 04:59:06,102 [DEBUG] [TIME] 7167 balance_sheet: 0.93s
2026-07-05 04:59:06,296 [DEBUG] [TIME] 7167 cashflow: 0.19s
2026-07-05 04:59:06,468 [DEBUG] [TIME] 7167 dividends: 0.17s
2026-07-05 04:59:06,469 [INFO] [DETAIL] 7167 めぶきフィナンシャルグループ: income_stmt=OK, balance_sheet=OK, cashflow=OK, dividends=OK
2026-07-05 04:59:06,469 [INFO] [TIME] 7167 めぶきフィナンシャルグループ 処理時間: 3.52s
2026-07-05 04:59:08,025 [DEBUG] [TIME] 7172 info: 0.30s
2026-07-05 04:59:08,025 [DEBUG] yfinance OK: 7172
2026-07-05 04:59:08,216 [DEBUG] [TIME] 7172 income_stmt: 0.19s
2026-07-05 04:59:08,430 [DEBUG] [TIME] 7172 balance_sheet: 0.21s
2026-07-05 04:59:08,665 [DEBUG] [TIME] 7172 cashflow: 0.23s
2026-07-05 04:59:08,854 [DEBUG] [TIME] 7172 dividends: 0.19s
2026-07-05 04:59:08,855 [INFO] [DETAIL] 7172 ジャパンインベストメントアドバイザー: income_stmt=OK, balance_sheet=OK, cashflow=OK, dividends=OK
2026-07-05 04:59:08,855 [INFO] [TIME] 7172 ジャパンインベストメントアドバイザー 処理時間: 1.13s
2026-07-05 04:59:10,720 [DEBUG] [TIME] 7173 info: 0.16s
2026-07-05 04:59:10,720 [DEBUG] yfinance OK: 7173
2026-07-05 04:59:10,909 [DEBUG] [TIME] 7173 income_stmt: 0.19s
2026-07-05 04:59:11,116 [DEBUG] [TIME] 7173 balance_sheet: 0.21s
2026-07-05 04:59:11,303 [DEBUG] [TIME] 7173 cashflow: 0.19s
2026-07-05 04:59:11,477 [DEBUG] [TIME] 7173 dividends: 0.17s
2026-07-05 04:59:11,478 [INFO] [DETAIL] 7173 東京きらぼしフィナンシャルグループ: income_stmt=OK, balance_sheet=OK, cashflow=OK, dividends=OK
2026-07-05 04:59:11,478 [INFO] [TIME] 7173 東京きらぼしフィナンシャルグループ 処理時間: 0.92s
2026-07-05 04:59:13,235 [DEBUG] [TIME] 7175 info: 0.18s
2026-07-05 04:59:13,235 [DEBUG] yfinance OK: 7175
2026-07-05 04:59:13,424 [DEBUG] [TIME] 7175 income_stmt: 0.19s
2026-07-05 04:59:13,640 [DEBUG] [TIME] 7175 balance_sheet: 0.22s
2026-07-05 04:59:13,846 [DEBUG] [TIME] 7175 cashflow: 0.20s
2026-07-05 04:59:14,030 [DEBUG] [TIME] 7175 dividends: 0.18s
2026-07-05 04:59:14,031 [INFO] [DETAIL] 7175 今村証券: income_stmt=OK, balance_sheet=OK, cashflow=OK, dividends=OK
2026-07-05 04:59:14,031 [INFO] [TIME] 7175 今村証券 処理時間: 0.98s
2026-07-05 04:59:16,151 [DEBUG] [TIME] 7177 info: 0.18s
2026-07-05 04:59:16,151 [DEBUG] yfinance OK: 7177
2026-07-05 04:59:16,348 [DEBUG] [TIME] 7177 income_stmt: 0.20s
2026-07-05 04:59:16,642 [DEBUG] [TIME] 7177 balance_sheet: 0.29s
2026-07-05 04:59:16,848 [DEBUG] [TIME] 7177 cashflow: 0.21s
2026-07-05 04:59:17,096 [DEBUG] [TIME] 7177 dividends: 0.25s
2026-07-05 04:59:17,097 [INFO] [DETAIL] 7177 ＧＭＯフィナンシャルホールディングス: income_stmt=OK, balance_sheet=OK, cashflow=OK, dividends=OK
2026-07-05 04:59:17,098 [INFO] [TIME] 7177 ＧＭＯフィナンシャルホールディングス 処理時間: 1.13s
2026-07-05 04:59:18,561 [DEBUG] [TIME] 7180 info: 0.15s
2026-07-05 04:59:18,561 [DEBUG] yfinance OK: 7180
2026-07-05 04:59:18,760 [DEBUG] [TIME] 7180 income_stmt: 0.20s
2026-07-05 04:59:18,968 [DEBUG] [TIME] 7180 balance_sheet: 0.21s
2026-07-05 04:59:19,159 [DEBUG] [TIME] 7180 cashflow: 0.19s
2026-07-05 04:59:19,334 [DEBUG] [TIME] 7180 dividends: 0.18s
2026-07-05 04:59:19,335 [INFO] [DETAIL] 7180 九州フィナンシャルグループ: income_stmt=OK, balance_sheet=OK, cashflow=OK, dividends=OK
2026-07-05 04:59:19,335 [INFO] [TIME] 7180 九州フィナンシャルグループ 処理時間: 0.93s
2026-07-05 04:59:21,270 [DEBUG] [TIME] 7181 info: 0.15s
2026-07-05 04:59:21,270 [DEBUG] yfinance OK: 7181
2026-07-05 04:59:21,448 [DEBUG] [TIME] 7181 income_stmt: 0.18s
2026-07-05 04:59:21,637 [DEBUG] [TIME] 7181 balance_sheet: 0.19s
2026-07-05 04:59:21,823 [DEBUG] [TIME] 7181 cashflow: 0.19s
2026-07-05 04:59:22,007 [DEBUG] [TIME] 7181 dividends: 0.18s
2026-07-05 04:59:22,008 [INFO] [DETAIL] 7181 かんぽ生命保険: income_stmt=OK, balance_sheet=OK, cashflow=OK, dividends=OK
2026-07-05 04:59:22,008 [INFO] [TIME] 7181 かんぽ生命保険 処理時間: 0.89s
2026-07-05 04:59:24,066 [DEBUG] [TIME] 7182 info: 0.21s
2026-07-05 04:59:24,066 [DEBUG] yfinance OK: 7182
2026-07-05 04:59:24,239 [DEBUG] [TIME] 7182 income_stmt: 0.17s
2026-07-05 04:59:24,435 [DEBUG] [TIME] 7182 balance_sheet: 0.20s
2026-07-05 04:59:24,600 [DEBUG] [TIME] 7182 cashflow: 0.16s
2026-07-05 04:59:24,804 [DEBUG] [TIME] 7182 dividends: 0.20s
2026-07-05 04:59:24,805 [INFO] [DETAIL] 7182 ゆうちょ銀行: income_stmt=OK, balance_sheet=OK, cashflow=OK, dividends=OK
2026-07-05 04:59:24,806 [INFO] [TIME] 7182 ゆうちょ銀行 処理時間: 0.95s
2026-07-05 04:59:26,085 [DEBUG] [TIME] 7183 info: 0.15s
2026-07-05 04:59:26,086 [DEBUG] yfinance OK: 7183
2026-07-05 04:59:26,396 [DEBUG] [TIME] 7183 income_stmt: 0.31s
2026-07-05 04:59:26,629 [DEBUG] [TIME] 7183 balance_sheet: 0.23s
2026-07-05 04:59:26,793 [DEBUG] [TIME] 7183 cashflow: 0.16s
2026-07-05 04:59:26,971 [DEBUG] [TIME] 7183 dividends: 0.18s
2026-07-05 04:59:26,972 [INFO] [DETAIL] 7183 あんしん保証: income_stmt=OK, balance_sheet=OK, cashflow=OK, dividends=OK
2026-07-05 04:59:26,972 [INFO] [TIME] 7183 あんしん保証 処理時間: 1.04s
2026-07-05 04:59:28,893 [DEBUG] [TIME] 7184 info: 0.20s
2026-07-05 04:59:28,893 [DEBUG] yfinance OK: 7184
2026-07-05 04:59:29,089 [DEBUG] [TIME] 7184 income_stmt: 0.20s
2026-07-05 04:59:29,345 [DEBUG] [TIME] 7184 balance_sheet: 0.26s
2026-07-05 04:59:29,572 [DEBUG] [TIME] 7184 cashflow: 0.23s
2026-07-05 04:59:29,751 [DEBUG] [TIME] 7184 dividends: 0.18s
2026-07-05 04:59:29,752 [INFO] [DETAIL] 7184 富山第一銀行: income_stmt=OK, balance_sheet=OK, cashflow=OK, dividends=OK
2026-07-05 04:59:29,752 [INFO] [TIME] 7184 富山第一銀行 処理時間: 1.06s
2026-07-05 04:59:31,112 [DEBUG] [TIME] 7185 info: 0.15s
2026-07-05 04:59:31,112 [DEBUG] yfinance OK: 7185
2026-07-05 04:59:31,283 [DEBUG] [TIME] 7185 income_stmt: 0.17s
2026-07-05 04:59:31,685 [DEBUG] [TIME] 7185 balance_sheet: 0.40s
2026-07-05 04:59:31,931 [DEBUG] [TIME] 7185 cashflow: 0.25s
2026-07-05 04:59:32,085 [DEBUG] [TIME] 7185 dividends: 0.15s
2026-07-05 04:59:32,086 [INFO] [DETAIL] 7185 ヒロセ通商: income_stmt=OK, balance_sheet=OK, cashflow=OK, dividends=OK
2026-07-05 04:59:32,087 [INFO] [TIME] 7185 ヒロセ通商 処理時間: 1.13s
2026-07-05 04:59:34,154 [DEBUG] [TIME] 7186 info: 0.18s
2026-07-05 04:59:34,154 [DEBUG] yfinance OK: 7186
2026-07-05 04:59:34,332 [DEBUG] [TIME] 7186 income_stmt: 0.18s
2026-07-05 04:59:34,590 [DEBUG] [TIME] 7186 balance_sheet: 0.26s
2026-07-05 04:59:34,802 [DEBUG] [TIME] 7186 cashflow: 0.21s
2026-07-05 04:59:35,020 [DEBUG] [TIME] 7186 dividends: 0.22s
2026-07-05 04:59:35,021 [INFO] [DETAIL] 7186 横浜フィナンシャルグループ: income_stmt=OK, balance_sheet=OK, cashflow=OK, dividends=OK
2026-07-05 04:59:35,021 [INFO] [TIME] 7186 横浜フィナンシャルグループ 処理時間: 1.05s
2026-07-05 04:59:36,598 [DEBUG] [TIME] 7187 info: 0.18s
2026-07-05 04:59:36,598 [DEBUG] yfinance OK: 7187
2026-07-05 04:59:36,834 [DEBUG] [TIME] 7187 income_stmt: 0.24s
2026-07-05 04:59:37,068 [DEBUG] [TIME] 7187 balance_sheet: 0.23s
2026-07-05 04:59:37,303 [DEBUG] [TIME] 7187 cashflow: 0.23s
2026-07-05 04:59:37,482 [DEBUG] [TIME] 7187 dividends: 0.18s
2026-07-05 04:59:37,483 [INFO] [DETAIL] 7187 ジェイリース: income_stmt=OK, balance_sheet=OK, cashflow=OK, dividends=OK
2026-07-05 04:59:37,483 [INFO] [TIME] 7187 ジェイリース 処理時間: 1.06s
2026-07-05 04:59:39,169 [DEBUG] [TIME] 7189 info: 0.18s
2026-07-05 04:59:39,169 [DEBUG] yfinance OK: 7189
2026-07-05 04:59:39,366 [DEBUG] [TIME] 7189 income_stmt: 0.20s
2026-07-05 04:59:39,562 [DEBUG] [TIME] 7189 balance_sheet: 0.19s
2026-07-05 04:59:39,818 [DEBUG] [TIME] 7189 cashflow: 0.26s
2026-07-05 04:59:40,134 [DEBUG] [TIME] 7189 dividends: 0.32s
2026-07-05 04:59:40,135 [INFO] [DETAIL] 7189 西日本フィナンシャルホールディングス: income_stmt=OK, balance_sheet=OK, cashflow=OK, dividends=OK
2026-07-05 04:59:40,135 [INFO] [TIME] 7189 西日本フィナンシャルホールディングス 処理時間: 1.14s
2026-07-05 04:59:42,096 [DEBUG] [TIME] 7191 info: 0.15s
2026-07-05 04:59:42,097 [DEBUG] yfinance OK: 7191
2026-07-05 04:59:42,299 [DEBUG] [TIME] 7191 income_stmt: 0.20s
2026-07-05 04:59:42,518 [DEBUG] [TIME] 7191 balance_sheet: 0.22s
2026-07-05 04:59:42,728 [DEBUG] [TIME] 7191 cashflow: 0.21s
2026-07-05 04:59:42,901 [DEBUG] [TIME] 7191 dividends: 0.17s
2026-07-05 04:59:42,902 [INFO] [DETAIL] 7191 イントラスト: income_stmt=OK, balance_sheet=OK, cashflow=OK, dividends=OK
2026-07-05 04:59:42,902 [INFO] [TIME] 7191 イントラスト 処理時間: 0.96s
2026-07-05 04:59:44,367 [DEBUG] [TIME] 7192 info: 0.16s
2026-07-05 04:59:44,367 [DEBUG] yfinance OK: 7192
2026-07-05 04:59:44,559 [DEBUG] [TIME] 7192 income_stmt: 0.19s
2026-07-05 04:59:44,816 [DEBUG] [TIME] 7192 balance_sheet: 0.26s
2026-07-05 04:59:45,013 [DEBUG] [TIME] 7192 cashflow: 0.20s
2026-07-05 04:59:45,182 [DEBUG] [TIME] 7192 dividends: 0.17s
2026-07-05 04:59:45,183 [INFO] [DETAIL] 7192 日本モーゲージサービス: income_stmt=OK, balance_sheet=OK, cashflow=OK, dividends=OK
2026-07-05 04:59:45,183 [INFO] [TIME] 7192 日本モーゲージサービス 処理時間: 0.97s
2026-07-05 04:59:46,920 [DEBUG] [TIME] 7196 info: 0.18s
2026-07-05 04:59:46,920 [DEBUG] yfinance OK: 7196
2026-07-05 04:59:47,125 [DEBUG] [TIME] 7196 income_stmt: 0.21s
2026-07-05 04:59:47,354 [DEBUG] [TIME] 7196 balance_sheet: 0.23s
2026-07-05 04:59:47,577 [DEBUG] [TIME] 7196 cashflow: 0.22s
2026-07-05 04:59:47,733 [DEBUG] [TIME] 7196 dividends: 0.16s
2026-07-05 04:59:47,734 [INFO] [DETAIL] 7196 Ｃａｓａ: income_stmt=OK, balance_sheet=OK, cashflow=OK, dividends=OK
2026-07-05 04:59:47,734 [INFO] [TIME] 7196 Ｃａｓａ 処理時間: 1.00s
2026-07-05 04:59:48,982 [DEBUG] [TIME] 7198 info: 0.16s
2026-07-05 04:59:48,982 [DEBUG] yfinance OK: 7198
2026-07-05 04:59:49,185 [DEBUG] [TIME] 7198 income_stmt: 0.20s
2026-07-05 04:59:49,440 [DEBUG] [TIME] 7198 balance_sheet: 0.26s
2026-07-05 04:59:49,621 [DEBUG] [TIME] 7198 cashflow: 0.18s
2026-07-05 04:59:49,777 [DEBUG] [TIME] 7198 dividends: 0.16s
2026-07-05 04:59:49,778 [INFO] [DETAIL] 7198 ＳＢＩアルヒ: income_stmt=OK, balance_sheet=OK, cashflow=OK, dividends=OK
2026-07-05 04:59:49,778 [INFO] [TIME] 7198 ＳＢＩアルヒ 処理時間: 0.95s
2026-07-05 04:59:51,441 [DEBUG] [TIME] 7199 info: 0.25s
2026-07-05 04:59:51,441 [DEBUG] yfinance OK: 7199
2026-07-05 04:59:51,631 [DEBUG] [TIME] 7199 income_stmt: 0.19s
2026-07-05 04:59:51,842 [DEBUG] [TIME] 7199 balance_sheet: 0.21s
2026-07-05 04:59:52,051 [DEBUG] [TIME] 7199 cashflow: 0.21s
2026-07-05 04:59:52,201 [DEBUG] [TIME] 7199 dividends: 0.15s
2026-07-05 04:59:52,203 [INFO] [DETAIL] 7199 プレミアグループ: income_stmt=OK, balance_sheet=OK, cashflow=OK, dividends=OK
2026-07-05 04:59:52,203 [INFO] [TIME] 7199 プレミアグループ 処理時間: 1.01s
2026-07-05 04:59:53,487 [DEBUG] [TIME] 7201 info: 0.16s
2026-07-05 04:59:53,487 [DEBUG] yfinance OK: 7201
2026-07-05 04:59:53,763 [DEBUG] [TIME] 7201 income_stmt: 0.28s
2026-07-05 04:59:53,982 [DEBUG] [TIME] 7201 balance_sheet: 0.22s
2026-07-05 04:59:54,214 [DEBUG] [TIME] 7201 cashflow: 0.23s
2026-07-05 04:59:54,492 [DEBUG] [TIME] 7201 dividends: 0.28s
2026-07-05 04:59:54,493 [INFO] [DETAIL] 7201 日産自動車: income_stmt=OK, balance_sheet=OK, cashflow=OK, dividends=OK
2026-07-05 04:59:54,493 [INFO] [TIME] 7201 日産自動車 処理時間: 1.16s
2026-07-05 04:59:56,253 [DEBUG] [TIME] 7202 info: 0.17s
2026-07-05 04:59:56,253 [DEBUG] yfinance OK: 7202
2026-07-05 04:59:56,461 [DEBUG] [TIME] 7202 income_stmt: 0.21s
2026-07-05 04:59:56,749 [DEBUG] [TIME] 7202 balance_sheet: 0.29s
2026-07-05 04:59:56,974 [DEBUG] [TIME] 7202 cashflow: 0.22s
2026-07-05 04:59:57,300 [DEBUG] [TIME] 7202 dividends: 0.33s
2026-07-05 04:59:57,301 [INFO] [DETAIL] 7202 いすゞ自動車: income_stmt=OK, balance_sheet=OK, cashflow=OK, dividends=OK
2026-07-05 04:59:57,301 [INFO] [TIME] 7202 いすゞ自動車 処理時間: 1.22s
2026-07-05 04:59:58,820 [DEBUG] [TIME] 7203 info: 0.18s
2026-07-05 04:59:58,820 [DEBUG] yfinance OK: 7203
2026-07-05 04:59:59,009 [DEBUG] [TIME] 7203 income_stmt: 0.19s
2026-07-05 04:59:59,274 [DEBUG] [TIME] 7203 balance_sheet: 0.26s
2026-07-05 04:59:59,475 [DEBUG] [TIME] 7203 cashflow: 0.20s
2026-07-05 04:59:59,809 [DEBUG] [TIME] 7203 dividends: 0.33s
2026-07-05 04:59:59,810 [INFO] [DETAIL] 7203 トヨタ自動車: income_stmt=OK, balance_sheet=OK, cashflow=OK, dividends=OK
2026-07-05 04:59:59,810 [INFO] [TIME] 7203 トヨタ自動車 処理時間: 1.17s
2026-07-05 05:00:01,041 [DEBUG] [TIME] 7208 info: 0.15s
2026-07-05 05:00:01,041 [DEBUG] yfinance OK: 7208
2026-07-05 05:00:01,261 [DEBUG] [TIME] 7208 income_stmt: 0.22s
2026-07-05 05:00:01,500 [DEBUG] [TIME] 7208 balance_sheet: 0.24s
2026-07-05 05:00:01,739 [DEBUG] [TIME] 7208 cashflow: 0.24s
2026-07-05 05:00:02,019 [DEBUG] [TIME] 7208 dividends: 0.28s
2026-07-05 05:00:02,020 [INFO] [DETAIL] 7208 カネミツ: income_stmt=OK, balance_sheet=OK, cashflow=OK, dividends=OK
2026-07-05 05:00:02,020 [INFO] [TIME] 7208 カネミツ 処理時間: 1.13s
2026-07-05 05:00:03,646 [DEBUG] [TIME] 7211 info: 0.16s
2026-07-05 05:00:03,646 [DEBUG] yfinance OK: 7211
2026-07-05 05:00:03,880 [DEBUG] [TIME] 7211 income_stmt: 0.23s
2026-07-05 05:00:04,148 [DEBUG] [TIME] 7211 balance_sheet: 0.27s
2026-07-05 05:00:04,351 [DEBUG] [TIME] 7211 cashflow: 0.20s
2026-07-05 05:00:04,632 [DEBUG] [TIME] 7211 dividends: 0.28s
2026-07-05 05:00:04,633 [INFO] [DETAIL] 7211 三菱自動車工業: income_stmt=OK, balance_sheet=OK, cashflow=OK, dividends=OK
2026-07-05 05:00:04,633 [INFO] [TIME] 7211 三菱自動車工業 処理時間: 1.15s
2026-07-05 05:00:05,973 [DEBUG] [TIME] 7212 info: 0.18s
2026-07-05 05:00:05,973 [DEBUG] yfinance OK: 7212
2026-07-05 05:00:06,176 [DEBUG] [TIME] 7212 income_stmt: 0.20s
2026-07-05 05:00:06,416 [DEBUG] [TIME] 7212 balance_sheet: 0.24s
2026-07-05 05:00:06,617 [DEBUG] [TIME] 7212 cashflow: 0.20s
2026-07-05 05:00:06,860 [DEBUG] [TIME] 7212 dividends: 0.24s
2026-07-05 05:00:06,861 [INFO] [DETAIL] 7212 エフテック: income_stmt=OK, balance_sheet=OK, cashflow=OK, dividends=OK
2026-07-05 05:00:06,861 [INFO] [TIME] 7212 エフテック 処理時間: 1.07s
2026-07-05 05:00:08,764 [DEBUG] [TIME] 7213 info: 0.17s
2026-07-05 05:00:08,764 [DEBUG] yfinance OK: 7213
2026-07-05 05:00:09,114 [DEBUG] [TIME] 7213 income_stmt: 0.35s
2026-07-05 05:00:09,372 [DEBUG] [TIME] 7213 balance_sheet: 0.26s
2026-07-05 05:00:09,580 [DEBUG] [TIME] 7213 cashflow: 0.21s
2026-07-05 05:00:09,833 [DEBUG] [TIME] 7213 dividends: 0.25s
2026-07-05 05:00:09,834 [INFO] [DETAIL] 7213 レシップホールディングス: income_stmt=OK, balance_sheet=OK, cashflow=OK, dividends=OK
2026-07-05 05:00:09,834 [INFO] [TIME] 7213 レシップホールディングス 処理時間: 1.24s
2026-07-05 05:00:11,870 [DEBUG] [TIME] 7214 info: 0.16s
2026-07-05 05:00:11,870 [DEBUG] yfinance OK: 7214
2026-07-05 05:00:12,056 [DEBUG] [TIME] 7214 income_stmt: 0.19s
2026-07-05 05:00:12,346 [DEBUG] [TIME] 7214 balance_sheet: 0.29s
2026-07-05 05:00:12,578 [DEBUG] [TIME] 7214 cashflow: 0.23s
2026-07-05 05:00:12,841 [DEBUG] [TIME] 7214 dividends: 0.26s
2026-07-05 05:00:12,842 [INFO] [DETAIL] 7214 ＧＭＢ: income_stmt=OK, balance_sheet=OK, cashflow=OK, dividends=OK
2026-07-05 05:00:12,842 [INFO] [TIME] 7214 ＧＭＢ 処理時間: 1.13s
2026-07-05 05:00:14,850 [DEBUG] [TIME] 7215 info: 0.15s
2026-07-05 05:00:14,851 [DEBUG] yfinance OK: 7215
2026-07-05 05:00:15,040 [DEBUG] [TIME] 7215 income_stmt: 0.19s
2026-07-05 05:00:15,286 [DEBUG] [TIME] 7215 balance_sheet: 0.25s
2026-07-05 05:00:15,479 [DEBUG] [TIME] 7215 cashflow: 0.19s
2026-07-05 05:00:15,682 [DEBUG] [TIME] 7215 dividends: 0.20s
2026-07-05 05:00:15,682 [INFO] [DETAIL] 7215 ファルテック: income_stmt=OK, balance_sheet=OK, cashflow=OK, dividends=OK
2026-07-05 05:00:15,683 [INFO] [TIME] 7215 ファルテック 処理時間: 0.99s
2026-07-05 05:00:17,670 [DEBUG] [TIME] 7217 info: 0.18s
2026-07-05 05:00:17,670 [DEBUG] yfinance OK: 7217
2026-07-05 05:00:17,837 [DEBUG] [TIME] 7217 income_stmt: 0.17s
2026-07-05 05:00:18,044 [DEBUG] [TIME] 7217 balance_sheet: 0.21s
2026-07-05 05:00:18,226 [DEBUG] [TIME] 7217 cashflow: 0.18s
2026-07-05 05:00:18,505 [DEBUG] [TIME] 7217 dividends: 0.28s
2026-07-05 05:00:18,506 [INFO] [DETAIL] 7217 テイン: income_stmt=OK, balance_sheet=OK, cashflow=OK, dividends=OK
2026-07-05 05:00:18,506 [INFO] [TIME] 7217 テイン 処理時間: 1.02s
2026-07-05 05:00:19,977 [DEBUG] [TIME] 7218 info: 0.15s
2026-07-05 05:00:19,977 [DEBUG] yfinance OK: 7218
2026-07-05 05:00:20,166 [DEBUG] [TIME] 7218 income_stmt: 0.19s
2026-07-05 05:00:20,465 [DEBUG] [TIME] 7218 balance_sheet: 0.30s
2026-07-05 05:00:20,731 [DEBUG] [TIME] 7218 cashflow: 0.27s
2026-07-05 05:00:21,057 [DEBUG] [TIME] 7218 dividends: 0.33s
2026-07-05 05:00:21,058 [INFO] [DETAIL] 7218 田中精密工業: income_stmt=OK, balance_sheet=OK, cashflow=OK, dividends=OK
2026-07-05 05:00:21,058 [INFO] [TIME] 7218 田中精密工業 処理時間: 1.23s
2026-07-05 05:00:22,295 [DEBUG] [TIME] 7219 info: 0.15s
2026-07-05 05:00:22,295 [DEBUG] yfinance OK: 7219
2026-07-05 05:00:22,473 [DEBUG] [TIME] 7219 income_stmt: 0.18s
2026-07-05 05:00:22,715 [DEBUG] [TIME] 7219 balance_sheet: 0.24s
2026-07-05 05:00:22,955 [DEBUG] [TIME] 7219 cashflow: 0.24s
2026-07-05 05:00:23,282 [DEBUG] [TIME] 7219 dividends: 0.33s
2026-07-05 05:00:23,283 [INFO] [DETAIL] 7219 エッチ・ケー・エス: income_stmt=OK, balance_sheet=OK, cashflow=OK, dividends=OK
2026-07-05 05:00:23,283 [INFO] [TIME] 7219 エッチ・ケー・エス 処理時間: 1.14s
2026-07-05 05:00:25,394 [DEBUG] [TIME] 7220 info: 0.16s
2026-07-05 05:00:25,394 [DEBUG] yfinance OK: 7220
2026-07-05 05:00:25,580 [DEBUG] [TIME] 7220 income_stmt: 0.19s
2026-07-05 05:00:25,780 [DEBUG] [TIME] 7220 balance_sheet: 0.20s
2026-07-05 05:00:25,986 [DEBUG] [TIME] 7220 cashflow: 0.21s
2026-07-05 05:00:26,276 [DEBUG] [TIME] 7220 dividends: 0.29s
2026-07-05 05:00:26,277 [INFO] [DETAIL] 7220 武蔵精密工業: income_stmt=OK, balance_sheet=OK, cashflow=OK, dividends=OK
2026-07-05 05:00:26,277 [INFO] [TIME] 7220 武蔵精密工業 処理時間: 1.04s
2026-07-05 05:00:27,440 [DEBUG] [TIME] 7222 info: 0.15s
2026-07-05 05:00:27,440 [DEBUG] yfinance OK: 7222
2026-07-05 05:00:27,626 [DEBUG] [TIME] 7222 income_stmt: 0.19s
2026-07-05 05:00:27,918 [DEBUG] [TIME] 7222 balance_sheet: 0.29s
2026-07-05 05:00:28,104 [DEBUG] [TIME] 7222 cashflow: 0.18s
2026-07-05 05:00:28,403 [DEBUG] [TIME] 7222 dividends: 0.30s
2026-07-05 05:00:28,404 [INFO] [DETAIL] 7222 日産車体: income_stmt=OK, balance_sheet=OK, cashflow=OK, dividends=OK
2026-07-05 05:00:28,404 [INFO] [TIME] 7222 日産車体 処理時間: 1.11s
2026-07-05 05:00:29,693 [DEBUG] [TIME] 7224 info: 0.16s
2026-07-05 05:00:29,693 [DEBUG] yfinance OK: 7224
2026-07-05 05:00:29,890 [DEBUG] [TIME] 7224 income_stmt: 0.20s
2026-07-05 05:00:30,136 [DEBUG] [TIME] 7224 balance_sheet: 0.24s
2026-07-05 05:00:30,395 [DEBUG] [TIME] 7224 cashflow: 0.26s
2026-07-05 05:00:30,684 [DEBUG] [TIME] 7224 dividends: 0.29s
2026-07-05 05:00:30,685 [INFO] [DETAIL] 7224 新明和工業: income_stmt=OK, balance_sheet=OK, cashflow=OK, dividends=OK
2026-07-05 05:00:30,685 [INFO] [TIME] 7224 新明和工業 処理時間: 1.15s
2026-07-05 05:00:32,771 [DEBUG] [TIME] 7226 info: 0.18s
2026-07-05 05:00:32,771 [DEBUG] yfinance OK: 7226
2026-07-05 05:00:32,955 [DEBUG] [TIME] 7226 income_stmt: 0.18s
2026-07-05 05:00:33,210 [DEBUG] [TIME] 7226 balance_sheet: 0.25s
2026-07-05 05:00:33,418 [DEBUG] [TIME] 7226 cashflow: 0.21s
2026-07-05 05:00:33,698 [DEBUG] [TIME] 7226 dividends: 0.28s
2026-07-05 05:00:33,699 [INFO] [DETAIL] 7226 極東開発工業: income_stmt=OK, balance_sheet=OK, cashflow=OK, dividends=OK
2026-07-05 05:00:33,699 [INFO] [TIME] 7226 極東開発工業 処理時間: 1.11s
2026-07-05 05:00:35,143 [DEBUG] [TIME] 7228 info: 0.15s
2026-07-05 05:00:35,143 [DEBUG] yfinance OK: 7228
2026-07-05 05:00:35,340 [DEBUG] [TIME] 7228 income_stmt: 0.20s
2026-07-05 05:00:35,571 [DEBUG] [TIME] 7228 balance_sheet: 0.23s
2026-07-05 05:00:35,751 [DEBUG] [TIME] 7228 cashflow: 0.18s
2026-07-05 05:00:36,014 [DEBUG] [TIME] 7228 dividends: 0.26s
2026-07-05 05:00:36,015 [INFO] [DETAIL] 7228 デイトナ: income_stmt=OK, balance_sheet=OK, cashflow=OK, dividends=OK
2026-07-05 05:00:36,015 [INFO] [TIME] 7228 デイトナ 処理時間: 1.02s
2026-07-05 05:00:38,045 [DEBUG] [TIME] 7229 info: 0.15s
2026-07-05 05:00:38,045 [WARNING] yfinance データなし: 7229
2026-07-05 05:00:38,045 [INFO] [TIME] 7229 ユタカ技研 処理時間: 0.15s
2026-07-05 05:00:39,295 [DEBUG] [TIME] 7231 info: 0.15s
2026-07-05 05:00:39,296 [DEBUG] yfinance OK: 7231
2026-07-05 05:00:39,481 [DEBUG] [TIME] 7231 income_stmt: 0.19s
2026-07-05 05:00:39,757 [DEBUG] [TIME] 7231 balance_sheet: 0.28s
2026-07-05 05:00:39,984 [DEBUG] [TIME] 7231 cashflow: 0.23s
2026-07-05 05:00:40,252 [DEBUG] [TIME] 7231 dividends: 0.27s
2026-07-05 05:00:40,253 [INFO] [DETAIL] 7231 トピー工業: income_stmt=OK, balance_sheet=OK, cashflow=OK, dividends=OK
2026-07-05 05:00:40,253 [INFO] [TIME] 7231 トピー工業 処理時間: 1.11s
2026-07-05 05:00:42,331 [DEBUG] [TIME] 7235 info: 0.15s
2026-07-05 05:00:42,331 [DEBUG] yfinance OK: 7235
2026-07-05 05:00:42,525 [DEBUG] [TIME] 7235 income_stmt: 0.19s
2026-07-05 05:00:42,786 [DEBUG] [TIME] 7235 balance_sheet: 0.26s
2026-07-05 05:00:42,980 [DEBUG] [TIME] 7235 cashflow: 0.19s
2026-07-05 05:00:43,306 [DEBUG] [TIME] 7235 dividends: 0.33s
2026-07-05 05:00:43,307 [INFO] [DETAIL] 7235 東京ラヂエーター製造: income_stmt=OK, balance_sheet=OK, cashflow=OK, dividends=OK
2026-07-05 05:00:43,307 [INFO] [TIME] 7235 東京ラヂエーター製造 処理時間: 1.13s
2026-07-05 05:00:45,328 [DEBUG] [TIME] 7236 info: 0.15s
2026-07-05 05:00:45,328 [DEBUG] yfinance OK: 7236
2026-07-05 05:00:45,528 [DEBUG] [TIME] 7236 income_stmt: 0.20s
2026-07-05 05:00:45,746 [DEBUG] [TIME] 7236 balance_sheet: 0.22s
2026-07-05 05:00:45,928 [DEBUG] [TIME] 7236 cashflow: 0.18s
2026-07-05 05:00:46,232 [DEBUG] [TIME] 7236 dividends: 0.30s
2026-07-05 05:00:46,233 [INFO] [DETAIL] 7236 ティラド: income_stmt=OK, balance_sheet=OK, cashflow=OK, dividends=OK
2026-07-05 05:00:46,233 [INFO] [TIME] 7236 ティラド 処理時間: 1.06s
2026-07-05 05:00:47,401 [DEBUG] [TIME] 7238 info: 0.15s
2026-07-05 05:00:47,401 [DEBUG] yfinance OK: 7238
2026-07-05 05:00:47,615 [DEBUG] [TIME] 7238 income_stmt: 0.21s
2026-07-05 05:00:47,865 [DEBUG] [TIME] 7238 balance_sheet: 0.25s
2026-07-05 05:00:48,092 [DEBUG] [TIME] 7238 cashflow: 0.23s
2026-07-05 05:00:48,380 [DEBUG] [TIME] 7238 dividends: 0.29s
2026-07-05 05:00:48,381 [INFO] [DETAIL] 7238 曙ブレーキ工業: income_stmt=OK, balance_sheet=OK, cashflow=OK, dividends=OK
2026-07-05 05:00:48,381 [INFO] [TIME] 7238 曙ブレーキ工業 処理時間: 1.13s
2026-07-05 05:00:50,405 [DEBUG] [TIME] 7239 info: 0.18s
2026-07-05 05:00:50,405 [DEBUG] yfinance OK: 7239
2026-07-05 05:00:50,664 [DEBUG] [TIME] 7239 income_stmt: 0.26s
2026-07-05 05:00:50,940 [DEBUG] [TIME] 7239 balance_sheet: 0.28s
2026-07-05 05:00:51,164 [DEBUG] [TIME] 7239 cashflow: 0.22s
2026-07-05 05:00:51,488 [DEBUG] [TIME] 7239 dividends: 0.32s
2026-07-05 05:00:51,489 [INFO] [DETAIL] 7239 タチエス: income_stmt=OK, balance_sheet=OK, cashflow=OK, dividends=OK
2026-07-05 05:00:51,489 [INFO] [TIME] 7239 タチエス 処理時間: 1.27s
2026-07-05 05:00:52,804 [DEBUG] [TIME] 7240 info: 0.15s
2026-07-05 05:00:52,804 [DEBUG] yfinance OK: 7240
2026-07-05 05:00:52,998 [DEBUG] [TIME] 7240 income_stmt: 0.19s
2026-07-05 05:00:53,231 [DEBUG] [TIME] 7240 balance_sheet: 0.23s
2026-07-05 05:00:53,421 [DEBUG] [TIME] 7240 cashflow: 0.19s
2026-07-05 05:00:53,751 [DEBUG] [TIME] 7240 dividends: 0.33s
2026-07-05 05:00:53,752 [INFO] [DETAIL] 7240 ＮＯＫ: income_stmt=OK, balance_sheet=OK, cashflow=OK, dividends=OK
2026-07-05 05:00:53,752 [INFO] [TIME] 7240 ＮＯＫ 処理時間: 1.10s
2026-07-05 05:00:55,403 [DEBUG] [TIME] 7241 info: 0.30s
2026-07-05 05:00:55,403 [DEBUG] yfinance OK: 7241
2026-07-05 05:00:55,580 [DEBUG] [TIME] 7241 income_stmt: 0.18s
2026-07-05 05:00:55,814 [DEBUG] [TIME] 7241 balance_sheet: 0.23s
2026-07-05 05:00:56,027 [DEBUG] [TIME] 7241 cashflow: 0.21s
2026-07-05 05:00:56,320 [DEBUG] [TIME] 7241 dividends: 0.29s
2026-07-05 05:00:56,321 [INFO] [DETAIL] 7241 フタバ産業: income_stmt=OK, balance_sheet=OK, cashflow=OK, dividends=OK
2026-07-05 05:00:56,322 [INFO] [TIME] 7241 フタバ産業 処理時間: 1.22s
2026-07-05 05:00:58,456 [DEBUG] [TIME] 7242 info: 0.20s
2026-07-05 05:00:58,456 [DEBUG] yfinance OK: 7242
2026-07-05 05:00:58,635 [DEBUG] [TIME] 7242 income_stmt: 0.18s
2026-07-05 05:00:58,879 [DEBUG] [TIME] 7242 balance_sheet: 0.24s
2026-07-05 05:00:59,083 [DEBUG] [TIME] 7242 cashflow: 0.20s
2026-07-05 05:00:59,392 [DEBUG] [TIME] 7242 dividends: 0.31s
2026-07-05 05:00:59,393 [INFO] [DETAIL] 7242 カヤバ: income_stmt=OK, balance_sheet=OK, cashflow=OK, dividends=OK
2026-07-05 05:00:59,393 [INFO] [TIME] 7242 カヤバ 処理時間: 1.14s
2026-07-05 05:01:01,133 [DEBUG] [TIME] 7244 info: 0.16s
2026-07-05 05:01:01,133 [DEBUG] yfinance OK: 7244
2026-07-05 05:01:01,319 [DEBUG] [TIME] 7244 income_stmt: 0.19s
2026-07-05 05:01:01,577 [DEBUG] [TIME] 7244 balance_sheet: 0.26s
2026-07-05 05:01:01,781 [DEBUG] [TIME] 7244 cashflow: 0.20s
2026-07-05 05:01:02,053 [DEBUG] [TIME] 7244 dividends: 0.27s
2026-07-05 05:01:02,055 [INFO] [DETAIL] 7244 市光工業: income_stmt=OK, balance_sheet=OK, cashflow=OK, dividends=OK
2026-07-05 05:01:02,055 [INFO] [TIME] 7244 市光工業 処理時間: 1.09s
2026-07-05 05:01:03,922 [DEBUG] [TIME] 7245 info: 0.15s
2026-07-05 05:01:03,922 [DEBUG] yfinance OK: 7245
2026-07-05 05:01:04,166 [DEBUG] [TIME] 7245 income_stmt: 0.24s
2026-07-05 05:01:04,396 [DEBUG] [TIME] 7245 balance_sheet: 0.23s
2026-07-05 05:01:04,578 [DEBUG] [TIME] 7245 cashflow: 0.18s
2026-07-05 05:01:04,843 [DEBUG] [TIME] 7245 dividends: 0.26s
2026-07-05 05:01:04,844 [INFO] [DETAIL] 7245 大同メタル工業: income_stmt=OK, balance_sheet=OK, cashflow=OK, dividends=OK
2026-07-05 05:01:04,844 [INFO] [TIME] 7245 大同メタル工業 処理時間: 1.08s
2026-07-05 05:01:06,289 [DEBUG] [TIME] 7246 info: 0.16s
2026-07-05 05:01:06,289 [DEBUG] yfinance OK: 7246
2026-07-05 05:01:06,450 [DEBUG] [TIME] 7246 income_stmt: 0.16s
2026-07-05 05:01:06,684 [DEBUG] [TIME] 7246 balance_sheet: 0.23s
2026-07-05 05:01:06,896 [DEBUG] [TIME] 7246 cashflow: 0.21s
2026-07-05 05:01:07,192 [DEBUG] [TIME] 7246 dividends: 0.30s
2026-07-05 05:01:07,193 [INFO] [DETAIL] 7246 プレス工業: income_stmt=OK, balance_sheet=OK, cashflow=OK, dividends=OK
2026-07-05 05:01:07,193 [INFO] [TIME] 7246 プレス工業 処理時間: 1.06s
2026-07-05 05:01:08,631 [DEBUG] [TIME] 7247 info: 0.15s
2026-07-05 05:01:08,631 [DEBUG] yfinance OK: 7247
2026-07-05 05:01:08,821 [DEBUG] [TIME] 7247 income_stmt: 0.19s
2026-07-05 05:01:09,030 [DEBUG] [TIME] 7247 balance_sheet: 0.21s
2026-07-05 05:01:09,208 [DEBUG] [TIME] 7247 cashflow: 0.18s
2026-07-05 05:01:09,502 [DEBUG] [TIME] 7247 dividends: 0.29s
2026-07-05 05:01:09,503 [INFO] [DETAIL] 7247 ミクニ: income_stmt=OK, balance_sheet=OK, cashflow=OK, dividends=OK
2026-07-05 05:01:09,503 [INFO] [TIME] 7247 ミクニ 処理時間: 1.03s
2026-07-05 05:01:11,165 [DEBUG] [TIME] 7254 info: 0.17s
2026-07-05 05:01:11,165 [DEBUG] yfinance OK: 7254
2026-07-05 05:01:11,375 [DEBUG] [TIME] 7254 income_stmt: 0.21s
2026-07-05 05:01:11,617 [DEBUG] [TIME] 7254 balance_sheet: 0.24s
2026-07-05 05:01:11,838 [DEBUG] [TIME] 7254 cashflow: 0.22s
2026-07-05 05:01:12,156 [DEBUG] [TIME] 7254 dividends: 0.32s
2026-07-05 05:01:12,157 [INFO] [DETAIL] 7254 ユニバンス: income_stmt=OK, balance_sheet=OK, cashflow=OK, dividends=OK
2026-07-05 05:01:12,157 [INFO] [TIME] 7254 ユニバンス 処理時間: 1.16s
2026-07-05 05:01:14,036 [DEBUG] [TIME] 7255 info: 0.15s
2026-07-05 05:01:14,036 [DEBUG] yfinance OK: 7255
2026-07-05 05:01:14,224 [DEBUG] [TIME] 7255 income_stmt: 0.19s
2026-07-05 05:01:14,464 [DEBUG] [TIME] 7255 balance_sheet: 0.24s
2026-07-05 05:01:17,258 [DEBUG] [TIME] 7255 cashflow: 2.79s
2026-07-05 05:01:17,523 [DEBUG] [TIME] 7255 dividends: 0.26s
2026-07-05 05:01:17,524 [INFO] [DETAIL] 7255 桜井製作所: income_stmt=OK, balance_sheet=OK, cashflow=OK, dividends=OK
2026-07-05 05:01:17,524 [INFO] [TIME] 7255 桜井製作所 処理時間: 3.64s
2026-07-05 05:01:19,008 [DEBUG] [TIME] 7256 info: 0.21s
2026-07-05 05:01:19,008 [DEBUG] yfinance OK: 7256
2026-07-05 05:01:19,224 [DEBUG] [TIME] 7256 income_stmt: 0.22s
2026-07-05 05:01:19,412 [DEBUG] [TIME] 7256 balance_sheet: 0.19s
2026-07-05 05:01:19,593 [DEBUG] [TIME] 7256 cashflow: 0.18s
2026-07-05 05:01:19,865 [DEBUG] [TIME] 7256 dividends: 0.27s
2026-07-05 05:01:19,866 [INFO] [DETAIL] 7256 河西工業: income_stmt=OK, balance_sheet=OK, cashflow=OK, dividends=OK
2026-07-05 05:01:19,866 [INFO] [TIME] 7256 河西工業 処理時間: 1.06s
2026-07-05 05:01:21,917 [DEBUG] [TIME] 7259 info: 0.18s
2026-07-05 05:01:21,917 [DEBUG] yfinance OK: 7259
2026-07-05 05:01:22,121 [DEBUG] [TIME] 7259 income_stmt: 0.20s
2026-07-05 05:01:22,427 [DEBUG] [TIME] 7259 balance_sheet: 0.31s
2026-07-05 05:01:22,634 [DEBUG] [TIME] 7259 cashflow: 0.21s
2026-07-05 05:01:22,951 [DEBUG] [TIME] 7259 dividends: 0.32s
2026-07-05 05:01:22,953 [INFO] [DETAIL] 7259 アイシン: income_stmt=OK, balance_sheet=OK, cashflow=OK, dividends=OK
2026-07-05 05:01:22,953 [INFO] [TIME] 7259 アイシン 処理時間: 1.22s
2026-07-05 05:01:24,595 [DEBUG] [TIME] 7261 info: 0.15s
2026-07-05 05:01:24,596 [DEBUG] yfinance OK: 7261
2026-07-05 05:01:24,770 [DEBUG] [TIME] 7261 income_stmt: 0.17s
2026-07-05 05:01:24,976 [DEBUG] [TIME] 7261 balance_sheet: 0.21s
2026-07-05 05:01:25,192 [DEBUG] [TIME] 7261 cashflow: 0.22s
2026-07-05 05:01:25,584 [DEBUG] [TIME] 7261 dividends: 0.39s
2026-07-05 05:01:25,585 [INFO] [DETAIL] 7261 マツダ: income_stmt=OK, balance_sheet=OK, cashflow=OK, dividends=OK
2026-07-05 05:01:25,586 [INFO] [TIME] 7261 マツダ 処理時間: 1.15s
2026-07-05 05:01:27,482 [DEBUG] [TIME] 7264 info: 0.15s
2026-07-05 05:01:27,482 [DEBUG] yfinance OK: 7264
2026-07-05 05:01:27,678 [DEBUG] [TIME] 7264 income_stmt: 0.20s
2026-07-05 05:01:27,903 [DEBUG] [TIME] 7264 balance_sheet: 0.22s
2026-07-05 05:01:28,112 [DEBUG] [TIME] 7264 cashflow: 0.21s
2026-07-05 05:01:28,374 [DEBUG] [TIME] 7264 dividends: 0.26s
2026-07-05 05:01:28,375 [INFO] [DETAIL] 7264 ムロコーポレーション: income_stmt=OK, balance_sheet=OK, cashflow=OK, dividends=OK
2026-07-05 05:01:28,375 [INFO] [TIME] 7264 ムロコーポレーション 処理時間: 1.04s
2026-07-05 05:01:29,829 [DEBUG] [TIME] 7265 info: 0.16s
2026-07-05 05:01:29,829 [DEBUG] yfinance OK: 7265
2026-07-05 05:01:30,029 [DEBUG] [TIME] 7265 income_stmt: 0.20s
2026-07-05 05:01:30,280 [DEBUG] [TIME] 7265 balance_sheet: 0.25s
2026-07-05 05:01:30,467 [DEBUG] [TIME] 7265 cashflow: 0.19s
2026-07-05 05:01:30,711 [DEBUG] [TIME] 7265 dividends: 0.24s
2026-07-05 05:01:30,712 [INFO] [DETAIL] 7265 エイケン工業: income_stmt=OK, balance_sheet=OK, cashflow=OK, dividends=OK
2026-07-05 05:01:30,712 [INFO] [TIME] 7265 エイケン工業 処理時間: 1.04s
2026-07-05 05:01:32,356 [DEBUG] [TIME] 7266 info: 0.19s
2026-07-05 05:01:32,356 [DEBUG] yfinance OK: 7266
2026-07-05 05:01:32,534 [DEBUG] [TIME] 7266 income_stmt: 0.18s
2026-07-05 05:01:32,753 [DEBUG] [TIME] 7266 balance_sheet: 0.22s
2026-07-05 05:01:32,952 [DEBUG] [TIME] 7266 cashflow: 0.20s
2026-07-05 05:01:33,261 [DEBUG] [TIME] 7266 dividends: 0.31s
2026-07-05 05:01:33,262 [INFO] [DETAIL] 7266 今仙電機製作所: income_stmt=OK, balance_sheet=OK, cashflow=OK, dividends=OK
2026-07-05 05:01:33,263 [INFO] [TIME] 7266 今仙電機製作所 処理時間: 1.10s
2026-07-05 05:01:34,604 [DEBUG] [TIME] 7267 info: 0.22s
2026-07-05 05:01:34,604 [DEBUG] yfinance OK: 7267
2026-07-05 05:01:34,805 [DEBUG] [TIME] 7267 income_stmt: 0.20s
2026-07-05 05:01:35,077 [DEBUG] [TIME] 7267 balance_sheet: 0.27s
2026-07-05 05:01:35,296 [DEBUG] [TIME] 7267 cashflow: 0.22s
2026-07-05 05:01:35,660 [DEBUG] [TIME] 7267 dividends: 0.36s
2026-07-05 05:01:35,661 [INFO] [DETAIL] 7267 本田技研工業: income_stmt=OK, balance_sheet=OK, cashflow=OK, dividends=OK
2026-07-05 05:01:35,661 [INFO] [TIME] 7267 本田技研工業 処理時間: 1.28s
2026-07-05 05:01:37,817 [DEBUG] [TIME] 7269 info: 0.17s
2026-07-05 05:01:37,817 [DEBUG] yfinance OK: 7269
2026-07-05 05:01:38,031 [DEBUG] [TIME] 7269 income_stmt: 0.21s
2026-07-05 05:01:38,338 [DEBUG] [TIME] 7269 balance_sheet: 0.31s
2026-07-05 05:01:38,560 [DEBUG] [TIME] 7269 cashflow: 0.22s
2026-07-05 05:01:38,864 [DEBUG] [TIME] 7269 dividends: 0.30s
2026-07-05 05:01:38,865 [INFO] [DETAIL] 7269 スズキ: income_stmt=OK, balance_sheet=OK, cashflow=OK, dividends=OK
2026-07-05 05:01:38,865 [INFO] [TIME] 7269 スズキ 処理時間: 1.22s
2026-07-05 05:01:40,415 [DEBUG] [TIME] 7270 info: 0.15s
2026-07-05 05:01:40,415 [DEBUG] yfinance OK: 7270
2026-07-05 05:01:40,598 [DEBUG] [TIME] 7270 income_stmt: 0.18s
2026-07-05 05:01:44,175 [DEBUG] [TIME] 7270 balance_sheet: 3.58s
2026-07-05 05:01:44,396 [DEBUG] [TIME] 7270 cashflow: 0.22s
2026-07-05 05:01:44,719 [DEBUG] [TIME] 7270 dividends: 0.32s
2026-07-05 05:01:44,720 [INFO] [DETAIL] 7270 ＳＵＢＡＲＵ: income_stmt=OK, balance_sheet=OK, cashflow=OK, dividends=OK
2026-07-05 05:01:44,720 [INFO] [TIME] 7270 ＳＵＢＡＲＵ 処理時間: 4.45s
2026-07-05 05:01:45,974 [DEBUG] [TIME] 7271 info: 0.18s
2026-07-05 05:01:45,974 [DEBUG] yfinance OK: 7271
2026-07-05 05:01:46,158 [DEBUG] [TIME] 7271 income_stmt: 0.18s
2026-07-05 05:01:46,385 [DEBUG] [TIME] 7271 balance_sheet: 0.23s
2026-07-05 05:01:46,587 [DEBUG] [TIME] 7271 cashflow: 0.20s
2026-07-05 05:01:46,860 [DEBUG] [TIME] 7271 dividends: 0.27s
2026-07-05 05:01:46,861 [INFO] [DETAIL] 7271 安永: income_stmt=OK, balance_sheet=OK, cashflow=OK, dividends=OK
2026-07-05 05:01:46,861 [INFO] [TIME] 7271 安永 処理時間: 1.07s
2026-07-05 05:01:48,420 [DEBUG] [TIME] 7272 info: 0.18s
2026-07-05 05:01:48,420 [DEBUG] yfinance OK: 7272
2026-07-05 05:01:48,625 [DEBUG] [TIME] 7272 income_stmt: 0.21s
2026-07-05 05:01:48,877 [DEBUG] [TIME] 7272 balance_sheet: 0.25s
2026-07-05 05:01:49,086 [DEBUG] [TIME] 7272 cashflow: 0.21s
2026-07-05 05:01:49,454 [DEBUG] [TIME] 7272 dividends: 0.37s
2026-07-05 05:01:49,455 [INFO] [DETAIL] 7272 ヤマハ発動機: income_stmt=OK, balance_sheet=OK, cashflow=OK, dividends=OK
2026-07-05 05:01:49,455 [INFO] [TIME] 7272 ヤマハ発動機 処理時間: 1.21s
2026-07-05 05:01:51,140 [DEBUG] [TIME] 7273 info: 0.16s
2026-07-05 05:01:51,140 [DEBUG] yfinance OK: 7273
2026-07-05 05:01:51,382 [DEBUG] [TIME] 7273 income_stmt: 0.24s
2026-07-05 05:01:51,752 [DEBUG] [TIME] 7273 balance_sheet: 0.37s
2026-07-05 05:01:52,000 [DEBUG] [TIME] 7273 cashflow: 0.25s
2026-07-05 05:01:52,230 [DEBUG] [TIME] 7273 dividends: 0.23s
2026-07-05 05:01:52,231 [INFO] [DETAIL] 7273 イクヨ: income_stmt=OK, balance_sheet=OK, cashflow=OK, dividends=OK
2026-07-05 05:01:52,231 [INFO] [TIME] 7273 イクヨ 処理時間: 1.26s
2026-07-05 05:01:54,010 [DEBUG] [TIME] 7276 info: 0.16s
2026-07-05 05:01:54,010 [DEBUG] yfinance OK: 7276
2026-07-05 05:01:54,192 [DEBUG] [TIME] 7276 income_stmt: 0.18s
2026-07-05 05:01:54,401 [DEBUG] [TIME] 7276 balance_sheet: 0.21s
2026-07-05 05:01:54,653 [DEBUG] [TIME] 7276 cashflow: 0.25s
2026-07-05 05:01:54,945 [DEBUG] [TIME] 7276 dividends: 0.29s
2026-07-05 05:01:54,946 [INFO] [DETAIL] 7276 小糸製作所: income_stmt=OK, balance_sheet=OK, cashflow=OK, dividends=OK
2026-07-05 05:01:54,946 [INFO] [TIME] 7276 小糸製作所 処理時間: 1.09s
2026-07-05 05:01:56,471 [DEBUG] [TIME] 7277 info: 0.16s
2026-07-05 05:01:56,471 [DEBUG] yfinance OK: 7277
2026-07-05 05:01:56,656 [DEBUG] [TIME] 7277 income_stmt: 0.19s
2026-07-05 05:01:56,899 [DEBUG] [TIME] 7277 balance_sheet: 0.24s
2026-07-05 05:01:57,109 [DEBUG] [TIME] 7277 cashflow: 0.21s
2026-07-05 05:01:57,402 [DEBUG] [TIME] 7277 dividends: 0.29s
2026-07-05 05:01:57,403 [INFO] [DETAIL] 7277 ＴＢＫ: income_stmt=OK, balance_sheet=OK, cashflow=OK, dividends=OK
2026-07-05 05:01:57,403 [INFO] [TIME] 7277 ＴＢＫ 処理時間: 1.09s
2026-07-05 05:01:59,217 [DEBUG] [TIME] 7278 info: 0.16s
2026-07-05 05:01:59,217 [DEBUG] yfinance OK: 7278
2026-07-05 05:01:59,388 [DEBUG] [TIME] 7278 income_stmt: 0.17s
2026-07-05 05:01:59,619 [DEBUG] [TIME] 7278 balance_sheet: 0.23s
2026-07-05 05:01:59,831 [DEBUG] [TIME] 7278 cashflow: 0.21s
2026-07-05 05:02:00,220 [DEBUG] [TIME] 7278 dividends: 0.39s
2026-07-05 05:02:00,221 [INFO] [DETAIL] 7278 エクセディ: income_stmt=OK, balance_sheet=OK, cashflow=OK, dividends=OK
2026-07-05 05:02:00,221 [INFO] [TIME] 7278 エクセディ 処理時間: 1.17s
2026-07-05 05:02:01,648 [DEBUG] [TIME] 7279 info: 0.16s
2026-07-05 05:02:01,648 [DEBUG] yfinance OK: 7279
2026-07-05 05:02:01,856 [DEBUG] [TIME] 7279 income_stmt: 0.21s
2026-07-05 05:02:02,105 [DEBUG] [TIME] 7279 balance_sheet: 0.25s
2026-07-05 05:02:02,360 [DEBUG] [TIME] 7279 cashflow: 0.25s
2026-07-05 05:02:02,654 [DEBUG] [TIME] 7279 dividends: 0.29s
2026-07-05 05:02:02,655 [INFO] [DETAIL] 7279 ハイレックスコーポレーション: income_stmt=OK, balance_sheet=OK, cashflow=OK, dividends=OK
2026-07-05 05:02:02,655 [INFO] [TIME] 7279 ハイレックスコーポレーション 処理時間: 1.16s
2026-07-05 05:02:04,060 [DEBUG] [TIME] 7280 info: 0.15s
2026-07-05 05:02:04,060 [DEBUG] yfinance OK: 7280
2026-07-05 05:02:04,238 [DEBUG] [TIME] 7280 income_stmt: 0.18s
2026-07-05 05:02:04,462 [DEBUG] [TIME] 7280 balance_sheet: 0.22s
2026-07-05 05:02:04,643 [DEBUG] [TIME] 7280 cashflow: 0.18s
2026-07-05 05:02:04,904 [DEBUG] [TIME] 7280 dividends: 0.26s
2026-07-05 05:02:04,905 [INFO] [DETAIL] 7280 ミツバ: income_stmt=OK, balance_sheet=OK, cashflow=OK, dividends=OK
2026-07-05 05:02:04,905 [INFO] [TIME] 7280 ミツバ 処理時間: 0.99s
2026-07-05 05:02:06,950 [DEBUG] [TIME] 7282 info: 0.17s
2026-07-05 05:02:06,950 [DEBUG] yfinance OK: 7282
2026-07-05 05:02:07,122 [DEBUG] [TIME] 7282 income_stmt: 0.17s
2026-07-05 05:02:07,375 [DEBUG] [TIME] 7282 balance_sheet: 0.25s
2026-07-05 05:02:07,588 [DEBUG] [TIME] 7282 cashflow: 0.21s
2026-07-05 05:02:07,906 [DEBUG] [TIME] 7282 dividends: 0.32s
2026-07-05 05:02:07,907 [INFO] [DETAIL] 7282 豊田合成: income_stmt=OK, balance_sheet=OK, cashflow=OK, dividends=OK
2026-07-05 05:02:07,907 [INFO] [TIME] 7282 豊田合成 処理時間: 1.12s
2026-07-05 05:02:09,620 [DEBUG] [TIME] 7283 info: 0.17s
2026-07-05 05:02:09,620 [DEBUG] yfinance OK: 7283
2026-07-05 05:02:09,833 [DEBUG] [TIME] 7283 income_stmt: 0.21s
2026-07-05 05:02:10,092 [DEBUG] [TIME] 7283 balance_sheet: 0.26s
2026-07-05 05:02:10,325 [DEBUG] [TIME] 7283 cashflow: 0.23s
2026-07-05 05:02:10,613 [DEBUG] [TIME] 7283 dividends: 0.29s
2026-07-05 05:02:10,614 [INFO] [DETAIL] 7283 愛三工業: income_stmt=OK, balance_sheet=OK, cashflow=OK, dividends=OK
2026-07-05 05:02:10,615 [INFO] [TIME] 7283 愛三工業 処理時間: 1.16s
2026-07-05 05:02:11,985 [DEBUG] [TIME] 7284 info: 0.15s
2026-07-05 05:02:11,985 [DEBUG] yfinance OK: 7284
2026-07-05 05:02:12,207 [DEBUG] [TIME] 7284 income_stmt: 0.22s
2026-07-05 05:02:12,455 [DEBUG] [TIME] 7284 balance_sheet: 0.25s
2026-07-05 05:02:12,682 [DEBUG] [TIME] 7284 cashflow: 0.23s
2026-07-05 05:02:12,995 [DEBUG] [TIME] 7284 dividends: 0.31s
2026-07-05 05:02:12,996 [INFO] [DETAIL] 7284 盟和産業: income_stmt=OK, balance_sheet=OK, cashflow=OK, dividends=OK
2026-07-05 05:02:12,996 [INFO] [TIME] 7284 盟和産業 処理時間: 1.16s
2026-07-05 05:02:15,106 [DEBUG] [TIME] 7287 info: 0.15s
2026-07-05 05:02:15,107 [DEBUG] yfinance OK: 7287
2026-07-05 05:02:15,498 [DEBUG] [TIME] 7287 income_stmt: 0.39s
2026-07-05 05:02:15,931 [DEBUG] [TIME] 7287 balance_sheet: 0.43s
2026-07-05 05:02:16,249 [DEBUG] [TIME] 7287 cashflow: 0.32s
2026-07-05 05:02:16,549 [DEBUG] [TIME] 7287 dividends: 0.30s
2026-07-05 05:02:16,550 [INFO] [DETAIL] 7287 日本精機: income_stmt=OK, balance_sheet=OK, cashflow=OK, dividends=OK
2026-07-05 05:02:16,550 [INFO] [TIME] 7287 日本精機 処理時間: 1.59s
2026-07-05 05:02:18,047 [DEBUG] [TIME] 7291 info: 0.16s
2026-07-05 05:02:18,047 [DEBUG] yfinance OK: 7291
2026-07-05 05:02:18,249 [DEBUG] [TIME] 7291 income_stmt: 0.20s
2026-07-05 05:02:18,494 [DEBUG] [TIME] 7291 balance_sheet: 0.24s
2026-07-05 05:02:18,690 [DEBUG] [TIME] 7291 cashflow: 0.20s
2026-07-05 05:02:18,908 [DEBUG] [TIME] 7291 dividends: 0.22s
2026-07-05 05:02:18,909 [INFO] [DETAIL] 7291 日本プラスト: income_stmt=OK, balance_sheet=OK, cashflow=OK, dividends=OK
2026-07-05 05:02:18,910 [INFO] [TIME] 7291 日本プラスト 処理時間: 1.02s
2026-07-05 05:02:20,649 [DEBUG] [TIME] 7292 info: 0.19s
2026-07-05 05:02:20,649 [DEBUG] yfinance OK: 7292
2026-07-05 05:02:24,255 [DEBUG] [TIME] 7292 income_stmt: 3.61s
2026-07-05 05:02:24,503 [DEBUG] [TIME] 7292 balance_sheet: 0.25s
2026-07-05 05:02:24,676 [DEBUG] [TIME] 7292 cashflow: 0.17s
2026-07-05 05:02:25,031 [DEBUG] [TIME] 7292 dividends: 0.35s
2026-07-05 05:02:25,032 [INFO] [DETAIL] 7292 村上開明堂: income_stmt=OK, balance_sheet=OK, cashflow=OK, dividends=OK
2026-07-05 05:02:25,032 [INFO] [TIME] 7292 村上開明堂 処理時間: 4.57s
2026-07-05 05:02:27,156 [DEBUG] [TIME] 7294 info: 0.16s
2026-07-05 05:02:27,157 [DEBUG] yfinance OK: 7294
2026-07-05 05:02:27,343 [DEBUG] [TIME] 7294 income_stmt: 0.19s
2026-07-05 05:02:27,614 [DEBUG] [TIME] 7294 balance_sheet: 0.27s
2026-07-05 05:02:27,809 [DEBUG] [TIME] 7294 cashflow: 0.19s
2026-07-05 05:02:28,097 [DEBUG] [TIME] 7294 dividends: 0.29s
2026-07-05 05:02:28,098 [INFO] [DETAIL] 7294 ヨロズ: income_stmt=OK, balance_sheet=OK, cashflow=OK, dividends=OK
2026-07-05 05:02:28,098 [INFO] [TIME] 7294 ヨロズ 処理時間: 1.10s
2026-07-05 05:02:29,981 [DEBUG] [TIME] 7296 info: 0.15s
2026-07-05 05:02:29,981 [DEBUG] yfinance OK: 7296
2026-07-05 05:02:30,162 [DEBUG] [TIME] 7296 income_stmt: 0.18s
2026-07-05 05:02:30,418 [DEBUG] [TIME] 7296 balance_sheet: 0.26s
2026-07-05 05:02:30,601 [DEBUG] [TIME] 7296 cashflow: 0.18s
2026-07-05 05:02:30,867 [DEBUG] [TIME] 7296 dividends: 0.27s
2026-07-05 05:02:30,868 [INFO] [DETAIL] 7296 エフ・シー・シー: income_stmt=OK, balance_sheet=OK, cashflow=OK, dividends=OK
2026-07-05 05:02:30,868 [INFO] [TIME] 7296 エフ・シー・シー 処理時間: 1.04s
2026-07-05 05:02:32,181 [DEBUG] [TIME] 7297 info: 0.18s
2026-07-05 05:02:32,181 [DEBUG] yfinance OK: 7297
2026-07-05 05:02:32,385 [DEBUG] [TIME] 7297 income_stmt: 0.20s
2026-07-05 05:02:32,639 [DEBUG] [TIME] 7297 balance_sheet: 0.25s
2026-07-05 05:02:32,841 [DEBUG] [TIME] 7297 cashflow: 0.20s
2026-07-05 05:02:33,128 [DEBUG] [TIME] 7297 dividends: 0.29s
2026-07-05 05:02:33,129 [INFO] [DETAIL] 7297 カーメイト: income_stmt=OK, balance_sheet=OK, cashflow=OK, dividends=OK
2026-07-05 05:02:33,129 [INFO] [TIME] 7297 カーメイト 処理時間: 1.13s
2026-07-05 05:02:34,931 [DEBUG] [TIME] 7299 info: 0.15s
2026-07-05 05:02:34,931 [DEBUG] yfinance OK: 7299
2026-07-05 05:02:35,127 [DEBUG] [TIME] 7299 income_stmt: 0.20s
2026-07-05 05:02:35,356 [DEBUG] [TIME] 7299 balance_sheet: 0.23s
2026-07-05 05:02:35,560 [DEBUG] [TIME] 7299 cashflow: 0.20s
2026-07-05 05:02:35,890 [DEBUG] [TIME] 7299 dividends: 0.33s
2026-07-05 05:02:35,892 [INFO] [DETAIL] 7299 フジオーゼックス: income_stmt=OK, balance_sheet=OK, cashflow=OK, dividends=OK
2026-07-05 05:02:35,892 [INFO] [TIME] 7299 フジオーゼックス 処理時間: 1.11s
2026-07-05 05:02:37,913 [DEBUG] [TIME] 7305 info: 0.15s
2026-07-05 05:02:37,913 [DEBUG] yfinance OK: 7305
2026-07-05 05:02:38,106 [DEBUG] [TIME] 7305 income_stmt: 0.19s
2026-07-05 05:02:38,377 [DEBUG] [TIME] 7305 balance_sheet: 0.27s
2026-07-05 05:02:38,618 [DEBUG] [TIME] 7305 cashflow: 0.24s
2026-07-05 05:02:38,934 [DEBUG] [TIME] 7305 dividends: 0.32s
2026-07-05 05:02:38,935 [INFO] [DETAIL] 7305 新家工業: income_stmt=OK, balance_sheet=OK, cashflow=OK, dividends=OK
2026-07-05 05:02:38,935 [INFO] [TIME] 7305 新家工業 処理時間: 1.17s
2026-07-05 05:02:40,626 [DEBUG] [TIME] 7309 info: 0.15s
2026-07-05 05:02:40,626 [DEBUG] yfinance OK: 7309
2026-07-05 05:02:40,807 [DEBUG] [TIME] 7309 income_stmt: 0.18s
2026-07-05 05:02:41,067 [DEBUG] [TIME] 7309 balance_sheet: 0.26s
2026-07-05 05:02:41,362 [DEBUG] [TIME] 7309 cashflow: 0.29s
2026-07-05 05:02:41,653 [DEBUG] [TIME] 7309 dividends: 0.29s
2026-07-05 05:02:41,654 [INFO] [DETAIL] 7309 シマノ: income_stmt=OK, balance_sheet=OK, cashflow=OK, dividends=OK
2026-07-05 05:02:41,654 [INFO] [TIME] 7309 シマノ 処理時間: 1.18s
2026-07-05 05:02:43,436 [DEBUG] [TIME] 7313 info: 0.20s
2026-07-05 05:02:43,437 [DEBUG] yfinance OK: 7313
2026-07-05 05:02:43,618 [DEBUG] [TIME] 7313 income_stmt: 0.18s
2026-07-05 05:02:43,899 [DEBUG] [TIME] 7313 balance_sheet: 0.28s
2026-07-05 05:02:44,114 [DEBUG] [TIME] 7313 cashflow: 0.21s
2026-07-05 05:02:44,364 [DEBUG] [TIME] 7313 dividends: 0.25s
2026-07-05 05:02:44,366 [INFO] [DETAIL] 7313 テイ・エス　テック: income_stmt=OK, balance_sheet=OK, cashflow=OK, dividends=OK
2026-07-05 05:02:44,366 [INFO] [TIME] 7313 テイ・エス　テック 処理時間: 1.13s
2026-07-05 05:02:45,827 [DEBUG] [TIME] 7314 info: 0.22s
2026-07-05 05:02:45,827 [DEBUG] yfinance OK: 7314
2026-07-05 05:02:46,021 [DEBUG] [TIME] 7314 income_stmt: 0.19s
2026-07-05 05:02:46,261 [DEBUG] [TIME] 7314 balance_sheet: 0.24s
2026-07-05 05:02:46,429 [DEBUG] [TIME] 7314 cashflow: 0.17s
2026-07-05 05:02:46,673 [DEBUG] [TIME] 7314 dividends: 0.24s
2026-07-05 05:02:46,674 [INFO] [DETAIL] 7314 小田原機器: income_stmt=OK, balance_sheet=OK, cashflow=OK, dividends=OK
2026-07-05 05:02:46,674 [INFO] [TIME] 7314 小田原機器 処理時間: 1.07s
2026-07-05 05:02:47,941 [DEBUG] [TIME] 7317 info: 0.15s
2026-07-05 05:02:47,941 [DEBUG] yfinance OK: 7317
2026-07-05 05:02:48,141 [DEBUG] [TIME] 7317 income_stmt: 0.20s
2026-07-05 05:02:48,403 [DEBUG] [TIME] 7317 balance_sheet: 0.26s
2026-07-05 05:02:48,624 [DEBUG] [TIME] 7317 cashflow: 0.22s
2026-07-05 05:02:48,795 [DEBUG] [TIME] 7317 dividends: 0.17s
2026-07-05 05:02:48,796 [INFO] [DETAIL] 7317 松屋アールアンドディ: income_stmt=OK, balance_sheet=OK, cashflow=OK, dividends=OK
2026-07-05 05:02:48,796 [INFO] [TIME] 7317 松屋アールアンドディ 処理時間: 1.00s
2026-07-05 05:02:50,259 [DEBUG] [TIME] 7318 info: 0.15s
2026-07-05 05:02:50,259 [DEBUG] yfinance OK: 7318
2026-07-05 05:02:50,445 [DEBUG] [TIME] 7318 income_stmt: 0.19s
2026-07-05 05:02:50,711 [DEBUG] [TIME] 7318 balance_sheet: 0.27s
2026-07-05 05:02:50,905 [DEBUG] [TIME] 7318 cashflow: 0.19s
2026-07-05 05:02:51,030 [DEBUG] [TIME] 7318 dividends: 0.12s
2026-07-05 05:02:51,030 [INFO] [DETAIL] 7318 セレンディップ・ホールディングス: income_stmt=OK, balance_sheet=OK, cashflow=OK, dividends=EMPTY
2026-07-05 05:02:51,031 [INFO] [TIME] 7318 セレンディップ・ホールディングス 処理時間: 0.92s
2026-07-05 05:02:52,899 [DEBUG] [TIME] 7320 info: 0.15s
2026-07-05 05:02:52,899 [DEBUG] yfinance OK: 7320
2026-07-05 05:02:53,083 [DEBUG] [TIME] 7320 income_stmt: 0.18s
2026-07-05 05:02:53,311 [DEBUG] [TIME] 7320 balance_sheet: 0.23s
2026-07-05 05:02:53,516 [DEBUG] [TIME] 7320 cashflow: 0.20s
2026-07-05 05:02:53,685 [DEBUG] [TIME] 7320 dividends: 0.17s
2026-07-05 05:02:53,686 [INFO] [DETAIL] 7320 Ｓｏｌｖｖｙ: income_stmt=OK, balance_sheet=OK, cashflow=OK, dividends=OK
2026-07-05 05:02:53,686 [INFO] [TIME] 7320 Ｓｏｌｖｖｙ 処理時間: 0.94s
2026-07-05 05:02:54,899 [DEBUG] [TIME] 7322 info: 0.15s
2026-07-05 05:02:54,899 [DEBUG] yfinance OK: 7322
2026-07-05 05:02:55,077 [DEBUG] [TIME] 7322 income_stmt: 0.18s
2026-07-05 05:02:55,288 [DEBUG] [TIME] 7322 balance_sheet: 0.21s
2026-07-05 05:02:55,513 [DEBUG] [TIME] 7322 cashflow: 0.22s
2026-07-05 05:02:55,663 [DEBUG] [TIME] 7322 dividends: 0.15s
2026-07-05 05:02:55,664 [INFO] [DETAIL] 7322 三十三フィナンシャルグループ: income_stmt=OK, balance_sheet=OK, cashflow=OK, dividends=OK
2026-07-05 05:02:55,664 [INFO] [TIME] 7322 三十三フィナンシャルグループ 処理時間: 0.92s
2026-07-05 05:02:56,924 [DEBUG] [TIME] 7325 info: 0.15s
2026-07-05 05:02:56,924 [DEBUG] yfinance OK: 7325
2026-07-05 05:02:57,134 [DEBUG] [TIME] 7325 income_stmt: 0.21s
2026-07-05 05:02:57,407 [DEBUG] [TIME] 7325 balance_sheet: 0.27s
2026-07-05 05:02:57,649 [DEBUG] [TIME] 7325 cashflow: 0.24s
2026-07-05 05:02:57,785 [DEBUG] [TIME] 7325 dividends: 0.14s
2026-07-05 05:02:57,786 [INFO] [DETAIL] 7325 アイリックコーポレーション: income_stmt=OK, balance_sheet=OK, cashflow=OK, dividends=OK
2026-07-05 05:02:57,786 [INFO] [TIME] 7325 アイリックコーポレーション 処理時間: 1.01s
2026-07-05 05:02:59,780 [DEBUG] [TIME] 7326 info: 0.19s
2026-07-05 05:02:59,780 [DEBUG] yfinance OK: 7326
2026-07-05 05:02:59,995 [DEBUG] [TIME] 7326 income_stmt: 0.21s
2026-07-05 05:03:00,245 [DEBUG] [TIME] 7326 balance_sheet: 0.25s
2026-07-05 05:03:00,459 [DEBUG] [TIME] 7326 cashflow: 0.21s
2026-07-05 05:03:00,580 [DEBUG] [TIME] 7326 dividends: 0.12s
2026-07-05 05:03:00,581 [INFO] [DETAIL] 7326 ＳＢＩインシュアランスグループ: income_stmt=OK, balance_sheet=OK, cashflow=OK, dividends=OK
2026-07-05 05:03:00,581 [INFO] [TIME] 7326 ＳＢＩインシュアランスグループ 処理時間: 0.99s
2026-07-05 05:03:02,364 [DEBUG] [TIME] 7327 info: 0.16s
2026-07-05 05:03:02,364 [DEBUG] yfinance OK: 7327
2026-07-05 05:03:02,553 [DEBUG] [TIME] 7327 income_stmt: 0.19s
2026-07-05 05:03:02,780 [DEBUG] [TIME] 7327 balance_sheet: 0.23s
2026-07-05 05:03:02,967 [DEBUG] [TIME] 7327 cashflow: 0.19s
2026-07-05 05:03:03,132 [DEBUG] [TIME] 7327 dividends: 0.16s
2026-07-05 05:03:03,133 [INFO] [DETAIL] 7327 第四北越フィナンシャルグループ: income_stmt=OK, balance_sheet=OK, cashflow=OK, dividends=OK
2026-07-05 05:03:03,133 [INFO] [TIME] 7327 第四北越フィナンシャルグループ 処理時間: 0.92s
2026-07-05 05:03:04,778 [DEBUG] [TIME] 7337 info: 0.21s
2026-07-05 05:03:04,778 [DEBUG] yfinance OK: 7337
2026-07-05 05:03:05,005 [DEBUG] [TIME] 7337 income_stmt: 0.23s
2026-07-05 05:03:05,234 [DEBUG] [TIME] 7337 balance_sheet: 0.23s
2026-07-05 05:03:05,445 [DEBUG] [TIME] 7337 cashflow: 0.21s
2026-07-05 05:03:05,576 [DEBUG] [TIME] 7337 dividends: 0.13s
2026-07-05 05:03:05,577 [INFO] [DETAIL] 7337 ひろぎんホールディングス: income_stmt=OK, balance_sheet=OK, cashflow=OK, dividends=OK
2026-07-05 05:03:05,578 [INFO] [TIME] 7337 ひろぎんホールディングス 処理時間: 1.01s
2026-07-05 05:03:07,550 [DEBUG] [TIME] 7343 info: 0.17s
2026-07-05 05:03:07,550 [DEBUG] yfinance OK: 7343
2026-07-05 05:03:07,732 [DEBUG] [TIME] 7343 income_stmt: 0.18s
2026-07-05 05:03:07,978 [DEBUG] [TIME] 7343 balance_sheet: 0.25s
2026-07-05 05:03:08,204 [DEBUG] [TIME] 7343 cashflow: 0.22s
2026-07-05 05:03:08,356 [DEBUG] [TIME] 7343 dividends: 0.15s
2026-07-05 05:03:08,357 [INFO] [DETAIL] 7343 ブロードマインド: income_stmt=OK, balance_sheet=OK, cashflow=OK, dividends=OK
2026-07-05 05:03:08,357 [INFO] [TIME] 7343 ブロードマインド 処理時間: 0.98s
2026-07-05 05:03:10,263 [DEBUG] [TIME] 7345 info: 0.16s
2026-07-05 05:03:10,263 [DEBUG] yfinance OK: 7345
2026-07-05 05:03:10,437 [DEBUG] [TIME] 7345 income_stmt: 0.17s
2026-07-05 05:03:10,657 [DEBUG] [TIME] 7345 balance_sheet: 0.22s
2026-07-05 05:03:10,849 [DEBUG] [TIME] 7345 cashflow: 0.19s
2026-07-05 05:03:10,963 [DEBUG] [TIME] 7345 dividends: 0.11s
2026-07-05 05:03:10,964 [INFO] [DETAIL] 7345 アイ・パートナーズフィナンシャル: income_stmt=OK, balance_sheet=OK, cashflow=OK, dividends=OK
2026-07-05 05:03:10,964 [INFO] [TIME] 7345 アイ・パートナーズフィナンシャル 処理時間: 0.86s
2026-07-05 05:03:12,942 [DEBUG] [TIME] 7347 info: 0.19s
2026-07-05 05:03:12,942 [DEBUG] yfinance OK: 7347
2026-07-05 05:03:13,153 [DEBUG] [TIME] 7347 income_stmt: 0.21s
2026-07-05 05:03:13,375 [DEBUG] [TIME] 7347 balance_sheet: 0.22s
2026-07-05 05:03:13,593 [DEBUG] [TIME] 7347 cashflow: 0.22s
2026-07-05 05:03:13,705 [DEBUG] [TIME] 7347 dividends: 0.11s
2026-07-05 05:03:13,706 [INFO] [DETAIL] 7347 マーキュリアホールディングス: income_stmt=OK, balance_sheet=OK, cashflow=OK, dividends=OK
2026-07-05 05:03:13,707 [INFO] [TIME] 7347 マーキュリアホールディングス 処理時間: 0.95s
2026-07-05 05:03:15,676 [DEBUG] [TIME] 7350 info: 0.18s
2026-07-05 05:03:15,676 [DEBUG] yfinance OK: 7350
2026-07-05 05:03:15,854 [DEBUG] [TIME] 7350 income_stmt: 0.18s
2026-07-05 05:03:16,166 [DEBUG] [TIME] 7350 balance_sheet: 0.31s
2026-07-05 05:03:16,377 [DEBUG] [TIME] 7350 cashflow: 0.21s
2026-07-05 05:03:16,491 [DEBUG] [TIME] 7350 dividends: 0.11s
2026-07-05 05:03:16,492 [INFO] [DETAIL] 7350 おきなわフィナンシャルグループ: income_stmt=OK, balance_sheet=OK, cashflow=OK, dividends=OK
2026-07-05 05:03:16,492 [INFO] [TIME] 7350 おきなわフィナンシャルグループ 処理時間: 1.00s
2026-07-05 05:03:18,447 [DEBUG] [TIME] 7351 info: 0.15s
2026-07-05 05:03:18,447 [DEBUG] yfinance OK: 7351
2026-07-05 05:03:18,643 [DEBUG] [TIME] 7351 income_stmt: 0.20s
2026-07-05 05:03:18,916 [DEBUG] [TIME] 7351 balance_sheet: 0.27s
2026-07-05 05:03:19,102 [DEBUG] [TIME] 7351 cashflow: 0.19s
2026-07-05 05:03:19,238 [DEBUG] [TIME] 7351 dividends: 0.14s
2026-07-05 05:03:19,238 [INFO] [DETAIL] 7351 グッドパッチ: income_stmt=OK, balance_sheet=OK, cashflow=OK, dividends=OK
2026-07-05 05:03:19,239 [INFO] [TIME] 7351 グッドパッチ 処理時間: 0.94s
2026-07-05 05:03:20,935 [DEBUG] [TIME] 7352 info: 0.15s
2026-07-05 05:03:20,935 [DEBUG] yfinance OK: 7352
2026-07-05 05:03:21,101 [DEBUG] [TIME] 7352 income_stmt: 0.17s
2026-07-05 05:03:21,313 [DEBUG] [TIME] 7352 balance_sheet: 0.21s
2026-07-05 05:03:21,508 [DEBUG] [TIME] 7352 cashflow: 0.19s
2026-07-05 05:03:21,698 [DEBUG] [TIME] 7352 dividends: 0.19s
2026-07-05 05:03:21,699 [INFO] [DETAIL] 7352 ＴＷＯＳＴＯＮＥ＆Ｓｏｎｓ: income_stmt=OK, balance_sheet=OK, cashflow=OK, dividends=OK
2026-07-05 05:03:21,699 [INFO] [TIME] 7352 ＴＷＯＳＴＯＮＥ＆Ｓｏｎｓ 処理時間: 0.92s
2026-07-05 05:03:22,893 [DEBUG] [TIME] 7353 info: 0.15s
2026-07-05 05:03:22,893 [DEBUG] yfinance OK: 7353
2026-07-05 05:03:23,104 [DEBUG] [TIME] 7353 income_stmt: 0.21s
2026-07-05 05:03:23,382 [DEBUG] [TIME] 7353 balance_sheet: 0.28s
2026-07-05 05:03:23,586 [DEBUG] [TIME] 7353 cashflow: 0.20s
2026-07-05 05:03:23,691 [DEBUG] [TIME] 7353 dividends: 0.11s
2026-07-05 05:03:23,691 [INFO] [DETAIL] 7353 ＫＩＹＯラーニング: income_stmt=OK, balance_sheet=OK, cashflow=OK, dividends=EMPTY
2026-07-05 05:03:23,691 [INFO] [TIME] 7353 ＫＩＹＯラーニング 処理時間: 0.95s
2026-07-05 05:03:25,409 [DEBUG] [TIME] 7354 info: 0.20s
2026-07-05 05:03:25,409 [DEBUG] yfinance OK: 7354
2026-07-05 05:03:25,616 [DEBUG] [TIME] 7354 income_stmt: 0.21s
2026-07-05 05:03:25,890 [DEBUG] [TIME] 7354 balance_sheet: 0.27s
2026-07-05 05:03:26,095 [DEBUG] [TIME] 7354 cashflow: 0.20s
2026-07-05 05:03:26,257 [DEBUG] [TIME] 7354 dividends: 0.16s
2026-07-05 05:03:26,258 [INFO] [DETAIL] 7354 ダイレクトマーケティングミックス: income_stmt=OK, balance_sheet=OK, cashflow=OK, dividends=OK
2026-07-05 05:03:26,258 [INFO] [TIME] 7354 ダイレクトマーケティングミックス 処理時間: 1.05s
2026-07-05 05:03:27,885 [DEBUG] [TIME] 7356 info: 0.16s
2026-07-05 05:03:27,885 [DEBUG] yfinance OK: 7356
2026-07-05 05:03:28,057 [DEBUG] [TIME] 7356 income_stmt: 0.17s
2026-07-05 05:03:28,314 [DEBUG] [TIME] 7356 balance_sheet: 0.26s
2026-07-05 05:03:28,591 [DEBUG] [TIME] 7356 cashflow: 0.28s
2026-07-05 05:03:28,719 [DEBUG] [TIME] 7356 dividends: 0.13s
2026-07-05 05:03:28,719 [INFO] [DETAIL] 7356 Ｒｅｔｔｙ: income_stmt=OK, balance_sheet=OK, cashflow=OK, dividends=EMPTY
2026-07-05 05:03:28,719 [INFO] [TIME] 7356 Ｒｅｔｔｙ 処理時間: 1.00s
2026-07-05 05:03:30,215 [DEBUG] [TIME] 7357 info: 0.16s
2026-07-05 05:03:30,215 [DEBUG] yfinance OK: 7357
2026-07-05 05:03:30,436 [DEBUG] [TIME] 7357 income_stmt: 0.22s
2026-07-05 05:03:30,676 [DEBUG] [TIME] 7357 balance_sheet: 0.24s
2026-07-05 05:03:30,856 [DEBUG] [TIME] 7357 cashflow: 0.18s
2026-07-05 05:03:31,024 [DEBUG] [TIME] 7357 dividends: 0.17s
2026-07-05 05:03:31,025 [INFO] [DETAIL] 7357 ジオコード: income_stmt=OK, balance_sheet=OK, cashflow=OK, dividends=OK
2026-07-05 05:03:31,025 [INFO] [TIME] 7357 ジオコード 処理時間: 0.97s
2026-07-05 05:03:32,792 [DEBUG] [TIME] 7358 info: 0.16s
2026-07-05 05:03:32,792 [DEBUG] yfinance OK: 7358
2026-07-05 05:03:33,002 [DEBUG] [TIME] 7358 income_stmt: 0.21s
2026-07-05 05:03:33,230 [DEBUG] [TIME] 7358 balance_sheet: 0.23s
2026-07-05 05:03:33,443 [DEBUG] [TIME] 7358 cashflow: 0.21s
2026-07-05 05:03:33,586 [DEBUG] [TIME] 7358 dividends: 0.14s
2026-07-05 05:03:33,587 [INFO] [DETAIL] 7358 ポピンズ: income_stmt=OK, balance_sheet=OK, cashflow=OK, dividends=OK
2026-07-05 05:03:33,587 [INFO] [TIME] 7358 ポピンズ 処理時間: 0.95s
2026-07-05 05:03:35,521 [DEBUG] [TIME] 7359 info: 0.15s
2026-07-05 05:03:35,521 [DEBUG] yfinance OK: 7359
2026-07-05 05:03:35,727 [DEBUG] [TIME] 7359 income_stmt: 0.21s
2026-07-05 05:03:35,949 [DEBUG] [TIME] 7359 balance_sheet: 0.22s
2026-07-05 05:03:36,158 [DEBUG] [TIME] 7359 cashflow: 0.21s
2026-07-05 05:03:36,267 [DEBUG] [TIME] 7359 dividends: 0.11s
2026-07-05 05:03:36,267 [INFO] [DETAIL] 7359 東京通信グループ: income_stmt=OK, balance_sheet=OK, cashflow=OK, dividends=EMPTY
2026-07-05 05:03:36,267 [INFO] [TIME] 7359 東京通信グループ 処理時間: 0.90s
2026-07-05 05:03:38,359 [DEBUG] [TIME] 7360 info: 0.16s
2026-07-05 05:03:38,359 [DEBUG] yfinance OK: 7360
2026-07-05 05:03:38,537 [DEBUG] [TIME] 7360 income_stmt: 0.18s
2026-07-05 05:03:38,759 [DEBUG] [TIME] 7360 balance_sheet: 0.22s
2026-07-05 05:03:38,942 [DEBUG] [TIME] 7360 cashflow: 0.18s
2026-07-05 05:03:39,064 [DEBUG] [TIME] 7360 dividends: 0.12s
2026-07-05 05:03:39,064 [INFO] [DETAIL] 7360 オンデック: income_stmt=OK, balance_sheet=OK, cashflow=OK, dividends=EMPTY
2026-07-05 05:03:39,064 [INFO] [TIME] 7360 オンデック 処理時間: 0.87s
2026-07-05 05:03:41,210 [DEBUG] [TIME] 7361 info: 0.19s
2026-07-05 05:03:41,210 [DEBUG] yfinance OK: 7361
2026-07-05 05:03:41,377 [DEBUG] [TIME] 7361 income_stmt: 0.17s
2026-07-05 05:03:41,614 [DEBUG] [TIME] 7361 balance_sheet: 0.24s
2026-07-05 05:03:41,814 [DEBUG] [TIME] 7361 cashflow: 0.20s
2026-07-05 05:03:41,960 [DEBUG] [TIME] 7361 dividends: 0.15s
2026-07-05 05:03:41,961 [INFO] [DETAIL] 7361 ヒューマンクリエイションホールディングス: income_stmt=OK, balance_sheet=OK, cashflow=OK, dividends=OK
2026-07-05 05:03:41,961 [INFO] [TIME] 7361 ヒューマンクリエイションホールディングス 処理時間: 0.94s
2026-07-05 05:03:43,810 [DEBUG] [TIME] 7362 info: 0.15s
2026-07-05 05:03:43,810 [DEBUG] yfinance OK: 7362
2026-07-05 05:03:44,006 [DEBUG] [TIME] 7362 income_stmt: 0.20s
2026-07-05 05:03:44,287 [DEBUG] [TIME] 7362 balance_sheet: 0.28s
2026-07-05 05:03:44,498 [DEBUG] [TIME] 7362 cashflow: 0.21s
2026-07-05 05:03:44,605 [DEBUG] [TIME] 7362 dividends: 0.11s
2026-07-05 05:03:44,606 [INFO] [DETAIL] 7362 Ｔ．Ｓ．Ｉ: income_stmt=OK, balance_sheet=OK, cashflow=OK, dividends=OK
2026-07-05 05:03:44,606 [INFO] [TIME] 7362 Ｔ．Ｓ．Ｉ 処理時間: 0.95s
2026-07-05 05:03:46,278 [DEBUG] [TIME] 7363 info: 0.15s
2026-07-05 05:03:46,278 [DEBUG] yfinance OK: 7363
2026-07-05 05:03:46,442 [DEBUG] [TIME] 7363 income_stmt: 0.16s
2026-07-05 05:03:46,662 [DEBUG] [TIME] 7363 balance_sheet: 0.22s
2026-07-05 05:03:46,855 [DEBUG] [TIME] 7363 cashflow: 0.19s
2026-07-05 05:03:46,975 [DEBUG] [TIME] 7363 dividends: 0.12s
2026-07-05 05:03:46,975 [INFO] [DETAIL] 7363 ベビーカレンダー: income_stmt=OK, balance_sheet=OK, cashflow=OK, dividends=EMPTY
2026-07-05 05:03:46,975 [INFO] [TIME] 7363 ベビーカレンダー 処理時間: 0.85s
2026-07-05 05:03:48,197 [DEBUG] [TIME] 7366 info: 0.19s
2026-07-05 05:03:48,197 [DEBUG] yfinance OK: 7366
2026-07-05 05:03:48,396 [DEBUG] [TIME] 7366 income_stmt: 0.20s
2026-07-05 05:03:48,646 [DEBUG] [TIME] 7366 balance_sheet: 0.25s
2026-07-05 05:03:48,840 [DEBUG] [TIME] 7366 cashflow: 0.19s
2026-07-05 05:03:49,020 [DEBUG] [TIME] 7366 dividends: 0.18s
2026-07-05 05:03:49,021 [INFO] [DETAIL] 7366 ＬＩＴＡＬＩＣＯ: income_stmt=OK, balance_sheet=OK, cashflow=OK, dividends=OK
2026-07-05 05:03:49,021 [INFO] [TIME] 7366 ＬＩＴＡＬＩＣＯ 処理時間: 1.01s
2026-07-05 05:03:50,645 [DEBUG] [TIME] 7367 info: 0.15s
2026-07-05 05:03:50,645 [DEBUG] yfinance OK: 7367
2026-07-05 05:03:50,848 [DEBUG] [TIME] 7367 income_stmt: 0.20s
2026-07-05 05:03:51,101 [DEBUG] [TIME] 7367 balance_sheet: 0.25s
2026-07-05 05:03:51,335 [DEBUG] [TIME] 7367 cashflow: 0.23s
2026-07-05 05:03:51,472 [DEBUG] [TIME] 7367 dividends: 0.14s
2026-07-05 05:03:51,473 [INFO] [DETAIL] 7367 セルム: income_stmt=OK, balance_sheet=OK, cashflow=OK, dividends=OK
2026-07-05 05:03:51,473 [INFO] [TIME] 7367 セルム 処理時間: 0.98s
2026-07-05 05:03:53,333 [DEBUG] [TIME] 7368 info: 0.15s
2026-07-05 05:03:53,333 [DEBUG] yfinance OK: 7368
2026-07-05 05:03:53,525 [DEBUG] [TIME] 7368 income_stmt: 0.19s
2026-07-05 05:03:53,768 [DEBUG] [TIME] 7368 balance_sheet: 0.24s
2026-07-05 05:03:53,945 [DEBUG] [TIME] 7368 cashflow: 0.18s
2026-07-05 05:03:54,072 [DEBUG] [TIME] 7368 dividends: 0.13s
2026-07-05 05:03:54,073 [INFO] [DETAIL] 7368 表示灯: income_stmt=OK, balance_sheet=OK, cashflow=OK, dividends=OK
2026-07-05 05:03:54,074 [INFO] [TIME] 7368 表示灯 処理時間: 0.89s
2026-07-05 05:03:56,208 [DEBUG] [TIME] 7369 info: 0.16s
2026-07-05 05:03:56,208 [DEBUG] yfinance OK: 7369
2026-07-05 05:03:56,378 [DEBUG] [TIME] 7369 income_stmt: 0.17s
2026-07-05 05:03:56,594 [DEBUG] [TIME] 7369 balance_sheet: 0.22s
2026-07-05 05:03:56,780 [DEBUG] [TIME] 7369 cashflow: 0.19s
2026-07-05 05:03:56,885 [DEBUG] [TIME] 7369 dividends: 0.11s
2026-07-05 05:03:56,886 [INFO] [DETAIL] 7369 メイホーホールディングス: income_stmt=OK, balance_sheet=OK, cashflow=OK, dividends=EMPTY
2026-07-05 05:03:56,886 [INFO] [TIME] 7369 メイホーホールディングス 処理時間: 0.84s
2026-07-05 05:03:58,787 [DEBUG] [TIME] 7370 info: 0.15s
2026-07-05 05:03:58,788 [DEBUG] yfinance OK: 7370
2026-07-05 05:03:58,973 [DEBUG] [TIME] 7370 income_stmt: 0.19s
2026-07-05 05:03:59,188 [DEBUG] [TIME] 7370 balance_sheet: 0.21s
2026-07-05 05:03:59,378 [DEBUG] [TIME] 7370 cashflow: 0.19s
2026-07-05 05:03:59,507 [DEBUG] [TIME] 7370 dividends: 0.13s
2026-07-05 05:03:59,508 [INFO] [DETAIL] 7370 Ｅｎｊｉｎ: income_stmt=OK, balance_sheet=OK, cashflow=OK, dividends=OK
2026-07-05 05:03:59,508 [INFO] [TIME] 7370 Ｅｎｊｉｎ 処理時間: 0.87s
2026-07-05 05:04:01,200 [DEBUG] [TIME] 7371 info: 0.16s
2026-07-05 05:04:01,200 [DEBUG] yfinance OK: 7371
2026-07-05 05:04:01,377 [DEBUG] [TIME] 7371 income_stmt: 0.18s
2026-07-05 05:04:01,620 [DEBUG] [TIME] 7371 balance_sheet: 0.24s
2026-07-05 05:04:01,810 [DEBUG] [TIME] 7371 cashflow: 0.19s
2026-07-05 05:04:01,939 [DEBUG] [TIME] 7371 dividends: 0.13s
2026-07-05 05:04:01,940 [INFO] [DETAIL] 7371 Ｚｅｎｋｅｎ: income_stmt=OK, balance_sheet=OK, cashflow=OK, dividends=OK
2026-07-05 05:04:01,940 [INFO] [TIME] 7371 Ｚｅｎｋｅｎ 処理時間: 0.90s
2026-07-05 05:04:03,189 [DEBUG] [TIME] 7372 info: 0.19s
2026-07-05 05:04:03,189 [DEBUG] yfinance OK: 7372
2026-07-05 05:04:03,385 [DEBUG] [TIME] 7372 income_stmt: 0.20s
2026-07-05 05:04:03,615 [DEBUG] [TIME] 7372 balance_sheet: 0.23s
2026-07-05 05:04:03,815 [DEBUG] [TIME] 7372 cashflow: 0.20s
2026-07-05 05:04:03,936 [DEBUG] [TIME] 7372 dividends: 0.12s
2026-07-05 05:04:03,936 [INFO] [DETAIL] 7372 デコルテ・ホールディングス: income_stmt=OK, balance_sheet=OK, cashflow=OK, dividends=EMPTY
2026-07-05 05:04:03,936 [INFO] [TIME] 7372 デコルテ・ホールディングス 処理時間: 0.94s
2026-07-05 05:04:05,928 [DEBUG] [TIME] 7373 info: 0.21s
2026-07-05 05:04:05,928 [DEBUG] yfinance OK: 7373
2026-07-05 05:04:06,112 [DEBUG] [TIME] 7373 income_stmt: 0.18s
2026-07-05 05:04:06,367 [DEBUG] [TIME] 7373 balance_sheet: 0.26s
2026-07-05 05:04:06,599 [DEBUG] [TIME] 7373 cashflow: 0.23s
2026-07-05 05:04:06,715 [DEBUG] [TIME] 7373 dividends: 0.11s
2026-07-05 05:04:06,716 [INFO] [DETAIL] 7373 アイドマ・ホールディングス: income_stmt=OK, balance_sheet=OK, cashflow=OK, dividends=OK
2026-07-05 05:04:06,716 [INFO] [TIME] 7373 アイドマ・ホールディングス 処理時間: 1.00s
2026-07-05 05:04:08,063 [DEBUG] [TIME] 7374 info: 0.18s
2026-07-05 05:04:08,063 [DEBUG] yfinance OK: 7374
2026-07-05 05:04:08,251 [DEBUG] [TIME] 7374 income_stmt: 0.19s
2026-07-05 05:04:08,497 [DEBUG] [TIME] 7374 balance_sheet: 0.25s
2026-07-05 05:04:08,730 [DEBUG] [TIME] 7374 cashflow: 0.23s
2026-07-05 05:04:08,892 [DEBUG] [TIME] 7374 dividends: 0.16s
2026-07-05 05:04:08,893 [INFO] [DETAIL] 7374 コンフィデンス・インターワークス: income_stmt=OK, balance_sheet=OK, cashflow=OK, dividends=OK
2026-07-05 05:04:08,893 [INFO] [TIME] 7374 コンフィデンス・インターワークス 処理時間: 1.01s
2026-07-05 05:04:10,283 [DEBUG] [TIME] 7375 info: 0.18s
2026-07-05 05:04:10,283 [DEBUG] yfinance OK: 7375
2026-07-05 05:04:10,455 [DEBUG] [TIME] 7375 income_stmt: 0.17s
2026-07-05 05:04:10,682 [DEBUG] [TIME] 7375 balance_sheet: 0.23s
2026-07-05 05:04:10,880 [DEBUG] [TIME] 7375 cashflow: 0.20s
2026-07-05 05:04:10,997 [DEBUG] [TIME] 7375 dividends: 0.12s
2026-07-05 05:04:10,997 [INFO] [DETAIL] 7375 リファインバースグループ: income_stmt=OK, balance_sheet=OK, cashflow=OK, dividends=EMPTY
2026-07-05 05:04:10,997 [INFO] [TIME] 7375 リファインバースグループ 処理時間: 0.89s
2026-07-05 05:04:12,988 [DEBUG] [TIME] 7376 info: 0.18s
2026-07-05 05:04:12,988 [DEBUG] yfinance OK: 7376
2026-07-05 05:04:13,182 [DEBUG] [TIME] 7376 income_stmt: 0.19s
2026-07-05 05:04:13,424 [DEBUG] [TIME] 7376 balance_sheet: 0.24s
2026-07-05 05:04:13,605 [DEBUG] [TIME] 7376 cashflow: 0.18s
2026-07-05 05:04:13,711 [DEBUG] [TIME] 7376 dividends: 0.11s
2026-07-05 05:04:13,711 [INFO] [DETAIL] 7376 ＢＣＣ: income_stmt=OK, balance_sheet=OK, cashflow=OK, dividends=EMPTY
2026-07-05 05:04:13,711 [INFO] [TIME] 7376 ＢＣＣ 処理時間: 0.90s
2026-07-05 05:04:15,583 [DEBUG] [TIME] 7377 info: 0.15s
2026-07-05 05:04:15,583 [DEBUG] yfinance OK: 7377
2026-07-05 05:04:15,771 [DEBUG] [TIME] 7377 income_stmt: 0.19s
2026-07-05 05:04:16,005 [DEBUG] [TIME] 7377 balance_sheet: 0.23s
2026-07-05 05:04:16,219 [DEBUG] [TIME] 7377 cashflow: 0.21s
2026-07-05 05:04:16,345 [DEBUG] [TIME] 7377 dividends: 0.13s
2026-07-05 05:04:16,346 [INFO] [DETAIL] 7377 ＤＮホールディングス: income_stmt=OK, balance_sheet=OK, cashflow=OK, dividends=OK
2026-07-05 05:04:16,346 [INFO] [TIME] 7377 ＤＮホールディングス 処理時間: 0.91s
2026-07-05 05:04:17,581 [DEBUG] [TIME] 7378 info: 0.15s
2026-07-05 05:04:17,581 [DEBUG] yfinance OK: 7378
2026-07-05 05:04:17,773 [DEBUG] [TIME] 7378 income_stmt: 0.19s
2026-07-05 05:04:17,982 [DEBUG] [TIME] 7378 balance_sheet: 0.21s
2026-07-05 05:04:18,178 [DEBUG] [TIME] 7378 cashflow: 0.19s
2026-07-05 05:04:18,335 [DEBUG] [TIME] 7378 dividends: 0.16s
2026-07-05 05:04:18,336 [INFO] [DETAIL] 7378 アシロ: income_stmt=OK, balance_sheet=OK, cashflow=OK, dividends=OK
2026-07-05 05:04:18,337 [INFO] [TIME] 7378 アシロ 処理時間: 0.91s
2026-07-05 05:04:19,691 [DEBUG] [TIME] 7380 info: 0.19s
2026-07-05 05:04:19,692 [DEBUG] yfinance OK: 7380
2026-07-05 05:04:19,891 [DEBUG] [TIME] 7380 income_stmt: 0.20s
2026-07-05 05:04:20,089 [DEBUG] [TIME] 7380 balance_sheet: 0.20s
2026-07-05 05:04:20,300 [DEBUG] [TIME] 7380 cashflow: 0.21s
2026-07-05 05:04:20,423 [DEBUG] [TIME] 7380 dividends: 0.12s
2026-07-05 05:04:20,424 [INFO] [DETAIL] 7380 十六フィナンシャルグループ: income_stmt=OK, balance_sheet=OK, cashflow=OK, dividends=OK
2026-07-05 05:04:20,424 [INFO] [TIME] 7380 十六フィナンシャルグループ 処理時間: 0.92s
2026-07-05 05:04:21,911 [DEBUG] [TIME] 7381 info: 0.15s
2026-07-05 05:04:21,911 [DEBUG] yfinance OK: 7381
2026-07-05 05:04:22,105 [DEBUG] [TIME] 7381 income_stmt: 0.19s
2026-07-05 05:04:22,336 [DEBUG] [TIME] 7381 balance_sheet: 0.23s
2026-07-05 05:04:22,535 [DEBUG] [TIME] 7381 cashflow: 0.20s
2026-07-05 05:04:22,652 [DEBUG] [TIME] 7381 dividends: 0.12s
2026-07-05 05:04:22,653 [INFO] [DETAIL] 7381 ＣＣＩグループ: income_stmt=OK, balance_sheet=OK, cashflow=OK, dividends=OK
2026-07-05 05:04:22,653 [INFO] [TIME] 7381 ＣＣＩグループ 処理時間: 0.89s
2026-07-05 05:04:24,414 [DEBUG] [TIME] 7383 info: 0.19s
2026-07-05 05:04:24,414 [DEBUG] yfinance OK: 7383
2026-07-05 05:04:24,607 [DEBUG] [TIME] 7383 income_stmt: 0.19s
2026-07-05 05:04:24,849 [DEBUG] [TIME] 7383 balance_sheet: 0.24s
2026-07-05 05:04:25,055 [DEBUG] [TIME] 7383 cashflow: 0.21s
2026-07-05 05:04:25,160 [DEBUG] [TIME] 7383 dividends: 0.10s
2026-07-05 05:04:25,160 [INFO] [DETAIL] 7383 ネットプロテクションズホールディングス: income_stmt=OK, balance_sheet=OK, cashflow=OK, dividends=EMPTY
2026-07-05 05:04:25,160 [INFO] [TIME] 7383 ネットプロテクションズホールディングス 処理時間: 0.94s
2026-07-05 05:04:26,813 [DEBUG] [TIME] 7384 info: 0.19s
2026-07-05 05:04:26,813 [DEBUG] yfinance OK: 7384
2026-07-05 05:04:26,996 [DEBUG] [TIME] 7384 income_stmt: 0.18s
2026-07-05 05:04:27,201 [DEBUG] [TIME] 7384 balance_sheet: 0.20s
2026-07-05 05:04:27,389 [DEBUG] [TIME] 7384 cashflow: 0.19s
2026-07-05 05:04:27,581 [DEBUG] [TIME] 7384 dividends: 0.19s
2026-07-05 05:04:27,582 [INFO] [DETAIL] 7384 プロクレアホールディングス: income_stmt=OK, balance_sheet=OK, cashflow=OK, dividends=OK
2026-07-05 05:04:27,583 [INFO] [TIME] 7384 プロクレアホールディングス 処理時間: 0.96s
2026-07-05 05:04:28,882 [DEBUG] [TIME] 7388 info: 0.15s
2026-07-05 05:04:28,882 [DEBUG] yfinance OK: 7388
2026-07-05 05:04:29,079 [DEBUG] [TIME] 7388 income_stmt: 0.20s
2026-07-05 05:04:29,339 [DEBUG] [TIME] 7388 balance_sheet: 0.26s
2026-07-05 05:04:29,551 [DEBUG] [TIME] 7388 cashflow: 0.21s
2026-07-05 05:04:29,744 [DEBUG] [TIME] 7388 dividends: 0.19s
2026-07-05 05:04:29,745 [INFO] [DETAIL] 7388 ＦＰパートナー: income_stmt=OK, balance_sheet=OK, cashflow=OK, dividends=OK
2026-07-05 05:04:29,745 [INFO] [TIME] 7388 ＦＰパートナー 処理時間: 1.01s
2026-07-05 05:04:31,105 [DEBUG] [TIME] 7389 info: 0.18s
2026-07-05 05:04:31,105 [DEBUG] yfinance OK: 7389
2026-07-05 05:04:31,291 [DEBUG] [TIME] 7389 income_stmt: 0.19s
2026-07-05 05:04:31,512 [DEBUG] [TIME] 7389 balance_sheet: 0.22s
2026-07-05 05:04:31,703 [DEBUG] [TIME] 7389 cashflow: 0.19s
2026-07-05 05:04:31,837 [DEBUG] [TIME] 7389 dividends: 0.13s
2026-07-05 05:04:31,838 [INFO] [DETAIL] 7389 あいちフィナンシャルグループ: income_stmt=OK, balance_sheet=OK, cashflow=OK, dividends=OK
2026-07-05 05:04:31,838 [INFO] [TIME] 7389 あいちフィナンシャルグループ 処理時間: 0.92s
2026-07-05 05:04:33,444 [DEBUG] [TIME] 7399 info: 0.15s
2026-07-05 05:04:33,444 [DEBUG] yfinance OK: 7399
2026-07-05 05:04:33,650 [DEBUG] [TIME] 7399 income_stmt: 0.21s
2026-07-05 05:04:33,884 [DEBUG] [TIME] 7399 balance_sheet: 0.23s
2026-07-05 05:04:34,113 [DEBUG] [TIME] 7399 cashflow: 0.23s
2026-07-05 05:04:34,398 [DEBUG] [TIME] 7399 dividends: 0.28s
2026-07-05 05:04:34,399 [INFO] [DETAIL] 7399 ナンシン: income_stmt=OK, balance_sheet=OK, cashflow=OK, dividends=OK
2026-07-05 05:04:34,399 [INFO] [TIME] 7399 ナンシン 処理時間: 1.11s
2026-07-05 05:04:36,526 [DEBUG] [TIME] 7409 info: 0.35s
2026-07-05 05:04:36,526 [DEBUG] yfinance OK: 7409
2026-07-05 05:04:36,748 [DEBUG] [TIME] 7409 income_stmt: 0.22s
2026-07-05 05:04:36,961 [DEBUG] [TIME] 7409 balance_sheet: 0.21s
2026-07-05 05:04:37,153 [DEBUG] [TIME] 7409 cashflow: 0.19s
2026-07-05 05:04:37,267 [DEBUG] [TIME] 7409 dividends: 0.11s
2026-07-05 05:04:37,268 [INFO] [DETAIL] 7409 ＡｅｒｏＥｄｇｅ: income_stmt=OK, balance_sheet=OK, cashflow=OK, dividends=EMPTY
2026-07-05 05:04:37,268 [INFO] [TIME] 7409 ＡｅｒｏＥｄｇｅ 処理時間: 1.09s
2026-07-05 05:04:39,588 [DEBUG] [TIME] 7412 info: 0.37s
2026-07-05 05:04:39,588 [WARNING] yfinance データなし: 7412
2026-07-05 05:04:39,588 [INFO] [TIME] 7412 アトム 処理時間: 0.37s
2026-07-05 05:04:41,624 [DEBUG] [TIME] 7413 info: 0.16s
2026-07-05 05:04:41,624 [DEBUG] yfinance OK: 7413
2026-07-05 05:04:41,825 [DEBUG] [TIME] 7413 income_stmt: 0.20s
2026-07-05 05:04:42,082 [DEBUG] [TIME] 7413 balance_sheet: 0.26s
2026-07-05 05:04:42,284 [DEBUG] [TIME] 7413 cashflow: 0.20s
2026-07-05 05:04:42,556 [DEBUG] [TIME] 7413 dividends: 0.27s
2026-07-05 05:04:42,557 [INFO] [DETAIL] 7413 創健社: income_stmt=OK, balance_sheet=OK, cashflow=OK, dividends=OK
2026-07-05 05:04:42,557 [INFO] [TIME] 7413 創健社 処理時間: 1.09s
2026-07-05 05:04:44,353 [DEBUG] [TIME] 7414 info: 0.15s
2026-07-05 05:04:44,353 [DEBUG] yfinance OK: 7414
2026-07-05 05:04:44,558 [DEBUG] [TIME] 7414 income_stmt: 0.21s
2026-07-05 05:04:44,859 [DEBUG] [TIME] 7414 balance_sheet: 0.30s
2026-07-05 05:04:45,104 [DEBUG] [TIME] 7414 cashflow: 0.24s
2026-07-05 05:04:45,377 [DEBUG] [TIME] 7414 dividends: 0.27s
2026-07-05 05:04:45,378 [INFO] [DETAIL] 7414 小野建: income_stmt=OK, balance_sheet=OK, cashflow=OK, dividends=OK
2026-07-05 05:04:45,378 [INFO] [TIME] 7414 小野建 処理時間: 1.18s
2026-07-05 05:04:47,134 [DEBUG] [TIME] 7416 info: 0.15s
2026-07-05 05:04:47,134 [DEBUG] yfinance OK: 7416
2026-07-05 05:04:47,318 [DEBUG] [TIME] 7416 income_stmt: 0.18s
2026-07-05 05:04:47,548 [DEBUG] [TIME] 7416 balance_sheet: 0.23s
2026-07-05 05:04:47,761 [DEBUG] [TIME] 7416 cashflow: 0.21s
2026-07-05 05:04:48,066 [DEBUG] [TIME] 7416 dividends: 0.30s
2026-07-05 05:04:48,067 [INFO] [DETAIL] 7416 はるやまホールディングス: income_stmt=OK, balance_sheet=OK, cashflow=OK, dividends=OK
2026-07-05 05:04:48,067 [INFO] [TIME] 7416 はるやまホールディングス 処理時間: 1.09s
2026-07-05 05:04:49,332 [DEBUG] [TIME] 7417 info: 0.25s
2026-07-05 05:04:49,333 [DEBUG] yfinance OK: 7417
2026-07-05 05:04:49,519 [DEBUG] [TIME] 7417 income_stmt: 0.19s
2026-07-05 05:04:49,773 [DEBUG] [TIME] 7417 balance_sheet: 0.25s
2026-07-05 05:04:49,986 [DEBUG] [TIME] 7417 cashflow: 0.21s
2026-07-05 05:04:50,150 [DEBUG] [TIME] 7417 dividends: 0.16s
2026-07-05 05:04:50,151 [INFO] [DETAIL] 7417 南陽: income_stmt=OK, balance_sheet=OK, cashflow=OK, dividends=OK
2026-07-05 05:04:50,152 [INFO] [TIME] 7417 南陽 処理時間: 1.07s
2026-07-05 05:04:51,932 [DEBUG] [TIME] 7419 info: 0.15s
2026-07-05 05:04:51,932 [DEBUG] yfinance OK: 7419
2026-07-05 05:04:52,127 [DEBUG] [TIME] 7419 income_stmt: 0.19s
2026-07-05 05:04:52,427 [DEBUG] [TIME] 7419 balance_sheet: 0.30s
2026-07-05 05:04:52,648 [DEBUG] [TIME] 7419 cashflow: 0.22s
2026-07-05 05:04:52,937 [DEBUG] [TIME] 7419 dividends: 0.29s
2026-07-05 05:04:52,938 [INFO] [DETAIL] 7419 ノジマ: income_stmt=OK, balance_sheet=OK, cashflow=OK, dividends=OK
2026-07-05 05:04:52,938 [INFO] [TIME] 7419 ノジマ 処理時間: 1.15s
2026-07-05 05:04:54,483 [DEBUG] [TIME] 7421 info: 0.15s
2026-07-05 05:04:54,484 [DEBUG] yfinance OK: 7421
2026-07-05 05:04:54,694 [DEBUG] [TIME] 7421 income_stmt: 0.21s
2026-07-05 05:04:54,930 [DEBUG] [TIME] 7421 balance_sheet: 0.23s
2026-07-05 05:04:55,120 [DEBUG] [TIME] 7421 cashflow: 0.19s
2026-07-05 05:04:55,427 [DEBUG] [TIME] 7421 dividends: 0.31s
2026-07-05 05:04:55,428 [INFO] [DETAIL] 7421 カッパ・クリエイト: income_stmt=OK, balance_sheet=OK, cashflow=OK, dividends=OK
2026-07-05 05:04:55,428 [INFO] [TIME] 7421 カッパ・クリエイト 処理時間: 1.10s
2026-07-05 05:04:56,694 [DEBUG] [TIME] 7422 info: 0.15s
2026-07-05 05:04:56,694 [DEBUG] yfinance OK: 7422
2026-07-05 05:04:56,880 [DEBUG] [TIME] 7422 income_stmt: 0.19s
2026-07-05 05:04:57,104 [DEBUG] [TIME] 7422 balance_sheet: 0.22s
2026-07-05 05:04:57,301 [DEBUG] [TIME] 7422 cashflow: 0.20s
2026-07-05 05:04:57,632 [DEBUG] [TIME] 7422 dividends: 0.33s
2026-07-05 05:04:57,633 [INFO] [DETAIL] 7422 東邦レマック: income_stmt=OK, balance_sheet=OK, cashflow=OK, dividends=OK
2026-07-05 05:04:57,633 [INFO] [TIME] 7422 東邦レマック 処理時間: 1.09s
2026-07-05 05:04:59,157 [DEBUG] [TIME] 7425 info: 0.15s
2026-07-05 05:04:59,157 [DEBUG] yfinance OK: 7425
2026-07-05 05:04:59,352 [DEBUG] [TIME] 7425 income_stmt: 0.19s
2026-07-05 05:04:59,596 [DEBUG] [TIME] 7425 balance_sheet: 0.24s
2026-07-05 05:04:59,799 [DEBUG] [TIME] 7425 cashflow: 0.20s
2026-07-05 05:05:00,107 [DEBUG] [TIME] 7425 dividends: 0.31s
2026-07-05 05:05:00,108 [INFO] [DETAIL] 7425 初穂商事: income_stmt=OK, balance_sheet=OK, cashflow=OK, dividends=OK
2026-07-05 05:05:00,108 [INFO] [TIME] 7425 初穂商事 処理時間: 1.11s
2026-07-05 05:05:01,487 [DEBUG] [TIME] 7426 info: 0.31s
2026-07-05 05:05:01,487 [DEBUG] yfinance OK: 7426
2026-07-05 05:05:01,661 [DEBUG] [TIME] 7426 income_stmt: 0.17s
2026-07-05 05:05:01,898 [DEBUG] [TIME] 7426 balance_sheet: 0.24s
2026-07-05 05:05:02,141 [DEBUG] [TIME] 7426 cashflow: 0.24s
2026-07-05 05:05:02,483 [DEBUG] [TIME] 7426 dividends: 0.34s
2026-07-05 05:05:02,484 [INFO] [DETAIL] 7426 山大: income_stmt=OK, balance_sheet=OK, cashflow=OK, dividends=OK
2026-07-05 05:05:02,484 [INFO] [TIME] 7426 山大 処理時間: 1.30s
2026-07-05 05:05:04,009 [DEBUG] [TIME] 7427 info: 0.15s
2026-07-05 05:05:04,009 [DEBUG] yfinance OK: 7427
2026-07-05 05:05:04,196 [DEBUG] [TIME] 7427 income_stmt: 0.19s
2026-07-05 05:05:04,436 [DEBUG] [TIME] 7427 balance_sheet: 0.24s
2026-07-05 05:05:04,641 [DEBUG] [TIME] 7427 cashflow: 0.20s
2026-07-05 05:05:04,851 [DEBUG] [TIME] 7427 dividends: 0.21s
2026-07-05 05:05:04,852 [INFO] [DETAIL] 7427 エコートレーディング: income_stmt=OK, balance_sheet=OK, cashflow=OK, dividends=OK
2026-07-05 05:05:04,852 [INFO] [TIME] 7427 エコートレーディング 処理時間: 1.00s
2026-07-05 05:05:06,787 [DEBUG] [TIME] 7433 info: 0.15s
2026-07-05 05:05:06,787 [DEBUG] yfinance OK: 7433
2026-07-05 05:05:07,040 [DEBUG] [TIME] 7433 income_stmt: 0.25s
2026-07-05 05:05:07,324 [DEBUG] [TIME] 7433 balance_sheet: 0.28s
2026-07-05 05:05:07,571 [DEBUG] [TIME] 7433 cashflow: 0.25s
2026-07-05 05:05:07,836 [DEBUG] [TIME] 7433 dividends: 0.26s
2026-07-05 05:05:07,837 [INFO] [DETAIL] 7433 伯東: income_stmt=OK, balance_sheet=OK, cashflow=OK, dividends=OK
2026-07-05 05:05:07,837 [INFO] [TIME] 7433 伯東 処理時間: 1.20s
2026-07-05 05:05:10,025 [DEBUG] [TIME] 7434 info: 0.32s
2026-07-05 05:05:10,025 [DEBUG] yfinance OK: 7434
2026-07-05 05:05:10,202 [DEBUG] [TIME] 7434 income_stmt: 0.18s
2026-07-05 05:05:10,421 [DEBUG] [TIME] 7434 balance_sheet: 0.22s
2026-07-05 05:05:10,680 [DEBUG] [TIME] 7434 cashflow: 0.26s
2026-07-05 05:05:10,956 [DEBUG] [TIME] 7434 dividends: 0.28s
2026-07-05 05:05:10,957 [INFO] [DETAIL] 7434 オータケ: income_stmt=OK, balance_sheet=OK, cashflow=OK, dividends=OK
2026-07-05 05:05:10,957 [INFO] [TIME] 7434 オータケ 処理時間: 1.25s
2026-07-05 05:05:12,749 [DEBUG] [TIME] 7435 info: 0.16s
2026-07-05 05:05:12,749 [DEBUG] yfinance OK: 7435
2026-07-05 05:05:12,933 [DEBUG] [TIME] 7435 income_stmt: 0.18s
2026-07-05 05:05:13,197 [DEBUG] [TIME] 7435 balance_sheet: 0.26s
2026-07-05 05:05:13,411 [DEBUG] [TIME] 7435 cashflow: 0.21s
2026-07-05 05:05:13,739 [DEBUG] [TIME] 7435 dividends: 0.33s
2026-07-05 05:05:13,740 [INFO] [DETAIL] 7435 ナ・デックス: income_stmt=OK, balance_sheet=OK, cashflow=OK, dividends=OK
2026-07-05 05:05:13,741 [INFO] [TIME] 7435 ナ・デックス 処理時間: 1.15s
2026-07-05 05:05:15,446 [DEBUG] [TIME] 7438 info: 0.16s
2026-07-05 05:05:15,446 [DEBUG] yfinance OK: 7438
2026-07-05 05:05:15,660 [DEBUG] [TIME] 7438 income_stmt: 0.21s
2026-07-05 05:05:15,883 [DEBUG] [TIME] 7438 balance_sheet: 0.22s
2026-07-05 05:05:16,097 [DEBUG] [TIME] 7438 cashflow: 0.21s
2026-07-05 05:05:16,387 [DEBUG] [TIME] 7438 dividends: 0.29s
2026-07-05 05:05:16,388 [INFO] [DETAIL] 7438 コンドーテック: income_stmt=OK, balance_sheet=OK, cashflow=OK, dividends=OK
2026-07-05 05:05:16,388 [INFO] [TIME] 7438 コンドーテック 処理時間: 1.10s
2026-07-05 05:05:18,434 [DEBUG] [TIME] 7442 info: 0.18s
2026-07-05 05:05:18,434 [DEBUG] yfinance OK: 7442
2026-07-05 05:05:18,633 [DEBUG] [TIME] 7442 income_stmt: 0.20s
2026-07-05 05:05:18,921 [DEBUG] [TIME] 7442 balance_sheet: 0.29s
2026-07-05 05:05:19,134 [DEBUG] [TIME] 7442 cashflow: 0.21s
2026-07-05 05:05:19,346 [DEBUG] [TIME] 7442 dividends: 0.21s
2026-07-05 05:05:19,347 [INFO] [DETAIL] 7442 中山福: income_stmt=OK, balance_sheet=OK, cashflow=OK, dividends=OK
2026-07-05 05:05:19,347 [INFO] [TIME] 7442 中山福 処理時間: 1.09s
2026-07-05 05:05:20,685 [DEBUG] [TIME] 7443 info: 0.15s
2026-07-05 05:05:20,685 [DEBUG] yfinance OK: 7443
2026-07-05 05:05:20,892 [DEBUG] [TIME] 7443 income_stmt: 0.21s
2026-07-05 05:05:21,153 [DEBUG] [TIME] 7443 balance_sheet: 0.26s
2026-07-05 05:05:21,438 [DEBUG] [TIME] 7443 cashflow: 0.28s
2026-07-05 05:05:21,719 [DEBUG] [TIME] 7443 dividends: 0.28s
2026-07-05 05:05:21,720 [INFO] [DETAIL] 7443 横浜魚類: income_stmt=OK, balance_sheet=OK, cashflow=OK, dividends=OK
2026-07-05 05:05:21,720 [INFO] [TIME] 7443 横浜魚類 処理時間: 1.19s
2026-07-05 05:05:23,151 [DEBUG] [TIME] 7444 info: 0.19s
2026-07-05 05:05:23,152 [DEBUG] yfinance OK: 7444
2026-07-05 05:05:23,377 [DEBUG] [TIME] 7444 income_stmt: 0.23s
2026-07-05 05:05:23,623 [DEBUG] [TIME] 7444 balance_sheet: 0.24s
2026-07-05 05:05:23,836 [DEBUG] [TIME] 7444 cashflow: 0.21s
2026-07-05 05:05:34,125 [DEBUG] [TIME] 7444 dividends: 10.29s
2026-07-05 05:05:34,126 [INFO] [DETAIL] 7444 ハリマ共和物産: income_stmt=OK, balance_sheet=OK, cashflow=OK, dividends=OK
2026-07-05 05:05:34,126 [INFO] [TIME] 7444 ハリマ共和物産 処理時間: 11.17s
2026-07-05 05:05:35,427 [DEBUG] [TIME] 7446 info: 0.15s
2026-07-05 05:05:35,427 [DEBUG] yfinance OK: 7446
2026-07-05 05:05:35,617 [DEBUG] [TIME] 7446 income_stmt: 0.19s
2026-07-05 05:05:35,884 [DEBUG] [TIME] 7446 balance_sheet: 0.27s
2026-07-05 05:05:36,134 [DEBUG] [TIME] 7446 cashflow: 0.25s
2026-07-05 05:05:36,402 [DEBUG] [TIME] 7446 dividends: 0.27s
2026-07-05 05:05:36,403 [INFO] [DETAIL] 7446 東北化学薬品: income_stmt=OK, balance_sheet=OK, cashflow=OK, dividends=OK
2026-07-05 05:05:36,403 [INFO] [TIME] 7446 東北化学薬品 処理時間: 1.13s
2026-07-05 05:05:37,740 [DEBUG] [TIME] 7447 info: 0.15s
2026-07-05 05:05:37,741 [DEBUG] yfinance OK: 7447
2026-07-05 05:05:37,931 [DEBUG] [TIME] 7447 income_stmt: 0.19s
2026-07-05 05:05:38,160 [DEBUG] [TIME] 7447 balance_sheet: 0.23s
2026-07-05 05:05:38,369 [DEBUG] [TIME] 7447 cashflow: 0.21s
2026-07-05 05:05:44,076 [DEBUG] [TIME] 7447 dividends: 5.71s
2026-07-05 05:05:44,077 [INFO] [DETAIL] 7447 ナガイレーベン: income_stmt=OK, balance_sheet=OK, cashflow=OK, dividends=OK
2026-07-05 05:05:44,077 [INFO] [TIME] 7447 ナガイレーベン 処理時間: 6.49s
2026-07-05 05:05:46,172 [DEBUG] [TIME] 7453 info: 0.21s
2026-07-05 05:05:46,172 [DEBUG] yfinance OK: 7453
2026-07-05 05:05:46,373 [DEBUG] [TIME] 7453 income_stmt: 0.20s
2026-07-05 05:05:46,595 [DEBUG] [TIME] 7453 balance_sheet: 0.22s
2026-07-05 05:05:46,802 [DEBUG] [TIME] 7453 cashflow: 0.21s
2026-07-05 05:05:47,070 [DEBUG] [TIME] 7453 dividends: 0.27s
2026-07-05 05:05:47,071 [INFO] [DETAIL] 7453 良品計画: income_stmt=OK, balance_sheet=OK, cashflow=OK, dividends=OK
2026-07-05 05:05:47,071 [INFO] [TIME] 7453 良品計画 処理時間: 1.11s
2026-07-05 05:05:48,815 [DEBUG] [TIME] 7456 info: 0.16s
2026-07-05 05:05:48,815 [DEBUG] yfinance OK: 7456
2026-07-05 05:05:49,047 [DEBUG] [TIME] 7456 income_stmt: 0.23s
2026-07-05 05:05:49,269 [DEBUG] [TIME] 7456 balance_sheet: 0.22s
2026-07-05 05:05:49,465 [DEBUG] [TIME] 7456 cashflow: 0.19s
2026-07-05 05:05:49,758 [DEBUG] [TIME] 7456 dividends: 0.29s
2026-07-05 05:05:49,759 [INFO] [DETAIL] 7456 松田産業: income_stmt=OK, balance_sheet=OK, cashflow=OK, dividends=OK
2026-07-05 05:05:49,759 [INFO] [TIME] 7456 松田産業 処理時間: 1.10s
2026-07-05 05:05:51,184 [DEBUG] [TIME] 7458 info: 0.15s
2026-07-05 05:05:51,184 [DEBUG] yfinance OK: 7458
2026-07-05 05:05:51,457 [DEBUG] [TIME] 7458 income_stmt: 0.27s
2026-07-05 05:05:51,677 [DEBUG] [TIME] 7458 balance_sheet: 0.22s
2026-07-05 05:05:51,870 [DEBUG] [TIME] 7458 cashflow: 0.19s
2026-07-05 05:05:52,115 [DEBUG] [TIME] 7458 dividends: 0.24s
2026-07-05 05:05:52,116 [INFO] [DETAIL] 7458 第一興商: income_stmt=OK, balance_sheet=OK, cashflow=OK, dividends=OK
2026-07-05 05:05:52,116 [INFO] [TIME] 7458 第一興商 処理時間: 1.08s
2026-07-05 05:05:53,815 [DEBUG] [TIME] 7459 info: 0.16s
2026-07-05 05:05:53,815 [DEBUG] yfinance OK: 7459
2026-07-05 05:05:54,022 [DEBUG] [TIME] 7459 income_stmt: 0.21s
2026-07-05 05:05:54,260 [DEBUG] [TIME] 7459 balance_sheet: 0.24s
2026-07-05 05:05:54,449 [DEBUG] [TIME] 7459 cashflow: 0.19s
2026-07-05 05:05:54,724 [DEBUG] [TIME] 7459 dividends: 0.27s
2026-07-05 05:05:54,725 [INFO] [DETAIL] 7459 メディパルホールディングス: income_stmt=OK, balance_sheet=OK, cashflow=OK, dividends=OK
2026-07-05 05:05:54,725 [INFO] [TIME] 7459 メディパルホールディングス 処理時間: 1.07s
2026-07-05 05:05:55,991 [DEBUG] [TIME] 7460 info: 0.19s
2026-07-05 05:05:55,992 [DEBUG] yfinance OK: 7460
2026-07-05 05:05:56,186 [DEBUG] [TIME] 7460 income_stmt: 0.19s
2026-07-05 05:05:56,441 [DEBUG] [TIME] 7460 balance_sheet: 0.25s
2026-07-05 05:05:56,647 [DEBUG] [TIME] 7460 cashflow: 0.21s
2026-07-05 05:05:56,949 [DEBUG] [TIME] 7460 dividends: 0.30s
2026-07-05 05:05:56,950 [INFO] [DETAIL] 7460 ヤギ: income_stmt=OK, balance_sheet=OK, cashflow=OK, dividends=OK
2026-07-05 05:05:56,950 [INFO] [TIME] 7460 ヤギ 処理時間: 1.15s
2026-07-05 05:05:58,834 [DEBUG] [TIME] 7461 info: 0.15s
2026-07-05 05:05:58,834 [DEBUG] yfinance OK: 7461
2026-07-05 05:05:58,991 [DEBUG] [TIME] 7461 income_stmt: 0.16s
2026-07-05 05:05:59,215 [DEBUG] [TIME] 7461 balance_sheet: 0.22s
2026-07-05 05:05:59,421 [DEBUG] [TIME] 7461 cashflow: 0.21s
2026-07-05 05:05:59,721 [DEBUG] [TIME] 7461 dividends: 0.30s
2026-07-05 05:05:59,722 [INFO] [DETAIL] 7461 キムラ: income_stmt=OK, balance_sheet=OK, cashflow=OK, dividends=OK
2026-07-05 05:05:59,722 [INFO] [TIME] 7461 キムラ 処理時間: 1.04s
2026-07-05 05:06:01,094 [DEBUG] [TIME] 7462 info: 0.25s
2026-07-05 05:06:01,094 [DEBUG] yfinance OK: 7462
2026-07-05 05:06:01,264 [DEBUG] [TIME] 7462 income_stmt: 0.17s
2026-07-05 05:06:01,489 [DEBUG] [TIME] 7462 balance_sheet: 0.22s
2026-07-05 05:06:01,682 [DEBUG] [TIME] 7462 cashflow: 0.19s
2026-07-05 05:06:01,954 [DEBUG] [TIME] 7462 dividends: 0.27s
2026-07-05 05:06:01,955 [INFO] [DETAIL] 7462 ＣＡＰＩＴＡ: income_stmt=OK, balance_sheet=OK, cashflow=OK, dividends=OK
2026-07-05 05:06:01,955 [INFO] [TIME] 7462 ＣＡＰＩＴＡ 処理時間: 1.11s
2026-07-05 05:06:04,077 [DEBUG] [TIME] 7463 info: 0.15s
2026-07-05 05:06:04,077 [DEBUG] yfinance OK: 7463
2026-07-05 05:06:04,255 [DEBUG] [TIME] 7463 income_stmt: 0.18s
2026-07-05 05:06:04,487 [DEBUG] [TIME] 7463 balance_sheet: 0.23s
2026-07-05 05:06:04,688 [DEBUG] [TIME] 7463 cashflow: 0.20s
2026-07-05 05:06:04,982 [DEBUG] [TIME] 7463 dividends: 0.29s
2026-07-05 05:06:04,983 [INFO] [DETAIL] 7463 アドヴァングループ: income_stmt=OK, balance_sheet=OK, cashflow=OK, dividends=OK
2026-07-05 05:06:04,983 [INFO] [TIME] 7463 アドヴァングループ 処理時間: 1.06s
2026-07-05 05:06:06,252 [DEBUG] [TIME] 7464 info: 0.15s
2026-07-05 05:06:06,252 [DEBUG] yfinance OK: 7464
2026-07-05 05:06:06,425 [DEBUG] [TIME] 7464 income_stmt: 0.17s
2026-07-05 05:06:06,672 [DEBUG] [TIME] 7464 balance_sheet: 0.25s
2026-07-05 05:06:06,881 [DEBUG] [TIME] 7464 cashflow: 0.21s
2026-07-05 05:06:07,200 [DEBUG] [TIME] 7464 dividends: 0.32s
2026-07-05 05:06:07,201 [INFO] [DETAIL] 7464 セフテック: income_stmt=OK, balance_sheet=OK, cashflow=OK, dividends=OK
2026-07-05 05:06:07,201 [INFO] [TIME] 7464 セフテック 処理時間: 1.10s
2026-07-05 05:06:08,372 [DEBUG] [TIME] 7466 info: 0.16s
2026-07-05 05:06:08,372 [DEBUG] yfinance OK: 7466
2026-07-05 05:06:08,549 [DEBUG] [TIME] 7466 income_stmt: 0.18s
2026-07-05 05:06:08,793 [DEBUG] [TIME] 7466 balance_sheet: 0.24s
2026-07-05 05:06:08,991 [DEBUG] [TIME] 7466 cashflow: 0.20s
2026-07-05 05:06:09,317 [DEBUG] [TIME] 7466 dividends: 0.33s
2026-07-05 05:06:09,318 [INFO] [DETAIL] 7466 ＳＰＫ: income_stmt=OK, balance_sheet=OK, cashflow=OK, dividends=OK
2026-07-05 05:06:09,318 [INFO] [TIME] 7466 ＳＰＫ 処理時間: 1.10s
2026-07-05 05:06:10,780 [DEBUG] [TIME] 7472 info: 0.15s
2026-07-05 05:06:10,780 [DEBUG] yfinance OK: 7472
2026-07-05 05:06:10,967 [DEBUG] [TIME] 7472 income_stmt: 0.19s
2026-07-05 05:06:11,186 [DEBUG] [TIME] 7472 balance_sheet: 0.22s
2026-07-05 05:06:11,417 [DEBUG] [TIME] 7472 cashflow: 0.23s
2026-07-05 05:06:11,696 [DEBUG] [TIME] 7472 dividends: 0.28s
2026-07-05 05:06:11,697 [INFO] [DETAIL] 7472 鳥羽洋行: income_stmt=OK, balance_sheet=OK, cashflow=OK, dividends=OK
2026-07-05 05:06:11,697 [INFO] [TIME] 7472 鳥羽洋行 処理時間: 1.07s
2026-07-05 05:06:13,774 [DEBUG] [TIME] 7475 info: 0.16s
2026-07-05 05:06:13,774 [DEBUG] yfinance OK: 7475
2026-07-05 05:06:13,975 [DEBUG] [TIME] 7475 income_stmt: 0.20s
2026-07-05 05:06:14,237 [DEBUG] [TIME] 7475 balance_sheet: 0.26s
2026-07-05 05:06:14,432 [DEBUG] [TIME] 7475 cashflow: 0.19s
2026-07-05 05:06:14,649 [DEBUG] [TIME] 7475 dividends: 0.22s
2026-07-05 05:06:14,650 [INFO] [DETAIL] 7475 アルビス: income_stmt=OK, balance_sheet=OK, cashflow=OK, dividends=OK
2026-07-05 05:06:14,650 [INFO] [TIME] 7475 アルビス 処理時間: 1.04s
2026-07-05 05:06:16,342 [DEBUG] [TIME] 7476 info: 0.19s
2026-07-05 05:06:16,342 [DEBUG] yfinance OK: 7476
2026-07-05 05:06:16,565 [DEBUG] [TIME] 7476 income_stmt: 0.22s
2026-07-05 05:06:16,805 [DEBUG] [TIME] 7476 balance_sheet: 0.24s
2026-07-05 05:06:17,002 [DEBUG] [TIME] 7476 cashflow: 0.20s
2026-07-05 05:06:17,310 [DEBUG] [TIME] 7476 dividends: 0.31s
2026-07-05 05:06:17,311 [INFO] [DETAIL] 7476 アズワン: income_stmt=OK, balance_sheet=OK, cashflow=OK, dividends=OK
2026-07-05 05:06:17,311 [INFO] [TIME] 7476 アズワン 処理時間: 1.16s
2026-07-05 05:06:18,965 [DEBUG] [TIME] 7477 info: 0.19s
2026-07-05 05:06:18,965 [DEBUG] yfinance OK: 7477
2026-07-05 05:06:19,154 [DEBUG] [TIME] 7477 income_stmt: 0.19s
2026-07-05 05:06:19,402 [DEBUG] [TIME] 7477 balance_sheet: 0.25s
2026-07-05 05:06:19,627 [DEBUG] [TIME] 7477 cashflow: 0.22s
2026-07-05 05:06:19,913 [DEBUG] [TIME] 7477 dividends: 0.29s
2026-07-05 05:06:19,914 [INFO] [DETAIL] 7477 ムラキ: income_stmt=OK, balance_sheet=OK, cashflow=OK, dividends=OK
2026-07-05 05:06:19,914 [INFO] [TIME] 7477 ムラキ 処理時間: 1.14s
2026-07-05 05:06:21,116 [DEBUG] [TIME] 7480 info: 0.15s
2026-07-05 05:06:21,116 [DEBUG] yfinance OK: 7480
2026-07-05 05:06:21,317 [DEBUG] [TIME] 7480 income_stmt: 0.20s
2026-07-05 05:06:21,569 [DEBUG] [TIME] 7480 balance_sheet: 0.25s
2026-07-05 05:06:21,797 [DEBUG] [TIME] 7480 cashflow: 0.23s
2026-07-05 05:06:22,030 [DEBUG] [TIME] 7480 dividends: 0.23s
2026-07-05 05:06:22,031 [INFO] [DETAIL] 7480 スズデン: income_stmt=OK, balance_sheet=OK, cashflow=OK, dividends=OK
2026-07-05 05:06:22,031 [INFO] [TIME] 7480 スズデン 処理時間: 1.06s
2026-07-05 05:06:23,211 [DEBUG] [TIME] 7481 info: 0.16s
2026-07-05 05:06:23,211 [DEBUG] yfinance OK: 7481
2026-07-05 05:06:23,394 [DEBUG] [TIME] 7481 income_stmt: 0.18s
2026-07-05 05:06:23,703 [DEBUG] [TIME] 7481 balance_sheet: 0.31s
2026-07-05 05:06:23,919 [DEBUG] [TIME] 7481 cashflow: 0.22s
2026-07-05 05:06:24,224 [DEBUG] [TIME] 7481 dividends: 0.30s
2026-07-05 05:06:24,225 [INFO] [DETAIL] 7481 尾家産業: income_stmt=OK, balance_sheet=OK, cashflow=OK, dividends=OK
2026-07-05 05:06:24,225 [INFO] [TIME] 7481 尾家産業 処理時間: 1.17s
2026-07-05 05:06:25,822 [DEBUG] [TIME] 7482 info: 0.26s
2026-07-05 05:06:25,822 [DEBUG] yfinance OK: 7482
2026-07-05 05:06:25,991 [DEBUG] [TIME] 7482 income_stmt: 0.17s
2026-07-05 05:06:26,252 [DEBUG] [TIME] 7482 balance_sheet: 0.26s
2026-07-05 05:06:26,451 [DEBUG] [TIME] 7482 cashflow: 0.20s
2026-07-05 05:06:26,732 [DEBUG] [TIME] 7482 dividends: 0.28s
2026-07-05 05:06:26,733 [INFO] [DETAIL] 7482 シモジマ: income_stmt=OK, balance_sheet=OK, cashflow=OK, dividends=OK
2026-07-05 05:06:26,733 [INFO] [TIME] 7482 シモジマ 処理時間: 1.18s
2026-07-05 05:06:28,408 [DEBUG] [TIME] 7483 info: 0.15s
2026-07-05 05:06:28,408 [DEBUG] yfinance OK: 7483
2026-07-05 05:06:28,615 [DEBUG] [TIME] 7483 income_stmt: 0.21s
2026-07-05 05:06:28,857 [DEBUG] [TIME] 7483 balance_sheet: 0.24s
2026-07-05 05:06:29,057 [DEBUG] [TIME] 7483 cashflow: 0.20s
2026-07-05 05:06:29,336 [DEBUG] [TIME] 7483 dividends: 0.28s
2026-07-05 05:06:29,337 [INFO] [DETAIL] 7483 ドウシシャ: income_stmt=OK, balance_sheet=OK, cashflow=OK, dividends=OK
2026-07-05 05:06:29,337 [INFO] [TIME] 7483 ドウシシャ 処理時間: 1.08s
2026-07-05 05:06:30,779 [DEBUG] [TIME] 7486 info: 0.16s
2026-07-05 05:06:30,779 [DEBUG] yfinance OK: 7486
2026-07-05 05:06:30,948 [DEBUG] [TIME] 7486 income_stmt: 0.17s
2026-07-05 05:06:31,178 [DEBUG] [TIME] 7486 balance_sheet: 0.23s
2026-07-05 05:06:31,355 [DEBUG] [TIME] 7486 cashflow: 0.18s
2026-07-05 05:06:31,713 [DEBUG] [TIME] 7486 dividends: 0.36s
2026-07-05 05:06:31,714 [INFO] [DETAIL] 7486 サンリン: income_stmt=OK, balance_sheet=OK, cashflow=OK, dividends=OK
2026-07-05 05:06:31,714 [INFO] [TIME] 7486 サンリン 処理時間: 1.10s
2026-07-05 05:06:33,600 [DEBUG] [TIME] 7487 info: 0.15s
2026-07-05 05:06:33,601 [DEBUG] yfinance OK: 7487
2026-07-05 05:06:33,784 [DEBUG] [TIME] 7487 income_stmt: 0.18s
2026-07-05 05:06:33,997 [DEBUG] [TIME] 7487 balance_sheet: 0.21s
2026-07-05 05:06:34,169 [DEBUG] [TIME] 7487 cashflow: 0.17s
2026-07-05 05:06:34,493 [DEBUG] [TIME] 7487 dividends: 0.32s
2026-07-05 05:06:34,494 [INFO] [DETAIL] 7487 小津産業: income_stmt=OK, balance_sheet=OK, cashflow=OK, dividends=OK
2026-07-05 05:06:34,494 [INFO] [TIME] 7487 小津産業 処理時間: 1.05s
2026-07-05 05:06:35,738 [DEBUG] [TIME] 7490 info: 0.18s
2026-07-05 05:06:35,738 [DEBUG] yfinance OK: 7490
2026-07-05 05:06:35,896 [DEBUG] [TIME] 7490 income_stmt: 0.16s
2026-07-05 05:06:36,117 [DEBUG] [TIME] 7490 balance_sheet: 0.22s
2026-07-05 05:06:36,321 [DEBUG] [TIME] 7490 cashflow: 0.20s
2026-07-05 05:06:36,607 [DEBUG] [TIME] 7490 dividends: 0.29s
2026-07-05 05:06:36,608 [INFO] [DETAIL] 7490 日新商事: income_stmt=OK, balance_sheet=OK, cashflow=OK, dividends=OK
2026-07-05 05:06:36,608 [INFO] [TIME] 7490 日新商事 処理時間: 1.05s
2026-07-05 05:06:38,197 [DEBUG] [TIME] 7494 info: 0.22s
2026-07-05 05:06:38,197 [DEBUG] yfinance OK: 7494
2026-07-05 05:06:38,406 [DEBUG] [TIME] 7494 income_stmt: 0.21s
2026-07-05 05:06:38,649 [DEBUG] [TIME] 7494 balance_sheet: 0.24s
2026-07-05 05:06:38,945 [DEBUG] [TIME] 7494 cashflow: 0.29s
2026-07-05 05:06:39,277 [DEBUG] [TIME] 7494 dividends: 0.33s
2026-07-05 05:06:39,278 [INFO] [DETAIL] 7494 コナカ: income_stmt=OK, balance_sheet=OK, cashflow=OK, dividends=OK
2026-07-05 05:06:39,278 [INFO] [TIME] 7494 コナカ 処理時間: 1.30s
2026-07-05 05:06:40,953 [DEBUG] [TIME] 7500 info: 0.15s
2026-07-05 05:06:40,953 [DEBUG] yfinance OK: 7500
2026-07-05 05:06:41,117 [DEBUG] [TIME] 7500 income_stmt: 0.16s
2026-07-05 05:06:41,335 [DEBUG] [TIME] 7500 balance_sheet: 0.22s
2026-07-05 05:06:41,501 [DEBUG] [TIME] 7500 cashflow: 0.17s
2026-07-05 05:06:41,751 [DEBUG] [TIME] 7500 dividends: 0.25s
2026-07-05 05:06:41,752 [INFO] [DETAIL] 7500 西川計測: income_stmt=OK, balance_sheet=OK, cashflow=OK, dividends=OK
2026-07-05 05:06:41,752 [INFO] [TIME] 7500 西川計測 処理時間: 0.95s
2026-07-05 05:06:43,110 [DEBUG] [TIME] 7501 info: 0.16s
2026-07-05 05:06:43,110 [DEBUG] yfinance OK: 7501
2026-07-05 05:06:43,299 [DEBUG] [TIME] 7501 income_stmt: 0.19s
2026-07-05 05:06:43,598 [DEBUG] [TIME] 7501 balance_sheet: 0.30s
2026-07-05 05:06:43,830 [DEBUG] [TIME] 7501 cashflow: 0.23s
2026-07-05 05:06:44,122 [DEBUG] [TIME] 7501 dividends: 0.29s
2026-07-05 05:06:44,123 [INFO] [DETAIL] 7501 ティムコ: income_stmt=OK, balance_sheet=OK, cashflow=OK, dividends=OK
2026-07-05 05:06:44,123 [INFO] [TIME] 7501 ティムコ 処理時間: 1.17s
2026-07-05 05:06:46,246 [DEBUG] [TIME] 7502 info: 0.15s
2026-07-05 05:06:46,246 [DEBUG] yfinance OK: 7502
2026-07-05 05:06:46,490 [DEBUG] [TIME] 7502 income_stmt: 0.24s
2026-07-05 05:06:46,731 [DEBUG] [TIME] 7502 balance_sheet: 0.24s
2026-07-05 05:06:46,954 [DEBUG] [TIME] 7502 cashflow: 0.22s
2026-07-05 05:06:47,271 [DEBUG] [TIME] 7502 dividends: 0.32s
2026-07-05 05:06:47,272 [INFO] [DETAIL] 7502 プラザホールディングス: income_stmt=OK, balance_sheet=OK, cashflow=OK, dividends=OK
2026-07-05 05:06:47,272 [INFO] [TIME] 7502 プラザホールディングス 処理時間: 1.18s
2026-07-05 05:06:48,519 [DEBUG] [TIME] 7504 info: 0.17s
2026-07-05 05:06:48,519 [DEBUG] yfinance OK: 7504
2026-07-05 05:06:48,722 [DEBUG] [TIME] 7504 income_stmt: 0.20s
2026-07-05 05:06:48,960 [DEBUG] [TIME] 7504 balance_sheet: 0.24s
2026-07-05 05:06:49,205 [DEBUG] [TIME] 7504 cashflow: 0.24s
2026-07-05 05:06:49,474 [DEBUG] [TIME] 7504 dividends: 0.27s
2026-07-05 05:06:49,475 [INFO] [DETAIL] 7504 高速: income_stmt=OK, balance_sheet=OK, cashflow=OK, dividends=OK
2026-07-05 05:06:49,475 [INFO] [TIME] 7504 高速 処理時間: 1.13s
2026-07-05 05:06:51,237 [DEBUG] [TIME] 7505 info: 0.20s
2026-07-05 05:06:51,237 [DEBUG] yfinance OK: 7505
2026-07-05 05:06:51,435 [DEBUG] [TIME] 7505 income_stmt: 0.20s
2026-07-05 05:06:51,662 [DEBUG] [TIME] 7505 balance_sheet: 0.23s
2026-07-05 05:06:51,836 [DEBUG] [TIME] 7505 cashflow: 0.17s
2026-07-05 05:06:52,138 [DEBUG] [TIME] 7505 dividends: 0.30s
2026-07-05 05:06:52,139 [INFO] [DETAIL] 7505 扶桑電通: income_stmt=OK, balance_sheet=OK, cashflow=OK, dividends=OK
2026-07-05 05:06:52,139 [INFO] [TIME] 7505 扶桑電通 処理時間: 1.10s
2026-07-05 05:06:53,783 [DEBUG] [TIME] 7506 info: 0.16s
2026-07-05 05:06:53,783 [DEBUG] yfinance OK: 7506
2026-07-05 05:06:53,988 [DEBUG] [TIME] 7506 income_stmt: 0.21s
2026-07-05 05:06:54,246 [DEBUG] [TIME] 7506 balance_sheet: 0.26s
2026-07-05 05:06:54,450 [DEBUG] [TIME] 7506 cashflow: 0.20s
2026-07-05 05:06:54,678 [DEBUG] [TIME] 7506 dividends: 0.23s
2026-07-05 05:06:54,679 [INFO] [DETAIL] 7506 ハウス　オブ　ローゼ: income_stmt=OK, balance_sheet=OK, cashflow=OK, dividends=OK
2026-07-05 05:06:54,679 [INFO] [TIME] 7506 ハウス　オブ　ローゼ 処理時間: 1.06s
2026-07-05 05:06:56,374 [DEBUG] [TIME] 7508 info: 0.15s
2026-07-05 05:06:56,374 [DEBUG] yfinance OK: 7508
2026-07-05 05:06:56,577 [DEBUG] [TIME] 7508 income_stmt: 0.20s
2026-07-05 05:06:56,827 [DEBUG] [TIME] 7508 balance_sheet: 0.25s
2026-07-05 05:06:57,032 [DEBUG] [TIME] 7508 cashflow: 0.20s
2026-07-05 05:06:57,295 [DEBUG] [TIME] 7508 dividends: 0.26s
2026-07-05 05:06:57,296 [INFO] [DETAIL] 7508 Ｇ‐７ホールディングス: income_stmt=OK, balance_sheet=OK, cashflow=OK, dividends=OK
2026-07-05 05:06:57,296 [INFO] [TIME] 7508 Ｇ‐７ホールディングス 処理時間: 1.08s
2026-07-05 05:06:58,879 [DEBUG] [TIME] 7509 info: 0.15s
2026-07-05 05:06:58,879 [DEBUG] yfinance OK: 7509
2026-07-05 05:06:59,069 [DEBUG] [TIME] 7509 income_stmt: 0.19s
2026-07-05 05:06:59,300 [DEBUG] [TIME] 7509 balance_sheet: 0.23s
2026-07-05 05:06:59,526 [DEBUG] [TIME] 7509 cashflow: 0.23s
2026-07-05 05:06:59,829 [DEBUG] [TIME] 7509 dividends: 0.30s
2026-07-05 05:06:59,830 [INFO] [DETAIL] 7509 アイエーグループ: income_stmt=OK, balance_sheet=OK, cashflow=OK, dividends=OK
2026-07-05 05:06:59,830 [INFO] [TIME] 7509 アイエーグループ 処理時間: 1.10s
2026-07-05 05:07:01,074 [DEBUG] [TIME] 7510 info: 0.16s
2026-07-05 05:07:01,074 [DEBUG] yfinance OK: 7510
2026-07-05 05:07:01,262 [DEBUG] [TIME] 7510 income_stmt: 0.19s
2026-07-05 05:07:01,495 [DEBUG] [TIME] 7510 balance_sheet: 0.23s
2026-07-05 05:07:01,715 [DEBUG] [TIME] 7510 cashflow: 0.22s
2026-07-05 05:07:01,999 [DEBUG] [TIME] 7510 dividends: 0.28s
2026-07-05 05:07:02,000 [INFO] [DETAIL] 7510 たけびし: income_stmt=OK, balance_sheet=OK, cashflow=OK, dividends=OK
2026-07-05 05:07:02,000 [INFO] [TIME] 7510 たけびし 処理時間: 1.08s
2026-07-05 05:07:03,779 [DEBUG] [TIME] 7512 info: 0.15s
2026-07-05 05:07:03,779 [DEBUG] yfinance OK: 7512
2026-07-05 05:07:03,967 [DEBUG] [TIME] 7512 income_stmt: 0.19s
2026-07-05 05:07:04,218 [DEBUG] [TIME] 7512 balance_sheet: 0.25s
2026-07-05 05:07:04,433 [DEBUG] [TIME] 7512 cashflow: 0.21s
2026-07-05 05:07:04,713 [DEBUG] [TIME] 7512 dividends: 0.28s
2026-07-05 05:07:04,714 [INFO] [DETAIL] 7512 イオン北海道: income_stmt=OK, balance_sheet=OK, cashflow=OK, dividends=OK
2026-07-05 05:07:04,715 [INFO] [TIME] 7512 イオン北海道 処理時間: 1.09s
2026-07-05 05:07:06,283 [DEBUG] [TIME] 7513 info: 0.24s
2026-07-05 05:07:06,283 [DEBUG] yfinance OK: 7513
2026-07-05 05:07:06,455 [DEBUG] [TIME] 7513 income_stmt: 0.17s
2026-07-05 05:07:06,671 [DEBUG] [TIME] 7513 balance_sheet: 0.22s
2026-07-05 05:07:06,865 [DEBUG] [TIME] 7513 cashflow: 0.19s
2026-07-05 05:07:07,117 [DEBUG] [TIME] 7513 dividends: 0.25s
2026-07-05 05:07:07,118 [INFO] [DETAIL] 7513 コジマ: income_stmt=OK, balance_sheet=OK, cashflow=OK, dividends=OK
2026-07-05 05:07:07,118 [INFO] [TIME] 7513 コジマ 処理時間: 1.07s
2026-07-05 05:07:08,460 [DEBUG] [TIME] 7514 info: 0.17s
2026-07-05 05:07:08,460 [DEBUG] yfinance OK: 7514
2026-07-05 05:07:08,635 [DEBUG] [TIME] 7514 income_stmt: 0.17s
2026-07-05 05:07:08,919 [DEBUG] [TIME] 7514 balance_sheet: 0.28s
2026-07-05 05:07:09,107 [DEBUG] [TIME] 7514 cashflow: 0.19s
2026-07-05 05:07:09,395 [DEBUG] [TIME] 7514 dividends: 0.29s
2026-07-05 05:07:09,396 [INFO] [DETAIL] 7514 ヒマラヤ: income_stmt=OK, balance_sheet=OK, cashflow=OK, dividends=OK
2026-07-05 05:07:09,396 [INFO] [TIME] 7514 ヒマラヤ 処理時間: 1.10s
2026-07-05 05:07:11,429 [DEBUG] [TIME] 7515 info: 0.15s
2026-07-05 05:07:11,429 [DEBUG] yfinance OK: 7515
2026-07-05 05:07:11,612 [DEBUG] [TIME] 7515 income_stmt: 0.18s
2026-07-05 05:07:11,821 [DEBUG] [TIME] 7515 balance_sheet: 0.21s
2026-07-05 05:07:12,044 [DEBUG] [TIME] 7515 cashflow: 0.22s
2026-07-05 05:07:12,306 [DEBUG] [TIME] 7515 dividends: 0.26s
2026-07-05 05:07:12,307 [INFO] [DETAIL] 7515 マルヨシセンター: income_stmt=OK, balance_sheet=OK, cashflow=OK, dividends=OK
2026-07-05 05:07:12,307 [INFO] [TIME] 7515 マルヨシセンター 処理時間: 1.03s
2026-07-05 05:07:14,456 [DEBUG] [TIME] 7516 info: 0.19s
2026-07-05 05:07:14,456 [DEBUG] yfinance OK: 7516
2026-07-05 05:07:14,634 [DEBUG] [TIME] 7516 income_stmt: 0.18s
2026-07-05 05:07:14,909 [DEBUG] [TIME] 7516 balance_sheet: 0.27s
2026-07-05 05:07:15,161 [DEBUG] [TIME] 7516 cashflow: 0.25s
2026-07-05 05:07:15,491 [DEBUG] [TIME] 7516 dividends: 0.33s
2026-07-05 05:07:15,492 [INFO] [DETAIL] 7516 コーナン商事: income_stmt=OK, balance_sheet=OK, cashflow=OK, dividends=OK
2026-07-05 05:07:15,492 [INFO] [TIME] 7516 コーナン商事 処理時間: 1.22s
2026-07-05 05:07:16,742 [DEBUG] [TIME] 7520 info: 0.16s
2026-07-05 05:07:16,742 [DEBUG] yfinance OK: 7520
2026-07-05 05:07:16,947 [DEBUG] [TIME] 7520 income_stmt: 0.21s
2026-07-05 05:07:19,742 [DEBUG] [TIME] 7520 balance_sheet: 2.79s
2026-07-05 05:07:19,962 [DEBUG] [TIME] 7520 cashflow: 0.22s
2026-07-05 05:07:20,245 [DEBUG] [TIME] 7520 dividends: 0.28s
2026-07-05 05:07:20,246 [INFO] [DETAIL] 7520 エコス: income_stmt=OK, balance_sheet=OK, cashflow=OK, dividends=OK
2026-07-05 05:07:20,246 [INFO] [TIME] 7520 エコス 処理時間: 3.66s
2026-07-05 05:07:22,324 [DEBUG] [TIME] 7521 info: 0.20s
2026-07-05 05:07:22,324 [DEBUG] yfinance OK: 7521
2026-07-05 05:07:22,533 [DEBUG] [TIME] 7521 income_stmt: 0.21s
2026-07-05 05:07:22,777 [DEBUG] [TIME] 7521 balance_sheet: 0.24s
2026-07-05 05:07:22,989 [DEBUG] [TIME] 7521 cashflow: 0.21s
2026-07-05 05:07:23,259 [DEBUG] [TIME] 7521 dividends: 0.27s
2026-07-05 05:07:23,260 [INFO] [DETAIL] 7521 ムサシ: income_stmt=OK, balance_sheet=OK, cashflow=OK, dividends=OK
2026-07-05 05:07:23,260 [INFO] [TIME] 7521 ムサシ 処理時間: 1.14s
2026-07-05 05:07:24,781 [DEBUG] [TIME] 7522 info: 0.18s
2026-07-05 05:07:24,781 [DEBUG] yfinance OK: 7522
2026-07-05 05:07:24,969 [DEBUG] [TIME] 7522 income_stmt: 0.19s
2026-07-05 05:07:25,231 [DEBUG] [TIME] 7522 balance_sheet: 0.26s
2026-07-05 05:07:25,447 [DEBUG] [TIME] 7522 cashflow: 0.21s
2026-07-05 05:07:25,748 [DEBUG] [TIME] 7522 dividends: 0.30s
2026-07-05 05:07:25,749 [INFO] [DETAIL] 7522 ワタミ: income_stmt=OK, balance_sheet=OK, cashflow=OK, dividends=OK
2026-07-05 05:07:25,749 [INFO] [TIME] 7522 ワタミ 処理時間: 1.15s
2026-07-05 05:07:27,614 [DEBUG] [TIME] 7523 info: 0.21s
2026-07-05 05:07:27,615 [DEBUG] yfinance OK: 7523
2026-07-05 05:07:27,795 [DEBUG] [TIME] 7523 income_stmt: 0.18s
2026-07-05 05:07:28,018 [DEBUG] [TIME] 7523 balance_sheet: 0.22s
2026-07-05 05:07:28,209 [DEBUG] [TIME] 7523 cashflow: 0.19s
2026-07-05 05:07:28,493 [DEBUG] [TIME] 7523 dividends: 0.28s
2026-07-05 05:07:28,494 [INFO] [DETAIL] 7523 アールビバン: income_stmt=OK, balance_sheet=OK, cashflow=OK, dividends=OK
2026-07-05 05:07:28,494 [INFO] [TIME] 7523 アールビバン 処理時間: 1.09s
2026-07-05 05:07:30,698 [DEBUG] [TIME] 7524 info: 0.23s
2026-07-05 05:07:30,698 [DEBUG] yfinance OK: 7524
2026-07-05 05:07:30,882 [DEBUG] [TIME] 7524 income_stmt: 0.18s
2026-07-05 05:07:31,112 [DEBUG] [TIME] 7524 balance_sheet: 0.23s
2026-07-05 05:07:31,303 [DEBUG] [TIME] 7524 cashflow: 0.19s
2026-07-05 05:07:31,584 [DEBUG] [TIME] 7524 dividends: 0.28s
2026-07-05 05:07:31,585 [INFO] [DETAIL] 7524 マルシェ: income_stmt=OK, balance_sheet=OK, cashflow=OK, dividends=OK
2026-07-05 05:07:31,585 [INFO] [TIME] 7524 マルシェ 処理時間: 1.12s
2026-07-05 05:07:33,117 [DEBUG] [TIME] 7525 info: 0.16s
2026-07-05 05:07:33,117 [DEBUG] yfinance OK: 7525
2026-07-05 05:07:33,348 [DEBUG] [TIME] 7525 income_stmt: 0.23s
2026-07-05 05:07:33,602 [DEBUG] [TIME] 7525 balance_sheet: 0.25s
2026-07-05 05:07:33,812 [DEBUG] [TIME] 7525 cashflow: 0.21s
2026-07-05 05:07:34,068 [DEBUG] [TIME] 7525 dividends: 0.26s
2026-07-05 05:07:34,069 [INFO] [DETAIL] 7525 リックス: income_stmt=OK, balance_sheet=OK, cashflow=OK, dividends=OK
2026-07-05 05:07:34,069 [INFO] [TIME] 7525 リックス 処理時間: 1.11s
2026-07-05 05:07:35,342 [DEBUG] [TIME] 7527 info: 0.16s
2026-07-05 05:07:35,342 [DEBUG] yfinance OK: 7527
2026-07-05 05:07:35,526 [DEBUG] [TIME] 7527 income_stmt: 0.18s
2026-07-05 05:07:35,785 [DEBUG] [TIME] 7527 balance_sheet: 0.26s
2026-07-05 05:07:36,006 [DEBUG] [TIME] 7527 cashflow: 0.22s
2026-07-05 05:07:36,322 [DEBUG] [TIME] 7527 dividends: 0.32s
2026-07-05 05:07:36,323 [INFO] [DETAIL] 7527 システムソフト: income_stmt=OK, balance_sheet=OK, cashflow=OK, dividends=OK
2026-07-05 05:07:36,323 [INFO] [TIME] 7527 システムソフト 処理時間: 1.14s
2026-07-05 05:07:38,265 [DEBUG] [TIME] 7531 info: 0.18s
2026-07-05 05:07:38,265 [DEBUG] yfinance OK: 7531
2026-07-05 05:07:38,466 [DEBUG] [TIME] 7531 income_stmt: 0.20s
2026-07-05 05:07:38,753 [DEBUG] [TIME] 7531 balance_sheet: 0.29s
2026-07-05 05:07:38,951 [DEBUG] [TIME] 7531 cashflow: 0.20s
2026-07-05 05:07:39,236 [DEBUG] [TIME] 7531 dividends: 0.28s
2026-07-05 05:07:39,237 [INFO] [DETAIL] 7531 清和中央ホールディングス: income_stmt=OK, balance_sheet=OK, cashflow=OK, dividends=OK
2026-07-05 05:07:39,237 [INFO] [TIME] 7531 清和中央ホールディングス 処理時間: 1.15s
2026-07-05 05:07:41,130 [DEBUG] [TIME] 7532 info: 0.15s
2026-07-05 05:07:41,130 [DEBUG] yfinance OK: 7532
2026-07-05 05:07:41,316 [DEBUG] [TIME] 7532 income_stmt: 0.19s
2026-07-05 05:07:41,570 [DEBUG] [TIME] 7532 balance_sheet: 0.25s
2026-07-05 05:07:41,768 [DEBUG] [TIME] 7532 cashflow: 0.20s
2026-07-05 05:07:42,063 [DEBUG] [TIME] 7532 dividends: 0.29s
2026-07-05 05:07:42,065 [INFO] [DETAIL] 7532 パン・パシフィック・インターナショナルホールディングス: income_stmt=OK, balance_sheet=OK, cashflow=OK, dividends=OK
2026-07-05 05:07:42,065 [INFO] [TIME] 7532 パン・パシフィック・インターナショナルホールディングス 処理時間: 1.09s
2026-07-05 05:07:43,543 [DEBUG] [TIME] 7537 info: 0.15s
2026-07-05 05:07:43,544 [DEBUG] yfinance OK: 7537
2026-07-05 05:07:43,720 [DEBUG] [TIME] 7537 income_stmt: 0.18s
2026-07-05 05:07:43,996 [DEBUG] [TIME] 7537 balance_sheet: 0.28s
2026-07-05 05:07:44,211 [DEBUG] [TIME] 7537 cashflow: 0.21s
2026-07-05 05:07:44,485 [DEBUG] [TIME] 7537 dividends: 0.27s
2026-07-05 05:07:44,486 [INFO] [DETAIL] 7537 丸文: income_stmt=OK, balance_sheet=OK, cashflow=OK, dividends=OK
2026-07-05 05:07:44,486 [INFO] [TIME] 7537 丸文 処理時間: 1.10s
2026-07-05 05:07:46,121 [DEBUG] [TIME] 7538 info: 0.15s
2026-07-05 05:07:46,121 [DEBUG] yfinance OK: 7538
2026-07-05 05:07:46,295 [DEBUG] [TIME] 7538 income_stmt: 0.17s
2026-07-05 05:07:46,503 [DEBUG] [TIME] 7538 balance_sheet: 0.21s
2026-07-05 05:07:46,706 [DEBUG] [TIME] 7538 cashflow: 0.20s
2026-07-05 05:07:47,040 [DEBUG] [TIME] 7538 dividends: 0.33s
2026-07-05 05:07:47,041 [INFO] [DETAIL] 7538 大水: income_stmt=OK, balance_sheet=OK, cashflow=OK, dividends=OK
2026-07-05 05:07:47,041 [INFO] [TIME] 7538 大水 処理時間: 1.07s
2026-07-05 05:07:49,117 [DEBUG] [TIME] 7539 info: 0.19s
2026-07-05 05:07:49,117 [DEBUG] yfinance OK: 7539
2026-07-05 05:07:49,323 [DEBUG] [TIME] 7539 income_stmt: 0.21s
2026-07-05 05:07:49,563 [DEBUG] [TIME] 7539 balance_sheet: 0.24s
2026-07-05 05:07:49,789 [DEBUG] [TIME] 7539 cashflow: 0.22s
2026-07-05 05:07:50,111 [DEBUG] [TIME] 7539 dividends: 0.32s
2026-07-05 05:07:50,112 [INFO] [DETAIL] 7539 アイナボホールディングス: income_stmt=OK, balance_sheet=OK, cashflow=OK, dividends=OK
2026-07-05 05:07:50,112 [INFO] [TIME] 7539 アイナボホールディングス 処理時間: 1.19s
2026-07-05 05:07:51,955 [DEBUG] [TIME] 7544 info: 0.19s
2026-07-05 05:07:51,956 [DEBUG] yfinance OK: 7544
2026-07-05 05:07:52,200 [DEBUG] [TIME] 7544 income_stmt: 0.24s
2026-07-05 05:07:52,427 [DEBUG] [TIME] 7544 balance_sheet: 0.23s
2026-07-05 05:07:52,689 [DEBUG] [TIME] 7544 cashflow: 0.26s
2026-07-05 05:07:52,969 [DEBUG] [TIME] 7544 dividends: 0.28s
2026-07-05 05:07:52,970 [INFO] [DETAIL] 7544 スリーエフ: income_stmt=OK, balance_sheet=OK, cashflow=OK, dividends=OK
2026-07-05 05:07:52,970 [INFO] [TIME] 7544 スリーエフ 処理時間: 1.21s
2026-07-05 05:07:54,301 [DEBUG] [TIME] 7545 info: 0.16s
2026-07-05 05:07:54,301 [DEBUG] yfinance OK: 7545
2026-07-05 05:07:57,428 [DEBUG] [TIME] 7545 income_stmt: 3.13s
2026-07-05 05:07:57,664 [DEBUG] [TIME] 7545 balance_sheet: 0.24s
2026-07-05 05:07:57,849 [DEBUG] [TIME] 7545 cashflow: 0.18s
2026-07-05 05:07:58,210 [DEBUG] [TIME] 7545 dividends: 0.36s
2026-07-05 05:07:58,211 [INFO] [DETAIL] 7545 西松屋チェーン: income_stmt=OK, balance_sheet=OK, cashflow=OK, dividends=OK
2026-07-05 05:07:58,211 [INFO] [TIME] 7545 西松屋チェーン 処理時間: 4.07s
2026-07-05 05:08:00,050 [DEBUG] [TIME] 7550 info: 0.23s
2026-07-05 05:08:00,050 [DEBUG] yfinance OK: 7550
2026-07-05 05:08:00,226 [DEBUG] [TIME] 7550 income_stmt: 0.18s
2026-07-05 05:08:00,475 [DEBUG] [TIME] 7550 balance_sheet: 0.25s
2026-07-05 05:08:00,691 [DEBUG] [TIME] 7550 cashflow: 0.22s
2026-07-05 05:08:00,974 [DEBUG] [TIME] 7550 dividends: 0.28s
2026-07-05 05:08:00,975 [INFO] [DETAIL] 7550 ゼンショーホールディングス: income_stmt=OK, balance_sheet=OK, cashflow=OK, dividends=OK
2026-07-05 05:08:00,975 [INFO] [TIME] 7550 ゼンショーホールディングス 処理時間: 1.15s
2026-07-05 05:08:02,982 [DEBUG] [TIME] 75505 info: 0.15s
2026-07-05 05:08:02,982 [DEBUG] yfinance OK: 75505
2026-07-05 05:08:03,125 [DEBUG] [TIME] 75505 income_stmt: 0.14s
2026-07-05 05:08:03,289 [DEBUG] [TIME] 75505 balance_sheet: 0.16s
2026-07-05 05:08:03,437 [DEBUG] [TIME] 75505 cashflow: 0.15s
2026-07-05 05:08:03,516 [DEBUG] [TIME] 75505 dividends: 0.08s
2026-07-05 05:08:03,516 [INFO] [DETAIL] 75505 ゼンショーホールディングス第１回社債型種類株式: income_stmt=EMPTY, balance_sheet=EMPTY, cashflow=EMPTY, dividends=EMPTY
2026-07-05 05:08:03,516 [INFO] [TIME] 75505 ゼンショーホールディングス第１回社債型種類株式 処理時間: 0.69s
2026-07-05 05:08:05,142 [DEBUG] [TIME] 7551 info: 0.28s
2026-07-05 05:08:05,142 [DEBUG] yfinance OK: 7551
2026-07-05 05:08:05,337 [DEBUG] [TIME] 7551 income_stmt: 0.19s
2026-07-05 05:08:05,620 [DEBUG] [TIME] 7551 balance_sheet: 0.28s
2026-07-05 05:08:05,853 [DEBUG] [TIME] 7551 cashflow: 0.23s
2026-07-05 05:08:06,160 [DEBUG] [TIME] 7551 dividends: 0.31s
2026-07-05 05:08:06,161 [INFO] [DETAIL] 7551 ウェッズ: income_stmt=OK, balance_sheet=OK, cashflow=OK, dividends=OK
2026-07-05 05:08:06,162 [INFO] [TIME] 7551 ウェッズ 処理時間: 1.30s
2026-07-05 05:08:08,000 [DEBUG] [TIME] 7552 info: 0.16s
2026-07-05 05:08:08,000 [DEBUG] yfinance OK: 7552
2026-07-05 05:08:08,177 [DEBUG] [TIME] 7552 income_stmt: 0.18s
2026-07-05 05:08:08,411 [DEBUG] [TIME] 7552 balance_sheet: 0.23s
2026-07-05 05:08:08,610 [DEBUG] [TIME] 7552 cashflow: 0.20s
2026-07-05 05:08:08,884 [DEBUG] [TIME] 7552 dividends: 0.27s
2026-07-05 05:08:08,885 [INFO] [DETAIL] 7552 ハピネット: income_stmt=OK, balance_sheet=OK, cashflow=OK, dividends=OK
2026-07-05 05:08:08,886 [INFO] [TIME] 7552 ハピネット 処理時間: 1.04s
2026-07-05 05:08:10,467 [DEBUG] [TIME] 7554 info: 0.22s
2026-07-05 05:08:10,467 [DEBUG] yfinance OK: 7554
2026-07-05 05:08:10,675 [DEBUG] [TIME] 7554 income_stmt: 0.21s
2026-07-05 05:08:10,916 [DEBUG] [TIME] 7554 balance_sheet: 0.24s
2026-07-05 05:08:11,121 [DEBUG] [TIME] 7554 cashflow: 0.20s
2026-07-05 05:08:11,418 [DEBUG] [TIME] 7554 dividends: 0.30s
2026-07-05 05:08:11,419 [INFO] [DETAIL] 7554 幸楽苑: income_stmt=OK, balance_sheet=OK, cashflow=OK, dividends=OK
2026-07-05 05:08:11,419 [INFO] [TIME] 7554 幸楽苑 処理時間: 1.17s
2026-07-05 05:08:13,449 [DEBUG] [TIME] 7555 info: 0.19s
2026-07-05 05:08:13,449 [DEBUG] yfinance OK: 7555
2026-07-05 05:08:13,654 [DEBUG] [TIME] 7555 income_stmt: 0.21s
2026-07-05 05:08:13,873 [DEBUG] [TIME] 7555 balance_sheet: 0.22s
2026-07-05 05:08:14,084 [DEBUG] [TIME] 7555 cashflow: 0.21s
2026-07-05 05:08:14,371 [DEBUG] [TIME] 7555 dividends: 0.29s
2026-07-05 05:08:14,372 [INFO] [DETAIL] 7555 大田花き: income_stmt=OK, balance_sheet=OK, cashflow=OK, dividends=OK
2026-07-05 05:08:14,372 [INFO] [TIME] 7555 大田花き 処理時間: 1.12s
2026-07-05 05:08:15,784 [DEBUG] [TIME] 7561 info: 0.23s
2026-07-05 05:08:15,784 [DEBUG] yfinance OK: 7561
2026-07-05 05:08:15,990 [DEBUG] [TIME] 7561 income_stmt: 0.21s
2026-07-05 05:08:16,215 [DEBUG] [TIME] 7561 balance_sheet: 0.22s
2026-07-05 05:08:16,430 [DEBUG] [TIME] 7561 cashflow: 0.21s
2026-07-05 05:08:16,718 [DEBUG] [TIME] 7561 dividends: 0.29s
2026-07-05 05:08:16,719 [INFO] [DETAIL] 7561 ハークスレイ: income_stmt=OK, balance_sheet=OK, cashflow=OK, dividends=OK
2026-07-05 05:08:16,719 [INFO] [TIME] 7561 ハークスレイ 処理時間: 1.17s
2026-07-05 05:08:18,449 [DEBUG] [TIME] 7562 info: 0.16s
2026-07-05 05:08:18,449 [DEBUG] yfinance OK: 7562
2026-07-05 05:08:18,631 [DEBUG] [TIME] 7562 income_stmt: 0.18s
2026-07-05 05:08:18,847 [DEBUG] [TIME] 7562 balance_sheet: 0.22s
2026-07-05 05:08:19,063 [DEBUG] [TIME] 7562 cashflow: 0.21s
2026-07-05 05:08:19,279 [DEBUG] [TIME] 7562 dividends: 0.22s
2026-07-05 05:08:19,280 [INFO] [DETAIL] 7562 安楽亭: income_stmt=OK, balance_sheet=OK, cashflow=OK, dividends=OK
2026-07-05 05:08:19,280 [INFO] [TIME] 7562 安楽亭 処理時間: 0.99s
2026-07-05 05:08:21,329 [DEBUG] [TIME] 7564 info: 0.16s
2026-07-05 05:08:21,329 [DEBUG] yfinance OK: 7564
2026-07-05 05:08:21,511 [DEBUG] [TIME] 7564 income_stmt: 0.18s
2026-07-05 05:08:21,754 [DEBUG] [TIME] 7564 balance_sheet: 0.24s
2026-07-05 05:08:21,959 [DEBUG] [TIME] 7564 cashflow: 0.20s
2026-07-05 05:08:22,252 [DEBUG] [TIME] 7564 dividends: 0.29s
2026-07-05 05:08:22,253 [INFO] [DETAIL] 7564 ワークマン: income_stmt=OK, balance_sheet=OK, cashflow=OK, dividends=OK
2026-07-05 05:08:22,253 [INFO] [TIME] 7564 ワークマン 処理時間: 1.08s
2026-07-05 05:08:23,969 [DEBUG] [TIME] 7565 info: 0.16s
2026-07-05 05:08:23,970 [DEBUG] yfinance OK: 7565
2026-07-05 05:08:24,163 [DEBUG] [TIME] 7565 income_stmt: 0.19s
2026-07-05 05:08:24,360 [DEBUG] [TIME] 7565 balance_sheet: 0.20s
2026-07-05 05:08:24,569 [DEBUG] [TIME] 7565 cashflow: 0.21s
2026-07-05 05:08:24,839 [DEBUG] [TIME] 7565 dividends: 0.27s
2026-07-05 05:08:24,840 [INFO] [DETAIL] 7565 萬世電機: income_stmt=OK, balance_sheet=OK, cashflow=OK, dividends=OK
2026-07-05 05:08:24,840 [INFO] [TIME] 7565 萬世電機 処理時間: 1.03s
2026-07-05 05:08:26,041 [DEBUG] [TIME] 7567 info: 0.16s
2026-07-05 05:08:26,041 [DEBUG] yfinance OK: 7567
2026-07-05 05:08:26,287 [DEBUG] [TIME] 7567 income_stmt: 0.25s
2026-07-05 05:08:26,531 [DEBUG] [TIME] 7567 balance_sheet: 0.24s
2026-07-05 05:08:26,793 [DEBUG] [TIME] 7567 cashflow: 0.26s
2026-07-05 05:08:27,147 [DEBUG] [TIME] 7567 dividends: 0.35s
2026-07-05 05:08:27,148 [INFO] [DETAIL] 7567 栄電子: income_stmt=OK, balance_sheet=OK, cashflow=OK, dividends=OK
2026-07-05 05:08:27,148 [INFO] [TIME] 7567 栄電子 処理時間: 1.27s
2026-07-05 05:08:29,084 [DEBUG] [TIME] 7570 info: 0.15s
2026-07-05 05:08:29,085 [DEBUG] yfinance OK: 7570
2026-07-05 05:08:29,308 [DEBUG] [TIME] 7570 income_stmt: 0.22s
2026-07-05 05:08:29,552 [DEBUG] [TIME] 7570 balance_sheet: 0.24s
2026-07-05 05:08:29,759 [DEBUG] [TIME] 7570 cashflow: 0.21s
2026-07-05 05:08:30,073 [DEBUG] [TIME] 7570 dividends: 0.31s
2026-07-05 05:08:30,075 [INFO] [DETAIL] 7570 橋本総業ホールディングス: income_stmt=OK, balance_sheet=OK, cashflow=OK, dividends=OK
2026-07-05 05:08:30,075 [INFO] [TIME] 7570 橋本総業ホールディングス 処理時間: 1.14s
2026-07-05 05:08:32,131 [DEBUG] [TIME] 7571 info: 0.15s
2026-07-05 05:08:32,132 [DEBUG] yfinance OK: 7571
2026-07-05 05:08:32,353 [DEBUG] [TIME] 7571 income_stmt: 0.22s
2026-07-05 05:08:32,579 [DEBUG] [TIME] 7571 balance_sheet: 0.22s
2026-07-05 05:08:32,802 [DEBUG] [TIME] 7571 cashflow: 0.22s
2026-07-05 05:08:33,269 [DEBUG] [TIME] 7571 dividends: 0.47s
2026-07-05 05:08:33,269 [INFO] [DETAIL] 7571 ヤマノホールディングス: income_stmt=OK, balance_sheet=OK, cashflow=OK, dividends=OK
2026-07-05 05:08:33,270 [INFO] [TIME] 7571 ヤマノホールディングス 処理時間: 1.29s
2026-07-05 05:08:34,847 [DEBUG] [TIME] 7575 info: 0.20s
2026-07-05 05:08:34,847 [DEBUG] yfinance OK: 7575
2026-07-05 05:08:35,024 [DEBUG] [TIME] 7575 income_stmt: 0.18s
2026-07-05 05:08:35,213 [DEBUG] [TIME] 7575 balance_sheet: 0.19s
2026-07-05 05:08:35,421 [DEBUG] [TIME] 7575 cashflow: 0.21s
2026-07-05 05:08:35,758 [DEBUG] [TIME] 7575 dividends: 0.34s
2026-07-05 05:08:35,759 [INFO] [DETAIL] 7575 日本ライフライン: income_stmt=OK, balance_sheet=OK, cashflow=OK, dividends=OK
2026-07-05 05:08:35,759 [INFO] [TIME] 7575 日本ライフライン 処理時間: 1.11s
2026-07-05 05:08:37,929 [DEBUG] [TIME] 7578 info: 0.21s
2026-07-05 05:08:37,930 [DEBUG] yfinance OK: 7578
2026-07-05 05:08:38,118 [DEBUG] [TIME] 7578 income_stmt: 0.19s
2026-07-05 05:08:38,337 [DEBUG] [TIME] 7578 balance_sheet: 0.22s
2026-07-05 05:08:38,550 [DEBUG] [TIME] 7578 cashflow: 0.21s
2026-07-05 05:08:38,834 [DEBUG] [TIME] 7578 dividends: 0.28s
2026-07-05 05:08:38,835 [INFO] [DETAIL] 7578 ニチリョク: income_stmt=OK, balance_sheet=OK, cashflow=OK, dividends=OK
2026-07-05 05:08:38,835 [INFO] [TIME] 7578 ニチリョク 処理時間: 1.11s
2026-07-05 05:08:40,648 [DEBUG] [TIME] 7581 info: 0.16s
2026-07-05 05:08:40,648 [DEBUG] yfinance OK: 7581
2026-07-05 05:08:40,865 [DEBUG] [TIME] 7581 income_stmt: 0.22s
2026-07-05 05:08:41,109 [DEBUG] [TIME] 7581 balance_sheet: 0.24s
2026-07-05 05:08:41,327 [DEBUG] [TIME] 7581 cashflow: 0.22s
2026-07-05 05:08:41,614 [DEBUG] [TIME] 7581 dividends: 0.29s
2026-07-05 05:08:41,615 [INFO] [DETAIL] 7581 サイゼリヤ: income_stmt=OK, balance_sheet=OK, cashflow=OK, dividends=OK
2026-07-05 05:08:41,615 [INFO] [TIME] 7581 サイゼリヤ 処理時間: 1.13s
2026-07-05 05:08:43,014 [DEBUG] [TIME] 7585 info: 0.16s
2026-07-05 05:08:43,015 [DEBUG] yfinance OK: 7585
2026-07-05 05:08:43,227 [DEBUG] [TIME] 7585 income_stmt: 0.21s
2026-07-05 05:08:43,448 [DEBUG] [TIME] 7585 balance_sheet: 0.22s
2026-07-05 05:08:43,620 [DEBUG] [TIME] 7585 cashflow: 0.17s
2026-07-05 05:08:43,951 [DEBUG] [TIME] 7585 dividends: 0.33s
2026-07-05 05:08:43,951 [INFO] [DETAIL] 7585 かんなん丸: income_stmt=OK, balance_sheet=OK, cashflow=OK, dividends=OK
2026-07-05 05:08:43,952 [INFO] [TIME] 7585 かんなん丸 処理時間: 1.10s
2026-07-05 05:08:45,498 [DEBUG] [TIME] 7590 info: 0.18s
2026-07-05 05:08:45,498 [DEBUG] yfinance OK: 7590
2026-07-05 05:08:45,695 [DEBUG] [TIME] 7590 income_stmt: 0.20s
2026-07-05 05:08:45,922 [DEBUG] [TIME] 7590 balance_sheet: 0.23s
2026-07-05 05:08:46,152 [DEBUG] [TIME] 7590 cashflow: 0.23s
2026-07-05 05:08:46,431 [DEBUG] [TIME] 7590 dividends: 0.28s
2026-07-05 05:08:46,432 [INFO] [DETAIL] 7590 タカショー: income_stmt=OK, balance_sheet=OK, cashflow=OK, dividends=OK
2026-07-05 05:08:46,432 [INFO] [TIME] 7590 タカショー 処理時間: 1.11s
2026-07-05 05:08:48,321 [DEBUG] [TIME] 7593 info: 0.19s
2026-07-05 05:08:48,321 [DEBUG] yfinance OK: 7593
2026-07-05 05:08:48,487 [DEBUG] [TIME] 7593 income_stmt: 0.17s
2026-07-05 05:08:48,678 [DEBUG] [TIME] 7593 balance_sheet: 0.19s
2026-07-05 05:08:48,885 [DEBUG] [TIME] 7593 cashflow: 0.21s
2026-07-05 05:08:49,176 [DEBUG] [TIME] 7593 dividends: 0.29s
2026-07-05 05:08:49,177 [INFO] [DETAIL] 7593 ＶＴホールディングス: income_stmt=OK, balance_sheet=OK, cashflow=OK, dividends=OK
2026-07-05 05:08:49,177 [INFO] [TIME] 7593 ＶＴホールディングス 処理時間: 1.05s
2026-07-05 05:08:51,057 [DEBUG] [TIME] 7595 info: 0.17s
2026-07-05 05:08:51,057 [DEBUG] yfinance OK: 7595
2026-07-05 05:08:51,274 [DEBUG] [TIME] 7595 income_stmt: 0.22s
2026-07-05 05:08:51,519 [DEBUG] [TIME] 7595 balance_sheet: 0.24s
2026-07-05 05:08:51,709 [DEBUG] [TIME] 7595 cashflow: 0.19s
2026-07-05 05:08:52,001 [DEBUG] [TIME] 7595 dividends: 0.29s
2026-07-05 05:08:52,003 [INFO] [DETAIL] 7595 アルゴグラフィックス: income_stmt=OK, balance_sheet=OK, cashflow=OK, dividends=OK
2026-07-05 05:08:52,003 [INFO] [TIME] 7595 アルゴグラフィックス 処理時間: 1.12s
2026-07-05 05:08:53,697 [DEBUG] [TIME] 7596 info: 0.18s
2026-07-05 05:08:53,697 [DEBUG] yfinance OK: 7596
2026-07-05 05:08:53,859 [DEBUG] [TIME] 7596 income_stmt: 0.16s
2026-07-05 05:08:54,129 [DEBUG] [TIME] 7596 balance_sheet: 0.27s
2026-07-05 05:08:54,318 [DEBUG] [TIME] 7596 cashflow: 0.19s
2026-07-05 05:08:54,582 [DEBUG] [TIME] 7596 dividends: 0.26s
2026-07-05 05:08:54,583 [INFO] [DETAIL] 7596 魚力: income_stmt=OK, balance_sheet=OK, cashflow=OK, dividends=OK
2026-07-05 05:08:54,583 [INFO] [TIME] 7596 魚力 処理時間: 1.06s
2026-07-05 05:08:56,662 [DEBUG] [TIME] 7599 info: 0.15s
2026-07-05 05:08:56,662 [DEBUG] yfinance OK: 7599
2026-07-05 05:08:56,847 [DEBUG] [TIME] 7599 income_stmt: 0.18s
2026-07-05 05:08:57,077 [DEBUG] [TIME] 7599 balance_sheet: 0.23s
2026-07-05 05:08:57,278 [DEBUG] [TIME] 7599 cashflow: 0.20s
2026-07-05 05:08:57,581 [DEBUG] [TIME] 7599 dividends: 0.30s
2026-07-05 05:08:57,582 [INFO] [DETAIL] 7599 ＩＤＯＭ: income_stmt=OK, balance_sheet=OK, cashflow=OK, dividends=OK
2026-07-05 05:08:57,582 [INFO] [TIME] 7599 ＩＤＯＭ 処理時間: 1.07s
2026-07-05 05:08:59,260 [DEBUG] [TIME] 7600 info: 0.21s
2026-07-05 05:08:59,260 [DEBUG] yfinance OK: 7600
2026-07-05 05:08:59,460 [DEBUG] [TIME] 7600 income_stmt: 0.20s
2026-07-05 05:08:59,740 [DEBUG] [TIME] 7600 balance_sheet: 0.28s
2026-07-05 05:08:59,997 [DEBUG] [TIME] 7600 cashflow: 0.26s
2026-07-05 05:09:00,305 [DEBUG] [TIME] 7600 dividends: 0.31s
2026-07-05 05:09:00,306 [INFO] [DETAIL] 7600 日本エム・ディ・エム: income_stmt=OK, balance_sheet=OK, cashflow=OK, dividends=OK
2026-07-05 05:09:00,306 [INFO] [TIME] 7600 日本エム・ディ・エム 処理時間: 1.26s
2026-07-05 05:09:02,500 [DEBUG] [TIME] 7601 info: 0.37s
2026-07-05 05:09:02,500 [DEBUG] yfinance OK: 7601
2026-07-05 05:09:02,724 [DEBUG] [TIME] 7601 income_stmt: 0.22s
2026-07-05 05:09:02,974 [DEBUG] [TIME] 7601 balance_sheet: 0.25s
2026-07-05 05:09:03,184 [DEBUG] [TIME] 7601 cashflow: 0.21s
2026-07-05 05:09:03,432 [DEBUG] [TIME] 7601 dividends: 0.25s
2026-07-05 05:09:03,433 [INFO] [DETAIL] 7601 ポプラ: income_stmt=OK, balance_sheet=OK, cashflow=OK, dividends=OK
2026-07-05 05:09:03,433 [INFO] [TIME] 7601 ポプラ 処理時間: 1.30s
2026-07-05 05:09:05,586 [DEBUG] [TIME] 7602 info: 0.16s
2026-07-05 05:09:05,586 [DEBUG] yfinance OK: 7602
2026-07-05 05:09:05,785 [DEBUG] [TIME] 7602 income_stmt: 0.20s
2026-07-05 05:09:06,025 [DEBUG] [TIME] 7602 balance_sheet: 0.24s
2026-07-05 05:09:06,237 [DEBUG] [TIME] 7602 cashflow: 0.21s
2026-07-05 05:09:06,554 [DEBUG] [TIME] 7602 dividends: 0.32s
2026-07-05 05:09:06,555 [INFO] [DETAIL] 7602 レダックス: income_stmt=OK, balance_sheet=OK, cashflow=OK, dividends=OK
2026-07-05 05:09:06,555 [INFO] [TIME] 7602 レダックス 処理時間: 1.13s
2026-07-05 05:09:08,127 [DEBUG] [TIME] 7603 info: 0.19s
2026-07-05 05:09:08,127 [DEBUG] yfinance OK: 7603
2026-07-05 05:09:08,468 [DEBUG] [TIME] 7603 income_stmt: 0.34s
2026-07-05 05:09:08,703 [DEBUG] [TIME] 7603 balance_sheet: 0.23s
2026-07-05 05:09:08,915 [DEBUG] [TIME] 7603 cashflow: 0.21s
2026-07-05 05:09:09,175 [DEBUG] [TIME] 7603 dividends: 0.26s
2026-07-05 05:09:09,176 [INFO] [DETAIL] 7603 ジーイエット: income_stmt=OK, balance_sheet=OK, cashflow=OK, dividends=OK
2026-07-05 05:09:09,176 [INFO] [TIME] 7603 ジーイエット 処理時間: 1.24s
2026-07-05 05:09:10,655 [DEBUG] [TIME] 7604 info: 0.19s
2026-07-05 05:09:10,656 [DEBUG] yfinance OK: 7604
2026-07-05 05:09:10,839 [DEBUG] [TIME] 7604 income_stmt: 0.18s
2026-07-05 05:09:11,065 [DEBUG] [TIME] 7604 balance_sheet: 0.23s
2026-07-05 05:09:11,266 [DEBUG] [TIME] 7604 cashflow: 0.20s
2026-07-05 05:09:11,547 [DEBUG] [TIME] 7604 dividends: 0.28s
2026-07-05 05:09:11,548 [INFO] [DETAIL] 7604 梅の花グループ: income_stmt=OK, balance_sheet=OK, cashflow=OK, dividends=OK
2026-07-05 05:09:11,549 [INFO] [TIME] 7604 梅の花グループ 処理時間: 1.08s
2026-07-05 05:09:14,636 [DEBUG] [TIME] 7606 info: 1.17s
2026-07-05 05:09:14,636 [DEBUG] yfinance OK: 7606
2026-07-05 05:09:14,817 [DEBUG] [TIME] 7606 income_stmt: 0.18s
2026-07-05 05:09:15,064 [DEBUG] [TIME] 7606 balance_sheet: 0.25s
2026-07-05 05:09:15,247 [DEBUG] [TIME] 7606 cashflow: 0.18s
2026-07-05 05:09:15,503 [DEBUG] [TIME] 7606 dividends: 0.26s
2026-07-05 05:09:15,504 [INFO] [DETAIL] 7606 ユナイテッドアローズ: income_stmt=OK, balance_sheet=OK, cashflow=OK, dividends=OK
2026-07-05 05:09:15,504 [INFO] [TIME] 7606 ユナイテッドアローズ 処理時間: 2.03s
2026-07-05 05:09:17,522 [DEBUG] [TIME] 7607 info: 0.15s
2026-07-05 05:09:17,522 [DEBUG] yfinance OK: 7607
2026-07-05 05:09:17,699 [DEBUG] [TIME] 7607 income_stmt: 0.18s
2026-07-05 05:09:17,969 [DEBUG] [TIME] 7607 balance_sheet: 0.27s
2026-07-05 05:09:18,201 [DEBUG] [TIME] 7607 cashflow: 0.23s
2026-07-05 05:09:18,445 [DEBUG] [TIME] 7607 dividends: 0.24s
2026-07-05 05:09:18,446 [INFO] [DETAIL] 7607 進和: income_stmt=OK, balance_sheet=OK, cashflow=OK, dividends=OK
2026-07-05 05:09:18,446 [INFO] [TIME] 7607 進和 処理時間: 1.08s
2026-07-05 05:09:20,089 [DEBUG] [TIME] 7608 info: 0.15s
2026-07-05 05:09:20,089 [DEBUG] yfinance OK: 7608
2026-07-05 05:09:20,279 [DEBUG] [TIME] 7608 income_stmt: 0.19s
2026-07-05 05:09:21,215 [DEBUG] [TIME] 7608 balance_sheet: 0.94s
2026-07-05 05:09:21,858 [DEBUG] [TIME] 7608 cashflow: 0.64s
2026-07-05 05:09:22,791 [DEBUG] [TIME] 7608 dividends: 0.93s
2026-07-05 05:09:22,792 [INFO] [DETAIL] 7608 エスケイジャパン: income_stmt=OK, balance_sheet=OK, cashflow=OK, dividends=OK
2026-07-05 05:09:22,792 [INFO] [TIME] 7608 エスケイジャパン 処理時間: 2.86s
2026-07-05 05:09:24,572 [DEBUG] [TIME] 7609 info: 0.16s
2026-07-05 05:09:24,572 [DEBUG] yfinance OK: 7609
2026-07-05 05:09:24,776 [DEBUG] [TIME] 7609 income_stmt: 0.20s
2026-07-05 05:09:24,982 [DEBUG] [TIME] 7609 balance_sheet: 0.21s
2026-07-05 05:09:25,206 [DEBUG] [TIME] 7609 cashflow: 0.22s
2026-07-05 05:09:25,440 [DEBUG] [TIME] 7609 dividends: 0.23s
2026-07-05 05:09:25,441 [INFO] [DETAIL] 7609 ダイトロン: income_stmt=OK, balance_sheet=OK, cashflow=OK, dividends=OK
2026-07-05 05:09:25,441 [INFO] [TIME] 7609 ダイトロン 処理時間: 1.03s
2026-07-05 05:09:26,970 [DEBUG] [TIME] 7610 info: 0.19s
2026-07-05 05:09:26,970 [DEBUG] yfinance OK: 7610
2026-07-05 05:09:27,157 [DEBUG] [TIME] 7610 income_stmt: 0.19s
2026-07-05 05:09:27,405 [DEBUG] [TIME] 7610 balance_sheet: 0.25s
2026-07-05 05:09:27,606 [DEBUG] [TIME] 7610 cashflow: 0.20s
2026-07-05 05:09:27,870 [DEBUG] [TIME] 7610 dividends: 0.26s
2026-07-05 05:09:27,871 [INFO] [DETAIL] 7610 テイツー: income_stmt=OK, balance_sheet=OK, cashflow=OK, dividends=OK
2026-07-05 05:09:27,871 [INFO] [TIME] 7610 テイツー 処理時間: 1.09s
2026-07-05 05:09:29,494 [DEBUG] [TIME] 7611 info: 0.16s
2026-07-05 05:09:29,494 [DEBUG] yfinance OK: 7611
2026-07-05 05:09:29,660 [DEBUG] [TIME] 7611 income_stmt: 0.17s
2026-07-05 05:09:29,901 [DEBUG] [TIME] 7611 balance_sheet: 0.24s
2026-07-05 05:09:30,114 [DEBUG] [TIME] 7611 cashflow: 0.21s
2026-07-05 05:09:30,418 [DEBUG] [TIME] 7611 dividends: 0.30s
2026-07-05 05:09:30,419 [INFO] [DETAIL] 7611 ハイデイ日高: income_stmt=OK, balance_sheet=OK, cashflow=OK, dividends=OK
2026-07-05 05:09:30,419 [INFO] [TIME] 7611 ハイデイ日高 処理時間: 1.09s
2026-07-05 05:09:32,351 [DEBUG] [TIME] 7613 info: 0.16s
2026-07-05 05:09:32,351 [DEBUG] yfinance OK: 7613
2026-07-05 05:09:32,560 [DEBUG] [TIME] 7613 income_stmt: 0.21s
2026-07-05 05:09:32,795 [DEBUG] [TIME] 7613 balance_sheet: 0.23s
2026-07-05 05:09:32,988 [DEBUG] [TIME] 7613 cashflow: 0.19s
2026-07-05 05:09:33,273 [DEBUG] [TIME] 7613 dividends: 0.28s
2026-07-05 05:09:33,274 [INFO] [DETAIL] 7613 シークス: income_stmt=OK, balance_sheet=OK, cashflow=OK, dividends=OK
2026-07-05 05:09:33,274 [INFO] [TIME] 7613 シークス 処理時間: 1.09s
2026-07-05 05:09:34,614 [DEBUG] [TIME] 7614 info: 0.16s
2026-07-05 05:09:34,614 [DEBUG] yfinance OK: 7614
2026-07-05 05:09:34,819 [DEBUG] [TIME] 7614 income_stmt: 0.21s
2026-07-05 05:09:35,058 [DEBUG] [TIME] 7614 balance_sheet: 0.24s
2026-07-05 05:09:35,271 [DEBUG] [TIME] 7614 cashflow: 0.21s
2026-07-05 05:09:35,563 [DEBUG] [TIME] 7614 dividends: 0.29s
2026-07-05 05:09:35,564 [INFO] [DETAIL] 7614 オーエムツーネットワーク: income_stmt=OK, balance_sheet=OK, cashflow=OK, dividends=OK
2026-07-05 05:09:35,564 [INFO] [TIME] 7614 オーエムツーネットワーク 処理時間: 1.11s
2026-07-05 05:09:37,585 [DEBUG] [TIME] 7615 info: 0.18s
2026-07-05 05:09:37,585 [DEBUG] yfinance OK: 7615
2026-07-05 05:09:37,774 [DEBUG] [TIME] 7615 income_stmt: 0.19s
2026-07-05 05:09:38,014 [DEBUG] [TIME] 7615 balance_sheet: 0.24s
2026-07-05 05:09:38,226 [DEBUG] [TIME] 7615 cashflow: 0.21s
2026-07-05 05:09:38,484 [DEBUG] [TIME] 7615 dividends: 0.26s
2026-07-05 05:09:38,485 [INFO] [DETAIL] 7615 京都きもの友禅ホールディングス: income_stmt=OK, balance_sheet=OK, cashflow=OK, dividends=OK
2026-07-05 05:09:38,485 [INFO] [TIME] 7615 京都きもの友禅ホールディングス 処理時間: 1.08s
2026-07-05 05:09:39,779 [DEBUG] [TIME] 7616 info: 0.16s
2026-07-05 05:09:39,779 [DEBUG] yfinance OK: 7616
2026-07-05 05:09:39,976 [DEBUG] [TIME] 7616 income_stmt: 0.20s
2026-07-05 05:09:40,189 [DEBUG] [TIME] 7616 balance_sheet: 0.21s
2026-07-05 05:09:40,376 [DEBUG] [TIME] 7616 cashflow: 0.19s
2026-07-05 05:09:40,624 [DEBUG] [TIME] 7616 dividends: 0.25s
2026-07-05 05:09:40,625 [INFO] [DETAIL] 7616 コロワイド: income_stmt=OK, balance_sheet=OK, cashflow=OK, dividends=OK
2026-07-05 05:09:40,625 [INFO] [TIME] 7616 コロワイド 処理時間: 1.01s
2026-07-05 05:09:42,497 [DEBUG] [TIME] 7619 info: 0.15s
2026-07-05 05:09:42,497 [DEBUG] yfinance OK: 7619
2026-07-05 05:09:42,684 [DEBUG] [TIME] 7619 income_stmt: 0.19s
2026-07-05 05:09:42,906 [DEBUG] [TIME] 7619 balance_sheet: 0.22s
2026-07-05 05:09:43,138 [DEBUG] [TIME] 7619 cashflow: 0.23s
2026-07-05 05:09:43,433 [DEBUG] [TIME] 7619 dividends: 0.30s
2026-07-05 05:09:43,434 [INFO] [DETAIL] 7619 田中商事: income_stmt=OK, balance_sheet=OK, cashflow=OK, dividends=OK
2026-07-05 05:09:43,435 [INFO] [TIME] 7619 田中商事 処理時間: 1.09s
2026-07-05 05:09:44,867 [DEBUG] [TIME] 7621 info: 0.23s
2026-07-05 05:09:44,867 [DEBUG] yfinance OK: 7621
2026-07-05 05:09:45,085 [DEBUG] [TIME] 7621 income_stmt: 0.22s
2026-07-05 05:09:45,322 [DEBUG] [TIME] 7621 balance_sheet: 0.24s
2026-07-05 05:09:45,544 [DEBUG] [TIME] 7621 cashflow: 0.22s
2026-07-05 05:09:45,816 [DEBUG] [TIME] 7621 dividends: 0.27s
2026-07-05 05:09:45,817 [INFO] [DETAIL] 7621 うかい: income_stmt=OK, balance_sheet=OK, cashflow=OK, dividends=OK
2026-07-05 05:09:45,817 [INFO] [TIME] 7621 うかい 処理時間: 1.18s
2026-07-05 05:09:47,563 [DEBUG] [TIME] 7624 info: 0.17s
2026-07-05 05:09:47,563 [DEBUG] yfinance OK: 7624
2026-07-05 05:09:47,753 [DEBUG] [TIME] 7624 income_stmt: 0.19s
2026-07-05 05:09:47,971 [DEBUG] [TIME] 7624 balance_sheet: 0.22s
2026-07-05 05:09:48,184 [DEBUG] [TIME] 7624 cashflow: 0.21s
2026-07-05 05:09:48,526 [DEBUG] [TIME] 7624 dividends: 0.34s
2026-07-05 05:09:48,527 [INFO] [DETAIL] 7624 ＮａＩＴＯ: income_stmt=OK, balance_sheet=OK, cashflow=OK, dividends=OK
2026-07-05 05:09:48,527 [INFO] [TIME] 7624 ＮａＩＴＯ 処理時間: 1.13s
2026-07-05 05:09:50,682 [DEBUG] [TIME] 7625 info: 0.15s
2026-07-05 05:09:50,682 [DEBUG] yfinance OK: 7625
2026-07-05 05:09:50,895 [DEBUG] [TIME] 7625 income_stmt: 0.21s
2026-07-05 05:09:51,151 [DEBUG] [TIME] 7625 balance_sheet: 0.26s
2026-07-05 05:09:51,378 [DEBUG] [TIME] 7625 cashflow: 0.23s
2026-07-05 05:09:51,682 [DEBUG] [TIME] 7625 dividends: 0.30s
2026-07-05 05:09:51,682 [INFO] [DETAIL] 7625 グローバルダイニング: income_stmt=OK, balance_sheet=OK, cashflow=OK, dividends=OK
2026-07-05 05:09:51,683 [INFO] [TIME] 7625 グローバルダイニング 処理時間: 1.15s
2026-07-05 05:09:52,884 [DEBUG] [TIME] 7628 info: 0.16s
2026-07-05 05:09:52,884 [DEBUG] yfinance OK: 7628
2026-07-05 05:09:53,054 [DEBUG] [TIME] 7628 income_stmt: 0.17s
2026-07-05 05:09:53,255 [DEBUG] [TIME] 7628 balance_sheet: 0.20s
2026-07-05 05:09:53,437 [DEBUG] [TIME] 7628 cashflow: 0.18s
2026-07-05 05:09:53,701 [DEBUG] [TIME] 7628 dividends: 0.26s
2026-07-05 05:09:53,702 [INFO] [DETAIL] 7628 オーハシテクニカ: income_stmt=OK, balance_sheet=OK, cashflow=OK, dividends=OK
2026-07-05 05:09:53,702 [INFO] [TIME] 7628 オーハシテクニカ 処理時間: 0.97s
2026-07-05 05:09:55,512 [DEBUG] [TIME] 7630 info: 0.16s
2026-07-05 05:09:55,512 [DEBUG] yfinance OK: 7630
2026-07-05 05:09:55,708 [DEBUG] [TIME] 7630 income_stmt: 0.20s
2026-07-05 05:09:55,935 [DEBUG] [TIME] 7630 balance_sheet: 0.23s
2026-07-05 05:09:56,155 [DEBUG] [TIME] 7630 cashflow: 0.22s
2026-07-05 05:09:56,427 [DEBUG] [TIME] 7630 dividends: 0.27s
2026-07-05 05:09:56,428 [INFO] [DETAIL] 7630 壱番屋: income_stmt=OK, balance_sheet=OK, cashflow=OK, dividends=OK
2026-07-05 05:09:56,428 [INFO] [TIME] 7630 壱番屋 処理時間: 1.07s
2026-07-05 05:09:57,983 [DEBUG] [TIME] 7634 info: 0.19s
2026-07-05 05:09:57,983 [DEBUG] yfinance OK: 7634
2026-07-05 05:09:58,155 [DEBUG] [TIME] 7634 income_stmt: 0.17s
2026-07-05 05:09:58,418 [DEBUG] [TIME] 7634 balance_sheet: 0.26s
2026-07-05 05:09:58,626 [DEBUG] [TIME] 7634 cashflow: 0.21s
2026-07-05 05:09:58,906 [DEBUG] [TIME] 7634 dividends: 0.28s
2026-07-05 05:09:58,907 [INFO] [DETAIL] 7634 星医療酸器: income_stmt=OK, balance_sheet=OK, cashflow=OK, dividends=OK
2026-07-05 05:09:58,907 [INFO] [TIME] 7634 星医療酸器 処理時間: 1.11s
2026-07-05 05:10:00,777 [DEBUG] [TIME] 7636 info: 0.19s
2026-07-05 05:10:00,777 [DEBUG] yfinance OK: 7636
2026-07-05 05:10:00,968 [DEBUG] [TIME] 7636 income_stmt: 0.19s
2026-07-05 05:10:01,200 [DEBUG] [TIME] 7636 balance_sheet: 0.23s
2026-07-05 05:10:01,403 [DEBUG] [TIME] 7636 cashflow: 0.20s
2026-07-05 05:10:01,688 [DEBUG] [TIME] 7636 dividends: 0.28s
2026-07-05 05:10:01,689 [INFO] [DETAIL] 7636 ハンズマン: income_stmt=OK, balance_sheet=OK, cashflow=OK, dividends=OK
2026-07-05 05:10:01,689 [INFO] [TIME] 7636 ハンズマン 処理時間: 1.10s
2026-07-05 05:10:03,253 [DEBUG] [TIME] 7637 info: 0.15s
2026-07-05 05:10:03,253 [DEBUG] yfinance OK: 7637
2026-07-05 05:10:03,447 [DEBUG] [TIME] 7637 income_stmt: 0.19s
2026-07-05 05:10:03,708 [DEBUG] [TIME] 7637 balance_sheet: 0.26s
2026-07-05 05:10:03,923 [DEBUG] [TIME] 7637 cashflow: 0.21s
2026-07-05 05:10:04,166 [DEBUG] [TIME] 7637 dividends: 0.24s
2026-07-05 05:10:04,167 [INFO] [DETAIL] 7637 白銅: income_stmt=OK, balance_sheet=OK, cashflow=OK, dividends=OK
2026-07-05 05:10:04,167 [INFO] [TIME] 7637 白銅 処理時間: 1.06s
2026-07-05 05:10:05,941 [DEBUG] [TIME] 7638 info: 0.16s
2026-07-05 05:10:05,941 [DEBUG] yfinance OK: 7638
2026-07-05 05:10:06,105 [DEBUG] [TIME] 7638 income_stmt: 0.16s
2026-07-05 05:10:06,374 [DEBUG] [TIME] 7638 balance_sheet: 0.27s
2026-07-05 05:10:06,590 [DEBUG] [TIME] 7638 cashflow: 0.22s
2026-07-05 05:10:06,839 [DEBUG] [TIME] 7638 dividends: 0.25s
2026-07-05 05:10:06,840 [INFO] [DETAIL] 7638 ＮＥＷ　ＡＲＴ　ＨＯＬＤＩＮＧＳ: income_stmt=OK, balance_sheet=OK, cashflow=OK, dividends=OK
2026-07-05 05:10:06,840 [INFO] [TIME] 7638 ＮＥＷ　ＡＲＴ　ＨＯＬＤＩＮＧＳ 処理時間: 1.06s
2026-07-05 05:10:08,869 [DEBUG] [TIME] 7640 info: 0.19s
2026-07-05 05:10:08,869 [DEBUG] yfinance OK: 7640
2026-07-05 05:10:09,048 [DEBUG] [TIME] 7640 income_stmt: 0.18s
2026-07-05 05:10:09,294 [DEBUG] [TIME] 7640 balance_sheet: 0.25s
2026-07-05 05:10:09,504 [DEBUG] [TIME] 7640 cashflow: 0.21s
2026-07-05 05:10:09,788 [DEBUG] [TIME] 7640 dividends: 0.28s
2026-07-05 05:10:09,789 [INFO] [DETAIL] 7640 トップカルチャー: income_stmt=OK, balance_sheet=OK, cashflow=OK, dividends=OK
2026-07-05 05:10:09,789 [INFO] [TIME] 7640 トップカルチャー 処理時間: 1.11s
2026-07-05 05:10:11,531 [DEBUG] [TIME] 7643 info: 0.16s
2026-07-05 05:10:11,531 [DEBUG] yfinance OK: 7643
2026-07-05 05:10:11,720 [DEBUG] [TIME] 7643 income_stmt: 0.19s
2026-07-05 05:10:12,058 [DEBUG] [TIME] 7643 balance_sheet: 0.34s
2026-07-05 05:10:12,313 [DEBUG] [TIME] 7643 cashflow: 0.25s
2026-07-05 05:10:12,595 [DEBUG] [TIME] 7643 dividends: 0.28s
2026-07-05 05:10:12,596 [INFO] [DETAIL] 7643 ダイイチ: income_stmt=OK, balance_sheet=OK, cashflow=OK, dividends=OK
2026-07-05 05:10:12,597 [INFO] [TIME] 7643 ダイイチ 処理時間: 1.23s
2026-07-05 05:10:14,436 [DEBUG] [TIME] 7646 info: 0.15s
2026-07-05 05:10:14,436 [DEBUG] yfinance OK: 7646
2026-07-05 05:10:14,622 [DEBUG] [TIME] 7646 income_stmt: 0.19s
2026-07-05 05:10:14,914 [DEBUG] [TIME] 7646 balance_sheet: 0.29s
2026-07-05 05:10:15,079 [DEBUG] [TIME] 7646 cashflow: 0.16s
2026-07-05 05:10:15,302 [DEBUG] [TIME] 7646 dividends: 0.22s
2026-07-05 05:10:15,303 [INFO] [DETAIL] 7646 ＰＬＡＮＴ: income_stmt=OK, balance_sheet=OK, cashflow=OK, dividends=OK
2026-07-05 05:10:15,304 [INFO] [TIME] 7646 ＰＬＡＮＴ 処理時間: 1.02s
2026-07-05 05:10:17,106 [DEBUG] [TIME] 7649 info: 0.16s
2026-07-05 05:10:17,106 [DEBUG] yfinance OK: 7649
2026-07-05 05:10:17,275 [DEBUG] [TIME] 7649 income_stmt: 0.17s
2026-07-05 05:10:17,476 [DEBUG] [TIME] 7649 balance_sheet: 0.20s
2026-07-05 05:10:17,746 [DEBUG] [TIME] 7649 cashflow: 0.27s
2026-07-05 05:10:18,054 [DEBUG] [TIME] 7649 dividends: 0.31s
2026-07-05 05:10:18,055 [INFO] [DETAIL] 7649 スギホールディングス: income_stmt=OK, balance_sheet=OK, cashflow=OK, dividends=OK
2026-07-05 05:10:18,055 [INFO] [TIME] 7649 スギホールディングス 処理時間: 1.11s
2026-07-05 05:10:19,570 [DEBUG] [TIME] 7670 info: 0.19s
2026-07-05 05:10:19,570 [DEBUG] yfinance OK: 7670
2026-07-05 05:10:19,764 [DEBUG] [TIME] 7670 income_stmt: 0.19s
2026-07-05 05:10:20,018 [DEBUG] [TIME] 7670 balance_sheet: 0.25s
2026-07-05 05:10:20,228 [DEBUG] [TIME] 7670 cashflow: 0.21s
2026-07-05 05:10:20,367 [DEBUG] [TIME] 7670 dividends: 0.14s
2026-07-05 05:10:20,368 [INFO] [DETAIL] 7670 オーウエル: income_stmt=OK, balance_sheet=OK, cashflow=OK, dividends=OK
2026-07-05 05:10:20,368 [INFO] [TIME] 7670 オーウエル 処理時間: 0.99s
2026-07-05 05:10:22,263 [DEBUG] [TIME] 7673 info: 0.17s
2026-07-05 05:10:22,263 [DEBUG] yfinance OK: 7673
2026-07-05 05:10:22,429 [DEBUG] [TIME] 7673 income_stmt: 0.17s
2026-07-05 05:10:22,678 [DEBUG] [TIME] 7673 balance_sheet: 0.25s
2026-07-05 05:10:22,852 [DEBUG] [TIME] 7673 cashflow: 0.17s
2026-07-05 05:10:23,017 [DEBUG] [TIME] 7673 dividends: 0.16s
2026-07-05 05:10:23,018 [INFO] [DETAIL] 7673 ダイコー通産: income_stmt=OK, balance_sheet=OK, cashflow=OK, dividends=OK
2026-07-05 05:10:23,018 [INFO] [TIME] 7673 ダイコー通産 処理時間: 0.92s
2026-07-05 05:10:24,926 [DEBUG] [TIME] 7674 info: 0.22s
2026-07-05 05:10:24,926 [DEBUG] yfinance OK: 7674
2026-07-05 05:10:25,110 [DEBUG] [TIME] 7674 income_stmt: 0.18s
2026-07-05 05:10:25,328 [DEBUG] [TIME] 7674 balance_sheet: 0.22s
2026-07-05 05:10:25,543 [DEBUG] [TIME] 7674 cashflow: 0.21s
2026-07-05 05:10:25,678 [DEBUG] [TIME] 7674 dividends: 0.13s
2026-07-05 05:10:25,679 [INFO] [DETAIL] 7674 ＮＡＴＴＹ　ＳＷＡＮＫＹホールディングス: income_stmt=OK, balance_sheet=OK, cashflow=OK, dividends=OK
2026-07-05 05:10:25,679 [INFO] [TIME] 7674 ＮＡＴＴＹ　ＳＷＡＮＫＹホールディングス 処理時間: 0.98s
2026-07-05 05:10:27,441 [DEBUG] [TIME] 7677 info: 0.16s
2026-07-05 05:10:27,442 [DEBUG] yfinance OK: 7677
2026-07-05 05:10:27,645 [DEBUG] [TIME] 7677 income_stmt: 0.20s
2026-07-05 05:10:27,872 [DEBUG] [TIME] 7677 balance_sheet: 0.23s
2026-07-05 05:10:28,096 [DEBUG] [TIME] 7677 cashflow: 0.22s
2026-07-05 05:10:28,243 [DEBUG] [TIME] 7677 dividends: 0.15s
2026-07-05 05:10:28,244 [INFO] [DETAIL] 7677 ヤシマキザイ: income_stmt=OK, balance_sheet=OK, cashflow=OK, dividends=OK
2026-07-05 05:10:28,244 [INFO] [TIME] 7677 ヤシマキザイ 処理時間: 0.96s
2026-07-05 05:10:29,748 [DEBUG] [TIME] 7678 info: 0.17s
2026-07-05 05:10:29,748 [DEBUG] yfinance OK: 7678
2026-07-05 05:10:29,908 [DEBUG] [TIME] 7678 income_stmt: 0.16s
2026-07-05 05:10:30,113 [DEBUG] [TIME] 7678 balance_sheet: 0.20s
2026-07-05 05:10:30,361 [DEBUG] [TIME] 7678 cashflow: 0.25s
2026-07-05 05:10:30,502 [DEBUG] [TIME] 7678 dividends: 0.14s
2026-07-05 05:10:30,503 [INFO] [DETAIL] 7678 あさくま: income_stmt=OK, balance_sheet=OK, cashflow=OK, dividends=OK
2026-07-05 05:10:30,503 [INFO] [TIME] 7678 あさくま 処理時間: 0.93s
2026-07-05 05:10:31,795 [DEBUG] [TIME] 7679 info: 0.18s
2026-07-05 05:10:31,795 [DEBUG] yfinance OK: 7679
2026-07-05 05:10:32,010 [DEBUG] [TIME] 7679 income_stmt: 0.22s
2026-07-05 05:10:32,230 [DEBUG] [TIME] 7679 balance_sheet: 0.22s
2026-07-05 05:10:32,428 [DEBUG] [TIME] 7679 cashflow: 0.20s
2026-07-05 05:10:32,579 [DEBUG] [TIME] 7679 dividends: 0.15s
2026-07-05 05:10:32,580 [INFO] [DETAIL] 7679 薬王堂ホールディングス: income_stmt=OK, balance_sheet=OK, cashflow=OK, dividends=OK
2026-07-05 05:10:32,581 [INFO] [TIME] 7679 薬王堂ホールディングス 処理時間: 0.97s
2026-07-05 05:10:34,557 [DEBUG] [TIME] 7681 info: 0.15s
2026-07-05 05:10:34,557 [DEBUG] yfinance OK: 7681
2026-07-05 05:10:34,755 [DEBUG] [TIME] 7681 income_stmt: 0.20s
2026-07-05 05:10:35,019 [DEBUG] [TIME] 7681 balance_sheet: 0.26s
2026-07-05 05:10:35,246 [DEBUG] [TIME] 7681 cashflow: 0.23s
2026-07-05 05:10:35,413 [DEBUG] [TIME] 7681 dividends: 0.17s
2026-07-05 05:10:35,414 [INFO] [DETAIL] 7681 レオクラン: income_stmt=OK, balance_sheet=OK, cashflow=OK, dividends=OK
2026-07-05 05:10:35,414 [INFO] [TIME] 7681 レオクラン 処理時間: 1.01s
2026-07-05 05:10:37,472 [DEBUG] [TIME] 7682 info: 0.16s
2026-07-05 05:10:37,472 [DEBUG] yfinance OK: 7682
2026-07-05 05:10:37,642 [DEBUG] [TIME] 7682 income_stmt: 0.17s
2026-07-05 05:10:37,865 [DEBUG] [TIME] 7682 balance_sheet: 0.22s
2026-07-05 05:10:38,080 [DEBUG] [TIME] 7682 cashflow: 0.21s
2026-07-05 05:10:38,224 [DEBUG] [TIME] 7682 dividends: 0.14s
2026-07-05 05:10:38,225 [INFO] [DETAIL] 7682 浜木綿: income_stmt=OK, balance_sheet=OK, cashflow=OK, dividends=OK
2026-07-05 05:10:38,225 [INFO] [TIME] 7682 浜木綿 処理時間: 0.91s
2026-07-05 05:10:39,607 [DEBUG] [TIME] 7683 info: 0.16s
2026-07-05 05:10:39,607 [DEBUG] yfinance OK: 7683
2026-07-05 05:10:39,808 [DEBUG] [TIME] 7683 income_stmt: 0.20s
2026-07-05 05:10:40,019 [DEBUG] [TIME] 7683 balance_sheet: 0.21s
2026-07-05 05:10:40,205 [DEBUG] [TIME] 7683 cashflow: 0.19s
2026-07-05 05:10:40,333 [DEBUG] [TIME] 7683 dividends: 0.13s
2026-07-05 05:10:40,334 [INFO] [DETAIL] 7683 ダブルエー: income_stmt=OK, balance_sheet=OK, cashflow=OK, dividends=OK
2026-07-05 05:10:40,334 [INFO] [TIME] 7683 ダブルエー 処理時間: 0.88s
2026-07-05 05:10:41,965 [DEBUG] [TIME] 7685 info: 0.15s
2026-07-05 05:10:41,965 [DEBUG] yfinance OK: 7685
2026-07-05 05:10:42,148 [DEBUG] [TIME] 7685 income_stmt: 0.18s
2026-07-05 05:10:42,391 [DEBUG] [TIME] 7685 balance_sheet: 0.24s
2026-07-05 05:10:42,592 [DEBUG] [TIME] 7685 cashflow: 0.20s
2026-07-05 05:10:42,725 [DEBUG] [TIME] 7685 dividends: 0.13s
2026-07-05 05:10:42,726 [INFO] [DETAIL] 7685 ＢｕｙＳｅｌｌ　Ｔｅｃｈｎｏｌｏｇｉｅｓ: income_stmt=OK, balance_sheet=OK, cashflow=OK, dividends=OK
2026-07-05 05:10:42,726 [INFO] [TIME] 7685 ＢｕｙＳｅｌｌ　Ｔｅｃｈｎｏｌｏｇｉｅｓ 処理時間: 0.91s
2026-07-05 05:10:44,785 [DEBUG] [TIME] 7686 info: 0.15s
2026-07-05 05:10:44,785 [DEBUG] yfinance OK: 7686
2026-07-05 05:10:44,984 [DEBUG] [TIME] 7686 income_stmt: 0.20s
2026-07-05 05:10:45,226 [DEBUG] [TIME] 7686 balance_sheet: 0.24s
2026-07-05 05:10:45,464 [DEBUG] [TIME] 7686 cashflow: 0.24s
2026-07-05 05:10:45,620 [DEBUG] [TIME] 7686 dividends: 0.16s
2026-07-05 05:10:45,621 [INFO] [DETAIL] 7686 ひとまいる: income_stmt=OK, balance_sheet=OK, cashflow=OK, dividends=OK
2026-07-05 05:10:45,621 [INFO] [TIME] 7686 ひとまいる 処理時間: 0.99s
2026-07-05 05:10:47,387 [DEBUG] [TIME] 7687 info: 0.19s
2026-07-05 05:10:47,387 [DEBUG] yfinance OK: 7687
2026-07-05 05:10:47,561 [DEBUG] [TIME] 7687 income_stmt: 0.17s
2026-07-05 05:10:47,819 [DEBUG] [TIME] 7687 balance_sheet: 0.26s
2026-07-05 05:10:48,029 [DEBUG] [TIME] 7687 cashflow: 0.21s
2026-07-05 05:10:48,196 [DEBUG] [TIME] 7687 dividends: 0.17s
2026-07-05 05:10:48,197 [INFO] [DETAIL] 7687 ミクリード: income_stmt=OK, balance_sheet=OK, cashflow=OK, dividends=OK
2026-07-05 05:10:48,197 [INFO] [TIME] 7687 ミクリード 処理時間: 1.00s
2026-07-05 05:10:50,166 [DEBUG] [TIME] 7689 info: 0.16s
2026-07-05 05:10:50,166 [DEBUG] yfinance OK: 7689
2026-07-05 05:10:50,335 [DEBUG] [TIME] 7689 income_stmt: 0.17s
2026-07-05 05:10:50,579 [DEBUG] [TIME] 7689 balance_sheet: 0.24s
2026-07-05 05:10:50,759 [DEBUG] [TIME] 7689 cashflow: 0.18s
2026-07-05 05:10:50,906 [DEBUG] [TIME] 7689 dividends: 0.15s
2026-07-05 05:10:50,906 [INFO] [DETAIL] 7689 コパ・コーポレーション: income_stmt=OK, balance_sheet=OK, cashflow=OK, dividends=EMPTY
2026-07-05 05:10:50,906 [INFO] [TIME] 7689 コパ・コーポレーション 処理時間: 0.90s
2026-07-05 05:10:52,341 [DEBUG] [TIME] 7692 info: 0.15s
2026-07-05 05:10:52,341 [DEBUG] yfinance OK: 7692
2026-07-05 05:10:52,524 [DEBUG] [TIME] 7692 income_stmt: 0.18s
2026-07-05 05:10:52,727 [DEBUG] [TIME] 7692 balance_sheet: 0.20s
2026-07-05 05:10:52,931 [DEBUG] [TIME] 7692 cashflow: 0.20s
2026-07-05 05:10:53,114 [DEBUG] [TIME] 7692 dividends: 0.18s
2026-07-05 05:10:53,115 [INFO] [DETAIL] 7692 アースインフィニティ: income_stmt=OK, balance_sheet=OK, cashflow=OK, dividends=OK
2026-07-05 05:10:53,115 [INFO] [TIME] 7692 アースインフィニティ 処理時間: 0.93s
2026-07-05 05:10:54,391 [DEBUG] [TIME] 7694 info: 0.15s
2026-07-05 05:10:54,391 [DEBUG] yfinance OK: 7694
2026-07-05 05:10:54,595 [DEBUG] [TIME] 7694 income_stmt: 0.20s
2026-07-05 05:10:54,856 [DEBUG] [TIME] 7694 balance_sheet: 0.26s
2026-07-05 05:10:55,055 [DEBUG] [TIME] 7694 cashflow: 0.20s
2026-07-05 05:10:55,163 [DEBUG] [TIME] 7694 dividends: 0.11s
2026-07-05 05:10:55,163 [INFO] [DETAIL] 7694 いつも: income_stmt=OK, balance_sheet=OK, cashflow=OK, dividends=EMPTY
2026-07-05 05:10:55,163 [INFO] [TIME] 7694 いつも 処理時間: 0.92s
2026-07-05 05:10:56,607 [DEBUG] [TIME] 7695 info: 0.16s
2026-07-05 05:10:56,607 [DEBUG] yfinance OK: 7695
2026-07-05 05:10:56,794 [DEBUG] [TIME] 7695 income_stmt: 0.19s
2026-07-05 05:10:56,999 [DEBUG] [TIME] 7695 balance_sheet: 0.20s
2026-07-05 05:10:57,202 [DEBUG] [TIME] 7695 cashflow: 0.20s
2026-07-05 05:10:57,313 [DEBUG] [TIME] 7695 dividends: 0.11s
2026-07-05 05:10:57,313 [INFO] [DETAIL] 7695 交換できるくん: income_stmt=OK, balance_sheet=OK, cashflow=OK, dividends=EMPTY
2026-07-05 05:10:57,313 [INFO] [TIME] 7695 交換できるくん 処理時間: 0.86s
2026-07-05 05:10:58,895 [DEBUG] [TIME] 7698 info: 0.15s
2026-07-05 05:10:58,895 [DEBUG] yfinance OK: 7698
2026-07-05 05:10:59,056 [DEBUG] [TIME] 7698 income_stmt: 0.16s
2026-07-05 05:10:59,299 [DEBUG] [TIME] 7698 balance_sheet: 0.24s
2026-07-05 05:10:59,472 [DEBUG] [TIME] 7698 cashflow: 0.17s
2026-07-05 05:10:59,634 [DEBUG] [TIME] 7698 dividends: 0.16s
2026-07-05 05:10:59,635 [INFO] [DETAIL] 7698 アイスコ: income_stmt=OK, balance_sheet=OK, cashflow=OK, dividends=OK
2026-07-05 05:10:59,635 [INFO] [TIME] 7698 アイスコ 処理時間: 0.89s
2026-07-05 05:11:01,056 [DEBUG] [TIME] 7701 info: 0.15s
2026-07-05 05:11:01,056 [DEBUG] yfinance OK: 7701
2026-07-05 05:11:01,256 [DEBUG] [TIME] 7701 income_stmt: 0.20s
2026-07-05 05:11:01,518 [DEBUG] [TIME] 7701 balance_sheet: 0.26s
2026-07-05 05:11:01,727 [DEBUG] [TIME] 7701 cashflow: 0.21s
2026-07-05 05:11:02,030 [DEBUG] [TIME] 7701 dividends: 0.30s
2026-07-05 05:11:02,031 [INFO] [DETAIL] 7701 島津製作所: income_stmt=OK, balance_sheet=OK, cashflow=OK, dividends=OK
2026-07-05 05:11:02,031 [INFO] [TIME] 7701 島津製作所 処理時間: 1.13s
2026-07-05 05:11:04,026 [DEBUG] [TIME] 7702 info: 0.20s
2026-07-05 05:11:04,027 [DEBUG] yfinance OK: 7702
2026-07-05 05:11:04,203 [DEBUG] [TIME] 7702 income_stmt: 0.18s
2026-07-05 05:11:04,465 [DEBUG] [TIME] 7702 balance_sheet: 0.26s
2026-07-05 05:11:04,700 [DEBUG] [TIME] 7702 cashflow: 0.23s
2026-07-05 05:11:05,012 [DEBUG] [TIME] 7702 dividends: 0.31s
2026-07-05 05:11:05,013 [INFO] [DETAIL] 7702 ＪＭＳ: income_stmt=OK, balance_sheet=OK, cashflow=OK, dividends=OK
2026-07-05 05:11:05,013 [INFO] [TIME] 7702 ＪＭＳ 処理時間: 1.19s
2026-07-05 05:11:06,815 [DEBUG] [TIME] 7707 info: 0.15s
2026-07-05 05:11:06,815 [DEBUG] yfinance OK: 7707
2026-07-05 05:11:06,999 [DEBUG] [TIME] 7707 income_stmt: 0.18s
2026-07-05 05:11:07,236 [DEBUG] [TIME] 7707 balance_sheet: 0.24s
2026-07-05 05:11:07,447 [DEBUG] [TIME] 7707 cashflow: 0.21s
2026-07-05 05:11:07,704 [DEBUG] [TIME] 7707 dividends: 0.26s
2026-07-05 05:11:07,705 [INFO] [DETAIL] 7707 プレシジョン・システム・サイエンス: income_stmt=OK, balance_sheet=OK, cashflow=OK, dividends=OK
2026-07-05 05:11:07,705 [INFO] [TIME] 7707 プレシジョン・システム・サイエンス 処理時間: 1.04s
2026-07-05 05:11:09,503 [DEBUG] [TIME] 7709 info: 0.19s
2026-07-05 05:11:09,503 [DEBUG] yfinance OK: 7709
2026-07-05 05:11:09,683 [DEBUG] [TIME] 7709 income_stmt: 0.18s
2026-07-05 05:11:09,932 [DEBUG] [TIME] 7709 balance_sheet: 0.25s
2026-07-05 05:11:10,140 [DEBUG] [TIME] 7709 cashflow: 0.21s
2026-07-05 05:11:10,344 [DEBUG] [TIME] 7709 dividends: 0.20s
2026-07-05 05:11:10,344 [INFO] [DETAIL] 7709 クボテック: income_stmt=OK, balance_sheet=OK, cashflow=OK, dividends=EMPTY
2026-07-05 05:11:10,344 [INFO] [TIME] 7709 クボテック 処理時間: 1.03s
2026-07-05 05:11:11,764 [DEBUG] [TIME] 7711 info: 0.19s
2026-07-05 05:11:11,764 [DEBUG] yfinance OK: 7711
2026-07-05 05:11:11,950 [DEBUG] [TIME] 7711 income_stmt: 0.19s
2026-07-05 05:11:12,189 [DEBUG] [TIME] 7711 balance_sheet: 0.24s
2026-07-05 05:11:12,369 [DEBUG] [TIME] 7711 cashflow: 0.18s
2026-07-05 05:11:12,678 [DEBUG] [TIME] 7711 dividends: 0.31s
2026-07-05 05:11:12,679 [INFO] [DETAIL] 7711 助川電気工業: income_stmt=OK, balance_sheet=OK, cashflow=OK, dividends=OK
2026-07-05 05:11:12,679 [INFO] [TIME] 7711 助川電気工業 処理時間: 1.10s
2026-07-05 05:11:14,106 [DEBUG] [TIME] 7713 info: 0.18s
2026-07-05 05:11:14,106 [DEBUG] yfinance OK: 7713
2026-07-05 05:11:14,318 [DEBUG] [TIME] 7713 income_stmt: 0.21s
2026-07-05 05:11:14,531 [DEBUG] [TIME] 7713 balance_sheet: 0.21s
2026-07-05 05:11:14,705 [DEBUG] [TIME] 7713 cashflow: 0.17s
2026-07-05 05:11:14,983 [DEBUG] [TIME] 7713 dividends: 0.28s
2026-07-05 05:11:14,984 [INFO] [DETAIL] 7713 シグマ光機: income_stmt=OK, balance_sheet=OK, cashflow=OK, dividends=OK
2026-07-05 05:11:14,984 [INFO] [TIME] 7713 シグマ光機 処理時間: 1.05s
2026-07-05 05:11:17,112 [DEBUG] [TIME] 7715 info: 0.19s
2026-07-05 05:11:17,112 [DEBUG] yfinance OK: 7715
2026-07-05 05:11:17,358 [DEBUG] [TIME] 7715 income_stmt: 0.25s
2026-07-05 05:11:17,613 [DEBUG] [TIME] 7715 balance_sheet: 0.25s
2026-07-05 05:11:17,816 [DEBUG] [TIME] 7715 cashflow: 0.20s
2026-07-05 05:11:18,063 [DEBUG] [TIME] 7715 dividends: 0.25s
2026-07-05 05:11:18,064 [INFO] [DETAIL] 7715 長野計器: income_stmt=OK, balance_sheet=OK, cashflow=OK, dividends=OK
2026-07-05 05:11:18,064 [INFO] [TIME] 7715 長野計器 処理時間: 1.14s
2026-07-05 05:11:19,446 [DEBUG] [TIME] 7716 info: 0.16s
2026-07-05 05:11:19,447 [DEBUG] yfinance OK: 7716
2026-07-05 05:11:19,660 [DEBUG] [TIME] 7716 income_stmt: 0.21s
2026-07-05 05:11:19,889 [DEBUG] [TIME] 7716 balance_sheet: 0.23s
2026-07-05 05:11:20,115 [DEBUG] [TIME] 7716 cashflow: 0.23s
2026-07-05 05:11:20,378 [DEBUG] [TIME] 7716 dividends: 0.26s
2026-07-05 05:11:20,379 [INFO] [DETAIL] 7716 ナカニシ: income_stmt=OK, balance_sheet=OK, cashflow=OK, dividends=OK
2026-07-05 05:11:20,379 [INFO] [TIME] 7716 ナカニシ 処理時間: 1.09s
2026-07-05 05:11:21,649 [DEBUG] [TIME] 7717 info: 0.19s
2026-07-05 05:11:21,649 [DEBUG] yfinance OK: 7717
2026-07-05 05:11:21,823 [DEBUG] [TIME] 7717 income_stmt: 0.17s
2026-07-05 05:11:22,024 [DEBUG] [TIME] 7717 balance_sheet: 0.20s
2026-07-05 05:11:22,228 [DEBUG] [TIME] 7717 cashflow: 0.20s
2026-07-05 05:11:22,484 [DEBUG] [TIME] 7717 dividends: 0.26s
2026-07-05 05:11:22,485 [INFO] [DETAIL] 7717 ブイ・テクノロジー: income_stmt=OK, balance_sheet=OK, cashflow=OK, dividends=OK
2026-07-05 05:11:22,485 [INFO] [TIME] 7717 ブイ・テクノロジー 処理時間: 1.02s
2026-07-05 05:11:24,304 [DEBUG] [TIME] 7719 info: 0.15s
2026-07-05 05:11:24,304 [DEBUG] yfinance OK: 7719
2026-07-05 05:11:24,496 [DEBUG] [TIME] 7719 income_stmt: 0.19s
2026-07-05 05:11:24,750 [DEBUG] [TIME] 7719 balance_sheet: 0.25s
2026-07-05 05:11:24,965 [DEBUG] [TIME] 7719 cashflow: 0.21s
2026-07-05 05:11:25,131 [DEBUG] [TIME] 7719 dividends: 0.17s
2026-07-05 05:11:25,131 [INFO] [DETAIL] 7719 東京衡機: income_stmt=OK, balance_sheet=OK, cashflow=OK, dividends=EMPTY
2026-07-05 05:11:25,131 [INFO] [TIME] 7719 東京衡機 処理時間: 0.98s
2026-07-05 05:11:26,899 [DEBUG] [TIME] 7721 info: 0.15s
2026-07-05 05:11:26,899 [DEBUG] yfinance OK: 7721
2026-07-05 05:11:27,116 [DEBUG] [TIME] 7721 income_stmt: 0.22s
2026-07-05 05:11:27,347 [DEBUG] [TIME] 7721 balance_sheet: 0.23s
2026-07-05 05:11:27,550 [DEBUG] [TIME] 7721 cashflow: 0.20s
2026-07-05 05:11:27,840 [DEBUG] [TIME] 7721 dividends: 0.29s
2026-07-05 05:11:27,841 [INFO] [DETAIL] 7721 東京計器: income_stmt=OK, balance_sheet=OK, cashflow=OK, dividends=OK
2026-07-05 05:11:27,841 [INFO] [TIME] 7721 東京計器 処理時間: 1.09s
2026-07-05 05:11:29,309 [DEBUG] [TIME] 7722 info: 0.15s
2026-07-05 05:11:29,309 [DEBUG] yfinance OK: 7722
2026-07-05 05:11:29,508 [DEBUG] [TIME] 7722 income_stmt: 0.20s
2026-07-05 05:11:29,759 [DEBUG] [TIME] 7722 balance_sheet: 0.25s
2026-07-05 05:11:29,966 [DEBUG] [TIME] 7722 cashflow: 0.21s
2026-07-05 05:11:30,305 [DEBUG] [TIME] 7722 dividends: 0.34s
2026-07-05 05:11:30,306 [INFO] [DETAIL] 7722 国際計測器: income_stmt=OK, balance_sheet=OK, cashflow=OK, dividends=OK
2026-07-05 05:11:30,306 [INFO] [TIME] 7722 国際計測器 処理時間: 1.15s
2026-07-05 05:11:32,124 [DEBUG] [TIME] 7723 info: 0.15s
2026-07-05 05:11:32,124 [DEBUG] yfinance OK: 7723
2026-07-05 05:11:32,353 [DEBUG] [TIME] 7723 income_stmt: 0.23s
2026-07-05 05:11:32,596 [DEBUG] [TIME] 7723 balance_sheet: 0.24s
2026-07-05 05:11:32,788 [DEBUG] [TIME] 7723 cashflow: 0.19s
2026-07-05 05:11:33,087 [DEBUG] [TIME] 7723 dividends: 0.30s
2026-07-05 05:11:33,089 [INFO] [DETAIL] 7723 愛知時計電機: income_stmt=OK, balance_sheet=OK, cashflow=OK, dividends=OK
2026-07-05 05:11:33,089 [INFO] [TIME] 7723 愛知時計電機 処理時間: 1.12s
2026-07-05 05:11:35,110 [DEBUG] [TIME] 7725 info: 0.16s
2026-07-05 05:11:35,110 [DEBUG] yfinance OK: 7725
2026-07-05 05:11:35,309 [DEBUG] [TIME] 7725 income_stmt: 0.20s
2026-07-05 05:11:35,566 [DEBUG] [TIME] 7725 balance_sheet: 0.26s
2026-07-05 05:11:35,768 [DEBUG] [TIME] 7725 cashflow: 0.20s
2026-07-05 05:11:36,189 [DEBUG] [TIME] 7725 dividends: 0.42s
2026-07-05 05:11:36,190 [INFO] [DETAIL] 7725 インターアクション: income_stmt=OK, balance_sheet=OK, cashflow=OK, dividends=OK
2026-07-05 05:11:36,190 [INFO] [TIME] 7725 インターアクション 処理時間: 1.24s
2026-07-05 05:11:37,444 [DEBUG] [TIME] 7726 info: 0.18s
2026-07-05 05:11:37,445 [DEBUG] yfinance OK: 7726
2026-07-05 05:11:37,650 [DEBUG] [TIME] 7726 income_stmt: 0.21s
2026-07-05 05:11:37,921 [DEBUG] [TIME] 7726 balance_sheet: 0.27s
2026-07-05 05:11:38,136 [DEBUG] [TIME] 7726 cashflow: 0.21s
2026-07-05 05:11:38,463 [DEBUG] [TIME] 7726 dividends: 0.33s
2026-07-05 05:11:38,464 [INFO] [DETAIL] 7726 黒田精工: income_stmt=OK, balance_sheet=OK, cashflow=OK, dividends=OK
2026-07-05 05:11:38,464 [INFO] [TIME] 7726 黒田精工 処理時間: 1.20s
2026-07-05 05:11:40,373 [DEBUG] [TIME] 7727 info: 0.19s
2026-07-05 05:11:40,373 [DEBUG] yfinance OK: 7727
2026-07-05 05:11:40,534 [DEBUG] [TIME] 7727 income_stmt: 0.16s
2026-07-05 05:11:40,728 [DEBUG] [TIME] 7727 balance_sheet: 0.19s
2026-07-05 05:11:40,935 [DEBUG] [TIME] 7727 cashflow: 0.21s
2026-07-05 05:11:41,280 [DEBUG] [TIME] 7727 dividends: 0.34s
2026-07-05 05:11:41,281 [INFO] [DETAIL] 7727 オーバル: income_stmt=OK, balance_sheet=OK, cashflow=OK, dividends=OK
2026-07-05 05:11:41,281 [INFO] [TIME] 7727 オーバル 処理時間: 1.10s
2026-07-05 05:11:43,322 [DEBUG] [TIME] 7729 info: 0.15s
2026-07-05 05:11:43,322 [DEBUG] yfinance OK: 7729
2026-07-05 05:11:43,526 [DEBUG] [TIME] 7729 income_stmt: 0.20s
2026-07-05 05:11:43,777 [DEBUG] [TIME] 7729 balance_sheet: 0.25s
2026-07-05 05:11:43,965 [DEBUG] [TIME] 7729 cashflow: 0.19s
2026-07-05 05:11:44,248 [DEBUG] [TIME] 7729 dividends: 0.28s
2026-07-05 05:11:44,249 [INFO] [DETAIL] 7729 東京精密: income_stmt=OK, balance_sheet=OK, cashflow=OK, dividends=OK
2026-07-05 05:11:44,249 [INFO] [TIME] 7729 東京精密 処理時間: 1.08s
2026-07-05 05:11:46,228 [DEBUG] [TIME] 7730 info: 0.15s
2026-07-05 05:11:46,228 [DEBUG] yfinance OK: 7730
2026-07-05 05:11:46,443 [DEBUG] [TIME] 7730 income_stmt: 0.21s
2026-07-05 05:11:46,671 [DEBUG] [TIME] 7730 balance_sheet: 0.23s
2026-07-05 05:11:46,901 [DEBUG] [TIME] 7730 cashflow: 0.23s
2026-07-05 05:11:47,153 [DEBUG] [TIME] 7730 dividends: 0.25s
2026-07-05 05:11:47,154 [INFO] [DETAIL] 7730 マニー: income_stmt=OK, balance_sheet=OK, cashflow=OK, dividends=OK
2026-07-05 05:11:47,154 [INFO] [TIME] 7730 マニー 処理時間: 1.08s
2026-07-05 05:11:48,493 [DEBUG] [TIME] 7731 info: 0.16s
2026-07-05 05:11:48,493 [DEBUG] yfinance OK: 7731
2026-07-05 05:11:48,666 [DEBUG] [TIME] 7731 income_stmt: 0.17s
2026-07-05 05:11:48,907 [DEBUG] [TIME] 7731 balance_sheet: 0.24s
2026-07-05 05:11:49,099 [DEBUG] [TIME] 7731 cashflow: 0.19s
2026-07-05 05:11:49,405 [DEBUG] [TIME] 7731 dividends: 0.31s
2026-07-05 05:11:49,406 [INFO] [DETAIL] 7731 ニコン: income_stmt=OK, balance_sheet=OK, cashflow=OK, dividends=OK
2026-07-05 05:11:49,406 [INFO] [TIME] 7731 ニコン 処理時間: 1.08s
2026-07-05 05:11:50,645 [DEBUG] [TIME] 7733 info: 0.15s
2026-07-05 05:11:50,645 [DEBUG] yfinance OK: 7733
2026-07-05 05:11:50,876 [DEBUG] [TIME] 7733 income_stmt: 0.23s
2026-07-05 05:11:51,093 [DEBUG] [TIME] 7733 balance_sheet: 0.22s
2026-07-05 05:11:51,293 [DEBUG] [TIME] 7733 cashflow: 0.20s
2026-07-05 05:11:51,609 [DEBUG] [TIME] 7733 dividends: 0.32s
2026-07-05 05:11:51,610 [INFO] [DETAIL] 7733 オリンパス: income_stmt=OK, balance_sheet=OK, cashflow=OK, dividends=OK
2026-07-05 05:11:51,611 [INFO] [TIME] 7733 オリンパス 処理時間: 1.12s
2026-07-05 05:11:53,359 [DEBUG] [TIME] 7734 info: 0.16s
2026-07-05 05:11:53,359 [DEBUG] yfinance OK: 7734
2026-07-05 05:11:53,591 [DEBUG] [TIME] 7734 income_stmt: 0.23s
2026-07-05 05:11:53,811 [DEBUG] [TIME] 7734 balance_sheet: 0.22s
2026-07-05 05:11:53,994 [DEBUG] [TIME] 7734 cashflow: 0.18s
2026-07-05 05:11:54,349 [DEBUG] [TIME] 7734 dividends: 0.36s
2026-07-05 05:11:54,350 [INFO] [DETAIL] 7734 理研計器: income_stmt=OK, balance_sheet=OK, cashflow=OK, dividends=OK
2026-07-05 05:11:54,350 [INFO] [TIME] 7734 理研計器 処理時間: 1.15s
2026-07-05 05:11:55,818 [DEBUG] [TIME] 7735 info: 0.19s
2026-07-05 05:11:55,818 [DEBUG] yfinance OK: 7735
2026-07-05 05:11:55,997 [DEBUG] [TIME] 7735 income_stmt: 0.18s
2026-07-05 05:11:56,298 [DEBUG] [TIME] 7735 balance_sheet: 0.30s
2026-07-05 05:11:56,512 [DEBUG] [TIME] 7735 cashflow: 0.21s
2026-07-05 05:11:56,813 [DEBUG] [TIME] 7735 dividends: 0.30s
2026-07-05 05:11:56,814 [INFO] [DETAIL] 7735 ＳＣＲＥＥＮホールディングス: income_stmt=OK, balance_sheet=OK, cashflow=OK, dividends=OK
2026-07-05 05:11:56,814 [INFO] [TIME] 7735 ＳＣＲＥＥＮホールディングス 処理時間: 1.18s
2026-07-05 05:11:58,982 [DEBUG] [TIME] 7740 info: 0.18s
2026-07-05 05:11:58,983 [DEBUG] yfinance OK: 7740
2026-07-05 05:11:59,174 [DEBUG] [TIME] 7740 income_stmt: 0.19s
2026-07-05 05:11:59,393 [DEBUG] [TIME] 7740 balance_sheet: 0.22s
2026-07-05 05:11:59,594 [DEBUG] [TIME] 7740 cashflow: 0.20s
2026-07-05 05:11:59,868 [DEBUG] [TIME] 7740 dividends: 0.27s
2026-07-05 05:11:59,869 [INFO] [DETAIL] 7740 タムロン: income_stmt=OK, balance_sheet=OK, cashflow=OK, dividends=OK
2026-07-05 05:11:59,869 [INFO] [TIME] 7740 タムロン 処理時間: 1.07s
2026-07-05 05:12:01,438 [DEBUG] [TIME] 7741 info: 0.16s
2026-07-05 05:12:01,438 [DEBUG] yfinance OK: 7741
2026-07-05 05:12:01,619 [DEBUG] [TIME] 7741 income_stmt: 0.18s
2026-07-05 05:12:01,870 [DEBUG] [TIME] 7741 balance_sheet: 0.25s
2026-07-05 05:12:02,105 [DEBUG] [TIME] 7741 cashflow: 0.23s
2026-07-05 05:12:02,402 [DEBUG] [TIME] 7741 dividends: 0.30s
2026-07-05 05:12:02,403 [INFO] [DETAIL] 7741 ＨＯＹＡ: income_stmt=OK, balance_sheet=OK, cashflow=OK, dividends=OK
2026-07-05 05:12:02,403 [INFO] [TIME] 7741 ＨＯＹＡ 処理時間: 1.12s
2026-07-05 05:12:04,141 [DEBUG] [TIME] 7743 info: 0.18s
2026-07-05 05:12:04,141 [DEBUG] yfinance OK: 7743
2026-07-05 05:12:04,346 [DEBUG] [TIME] 7743 income_stmt: 0.20s
2026-07-05 05:12:04,583 [DEBUG] [TIME] 7743 balance_sheet: 0.24s
2026-07-05 05:12:04,796 [DEBUG] [TIME] 7743 cashflow: 0.21s
2026-07-05 05:12:05,095 [DEBUG] [TIME] 7743 dividends: 0.30s
2026-07-05 05:12:05,096 [INFO] [DETAIL] 7743 シード: income_stmt=OK, balance_sheet=OK, cashflow=OK, dividends=OK
2026-07-05 05:12:05,096 [INFO] [TIME] 7743 シード 処理時間: 1.14s
2026-07-05 05:12:06,400 [DEBUG] [TIME] 7744 info: 0.15s
2026-07-05 05:12:06,400 [DEBUG] yfinance OK: 7744
2026-07-05 05:12:06,564 [DEBUG] [TIME] 7744 income_stmt: 0.16s
2026-07-05 05:12:06,751 [DEBUG] [TIME] 7744 balance_sheet: 0.19s
2026-07-05 05:12:06,976 [DEBUG] [TIME] 7744 cashflow: 0.22s
2026-07-05 05:12:07,311 [DEBUG] [TIME] 7744 dividends: 0.33s
2026-07-05 05:12:07,312 [INFO] [DETAIL] 7744 ノーリツ鋼機: income_stmt=OK, balance_sheet=OK, cashflow=OK, dividends=OK
2026-07-05 05:12:07,312 [INFO] [TIME] 7744 ノーリツ鋼機 処理時間: 1.07s
2026-07-05 05:12:09,069 [DEBUG] [TIME] 7745 info: 0.15s
2026-07-05 05:12:09,069 [DEBUG] yfinance OK: 7745
2026-07-05 05:12:09,243 [DEBUG] [TIME] 7745 income_stmt: 0.17s
2026-07-05 05:12:09,483 [DEBUG] [TIME] 7745 balance_sheet: 0.24s
2026-07-05 05:12:09,690 [DEBUG] [TIME] 7745 cashflow: 0.21s
2026-07-05 05:12:09,930 [DEBUG] [TIME] 7745 dividends: 0.24s
2026-07-05 05:12:09,931 [INFO] [DETAIL] 7745 Ａ＆Ｄホロンホールディングス: income_stmt=OK, balance_sheet=OK, cashflow=OK, dividends=OK
2026-07-05 05:12:09,932 [INFO] [TIME] 7745 Ａ＆Ｄホロンホールディングス 処理時間: 1.02s
2026-07-05 05:12:11,919 [DEBUG] [TIME] 7746 info: 0.16s
2026-07-05 05:12:11,919 [DEBUG] yfinance OK: 7746
2026-07-05 05:12:12,120 [DEBUG] [TIME] 7746 income_stmt: 0.20s
2026-07-05 05:12:12,338 [DEBUG] [TIME] 7746 balance_sheet: 0.22s
2026-07-05 05:12:12,565 [DEBUG] [TIME] 7746 cashflow: 0.23s
2026-07-05 05:12:12,701 [DEBUG] [TIME] 7746 dividends: 0.14s
2026-07-05 05:12:12,701 [INFO] [DETAIL] 7746 岡本硝子: income_stmt=OK, balance_sheet=OK, cashflow=OK, dividends=EMPTY
2026-07-05 05:12:12,701 [INFO] [TIME] 7746 岡本硝子 処理時間: 0.94s
2026-07-05 05:12:14,178 [DEBUG] [TIME] 7747 info: 0.15s
2026-07-05 05:12:14,178 [DEBUG] yfinance OK: 7747
2026-07-05 05:12:14,343 [DEBUG] [TIME] 7747 income_stmt: 0.16s
2026-07-05 05:12:14,529 [DEBUG] [TIME] 7747 balance_sheet: 0.19s
2026-07-05 05:12:14,748 [DEBUG] [TIME] 7747 cashflow: 0.22s
2026-07-05 05:12:15,020 [DEBUG] [TIME] 7747 dividends: 0.27s
2026-07-05 05:12:15,021 [INFO] [DETAIL] 7747 朝日インテック: income_stmt=OK, balance_sheet=OK, cashflow=OK, dividends=OK
2026-07-05 05:12:15,021 [INFO] [TIME] 7747 朝日インテック 処理時間: 1.00s
2026-07-05 05:12:16,354 [DEBUG] [TIME] 7749 info: 0.16s
2026-07-05 05:12:16,354 [DEBUG] yfinance OK: 7749
2026-07-05 05:12:16,533 [DEBUG] [TIME] 7749 income_stmt: 0.18s
2026-07-05 05:12:16,826 [DEBUG] [TIME] 7749 balance_sheet: 0.29s
2026-07-05 05:12:16,999 [DEBUG] [TIME] 7749 cashflow: 0.17s
2026-07-05 05:12:17,285 [DEBUG] [TIME] 7749 dividends: 0.29s
2026-07-05 05:12:17,286 [INFO] [DETAIL] 7749 メディキット: income_stmt=OK, balance_sheet=OK, cashflow=OK, dividends=OK
2026-07-05 05:12:17,286 [INFO] [TIME] 7749 メディキット 処理時間: 1.10s
2026-07-05 05:12:19,196 [DEBUG] [TIME] 7751 info: 0.15s
2026-07-05 05:12:19,196 [DEBUG] yfinance OK: 7751
2026-07-05 05:12:19,395 [DEBUG] [TIME] 7751 income_stmt: 0.20s
2026-07-05 05:12:19,647 [DEBUG] [TIME] 7751 balance_sheet: 0.25s
2026-07-05 05:12:19,824 [DEBUG] [TIME] 7751 cashflow: 0.18s
2026-07-05 05:12:20,113 [DEBUG] [TIME] 7751 dividends: 0.29s
2026-07-05 05:12:20,114 [INFO] [DETAIL] 7751 キヤノン: income_stmt=OK, balance_sheet=OK, cashflow=OK, dividends=OK
2026-07-05 05:12:20,114 [INFO] [TIME] 7751 キヤノン 処理時間: 1.07s
2026-07-05 05:12:21,920 [DEBUG] [TIME] 7752 info: 0.16s
2026-07-05 05:12:21,920 [DEBUG] yfinance OK: 7752
2026-07-05 05:12:22,121 [DEBUG] [TIME] 7752 income_stmt: 0.20s
2026-07-05 05:12:22,359 [DEBUG] [TIME] 7752 balance_sheet: 0.24s
2026-07-05 05:12:22,547 [DEBUG] [TIME] 7752 cashflow: 0.19s
2026-07-05 05:12:22,830 [DEBUG] [TIME] 7752 dividends: 0.28s
2026-07-05 05:12:22,832 [INFO] [DETAIL] 7752 リコー: income_stmt=OK, balance_sheet=OK, cashflow=OK, dividends=OK
2026-07-05 05:12:22,832 [INFO] [TIME] 7752 リコー 処理時間: 1.07s
2026-07-05 05:12:24,307 [DEBUG] [TIME] 7760 info: 0.16s
2026-07-05 05:12:24,307 [DEBUG] yfinance OK: 7760
2026-07-05 05:12:24,515 [DEBUG] [TIME] 7760 income_stmt: 0.21s
2026-07-05 05:12:24,783 [DEBUG] [TIME] 7760 balance_sheet: 0.27s
2026-07-05 05:12:24,984 [DEBUG] [TIME] 7760 cashflow: 0.20s
2026-07-05 05:12:25,250 [DEBUG] [TIME] 7760 dividends: 0.27s
2026-07-05 05:12:25,251 [INFO] [DETAIL] 7760 ＩＭＶ: income_stmt=OK, balance_sheet=OK, cashflow=OK, dividends=OK
2026-07-05 05:12:25,251 [INFO] [TIME] 7760 ＩＭＶ 処理時間: 1.11s
2026-07-05 05:12:26,448 [DEBUG] [TIME] 7762 info: 0.15s
2026-07-05 05:12:26,448 [DEBUG] yfinance OK: 7762
2026-07-05 05:12:26,760 [DEBUG] [TIME] 7762 income_stmt: 0.31s
2026-07-05 05:12:27,033 [DEBUG] [TIME] 7762 balance_sheet: 0.27s
2026-07-05 05:12:27,218 [DEBUG] [TIME] 7762 cashflow: 0.18s
2026-07-05 05:12:27,556 [DEBUG] [TIME] 7762 dividends: 0.34s
2026-07-05 05:12:27,557 [INFO] [DETAIL] 7762 シチズン時計: income_stmt=OK, balance_sheet=OK, cashflow=OK, dividends=OK
2026-07-05 05:12:27,557 [INFO] [TIME] 7762 シチズン時計 処理時間: 1.26s
2026-07-05 05:12:28,889 [DEBUG] [TIME] 7769 info: 0.18s
2026-07-05 05:12:28,889 [DEBUG] yfinance OK: 7769
2026-07-05 05:12:29,105 [DEBUG] [TIME] 7769 income_stmt: 0.22s
2026-07-05 05:12:29,349 [DEBUG] [TIME] 7769 balance_sheet: 0.24s
2026-07-05 05:12:29,606 [DEBUG] [TIME] 7769 cashflow: 0.26s
2026-07-05 05:12:29,914 [DEBUG] [TIME] 7769 dividends: 0.31s
2026-07-05 05:12:29,915 [INFO] [DETAIL] 7769 リズム: income_stmt=OK, balance_sheet=OK, cashflow=OK, dividends=OK
2026-07-05 05:12:29,915 [INFO] [TIME] 7769 リズム 処理時間: 1.20s
2026-07-05 05:12:32,003 [DEBUG] [TIME] 7771 info: 0.20s
2026-07-05 05:12:32,003 [DEBUG] yfinance OK: 7771
2026-07-05 05:12:32,179 [DEBUG] [TIME] 7771 income_stmt: 0.18s
2026-07-05 05:12:32,428 [DEBUG] [TIME] 7771 balance_sheet: 0.25s
2026-07-05 05:12:32,617 [DEBUG] [TIME] 7771 cashflow: 0.19s
2026-07-05 05:12:32,811 [DEBUG] [TIME] 7771 dividends: 0.19s
2026-07-05 05:12:32,811 [INFO] [DETAIL] 7771 日本精密: income_stmt=OK, balance_sheet=OK, cashflow=OK, dividends=EMPTY
2026-07-05 05:12:32,811 [INFO] [TIME] 7771 日本精密 処理時間: 1.01s
2026-07-05 05:12:34,974 [DEBUG] [TIME] 7774 info: 0.20s
2026-07-05 05:12:34,974 [DEBUG] yfinance OK: 7774
2026-07-05 05:12:35,190 [DEBUG] [TIME] 7774 income_stmt: 0.22s
2026-07-05 05:12:35,439 [DEBUG] [TIME] 7774 balance_sheet: 0.25s
2026-07-05 05:12:35,667 [DEBUG] [TIME] 7774 cashflow: 0.23s
2026-07-05 05:12:35,850 [DEBUG] [TIME] 7774 dividends: 0.18s
2026-07-05 05:12:35,851 [INFO] [DETAIL] 7774 ジャパン・ティッシュエンジニアリング: income_stmt=OK, balance_sheet=OK, cashflow=OK, dividends=EMPTY
2026-07-05 05:12:35,851 [INFO] [TIME] 7774 ジャパン・ティッシュエンジニアリング 処理時間: 1.07s
2026-07-05 05:12:37,327 [DEBUG] [TIME] 7775 info: 0.15s
2026-07-05 05:12:37,327 [DEBUG] yfinance OK: 7775
2026-07-05 05:12:37,514 [DEBUG] [TIME] 7775 income_stmt: 0.19s
2026-07-05 05:12:37,845 [DEBUG] [TIME] 7775 balance_sheet: 0.33s
2026-07-05 05:12:38,035 [DEBUG] [TIME] 7775 cashflow: 0.19s
2026-07-05 05:12:38,239 [DEBUG] [TIME] 7775 dividends: 0.20s
2026-07-05 05:12:38,240 [INFO] [DETAIL] 7775 大研医器: income_stmt=OK, balance_sheet=OK, cashflow=OK, dividends=OK
2026-07-05 05:12:38,240 [INFO] [TIME] 7775 大研医器 処理時間: 1.07s
2026-07-05 05:12:40,228 [DEBUG] [TIME] 7776 info: 0.23s
2026-07-05 05:12:40,228 [DEBUG] yfinance OK: 7776
2026-07-05 05:12:40,417 [DEBUG] [TIME] 7776 income_stmt: 0.19s
2026-07-05 05:12:40,679 [DEBUG] [TIME] 7776 balance_sheet: 0.26s
2026-07-05 05:12:40,896 [DEBUG] [TIME] 7776 cashflow: 0.22s
2026-07-05 05:12:41,054 [DEBUG] [TIME] 7776 dividends: 0.16s
2026-07-05 05:12:41,054 [INFO] [DETAIL] 7776 セルシード: income_stmt=OK, balance_sheet=OK, cashflow=OK, dividends=EMPTY
2026-07-05 05:12:41,054 [INFO] [TIME] 7776 セルシード 処理時間: 1.05s
2026-07-05 05:12:42,901 [DEBUG] [TIME] 7777 info: 0.18s
2026-07-05 05:12:42,902 [DEBUG] yfinance OK: 7777
2026-07-05 05:12:43,109 [DEBUG] [TIME] 7777 income_stmt: 0.21s
2026-07-05 05:12:43,327 [DEBUG] [TIME] 7777 balance_sheet: 0.22s
2026-07-05 05:12:43,507 [DEBUG] [TIME] 7777 cashflow: 0.18s
2026-07-05 05:12:43,641 [DEBUG] [TIME] 7777 dividends: 0.13s
2026-07-05 05:12:43,641 [INFO] [DETAIL] 7777 スリー・ディー・マトリックス: income_stmt=OK, balance_sheet=OK, cashflow=OK, dividends=EMPTY
2026-07-05 05:12:43,641 [INFO] [TIME] 7777 スリー・ディー・マトリックス 処理時間: 0.92s
2026-07-05 05:12:45,055 [DEBUG] [TIME] 7779 info: 0.16s
2026-07-05 05:12:45,055 [DEBUG] yfinance OK: 7779
2026-07-05 05:12:45,236 [DEBUG] [TIME] 7779 income_stmt: 0.18s
2026-07-05 05:12:45,507 [DEBUG] [TIME] 7779 balance_sheet: 0.27s
2026-07-05 05:12:45,692 [DEBUG] [TIME] 7779 cashflow: 0.18s
2026-07-05 05:12:45,857 [DEBUG] [TIME] 7779 dividends: 0.16s
2026-07-05 05:12:45,857 [INFO] [DETAIL] 7779 ＣＹＢＥＲＤＹＮＥ: income_stmt=OK, balance_sheet=OK, cashflow=OK, dividends=EMPTY
2026-07-05 05:12:45,858 [INFO] [TIME] 7779 ＣＹＢＥＲＤＹＮＥ 処理時間: 0.96s
2026-07-05 05:12:47,878 [DEBUG] [TIME] 7780 info: 0.18s
2026-07-05 05:12:47,878 [DEBUG] yfinance OK: 7780
2026-07-05 05:12:48,063 [DEBUG] [TIME] 7780 income_stmt: 0.18s
2026-07-05 05:12:48,314 [DEBUG] [TIME] 7780 balance_sheet: 0.25s
2026-07-05 05:12:48,529 [DEBUG] [TIME] 7780 cashflow: 0.21s
2026-07-05 05:12:48,707 [DEBUG] [TIME] 7780 dividends: 0.18s
2026-07-05 05:12:48,708 [INFO] [DETAIL] 7780 メニコン: income_stmt=OK, balance_sheet=OK, cashflow=OK, dividends=OK
2026-07-05 05:12:48,708 [INFO] [TIME] 7780 メニコン 処理時間: 1.01s
2026-07-05 05:12:49,904 [DEBUG] [TIME] 7781 info: 0.15s
2026-07-05 05:12:49,904 [DEBUG] yfinance OK: 7781
2026-07-05 05:12:50,082 [DEBUG] [TIME] 7781 income_stmt: 0.18s
2026-07-05 05:12:50,323 [DEBUG] [TIME] 7781 balance_sheet: 0.24s
2026-07-05 05:12:50,553 [DEBUG] [TIME] 7781 cashflow: 0.23s
2026-07-05 05:12:50,765 [DEBUG] [TIME] 7781 dividends: 0.21s
2026-07-05 05:12:50,766 [INFO] [DETAIL] 7781 平山ホールディングス: income_stmt=OK, balance_sheet=OK, cashflow=OK, dividends=OK
2026-07-05 05:12:50,766 [INFO] [TIME] 7781 平山ホールディングス 処理時間: 1.02s
2026-07-05 05:12:52,456 [DEBUG] [TIME] 7782 info: 0.16s
2026-07-05 05:12:52,456 [DEBUG] yfinance OK: 7782
2026-07-05 05:12:52,638 [DEBUG] [TIME] 7782 income_stmt: 0.18s
2026-07-05 05:12:52,837 [DEBUG] [TIME] 7782 balance_sheet: 0.20s
2026-07-05 05:12:53,033 [DEBUG] [TIME] 7782 cashflow: 0.20s
2026-07-05 05:12:53,218 [DEBUG] [TIME] 7782 dividends: 0.18s
2026-07-05 05:12:53,219 [INFO] [DETAIL] 7782 シンシア: income_stmt=OK, balance_sheet=OK, cashflow=OK, dividends=OK
2026-07-05 05:12:53,219 [INFO] [TIME] 7782 シンシア 処理時間: 0.92s
2026-07-05 05:12:54,709 [DEBUG] [TIME] 7791 info: 0.15s
2026-07-05 05:12:54,709 [DEBUG] yfinance OK: 7791
2026-07-05 05:12:54,906 [DEBUG] [TIME] 7791 income_stmt: 0.20s
2026-07-05 05:12:55,141 [DEBUG] [TIME] 7791 balance_sheet: 0.23s
2026-07-05 05:12:55,319 [DEBUG] [TIME] 7791 cashflow: 0.18s
2026-07-05 05:12:55,473 [DEBUG] [TIME] 7791 dividends: 0.15s
2026-07-05 05:12:55,474 [INFO] [DETAIL] 7791 ドリームベッド: income_stmt=OK, balance_sheet=OK, cashflow=OK, dividends=OK
2026-07-05 05:12:55,474 [INFO] [TIME] 7791 ドリームベッド 処理時間: 0.92s
2026-07-05 05:12:57,514 [DEBUG] [TIME] 7792 info: 0.15s
2026-07-05 05:12:57,514 [DEBUG] yfinance OK: 7792
2026-07-05 05:12:57,715 [DEBUG] [TIME] 7792 income_stmt: 0.20s
2026-07-05 05:12:57,960 [DEBUG] [TIME] 7792 balance_sheet: 0.24s
2026-07-05 05:12:58,160 [DEBUG] [TIME] 7792 cashflow: 0.20s
2026-07-05 05:12:58,295 [DEBUG] [TIME] 7792 dividends: 0.13s
2026-07-05 05:12:58,295 [INFO] [DETAIL] 7792 コラントッテ: income_stmt=OK, balance_sheet=OK, cashflow=OK, dividends=OK
2026-07-05 05:12:58,296 [INFO] [TIME] 7792 コラントッテ 処理時間: 0.93s
2026-07-05 05:13:00,017 [DEBUG] [TIME] 7793 info: 0.15s
2026-07-05 05:13:00,017 [DEBUG] yfinance OK: 7793
2026-07-05 05:13:00,187 [DEBUG] [TIME] 7793 income_stmt: 0.17s
2026-07-05 05:13:00,449 [DEBUG] [TIME] 7793 balance_sheet: 0.26s
2026-07-05 05:13:00,682 [DEBUG] [TIME] 7793 cashflow: 0.23s
2026-07-05 05:13:00,809 [DEBUG] [TIME] 7793 dividends: 0.13s
2026-07-05 05:13:00,810 [INFO] [DETAIL] 7793 イメージ・マジック: income_stmt=OK, balance_sheet=OK, cashflow=OK, dividends=OK
2026-07-05 05:13:00,810 [INFO] [TIME] 7793 イメージ・マジック 処理時間: 0.95s
2026-07-05 05:13:02,496 [DEBUG] [TIME] 7794 info: 0.16s
2026-07-05 05:13:02,496 [DEBUG] yfinance OK: 7794
2026-07-05 05:13:02,659 [DEBUG] [TIME] 7794 income_stmt: 0.16s
2026-07-05 05:13:02,913 [DEBUG] [TIME] 7794 balance_sheet: 0.25s
2026-07-05 05:13:03,112 [DEBUG] [TIME] 7794 cashflow: 0.20s
2026-07-05 05:13:03,231 [DEBUG] [TIME] 7794 dividends: 0.12s
2026-07-05 05:13:03,231 [INFO] [DETAIL] 7794 イーディーピー: income_stmt=OK, balance_sheet=OK, cashflow=OK, dividends=EMPTY
2026-07-05 05:13:03,232 [INFO] [TIME] 7794 イーディーピー 処理時間: 0.89s
2026-07-05 05:13:04,762 [DEBUG] [TIME] 7795 info: 0.16s
2026-07-05 05:13:04,762 [DEBUG] yfinance OK: 7795
2026-07-05 05:13:04,943 [DEBUG] [TIME] 7795 income_stmt: 0.18s
2026-07-05 05:13:05,171 [DEBUG] [TIME] 7795 balance_sheet: 0.23s
2026-07-05 05:13:05,423 [DEBUG] [TIME] 7795 cashflow: 0.25s
2026-07-05 05:13:05,528 [DEBUG] [TIME] 7795 dividends: 0.10s
2026-07-05 05:13:05,529 [INFO] [DETAIL] 7795 ＫＹＯＲＩＴＳＵ: income_stmt=OK, balance_sheet=OK, cashflow=OK, dividends=OK
2026-07-05 05:13:05,529 [INFO] [TIME] 7795 ＫＹＯＲＩＴＳＵ 処理時間: 0.93s
2026-07-05 05:13:07,480 [DEBUG] [TIME] 7800 info: 0.18s
2026-07-05 05:13:07,480 [DEBUG] yfinance OK: 7800
2026-07-05 05:13:07,655 [DEBUG] [TIME] 7800 income_stmt: 0.18s
2026-07-05 05:13:07,895 [DEBUG] [TIME] 7800 balance_sheet: 0.24s
2026-07-05 05:13:08,090 [DEBUG] [TIME] 7800 cashflow: 0.19s
2026-07-05 05:13:08,220 [DEBUG] [TIME] 7800 dividends: 0.13s
2026-07-05 05:13:08,221 [INFO] [DETAIL] 7800 アミファ: income_stmt=OK, balance_sheet=OK, cashflow=OK, dividends=OK
2026-07-05 05:13:08,221 [INFO] [TIME] 7800 アミファ 処理時間: 0.92s
2026-07-05 05:13:10,093 [DEBUG] [TIME] 7803 info: 0.16s
2026-07-05 05:13:10,093 [DEBUG] yfinance OK: 7803
2026-07-05 05:13:10,322 [DEBUG] [TIME] 7803 income_stmt: 0.23s
2026-07-05 05:13:10,604 [DEBUG] [TIME] 7803 balance_sheet: 0.28s
2026-07-05 05:13:10,821 [DEBUG] [TIME] 7803 cashflow: 0.22s
2026-07-05 05:13:10,965 [DEBUG] [TIME] 7803 dividends: 0.14s
2026-07-05 05:13:10,966 [INFO] [DETAIL] 7803 ブシロード: income_stmt=OK, balance_sheet=OK, cashflow=OK, dividends=OK
2026-07-05 05:13:10,967 [INFO] [TIME] 7803 ブシロード 処理時間: 1.04s
2026-07-05 05:13:12,954 [DEBUG] [TIME] 7804 info: 0.16s
2026-07-05 05:13:12,954 [DEBUG] yfinance OK: 7804
2026-07-05 05:13:13,221 [DEBUG] [TIME] 7804 income_stmt: 0.27s
2026-07-05 05:13:13,456 [DEBUG] [TIME] 7804 balance_sheet: 0.23s
2026-07-05 05:13:13,674 [DEBUG] [TIME] 7804 cashflow: 0.22s
2026-07-05 05:13:13,806 [DEBUG] [TIME] 7804 dividends: 0.13s
2026-07-05 05:13:13,807 [INFO] [DETAIL] 7804 ビーアンドピー: income_stmt=OK, balance_sheet=OK, cashflow=OK, dividends=OK
2026-07-05 05:13:13,808 [INFO] [TIME] 7804 ビーアンドピー 処理時間: 1.01s
2026-07-05 05:13:15,973 [DEBUG] [TIME] 7805 info: 0.16s
2026-07-05 05:13:15,973 [DEBUG] yfinance OK: 7805
2026-07-05 05:13:16,205 [DEBUG] [TIME] 7805 income_stmt: 0.23s
2026-07-05 05:13:16,427 [DEBUG] [TIME] 7805 balance_sheet: 0.22s
2026-07-05 05:13:16,616 [DEBUG] [TIME] 7805 cashflow: 0.19s
2026-07-05 05:13:16,752 [DEBUG] [TIME] 7805 dividends: 0.14s
2026-07-05 05:13:16,753 [INFO] [DETAIL] 7805 プリントネット: income_stmt=OK, balance_sheet=OK, cashflow=OK, dividends=OK
2026-07-05 05:13:16,753 [INFO] [TIME] 7805 プリントネット 処理時間: 0.94s
2026-07-05 05:13:18,360 [DEBUG] [TIME] 7806 info: 0.16s
2026-07-05 05:13:18,360 [DEBUG] yfinance OK: 7806
2026-07-05 05:13:18,543 [DEBUG] [TIME] 7806 income_stmt: 0.18s
2026-07-05 05:13:18,781 [DEBUG] [TIME] 7806 balance_sheet: 0.24s
2026-07-05 05:13:18,995 [DEBUG] [TIME] 7806 cashflow: 0.21s
2026-07-05 05:13:19,136 [DEBUG] [TIME] 7806 dividends: 0.14s
2026-07-05 05:13:19,137 [INFO] [DETAIL] 7806 ＭＴＧ: income_stmt=OK, balance_sheet=OK, cashflow=OK, dividends=OK
2026-07-05 05:13:19,137 [INFO] [TIME] 7806 ＭＴＧ 処理時間: 0.94s
2026-07-05 05:13:21,270 [DEBUG] [TIME] 7807 info: 0.18s
2026-07-05 05:13:21,270 [DEBUG] yfinance OK: 7807
2026-07-05 05:13:21,435 [DEBUG] [TIME] 7807 income_stmt: 0.16s
2026-07-05 05:13:21,642 [DEBUG] [TIME] 7807 balance_sheet: 0.21s
2026-07-05 05:13:21,838 [DEBUG] [TIME] 7807 cashflow: 0.20s
2026-07-05 05:13:21,984 [DEBUG] [TIME] 7807 dividends: 0.15s
2026-07-05 05:13:21,985 [INFO] [DETAIL] 7807 幸和製作所: income_stmt=OK, balance_sheet=OK, cashflow=OK, dividends=OK
2026-07-05 05:13:21,985 [INFO] [TIME] 7807 幸和製作所 処理時間: 0.90s
2026-07-05 05:13:23,286 [DEBUG] [TIME] 7808 info: 0.16s
2026-07-05 05:13:23,286 [DEBUG] yfinance OK: 7808
2026-07-05 05:13:23,484 [DEBUG] [TIME] 7808 income_stmt: 0.20s
2026-07-05 05:13:23,699 [DEBUG] [TIME] 7808 balance_sheet: 0.21s
2026-07-05 05:13:23,888 [DEBUG] [TIME] 7808 cashflow: 0.19s
2026-07-05 05:13:24,032 [DEBUG] [TIME] 7808 dividends: 0.14s
2026-07-05 05:13:24,033 [INFO] [DETAIL] 7808 シー・エス・ランバー: income_stmt=OK, balance_sheet=OK, cashflow=OK, dividends=OK
2026-07-05 05:13:24,033 [INFO] [TIME] 7808 シー・エス・ランバー 処理時間: 0.90s
2026-07-05 05:13:25,708 [DEBUG] [TIME] 7809 info: 0.15s
2026-07-05 05:13:25,708 [DEBUG] yfinance OK: 7809
2026-07-05 05:13:25,928 [DEBUG] [TIME] 7809 income_stmt: 0.22s
2026-07-05 05:13:26,155 [DEBUG] [TIME] 7809 balance_sheet: 0.23s
2026-07-05 05:13:26,338 [DEBUG] [TIME] 7809 cashflow: 0.18s
2026-07-05 05:13:26,504 [DEBUG] [TIME] 7809 dividends: 0.17s
2026-07-05 05:13:26,505 [INFO] [DETAIL] 7809 壽屋: income_stmt=OK, balance_sheet=OK, cashflow=OK, dividends=OK
2026-07-05 05:13:26,505 [INFO] [TIME] 7809 壽屋 処理時間: 0.95s
2026-07-05 05:13:27,746 [DEBUG] [TIME] 7810 info: 0.16s
2026-07-05 05:13:27,747 [DEBUG] yfinance OK: 7810
2026-07-05 05:13:27,923 [DEBUG] [TIME] 7810 income_stmt: 0.18s
2026-07-05 05:13:28,159 [DEBUG] [TIME] 7810 balance_sheet: 0.23s
2026-07-05 05:13:28,368 [DEBUG] [TIME] 7810 cashflow: 0.21s
2026-07-05 05:13:28,529 [DEBUG] [TIME] 7810 dividends: 0.16s
2026-07-05 05:13:28,530 [INFO] [DETAIL] 7810 クロスフォー: income_stmt=OK, balance_sheet=OK, cashflow=OK, dividends=OK
2026-07-05 05:13:28,530 [INFO] [TIME] 7810 クロスフォー 処理時間: 0.94s
2026-07-05 05:13:30,329 [DEBUG] [TIME] 7811 info: 0.15s
2026-07-05 05:13:30,329 [DEBUG] yfinance OK: 7811
2026-07-05 05:13:30,494 [DEBUG] [TIME] 7811 income_stmt: 0.16s
2026-07-05 05:13:30,750 [DEBUG] [TIME] 7811 balance_sheet: 0.26s
2026-07-05 05:13:30,953 [DEBUG] [TIME] 7811 cashflow: 0.20s
2026-07-05 05:13:31,156 [DEBUG] [TIME] 7811 dividends: 0.20s
2026-07-05 05:13:31,157 [INFO] [DETAIL] 7811 中本パックス: income_stmt=OK, balance_sheet=OK, cashflow=OK, dividends=OK
2026-07-05 05:13:31,157 [INFO] [TIME] 7811 中本パックス 処理時間: 0.98s
2026-07-05 05:13:33,126 [DEBUG] [TIME] 7812 info: 0.16s
2026-07-05 05:13:33,126 [DEBUG] yfinance OK: 7812
2026-07-05 05:13:33,314 [DEBUG] [TIME] 7812 income_stmt: 0.19s
2026-07-05 05:13:33,540 [DEBUG] [TIME] 7812 balance_sheet: 0.23s
2026-07-05 05:13:33,775 [DEBUG] [TIME] 7812 cashflow: 0.23s
2026-07-05 05:13:33,939 [DEBUG] [TIME] 7812 dividends: 0.16s
2026-07-05 05:13:33,940 [INFO] [DETAIL] 7812 クレステック: income_stmt=OK, balance_sheet=OK, cashflow=OK, dividends=OK
2026-07-05 05:13:33,940 [INFO] [TIME] 7812 クレステック 処理時間: 0.97s
2026-07-05 05:13:35,347 [DEBUG] [TIME] 7813 info: 0.19s
2026-07-05 05:13:35,347 [DEBUG] yfinance OK: 7813
2026-07-05 05:13:35,518 [DEBUG] [TIME] 7813 income_stmt: 0.17s
2026-07-05 05:13:35,752 [DEBUG] [TIME] 7813 balance_sheet: 0.23s
2026-07-05 05:13:35,932 [DEBUG] [TIME] 7813 cashflow: 0.18s
2026-07-05 05:13:36,106 [DEBUG] [TIME] 7813 dividends: 0.17s
2026-07-05 05:13:36,107 [INFO] [DETAIL] 7813 プラッツ: income_stmt=OK, balance_sheet=OK, cashflow=OK, dividends=OK
2026-07-05 05:13:36,107 [INFO] [TIME] 7813 プラッツ 処理時間: 0.95s
2026-07-05 05:13:37,529 [DEBUG] [TIME] 7814 info: 0.16s
2026-07-05 05:13:37,529 [DEBUG] yfinance OK: 7814
2026-07-05 05:13:37,716 [DEBUG] [TIME] 7814 income_stmt: 0.19s
2026-07-05 05:13:37,963 [DEBUG] [TIME] 7814 balance_sheet: 0.25s
2026-07-05 05:13:38,171 [DEBUG] [TIME] 7814 cashflow: 0.21s
2026-07-05 05:13:38,462 [DEBUG] [TIME] 7814 dividends: 0.29s
2026-07-05 05:13:38,463 [INFO] [DETAIL] 7814 日本創発グループ: income_stmt=OK, balance_sheet=OK, cashflow=OK, dividends=OK
2026-07-05 05:13:38,464 [INFO] [TIME] 7814 日本創発グループ 処理時間: 1.10s
2026-07-05 05:13:39,689 [DEBUG] [TIME] 7815 info: 0.16s
2026-07-05 05:13:39,689 [DEBUG] yfinance OK: 7815
2026-07-05 05:13:39,879 [DEBUG] [TIME] 7815 income_stmt: 0.19s
2026-07-05 05:13:40,119 [DEBUG] [TIME] 7815 balance_sheet: 0.24s
2026-07-05 05:13:40,331 [DEBUG] [TIME] 7815 cashflow: 0.21s
2026-07-05 05:13:40,517 [DEBUG] [TIME] 7815 dividends: 0.19s
2026-07-05 05:13:40,518 [INFO] [DETAIL] 7815 東京ボード工業: income_stmt=OK, balance_sheet=OK, cashflow=OK, dividends=OK
2026-07-05 05:13:40,518 [INFO] [TIME] 7815 東京ボード工業 処理時間: 0.99s
2026-07-05 05:13:42,480 [DEBUG] [TIME] 7818 info: 0.15s
2026-07-05 05:13:42,480 [DEBUG] yfinance OK: 7818
2026-07-05 05:13:42,673 [DEBUG] [TIME] 7818 income_stmt: 0.19s
2026-07-05 05:13:42,936 [DEBUG] [TIME] 7818 balance_sheet: 0.26s
2026-07-05 05:13:43,169 [DEBUG] [TIME] 7818 cashflow: 0.23s
2026-07-05 05:13:43,373 [DEBUG] [TIME] 7818 dividends: 0.20s
2026-07-05 05:13:43,374 [INFO] [DETAIL] 7818 トランザクション: income_stmt=OK, balance_sheet=OK, cashflow=OK, dividends=OK
2026-07-05 05:13:43,374 [INFO] [TIME] 7818 トランザクション 処理時間: 1.04s
2026-07-05 05:13:45,465 [DEBUG] [TIME] 7819 info: 0.16s
2026-07-05 05:13:45,466 [DEBUG] yfinance OK: 7819
2026-07-05 05:13:45,669 [DEBUG] [TIME] 7819 income_stmt: 0.20s
2026-07-05 05:13:45,916 [DEBUG] [TIME] 7819 balance_sheet: 0.25s
2026-07-05 05:13:46,113 [DEBUG] [TIME] 7819 cashflow: 0.20s
2026-07-05 05:13:46,342 [DEBUG] [TIME] 7819 dividends: 0.23s
2026-07-05 05:13:46,343 [INFO] [DETAIL] 7819 粧美堂: income_stmt=OK, balance_sheet=OK, cashflow=OK, dividends=OK
2026-07-05 05:13:46,343 [INFO] [TIME] 7819 粧美堂 処理時間: 1.03s
2026-07-05 05:13:47,595 [DEBUG] [TIME] 7820 info: 0.16s
2026-07-05 05:13:47,595 [DEBUG] yfinance OK: 7820
2026-07-05 05:13:47,789 [DEBUG] [TIME] 7820 income_stmt: 0.19s
2026-07-05 05:13:48,086 [DEBUG] [TIME] 7820 balance_sheet: 0.30s
2026-07-05 05:13:48,280 [DEBUG] [TIME] 7820 cashflow: 0.19s
2026-07-05 05:13:48,498 [DEBUG] [TIME] 7820 dividends: 0.22s
2026-07-05 05:13:48,499 [INFO] [DETAIL] 7820 ニホンフラッシュ: income_stmt=OK, balance_sheet=OK, cashflow=OK, dividends=OK
2026-07-05 05:13:48,499 [INFO] [TIME] 7820 ニホンフラッシュ 処理時間: 1.06s
2026-07-05 05:13:50,541 [DEBUG] [TIME] 7821 info: 0.16s
2026-07-05 05:13:50,541 [DEBUG] yfinance OK: 7821
2026-07-05 05:13:50,746 [DEBUG] [TIME] 7821 income_stmt: 0.20s
2026-07-05 05:13:50,988 [DEBUG] [TIME] 7821 balance_sheet: 0.24s
2026-07-05 05:13:51,177 [DEBUG] [TIME] 7821 cashflow: 0.19s
2026-07-05 05:13:51,381 [DEBUG] [TIME] 7821 dividends: 0.20s
2026-07-05 05:13:51,382 [INFO] [DETAIL] 7821 前田工繊: income_stmt=OK, balance_sheet=OK, cashflow=OK, dividends=OK
2026-07-05 05:13:51,382 [INFO] [TIME] 7821 前田工繊 処理時間: 1.00s
2026-07-05 05:13:53,167 [DEBUG] [TIME] 7822 info: 0.16s
2026-07-05 05:13:53,167 [DEBUG] yfinance OK: 7822
2026-07-05 05:13:53,344 [DEBUG] [TIME] 7822 income_stmt: 0.18s
2026-07-05 05:13:53,559 [DEBUG] [TIME] 7822 balance_sheet: 0.21s
2026-07-05 05:13:53,748 [DEBUG] [TIME] 7822 cashflow: 0.19s
2026-07-05 05:13:54,013 [DEBUG] [TIME] 7822 dividends: 0.26s
2026-07-05 05:13:54,014 [INFO] [DETAIL] 7822 永大産業: income_stmt=OK, balance_sheet=OK, cashflow=OK, dividends=OK
2026-07-05 05:13:54,014 [INFO] [TIME] 7822 永大産業 処理時間: 1.01s
2026-07-05 05:13:55,236 [DEBUG] [TIME] 7823 info: 0.15s
2026-07-05 05:13:55,236 [DEBUG] yfinance OK: 7823
2026-07-05 05:13:55,424 [DEBUG] [TIME] 7823 income_stmt: 0.19s
2026-07-05 05:13:55,660 [DEBUG] [TIME] 7823 balance_sheet: 0.24s
2026-07-05 05:13:55,852 [DEBUG] [TIME] 7823 cashflow: 0.19s
2026-07-05 05:13:56,076 [DEBUG] [TIME] 7823 dividends: 0.22s
2026-07-05 05:13:56,077 [INFO] [DETAIL] 7823 アートネイチャー: income_stmt=OK, balance_sheet=OK, cashflow=OK, dividends=OK
2026-07-05 05:13:56,077 [INFO] [TIME] 7823 アートネイチャー 処理時間: 0.99s
2026-07-05 05:13:57,785 [DEBUG] [TIME] 7826 info: 0.16s
2026-07-05 05:13:57,785 [DEBUG] yfinance OK: 7826
2026-07-05 05:13:57,980 [DEBUG] [TIME] 7826 income_stmt: 0.20s
2026-07-05 05:13:58,196 [DEBUG] [TIME] 7826 balance_sheet: 0.22s
2026-07-05 05:13:58,386 [DEBUG] [TIME] 7826 cashflow: 0.19s
2026-07-05 05:13:58,658 [DEBUG] [TIME] 7826 dividends: 0.27s
2026-07-05 05:13:58,659 [INFO] [DETAIL] 7826 フルヤ金属: income_stmt=OK, balance_sheet=OK, cashflow=OK, dividends=OK
2026-07-05 05:13:58,659 [INFO] [TIME] 7826 フルヤ金属 処理時間: 1.03s
2026-07-05 05:13:59,897 [DEBUG] [TIME] 7827 info: 0.19s
2026-07-05 05:13:59,897 [DEBUG] yfinance OK: 7827
2026-07-05 05:14:00,114 [DEBUG] [TIME] 7827 income_stmt: 0.22s
2026-07-05 05:14:00,371 [DEBUG] [TIME] 7827 balance_sheet: 0.26s
2026-07-05 05:14:00,602 [DEBUG] [TIME] 7827 cashflow: 0.23s
2026-07-05 05:14:00,826 [DEBUG] [TIME] 7827 dividends: 0.22s
2026-07-05 05:14:00,827 [INFO] [DETAIL] 7827 オービス: income_stmt=OK, balance_sheet=OK, cashflow=OK, dividends=OK
2026-07-05 05:14:00,827 [INFO] [TIME] 7827 オービス 処理時間: 1.12s
2026-07-05 05:14:02,490 [DEBUG] [TIME] 7831 info: 0.19s
2026-07-05 05:14:02,490 [DEBUG] yfinance OK: 7831
2026-07-05 05:14:02,674 [DEBUG] [TIME] 7831 income_stmt: 0.18s
2026-07-05 05:14:02,893 [DEBUG] [TIME] 7831 balance_sheet: 0.22s
2026-07-05 05:14:03,108 [DEBUG] [TIME] 7831 cashflow: 0.21s
2026-07-05 05:14:03,366 [DEBUG] [TIME] 7831 dividends: 0.26s
2026-07-05 05:14:03,367 [INFO] [DETAIL] 7831 ウイルコホールディングス: income_stmt=OK, balance_sheet=OK, cashflow=OK, dividends=OK
2026-07-05 05:14:03,367 [INFO] [TIME] 7831 ウイルコホールディングス 処理時間: 1.07s
2026-07-05 05:14:05,033 [DEBUG] [TIME] 7832 info: 0.16s
2026-07-05 05:14:05,033 [DEBUG] yfinance OK: 7832
2026-07-05 05:14:05,230 [DEBUG] [TIME] 7832 income_stmt: 0.20s
2026-07-05 05:14:05,469 [DEBUG] [TIME] 7832 balance_sheet: 0.24s
2026-07-05 05:14:05,705 [DEBUG] [TIME] 7832 cashflow: 0.24s
2026-07-05 05:14:05,968 [DEBUG] [TIME] 7832 dividends: 0.26s
2026-07-05 05:14:05,969 [INFO] [DETAIL] 7832 バンダイナムコホールディングス: income_stmt=OK, balance_sheet=OK, cashflow=OK, dividends=OK
2026-07-05 05:14:05,970 [INFO] [TIME] 7832 バンダイナムコホールディングス 処理時間: 1.09s
2026-07-05 05:14:07,395 [DEBUG] [TIME] 7833 info: 0.16s
2026-07-05 05:14:07,395 [DEBUG] yfinance OK: 7833
2026-07-05 05:14:07,609 [DEBUG] [TIME] 7833 income_stmt: 0.21s
2026-07-05 05:14:07,852 [DEBUG] [TIME] 7833 balance_sheet: 0.24s
2026-07-05 05:14:08,054 [DEBUG] [TIME] 7833 cashflow: 0.20s
2026-07-05 05:14:08,280 [DEBUG] [TIME] 7833 dividends: 0.23s
2026-07-05 05:14:08,281 [INFO] [DETAIL] 7833 アイフィスジャパン: income_stmt=OK, balance_sheet=OK, cashflow=OK, dividends=OK
2026-07-05 05:14:08,281 [INFO] [TIME] 7833 アイフィスジャパン 処理時間: 1.05s
2026-07-05 05:14:10,368 [DEBUG] [TIME] 7836 info: 0.16s
2026-07-05 05:14:10,369 [DEBUG] yfinance OK: 7836
2026-07-05 05:14:10,577 [DEBUG] [TIME] 7836 income_stmt: 0.21s
2026-07-05 05:14:10,808 [DEBUG] [TIME] 7836 balance_sheet: 0.23s
2026-07-05 05:14:10,991 [DEBUG] [TIME] 7836 cashflow: 0.18s
2026-07-05 05:14:11,186 [DEBUG] [TIME] 7836 dividends: 0.19s
2026-07-05 05:14:11,187 [INFO] [DETAIL] 7836 アビックス: income_stmt=OK, balance_sheet=OK, cashflow=OK, dividends=EMPTY
2026-07-05 05:14:11,187 [INFO] [TIME] 7836 アビックス 処理時間: 0.98s
2026-07-05 05:14:13,215 [DEBUG] [TIME] 7837 info: 0.16s
2026-07-05 05:14:13,215 [DEBUG] yfinance OK: 7837
2026-07-05 05:14:13,416 [DEBUG] [TIME] 7837 income_stmt: 0.20s
2026-07-05 05:14:13,675 [DEBUG] [TIME] 7837 balance_sheet: 0.26s
2026-07-05 05:14:13,873 [DEBUG] [TIME] 7837 cashflow: 0.20s
2026-07-05 05:14:14,109 [DEBUG] [TIME] 7837 dividends: 0.23s
2026-07-05 05:14:14,110 [INFO] [DETAIL] 7837 アールシーコア: income_stmt=OK, balance_sheet=OK, cashflow=OK, dividends=OK
2026-07-05 05:14:14,110 [INFO] [TIME] 7837 アールシーコア 処理時間: 1.05s
2026-07-05 05:14:16,052 [DEBUG] [TIME] 7839 info: 0.16s
2026-07-05 05:14:16,052 [DEBUG] yfinance OK: 7839
2026-07-05 05:14:16,246 [DEBUG] [TIME] 7839 income_stmt: 0.19s
2026-07-05 05:14:16,463 [DEBUG] [TIME] 7839 balance_sheet: 0.22s
2026-07-05 05:14:16,672 [DEBUG] [TIME] 7839 cashflow: 0.21s
2026-07-05 05:14:16,905 [DEBUG] [TIME] 7839 dividends: 0.23s
2026-07-05 05:14:16,906 [INFO] [DETAIL] 7839 ＳＨＯＥＩ: income_stmt=OK, balance_sheet=OK, cashflow=OK, dividends=OK
2026-07-05 05:14:16,906 [INFO] [TIME] 7839 ＳＨＯＥＩ 処理時間: 1.01s
2026-07-05 05:14:18,541 [DEBUG] [TIME] 7840 info: 0.18s
2026-07-05 05:14:18,541 [DEBUG] yfinance OK: 7840
2026-07-05 05:14:18,721 [DEBUG] [TIME] 7840 income_stmt: 0.18s
2026-07-05 05:14:18,931 [DEBUG] [TIME] 7840 balance_sheet: 0.21s
2026-07-05 05:14:19,149 [DEBUG] [TIME] 7840 cashflow: 0.22s
2026-07-05 05:14:19,425 [DEBUG] [TIME] 7840 dividends: 0.28s
2026-07-05 05:14:19,426 [INFO] [DETAIL] 7840 フランスベッドホールディングス: income_stmt=OK, balance_sheet=OK, cashflow=OK, dividends=OK
2026-07-05 05:14:19,427 [INFO] [TIME] 7840 フランスベッドホールディングス 処理時間: 1.06s
2026-07-05 05:14:21,098 [DEBUG] [TIME] 7841 info: 0.26s
2026-07-05 05:14:21,099 [DEBUG] yfinance OK: 7841
2026-07-05 05:14:21,285 [DEBUG] [TIME] 7841 income_stmt: 0.19s
2026-07-05 05:14:21,497 [DEBUG] [TIME] 7841 balance_sheet: 0.21s
2026-07-05 05:14:21,706 [DEBUG] [TIME] 7841 cashflow: 0.21s
2026-07-05 05:14:21,947 [DEBUG] [TIME] 7841 dividends: 0.24s
2026-07-05 05:14:21,948 [INFO] [DETAIL] 7841 遠藤製作所: income_stmt=OK, balance_sheet=OK, cashflow=OK, dividends=OK
2026-07-05 05:14:21,948 [INFO] [TIME] 7841 遠藤製作所 処理時間: 1.11s
2026-07-05 05:14:23,401 [DEBUG] [TIME] 7844 info: 0.15s
2026-07-05 05:14:23,401 [DEBUG] yfinance OK: 7844
2026-07-05 05:14:23,645 [DEBUG] [TIME] 7844 income_stmt: 0.24s
2026-07-05 05:14:23,871 [DEBUG] [TIME] 7844 balance_sheet: 0.22s
2026-07-05 05:14:24,101 [DEBUG] [TIME] 7844 cashflow: 0.23s
2026-07-05 05:14:24,356 [DEBUG] [TIME] 7844 dividends: 0.25s
2026-07-05 05:14:24,357 [INFO] [DETAIL] 7844 マーベラス: income_stmt=OK, balance_sheet=OK, cashflow=OK, dividends=OK
2026-07-05 05:14:24,357 [INFO] [TIME] 7844 マーベラス 処理時間: 1.11s
2026-07-05 05:14:25,650 [DEBUG] [TIME] 7846 info: 0.19s
2026-07-05 05:14:25,650 [DEBUG] yfinance OK: 7846
2026-07-05 05:14:25,844 [DEBUG] [TIME] 7846 income_stmt: 0.19s
2026-07-05 05:14:26,080 [DEBUG] [TIME] 7846 balance_sheet: 0.23s
2026-07-05 05:14:26,291 [DEBUG] [TIME] 7846 cashflow: 0.21s
2026-07-05 05:14:26,601 [DEBUG] [TIME] 7846 dividends: 0.31s
2026-07-05 05:14:26,602 [INFO] [DETAIL] 7846 パイロットコーポレーション: income_stmt=OK, balance_sheet=OK, cashflow=OK, dividends=OK
2026-07-05 05:14:26,602 [INFO] [TIME] 7846 パイロットコーポレーション 処理時間: 1.14s
2026-07-05 05:14:28,199 [DEBUG] [TIME] 7847 info: 0.16s
2026-07-05 05:14:28,199 [DEBUG] yfinance OK: 7847
2026-07-05 05:14:28,437 [DEBUG] [TIME] 7847 income_stmt: 0.24s
2026-07-05 05:14:28,809 [DEBUG] [TIME] 7847 balance_sheet: 0.37s
2026-07-05 05:14:29,006 [DEBUG] [TIME] 7847 cashflow: 0.20s
2026-07-05 05:14:29,303 [DEBUG] [TIME] 7847 dividends: 0.30s
2026-07-05 05:14:29,304 [INFO] [DETAIL] 7847 グラファイトデザイン: income_stmt=OK, balance_sheet=OK, cashflow=OK, dividends=OK
2026-07-05 05:14:29,304 [INFO] [TIME] 7847 グラファイトデザイン 処理時間: 1.26s
2026-07-05 05:14:30,788 [DEBUG] [TIME] 7849 info: 0.16s
2026-07-05 05:14:30,789 [DEBUG] yfinance OK: 7849
2026-07-05 05:14:30,976 [DEBUG] [TIME] 7849 income_stmt: 0.19s
2026-07-05 05:14:31,214 [DEBUG] [TIME] 7849 balance_sheet: 0.24s
2026-07-05 05:14:31,415 [DEBUG] [TIME] 7849 cashflow: 0.20s
2026-07-05 05:14:31,699 [DEBUG] [TIME] 7849 dividends: 0.28s
2026-07-05 05:14:31,700 [INFO] [DETAIL] 7849 スターツ出版: income_stmt=OK, balance_sheet=OK, cashflow=OK, dividends=OK
2026-07-05 05:14:31,701 [INFO] [TIME] 7849 スターツ出版 処理時間: 1.07s
2026-07-05 05:14:33,484 [DEBUG] [TIME] 7850 info: 0.16s
2026-07-05 05:14:33,484 [DEBUG] yfinance OK: 7850
2026-07-05 05:14:33,670 [DEBUG] [TIME] 7850 income_stmt: 0.19s
2026-07-05 05:14:33,926 [DEBUG] [TIME] 7850 balance_sheet: 0.26s
2026-07-05 05:14:34,112 [DEBUG] [TIME] 7850 cashflow: 0.19s
2026-07-05 05:14:34,400 [DEBUG] [TIME] 7850 dividends: 0.29s
2026-07-05 05:14:34,401 [INFO] [DETAIL] 7850 総合商研: income_stmt=OK, balance_sheet=OK, cashflow=OK, dividends=OK
2026-07-05 05:14:34,401 [INFO] [TIME] 7850 総合商研 処理時間: 1.07s
2026-07-05 05:14:36,449 [DEBUG] [TIME] 7851 info: 0.15s
2026-07-05 05:14:36,449 [DEBUG] yfinance OK: 7851
2026-07-05 05:14:36,670 [DEBUG] [TIME] 7851 income_stmt: 0.22s
2026-07-05 05:14:36,899 [DEBUG] [TIME] 7851 balance_sheet: 0.23s
2026-07-05 05:14:37,141 [DEBUG] [TIME] 7851 cashflow: 0.24s
2026-07-05 05:14:37,241 [DEBUG] [TIME] 7851 dividends: 0.10s
2026-07-05 05:14:37,241 [INFO] [DETAIL] 7851 カワセコンピュータサプライ: income_stmt=OK, balance_sheet=OK, cashflow=OK, dividends=OK
2026-07-05 05:14:37,241 [INFO] [TIME] 7851 カワセコンピュータサプライ 処理時間: 0.94s
2026-07-05 05:14:38,701 [DEBUG] [TIME] 7856 info: 0.15s
2026-07-05 05:14:38,701 [DEBUG] yfinance OK: 7856
2026-07-05 05:14:38,888 [DEBUG] [TIME] 7856 income_stmt: 0.19s
2026-07-05 05:14:39,149 [DEBUG] [TIME] 7856 balance_sheet: 0.26s
2026-07-05 05:14:39,387 [DEBUG] [TIME] 7856 cashflow: 0.24s
2026-07-05 05:14:39,677 [DEBUG] [TIME] 7856 dividends: 0.29s
2026-07-05 05:14:39,678 [INFO] [DETAIL] 7856 萩原工業: income_stmt=OK, balance_sheet=OK, cashflow=OK, dividends=OK
2026-07-05 05:14:39,678 [INFO] [TIME] 7856 萩原工業 処理時間: 1.13s
2026-07-05 05:14:41,485 [DEBUG] [TIME] 7857 info: 0.23s
2026-07-05 05:14:41,485 [DEBUG] yfinance OK: 7857
2026-07-05 05:14:41,687 [DEBUG] [TIME] 7857 income_stmt: 0.20s
2026-07-05 05:14:41,943 [DEBUG] [TIME] 7857 balance_sheet: 0.26s
2026-07-05 05:14:42,170 [DEBUG] [TIME] 7857 cashflow: 0.23s
2026-07-05 05:14:42,466 [DEBUG] [TIME] 7857 dividends: 0.30s
2026-07-05 05:14:42,467 [INFO] [DETAIL] 7857 セキ: income_stmt=OK, balance_sheet=OK, cashflow=OK, dividends=OK
2026-07-05 05:14:42,467 [INFO] [TIME] 7857 セキ 処理時間: 1.21s
2026-07-05 05:14:44,560 [DEBUG] [TIME] 7859 info: 0.15s
2026-07-05 05:14:44,560 [DEBUG] yfinance OK: 7859
2026-07-05 05:14:44,743 [DEBUG] [TIME] 7859 income_stmt: 0.18s
2026-07-05 05:14:45,032 [DEBUG] [TIME] 7859 balance_sheet: 0.29s
2026-07-05 05:14:45,296 [DEBUG] [TIME] 7859 cashflow: 0.26s
2026-07-05 05:14:45,550 [DEBUG] [TIME] 7859 dividends: 0.25s
2026-07-05 05:14:45,551 [INFO] [DETAIL] 7859 アルメディオ: income_stmt=OK, balance_sheet=OK, cashflow=OK, dividends=OK
2026-07-05 05:14:45,551 [INFO] [TIME] 7859 アルメディオ 処理時間: 1.14s
2026-07-05 05:14:46,966 [DEBUG] [TIME] 7860 info: 0.17s
2026-07-05 05:14:46,967 [DEBUG] yfinance OK: 7860
2026-07-05 05:14:47,149 [DEBUG] [TIME] 7860 income_stmt: 0.18s
2026-07-05 05:14:47,422 [DEBUG] [TIME] 7860 balance_sheet: 0.27s
2026-07-05 05:14:47,638 [DEBUG] [TIME] 7860 cashflow: 0.22s
2026-07-05 05:14:47,957 [DEBUG] [TIME] 7860 dividends: 0.32s
2026-07-05 05:14:47,958 [INFO] [DETAIL] 7860 エイベックス: income_stmt=OK, balance_sheet=OK, cashflow=OK, dividends=OK
2026-07-05 05:14:47,959 [INFO] [TIME] 7860 エイベックス 処理時間: 1.16s
2026-07-05 05:14:49,500 [DEBUG] [TIME] 7863 info: 0.16s
2026-07-05 05:14:49,500 [DEBUG] yfinance OK: 7863
2026-07-05 05:14:49,671 [DEBUG] [TIME] 7863 income_stmt: 0.17s
2026-07-05 05:14:49,905 [DEBUG] [TIME] 7863 balance_sheet: 0.23s
2026-07-05 05:14:50,074 [DEBUG] [TIME] 7863 cashflow: 0.17s
2026-07-05 05:14:50,375 [DEBUG] [TIME] 7863 dividends: 0.30s
2026-07-05 05:14:50,376 [INFO] [DETAIL] 7863 平賀: income_stmt=OK, balance_sheet=OK, cashflow=OK, dividends=OK
2026-07-05 05:14:50,376 [INFO] [TIME] 7863 平賀 処理時間: 1.03s
2026-07-05 05:14:51,938 [DEBUG] [TIME] 7864 info: 0.18s
2026-07-05 05:14:51,938 [DEBUG] yfinance OK: 7864
2026-07-05 05:14:52,122 [DEBUG] [TIME] 7864 income_stmt: 0.18s
2026-07-05 05:14:52,351 [DEBUG] [TIME] 7864 balance_sheet: 0.23s
2026-07-05 05:14:52,549 [DEBUG] [TIME] 7864 cashflow: 0.20s
2026-07-05 05:14:52,833 [DEBUG] [TIME] 7864 dividends: 0.28s
2026-07-05 05:14:52,834 [INFO] [DETAIL] 7864 フジシールインターナショナル: income_stmt=OK, balance_sheet=OK, cashflow=OK, dividends=OK
2026-07-05 05:14:52,834 [INFO] [TIME] 7864 フジシールインターナショナル 処理時間: 1.08s
2026-07-05 05:14:54,994 [DEBUG] [TIME] 7865 info: 0.16s
2026-07-05 05:14:54,994 [DEBUG] yfinance OK: 7865
2026-07-05 05:14:55,179 [DEBUG] [TIME] 7865 income_stmt: 0.19s
2026-07-05 05:14:55,395 [DEBUG] [TIME] 7865 balance_sheet: 0.22s
2026-07-05 05:14:55,593 [DEBUG] [TIME] 7865 cashflow: 0.20s
2026-07-05 05:14:55,937 [DEBUG] [TIME] 7865 dividends: 0.34s
2026-07-05 05:14:55,938 [INFO] [DETAIL] 7865 ピープル: income_stmt=OK, balance_sheet=OK, cashflow=OK, dividends=OK
2026-07-05 05:14:55,938 [INFO] [TIME] 7865 ピープル 処理時間: 1.10s
2026-07-05 05:14:57,192 [DEBUG] [TIME] 7867 info: 0.16s
2026-07-05 05:14:57,192 [DEBUG] yfinance OK: 7867
2026-07-05 05:14:57,372 [DEBUG] [TIME] 7867 income_stmt: 0.18s
2026-07-05 05:14:57,614 [DEBUG] [TIME] 7867 balance_sheet: 0.24s
2026-07-05 05:14:57,797 [DEBUG] [TIME] 7867 cashflow: 0.18s
2026-07-05 05:14:58,137 [DEBUG] [TIME] 7867 dividends: 0.34s
2026-07-05 05:14:58,138 [INFO] [DETAIL] 7867 タカラトミー: income_stmt=OK, balance_sheet=OK, cashflow=OK, dividends=OK
2026-07-05 05:14:58,138 [INFO] [TIME] 7867 タカラトミー 処理時間: 1.10s
2026-07-05 05:14:59,565 [DEBUG] [TIME] 7868 info: 0.16s
2026-07-05 05:14:59,566 [DEBUG] yfinance OK: 7868
2026-07-05 05:14:59,805 [DEBUG] [TIME] 7868 income_stmt: 0.24s
2026-07-05 05:15:00,092 [DEBUG] [TIME] 7868 balance_sheet: 0.29s
2026-07-05 05:15:00,305 [DEBUG] [TIME] 7868 cashflow: 0.21s
2026-07-05 05:15:00,587 [DEBUG] [TIME] 7868 dividends: 0.28s
2026-07-05 05:15:00,588 [INFO] [DETAIL] 7868 広済堂ホールディングス: income_stmt=OK, balance_sheet=OK, cashflow=OK, dividends=OK
2026-07-05 05:15:00,588 [INFO] [TIME] 7868 広済堂ホールディングス 処理時間: 1.18s
2026-07-05 05:15:02,430 [DEBUG] [TIME] 7871 info: 0.16s
2026-07-05 05:15:02,430 [DEBUG] yfinance OK: 7871
2026-07-05 05:15:02,618 [DEBUG] [TIME] 7871 income_stmt: 0.19s
2026-07-05 05:15:02,843 [DEBUG] [TIME] 7871 balance_sheet: 0.22s
2026-07-05 05:15:03,063 [DEBUG] [TIME] 7871 cashflow: 0.22s
2026-07-05 05:15:03,427 [DEBUG] [TIME] 7871 dividends: 0.36s
2026-07-05 05:15:03,428 [INFO] [DETAIL] 7871 フクビ化学工業: income_stmt=OK, balance_sheet=OK, cashflow=OK, dividends=OK
2026-07-05 05:15:03,428 [INFO] [TIME] 7871 フクビ化学工業 処理時間: 1.16s
2026-07-05 05:15:05,198 [DEBUG] [TIME] 7872 info: 0.16s
2026-07-05 05:15:05,198 [DEBUG] yfinance OK: 7872
2026-07-05 05:15:05,386 [DEBUG] [TIME] 7872 income_stmt: 0.19s
2026-07-05 05:15:05,626 [DEBUG] [TIME] 7872 balance_sheet: 0.24s
2026-07-05 05:15:05,810 [DEBUG] [TIME] 7872 cashflow: 0.18s
2026-07-05 05:15:06,072 [DEBUG] [TIME] 7872 dividends: 0.26s
2026-07-05 05:15:06,073 [INFO] [DETAIL] 7872 エステールホールディングス: income_stmt=OK, balance_sheet=OK, cashflow=OK, dividends=OK
2026-07-05 05:15:06,073 [INFO] [TIME] 7872 エステールホールディングス 処理時間: 1.04s
2026-07-05 05:15:07,732 [DEBUG] [TIME] 7874 info: 0.15s
2026-07-05 05:15:07,732 [DEBUG] yfinance OK: 7874
2026-07-05 05:15:07,894 [DEBUG] [TIME] 7874 income_stmt: 0.16s
2026-07-05 05:15:08,085 [DEBUG] [TIME] 7874 balance_sheet: 0.19s
2026-07-05 05:15:08,282 [DEBUG] [TIME] 7874 cashflow: 0.20s
2026-07-05 05:15:08,554 [DEBUG] [TIME] 7874 dividends: 0.27s
2026-07-05 05:15:08,555 [INFO] [DETAIL] 7874 レック: income_stmt=OK, balance_sheet=OK, cashflow=OK, dividends=OK
2026-07-05 05:15:08,555 [INFO] [TIME] 7874 レック 処理時間: 0.98s
2026-07-05 05:15:10,358 [DEBUG] [TIME] 7875 info: 0.24s
2026-07-05 05:15:10,358 [DEBUG] yfinance OK: 7875
2026-07-05 05:15:10,543 [DEBUG] [TIME] 7875 income_stmt: 0.19s
2026-07-05 05:15:10,794 [DEBUG] [TIME] 7875 balance_sheet: 0.25s
2026-07-05 05:15:10,970 [DEBUG] [TIME] 7875 cashflow: 0.17s
2026-07-05 05:15:11,121 [DEBUG] [TIME] 7875 dividends: 0.15s
2026-07-05 05:15:11,122 [INFO] [DETAIL] 7875 竹田ｉＰホールディングス: income_stmt=OK, balance_sheet=OK, cashflow=OK, dividends=OK
2026-07-05 05:15:11,122 [INFO] [TIME] 7875 竹田ｉＰホールディングス 処理時間: 1.01s
2026-07-05 05:15:12,529 [DEBUG] [TIME] 7877 info: 0.15s
2026-07-05 05:15:12,529 [DEBUG] yfinance OK: 7877
2026-07-05 05:15:12,705 [DEBUG] [TIME] 7877 income_stmt: 0.18s
2026-07-05 05:15:12,945 [DEBUG] [TIME] 7877 balance_sheet: 0.24s
2026-07-05 05:15:13,191 [DEBUG] [TIME] 7877 cashflow: 0.24s
2026-07-05 05:15:13,475 [DEBUG] [TIME] 7877 dividends: 0.28s
2026-07-05 05:15:13,476 [INFO] [DETAIL] 7877 永大化工: income_stmt=OK, balance_sheet=OK, cashflow=OK, dividends=OK
2026-07-05 05:15:13,477 [INFO] [TIME] 7877 永大化工 処理時間: 1.10s
2026-07-05 05:15:15,544 [DEBUG] [TIME] 7878 info: 0.17s
2026-07-05 05:15:15,544 [DEBUG] yfinance OK: 7878
2026-07-05 05:15:15,732 [DEBUG] [TIME] 7878 income_stmt: 0.19s
2026-07-05 05:15:15,966 [DEBUG] [TIME] 7878 balance_sheet: 0.23s
2026-07-05 05:15:16,185 [DEBUG] [TIME] 7878 cashflow: 0.22s
2026-07-05 05:15:16,488 [DEBUG] [TIME] 7878 dividends: 0.30s
2026-07-05 05:15:16,489 [INFO] [DETAIL] 7878 光・彩: income_stmt=OK, balance_sheet=OK, cashflow=OK, dividends=OK
2026-07-05 05:15:16,489 [INFO] [TIME] 7878 光・彩 処理時間: 1.11s
2026-07-05 05:15:17,936 [DEBUG] [TIME] 7879 info: 0.15s
2026-07-05 05:15:17,936 [DEBUG] yfinance OK: 7879
2026-07-05 05:15:18,134 [DEBUG] [TIME] 7879 income_stmt: 0.20s
2026-07-05 05:15:18,353 [DEBUG] [TIME] 7879 balance_sheet: 0.22s
2026-07-05 05:15:18,552 [DEBUG] [TIME] 7879 cashflow: 0.20s
2026-07-05 05:15:18,887 [DEBUG] [TIME] 7879 dividends: 0.33s
2026-07-05 05:15:18,888 [INFO] [DETAIL] 7879 ノダ: income_stmt=OK, balance_sheet=OK, cashflow=OK, dividends=OK
2026-07-05 05:15:18,888 [INFO] [TIME] 7879 ノダ 処理時間: 1.11s
2026-07-05 05:15:21,007 [DEBUG] [TIME] 7883 info: 0.15s
2026-07-05 05:15:21,007 [DEBUG] yfinance OK: 7883
2026-07-05 05:15:21,171 [DEBUG] [TIME] 7883 income_stmt: 0.16s
2026-07-05 05:15:21,430 [DEBUG] [TIME] 7883 balance_sheet: 0.26s
2026-07-05 05:15:21,610 [DEBUG] [TIME] 7883 cashflow: 0.18s
2026-07-05 05:15:21,913 [DEBUG] [TIME] 7883 dividends: 0.30s
2026-07-05 05:15:21,914 [INFO] [DETAIL] 7883 サンメッセ: income_stmt=OK, balance_sheet=OK, cashflow=OK, dividends=OK
2026-07-05 05:15:21,914 [INFO] [TIME] 7883 サンメッセ 処理時間: 1.06s
2026-07-05 05:15:23,969 [DEBUG] [TIME] 7885 info: 0.16s
2026-07-05 05:15:23,969 [DEBUG] yfinance OK: 7885
2026-07-05 05:15:24,169 [DEBUG] [TIME] 7885 income_stmt: 0.20s
2026-07-05 05:15:24,424 [DEBUG] [TIME] 7885 balance_sheet: 0.25s
2026-07-05 05:15:24,623 [DEBUG] [TIME] 7885 cashflow: 0.20s
2026-07-05 05:15:24,890 [DEBUG] [TIME] 7885 dividends: 0.27s
2026-07-05 05:15:24,891 [INFO] [DETAIL] 7885 タカノ: income_stmt=OK, balance_sheet=OK, cashflow=OK, dividends=OK
2026-07-05 05:15:24,891 [INFO] [TIME] 7885 タカノ 処理時間: 1.08s
2026-07-05 05:15:26,090 [DEBUG] [TIME] 7886 info: 0.15s
2026-07-05 05:15:26,090 [DEBUG] yfinance OK: 7886
2026-07-05 05:15:26,312 [DEBUG] [TIME] 7886 income_stmt: 0.22s
2026-07-05 05:15:26,553 [DEBUG] [TIME] 7886 balance_sheet: 0.24s
2026-07-05 05:15:26,762 [DEBUG] [TIME] 7886 cashflow: 0.21s
2026-07-05 05:15:27,040 [DEBUG] [TIME] 7886 dividends: 0.28s
2026-07-05 05:15:27,041 [INFO] [DETAIL] 7886 ヤマト　モビリティ　＆　Ｍｆｇ．: income_stmt=OK, balance_sheet=OK, cashflow=OK, dividends=OK
2026-07-05 05:15:27,041 [INFO] [TIME] 7886 ヤマト　モビリティ　＆　Ｍｆｇ． 処理時間: 1.10s
2026-07-05 05:15:29,129 [DEBUG] [TIME] 7887 info: 0.24s
2026-07-05 05:15:29,129 [DEBUG] yfinance OK: 7887
2026-07-05 05:15:29,314 [DEBUG] [TIME] 7887 income_stmt: 0.19s
2026-07-05 05:15:29,551 [DEBUG] [TIME] 7887 balance_sheet: 0.24s
2026-07-05 05:15:29,780 [DEBUG] [TIME] 7887 cashflow: 0.23s
2026-07-05 05:15:30,130 [DEBUG] [TIME] 7887 dividends: 0.35s
2026-07-05 05:15:30,131 [INFO] [DETAIL] 7887 南海プライウッド: income_stmt=OK, balance_sheet=OK, cashflow=OK, dividends=OK
2026-07-05 05:15:30,131 [INFO] [TIME] 7887 南海プライウッド 処理時間: 1.24s
2026-07-05 05:15:31,535 [DEBUG] [TIME] 7888 info: 0.16s
2026-07-05 05:15:31,536 [DEBUG] yfinance OK: 7888
2026-07-05 05:15:31,764 [DEBUG] [TIME] 7888 income_stmt: 0.23s
2026-07-05 05:15:32,003 [DEBUG] [TIME] 7888 balance_sheet: 0.24s
2026-07-05 05:15:32,214 [DEBUG] [TIME] 7888 cashflow: 0.21s
2026-07-05 05:15:32,506 [DEBUG] [TIME] 7888 dividends: 0.29s
2026-07-05 05:15:32,507 [INFO] [DETAIL] 7888 三光合成: income_stmt=OK, balance_sheet=OK, cashflow=OK, dividends=OK
2026-07-05 05:15:32,507 [INFO] [TIME] 7888 三光合成 処理時間: 1.13s
2026-07-05 05:15:34,304 [DEBUG] [TIME] 7893 info: 0.15s
2026-07-05 05:15:34,304 [DEBUG] yfinance OK: 7893
2026-07-05 05:15:34,479 [DEBUG] [TIME] 7893 income_stmt: 0.17s
2026-07-05 05:15:34,737 [DEBUG] [TIME] 7893 balance_sheet: 0.26s
2026-07-05 05:15:34,937 [DEBUG] [TIME] 7893 cashflow: 0.20s
2026-07-05 05:15:35,183 [DEBUG] [TIME] 7893 dividends: 0.25s
2026-07-05 05:15:35,184 [INFO] [DETAIL] 7893 プロネクサス: income_stmt=OK, balance_sheet=OK, cashflow=OK, dividends=OK
2026-07-05 05:15:35,185 [INFO] [TIME] 7893 プロネクサス 処理時間: 1.04s
2026-07-05 05:15:37,249 [DEBUG] [TIME] 7896 info: 0.17s
2026-07-05 05:15:37,249 [DEBUG] yfinance OK: 7896
2026-07-05 05:15:37,447 [DEBUG] [TIME] 7896 income_stmt: 0.20s
2026-07-05 05:15:37,641 [DEBUG] [TIME] 7896 balance_sheet: 0.19s
2026-07-05 05:15:37,851 [DEBUG] [TIME] 7896 cashflow: 0.21s
2026-07-05 05:15:38,118 [DEBUG] [TIME] 7896 dividends: 0.27s
2026-07-05 05:15:38,119 [INFO] [DETAIL] 7896 セブン工業: income_stmt=OK, balance_sheet=OK, cashflow=OK, dividends=OK
2026-07-05 05:15:38,119 [INFO] [TIME] 7896 セブン工業 処理時間: 1.04s
2026-07-05 05:15:39,521 [DEBUG] [TIME] 7897 info: 0.16s
2026-07-05 05:15:39,521 [DEBUG] yfinance OK: 7897
2026-07-05 05:15:39,707 [DEBUG] [TIME] 7897 income_stmt: 0.19s
2026-07-05 05:15:39,948 [DEBUG] [TIME] 7897 balance_sheet: 0.24s
2026-07-05 05:15:40,148 [DEBUG] [TIME] 7897 cashflow: 0.20s
2026-07-05 05:15:40,422 [DEBUG] [TIME] 7897 dividends: 0.27s
2026-07-05 05:15:40,423 [INFO] [DETAIL] 7897 ホクシン: income_stmt=OK, balance_sheet=OK, cashflow=OK, dividends=OK
2026-07-05 05:15:40,423 [INFO] [TIME] 7897 ホクシン 処理時間: 1.06s
2026-07-05 05:15:41,642 [DEBUG] [TIME] 7898 info: 0.19s
2026-07-05 05:15:41,642 [DEBUG] yfinance OK: 7898
2026-07-05 05:15:41,808 [DEBUG] [TIME] 7898 income_stmt: 0.17s
2026-07-05 05:15:42,043 [DEBUG] [TIME] 7898 balance_sheet: 0.23s
2026-07-05 05:15:42,254 [DEBUG] [TIME] 7898 cashflow: 0.21s
2026-07-05 05:15:42,548 [DEBUG] [TIME] 7898 dividends: 0.29s
2026-07-05 05:15:42,549 [INFO] [DETAIL] 7898 ウッドワン: income_stmt=OK, balance_sheet=OK, cashflow=OK, dividends=OK
2026-07-05 05:15:42,550 [INFO] [TIME] 7898 ウッドワン 処理時間: 1.10s
2026-07-05 05:15:43,973 [DEBUG] [TIME] 7901 info: 0.16s
2026-07-05 05:15:43,973 [DEBUG] yfinance OK: 7901
2026-07-05 05:15:44,147 [DEBUG] [TIME] 7901 income_stmt: 0.17s
2026-07-05 05:15:44,363 [DEBUG] [TIME] 7901 balance_sheet: 0.22s
2026-07-05 05:15:44,574 [DEBUG] [TIME] 7901 cashflow: 0.21s
2026-07-05 05:15:44,846 [DEBUG] [TIME] 7901 dividends: 0.27s
2026-07-05 05:15:44,847 [INFO] [DETAIL] 7901 マツモト: income_stmt=OK, balance_sheet=OK, cashflow=OK, dividends=OK
2026-07-05 05:15:44,847 [INFO] [TIME] 7901 マツモト 処理時間: 1.03s
2026-07-05 05:15:46,257 [DEBUG] [TIME] 7902 info: 0.17s
2026-07-05 05:15:46,257 [DEBUG] yfinance OK: 7902
2026-07-05 05:15:46,440 [DEBUG] [TIME] 7902 income_stmt: 0.18s
2026-07-05 05:15:46,862 [DEBUG] [TIME] 7902 balance_sheet: 0.42s
2026-07-05 05:15:47,070 [DEBUG] [TIME] 7902 cashflow: 0.21s
2026-07-05 05:15:47,335 [DEBUG] [TIME] 7902 dividends: 0.26s
2026-07-05 05:15:47,336 [INFO] [DETAIL] 7902 ソノコム: income_stmt=OK, balance_sheet=OK, cashflow=OK, dividends=OK
2026-07-05 05:15:47,336 [INFO] [TIME] 7902 ソノコム 処理時間: 1.25s
2026-07-05 05:15:48,778 [DEBUG] [TIME] 7906 info: 0.19s
2026-07-05 05:15:48,778 [DEBUG] yfinance OK: 7906
2026-07-05 05:15:48,968 [DEBUG] [TIME] 7906 income_stmt: 0.19s
2026-07-05 05:15:49,206 [DEBUG] [TIME] 7906 balance_sheet: 0.24s
2026-07-05 05:15:49,432 [DEBUG] [TIME] 7906 cashflow: 0.22s
2026-07-05 05:15:49,798 [DEBUG] [TIME] 7906 dividends: 0.37s
2026-07-05 05:15:49,799 [INFO] [DETAIL] 7906 ヨネックス: income_stmt=OK, balance_sheet=OK, cashflow=OK, dividends=OK
2026-07-05 05:15:49,799 [INFO] [TIME] 7906 ヨネックス 処理時間: 1.21s
2026-07-05 05:15:51,788 [DEBUG] [TIME] 7908 info: 0.16s
2026-07-05 05:15:51,788 [DEBUG] yfinance OK: 7908
2026-07-05 05:15:51,972 [DEBUG] [TIME] 7908 income_stmt: 0.18s
2026-07-05 05:15:52,266 [DEBUG] [TIME] 7908 balance_sheet: 0.29s
2026-07-05 05:15:52,457 [DEBUG] [TIME] 7908 cashflow: 0.19s
2026-07-05 05:15:52,719 [DEBUG] [TIME] 7908 dividends: 0.26s
2026-07-05 05:15:52,720 [INFO] [DETAIL] 7908 きもと: income_stmt=OK, balance_sheet=OK, cashflow=OK, dividends=OK
2026-07-05 05:15:52,720 [INFO] [TIME] 7908 きもと 処理時間: 1.09s
2026-07-05 05:15:54,657 [DEBUG] [TIME] 7911 info: 0.16s
2026-07-05 05:15:54,657 [DEBUG] yfinance OK: 7911
2026-07-05 05:15:54,881 [DEBUG] [TIME] 7911 income_stmt: 0.22s
2026-07-05 05:15:55,149 [DEBUG] [TIME] 7911 balance_sheet: 0.27s
2026-07-05 05:15:55,339 [DEBUG] [TIME] 7911 cashflow: 0.19s
2026-07-05 05:15:55,674 [DEBUG] [TIME] 7911 dividends: 0.33s
2026-07-05 05:15:55,675 [INFO] [DETAIL] 7911 ＴＯＰＰＡＮホールディングス: income_stmt=OK, balance_sheet=OK, cashflow=OK, dividends=OK
2026-07-05 05:15:55,675 [INFO] [TIME] 7911 ＴＯＰＰＡＮホールディングス 処理時間: 1.18s
2026-07-05 05:15:57,011 [DEBUG] [TIME] 7912 info: 0.15s
2026-07-05 05:15:57,011 [DEBUG] yfinance OK: 7912
2026-07-05 05:15:57,204 [DEBUG] [TIME] 7912 income_stmt: 0.19s
2026-07-05 05:15:57,423 [DEBUG] [TIME] 7912 balance_sheet: 0.22s
2026-07-05 05:15:57,628 [DEBUG] [TIME] 7912 cashflow: 0.20s
2026-07-05 05:15:57,900 [DEBUG] [TIME] 7912 dividends: 0.27s
2026-07-05 05:15:57,901 [INFO] [DETAIL] 7912 大日本印刷: income_stmt=OK, balance_sheet=OK, cashflow=OK, dividends=OK
2026-07-05 05:15:57,901 [INFO] [TIME] 7912 大日本印刷 処理時間: 1.04s
2026-07-05 05:15:59,349 [DEBUG] [TIME] 7914 info: 0.19s
2026-07-05 05:15:59,349 [DEBUG] yfinance OK: 7914
2026-07-05 05:15:59,548 [DEBUG] [TIME] 7914 income_stmt: 0.20s
2026-07-05 05:15:59,815 [DEBUG] [TIME] 7914 balance_sheet: 0.27s
2026-07-05 05:16:00,021 [DEBUG] [TIME] 7914 cashflow: 0.21s
2026-07-05 05:16:00,329 [DEBUG] [TIME] 7914 dividends: 0.31s
2026-07-05 05:16:00,330 [INFO] [DETAIL] 7914 共同印刷: income_stmt=OK, balance_sheet=OK, cashflow=OK, dividends=OK
2026-07-05 05:16:00,330 [INFO] [TIME] 7914 共同印刷 処理時間: 1.17s
2026-07-05 05:16:01,919 [DEBUG] [TIME] 7915 info: 0.19s
2026-07-05 05:16:01,919 [DEBUG] yfinance OK: 7915
2026-07-05 05:16:02,163 [DEBUG] [TIME] 7915 income_stmt: 0.24s
2026-07-05 05:16:02,365 [DEBUG] [TIME] 7915 balance_sheet: 0.20s
2026-07-05 05:16:02,571 [DEBUG] [TIME] 7915 cashflow: 0.20s
2026-07-05 05:16:02,868 [DEBUG] [TIME] 7915 dividends: 0.30s
2026-07-05 05:16:02,869 [INFO] [DETAIL] 7915 ＮＩＳＳＨＡ: income_stmt=OK, balance_sheet=OK, cashflow=OK, dividends=OK
2026-07-05 05:16:02,869 [INFO] [TIME] 7915 ＮＩＳＳＨＡ 処理時間: 1.14s
2026-07-05 05:16:04,720 [DEBUG] [TIME] 7916 info: 0.15s
2026-07-05 05:16:04,720 [DEBUG] yfinance OK: 7916
2026-07-05 05:16:04,911 [DEBUG] [TIME] 7916 income_stmt: 0.19s
2026-07-05 05:16:05,158 [DEBUG] [TIME] 7916 balance_sheet: 0.25s
2026-07-05 05:16:05,412 [DEBUG] [TIME] 7916 cashflow: 0.25s
2026-07-05 05:16:05,719 [DEBUG] [TIME] 7916 dividends: 0.31s
2026-07-05 05:16:05,720 [INFO] [DETAIL] 7916 光村印刷: income_stmt=OK, balance_sheet=OK, cashflow=OK, dividends=OK
2026-07-05 05:16:05,720 [INFO] [TIME] 7916 光村印刷 処理時間: 1.16s
2026-07-05 05:16:06,927 [DEBUG] [TIME] 7917 info: 0.15s
2026-07-05 05:16:06,927 [DEBUG] yfinance OK: 7917
2026-07-05 05:16:07,124 [DEBUG] [TIME] 7917 income_stmt: 0.20s
2026-07-05 05:16:07,368 [DEBUG] [TIME] 7917 balance_sheet: 0.24s
2026-07-05 05:16:07,611 [DEBUG] [TIME] 7917 cashflow: 0.24s
2026-07-05 05:16:07,888 [DEBUG] [TIME] 7917 dividends: 0.28s
2026-07-05 05:16:07,889 [INFO] [DETAIL] 7917 ＺＡＣＲＯＳ: income_stmt=OK, balance_sheet=OK, cashflow=OK, dividends=OK
2026-07-05 05:16:07,889 [INFO] [TIME] 7917 ＺＡＣＲＯＳ 処理時間: 1.11s
2026-07-05 05:16:09,535 [DEBUG] [TIME] 7918 info: 0.16s
2026-07-05 05:16:09,535 [DEBUG] yfinance OK: 7918
2026-07-05 05:16:09,733 [DEBUG] [TIME] 7918 income_stmt: 0.20s
2026-07-05 05:16:09,976 [DEBUG] [TIME] 7918 balance_sheet: 0.24s
2026-07-05 05:16:10,191 [DEBUG] [TIME] 7918 cashflow: 0.21s
2026-07-05 05:16:10,467 [DEBUG] [TIME] 7918 dividends: 0.28s
2026-07-05 05:16:10,468 [INFO] [DETAIL] 7918 ヴィア・ホールディングス: income_stmt=OK, balance_sheet=OK, cashflow=OK, dividends=OK
2026-07-05 05:16:10,468 [INFO] [TIME] 7918 ヴィア・ホールディングス 処理時間: 1.09s
2026-07-05 05:16:12,298 [DEBUG] [TIME] 7919 info: 0.20s
2026-07-05 05:16:12,298 [DEBUG] yfinance OK: 7919
2026-07-05 05:16:12,476 [DEBUG] [TIME] 7919 income_stmt: 0.18s
2026-07-05 05:16:12,715 [DEBUG] [TIME] 7919 balance_sheet: 0.24s
2026-07-05 05:16:12,903 [DEBUG] [TIME] 7919 cashflow: 0.19s
2026-07-05 05:16:13,168 [DEBUG] [TIME] 7919 dividends: 0.27s
2026-07-05 05:16:13,169 [INFO] [DETAIL] 7919 野崎印刷紙業: income_stmt=OK, balance_sheet=OK, cashflow=OK, dividends=OK
2026-07-05 05:16:13,170 [INFO] [TIME] 7919 野崎印刷紙業 処理時間: 1.08s
2026-07-05 05:16:15,027 [DEBUG] [TIME] 7921 info: 0.19s
2026-07-05 05:16:15,027 [DEBUG] yfinance OK: 7921
2026-07-05 05:16:15,207 [DEBUG] [TIME] 7921 income_stmt: 0.18s
2026-07-05 05:16:15,416 [DEBUG] [TIME] 7921 balance_sheet: 0.21s
2026-07-05 05:16:15,604 [DEBUG] [TIME] 7921 cashflow: 0.19s
2026-07-05 05:16:15,904 [DEBUG] [TIME] 7921 dividends: 0.30s
2026-07-05 05:16:15,905 [INFO] [DETAIL] 7921 ＴＡＫＡＲＡ　＆　ＣＯＭＰＡＮＹ: income_stmt=OK, balance_sheet=OK, cashflow=OK, dividends=OK
2026-07-05 05:16:15,905 [INFO] [TIME] 7921 ＴＡＫＡＲＡ　＆　ＣＯＭＰＡＮＹ 処理時間: 1.06s
2026-07-05 05:16:17,499 [DEBUG] [TIME] 7922 info: 0.16s
2026-07-05 05:16:17,499 [DEBUG] yfinance OK: 7922
2026-07-05 05:16:17,691 [DEBUG] [TIME] 7922 income_stmt: 0.19s
2026-07-05 05:16:17,923 [DEBUG] [TIME] 7922 balance_sheet: 0.23s
2026-07-05 05:16:18,111 [DEBUG] [TIME] 7922 cashflow: 0.19s
2026-07-05 05:16:18,404 [DEBUG] [TIME] 7922 dividends: 0.29s
2026-07-05 05:16:18,405 [INFO] [DETAIL] 7922 三光産業: income_stmt=OK, balance_sheet=OK, cashflow=OK, dividends=OK
2026-07-05 05:16:18,405 [INFO] [TIME] 7922 三光産業 処理時間: 1.06s
2026-07-05 05:16:19,851 [DEBUG] [TIME] 7927 info: 0.15s
2026-07-05 05:16:19,851 [DEBUG] yfinance OK: 7927
2026-07-05 05:16:20,061 [DEBUG] [TIME] 7927 income_stmt: 0.21s
2026-07-05 05:16:20,285 [DEBUG] [TIME] 7927 balance_sheet: 0.22s
2026-07-05 05:16:20,497 [DEBUG] [TIME] 7927 cashflow: 0.21s
2026-07-05 05:16:20,851 [DEBUG] [TIME] 7927 dividends: 0.35s
2026-07-05 05:16:20,852 [INFO] [DETAIL] 7927 ムトー精工: income_stmt=OK, balance_sheet=OK, cashflow=OK, dividends=OK
2026-07-05 05:16:20,852 [INFO] [TIME] 7927 ムトー精工 処理時間: 1.15s
2026-07-05 05:16:22,034 [DEBUG] [TIME] 7928 info: 0.16s
2026-07-05 05:16:22,034 [DEBUG] yfinance OK: 7928
2026-07-05 05:16:22,216 [DEBUG] [TIME] 7928 income_stmt: 0.18s
2026-07-05 05:16:22,395 [DEBUG] [TIME] 7928 balance_sheet: 0.18s
2026-07-05 05:16:22,585 [DEBUG] [TIME] 7928 cashflow: 0.19s
2026-07-05 05:16:22,857 [DEBUG] [TIME] 7928 dividends: 0.27s
2026-07-05 05:16:22,858 [INFO] [DETAIL] 7928 旭化学工業: income_stmt=OK, balance_sheet=OK, cashflow=OK, dividends=OK
2026-07-05 05:16:22,858 [INFO] [TIME] 7928 旭化学工業 処理時間: 0.98s
2026-07-05 05:16:24,257 [DEBUG] [TIME] 7931 info: 0.15s
2026-07-05 05:16:24,257 [DEBUG] yfinance OK: 7931
2026-07-05 05:16:24,462 [DEBUG] [TIME] 7931 income_stmt: 0.21s
2026-07-05 05:16:24,710 [DEBUG] [TIME] 7931 balance_sheet: 0.25s
2026-07-05 05:16:24,917 [DEBUG] [TIME] 7931 cashflow: 0.21s
2026-07-05 05:16:25,050 [DEBUG] [TIME] 7931 dividends: 0.13s
2026-07-05 05:16:25,051 [INFO] [DETAIL] 7931 未来工業: income_stmt=OK, balance_sheet=OK, cashflow=OK, dividends=OK
2026-07-05 05:16:25,051 [INFO] [TIME] 7931 未来工業 処理時間: 0.95s
2026-07-05 05:16:26,465 [DEBUG] [TIME] 7932 info: 0.19s
2026-07-05 05:16:26,465 [DEBUG] yfinance OK: 7932
2026-07-05 05:16:26,660 [DEBUG] [TIME] 7932 income_stmt: 0.19s
2026-07-05 05:16:26,956 [DEBUG] [TIME] 7932 balance_sheet: 0.30s
2026-07-05 05:16:27,152 [DEBUG] [TIME] 7932 cashflow: 0.20s
2026-07-05 05:16:27,487 [DEBUG] [TIME] 7932 dividends: 0.33s
2026-07-05 05:16:27,488 [INFO] [DETAIL] 7932 ニッピ: income_stmt=OK, balance_sheet=OK, cashflow=OK, dividends=OK
2026-07-05 05:16:27,488 [INFO] [TIME] 7932 ニッピ 処理時間: 1.21s
2026-07-05 05:16:28,886 [DEBUG] [TIME] 7936 info: 0.15s
2026-07-05 05:16:28,886 [DEBUG] yfinance OK: 7936
2026-07-05 05:16:29,122 [DEBUG] [TIME] 7936 income_stmt: 0.24s
2026-07-05 05:16:29,381 [DEBUG] [TIME] 7936 balance_sheet: 0.26s
2026-07-05 05:16:29,654 [DEBUG] [TIME] 7936 cashflow: 0.27s
2026-07-05 05:16:29,976 [DEBUG] [TIME] 7936 dividends: 0.32s
2026-07-05 05:16:29,977 [INFO] [DETAIL] 7936 アシックス: income_stmt=OK, balance_sheet=OK, cashflow=OK, dividends=OK
2026-07-05 05:16:29,977 [INFO] [TIME] 7936 アシックス 処理時間: 1.24s
2026-07-05 05:16:31,572 [DEBUG] [TIME] 7937 info: 0.18s
2026-07-05 05:16:31,572 [DEBUG] yfinance OK: 7937
2026-07-05 05:16:31,747 [DEBUG] [TIME] 7937 income_stmt: 0.17s
2026-07-05 05:16:31,991 [DEBUG] [TIME] 7937 balance_sheet: 0.24s
2026-07-05 05:16:32,185 [DEBUG] [TIME] 7937 cashflow: 0.19s
2026-07-05 05:16:32,496 [DEBUG] [TIME] 7937 dividends: 0.31s
2026-07-05 05:16:32,498 [INFO] [DETAIL] 7937 ツツミ: income_stmt=OK, balance_sheet=OK, cashflow=OK, dividends=OK
2026-07-05 05:16:32,498 [INFO] [TIME] 7937 ツツミ 処理時間: 1.11s
2026-07-05 05:16:34,335 [DEBUG] [TIME] 7938 info: 0.15s
2026-07-05 05:16:34,335 [DEBUG] yfinance OK: 7938
2026-07-05 05:16:34,536 [DEBUG] [TIME] 7938 income_stmt: 0.20s
2026-07-05 05:16:34,784 [DEBUG] [TIME] 7938 balance_sheet: 0.25s
2026-07-05 05:16:34,973 [DEBUG] [TIME] 7938 cashflow: 0.19s
2026-07-05 05:16:35,259 [DEBUG] [TIME] 7938 dividends: 0.29s
2026-07-05 05:16:35,260 [INFO] [DETAIL] 7938 リーガルコーポレーション: income_stmt=OK, balance_sheet=OK, cashflow=OK, dividends=OK
2026-07-05 05:16:35,260 [INFO] [TIME] 7938 リーガルコーポレーション 処理時間: 1.07s
2026-07-05 05:16:37,031 [DEBUG] [TIME] 7939 info: 0.15s
2026-07-05 05:16:37,031 [DEBUG] yfinance OK: 7939
2026-07-05 05:16:37,208 [DEBUG] [TIME] 7939 income_stmt: 0.18s
2026-07-05 05:16:37,421 [DEBUG] [TIME] 7939 balance_sheet: 0.21s
2026-07-05 05:16:37,618 [DEBUG] [TIME] 7939 cashflow: 0.20s
2026-07-05 05:16:37,945 [DEBUG] [TIME] 7939 dividends: 0.33s
2026-07-05 05:16:37,946 [INFO] [DETAIL] 7939 研創: income_stmt=OK, balance_sheet=OK, cashflow=OK, dividends=OK
2026-07-05 05:16:37,946 [INFO] [TIME] 7939 研創 処理時間: 1.07s
2026-07-05 05:16:39,860 [DEBUG] [TIME] 7940 info: 0.15s
2026-07-05 05:16:39,860 [DEBUG] yfinance OK: 7940
2026-07-05 05:16:40,056 [DEBUG] [TIME] 7940 income_stmt: 0.20s
2026-07-05 05:16:40,348 [DEBUG] [TIME] 7940 balance_sheet: 0.29s
2026-07-05 05:16:40,545 [DEBUG] [TIME] 7940 cashflow: 0.20s
2026-07-05 05:16:40,696 [DEBUG] [TIME] 7940 dividends: 0.15s
2026-07-05 05:16:40,697 [INFO] [DETAIL] 7940 ウェーブロックホールディングス: income_stmt=OK, balance_sheet=OK, cashflow=OK, dividends=OK
2026-07-05 05:16:40,697 [INFO] [TIME] 7940 ウェーブロックホールディングス 処理時間: 0.99s
2026-07-05 05:16:42,170 [DEBUG] [TIME] 7942 info: 0.15s
2026-07-05 05:16:42,170 [DEBUG] yfinance OK: 7942
2026-07-05 05:16:42,366 [DEBUG] [TIME] 7942 income_stmt: 0.20s
2026-07-05 05:16:42,644 [DEBUG] [TIME] 7942 balance_sheet: 0.28s
2026-07-05 05:16:42,857 [DEBUG] [TIME] 7942 cashflow: 0.21s
2026-07-05 05:16:43,167 [DEBUG] [TIME] 7942 dividends: 0.31s
2026-07-05 05:16:43,168 [INFO] [DETAIL] 7942 ＪＳＰ: income_stmt=OK, balance_sheet=OK, cashflow=OK, dividends=OK
2026-07-05 05:16:43,168 [INFO] [TIME] 7942 ＪＳＰ 処理時間: 1.15s
2026-07-05 05:16:45,015 [DEBUG] [TIME] 7943 info: 0.21s
2026-07-05 05:16:45,015 [DEBUG] yfinance OK: 7943
2026-07-05 05:16:45,253 [DEBUG] [TIME] 7943 income_stmt: 0.24s
2026-07-05 05:16:45,475 [DEBUG] [TIME] 7943 balance_sheet: 0.22s
2026-07-05 05:16:45,685 [DEBUG] [TIME] 7943 cashflow: 0.21s
2026-07-05 05:16:45,988 [DEBUG] [TIME] 7943 dividends: 0.30s
2026-07-05 05:16:45,989 [INFO] [DETAIL] 7943 ニチハ: income_stmt=OK, balance_sheet=OK, cashflow=OK, dividends=OK
2026-07-05 05:16:45,989 [INFO] [TIME] 7943 ニチハ 処理時間: 1.18s
2026-07-05 05:16:48,032 [DEBUG] [TIME] 7944 info: 0.16s
2026-07-05 05:16:48,032 [DEBUG] yfinance OK: 7944
2026-07-05 05:16:48,202 [DEBUG] [TIME] 7944 income_stmt: 0.17s
2026-07-05 05:16:48,422 [DEBUG] [TIME] 7944 balance_sheet: 0.22s
2026-07-05 05:16:48,629 [DEBUG] [TIME] 7944 cashflow: 0.21s
2026-07-05 05:16:48,867 [DEBUG] [TIME] 7944 dividends: 0.24s
2026-07-05 05:16:48,868 [INFO] [DETAIL] 7944 ローランド: income_stmt=OK, balance_sheet=OK, cashflow=OK, dividends=OK
2026-07-05 05:16:48,868 [INFO] [TIME] 7944 ローランド 処理時間: 0.99s
2026-07-05 05:16:50,317 [DEBUG] [TIME] 7946 info: 0.19s
2026-07-05 05:16:50,317 [DEBUG] yfinance OK: 7946
2026-07-05 05:16:50,502 [DEBUG] [TIME] 7946 income_stmt: 0.19s
2026-07-05 05:16:50,842 [DEBUG] [TIME] 7946 balance_sheet: 0.34s
2026-07-05 05:16:51,297 [DEBUG] [TIME] 7946 cashflow: 0.45s
2026-07-05 05:16:51,709 [DEBUG] [TIME] 7946 dividends: 0.41s
2026-07-05 05:16:51,710 [INFO] [DETAIL] 7946 光陽社: income_stmt=OK, balance_sheet=OK, cashflow=OK, dividends=OK
2026-07-05 05:16:51,711 [INFO] [TIME] 7946 光陽社 処理時間: 1.58s
2026-07-05 05:16:53,283 [DEBUG] [TIME] 7947 info: 0.23s
2026-07-05 05:16:53,283 [DEBUG] yfinance OK: 7947
2026-07-05 05:16:53,496 [DEBUG] [TIME] 7947 income_stmt: 0.21s
2026-07-05 05:16:53,749 [DEBUG] [TIME] 7947 balance_sheet: 0.25s
2026-07-05 05:16:53,992 [DEBUG] [TIME] 7947 cashflow: 0.24s
2026-07-05 05:16:54,303 [DEBUG] [TIME] 7947 dividends: 0.31s
2026-07-05 05:16:54,304 [INFO] [DETAIL] 7947 エフピコ: income_stmt=OK, balance_sheet=OK, cashflow=OK, dividends=OK
2026-07-05 05:16:54,304 [INFO] [TIME] 7947 エフピコ 処理時間: 1.25s
2026-07-05 05:16:55,940 [DEBUG] [TIME] 7949 info: 0.15s
2026-07-05 05:16:55,940 [DEBUG] yfinance OK: 7949
2026-07-05 05:16:56,138 [DEBUG] [TIME] 7949 income_stmt: 0.20s
2026-07-05 05:16:56,424 [DEBUG] [TIME] 7949 balance_sheet: 0.29s
2026-07-05 05:16:56,592 [DEBUG] [TIME] 7949 cashflow: 0.17s
2026-07-05 05:16:56,910 [DEBUG] [TIME] 7949 dividends: 0.32s
2026-07-05 05:16:56,911 [INFO] [DETAIL] 7949 小松ウオール工業: income_stmt=OK, balance_sheet=OK, cashflow=OK, dividends=OK
2026-07-05 05:16:56,911 [INFO] [TIME] 7949 小松ウオール工業 処理時間: 1.12s
2026-07-05 05:16:59,028 [DEBUG] [TIME] 7951 info: 0.15s
2026-07-05 05:16:59,028 [DEBUG] yfinance OK: 7951
2026-07-05 05:16:59,206 [DEBUG] [TIME] 7951 income_stmt: 0.18s
2026-07-05 05:16:59,452 [DEBUG] [TIME] 7951 balance_sheet: 0.24s
2026-07-05 05:16:59,653 [DEBUG] [TIME] 7951 cashflow: 0.20s
2026-07-05 05:16:59,958 [DEBUG] [TIME] 7951 dividends: 0.30s
2026-07-05 05:16:59,959 [INFO] [DETAIL] 7951 ヤマハ: income_stmt=OK, balance_sheet=OK, cashflow=OK, dividends=OK
2026-07-05 05:16:59,959 [INFO] [TIME] 7951 ヤマハ 処理時間: 1.09s
2026-07-05 05:17:01,747 [DEBUG] [TIME] 7952 info: 0.15s
2026-07-05 05:17:01,747 [DEBUG] yfinance OK: 7952
2026-07-05 05:17:01,920 [DEBUG] [TIME] 7952 income_stmt: 0.17s
2026-07-05 05:17:02,158 [DEBUG] [TIME] 7952 balance_sheet: 0.24s
2026-07-05 05:17:02,392 [DEBUG] [TIME] 7952 cashflow: 0.23s
2026-07-05 05:17:02,719 [DEBUG] [TIME] 7952 dividends: 0.33s
2026-07-05 05:17:02,720 [INFO] [DETAIL] 7952 河合楽器製作所: income_stmt=OK, balance_sheet=OK, cashflow=OK, dividends=OK
2026-07-05 05:17:02,720 [INFO] [TIME] 7952 河合楽器製作所 処理時間: 1.13s
2026-07-05 05:17:04,487 [DEBUG] [TIME] 7953 info: 0.19s
2026-07-05 05:17:04,487 [DEBUG] yfinance OK: 7953
2026-07-05 05:17:04,691 [DEBUG] [TIME] 7953 income_stmt: 0.20s
2026-07-05 05:17:04,936 [DEBUG] [TIME] 7953 balance_sheet: 0.24s
2026-07-05 05:17:05,128 [DEBUG] [TIME] 7953 cashflow: 0.19s
2026-07-05 05:17:05,309 [DEBUG] [TIME] 7953 dividends: 0.18s
2026-07-05 05:17:05,310 [INFO] [DETAIL] 7953 菊水化学工業: income_stmt=OK, balance_sheet=OK, cashflow=OK, dividends=OK
2026-07-05 05:17:05,310 [INFO] [TIME] 7953 菊水化学工業 処理時間: 1.01s
2026-07-05 05:17:06,785 [DEBUG] [TIME] 7955 info: 0.15s
2026-07-05 05:17:06,785 [DEBUG] yfinance OK: 7955
2026-07-05 05:17:06,943 [DEBUG] [TIME] 7955 income_stmt: 0.16s
2026-07-05 05:17:07,180 [DEBUG] [TIME] 7955 balance_sheet: 0.24s
2026-07-05 05:17:07,405 [DEBUG] [TIME] 7955 cashflow: 0.22s
2026-07-05 05:17:07,761 [DEBUG] [TIME] 7955 dividends: 0.36s
2026-07-05 05:17:07,762 [INFO] [DETAIL] 7955 クリナップ: income_stmt=OK, balance_sheet=OK, cashflow=OK, dividends=OK
2026-07-05 05:17:07,762 [INFO] [TIME] 7955 クリナップ 処理時間: 1.13s
2026-07-05 05:17:08,939 [DEBUG] [TIME] 7956 info: 0.15s
2026-07-05 05:17:08,939 [DEBUG] yfinance OK: 7956
2026-07-05 05:17:09,143 [DEBUG] [TIME] 7956 income_stmt: 0.20s
2026-07-05 05:17:09,372 [DEBUG] [TIME] 7956 balance_sheet: 0.23s
2026-07-05 05:17:09,552 [DEBUG] [TIME] 7956 cashflow: 0.18s
2026-07-05 05:17:09,919 [DEBUG] [TIME] 7956 dividends: 0.37s
2026-07-05 05:17:09,921 [INFO] [DETAIL] 7956 ピジョン: income_stmt=OK, balance_sheet=OK, cashflow=OK, dividends=OK
2026-07-05 05:17:09,921 [INFO] [TIME] 7956 ピジョン 処理時間: 1.14s
2026-07-05 05:17:11,373 [DEBUG] [TIME] 7957 info: 0.18s
2026-07-05 05:17:11,373 [DEBUG] yfinance OK: 7957
2026-07-05 05:17:11,628 [DEBUG] [TIME] 7957 income_stmt: 0.25s
2026-07-05 05:17:11,852 [DEBUG] [TIME] 7957 balance_sheet: 0.22s
2026-07-05 05:17:12,046 [DEBUG] [TIME] 7957 cashflow: 0.19s
2026-07-05 05:17:12,300 [DEBUG] [TIME] 7957 dividends: 0.25s
2026-07-05 05:17:12,301 [INFO] [DETAIL] 7957 フジコピアン: income_stmt=OK, balance_sheet=OK, cashflow=OK, dividends=OK
2026-07-05 05:17:12,301 [INFO] [TIME] 7957 フジコピアン 処理時間: 1.11s
2026-07-05 05:17:13,834 [DEBUG] [TIME] 7962 info: 0.15s
2026-07-05 05:17:13,834 [DEBUG] yfinance OK: 7962
2026-07-05 05:17:14,019 [DEBUG] [TIME] 7962 income_stmt: 0.19s
2026-07-05 05:17:14,324 [DEBUG] [TIME] 7962 balance_sheet: 0.30s
2026-07-05 05:17:14,526 [DEBUG] [TIME] 7962 cashflow: 0.20s
2026-07-05 05:17:14,853 [DEBUG] [TIME] 7962 dividends: 0.33s
2026-07-05 05:17:14,854 [INFO] [DETAIL] 7962 キングジム: income_stmt=OK, balance_sheet=OK, cashflow=OK, dividends=OK
2026-07-05 05:17:14,854 [INFO] [TIME] 7962 キングジム 処理時間: 1.17s
2026-07-05 05:17:16,852 [DEBUG] [TIME] 7963 info: 0.16s
2026-07-05 05:17:16,852 [DEBUG] yfinance OK: 7963
2026-07-05 05:17:17,025 [DEBUG] [TIME] 7963 income_stmt: 0.17s
2026-07-05 05:17:17,241 [DEBUG] [TIME] 7963 balance_sheet: 0.22s
2026-07-05 05:17:17,411 [DEBUG] [TIME] 7963 cashflow: 0.17s
2026-07-05 05:17:17,659 [DEBUG] [TIME] 7963 dividends: 0.25s
2026-07-05 05:17:17,659 [INFO] [DETAIL] 7963 興研: income_stmt=OK, balance_sheet=OK, cashflow=OK, dividends=OK
2026-07-05 05:17:17,660 [INFO] [TIME] 7963 興研 処理時間: 0.96s
2026-07-05 05:17:19,560 [DEBUG] [TIME] 7965 info: 0.18s
2026-07-05 05:17:19,560 [DEBUG] yfinance OK: 7965
2026-07-05 05:17:19,752 [DEBUG] [TIME] 7965 income_stmt: 0.19s
2026-07-05 05:17:20,030 [DEBUG] [TIME] 7965 balance_sheet: 0.28s
2026-07-05 05:17:20,259 [DEBUG] [TIME] 7965 cashflow: 0.23s
2026-07-05 05:17:20,571 [DEBUG] [TIME] 7965 dividends: 0.31s
2026-07-05 05:17:20,572 [INFO] [DETAIL] 7965 象印マホービン: income_stmt=OK, balance_sheet=OK, cashflow=OK, dividends=OK
2026-07-05 05:17:20,572 [INFO] [TIME] 7965 象印マホービン 処理時間: 1.19s
2026-07-05 05:17:22,245 [DEBUG] [TIME] 7966 info: 0.18s
2026-07-05 05:17:22,246 [DEBUG] yfinance OK: 7966
2026-07-05 05:17:22,461 [DEBUG] [TIME] 7966 income_stmt: 0.22s
2026-07-05 05:17:22,706 [DEBUG] [TIME] 7966 balance_sheet: 0.24s
2026-07-05 05:17:22,958 [DEBUG] [TIME] 7966 cashflow: 0.25s
2026-07-05 05:17:23,253 [DEBUG] [TIME] 7966 dividends: 0.29s
2026-07-05 05:17:23,254 [INFO] [DETAIL] 7966 リンテック: income_stmt=OK, balance_sheet=OK, cashflow=OK, dividends=OK
2026-07-05 05:17:23,254 [INFO] [TIME] 7966 リンテック 処理時間: 1.19s
2026-07-05 05:17:25,023 [DEBUG] [TIME] 7970 info: 0.18s
2026-07-05 05:17:25,023 [DEBUG] yfinance OK: 7970
2026-07-05 05:17:25,190 [DEBUG] [TIME] 7970 income_stmt: 0.17s
2026-07-05 05:17:25,365 [DEBUG] [TIME] 7970 balance_sheet: 0.17s
2026-07-05 05:17:25,569 [DEBUG] [TIME] 7970 cashflow: 0.20s
2026-07-05 05:17:25,831 [DEBUG] [TIME] 7970 dividends: 0.26s
2026-07-05 05:17:25,832 [INFO] [DETAIL] 7970 信越ポリマー: income_stmt=OK, balance_sheet=OK, cashflow=OK, dividends=OK
2026-07-05 05:17:25,832 [INFO] [TIME] 7970 信越ポリマー 処理時間: 0.99s
2026-07-05 05:17:27,624 [DEBUG] [TIME] 7971 info: 0.20s
2026-07-05 05:17:27,625 [DEBUG] yfinance OK: 7971
2026-07-05 05:17:27,812 [DEBUG] [TIME] 7971 income_stmt: 0.19s
2026-07-05 05:17:28,016 [DEBUG] [TIME] 7971 balance_sheet: 0.20s
2026-07-05 05:17:28,232 [DEBUG] [TIME] 7971 cashflow: 0.21s
2026-07-05 05:17:28,558 [DEBUG] [TIME] 7971 dividends: 0.33s
2026-07-05 05:17:28,559 [INFO] [DETAIL] 7971 東リ: income_stmt=OK, balance_sheet=OK, cashflow=OK, dividends=OK
2026-07-05 05:17:28,559 [INFO] [TIME] 7971 東リ 処理時間: 1.13s
2026-07-05 05:17:29,898 [DEBUG] [TIME] 7972 info: 0.19s
2026-07-05 05:17:29,899 [DEBUG] yfinance OK: 7972
2026-07-05 05:17:30,092 [DEBUG] [TIME] 7972 income_stmt: 0.19s
2026-07-05 05:17:30,318 [DEBUG] [TIME] 7972 balance_sheet: 0.23s
2026-07-05 05:17:30,519 [DEBUG] [TIME] 7972 cashflow: 0.20s
2026-07-05 05:17:30,813 [DEBUG] [TIME] 7972 dividends: 0.29s
2026-07-05 05:17:30,814 [INFO] [DETAIL] 7972 イトーキ: income_stmt=OK, balance_sheet=OK, cashflow=OK, dividends=OK
2026-07-05 05:17:30,814 [INFO] [TIME] 7972 イトーキ 処理時間: 1.10s
2026-07-05 05:17:32,567 [DEBUG] [TIME] 7974 info: 0.16s
2026-07-05 05:17:32,567 [DEBUG] yfinance OK: 7974
2026-07-05 05:17:32,755 [DEBUG] [TIME] 7974 income_stmt: 0.19s
2026-07-05 05:17:32,963 [DEBUG] [TIME] 7974 balance_sheet: 0.21s
2026-07-05 05:17:33,147 [DEBUG] [TIME] 7974 cashflow: 0.18s
2026-07-05 05:17:33,483 [DEBUG] [TIME] 7974 dividends: 0.34s
2026-07-05 05:17:33,484 [INFO] [DETAIL] 7974 任天堂: income_stmt=OK, balance_sheet=OK, cashflow=OK, dividends=OK
2026-07-05 05:17:33,485 [INFO] [TIME] 7974 任天堂 処理時間: 1.08s
2026-07-05 05:17:35,092 [DEBUG] [TIME] 7975 info: 0.18s
2026-07-05 05:17:35,092 [DEBUG] yfinance OK: 7975
2026-07-05 05:17:35,269 [DEBUG] [TIME] 7975 income_stmt: 0.18s
2026-07-05 05:17:35,501 [DEBUG] [TIME] 7975 balance_sheet: 0.23s
2026-07-05 05:17:35,685 [DEBUG] [TIME] 7975 cashflow: 0.18s
2026-07-05 05:17:35,974 [DEBUG] [TIME] 7975 dividends: 0.29s
2026-07-05 05:17:35,975 [INFO] [DETAIL] 7975 リヒトラブ: income_stmt=OK, balance_sheet=OK, cashflow=OK, dividends=OK
2026-07-05 05:17:35,975 [INFO] [TIME] 7975 リヒトラブ 処理時間: 1.07s
2026-07-05 05:17:37,608 [DEBUG] [TIME] 7976 info: 0.15s
2026-07-05 05:17:37,608 [DEBUG] yfinance OK: 7976
2026-07-05 05:17:37,780 [DEBUG] [TIME] 7976 income_stmt: 0.17s
2026-07-05 05:17:38,043 [DEBUG] [TIME] 7976 balance_sheet: 0.26s
2026-07-05 05:17:38,307 [DEBUG] [TIME] 7976 cashflow: 0.26s
2026-07-05 05:17:38,646 [DEBUG] [TIME] 7976 dividends: 0.34s
2026-07-05 05:17:38,647 [INFO] [DETAIL] 7976 三菱鉛筆: income_stmt=OK, balance_sheet=OK, cashflow=OK, dividends=OK
2026-07-05 05:17:38,648 [INFO] [TIME] 7976 三菱鉛筆 処理時間: 1.19s
2026-07-05 05:17:40,585 [DEBUG] [TIME] 7979 info: 0.15s
2026-07-05 05:17:40,585 [DEBUG] yfinance OK: 7979
2026-07-05 05:17:40,761 [DEBUG] [TIME] 7979 income_stmt: 0.18s
2026-07-05 05:17:40,972 [DEBUG] [TIME] 7979 balance_sheet: 0.21s
2026-07-05 05:17:41,202 [DEBUG] [TIME] 7979 cashflow: 0.23s
2026-07-05 05:17:41,440 [DEBUG] [TIME] 7979 dividends: 0.24s
2026-07-05 05:17:41,441 [INFO] [DETAIL] 7979 松風: income_stmt=OK, balance_sheet=OK, cashflow=OK, dividends=OK
2026-07-05 05:17:41,441 [INFO] [TIME] 7979 松風 処理時間: 1.01s
2026-07-05 05:17:43,517 [DEBUG] [TIME] 7980 info: 0.15s
2026-07-05 05:17:43,517 [DEBUG] yfinance OK: 7980
2026-07-05 05:17:43,695 [DEBUG] [TIME] 7980 income_stmt: 0.18s
2026-07-05 05:17:44,101 [DEBUG] [TIME] 7980 balance_sheet: 0.41s
2026-07-05 05:17:44,305 [DEBUG] [TIME] 7980 cashflow: 0.20s
2026-07-05 05:17:44,566 [DEBUG] [TIME] 7980 dividends: 0.26s
2026-07-05 05:17:44,567 [INFO] [DETAIL] 7980 重松製作所: income_stmt=OK, balance_sheet=OK, cashflow=OK, dividends=OK
2026-07-05 05:17:44,567 [INFO] [TIME] 7980 重松製作所 処理時間: 1.21s
2026-07-05 05:17:45,658 [INFO] === 実行完了 (yf=498, warns=76, 総実行時間=21分59.3秒) ===
