2026-07-04 01:53:01,523 [INFO] === 実行開始 (235銘柄) ===
2026-07-04 01:53:01,828 [DEBUG] [TIME] 9414 info: 0.30s
2026-07-04 01:53:01,828 [DEBUG] yfinance OK: 9414
2026-07-04 01:53:02,090 [DEBUG] [TIME] 9414 income_stmt: 0.26s
2026-07-04 01:53:02,416 [DEBUG] [TIME] 9414 balance_sheet: 0.32s
2026-07-04 01:53:02,669 [DEBUG] [TIME] 9414 cashflow: 0.25s
2026-07-04 01:53:03,130 [DEBUG] [TIME] 9414 dividends: 0.46s
2026-07-04 01:53:03,132 [INFO] [DETAIL] 9414 日本ＢＳ放送: income_stmt=OK, balance_sheet=OK, cashflow=OK, dividends=OK
2026-07-04 01:53:03,132 [INFO] [TIME] 9414 日本ＢＳ放送 処理時間: 1.61s
2026-07-04 01:53:05,288 [DEBUG] [TIME] 9416 info: 0.18s
2026-07-04 01:53:05,289 [DEBUG] yfinance OK: 9416
2026-07-04 01:53:05,488 [DEBUG] [TIME] 9416 income_stmt: 0.20s
2026-07-04 01:53:05,708 [DEBUG] [TIME] 9416 balance_sheet: 0.22s
2026-07-04 01:53:05,945 [DEBUG] [TIME] 9416 cashflow: 0.24s
2026-07-04 01:53:06,165 [DEBUG] [TIME] 9416 dividends: 0.22s
2026-07-04 01:53:06,166 [INFO] [DETAIL] 9416 ビジョン: income_stmt=OK, balance_sheet=OK, cashflow=OK, dividends=OK
2026-07-04 01:53:06,166 [INFO] [TIME] 9416 ビジョン 処理時間: 1.06s
2026-07-04 01:53:07,877 [DEBUG] [TIME] 9417 info: 0.20s
2026-07-04 01:53:07,877 [DEBUG] yfinance OK: 9417
2026-07-04 01:53:08,101 [DEBUG] [TIME] 9417 income_stmt: 0.22s
2026-07-04 01:53:08,375 [DEBUG] [TIME] 9417 balance_sheet: 0.27s
2026-07-04 01:53:08,632 [DEBUG] [TIME] 9417 cashflow: 0.26s
2026-07-04 01:53:08,879 [DEBUG] [TIME] 9417 dividends: 0.25s
2026-07-04 01:53:08,880 [INFO] [DETAIL] 9417 スマートバリュー: income_stmt=OK, balance_sheet=OK, cashflow=OK, dividends=OK
2026-07-04 01:53:08,880 [INFO] [TIME] 9417 スマートバリュー 処理時間: 1.21s
2026-07-04 01:53:10,919 [DEBUG] [TIME] 9418 info: 0.24s
2026-07-04 01:53:10,919 [DEBUG] yfinance OK: 9418
2026-07-04 01:53:11,198 [DEBUG] [TIME] 9418 income_stmt: 0.28s
2026-07-04 01:53:11,484 [DEBUG] [TIME] 9418 balance_sheet: 0.29s
2026-07-04 01:53:11,971 [DEBUG] [TIME] 9418 cashflow: 0.49s
2026-07-04 01:53:12,213 [DEBUG] [TIME] 9418 dividends: 0.24s
2026-07-04 01:53:12,214 [INFO] [DETAIL] 9418 Ｕ－ＮＥＸＴ　ＨＯＬＤＩＮＧＳ: income_stmt=OK, balance_sheet=OK, cashflow=OK, dividends=OK
2026-07-04 01:53:12,214 [INFO] [TIME] 9418 Ｕ－ＮＥＸＴ　ＨＯＬＤＩＮＧＳ 処理時間: 1.54s
2026-07-04 01:53:13,593 [DEBUG] [TIME] 9419 info: 0.19s
2026-07-04 01:53:13,593 [DEBUG] yfinance OK: 9419
2026-07-04 01:53:13,895 [DEBUG] [TIME] 9419 income_stmt: 0.30s
2026-07-04 01:53:14,145 [DEBUG] [TIME] 9419 balance_sheet: 0.25s
2026-07-04 01:53:14,378 [DEBUG] [TIME] 9419 cashflow: 0.23s
2026-07-04 01:53:14,664 [DEBUG] [TIME] 9419 dividends: 0.29s
2026-07-04 01:53:14,665 [INFO] [DETAIL] 9419 ワイヤレスゲート: income_stmt=OK, balance_sheet=OK, cashflow=OK, dividends=OK
2026-07-04 01:53:14,666 [INFO] [TIME] 9419 ワイヤレスゲート 処理時間: 1.26s
2026-07-04 01:53:15,928 [DEBUG] [TIME] 9421 info: 0.19s
2026-07-04 01:53:15,929 [DEBUG] yfinance OK: 9421
2026-07-04 01:53:16,158 [DEBUG] [TIME] 9421 income_stmt: 0.23s
2026-07-04 01:53:16,425 [DEBUG] [TIME] 9421 balance_sheet: 0.27s
2026-07-04 01:53:16,663 [DEBUG] [TIME] 9421 cashflow: 0.24s
2026-07-04 01:53:17,102 [DEBUG] [TIME] 9421 dividends: 0.44s
2026-07-04 01:53:17,103 [INFO] [DETAIL] 9421 エヌジェイホールディングス: income_stmt=OK, balance_sheet=OK, cashflow=OK, dividends=OK
2026-07-04 01:53:17,103 [INFO] [TIME] 9421 エヌジェイホールディングス 処理時間: 1.37s
2026-07-04 01:53:18,821 [DEBUG] [TIME] 9423 info: 0.17s
2026-07-04 01:53:18,821 [DEBUG] yfinance OK: 9423
2026-07-04 01:53:18,990 [DEBUG] [TIME] 9423 income_stmt: 0.17s
2026-07-04 01:53:19,256 [DEBUG] [TIME] 9423 balance_sheet: 0.27s
2026-07-04 01:53:19,496 [DEBUG] [TIME] 9423 cashflow: 0.24s
2026-07-04 01:53:19,759 [DEBUG] [TIME] 9423 dividends: 0.26s
2026-07-04 01:53:19,760 [INFO] [DETAIL] 9423 フォーバル・リアルストレート: income_stmt=OK, balance_sheet=OK, cashflow=OK, dividends=OK
2026-07-04 01:53:19,760 [INFO] [TIME] 9423 フォーバル・リアルストレート 処理時間: 1.11s
2026-07-04 01:53:21,365 [DEBUG] [TIME] 9424 info: 0.21s
2026-07-04 01:53:21,365 [DEBUG] yfinance OK: 9424
2026-07-04 01:53:21,591 [DEBUG] [TIME] 9424 income_stmt: 0.23s
2026-07-04 01:53:21,924 [DEBUG] [TIME] 9424 balance_sheet: 0.33s
2026-07-04 01:53:22,206 [DEBUG] [TIME] 9424 cashflow: 0.28s
2026-07-04 01:53:22,787 [DEBUG] [TIME] 9424 dividends: 0.58s
2026-07-04 01:53:22,787 [INFO] [DETAIL] 9424 日本通信: income_stmt=OK, balance_sheet=OK, cashflow=OK, dividends=EMPTY
2026-07-04 01:53:22,787 [INFO] [TIME] 9424 日本通信 処理時間: 1.63s
2026-07-04 01:53:24,522 [DEBUG] [TIME] 9425 info: 0.39s
2026-07-04 01:53:24,523 [DEBUG] yfinance OK: 9425
2026-07-04 01:53:24,689 [DEBUG] [TIME] 9425 income_stmt: 0.17s
2026-07-04 01:53:24,914 [DEBUG] [TIME] 9425 balance_sheet: 0.22s
2026-07-04 01:53:25,127 [DEBUG] [TIME] 9425 cashflow: 0.21s
2026-07-04 01:53:25,400 [DEBUG] [TIME] 9425 dividends: 0.27s
2026-07-04 01:53:25,400 [INFO] [DETAIL] 9425 ＲｅＹｕｕ　Ｊａｐａｎ: income_stmt=OK, balance_sheet=OK, cashflow=OK, dividends=EMPTY
2026-07-04 01:53:25,400 [INFO] [TIME] 9425 ＲｅＹｕｕ　Ｊａｐａｎ 処理時間: 1.27s
2026-07-04 01:53:27,185 [DEBUG] [TIME] 9428 info: 0.38s
2026-07-04 01:53:27,186 [DEBUG] yfinance OK: 9428
2026-07-04 01:53:27,470 [DEBUG] [TIME] 9428 income_stmt: 0.28s
2026-07-04 01:53:27,799 [DEBUG] [TIME] 9428 balance_sheet: 0.33s
2026-07-04 01:53:28,100 [DEBUG] [TIME] 9428 cashflow: 0.30s
2026-07-04 01:53:28,530 [DEBUG] [TIME] 9428 dividends: 0.43s
2026-07-04 01:53:28,531 [INFO] [DETAIL] 9428 クロップス: income_stmt=OK, balance_sheet=OK, cashflow=OK, dividends=OK
2026-07-04 01:53:28,532 [INFO] [TIME] 9428 クロップス 処理時間: 1.72s
2026-07-04 01:53:30,127 [DEBUG] [TIME] 9432 info: 0.28s
2026-07-04 01:53:30,127 [DEBUG] yfinance OK: 9432
2026-07-04 01:53:31,249 [DEBUG] [TIME] 9432 income_stmt: 1.12s
2026-07-04 01:53:31,482 [DEBUG] [TIME] 9432 balance_sheet: 0.23s
2026-07-04 01:53:31,722 [DEBUG] [TIME] 9432 cashflow: 0.24s
2026-07-04 01:53:32,062 [DEBUG] [TIME] 9432 dividends: 0.34s
2026-07-04 01:53:32,064 [INFO] [DETAIL] 9432 ＮＴＴ: income_stmt=OK, balance_sheet=OK, cashflow=OK, dividends=OK
2026-07-04 01:53:32,064 [INFO] [TIME] 9432 ＮＴＴ 処理時間: 2.22s
2026-07-04 01:53:33,292 [DEBUG] [TIME] 9433 info: 0.19s
2026-07-04 01:53:33,292 [DEBUG] yfinance OK: 9433
2026-07-04 01:53:33,465 [DEBUG] [TIME] 9433 income_stmt: 0.17s
2026-07-04 01:53:33,744 [DEBUG] [TIME] 9433 balance_sheet: 0.28s
2026-07-04 01:53:34,000 [DEBUG] [TIME] 9433 cashflow: 0.25s
2026-07-04 01:53:34,502 [DEBUG] [TIME] 9433 dividends: 0.50s
2026-07-04 01:53:34,504 [INFO] [DETAIL] 9433 ＫＤＤＩ: income_stmt=OK, balance_sheet=OK, cashflow=OK, dividends=OK
2026-07-04 01:53:34,504 [INFO] [TIME] 9433 ＫＤＤＩ 処理時間: 1.40s
2026-07-04 01:53:36,111 [DEBUG] [TIME] 9434 info: 0.21s
2026-07-04 01:53:36,111 [DEBUG] yfinance OK: 9434
2026-07-04 01:53:36,304 [DEBUG] [TIME] 9434 income_stmt: 0.19s
2026-07-04 01:53:36,554 [DEBUG] [TIME] 9434 balance_sheet: 0.25s
2026-07-04 01:53:36,745 [DEBUG] [TIME] 9434 cashflow: 0.19s
2026-07-04 01:53:37,217 [DEBUG] [TIME] 9434 dividends: 0.47s
2026-07-04 01:53:37,218 [INFO] [DETAIL] 9434 ソフトバンク: income_stmt=OK, balance_sheet=OK, cashflow=OK, dividends=OK
2026-07-04 01:53:37,219 [INFO] [TIME] 9434 ソフトバンク 処理時間: 1.31s
2026-07-04 01:53:38,583 [DEBUG] [TIME] 94345 info: 0.16s
2026-07-04 01:53:38,583 [DEBUG] yfinance OK: 94345
2026-07-04 01:53:38,775 [DEBUG] [TIME] 94345 income_stmt: 0.19s
2026-07-04 01:53:39,023 [DEBUG] [TIME] 94345 balance_sheet: 0.25s
2026-07-04 01:53:39,224 [DEBUG] [TIME] 94345 cashflow: 0.20s
2026-07-04 01:53:39,426 [DEBUG] [TIME] 94345 dividends: 0.20s
2026-07-04 01:53:39,427 [INFO] [DETAIL] 94345 ソフトバンク第１回社債型種類株式: income_stmt=OK, balance_sheet=OK, cashflow=OK, dividends=OK
2026-07-04 01:53:39,427 [INFO] [TIME] 94345 ソフトバンク第１回社債型種類株式 処理時間: 1.00s
2026-07-04 01:53:41,198 [DEBUG] [TIME] 94346 info: 0.21s
2026-07-04 01:53:41,198 [DEBUG] yfinance OK: 94346
2026-07-04 01:53:41,411 [DEBUG] [TIME] 94346 income_stmt: 0.21s
2026-07-04 01:53:41,667 [DEBUG] [TIME] 94346 balance_sheet: 0.26s
2026-07-04 01:53:41,952 [DEBUG] [TIME] 94346 cashflow: 0.28s
2026-07-04 01:53:42,128 [DEBUG] [TIME] 94346 dividends: 0.18s
2026-07-04 01:53:42,130 [INFO] [DETAIL] 94346 ソフトバンク第２回社債型種類株式: income_stmt=OK, balance_sheet=OK, cashflow=OK, dividends=OK
2026-07-04 01:53:42,130 [INFO] [TIME] 94346 ソフトバンク第２回社債型種類株式 処理時間: 1.14s
2026-07-04 01:53:43,494 [DEBUG] [TIME] 9435 info: 0.18s
2026-07-04 01:53:43,495 [DEBUG] yfinance OK: 9435
2026-07-04 01:53:43,710 [DEBUG] [TIME] 9435 income_stmt: 0.22s
2026-07-04 01:53:43,980 [DEBUG] [TIME] 9435 balance_sheet: 0.27s
2026-07-04 01:53:44,169 [DEBUG] [TIME] 9435 cashflow: 0.19s
2026-07-04 01:53:44,670 [DEBUG] [TIME] 9435 dividends: 0.50s
2026-07-04 01:53:44,672 [INFO] [DETAIL] 9435 光通信: income_stmt=OK, balance_sheet=OK, cashflow=OK, dividends=OK
2026-07-04 01:53:44,672 [INFO] [TIME] 9435 光通信 処理時間: 1.36s
2026-07-04 01:53:46,171 [DEBUG] [TIME] 9436 info: 0.17s
2026-07-04 01:53:46,171 [DEBUG] yfinance OK: 9436
2026-07-04 01:53:46,403 [DEBUG] [TIME] 9436 income_stmt: 0.23s
2026-07-04 01:53:46,686 [DEBUG] [TIME] 9436 balance_sheet: 0.28s
2026-07-04 01:53:46,920 [DEBUG] [TIME] 9436 cashflow: 0.23s
2026-07-04 01:53:47,508 [DEBUG] [TIME] 9436 dividends: 0.59s
2026-07-04 01:53:47,509 [INFO] [DETAIL] 9436 沖縄セルラー電話: income_stmt=OK, balance_sheet=OK, cashflow=OK, dividends=OK
2026-07-04 01:53:47,510 [INFO] [TIME] 9436 沖縄セルラー電話 処理時間: 1.51s
2026-07-04 01:53:49,284 [DEBUG] [TIME] 9438 info: 0.17s
2026-07-04 01:53:49,284 [DEBUG] yfinance OK: 9438
2026-07-04 01:53:49,531 [DEBUG] [TIME] 9438 income_stmt: 0.25s
2026-07-04 01:53:49,832 [DEBUG] [TIME] 9438 balance_sheet: 0.30s
2026-07-04 01:53:50,091 [DEBUG] [TIME] 9438 cashflow: 0.26s
2026-07-04 01:53:50,697 [DEBUG] [TIME] 9438 dividends: 0.60s
2026-07-04 01:53:50,698 [INFO] [DETAIL] 9438 エムティーアイ: income_stmt=OK, balance_sheet=OK, cashflow=OK, dividends=OK
2026-07-04 01:53:50,698 [INFO] [TIME] 9438 エムティーアイ 処理時間: 1.58s
2026-07-04 01:53:51,903 [DEBUG] [TIME] 9439 info: 0.16s
2026-07-04 01:53:51,903 [DEBUG] yfinance OK: 9439
2026-07-04 01:53:52,199 [DEBUG] [TIME] 9439 income_stmt: 0.30s
2026-07-04 01:53:52,511 [DEBUG] [TIME] 9439 balance_sheet: 0.31s
2026-07-04 01:53:52,705 [DEBUG] [TIME] 9439 cashflow: 0.19s
2026-07-04 01:53:53,167 [DEBUG] [TIME] 9439 dividends: 0.46s
2026-07-04 01:53:53,169 [INFO] [DETAIL] 9439 エム・エイチ・グループ: income_stmt=OK, balance_sheet=OK, cashflow=OK, dividends=OK
2026-07-04 01:53:53,169 [INFO] [TIME] 9439 エム・エイチ・グループ 処理時間: 1.42s
2026-07-04 01:53:54,923 [DEBUG] [TIME] 9441 info: 0.18s
2026-07-04 01:53:54,923 [DEBUG] yfinance OK: 9441
2026-07-04 01:53:55,139 [DEBUG] [TIME] 9441 income_stmt: 0.22s
2026-07-04 01:53:55,485 [DEBUG] [TIME] 9441 balance_sheet: 0.34s
2026-07-04 01:53:55,698 [DEBUG] [TIME] 9441 cashflow: 0.21s
2026-07-04 01:53:56,308 [DEBUG] [TIME] 9441 dividends: 0.61s
2026-07-04 01:53:56,309 [INFO] [DETAIL] 9441 ベルパーク: income_stmt=OK, balance_sheet=OK, cashflow=OK, dividends=OK
2026-07-04 01:53:56,309 [INFO] [TIME] 9441 ベルパーク 処理時間: 1.57s
2026-07-04 01:53:58,217 [DEBUG] [TIME] 9444 info: 0.25s
2026-07-04 01:53:58,217 [DEBUG] yfinance OK: 9444
2026-07-04 01:53:58,400 [DEBUG] [TIME] 9444 income_stmt: 0.18s
2026-07-04 01:53:58,709 [DEBUG] [TIME] 9444 balance_sheet: 0.31s
2026-07-04 01:53:58,950 [DEBUG] [TIME] 9444 cashflow: 0.24s
2026-07-04 01:53:59,242 [DEBUG] [TIME] 9444 dividends: 0.29s
2026-07-04 01:53:59,243 [INFO] [DETAIL] 9444 トーシンホールディングス: income_stmt=OK, balance_sheet=OK, cashflow=OK, dividends=OK
2026-07-04 01:53:59,243 [INFO] [TIME] 9444 トーシンホールディングス 処理時間: 1.28s
2026-07-04 01:54:00,833 [DEBUG] [TIME] 9445 info: 0.17s
2026-07-04 01:54:00,834 [DEBUG] yfinance OK: 9445
2026-07-04 01:54:01,044 [DEBUG] [TIME] 9445 income_stmt: 0.21s
2026-07-04 01:54:01,290 [DEBUG] [TIME] 9445 balance_sheet: 0.25s
2026-07-04 01:54:01,534 [DEBUG] [TIME] 9445 cashflow: 0.24s
2026-07-04 01:54:02,093 [DEBUG] [TIME] 9445 dividends: 0.56s
2026-07-04 01:54:02,094 [INFO] [DETAIL] 9445 フォーバルテレコム: income_stmt=OK, balance_sheet=OK, cashflow=OK, dividends=OK
2026-07-04 01:54:02,094 [INFO] [TIME] 9445 フォーバルテレコム 処理時間: 1.43s
2026-07-04 01:54:03,592 [DEBUG] [TIME] 9446 info: 0.20s
2026-07-04 01:54:03,592 [DEBUG] yfinance OK: 9446
2026-07-04 01:54:03,806 [DEBUG] [TIME] 9446 income_stmt: 0.21s
2026-07-04 01:54:04,060 [DEBUG] [TIME] 9446 balance_sheet: 0.25s
2026-07-04 01:54:04,254 [DEBUG] [TIME] 9446 cashflow: 0.19s
2026-07-04 01:54:04,539 [DEBUG] [TIME] 9446 dividends: 0.29s
2026-07-04 01:54:04,541 [INFO] [DETAIL] 9446 サカイホールディングス: income_stmt=OK, balance_sheet=OK, cashflow=OK, dividends=OK
2026-07-04 01:54:04,541 [INFO] [TIME] 9446 サカイホールディングス 処理時間: 1.15s
2026-07-04 01:54:05,834 [DEBUG] [TIME] 9449 info: 0.18s
2026-07-04 01:54:05,834 [DEBUG] yfinance OK: 9449
2026-07-04 01:54:06,082 [DEBUG] [TIME] 9449 income_stmt: 0.25s
2026-07-04 01:54:06,398 [DEBUG] [TIME] 9449 balance_sheet: 0.32s
2026-07-04 01:54:06,638 [DEBUG] [TIME] 9449 cashflow: 0.24s
2026-07-04 01:54:07,153 [DEBUG] [TIME] 9449 dividends: 0.51s
2026-07-04 01:54:07,154 [INFO] [DETAIL] 9449 ＧＭＯインターネットグループ: income_stmt=OK, balance_sheet=OK, cashflow=OK, dividends=OK
2026-07-04 01:54:07,154 [INFO] [TIME] 9449 ＧＭＯインターネットグループ 処理時間: 1.50s
2026-07-04 01:54:09,314 [DEBUG] [TIME] 9450 info: 0.18s
2026-07-04 01:54:09,314 [DEBUG] yfinance OK: 9450
2026-07-04 01:54:09,556 [DEBUG] [TIME] 9450 income_stmt: 0.24s
2026-07-04 01:54:09,766 [DEBUG] [TIME] 9450 balance_sheet: 0.21s
2026-07-04 01:54:09,994 [DEBUG] [TIME] 9450 cashflow: 0.23s
2026-07-04 01:54:10,141 [DEBUG] [TIME] 9450 dividends: 0.15s
2026-07-04 01:54:10,142 [INFO] [DETAIL] 9450 ファイバーゲート: income_stmt=OK, balance_sheet=OK, cashflow=OK, dividends=OK
2026-07-04 01:54:10,142 [INFO] [TIME] 9450 ファイバーゲート 処理時間: 1.00s
2026-07-04 01:54:12,028 [DEBUG] [TIME] 9466 info: 0.23s
2026-07-04 01:54:12,028 [DEBUG] yfinance OK: 9466
2026-07-04 01:54:12,258 [DEBUG] [TIME] 9466 income_stmt: 0.23s
2026-07-04 01:54:12,651 [DEBUG] [TIME] 9466 balance_sheet: 0.39s
2026-07-04 01:54:12,944 [DEBUG] [TIME] 9466 cashflow: 0.29s
2026-07-04 01:54:13,162 [DEBUG] [TIME] 9466 dividends: 0.22s
2026-07-04 01:54:13,163 [INFO] [DETAIL] 9466 アイドママーケティングコミュニケーション: income_stmt=OK, balance_sheet=OK, cashflow=OK, dividends=OK
2026-07-04 01:54:13,163 [INFO] [TIME] 9466 アイドママーケティングコミュニケーション 処理時間: 1.37s
2026-07-04 01:54:15,285 [DEBUG] [TIME] 9467 info: 0.20s
2026-07-04 01:54:15,285 [DEBUG] yfinance OK: 9467
2026-07-04 01:54:15,645 [DEBUG] [TIME] 9467 income_stmt: 0.36s
2026-07-04 01:54:16,110 [DEBUG] [TIME] 9467 balance_sheet: 0.47s
2026-07-04 01:54:16,314 [DEBUG] [TIME] 9467 cashflow: 0.20s
2026-07-04 01:54:16,686 [DEBUG] [TIME] 9467 dividends: 0.37s
2026-07-04 01:54:16,687 [INFO] [DETAIL] 9467 アルファポリス: income_stmt=OK, balance_sheet=OK, cashflow=OK, dividends=OK
2026-07-04 01:54:16,687 [INFO] [TIME] 9467 アルファポリス 処理時間: 1.61s
2026-07-04 01:54:18,060 [DEBUG] [TIME] 9468 info: 0.21s
2026-07-04 01:54:18,060 [DEBUG] yfinance OK: 9468
2026-07-04 01:54:18,320 [DEBUG] [TIME] 9468 income_stmt: 0.26s
2026-07-04 01:54:18,648 [DEBUG] [TIME] 9468 balance_sheet: 0.33s
2026-07-04 01:54:18,858 [DEBUG] [TIME] 9468 cashflow: 0.21s
2026-07-04 01:54:19,350 [DEBUG] [TIME] 9468 dividends: 0.49s
2026-07-04 01:54:19,351 [INFO] [DETAIL] 9468 ＫＡＤＯＫＡＷＡ: income_stmt=OK, balance_sheet=OK, cashflow=OK, dividends=OK
2026-07-04 01:54:19,351 [INFO] [TIME] 9468 ＫＡＤＯＫＡＷＡ 処理時間: 1.50s
2026-07-04 01:54:20,970 [DEBUG] [TIME] 9470 info: 0.16s
2026-07-04 01:54:20,970 [DEBUG] yfinance OK: 9470
2026-07-04 01:54:21,213 [DEBUG] [TIME] 9470 income_stmt: 0.24s
2026-07-04 01:54:21,535 [DEBUG] [TIME] 9470 balance_sheet: 0.32s
2026-07-04 01:54:21,804 [DEBUG] [TIME] 9470 cashflow: 0.27s
2026-07-04 01:54:22,228 [DEBUG] [TIME] 9470 dividends: 0.42s
2026-07-04 01:54:22,230 [INFO] [DETAIL] 9470 学研ホールディングス: income_stmt=OK, balance_sheet=OK, cashflow=OK, dividends=OK
2026-07-04 01:54:22,230 [INFO] [TIME] 9470 学研ホールディングス 処理時間: 1.42s
2026-07-04 01:54:24,291 [DEBUG] [TIME] 9474 info: 0.17s
2026-07-04 01:54:24,291 [DEBUG] yfinance OK: 9474
2026-07-04 01:54:24,460 [DEBUG] [TIME] 9474 income_stmt: 0.17s
2026-07-04 01:54:24,755 [DEBUG] [TIME] 9474 balance_sheet: 0.29s
2026-07-04 01:54:25,066 [DEBUG] [TIME] 9474 cashflow: 0.31s
2026-07-04 01:54:25,496 [DEBUG] [TIME] 9474 dividends: 0.43s
2026-07-04 01:54:25,497 [INFO] [DETAIL] 9474 ゼンリン: income_stmt=OK, balance_sheet=OK, cashflow=OK, dividends=OK
2026-07-04 01:54:25,497 [INFO] [TIME] 9474 ゼンリン 処理時間: 1.38s
2026-07-04 01:54:27,238 [DEBUG] [TIME] 9475 info: 0.17s
2026-07-04 01:54:27,238 [DEBUG] yfinance OK: 9475
2026-07-04 01:54:27,440 [DEBUG] [TIME] 9475 income_stmt: 0.20s
2026-07-04 01:54:27,723 [DEBUG] [TIME] 9475 balance_sheet: 0.28s
2026-07-04 01:54:27,987 [DEBUG] [TIME] 9475 cashflow: 0.26s
2026-07-04 01:54:28,445 [DEBUG] [TIME] 9475 dividends: 0.46s
2026-07-04 01:54:28,446 [INFO] [DETAIL] 9475 昭文社ホールディングス: income_stmt=OK, balance_sheet=OK, cashflow=OK, dividends=OK
2026-07-04 01:54:28,447 [INFO] [TIME] 9475 昭文社ホールディングス 処理時間: 1.38s
2026-07-04 01:54:30,022 [DEBUG] [TIME] 9476 info: 0.20s
2026-07-04 01:54:30,023 [DEBUG] yfinance OK: 9476
2026-07-04 01:54:30,298 [DEBUG] [TIME] 9476 income_stmt: 0.28s
2026-07-04 01:54:30,585 [DEBUG] [TIME] 9476 balance_sheet: 0.29s
2026-07-04 01:54:30,791 [DEBUG] [TIME] 9476 cashflow: 0.21s
2026-07-04 01:54:31,047 [DEBUG] [TIME] 9476 dividends: 0.25s
2026-07-04 01:54:31,048 [INFO] [DETAIL] 9476 中央経済社ホールディングス: income_stmt=OK, balance_sheet=OK, cashflow=OK, dividends=OK
2026-07-04 01:54:31,048 [INFO] [TIME] 9476 中央経済社ホールディングス 処理時間: 1.23s
2026-07-04 01:54:32,969 [DEBUG] [TIME] 9478 info: 0.20s
2026-07-04 01:54:32,969 [DEBUG] yfinance OK: 9478
2026-07-04 01:54:33,152 [DEBUG] [TIME] 9478 income_stmt: 0.18s
2026-07-04 01:54:33,435 [DEBUG] [TIME] 9478 balance_sheet: 0.28s
2026-07-04 01:54:33,631 [DEBUG] [TIME] 9478 cashflow: 0.20s
2026-07-04 01:54:34,255 [DEBUG] [TIME] 9478 dividends: 0.62s
2026-07-04 01:54:34,257 [INFO] [DETAIL] 9478 ＳＥホールディングス・アンド・インキュベーションズ: income_stmt=OK, balance_sheet=OK, cashflow=OK, dividends=OK
2026-07-04 01:54:34,257 [INFO] [TIME] 9478 ＳＥホールディングス・アンド・インキュベーションズ 処理時間: 1.49s
2026-07-04 01:54:36,311 [DEBUG] [TIME] 9501 info: 0.23s
2026-07-04 01:54:36,312 [DEBUG] yfinance OK: 9501
2026-07-04 01:54:36,539 [DEBUG] [TIME] 9501 income_stmt: 0.23s
2026-07-04 01:54:36,823 [DEBUG] [TIME] 9501 balance_sheet: 0.28s
2026-07-04 01:54:37,010 [DEBUG] [TIME] 9501 cashflow: 0.19s
2026-07-04 01:54:37,516 [DEBUG] [TIME] 9501 dividends: 0.51s
2026-07-04 01:54:37,518 [INFO] [DETAIL] 9501 東京電力ホールディングス: income_stmt=OK, balance_sheet=OK, cashflow=OK, dividends=OK
2026-07-04 01:54:37,518 [INFO] [TIME] 9501 東京電力ホールディングス 処理時間: 1.44s
2026-07-04 01:54:39,064 [DEBUG] [TIME] 9502 info: 0.17s
2026-07-04 01:54:39,064 [DEBUG] yfinance OK: 9502
2026-07-04 01:54:39,273 [DEBUG] [TIME] 9502 income_stmt: 0.21s
2026-07-04 01:54:39,548 [DEBUG] [TIME] 9502 balance_sheet: 0.27s
2026-07-04 01:54:39,821 [DEBUG] [TIME] 9502 cashflow: 0.27s
2026-07-04 01:54:40,106 [DEBUG] [TIME] 9502 dividends: 0.28s
2026-07-04 01:54:40,107 [INFO] [DETAIL] 9502 中部電力: income_stmt=OK, balance_sheet=OK, cashflow=OK, dividends=OK
2026-07-04 01:54:40,107 [INFO] [TIME] 9502 中部電力 処理時間: 1.22s
2026-07-04 01:54:42,050 [DEBUG] [TIME] 9503 info: 0.16s
2026-07-04 01:54:42,050 [DEBUG] yfinance OK: 9503
2026-07-04 01:54:42,272 [DEBUG] [TIME] 9503 income_stmt: 0.22s
2026-07-04 01:54:42,527 [DEBUG] [TIME] 9503 balance_sheet: 0.25s
2026-07-04 01:54:42,806 [DEBUG] [TIME] 9503 cashflow: 0.28s
2026-07-04 01:54:43,143 [DEBUG] [TIME] 9503 dividends: 0.34s
2026-07-04 01:54:43,144 [INFO] [DETAIL] 9503 関西電力: income_stmt=OK, balance_sheet=OK, cashflow=OK, dividends=OK
2026-07-04 01:54:43,144 [INFO] [TIME] 9503 関西電力 処理時間: 1.26s
2026-07-04 01:54:44,653 [DEBUG] [TIME] 9504 info: 0.15s
2026-07-04 01:54:44,653 [DEBUG] yfinance OK: 9504
2026-07-04 01:54:44,833 [DEBUG] [TIME] 9504 income_stmt: 0.18s
2026-07-04 01:54:45,096 [DEBUG] [TIME] 9504 balance_sheet: 0.26s
2026-07-04 01:54:45,299 [DEBUG] [TIME] 9504 cashflow: 0.20s
2026-07-04 01:54:45,790 [DEBUG] [TIME] 9504 dividends: 0.49s
2026-07-04 01:54:45,791 [INFO] [DETAIL] 9504 中国電力: income_stmt=OK, balance_sheet=OK, cashflow=OK, dividends=OK
2026-07-04 01:54:45,791 [INFO] [TIME] 9504 中国電力 処理時間: 1.29s
2026-07-04 01:54:47,905 [DEBUG] [TIME] 9505 info: 0.15s
2026-07-04 01:54:47,905 [DEBUG] yfinance OK: 9505
2026-07-04 01:54:48,112 [DEBUG] [TIME] 9505 income_stmt: 0.21s
2026-07-04 01:54:48,355 [DEBUG] [TIME] 9505 balance_sheet: 0.24s
2026-07-04 01:54:48,530 [DEBUG] [TIME] 9505 cashflow: 0.17s
2026-07-04 01:54:48,918 [DEBUG] [TIME] 9505 dividends: 0.39s
2026-07-04 01:54:48,919 [INFO] [DETAIL] 9505 北陸電力: income_stmt=OK, balance_sheet=OK, cashflow=OK, dividends=OK
2026-07-04 01:54:48,919 [INFO] [TIME] 9505 北陸電力 処理時間: 1.16s
2026-07-04 01:54:50,321 [DEBUG] [TIME] 9506 info: 0.19s
2026-07-04 01:54:50,321 [DEBUG] yfinance OK: 9506
2026-07-04 01:54:50,506 [DEBUG] [TIME] 9506 income_stmt: 0.19s
2026-07-04 01:54:50,797 [DEBUG] [TIME] 9506 balance_sheet: 0.29s
2026-07-04 01:54:51,014 [DEBUG] [TIME] 9506 cashflow: 0.22s
2026-07-04 01:54:51,578 [DEBUG] [TIME] 9506 dividends: 0.56s
2026-07-04 01:54:51,579 [INFO] [DETAIL] 9506 東北電力: income_stmt=OK, balance_sheet=OK, cashflow=OK, dividends=OK
2026-07-04 01:54:51,579 [INFO] [TIME] 9506 東北電力 処理時間: 1.44s
2026-07-04 01:54:52,932 [DEBUG] [TIME] 9507 info: 0.20s
2026-07-04 01:54:52,932 [DEBUG] yfinance OK: 9507
2026-07-04 01:54:53,129 [DEBUG] [TIME] 9507 income_stmt: 0.20s
2026-07-04 01:54:53,453 [DEBUG] [TIME] 9507 balance_sheet: 0.32s
2026-07-04 01:54:53,665 [DEBUG] [TIME] 9507 cashflow: 0.21s
2026-07-04 01:54:54,082 [DEBUG] [TIME] 9507 dividends: 0.42s
2026-07-04 01:54:54,083 [INFO] [DETAIL] 9507 四国電力: income_stmt=OK, balance_sheet=OK, cashflow=OK, dividends=OK
2026-07-04 01:54:54,083 [INFO] [TIME] 9507 四国電力 処理時間: 1.36s
2026-07-04 01:54:56,125 [DEBUG] [TIME] 9508 info: 0.15s
2026-07-04 01:54:56,126 [DEBUG] yfinance OK: 9508
2026-07-04 01:54:56,391 [DEBUG] [TIME] 9508 income_stmt: 0.27s
2026-07-04 01:54:56,652 [DEBUG] [TIME] 9508 balance_sheet: 0.26s
2026-07-04 01:54:56,890 [DEBUG] [TIME] 9508 cashflow: 0.24s
2026-07-04 01:54:57,199 [DEBUG] [TIME] 9508 dividends: 0.31s
2026-07-04 01:54:57,200 [INFO] [DETAIL] 9508 九州電力: income_stmt=OK, balance_sheet=OK, cashflow=OK, dividends=OK
2026-07-04 01:54:57,200 [INFO] [TIME] 9508 九州電力 処理時間: 1.23s
2026-07-04 01:54:58,889 [DEBUG] [TIME] 9509 info: 0.19s
2026-07-04 01:54:58,889 [DEBUG] yfinance OK: 9509
2026-07-04 01:54:59,076 [DEBUG] [TIME] 9509 income_stmt: 0.19s
2026-07-04 01:54:59,332 [DEBUG] [TIME] 9509 balance_sheet: 0.26s
2026-07-04 01:54:59,534 [DEBUG] [TIME] 9509 cashflow: 0.20s
2026-07-04 01:54:59,885 [DEBUG] [TIME] 9509 dividends: 0.35s
2026-07-04 01:54:59,886 [INFO] [DETAIL] 9509 北海道電力: income_stmt=OK, balance_sheet=OK, cashflow=OK, dividends=OK
2026-07-04 01:54:59,886 [INFO] [TIME] 9509 北海道電力 処理時間: 1.19s
2026-07-04 01:55:01,246 [DEBUG] [TIME] 9511 info: 0.16s
2026-07-04 01:55:01,246 [DEBUG] yfinance OK: 9511
2026-07-04 01:55:01,414 [DEBUG] [TIME] 9511 income_stmt: 0.17s
2026-07-04 01:55:01,643 [DEBUG] [TIME] 9511 balance_sheet: 0.23s
2026-07-04 01:55:01,863 [DEBUG] [TIME] 9511 cashflow: 0.22s
2026-07-04 01:55:02,254 [DEBUG] [TIME] 9511 dividends: 0.39s
2026-07-04 01:55:02,255 [INFO] [DETAIL] 9511 沖縄電力: income_stmt=OK, balance_sheet=OK, cashflow=OK, dividends=OK
2026-07-04 01:55:02,256 [INFO] [TIME] 9511 沖縄電力 処理時間: 1.17s
2026-07-04 01:55:04,076 [DEBUG] [TIME] 9513 info: 0.21s
2026-07-04 01:55:04,076 [DEBUG] yfinance OK: 9513
2026-07-04 01:55:04,325 [DEBUG] [TIME] 9513 income_stmt: 0.25s
2026-07-04 01:55:04,551 [DEBUG] [TIME] 9513 balance_sheet: 0.23s
2026-07-04 01:55:04,741 [DEBUG] [TIME] 9513 cashflow: 0.19s
2026-07-04 01:55:05,043 [DEBUG] [TIME] 9513 dividends: 0.30s
2026-07-04 01:55:05,044 [INFO] [DETAIL] 9513 電源開発: income_stmt=OK, balance_sheet=OK, cashflow=OK, dividends=OK
2026-07-04 01:55:05,044 [INFO] [TIME] 9513 電源開発 処理時間: 1.18s
2026-07-04 01:55:07,301 [DEBUG] [TIME] 9514 info: 0.45s
2026-07-04 01:55:07,302 [DEBUG] yfinance OK: 9514
2026-07-04 01:55:07,644 [DEBUG] [TIME] 9514 income_stmt: 0.34s
2026-07-04 01:55:07,928 [DEBUG] [TIME] 9514 balance_sheet: 0.28s
2026-07-04 01:55:08,118 [DEBUG] [TIME] 9514 cashflow: 0.19s
2026-07-04 01:55:08,611 [DEBUG] [TIME] 9514 dividends: 0.49s
2026-07-04 01:55:08,612 [INFO] [DETAIL] 9514 エフオン: income_stmt=OK, balance_sheet=OK, cashflow=OK, dividends=OK
2026-07-04 01:55:08,612 [INFO] [TIME] 9514 エフオン 処理時間: 1.76s
2026-07-04 01:55:10,100 [DEBUG] [TIME] 9517 info: 0.18s
2026-07-04 01:55:10,101 [DEBUG] yfinance OK: 9517
2026-07-04 01:55:10,348 [DEBUG] [TIME] 9517 income_stmt: 0.25s
2026-07-04 01:55:10,664 [DEBUG] [TIME] 9517 balance_sheet: 0.31s
2026-07-04 01:55:10,974 [DEBUG] [TIME] 9517 cashflow: 0.31s
2026-07-04 01:55:11,292 [DEBUG] [TIME] 9517 dividends: 0.32s
2026-07-04 01:55:11,293 [INFO] [DETAIL] 9517 イーレックス: income_stmt=OK, balance_sheet=OK, cashflow=OK, dividends=OK
2026-07-04 01:55:11,293 [INFO] [TIME] 9517 イーレックス 処理時間: 1.37s
2026-07-04 01:55:12,872 [DEBUG] [TIME] 9519 info: 0.15s
2026-07-04 01:55:12,872 [DEBUG] yfinance OK: 9519
2026-07-04 01:55:13,073 [DEBUG] [TIME] 9519 income_stmt: 0.20s
2026-07-04 01:55:13,287 [DEBUG] [TIME] 9519 balance_sheet: 0.21s
2026-07-04 01:55:13,499 [DEBUG] [TIME] 9519 cashflow: 0.21s
2026-07-04 01:55:13,767 [DEBUG] [TIME] 9519 dividends: 0.27s
2026-07-04 01:55:13,767 [INFO] [DETAIL] 9519 レノバ: income_stmt=OK, balance_sheet=OK, cashflow=OK, dividends=EMPTY
2026-07-04 01:55:13,767 [INFO] [TIME] 9519 レノバ 処理時間: 1.05s
2026-07-04 01:55:14,966 [DEBUG] [TIME] 9531 info: 0.14s
2026-07-04 01:55:14,966 [DEBUG] yfinance OK: 9531
2026-07-04 01:55:15,159 [DEBUG] [TIME] 9531 income_stmt: 0.19s
2026-07-04 01:55:15,365 [DEBUG] [TIME] 9531 balance_sheet: 0.21s
2026-07-04 01:55:15,627 [DEBUG] [TIME] 9531 cashflow: 0.26s
2026-07-04 01:55:16,260 [DEBUG] [TIME] 9531 dividends: 0.63s
2026-07-04 01:55:16,261 [INFO] [DETAIL] 9531 東京瓦斯: income_stmt=OK, balance_sheet=OK, cashflow=OK, dividends=OK
2026-07-04 01:55:16,261 [INFO] [TIME] 9531 東京瓦斯 処理時間: 1.44s
2026-07-04 01:55:17,819 [DEBUG] [TIME] 9532 info: 0.21s
2026-07-04 01:55:17,819 [DEBUG] yfinance OK: 9532
2026-07-04 01:55:18,024 [DEBUG] [TIME] 9532 income_stmt: 0.20s
2026-07-04 01:55:18,251 [DEBUG] [TIME] 9532 balance_sheet: 0.23s
2026-07-04 01:55:18,498 [DEBUG] [TIME] 9532 cashflow: 0.25s
2026-07-04 01:55:19,094 [DEBUG] [TIME] 9532 dividends: 0.60s
2026-07-04 01:55:19,095 [INFO] [DETAIL] 9532 大阪瓦斯: income_stmt=OK, balance_sheet=OK, cashflow=OK, dividends=OK
2026-07-04 01:55:19,095 [INFO] [TIME] 9532 大阪瓦斯 処理時間: 1.48s
2026-07-04 01:55:20,753 [DEBUG] [TIME] 9533 info: 0.17s
2026-07-04 01:55:20,753 [DEBUG] yfinance OK: 9533
2026-07-04 01:55:20,972 [DEBUG] [TIME] 9533 income_stmt: 0.22s
2026-07-04 01:55:21,246 [DEBUG] [TIME] 9533 balance_sheet: 0.27s
2026-07-04 01:55:21,429 [DEBUG] [TIME] 9533 cashflow: 0.18s
2026-07-04 01:55:22,070 [DEBUG] [TIME] 9533 dividends: 0.64s
2026-07-04 01:55:22,072 [INFO] [DETAIL] 9533 東邦瓦斯: income_stmt=OK, balance_sheet=OK, cashflow=OK, dividends=OK
2026-07-04 01:55:22,072 [INFO] [TIME] 9533 東邦瓦斯 処理時間: 1.49s
2026-07-04 01:55:23,536 [DEBUG] [TIME] 9534 info: 0.18s
2026-07-04 01:55:23,536 [DEBUG] yfinance OK: 9534
2026-07-04 01:55:23,758 [DEBUG] [TIME] 9534 income_stmt: 0.22s
2026-07-04 01:55:23,997 [DEBUG] [TIME] 9534 balance_sheet: 0.24s
2026-07-04 01:55:24,209 [DEBUG] [TIME] 9534 cashflow: 0.21s
2026-07-04 01:55:24,830 [DEBUG] [TIME] 9534 dividends: 0.62s
2026-07-04 01:55:24,832 [INFO] [DETAIL] 9534 北海道瓦斯: income_stmt=OK, balance_sheet=OK, cashflow=OK, dividends=OK
2026-07-04 01:55:24,832 [INFO] [TIME] 9534 北海道瓦斯 処理時間: 1.47s
2026-07-04 01:55:26,745 [DEBUG] [TIME] 9535 info: 0.16s
2026-07-04 01:55:26,745 [DEBUG] yfinance OK: 9535
2026-07-04 01:55:26,959 [DEBUG] [TIME] 9535 income_stmt: 0.21s
2026-07-04 01:55:27,253 [DEBUG] [TIME] 9535 balance_sheet: 0.29s
2026-07-04 01:55:27,438 [DEBUG] [TIME] 9535 cashflow: 0.18s
2026-07-04 01:55:27,856 [DEBUG] [TIME] 9535 dividends: 0.42s
2026-07-04 01:55:27,857 [INFO] [DETAIL] 9535 広島ガス: income_stmt=OK, balance_sheet=OK, cashflow=OK, dividends=OK
2026-07-04 01:55:27,858 [INFO] [TIME] 9535 広島ガス 処理時間: 1.27s
2026-07-04 01:55:29,367 [DEBUG] [TIME] 9536 info: 0.19s
2026-07-04 01:55:29,367 [DEBUG] yfinance OK: 9536
2026-07-04 01:55:29,595 [DEBUG] [TIME] 9536 income_stmt: 0.23s
2026-07-04 01:55:29,834 [DEBUG] [TIME] 9536 balance_sheet: 0.24s
2026-07-04 01:55:30,038 [DEBUG] [TIME] 9536 cashflow: 0.20s
2026-07-04 01:55:30,602 [DEBUG] [TIME] 9536 dividends: 0.56s
2026-07-04 01:55:30,603 [INFO] [DETAIL] 9536 西部ガスホールディングス: income_stmt=OK, balance_sheet=OK, cashflow=OK, dividends=OK
2026-07-04 01:55:30,603 [INFO] [TIME] 9536 西部ガスホールディングス 処理時間: 1.42s
2026-07-04 01:55:32,459 [DEBUG] [TIME] 9537 info: 0.19s
2026-07-04 01:55:32,459 [DEBUG] yfinance OK: 9537
2026-07-04 01:55:32,664 [DEBUG] [TIME] 9537 income_stmt: 0.20s
2026-07-04 01:55:32,930 [DEBUG] [TIME] 9537 balance_sheet: 0.27s
2026-07-04 01:55:33,209 [DEBUG] [TIME] 9537 cashflow: 0.28s
2026-07-04 01:55:33,799 [DEBUG] [TIME] 9537 dividends: 0.59s
2026-07-04 01:55:33,800 [INFO] [DETAIL] 9537 北陸瓦斯: income_stmt=OK, balance_sheet=OK, cashflow=OK, dividends=OK
2026-07-04 01:55:33,800 [INFO] [TIME] 9537 北陸瓦斯 処理時間: 1.53s
2026-07-04 01:55:35,486 [DEBUG] [TIME] 9539 info: 0.17s
2026-07-04 01:55:35,486 [DEBUG] yfinance OK: 9539
2026-07-04 01:55:35,682 [DEBUG] [TIME] 9539 income_stmt: 0.20s
2026-07-04 01:55:35,924 [DEBUG] [TIME] 9539 balance_sheet: 0.24s
2026-07-04 01:55:36,149 [DEBUG] [TIME] 9539 cashflow: 0.22s
2026-07-04 01:55:36,439 [DEBUG] [TIME] 9539 dividends: 0.29s
2026-07-04 01:55:36,440 [INFO] [DETAIL] 9539 京葉瓦斯: income_stmt=OK, balance_sheet=OK, cashflow=OK, dividends=OK
2026-07-04 01:55:36,441 [INFO] [TIME] 9539 京葉瓦斯 処理時間: 1.12s
2026-07-04 01:55:38,483 [DEBUG] [TIME] 9543 info: 0.15s
2026-07-04 01:55:38,483 [DEBUG] yfinance OK: 9543
2026-07-04 01:55:38,680 [DEBUG] [TIME] 9543 income_stmt: 0.20s
2026-07-04 01:55:38,869 [DEBUG] [TIME] 9543 balance_sheet: 0.19s
2026-07-04 01:55:39,056 [DEBUG] [TIME] 9543 cashflow: 0.19s
2026-07-04 01:55:39,992 [DEBUG] [TIME] 9543 dividends: 0.94s
2026-07-04 01:55:39,993 [INFO] [DETAIL] 9543 静岡ガス: income_stmt=OK, balance_sheet=OK, cashflow=OK, dividends=OK
2026-07-04 01:55:39,994 [INFO] [TIME] 9543 静岡ガス 処理時間: 1.66s
2026-07-04 01:55:41,536 [DEBUG] [TIME] 9551 info: 0.17s
2026-07-04 01:55:41,536 [DEBUG] yfinance OK: 9551
2026-07-04 01:55:41,758 [DEBUG] [TIME] 9551 income_stmt: 0.22s
2026-07-04 01:55:42,033 [DEBUG] [TIME] 9551 balance_sheet: 0.27s
2026-07-04 01:55:42,279 [DEBUG] [TIME] 9551 cashflow: 0.25s
2026-07-04 01:55:42,584 [DEBUG] [TIME] 9551 dividends: 0.30s
2026-07-04 01:55:42,585 [INFO] [DETAIL] 9551 メタウォーター: income_stmt=OK, balance_sheet=OK, cashflow=OK, dividends=OK
2026-07-04 01:55:42,585 [INFO] [TIME] 9551 メタウォーター 処理時間: 1.22s
2026-07-04 01:55:44,926 [DEBUG] [TIME] 9552 info: 0.36s
2026-07-04 01:55:44,926 [DEBUG] yfinance OK: 9552
2026-07-04 01:55:45,256 [DEBUG] [TIME] 9552 income_stmt: 0.33s
2026-07-04 01:55:45,492 [DEBUG] [TIME] 9552 balance_sheet: 0.24s
2026-07-04 01:55:45,742 [DEBUG] [TIME] 9552 cashflow: 0.25s
2026-07-04 01:55:45,895 [DEBUG] [TIME] 9552 dividends: 0.15s
2026-07-04 01:55:45,896 [INFO] [DETAIL] 9552 クオンツ総研ホールディングス: income_stmt=OK, balance_sheet=OK, cashflow=OK, dividends=OK
2026-07-04 01:55:45,897 [INFO] [TIME] 9552 クオンツ総研ホールディングス 処理時間: 1.33s
2026-07-04 01:55:47,717 [DEBUG] [TIME] 9553 info: 0.17s
2026-07-04 01:55:47,717 [DEBUG] yfinance OK: 9553
2026-07-04 01:55:47,924 [DEBUG] [TIME] 9553 income_stmt: 0.21s
2026-07-04 01:55:48,165 [DEBUG] [TIME] 9553 balance_sheet: 0.24s
2026-07-04 01:55:48,442 [DEBUG] [TIME] 9553 cashflow: 0.28s
2026-07-04 01:55:48,686 [DEBUG] [TIME] 9553 dividends: 0.24s
2026-07-04 01:55:48,686 [INFO] [DETAIL] 9553 マイクロアド: income_stmt=OK, balance_sheet=OK, cashflow=OK, dividends=EMPTY
2026-07-04 01:55:48,686 [INFO] [TIME] 9553 マイクロアド 処理時間: 1.14s
2026-07-04 01:55:50,098 [DEBUG] [TIME] 9554 info: 0.28s
2026-07-04 01:55:50,098 [DEBUG] yfinance OK: 9554
2026-07-04 01:55:50,474 [DEBUG] [TIME] 9554 income_stmt: 0.38s
2026-07-04 01:55:50,818 [DEBUG] [TIME] 9554 balance_sheet: 0.34s
2026-07-04 01:55:51,086 [DEBUG] [TIME] 9554 cashflow: 0.27s
2026-07-04 01:55:51,386 [DEBUG] [TIME] 9554 dividends: 0.30s
2026-07-04 01:55:51,386 [INFO] [DETAIL] 9554 ＡＶｉＣ: income_stmt=OK, balance_sheet=OK, cashflow=OK, dividends=EMPTY
2026-07-04 01:55:51,386 [INFO] [TIME] 9554 ＡＶｉＣ 処理時間: 1.57s
2026-07-04 01:55:52,641 [DEBUG] [TIME] 9556 info: 0.16s
2026-07-04 01:55:52,641 [DEBUG] yfinance OK: 9556
2026-07-04 01:55:52,851 [DEBUG] [TIME] 9556 income_stmt: 0.21s
2026-07-04 01:55:53,144 [DEBUG] [TIME] 9556 balance_sheet: 0.29s
2026-07-04 01:55:53,330 [DEBUG] [TIME] 9556 cashflow: 0.18s
2026-07-04 01:55:53,542 [DEBUG] [TIME] 9556 dividends: 0.21s
2026-07-04 01:55:53,543 [INFO] [DETAIL] 9556 ＩＮＴＬＯＯＰ: income_stmt=OK, balance_sheet=OK, cashflow=OK, dividends=EMPTY
2026-07-04 01:55:53,543 [INFO] [TIME] 9556 ＩＮＴＬＯＯＰ 処理時間: 1.06s
2026-07-04 01:55:54,770 [DEBUG] [TIME] 9557 info: 0.19s
2026-07-04 01:55:54,770 [DEBUG] yfinance OK: 9557
2026-07-04 01:55:55,036 [DEBUG] [TIME] 9557 income_stmt: 0.27s
2026-07-04 01:55:55,281 [DEBUG] [TIME] 9557 balance_sheet: 0.24s
2026-07-04 01:55:55,518 [DEBUG] [TIME] 9557 cashflow: 0.24s
2026-07-04 01:55:55,870 [DEBUG] [TIME] 9557 dividends: 0.35s
2026-07-04 01:55:55,871 [INFO] [DETAIL] 9557 エアークローゼット: income_stmt=OK, balance_sheet=OK, cashflow=OK, dividends=EMPTY
2026-07-04 01:55:55,871 [INFO] [TIME] 9557 エアークローゼット 処理時間: 1.29s
2026-07-04 01:55:58,066 [DEBUG] [TIME] 9558 info: 0.26s
2026-07-04 01:55:58,066 [DEBUG] yfinance OK: 9558
2026-07-04 01:55:58,262 [DEBUG] [TIME] 9558 income_stmt: 0.20s
2026-07-04 01:55:58,520 [DEBUG] [TIME] 9558 balance_sheet: 0.26s
2026-07-04 01:55:58,733 [DEBUG] [TIME] 9558 cashflow: 0.21s
2026-07-04 01:55:58,907 [DEBUG] [TIME] 9558 dividends: 0.17s
2026-07-04 01:55:58,908 [INFO] [DETAIL] 9558 ジャパニアス: income_stmt=OK, balance_sheet=OK, cashflow=OK, dividends=OK
2026-07-04 01:55:58,908 [INFO] [TIME] 9558 ジャパニアス 処理時間: 1.10s
2026-07-04 01:56:00,255 [DEBUG] [TIME] 9560 info: 0.19s
2026-07-04 01:56:00,255 [DEBUG] yfinance OK: 9560
2026-07-04 01:56:00,451 [DEBUG] [TIME] 9560 income_stmt: 0.20s
2026-07-04 01:56:00,738 [DEBUG] [TIME] 9560 balance_sheet: 0.29s
2026-07-04 01:56:01,003 [DEBUG] [TIME] 9560 cashflow: 0.26s
2026-07-04 01:56:01,288 [DEBUG] [TIME] 9560 dividends: 0.28s
2026-07-04 01:56:01,289 [INFO] [DETAIL] 9560 プログリット: income_stmt=OK, balance_sheet=OK, cashflow=OK, dividends=OK
2026-07-04 01:56:01,289 [INFO] [TIME] 9560 プログリット 処理時間: 1.23s
2026-07-04 01:56:03,457 [DEBUG] [TIME] 9561 info: 0.19s
2026-07-04 01:56:03,457 [DEBUG] yfinance OK: 9561
2026-07-04 01:56:03,690 [DEBUG] [TIME] 9561 income_stmt: 0.23s
2026-07-04 01:56:03,939 [DEBUG] [TIME] 9561 balance_sheet: 0.25s
2026-07-04 01:56:05,355 [DEBUG] [TIME] 9561 cashflow: 1.42s
2026-07-04 01:56:05,461 [DEBUG] [TIME] 9561 dividends: 0.11s
2026-07-04 01:56:05,461 [INFO] [DETAIL] 9561 グラッドキューブ: income_stmt=OK, balance_sheet=OK, cashflow=OK, dividends=EMPTY
2026-07-04 01:56:05,461 [INFO] [TIME] 9561 グラッドキューブ 処理時間: 2.20s
2026-07-04 01:56:07,526 [DEBUG] [TIME] 9562 info: 0.27s
2026-07-04 01:56:07,527 [DEBUG] yfinance OK: 9562
2026-07-04 01:56:07,738 [DEBUG] [TIME] 9562 income_stmt: 0.21s
2026-07-04 01:56:07,962 [DEBUG] [TIME] 9562 balance_sheet: 0.22s
2026-07-04 01:56:08,201 [DEBUG] [TIME] 9562 cashflow: 0.24s
2026-07-04 01:56:08,311 [DEBUG] [TIME] 9562 dividends: 0.11s
2026-07-04 01:56:08,312 [INFO] [DETAIL] 9562 ビジネスコーチ: income_stmt=OK, balance_sheet=OK, cashflow=OK, dividends=OK
2026-07-04 01:56:08,312 [INFO] [TIME] 9562 ビジネスコーチ 処理時間: 1.05s
2026-07-04 01:56:10,017 [DEBUG] [TIME] 9563 info: 0.24s
2026-07-04 01:56:10,017 [DEBUG] yfinance OK: 9563
2026-07-04 01:56:10,244 [DEBUG] [TIME] 9563 income_stmt: 0.23s
2026-07-04 01:56:10,521 [DEBUG] [TIME] 9563 balance_sheet: 0.28s
2026-07-04 01:56:10,797 [DEBUG] [TIME] 9563 cashflow: 0.27s
2026-07-04 01:56:11,165 [DEBUG] [TIME] 9563 dividends: 0.37s
2026-07-04 01:56:11,165 [INFO] [DETAIL] 9563 Ａｔｌａｓ　Ｔｅｃｈｎｏｌｏｇｉｅｓ: income_stmt=OK, balance_sheet=OK, cashflow=OK, dividends=EMPTY
2026-07-04 01:56:11,165 [INFO] [TIME] 9563 Ａｔｌａｓ　Ｔｅｃｈｎｏｌｏｇｉｅｓ 処理時間: 1.39s
2026-07-04 01:56:13,161 [DEBUG] [TIME] 9564 info: 0.20s
2026-07-04 01:56:13,161 [DEBUG] yfinance OK: 9564
2026-07-04 01:56:13,433 [DEBUG] [TIME] 9564 income_stmt: 0.27s
2026-07-04 01:56:13,715 [DEBUG] [TIME] 9564 balance_sheet: 0.28s
2026-07-04 01:56:13,911 [DEBUG] [TIME] 9564 cashflow: 0.20s
2026-07-04 01:56:14,081 [DEBUG] [TIME] 9564 dividends: 0.17s
2026-07-04 01:56:14,082 [INFO] [DETAIL] 9564 ＦＣＥ: income_stmt=OK, balance_sheet=OK, cashflow=OK, dividends=OK
2026-07-04 01:56:14,082 [INFO] [TIME] 9564 ＦＣＥ 処理時間: 1.12s
2026-07-04 01:56:15,633 [DEBUG] [TIME] 9565 info: 0.20s
2026-07-04 01:56:15,633 [DEBUG] yfinance OK: 9565
2026-07-04 01:56:15,840 [DEBUG] [TIME] 9565 income_stmt: 0.21s
2026-07-04 01:56:16,140 [DEBUG] [TIME] 9565 balance_sheet: 0.30s
2026-07-04 01:56:16,345 [DEBUG] [TIME] 9565 cashflow: 0.20s
2026-07-04 01:56:16,666 [DEBUG] [TIME] 9565 dividends: 0.32s
2026-07-04 01:56:16,666 [INFO] [DETAIL] 9565 ＧＬＯＥ: income_stmt=OK, balance_sheet=OK, cashflow=OK, dividends=EMPTY
2026-07-04 01:56:16,667 [INFO] [TIME] 9565 ＧＬＯＥ 処理時間: 1.24s
2026-07-04 01:56:18,246 [DEBUG] [TIME] 9601 info: 0.18s
2026-07-04 01:56:18,246 [DEBUG] yfinance OK: 9601
2026-07-04 01:56:18,477 [DEBUG] [TIME] 9601 income_stmt: 0.23s
2026-07-04 01:56:18,745 [DEBUG] [TIME] 9601 balance_sheet: 0.27s
2026-07-04 01:56:18,967 [DEBUG] [TIME] 9601 cashflow: 0.22s
2026-07-04 01:56:19,236 [DEBUG] [TIME] 9601 dividends: 0.27s
2026-07-04 01:56:19,237 [INFO] [DETAIL] 9601 松竹: income_stmt=OK, balance_sheet=OK, cashflow=OK, dividends=OK
2026-07-04 01:56:19,237 [INFO] [TIME] 9601 松竹 処理時間: 1.17s
2026-07-04 01:56:21,243 [DEBUG] [TIME] 9602 info: 0.22s
2026-07-04 01:56:21,243 [DEBUG] yfinance OK: 9602
2026-07-04 01:56:21,455 [DEBUG] [TIME] 9602 income_stmt: 0.21s
2026-07-04 01:56:21,881 [DEBUG] [TIME] 9602 balance_sheet: 0.43s
2026-07-04 01:56:22,118 [DEBUG] [TIME] 9602 cashflow: 0.24s
2026-07-04 01:56:22,533 [DEBUG] [TIME] 9602 dividends: 0.41s
2026-07-04 01:56:22,534 [INFO] [DETAIL] 9602 東宝: income_stmt=OK, balance_sheet=OK, cashflow=OK, dividends=OK
2026-07-04 01:56:22,534 [INFO] [TIME] 9602 東宝 処理時間: 1.52s
2026-07-04 01:56:24,560 [DEBUG] [TIME] 9603 info: 0.19s
2026-07-04 01:56:24,560 [DEBUG] yfinance OK: 9603
2026-07-04 01:56:24,775 [DEBUG] [TIME] 9603 income_stmt: 0.21s
2026-07-04 01:56:25,086 [DEBUG] [TIME] 9603 balance_sheet: 0.31s
2026-07-04 01:56:25,300 [DEBUG] [TIME] 9603 cashflow: 0.21s
2026-07-04 01:56:25,585 [DEBUG] [TIME] 9603 dividends: 0.28s
2026-07-04 01:56:25,586 [INFO] [DETAIL] 9603 エイチ・アイ・エス: income_stmt=OK, balance_sheet=OK, cashflow=OK, dividends=OK
2026-07-04 01:56:25,586 [INFO] [TIME] 9603 エイチ・アイ・エス 処理時間: 1.21s
2026-07-04 01:56:27,482 [DEBUG] [TIME] 9605 info: 0.18s
2026-07-04 01:56:27,482 [DEBUG] yfinance OK: 9605
2026-07-04 01:56:27,723 [DEBUG] [TIME] 9605 income_stmt: 0.24s
2026-07-04 01:56:27,988 [DEBUG] [TIME] 9605 balance_sheet: 0.26s
2026-07-04 01:56:28,204 [DEBUG] [TIME] 9605 cashflow: 0.22s
2026-07-04 01:56:28,879 [DEBUG] [TIME] 9605 dividends: 0.67s
2026-07-04 01:56:28,880 [INFO] [DETAIL] 9605 東映: income_stmt=OK, balance_sheet=OK, cashflow=OK, dividends=OK
2026-07-04 01:56:28,880 [INFO] [TIME] 9605 東映 処理時間: 1.58s
2026-07-04 01:56:30,953 [DEBUG] [TIME] 9610 info: 0.16s
2026-07-04 01:56:30,953 [DEBUG] yfinance OK: 9610
2026-07-04 01:56:31,221 [DEBUG] [TIME] 9610 income_stmt: 0.27s
2026-07-04 01:56:31,537 [DEBUG] [TIME] 9610 balance_sheet: 0.32s
2026-07-04 01:56:31,759 [DEBUG] [TIME] 9610 cashflow: 0.22s
2026-07-04 01:56:32,093 [DEBUG] [TIME] 9610 dividends: 0.33s
2026-07-04 01:56:32,093 [INFO] [DETAIL] 9610 ウィルソン・ラーニング　ワールドワイド: income_stmt=OK, balance_sheet=OK, cashflow=OK, dividends=EMPTY
2026-07-04 01:56:32,093 [INFO] [TIME] 9610 ウィルソン・ラーニング　ワールドワイド 処理時間: 1.30s
2026-07-04 01:56:34,179 [DEBUG] [TIME] 9612 info: 0.17s
2026-07-04 01:56:34,179 [DEBUG] yfinance OK: 9612
2026-07-04 01:56:34,382 [DEBUG] [TIME] 9612 income_stmt: 0.20s
2026-07-04 01:56:34,622 [DEBUG] [TIME] 9612 balance_sheet: 0.24s
2026-07-04 01:56:34,879 [DEBUG] [TIME] 9612 cashflow: 0.26s
2026-07-04 01:56:35,329 [DEBUG] [TIME] 9612 dividends: 0.45s
2026-07-04 01:56:35,330 [INFO] [DETAIL] 9612 ラックランド: income_stmt=OK, balance_sheet=OK, cashflow=OK, dividends=OK
2026-07-04 01:56:35,331 [INFO] [TIME] 9612 ラックランド 処理時間: 1.32s
2026-07-04 01:56:37,358 [DEBUG] [TIME] 9616 info: 0.17s
2026-07-04 01:56:37,358 [DEBUG] yfinance OK: 9616
2026-07-04 01:56:37,595 [DEBUG] [TIME] 9616 income_stmt: 0.24s
2026-07-04 01:56:37,878 [DEBUG] [TIME] 9616 balance_sheet: 0.28s
2026-07-04 01:56:38,125 [DEBUG] [TIME] 9616 cashflow: 0.25s
2026-07-04 01:56:38,551 [DEBUG] [TIME] 9616 dividends: 0.43s
2026-07-04 01:56:38,552 [INFO] [DETAIL] 9616 共立メンテナンス: income_stmt=OK, balance_sheet=OK, cashflow=OK, dividends=OK
2026-07-04 01:56:38,552 [INFO] [TIME] 9616 共立メンテナンス 処理時間: 1.36s
2026-07-04 01:56:39,907 [DEBUG] [TIME] 9619 info: 0.15s
2026-07-04 01:56:39,908 [DEBUG] yfinance OK: 9619
2026-07-04 01:56:40,436 [DEBUG] [TIME] 9619 income_stmt: 0.53s
2026-07-04 01:56:40,764 [DEBUG] [TIME] 9619 balance_sheet: 0.33s
2026-07-04 01:56:40,997 [DEBUG] [TIME] 9619 cashflow: 0.23s
2026-07-04 01:56:41,537 [DEBUG] [TIME] 9619 dividends: 0.54s
2026-07-04 01:56:41,538 [INFO] [DETAIL] 9619 イチネンホールディングス: income_stmt=OK, balance_sheet=OK, cashflow=OK, dividends=OK
2026-07-04 01:56:41,538 [INFO] [TIME] 9619 イチネンホールディングス 処理時間: 1.78s
2026-07-04 01:56:43,120 [DEBUG] [TIME] 9621 info: 0.19s
2026-07-04 01:56:43,120 [DEBUG] yfinance OK: 9621
2026-07-04 01:56:43,364 [DEBUG] [TIME] 9621 income_stmt: 0.24s
2026-07-04 01:56:43,584 [DEBUG] [TIME] 9621 balance_sheet: 0.22s
2026-07-04 01:56:43,789 [DEBUG] [TIME] 9621 cashflow: 0.20s
2026-07-04 01:56:44,253 [DEBUG] [TIME] 9621 dividends: 0.46s
2026-07-04 01:56:44,254 [INFO] [DETAIL] 9621 建設技術研究所: income_stmt=OK, balance_sheet=OK, cashflow=OK, dividends=OK
2026-07-04 01:56:44,254 [INFO] [TIME] 9621 建設技術研究所 処理時間: 1.33s
2026-07-04 01:56:46,191 [DEBUG] [TIME] 9622 info: 0.20s
2026-07-04 01:56:46,191 [DEBUG] yfinance OK: 9622
2026-07-04 01:56:46,374 [DEBUG] [TIME] 9622 income_stmt: 0.18s
2026-07-04 01:56:46,646 [DEBUG] [TIME] 9622 balance_sheet: 0.27s
2026-07-04 01:56:46,832 [DEBUG] [TIME] 9622 cashflow: 0.19s
2026-07-04 01:56:47,529 [DEBUG] [TIME] 9622 dividends: 0.70s
2026-07-04 01:56:47,531 [INFO] [DETAIL] 9622 スペース: income_stmt=OK, balance_sheet=OK, cashflow=OK, dividends=OK
2026-07-04 01:56:47,531 [INFO] [TIME] 9622 スペース 処理時間: 1.54s
2026-07-04 01:56:49,452 [DEBUG] [TIME] 9625 info: 0.21s
2026-07-04 01:56:49,452 [DEBUG] yfinance OK: 9625
2026-07-04 01:56:49,662 [DEBUG] [TIME] 9625 income_stmt: 0.21s
2026-07-04 01:56:49,972 [DEBUG] [TIME] 9625 balance_sheet: 0.31s
2026-07-04 01:56:50,247 [DEBUG] [TIME] 9625 cashflow: 0.27s
2026-07-04 01:56:50,969 [DEBUG] [TIME] 9625 dividends: 0.72s
2026-07-04 01:56:50,970 [INFO] [DETAIL] 9625 セレスポ: income_stmt=OK, balance_sheet=OK, cashflow=OK, dividends=OK
2026-07-04 01:56:50,970 [INFO] [TIME] 9625 セレスポ 処理時間: 1.72s
2026-07-04 01:56:52,210 [DEBUG] [TIME] 9627 info: 0.19s
2026-07-04 01:56:52,211 [DEBUG] yfinance OK: 9627
2026-07-04 01:56:52,596 [DEBUG] [TIME] 9627 income_stmt: 0.38s
2026-07-04 01:56:52,843 [DEBUG] [TIME] 9627 balance_sheet: 0.25s
2026-07-04 01:56:53,061 [DEBUG] [TIME] 9627 cashflow: 0.22s
2026-07-04 01:56:53,540 [DEBUG] [TIME] 9627 dividends: 0.48s
2026-07-04 01:56:53,542 [INFO] [DETAIL] 9627 アインホールディングス: income_stmt=OK, balance_sheet=OK, cashflow=OK, dividends=OK
2026-07-04 01:56:53,542 [INFO] [TIME] 9627 アインホールディングス 処理時間: 1.52s
2026-07-04 01:56:55,840 [DEBUG] [TIME] 9628 info: 0.32s
2026-07-04 01:56:55,841 [DEBUG] yfinance OK: 9628
2026-07-04 01:56:56,060 [DEBUG] [TIME] 9628 income_stmt: 0.22s
2026-07-04 01:56:56,344 [DEBUG] [TIME] 9628 balance_sheet: 0.28s
2026-07-04 01:56:56,539 [DEBUG] [TIME] 9628 cashflow: 0.19s
2026-07-04 01:56:56,825 [DEBUG] [TIME] 9628 dividends: 0.29s
2026-07-04 01:56:56,827 [INFO] [DETAIL] 9628 燦ホールディングス: income_stmt=OK, balance_sheet=OK, cashflow=OK, dividends=OK
2026-07-04 01:56:56,827 [INFO] [TIME] 9628 燦ホールディングス 処理時間: 1.30s
2026-07-04 01:56:58,387 [DEBUG] [TIME] 9629 info: 0.16s
2026-07-04 01:56:58,387 [DEBUG] yfinance OK: 9629
2026-07-04 01:56:58,653 [DEBUG] [TIME] 9629 income_stmt: 0.27s
2026-07-04 01:56:58,932 [DEBUG] [TIME] 9629 balance_sheet: 0.28s
2026-07-04 01:56:59,175 [DEBUG] [TIME] 9629 cashflow: 0.24s
2026-07-04 01:56:59,474 [DEBUG] [TIME] 9629 dividends: 0.30s
2026-07-04 01:56:59,475 [INFO] [DETAIL] 9629 ピー・シー・エー: income_stmt=OK, balance_sheet=OK, cashflow=OK, dividends=OK
2026-07-04 01:56:59,475 [INFO] [TIME] 9629 ピー・シー・エー 処理時間: 1.25s
2026-07-04 01:57:01,485 [DEBUG] [TIME] 9632 info: 0.22s
2026-07-04 01:57:01,485 [DEBUG] yfinance OK: 9632
2026-07-04 01:57:01,732 [DEBUG] [TIME] 9632 income_stmt: 0.25s
2026-07-04 01:57:02,017 [DEBUG] [TIME] 9632 balance_sheet: 0.28s
2026-07-04 01:57:02,280 [DEBUG] [TIME] 9632 cashflow: 0.26s
2026-07-04 01:57:02,595 [DEBUG] [TIME] 9632 dividends: 0.31s
2026-07-04 01:57:02,596 [INFO] [DETAIL] 9632 スバル興業: income_stmt=OK, balance_sheet=OK, cashflow=OK, dividends=OK
2026-07-04 01:57:02,596 [INFO] [TIME] 9632 スバル興業 処理時間: 1.33s
2026-07-04 01:57:04,593 [DEBUG] [TIME] 9633 info: 0.26s
2026-07-04 01:57:04,593 [DEBUG] yfinance OK: 9633
2026-07-04 01:57:04,788 [DEBUG] [TIME] 9633 income_stmt: 0.19s
2026-07-04 01:57:05,140 [DEBUG] [TIME] 9633 balance_sheet: 0.35s
2026-07-04 01:57:05,347 [DEBUG] [TIME] 9633 cashflow: 0.21s
2026-07-04 01:57:05,632 [DEBUG] [TIME] 9633 dividends: 0.28s
2026-07-04 01:57:05,634 [INFO] [DETAIL] 9633 東京テアトル: income_stmt=OK, balance_sheet=OK, cashflow=OK, dividends=OK
2026-07-04 01:57:05,634 [INFO] [TIME] 9633 東京テアトル 処理時間: 1.30s
2026-07-04 01:57:07,071 [DEBUG] [TIME] 9635 info: 0.18s
2026-07-04 01:57:07,071 [DEBUG] yfinance OK: 9635
2026-07-04 01:57:07,356 [DEBUG] [TIME] 9635 income_stmt: 0.28s
2026-07-04 01:57:07,586 [DEBUG] [TIME] 9635 balance_sheet: 0.23s
2026-07-04 01:57:07,816 [DEBUG] [TIME] 9635 cashflow: 0.23s
2026-07-04 01:57:08,374 [DEBUG] [TIME] 9635 dividends: 0.56s
2026-07-04 01:57:08,374 [INFO] [DETAIL] 9635 武蔵野興業: income_stmt=OK, balance_sheet=OK, cashflow=OK, dividends=EMPTY
2026-07-04 01:57:08,374 [INFO] [TIME] 9635 武蔵野興業 処理時間: 1.49s
2026-07-04 01:57:10,381 [DEBUG] [TIME] 9636 info: 0.17s
2026-07-04 01:57:10,381 [DEBUG] yfinance OK: 9636
2026-07-04 01:57:10,583 [DEBUG] [TIME] 9636 income_stmt: 0.20s
2026-07-04 01:57:10,875 [DEBUG] [TIME] 9636 balance_sheet: 0.29s
2026-07-04 01:57:11,110 [DEBUG] [TIME] 9636 cashflow: 0.23s
2026-07-04 01:57:11,480 [DEBUG] [TIME] 9636 dividends: 0.37s
2026-07-04 01:57:11,481 [INFO] [DETAIL] 9636 きんえい: income_stmt=OK, balance_sheet=OK, cashflow=OK, dividends=OK
2026-07-04 01:57:11,481 [INFO] [TIME] 9636 きんえい 処理時間: 1.27s
2026-07-04 01:57:12,831 [DEBUG] [TIME] 9639 info: 0.20s
2026-07-04 01:57:12,831 [DEBUG] yfinance OK: 9639
2026-07-04 01:57:13,094 [DEBUG] [TIME] 9639 income_stmt: 0.26s
2026-07-04 01:57:13,319 [DEBUG] [TIME] 9639 balance_sheet: 0.22s
2026-07-04 01:57:13,593 [DEBUG] [TIME] 9639 cashflow: 0.27s
2026-07-04 01:57:13,953 [DEBUG] [TIME] 9639 dividends: 0.36s
2026-07-04 01:57:13,954 [INFO] [DETAIL] 9639 三協フロンテア: income_stmt=OK, balance_sheet=OK, cashflow=OK, dividends=OK
2026-07-04 01:57:13,954 [INFO] [TIME] 9639 三協フロンテア 処理時間: 1.32s
2026-07-04 01:57:15,388 [DEBUG] [TIME] 9640 info: 0.19s
2026-07-04 01:57:15,388 [DEBUG] yfinance OK: 9640
2026-07-04 01:57:15,614 [DEBUG] [TIME] 9640 income_stmt: 0.23s
2026-07-04 01:57:15,877 [DEBUG] [TIME] 9640 balance_sheet: 0.26s
2026-07-04 01:57:16,093 [DEBUG] [TIME] 9640 cashflow: 0.22s
2026-07-04 01:57:16,699 [DEBUG] [TIME] 9640 dividends: 0.61s
2026-07-04 01:57:16,700 [INFO] [DETAIL] 9640 セゾンテクノロジー: income_stmt=OK, balance_sheet=OK, cashflow=OK, dividends=OK
2026-07-04 01:57:16,700 [INFO] [TIME] 9640 セゾンテクノロジー 処理時間: 1.51s
2026-07-04 01:57:18,319 [DEBUG] [TIME] 9644 info: 0.15s
2026-07-04 01:57:18,319 [DEBUG] yfinance OK: 9644
2026-07-04 01:57:18,573 [DEBUG] [TIME] 9644 income_stmt: 0.25s
2026-07-04 01:57:18,880 [DEBUG] [TIME] 9644 balance_sheet: 0.31s
2026-07-04 01:57:19,094 [DEBUG] [TIME] 9644 cashflow: 0.21s
2026-07-04 01:57:19,449 [DEBUG] [TIME] 9644 dividends: 0.35s
2026-07-04 01:57:19,450 [INFO] [DETAIL] 9644 タナベコンサルティンググループ: income_stmt=OK, balance_sheet=OK, cashflow=OK, dividends=OK
2026-07-04 01:57:19,451 [INFO] [TIME] 9644 タナベコンサルティンググループ 処理時間: 1.28s
2026-07-04 01:57:20,960 [DEBUG] [TIME] 9647 info: 0.16s
2026-07-04 01:57:20,960 [DEBUG] yfinance OK: 9647
2026-07-04 01:57:21,128 [DEBUG] [TIME] 9647 income_stmt: 0.17s
2026-07-04 01:57:21,369 [DEBUG] [TIME] 9647 balance_sheet: 0.24s
2026-07-04 01:57:21,607 [DEBUG] [TIME] 9647 cashflow: 0.24s
2026-07-04 01:57:22,240 [DEBUG] [TIME] 9647 dividends: 0.63s
2026-07-04 01:57:22,241 [INFO] [DETAIL] 9647 協和コンサルタンツ: income_stmt=OK, balance_sheet=OK, cashflow=OK, dividends=OK
2026-07-04 01:57:22,241 [INFO] [TIME] 9647 協和コンサルタンツ 処理時間: 1.44s
2026-07-04 01:57:25,243 [DEBUG] [TIME] 9651 info: 1.13s
2026-07-04 01:57:25,243 [DEBUG] yfinance OK: 9651
2026-07-04 01:57:25,503 [DEBUG] [TIME] 9651 income_stmt: 0.26s
2026-07-04 01:57:25,778 [DEBUG] [TIME] 9651 balance_sheet: 0.27s
2026-07-04 01:57:25,976 [DEBUG] [TIME] 9651 cashflow: 0.20s
2026-07-04 01:57:26,657 [DEBUG] [TIME] 9651 dividends: 0.68s
2026-07-04 01:57:26,658 [INFO] [DETAIL] 9651 日本プロセス: income_stmt=OK, balance_sheet=OK, cashflow=OK, dividends=OK
2026-07-04 01:57:26,658 [INFO] [TIME] 9651 日本プロセス 処理時間: 2.54s
2026-07-04 01:57:28,672 [DEBUG] [TIME] 9656 info: 0.16s
2026-07-04 01:57:28,672 [DEBUG] yfinance OK: 9656
2026-07-04 01:57:28,868 [DEBUG] [TIME] 9656 income_stmt: 0.20s
2026-07-04 01:57:29,148 [DEBUG] [TIME] 9656 balance_sheet: 0.28s
2026-07-04 01:57:29,362 [DEBUG] [TIME] 9656 cashflow: 0.21s
2026-07-04 01:57:29,777 [DEBUG] [TIME] 9656 dividends: 0.41s
2026-07-04 01:57:29,778 [INFO] [DETAIL] 9656 グリーンランドリゾート: income_stmt=OK, balance_sheet=OK, cashflow=OK, dividends=OK
2026-07-04 01:57:29,778 [INFO] [TIME] 9656 グリーンランドリゾート 処理時間: 1.26s
2026-07-04 01:57:31,137 [DEBUG] [TIME] 9658 info: 0.16s
2026-07-04 01:57:31,137 [DEBUG] yfinance OK: 9658
2026-07-04 01:57:31,324 [DEBUG] [TIME] 9658 income_stmt: 0.19s
2026-07-04 01:57:31,565 [DEBUG] [TIME] 9658 balance_sheet: 0.24s
2026-07-04 01:57:31,772 [DEBUG] [TIME] 9658 cashflow: 0.21s
2026-07-04 01:57:33,196 [DEBUG] [TIME] 9658 dividends: 1.42s
2026-07-04 01:57:33,197 [INFO] [DETAIL] 9658 ビジネスブレイン太田昭和: income_stmt=OK, balance_sheet=OK, cashflow=OK, dividends=OK
2026-07-04 01:57:33,198 [INFO] [TIME] 9658 ビジネスブレイン太田昭和 処理時間: 2.22s
2026-07-04 01:57:34,890 [DEBUG] [TIME] 9661 info: 0.17s
2026-07-04 01:57:34,890 [DEBUG] yfinance OK: 9661
2026-07-04 01:57:35,140 [DEBUG] [TIME] 9661 income_stmt: 0.25s
2026-07-04 01:57:35,372 [DEBUG] [TIME] 9661 balance_sheet: 0.23s
2026-07-04 01:57:35,624 [DEBUG] [TIME] 9661 cashflow: 0.25s
2026-07-04 01:57:36,185 [DEBUG] [TIME] 9661 dividends: 0.56s
2026-07-04 01:57:36,186 [INFO] [DETAIL] 9661 歌舞伎座: income_stmt=OK, balance_sheet=OK, cashflow=OK, dividends=OK
2026-07-04 01:57:36,186 [INFO] [TIME] 9661 歌舞伎座 処理時間: 1.46s
2026-07-04 01:57:38,306 [DEBUG] [TIME] 9663 info: 0.16s
2026-07-04 01:57:38,306 [DEBUG] yfinance OK: 9663
2026-07-04 01:57:38,560 [DEBUG] [TIME] 9663 income_stmt: 0.25s
2026-07-04 01:57:38,822 [DEBUG] [TIME] 9663 balance_sheet: 0.26s
2026-07-04 01:57:39,029 [DEBUG] [TIME] 9663 cashflow: 0.21s
2026-07-04 01:57:39,296 [DEBUG] [TIME] 9663 dividends: 0.27s
2026-07-04 01:57:39,297 [INFO] [DETAIL] 9663 ナガワ: income_stmt=OK, balance_sheet=OK, cashflow=OK, dividends=OK
2026-07-04 01:57:39,297 [INFO] [TIME] 9663 ナガワ 処理時間: 1.15s
2026-07-04 01:57:40,733 [DEBUG] [TIME] 9672 info: 0.19s
2026-07-04 01:57:40,733 [DEBUG] yfinance OK: 9672
2026-07-04 01:57:40,980 [DEBUG] [TIME] 9672 income_stmt: 0.25s
2026-07-04 01:57:41,289 [DEBUG] [TIME] 9672 balance_sheet: 0.31s
2026-07-04 01:57:41,512 [DEBUG] [TIME] 9672 cashflow: 0.22s
2026-07-04 01:57:41,960 [DEBUG] [TIME] 9672 dividends: 0.45s
2026-07-04 01:57:41,961 [INFO] [DETAIL] 9672 東京都競馬: income_stmt=OK, balance_sheet=OK, cashflow=OK, dividends=OK
2026-07-04 01:57:41,961 [INFO] [TIME] 9672 東京都競馬 処理時間: 1.42s
2026-07-04 01:57:43,554 [DEBUG] [TIME] 9678 info: 0.42s
2026-07-04 01:57:43,555 [DEBUG] yfinance OK: 9678
2026-07-04 01:57:43,742 [DEBUG] [TIME] 9678 income_stmt: 0.19s
2026-07-04 01:57:43,961 [DEBUG] [TIME] 9678 balance_sheet: 0.22s
2026-07-04 01:57:44,255 [DEBUG] [TIME] 9678 cashflow: 0.29s
2026-07-04 01:57:44,519 [DEBUG] [TIME] 9678 dividends: 0.26s
2026-07-04 01:57:44,521 [INFO] [DETAIL] 9678 カナモト: income_stmt=OK, balance_sheet=OK, cashflow=OK, dividends=OK
2026-07-04 01:57:44,521 [INFO] [TIME] 9678 カナモト 処理時間: 1.39s
2026-07-04 01:57:45,813 [DEBUG] [TIME] 9679 info: 0.16s
2026-07-04 01:57:45,814 [DEBUG] yfinance OK: 9679
2026-07-04 01:57:46,037 [DEBUG] [TIME] 9679 income_stmt: 0.22s
2026-07-04 01:57:46,348 [DEBUG] [TIME] 9679 balance_sheet: 0.31s
2026-07-04 01:57:46,588 [DEBUG] [TIME] 9679 cashflow: 0.24s
2026-07-04 01:57:46,999 [DEBUG] [TIME] 9679 dividends: 0.41s
2026-07-04 01:57:47,000 [INFO] [DETAIL] 9679 ホウライ: income_stmt=OK, balance_sheet=OK, cashflow=OK, dividends=OK
2026-07-04 01:57:47,000 [INFO] [TIME] 9679 ホウライ 処理時間: 1.34s
2026-07-04 01:57:48,617 [DEBUG] [TIME] 9682 info: 0.16s
2026-07-04 01:57:48,617 [DEBUG] yfinance OK: 9682
2026-07-04 01:57:48,846 [DEBUG] [TIME] 9682 income_stmt: 0.23s
2026-07-04 01:57:49,101 [DEBUG] [TIME] 9682 balance_sheet: 0.25s
2026-07-04 01:57:49,361 [DEBUG] [TIME] 9682 cashflow: 0.26s
2026-07-04 01:57:50,022 [DEBUG] [TIME] 9682 dividends: 0.66s
2026-07-04 01:57:50,023 [INFO] [DETAIL] 9682 ＤＴＳ: income_stmt=OK, balance_sheet=OK, cashflow=OK, dividends=OK
2026-07-04 01:57:50,023 [INFO] [TIME] 9682 ＤＴＳ 処理時間: 1.56s
2026-07-04 01:57:51,646 [DEBUG] [TIME] 9684 info: 0.23s
2026-07-04 01:57:51,646 [DEBUG] yfinance OK: 9684
2026-07-04 01:57:51,887 [DEBUG] [TIME] 9684 income_stmt: 0.24s
2026-07-04 01:57:52,156 [DEBUG] [TIME] 9684 balance_sheet: 0.27s
2026-07-04 01:57:52,429 [DEBUG] [TIME] 9684 cashflow: 0.27s
2026-07-04 01:57:52,727 [DEBUG] [TIME] 9684 dividends: 0.30s
2026-07-04 01:57:52,728 [INFO] [DETAIL] 9684 スクウェア・エニックス・ホールディングス: income_stmt=OK, balance_sheet=OK, cashflow=OK, dividends=OK
2026-07-04 01:57:52,729 [INFO] [TIME] 9684 スクウェア・エニックス・ホールディングス 処理時間: 1.32s
2026-07-04 01:57:54,216 [DEBUG] [TIME] 9685 info: 0.18s
2026-07-04 01:57:54,216 [DEBUG] yfinance OK: 9685
2026-07-04 01:57:54,442 [DEBUG] [TIME] 9685 income_stmt: 0.23s
2026-07-04 01:57:54,726 [DEBUG] [TIME] 9685 balance_sheet: 0.28s
2026-07-04 01:57:55,032 [DEBUG] [TIME] 9685 cashflow: 0.31s
2026-07-04 01:57:55,684 [DEBUG] [TIME] 9685 dividends: 0.65s
2026-07-04 01:57:55,685 [INFO] [DETAIL] 9685 ＫＹＣＯＭホールディングス: income_stmt=OK, balance_sheet=OK, cashflow=OK, dividends=OK
2026-07-04 01:57:55,685 [INFO] [TIME] 9685 ＫＹＣＯＭホールディングス 処理時間: 1.65s
2026-07-04 01:57:57,089 [DEBUG] [TIME] 9686 info: 0.21s
2026-07-04 01:57:57,089 [DEBUG] yfinance OK: 9686
2026-07-04 01:57:57,257 [DEBUG] [TIME] 9686 income_stmt: 0.17s
2026-07-04 01:57:57,493 [DEBUG] [TIME] 9686 balance_sheet: 0.24s
2026-07-04 01:57:57,723 [DEBUG] [TIME] 9686 cashflow: 0.23s
2026-07-04 01:57:58,316 [DEBUG] [TIME] 9686 dividends: 0.59s
2026-07-04 01:57:58,317 [INFO] [DETAIL] 9686 東洋テック: income_stmt=OK, balance_sheet=OK, cashflow=OK, dividends=OK
2026-07-04 01:57:58,317 [INFO] [TIME] 9686 東洋テック 処理時間: 1.44s
2026-07-04 01:57:59,929 [DEBUG] [TIME] 9687 info: 0.18s
2026-07-04 01:57:59,929 [DEBUG] yfinance OK: 9687
2026-07-04 01:58:00,139 [DEBUG] [TIME] 9687 income_stmt: 0.21s
2026-07-04 01:58:00,436 [DEBUG] [TIME] 9687 balance_sheet: 0.30s
2026-07-04 01:58:00,643 [DEBUG] [TIME] 9687 cashflow: 0.21s
2026-07-04 01:58:00,991 [DEBUG] [TIME] 9687 dividends: 0.35s
2026-07-04 01:58:00,993 [INFO] [DETAIL] 9687 ＫＳＫ: income_stmt=OK, balance_sheet=OK, cashflow=OK, dividends=OK
2026-07-04 01:58:00,993 [INFO] [TIME] 9687 ＫＳＫ 処理時間: 1.24s
2026-07-04 01:58:02,547 [DEBUG] [TIME] 9691 info: 0.19s
2026-07-04 01:58:02,547 [DEBUG] yfinance OK: 9691
2026-07-04 01:58:02,730 [DEBUG] [TIME] 9691 income_stmt: 0.18s
2026-07-04 01:58:02,952 [DEBUG] [TIME] 9691 balance_sheet: 0.22s
2026-07-04 01:58:03,244 [DEBUG] [TIME] 9691 cashflow: 0.29s
2026-07-04 01:58:03,860 [DEBUG] [TIME] 9691 dividends: 0.62s
2026-07-04 01:58:03,861 [INFO] [DETAIL] 9691 両毛システムズ: income_stmt=OK, balance_sheet=OK, cashflow=OK, dividends=OK
2026-07-04 01:58:03,861 [INFO] [TIME] 9691 両毛システムズ 処理時間: 1.51s
2026-07-04 01:58:05,125 [DEBUG] [TIME] 9692 info: 0.17s
2026-07-04 01:58:05,125 [DEBUG] yfinance OK: 9692
2026-07-04 01:58:05,339 [DEBUG] [TIME] 9692 income_stmt: 0.21s
2026-07-04 01:58:05,588 [DEBUG] [TIME] 9692 balance_sheet: 0.25s
2026-07-04 01:58:05,870 [DEBUG] [TIME] 9692 cashflow: 0.28s
2026-07-04 01:58:06,424 [DEBUG] [TIME] 9692 dividends: 0.55s
2026-07-04 01:58:06,425 [INFO] [DETAIL] 9692 シーイーシー: income_stmt=OK, balance_sheet=OK, cashflow=OK, dividends=OK
2026-07-04 01:58:06,426 [INFO] [TIME] 9692 シーイーシー 処理時間: 1.47s
2026-07-04 01:58:07,903 [DEBUG] [TIME] 9697 info: 0.20s
2026-07-04 01:58:07,904 [DEBUG] yfinance OK: 9697
2026-07-04 01:58:08,134 [DEBUG] [TIME] 9697 income_stmt: 0.23s
2026-07-04 01:58:08,438 [DEBUG] [TIME] 9697 balance_sheet: 0.30s
2026-07-04 01:58:08,673 [DEBUG] [TIME] 9697 cashflow: 0.23s
2026-07-04 01:58:08,987 [DEBUG] [TIME] 9697 dividends: 0.31s
2026-07-04 01:58:08,988 [INFO] [DETAIL] 9697 カプコン: income_stmt=OK, balance_sheet=OK, cashflow=OK, dividends=OK
2026-07-04 01:58:08,989 [INFO] [TIME] 9697 カプコン 処理時間: 1.28s
2026-07-04 01:58:10,673 [DEBUG] [TIME] 9698 info: 0.16s
2026-07-04 01:58:10,674 [DEBUG] yfinance OK: 9698
2026-07-04 01:58:10,917 [DEBUG] [TIME] 9698 income_stmt: 0.24s
2026-07-04 01:58:11,176 [DEBUG] [TIME] 9698 balance_sheet: 0.26s
2026-07-04 01:58:11,405 [DEBUG] [TIME] 9698 cashflow: 0.23s
2026-07-04 01:58:11,698 [DEBUG] [TIME] 9698 dividends: 0.29s
2026-07-04 01:58:11,699 [INFO] [DETAIL] 9698 クレオ: income_stmt=OK, balance_sheet=OK, cashflow=OK, dividends=OK
2026-07-04 01:58:11,700 [INFO] [TIME] 9698 クレオ 処理時間: 1.18s
2026-07-04 01:58:13,607 [DEBUG] [TIME] 9699 info: 0.18s
2026-07-04 01:58:13,607 [DEBUG] yfinance OK: 9699
2026-07-04 01:58:13,845 [DEBUG] [TIME] 9699 income_stmt: 0.24s
2026-07-04 01:58:14,127 [DEBUG] [TIME] 9699 balance_sheet: 0.28s
2026-07-04 01:58:14,316 [DEBUG] [TIME] 9699 cashflow: 0.19s
2026-07-04 01:58:14,992 [DEBUG] [TIME] 9699 dividends: 0.68s
2026-07-04 01:58:14,993 [INFO] [DETAIL] 9699 ニシオホールディングス: income_stmt=OK, balance_sheet=OK, cashflow=OK, dividends=OK
2026-07-04 01:58:14,993 [INFO] [TIME] 9699 ニシオホールディングス 処理時間: 1.56s
2026-07-04 01:58:16,954 [DEBUG] [TIME] 9701 info: 0.16s
2026-07-04 01:58:16,954 [DEBUG] yfinance OK: 9701
2026-07-04 01:58:17,187 [DEBUG] [TIME] 9701 income_stmt: 0.23s
2026-07-04 01:58:17,496 [DEBUG] [TIME] 9701 balance_sheet: 0.31s
2026-07-04 01:58:17,801 [DEBUG] [TIME] 9701 cashflow: 0.30s
2026-07-04 01:58:18,424 [DEBUG] [TIME] 9701 dividends: 0.62s
2026-07-04 01:58:18,425 [INFO] [DETAIL] 9701 東京會舘: income_stmt=OK, balance_sheet=OK, cashflow=OK, dividends=OK
2026-07-04 01:58:18,425 [INFO] [TIME] 9701 東京會舘 処理時間: 1.63s
2026-07-04 01:58:20,271 [DEBUG] [TIME] 9702 info: 0.16s
2026-07-04 01:58:20,271 [DEBUG] yfinance OK: 9702
2026-07-04 01:58:20,469 [DEBUG] [TIME] 9702 income_stmt: 0.20s
2026-07-04 01:58:20,749 [DEBUG] [TIME] 9702 balance_sheet: 0.28s
2026-07-04 01:58:21,020 [DEBUG] [TIME] 9702 cashflow: 0.27s
2026-07-04 01:58:21,395 [DEBUG] [TIME] 9702 dividends: 0.37s
2026-07-04 01:58:21,396 [INFO] [DETAIL] 9702 アイ・エス・ビー: income_stmt=OK, balance_sheet=OK, cashflow=OK, dividends=OK
2026-07-04 01:58:21,396 [INFO] [TIME] 9702 アイ・エス・ビー 処理時間: 1.28s
2026-07-04 01:58:22,743 [DEBUG] [TIME] 9704 info: 0.17s
2026-07-04 01:58:22,743 [DEBUG] yfinance OK: 9704
2026-07-04 01:58:23,004 [DEBUG] [TIME] 9704 income_stmt: 0.26s
2026-07-04 01:58:23,280 [DEBUG] [TIME] 9704 balance_sheet: 0.28s
2026-07-04 01:58:23,529 [DEBUG] [TIME] 9704 cashflow: 0.25s
2026-07-04 01:58:23,783 [DEBUG] [TIME] 9704 dividends: 0.25s
2026-07-04 01:58:23,783 [INFO] [DETAIL] 9704 アゴーラ　ホスピタリティー　グループ: income_stmt=OK, balance_sheet=OK, cashflow=OK, dividends=EMPTY
2026-07-04 01:58:23,783 [INFO] [TIME] 9704 アゴーラ　ホスピタリティー　グループ 処理時間: 1.21s
2026-07-04 01:58:25,692 [DEBUG] [TIME] 9706 info: 0.22s
2026-07-04 01:58:25,692 [DEBUG] yfinance OK: 9706
2026-07-04 01:58:25,915 [DEBUG] [TIME] 9706 income_stmt: 0.22s
2026-07-04 01:58:26,234 [DEBUG] [TIME] 9706 balance_sheet: 0.32s
2026-07-04 01:58:26,559 [DEBUG] [TIME] 9706 cashflow: 0.32s
2026-07-04 01:58:27,251 [DEBUG] [TIME] 9706 dividends: 0.69s
2026-07-04 01:58:27,253 [INFO] [DETAIL] 9706 日本空港ビルデング: income_stmt=OK, balance_sheet=OK, cashflow=OK, dividends=OK
2026-07-04 01:58:27,254 [INFO] [TIME] 9706 日本空港ビルデング 処理時間: 1.78s
2026-07-04 01:58:29,188 [DEBUG] [TIME] 9708 info: 0.14s
2026-07-04 01:58:29,188 [DEBUG] yfinance OK: 9708
2026-07-04 01:58:29,389 [DEBUG] [TIME] 9708 income_stmt: 0.20s
2026-07-04 01:58:29,664 [DEBUG] [TIME] 9708 balance_sheet: 0.27s
2026-07-04 01:58:29,911 [DEBUG] [TIME] 9708 cashflow: 0.25s
2026-07-04 01:58:30,685 [DEBUG] [TIME] 9708 dividends: 0.77s
2026-07-04 01:58:30,686 [INFO] [DETAIL] 9708 帝国ホテル: income_stmt=OK, balance_sheet=OK, cashflow=OK, dividends=OK
2026-07-04 01:58:30,686 [INFO] [TIME] 9708 帝国ホテル 処理時間: 1.64s
2026-07-04 01:58:32,264 [DEBUG] [TIME] 9709 info: 0.52s
2026-07-04 01:58:32,264 [DEBUG] yfinance OK: 9709
2026-07-04 01:58:32,462 [DEBUG] [TIME] 9709 income_stmt: 0.20s
2026-07-04 01:58:32,740 [DEBUG] [TIME] 9709 balance_sheet: 0.28s
2026-07-04 01:58:32,992 [DEBUG] [TIME] 9709 cashflow: 0.25s
2026-07-04 01:58:33,463 [DEBUG] [TIME] 9709 dividends: 0.47s
2026-07-04 01:58:33,464 [INFO] [DETAIL] 9709 ＮＣＳ＆Ａ: income_stmt=OK, balance_sheet=OK, cashflow=OK, dividends=OK
2026-07-04 01:58:33,464 [INFO] [TIME] 9709 ＮＣＳ＆Ａ 処理時間: 1.72s
2026-07-04 01:58:35,011 [DEBUG] [TIME] 9713 info: 0.25s
2026-07-04 01:58:35,011 [DEBUG] yfinance OK: 9713
2026-07-04 01:58:35,208 [DEBUG] [TIME] 9713 income_stmt: 0.20s
2026-07-04 01:58:35,492 [DEBUG] [TIME] 9713 balance_sheet: 0.28s
2026-07-04 01:58:35,757 [DEBUG] [TIME] 9713 cashflow: 0.26s
2026-07-04 01:58:36,239 [DEBUG] [TIME] 9713 dividends: 0.48s
2026-07-04 01:58:36,240 [INFO] [DETAIL] 9713 ロイヤルホテル: income_stmt=OK, balance_sheet=OK, cashflow=OK, dividends=OK
2026-07-04 01:58:36,241 [INFO] [TIME] 9713 ロイヤルホテル 処理時間: 1.48s
2026-07-04 01:58:37,784 [DEBUG] [TIME] 9715 info: 0.17s
2026-07-04 01:58:37,784 [DEBUG] yfinance OK: 9715
2026-07-04 01:58:38,050 [DEBUG] [TIME] 9715 income_stmt: 0.27s
2026-07-04 01:58:38,345 [DEBUG] [TIME] 9715 balance_sheet: 0.29s
2026-07-04 01:58:38,600 [DEBUG] [TIME] 9715 cashflow: 0.25s
2026-07-04 01:58:38,897 [DEBUG] [TIME] 9715 dividends: 0.30s
2026-07-04 01:58:38,898 [INFO] [DETAIL] 9715 トランス・コスモス: income_stmt=OK, balance_sheet=OK, cashflow=OK, dividends=OK
2026-07-04 01:58:38,898 [INFO] [TIME] 9715 トランス・コスモス 処理時間: 1.29s
2026-07-04 01:58:40,827 [DEBUG] [TIME] 9716 info: 0.15s
2026-07-04 01:58:40,828 [DEBUG] yfinance OK: 9716
2026-07-04 01:58:41,029 [DEBUG] [TIME] 9716 income_stmt: 0.20s
2026-07-04 01:58:41,327 [DEBUG] [TIME] 9716 balance_sheet: 0.30s
2026-07-04 01:58:41,579 [DEBUG] [TIME] 9716 cashflow: 0.25s
2026-07-04 01:58:41,858 [DEBUG] [TIME] 9716 dividends: 0.28s
2026-07-04 01:58:41,859 [INFO] [DETAIL] 9716 乃村工藝社: income_stmt=OK, balance_sheet=OK, cashflow=OK, dividends=OK
2026-07-04 01:58:41,859 [INFO] [TIME] 9716 乃村工藝社 処理時間: 1.18s
2026-07-04 01:58:43,781 [DEBUG] [TIME] 9720 info: 0.18s
2026-07-04 01:58:43,781 [DEBUG] yfinance OK: 9720
2026-07-04 01:58:43,962 [DEBUG] [TIME] 9720 income_stmt: 0.18s
2026-07-04 01:58:44,183 [DEBUG] [TIME] 9720 balance_sheet: 0.22s
2026-07-04 01:58:44,392 [DEBUG] [TIME] 9720 cashflow: 0.21s
2026-07-04 01:58:45,138 [DEBUG] [TIME] 9720 dividends: 0.75s
2026-07-04 01:58:45,139 [INFO] [DETAIL] 9720 ホテル、ニューグランド: income_stmt=OK, balance_sheet=OK, cashflow=OK, dividends=OK
2026-07-04 01:58:45,139 [INFO] [TIME] 9720 ホテル、ニューグランド 処理時間: 1.54s
2026-07-04 01:58:46,615 [DEBUG] [TIME] 9722 info: 0.22s
2026-07-04 01:58:46,615 [DEBUG] yfinance OK: 9722
2026-07-04 01:58:46,838 [DEBUG] [TIME] 9722 income_stmt: 0.22s
2026-07-04 01:58:47,109 [DEBUG] [TIME] 9722 balance_sheet: 0.27s
2026-07-04 01:58:47,363 [DEBUG] [TIME] 9722 cashflow: 0.25s
2026-07-04 01:58:47,693 [DEBUG] [TIME] 9722 dividends: 0.33s
2026-07-04 01:58:47,694 [INFO] [DETAIL] 9722 藤田観光: income_stmt=OK, balance_sheet=OK, cashflow=OK, dividends=OK
2026-07-04 01:58:47,694 [INFO] [TIME] 9722 藤田観光 処理時間: 1.30s
2026-07-04 01:58:49,750 [DEBUG] [TIME] 9723 info: 0.17s
2026-07-04 01:58:49,750 [DEBUG] yfinance OK: 9723
2026-07-04 01:58:50,057 [DEBUG] [TIME] 9723 income_stmt: 0.31s
2026-07-04 01:58:50,306 [DEBUG] [TIME] 9723 balance_sheet: 0.25s
2026-07-04 01:58:50,544 [DEBUG] [TIME] 9723 cashflow: 0.24s
2026-07-04 01:58:50,858 [DEBUG] [TIME] 9723 dividends: 0.31s
2026-07-04 01:58:50,859 [INFO] [DETAIL] 9723 京都ホテル: income_stmt=OK, balance_sheet=OK, cashflow=OK, dividends=OK
2026-07-04 01:58:50,860 [INFO] [TIME] 9723 京都ホテル 処理時間: 1.28s
2026-07-04 01:58:52,313 [DEBUG] [TIME] 9726 info: 0.19s
2026-07-04 01:58:52,313 [DEBUG] yfinance OK: 9726
2026-07-04 01:58:52,514 [DEBUG] [TIME] 9726 income_stmt: 0.20s
2026-07-04 01:58:52,727 [DEBUG] [TIME] 9726 balance_sheet: 0.21s
2026-07-04 01:58:52,968 [DEBUG] [TIME] 9726 cashflow: 0.24s
2026-07-04 01:58:53,279 [DEBUG] [TIME] 9726 dividends: 0.31s
2026-07-04 01:58:53,279 [INFO] [DETAIL] 9726 ＫＮＴ－ＣＴホールディングス: income_stmt=OK, balance_sheet=OK, cashflow=OK, dividends=OK
2026-07-04 01:58:53,280 [INFO] [TIME] 9726 ＫＮＴ－ＣＴホールディングス 処理時間: 1.16s
2026-07-04 01:58:54,529 [DEBUG] [TIME] 9729 info: 0.20s
2026-07-04 01:58:54,529 [DEBUG] yfinance OK: 9729
2026-07-04 01:58:54,712 [DEBUG] [TIME] 9729 income_stmt: 0.18s
2026-07-04 01:58:55,001 [DEBUG] [TIME] 9729 balance_sheet: 0.29s
2026-07-04 01:58:55,269 [DEBUG] [TIME] 9729 cashflow: 0.27s
2026-07-04 01:58:55,686 [DEBUG] [TIME] 9729 dividends: 0.42s
2026-07-04 01:58:55,687 [INFO] [DETAIL] 9729 トーカイ: income_stmt=OK, balance_sheet=OK, cashflow=OK, dividends=OK
2026-07-04 01:58:55,687 [INFO] [TIME] 9729 トーカイ 処理時間: 1.36s
2026-07-04 01:58:57,516 [DEBUG] [TIME] 9731 info: 0.21s
2026-07-04 01:58:57,516 [DEBUG] yfinance OK: 9731
2026-07-04 01:58:57,706 [DEBUG] [TIME] 9731 income_stmt: 0.19s
2026-07-04 01:58:58,003 [DEBUG] [TIME] 9731 balance_sheet: 0.30s
2026-07-04 01:58:58,179 [DEBUG] [TIME] 9731 cashflow: 0.17s
2026-07-04 01:58:58,699 [DEBUG] [TIME] 9731 dividends: 0.52s
2026-07-04 01:58:58,700 [INFO] [DETAIL] 9731 白洋舎: income_stmt=OK, balance_sheet=OK, cashflow=OK, dividends=OK
2026-07-04 01:58:58,700 [INFO] [TIME] 9731 白洋舎 処理時間: 1.39s
2026-07-04 01:59:00,900 [DEBUG] [TIME] 9733 info: 0.21s
2026-07-04 01:59:00,900 [DEBUG] yfinance OK: 9733
2026-07-04 01:59:01,141 [DEBUG] [TIME] 9733 income_stmt: 0.24s
2026-07-04 01:59:01,420 [DEBUG] [TIME] 9733 balance_sheet: 0.28s
2026-07-04 01:59:01,651 [DEBUG] [TIME] 9733 cashflow: 0.23s
2026-07-04 01:59:02,062 [DEBUG] [TIME] 9733 dividends: 0.41s
2026-07-04 01:59:02,063 [INFO] [DETAIL] 9733 ナガセ: income_stmt=OK, balance_sheet=OK, cashflow=OK, dividends=OK
2026-07-04 01:59:02,063 [INFO] [TIME] 9733 ナガセ 処理時間: 1.37s
2026-07-04 01:59:03,351 [DEBUG] [TIME] 9735 info: 0.22s
2026-07-04 01:59:03,351 [DEBUG] yfinance OK: 9735
2026-07-04 01:59:03,587 [DEBUG] [TIME] 9735 income_stmt: 0.24s
2026-07-04 01:59:03,892 [DEBUG] [TIME] 9735 balance_sheet: 0.30s
2026-07-04 01:59:04,148 [DEBUG] [TIME] 9735 cashflow: 0.26s
2026-07-04 01:59:04,821 [DEBUG] [TIME] 9735 dividends: 0.67s
2026-07-04 01:59:04,823 [INFO] [DETAIL] 9735 セコム: income_stmt=OK, balance_sheet=OK, cashflow=OK, dividends=OK
2026-07-04 01:59:04,823 [INFO] [TIME] 9735 セコム 処理時間: 1.69s
2026-07-04 01:59:06,830 [DEBUG] [TIME] 9739 info: 0.20s
2026-07-04 01:59:06,830 [DEBUG] yfinance OK: 9739
2026-07-04 01:59:07,079 [DEBUG] [TIME] 9739 income_stmt: 0.25s
2026-07-04 01:59:07,348 [DEBUG] [TIME] 9739 balance_sheet: 0.27s
2026-07-04 01:59:07,620 [DEBUG] [TIME] 9739 cashflow: 0.27s
2026-07-04 01:59:07,958 [DEBUG] [TIME] 9739 dividends: 0.34s
2026-07-04 01:59:07,959 [INFO] [DETAIL] 9739 ＮＳＷ: income_stmt=OK, balance_sheet=OK, cashflow=OK, dividends=OK
2026-07-04 01:59:07,960 [INFO] [TIME] 9739 ＮＳＷ 処理時間: 1.33s
2026-07-04 01:59:09,867 [DEBUG] [TIME] 9740 info: 0.18s
2026-07-04 01:59:09,867 [DEBUG] yfinance OK: 9740
2026-07-04 01:59:10,099 [DEBUG] [TIME] 9740 income_stmt: 0.23s
2026-07-04 01:59:10,391 [DEBUG] [TIME] 9740 balance_sheet: 0.29s
2026-07-04 01:59:10,660 [DEBUG] [TIME] 9740 cashflow: 0.27s
2026-07-04 01:59:11,235 [DEBUG] [TIME] 9740 dividends: 0.57s
2026-07-04 01:59:11,236 [INFO] [DETAIL] 9740 セントラル警備保障: income_stmt=OK, balance_sheet=OK, cashflow=OK, dividends=OK
2026-07-04 01:59:11,237 [INFO] [TIME] 9740 セントラル警備保障 処理時間: 1.55s
2026-07-04 01:59:13,006 [DEBUG] [TIME] 9742 info: 0.22s
2026-07-04 01:59:13,006 [DEBUG] yfinance OK: 9742
2026-07-04 01:59:13,247 [DEBUG] [TIME] 9742 income_stmt: 0.24s
2026-07-04 01:59:13,521 [DEBUG] [TIME] 9742 balance_sheet: 0.27s
2026-07-04 01:59:13,750 [DEBUG] [TIME] 9742 cashflow: 0.23s
2026-07-04 01:59:14,062 [DEBUG] [TIME] 9742 dividends: 0.31s
2026-07-04 01:59:14,064 [INFO] [DETAIL] 9742 アイネス: income_stmt=OK, balance_sheet=OK, cashflow=OK, dividends=OK
2026-07-04 01:59:14,064 [INFO] [TIME] 9742 アイネス 処理時間: 1.28s
2026-07-04 01:59:16,265 [DEBUG] [TIME] 9743 info: 0.20s
2026-07-04 01:59:16,265 [DEBUG] yfinance OK: 9743
2026-07-04 01:59:16,535 [DEBUG] [TIME] 9743 income_stmt: 0.27s
2026-07-04 01:59:16,896 [DEBUG] [TIME] 9743 balance_sheet: 0.36s
2026-07-04 01:59:17,122 [DEBUG] [TIME] 9743 cashflow: 0.23s
2026-07-04 01:59:17,788 [DEBUG] [TIME] 9743 dividends: 0.67s
2026-07-04 01:59:17,789 [INFO] [DETAIL] 9743 丹青社: income_stmt=OK, balance_sheet=OK, cashflow=OK, dividends=OK
2026-07-04 01:59:17,789 [INFO] [TIME] 9743 丹青社 処理時間: 1.72s
2026-07-04 01:59:19,148 [DEBUG] [TIME] 9744 info: 0.21s
2026-07-04 01:59:19,148 [DEBUG] yfinance OK: 9744
2026-07-04 01:59:19,374 [DEBUG] [TIME] 9744 income_stmt: 0.23s
2026-07-04 01:59:19,671 [DEBUG] [TIME] 9744 balance_sheet: 0.30s
2026-07-04 01:59:19,918 [DEBUG] [TIME] 9744 cashflow: 0.25s
2026-07-04 01:59:20,195 [DEBUG] [TIME] 9744 dividends: 0.28s
2026-07-04 01:59:20,196 [INFO] [DETAIL] 9744 メイテックグループホールディングス: income_stmt=OK, balance_sheet=OK, cashflow=OK, dividends=OK
2026-07-04 01:59:20,196 [INFO] [TIME] 9744 メイテックグループホールディングス 処理時間: 1.26s
2026-07-04 01:59:21,561 [DEBUG] [TIME] 9746 info: 0.17s
2026-07-04 01:59:21,561 [DEBUG] yfinance OK: 9746
2026-07-04 01:59:21,770 [DEBUG] [TIME] 9746 income_stmt: 0.21s
2026-07-04 01:59:22,001 [DEBUG] [TIME] 9746 balance_sheet: 0.23s
2026-07-04 01:59:22,268 [DEBUG] [TIME] 9746 cashflow: 0.27s
2026-07-04 01:59:22,710 [DEBUG] [TIME] 9746 dividends: 0.44s
2026-07-04 01:59:22,712 [INFO] [DETAIL] 9746 ＴＫＣ: income_stmt=OK, balance_sheet=OK, cashflow=OK, dividends=OK
2026-07-04 01:59:22,712 [INFO] [TIME] 9746 ＴＫＣ 処理時間: 1.32s
2026-07-04 01:59:24,850 [DEBUG] [TIME] 9753 info: 0.15s
2026-07-04 01:59:24,850 [DEBUG] yfinance OK: 9753
2026-07-04 01:59:25,081 [DEBUG] [TIME] 9753 income_stmt: 0.23s
2026-07-04 01:59:25,337 [DEBUG] [TIME] 9753 balance_sheet: 0.25s
2026-07-04 01:59:25,592 [DEBUG] [TIME] 9753 cashflow: 0.26s
2026-07-04 01:59:25,927 [DEBUG] [TIME] 9753 dividends: 0.33s
2026-07-04 01:59:25,928 [INFO] [DETAIL] 9753 アイエックス・ナレッジ: income_stmt=OK, balance_sheet=OK, cashflow=OK, dividends=OK
2026-07-04 01:59:25,929 [INFO] [TIME] 9753 アイエックス・ナレッジ 処理時間: 1.23s
2026-07-04 01:59:27,659 [DEBUG] [TIME] 9755 info: 0.18s
2026-07-04 01:59:27,659 [DEBUG] yfinance OK: 9755
2026-07-04 01:59:27,880 [DEBUG] [TIME] 9755 income_stmt: 0.22s
2026-07-04 01:59:28,184 [DEBUG] [TIME] 9755 balance_sheet: 0.30s
2026-07-04 01:59:28,457 [DEBUG] [TIME] 9755 cashflow: 0.27s
2026-07-04 01:59:29,009 [DEBUG] [TIME] 9755 dividends: 0.55s
2026-07-04 01:59:29,010 [INFO] [DETAIL] 9755 応用地質: income_stmt=OK, balance_sheet=OK, cashflow=OK, dividends=OK
2026-07-04 01:59:29,010 [INFO] [TIME] 9755 応用地質 処理時間: 1.54s
2026-07-04 01:59:30,797 [DEBUG] [TIME] 9757 info: 0.15s
2026-07-04 01:59:30,797 [DEBUG] yfinance OK: 9757
2026-07-04 01:59:30,985 [DEBUG] [TIME] 9757 income_stmt: 0.19s
2026-07-04 01:59:31,205 [DEBUG] [TIME] 9757 balance_sheet: 0.22s
2026-07-04 01:59:31,522 [DEBUG] [TIME] 9757 cashflow: 0.32s
2026-07-04 01:59:32,668 [DEBUG] [TIME] 9757 dividends: 1.15s
2026-07-04 01:59:32,669 [INFO] [DETAIL] 9757 船井総研ホールディングス: income_stmt=OK, balance_sheet=OK, cashflow=OK, dividends=OK
2026-07-04 01:59:32,670 [INFO] [TIME] 9757 船井総研ホールディングス 処理時間: 2.03s
2026-07-04 01:59:34,539 [DEBUG] [TIME] 9759 info: 0.20s
2026-07-04 01:59:34,539 [DEBUG] yfinance OK: 9759
2026-07-04 01:59:34,878 [DEBUG] [TIME] 9759 income_stmt: 0.34s
2026-07-04 01:59:35,151 [DEBUG] [TIME] 9759 balance_sheet: 0.27s
2026-07-04 01:59:35,396 [DEBUG] [TIME] 9759 cashflow: 0.24s
2026-07-04 01:59:35,786 [DEBUG] [TIME] 9759 dividends: 0.39s
2026-07-04 01:59:35,787 [INFO] [DETAIL] 9759 ＮＳＤ: income_stmt=OK, balance_sheet=OK, cashflow=OK, dividends=OK
2026-07-04 01:59:35,787 [INFO] [TIME] 9759 ＮＳＤ 処理時間: 1.45s
2026-07-04 01:59:37,903 [DEBUG] [TIME] 9760 info: 0.19s
2026-07-04 01:59:37,903 [DEBUG] yfinance OK: 9760
2026-07-04 01:59:38,206 [DEBUG] [TIME] 9760 income_stmt: 0.30s
2026-07-04 01:59:38,510 [DEBUG] [TIME] 9760 balance_sheet: 0.30s
2026-07-04 01:59:38,783 [DEBUG] [TIME] 9760 cashflow: 0.27s
2026-07-04 01:59:39,139 [DEBUG] [TIME] 9760 dividends: 0.35s
2026-07-04 01:59:39,140 [INFO] [DETAIL] 9760 進学会ホールディングス: income_stmt=OK, balance_sheet=OK, cashflow=OK, dividends=OK
2026-07-04 01:59:39,140 [INFO] [TIME] 9760 進学会ホールディングス 処理時間: 1.43s
2026-07-04 01:59:40,792 [DEBUG] [TIME] 9761 info: 0.20s
2026-07-04 01:59:40,793 [DEBUG] yfinance OK: 9761
2026-07-04 01:59:41,016 [DEBUG] [TIME] 9761 income_stmt: 0.22s
2026-07-04 01:59:41,268 [DEBUG] [TIME] 9761 balance_sheet: 0.25s
2026-07-04 01:59:41,542 [DEBUG] [TIME] 9761 cashflow: 0.27s
2026-07-04 01:59:41,823 [DEBUG] [TIME] 9761 dividends: 0.28s
2026-07-04 01:59:41,824 [INFO] [DETAIL] 9761 東海リース: income_stmt=OK, balance_sheet=OK, cashflow=OK, dividends=OK
2026-07-04 01:59:41,824 [INFO] [TIME] 9761 東海リース 処理時間: 1.23s
2026-07-04 01:59:43,924 [DEBUG] [TIME] 9763 info: 0.21s
2026-07-04 01:59:43,924 [DEBUG] yfinance OK: 9763
2026-07-04 01:59:44,174 [DEBUG] [TIME] 9763 income_stmt: 0.25s
2026-07-04 01:59:44,387 [DEBUG] [TIME] 9763 balance_sheet: 0.21s
2026-07-04 01:59:44,565 [DEBUG] [TIME] 9763 cashflow: 0.18s
2026-07-04 01:59:45,213 [DEBUG] [TIME] 9763 dividends: 0.65s
2026-07-04 01:59:45,214 [INFO] [DETAIL] 9763 丸建リース: income_stmt=OK, balance_sheet=OK, cashflow=OK, dividends=OK
2026-07-04 01:59:45,215 [INFO] [TIME] 9763 丸建リース 処理時間: 1.50s
2026-07-04 01:59:47,146 [DEBUG] [TIME] 9765 info: 0.29s
2026-07-04 01:59:47,146 [DEBUG] yfinance OK: 9765
2026-07-04 01:59:47,378 [DEBUG] [TIME] 9765 income_stmt: 0.23s
2026-07-04 01:59:47,664 [DEBUG] [TIME] 9765 balance_sheet: 0.29s
2026-07-04 01:59:47,872 [DEBUG] [TIME] 9765 cashflow: 0.21s
2026-07-04 01:59:48,218 [DEBUG] [TIME] 9765 dividends: 0.35s
2026-07-04 01:59:48,220 [INFO] [DETAIL] 9765 オオバ: income_stmt=OK, balance_sheet=OK, cashflow=OK, dividends=OK
2026-07-04 01:59:48,220 [INFO] [TIME] 9765 オオバ 処理時間: 1.37s
2026-07-04 01:59:49,421 [DEBUG] [TIME] 9766 info: 0.15s
2026-07-04 01:59:49,421 [DEBUG] yfinance OK: 9766
2026-07-04 01:59:49,691 [DEBUG] [TIME] 9766 income_stmt: 0.27s
2026-07-04 01:59:49,926 [DEBUG] [TIME] 9766 balance_sheet: 0.23s
2026-07-04 01:59:50,177 [DEBUG] [TIME] 9766 cashflow: 0.25s
2026-07-04 01:59:50,481 [DEBUG] [TIME] 9766 dividends: 0.30s
2026-07-04 01:59:50,483 [INFO] [DETAIL] 9766 コナミグループ: income_stmt=OK, balance_sheet=OK, cashflow=OK, dividends=OK
2026-07-04 01:59:50,483 [INFO] [TIME] 9766 コナミグループ 処理時間: 1.21s
2026-07-04 01:59:52,286 [DEBUG] [TIME] 9767 info: 0.15s
2026-07-04 01:59:52,286 [DEBUG] yfinance OK: 9767
2026-07-04 01:59:52,483 [DEBUG] [TIME] 9767 income_stmt: 0.20s
2026-07-04 01:59:52,806 [DEBUG] [TIME] 9767 balance_sheet: 0.32s
2026-07-04 01:59:53,038 [DEBUG] [TIME] 9767 cashflow: 0.23s
2026-07-04 01:59:53,542 [DEBUG] [TIME] 9767 dividends: 0.50s
2026-07-04 01:59:53,543 [INFO] [DETAIL] 9767 日建工学: income_stmt=OK, balance_sheet=OK, cashflow=OK, dividends=OK
2026-07-04 01:59:53,543 [INFO] [TIME] 9767 日建工学 処理時間: 1.40s
2026-07-04 01:59:55,568 [DEBUG] [TIME] 9768 info: 0.17s
2026-07-04 01:59:55,568 [DEBUG] yfinance OK: 9768
2026-07-04 01:59:55,809 [DEBUG] [TIME] 9768 income_stmt: 0.24s
2026-07-04 01:59:56,054 [DEBUG] [TIME] 9768 balance_sheet: 0.24s
2026-07-04 01:59:56,324 [DEBUG] [TIME] 9768 cashflow: 0.27s
2026-07-04 01:59:56,954 [DEBUG] [TIME] 9768 dividends: 0.63s
2026-07-04 01:59:56,956 [INFO] [DETAIL] 9768 いであ: income_stmt=OK, balance_sheet=OK, cashflow=OK, dividends=OK
2026-07-04 01:59:56,956 [INFO] [TIME] 9768 いであ 処理時間: 1.56s
2026-07-04 01:59:58,855 [DEBUG] [TIME] 9769 info: 0.21s
2026-07-04 01:59:58,855 [DEBUG] yfinance OK: 9769
2026-07-04 01:59:59,047 [DEBUG] [TIME] 9769 income_stmt: 0.19s
2026-07-04 01:59:59,323 [DEBUG] [TIME] 9769 balance_sheet: 0.28s
2026-07-04 01:59:59,544 [DEBUG] [TIME] 9769 cashflow: 0.22s
2026-07-04 01:59:59,873 [DEBUG] [TIME] 9769 dividends: 0.33s
2026-07-04 01:59:59,875 [INFO] [DETAIL] 9769 学究社: income_stmt=OK, balance_sheet=OK, cashflow=OK, dividends=OK
2026-07-04 01:59:59,875 [INFO] [TIME] 9769 学究社 処理時間: 1.23s
2026-07-04 02:00:01,112 [DEBUG] [TIME] 9778 info: 0.20s
2026-07-04 02:00:01,112 [DEBUG] yfinance OK: 9778
2026-07-04 02:00:01,371 [DEBUG] [TIME] 9778 income_stmt: 0.26s
2026-07-04 02:00:01,653 [DEBUG] [TIME] 9778 balance_sheet: 0.28s
2026-07-04 02:00:01,888 [DEBUG] [TIME] 9778 cashflow: 0.23s
2026-07-04 02:00:02,523 [DEBUG] [TIME] 9778 dividends: 0.63s
2026-07-04 02:00:02,525 [INFO] [DETAIL] 9778 昴: income_stmt=OK, balance_sheet=OK, cashflow=OK, dividends=OK
2026-07-04 02:00:02,525 [INFO] [TIME] 9778 昴 処理時間: 1.61s
2026-07-04 02:00:04,704 [DEBUG] [TIME] 9780 info: 0.18s
2026-07-04 02:00:04,704 [DEBUG] yfinance OK: 9780
2026-07-04 02:00:04,899 [DEBUG] [TIME] 9780 income_stmt: 0.20s
2026-07-04 02:00:05,127 [DEBUG] [TIME] 9780 balance_sheet: 0.23s
2026-07-04 02:00:05,411 [DEBUG] [TIME] 9780 cashflow: 0.28s
2026-07-04 02:00:05,737 [DEBUG] [TIME] 9780 dividends: 0.33s
2026-07-04 02:00:05,738 [INFO] [DETAIL] 9780 ハリマビステム: income_stmt=OK, balance_sheet=OK, cashflow=OK, dividends=OK
2026-07-04 02:00:05,738 [INFO] [TIME] 9780 ハリマビステム 処理時間: 1.22s
2026-07-04 02:00:06,916 [DEBUG] [TIME] 9782 info: 0.16s
2026-07-04 02:00:06,916 [DEBUG] yfinance OK: 9782
2026-07-04 02:00:07,163 [DEBUG] [TIME] 9782 income_stmt: 0.25s
2026-07-04 02:00:07,424 [DEBUG] [TIME] 9782 balance_sheet: 0.26s
2026-07-04 02:00:07,728 [DEBUG] [TIME] 9782 cashflow: 0.30s
2026-07-04 02:00:08,345 [DEBUG] [TIME] 9782 dividends: 0.62s
2026-07-04 02:00:08,348 [INFO] [DETAIL] 9782 ディーエムエス: income_stmt=OK, balance_sheet=OK, cashflow=OK, dividends=OK
2026-07-04 02:00:08,348 [INFO] [TIME] 9782 ディーエムエス 処理時間: 1.60s
2026-07-04 02:00:10,441 [DEBUG] [TIME] 9788 info: 0.17s
2026-07-04 02:00:10,442 [DEBUG] yfinance OK: 9788
2026-07-04 02:00:10,635 [DEBUG] [TIME] 9788 income_stmt: 0.19s
2026-07-04 02:00:10,928 [DEBUG] [TIME] 9788 balance_sheet: 0.29s
2026-07-04 02:00:11,191 [DEBUG] [TIME] 9788 cashflow: 0.26s
2026-07-04 02:00:11,493 [DEBUG] [TIME] 9788 dividends: 0.30s
2026-07-04 02:00:11,494 [INFO] [DETAIL] 9788 ナック: income_stmt=OK, balance_sheet=OK, cashflow=OK, dividends=OK
2026-07-04 02:00:11,494 [INFO] [TIME] 9788 ナック 処理時間: 1.22s
2026-07-04 02:00:13,394 [DEBUG] [TIME] 9790 info: 0.17s
2026-07-04 02:00:13,394 [DEBUG] yfinance OK: 9790
2026-07-04 02:00:13,616 [DEBUG] [TIME] 9790 income_stmt: 0.22s
2026-07-04 02:00:13,892 [DEBUG] [TIME] 9790 balance_sheet: 0.28s
2026-07-04 02:00:14,120 [DEBUG] [TIME] 9790 cashflow: 0.23s
2026-07-04 02:00:14,621 [DEBUG] [TIME] 9790 dividends: 0.50s
2026-07-04 02:00:14,622 [INFO] [DETAIL] 9790 福井コンピュータホールディングス: income_stmt=OK, balance_sheet=OK, cashflow=OK, dividends=OK
2026-07-04 02:00:14,623 [INFO] [TIME] 9790 福井コンピュータホールディングス 処理時間: 1.40s
2026-07-04 02:00:16,464 [DEBUG] [TIME] 9791 info: 0.21s
2026-07-04 02:00:16,464 [DEBUG] yfinance OK: 9791
2026-07-04 02:00:16,686 [DEBUG] [TIME] 9791 income_stmt: 0.22s
2026-07-04 02:00:16,984 [DEBUG] [TIME] 9791 balance_sheet: 0.30s
2026-07-04 02:00:17,189 [DEBUG] [TIME] 9791 cashflow: 0.20s
2026-07-04 02:00:17,687 [DEBUG] [TIME] 9791 dividends: 0.50s
2026-07-04 02:00:17,688 [INFO] [DETAIL] 9791 ビケンテクノ: income_stmt=OK, balance_sheet=OK, cashflow=OK, dividends=OK
2026-07-04 02:00:17,688 [INFO] [TIME] 9791 ビケンテクノ 処理時間: 1.43s
2026-07-04 02:00:19,756 [DEBUG] [TIME] 9793 info: 0.18s
2026-07-04 02:00:19,756 [DEBUG] yfinance OK: 9793
2026-07-04 02:00:20,009 [DEBUG] [TIME] 9793 income_stmt: 0.25s
2026-07-04 02:00:20,307 [DEBUG] [TIME] 9793 balance_sheet: 0.30s
2026-07-04 02:00:20,531 [DEBUG] [TIME] 9793 cashflow: 0.22s
2026-07-04 02:00:21,323 [DEBUG] [TIME] 9793 dividends: 0.79s
2026-07-04 02:00:21,325 [INFO] [DETAIL] 9793 ダイセキ: income_stmt=OK, balance_sheet=OK, cashflow=OK, dividends=OK
2026-07-04 02:00:21,325 [INFO] [TIME] 9793 ダイセキ 処理時間: 1.75s
2026-07-04 02:00:22,740 [DEBUG] [TIME] 9795 info: 0.16s
2026-07-04 02:00:22,740 [DEBUG] yfinance OK: 9795
2026-07-04 02:00:22,937 [DEBUG] [TIME] 9795 income_stmt: 0.20s
2026-07-04 02:00:23,192 [DEBUG] [TIME] 9795 balance_sheet: 0.25s
2026-07-04 02:00:23,443 [DEBUG] [TIME] 9795 cashflow: 0.25s
2026-07-04 02:00:23,729 [DEBUG] [TIME] 9795 dividends: 0.28s
2026-07-04 02:00:23,730 [INFO] [DETAIL] 9795 ステップ: income_stmt=OK, balance_sheet=OK, cashflow=OK, dividends=OK
2026-07-04 02:00:23,730 [INFO] [TIME] 9795 ステップ 処理時間: 1.15s
2026-07-04 02:00:26,102 [DEBUG] [TIME] 9799 info: 0.54s
2026-07-04 02:00:26,102 [DEBUG] yfinance OK: 9799
2026-07-04 02:00:26,434 [DEBUG] [TIME] 9799 income_stmt: 0.33s
2026-07-04 02:00:26,727 [DEBUG] [TIME] 9799 balance_sheet: 0.29s
2026-07-04 02:00:26,992 [DEBUG] [TIME] 9799 cashflow: 0.26s
2026-07-04 02:00:27,653 [DEBUG] [TIME] 9799 dividends: 0.66s
2026-07-04 02:00:27,654 [INFO] [DETAIL] 9799 旭情報サービス: income_stmt=OK, balance_sheet=OK, cashflow=OK, dividends=OK
2026-07-04 02:00:27,654 [INFO] [TIME] 9799 旭情報サービス 処理時間: 2.10s
2026-07-04 02:00:29,587 [DEBUG] [TIME] 9812 info: 0.24s
2026-07-04 02:00:29,588 [DEBUG] yfinance OK: 9812
2026-07-04 02:00:29,887 [DEBUG] [TIME] 9812 income_stmt: 0.30s
2026-07-04 02:00:30,128 [DEBUG] [TIME] 9812 balance_sheet: 0.24s
2026-07-04 02:00:30,395 [DEBUG] [TIME] 9812 cashflow: 0.27s
2026-07-04 02:00:30,961 [DEBUG] [TIME] 9812 dividends: 0.57s
2026-07-04 02:00:30,962 [INFO] [DETAIL] 9812 テーオーホールディングス: income_stmt=OK, balance_sheet=OK, cashflow=OK, dividends=OK
2026-07-04 02:00:30,963 [INFO] [TIME] 9812 テーオーホールディングス 処理時間: 1.61s
2026-07-04 02:00:32,918 [DEBUG] [TIME] 9816 info: 0.20s
2026-07-04 02:00:32,918 [DEBUG] yfinance OK: 9816
2026-07-04 02:00:33,189 [DEBUG] [TIME] 9816 income_stmt: 0.27s
2026-07-04 02:00:33,452 [DEBUG] [TIME] 9816 balance_sheet: 0.26s
2026-07-04 02:00:33,641 [DEBUG] [TIME] 9816 cashflow: 0.19s
2026-07-04 02:00:34,050 [DEBUG] [TIME] 9816 dividends: 0.41s
2026-07-04 02:00:34,052 [INFO] [DETAIL] 9816 ストライダーズ: income_stmt=OK, balance_sheet=OK, cashflow=OK, dividends=OK
2026-07-04 02:00:34,052 [INFO] [TIME] 9816 ストライダーズ 処理時間: 1.34s
2026-07-04 02:00:35,772 [DEBUG] [TIME] 9818 info: 0.20s
2026-07-04 02:00:35,772 [DEBUG] yfinance OK: 9818
2026-07-04 02:00:36,013 [DEBUG] [TIME] 9818 income_stmt: 0.24s
2026-07-04 02:00:36,270 [DEBUG] [TIME] 9818 balance_sheet: 0.26s
2026-07-04 02:00:36,471 [DEBUG] [TIME] 9818 cashflow: 0.20s
2026-07-04 02:00:36,907 [DEBUG] [TIME] 9818 dividends: 0.44s
2026-07-04 02:00:36,908 [INFO] [DETAIL] 9818 大丸エナウィン: income_stmt=OK, balance_sheet=OK, cashflow=OK, dividends=OK
2026-07-04 02:00:36,908 [INFO] [TIME] 9818 大丸エナウィン 処理時間: 1.33s
2026-07-04 02:00:38,331 [DEBUG] [TIME] 9820 info: 0.14s
2026-07-04 02:00:38,331 [DEBUG] yfinance OK: 9820
2026-07-04 02:00:38,634 [DEBUG] [TIME] 9820 income_stmt: 0.30s
2026-07-04 02:00:38,908 [DEBUG] [TIME] 9820 balance_sheet: 0.27s
2026-07-04 02:00:39,132 [DEBUG] [TIME] 9820 cashflow: 0.22s
2026-07-04 02:00:39,774 [DEBUG] [TIME] 9820 dividends: 0.64s
2026-07-04 02:00:39,776 [INFO] [DETAIL] 9820 エムティジェネックス: income_stmt=OK, balance_sheet=OK, cashflow=OK, dividends=OK
2026-07-04 02:00:39,776 [INFO] [TIME] 9820 エムティジェネックス 処理時間: 1.59s
2026-07-04 02:00:41,320 [DEBUG] [TIME] 9823 info: 0.20s
2026-07-04 02:00:41,320 [DEBUG] yfinance OK: 9823
2026-07-04 02:00:41,493 [DEBUG] [TIME] 9823 income_stmt: 0.17s
2026-07-04 02:00:41,783 [DEBUG] [TIME] 9823 balance_sheet: 0.29s
2026-07-04 02:00:42,013 [DEBUG] [TIME] 9823 cashflow: 0.23s
2026-07-04 02:00:42,659 [DEBUG] [TIME] 9823 dividends: 0.65s
2026-07-04 02:00:42,660 [INFO] [DETAIL] 9823 マミーマートホールディングス: income_stmt=OK, balance_sheet=OK, cashflow=OK, dividends=OK
2026-07-04 02:00:42,660 [INFO] [TIME] 9823 マミーマートホールディングス 処理時間: 1.54s
2026-07-04 02:00:43,994 [DEBUG] [TIME] 9824 info: 0.16s
2026-07-04 02:00:43,995 [DEBUG] yfinance OK: 9824
2026-07-04 02:00:44,175 [DEBUG] [TIME] 9824 income_stmt: 0.18s
2026-07-04 02:00:44,432 [DEBUG] [TIME] 9824 balance_sheet: 0.26s
2026-07-04 02:00:44,640 [DEBUG] [TIME] 9824 cashflow: 0.21s
2026-07-04 02:00:45,300 [DEBUG] [TIME] 9824 dividends: 0.66s
2026-07-04 02:00:45,301 [INFO] [DETAIL] 9824 泉州電業: income_stmt=OK, balance_sheet=OK, cashflow=OK, dividends=OK
2026-07-04 02:00:45,301 [INFO] [TIME] 9824 泉州電業 処理時間: 1.47s
2026-07-04 02:00:46,794 [DEBUG] [TIME] 9827 info: 0.17s
2026-07-04 02:00:46,795 [DEBUG] yfinance OK: 9827
2026-07-04 02:00:47,007 [DEBUG] [TIME] 9827 income_stmt: 0.21s
2026-07-04 02:00:47,216 [DEBUG] [TIME] 9827 balance_sheet: 0.21s
2026-07-04 02:00:47,433 [DEBUG] [TIME] 9827 cashflow: 0.22s
2026-07-04 02:00:47,721 [DEBUG] [TIME] 9827 dividends: 0.29s
2026-07-04 02:00:47,722 [INFO] [DETAIL] 9827 リリカラ: income_stmt=OK, balance_sheet=OK, cashflow=OK, dividends=OK
2026-07-04 02:00:47,722 [INFO] [TIME] 9827 リリカラ 処理時間: 1.10s
2026-07-04 02:00:49,268 [DEBUG] [TIME] 9828 info: 0.17s
2026-07-04 02:00:49,268 [DEBUG] yfinance OK: 9828
2026-07-04 02:00:49,510 [DEBUG] [TIME] 9828 income_stmt: 0.24s
2026-07-04 02:00:49,728 [DEBUG] [TIME] 9828 balance_sheet: 0.22s
2026-07-04 02:00:49,917 [DEBUG] [TIME] 9828 cashflow: 0.19s
2026-07-04 02:00:50,318 [DEBUG] [TIME] 9828 dividends: 0.40s
2026-07-04 02:00:50,319 [INFO] [DETAIL] 9828 Ｇｅｎｋｉ　Ｇｌｏｂａｌ　Ｄｉｎｉｎｇ　Ｃｏｎｃｅｐｔｓ: income_stmt=OK, balance_sheet=OK, cashflow=OK, dividends=OK
2026-07-04 02:00:50,319 [INFO] [TIME] 9828 Ｇｅｎｋｉ　Ｇｌｏｂａｌ　Ｄｉｎｉｎｇ　Ｃｏｎｃｅｐｔｓ 処理時間: 1.22s
2026-07-04 02:00:52,068 [DEBUG] [TIME] 9830 info: 0.20s
2026-07-04 02:00:52,068 [DEBUG] yfinance OK: 9830
2026-07-04 02:00:52,316 [DEBUG] [TIME] 9830 income_stmt: 0.25s
2026-07-04 02:00:52,561 [DEBUG] [TIME] 9830 balance_sheet: 0.24s
2026-07-04 02:00:52,756 [DEBUG] [TIME] 9830 cashflow: 0.19s
2026-07-04 02:00:53,267 [DEBUG] [TIME] 9830 dividends: 0.51s
2026-07-04 02:00:53,268 [INFO] [DETAIL] 9830 トラスコ中山: income_stmt=OK, balance_sheet=OK, cashflow=OK, dividends=OK
2026-07-04 02:00:53,268 [INFO] [TIME] 9830 トラスコ中山 処理時間: 1.40s
2026-07-04 02:00:55,333 [DEBUG] [TIME] 9831 info: 0.19s
2026-07-04 02:00:55,333 [DEBUG] yfinance OK: 9831
2026-07-04 02:00:55,555 [DEBUG] [TIME] 9831 income_stmt: 0.22s
2026-07-04 02:00:55,827 [DEBUG] [TIME] 9831 balance_sheet: 0.27s
2026-07-04 02:00:56,055 [DEBUG] [TIME] 9831 cashflow: 0.23s
2026-07-04 02:00:56,338 [DEBUG] [TIME] 9831 dividends: 0.28s
2026-07-04 02:00:56,339 [INFO] [DETAIL] 9831 ヤマダホールディングス: income_stmt=OK, balance_sheet=OK, cashflow=OK, dividends=OK
2026-07-04 02:00:56,339 [INFO] [TIME] 9831 ヤマダホールディングス 処理時間: 1.19s
2026-07-04 02:00:58,348 [DEBUG] [TIME] 9832 info: 0.17s
2026-07-04 02:00:58,348 [DEBUG] yfinance OK: 9832
2026-07-04 02:00:58,598 [DEBUG] [TIME] 9832 income_stmt: 0.25s
2026-07-04 02:00:58,880 [DEBUG] [TIME] 9832 balance_sheet: 0.28s
2026-07-04 02:00:59,121 [DEBUG] [TIME] 9832 cashflow: 0.24s
2026-07-04 02:00:59,621 [DEBUG] [TIME] 9832 dividends: 0.50s
2026-07-04 02:00:59,622 [INFO] [DETAIL] 9832 オートバックスセブン: income_stmt=OK, balance_sheet=OK, cashflow=OK, dividends=OK
2026-07-04 02:00:59,622 [INFO] [TIME] 9832 オートバックスセブン 処理時間: 1.45s
2026-07-04 02:01:01,584 [DEBUG] [TIME] 9835 info: 0.19s
2026-07-04 02:01:01,584 [DEBUG] yfinance OK: 9835
2026-07-04 02:01:01,808 [DEBUG] [TIME] 9835 income_stmt: 0.22s
2026-07-04 02:01:02,153 [DEBUG] [TIME] 9835 balance_sheet: 0.34s
2026-07-04 02:01:02,406 [DEBUG] [TIME] 9835 cashflow: 0.25s
2026-07-04 02:01:02,757 [DEBUG] [TIME] 9835 dividends: 0.35s
2026-07-04 02:01:02,759 [INFO] [DETAIL] 9835 ジュンテンドー: income_stmt=OK, balance_sheet=OK, cashflow=OK, dividends=OK
2026-07-04 02:01:02,759 [INFO] [TIME] 9835 ジュンテンドー 処理時間: 1.36s
2026-07-04 02:01:04,284 [DEBUG] [TIME] 9837 info: 0.17s
2026-07-04 02:01:04,284 [DEBUG] yfinance OK: 9837
2026-07-04 02:01:04,507 [DEBUG] [TIME] 9837 income_stmt: 0.22s
2026-07-04 02:01:04,839 [DEBUG] [TIME] 9837 balance_sheet: 0.33s
2026-07-04 02:01:05,078 [DEBUG] [TIME] 9837 cashflow: 0.24s
2026-07-04 02:01:05,717 [DEBUG] [TIME] 9837 dividends: 0.64s
2026-07-04 02:01:05,718 [INFO] [DETAIL] 9837 モリト: income_stmt=OK, balance_sheet=OK, cashflow=OK, dividends=OK
2026-07-04 02:01:05,718 [INFO] [TIME] 9837 モリト 処理時間: 1.60s
2026-07-04 02:01:07,352 [DEBUG] [TIME] 9842 info: 0.16s
2026-07-04 02:01:07,352 [DEBUG] yfinance OK: 9842
2026-07-04 02:01:07,617 [DEBUG] [TIME] 9842 income_stmt: 0.27s
2026-07-04 02:01:07,927 [DEBUG] [TIME] 9842 balance_sheet: 0.31s
2026-07-04 02:01:08,242 [DEBUG] [TIME] 9842 cashflow: 0.31s
2026-07-04 02:01:08,703 [DEBUG] [TIME] 9842 dividends: 0.46s
2026-07-04 02:01:08,704 [INFO] [DETAIL] 9842 アークランズ: income_stmt=OK, balance_sheet=OK, cashflow=OK, dividends=OK
2026-07-04 02:01:08,704 [INFO] [TIME] 9842 アークランズ 処理時間: 1.51s
2026-07-04 02:01:10,167 [DEBUG] [TIME] 9843 info: 0.26s
2026-07-04 02:01:10,168 [DEBUG] yfinance OK: 9843
2026-07-04 02:01:10,441 [DEBUG] [TIME] 9843 income_stmt: 0.27s
2026-07-04 02:01:10,693 [DEBUG] [TIME] 9843 balance_sheet: 0.25s
2026-07-04 02:01:10,929 [DEBUG] [TIME] 9843 cashflow: 0.23s
2026-07-04 02:01:11,584 [DEBUG] [TIME] 9843 dividends: 0.65s
2026-07-04 02:01:11,585 [INFO] [DETAIL] 9843 ニトリホールディングス: income_stmt=OK, balance_sheet=OK, cashflow=OK, dividends=OK
2026-07-04 02:01:11,586 [INFO] [TIME] 9843 ニトリホールディングス 処理時間: 1.68s
2026-07-04 02:01:13,245 [DEBUG] [TIME] 9845 info: 0.19s
2026-07-04 02:01:13,245 [DEBUG] yfinance OK: 9845
2026-07-04 02:01:13,466 [DEBUG] [TIME] 9845 income_stmt: 0.22s
2026-07-04 02:01:13,771 [DEBUG] [TIME] 9845 balance_sheet: 0.30s
2026-07-04 02:01:14,010 [DEBUG] [TIME] 9845 cashflow: 0.24s
2026-07-04 02:01:14,545 [DEBUG] [TIME] 9845 dividends: 0.53s
2026-07-04 02:01:14,546 [INFO] [DETAIL] 9845 パーカーコーポレーション: income_stmt=OK, balance_sheet=OK, cashflow=OK, dividends=OK
2026-07-04 02:01:14,546 [INFO] [TIME] 9845 パーカーコーポレーション 処理時間: 1.49s
2026-07-04 02:01:16,215 [DEBUG] [TIME] 9846 info: 0.25s
2026-07-04 02:01:16,215 [DEBUG] yfinance OK: 9846
2026-07-04 02:01:16,465 [DEBUG] [TIME] 9846 income_stmt: 0.25s
2026-07-04 02:01:16,811 [DEBUG] [TIME] 9846 balance_sheet: 0.34s
2026-07-04 02:01:17,073 [DEBUG] [TIME] 9846 cashflow: 0.26s
2026-07-04 02:01:17,342 [DEBUG] [TIME] 9846 dividends: 0.27s
2026-07-04 02:01:17,343 [INFO] [DETAIL] 9846 天満屋ストア: income_stmt=OK, balance_sheet=OK, cashflow=OK, dividends=OK
2026-07-04 02:01:17,344 [INFO] [TIME] 9846 天満屋ストア 処理時間: 1.38s
2026-07-04 02:01:18,999 [DEBUG] [TIME] 9849 info: 0.18s
2026-07-04 02:01:18,999 [DEBUG] yfinance OK: 9849
2026-07-04 02:01:19,214 [DEBUG] [TIME] 9849 income_stmt: 0.21s
2026-07-04 02:01:19,584 [DEBUG] [TIME] 9849 balance_sheet: 0.37s
2026-07-04 02:01:19,817 [DEBUG] [TIME] 9849 cashflow: 0.23s
2026-07-04 02:01:20,439 [DEBUG] [TIME] 9849 dividends: 0.62s
2026-07-04 02:01:20,440 [INFO] [DETAIL] 9849 共同紙販ホールディングス: income_stmt=OK, balance_sheet=OK, cashflow=OK, dividends=OK
2026-07-04 02:01:20,440 [INFO] [TIME] 9849 共同紙販ホールディングス 処理時間: 1.62s
2026-07-04 02:01:22,111 [DEBUG] [TIME] 9850 info: 0.20s
2026-07-04 02:01:22,111 [DEBUG] yfinance OK: 9850
2026-07-04 02:01:22,351 [DEBUG] [TIME] 9850 income_stmt: 0.24s
2026-07-04 02:01:22,653 [DEBUG] [TIME] 9850 balance_sheet: 0.30s
2026-07-04 02:01:22,881 [DEBUG] [TIME] 9850 cashflow: 0.23s
2026-07-04 02:01:23,518 [DEBUG] [TIME] 9850 dividends: 0.64s
2026-07-04 02:01:23,520 [INFO] [DETAIL] 9850 グルメ杵屋: income_stmt=OK, balance_sheet=OK, cashflow=OK, dividends=OK
2026-07-04 02:01:23,520 [INFO] [TIME] 9850 グルメ杵屋 処理時間: 1.61s
2026-07-04 02:01:25,435 [DEBUG] [TIME] 9853 info: 0.16s
2026-07-04 02:01:25,435 [DEBUG] yfinance OK: 9853
2026-07-04 02:01:25,664 [DEBUG] [TIME] 9853 income_stmt: 0.23s
2026-07-04 02:01:25,958 [DEBUG] [TIME] 9853 balance_sheet: 0.29s
2026-07-04 02:01:26,246 [DEBUG] [TIME] 9853 cashflow: 0.29s
2026-07-04 02:01:26,714 [DEBUG] [TIME] 9853 dividends: 0.47s
2026-07-04 02:01:26,716 [INFO] [DETAIL] 9853 銀座ルノアール: income_stmt=OK, balance_sheet=OK, cashflow=OK, dividends=OK
2026-07-04 02:01:26,716 [INFO] [TIME] 9853 銀座ルノアール 処理時間: 1.44s
2026-07-04 02:01:27,973 [DEBUG] [TIME] 9854 info: 0.18s
2026-07-04 02:01:27,973 [DEBUG] yfinance OK: 9854
2026-07-04 02:01:28,165 [DEBUG] [TIME] 9854 income_stmt: 0.19s
2026-07-04 02:01:28,440 [DEBUG] [TIME] 9854 balance_sheet: 0.27s
2026-07-04 02:01:28,641 [DEBUG] [TIME] 9854 cashflow: 0.20s
2026-07-04 02:01:29,005 [DEBUG] [TIME] 9854 dividends: 0.36s
2026-07-04 02:01:29,007 [INFO] [DETAIL] 9854 愛眼: income_stmt=OK, balance_sheet=OK, cashflow=OK, dividends=OK
2026-07-04 02:01:29,007 [INFO] [TIME] 9854 愛眼 処理時間: 1.21s
2026-07-04 02:01:30,682 [DEBUG] [TIME] 9856 info: 0.15s
2026-07-04 02:01:30,682 [DEBUG] yfinance OK: 9856
2026-07-04 02:01:30,878 [DEBUG] [TIME] 9856 income_stmt: 0.20s
2026-07-04 02:01:31,139 [DEBUG] [TIME] 9856 balance_sheet: 0.26s
2026-07-04 02:01:31,327 [DEBUG] [TIME] 9856 cashflow: 0.19s
2026-07-04 02:01:31,569 [DEBUG] [TIME] 9856 dividends: 0.24s
2026-07-04 02:01:31,570 [INFO] [DETAIL] 9856 ケーユーホールディングス: income_stmt=OK, balance_sheet=OK, cashflow=OK, dividends=OK
2026-07-04 02:01:31,570 [INFO] [TIME] 9856 ケーユーホールディングス 処理時間: 1.04s
2026-07-04 02:01:32,952 [DEBUG] [TIME] 9857 info: 0.17s
2026-07-04 02:01:32,952 [DEBUG] yfinance OK: 9857
2026-07-04 02:01:33,165 [DEBUG] [TIME] 9857 income_stmt: 0.21s
2026-07-04 02:01:33,436 [DEBUG] [TIME] 9857 balance_sheet: 0.27s
2026-07-04 02:01:33,663 [DEBUG] [TIME] 9857 cashflow: 0.23s
2026-07-04 02:01:33,974 [DEBUG] [TIME] 9857 dividends: 0.31s
2026-07-04 02:01:33,975 [INFO] [DETAIL] 9857 英和: income_stmt=OK, balance_sheet=OK, cashflow=OK, dividends=OK
2026-07-04 02:01:33,975 [INFO] [TIME] 9857 英和 処理時間: 1.20s
2026-07-04 02:01:35,271 [DEBUG] [TIME] 9861 info: 0.20s
2026-07-04 02:01:35,271 [DEBUG] yfinance OK: 9861
2026-07-04 02:01:35,468 [DEBUG] [TIME] 9861 income_stmt: 0.20s
2026-07-04 02:01:35,779 [DEBUG] [TIME] 9861 balance_sheet: 0.31s
2026-07-04 02:01:35,999 [DEBUG] [TIME] 9861 cashflow: 0.22s
2026-07-04 02:01:36,363 [DEBUG] [TIME] 9861 dividends: 0.36s
2026-07-04 02:01:36,364 [INFO] [DETAIL] 9861 吉野家ホールディングス: income_stmt=OK, balance_sheet=OK, cashflow=OK, dividends=OK
2026-07-04 02:01:36,364 [INFO] [TIME] 9861 吉野家ホールディングス 処理時間: 1.29s
2026-07-04 02:01:38,065 [DEBUG] [TIME] 9867 info: 0.23s
2026-07-04 02:01:38,065 [DEBUG] yfinance OK: 9867
2026-07-04 02:01:38,269 [DEBUG] [TIME] 9867 income_stmt: 0.20s
2026-07-04 02:01:38,539 [DEBUG] [TIME] 9867 balance_sheet: 0.27s
2026-07-04 02:01:38,828 [DEBUG] [TIME] 9867 cashflow: 0.29s
2026-07-04 02:01:39,447 [DEBUG] [TIME] 9867 dividends: 0.62s
2026-07-04 02:01:39,448 [INFO] [DETAIL] 9867 ソレキア: income_stmt=OK, balance_sheet=OK, cashflow=OK, dividends=OK
2026-07-04 02:01:39,448 [INFO] [TIME] 9867 ソレキア 処理時間: 1.61s
2026-07-04 02:01:41,203 [DEBUG] [TIME] 9869 info: 0.18s
2026-07-04 02:01:41,204 [DEBUG] yfinance OK: 9869
2026-07-04 02:01:41,488 [DEBUG] [TIME] 9869 income_stmt: 0.28s
2026-07-04 02:01:41,749 [DEBUG] [TIME] 9869 balance_sheet: 0.26s
2026-07-04 02:01:42,048 [DEBUG] [TIME] 9869 cashflow: 0.30s
2026-07-04 02:01:42,878 [DEBUG] [TIME] 9869 dividends: 0.83s
2026-07-04 02:01:42,880 [INFO] [DETAIL] 9869 加藤産業: income_stmt=OK, balance_sheet=OK, cashflow=OK, dividends=OK
2026-07-04 02:01:42,880 [INFO] [TIME] 9869 加藤産業 処理時間: 1.85s
2026-07-04 02:01:44,591 [DEBUG] [TIME] 9872 info: 0.17s
2026-07-04 02:01:44,591 [DEBUG] yfinance OK: 9872
2026-07-04 02:01:44,814 [DEBUG] [TIME] 9872 income_stmt: 0.22s
2026-07-04 02:01:45,093 [DEBUG] [TIME] 9872 balance_sheet: 0.28s
2026-07-04 02:01:45,348 [DEBUG] [TIME] 9872 cashflow: 0.25s
2026-07-04 02:01:45,907 [DEBUG] [TIME] 9872 dividends: 0.56s
2026-07-04 02:01:45,908 [INFO] [DETAIL] 9872 北恵: income_stmt=OK, balance_sheet=OK, cashflow=OK, dividends=OK
2026-07-04 02:01:45,908 [INFO] [TIME] 9872 北恵 処理時間: 1.49s
2026-07-04 02:01:47,374 [DEBUG] [TIME] 9876 info: 0.19s
2026-07-04 02:01:47,374 [DEBUG] yfinance OK: 9876
2026-07-04 02:01:47,629 [DEBUG] [TIME] 9876 income_stmt: 0.25s
2026-07-04 02:01:47,861 [DEBUG] [TIME] 9876 balance_sheet: 0.23s
2026-07-04 02:01:48,156 [DEBUG] [TIME] 9876 cashflow: 0.29s
2026-07-04 02:01:48,572 [DEBUG] [TIME] 9876 dividends: 0.42s
2026-07-04 02:01:48,572 [INFO] [DETAIL] 9876 コックス: income_stmt=OK, balance_sheet=OK, cashflow=OK, dividends=EMPTY
2026-07-04 02:01:48,572 [INFO] [TIME] 9876 コックス 処理時間: 1.39s
2026-07-04 02:01:50,580 [DEBUG] [TIME] 9878 info: 0.22s
2026-07-04 02:01:50,581 [DEBUG] yfinance OK: 9878
2026-07-04 02:01:50,764 [DEBUG] [TIME] 9878 income_stmt: 0.18s
2026-07-04 02:01:51,071 [DEBUG] [TIME] 9878 balance_sheet: 0.31s
2026-07-04 02:01:51,266 [DEBUG] [TIME] 9878 cashflow: 0.19s
2026-07-04 02:01:51,923 [DEBUG] [TIME] 9878 dividends: 0.66s
2026-07-04 02:01:51,924 [INFO] [DETAIL] 9878 セキド: income_stmt=OK, balance_sheet=OK, cashflow=OK, dividends=OK
2026-07-04 02:01:51,924 [INFO] [TIME] 9878 セキド 処理時間: 1.57s
2026-07-04 02:01:53,612 [DEBUG] [TIME] 9880 info: 0.27s
2026-07-04 02:01:53,612 [DEBUG] yfinance OK: 9880
2026-07-04 02:01:53,811 [DEBUG] [TIME] 9880 income_stmt: 0.20s
2026-07-04 02:01:54,077 [DEBUG] [TIME] 9880 balance_sheet: 0.26s
2026-07-04 02:01:54,359 [DEBUG] [TIME] 9880 cashflow: 0.28s
2026-07-04 02:01:54,942 [DEBUG] [TIME] 9880 dividends: 0.58s
2026-07-04 02:01:54,943 [INFO] [DETAIL] 9880 イノテック: income_stmt=OK, balance_sheet=OK, cashflow=OK, dividends=OK
2026-07-04 02:01:54,943 [INFO] [TIME] 9880 イノテック 処理時間: 1.60s
2026-07-04 02:01:56,353 [DEBUG] [TIME] 9882 info: 0.22s
2026-07-04 02:01:56,353 [DEBUG] yfinance OK: 9882
2026-07-04 02:01:56,606 [DEBUG] [TIME] 9882 income_stmt: 0.25s
2026-07-04 02:01:56,904 [DEBUG] [TIME] 9882 balance_sheet: 0.30s
2026-07-04 02:01:57,168 [DEBUG] [TIME] 9882 cashflow: 0.26s
2026-07-04 02:01:57,780 [DEBUG] [TIME] 9882 dividends: 0.61s
2026-07-04 02:01:57,782 [INFO] [DETAIL] 9882 イエローハット: income_stmt=OK, balance_sheet=OK, cashflow=OK, dividends=OK
2026-07-04 02:01:57,782 [INFO] [TIME] 9882 イエローハット 処理時間: 1.65s
2026-07-04 02:01:59,135 [DEBUG] [TIME] 9885 info: 0.19s
2026-07-04 02:01:59,135 [DEBUG] yfinance OK: 9885
2026-07-04 02:01:59,369 [DEBUG] [TIME] 9885 income_stmt: 0.23s
2026-07-04 02:01:59,615 [DEBUG] [TIME] 9885 balance_sheet: 0.24s
2026-07-04 02:01:59,869 [DEBUG] [TIME] 9885 cashflow: 0.25s
2026-07-04 02:02:00,189 [DEBUG] [TIME] 9885 dividends: 0.32s
2026-07-04 02:02:00,190 [INFO] [DETAIL] 9885 シャルレ: income_stmt=OK, balance_sheet=OK, cashflow=OK, dividends=OK
2026-07-04 02:02:00,190 [INFO] [TIME] 9885 シャルレ 処理時間: 1.24s
2026-07-04 02:02:01,833 [DEBUG] [TIME] 9887 info: 0.16s
2026-07-04 02:02:01,833 [DEBUG] yfinance OK: 9887
2026-07-04 02:02:02,088 [DEBUG] [TIME] 9887 income_stmt: 0.25s
2026-07-04 02:02:02,477 [DEBUG] [TIME] 9887 balance_sheet: 0.39s
2026-07-04 02:02:02,704 [DEBUG] [TIME] 9887 cashflow: 0.23s
2026-07-04 02:02:03,097 [DEBUG] [TIME] 9887 dividends: 0.39s
2026-07-04 02:02:03,098 [INFO] [DETAIL] 9887 松屋フーズホールディングス: income_stmt=OK, balance_sheet=OK, cashflow=OK, dividends=OK
2026-07-04 02:02:03,098 [INFO] [TIME] 9887 松屋フーズホールディングス 処理時間: 1.43s
2026-07-04 02:02:05,029 [DEBUG] [TIME] 9888 info: 0.16s
2026-07-04 02:02:05,029 [DEBUG] yfinance OK: 9888
2026-07-04 02:02:05,220 [DEBUG] [TIME] 9888 income_stmt: 0.19s
2026-07-04 02:02:05,532 [DEBUG] [TIME] 9888 balance_sheet: 0.31s
2026-07-04 02:02:05,797 [DEBUG] [TIME] 9888 cashflow: 0.26s
2026-07-04 02:02:06,239 [DEBUG] [TIME] 9888 dividends: 0.44s
2026-07-04 02:02:06,240 [INFO] [DETAIL] 9888 ＵＥＸ: income_stmt=OK, balance_sheet=OK, cashflow=OK, dividends=OK
2026-07-04 02:02:06,240 [INFO] [TIME] 9888 ＵＥＸ 処理時間: 1.37s
2026-07-04 02:02:07,699 [DEBUG] [TIME] 9889 info: 0.22s
2026-07-04 02:02:07,699 [DEBUG] yfinance OK: 9889
2026-07-04 02:02:07,883 [DEBUG] [TIME] 9889 income_stmt: 0.18s
2026-07-04 02:02:08,152 [DEBUG] [TIME] 9889 balance_sheet: 0.27s
2026-07-04 02:02:08,394 [DEBUG] [TIME] 9889 cashflow: 0.24s
2026-07-04 02:02:08,975 [DEBUG] [TIME] 9889 dividends: 0.58s
2026-07-04 02:02:08,976 [INFO] [DETAIL] 9889 ＪＢＣＣホールディングス: income_stmt=OK, balance_sheet=OK, cashflow=OK, dividends=OK
2026-07-04 02:02:08,976 [INFO] [TIME] 9889 ＪＢＣＣホールディングス 処理時間: 1.49s
2026-07-04 02:02:10,458 [DEBUG] [TIME] 9890 info: 0.21s
2026-07-04 02:02:10,458 [DEBUG] yfinance OK: 9890
2026-07-04 02:02:10,691 [DEBUG] [TIME] 9890 income_stmt: 0.23s
2026-07-04 02:02:10,962 [DEBUG] [TIME] 9890 balance_sheet: 0.27s
2026-07-04 02:02:11,175 [DEBUG] [TIME] 9890 cashflow: 0.21s
2026-07-04 02:02:11,810 [DEBUG] [TIME] 9890 dividends: 0.63s
2026-07-04 02:02:11,811 [INFO] [DETAIL] 9890 マキヤ: income_stmt=OK, balance_sheet=OK, cashflow=OK, dividends=OK
2026-07-04 02:02:11,811 [INFO] [TIME] 9890 マキヤ 処理時間: 1.56s
2026-07-04 02:02:13,472 [DEBUG] [TIME] 9895 info: 0.23s
2026-07-04 02:02:13,472 [DEBUG] yfinance OK: 9895
2026-07-04 02:02:13,696 [DEBUG] [TIME] 9895 income_stmt: 0.22s
2026-07-04 02:02:13,992 [DEBUG] [TIME] 9895 balance_sheet: 0.29s
2026-07-04 02:02:14,293 [DEBUG] [TIME] 9895 cashflow: 0.30s
2026-07-04 02:02:14,971 [DEBUG] [TIME] 9895 dividends: 0.68s
2026-07-04 02:02:14,972 [INFO] [DETAIL] 9895 コンセック: income_stmt=OK, balance_sheet=OK, cashflow=OK, dividends=OK
2026-07-04 02:02:14,972 [INFO] [TIME] 9895 コンセック 処理時間: 1.73s
2026-07-04 02:02:17,019 [DEBUG] [TIME] 9896 info: 0.17s
2026-07-04 02:02:17,019 [DEBUG] yfinance OK: 9896
2026-07-04 02:02:17,222 [DEBUG] [TIME] 9896 income_stmt: 0.20s
2026-07-04 02:02:17,517 [DEBUG] [TIME] 9896 balance_sheet: 0.29s
2026-07-04 02:02:17,791 [DEBUG] [TIME] 9896 cashflow: 0.27s
2026-07-04 02:02:18,332 [DEBUG] [TIME] 9896 dividends: 0.54s
2026-07-04 02:02:18,334 [INFO] [DETAIL] 9896 ＪＫホールディングス: income_stmt=OK, balance_sheet=OK, cashflow=OK, dividends=OK
2026-07-04 02:02:18,334 [INFO] [TIME] 9896 ＪＫホールディングス 処理時間: 1.48s
2026-07-04 02:02:20,321 [DEBUG] [TIME] 9900 info: 0.16s
2026-07-04 02:02:20,322 [DEBUG] yfinance OK: 9900
2026-07-04 02:02:20,555 [DEBUG] [TIME] 9900 income_stmt: 0.23s
2026-07-04 02:02:20,784 [DEBUG] [TIME] 9900 balance_sheet: 0.23s
2026-07-04 02:02:20,970 [DEBUG] [TIME] 9900 cashflow: 0.19s
2026-07-04 02:02:21,347 [DEBUG] [TIME] 9900 dividends: 0.38s
2026-07-04 02:02:21,348 [INFO] [DETAIL] 9900 サガミホールディングス: income_stmt=OK, balance_sheet=OK, cashflow=OK, dividends=OK
2026-07-04 02:02:21,348 [INFO] [TIME] 9900 サガミホールディングス 処理時間: 1.19s
2026-07-04 02:02:23,256 [DEBUG] [TIME] 9902 info: 0.14s
2026-07-04 02:02:23,256 [DEBUG] yfinance OK: 9902
2026-07-04 02:02:23,435 [DEBUG] [TIME] 9902 income_stmt: 0.18s
2026-07-04 02:02:23,723 [DEBUG] [TIME] 9902 balance_sheet: 0.29s
2026-07-04 02:02:23,926 [DEBUG] [TIME] 9902 cashflow: 0.20s
2026-07-04 02:02:24,561 [DEBUG] [TIME] 9902 dividends: 0.63s
2026-07-04 02:02:24,562 [INFO] [DETAIL] 9902 日伝: income_stmt=OK, balance_sheet=OK, cashflow=OK, dividends=OK
2026-07-04 02:02:24,563 [INFO] [TIME] 9902 日伝 処理時間: 1.45s
2026-07-04 02:02:26,148 [DEBUG] [TIME] 9903 info: 0.18s
2026-07-04 02:02:26,148 [DEBUG] yfinance OK: 9903
2026-07-04 02:02:26,392 [DEBUG] [TIME] 9903 income_stmt: 0.24s
2026-07-04 02:02:26,723 [DEBUG] [TIME] 9903 balance_sheet: 0.33s
2026-07-04 02:02:26,974 [DEBUG] [TIME] 9903 cashflow: 0.25s
2026-07-04 02:02:27,682 [DEBUG] [TIME] 9903 dividends: 0.71s
2026-07-04 02:02:27,684 [INFO] [DETAIL] 9903 カンセキ: income_stmt=OK, balance_sheet=OK, cashflow=OK, dividends=OK
2026-07-04 02:02:27,684 [INFO] [TIME] 9903 カンセキ 処理時間: 1.72s
2026-07-04 02:02:29,581 [DEBUG] [TIME] 9904 info: 0.14s
2026-07-04 02:02:29,581 [DEBUG] yfinance OK: 9904
2026-07-04 02:02:29,791 [DEBUG] [TIME] 9904 income_stmt: 0.21s
2026-07-04 02:02:30,088 [DEBUG] [TIME] 9904 balance_sheet: 0.30s
2026-07-04 02:02:30,327 [DEBUG] [TIME] 9904 cashflow: 0.24s
2026-07-04 02:02:30,849 [DEBUG] [TIME] 9904 dividends: 0.52s
2026-07-04 02:02:30,850 [INFO] [DETAIL] 9904 ベリテ: income_stmt=OK, balance_sheet=OK, cashflow=OK, dividends=OK
2026-07-04 02:02:30,850 [INFO] [TIME] 9904 ベリテ 処理時間: 1.41s
2026-07-04 02:02:32,765 [DEBUG] [TIME] 9906 info: 0.25s
2026-07-04 02:02:32,765 [DEBUG] yfinance OK: 9906
2026-07-04 02:02:33,085 [DEBUG] [TIME] 9906 income_stmt: 0.32s
2026-07-04 02:02:33,404 [DEBUG] [TIME] 9906 balance_sheet: 0.32s
2026-07-04 02:02:33,592 [DEBUG] [TIME] 9906 cashflow: 0.19s
2026-07-04 02:02:33,888 [DEBUG] [TIME] 9906 dividends: 0.30s
2026-07-04 02:02:33,889 [INFO] [DETAIL] 9906 藤井産業: income_stmt=OK, balance_sheet=OK, cashflow=OK, dividends=OK
2026-07-04 02:02:33,889 [INFO] [TIME] 9906 藤井産業 処理時間: 1.37s
2026-07-04 02:02:36,020 [DEBUG] [TIME] 9908 info: 0.34s
2026-07-04 02:02:36,021 [DEBUG] yfinance OK: 9908
2026-07-04 02:02:36,217 [DEBUG] [TIME] 9908 income_stmt: 0.20s
2026-07-04 02:02:36,478 [DEBUG] [TIME] 9908 balance_sheet: 0.26s
2026-07-04 02:02:36,724 [DEBUG] [TIME] 9908 cashflow: 0.25s
2026-07-04 02:02:37,394 [DEBUG] [TIME] 9908 dividends: 0.67s
2026-07-04 02:02:37,396 [INFO] [DETAIL] 9908 日本電計: income_stmt=OK, balance_sheet=OK, cashflow=OK, dividends=OK
2026-07-04 02:02:37,396 [INFO] [TIME] 9908 日本電計 処理時間: 1.72s
2026-07-04 02:02:39,478 [DEBUG] [TIME] 9913 info: 0.16s
2026-07-04 02:02:39,479 [DEBUG] yfinance OK: 9913
2026-07-04 02:02:39,706 [DEBUG] [TIME] 9913 income_stmt: 0.23s
2026-07-04 02:02:39,942 [DEBUG] [TIME] 9913 balance_sheet: 0.24s
2026-07-04 02:02:40,127 [DEBUG] [TIME] 9913 cashflow: 0.18s
2026-07-04 02:02:40,571 [DEBUG] [TIME] 9913 dividends: 0.44s
2026-07-04 02:02:40,572 [INFO] [DETAIL] 9913 日邦産業: income_stmt=OK, balance_sheet=OK, cashflow=OK, dividends=OK
2026-07-04 02:02:40,572 [INFO] [TIME] 9913 日邦産業 処理時間: 1.26s
2026-07-04 02:02:41,976 [DEBUG] [TIME] 9914 info: 0.20s
2026-07-04 02:02:41,976 [DEBUG] yfinance OK: 9914
2026-07-04 02:02:42,181 [DEBUG] [TIME] 9914 income_stmt: 0.20s
2026-07-04 02:02:42,422 [DEBUG] [TIME] 9914 balance_sheet: 0.24s
2026-07-04 02:02:42,720 [DEBUG] [TIME] 9914 cashflow: 0.30s
2026-07-04 02:02:43,333 [DEBUG] [TIME] 9914 dividends: 0.61s
2026-07-04 02:02:43,334 [INFO] [DETAIL] 9914 植松商会: income_stmt=OK, balance_sheet=OK, cashflow=OK, dividends=OK
2026-07-04 02:02:43,334 [INFO] [TIME] 9914 植松商会 処理時間: 1.56s
2026-07-04 02:02:44,615 [DEBUG] [TIME] 9927 info: 0.17s
2026-07-04 02:02:44,615 [WARNING] yfinance データなし: 9927
2026-07-04 02:02:44,616 [INFO] [TIME] 9927 ワットマン 処理時間: 0.17s
2026-07-04 02:02:46,400 [DEBUG] [TIME] 9928 info: 0.14s
2026-07-04 02:02:46,400 [DEBUG] yfinance OK: 9928
2026-07-04 02:02:46,605 [DEBUG] [TIME] 9928 income_stmt: 0.20s
2026-07-04 02:02:46,838 [DEBUG] [TIME] 9928 balance_sheet: 0.23s
2026-07-04 02:02:47,031 [DEBUG] [TIME] 9928 cashflow: 0.19s
2026-07-04 02:02:47,325 [DEBUG] [TIME] 9928 dividends: 0.29s
2026-07-04 02:02:47,327 [INFO] [DETAIL] 9928 ミロク情報サービス: income_stmt=OK, balance_sheet=OK, cashflow=OK, dividends=OK
2026-07-04 02:02:47,327 [INFO] [TIME] 9928 ミロク情報サービス 処理時間: 1.07s
2026-07-04 02:02:48,918 [DEBUG] [TIME] 9929 info: 0.15s
2026-07-04 02:02:48,918 [DEBUG] yfinance OK: 9929
2026-07-04 02:02:49,092 [DEBUG] [TIME] 9929 income_stmt: 0.17s
2026-07-04 02:02:49,313 [DEBUG] [TIME] 9929 balance_sheet: 0.22s
2026-07-04 02:02:49,540 [DEBUG] [TIME] 9929 cashflow: 0.23s
2026-07-04 02:02:49,831 [DEBUG] [TIME] 9929 dividends: 0.29s
2026-07-04 02:02:49,833 [INFO] [DETAIL] 9929 平和紙業: income_stmt=OK, balance_sheet=OK, cashflow=OK, dividends=OK
2026-07-04 02:02:49,833 [INFO] [TIME] 9929 平和紙業 処理時間: 1.06s
2026-07-04 02:02:51,376 [DEBUG] [TIME] 9930 info: 0.16s
2026-07-04 02:02:51,376 [DEBUG] yfinance OK: 9930
2026-07-04 02:02:51,558 [DEBUG] [TIME] 9930 income_stmt: 0.18s
2026-07-04 02:02:51,816 [DEBUG] [TIME] 9930 balance_sheet: 0.26s
2026-07-04 02:02:52,042 [DEBUG] [TIME] 9930 cashflow: 0.23s
2026-07-04 02:02:52,607 [DEBUG] [TIME] 9930 dividends: 0.56s
2026-07-04 02:02:52,609 [INFO] [DETAIL] 9930 北沢産業: income_stmt=OK, balance_sheet=OK, cashflow=OK, dividends=OK
2026-07-04 02:02:52,609 [INFO] [TIME] 9930 北沢産業 処理時間: 1.39s
2026-07-04 02:02:54,718 [DEBUG] [TIME] 9932 info: 0.17s
2026-07-04 02:02:54,718 [DEBUG] yfinance OK: 9932
2026-07-04 02:02:54,957 [DEBUG] [TIME] 9932 income_stmt: 0.24s
2026-07-04 02:02:55,192 [DEBUG] [TIME] 9932 balance_sheet: 0.23s
2026-07-04 02:02:55,441 [DEBUG] [TIME] 9932 cashflow: 0.25s
2026-07-04 02:02:55,759 [DEBUG] [TIME] 9932 dividends: 0.32s
2026-07-04 02:02:55,760 [INFO] [DETAIL] 9932 杉本商事: income_stmt=OK, balance_sheet=OK, cashflow=OK, dividends=OK
2026-07-04 02:02:55,760 [INFO] [TIME] 9932 杉本商事 処理時間: 1.21s
2026-07-04 02:02:57,207 [DEBUG] [TIME] 9934 info: 0.16s
2026-07-04 02:02:57,207 [DEBUG] yfinance OK: 9934
2026-07-04 02:02:57,436 [DEBUG] [TIME] 9934 income_stmt: 0.23s
2026-07-04 02:02:57,727 [DEBUG] [TIME] 9934 balance_sheet: 0.29s
2026-07-04 02:02:57,920 [DEBUG] [TIME] 9934 cashflow: 0.19s
2026-07-04 02:02:58,513 [DEBUG] [TIME] 9934 dividends: 0.59s
2026-07-04 02:02:58,514 [INFO] [DETAIL] 9934 因幡電機産業: income_stmt=OK, balance_sheet=OK, cashflow=OK, dividends=OK
2026-07-04 02:02:58,515 [INFO] [TIME] 9934 因幡電機産業 処理時間: 1.47s
2026-07-04 02:02:59,954 [DEBUG] [TIME] 9936 info: 0.20s
2026-07-04 02:02:59,954 [DEBUG] yfinance OK: 9936
2026-07-04 02:03:00,173 [DEBUG] [TIME] 9936 income_stmt: 0.22s
2026-07-04 02:03:00,408 [DEBUG] [TIME] 9936 balance_sheet: 0.23s
2026-07-04 02:03:00,663 [DEBUG] [TIME] 9936 cashflow: 0.25s
2026-07-04 02:03:01,428 [DEBUG] [TIME] 9936 dividends: 0.76s
2026-07-04 02:03:01,430 [INFO] [DETAIL] 9936 王将フードサービス: income_stmt=OK, balance_sheet=OK, cashflow=OK, dividends=OK
2026-07-04 02:03:01,430 [INFO] [TIME] 9936 王将フードサービス 処理時間: 1.67s
2026-07-04 02:03:03,506 [DEBUG] [TIME] 9941 info: 0.18s
2026-07-04 02:03:03,506 [DEBUG] yfinance OK: 9941
2026-07-04 02:03:03,748 [DEBUG] [TIME] 9941 income_stmt: 0.24s
2026-07-04 02:03:03,959 [DEBUG] [TIME] 9941 balance_sheet: 0.21s
2026-07-04 02:03:04,163 [DEBUG] [TIME] 9941 cashflow: 0.20s
2026-07-04 02:03:04,681 [DEBUG] [TIME] 9941 dividends: 0.52s
2026-07-04 02:03:04,681 [INFO] [DETAIL] 9941 太洋物産: income_stmt=OK, balance_sheet=OK, cashflow=OK, dividends=EMPTY
2026-07-04 02:03:04,681 [INFO] [TIME] 9941 太洋物産 処理時間: 1.36s
2026-07-04 02:03:06,281 [DEBUG] [TIME] 9946 info: 0.18s
2026-07-04 02:03:06,281 [DEBUG] yfinance OK: 9946
2026-07-04 02:03:06,471 [DEBUG] [TIME] 9946 income_stmt: 0.19s
2026-07-04 02:03:06,757 [DEBUG] [TIME] 9946 balance_sheet: 0.29s
2026-07-04 02:03:06,969 [DEBUG] [TIME] 9946 cashflow: 0.21s
2026-07-04 02:03:07,295 [DEBUG] [TIME] 9946 dividends: 0.33s
2026-07-04 02:03:07,296 [INFO] [DETAIL] 9946 ミニストップ: income_stmt=OK, balance_sheet=OK, cashflow=OK, dividends=OK
2026-07-04 02:03:07,296 [INFO] [TIME] 9946 ミニストップ 処理時間: 1.19s
2026-07-04 02:03:09,211 [DEBUG] [TIME] 9948 info: 0.21s
2026-07-04 02:03:09,211 [DEBUG] yfinance OK: 9948
2026-07-04 02:03:09,427 [DEBUG] [TIME] 9948 income_stmt: 0.22s
2026-07-04 02:03:09,679 [DEBUG] [TIME] 9948 balance_sheet: 0.25s
2026-07-04 02:03:09,935 [DEBUG] [TIME] 9948 cashflow: 0.25s
2026-07-04 02:03:10,568 [DEBUG] [TIME] 9948 dividends: 0.63s
2026-07-04 02:03:10,570 [INFO] [DETAIL] 9948 アークス: income_stmt=OK, balance_sheet=OK, cashflow=OK, dividends=OK
2026-07-04 02:03:10,570 [INFO] [TIME] 9948 アークス 処理時間: 1.57s
2026-07-04 02:03:12,631 [DEBUG] [TIME] 9950 info: 0.18s
2026-07-04 02:03:12,631 [DEBUG] yfinance OK: 9950
2026-07-04 02:03:12,854 [DEBUG] [TIME] 9950 income_stmt: 0.22s
2026-07-04 02:03:13,088 [DEBUG] [TIME] 9950 balance_sheet: 0.23s
2026-07-04 02:03:13,323 [DEBUG] [TIME] 9950 cashflow: 0.23s
2026-07-04 02:03:13,901 [DEBUG] [TIME] 9950 dividends: 0.58s
2026-07-04 02:03:13,902 [INFO] [DETAIL] 9950 ハチバン: income_stmt=OK, balance_sheet=OK, cashflow=OK, dividends=OK
2026-07-04 02:03:13,902 [INFO] [TIME] 9950 ハチバン 処理時間: 1.45s
2026-07-04 02:03:15,928 [DEBUG] [TIME] 9955 info: 0.17s
2026-07-04 02:03:15,928 [DEBUG] yfinance OK: 9955
2026-07-04 02:03:16,128 [DEBUG] [TIME] 9955 income_stmt: 0.20s
2026-07-04 02:03:16,410 [DEBUG] [TIME] 9955 balance_sheet: 0.28s
2026-07-04 02:03:16,624 [DEBUG] [TIME] 9955 cashflow: 0.21s
2026-07-04 02:03:17,109 [DEBUG] [TIME] 9955 dividends: 0.48s
2026-07-04 02:03:17,110 [INFO] [DETAIL] 9955 ヨンキュウ: income_stmt=OK, balance_sheet=OK, cashflow=OK, dividends=OK
2026-07-04 02:03:17,110 [INFO] [TIME] 9955 ヨンキュウ 処理時間: 1.36s
2026-07-04 02:03:19,232 [DEBUG] [TIME] 9956 info: 0.21s
2026-07-04 02:03:19,232 [DEBUG] yfinance OK: 9956
2026-07-04 02:03:19,478 [DEBUG] [TIME] 9956 income_stmt: 0.25s
2026-07-04 02:03:19,754 [DEBUG] [TIME] 9956 balance_sheet: 0.28s
2026-07-04 02:03:20,031 [DEBUG] [TIME] 9956 cashflow: 0.28s
2026-07-04 02:03:20,346 [DEBUG] [TIME] 9956 dividends: 0.31s
2026-07-04 02:03:20,347 [INFO] [DETAIL] 9956 バローホールディングス: income_stmt=OK, balance_sheet=OK, cashflow=OK, dividends=OK
2026-07-04 02:03:20,347 [INFO] [TIME] 9956 バローホールディングス 処理時間: 1.32s
2026-07-04 02:03:22,466 [DEBUG] [TIME] 9959 info: 0.15s
2026-07-04 02:03:22,466 [DEBUG] yfinance OK: 9959
2026-07-04 02:03:22,687 [DEBUG] [TIME] 9959 income_stmt: 0.22s
2026-07-04 02:03:22,962 [DEBUG] [TIME] 9959 balance_sheet: 0.27s
2026-07-04 02:03:23,192 [DEBUG] [TIME] 9959 cashflow: 0.23s
2026-07-04 02:03:23,527 [DEBUG] [TIME] 9959 dividends: 0.34s
2026-07-04 02:03:23,529 [INFO] [DETAIL] 9959 アシードホールディングス: income_stmt=OK, balance_sheet=OK, cashflow=OK, dividends=OK
2026-07-04 02:03:23,529 [INFO] [TIME] 9959 アシードホールディングス 処理時間: 1.21s
2026-07-04 02:03:25,247 [DEBUG] [TIME] 9960 info: 0.17s
2026-07-04 02:03:25,247 [DEBUG] yfinance OK: 9960
2026-07-04 02:03:25,416 [DEBUG] [TIME] 9960 income_stmt: 0.17s
2026-07-04 02:03:25,802 [DEBUG] [TIME] 9960 balance_sheet: 0.39s
2026-07-04 02:03:26,014 [DEBUG] [TIME] 9960 cashflow: 0.21s
2026-07-04 02:03:26,351 [DEBUG] [TIME] 9960 dividends: 0.34s
2026-07-04 02:03:26,352 [INFO] [DETAIL] 9960 東テク: income_stmt=OK, balance_sheet=OK, cashflow=OK, dividends=OK
2026-07-04 02:03:26,352 [INFO] [TIME] 9960 東テク 処理時間: 1.28s
2026-07-04 02:03:28,171 [DEBUG] [TIME] 9962 info: 0.14s
2026-07-04 02:03:28,171 [DEBUG] yfinance OK: 9962
2026-07-04 02:03:28,409 [DEBUG] [TIME] 9962 income_stmt: 0.24s
2026-07-04 02:03:28,682 [DEBUG] [TIME] 9962 balance_sheet: 0.27s
2026-07-04 02:03:28,960 [DEBUG] [TIME] 9962 cashflow: 0.28s
2026-07-04 02:03:29,237 [DEBUG] [TIME] 9962 dividends: 0.28s
2026-07-04 02:03:29,239 [INFO] [DETAIL] 9962 ミスミグループ本社: income_stmt=OK, balance_sheet=OK, cashflow=OK, dividends=OK
2026-07-04 02:03:29,239 [INFO] [TIME] 9962 ミスミグループ本社 処理時間: 1.21s
2026-07-04 02:03:31,249 [DEBUG] [TIME] 9969 info: 0.44s
2026-07-04 02:03:31,249 [DEBUG] yfinance OK: 9969
2026-07-04 02:03:31,463 [DEBUG] [TIME] 9969 income_stmt: 0.21s
2026-07-04 02:03:31,735 [DEBUG] [TIME] 9969 balance_sheet: 0.27s
2026-07-04 02:03:31,987 [DEBUG] [TIME] 9969 cashflow: 0.25s
2026-07-04 02:03:32,357 [DEBUG] [TIME] 9969 dividends: 0.37s
2026-07-04 02:03:32,358 [INFO] [DETAIL] 9969 ショクブン: income_stmt=OK, balance_sheet=OK, cashflow=OK, dividends=OK
2026-07-04 02:03:32,358 [INFO] [TIME] 9969 ショクブン 処理時間: 1.55s
2026-07-04 02:03:33,885 [DEBUG] [TIME] 9972 info: 0.14s
2026-07-04 02:03:33,886 [DEBUG] yfinance OK: 9972
2026-07-04 02:03:34,185 [DEBUG] [TIME] 9972 income_stmt: 0.30s
2026-07-04 02:03:34,471 [DEBUG] [TIME] 9972 balance_sheet: 0.28s
2026-07-04 02:03:34,732 [DEBUG] [TIME] 9972 cashflow: 0.26s
2026-07-04 02:03:35,026 [DEBUG] [TIME] 9972 dividends: 0.29s
2026-07-04 02:03:35,027 [INFO] [DETAIL] 9972 アルテック: income_stmt=OK, balance_sheet=OK, cashflow=OK, dividends=OK
2026-07-04 02:03:35,027 [INFO] [TIME] 9972 アルテック 処理時間: 1.28s
2026-07-04 02:03:36,811 [DEBUG] [TIME] 9973 info: 0.25s
2026-07-04 02:03:36,811 [DEBUG] yfinance OK: 9973
2026-07-04 02:03:37,001 [DEBUG] [TIME] 9973 income_stmt: 0.19s
2026-07-04 02:03:37,294 [DEBUG] [TIME] 9973 balance_sheet: 0.29s
2026-07-04 02:03:37,552 [DEBUG] [TIME] 9973 cashflow: 0.26s
2026-07-04 02:03:37,964 [DEBUG] [TIME] 9973 dividends: 0.41s
2026-07-04 02:03:37,964 [INFO] [DETAIL] 9973 ＫＯＺＯホールディングス: income_stmt=OK, balance_sheet=OK, cashflow=OK, dividends=EMPTY
2026-07-04 02:03:37,964 [INFO] [TIME] 9973 ＫＯＺＯホールディングス 処理時間: 1.41s
2026-07-04 02:03:39,904 [DEBUG] [TIME] 9974 info: 0.18s
2026-07-04 02:03:39,904 [DEBUG] yfinance OK: 9974
2026-07-04 02:03:40,146 [DEBUG] [TIME] 9974 income_stmt: 0.24s
2026-07-04 02:03:40,446 [DEBUG] [TIME] 9974 balance_sheet: 0.30s
2026-07-04 02:03:40,665 [DEBUG] [TIME] 9974 cashflow: 0.22s
2026-07-04 02:03:41,104 [DEBUG] [TIME] 9974 dividends: 0.44s
2026-07-04 02:03:41,105 [INFO] [DETAIL] 9974 ベルク: income_stmt=OK, balance_sheet=OK, cashflow=OK, dividends=OK
2026-07-04 02:03:41,106 [INFO] [TIME] 9974 ベルク 処理時間: 1.38s
2026-07-04 02:03:42,634 [DEBUG] [TIME] 9976 info: 0.14s
2026-07-04 02:03:42,634 [DEBUG] yfinance OK: 9976
2026-07-04 02:03:42,879 [DEBUG] [TIME] 9976 income_stmt: 0.24s
2026-07-04 02:03:43,170 [DEBUG] [TIME] 9976 balance_sheet: 0.29s
2026-07-04 02:03:43,448 [DEBUG] [TIME] 9976 cashflow: 0.28s
2026-07-04 02:03:43,976 [DEBUG] [TIME] 9976 dividends: 0.53s
2026-07-04 02:03:43,978 [INFO] [DETAIL] 9976 セキチュー: income_stmt=OK, balance_sheet=OK, cashflow=OK, dividends=OK
2026-07-04 02:03:43,978 [INFO] [TIME] 9976 セキチュー 処理時間: 1.48s
2026-07-04 02:03:45,508 [DEBUG] [TIME] 9978 info: 0.14s
2026-07-04 02:03:45,508 [DEBUG] yfinance OK: 9978
2026-07-04 02:03:45,744 [DEBUG] [TIME] 9978 income_stmt: 0.24s
2026-07-04 02:03:46,029 [DEBUG] [TIME] 9978 balance_sheet: 0.28s
2026-07-04 02:03:46,297 [DEBUG] [TIME] 9978 cashflow: 0.27s
2026-07-04 02:03:46,483 [DEBUG] [TIME] 9978 dividends: 0.19s
2026-07-04 02:03:46,483 [INFO] [DETAIL] 9978 文教堂グループホールディングス: income_stmt=OK, balance_sheet=OK, cashflow=OK, dividends=EMPTY
2026-07-04 02:03:46,483 [INFO] [TIME] 9978 文教堂グループホールディングス 処理時間: 1.12s
2026-07-04 02:03:47,963 [DEBUG] [TIME] 9979 info: 0.19s
2026-07-04 02:03:47,963 [DEBUG] yfinance OK: 9979
2026-07-04 02:03:48,161 [DEBUG] [TIME] 9979 income_stmt: 0.20s
2026-07-04 02:03:48,398 [DEBUG] [TIME] 9979 balance_sheet: 0.24s
2026-07-04 02:03:48,596 [DEBUG] [TIME] 9979 cashflow: 0.20s
2026-07-04 02:03:48,881 [DEBUG] [TIME] 9979 dividends: 0.28s
2026-07-04 02:03:48,883 [INFO] [DETAIL] 9979 大庄: income_stmt=OK, balance_sheet=OK, cashflow=OK, dividends=OK
2026-07-04 02:03:48,883 [INFO] [TIME] 9979 大庄 処理時間: 1.11s
2026-07-04 02:03:51,017 [DEBUG] [TIME] 9980 info: 0.21s
2026-07-04 02:03:51,017 [DEBUG] yfinance OK: 9980
2026-07-04 02:03:51,202 [DEBUG] [TIME] 9980 income_stmt: 0.18s
2026-07-04 02:03:51,426 [DEBUG] [TIME] 9980 balance_sheet: 0.22s
2026-07-04 02:03:51,699 [DEBUG] [TIME] 9980 cashflow: 0.27s
2026-07-04 02:03:52,254 [DEBUG] [TIME] 9980 dividends: 0.55s
2026-07-04 02:03:52,255 [INFO] [DETAIL] 9980 ＭＲＫホールディングス: income_stmt=OK, balance_sheet=OK, cashflow=OK, dividends=OK
2026-07-04 02:03:52,255 [INFO] [TIME] 9980 ＭＲＫホールディングス 処理時間: 1.45s
2026-07-04 02:03:54,243 [DEBUG] [TIME] 9982 info: 0.21s
2026-07-04 02:03:54,243 [DEBUG] yfinance OK: 9982
2026-07-04 02:03:54,432 [DEBUG] [TIME] 9982 income_stmt: 0.19s
2026-07-04 02:03:54,829 [DEBUG] [TIME] 9982 balance_sheet: 0.40s
2026-07-04 02:03:55,073 [DEBUG] [TIME] 9982 cashflow: 0.24s
2026-07-04 02:03:55,623 [DEBUG] [TIME] 9982 dividends: 0.55s
2026-07-04 02:03:55,624 [INFO] [DETAIL] 9982 タキヒヨー: income_stmt=OK, balance_sheet=OK, cashflow=OK, dividends=OK
2026-07-04 02:03:55,624 [INFO] [TIME] 9982 タキヒヨー 処理時間: 1.59s
2026-07-04 02:03:57,378 [DEBUG] [TIME] 9983 info: 0.18s
2026-07-04 02:03:57,378 [DEBUG] yfinance OK: 9983
2026-07-04 02:03:57,592 [DEBUG] [TIME] 9983 income_stmt: 0.21s
2026-07-04 02:03:57,885 [DEBUG] [TIME] 9983 balance_sheet: 0.29s
2026-07-04 02:03:58,133 [DEBUG] [TIME] 9983 cashflow: 0.25s
2026-07-04 02:03:58,510 [DEBUG] [TIME] 9983 dividends: 0.38s
2026-07-04 02:03:58,511 [INFO] [DETAIL] 9983 ファーストリテイリング: income_stmt=OK, balance_sheet=OK, cashflow=OK, dividends=OK
2026-07-04 02:03:58,511 [INFO] [TIME] 9983 ファーストリテイリング 処理時間: 1.31s
2026-07-04 02:03:59,724 [DEBUG] [TIME] 9984 info: 0.16s
2026-07-04 02:03:59,724 [DEBUG] yfinance OK: 9984
2026-07-04 02:03:59,940 [DEBUG] [TIME] 9984 income_stmt: 0.22s
2026-07-04 02:04:00,223 [DEBUG] [TIME] 9984 balance_sheet: 0.28s
2026-07-04 02:04:00,454 [DEBUG] [TIME] 9984 cashflow: 0.23s
2026-07-04 02:04:01,009 [DEBUG] [TIME] 9984 dividends: 0.55s
2026-07-04 02:04:01,010 [INFO] [DETAIL] 9984 ソフトバンクグループ: income_stmt=OK, balance_sheet=OK, cashflow=OK, dividends=OK
2026-07-04 02:04:01,010 [INFO] [TIME] 9984 ソフトバンクグループ 処理時間: 1.45s
2026-07-04 02:04:02,221 [DEBUG] [TIME] 9986 info: 0.16s
2026-07-04 02:04:02,221 [DEBUG] yfinance OK: 9986
2026-07-04 02:04:02,514 [DEBUG] [TIME] 9986 income_stmt: 0.29s
2026-07-04 02:04:02,795 [DEBUG] [TIME] 9986 balance_sheet: 0.28s
2026-07-04 02:04:03,000 [DEBUG] [TIME] 9986 cashflow: 0.20s
2026-07-04 02:04:03,469 [DEBUG] [TIME] 9986 dividends: 0.47s
2026-07-04 02:04:03,470 [INFO] [DETAIL] 9986 蔵王産業: income_stmt=OK, balance_sheet=OK, cashflow=OK, dividends=OK
2026-07-04 02:04:03,470 [INFO] [TIME] 9986 蔵王産業 処理時間: 1.41s
2026-07-04 02:04:05,614 [DEBUG] [TIME] 9987 info: 0.18s
2026-07-04 02:04:05,614 [DEBUG] yfinance OK: 9987
2026-07-04 02:04:05,858 [DEBUG] [TIME] 9987 income_stmt: 0.24s
2026-07-04 02:04:06,153 [DEBUG] [TIME] 9987 balance_sheet: 0.29s
2026-07-04 02:04:06,397 [DEBUG] [TIME] 9987 cashflow: 0.24s
2026-07-04 02:04:06,726 [DEBUG] [TIME] 9987 dividends: 0.33s
2026-07-04 02:04:06,727 [INFO] [DETAIL] 9987 スズケン: income_stmt=OK, balance_sheet=OK, cashflow=OK, dividends=OK
2026-07-04 02:04:06,728 [INFO] [TIME] 9987 スズケン 処理時間: 1.30s
2026-07-04 02:04:07,998 [DEBUG] [TIME] 9989 info: 0.15s
2026-07-04 02:04:07,998 [DEBUG] yfinance OK: 9989
2026-07-04 02:04:08,178 [DEBUG] [TIME] 9989 income_stmt: 0.18s
2026-07-04 02:04:08,456 [DEBUG] [TIME] 9989 balance_sheet: 0.28s
2026-07-04 02:04:08,708 [DEBUG] [TIME] 9989 cashflow: 0.25s
2026-07-04 02:04:09,003 [DEBUG] [TIME] 9989 dividends: 0.29s
2026-07-04 02:04:09,004 [INFO] [DETAIL] 9989 サンドラッグ: income_stmt=OK, balance_sheet=OK, cashflow=OK, dividends=OK
2026-07-04 02:04:09,005 [INFO] [TIME] 9989 サンドラッグ 処理時間: 1.16s
2026-07-04 02:04:10,998 [DEBUG] [TIME] 9990 info: 0.19s
2026-07-04 02:04:10,998 [DEBUG] yfinance OK: 9990
2026-07-04 02:04:11,245 [DEBUG] [TIME] 9990 income_stmt: 0.25s
2026-07-04 02:04:11,519 [DEBUG] [TIME] 9990 balance_sheet: 0.27s
2026-07-04 02:04:11,735 [DEBUG] [TIME] 9990 cashflow: 0.22s
2026-07-04 02:04:12,350 [DEBUG] [TIME] 9990 dividends: 0.61s
2026-07-04 02:04:12,351 [INFO] [DETAIL] 9990 サックスバー　ホールディングス: income_stmt=OK, balance_sheet=OK, cashflow=OK, dividends=OK
2026-07-04 02:04:12,352 [INFO] [TIME] 9990 サックスバー　ホールディングス 処理時間: 1.54s
2026-07-04 02:04:13,604 [DEBUG] [TIME] 9991 info: 0.16s
2026-07-04 02:04:13,604 [DEBUG] yfinance OK: 9991
2026-07-04 02:04:13,861 [DEBUG] [TIME] 9991 income_stmt: 0.26s
2026-07-04 02:04:14,144 [DEBUG] [TIME] 9991 balance_sheet: 0.28s
2026-07-04 02:04:14,422 [DEBUG] [TIME] 9991 cashflow: 0.28s
2026-07-04 02:04:15,120 [DEBUG] [TIME] 9991 dividends: 0.70s
2026-07-04 02:04:15,121 [INFO] [DETAIL] 9991 ジェコス: income_stmt=OK, balance_sheet=OK, cashflow=OK, dividends=OK
2026-07-04 02:04:15,122 [INFO] [TIME] 9991 ジェコス 処理時間: 1.68s
2026-07-04 02:04:17,029 [DEBUG] [TIME] 9993 info: 0.19s
2026-07-04 02:04:17,029 [DEBUG] yfinance OK: 9993
2026-07-04 02:04:17,251 [DEBUG] [TIME] 9993 income_stmt: 0.22s
2026-07-04 02:04:17,561 [DEBUG] [TIME] 9993 balance_sheet: 0.31s
2026-07-04 02:04:17,809 [DEBUG] [TIME] 9993 cashflow: 0.25s
2026-07-04 02:04:18,095 [DEBUG] [TIME] 9993 dividends: 0.29s
2026-07-04 02:04:18,096 [INFO] [DETAIL] 9993 ヤマザワ: income_stmt=OK, balance_sheet=OK, cashflow=OK, dividends=OK
2026-07-04 02:04:18,096 [INFO] [TIME] 9993 ヤマザワ 処理時間: 1.26s
2026-07-04 02:04:19,701 [DEBUG] [TIME] 9994 info: 0.15s
2026-07-04 02:04:19,701 [DEBUG] yfinance OK: 9994
2026-07-04 02:04:19,873 [DEBUG] [TIME] 9994 income_stmt: 0.17s
2026-07-04 02:04:20,109 [DEBUG] [TIME] 9994 balance_sheet: 0.23s
2026-07-04 02:04:20,322 [DEBUG] [TIME] 9994 cashflow: 0.21s
2026-07-04 02:04:20,889 [DEBUG] [TIME] 9994 dividends: 0.57s
2026-07-04 02:04:20,890 [INFO] [DETAIL] 9994 やまや: income_stmt=OK, balance_sheet=OK, cashflow=OK, dividends=OK
2026-07-04 02:04:20,890 [INFO] [TIME] 9994 やまや 処理時間: 1.34s
2026-07-04 02:04:22,372 [DEBUG] [TIME] 9996 info: 0.21s
2026-07-04 02:04:22,372 [DEBUG] yfinance OK: 9996
2026-07-04 02:04:22,729 [DEBUG] [TIME] 9996 income_stmt: 0.36s
2026-07-04 02:04:23,126 [DEBUG] [TIME] 9996 balance_sheet: 0.40s
2026-07-04 02:04:23,467 [DEBUG] [TIME] 9996 cashflow: 0.34s
2026-07-04 02:04:23,910 [DEBUG] [TIME] 9996 dividends: 0.44s
2026-07-04 02:04:23,911 [INFO] [DETAIL] 9996 サトー商会: income_stmt=OK, balance_sheet=OK, cashflow=OK, dividends=OK
2026-07-04 02:04:23,912 [INFO] [TIME] 9996 サトー商会 処理時間: 1.75s
2026-07-04 02:04:25,287 [DEBUG] [TIME] 9997 info: 0.14s
2026-07-04 02:04:25,287 [DEBUG] yfinance OK: 9997
2026-07-04 02:04:25,621 [DEBUG] [TIME] 9997 income_stmt: 0.33s
2026-07-04 02:04:25,908 [DEBUG] [TIME] 9997 balance_sheet: 0.29s
2026-07-04 02:04:26,113 [DEBUG] [TIME] 9997 cashflow: 0.20s
2026-07-04 02:04:26,511 [DEBUG] [TIME] 9997 dividends: 0.40s
2026-07-04 02:04:26,512 [INFO] [DETAIL] 9997 ベルーナ: income_stmt=OK, balance_sheet=OK, cashflow=OK, dividends=OK
2026-07-04 02:04:26,512 [INFO] [TIME] 9997 ベルーナ 処理時間: 1.37s
2026-07-04 02:04:28,085 [INFO] === 実行完了 (yf=234, warns=25, 総実行時間=11分26.6秒) ===
