2026-07-05 01:04:02,251 [INFO] === 実行開始 (499銘柄) ===
2026-07-05 01:04:02,621 [DEBUG] [TIME] 1301 info: 0.37s
2026-07-05 01:04:02,621 [DEBUG] yfinance OK: 1301
2026-07-05 01:04:02,798 [DEBUG] [TIME] 1301 income_stmt: 0.18s
2026-07-05 01:04:03,090 [DEBUG] [TIME] 1301 balance_sheet: 0.29s
2026-07-05 01:04:03,301 [DEBUG] [TIME] 1301 cashflow: 0.21s
2026-07-05 01:04:03,665 [DEBUG] [TIME] 1301 dividends: 0.36s
2026-07-05 01:04:03,666 [INFO] [DETAIL] 1301 極洋: income_stmt=OK, balance_sheet=OK, cashflow=OK, dividends=OK
2026-07-05 01:04:03,666 [INFO] [TIME] 1301 極洋 処理時間: 1.42s
2026-07-05 01:04:05,102 [DEBUG] [TIME] 130A info: 0.14s
2026-07-05 01:04:05,102 [DEBUG] yfinance OK: 130A
2026-07-05 01:04:05,322 [DEBUG] [TIME] 130A income_stmt: 0.22s
2026-07-05 01:04:05,539 [DEBUG] [TIME] 130A balance_sheet: 0.22s
2026-07-05 01:04:05,761 [DEBUG] [TIME] 130A cashflow: 0.22s
2026-07-05 01:04:05,853 [DEBUG] [TIME] 130A dividends: 0.09s
2026-07-05 01:04:05,853 [INFO] [DETAIL] 130A Ｖｅｒｉｔａｓ　Ｉｎ　Ｓｉｌｉｃｏ: income_stmt=OK, balance_sheet=OK, cashflow=OK, dividends=EMPTY
2026-07-05 01:04:05,853 [INFO] [TIME] 130A Ｖｅｒｉｔａｓ　Ｉｎ　Ｓｉｌｉｃｏ 処理時間: 0.90s
2026-07-05 01:04:07,425 [DEBUG] [TIME] 1332 info: 0.15s
2026-07-05 01:04:07,425 [DEBUG] yfinance OK: 1332
2026-07-05 01:04:07,665 [DEBUG] [TIME] 1332 income_stmt: 0.24s
2026-07-05 01:04:07,909 [DEBUG] [TIME] 1332 balance_sheet: 0.24s
2026-07-05 01:04:08,121 [DEBUG] [TIME] 1332 cashflow: 0.21s
2026-07-05 01:04:08,429 [DEBUG] [TIME] 1332 dividends: 0.31s
2026-07-05 01:04:08,430 [INFO] [DETAIL] 1332 ニッスイ: income_stmt=OK, balance_sheet=OK, cashflow=OK, dividends=OK
2026-07-05 01:04:08,430 [INFO] [TIME] 1332 ニッスイ 処理時間: 1.15s
2026-07-05 01:04:09,597 [DEBUG] [TIME] 1333 info: 0.15s
2026-07-05 01:04:09,597 [DEBUG] yfinance OK: 1333
2026-07-05 01:04:09,810 [DEBUG] [TIME] 1333 income_stmt: 0.21s
2026-07-05 01:04:10,061 [DEBUG] [TIME] 1333 balance_sheet: 0.25s
2026-07-05 01:04:10,284 [DEBUG] [TIME] 1333 cashflow: 0.22s
2026-07-05 01:04:10,466 [DEBUG] [TIME] 1333 dividends: 0.18s
2026-07-05 01:04:10,467 [INFO] [DETAIL] 1333 Ｕｍｉｏｓ: income_stmt=OK, balance_sheet=OK, cashflow=OK, dividends=OK
2026-07-05 01:04:10,467 [INFO] [TIME] 1333 Ｕｍｉｏｓ 処理時間: 1.02s
2026-07-05 01:04:11,818 [DEBUG] [TIME] 135A info: 0.14s
2026-07-05 01:04:11,818 [DEBUG] yfinance OK: 135A
2026-07-05 01:04:12,026 [DEBUG] [TIME] 135A income_stmt: 0.21s
2026-07-05 01:04:12,254 [DEBUG] [TIME] 135A balance_sheet: 0.23s
2026-07-05 01:04:12,490 [DEBUG] [TIME] 135A cashflow: 0.24s
2026-07-05 01:04:12,590 [DEBUG] [TIME] 135A dividends: 0.10s
2026-07-05 01:04:12,590 [INFO] [DETAIL] 135A ＶＲＡＩＮ　Ｓｏｌｕｔｉｏｎ: income_stmt=OK, balance_sheet=OK, cashflow=OK, dividends=EMPTY
2026-07-05 01:04:12,590 [INFO] [TIME] 135A ＶＲＡＩＮ　Ｓｏｌｕｔｉｏｎ 処理時間: 0.91s
2026-07-05 01:04:14,389 [DEBUG] [TIME] 1375 info: 0.15s
2026-07-05 01:04:14,390 [DEBUG] yfinance OK: 1375
2026-07-05 01:04:14,576 [DEBUG] [TIME] 1375 income_stmt: 0.19s
2026-07-05 01:04:14,776 [DEBUG] [TIME] 1375 balance_sheet: 0.20s
2026-07-05 01:04:14,975 [DEBUG] [TIME] 1375 cashflow: 0.20s
2026-07-05 01:04:15,106 [DEBUG] [TIME] 1375 dividends: 0.13s
2026-07-05 01:04:15,107 [INFO] [DETAIL] 1375 ユキグニファクトリー: income_stmt=OK, balance_sheet=OK, cashflow=OK, dividends=OK
2026-07-05 01:04:15,107 [INFO] [TIME] 1375 ユキグニファクトリー 処理時間: 0.86s
2026-07-05 01:04:16,951 [DEBUG] [TIME] 1376 info: 0.15s
2026-07-05 01:04:16,951 [DEBUG] yfinance OK: 1376
2026-07-05 01:04:17,204 [DEBUG] [TIME] 1376 income_stmt: 0.25s
2026-07-05 01:04:17,421 [DEBUG] [TIME] 1376 balance_sheet: 0.22s
2026-07-05 01:04:17,624 [DEBUG] [TIME] 1376 cashflow: 0.20s
2026-07-05 01:04:17,955 [DEBUG] [TIME] 1376 dividends: 0.33s
2026-07-05 01:04:17,956 [INFO] [DETAIL] 1376 カネコ種苗: income_stmt=OK, balance_sheet=OK, cashflow=OK, dividends=OK
2026-07-05 01:04:17,956 [INFO] [TIME] 1376 カネコ種苗 処理時間: 1.16s
2026-07-05 01:04:19,545 [DEBUG] [TIME] 1377 info: 0.36s
2026-07-05 01:04:19,545 [DEBUG] yfinance OK: 1377
2026-07-05 01:04:19,702 [DEBUG] [TIME] 1377 income_stmt: 0.16s
2026-07-05 01:04:19,930 [DEBUG] [TIME] 1377 balance_sheet: 0.23s
2026-07-05 01:04:20,096 [DEBUG] [TIME] 1377 cashflow: 0.17s
2026-07-05 01:04:20,373 [DEBUG] [TIME] 1377 dividends: 0.28s
2026-07-05 01:04:20,374 [INFO] [DETAIL] 1377 サカタのタネ: income_stmt=OK, balance_sheet=OK, cashflow=OK, dividends=OK
2026-07-05 01:04:20,374 [INFO] [TIME] 1377 サカタのタネ 処理時間: 1.19s
2026-07-05 01:04:22,467 [DEBUG] [TIME] 1379 info: 0.15s
2026-07-05 01:04:22,467 [DEBUG] yfinance OK: 1379
2026-07-05 01:04:22,640 [DEBUG] [TIME] 1379 income_stmt: 0.17s
2026-07-05 01:04:22,872 [DEBUG] [TIME] 1379 balance_sheet: 0.23s
2026-07-05 01:04:23,071 [DEBUG] [TIME] 1379 cashflow: 0.20s
2026-07-05 01:04:23,468 [DEBUG] [TIME] 1379 dividends: 0.40s
2026-07-05 01:04:23,469 [INFO] [DETAIL] 1379 ホクト: income_stmt=OK, balance_sheet=OK, cashflow=OK, dividends=OK
2026-07-05 01:04:23,469 [INFO] [TIME] 1379 ホクト 処理時間: 1.15s
2026-07-05 01:04:24,795 [DEBUG] [TIME] 137A info: 0.16s
2026-07-05 01:04:24,795 [DEBUG] yfinance OK: 137A
2026-07-05 01:04:24,978 [DEBUG] [TIME] 137A income_stmt: 0.18s
2026-07-05 01:04:25,202 [DEBUG] [TIME] 137A balance_sheet: 0.22s
2026-07-05 01:04:25,388 [DEBUG] [TIME] 137A cashflow: 0.19s
2026-07-05 01:04:25,464 [DEBUG] [TIME] 137A dividends: 0.08s
2026-07-05 01:04:25,464 [INFO] [DETAIL] 137A Ｃｏｃｏｌｉｖｅ: income_stmt=OK, balance_sheet=OK, cashflow=OK, dividends=EMPTY
2026-07-05 01:04:25,465 [INFO] [TIME] 137A Ｃｏｃｏｌｉｖｅ 処理時間: 0.83s
2026-07-05 01:04:26,879 [DEBUG] [TIME] 1380 info: 0.14s
2026-07-05 01:04:26,879 [DEBUG] yfinance OK: 1380
2026-07-05 01:04:27,133 [DEBUG] [TIME] 1380 income_stmt: 0.25s
2026-07-05 01:04:27,390 [DEBUG] [TIME] 1380 balance_sheet: 0.26s
2026-07-05 01:04:27,605 [DEBUG] [TIME] 1380 cashflow: 0.21s
2026-07-05 01:04:27,865 [DEBUG] [TIME] 1380 dividends: 0.26s
2026-07-05 01:04:27,866 [INFO] [DETAIL] 1380 秋川牧園: income_stmt=OK, balance_sheet=OK, cashflow=OK, dividends=OK
2026-07-05 01:04:27,866 [INFO] [TIME] 1380 秋川牧園 処理時間: 1.13s
2026-07-05 01:04:29,979 [DEBUG] [TIME] 1381 info: 0.15s
2026-07-05 01:04:29,979 [DEBUG] yfinance OK: 1381
2026-07-05 01:04:30,151 [DEBUG] [TIME] 1381 income_stmt: 0.17s
2026-07-05 01:04:30,341 [DEBUG] [TIME] 1381 balance_sheet: 0.19s
2026-07-05 01:04:30,524 [DEBUG] [TIME] 1381 cashflow: 0.18s
2026-07-05 01:04:30,802 [DEBUG] [TIME] 1381 dividends: 0.28s
2026-07-05 01:04:30,803 [INFO] [DETAIL] 1381 アクシーズ: income_stmt=OK, balance_sheet=OK, cashflow=OK, dividends=OK
2026-07-05 01:04:30,803 [INFO] [TIME] 1381 アクシーズ 処理時間: 0.97s
2026-07-05 01:04:32,197 [DEBUG] [TIME] 1382 info: 0.15s
2026-07-05 01:04:32,197 [DEBUG] yfinance OK: 1382
2026-07-05 01:04:32,360 [DEBUG] [TIME] 1382 income_stmt: 0.16s
2026-07-05 01:04:32,561 [DEBUG] [TIME] 1382 balance_sheet: 0.20s
2026-07-05 01:04:32,789 [DEBUG] [TIME] 1382 cashflow: 0.23s
2026-07-05 01:04:33,072 [DEBUG] [TIME] 1382 dividends: 0.28s
2026-07-05 01:04:33,073 [INFO] [DETAIL] 1382 ホーブ: income_stmt=OK, balance_sheet=OK, cashflow=OK, dividends=OK
2026-07-05 01:04:33,073 [INFO] [TIME] 1382 ホーブ 処理時間: 1.02s
2026-07-05 01:04:35,145 [DEBUG] [TIME] 1383 info: 0.15s
2026-07-05 01:04:35,145 [DEBUG] yfinance OK: 1383
2026-07-05 01:04:35,317 [DEBUG] [TIME] 1383 income_stmt: 0.17s
2026-07-05 01:04:35,570 [DEBUG] [TIME] 1383 balance_sheet: 0.25s
2026-07-05 01:04:35,799 [DEBUG] [TIME] 1383 cashflow: 0.23s
2026-07-05 01:04:36,019 [DEBUG] [TIME] 1383 dividends: 0.22s
2026-07-05 01:04:36,020 [INFO] [DETAIL] 1383 ベルグアース: income_stmt=OK, balance_sheet=OK, cashflow=OK, dividends=OK
2026-07-05 01:04:36,020 [INFO] [TIME] 1383 ベルグアース 処理時間: 1.02s
2026-07-05 01:04:37,650 [DEBUG] [TIME] 1384 info: 0.17s
2026-07-05 01:04:37,651 [DEBUG] yfinance OK: 1384
2026-07-05 01:04:37,842 [DEBUG] [TIME] 1384 income_stmt: 0.19s
2026-07-05 01:04:38,135 [DEBUG] [TIME] 1384 balance_sheet: 0.29s
2026-07-05 01:04:38,324 [DEBUG] [TIME] 1384 cashflow: 0.19s
2026-07-05 01:04:38,459 [DEBUG] [TIME] 1384 dividends: 0.13s
2026-07-05 01:04:38,460 [INFO] [DETAIL] 1384 ホクリヨウ: income_stmt=OK, balance_sheet=OK, cashflow=OK, dividends=OK
2026-07-05 01:04:38,460 [INFO] [TIME] 1384 ホクリヨウ 処理時間: 0.98s
2026-07-05 01:04:40,346 [DEBUG] [TIME] 138A info: 0.14s
2026-07-05 01:04:40,346 [DEBUG] yfinance OK: 138A
2026-07-05 01:04:40,593 [DEBUG] [TIME] 138A income_stmt: 0.25s
2026-07-05 01:04:40,829 [DEBUG] [TIME] 138A balance_sheet: 0.23s
2026-07-05 01:04:41,043 [DEBUG] [TIME] 138A cashflow: 0.21s
2026-07-05 01:04:41,129 [DEBUG] [TIME] 138A dividends: 0.09s
2026-07-05 01:04:41,130 [INFO] [DETAIL] 138A 光フードサービス: income_stmt=OK, balance_sheet=OK, cashflow=OK, dividends=OK
2026-07-05 01:04:41,130 [INFO] [TIME] 138A 光フードサービス 処理時間: 0.92s
2026-07-05 01:04:43,108 [DEBUG] [TIME] 1401 info: 0.22s
2026-07-05 01:04:43,108 [DEBUG] yfinance OK: 1401
2026-07-05 01:04:43,351 [DEBUG] [TIME] 1401 income_stmt: 0.24s
2026-07-05 01:04:43,605 [DEBUG] [TIME] 1401 balance_sheet: 0.25s
2026-07-05 01:04:43,852 [DEBUG] [TIME] 1401 cashflow: 0.25s
2026-07-05 01:04:44,007 [DEBUG] [TIME] 1401 dividends: 0.15s
2026-07-05 01:04:44,008 [INFO] [DETAIL] 1401 エムビーエス: income_stmt=OK, balance_sheet=OK, cashflow=OK, dividends=OK
2026-07-05 01:04:44,008 [INFO] [TIME] 1401 エムビーエス 処理時間: 1.12s
2026-07-05 01:04:45,259 [DEBUG] [TIME] 1407 info: 0.14s
2026-07-05 01:04:45,259 [DEBUG] yfinance OK: 1407
2026-07-05 01:04:45,467 [DEBUG] [TIME] 1407 income_stmt: 0.21s
2026-07-05 01:04:45,737 [DEBUG] [TIME] 1407 balance_sheet: 0.27s
2026-07-05 01:04:45,992 [DEBUG] [TIME] 1407 cashflow: 0.25s
2026-07-05 01:04:46,313 [DEBUG] [TIME] 1407 dividends: 0.32s
2026-07-05 01:04:46,314 [INFO] [DETAIL] 1407 ウエストホールディングス: income_stmt=OK, balance_sheet=OK, cashflow=OK, dividends=OK
2026-07-05 01:04:46,314 [INFO] [TIME] 1407 ウエストホールディングス 処理時間: 1.20s
2026-07-05 01:04:48,027 [DEBUG] [TIME] 1414 info: 0.15s
2026-07-05 01:04:48,027 [DEBUG] yfinance OK: 1414
2026-07-05 01:04:48,221 [DEBUG] [TIME] 1414 income_stmt: 0.19s
2026-07-05 01:04:48,478 [DEBUG] [TIME] 1414 balance_sheet: 0.26s
2026-07-05 01:04:48,661 [DEBUG] [TIME] 1414 cashflow: 0.18s
2026-07-05 01:04:48,890 [DEBUG] [TIME] 1414 dividends: 0.23s
2026-07-05 01:04:48,891 [INFO] [DETAIL] 1414 ショーボンドホールディングス: income_stmt=OK, balance_sheet=OK, cashflow=OK, dividends=OK
2026-07-05 01:04:48,891 [INFO] [TIME] 1414 ショーボンドホールディングス 処理時間: 1.01s
2026-07-05 01:04:50,965 [DEBUG] [TIME] 1417 info: 0.17s
2026-07-05 01:04:50,965 [DEBUG] yfinance OK: 1417
2026-07-05 01:04:51,141 [DEBUG] [TIME] 1417 income_stmt: 0.18s
2026-07-05 01:04:51,390 [DEBUG] [TIME] 1417 balance_sheet: 0.25s
2026-07-05 01:04:51,593 [DEBUG] [TIME] 1417 cashflow: 0.20s
2026-07-05 01:04:51,812 [DEBUG] [TIME] 1417 dividends: 0.22s
2026-07-05 01:04:51,813 [INFO] [DETAIL] 1417 ミライト・ワン: income_stmt=OK, balance_sheet=OK, cashflow=OK, dividends=OK
2026-07-05 01:04:51,813 [INFO] [TIME] 1417 ミライト・ワン 処理時間: 1.02s
2026-07-05 01:04:53,535 [DEBUG] [TIME] 1418 info: 0.26s
2026-07-05 01:04:53,536 [DEBUG] yfinance OK: 1418
2026-07-05 01:04:53,717 [DEBUG] [TIME] 1418 income_stmt: 0.18s
2026-07-05 01:04:53,960 [DEBUG] [TIME] 1418 balance_sheet: 0.24s
2026-07-05 01:04:54,147 [DEBUG] [TIME] 1418 cashflow: 0.19s
2026-07-05 01:04:54,359 [DEBUG] [TIME] 1418 dividends: 0.21s
2026-07-05 01:04:54,360 [INFO] [DETAIL] 1418 インターライフホールディングス: income_stmt=OK, balance_sheet=OK, cashflow=OK, dividends=OK
2026-07-05 01:04:54,360 [INFO] [TIME] 1418 インターライフホールディングス 処理時間: 1.09s
2026-07-05 01:04:56,086 [DEBUG] [TIME] 1419 info: 0.18s
2026-07-05 01:04:56,086 [DEBUG] yfinance OK: 1419
2026-07-05 01:04:56,280 [DEBUG] [TIME] 1419 income_stmt: 0.19s
2026-07-05 01:04:56,489 [DEBUG] [TIME] 1419 balance_sheet: 0.21s
2026-07-05 01:04:56,743 [DEBUG] [TIME] 1419 cashflow: 0.25s
2026-07-05 01:04:56,955 [DEBUG] [TIME] 1419 dividends: 0.21s
2026-07-05 01:04:56,956 [INFO] [DETAIL] 1419 タマホーム: income_stmt=OK, balance_sheet=OK, cashflow=OK, dividends=OK
2026-07-05 01:04:56,956 [INFO] [TIME] 1419 タマホーム 処理時間: 1.05s
2026-07-05 01:04:59,058 [DEBUG] [TIME] 141A info: 0.14s
2026-07-05 01:04:59,058 [DEBUG] yfinance OK: 141A
2026-07-05 01:04:59,343 [DEBUG] [TIME] 141A income_stmt: 0.28s
2026-07-05 01:04:59,560 [DEBUG] [TIME] 141A balance_sheet: 0.22s
2026-07-05 01:04:59,730 [DEBUG] [TIME] 141A cashflow: 0.17s
2026-07-05 01:04:59,854 [DEBUG] [TIME] 141A dividends: 0.12s
2026-07-05 01:04:59,855 [INFO] [DETAIL] 141A トライアルホールディングス: income_stmt=OK, balance_sheet=OK, cashflow=OK, dividends=OK
2026-07-05 01:04:59,855 [INFO] [TIME] 141A トライアルホールディングス 処理時間: 0.94s
2026-07-05 01:05:01,263 [DEBUG] [TIME] 1420 info: 0.19s
2026-07-05 01:05:01,263 [DEBUG] yfinance OK: 1420
2026-07-05 01:05:01,462 [DEBUG] [TIME] 1420 income_stmt: 0.20s
2026-07-05 01:05:01,735 [DEBUG] [TIME] 1420 balance_sheet: 0.27s
2026-07-05 01:05:01,923 [DEBUG] [TIME] 1420 cashflow: 0.19s
2026-07-05 01:05:02,108 [DEBUG] [TIME] 1420 dividends: 0.19s
2026-07-05 01:05:02,109 [INFO] [DETAIL] 1420 サンヨーホームズ: income_stmt=OK, balance_sheet=OK, cashflow=OK, dividends=OK
2026-07-05 01:05:02,109 [INFO] [TIME] 1420 サンヨーホームズ 処理時間: 1.03s
2026-07-05 01:05:03,741 [DEBUG] [TIME] 1429 info: 0.14s
2026-07-05 01:05:03,741 [DEBUG] yfinance OK: 1429
2026-07-05 01:05:03,928 [DEBUG] [TIME] 1429 income_stmt: 0.19s
2026-07-05 01:05:04,170 [DEBUG] [TIME] 1429 balance_sheet: 0.24s
2026-07-05 01:05:04,376 [DEBUG] [TIME] 1429 cashflow: 0.21s
2026-07-05 01:05:04,646 [DEBUG] [TIME] 1429 dividends: 0.27s
2026-07-05 01:05:04,647 [INFO] [DETAIL] 1429 日本アクア: income_stmt=OK, balance_sheet=OK, cashflow=OK, dividends=OK
2026-07-05 01:05:04,647 [INFO] [TIME] 1429 日本アクア 処理時間: 1.05s
2026-07-05 01:05:06,141 [DEBUG] [TIME] 142A info: 0.17s
2026-07-05 01:05:06,141 [DEBUG] yfinance OK: 142A
2026-07-05 01:05:06,338 [DEBUG] [TIME] 142A income_stmt: 0.20s
2026-07-05 01:05:06,593 [DEBUG] [TIME] 142A balance_sheet: 0.25s
2026-07-05 01:05:06,805 [DEBUG] [TIME] 142A cashflow: 0.21s
2026-07-05 01:05:06,931 [DEBUG] [TIME] 142A dividends: 0.13s
2026-07-05 01:05:06,931 [INFO] [DETAIL] 142A ジンジブ: income_stmt=OK, balance_sheet=OK, cashflow=OK, dividends=EMPTY
2026-07-05 01:05:06,931 [INFO] [TIME] 142A ジンジブ 処理時間: 0.96s
2026-07-05 01:05:08,929 [DEBUG] [TIME] 1430 info: 0.15s
2026-07-05 01:05:08,930 [DEBUG] yfinance OK: 1430
2026-07-05 01:05:09,115 [DEBUG] [TIME] 1430 income_stmt: 0.18s
2026-07-05 01:05:09,364 [DEBUG] [TIME] 1430 balance_sheet: 0.25s
2026-07-05 01:05:09,576 [DEBUG] [TIME] 1430 cashflow: 0.21s
2026-07-05 01:05:09,751 [DEBUG] [TIME] 1430 dividends: 0.17s
2026-07-05 01:05:09,752 [INFO] [DETAIL] 1430 ファーストコーポレーション: income_stmt=OK, balance_sheet=OK, cashflow=OK, dividends=OK
2026-07-05 01:05:09,752 [INFO] [TIME] 1430 ファーストコーポレーション 処理時間: 0.97s
2026-07-05 01:05:11,634 [DEBUG] [TIME] 1431 info: 0.19s
2026-07-05 01:05:11,634 [DEBUG] yfinance OK: 1431
2026-07-05 01:05:11,869 [DEBUG] [TIME] 1431 income_stmt: 0.24s
2026-07-05 01:05:12,103 [DEBUG] [TIME] 1431 balance_sheet: 0.23s
2026-07-05 01:05:12,301 [DEBUG] [TIME] 1431 cashflow: 0.20s
2026-07-05 01:05:12,434 [DEBUG] [TIME] 1431 dividends: 0.13s
2026-07-05 01:05:12,435 [INFO] [DETAIL] 1431 Ｌｉｂ　Ｗｏｒｋ: income_stmt=OK, balance_sheet=OK, cashflow=OK, dividends=OK
2026-07-05 01:05:12,435 [INFO] [TIME] 1431 Ｌｉｂ　Ｗｏｒｋ 処理時間: 0.99s
2026-07-05 01:05:14,130 [DEBUG] [TIME] 1433 info: 0.20s
2026-07-05 01:05:14,130 [DEBUG] yfinance OK: 1433
2026-07-05 01:05:14,335 [DEBUG] [TIME] 1433 income_stmt: 0.20s
2026-07-05 01:05:14,580 [DEBUG] [TIME] 1433 balance_sheet: 0.24s
2026-07-05 01:05:14,783 [DEBUG] [TIME] 1433 cashflow: 0.20s
2026-07-05 01:05:15,020 [DEBUG] [TIME] 1433 dividends: 0.24s
2026-07-05 01:05:15,021 [INFO] [DETAIL] 1433 ベステラ: income_stmt=OK, balance_sheet=OK, cashflow=OK, dividends=OK
2026-07-05 01:05:15,021 [INFO] [TIME] 1433 ベステラ 処理時間: 1.10s
2026-07-05 01:05:16,667 [DEBUG] [TIME] 1434 info: 0.18s
2026-07-05 01:05:16,667 [DEBUG] yfinance OK: 1434
2026-07-05 01:05:16,843 [DEBUG] [TIME] 1434 income_stmt: 0.18s
2026-07-05 01:05:17,066 [DEBUG] [TIME] 1434 balance_sheet: 0.22s
2026-07-05 01:05:17,279 [DEBUG] [TIME] 1434 cashflow: 0.21s
2026-07-05 01:05:17,451 [DEBUG] [TIME] 1434 dividends: 0.17s
2026-07-05 01:05:17,452 [INFO] [DETAIL] 1434 ＪＥＳＣＯホールディングス: income_stmt=OK, balance_sheet=OK, cashflow=OK, dividends=OK
2026-07-05 01:05:17,452 [INFO] [TIME] 1434 ＪＥＳＣＯホールディングス 処理時間: 0.97s
2026-07-05 01:05:18,883 [DEBUG] [TIME] 1435 info: 0.14s
2026-07-05 01:05:18,883 [DEBUG] yfinance OK: 1435
2026-07-05 01:05:19,103 [DEBUG] [TIME] 1435 income_stmt: 0.22s
2026-07-05 01:05:19,362 [DEBUG] [TIME] 1435 balance_sheet: 0.26s
2026-07-05 01:05:19,575 [DEBUG] [TIME] 1435 cashflow: 0.21s
2026-07-05 01:05:19,762 [DEBUG] [TIME] 1435 dividends: 0.19s
2026-07-05 01:05:19,762 [INFO] [DETAIL] 1435 ｒｏｂｏｔ　ｈｏｍｅ: income_stmt=OK, balance_sheet=OK, cashflow=OK, dividends=OK
2026-07-05 01:05:19,763 [INFO] [TIME] 1435 ｒｏｂｏｔ　ｈｏｍｅ 処理時間: 1.02s
2026-07-05 01:05:21,752 [DEBUG] [TIME] 1436 info: 0.14s
2026-07-05 01:05:21,753 [DEBUG] yfinance OK: 1436
2026-07-05 01:05:21,930 [DEBUG] [TIME] 1436 income_stmt: 0.18s
2026-07-05 01:05:22,135 [DEBUG] [TIME] 1436 balance_sheet: 0.20s
2026-07-05 01:05:22,368 [DEBUG] [TIME] 1436 cashflow: 0.23s
2026-07-05 01:05:22,538 [DEBUG] [TIME] 1436 dividends: 0.17s
2026-07-05 01:05:22,539 [INFO] [DETAIL] 1436 グリーンエナジー＆カンパニー: income_stmt=OK, balance_sheet=OK, cashflow=OK, dividends=OK
2026-07-05 01:05:22,539 [INFO] [TIME] 1436 グリーンエナジー＆カンパニー 処理時間: 0.93s
2026-07-05 01:05:24,135 [DEBUG] [TIME] 1438 info: 0.15s
2026-07-05 01:05:24,135 [DEBUG] yfinance OK: 1438
2026-07-05 01:05:24,396 [DEBUG] [TIME] 1438 income_stmt: 0.26s
2026-07-05 01:05:24,888 [DEBUG] [TIME] 1438 balance_sheet: 0.49s
2026-07-05 01:05:25,175 [DEBUG] [TIME] 1438 cashflow: 0.29s
2026-07-05 01:05:25,535 [DEBUG] [TIME] 1438 dividends: 0.36s
2026-07-05 01:05:25,536 [INFO] [DETAIL] 1438 岐阜造園: income_stmt=OK, balance_sheet=OK, cashflow=OK, dividends=OK
2026-07-05 01:05:25,536 [INFO] [TIME] 1438 岐阜造園 処理時間: 1.55s
2026-07-05 01:05:27,024 [DEBUG] [TIME] 143A info: 0.14s
2026-07-05 01:05:27,024 [DEBUG] yfinance OK: 143A
2026-07-05 01:05:27,206 [DEBUG] [TIME] 143A income_stmt: 0.18s
2026-07-05 01:05:27,428 [DEBUG] [TIME] 143A balance_sheet: 0.22s
2026-07-05 01:05:27,654 [DEBUG] [TIME] 143A cashflow: 0.23s
2026-07-05 01:05:27,754 [DEBUG] [TIME] 143A dividends: 0.10s
2026-07-05 01:05:27,754 [INFO] [DETAIL] 143A イシン: income_stmt=OK, balance_sheet=OK, cashflow=OK, dividends=EMPTY
2026-07-05 01:05:27,754 [INFO] [TIME] 143A イシン 処理時間: 0.87s
2026-07-05 01:05:29,854 [DEBUG] [TIME] 1443 info: 0.14s
2026-07-05 01:05:29,854 [DEBUG] yfinance OK: 1443
2026-07-05 01:05:30,013 [DEBUG] [TIME] 1443 income_stmt: 0.16s
2026-07-05 01:05:30,240 [DEBUG] [TIME] 1443 balance_sheet: 0.23s
2026-07-05 01:05:30,405 [DEBUG] [TIME] 1443 cashflow: 0.16s
2026-07-05 01:05:30,561 [DEBUG] [TIME] 1443 dividends: 0.16s
2026-07-05 01:05:30,562 [INFO] [DETAIL] 1443 技研ホールディングス: income_stmt=OK, balance_sheet=OK, cashflow=OK, dividends=OK
2026-07-05 01:05:30,562 [INFO] [TIME] 1443 技研ホールディングス 処理時間: 0.85s
2026-07-05 01:05:32,369 [DEBUG] [TIME] 1444 info: 0.14s
2026-07-05 01:05:32,370 [DEBUG] yfinance OK: 1444
2026-07-05 01:05:32,574 [DEBUG] [TIME] 1444 income_stmt: 0.20s
2026-07-05 01:05:32,828 [DEBUG] [TIME] 1444 balance_sheet: 0.25s
2026-07-05 01:05:33,084 [DEBUG] [TIME] 1444 cashflow: 0.26s
2026-07-05 01:05:33,164 [DEBUG] [TIME] 1444 dividends: 0.08s
2026-07-05 01:05:33,164 [INFO] [DETAIL] 1444 ニッソウ: income_stmt=OK, balance_sheet=OK, cashflow=OK, dividends=EMPTY
2026-07-05 01:05:33,164 [INFO] [TIME] 1444 ニッソウ 処理時間: 0.94s
2026-07-05 01:05:35,224 [DEBUG] [TIME] 1446 info: 0.18s
2026-07-05 01:05:35,224 [DEBUG] yfinance OK: 1446
2026-07-05 01:05:35,416 [DEBUG] [TIME] 1446 income_stmt: 0.19s
2026-07-05 01:05:35,658 [DEBUG] [TIME] 1446 balance_sheet: 0.24s
2026-07-05 01:05:35,860 [DEBUG] [TIME] 1446 cashflow: 0.20s
2026-07-05 01:05:36,012 [DEBUG] [TIME] 1446 dividends: 0.15s
2026-07-05 01:05:36,013 [INFO] [DETAIL] 1446 キャンディル: income_stmt=OK, balance_sheet=OK, cashflow=OK, dividends=OK
2026-07-05 01:05:36,013 [INFO] [TIME] 1446 キャンディル 処理時間: 0.97s
2026-07-05 01:05:37,731 [DEBUG] [TIME] 1447 info: 0.14s
2026-07-05 01:05:37,731 [DEBUG] yfinance OK: 1447
2026-07-05 01:05:37,908 [DEBUG] [TIME] 1447 income_stmt: 0.18s
2026-07-05 01:05:38,132 [DEBUG] [TIME] 1447 balance_sheet: 0.22s
2026-07-05 01:05:38,342 [DEBUG] [TIME] 1447 cashflow: 0.21s
2026-07-05 01:05:38,519 [DEBUG] [TIME] 1447 dividends: 0.18s
2026-07-05 01:05:38,519 [INFO] [DETAIL] 1447 ＳＡＡＦホールディングス: income_stmt=OK, balance_sheet=OK, cashflow=OK, dividends=OK
2026-07-05 01:05:38,519 [INFO] [TIME] 1447 ＳＡＡＦホールディングス 処理時間: 0.93s
2026-07-05 01:05:40,102 [DEBUG] [TIME] 1450 info: 0.18s
2026-07-05 01:05:40,103 [DEBUG] yfinance OK: 1450
2026-07-05 01:05:40,302 [DEBUG] [TIME] 1450 income_stmt: 0.20s
2026-07-05 01:05:40,540 [DEBUG] [TIME] 1450 balance_sheet: 0.24s
2026-07-05 01:05:40,750 [DEBUG] [TIME] 1450 cashflow: 0.21s
2026-07-05 01:05:40,917 [DEBUG] [TIME] 1450 dividends: 0.17s
2026-07-05 01:05:40,918 [INFO] [DETAIL] 1450 ＴＡＮＡＫＥＮ: income_stmt=OK, balance_sheet=OK, cashflow=OK, dividends=OK
2026-07-05 01:05:40,918 [INFO] [TIME] 1450 ＴＡＮＡＫＥＮ 処理時間: 0.99s
2026-07-05 01:05:42,844 [DEBUG] [TIME] 145A info: 0.17s
2026-07-05 01:05:42,844 [DEBUG] yfinance OK: 145A
2026-07-05 01:05:43,041 [DEBUG] [TIME] 145A income_stmt: 0.20s
2026-07-05 01:05:43,294 [DEBUG] [TIME] 145A balance_sheet: 0.25s
2026-07-05 01:05:43,504 [DEBUG] [TIME] 145A cashflow: 0.21s
2026-07-05 01:05:43,592 [DEBUG] [TIME] 145A dividends: 0.09s
2026-07-05 01:05:43,592 [INFO] [DETAIL] 145A Ｌ　ｉｓ　Ｂ: income_stmt=OK, balance_sheet=OK, cashflow=OK, dividends=EMPTY
2026-07-05 01:05:43,592 [INFO] [TIME] 145A Ｌ　ｉｓ　Ｂ 処理時間: 0.92s
2026-07-05 01:05:45,713 [DEBUG] [TIME] 146A info: 0.21s
2026-07-05 01:05:45,714 [DEBUG] yfinance OK: 146A
2026-07-05 01:05:45,899 [DEBUG] [TIME] 146A income_stmt: 0.19s
2026-07-05 01:05:46,116 [DEBUG] [TIME] 146A balance_sheet: 0.22s
2026-07-05 01:05:46,315 [DEBUG] [TIME] 146A cashflow: 0.20s
2026-07-05 01:05:46,450 [DEBUG] [TIME] 146A dividends: 0.13s
2026-07-05 01:05:46,451 [INFO] [DETAIL] 146A コロンビア・ワークス: income_stmt=OK, balance_sheet=OK, cashflow=OK, dividends=OK
2026-07-05 01:05:46,451 [INFO] [TIME] 146A コロンビア・ワークス 処理時間: 0.95s
2026-07-05 01:05:47,964 [DEBUG] [TIME] 147A info: 0.15s
2026-07-05 01:05:47,965 [DEBUG] yfinance OK: 147A
2026-07-05 01:05:48,131 [DEBUG] [TIME] 147A income_stmt: 0.17s
2026-07-05 01:05:48,335 [DEBUG] [TIME] 147A balance_sheet: 0.20s
2026-07-05 01:05:48,543 [DEBUG] [TIME] 147A cashflow: 0.21s
2026-07-05 01:05:48,624 [DEBUG] [TIME] 147A dividends: 0.08s
2026-07-05 01:05:48,624 [INFO] [DETAIL] 147A ソラコム: income_stmt=OK, balance_sheet=OK, cashflow=OK, dividends=EMPTY
2026-07-05 01:05:48,624 [INFO] [TIME] 147A ソラコム 処理時間: 0.81s
2026-07-05 01:05:49,769 [DEBUG] [TIME] 148A info: 0.14s
2026-07-05 01:05:49,770 [DEBUG] yfinance OK: 148A
2026-07-05 01:05:49,938 [DEBUG] [TIME] 148A income_stmt: 0.17s
2026-07-05 01:05:50,354 [DEBUG] [TIME] 148A balance_sheet: 0.41s
2026-07-05 01:05:50,716 [DEBUG] [TIME] 148A cashflow: 0.36s
2026-07-05 01:05:50,806 [DEBUG] [TIME] 148A dividends: 0.09s
2026-07-05 01:05:50,806 [INFO] [DETAIL] 148A ハッチ・ワーク: income_stmt=OK, balance_sheet=OK, cashflow=OK, dividends=EMPTY
2026-07-05 01:05:50,806 [INFO] [TIME] 148A ハッチ・ワーク 処理時間: 1.17s
2026-07-05 01:05:52,951 [DEBUG] [TIME] 1491 info: 0.14s
2026-07-05 01:05:52,951 [DEBUG] yfinance OK: 1491
2026-07-05 01:05:53,111 [DEBUG] [TIME] 1491 income_stmt: 0.16s
2026-07-05 01:05:53,343 [DEBUG] [TIME] 1491 balance_sheet: 0.23s
2026-07-05 01:05:53,543 [DEBUG] [TIME] 1491 cashflow: 0.20s
2026-07-05 01:05:53,728 [DEBUG] [TIME] 1491 dividends: 0.19s
2026-07-05 01:05:53,729 [INFO] [DETAIL] 1491 中外鉱業: income_stmt=OK, balance_sheet=OK, cashflow=OK, dividends=OK
2026-07-05 01:05:53,729 [INFO] [TIME] 1491 中外鉱業 処理時間: 0.92s
2026-07-05 01:05:55,483 [DEBUG] [TIME] 149A info: 0.14s
2026-07-05 01:05:55,483 [DEBUG] yfinance OK: 149A
2026-07-05 01:05:55,683 [DEBUG] [TIME] 149A income_stmt: 0.20s
2026-07-05 01:05:55,940 [DEBUG] [TIME] 149A balance_sheet: 0.26s
2026-07-05 01:05:56,129 [DEBUG] [TIME] 149A cashflow: 0.19s
2026-07-05 01:05:56,282 [DEBUG] [TIME] 149A dividends: 0.15s
2026-07-05 01:05:56,282 [INFO] [DETAIL] 149A シンカ: income_stmt=OK, balance_sheet=OK, cashflow=OK, dividends=EMPTY
2026-07-05 01:05:56,282 [INFO] [TIME] 149A シンカ 処理時間: 0.94s
2026-07-05 01:05:57,700 [DEBUG] [TIME] 150A info: 0.18s
2026-07-05 01:05:57,700 [DEBUG] yfinance OK: 150A
2026-07-05 01:05:57,899 [DEBUG] [TIME] 150A income_stmt: 0.20s
2026-07-05 01:05:58,151 [DEBUG] [TIME] 150A balance_sheet: 0.25s
2026-07-05 01:05:58,361 [DEBUG] [TIME] 150A cashflow: 0.21s
2026-07-05 01:05:58,461 [DEBUG] [TIME] 150A dividends: 0.10s
2026-07-05 01:05:58,461 [INFO] [DETAIL] 150A ＪＳＨ: income_stmt=OK, balance_sheet=OK, cashflow=OK, dividends=EMPTY
2026-07-05 01:05:58,461 [INFO] [TIME] 150A ＪＳＨ 処理時間: 0.94s
2026-07-05 01:06:00,380 [DEBUG] [TIME] 1514 info: 0.14s
2026-07-05 01:06:00,380 [DEBUG] yfinance OK: 1514
2026-07-05 01:06:00,579 [DEBUG] [TIME] 1514 income_stmt: 0.20s
2026-07-05 01:06:00,855 [DEBUG] [TIME] 1514 balance_sheet: 0.27s
2026-07-05 01:06:01,048 [DEBUG] [TIME] 1514 cashflow: 0.19s
2026-07-05 01:06:01,288 [DEBUG] [TIME] 1514 dividends: 0.24s
2026-07-05 01:06:01,289 [INFO] [DETAIL] 1514 住石ホールディングス: income_stmt=OK, balance_sheet=OK, cashflow=OK, dividends=OK
2026-07-05 01:06:01,289 [INFO] [TIME] 1514 住石ホールディングス 処理時間: 1.05s
2026-07-05 01:06:02,453 [DEBUG] [TIME] 1515 info: 0.15s
2026-07-05 01:06:02,453 [DEBUG] yfinance OK: 1515
2026-07-05 01:06:02,647 [DEBUG] [TIME] 1515 income_stmt: 0.19s
2026-07-05 01:06:02,920 [DEBUG] [TIME] 1515 balance_sheet: 0.27s
2026-07-05 01:06:03,209 [DEBUG] [TIME] 1515 cashflow: 0.29s
2026-07-05 01:06:03,494 [DEBUG] [TIME] 1515 dividends: 0.29s
2026-07-05 01:06:03,495 [INFO] [DETAIL] 1515 日鉄鉱業: income_stmt=OK, balance_sheet=OK, cashflow=OK, dividends=OK
2026-07-05 01:06:03,495 [INFO] [TIME] 1515 日鉄鉱業 処理時間: 1.19s
2026-07-05 01:06:04,836 [DEBUG] [TIME] 1518 info: 0.15s
2026-07-05 01:06:04,836 [DEBUG] yfinance OK: 1518
2026-07-05 01:06:05,047 [DEBUG] [TIME] 1518 income_stmt: 0.21s
2026-07-05 01:06:05,274 [DEBUG] [TIME] 1518 balance_sheet: 0.23s
2026-07-05 01:06:05,472 [DEBUG] [TIME] 1518 cashflow: 0.20s
2026-07-05 01:06:05,747 [DEBUG] [TIME] 1518 dividends: 0.27s
2026-07-05 01:06:05,748 [INFO] [DETAIL] 1518 三井松島ホールディングス: income_stmt=OK, balance_sheet=OK, cashflow=OK, dividends=OK
2026-07-05 01:06:05,748 [INFO] [TIME] 1518 三井松島ホールディングス 処理時間: 1.06s
2026-07-05 01:06:07,694 [DEBUG] [TIME] 151A info: 0.17s
2026-07-05 01:06:07,694 [DEBUG] yfinance OK: 151A
2026-07-05 01:06:07,887 [DEBUG] [TIME] 151A income_stmt: 0.19s
2026-07-05 01:06:08,087 [DEBUG] [TIME] 151A balance_sheet: 0.20s
2026-07-05 01:06:08,275 [DEBUG] [TIME] 151A cashflow: 0.19s
2026-07-05 01:06:08,359 [DEBUG] [TIME] 151A dividends: 0.08s
2026-07-05 01:06:08,360 [INFO] [DETAIL] 151A ダイブ: income_stmt=OK, balance_sheet=OK, cashflow=OK, dividends=EMPTY
2026-07-05 01:06:08,360 [INFO] [TIME] 151A ダイブ 処理時間: 0.84s
2026-07-05 01:06:09,825 [DEBUG] [TIME] 153A info: 0.14s
2026-07-05 01:06:09,825 [DEBUG] yfinance OK: 153A
2026-07-05 01:06:10,012 [DEBUG] [TIME] 153A income_stmt: 0.19s
2026-07-05 01:06:10,253 [DEBUG] [TIME] 153A balance_sheet: 0.24s
2026-07-05 01:06:10,459 [DEBUG] [TIME] 153A cashflow: 0.21s
2026-07-05 01:06:10,659 [DEBUG] [TIME] 153A dividends: 0.20s
2026-07-05 01:06:10,660 [INFO] [DETAIL] 153A カウリス: income_stmt=OK, balance_sheet=OK, cashflow=OK, dividends=OK
2026-07-05 01:06:10,660 [INFO] [TIME] 153A カウリス 処理時間: 0.98s
2026-07-05 01:06:12,488 [DEBUG] [TIME] 155A info: 0.15s
2026-07-05 01:06:12,488 [DEBUG] yfinance OK: 155A
2026-07-05 01:06:12,672 [DEBUG] [TIME] 155A income_stmt: 0.18s
2026-07-05 01:06:12,888 [DEBUG] [TIME] 155A balance_sheet: 0.22s
2026-07-05 01:06:13,106 [DEBUG] [TIME] 155A cashflow: 0.22s
2026-07-05 01:06:13,227 [DEBUG] [TIME] 155A dividends: 0.12s
2026-07-05 01:06:13,227 [INFO] [DETAIL] 155A 情報戦略テクノロジー: income_stmt=OK, balance_sheet=OK, cashflow=OK, dividends=EMPTY
2026-07-05 01:06:13,227 [INFO] [TIME] 155A 情報戦略テクノロジー 処理時間: 0.89s
2026-07-05 01:06:14,897 [DEBUG] [TIME] 156A info: 0.15s
2026-07-05 01:06:14,897 [DEBUG] yfinance OK: 156A
2026-07-05 01:06:15,087 [DEBUG] [TIME] 156A income_stmt: 0.19s
2026-07-05 01:06:15,294 [DEBUG] [TIME] 156A balance_sheet: 0.21s
2026-07-05 01:06:15,473 [DEBUG] [TIME] 156A cashflow: 0.18s
2026-07-05 01:06:15,554 [DEBUG] [TIME] 156A dividends: 0.08s
2026-07-05 01:06:15,555 [INFO] [DETAIL] 156A マテリアルグループ: income_stmt=OK, balance_sheet=OK, cashflow=OK, dividends=OK
2026-07-05 01:06:15,555 [INFO] [TIME] 156A マテリアルグループ 処理時間: 0.81s
2026-07-05 01:06:17,056 [DEBUG] [TIME] 157A info: 0.14s
2026-07-05 01:06:17,056 [DEBUG] yfinance OK: 157A
2026-07-05 01:06:17,221 [DEBUG] [TIME] 157A income_stmt: 0.17s
2026-07-05 01:06:17,471 [DEBUG] [TIME] 157A balance_sheet: 0.25s
2026-07-05 01:06:17,653 [DEBUG] [TIME] 157A cashflow: 0.18s
2026-07-05 01:06:17,759 [DEBUG] [TIME] 157A dividends: 0.11s
2026-07-05 01:06:17,760 [INFO] [DETAIL] 157A グリーンモンスター: income_stmt=OK, balance_sheet=OK, cashflow=OK, dividends=OK
2026-07-05 01:06:17,760 [INFO] [TIME] 157A グリーンモンスター 処理時間: 0.84s
2026-07-05 01:06:19,117 [DEBUG] [TIME] 1605 info: 0.14s
2026-07-05 01:06:19,117 [DEBUG] yfinance OK: 1605
2026-07-05 01:06:19,357 [DEBUG] [TIME] 1605 income_stmt: 0.24s
2026-07-05 01:06:19,610 [DEBUG] [TIME] 1605 balance_sheet: 0.25s
2026-07-05 01:06:19,821 [DEBUG] [TIME] 1605 cashflow: 0.21s
2026-07-05 01:06:20,067 [DEBUG] [TIME] 1605 dividends: 0.25s
2026-07-05 01:06:20,068 [INFO] [DETAIL] 1605 ＩＮＰＥＸ: income_stmt=OK, balance_sheet=OK, cashflow=OK, dividends=OK
2026-07-05 01:06:20,068 [INFO] [TIME] 1605 ＩＮＰＥＸ 処理時間: 1.09s
2026-07-05 01:06:21,428 [DEBUG] [TIME] 160A info: 0.17s
2026-07-05 01:06:21,428 [DEBUG] yfinance OK: 160A
2026-07-05 01:06:21,655 [DEBUG] [TIME] 160A income_stmt: 0.23s
2026-07-05 01:06:21,892 [DEBUG] [TIME] 160A balance_sheet: 0.24s
2026-07-05 01:06:22,085 [DEBUG] [TIME] 160A cashflow: 0.19s
2026-07-05 01:06:22,411 [DEBUG] [TIME] 160A dividends: 0.33s
2026-07-05 01:06:22,411 [INFO] [DETAIL] 160A アズパートナーズ: income_stmt=OK, balance_sheet=OK, cashflow=OK, dividends=OK
2026-07-05 01:06:22,412 [INFO] [TIME] 160A アズパートナーズ 処理時間: 1.15s
2026-07-05 01:06:24,389 [DEBUG] [TIME] 1662 info: 0.14s
2026-07-05 01:06:24,389 [DEBUG] yfinance OK: 1662
2026-07-05 01:06:24,562 [DEBUG] [TIME] 1662 income_stmt: 0.17s
2026-07-05 01:06:24,770 [DEBUG] [TIME] 1662 balance_sheet: 0.21s
2026-07-05 01:06:24,939 [DEBUG] [TIME] 1662 cashflow: 0.17s
2026-07-05 01:06:25,254 [DEBUG] [TIME] 1662 dividends: 0.31s
2026-07-05 01:06:25,255 [INFO] [DETAIL] 1662 石油資源開発: income_stmt=OK, balance_sheet=OK, cashflow=OK, dividends=OK
2026-07-05 01:06:25,255 [INFO] [TIME] 1662 石油資源開発 処理時間: 1.01s
2026-07-05 01:06:26,858 [DEBUG] [TIME] 1663 info: 0.14s
2026-07-05 01:06:26,858 [DEBUG] yfinance OK: 1663
2026-07-05 01:06:27,048 [DEBUG] [TIME] 1663 income_stmt: 0.19s
2026-07-05 01:06:27,346 [DEBUG] [TIME] 1663 balance_sheet: 0.30s
2026-07-05 01:06:27,589 [DEBUG] [TIME] 1663 cashflow: 0.24s
2026-07-05 01:06:27,749 [DEBUG] [TIME] 1663 dividends: 0.16s
2026-07-05 01:06:27,750 [INFO] [DETAIL] 1663 Ｋ＆Ｏエナジーグループ: income_stmt=OK, balance_sheet=OK, cashflow=OK, dividends=OK
2026-07-05 01:06:27,750 [INFO] [TIME] 1663 Ｋ＆Ｏエナジーグループ 処理時間: 1.04s
2026-07-05 01:06:29,599 [DEBUG] [TIME] 166A info: 0.18s
2026-07-05 01:06:29,599 [DEBUG] yfinance OK: 166A
2026-07-05 01:06:29,758 [DEBUG] [TIME] 166A income_stmt: 0.16s
2026-07-05 01:06:29,987 [DEBUG] [TIME] 166A balance_sheet: 0.23s
2026-07-05 01:06:30,199 [DEBUG] [TIME] 166A cashflow: 0.21s
2026-07-05 01:06:30,294 [DEBUG] [TIME] 166A dividends: 0.10s
2026-07-05 01:06:30,295 [INFO] [DETAIL] 166A タスキホールディングス: income_stmt=OK, balance_sheet=OK, cashflow=OK, dividends=OK
2026-07-05 01:06:30,295 [INFO] [TIME] 166A タスキホールディングス 処理時間: 0.87s
2026-07-05 01:06:31,862 [DEBUG] [TIME] 167A info: 0.17s
2026-07-05 01:06:31,862 [DEBUG] yfinance OK: 167A
2026-07-05 01:06:32,040 [DEBUG] [TIME] 167A income_stmt: 0.18s
2026-07-05 01:06:32,239 [DEBUG] [TIME] 167A balance_sheet: 0.20s
2026-07-05 01:06:32,471 [DEBUG] [TIME] 167A cashflow: 0.23s
2026-07-05 01:06:32,762 [DEBUG] [TIME] 167A dividends: 0.29s
2026-07-05 01:06:32,763 [INFO] [DETAIL] 167A リョーサン菱洋ホールディングス: income_stmt=OK, balance_sheet=OK, cashflow=OK, dividends=OK
2026-07-05 01:06:32,763 [INFO] [TIME] 167A リョーサン菱洋ホールディングス 処理時間: 1.07s
2026-07-05 01:06:34,329 [DEBUG] [TIME] 168A info: 0.15s
2026-07-05 01:06:34,329 [DEBUG] yfinance OK: 168A
2026-07-05 01:06:34,542 [DEBUG] [TIME] 168A income_stmt: 0.21s
2026-07-05 01:06:34,782 [DEBUG] [TIME] 168A balance_sheet: 0.24s
2026-07-05 01:06:34,966 [DEBUG] [TIME] 168A cashflow: 0.18s
2026-07-05 01:06:35,069 [DEBUG] [TIME] 168A dividends: 0.10s
2026-07-05 01:06:35,070 [INFO] [DETAIL] 168A イタミアート: income_stmt=OK, balance_sheet=OK, cashflow=OK, dividends=OK
2026-07-05 01:06:35,070 [INFO] [TIME] 168A イタミアート 処理時間: 0.89s
2026-07-05 01:06:36,978 [DEBUG] [TIME] 1711 info: 0.17s
2026-07-05 01:06:36,978 [DEBUG] yfinance OK: 1711
2026-07-05 01:06:37,168 [DEBUG] [TIME] 1711 income_stmt: 0.19s
2026-07-05 01:06:37,420 [DEBUG] [TIME] 1711 balance_sheet: 0.25s
2026-07-05 01:06:37,701 [DEBUG] [TIME] 1711 cashflow: 0.28s
2026-07-05 01:06:37,850 [DEBUG] [TIME] 1711 dividends: 0.15s
2026-07-05 01:06:37,850 [INFO] [DETAIL] 1711 ＳＤＳホールディングス: income_stmt=OK, balance_sheet=OK, cashflow=OK, dividends=EMPTY
2026-07-05 01:06:37,850 [INFO] [TIME] 1711 ＳＤＳホールディングス 処理時間: 1.05s
2026-07-05 01:06:39,944 [DEBUG] [TIME] 1716 info: 0.15s
2026-07-05 01:06:39,944 [DEBUG] yfinance OK: 1716
2026-07-05 01:06:40,133 [DEBUG] [TIME] 1716 income_stmt: 0.19s
2026-07-05 01:06:40,408 [DEBUG] [TIME] 1716 balance_sheet: 0.27s
2026-07-05 01:06:40,609 [DEBUG] [TIME] 1716 cashflow: 0.20s
2026-07-05 01:06:40,984 [DEBUG] [TIME] 1716 dividends: 0.37s
2026-07-05 01:06:40,985 [INFO] [DETAIL] 1716 第一カッター興業: income_stmt=OK, balance_sheet=OK, cashflow=OK, dividends=OK
2026-07-05 01:06:40,985 [INFO] [TIME] 1716 第一カッター興業 処理時間: 1.19s
2026-07-05 01:06:42,884 [DEBUG] [TIME] 1717 info: 0.15s
2026-07-05 01:06:42,884 [DEBUG] yfinance OK: 1717
2026-07-05 01:06:43,123 [DEBUG] [TIME] 1717 income_stmt: 0.24s
2026-07-05 01:06:43,357 [DEBUG] [TIME] 1717 balance_sheet: 0.23s
2026-07-05 01:06:43,560 [DEBUG] [TIME] 1717 cashflow: 0.20s
2026-07-05 01:06:43,884 [DEBUG] [TIME] 1717 dividends: 0.32s
2026-07-05 01:06:43,885 [INFO] [DETAIL] 1717 明豊ファシリティワークス: income_stmt=OK, balance_sheet=OK, cashflow=OK, dividends=OK
2026-07-05 01:06:43,885 [INFO] [TIME] 1717 明豊ファシリティワークス 処理時間: 1.15s
2026-07-05 01:06:45,869 [DEBUG] [TIME] 1718 info: 0.14s
2026-07-05 01:06:45,869 [DEBUG] yfinance OK: 1718
2026-07-05 01:06:46,078 [DEBUG] [TIME] 1718 income_stmt: 0.21s
2026-07-05 01:06:46,296 [DEBUG] [TIME] 1718 balance_sheet: 0.22s
2026-07-05 01:06:46,497 [DEBUG] [TIME] 1718 cashflow: 0.20s
2026-07-05 01:06:46,756 [DEBUG] [TIME] 1718 dividends: 0.26s
2026-07-05 01:06:46,757 [INFO] [DETAIL] 1718 美樹工業: income_stmt=OK, balance_sheet=OK, cashflow=OK, dividends=OK
2026-07-05 01:06:46,757 [INFO] [TIME] 1718 美樹工業 処理時間: 1.03s
2026-07-05 01:06:48,469 [DEBUG] [TIME] 1719 info: 0.18s
2026-07-05 01:06:48,469 [DEBUG] yfinance OK: 1719
2026-07-05 01:06:48,667 [DEBUG] [TIME] 1719 income_stmt: 0.20s
2026-07-05 01:06:48,917 [DEBUG] [TIME] 1719 balance_sheet: 0.25s
2026-07-05 01:06:49,136 [DEBUG] [TIME] 1719 cashflow: 0.22s
2026-07-05 01:06:49,395 [DEBUG] [TIME] 1719 dividends: 0.26s
2026-07-05 01:06:49,396 [INFO] [DETAIL] 1719 安藤・間: income_stmt=OK, balance_sheet=OK, cashflow=OK, dividends=OK
2026-07-05 01:06:49,396 [INFO] [TIME] 1719 安藤・間 処理時間: 1.10s
2026-07-05 01:06:50,715 [DEBUG] [TIME] 1720 info: 0.14s
2026-07-05 01:06:50,715 [DEBUG] yfinance OK: 1720
2026-07-05 01:06:50,886 [DEBUG] [TIME] 1720 income_stmt: 0.17s
2026-07-05 01:06:51,116 [DEBUG] [TIME] 1720 balance_sheet: 0.23s
2026-07-05 01:06:51,315 [DEBUG] [TIME] 1720 cashflow: 0.20s
2026-07-05 01:06:51,576 [DEBUG] [TIME] 1720 dividends: 0.26s
2026-07-05 01:06:51,577 [INFO] [DETAIL] 1720 東急建設: income_stmt=OK, balance_sheet=OK, cashflow=OK, dividends=OK
2026-07-05 01:06:51,577 [INFO] [TIME] 1720 東急建設 処理時間: 1.01s
2026-07-05 01:06:53,089 [DEBUG] [TIME] 1721 info: 0.18s
2026-07-05 01:06:53,089 [DEBUG] yfinance OK: 1721
2026-07-05 01:06:53,271 [DEBUG] [TIME] 1721 income_stmt: 0.18s
2026-07-05 01:06:53,593 [DEBUG] [TIME] 1721 balance_sheet: 0.32s
2026-07-05 01:06:53,834 [DEBUG] [TIME] 1721 cashflow: 0.24s
2026-07-05 01:06:54,063 [DEBUG] [TIME] 1721 dividends: 0.23s
2026-07-05 01:06:54,064 [INFO] [DETAIL] 1721 コムシスホールディングス: income_stmt=OK, balance_sheet=OK, cashflow=OK, dividends=OK
2026-07-05 01:06:54,064 [INFO] [TIME] 1721 コムシスホールディングス 処理時間: 1.15s
2026-07-05 01:06:56,066 [DEBUG] [TIME] 1723 info: 0.19s
2026-07-05 01:06:56,066 [DEBUG] yfinance OK: 1723
2026-07-05 01:06:56,266 [DEBUG] [TIME] 1723 income_stmt: 0.20s
2026-07-05 01:06:56,507 [DEBUG] [TIME] 1723 balance_sheet: 0.24s
2026-07-05 01:06:56,739 [DEBUG] [TIME] 1723 cashflow: 0.23s
2026-07-05 01:06:56,983 [DEBUG] [TIME] 1723 dividends: 0.24s
2026-07-05 01:06:56,984 [INFO] [DETAIL] 1723 日本電技: income_stmt=OK, balance_sheet=OK, cashflow=OK, dividends=OK
2026-07-05 01:06:56,984 [INFO] [TIME] 1723 日本電技 処理時間: 1.11s
2026-07-05 01:06:58,558 [DEBUG] [TIME] 1724 info: 0.15s
2026-07-05 01:06:58,558 [DEBUG] yfinance OK: 1724
2026-07-05 01:06:58,796 [DEBUG] [TIME] 1724 income_stmt: 0.24s
2026-07-05 01:06:59,054 [DEBUG] [TIME] 1724 balance_sheet: 0.26s
2026-07-05 01:06:59,255 [DEBUG] [TIME] 1724 cashflow: 0.20s
2026-07-05 01:06:59,462 [DEBUG] [TIME] 1724 dividends: 0.21s
2026-07-05 01:06:59,463 [INFO] [DETAIL] 1724 シンクレイヤ: income_stmt=OK, balance_sheet=OK, cashflow=OK, dividends=OK
2026-07-05 01:06:59,463 [INFO] [TIME] 1724 シンクレイヤ 処理時間: 1.06s
2026-07-05 01:07:01,428 [DEBUG] [TIME] 1726 info: 0.14s
2026-07-05 01:07:01,428 [WARNING] yfinance データなし: 1726
2026-07-05 01:07:01,428 [INFO] [TIME] 1726 ビーアールホールディングス 処理時間: 0.14s
2026-07-05 01:07:02,679 [DEBUG] [TIME] 1736 info: 0.15s
2026-07-05 01:07:02,679 [DEBUG] yfinance OK: 1736
2026-07-05 01:07:02,866 [DEBUG] [TIME] 1736 income_stmt: 0.19s
2026-07-05 01:07:03,070 [DEBUG] [TIME] 1736 balance_sheet: 0.20s
2026-07-05 01:07:03,341 [DEBUG] [TIME] 1736 cashflow: 0.27s
2026-07-05 01:07:03,641 [DEBUG] [TIME] 1736 dividends: 0.30s
2026-07-05 01:07:03,642 [INFO] [DETAIL] 1736 オーテック: income_stmt=OK, balance_sheet=OK, cashflow=OK, dividends=OK
2026-07-05 01:07:03,642 [INFO] [TIME] 1736 オーテック 処理時間: 1.11s
2026-07-05 01:07:05,452 [DEBUG] [TIME] 173A info: 0.15s
2026-07-05 01:07:05,452 [DEBUG] yfinance OK: 173A
2026-07-05 01:07:05,625 [DEBUG] [TIME] 173A income_stmt: 0.17s
2026-07-05 01:07:05,871 [DEBUG] [TIME] 173A balance_sheet: 0.25s
2026-07-05 01:07:06,088 [DEBUG] [TIME] 173A cashflow: 0.22s
2026-07-05 01:07:06,204 [DEBUG] [TIME] 173A dividends: 0.12s
2026-07-05 01:07:06,205 [INFO] [DETAIL] 173A ハンモック: income_stmt=OK, balance_sheet=OK, cashflow=OK, dividends=OK
2026-07-05 01:07:06,205 [INFO] [TIME] 173A ハンモック 処理時間: 0.90s
2026-07-05 01:07:07,381 [DEBUG] [TIME] 1758 info: 0.14s
2026-07-05 01:07:07,381 [DEBUG] yfinance OK: 1758
2026-07-05 01:07:07,620 [DEBUG] [TIME] 1758 income_stmt: 0.24s
2026-07-05 01:07:07,845 [DEBUG] [TIME] 1758 balance_sheet: 0.22s
2026-07-05 01:07:08,049 [DEBUG] [TIME] 1758 cashflow: 0.20s
2026-07-05 01:07:08,342 [DEBUG] [TIME] 1758 dividends: 0.29s
2026-07-05 01:07:08,343 [INFO] [DETAIL] 1758 太洋基礎工業: income_stmt=OK, balance_sheet=OK, cashflow=OK, dividends=OK
2026-07-05 01:07:08,343 [INFO] [TIME] 1758 太洋基礎工業 処理時間: 1.11s
2026-07-05 01:07:09,665 [DEBUG] [TIME] 175A info: 0.17s
2026-07-05 01:07:09,665 [DEBUG] yfinance OK: 175A
2026-07-05 01:07:09,876 [DEBUG] [TIME] 175A income_stmt: 0.21s
2026-07-05 01:07:10,093 [DEBUG] [TIME] 175A balance_sheet: 0.22s
2026-07-05 01:07:10,294 [DEBUG] [TIME] 175A cashflow: 0.20s
2026-07-05 01:07:10,369 [DEBUG] [TIME] 175A dividends: 0.08s
2026-07-05 01:07:10,369 [INFO] [DETAIL] 175A Ｗｉｌｌ　Ｓｍａｒｔ: income_stmt=OK, balance_sheet=OK, cashflow=OK, dividends=EMPTY
2026-07-05 01:07:10,369 [INFO] [TIME] 175A Ｗｉｌｌ　Ｓｍａｒｔ 処理時間: 0.88s
2026-07-05 01:07:12,478 [DEBUG] [TIME] 1762 info: 0.15s
2026-07-05 01:07:12,478 [DEBUG] yfinance OK: 1762
2026-07-05 01:07:12,670 [DEBUG] [TIME] 1762 income_stmt: 0.19s
2026-07-05 01:07:12,894 [DEBUG] [TIME] 1762 balance_sheet: 0.22s
2026-07-05 01:07:13,106 [DEBUG] [TIME] 1762 cashflow: 0.21s
2026-07-05 01:07:13,436 [DEBUG] [TIME] 1762 dividends: 0.33s
2026-07-05 01:07:13,437 [INFO] [DETAIL] 1762 高松コンストラクショングループ: income_stmt=OK, balance_sheet=OK, cashflow=OK, dividends=OK
2026-07-05 01:07:13,437 [INFO] [TIME] 1762 高松コンストラクショングループ 処理時間: 1.11s
2026-07-05 01:07:15,409 [DEBUG] [TIME] 1764 info: 0.15s
2026-07-05 01:07:15,409 [DEBUG] yfinance OK: 1764
2026-07-05 01:07:15,587 [DEBUG] [TIME] 1764 income_stmt: 0.18s
2026-07-05 01:07:15,803 [DEBUG] [TIME] 1764 balance_sheet: 0.22s
2026-07-05 01:07:16,043 [DEBUG] [TIME] 1764 cashflow: 0.24s
2026-07-05 01:07:25,675 [DEBUG] [TIME] 1764 dividends: 9.63s
2026-07-05 01:07:25,676 [INFO] [DETAIL] 1764 工藤建設: income_stmt=OK, balance_sheet=OK, cashflow=OK, dividends=OK
2026-07-05 01:07:25,676 [INFO] [TIME] 1764 工藤建設 処理時間: 10.41s
2026-07-05 01:07:26,919 [DEBUG] [TIME] 1766 info: 0.14s
2026-07-05 01:07:26,919 [DEBUG] yfinance OK: 1766
2026-07-05 01:07:27,102 [DEBUG] [TIME] 1766 income_stmt: 0.18s
2026-07-05 01:07:27,310 [DEBUG] [TIME] 1766 balance_sheet: 0.21s
2026-07-05 01:07:27,505 [DEBUG] [TIME] 1766 cashflow: 0.19s
2026-07-05 01:07:27,847 [DEBUG] [TIME] 1766 dividends: 0.34s
2026-07-05 01:07:27,848 [INFO] [DETAIL] 1766 東建コーポレーション: income_stmt=OK, balance_sheet=OK, cashflow=OK, dividends=OK
2026-07-05 01:07:27,848 [INFO] [TIME] 1766 東建コーポレーション 処理時間: 1.07s
2026-07-05 01:07:29,385 [DEBUG] [TIME] 1768 info: 0.18s
2026-07-05 01:07:29,385 [DEBUG] yfinance OK: 1768
2026-07-05 01:07:29,605 [DEBUG] [TIME] 1768 income_stmt: 0.22s
2026-07-05 01:07:29,873 [DEBUG] [TIME] 1768 balance_sheet: 0.27s
2026-07-05 01:07:30,106 [DEBUG] [TIME] 1768 cashflow: 0.23s
2026-07-05 01:07:30,354 [DEBUG] [TIME] 1768 dividends: 0.25s
2026-07-05 01:07:30,355 [INFO] [DETAIL] 1768 ソネック: income_stmt=OK, balance_sheet=OK, cashflow=OK, dividends=OK
2026-07-05 01:07:30,355 [INFO] [TIME] 1768 ソネック 処理時間: 1.14s
2026-07-05 01:07:31,691 [DEBUG] [TIME] 1770 info: 0.15s
2026-07-05 01:07:31,691 [DEBUG] yfinance OK: 1770
2026-07-05 01:07:31,915 [DEBUG] [TIME] 1770 income_stmt: 0.22s
2026-07-05 01:07:32,168 [DEBUG] [TIME] 1770 balance_sheet: 0.25s
2026-07-05 01:07:32,383 [DEBUG] [TIME] 1770 cashflow: 0.21s
2026-07-05 01:07:32,635 [DEBUG] [TIME] 1770 dividends: 0.25s
2026-07-05 01:07:32,636 [INFO] [DETAIL] 1770 藤田エンジニアリング: income_stmt=OK, balance_sheet=OK, cashflow=OK, dividends=OK
2026-07-05 01:07:32,636 [INFO] [TIME] 1770 藤田エンジニアリング 処理時間: 1.09s
2026-07-05 01:07:34,778 [DEBUG] [TIME] 177A info: 0.18s
2026-07-05 01:07:34,778 [DEBUG] yfinance OK: 177A
2026-07-05 01:07:34,955 [DEBUG] [TIME] 177A income_stmt: 0.18s
2026-07-05 01:07:35,199 [DEBUG] [TIME] 177A balance_sheet: 0.24s
2026-07-05 01:07:35,399 [DEBUG] [TIME] 177A cashflow: 0.20s
2026-07-05 01:07:35,501 [DEBUG] [TIME] 177A dividends: 0.10s
2026-07-05 01:07:35,502 [INFO] [DETAIL] 177A コージンバイオ: income_stmt=OK, balance_sheet=OK, cashflow=OK, dividends=OK
2026-07-05 01:07:35,502 [INFO] [TIME] 177A コージンバイオ 処理時間: 0.91s
2026-07-05 01:07:37,441 [DEBUG] [TIME] 1780 info: 0.14s
2026-07-05 01:07:37,441 [DEBUG] yfinance OK: 1780
2026-07-05 01:07:37,655 [DEBUG] [TIME] 1780 income_stmt: 0.21s
2026-07-05 01:07:37,941 [DEBUG] [TIME] 1780 balance_sheet: 0.29s
2026-07-05 01:07:38,175 [DEBUG] [TIME] 1780 cashflow: 0.23s
2026-07-05 01:07:38,470 [DEBUG] [TIME] 1780 dividends: 0.30s
2026-07-05 01:07:38,472 [INFO] [DETAIL] 1780 ヤマウラ: income_stmt=OK, balance_sheet=OK, cashflow=OK, dividends=OK
2026-07-05 01:07:38,472 [INFO] [TIME] 1780 ヤマウラ 処理時間: 1.17s
2026-07-05 01:07:40,269 [DEBUG] [TIME] 1783 info: 0.14s
2026-07-05 01:07:40,269 [DEBUG] yfinance OK: 1783
2026-07-05 01:07:40,463 [DEBUG] [TIME] 1783 income_stmt: 0.19s
2026-07-05 01:07:40,697 [DEBUG] [TIME] 1783 balance_sheet: 0.23s
2026-07-05 01:07:40,917 [DEBUG] [TIME] 1783 cashflow: 0.22s
2026-07-05 01:07:41,085 [DEBUG] [TIME] 1783 dividends: 0.17s
2026-07-05 01:07:41,085 [INFO] [DETAIL] 1783 ｆａｎｔａｓｉｓｔａ: income_stmt=OK, balance_sheet=OK, cashflow=OK, dividends=EMPTY
2026-07-05 01:07:41,085 [INFO] [TIME] 1783 ｆａｎｔａｓｉｓｔａ 処理時間: 0.96s
2026-07-05 01:07:42,714 [DEBUG] [TIME] 1786 info: 0.14s
2026-07-05 01:07:42,714 [DEBUG] yfinance OK: 1786
2026-07-05 01:07:42,891 [DEBUG] [TIME] 1786 income_stmt: 0.18s
2026-07-05 01:07:43,143 [DEBUG] [TIME] 1786 balance_sheet: 0.25s
2026-07-05 01:07:43,396 [DEBUG] [TIME] 1786 cashflow: 0.25s
2026-07-05 01:07:43,508 [DEBUG] [TIME] 1786 dividends: 0.11s
2026-07-05 01:07:43,509 [INFO] [DETAIL] 1786 オリエンタル白石: income_stmt=OK, balance_sheet=OK, cashflow=OK, dividends=OK
2026-07-05 01:07:43,509 [INFO] [TIME] 1786 オリエンタル白石 処理時間: 0.94s
2026-07-05 01:07:45,403 [DEBUG] [TIME] 1787 info: 0.15s
2026-07-05 01:07:45,403 [DEBUG] yfinance OK: 1787
2026-07-05 01:07:45,612 [DEBUG] [TIME] 1787 income_stmt: 0.21s
2026-07-05 01:07:45,942 [DEBUG] [TIME] 1787 balance_sheet: 0.33s
2026-07-05 01:07:46,177 [DEBUG] [TIME] 1787 cashflow: 0.24s
2026-07-05 01:07:46,445 [DEBUG] [TIME] 1787 dividends: 0.27s
2026-07-05 01:07:46,446 [INFO] [DETAIL] 1787 ナカボーテック: income_stmt=OK, balance_sheet=OK, cashflow=OK, dividends=OK
2026-07-05 01:07:46,446 [INFO] [TIME] 1787 ナカボーテック 処理時間: 1.19s
2026-07-05 01:07:48,509 [DEBUG] [TIME] 1788 info: 0.17s
2026-07-05 01:07:48,509 [DEBUG] yfinance OK: 1788
2026-07-05 01:07:48,731 [DEBUG] [TIME] 1788 income_stmt: 0.22s
2026-07-05 01:07:48,989 [DEBUG] [TIME] 1788 balance_sheet: 0.26s
2026-07-05 01:07:49,198 [DEBUG] [TIME] 1788 cashflow: 0.21s
2026-07-05 01:07:49,468 [DEBUG] [TIME] 1788 dividends: 0.27s
2026-07-05 01:07:49,469 [INFO] [DETAIL] 1788 三東工業社: income_stmt=OK, balance_sheet=OK, cashflow=OK, dividends=OK
2026-07-05 01:07:49,469 [INFO] [TIME] 1788 三東工業社 処理時間: 1.13s
2026-07-05 01:07:51,257 [DEBUG] [TIME] 1793 info: 0.14s
2026-07-05 01:07:51,257 [DEBUG] yfinance OK: 1793
2026-07-05 01:07:51,434 [DEBUG] [TIME] 1793 income_stmt: 0.18s
2026-07-05 01:07:51,684 [DEBUG] [TIME] 1793 balance_sheet: 0.25s
2026-07-05 01:07:51,883 [DEBUG] [TIME] 1793 cashflow: 0.20s
2026-07-05 01:07:52,195 [DEBUG] [TIME] 1793 dividends: 0.31s
2026-07-05 01:07:52,196 [INFO] [DETAIL] 1793 大本組: income_stmt=OK, balance_sheet=OK, cashflow=OK, dividends=OK
2026-07-05 01:07:52,196 [INFO] [TIME] 1793 大本組 処理時間: 1.08s
2026-07-05 01:07:54,143 [DEBUG] [TIME] 1795 info: 0.14s
2026-07-05 01:07:54,143 [DEBUG] yfinance OK: 1795
2026-07-05 01:07:54,323 [DEBUG] [TIME] 1795 income_stmt: 0.18s
2026-07-05 01:07:54,542 [DEBUG] [TIME] 1795 balance_sheet: 0.22s
2026-07-05 01:07:54,779 [DEBUG] [TIME] 1795 cashflow: 0.24s
2026-07-05 01:07:55,061 [DEBUG] [TIME] 1795 dividends: 0.28s
2026-07-05 01:07:55,062 [INFO] [DETAIL] 1795 マサル: income_stmt=OK, balance_sheet=OK, cashflow=OK, dividends=OK
2026-07-05 01:07:55,062 [INFO] [TIME] 1795 マサル 処理時間: 1.06s
2026-07-05 01:07:56,841 [DEBUG] [TIME] 1798 info: 0.17s
2026-07-05 01:07:56,842 [DEBUG] yfinance OK: 1798
2026-07-05 01:07:57,020 [DEBUG] [TIME] 1798 income_stmt: 0.18s
2026-07-05 01:07:57,263 [DEBUG] [TIME] 1798 balance_sheet: 0.24s
2026-07-05 01:07:57,494 [DEBUG] [TIME] 1798 cashflow: 0.23s
2026-07-05 01:07:57,754 [DEBUG] [TIME] 1798 dividends: 0.26s
2026-07-05 01:07:57,755 [INFO] [DETAIL] 1798 守谷商会: income_stmt=OK, balance_sheet=OK, cashflow=OK, dividends=OK
2026-07-05 01:07:57,755 [INFO] [TIME] 1798 守谷商会 処理時間: 1.09s
2026-07-05 01:07:59,233 [DEBUG] [TIME] 1799 info: 0.14s
2026-07-05 01:07:59,233 [DEBUG] yfinance OK: 1799
2026-07-05 01:07:59,433 [DEBUG] [TIME] 1799 income_stmt: 0.20s
2026-07-05 01:07:59,660 [DEBUG] [TIME] 1799 balance_sheet: 0.23s
2026-07-05 01:07:59,855 [DEBUG] [TIME] 1799 cashflow: 0.19s
2026-07-05 01:08:00,093 [DEBUG] [TIME] 1799 dividends: 0.24s
2026-07-05 01:08:00,094 [INFO] [DETAIL] 1799 第一建設工業: income_stmt=OK, balance_sheet=OK, cashflow=OK, dividends=OK
2026-07-05 01:08:00,094 [INFO] [TIME] 1799 第一建設工業 処理時間: 1.00s
2026-07-05 01:08:02,124 [DEBUG] [TIME] 1801 info: 0.18s
2026-07-05 01:08:02,124 [DEBUG] yfinance OK: 1801
2026-07-05 01:08:02,348 [DEBUG] [TIME] 1801 income_stmt: 0.22s
2026-07-05 01:08:02,670 [DEBUG] [TIME] 1801 balance_sheet: 0.32s
2026-07-05 01:08:02,959 [DEBUG] [TIME] 1801 cashflow: 0.29s
2026-07-05 01:08:03,279 [DEBUG] [TIME] 1801 dividends: 0.32s
2026-07-05 01:08:03,280 [INFO] [DETAIL] 1801 大成建設: income_stmt=OK, balance_sheet=OK, cashflow=OK, dividends=OK
2026-07-05 01:08:03,280 [INFO] [TIME] 1801 大成建設 処理時間: 1.33s
2026-07-05 01:08:04,510 [DEBUG] [TIME] 1802 info: 0.16s
2026-07-05 01:08:04,510 [DEBUG] yfinance OK: 1802
2026-07-05 01:08:04,709 [DEBUG] [TIME] 1802 income_stmt: 0.20s
2026-07-05 01:08:05,006 [DEBUG] [TIME] 1802 balance_sheet: 0.30s
2026-07-05 01:08:05,209 [DEBUG] [TIME] 1802 cashflow: 0.20s
2026-07-05 01:08:05,522 [DEBUG] [TIME] 1802 dividends: 0.31s
2026-07-05 01:08:05,523 [INFO] [DETAIL] 1802 大林組: income_stmt=OK, balance_sheet=OK, cashflow=OK, dividends=OK
2026-07-05 01:08:05,523 [INFO] [TIME] 1802 大林組 処理時間: 1.17s
2026-07-05 01:08:07,649 [DEBUG] [TIME] 1803 info: 0.14s
2026-07-05 01:08:07,649 [DEBUG] yfinance OK: 1803
2026-07-05 01:08:07,829 [DEBUG] [TIME] 1803 income_stmt: 0.18s
2026-07-05 01:08:08,051 [DEBUG] [TIME] 1803 balance_sheet: 0.22s
2026-07-05 01:08:08,307 [DEBUG] [TIME] 1803 cashflow: 0.26s
2026-07-05 01:08:08,598 [DEBUG] [TIME] 1803 dividends: 0.29s
2026-07-05 01:08:08,599 [INFO] [DETAIL] 1803 清水建設: income_stmt=OK, balance_sheet=OK, cashflow=OK, dividends=OK
2026-07-05 01:08:08,599 [INFO] [TIME] 1803 清水建設 処理時間: 1.09s
2026-07-05 01:08:09,885 [DEBUG] [TIME] 1807 info: 0.17s
2026-07-05 01:08:09,885 [DEBUG] yfinance OK: 1807
2026-07-05 01:08:10,081 [DEBUG] [TIME] 1807 income_stmt: 0.20s
2026-07-05 01:08:10,332 [DEBUG] [TIME] 1807 balance_sheet: 0.25s
2026-07-05 01:08:10,525 [DEBUG] [TIME] 1807 cashflow: 0.19s
2026-07-05 01:08:10,791 [DEBUG] [TIME] 1807 dividends: 0.27s
2026-07-05 01:08:10,792 [INFO] [DETAIL] 1807 佐藤渡辺: income_stmt=OK, balance_sheet=OK, cashflow=OK, dividends=OK
2026-07-05 01:08:10,792 [INFO] [TIME] 1807 佐藤渡辺 処理時間: 1.08s
2026-07-05 01:08:12,404 [DEBUG] [TIME] 1808 info: 0.14s
2026-07-05 01:08:12,404 [DEBUG] yfinance OK: 1808
2026-07-05 01:08:12,568 [DEBUG] [TIME] 1808 income_stmt: 0.16s
2026-07-05 01:08:12,817 [DEBUG] [TIME] 1808 balance_sheet: 0.25s
2026-07-05 01:08:13,032 [DEBUG] [TIME] 1808 cashflow: 0.21s
2026-07-05 01:08:13,350 [DEBUG] [TIME] 1808 dividends: 0.32s
2026-07-05 01:08:13,351 [INFO] [DETAIL] 1808 長谷工コーポレーション: income_stmt=OK, balance_sheet=OK, cashflow=OK, dividends=OK
2026-07-05 01:08:13,351 [INFO] [TIME] 1808 長谷工コーポレーション 処理時間: 1.09s
2026-07-05 01:08:15,147 [DEBUG] [TIME] 1810 info: 0.15s
2026-07-05 01:08:15,147 [DEBUG] yfinance OK: 1810
2026-07-05 01:08:15,356 [DEBUG] [TIME] 1810 income_stmt: 0.21s
2026-07-05 01:08:15,620 [DEBUG] [TIME] 1810 balance_sheet: 0.26s
2026-07-05 01:08:15,833 [DEBUG] [TIME] 1810 cashflow: 0.21s
2026-07-05 01:08:16,086 [DEBUG] [TIME] 1810 dividends: 0.25s
2026-07-05 01:08:16,087 [INFO] [DETAIL] 1810 松井建設: income_stmt=OK, balance_sheet=OK, cashflow=OK, dividends=OK
2026-07-05 01:08:16,087 [INFO] [TIME] 1810 松井建設 処理時間: 1.09s
2026-07-05 01:08:18,251 [DEBUG] [TIME] 1811 info: 0.19s
2026-07-05 01:08:18,251 [DEBUG] yfinance OK: 1811
2026-07-05 01:08:18,444 [DEBUG] [TIME] 1811 income_stmt: 0.19s
2026-07-05 01:08:18,694 [DEBUG] [TIME] 1811 balance_sheet: 0.25s
2026-07-05 01:08:18,904 [DEBUG] [TIME] 1811 cashflow: 0.21s
2026-07-05 01:08:19,195 [DEBUG] [TIME] 1811 dividends: 0.29s
2026-07-05 01:08:19,196 [INFO] [DETAIL] 1811 錢高組: income_stmt=OK, balance_sheet=OK, cashflow=OK, dividends=OK
2026-07-05 01:08:19,197 [INFO] [TIME] 1811 錢高組 処理時間: 1.13s
2026-07-05 01:08:21,293 [DEBUG] [TIME] 1812 info: 0.15s
2026-07-05 01:08:21,293 [DEBUG] yfinance OK: 1812
2026-07-05 01:08:21,519 [DEBUG] [TIME] 1812 income_stmt: 0.23s
2026-07-05 01:08:22,046 [DEBUG] [TIME] 1812 balance_sheet: 0.53s
2026-07-05 01:08:22,256 [DEBUG] [TIME] 1812 cashflow: 0.21s
2026-07-05 01:08:22,522 [DEBUG] [TIME] 1812 dividends: 0.27s
2026-07-05 01:08:22,523 [INFO] [DETAIL] 1812 鹿島建設: income_stmt=OK, balance_sheet=OK, cashflow=OK, dividends=OK
2026-07-05 01:08:22,523 [INFO] [TIME] 1812 鹿島建設 処理時間: 1.38s
2026-07-05 01:08:24,065 [DEBUG] [TIME] 1813 info: 0.14s
2026-07-05 01:08:24,065 [DEBUG] yfinance OK: 1813
2026-07-05 01:08:24,253 [DEBUG] [TIME] 1813 income_stmt: 0.19s
2026-07-05 01:08:24,477 [DEBUG] [TIME] 1813 balance_sheet: 0.22s
2026-07-05 01:08:24,746 [DEBUG] [TIME] 1813 cashflow: 0.27s
2026-07-05 01:08:25,072 [DEBUG] [TIME] 1813 dividends: 0.33s
2026-07-05 01:08:25,073 [INFO] [DETAIL] 1813 不動テトラ: income_stmt=OK, balance_sheet=OK, cashflow=OK, dividends=OK
2026-07-05 01:08:25,073 [INFO] [TIME] 1813 不動テトラ 処理時間: 1.15s
2026-07-05 01:08:26,544 [DEBUG] [TIME] 1814 info: 0.19s
2026-07-05 01:08:26,544 [DEBUG] yfinance OK: 1814
2026-07-05 01:08:26,729 [DEBUG] [TIME] 1814 income_stmt: 0.18s
2026-07-05 01:08:26,943 [DEBUG] [TIME] 1814 balance_sheet: 0.21s
2026-07-05 01:08:27,148 [DEBUG] [TIME] 1814 cashflow: 0.21s
2026-07-05 01:08:27,426 [DEBUG] [TIME] 1814 dividends: 0.28s
2026-07-05 01:08:27,427 [INFO] [DETAIL] 1814 大末建設: income_stmt=OK, balance_sheet=OK, cashflow=OK, dividends=OK
2026-07-05 01:08:27,427 [INFO] [TIME] 1814 大末建設 処理時間: 1.07s
2026-07-05 01:08:28,661 [DEBUG] [TIME] 1815 info: 0.15s
2026-07-05 01:08:28,661 [DEBUG] yfinance OK: 1815
2026-07-05 01:08:28,890 [DEBUG] [TIME] 1815 income_stmt: 0.23s
2026-07-05 01:08:29,130 [DEBUG] [TIME] 1815 balance_sheet: 0.24s
2026-07-05 01:08:29,313 [DEBUG] [TIME] 1815 cashflow: 0.18s
2026-07-05 01:08:29,590 [DEBUG] [TIME] 1815 dividends: 0.28s
2026-07-05 01:08:29,591 [INFO] [DETAIL] 1815 鉄建建設: income_stmt=OK, balance_sheet=OK, cashflow=OK, dividends=OK
2026-07-05 01:08:29,591 [INFO] [TIME] 1815 鉄建建設 処理時間: 1.08s
2026-07-05 01:08:30,961 [DEBUG] [TIME] 1820 info: 0.15s
2026-07-05 01:08:30,961 [DEBUG] yfinance OK: 1820
2026-07-05 01:08:31,164 [DEBUG] [TIME] 1820 income_stmt: 0.20s
2026-07-05 01:08:31,433 [DEBUG] [TIME] 1820 balance_sheet: 0.27s
2026-07-05 01:08:31,650 [DEBUG] [TIME] 1820 cashflow: 0.22s
2026-07-05 01:08:31,929 [DEBUG] [TIME] 1820 dividends: 0.28s
2026-07-05 01:08:31,930 [INFO] [DETAIL] 1820 西松建設: income_stmt=OK, balance_sheet=OK, cashflow=OK, dividends=OK
2026-07-05 01:08:31,930 [INFO] [TIME] 1820 西松建設 処理時間: 1.11s
2026-07-05 01:08:33,862 [DEBUG] [TIME] 1822 info: 0.18s
2026-07-05 01:08:33,862 [DEBUG] yfinance OK: 1822
2026-07-05 01:08:34,070 [DEBUG] [TIME] 1822 income_stmt: 0.21s
2026-07-05 01:08:34,358 [DEBUG] [TIME] 1822 balance_sheet: 0.29s
2026-07-05 01:08:34,545 [DEBUG] [TIME] 1822 cashflow: 0.19s
2026-07-05 01:08:34,842 [DEBUG] [TIME] 1822 dividends: 0.30s
2026-07-05 01:08:34,843 [INFO] [DETAIL] 1822 大豊建設: income_stmt=OK, balance_sheet=OK, cashflow=OK, dividends=OK
2026-07-05 01:08:34,844 [INFO] [TIME] 1822 大豊建設 処理時間: 1.16s
2026-07-05 01:08:36,911 [DEBUG] [TIME] 1826 info: 0.19s
2026-07-05 01:08:36,911 [DEBUG] yfinance OK: 1826
2026-07-05 01:08:37,113 [DEBUG] [TIME] 1826 income_stmt: 0.20s
2026-07-05 01:08:37,369 [DEBUG] [TIME] 1826 balance_sheet: 0.26s
2026-07-05 01:08:37,553 [DEBUG] [TIME] 1826 cashflow: 0.18s
2026-07-05 01:08:37,832 [DEBUG] [TIME] 1826 dividends: 0.28s
2026-07-05 01:08:37,833 [INFO] [DETAIL] 1826 佐田建設: income_stmt=OK, balance_sheet=OK, cashflow=OK, dividends=OK
2026-07-05 01:08:37,833 [INFO] [TIME] 1826 佐田建設 処理時間: 1.11s
2026-07-05 01:08:39,114 [DEBUG] [TIME] 1827 info: 0.18s
2026-07-05 01:08:39,114 [DEBUG] yfinance OK: 1827
2026-07-05 01:08:39,316 [DEBUG] [TIME] 1827 income_stmt: 0.20s
2026-07-05 01:08:39,590 [DEBUG] [TIME] 1827 balance_sheet: 0.27s
2026-07-05 01:08:39,804 [DEBUG] [TIME] 1827 cashflow: 0.21s
2026-07-05 01:08:40,109 [DEBUG] [TIME] 1827 dividends: 0.30s
2026-07-05 01:08:40,110 [INFO] [DETAIL] 1827 ナカノフドー建設: income_stmt=OK, balance_sheet=OK, cashflow=OK, dividends=OK
2026-07-05 01:08:40,110 [INFO] [TIME] 1827 ナカノフドー建設 処理時間: 1.18s
2026-07-05 01:08:42,012 [DEBUG] [TIME] 1828 info: 0.15s
2026-07-05 01:08:42,012 [DEBUG] yfinance OK: 1828
2026-07-05 01:08:42,183 [DEBUG] [TIME] 1828 income_stmt: 0.17s
2026-07-05 01:08:42,411 [DEBUG] [TIME] 1828 balance_sheet: 0.23s
2026-07-05 01:08:42,628 [DEBUG] [TIME] 1828 cashflow: 0.22s
2026-07-05 01:08:42,924 [DEBUG] [TIME] 1828 dividends: 0.30s
2026-07-05 01:08:42,925 [INFO] [DETAIL] 1828 田辺工業: income_stmt=OK, balance_sheet=OK, cashflow=OK, dividends=OK
2026-07-05 01:08:42,925 [INFO] [TIME] 1828 田辺工業 処理時間: 1.07s
2026-07-05 01:08:44,435 [DEBUG] [TIME] 1833 info: 0.15s
2026-07-05 01:08:44,435 [DEBUG] yfinance OK: 1833
2026-07-05 01:08:44,627 [DEBUG] [TIME] 1833 income_stmt: 0.19s
2026-07-05 01:08:44,888 [DEBUG] [TIME] 1833 balance_sheet: 0.26s
2026-07-05 01:08:45,104 [DEBUG] [TIME] 1833 cashflow: 0.22s
2026-07-05 01:08:45,382 [DEBUG] [TIME] 1833 dividends: 0.28s
2026-07-05 01:08:45,383 [INFO] [DETAIL] 1833 奥村組: income_stmt=OK, balance_sheet=OK, cashflow=OK, dividends=OK
2026-07-05 01:08:45,383 [INFO] [TIME] 1833 奥村組 処理時間: 1.10s
2026-07-05 01:08:47,079 [DEBUG] [TIME] 1835 info: 0.15s
2026-07-05 01:08:47,079 [DEBUG] yfinance OK: 1835
2026-07-05 01:08:47,267 [DEBUG] [TIME] 1835 income_stmt: 0.19s
2026-07-05 01:08:47,504 [DEBUG] [TIME] 1835 balance_sheet: 0.24s
2026-07-05 01:08:47,698 [DEBUG] [TIME] 1835 cashflow: 0.19s
2026-07-05 01:08:48,036 [DEBUG] [TIME] 1835 dividends: 0.34s
2026-07-05 01:08:48,037 [INFO] [DETAIL] 1835 東鉄工業: income_stmt=OK, balance_sheet=OK, cashflow=OK, dividends=OK
2026-07-05 01:08:48,038 [INFO] [TIME] 1835 東鉄工業 処理時間: 1.11s
2026-07-05 01:08:50,012 [DEBUG] [TIME] 1840 info: 0.22s
2026-07-05 01:08:50,012 [DEBUG] yfinance OK: 1840
2026-07-05 01:08:50,182 [DEBUG] [TIME] 1840 income_stmt: 0.17s
2026-07-05 01:08:50,434 [DEBUG] [TIME] 1840 balance_sheet: 0.25s
2026-07-05 01:08:50,610 [DEBUG] [TIME] 1840 cashflow: 0.17s
2026-07-05 01:08:50,878 [DEBUG] [TIME] 1840 dividends: 0.27s
2026-07-05 01:08:50,879 [INFO] [DETAIL] 1840 土屋ホールディングス: income_stmt=OK, balance_sheet=OK, cashflow=OK, dividends=OK
2026-07-05 01:08:50,879 [INFO] [TIME] 1840 土屋ホールディングス 処理時間: 1.09s
2026-07-05 01:08:52,320 [DEBUG] [TIME] 1844 info: 0.18s
2026-07-05 01:08:52,320 [DEBUG] yfinance OK: 1844
2026-07-05 01:08:52,537 [DEBUG] [TIME] 1844 income_stmt: 0.22s
2026-07-05 01:08:52,758 [DEBUG] [TIME] 1844 balance_sheet: 0.22s
2026-07-05 01:08:52,983 [DEBUG] [TIME] 1844 cashflow: 0.22s
2026-07-05 01:08:53,355 [DEBUG] [TIME] 1844 dividends: 0.37s
2026-07-05 01:08:53,356 [INFO] [DETAIL] 1844 大盛工業: income_stmt=OK, balance_sheet=OK, cashflow=OK, dividends=OK
2026-07-05 01:08:53,356 [INFO] [TIME] 1844 大盛工業 処理時間: 1.22s
2026-07-05 01:08:54,833 [DEBUG] [TIME] 1847 info: 0.18s
2026-07-05 01:08:54,833 [DEBUG] yfinance OK: 1847
2026-07-05 01:08:55,026 [DEBUG] [TIME] 1847 income_stmt: 0.19s
2026-07-05 01:08:55,261 [DEBUG] [TIME] 1847 balance_sheet: 0.23s
2026-07-05 01:08:55,458 [DEBUG] [TIME] 1847 cashflow: 0.20s
2026-07-05 01:08:55,768 [DEBUG] [TIME] 1847 dividends: 0.31s
2026-07-05 01:08:55,769 [INFO] [DETAIL] 1847 イチケン: income_stmt=OK, balance_sheet=OK, cashflow=OK, dividends=OK
2026-07-05 01:08:55,769 [INFO] [TIME] 1847 イチケン 処理時間: 1.12s
2026-07-05 01:08:57,452 [DEBUG] [TIME] 1848 info: 0.14s
2026-07-05 01:08:57,452 [DEBUG] yfinance OK: 1848
2026-07-05 01:08:57,603 [DEBUG] [TIME] 1848 income_stmt: 0.15s
2026-07-05 01:08:57,810 [DEBUG] [TIME] 1848 balance_sheet: 0.21s
2026-07-05 01:08:58,002 [DEBUG] [TIME] 1848 cashflow: 0.19s
2026-07-05 01:08:58,275 [DEBUG] [TIME] 1848 dividends: 0.27s
2026-07-05 01:08:58,276 [INFO] [DETAIL] 1848 富士ピー・エス: income_stmt=OK, balance_sheet=OK, cashflow=OK, dividends=OK
2026-07-05 01:08:58,276 [INFO] [TIME] 1848 富士ピー・エス 処理時間: 0.97s
2026-07-05 01:09:00,412 [DEBUG] [TIME] 184A info: 0.15s
2026-07-05 01:09:00,412 [DEBUG] yfinance OK: 184A
2026-07-05 01:09:00,584 [DEBUG] [TIME] 184A income_stmt: 0.17s
2026-07-05 01:09:00,802 [DEBUG] [TIME] 184A balance_sheet: 0.22s
2026-07-05 01:09:01,012 [DEBUG] [TIME] 184A cashflow: 0.21s
2026-07-05 01:09:01,101 [DEBUG] [TIME] 184A dividends: 0.09s
2026-07-05 01:09:01,101 [INFO] [DETAIL] 184A 学びエイド: income_stmt=OK, balance_sheet=OK, cashflow=OK, dividends=EMPTY
2026-07-05 01:09:01,101 [INFO] [TIME] 184A 学びエイド 処理時間: 0.84s
2026-07-05 01:09:03,063 [DEBUG] [TIME] 1850 info: 0.15s
2026-07-05 01:09:03,063 [DEBUG] yfinance OK: 1850
2026-07-05 01:09:03,238 [DEBUG] [TIME] 1850 income_stmt: 0.17s
2026-07-05 01:09:03,502 [DEBUG] [TIME] 1850 balance_sheet: 0.26s
2026-07-05 01:09:03,693 [DEBUG] [TIME] 1850 cashflow: 0.19s
2026-07-05 01:09:03,931 [DEBUG] [TIME] 1850 dividends: 0.24s
2026-07-05 01:09:03,932 [INFO] [DETAIL] 1850 南海辰村建設: income_stmt=OK, balance_sheet=OK, cashflow=OK, dividends=OK
2026-07-05 01:09:03,932 [INFO] [TIME] 1850 南海辰村建設 処理時間: 1.02s
2026-07-05 01:09:05,659 [DEBUG] [TIME] 1852 info: 0.14s
2026-07-05 01:09:05,659 [DEBUG] yfinance OK: 1852
2026-07-05 01:09:05,848 [DEBUG] [TIME] 1852 income_stmt: 0.19s
2026-07-05 01:09:06,066 [DEBUG] [TIME] 1852 balance_sheet: 0.22s
2026-07-05 01:09:06,286 [DEBUG] [TIME] 1852 cashflow: 0.22s
2026-07-05 01:09:06,566 [DEBUG] [TIME] 1852 dividends: 0.28s
2026-07-05 01:09:06,567 [INFO] [DETAIL] 1852 淺沼組: income_stmt=OK, balance_sheet=OK, cashflow=OK, dividends=OK
2026-07-05 01:09:06,567 [INFO] [TIME] 1852 淺沼組 処理時間: 1.05s
2026-07-05 01:09:08,646 [DEBUG] [TIME] 1853 info: 0.18s
2026-07-05 01:09:08,646 [DEBUG] yfinance OK: 1853
2026-07-05 01:09:08,831 [DEBUG] [TIME] 1853 income_stmt: 0.18s
2026-07-05 01:09:09,170 [DEBUG] [TIME] 1853 balance_sheet: 0.34s
2026-07-05 01:09:09,341 [DEBUG] [TIME] 1853 cashflow: 0.17s
2026-07-05 01:09:09,617 [DEBUG] [TIME] 1853 dividends: 0.28s
2026-07-05 01:09:09,618 [INFO] [DETAIL] 1853 森組: income_stmt=OK, balance_sheet=OK, cashflow=OK, dividends=OK
2026-07-05 01:09:09,618 [INFO] [TIME] 1853 森組 処理時間: 1.16s
2026-07-05 01:09:11,318 [DEBUG] [TIME] 1860 info: 0.14s
2026-07-05 01:09:11,318 [DEBUG] yfinance OK: 1860
2026-07-05 01:09:11,486 [DEBUG] [TIME] 1860 income_stmt: 0.17s
2026-07-05 01:09:11,728 [DEBUG] [TIME] 1860 balance_sheet: 0.24s
2026-07-05 01:09:11,915 [DEBUG] [TIME] 1860 cashflow: 0.19s
2026-07-05 01:09:12,212 [DEBUG] [TIME] 1860 dividends: 0.30s
2026-07-05 01:09:12,213 [INFO] [DETAIL] 1860 戸田建設: income_stmt=OK, balance_sheet=OK, cashflow=OK, dividends=OK
2026-07-05 01:09:12,213 [INFO] [TIME] 1860 戸田建設 処理時間: 1.04s
2026-07-05 01:09:14,120 [DEBUG] [TIME] 1861 info: 0.17s
2026-07-05 01:09:14,120 [DEBUG] yfinance OK: 1861
2026-07-05 01:09:15,344 [DEBUG] [TIME] 1861 income_stmt: 1.22s
2026-07-05 01:09:16,348 [DEBUG] [TIME] 1861 balance_sheet: 1.00s
2026-07-05 01:09:16,560 [DEBUG] [TIME] 1861 cashflow: 0.21s
2026-07-05 01:09:16,840 [DEBUG] [TIME] 1861 dividends: 0.28s
2026-07-05 01:09:16,841 [INFO] [DETAIL] 1861 熊谷組: income_stmt=OK, balance_sheet=OK, cashflow=OK, dividends=OK
2026-07-05 01:09:16,841 [INFO] [TIME] 1861 熊谷組 処理時間: 2.89s
2026-07-05 01:09:18,594 [DEBUG] [TIME] 1866 info: 0.14s
2026-07-05 01:09:18,595 [DEBUG] yfinance OK: 1866
2026-07-05 01:09:18,782 [DEBUG] [TIME] 1866 income_stmt: 0.19s
2026-07-05 01:09:19,093 [DEBUG] [TIME] 1866 balance_sheet: 0.31s
2026-07-05 01:09:19,300 [DEBUG] [TIME] 1866 cashflow: 0.21s
2026-07-05 01:09:19,587 [DEBUG] [TIME] 1866 dividends: 0.29s
2026-07-05 01:09:19,588 [INFO] [DETAIL] 1866 北野建設: income_stmt=OK, balance_sheet=OK, cashflow=OK, dividends=OK
2026-07-05 01:09:19,588 [INFO] [TIME] 1866 北野建設 処理時間: 1.13s
2026-07-05 01:09:21,367 [DEBUG] [TIME] 1867 info: 0.15s
2026-07-05 01:09:21,367 [DEBUG] yfinance OK: 1867
2026-07-05 01:09:21,567 [DEBUG] [TIME] 1867 income_stmt: 0.20s
2026-07-05 01:09:21,776 [DEBUG] [TIME] 1867 balance_sheet: 0.21s
2026-07-05 01:09:21,989 [DEBUG] [TIME] 1867 cashflow: 0.21s
2026-07-05 01:09:22,274 [DEBUG] [TIME] 1867 dividends: 0.28s
2026-07-05 01:09:22,275 [INFO] [DETAIL] 1867 植木組: income_stmt=OK, balance_sheet=OK, cashflow=OK, dividends=OK
2026-07-05 01:09:22,275 [INFO] [TIME] 1867 植木組 処理時間: 1.05s
2026-07-05 01:09:24,085 [DEBUG] [TIME] 186A info: 0.14s
2026-07-05 01:09:24,085 [DEBUG] yfinance OK: 186A
2026-07-05 01:09:24,281 [DEBUG] [TIME] 186A income_stmt: 0.20s
2026-07-05 01:09:24,486 [DEBUG] [TIME] 186A balance_sheet: 0.20s
2026-07-05 01:09:24,747 [DEBUG] [TIME] 186A cashflow: 0.26s
2026-07-05 01:09:24,839 [DEBUG] [TIME] 186A dividends: 0.09s
2026-07-05 01:09:24,839 [INFO] [DETAIL] 186A アストロスケールホールディングス: income_stmt=OK, balance_sheet=OK, cashflow=OK, dividends=EMPTY
2026-07-05 01:09:24,839 [INFO] [TIME] 186A アストロスケールホールディングス 処理時間: 0.90s
2026-07-05 01:09:26,636 [DEBUG] [TIME] 1870 info: 0.14s
2026-07-05 01:09:26,636 [DEBUG] yfinance OK: 1870
2026-07-05 01:09:26,806 [DEBUG] [TIME] 1870 income_stmt: 0.17s
2026-07-05 01:09:27,052 [DEBUG] [TIME] 1870 balance_sheet: 0.25s
2026-07-05 01:09:27,292 [DEBUG] [TIME] 1870 cashflow: 0.24s
2026-07-05 01:09:27,593 [DEBUG] [TIME] 1870 dividends: 0.30s
2026-07-05 01:09:27,594 [INFO] [DETAIL] 1870 矢作建設工業: income_stmt=OK, balance_sheet=OK, cashflow=OK, dividends=OK
2026-07-05 01:09:27,594 [INFO] [TIME] 1870 矢作建設工業 処理時間: 1.10s
2026-07-05 01:09:28,962 [DEBUG] [TIME] 1871 info: 0.14s
2026-07-05 01:09:28,962 [DEBUG] yfinance OK: 1871
2026-07-05 01:09:29,150 [DEBUG] [TIME] 1871 income_stmt: 0.19s
2026-07-05 01:09:29,396 [DEBUG] [TIME] 1871 balance_sheet: 0.25s
2026-07-05 01:09:29,571 [DEBUG] [TIME] 1871 cashflow: 0.17s
2026-07-05 01:09:29,848 [DEBUG] [TIME] 1871 dividends: 0.28s
2026-07-05 01:09:29,849 [INFO] [DETAIL] 1871 ピーエス・コンストラクション: income_stmt=OK, balance_sheet=OK, cashflow=OK, dividends=OK
2026-07-05 01:09:29,849 [INFO] [TIME] 1871 ピーエス・コンストラクション 処理時間: 1.03s
2026-07-05 01:09:32,069 [DEBUG] [TIME] 1873 info: 0.22s
2026-07-05 01:09:32,069 [DEBUG] yfinance OK: 1873
2026-07-05 01:09:32,261 [DEBUG] [TIME] 1873 income_stmt: 0.19s
2026-07-05 01:09:32,472 [DEBUG] [TIME] 1873 balance_sheet: 0.21s
2026-07-05 01:09:32,666 [DEBUG] [TIME] 1873 cashflow: 0.19s
2026-07-05 01:09:32,951 [DEBUG] [TIME] 1873 dividends: 0.28s
2026-07-05 01:09:32,952 [INFO] [DETAIL] 1873 日本ハウスホールディングス: income_stmt=OK, balance_sheet=OK, cashflow=OK, dividends=OK
2026-07-05 01:09:32,952 [INFO] [TIME] 1873 日本ハウスホールディングス 処理時間: 1.10s
2026-07-05 01:09:34,647 [DEBUG] [TIME] 1878 info: 0.15s
2026-07-05 01:09:34,647 [DEBUG] yfinance OK: 1878
2026-07-05 01:09:34,813 [DEBUG] [TIME] 1878 income_stmt: 0.17s
2026-07-05 01:09:35,054 [DEBUG] [TIME] 1878 balance_sheet: 0.24s
2026-07-05 01:09:35,259 [DEBUG] [TIME] 1878 cashflow: 0.20s
2026-07-05 01:09:35,562 [DEBUG] [TIME] 1878 dividends: 0.30s
2026-07-05 01:09:35,564 [INFO] [DETAIL] 1878 大東建託: income_stmt=OK, balance_sheet=OK, cashflow=OK, dividends=OK
2026-07-05 01:09:35,564 [INFO] [TIME] 1878 大東建託 処理時間: 1.06s
2026-07-05 01:09:37,148 [DEBUG] [TIME] 1879 info: 0.17s
2026-07-05 01:09:37,148 [DEBUG] yfinance OK: 1879
2026-07-05 01:09:37,358 [DEBUG] [TIME] 1879 income_stmt: 0.21s
2026-07-05 01:09:37,610 [DEBUG] [TIME] 1879 balance_sheet: 0.25s
2026-07-05 01:09:37,817 [DEBUG] [TIME] 1879 cashflow: 0.21s
2026-07-05 01:09:38,082 [DEBUG] [TIME] 1879 dividends: 0.26s
2026-07-05 01:09:38,083 [INFO] [DETAIL] 1879 新日本建設: income_stmt=OK, balance_sheet=OK, cashflow=OK, dividends=OK
2026-07-05 01:09:38,083 [INFO] [TIME] 1879 新日本建設 処理時間: 1.11s
2026-07-05 01:09:40,042 [DEBUG] [TIME] 1882 info: 0.15s
2026-07-05 01:09:40,042 [DEBUG] yfinance OK: 1882
2026-07-05 01:09:40,224 [DEBUG] [TIME] 1882 income_stmt: 0.18s
2026-07-05 01:09:40,436 [DEBUG] [TIME] 1882 balance_sheet: 0.21s
2026-07-05 01:09:40,643 [DEBUG] [TIME] 1882 cashflow: 0.21s
2026-07-05 01:09:40,888 [DEBUG] [TIME] 1882 dividends: 0.24s
2026-07-05 01:09:40,889 [INFO] [DETAIL] 1882 東亜道路工業: income_stmt=OK, balance_sheet=OK, cashflow=OK, dividends=OK
2026-07-05 01:09:40,889 [INFO] [TIME] 1882 東亜道路工業 処理時間: 0.99s
2026-07-05 01:09:42,122 [DEBUG] [TIME] 1885 info: 0.15s
2026-07-05 01:09:42,122 [DEBUG] yfinance OK: 1885
2026-07-05 01:09:42,308 [DEBUG] [TIME] 1885 income_stmt: 0.19s
2026-07-05 01:09:42,588 [DEBUG] [TIME] 1885 balance_sheet: 0.28s
2026-07-05 01:09:42,789 [DEBUG] [TIME] 1885 cashflow: 0.20s
2026-07-05 01:09:43,079 [DEBUG] [TIME] 1885 dividends: 0.29s
2026-07-05 01:09:43,080 [INFO] [DETAIL] 1885 東亜建設工業: income_stmt=OK, balance_sheet=OK, cashflow=OK, dividends=OK
2026-07-05 01:09:43,080 [INFO] [TIME] 1885 東亜建設工業 処理時間: 1.10s
2026-07-05 01:09:44,296 [DEBUG] [TIME] 1887 info: 0.21s
2026-07-05 01:09:44,296 [DEBUG] yfinance OK: 1887
2026-07-05 01:09:44,475 [DEBUG] [TIME] 1887 income_stmt: 0.18s
2026-07-05 01:09:44,729 [DEBUG] [TIME] 1887 balance_sheet: 0.25s
2026-07-05 01:09:44,923 [DEBUG] [TIME] 1887 cashflow: 0.19s
2026-07-05 01:09:45,118 [DEBUG] [TIME] 1887 dividends: 0.19s
2026-07-05 01:09:45,119 [INFO] [DETAIL] 1887 日本国土開発: income_stmt=OK, balance_sheet=OK, cashflow=OK, dividends=OK
2026-07-05 01:09:45,119 [INFO] [TIME] 1887 日本国土開発 処理時間: 1.03s
2026-07-05 01:09:47,074 [DEBUG] [TIME] 1888 info: 0.14s
2026-07-05 01:09:47,074 [DEBUG] yfinance OK: 1888
2026-07-05 01:09:47,314 [DEBUG] [TIME] 1888 income_stmt: 0.24s
2026-07-05 01:09:47,564 [DEBUG] [TIME] 1888 balance_sheet: 0.25s
2026-07-05 01:09:47,786 [DEBUG] [TIME] 1888 cashflow: 0.22s
2026-07-05 01:09:48,123 [DEBUG] [TIME] 1888 dividends: 0.34s
2026-07-05 01:09:48,124 [INFO] [DETAIL] 1888 若築建設: income_stmt=OK, balance_sheet=OK, cashflow=OK, dividends=OK
2026-07-05 01:09:48,124 [INFO] [TIME] 1888 若築建設 処理時間: 1.19s
2026-07-05 01:09:50,037 [DEBUG] [TIME] 1893 info: 0.14s
2026-07-05 01:09:50,037 [DEBUG] yfinance OK: 1893
2026-07-05 01:09:50,206 [DEBUG] [TIME] 1893 income_stmt: 0.17s
2026-07-05 01:09:50,557 [DEBUG] [TIME] 1893 balance_sheet: 0.35s
2026-07-05 01:09:50,827 [DEBUG] [TIME] 1893 cashflow: 0.27s
2026-07-05 01:09:51,247 [DEBUG] [TIME] 1893 dividends: 0.42s
2026-07-05 01:09:51,248 [INFO] [DETAIL] 1893 五洋建設: income_stmt=OK, balance_sheet=OK, cashflow=OK, dividends=OK
2026-07-05 01:09:51,248 [INFO] [TIME] 1893 五洋建設 処理時間: 1.36s
2026-07-05 01:09:53,359 [DEBUG] [TIME] 1897 info: 0.14s
2026-07-05 01:09:53,359 [DEBUG] yfinance OK: 1897
2026-07-05 01:09:53,547 [DEBUG] [TIME] 1897 income_stmt: 0.19s
2026-07-05 01:09:53,820 [DEBUG] [TIME] 1897 balance_sheet: 0.27s
2026-07-05 01:09:54,043 [DEBUG] [TIME] 1897 cashflow: 0.22s
2026-07-05 01:09:54,397 [DEBUG] [TIME] 1897 dividends: 0.35s
2026-07-05 01:09:54,398 [INFO] [DETAIL] 1897 金下建設: income_stmt=OK, balance_sheet=OK, cashflow=OK, dividends=OK
2026-07-05 01:09:54,398 [INFO] [TIME] 1897 金下建設 処理時間: 1.18s
2026-07-05 01:09:55,622 [DEBUG] [TIME] 1898 info: 0.15s
2026-07-05 01:09:55,622 [DEBUG] yfinance OK: 1898
2026-07-05 01:09:55,806 [DEBUG] [TIME] 1898 income_stmt: 0.18s
2026-07-05 01:09:56,032 [DEBUG] [TIME] 1898 balance_sheet: 0.23s
2026-07-05 01:09:56,211 [DEBUG] [TIME] 1898 cashflow: 0.18s
2026-07-05 01:09:56,610 [DEBUG] [TIME] 1898 dividends: 0.40s
2026-07-05 01:09:56,611 [INFO] [DETAIL] 1898 世紀東急工業: income_stmt=OK, balance_sheet=OK, cashflow=OK, dividends=OK
2026-07-05 01:09:56,611 [INFO] [TIME] 1898 世紀東急工業 処理時間: 1.14s
2026-07-05 01:09:58,425 [DEBUG] [TIME] 1899 info: 0.15s
2026-07-05 01:09:58,425 [DEBUG] yfinance OK: 1899
2026-07-05 01:09:58,619 [DEBUG] [TIME] 1899 income_stmt: 0.19s
2026-07-05 01:09:58,879 [DEBUG] [TIME] 1899 balance_sheet: 0.26s
2026-07-05 01:09:59,111 [DEBUG] [TIME] 1899 cashflow: 0.23s
2026-07-05 01:09:59,399 [DEBUG] [TIME] 1899 dividends: 0.29s
2026-07-05 01:09:59,400 [INFO] [DETAIL] 1899 福田組: income_stmt=OK, balance_sheet=OK, cashflow=OK, dividends=OK
2026-07-05 01:09:59,400 [INFO] [TIME] 1899 福田組 処理時間: 1.12s
2026-07-05 01:10:00,973 [DEBUG] [TIME] 189A info: 0.15s
2026-07-05 01:10:00,973 [DEBUG] yfinance OK: 189A
2026-07-05 01:10:01,161 [DEBUG] [TIME] 189A income_stmt: 0.19s
2026-07-05 01:10:01,418 [DEBUG] [TIME] 189A balance_sheet: 0.26s
2026-07-05 01:10:01,594 [DEBUG] [TIME] 189A cashflow: 0.17s
2026-07-05 01:10:01,680 [DEBUG] [TIME] 189A dividends: 0.09s
2026-07-05 01:10:01,681 [INFO] [DETAIL] 189A Ｄ＆Ｍカンパニー: income_stmt=OK, balance_sheet=OK, cashflow=OK, dividends=OK
2026-07-05 01:10:01,681 [INFO] [TIME] 189A Ｄ＆Ｍカンパニー 処理時間: 0.85s
2026-07-05 01:10:03,752 [DEBUG] [TIME] 1904 info: 0.15s
2026-07-05 01:10:03,752 [DEBUG] yfinance OK: 1904
2026-07-05 01:10:03,955 [DEBUG] [TIME] 1904 income_stmt: 0.20s
2026-07-05 01:10:04,182 [DEBUG] [TIME] 1904 balance_sheet: 0.23s
2026-07-05 01:10:04,407 [DEBUG] [TIME] 1904 cashflow: 0.22s
2026-07-05 01:10:04,716 [DEBUG] [TIME] 1904 dividends: 0.31s
2026-07-05 01:10:04,717 [INFO] [DETAIL] 1904 大成温調: income_stmt=OK, balance_sheet=OK, cashflow=OK, dividends=OK
2026-07-05 01:10:04,717 [INFO] [TIME] 1904 大成温調 処理時間: 1.11s
2026-07-05 01:10:06,793 [DEBUG] [TIME] 1905 info: 0.15s
2026-07-05 01:10:06,793 [DEBUG] yfinance OK: 1905
2026-07-05 01:10:07,028 [DEBUG] [TIME] 1905 income_stmt: 0.23s
2026-07-05 01:10:07,252 [DEBUG] [TIME] 1905 balance_sheet: 0.22s
2026-07-05 01:10:07,415 [DEBUG] [TIME] 1905 cashflow: 0.16s
2026-07-05 01:10:07,716 [DEBUG] [TIME] 1905 dividends: 0.30s
2026-07-05 01:10:07,717 [INFO] [DETAIL] 1905 テノックス: income_stmt=OK, balance_sheet=OK, cashflow=OK, dividends=OK
2026-07-05 01:10:07,717 [INFO] [TIME] 1905 テノックス 処理時間: 1.07s
2026-07-05 01:10:09,191 [DEBUG] [TIME] 1909 info: 0.14s
2026-07-05 01:10:09,192 [DEBUG] yfinance OK: 1909
2026-07-05 01:10:09,371 [DEBUG] [TIME] 1909 income_stmt: 0.18s
2026-07-05 01:10:09,614 [DEBUG] [TIME] 1909 balance_sheet: 0.24s
2026-07-05 01:10:09,823 [DEBUG] [TIME] 1909 cashflow: 0.21s
2026-07-05 01:10:10,041 [DEBUG] [TIME] 1909 dividends: 0.22s
2026-07-05 01:10:10,042 [INFO] [DETAIL] 1909 日本ドライケミカル: income_stmt=OK, balance_sheet=OK, cashflow=OK, dividends=OK
2026-07-05 01:10:10,042 [INFO] [TIME] 1909 日本ドライケミカル 処理時間: 0.99s
2026-07-05 01:10:11,483 [DEBUG] [TIME] 190A info: 0.15s
2026-07-05 01:10:11,483 [DEBUG] yfinance OK: 190A
2026-07-05 01:10:11,670 [DEBUG] [TIME] 190A income_stmt: 0.19s
2026-07-05 01:10:11,873 [DEBUG] [TIME] 190A balance_sheet: 0.20s
2026-07-05 01:10:12,103 [DEBUG] [TIME] 190A cashflow: 0.23s
2026-07-05 01:10:12,182 [DEBUG] [TIME] 190A dividends: 0.08s
2026-07-05 01:10:12,182 [INFO] [DETAIL] 190A Ｃｈｏｒｄｉａ　Ｔｈｅｒａｐｅｕｔｉｃｓ: income_stmt=OK, balance_sheet=OK, cashflow=OK, dividends=EMPTY
2026-07-05 01:10:12,182 [INFO] [TIME] 190A Ｃｈｏｒｄｉａ　Ｔｈｅｒａｐｅｕｔｉｃｓ 処理時間: 0.85s
2026-07-05 01:10:14,352 [DEBUG] [TIME] 1911 info: 0.18s
2026-07-05 01:10:14,352 [DEBUG] yfinance OK: 1911
2026-07-05 01:10:14,518 [DEBUG] [TIME] 1911 income_stmt: 0.17s
2026-07-05 01:10:14,778 [DEBUG] [TIME] 1911 balance_sheet: 0.26s
2026-07-05 01:10:15,028 [DEBUG] [TIME] 1911 cashflow: 0.25s
2026-07-05 01:10:15,370 [DEBUG] [TIME] 1911 dividends: 0.34s
2026-07-05 01:10:15,371 [INFO] [DETAIL] 1911 住友林業: income_stmt=OK, balance_sheet=OK, cashflow=OK, dividends=OK
2026-07-05 01:10:15,371 [INFO] [TIME] 1911 住友林業 処理時間: 1.20s
2026-07-05 01:10:16,919 [DEBUG] [TIME] 1914 info: 0.14s
2026-07-05 01:10:16,919 [DEBUG] yfinance OK: 1914
2026-07-05 01:10:17,145 [DEBUG] [TIME] 1914 income_stmt: 0.23s
2026-07-05 01:10:17,393 [DEBUG] [TIME] 1914 balance_sheet: 0.25s
2026-07-05 01:10:17,590 [DEBUG] [TIME] 1914 cashflow: 0.20s
2026-07-05 01:10:17,849 [DEBUG] [TIME] 1914 dividends: 0.26s
2026-07-05 01:10:17,850 [INFO] [DETAIL] 1914 日本基礎技術: income_stmt=OK, balance_sheet=OK, cashflow=OK, dividends=OK
2026-07-05 01:10:17,850 [INFO] [TIME] 1914 日本基礎技術 処理時間: 1.07s
2026-07-05 01:10:19,968 [DEBUG] [TIME] 1921 info: 0.14s
2026-07-05 01:10:19,968 [DEBUG] yfinance OK: 1921
2026-07-05 01:10:20,143 [DEBUG] [TIME] 1921 income_stmt: 0.18s
2026-07-05 01:10:20,356 [DEBUG] [TIME] 1921 balance_sheet: 0.21s
2026-07-05 01:10:20,527 [DEBUG] [TIME] 1921 cashflow: 0.17s
2026-07-05 01:10:21,019 [DEBUG] [TIME] 1921 dividends: 0.49s
2026-07-05 01:10:21,020 [INFO] [DETAIL] 1921 巴コーポレーション: income_stmt=OK, balance_sheet=OK, cashflow=OK, dividends=OK
2026-07-05 01:10:21,020 [INFO] [TIME] 1921 巴コーポレーション 処理時間: 1.20s
2026-07-05 01:10:22,999 [DEBUG] [TIME] 1925 info: 0.18s
2026-07-05 01:10:22,999 [DEBUG] yfinance OK: 1925
2026-07-05 01:10:23,247 [DEBUG] [TIME] 1925 income_stmt: 0.25s
2026-07-05 01:10:23,486 [DEBUG] [TIME] 1925 balance_sheet: 0.24s
2026-07-05 01:10:23,686 [DEBUG] [TIME] 1925 cashflow: 0.20s
2026-07-05 01:10:23,996 [DEBUG] [TIME] 1925 dividends: 0.31s
2026-07-05 01:10:23,997 [INFO] [DETAIL] 1925 大和ハウス工業: income_stmt=OK, balance_sheet=OK, cashflow=OK, dividends=OK
2026-07-05 01:10:23,997 [INFO] [TIME] 1925 大和ハウス工業 処理時間: 1.18s
2026-07-05 01:10:25,640 [DEBUG] [TIME] 1926 info: 0.14s
2026-07-05 01:10:25,640 [DEBUG] yfinance OK: 1926
2026-07-05 01:10:25,820 [DEBUG] [TIME] 1926 income_stmt: 0.18s
2026-07-05 01:10:26,052 [DEBUG] [TIME] 1926 balance_sheet: 0.23s
2026-07-05 01:10:26,234 [DEBUG] [TIME] 1926 cashflow: 0.18s
2026-07-05 01:10:26,550 [DEBUG] [TIME] 1926 dividends: 0.31s
2026-07-05 01:10:26,551 [INFO] [DETAIL] 1926 ライト工業: income_stmt=OK, balance_sheet=OK, cashflow=OK, dividends=OK
2026-07-05 01:10:26,551 [INFO] [TIME] 1926 ライト工業 処理時間: 1.05s
2026-07-05 01:10:27,936 [DEBUG] [TIME] 1928 info: 0.19s
2026-07-05 01:10:27,937 [DEBUG] yfinance OK: 1928
2026-07-05 01:10:28,119 [DEBUG] [TIME] 1928 income_stmt: 0.18s
2026-07-05 01:10:28,416 [DEBUG] [TIME] 1928 balance_sheet: 0.30s
2026-07-05 01:10:28,637 [DEBUG] [TIME] 1928 cashflow: 0.22s
2026-07-05 01:10:28,939 [DEBUG] [TIME] 1928 dividends: 0.30s
2026-07-05 01:10:28,940 [INFO] [DETAIL] 1928 積水ハウス: income_stmt=OK, balance_sheet=OK, cashflow=OK, dividends=OK
2026-07-05 01:10:28,940 [INFO] [TIME] 1928 積水ハウス 処理時間: 1.20s
2026-07-05 01:10:30,433 [DEBUG] [TIME] 1929 info: 0.22s
2026-07-05 01:10:30,433 [DEBUG] yfinance OK: 1929
2026-07-05 01:10:30,611 [DEBUG] [TIME] 1929 income_stmt: 0.18s
2026-07-05 01:10:30,838 [DEBUG] [TIME] 1929 balance_sheet: 0.23s
2026-07-05 01:10:31,103 [DEBUG] [TIME] 1929 cashflow: 0.26s
2026-07-05 01:10:31,394 [DEBUG] [TIME] 1929 dividends: 0.29s
2026-07-05 01:10:31,396 [INFO] [DETAIL] 1929 日特建設: income_stmt=OK, balance_sheet=OK, cashflow=OK, dividends=OK
2026-07-05 01:10:31,396 [INFO] [TIME] 1929 日特建設 処理時間: 1.18s
2026-07-05 01:10:32,577 [DEBUG] [TIME] 192A info: 0.14s
2026-07-05 01:10:32,577 [DEBUG] yfinance OK: 192A
2026-07-05 01:10:32,770 [DEBUG] [TIME] 192A income_stmt: 0.19s
2026-07-05 01:10:33,000 [DEBUG] [TIME] 192A balance_sheet: 0.23s
2026-07-05 01:10:33,256 [DEBUG] [TIME] 192A cashflow: 0.26s
2026-07-05 01:10:33,352 [DEBUG] [TIME] 192A dividends: 0.10s
2026-07-05 01:10:33,353 [INFO] [DETAIL] 192A インテグループ: income_stmt=OK, balance_sheet=OK, cashflow=OK, dividends=OK
2026-07-05 01:10:33,353 [INFO] [TIME] 192A インテグループ 処理時間: 0.92s
2026-07-05 01:10:35,210 [DEBUG] [TIME] 1930 info: 0.16s
2026-07-05 01:10:35,210 [DEBUG] yfinance OK: 1930
2026-07-05 01:10:35,391 [DEBUG] [TIME] 1930 income_stmt: 0.18s
2026-07-05 01:10:35,666 [DEBUG] [TIME] 1930 balance_sheet: 0.27s
2026-07-05 01:10:35,890 [DEBUG] [TIME] 1930 cashflow: 0.22s
2026-07-05 01:10:36,298 [DEBUG] [TIME] 1930 dividends: 0.41s
2026-07-05 01:10:36,299 [INFO] [DETAIL] 1930 北陸電気工事: income_stmt=OK, balance_sheet=OK, cashflow=OK, dividends=OK
2026-07-05 01:10:36,299 [INFO] [TIME] 1930 北陸電気工事 処理時間: 1.25s
2026-07-05 01:10:38,308 [DEBUG] [TIME] 1934 info: 0.14s
2026-07-05 01:10:38,308 [DEBUG] yfinance OK: 1934
2026-07-05 01:10:38,473 [DEBUG] [TIME] 1934 income_stmt: 0.16s
2026-07-05 01:10:38,676 [DEBUG] [TIME] 1934 balance_sheet: 0.20s
2026-07-05 01:10:38,858 [DEBUG] [TIME] 1934 cashflow: 0.18s
2026-07-05 01:10:39,207 [DEBUG] [TIME] 1934 dividends: 0.35s
2026-07-05 01:10:39,208 [INFO] [DETAIL] 1934 ユアテック: income_stmt=OK, balance_sheet=OK, cashflow=OK, dividends=OK
2026-07-05 01:10:39,208 [INFO] [TIME] 1934 ユアテック 処理時間: 1.04s
2026-07-05 01:10:40,434 [DEBUG] [TIME] 1938 info: 0.17s
2026-07-05 01:10:40,434 [DEBUG] yfinance OK: 1938
2026-07-05 01:10:40,617 [DEBUG] [TIME] 1938 income_stmt: 0.18s
2026-07-05 01:10:40,845 [DEBUG] [TIME] 1938 balance_sheet: 0.23s
2026-07-05 01:10:41,053 [DEBUG] [TIME] 1938 cashflow: 0.21s
2026-07-05 01:10:41,303 [DEBUG] [TIME] 1938 dividends: 0.25s
2026-07-05 01:10:41,304 [INFO] [DETAIL] 1938 日本リーテック: income_stmt=OK, balance_sheet=OK, cashflow=OK, dividends=OK
2026-07-05 01:10:41,304 [INFO] [TIME] 1938 日本リーテック 処理時間: 1.04s
2026-07-05 01:10:42,514 [DEBUG] [TIME] 1939 info: 0.15s
2026-07-05 01:10:42,514 [DEBUG] yfinance OK: 1939
2026-07-05 01:10:42,758 [DEBUG] [TIME] 1939 income_stmt: 0.24s
2026-07-05 01:10:43,018 [DEBUG] [TIME] 1939 balance_sheet: 0.26s
2026-07-05 01:10:43,219 [DEBUG] [TIME] 1939 cashflow: 0.20s
2026-07-05 01:10:43,556 [DEBUG] [TIME] 1939 dividends: 0.34s
2026-07-05 01:10:43,557 [INFO] [DETAIL] 1939 四電工: income_stmt=OK, balance_sheet=OK, cashflow=OK, dividends=OK
2026-07-05 01:10:43,557 [INFO] [TIME] 1939 四電工 処理時間: 1.20s
2026-07-05 01:10:45,269 [DEBUG] [TIME] 1941 info: 0.14s
2026-07-05 01:10:45,269 [DEBUG] yfinance OK: 1941
2026-07-05 01:10:45,474 [DEBUG] [TIME] 1941 income_stmt: 0.21s
2026-07-05 01:10:45,716 [DEBUG] [TIME] 1941 balance_sheet: 0.24s
2026-07-05 01:10:45,903 [DEBUG] [TIME] 1941 cashflow: 0.19s
2026-07-05 01:10:46,202 [DEBUG] [TIME] 1941 dividends: 0.30s
2026-07-05 01:10:46,203 [INFO] [DETAIL] 1941 中電工: income_stmt=OK, balance_sheet=OK, cashflow=OK, dividends=OK
2026-07-05 01:10:46,203 [INFO] [TIME] 1941 中電工 処理時間: 1.07s
2026-07-05 01:10:48,172 [DEBUG] [TIME] 1942 info: 0.15s
2026-07-05 01:10:48,172 [DEBUG] yfinance OK: 1942
2026-07-05 01:10:48,365 [DEBUG] [TIME] 1942 income_stmt: 0.19s
2026-07-05 01:10:48,590 [DEBUG] [TIME] 1942 balance_sheet: 0.22s
2026-07-05 01:10:48,780 [DEBUG] [TIME] 1942 cashflow: 0.19s
2026-07-05 01:10:49,046 [DEBUG] [TIME] 1942 dividends: 0.27s
2026-07-05 01:10:49,047 [INFO] [DETAIL] 1942 関電工: income_stmt=OK, balance_sheet=OK, cashflow=OK, dividends=OK
2026-07-05 01:10:49,047 [INFO] [TIME] 1942 関電工 処理時間: 1.02s
2026-07-05 01:10:50,917 [DEBUG] [TIME] 1944 info: 0.16s
2026-07-05 01:10:50,917 [DEBUG] yfinance OK: 1944
2026-07-05 01:10:51,110 [DEBUG] [TIME] 1944 income_stmt: 0.19s
2026-07-05 01:10:51,342 [DEBUG] [TIME] 1944 balance_sheet: 0.23s
2026-07-05 01:10:51,533 [DEBUG] [TIME] 1944 cashflow: 0.19s
2026-07-05 01:10:51,798 [DEBUG] [TIME] 1944 dividends: 0.26s
2026-07-05 01:10:51,799 [INFO] [DETAIL] 1944 きんでん: income_stmt=OK, balance_sheet=OK, cashflow=OK, dividends=OK
2026-07-05 01:10:51,799 [INFO] [TIME] 1944 きんでん 処理時間: 1.04s
2026-07-05 01:10:53,210 [DEBUG] [TIME] 1945 info: 0.15s
2026-07-05 01:10:53,211 [DEBUG] yfinance OK: 1945
2026-07-05 01:10:53,394 [DEBUG] [TIME] 1945 income_stmt: 0.18s
2026-07-05 01:10:53,645 [DEBUG] [TIME] 1945 balance_sheet: 0.25s
2026-07-05 01:10:53,848 [DEBUG] [TIME] 1945 cashflow: 0.20s
2026-07-05 01:10:54,112 [DEBUG] [TIME] 1945 dividends: 0.26s
2026-07-05 01:10:54,113 [INFO] [DETAIL] 1945 東京エネシス: income_stmt=OK, balance_sheet=OK, cashflow=OK, dividends=OK
2026-07-05 01:10:54,113 [INFO] [TIME] 1945 東京エネシス 処理時間: 1.05s
2026-07-05 01:10:55,915 [DEBUG] [TIME] 1946 info: 0.14s
2026-07-05 01:10:55,915 [DEBUG] yfinance OK: 1946
2026-07-05 01:10:56,083 [DEBUG] [TIME] 1946 income_stmt: 0.17s
2026-07-05 01:10:56,342 [DEBUG] [TIME] 1946 balance_sheet: 0.26s
2026-07-05 01:10:56,555 [DEBUG] [TIME] 1946 cashflow: 0.21s
2026-07-05 01:10:56,857 [DEBUG] [TIME] 1946 dividends: 0.30s
2026-07-05 01:10:56,858 [INFO] [DETAIL] 1946 トーエネック: income_stmt=OK, balance_sheet=OK, cashflow=OK, dividends=OK
2026-07-05 01:10:56,858 [INFO] [TIME] 1946 トーエネック 処理時間: 1.09s
2026-07-05 01:10:58,948 [DEBUG] [TIME] 1948 info: 0.18s
2026-07-05 01:10:58,948 [DEBUG] yfinance OK: 1948
2026-07-05 01:10:59,126 [DEBUG] [TIME] 1948 income_stmt: 0.18s
2026-07-05 01:10:59,325 [DEBUG] [TIME] 1948 balance_sheet: 0.20s
2026-07-05 01:10:59,488 [DEBUG] [TIME] 1948 cashflow: 0.16s
2026-07-05 01:10:59,771 [DEBUG] [TIME] 1948 dividends: 0.28s
2026-07-05 01:10:59,772 [INFO] [DETAIL] 1948 弘電社: income_stmt=OK, balance_sheet=OK, cashflow=OK, dividends=OK
2026-07-05 01:10:59,772 [INFO] [TIME] 1948 弘電社 処理時間: 1.01s
2026-07-05 01:11:01,416 [DEBUG] [TIME] 194A info: 0.14s
2026-07-05 01:11:01,416 [DEBUG] yfinance OK: 194A
2026-07-05 01:11:01,610 [DEBUG] [TIME] 194A income_stmt: 0.19s
2026-07-05 01:11:01,862 [DEBUG] [TIME] 194A balance_sheet: 0.25s
2026-07-05 01:11:02,071 [DEBUG] [TIME] 194A cashflow: 0.21s
2026-07-05 01:11:02,146 [DEBUG] [TIME] 194A dividends: 0.07s
2026-07-05 01:11:02,146 [INFO] [DETAIL] 194A ＷＯＬＶＥＳ　ＨＡＮＤ: income_stmt=OK, balance_sheet=OK, cashflow=OK, dividends=EMPTY
2026-07-05 01:11:02,146 [INFO] [TIME] 194A ＷＯＬＶＥＳ　ＨＡＮＤ 処理時間: 0.87s
2026-07-05 01:11:03,526 [DEBUG] [TIME] 1950 info: 0.14s
2026-07-05 01:11:03,526 [DEBUG] yfinance OK: 1950
2026-07-05 01:11:03,696 [DEBUG] [TIME] 1950 income_stmt: 0.17s
2026-07-05 01:11:03,879 [DEBUG] [TIME] 1950 balance_sheet: 0.18s
2026-07-05 01:11:04,132 [DEBUG] [TIME] 1950 cashflow: 0.25s
2026-07-05 01:11:04,396 [DEBUG] [TIME] 1950 dividends: 0.26s
2026-07-05 01:11:04,397 [INFO] [DETAIL] 1950 日本電設工業: income_stmt=OK, balance_sheet=OK, cashflow=OK, dividends=OK
2026-07-05 01:11:04,397 [INFO] [TIME] 1950 日本電設工業 処理時間: 1.01s
2026-07-05 01:11:05,613 [DEBUG] [TIME] 1951 info: 0.17s
2026-07-05 01:11:05,613 [DEBUG] yfinance OK: 1951
2026-07-05 01:11:05,794 [DEBUG] [TIME] 1951 income_stmt: 0.18s
2026-07-05 01:11:06,031 [DEBUG] [TIME] 1951 balance_sheet: 0.24s
2026-07-05 01:11:06,219 [DEBUG] [TIME] 1951 cashflow: 0.19s
2026-07-05 01:11:06,521 [DEBUG] [TIME] 1951 dividends: 0.30s
2026-07-05 01:11:06,522 [INFO] [DETAIL] 1951 エクシオグループ: income_stmt=OK, balance_sheet=OK, cashflow=OK, dividends=OK
2026-07-05 01:11:06,522 [INFO] [TIME] 1951 エクシオグループ 処理時間: 1.08s
2026-07-05 01:11:08,345 [DEBUG] [TIME] 1952 info: 0.15s
2026-07-05 01:11:08,345 [DEBUG] yfinance OK: 1952
2026-07-05 01:11:08,933 [DEBUG] [TIME] 1952 income_stmt: 0.59s
2026-07-05 01:11:09,204 [DEBUG] [TIME] 1952 balance_sheet: 0.27s
2026-07-05 01:11:09,407 [DEBUG] [TIME] 1952 cashflow: 0.20s
2026-07-05 01:11:09,667 [DEBUG] [TIME] 1952 dividends: 0.26s
2026-07-05 01:11:09,667 [INFO] [DETAIL] 1952 新日本空調: income_stmt=OK, balance_sheet=OK, cashflow=OK, dividends=OK
2026-07-05 01:11:09,668 [INFO] [TIME] 1952 新日本空調 処理時間: 1.47s
2026-07-05 01:11:11,790 [DEBUG] [TIME] 1959 info: 0.15s
2026-07-05 01:11:11,790 [DEBUG] yfinance OK: 1959
2026-07-05 01:11:11,955 [DEBUG] [TIME] 1959 income_stmt: 0.16s
2026-07-05 01:11:12,180 [DEBUG] [TIME] 1959 balance_sheet: 0.22s
2026-07-05 01:11:12,359 [DEBUG] [TIME] 1959 cashflow: 0.18s
2026-07-05 01:11:12,620 [DEBUG] [TIME] 1959 dividends: 0.26s
2026-07-05 01:11:12,621 [INFO] [DETAIL] 1959 クラフティア: income_stmt=OK, balance_sheet=OK, cashflow=OK, dividends=OK
2026-07-05 01:11:12,621 [INFO] [TIME] 1959 クラフティア 処理時間: 0.98s
2026-07-05 01:11:14,012 [DEBUG] [TIME] 195A info: 0.18s
2026-07-05 01:11:14,012 [DEBUG] yfinance OK: 195A
2026-07-05 01:11:14,172 [DEBUG] [TIME] 195A income_stmt: 0.16s
2026-07-05 01:11:14,408 [DEBUG] [TIME] 195A balance_sheet: 0.24s
2026-07-05 01:11:14,606 [DEBUG] [TIME] 195A cashflow: 0.20s
2026-07-05 01:11:14,686 [DEBUG] [TIME] 195A dividends: 0.08s
2026-07-05 01:11:14,686 [INFO] [DETAIL] 195A ＭＵＳＣＡＴ　ＧＲＯＵＰ: income_stmt=OK, balance_sheet=OK, cashflow=OK, dividends=EMPTY
2026-07-05 01:11:14,686 [INFO] [TIME] 195A ＭＵＳＣＡＴ　ＧＲＯＵＰ 処理時間: 0.85s
2026-07-05 01:11:16,427 [DEBUG] [TIME] 1960 info: 0.14s
2026-07-05 01:11:16,427 [DEBUG] yfinance OK: 1960
2026-07-05 01:11:16,640 [DEBUG] [TIME] 1960 income_stmt: 0.21s
2026-07-05 01:11:16,838 [DEBUG] [TIME] 1960 balance_sheet: 0.20s
2026-07-05 01:11:17,065 [DEBUG] [TIME] 1960 cashflow: 0.23s
2026-07-05 01:11:17,329 [DEBUG] [TIME] 1960 dividends: 0.26s
2026-07-05 01:11:17,330 [INFO] [DETAIL] 1960 サンテック: income_stmt=OK, balance_sheet=OK, cashflow=OK, dividends=OK
2026-07-05 01:11:17,330 [INFO] [TIME] 1960 サンテック 処理時間: 1.05s
2026-07-05 01:11:19,186 [DEBUG] [TIME] 1961 info: 0.18s
2026-07-05 01:11:19,186 [DEBUG] yfinance OK: 1961
2026-07-05 01:11:19,372 [DEBUG] [TIME] 1961 income_stmt: 0.19s
2026-07-05 01:11:19,607 [DEBUG] [TIME] 1961 balance_sheet: 0.23s
2026-07-05 01:11:19,781 [DEBUG] [TIME] 1961 cashflow: 0.17s
2026-07-05 01:11:20,066 [DEBUG] [TIME] 1961 dividends: 0.28s
2026-07-05 01:11:20,067 [INFO] [DETAIL] 1961 三機工業: income_stmt=OK, balance_sheet=OK, cashflow=OK, dividends=OK
2026-07-05 01:11:20,067 [INFO] [TIME] 1961 三機工業 処理時間: 1.07s
2026-07-05 01:11:22,044 [DEBUG] [TIME] 1963 info: 0.19s
2026-07-05 01:11:22,045 [DEBUG] yfinance OK: 1963
2026-07-05 01:11:22,225 [DEBUG] [TIME] 1963 income_stmt: 0.18s
2026-07-05 01:11:22,460 [DEBUG] [TIME] 1963 balance_sheet: 0.23s
2026-07-05 01:11:22,730 [DEBUG] [TIME] 1963 cashflow: 0.27s
2026-07-05 01:11:23,042 [DEBUG] [TIME] 1963 dividends: 0.31s
2026-07-05 01:11:23,043 [INFO] [DETAIL] 1963 日揮ホールディングス: income_stmt=OK, balance_sheet=OK, cashflow=OK, dividends=OK
2026-07-05 01:11:23,043 [INFO] [TIME] 1963 日揮ホールディングス 処理時間: 1.18s
2026-07-05 01:11:24,644 [DEBUG] [TIME] 1964 info: 0.17s
2026-07-05 01:11:24,644 [DEBUG] yfinance OK: 1964
2026-07-05 01:11:24,821 [DEBUG] [TIME] 1964 income_stmt: 0.18s
2026-07-05 01:11:25,084 [DEBUG] [TIME] 1964 balance_sheet: 0.26s
2026-07-05 01:11:25,310 [DEBUG] [TIME] 1964 cashflow: 0.23s
2026-07-05 01:11:25,590 [DEBUG] [TIME] 1964 dividends: 0.28s
2026-07-05 01:11:25,591 [INFO] [DETAIL] 1964 中外炉工業: income_stmt=OK, balance_sheet=OK, cashflow=OK, dividends=OK
2026-07-05 01:11:25,591 [INFO] [TIME] 1964 中外炉工業 処理時間: 1.12s
2026-07-05 01:11:27,539 [DEBUG] [TIME] 1965 info: 0.20s
2026-07-05 01:11:27,540 [DEBUG] yfinance OK: 1965
2026-07-05 01:11:27,786 [DEBUG] [TIME] 1965 income_stmt: 0.25s
2026-07-05 01:11:28,067 [DEBUG] [TIME] 1965 balance_sheet: 0.28s
2026-07-05 01:11:28,252 [DEBUG] [TIME] 1965 cashflow: 0.18s
2026-07-05 01:11:28,576 [DEBUG] [TIME] 1965 dividends: 0.32s
2026-07-05 01:11:28,577 [INFO] [DETAIL] 1965 テクノ菱和: income_stmt=OK, balance_sheet=OK, cashflow=OK, dividends=OK
2026-07-05 01:11:28,577 [INFO] [TIME] 1965 テクノ菱和 処理時間: 1.23s
2026-07-05 01:11:30,290 [DEBUG] [TIME] 1966 info: 0.15s
2026-07-05 01:11:30,290 [DEBUG] yfinance OK: 1966
2026-07-05 01:11:30,453 [DEBUG] [TIME] 1966 income_stmt: 0.16s
2026-07-05 01:11:30,681 [DEBUG] [TIME] 1966 balance_sheet: 0.23s
2026-07-05 01:11:30,891 [DEBUG] [TIME] 1966 cashflow: 0.21s
2026-07-05 01:11:31,158 [DEBUG] [TIME] 1966 dividends: 0.27s
2026-07-05 01:11:31,159 [INFO] [DETAIL] 1966 高田工業所: income_stmt=OK, balance_sheet=OK, cashflow=OK, dividends=OK
2026-07-05 01:11:31,159 [INFO] [TIME] 1966 高田工業所 処理時間: 1.02s
2026-07-05 01:11:32,520 [DEBUG] [TIME] 1967 info: 0.14s
2026-07-05 01:11:32,520 [DEBUG] yfinance OK: 1967
2026-07-05 01:11:32,724 [DEBUG] [TIME] 1967 income_stmt: 0.20s
2026-07-05 01:11:32,934 [DEBUG] [TIME] 1967 balance_sheet: 0.21s
2026-07-05 01:11:33,150 [DEBUG] [TIME] 1967 cashflow: 0.22s
2026-07-05 01:11:33,414 [DEBUG] [TIME] 1967 dividends: 0.26s
2026-07-05 01:11:33,415 [INFO] [DETAIL] 1967 ヤマト: income_stmt=OK, balance_sheet=OK, cashflow=OK, dividends=OK
2026-07-05 01:11:33,415 [INFO] [TIME] 1967 ヤマト 処理時間: 1.04s
2026-07-05 01:11:35,500 [DEBUG] [TIME] 1968 info: 0.17s
2026-07-05 01:11:35,500 [DEBUG] yfinance OK: 1968
2026-07-05 01:11:35,693 [DEBUG] [TIME] 1968 income_stmt: 0.19s
2026-07-05 01:11:35,938 [DEBUG] [TIME] 1968 balance_sheet: 0.24s
2026-07-05 01:11:36,148 [DEBUG] [TIME] 1968 cashflow: 0.21s
2026-07-05 01:11:36,427 [DEBUG] [TIME] 1968 dividends: 0.28s
2026-07-05 01:11:36,428 [INFO] [DETAIL] 1968 太平電業: income_stmt=OK, balance_sheet=OK, cashflow=OK, dividends=OK
2026-07-05 01:11:36,428 [INFO] [TIME] 1968 太平電業 処理時間: 1.10s
2026-07-05 01:11:38,647 [DEBUG] [TIME] 1969 info: 0.45s
2026-07-05 01:11:38,647 [DEBUG] yfinance OK: 1969
2026-07-05 01:11:38,819 [DEBUG] [TIME] 1969 income_stmt: 0.17s
2026-07-05 01:11:39,085 [DEBUG] [TIME] 1969 balance_sheet: 0.26s
2026-07-05 01:11:39,325 [DEBUG] [TIME] 1969 cashflow: 0.24s
2026-07-05 01:11:39,652 [DEBUG] [TIME] 1969 dividends: 0.33s
2026-07-05 01:11:39,653 [INFO] [DETAIL] 1969 高砂熱学工業: income_stmt=OK, balance_sheet=OK, cashflow=OK, dividends=OK
2026-07-05 01:11:39,653 [INFO] [TIME] 1969 高砂熱学工業 処理時間: 1.46s
2026-07-05 01:11:41,364 [DEBUG] [TIME] 196A info: 0.33s
2026-07-05 01:11:41,364 [DEBUG] yfinance OK: 196A
2026-07-05 01:11:41,548 [DEBUG] [TIME] 196A income_stmt: 0.18s
2026-07-05 01:11:41,779 [DEBUG] [TIME] 196A balance_sheet: 0.23s
2026-07-05 01:11:41,958 [DEBUG] [TIME] 196A cashflow: 0.18s
2026-07-05 01:11:42,049 [DEBUG] [TIME] 196A dividends: 0.09s
2026-07-05 01:11:42,049 [INFO] [DETAIL] 196A ＭＦＳ: income_stmt=OK, balance_sheet=OK, cashflow=OK, dividends=EMPTY
2026-07-05 01:11:42,049 [INFO] [TIME] 196A ＭＦＳ 処理時間: 1.02s
2026-07-05 01:11:43,675 [DEBUG] [TIME] 1972 info: 0.15s
2026-07-05 01:11:43,676 [DEBUG] yfinance OK: 1972
2026-07-05 01:11:43,882 [DEBUG] [TIME] 1972 income_stmt: 0.21s
2026-07-05 01:11:44,116 [DEBUG] [TIME] 1972 balance_sheet: 0.23s
2026-07-05 01:11:44,327 [DEBUG] [TIME] 1972 cashflow: 0.21s
2026-07-05 01:11:44,661 [DEBUG] [TIME] 1972 dividends: 0.33s
2026-07-05 01:11:44,662 [INFO] [DETAIL] 1972 三晃金属工業: income_stmt=OK, balance_sheet=OK, cashflow=OK, dividends=OK
2026-07-05 01:11:44,662 [INFO] [TIME] 1972 三晃金属工業 処理時間: 1.13s
2026-07-05 01:11:46,791 [DEBUG] [TIME] 1975 info: 0.14s
2026-07-05 01:11:46,791 [DEBUG] yfinance OK: 1975
2026-07-05 01:11:47,013 [DEBUG] [TIME] 1975 income_stmt: 0.22s
2026-07-05 01:11:47,249 [DEBUG] [TIME] 1975 balance_sheet: 0.24s
2026-07-05 01:11:47,459 [DEBUG] [TIME] 1975 cashflow: 0.21s
2026-07-05 01:11:47,750 [DEBUG] [TIME] 1975 dividends: 0.29s
2026-07-05 01:11:47,751 [INFO] [DETAIL] 1975 朝日工業社: income_stmt=OK, balance_sheet=OK, cashflow=OK, dividends=OK
2026-07-05 01:11:47,751 [INFO] [TIME] 1975 朝日工業社 処理時間: 1.10s
2026-07-05 01:11:49,837 [DEBUG] [TIME] 1976 info: 0.14s
2026-07-05 01:11:49,837 [DEBUG] yfinance OK: 1976
2026-07-05 01:11:50,034 [DEBUG] [TIME] 1976 income_stmt: 0.20s
2026-07-05 01:11:50,271 [DEBUG] [TIME] 1976 balance_sheet: 0.24s
2026-07-05 01:11:50,490 [DEBUG] [TIME] 1976 cashflow: 0.22s
2026-07-05 01:11:50,739 [DEBUG] [TIME] 1976 dividends: 0.25s
2026-07-05 01:11:50,740 [INFO] [DETAIL] 1976 明星工業: income_stmt=OK, balance_sheet=OK, cashflow=OK, dividends=OK
2026-07-05 01:11:50,740 [INFO] [TIME] 1976 明星工業 処理時間: 1.05s
2026-07-05 01:11:52,102 [DEBUG] [TIME] 1979 info: 0.21s
2026-07-05 01:11:52,102 [DEBUG] yfinance OK: 1979
2026-07-05 01:11:52,296 [DEBUG] [TIME] 1979 income_stmt: 0.19s
2026-07-05 01:11:52,533 [DEBUG] [TIME] 1979 balance_sheet: 0.24s
2026-07-05 01:11:52,743 [DEBUG] [TIME] 1979 cashflow: 0.21s
2026-07-05 01:11:53,049 [DEBUG] [TIME] 1979 dividends: 0.31s
2026-07-05 01:11:53,050 [INFO] [DETAIL] 1979 大氣社: income_stmt=OK, balance_sheet=OK, cashflow=OK, dividends=OK
2026-07-05 01:11:53,050 [INFO] [TIME] 1979 大氣社 処理時間: 1.16s
2026-07-05 01:11:54,904 [DEBUG] [TIME] 197A info: 0.14s
2026-07-05 01:11:54,904 [DEBUG] yfinance OK: 197A
2026-07-05 01:11:55,132 [DEBUG] [TIME] 197A income_stmt: 0.23s
2026-07-05 01:11:55,401 [DEBUG] [TIME] 197A balance_sheet: 0.27s
2026-07-05 01:11:55,608 [DEBUG] [TIME] 197A cashflow: 0.21s
2026-07-05 01:11:55,696 [DEBUG] [TIME] 197A dividends: 0.09s
2026-07-05 01:11:55,697 [INFO] [DETAIL] 197A タウンズ: income_stmt=OK, balance_sheet=OK, cashflow=OK, dividends=OK
2026-07-05 01:11:55,697 [INFO] [TIME] 197A タウンズ 処理時間: 0.93s
2026-07-05 01:11:56,895 [DEBUG] [TIME] 1980 info: 0.17s
2026-07-05 01:11:56,895 [DEBUG] yfinance OK: 1980
2026-07-05 01:11:57,074 [DEBUG] [TIME] 1980 income_stmt: 0.18s
2026-07-05 01:11:57,332 [DEBUG] [TIME] 1980 balance_sheet: 0.26s
2026-07-05 01:11:57,538 [DEBUG] [TIME] 1980 cashflow: 0.20s
2026-07-05 01:11:57,810 [DEBUG] [TIME] 1980 dividends: 0.27s
2026-07-05 01:11:57,811 [INFO] [DETAIL] 1980 ダイダン: income_stmt=OK, balance_sheet=OK, cashflow=OK, dividends=OK
2026-07-05 01:11:57,811 [INFO] [TIME] 1980 ダイダン 処理時間: 1.09s
2026-07-05 01:11:59,198 [DEBUG] [TIME] 1981 info: 0.22s
2026-07-05 01:11:59,198 [DEBUG] yfinance OK: 1981
2026-07-05 01:11:59,422 [DEBUG] [TIME] 1981 income_stmt: 0.22s
2026-07-05 01:11:59,695 [DEBUG] [TIME] 1981 balance_sheet: 0.27s
2026-07-05 01:11:59,861 [DEBUG] [TIME] 1981 cashflow: 0.17s
2026-07-05 01:12:00,172 [DEBUG] [TIME] 1981 dividends: 0.31s
2026-07-05 01:12:00,173 [INFO] [DETAIL] 1981 協和日成: income_stmt=OK, balance_sheet=OK, cashflow=OK, dividends=OK
2026-07-05 01:12:00,173 [INFO] [TIME] 1981 協和日成 処理時間: 1.19s
2026-07-05 01:12:01,497 [DEBUG] [TIME] 1982 info: 0.14s
2026-07-05 01:12:01,498 [DEBUG] yfinance OK: 1982
2026-07-05 01:12:01,668 [DEBUG] [TIME] 1982 income_stmt: 0.17s
2026-07-05 01:12:01,923 [DEBUG] [TIME] 1982 balance_sheet: 0.25s
2026-07-05 01:12:02,142 [DEBUG] [TIME] 1982 cashflow: 0.22s
2026-07-05 01:12:02,416 [DEBUG] [TIME] 1982 dividends: 0.27s
2026-07-05 01:12:02,417 [INFO] [DETAIL] 1982 日比谷総合設備: income_stmt=OK, balance_sheet=OK, cashflow=OK, dividends=OK
2026-07-05 01:12:02,417 [INFO] [TIME] 1982 日比谷総合設備 処理時間: 1.06s
2026-07-05 01:12:03,791 [DEBUG] [TIME] 198A info: 0.16s
2026-07-05 01:12:03,791 [DEBUG] yfinance OK: 198A
2026-07-05 01:12:03,943 [DEBUG] [TIME] 198A income_stmt: 0.15s
2026-07-05 01:12:04,163 [DEBUG] [TIME] 198A balance_sheet: 0.22s
2026-07-05 01:12:04,352 [DEBUG] [TIME] 198A cashflow: 0.19s
2026-07-05 01:12:04,442 [DEBUG] [TIME] 198A dividends: 0.09s
2026-07-05 01:12:04,443 [INFO] [DETAIL] 198A ＰｏｓｔＰｒｉｍｅ: income_stmt=OK, balance_sheet=OK, cashflow=OK, dividends=EMPTY
2026-07-05 01:12:04,443 [INFO] [TIME] 198A ＰｏｓｔＰｒｉｍｅ 処理時間: 0.81s
2026-07-05 01:12:06,437 [DEBUG] [TIME] 1992 info: 0.15s
2026-07-05 01:12:06,437 [DEBUG] yfinance OK: 1992
2026-07-05 01:12:06,639 [DEBUG] [TIME] 1992 income_stmt: 0.20s
2026-07-05 01:12:06,895 [DEBUG] [TIME] 1992 balance_sheet: 0.26s
2026-07-05 01:12:07,117 [DEBUG] [TIME] 1992 cashflow: 0.22s
2026-07-05 01:12:07,482 [DEBUG] [TIME] 1992 dividends: 0.36s
2026-07-05 01:12:07,483 [INFO] [DETAIL] 1992 神田通信機: income_stmt=OK, balance_sheet=OK, cashflow=OK, dividends=OK
2026-07-05 01:12:07,483 [INFO] [TIME] 1992 神田通信機 処理時間: 1.20s
2026-07-05 01:12:09,424 [DEBUG] [TIME] 1994 info: 0.22s
2026-07-05 01:12:09,424 [DEBUG] yfinance OK: 1994
2026-07-05 01:12:09,606 [DEBUG] [TIME] 1994 income_stmt: 0.18s
2026-07-05 01:12:09,852 [DEBUG] [TIME] 1994 balance_sheet: 0.25s
2026-07-05 01:12:10,076 [DEBUG] [TIME] 1994 cashflow: 0.22s
2026-07-05 01:12:10,351 [DEBUG] [TIME] 1994 dividends: 0.28s
2026-07-05 01:12:10,352 [INFO] [DETAIL] 1994 高橋カーテンウォール工業: income_stmt=OK, balance_sheet=OK, cashflow=OK, dividends=OK
2026-07-05 01:12:10,352 [INFO] [TIME] 1994 高橋カーテンウォール工業 処理時間: 1.15s
2026-07-05 01:12:12,390 [DEBUG] [TIME] 1997 info: 0.18s
2026-07-05 01:12:12,390 [DEBUG] yfinance OK: 1997
2026-07-05 01:12:12,574 [DEBUG] [TIME] 1997 income_stmt: 0.18s
2026-07-05 01:12:12,804 [DEBUG] [TIME] 1997 balance_sheet: 0.23s
2026-07-05 01:12:13,035 [DEBUG] [TIME] 1997 cashflow: 0.23s
2026-07-05 01:12:13,447 [DEBUG] [TIME] 1997 dividends: 0.41s
2026-07-05 01:12:13,448 [INFO] [DETAIL] 1997 暁飯島工業: income_stmt=OK, balance_sheet=OK, cashflow=OK, dividends=OK
2026-07-05 01:12:13,448 [INFO] [TIME] 1997 暁飯島工業 処理時間: 1.23s
2026-07-05 01:12:14,616 [DEBUG] [TIME] 2001 info: 0.14s
2026-07-05 01:12:14,616 [DEBUG] yfinance OK: 2001
2026-07-05 01:12:14,821 [DEBUG] [TIME] 2001 income_stmt: 0.21s
2026-07-05 01:12:15,069 [DEBUG] [TIME] 2001 balance_sheet: 0.25s
2026-07-05 01:12:15,273 [DEBUG] [TIME] 2001 cashflow: 0.20s
2026-07-05 01:12:15,568 [DEBUG] [TIME] 2001 dividends: 0.29s
2026-07-05 01:12:15,569 [INFO] [DETAIL] 2001 ニップン: income_stmt=OK, balance_sheet=OK, cashflow=OK, dividends=OK
2026-07-05 01:12:15,569 [INFO] [TIME] 2001 ニップン 処理時間: 1.09s
2026-07-05 01:12:17,058 [DEBUG] [TIME] 2002 info: 0.16s
2026-07-05 01:12:17,059 [DEBUG] yfinance OK: 2002
2026-07-05 01:12:17,228 [DEBUG] [TIME] 2002 income_stmt: 0.17s
2026-07-05 01:12:17,458 [DEBUG] [TIME] 2002 balance_sheet: 0.23s
2026-07-05 01:12:17,651 [DEBUG] [TIME] 2002 cashflow: 0.19s
2026-07-05 01:12:17,981 [DEBUG] [TIME] 2002 dividends: 0.33s
2026-07-05 01:12:17,982 [INFO] [DETAIL] 2002 日清製粉グループ本社: income_stmt=OK, balance_sheet=OK, cashflow=OK, dividends=OK
2026-07-05 01:12:17,982 [INFO] [TIME] 2002 日清製粉グループ本社 処理時間: 1.08s
2026-07-05 01:12:19,206 [DEBUG] [TIME] 2003 info: 0.15s
2026-07-05 01:12:19,206 [DEBUG] yfinance OK: 2003
2026-07-05 01:12:19,417 [DEBUG] [TIME] 2003 income_stmt: 0.21s
2026-07-05 01:12:19,663 [DEBUG] [TIME] 2003 balance_sheet: 0.25s
2026-07-05 01:12:19,873 [DEBUG] [TIME] 2003 cashflow: 0.21s
2026-07-05 01:12:20,198 [DEBUG] [TIME] 2003 dividends: 0.32s
2026-07-05 01:12:20,199 [INFO] [DETAIL] 2003 日東富士製粉: income_stmt=OK, balance_sheet=OK, cashflow=OK, dividends=OK
2026-07-05 01:12:20,199 [INFO] [TIME] 2003 日東富士製粉 処理時間: 1.14s
2026-07-05 01:12:21,975 [DEBUG] [TIME] 2004 info: 0.14s
2026-07-05 01:12:21,975 [DEBUG] yfinance OK: 2004
2026-07-05 01:12:22,206 [DEBUG] [TIME] 2004 income_stmt: 0.23s
2026-07-05 01:12:22,483 [DEBUG] [TIME] 2004 balance_sheet: 0.28s
2026-07-05 01:12:22,727 [DEBUG] [TIME] 2004 cashflow: 0.24s
2026-07-05 01:12:22,982 [DEBUG] [TIME] 2004 dividends: 0.25s
2026-07-05 01:12:22,983 [INFO] [DETAIL] 2004 昭和産業: income_stmt=OK, balance_sheet=OK, cashflow=OK, dividends=OK
2026-07-05 01:12:22,983 [INFO] [TIME] 2004 昭和産業 処理時間: 1.15s
2026-07-05 01:12:24,276 [DEBUG] [TIME] 2009 info: 0.15s
2026-07-05 01:12:24,276 [DEBUG] yfinance OK: 2009
2026-07-05 01:12:24,463 [DEBUG] [TIME] 2009 income_stmt: 0.19s
2026-07-05 01:12:24,681 [DEBUG] [TIME] 2009 balance_sheet: 0.22s
2026-07-05 01:12:24,954 [DEBUG] [TIME] 2009 cashflow: 0.27s
2026-07-05 01:12:25,243 [DEBUG] [TIME] 2009 dividends: 0.29s
2026-07-05 01:12:25,244 [INFO] [DETAIL] 2009 鳥越製粉: income_stmt=OK, balance_sheet=OK, cashflow=OK, dividends=OK
2026-07-05 01:12:25,244 [INFO] [TIME] 2009 鳥越製粉 処理時間: 1.12s
2026-07-05 01:12:27,166 [DEBUG] [TIME] 2053 info: 0.14s
2026-07-05 01:12:27,166 [DEBUG] yfinance OK: 2053
2026-07-05 01:12:27,334 [DEBUG] [TIME] 2053 income_stmt: 0.17s
2026-07-05 01:12:27,567 [DEBUG] [TIME] 2053 balance_sheet: 0.23s
2026-07-05 01:12:27,780 [DEBUG] [TIME] 2053 cashflow: 0.21s
2026-07-05 01:12:28,048 [DEBUG] [TIME] 2053 dividends: 0.27s
2026-07-05 01:12:28,049 [INFO] [DETAIL] 2053 中部飼料: income_stmt=OK, balance_sheet=OK, cashflow=OK, dividends=OK
2026-07-05 01:12:28,049 [INFO] [TIME] 2053 中部飼料 処理時間: 1.03s
2026-07-05 01:12:29,258 [DEBUG] [TIME] 2055 info: 0.14s
2026-07-05 01:12:29,258 [DEBUG] yfinance OK: 2055
2026-07-05 01:12:29,429 [DEBUG] [TIME] 2055 income_stmt: 0.17s
2026-07-05 01:12:29,687 [DEBUG] [TIME] 2055 balance_sheet: 0.26s
2026-07-05 01:12:29,897 [DEBUG] [TIME] 2055 cashflow: 0.21s
2026-07-05 01:12:30,236 [DEBUG] [TIME] 2055 dividends: 0.34s
2026-07-05 01:12:30,237 [INFO] [DETAIL] 2055 日和産業: income_stmt=OK, balance_sheet=OK, cashflow=OK, dividends=OK
2026-07-05 01:12:30,237 [INFO] [TIME] 2055 日和産業 処理時間: 1.12s
2026-07-05 01:12:31,534 [DEBUG] [TIME] 205A info: 0.15s
2026-07-05 01:12:31,534 [DEBUG] yfinance OK: 205A
2026-07-05 01:12:31,705 [DEBUG] [TIME] 205A income_stmt: 0.17s
2026-07-05 01:12:31,931 [DEBUG] [TIME] 205A balance_sheet: 0.23s
2026-07-05 01:12:32,122 [DEBUG] [TIME] 205A cashflow: 0.19s
2026-07-05 01:12:32,251 [DEBUG] [TIME] 205A dividends: 0.13s
2026-07-05 01:12:32,252 [INFO] [DETAIL] 205A ロゴスホールディングス: income_stmt=OK, balance_sheet=OK, cashflow=OK, dividends=OK
2026-07-05 01:12:32,252 [INFO] [TIME] 205A ロゴスホールディングス 処理時間: 0.86s
2026-07-05 01:12:34,022 [DEBUG] [TIME] 2060 info: 0.15s
2026-07-05 01:12:34,022 [DEBUG] yfinance OK: 2060
2026-07-05 01:12:34,199 [DEBUG] [TIME] 2060 income_stmt: 0.18s
2026-07-05 01:12:34,433 [DEBUG] [TIME] 2060 balance_sheet: 0.23s
2026-07-05 01:12:34,662 [DEBUG] [TIME] 2060 cashflow: 0.23s
2026-07-05 01:12:34,865 [DEBUG] [TIME] 2060 dividends: 0.20s
2026-07-05 01:12:34,866 [INFO] [DETAIL] 2060 フィード・ワン: income_stmt=OK, balance_sheet=OK, cashflow=OK, dividends=OK
2026-07-05 01:12:34,866 [INFO] [TIME] 2060 フィード・ワン 処理時間: 0.99s
2026-07-05 01:12:37,010 [DEBUG] [TIME] 206A info: 0.14s
2026-07-05 01:12:37,010 [DEBUG] yfinance OK: 206A
2026-07-05 01:12:37,183 [DEBUG] [TIME] 206A income_stmt: 0.17s
2026-07-05 01:12:37,421 [DEBUG] [TIME] 206A balance_sheet: 0.24s
2026-07-05 01:12:37,611 [DEBUG] [TIME] 206A cashflow: 0.19s
2026-07-05 01:12:37,738 [DEBUG] [TIME] 206A dividends: 0.13s
2026-07-05 01:12:37,738 [INFO] [DETAIL] 206A ＰＲＩＳＭ　ＢｉｏＬａｂ: income_stmt=OK, balance_sheet=OK, cashflow=OK, dividends=EMPTY
2026-07-05 01:12:37,739 [INFO] [TIME] 206A ＰＲＩＳＭ　ＢｉｏＬａｂ 処理時間: 0.87s
2026-07-05 01:12:39,415 [DEBUG] [TIME] 208A info: 0.14s
2026-07-05 01:12:39,415 [DEBUG] yfinance OK: 208A
2026-07-05 01:12:39,594 [DEBUG] [TIME] 208A income_stmt: 0.18s
2026-07-05 01:12:39,879 [DEBUG] [TIME] 208A balance_sheet: 0.28s
2026-07-05 01:12:40,057 [DEBUG] [TIME] 208A cashflow: 0.18s
2026-07-05 01:12:40,359 [DEBUG] [TIME] 208A dividends: 0.30s
2026-07-05 01:12:40,360 [INFO] [DETAIL] 208A 構造計画研究所ホールディングス: income_stmt=OK, balance_sheet=OK, cashflow=OK, dividends=OK
2026-07-05 01:12:40,360 [INFO] [TIME] 208A 構造計画研究所ホールディングス 処理時間: 1.09s
2026-07-05 01:12:41,567 [DEBUG] [TIME] 2108 info: 0.18s
2026-07-05 01:12:41,567 [DEBUG] yfinance OK: 2108
2026-07-05 01:12:41,759 [DEBUG] [TIME] 2108 income_stmt: 0.19s
2026-07-05 01:12:41,993 [DEBUG] [TIME] 2108 balance_sheet: 0.23s
2026-07-05 01:12:42,232 [DEBUG] [TIME] 2108 cashflow: 0.24s
2026-07-05 01:12:42,572 [DEBUG] [TIME] 2108 dividends: 0.34s
2026-07-05 01:12:42,573 [INFO] [DETAIL] 2108 日本甜菜製糖: income_stmt=OK, balance_sheet=OK, cashflow=OK, dividends=OK
2026-07-05 01:12:42,573 [INFO] [TIME] 2108 日本甜菜製糖 処理時間: 1.19s
2026-07-05 01:12:44,419 [DEBUG] [TIME] 2109 info: 0.14s
2026-07-05 01:12:44,419 [DEBUG] yfinance OK: 2109
2026-07-05 01:12:44,623 [DEBUG] [TIME] 2109 income_stmt: 0.20s
2026-07-05 01:12:44,866 [DEBUG] [TIME] 2109 balance_sheet: 0.24s
2026-07-05 01:12:45,051 [DEBUG] [TIME] 2109 cashflow: 0.18s
2026-07-05 01:12:45,335 [DEBUG] [TIME] 2109 dividends: 0.28s
2026-07-05 01:12:45,336 [INFO] [DETAIL] 2109 ＤＭ三井製糖: income_stmt=OK, balance_sheet=OK, cashflow=OK, dividends=OK
2026-07-05 01:12:45,336 [INFO] [TIME] 2109 ＤＭ三井製糖 処理時間: 1.06s
2026-07-05 01:12:47,463 [DEBUG] [TIME] 2112 info: 0.17s
2026-07-05 01:12:47,463 [DEBUG] yfinance OK: 2112
2026-07-05 01:12:47,650 [DEBUG] [TIME] 2112 income_stmt: 0.19s
2026-07-05 01:12:47,907 [DEBUG] [TIME] 2112 balance_sheet: 0.26s
2026-07-05 01:12:48,106 [DEBUG] [TIME] 2112 cashflow: 0.20s
2026-07-05 01:12:48,411 [DEBUG] [TIME] 2112 dividends: 0.30s
2026-07-05 01:12:48,412 [INFO] [DETAIL] 2112 塩水港精糖: income_stmt=OK, balance_sheet=OK, cashflow=OK, dividends=OK
2026-07-05 01:12:48,412 [INFO] [TIME] 2112 塩水港精糖 処理時間: 1.12s
2026-07-05 01:12:49,984 [DEBUG] [TIME] 2114 info: 0.18s
2026-07-05 01:12:49,984 [DEBUG] yfinance OK: 2114
2026-07-05 01:12:50,191 [DEBUG] [TIME] 2114 income_stmt: 0.21s
2026-07-05 01:12:50,447 [DEBUG] [TIME] 2114 balance_sheet: 0.26s
2026-07-05 01:12:50,666 [DEBUG] [TIME] 2114 cashflow: 0.22s
2026-07-05 01:12:50,984 [DEBUG] [TIME] 2114 dividends: 0.32s
2026-07-05 01:12:50,985 [INFO] [DETAIL] 2114 フジ日本: income_stmt=OK, balance_sheet=OK, cashflow=OK, dividends=OK
2026-07-05 01:12:50,985 [INFO] [TIME] 2114 フジ日本 処理時間: 1.18s
2026-07-05 01:12:52,358 [DEBUG] [TIME] 2117 info: 0.15s
2026-07-05 01:12:52,358 [DEBUG] yfinance OK: 2117
2026-07-05 01:12:52,541 [DEBUG] [TIME] 2117 income_stmt: 0.18s
2026-07-05 01:12:52,764 [DEBUG] [TIME] 2117 balance_sheet: 0.22s
2026-07-05 01:12:52,947 [DEBUG] [TIME] 2117 cashflow: 0.18s
2026-07-05 01:12:53,165 [DEBUG] [TIME] 2117 dividends: 0.22s
2026-07-05 01:12:53,166 [INFO] [DETAIL] 2117 ウェルネオシュガー: income_stmt=OK, balance_sheet=OK, cashflow=OK, dividends=OK
2026-07-05 01:12:53,166 [INFO] [TIME] 2117 ウェルネオシュガー 処理時間: 0.96s
2026-07-05 01:12:54,975 [DEBUG] [TIME] 211A info: 0.14s
2026-07-05 01:12:54,976 [DEBUG] yfinance OK: 211A
2026-07-05 01:12:55,153 [DEBUG] [TIME] 211A income_stmt: 0.18s
2026-07-05 01:12:55,389 [DEBUG] [TIME] 211A balance_sheet: 0.24s
2026-07-05 01:12:55,568 [DEBUG] [TIME] 211A cashflow: 0.18s
2026-07-05 01:12:55,652 [DEBUG] [TIME] 211A dividends: 0.08s
2026-07-05 01:12:55,653 [INFO] [DETAIL] 211A カドス・コーポレーション: income_stmt=OK, balance_sheet=OK, cashflow=OK, dividends=OK
2026-07-05 01:12:55,653 [INFO] [TIME] 211A カドス・コーポレーション 処理時間: 0.82s
2026-07-05 01:12:57,810 [DEBUG] [TIME] 2120 info: 0.15s
2026-07-05 01:12:57,810 [DEBUG] yfinance OK: 2120
2026-07-05 01:12:58,016 [DEBUG] [TIME] 2120 income_stmt: 0.21s
2026-07-05 01:12:58,260 [DEBUG] [TIME] 2120 balance_sheet: 0.24s
2026-07-05 01:12:58,468 [DEBUG] [TIME] 2120 cashflow: 0.21s
2026-07-05 01:12:58,695 [DEBUG] [TIME] 2120 dividends: 0.23s
2026-07-05 01:12:58,696 [INFO] [DETAIL] 2120 ＬＩＦＵＬＬ: income_stmt=OK, balance_sheet=OK, cashflow=OK, dividends=OK
2026-07-05 01:12:58,696 [INFO] [TIME] 2120 ＬＩＦＵＬＬ 処理時間: 1.04s
2026-07-05 01:13:00,653 [DEBUG] [TIME] 2121 info: 0.14s
2026-07-05 01:13:00,653 [DEBUG] yfinance OK: 2121
2026-07-05 01:13:00,870 [DEBUG] [TIME] 2121 income_stmt: 0.22s
2026-07-05 01:13:01,152 [DEBUG] [TIME] 2121 balance_sheet: 0.28s
2026-07-05 01:13:01,374 [DEBUG] [TIME] 2121 cashflow: 0.22s
2026-07-05 01:13:01,589 [DEBUG] [TIME] 2121 dividends: 0.21s
2026-07-05 01:13:01,590 [INFO] [DETAIL] 2121 ＭＩＸＩ: income_stmt=OK, balance_sheet=OK, cashflow=OK, dividends=OK
2026-07-05 01:13:01,590 [INFO] [TIME] 2121 ＭＩＸＩ 処理時間: 1.08s
2026-07-05 01:13:03,598 [DEBUG] [TIME] 2122 info: 0.14s
2026-07-05 01:13:03,598 [DEBUG] yfinance OK: 2122
2026-07-05 01:13:03,791 [DEBUG] [TIME] 2122 income_stmt: 0.19s
2026-07-05 01:13:03,997 [DEBUG] [TIME] 2122 balance_sheet: 0.21s
2026-07-05 01:13:04,223 [DEBUG] [TIME] 2122 cashflow: 0.23s
2026-07-05 01:13:04,475 [DEBUG] [TIME] 2122 dividends: 0.25s
2026-07-05 01:13:04,476 [INFO] [DETAIL] 2122 インタースペース: income_stmt=OK, balance_sheet=OK, cashflow=OK, dividends=OK
2026-07-05 01:13:04,476 [INFO] [TIME] 2122 インタースペース 処理時間: 1.02s
2026-07-05 01:13:06,047 [DEBUG] [TIME] 2124 info: 0.22s
2026-07-05 01:13:06,047 [DEBUG] yfinance OK: 2124
2026-07-05 01:13:06,237 [DEBUG] [TIME] 2124 income_stmt: 0.19s
2026-07-05 01:13:06,504 [DEBUG] [TIME] 2124 balance_sheet: 0.27s
2026-07-05 01:13:06,694 [DEBUG] [TIME] 2124 cashflow: 0.19s
2026-07-05 01:13:06,929 [DEBUG] [TIME] 2124 dividends: 0.23s
2026-07-05 01:13:06,930 [INFO] [DETAIL] 2124 ジェイエイシーリクルートメント: income_stmt=OK, balance_sheet=OK, cashflow=OK, dividends=OK
2026-07-05 01:13:06,930 [INFO] [TIME] 2124 ジェイエイシーリクルートメント 処理時間: 1.10s
2026-07-05 01:13:08,690 [DEBUG] [TIME] 2127 info: 0.17s
2026-07-05 01:13:08,690 [DEBUG] yfinance OK: 2127
2026-07-05 01:13:08,867 [DEBUG] [TIME] 2127 income_stmt: 0.18s
2026-07-05 01:13:09,122 [DEBUG] [TIME] 2127 balance_sheet: 0.25s
2026-07-05 01:13:09,346 [DEBUG] [TIME] 2127 cashflow: 0.22s
2026-07-05 01:13:09,625 [DEBUG] [TIME] 2127 dividends: 0.28s
2026-07-05 01:13:09,626 [INFO] [DETAIL] 2127 日本Ｍ＆Ａセンターホールディングス: income_stmt=OK, balance_sheet=OK, cashflow=OK, dividends=OK
2026-07-05 01:13:09,626 [INFO] [TIME] 2127 日本Ｍ＆Ａセンターホールディングス 処理時間: 1.10s
2026-07-05 01:13:10,894 [DEBUG] [TIME] 212A info: 0.14s
2026-07-05 01:13:10,894 [DEBUG] yfinance OK: 212A
2026-07-05 01:13:11,073 [DEBUG] [TIME] 212A income_stmt: 0.18s
2026-07-05 01:13:11,283 [DEBUG] [TIME] 212A balance_sheet: 0.21s
2026-07-05 01:13:11,493 [DEBUG] [TIME] 212A cashflow: 0.21s
2026-07-05 01:13:11,592 [DEBUG] [TIME] 212A dividends: 0.10s
2026-07-05 01:13:11,593 [INFO] [DETAIL] 212A フィットイージー: income_stmt=OK, balance_sheet=OK, cashflow=OK, dividends=OK
2026-07-05 01:13:11,593 [INFO] [TIME] 212A フィットイージー 処理時間: 0.84s
2026-07-05 01:13:13,034 [DEBUG] [TIME] 2130 info: 0.15s
2026-07-05 01:13:13,035 [DEBUG] yfinance OK: 2130
2026-07-05 01:13:13,197 [DEBUG] [TIME] 2130 income_stmt: 0.16s
2026-07-05 01:13:13,485 [DEBUG] [TIME] 2130 balance_sheet: 0.29s
2026-07-05 01:13:13,738 [DEBUG] [TIME] 2130 cashflow: 0.25s
2026-07-05 01:13:13,907 [DEBUG] [TIME] 2130 dividends: 0.17s
2026-07-05 01:13:13,908 [INFO] [DETAIL] 2130 メンバーズ: income_stmt=OK, balance_sheet=OK, cashflow=OK, dividends=OK
2026-07-05 01:13:13,908 [INFO] [TIME] 2130 メンバーズ 処理時間: 1.02s
2026-07-05 01:13:15,729 [DEBUG] [TIME] 2134 info: 0.18s
2026-07-05 01:13:15,729 [DEBUG] yfinance OK: 2134
2026-07-05 01:13:15,878 [DEBUG] [TIME] 2134 income_stmt: 0.15s
2026-07-05 01:13:16,073 [DEBUG] [TIME] 2134 balance_sheet: 0.20s
2026-07-05 01:13:16,278 [DEBUG] [TIME] 2134 cashflow: 0.20s
2026-07-05 01:13:16,450 [DEBUG] [TIME] 2134 dividends: 0.17s
2026-07-05 01:13:16,450 [INFO] [DETAIL] 2134 北浜キャピタルパートナーズ: income_stmt=OK, balance_sheet=OK, cashflow=OK, dividends=EMPTY
2026-07-05 01:13:16,451 [INFO] [TIME] 2134 北浜キャピタルパートナーズ 処理時間: 0.90s
2026-07-05 01:13:18,152 [DEBUG] [TIME] 2136 info: 0.16s
2026-07-05 01:13:18,153 [DEBUG] yfinance OK: 2136
2026-07-05 01:13:18,358 [DEBUG] [TIME] 2136 income_stmt: 0.20s
2026-07-05 01:13:18,592 [DEBUG] [TIME] 2136 balance_sheet: 0.23s
2026-07-05 01:13:18,778 [DEBUG] [TIME] 2136 cashflow: 0.19s
2026-07-05 01:13:19,014 [DEBUG] [TIME] 2136 dividends: 0.24s
2026-07-05 01:13:19,015 [INFO] [DETAIL] 2136 ヒップ: income_stmt=OK, balance_sheet=OK, cashflow=OK, dividends=OK
2026-07-05 01:13:19,015 [INFO] [TIME] 2136 ヒップ 処理時間: 1.02s
2026-07-05 01:13:20,868 [DEBUG] [TIME] 2138 info: 0.15s
2026-07-05 01:13:20,868 [DEBUG] yfinance OK: 2138
2026-07-05 01:13:21,119 [DEBUG] [TIME] 2138 income_stmt: 0.25s
2026-07-05 01:13:21,387 [DEBUG] [TIME] 2138 balance_sheet: 0.27s
2026-07-05 01:13:21,620 [DEBUG] [TIME] 2138 cashflow: 0.23s
2026-07-05 01:13:21,826 [DEBUG] [TIME] 2138 dividends: 0.21s
2026-07-05 01:13:21,827 [INFO] [DETAIL] 2138 クルーズ: income_stmt=OK, balance_sheet=OK, cashflow=OK, dividends=OK
2026-07-05 01:13:21,827 [INFO] [TIME] 2138 クルーズ 処理時間: 1.11s
2026-07-05 01:13:23,733 [DEBUG] [TIME] 2139 info: 0.15s
2026-07-05 01:13:23,733 [DEBUG] yfinance OK: 2139
2026-07-05 01:13:23,913 [DEBUG] [TIME] 2139 income_stmt: 0.18s
2026-07-05 01:13:24,127 [DEBUG] [TIME] 2139 balance_sheet: 0.21s
2026-07-05 01:13:24,308 [DEBUG] [TIME] 2139 cashflow: 0.18s
2026-07-05 01:13:24,487 [DEBUG] [TIME] 2139 dividends: 0.18s
2026-07-05 01:13:24,488 [INFO] [DETAIL] 2139 中広: income_stmt=OK, balance_sheet=OK, cashflow=OK, dividends=OK
2026-07-05 01:13:24,488 [INFO] [TIME] 2139 中広 処理時間: 0.90s
2026-07-05 01:13:26,538 [DEBUG] [TIME] 2146 info: 0.14s
2026-07-05 01:13:26,538 [DEBUG] yfinance OK: 2146
2026-07-05 01:13:26,730 [DEBUG] [TIME] 2146 income_stmt: 0.19s
2026-07-05 01:13:26,962 [DEBUG] [TIME] 2146 balance_sheet: 0.23s
2026-07-05 01:13:27,129 [DEBUG] [TIME] 2146 cashflow: 0.17s
2026-07-05 01:13:27,446 [DEBUG] [TIME] 2146 dividends: 0.32s
2026-07-05 01:13:27,447 [INFO] [DETAIL] 2146 ＵＴグループ: income_stmt=OK, balance_sheet=OK, cashflow=OK, dividends=OK
2026-07-05 01:13:27,447 [INFO] [TIME] 2146 ＵＴグループ 処理時間: 1.05s
2026-07-05 01:13:29,583 [DEBUG] [TIME] 2148 info: 0.14s
2026-07-05 01:13:29,583 [DEBUG] yfinance OK: 2148
2026-07-05 01:13:29,764 [DEBUG] [TIME] 2148 income_stmt: 0.18s
2026-07-05 01:13:30,001 [DEBUG] [TIME] 2148 balance_sheet: 0.24s
2026-07-05 01:13:30,190 [DEBUG] [TIME] 2148 cashflow: 0.19s
2026-07-05 01:13:30,411 [DEBUG] [TIME] 2148 dividends: 0.22s
2026-07-05 01:13:30,412 [INFO] [DETAIL] 2148 アイティメディア: income_stmt=OK, balance_sheet=OK, cashflow=OK, dividends=OK
2026-07-05 01:13:30,412 [INFO] [TIME] 2148 アイティメディア 処理時間: 0.97s
2026-07-05 01:13:32,156 [DEBUG] [TIME] 2152 info: 0.14s
2026-07-05 01:13:32,156 [DEBUG] yfinance OK: 2152
2026-07-05 01:13:32,323 [DEBUG] [TIME] 2152 income_stmt: 0.17s
2026-07-05 01:13:32,566 [DEBUG] [TIME] 2152 balance_sheet: 0.24s
2026-07-05 01:13:32,750 [DEBUG] [TIME] 2152 cashflow: 0.18s
2026-07-05 01:13:32,956 [DEBUG] [TIME] 2152 dividends: 0.21s
2026-07-05 01:13:32,957 [INFO] [DETAIL] 2152 幼児活動研究会: income_stmt=OK, balance_sheet=OK, cashflow=OK, dividends=OK
2026-07-05 01:13:32,957 [INFO] [TIME] 2152 幼児活動研究会 処理時間: 0.95s
2026-07-05 01:13:34,376 [DEBUG] [TIME] 2153 info: 0.14s
2026-07-05 01:13:34,376 [DEBUG] yfinance OK: 2153
2026-07-05 01:13:34,610 [DEBUG] [TIME] 2153 income_stmt: 0.23s
2026-07-05 01:13:34,808 [DEBUG] [TIME] 2153 balance_sheet: 0.20s
2026-07-05 01:13:35,037 [DEBUG] [TIME] 2153 cashflow: 0.23s
2026-07-05 01:13:35,251 [DEBUG] [TIME] 2153 dividends: 0.21s
2026-07-05 01:13:35,252 [INFO] [DETAIL] 2153 Ｅ・Ｊホールディングス: income_stmt=OK, balance_sheet=OK, cashflow=OK, dividends=OK
2026-07-05 01:13:35,252 [INFO] [TIME] 2153 Ｅ・Ｊホールディングス 処理時間: 1.02s
2026-07-05 01:13:37,099 [DEBUG] [TIME] 2154 info: 0.17s
2026-07-05 01:13:37,099 [DEBUG] yfinance OK: 2154
2026-07-05 01:13:37,296 [DEBUG] [TIME] 2154 income_stmt: 0.20s
2026-07-05 01:13:37,557 [DEBUG] [TIME] 2154 balance_sheet: 0.26s
2026-07-05 01:13:37,802 [DEBUG] [TIME] 2154 cashflow: 0.24s
2026-07-05 01:13:38,001 [DEBUG] [TIME] 2154 dividends: 0.20s
2026-07-05 01:13:38,002 [INFO] [DETAIL] 2154 オープンアップグループ: income_stmt=OK, balance_sheet=OK, cashflow=OK, dividends=OK
2026-07-05 01:13:38,002 [INFO] [TIME] 2154 オープンアップグループ 処理時間: 1.07s
2026-07-05 01:13:39,203 [DEBUG] [TIME] 2156 info: 0.14s
2026-07-05 01:13:39,203 [DEBUG] yfinance OK: 2156
2026-07-05 01:13:39,418 [DEBUG] [TIME] 2156 income_stmt: 0.21s
2026-07-05 01:13:39,662 [DEBUG] [TIME] 2156 balance_sheet: 0.24s
2026-07-05 01:13:39,872 [DEBUG] [TIME] 2156 cashflow: 0.21s
2026-07-05 01:13:40,106 [DEBUG] [TIME] 2156 dividends: 0.23s
2026-07-05 01:13:40,107 [INFO] [DETAIL] 2156 セーラー広告: income_stmt=OK, balance_sheet=OK, cashflow=OK, dividends=OK
2026-07-05 01:13:40,107 [INFO] [TIME] 2156 セーラー広告 処理時間: 1.05s
2026-07-05 01:13:41,313 [DEBUG] [TIME] 2157 info: 0.14s
2026-07-05 01:13:41,313 [DEBUG] yfinance OK: 2157
2026-07-05 01:13:41,494 [DEBUG] [TIME] 2157 income_stmt: 0.18s
2026-07-05 01:13:41,716 [DEBUG] [TIME] 2157 balance_sheet: 0.22s
2026-07-05 01:13:41,919 [DEBUG] [TIME] 2157 cashflow: 0.20s
2026-07-05 01:13:42,168 [DEBUG] [TIME] 2157 dividends: 0.25s
2026-07-05 01:13:42,169 [INFO] [DETAIL] 2157 コシダカホールディングス: income_stmt=OK, balance_sheet=OK, cashflow=OK, dividends=OK
2026-07-05 01:13:42,169 [INFO] [TIME] 2157 コシダカホールディングス 処理時間: 1.00s
2026-07-05 01:13:44,253 [DEBUG] [TIME] 2158 info: 0.18s
2026-07-05 01:13:44,253 [DEBUG] yfinance OK: 2158
2026-07-05 01:13:44,445 [DEBUG] [TIME] 2158 income_stmt: 0.19s
2026-07-05 01:13:44,685 [DEBUG] [TIME] 2158 balance_sheet: 0.24s
2026-07-05 01:13:44,905 [DEBUG] [TIME] 2158 cashflow: 0.22s
2026-07-05 01:13:45,154 [DEBUG] [TIME] 2158 dividends: 0.25s
2026-07-05 01:13:45,155 [INFO] [DETAIL] 2158 ＦＲＯＮＴＥＯ: income_stmt=OK, balance_sheet=OK, cashflow=OK, dividends=OK
2026-07-05 01:13:45,155 [INFO] [TIME] 2158 ＦＲＯＮＴＥＯ 処理時間: 1.08s
2026-07-05 01:13:47,233 [DEBUG] [TIME] 215A info: 0.17s
2026-07-05 01:13:47,233 [DEBUG] yfinance OK: 215A
2026-07-05 01:13:47,417 [DEBUG] [TIME] 215A income_stmt: 0.18s
2026-07-05 01:13:47,650 [DEBUG] [TIME] 215A balance_sheet: 0.23s
2026-07-05 01:13:47,869 [DEBUG] [TIME] 215A cashflow: 0.22s
2026-07-05 01:13:47,959 [DEBUG] [TIME] 215A dividends: 0.09s
2026-07-05 01:13:47,959 [INFO] [DETAIL] 215A タイミー: income_stmt=OK, balance_sheet=OK, cashflow=OK, dividends=EMPTY
2026-07-05 01:13:47,959 [INFO] [TIME] 215A タイミー 処理時間: 0.90s
2026-07-05 01:13:49,951 [DEBUG] [TIME] 2160 info: 0.15s
2026-07-05 01:13:49,951 [DEBUG] yfinance OK: 2160
2026-07-05 01:13:50,129 [DEBUG] [TIME] 2160 income_stmt: 0.18s
2026-07-05 01:13:50,438 [DEBUG] [TIME] 2160 balance_sheet: 0.31s
2026-07-05 01:13:50,665 [DEBUG] [TIME] 2160 cashflow: 0.23s
2026-07-05 01:13:50,851 [DEBUG] [TIME] 2160 dividends: 0.19s
2026-07-05 01:13:50,851 [INFO] [DETAIL] 2160 ジーエヌアイグループ: income_stmt=OK, balance_sheet=OK, cashflow=OK, dividends=EMPTY
2026-07-05 01:13:50,851 [INFO] [TIME] 2160 ジーエヌアイグループ 処理時間: 1.05s
2026-07-05 01:13:52,917 [DEBUG] [TIME] 2162 info: 0.14s
2026-07-05 01:13:52,917 [DEBUG] yfinance OK: 2162
2026-07-05 01:13:53,118 [DEBUG] [TIME] 2162 income_stmt: 0.20s
2026-07-05 01:13:53,386 [DEBUG] [TIME] 2162 balance_sheet: 0.27s
2026-07-05 01:13:53,625 [DEBUG] [TIME] 2162 cashflow: 0.24s
2026-07-05 01:13:53,874 [DEBUG] [TIME] 2162 dividends: 0.25s
2026-07-05 01:13:53,875 [INFO] [DETAIL] 2162 ｎｍｓ　ホールディングス: income_stmt=OK, balance_sheet=OK, cashflow=OK, dividends=OK
2026-07-05 01:13:53,875 [INFO] [TIME] 2162 ｎｍｓ　ホールディングス 処理時間: 1.10s
2026-07-05 01:13:55,345 [DEBUG] [TIME] 2163 info: 0.14s
2026-07-05 01:13:55,345 [DEBUG] yfinance OK: 2163
2026-07-05 01:13:55,509 [DEBUG] [TIME] 2163 income_stmt: 0.16s
2026-07-05 01:13:55,724 [DEBUG] [TIME] 2163 balance_sheet: 0.21s
2026-07-05 01:13:55,909 [DEBUG] [TIME] 2163 cashflow: 0.18s
2026-07-05 01:13:56,139 [DEBUG] [TIME] 2163 dividends: 0.23s
2026-07-05 01:13:56,140 [INFO] [DETAIL] 2163 アルトナー: income_stmt=OK, balance_sheet=OK, cashflow=OK, dividends=OK
2026-07-05 01:13:56,140 [INFO] [TIME] 2163 アルトナー 処理時間: 0.93s
2026-07-05 01:13:58,026 [DEBUG] [TIME] 2164 info: 0.14s
2026-07-05 01:13:58,026 [DEBUG] yfinance OK: 2164
2026-07-05 01:13:58,210 [DEBUG] [TIME] 2164 income_stmt: 0.18s
2026-07-05 01:13:58,473 [DEBUG] [TIME] 2164 balance_sheet: 0.26s
2026-07-05 01:13:58,677 [DEBUG] [TIME] 2164 cashflow: 0.20s
2026-07-05 01:13:58,904 [DEBUG] [TIME] 2164 dividends: 0.23s
2026-07-05 01:13:58,905 [INFO] [DETAIL] 2164 地域新聞社: income_stmt=OK, balance_sheet=OK, cashflow=OK, dividends=OK
2026-07-05 01:13:58,905 [INFO] [TIME] 2164 地域新聞社 処理時間: 1.02s
2026-07-05 01:14:00,105 [DEBUG] [TIME] 2168 info: 0.16s
2026-07-05 01:14:00,106 [DEBUG] yfinance OK: 2168
2026-07-05 01:14:00,293 [DEBUG] [TIME] 2168 income_stmt: 0.19s
2026-07-05 01:14:00,544 [DEBUG] [TIME] 2168 balance_sheet: 0.25s
2026-07-05 01:14:00,761 [DEBUG] [TIME] 2168 cashflow: 0.22s
2026-07-05 01:14:00,953 [DEBUG] [TIME] 2168 dividends: 0.19s
2026-07-05 01:14:00,954 [INFO] [DETAIL] 2168 パソナグループ: income_stmt=OK, balance_sheet=OK, cashflow=OK, dividends=OK
2026-07-05 01:14:00,954 [INFO] [TIME] 2168 パソナグループ 処理時間: 1.01s
2026-07-05 01:14:02,909 [DEBUG] [TIME] 2169 info: 0.14s
2026-07-05 01:14:02,909 [DEBUG] yfinance OK: 2169
2026-07-05 01:14:03,125 [DEBUG] [TIME] 2169 income_stmt: 0.22s
2026-07-05 01:14:03,355 [DEBUG] [TIME] 2169 balance_sheet: 0.23s
2026-07-05 01:14:03,576 [DEBUG] [TIME] 2169 cashflow: 0.22s
2026-07-05 01:14:03,815 [DEBUG] [TIME] 2169 dividends: 0.24s
2026-07-05 01:14:03,816 [INFO] [DETAIL] 2169 ＣＤＳ: income_stmt=OK, balance_sheet=OK, cashflow=OK, dividends=OK
2026-07-05 01:14:03,816 [INFO] [TIME] 2169 ＣＤＳ 処理時間: 1.05s
2026-07-05 01:14:05,879 [DEBUG] [TIME] 2170 info: 0.15s
2026-07-05 01:14:05,879 [DEBUG] yfinance OK: 2170
2026-07-05 01:14:06,071 [DEBUG] [TIME] 2170 income_stmt: 0.19s
2026-07-05 01:14:06,316 [DEBUG] [TIME] 2170 balance_sheet: 0.24s
2026-07-05 01:14:06,530 [DEBUG] [TIME] 2170 cashflow: 0.21s
2026-07-05 01:14:06,753 [DEBUG] [TIME] 2170 dividends: 0.22s
2026-07-05 01:14:06,755 [INFO] [DETAIL] 2170 リンクアンドモチベーション: income_stmt=OK, balance_sheet=OK, cashflow=OK, dividends=OK
2026-07-05 01:14:06,755 [INFO] [TIME] 2170 リンクアンドモチベーション 処理時間: 1.03s
2026-07-05 01:14:08,039 [DEBUG] [TIME] 2173 info: 0.16s
2026-07-05 01:14:08,039 [DEBUG] yfinance OK: 2173
2026-07-05 01:14:08,211 [DEBUG] [TIME] 2173 income_stmt: 0.17s
2026-07-05 01:14:08,415 [DEBUG] [TIME] 2173 balance_sheet: 0.20s
2026-07-05 01:14:08,603 [DEBUG] [TIME] 2173 cashflow: 0.19s
2026-07-05 01:14:08,822 [DEBUG] [TIME] 2173 dividends: 0.22s
2026-07-05 01:14:08,823 [INFO] [DETAIL] 2173 博展: income_stmt=OK, balance_sheet=OK, cashflow=OK, dividends=OK
2026-07-05 01:14:08,823 [INFO] [TIME] 2173 博展 処理時間: 0.94s
2026-07-05 01:14:10,376 [DEBUG] [TIME] 2175 info: 0.15s
2026-07-05 01:14:10,376 [DEBUG] yfinance OK: 2175
2026-07-05 01:14:10,530 [DEBUG] [TIME] 2175 income_stmt: 0.15s
2026-07-05 01:14:10,787 [DEBUG] [TIME] 2175 balance_sheet: 0.26s
2026-07-05 01:14:10,964 [DEBUG] [TIME] 2175 cashflow: 0.18s
2026-07-05 01:14:11,226 [DEBUG] [TIME] 2175 dividends: 0.26s
2026-07-05 01:14:11,227 [INFO] [DETAIL] 2175 エス・エム・エス: income_stmt=OK, balance_sheet=OK, cashflow=OK, dividends=OK
2026-07-05 01:14:11,227 [INFO] [TIME] 2175 エス・エム・エス 処理時間: 1.00s
2026-07-05 01:14:12,485 [DEBUG] [TIME] 2179 info: 0.16s
2026-07-05 01:14:12,485 [DEBUG] yfinance OK: 2179
2026-07-05 01:14:12,671 [DEBUG] [TIME] 2179 income_stmt: 0.19s
2026-07-05 01:14:12,922 [DEBUG] [TIME] 2179 balance_sheet: 0.25s
2026-07-05 01:14:13,117 [DEBUG] [TIME] 2179 cashflow: 0.19s
2026-07-05 01:14:13,368 [DEBUG] [TIME] 2179 dividends: 0.25s
2026-07-05 01:14:13,369 [INFO] [DETAIL] 2179 成学社: income_stmt=OK, balance_sheet=OK, cashflow=OK, dividends=OK
2026-07-05 01:14:13,369 [INFO] [TIME] 2179 成学社 処理時間: 1.04s
2026-07-05 01:14:15,013 [DEBUG] [TIME] 2180 info: 0.14s
2026-07-05 01:14:15,013 [DEBUG] yfinance OK: 2180
2026-07-05 01:14:15,200 [DEBUG] [TIME] 2180 income_stmt: 0.19s
2026-07-05 01:14:15,404 [DEBUG] [TIME] 2180 balance_sheet: 0.20s
2026-07-05 01:14:15,619 [DEBUG] [TIME] 2180 cashflow: 0.21s
2026-07-05 01:14:15,824 [DEBUG] [TIME] 2180 dividends: 0.21s
2026-07-05 01:14:15,825 [INFO] [DETAIL] 2180 サニーサイドアップグループ: income_stmt=OK, balance_sheet=OK, cashflow=OK, dividends=OK
2026-07-05 01:14:15,825 [INFO] [TIME] 2180 サニーサイドアップグループ 処理時間: 0.95s
2026-07-05 01:14:17,931 [DEBUG] [TIME] 2181 info: 0.14s
2026-07-05 01:14:17,931 [DEBUG] yfinance OK: 2181
2026-07-05 01:14:18,127 [DEBUG] [TIME] 2181 income_stmt: 0.20s
2026-07-05 01:14:18,397 [DEBUG] [TIME] 2181 balance_sheet: 0.27s
2026-07-05 01:14:18,648 [DEBUG] [TIME] 2181 cashflow: 0.25s
2026-07-05 01:14:18,976 [DEBUG] [TIME] 2181 dividends: 0.33s
2026-07-05 01:14:18,977 [INFO] [DETAIL] 2181 パーソルホールディングス: income_stmt=OK, balance_sheet=OK, cashflow=OK, dividends=OK
2026-07-05 01:14:18,977 [INFO] [TIME] 2181 パーソルホールディングス 処理時間: 1.19s
2026-07-05 01:14:20,410 [DEBUG] [TIME] 2183 info: 0.14s
2026-07-05 01:14:20,410 [DEBUG] yfinance OK: 2183
2026-07-05 01:14:20,603 [DEBUG] [TIME] 2183 income_stmt: 0.19s
2026-07-05 01:14:20,835 [DEBUG] [TIME] 2183 balance_sheet: 0.23s
2026-07-05 01:14:21,100 [DEBUG] [TIME] 2183 cashflow: 0.26s
2026-07-05 01:14:21,348 [DEBUG] [TIME] 2183 dividends: 0.25s
2026-07-05 01:14:21,349 [INFO] [DETAIL] 2183 リニカル: income_stmt=OK, balance_sheet=OK, cashflow=OK, dividends=OK
2026-07-05 01:14:21,349 [INFO] [TIME] 2183 リニカル 処理時間: 1.08s
2026-07-05 01:14:22,753 [DEBUG] [TIME] 2185 info: 0.14s
2026-07-05 01:14:22,753 [DEBUG] yfinance OK: 2185
2026-07-05 01:14:22,950 [DEBUG] [TIME] 2185 income_stmt: 0.20s
2026-07-05 01:14:23,203 [DEBUG] [TIME] 2185 balance_sheet: 0.25s
2026-07-05 01:14:23,414 [DEBUG] [TIME] 2185 cashflow: 0.21s
2026-07-05 01:14:23,621 [DEBUG] [TIME] 2185 dividends: 0.21s
2026-07-05 01:14:23,622 [INFO] [DETAIL] 2185 シイエム・シイ: income_stmt=OK, balance_sheet=OK, cashflow=OK, dividends=OK
2026-07-05 01:14:23,622 [INFO] [TIME] 2185 シイエム・シイ 処理時間: 1.01s
2026-07-05 01:14:25,245 [DEBUG] [TIME] 2186 info: 0.14s
2026-07-05 01:14:25,245 [DEBUG] yfinance OK: 2186
2026-07-05 01:14:25,449 [DEBUG] [TIME] 2186 income_stmt: 0.20s
2026-07-05 01:14:25,697 [DEBUG] [TIME] 2186 balance_sheet: 0.25s
2026-07-05 01:14:25,905 [DEBUG] [TIME] 2186 cashflow: 0.21s
2026-07-05 01:14:26,110 [DEBUG] [TIME] 2186 dividends: 0.20s
2026-07-05 01:14:26,111 [INFO] [DETAIL] 2186 ソーバル: income_stmt=OK, balance_sheet=OK, cashflow=OK, dividends=OK
2026-07-05 01:14:26,111 [INFO] [TIME] 2186 ソーバル 処理時間: 1.01s
2026-07-05 01:14:27,685 [DEBUG] [TIME] 218A info: 0.15s
2026-07-05 01:14:27,685 [DEBUG] yfinance OK: 218A
2026-07-05 01:14:27,887 [DEBUG] [TIME] 218A income_stmt: 0.20s
2026-07-05 01:14:28,163 [DEBUG] [TIME] 218A balance_sheet: 0.28s
2026-07-05 01:14:28,349 [DEBUG] [TIME] 218A cashflow: 0.18s
2026-07-05 01:14:28,462 [DEBUG] [TIME] 218A dividends: 0.11s
2026-07-05 01:14:28,462 [INFO] [DETAIL] 218A Ｌｉｂｅｒａｗａｒｅ: income_stmt=OK, balance_sheet=OK, cashflow=OK, dividends=EMPTY
2026-07-05 01:14:28,462 [INFO] [TIME] 218A Ｌｉｂｅｒａｗａｒｅ 処理時間: 0.92s
2026-07-05 01:14:30,326 [DEBUG] [TIME] 2193 info: 0.15s
2026-07-05 01:14:30,326 [DEBUG] yfinance OK: 2193
2026-07-05 01:14:30,510 [DEBUG] [TIME] 2193 income_stmt: 0.18s
2026-07-05 01:14:30,752 [DEBUG] [TIME] 2193 balance_sheet: 0.24s
2026-07-05 01:14:30,966 [DEBUG] [TIME] 2193 cashflow: 0.21s
2026-07-05 01:14:31,155 [DEBUG] [TIME] 2193 dividends: 0.19s
2026-07-05 01:14:31,156 [INFO] [DETAIL] 2193 クックパッド: income_stmt=OK, balance_sheet=OK, cashflow=OK, dividends=OK
2026-07-05 01:14:31,156 [INFO] [TIME] 2193 クックパッド 処理時間: 0.98s
2026-07-05 01:14:33,150 [DEBUG] [TIME] 2195 info: 0.15s
2026-07-05 01:14:33,150 [DEBUG] yfinance OK: 2195
2026-07-05 01:14:33,348 [DEBUG] [TIME] 2195 income_stmt: 0.20s
2026-07-05 01:14:33,553 [DEBUG] [TIME] 2195 balance_sheet: 0.20s
2026-07-05 01:14:33,777 [DEBUG] [TIME] 2195 cashflow: 0.22s
2026-07-05 01:14:33,963 [DEBUG] [TIME] 2195 dividends: 0.19s
2026-07-05 01:14:33,964 [INFO] [DETAIL] 2195 アミタホールディングス: income_stmt=OK, balance_sheet=OK, cashflow=OK, dividends=OK
2026-07-05 01:14:33,964 [INFO] [TIME] 2195 アミタホールディングス 処理時間: 0.96s
2026-07-05 01:14:35,255 [DEBUG] [TIME] 2198 info: 0.14s
2026-07-05 01:14:35,255 [DEBUG] yfinance OK: 2198
2026-07-05 01:14:35,457 [DEBUG] [TIME] 2198 income_stmt: 0.20s
2026-07-05 01:14:35,693 [DEBUG] [TIME] 2198 balance_sheet: 0.23s
2026-07-05 01:14:35,882 [DEBUG] [TIME] 2198 cashflow: 0.19s
2026-07-05 01:14:36,061 [DEBUG] [TIME] 2198 dividends: 0.18s
2026-07-05 01:14:36,062 [INFO] [DETAIL] 2198 アイ・ケイ・ケイホールディングス: income_stmt=OK, balance_sheet=OK, cashflow=OK, dividends=OK
2026-07-05 01:14:36,062 [INFO] [TIME] 2198 アイ・ケイ・ケイホールディングス 処理時間: 0.94s
2026-07-05 01:14:37,938 [DEBUG] [TIME] 219A info: 0.15s
2026-07-05 01:14:37,939 [DEBUG] yfinance OK: 219A
2026-07-05 01:14:38,138 [DEBUG] [TIME] 219A income_stmt: 0.20s
2026-07-05 01:14:38,352 [DEBUG] [TIME] 219A balance_sheet: 0.21s
2026-07-05 01:14:38,559 [DEBUG] [TIME] 219A cashflow: 0.21s
2026-07-05 01:14:38,633 [DEBUG] [TIME] 219A dividends: 0.07s
2026-07-05 01:14:38,633 [INFO] [DETAIL] 219A Ｈｅａｒｔｓｅｅｄ: income_stmt=OK, balance_sheet=OK, cashflow=OK, dividends=EMPTY
2026-07-05 01:14:38,633 [INFO] [TIME] 219A Ｈｅａｒｔｓｅｅｄ 処理時間: 0.84s
2026-07-05 01:14:40,637 [DEBUG] [TIME] 2201 info: 0.19s
2026-07-05 01:14:40,637 [DEBUG] yfinance OK: 2201
2026-07-05 01:14:40,871 [DEBUG] [TIME] 2201 income_stmt: 0.23s
2026-07-05 01:14:41,102 [DEBUG] [TIME] 2201 balance_sheet: 0.23s
2026-07-05 01:14:41,316 [DEBUG] [TIME] 2201 cashflow: 0.21s
2026-07-05 01:14:41,568 [DEBUG] [TIME] 2201 dividends: 0.25s
2026-07-05 01:14:41,569 [INFO] [DETAIL] 2201 森永製菓: income_stmt=OK, balance_sheet=OK, cashflow=OK, dividends=OK
2026-07-05 01:14:41,569 [INFO] [TIME] 2201 森永製菓 処理時間: 1.12s
2026-07-05 01:14:43,004 [DEBUG] [TIME] 2204 info: 0.15s
2026-07-05 01:14:43,004 [DEBUG] yfinance OK: 2204
2026-07-05 01:14:43,185 [DEBUG] [TIME] 2204 income_stmt: 0.18s
2026-07-05 01:14:43,462 [DEBUG] [TIME] 2204 balance_sheet: 0.28s
2026-07-05 01:14:43,667 [DEBUG] [TIME] 2204 cashflow: 0.20s
2026-07-05 01:14:43,933 [DEBUG] [TIME] 2204 dividends: 0.27s
2026-07-05 01:14:43,934 [INFO] [DETAIL] 2204 中村屋: income_stmt=OK, balance_sheet=OK, cashflow=OK, dividends=OK
2026-07-05 01:14:43,934 [INFO] [TIME] 2204 中村屋 処理時間: 1.08s
2026-07-05 01:14:46,049 [DEBUG] [TIME] 2206 info: 0.15s
2026-07-05 01:14:46,049 [DEBUG] yfinance OK: 2206
2026-07-05 01:14:46,229 [DEBUG] [TIME] 2206 income_stmt: 0.18s
2026-07-05 01:14:46,470 [DEBUG] [TIME] 2206 balance_sheet: 0.24s
2026-07-05 01:14:46,697 [DEBUG] [TIME] 2206 cashflow: 0.23s
2026-07-05 01:14:46,996 [DEBUG] [TIME] 2206 dividends: 0.30s
2026-07-05 01:14:46,997 [INFO] [DETAIL] 2206 江崎グリコ: income_stmt=OK, balance_sheet=OK, cashflow=OK, dividends=OK
2026-07-05 01:14:46,997 [INFO] [TIME] 2206 江崎グリコ 処理時間: 1.10s
2026-07-05 01:14:49,180 [DEBUG] [TIME] 2207 info: 0.18s
2026-07-05 01:14:49,180 [DEBUG] yfinance OK: 2207
2026-07-05 01:14:49,346 [DEBUG] [TIME] 2207 income_stmt: 0.17s
2026-07-05 01:14:49,584 [DEBUG] [TIME] 2207 balance_sheet: 0.24s
2026-07-05 01:14:49,785 [DEBUG] [TIME] 2207 cashflow: 0.20s
2026-07-05 01:14:50,115 [DEBUG] [TIME] 2207 dividends: 0.33s
2026-07-05 01:14:50,116 [INFO] [DETAIL] 2207 ｍｅｉｔｏ: income_stmt=OK, balance_sheet=OK, cashflow=OK, dividends=OK
2026-07-05 01:14:50,116 [INFO] [TIME] 2207 ｍｅｉｔｏ 処理時間: 1.11s
2026-07-05 01:14:51,601 [DEBUG] [TIME] 2208 info: 0.37s
2026-07-05 01:14:51,601 [DEBUG] yfinance OK: 2208
2026-07-05 01:14:51,770 [DEBUG] [TIME] 2208 income_stmt: 0.17s
2026-07-05 01:14:52,007 [DEBUG] [TIME] 2208 balance_sheet: 0.24s
2026-07-05 01:14:52,222 [DEBUG] [TIME] 2208 cashflow: 0.21s
2026-07-05 01:14:52,523 [DEBUG] [TIME] 2208 dividends: 0.30s
2026-07-05 01:14:52,524 [INFO] [DETAIL] 2208 ブルボン: income_stmt=OK, balance_sheet=OK, cashflow=OK, dividends=OK
2026-07-05 01:14:52,524 [INFO] [TIME] 2208 ブルボン 処理時間: 1.30s
2026-07-05 01:14:54,435 [DEBUG] [TIME] 2209 info: 0.18s
2026-07-05 01:14:54,435 [DEBUG] yfinance OK: 2209
2026-07-05 01:14:54,636 [DEBUG] [TIME] 2209 income_stmt: 0.20s
2026-07-05 01:14:54,892 [DEBUG] [TIME] 2209 balance_sheet: 0.26s
2026-07-05 01:14:55,096 [DEBUG] [TIME] 2209 cashflow: 0.20s
2026-07-05 01:14:55,531 [DEBUG] [TIME] 2209 dividends: 0.44s
2026-07-05 01:14:55,532 [INFO] [DETAIL] 2209 井村屋グループ: income_stmt=OK, balance_sheet=OK, cashflow=OK, dividends=OK
2026-07-05 01:14:55,533 [INFO] [TIME] 2209 井村屋グループ 処理時間: 1.28s
2026-07-05 01:14:57,551 [DEBUG] [TIME] 220A info: 0.14s
2026-07-05 01:14:57,551 [DEBUG] yfinance OK: 220A
2026-07-05 01:14:57,710 [DEBUG] [TIME] 220A income_stmt: 0.16s
2026-07-05 01:14:57,943 [DEBUG] [TIME] 220A balance_sheet: 0.23s
2026-07-05 01:14:58,121 [DEBUG] [TIME] 220A cashflow: 0.18s
2026-07-05 01:14:58,214 [DEBUG] [TIME] 220A dividends: 0.09s
2026-07-05 01:14:58,215 [INFO] [DETAIL] 220A Ｆａｂｅｒ　Ｃｏｍｐａｎｙ: income_stmt=OK, balance_sheet=OK, cashflow=OK, dividends=OK
2026-07-05 01:14:58,215 [INFO] [TIME] 220A Ｆａｂｅｒ　Ｃｏｍｐａｎｙ 処理時間: 0.81s
2026-07-05 01:14:59,491 [DEBUG] [TIME] 2211 info: 0.18s
2026-07-05 01:14:59,491 [DEBUG] yfinance OK: 2211
2026-07-05 01:14:59,687 [DEBUG] [TIME] 2211 income_stmt: 0.20s
2026-07-05 01:14:59,920 [DEBUG] [TIME] 2211 balance_sheet: 0.23s
2026-07-05 01:15:00,169 [DEBUG] [TIME] 2211 cashflow: 0.25s
2026-07-05 01:15:00,562 [DEBUG] [TIME] 2211 dividends: 0.39s
2026-07-05 01:15:00,563 [INFO] [DETAIL] 2211 不二家: income_stmt=OK, balance_sheet=OK, cashflow=OK, dividends=OK
2026-07-05 01:15:00,563 [INFO] [TIME] 2211 不二家 処理時間: 1.26s
2026-07-05 01:15:02,079 [DEBUG] [TIME] 2212 info: 0.15s
2026-07-05 01:15:02,079 [DEBUG] yfinance OK: 2212
2026-07-05 01:15:02,267 [DEBUG] [TIME] 2212 income_stmt: 0.19s
2026-07-05 01:15:02,524 [DEBUG] [TIME] 2212 balance_sheet: 0.26s
2026-07-05 01:15:02,747 [DEBUG] [TIME] 2212 cashflow: 0.22s
2026-07-05 01:15:03,022 [DEBUG] [TIME] 2212 dividends: 0.27s
2026-07-05 01:15:03,022 [INFO] [DETAIL] 2212 山崎製パン: income_stmt=OK, balance_sheet=OK, cashflow=OK, dividends=OK
2026-07-05 01:15:03,023 [INFO] [TIME] 2212 山崎製パン 処理時間: 1.10s
2026-07-05 01:15:04,421 [DEBUG] [TIME] 2215 info: 0.18s
2026-07-05 01:15:04,421 [DEBUG] yfinance OK: 2215
2026-07-05 01:15:04,620 [DEBUG] [TIME] 2215 income_stmt: 0.20s
2026-07-05 01:15:04,866 [DEBUG] [TIME] 2215 balance_sheet: 0.24s
2026-07-05 01:15:05,070 [DEBUG] [TIME] 2215 cashflow: 0.20s
2026-07-05 01:15:05,261 [DEBUG] [TIME] 2215 dividends: 0.19s
2026-07-05 01:15:05,261 [INFO] [DETAIL] 2215 第一屋製パン: income_stmt=OK, balance_sheet=OK, cashflow=OK, dividends=EMPTY
2026-07-05 01:15:05,261 [INFO] [TIME] 2215 第一屋製パン 処理時間: 1.02s
2026-07-05 01:15:07,054 [DEBUG] [TIME] 2216 info: 0.18s
2026-07-05 01:15:07,054 [DEBUG] yfinance OK: 2216
2026-07-05 01:15:07,283 [DEBUG] [TIME] 2216 income_stmt: 0.23s
2026-07-05 01:15:07,558 [DEBUG] [TIME] 2216 balance_sheet: 0.27s
2026-07-05 01:15:07,809 [DEBUG] [TIME] 2216 cashflow: 0.25s
2026-07-05 01:15:08,093 [DEBUG] [TIME] 2216 dividends: 0.28s
2026-07-05 01:15:08,094 [INFO] [DETAIL] 2216 カンロ: income_stmt=OK, balance_sheet=OK, cashflow=OK, dividends=OK
2026-07-05 01:15:08,094 [INFO] [TIME] 2216 カンロ 処理時間: 1.22s
2026-07-05 01:15:09,437 [DEBUG] [TIME] 2217 info: 0.18s
2026-07-05 01:15:09,437 [DEBUG] yfinance OK: 2217
2026-07-05 01:15:09,635 [DEBUG] [TIME] 2217 income_stmt: 0.20s
2026-07-05 01:15:09,901 [DEBUG] [TIME] 2217 balance_sheet: 0.26s
2026-07-05 01:15:10,088 [DEBUG] [TIME] 2217 cashflow: 0.19s
2026-07-05 01:15:10,362 [DEBUG] [TIME] 2217 dividends: 0.27s
2026-07-05 01:15:10,363 [INFO] [DETAIL] 2217 モロゾフ: income_stmt=OK, balance_sheet=OK, cashflow=OK, dividends=OK
2026-07-05 01:15:10,363 [INFO] [TIME] 2217 モロゾフ 処理時間: 1.11s
2026-07-05 01:15:12,477 [DEBUG] [TIME] 2220 info: 0.15s
2026-07-05 01:15:12,477 [DEBUG] yfinance OK: 2220
2026-07-05 01:15:12,703 [DEBUG] [TIME] 2220 income_stmt: 0.23s
2026-07-05 01:15:12,958 [DEBUG] [TIME] 2220 balance_sheet: 0.26s
2026-07-05 01:15:13,177 [DEBUG] [TIME] 2220 cashflow: 0.22s
2026-07-05 01:15:13,489 [DEBUG] [TIME] 2220 dividends: 0.31s
2026-07-05 01:15:13,490 [INFO] [DETAIL] 2220 亀田製菓: income_stmt=OK, balance_sheet=OK, cashflow=OK, dividends=OK
2026-07-05 01:15:13,490 [INFO] [TIME] 2220 亀田製菓 処理時間: 1.17s
2026-07-05 01:15:14,689 [DEBUG] [TIME] 2221 info: 0.18s
2026-07-05 01:15:14,689 [DEBUG] yfinance OK: 2221
2026-07-05 01:15:14,878 [DEBUG] [TIME] 2221 income_stmt: 0.19s
2026-07-05 01:15:15,114 [DEBUG] [TIME] 2221 balance_sheet: 0.23s
2026-07-05 01:15:15,283 [DEBUG] [TIME] 2221 cashflow: 0.17s
2026-07-05 01:15:15,576 [DEBUG] [TIME] 2221 dividends: 0.29s
2026-07-05 01:15:15,577 [INFO] [DETAIL] 2221 岩塚製菓: income_stmt=OK, balance_sheet=OK, cashflow=OK, dividends=OK
2026-07-05 01:15:15,577 [INFO] [TIME] 2221 岩塚製菓 処理時間: 1.07s
2026-07-05 01:15:17,223 [DEBUG] [TIME] 2222 info: 0.14s
2026-07-05 01:15:17,224 [DEBUG] yfinance OK: 2222
2026-07-05 01:15:17,399 [DEBUG] [TIME] 2222 income_stmt: 0.18s
2026-07-05 01:15:17,629 [DEBUG] [TIME] 2222 balance_sheet: 0.23s
2026-07-05 01:15:17,836 [DEBUG] [TIME] 2222 cashflow: 0.21s
2026-07-05 01:15:18,074 [DEBUG] [TIME] 2222 dividends: 0.24s
2026-07-05 01:15:18,075 [INFO] [DETAIL] 2222 寿スピリッツ: income_stmt=OK, balance_sheet=OK, cashflow=OK, dividends=OK
2026-07-05 01:15:18,075 [INFO] [TIME] 2222 寿スピリッツ 処理時間: 0.99s
2026-07-05 01:15:19,709 [DEBUG] [TIME] 2224 info: 0.20s
2026-07-05 01:15:19,709 [DEBUG] yfinance OK: 2224
2026-07-05 01:15:19,896 [DEBUG] [TIME] 2224 income_stmt: 0.19s
2026-07-05 01:15:20,166 [DEBUG] [TIME] 2224 balance_sheet: 0.27s
2026-07-05 01:15:20,380 [DEBUG] [TIME] 2224 cashflow: 0.21s
2026-07-05 01:15:20,646 [DEBUG] [TIME] 2224 dividends: 0.27s
2026-07-05 01:15:20,647 [INFO] [DETAIL] 2224 コモ: income_stmt=OK, balance_sheet=OK, cashflow=OK, dividends=OK
2026-07-05 01:15:20,647 [INFO] [TIME] 2224 コモ 処理時間: 1.14s
2026-07-05 01:15:22,081 [DEBUG] [TIME] 2226 info: 0.17s
2026-07-05 01:15:22,081 [DEBUG] yfinance OK: 2226
2026-07-05 01:15:22,274 [DEBUG] [TIME] 2226 income_stmt: 0.19s
2026-07-05 01:15:22,510 [DEBUG] [TIME] 2226 balance_sheet: 0.24s
2026-07-05 01:15:22,822 [DEBUG] [TIME] 2226 cashflow: 0.31s
2026-07-05 01:15:23,110 [DEBUG] [TIME] 2226 dividends: 0.29s
2026-07-05 01:15:23,111 [INFO] [DETAIL] 2226 湖池屋: income_stmt=OK, balance_sheet=OK, cashflow=OK, dividends=OK
2026-07-05 01:15:23,111 [INFO] [TIME] 2226 湖池屋 処理時間: 1.20s
2026-07-05 01:15:25,649 [DEBUG] [TIME] 2229 info: 1.26s
2026-07-05 01:15:25,649 [DEBUG] yfinance OK: 2229
2026-07-05 01:15:25,821 [DEBUG] [TIME] 2229 income_stmt: 0.17s
2026-07-05 01:15:26,070 [DEBUG] [TIME] 2229 balance_sheet: 0.25s
2026-07-05 01:15:26,319 [DEBUG] [TIME] 2229 cashflow: 0.25s
2026-07-05 01:15:26,503 [DEBUG] [TIME] 2229 dividends: 0.18s
2026-07-05 01:15:26,504 [INFO] [DETAIL] 2229 カルビー: income_stmt=OK, balance_sheet=OK, cashflow=OK, dividends=OK
2026-07-05 01:15:26,505 [INFO] [TIME] 2229 カルビー 処理時間: 2.12s
2026-07-05 01:15:28,011 [DEBUG] [TIME] 2264 info: 0.16s
2026-07-05 01:15:28,011 [DEBUG] yfinance OK: 2264
2026-07-05 01:15:28,191 [DEBUG] [TIME] 2264 income_stmt: 0.18s
2026-07-05 01:15:28,436 [DEBUG] [TIME] 2264 balance_sheet: 0.24s
2026-07-05 01:15:28,629 [DEBUG] [TIME] 2264 cashflow: 0.19s
2026-07-05 01:15:28,991 [DEBUG] [TIME] 2264 dividends: 0.36s
2026-07-05 01:15:28,992 [INFO] [DETAIL] 2264 森永乳業: income_stmt=OK, balance_sheet=OK, cashflow=OK, dividends=OK
2026-07-05 01:15:28,992 [INFO] [TIME] 2264 森永乳業 処理時間: 1.14s
2026-07-05 01:15:30,453 [DEBUG] [TIME] 2266 info: 0.15s
2026-07-05 01:15:30,453 [DEBUG] yfinance OK: 2266
2026-07-05 01:15:30,623 [DEBUG] [TIME] 2266 income_stmt: 0.17s
2026-07-05 01:15:30,866 [DEBUG] [TIME] 2266 balance_sheet: 0.24s
2026-07-05 01:15:31,064 [DEBUG] [TIME] 2266 cashflow: 0.20s
2026-07-05 01:15:31,345 [DEBUG] [TIME] 2266 dividends: 0.28s
2026-07-05 01:15:31,346 [INFO] [DETAIL] 2266 六甲バター: income_stmt=OK, balance_sheet=OK, cashflow=OK, dividends=OK
2026-07-05 01:15:31,346 [INFO] [TIME] 2266 六甲バター 処理時間: 1.04s
2026-07-05 01:15:32,944 [DEBUG] [TIME] 2267 info: 0.14s
2026-07-05 01:15:32,944 [DEBUG] yfinance OK: 2267
2026-07-05 01:15:33,143 [DEBUG] [TIME] 2267 income_stmt: 0.20s
2026-07-05 01:15:33,361 [DEBUG] [TIME] 2267 balance_sheet: 0.22s
2026-07-05 01:15:33,556 [DEBUG] [TIME] 2267 cashflow: 0.19s
2026-07-05 01:15:33,849 [DEBUG] [TIME] 2267 dividends: 0.29s
2026-07-05 01:15:33,850 [INFO] [DETAIL] 2267 ヤクルト本社: income_stmt=OK, balance_sheet=OK, cashflow=OK, dividends=OK
2026-07-05 01:15:33,850 [INFO] [TIME] 2267 ヤクルト本社 処理時間: 1.05s
2026-07-05 01:15:35,624 [DEBUG] [TIME] 2268 info: 0.15s
2026-07-05 01:15:35,624 [DEBUG] yfinance OK: 2268
2026-07-05 01:15:35,819 [DEBUG] [TIME] 2268 income_stmt: 0.20s
2026-07-05 01:15:36,061 [DEBUG] [TIME] 2268 balance_sheet: 0.24s
2026-07-05 01:15:36,269 [DEBUG] [TIME] 2268 cashflow: 0.21s
2026-07-05 01:15:36,552 [DEBUG] [TIME] 2268 dividends: 0.28s
2026-07-05 01:15:36,553 [INFO] [DETAIL] 2268 Ｂ－Ｒ　サーティワン　アイスクリーム: income_stmt=OK, balance_sheet=OK, cashflow=OK, dividends=OK
2026-07-05 01:15:36,553 [INFO] [TIME] 2268 Ｂ－Ｒ　サーティワン　アイスクリーム 処理時間: 1.08s
2026-07-05 01:15:37,738 [DEBUG] [TIME] 2269 info: 0.17s
2026-07-05 01:15:37,738 [DEBUG] yfinance OK: 2269
2026-07-05 01:15:37,924 [DEBUG] [TIME] 2269 income_stmt: 0.19s
2026-07-05 01:15:38,136 [DEBUG] [TIME] 2269 balance_sheet: 0.21s
2026-07-05 01:15:38,394 [DEBUG] [TIME] 2269 cashflow: 0.26s
2026-07-05 01:15:38,673 [DEBUG] [TIME] 2269 dividends: 0.28s
2026-07-05 01:15:38,674 [INFO] [DETAIL] 2269 明治ホールディングス: income_stmt=OK, balance_sheet=OK, cashflow=OK, dividends=OK
2026-07-05 01:15:38,674 [INFO] [TIME] 2269 明治ホールディングス 処理時間: 1.11s
2026-07-05 01:15:40,492 [DEBUG] [TIME] 2270 info: 0.15s
2026-07-05 01:15:40,492 [DEBUG] yfinance OK: 2270
2026-07-05 01:15:40,682 [DEBUG] [TIME] 2270 income_stmt: 0.19s
2026-07-05 01:15:40,885 [DEBUG] [TIME] 2270 balance_sheet: 0.20s
2026-07-05 01:15:41,090 [DEBUG] [TIME] 2270 cashflow: 0.20s
2026-07-05 01:15:41,305 [DEBUG] [TIME] 2270 dividends: 0.21s
2026-07-05 01:15:41,306 [INFO] [DETAIL] 2270 雪印メグミルク: income_stmt=OK, balance_sheet=OK, cashflow=OK, dividends=OK
2026-07-05 01:15:41,306 [INFO] [TIME] 2270 雪印メグミルク 処理時間: 0.97s
2026-07-05 01:15:42,982 [DEBUG] [TIME] 2281 info: 0.15s
2026-07-05 01:15:42,982 [DEBUG] yfinance OK: 2281
2026-07-05 01:15:43,156 [DEBUG] [TIME] 2281 income_stmt: 0.17s
2026-07-05 01:15:43,468 [DEBUG] [TIME] 2281 balance_sheet: 0.31s
2026-07-05 01:15:43,661 [DEBUG] [TIME] 2281 cashflow: 0.19s
2026-07-05 01:15:43,969 [DEBUG] [TIME] 2281 dividends: 0.31s
2026-07-05 01:15:43,970 [INFO] [DETAIL] 2281 プリマハム: income_stmt=OK, balance_sheet=OK, cashflow=OK, dividends=OK
2026-07-05 01:15:43,970 [INFO] [TIME] 2281 プリマハム 処理時間: 1.14s
2026-07-05 01:15:45,187 [DEBUG] [TIME] 2282 info: 0.17s
2026-07-05 01:15:45,187 [DEBUG] yfinance OK: 2282
2026-07-05 01:15:45,380 [DEBUG] [TIME] 2282 income_stmt: 0.19s
2026-07-05 01:15:45,564 [DEBUG] [TIME] 2282 balance_sheet: 0.18s
2026-07-05 01:15:45,786 [DEBUG] [TIME] 2282 cashflow: 0.22s
2026-07-05 01:15:46,132 [DEBUG] [TIME] 2282 dividends: 0.35s
2026-07-05 01:15:46,133 [INFO] [DETAIL] 2282 日本ハム: income_stmt=OK, balance_sheet=OK, cashflow=OK, dividends=OK
2026-07-05 01:15:46,133 [INFO] [TIME] 2282 日本ハム 処理時間: 1.12s
2026-07-05 01:15:47,715 [DEBUG] [TIME] 2286 info: 0.14s
2026-07-05 01:15:47,715 [DEBUG] yfinance OK: 2286
2026-07-05 01:15:47,896 [DEBUG] [TIME] 2286 income_stmt: 0.18s
2026-07-05 01:15:48,141 [DEBUG] [TIME] 2286 balance_sheet: 0.24s
2026-07-05 01:15:48,360 [DEBUG] [TIME] 2286 cashflow: 0.22s
2026-07-05 01:15:48,630 [DEBUG] [TIME] 2286 dividends: 0.27s
2026-07-05 01:15:48,631 [INFO] [DETAIL] 2286 林兼産業: income_stmt=OK, balance_sheet=OK, cashflow=OK, dividends=OK
2026-07-05 01:15:48,631 [INFO] [TIME] 2286 林兼産業 処理時間: 1.06s
2026-07-05 01:15:50,693 [DEBUG] [TIME] 2288 info: 0.14s
2026-07-05 01:15:50,693 [DEBUG] yfinance OK: 2288
2026-07-05 01:15:50,848 [DEBUG] [TIME] 2288 income_stmt: 0.16s
2026-07-05 01:15:51,082 [DEBUG] [TIME] 2288 balance_sheet: 0.23s
2026-07-05 01:15:51,264 [DEBUG] [TIME] 2288 cashflow: 0.18s
2026-07-05 01:15:51,558 [DEBUG] [TIME] 2288 dividends: 0.29s
2026-07-05 01:15:51,559 [INFO] [DETAIL] 2288 丸大食品: income_stmt=OK, balance_sheet=OK, cashflow=OK, dividends=OK
2026-07-05 01:15:51,559 [INFO] [TIME] 2288 丸大食品 処理時間: 1.01s
2026-07-05 01:15:52,870 [DEBUG] [TIME] 228A info: 0.15s
2026-07-05 01:15:52,870 [DEBUG] yfinance OK: 228A
2026-07-05 01:15:53,050 [DEBUG] [TIME] 228A income_stmt: 0.18s
2026-07-05 01:15:53,298 [DEBUG] [TIME] 228A balance_sheet: 0.25s
2026-07-05 01:15:53,471 [DEBUG] [TIME] 228A cashflow: 0.17s
2026-07-05 01:15:53,546 [DEBUG] [TIME] 228A dividends: 0.07s
2026-07-05 01:15:53,546 [INFO] [DETAIL] 228A オプロ: income_stmt=OK, balance_sheet=OK, cashflow=OK, dividends=EMPTY
2026-07-05 01:15:53,546 [INFO] [TIME] 228A オプロ 処理時間: 0.82s
2026-07-05 01:15:55,080 [DEBUG] [TIME] 2291 info: 0.15s
2026-07-05 01:15:55,080 [DEBUG] yfinance OK: 2291
2026-07-05 01:15:55,251 [DEBUG] [TIME] 2291 income_stmt: 0.17s
2026-07-05 01:15:55,467 [DEBUG] [TIME] 2291 balance_sheet: 0.21s
2026-07-05 01:15:55,638 [DEBUG] [TIME] 2291 cashflow: 0.17s
2026-07-05 01:15:55,906 [DEBUG] [TIME] 2291 dividends: 0.27s
2026-07-05 01:15:55,906 [INFO] [DETAIL] 2291 福留ハム: income_stmt=OK, balance_sheet=OK, cashflow=OK, dividends=OK
2026-07-05 01:15:55,907 [INFO] [TIME] 2291 福留ハム 処理時間: 0.98s
2026-07-05 01:15:57,610 [DEBUG] [TIME] 2292 info: 0.22s
2026-07-05 01:15:57,610 [DEBUG] yfinance OK: 2292
2026-07-05 01:15:57,775 [DEBUG] [TIME] 2292 income_stmt: 0.17s
2026-07-05 01:15:58,026 [DEBUG] [TIME] 2292 balance_sheet: 0.25s
2026-07-05 01:15:58,202 [DEBUG] [TIME] 2292 cashflow: 0.17s
2026-07-05 01:15:58,468 [DEBUG] [TIME] 2292 dividends: 0.27s
2026-07-05 01:15:58,469 [INFO] [DETAIL] 2292 Ｓ　Ｆｏｏｄｓ: income_stmt=OK, balance_sheet=OK, cashflow=OK, dividends=OK
2026-07-05 01:15:58,469 [INFO] [TIME] 2292 Ｓ　Ｆｏｏｄｓ 処理時間: 1.07s
2026-07-05 01:15:59,635 [DEBUG] [TIME] 2293 info: 0.14s
2026-07-05 01:15:59,635 [DEBUG] yfinance OK: 2293
2026-07-05 01:15:59,793 [DEBUG] [TIME] 2293 income_stmt: 0.16s
2026-07-05 01:16:00,041 [DEBUG] [TIME] 2293 balance_sheet: 0.25s
2026-07-05 01:16:00,236 [DEBUG] [TIME] 2293 cashflow: 0.19s
2026-07-05 01:16:00,539 [DEBUG] [TIME] 2293 dividends: 0.30s
2026-07-05 01:16:00,540 [INFO] [DETAIL] 2293 滝沢ハム: income_stmt=OK, balance_sheet=OK, cashflow=OK, dividends=OK
2026-07-05 01:16:00,540 [INFO] [TIME] 2293 滝沢ハム 処理時間: 1.05s
2026-07-05 01:16:02,668 [DEBUG] [TIME] 2294 info: 0.15s
2026-07-05 01:16:02,668 [DEBUG] yfinance OK: 2294
2026-07-05 01:16:02,859 [DEBUG] [TIME] 2294 income_stmt: 0.19s
2026-07-05 01:16:03,105 [DEBUG] [TIME] 2294 balance_sheet: 0.25s
2026-07-05 01:16:03,286 [DEBUG] [TIME] 2294 cashflow: 0.18s
2026-07-05 01:16:03,615 [DEBUG] [TIME] 2294 dividends: 0.33s
2026-07-05 01:16:03,616 [INFO] [DETAIL] 2294 柿安本店: income_stmt=OK, balance_sheet=OK, cashflow=OK, dividends=OK
2026-07-05 01:16:03,616 [INFO] [TIME] 2294 柿安本店 処理時間: 1.10s
2026-07-05 01:16:05,152 [DEBUG] [TIME] 2296 info: 0.15s
2026-07-05 01:16:05,152 [DEBUG] yfinance OK: 2296
2026-07-05 01:16:05,356 [DEBUG] [TIME] 2296 income_stmt: 0.20s
2026-07-05 01:16:05,631 [DEBUG] [TIME] 2296 balance_sheet: 0.27s
2026-07-05 01:16:05,856 [DEBUG] [TIME] 2296 cashflow: 0.22s
2026-07-05 01:16:06,021 [DEBUG] [TIME] 2296 dividends: 0.16s
2026-07-05 01:16:06,022 [INFO] [DETAIL] 2296 伊藤ハム米久ホールディングス: income_stmt=OK, balance_sheet=OK, cashflow=OK, dividends=OK
2026-07-05 01:16:06,022 [INFO] [TIME] 2296 伊藤ハム米久ホールディングス 処理時間: 1.02s
2026-07-05 01:16:07,353 [DEBUG] [TIME] 2300 info: 0.17s
2026-07-05 01:16:07,353 [DEBUG] yfinance OK: 2300
2026-07-05 01:16:07,538 [DEBUG] [TIME] 2300 income_stmt: 0.19s
2026-07-05 01:16:07,763 [DEBUG] [TIME] 2300 balance_sheet: 0.22s
2026-07-05 01:16:07,962 [DEBUG] [TIME] 2300 cashflow: 0.20s
2026-07-05 01:16:08,256 [DEBUG] [TIME] 2300 dividends: 0.29s
2026-07-05 01:16:08,257 [INFO] [DETAIL] 2300 きょくとう: income_stmt=OK, balance_sheet=OK, cashflow=OK, dividends=OK
2026-07-05 01:16:08,257 [INFO] [TIME] 2300 きょくとう 処理時間: 1.07s
2026-07-05 01:16:10,227 [DEBUG] [TIME] 2301 info: 0.15s
2026-07-05 01:16:10,227 [DEBUG] yfinance OK: 2301
2026-07-05 01:16:10,410 [DEBUG] [TIME] 2301 income_stmt: 0.18s
2026-07-05 01:16:10,654 [DEBUG] [TIME] 2301 balance_sheet: 0.24s
2026-07-05 01:16:10,864 [DEBUG] [TIME] 2301 cashflow: 0.21s
2026-07-05 01:16:11,183 [DEBUG] [TIME] 2301 dividends: 0.32s
2026-07-05 01:16:11,184 [INFO] [DETAIL] 2301 学情: income_stmt=OK, balance_sheet=OK, cashflow=OK, dividends=OK
2026-07-05 01:16:11,184 [INFO] [TIME] 2301 学情 処理時間: 1.11s
2026-07-05 01:16:12,924 [DEBUG] [TIME] 2303 info: 0.15s
2026-07-05 01:16:12,924 [DEBUG] yfinance OK: 2303
2026-07-05 01:16:13,113 [DEBUG] [TIME] 2303 income_stmt: 0.19s
2026-07-05 01:16:13,320 [DEBUG] [TIME] 2303 balance_sheet: 0.21s
2026-07-05 01:16:13,554 [DEBUG] [TIME] 2303 cashflow: 0.23s
2026-07-05 01:16:13,809 [DEBUG] [TIME] 2303 dividends: 0.25s
2026-07-05 01:16:13,810 [INFO] [DETAIL] 2303 ドーン: income_stmt=OK, balance_sheet=OK, cashflow=OK, dividends=OK
2026-07-05 01:16:13,810 [INFO] [TIME] 2303 ドーン 処理時間: 1.04s
2026-07-05 01:16:15,529 [DEBUG] [TIME] 2304 info: 0.15s
2026-07-05 01:16:15,529 [DEBUG] yfinance OK: 2304
2026-07-05 01:16:15,698 [DEBUG] [TIME] 2304 income_stmt: 0.17s
2026-07-05 01:16:15,955 [DEBUG] [TIME] 2304 balance_sheet: 0.26s
2026-07-05 01:16:16,162 [DEBUG] [TIME] 2304 cashflow: 0.21s
2026-07-05 01:16:16,473 [DEBUG] [TIME] 2304 dividends: 0.31s
2026-07-05 01:16:16,474 [INFO] [DETAIL] 2304 ＣＳＳホールディングス: income_stmt=OK, balance_sheet=OK, cashflow=OK, dividends=OK
2026-07-05 01:16:16,474 [INFO] [TIME] 2304 ＣＳＳホールディングス 処理時間: 1.09s
2026-07-05 01:16:17,948 [DEBUG] [TIME] 2305 info: 0.15s
2026-07-05 01:16:17,948 [DEBUG] yfinance OK: 2305
2026-07-05 01:16:18,139 [DEBUG] [TIME] 2305 income_stmt: 0.19s
2026-07-05 01:16:18,401 [DEBUG] [TIME] 2305 balance_sheet: 0.26s
2026-07-05 01:16:18,605 [DEBUG] [TIME] 2305 cashflow: 0.20s
2026-07-05 01:16:18,864 [DEBUG] [TIME] 2305 dividends: 0.26s
2026-07-05 01:16:18,864 [INFO] [DETAIL] 2305 スタジオアリス: income_stmt=OK, balance_sheet=OK, cashflow=OK, dividends=OK
2026-07-05 01:16:18,865 [INFO] [TIME] 2305 スタジオアリス 処理時間: 1.06s
2026-07-05 01:16:20,844 [DEBUG] [TIME] 2307 info: 0.15s
2026-07-05 01:16:20,845 [DEBUG] yfinance OK: 2307
2026-07-05 01:16:21,065 [DEBUG] [TIME] 2307 income_stmt: 0.22s
2026-07-05 01:16:21,308 [DEBUG] [TIME] 2307 balance_sheet: 0.24s
2026-07-05 01:16:21,534 [DEBUG] [TIME] 2307 cashflow: 0.22s
2026-07-05 01:16:21,798 [DEBUG] [TIME] 2307 dividends: 0.26s
2026-07-05 01:16:21,799 [INFO] [DETAIL] 2307 クロスキャット: income_stmt=OK, balance_sheet=OK, cashflow=OK, dividends=OK
2026-07-05 01:16:21,800 [INFO] [TIME] 2307 クロスキャット 処理時間: 1.10s
2026-07-05 01:16:23,293 [DEBUG] [TIME] 2311 info: 0.14s
2026-07-05 01:16:23,293 [DEBUG] yfinance OK: 2311
2026-07-05 01:16:23,482 [DEBUG] [TIME] 2311 income_stmt: 0.19s
2026-07-05 01:16:23,708 [DEBUG] [TIME] 2311 balance_sheet: 0.23s
2026-07-05 01:16:23,923 [DEBUG] [TIME] 2311 cashflow: 0.21s
2026-07-05 01:16:24,217 [DEBUG] [TIME] 2311 dividends: 0.29s
2026-07-05 01:16:24,218 [INFO] [DETAIL] 2311 エプコ: income_stmt=OK, balance_sheet=OK, cashflow=OK, dividends=OK
2026-07-05 01:16:24,218 [INFO] [TIME] 2311 エプコ 処理時間: 1.07s
2026-07-05 01:16:25,649 [DEBUG] [TIME] 2315 info: 0.14s
2026-07-05 01:16:25,649 [DEBUG] yfinance OK: 2315
2026-07-05 01:16:25,819 [DEBUG] [TIME] 2315 income_stmt: 0.17s
2026-07-05 01:16:26,109 [DEBUG] [TIME] 2315 balance_sheet: 0.29s
2026-07-05 01:16:26,294 [DEBUG] [TIME] 2315 cashflow: 0.18s
2026-07-05 01:16:26,565 [DEBUG] [TIME] 2315 dividends: 0.27s
2026-07-05 01:16:26,565 [INFO] [DETAIL] 2315 ＣＡＩＣＡ　ＤＩＧＩＴＡＬ: income_stmt=OK, balance_sheet=OK, cashflow=OK, dividends=OK
2026-07-05 01:16:26,566 [INFO] [TIME] 2315 ＣＡＩＣＡ　ＤＩＧＩＴＡＬ 処理時間: 1.06s
2026-07-05 01:16:28,237 [DEBUG] [TIME] 2317 info: 0.17s
2026-07-05 01:16:28,237 [DEBUG] yfinance OK: 2317
2026-07-05 01:16:28,411 [DEBUG] [TIME] 2317 income_stmt: 0.17s
2026-07-05 01:16:28,615 [DEBUG] [TIME] 2317 balance_sheet: 0.20s
2026-07-05 01:16:28,826 [DEBUG] [TIME] 2317 cashflow: 0.21s
2026-07-05 01:16:29,075 [DEBUG] [TIME] 2317 dividends: 0.25s
2026-07-05 01:16:29,076 [INFO] [DETAIL] 2317 システナ: income_stmt=OK, balance_sheet=OK, cashflow=OK, dividends=OK
2026-07-05 01:16:29,076 [INFO] [TIME] 2317 システナ 処理時間: 1.01s
2026-07-05 01:16:30,413 [DEBUG] [TIME] 2321 info: 0.15s
2026-07-05 01:16:30,413 [DEBUG] yfinance OK: 2321
2026-07-05 01:16:30,595 [DEBUG] [TIME] 2321 income_stmt: 0.18s
2026-07-05 01:16:30,831 [DEBUG] [TIME] 2321 balance_sheet: 0.24s
2026-07-05 01:16:31,074 [DEBUG] [TIME] 2321 cashflow: 0.24s
2026-07-05 01:16:31,282 [DEBUG] [TIME] 2321 dividends: 0.21s
2026-07-05 01:16:31,283 [INFO] [DETAIL] 2321 ソフトフロントホールディングス: income_stmt=OK, balance_sheet=OK, cashflow=OK, dividends=EMPTY
2026-07-05 01:16:31,283 [INFO] [TIME] 2321 ソフトフロントホールディングス 処理時間: 1.02s
2026-07-05 01:16:33,178 [DEBUG] [TIME] 2323 info: 0.17s
2026-07-05 01:16:33,179 [DEBUG] yfinance OK: 2323
2026-07-05 01:16:33,365 [DEBUG] [TIME] 2323 income_stmt: 0.19s
2026-07-05 01:16:33,661 [DEBUG] [TIME] 2323 balance_sheet: 0.30s
2026-07-05 01:16:33,853 [DEBUG] [TIME] 2323 cashflow: 0.19s
2026-07-05 01:16:34,075 [DEBUG] [TIME] 2323 dividends: 0.22s
2026-07-05 01:16:34,076 [INFO] [DETAIL] 2323 ｆｏｎｆｕｎ: income_stmt=OK, balance_sheet=OK, cashflow=OK, dividends=OK
2026-07-05 01:16:34,076 [INFO] [TIME] 2323 ｆｏｎｆｕｎ 処理時間: 1.07s
2026-07-05 01:16:35,703 [DEBUG] [TIME] 2325 info: 0.24s
2026-07-05 01:16:35,703 [DEBUG] yfinance OK: 2325
2026-07-05 01:16:35,912 [DEBUG] [TIME] 2325 income_stmt: 0.21s
2026-07-05 01:16:36,156 [DEBUG] [TIME] 2325 balance_sheet: 0.24s
2026-07-05 01:16:36,367 [DEBUG] [TIME] 2325 cashflow: 0.21s
2026-07-05 01:16:36,629 [DEBUG] [TIME] 2325 dividends: 0.26s
2026-07-05 01:16:36,630 [INFO] [DETAIL] 2325 ＮＪＳ: income_stmt=OK, balance_sheet=OK, cashflow=OK, dividends=OK
2026-07-05 01:16:36,630 [INFO] [TIME] 2325 ＮＪＳ 処理時間: 1.17s
2026-07-05 01:16:38,417 [DEBUG] [TIME] 2326 info: 0.15s
2026-07-05 01:16:38,418 [DEBUG] yfinance OK: 2326
2026-07-05 01:16:38,607 [DEBUG] [TIME] 2326 income_stmt: 0.19s
2026-07-05 01:16:38,846 [DEBUG] [TIME] 2326 balance_sheet: 0.24s
2026-07-05 01:16:39,032 [DEBUG] [TIME] 2326 cashflow: 0.19s
2026-07-05 01:16:39,250 [DEBUG] [TIME] 2326 dividends: 0.22s
2026-07-05 01:16:39,251 [INFO] [DETAIL] 2326 デジタルアーツ: income_stmt=OK, balance_sheet=OK, cashflow=OK, dividends=OK
2026-07-05 01:16:39,251 [INFO] [TIME] 2326 デジタルアーツ 処理時間: 0.98s
2026-07-05 01:16:40,722 [DEBUG] [TIME] 2327 info: 0.14s
2026-07-05 01:16:40,723 [DEBUG] yfinance OK: 2327
2026-07-05 01:16:40,896 [DEBUG] [TIME] 2327 income_stmt: 0.17s
2026-07-05 01:16:41,120 [DEBUG] [TIME] 2327 balance_sheet: 0.22s
2026-07-05 01:16:41,363 [DEBUG] [TIME] 2327 cashflow: 0.24s
2026-07-05 01:16:41,639 [DEBUG] [TIME] 2327 dividends: 0.27s
2026-07-05 01:16:41,640 [INFO] [DETAIL] 2327 日鉄ソリューションズ: income_stmt=OK, balance_sheet=OK, cashflow=OK, dividends=OK
2026-07-05 01:16:41,640 [INFO] [TIME] 2327 日鉄ソリューションズ 処理時間: 1.06s
2026-07-05 01:16:43,242 [DEBUG] [TIME] 2329 info: 0.15s
2026-07-05 01:16:43,242 [DEBUG] yfinance OK: 2329
2026-07-05 01:16:43,451 [DEBUG] [TIME] 2329 income_stmt: 0.21s
2026-07-05 01:16:43,682 [DEBUG] [TIME] 2329 balance_sheet: 0.23s
2026-07-05 01:16:43,884 [DEBUG] [TIME] 2329 cashflow: 0.20s
2026-07-05 01:16:44,173 [DEBUG] [TIME] 2329 dividends: 0.29s
2026-07-05 01:16:44,174 [INFO] [DETAIL] 2329 東北新社: income_stmt=OK, balance_sheet=OK, cashflow=OK, dividends=OK
2026-07-05 01:16:44,174 [INFO] [TIME] 2329 東北新社 処理時間: 1.08s
2026-07-05 01:16:46,011 [DEBUG] [TIME] 2330 info: 0.14s
2026-07-05 01:16:46,011 [DEBUG] yfinance OK: 2330
2026-07-05 01:16:46,198 [DEBUG] [TIME] 2330 income_stmt: 0.19s
2026-07-05 01:16:46,422 [DEBUG] [TIME] 2330 balance_sheet: 0.22s
2026-07-05 01:16:46,640 [DEBUG] [TIME] 2330 cashflow: 0.22s
2026-07-05 01:16:46,815 [DEBUG] [TIME] 2330 dividends: 0.17s
2026-07-05 01:16:46,816 [INFO] [DETAIL] 2330 フォーサイド: income_stmt=OK, balance_sheet=OK, cashflow=OK, dividends=OK
2026-07-05 01:16:46,816 [INFO] [TIME] 2330 フォーサイド 処理時間: 0.95s
2026-07-05 01:16:48,173 [DEBUG] [TIME] 2331 info: 0.15s
2026-07-05 01:16:48,174 [DEBUG] yfinance OK: 2331
2026-07-05 01:16:48,335 [DEBUG] [TIME] 2331 income_stmt: 0.16s
2026-07-05 01:16:48,624 [DEBUG] [TIME] 2331 balance_sheet: 0.29s
2026-07-05 01:16:48,797 [DEBUG] [TIME] 2331 cashflow: 0.17s
2026-07-05 01:16:49,115 [DEBUG] [TIME] 2331 dividends: 0.32s
2026-07-05 01:16:49,116 [INFO] [DETAIL] 2331 ＡＬＳＯＫ: income_stmt=OK, balance_sheet=OK, cashflow=OK, dividends=OK
2026-07-05 01:16:49,116 [INFO] [TIME] 2331 ＡＬＳＯＫ 処理時間: 1.09s
2026-07-05 01:16:50,668 [DEBUG] [TIME] 2332 info: 0.14s
2026-07-05 01:16:50,668 [DEBUG] yfinance OK: 2332
2026-07-05 01:16:50,860 [DEBUG] [TIME] 2332 income_stmt: 0.19s
2026-07-05 01:16:51,119 [DEBUG] [TIME] 2332 balance_sheet: 0.26s
2026-07-05 01:16:51,299 [DEBUG] [TIME] 2332 cashflow: 0.18s
2026-07-05 01:16:51,537 [DEBUG] [TIME] 2332 dividends: 0.24s
2026-07-05 01:16:51,538 [INFO] [DETAIL] 2332 クエスト: income_stmt=OK, balance_sheet=OK, cashflow=OK, dividends=OK
2026-07-05 01:16:51,538 [INFO] [TIME] 2332 クエスト 処理時間: 1.01s
2026-07-05 01:16:53,319 [DEBUG] [TIME] 2334 info: 0.14s
2026-07-05 01:16:53,319 [DEBUG] yfinance OK: 2334
2026-07-05 01:16:53,512 [DEBUG] [TIME] 2334 income_stmt: 0.19s
2026-07-05 01:16:53,754 [DEBUG] [TIME] 2334 balance_sheet: 0.24s
2026-07-05 01:16:53,988 [DEBUG] [TIME] 2334 cashflow: 0.23s
2026-07-05 01:16:54,130 [DEBUG] [TIME] 2334 dividends: 0.14s
2026-07-05 01:16:54,130 [INFO] [DETAIL] 2334 イオレ: income_stmt=OK, balance_sheet=OK, cashflow=OK, dividends=EMPTY
2026-07-05 01:16:54,130 [INFO] [TIME] 2334 イオレ 処理時間: 0.96s
2026-07-05 01:16:56,119 [DEBUG] [TIME] 2335 info: 0.14s
2026-07-05 01:16:56,119 [DEBUG] yfinance OK: 2335
2026-07-05 01:16:56,311 [DEBUG] [TIME] 2335 income_stmt: 0.19s
2026-07-05 01:16:56,555 [DEBUG] [TIME] 2335 balance_sheet: 0.24s
2026-07-05 01:16:56,766 [DEBUG] [TIME] 2335 cashflow: 0.21s
2026-07-05 01:16:57,011 [DEBUG] [TIME] 2335 dividends: 0.24s
2026-07-05 01:16:57,012 [INFO] [DETAIL] 2335 キューブシステム: income_stmt=OK, balance_sheet=OK, cashflow=OK, dividends=OK
2026-07-05 01:16:57,012 [INFO] [TIME] 2335 キューブシステム 処理時間: 1.03s
2026-07-05 01:16:58,830 [DEBUG] [TIME] 2337 info: 0.14s
2026-07-05 01:16:58,830 [DEBUG] yfinance OK: 2337
2026-07-05 01:16:59,087 [DEBUG] [TIME] 2337 income_stmt: 0.26s
2026-07-05 01:16:59,359 [DEBUG] [TIME] 2337 balance_sheet: 0.27s
2026-07-05 01:16:59,606 [DEBUG] [TIME] 2337 cashflow: 0.25s
2026-07-05 01:16:59,931 [DEBUG] [TIME] 2337 dividends: 0.32s
2026-07-05 01:16:59,932 [INFO] [DETAIL] 2337 いちご: income_stmt=OK, balance_sheet=OK, cashflow=OK, dividends=OK
2026-07-05 01:16:59,932 [INFO] [TIME] 2337 いちご 処理時間: 1.25s
2026-07-05 01:17:01,398 [DEBUG] [TIME] 2338 info: 0.14s
2026-07-05 01:17:01,399 [DEBUG] yfinance OK: 2338
2026-07-05 01:17:01,595 [DEBUG] [TIME] 2338 income_stmt: 0.20s
2026-07-05 01:17:01,822 [DEBUG] [TIME] 2338 balance_sheet: 0.23s
2026-07-05 01:17:02,045 [DEBUG] [TIME] 2338 cashflow: 0.22s
2026-07-05 01:17:02,232 [DEBUG] [TIME] 2338 dividends: 0.19s
2026-07-05 01:17:02,233 [INFO] [DETAIL] 2338 クオンタムソリューションズ: income_stmt=OK, balance_sheet=OK, cashflow=OK, dividends=EMPTY
2026-07-05 01:17:02,233 [INFO] [TIME] 2338 クオンタムソリューションズ 処理時間: 0.97s
2026-07-05 01:17:03,583 [DEBUG] [TIME] 2340 info: 0.14s
2026-07-05 01:17:03,583 [DEBUG] yfinance OK: 2340
2026-07-05 01:17:03,875 [DEBUG] [TIME] 2340 income_stmt: 0.29s
2026-07-05 01:17:04,140 [DEBUG] [TIME] 2340 balance_sheet: 0.26s
2026-07-05 01:17:04,406 [DEBUG] [TIME] 2340 cashflow: 0.27s
2026-07-05 01:17:04,702 [DEBUG] [TIME] 2340 dividends: 0.30s
2026-07-05 01:17:04,703 [INFO] [DETAIL] 2340 極楽湯ホールディングス: income_stmt=OK, balance_sheet=OK, cashflow=OK, dividends=OK
2026-07-05 01:17:04,703 [INFO] [TIME] 2340 極楽湯ホールディングス 処理時間: 1.26s
2026-07-05 01:17:06,705 [DEBUG] [TIME] 2341 info: 0.20s
2026-07-05 01:17:06,705 [DEBUG] yfinance OK: 2341
2026-07-05 01:17:06,903 [DEBUG] [TIME] 2341 income_stmt: 0.20s
2026-07-05 01:17:07,132 [DEBUG] [TIME] 2341 balance_sheet: 0.23s
2026-07-05 01:17:07,346 [DEBUG] [TIME] 2341 cashflow: 0.21s
2026-07-05 01:17:07,797 [DEBUG] [TIME] 2341 dividends: 0.45s
2026-07-05 01:17:07,798 [INFO] [DETAIL] 2341 アルバイトタイムス: income_stmt=OK, balance_sheet=OK, cashflow=OK, dividends=OK
2026-07-05 01:17:07,798 [INFO] [TIME] 2341 アルバイトタイムス 処理時間: 1.29s
2026-07-05 01:17:09,125 [DEBUG] [TIME] 2342 info: 0.15s
2026-07-05 01:17:09,125 [DEBUG] yfinance OK: 2342
2026-07-05 01:17:09,315 [DEBUG] [TIME] 2342 income_stmt: 0.19s
2026-07-05 01:17:09,530 [DEBUG] [TIME] 2342 balance_sheet: 0.21s
2026-07-05 01:17:09,694 [DEBUG] [TIME] 2342 cashflow: 0.16s
2026-07-05 01:17:09,935 [DEBUG] [TIME] 2342 dividends: 0.24s
2026-07-05 01:17:09,936 [INFO] [DETAIL] 2342 トランスジェニックグループ: income_stmt=OK, balance_sheet=OK, cashflow=OK, dividends=OK
2026-07-05 01:17:09,936 [INFO] [TIME] 2342 トランスジェニックグループ 処理時間: 0.97s
2026-07-05 01:17:11,274 [DEBUG] [TIME] 2345 info: 0.17s
2026-07-05 01:17:11,274 [DEBUG] yfinance OK: 2345
2026-07-05 01:17:11,479 [DEBUG] [TIME] 2345 income_stmt: 0.21s
2026-07-05 01:17:11,719 [DEBUG] [TIME] 2345 balance_sheet: 0.24s
2026-07-05 01:17:11,937 [DEBUG] [TIME] 2345 cashflow: 0.22s
2026-07-05 01:17:12,163 [DEBUG] [TIME] 2345 dividends: 0.23s
2026-07-05 01:17:12,164 [INFO] [DETAIL] 2345 ＨＯＤＬ１: income_stmt=OK, balance_sheet=OK, cashflow=OK, dividends=OK
2026-07-05 01:17:12,164 [INFO] [TIME] 2345 ＨＯＤＬ１ 処理時間: 1.06s
2026-07-05 01:17:13,564 [DEBUG] [TIME] 2349 info: 0.22s
2026-07-05 01:17:13,564 [DEBUG] yfinance OK: 2349
2026-07-05 01:17:13,733 [DEBUG] [TIME] 2349 income_stmt: 0.17s
2026-07-05 01:17:13,963 [DEBUG] [TIME] 2349 balance_sheet: 0.23s
2026-07-05 01:17:14,208 [DEBUG] [TIME] 2349 cashflow: 0.24s
2026-07-05 01:17:14,448 [DEBUG] [TIME] 2349 dividends: 0.24s
2026-07-05 01:17:14,449 [INFO] [DETAIL] 2349 エヌアイデイ: income_stmt=OK, balance_sheet=OK, cashflow=OK, dividends=OK
2026-07-05 01:17:14,449 [INFO] [TIME] 2349 エヌアイデイ 処理時間: 1.10s
2026-07-05 01:17:16,105 [DEBUG] [TIME] 2351 info: 0.14s
2026-07-05 01:17:16,105 [DEBUG] yfinance OK: 2351
2026-07-05 01:17:16,280 [DEBUG] [TIME] 2351 income_stmt: 0.17s
2026-07-05 01:17:16,529 [DEBUG] [TIME] 2351 balance_sheet: 0.25s
2026-07-05 01:17:16,753 [DEBUG] [TIME] 2351 cashflow: 0.22s
2026-07-05 01:17:17,053 [DEBUG] [TIME] 2351 dividends: 0.30s
2026-07-05 01:17:17,054 [INFO] [DETAIL] 2351 ＡＳＪ: income_stmt=OK, balance_sheet=OK, cashflow=OK, dividends=OK
2026-07-05 01:17:17,054 [INFO] [TIME] 2351 ＡＳＪ 処理時間: 1.09s
2026-07-05 01:17:18,732 [DEBUG] [TIME] 2353 info: 0.14s
2026-07-05 01:17:18,732 [DEBUG] yfinance OK: 2353
2026-07-05 01:17:18,943 [DEBUG] [TIME] 2353 income_stmt: 0.21s
2026-07-05 01:17:19,161 [DEBUG] [TIME] 2353 balance_sheet: 0.22s
2026-07-05 01:17:19,380 [DEBUG] [TIME] 2353 cashflow: 0.22s
2026-07-05 01:17:19,593 [DEBUG] [TIME] 2353 dividends: 0.21s
2026-07-05 01:17:19,594 [INFO] [DETAIL] 2353 日本駐車場開発: income_stmt=OK, balance_sheet=OK, cashflow=OK, dividends=OK
2026-07-05 01:17:19,594 [INFO] [TIME] 2353 日本駐車場開発 処理時間: 1.00s
2026-07-05 01:17:21,102 [DEBUG] [TIME] 2354 info: 0.14s
2026-07-05 01:17:21,102 [DEBUG] yfinance OK: 2354
2026-07-05 01:17:21,286 [DEBUG] [TIME] 2354 income_stmt: 0.18s
2026-07-05 01:17:21,554 [DEBUG] [TIME] 2354 balance_sheet: 0.27s
2026-07-05 01:17:21,764 [DEBUG] [TIME] 2354 cashflow: 0.21s
2026-07-05 01:17:21,984 [DEBUG] [TIME] 2354 dividends: 0.22s
2026-07-05 01:17:21,985 [INFO] [DETAIL] 2354 ＹＥ　ＤＩＧＩＴＡＬ: income_stmt=OK, balance_sheet=OK, cashflow=OK, dividends=OK
2026-07-05 01:17:21,985 [INFO] [TIME] 2354 ＹＥ　ＤＩＧＩＴＡＬ 処理時間: 1.02s
2026-07-05 01:17:23,493 [DEBUG] [TIME] 2359 info: 0.14s
2026-07-05 01:17:23,493 [DEBUG] yfinance OK: 2359
2026-07-05 01:17:23,692 [DEBUG] [TIME] 2359 income_stmt: 0.20s
2026-07-05 01:17:23,926 [DEBUG] [TIME] 2359 balance_sheet: 0.23s
2026-07-05 01:17:24,123 [DEBUG] [TIME] 2359 cashflow: 0.20s
2026-07-05 01:17:24,387 [DEBUG] [TIME] 2359 dividends: 0.26s
2026-07-05 01:17:24,388 [INFO] [DETAIL] 2359 コア: income_stmt=OK, balance_sheet=OK, cashflow=OK, dividends=OK
2026-07-05 01:17:24,388 [INFO] [TIME] 2359 コア 処理時間: 1.03s
2026-07-05 01:17:25,651 [DEBUG] [TIME] 2370 info: 0.17s
2026-07-05 01:17:25,651 [DEBUG] yfinance OK: 2370
2026-07-05 01:17:25,824 [DEBUG] [TIME] 2370 income_stmt: 0.17s
2026-07-05 01:17:26,059 [DEBUG] [TIME] 2370 balance_sheet: 0.23s
2026-07-05 01:17:26,260 [DEBUG] [TIME] 2370 cashflow: 0.20s
2026-07-05 01:17:26,422 [DEBUG] [TIME] 2370 dividends: 0.16s
2026-07-05 01:17:26,422 [INFO] [DETAIL] 2370 メディネット: income_stmt=OK, balance_sheet=OK, cashflow=OK, dividends=EMPTY
2026-07-05 01:17:26,422 [INFO] [TIME] 2370 メディネット 処理時間: 0.94s
2026-07-05 01:17:28,334 [DEBUG] [TIME] 2371 info: 0.15s
2026-07-05 01:17:28,334 [DEBUG] yfinance OK: 2371
2026-07-05 01:17:28,512 [DEBUG] [TIME] 2371 income_stmt: 0.18s
2026-07-05 01:17:28,715 [DEBUG] [TIME] 2371 balance_sheet: 0.20s
2026-07-05 01:17:28,927 [DEBUG] [TIME] 2371 cashflow: 0.21s
2026-07-05 01:17:29,198 [DEBUG] [TIME] 2371 dividends: 0.27s
2026-07-05 01:17:29,199 [INFO] [DETAIL] 2371 カカクコム: income_stmt=OK, balance_sheet=OK, cashflow=OK, dividends=OK
2026-07-05 01:17:29,199 [INFO] [TIME] 2371 カカクコム 処理時間: 1.01s
2026-07-05 01:17:31,167 [DEBUG] [TIME] 2373 info: 0.16s
2026-07-05 01:17:31,167 [DEBUG] yfinance OK: 2373
2026-07-05 01:17:31,382 [DEBUG] [TIME] 2373 income_stmt: 0.21s
2026-07-05 01:17:31,616 [DEBUG] [TIME] 2373 balance_sheet: 0.23s
2026-07-05 01:17:31,842 [DEBUG] [TIME] 2373 cashflow: 0.23s
2026-07-05 01:17:32,084 [DEBUG] [TIME] 2373 dividends: 0.24s
2026-07-05 01:17:32,085 [INFO] [DETAIL] 2373 ケア２１: income_stmt=OK, balance_sheet=OK, cashflow=OK, dividends=OK
2026-07-05 01:17:32,085 [INFO] [TIME] 2373 ケア２１ 処理時間: 1.07s
2026-07-05 01:17:33,404 [DEBUG] [TIME] 2375 info: 0.14s
2026-07-05 01:17:33,405 [DEBUG] yfinance OK: 2375
2026-07-05 01:17:33,616 [DEBUG] [TIME] 2375 income_stmt: 0.21s
2026-07-05 01:17:33,827 [DEBUG] [TIME] 2375 balance_sheet: 0.21s
2026-07-05 01:17:34,032 [DEBUG] [TIME] 2375 cashflow: 0.20s
2026-07-05 01:17:34,234 [DEBUG] [TIME] 2375 dividends: 0.20s
2026-07-05 01:17:34,235 [INFO] [DETAIL] 2375 ギグワークス: income_stmt=OK, balance_sheet=OK, cashflow=OK, dividends=OK
2026-07-05 01:17:34,235 [INFO] [TIME] 2375 ギグワークス 処理時間: 0.97s
2026-07-05 01:17:35,533 [DEBUG] [TIME] 2376 info: 0.14s
2026-07-05 01:17:35,533 [DEBUG] yfinance OK: 2376
2026-07-05 01:17:35,713 [DEBUG] [TIME] 2376 income_stmt: 0.18s
2026-07-05 01:17:35,947 [DEBUG] [TIME] 2376 balance_sheet: 0.23s
2026-07-05 01:17:36,133 [DEBUG] [TIME] 2376 cashflow: 0.19s
2026-07-05 01:17:36,632 [DEBUG] [TIME] 2376 dividends: 0.50s
2026-07-05 01:17:36,633 [INFO] [DETAIL] 2376 サイネックス: income_stmt=OK, balance_sheet=OK, cashflow=OK, dividends=OK
2026-07-05 01:17:36,633 [INFO] [TIME] 2376 サイネックス 処理時間: 1.24s
2026-07-05 01:17:38,481 [DEBUG] [TIME] 2378 info: 0.18s
2026-07-05 01:17:38,481 [DEBUG] yfinance OK: 2378
2026-07-05 01:17:38,699 [DEBUG] [TIME] 2378 income_stmt: 0.22s
2026-07-05 01:17:38,968 [DEBUG] [TIME] 2378 balance_sheet: 0.27s
2026-07-05 01:17:39,175 [DEBUG] [TIME] 2378 cashflow: 0.21s
2026-07-05 01:17:39,479 [DEBUG] [TIME] 2378 dividends: 0.30s
2026-07-05 01:17:39,480 [INFO] [DETAIL] 2378 ルネサンス: income_stmt=OK, balance_sheet=OK, cashflow=OK, dividends=OK
2026-07-05 01:17:39,480 [INFO] [TIME] 2378 ルネサンス 処理時間: 1.18s
2026-07-05 01:17:41,470 [DEBUG] [TIME] 2379 info: 0.15s
2026-07-05 01:17:41,470 [DEBUG] yfinance OK: 2379
2026-07-05 01:17:41,632 [DEBUG] [TIME] 2379 income_stmt: 0.16s
2026-07-05 01:17:41,812 [DEBUG] [TIME] 2379 balance_sheet: 0.18s
2026-07-05 01:17:41,968 [DEBUG] [TIME] 2379 cashflow: 0.16s
2026-07-05 01:17:42,175 [DEBUG] [TIME] 2379 dividends: 0.21s
2026-07-05 01:17:42,176 [INFO] [DETAIL] 2379 ディップ: income_stmt=OK, balance_sheet=OK, cashflow=OK, dividends=OK
2026-07-05 01:17:42,176 [INFO] [TIME] 2379 ディップ 処理時間: 0.85s
2026-07-05 01:17:43,965 [DEBUG] [TIME] 2384 info: 0.14s
2026-07-05 01:17:43,965 [DEBUG] yfinance OK: 2384
2026-07-05 01:17:44,216 [DEBUG] [TIME] 2384 income_stmt: 0.25s
2026-07-05 01:17:44,494 [DEBUG] [TIME] 2384 balance_sheet: 0.28s
2026-07-05 01:17:44,727 [DEBUG] [TIME] 2384 cashflow: 0.23s
2026-07-05 01:17:45,002 [DEBUG] [TIME] 2384 dividends: 0.27s
2026-07-05 01:17:45,003 [INFO] [DETAIL] 2384 ＳＢＳホールディングス: income_stmt=OK, balance_sheet=OK, cashflow=OK, dividends=OK
2026-07-05 01:17:45,003 [INFO] [TIME] 2384 ＳＢＳホールディングス 処理時間: 1.18s
2026-07-05 01:17:46,801 [DEBUG] [TIME] 2385 info: 0.17s
2026-07-05 01:17:46,801 [DEBUG] yfinance OK: 2385
2026-07-05 01:17:46,996 [DEBUG] [TIME] 2385 income_stmt: 0.19s
2026-07-05 01:17:47,229 [DEBUG] [TIME] 2385 balance_sheet: 0.23s
2026-07-05 01:17:47,393 [DEBUG] [TIME] 2385 cashflow: 0.16s
2026-07-05 01:17:47,627 [DEBUG] [TIME] 2385 dividends: 0.23s
2026-07-05 01:17:47,628 [INFO] [DETAIL] 2385 総医研ホールディングス: income_stmt=OK, balance_sheet=OK, cashflow=OK, dividends=OK
2026-07-05 01:17:47,629 [INFO] [TIME] 2385 総医研ホールディングス 処理時間: 1.00s
2026-07-05 01:17:48,843 [DEBUG] [TIME] 2388 info: 0.14s
2026-07-05 01:17:48,843 [DEBUG] yfinance OK: 2388
2026-07-05 01:17:49,055 [DEBUG] [TIME] 2388 income_stmt: 0.21s
2026-07-05 01:17:49,264 [DEBUG] [TIME] 2388 balance_sheet: 0.21s
2026-07-05 01:17:49,509 [DEBUG] [TIME] 2388 cashflow: 0.24s
2026-07-05 01:17:49,671 [DEBUG] [TIME] 2388 dividends: 0.16s
2026-07-05 01:17:49,671 [INFO] [DETAIL] 2388 ウェッジホールディングス: income_stmt=OK, balance_sheet=OK, cashflow=OK, dividends=EMPTY
2026-07-05 01:17:49,671 [INFO] [TIME] 2388 ウェッジホールディングス 処理時間: 0.97s
2026-07-05 01:17:51,809 [DEBUG] [TIME] 2391 info: 0.18s
2026-07-05 01:17:51,810 [DEBUG] yfinance OK: 2391
2026-07-05 01:17:52,004 [DEBUG] [TIME] 2391 income_stmt: 0.19s
2026-07-05 01:17:52,246 [DEBUG] [TIME] 2391 balance_sheet: 0.24s
2026-07-05 01:17:52,413 [DEBUG] [TIME] 2391 cashflow: 0.17s
2026-07-05 01:17:52,646 [DEBUG] [TIME] 2391 dividends: 0.23s
2026-07-05 01:17:52,647 [INFO] [DETAIL] 2391 プラネット: income_stmt=OK, balance_sheet=OK, cashflow=OK, dividends=OK
2026-07-05 01:17:52,647 [INFO] [TIME] 2391 プラネット 処理時間: 1.02s
2026-07-05 01:17:54,330 [DEBUG] [TIME] 2393 info: 0.14s
2026-07-05 01:17:54,330 [DEBUG] yfinance OK: 2393
2026-07-05 01:17:54,528 [DEBUG] [TIME] 2393 income_stmt: 0.20s
2026-07-05 01:17:54,751 [DEBUG] [TIME] 2393 balance_sheet: 0.22s
2026-07-05 01:17:54,969 [DEBUG] [TIME] 2393 cashflow: 0.22s
2026-07-05 01:17:55,272 [DEBUG] [TIME] 2393 dividends: 0.30s
2026-07-05 01:17:55,274 [INFO] [DETAIL] 2393 日本ケアサプライ: income_stmt=OK, balance_sheet=OK, cashflow=OK, dividends=OK
2026-07-05 01:17:55,274 [INFO] [TIME] 2393 日本ケアサプライ 処理時間: 1.09s
2026-07-05 01:17:57,114 [DEBUG] [TIME] 2395 info: 0.17s
2026-07-05 01:17:57,114 [DEBUG] yfinance OK: 2395
2026-07-05 01:17:57,302 [DEBUG] [TIME] 2395 income_stmt: 0.19s
2026-07-05 01:17:57,577 [DEBUG] [TIME] 2395 balance_sheet: 0.27s
2026-07-05 01:17:57,779 [DEBUG] [TIME] 2395 cashflow: 0.20s
2026-07-05 01:17:58,014 [DEBUG] [TIME] 2395 dividends: 0.23s
2026-07-05 01:17:58,015 [INFO] [DETAIL] 2395 新日本科学: income_stmt=OK, balance_sheet=OK, cashflow=OK, dividends=OK
2026-07-05 01:17:58,015 [INFO] [TIME] 2395 新日本科学 処理時間: 1.07s
2026-07-05 01:17:59,566 [DEBUG] [TIME] 2404 info: 0.17s
2026-07-05 01:17:59,566 [DEBUG] yfinance OK: 2404
2026-07-05 01:17:59,753 [DEBUG] [TIME] 2404 income_stmt: 0.19s
2026-07-05 01:17:59,989 [DEBUG] [TIME] 2404 balance_sheet: 0.24s
2026-07-05 01:18:00,204 [DEBUG] [TIME] 2404 cashflow: 0.21s
2026-07-05 01:18:00,464 [DEBUG] [TIME] 2404 dividends: 0.26s
2026-07-05 01:18:00,465 [INFO] [DETAIL] 2404 鉄人化ホールディングス: income_stmt=OK, balance_sheet=OK, cashflow=OK, dividends=OK
2026-07-05 01:18:00,465 [INFO] [TIME] 2404 鉄人化ホールディングス 処理時間: 1.07s
2026-07-05 01:18:01,796 [DEBUG] [TIME] 2408 info: 0.16s
2026-07-05 01:18:01,797 [DEBUG] yfinance OK: 2408
2026-07-05 01:18:02,013 [DEBUG] [TIME] 2408 income_stmt: 0.22s
2026-07-05 01:18:02,251 [DEBUG] [TIME] 2408 balance_sheet: 0.24s
2026-07-05 01:18:02,479 [DEBUG] [TIME] 2408 cashflow: 0.23s
2026-07-05 01:18:02,708 [DEBUG] [TIME] 2408 dividends: 0.23s
2026-07-05 01:18:02,709 [INFO] [DETAIL] 2408 ＫＧ情報: income_stmt=OK, balance_sheet=OK, cashflow=OK, dividends=OK
2026-07-05 01:18:02,709 [INFO] [TIME] 2408 ＫＧ情報 処理時間: 1.07s
2026-07-05 01:18:03,891 [DEBUG] [TIME] 2410 info: 0.15s
2026-07-05 01:18:03,891 [DEBUG] yfinance OK: 2410
2026-07-05 01:18:04,065 [DEBUG] [TIME] 2410 income_stmt: 0.17s
2026-07-05 01:18:04,276 [DEBUG] [TIME] 2410 balance_sheet: 0.21s
2026-07-05 01:18:04,470 [DEBUG] [TIME] 2410 cashflow: 0.19s
2026-07-05 01:18:04,744 [DEBUG] [TIME] 2410 dividends: 0.27s
2026-07-05 01:18:04,745 [INFO] [DETAIL] 2410 キャリアデザインセンター: income_stmt=OK, balance_sheet=OK, cashflow=OK, dividends=OK
2026-07-05 01:18:04,745 [INFO] [TIME] 2410 キャリアデザインセンター 処理時間: 1.01s
2026-07-05 01:18:06,215 [DEBUG] [TIME] 2411 info: 0.14s
2026-07-05 01:18:06,215 [DEBUG] yfinance OK: 2411
2026-07-05 01:18:06,413 [DEBUG] [TIME] 2411 income_stmt: 0.20s
2026-07-05 01:18:06,696 [DEBUG] [TIME] 2411 balance_sheet: 0.28s
2026-07-05 01:18:06,899 [DEBUG] [TIME] 2411 cashflow: 0.20s
2026-07-05 01:18:07,157 [DEBUG] [TIME] 2411 dividends: 0.26s
2026-07-05 01:18:07,158 [INFO] [DETAIL] 2411 ゲンダイエージェンシー: income_stmt=OK, balance_sheet=OK, cashflow=OK, dividends=OK
2026-07-05 01:18:07,158 [INFO] [TIME] 2411 ゲンダイエージェンシー 処理時間: 1.08s
2026-07-05 01:18:08,502 [DEBUG] [TIME] 2413 info: 0.18s
2026-07-05 01:18:08,502 [DEBUG] yfinance OK: 2413
2026-07-05 01:18:08,743 [DEBUG] [TIME] 2413 income_stmt: 0.24s
2026-07-05 01:18:08,963 [DEBUG] [TIME] 2413 balance_sheet: 0.22s
2026-07-05 01:18:09,222 [DEBUG] [TIME] 2413 cashflow: 0.26s
2026-07-05 01:18:09,441 [DEBUG] [TIME] 2413 dividends: 0.22s
2026-07-05 01:18:09,442 [INFO] [DETAIL] 2413 エムスリー: income_stmt=OK, balance_sheet=OK, cashflow=OK, dividends=OK
2026-07-05 01:18:09,442 [INFO] [TIME] 2413 エムスリー 処理時間: 1.13s
2026-07-05 01:18:11,120 [DEBUG] [TIME] 2415 info: 0.15s
2026-07-05 01:18:11,120 [DEBUG] yfinance OK: 2415
2026-07-05 01:18:11,318 [DEBUG] [TIME] 2415 income_stmt: 0.20s
2026-07-05 01:18:11,559 [DEBUG] [TIME] 2415 balance_sheet: 0.24s
2026-07-05 01:18:11,765 [DEBUG] [TIME] 2415 cashflow: 0.21s
2026-07-05 01:18:11,995 [DEBUG] [TIME] 2415 dividends: 0.23s
2026-07-05 01:18:11,996 [INFO] [DETAIL] 2415 ヒューマンホールディングス: income_stmt=OK, balance_sheet=OK, cashflow=OK, dividends=OK
2026-07-05 01:18:11,996 [INFO] [TIME] 2415 ヒューマンホールディングス 処理時間: 1.03s
2026-07-05 01:18:13,545 [DEBUG] [TIME] 2418 info: 0.14s
2026-07-05 01:18:13,545 [DEBUG] yfinance OK: 2418
2026-07-05 01:18:13,731 [DEBUG] [TIME] 2418 income_stmt: 0.19s
2026-07-05 01:18:13,983 [DEBUG] [TIME] 2418 balance_sheet: 0.25s
2026-07-05 01:18:14,196 [DEBUG] [TIME] 2418 cashflow: 0.21s
2026-07-05 01:18:14,469 [DEBUG] [TIME] 2418 dividends: 0.27s
2026-07-05 01:18:14,470 [INFO] [DETAIL] 2418 ツカダ・グローバルホールディング: income_stmt=OK, balance_sheet=OK, cashflow=OK, dividends=OK
2026-07-05 01:18:14,471 [INFO] [TIME] 2418 ツカダ・グローバルホールディング 処理時間: 1.07s
2026-07-05 01:18:15,934 [DEBUG] [TIME] 241A info: 0.15s
2026-07-05 01:18:15,934 [DEBUG] yfinance OK: 241A
2026-07-05 01:18:16,157 [DEBUG] [TIME] 241A income_stmt: 0.22s
2026-07-05 01:18:16,403 [DEBUG] [TIME] 241A balance_sheet: 0.25s
2026-07-05 01:18:16,574 [DEBUG] [TIME] 241A cashflow: 0.17s
2026-07-05 01:18:16,701 [DEBUG] [TIME] 241A dividends: 0.13s
2026-07-05 01:18:16,701 [INFO] [DETAIL] 241A ＲＯＸＸ: income_stmt=OK, balance_sheet=OK, cashflow=OK, dividends=EMPTY
2026-07-05 01:18:16,701 [INFO] [TIME] 241A ＲＯＸＸ 処理時間: 0.92s
2026-07-05 01:18:18,409 [DEBUG] [TIME] 2424 info: 0.17s
2026-07-05 01:18:18,410 [DEBUG] yfinance OK: 2424
2026-07-05 01:18:18,580 [DEBUG] [TIME] 2424 income_stmt: 0.17s
2026-07-05 01:18:18,784 [DEBUG] [TIME] 2424 balance_sheet: 0.20s
2026-07-05 01:18:18,982 [DEBUG] [TIME] 2424 cashflow: 0.20s
2026-07-05 01:18:19,136 [DEBUG] [TIME] 2424 dividends: 0.15s
2026-07-05 01:18:19,137 [INFO] [DETAIL] 2424 ブラス: income_stmt=OK, balance_sheet=OK, cashflow=OK, dividends=OK
2026-07-05 01:18:19,137 [INFO] [TIME] 2424 ブラス 処理時間: 0.90s
2026-07-05 01:18:20,620 [DEBUG] [TIME] 2425 info: 0.15s
2026-07-05 01:18:20,620 [DEBUG] yfinance OK: 2425
2026-07-05 01:18:20,793 [DEBUG] [TIME] 2425 income_stmt: 0.17s
2026-07-05 01:18:21,072 [DEBUG] [TIME] 2425 balance_sheet: 0.28s
2026-07-05 01:18:21,260 [DEBUG] [TIME] 2425 cashflow: 0.19s
2026-07-05 01:18:21,496 [DEBUG] [TIME] 2425 dividends: 0.24s
2026-07-05 01:18:21,497 [INFO] [DETAIL] 2425 ケアサービス: income_stmt=OK, balance_sheet=OK, cashflow=OK, dividends=OK
2026-07-05 01:18:21,497 [INFO] [TIME] 2425 ケアサービス 処理時間: 1.03s
2026-07-05 01:18:22,988 [DEBUG] [TIME] 2428 info: 0.15s
2026-07-05 01:18:22,988 [DEBUG] yfinance OK: 2428
2026-07-05 01:18:23,173 [DEBUG] [TIME] 2428 income_stmt: 0.19s
2026-07-05 01:18:23,410 [DEBUG] [TIME] 2428 balance_sheet: 0.24s
2026-07-05 01:18:23,584 [DEBUG] [TIME] 2428 cashflow: 0.17s
2026-07-05 01:18:23,822 [DEBUG] [TIME] 2428 dividends: 0.24s
2026-07-05 01:18:23,823 [INFO] [DETAIL] 2428 ウェルネット: income_stmt=OK, balance_sheet=OK, cashflow=OK, dividends=OK
2026-07-05 01:18:23,823 [INFO] [TIME] 2428 ウェルネット 処理時間: 0.99s
2026-07-05 01:18:25,124 [DEBUG] [TIME] 2429 info: 0.14s
2026-07-05 01:18:25,124 [DEBUG] yfinance OK: 2429
2026-07-05 01:18:25,333 [DEBUG] [TIME] 2429 income_stmt: 0.21s
2026-07-05 01:18:25,533 [DEBUG] [TIME] 2429 balance_sheet: 0.20s
2026-07-05 01:18:25,722 [DEBUG] [TIME] 2429 cashflow: 0.19s
2026-07-05 01:18:25,996 [DEBUG] [TIME] 2429 dividends: 0.27s
2026-07-05 01:18:25,997 [INFO] [DETAIL] 2429 ワールドホールディングス: income_stmt=OK, balance_sheet=OK, cashflow=OK, dividends=OK
2026-07-05 01:18:25,997 [INFO] [TIME] 2429 ワールドホールディングス 処理時間: 1.02s
2026-07-05 01:18:27,230 [DEBUG] [TIME] 2432 info: 0.18s
2026-07-05 01:18:27,230 [DEBUG] yfinance OK: 2432
2026-07-05 01:18:27,454 [DEBUG] [TIME] 2432 income_stmt: 0.22s
2026-07-05 01:18:27,650 [DEBUG] [TIME] 2432 balance_sheet: 0.20s
2026-07-05 01:18:27,843 [DEBUG] [TIME] 2432 cashflow: 0.19s
2026-07-05 01:18:28,071 [DEBUG] [TIME] 2432 dividends: 0.23s
2026-07-05 01:18:28,072 [INFO] [DETAIL] 2432 ディー・エヌ・エー: income_stmt=OK, balance_sheet=OK, cashflow=OK, dividends=OK
2026-07-05 01:18:28,072 [INFO] [TIME] 2432 ディー・エヌ・エー 処理時間: 1.02s
2026-07-05 01:18:29,263 [DEBUG] [TIME] 2433 info: 0.14s
2026-07-05 01:18:29,263 [DEBUG] yfinance OK: 2433
2026-07-05 01:18:29,459 [DEBUG] [TIME] 2433 income_stmt: 0.20s
2026-07-05 01:18:29,698 [DEBUG] [TIME] 2433 balance_sheet: 0.24s
2026-07-05 01:18:29,924 [DEBUG] [TIME] 2433 cashflow: 0.23s
2026-07-05 01:18:30,191 [DEBUG] [TIME] 2433 dividends: 0.27s
2026-07-05 01:18:30,192 [INFO] [DETAIL] 2433 博報堂ＤＹホールディングス: income_stmt=OK, balance_sheet=OK, cashflow=OK, dividends=OK
2026-07-05 01:18:30,192 [INFO] [TIME] 2433 博報堂ＤＹホールディングス 処理時間: 1.07s
2026-07-05 01:18:31,709 [DEBUG] [TIME] 2435 info: 0.19s
2026-07-05 01:18:31,709 [DEBUG] yfinance OK: 2435
2026-07-05 01:18:31,890 [DEBUG] [TIME] 2435 income_stmt: 0.18s
2026-07-05 01:18:32,137 [DEBUG] [TIME] 2435 balance_sheet: 0.25s
2026-07-05 01:18:32,340 [DEBUG] [TIME] 2435 cashflow: 0.20s
2026-07-05 01:18:32,543 [DEBUG] [TIME] 2435 dividends: 0.20s
2026-07-05 01:18:32,544 [INFO] [DETAIL] 2435 シダー: income_stmt=OK, balance_sheet=OK, cashflow=OK, dividends=OK
2026-07-05 01:18:32,544 [INFO] [TIME] 2435 シダー 処理時間: 1.02s
2026-07-05 01:18:34,200 [DEBUG] [TIME] 2436 info: 0.14s
2026-07-05 01:18:34,200 [DEBUG] yfinance OK: 2436
2026-07-05 01:18:34,367 [DEBUG] [TIME] 2436 income_stmt: 0.17s
2026-07-05 01:18:34,607 [DEBUG] [TIME] 2436 balance_sheet: 0.24s
2026-07-05 01:18:34,807 [DEBUG] [TIME] 2436 cashflow: 0.20s
2026-07-05 01:18:35,057 [DEBUG] [TIME] 2436 dividends: 0.25s
2026-07-05 01:18:35,058 [INFO] [DETAIL] 2436 共同ピーアール: income_stmt=OK, balance_sheet=OK, cashflow=OK, dividends=OK
2026-07-05 01:18:35,058 [INFO] [TIME] 2436 共同ピーアール 処理時間: 1.00s
2026-07-05 01:18:36,431 [DEBUG] [TIME] 2437 info: 0.17s
2026-07-05 01:18:36,431 [DEBUG] yfinance OK: 2437
2026-07-05 01:18:36,641 [DEBUG] [TIME] 2437 income_stmt: 0.21s
2026-07-05 01:18:36,867 [DEBUG] [TIME] 2437 balance_sheet: 0.23s
2026-07-05 01:18:37,040 [DEBUG] [TIME] 2437 cashflow: 0.17s
2026-07-05 01:18:37,255 [DEBUG] [TIME] 2437 dividends: 0.21s
2026-07-05 01:18:37,256 [INFO] [DETAIL] 2437 Ｓｈｉｎｗａ　Ｗｉｓｅ　Ｈｏｌｄｉｎｇｓ: income_stmt=OK, balance_sheet=OK, cashflow=OK, dividends=OK
2026-07-05 01:18:37,256 [INFO] [TIME] 2437 Ｓｈｉｎｗａ　Ｗｉｓｅ　Ｈｏｌｄｉｎｇｓ 処理時間: 1.00s
2026-07-05 01:18:38,634 [DEBUG] [TIME] 2438 info: 0.14s
2026-07-05 01:18:38,634 [DEBUG] yfinance OK: 2438
2026-07-05 01:18:38,827 [DEBUG] [TIME] 2438 income_stmt: 0.19s
2026-07-05 01:18:39,097 [DEBUG] [TIME] 2438 balance_sheet: 0.27s
2026-07-05 01:18:39,312 [DEBUG] [TIME] 2438 cashflow: 0.21s
2026-07-05 01:18:39,552 [DEBUG] [TIME] 2438 dividends: 0.24s
2026-07-05 01:18:39,553 [INFO] [DETAIL] 2438 アスカネット: income_stmt=OK, balance_sheet=OK, cashflow=OK, dividends=OK
2026-07-05 01:18:39,553 [INFO] [TIME] 2438 アスカネット 処理時間: 1.06s
2026-07-05 01:18:41,661 [DEBUG] [TIME] 2440 info: 0.18s
2026-07-05 01:18:41,661 [DEBUG] yfinance OK: 2440
2026-07-05 01:18:41,830 [DEBUG] [TIME] 2440 income_stmt: 0.17s
2026-07-05 01:18:42,080 [DEBUG] [TIME] 2440 balance_sheet: 0.25s
2026-07-05 01:18:42,286 [DEBUG] [TIME] 2440 cashflow: 0.20s
2026-07-05 01:18:42,479 [DEBUG] [TIME] 2440 dividends: 0.19s
2026-07-05 01:18:42,480 [INFO] [DETAIL] 2440 ぐるなび: income_stmt=OK, balance_sheet=OK, cashflow=OK, dividends=OK
2026-07-05 01:18:42,480 [INFO] [TIME] 2440 ぐるなび 処理時間: 1.00s
2026-07-05 01:18:43,672 [DEBUG] [TIME] 2445 info: 0.18s
2026-07-05 01:18:43,672 [DEBUG] yfinance OK: 2445
2026-07-05 01:18:43,862 [DEBUG] [TIME] 2445 income_stmt: 0.19s
2026-07-05 01:18:44,074 [DEBUG] [TIME] 2445 balance_sheet: 0.21s
2026-07-05 01:18:44,277 [DEBUG] [TIME] 2445 cashflow: 0.20s
2026-07-05 01:18:44,563 [DEBUG] [TIME] 2445 dividends: 0.29s
2026-07-05 01:18:44,564 [INFO] [DETAIL] 2445 タカミヤ: income_stmt=OK, balance_sheet=OK, cashflow=OK, dividends=OK
2026-07-05 01:18:44,564 [INFO] [TIME] 2445 タカミヤ 処理時間: 1.07s
2026-07-05 01:18:46,057 [DEBUG] [TIME] 2449 info: 0.14s
2026-07-05 01:18:46,057 [DEBUG] yfinance OK: 2449
2026-07-05 01:18:46,261 [DEBUG] [TIME] 2449 income_stmt: 0.20s
2026-07-05 01:18:46,551 [DEBUG] [TIME] 2449 balance_sheet: 0.29s
2026-07-05 01:18:46,737 [DEBUG] [TIME] 2449 cashflow: 0.19s
2026-07-05 01:18:47,057 [DEBUG] [TIME] 2449 dividends: 0.32s
2026-07-05 01:18:47,058 [INFO] [DETAIL] 2449 プラップジャパン: income_stmt=OK, balance_sheet=OK, cashflow=OK, dividends=OK
2026-07-05 01:18:47,058 [INFO] [TIME] 2449 プラップジャパン 処理時間: 1.14s
2026-07-05 01:18:48,914 [DEBUG] [TIME] 244A info: 0.14s
2026-07-05 01:18:48,914 [DEBUG] yfinance OK: 244A
2026-07-05 01:18:49,110 [DEBUG] [TIME] 244A income_stmt: 0.20s
2026-07-05 01:18:49,325 [DEBUG] [TIME] 244A balance_sheet: 0.21s
2026-07-05 01:18:49,508 [DEBUG] [TIME] 244A cashflow: 0.18s
2026-07-05 01:18:49,598 [DEBUG] [TIME] 244A dividends: 0.09s
2026-07-05 01:18:49,598 [INFO] [DETAIL] 244A グロースエクスパートナーズ: income_stmt=OK, balance_sheet=OK, cashflow=OK, dividends=EMPTY
2026-07-05 01:18:49,599 [INFO] [TIME] 244A グロースエクスパートナーズ 処理時間: 0.83s
2026-07-05 01:18:51,264 [DEBUG] [TIME] 2454 info: 0.15s
2026-07-05 01:18:51,264 [DEBUG] yfinance OK: 2454
2026-07-05 01:18:51,460 [DEBUG] [TIME] 2454 income_stmt: 0.20s
2026-07-05 01:18:51,707 [DEBUG] [TIME] 2454 balance_sheet: 0.25s
2026-07-05 01:18:51,895 [DEBUG] [TIME] 2454 cashflow: 0.19s
2026-07-05 01:18:52,131 [DEBUG] [TIME] 2454 dividends: 0.24s
2026-07-05 01:18:52,132 [INFO] [DETAIL] 2454 オールアバウト: income_stmt=OK, balance_sheet=OK, cashflow=OK, dividends=OK
2026-07-05 01:18:52,132 [INFO] [TIME] 2454 オールアバウト 処理時間: 1.02s
2026-07-05 01:18:53,569 [DEBUG] [TIME] 2459 info: 0.18s
2026-07-05 01:18:53,569 [DEBUG] yfinance OK: 2459
2026-07-05 01:18:53,739 [DEBUG] [TIME] 2459 income_stmt: 0.17s
2026-07-05 01:18:53,940 [DEBUG] [TIME] 2459 balance_sheet: 0.20s
2026-07-05 01:18:54,119 [DEBUG] [TIME] 2459 cashflow: 0.18s
2026-07-05 01:18:54,331 [DEBUG] [TIME] 2459 dividends: 0.21s
2026-07-05 01:18:54,332 [INFO] [DETAIL] 2459 アウンコンサルティング: income_stmt=OK, balance_sheet=OK, cashflow=OK, dividends=OK
2026-07-05 01:18:54,332 [INFO] [TIME] 2459 アウンコンサルティング 処理時間: 0.94s
2026-07-05 01:18:55,711 [DEBUG] [TIME] 245A info: 0.17s
2026-07-05 01:18:55,711 [DEBUG] yfinance OK: 245A
2026-07-05 01:18:55,862 [DEBUG] [TIME] 245A income_stmt: 0.15s
2026-07-05 01:18:56,067 [DEBUG] [TIME] 245A balance_sheet: 0.20s
2026-07-05 01:18:56,230 [DEBUG] [TIME] 245A cashflow: 0.16s
2026-07-05 01:18:56,322 [DEBUG] [TIME] 245A dividends: 0.09s
2026-07-05 01:18:56,322 [INFO] [DETAIL] 245A ＩＮＧＳ: income_stmt=OK, balance_sheet=OK, cashflow=OK, dividends=EMPTY
2026-07-05 01:18:56,322 [INFO] [TIME] 245A ＩＮＧＳ 処理時間: 0.79s
2026-07-05 01:18:58,173 [DEBUG] [TIME] 2461 info: 0.17s
2026-07-05 01:18:58,173 [DEBUG] yfinance OK: 2461
2026-07-05 01:18:58,377 [DEBUG] [TIME] 2461 income_stmt: 0.20s
2026-07-05 01:18:58,634 [DEBUG] [TIME] 2461 balance_sheet: 0.26s
2026-07-05 01:18:58,864 [DEBUG] [TIME] 2461 cashflow: 0.23s
2026-07-05 01:18:59,107 [DEBUG] [TIME] 2461 dividends: 0.24s
2026-07-05 01:18:59,108 [INFO] [DETAIL] 2461 ファンコミュニケーションズ: income_stmt=OK, balance_sheet=OK, cashflow=OK, dividends=OK
2026-07-05 01:18:59,108 [INFO] [TIME] 2461 ファンコミュニケーションズ 処理時間: 1.11s
2026-07-05 01:19:00,862 [DEBUG] [TIME] 2462 info: 0.14s
2026-07-05 01:19:00,862 [DEBUG] yfinance OK: 2462
2026-07-05 01:19:01,045 [DEBUG] [TIME] 2462 income_stmt: 0.18s
2026-07-05 01:19:01,271 [DEBUG] [TIME] 2462 balance_sheet: 0.23s
2026-07-05 01:19:01,474 [DEBUG] [TIME] 2462 cashflow: 0.20s
2026-07-05 01:19:01,703 [DEBUG] [TIME] 2462 dividends: 0.23s
2026-07-05 01:19:01,704 [INFO] [DETAIL] 2462 ライク: income_stmt=OK, balance_sheet=OK, cashflow=OK, dividends=OK
2026-07-05 01:19:01,704 [INFO] [TIME] 2462 ライク 処理時間: 0.99s
2026-07-05 01:19:03,807 [DEBUG] [TIME] 2464 info: 0.14s
2026-07-05 01:19:03,807 [DEBUG] yfinance OK: 2464
2026-07-05 01:19:03,986 [DEBUG] [TIME] 2464 income_stmt: 0.18s
2026-07-05 01:19:04,204 [DEBUG] [TIME] 2464 balance_sheet: 0.22s
2026-07-05 01:19:04,448 [DEBUG] [TIME] 2464 cashflow: 0.24s
2026-07-05 01:19:04,690 [DEBUG] [TIME] 2464 dividends: 0.24s
2026-07-05 01:19:04,691 [INFO] [DETAIL] 2464 Ａｏｂａ‐ＢＢＴ: income_stmt=OK, balance_sheet=OK, cashflow=OK, dividends=OK
2026-07-05 01:19:04,691 [INFO] [TIME] 2464 Ａｏｂａ‐ＢＢＴ 処理時間: 1.03s
2026-07-05 01:19:06,322 [DEBUG] [TIME] 2469 info: 0.15s
2026-07-05 01:19:06,322 [DEBUG] yfinance OK: 2469
2026-07-05 01:19:06,504 [DEBUG] [TIME] 2469 income_stmt: 0.18s
2026-07-05 01:19:06,785 [DEBUG] [TIME] 2469 balance_sheet: 0.28s
2026-07-05 01:19:06,992 [DEBUG] [TIME] 2469 cashflow: 0.21s
2026-07-05 01:19:07,265 [DEBUG] [TIME] 2469 dividends: 0.27s
2026-07-05 01:19:07,266 [INFO] [DETAIL] 2469 ヒビノ: income_stmt=OK, balance_sheet=OK, cashflow=OK, dividends=OK
2026-07-05 01:19:07,266 [INFO] [TIME] 2469 ヒビノ 処理時間: 1.09s
2026-07-05 01:19:08,790 [DEBUG] [TIME] 246A info: 0.18s
2026-07-05 01:19:08,790 [DEBUG] yfinance OK: 246A
2026-07-05 01:19:08,962 [DEBUG] [TIME] 246A income_stmt: 0.17s
2026-07-05 01:19:09,171 [DEBUG] [TIME] 246A balance_sheet: 0.21s
2026-07-05 01:19:09,382 [DEBUG] [TIME] 246A cashflow: 0.21s
2026-07-05 01:19:09,509 [DEBUG] [TIME] 246A dividends: 0.13s
2026-07-05 01:19:09,510 [INFO] [DETAIL] 246A アスア: income_stmt=OK, balance_sheet=OK, cashflow=OK, dividends=OK
2026-07-05 01:19:09,510 [INFO] [TIME] 246A アスア 処理時間: 0.90s
2026-07-05 01:19:11,443 [DEBUG] [TIME] 2471 info: 0.16s
2026-07-05 01:19:11,443 [DEBUG] yfinance OK: 2471
2026-07-05 01:19:11,659 [DEBUG] [TIME] 2471 income_stmt: 0.22s
2026-07-05 01:19:11,888 [DEBUG] [TIME] 2471 balance_sheet: 0.23s
2026-07-05 01:19:12,080 [DEBUG] [TIME] 2471 cashflow: 0.19s
2026-07-05 01:19:12,376 [DEBUG] [TIME] 2471 dividends: 0.30s
2026-07-05 01:19:12,376 [INFO] [DETAIL] 2471 エスプール: income_stmt=OK, balance_sheet=OK, cashflow=OK, dividends=OK
2026-07-05 01:19:12,376 [INFO] [TIME] 2471 エスプール 処理時間: 1.09s
2026-07-05 01:19:14,510 [DEBUG] [TIME] 2475 info: 0.18s
2026-07-05 01:19:14,510 [DEBUG] yfinance OK: 2475
2026-07-05 01:19:14,672 [DEBUG] [TIME] 2475 income_stmt: 0.16s
2026-07-05 01:19:14,946 [DEBUG] [TIME] 2475 balance_sheet: 0.27s
2026-07-05 01:19:15,174 [DEBUG] [TIME] 2475 cashflow: 0.23s
2026-07-05 01:19:15,440 [DEBUG] [TIME] 2475 dividends: 0.27s
2026-07-05 01:19:15,441 [INFO] [DETAIL] 2475 ＷＤＢホールディングス: income_stmt=OK, balance_sheet=OK, cashflow=OK, dividends=OK
2026-07-05 01:19:15,441 [INFO] [TIME] 2475 ＷＤＢホールディングス 処理時間: 1.11s
2026-07-05 01:19:17,443 [DEBUG] [TIME] 2477 info: 0.19s
2026-07-05 01:19:17,443 [DEBUG] yfinance OK: 2477
2026-07-05 01:19:17,666 [DEBUG] [TIME] 2477 income_stmt: 0.22s
2026-07-05 01:19:17,920 [DEBUG] [TIME] 2477 balance_sheet: 0.25s
2026-07-05 01:19:18,097 [DEBUG] [TIME] 2477 cashflow: 0.18s
2026-07-05 01:19:18,305 [DEBUG] [TIME] 2477 dividends: 0.21s
2026-07-05 01:19:18,306 [INFO] [DETAIL] 2477 手間いらず: income_stmt=OK, balance_sheet=OK, cashflow=OK, dividends=OK
2026-07-05 01:19:18,306 [INFO] [TIME] 2477 手間いらず 処理時間: 1.06s
2026-07-05 01:19:19,959 [DEBUG] [TIME] 2479 info: 0.16s
2026-07-05 01:19:19,959 [DEBUG] yfinance OK: 2479
2026-07-05 01:19:20,144 [DEBUG] [TIME] 2479 income_stmt: 0.19s
2026-07-05 01:19:20,377 [DEBUG] [TIME] 2479 balance_sheet: 0.23s
2026-07-05 01:19:20,545 [DEBUG] [TIME] 2479 cashflow: 0.17s
2026-07-05 01:19:20,831 [DEBUG] [TIME] 2479 dividends: 0.29s
2026-07-05 01:19:20,832 [INFO] [DETAIL] 2479 ジェイテック: income_stmt=OK, balance_sheet=OK, cashflow=OK, dividends=OK
2026-07-05 01:19:20,832 [INFO] [TIME] 2479 ジェイテック 処理時間: 1.03s
2026-07-05 01:19:22,918 [DEBUG] [TIME] 247A info: 0.14s
2026-07-05 01:19:22,918 [DEBUG] yfinance OK: 247A
2026-07-05 01:19:23,106 [DEBUG] [TIME] 247A income_stmt: 0.19s
2026-07-05 01:19:23,328 [DEBUG] [TIME] 247A balance_sheet: 0.22s
2026-07-05 01:19:23,504 [DEBUG] [TIME] 247A cashflow: 0.17s
2026-07-05 01:19:23,580 [DEBUG] [TIME] 247A dividends: 0.08s
2026-07-05 01:19:23,580 [INFO] [DETAIL] 247A Ａｉロボティクス: income_stmt=OK, balance_sheet=OK, cashflow=OK, dividends=EMPTY
2026-07-05 01:19:23,580 [INFO] [TIME] 247A Ａｉロボティクス 処理時間: 0.81s
2026-07-05 01:19:25,417 [DEBUG] [TIME] 2480 info: 0.14s
2026-07-05 01:19:25,417 [DEBUG] yfinance OK: 2480
2026-07-05 01:19:25,602 [DEBUG] [TIME] 2480 income_stmt: 0.18s
2026-07-05 01:19:25,888 [DEBUG] [TIME] 2480 balance_sheet: 0.29s
2026-07-05 01:19:26,093 [DEBUG] [TIME] 2480 cashflow: 0.20s
2026-07-05 01:19:26,350 [DEBUG] [TIME] 2480 dividends: 0.26s
2026-07-05 01:19:26,351 [INFO] [DETAIL] 2480 システム・ロケーション: income_stmt=OK, balance_sheet=OK, cashflow=OK, dividends=OK
2026-07-05 01:19:26,351 [INFO] [TIME] 2480 システム・ロケーション 処理時間: 1.07s
2026-07-05 01:19:28,314 [DEBUG] [TIME] 2481 info: 0.14s
2026-07-05 01:19:28,314 [DEBUG] yfinance OK: 2481
2026-07-05 01:19:28,497 [DEBUG] [TIME] 2481 income_stmt: 0.18s
2026-07-05 01:19:28,692 [DEBUG] [TIME] 2481 balance_sheet: 0.19s
2026-07-05 01:19:28,892 [DEBUG] [TIME] 2481 cashflow: 0.20s
2026-07-05 01:19:29,120 [DEBUG] [TIME] 2481 dividends: 0.23s
2026-07-05 01:19:29,121 [INFO] [DETAIL] 2481 タウンニュース社: income_stmt=OK, balance_sheet=OK, cashflow=OK, dividends=OK
2026-07-05 01:19:29,121 [INFO] [TIME] 2481 タウンニュース社 処理時間: 0.95s
2026-07-05 01:19:30,687 [DEBUG] [TIME] 2483 info: 0.16s
2026-07-05 01:19:30,687 [DEBUG] yfinance OK: 2483
2026-07-05 01:19:30,881 [DEBUG] [TIME] 2483 income_stmt: 0.19s
2026-07-05 01:19:31,106 [DEBUG] [TIME] 2483 balance_sheet: 0.22s
2026-07-05 01:19:31,292 [DEBUG] [TIME] 2483 cashflow: 0.18s
2026-07-05 01:19:31,572 [DEBUG] [TIME] 2483 dividends: 0.28s
2026-07-05 01:19:31,573 [INFO] [DETAIL] 2483 翻訳センター: income_stmt=OK, balance_sheet=OK, cashflow=OK, dividends=OK
2026-07-05 01:19:31,573 [INFO] [TIME] 2483 翻訳センター 処理時間: 1.04s
2026-07-05 01:19:33,551 [DEBUG] [TIME] 2484 info: 0.14s
2026-07-05 01:19:33,551 [DEBUG] yfinance OK: 2484
2026-07-05 01:19:33,750 [DEBUG] [TIME] 2484 income_stmt: 0.20s
2026-07-05 01:19:33,992 [DEBUG] [TIME] 2484 balance_sheet: 0.24s
2026-07-05 01:19:34,229 [DEBUG] [TIME] 2484 cashflow: 0.24s
2026-07-05 01:19:34,457 [DEBUG] [TIME] 2484 dividends: 0.23s
2026-07-05 01:19:34,458 [INFO] [DETAIL] 2484 出前館: income_stmt=OK, balance_sheet=OK, cashflow=OK, dividends=OK
2026-07-05 01:19:34,458 [INFO] [TIME] 2484 出前館 処理時間: 1.05s
2026-07-05 01:19:35,802 [DEBUG] [TIME] 2485 info: 0.20s
2026-07-05 01:19:35,802 [DEBUG] yfinance OK: 2485
2026-07-05 01:19:35,981 [DEBUG] [TIME] 2485 income_stmt: 0.18s
2026-07-05 01:19:36,207 [DEBUG] [TIME] 2485 balance_sheet: 0.23s
2026-07-05 01:19:36,407 [DEBUG] [TIME] 2485 cashflow: 0.20s
2026-07-05 01:19:36,603 [DEBUG] [TIME] 2485 dividends: 0.20s
2026-07-05 01:19:36,604 [INFO] [DETAIL] 2485 ティア: income_stmt=OK, balance_sheet=OK, cashflow=OK, dividends=OK
2026-07-05 01:19:36,604 [INFO] [TIME] 2485 ティア 処理時間: 1.00s
2026-07-05 01:19:37,946 [DEBUG] [TIME] 2488 info: 0.14s
2026-07-05 01:19:37,947 [DEBUG] yfinance OK: 2488
2026-07-05 01:19:38,138 [DEBUG] [TIME] 2488 income_stmt: 0.19s
2026-07-05 01:19:38,423 [DEBUG] [TIME] 2488 balance_sheet: 0.28s
2026-07-05 01:19:38,645 [DEBUG] [TIME] 2488 cashflow: 0.22s
2026-07-05 01:19:38,899 [DEBUG] [TIME] 2488 dividends: 0.25s
2026-07-05 01:19:38,900 [INFO] [DETAIL] 2488 ＪＴＰ: income_stmt=OK, balance_sheet=OK, cashflow=OK, dividends=OK
2026-07-05 01:19:38,900 [INFO] [TIME] 2488 ＪＴＰ 処理時間: 1.10s
2026-07-05 01:19:41,023 [DEBUG] [TIME] 2489 info: 0.16s
2026-07-05 01:19:41,023 [DEBUG] yfinance OK: 2489
2026-07-05 01:19:41,203 [DEBUG] [TIME] 2489 income_stmt: 0.18s
2026-07-05 01:19:41,440 [DEBUG] [TIME] 2489 balance_sheet: 0.24s
2026-07-05 01:19:41,615 [DEBUG] [TIME] 2489 cashflow: 0.17s
2026-07-05 01:19:41,825 [DEBUG] [TIME] 2489 dividends: 0.21s
2026-07-05 01:19:41,826 [INFO] [DETAIL] 2489 アドウェイズ: income_stmt=OK, balance_sheet=OK, cashflow=OK, dividends=OK
2026-07-05 01:19:41,826 [INFO] [TIME] 2489 アドウェイズ 処理時間: 0.96s
2026-07-05 01:19:43,533 [DEBUG] [TIME] 248A info: 0.14s
2026-07-05 01:19:43,533 [DEBUG] yfinance OK: 248A
2026-07-05 01:19:43,736 [DEBUG] [TIME] 248A income_stmt: 0.20s
2026-07-05 01:19:43,952 [DEBUG] [TIME] 248A balance_sheet: 0.22s
2026-07-05 01:19:44,158 [DEBUG] [TIME] 248A cashflow: 0.21s
2026-07-05 01:19:44,237 [DEBUG] [TIME] 248A dividends: 0.08s
2026-07-05 01:19:44,237 [INFO] [DETAIL] 248A キッズスター: income_stmt=OK, balance_sheet=OK, cashflow=OK, dividends=EMPTY
2026-07-05 01:19:44,237 [INFO] [TIME] 248A キッズスター 処理時間: 0.85s
2026-07-05 01:19:46,040 [DEBUG] [TIME] 2491 info: 0.24s
2026-07-05 01:19:46,040 [DEBUG] yfinance OK: 2491
2026-07-05 01:19:46,214 [DEBUG] [TIME] 2491 income_stmt: 0.17s
2026-07-05 01:19:46,470 [DEBUG] [TIME] 2491 balance_sheet: 0.26s
2026-07-05 01:19:46,649 [DEBUG] [TIME] 2491 cashflow: 0.18s
2026-07-05 01:19:46,875 [DEBUG] [TIME] 2491 dividends: 0.23s
2026-07-05 01:19:46,876 [INFO] [DETAIL] 2491 バリューコマース: income_stmt=OK, balance_sheet=OK, cashflow=OK, dividends=OK
2026-07-05 01:19:46,876 [INFO] [TIME] 2491 バリューコマース 処理時間: 1.08s
2026-07-05 01:19:48,840 [DEBUG] [TIME] 2492 info: 0.14s
2026-07-05 01:19:48,840 [DEBUG] yfinance OK: 2492
2026-07-05 01:19:49,035 [DEBUG] [TIME] 2492 income_stmt: 0.19s
2026-07-05 01:19:49,290 [DEBUG] [TIME] 2492 balance_sheet: 0.25s
2026-07-05 01:19:49,492 [DEBUG] [TIME] 2492 cashflow: 0.20s
2026-07-05 01:19:49,690 [DEBUG] [TIME] 2492 dividends: 0.20s
2026-07-05 01:19:49,691 [INFO] [DETAIL] 2492 インフォマート: income_stmt=OK, balance_sheet=OK, cashflow=OK, dividends=OK
2026-07-05 01:19:49,691 [INFO] [TIME] 2492 インフォマート 処理時間: 0.99s
2026-07-05 01:19:51,157 [DEBUG] [TIME] 2493 info: 0.15s
2026-07-05 01:19:51,157 [DEBUG] yfinance OK: 2493
2026-07-05 01:19:51,324 [DEBUG] [TIME] 2493 income_stmt: 0.17s
2026-07-05 01:19:51,560 [DEBUG] [TIME] 2493 balance_sheet: 0.24s
2026-07-05 01:19:51,780 [DEBUG] [TIME] 2493 cashflow: 0.22s
2026-07-05 01:19:51,973 [DEBUG] [TIME] 2493 dividends: 0.19s
2026-07-05 01:19:51,974 [INFO] [DETAIL] 2493 イーサポートリンク: income_stmt=OK, balance_sheet=OK, cashflow=OK, dividends=OK
2026-07-05 01:19:51,974 [INFO] [TIME] 2493 イーサポートリンク 処理時間: 0.96s
2026-07-05 01:19:53,163 [DEBUG] [TIME] 2497 info: 0.17s
2026-07-05 01:19:53,163 [DEBUG] yfinance OK: 2497
2026-07-05 01:19:53,337 [DEBUG] [TIME] 2497 income_stmt: 0.17s
2026-07-05 01:19:53,622 [DEBUG] [TIME] 2497 balance_sheet: 0.28s
2026-07-05 01:19:53,809 [DEBUG] [TIME] 2497 cashflow: 0.19s
2026-07-05 01:19:54,076 [DEBUG] [TIME] 2497 dividends: 0.27s
2026-07-05 01:19:54,077 [INFO] [DETAIL] 2497 ユナイテッド: income_stmt=OK, balance_sheet=OK, cashflow=OK, dividends=OK
2026-07-05 01:19:54,077 [INFO] [TIME] 2497 ユナイテッド 処理時間: 1.09s
2026-07-05 01:19:56,044 [DEBUG] [TIME] 2498 info: 0.14s
2026-07-05 01:19:56,044 [DEBUG] yfinance OK: 2498
2026-07-05 01:19:56,224 [DEBUG] [TIME] 2498 income_stmt: 0.18s
2026-07-05 01:19:56,440 [DEBUG] [TIME] 2498 balance_sheet: 0.22s
2026-07-05 01:19:56,712 [DEBUG] [TIME] 2498 cashflow: 0.27s
2026-07-05 01:19:56,991 [DEBUG] [TIME] 2498 dividends: 0.28s
2026-07-05 01:19:56,992 [INFO] [DETAIL] 2498 オリエンタルコンサルタンツホールディングス: income_stmt=OK, balance_sheet=OK, cashflow=OK, dividends=OK
2026-07-05 01:19:56,992 [INFO] [TIME] 2498 オリエンタルコンサルタンツホールディングス 処理時間: 1.09s
2026-07-05 01:19:58,272 [DEBUG] [TIME] 2499 info: 0.14s
2026-07-05 01:19:58,272 [DEBUG] yfinance OK: 2499
2026-07-05 01:19:58,447 [DEBUG] [TIME] 2499 income_stmt: 0.17s
2026-07-05 01:19:58,662 [DEBUG] [TIME] 2499 balance_sheet: 0.21s
2026-07-05 01:19:58,837 [DEBUG] [TIME] 2499 cashflow: 0.17s
2026-07-05 01:19:59,053 [DEBUG] [TIME] 2499 dividends: 0.22s
2026-07-05 01:19:59,054 [INFO] [DETAIL] 2499 日本和装ホールディングス: income_stmt=OK, balance_sheet=OK, cashflow=OK, dividends=OK
2026-07-05 01:19:59,054 [INFO] [TIME] 2499 日本和装ホールディングス 処理時間: 0.92s
2026-07-05 01:20:01,008 [DEBUG] [TIME] 2501 info: 0.15s
2026-07-05 01:20:01,008 [DEBUG] yfinance OK: 2501
2026-07-05 01:20:01,164 [DEBUG] [TIME] 2501 income_stmt: 0.16s
2026-07-05 01:20:01,450 [DEBUG] [TIME] 2501 balance_sheet: 0.29s
2026-07-05 01:20:01,668 [DEBUG] [TIME] 2501 cashflow: 0.22s
2026-07-05 01:20:01,953 [DEBUG] [TIME] 2501 dividends: 0.28s
2026-07-05 01:20:01,954 [INFO] [DETAIL] 2501 サッポロホールディングス: income_stmt=OK, balance_sheet=OK, cashflow=OK, dividends=OK
2026-07-05 01:20:01,954 [INFO] [TIME] 2501 サッポロホールディングス 処理時間: 1.10s
2026-07-05 01:20:03,435 [DEBUG] [TIME] 2502 info: 0.14s
2026-07-05 01:20:03,435 [DEBUG] yfinance OK: 2502
2026-07-05 01:20:03,623 [DEBUG] [TIME] 2502 income_stmt: 0.19s
2026-07-05 01:20:03,823 [DEBUG] [TIME] 2502 balance_sheet: 0.20s
2026-07-05 01:20:04,008 [DEBUG] [TIME] 2502 cashflow: 0.18s
2026-07-05 01:20:04,330 [DEBUG] [TIME] 2502 dividends: 0.32s
2026-07-05 01:20:04,331 [INFO] [DETAIL] 2502 アサヒグループホールディングス: income_stmt=OK, balance_sheet=OK, cashflow=OK, dividends=OK
2026-07-05 01:20:04,331 [INFO] [TIME] 2502 アサヒグループホールディングス 処理時間: 1.04s
2026-07-05 01:20:05,884 [DEBUG] [TIME] 2503 info: 0.15s
2026-07-05 01:20:05,884 [DEBUG] yfinance OK: 2503
2026-07-05 01:20:06,085 [DEBUG] [TIME] 2503 income_stmt: 0.20s
2026-07-05 01:20:06,326 [DEBUG] [TIME] 2503 balance_sheet: 0.24s
2026-07-05 01:20:06,525 [DEBUG] [TIME] 2503 cashflow: 0.20s
2026-07-05 01:20:06,844 [DEBUG] [TIME] 2503 dividends: 0.32s
2026-07-05 01:20:06,845 [INFO] [DETAIL] 2503 キリンホールディングス: income_stmt=OK, balance_sheet=OK, cashflow=OK, dividends=OK
2026-07-05 01:20:06,845 [INFO] [TIME] 2503 キリンホールディングス 処理時間: 1.11s
2026-07-05 01:20:08,986 [DEBUG] [TIME] 250A info: 0.15s
2026-07-05 01:20:08,986 [DEBUG] yfinance OK: 250A
2026-07-05 01:20:09,158 [DEBUG] [TIME] 250A income_stmt: 0.17s
2026-07-05 01:20:09,422 [DEBUG] [TIME] 250A balance_sheet: 0.26s
2026-07-05 01:20:09,622 [DEBUG] [TIME] 250A cashflow: 0.20s
2026-07-05 01:20:09,709 [DEBUG] [TIME] 250A dividends: 0.09s
2026-07-05 01:20:09,710 [INFO] [DETAIL] 250A シマダヤ: income_stmt=OK, balance_sheet=OK, cashflow=OK, dividends=OK
2026-07-05 01:20:09,710 [INFO] [TIME] 250A シマダヤ 処理時間: 0.87s
2026-07-05 01:20:11,488 [DEBUG] [TIME] 2531 info: 0.14s
2026-07-05 01:20:11,488 [DEBUG] yfinance OK: 2531
2026-07-05 01:20:11,716 [DEBUG] [TIME] 2531 income_stmt: 0.23s
2026-07-05 01:20:11,950 [DEBUG] [TIME] 2531 balance_sheet: 0.23s
2026-07-05 01:20:12,157 [DEBUG] [TIME] 2531 cashflow: 0.21s
2026-07-05 01:20:12,445 [DEBUG] [TIME] 2531 dividends: 0.29s
2026-07-05 01:20:12,446 [INFO] [DETAIL] 2531 宝ホールディングス: income_stmt=OK, balance_sheet=OK, cashflow=OK, dividends=OK
2026-07-05 01:20:12,446 [INFO] [TIME] 2531 宝ホールディングス 処理時間: 1.10s
2026-07-05 01:20:13,897 [DEBUG] [TIME] 2533 info: 0.15s
2026-07-05 01:20:13,897 [DEBUG] yfinance OK: 2533
2026-07-05 01:20:14,126 [DEBUG] [TIME] 2533 income_stmt: 0.23s
2026-07-05 01:20:14,362 [DEBUG] [TIME] 2533 balance_sheet: 0.24s
2026-07-05 01:20:14,554 [DEBUG] [TIME] 2533 cashflow: 0.19s
2026-07-05 01:20:14,815 [DEBUG] [TIME] 2533 dividends: 0.26s
2026-07-05 01:20:14,816 [INFO] [DETAIL] 2533 オエノンホールディングス: income_stmt=OK, balance_sheet=OK, cashflow=OK, dividends=OK
2026-07-05 01:20:14,816 [INFO] [TIME] 2533 オエノンホールディングス 処理時間: 1.07s
2026-07-05 01:20:16,150 [DEBUG] [TIME] 253A info: 0.15s
2026-07-05 01:20:16,150 [DEBUG] yfinance OK: 253A
2026-07-05 01:20:16,319 [DEBUG] [TIME] 253A income_stmt: 0.17s
2026-07-05 01:20:16,535 [DEBUG] [TIME] 253A balance_sheet: 0.21s
2026-07-05 01:20:16,736 [DEBUG] [TIME] 253A cashflow: 0.20s
2026-07-05 01:20:17,252 [DEBUG] [TIME] 253A dividends: 0.52s
2026-07-05 01:20:17,253 [INFO] [DETAIL] 253A ＥＴＳグループ: income_stmt=OK, balance_sheet=OK, cashflow=OK, dividends=OK
2026-07-05 01:20:17,253 [INFO] [TIME] 253A ＥＴＳグループ 処理時間: 1.25s
2026-07-05 01:20:18,903 [DEBUG] [TIME] 2540 info: 0.14s
2026-07-05 01:20:18,903 [WARNING] yfinance データなし: 2540
2026-07-05 01:20:18,903 [INFO] [TIME] 2540 養命酒製造 処理時間: 0.14s
2026-07-05 01:20:20,306 [DEBUG] [TIME] 254A info: 0.15s
2026-07-05 01:20:20,306 [DEBUG] yfinance OK: 254A
2026-07-05 01:20:20,515 [DEBUG] [TIME] 254A income_stmt: 0.21s
2026-07-05 01:20:20,751 [DEBUG] [TIME] 254A balance_sheet: 0.24s
2026-07-05 01:20:20,942 [DEBUG] [TIME] 254A cashflow: 0.19s
2026-07-05 01:20:21,182 [DEBUG] [TIME] 254A dividends: 0.24s
2026-07-05 01:20:21,183 [INFO] [DETAIL] 254A ＡＩフュージョンキャピタルグループ: income_stmt=OK, balance_sheet=OK, cashflow=OK, dividends=OK
2026-07-05 01:20:21,183 [INFO] [TIME] 254A ＡＩフュージョンキャピタルグループ 処理時間: 1.02s
2026-07-05 01:20:22,480 [DEBUG] [TIME] 255A info: 0.18s
2026-07-05 01:20:22,480 [DEBUG] yfinance OK: 255A
2026-07-05 01:20:26,529 [DEBUG] [TIME] 255A income_stmt: 4.05s
2026-07-05 01:20:26,758 [DEBUG] [TIME] 255A balance_sheet: 0.23s
2026-07-05 01:20:26,939 [DEBUG] [TIME] 255A cashflow: 0.18s
2026-07-05 01:20:27,155 [DEBUG] [TIME] 255A dividends: 0.21s
2026-07-05 01:20:27,156 [INFO] [DETAIL] 255A ジーエルテクノホールディングス: income_stmt=OK, balance_sheet=OK, cashflow=OK, dividends=OK
2026-07-05 01:20:27,156 [INFO] [TIME] 255A ジーエルテクノホールディングス 処理時間: 4.86s
2026-07-05 01:20:29,325 [DEBUG] [TIME] 256A info: 0.26s
2026-07-05 01:20:29,325 [DEBUG] yfinance OK: 256A
2026-07-05 01:20:29,639 [DEBUG] [TIME] 256A income_stmt: 0.31s
2026-07-05 01:20:29,881 [DEBUG] [TIME] 256A balance_sheet: 0.24s
2026-07-05 01:20:30,083 [DEBUG] [TIME] 256A cashflow: 0.20s
2026-07-05 01:20:30,324 [DEBUG] [TIME] 256A dividends: 0.24s
2026-07-05 01:20:30,325 [INFO] [DETAIL] 256A 飛島ホールディングス: income_stmt=OK, balance_sheet=OK, cashflow=OK, dividends=OK
2026-07-05 01:20:30,325 [INFO] [TIME] 256A 飛島ホールディングス 処理時間: 1.26s
2026-07-05 01:20:32,040 [DEBUG] [TIME] 2573 info: 0.15s
2026-07-05 01:20:32,041 [DEBUG] yfinance OK: 2573
2026-07-05 01:20:32,268 [DEBUG] [TIME] 2573 income_stmt: 0.23s
2026-07-05 01:20:32,524 [DEBUG] [TIME] 2573 balance_sheet: 0.26s
2026-07-05 01:20:32,734 [DEBUG] [TIME] 2573 cashflow: 0.21s
2026-07-05 01:20:33,006 [DEBUG] [TIME] 2573 dividends: 0.27s
2026-07-05 01:20:33,007 [INFO] [DETAIL] 2573 北海道コカ・コーラボトリング: income_stmt=OK, balance_sheet=OK, cashflow=OK, dividends=OK
2026-07-05 01:20:33,007 [INFO] [TIME] 2573 北海道コカ・コーラボトリング 処理時間: 1.11s
2026-07-05 01:20:34,530 [DEBUG] [TIME] 2579 info: 0.16s
2026-07-05 01:20:34,530 [DEBUG] yfinance OK: 2579
2026-07-05 01:20:34,730 [DEBUG] [TIME] 2579 income_stmt: 0.20s
2026-07-05 01:20:34,959 [DEBUG] [TIME] 2579 balance_sheet: 0.23s
2026-07-05 01:20:35,203 [DEBUG] [TIME] 2579 cashflow: 0.24s
2026-07-05 01:20:35,536 [DEBUG] [TIME] 2579 dividends: 0.33s
2026-07-05 01:20:35,537 [INFO] [DETAIL] 2579 コカ・コーラ　ボトラーズジャパンホールディングス: income_stmt=OK, balance_sheet=OK, cashflow=OK, dividends=OK
2026-07-05 01:20:35,537 [INFO] [TIME] 2579 コカ・コーラ　ボトラーズジャパンホールディングス 処理時間: 1.16s
2026-07-05 01:20:37,475 [DEBUG] [TIME] 2585 info: 0.14s
2026-07-05 01:20:37,475 [DEBUG] yfinance OK: 2585
2026-07-05 01:20:37,658 [DEBUG] [TIME] 2585 income_stmt: 0.18s
2026-07-05 01:20:37,875 [DEBUG] [TIME] 2585 balance_sheet: 0.22s
2026-07-05 01:20:38,125 [DEBUG] [TIME] 2585 cashflow: 0.25s
2026-07-05 01:20:38,249 [DEBUG] [TIME] 2585 dividends: 0.12s
2026-07-05 01:20:38,250 [INFO] [DETAIL] 2585 ライフドリンク　カンパニー: income_stmt=OK, balance_sheet=OK, cashflow=OK, dividends=OK
2026-07-05 01:20:38,250 [INFO] [TIME] 2585 ライフドリンク　カンパニー 処理時間: 0.92s
2026-07-05 01:20:40,469 [DEBUG] [TIME] 2586 info: 0.21s
2026-07-05 01:20:40,469 [DEBUG] yfinance OK: 2586
2026-07-05 01:20:40,654 [DEBUG] [TIME] 2586 income_stmt: 0.19s
2026-07-05 01:20:40,858 [DEBUG] [TIME] 2586 balance_sheet: 0.20s
2026-07-05 01:20:41,032 [DEBUG] [TIME] 2586 cashflow: 0.17s
2026-07-05 01:20:41,171 [DEBUG] [TIME] 2586 dividends: 0.14s
2026-07-05 01:20:41,171 [INFO] [DETAIL] 2586 フルッタフルッタ: income_stmt=OK, balance_sheet=OK, cashflow=OK, dividends=EMPTY
2026-07-05 01:20:41,171 [INFO] [TIME] 2586 フルッタフルッタ 処理時間: 0.91s
2026-07-05 01:20:43,190 [DEBUG] [TIME] 2587 info: 0.15s
2026-07-05 01:20:43,190 [DEBUG] yfinance OK: 2587
2026-07-05 01:20:43,408 [DEBUG] [TIME] 2587 income_stmt: 0.22s
2026-07-05 01:20:43,610 [DEBUG] [TIME] 2587 balance_sheet: 0.20s
2026-07-05 01:20:43,795 [DEBUG] [TIME] 2587 cashflow: 0.18s
2026-07-05 01:20:43,961 [DEBUG] [TIME] 2587 dividends: 0.17s
2026-07-05 01:20:43,962 [INFO] [DETAIL] 2587 サントリービバレッジ＆フード: income_stmt=OK, balance_sheet=OK, cashflow=OK, dividends=OK
2026-07-05 01:20:43,962 [INFO] [TIME] 2587 サントリービバレッジ＆フード 処理時間: 0.93s
2026-07-05 01:20:45,387 [DEBUG] [TIME] 2588 info: 0.14s
2026-07-05 01:20:45,387 [DEBUG] yfinance OK: 2588
2026-07-05 01:20:45,563 [DEBUG] [TIME] 2588 income_stmt: 0.18s
2026-07-05 01:20:45,789 [DEBUG] [TIME] 2588 balance_sheet: 0.23s
2026-07-05 01:20:45,994 [DEBUG] [TIME] 2588 cashflow: 0.20s
2026-07-05 01:20:46,192 [DEBUG] [TIME] 2588 dividends: 0.20s
2026-07-05 01:20:46,193 [INFO] [DETAIL] 2588 プレミアムウォーターホールディングス: income_stmt=OK, balance_sheet=OK, cashflow=OK, dividends=OK
2026-07-05 01:20:46,193 [INFO] [TIME] 2588 プレミアムウォーターホールディングス 処理時間: 0.95s
2026-07-05 01:20:47,746 [DEBUG] [TIME] 2590 info: 0.15s
2026-07-05 01:20:47,746 [DEBUG] yfinance OK: 2590
2026-07-05 01:20:47,917 [DEBUG] [TIME] 2590 income_stmt: 0.17s
2026-07-05 01:20:48,208 [DEBUG] [TIME] 2590 balance_sheet: 0.29s
2026-07-05 01:20:48,415 [DEBUG] [TIME] 2590 cashflow: 0.21s
2026-07-05 01:20:48,736 [DEBUG] [TIME] 2590 dividends: 0.32s
2026-07-05 01:20:48,737 [INFO] [DETAIL] 2590 ダイドーグループホールディングス: income_stmt=OK, balance_sheet=OK, cashflow=OK, dividends=OK
2026-07-05 01:20:48,737 [INFO] [TIME] 2590 ダイドーグループホールディングス 処理時間: 1.14s
2026-07-05 01:20:50,439 [DEBUG] [TIME] 2593 info: 0.18s
2026-07-05 01:20:50,439 [DEBUG] yfinance OK: 2593
2026-07-05 01:20:50,628 [DEBUG] [TIME] 2593 income_stmt: 0.19s
2026-07-05 01:20:50,864 [DEBUG] [TIME] 2593 balance_sheet: 0.24s
2026-07-05 01:20:51,059 [DEBUG] [TIME] 2593 cashflow: 0.19s
2026-07-05 01:20:51,351 [DEBUG] [TIME] 2593 dividends: 0.29s
2026-07-05 01:20:51,352 [INFO] [DETAIL] 2593 伊藤園: income_stmt=OK, balance_sheet=OK, cashflow=OK, dividends=OK
2026-07-05 01:20:51,353 [INFO] [TIME] 2593 伊藤園 処理時間: 1.09s
2026-07-05 01:20:53,345 [DEBUG] [TIME] 25935 info: 0.14s
2026-07-05 01:20:53,345 [DEBUG] yfinance OK: 25935
2026-07-05 01:20:53,530 [DEBUG] [TIME] 25935 income_stmt: 0.19s
2026-07-05 01:20:53,807 [DEBUG] [TIME] 25935 balance_sheet: 0.28s
2026-07-05 01:20:54,014 [DEBUG] [TIME] 25935 cashflow: 0.21s
2026-07-05 01:20:54,226 [DEBUG] [TIME] 25935 dividends: 0.21s
2026-07-05 01:20:54,227 [INFO] [DETAIL] 25935 伊藤園第１種優先株式: income_stmt=OK, balance_sheet=OK, cashflow=OK, dividends=OK
2026-07-05 01:20:54,227 [INFO] [TIME] 25935 伊藤園第１種優先株式 処理時間: 1.02s
2026-07-05 01:20:55,621 [DEBUG] [TIME] 2594 info: 0.14s
2026-07-05 01:20:55,622 [DEBUG] yfinance OK: 2594
2026-07-05 01:20:55,815 [DEBUG] [TIME] 2594 income_stmt: 0.19s
2026-07-05 01:20:56,033 [DEBUG] [TIME] 2594 balance_sheet: 0.22s
2026-07-05 01:20:56,222 [DEBUG] [TIME] 2594 cashflow: 0.19s
2026-07-05 01:20:56,519 [DEBUG] [TIME] 2594 dividends: 0.30s
2026-07-05 01:20:56,520 [INFO] [DETAIL] 2594 キーコーヒー: income_stmt=OK, balance_sheet=OK, cashflow=OK, dividends=OK
2026-07-05 01:20:56,520 [INFO] [TIME] 2594 キーコーヒー 処理時間: 1.04s
2026-07-05 01:20:58,066 [DEBUG] [TIME] 2597 info: 0.21s
2026-07-05 01:20:58,066 [DEBUG] yfinance OK: 2597
2026-07-05 01:20:58,261 [DEBUG] [TIME] 2597 income_stmt: 0.19s
2026-07-05 01:20:58,469 [DEBUG] [TIME] 2597 balance_sheet: 0.21s
2026-07-05 01:20:58,695 [DEBUG] [TIME] 2597 cashflow: 0.23s
2026-07-05 01:20:59,000 [DEBUG] [TIME] 2597 dividends: 0.30s
2026-07-05 01:20:59,001 [INFO] [DETAIL] 2597 ユニカフェ: income_stmt=OK, balance_sheet=OK, cashflow=OK, dividends=OK
2026-07-05 01:20:59,001 [INFO] [TIME] 2597 ユニカフェ 処理時間: 1.14s
2026-07-05 01:21:00,828 [DEBUG] [TIME] 2602 info: 0.19s
2026-07-05 01:21:00,828 [DEBUG] yfinance OK: 2602
2026-07-05 01:21:01,034 [DEBUG] [TIME] 2602 income_stmt: 0.21s
2026-07-05 01:21:01,279 [DEBUG] [TIME] 2602 balance_sheet: 0.24s
2026-07-05 01:21:01,554 [DEBUG] [TIME] 2602 cashflow: 0.27s
2026-07-05 01:21:01,857 [DEBUG] [TIME] 2602 dividends: 0.30s
2026-07-05 01:21:01,858 [INFO] [DETAIL] 2602 日清オイリオグループ: income_stmt=OK, balance_sheet=OK, cashflow=OK, dividends=OK
2026-07-05 01:21:01,858 [INFO] [TIME] 2602 日清オイリオグループ 処理時間: 1.22s
2026-07-05 01:21:03,153 [DEBUG] [TIME] 2607 info: 0.18s
2026-07-05 01:21:03,153 [DEBUG] yfinance OK: 2607
2026-07-05 01:21:03,369 [DEBUG] [TIME] 2607 income_stmt: 0.22s
2026-07-05 01:21:03,616 [DEBUG] [TIME] 2607 balance_sheet: 0.25s
2026-07-05 01:21:03,781 [DEBUG] [TIME] 2607 cashflow: 0.16s
2026-07-05 01:21:04,096 [DEBUG] [TIME] 2607 dividends: 0.31s
2026-07-05 01:21:04,097 [INFO] [DETAIL] 2607 不二製油: income_stmt=OK, balance_sheet=OK, cashflow=OK, dividends=OK
2026-07-05 01:21:04,097 [INFO] [TIME] 2607 不二製油 処理時間: 1.13s
2026-07-05 01:21:05,958 [DEBUG] [TIME] 2612 info: 0.14s
2026-07-05 01:21:05,959 [DEBUG] yfinance OK: 2612
2026-07-05 01:21:06,131 [DEBUG] [TIME] 2612 income_stmt: 0.17s
2026-07-05 01:21:06,353 [DEBUG] [TIME] 2612 balance_sheet: 0.22s
2026-07-05 01:21:06,666 [DEBUG] [TIME] 2612 cashflow: 0.31s
2026-07-05 01:21:06,871 [DEBUG] [TIME] 2612 dividends: 0.20s
2026-07-05 01:21:06,872 [INFO] [DETAIL] 2612 かどや製油: income_stmt=OK, balance_sheet=OK, cashflow=OK, dividends=OK
2026-07-05 01:21:06,872 [INFO] [TIME] 2612 かどや製油 処理時間: 1.06s
2026-07-05 01:21:08,343 [DEBUG] [TIME] 2613 info: 0.15s
2026-07-05 01:21:08,343 [DEBUG] yfinance OK: 2613
2026-07-05 01:21:08,535 [DEBUG] [TIME] 2613 income_stmt: 0.19s
2026-07-05 01:21:08,772 [DEBUG] [TIME] 2613 balance_sheet: 0.24s
2026-07-05 01:21:08,988 [DEBUG] [TIME] 2613 cashflow: 0.21s
2026-07-05 01:21:09,295 [DEBUG] [TIME] 2613 dividends: 0.31s
2026-07-05 01:21:09,296 [INFO] [DETAIL] 2613 Ｊ－オイルミルズ: income_stmt=OK, balance_sheet=OK, cashflow=OK, dividends=OK
2026-07-05 01:21:09,296 [INFO] [TIME] 2613 Ｊ－オイルミルズ 処理時間: 1.10s
2026-07-05 01:21:11,000 [DEBUG] [TIME] 261A info: 0.15s
2026-07-05 01:21:11,000 [DEBUG] yfinance OK: 261A
2026-07-05 01:21:11,170 [DEBUG] [TIME] 261A income_stmt: 0.17s
2026-07-05 01:21:11,370 [DEBUG] [TIME] 261A balance_sheet: 0.20s
2026-07-05 01:21:11,549 [DEBUG] [TIME] 261A cashflow: 0.18s
2026-07-05 01:21:11,649 [DEBUG] [TIME] 261A dividends: 0.10s
2026-07-05 01:21:11,650 [INFO] [DETAIL] 261A 日水コン: income_stmt=OK, balance_sheet=OK, cashflow=OK, dividends=OK
2026-07-05 01:21:11,650 [INFO] [TIME] 261A 日水コン 処理時間: 0.80s
2026-07-05 01:21:13,145 [DEBUG] [TIME] 262A info: 0.14s
2026-07-05 01:21:13,145 [DEBUG] yfinance OK: 262A
2026-07-05 01:21:13,332 [DEBUG] [TIME] 262A income_stmt: 0.19s
2026-07-05 01:21:13,616 [DEBUG] [TIME] 262A balance_sheet: 0.28s
2026-07-05 01:21:13,820 [DEBUG] [TIME] 262A cashflow: 0.20s
2026-07-05 01:21:13,930 [DEBUG] [TIME] 262A dividends: 0.11s
2026-07-05 01:21:13,931 [INFO] [DETAIL] 262A インターメスティック: income_stmt=OK, balance_sheet=OK, cashflow=OK, dividends=OK
2026-07-05 01:21:13,931 [INFO] [TIME] 262A インターメスティック 処理時間: 0.93s
2026-07-05 01:21:15,524 [DEBUG] [TIME] 264A info: 0.18s
2026-07-05 01:21:15,524 [DEBUG] yfinance OK: 264A
2026-07-05 01:21:15,724 [DEBUG] [TIME] 264A income_stmt: 0.20s
2026-07-05 01:21:15,986 [DEBUG] [TIME] 264A balance_sheet: 0.26s
2026-07-05 01:21:16,170 [DEBUG] [TIME] 264A cashflow: 0.18s
2026-07-05 01:21:16,243 [DEBUG] [TIME] 264A dividends: 0.07s
2026-07-05 01:21:16,243 [INFO] [DETAIL] 264A Ｓｃｈｏｏ: income_stmt=OK, balance_sheet=OK, cashflow=OK, dividends=EMPTY
2026-07-05 01:21:16,243 [INFO] [TIME] 264A Ｓｃｈｏｏ 処理時間: 0.90s
2026-07-05 01:21:17,809 [DEBUG] [TIME] 2652 info: 0.20s
2026-07-05 01:21:17,809 [DEBUG] yfinance OK: 2652
2026-07-05 01:21:18,014 [DEBUG] [TIME] 2652 income_stmt: 0.21s
2026-07-05 01:21:18,236 [DEBUG] [TIME] 2652 balance_sheet: 0.22s
2026-07-05 01:21:18,446 [DEBUG] [TIME] 2652 cashflow: 0.21s
2026-07-05 01:21:18,680 [DEBUG] [TIME] 2652 dividends: 0.23s
2026-07-05 01:21:18,680 [INFO] [DETAIL] 2652 まんだらけ: income_stmt=OK, balance_sheet=OK, cashflow=OK, dividends=OK
2026-07-05 01:21:18,681 [INFO] [TIME] 2652 まんだらけ 処理時間: 1.07s
2026-07-05 01:21:20,565 [DEBUG] [TIME] 2653 info: 0.22s
2026-07-05 01:21:20,566 [DEBUG] yfinance OK: 2653
2026-07-05 01:21:20,759 [DEBUG] [TIME] 2653 income_stmt: 0.19s
2026-07-05 01:21:20,965 [DEBUG] [TIME] 2653 balance_sheet: 0.21s
2026-07-05 01:21:21,131 [DEBUG] [TIME] 2653 cashflow: 0.16s
2026-07-05 01:21:21,348 [DEBUG] [TIME] 2653 dividends: 0.22s
2026-07-05 01:21:21,349 [INFO] [DETAIL] 2653 イオン九州: income_stmt=OK, balance_sheet=OK, cashflow=OK, dividends=OK
2026-07-05 01:21:21,349 [INFO] [TIME] 2653 イオン九州 処理時間: 1.00s
2026-07-05 01:21:23,168 [DEBUG] [TIME] 2654 info: 0.18s
2026-07-05 01:21:23,168 [DEBUG] yfinance OK: 2654
2026-07-05 01:21:23,333 [DEBUG] [TIME] 2654 income_stmt: 0.17s
2026-07-05 01:21:23,574 [DEBUG] [TIME] 2654 balance_sheet: 0.24s
2026-07-05 01:21:23,783 [DEBUG] [TIME] 2654 cashflow: 0.21s
2026-07-05 01:21:24,051 [DEBUG] [TIME] 2654 dividends: 0.27s
2026-07-05 01:21:24,052 [INFO] [DETAIL] 2654 アスモ: income_stmt=OK, balance_sheet=OK, cashflow=OK, dividends=OK
2026-07-05 01:21:24,052 [INFO] [TIME] 2654 アスモ 処理時間: 1.06s
2026-07-05 01:21:25,432 [DEBUG] [TIME] 2656 info: 0.26s
2026-07-05 01:21:25,432 [DEBUG] yfinance OK: 2656
2026-07-05 01:21:25,624 [DEBUG] [TIME] 2656 income_stmt: 0.19s
2026-07-05 01:21:25,830 [DEBUG] [TIME] 2656 balance_sheet: 0.20s
2026-07-05 01:21:26,033 [DEBUG] [TIME] 2656 cashflow: 0.20s
2026-07-05 01:21:26,269 [DEBUG] [TIME] 2656 dividends: 0.24s
2026-07-05 01:21:26,270 [INFO] [DETAIL] 2656 ベクターホールディングス: income_stmt=OK, balance_sheet=OK, cashflow=OK, dividends=OK
2026-07-05 01:21:26,270 [INFO] [TIME] 2656 ベクターホールディングス 処理時間: 1.10s
2026-07-05 01:21:27,797 [DEBUG] [TIME] 2659 info: 0.15s
2026-07-05 01:21:27,797 [DEBUG] yfinance OK: 2659
2026-07-05 01:21:28,059 [DEBUG] [TIME] 2659 income_stmt: 0.26s
2026-07-05 01:21:28,264 [DEBUG] [TIME] 2659 balance_sheet: 0.20s
2026-07-05 01:21:28,435 [DEBUG] [TIME] 2659 cashflow: 0.17s
2026-07-05 01:21:28,694 [DEBUG] [TIME] 2659 dividends: 0.26s
2026-07-05 01:21:28,695 [INFO] [DETAIL] 2659 サンエー: income_stmt=OK, balance_sheet=OK, cashflow=OK, dividends=OK
2026-07-05 01:21:28,695 [INFO] [TIME] 2659 サンエー 処理時間: 1.05s
2026-07-05 01:21:30,882 [DEBUG] [TIME] 265A info: 0.21s
2026-07-05 01:21:30,882 [DEBUG] yfinance OK: 265A
2026-07-05 01:21:31,061 [DEBUG] [TIME] 265A income_stmt: 0.18s
2026-07-05 01:21:31,287 [DEBUG] [TIME] 265A balance_sheet: 0.23s
2026-07-05 01:21:31,495 [DEBUG] [TIME] 265A cashflow: 0.21s
2026-07-05 01:21:31,581 [DEBUG] [TIME] 265A dividends: 0.09s
2026-07-05 01:21:31,581 [INFO] [DETAIL] 265A Ｈｍｃｏｍｍ: income_stmt=OK, balance_sheet=OK, cashflow=OK, dividends=EMPTY
2026-07-05 01:21:31,581 [INFO] [TIME] 265A Ｈｍｃｏｍｍ 処理時間: 0.91s
2026-07-05 01:21:33,688 [DEBUG] [TIME] 2664 info: 0.15s
2026-07-05 01:21:33,688 [DEBUG] yfinance OK: 2664
2026-07-05 01:21:33,916 [DEBUG] [TIME] 2664 income_stmt: 0.23s
2026-07-05 01:21:34,162 [DEBUG] [TIME] 2664 balance_sheet: 0.24s
2026-07-05 01:21:34,394 [DEBUG] [TIME] 2664 cashflow: 0.23s
2026-07-05 01:21:34,630 [DEBUG] [TIME] 2664 dividends: 0.24s
2026-07-05 01:21:34,631 [INFO] [DETAIL] 2664 カワチ薬品: income_stmt=OK, balance_sheet=OK, cashflow=OK, dividends=OK
2026-07-05 01:21:34,631 [INFO] [TIME] 2664 カワチ薬品 処理時間: 1.09s
2026-07-05 01:21:36,530 [DEBUG] [TIME] 2666 info: 0.17s
2026-07-05 01:21:36,530 [DEBUG] yfinance OK: 2666
2026-07-05 01:21:36,715 [DEBUG] [TIME] 2666 income_stmt: 0.19s
2026-07-05 01:21:36,948 [DEBUG] [TIME] 2666 balance_sheet: 0.23s
2026-07-05 01:21:37,188 [DEBUG] [TIME] 2666 cashflow: 0.24s
2026-07-05 01:21:37,437 [DEBUG] [TIME] 2666 dividends: 0.25s
2026-07-05 01:21:37,438 [INFO] [DETAIL] 2666 オートウェーブ: income_stmt=OK, balance_sheet=OK, cashflow=OK, dividends=OK
2026-07-05 01:21:37,438 [INFO] [TIME] 2666 オートウェーブ 処理時間: 1.08s
2026-07-05 01:21:39,337 [DEBUG] [TIME] 2667 info: 0.18s
2026-07-05 01:21:39,338 [DEBUG] yfinance OK: 2667
2026-07-05 01:21:39,548 [DEBUG] [TIME] 2667 income_stmt: 0.21s
2026-07-05 01:21:39,794 [DEBUG] [TIME] 2667 balance_sheet: 0.25s
2026-07-05 01:21:40,023 [DEBUG] [TIME] 2667 cashflow: 0.23s
2026-07-05 01:21:40,196 [DEBUG] [TIME] 2667 dividends: 0.17s
2026-07-05 01:21:40,196 [INFO] [DETAIL] 2667 イメージ　ワン: income_stmt=OK, balance_sheet=OK, cashflow=OK, dividends=EMPTY
2026-07-05 01:21:40,196 [INFO] [TIME] 2667 イメージ　ワン 処理時間: 1.04s
2026-07-05 01:21:41,689 [DEBUG] [TIME] 2668 info: 0.14s
2026-07-05 01:21:41,689 [DEBUG] yfinance OK: 2668
2026-07-05 01:21:41,902 [DEBUG] [TIME] 2668 income_stmt: 0.21s
2026-07-05 01:21:42,150 [DEBUG] [TIME] 2668 balance_sheet: 0.25s
2026-07-05 01:21:42,323 [DEBUG] [TIME] 2668 cashflow: 0.17s
2026-07-05 01:21:42,554 [DEBUG] [TIME] 2668 dividends: 0.23s
2026-07-05 01:21:42,555 [INFO] [DETAIL] 2668 タビオ: income_stmt=OK, balance_sheet=OK, cashflow=OK, dividends=OK
2026-07-05 01:21:42,555 [INFO] [TIME] 2668 タビオ 処理時間: 1.01s
2026-07-05 01:21:43,786 [DEBUG] [TIME] 2669 info: 0.15s
2026-07-05 01:21:43,786 [DEBUG] yfinance OK: 2669
2026-07-05 01:21:43,987 [DEBUG] [TIME] 2669 income_stmt: 0.20s
2026-07-05 01:21:44,228 [DEBUG] [TIME] 2669 balance_sheet: 0.24s
2026-07-05 01:21:44,423 [DEBUG] [TIME] 2669 cashflow: 0.19s
2026-07-05 01:21:44,665 [DEBUG] [TIME] 2669 dividends: 0.24s
2026-07-05 01:21:44,666 [INFO] [DETAIL] 2669 カネ美食品: income_stmt=OK, balance_sheet=OK, cashflow=OK, dividends=OK
2026-07-05 01:21:44,666 [INFO] [TIME] 2669 カネ美食品 処理時間: 1.03s
2026-07-05 01:21:46,499 [DEBUG] [TIME] 2670 info: 0.14s
2026-07-05 01:21:46,499 [DEBUG] yfinance OK: 2670
2026-07-05 01:21:46,685 [DEBUG] [TIME] 2670 income_stmt: 0.19s
2026-07-05 01:21:46,920 [DEBUG] [TIME] 2670 balance_sheet: 0.23s
2026-07-05 01:21:47,106 [DEBUG] [TIME] 2670 cashflow: 0.19s
2026-07-05 01:21:47,395 [DEBUG] [TIME] 2670 dividends: 0.29s
2026-07-05 01:21:47,396 [INFO] [DETAIL] 2670 エービーシー・マート: income_stmt=OK, balance_sheet=OK, cashflow=OK, dividends=OK
2026-07-05 01:21:47,396 [INFO] [TIME] 2670 エービーシー・マート 処理時間: 1.04s
2026-07-05 01:21:48,929 [DEBUG] [TIME] 2673 info: 0.15s
2026-07-05 01:21:48,929 [DEBUG] yfinance OK: 2673
2026-07-05 01:21:49,128 [DEBUG] [TIME] 2673 income_stmt: 0.20s
2026-07-05 01:21:49,349 [DEBUG] [TIME] 2673 balance_sheet: 0.22s
2026-07-05 01:21:49,528 [DEBUG] [TIME] 2673 cashflow: 0.18s
2026-07-05 01:21:49,740 [DEBUG] [TIME] 2673 dividends: 0.21s
2026-07-05 01:21:49,740 [INFO] [DETAIL] 2673 夢みつけ隊: income_stmt=OK, balance_sheet=OK, cashflow=OK, dividends=EMPTY
2026-07-05 01:21:49,740 [INFO] [TIME] 2673 夢みつけ隊 処理時間: 0.97s
2026-07-05 01:21:51,783 [DEBUG] [TIME] 2674 info: 0.17s
2026-07-05 01:21:51,783 [DEBUG] yfinance OK: 2674
2026-07-05 01:21:52,039 [DEBUG] [TIME] 2674 income_stmt: 0.26s
2026-07-05 01:21:52,275 [DEBUG] [TIME] 2674 balance_sheet: 0.24s
2026-07-05 01:21:52,473 [DEBUG] [TIME] 2674 cashflow: 0.20s
2026-07-05 01:21:52,703 [DEBUG] [TIME] 2674 dividends: 0.23s
2026-07-05 01:21:52,704 [INFO] [DETAIL] 2674 ハードオフコーポレーション: income_stmt=OK, balance_sheet=OK, cashflow=OK, dividends=OK
2026-07-05 01:21:52,705 [INFO] [TIME] 2674 ハードオフコーポレーション 処理時間: 1.09s
2026-07-05 01:21:54,640 [DEBUG] [TIME] 2676 info: 0.19s
2026-07-05 01:21:54,641 [DEBUG] yfinance OK: 2676
2026-07-05 01:21:54,840 [DEBUG] [TIME] 2676 income_stmt: 0.20s
2026-07-05 01:21:55,066 [DEBUG] [TIME] 2676 balance_sheet: 0.23s
2026-07-05 01:21:55,265 [DEBUG] [TIME] 2676 cashflow: 0.20s
2026-07-05 01:21:55,484 [DEBUG] [TIME] 2676 dividends: 0.22s
2026-07-05 01:21:55,485 [INFO] [DETAIL] 2676 高千穂交易: income_stmt=OK, balance_sheet=OK, cashflow=OK, dividends=OK
2026-07-05 01:21:55,485 [INFO] [TIME] 2676 高千穂交易 処理時間: 1.03s
2026-07-05 01:21:57,578 [DEBUG] [TIME] 2678 info: 0.19s
2026-07-05 01:21:57,578 [DEBUG] yfinance OK: 2678
2026-07-05 01:21:57,772 [DEBUG] [TIME] 2678 income_stmt: 0.19s
2026-07-05 01:21:57,992 [DEBUG] [TIME] 2678 balance_sheet: 0.22s
2026-07-05 01:21:58,173 [DEBUG] [TIME] 2678 cashflow: 0.18s
2026-07-05 01:21:58,447 [DEBUG] [TIME] 2678 dividends: 0.27s
2026-07-05 01:21:58,448 [INFO] [DETAIL] 2678 アスクル: income_stmt=OK, balance_sheet=OK, cashflow=OK, dividends=OK
2026-07-05 01:21:58,448 [INFO] [TIME] 2678 アスクル 処理時間: 1.06s
2026-07-05 01:21:59,746 [DEBUG] [TIME] 2681 info: 0.14s
2026-07-05 01:21:59,746 [DEBUG] yfinance OK: 2681
2026-07-05 01:21:59,947 [DEBUG] [TIME] 2681 income_stmt: 0.20s
2026-07-05 01:22:00,177 [DEBUG] [TIME] 2681 balance_sheet: 0.23s
2026-07-05 01:22:00,378 [DEBUG] [TIME] 2681 cashflow: 0.20s
2026-07-05 01:22:00,654 [DEBUG] [TIME] 2681 dividends: 0.28s
2026-07-05 01:22:00,655 [INFO] [DETAIL] 2681 ゲオホールディングス: income_stmt=OK, balance_sheet=OK, cashflow=OK, dividends=OK
2026-07-05 01:22:00,655 [INFO] [TIME] 2681 ゲオホールディングス 処理時間: 1.05s
2026-07-05 01:22:02,558 [DEBUG] [TIME] 2683 info: 0.15s
2026-07-05 01:22:02,559 [DEBUG] yfinance OK: 2683
2026-07-05 01:22:02,732 [DEBUG] [TIME] 2683 income_stmt: 0.17s
2026-07-05 01:22:03,089 [DEBUG] [TIME] 2683 balance_sheet: 0.36s
2026-07-05 01:22:03,271 [DEBUG] [TIME] 2683 cashflow: 0.18s
2026-07-05 01:22:03,471 [DEBUG] [TIME] 2683 dividends: 0.20s
2026-07-05 01:22:03,472 [INFO] [DETAIL] 2683 魚喜: income_stmt=OK, balance_sheet=OK, cashflow=OK, dividends=OK
2026-07-05 01:22:03,472 [INFO] [TIME] 2683 魚喜 処理時間: 1.06s
2026-07-05 01:22:05,245 [DEBUG] [TIME] 2685 info: 0.18s
2026-07-05 01:22:05,245 [DEBUG] yfinance OK: 2685
2026-07-05 01:22:05,458 [DEBUG] [TIME] 2685 income_stmt: 0.21s
2026-07-05 01:22:05,674 [DEBUG] [TIME] 2685 balance_sheet: 0.22s
2026-07-05 01:22:05,901 [DEBUG] [TIME] 2685 cashflow: 0.23s
2026-07-05 01:22:06,166 [DEBUG] [TIME] 2685 dividends: 0.26s
2026-07-05 01:22:06,167 [INFO] [DETAIL] 2685 アンドエスティＨＤ: income_stmt=OK, balance_sheet=OK, cashflow=OK, dividends=OK
2026-07-05 01:22:06,167 [INFO] [TIME] 2685 アンドエスティＨＤ 処理時間: 1.10s
2026-07-05 01:22:07,862 [DEBUG] [TIME] 2686 info: 0.14s
2026-07-05 01:22:07,862 [WARNING] yfinance データなし: 2686
2026-07-05 01:22:07,862 [INFO] [TIME] 2686 ジーフット 処理時間: 0.14s
2026-07-05 01:22:09,054 [DEBUG] [TIME] 2687 info: 0.14s
2026-07-05 01:22:09,054 [DEBUG] yfinance OK: 2687
2026-07-05 01:22:09,243 [DEBUG] [TIME] 2687 income_stmt: 0.19s
2026-07-05 01:22:09,454 [DEBUG] [TIME] 2687 balance_sheet: 0.21s
2026-07-05 01:22:09,656 [DEBUG] [TIME] 2687 cashflow: 0.20s
2026-07-05 01:22:09,947 [DEBUG] [TIME] 2687 dividends: 0.29s
2026-07-05 01:22:09,948 [INFO] [DETAIL] 2687 シー・ヴイ・エス・ベイエリア: income_stmt=OK, balance_sheet=OK, cashflow=OK, dividends=OK
2026-07-05 01:22:09,948 [INFO] [TIME] 2687 シー・ヴイ・エス・ベイエリア 処理時間: 1.04s
2026-07-05 01:22:11,816 [DEBUG] [TIME] 2689 info: 0.14s
2026-07-05 01:22:11,816 [DEBUG] yfinance OK: 2689
2026-07-05 01:22:12,022 [DEBUG] [TIME] 2689 income_stmt: 0.21s
2026-07-05 01:22:12,297 [DEBUG] [TIME] 2689 balance_sheet: 0.27s
2026-07-05 01:22:12,480 [DEBUG] [TIME] 2689 cashflow: 0.18s
2026-07-05 01:22:12,700 [DEBUG] [TIME] 2689 dividends: 0.22s
2026-07-05 01:22:12,701 [INFO] [DETAIL] 2689 オルバヘルスケアホールディングス: income_stmt=OK, balance_sheet=OK, cashflow=OK, dividends=OK
2026-07-05 01:22:12,701 [INFO] [TIME] 2689 オルバヘルスケアホールディングス 処理時間: 1.03s
2026-07-05 01:22:14,584 [DEBUG] [TIME] 268A info: 0.17s
2026-07-05 01:22:14,584 [DEBUG] yfinance OK: 268A
2026-07-05 01:22:14,801 [DEBUG] [TIME] 268A income_stmt: 0.22s
2026-07-05 01:22:15,053 [DEBUG] [TIME] 268A balance_sheet: 0.25s
2026-07-05 01:22:15,266 [DEBUG] [TIME] 268A cashflow: 0.21s
2026-07-05 01:22:15,352 [DEBUG] [TIME] 268A dividends: 0.09s
2026-07-05 01:22:15,353 [INFO] [DETAIL] 268A リガク・ホールディングス: income_stmt=OK, balance_sheet=OK, cashflow=OK, dividends=OK
2026-07-05 01:22:15,353 [INFO] [TIME] 268A リガク・ホールディングス 処理時間: 0.94s
2026-07-05 01:22:17,436 [DEBUG] [TIME] 2693 info: 0.18s
2026-07-05 01:22:17,436 [DEBUG] yfinance OK: 2693
2026-07-05 01:22:17,611 [DEBUG] [TIME] 2693 income_stmt: 0.18s
2026-07-05 01:22:17,809 [DEBUG] [TIME] 2693 balance_sheet: 0.20s
2026-07-05 01:22:18,041 [DEBUG] [TIME] 2693 cashflow: 0.23s
2026-07-05 01:22:18,323 [DEBUG] [TIME] 2693 dividends: 0.28s
2026-07-05 01:22:18,324 [INFO] [DETAIL] 2693 ＹＫＴ: income_stmt=OK, balance_sheet=OK, cashflow=OK, dividends=OK
2026-07-05 01:22:18,324 [INFO] [TIME] 2693 ＹＫＴ 処理時間: 1.07s
2026-07-05 01:22:19,928 [DEBUG] [TIME] 2694 info: 0.18s
2026-07-05 01:22:19,928 [DEBUG] yfinance OK: 2694
2026-07-05 01:22:20,112 [DEBUG] [TIME] 2694 income_stmt: 0.18s
2026-07-05 01:22:20,372 [DEBUG] [TIME] 2694 balance_sheet: 0.26s
2026-07-05 01:22:20,587 [DEBUG] [TIME] 2694 cashflow: 0.21s
2026-07-05 01:22:20,850 [DEBUG] [TIME] 2694 dividends: 0.26s
2026-07-05 01:22:20,851 [INFO] [DETAIL] 2694 焼肉坂井ホールディングス: income_stmt=OK, balance_sheet=OK, cashflow=OK, dividends=OK
2026-07-05 01:22:20,851 [INFO] [TIME] 2694 焼肉坂井ホールディングス 処理時間: 1.10s
2026-07-05 01:22:22,647 [DEBUG] [TIME] 2695 info: 0.18s
2026-07-05 01:22:22,647 [DEBUG] yfinance OK: 2695
2026-07-05 01:22:22,822 [DEBUG] [TIME] 2695 income_stmt: 0.17s
2026-07-05 01:22:23,051 [DEBUG] [TIME] 2695 balance_sheet: 0.23s
2026-07-05 01:22:23,263 [DEBUG] [TIME] 2695 cashflow: 0.21s
2026-07-05 01:22:23,491 [DEBUG] [TIME] 2695 dividends: 0.23s
2026-07-05 01:22:23,492 [INFO] [DETAIL] 2695 くら寿司: income_stmt=OK, balance_sheet=OK, cashflow=OK, dividends=OK
2026-07-05 01:22:23,492 [INFO] [TIME] 2695 くら寿司 処理時間: 1.03s
2026-07-05 01:22:25,505 [DEBUG] [TIME] 2698 info: 0.14s
2026-07-05 01:22:25,505 [DEBUG] yfinance OK: 2698
2026-07-05 01:22:25,700 [DEBUG] [TIME] 2698 income_stmt: 0.20s
2026-07-05 01:22:25,928 [DEBUG] [TIME] 2698 balance_sheet: 0.23s
2026-07-05 01:22:26,124 [DEBUG] [TIME] 2698 cashflow: 0.20s
2026-07-05 01:22:26,400 [DEBUG] [TIME] 2698 dividends: 0.28s
2026-07-05 01:22:26,401 [INFO] [DETAIL] 2698 キャンドゥ: income_stmt=OK, balance_sheet=OK, cashflow=OK, dividends=OK
2026-07-05 01:22:26,401 [INFO] [TIME] 2698 キャンドゥ 処理時間: 1.04s
2026-07-05 01:22:28,096 [DEBUG] [TIME] 269A info: 0.24s
2026-07-05 01:22:28,096 [DEBUG] yfinance OK: 269A
2026-07-05 01:22:28,323 [DEBUG] [TIME] 269A income_stmt: 0.23s
2026-07-05 01:22:28,527 [DEBUG] [TIME] 269A balance_sheet: 0.20s
2026-07-05 01:22:28,736 [DEBUG] [TIME] 269A cashflow: 0.21s
2026-07-05 01:22:28,807 [DEBUG] [TIME] 269A dividends: 0.07s
2026-07-05 01:22:28,807 [INFO] [DETAIL] 269A Ｓａｐｅｅｔ: income_stmt=OK, balance_sheet=OK, cashflow=OK, dividends=EMPTY
2026-07-05 01:22:28,807 [INFO] [TIME] 269A Ｓａｐｅｅｔ 処理時間: 0.96s
2026-07-05 01:22:30,841 [DEBUG] [TIME] 2700 info: 0.14s
2026-07-05 01:22:30,841 [DEBUG] yfinance OK: 2700
2026-07-05 01:22:31,028 [DEBUG] [TIME] 2700 income_stmt: 0.19s
2026-07-05 01:22:31,284 [DEBUG] [TIME] 2700 balance_sheet: 0.26s
2026-07-05 01:22:31,503 [DEBUG] [TIME] 2700 cashflow: 0.22s
2026-07-05 01:22:31,763 [DEBUG] [TIME] 2700 dividends: 0.26s
2026-07-05 01:22:31,764 [INFO] [DETAIL] 2700 木徳神糧: income_stmt=OK, balance_sheet=OK, cashflow=OK, dividends=OK
2026-07-05 01:22:31,765 [INFO] [TIME] 2700 木徳神糧 処理時間: 1.06s
2026-07-05 01:22:33,575 [DEBUG] [TIME] 2702 info: 0.18s
2026-07-05 01:22:33,575 [DEBUG] yfinance OK: 2702
2026-07-05 01:22:33,754 [DEBUG] [TIME] 2702 income_stmt: 0.18s
2026-07-05 01:22:34,004 [DEBUG] [TIME] 2702 balance_sheet: 0.25s
2026-07-05 01:22:34,268 [DEBUG] [TIME] 2702 cashflow: 0.26s
2026-07-05 01:22:34,523 [DEBUG] [TIME] 2702 dividends: 0.25s
2026-07-05 01:22:34,524 [INFO] [DETAIL] 2702 日本マクドナルドホールディングス: income_stmt=OK, balance_sheet=OK, cashflow=OK, dividends=OK
2026-07-05 01:22:34,524 [INFO] [TIME] 2702 日本マクドナルドホールディングス 処理時間: 1.13s
2026-07-05 01:22:36,023 [DEBUG] [TIME] 2705 info: 0.15s
2026-07-05 01:22:36,023 [DEBUG] yfinance OK: 2705
2026-07-05 01:22:36,186 [DEBUG] [TIME] 2705 income_stmt: 0.16s
2026-07-05 01:22:36,393 [DEBUG] [TIME] 2705 balance_sheet: 0.21s
2026-07-05 01:22:36,593 [DEBUG] [TIME] 2705 cashflow: 0.20s
2026-07-05 01:22:36,849 [DEBUG] [TIME] 2705 dividends: 0.26s
2026-07-05 01:22:36,850 [INFO] [DETAIL] 2705 大戸屋ホールディングス: income_stmt=OK, balance_sheet=OK, cashflow=OK, dividends=OK
2026-07-05 01:22:36,850 [INFO] [TIME] 2705 大戸屋ホールディングス 処理時間: 0.97s
2026-07-05 01:22:38,252 [DEBUG] [TIME] 2708 info: 0.14s
2026-07-05 01:22:38,252 [DEBUG] yfinance OK: 2708
2026-07-05 01:22:38,537 [DEBUG] [TIME] 2708 income_stmt: 0.29s
2026-07-05 01:22:38,776 [DEBUG] [TIME] 2708 balance_sheet: 0.24s
2026-07-05 01:22:39,003 [DEBUG] [TIME] 2708 cashflow: 0.23s
2026-07-05 01:22:39,242 [DEBUG] [TIME] 2708 dividends: 0.24s
2026-07-05 01:22:39,242 [INFO] [DETAIL] 2708 久世: income_stmt=OK, balance_sheet=OK, cashflow=OK, dividends=OK
2026-07-05 01:22:39,243 [INFO] [TIME] 2708 久世 処理時間: 1.13s
2026-07-05 01:22:41,240 [DEBUG] [TIME] 2721 info: 0.16s
2026-07-05 01:22:41,240 [DEBUG] yfinance OK: 2721
2026-07-05 01:22:41,435 [DEBUG] [TIME] 2721 income_stmt: 0.20s
2026-07-05 01:22:41,646 [DEBUG] [TIME] 2721 balance_sheet: 0.21s
2026-07-05 01:22:41,917 [DEBUG] [TIME] 2721 cashflow: 0.27s
2026-07-05 01:22:42,062 [DEBUG] [TIME] 2721 dividends: 0.15s
2026-07-05 01:22:42,063 [INFO] [DETAIL] 2721 ジェイホールディングス: income_stmt=OK, balance_sheet=OK, cashflow=OK, dividends=EMPTY
2026-07-05 01:22:42,063 [INFO] [TIME] 2721 ジェイホールディングス 処理時間: 0.98s
2026-07-05 01:22:43,463 [DEBUG] [TIME] 2722 info: 0.17s
2026-07-05 01:22:43,464 [DEBUG] yfinance OK: 2722
2026-07-05 01:22:43,660 [DEBUG] [TIME] 2722 income_stmt: 0.20s
2026-07-05 01:22:43,897 [DEBUG] [TIME] 2722 balance_sheet: 0.24s
2026-07-05 01:22:44,113 [DEBUG] [TIME] 2722 cashflow: 0.22s
2026-07-05 01:22:44,371 [DEBUG] [TIME] 2722 dividends: 0.26s
2026-07-05 01:22:44,372 [INFO] [DETAIL] 2722 ＩＫホールディングス: income_stmt=OK, balance_sheet=OK, cashflow=OK, dividends=OK
2026-07-05 01:22:44,373 [INFO] [TIME] 2722 ＩＫホールディングス 処理時間: 1.08s
2026-07-05 01:22:45,916 [DEBUG] [TIME] 2726 info: 0.15s
2026-07-05 01:22:45,916 [DEBUG] yfinance OK: 2726
2026-07-05 01:22:46,110 [DEBUG] [TIME] 2726 income_stmt: 0.19s
2026-07-05 01:22:46,328 [DEBUG] [TIME] 2726 balance_sheet: 0.22s
2026-07-05 01:22:46,564 [DEBUG] [TIME] 2726 cashflow: 0.24s
2026-07-05 01:22:46,810 [DEBUG] [TIME] 2726 dividends: 0.25s
2026-07-05 01:22:46,811 [INFO] [DETAIL] 2726 パルグループホールディングス: income_stmt=OK, balance_sheet=OK, cashflow=OK, dividends=OK
2026-07-05 01:22:46,811 [INFO] [TIME] 2726 パルグループホールディングス 処理時間: 1.05s
2026-07-05 01:22:48,454 [DEBUG] [TIME] 2730 info: 0.18s
2026-07-05 01:22:48,454 [DEBUG] yfinance OK: 2730
2026-07-05 01:22:48,607 [DEBUG] [TIME] 2730 income_stmt: 0.15s
2026-07-05 01:22:48,845 [DEBUG] [TIME] 2730 balance_sheet: 0.24s
2026-07-05 01:22:49,025 [DEBUG] [TIME] 2730 cashflow: 0.18s
2026-07-05 01:22:49,264 [DEBUG] [TIME] 2730 dividends: 0.24s
2026-07-05 01:22:49,265 [INFO] [DETAIL] 2730 エディオン: income_stmt=OK, balance_sheet=OK, cashflow=OK, dividends=OK
2026-07-05 01:22:49,265 [INFO] [TIME] 2730 エディオン 処理時間: 0.99s
2026-07-05 01:22:50,786 [DEBUG] [TIME] 2733 info: 0.14s
2026-07-05 01:22:50,786 [DEBUG] yfinance OK: 2733
2026-07-05 01:22:51,017 [DEBUG] [TIME] 2733 income_stmt: 0.23s
2026-07-05 01:22:51,325 [DEBUG] [TIME] 2733 balance_sheet: 0.31s
2026-07-05 01:22:51,552 [DEBUG] [TIME] 2733 cashflow: 0.23s
2026-07-05 01:22:51,797 [DEBUG] [TIME] 2733 dividends: 0.24s
2026-07-05 01:22:51,798 [INFO] [DETAIL] 2733 あらた: income_stmt=OK, balance_sheet=OK, cashflow=OK, dividends=OK
2026-07-05 01:22:51,798 [INFO] [TIME] 2733 あらた 処理時間: 1.15s
2026-07-05 01:22:53,439 [DEBUG] [TIME] 2734 info: 0.14s
2026-07-05 01:22:53,439 [DEBUG] yfinance OK: 2734
2026-07-05 01:22:53,643 [DEBUG] [TIME] 2734 income_stmt: 0.20s
2026-07-05 01:22:53,885 [DEBUG] [TIME] 2734 balance_sheet: 0.24s
2026-07-05 01:22:54,094 [DEBUG] [TIME] 2734 cashflow: 0.21s
2026-07-05 01:22:54,397 [DEBUG] [TIME] 2734 dividends: 0.30s
2026-07-05 01:22:54,398 [INFO] [DETAIL] 2734 サーラコーポレーション: income_stmt=OK, balance_sheet=OK, cashflow=OK, dividends=OK
2026-07-05 01:22:54,398 [INFO] [TIME] 2734 サーラコーポレーション 処理時間: 1.10s
2026-07-05 01:22:55,944 [DEBUG] [TIME] 2735 info: 0.14s
2026-07-05 01:22:55,944 [DEBUG] yfinance OK: 2735
2026-07-05 01:22:56,113 [DEBUG] [TIME] 2735 income_stmt: 0.17s
2026-07-05 01:22:56,356 [DEBUG] [TIME] 2735 balance_sheet: 0.24s
2026-07-05 01:22:56,541 [DEBUG] [TIME] 2735 cashflow: 0.18s
2026-07-05 01:22:56,872 [DEBUG] [TIME] 2735 dividends: 0.33s
2026-07-05 01:22:56,873 [INFO] [DETAIL] 2735 ワッツ: income_stmt=OK, balance_sheet=OK, cashflow=OK, dividends=OK
2026-07-05 01:22:56,873 [INFO] [TIME] 2735 ワッツ 処理時間: 1.07s
2026-07-05 01:22:58,757 [DEBUG] [TIME] 2736 info: 0.21s
2026-07-05 01:22:58,757 [DEBUG] yfinance OK: 2736
2026-07-05 01:22:58,931 [DEBUG] [TIME] 2736 income_stmt: 0.17s
2026-07-05 01:22:59,164 [DEBUG] [TIME] 2736 balance_sheet: 0.23s
2026-07-05 01:22:59,371 [DEBUG] [TIME] 2736 cashflow: 0.21s
2026-07-05 01:22:59,620 [DEBUG] [TIME] 2736 dividends: 0.25s
2026-07-05 01:22:59,621 [INFO] [DETAIL] 2736 フェスタリアホールディングス: income_stmt=OK, balance_sheet=OK, cashflow=OK, dividends=OK
2026-07-05 01:22:59,621 [INFO] [TIME] 2736 フェスタリアホールディングス 処理時間: 1.07s
2026-07-05 01:23:01,145 [DEBUG] [TIME] 2737 info: 0.18s
2026-07-05 01:23:01,145 [DEBUG] yfinance OK: 2737
2026-07-05 01:23:01,347 [DEBUG] [TIME] 2737 income_stmt: 0.20s
2026-07-05 01:23:01,581 [DEBUG] [TIME] 2737 balance_sheet: 0.23s
2026-07-05 01:23:01,771 [DEBUG] [TIME] 2737 cashflow: 0.19s
2026-07-05 01:23:02,000 [DEBUG] [TIME] 2737 dividends: 0.23s
2026-07-05 01:23:02,001 [INFO] [DETAIL] 2737 トーメンデバイス: income_stmt=OK, balance_sheet=OK, cashflow=OK, dividends=OK
2026-07-05 01:23:02,001 [INFO] [TIME] 2737 トーメンデバイス 処理時間: 1.04s
2026-07-05 01:23:03,292 [DEBUG] [TIME] 2742 info: 0.15s
2026-07-05 01:23:03,292 [DEBUG] yfinance OK: 2742
2026-07-05 01:23:03,482 [DEBUG] [TIME] 2742 income_stmt: 0.19s
2026-07-05 01:23:03,718 [DEBUG] [TIME] 2742 balance_sheet: 0.24s
2026-07-05 01:23:03,940 [DEBUG] [TIME] 2742 cashflow: 0.22s
2026-07-05 01:23:04,214 [DEBUG] [TIME] 2742 dividends: 0.27s
2026-07-05 01:23:04,215 [INFO] [DETAIL] 2742 ハローズ: income_stmt=OK, balance_sheet=OK, cashflow=OK, dividends=OK
2026-07-05 01:23:04,215 [INFO] [TIME] 2742 ハローズ 処理時間: 1.08s
2026-07-05 01:23:06,038 [DEBUG] [TIME] 2747 info: 0.14s
2026-07-05 01:23:06,038 [DEBUG] yfinance OK: 2747
2026-07-05 01:23:06,295 [DEBUG] [TIME] 2747 income_stmt: 0.26s
2026-07-05 01:23:06,539 [DEBUG] [TIME] 2747 balance_sheet: 0.24s
2026-07-05 01:23:06,789 [DEBUG] [TIME] 2747 cashflow: 0.25s
2026-07-05 01:23:07,087 [DEBUG] [TIME] 2747 dividends: 0.30s
2026-07-05 01:23:07,088 [INFO] [DETAIL] 2747 北雄ラッキー: income_stmt=OK, balance_sheet=OK, cashflow=OK, dividends=OK
2026-07-05 01:23:07,088 [INFO] [TIME] 2747 北雄ラッキー 処理時間: 1.19s
2026-07-05 01:23:08,316 [DEBUG] [TIME] 2749 info: 0.15s
2026-07-05 01:23:08,316 [DEBUG] yfinance OK: 2749
2026-07-05 01:23:08,517 [DEBUG] [TIME] 2749 income_stmt: 0.20s
2026-07-05 01:23:08,793 [DEBUG] [TIME] 2749 balance_sheet: 0.28s
2026-07-05 01:23:09,002 [DEBUG] [TIME] 2749 cashflow: 0.21s
2026-07-05 01:23:09,240 [DEBUG] [TIME] 2749 dividends: 0.24s
2026-07-05 01:23:09,241 [INFO] [DETAIL] 2749 ＪＰホールディングス: income_stmt=OK, balance_sheet=OK, cashflow=OK, dividends=OK
2026-07-05 01:23:09,241 [INFO] [TIME] 2749 ＪＰホールディングス 処理時間: 1.08s
2026-07-05 01:23:11,018 [DEBUG] [TIME] 274A info: 0.15s
2026-07-05 01:23:11,018 [DEBUG] yfinance OK: 274A
2026-07-05 01:23:11,197 [DEBUG] [TIME] 274A income_stmt: 0.18s
2026-07-05 01:23:11,452 [DEBUG] [TIME] 274A balance_sheet: 0.25s
2026-07-05 01:23:11,655 [DEBUG] [TIME] 274A cashflow: 0.20s
2026-07-05 01:23:11,782 [DEBUG] [TIME] 274A dividends: 0.13s
2026-07-05 01:23:11,783 [INFO] [DETAIL] 274A ガーデン: income_stmt=OK, balance_sheet=OK, cashflow=OK, dividends=OK
2026-07-05 01:23:11,783 [INFO] [TIME] 274A ガーデン 処理時間: 0.92s
2026-07-05 01:23:13,087 [DEBUG] [TIME] 2750 info: 0.14s
2026-07-05 01:23:13,087 [DEBUG] yfinance OK: 2750
2026-07-05 01:23:13,344 [DEBUG] [TIME] 2750 income_stmt: 0.26s
2026-07-05 01:23:13,601 [DEBUG] [TIME] 2750 balance_sheet: 0.26s
2026-07-05 01:23:13,842 [DEBUG] [TIME] 2750 cashflow: 0.24s
2026-07-05 01:23:14,118 [DEBUG] [TIME] 2750 dividends: 0.27s
2026-07-05 01:23:14,119 [INFO] [DETAIL] 2750 石光商事: income_stmt=OK, balance_sheet=OK, cashflow=OK, dividends=OK
2026-07-05 01:23:14,119 [INFO] [TIME] 2750 石光商事 処理時間: 1.17s
2026-07-05 01:23:15,413 [DEBUG] [TIME] 2751 info: 0.17s
2026-07-05 01:23:15,413 [DEBUG] yfinance OK: 2751
2026-07-05 01:23:15,604 [DEBUG] [TIME] 2751 income_stmt: 0.19s
2026-07-05 01:23:15,821 [DEBUG] [TIME] 2751 balance_sheet: 0.22s
2026-07-05 01:23:16,037 [DEBUG] [TIME] 2751 cashflow: 0.22s
2026-07-05 01:23:16,390 [DEBUG] [TIME] 2751 dividends: 0.35s
2026-07-05 01:23:16,391 [INFO] [DETAIL] 2751 テンポスホールディングス: income_stmt=OK, balance_sheet=OK, cashflow=OK, dividends=OK
2026-07-05 01:23:16,391 [INFO] [TIME] 2751 テンポスホールディングス 処理時間: 1.15s
2026-07-05 01:23:18,106 [DEBUG] [TIME] 2752 info: 0.16s
2026-07-05 01:23:18,106 [DEBUG] yfinance OK: 2752
2026-07-05 01:23:18,311 [DEBUG] [TIME] 2752 income_stmt: 0.21s
2026-07-05 01:23:18,544 [DEBUG] [TIME] 2752 balance_sheet: 0.23s
2026-07-05 01:23:18,763 [DEBUG] [TIME] 2752 cashflow: 0.22s
2026-07-05 01:23:19,005 [DEBUG] [TIME] 2752 dividends: 0.24s
2026-07-05 01:23:19,006 [INFO] [DETAIL] 2752 フジオフードグループ本社: income_stmt=OK, balance_sheet=OK, cashflow=OK, dividends=OK
2026-07-05 01:23:19,006 [INFO] [TIME] 2752 フジオフードグループ本社 処理時間: 1.06s
2026-07-05 01:23:21,144 [DEBUG] [TIME] 2753 info: 0.17s
2026-07-05 01:23:21,144 [DEBUG] yfinance OK: 2753
2026-07-05 01:23:21,324 [DEBUG] [TIME] 2753 income_stmt: 0.18s
2026-07-05 01:23:21,546 [DEBUG] [TIME] 2753 balance_sheet: 0.22s
2026-07-05 01:23:21,773 [DEBUG] [TIME] 2753 cashflow: 0.23s
2026-07-05 01:23:22,109 [DEBUG] [TIME] 2753 dividends: 0.33s
2026-07-05 01:23:22,110 [INFO] [DETAIL] 2753 あみやき亭: income_stmt=OK, balance_sheet=OK, cashflow=OK, dividends=OK
2026-07-05 01:23:22,110 [INFO] [TIME] 2753 あみやき亭 処理時間: 1.14s
2026-07-05 01:23:24,071 [DEBUG] [TIME] 2760 info: 0.19s
2026-07-05 01:23:24,071 [DEBUG] yfinance OK: 2760
2026-07-05 01:23:24,254 [DEBUG] [TIME] 2760 income_stmt: 0.18s
2026-07-05 01:23:24,503 [DEBUG] [TIME] 2760 balance_sheet: 0.25s
2026-07-05 01:23:24,714 [DEBUG] [TIME] 2760 cashflow: 0.21s
2026-07-05 01:23:24,986 [DEBUG] [TIME] 2760 dividends: 0.27s
2026-07-05 01:23:24,987 [INFO] [DETAIL] 2760 東京エレクトロン　デバイス: income_stmt=OK, balance_sheet=OK, cashflow=OK, dividends=OK
2026-07-05 01:23:24,987 [INFO] [TIME] 2760 東京エレクトロン　デバイス 処理時間: 1.11s
2026-07-05 01:23:26,243 [DEBUG] [TIME] 2762 info: 0.15s
2026-07-05 01:23:26,243 [DEBUG] yfinance OK: 2762
2026-07-05 01:23:26,419 [DEBUG] [TIME] 2762 income_stmt: 0.18s
2026-07-05 01:23:26,664 [DEBUG] [TIME] 2762 balance_sheet: 0.24s
2026-07-05 01:23:26,837 [DEBUG] [TIME] 2762 cashflow: 0.17s
2026-07-05 01:23:27,081 [DEBUG] [TIME] 2762 dividends: 0.24s
2026-07-05 01:23:27,082 [INFO] [DETAIL] 2762 ＳＡＮＫＯ　ＭＡＲＫＥＴＩＮＧ　ＦＯＯＤＳ: income_stmt=OK, balance_sheet=OK, cashflow=OK, dividends=OK
2026-07-05 01:23:27,082 [INFO] [TIME] 2762 ＳＡＮＫＯ　ＭＡＲＫＥＴＩＮＧ　ＦＯＯＤＳ 処理時間: 0.99s
2026-07-05 01:23:29,213 [DEBUG] [TIME] 2763 info: 0.14s
2026-07-05 01:23:29,213 [DEBUG] yfinance OK: 2763
2026-07-05 01:23:29,421 [DEBUG] [TIME] 2763 income_stmt: 0.21s
2026-07-05 01:23:29,618 [DEBUG] [TIME] 2763 balance_sheet: 0.20s
2026-07-05 01:23:29,783 [DEBUG] [TIME] 2763 cashflow: 0.16s
2026-07-05 01:23:30,081 [DEBUG] [TIME] 2763 dividends: 0.30s
2026-07-05 01:23:30,082 [INFO] [DETAIL] 2763 エフティグループ: income_stmt=OK, balance_sheet=OK, cashflow=OK, dividends=OK
2026-07-05 01:23:30,082 [INFO] [TIME] 2763 エフティグループ 処理時間: 1.01s
2026-07-05 01:23:31,853 [DEBUG] [TIME] 2764 info: 0.16s
2026-07-05 01:23:31,853 [DEBUG] yfinance OK: 2764
2026-07-05 01:23:32,069 [DEBUG] [TIME] 2764 income_stmt: 0.22s
2026-07-05 01:23:32,266 [DEBUG] [TIME] 2764 balance_sheet: 0.20s
2026-07-05 01:23:32,523 [DEBUG] [TIME] 2764 cashflow: 0.26s
2026-07-05 01:23:32,766 [DEBUG] [TIME] 2764 dividends: 0.24s
2026-07-05 01:23:32,767 [INFO] [DETAIL] 2764 ひらまつ: income_stmt=OK, balance_sheet=OK, cashflow=OK, dividends=OK
2026-07-05 01:23:32,767 [INFO] [TIME] 2764 ひらまつ 処理時間: 1.08s
2026-07-05 01:23:34,232 [DEBUG] [TIME] 2767 info: 0.19s
2026-07-05 01:23:34,232 [DEBUG] yfinance OK: 2767
2026-07-05 01:23:34,403 [DEBUG] [TIME] 2767 income_stmt: 0.17s
2026-07-05 01:23:34,670 [DEBUG] [TIME] 2767 balance_sheet: 0.27s
2026-07-05 01:23:34,879 [DEBUG] [TIME] 2767 cashflow: 0.21s
2026-07-05 01:23:35,168 [DEBUG] [TIME] 2767 dividends: 0.29s
2026-07-05 01:23:35,169 [INFO] [DETAIL] 2767 円谷フィールズホールディングス: income_stmt=OK, balance_sheet=OK, cashflow=OK, dividends=OK
2026-07-05 01:23:35,169 [INFO] [TIME] 2767 円谷フィールズホールディングス 処理時間: 1.12s
2026-07-05 01:23:37,117 [DEBUG] [TIME] 2768 info: 0.15s
2026-07-05 01:23:37,117 [DEBUG] yfinance OK: 2768
2026-07-05 01:23:37,315 [DEBUG] [TIME] 2768 income_stmt: 0.20s
2026-07-05 01:23:37,537 [DEBUG] [TIME] 2768 balance_sheet: 0.22s
2026-07-05 01:23:37,710 [DEBUG] [TIME] 2768 cashflow: 0.17s
2026-07-05 01:23:38,108 [DEBUG] [TIME] 2768 dividends: 0.40s
2026-07-05 01:23:38,109 [INFO] [DETAIL] 2768 双日: income_stmt=OK, balance_sheet=OK, cashflow=OK, dividends=OK
2026-07-05 01:23:38,109 [INFO] [TIME] 2768 双日 処理時間: 1.14s
2026-07-05 01:23:39,896 [DEBUG] [TIME] 2769 info: 0.19s
2026-07-05 01:23:39,896 [DEBUG] yfinance OK: 2769
2026-07-05 01:23:40,075 [DEBUG] [TIME] 2769 income_stmt: 0.18s
2026-07-05 01:23:40,301 [DEBUG] [TIME] 2769 balance_sheet: 0.23s
2026-07-05 01:23:40,480 [DEBUG] [TIME] 2769 cashflow: 0.18s
2026-07-05 01:23:40,698 [DEBUG] [TIME] 2769 dividends: 0.22s
2026-07-05 01:23:40,699 [INFO] [DETAIL] 2769 ヴィレッジヴァンガードコーポレーション: income_stmt=OK, balance_sheet=OK, cashflow=OK, dividends=OK
2026-07-05 01:23:40,699 [INFO] [TIME] 2769 ヴィレッジヴァンガードコーポレーション 処理時間: 0.99s
2026-07-05 01:23:42,788 [DEBUG] [TIME] 276A info: 0.14s
2026-07-05 01:23:42,788 [DEBUG] yfinance OK: 276A
2026-07-05 01:23:42,960 [DEBUG] [TIME] 276A income_stmt: 0.17s
2026-07-05 01:23:43,139 [DEBUG] [TIME] 276A balance_sheet: 0.18s
2026-07-05 01:23:43,314 [DEBUG] [TIME] 276A cashflow: 0.17s
2026-07-05 01:23:43,406 [DEBUG] [TIME] 276A dividends: 0.09s
2026-07-05 01:23:43,407 [INFO] [DETAIL] 276A ククレブ・アドバイザーズ: income_stmt=OK, balance_sheet=OK, cashflow=OK, dividends=OK
2026-07-05 01:23:43,407 [INFO] [TIME] 276A ククレブ・アドバイザーズ 処理時間: 0.76s
2026-07-05 01:23:44,731 [DEBUG] [TIME] 2776 info: 0.15s
2026-07-05 01:23:44,731 [DEBUG] yfinance OK: 2776
2026-07-05 01:23:44,917 [DEBUG] [TIME] 2776 income_stmt: 0.19s
2026-07-05 01:23:45,194 [DEBUG] [TIME] 2776 balance_sheet: 0.28s
2026-07-05 01:23:45,363 [DEBUG] [TIME] 2776 cashflow: 0.17s
2026-07-05 01:23:45,538 [DEBUG] [TIME] 2776 dividends: 0.17s
2026-07-05 01:23:45,538 [INFO] [DETAIL] 2776 新都ホールディングス: income_stmt=OK, balance_sheet=OK, cashflow=OK, dividends=EMPTY
2026-07-05 01:23:45,538 [INFO] [TIME] 2776 新都ホールディングス 処理時間: 0.96s
2026-07-05 01:23:47,336 [DEBUG] [TIME] 2778 info: 0.14s
2026-07-05 01:23:47,336 [DEBUG] yfinance OK: 2778
2026-07-05 01:23:47,537 [DEBUG] [TIME] 2778 income_stmt: 0.20s
2026-07-05 01:23:47,777 [DEBUG] [TIME] 2778 balance_sheet: 0.24s
2026-07-05 01:23:47,994 [DEBUG] [TIME] 2778 cashflow: 0.22s
2026-07-05 01:23:48,239 [DEBUG] [TIME] 2778 dividends: 0.24s
2026-07-05 01:23:48,239 [INFO] [DETAIL] 2778 パレモ・ホールディングス: income_stmt=OK, balance_sheet=OK, cashflow=OK, dividends=OK
2026-07-05 01:23:48,240 [INFO] [TIME] 2778 パレモ・ホールディングス 処理時間: 1.04s
2026-07-05 01:23:50,057 [DEBUG] [TIME] 277A info: 0.25s
2026-07-05 01:23:50,057 [DEBUG] yfinance OK: 277A
2026-07-05 01:23:50,227 [DEBUG] [TIME] 277A income_stmt: 0.17s
2026-07-05 01:23:50,431 [DEBUG] [TIME] 277A balance_sheet: 0.20s
2026-07-05 01:23:50,642 [DEBUG] [TIME] 277A cashflow: 0.21s
2026-07-05 01:23:50,722 [DEBUG] [TIME] 277A dividends: 0.08s
2026-07-05 01:23:50,722 [INFO] [DETAIL] 277A グロービング: income_stmt=OK, balance_sheet=OK, cashflow=OK, dividends=OK
2026-07-05 01:23:50,723 [INFO] [TIME] 277A グロービング 処理時間: 0.92s
2026-07-05 01:23:52,505 [DEBUG] [TIME] 2780 info: 0.15s
2026-07-05 01:23:52,505 [DEBUG] yfinance OK: 2780
2026-07-05 01:23:52,705 [DEBUG] [TIME] 2780 income_stmt: 0.20s
2026-07-05 01:23:52,953 [DEBUG] [TIME] 2780 balance_sheet: 0.25s
2026-07-05 01:23:53,162 [DEBUG] [TIME] 2780 cashflow: 0.21s
2026-07-05 01:23:53,374 [DEBUG] [TIME] 2780 dividends: 0.21s
2026-07-05 01:23:53,375 [INFO] [DETAIL] 2780 コメ兵ホールディングス: income_stmt=OK, balance_sheet=OK, cashflow=OK, dividends=OK
2026-07-05 01:23:53,375 [INFO] [TIME] 2780 コメ兵ホールディングス 処理時間: 1.02s
2026-07-05 01:23:54,914 [DEBUG] [TIME] 2782 info: 0.14s
2026-07-05 01:23:54,914 [DEBUG] yfinance OK: 2782
2026-07-05 01:23:55,331 [DEBUG] [TIME] 2782 income_stmt: 0.42s
2026-07-05 01:23:55,603 [DEBUG] [TIME] 2782 balance_sheet: 0.27s
2026-07-05 01:23:55,796 [DEBUG] [TIME] 2782 cashflow: 0.19s
2026-07-05 01:23:56,070 [DEBUG] [TIME] 2782 dividends: 0.27s
2026-07-05 01:23:56,071 [INFO] [DETAIL] 2782 セリア: income_stmt=OK, balance_sheet=OK, cashflow=OK, dividends=OK
2026-07-05 01:23:56,071 [INFO] [TIME] 2782 セリア 処理時間: 1.30s
2026-07-05 01:23:57,354 [DEBUG] [TIME] 2784 info: 0.18s
2026-07-05 01:23:57,354 [DEBUG] yfinance OK: 2784
2026-07-05 01:23:57,557 [DEBUG] [TIME] 2784 income_stmt: 0.20s
2026-07-05 01:23:57,814 [DEBUG] [TIME] 2784 balance_sheet: 0.26s
2026-07-05 01:23:58,021 [DEBUG] [TIME] 2784 cashflow: 0.21s
2026-07-05 01:23:58,257 [DEBUG] [TIME] 2784 dividends: 0.24s
2026-07-05 01:23:58,258 [INFO] [DETAIL] 2784 アルフレッサ　ホールディングス: income_stmt=OK, balance_sheet=OK, cashflow=OK, dividends=OK
2026-07-05 01:23:58,258 [INFO] [TIME] 2784 アルフレッサ　ホールディングス 処理時間: 1.08s
2026-07-05 01:24:00,120 [DEBUG] [TIME] 2788 info: 0.15s
2026-07-05 01:24:00,120 [DEBUG] yfinance OK: 2788
2026-07-05 01:24:00,309 [DEBUG] [TIME] 2788 income_stmt: 0.19s
2026-07-05 01:24:00,515 [DEBUG] [TIME] 2788 balance_sheet: 0.21s
2026-07-05 01:24:00,690 [DEBUG] [TIME] 2788 cashflow: 0.17s
2026-07-05 01:24:00,929 [DEBUG] [TIME] 2788 dividends: 0.24s
2026-07-05 01:24:00,930 [INFO] [DETAIL] 2788 アップルインターナショナル: income_stmt=OK, balance_sheet=OK, cashflow=OK, dividends=OK
2026-07-05 01:24:00,930 [INFO] [TIME] 2788 アップルインターナショナル 処理時間: 0.96s
2026-07-05 01:24:02,951 [DEBUG] [TIME] 2789 info: 0.19s
2026-07-05 01:24:02,951 [DEBUG] yfinance OK: 2789
2026-07-05 01:24:03,132 [DEBUG] [TIME] 2789 income_stmt: 0.18s
2026-07-05 01:24:03,364 [DEBUG] [TIME] 2789 balance_sheet: 0.23s
2026-07-05 01:24:03,604 [DEBUG] [TIME] 2789 cashflow: 0.24s
2026-07-05 01:24:04,237 [DEBUG] [TIME] 2789 dividends: 0.63s
2026-07-05 01:24:04,238 [INFO] [DETAIL] 2789 カルラ: income_stmt=OK, balance_sheet=OK, cashflow=OK, dividends=OK
2026-07-05 01:24:04,238 [INFO] [TIME] 2789 カルラ 処理時間: 1.48s
2026-07-05 01:24:06,153 [DEBUG] [TIME] 278A info: 0.15s
2026-07-05 01:24:06,153 [DEBUG] yfinance OK: 278A
2026-07-05 01:24:06,307 [DEBUG] [TIME] 278A income_stmt: 0.15s
2026-07-05 01:24:06,488 [DEBUG] [TIME] 278A balance_sheet: 0.18s
2026-07-05 01:24:06,645 [DEBUG] [TIME] 278A cashflow: 0.16s
2026-07-05 01:24:06,718 [DEBUG] [TIME] 278A dividends: 0.07s
2026-07-05 01:24:06,718 [INFO] [DETAIL] 278A Ｔｅｒｒａ　Ｄｒｏｎｅ: income_stmt=OK, balance_sheet=OK, cashflow=OK, dividends=EMPTY
2026-07-05 01:24:06,718 [INFO] [TIME] 278A Ｔｅｒｒａ　Ｄｒｏｎｅ 処理時間: 0.71s
2026-07-05 01:24:07,950 [DEBUG] [TIME] 2790 info: 0.15s
2026-07-05 01:24:07,950 [DEBUG] yfinance OK: 2790
2026-07-05 01:24:08,133 [DEBUG] [TIME] 2790 income_stmt: 0.18s
2026-07-05 01:24:08,369 [DEBUG] [TIME] 2790 balance_sheet: 0.24s
2026-07-05 01:24:08,538 [DEBUG] [TIME] 2790 cashflow: 0.17s
2026-07-05 01:24:08,783 [DEBUG] [TIME] 2790 dividends: 0.24s
2026-07-05 01:24:08,784 [INFO] [DETAIL] 2790 ナフコ: income_stmt=OK, balance_sheet=OK, cashflow=OK, dividends=OK
2026-07-05 01:24:08,784 [INFO] [TIME] 2790 ナフコ 処理時間: 0.98s
2026-07-05 01:24:10,277 [DEBUG] [TIME] 2791 info: 0.14s
2026-07-05 01:24:10,278 [DEBUG] yfinance OK: 2791
2026-07-05 01:24:10,465 [DEBUG] [TIME] 2791 income_stmt: 0.19s
2026-07-05 01:24:10,699 [DEBUG] [TIME] 2791 balance_sheet: 0.23s
2026-07-05 01:24:10,938 [DEBUG] [TIME] 2791 cashflow: 0.24s
2026-07-05 01:24:11,146 [DEBUG] [TIME] 2791 dividends: 0.21s
2026-07-05 01:24:11,147 [INFO] [DETAIL] 2791 大黒天物産: income_stmt=OK, balance_sheet=OK, cashflow=OK, dividends=OK
2026-07-05 01:24:11,147 [INFO] [TIME] 2791 大黒天物産 処理時間: 1.01s
2026-07-05 01:24:13,119 [DEBUG] [TIME] 2792 info: 0.21s
2026-07-05 01:24:13,120 [DEBUG] yfinance OK: 2792
2026-07-05 01:24:13,275 [DEBUG] [TIME] 2792 income_stmt: 0.16s
2026-07-05 01:24:13,441 [DEBUG] [TIME] 2792 balance_sheet: 0.16s
2026-07-05 01:24:13,628 [DEBUG] [TIME] 2792 cashflow: 0.19s
2026-07-05 01:24:13,857 [DEBUG] [TIME] 2792 dividends: 0.23s
2026-07-05 01:24:13,858 [INFO] [DETAIL] 2792 ハニーズホールディングス: income_stmt=OK, balance_sheet=OK, cashflow=OK, dividends=OK
2026-07-05 01:24:13,858 [INFO] [TIME] 2792 ハニーズホールディングス 処理時間: 0.95s
2026-07-05 01:24:15,325 [DEBUG] [TIME] 2795 info: 0.14s
2026-07-05 01:24:15,325 [DEBUG] yfinance OK: 2795
2026-07-05 01:24:15,515 [DEBUG] [TIME] 2795 income_stmt: 0.19s
2026-07-05 01:24:15,757 [DEBUG] [TIME] 2795 balance_sheet: 0.24s
2026-07-05 01:24:15,943 [DEBUG] [TIME] 2795 cashflow: 0.18s
2026-07-05 01:24:16,170 [DEBUG] [TIME] 2795 dividends: 0.23s
2026-07-05 01:24:16,171 [INFO] [DETAIL] 2795 日本プリメックス: income_stmt=OK, balance_sheet=OK, cashflow=OK, dividends=OK
2026-07-05 01:24:16,171 [INFO] [TIME] 2795 日本プリメックス 処理時間: 0.98s
2026-07-05 01:24:17,497 [DEBUG] [TIME] 2796 info: 0.14s
2026-07-05 01:24:17,497 [DEBUG] yfinance OK: 2796
2026-07-05 01:24:17,700 [DEBUG] [TIME] 2796 income_stmt: 0.20s
2026-07-05 01:24:17,931 [DEBUG] [TIME] 2796 balance_sheet: 0.23s
2026-07-05 01:24:18,142 [DEBUG] [TIME] 2796 cashflow: 0.21s
2026-07-05 01:24:18,353 [DEBUG] [TIME] 2796 dividends: 0.21s
2026-07-05 01:24:18,354 [INFO] [DETAIL] 2796 ファーマライズホールディングス: income_stmt=OK, balance_sheet=OK, cashflow=OK, dividends=OK
2026-07-05 01:24:18,354 [INFO] [TIME] 2796 ファーマライズホールディングス 処理時間: 1.00s
2026-07-05 01:24:19,518 [DEBUG] [TIME] 2798 info: 0.15s
2026-07-05 01:24:19,518 [DEBUG] yfinance OK: 2798
2026-07-05 01:24:19,710 [DEBUG] [TIME] 2798 income_stmt: 0.19s
2026-07-05 01:24:19,953 [DEBUG] [TIME] 2798 balance_sheet: 0.24s
2026-07-05 01:24:20,138 [DEBUG] [TIME] 2798 cashflow: 0.18s
2026-07-05 01:24:20,290 [DEBUG] [TIME] 2798 dividends: 0.15s
2026-07-05 01:24:20,290 [INFO] [DETAIL] 2798 ワイズテーブルコーポレーション: income_stmt=OK, balance_sheet=OK, cashflow=OK, dividends=EMPTY
2026-07-05 01:24:20,290 [INFO] [TIME] 2798 ワイズテーブルコーポレーション 処理時間: 0.92s
2026-07-05 01:24:21,509 [DEBUG] [TIME] 2801 info: 0.15s
2026-07-05 01:24:21,509 [DEBUG] yfinance OK: 2801
2026-07-05 01:24:21,706 [DEBUG] [TIME] 2801 income_stmt: 0.20s
2026-07-05 01:24:21,916 [DEBUG] [TIME] 2801 balance_sheet: 0.21s
2026-07-05 01:24:22,126 [DEBUG] [TIME] 2801 cashflow: 0.21s
2026-07-05 01:24:22,446 [DEBUG] [TIME] 2801 dividends: 0.32s
2026-07-05 01:24:22,447 [INFO] [DETAIL] 2801 キッコーマン: income_stmt=OK, balance_sheet=OK, cashflow=OK, dividends=OK
2026-07-05 01:24:22,447 [INFO] [TIME] 2801 キッコーマン 処理時間: 1.09s
2026-07-05 01:24:24,323 [DEBUG] [TIME] 2802 info: 0.15s
2026-07-05 01:24:24,324 [DEBUG] yfinance OK: 2802
2026-07-05 01:24:24,536 [DEBUG] [TIME] 2802 income_stmt: 0.21s
2026-07-05 01:24:24,825 [DEBUG] [TIME] 2802 balance_sheet: 0.29s
2026-07-05 01:24:25,021 [DEBUG] [TIME] 2802 cashflow: 0.19s
2026-07-05 01:24:25,321 [DEBUG] [TIME] 2802 dividends: 0.30s
2026-07-05 01:24:25,322 [INFO] [DETAIL] 2802 味の素: income_stmt=OK, balance_sheet=OK, cashflow=OK, dividends=OK
2026-07-05 01:24:25,322 [INFO] [TIME] 2802 味の素 処理時間: 1.15s
2026-07-05 01:24:26,725 [DEBUG] [TIME] 2804 info: 0.14s
2026-07-05 01:24:26,725 [DEBUG] yfinance OK: 2804
2026-07-05 01:24:26,924 [DEBUG] [TIME] 2804 income_stmt: 0.20s
2026-07-05 01:24:27,185 [DEBUG] [TIME] 2804 balance_sheet: 0.26s
2026-07-05 01:24:27,367 [DEBUG] [TIME] 2804 cashflow: 0.18s
2026-07-05 01:24:27,614 [DEBUG] [TIME] 2804 dividends: 0.25s
2026-07-05 01:24:27,615 [INFO] [DETAIL] 2804 ブルドックソース: income_stmt=OK, balance_sheet=OK, cashflow=OK, dividends=OK
2026-07-05 01:24:27,615 [INFO] [TIME] 2804 ブルドックソース 処理時間: 1.03s
2026-07-05 01:24:28,978 [DEBUG] [TIME] 2805 info: 0.15s
2026-07-05 01:24:28,978 [DEBUG] yfinance OK: 2805
2026-07-05 01:24:29,150 [DEBUG] [TIME] 2805 income_stmt: 0.17s
2026-07-05 01:24:29,407 [DEBUG] [TIME] 2805 balance_sheet: 0.26s
2026-07-05 01:24:29,621 [DEBUG] [TIME] 2805 cashflow: 0.21s
2026-07-05 01:24:29,894 [DEBUG] [TIME] 2805 dividends: 0.27s
2026-07-05 01:24:29,895 [INFO] [DETAIL] 2805 ヱスビー食品: income_stmt=OK, balance_sheet=OK, cashflow=OK, dividends=OK
2026-07-05 01:24:29,895 [INFO] [TIME] 2805 ヱスビー食品 処理時間: 1.06s
2026-07-05 01:24:31,859 [DEBUG] [TIME] 2806 info: 0.14s
2026-07-05 01:24:31,859 [DEBUG] yfinance OK: 2806
2026-07-05 01:24:32,031 [DEBUG] [TIME] 2806 income_stmt: 0.17s
2026-07-05 01:24:32,239 [DEBUG] [TIME] 2806 balance_sheet: 0.21s
2026-07-05 01:24:32,427 [DEBUG] [TIME] 2806 cashflow: 0.19s
2026-07-05 01:24:32,698 [DEBUG] [TIME] 2806 dividends: 0.27s
2026-07-05 01:24:32,699 [INFO] [DETAIL] 2806 ユタカフーズ: income_stmt=OK, balance_sheet=OK, cashflow=OK, dividends=OK
2026-07-05 01:24:32,699 [INFO] [TIME] 2806 ユタカフーズ 処理時間: 0.98s
2026-07-05 01:24:34,307 [DEBUG] [TIME] 2809 info: 0.15s
2026-07-05 01:24:34,307 [DEBUG] yfinance OK: 2809
2026-07-05 01:24:34,473 [DEBUG] [TIME] 2809 income_stmt: 0.17s
2026-07-05 01:24:34,731 [DEBUG] [TIME] 2809 balance_sheet: 0.26s
2026-07-05 01:24:34,948 [DEBUG] [TIME] 2809 cashflow: 0.22s
2026-07-05 01:24:35,261 [DEBUG] [TIME] 2809 dividends: 0.31s
2026-07-05 01:24:35,262 [INFO] [DETAIL] 2809 キユーピー: income_stmt=OK, balance_sheet=OK, cashflow=OK, dividends=OK
2026-07-05 01:24:35,262 [INFO] [TIME] 2809 キユーピー 処理時間: 1.10s
2026-07-05 01:24:36,785 [DEBUG] [TIME] 280A info: 0.16s
2026-07-05 01:24:36,785 [DEBUG] yfinance OK: 280A
2026-07-05 01:24:36,954 [DEBUG] [TIME] 280A income_stmt: 0.17s
2026-07-05 01:24:37,193 [DEBUG] [TIME] 280A balance_sheet: 0.24s
2026-07-05 01:24:37,369 [DEBUG] [TIME] 280A cashflow: 0.18s
2026-07-05 01:24:37,447 [DEBUG] [TIME] 280A dividends: 0.08s
2026-07-05 01:24:37,447 [INFO] [DETAIL] 280A ＴＭＨ: income_stmt=OK, balance_sheet=OK, cashflow=OK, dividends=EMPTY
2026-07-05 01:24:37,447 [INFO] [TIME] 280A ＴＭＨ 処理時間: 0.82s
2026-07-05 01:24:39,154 [DEBUG] [TIME] 2810 info: 0.14s
2026-07-05 01:24:39,154 [DEBUG] yfinance OK: 2810
2026-07-05 01:24:39,323 [DEBUG] [TIME] 2810 income_stmt: 0.17s
2026-07-05 01:24:39,542 [DEBUG] [TIME] 2810 balance_sheet: 0.22s
2026-07-05 01:24:39,751 [DEBUG] [TIME] 2810 cashflow: 0.21s
2026-07-05 01:24:40,039 [DEBUG] [TIME] 2810 dividends: 0.29s
2026-07-05 01:24:40,040 [INFO] [DETAIL] 2810 ハウス食品グループ本社: income_stmt=OK, balance_sheet=OK, cashflow=OK, dividends=OK
2026-07-05 01:24:40,040 [INFO] [TIME] 2810 ハウス食品グループ本社 処理時間: 1.03s
2026-07-05 01:24:41,804 [DEBUG] [TIME] 2811 info: 0.14s
2026-07-05 01:24:41,804 [DEBUG] yfinance OK: 2811
2026-07-05 01:24:41,977 [DEBUG] [TIME] 2811 income_stmt: 0.17s
2026-07-05 01:24:42,178 [DEBUG] [TIME] 2811 balance_sheet: 0.20s
2026-07-05 01:24:42,402 [DEBUG] [TIME] 2811 cashflow: 0.22s
2026-07-05 01:24:42,689 [DEBUG] [TIME] 2811 dividends: 0.29s
2026-07-05 01:24:42,690 [INFO] [DETAIL] 2811 カゴメ: income_stmt=OK, balance_sheet=OK, cashflow=OK, dividends=OK
2026-07-05 01:24:42,690 [INFO] [TIME] 2811 カゴメ 処理時間: 1.03s
2026-07-05 01:24:44,486 [DEBUG] [TIME] 2813 info: 0.17s
2026-07-05 01:24:44,486 [DEBUG] yfinance OK: 2813
2026-07-05 01:24:44,689 [DEBUG] [TIME] 2813 income_stmt: 0.20s
2026-07-05 01:24:44,941 [DEBUG] [TIME] 2813 balance_sheet: 0.25s
2026-07-05 01:24:45,163 [DEBUG] [TIME] 2813 cashflow: 0.22s
2026-07-05 01:24:45,504 [DEBUG] [TIME] 2813 dividends: 0.34s
2026-07-05 01:24:45,505 [INFO] [DETAIL] 2813 和弘食品: income_stmt=OK, balance_sheet=OK, cashflow=OK, dividends=OK
2026-07-05 01:24:45,505 [INFO] [TIME] 2813 和弘食品 処理時間: 1.19s
2026-07-05 01:24:47,267 [DEBUG] [TIME] 2814 info: 0.14s
2026-07-05 01:24:47,267 [DEBUG] yfinance OK: 2814
2026-07-05 01:24:47,473 [DEBUG] [TIME] 2814 income_stmt: 0.21s
2026-07-05 01:24:47,722 [DEBUG] [TIME] 2814 balance_sheet: 0.25s
2026-07-05 01:24:47,906 [DEBUG] [TIME] 2814 cashflow: 0.18s
2026-07-05 01:24:48,190 [DEBUG] [TIME] 2814 dividends: 0.28s
2026-07-05 01:24:48,191 [INFO] [DETAIL] 2814 佐藤食品工業: income_stmt=OK, balance_sheet=OK, cashflow=OK, dividends=OK
2026-07-05 01:24:48,192 [INFO] [TIME] 2814 佐藤食品工業 処理時間: 1.07s
2026-07-05 01:24:49,460 [DEBUG] [TIME] 2815 info: 0.15s
2026-07-05 01:24:49,460 [DEBUG] yfinance OK: 2815
2026-07-05 01:24:49,642 [DEBUG] [TIME] 2815 income_stmt: 0.18s
2026-07-05 01:24:49,889 [DEBUG] [TIME] 2815 balance_sheet: 0.25s
2026-07-05 01:24:50,124 [DEBUG] [TIME] 2815 cashflow: 0.23s
2026-07-05 01:24:50,390 [DEBUG] [TIME] 2815 dividends: 0.27s
2026-07-05 01:24:50,391 [INFO] [DETAIL] 2815 アリアケジャパン: income_stmt=OK, balance_sheet=OK, cashflow=OK, dividends=OK
2026-07-05 01:24:50,392 [INFO] [TIME] 2815 アリアケジャパン 処理時間: 1.08s
2026-07-05 01:24:52,320 [DEBUG] [TIME] 2816 info: 0.15s
2026-07-05 01:24:52,320 [DEBUG] yfinance OK: 2816
2026-07-05 01:24:52,534 [DEBUG] [TIME] 2816 income_stmt: 0.21s
2026-07-05 01:24:52,799 [DEBUG] [TIME] 2816 balance_sheet: 0.26s
2026-07-05 01:24:53,003 [DEBUG] [TIME] 2816 cashflow: 0.20s
2026-07-05 01:24:53,272 [DEBUG] [TIME] 2816 dividends: 0.27s
2026-07-05 01:24:53,273 [INFO] [DETAIL] 2816 ダイショー: income_stmt=OK, balance_sheet=OK, cashflow=OK, dividends=OK
2026-07-05 01:24:53,273 [INFO] [TIME] 2816 ダイショー 処理時間: 1.11s
2026-07-05 01:24:54,802 [DEBUG] [TIME] 2818 info: 0.16s
2026-07-05 01:24:54,802 [DEBUG] yfinance OK: 2818
2026-07-05 01:24:54,996 [DEBUG] [TIME] 2818 income_stmt: 0.19s
2026-07-05 01:24:55,236 [DEBUG] [TIME] 2818 balance_sheet: 0.24s
2026-07-05 01:24:55,461 [DEBUG] [TIME] 2818 cashflow: 0.22s
2026-07-05 01:24:55,688 [DEBUG] [TIME] 2818 dividends: 0.23s
2026-07-05 01:24:55,689 [INFO] [DETAIL] 2818 ピエトロ: income_stmt=OK, balance_sheet=OK, cashflow=OK, dividends=OK
2026-07-05 01:24:55,689 [INFO] [TIME] 2818 ピエトロ 処理時間: 1.04s
2026-07-05 01:24:56,897 [DEBUG] [TIME] 2819 info: 0.14s
2026-07-05 01:24:56,897 [DEBUG] yfinance OK: 2819
2026-07-05 01:24:57,057 [DEBUG] [TIME] 2819 income_stmt: 0.16s
2026-07-05 01:24:57,293 [DEBUG] [TIME] 2819 balance_sheet: 0.24s
2026-07-05 01:24:57,491 [DEBUG] [TIME] 2819 cashflow: 0.20s
2026-07-05 01:24:57,771 [DEBUG] [TIME] 2819 dividends: 0.28s
2026-07-05 01:24:57,772 [INFO] [DETAIL] 2819 エバラ食品工業: income_stmt=OK, balance_sheet=OK, cashflow=OK, dividends=OK
2026-07-05 01:24:57,772 [INFO] [TIME] 2819 エバラ食品工業 処理時間: 1.02s
2026-07-05 01:24:59,190 [DEBUG] [TIME] 281A info: 0.17s
2026-07-05 01:24:59,190 [DEBUG] yfinance OK: 281A
2026-07-05 01:24:59,399 [DEBUG] [TIME] 281A income_stmt: 0.21s
2026-07-05 01:24:59,627 [DEBUG] [TIME] 281A balance_sheet: 0.23s
2026-07-05 01:24:59,843 [DEBUG] [TIME] 281A cashflow: 0.21s
2026-07-05 01:24:59,912 [DEBUG] [TIME] 281A dividends: 0.07s
2026-07-05 01:24:59,913 [INFO] [DETAIL] 281A インフォメティス: income_stmt=OK, balance_sheet=OK, cashflow=OK, dividends=EMPTY
2026-07-05 01:24:59,913 [INFO] [TIME] 281A インフォメティス 処理時間: 0.89s
2026-07-05 01:25:01,378 [DEBUG] [TIME] 2820 info: 0.14s
2026-07-05 01:25:01,378 [DEBUG] yfinance OK: 2820
2026-07-05 01:25:01,565 [DEBUG] [TIME] 2820 income_stmt: 0.19s
2026-07-05 01:25:01,770 [DEBUG] [TIME] 2820 balance_sheet: 0.20s
2026-07-05 01:25:01,969 [DEBUG] [TIME] 2820 cashflow: 0.20s
2026-07-05 01:25:02,138 [DEBUG] [TIME] 2820 dividends: 0.17s
2026-07-05 01:25:02,139 [INFO] [DETAIL] 2820 やまみ: income_stmt=OK, balance_sheet=OK, cashflow=OK, dividends=OK
2026-07-05 01:25:02,139 [INFO] [TIME] 2820 やまみ 処理時間: 0.91s
2026-07-05 01:25:04,313 [DEBUG] [TIME] 2831 info: 0.18s
2026-07-05 01:25:04,313 [DEBUG] yfinance OK: 2831
2026-07-05 01:25:04,477 [DEBUG] [TIME] 2831 income_stmt: 0.16s
2026-07-05 01:25:04,686 [DEBUG] [TIME] 2831 balance_sheet: 0.21s
2026-07-05 01:25:04,913 [DEBUG] [TIME] 2831 cashflow: 0.23s
2026-07-05 01:25:05,188 [DEBUG] [TIME] 2831 dividends: 0.27s
2026-07-05 01:25:05,189 [INFO] [DETAIL] 2831 はごろもフーズ: income_stmt=OK, balance_sheet=OK, cashflow=OK, dividends=OK
2026-07-05 01:25:05,189 [INFO] [TIME] 2831 はごろもフーズ 処理時間: 1.05s
2026-07-05 01:25:06,491 [DEBUG] [TIME] 285A info: 0.14s
2026-07-05 01:25:06,491 [DEBUG] yfinance OK: 285A
2026-07-05 01:25:06,656 [DEBUG] [TIME] 285A income_stmt: 0.17s
2026-07-05 01:25:06,931 [DEBUG] [TIME] 285A balance_sheet: 0.27s
2026-07-05 01:25:07,142 [DEBUG] [TIME] 285A cashflow: 0.21s
2026-07-05 01:25:07,216 [DEBUG] [TIME] 285A dividends: 0.07s
2026-07-05 01:25:07,216 [INFO] [DETAIL] 285A キオクシアホールディングス: income_stmt=OK, balance_sheet=OK, cashflow=OK, dividends=EMPTY
2026-07-05 01:25:07,216 [INFO] [TIME] 285A キオクシアホールディングス 処理時間: 0.87s
2026-07-05 01:25:09,187 [DEBUG] [TIME] 286A info: 0.18s
2026-07-05 01:25:09,187 [DEBUG] yfinance OK: 286A
2026-07-05 01:25:09,356 [DEBUG] [TIME] 286A income_stmt: 0.17s
2026-07-05 01:25:09,605 [DEBUG] [TIME] 286A balance_sheet: 0.25s
2026-07-05 01:25:09,801 [DEBUG] [TIME] 286A cashflow: 0.20s
2026-07-05 01:25:09,895 [DEBUG] [TIME] 286A dividends: 0.09s
2026-07-05 01:25:09,895 [INFO] [DETAIL] 286A ユカリア: income_stmt=OK, balance_sheet=OK, cashflow=OK, dividends=EMPTY
2026-07-05 01:25:09,895 [INFO] [TIME] 286A ユカリア 処理時間: 0.89s
2026-07-05 01:25:11,895 [DEBUG] [TIME] 2871 info: 0.17s
2026-07-05 01:25:11,895 [DEBUG] yfinance OK: 2871
2026-07-05 01:25:12,109 [DEBUG] [TIME] 2871 income_stmt: 0.21s
2026-07-05 01:25:12,310 [DEBUG] [TIME] 2871 balance_sheet: 0.20s
2026-07-05 01:25:12,496 [DEBUG] [TIME] 2871 cashflow: 0.19s
2026-07-05 01:25:12,773 [DEBUG] [TIME] 2871 dividends: 0.28s
2026-07-05 01:25:12,774 [INFO] [DETAIL] 2871 ニチレイ: income_stmt=OK, balance_sheet=OK, cashflow=OK, dividends=OK
2026-07-05 01:25:12,774 [INFO] [TIME] 2871 ニチレイ 処理時間: 1.05s
2026-07-05 01:25:14,432 [DEBUG] [TIME] 2872 info: 0.17s
2026-07-05 01:25:14,432 [DEBUG] yfinance OK: 2872
2026-07-05 01:25:14,606 [DEBUG] [TIME] 2872 income_stmt: 0.17s
2026-07-05 01:25:14,817 [DEBUG] [TIME] 2872 balance_sheet: 0.21s
2026-07-05 01:25:14,993 [DEBUG] [TIME] 2872 cashflow: 0.18s
2026-07-05 01:25:15,383 [DEBUG] [TIME] 2872 dividends: 0.39s
2026-07-05 01:25:15,384 [INFO] [DETAIL] 2872 セイヒョー: income_stmt=OK, balance_sheet=OK, cashflow=OK, dividends=OK
2026-07-05 01:25:15,384 [INFO] [TIME] 2872 セイヒョー 処理時間: 1.12s
2026-07-05 01:25:17,083 [DEBUG] [TIME] 2874 info: 0.14s
2026-07-05 01:25:17,083 [DEBUG] yfinance OK: 2874
2026-07-05 01:25:17,254 [DEBUG] [TIME] 2874 income_stmt: 0.17s
2026-07-05 01:25:17,492 [DEBUG] [TIME] 2874 balance_sheet: 0.24s
2026-07-05 01:25:17,678 [DEBUG] [TIME] 2874 cashflow: 0.18s
2026-07-05 01:25:17,961 [DEBUG] [TIME] 2874 dividends: 0.28s
2026-07-05 01:25:17,962 [INFO] [DETAIL] 2874 横浜冷凍: income_stmt=OK, balance_sheet=OK, cashflow=OK, dividends=OK
2026-07-05 01:25:17,962 [INFO] [TIME] 2874 横浜冷凍 処理時間: 1.02s
2026-07-05 01:25:19,488 [DEBUG] [TIME] 2875 info: 0.28s
2026-07-05 01:25:19,488 [DEBUG] yfinance OK: 2875
2026-07-05 01:25:19,672 [DEBUG] [TIME] 2875 income_stmt: 0.18s
2026-07-05 01:25:19,895 [DEBUG] [TIME] 2875 balance_sheet: 0.22s
2026-07-05 01:25:20,111 [DEBUG] [TIME] 2875 cashflow: 0.22s
2026-07-05 01:25:20,393 [DEBUG] [TIME] 2875 dividends: 0.28s
2026-07-05 01:25:20,394 [INFO] [DETAIL] 2875 東洋水産: income_stmt=OK, balance_sheet=OK, cashflow=OK, dividends=OK
2026-07-05 01:25:20,394 [INFO] [TIME] 2875 東洋水産 処理時間: 1.19s
2026-07-05 01:25:21,593 [DEBUG] [TIME] 2876 info: 0.17s
2026-07-05 01:25:21,593 [DEBUG] yfinance OK: 2876
2026-07-05 01:25:21,780 [DEBUG] [TIME] 2876 income_stmt: 0.19s
2026-07-05 01:25:22,011 [DEBUG] [TIME] 2876 balance_sheet: 0.23s
2026-07-05 01:25:22,222 [DEBUG] [TIME] 2876 cashflow: 0.21s
2026-07-05 01:25:22,485 [DEBUG] [TIME] 2876 dividends: 0.26s
2026-07-05 01:25:22,485 [INFO] [DETAIL] 2876 デルソーレ: income_stmt=OK, balance_sheet=OK, cashflow=OK, dividends=OK
2026-07-05 01:25:22,486 [INFO] [TIME] 2876 デルソーレ 処理時間: 1.06s
2026-07-05 01:25:23,986 [DEBUG] [TIME] 2877 info: 0.14s
2026-07-05 01:25:23,986 [DEBUG] yfinance OK: 2877
2026-07-05 01:25:24,176 [DEBUG] [TIME] 2877 income_stmt: 0.19s
2026-07-05 01:25:24,387 [DEBUG] [TIME] 2877 balance_sheet: 0.21s
2026-07-05 01:25:24,612 [DEBUG] [TIME] 2877 cashflow: 0.22s
2026-07-05 01:25:24,899 [DEBUG] [TIME] 2877 dividends: 0.29s
2026-07-05 01:25:24,900 [INFO] [DETAIL] 2877 日東ベスト: income_stmt=OK, balance_sheet=OK, cashflow=OK, dividends=OK
2026-07-05 01:25:24,900 [INFO] [TIME] 2877 日東ベスト 処理時間: 1.05s
2026-07-05 01:25:26,842 [DEBUG] [TIME] 287A info: 0.14s
2026-07-05 01:25:26,842 [DEBUG] yfinance OK: 287A
2026-07-05 01:25:26,998 [DEBUG] [TIME] 287A income_stmt: 0.16s
2026-07-05 01:25:27,214 [DEBUG] [TIME] 287A balance_sheet: 0.22s
2026-07-05 01:25:27,401 [DEBUG] [TIME] 287A cashflow: 0.19s
2026-07-05 01:25:27,531 [DEBUG] [TIME] 287A dividends: 0.13s
2026-07-05 01:25:27,532 [INFO] [DETAIL] 287A 黒田グループ: income_stmt=OK, balance_sheet=OK, cashflow=OK, dividends=OK
2026-07-05 01:25:27,532 [INFO] [TIME] 287A 黒田グループ 処理時間: 0.84s
2026-07-05 01:25:29,144 [DEBUG] [TIME] 2882 info: 0.14s
2026-07-05 01:25:29,144 [DEBUG] yfinance OK: 2882
2026-07-05 01:25:29,352 [DEBUG] [TIME] 2882 income_stmt: 0.21s
2026-07-05 01:25:29,604 [DEBUG] [TIME] 2882 balance_sheet: 0.25s
2026-07-05 01:25:29,839 [DEBUG] [TIME] 2882 cashflow: 0.23s
2026-07-05 01:25:30,044 [DEBUG] [TIME] 2882 dividends: 0.20s
2026-07-05 01:25:30,044 [INFO] [DETAIL] 2882 イートアンドホールディングス: income_stmt=OK, balance_sheet=OK, cashflow=OK, dividends=OK
2026-07-05 01:25:30,045 [INFO] [TIME] 2882 イートアンドホールディングス 処理時間: 1.04s
2026-07-05 01:25:31,652 [DEBUG] [TIME] 2883 info: 0.14s
2026-07-05 01:25:31,652 [DEBUG] yfinance OK: 2883
2026-07-05 01:25:31,879 [DEBUG] [TIME] 2883 income_stmt: 0.23s
2026-07-05 01:25:32,140 [DEBUG] [TIME] 2883 balance_sheet: 0.26s
2026-07-05 01:25:32,328 [DEBUG] [TIME] 2883 cashflow: 0.19s
2026-07-05 01:25:32,476 [DEBUG] [TIME] 2883 dividends: 0.15s
2026-07-05 01:25:32,477 [INFO] [DETAIL] 2883 大冷: income_stmt=OK, balance_sheet=OK, cashflow=OK, dividends=OK
2026-07-05 01:25:32,477 [INFO] [TIME] 2883 大冷 処理時間: 0.97s
2026-07-05 01:25:33,974 [INFO] === 実行完了 (yf=496, warns=84, 総実行時間=21分31.7秒) ===
