コード	銘柄名	市場・商品区分	33業種コード	33業種区分	17業種コード	17業種区分	規模コード	規模区分	株価	配当利回り(%)	1株配当(円)	配当利回り_raw	1株配当_raw	配当利回り_自前計算	配当状態	配当フォールバック使用	PER	PBR	時価総額(億円)	52週高値	52週安値	セクター	注意フラグ	要確認理由	配当ランキング利用可否	記事掲載区分	yfinance状態	売上高_直近期(百万円)	営業利益率(%)	売上成長率_YoY(%)	自己資本比率(%)	DEレシオ	FCF(百万円)	EPS(円)	配当性向(%)	ROE(%)	連続増配(年)
1301	極洋	プライム（内国株式）	50	水産・農林業	1	食品	6	TOPIX Small 1	4310.0	3.71	160.0	3.66	160.0	3.71	配当あり	いいえ	7.48	0.66	511.9	5450.0	4165.0	Consumer Defensive			OK	通常掲載可	OK	334612.0	3.21	10.55	36.12	1.19	-745.0	575.97	27.78	8.88	1
130A	Ｖｅｒｉｔａｓ　Ｉｎ　Ｓｉｌｉｃｏ	グロース（内国株式）	3250	医薬品	5	医薬品	-	-	429.0						配当未取得			1.56	27.8	940.0	390.0	Healthcare	配当未取得	1株配当が取得できていない	除外推奨	掲載非推奨	OK_配当データ要確認	91.1	-435.32	-53.18	94.64		-330.5	-65.64		-21.32	
1332	ニッスイ	プライム（内国株式）	50	水産・農林業	1	食品	4	TOPIX Mid400	1245.0	2.57	32.0	2.49	32.0	2.57	配当あり	いいえ	13.81	1.26	3775.7	1570.0	859.0	Consumer Defensive			OK	通常掲載可	OK	931265.0	4.34	5.09	40.04	0.9	8889.0	90.14	35.5	9.92	6
1333	Ｕｍｉｏｓ	プライム（内国株式）	50	水産・農林業	1	食品	4	TOPIX Mid400	1283.5	3.58	46.0	3.52	46.0	3.58	配当あり	いいえ	8.75	0.78	1940.4	1589.0	1005.0	Consumer Defensive			OK	通常掲載可	OK	1105890.0	2.82	2.53	32.89	1.24	-1743.0	146.76	31.34	9.96	4
135A	ＶＲＡＩＮ　Ｓｏｌｕｔｉｏｎ	グロース（内国株式）	5250	情報・通信業	10	情報通信・サービスその他	-	-	4460.0						配当未取得		70.42	30.9	457.4	4790.0	1910.0	Technology	配当未取得	1株配当が取得できていない	除外推奨	掲載非推奨	OK_配当データ要確認	3278.0	27.91	52.89	64.82	0.19	-475.0	63.33		43.88	
1375	ユキグニファクトリー	プライム（内国株式）	50	水産・農林業	1	食品	7	TOPIX Small 2	1132.0	1.77	20.0	1.77	20.0	1.77	配当あり	いいえ	15.26	3.06	451.5	1149.0	1000.0	Consumer Defensive			OK	通常掲載可	OK	53449.0	8.08	0.58	39.19	1.07	3296.0	74.16	26.97	21.65	2
1376	カネコ種苗	スタンダード（内国株式）	50	水産・農林業	1	食品	7	TOPIX Small 2	1446.0	3.32	48.0	3.28	48.0	3.32	配当あり	いいえ	12.44	0.62	158.6	1859.0	1355.0	Basic Materials			OK	通常掲載可	OK	64508.7	2.34	4.72	50.72		-1138.4	116.23	41.3	5.16	4
1377	サカタのタネ	プライム（内国株式）	50	水産・農林業	1	食品	6	TOPIX Small 1	4140.0	1.93	80.0	1.91	80.0	1.93	配当あり	いいえ	15.48	1.01	1749.6	4630.0	3310.0	Consumer Defensive			OK	通常掲載可	OK	92920.0	13.19	4.78	84.46	0.02	-2606.0	267.52	29.9	6.31	5
1379	ホクト	プライム（内国株式）	50	水産・農林業	1	食品	7	TOPIX Small 2	1830.0	3.39	62.0	3.39	62.0	3.39	配当あり	いいえ	9.54	0.88	573.6	2123.0	1779.0	Consumer Defensive			OK	通常掲載可	OK	85915.0	8.18	3.38	57.09	0.47	5901.0	191.76	32.33	11.51	0
137A	Ｃｏｃｏｌｉｖｅ	グロース（内国株式）	5250	情報・通信業	10	情報通信・サービスその他	-	-	788.0						配当未取得		12.8	6.44	23.7	1585.0	549.0	Technology	配当未取得	1株配当が取得できていない	除外推奨	掲載非推奨	OK_配当データ要確認	1301.8	21.48	26.66	84.09	0.0	221.4	61.56		50.31	
1380	秋川牧園	スタンダード（内国株式）	50	水産・農林業	1	食品	-	-	1001.0	1.0	10.0	1.0	10.0	1.0	配当あり	いいえ	192.5	1.92	41.7	1245.0	979.0	Consumer Defensive			OK	通常掲載可	OK	8283.4	1.73	4.1	31.22	1.44	252.7	5.2	192.31	0.96	0
1381	アクシーズ	スタンダード（内国株式）	50	水産・農林業	1	食品	-	-	3540.0	3.18	112.5	3.21	112.5	3.18	配当あり	いいえ	8.89	0.85	198.8	4600.0	2854.0	Consumer Defensive			OK	通常掲載可	OK	26426.0	8.03	2.28	86.14	0.0	870.0	398.3	28.25	12.04	4
1382	ホーブ	スタンダード（内国株式）	50	水産・農林業	1	食品	-	-	1125.0	4.44	50.0	3.62	50.0	4.44	配当あり	いいえ		1.18	8.6	3645.0	1117.0	Consumer Defensive			OK	通常掲載可	OK	2519.0	1.3	1.19	68.48	0.01	-187.4	-9.39		-1.47	0
1383	ベルグアース	スタンダード（内国株式）	50	水産・農林業	1	食品	-	-	2867.0	0.35	10.0	0.35	10.0	0.35	配当あり	いいえ	43.54	2.19	45.9	3365.0	2803.0	Consumer Defensive			OK	通常掲載可	OK	7303.5	-0.45	2.94	34.92	1.14	-239.4	65.84	15.19	4.86	0
1384	ホクリヨウ	スタンダード（内国株式）	50	水産・農林業	1	食品	-	-	2014.0	3.97	80.0	3.91	80.0	3.97	配当あり	いいえ	4.41	1.72	170.4	3385.0	1560.0	Consumer Defensive			OK	通常掲載可	OK	23107.0	21.51	19.13	74.86	0.07	4079.0	456.7	17.52	11.24	4
138A	光フードサービス	グロース（内国株式）	6100	小売業	14	小売	-	-	2973.0	1.61	48.0	1.62	48.0	1.61	配当あり	いいえ	28.77	2.25	29.5	3540.0	2000.0	Consumer Cyclical			OK	通常掲載可	OK	2861.8	7.89	11.49	49.39	0.63	40.7	103.34	46.45	8.01	0
1401	エムビーエス	グロース（内国株式）	2050	建設業	3	建設・資材	-	-	1306.0	1.15	15.0	1.15	15.0	1.15	配当あり	いいえ	17.88	2.43	90.5	1977.0	1141.0	Industrials			OK	通常掲載可	OK	4713.0	13.28	8.18	75.78	0.0	467.1	73.06	20.53	14.21	4
1407	ウエストホールディングス	スタンダード（内国株式）	2050	建設業	3	建設・資材	-	-	2406.0	2.91	70.0	2.94	70.0	2.91	配当あり	いいえ	18.46	2.78	954.2	3270.0	1294.0	Utilities			OK	通常掲載可	OK	47250.0	18.3	-6.23	24.38	2.6	182.0	130.35	53.7	16.05	0
1414	ショーボンドホールディングス	プライム（内国株式）	2050	建設業	3	建設・資材	4	TOPIX Mid400	1238.0	3.68	45.5	3.64	45.5	3.68	配当あり	いいえ	17.18	2.4	2487.9	1537.0	1152.25	Industrials			OK	通常掲載可	OK	90712.0	22.92	6.2	81.38		8616.0	72.07	63.13	14.64	17
1417	ミライト・ワン	プライム（内国株式）	2050	建設業	3	建設・資材	4	TOPIX Mid400	3822.0	2.62	100.0	2.59	100.0	2.62	配当あり	いいえ	14.61	1.21	3375.0	4351.0	2485.5	Industrials			OK	通常掲載可	OK	602377.0	5.69	4.11	48.73	0.48	13019.0	261.69	38.21	8.61	2
1418	インターライフホールディングス	スタンダード（内国株式）	2050	建設業	3	建設・資材	-	-	525.0	5.71	30.0	5.69	30.0	5.71	配当あり	いいえ	9.79	1.71	80.1	729.0	375.0	Industrials			OK	通常掲載可	OK	16336.3	7.14	-3.57	50.45	0.31	2188.3	53.6	55.97	18.63	3
1419	タマホーム	プライム（内国株式）	2050	建設業	3	建設・資材	6	TOPIX Small 1	2903.0	4.31	125.0	4.13	125.0	4.31	配当あり	いいえ	34.71	3.26	841.5	4125.0	2701.0	Consumer Cyclical			OK	通常掲載可	OK	200817.0	2.05	-18.94	37.1	0.56	512.0	83.63	149.47	10.21	4
141A	トライアルホールディングス	グロース（内国株式）	6100	小売業	14	小売	-	-	2889.0	0.55	16.0	0.53	16.0	0.55	配当あり	いいえ	36.71	2.71	3543.1	4840.0	1996.0	Consumer Defensive			OK	通常掲載可	OK	803829.0	2.63	11.96	42.0	0.31	-39951.0	78.69	20.33	7.55	1
1420	サンヨーホームズ	スタンダード（内国株式）	2050	建設業	3	建設・資材	-	-	635.0	3.94	25.0	3.94	25.0	3.94	配当あり	いいえ	5.18	0.45	78.8	741.0	602.0	Consumer Cyclical			OK	通常掲載可	OK	50502.6	4.32	10.95	35.59	1.15	-1618.8	122.62	20.39	8.67	0
1429	日本アクア	プライム（内国株式）	2050	建設業	3	建設・資材	-	-	732.0	4.78	35.0	4.71	35.0	4.78	配当あり	いいえ	12.31	2.17	235.6	955.0	678.0	Industrials			OK	通常掲載可	OK	33670.8	8.24	11.25	45.07	0.41	1006.7	59.44	58.88	18.18	5
142A	ジンジブ	グロース（内国株式）	9050	サービス業	10	情報通信・サービスその他	-	-	729.0						配当未取得		11.6	3.68	21.2	1083.0	513.0	Industrials	配当未取得	1株配当が取得できていない	除外推奨	掲載非推奨	OK_配当データ要確認	2688.0	6.18	11.99	25.07	0.73	212.8	62.84		37.72	
1430	ファーストコーポレーション	スタンダード（内国株式）	2050	建設業	3	建設・資材	-	-	930.0	4.95	46.0	4.89	46.0	4.95	配当あり	いいえ	8.82	1.09	111.5	1151.0	844.0	Consumer Cyclical			OK	通常掲載可	OK	43194.3	5.97	51.64	39.22	0.48	2050.0	105.47	43.61	15.01	1
1431	Ｌｉｂ　Ｗｏｒｋ	グロース（内国株式）	2050	建設業	3	建設・資材	-	-	637.0	1.0	6.4	1.0	6.4	1.0	配当あり	いいえ	65.13	3.41	148.2	838.0	625.0	Real Estate			OK	通常掲載可	OK	16004.7	5.21	3.69	40.91	0.81	936.7	9.78	65.44	4.61	0
1433	ベステラ	プライム（内国株式）	2050	建設業	3	建設・資材	-	-	1122.0	3.57	40.0	3.55	40.0	3.57	配当あり	いいえ	13.79	1.85	99.4	1355.0	1003.0	Industrials			OK	通常掲載可	OK	11140.4	6.65	2.23	64.77	0.11	1636.0	81.37	49.16	12.05	1
1434	ＪＥＳＣＯホールディングス	スタンダード（内国株式）	2050	建設業	3	建設・資材	-	-	1801.0	2.67	48.0	2.68	48.0	2.67	配当あり	いいえ	8.19	1.55	125.3	2624.0	903.0	Industrials			OK	通常掲載可	OK	19067.6	9.03	28.8	42.36	0.74	896.3	219.92	21.83	20.26	1
1435	ｒｏｂｏｔ　ｈｏｍｅ	スタンダード（内国株式）	8050	不動産業	17	不動産	7	TOPIX Small 2	160.0	1.25	2.0	1.25	2.0	1.25	配当あり	いいえ	7.23	1.3	142.2	277.0	145.0	Real Estate			OK	通常掲載可	OK	24068.2	7.34	82.92	70.1	0.12	1035.3	22.13	9.04	18.38	0
1436	グリーンエナジー＆カンパニー	グロース（内国株式）	2050	建設業	3	建設・資材	-	-	1404.0	1.5	21.0	1.48	21.0	1.5	配当あり	いいえ	36.21	3.14	173.6	2184.0	693.0	Industrials			OK	通常掲載可	OK	11616.6	4.68	20.06	39.04	1.09	-1110.9	38.77	54.17	9.19	1
1438	岐阜造園	スタンダード（内国株式）	2050	建設業	3	建設・資材	-	-	1890.0	2.12	40.0	2.12	40.0	2.12	配当あり	いいえ	12.28	1.36	61.3	2030.0	1758.0	Industrials			OK	通常掲載可	OK	6271.4	8.58	20.63	71.75	0.06	286.9	153.85	26.0	11.79	3
143A	イシン	グロース（内国株式）	9050	サービス業	10	情報通信・サービスその他	-	-	733.0						配当未取得		304.15	1.16	14.2	1189.0	621.0	Communication Services	配当未取得	1株配当が取得できていない	除外推奨	掲載非推奨	OK_配当データ要確認	1428.9	3.5	2.54	57.69		-127.0	2.41		-1.74	
1443	技研ホールディングス	スタンダード（内国株式）	2050	建設業	3	建設・資材	-	-	249.0	0.44	1.1	0.45	1.1	0.44	配当あり	いいえ	6.59	0.31	40.4	375.0	190.0	Industrials			OK	通常掲載可	OK	4675.1	15.01	-4.71	70.71	0.22	928.8	37.79	2.91	5.14	1
1444	ニッソウ	グロース（内国株式）	2050	建設業	3	建設・資材	-	-	2852.0						配当未取得			1.88	31.0	3005.0	2520.0	Consumer Cyclical	配当未取得	1株配当が取得できていない	除外推奨	掲載非推奨	OK_配当データ要確認	4679.0	1.21	12.3	54.24	0.52	-79.3	-40.2		-4.19	
1446	キャンディル	スタンダード（内国株式）	2050	建設業	3	建設・資材	-	-	528.0	1.89	10.0	1.9	10.0	1.89	配当あり	いいえ	19.12	1.56	49.1	598.0	516.0	Industrials			OK	通常掲載可	OK	13860.6	3.03	4.81	47.15	0.41	358.9	27.61	36.22	8.43	0
1447	ＳＡＡＦホールディングス	グロース（内国株式）	2050	建設業	3	建設・資材	-	-	304.0	1.58	4.8	1.67	4.8	1.58	配当あり	いいえ	16.12	6.81	74.1	475.0	230.0	Technology			OK	通常掲載可	OK	28855.7	1.16	-1.42	15.58	3.58	-366.2	18.86	25.45	11.74	
1450	ＴＡＮＡＫＥＮ	スタンダード（内国株式）	2050	建設業	3	建設・資材	-	-	1369.0	4.02	55.0	4.02	55.0	4.02	配当あり	いいえ	7.93	1.28	119.1	1870.0	1300.0	Industrials			OK	通常掲載可	OK	14820.4	14.75	20.63	76.57	0.0	-608.2	172.65	31.86	17.12	1
145A	Ｌ　ｉｓ　Ｂ	グロース（内国株式）	5250	情報・通信業	10	情報通信・サービスその他	-	-	794.0						配当未取得		29.32	2.13	40.7	1543.0	740.0	Technology	配当未取得	1株配当が取得できていない	除外推奨	掲載非推奨	OK_配当データ要確認	2132.7	7.93	33.79	53.94	0.67	151.3	27.08		8.8	
146A	コロンビア・ワークス	スタンダード（内国株式）	8050	不動産業	17	不動産	-	-	2936.0	3.2	94.0	3.16	94.0	3.2	配当あり	いいえ	5.91	1.3	226.6	4710.0	2490.0	Real Estate			OK	通常掲載可	OK	37084.0	16.26	76.75	26.05	2.69	-5765.0	496.69	18.93	24.04	1
147A	ソラコム	グロース（内国株式）	5250	情報・通信業	10	情報通信・サービスその他	-	-	1015.0						配当未取得		75.07	4.08	462.6	1335.0	782.0	Technology	配当未取得	1株配当が取得できていない	除外推奨	掲載非推奨	OK_配当データ要確認	8993.0	7.3	13.42	76.97	0.09	-1052.7	13.52		5.87	
148A	ハッチ・ワーク	グロース（内国株式）	5250	情報・通信業	10	情報通信・サービスその他	-	-	1675.0						配当未取得		13.53	3.13	32.2	3155.0	1647.0	Industrials	配当未取得	1株配当が取得できていない	除外推奨	掲載非推奨	OK_配当データ要確認	2759.3	9.5	16.55	35.62	0.43	266.3	123.79		27.37	
1491	中外鉱業	スタンダード（内国株式）	3500	非鉄金属	7	鉄鋼・非鉄	-	-	671.0	10.13	68.0	10.27	68.0	10.13	配当あり	いいえ	6.38	1.03	96.4	1480.0	632.0	Basic Materials	高利回り要確認	1株配当が株価の10%以上 / 配当利回りが8%以上	要確認	手動確認後に掲載	OK_高利回り要確認	281692.2	0.87	73.51	53.31	0.39	1922.5	105.13	64.68	17.24	1
149A	シンカ	グロース（内国株式）	5250	情報・通信業	10	情報通信・サービスその他	-	-	744.0						配当未取得		57.23	2.28	23.9	1774.0	672.0	Technology	配当未取得	1株配当が取得できていない	除外推奨	掲載非推奨	OK_配当データ要確認	1464.4	4.1	18.84	81.85	0.06	30.9	13.0		4.24	
150A	ＪＳＨ	グロース（内国株式）	9050	サービス業	10	情報通信・サービスその他	-	-	358.0						配当未取得			1.05	20.3	484.0	329.0	Industrials	配当未取得	1株配当が取得できていない	除外推奨	掲載非推奨	OK_配当データ要確認	4740.2	-2.24	19.49	51.17	0.69	-641.9	-21.42		-7.33	
1514	住石ホールディングス	スタンダード（内国株式）	1050	鉱業	2	エネルギー資源	7	TOPIX Small 2	525.0	2.86	15.0	2.85	15.0	2.86	配当あり	いいえ	11.9	1.08	314.1	1557.0	506.0	Energy			OK	通常掲載可	OK	10658.0	3.09	3.84	90.55	0.0	4491.0	44.13	33.99	9.23	0
1515	日鉄鉱業	プライム（内国株式）	1050	鉱業	2	エネルギー資源	6	TOPIX Small 1	2393.0	2.59	62.0	2.69	62.0	2.59	配当あり	いいえ	13.42	1.2	1882.9	4535.0	1446.0	Basic Materials			OK	通常掲載可	OK	209717.0	8.98	6.58	50.68	0.41	-25359.0	178.33	34.77	10.15	1
1518	三井松島ホールディングス	プライム（内国株式）	3800	その他製品	10	情報通信・サービスその他	6	TOPIX Small 1	1516.0	4.88	74.0	4.95	74.0	4.88	配当あり	いいえ	10.22	1.04	561.3	1600.0	1002.0	Energy			OK	通常掲載可	OK	65468.0	14.62	8.08	43.5	0.92	3308.0	148.3	49.9	11.11	1
151A	ダイブ	グロース（内国株式）	9050	サービス業	10	情報通信・サービスその他	-	-	627.0						配当未取得		11.3	2.03	52.7	1011.0	566.0	Industrials	配当未取得	1株配当が取得できていない	除外推奨	掲載非推奨	OK_配当データ要確認	12363.4	4.39	49.57	43.94	0.19	-25.3	55.48		19.67	
153A	カウリス	グロース（内国株式）	5250	情報・通信業	10	情報通信・サービスその他	-	-	1178.0	0.47	5.5	0.47	5.5	0.47	配当あり	いいえ	27.47	4.82	74.3	2888.0	958.0	Technology			OK	通常掲載可	OK	1400.7	29.13	14.32	75.91	0.06	140.3	42.88	12.83	23.09	
155A	情報戦略テクノロジー	グロース（内国株式）	5250	情報・通信業	10	情報通信・サービスその他	-	-	878.0						配当未取得		31.32	4.79	90.3	1750.0	463.0	Technology	配当未取得	1株配当が取得できていない	除外推奨	掲載非推奨	OK_配当データ要確認	8019.6	6.92	37.13	42.71	0.73	401.0	28.03		15.29	
156A	マテリアルグループ	グロース（内国株式）	9050	サービス業	10	情報通信・サービスその他	-	-	828.0	3.15	26.1	3.11	26.1	3.15	配当あり	いいえ	12.87	3.66	78.2	976.0	644.0	Communication Services			OK	通常掲載可	OK	6288.3	13.24	19.06	55.39	0.11	649.3	64.35	40.56	29.51	1
157A	グリーンモンスター	グロース（内国株式）	9050	サービス業	10	情報通信・サービスその他	-	-	835.0	1.2	10.0	1.13	10.0	1.2	配当あり	いいえ		2.08	26.8	2146.0	497.0	Technology			OK	通常掲載可	OK	1957.5	11.8	14.37	79.57	0.04	114.4	-6.63		-9.98	0
1605	ＩＮＰＥＸ	プライム（内国株式）	1050	鉱業	2	エネルギー資源	4	TOPIX Mid400	3205.0	3.37	108.0	3.31	108.0	3.37	配当あり	いいえ	9.7	0.76	37248.2	4955.0	2000.5	Energy			OK	通常掲載可	OK	2011351.0	52.87	-11.23	61.37	0.26	353676.0	330.42	32.69	8.28	5
160A	アズパートナーズ	スタンダード（内国株式）	9050	サービス業	10	情報通信・サービスその他	-	-	1940.0	4.12	80.0	4.12	80.0	4.12	配当あり	いいえ	5.92	1.36	69.6	3550.0	1880.0	Industrials			OK	通常掲載可	OK	23661.0	6.44	32.05	21.21	1.96	-646.0	327.56	24.42	25.82	
1662	石油資源開発	プライム（内国株式）	1050	鉱業	2	エネルギー資源	6	TOPIX Small 1	1570.0	2.87	45.0	2.81	45.0	2.87	配当あり	いいえ	7.52	0.64	4019.2	2819.0	1017.0	Energy			OK	通常掲載可	OK	340336.0	11.43	-12.53	72.76	0.0	73733.0	208.77	21.55	9.15	0
1663	Ｋ＆Ｏエナジーグループ	プライム（内国株式）	1050	鉱業	2	エネルギー資源	6	TOPIX Small 1	1866.0	1.61	30.0	1.58	30.0	1.61	配当あり	いいえ	11.93	0.93	996.5	2845.0	1353.0	Utilities			OK	通常掲載可	OK	91354.0	11.6	-1.15	82.52	0.01	7709.0	156.45	19.18	7.92	4
166A	タスキホールディングス	グロース（内国株式）	8050	不動産業	17	不動産	-	-	1171.0	3.42	40.0	3.34	40.0	3.42	配当あり	いいえ	12.82	2.27	722.7	1237.0	638.0	Technology			OK	通常掲載可	OK	74412.2	11.85	56.8	38.35	1.47	-7252.3	91.36	43.78	17.71	1
167A	リョーサン菱洋ホールディングス	プライム（内国株式）	6050	卸売業	13	商社・卸売	6	TOPIX Small 1	2711.0	5.16	140.0	5.22	140.0	5.16	配当あり	いいえ	14.62	0.79	1087.1	3450.0	2606.0	Technology			OK	通常掲載可	OK	359948.0	2.81	0.04	54.58	0.34	-2782.0	185.46	75.49	5.54	0
168A	イタミアート	グロース（内国株式）	3800	その他製品	10	情報通信・サービスその他	-	-	1101.0	1.82	20.0	1.83	20.0	1.82	配当あり	いいえ	10.72	1.22	16.2	2063.0	996.0	Communication Services			OK	通常掲載可	OK	4761.2	4.55	32.05	26.22	2.22	-358.3	102.73	19.47	11.94	
1711	ＳＤＳホールディングス	スタンダード（内国株式）	2050	建設業	3	建設・資材	-	-	216.0						配当未取得			3.87	22.5	341.0	212.0	Utilities	配当未取得	1株配当が取得できていない	除外推奨	掲載非推奨	OK_配当データ要確認	5251.5	2.18	30.13	10.36	7.39	-1106.1	-6.65		-5.69	
1716	第一カッター興業	スタンダード（内国株式）	2050	建設業	3	建設・資材	7	TOPIX Small 2	1334.0	3.0	40.0	2.98	40.0	3.0	配当あり	いいえ	8.78	0.75	150.1	1626.0	1266.0	Industrials			OK	通常掲載可	OK	20228.6	8.14	-3.3	86.44	0.02	853.4	151.89	26.33	9.41	6
1717	明豊ファシリティワークス	スタンダード（内国株式）	9050	サービス業	10	情報通信・サービスその他	-	-	904.0	4.87	44.0	4.87	44.0	4.87	配当あり	いいえ	11.39	1.75	106.3	1155.0	880.0	Industrials			OK	通常掲載可	OK	6114.7	20.76	6.96	71.34		1265.7	79.37	55.44	16.04	4
1718	美樹工業	スタンダード（内国株式）	2050	建設業	3	建設・資材	-	-	6980.0	4.3	300.0	4.32	300.0	4.3	配当あり	いいえ	4.85	0.43	74.9	9970.0	6220.0	Industrials			OK	通常掲載可	OK	36151.7	7.15	32.46	44.3	0.62	-2677.3	1437.97	20.86	9.2	1
1719	安藤・間	プライム（内国株式）	2050	建設業	3	建設・資材	4	TOPIX Mid400	1769.5	4.75	84.0	4.68	84.0	4.75	配当あり	いいえ	9.33	1.33	2776.0	2270.0	1451.0	Industrials			OK	通常掲載可	OK	439615.0	7.65	3.4	50.6	0.13	25911.0	189.68	44.29	15.62	5
1720	東急建設	プライム（内国株式）	2050	建設業	3	建設・資材	6	TOPIX Small 1	1177.0	3.74	44.0	3.75	44.0	3.74	配当あり	いいえ	9.32	1.12	1250.8	1693.0	997.0	Industrials			OK	通常掲載可	OK	341180.0	4.78	16.39	35.85	0.33	2940.0	126.22	34.86	12.61	0
1721	コムシスホールディングス	プライム（内国株式）	2050	建設業	3	建設・資材	4	TOPIX Mid400	5421.0	2.49	135.0	2.48	135.0	2.49	配当あり	いいえ	17.51	1.56	6263.1	6211.0	3269.0	Industrials			OK	通常掲載可	OK	630658.0	8.07	2.61	70.87	0.01	28850.0	309.62	43.6	9.37	2
1723	日本電技	スタンダード（内国株式）	2050	建設業	3	建設・資材	-	-	2331.0	3.09	72.0	3.09	72.0	3.09	配当あり	いいえ	17.6	3.17	1485.6	3147.5	1068.75	Technology			OK	通常掲載可	OK	46371.0	25.5	7.69	76.69	0.01	8315.0	132.41	54.38	15.87	1
1724	シンクレイヤ	スタンダード（内国株式）	2050	建設業	3	建設・資材	-	-	684.0	4.39	30.0	4.39	30.0	4.39	配当あり	いいえ	13.14	1.24	30.6	752.0	638.0	Technology			OK	通常掲載可	OK	10488.0	3.35	-10.44	63.22	0.24	1374.0	52.05	57.64	25.2	0
1726	ビーアールホールディングス	プライム（内国株式）	2050	建設業	3	建設・資材	-	-							配当未取得								yfinanceデータなし	yfinanceで株価・配当データが取得できなかった	除外推奨	掲載非推奨	データなし										
1736	オーテック	スタンダード（内国株式）	2050	建設業	3	建設・資材	-	-	2510.0	3.9	98.0	3.88	98.0	3.9	配当あり	いいえ	10.72	1.47	388.9	2792.0	1324.0	Industrials			OK	通常掲載可	OK	31424.1	12.81	6.98	64.54	0.09	2807.5	234.07	41.87	14.64	2
173A	ハンモック	グロース（内国株式）	5250	情報・通信業	10	情報通信・サービスその他	-	-	1370.0	6.57	90.0	6.57	90.0	6.57	配当あり	いいえ	8.54	1.8	57.8	1850.0	1278.0	Technology			OK	通常掲載可	OK	4889.8	17.07	3.86	45.15	0.0	922.5	160.43	56.1	23.08	
1758	太洋基礎工業	スタンダード（内国株式）	2050	建設業	3	建設・資材	-	-	2410.0	2.7	65.0	2.7	65.0	2.7	配当あり	いいえ	10.38	0.5	48.1	2805.0	1798.0	Industrials			OK	通常掲載可	OK	14511.5	3.8	7.64	76.32	0.02	525.7	232.08	28.01	5.87	2
175A	Ｗｉｌｌ　Ｓｍａｒｔ	グロース（内国株式）	5250	情報・通信業	10	情報通信・サービスその他	-	-	601.0						配当未取得			-17.34	13.0	1612.0	588.0	Technology	配当未取得	1株配当が取得できていない	除外推奨	掲載非推奨	OK_配当データ要確認	805.2	-35.16	-25.85	0.73	105.47	-183.7	-283.17			
1762	高松コンストラクショングループ	プライム（内国株式）	2050	建設業	3	建設・資材	7	TOPIX Small 2	3555.0	4.05	144.0	4.01	144.0	4.05	配当あり	いいえ	10.83	0.84	1237.8	4420.0	2935.0	Industrials			OK	通常掲載可	OK	357675.0	5.0	3.17	46.66	0.35	-18223.0	328.13	43.89	8.04	0
1764	工藤建設	スタンダード（内国株式）	2050	建設業	3	建設・資材	-	-	2625.0	4.46	117.0	4.39	117.0	4.46	配当あり	いいえ	6.67	0.57	32.7	3495.0	2595.0	Industrials			OK	通常掲載可	OK	20521.4	2.3	4.81	31.28	1.28	3010.9	393.65	29.72	8.55	1
1766	東建コーポレーション	プライム（内国株式）	2050	建設業	3	建設・資材	6	TOPIX Small 1	12750.0	3.14	400.0	3.15	400.0	3.14	配当あり	いいえ	10.29	1.22	1415.4	15450.0	11800.0	Real Estate			OK	通常掲載可	OK	366639.0	6.07	7.57	58.49		19892.0	1238.84	32.29	12.92	1
1768	ソネック	スタンダード（内国株式）	2050	建設業	3	建設・資材	-	-	1057.0	4.73	50.0	4.71	50.0	4.73	配当あり	いいえ	5.65	0.74	77.2	1796.0	869.0	Industrials			OK	通常掲載可	OK	22753.8	8.24	49.73	66.17		3085.8	187.16	26.72	14.04	0
1770	藤田エンジニアリング	スタンダード（内国株式）	2050	建設業	3	建設・資材	-	-	1852.0	3.67	68.0	3.67	68.0	3.67	配当あり	いいえ	9.24	0.82	170.1	2000.0	1467.0	Industrials			OK	通常掲載可	OK	29769.4	8.8	-8.81	64.92	0.02	1884.2	200.39	33.93	9.29	0
177A	コージンバイオ	グロース（内国株式）	3200	化学	4	素材・化学	-	-	883.0	1.13	10.0	1.12	10.0	1.13	配当あり	いいえ	17.99	0.76	45.1	2020.0	857.0	Healthcare			OK	通常掲載可	OK	4939.0	6.92	-5.13	66.77	0.37	-280.9	49.09	20.37	4.28	
1780	ヤマウラ	プライム（内国株式）	2050	建設業	3	建設・資材	7	TOPIX Small 2	1419.0	2.68	38.0	2.7	38.0	2.68	配当あり	いいえ	8.49	1.95	272.8	1696.0	1254.0	Industrials			OK	通常掲載可	OK	40526.5	10.51	13.79	72.71	0.0	-2556.2	167.23	22.72	10.43	2
1783	ｆａｎｔａｓｉｓｔａ	スタンダード（内国株式）	8050	不動産業	17	不動産	-	-	50.0						配当未取得			1.28	96.7	74.0	49.0	Real Estate	配当未取得	1株配当が取得できていない	除外推奨	掲載非推奨	OK_配当データ要確認	9422.3	2.25	7.0	69.03	0.39	1963.7	-0.28		-0.7	
1786	オリエンタル白石	プライム（内国株式）	2050	建設業	3	建設・資材	7	TOPIX Small 2	341.0	4.25	14.5	4.3	14.5	4.25	配当あり	いいえ	13.03	0.83	438.6	440.0	310.0	Industrials			OK	通常掲載可	OK	68866.0	7.75	6.68	64.18	0.1	-3401.0	26.18	55.39	6.48	0
1787	ナカボーテック	スタンダード（内国株式）	2050	建設業	3	建設・資材	-	-	5420.0	4.8	260.0	4.87	260.0	4.8	配当あり	いいえ	11.2	1.42	132.9	6750.0	5090.0	Industrials			OK	通常掲載可	OK	14903.2	8.8	1.21	76.97		1513.5	483.8	53.74	13.11	1
1788	三東工業社	スタンダード（内国株式）	2050	建設業	3	建設・資材	-	-	4395.0	1.59	70.0	1.65	70.0	1.59	配当あり	いいえ	8.47	0.73	27.6	6400.0	3805.0	Industrials			OK	通常掲載可	OK	7400.1	2.69	6.94	70.23	0.01	-576.5	518.79	13.49	9.42	0
1793	大本組	スタンダード（内国株式）	2050	建設業	3	建設・資材	-	-	1927.0	3.84	74.0	3.7	74.0	3.84	配当あり	いいえ	27.0	1.37	490.1	2150.0	1192.0	Industrials			OK	通常掲載可	OK	87448.0	2.71	24.76	66.33	0.09	-5732.0	71.36	103.7	3.31	2
1795	マサル	スタンダード（内国株式）	2050	建設業	3	建設・資材	-	-	4910.0	2.24	110.0	2.24	110.0	2.24	配当あり	いいえ	10.4	0.8	43.1	5000.0	4035.0	Industrials			OK	通常掲載可	OK	10647.7	5.99	19.0	59.93	0.2	1215.8	472.34	23.29	7.92	1
1798	守谷商会	スタンダード（内国株式）	2050	建設業	3	建設・資材	-	-	1111.0	3.42	38.0	3.4	38.0	3.42	配当あり	いいえ	4.42	0.65	121.2	1510.0	762.0	Industrials			OK	通常掲載可	OK	50855.7	7.59	1.17	48.94	0.1	1094.2	251.55	15.11	15.81	2
1799	第一建設工業	スタンダード（内国株式）	2050	建設業	3	建設・資材	-	-	3390.0	4.72	160.0	4.8	160.0	4.72	配当あり	いいえ	11.57	2.1	600.1	4510.0	2910.0	Industrials			OK	通常掲載可	OK	60003.4	11.52	3.44	86.52	0.0	2332.5	293.04	54.6	6.01	4
1801	大成建設	プライム（内国株式）	2050	建設業	3	建設・資材	4	TOPIX Mid400	14365.0	2.65	380.0	2.67	380.0	2.65	配当あり	いいえ	14.0	2.47	23416.3	20680.0	8332.0	Industrials			OK	通常掲載可	OK	2089090.0	9.0	-3.02	34.93	0.49	69708.0	1026.0	37.04	18.49	1
1802	大林組	プライム（内国株式）	2050	建設業	3	建設・資材	4	TOPIX Mid400	3247.0	2.89	94.0	2.89	94.0	2.89	配当あり	いいえ	13.01	1.77	22320.6	4439.0	2117.0	Industrials			OK	通常掲載可	OK	2586258.0	7.53	-0.17	40.03	0.28	127290.0	249.49	37.68	14.07	0
1803	清水建設	プライム（内国株式）	2050	建設業	3	建設・資材	4	TOPIX Mid400	2559.5	3.01	77.0	3.02	77.0	3.01	配当あり	いいえ	13.72	1.78	17384.2	3618.0	1545.5	Industrials			OK	通常掲載可	OK	2057801.0	5.77	5.83	36.84	0.58	-57015.0	186.62	41.26	13.41	1
1807	佐藤渡辺	スタンダード（内国株式）	2050	建設業	3	建設・資材	-	-	1801.0	4.44	80.0	4.43	80.0	4.44	配当あり	いいえ	12.72	0.49	112.5	2139.0	1642.0	Industrials			OK	通常掲載可	OK	33704.8	3.18	-16.62	69.84	0.0	4785.2	141.59	56.5	4.06	0
1808	長谷工コーポレーション	プライム（内国株式）	2050	建設業	3	建設・資材	4	TOPIX Mid400	2774.0	3.6	100.0	3.52	100.0	3.6	配当あり	いいえ	13.57	1.3	7341.2	3531.0	2165.0	Consumer Cyclical			OK	通常掲載可	OK	1273136.0	7.76	8.14	39.69	0.76	136281.0	204.45	48.91	10.02	2
1810	松井建設	スタンダード（内国株式）	2050	建設業	3	建設・資材	7	TOPIX Small 2	1363.0	5.14	70.0	5.17	70.0	5.14	配当あり	いいえ	8.98	0.68	388.7	1964.0	1119.0	Industrials			OK	通常掲載可	OK	96037.0	5.89	-3.24	65.07	0.05	8259.0	151.81	46.11	8.08	4
1811	錢高組	スタンダード（内国株式）	2050	建設業	3	建設・資材	-	-	8080.0	1.49	120.0	1.48	120.0	1.49	配当あり	いいえ	13.61	0.5	578.7	9820.0	4140.0	Industrials			OK	通常掲載可	OK	125497.0	3.75	4.01	52.99	0.29	17332.0	593.65	20.21	4.01	2
1812	鹿島建設	プライム（内国株式）	2050	建設業	3	建設・資材	4	TOPIX Mid400	5958.0	2.45	146.0	2.49	146.0	2.45	配当あり	いいえ	15.68	1.96	27706.3	8040.0	3621.0	Industrials			OK	通常掲載可	OK	3067275.0	7.85	5.34	39.04	0.59	58480.0	379.92	38.43	12.5	5
1813	不動テトラ	プライム（内国株式）	2050	建設業	3	建設・資材	7	TOPIX Small 2	2761.0	3.08	85.0	3.12	85.0	3.08	配当あり	いいえ	9.37	1.1	418.3	4015.0	2200.0	Industrials			OK	通常掲載可	OK	81699.0	7.24	17.46	53.5	0.42	-3933.0	294.52	28.86	12.21	0
1814	大末建設	プライム（内国株式）	2050	建設業	3	建設・資材	-	-	3275.0	5.68	186.0	5.67	186.0	5.68	配当あり	いいえ	8.95	1.34	337.2	4505.0	2159.0	Real Estate			OK	通常掲載可	OK	105553.0	6.23	18.56	42.26	0.11	9047.0	365.72	50.86	15.77	2
1815	鉄建建設	プライム（内国株式）	2050	建設業	3	建設・資材	7	TOPIX Small 2	4415.0	5.05	223.0	5.13	223.0	5.05	配当あり	いいえ	12.23	0.78	615.1	5840.0	2855.0	Industrials			OK	通常掲載可	OK	179824.0	3.13	-2.86	30.64	0.97	-14741.0	361.05	61.76	6.78	2
1820	西松建設	プライム（内国株式）	2050	建設業	3	建設・資材	4	TOPIX Mid400	5287.0	4.73	250.0	4.71	250.0	4.73	配当あり	いいえ	8.68	1.07	2087.5	6891.0	4769.0	Industrials			OK	通常掲載可	OK	396029.0	7.08	7.97	28.41	1.19	-20305.0	609.36	41.03	12.37	0
1822	大豊建設	スタンダード（内国株式）	2050	建設業	3	建設・資材	7	TOPIX Small 2	762.0	4.99	38.0	5.03	38.0	4.99	配当あり	いいえ	14.78	0.89	642.2	907.0	706.0	Industrials			OK	通常掲載可	OK	139818.0	4.93	-2.49	48.42	0.11	2964.0	51.57	73.69	6.34	1
1826	佐田建設	スタンダード（内国株式）	2050	建設業	3	建設・資材	-	-	1008.0	5.95	60.0	5.92	60.0	5.95	配当あり	いいえ	12.6	1.07	121.4	1296.0	962.0	Industrials			OK	通常掲載可	OK	36769.0	4.82	13.96	44.77	0.2	-834.0	80.0	75.0	7.17	1
1827	ナカノフドー建設	スタンダード（内国株式）	2050	建設業	3	建設・資材	-	-	1240.0	2.02	25.0	2.0	25.0	2.02	配当あり	いいえ	9.72	0.86	426.1	1710.0	709.0	Industrials			OK	通常掲載可	OK	138070.0	3.89	24.91	49.36	0.0	10124.0	127.63	19.59	9.13	3
1828	田辺工業	スタンダード（内国株式）	2050	建設業	3	建設・資材	-	-	2402.0	4.16	100.0	4.13	100.0	4.16	配当あり	いいえ	7.3	0.9	252.2	2978.0	2163.0	Industrials			OK	通常掲載可	OK	52366.1	9.11	3.02	59.29	0.04	1164.0	328.94	30.4	13.04	4
1833	奥村組	プライム（内国株式）	2050	建設業	3	建設・資材	6	TOPIX Small 1	5640.0	5.32	300.0	5.34	300.0	5.32	配当あり	いいえ	11.02	1.03	2023.1	7490.0	4260.0	Industrials			OK	通常掲載可	OK	307201.0	5.19	3.01	44.66	0.35	-5973.0	511.98	58.6	11.19	0
1835	東鉄工業	プライム（内国株式）	2050	建設業	3	建設・資材	6	TOPIX Small 1	4200.0	3.62	152.0	3.61	152.0	3.62	配当あり	いいえ	11.26	1.09	1446.6	5840.0	3855.0	Industrials			OK	通常掲載可	OK	163018.4	10.8	1.86	65.08	0.15	2053.6	373.03	40.75	10.18	4
1840	土屋ホールディングス	スタンダード（内国株式）	2050	建設業	3	建設・資材	-	-	233.0	4.29	10.0	4.33	10.0	4.29	配当あり	いいえ		0.49	60.1	266.0	211.0	Consumer Cyclical			OK	通常掲載可	OK	31456.8	-0.39	-5.47	48.32	0.24	-958.4	-10.76		-2.39	0
1844	大盛工業	スタンダード（内国株式）	2050	建設業	3	建設・資材	-	-	494.0	2.33	11.5	2.34	11.5	2.33	配当あり	いいえ	17.74	1.5	92.5	1450.0	376.0	Industrials			OK	通常掲載可	OK	5981.7	10.4	-1.19	47.08	0.71	1407.6	27.84	41.31	8.23	3
1847	イチケン	スタンダード（内国株式）	2050	建設業	3	建設・資材	-	-	2608.0	4.79	125.0	4.76	125.0	4.79	配当あり	いいえ	5.91	0.95	378.6	3305.0	1520.0	Real Estate			OK	通常掲載可	OK	106176.0	8.51	7.25	53.76	0.15	-3866.0	441.36	28.32	17.29	2
1848	富士ピー・エス	スタンダード（内国株式）	2050	建設業	3	建設・資材	-	-	635.0	3.94	25.0	3.97	25.0	3.94	配当あり	いいえ	11.29	0.85	112.2	854.0	476.0	Industrials			OK	通常掲載可	OK	32230.0	4.93	-4.56	36.9	0.8	-598.0	56.26	44.44	7.8	2
184A	学びエイド	グロース（内国株式）	5250	情報・通信業	10	情報通信・サービスその他	-	-	303.0						配当未取得			2.78	10.3	713.0	298.0	Consumer Defensive	配当未取得	1株配当が取得できていない	除外推奨	掲載非推奨	OK_配当データ要確認	289.9	-102.47	-53.89	61.65	0.28	-231.5	-54.81		74.96	
1850	南海辰村建設	スタンダード（内国株式）	2050	建設業	3	建設・資材	-	-	414.0	1.93	8.0	1.96	8.0	1.93	配当あり	いいえ	5.7	0.61	116.0	652.0	310.0	Industrials			OK	通常掲載可	OK	45796.0	6.21	-13.5	56.16	0.04	8403.0	72.62	11.02	11.32	2
1852	淺沼組	プライム（内国株式）	2050	建設業	3	建設・資材	6	TOPIX Small 1	854.0	6.56	56.0	6.67	56.0	6.56	配当あり	いいえ	13.31	1.39	689.4	1233.0	742.0	Industrials			OK	通常掲載可	OK	175294.0	4.11	4.96	42.1	0.29	17787.0	64.18	87.25	10.81	0
1853	森組	スタンダード（内国株式）	2050	建設業	3	建設・資材	-	-	321.0	4.36	14.0	4.33	14.0	4.36	配当あり	いいえ	11.35	3.58	105.1	352.0	300.0	Industrials			OK	通常掲載可	OK	28039.0	4.81	-4.8	61.49	0.0	2332.0	28.29	49.49	17.45	0
1860	戸田建設	プライム（内国株式）	2050	建設業	3	建設・資材	4	TOPIX Mid400	1607.0	3.73	60.0	3.68	60.0	3.73	配当あり	いいえ	13.04	1.22	4757.4	1665.0	907.5	Industrials			OK	通常掲載可	OK	645736.0	5.92	10.07	39.14	0.59	33211.0	123.28	48.67	9.92	2
1861	熊谷組	プライム（内国株式）	2050	建設業	3	建設・資材	6	TOPIX Small 1	1420.0	3.52	50.0	3.5	50.0	3.52	配当あり	いいえ	12.15	1.28	2412.8	2043.0	1008.75	Industrials			OK	通常掲載可	OK	487698.0	5.56	-2.18	41.85	0.26	20333.0	116.89	42.78	10.85	1
1866	北野建設	スタンダード（内国株式）	2050	建設業	3	建設・資材	-	-	1082.0	5.55	60.0	5.56	60.0	5.55	配当あり	いいえ	7.54	0.51	263.2	1714.0	925.0	Industrials			OK	通常掲載可	OK	78791.0	5.89	-2.55	64.2	0.0	-5442.0	143.53	41.8	7.04	0
1867	植木組	スタンダード（内国株式）	2050	建設業	3	建設・資材	-	-	2470.0	4.45	110.0	4.52	110.0	4.45	配当あり	いいえ	6.74	0.51	162.4	3275.0	1979.0	Industrials			OK	通常掲載可	OK	63290.0	5.88	24.82	56.33	0.22	-5202.8	366.37	30.02	7.97	2
186A	アストロスケールホールディングス	グロース（内国株式）	9050	サービス業	10	情報通信・サービスその他	-	-	1138.0						配当未取得			19.15	1574.9	3015.0	575.0	Industrials	配当未取得	1株配当が取得できていない	除外推奨	掲載非推奨	OK_配当データ要確認	2457.0	-763.34	-13.87	18.22	2.27	-12947.5	-49.74		-94.32	
1870	矢作建設工業	プライム（内国株式）	2050	建設業	3	建設・資材	6	TOPIX Small 1	1815.0	5.51	100.0	5.5	100.0	5.51	配当あり	いいえ	9.23	1.03	783.7	2534.0	1735.0	Industrials			OK	通常掲載可	OK	169399.0	8.11	20.4	51.47	0.41	8585.0	196.63	50.86	11.69	4
1871	ピーエス・コンストラクション	プライム（内国株式）	2050	建設業	3	建設・資材	7	TOPIX Small 2	2237.0	4.51	101.0	4.58	101.0	4.51	配当あり	いいえ	11.22	1.6	1047.4	3550.0	1706.0	Industrials			OK	通常掲載可	OK	149370.0	8.66	10.13	45.96	0.43	-18676.0	199.42	50.65	15.12	1
1873	日本ハウスホールディングス	プライム（内国株式）	2050	建設業	3	建設・資材	7	TOPIX Small 2	301.0	3.99	12.0	3.99	12.0	3.99	配当あり	いいえ	8.99	0.53	120.4	336.0	285.0	Consumer Cyclical			OK	通常掲載可	OK	34980.0	6.68	-10.54	51.12	0.48	2788.0	33.5	35.82	6.04	1
1878	大東建託	プライム（内国株式）	8050	不動産業	17	不動産	4	TOPIX Mid400	3022.0	5.39	163.0	5.25	163.0	5.39	配当あり	いいえ	10.11	1.98	9807.6	3848.0	2844.5	Real Estate			OK	通常掲載可	OK	1984740.0	6.81	7.73	36.3	0.47	9762.0	298.92	54.53	20.54	2
1879	新日本建設	プライム（内国株式）	2050	建設業	3	建設・資材	7	TOPIX Small 2	2066.0	3.78	78.0	3.78	78.0	3.78	配当あり	いいえ	7.94	0.9	1208.4	2339.0	1617.0	Industrials			OK	通常掲載可	OK	138427.0	14.74	5.14	72.61		16693.0	260.27	29.97	11.85	0
1882	東亜道路工業	プライム（内国株式）	2050	建設業	3	建設・資材	6	TOPIX Small 1	1536.0	5.86	90.0	5.83	90.0	5.86	配当あり	いいえ	20.67	1.32	709.7	1954.0	1457.0	Industrials			OK	通常掲載可	OK	121327.0	4.77	-4.15	60.61	0.09	9651.0	74.31	121.11	6.31	2
1885	東亜建設工業	プライム（内国株式）	2050	建設業	3	建設・資材	6	TOPIX Small 1	2045.0	3.77	77.0	3.72	77.0	3.77	配当あり	いいえ	8.24	1.36	1581.1	4680.0	1584.0	Industrials			OK	通常掲載可	OK	358697.0	6.75	8.54	38.15	0.22	44265.0	248.31	31.01	17.22	2
1887	日本国土開発	プライム（内国株式）	2050	建設業	3	建設・資材	7	TOPIX Small 2	519.0	3.85	20.0	3.85	20.0	3.85	配当あり	いいえ	19.23	0.6	413.9	719.0	454.0	Industrials			OK	通常掲載可	OK	123348.0	1.88	-9.1	47.08	0.45	-430.0	26.99	74.1	6.48	0
1888	若築建設	プライム（内国株式）	2050	建設業	3	建設・資材	7	TOPIX Small 2	3240.0	4.48	145.0	4.43	145.0	4.48	配当あり	いいえ	9.45	0.76	412.4	6170.0	3135.0	Industrials			OK	通常掲載可	OK	104748.0	6.35	21.15	44.1	0.4	-745.0	343.02	42.27	8.52	4
1893	五洋建設	プライム（内国株式）	2050	建設業	3	建設・資材	4	TOPIX Mid400	1665.0	3.12	52.0	3.06	52.0	3.12	配当あり	いいえ	13.26	2.29	4523.6	2257.0	898.4	Industrials			OK	通常掲載可	OK	794306.0	6.96	9.18	25.08	0.99	-27550.0	125.52	41.43	18.67	0
1897	金下建設	スタンダード（内国株式）	2050	建設業	3	建設・資材	-	-	3230.0	1.55	50.0	1.56	50.0	1.55	配当あり	いいえ	28.87	0.34	68.0	3515.0	2732.0	Industrials			OK	通常掲載可	OK	8837.0	1.13	-9.3	82.25	0.0	18.0	111.88	44.69	1.25	0
1898	世紀東急工業	プライム（内国株式）	2050	建設業	3	建設・資材	6	TOPIX Small 1	1444.0	5.26	76.0	5.24	76.0	5.26	配当あり	いいえ	11.34	1.2	529.0	1729.0	1395.0	Industrials			OK	通常掲載可	OK	95258.0	6.74	-4.13	52.31	0.15	9609.0	127.37	59.67	10.86	0
1899	福田組	プライム（内国株式）	2050	建設業	3	建設・資材	7	TOPIX Small 2	3645.0	7.13	260.0	7.05	260.0	7.13	配当あり	いいえ	10.88	0.67	603.7	4450.0	2460.0	Industrials			OK	通常掲載可	OK	167959.0	4.63	0.82	60.89	0.01	715.0	335.05	77.6	6.89	2
189A	Ｄ＆Ｍカンパニー	グロース（内国株式）	9050	サービス業	10	情報通信・サービスその他	-	-	966.0	2.07	20.0	2.06	20.0	2.07	配当あり	いいえ	10.19	0.98	22.1	1500.0	785.0	Healthcare			OK	通常掲載可	OK	1502.7	19.93	26.33	22.85	3.26	-102.3	94.77	21.1	10.37	
1904	大成温調	スタンダード（内国株式）	2050	建設業	3	建設・資材	-	-	5060.0	3.91	198.0	3.96	198.0	3.91	配当あり	いいえ	8.82	1.02	314.6	5630.0	3895.0	Industrials			OK	通常掲載可	OK	61719.1	6.45	-1.25	59.22	0.0	9127.5	573.5	34.52	12.16	0
1905	テノックス	スタンダード（内国株式）	2050	建設業	3	建設・資材	-	-	1519.0	4.08	62.0	4.12	62.0	4.08	配当あり	いいえ	10.76	0.74	101.3	1623.0	1172.0	Industrials			OK	通常掲載可	OK	21093.5	6.11	-11.06	63.97	0.01	694.9	141.11	43.94	6.96	1
1909	日本ドライケミカル	スタンダード（内国株式）	3600	機械	8	機械	-	-	3695.0	0.61	22.5	0.61	22.5	0.61	配当あり	いいえ	19.49	3.19	990.8	3850.0	1207.5	Industrials			OK	通常掲載可	OK	60518.8	13.2	8.6	54.47	0.14	2782.9	189.55	11.87	16.19	3
190A	Ｃｈｏｒｄｉａ　Ｔｈｅｒａｐｅｕｔｉｃｓ	グロース（内国株式）	3250	医薬品	5	医薬品	-	-	74.0						配当未取得			2.36	55.7	220.0	66.0	Healthcare	配当未取得	1株配当が取得できていない	除外推奨	掲載非推奨	OK_配当データ要確認	0.0			90.89		-1842.2	-20.67		-51.9	
1911	住友林業	プライム（内国株式）	2050	建設業	3	建設・資材	4	TOPIX Mid400	1328.0	3.77	50.0	3.7	50.0	3.77	配当あり	いいえ	7.63	0.66	8142.9	1874.5	1232.5	Consumer Cyclical			OK	通常掲載可	OK	2267577.0	7.44	10.42	39.04	0.77	17857.0	174.08	28.72	12.99	2
1914	日本基礎技術	スタンダード（内国株式）	2050	建設業	3	建設・資材	-	-	671.0	8.94	60.0	9.0	60.0	8.94	配当あり	いいえ	7.49	0.5	122.7	779.0	611.0	Industrials	高利回り要確認	配当利回りが8%以上	要確認	手動確認後に掲載	OK_高利回り要確認	27353.7	5.32	-9.66	64.12	0.29	-1359.3	89.64	66.93	6.96	2
1921	巴コーポレーション	スタンダード（内国株式）	2050	建設業	3	建設・資材	-	-	1811.0	1.33	24.0	1.34	24.0	1.33	配当あり	いいえ	10.65	0.84	607.8	2339.0	1371.0	Industrials			OK	通常掲載可	OK	34952.0	13.62	0.81	59.85	0.22	9184.6	169.99	14.12	8.52	4
1925	大和ハウス工業	プライム（内国株式）	2050	建設業	3	建設・資材	2	TOPIX Large70	4391.0	2.98	131.0	2.97	131.0	2.98	配当あり	いいえ	7.75	0.94	27195.5	5805.0	4081.0	Real Estate			OK	通常掲載可	OK	5576861.0	11.03	2.61	34.43	1.11	-304555.0	566.26	23.13	12.53	5
1926	ライト工業	プライム（内国株式）	2050	建設業	3	建設・資材	6	TOPIX Small 1	4070.0	5.21	212.0	5.21	212.0	5.21	配当あり	いいえ	14.1	1.9	1675.6	4380.0	2852.0	Industrials			OK	通常掲載可	OK	139216.0	12.36	14.62	71.47	0.02	10340.0	288.56	73.47	13.92	12
1928	積水ハウス	プライム（内国株式）	2050	建設業	3	建設・資材	2	TOPIX Large70	3363.0	4.34	146.0	4.32	146.0	4.34	配当あり	いいえ	8.48	1.01	21800.3	3832.0	3092.0	Consumer Cyclical			OK	通常掲載可	OK	4197922.0	8.13	3.43	42.74	0.89	121237.0	396.71	36.8	12.64	4
1929	日特建設	プライム（内国株式）	2050	建設業	3	建設・資材	7	TOPIX Small 2	1102.0	4.54	50.0	4.55	50.0	4.54	配当あり	いいえ	11.05	1.22	460.3	1465.0	1074.0	Industrials			OK	通常掲載可	OK	83797.0	6.95	24.67	60.41	0.01	2168.0	99.77	50.12	11.65	1
192A	インテグループ	グロース（内国株式）	9050	サービス業	10	情報通信・サービスその他	-	-	1366.0	7.32	100.0	8.17	100.0	7.32	配当あり	いいえ		1.61	29.2	2388.0	1175.0	Financial Services			OK	通常掲載可	OK	1892.2	26.28	-13.91	89.46		-231.1	-10.89			
1930	北陸電気工事	プライム（内国株式）	2050	建設業	3	建設・資材	7	TOPIX Small 2	1678.0	2.86	48.0	2.89	48.0	2.86	配当あり	いいえ	12.01	1.0	461.5	1821.0	1176.0	Industrials			OK	通常掲載可	OK	61028.0	8.39	9.75	74.34	0.01	29.0	139.69	34.36	8.6	1
1934	ユアテック	プライム（内国株式）	2050	建設業	3	建設・資材	6	TOPIX Small 1	2407.0	3.24	78.0	3.23	78.0	3.24	配当あり	いいえ	16.01	1.06	1653.3	3305.0	2083.0	Industrials			OK	通常掲載可	OK	252262.0	7.15	-1.92	67.83	0.05	5985.0	150.33	51.89	6.82	2
1938	日本リーテック	プライム（内国株式）	2050	建設業	3	建設・資材	7	TOPIX Small 2	2668.0	3.64	97.0	3.59	97.0	3.64	配当あり	いいえ	11.9	0.95	661.1	3245.0	1846.0	Industrials			OK	通常掲載可	OK	74044.9	9.61	7.83	68.36	0.01	3003.3	224.18	43.27	8.35	2
1939	四電工	プライム（内国株式）	2050	建設業	3	建設・資材	7	TOPIX Small 2	2028.0	4.14	84.0	4.08	84.0	4.14	配当あり	いいえ	12.8	1.35	959.9	2145.0	1278.0	Industrials			OK	通常掲載可	OK	99448.0	8.87	-6.07	68.44	0.11	1970.0	158.49	53.0	11.07	5
1941	中電工	プライム（内国株式）	2050	建設業	3	建設・資材	6	TOPIX Small 1	5380.0	2.6	140.0	2.59	140.0	2.6	配当あり	いいえ	15.74	1.17	2848.3	5720.0	3320.0	Industrials			OK	通常掲載可	OK	227849.0	11.49	2.69	76.86	0.0	24609.0	341.91	40.95	7.86	2
1942	関電工	プライム（内国株式）	2050	建設業	3	建設・資材	4	TOPIX Mid400	6726.0	1.93	130.0	1.93	130.0	1.93	配当あり	いいえ	21.56	3.43	13385.7	7460.0	3245.0	Industrials			OK	通常掲載可	OK	742022.0	11.2	10.44	61.4	0.04	73670.0	311.9	41.68	16.76	5
1944	きんでん	プライム（内国株式）	2050	建設業	3	建設・資材	4	TOPIX Mid400	7809.0	1.79	140.0	1.76	140.0	1.79	配当あり	いいえ	22.28	2.34	15460.6	8580.0	4236.0	Industrials			OK	通常掲載可	OK	750742.0	12.02	6.48	72.38	0.02	87684.0	350.42	39.95	10.97	13
1945	東京エネシス	プライム（内国株式）	2050	建設業	3	建設・資材	7	TOPIX Small 2	2081.0	3.75	78.0	3.75	78.0	3.75	配当あり	いいえ	16.15	0.95	689.5	2657.0	1324.0	Industrials			OK	通常掲載可	OK	83083.0	5.7	22.68	60.72	0.25	3822.0	128.88	60.52	6.09	11
1946	トーエネック	プライム（内国株式）	2050	建設業	3	建設・資材	7	TOPIX Small 2	2253.0	3.37	76.0	3.38	76.0	3.37	配当あり	いいえ	11.75	1.37	2091.5	2514.0	1212.0	Industrials			OK	通常掲載可	OK	272467.0	7.86	0.55	49.07	0.55	19022.0	191.81	39.62	12.29	2
1948	弘電社	スタンダード（内国株式）	2050	建設業	3	建設・資材	-	-	11490.0	0.96	110.0	0.96	110.0	0.96	配当あり	いいえ	34.72	4.01	1003.5	11500.0	2242.0	Industrials			OK	通常掲載可	OK	39263.0	7.85	12.6	65.34	0.02	916.0	330.91	33.24	12.29	2
194A	ＷＯＬＶＥＳ　ＨＡＮＤ	グロース（内国株式）	9050	サービス業	10	情報通信・サービスその他	-	-	1416.0						配当未取得		15.04	3.18	106.9	2900.0	707.0	Healthcare	配当未取得	1株配当が取得できていない	除外推奨	掲載非推奨	OK_配当データ要確認	4990.6	16.58	7.3	36.54	1.42	411.9	94.12		30.78	
1950	日本電設工業	プライム（内国株式）	2050	建設業	3	建設・資材	6	TOPIX Small 1	4250.0	2.99	127.0	2.9	127.0	2.99	配当あり	いいえ	13.74	1.15	2480.8	5380.0	2532.0	Industrials			OK	通常掲載可	OK	229207.0	10.28	5.66	64.63	0.06	4105.0	309.31	41.06	8.56	3
1951	エクシオグループ	プライム（内国株式）	2050	建設業	3	建設・資材	4	TOPIX Mid400	2684.0	2.98	80.0	2.9	80.0	2.98	配当あり	いいえ	17.77	1.6	5465.3	3058.0	1811.0	Industrials			OK	通常掲載可	OK	787715.0	6.6	17.43	49.5	0.4	20453.0	151.08	52.95	9.2	13
1952	新日本空調	プライム（内国株式）	2050	建設業	3	建設・資材	6	TOPIX Small 1	3770.0	3.18	120.0	3.2	120.0	3.18	配当あり	いいえ	14.12	2.07	1713.4	4400.0	2377.0	Industrials			OK	通常掲載可	OK	154884.0	9.77	12.49	61.06	0.03	10722.0	267.0	44.94	16.0	4
1959	クラフティア	プライム（内国株式）	2050	建設業	3	建設・資材	4	TOPIX Mid400	9269.0	2.37	220.0	2.36	220.0	2.37	配当あり	いいえ	16.38	1.89	6556.4	10580.0	5934.0	Industrials			OK	通常掲載可	OK	476122.0	11.47	0.46	66.45	0.09	7213.0	565.8	38.88	12.14	3
195A	ＭＵＳＣＡＴ　ＧＲＯＵＰ	グロース（内国株式）	9050	サービス業	10	情報通信・サービスその他	-	-	673.0						配当未取得			2.12	23.0	1459.0	645.0	Technology	配当未取得	1株配当が取得できていない	除外推奨	掲載非推奨	OK_配当データ要確認	4129.7	-9.67	38.27	32.77	1.71	-779.7	-121.45		-35.1	
1960	サンテック	スタンダード（内国株式）	2050	建設業	3	建設・資材	-	-	1396.0	3.94	55.0	3.93	55.0	3.94	配当あり	いいえ	7.75	0.64	214.3	1674.0	850.0	Industrials			OK	通常掲載可	OK	61077.0	4.93	-9.99	55.28	0.11	5226.0	180.2	30.52	8.91	1
1961	三機工業	プライム（内国株式）	2050	建設業	3	建設・資材	6	TOPIX Small 1	2867.0	2.27	65.0	2.19	65.0	2.27	配当あり	いいえ	56.27	4.21	4379.4	3275.0	1298.33	Industrials			OK	通常掲載可	OK	254673.0	10.99	0.61	55.33	0.05	10949.0	50.95	127.58	20.8	2
1963	日揮ホールディングス	プライム（内国株式）	2050	建設業	3	建設・資材	4	TOPIX Mid400	2482.5	2.09	52.0	2.08	52.0	2.09	配当あり	いいえ	14.34	1.4	6003.9	2927.5	1215.0	Industrials			OK	通常掲載可	OK	745280.0	4.75	-13.15	51.19	0.08	62173.0	173.06	30.05	10.17	0
1964	中外炉工業	プライム（内国株式）	2050	建設業	3	建設・資材	7	TOPIX Small 2	4015.0	4.48	180.0	4.46	180.0	4.48	配当あり	いいえ	6.24	0.93	281.6	5220.0	3245.0	Industrials			OK	通常掲載可	OK	37332.0	7.71	2.99	60.84	0.14	5366.0	643.57	27.97	15.49	2
1965	テクノ菱和	スタンダード（内国株式）	2050	建設業	3	建設・資材	-	-	5800.0	3.03	176.0	3.08	176.0	3.03	配当あり	いいえ	10.16	1.79	1189.2	9340.0	3485.0	Industrials			OK	通常掲載可	OK	98680.0	15.98	17.21	65.73	0.0	11522.0	570.86	30.83	19.85	2
1966	高田工業所	スタンダード（内国株式）	2050	建設業	3	建設・資材	-	-	1728.0	4.05	70.0	4.06	70.0	4.05	配当あり	いいえ	10.09	0.58	126.3	2049.0	1450.0	Industrials			OK	通常掲載可	OK	53693.6	3.31	-7.53	45.52	0.57	-2639.9	171.29	40.87	5.81	2
1967	ヤマト	スタンダード（内国株式）	2050	建設業	3	建設・資材	-	-	1990.0	3.87	77.0	3.87	77.0	3.87	配当あり	いいえ	10.07	1.04	445.5	2529.0	1631.0	Industrials			OK	通常掲載可	OK	54327.0	9.94	2.18	69.18	0.09	-2789.8	197.61	38.97	11.01	2
1968	太平電業	プライム（内国株式）	2050	建設業	3	建設・資材	6	TOPIX Small 1	2549.0	2.94	75.0	2.94	75.0	2.94	配当あり	いいえ	13.5	1.27	1608.5	3200.0	1823.33	Industrials			OK	通常掲載可	OK	141657.0	10.48	12.72	72.09	0.12	-6787.0	188.77	39.73	9.93	4
1969	高砂熱学工業	プライム（内国株式）	2050	建設業	3	建設・資材	4	TOPIX Mid400	5091.0	2.42	123.0	2.42	123.0	2.42	配当あり	いいえ	17.83	3.17	6662.2	5749.0	3401.0	Industrials			OK	通常掲載可	OK	423923.0	11.17	11.07	54.97	0.2	24659.0	285.61	43.07	19.04	4
196A	ＭＦＳ	グロース（内国株式）	7200	その他金融業	16	金融（除く銀行）	-	-	289.0						配当未取得		37.48	1.13	29.5	533.0	226.0	Financial Services	配当未取得	1株配当が取得できていない	除外推奨	掲載非推奨	OK_配当データ要確認	1889.9	-5.86	17.54	85.12	0.05	-157.0	7.71		3.72	
1972	三晃金属工業	スタンダード（内国株式）	2050	建設業	3	建設・資材	-	-	1240.0	5.16	64.0	5.12	64.0	5.16	配当あり	いいえ	9.03	1.6	239.0	1734.0	1164.0	Industrials			OK	通常掲載可	OK	47056.0	8.04	3.74	68.15	0.0	1669.0	137.27	46.62	12.16	5
1975	朝日工業社	プライム（内国株式）	2050	建設業	3	建設・資材	6	TOPIX Small 1	4485.0	3.21	144.0	3.21	144.0	3.21	配当あり	いいえ	12.53	2.28	1160.5	4825.0	2468.0	Industrials			OK	通常掲載可	OK	104822.0	11.15	14.0	50.5	0.16	8763.0	357.95	40.23	19.9	4
1976	明星工業	プライム（内国株式）	2050	建設業	3	建設・資材	7	TOPIX Small 2	1850.0	4.32	80.0	4.34	80.0	4.32	配当あり	いいえ	15.82	1.23	849.2	2049.0	1453.0	Industrials			OK	通常掲載可	OK	60299.0	12.73	-9.03	80.61	0.01	6034.0	116.97	68.39	7.88	0
1979	大氣社	プライム（内国株式）	2050	建設業	3	建設・資材	6	TOPIX Small 1	4950.0	2.79	138.0	2.78	138.0	2.79	配当あり	いいえ	20.18	1.94	3118.5	5080.0	2490.0	Industrials			OK	通常掲載可	OK	286127.0	8.15	3.59	56.12	0.01	62623.0	245.27	56.26	10.62	4
197A	タウンズ	スタンダード（内国株式）	3250	医薬品	5	医薬品	-	-	465.0	6.02	28.0	5.93	28.0	6.02	配当あり	いいえ	13.55	3.04	495.0	603.0	465.0	Healthcare			OK	通常掲載可	OK	18628.0	44.37	1.05	47.7	0.83	1697.1	34.31	81.61	12.44	1
1980	ダイダン	プライム（内国株式）	2050	建設業	3	建設・資材	6	TOPIX Small 1	2826.0	3.04	86.0	2.99	86.0	3.04	配当あり	いいえ	13.63	2.8	3656.2	3680.0	1423.33	Industrials			OK	通常掲載可	OK	256228.0	13.46	-2.48	56.22	0.03	57637.0	207.36	41.47	22.26	3
1981	協和日成	スタンダード（内国株式）	2050	建設業	3	建設・資材	-	-	1311.0	3.97	52.0	3.98	52.0	3.97	配当あり	いいえ	11.11	1.24	127.4	1947.0	1290.0	Industrials			OK	通常掲載可	OK	39385.0	3.48	5.26	66.62	0.0	1854.7	117.98	44.08	7.25	3
1982	日比谷総合設備	プライム（内国株式）	2050	建設業	3	建設・資材	7	TOPIX Small 2	3060.0	3.27	100.0	3.25	100.0	3.27	配当あり	いいえ	15.33	1.66	1258.7	3485.0	1780.0	Industrials			OK	通常掲載可	OK	94080.0	11.34	4.78	71.74	0.0	11379.0	199.58	50.11	11.46	4
198A	ＰｏｓｔＰｒｉｍｅ	グロース（内国株式）	5250	情報・通信業	10	情報通信・サービスその他	-	-	144.0						配当未取得			1.75	17.8	780.0	129.0	Technology	配当未取得	1株配当が取得できていない	除外推奨	掲載非推奨	OK_配当データ要確認	897.4	20.41	-5.07	79.62		-45.0	-15.85		-23.97	
1992	神田通信機	スタンダード（内国株式）	2050	建設業	3	建設・資材	-	-	2999.0	2.83	85.0	2.83	85.0	2.83	配当あり	いいえ	18.38	1.08	68.7	3055.0	2607.0	Technology			OK	通常掲載可	OK	6777.9	6.47	-5.6	64.88	0.06	583.2	163.15	52.1	5.97	2
1994	高橋カーテンウォール工業	スタンダード（内国株式）	2050	建設業	3	建設・資材	-	-	560.0	3.57	20.0	3.57	20.0	3.57	配当あり	いいえ	23.49	0.4	44.4	665.0	482.0	Industrials			OK	通常掲載可	OK	7338.1	1.54	-21.8	85.49	0.05	2137.3	23.84	83.89	4.49	0
1997	暁飯島工業	スタンダード（内国株式）	2050	建設業	3	建設・資材	-	-	4110.0	2.31	95.0	2.32	95.0	2.31	配当あり	いいえ	8.29	4.51	83.1	4555.0	2700.0	Industrials			OK	通常掲載可	OK	9135.7	12.34	3.52	68.85	0.08	1171.4	495.71	19.16	13.33	2
2001	ニップン	プライム（内国株式）	3050	食料品	1	食品	6	TOPIX Small 1	2741.0	2.48	68.0	2.42	68.0	2.48	配当あり	いいえ	10.66	0.8	2265.7	2880.0	2094.0	Consumer Defensive			OK	通常掲載可	OK	418425.0	5.28	1.84	59.23	0.28	25272.0	257.03	26.46	8.22	0
2002	日清製粉グループ本社	プライム（内国株式）	3050	食料品	1	食品	4	TOPIX Mid400	1944.0	3.34	65.0	3.27	65.0	3.34	配当あり	いいえ	17.15	1.05	5438.4	2198.5	1692.0	Consumer Defensive			OK	通常掲載可	OK	865004.0	5.4	1.59	61.06	0.18	28020.0	113.37	57.33	6.52	3
2003	日東富士製粉	スタンダード（内国株式）	3050	食料品	1	食品	7	TOPIX Small 2	1723.0	4.06	70.0	4.06	70.0	4.06	配当あり	いいえ	18.89	1.25	627.5	1938.0	1648.0	Consumer Defensive			OK	通常掲載可	OK	72777.0	5.25	0.6	78.49	0.01	3041.0	91.2	76.75	6.7	5
2004	昭和産業	プライム（内国株式）	3050	食料品	1	食品	7	TOPIX Small 2	3340.0	4.19	140.0	4.13	140.0	4.19	配当あり	いいえ	10.23	0.73	1085.4	3455.0	2825.0	Consumer Defensive			OK	通常掲載可	OK	335413.0	3.56	0.3	54.29	0.34	6307.0	326.46	42.88	7.4	3
2009	鳥越製粉	スタンダード（内国株式）	3050	食料品	1	食品	-	-	1067.0	4.59	49.0	4.58	49.0	4.59	配当あり	いいえ	21.96	0.69	248.6	1166.0	880.0	Consumer Defensive			OK	通常掲載可	OK	26250.5	5.0	0.31	79.1	0.08	809.1	48.58	100.86	3.12	4
2053	中部飼料	プライム（内国株式）	3050	食料品	1	食品	7	TOPIX Small 2	1838.0	4.13	76.0	4.12	76.0	4.13	配当あり	いいえ	9.64	0.73	527.4	1998.0	1579.0	Consumer Defensive			OK	通常掲載可	OK	211814.0	3.11	0.94	66.76	0.13	7193.0	190.57	39.88	7.93	2
2055	日和産業	スタンダード（内国株式）	3050	食料品	1	食品	-	-	323.0	1.86	6.0	1.87	6.0	1.86	配当あり	いいえ	15.43	0.31	58.5	415.0	293.0	Consumer Defensive			OK	通常掲載可	OK	45579.0	3.2	-6.17	61.78	0.23	773.0	20.93	28.67	2.03	0
205A	ロゴスホールディングス	グロース（内国株式）	2050	建設業	3	建設・資材	-	-	1594.0	3.98	63.39	3.96	63.39	3.98	配当あり	いいえ	13.99	1.93	62.5	2098.0	1051.0	Consumer Cyclical			OK	通常掲載可	OK	36269.3	1.34	14.36	16.13	2.24	1499.4	113.92	55.64	21.68	
2060	フィード・ワン	プライム（内国株式）	3050	食料品	1	食品	7	TOPIX Small 2	1219.0	4.27	52.0	4.24	52.0	4.27	配当あり	いいえ	7.31	0.76	466.5	1333.0	965.0	Consumer Defensive			OK	通常掲載可	OK	290675.0	2.78	-1.81	46.37	0.41	4775.0	166.75	31.18	10.89	2
206A	ＰＲＩＳＭ　ＢｉｏＬａｂ	グロース（内国株式）	3250	医薬品	5	医薬品	-	-	144.0						配当未取得			2.5	53.2	279.0	125.0	Healthcare	配当未取得	1株配当が取得できていない	除外推奨	掲載非推奨	OK_配当データ要確認	677.3	-114.34	121.62	87.79		-1536.0	-26.11		-37.11	
208A	構造計画研究所ホールディングス	スタンダード（内国株式）	5250	情報・通信業	10	情報通信・サービスその他	-	-	2838.0	4.93	140.0	5.0	140.0	4.93	配当あり	いいえ	12.68	2.82	297.9	3570.0	2431.0	Industrials			OK	通常掲載可	OK	20137.4	15.26	21.45	45.74	0.36	2509.8	223.84	62.54	22.24	1
2108	日本甜菜製糖	プライム（内国株式）	3050	食料品	1	食品	7	TOPIX Small 2	4680.0	5.56	260.0	5.47	260.0	5.56	配当あり	いいえ	11.39	0.73	550.6	4800.0	2342.0	Consumer Defensive			OK	通常掲載可	OK	68696.0	0.08	6.02	79.34	0.02	1044.0	410.83	63.29	6.65	2
2109	ＤＭ三井製糖	プライム（内国株式）	3050	食料品	1	食品	6	TOPIX Small 1	3215.0	4.35	140.0	4.35	140.0	4.35	配当あり	いいえ	25.38	0.89	1000.4	3590.0	3000.0	Consumer Defensive			OK	通常掲載可	OK	180102.0	7.17	0.74	61.56	0.34	6114.0	126.67	110.52	2.05	0
2112	塩水港精糖	スタンダード（内国株式）	3050	食料品	1	食品	-	-	432.0	3.7	16.0	3.7	16.0	3.7	配当あり	いいえ	4.3	0.58	118.9	595.0	345.0	Consumer Defensive			OK	通常掲載可	OK	32982.0	9.24	1.42	64.76	0.33	1812.0	100.48	15.92	14.86	2
2114	フジ日本	スタンダード（内国株式）	3050	食料品	1	食品	-	-	623.0	3.53	22.0	3.53	22.0	3.53	配当あり	いいえ	9.93	1.15	319.6	678.0	525.0	Consumer Defensive			OK	通常掲載可	OK	28443.0	12.5	0.83	72.03	0.18	2210.0	62.77	35.05	12.42	1
2117	ウェルネオシュガー	プライム（内国株式）	3050	食料品	1	食品	7	TOPIX Small 2	2604.0	4.53	118.0	4.56	118.0	4.53	配当あり	いいえ	13.16	1.1	852.5	3050.0	2230.0	Consumer Defensive			OK	通常掲載可	OK	112904.0	9.14	16.31	72.95	0.15	6158.0	197.83	59.65	8.59	5
211A	カドス・コーポレーション	スタンダード（内国株式）	2050	建設業	3	建設・資材	-	-	3670.0	4.9	180.0	4.92	180.0	4.9	配当あり	いいえ		0.85	37.0	5350.0	3225.0	Industrials			OK	通常掲載可	OK	6475.1	9.85	14.4	48.8	0.51	774.1	-194.35		15.55	1
2120	ＬＩＦＵＬＬ	プライム（内国株式）	9050	サービス業	10	情報通信・サービスその他	7	TOPIX Small 2	192.0	2.71	5.21	2.66	5.21	2.71	配当あり	いいえ	7.44	1.24	246.4	240.0	157.0	Communication Services			OK	通常掲載可	OK	28127.0	13.56	6.9	63.6	0.35	-3512.0	25.79	20.2	12.56	1
2121	ＭＩＸＩ	プライム（内国株式）	5250	情報・通信業	10	情報通信・サービスその他	6	TOPIX Small 1	2739.0	4.75	130.0	4.8	130.0	4.75	配当あり	いいえ	10.62	0.98	1783.3	3525.0	2449.0	Communication Services			OK	通常掲載可	OK	171369.0	12.99	10.67	65.04	0.25	9495.0	257.98	50.39	8.93	1
2122	インタースペース	スタンダード（内国株式）	9050	サービス業	10	情報通信・サービスその他	-	-	1335.0	2.25	30.0	2.31	30.0	2.25	配当あり	いいえ	21.76	1.46	83.8	1483.0	918.0	Communication Services			OK	通常掲載可	OK	8846.2	4.2	11.84	50.41		-149.0	61.36	48.89	6.81	0
2124	ジェイエイシーリクルートメント	プライム（内国株式）	9050	サービス業	10	情報通信・サービスその他	6	TOPIX Small 1	841.0	4.52	38.0	4.45	38.0	4.52	配当あり	いいえ	15.88	6.71	1336.8	1179.0	820.0	Industrials			OK	通常掲載可	OK	46089.0	25.36	17.71	72.32	0.0	9172.0	52.95	71.77	49.79	4
2127	日本Ｍ＆Ａセンターホールディングス	プライム（内国株式）	9050	サービス業	10	情報通信・サービスその他	4	TOPIX Mid400	635.3	3.94	25.0	3.93	25.0	3.94	配当あり	いいえ	16.14	4.02	2016.0	813.0	607.7	Financial Services			OK	通常掲載可	OK	50257.0	37.33	14.02	75.78	0.08	15233.0	39.35	63.53	25.48	6
212A	フィットイージー	プライム（内国株式）	9050	サービス業	10	情報通信・サービスその他	7	TOPIX Small 2	2730.0	1.65	45.0	1.62	45.0	1.65	配当あり	いいえ	23.89	7.57	455.8	3600.0	1978.0	Consumer Cyclical			OK	通常掲載可	OK	9731.5	23.76	45.82	58.43	0.09	466.4	114.25	39.39	36.91	1
2130	メンバーズ	プライム（内国株式）	9050	サービス業	10	情報通信・サービスその他	7	TOPIX Small 2	1023.0	3.42	35.0	3.35	35.0	3.42	配当あり	いいえ	10.8	1.98	131.1	1478.0	925.0	Communication Services			OK	通常掲載可	OK	24424.7	6.55	9.38	51.99	0.11	1545.6	94.69	36.96	19.49	8
2134	北浜キャピタルパートナーズ	スタンダード（内国株式）	9050	サービス業	10	情報通信・サービスその他	-	-	27.0						配当未取得			2.82	147.9	111.0	23.0	Financial Services	配当未取得	1株配当が取得できていない	除外推奨	掲載非推奨	OK_配当データ要確認	701.6	-82.53	199.21	75.62	0.13	-1757.9	-2.43		-28.11	
2136	ヒップ	スタンダード（内国株式）	9050	サービス業	10	情報通信・サービスその他	-	-	1518.0	4.68	71.0	4.69	71.0	4.68	配当あり	いいえ	13.56	3.19	57.8	1661.0	1191.0	Industrials			OK	通常掲載可	OK	6193.6	9.25	3.76	71.51	0.0	479.5	111.96	63.42	12.21	4
2138	クルーズ	スタンダード（内国株式）	5250	情報・通信業	10	情報通信・サービスその他	-	-	365.0						配当未取得			0.4	34.9	722.0	356.0	Technology	配当未取得	1株配当が取得できていない	除外推奨	掲載非推奨	OK_配当データ要確認	11820.5	0.2	-16.71	28.42	2.21	-365.6	-49.17		-5.19	0
2139	中広	スタンダード（内国株式）	9050	サービス業	10	情報通信・サービスその他	-	-	507.0	5.52	28.0	5.51	28.0	5.52	配当あり	いいえ	18.31	1.59	34.5	565.0	406.0	Communication Services			OK	通常掲載可	OK	12153.4	3.18	7.24	39.34	0.6	393.2	27.69	101.12	9.29	0
2146	ＵＴグループ	プライム（内国株式）	9050	サービス業	10	情報通信・サービスその他	6	TOPIX Small 1	173.0	7.08	12.25	7.08	12.25	7.08	配当あり	いいえ	14.84	3.2	984.1	221.0	160.47	Industrials			OK	通常掲載可	OK	166855.0	6.36	-14.32	48.51	0.32	7174.0	11.66	105.06	21.03	1
2148	アイティメディア	プライム（内国株式）	9050	サービス業	10	情報通信・サービスその他	7	TOPIX Small 2	1145.0	4.37	50.0	4.34	50.0	4.37	配当あり	いいえ	18.77	2.57	223.1	1920.0	1117.0	Communication Services			OK	通常掲載可	OK	8311.8	21.24	2.6	82.16	0.02	1664.5	61.0	81.97	13.2	0
2152	幼児活動研究会	スタンダード（内国株式）	9050	サービス業	10	情報通信・サービスその他	-	-	1414.0	1.84	26.0	1.83	26.0	1.84	配当あり	いいえ	13.36	3.47	152.7	1685.0	1289.0	Consumer Defensive			OK	通常掲載可	OK	7480.1	17.49	5.74	75.95		1171.4	105.86	24.56	10.63	4
2153	Ｅ・Ｊホールディングス	プライム（内国株式）	9050	サービス業	10	情報通信・サービスその他	7	TOPIX Small 2	1619.0	4.26	69.0	4.28	69.0	4.26	配当あり	いいえ	7.88	0.83	291.0	1937.0	1446.0	Industrials			OK	通常掲載可	OK	42705.0	10.51	14.78	65.46	0.22	2794.0	205.33	33.6	8.37	0
2154	オープンアップグループ	プライム（内国株式）	9050	サービス業	10	情報通信・サービスその他	6	TOPIX Small 1	1894.0	4.49	85.0	4.43	85.0	4.49	配当あり	いいえ	12.41	2.06	1608.9	1979.0	1632.0	Industrials			OK	通常掲載可	OK	187954.0	8.64	8.5	64.25	0.06	13123.0	152.59	55.7	17.71	5
2156	セーラー広告	スタンダード（内国株式）	9050	サービス業	10	情報通信・サービスその他	-	-	262.0	2.29	6.0	2.29	6.0	2.29	配当あり	いいえ		0.58	13.5	506.0	251.0	Communication Services			OK	通常掲載可	OK	2224.8	-1.04	6.06	53.42	0.2	-117.2	-1.0		-0.18	0
2157	コシダカホールディングス	プライム（内国株式）	9050	サービス業	10	情報通信・サービスその他	6	TOPIX Small 1	944.0	2.75	26.0	2.71	26.0	2.75	配当あり	いいえ	14.09	2.04	782.3	1484.0	903.0	Consumer Cyclical			OK	通常掲載可	OK	69387.2	16.42	9.68	51.18	0.33	5880.0	67.01	38.8	16.5	4
2158	ＦＲＯＮＴＥＯ	グロース（内国株式）	9050	サービス業	10	情報通信・サービスその他	-	-	612.0						配当未取得		44.22	6.24	239.8	1233.0	536.0	Technology	配当未取得	1株配当が取得できていない	除外推奨	掲載非推奨	OK_配当データ要確認	7643.4	9.67	25.31	41.78	1.05	-568.2	13.84		15.39	0
215A	タイミー	グロース（内国株式）	9050	サービス業	10	情報通信・サービスその他	-	-	1476.0						配当未取得		77.56	9.22	1472.1	2502.0	1032.0	Industrials	配当未取得	1株配当が取得できていない	除外推奨	掲載非推奨	OK_配当データ要確認	34289.3	19.68	27.56	43.26	0.82	2197.5	19.03		37.32	
2160	ジーエヌアイグループ	グロース（内国株式）	3250	医薬品	5	医薬品	-	-	2791.0						配当未取得			3.11	1556.1	3740.0	2112.0	Healthcare	配当未取得	1株配当が取得できていない	除外推奨	掲載非推奨	OK_配当データ要確認	26840.0	-12.93	13.68	59.85	0.11	-3965.0	-80.88		-21.63	
2162	ｎｍｓ　ホールディングス	スタンダード（内国株式）	9050	サービス業	10	情報通信・サービスその他	-	-	539.0	1.67	9.0	1.67	9.0	1.67	配当あり	いいえ	33.56	2.05	103.5	540.0	382.0	Technology			OK	通常掲載可	OK	75660.6	2.24	-0.06	13.13	4.14	2189.9	16.06	56.04	7.01	4
2163	アルトナー	プライム（内国株式）	9050	サービス業	10	情報通信・サービスその他	-	-	1970.0	3.27	64.5	3.25	64.5	3.27	配当あり	いいえ	16.62	4.07	208.8	2258.0	1858.0	Industrials			OK	通常掲載可	OK	12046.7	15.12	8.28	57.66	0.11	1328.2	118.52	54.42	25.34	1
2164	地域新聞社	スタンダード（内国株式）	9050	サービス業	10	情報通信・サービスその他	-	-	160.0						配当未取得			11.94	24.7	256.94	115.0	Communication Services	配当未取得	1株配当が取得できていない	除外推奨	掲載非推奨	OK_配当データ要確認	3153.5	1.45	5.92	28.41	1.55	-1042.0	-3.77		-135.31	1
2168	パソナグループ	プライム（内国株式）	9050	サービス業	10	情報通信・サービスその他	6	TOPIX Small 1	1515.0	0.99	15.0	1.0	15.0	0.99	配当あり	いいえ		0.44	565.9	2411.0	1345.0	Industrials			OK	通常掲載可	OK	309240.0	-0.4	-13.31	50.91	0.24	-14003.0	-142.16		-2.81	0
2169	ＣＤＳ	スタンダード（内国株式）	9050	サービス業	10	情報通信・サービスその他	-	-	1704.0	4.34	74.0	4.3	74.0	4.34	配当あり	いいえ	25.47	1.32	116.2	1850.0	1701.0	Technology			OK	通常掲載可	OK	8827.2	7.76	-15.87	83.89	0.03	1362.4	66.91	110.6	3.96	0
2170	リンクアンドモチベーション	プライム（内国株式）	9050	サービス業	10	情報通信・サービスその他	7	TOPIX Small 2	542.0	3.03	16.4	2.99	16.4	3.03	配当あり	いいえ	36.23	4.68	577.7	649.0	476.0	Industrials			OK	通常掲載可	OK	41522.0	10.12	10.85	33.15	1.14	4590.0	14.96	109.63	14.34	5
2173	博展	グロース（内国株式）	9050	サービス業	10	情報通信・サービスその他	-	-	671.0	4.02	27.0	4.05	27.0	4.02	配当あり	いいえ	5.47	2.2	105.1	1088.0	502.0	Communication Services			OK	通常掲載可	OK	23336.4	11.11	23.83	49.06	0.26	2646.6	122.61	22.02	44.81	3
2175	エス・エム・エス	プライム（内国株式）	9050	サービス業	10	情報通信・サービスその他	6	TOPIX Small 1	2203.0	1.38	30.5	1.37	30.5	1.38	配当あり	いいえ		6.77	1808.2	2248.0	1262.0	Healthcare			OK	通常掲載可	OK	64735.0	10.48	6.21	50.64	0.27	4891.0	-173.58		-38.67	9
2179	成学社	スタンダード（内国株式）	9050	サービス業	10	情報通信・サービスその他	-	-	774.0	4.26	33.0	4.22	33.0	4.26	配当あり	いいえ	7.35	0.99	42.9	826.0	737.0	Consumer Defensive			OK	通常掲載可	OK	15156.9	6.46	6.09	43.69	0.53	640.6	105.26	31.35	14.24	5
2180	サニーサイドアップグループ	スタンダード（内国株式）	9050	サービス業	10	情報通信・サービスその他	-	-	1305.0	1.99	26.0	1.99	26.0	1.99	配当あり	いいえ	12.73	3.33	193.3	1318.0	524.0	Communication Services			OK	通常掲載可	OK	17908.3	8.18	-5.53	48.38	0.24	525.0	102.52	25.36	33.24	5
2181	パーソルホールディングス	プライム（内国株式）	9050	サービス業	10	情報通信・サービスその他	4	TOPIX Mid400	242.3	5.37	13.0	5.25	13.0	5.37	配当あり	いいえ	12.64	2.46	5404.9	305.4	218.0	Industrials			OK	通常掲載可	OK	1555833.0	4.28	7.21	35.37	0.38	60516.0	19.17	67.81	20.13	5
2183	リニカル	スタンダード（内国株式）	9050	サービス業	10	情報通信・サービスその他	-	-	205.0	3.9	8.0	3.96	8.0	3.9	配当あり	いいえ		1.16	46.3	363.0	198.0	Healthcare			OK	通常掲載可	OK	8665.8	-23.92	-16.97	33.14	0.57	-1644.0	-147.42		-59.3	2
2185	シイエム・シイ	スタンダード（内国株式）	9050	サービス業	10	情報通信・サービスその他	-	-	1821.0	3.02	55.0	3.01	55.0	3.02	配当あり	いいえ	9.13	1.03	235.3	2140.0	1440.0	Technology			OK	通常掲載可	OK	18256.4	14.76	-6.49	79.54	0.01	1697.1	199.43	27.58	11.85	4
2186	ソーバル	スタンダード（内国株式）	9050	サービス業	10	情報通信・サービスその他	-	-	906.0	3.64	33.0	3.63	33.0	3.64	配当あり	いいえ	15.49	1.57	71.3	981.0	893.0	Technology			OK	通常掲載可	OK	8977.0	7.37	3.39	77.04		360.1	58.48	56.43	10.37	0
218A	Ｌｉｂｅｒａｗａｒｅ	グロース（内国株式）	3750	精密機器	9	電機・精密	-	-	1006.0						配当未取得			27.09	190.7	2868.0	705.0	Technology	配当未取得	1株配当が取得できていない	除外推奨	掲載非推奨	OK_配当データ要確認	815.3	-54.06	114.78	57.05	0.43	-262.5	-11.95		15.33	
2193	クックパッド	スタンダード（内国株式）	9050	サービス業	10	情報通信・サービスその他	7	TOPIX Small 2	114.0						配当未取得		11.94	0.67	81.9	233.0	111.0	Communication Services	配当未取得	1株配当が取得できていない	除外推奨	掲載非推奨	OK_配当データ要確認	5336.7	4.95	-9.19	91.45	0.05	1297.1	9.55		1.65	0
2195	アミタホールディングス	グロース（内国株式）	9050	サービス業	10	情報通信・サービスその他	-	-	308.0	1.62	5.0	1.61	5.0	1.62	配当あり	いいえ	17.37	1.84	54.1	675.0	288.0	Industrials			OK	通常掲載可	OK	4865.6	8.96	-1.34	38.27	0.91	-246.6	17.73	28.2	9.94	1
2198	アイ・ケイ・ケイホールディングス	プライム（内国株式）	9050	サービス業	10	情報通信・サービスその他	-	-	693.0	3.46	24.0	3.49	24.0	3.46	配当あり	いいえ	8.87	1.68	201.6	835.0	656.0	Consumer Cyclical			OK	通常掲載可	OK	22455.2	8.11	-3.47	58.39	0.2	1188.0	78.11	30.73	20.23	0
219A	Ｈｅａｒｔｓｅｅｄ	グロース（内国株式）	3250	医薬品	5	医薬品	-	-	1590.0						配当未取得		190.65	5.09	363.7	3925.0	1343.0	Healthcare	配当未取得	1株配当が取得できていない	除外推奨	掲載非推奨	OK_配当データ要確認	3026.5	8.99	246.44	93.74	0.0	1051.8	8.34		8.35	
2201	森永製菓	プライム（内国株式）	3050	食料品	1	食品	4	TOPIX Mid400	2581.5	2.71	70.0	2.69	70.0	2.71	配当あり	いいえ	12.23	1.53	2167.7	2895.0	2342.0	Consumer Defensive			OK	通常掲載可	OK	236672.0	9.46	3.37	62.83	0.14	5937.0	211.04	33.17	12.99	4
2204	中村屋	スタンダード（内国株式）	3050	食料品	1	食品	7	TOPIX Small 2	3105.0	2.42	75.0	2.37	75.0	2.42	配当あり	いいえ	19.5	0.71	177.4	3455.0	3015.0	Consumer Defensive			OK	通常掲載可	OK	37351.1	3.54	0.28	57.4	0.05	3667.2	159.26	47.09	3.64	2
2206	江崎グリコ	プライム（内国株式）	3050	食料品	1	食品	4	TOPIX Mid400	5285.0	1.8	95.0	1.78	95.0	1.8	配当あり	いいえ	66.81	1.61	3272.4	6290.0	4429.0	Consumer Defensive			OK	通常掲載可	OK	361390.0	2.42	9.14	70.51	0.0	14883.0	79.11	120.09	5.45	2
2207	ｍｅｉｔｏ	プライム（内国株式）	3050	食料品	1	食品	7	TOPIX Small 2	3220.0	2.48	80.0	2.48	80.0	2.48	配当あり	いいえ	17.58	0.84	524.9	3425.0	2015.0	Consumer Defensive			OK	通常掲載可	OK	29106.0	4.24	3.69	61.97	0.28	-12251.0	183.14	43.68	5.24	2
2208	ブルボン	スタンダード（内国株式）	3050	食料品	1	食品	-	-	3075.0	1.43	44.0	1.41	44.0	1.43	配当あり	いいえ	12.57	1.11	743.3	3375.0	2382.0	Consumer Defensive			OK	通常掲載可	OK	120303.0	6.23	6.02	66.27	0.05	5166.0	244.61	17.99	9.19	6
2209	井村屋グループ	プライム（内国株式）	3050	食料品	1	食品	7	TOPIX Small 2	2351.0	1.62	38.0	1.61	38.0	1.62	配当あり	いいえ	12.59	1.2	300.9	2684.0	2183.0	Consumer Defensive			OK	通常掲載可	OK	53723.5	5.96	5.09	57.78	0.17	-1516.0	186.76	20.35	10.13	4
220A	Ｆａｂｅｒ　Ｃｏｍｐａｎｙ	スタンダード（内国株式）	5250	情報・通信業	10	情報通信・サービスその他	-	-	924.0	3.25	30.0	3.2	30.0	3.25	配当あり	いいえ	10.81	1.07	25.4	1414.0	908.0	Technology			OK	通常掲載可	OK	2560.9	14.69	10.52	82.7		204.8	85.45	35.11	10.02	
2211	不二家	プライム（内国株式）	3050	食料品	1	食品	7	TOPIX Small 2	2341.0	1.28	30.0	1.28	30.0	1.28	配当あり	いいえ	29.72	1.01	603.4	2685.0	2265.0	Consumer Defensive			OK	通常掲載可	OK	119558.0	2.38	8.7	57.01	0.28	-6058.0	78.76	38.09	2.61	0
2212	山崎製パン	プライム（内国株式）	3050	食料品	1	食品	4	TOPIX Mid400	3142.0	1.91	60.0	1.87	60.0	1.91	配当あり	いいえ	15.19	1.34	6186.8	3653.0	2835.5	Consumer Defensive			OK	通常掲載可	OK	1311430.0	4.66	5.38	49.35	0.23	25576.0	206.85	29.01	9.09	3
2215	第一屋製パン	スタンダード（内国株式）	3050	食料品	1	食品	-	-	600.0						配当未取得		12.95	0.48	41.5	663.0	512.0	Consumer Defensive	配当未取得	1株配当が取得できていない	除外推奨	掲載非推奨	OK_配当データ要確認	28957.0	1.62	6.53	52.34	0.0	-1376.0	46.32		5.56	
2216	カンロ	スタンダード（内国株式）	3050	食料品	1	食品	-	-	1077.0	3.34	36.0	3.31	36.0	3.34	配当あり	いいえ	13.43	2.36	454.3	2470.0	1045.0	Consumer Defensive			OK	通常掲載可	OK	34771.8	13.49	9.42	56.49	0.06	-225.2	80.19	44.89	18.65	5
2217	モロゾフ	プライム（内国株式）	3050	食料品	1	食品	7	TOPIX Small 2	1536.0	1.04	16.0	1.04	16.0	1.04	配当あり	いいえ	48.18	1.55	308.1	1615.0	1460.0	Consumer Defensive			OK	通常掲載可	OK	36273.4	3.49	0.71	70.56	0.13	-3250.9	31.88	50.19	2.86	0
2220	亀田製菓	プライム（内国株式）	3050	食料品	1	食品	6	TOPIX Small 1	1190.0	2.02	24.0	1.96	24.0	2.02	配当あり	いいえ	3.05	0.73	752.7	1538.0	1165.0	Consumer Defensive			OK	通常掲載可	OK	138052.0	5.45	33.69	54.68	0.49	3909.0	389.65	6.16	27.01	14
2221	岩塚製菓	スタンダード（内国株式）	3050	食料品	1	食品	-	-	3055.0	1.05	32.0	1.05	32.0	1.05	配当あり	いいえ	15.43	0.45	313.4	3370.0	2905.0	Consumer Defensive			OK	通常掲載可	OK	28848.7	3.01	15.61	75.06	0.0	55.9	197.98	16.16	2.95	8
2222	寿スピリッツ	プライム（内国株式）	3050	食料品	1	食品	4	TOPIX Mid400	2464.0	1.42	35.0	1.41	35.0	1.42	配当あり	いいえ	30.27	7.94	3805.2	2529.0	1718.5	Consumer Defensive			OK	通常掲載可	OK	78781.0	23.61	8.89	79.69	0.0	11285.0	81.39	43.0	28.53	3
2224	コモ	スタンダード（内国株式）	3050	食料品	1	食品	-	-	3650.0	0.19	7.0	0.19	7.0	0.19	配当あり	いいえ	163.9	5.92	126.8	4035.0	3130.0	Consumer Defensive			OK	通常掲載可	OK	7323.8	2.35	2.99	45.18	0.73	194.6	22.27	31.43	3.64	0
2226	湖池屋	スタンダード（内国株式）	3050	食料品	1	食品	-	-	4705.0	1.17	55.0	1.17	55.0	1.17	配当あり	いいえ	19.36	2.36	501.9	5060.0	4405.0	Consumer Defensive			OK	通常掲載可	OK	61156.0	6.33	2.99	44.95	0.52	-3035.0	243.04	22.63	13.4	3
2229	カルビー	プライム（内国株式）	3050	食料品	1	食品	4	TOPIX Mid400	2886.0	2.39	69.0	2.34	69.0	2.39	配当あり	いいえ	20.61	1.67	3509.0	3194.0	2600.0	Consumer Defensive			OK	通常掲載可	OK	340151.0	7.69	5.45	64.28	0.18	10624.0	140.02	49.28	8.05	2
2264	森永乳業	プライム（内国株式）	3050	食料品	1	食品	4	TOPIX Mid400	1278.5	1.96	25.0	1.97	25.0	1.96	配当あり	いいえ	18.54	1.5	4126.7	1368.25	796.25	Consumer Defensive			OK	通常掲載可	OK	571458.0	6.03	1.83	50.22	0.45	35716.0	68.95	36.26	8.27	0
2266	六甲バター	プライム（内国株式）	3050	食料品	1	食品	7	TOPIX Small 2	1070.0	1.87	20.0	1.87	20.0	1.87	配当あり	いいえ	14.04	0.62	196.7	1340.0	1020.0	Consumer Defensive			OK	通常掲載可	OK	43293.3	3.32	0.86	54.68	0.22	-2055.1	76.22	26.24	5.36	0
2267	ヤクルト本社	プライム（内国株式）	3050	食料品	1	食品	4	TOPIX Mid400	2703.0	2.66	72.0	2.62	72.0	2.66	配当あり	いいえ	17.93	1.3	7802.9	3092.0	2291.0	Consumer Defensive			OK	通常掲載可	OK	499683.0	11.09	-0.68	66.43	0.19	84687.0	150.76	47.76	7.74	8
2268	Ｂ－Ｒ　サーティワン　アイスクリーム	スタンダード（内国株式）	3050	食料品	1	食品	-	-	4065.0	1.48	60.0	1.48	60.0	1.48	配当あり	いいえ	22.12	2.67	391.7	4350.0	3965.0	Consumer Defensive			OK	通常掲載可	OK	34285.5	8.07	11.72	47.11	0.14	81.2	183.74	32.65	12.77	3
2269	明治ホールディングス	プライム（内国株式）	3050	食料品	1	食品	4	TOPIX Mid400	3787.0	2.9	110.0	2.91	110.0	2.9	配当あり	いいえ	29.26	1.33	10266.6	4077.0	2907.0	Consumer Defensive			OK	通常掲載可	OK	1173688.0	7.95	1.7	61.23	0.15	-47228.0	129.41	85.0	4.82	4
2270	雪印メグミルク	プライム（内国株式）	3050	食料品	1	食品	6	TOPIX Small 1	3600.0	2.78	100.0	2.75	100.0	2.78	配当あり	いいえ	6.86	0.92	2175.8	3825.0	2710.0	Consumer Defensive			OK	通常掲載可	OK	615761.0	2.97	-0.01	55.68	0.19	-4470.0	524.89	19.05	13.38	2
2281	プリマハム	プライム（内国株式）	3050	食料品	1	食品	6	TOPIX Small 1	2340.0	3.42	80.0	3.39	80.0	3.42	配当あり	いいえ	25.62	0.96	1176.1	2929.0	2213.0	Consumer Defensive			OK	通常掲載可	OK	475574.0	1.92	3.76	50.53	0.16	2512.0	91.33	87.59	1.85	0
2282	日本ハム	プライム（内国株式）	3050	食料品	1	食品	4	TOPIX Mid400	5969.0	3.02	180.0	3.02	180.0	3.02	配当あり	いいえ	16.52	1.05	5618.8	7420.0	4783.0	Consumer Defensive			OK	通常掲載可	OK	1457391.0	3.95	6.34	53.83	0.43	47874.0	361.35	49.81	6.78	5
2286	林兼産業	スタンダード（内国株式）	3050	食料品	1	食品	-	-	873.0	5.15	45.0	5.14	45.0	5.15	配当あり	いいえ	5.68	0.53	71.3	1023.0	508.0	Consumer Defensive			OK	通常掲載可	OK	45586.0	2.89	-7.47	48.05	0.58	-45.0	153.74	29.27	10.06	1
2288	丸大食品	プライム（内国株式）	3050	食料品	1	食品	7	TOPIX Small 2	2229.0	3.59	80.0	3.58	80.0	3.59	配当あり	いいえ	5.57	0.71	537.0	2478.0	1792.0	Consumer Defensive			OK	通常掲載可	OK	238396.0	3.15	1.46	61.07	0.15	10536.0	399.93	20.0	13.66	1
228A	オプロ	グロース（内国株式）	5250	情報・通信業	10	情報通信・サービスその他	-	-	1645.0						配当未取得		16.26	2.89	37.8	2897.0	1347.0	Technology	配当未取得	1株配当が取得できていない	除外推奨	掲載非推奨	OK_配当データ要確認	2552.6	12.98	21.28	47.61	0.0	311.8	101.18		20.06	
2291	福留ハム	スタンダード（内国株式）	3050	食料品	1	食品	-	-	484.0						配当未取得			0.65	16.1	1117.0	468.0	Consumer Defensive	配当未取得	1株配当が取得できていない	除外推奨	掲載非推奨	OK_配当データ要確認	24621.0	-2.53	-2.27	14.74	3.17	-566.0	-155.0		14.63	0
2292	Ｓ　Ｆｏｏｄｓ	プライム（内国株式）	3050	食料品	1	食品	6	TOPIX Small 1	2603.0	4.23	110.0	4.16	110.0	4.23	配当あり	いいえ	8.92	0.62	824.5	3285.0	2478.0	Consumer Defensive			OK	通常掲載可	OK	472312.0	2.22	6.25	52.53	0.43	-1312.0	291.68	37.71	7.22	13
2293	滝沢ハム	スタンダード（内国株式）	3050	食料品	1	食品	-	-	2699.0	0.74	20.0	0.75	20.0	0.74	配当あり	いいえ		1.66	55.4	3090.0	2511.0	Consumer Defensive			OK	通常掲載可	OK	26565.2	-1.44	-5.42	27.67	1.47	338.5	-112.21		-6.75	0
2294	柿安本店	プライム（内国株式）	3050	食料品	1	食品	7	TOPIX Small 2	2492.0	3.41	85.0	3.39	85.0	3.41	配当あり	いいえ	29.4	1.54	238.7	3095.0	2454.0	Consumer Defensive			OK	通常掲載可	OK	36104.0	4.15	-2.56	78.37		751.0	84.77	100.27	5.31	0
2296	伊藤ハム米久ホールディングス	プライム（内国株式）	3050	食料品	1	食品	6	TOPIX Small 1	4605.0	3.37	155.0	3.3	155.0	3.37	配当あり	いいえ	12.93	0.89	2613.4	6480.0	4605.0	Consumer Defensive			OK	通常掲載可	OK	1071381.0	2.66	8.35	56.18	0.31	-12428.0	356.26	43.51	6.96	4
2300	きょくとう	スタンダード（内国株式）	9050	サービス業	10	情報通信・サービスその他	-	-	497.0	2.21	11.0	2.21	11.0	2.21	配当あり	いいえ	48.54	0.81	26.1	546.0	475.0	Consumer Cyclical			OK	通常掲載可	OK	5244.2	0.09	-2.54	52.24	0.46	85.7	10.24	107.42	7.15	0
2301	学情	プライム（内国株式）	9050	サービス業	10	情報通信・サービスその他	7	TOPIX Small 2	1590.0	4.72	75.0	4.72	75.0	4.72	配当あり	いいえ	12.3	1.45	213.6	1948.0	1506.0	Industrials			OK	通常掲載可	OK	11019.2	21.17	2.69	86.98		1427.6	129.27	58.02	11.79	5
2303	ドーン	スタンダード（内国株式）	5250	情報・通信業	10	情報通信・サービスその他	-	-	1278.0	2.19	28.0	2.17	28.0	2.19	配当あり	いいえ	18.16	2.66	76.0	1550.0	1109.0	Technology			OK	通常掲載可	OK	1646.7	34.87	9.73	89.46		301.2	70.38	39.78	16.77	10
2304	ＣＳＳホールディングス	スタンダード（内国株式）	9050	サービス業	10	情報通信・サービスその他	-	-	922.0	4.34	40.0	4.38	40.0	4.34	配当あり	いいえ	6.84	1.36	45.7	1097.0	877.0	Industrials			OK	通常掲載可	OK	19499.6	3.68	10.6	48.91	0.1	646.3	134.76	29.68	21.48	4
2305	スタジオアリス	スタンダード（内国株式）	9050	サービス業	10	情報通信・サービスその他	7	TOPIX Small 2	1859.0	2.69	50.0	2.69	50.0	2.69	配当あり	いいえ	27.14	1.04	315.7	2178.0	1720.0	Consumer Cyclical			OK	通常掲載可	OK	32928.1	6.37	-7.5	78.74	0.03	2455.6	68.49	73.0	3.79	0
2307	クロスキャット	プライム（内国株式）	5250	情報・通信業	10	情報通信・サービスその他	7	TOPIX Small 2	957.0	4.08	39.0	4.14	39.0	4.08	配当あり	いいえ	8.87	2.01	133.9	1287.0	892.0	Technology			OK	通常掲載可	OK	17314.8	11.63	6.92	61.37	0.11	2274.6	107.86	36.16	24.16	1
2311	エプコ	スタンダード（内国株式）	9050	サービス業	10	情報通信・サービスその他	-	-	737.0	5.43	40.0	5.32	40.0	5.43	配当あり	いいえ	15.53	1.43	66.0	935.0	722.0	Industrials			OK	通常掲載可	OK	6252.1	6.02	11.5	80.02	0.11	286.7	47.45	84.3	10.46	1
2315	ＣＡＩＣＡ　ＤＩＧＩＴＡＬ	スタンダード（内国株式）	5250	情報・通信業	10	情報通信・サービスその他	-	-	60.0						配当未取得			1.73	106.4	177.0	53.0	Technology	配当未取得	1株配当が取得できていない	除外推奨	掲載非推奨	OK_配当データ要確認	5195.5	1.37	-7.33	84.21	0.0	51.7	-2.5		-7.71	0
2317	システナ	プライム（内国株式）	5250	情報・通信業	10	情報通信・サービスその他	6	TOPIX Small 1	391.0	4.6	18.0	4.55	18.0	4.6	配当あり	いいえ	12.36	3.53	1397.7	555.0	385.0	Technology			OK	通常掲載可	OK	94400.0	16.28	12.89	64.85	0.04	12797.0	31.64	56.89	30.95	4
2321	ソフトフロントホールディングス	グロース（内国株式）	5250	情報・通信業	10	情報通信・サービスその他	-	-	134.0						配当未取得			3.83	69.7	449.0	109.0	Technology	配当未取得	1株配当が取得できていない	除外推奨	掲載非推奨	OK_配当データ要確認	823.6	3.48	-7.41	72.12	0.0	40.3	-1.93		-6.52	
2323	ｆｏｎｆｕｎ	スタンダード（内国株式）	5250	情報・通信業	10	情報通信・サービスその他	-	-	252.0						配当未取得		12.45	3.75	52.9	473.0	143.67	Technology	配当未取得	1株配当が取得できていない	除外推奨	掲載非推奨	OK_配当データ要確認	2111.2	11.48	66.41	43.02	0.95	251.2	20.24		30.12	
2325	ＮＪＳ	プライム（内国株式）	9050	サービス業	10	情報通信・サービスその他	7	TOPIX Small 2	4550.0	2.42	110.0	2.31	110.0	2.42	配当あり	いいえ	19.83	1.43	433.3	6750.0	4315.0	Industrials			OK	通常掲載可	OK	24854.3	13.15	10.0	81.23	0.0	1413.8	229.43	47.94	9.68	5
2326	デジタルアーツ	プライム（内国株式）	5250	情報・通信業	10	情報通信・サービスその他	6	TOPIX Small 1	3655.0	2.74	100.0	2.7	100.0	2.74	配当あり	いいえ	14.72	2.66	490.3	8280.0	3500.0	Technology			OK	通常掲載可	OK	10835.0	44.23	8.55	66.22		7121.0	248.24	40.28	19.14	1
2327	日鉄ソリューションズ	プライム（内国株式）	5250	情報・通信業	10	情報通信・サービスその他	4	TOPIX Mid400	3319.0	2.62	87.0	2.56	87.0	2.62	配当あり	いいえ	19.69	2.18	6073.2	4655.0	3075.0	Technology			OK	通常掲載可	OK	381340.0	11.59	12.72	66.86	0.09	-8774.0	168.54	51.62	11.52	4
2329	東北新社	スタンダード（内国株式）	5250	情報・通信業	10	情報通信・サービスその他	-	-	510.0	5.31	27.08	5.21	27.08	5.31	配当あり	いいえ	10.08	0.82	701.7	727.0	508.0	Communication Services			OK	通常掲載可	OK	47691.0	6.18	4.39	85.0	0.0	981.0	50.6	53.52	8.23	0
2330	フォーサイド	スタンダード（内国株式）	5250	情報・通信業	10	情報通信・サービスその他	-	-	75.0						配当未取得		7.37	1.05	32.7	315.0	69.0	Consumer Cyclical	配当未取得	1株配当が取得できていない	除外推奨	掲載非推奨	OK_配当データ要確認	8748.8	5.3	63.83	65.32	0.25	612.7	10.17		14.8	
2331	ＡＬＳＯＫ	プライム（内国株式）	9050	サービス業	10	情報通信・サービスその他	4	TOPIX Mid400	1052.5	3.14	33.0	3.09	33.0	3.14	配当あり	いいえ	15.37	1.33	5115.9	1335.0	999.7	Industrials			OK	通常掲載可	OK	597026.0	7.86	8.18	56.83	0.25	14652.0	68.46	48.2	8.77	2
2332	クエスト	スタンダード（内国株式）	5250	情報・通信業	10	情報通信・サービスその他	-	-	1730.0	3.53	61.0	3.52	61.0	3.53	配当あり	いいえ	11.36	1.19	88.7	2220.0	1382.0	Technology			OK	通常掲載可	OK	17807.7	6.13	19.23	72.02	0.0	407.3	152.33	40.04	10.88	4
2334	イオレ	グロース（内国株式）	9050	サービス業	10	情報通信・サービスその他	-	-	579.0						配当未取得			6.56	237.3	990.0	186.0	Technology	配当未取得	1株配当が取得できていない	除外推奨	掲載非推奨	OK_配当データ要確認	3549.2	-0.57	-7.04	29.67	0.71	-123.5	-15.32		-27.68	
2335	キューブシステム	プライム（内国株式）	5250	情報・通信業	10	情報通信・サービスその他	7	TOPIX Small 2	1025.0	4.68	48.0	4.69	48.0	4.68	配当あり	いいえ	9.92	1.36	155.6	1245.0	998.0	Technology			OK	通常掲載可	OK	18498.0	8.45	0.8	76.53	0.02	431.0	103.32	46.46	14.04	0
2337	いちご	プライム（内国株式）	8050	不動産業	17	不動産	6	TOPIX Small 1	432.0	3.59	15.5	3.52	15.5	3.59	配当あり	いいえ	10.44	1.49	1705.4	529.0	347.0	Real Estate			OK	通常掲載可	OK	83576.0	30.44	1.0	27.47	2.35	-33578.0	41.36	37.48	14.07	3
2338	クオンタムソリューションズ	スタンダード（内国株式）	5250	情報・通信業	10	情報通信・サービスその他	-	-	115.0						配当未取得			-16.46	56.5	850.0	91.0	Technology	配当未取得	1株配当が取得できていない	除外推奨	掲載非推奨	OK_配当データ要確認	266.8	-264.02	-61.79	-12.69		-718.4	-54.07			
2340	極楽湯ホールディングス	スタンダード（内国株式）	9050	サービス業	10	情報通信・サービスその他	-	-	492.0	1.22	6.0	1.23	6.0	1.22	配当あり	いいえ	17.32	3.17	156.1	513.0	468.0	Consumer Cyclical			OK	通常掲載可	OK	15164.2	7.52	7.68	29.33	0.84	1222.2	28.4	21.13	21.28	0
2341	アルバイトタイムス	スタンダード（内国株式）	9050	サービス業	10	情報通信・サービスその他	-	-	164.0	3.05	5.0	3.09	5.0	3.05	配当あり	いいえ	15.86	1.05	30.0	248.0	142.0	Communication Services			OK	通常掲載可	OK	4719.1	3.39	13.42	79.02	0.0	311.4	10.34	48.36	6.72	0
2342	トランスジェニックグループ	スタンダード（内国株式）	9050	サービス業	10	情報通信・サービスその他	-	-	209.0						配当未取得			0.73	34.8	487.0	168.0	Healthcare	配当未取得	1株配当が取得できていない	除外推奨	掲載非推奨	OK_配当データ要確認	13174.4	1.05	1.3	49.1	0.44	-42.6	-4.64		-2.0	0
2345	ＨＯＤＬ１	スタンダード（内国株式）	5250	情報・通信業	10	情報通信・サービスその他	-	-	117.0						配当未取得			8.95	21.7	377.0	100.0	Technology	配当未取得	1株配当が取得できていない	除外推奨	掲載非推奨	OK_配当データ要確認	26.6	-1844.3	-98.35	80.21	0.0	-646.5	-33.44		-161.88	1
2349	エヌアイデイ	スタンダード（内国株式）	5250	情報・通信業	10	情報通信・サービスその他	-	-	2500.0	1.2	30.0	1.22	30.0	1.2	配当あり	いいえ	10.91	1.13	273.1	2548.0	2191.0	Technology			OK	通常掲載可	OK	26428.7	12.76	5.85	79.02		2302.4	229.05	13.1	10.93	4
2351	ＡＳＪ	スタンダード（内国株式）	5250	情報・通信業	10	情報通信・サービスその他	-	-	302.0	0.99	3.0	0.98	3.0	0.99	配当あり	いいえ	26.75	0.81	23.6	466.0	285.0	Technology			OK	通常掲載可	OK	2662.0	4.76	-2.9	60.48	0.23	240.5	11.29	26.57	3.03	1
2353	日本駐車場開発	プライム（内国株式）	8050	不動産業	17	不動産	6	TOPIX Small 1	248.0	3.63	9.0	3.59	9.0	3.63	配当あり	いいえ	16.25	3.92	774.1	304.0	233.0	Industrials			OK	通常掲載可	OK	32693.3	19.76	2.63	37.64	1.01	648.8	15.26	58.98	26.67	15
2354	ＹＥ　ＤＩＧＩＴＡＬ	スタンダード（内国株式）	5250	情報・通信業	10	情報通信・サービスその他	-	-	774.0	3.88	30.0	3.85	30.0	3.88	配当あり	いいえ	11.5	1.69	138.0	1050.0	596.0	Technology			OK	通常掲載可	OK	20263.2	8.04	1.6	56.75		812.1	67.31	44.57	16.12	2
2359	コア	プライム（内国株式）	5250	情報・通信業	10	情報通信・サービスその他	7	TOPIX Small 2	1926.0	3.12	60.0	3.07	60.0	3.12	配当あり	いいえ	9.62	1.34	276.7	2348.0	1874.0	Technology			OK	通常掲載可	OK	26532.0	14.4	7.86	73.52	0.08	1853.9	200.28	29.96	14.67	6
2370	メディネット	グロース（内国株式）	9050	サービス業	10	情報通信・サービスその他	-	-	24.0						配当未取得			0.86	66.9	43.0	23.0	Healthcare	配当未取得	1株配当が取得できていない	除外推奨	掲載非推奨	OK_配当データ要確認	810.3	-178.39	5.44	88.8	0.0	-1445.8	-4.47		-69.34	
2371	カカクコム	プライム（内国株式）	9050	サービス業	10	情報通信・サービスその他	4	TOPIX Mid400	3390.0	1.47	50.0	1.47	50.0	1.47	配当あり	いいえ	35.71	10.32	6706.6	3568.0	1566.0	Communication Services			OK	通常掲載可	OK	94127.0	29.02	20.01	70.28	0.05	24517.0	94.92	52.68	29.62	3
2373	ケア２１	スタンダード（内国株式）	9050	サービス業	10	情報通信・サービスその他	-	-	411.0	4.14	17.0	4.14	17.0	4.14	配当あり	いいえ	52.62	1.33	55.6	613.0	389.0	Healthcare			OK	通常掲載可	OK	48158.2	1.63	6.08	14.25	4.19	1863.9	7.81	217.67	3.84	0
2375	ギグワークス	スタンダード（内国株式）	9050	サービス業	10	情報通信・サービスその他	-	-	203.0	0.99	2.0	0.98	2.0	0.99	配当あり	いいえ	23.74	1.45	40.4	320.0	198.0	Technology			OK	通常掲載可	OK	22261.9	0.07	-12.25	35.81	0.72	-26.2	8.55	23.39	6.27	1
2376	サイネックス	スタンダード（内国株式）	9050	サービス業	10	情報通信・サービスその他	-	-	824.0	1.82	15.0	1.83	15.0	1.82	配当あり	いいえ	91.45	0.57	46.2	985.0	634.0	Communication Services			OK	通常掲載可	OK	17089.6	0.98	3.63	55.79	0.36	155.4	9.01	166.48	0.62	0
2378	ルネサンス	プライム（内国株式）	9050	サービス業	10	情報通信・サービスその他	7	TOPIX Small 2	1013.0	1.28	13.0	1.28	13.0	1.28	配当あり	いいえ		1.98	191.6	1295.0	967.0	Communication Services			OK	通常掲載可	OK	64933.7	2.41	1.88	16.99	3.18	139.7	-112.45		-19.32	2
2379	ディップ	プライム（内国株式）	9050	サービス業	10	情報通信・サービスその他	6	TOPIX Small 1	1787.0	5.43	97.0	5.2	97.0	5.43	配当あり	いいえ	15.72	2.52	935.6	2509.0	1686.0	Communication Services			OK	通常掲載可	OK	54852.8	16.61	-2.72	74.43		4658.2	113.7	85.31	16.22	0
2384	ＳＢＳホールディングス	プライム（内国株式）	5050	陸運業	12	運輸・物流	6	TOPIX Small 1	4340.0	2.42	105.0	2.43	105.0	2.42	配当あり	いいえ	14.62	1.7	1723.7	5100.0	2972.0	Industrials			OK	通常掲載可	OK	490344.0	4.34	9.42	27.88	1.1	22391.0	296.78	35.38	17.24	8
2385	総医研ホールディングス	グロース（内国株式）	9050	サービス業	10	情報通信・サービスその他	-	-	209.0	4.78	10.0	4.69	10.0	4.78	配当あり	いいえ	31.43	0.89	54.7	325.0	156.0	Healthcare			OK	通常掲載可	OK	5158.5	-11.83	-36.16	89.73		-895.4	6.65	150.38	3.01	0
2388	ウェッジホールディングス	グロース（内国株式）	7200	その他金融業	16	金融（除く銀行）	-	-	50.0						配当未取得			0.79	21.2	115.0	32.0	Industrials	配当未取得	1株配当が取得できていない	除外推奨	掲載非推奨	OK_配当データ要確認	816.2	-11.18	-5.2	80.61	0.15	-16.1	-13.95		-20.22	
2391	プラネット	スタンダード（内国株式）	9050	サービス業	10	情報通信・サービスその他	-	-	1200.0	3.67	44.0	3.69	44.0	3.67	配当あり	いいえ	18.68	1.48	79.6	1356.0	1169.0	Technology			OK	通常掲載可	OK	3172.6	20.25	1.3	82.76		319.3	64.25	68.48	7.5	17
2393	日本ケアサプライ	スタンダード（内国株式）	9050	サービス業	10	情報通信・サービスその他	-	-	4345.0	1.7	74.0	1.72	74.0	1.7	配当あり	いいえ	29.93	3.63	675.2	4495.0	2012.0	Industrials			OK	通常掲載可	OK	34929.9	8.86	9.13	67.07	0.06	2557.2	145.17	50.97	12.5	0
2395	新日本科学	プライム（内国株式）	9050	サービス業	10	情報通信・サービスその他	7	TOPIX Small 2	1152.0	4.34	50.0	4.34	50.0	4.34	配当あり	いいえ	10.51	1.11	479.6	2005.0	1067.0	Healthcare			OK	通常掲載可	OK	32525.0	8.16	0.34	41.05	0.96	2990.9	109.65	45.6	10.85	0
2404	鉄人化ホールディングス	スタンダード（内国株式）	9050	サービス業	10	情報通信・サービスその他	-	-	598.0						配当未取得		19.02	8.37	79.9	645.0	451.0	Consumer Cyclical	配当未取得	1株配当が取得できていない	除外推奨	掲載非推奨	OK_配当データ要確認	8043.1	2.63	13.78	14.57	3.54	301.6	31.44		57.97	0
2408	ＫＧ情報	スタンダード（内国株式）	9050	サービス業	10	情報通信・サービスその他	-	-	835.0	4.43	37.0	4.36	37.0	4.43	配当あり	いいえ	18.2	1.02	60.2	949.0	600.0	Communication Services			OK	通常掲載可	OK	2736.1	16.11	10.91	87.41		212.8	45.88	80.65	7.76	4
2410	キャリアデザインセンター	プライム（内国株式）	9050	サービス業	10	情報通信・サービスその他	-	-	2836.0	9.87	280.0	9.82	280.0	9.87	配当あり	いいえ	12.94	3.22	149.9	2894.0	1862.0	Industrials	高利回り要確認	配当利回りが8%以上	要確認	手動確認後に掲載	OK_高利回り要確認	18646.3	8.49	5.14	59.85	0.0	1693.0	219.17	127.75	26.76	5
2411	ゲンダイエージェンシー	スタンダード（内国株式）	5250	情報・通信業	10	情報通信・サービスその他	-	-	456.0	5.7	26.0	5.73	26.0	5.7	配当あり	いいえ	10.8	1.29	50.2	514.0	388.0	Communication Services			OK	通常掲載可	OK	7531.0	8.96	-1.93	71.94	0.15	618.0	42.22	61.58	11.69	4
2413	エムスリー	プライム（内国株式）	9050	サービス業	10	情報通信・サービスその他	4	TOPIX Mid400	1776.5	1.24	22.0	1.21	22.0	1.24	配当あり	いいえ	24.53	2.9	11856.9	2746.0	1297.0	Healthcare			OK	通常掲載可	OK	351363.0	20.23	23.33	64.04	0.08	42752.0	72.42	30.38	12.58	0
2415	ヒューマンホールディングス	スタンダード（内国株式）	9050	サービス業	10	情報通信・サービスその他	-	-	1601.0	8.49	136.0	8.46	136.0	8.49	配当あり	いいえ	7.5	0.85	166.2	2111.0	1496.0	Consumer Defensive	高利回り要確認	配当利回りが8%以上	要確認	手動確認後に掲載	OK_高利回り要確認	102539.3	3.52	2.2	37.46	0.48	2278.0	213.54	63.69	11.78	2
2418	ツカダ・グローバルホールディング	スタンダード（内国株式）	9050	サービス業	10	情報通信・サービスその他	-	-	594.0	2.36	14.0	2.31	14.0	2.36	配当あり	いいえ	5.9	0.75	279.4	755.0	534.0	Consumer Cyclical			OK	通常掲載可	OK	73095.0	13.05	15.03	26.55	2.09	6650.0	100.6	13.92	13.9	3
241A	ＲＯＸＸ	グロース（内国株式）	5250	情報・通信業	10	情報通信・サービスその他	-	-	431.0						配当未取得		2.46	1.92	31.4	1299.0	416.0	Technology	配当未取得	1株配当が取得できていない	除外推奨	掲載非推奨	OK_配当データ要確認	4513.2	-16.0	29.81	34.76	1.2	-1038.6	174.91		76.89	
2424	ブラス	スタンダード（内国株式）	9050	サービス業	10	情報通信・サービスその他	-	-	614.0	1.3	8.0	1.32	8.0	1.3	配当あり	いいえ	10.67	0.75	32.7	723.0	591.0	Consumer Cyclical			OK	通常掲載可	OK	12726.5	3.57	-4.03	35.03	1.12	-628.4	57.52	13.91	5.33	0
2425	ケアサービス	スタンダード（内国株式）	9050	サービス業	10	情報通信・サービスその他	-	-	643.0	3.42	22.0	3.49	22.0	3.42	配当あり	いいえ	21.19	0.86	24.4	849.0	620.0	Healthcare			OK	通常掲載可	OK	9217.2	1.43	-6.34	76.41	0.01	-43.8	30.35	72.49	11.74	6
2428	ウェルネット	スタンダード（内国株式）	9050	サービス業	10	情報通信・サービスその他	-	-	611.0	4.83	29.5	4.84	29.5	4.83	配当あり	いいえ	11.35	1.29	115.8	797.0	595.0	Technology			OK	通常掲載可	OK	10132.3	12.06	7.51	30.87	0.21	890.9	53.84	54.79	11.31	3
2429	ワールドホールディングス	プライム（内国株式）	9050	サービス業	10	情報通信・サービスその他	7	TOPIX Small 2	2458.0	5.53	136.0	5.54	136.0	5.53	配当あり	いいえ	6.66	0.91	440.0	2901.0	2221.0	Industrials			OK	通常掲載可	OK	284350.0	3.83	17.39	26.79	1.77	3263.0	369.33	36.82	13.36	1
2432	ディー・エヌ・エー	プライム（内国株式）	5250	情報・通信業	10	情報通信・サービスその他	4	TOPIX Mid400	2527.5	2.61	66.0	2.69	66.0	2.61	配当あり	いいえ	14.78	1.17	2469.0	2885.0	2200.5	Industrials			OK	通常掲載可	OK	147700.0	12.66	-9.94	69.81	0.07	28581.0	171.04	38.59	7.47	1
2433	博報堂ＤＹホールディングス	プライム（内国株式）	9050	サービス業	10	情報通信・サービスその他	4	TOPIX Mid400	1123.0	2.85	32.0	2.79	32.0	2.85	配当あり	いいえ	24.37	1.04	4031.9	1260.0	973.5	Communication Services			OK	通常掲載可	OK	861003.0	5.19	-9.68	35.99	0.32	56916.0	46.09	69.43	4.32	0
2435	シダー	スタンダード（内国株式）	9050	サービス業	10	情報通信・サービスその他	-	-	206.0	3.88	8.0	3.86	8.0	3.88	配当あり	いいえ	4.41	1.18	23.1	294.0	201.0	Healthcare			OK	通常掲載可	OK	18164.0	3.72	1.88	9.94	7.04	818.0	46.68	17.14	30.27	1
2436	共同ピーアール	スタンダード（内国株式）	9050	サービス業	10	情報通信・サービスその他	-	-	541.0	2.96	16.0	2.94	16.0	2.96	配当あり	いいえ	11.16	2.11	94.5	551.5	413.0	Communication Services			OK	通常掲載可	OK	8554.6	15.23	16.81	65.15	0.08	804.3	48.47	33.01	23.72	7
2437	Ｓｈｉｎｗａ　Ｗｉｓｅ　Ｈｏｌｄｉｎｇｓ	スタンダード（内国株式）	9050	サービス業	10	情報通信・サービスその他	-	-	510.0						配当未取得			2.76	56.2	794.0	236.0	Consumer Cyclical	配当未取得	1株配当が取得できていない	除外推奨	掲載非推奨	OK_配当データ要確認	2067.6	0.6	1.55	70.87	0.12	-227.6	-56.13		-21.42	0
2438	アスカネット	グロース（内国株式）	9050	サービス業	10	情報通信・サービスその他	-	-	311.0	2.25	7.0	2.24	7.0	2.25	配当あり	いいえ	16.42	0.87	46.7	436.0	302.0	Consumer Cyclical			OK	通常掲載可	OK	7263.0	2.39	3.19	84.83		555.7	18.94	36.96	5.46	0
2440	ぐるなび	スタンダード（内国株式）	9050	サービス業	10	情報通信・サービスその他	7	TOPIX Small 2	118.0						配当未取得		28.23	1.28	66.5	267.0	115.0	Communication Services	配当未取得	1株配当が取得できていない	除外推奨	掲載非推奨	OK_配当データ要確認	14132.7	2.84	5.01	47.76	0.63	-1631.2	4.18		4.6	0
2445	タカミヤ	スタンダード（内国株式）	9050	サービス業	10	情報通信・サービスその他	7	TOPIX Small 2	398.0	5.03	20.0	5.05	20.0	5.03	配当あり	いいえ	10.51	0.78	182.5	482.0	315.0	Industrials			OK	通常掲載可	OK	45212.0	7.23	3.16	31.51	1.61	3665.0	37.86	52.83	7.55	1
2449	プラップジャパン	スタンダード（内国株式）	9050	サービス業	10	情報通信・サービスその他	-	-	1050.0	3.9	41.0	3.9	41.0	3.9	配当あり	いいえ	9.9	0.87	46.8	1224.0	990.0	Industrials			OK	通常掲載可	OK	7388.1	9.72	7.31	76.52	0.0	488.6	106.05	38.66	8.71	1
244A	グロースエクスパートナーズ	グロース（内国株式）	5250	情報・通信業	10	情報通信・サービスその他	-	-	1200.0						配当未取得		8.63	1.11	40.3	2672.0	1045.0	Technology	配当未取得	1株配当が取得できていない	除外推奨	掲載非推奨	OK_配当データ要確認	5086.7	15.22	15.03	71.44	0.12	539.5	139.0		12.86	
2454	オールアバウト	スタンダード（内国株式）	9050	サービス業	10	情報通信・サービスその他	-	-	332.0	0.3	1.0	0.3	1.0	0.3	配当あり	いいえ		1.31	46.8	420.0	330.0	Communication Services			OK	通常掲載可	OK	15464.5	-0.7	-3.07	50.61		-628.6	-33.67		-10.65	0
2459	アウンコンサルティング	スタンダード（内国株式）	9050	サービス業	10	情報通信・サービスその他	-	-	162.0						配当未取得			3.79	12.2	564.0	154.0	Communication Services	配当未取得	1株配当が取得できていない	除外推奨	掲載非推奨	OK_配当データ要確認	270.8	-38.78	-38.66	44.02	0.68	-47.4	-14.55		-29.72	1
245A	ＩＮＧＳ	グロース（内国株式）	6100	小売業	14	小売	-	-	2286.0						配当未取得		16.21	2.72	57.7	3720.0	2250.0	Consumer Cyclical	配当未取得	1株配当が取得できていない	除外推奨	掲載非推奨	OK_配当データ要確認	7732.6	6.35	20.47	22.88	1.48	75.7	141.0		16.78	
2461	ファンコミュニケーションズ	プライム（内国株式）	9050	サービス業	10	情報通信・サービスその他	7	TOPIX Small 2	399.0	5.26	21.0	5.26	21.0	5.26	配当あり	いいえ	20.24	1.62	262.0	549.0	399.0	Communication Services			OK	通常掲載可	OK	7096.7	27.69	1.94	76.68		1921.7	19.71	106.54	6.14	1
2462	ライク	プライム（内国株式）	9050	サービス業	10	情報通信・サービスその他	7	TOPIX Small 2	1477.0	4.06	60.0	4.08	60.0	4.06	配当あり	いいえ	12.22	1.61	283.4	1650.0	1350.0	Industrials			OK	通常掲載可	OK	62336.2	4.73	3.09	44.0	0.67	1863.0	120.85	49.65	13.25	1
2464	Ａｏｂａ‐ＢＢＴ	スタンダード（内国株式）	9050	サービス業	10	情報通信・サービスその他	-	-	316.0	3.48	11.0	3.48	11.0	3.48	配当あり	いいえ	14.58	0.85	40.0	363.0	304.0	Consumer Defensive			OK	通常掲載可	OK	7668.8	5.94	-0.41	63.58	0.02	417.2	21.68	50.74	5.93	0
2469	ヒビノ	スタンダード（内国株式）	9050	サービス業	10	情報通信・サービスその他	-	-	2758.0	1.63	45.0	1.66	45.0	1.63	配当あり	いいえ	8.96	1.95	273.5	4370.0	2266.0	Technology			OK	通常掲載可	OK	67603.0	7.49	13.67	31.57	1.07	5889.0	307.9	14.62	23.45	0
246A	アスア	グロース（内国株式）	9050	サービス業	10	情報通信・サービスその他	-	-	1002.0	0.7	7.0	0.7	7.0	0.7	配当あり	いいえ	22.67	2.53	25.6	1220.0	572.0	Industrials			OK	通常掲載可	OK	1363.7	12.05	10.09	48.98	0.4	107.2	44.19	15.84	9.53	
2471	エスプール	プライム（内国株式）	9050	サービス業	10	情報通信・サービスその他	7	TOPIX Small 2	260.0	3.85	10.0	3.89	10.0	3.85	配当あり	いいえ	14.09	2.17	203.1	368.0	222.0	Industrials			OK	通常掲載可	OK	26029.0	9.29	1.86	24.51	2.4	3692.0	18.45	54.2	13.99	0
2475	ＷＤＢホールディングス	プライム（内国株式）	9050	サービス業	10	情報通信・サービスその他	7	TOPIX Small 2	1742.0	6.49	113.0	6.5	113.0	6.49	配当あり	いいえ	12.29	1.02	334.2	1880.0	1483.0	Industrials			OK	通常掲載可	OK	50305.0	8.87	-1.63	77.3		-1025.5	141.73	79.73	8.82	0
2477	手間いらず	スタンダード（内国株式）	5250	情報・通信業	10	情報通信・サービスその他	7	TOPIX Small 2	2225.0	1.8	40.0	1.8	40.0	1.8	配当あり	いいえ	12.74	8.09	131.3	3385.0	2101.0	Communication Services			OK	通常掲載可	OK	2185.3	73.63	7.97	93.77		1056.5	174.7	22.9	6.31	4
2479	ジェイテック	スタンダード（内国株式）	9050	サービス業	10	情報通信・サービスその他	-	-	230.0	8.7	20.0	8.81	20.0	8.7	配当あり	いいえ	12.53	1.25	18.5	264.0	217.0	Technology	高利回り要確認	配当利回りが8%以上	要確認	手動確認後に掲載	OK_高利回り要確認	3393.0	9.7	4.63	63.98	0.06	250.5	18.36	108.93	10.16	1
247A	Ａｉロボティクス	グロース（内国株式）	3200	化学	4	素材・化学	-	-	773.0						配当未取得		19.05	8.29	502.1	2146.0	628.0	Consumer Defensive	配当未取得	1株配当が取得できていない	除外推奨	掲載非推奨	OK_配当データ要確認	29359.0	12.95	106.67	32.82	1.33	-6228.7	40.57		56.73	
2480	システム・ロケーション	スタンダード（内国株式）	5250	情報・通信業	10	情報通信・サービスその他	-	-	1700.0	2.24	38.0	2.24	38.0	2.24	配当あり	いいえ	20.2	1.48	60.0	1974.0	1418.0	Industrials			OK	通常掲載可	OK	1733.5	34.86	3.99	82.54		625.2	84.15	45.16	7.67	0
2481	タウンニュース社	スタンダード（内国株式）	9050	サービス業	10	情報通信・サービスその他	-	-	635.0	3.15	20.0	3.16	20.0	3.15	配当あり	いいえ	9.16	0.63	35.1	829.0	627.0	Communication Services			OK	通常掲載可	OK	3677.0	12.57	-1.58	88.19		347.6	69.33	28.85	8.09	4
2483	翻訳センター	スタンダード（内国株式）	9050	サービス業	10	情報通信・サービスその他	-	-	2133.0	6.56	140.0	6.61	140.0	6.56	配当あり	いいえ	15.49	1.02	71.6	2208.0	1733.0	Industrials			OK	通常掲載可	OK	10871.5	6.49	-3.02	80.05	0.0	565.4	137.74	101.64	6.7	4
2484	出前館	スタンダード（内国株式）	5250	情報・通信業	10	情報通信・サービスその他	-	-	121.0						配当未取得			0.53	134.8	242.0	114.0	Consumer Cyclical	配当未取得	1株配当が取得できていない	除外推奨	掲載非推奨	OK_配当データ要確認	39721.0	-12.39	-21.21	73.69		-4970.0	-60.58		-23.59	0
2485	ティア	スタンダード（内国株式）	9050	サービス業	10	情報通信・サービスその他	-	-	467.0	4.28	20.0	4.26	20.0	4.28	配当あり	いいえ	26.84	1.16	105.1	623.0	438.0	Consumer Cyclical			OK	通常掲載可	OK	21563.0	7.62	14.46	30.87	1.43	1011.0	17.4	114.94	4.34	0
2488	ＪＴＰ	スタンダード（内国株式）	9050	サービス業	10	情報通信・サービスその他	-	-	1332.0	3.75	50.0	3.82	50.0	3.75	配当あり	いいえ	11.04	2.54	73.3	1679.0	1117.0	Technology			OK	通常掲載可	OK	9897.0	9.73	7.44	61.66		644.7	120.6	41.46	11.05	0
2489	アドウェイズ	スタンダード（内国株式）	9050	サービス業	10	情報通信・サービスその他	7	TOPIX Small 2	289.0	2.27	6.57	2.26	6.57	2.27	配当あり	いいえ	44.74	0.81	112.9	370.0	253.0	Communication Services			OK	通常掲載可	OK	12219.5	2.43	-3.67	61.25		-554.5	6.46	101.7	3.43	1
248A	キッズスター	グロース（内国株式）	5250	情報・通信業	10	情報通信・サービスその他	-	-	852.0						配当未取得		14.05	0.93	22.3	2330.0	825.0	Technology	配当未取得	1株配当が取得できていない	除外推奨	掲載非推奨	OK_配当データ要確認	1157.1	21.47	27.41	84.07		143.7	60.65		6.96	
2491	バリューコマース	プライム（内国株式）	9050	サービス業	10	情報通信・サービスその他	7	TOPIX Small 2	454.0	3.52	16.0	3.52	16.0	3.52	配当あり	いいえ	20.16	0.81	98.4	858.0	408.0	Communication Services			OK	通常掲載可	OK	24169.0	8.16	-20.52	75.46		1561.0	22.52	71.05	3.89	0
2492	インフォマート	プライム（内国株式）	9050	サービス業	10	情報通信・サービスその他	6	TOPIX Small 1	380.0	1.73	6.58	1.71	6.58	1.73	配当あり	いいえ	44.76	3.43	1012.7	490.0	298.0	Technology			OK	通常掲載可	OK	18817.1	15.22	20.38	66.82	0.19	3093.2	8.49	77.5	10.98	3
2493	イーサポートリンク	スタンダード（内国株式）	9050	サービス業	10	情報通信・サービスその他	-	-	931.0	0.54	5.0	0.54	5.0	0.54	配当あり	いいえ	28.03	1.12	41.2	1027.0	897.0	Technology			OK	通常掲載可	OK	6470.1	2.19	19.67	60.72	0.18	-378.6	33.21	15.06	3.58	0
2497	ユナイテッド	グロース（内国株式）	9050	サービス業	10	情報通信・サービスその他	-	-	502.0	4.38	22.0	4.37	22.0	4.38	配当あり	いいえ		1.09	188.0	761.0	471.0	Technology			OK	通常掲載可	OK	8863.1	-13.78	-26.36	86.18	0.01	-4169.6	-41.35		-8.46	0
2498	オリエンタルコンサルタンツホールディングス	スタンダード（内国株式）	9050	サービス業	10	情報通信・サービスその他	-	-	3015.0	4.15	125.0	4.15	125.0	4.15	配当あり	いいえ	8.16	1.19	358.8	3600.0	2500.0	Industrials			OK	通常掲載可	OK	95365.5	5.9	10.53	36.4	0.65	-2917.1	369.33	33.85	15.75	5
2499	日本和装ホールディングス	スタンダード（内国株式）	9050	サービス業	10	情報通信・サービスその他	-	-	286.0	6.99	20.0	7.04	20.0	6.99	配当あり	いいえ	11.22	0.72	25.9	421.0	265.0	Industrials			OK	通常掲載可	OK	4486.0	8.37	-4.65	42.55	1.09	380.4	25.5	78.43	6.03	1
2501	サッポロホールディングス	プライム（内国株式）	3050	食料品	1	食品	4	TOPIX Mid400	1872.0	2.14	40.0	1.97	40.0	2.14	配当あり	いいえ	48.54	3.4	7297.8	2112.5	1363.8	Consumer Defensive			OK	通常掲載可	OK	506861.0	4.82	-1.09	33.48	0.91	31246.0	38.57	103.71	7.0	3
2502	アサヒグループホールディングス	プライム（内国株式）	3050	食料品	1	食品	2	TOPIX Large70	1512.5	3.44	52.0	3.36	52.0	3.44	配当あり	いいえ	13.1	0.81	22125.9	2005.5	1452.5	Consumer Defensive			OK	通常掲載可	OK	2939422.0	9.15	6.15	49.39	0.48	267466.0	115.48	45.03	5.8	23
2503	キリンホールディングス	プライム（内国株式）	3050	食料品	1	食品	2	TOPIX Large70	2734.0	2.78	76.0	2.7	76.0	2.78	配当あり	いいえ	15.01	1.67	21848.1	2878.0	1966.0	Consumer Defensive			OK	通常掲載可	OK	2433363.0	8.62	4.06	36.83	0.72	62260.0	182.12	41.73	12.19	1
250A	シマダヤ	スタンダード（内国株式）	3050	食料品	1	食品	7	TOPIX Small 2	1625.0	3.32	54.0	3.3	54.0	3.32	配当あり	いいえ	9.49	1.26	232.5	1980.0	1520.0	Consumer Defensive			OK	通常掲載可	OK	41061.2	9.18	3.62	71.0	0.01	1134.5	171.18	31.55	14.22	
2531	宝ホールディングス	プライム（内国株式）	3050	食料品	1	食品	4	TOPIX Mid400	2195.0	1.41	31.0	1.38	31.0	1.41	配当あり	いいえ	36.29	1.63	4219.8	2332.5	1183.0	Consumer Defensive			OK	通常掲載可	OK	394316.0	4.33	8.72	50.47	0.37	-4849.0	60.49	51.25	2.77	1
2533	オエノンホールディングス	プライム（内国株式）	3050	食料品	1	食品	7	TOPIX Small 2	493.0	2.43	12.0	2.49	12.0	2.43	配当あり	いいえ	9.01	1.04	278.4	655.0	409.0	Consumer Defensive			OK	通常掲載可	OK	87630.0	4.72	4.19	44.2	0.11	3568.0	54.74	21.92	13.43	3
253A	ＥＴＳグループ	スタンダード（内国株式）	2050	建設業	3	建設・資材	-	-	1088.0	2.11	23.0	2.12	23.0	2.11	配当あり	いいえ	10.33	1.84	69.3	1519.0	746.0	Industrials			OK	通常掲載可	OK	11261.2	6.37	39.47	37.16	0.97	-1171.0	105.36	21.83	19.23	2
2540	養命酒製造	プライム（内国株式）	3050	食料品	1	食品	7	TOPIX Small 2							配当未取得								yfinanceデータなし	yfinanceで株価・配当データが取得できなかった	除外推奨	掲載非推奨	データなし										
254A	ＡＩフュージョンキャピタルグループ	スタンダード（内国株式）	7100	証券、商品先物取引業	16	金融（除く銀行）	-	-	989.0						配当未取得			2.06	86.1	1439.0	814.0	Financial Services	配当未取得	1株配当が取得できていない	除外推奨	掲載非推奨	OK_配当データ要確認	3088.0	46.18	507.87	58.31	0.71	-206.0	-143.28		-3.09	
255A	ジーエルテクノホールディングス	スタンダード（内国株式）	3750	精密機器	9	電機・精密	-	-	6480.0	1.94	126.0	2.11	126.0	1.94	配当あり	いいえ	15.8	1.7	832.4	7140.0	2828.0	Technology			OK	通常掲載可	OK	47189.4	15.07	9.08	75.39	0.15	-312.5	410.14	30.72	11.41	5
256A	飛島ホールディングス	プライム（内国株式）	2050	建設業	3	建設・資材	7	TOPIX Small 2	1960.0	5.61	110.0	5.57	110.0	5.61	配当あり	いいえ	7.75	0.69	375.4	2684.0	1796.0	Industrials			OK	通常掲載可	OK	139255.0	4.96	0.72	33.31	0.66	1353.0	253.0	43.48	9.23	3
2573	北海道コカ・コーラボトリング	スタンダード（内国株式）	3050	食料品	1	食品	-	-	3925.0	0.76	30.0	0.76	30.0	0.76	配当あり	いいえ	31.99	1.23	534.1	4425.0	3330.0	Consumer Defensive			OK	通常掲載可	OK	59086.0	4.44	3.91	79.94	0.03	11.0	122.69	24.45	3.96	0
2579	コカ・コーラ　ボトラーズジャパンホールディングス	プライム（内国株式）	3050	食料品	1	食品	4	TOPIX Mid400	4162.0	1.73	72.0	1.68	72.0	1.73	配当あり	いいえ		1.85	6762.3	4420.0	2228.0	Consumer Defensive			OK	通常掲載可	OK	893805.0	-8.11	0.13	54.39	0.35	20725.0	-296.58		-11.06	2
2585	ライフドリンク　カンパニー	プライム（内国株式）	3050	食料品	1	食品	6	TOPIX Small 1	1486.0	2.02	30.0	1.82	30.0	2.02	配当あり	いいえ	22.39	4.69	771.1	3015.0	931.0	Consumer Defensive			OK	通常掲載可	OK	52651.0	10.12	18.22	34.95	1.38	-8274.0	66.37	45.2	22.56	3
2586	フルッタフルッタ	グロース（内国株式）	3050	食料品	1	食品	-	-	107.0						配当未取得		137.18	1.55	121.2	454.0	78.0	Consumer Defensive	配当未取得	1株配当が取得できていない	除外推奨	掲載非推奨	OK_配当データ要確認	3142.5	3.01	23.26	91.92	0.0	-1238.6	0.78		1.65	
2587	サントリービバレッジ＆フード	プライム（内国株式）	3050	食料品	1	食品	4	TOPIX Mid400	4412.0	2.72	120.0	2.67	120.0	2.72	配当あり	いいえ	15.38	1.04	13633.1	5399.0	4104.0	Consumer Defensive			OK	通常掲載可	OK	1715438.0	8.67	1.1	59.33	0.01	65301.0	286.91	41.82	8.1	0
2588	プレミアムウォーターホールディングス	スタンダード（内国株式）	3050	食料品	1	食品	-	-	3625.0	3.31	120.0	3.25	120.0	3.31	配当あり	いいえ	13.06	3.45	779.2	4350.0	3075.0	Utilities			OK	通常掲載可	OK	80323.0	15.75	4.46	23.7	2.43	18969.0	277.49	43.24	29.57	3
2590	ダイドーグループホールディングス	プライム（内国株式）	3050	食料品	1	食品	6	TOPIX Small 1	2610.0	1.15	30.0	1.12	30.0	1.15	配当あり	いいえ		1.26	827.3	2949.0	2400.0	Consumer Defensive			OK	通常掲載可	OK	241236.0	1.73	1.71	39.5	0.6	-1284.0	-957.72		-35.98	1
2593	伊藤園	プライム（内国株式）	3050	食料品	1	食品	4	TOPIX Mid400	2847.0	1.83	52.0	1.77	52.0	1.83	配当あり	いいえ	23.21	1.86	3280.6	3698.0	2630.0	Consumer Defensive			OK	通常掲載可	OK	472716.0	4.86	4.15	50.6	0.42	5752.0	122.66	42.39	2.12	3
25935	伊藤園第１種優先株式	プライム（内国株式）	3050	食料品	1	食品	-	-	1760.0	3.75	66.0	3.75	66.0	3.75	配当あり	いいえ	14.37	1.15	2028.1	1911.0	1756.0	Consumer Defensive			OK	通常掲載可	OK	472716.0	4.86	4.15	50.6	0.42	5752.0	122.5	53.88	2.12	3
2594	キーコーヒー	プライム（内国株式）	3050	食料品	1	食品	7	TOPIX Small 2	1971.0	0.61	12.0	0.61	12.0	0.61	配当あり	いいえ	42.75	1.33	422.3	2078.0	1904.0	Consumer Defensive			OK	通常掲載可	OK	93067.0	1.16	19.65	40.45	0.56	-5120.0	46.1	26.03	3.19	1
2597	ユニカフェ	スタンダード（内国株式）	3050	食料品	1	食品	-	-	1110.0	0.9	10.0	0.91	10.0	0.9	配当あり	いいえ	22.04	2.07	148.6	1187.0	916.0	Consumer Defensive			OK	通常掲載可	OK	16056.2	4.42	24.12	45.78	0.16	1110.4	50.36	19.86	10.97	1
2602	日清オイリオグループ	プライム（内国株式）	3050	食料品	1	食品	6	TOPIX Small 1	1828.0	3.28	60.0	3.26	60.0	3.28	配当あり	いいえ	7.18	0.8	1672.1	2070.0	1628.33	Consumer Defensive			OK	通常掲載可	OK	554251.0	3.07	4.4	46.59	0.61	-18816.0	254.43	23.58	11.66	0
2607	不二製油	プライム（内国株式）	3050	食料品	1	食品	4	TOPIX Mid400	3854.0	1.61	62.0	1.57	62.0	1.61	配当あり	いいえ	29.78	1.38	3313.8	4312.0	2716.5	Consumer Defensive			OK	通常掲載可	OK	772288.0	3.86	15.06	37.71	1.17	-74983.0	129.43	47.9	5.01	0
2612	かどや製油	スタンダード（内国株式）	3050	食料品	1	食品	-	-	1925.0	4.88	94.0	5.13	94.0	4.88	配当あり	いいえ	19.51	1.42	531.5	1925.0	1205.0	Consumer Defensive			OK	通常掲載可	OK	40030.0	9.54	1.47	79.07	0.0	5309.0	98.69	95.25	7.49	0
2613	Ｊ－オイルミルズ	プライム（内国株式）	3050	食料品	1	食品	7	TOPIX Small 2	2036.0	3.93	80.0	3.91	80.0	3.93	配当あり	いいえ	14.19	0.61	674.2	2131.0	1915.0	Consumer Defensive			OK	通常掲載可	OK	226574.0	1.94	-1.82	66.48	0.18	-3229.0	143.49	55.75	4.4	3
261A	日水コン	スタンダード（内国株式）	9050	サービス業	10	情報通信・サービスその他	-	-	1960.0	3.78	74.0	3.72	74.0	3.78	配当あり	いいえ	13.51	1.52	229.4	3595.0	1960.0	Industrials			OK	通常掲載可	OK	24413.7	9.75	3.74	59.78		2616.6	145.07	51.01	11.54	1
262A	インターメスティック	プライム（内国株式）	6100	小売業	14	小売	7	TOPIX Small 2	2020.0	2.52	51.0	2.5	51.0	2.52	配当あり	いいえ	15.43	2.37	618.1	3200.0	1621.0	Healthcare			OK	通常掲載可	OK	50151.0	11.95	11.83	41.25	0.73	2946.0	130.89	38.96	17.11	1
264A	Ｓｃｈｏｏ	グロース（内国株式）	9050	サービス業	10	情報通信・サービスその他	-	-	257.0						配当未取得		31.65	1.71	31.6	883.0	241.0	Consumer Defensive	配当未取得	1株配当が取得できていない	除外推奨	掲載非推奨	OK_配当データ要確認	3360.1	8.64	17.78	57.92	0.33	117.0	8.12		14.0	
2652	まんだらけ	スタンダード（内国株式）	6100	小売業	14	小売	-	-	432.0	0.23	1.0	0.25	1.0	0.23	配当あり	いいえ	9.77	4.64	139.9	443.0	285.0	Consumer Cyclical			OK	通常掲載可	OK	15183.1	11.8	5.03	62.53	0.42	-126.9	44.23	2.26	9.16	0
2653	イオン九州	スタンダード（内国株式）	6100	小売業	14	小売	-	-	2801.0	1.79	50.0	1.79	50.0	1.79	配当あり	いいえ	16.04	1.58	957.4	3135.0	2745.0	Consumer Cyclical			OK	通常掲載可	OK	547144.0	1.97	2.92	29.27	0.79	-3750.0	174.6	28.64	9.43	0
2654	アスモ	スタンダード（内国株式）	6100	小売業	14	小売	-	-	394.0	2.54	10.0	2.54	10.0	2.54	配当あり	いいえ	11.39	0.76	53.1	421.0	357.0	Consumer Defensive			OK	通常掲載可	OK	21236.7	3.07	3.44	70.02	0.01	465.5	34.58	28.92	7.04	0
2656	ベクターホールディングス	スタンダード（内国株式）	6100	小売業	14	小売	-	-	158.0						配当未取得			5.03	47.3	262.0	114.0	Communication Services	配当未取得	1株配当が取得できていない	除外推奨	掲載非推奨	OK_配当データ要確認	162.1	-354.12	2.09	67.11	0.01	-218.9	-23.04		-83.18	
2659	サンエー	プライム（内国株式）	6100	小売業	14	小売	6	TOPIX Small 1	3165.0	3.48	110.0	3.42	110.0	3.48	配当あり	いいえ	18.33	1.25	1944.2	3485.0	2632.0	Consumer Cyclical			OK	通常掲載可	OK	237155.0	7.14	4.21	78.71	0.0	8737.0	172.65	63.71	7.38	19
265A	Ｈｍｃｏｍｍ	グロース（内国株式）	5250	情報・通信業	10	情報通信・サービスその他	-	-	796.0						配当未取得		178.88	1.94	32.1	1733.0	580.0	Technology	配当未取得	1株配当が取得できていない	除外推奨	掲載非推奨	OK_配当データ要確認	1112.2	3.47	17.53	80.71	0.0	267.9	4.45		1.09	
2664	カワチ薬品	プライム（内国株式）	6100	小売業	14	小売	6	TOPIX Small 1	3365.0	2.97	100.0	2.87	100.0	2.97	配当あり	いいえ	23.49	0.65	751.5	3630.0	2731.0	Healthcare			OK	通常掲載可	OK	284492.0	2.38	-1.15	58.07	0.14	4542.0	143.23	69.82	2.78	0
2666	オートウェーブ	スタンダード（内国株式）	6100	小売業	14	小売	-	-	167.0	2.4	4.0	2.37	4.0	2.4	配当あり	いいえ	5.46	0.7	24.1	184.0	144.0	Consumer Cyclical			OK	通常掲載可	OK	9835.8	3.24	10.87	52.88	0.45	508.6	30.56	13.09	4.0	0
2667	イメージ　ワン	スタンダード（内国株式）	6050	卸売業	13	商社・卸売	-	-	127.0						配当未取得			1.13	19.2	348.0	111.0	Technology	配当未取得	1株配当が取得できていない	除外推奨	掲載非推奨	OK_配当データ要確認	866.6	-47.36	-44.56	51.54	0.01	-459.4	-37.36		-54.61	
2668	タビオ	スタンダード（内国株式）	6050	卸売業	13	商社・卸売	-	-	1257.0	2.39	30.0	2.39	30.0	2.39	配当あり	いいえ	14.99	1.59	85.2	1345.0	1180.0	Consumer Cyclical			OK	通常掲載可	OK	16812.4	5.26	-0.24	60.26	0.14	658.9	83.84	35.78	11.16	0
2669	カネ美食品	スタンダード（内国株式）	6100	小売業	14	小売	-	-	4025.0	0.94	38.0	0.96	38.0	0.94	配当あり	いいえ	21.32	1.6	381.0	4085.0	3245.0	Consumer Defensive			OK	通常掲載可	OK	86653.5	3.18	-4.23	77.92	0.0	-1213.8	188.81	20.13	4.17	0
2670	エービーシー・マート	プライム（内国株式）	6100	小売業	14	小売	4	TOPIX Mid400	2718.0	2.94	80.0	2.86	80.0	2.94	配当あり	いいえ	14.53	1.69	6730.2	3270.0	2375.5	Consumer Cyclical			OK	通常掲載可	OK	378624.0	16.72	1.73	87.45	0.0	27510.0	187.07	42.76	12.07	2
2673	夢みつけ隊	スタンダード（内国株式）	6100	小売業	14	小売	-	-	92.0						配当未取得		6.01	0.32	9.3	405.0	84.0	Consumer Cyclical	配当未取得	1株配当が取得できていない	除外推奨	掲載非推奨	OK_配当データ要確認	251.2	-5.29	-53.58	73.51	0.29	-59.3	15.31		5.79	
2674	ハードオフコーポレーション	プライム（内国株式）	6100	小売業	14	小売	7	TOPIX Small 2	2585.0	3.56	92.0	3.44	92.0	3.56	配当あり	いいえ	14.27	1.78	359.7	2731.0	1674.0	Consumer Cyclical			OK	通常掲載可	OK	39277.0	8.62	17.14	63.98	0.31	958.1	181.09	50.8	13.05	4
2676	高千穂交易	プライム（内国株式）	6050	卸売業	13	商社・卸売	7	TOPIX Small 2	2113.0	3.6	76.0	3.53	76.0	3.6	配当あり	いいえ	inf	2.24	394.7	2183.0	1873.0	Industrials			OK	通常掲載可	OK	29510.8	7.11	5.03	68.47	0.05	1820.2	0.0		8.22	5
2678	アスクル	プライム（内国株式）	6100	小売業	14	小売	6	TOPIX Small 1	1200.0	0.83	10.0	0.84	10.0	0.83	配当あり	いいえ		1.93	1074.5	1667.0	1051.0	Consumer Cyclical			OK	通常掲載可	OK	481101.0	2.91	2.0	34.15	0.47	-2540.0	-16.32		-15.32	0
2681	ゲオホールディングス	プライム（内国株式）	6100	小売業	14	小売	6	TOPIX Small 1	1988.0	1.71	34.0	1.69	34.0	1.71	配当あり	いいえ	9.06	0.81	790.9	2146.0	1531.0	Consumer Cyclical			OK	通常掲載可	OK	481249.0	2.96	12.53	33.22	1.48	3603.0	219.45	15.49	9.36	0
2683	魚喜	スタンダード（内国株式）	6100	小売業	14	小売	-	-	1002.0	1.0	10.0	1.0	10.0	1.0	配当あり	いいえ	82.67	2.8	25.2	1064.0	990.0	Consumer Defensive			OK	通常掲載可	OK	9492.6	0.93	-4.44	29.69	0.98	111.5	12.12	82.51	3.39	0
2685	アンドエスティＨＤ	プライム（内国株式）	6100	小売業	14	小売	6	TOPIX Small 1	3370.0	2.67	90.0	2.6	90.0	2.67	配当あり	いいえ	16.37	1.91	1554.5	3580.0	2569.0	Consumer Cyclical			OK	通常掲載可	OK	304351.0	5.43	3.84	58.3	0.09	6719.0	205.82	43.73	11.94	5
2686	ジーフット	スタンダード（内国株式）	6100	小売業	14	小売	-	-							配当未取得								yfinanceデータなし	yfinanceで株価・配当データが取得できなかった	除外推奨	掲載非推奨	データなし										
2687	シー・ヴイ・エス・ベイエリア	スタンダード（内国株式）	9050	サービス業	10	情報通信・サービスその他	-	-	475.0	4.21	20.0	4.21	20.0	4.21	配当あり	いいえ		0.75	23.4	660.0	471.0	Consumer Defensive			OK	通常掲載可	OK	7902.1	1.65	1.01	30.14	1.83	-233.9	-230.9		-30.36	4
2689	オルバヘルスケアホールディングス	スタンダード（内国株式）	6050	卸売業	13	商社・卸売	-	-	1878.0	4.26	80.0	4.21	80.0	4.26	配当あり	いいえ	9.03	0.89	111.3	2238.0	1780.0	Healthcare			OK	通常掲載可	OK	118564.9	1.88	7.33	26.31	0.14	1607.2	207.97	38.47	11.25	0
268A	リガク・ホールディングス	プライム（内国株式）	3750	精密機器	9	電機・精密	6	TOPIX Small 1	2686.0	0.71	19.0	0.76	19.0	0.71	配当あり	いいえ	62.83	6.96	6081.7	3400.0	717.0	Technology			OK	通常掲載可	OK	94193.0	17.74	3.91	47.73	0.7	2734.0	42.75	44.44	11.64	1
2693	ＹＫＴ	スタンダード（内国株式）	6050	卸売業	13	商社・卸売	-	-	345.0	1.45	5.0	1.46	5.0	1.45	配当あり	いいえ	72.03	0.49	40.0	548.0	221.0	Industrials			OK	通常掲載可	OK	13386.4	-1.49	12.2	46.51	0.49	789.1	4.79	104.38	4.3	0
2694	焼肉坂井ホールディングス	スタンダード（内国株式）	6100	小売業	14	小売	-	-	70.0	0.71	0.5	0.71	0.5	0.71	配当あり	いいえ		2.65	165.0	75.0	69.0	Consumer Cyclical			OK	通常掲載可	OK	24249.7	0.65	3.05	35.55	1.2	-720.8	-1.78		-6.44	0
2695	くら寿司	プライム（内国株式）	6100	小売業	14	小売	6	TOPIX Small 1	1587.0	0.95	15.0	0.93	15.0	0.95	配当あり	いいえ	36.18	1.87	1261.4	2097.5	1514.0	Consumer Cyclical			OK	通常掲載可	OK	245109.0	2.23	4.32	41.64	0.63	3813.0	43.87	34.19	4.18	0
2698	キャンドゥ	スタンダード（内国株式）	6100	小売業	14	小売	7	TOPIX Small 2	3450.0	0.49	17.0	0.49	17.0	0.49	配当あり	いいえ	124.28	5.24	552.0	3925.0	3110.0	Consumer Defensive			OK	通常掲載可	OK	87057.0	1.77	4.41	31.92	0.38	2508.0	27.76	61.24	4.26	0
269A	Ｓａｐｅｅｔ	グロース（内国株式）	5250	情報・通信業	10	情報通信・サービスその他	-	-	2218.0						配当未取得		19.58	5.52	36.3	3250.0	1965.0	Technology	配当未取得	1株配当が取得できていない	除外推奨	掲載非推奨	OK_配当データ要確認	996.3	5.54	56.91	83.37	0.0	-56.6	113.26		33.65	
2700	木徳神糧	スタンダード（内国株式）	6050	卸売業	13	商社・卸売	-	-	1760.0	2.84	50.0	2.83	50.0	2.84	配当あり	いいえ	2.61	0.7	143.9	6600.0	1719.0	Consumer Defensive			OK	通常掲載可	OK	176191.3	4.56	48.06	36.09	0.82	-1743.9	675.44	7.4	26.89	4
2702	日本マクドナルドホールディングス	スタンダード（内国株式）	6100	小売業	14	小売	-	-	7340.0	0.87	64.0	0.86	64.0	0.87	配当あり	いいえ	28.78	3.44	9759.2	8780.0	5770.0	Consumer Cyclical			OK	通常掲載可	OK	416602.0	12.78	2.74	76.95	0.0	12416.0	255.07	25.09	13.86	3
2705	大戸屋ホールディングス	スタンダード（内国株式）	6100	小売業	14	小売	-	-	7590.0	0.53	40.0	0.53	40.0	0.53	配当あり	いいえ	44.74	13.41	550.9	8100.0	5260.0	Consumer Cyclical			OK	通常掲載可	OK	37016.0	5.78	17.94	34.5	0.24	1595.0	169.65	23.58	28.1	1
2708	久世	スタンダード（内国株式）	6050	卸売業	13	商社・卸売	-	-	1920.0	2.34	45.0	2.36	45.0	2.34	配当あり	いいえ	5.05	0.92	88.8	2449.0	1586.0	Consumer Defensive			OK	通常掲載可	OK	73503.0	3.0	7.2	39.09	0.18	826.0	380.28	11.83	20.0	0
2721	ジェイホールディングス	スタンダード（内国株式）	6050	卸売業	13	商社・卸売	-	-	122.0						配当未取得			8.32	12.6	288.0	107.0	Real Estate	配当未取得	1株配当が取得できていない	除外推奨	掲載非推奨	OK_配当データ要確認	189.6	-163.78	5.59	22.45	0.0	-529.4	-29.72		-246.81	
2722	ＩＫホールディングス	スタンダード（内国株式）	6100	小売業	14	小売	-	-	356.0	2.53	9.0	2.53	9.0	2.53	配当あり	いいえ	11.21	1.04	26.9	575.0	349.0	Consumer Defensive			OK	通常掲載可	OK	15211.4	2.8	8.27	39.3	0.7	27.9	31.76	28.34	12.65	1
2726	パルグループホールディングス	プライム（内国株式）	6100	小売業	14	小売	6	TOPIX Small 1	1430.0	2.8	40.0	2.72	40.0	2.8	配当あり	いいえ	14.02	2.97	2483.1	2948.0	1325.0	Consumer Cyclical			OK	通常掲載可	OK	234704.0	11.57	12.93	50.79	0.29	17757.0	102.01	39.21	22.41	4
2730	エディオン	プライム（内国株式）	6100	小売業	14	小売	6	TOPIX Small 1	2192.0	2.28	50.0	2.22	50.0	2.28	配当あり	いいえ	15.01	0.99	2317.8	2699.0	1888.0	Consumer Cyclical			OK	通常掲載可	OK	768129.0	3.05	6.52	51.17	0.37	28879.0	146.06	34.23	6.79	2
2733	あらた	プライム（内国株式）	6050	卸売業	13	商社・卸売	6	TOPIX Small 1	2478.0	4.52	112.0	4.48	112.0	4.52	配当あり	いいえ	8.18	0.67	829.6	3275.0	2369.0	Consumer Cyclical			OK	通常掲載可	OK	1004749.0	1.31	1.88	35.68	0.43	10169.0	302.76	36.99	8.42	6
2734	サーラコーポレーション	プライム（内国株式）	6100	小売業	14	小売	7	TOPIX Small 2	1056.0	3.12	33.0	3.08	33.0	3.12	配当あり	いいえ	11.55	0.72	671.0	1228.0	908.0	Industrials			OK	通常掲載可	OK	251533.0	2.93	4.59	42.0	0.67	4810.0	91.42	36.1	7.49	2
2735	ワッツ	スタンダード（内国株式）	6100	小売業	14	小売	-	-	618.0	2.43	15.0	2.45	15.0	2.43	配当あり	いいえ	9.86	0.61	82.0	724.0	591.0	Consumer Defensive			OK	通常掲載可	OK	61578.8	2.31	0.52	47.36	0.26	-2814.0	62.67	23.93	6.32	2
2736	フェスタリアホールディングス	スタンダード（内国株式）	6100	小売業	14	小売	-	-	681.0	1.03	7.0	1.05	7.0	1.03	配当あり	いいえ	18.24	1.41	24.4	737.0	558.0	Consumer Cyclical			OK	通常掲載可	OK	9403.1	3.08	1.04	23.15	2.0	151.0	37.33	18.75	8.51	1
2737	トーメンデバイス	プライム（内国株式）	6050	卸売業	13	商社・卸売	7	TOPIX Small 2	17970.0	3.34	600.0	3.45	600.0	3.34	配当あり	いいえ	12.2	2.06	1222.1	18800.0	5750.0	Technology			OK	通常掲載可	OK	633668.0	2.96	50.28	17.17	2.0	-97581.0	1472.93	40.74	18.4	1
2742	ハローズ	プライム（内国株式）	6100	小売業	14	小売	7	TOPIX Small 2	3680.0	1.96	72.0	1.94	72.0	1.96	配当あり	いいえ	8.79	0.99	785.6	5290.0	3580.0	Consumer Defensive			OK	通常掲載可	OK	225718.0	5.53	7.1	57.15	0.14	13270.0	418.87	17.19	11.71	8
2747	北雄ラッキー	スタンダード（内国株式）	6100	小売業	14	小売	-	-	3075.0	1.63	50.0	1.61	50.0	1.63	配当あり	いいえ	35.81	0.98	38.9	3480.0	2943.0	Consumer Defensive			OK	通常掲載可	OK	37444.8	0.61	0.77	34.03	0.99	1067.6	85.87	58.23	6.05	0
2749	ＪＰホールディングス	プライム（内国株式）	9050	サービス業	10	情報通信・サービスその他	6	TOPIX Small 1	588.0	2.3	13.5	2.32	13.5	2.3	配当あり	いいえ	11.75	2.2	503.6	797.0	522.0	Industrials			OK	通常掲載可	OK	43325.9	15.08	5.3	60.02	0.23	6002.6	50.05	26.97	20.19	4
274A	ガーデン	スタンダード（内国株式）	6100	小売業	14	小売	-	-	2216.0	4.06	90.0	4.07	90.0	4.06	配当あり	いいえ	27.4	2.01	158.4	2649.0	2036.0	Consumer Cyclical			OK	通常掲載可	OK	17895.3	7.27	4.29	44.51	0.95	512.5	80.89	111.26	7.34	
2750	石光商事	スタンダード（内国株式）	6050	卸売業	13	商社・卸売	-	-	1242.0	4.03	50.0	4.06	50.0	4.03	配当あり	いいえ	7.61	0.72	96.5	1547.0	1089.0	Consumer Defensive			OK	通常掲載可	OK	76527.3	3.54	17.82	33.79	0.84	2154.9	163.11	30.65	10.26	0
2751	テンポスホールディングス	スタンダード（内国株式）	6050	卸売業	13	商社・卸売	-	-	3700.0	0.24	9.0	0.24	9.0	0.24	配当あり	いいえ	23.9	2.5	445.5	4070.0	3310.0	Consumer Cyclical			OK	通常掲載可	OK	47055.0	5.67	26.92	61.2	0.12	697.0	154.8	5.81	11.03	0
2752	フジオフードグループ本社	プライム（内国株式）	6100	小売業	14	小売	6	TOPIX Small 1	1077.0	0.28	3.0	0.27	3.0	0.28	配当あり	いいえ	608.47	6.3	552.2	1194.0	1045.0	Consumer Cyclical			OK	通常掲載可	OK	31932.0	2.27	1.94	35.52	1.02	16.0	1.77	169.49	0.83	1
2753	あみやき亭	プライム（内国株式）	6100	小売業	14	小売	7	TOPIX Small 2	1332.0	2.55	34.0	2.51	34.0	2.55	配当あり	いいえ	21.54	1.22	273.7	1595.0	1267.0	Consumer Cyclical			OK	通常掲載可	OK	37711.0	5.86	6.73	75.93	0.08	2023.0	61.83	54.99	5.71	3
2760	東京エレクトロン　デバイス	プライム（内国株式）	6050	卸売業	13	商社・卸売	6	TOPIX Small 1	3930.0	3.51	138.0	3.56	138.0	3.51	配当あり	いいえ	14.79	2.19	1157.4	4495.0	2467.0	Technology			OK	通常掲載可	OK	203748.0	5.03	-5.84	32.57	0.56	15303.0	265.78	51.92	15.34	0
2762	ＳＡＮＫＯ　ＭＡＲＫＥＴＩＮＧ　ＦＯＯＤＳ	スタンダード（内国株式）	6100	小売業	14	小売	-	-	88.0						配当未取得			18.8	35.7	109.0	87.0	Consumer Cyclical	配当未取得	1株配当が取得できていない	除外推奨	掲載非推奨	OK_配当データ要確認	9328.0	-7.32	31.03	13.55	1.16	-1110.0	-23.42		-304.05	0
2763	エフティグループ	スタンダード（内国株式）	6050	卸売業	13	商社・卸売	-	-	1016.0	6.89	70.0	6.59	70.0	6.89	配当あり	いいえ	4.67	0.86	302.0	1333.0	996.0	Technology			OK	通常掲載可	OK	34625.0	26.81	-5.08	73.52	0.12	6272.0	217.39	32.2	19.84	0
2764	ひらまつ	スタンダード（内国株式）	6100	小売業	14	小売	-	-	140.0	1.74	2.44	1.72	2.44	1.74	配当あり	いいえ	45.02	1.62	98.9	180.0	107.0	Consumer Cyclical			OK	通常掲載可	OK	10662.8	2.34	-23.06	48.55	0.65	-509.2	3.11	78.46	3.65	0
2767	円谷フィールズホールディングス	プライム（内国株式）	6050	卸売業	13	商社・卸売	6	TOPIX Small 1	1369.0	5.11	70.0	5.04	70.0	5.11	配当あり	いいえ	6.54	1.39	852.2	2498.0	1321.0	Consumer Cyclical			OK	通常掲載可	OK	174142.0	10.02	23.87	59.17	0.15	5346.0	209.17	33.47	21.54	4
2768	双日	プライム（内国株式）	6050	卸売業	13	商社・卸売	4	TOPIX Mid400	5159.0	3.49	180.0	3.48	180.0	3.49	配当あり	いいえ	10.43	0.98	10733.8	7257.0	3523.0	Industrials			OK	通常掲載可	OK	2509714.0	3.02	3.94	31.39	1.23	-63592.0	494.86	36.37	9.96	4
2769	ヴィレッジヴァンガードコーポレーション	スタンダード（内国株式）	6100	小売業	14	小売	-	-	864.0						配当未取得			2.78	67.8	1055.0	808.0	Consumer Cyclical	配当未取得	1株配当が取得できていない	除外推奨	掲載非推奨	OK_配当データ要確認	24962.0	-3.75	0.66	10.76	5.08	331.0	-454.26		-67.07	0
276A	ククレブ・アドバイザーズ	グロース（内国株式）	8050	不動産業	17	不動産	-	-	3250.0	0.83	27.0	0.87	27.0	0.83	配当あり	いいえ	103.11	3.63	164.4	8190.0	2472.0	Technology			OK	通常掲載可	OK	2555.0	23.99	101.24	55.27	0.69	-499.7	31.52	85.66	3.52	
2776	新都ホールディングス	スタンダード（内国株式）	6050	卸売業	13	商社・卸売	-	-	91.0						配当未取得		41.74	1.46	48.5	188.0	89.0	Consumer Cyclical	配当未取得	1株配当が取得できていない	除外推奨	掲載非推奨	OK_配当データ要確認	27939.6	2.12	127.21	24.31	1.7	-580.6	2.18		15.28	
2778	パレモ・ホールディングス	スタンダード（内国株式）	6100	小売業	14	小売	-	-	111.0						配当未取得		75.51	0.85	13.2	179.0	105.0	Consumer Cyclical	配当未取得	1株配当が取得できていない	除外推奨	掲載非推奨	OK_配当データ要確認	14082.6	1.35	-6.37	25.34	1.04	-439.0	1.47		3.62	0
277A	グロービング	プライム（内国株式）	9050	サービス業	10	情報通信・サービスその他	7	TOPIX Small 2	2206.0	1.36	30.0	1.35	30.0	1.36	配当あり	いいえ	28.57	8.57	627.2	3420.0	1869.0	Industrials			OK	通常掲載可	OK	8255.9	33.92	97.73	65.61		2655.6	77.21	38.86	30.0	
2780	コメ兵ホールディングス	スタンダード（内国株式）	6100	小売業	14	小売	-	-	4875.0	2.22	108.0	2.22	108.0	2.22	配当あり	いいえ	9.75	1.43	535.7	6040.0	2650.0	Real Estate			OK	通常掲載可	OK	221707.2	4.19	39.44	34.21	1.6	-5003.8	500.15	21.59	15.5	5
2782	セリア	スタンダード（内国株式）	6100	小売業	14	小売	-	-	3535.0	2.26	80.0	2.2	80.0	2.26	配当あり	いいえ	16.13	2.39	2215.4	4435.0	2709.0	Consumer Defensive			OK	通常掲載可	OK	255695.0	8.2	8.2	72.15	0.01	11177.0	219.19	36.5	14.64	0
2784	アルフレッサ　ホールディングス	プライム（内国株式）	6050	卸売業	13	商社・卸売	4	TOPIX Mid400	2153.0	3.34	72.0	3.31	72.0	3.34	配当あり	いいえ	9.38	0.77	3776.6	2685.5	1964.0	Healthcare			OK	通常掲載可	OK	3104064.0	1.17	4.83	33.67	0.07	10041.0	229.57	31.36	8.45	0
2788	アップルインターナショナル	スタンダード（内国株式）	6050	卸売業	13	商社・卸売	-	-	368.0	2.72	10.0	2.75	10.0	2.72	配当あり	いいえ	6.02	0.45	47.6	397.0	327.0	Consumer Cyclical			OK	通常掲載可	OK	40809.5	1.39	-6.82	49.99	0.79	-110.5	61.08	16.37	10.77	0
2789	カルラ	スタンダード（内国株式）	6100	小売業	14	小売	-	-	464.0	1.08	5.0	1.08	5.0	1.08	配当あり	いいえ	11.15	1.22	26.7	513.0	445.0	Consumer Cyclical			OK	通常掲載可	OK	7544.6	4.07	3.87	40.3	1.05	87.5	41.62	12.01	11.48	0
278A	Ｔｅｒｒａ　Ｄｒｏｎｅ	グロース（内国株式）	3750	精密機器	9	電機・精密	-	-	7810.0						配当未取得			16.83	761.1	19610.0	2000.0	Industrials	配当未取得	1株配当が取得できていない	除外推奨	掲載非推奨	OK_配当データ要確認	4782.6	-23.92	7.82	70.27	0.09	-1716.8	-260.26		-51.78	
2790	ナフコ	スタンダード（内国株式）	6100	小売業	14	小売	-	-	2182.0	2.66	58.0	2.71	58.0	2.66	配当あり	いいえ	242.71	0.35	536.4	2375.0	1749.0	Consumer Cyclical			OK	通常掲載可	OK	175272.0	0.93	-3.62	70.77	0.15	-3068.0	8.99	645.16	0.14	0
2791	大黒天物産	プライム（内国株式）	6100	小売業	14	小売	6	TOPIX Small 1	4180.0	0.84	35.0	0.82	35.0	0.84	配当あり	いいえ	10.42	0.93	560.6	8300.0	3965.0	Consumer Defensive			OK	通常掲載可	OK	292940.0	3.35	8.47	52.36	0.25	-4863.0	401.25	8.72	7.8	2
2792	ハニーズホールディングス	プライム（内国株式）	6100	小売業	14	小売	7	TOPIX Small 2	1384.0	3.97	55.0	3.95	55.0	3.97	配当あり	いいえ	11.27	0.82	385.8	1601.0	1315.0	Consumer Cyclical			OK	通常掲載可	OK	57701.3	10.24	2.0	84.36		2889.6	122.83	44.78	6.88	0
2795	日本プリメックス	スタンダード（内国株式）	6050	卸売業	13	商社・卸売	-	-	955.0	2.62	25.0	2.63	25.0	2.62	配当あり	いいえ	11.08	0.59	49.4	975.0	852.0	Industrials			OK	通常掲載可	OK	7043.6	6.9	-0.71	77.15		331.5	86.17	29.01	5.54	0
2796	ファーマライズホールディングス	スタンダード（内国株式）	6100	小売業	14	小売	-	-	472.0	2.97	14.0	2.95	14.0	2.97	配当あり	いいえ		0.79	54.3	558.0	472.0	Healthcare			OK	通常掲載可	OK	63508.0	0.46	16.6	21.51	2.08	609.0	-13.02		1.57	0
2798	ワイズテーブルコーポレーション	スタンダード（内国株式）	6100	小売業	14	小売	-	-	2995.0						配当未取得		48.07	11.2	98.8	3030.0	2861.0	Consumer Cyclical	配当未取得	1株配当が取得できていない	除外推奨	掲載非推奨	OK_配当データ要確認	13046.3	1.91	7.64	17.39	1.88	33.8	62.3		26.3	
2801	キッコーマン	プライム（内国株式）	3050	食料品	1	食品	4	TOPIX Mid400	1606.0	1.56	25.0	1.5	25.0	1.56	配当あり	いいえ	24.31	2.65	14880.2	1690.5	1202.0	Consumer Defensive			OK	通常掲載可	OK	745539.0	10.19	5.16	74.62	0.11	30896.0	66.05	37.85	11.46	5
2802	味の素	プライム（内国株式）	3050	食料品	1	食品	2	TOPIX Large70	6175.0	0.81	50.0	0.85	50.0	0.81	配当あり	いいえ	44.55	7.68	59024.7	6311.0	3270.0	Consumer Defensive			OK	通常掲載可	OK	1583719.0	12.08	3.47	42.53	0.55	114808.0	138.6	36.08	17.5	5
2804	ブルドックソース	プライム（内国株式）	3050	食料品	1	食品	7	TOPIX Small 2	1731.0	2.89	50.0	2.88	50.0	2.89	配当あり	いいえ	9.1	0.86	218.3	2230.0	1688.0	Consumer Defensive			OK	通常掲載可	OK	14688.7	4.17	0.49	67.71	0.17	1375.1	190.25	26.28	10.45	1
2805	ヱスビー食品	スタンダード（内国株式）	3050	食料品	1	食品	-	-	5160.0	1.16	60.0	1.15	60.0	1.16	配当あり	いいえ	14.84	1.32	1247.5	5870.0	2981.0	Consumer Defensive			OK	通常掲載可	OK	129022.0	8.0	4.45	60.21	0.25	6436.0	347.8	17.25	9.64	9
2806	ユタカフーズ	スタンダード（内国株式）	3050	食料品	1	食品	-	-	1852.0	2.16	40.0	2.15	40.0	2.16	配当あり	いいえ	63.06	0.56	128.7	2350.0	1800.0	Consumer Defensive			OK	通常掲載可	OK	14987.0	0.99	3.69	86.28	0.0	-7297.0	29.37	136.19	0.9	0
2809	キユーピー	プライム（内国株式）	3050	食料品	1	食品	4	TOPIX Mid400	4270.0	1.55	66.0	1.51	66.0	1.55	配当あり	いいえ	19.37	1.81	5835.9	4700.0	3400.0	Consumer Defensive			OK	通常掲載可	OK	513417.0	6.74	6.08	67.44	0.06	15272.0	220.48	29.93	7.76	3
280A	ＴＭＨ	グロース（内国株式）	6050	卸売業	13	商社・卸売	-	-	2068.0						配当未取得		33.68	5.67	76.9	3300.0	871.0	Technology	配当未取得	1株配当が取得できていない	除外推奨	掲載非推奨	OK_配当データ要確認	8326.9	3.92	38.38	51.22	0.27	-2392.6	61.41		22.57	
2810	ハウス食品グループ本社	プライム（内国株式）	3050	食料品	1	食品	4	TOPIX Mid400	3722.0	2.69	100.0	2.67	100.0	2.69	配当あり	いいえ	46.64	1.15	3346.1	3774.0	2756.0	Consumer Defensive			OK	通常掲載可	OK	316977.0	5.76	0.49	66.96	0.06	9940.0	79.81	125.3	2.71	0
2811	カゴメ	プライム（内国株式）	3050	食料品	1	食品	4	TOPIX Mid400	2600.0	2.23	58.0	2.2	58.0	2.23	配当あり	いいえ	16.13	1.24	2350.6	3009.0	2492.5	Consumer Defensive			OK	通常掲載可	OK	294264.0	7.58	-4.11	50.7	0.43	15537.0	161.21	35.98	7.7	0
2813	和弘食品	スタンダード（内国株式）	3050	食料品	1	食品	-	-	4000.0	5.25	210.0	5.23	210.0	5.25	配当あり	いいえ	8.66	0.97	99.8	4140.0	2946.0	Consumer Defensive			OK	通常掲載可	OK	17343.3	9.03	6.73	62.5	0.31	53.7	462.13	45.44	12.22	3
2814	佐藤食品工業	スタンダード（内国株式）	3050	食料品	1	食品	-	-	3105.0	1.8	56.0	1.83	56.0	1.8	配当あり	いいえ	15.95	0.87	111.4	3750.0	2325.0	Consumer Defensive			OK	通常掲載可	OK	6832.5	11.1	7.42	88.21	0.03	765.8	194.62	28.77	3.73	4
2815	アリアケジャパン	プライム（内国株式）	3050	食料品	1	食品	6	TOPIX Small 1	4970.0	4.83	240.0	4.78	240.0	4.83	配当あり	いいえ	16.72	1.19	1582.9	6890.0	4940.0	Consumer Defensive			OK	通常掲載可	OK	66957.0	17.6	2.38	88.27	0.0	6740.6	297.18	80.76	7.28	4
2816	ダイショー	スタンダード（内国株式）	3050	食料品	1	食品	-	-	1405.0	1.42	20.0	1.43	20.0	1.42	配当あり	いいえ	29.78	2.09	135.6	1430.0	1393.0	Consumer Defensive			OK	通常掲載可	OK	27489.0	2.5	4.76	49.35	0.48	-1844.0	47.18	42.39	9.38	0
2818	ピエトロ	スタンダード（内国株式）	3050	食料品	1	食品	-	-	1732.0	1.39	24.0	1.38	24.0	1.39	配当あり	いいえ		1.93	120.0	1800.0	1720.0	Consumer Defensive			OK	通常掲載可	OK	12146.1	1.62	9.08	43.36	0.89	-3636.4	-4.69		-0.51	0
2819	エバラ食品工業	スタンダード（内国株式）	3050	食料品	1	食品	7	TOPIX Small 2	2415.0	2.07	50.0	2.07	50.0	2.07	配当あり	いいえ	13.22	0.65	235.2	2836.0	2308.0	Consumer Defensive			OK	通常掲載可	OK	50005.0	4.81	4.26	70.98	0.01	1369.0	182.65	27.37	5.08	1
281A	インフォメティス	グロース（内国株式）	5250	情報・通信業	10	情報通信・サービスその他	-	-	628.0						配当未取得			3.79	36.4	2185.0	306.0	Technology	配当未取得	1株配当が取得できていない	除外推奨	掲載非推奨	OK_配当データ要確認	530.0	-118.62	-46.05	35.54	1.46	-707.9	-147.94		-66.06	
2820	やまみ	スタンダード（内国株式）	3050	食料品	1	食品	-	-	4965.0	1.65	82.0	1.69	82.0	1.65	配当あり	いいえ	18.86	3.05	345.9	5460.0	3510.0	Consumer Defensive			OK	通常掲載可	OK	21064.6	8.2	10.86	65.28	0.22	120.0	263.2	31.16	15.59	0
2831	はごろもフーズ	スタンダード（内国株式）	3050	食料品	1	食品	-	-	3460.0	2.02	70.0	2.02	70.0	2.02	配当あり	いいえ	12.36	0.66	325.6	3700.0	3205.0	Consumer Defensive			OK	通常掲載可	OK	75078.0	4.19	0.57	61.78	0.1	1186.5	280.03	25.0	5.79	2
285A	キオクシアホールディングス	プライム（内国株式）	3650	電気機器	9	電機・精密	4	TOPIX Mid400	88130.0						配当未取得		86.97	34.4	482284.8	112700.0	2260.0	Technology	配当未取得	1株配当が取得できていない	除外推奨	掲載非推奨	OK_配当データ要確認	2337628.0	37.23	36.99	37.91	0.9	332866.0	1013.38		51.9	
286A	ユカリア	グロース（内国株式）	9050	サービス業	10	情報通信・サービスその他	-	-	664.0						配当未取得		8.65	1.13	237.8	1044.0	613.0	Healthcare	配当未取得	1株配当が取得できていない	除外推奨	掲載非推奨	OK_配当データ要確認	24734.8	9.56	24.71	31.5	1.43	-2799.1	76.76		13.69	
2871	ニチレイ	プライム（内国株式）	3050	食料品	1	食品	4	TOPIX Mid400	2100.0	2.38	50.0	2.3	50.0	2.38	配当あり	いいえ	19.27	1.84	5263.0	2227.0	1628.0	Consumer Defensive			OK	通常掲載可	OK	716144.0	5.45	2.0	51.39	0.44	16620.0	108.98	45.88	9.94	0
2872	セイヒョー	スタンダード（内国株式）	3050	食料品	1	食品	-	-	1995.0	0.9	18.0	0.9	18.0	0.9	配当あり	いいえ	242.7	1.87	28.0	2398.0	1923.0	Consumer Defensive			OK	通常掲載可	OK	4796.7	0.74	6.96	37.62	0.83	-527.1	8.22	218.98	0.76	2
2874	横浜冷凍	プライム（内国株式）	6050	卸売業	13	商社・卸売	6	TOPIX Small 1	1983.0	1.41	28.0	1.34	28.0	1.41	配当あり	いいえ	37.17	1.37	1172.9	2713.0	853.0	Consumer Defensive			OK	通常掲載可	OK	125563.0	3.38	2.68	38.61	1.34	-8337.0	53.35	52.48	3.85	0
2875	東洋水産	プライム（内国株式）	3050	食料品	1	食品	4	TOPIX Mid400	10225.0	2.15	220.0	2.12	220.0	2.15	配当あり	いいえ	14.33	1.87	9953.3	12405.0	8838.0	Consumer Defensive			OK	通常掲載可	OK	536636.0	15.99	4.76	82.58	0.01	38911.0	713.45	30.84	13.59	4
2876	デルソーレ	スタンダード（内国株式）	3050	食料品	1	食品	-	-	465.0	2.58	12.0	2.65	12.0	2.58	配当あり	いいえ	19.51	1.1	41.4	520.0	406.0	Consumer Defensive			OK	通常掲載可	OK	14620.3	2.94	-5.09	60.81	0.01	-839.7	23.83	50.36	7.06	2
2877	日東ベスト	スタンダード（内国株式）	3050	食料品	1	食品	-	-	743.0	1.62	12.0	1.62	12.0	1.62	配当あり	いいえ	17.47	0.54	89.9	771.0	720.0	Consumer Defensive			OK	通常掲載可	OK	57492.7	1.13	2.92	40.63	0.63	1122.2	42.52	28.22	3.28	0
287A	黒田グループ	スタンダード（内国株式）	6050	卸売業	13	商社・卸売	-	-	1045.0	6.03	63.0	5.97	63.0	6.03	配当あり	いいえ	12.68	1.08	443.6	1177.0	831.0	Industrials			OK	通常掲載可	OK	122796.0	5.32	1.21	41.99	0.66	3163.0	82.4	76.46	8.84	
2882	イートアンドホールディングス	プライム（内国株式）	3050	食料品	1	食品	7	TOPIX Small 2	2023.0	0.74	15.0	0.74	15.0	0.74	配当あり	いいえ	61.64	2.05	229.8	2129.0	1912.0	Consumer Cyclical			OK	通常掲載可	OK	40456.0	2.83	8.36	34.44	0.73	-654.0	32.82	45.7	3.1	2
2883	大冷	スタンダード（内国株式）	3050	食料品	1	食品	-	-	1980.0	3.03	60.0	3.03	60.0	3.03	配当あり	いいえ	24.06	1.32	116.0	2079.0	1936.0	Industrials			OK	通常掲載可	OK	25053.4	2.64	-2.64	77.99	0.0	278.3	82.28	72.92	5.47	0
2884	ヨシムラ・フード・ホールディングス	プライム（内国株式）	3050	食料品	1	食品	7	TOPIX Small 2	633.0						配当未取得		16.44	1.22	151.1	1085.0	570.0	Consumer Defensive	配当未取得	1株配当が取得できていない	除外推奨	掲載非推奨	OK_配当データ要確認	57484.6	2.73	-1.08	20.35	2.5	-3768.0	38.51		7.22	
288A	ラクサス・テクノロジーズ	グロース（内国株式）	9050	サービス業	10	情報通信・サービスその他	-	-	94.0						配当未取得		24.87	0.8	24.3	224.0	87.0	Consumer Cyclical	配当未取得	1株配当が取得できていない	除外推奨	掲載非推奨	OK_配当データ要確認	2275.9	8.13	-11.14	70.71	0.33	-106.5	3.78		67.93	
2892	日本食品化工	スタンダード（内国株式）	3050	食料品	1	食品	-	-	4185.0	3.58	150.0	3.64	150.0	3.58	配当あり	いいえ	17.54	0.67	200.7	4250.0	3230.0	Consumer Defensive			OK	通常掲載可	OK	62993.0	1.99	0.47	59.58	0.27	4056.0	238.55	62.88	3.99	0
2894	石井食品	スタンダード（内国株式）	3050	食料品	1	食品	-	-	326.0	1.23	4.0	1.21	4.0	1.23	配当あり	いいえ		1.42	54.3	391.0	310.0	Consumer Defensive			OK	通常掲載可	OK	10869.7	2.46	3.6	50.3	0.52	-560.7	-4.46		-3.23	0
2897	日清食品ホールディングス	プライム（内国株式）	3050	食料品	1	食品	4	TOPIX Mid400	2760.0	2.54	70.0	2.51	70.0	2.54	配当あり	いいえ	17.67	1.53	7922.8	3354.0	2527.0	Consumer Defensive			OK	通常掲載可	OK	776594.0	7.87	5.96	56.05	0.24	-14412.0	156.24	44.8	9.2	0
2901	ウェルディッシュ	スタンダード（内国株式）	3050	食料品	1	食品	-	-	194.0	2.06	4.0	2.06	4.0	2.06	配当あり	いいえ	8.91	0.93	55.5	736.0	161.0	Healthcare			OK	通常掲載可	OK	1974.4	10.16	-2.04	58.5	0.48	-167.7	21.77	18.37	10.44	0
2903	シノブフーズ	スタンダード（内国株式）	3050	食料品	1	食品	-	-	1478.0	2.3	34.0	2.3	34.0	2.3	配当あり	いいえ	9.88	1.07	158.6	2119.0	1362.0	Consumer Defensive			OK	通常掲載可	OK	61974.0	3.77	7.5	53.4	0.28	1571.0	149.63	22.72	11.22	2
2904	一正蒲鉾	スタンダード（内国株式）	3050	食料品	1	食品	-	-	753.0	1.86	14.0	1.84	14.0	1.86	配当あり	いいえ	34.35	0.9	138.0	789.0	738.0	Consumer Defensive			OK	通常掲載可	OK	34579.1	2.58	0.27	48.76	0.67	-958.6	21.92	63.87	2.9	1
2907	あじかん	スタンダード（内国株式）	3050	食料品	1	食品	-	-	1505.0	3.85	58.0	3.89	58.0	3.85	配当あり	いいえ	10.29	0.62	112.7	1523.0	1187.0	Consumer Defensive			OK	通常掲載可	OK	51045.4	3.85	1.6	64.65	0.19	2347.7	146.22	39.67	6.23	3
2908	フジッコ	プライム（内国株式）	3050	食料品	1	食品	7	TOPIX Small 2	1494.0	3.08	46.0	3.07	46.0	3.08	配当あり	いいえ	29.81	0.61	425.4	1687.0	1455.0	Consumer Defensive			OK	通常掲載可	OK	55534.0	2.64	-2.7	86.93		-1161.0	50.12	91.78	2.07	0
290A	Ｓｙｎｓｐｅｃｔｉｖｅ	グロース（内国株式）	5250	情報・通信業	10	情報通信・サービスその他	-	-	1186.0						配当未取得			4.19	1564.1	2140.0	807.0	Industrials	配当未取得	1株配当が取得できていない	除外推奨	掲載非推奨	OK_配当データ要確認	2376.5	-174.11	2.58	78.57	0.24	-9963.5	-3.2		-3.17	
2910	ロック・フィールド	プライム（内国株式）	3050	食料品	1	食品	7	TOPIX Small 2	1330.0	2.26	30.0	2.28	30.0	2.26	配当あり	いいえ	349.08	1.22	347.7	1586.0	1214.0	Consumer Defensive			OK	通常掲載可	OK	51184.0	2.43	-0.34	81.87	0.04	733.0	3.81	787.4	0.34	0
2911	旭松食品	スタンダード（内国株式）	3050	食料品	1	食品	-	-	2276.0	1.54	35.0	1.55	35.0	1.54	配当あり	いいえ	18.29	0.5	41.3	2385.0	2222.0	Consumer Defensive			OK	通常掲載可	OK	7686.9	1.14	-4.12	81.39	0.09	-111.6	124.42	28.13	2.79	2
2914	日本たばこ産業	プライム（内国株式）	3050	食料品	1	食品	1	TOPIX Core30	5975.0	4.05	242.0	4.03	242.0	4.05	配当あり	いいえ	21.24	2.6	106077.6	6474.0	4139.0	Consumer Defensive			OK	通常掲載可	OK	3467675.0	24.62	13.44	48.54	0.41	351670.0	281.36	86.01	13.62	1
2915	ケンコーマヨネーズ	プライム（内国株式）	3050	食料品	1	食品	7	TOPIX Small 2	1954.0	3.58	70.0	3.51	70.0	3.58	配当あり	いいえ	9.82	0.68	281.3	2365.0	1699.0	Consumer Defensive			OK	通常掲載可	OK	92354.0	4.5	0.71	65.02	0.08	166.0	199.0	35.18	7.18	3
2916	仙波糖化工業	スタンダード（内国株式）	3050	食料品	1	食品	-	-	730.0	2.05	15.0	2.05	15.0	2.05	配当あり	いいえ	14.97	0.65	83.1	785.0	695.0	Consumer Defensive			OK	通常掲載可	OK	19423.6	4.65	3.86	59.47	0.26	802.3	48.75	30.77	4.52	0
2917	大森屋	スタンダード（内国株式）	3050	食料品	1	食品	-	-	918.0	1.09	10.0	1.09	10.0	1.09	配当あり	いいえ	50.55	0.39	45.6	963.0	883.0	Consumer Defensive			OK	通常掲載可	OK	16511.2	-0.4	1.26	48.94	0.76	-6917.5	18.16	55.07	0.78	0
2918	わらべや日洋ホールディングス	プライム（内国株式）	3050	食料品	1	食品	6	TOPIX Small 1	2591.0	4.63	120.0	4.56	120.0	4.63	配当あり	いいえ	8.43	0.76	448.7	3820.0	2404.0	Consumer Defensive			OK	通常掲載可	OK	233833.0	3.18	5.11	45.1	0.61	3031.0	307.39	39.04	9.26	1
291A	リスキル	グロース（内国株式）	9050	サービス業	10	情報通信・サービスその他	-	-	1761.0						配当未取得		6.02	1.94	35.8	3870.0	1636.0	Consumer Defensive	配当未取得	1株配当が取得できていない	除外推奨	掲載非推奨	OK_配当データ要確認	2478.4	36.24	26.53	82.04	0.0	639.8	292.29		32.23	
2922	なとり	プライム（内国株式）	3050	食料品	1	食品	7	TOPIX Small 2	1926.0	1.56	30.0	1.55	30.0	1.56	配当あり	いいえ	18.05	0.88	242.3	2040.0	1848.0	Consumer Defensive			OK	通常掲載可	OK	48584.8	3.89	-0.63	64.99	0.18	1210.9	106.7	28.12	4.98	2
2923	サトウ食品	スタンダード（内国株式）	3050	食料品	1	食品	-	-	7980.0	1.88	150.0	1.9	150.0	1.88	配当あり	いいえ	14.37	1.62	402.5	9680.0	6610.0	Consumer Defensive			OK	通常掲載可	OK	46479.0	5.8	9.15	46.02	0.83	-254.3	555.28	27.01	11.83	6
2924	イフジ産業	スタンダード（内国株式）	3050	食料品	1	食品	-	-	2026.0	3.41	69.0	3.42	69.0	3.41	配当あり	いいえ	8.25	1.31	165.1	2520.0	1783.0	Consumer Defensive			OK	通常掲載可	OK	32572.0	8.57	27.45	66.67	0.26	-1052.0	245.71	28.08	16.85	7
2926	篠崎屋	スタンダード（内国株式）	3050	食料品	1	食品	-	-	101.0	5.94	6.0	5.94	6.0	5.94	配当あり	いいえ	22.0	1.07	14.3	166.0	89.0	Consumer Defensive			OK	通常掲載可	OK	2940.2	2.01	5.54	76.84	0.0	53.1	4.59	130.72	10.06	1
2927	ＡＦＣ－ＨＤアムスライフサイエンス	スタンダード（内国株式）	3050	食料品	1	食品	-	-	846.0	4.26	36.0	4.28	36.0	4.26	配当あり	いいえ	8.8	0.77	123.2	918.0	810.0	Consumer Defensive			OK	通常掲載可	OK	32655.0	7.38	8.18	30.94	1.59	-1751.9	96.13	37.45	8.69	2
2929	ファーマフーズ	プライム（内国株式）	3050	食料品	1	食品	7	TOPIX Small 2	571.0	4.38	25.0	4.5	25.0	4.38	配当あり	いいえ		1.64	165.8	1064.0	513.0	Healthcare			OK	通常掲載可	OK	62147.0	3.9	-9.37	31.68	1.46	4513.0	-58.33		4.23	0
2930	北の達人コーポレーション	プライム（内国株式）	3200	化学	4	素材・化学	7	TOPIX Small 2	116.0	3.02	3.5	3.02	3.5	3.02	配当あり	いいえ	23.25	2.01	161.8	154.0	112.0	Consumer Defensive			OK	通常掲載可	OK	11210.3	8.93	-5.21	84.8	0.0	837.9	4.99	70.14	8.73	2
2931	ユーグレナ	プライム（内国株式）	3050	食料品	1	食品	6	TOPIX Small 1	325.0	0.62	2.0	0.6	2.0	0.62	配当あり	いいえ		1.38	452.6	513.0	318.0	Consumer Defensive			OK	通常掲載可	OK	50370.0	6.2	5.78	42.8	0.89	4593.0	-5.91		3.32	
2932	ＳＴＩフードホールディングス	スタンダード（内国株式）	3050	食料品	1	食品	-	-	1033.0	3.87	40.0	3.85	40.0	3.87	配当あり	いいえ	7.58	1.84	183.6	1424.0	1000.0	Consumer Defensive			OK	通常掲載可	OK	38605.0	6.64	8.5	45.98	0.42	1450.0	136.24	29.36	25.61	0
2933	紀文食品	プライム（内国株式）	3050	食料品	1	食品	7	TOPIX Small 2	1058.0	2.17	23.0	2.18	23.0	2.17	配当あり	いいえ	21.99	0.94	241.5	1224.0	1013.0	Consumer Defensive			OK	通常掲載可	OK	108912.1	4.14	2.25	28.65	1.34	1872.4	48.11	47.81	5.17	3
2934	ジェイフロンティア	グロース（内国株式）	3050	食料品	1	食品	-	-	1573.0						配当未取得			4.97	83.9	2050.0	1196.0	Healthcare	配当未取得	1株配当が取得できていない	除外推奨	掲載非推奨	OK_配当データ要確認	21504.5	1.37	21.39	15.33	3.09	447.2	-14.9		4.64	
2935	ピックルスホールディングス	プライム（内国株式）	3050	食料品	1	食品	7	TOPIX Small 2	1127.0	2.57	29.0	2.62	29.0	2.57	配当あり	いいえ	10.52	0.7	141.2	1394.0	965.0	Consumer Defensive			OK	通常掲載可	OK	40923.0	5.1	-1.43	66.34	0.16	3777.0	107.14	27.07	7.09	0
2936	ベースフード	グロース（内国株式）	3050	食料品	1	食品	-	-	284.0						配当未取得		57.84	11.19	151.6	555.0	272.0	Consumer Defensive	配当未取得	1株配当が取得できていない	除外推奨	掲載非推奨	OK_配当データ要確認	15191.9	1.43	-0.33	33.77	0.47	128.1	4.91		21.92	
2937	サンクゼール	グロース（内国株式）	3050	食料品	1	食品	-	-	1673.0	2.09	35.0	2.09	35.0	2.09	配当あり	いいえ	25.08	3.0	155.7	1991.0	1515.0	Consumer Defensive			OK	通常掲載可	OK	20600.6	3.84	5.82	50.8	0.34	959.2	66.7	52.47	12.18	0
2938	オカムラ食品工業	スタンダード（内国株式）	3050	食料品	1	食品	-	-	1238.0	0.65	8.0	0.61	8.0	0.65	配当あり	いいえ	26.91	3.27	622.1	1682.0	1019.0	Consumer Defensive			OK	通常掲載可	OK	35345.0	8.55	8.2	38.87	1.08	1552.0	46.0	17.39	14.63	2
2961	日本調理機	スタンダード（内国株式）	3550	金属製品	3	建設・資材	-	-	6790.0	1.33	90.0	1.35	90.0	1.33	配当あり	いいえ	13.35	0.99	75.7	7610.0	3905.0	Industrials			OK	通常掲載可	OK	18118.9	4.66	-1.76	56.33	0.05	-887.5	508.44	17.7	7.59	0
2962	テクニスコ	スタンダード（内国株式）	3550	金属製品	3	建設・資材	-	-	1858.0						配当未取得			10.74	170.8	2267.0	261.0	Industrials	配当未取得	1株配当が取得できていない	除外推奨	掲載非推奨	OK_配当データ要確認	4683.2	-10.18	-12.42	49.3	0.85	-817.9	-291.93		-86.94	
296A	令和アカウンティング・ホールディングス	グロース（内国株式）	9050	サービス業	10	情報通信・サービスその他	-	-	754.0	4.38	33.0	4.35	33.0	4.38	配当あり	いいえ	19.94	10.69	282.0	889.0	611.0	Industrials			OK	通常掲載可	OK	5705.1	34.85	14.57	65.42	0.0	1281.0	37.82	87.26	49.55	
2970	ＧＬＣ　ＧＲＯＵＰ	スタンダード（内国株式）	8050	不動産業	17	不動産	-	-	907.0						配当未取得		9.49	2.55	150.4	1274.0	750.0	Real Estate	配当未取得	1株配当が取得できていない	除外推奨	掲載非推奨	OK_配当データ要確認	24505.0	10.5	43.09	30.54	1.7	1235.0	95.55		21.59	
2975	スター・マイカ・ホールディングス	プライム（内国株式）	8050	不動産業	17	不動産	7	TOPIX Small 2	1445.0	3.53	51.0	3.17	51.0	3.53	配当あり	いいえ	11.71	1.56	548.2	1846.0	917.0	Real Estate			OK	通常掲載可	OK	69158.3	10.58	23.83	25.72	2.72	-5231.2	123.41	41.33	17.83	6
2978	ツクルバ	グロース（内国株式）	8050	不動産業	17	不動産	-	-	349.0						配当未取得		57.97	2.04	40.9	637.0	329.0	Real Estate	配当未取得	1株配当が取得できていない	除外推奨	掲載非推奨	OK_配当データ要確認	8099.0	3.39	47.71	31.45	1.89	-1499.9	6.02		1.11	
297A	アルピコホールディングス	スタンダード（内国株式）	6100	小売業	14	小売	-	-	214.0	2.34	5.0	2.35	5.0	2.34	配当あり	いいえ	7.81	0.95	147.7	260.0	206.0	Industrials			OK	通常掲載可	OK	107422.0	3.64	3.45	25.97	1.69	1161.5	27.39	18.25	13.26	
2980	ＳＲＥホールディングス	プライム（内国株式）	8050	不動産業	17	不動産	7	TOPIX Small 2	2386.0	0.84	20.0	0.85	20.0	0.84	配当あり	いいえ	20.99	2.46	384.5	4150.0	2278.0	Real Estate			OK	通常掲載可	OK	32858.6	12.72	23.11	31.74	1.72	-9174.7	113.66	17.6	12.67	
2981	ランディックス	グロース（内国株式）	8050	不動産業	17	不動産	-	-	2020.0	2.77	56.0	2.82	56.0	2.77	配当あり	いいえ	6.24	1.16	115.1	2970.0	1600.0	Real Estate			OK	通常掲載可	OK	23528.1	12.76	16.09	39.09	1.41	-373.9	323.63	17.3	20.31	4
2982	ＡＤワークスグループ	プライム（内国株式）	8050	不動産業	17	不動産	-	-	392.0	5.1	20.0	5.06	20.0	5.1	配当あり	いいえ	5.81	1.18	193.5	519.0	300.0	Real Estate			OK	通常掲載可	OK	67532.0	7.39	35.31	28.56	2.22	-7282.3	67.51	29.63	20.44	5
2983	アールプランナー	グロース（内国株式）	8050	不動産業	17	不動産	-	-	1452.0	3.1	45.0	3.09	45.0	3.1	配当あり	いいえ	6.3	1.89	155.0	2400.0	837.5	Real Estate			OK	通常掲載可	OK	48623.9	7.71	21.0	22.27	2.48	-1432.7	230.46	19.53	38.36	3
2984	ヤマイチエステート	スタンダード（内国株式）	8050	不動産業	17	不動産	-	-	738.0	4.2	31.0	4.25	31.0	4.2	配当あり	いいえ	11.3	0.46	64.0	791.0	665.0	Real Estate			OK	通常掲載可	OK	17638.5	10.95	-15.64	22.49	2.97	-8499.6	65.32	47.46	4.13	0
2986	ＬＡホールディングス	グロース（内国株式）	8050	不動産業	17	不動産	-	-	2728.0	10.7	292.0	10.51	292.0	10.7	配当あり	いいえ	9.47	2.14	625.4	3956.67	1990.0	Real Estate	高利回り要確認	1株配当が株価の10%以上 / 配当利回りが8%以上	要確認	手動確認後に掲載	OK_高利回り要確認	46544.3	21.54	4.11	29.38	2.19	-13854.5	288.18	101.33	25.85	5
298A	ＧＶＡ　ＴＥＣＨ	グロース（内国株式）	5250	情報・通信業	10	情報通信・サービスその他	-	-	324.0						配当未取得			5.09	15.0	930.0	266.0	Technology	配当未取得	1株配当が取得できていない	除外推奨	掲載非推奨	OK_配当データ要確認	1483.8	-20.37	27.32	20.07	2.48	-452.1	-68.2		-70.08	
2991	ランドネット	スタンダード（内国株式）	8050	不動産業	17	不動産	-	-	578.0	1.92	11.1	1.93	11.1	1.92	配当あり	いいえ	6.09	1.1	138.5	823.5	534.0	Real Estate			OK	通常掲載可	OK	77790.9	3.58	22.22	32.69	1.47	-4200.6	94.93	11.69	23.87	4
2993	長栄	スタンダード（内国株式）	8050	不動産業	17	不動産	-	-	2150.0	4.65	100.0	4.65	100.0	4.65	配当あり	いいえ	9.58	0.77	94.3	2749.0	2010.0	Real Estate			OK	通常掲載可	OK	11008.0	17.88	9.88	16.85	4.47	-5265.9	224.46	44.55	8.22	2
2997	ストレージ王	グロース（内国株式）	8050	不動産業	17	不動産	-	-	938.0						配当未取得		14.81	1.51	17.4	1275.0	865.0	Real Estate	配当未取得	1株配当が取得できていない	除外推奨	掲載非推奨	OK_配当データ要確認	3999.8	4.79	-6.17	26.32	2.34	-445.0	63.32		5.53	
2998	クリアル	グロース（内国株式）	8050	不動産業	17	不動産	-	-	496.0	1.61	8.0	1.66	8.0	1.61	配当あり	いいえ	8.19	1.54	176.8	1554.0	415.0	Financial Services			OK	通常掲載可	OK	37795.0	7.78	-9.63	25.92	0.76	-9612.9	60.54	13.21	23.15	
2999	ホームポジション	スタンダード（内国株式）	8050	不動産業	17	不動産	-	-	594.0	1.68	10.0	1.69	10.0	1.68	配当あり	いいえ	8.58	0.94	55.8	622.0	405.0	Consumer Cyclical			OK	通常掲載可	OK	17364.5	3.25	-11.99	39.86	1.34	-2071.3	69.2	14.45	11.21	0
299A	クラシル	グロース（内国株式）	9050	サービス業	10	情報通信・サービスその他	-	-	926.0						配当未取得		16.89	2.98	396.4	2285.0	900.0	Communication Services	配当未取得	1株配当が取得できていない	除外推奨	掲載非推奨	OK_配当データ要確認	17001.3	20.37	29.76	78.29		2830.6	54.82		20.65	
3001	片倉工業	スタンダード（内国株式）	3100	繊維製品	4	素材・化学	7	TOPIX Small 2	2461.0	2.44	60.0	2.48	60.0	2.44	配当あり	いいえ	13.61	0.77	778.9	3240.0	2278.0	Industrials			OK	通常掲載可	OK	40652.0	14.41	3.11	63.8	0.08	5578.0	180.77	33.19	6.54	3
3002	グンゼ	プライム（内国株式）	3100	繊維製品	4	素材・化学	6	TOPIX Small 1	3855.0	3.81	147.0	3.8	147.0	3.81	配当あり	いいえ	243.22	1.08	1208.3	4765.0	3545.0	Consumer Cyclical			OK	通常掲載可	OK	130918.0	3.73	-4.52	72.81	0.13	17271.0	15.85	927.44	0.5	4
3003	ヒューリック	プライム（内国株式）	8050	不動産業	17	不動産	4	TOPIX Mid400	1664.5	4.03	67.0	3.95	67.0	4.03	配当あり	いいえ	11.06	1.39	12638.9	2094.0	1414.5	Real Estate			OK	通常掲載可	OK	727447.0	25.68	22.96	26.05	2.42	-176825.0	150.52	44.51	12.99	13
3004	神栄	スタンダード（内国株式）	6050	卸売業	13	商社・卸売	-	-	2181.0	5.04	110.0	5.06	110.0	5.04	配当あり	いいえ	6.34	0.79	85.4	2827.0	1822.0	Industrials			OK	通常掲載可	OK	43267.0	3.8	7.74	36.89	1.11	1049.0	343.87	31.99	13.71	2
300A	ＭＩＣ	スタンダード（内国株式）	9050	サービス業	10	情報通信・サービスその他	-	-	2971.0	2.59	77.0	2.63	77.0	2.59	配当あり	いいえ	17.13		211.0	3350.0	2142.0	Communication Services			OK	通常掲載可	OK	15092.4	11.17	22.95	74.91	0.08	-752.7	173.4	44.41		
3010	ポラリス・ホールディングス	スタンダード（内国株式）	9050	サービス業	10	情報通信・サービスその他	-	-	197.0	10.15	20.0	10.15	20.0	10.15	配当あり	いいえ	10.02	1.43	460.8	244.0	161.0	Consumer Cyclical	高利回り要確認	1株配当が株価の10%以上 / 配当利回りが8%以上	要確認	手動確認後に掲載	OK_高利回り要確認	48469.3	8.34	73.84	46.46	0.92	5274.6	19.66	101.73	15.2	
3011	バナーズ	スタンダード（内国株式）	6100	小売業	14	小売	-	-	144.0	3.47	5.0	3.4	5.0	3.47	配当あり	いいえ	10.6	0.8	22.0	265.0	138.0	Consumer Cyclical			OK	通常掲載可	OK	5601.3	6.14	19.56	29.73	1.18	497.6	13.58	36.82	7.67	1
3020	アプライド	スタンダード（内国株式）	6100	小売業	14	小売	-	-	4030.0	3.47	140.0	3.46	140.0	3.47	配当あり	いいえ	4.8	0.79	108.9	4765.0	3230.0	Technology			OK	通常掲載可	OK	48010.0	7.15	1.53	62.73	0.0	2158.0	839.57	16.68	17.61	2
3021	パシフィックネット	スタンダード（内国株式）	9050	サービス業	10	情報通信・サービスその他	-	-	1728.0	3.01	52.0	2.99	52.0	3.01	配当あり	いいえ	11.53	2.34	90.8	2550.0	1230.0	Technology			OK	通常掲載可	OK	8099.5	10.4	17.02	27.32	2.27	-1069.9	149.9	34.69	27.44	8
3023	ラサ商事	スタンダード（内国株式）	6050	卸売業	13	商社・卸売	7	TOPIX Small 2	1805.0	4.43	80.0	4.45	80.0	4.43	配当あり	いいえ	8.09	0.81	190.2	2502.0	1437.0	Basic Materials			OK	通常掲載可	OK	28201.0	10.49	6.15	71.11	0.13	2061.0	223.06	35.86	10.5	1
3024	クリエイト	スタンダード（内国株式）	6050	卸売業	13	商社・卸売	-	-	1031.0	3.88	40.0	3.89	40.0	3.88	配当あり	いいえ	11.01	0.72	40.2	1294.0	980.0	Industrials			OK	通常掲載可	OK	37323.5	2.21	2.12	30.42	0.13	957.0	93.65	42.71	6.68	3
3028	アルペン	プライム（内国株式）	6100	小売業	14	小売	6	TOPIX Small 1	2017.0	2.97	60.0	2.93	60.0	2.97	配当あり	いいえ	16.75	0.63	756.4	2507.0	1851.0	Consumer Cyclical			OK	通常掲載可	OK	268655.0	3.17	6.21	58.83	0.1	1876.0	120.42	49.83	3.91	0
302A	ビースタイルホールディングス	グロース（内国株式）	9050	サービス業	10	情報通信・サービスその他	-	-	549.0						配当未取得		30.96	1.22	16.0	719.5	495.0	Industrials	配当未取得	1株配当が取得できていない	除外推奨	掲載非推奨	OK_配当データ要確認	12008.8	1.58	7.09	33.94	1.06	-289.9	17.73		3.94	
3030	ハブ	スタンダード（内国株式）	6100	小売業	14	小売	-	-	808.0	1.24	10.0	1.25	10.0	1.24	配当あり	いいえ	16.76	2.98	101.6	1104.0	755.0	Consumer Cyclical			OK	通常掲載可	OK	11440.9	4.67	6.77	51.21	0.38	388.4	48.2	20.75	19.33	1
3031	ラクーンホールディングス	プライム（内国株式）	5250	情報・通信業	10	情報通信・サービスその他	7	TOPIX Small 2	578.0	3.81	22.0	3.8	22.0	3.81	配当あり	いいえ	14.74	2.56	117.5	754.0	550.0	Consumer Cyclical			OK	通常掲載可	OK	6098.4	20.57	5.0	28.27	0.27	862.3	39.2	56.12	17.95	1
3034	クオールホールディングス	プライム（内国株式）	6100	小売業	14	小売	6	TOPIX Small 1	1870.0	2.89	54.0	2.9	54.0	2.89	配当あり	いいえ	9.47	1.22	702.7	2404.0	1681.0	Healthcare			OK	通常掲載可	OK	290772.0	5.09	10.15	36.33	0.65	10611.0	197.37	27.36	13.89	1
3035	ケイティケイ	スタンダード（内国株式）	6050	卸売業	13	商社・卸売	-	-	855.0	2.34	20.0	2.34	20.0	2.34	配当あり	いいえ	12.09	0.99	46.8	895.0	605.0	Industrials			OK	通常掲載可	OK	18927.6	2.25	4.52	47.97	0.22	202.6	70.71	28.28	8.53	4
3036	アルコニックス	プライム（内国株式）	6050	卸売業	13	商社・卸売	6	TOPIX Small 1	2486.0	3.62	90.0	3.62	90.0	3.62	配当あり	いいえ	13.33	0.94	747.3	3310.0	1833.0	Basic Materials			OK	通常掲載可	OK	219720.0	4.43	11.53	35.63	0.76	-6235.0	186.43	48.28	7.55	9
3038	神戸物産	プライム（内国株式）	6050	卸売業	13	商社・卸売	4	TOPIX Mid400	2565.5	1.25	32.0	1.21	32.0	1.25	配当あり	いいえ	16.77	3.3	5690.6	4670.0	2516.0	Consumer Defensive			OK	通常掲載可	OK	551701.0	7.23	8.63	62.03	0.19	32768.0	152.94	20.92	21.66	2
303A	ｖｉｓｕｍｏ	グロース（内国株式）	5250	情報・通信業	10	情報通信・サービスその他	-	-	552.0						配当未取得		13.19	1.57	11.3	1435.0	539.0	Technology	配当未取得	1株配当が取得できていない	除外推奨	掲載非推奨	OK_配当データ要確認	973.2	8.4	17.37	67.89	0.15	-18.6	41.85		11.9	
3040	ソリトンシステムズ	プライム（内国株式）	5250	情報・通信業	10	情報通信・サービスその他	7	TOPIX Small 2	1885.0	3.18	60.0	3.09	60.0	3.18	配当あり	いいえ	15.21	2.61	349.5	2314.0	1280.0	Technology			OK	通常掲載可	OK	19762.0	14.4	6.21	50.51	0.01	3382.0	123.9	48.43	20.33	5
3041	ビューティカダンホールディングス	スタンダード（内国株式）	6050	卸売業	13	商社・卸売	-	-	419.0	1.25	5.25	1.16	5.25	1.25	配当あり	いいえ		3.34	17.2	603.0	407.0	Consumer Cyclical			OK	通常掲載可	OK	6982.9	1.22	8.89	20.02	2.73	25.4	-0.21		-5.14	1
3042	セキュアヴェイル	スタンダード（内国株式）	5250	情報・通信業	10	情報通信・サービスその他	-	-	285.0	1.05	3.0	1.04	3.0	1.05	配当あり	いいえ	20.8	1.71	21.9	438.0	270.0	Technology			OK	通常掲載可	OK	1279.9	8.81	11.38	81.16	0.01	35.7	13.7	21.9	8.57	0
3045	カワサキ	スタンダード（内国株式）	6050	卸売業	13	商社・卸売	-	-	1469.0	3.4	50.0	3.41	50.0	3.4	配当あり	いいえ	8.94	0.73	31.3	1576.0	1383.0	Consumer Cyclical			OK	通常掲載可	OK	2291.3	22.53	4.96	71.42	0.18	498.4	164.27	30.44	5.17	0
3046	ジンズホールディングス	プライム（内国株式）	6100	小売業	14	小売	6	TOPIX Small 1	7790.0	1.48	115.0	1.43	115.0	1.48	配当あり	いいえ	22.93	5.37	1818.6	10330.0	4920.0	Healthcare			OK	通常掲載可	OK	97215.0	12.44	17.13	54.86	0.18	5096.0	339.71	33.85	25.53	3
3048	ビックカメラ	プライム（内国株式）	6100	小売業	14	小売	4	TOPIX Mid400	1606.0	2.68	43.0	2.6	43.0	2.68	配当あり	いいえ	14.06	1.55	2750.3	1886.0	1512.0	Consumer Cyclical			OK	通常掲載可	OK	974483.0	3.11	5.63	34.23	0.57	15155.0	114.22	37.65	10.75	2
304A	フォルシア	グロース（内国株式）	5250	情報・通信業	10	情報通信・サービスその他	-	-	1885.0						配当未取得		47.64	1.18	23.2	2749.0	1676.0	Technology	配当未取得	1株配当が取得できていない	除外推奨	掲載非推奨	OK_配当データ要確認	2197.6	3.25	-4.88	92.27		58.2	39.57		2.48	
3050	ＤＣＭホールディングス	プライム（内国株式）	6100	小売業	14	小売	6	TOPIX Small 1	1484.0	3.23	48.0	3.15	48.0	3.23	配当あり	いいえ	11.68	0.71	2033.3	1746.0	1328.0	Consumer Cyclical			OK	通常掲載可	OK	544602.0	6.1	11.46	40.79	1.11	20105.0	127.03	37.79	6.47	7
3053	ペッパーフードサービス	スタンダード（内国株式）	6100	小売業	14	小売	7	TOPIX Small 2	177.0						配当未取得			3.18	108.7	219.0	166.0	Consumer Cyclical	配当未取得	1株配当が取得できていない	除外推奨	掲載非推奨	OK_配当データ要確認	14553.0	0.3	4.04	57.17	0.0	-227.0	-1.89		-3.47	0
3054	ハイパー	スタンダード（内国株式）	6050	卸売業	13	商社・卸売	-	-	232.0	3.02	7.0	3.0	7.0	3.02	配当あり	いいえ	9.34	0.72	22.4	336.0	228.0	Technology			OK	通常掲載可	OK	13775.8	2.32	11.01	44.71	0.26	804.2	24.84	28.18	5.99	0
3058	三洋堂ホールディングス	スタンダード（内国株式）	6100	小売業	14	小売	-	-	686.0	0.29	2.0	0.29	2.0	0.29	配当あり	いいえ	14.68	1.64	50.0	744.0	661.0	Consumer Cyclical			OK	通常掲載可	OK	17249.4	1.56	3.88	24.2	0.94	-257.7	46.72	4.28	11.63	0
3059	ヒラキ	スタンダード（内国株式）	6100	小売業	14	小売	-	-	701.0	2.85	20.0	2.84	20.0	2.85	配当あり	いいえ		0.57	34.1	859.0	699.0	Consumer Cyclical			OK	通常掲載可	OK	12960.1	-0.03	-2.66	43.25	1.02	34.9	-87.65		-6.83	0
3063	ジェイグループホールディングス	グロース（内国株式）	6100	小売業	14	小売	-	-	1186.0	0.34	4.0	0.34	4.0	0.34	配当あり	いいえ	54.93	8.67	146.0	1248.0	727.0	Consumer Cyclical			OK	通常掲載可	OK	13045.9	3.22	21.44	15.71	3.77	1321.5	21.59	18.53	16.96	0
3064	ＭｏｎｏｔａＲＯ	プライム（内国株式）	6100	小売業	14	小売	4	TOPIX Mid400	1783.5	2.07	37.0	1.99	37.0	2.07	配当あり	いいえ	27.31	7.65	8770.7	2962.0	1684.5	Consumer Cyclical			OK	通常掲載可	OK	333880.0	13.84	15.88	63.4	0.11	17657.0	65.31	56.65	28.01	15
3065	ライフフーズ	スタンダード（内国株式）	6100	小売業	14	小売	-	-	1615.0	0.31	5.0	0.31	5.0	0.31	配当あり	いいえ	139.46	2.92	50.0	1698.0	1601.0	Consumer Cyclical			OK	通常掲載可	OK	9614.8	0.91	-1.72	43.59	0.06	250.8	11.58	43.18	2.06	0
3067	東京一番フーズ	スタンダード（内国株式）	6100	小売業	14	小売	-	-	452.0						配当未取得		51.42	2.08	40.4	475.0	420.0	Consumer Cyclical	配当未取得	1株配当が取得できていない	除外推奨	掲載非推奨	OK_配当データ要確認	7250.9	2.69	-2.83	29.81	1.85	-458.3	8.79		4.13	0
3068	ＷＤＩ	スタンダード（内国株式）	6100	小売業	14	小売	-	-	2901.0	1.17	34.0	1.18	34.0	1.17	配当あり	いいえ	77.11	2.77	181.8	3295.0	2842.0	Consumer Cyclical			OK	通常掲載可	OK	34518.2	3.69	8.03	27.38	1.51	-163.9	37.62	90.38	0.95	2
3069	ＪＦＬＡホールディングス	スタンダード（内国株式）	3050	食料品	1	食品	-	-	152.0						配当未取得		11.02	0.89	73.3	180.0	143.0	Consumer Cyclical	配当未取得	1株配当が取得できていない	除外推奨	掲載非推奨	OK_配当データ要確認	65657.1	2.33	0.69	20.44	2.27	462.5	13.79		6.03	0
3070	ジェリービーンズグループ	グロース（内国株式）	6050	卸売業	13	商社・卸売	-	-	67.0						配当未取得			1.06	54.1	323.0	60.0	Consumer Cyclical	配当未取得	1株配当が取得できていない	除外推奨	掲載非推奨	OK_配当データ要確認	3590.9	-0.94	331.8	74.2	0.07	-2558.2	-4.57		-5.38	0
3071	ストリーム	スタンダード（内国株式）	6100	小売業	14	小売	-	-	100.0	3.0	3.0	3.0	3.0	3.0	配当あり	いいえ	18.35	0.94	27.6	124.0	96.0	Consumer Cyclical			OK	通常掲載可	OK	32774.9	0.86	8.18	44.06	0.23	757.7	5.45	55.05	6.42	0
3075	銚子丸	スタンダード（内国株式）	6100	小売業	14	小売	-	-	1652.0	0.91	15.0	0.91	15.0	0.91	配当あり	いいえ	20.56	2.36	206.8	1691.0	1505.0	Consumer Cyclical			OK	通常掲載可	OK	23667.5	6.66	10.8	72.16	0.03	1122.9	80.36	18.67	12.09	0
3076	あい　ホールディングス	プライム（内国株式）	6050	卸売業	13	商社・卸売	6	TOPIX Small 1	2632.0	5.32	140.0	5.22	140.0	5.32	配当あり	いいえ	10.64	1.23	1402.2	2966.0	2323.0	Industrials			OK	通常掲載可	OK	66197.0	13.43	32.89	77.74	0.01	3938.0	247.36	56.6	12.39	1
3077	ホリイフードサービス	スタンダード（内国株式）	6100	小売業	14	小売	-	-	832.0						配当未取得		16.5	4.71	57.7	1000.0	310.0	Consumer Cyclical	配当未取得	1株配当が取得できていない	除外推奨	掲載非推奨	OK_配当データ要確認	4770.2	4.19	2.45	29.61	1.48	123.3	50.43		28.55	0
3079	ディーブイエックス	スタンダード（内国株式）	6050	卸売業	13	商社・卸売	-	-	972.0	5.14	50.0	5.09	50.0	5.14	配当あり	いいえ	45.19	1.15	102.1	1820.0	910.0	Healthcare			OK	通常掲載可	OK	55988.8	0.53	11.26	35.37	0.0	-1812.2	21.51	232.45	2.5	0
3080	ジェーソン	スタンダード（内国株式）	6100	小売業	14	小売	-	-	756.0	1.72	13.0	1.73	13.0	1.72	配当あり	いいえ		1.63	96.9	853.0	674.0	Consumer Defensive			OK	通常掲載可	OK	28604.8	0.7	1.09	54.54	0.2	-48.8	-15.77		-3.29	0
3082	きちりホールディングス	スタンダード（内国株式）	6100	小売業	14	小売	-	-	948.0	0.79	7.5	0.8	7.5	0.79	配当あり	いいえ	39.32	5.02	107.1	996.0	868.0	Consumer Cyclical			OK	通常掲載可	OK	13747.0	5.71	25.64	23.81	2.1	394.5	24.11	31.11	9.78	0
3083	スターシーズ	スタンダード（内国株式）	6100	小売業	14	小売	-	-	980.0	1.02	10.0	1.02	10.0	1.02	配当あり	いいえ	64.09	2.98	82.1	1348.0	632.0	Consumer Cyclical			OK	通常掲載可	OK	5110.2	-5.52	-7.59	25.29	1.27	-325.9	15.29	65.4	-53.18	2
3086	Ｊ．フロント　リテイリング	プライム（内国株式）	6100	小売業	14	小売	4	TOPIX Mid400	3342.0	1.68	56.0	1.55	56.0	1.68	配当あり	いいえ	29.61	2.0	8242.5	3617.0	1922.0	Consumer Cyclical			OK	通常掲載可	OK	445094.0	11.01	0.73	36.4	0.81	48274.0	112.85	49.62	6.6	3
3087	ドトール・日レスホールディングス	プライム（内国株式）	6100	小売業	14	小売	6	TOPIX Small 1	2667.0	2.25	60.0	2.21	60.0	2.25	配当あり	いいえ	15.63	1.07	1120.7	3095.0	2377.0	Consumer Cyclical			OK	通常掲載可	OK	148822.0	6.45	5.83	77.48	0.02	6442.0	170.65	35.16	6.92	4
3088	マツキヨココカラ＆カンパニー	プライム（内国株式）	6100	小売業	14	小売	4	TOPIX Mid400	2319.5	2.41	56.0	2.33	56.0	2.41	配当あり	いいえ	16.57	1.7	9123.0	3393.0	2171.5	Healthcare			OK	通常掲載可	OK	1117440.0	7.6	5.26	71.91	0.01	53062.0	140.01	40.0	10.53	4
3089	テクノアルファ	スタンダード（内国株式）	6050	卸売業	13	商社・卸売	-	-	1020.0	3.43	35.0	2.83	35.0	3.43	配当あり	いいえ	4.36	0.78	18.0	1514.0	888.0	Technology			OK	通常掲載可	OK	4522.4	12.97	13.92	69.48	0.13	532.5	233.73	14.97	22.97	0
3091	ブロンコビリー	プライム（内国株式）	6100	小売業	14	小売	6	TOPIX Small 1	2174.0	0.64	14.0	0.64	14.0	0.64	配当あり	いいえ	32.94	2.91	647.3	2390.0	1692.5	Consumer Cyclical			OK	通常掲載可	OK	30219.0	9.7	13.53	81.29	0.02	1927.0	66.0	21.21	10.78	3
3092	ＺＯＺＯ	プライム（内国株式）	6100	小売業	14	小売	4	TOPIX Mid400	1122.5	3.56	40.0	3.48	40.0	3.56	配当あり	いいえ	20.74	9.3	9926.5	1592.5	974.5	Consumer Cyclical			OK	通常掲載可	OK	228373.0	30.38	7.15	53.86	0.19	45482.0	54.12	73.91	46.64	6
3093	トレジャー・ファクトリー	プライム（内国株式）	6100	小売業	14	小売	7	TOPIX Small 2	2274.0	1.93	44.0	1.96	44.0	1.93	配当あり	いいえ	16.8	4.19	533.1	2335.0	1584.0	Consumer Cyclical			OK	通常掲載可	OK	48597.0	9.83	15.14	49.97	0.57	1902.0	135.39	32.5	27.66	5
3096	オーシャンシステム	スタンダード（内国株式）	6100	小売業	14	小売	-	-	1567.0	1.28	20.0	1.28	20.0	1.28	配当あり	いいえ	12.87	1.21	146.9	1800.0	1267.0	Consumer Defensive			OK	通常掲載可	OK	96055.1	1.86	5.48	48.3	0.26	1052.9	121.76	16.43	9.8	2
3097	物語コーポレーション	プライム（内国株式）	6100	小売業	14	小売	6	TOPIX Small 1	4690.0	0.85	40.0	0.84	40.0	0.85	配当あり	いいえ	25.75	4.07	1801.0	5290.0	3730.0	Consumer Cyclical			OK	通常掲載可	OK	123921.0	7.46	15.65	54.41	0.38	1600.0	182.12	21.96	18.08	5
3099	三越伊勢丹ホールディングス	プライム（内国株式）	6100	小売業	14	小売	4	TOPIX Mid400	3996.0	2.0	80.0	1.94	80.0	2.0	配当あり	いいえ	18.7	2.26	13965.2	4192.0	2054.0	Consumer Cyclical			OK	通常掲載可	OK	545626.0	14.67	-1.78	50.84	0.11	59966.0	213.72	37.43	12.44	3
3101	東洋紡	プライム（内国株式）	3200	化学	4	素材・化学	6	TOPIX Small 1	1600.0	2.5	40.0	2.5	40.0	2.5	配当あり	いいえ	12.63	0.66	1411.9	1945.0	908.0	Basic Materials			OK	通常掲載可	OK	422032.0	3.95	1.87	31.61	1.34	-15107.0	126.64	31.59	5.88	0
3103	ユニチカ	スタンダード（内国株式）	3100	繊維製品	4	素材・化学	7	TOPIX Small 2	1006.0						配当未取得		3.24	1.08	580.0	4380.0	166.0	Basic Materials	配当未取得	1株配当が取得できていない	除外推奨	掲載非推奨	OK_配当データ要確認	118563.0	8.9	-6.21	35.69	1.06	3029.0	310.3		51.76	0
3104	富士紡ホールディングス	プライム（内国株式）	3100	繊維製品	4	素材・化学	7	TOPIX Small 2	4365.0	1.79	78.0	1.84	78.0	1.79	配当あり	いいえ	26.2	2.85	1471.8	4545.0	1846.67	Consumer Cyclical			OK	通常掲載可	OK	45929.0	17.74	7.03	71.98	0.01	3592.0	166.6	46.82	11.32	2
3105	日清紡ホールディングス	プライム（内国株式）	3650	電気機器	9	電機・精密	4	TOPIX Mid400	2469.5	1.46	36.0	1.45	36.0	1.46	配当あり	いいえ	27.72	1.69	3857.3	2694.0	905.1	Industrials			OK	通常掲載可	OK	502339.0	5.26	1.53	43.02	0.63	32498.0	89.1	40.4	0.87	0
3106	倉敷紡績	プライム（内国株式）	3100	繊維製品	4	素材・化学	6	TOPIX Small 1	10130.0	0.65	66.0	0.66	66.0	0.65	配当あり	いいえ	12.96	1.23	1608.4	11580.0	6690.0	Industrials			OK	通常掲載可	OK	150660.0	6.84	-0.43	62.88	0.09	5463.0	781.43	8.45	10.13	2
3107	ダイワボウホールディングス	プライム（内国株式）	6050	卸売業	13	商社・卸売	4	TOPIX Mid400	3416.0	3.22	110.0	3.19	110.0	3.22	配当あり	いいえ	9.43	1.75	2960.7	3622.0	2557.0	Technology			OK	通常掲載可	OK	1350879.0	3.27	18.83	36.75	0.11	8477.0	362.15	30.37	19.89	3
3109	シキボウ	プライム（内国株式）	3100	繊維製品	4	素材・化学	7	TOPIX Small 2	1023.0	4.89	50.0	4.89	50.0	4.89	配当あり	いいえ	13.66	0.36	129.9	1170.0	965.0	Consumer Cyclical			OK	通常掲載可	OK	44554.0	2.19	13.99	38.52	0.87	-616.0	74.91	66.75	2.66	0
3110	日東紡績	プライム（内国株式）	3400	ガラス・土石製品	3	建設・資材	6	TOPIX Small 1	3950.0	0.71	28.0	0.65	28.0	0.71	配当あり	いいえ	17.21	4.14	7190.0	6580.0	1050.0	Consumer Cyclical			OK	通常掲載可	OK	109035.0	15.08	16.92	58.15	0.41	19121.0	229.56	12.2	26.77	3
3111	オーミケンシ	スタンダード（内国株式）	3100	繊維製品	4	素材・化学	-	-	161.0						配当未取得			0.73	10.6	313.0	158.0	Consumer Cyclical	配当未取得	1株配当が取得できていない	除外推奨	掲載非推奨	OK_配当データ要確認	3407.0	6.93	12.55	12.14	3.88	-1451.0	-74.63		-34.33	0
3113	ＵＮＩＶＡ・Ｏａｋホールディングス	スタンダード（内国株式）	7100	証券、商品先物取引業	16	金融（除く銀行）	-	-	76.0						配当未取得			5.13	70.9	116.0	59.0	Financial Services	配当未取得	1株配当が取得できていない	除外推奨	掲載非推奨	OK_配当データ要確認	2331.9	-29.48	-19.09	23.71	2.26	-894.7	-7.23		-39.78	0
3116	トヨタ紡織	プライム（内国株式）	3700	輸送用機器	6	自動車・輸送機	4	TOPIX Mid400	2160.0	3.98	86.0	4.05	86.0	3.98	配当あり	いいえ	16.57	0.8	3859.0	3288.0	1943.5	Consumer Cyclical			OK	通常掲載可	OK	1954216.0	2.17	0.03	40.87	0.37	49164.0	130.32	65.99	6.17	0
3121	マーチャント・バンカーズ	スタンダード（内国株式）	9050	サービス業	10	情報通信・サービスその他	-	-	216.0	0.93	2.0	0.93	2.0	0.93	配当あり	いいえ		1.47	65.0	359.0	189.0	Financial Services			OK	通常掲載可	OK	3383.2	8.43	-23.92	30.13	2.26	1411.5	-1.88		-1.3	0
3123	サイボー	スタンダード（内国株式）	3100	繊維製品	4	素材・化学	-	-	620.0	2.9	18.0	2.85	18.0	2.9	配当あり	いいえ	7.48	0.41	78.7	731.0	493.0	Consumer Cyclical			OK	通常掲載可	OK	10349.9	9.59	0.51	45.43	0.63	889.8	82.92	21.71	5.28	0
3131	シンデン・ハイテックス	スタンダード（内国株式）	6050	卸売業	13	商社・卸売	-	-	3780.0	3.57	135.0	3.73	135.0	3.57	配当あり	いいえ	20.24	0.95	71.3	3960.0	2595.0	Technology			OK	通常掲載可	OK	42812.0	2.49	-2.13	33.73	1.55	-4452.1	186.79	72.27	4.72	1
3132	マクニカホールディングス	プライム（内国株式）	6050	卸売業	13	商社・卸売	4	TOPIX Mid400	3211.0	2.49	80.0	2.54	80.0	2.49	配当あり	いいえ	20.63	2.06	5733.7	3530.0	1826.0	Technology			OK	通常掲載可	OK	1214196.0	3.46	17.41	39.8	0.28	15817.0	155.63	51.4	10.37	0
3133	海帆	グロース（内国株式）	6100	小売業	14	小売	-	-	75.0						配当未取得			9.25	46.8	775.0	53.0	Consumer Cyclical	配当未取得	1株配当が取得できていない	除外推奨	掲載非推奨	OK_配当データ要確認	3152.9	-45.62	12.95	9.44	5.87	-1933.9	-91.23		-520.87	0
3134	Ｈａｍｅｅ	スタンダード（内国株式）	6100	小売業	14	小売	7	TOPIX Small 2	267.0	1.12	3.0	1.12	3.0	1.12	配当あり	いいえ	3.33	0.58	42.7	1485.0	250.0	Consumer Cyclical			OK	通常掲載可	OK	22895.3	10.28	30.0	62.28	0.36	77.0	80.13	3.74	6.05	0
3135	マーケットエンタープライズ	スタンダード（内国株式）	6100	小売業	14	小売	-	-	1016.0						配当未取得		50.67	4.17	54.4	1952.0	918.0	Consumer Cyclical	配当未取得	1株配当が取得できていない	除外推奨	掲載非推奨	OK_配当データ要確認	19008.3	1.57	24.58	16.47	2.64	-470.6	20.05		3.82	
3137	ファンデリー	スタンダード（内国株式）	6100	小売業	14	小売	-	-	199.0						配当未取得		34.67	2.78	25.2	337.0	185.0	Communication Services	配当未取得	1株配当が取得できていない	除外推奨	掲載非推奨	OK_配当データ要確認	2624.1	5.0	6.49	7.41	11.68	158.1	5.74		8.02	0
3138	富士山マガジンサービス	スタンダード（内国株式）	6100	小売業	14	小売	-	-	1097.0	1.46	16.0	1.46	16.0	1.46	配当あり	いいえ	45.82	1.57	36.2	1209.0	855.0	Consumer Cyclical			OK	通常掲載可	OK	5814.9	2.8	3.49	42.17	0.19	71.8	23.94	66.83	19.72	1
3139	ラクト・ジャパン	プライム（内国株式）	6050	卸売業	13	商社・卸売	7	TOPIX Small 2	3280.0	4.02	132.0	4.02	132.0	4.02	配当あり	いいえ	7.59	1.02	328.0	4360.0	3065.0	Consumer Defensive			OK	通常掲載可	OK	182816.0	3.25	6.97	35.97	1.13	-1793.0	431.98	30.56	12.89	10
3140	ＢＲＵＮＯ	グロース（内国株式）	6050	卸売業	13	商社・卸売	-	-	1008.0	0.4	4.0	0.39	4.0	0.4	配当あり	いいえ	31.53	2.51	144.6	1138.0	990.0	Consumer Cyclical			OK	通常掲載可	OK	12940.0	1.14	14.53	49.21	0.35	890.0	31.97	12.51	11.12	0
3143	オーウイル	スタンダード（内国株式）	6050	卸売業	13	商社・卸売	-	-	694.0	3.17	22.0	3.17	22.0	3.17	配当あり	いいえ	7.87	1.06	62.6	801.0	577.0	Consumer Defensive			OK	通常掲載可	OK	41909.2	3.27	7.03	28.92	1.12	-1188.7	88.14	24.96	14.06	2
3148	クリエイトＳＤホールディングス	プライム（内国株式）	6100	小売業	14	小売	6	TOPIX Small 1	3205.0	2.81	90.0	2.77	90.0	2.81	配当あり	いいえ	12.51	1.39	2070.5	3625.0	3090.0	Healthcare			OK	通常掲載可	OK	457093.0	4.95	8.23	60.33		5972.0	256.1	35.14	11.64	11
3150	グリムス	プライム（内国株式）	4050	電気・ガス業	11	電力・ガス	7	TOPIX Small 2	2426.0	5.36	130.0	5.37	130.0	5.36	配当あり	いいえ	11.45	2.87	561.0	3040.0	2243.0	Utilities			OK	通常掲載可	OK	33936.1	21.08	1.79	68.23	0.19	3131.6	211.84	61.37	27.3	7
3151	バイタルケーエスケー・ホールディングス	プライム（内国株式）	6050	卸売業	13	商社・卸売	7	TOPIX Small 2	1502.0	4.66	70.0	4.62	70.0	4.66	配当あり	いいえ	9.86	0.62	724.8	1649.0	1181.0	Healthcare			OK	通常掲載可	OK	610497.0	0.66	1.69	36.57	0.06	-435.0	152.31	45.96	6.6	1
3153	八洲電機	プライム（内国株式）	6050	卸売業	13	商社・卸売	7	TOPIX Small 2	2777.0	3.6	100.0	3.59	100.0	3.6	配当あり	いいえ	11.56	1.65	586.2	3655.0	1651.0	Industrials			OK	通常掲載可	OK	74568.0	9.78	12.86	49.53	0.02	4484.0	240.24	41.63	15.43	4
3154	メディアスホールディングス	プライム（内国株式）	6050	卸売業	13	商社・卸売	7	TOPIX Small 2	799.0	2.5	20.0	2.51	20.0	2.5	配当あり	いいえ	13.12	0.85	177.7	898.0	775.0	Healthcare			OK	通常掲載可	OK	288689.3	0.65	11.12	18.12	1.04	4945.2	60.89	32.85	6.19	0
3156	レスター	プライム（内国株式）	6050	卸売業	13	商社・卸売	7	TOPIX Small 2	4165.0	3.36	140.0	3.34	140.0	3.36	配当あり	いいえ	15.22	1.26	1171.1	4760.0	2469.0	Technology			OK	通常掲載可	OK	630905.0	2.65	12.46	26.66	1.36	-9806.0	273.61	51.17	8.5	0
3157	ジオリーブグループ	スタンダード（内国株式）	6050	卸売業	13	商社・卸売	-	-	1418.0	3.53	50.0	3.59	50.0	3.53	配当あり	いいえ	8.8	0.76	188.2	1727.0	1146.0	Basic Materials			OK	通常掲載可	OK	185754.0	1.14	5.47	25.97	0.39	2810.0	161.08	31.04	8.88	1
3159	丸善ＣＨＩホールディングス	スタンダード（内国株式）	6100	小売業	14	小売	-	-	358.0	1.68	6.0	1.7	6.0	1.68	配当あり	いいえ	9.93	0.59	331.3	376.0	315.0	Consumer Cyclical			OK	通常掲載可	OK	185053.0	3.03	11.63	39.76	0.74	1365.0	36.04	16.65	6.54	1
3160	大光	スタンダード（内国株式）	6050	卸売業	13	商社・卸売	-	-	567.0	2.65	15.0	2.64	15.0	2.65	配当あり	いいえ	71.14	1.3	80.9	612.0	548.0	Consumer Defensive			OK	通常掲載可	OK	74880.5	1.08	6.21	23.22	1.58	-2061.3	7.97	188.21	-0.41	3
3161	アゼアス	スタンダード（内国株式）	6050	卸売業	13	商社・卸売	-	-	658.0	3.5	23.0	3.47	23.0	3.5	配当あり	いいえ	27.16	0.55	37.6	703.0	618.0	Consumer Cyclical			OK	通常掲載可	OK	8027.7	2.39	-2.6	80.08	0.01	244.1	24.23	94.92	2.03	0
3166	ＯＣＨＩホールディングス	スタンダード（内国株式）	6050	卸売業	13	商社・卸売	-	-	1409.0	3.97	56.0	3.95	56.0	3.97	配当あり	いいえ	14.0	0.75	183.8	1612.0	1350.0	Consumer Cyclical			OK	通常掲載可	OK	120432.0	1.39	2.86	35.55	0.25	3547.0	100.61	55.66	5.44	0
3167	ＴＯＫＡＩホールディングス	プライム（内国株式）	6050	卸売業	13	商社・卸売	6	TOPIX Small 1	1130.0	3.36	38.0	3.31	38.0	3.36	配当あり	いいえ	13.7	1.42	1456.5	1218.0	986.0	Industrials			OK	通常掲載可	OK	243482.0	6.92	5.17	44.27	0.7	12093.0	82.5	46.06	10.89	0
3168	ＭＥＲＦ	スタンダード（内国株式）	6050	卸売業	13	商社・卸売	-	-	1202.0	1.66	20.0	1.68	20.0	1.66	配当あり	いいえ	10.26	1.5	170.1	1935.0	534.0	Basic Materials			OK	通常掲載可	OK	82463.5	0.14	0.48	35.86	1.43	1554.5	117.19	17.07	16.12	0
3169	ミサワ	スタンダード（内国株式）	6100	小売業	14	小売	-	-	656.0	1.22	8.0	1.22	8.0	1.22	配当あり	いいえ	37.13	2.06	46.3	714.0	622.0	Consumer Cyclical			OK	通常掲載可	OK	12159.2	1.94	-3.79	58.74	0.09	109.3	17.67	45.27	31.09	0
3172	ティーライフ	スタンダード（内国株式）	6100	小売業	14	小売	-	-	1151.0	2.61	30.0	2.6	30.0	2.61	配当あり	いいえ	13.69	0.77	49.2	1185.0	1110.0	Consumer Cyclical			OK	通常掲載可	OK	13001.0	4.27	-3.39	69.94	0.16	242.0	84.08	35.68	4.77	0
3173	Ｃｏｍｉｎｉｘ	スタンダード（内国株式）	6050	卸売業	13	商社・卸売	-	-	1036.0	3.86	40.0	3.91	40.0	3.86	配当あり	いいえ	10.13	0.83	71.1	1104.0	830.0	Industrials			OK	通常掲載可	OK	41114.0	2.38	36.47	33.75	1.01	1609.0	102.3	39.1	8.5	0
3174	ハピネス・アンド・ディ	スタンダード（内国株式）	6100	小売業	14	小売	-	-	406.0	3.69	15.0	2.58	15.0	3.69	配当あり	いいえ		2.58	12.8	750.0	403.0	Consumer Cyclical			OK	通常掲載可	OK	8841.4	-4.57	-17.99	3.52	18.97	105.7	-250.05		-98.99	0
3175	エー・ピーホールディングス	スタンダード（内国株式）	6100	小売業	14	小売	-	-	926.0						配当未取得		10.97	10.51	118.1	1003.0	895.0	Consumer Cyclical	配当未取得	1株配当が取得できていない	除外推奨	掲載非推奨	OK_配当データ要確認	21821.8	3.87	3.56	14.03	4.17	829.9	84.45		211.95	
3176	三洋貿易	プライム（内国株式）	6050	卸売業	13	商社・卸売	7	TOPIX Small 2	777.0	3.86	30.0	3.85	30.0	3.86	配当あり	いいえ	10.2	0.82	447.9	993.5	710.0	Industrials			OK	通常掲載可	OK	132703.8	4.54	2.66	62.97	0.06	6434.7	76.21	39.36	9.22	4
3177	ありがとうサービス	スタンダード（内国株式）	6100	小売業	14	小売	-	-	3500.0	3.86	135.0	3.95	135.0	3.86	配当あり	いいえ	6.56	0.95	32.3	4000.0	3220.0	Consumer Cyclical			OK	通常掲載可	OK	11398.0	8.28	7.44	51.84	0.39	664.3	533.86	25.29	7.63	4
3178	チムニー	スタンダード（内国株式）	6100	小売業	14	小売	-	-	1081.0	0.56	6.0	0.55	6.0	0.56	配当あり	いいえ	41.39	3.26	208.6	1380.0	1037.0	Consumer Cyclical			OK	通常掲載可	OK	26365.2	1.86	0.56	40.34	0.8	1365.5	26.12	22.97	9.18	0
3179	シュッピン	プライム（内国株式）	6100	小売業	14	小売	7	TOPIX Small 2	1046.0	3.82	40.0	3.69	40.0	3.82	配当あり	いいえ	13.32	2.16	222.0	1372.0	972.0	Consumer Cyclical			OK	通常掲載可	OK	51924.8	4.89	-1.39	56.67	0.45	1768.1	78.52	50.94	16.5	4
3180	ビューティガレージ	プライム（内国株式）	6050	卸売業	13	商社・卸売	7	TOPIX Small 2	1438.0	1.25	18.0	1.24	18.0	1.25	配当あり	いいえ	19.33	2.16	180.4	1794.0	1238.0	Consumer Defensive			OK	通常掲載可	OK	33721.3	4.73	13.0	46.92	0.28	1120.7	74.38	24.2	11.9	1
3181	買取王国	スタンダード（内国株式）	6100	小売業	14	小売	-	-	967.0	1.14	11.0	1.15	11.0	1.14	配当あり	いいえ	9.88	1.04	35.4	1121.0	819.0	Consumer Cyclical			OK	通常掲載可	OK	9330.9	5.43	19.28	57.08	0.48	9.3	97.89	11.24	11.08	0
3182	オイシックス・ラ・大地	プライム（内国株式）	6100	小売業	14	小売	6	TOPIX Small 1	1487.0	1.75	26.0	1.73	26.0	1.75	配当あり	いいえ	11.41	1.89	516.5	1997.0	1291.0	Consumer Cyclical			OK	通常掲載可	OK	251419.0	2.92	-1.79	25.3	1.55	7409.0	130.33	19.95	13.43	
3183	ウイン・パートナーズ	プライム（内国株式）	6050	卸売業	13	商社・卸売	7	TOPIX Small 2	1233.0	4.46	55.0	4.45	55.0	4.46	配当あり	いいえ	16.0	1.46	339.1	1527.0	1175.0	Healthcare			OK	通常掲載可	OK	90391.6	3.34	11.03	46.0	0.03	2703.5	77.06	71.37	8.94	1
3184	ＩＣＤＡホールディングス	スタンダード（内国株式）	6100	小売業	14	小売	-	-	4470.0	1.57	70.0	1.57	70.0	1.57	配当あり	いいえ	7.4	0.8	93.9	4645.0	3825.0	Consumer Cyclical			OK	通常掲載可	OK	38938.7	5.01	1.98	52.69	0.21	-1304.0	603.67	11.6	11.36	1
3185	夢展望	グロース（内国株式）	6100	小売業	14	小売	-	-	145.0						配当未取得			133.15	26.6	298.0	136.0	Consumer Cyclical	配当未取得	1株配当が取得できていない	除外推奨	掲載非推奨	OK_配当データ要確認	3534.6	-10.9	-21.45	1.04	65.48	139.4	-24.24		-203.2	
3186	ネクステージ	プライム（内国株式）	6100	小売業	14	小売	6	TOPIX Small 1	4090.0	1.1	45.0	1.1	45.0	1.1	配当あり	いいえ	25.28	4.02	3200.0	4325.0	1689.0	Consumer Cyclical			OK	通常掲載可	OK	652072.0	3.01	17.96	34.92	1.22	2545.0	161.78	27.82	20.73	5
3187	ミラタップ	グロース（内国株式）	6100	小売業	14	小売	-	-	250.0	1.2	3.0	1.29	3.0	1.2	配当あり	いいえ		1.56	44.5	388.0	222.0	Consumer Cyclical			OK	通常掲載可	OK	16746.7	-1.69	3.87	33.03	1.08	-464.0	-6.91		-13.8	0
3189	ＡＮＡＰホールディングス	スタンダード（内国株式）	6100	小売業	14	小売	-	-	106.0						配当未取得			0.83	47.7	1835.0	99.0	Consumer Cyclical	配当未取得	1株配当が取得できていない	除外推奨	掲載非推奨	OK_配当データ要確認	1774.7	-82.07	-34.49	69.02	0.4	-2519.2	-458.78		23.88	0
3190	ホットマン	スタンダード（内国株式）	6100	小売業	14	小売	-	-	572.0	3.85	22.0	3.85	22.0	3.85	配当あり	いいえ	11.31	0.75	40.4	609.0	559.0	Consumer Cyclical			OK	通常掲載可	OK	22501.1	2.88	2.7	46.57	0.55	643.4	50.56	43.51	6.63	0
3191	ジョイフル本田	プライム（内国株式）	6100	小売業	14	小売	6	TOPIX Small 1	2221.0	3.78	84.0	3.71	84.0	3.78	配当あり	いいえ	13.59	1.07	1338.7	2296.0	2022.0	Consumer Cyclical			OK	通常掲載可	OK	135737.0	7.92	1.81	73.56	0.12	6699.0	163.39	51.41	7.94	6
3192	白鳩	スタンダード（内国株式）	6100	小売業	14	小売	-	-	335.0						配当未取得		4.26	0.79	22.3	530.0	241.0	Consumer Cyclical	配当未取得	1株配当が取得できていない	除外推奨	掲載非推奨	OK_配当データ要確認	6274.1	0.57	-1.55	37.01	1.4	289.2	78.59		1.99	0
3193	エターナルホスピタリティグループ	プライム（内国株式）	6100	小売業	14	小売	7	TOPIX Small 2	2762.0	1.67	46.0	1.68	46.0	1.67	配当あり	いいえ	15.77	2.94	318.6	3860.0	2581.0	Consumer Cyclical			OK	通常掲載可	OK	41914.1	7.75	25.31	42.09	0.39	2806.8	175.19	26.26	21.29	3
3195	ジェネレーションパス	スタンダード（内国株式）	6100	小売業	14	小売	-	-	523.0						配当未取得		26.81	2.03	42.7	850.0	363.0	Consumer Cyclical	配当未取得	1株配当が取得できていない	除外推奨	掲載非推奨	OK_配当データ要確認	16552.3	0.69	1.95	40.77	0.67	-741.0	19.51		8.07	
3196	ホットランドホールディングス	プライム（内国株式）	6100	小売業	14	小売	7	TOPIX Small 2	1559.0	0.83	13.0	0.82	13.0	0.83	配当あり	いいえ	81.71	2.89	404.3	2143.0	1555.0	Consumer Cyclical			OK	通常掲載可	OK	51041.0	3.5	10.65	33.89	1.04	-1396.4	19.08	68.13	6.26	0
3197	すかいらーくホールディングス	プライム（内国株式）	6100	小売業	14	小売	4	TOPIX Mid400	2778.5	0.94	26.0	0.93	26.0	0.94	配当あり	いいえ	37.69	3.32	6318.1	3764.0	2620.5	Consumer Cyclical			OK	通常掲載可	OK	457791.0	6.54	14.13	36.17	0.66	49714.0	73.72	35.27	9.81	2
3198	ＳＦＰホールディングス	プライム（内国株式）	6100	小売業	14	小売	7	TOPIX Small 2	2225.0	1.26	28.0	1.26	28.0	1.26	配当あり	いいえ	46.73	5.53	507.4	2488.0	1987.0	Consumer Cyclical			OK	通常掲載可	OK	31119.3	5.49	2.4	67.95	0.01	582.3	47.61	58.81	12.11	3
3199	綿半ホールディングス	プライム（内国株式）	6100	小売業	14	小売	7	TOPIX Small 2	1351.0	2.29	31.0	2.28	31.0	2.29	配当あり	いいえ	11.85	1.04	252.5	1690.0	1279.0	Consumer Cyclical			OK	通常掲載可	OK	135451.0	2.66	1.39	29.36	1.21	897.0	113.99	27.2	9.22	10
319A	技術承継機構	グロース（内国株式）	3550	金属製品	3	建設・資材	-	-	15900.0						配当未取得		44.84	13.86	1406.5	19600.0	4880.0	Financial Services	配当未取得	1株配当が取得できていない	除外推奨	掲載非推奨	OK_配当データ要確認	14961.0	9.57	35.38	29.55	1.78	147.0	354.59		49.26	
3201	日本毛織	プライム（内国株式）	3100	繊維製品	4	素材・化学	6	TOPIX Small 1	1709.0	3.74	64.0	3.75	64.0	3.74	配当あり	いいえ	12.92	0.84	1113.1	2113.0	1367.0	Consumer Cyclical			OK	通常掲載可	OK	119377.0	9.98	3.41	69.38	0.11	12140.0	132.31	48.37	7.32	5
3202	ダイトウボウ	スタンダード（内国株式）	3100	繊維製品	4	素材・化学	-	-	129.0	2.33	3.0	2.38	3.0	2.33	配当あり	いいえ	42.72	0.77	38.5	153.0	107.0	Consumer Cyclical			OK	通常掲載可	OK	4012.2	7.74	-2.3	24.92	1.96	600.2	3.02	99.34	1.81	2
3204	トーア紡コーポレーション	スタンダード（内国株式）	3100	繊維製品	4	素材・化学	-	-	507.0	2.96	15.0	2.98	15.0	2.96	配当あり	いいえ	6.81	0.32	44.6	557.0	395.0	Industrials			OK	通常掲載可	OK	17471.0	3.26	-5.15	40.73	0.83	674.0	74.49	20.14	6.49	3
3205	ダイドーリミテッド	スタンダード（内国株式）	3100	繊維製品	4	素材・化学	-	-	709.0	7.05	50.0	6.94	50.0	7.05	配当あり	いいえ	10.41	1.91	194.2	1386.0	660.0	Consumer Cyclical			OK	通常掲載可	OK	32502.0	1.14	13.61	27.51	1.36	-189.0	68.11	73.41	18.75	1
3221	ヨシックスホールディングス	プライム（内国株式）	6100	小売業	14	小売	7	TOPIX Small 2	3105.0	1.03	32.0	1.01	32.0	1.03	配当あり	いいえ	15.7	2.4	318.5	3650.0	2482.0	Consumer Cyclical			OK	通常掲載可	OK	25914.3	11.56	13.14	77.14	0.0	3170.4	197.82	16.18	16.37	0
3222	ユナイテッド・スーパーマーケット・ホールディングス	スタンダード（内国株式）	6100	小売業	14	小売	6	TOPIX Small 1	791.0	2.02	16.0	2.0	16.0	2.02	配当あり	いいえ		0.77	1638.2	1049.0	771.0	Consumer Cyclical			OK	通常掲載可	OK	963761.0	0.52	18.8	52.92	0.27	2301.0	-16.32		-1.58	0
3223	エスエルディー	スタンダード（内国株式）	6100	小売業	14	小売	-	-	940.0						配当未取得		26.5	2.66	14.7	1330.0	869.0	Consumer Cyclical	配当未取得	1株配当が取得できていない	除外推奨	掲載非推奨	OK_配当データ要確認	3661.0	3.95	2.1	46.32	0.2	101.1	35.47		16.59	0
3224	ゼネラル・オイスター	グロース（内国株式）	6100	小売業	14	小売	-	-	727.0	2.75	20.0	2.78	20.0	2.75	配当あり	いいえ		2.42	38.8	881.0	570.0	Consumer Cyclical			OK	通常掲載可	OK	3926.2	0.09	3.59	42.25	0.26	-87.8	-35.16		-11.83	
3231	野村不動産ホールディングス	プライム（内国株式）	8050	不動産業	17	不動産	4	TOPIX Mid400	924.6	4.76	44.0	4.71	44.0	4.76	配当あり	いいえ	9.56	0.99	7898.0	1166.0	821.7	Real Estate			OK	通常掲載可	OK	757638.0	15.7	3.12	27.92	2.06	-301136.0	96.7	45.5	10.68	15
3232	三重交通グループホールディングス	プライム（内国株式）	8050	不動産業	17	不動産	7	TOPIX Small 2	532.0	3.38	18.0	3.42	18.0	3.38	配当あり	いいえ	8.55	0.76	534.8	611.0	485.0	Industrials			OK	通常掲載可	OK	110261.0	8.85	6.17	36.63	1.16	7868.5	62.23	28.92	9.4	4
3236	プロパスト	スタンダード（内国株式）	8050	不動産業	17	不動産	-	-	266.0	2.26	6.0	2.24	6.0	2.26	配当あり	いいえ	3.74	0.66	88.0	420.0	186.0	Real Estate			OK	通常掲載可	OK	27839.0	11.98	19.48	40.33	1.36	7612.0	71.07	8.44	17.65	2
3237	イントランス	グロース（内国株式）	8050	不動産業	17	不動産	-	-	109.0						配当未取得			21.24	50.7	113.0	53.0	Real Estate	配当未取得	1株配当が取得できていない	除外推奨	掲載非推奨	OK_配当データ要確認	1073.7	-38.85	30.15	11.11	6.58	-502.2	-10.78		-102.91	0
3238	セントラル総合開発	スタンダード（内国株式）	8050	不動産業	17	不動産	-	-	370.0	3.51	13.0	3.52	13.0	3.51	配当あり	いいえ	24.1	0.35	35.6	507.0	337.0	Real Estate			OK	通常掲載可	OK	38450.7	2.34	24.5	22.35	3.04	-488.1	15.35	84.69	1.43	0
323A	フライヤー	グロース（内国株式）	5250	情報・通信業	10	情報通信・サービスその他	-	-	406.0						配当未取得		105.45	4.54	13.9	998.0	371.0	Technology	配当未取得	1株配当が取得できていない	除外推奨	掲載非推奨	OK_配当データ要確認	1068.7	2.85	12.67	24.43	1.76	25.8	3.85		4.89	
3241	ウィル	スタンダード（内国株式）	8050	不動産業	17	不動産	-	-	580.0	4.05	23.5	3.98	23.5	4.05	配当あり	いいえ	10.07	1.24	67.0	637.0	455.0	Real Estate			OK	通常掲載可	OK	14880.0	8.92	12.62	32.79	1.64	-469.0	57.58	40.81	15.63	1
3242	アーバネットコーポレーション	スタンダード（内国株式）	8050	不動産業	17	不動産	-	-	499.0	4.41	22.0	4.33	22.0	4.41	配当あり	いいえ	4.33	0.97	184.6	633.0	463.0	Real Estate			OK	通常掲載可	OK	33933.7	10.26	21.34	27.84	2.4	-9750.3	115.11	19.11	23.42	4
3245	ディア・ライフ	プライム（内国株式）	8050	不動産業	17	不動産	7	TOPIX Small 2	1014.0	6.31	64.0	6.27	64.0	6.31	配当あり	いいえ	10.52	1.57	510.5	1446.0	957.0	Real Estate			OK	通常掲載可	OK	78505.0	9.84	67.46	59.3	0.54	14133.0	96.39	66.4	14.7	2
3246	コーセーアールイー	スタンダード（内国株式）	8050	不動産業	17	不動産	-	-	621.0	3.86	24.0	3.85	24.0	3.86	配当あり	いいえ	9.06	0.61	63.1	766.0	615.0	Real Estate			OK	通常掲載可	OK	10045.6	7.65	31.34	53.91	0.68	-1264.6	68.53	35.02	7.88	0
3248	アールエイジ	スタンダード（内国株式）	8050	不動産業	17	不動産	-	-	877.0	4.1	36.0	4.23	36.0	4.1	配当あり	いいえ	10.06	0.58	27.9	925.0	802.0	Real Estate			OK	通常掲載可	OK	3289.9	15.4	-30.38	31.13	2.05	-1249.3	87.16	41.3	5.83	0
324A	ブッキングリゾート	グロース（内国株式）	9050	サービス業	10	情報通信・サービスその他	-	-	693.0						配当未取得		10.94	2.21	37.5	1425.0	637.0	Consumer Cyclical	配当未取得	1株配当が取得できていない	除外推奨	掲載非推奨	OK_配当データ要確認	1456.0	35.38	37.48	74.48	0.23	334.3	63.36		20.1	
3252	地主	プライム（内国株式）	8050	不動産業	17	不動産	7	TOPIX Small 2	2873.0	4.52	130.0	4.53	130.0	4.52	配当あり	いいえ	8.05	2.11	594.1	3680.0	2125.0	Real Estate			OK	通常掲載可	OK	76327.0	11.27	33.75	34.1	1.69	-27690.0	357.07	36.41	13.87	2
325A	ＴＥＮＴＩＡＬ	グロース（内国株式）	3100	繊維製品	4	素材・化学	-	-	1343.0						配当未取得		25.14	1.79	305.0	1816.67	1081.67	Consumer Cyclical	配当未取得	1株配当が取得できていない	除外推奨	掲載非推奨	OK_配当データ要確認	12837.4	11.32	137.33	36.58	0.55	2325.0	53.42		7.12	
3261	グランディーズ	グロース（内国株式）	8050	不動産業	17	不動産	-	-	380.0	3.95	15.0	3.96	15.0	3.95	配当あり	いいえ		0.6	15.6	1215.0	376.0	Real Estate			OK	通常掲載可	OK	3416.8	0.38	-19.16	48.42	0.84	-549.6	-0.76		0.34	0
3266	ファンドクリエーショングループ	スタンダード（内国株式）	8050	不動産業	17	不動産	-	-	83.0	1.2	1.0	1.22	1.0	1.2	配当あり	いいえ	9.54	0.96	31.2	148.0	77.0	Financial Services			OK	通常掲載可	OK	5842.0	9.96	3.07	45.17	1.02	-1167.0	8.7	11.49	11.1	0
3267	フィル・カンパニー	スタンダード（内国株式）	2050	建設業	3	建設・資材	7	TOPIX Small 2	705.0	2.13	15.0	2.23	15.0	2.13	配当あり	いいえ	9.51	1.16	37.9	1273.0	605.0	Industrials			OK	通常掲載可	OK	8233.5	7.15	14.59	33.65	0.92	-480.7	74.14	20.23	10.43	2
3271	ＴＨＥグローバル社	スタンダード（内国株式）	8050	不動産業	17	不動産	-	-	1268.0	6.31	80.0	6.31	80.0	6.31	配当あり	いいえ	12.06	3.43	358.9	1280.0	821.0	Real Estate			OK	通常掲載可	OK	27037.1	6.5	-36.22	16.24	4.63	-11895.9	105.12	76.1	35.15	1
3276	ＪＰＭＣ	プライム（内国株式）	8050	不動産業	17	不動産	7	TOPIX Small 2	1282.0	4.99	64.0	5.0	64.0	4.99	配当あり	いいえ	11.96	2.3	214.1	1389.0	1155.0	Real Estate			OK	通常掲載可	OK	58498.1	4.5	-0.83	53.09	0.08	2201.1	107.22	59.69	21.05	6
3277	サンセイランディック	スタンダード（内国株式）	8050	不動産業	17	不動産	-	-	643.0	4.67	30.0	4.61	30.0	4.67	配当あり	いいえ	8.09	0.71	104.4	777.5	547.5	Real Estate			OK	通常掲載可	OK	23348.9	9.63	-8.87	33.31	1.86	-6185.8	79.49	37.74	10.15	9
3280	エストラスト	スタンダード（内国株式）	8050	不動産業	17	不動産	-	-	993.0	3.42	34.0	3.45	34.0	3.42	配当あり	いいえ	4.23	0.56	60.2	1220.0	891.0	Real Estate			OK	通常掲載可	OK	22313.0	9.39	16.1	28.73	2.23	-5760.0	234.77	14.48	13.95	4
3284	フージャースホールディングス	プライム（内国株式）	8050	不動産業	17	不動産	7	TOPIX Small 2	1188.0	6.4	76.0	6.38	76.0	6.4	配当あり	いいえ	6.82	0.92	485.9	1410.0	1126.0	Consumer Cyclical			OK	通常掲載可	OK	138579.0	9.96	50.38	28.03	2.0	9272.0	174.27	43.61	14.13	5
3286	トラストホールディングス	スタンダード（内国株式）	8050	不動産業	17	不動産	-	-	860.0	2.09	18.0	2.07	18.0	2.09	配当あり	いいえ	17.32	3.14	33.3	1145.0	851.0	Industrials			OK	通常掲載可	OK	13418.5	4.24	5.92	6.6	10.55	740.7	49.65	36.25	18.83	1
3288	オープンハウスグループ	プライム（内国株式）	8050	不動産業	17	不動産	4	TOPIX Mid400	8262.0	2.42	200.0	2.36	200.0	2.42	配当あり	いいえ	8.43	1.58	9159.3	11790.0	6509.0	Real Estate			OK	通常掲載可	OK	1336468.0	10.92	3.13	38.15	1.34	25886.0	979.94	20.41	20.13	12
3289	東急不動産ホールディングス	プライム（内国株式）	8050	不動産業	17	不動産	4	TOPIX Mid400	1285.0	3.89	50.0	3.86	50.0	3.89	配当あり	いいえ	9.48	1.02	9158.6	1598.0	1001.5	Real Estate			OK	通常掲載可	OK	1246048.0	13.39	8.32	26.27	2.03	129480.0	135.48	36.91	11.19	4
3291	飯田グループホールディングス	プライム（内国株式）	8050	不動産業	17	不動産	4	TOPIX Mid400	2135.0	4.31	92.0	4.21	92.0	4.31	配当あり	いいえ	9.31	0.58	5899.7	2794.0	2014.5	Consumer Cyclical			OK	通常掲載可	OK	1508864.0	6.26	3.37	50.83	0.77	-119557.0	229.22	40.14	6.15	1
3293	アズマハウス	スタンダード（内国株式）	8050	不動産業	17	不動産	-	-	759.0	4.61	35.0	4.6	35.0	4.61	配当あり	いいえ	12.1	0.35	61.1	808.0	734.0	Real Estate			OK	通常掲載可	OK	13279.3	9.27	1.46	53.78	0.73	1192.4	62.71	55.81	7.34	0
3294	イーグランド	スタンダード（内国株式）	8050	不動産業	17	不動産	-	-							配当未取得								yfinanceデータなし	yfinanceで株価・配当データが取得できなかった	除外推奨	掲載非推奨	データなし										
3297	東武住販	スタンダード（内国株式）	8050	不動産業	17	不動産	-	-	1089.0	3.67	40.0	3.67	40.0	3.67	配当あり	いいえ	8.42	0.66	29.5	1390.0	1058.0	Real Estate			OK	通常掲載可	OK	8185.7	6.25	12.69	72.11	0.2	1034.3	129.26	30.95	7.92	4
3299	ムゲンエステート	スタンダード（内国株式）	8050	不動産業	17	不動産	-	-	1743.0	7.46	130.0	7.29	130.0	7.46	配当あり	いいえ	6.15	1.18	409.5	2602.0	1621.0	Real Estate			OK	通常掲載可	OK	68262.0	16.19	9.77	33.55	1.75	-10590.0	283.48	45.86	16.04	5
3300	アンビション　ＤＸ　ホールディングス	グロース（内国株式）	8050	不動産業	17	不動産	-	-	2067.0	5.32	110.0	5.39	110.0	5.32	配当あり	いいえ	7.84	1.71	153.0	2961.0	1960.0	Real Estate			OK	通常掲載可	OK	52372.3	7.54	24.5	21.22	3.02	-5515.8	263.62	41.73	27.03	5
3302	帝国繊維	プライム（内国株式）	3100	繊維製品	4	素材・化学	7	TOPIX Small 2	3370.0	1.93	65.0	1.91	65.0	1.93	配当あり	いいえ	23.29	1.14	863.6	3775.0	2673.0	Industrials			OK	通常掲載可	OK	33639.9	12.06	6.86	79.25	0.0	2234.4	144.71	44.92	6.44	1
3306	日本製麻	スタンダード（内国株式）	6050	卸売業	13	商社・卸売	-	-	646.0	0.62	4.0	0.64	4.0	0.62	配当あり	いいえ	5.23	1.17	28.5	990.0	590.0	Industrials			OK	通常掲載可	OK	2399.7	-1.48	-3.74	59.72	0.48	-601.4	123.51	3.24	3.95	0
330A	ＴａｌｅｎｔＸ	グロース（内国株式）	5250	情報・通信業	10	情報通信・サービスその他	-	-	473.0						配当未取得		10.91	3.06	27.3	1420.0	373.0	Industrials	配当未取得	1株配当が取得できていない	除外推奨	掲載非推奨	OK_配当データ要確認	1751.5	19.11	22.12	52.69	0.02	270.4	43.37		37.55	
3315	日本コークス工業	プライム（内国株式）	3300	石油・石炭製品	2	エネルギー資源	7	TOPIX Small 2	92.0						配当未取得			0.77	267.7	153.0	82.0	Basic Materials	配当未取得	1株配当が取得できていない	除外推奨	掲載非推奨	OK_配当データ要確認	91386.0	0.67	-7.73	27.5	1.93	8511.0	-26.39		-20.1	0
3317	フライングガーデン	スタンダード（内国株式）	6100	小売業	14	小売	-	-	1376.0	1.24	17.0	1.21	17.0	1.24	配当あり	いいえ	8.74	1.08	39.8	1748.0	1217.0	Consumer Cyclical			OK	通常掲載可	OK	9200.1	6.52	11.31	67.9	0.0	283.2	157.36	10.8	13.1	0
331A	メディックス	スタンダード（内国株式）	9050	サービス業	10	情報通信・サービスその他	-	-	485.0	3.92	19.0	3.93	19.0	3.92	配当あり	いいえ	8.51	1.07	37.2	575.0	460.0	Communication Services			OK	通常掲載可	OK	4256.9	15.49	2.28	44.44	0.24	214.2	56.99	33.34	12.71	
3320	クロスプラス	スタンダード（内国株式）	6050	卸売業	13	商社・卸売	-	-	1304.0	4.6	60.0	4.68	60.0	4.6	配当あり	いいえ	5.54	0.5	96.9	1467.0	1165.0	Consumer Cyclical			OK	通常掲載可	OK	59852.0	2.33	-3.47	65.61	0.16	533.0	235.32	25.5	7.35	3
3321	ミタチ産業	スタンダード（内国株式）	6050	卸売業	13	商社・卸売	-	-	1781.0	4.49	80.0	4.56	80.0	4.49	配当あり	いいえ	6.43	0.82	142.0	2445.0	1165.0	Technology			OK	通常掲載可	OK	98176.4	2.19	152.38	39.16	0.76	-9436.3	276.78	28.9	13.26	1
3323	レカム	スタンダード（内国株式）	6050	卸売業	13	商社・卸売	-	-	72.0	1.67	1.2	1.69	1.2	1.67	配当あり	いいえ		1.06	58.1	192.0	69.0	Communication Services			OK	通常掲載可	OK	13088.3	3.12	11.99	39.79	0.96	259.3	-0.61		2.32	0
3326	ランシステム	スタンダード（内国株式）	9050	サービス業	10	情報通信・サービスその他	-	-	602.0						配当未取得		25.13	7.97	25.6	880.0	575.0	Consumer Cyclical	配当未取得	1株配当が取得できていない	除外推奨	掲載非推奨	OK_配当データ要確認	5430.3	3.2	0.4	7.7	9.02	-79.8	23.96		37.41	1
3329	東和フードサービス	スタンダード（内国株式）	6100	小売業	14	小売	-	-	2047.0	0.98	20.0	0.96	20.0	0.98	配当あり	いいえ	22.02	2.13	165.2	2200.0	1992.0	Consumer Cyclical			OK	通常掲載可	OK	12813.0	8.29	3.48	78.21	0.0	477.1	92.98	21.51	10.05	0
332A	ミーク	グロース（内国株式）	5250	情報・通信業	10	情報通信・サービスその他	-	-	999.0						配当未取得		13.03	1.88	114.7	1765.0	757.0	Technology	配当未取得	1株配当が取得できていない	除外推奨	掲載非推奨	OK_配当データ要確認	7150.5	18.13	19.68	75.38	0.02	881.4	76.64		15.79	
3333	あさひ	プライム（内国株式）	6100	小売業	14	小売	7	TOPIX Small 2	1293.0	3.87	50.0	3.87	50.0	3.87	配当あり	いいえ	14.84	0.81	336.7	1457.0	1224.0	Consumer Cyclical			OK	通常掲載可	OK	81374.9	4.84	-0.27	71.61		4304.8	87.14	57.38	5.03	1
3349	コスモス薬品	プライム（内国株式）	6100	小売業	14	小売	4	TOPIX Mid400	6078.0	1.23	75.0	1.21	75.0	1.23	配当あり	いいえ	15.45	1.76	4817.3	10045.0	5615.0	Healthcare			OK	通常掲載可	OK	1011390.0	3.99	4.81	49.06	0.19	-859.0	393.43	19.06	12.0	7
334A	ビジュアル・プロセッシング・ジャパン	グロース（内国株式）	5250	情報・通信業	10	情報通信・サービスその他	-	-	907.0	2.54	23.0	2.54	23.0	2.54	配当あり	いいえ	16.45	1.18	30.1	1269.5	687.5	Technology			OK	通常掲載可	OK	1374.2	18.95	13.75	75.25	0.0	227.8	55.15	41.7	16.76	
3350	メタプラネット	スタンダード（内国株式）	6050	卸売業	13	商社・卸売	-	-	200.0						配当未取得			0.63	2562.5	1612.0	192.0	Consumer Cyclical	配当未取得	1株配当が取得できていない	除外推奨	掲載非推奨	OK_配当データ要確認	8905.0	70.6	738.51	90.76	0.1	5886.0	-218.02		-6.42	
3352	バッファロー	スタンダード（内国株式）	6100	小売業	14	小売	-	-	1590.0	4.4	70.0	4.39	70.0	4.4	配当あり	いいえ	8.43	0.57	37.3	2120.0	1323.0	Consumer Cyclical			OK	通常掲載可	OK	13706.6	4.42	12.48	66.1	0.13	464.2	188.69	37.1	6.96	0
3353	メディカル一光グループ	スタンダード（内国株式）	6100	小売業	14	小売	-	-	2788.0	4.3	120.0	4.29	120.0	4.3	配当あり	いいえ	8.23	0.67	105.0	4410.0	2590.0	Industrials			OK	通常掲載可	OK	54982.5	3.25	13.62	41.74	0.66	656.2	338.63	35.44	8.46	2
3355	クリヤマホールディングス	スタンダード（内国株式）	6050	卸売業	13	商社・卸売	-	-	1547.0	3.94	61.0	3.91	61.0	3.94	配当あり	いいえ	7.71	0.61	305.1	2021.0	1444.0	Industrials			OK	通常掲載可	OK	88685.6	4.63	13.85	54.81	0.41	164.6	200.56	30.41	7.95	6
3358	Ｔｒａｉｌｈｅａｄ　Ｇｌｏｂａｌ　Ｈｏｌｄｉｎｇｓ	スタンダード（内国株式）	6100	小売業	14	小売	-	-	99.0	2.02	2.0	2.02	2.0	2.02	配当あり	いいえ	55.31	1.65	36.9	174.0	82.0	Consumer Cyclical			OK	通常掲載可	OK	1826.6	-0.65	25.09	66.82	0.21	-556.7	1.79	111.73	2.98	0
3359	ｃｏｔｔａ	グロース（内国株式）	6050	卸売業	13	商社・卸売	-	-	506.0	1.98	10.0	1.98	10.0	1.98	配当あり	いいえ	11.78	1.13	53.7	616.0	424.0	Consumer Cyclical			OK	通常掲載可	OK	13675.5	5.65	52.77	43.12	0.9	668.9	42.94	23.29	10.25	1
335A	ミライロ	グロース（内国株式）	5250	情報・通信業	10	情報通信・サービスその他	-	-	339.0						配当未取得		53.22	4.14	37.4	678.0	329.0	Technology	配当未取得	1株配当が取得できていない	除外推奨	掲載非推奨	OK_配当データ要確認	832.3	17.08	17.3	75.25	0.18	137.8	6.37		7.78	
3360	シップヘルスケアホールディングス	プライム（内国株式）	6050	卸売業	13	商社・卸売	4	TOPIX Mid400	2166.0	3.0	65.0	3.0	65.0	3.0	配当あり	いいえ	15.01	1.32	1993.1	2839.0	1938.0	Healthcare			OK	通常掲載可	OK	718163.0	3.39	5.89	39.23	0.2	17363.0	144.26	45.06	8.92	9
3361	トーエル	スタンダード（内国株式）	6100	小売業	14	小売	-	-	879.0	2.62	23.0	2.63	23.0	2.62	配当あり	いいえ	10.23	0.75	164.6	967.0	782.0	Utilities			OK	通常掲載可	OK	27388.2	7.07	1.06	76.22	0.05	1778.7	85.91	26.77	7.59	0
336A	ダイナミックマッププラットフォーム	グロース（内国株式）	5250	情報・通信業	10	情報通信・サービスその他	-	-	872.0						配当未取得			2.85	206.2	1275.0	532.0	Communication Services	配当未取得	1株配当が取得できていない	除外推奨	掲載非推奨	OK_配当データ要確認	5686.0	-33.01	-23.83	66.34	0.22	-1685.0	-72.32		-21.11	
3370	フジタコーポレーション	スタンダード（内国株式）	6100	小売業	14	小売	-	-	489.0	0.61	3.0	0.62	3.0	0.61	配当あり	いいえ	13.57	4.86	16.8	631.0	314.0	Consumer Cyclical			OK	通常掲載可	OK	4892.5	2.33	6.62	8.52	8.66	-19.1	36.04	8.32	42.96	0
3371	ソフトクリエイトホールディングス	プライム（内国株式）	5250	情報・通信業	10	情報通信・サービスその他	7	TOPIX Small 2	1761.0	3.52	62.0	3.58	62.0	3.52	配当あり	いいえ	10.82	1.74	448.3	2425.0	1569.0	Technology			OK	通常掲載可	OK	34391.4	18.05	11.11	60.91	0.01	3682.6	162.73	38.1	17.3	6
3372	関門海	スタンダード（内国株式）	6100	小売業	14	小売	-	-	220.0						配当未取得		24.34	2.14	30.1	265.0	217.0	Consumer Cyclical	配当未取得	1株配当が取得できていない	除外推奨	掲載非推奨	OK_配当データ要確認	5264.1	6.22	4.95	38.89	1.11	484.5	9.04		9.12	
3374	内外テック	スタンダード（内国株式）	6050	卸売業	13	商社・卸売	-	-	3450.0	3.19	110.0	3.29	110.0	3.19	配当あり	いいえ	12.43	0.95	120.7	3630.0	2001.0	Industrials			OK	通常掲載可	OK	35337.7	4.39	-9.42	48.49	0.29	-624.2	277.64	39.62	7.86	1
3375	ＺＯＡ	スタンダード（内国株式）	6100	小売業	14	小売	-	-	1637.0	4.58	75.0	4.6	75.0	4.58	配当あり	いいえ	6.29	0.65	20.6	2072.0	1545.0	Technology			OK	通常掲載可	OK	9523.5	5.11	2.69	60.36	0.27	296.2	260.31	28.81	10.69	1
3377	バイク王＆カンパニー	スタンダード（内国株式）	6050	卸売業	13	商社・卸売	-	-	376.0	2.93	11.0	2.88	11.0	2.93	配当あり	いいえ	16.27	0.77	53.8	555.0	358.0	Consumer Cyclical			OK	通常掲載可	OK	38574.1	33.53	13.57	53.8	0.34	101.9	23.11	47.6	4.73	0
3382	セブン＆アイ・ホールディングス	プライム（内国株式）	6100	小売業	14	小売	1	TOPIX Core30	1948.0	3.08	60.0	3.07	60.0	3.08	配当あり	いいえ	16.4	1.24	45032.7	2417.0	1811.0	Consumer Defensive			OK	通常掲載可	OK	10430268.0	4.06	-12.88	39.6	1.05	262413.0	118.79	50.51	7.61	1
3386	コスモ・バイオ	スタンダード（内国株式）	6050	卸売業	13	商社・卸売	-	-	1279.0	3.91	50.0	4.07	50.0	3.91	配当あり	いいえ	21.56	0.77	72.6	1486.0	1083.0	Healthcare			OK	通常掲載可	OK	10766.0	3.19	7.26	74.02	0.0	314.0	59.31	84.3	3.58	0
3387	クリエイト・レストランツ・ホールディングス	プライム（内国株式）	6100	小売業	14	小売	6	TOPIX Small 1	733.0	0.68	5.0	0.68	5.0	0.68	配当あり	いいえ	65.98	7.05	3086.1	833.5	685.0	Consumer Cyclical			OK	通常掲載可	OK	165449.0	4.8	5.82	31.34	1.49	18219.0	11.11	45.0	11.36	4
3388	明治電機工業	プライム（内国株式）	6050	卸売業	13	商社・卸売	7	TOPIX Small 2	2133.0	4.5	96.0	4.55	96.0	4.5	配当あり	いいえ	9.56	0.72	268.8	2516.0	1820.0	Technology			OK	通常掲載可	OK	76360.0	4.81	-2.94	66.34	0.0	7710.9	223.13	43.02	7.88	3
338A	ＺｅｎｍｕＴｅｃｈ	グロース（内国株式）	5250	情報・通信業	10	情報通信・サービスその他	-	-	1974.0						配当未取得		32.66	3.39	53.7	6945.0	1890.0	Technology	配当未取得	1株配当が取得できていない	除外推奨	掲載非推奨	OK_配当データ要確認	851.9	16.92	31.28	63.33	0.12	-73.6	60.44		19.07	
3391	ツルハホールディングス	プライム（内国株式）	6100	小売業	14	小売	4	TOPIX Mid400	2017.0	2.38	48.0	2.33	48.0	2.38	配当あり	いいえ	14.0	1.04	9137.6	2993.0	1889.0	Healthcare			OK	通常掲載可	OK	1450585.0	4.35	41.18	53.14	0.24	56124.0	144.06	33.32	7.55	0
3392	デリカフーズホールディングス	スタンダード（内国株式）	6050	卸売業	13	商社・卸売	-	-	825.0	3.27	27.0	3.28	27.0	3.27	配当あり	いいえ	8.84	1.28	134.0	1033.0	584.0	Consumer Defensive			OK	通常掲載可	OK	62219.2	3.39	5.88	35.35	1.05	1589.6	93.36	28.92	15.57	0
3393	スターティアホールディングス	プライム（内国株式）	6050	卸売業	13	商社・卸売	-	-	3000.0	10.4	312.0	10.31	312.0	10.4	配当あり	いいえ	12.09	3.17	280.5	3100.0	2545.0	Technology	高利回り要確認	1株配当が株価の10%以上 / 配当利回りが8%以上	要確認	手動確認後に掲載	OK_高利回り要確認	23790.0	13.63	7.11	54.01	0.34	3057.1	248.05	125.78	29.21	5
3395	サンマルクホールディングス	プライム（内国株式）	6100	小売業	14	小売	6	TOPIX Small 1	2476.0	2.18	54.0	2.15	54.0	2.18	配当あり	いいえ	19.76	1.69	530.8	3195.0	2287.0	Consumer Cyclical			OK	通常掲載可	OK	88432.4	5.82	24.74	44.69	0.65	5777.8	125.3	43.1	8.68	3
3396	フェリシモ	スタンダード（内国株式）	6100	小売業	14	小売	-	-	851.0	2.94	25.0	2.92	25.0	2.94	配当あり	いいえ	16.88	0.31	60.6	958.0	809.0	Consumer Cyclical			OK	通常掲載可	OK	29179.0	0.74	-0.92	70.04	0.0	297.0	50.42	49.58	1.84	0
3397	トリドールホールディングス	プライム（内国株式）	6100	小売業	14	小売	4	TOPIX Mid400	3794.0	0.32	12.0	0.31	12.0	0.32	配当あり	いいえ	176.22	3.61	3335.6	5391.0	3492.0	Consumer Cyclical			OK	通常掲載可	OK	278715.0	7.89	3.91	29.9	1.88	35407.0	21.53	55.74	2.91	2
3399	丸千代山岡家	スタンダード（内国株式）	6100	小売業	14	小売	-	-	3310.0	0.91	30.0	0.89	30.0	0.91	配当あり	いいえ	17.65	43.24	652.1	4070.0	2595.0	Consumer Cyclical			OK	通常掲載可	OK	43000.8	10.88	24.33	55.41	0.18	3126.3	187.53	16.0	7.91	2
339A	プログレス・テクノロジーズ　グループ	グロース（内国株式）	9050	サービス業	10	情報通信・サービスその他	-	-	900.0	3.33	30.0	3.3	30.0	3.33	配当あり	いいえ	6.07	1.16	68.6	1594.0	870.0	Technology			OK	通常掲載可	OK	6314.0	28.25	11.77	52.28	0.41	1887.0	148.33	20.23	24.42	
3401	帝人	プライム（内国株式）	3100	繊維製品	4	素材・化学	4	TOPIX Mid400	1622.5	3.08	50.0	3.08	50.0	3.08	配当あり	いいえ		0.86	3130.1	1773.0	1177.0	Industrials			OK	通常掲載可	OK	873190.0	-8.1	-13.16	39.61	0.92	8417.0	-456.26		-21.78	2
3402	東レ	プライム（内国株式）	3100	繊維製品	4	素材・化学	4	TOPIX Mid400	1125.0	2.31	26.0	2.31	26.0	2.31	配当あり	いいえ	21.27	0.91	16395.0	1353.5	913.7	Consumer Cyclical			OK	通常掲載可	OK	2585077.0	3.76	0.85	51.77	0.5	65262.0	52.88	49.17	4.77	1
3405	クラレ	プライム（内国株式）	3200	化学	4	素材・化学	4	TOPIX Mid400	1655.0	3.26	54.0	3.24	54.0	3.26	配当あり	いいえ	70.37	0.67	4986.5	1946.0	1490.5	Basic Materials			OK	通常掲載可	OK	808447.0	7.28	-2.23	56.99	0.38	936.0	23.52	229.59	0.95	0
3407	旭化成	プライム（内国株式）	3200	化学	4	素材・化学	2	TOPIX Large70	1782.5	2.47	44.0	2.46	44.0	2.47	配当あり	いいえ	15.24	1.16	24098.1	1889.0	996.8	Industrials			OK	通常掲載可	OK	3074505.0	7.52	1.22	50.47	0.48	92054.0	116.95	37.62	8.02	1
3409	北紡	スタンダード（内国株式）	3100	繊維製品	4	素材・化学	-	-	91.0						配当未取得			1.84	28.7	293.0	87.0	Consumer Cyclical	配当未取得	1株配当が取得できていない	除外推奨	掲載非推奨	OK_配当データ要確認	1631.4	-3.01	24.79	55.23	0.45	-43.1	-4.88		-9.59	
340A	ジグザグ	グロース（内国株式）	5250	情報・通信業	10	情報通信・サービスその他	-	-	316.0						配当未取得		11.21	1.89	24.5	931.0	303.0	Industrials	配当未取得	1株配当が取得できていない	除外推奨	掲載非推奨	OK_配当データ要確認	1412.2	22.86	27.66	52.37	0.02	187.2	28.19		16.86	
3415	ＴＯＫＹＯ　ＢＡＳＥ	プライム（内国株式）	6100	小売業	14	小売	7	TOPIX Small 2	335.0	2.09	7.0	2.05	7.0	2.09	配当あり	いいえ	12.31	2.33	142.8	594.0	324.0	Consumer Cyclical			OK	通常掲載可	OK	23734.3	8.24	17.45	42.16	0.92	182.7	27.22	25.72	22.11	2
3416	ピクスタ	スタンダード（内国株式）	6100	小売業	14	小売	-	-	824.0	5.46	45.0	5.48	45.0	5.46	配当あり	いいえ	15.49	1.29	14.3	1095.0	782.0	Consumer Cyclical			OK	通常掲載可	OK	2663.6	5.68	-7.59	50.11	0.0	-173.4	53.2	84.59	4.36	0
3417	大木ヘルスケアホールディングス	スタンダード（内国株式）	6050	卸売業	13	商社・卸売	-	-	1126.0	2.66	30.0	2.66	30.0	2.66	配当あり	いいえ	11.47	0.45	153.6	1472.0	1047.0	Healthcare			OK	通常掲載可	OK	360358.0	0.2	3.12	23.02	0.46	-2810.0	98.19	30.55	3.92	10
3418	バルニバービ	グロース（内国株式）	6100	小売業	14	小売	-	-	1118.0	0.67	7.5	0.67	7.5	0.67	配当あり	いいえ	26.71	2.0	120.9	1241.0	1008.0	Consumer Cyclical			OK	通常掲載可	OK	13453.0	4.82	0.67	32.48	1.27	-350.4	41.85	17.92	5.24	0
341A	トヨコー	グロース（内国株式）	2050	建設業	3	建設・資材	-	-	2014.0						配当未取得		52.37	9.79	274.7	3600.0	1755.0	Industrials	配当未取得	1株配当が取得できていない	除外推奨	掲載非推奨	OK_配当データ要確認	3133.8	20.07	54.69	55.78	0.58	-70.7	38.46		21.97	
3420	ケー・エフ・シー	スタンダード（内国株式）	3550	金属製品	3	建設・資材	-	-	1509.0	4.64	70.0	4.64	70.0	4.64	配当あり	いいえ	10.63	0.5	111.1	1746.0	1470.0	Industrials			OK	通常掲載可	OK	25548.0	4.23	-2.01	73.95	0.04	444.9	141.9	49.33	4.81	2
3421	稲葉製作所	スタンダード（内国株式）	3550	金属製品	3	建設・資材	7	TOPIX Small 2	1771.0	2.48	44.0	2.48	44.0	2.48	配当あり	いいえ	16.45	0.63	278.7	1878.0	1558.0	Consumer Cyclical			OK	通常掲載可	OK	42414.2	7.23	1.41	71.97		1347.6	107.68	40.86	3.91	3
3422	Ｊ－ＭＡＸ	スタンダード（内国株式）	3550	金属製品	3	建設・資材	-	-	496.0	1.61	8.0	1.64	8.0	1.61	配当あり	いいえ	6.39	0.3	56.9	516.0	304.0	Consumer Cyclical			OK	通常掲載可	OK	51919.0	3.58	10.23	30.83	1.33	2308.0	77.65	10.3	4.71	0
3423	エスイー	スタンダード（内国株式）	3550	金属製品	3	建設・資材	-	-	263.0	4.56	12.0	4.55	12.0	4.56	配当あり	いいえ		0.76	79.4	335.0	257.0	Industrials			OK	通常掲載可	OK	25401.0	2.36	-1.88	42.58	0.53	386.2	-14.39		-3.94	0
3426	アトムリビンテック	スタンダード（内国株式）	3550	金属製品	3	建設・資材	-	-	1300.0	2.42	31.5	2.42	31.5	2.42	配当あり	いいえ	13.72	0.49	51.9	1579.0	1278.0	Industrials			OK	通常掲載可	OK	10162.5	3.28	-2.43	76.97		356.4	94.77	33.24	3.57	0
3431	宮地エンジニアリンググループ	プライム（内国株式）	3550	金属製品	3	建設・資材	6	TOPIX Small 1	1523.0	4.92	75.0	4.9	75.0	4.92	配当あり	いいえ	12.38	0.94	403.9	2157.0	1429.0	Industrials			OK	通常掲載可	OK	56659.0	7.99	-24.18	52.23	0.01	6522.0	123.02	60.97	7.05	4
3433	トーカロ	プライム（内国株式）	3550	金属製品	3	建設・資材	6	TOPIX Small 1	3390.0	2.54	86.0	2.65	86.0	2.54	配当あり	いいえ	20.05	3.02	2016.0	3460.0	1832.0	Industrials			OK	通常掲載可	OK	58490.0	24.12	7.85	74.76	0.11	-2170.0	169.06	50.87	15.68	5
3434	アルファＣｏ	スタンダード（内国株式）	3550	金属製品	3	建設・資材	-	-	1204.0	4.98	60.0	4.93	60.0	4.98	配当あり	いいえ	8.36	0.3	115.7	1405.0	1071.0	Consumer Cyclical			OK	通常掲載可	OK	73511.0	1.24	-1.39	52.32	0.5	2024.0	143.97	41.68	3.42	3
3435	サンコーテクノ	スタンダード（内国株式）	3550	金属製品	3	建設・資材	-	-	1465.0	3.14	46.0	3.15	46.0	3.14	配当あり	いいえ	7.28	0.58	115.9	1498.0	1210.0	Industrials			OK	通常掲載可	OK	21760.8	8.24	2.4	69.54	0.2	549.5	201.19	22.86	8.2	4
3436	ＳＵＭＣＯ	プライム（内国株式）	3550	金属製品	3	建設・資材	4	TOPIX Mid400	4729.0	0.42	20.0	0.5	20.0	0.42	配当あり	いいえ		2.9	16537.9	4729.0	1075.0	Technology			OK	通常掲載可	OK	409670.0	0.33	3.29	51.28	0.61	-10993.0	-33.44		-3.48	0
3437	特殊電極	スタンダード（内国株式）	3550	金属製品	3	建設・資材	-	-	2630.0	3.88	102.0	3.81	102.0	3.88	配当あり	いいえ	9.1	0.53	41.6	3910.0	2400.0	Industrials			OK	通常掲載可	OK	10915.7	5.35	3.57	65.77	0.21	181.2	289.01	35.29	5.89	3
3439	三ツ知	スタンダード（内国株式）	3550	金属製品	3	建設・資材	-	-	680.0	2.94	20.0	2.94	20.0	2.94	配当あり	いいえ	97.14	0.31	31.8	790.0	605.0	Consumer Cyclical			OK	通常掲載可	OK	13147.9	3.55	4.72	60.68	0.36	1134.2	7.0	285.71	1.02	0
343A	ＩＡＣＥトラベル	スタンダード（内国株式）	9050	サービス業	10	情報通信・サービスその他	-	-	1399.0	2.72	38.0	2.81	38.0	2.72	配当あり	いいえ	12.55	1.55	66.7	1750.0	1012.0	Consumer Cyclical			OK	通常掲載可	OK	3015.3	25.01	11.92	74.3	0.0	454.5	111.46	34.09	14.81	
3440	日創グループ	スタンダード（内国株式）	3550	金属製品	3	建設・資材	-	-	920.0	4.57	42.0	4.52	42.0	4.57	配当あり	いいえ	14.65	0.47	59.1	1192.0	880.0	Industrials			OK	通常掲載可	OK	23037.0	6.03	30.2	46.92	0.81	2281.0	62.78	66.9	3.16	3
3441	山王	スタンダード（内国株式）	3550	金属製品	3	建設・資材	-	-	3415.0	0.73	25.0	0.73	25.0	0.73	配当あり	いいえ	12.42	1.78	144.9	4300.0	941.0	Industrials			OK	通常掲載可	OK	8802.1	16.39	-7.96	53.25	0.66	798.3	274.91	9.09	21.26	1
3443	川田テクノロジーズ	プライム（内国株式）	3550	金属製品	3	建設・資材	7	TOPIX Small 2	1301.0	3.23	42.0	3.23	42.0	3.23	配当あり	いいえ	7.74	0.69	667.1	1846.67	1129.0	Industrials			OK	通常掲載可	OK	115025.0	7.47	-13.45	60.71	0.2	12008.0	168.09	24.99	9.25	0
3444	菊池製作所	スタンダード（内国株式）	3550	金属製品	3	建設・資材	-	-	1205.0	0.83	10.0	0.9	10.0	0.83	配当あり	いいえ	141.1	2.43	145.6	1880.0	299.0	Industrials			OK	通常掲載可	OK	5456.5	-9.54	4.73	59.25	0.16	-758.3	8.54	117.1	0.7	0
3445	ＲＳ　Ｔｅｃｈｎｏｌｏｇｉｅｓ	プライム（内国株式）	3550	金属製品	3	建設・資材	6	TOPIX Small 1	8030.0	0.68	55.0	0.76	55.0	0.68	配当あり	いいえ	22.93	2.52	2135.7	8170.0	2868.0	Technology			OK	通常掲載可	OK	76707.0	18.62	29.57	39.09	0.29	7169.0	350.17	15.71	8.76	5
3446	ジェイテックコーポレーション	スタンダード（内国株式）	3550	金属製品	3	建設・資材	-	-	1749.0						配当未取得		113.87	4.46	103.3	2514.0	1072.0	Healthcare	配当未取得	1株配当が取得できていない	除外推奨	掲載非推奨	OK_配当データ要確認	2010.3	14.22	5.34	75.59	0.19	-79.7	15.36		-1.51	
3447	信和	スタンダード（内国株式）	3550	金属製品	3	建設・資材	-	-	955.0	3.77	36.0	3.81	36.0	3.77	配当あり	いいえ	7.56	0.77	129.5	1089.0	751.0	Industrials			OK	通常掲載可	OK	20138.6	12.36	15.06	52.87	0.63	1172.6	126.25	28.51	10.48	0
3449	テクノフレックス	スタンダード（内国株式）	3550	金属製品	3	建設・資材	-	-	9740.0	0.68	66.0	0.67	66.0	0.68	配当あり	いいえ	57.43	6.78	1786.2	10740.0	1271.0	Industrials			OK	通常掲載可	OK	26025.0	15.06	18.07	65.88	0.26	4172.0	169.59	38.92	14.6	1
3452	ビーロット	スタンダード（内国株式）	8050	不動産業	17	不動産	-	-	1440.0	5.56	80.0	5.52	80.0	5.56	配当あり	いいえ	6.12	1.27	271.2	1917.0	1330.0	Real Estate			OK	通常掲載可	OK	37778.0	20.06	22.13	19.75	3.8	-10284.0	235.48	33.97	31.71	4
3454	ファーストブラザーズ	スタンダード（内国株式）	8050	不動産業	17	不動産	-	-	1200.0	3.08	37.0	3.09	37.0	3.08	配当あり	いいえ	9.61	0.64	168.3	1285.0	1023.0	Financial Services			OK	通常掲載可	OK	19063.7	27.78	13.03	29.1	2.16	3834.0	124.82	29.64	8.49	0
3457	Ａｎｄ　Ｄｏホールディングス	プライム（内国株式）	8050	不動産業	17	不動産	7	TOPIX Small 2	930.0	4.95	46.0	4.87	46.0	4.95	配当あり	いいえ	14.2	0.97	185.7	1142.0	924.0	Real Estate			OK	通常掲載可	OK	64735.0	4.05	-4.21	25.64	2.6	6394.0	65.49	70.24	12.43	5
3461	パルマ	スタンダード（内国株式）	8050	不動産業	17	不動産	-	-	568.0	2.29	13.0	2.29	13.0	2.29	配当あり	いいえ	25.12	1.73	38.4	650.0	497.0	Industrials			OK	通常掲載可	OK	2312.4	6.38	-17.73	63.85	0.37	-433.9	22.61	57.5	10.63	3
3465	ケイアイスター不動産	プライム（内国株式）	8050	不動産業	17	不動産	6	TOPIX Small 1	3620.0	3.87	140.0	3.79	140.0	3.87	配当あり	いいえ	7.31	1.53	1123.9	4185.0	2297.5	Real Estate			OK	通常掲載可	OK	393905.0	6.85	14.99	20.62	3.05	-27923.0	495.13	28.28	22.25	1
3467	アグレ都市デザイン	スタンダード（内国株式）	8050	不動産業	17	不動産	-	-	2582.0	10.84	280.0	10.82	280.0	10.84	配当あり	いいえ	7.69	1.73	148.6	2900.0	1835.0	Real Estate	高利回り要確認	1株配当が株価の10%以上 / 配当利回りが8%以上	要確認	手動確認後に掲載	OK_高利回り要確認	36975.2	8.87	20.27	22.31	3.03	-1862.2	335.66	83.42	24.38	1
3469	デュアルタップ	スタンダード（内国株式）	8050	不動産業	17	不動産	-	-	874.0	2.86	25.0	2.81	25.0	2.86	配当あり	いいえ	45.62	1.48	38.3	1035.0	753.0	Real Estate			OK	通常掲載可	OK	5172.9	-4.95	-40.04	29.76	2.08	-2091.3	19.16	130.48	5.1	0
3474	Ｇ－ＦＡＣＴＯＲＹ	グロース（内国株式）	8050	不動産業	17	不動産	-	-	542.0						配当未取得			3.22	35.4	682.0	526.0	Real Estate	配当未取得	1株配当が取得できていない	除外推奨	掲載非推奨	OK_配当データ要確認	6465.3	-1.11	1.84	29.51	0.67	-266.6	-38.56		-14.67	0
3475	グッドコムアセット	プライム（内国株式）	8050	不動産業	17	不動産	7	TOPIX Small 2	1438.0	3.2	46.0	3.13	46.0	3.2	配当あり	いいえ	21.31	2.94	412.8	1848.0	1081.0	Real Estate			OK	通常掲載可	OK	54581.7	5.38	-8.66	30.68	1.96	-1147.9	67.47	68.18	13.65	2
3477	フォーライフ	グロース（内国株式）	8050	不動産業	17	不動産	-	-	832.0	3.91	32.5	3.89	32.5	3.91	配当あり	いいえ	6.11	0.76	33.3	945.0	675.0	Consumer Cyclical			OK	通常掲載可	OK	17476.2	5.04	18.31	41.42	1.13	-269.5	136.11	23.88	13.06	2
3479	ティーケーピー	グロース（内国株式）	8050	不動産業	17	不動産	-	-	1675.0						配当未取得		5.27	1.27	637.6	2425.0	1457.0	Real Estate	配当未取得	1株配当が取得できていない	除外推奨	掲載非推奨	OK_配当データ要確認	114357.0	9.01	93.14	29.38	1.57	4225.0	317.83		26.45	
3480	ジェイ・エス・ビー	プライム（内国株式）	8050	不動産業	17	不動産	7	TOPIX Small 2	8980.0	2.34	210.0	2.34	210.0	2.34	配当あり	いいえ	28.57	4.11	1892.4	9000.0	3145.0	Real Estate			OK	通常掲載可	OK	76045.6	10.07	9.37	46.8	0.72	-3826.1	314.3	66.82	15.16	4
3482	ロードスターキャピタル	プライム（内国株式）	8050	不動産業	17	不動産	7	TOPIX Small 2	2512.0	3.9	98.0	3.89	98.0	3.9	配当あり	いいえ	5.34	1.2	423.8	3805.0	2449.0	Real Estate			OK	通常掲載可	OK	44633.0	30.06	29.67	26.54	2.12	-2804.0	470.8	20.82	25.89	8
3484	イノベーションホールディングス	スタンダード（内国株式）	8050	不動産業	17	不動産	-	-	1140.0	2.98	34.0	3.09	34.0	2.98	配当あり	いいえ	14.11	3.88	191.6	1377.0	960.0	Real Estate			OK	通常掲載可	OK	20012.4	10.2	20.13	26.49	0.11	1365.9	80.78	42.09	30.52	4
3486	グローバル・リンク・マネジメント	プライム（内国株式）	8050	不動産業	17	不動産	-	-	1816.0	5.51	100.0	5.49	100.0	5.51	配当あり	いいえ	6.32	1.94	290.1	3030.0	1676.0	Real Estate			OK	通常掲載可	OK	69262.8	10.74	7.41	31.42	1.98	-3246.4	287.3	34.81	36.49	4
3489	フェイスネットワーク	スタンダード（内国株式）	8050	不動産業	17	不動産	-	-	752.0	11.97	90.0	11.95	90.0	11.97	配当あり	いいえ	6.21	1.8	222.9	959.0	679.0	Real Estate	高利回り要確認	1株配当が株価の10%以上 / 配当利回りが8%以上	要確認	手動確認後に掲載	OK_高利回り要確認	32916.9	17.11	10.03	35.81	1.46	-993.8	121.01	74.37	32.38	5
3490	アズ企画設計	スタンダード（内国株式）	8050	不動産業	17	不動産	-	-	2950.0	1.02	30.0	1.01	30.0	1.02	配当あり	いいえ	13.64	1.12	44.5	3165.0	2343.0	Real Estate			OK	通常掲載可	OK	13543.3	5.72	8.95	27.46	2.41	-251.1	216.35	13.87	8.47	1
3491	ＧＡ　ｔｅｃｈｎｏｌｏｇｉｅｓ	グロース（内国株式）	8050	不動産業	17	不動産	-	-	1362.0	0.95	13.0	0.97	13.0	0.95	配当あり	いいえ	15.15	1.7	559.1	2559.0	1214.0	Communication Services			OK	通常掲載可	OK	248947.0	2.85	31.11	37.43	0.93	13702.0	89.91	14.46	11.22	
3494	マリオン	スタンダード（内国株式）	8050	不動産業	17	不動産	-	-	360.0	1.67	6.0	1.7	6.0	1.67	配当あり	いいえ	6.15	0.59	28.2	554.0	317.0	Real Estate			OK	通常掲載可	OK	3254.5	26.89	13.14	25.37	1.75	853.9	58.5	10.26	10.14	4
3495	香陵住販	スタンダード（内国株式）	8050	不動産業	17	不動産	-	-	2345.0	2.6	61.0	2.6	61.0	2.6	配当あり	いいえ	7.36	0.95	64.8	2855.0	2107.0	Real Estate			OK	通常掲載可	OK	11532.9	9.29	14.92	34.75	1.2	-717.4	318.69	19.14	14.02	7
3496	アズーム	プライム（内国株式）	8050	不動産業	17	不動産	7	TOPIX Small 2	4235.0	2.98	126.0	3.02	126.0	2.98	配当あり	いいえ	25.08	6.93	522.4	6230.0	3915.0	Real Estate			OK	通常掲載可	OK	13479.9	19.39	27.87	76.76	0.01	1609.1	168.89	74.6	27.63	4
3498	霞ヶ関キャピタル	プライム（内国株式）	8050	不動産業	17	不動産	6	TOPIX Small 1	6850.0	2.41	165.0	2.45	165.0	2.41	配当あり	いいえ	11.29	2.24	1680.9	10880.0	5510.0	Industrials			OK	通常掲載可	OK	96501.0	19.62	46.91	30.09	1.88	245.0	606.6	27.2	26.39	3
3501	ＳＵＭＩＮＯＥ	プライム（内国株式）	3100	繊維製品	4	素材・化学	-	-	1079.0	3.71	40.0	3.71	40.0	3.71	配当あり	いいえ	20.81	0.43	143.1	1447.0	1041.0	Consumer Cyclical			OK	通常掲載可	OK	104791.0	2.87	1.27	32.83	0.74	-783.0	51.85	77.15	3.59	2
350A	デジタルグリッド	グロース（内国株式）	4050	電気・ガス業	11	電力・ガス	-	-	765.0						配当未取得		16.26		309.1	2063.33	666.0	Utilities	配当未取得	1株配当が取得できていない	除外推奨	掲載非推奨	OK_配当データ要確認	6153.6	44.57	75.07	46.46	0.19	190.5	47.06			
3512	日本フエルト	スタンダード（内国株式）	3100	繊維製品	4	素材・化学	-	-	1000.0	2.8	28.0	2.9	28.0	2.8	配当あり	いいえ	31.5	0.77	167.5	1100.0	458.0	Industrials			OK	通常掲載可	OK	9398.4	4.71	-3.1	79.9	0.04	-135.3	31.75	88.19	2.58	0
3513	イチカワ	スタンダード（内国株式）	3100	繊維製品	4	素材・化学	-	-	3375.0	2.96	100.0	3.18	100.0	2.96	配当あり	いいえ	12.26	0.59	142.0	4285.0	1756.0	Basic Materials			OK	通常掲載可	OK	14791.0	10.61	6.05	75.02	0.04	282.0	275.38	36.31	5.07	1
3521	テルマー湯ホールディングス	スタンダード（内国株式）	9050	サービス業	10	情報通信・サービスその他	-	-	149.0	3.36	5.0	3.42	5.0	3.36	配当あり	いいえ	24.83	0.79	39.4	188.0	141.0	Real Estate			OK	通常掲載可	OK	1980.5	17.24	4.64	80.86	0.12	469.0	6.0	83.33	3.24	
3524	日東製網	スタンダード（内国株式）	3100	繊維製品	4	素材・化学	-	-	1400.0	3.57	50.0	3.55	50.0	3.57	配当あり	いいえ	5.34	0.45	36.3	1639.0	1393.0	Consumer Cyclical			OK	通常掲載可	OK	21600.1	3.15	3.35	24.23	2.24	368.3	262.26	19.07	8.7	0
3529	アツギ	スタンダード（内国株式）	3100	繊維製品	4	素材・化学	-	-	1019.0						配当未取得			0.51	163.2	1277.0	809.0	Consumer Cyclical	配当未取得	1株配当が取得できていない	除外推奨	掲載非推奨	OK_配当データ要確認	21469.0	-4.75	-1.88	80.23	0.01	-1846.0	-71.03		-3.57	0
352A	ＬＯＩＶＥ	グロース（内国株式）	9050	サービス業	10	情報通信・サービスその他	-	-	499.0						配当未取得		52.58	2.74	64.5	1442.0	430.0	Consumer Cyclical	配当未取得	1株配当が取得できていない	除外推奨	掲載非推奨	OK_配当データ要確認	8492.0	11.83	36.58	20.74	2.07	-300.5	9.49		17.23	
3536	アクサスホールディングス	スタンダード（内国株式）	6100	小売業	14	小売	-	-	129.0	1.55	2.0	1.55	2.0	1.55	配当あり	いいえ	12.96	1.79	39.1	180.0	125.0	Consumer Defensive			OK	通常掲載可	OK	12134.2	1.36	3.55	14.02	5.5	-2109.5	9.95	20.1	14.89	0
3537	昭栄薬品	スタンダード（内国株式）	6050	卸売業	13	商社・卸売	-	-	1613.0	2.54	41.0	2.55	41.0	2.54	配当あり	いいえ	9.9	0.59	55.2	1790.0	1500.0	Basic Materials			OK	通常掲載可	OK	26921.7	1.87	7.63	52.88	0.02	101.4	162.93	25.16	6.07	2
3538	ウイルプラスホールディングス	スタンダード（内国株式）	6100	小売業	14	小売	-	-	892.0	5.16	46.0	5.17	46.0	5.16	配当あり	いいえ	5.45	0.71	81.1	1088.0	878.0	Consumer Cyclical			OK	通常掲載可	OK	88614.3	2.09	85.6	29.11	1.53	-1625.5	163.67	28.11	10.06	2
3539	ＪＭホールディングス	プライム（内国株式）	6100	小売業	14	小売	7	TOPIX Small 2	1208.0	1.99	24.0	1.97	24.0	1.99	配当あり	いいえ	10.04	1.28	615.6	1827.0	1188.0	Consumer Defensive			OK	通常掲載可	OK	172331.0	5.31	11.31	61.07	0.22	6857.0	120.27	19.96	13.19	4
3542	ベガコーポレーション	グロース（内国株式）	6100	小売業	14	小売	-	-	1370.0	2.55	35.0	2.53	35.0	2.55	配当あり	いいえ	16.29	6.03	145.7	2410.0	1238.0	Consumer Cyclical			OK	通常掲載可	OK	18129.7	7.46	13.77	77.07	0.0	318.2	84.1	41.62	25.39	1
3543	コメダホールディングス	プライム（内国株式）	6050	卸売業	13	商社・卸売	6	TOPIX Small 1	2747.0	2.26	62.0	2.23	62.0	2.26	配当あり	いいえ	inf	2.51	1250.2	3230.0	2672.0	Consumer Cyclical			OK	通常掲載可	OK	57225.0	16.47	21.61	45.17	0.86	9774.0	0.0		13.54	2
3544	サツドラホールディングス	スタンダード（内国株式）	6100	小売業	14	小売	-	-	1270.0	0.94	12.0	1.48	12.0	0.94	配当あり	いいえ	40.2	1.73	175.0	1328.0	791.0	Healthcare			OK	通常掲載可	OK	100174.0	1.67	4.87	21.2	1.76	771.0	31.59	37.99	4.16	0
3546	アレンザホールディングス	プライム（内国株式）	6100	小売業	14	小売	7	TOPIX Small 2	1455.0	2.61	38.0	2.61	38.0	2.61	配当あり	いいえ	17.18	1.36	436.8	1469.0	1008.0	Consumer Cyclical			OK	通常掲載可	OK	150601.0	2.72	-1.79	35.93	0.76	7051.0	84.68	44.87	7.89	0
3547	ユニシアホールディングス	スタンダード（内国株式）	6100	小売業	14	小売	7	TOPIX Small 2	1497.0	1.0	15.0	0.98	15.0	1.0	配当あり	いいえ	18.48	2.32	162.0	2974.0	1422.0	Consumer Cyclical			OK	通常掲載可	OK	21091.5	5.62	25.07	42.25	0.46	1176.7	81.02	18.51	19.93	1
3548	バロックジャパンリミテッド	プライム（内国株式）	6100	小売業	14	小売	7	TOPIX Small 2	738.0	5.15	38.0	5.15	38.0	5.15	配当あり	いいえ	72.5	1.81	266.2	818.0	712.0	Consumer Cyclical			OK	通常掲載可	OK	51499.0	0.62	-11.48	45.12	0.54	-422.0	10.18	373.28	2.19	0
3549	クスリのアオキホールディングス	プライム（内国株式）	6100	小売業	14	小売	4	TOPIX Mid400	3531.0	0.45	16.0	0.44	16.0	0.45	配当あり	いいえ	18.9	2.42	3353.1	4815.0	3351.0	Healthcare			OK	通常掲載可	OK	501470.0	5.3	14.79	41.35	0.68	-43.0	186.79	8.57	13.46	11
3550	スタジオアタオ	グロース（内国株式）	6100	小売業	14	小売	-	-	225.0	2.22	5.0	2.23	5.0	2.22	配当あり	いいえ	20.59	1.23	31.2	243.0	185.0	Consumer Cyclical			OK	通常掲載可	OK	4126.3	5.8	11.64	81.27	0.0	276.4	10.93	45.75	-8.41	0
3551	ダイニック	スタンダード（内国株式）	3100	繊維製品	4	素材・化学	-	-	1320.0	3.48	46.0	3.58	46.0	3.48	配当あり	いいえ	4.36	0.36	108.0	1440.0	834.0	Industrials			OK	通常掲載可	OK	44227.2	5.21	0.35	48.26	0.6	761.3	302.62	15.2	8.82	1
3553	共和レザー	スタンダード（内国株式）	3200	化学	4	素材・化学	-	-	865.0	6.01	52.0	6.01	52.0	6.01	配当あり	いいえ	31.44	0.56	206.1	1212.0	775.0	Basic Materials			OK	通常掲載可	OK	55816.0	1.66	-1.03	63.64	0.03	-4241.0	27.51	189.02	1.98	2
3556	リネットジャパングループ	グロース（内国株式）	6100	小売業	14	小売	-	-	736.0						配当未取得		14.91	7.15	107.9	1318.0	593.0	Consumer Cyclical	配当未取得	1株配当が取得できていない	除外推奨	掲載非推奨	OK_配当データ要確認	10412.1	2.89	-10.83	14.42	4.64	-253.9	49.37		69.43	
3557	ユナイテッド＆コレクティブ	グロース（内国株式）	6100	小売業	14	小売	-	-	531.0						配当未取得			4.98	26.3	1010.0	499.0	Consumer Cyclical	配当未取得	1株配当が取得できていない	除外推奨	掲載非推奨	OK_配当データ要確認	6460.7	-0.25	-0.48	13.54	4.9	-177.9	-52.33		-52.3	
3558	ジェイドグループ	グロース（内国株式）	6100	小売業	14	小売	-	-	1534.0	1.96	30.0	1.95	30.0	1.96	配当あり	いいえ	10.11	2.11	158.9	2329.0	1243.0	Consumer Cyclical			OK	通常掲載可	OK	19441.5	12.36	1.09	48.25	0.06	1422.5	151.66	19.78	-3.96	
3559	ピーバンドットコム	スタンダード（内国株式）	6050	卸売業	13	商社・卸売	-	-	413.0	4.84	20.0	4.94	20.0	4.84	配当あり	いいえ	18.31	1.35	19.4	595.0	375.0	Technology			OK	通常掲載可	OK	2311.9	8.24	6.02	78.99		130.7	22.56	88.65	7.51	1
3560	ほぼ日	スタンダード（内国株式）	6100	小売業	14	小売	-	-	4350.0	2.07	90.0	2.06	90.0	2.07	配当あり	いいえ	10.89	1.69	101.0	4420.0	3000.0	Consumer Cyclical			OK	通常掲載可	OK	8677.9	7.11	15.17	70.74	0.0	-218.9	399.38	22.53	16.68	1
3561	力の源ホールディングス	プライム（内国株式）	6100	小売業	14	小売	7	TOPIX Small 2	1512.0	1.59	24.0	1.56	24.0	1.59	配当あり	いいえ	24.87	3.76	455.2	1587.0	1315.0	Consumer Cyclical			OK	通常掲載可	OK	36261.8	6.41	6.13	60.35	0.17	1336.0	60.79	39.48	16.06	0
3562	Ｎｏ．１	スタンダード（内国株式）	6050	卸売業	13	商社・卸売	-	-	1532.0	5.16	79.0	5.14	79.0	5.16	配当あり	いいえ	14.69	2.29	100.6	2548.0	1421.0	Industrials			OK	通常掲載可	OK	17529.9	7.59	23.37	31.3	1.23	431.2	104.28	75.76	16.17	1
3563	ＦＯＯＤ　＆　ＬＩＦＥ　ＣＯＭＰＡＮＩＥＳ	プライム（内国株式）	6100	小売業	14	小売	4	TOPIX Mid400	4778.0	0.42	20.0	0.41	20.0	0.42	配当あり	いいえ	38.08	9.47	10856.7	5587.5	3122.0	Consumer Cyclical			OK	通常掲載可	OK	429574.0	8.4	18.95	24.55	2.23	35600.0	125.47	15.94	29.88	2
3565	アセンテック	スタンダード（内国株式）	6050	卸売業	13	商社・卸売	7	TOPIX Small 2	397.0	3.78	15.0	3.57	15.0	3.78	配当あり	いいえ	8.26	2.81	170.5	664.0	335.33	Technology			OK	通常掲載可	OK	17254.1	16.46	18.28	17.6		6519.3	48.05	31.22	27.41	2
3566	ユニフォームネクスト	グロース（内国株式）	6100	小売業	14	小売	-	-	874.0	0.69	6.0	0.7	6.0	0.69	配当あり	いいえ	17.08	2.31	88.4	1060.0	576.0	Consumer Cyclical			OK	通常掲載可	OK	9856.7	7.65	17.43	71.98	0.08	-178.0	51.18	11.72	14.82	1
3569	セーレン	プライム（内国株式）	3100	繊維製品	4	素材・化学	6	TOPIX Small 1	3300.0	2.3	76.0	2.32	76.0	2.3	配当あり	いいえ	12.51	1.2	1940.7	3665.0	2309.0	Consumer Cyclical			OK	通常掲載可	OK	171765.0	12.13	7.59	72.02	0.08	7332.0	263.71	28.82	10.25	4
3571	ソトー	スタンダード（内国株式）	3100	繊維製品	4	素材・化学	-	-	715.0	6.99	50.0	7.04	50.0	6.99	配当あり	いいえ	17.36	0.58	87.1	838.0	678.0	Consumer Cyclical			OK	通常掲載可	OK	10715.2	-2.14	6.69	75.33	0.03	-492.8	41.18	121.42	3.46	2
3577	東海染工	スタンダード（内国株式）	3100	繊維製品	4	素材・化学	-	-	931.0	2.69	25.0	2.73	25.0	2.69	配当あり	いいえ	14.54	0.37	29.4	1020.0	860.0	Consumer Cyclical			OK	通常掲載可	OK	13783.8	1.19	-3.93	52.89	0.23	244.0	64.01	39.06	3.98	1
3580	小松マテーレ	プライム（内国株式）	3100	繊維製品	4	素材・化学	7	TOPIX Small 2	709.0	3.95	28.0	3.95	28.0	3.95	配当あり	いいえ	18.41	0.68	267.8	929.0	681.0	Consumer Cyclical			OK	通常掲載可	OK	41563.0	6.02	5.15	76.52		1759.0	38.52	72.69	3.77	1
3583	オーベクス	スタンダード（内国株式）	3100	繊維製品	4	素材・化学	-	-	1214.0	2.88	35.0	2.89	35.0	2.88	配当あり	いいえ	5.81	0.46	33.2	1399.0	1125.0	Consumer Cyclical			OK	通常掲載可	OK	6015.3	10.23	-0.34	71.34	0.21	-113.9	209.07	16.74	8.21	1
3591	ワコールホールディングス	プライム（内国株式）	3100	繊維製品	4	素材・化学	4	TOPIX Mid400	4329.0	2.31	100.0	2.27	100.0	2.31	配当あり	いいえ	16.54	1.02	2140.1	6055.0	3896.0	Consumer Cyclical			OK	通常掲載可	OK	171510.0	11.59	-1.37	71.7	0.12	4358.0	261.8	38.2	6.35	0
3597	自重堂	スタンダード（内国株式）	3100	繊維製品	4	素材・化学	-	-	8750.0	5.71	500.0	5.68	500.0	5.71	配当あり	いいえ	20.09	0.66	252.2	10440.0	8720.0	Consumer Cyclical			OK	通常掲載可	OK	16863.6	15.48	-4.95	92.1		3798.2	435.6	114.78	3.51	1
3598	山喜	スタンダード（内国株式）	3100	繊維製品	4	素材・化学	-	-	152.0	1.97	3.0	1.74	3.0	1.97	配当あり	いいえ		0.66	21.5	187.0	152.0	Consumer Cyclical			OK	通常掲載可	OK	9906.0	-3.13	-8.06	32.55	1.34	-580.6	-71.79		-27.12	0
3600	フジックス	スタンダード（内国株式）	3100	繊維製品	4	素材・化学	-	-	1716.0	2.91	50.0	2.97	50.0	2.91	配当あり	いいえ		0.24	23.6	1784.0	1570.0	Consumer Cyclical			OK	通常掲載可	OK	5474.6	-4.06	-3.04	78.67		15.5	-89.81		-1.26	0
3607	クラウディアホールディングス	スタンダード（内国株式）	3100	繊維製品	4	素材・化学	-	-	348.0	2.87	10.0	2.84	10.0	2.87	配当あり	いいえ	5.17	0.68	31.5	404.0	308.0	Consumer Cyclical			OK	通常掲載可	OK	13591.2	2.96	2.81	31.43	1.45	305.3	67.34	14.85	13.98	0
3608	ＴＳＩホールディングス	プライム（内国株式）	3100	繊維製品	4	素材・化学	6	TOPIX Small 1	1150.0	6.09	70.0	6.06	70.0	6.09	配当あり	いいえ	19.0	0.67	645.6	1539.0	939.0	Consumer Cyclical			OK	通常掲載可	OK	167085.0	2.59	6.69	57.01	0.45	-12624.0	60.52	115.66	3.35	3
3611	マツオカコーポレーション	スタンダード（内国株式）	3100	繊維製品	4	素材・化学	-	-	2400.0	9.58	230.0	9.58	230.0	9.58	配当あり	いいえ	8.7	0.63	252.0	2719.0	1790.0	Consumer Cyclical	高利回り要確認	配当利回りが8%以上	要確認	手動確認後に掲載	OK_高利回り要確認	74251.0	2.93	5.2	53.13	0.36	3039.0	275.87	83.37	8.1	2
3612	ワールド	プライム（内国株式）	3100	繊維製品	4	素材・化学	6	TOPIX Small 1	1568.0	4.27	67.0	4.2	67.0	4.27	配当あり	いいえ	9.15	1.21	1194.8	1697.5	1251.5	Consumer Cyclical			OK	通常掲載可	OK	284014.0	6.63	25.86	33.8	1.37	27804.0	171.36	39.1	13.06	3
3622	ネットイヤーグループ	スタンダード（内国株式）	5250	情報・通信業	10	情報通信・サービスその他	-	-	497.0	1.41	7.0	1.39	7.0	1.41	配当あり	いいえ	20.0	1.73	34.8	695.0	480.0	Communication Services			OK	通常掲載可	OK	3672.5	9.04	8.72	80.9		106.1	24.85	28.17	10.38	0
3623	ビリングシステム	グロース（内国株式）	5250	情報・通信業	10	情報通信・サービスその他	-	-	1050.0	3.1	32.5	3.1	32.5	3.1	配当あり	いいえ	16.18	2.14	65.5	1387.0	959.0	Technology			OK	通常掲載可	OK	4546.7	14.24	7.79	10.39		4163.9	64.89	50.08	17.21	3
3624	アクセルマーク	グロース（内国株式）	5250	情報・通信業	10	情報通信・サービスその他	-	-	75.0						配当未取得			3.49	15.2	159.0	48.0	Communication Services	配当未取得	1株配当が取得できていない	除外推奨	掲載非推奨	OK_配当データ要確認	973.6	-53.44	-38.55	60.7	0.47	-491.0	-55.0			
3625	テックファームホールディングス	グロース（内国株式）	5250	情報・通信業	10	情報通信・サービスその他	-	-	547.0	1.46	8.0	1.46	8.0	1.46	配当あり	いいえ	8.19	1.31	38.9	909.0	520.0	Technology			OK	通常掲載可	OK	5072.5	4.72	-12.09	55.98	0.49	-23.2	66.79	11.98	14.95	1
3626	ＴＩＳ	プライム（内国株式）	5250	情報・通信業	10	情報通信・サービスその他	4	TOPIX Mid400	3168.0	2.84	90.0	2.84	90.0	2.84	配当あり	いいえ	15.46	2.15	6647.4	5399.0	2892.5	Technology			OK	通常掲載可	OK	596479.0	12.78	4.34	58.88	0.12	53430.0	204.9	43.92	14.01	12
3627	テクミラホールディングス	スタンダード（内国株式）	5250	情報・通信業	10	情報通信・サービスその他	-	-	267.0	2.25	6.0	2.24	6.0	2.25	配当あり	いいえ		0.52	32.2	337.0	243.0	Technology			OK	通常掲載可	OK	10405.1	0.71	-6.81	56.93	0.5	-429.5	-4.98		-0.54	0
3628	データホライゾン	グロース（内国株式）	5250	情報・通信業	10	情報通信・サービスその他	-	-	484.0						配当未取得		22.91	12.93	61.4	725.0	422.0	Healthcare	配当未取得	1株配当が取得できていない	除外推奨	掲載非推奨	OK_配当データ要確認	5007.0	-15.77	13.53	47.92	0.77	-678.9	21.13		76.83	3
3632	グリーホールディングス	プライム（内国株式）	5250	情報・通信業	10	情報通信・サービスその他	7	TOPIX Small 2	385.0	5.58	21.5	5.72	21.5	5.58	配当あり	いいえ	45.08	0.71	661.4	528.0	357.0	Communication Services			OK	通常掲載可	OK	57111.0	8.51	-6.85	70.38	0.27	668.0	8.54	251.76	2.28	0
3633	ＧＭＯペパボ	スタンダード（内国株式）	5250	情報・通信業	10	情報通信・サービスその他	7	TOPIX Small 2	1688.0	22.04	372.0	22.57	372.0	22.04	配当あり	いいえ	10.0	3.59	87.1	2675.0	1495.0	Technology	異常値疑い / 配当異常値疑い	1株配当が株価の15%以上 / 配当利回りが15%以上	要確認	手動確認後に掲載	OK_異常値疑い	10959.1	8.51	0.33	24.72	0.31	1265.4	168.76	220.43	34.97	1
3634	ソケッツ	スタンダード（内国株式）	5250	情報・通信業	10	情報通信・サービスその他	-	-	559.0	1.07	6.0	1.06	6.0	1.07	配当あり	いいえ	15.8	1.7	13.7	1101.0	536.0	Technology			OK	通常掲載可	OK	1060.1	4.95	1.95	68.3		83.3	35.38	16.96	-33.7	0
3635	コーエーテクモホールディングス	プライム（内国株式）	5250	情報・通信業	10	情報通信・サービスその他	4	TOPIX Mid400	1531.5	3.13	48.0	3.17	48.0	3.13	配当あり	いいえ	11.64	1.88	5116.5	2316.0	1417.5	Communication Services			OK	通常掲載可	OK	88393.0	42.05	6.31	86.89	0.0	8950.0	131.61	36.47	18.54	2
3636	三菱総合研究所	プライム（内国株式）	5250	情報・通信業	10	情報通信・サービスその他	6	TOPIX Small 1	4400.0	3.86	170.0	3.83	170.0	3.86	配当あり	いいえ	6.95	0.88	693.4	5360.0	4375.0	Technology			OK	通常掲載可	OK	121458.0	6.6	5.28	56.14	0.01	25.0	633.14	26.85	12.77	4
3639	ボルテージ	スタンダード（内国株式）	5250	情報・通信業	10	情報通信・サービスその他	-	-	216.0						配当未取得			0.64	14.1	320.0	198.0	Communication Services	配当未取得	1株配当が取得できていない	除外推奨	掲載非推奨	OK_配当データ要確認	3456.7	-2.73	-18.81	76.69	0.05	-418.0	-2.02		-2.95	0
3640	電算	スタンダード（内国株式）	5250	情報・通信業	10	情報通信・サービスその他	-	-	2311.0	4.33	100.0	4.36	100.0	4.33	配当あり	いいえ	2.91	0.79	128.3	3940.0	2200.0	Technology			OK	通常掲載可	OK	27987.3	22.5	49.34	63.39	0.14	3829.2	794.18	12.59	30.92	0
3641	パピレス	スタンダード（内国株式）	5250	情報・通信業	10	情報通信・サービスその他	-	-	957.0	1.04	10.0	1.05	10.0	1.04	配当あり	いいえ	79.95	0.92	82.8	1121.0	863.0	Communication Services			OK	通常掲載可	OK	15768.0	-1.96	-8.19	69.87	0.0	-576.0	11.97	83.54	-1.29	0
3645	メディカルネット	グロース（内国株式）	5250	情報・通信業	10	情報通信・サービスその他	-	-	235.0	1.28	3.0	1.27	3.0	1.28	配当あり	いいえ	56.22	1.09	21.7	340.0	225.0	Communication Services			OK	通常掲載可	OK	6077.8	1.63	15.72	42.05	0.73	-212.4	4.18	71.77	12.07	0
3646	駅探	スタンダード（内国株式）	5250	情報・通信業	10	情報通信・サービスその他	-	-	323.0	2.48	8.0	2.48	8.0	2.48	配当あり	いいえ		1.26	15.3	442.0	298.0	Communication Services			OK	通常掲載可	OK	3499.6	3.34	-13.34	67.03	0.17	45.3	-78.09		-25.69	0
3647	アスリナ	スタンダード（内国株式）	5250	情報・通信業	10	情報通信・サービスその他	-	-	113.0						配当未取得			2.79	24.0	239.0	106.0	Utilities	配当未取得	1株配当が取得できていない	除外推奨	掲載非推奨	OK_配当データ要確認	606.5	-49.4	134.07	56.72	0.04	276.6	-17.75		-40.0	0
3648	ＡＧＳ	スタンダード（内国株式）	5250	情報・通信業	10	情報通信・サービスその他	-	-	1090.0	3.3	36.0	3.33	36.0	3.3	配当あり	いいえ	9.43	1.14	181.8	1595.0	955.0	Technology			OK	通常掲載可	OK	28622.4	8.56	15.12	68.18	0.08	1648.7	115.56	31.15	12.6	3
3649	ファインデックス	プライム（内国株式）	5250	情報・通信業	10	情報通信・サービスその他	7	TOPIX Small 2	789.0	3.42	27.0	3.45	27.0	3.42	配当あり	いいえ	15.77	3.41	192.6	1011.0	717.0	Healthcare			OK	通常掲載可	OK	6109.9	29.3	4.6	79.92	0.0	1355.7	50.03	53.97	21.79	5
3652	ディジタルメディアプロフェッショナル	グロース（内国株式）	5250	情報・通信業	10	情報通信・サービスその他	-	-	2430.0						配当未取得			2.39	76.4	3925.0	1940.0	Technology	配当未取得	1株配当が取得できていない	除外推奨	掲載非推奨	OK_配当データ要確認	2432.8	-12.79	-20.96	85.26		-722.7	-104.35		4.96	
3653	モルフォ	グロース（内国株式）	5250	情報・通信業	10	情報通信・サービスその他	-	-	596.0						配当未取得			1.06	30.8	1337.0	557.0	Technology	配当未取得	1株配当が取得できていない	除外推奨	掲載非推奨	OK_配当データ要確認	3359.6	1.36	1.78	87.3		-226.1	-108.11		-17.69	
3656	ＫＬａｂ	プライム（内国株式）	5250	情報・通信業	10	情報通信・サービスその他	7	TOPIX Small 2	194.0						配当未取得			1.41	153.7	446.0	110.0	Communication Services	配当未取得	1株配当が取得できていない	除外推奨	掲載非推奨	OK_配当データ要確認	6856.3	-19.02	-17.46	77.63	0.02	-2476.1	-73.52		-39.79	
3657	ポールトゥウィンホールディングス	プライム（内国株式）	5250	情報・通信業	10	情報通信・サービスその他	7	TOPIX Small 2	330.0	4.85	16.0	4.95	16.0	4.85	配当あり	いいえ		1.45	116.7	388.0	281.0	Technology			OK	通常掲載可	OK	48837.7	-0.49	-6.49	37.7	0.9	-430.1	-98.42		-27.62	0
3659	ネクソン	プライム（内国株式）	5250	情報・通信業	10	情報通信・サービスその他	4	TOPIX Mid400	2186.5	2.74	60.0	2.8	60.0	2.74	配当あり	いいえ	19.16	1.63	17286.1	4434.0	2110.0	Communication Services			OK	通常掲載可	OK	475102.0	26.1	6.47	74.99	0.05	93282.0	114.14	52.57	11.56	2
365A	伊澤タオル	スタンダード（内国株式）	3100	繊維製品	4	素材・化学	-	-	748.0	5.61	42.0	5.65	42.0	5.61	配当あり	いいえ	10.51	1.79	72.6	788.0	561.0	Consumer Cyclical			OK	通常掲載可	OK	10283.2	5.65	4.66	48.8	0.74	302.6	71.2	58.99	18.11	
3660	アイスタイル	プライム（内国株式）	5250	情報・通信業	10	情報通信・サービスその他	6	TOPIX Small 1	373.0	0.27	1.0	0.27	1.0	0.27	配当あり	いいえ	18.48	1.66	373.1	685.0	355.0	Consumer Cyclical			OK	通常掲載可	OK	68768.0	4.6	22.61	48.72	0.52	572.0	20.18	4.96	13.91	0
3661	エムアップホールディングス	プライム（内国株式）	5250	情報・通信業	10	情報通信・サービスその他	6	TOPIX Small 1	695.0	3.45	24.0	3.35	24.0	3.45	配当あり	いいえ	16.62	5.2	478.0	1308.5	590.0	Communication Services			OK	通常掲載可	OK	31715.0	15.77	23.01	29.69		6984.0	41.81	57.4	34.23	4
3662	エイチームホールディングス	プライム（内国株式）	5250	情報・通信業	10	情報通信・サービスその他	7	TOPIX Small 2	1010.0	2.77	28.0	2.77	28.0	2.77	配当あり	いいえ	31.42	2.13	187.7	1370.0	885.0	Communication Services			OK	通常掲載可	OK	23917.0	85.17	-13.19	62.68	0.25	748.0	32.15	87.09	4.05	0
3663	セルシス	プライム（内国株式）	5250	情報・通信業	10	情報通信・サービスその他	7	TOPIX Small 2	1884.0	2.12	40.0	2.13	40.0	2.12	配当あり	いいえ	34.22	11.96	558.2	1975.0	1242.0	Technology			OK	通常掲載可	OK	9471.6	31.33	32.6	54.79		1689.9	55.05	72.66	27.96	10
3664	ＷＩＺＥ	グロース（内国株式）	5250	情報・通信業	10	情報通信・サービスその他	-	-	23.0						配当未取得			1.73	19.5	91.0	20.0	Communication Services	配当未取得	1株配当が取得できていない	除外推奨	掲載非推奨	OK_配当データ要確認	2808.1	-11.67	-8.56	41.08	0.93	-374.9	-8.21		-71.63	
3665	エニグモ	プライム（内国株式）	5250	情報・通信業	10	情報通信・サービスその他	7	TOPIX Small 2	384.0	2.6	10.0	2.62	10.0	2.6	配当あり	いいえ	46.66	1.45	152.3	525.0	279.0	Consumer Cyclical			OK	通常掲載可	OK	6295.9	0.75	6.19	76.9	0.01	46.9	8.23	121.51	3.11	0
3667	ｅｎｉｓｈ	スタンダード（内国株式）	5250	情報・通信業	10	情報通信・サービスその他	-	-	31.0						配当未取得			1.56	14.1	136.0	25.0	Communication Services	配当未取得	1株配当が取得できていない	除外推奨	掲載非推奨	OK_配当データ要確認	2170.1	-39.48	-34.58	48.1	0.43	-876.6	-44.19		-140.69	
3668	コロプラ	プライム（内国株式）	5250	情報・通信業	10	情報通信・サービスその他	6	TOPIX Small 1	376.0	5.32	20.0	5.45	20.0	5.32	配当あり	いいえ	142.42	0.73	483.4	545.0	347.0	Communication Services			OK	通常掲載可	OK	25933.0	3.86	-0.16	91.01	0.0	2528.0	2.64	757.58	0.5	0
366A	ウェルネス・コミュニケーションズ	グロース（内国株式）	9050	サービス業	10	情報通信・サービスその他	-	-	1065.0	7.51	80.0	7.47	80.0	7.51	配当あり	いいえ	15.63	5.55	132.7	1745.0	899.0	Healthcare			OK	通常掲載可	OK	14778.4	8.03	5.13	59.95	0.25	866.7	68.12	117.44	17.7	
3670	協立情報通信	スタンダード（内国株式）	5250	情報・通信業	10	情報通信・サービスその他	-	-	1698.0	3.83	65.0	4.19	65.0	3.83	配当あり	いいえ	7.12	1.11	20.3	3750.0	1503.0	Technology			OK	通常掲載可	OK	5140.3	9.24	14.84	62.95	0.0	502.4	238.39	27.27	15.59	0
3671	ソフトマックス	スタンダード（内国株式）	5250	情報・通信業	10	情報通信・サービスその他	-	-	295.0	3.39	10.0	3.46	10.0	3.39	配当あり	いいえ	12.36	1.84	70.9	442.0	270.0	Healthcare			OK	通常掲載可	OK	6928.6	10.69	27.62	43.0	0.63	359.3	23.87	41.89	15.37	1
3672	オルトプラス	スタンダード（内国株式）	5250	情報・通信業	10	情報通信・サービスその他	-	-	27.0						配当未取得			1.74	23.4	114.0	25.0	Communication Services	配当未取得	1株配当が取得できていない	除外推奨	掲載非推奨	OK_配当データ要確認	2897.8	-16.13	-17.6	57.8	0.0	-575.3	-9.43		-50.9	
3673	ブロードリーフ	プライム（内国株式）	5250	情報・通信業	10	情報通信・サービスその他	6	TOPIX Small 1	389.0	2.06	8.0	2.04	8.0	2.06	配当あり	いいえ	57.72	1.43	704.2	540.0	286.0	Technology			OK	通常掲載可	OK	20815.3	9.91	15.35	58.59	0.18	2445.8	6.74	118.69	6.49	2
3674	オークファン	グロース（内国株式）	5250	情報・通信業	10	情報通信・サービスその他	-	-	318.0						配当未取得			0.83	33.5	408.0	308.0	Communication Services	配当未取得	1株配当が取得できていない	除外推奨	掲載非推奨	OK_配当データ要確認	4657.0	-4.32	-3.79	57.77	0.32	-7.7	-38.39		-9.42	
3675	クロス・マーケティンググループ	スタンダード（内国株式）	5250	情報・通信業	10	情報通信・サービスその他	-	-	579.0	2.59	15.0	2.58	15.0	2.59	配当あり	いいえ	8.5	1.22	108.6	817.0	538.0	Communication Services			OK	通常掲載可	OK	26184.5	7.04	4.34	42.59	0.7	1325.5	68.15	22.01	15.42	7
3676	デジタルハーツホールディングス	プライム（内国株式）	5250	情報・通信業	10	情報通信・サービスその他	7	TOPIX Small 2	736.0	3.4	25.0	3.41	25.0	3.4	配当あり	いいえ	13.89	1.7	164.1	1066.0	680.0	Technology			OK	通常掲載可	OK	38928.7	6.75	-2.06	44.72	0.59	2444.6	52.99	47.18	12.61	1
3678	メディアドゥ	プライム（内国株式）	5250	情報・通信業	10	情報通信・サービスその他	7	TOPIX Small 2	1301.0	3.07	40.0	3.06	40.0	3.07	配当あり	いいえ	10.86	1.04	197.5	1977.0	1189.0	Communication Services			OK	通常掲載可	OK	108537.0	2.26	6.5	33.47	0.14	1906.0	119.81	33.39	9.98	1
3679	じげん	プライム（内国株式）	5250	情報・通信業	10	情報通信・サービスその他	7	TOPIX Small 2	380.0	3.55	13.5	3.54	13.5	3.55	配当あり	いいえ	9.13	1.67	376.8	581.0	371.0	Communication Services			OK	通常掲載可	OK	29221.0	20.24	14.82	55.5	0.21	6024.0	41.64	32.42	19.48	4
367A	プリモグローバルホールディングス	スタンダード（内国株式）	6100	小売業	14	小売	-	-	2905.0	4.13	120.0	4.16	120.0	4.13	配当あり	いいえ	12.34	1.27	254.1	2944.0	1650.0	Consumer Cyclical			OK	通常掲載可	OK	28002.0	11.19	12.46	39.28	1.0	3864.0	235.42	50.97	10.29	
3680	ホットリンク	グロース（内国株式）	5250	情報・通信業	10	情報通信・サービスその他	-	-	209.0	2.97	6.2	2.98	6.2	2.97	配当あり	いいえ		0.82	32.0	402.0	192.0	Technology			OK	通常掲載可	OK	3651.1	-50.21	-14.45	67.27	0.24	-172.7	-113.96		-36.23	
3681	ブイキューブ	プライム（内国株式）	5250	情報・通信業	10	情報通信・サービスその他	-	-	9.0						配当未取得			-0.19	2.3	210.0	9.0	Technology	配当未取得	1株配当が取得できていない	除外推奨	掲載非推奨	OK_配当データ要確認	9859.5	-17.07	-5.78	-14.1		-1734.3	-142.85			0
3682	エンカレッジ・テクノロジ	スタンダード（内国株式）	5250	情報・通信業	10	情報通信・サービスその他	-	-	596.0	4.53	27.0	4.5	27.0	4.53	配当あり	いいえ	18.67	1.29	39.7	731.0	555.0	Technology			OK	通常掲載可	OK	2584.6	11.72	3.32	71.69		516.0	31.92	84.59	1.0	1
3683	サイバーリンクス	スタンダード（内国株式）	5250	情報・通信業	10	情報通信・サービスその他	-	-	1017.0	3.44	35.0	3.41	35.0	3.44	配当あり	いいえ	8.84	1.2	113.0	2064.0	940.0	Technology			OK	通常掲載可	OK	18136.0	10.18	14.28	57.89	0.39	399.0	115.01	30.43	9.35	2
3686	ディー・エル・イー	スタンダード（内国株式）	5250	情報・通信業	10	情報通信・サービスその他	-	-	72.0						配当未取得			0.78	31.3	220.0	68.0	Communication Services	配当未取得	1株配当が取得できていない	除外推奨	掲載非推奨	OK_配当データ要確認	1978.9	-24.72	16.03	68.78	0.01	-468.8	-11.53		29.9	
3687	フィックスターズ	プライム（内国株式）	5250	情報・通信業	10	情報通信・サービスその他	7	TOPIX Small 2	2336.0	0.81	19.0	0.81	19.0	0.81	配当あり	いいえ	43.82	8.63	754.6	3690.0	1186.0	Technology			OK	通常掲載可	OK	9617.7	26.81	20.29	83.55	0.01	1869.0	53.31	35.64	21.55	0
368A	北里コーポレーション	プライム（内国株式）	3750	精密機器	9	電機・精密	7	TOPIX Small 2	1333.0	6.15	82.0	6.19	82.0	6.15	配当あり	いいえ	13.69	2.6	533.2	1975.0	1155.0	Healthcare			OK	通常掲載可	OK	10947.0	53.52	6.26	93.22		3631.0	97.39	84.2	20.1	
3690	イルグルム	スタンダード（内国株式）	5250	情報・通信業	10	情報通信・サービスその他	-	-	524.0	1.34	7.0	1.34	7.0	1.34	配当あり	いいえ	99.62	1.73	32.7	717.0	510.0	Communication Services			OK	通常掲載可	OK	4934.7	5.65	35.71	51.76	0.41	422.3	5.26	133.08	1.41	5
3691	デジタルプラス	グロース（内国株式）	5250	情報・通信業	10	情報通信・サービスその他	-	-	1452.0						配当未取得			7.87	63.3	2470.0	980.0	Communication Services	配当未取得	1株配当が取得できていない	除外推奨	掲載非推奨	OK_配当データ要確認	933.1	-5.68	11.29	25.31	1.61	-572.9	-16.7		-13.71	
3692	ＦＦＲＩセキュリティ	グロース（内国株式）	5250	情報・通信業	10	情報通信・サービスその他	-	-	4795.0	0.38	18.0	0.38	18.0	0.38	配当あり	いいえ	34.51	10.04	379.3	13800.0	4395.0	Technology			OK	通常掲載可	OK	4348.8	31.37	43.08	64.25	0.0	1288.8	138.95	12.95	33.48	1
3694	オプティム	プライム（内国株式）	5250	情報・通信業	10	情報通信・サービスその他	7	TOPIX Small 2	395.0						配当未取得		19.5	2.32	215.3	647.0	380.0	Technology	配当未取得	1株配当が取得できていない	除外推奨	掲載非推奨	OK_配当データ要確認	11731.8	16.79	10.88	74.7	0.13	-93.9	20.26		0.29	
3695	ＧＭＯプロダクトプラットフォーム	グロース（内国株式）	5250	情報・通信業	10	情報通信・サービスその他	-	-	1416.0	4.53	64.21	4.52	64.21	4.53	配当あり	いいえ	33.87	2.6	62.3	2775.0	1416.0	Technology			OK	通常掲載可	OK	6818.2	5.0	35.66	25.75	0.27	960.8	41.81	153.58	19.85	0
3696	セレス	プライム（内国株式）	5250	情報・通信業	10	情報通信・サービスその他	7	TOPIX Small 2	2112.0	8.52	180.0	8.61	180.0	8.52	配当あり	いいえ	9.75	1.84	244.9	2850.0	1393.0	Industrials	高利回り要確認	配当利回りが8%以上	要確認	手動確認後に掲載	OK_高利回り要確認	29660.4	7.87	7.05	35.46	0.71	1183.5	216.63	83.09	14.02	2
3697	ＳＨＩＦＴ	プライム（内国株式）	5250	情報・通信業	10	情報通信・サービスその他	4	TOPIX Mid400	638.5						配当未取得		19.86	4.23	1632.0	1773.0	590.0	Technology	配当未取得	1株配当が取得できていない	除外推奨	掲載非推奨	OK_配当データ要確認	129819.0	12.04	17.35	53.29	0.29	14174.0	32.15		22.63	
3698	ＣＲＩ・ミドルウェア	スタンダード（内国株式）	5250	情報・通信業	10	情報通信・サービスその他	-	-	1292.0	2.09	27.0	2.18	27.0	2.09	配当あり	いいえ	18.17	1.62	67.5	1616.0	899.0	Communication Services			OK	通常掲載可	OK	3448.6	16.08	8.88	69.44	0.25	829.3	71.11	37.97	9.31	2
369A	エータイ	グロース（内国株式）	9050	サービス業	10	情報通信・サービスその他	-	-	2165.0	2.49	54.0	2.5	54.0	2.49	配当あり	いいえ	23.6	2.87	91.9	3975.0	1936.0	Industrials			OK	通常掲載可	OK	2929.2	24.35	23.27	81.47	0.0	746.3	91.75	58.86	12.16	
3708	特種東海製紙	プライム（内国株式）	3150	パルプ・紙	4	素材・化学	7	TOPIX Small 2	1840.0	5.11	94.0	5.03	94.0	5.11	配当あり	いいえ	14.79	0.77	641.2	1898.0	1265.0	Basic Materials			OK	通常掲載可	OK	95413.0	4.5	0.65	59.06	0.32	1472.0	124.41	75.56	5.17	0
3710	ジョルダン	スタンダード（内国株式）	5250	情報・通信業	10	情報通信・サービスその他	-	-	620.0	0.97	6.0	0.97	6.0	0.97	配当あり	いいえ	8.89	0.66	31.6	793.0	560.0	Technology			OK	通常掲載可	OK	2834.3	1.61	-3.21	83.3	0.0	248.6	69.71	8.61	7.59	0
3712	情報企画	スタンダード（内国株式）	5250	情報・通信業	10	情報通信・サービスその他	-	-	856.0	2.8	24.0	2.8	24.0	2.8	配当あり	いいえ	10.92	1.74	129.5	1360.0	827.0	Technology			OK	通常掲載可	OK	3843.5	39.99	6.39	82.6	0.0	432.8	78.42	30.6	16.92	4
3719	ＡＩストーム	スタンダード（内国株式）	5250	情報・通信業	10	情報通信・サービスその他	-	-	175.0	1.71	3.0	1.72	3.0	1.71	配当あり	いいえ	27.09	4.75	52.3	529.0	166.0	Industrials			OK	通常掲載可	OK	2653.6	10.37	86.51	40.67	0.61	-1233.7	6.46	46.44	17.53	
3723	日本ファルコム	グロース（内国株式）	5250	情報・通信業	10	情報通信・サービスその他	-	-	2871.0	0.35	10.0	0.36	10.0	0.35	配当あり	いいえ	18.72	2.64	283.3	2895.0	1140.0	Communication Services			OK	通常掲載可	OK	2613.0	51.31	3.5	94.62		1012.4	153.4	6.52	14.91	0
3726	フォーシーズＨＤ	スタンダード（内国株式）	6100	小売業	14	小売	-	-	341.0						配当未取得			1.93	44.8	841.0	314.0	Consumer Cyclical	配当未取得	1株配当が取得できていない	除外推奨	掲載非推奨	OK_配当データ要確認	2441.0	-6.77	8.12	55.54	0.47	-788.2	-47.96		-33.15	
3727	アプリックス	グロース（内国株式）	5250	情報・通信業	10	情報通信・サービスその他	-	-	132.0	1.52	2.0	1.5	2.0	1.52	配当あり	いいえ		1.29	57.6	282.0	121.0	Technology			OK	通常掲載可	OK	2873.9	-2.26	-22.48	66.78	0.19	196.8	-6.3		-8.64	0
372A	レント	スタンダード（内国株式）	9050	サービス業	10	情報通信・サービスその他	-	-	4930.0	8.52	420.0	8.42	420.0	8.52	配当あり	いいえ	6.79	0.96	190.2	7080.0	4765.0	Industrials	高利回り要確認	配当利回りが8%以上	要確認	手動確認後に掲載	OK_高利回り要確認	49088.4	7.96	12.36	25.96	1.95	813.5	725.55	57.89	14.14	
3733	ソフトウェア・サービス	スタンダード（内国株式）	5250	情報・通信業	10	情報通信・サービスその他	-	-	10970.0	1.55	170.0	1.59	170.0	1.55	配当あり	いいえ	9.7	1.34	542.2	14890.0	9720.0	Healthcare			OK	通常掲載可	OK	42298.0	19.83	10.08	80.28	0.0	2663.0	1131.03	15.03	14.87	4
373A	リップス	グロース（内国株式）	3200	化学	4	素材・化学	-	-	1511.0						配当未取得		7.51	1.01	39.1	4685.0	1460.0	Consumer Cyclical	配当未取得	1株配当が取得できていない	除外推奨	掲載非推奨	OK_配当データ要確認	4409.6	21.53	17.25	88.8		663.1	201.28		13.45	
3741	セック	プライム（内国株式）	5250	情報・通信業	10	情報通信・サービスその他	7	TOPIX Small 2	3160.0	1.96	62.0	1.93	62.0	1.96	配当あり	いいえ	21.35	3.13	322.6	4360.0	2175.0	Technology			OK	通常掲載可	OK	11220.2	16.75	8.98	82.94	0.0	1588.3	147.98	41.9	15.37	4
3744	サイオス	スタンダード（内国株式）	5250	情報・通信業	10	情報通信・サービスその他	-	-	499.0	1.0	5.0	1.0	5.0	1.0	配当あり	いいえ	13.5	2.16	43.3	633.0	377.0	Technology			OK	通常掲載可	OK	19059.8	2.11	-7.3	21.44	0.03	-19.0	36.95	13.53	23.35	0
3747	インタートレード	スタンダード（内国株式）	5250	情報・通信業	10	情報通信・サービスその他	-	-	397.0						配当未取得		153.28	2.38	28.5	1440.0	370.0	Financial Services	配当未取得	1株配当が取得できていない	除外推奨	掲載非推奨	OK_配当データ要確認	1836.5	-0.46	-0.68	72.62	0.21	-16.4	2.59		1.34	0
3750	ＡＤＲ１２０Ｓ	スタンダード（内国株式）	5250	情報・通信業	10	情報通信・サービスその他	-	-	790.0						配当未取得			320.62	70.5	990.0	770.0	Healthcare	配当未取得	1株配当が取得できていない	除外推奨	掲載非推奨	OK_配当データ要確認	51.0	-1777.23	-58.28	5.98	0.0	-784.8	-44.42		-121.47	0
3753	フライトソリューションズ	スタンダード（内国株式）	5250	情報・通信業	10	情報通信・サービスその他	-	-	158.0						配当未取得			3.3	23.2	263.0	125.0	Technology	配当未取得	1株配当が取得できていない	除外推奨	掲載非推奨	OK_配当データ要確認	2927.5	-9.44	-4.43	38.61	0.62	-382.0	-20.22		-20.55	
3758	アエリア	スタンダード（内国株式）	5250	情報・通信業	10	情報通信・サービスその他	-	-	230.0	2.17	5.0	2.2	5.0	2.17	配当あり	いいえ	13.6	0.55	46.6	400.0	224.0	Communication Services			OK	通常掲載可	OK	16472.0	4.05	-14.01	40.29	0.89	-788.0	16.91	29.57	3.66	0
3760	ケイブ	スタンダード（内国株式）	5250	情報・通信業	10	情報通信・サービスその他	-	-	651.0	1.54	10.0	1.67	10.0	1.54	配当あり	いいえ		0.63	39.2	1085.0	591.0	Communication Services			OK	通常掲載可	OK	13969.2	8.12	13.81	46.96	0.2	-257.7	-540.36		-91.13	0
3762	テクマトリックス	プライム（内国株式）	5250	情報・通信業	10	情報通信・サービスその他	6	TOPIX Small 1	1720.0	3.72	64.0	3.74	64.0	3.72	配当あり	いいえ	13.39	2.63	691.2	2478.0	1633.0	Technology			OK	通常掲載可	OK	71733.8	10.82	10.56	21.66	0.16	6033.9	128.5	49.81	18.09	5
3763	プロシップ	プライム（内国株式）	5250	情報・通信業	10	情報通信・サービスその他	7	TOPIX Small 2	1673.0	2.51	42.0	2.53	42.0	2.51	配当あり	いいえ	19.19	3.76	430.8	1825.0	1321.0	Technology			OK	通常掲載可	OK	8374.5	34.93	10.7	80.08		2054.3	87.2	48.17	21.92	2
3765	ガンホー・オンライン・エンターテイメント	プライム（内国株式）	5250	情報・通信業	10	情報通信・サービスその他	6	TOPIX Small 1	2293.0	3.92	90.0	4.11	90.0	3.92	配当あり	いいえ	90.28	1.05	1200.8	3049.0	2125.0	Communication Services			OK	通常掲載可	OK	93242.0	5.42	-10.0	72.59	0.0	-960.0	25.4	354.33	3.27	2
3766	システムズ・デザイン	スタンダード（内国株式）	5250	情報・通信業	10	情報通信・サービスその他	-	-	1314.0	4.57	60.0	4.58	60.0	4.57	配当あり	いいえ	11.42	0.93	44.9	1450.0	1132.0	Technology			OK	通常掲載可	OK	9993.8	5.96	4.0	69.97	0.01	718.4	115.06	52.15	8.33	4
3768	リスクモンスター	スタンダード（内国株式）	5250	情報・通信業	10	情報通信・サービスその他	-	-	563.0	2.93	16.5	2.99	16.5	2.93	配当あり	いいえ	19.03	0.71	41.8	635.0	481.0	Industrials			OK	通常掲載可	OK	3824.0	9.42	2.57	84.79	0.04	775.0	29.59	55.76	3.77	0
3769	ＧＭＯペイメントゲートウェイ	プライム（内国株式）	5250	情報・通信業	10	情報通信・サービスその他	4	TOPIX Mid400	9093.0	1.87	170.0	1.83	170.0	1.87	配当あり	いいえ	29.08	5.89	6905.5	10380.0	6885.0	Technology			OK	通常掲載可	OK	82499.4	37.99	11.81	27.78	0.56	50112.1	312.74	54.36	21.79	1
3771	システムリサーチ	プライム（内国株式）	5250	情報・通信業	10	情報通信・サービスその他	7	TOPIX Small 2	1750.0	4.0	70.0	4.03	70.0	4.0	配当あり	いいえ	11.11	2.16	290.2	2280.0	1613.0	Technology			OK	通常掲載可	OK	29083.5	11.93	12.16	69.19	0.07	1560.4	157.55	44.43	20.66	3
3772	ウェルス・マネジメント	スタンダード（内国株式）	8050	不動産業	17	不動産	-	-	1035.0	3.86	40.0	3.84	40.0	3.86	配当あり	いいえ		1.12	198.5	1164.0	993.0	Real Estate			OK	通常掲載可	OK	15109.4	-0.71	-17.48	19.79	3.26	-25594.0	-61.42		-6.35	4
3773	アドバンスト・メディア	グロース（内国株式）	5250	情報・通信業	10	情報通信・サービスその他	-	-	1065.0	2.07	22.0	2.14	22.0	2.07	配当あり	いいえ	9.58	1.19	161.4	1200.0	889.0	Technology			OK	通常掲載可	OK	7063.1	20.39	5.97	84.17	0.04	591.7	111.13	19.8	13.21	2
3774	インターネットイニシアティブ	プライム（内国株式）	5250	情報・通信業	10	情報通信・サービスその他	4	TOPIX Mid400	3161.0	1.36	43.0	1.35	43.0	1.36	配当あり	いいえ	23.26	3.55	5605.4	3267.0	2098.0	Communication Services			OK	通常掲載可	OK	345395.0	10.09	9.02	45.54	0.23	21970.0	135.87	31.65	16.19	6
3776	ブロードバンドタワー	スタンダード（内国株式）	5250	情報・通信業	10	情報通信・サービスその他	-	-	288.0	0.69	2.0	0.7	2.0	0.69	配当あり	いいえ	58.78	1.94	177.0	295.0	147.0	Communication Services			OK	通常掲載可	OK	15289.8	5.3	13.9	45.78	0.27	444.3	4.9	40.82	-4.8	1
3777	環境フレンドリーホールディングス	グロース（内国株式）	5250	情報・通信業	10	情報通信・サービスその他	-	-	51.0						配当未取得			4.12	164.9	88.0	39.0	Technology	配当未取得	1株配当が取得できていない	除外推奨	掲載非推奨	OK_配当データ要確認	1371.1	8.04	-92.05	58.4	0.44	259.6	-0.01		-0.63	
3778	さくらインターネット	プライム（内国株式）	5250	情報・通信業	10	情報通信・サービスその他	6	TOPIX Small 1	3050.0	0.18	5.5	0.19	5.5	0.18	配当あり	いいえ	573.31	4.06	1220.8	4365.0	2448.0	Technology			OK	通常掲載可	OK	35301.6	-1.14	12.38	36.51	1.19	-31219.4	5.32	103.38	0.77	1
3779	ジェイ・エスコムホールディングス	スタンダード（内国株式）	5250	情報・通信業	10	情報通信・サービスその他	-	-	133.0						配当未取得			2.74	15.4	409.0	126.0	Consumer Cyclical	配当未取得	1株配当が取得できていない	除外推奨	掲載非推奨	OK_配当データ要確認	1412.2	0.91	7.08	31.57	0.18	-316.4	-4.65		-6.4	
3787	テクノマセマティカル	スタンダード（内国株式）	5250	情報・通信業	10	情報通信・サービスその他	-	-	313.0						配当未取得		9.44	0.45	8.1	793.0	254.0	Technology	配当未取得	1株配当が取得できていない	除外推奨	掲載非推奨	OK_配当データ要確認	685.6	6.51	64.58	93.14		104.3	33.15		4.76	
3788	ＧＭＯグローバルサイン・ホールディングス	プライム（内国株式）	5250	情報・通信業	10	情報通信・サービスその他	7	TOPIX Small 2	1964.0	3.04	59.67	3.04	59.67	3.04	配当あり	いいえ	22.43	2.25	225.3	2519.0	1830.0	Technology			OK	通常掲載可	OK	20670.8	7.14	7.85	54.46	0.26	1248.4	87.55	68.16	12.17	1
378A	ヒット	グロース（内国株式）	9050	サービス業	10	情報通信・サービスその他	-	-	995.0	7.04	70.0	7.09	70.0	7.04	配当あり	いいえ	13.08	2.54	141.8	1530.0	813.0	Communication Services			OK	通常掲載可	OK	4419.4	31.39	7.21	52.49	0.45	1014.3	76.08	92.01	19.42	
3791	ＩＧポート	スタンダード（内国株式）	5250	情報・通信業	10	情報通信・サービスその他	-	-	1323.0	1.28	17.0	1.3	17.0	1.28	配当あり	いいえ	42.21	2.59	267.5	2150.0	1125.0	Communication Services			OK	通常掲載可	OK	14598.3	9.77	23.28	59.8	0.0	-2587.3	31.34	54.24	12.34	0
3793	ドリコム	グロース（内国株式）	5250	情報・通信業	10	情報通信・サービスその他	-	-	401.0	1.25	5.0	1.28	5.0	1.25	配当あり	いいえ	53.97	2.3	115.5	574.0	372.0	Communication Services			OK	通常掲載可	OK	17547.8	2.08	38.66	42.45	0.62	1482.6	7.43	67.29	4.39	0
3796	いい生活	スタンダード（内国株式）	5250	情報・通信業	10	情報通信・サービスその他	-	-	275.0	1.09	3.0	1.05	3.0	1.09	配当あり	いいえ	25.09	1.99	38.0	406.0	231.5	Technology			OK	通常掲載可	OK	3232.2	7.1	6.74	74.52	0.08	142.2	10.96	27.37	7.82	0
3798	ＵＬＳグループ	スタンダード（内国株式）	5250	情報・通信業	10	情報通信・サービスその他	-	-	501.0	1.64	8.2	1.63	8.2	1.64	配当あり	いいえ	14.43	2.32	283.5	854.0	472.0	Technology			OK	通常掲載可	OK	16600.0	18.36	25.73	77.84		1601.0	34.71	23.62	18.1	1
3799	キーウェアソリューションズ	スタンダード（内国株式）	5250	情報・通信業	10	情報通信・サービスその他	-	-	1020.0	3.92	40.0	3.91	40.0	3.92	配当あり	いいえ	10.63	1.07	85.3	1292.0	915.0	Technology			OK	通常掲載可	OK	22724.9	4.98	7.69	66.64	0.0	1891.8	95.95	41.69	10.29	2
3800	ユニリタ	スタンダード（内国株式）	5250	情報・通信業	10	情報通信・サービスその他	-	-	1952.0	3.89	76.0	3.87	76.0	3.89	配当あり	いいえ	19.28	1.2	148.5	2049.0	1876.0	Technology			OK	通常掲載可	OK	12342.2	7.8	5.61	76.7	0.0	782.4	101.24	75.07	6.32	2
3802	エコミック	スタンダード（内国株式）	5250	情報・通信業	10	情報通信・サービスその他	-	-	477.0	2.73	13.0	2.73	13.0	2.73	配当あり	いいえ	19.65	1.2	16.4	636.0	433.0	Industrials			OK	通常掲載可	OK	2346.0	7.4	10.57	83.74	0.0	307.5	24.28	53.54	6.9	3
3803	イメージ情報開発	グロース（内国株式）	5250	情報・通信業	10	情報通信・サービスその他	-	-	460.0						配当未取得			2.42	15.3	2937.0	405.0	Technology	配当未取得	1株配当が取得できていない	除外推奨	掲載非推奨	OK_配当データ要確認	646.1	-10.96	22.38	46.25	0.01	-13.4	-119.41		-59.4	
3804	システム　ディ	スタンダード（内国株式）	5250	情報・通信業	10	情報通信・サービスその他	-	-	434.0	2.53	11.0	2.58	11.0	2.53	配当あり	いいえ	14.11	1.67	83.6	834.33	407.0	Technology			OK	通常掲載可	OK	5032.3	18.64	8.65	68.03	0.04	719.1	30.76	35.76	11.71	5
3807	フィスコ	グロース（内国株式）	5250	情報・通信業	10	情報通信・サービスその他	-	-	86.0						配当未取得			3.61	39.4	210.0	79.0	Financial Services	配当未取得	1株配当が取得できていない	除外推奨	掲載非推奨	OK_配当データ要確認	842.9	0.53	-2.88	42.31	0.01	32.3	-0.18		-129.19	0
3810	サイバーステップホールディングス	スタンダード（内国株式）	5250	情報・通信業	10	情報通信・サービスその他	-	-	176.0						配当未取得			1.93	144.2	451.0	161.0	Communication Services	配当未取得	1株配当が取得できていない	除外推奨	掲載非推奨	OK_配当データ要確認	2504.0	-71.41	-16.14	50.6	0.22	-2052.0	-85.85		-47.08	
3815	メディア工房	グロース（内国株式）	5250	情報・通信業	10	情報通信・サービスその他	-	-	445.0						配当未取得			7.66	48.2	610.0	435.0	Communication Services	配当未取得	1株配当が取得できていない	除外推奨	掲載非推奨	OK_配当データ要確認	1873.5	-17.26	-6.92	31.08	1.7	-450.7	-68.68		-88.16	0
3816	大和コンピューター	スタンダード（内国株式）	5250	情報・通信業	10	情報通信・サービスその他	-	-	1111.0	1.71	19.0	1.72	19.0	1.71	配当あり	いいえ	16.32	0.79	43.1	1265.0	1079.0	Technology			OK	通常掲載可	OK	3291.3	17.17	9.53	83.34	0.02	585.3	68.06	27.92	4.71	0
3817	ＳＲＡホールディングス	プライム（内国株式）	5250	情報・通信業	10	情報通信・サービスその他	7	TOPIX Small 2	4430.0	5.42	240.0	5.41	240.0	5.42	配当あり	いいえ	9.99	1.67	559.7	5870.0	4270.0	Technology			OK	通常掲載可	OK	53279.0	15.48	3.22	64.72	0.0	4419.0	443.5	54.11	17.59	0
3823	ＴＨＥ　ＷＨＹ　ＨＯＷ　ＤＯ　ＣＯＭＰＡＮＹ	スタンダード（内国株式）	5250	情報・通信業	10	情報通信・サービスその他	-	-	30.0						配当未取得			2.84	39.4	125.0	28.0	Technology	配当未取得	1株配当が取得できていない	除外推奨	掲載非推奨	OK_配当データ要確認	1751.5	-4.17	134.28	62.6	0.22	-113.3	-4.08		-37.36	
3825	リミックスポイント	スタンダード（内国株式）	6100	小売業	14	小売	-	-	178.0	1.69	3.0	1.67	3.0	1.69	配当あり	いいえ		1.09	261.0	638.0	148.0	Utilities			OK	通常掲載可	OK	17751.0	-30.85	-15.99	86.53	0.02	-13478.0	-33.89		-22.63	0
3826	システムインテグレータ	スタンダード（内国株式）	5250	情報・通信業	10	情報通信・サービスその他	-	-	438.0	2.51	11.0	2.51	11.0	2.51	配当あり	いいえ	10.43	1.07	47.8	542.0	388.0	Technology			OK	通常掲載可	OK	5558.2	10.71	16.55	78.5	0.0	547.1	42.0	26.19	10.68	0
3834	朝日ネット	プライム（内国株式）	5250	情報・通信業	10	情報通信・サービスその他	7	TOPIX Small 2	611.0	4.09	25.0	4.09	25.0	4.09	配当あり	いいえ	12.3	1.21	158.3	726.0	586.0	Communication Services			OK	通常掲載可	OK	13517.0	13.25	3.36	90.29		-825.0	49.67	50.33	9.87	6
3835	ｅＢＡＳＥ	プライム（内国株式）	5250	情報・通信業	10	情報通信・サービスその他	7	TOPIX Small 2	402.0	3.03	12.2	3.05	12.2	3.03	配当あり	いいえ	17.48	2.42	176.7	528.0	381.0	Technology			OK	通常掲載可	OK	5259.6	27.22	-3.85	90.98		964.8	23.0	53.04	13.94	4
3836	アバントグループ	プライム（内国株式）	5250	情報・通信業	10	情報通信・サービスその他	7	TOPIX Small 2	1109.0	2.89	32.0	2.94	32.0	2.89	配当あり	いいえ	11.26	2.67	382.1	1908.0	1056.0	Technology			OK	通常掲載可	OK	28227.7	16.31	15.59	63.93	0.0	4337.7	98.46	32.5	25.59	10
3837	アドソル日進	プライム（内国株式）	5250	情報・通信業	10	情報通信・サービスその他	7	TOPIX Small 2	1375.0	3.49	48.0	3.43	48.0	3.49	配当あり	いいえ	16.13	3.33	231.5	1954.0	1140.0	Technology			OK	通常掲載可	OK	17151.4	12.51	10.92	67.63	0.0	1884.4	85.26	56.3	20.11	15
3839	ＯＤＫソリューションズ	スタンダード（内国株式）	5250	情報・通信業	10	情報通信・サービスその他	-	-	626.0	1.6	10.0	1.59	10.0	1.6	配当あり	いいえ	36.72	0.8	51.3	706.0	579.0	Technology			OK	通常掲載可	OK	6657.9	9.11	2.87	71.1	0.14	357.6	17.05	58.65	2.19	0
3840	パス	スタンダード（内国株式）	5250	情報・通信業	10	情報通信・サービスその他	-	-	63.0						配当未取得			2.73	52.1	121.0	51.0	Industrials	配当未取得	1株配当が取得できていない	除外推奨	掲載非推奨	OK_配当データ要確認	2370.3	-32.66	5.17	75.42	0.13	-492.8	-16.52		-58.28	
3841	ジーダット	スタンダード（内国株式）	5250	情報・通信業	10	情報通信・サービスその他	-	-	1210.0	3.31	40.0	3.25	40.0	3.31	配当あり	いいえ	27.08	1.83	46.6	1552.0	1029.0	Technology			OK	通常掲載可	OK	2041.6	12.76	-1.03	83.49		373.2	44.69	89.51	4.39	0
3842	ネクストジェン	スタンダード（内国株式）	5250	情報・通信業	10	情報通信・サービスその他	-	-	923.0	2.17	20.0	2.17	20.0	2.17	配当あり	いいえ	9.79	1.19	28.5	1330.0	875.0	Communication Services			OK	通常掲載可	OK	4257.0	7.71	17.57	65.15	0.12	458.1	94.3	21.21	12.76	1
3843	フリービット	プライム（内国株式）	5250	情報・通信業	10	情報通信・サービスその他	7	TOPIX Small 2	1499.0	2.74	41.0	2.73	41.0	2.74	配当あり	いいえ	9.97	3.67	327.1	1763.0	1317.0	Communication Services			OK	通常掲載可	OK	55073.2	10.68	3.84	16.03	3.35	4006.6	150.35	27.27	27.86	4
3844	コムチュア	プライム（内国株式）	5250	情報・通信業	10	情報通信・サービスその他	6	TOPIX Small 1	1271.0	4.09	52.0	4.05	52.0	4.09	配当あり	いいえ	12.34	2.01	405.4	1809.0	1228.0	Technology			OK	通常掲載可	OK	38109.0	12.23	4.87	74.64	0.01	2445.0	102.98	50.5	16.99	5
3845	アイフリークモバイル	スタンダード（内国株式）	5250	情報・通信業	10	情報通信・サービスその他	-	-	196.0						配当未取得		99.49	5.2	43.6	315.0	102.0	Communication Services	配当未取得	1株配当が取得できていない	除外推奨	掲載非推奨	OK_配当データ要確認	1865.5	1.6	-6.94	71.11	0.22	22.6	1.97		-8.4	0
3848	データ・アプリケーション	スタンダード（内国株式）	5250	情報・通信業	10	情報通信・サービスその他	-	-	801.0	4.37	35.0	4.32	35.0	4.37	配当あり	いいえ	32.64	1.06	51.0	1272.0	781.0	Technology			OK	通常掲載可	OK	4322.4	6.41	65.79	68.4	0.07	445.1	24.54	142.62	4.0	3
3850	エヌ・ティ・ティ・データ・イントラマート	スタンダード（内国株式）	5250	情報・通信業	10	情報通信・サービスその他	-	-	2950.0	2.54	75.0	2.52	75.0	2.54	配当あり	いいえ	15.72	2.45	143.7	4255.0	2501.0	Technology			OK	通常掲載可	OK	14656.8	9.42	23.9	53.45	0.0	-124.7	187.68	39.96	16.63	0
3851	日本一ソフトウェア	スタンダード（内国株式）	5250	情報・通信業	10	情報通信・サービスその他	-	-	835.0	0.6	5.0	0.61	5.0	0.6	配当あり	いいえ		0.53	42.3	938.0	763.0	Communication Services			OK	通常掲載可	OK	3606.6	-11.34	-31.95	70.52	0.23	-128.6	-50.49		-3.23	0
3853	アステリア	プライム（内国株式）	5250	情報・通信業	10	情報通信・サービスその他	7	TOPIX Small 2	1170.0	0.85	10.0	0.86	10.0	0.85	配当あり	いいえ	24.32	2.55	198.7	2753.0	605.0	Technology			OK	通常掲載可	OK	3388.8	30.24	6.86	73.58	0.09	545.9	48.11	20.79	11.71	1
3854	アイル	プライム（内国株式）	5250	情報・通信業	10	情報通信・サービスその他	7	TOPIX Small 2	2225.0	2.97	66.0	2.99	66.0	2.97	配当あり	いいえ	14.15	4.44	556.2	3090.0	2120.0	Technology			OK	通常掲載可	OK	17508.4	24.35	9.95	68.4	0.0	2025.8	157.2	41.98	37.42	8
3856	Ａｂａｌａｎｃｅ	スタンダード（内国株式）	3650	電気機器	9	電機・精密	-	-	494.0	1.21	6.0	1.17	6.0	1.21	配当あり	いいえ	1.39	0.25	93.6	1400.0	328.0	Technology			OK	通常掲載可	OK	208972.0	11.18	-2.93	16.05	1.87	33944.0	355.89	1.69	17.99	1
3858	ユビキタスＡＩ	スタンダード（内国株式）	5250	情報・通信業	10	情報通信・サービスその他	-	-	298.0						配当未取得			1.63	31.2	507.0	280.0	Technology	配当未取得	1株配当が取得できていない	除外推奨	掲載非推奨	OK_配当データ要確認	4138.8	2.33	18.96	69.44	0.03	101.2	-49.59		-24.07	
3861	王子ホールディングス	プライム（内国株式）	3150	パルプ・紙	4	素材・化学	4	TOPIX Mid400	794.6	4.53	36.0	4.53	36.0	4.53	配当あり	いいえ	13.01	0.63	6748.0	990.7	707.2	Basic Materials			OK	通常掲載可	OK	1861709.0	1.86	0.67	41.03	0.87	20931.0	61.09	58.93	5.02	4
3863	日本製紙	プライム（内国株式）	3150	パルプ・紙	4	素材・化学	6	TOPIX Small 1	1297.0	1.54	20.0	1.57	20.0	1.54	配当あり	いいえ	12.75	0.29	1495.6	1612.0	1025.0	Basic Materials			OK	通常掲載可	OK	1192606.0	2.11	0.86	29.25	1.72	74986.0	101.7	19.67	2.63	1
3864	三菱製紙	プライム（内国株式）	3150	パルプ・紙	4	素材・化学	-	-	1005.0	2.59	26.0	2.57	26.0	2.59	配当あり	いいえ	23.15	0.43	440.3	1137.0	586.0	Basic Materials			OK	通常掲載可	OK	157455.0	0.17	-10.51	46.3	0.63	1535.0	43.41	59.89	2.02	2
3865	北越コーポレーション	プライム（内国株式）	3150	パルプ・紙	4	素材・化学	6	TOPIX Small 1	860.0	3.02	26.0	2.96	26.0	3.02	配当あり	いいえ	19.73	0.54	1365.7	1074.0	809.0	Basic Materials			OK	通常掲載可	OK	287736.0	2.62	-5.88	59.89	0.4	-8068.0	43.59	59.65	2.87	2
386A	みのや	スタンダード（内国株式）	6100	小売業	14	小売	-	-	1277.0	3.86	49.32	3.85	49.32	3.86	配当あり	いいえ	18.01	1.17	46.0	2980.0	1271.0	Consumer Cyclical			OK	通常掲載可	OK	22540.0	4.29	11.9	32.54	0.9	420.9	70.89	69.57	6.5	
3877	中越パルプ工業	プライム（内国株式）	3150	パルプ・紙	4	素材・化学	-	-	2010.0	5.97	120.0	5.96	120.0	5.97	配当あり	いいえ	10.34	0.42	252.6	2087.0	1600.0	Basic Materials			OK	通常掲載可	OK	110386.0	2.49	-0.56	50.34	0.56	26.0	194.36	61.74	4.27	4
3878	巴川コーポレーション	スタンダード（内国株式）	3200	化学	4	素材・化学	-	-	788.0	3.81	30.0	3.85	30.0	3.81	配当あり	いいえ	8.26	0.44	77.3	950.0	669.0	Basic Materials			OK	通常掲載可	OK	35552.0	4.57	3.25	34.69	0.86	-349.0	95.39	31.45	5.64	0
387A	フラー	グロース（内国株式）	5250	情報・通信業	10	情報通信・サービスその他	-	-	880.0						配当未取得		9.12	1.27	15.3	5420.0	801.0	Technology	配当未取得	1株配当が取得できていない	除外推奨	掲載非推奨	OK_配当データ要確認	1517.9	0.85	0.7	59.58	0.3	-0.4	96.48		13.93	
3880	大王製紙	プライム（内国株式）	3150	パルプ・紙	4	素材・化学	6	TOPIX Small 1	921.0	1.52	14.0	1.52	14.0	1.52	配当あり	いいえ	17.13	0.63	1420.3	1244.0	787.0	Basic Materials			OK	通常掲載可	OK	666770.0	3.6	-0.32	26.57	1.94	33313.0	53.76	26.04	4.34	0
3891	ニッポン高度紙工業	スタンダード（内国株式）	3150	パルプ・紙	4	素材・化学	-	-	10300.0	1.07	110.0	1.13	110.0	1.07	配当あり	いいえ	41.11	4.15	1086.3	11110.0	1688.0	Technology			OK	通常掲載可	OK	18624.5	18.97	16.16	73.59	0.22	3613.3	250.52	43.91	10.55	1
3892	岡山製紙	スタンダード（内国株式）	3150	パルプ・紙	4	素材・化学	-	-	1624.0	3.08	50.0	3.08	50.0	3.08	配当あり	いいえ	10.13	0.51	75.4	2075.0	1407.0	Basic Materials			OK	通常掲載可	OK	11522.8	8.96	0.09	78.01	0.0	-2059.9	160.32	31.19	5.36	3
3895	ハビックス	スタンダード（内国株式）	3150	パルプ・紙	4	素材・化学	-	-	406.0	3.94	16.0	3.95	16.0	3.94	配当あり	いいえ	5.81	0.44	31.8	463.0	379.0	Basic Materials			OK	通常掲載可	OK	12110.3	3.54	-9.03	56.02	0.38	290.5	69.9	22.89	9.6	2
3896	阿波製紙	スタンダード（内国株式）	3150	パルプ・紙	4	素材・化学	-	-	355.0						配当未取得		4.75	0.56	35.5	579.0	320.0	Basic Materials	配当未取得	1株配当が取得できていない	除外推奨	掲載非推奨	OK_配当データ要確認	18494.5	0.32	8.0	22.06	2.2	-505.3	74.76		11.83	0
3900	クラウドワークス	グロース（内国株式）	5250	情報・通信業	10	情報通信・サービスその他	-	-	586.0						配当未取得			1.39	92.8	1147.0	546.0	Industrials	配当未取得	1株配当が取得できていない	除外推奨	掲載非推奨	OK_配当データ要確認	22657.4	7.76	32.39	42.03	0.59	1738.3	-29.8		-5.91	
3901	マークラインズ	プライム（内国株式）	5250	情報・通信業	10	情報通信・サービスその他	7	TOPIX Small 2	1267.0	4.1	52.0	4.24	52.0	4.1	配当あり	いいえ	10.9	2.57	161.5	2227.0	1212.0	Communication Services			OK	通常掲載可	OK	5570.4	37.62	0.15	74.19		1729.2	116.2	44.75	23.47	11
3903	ｇｕｍｉ	プライム（内国株式）	5250	情報・通信業	10	情報通信・サービスその他	7	TOPIX Small 2	235.0						配当未取得		8.39	0.59	119.9	693.0	222.0	Communication Services	配当未取得	1株配当が取得できていない	除外推奨	掲載非推奨	OK_配当データ要確認	8942.7	4.15	-25.89	71.04	0.24	-2541.4	28.02		6.29	0
3904	カヤック	グロース（内国株式）	5250	情報・通信業	10	情報通信・サービスその他	-	-	392.0	0.99	3.9	0.99	3.9	0.99	配当あり	いいえ	9.19	1.02	60.4	606.0	374.0	Communication Services			OK	通常掲載可	OK	20094.7	5.33	20.13	42.77	0.56	352.6	42.65	9.14	7.91	0
3905	データセクション	グロース（内国株式）	5250	情報・通信業	10	情報通信・サービスその他	-	-	3420.0						配当未取得		37.82	5.24	1015.0	6140.0	1270.0	Technology	配当未取得	1株配当が取得できていない	除外推奨	掲載非推奨	OK_配当データ要確認	33605.0	10.55	1042.0	67.77	0.03	-10020.2	90.44		25.74	
3907	シリコンスタジオ	スタンダード（内国株式）	5250	情報・通信業	10	情報通信・サービスその他	-	-	888.0	1.13	10.0	1.11	10.0	1.13	配当あり	いいえ	11.83	1.4	24.4	2190.0	568.0	Communication Services			OK	通常掲載可	OK	4303.0	3.49	15.02	66.2	0.18	276.0	75.07	13.32	4.98	0
3908	コラボス	スタンダード（内国株式）	5250	情報・通信業	10	情報通信・サービスその他	-	-	318.0	1.89	6.0	1.89	6.0	1.89	配当あり	いいえ	14.64	1.08	14.8	670.0	274.0	Technology			OK	通常掲載可	OK	1699.0	4.37	-10.9	81.87	0.12	121.0	21.72	27.62	7.6	
3909	ショーケース	スタンダード（内国株式）	5250	情報・通信業	10	情報通信・サービスその他	-	-	192.0						配当未取得		6.19	0.98	16.5	450.0	181.0	Technology	配当未取得	1株配当が取得できていない	除外推奨	掲載非推奨	OK_配当データ要確認	6211.4	-2.67	9.29	22.83	2.33	-902.3	31.04		15.83	2
3910	エムケイシステム	スタンダード（内国株式）	5250	情報・通信業	10	情報通信・サービスその他	-	-	270.0	2.96	8.0	2.93	8.0	2.96	配当あり	いいえ	5.71	1.62	14.7	346.0	260.0	Technology			OK	通常掲載可	OK	3290.2	-0.71	24.63	27.34	1.8	41.6	47.28	16.92	32.34	0
3911	Ａｉｍｉｎｇ	グロース（内国株式）	5250	情報・通信業	10	情報通信・サービスその他	-	-	197.0						配当未取得		8.46	1.31	91.9	313.0	156.0	Communication Services	配当未取得	1株配当が取得できていない	除外推奨	掲載非推奨	OK_配当データ要確認	15826.2	13.14	-7.38	74.7	0.01	4513.5	23.28		14.8	0
3912	モバイルファクトリー	スタンダード（内国株式）	5250	情報・通信業	10	情報通信・サービスその他	-	-	1055.0	4.83	51.0	4.75	51.0	4.83	配当あり	いいえ	15.59	3.16	68.5	1298.0	910.0	Communication Services			OK	通常掲載可	OK	3427.3	32.72	3.31	77.49		864.5	67.66	75.38	19.07	2
3913	ＧｒｅｅｎＢｅｅ	スタンダード（内国株式）	5250	情報・通信業	10	情報通信・サービスその他	-	-	915.0						配当未取得		10.46	1.74	18.5	1548.0	850.0	Technology	配当未取得	1株配当が取得できていない	除外推奨	掲載非推奨	OK_配当データ要確認	961.9	17.16	19.27	82.92	0.07	256.9	87.51		17.6	
3914	ＪＩＧ－ＳＡＷ	グロース（内国株式）	5250	情報・通信業	10	情報通信・サービスその他	-	-	2379.0						配当未取得		37.58	4.42	156.5	4290.0	2208.0	Technology	配当未取得	1株配当が取得できていない	除外推奨	掲載非推奨	OK_配当データ要確認	3625.5	15.16	4.39	63.63	0.21	241.3	63.31		14.33	
3915	テラスカイ	プライム（内国株式）	5250	情報・通信業	10	情報通信・サービスその他	7	TOPIX Small 2	2253.0	0.75	17.0	0.75	17.0	0.75	配当あり	いいえ	18.5	2.31	290.8	3715.0	1494.0	Technology			OK	通常掲載可	OK	28056.8	5.56	13.54	56.58	0.02	879.2	121.77	13.96	12.5	
3916	デジタル・インフォメーション・テクノロジー	プライム（内国株式）	5250	情報・通信業	10	情報通信・サービスその他	7	TOPIX Small 2	827.0	4.59	38.0	4.61	38.0	4.59	配当あり	いいえ	11.19	2.83	243.7	1415.0	791.0	Technology			OK	通常掲載可	OK	24159.0	12.48	21.47	71.62	0.0	2369.2	73.92	51.41	26.54	2
3917	アイリッジ	グロース（内国株式）	5250	情報・通信業	10	情報通信・サービスその他	-	-	405.0						配当未取得		4.97	1.05	31.7	727.0	393.0	Technology	配当未取得	1株配当が取得できていない	除外推奨	掲載非推奨	OK_配当データ要確認	7084.1	1.6	5.6	53.6	0.47	221.4	81.43		-4.87	
3918	ＰＣＩホールディングス	スタンダード（内国株式）	5250	情報・通信業	10	情報通信・サービスその他	-	-	1218.0	6.24	76.0	6.11	76.0	6.24	配当あり	いいえ	10.69	1.24	120.8	1638.0	1007.0	Technology			OK	通常掲載可	OK	26835.9	5.81	6.98	60.91	0.03	1075.9	113.98	66.68	11.55	0
3920	アイビーシー	スタンダード（内国株式）	5250	情報・通信業	10	情報通信・サービスその他	-	-	990.0	2.22	22.0	2.22	22.0	2.22	配当あり	いいえ	14.24	2.48	55.0	1151.0	769.0	Technology			OK	通常掲載可	OK	2404.5	23.5	14.99	60.79	0.35	600.7	69.53	31.64	8.84	3
3921	ネオジャパン	プライム（内国株式）	5250	情報・通信業	10	情報通信・サービスその他	7	TOPIX Small 2	1573.0	3.43	54.0	3.46	54.0	3.43	配当あり	いいえ	12.18	2.91	220.5	2119.0	1437.0	Technology			OK	通常掲載可	OK	8230.2	30.35	13.31	69.9	0.0	1860.9	129.17	41.81	12.35	4
3922	ＰＲ　ＴＩＭＥＳ	プライム（内国株式）	5250	情報・通信業	10	情報通信・サービスその他	7	TOPIX Small 2	2312.0	0.73	16.8	0.74	16.8	0.73	配当あり	いいえ	13.24	3.37	312.3	3340.0	1971.0	Communication Services			OK	通常掲載可	OK	9546.3	37.95	19.28	80.06	0.0	3382.2	174.57	9.62	29.64	
3923	ラクス	プライム（内国株式）	5250	情報・通信業	10	情報通信・サービスその他	4	TOPIX Mid400	925.7	0.86	8.0	0.85	8.0	0.86	配当あり	いいえ	25.11	12.59	3278.0	1395.0	721.9	Technology			OK	通常掲載可	OK	60286.0	28.77	23.27	71.17	0.0	12342.0	36.86	21.7	55.38	9
3925	ダブルスタンダード	プライム（内国株式）	5250	情報・通信業	10	情報通信・サービスその他	7	TOPIX Small 2	1169.0	5.99	70.0	5.92	70.0	5.99	配当あり	いいえ	14.26	2.37	158.0	1955.0	1140.0	Technology			OK	通常掲載可	OK	8000.6	32.58	11.94	84.81		1752.2	81.98	85.39	16.96	4
3926	オープンドア	スタンダード（内国株式）	5250	情報・通信業	10	情報通信・サービスその他	7	TOPIX Small 2	319.0						配当未取得			2.84	98.9	525.0	225.0	Communication Services	配当未取得	1株配当が取得できていない	除外推奨	掲載非推奨	OK_配当データ要確認	2453.7	-1.84	2.02	85.55		-60.9	-36.49		-28.93	
3927	フーバーブレイン	スタンダード（内国株式）	5250	情報・通信業	10	情報通信・サービスその他	-	-	938.0	1.71	16.0	1.71	16.0	1.71	配当あり	いいえ	16.55	2.33	50.1	1280.0	696.0	Technology			OK	通常掲載可	OK	5641.4	3.61	29.0	27.35	0.43	214.8	56.66	28.24	16.72	
3928	マイネット	スタンダード（内国株式）	5250	情報・通信業	10	情報通信・サービスその他	-	-	218.0						配当未取得		8.13	1.35	18.6	347.0	211.0	Communication Services	配当未取得	1株配当が取得できていない	除外推奨	掲載非推奨	OK_配当データ要確認	7478.3	5.01	-15.46	32.44	1.41	476.4	26.81		0.53	0
3929	ソーシャルワイヤー	グロース（内国株式）	5250	情報・通信業	10	情報通信・サービスその他	-	-	280.0						配当未取得		14.78	1.85	32.8	375.0	245.0	Communication Services	配当未取得	1株配当が取得できていない	除外推奨	掲載非推奨	OK_配当データ要確認	3513.2	6.47	20.92	51.16	0.47	-75.6	18.95		12.96	0
3930	はてな	グロース（内国株式）	5250	情報・通信業	10	情報通信・サービスその他	-	-	1122.0						配当未取得		24.12	1.59	33.6	1485.0	823.0	Communication Services	配当未取得	1株配当が取得できていない	除外推奨	掲載非推奨	OK_配当データ要確認	3309.4	2.06	5.05	87.98		-2.0	46.52		-28.25	
3931	バリューゴルフ	グロース（内国株式）	5250	情報・通信業	10	情報通信・サービスその他	-	-	1962.0	1.27	25.0	1.26	25.0	1.27	配当あり	いいえ		3.41	35.4	2247.0	1401.0	Communication Services			OK	通常掲載可	OK	4426.7	1.2	7.25	33.7	1.31	-497.2	-4.38		0.28	0
3932	アカツキ	プライム（内国株式）	5250	情報・通信業	10	情報通信・サービスその他	7	TOPIX Small 2	2904.0	4.13	120.0	4.16	120.0	4.13	配当あり	いいえ	7.41	0.92	418.8	3390.0	2480.0	Communication Services			OK	通常掲載可	OK	25856.0	28.79	9.32	72.78	0.26	2101.0	392.07	30.61	13.01	1
3933	チエル	スタンダード（内国株式）	5250	情報・通信業	10	情報通信・サービスその他	-	-	462.0	4.98	23.0	4.86	23.0	4.98	配当あり	いいえ	5.25	1.02	34.5	792.0	423.0	Technology			OK	通常掲載可	OK	6896.8	9.83	49.23	29.19	0.86	-411.2	87.98	26.14	19.48	4
3934	ベネフィットジャパン	スタンダード（内国株式）	5250	情報・通信業	10	情報通信・サービスその他	-	-	2247.0	4.32	97.0	4.5	97.0	4.32	配当あり	いいえ	13.25	1.51	132.5	2531.0	1650.0	Communication Services			OK	通常掲載可	OK	18394.0	8.06	44.32	60.97	0.24	-481.3	169.54	57.21	11.93	2
3935	エディア	スタンダード（内国株式）	5250	情報・通信業	10	情報通信・サービスその他	-	-	725.0	2.34	17.0	2.31	17.0	2.34	配当あり	いいえ	9.89	3.54	43.0	1335.0	612.0	Communication Services			OK	通常掲載可	OK	4659.7	9.54	29.18	57.99	0.29	250.7	73.31	23.19	-69.08	1
3936	グローバルウェイ	グロース（内国株式）	5250	情報・通信業	10	情報通信・サービスその他	-	-	148.0						配当未取得		28.03	5.82	54.1	279.0	117.0	Technology	配当未取得	1株配当が取得できていない	除外推奨	掲載非推奨	OK_配当データ要確認	4014.4	7.65	30.69	42.91	0.13	289.1	5.28		-60.67	
3937	Ｕｂｉｃｏｍホールディングス	スタンダード（内国株式）	5250	情報・通信業	10	情報通信・サービスその他	7	TOPIX Small 2	974.0	2.57	25.0	2.62	25.0	2.57	配当あり	いいえ	13.24	1.96	118.1	1182.0	908.0	Technology			OK	通常掲載可	OK	5992.6	21.76	-5.49	75.55	0.05	879.3	73.57	33.98	15.35	5
3939	カナミックネットワーク	プライム（内国株式）	5250	情報・通信業	10	情報通信・サービスその他	7	TOPIX Small 2	484.0	1.86	9.0	1.86	9.0	1.86	配当あり	いいえ	18.17	46.9	229.7	583.0	420.0	Healthcare			OK	通常掲載可	OK	5500.8	29.21	9.85	71.07	0.14	914.2	26.63	33.8	27.0	7
3940	ノムラシステムコーポレーション	スタンダード（内国株式）	5250	情報・通信業	10	情報通信・サービスその他	-	-	112.0	3.17	3.55	3.17	3.55	3.17	配当あり	いいえ	12.68	1.55	50.5	155.0	108.0	Technology			OK	通常掲載可	OK	3320.9	17.66	1.4	88.65		360.1	8.83	40.2	10.4	1
3941	レンゴー	プライム（内国株式）	3150	パルプ・紙	4	素材・化学	4	TOPIX Mid400	1415.5	3.53	50.0	3.53	50.0	3.53	配当あり	いいえ	16.7	0.72	3492.4	1565.0	780.2	Consumer Cyclical			OK	通常掲載可	OK	1008337.0	3.68	1.52	37.26	0.99	-12688.0	84.77	58.98	4.55	2
3943	大石産業	スタンダード（内国株式）	3150	パルプ・紙	4	素材・化学	-	-	1235.0	4.21	52.0	4.26	52.0	4.21	配当あり	いいえ	13.37	0.5	96.9	1499.0	1191.0	Consumer Cyclical			OK	通常掲載可	OK	23487.0	3.05	0.01	69.66	0.03	-293.0	92.38	56.29	3.76	1
3944	古林紙工	スタンダード（内国株式）	3150	パルプ・紙	4	素材・化学	-	-	2444.0	2.05	50.0	2.06	50.0	2.05	配当あり	いいえ	8.58	0.31	27.1	2930.0	2010.0	Consumer Cyclical			OK	通常掲載可	OK	17865.1	2.42	-1.31	49.08	0.31	671.2	284.94	17.55	5.84	0
3945	スーパーバッグ	スタンダード（内国株式）	3150	パルプ・紙	4	素材・化学	-	-	2162.0	5.09	110.0	5.03	110.0	5.09	配当あり	いいえ	4.01	0.58	32.1	2999.0	2081.0	Basic Materials			OK	通常掲載可	OK	28162.0	2.7	2.11	40.3	0.47	-91.0	539.34	20.4	15.55	1
3946	トーモク	プライム（内国株式）	3150	パルプ・紙	4	素材・化学	7	TOPIX Small 2	3900.0	4.36	170.0	4.39	170.0	4.36	配当あり	いいえ	8.73	0.63	643.4	4075.0	2875.0	Consumer Cyclical			OK	通常掲載可	OK	224090.0	5.08	2.04	45.63	0.69	5318.0	446.6	38.07	7.61	5
3947	ダイナパック	スタンダード（内国株式）	3150	パルプ・紙	4	素材・化学	-	-	2250.0	3.56	80.0	3.51	80.0	3.56	配当あり	いいえ	7.03	0.46	219.8	2774.0	1925.0	Consumer Cyclical			OK	通常掲載可	OK	67083.4	4.3	7.28	55.22	0.15	3172.6	320.06	25.0	6.27	3
3948	光ビジネスフォーム	スタンダード（内国株式）	3150	パルプ・紙	4	素材・化学	-	-	1115.0	4.48	50.0	4.5	50.0	4.48	配当あり	いいえ	40.14	1.04	59.9	1400.0	940.0	Industrials			OK	通常掲載可	OK	7743.8	2.61	-2.17	81.1	0.03	56.1	27.78	179.99	1.61	2
3950	ザ・パック	プライム（内国株式）	3150	パルプ・紙	4	素材・化学	7	TOPIX Small 2	1357.0	3.1	42.0	3.11	42.0	3.1	配当あり	いいえ	12.68	0.98	753.1	1399.0	1079.0	Consumer Cyclical			OK	通常掲載可	OK	103125.0	6.99	1.64	73.88	0.01	2911.0	107.05	39.23	7.82	4
3951	朝日印刷	スタンダード（内国株式）	3150	パルプ・紙	4	素材・化学	-	-	868.0	4.38	38.0	4.38	38.0	4.38	配当あり	いいえ	11.45	0.5	179.5	941.0	832.0	Consumer Cyclical			OK	通常掲載可	OK	44642.0	3.64	1.59	51.51	0.57	338.0	75.78	50.15	4.56	0
3953	大村紙業	スタンダード（内国株式）	3150	パルプ・紙	4	素材・化学	-	-	747.0	4.02	30.0	4.03	30.0	4.02	配当あり	いいえ	7.27	0.52	26.6	881.0	735.0	Consumer Cyclical			OK	通常掲載可	OK	5953.6	5.93	0.24	77.74	0.05	-209.5	102.74	29.2	7.31	2
3954	昭和パックス	スタンダード（内国株式）	3150	パルプ・紙	4	素材・化学	-	-	2790.0	1.79	50.0	1.8	50.0	1.79	配当あり	いいえ	9.54	0.46	122.5	3470.0	1953.0	Consumer Cyclical			OK	通常掲載可	OK	23563.9	6.93	1.06	72.35	0.05	1091.9	292.31	17.11	5.28	0
3955	イムラ	スタンダード（内国株式）	3150	パルプ・紙	4	素材・化学	-	-	804.0	3.73	30.0	3.74	30.0	3.73	配当あり	いいえ	8.46	0.45	80.4	1159.0	759.0	Basic Materials			OK	通常掲載可	OK	21831.0	5.23	4.43	63.47	0.27	-2454.0	95.04	31.57	3.51	0
3958	笹徳印刷	スタンダード（内国株式）	3150	パルプ・紙	4	素材・化学	-	-	552.0	3.26	18.0	3.27	18.0	3.26	配当あり	いいえ	12.83	0.32	30.1	594.0	521.0	Industrials			OK	通常掲載可	OK	12953.2	2.92	-0.67	61.4	0.1	-46.8	43.01	41.85	2.64	0
3962	チェンジホールディングス	プライム（内国株式）	5250	情報・通信業	10	情報通信・サービスその他	6	TOPIX Small 1	893.0	2.91	26.0	2.88	26.0	2.91	配当あり	いいえ	8.96	1.33	621.3	1333.0	888.0	Technology			OK	通常掲載可	OK	52827.0	20.99	13.88	44.27	0.62	6349.0	99.69	26.08	29.53	3
3963	シンクロ・フード	プライム（内国株式）	5250	情報・通信業	10	情報通信・サービスその他	-	-	300.0	5.0	15.0	5.14	15.0	5.0	配当あり	いいえ	31.22	1.77	84.1	748.0	275.0	Industrials			OK	通常掲載可	OK	5541.8	12.06	40.25	41.43	0.78	925.4	9.61	156.09	5.67	1
3964	オークネット	プライム（内国株式）	5250	情報・通信業	10	情報通信・サービスその他	7	TOPIX Small 2	1354.0	3.1	42.0	3.08	42.0	3.1	配当あり	いいえ	20.85	4.57	1228.4	1616.0	790.0	Consumer Cyclical			OK	通常掲載可	OK	64139.9	14.84	14.72	51.88		11046.5	64.93	64.69	24.58	5
3965	キャピタル・アセット・プランニング	スタンダード（内国株式）	5250	情報・通信業	10	情報通信・サービスその他	-	-	837.0	2.51	21.0	2.51	21.0	2.51	配当あり	いいえ	8.91	1.22	48.2	912.0	727.0	Technology			OK	通常掲載可	OK	9689.4	5.48	18.47	57.1	0.37	328.5	93.91	22.36	12.81	3
3967	エルテス	グロース（内国株式）	5250	情報・通信業	10	情報通信・サービスその他	-	-	557.0						配当未取得			1.87	34.4	759.0	540.0	Technology	配当未取得	1株配当が取得できていない	除外推奨	掲載非推奨	OK_配当データ要確認	8958.8	4.82	22.44	25.85	2.01	-243.6	-27.49		-34.7	
3968	セグエグループ	プライム（内国株式）	5250	情報・通信業	10	情報通信・サービスその他	-	-	555.0	3.24	18.0	3.19	18.0	3.24	配当あり	いいえ	14.93	2.8	201.7	809.0	483.0	Technology			OK	通常掲載可	OK	25074.5	7.4	33.96	22.47	0.95	-3069.4	37.18	48.41	36.11	5
3969	エイトレッド	スタンダード（内国株式）	5250	情報・通信業	10	情報通信・サービスその他	-	-	1377.0	2.61	36.0	2.67	36.0	2.61	配当あり	いいえ	14.41	1.84	103.1	1609.0	1305.0	Technology			OK	通常掲載可	OK	2902.8	36.17	4.93	81.21		788.0	95.57	37.67	13.33	7
3970	イノベーション	グロース（内国株式）	5250	情報・通信業	10	情報通信・サービスその他	-	-	769.0	5.2	40.0	5.28	40.0	5.2	配当あり	いいえ		0.71	20.7	1148.0	736.0	Technology			OK	通常掲載可	OK	6968.3	-3.57	30.4	36.96	0.83	-70.0	-171.76		-6.4	0
3974	ＳＣＡＴ	スタンダード（内国株式）	5250	情報・通信業	10	情報通信・サービスその他	-	-	574.0	2.44	14.0	2.55	14.0	2.44	配当あり	いいえ	13.03	0.86	18.0	680.0	420.0	Technology			OK	通常掲載可	OK	2605.3	7.41	0.4	67.15	0.06	83.4	44.06	31.77	6.51	5
3976	シャノン	グロース（内国株式）	5250	情報・通信業	10	情報通信・サービスその他	-	-	562.0						配当未取得			2.91	33.3	615.0	336.0	Technology	配当未取得	1株配当が取得できていない	除外推奨	掲載非推奨	OK_配当データ要確認	3206.7	-1.61	9.28	-2.42		81.1	-36.93			
3979	うるる	グロース（内国株式）	5250	情報・通信業	10	情報通信・サービスその他	-	-	391.0	1.1	4.3	1.12	4.3	1.1	配当あり	いいえ	14.68	2.93	108.1	470.0	326.0	Technology			OK	通常掲載可	OK	7751.9	12.03	15.68	45.92	0.16	1120.8	26.64	16.14	21.93	0
3981	ビーグリー	スタンダード（内国株式）	5250	情報・通信業	10	情報通信・サービスその他	-	-	1213.0	3.71	45.0	3.77	45.0	3.71	配当あり	いいえ	9.94	0.86	67.8	1370.0	1172.0	Communication Services			OK	通常掲載可	OK	16720.2	8.18	-9.36	48.7	0.47	1267.2	122.04	36.87	8.1	4
3983	オロ	プライム（内国株式）	5250	情報・通信業	10	情報通信・サービスその他	7	TOPIX Small 2	1958.0	2.55	50.0	2.56	50.0	2.55	配当あり	いいえ	16.28	3.01	300.9	3365.0	1785.0	Technology			OK	通常掲載可	OK	8308.0	31.89	5.17	75.34	0.06	1900.3	120.3	41.56	20.64	5
3984	ユーザーローカル	プライム（内国株式）	5250	情報・通信業	10	情報通信・サービスその他	7	TOPIX Small 2	1707.0	1.64	28.0	1.7	28.0	1.64	配当あり	いいえ	16.56	2.86	268.4	2199.0	1350.0	Technology			OK	通常掲載可	OK	4582.0	43.03	17.26	87.24		1546.6	103.08	27.16	19.77	4
3985	テモナ	スタンダード（内国株式）	5250	情報・通信業	10	情報通信・サービスその他	-	-	178.0						配当未取得			1.28	19.0	431.0	168.0	Communication Services	配当未取得	1株配当が取得できていない	除外推奨	掲載非推奨	OK_配当データ要確認	1832.6	8.51	0.36	43.29	0.93	178.5	-1.75		11.77	
3986	ビーブレイクシステムズ	スタンダード（内国株式）	5250	情報・通信業	10	情報通信・サービスその他	-	-	465.0	2.15	10.0	2.13	10.0	2.15	配当あり	いいえ	23.66	2.81	21.2	578.0	425.33	Technology			OK	通常掲載可	OK	1391.5	10.93	0.89	73.85		176.7	19.65	50.89	5.44	2
3987	エコモット	グロース（内国株式）	5250	情報・通信業	10	情報通信・サービスその他	-	-	547.0						配当未取得			3.41	28.3	774.0	425.0	Technology	配当未取得	1株配当が取得できていない	除外推奨	掲載非推奨	OK_配当データ要確認	3003.8	1.65	11.56	30.65	1.38	-430.2	-10.81		-0.93	
3988	ＳＹＳホールディングス	スタンダード（内国株式）	5250	情報・通信業	10	情報通信・サービスその他	-	-	520.0	1.54	8.0	1.53	8.0	1.54	配当あり	いいえ	13.58	1.36	55.0	670.0	506.0	Technology			OK	通常掲載可	OK	14051.1	5.02	13.34	47.42	0.51	355.7	38.3	20.89	12.14	6
3989	シェアリングテクノロジー	グロース（内国株式）	5250	情報・通信業	10	情報通信・サービスその他	-	-	1417.0	3.88	55.0	3.93	55.0	3.88	配当あり	いいえ	22.93	6.91	339.1	1450.0	901.0	Communication Services			OK	通常掲載可	OK	8579.9	24.17	14.35	69.33	0.06	1631.2	61.79	89.01	30.14	1
3991	ウォンテッドリー	グロース（内国株式）	5250	情報・通信業	10	情報通信・サービスその他	-	-	897.0	2.23	20.0	2.22	20.0	2.23	配当あり	いいえ	10.03	1.68	85.3	1437.0	871.0	Communication Services			OK	通常掲載可	OK	4908.8	33.51	3.95	68.6		2043.5	89.47	22.35	17.94	0
3992	ニーズウェル	プライム（内国株式）	5250	情報・通信業	10	情報通信・サービスその他	-	-	428.0	2.8	12.0	2.78	12.0	2.8	配当あり	いいえ	20.18	3.42	162.1	625.0	394.0	Technology			OK	通常掲載可	OK	10032.9	11.52	5.07	73.13	0.01	754.3	21.21	56.58	17.44	3
3993	ＰＫＳＨＡ　Ｔｅｃｈｎｏｌｏｇｙ	プライム（内国株式）	5250	情報・通信業	10	情報通信・サービスその他	6	TOPIX Small 1	2640.0						配当未取得		33.47	2.29	818.2	4515.0	2484.0	Technology	配当未取得	1株配当が取得できていない	除外推奨	掲載非推奨	OK_配当データ要確認	21771.4	24.29	28.88	63.43	0.32	4248.5	78.88		7.16	
3994	マネーフォワード	プライム（内国株式）	5250	情報・通信業	10	情報通信・サービスその他	4	TOPIX Mid400	4083.0						配当未取得		143.72	5.03	2264.8	6794.0	2750.5	Technology	配当未取得	1株配当が取得できていない	除外推奨	掲載非推奨	OK_配当データ要確認	50349.9	-5.27	24.74	34.37	0.77	-7601.1	28.41		8.66	
3996	サインポスト	スタンダード（内国株式）	5250	情報・通信業	10	情報通信・サービスその他	-	-	175.0						配当未取得		29.41	1.19	22.4	408.0	165.0	Technology	配当未取得	1株配当が取得できていない	除外推奨	掲載非推奨	OK_配当データ要確認	3138.9	3.14	3.81	61.75	0.26	112.2	5.95		4.13	0
3997	トレードワークス	スタンダード（内国株式）	5250	情報・通信業	10	情報通信・サービスその他	-	-	325.0	0.62	2.0	0.62	2.0	0.62	配当あり	いいえ	218.12	4.85	132.8	650.0	120.2	Technology			OK	通常掲載可	OK	5052.5	5.14	10.04	44.42	0.61	-173.5	1.49	134.23	7.83	0
3998	すららネット	グロース（内国株式）	5250	情報・通信業	10	情報通信・サービスその他	-	-	309.0						配当未取得			0.88	19.5	464.0	306.0	Consumer Defensive	配当未取得	1株配当が取得できていない	除外推奨	掲載非推奨	OK_配当データ要確認	1932.0	3.4	-0.82	88.29	0.0	-244.7	-0.6		-0.71	
4004	レゾナック・ホールディングス	プライム（内国株式）	3200	化学	4	素材・化学	4	TOPIX Mid400	18680.0	0.35	65.0	0.37	65.0	0.35	配当あり	いいえ	115.97	4.76	33807.7	20495.0	3223.0	Basic Materials			OK	通常掲載可	OK	1347125.0	3.46	-3.19	33.17	1.39	23560.0	161.07	40.36	5.47	0
4005	住友化学	プライム（内国株式）	3200	化学	4	素材・化学	4	TOPIX Mid400	522.2	3.06	16.0	3.12	16.0	3.06	配当あり	いいえ	14.06	0.85	8623.7	625.0	341.4	Basic Materials			OK	通常掲載可	OK	2328515.0	8.38	-10.66	29.62	1.14	113193.0	37.13	43.09	9.99	1
4008	住友精化	プライム（内国株式）	3200	化学	4	素材・化学	6	TOPIX Small 1	1286.0	3.73	48.0	3.77	48.0	3.73	配当あり	いいえ	10.94	0.8	830.3	1472.0	859.0	Basic Materials			OK	通常掲載可	OK	148354.0	9.75	0.53	67.84	0.17	4215.0	117.53	40.84	7.76	0
4011	ヘッドウォータース	グロース（内国株式）	5250	情報・通信業	10	情報通信・サービスその他	-	-	2020.0						配当未取得		145.32	5.8	123.3	4180.0	1862.0	Technology	配当未取得	1株配当が取得できていない	除外推奨	掲載非推奨	OK_配当データ要確認	3900.0	5.88	34.21	34.54	1.43	-61.6	13.9		8.25	
4012	アクシス	スタンダード（内国株式）	5250	情報・通信業	10	情報通信・サービスその他	-	-	1618.0	3.52	57.0	3.54	57.0	3.52	配当あり	いいえ	10.98	1.69	69.5	1768.0	1417.0	Technology			OK	通常掲載可	OK	8134.2	10.92	9.41	75.43	0.0	593.8	147.32	38.69	17.95	4
4013	勤次郎	グロース（内国株式）	5250	情報・通信業	10	情報通信・サービスその他	-	-	655.0	1.53	10.0	1.57	10.0	1.53	配当あり	いいえ	12.72	1.26	129.0	1530.0	555.0	Technology			OK	通常掲載可	OK	5370.5	28.33	22.71	74.63	0.18	1206.4	51.5	19.42	10.01	1
4014	カラダノート	グロース（内国株式）	5250	情報・通信業	10	情報通信・サービスその他	-	-	484.0						配当未取得		36.67	5.16	32.4	598.0	385.0	Technology	配当未取得	1株配当が取得できていない	除外推奨	掲載非推奨	OK_配当データ要確認	2194.0	4.59	6.69	34.05	0.85	-110.4	13.2		32.82	
4015	ペイクラウドホールディングス	グロース（内国株式）	5250	情報・通信業	10	情報通信・サービスその他	-	-	511.0						配当未取得		122.54	1.73	80.4	934.0	388.0	Technology	配当未取得	1株配当が取得できていない	除外推奨	掲載非推奨	OK_配当データ要確認	10234.0	7.15	49.33	48.15	0.39	1115.3	4.17		1.45	
4016	ＭＩＴホールディングス	スタンダード（内国株式）	5250	情報・通信業	10	情報通信・サービスその他	-	-	882.0	3.4	30.0	3.39	30.0	3.4	配当あり	いいえ	18.87	2.53	17.6	1299.0	804.0	Technology			OK	通常掲載可	OK	5117.8	3.31	-2.34	34.33	1.0	245.3	46.73	64.2	10.31	3
4017	クリーマ	グロース（内国株式）	5250	情報・通信業	10	情報通信・サービスその他	-	-	204.0						配当未取得		50.0	1.22	13.8	343.0	191.0	Consumer Cyclical	配当未取得	1株配当が取得できていない	除外推奨	掲載非推奨	OK_配当データ要確認	2535.1	1.68	1.12	30.78	0.35	487.0	4.08		2.41	
4019	スタメン	グロース（内国株式）	5250	情報・通信業	10	情報通信・サービスその他	-	-	605.0	1.32	8.0	1.31	8.0	1.32	配当あり	いいえ	25.74	3.41	53.1	1519.0	545.0	Technology			OK	通常掲載可	OK	3817.8	7.63	41.79	62.67	0.06	-44.7	23.5	34.04	17.68	1
4020	ビートレンド	グロース（内国株式）	5250	情報・通信業	10	情報通信・サービスその他	-	-	681.0						配当未取得			2.05	14.7	932.0	602.0	Technology	配当未取得	1株配当が取得できていない	除外推奨	掲載非推奨	OK_配当データ要確認	1159.4	-7.06	0.32	85.76	0.0	-147.1	-46.99		-20.59	
4021	日産化学	プライム（内国株式）	3200	化学	4	素材・化学	4	TOPIX Mid400	8492.0	2.5	212.0	2.5	212.0	2.5	配当あり	いいえ	23.04	4.46	11376.2	8600.0	4233.0	Basic Materials			OK	通常掲載可	OK	279586.0	22.73	11.23	71.89	0.15	43597.0	368.58	57.52	20.39	1
4022	ラサ工業	プライム（内国株式）	3200	化学	4	素材・化学	7	TOPIX Small 2	2161.0	1.67	36.0	1.76	36.0	1.67	配当あり	いいえ	19.37	2.65	844.1	2810.0	781.0	Basic Materials			OK	通常掲載可	OK	47727.0	12.6	5.08	63.71	0.24	1776.0	111.55	32.27	14.6	1
4023	クレハ	プライム（内国株式）	3200	化学	4	素材・化学	6	TOPIX Small 1	3915.0	5.52	216.0	5.6	216.0	5.52	配当あり	いいえ		0.91	1496.3	4905.0	3140.0	Basic Materials			OK	通常掲載可	OK	161688.0	-12.23	-0.2	48.82	0.72	-14312.0	-267.15		-5.58	1
4025	多木化学	プライム（内国株式）	3200	化学	4	素材・化学	7	TOPIX Small 2	4775.0	1.68	80.0	1.71	80.0	1.68	配当あり	いいえ	12.27	0.89	398.6	5620.0	2808.0	Basic Materials			OK	通常掲載可	OK	41977.0	7.54	7.87	65.32	0.03	2310.0	389.01	20.57	8.17	2
4026	神島化学工業	スタンダード（内国株式）	3400	ガラス・土石製品	3	建設・資材	-	-	1630.0	1.6	26.0	1.58	26.0	1.6	配当あり	いいえ	8.04	3.67	148.1	2148.0	1208.0	Industrials			OK	通常掲載可	OK	27405.0	6.54	5.51	42.18	0.69	1864.0	202.83	12.82	9.64	3
4027	テイカ	プライム（内国株式）	3200	化学	4	素材・化学	7	TOPIX Small 2	2364.0	3.38	80.0	3.39	80.0	3.38	配当あり	いいえ		0.89	538.2	2490.0	1196.0	Basic Materials			OK	通常掲載可	OK	57373.0	3.79	2.94	68.85	0.2	-1435.0	-38.47		-1.4	2
4028	石原産業	プライム（内国株式）	3200	化学	4	素材・化学	6	TOPIX Small 1	2858.0	4.55	130.0	4.57	130.0	4.55	配当あり	いいえ	6.57	0.85	1093.7	4035.0	2018.0	Basic Materials			OK	通常掲載可	OK	154897.0	12.32	6.68	53.66	0.55	17259.0	434.72	29.9	13.67	4
402A	アクセルスペースホールディングス	グロース（内国株式）	3700	輸送用機器	6	自動車・輸送機	-	-	513.0						配当未取得			4.54	340.6	1141.0	409.0	Industrials	配当未取得	1株配当が取得できていない	除外推奨	掲載非推奨	OK_配当データ要確認	1586.8	-157.23	-24.82	31.8	1.76	-4428.0	-65.41			
4031	片倉コープアグリ	スタンダード（内国株式）	3200	化学	4	素材・化学	-	-	1051.0	2.66	28.0	2.64	28.0	2.66	配当あり	いいえ		0.41	94.1	1858.0	851.0	Basic Materials			OK	通常掲載可	OK	42651.0	1.18	3.1	46.83	0.63	1344.0	-136.95		-5.24	0
4040	南海化学	スタンダード（内国株式）	3200	化学	4	素材・化学	-	-	3510.0	1.85	65.0	1.87	65.0	1.85	配当あり	いいえ	2.55	0.64	70.1	4275.0	2605.0	Basic Materials			OK	通常掲載可	OK	21063.0	8.07	0.78	56.8	0.33	-1533.0	1375.53	4.73	28.48	2
4041	日本曹達	プライム（内国株式）	3200	化学	4	素材・化学	6	TOPIX Small 1	3575.0	4.48	160.0	4.53	160.0	4.48	配当あり	いいえ	10.62	0.94	1916.3	4200.0	3095.0	Basic Materials			OK	通常掲載可	OK	152091.0	9.84	-2.0	66.64	0.26	6974.0	336.53	47.54	11.0	1
4042	東ソー	プライム（内国株式）	3200	化学	4	素材・化学	4	TOPIX Mid400	2841.5	3.52	100.0	3.42	100.0	3.52	配当あり	いいえ	21.48	1.05	8748.7	3086.0	2109.0	Basic Materials			OK	通常掲載可	OK	1019917.0	9.37	-4.09	59.04	0.28	114556.0	132.3	75.59	6.31	2
4043	トクヤマ	プライム（内国株式）	3200	化学	4	素材・化学	4	TOPIX Mid400	4995.0	2.4	120.0	2.45	120.0	2.4	配当あり	いいえ	16.19	1.27	3593.7	5768.0	2915.0	Basic Materials			OK	通常掲載可	OK	349476.0	9.55	1.87	50.78	0.57	21874.0	308.5	38.9	7.88	2
4044	セントラル硝子	プライム（内国株式）	3200	化学	4	素材・化学	6	TOPIX Small 1	4450.0	3.82	170.0	3.85	170.0	3.82	配当あり	いいえ	13.19	0.89	1103.3	4555.0	2956.0	Basic Materials			OK	通常掲載可	OK	144479.0	6.94	0.17	62.49	0.24	17062.0	337.25	50.41	7.51	0
4045	東亞合成	プライム（内国株式）	3200	化学	4	素材・化学	4	TOPIX Mid400	1734.5	4.04	70.0	4.02	70.0	4.04	配当あり	いいえ	14.83	0.87	1840.6	1922.5	1401.0	Basic Materials			OK	通常掲載可	OK	162312.0	8.74	-3.15	74.3	0.1	-9125.0	116.96	59.85	6.46	3
4046	大阪ソーダ	プライム（内国株式）	3200	化学	4	素材・化学	6	TOPIX Small 1	1877.0	1.49	28.0	1.49	28.0	1.49	配当あり	いいえ	15.14	1.81	2283.3	2534.0	1569.0	Basic Materials			OK	通常掲載可	OK	99961.0	17.64	3.66	75.63	0.06	12486.0	123.97	22.59	12.71	1
4047	関東電化工業	プライム（内国株式）	3200	化学	4	素材・化学	6	TOPIX Small 1	3570.0	1.01	36.0	1.01	36.0	1.01	配当あり	いいえ	53.99	2.83	2047.5	4405.0	796.0	Basic Materials			OK	通常掲載可	OK	65400.0	8.38	4.89	55.13	0.55	-1268.0	66.12	54.45	5.4	1
4051	ＧＭＯフィナンシャルゲート	プライム（内国株式）	5250	情報・通信業	10	情報通信・サービスその他	7	TOPIX Small 2	6730.0	1.86	125.0	1.82	125.0	1.86	配当あり	いいえ	33.76	8.56	555.7	6990.0	4750.0	Technology			OK	通常掲載可	OK	17927.8	12.44	-4.16	45.23	0.32	375.7	199.34	62.71	26.06	5
4052	フィーチャ	グロース（内国株式）	5250	情報・通信業	10	情報通信・サービスその他	-	-	223.0						配当未取得			1.89	13.0	393.0	221.0	Technology	配当未取得	1株配当が取得できていない	除外推奨	掲載非推奨	OK_配当データ要確認	494.2	-0.72	26.82	95.02		-28.0	-9.83		-6.84	
4053	Ｓｕｎ　Ａｓｔｅｒｉｓｋ	プライム（内国株式）	5250	情報・通信業	10	情報通信・サービスその他	7	TOPIX Small 2	424.0	2.36	10.0	2.35	10.0	2.36	配当あり	いいえ	35.01	1.47	165.5	557.0	379.0	Technology			OK	通常掲載可	OK	14835.0	7.1	9.34	66.17	0.17	1289.0	12.11	82.58	6.24	
4054	日本情報クリエイト	グロース（内国株式）	5250	情報・通信業	10	情報通信・サービスその他	-	-	539.0	1.67	9.0	1.73	9.0	1.67	配当あり	いいえ	15.83	1.89	74.0	920.0	505.0	Technology			OK	通常掲載可	OK	4436.9	15.99	17.68	62.24	0.0	131.0	34.06	26.42	11.94	1
4055	ティアンドエスグループ	グロース（内国株式）	5250	情報・通信業	10	情報通信・サービスその他	-	-	1715.0	0.64	11.0	0.65	11.0	0.64	配当あり	いいえ	23.69	4.07	128.3	2722.0	1064.0	Technology			OK	通常掲載可	OK	4103.3	18.43	19.18	79.53		758.0	72.38	15.2	17.18	5
4056	ニューラルグループ	グロース（内国株式）	5250	情報・通信業	10	情報通信・サービスその他	-	-	207.0						配当未取得			2.12	35.6	917.0	200.0	Technology	配当未取得	1株配当が取得できていない	除外推奨	掲載非推奨	OK_配当データ要確認	3299.0	-0.2	-7.45	44.5	1.02	149.4	-7.28		-23.36	
4057	インターファクトリー	グロース（内国株式）	5250	情報・通信業	10	情報通信・サービスその他	-	-	358.0						配当未取得		16.91	1.18	14.4	570.0	345.0	Communication Services	配当未取得	1株配当が取得できていない	除外推奨	掲載非推奨	OK_配当データ要確認	2864.9	6.85	10.39	55.91	0.31	200.9	21.17		5.83	
4058	トヨクモ	グロース（内国株式）	5250	情報・通信業	10	情報通信・サービスその他	-	-	2029.0	1.33	27.0	1.37	27.0	1.33	配当あり	いいえ	20.44	5.4	219.9	3795.0	1616.0	Technology			OK	通常掲載可	OK	4858.0	33.06	54.42	61.79		1926.0	99.29	27.19	36.06	4
4059	まぐまぐ	スタンダード（内国株式）	5250	情報・通信業	10	情報通信・サービスその他	-	-	398.0						配当未取得		54.6	1.32	11.9	876.0	347.0	Communication Services	配当未取得	1株配当が取得できていない	除外推奨	掲載非推奨	OK_配当データ要確認	438.9	4.61	-3.54	84.74		82.1	7.29		2.45	
4060	ｒａｋｕｍｏ	グロース（内国株式）	5250	情報・通信業	10	情報通信・サービスその他	-	-	1059.0	1.32	14.0	1.3	14.0	1.32	配当あり	いいえ	25.2	3.24	61.7	1399.0	866.0	Technology			OK	通常掲載可	OK	1830.1	23.39	26.78	45.24	0.64	396.1	42.03	33.31	15.07	1
4061	デンカ	プライム（内国株式）	3200	化学	4	素材・化学	4	TOPIX Mid400	4202.0	2.38	100.0	2.31	100.0	2.38	配当あり	いいえ	23.07	1.17	3622.1	4692.0	1977.0	Basic Materials			OK	通常掲載可	OK	384247.0	6.83	-4.0	45.63	0.71	-31492.0	182.11	54.91	3.48	1
4062	イビデン	プライム（内国株式）	3650	電気機器	9	電機・精密	4	TOPIX Mid400	25785.0	0.14	35.0	0.15	35.0	0.14	配当あり	いいえ	120.31	13.09	72003.5	27480.0	3032.0	Technology			OK	通常掲載可	OK	416201.0	14.9	12.66	57.27	0.35	-837.0	214.33	16.33	12.17	1
4063	信越化学工業	プライム（内国株式）	3200	化学	4	素材・化学	1	TOPIX Core30	7259.0	1.46	106.0	1.51	106.0	1.46	配当あり	いいえ	28.77	3.02	134984.6	7930.0	4280.0	Basic Materials			OK	通常掲載可	OK	2573969.0	24.68	0.5	78.85	0.05	356701.0	252.29	42.02	10.68	1
4064	日本カーバイド工業	プライム（内国株式）	3200	化学	4	素材・化学	7	TOPIX Small 2	3580.0	3.74	134.0	3.73	134.0	3.74	配当あり	いいえ	12.8	0.87	333.9	3930.0	1816.0	Basic Materials			OK	通常掲載可	OK	49909.0	8.2	2.43	61.27	0.18	4614.0	279.66	47.92	7.52	0
4068	ベイシス	グロース（内国株式）	5250	情報・通信業	10	情報通信・サービスその他	-	-	1611.0						配当未取得		25.88	1.38	29.6	2497.0	1551.0	Technology	配当未取得	1株配当が取得できていない	除外推奨	掲載非推奨	OK_配当データ要確認	6822.4	1.19	-0.6	49.44	0.5	-2.4	62.25		5.62	
4069	ＢｌｕｅＭｅｍｅ	グロース（内国株式）	5250	情報・通信業	10	情報通信・サービスその他	-	-	695.0						配当未取得		20.27	0.92	23.2	2488.0	611.0	Technology	配当未取得	1株配当が取得できていない	除外推奨	掲載非推奨	OK_配当データ要確認	2349.5	1.33	-6.27	64.58	0.03	-355.8	34.28		4.78	
4071	プラスアルファ・コンサルティング	プライム（内国株式）	5250	情報・通信業	10	情報通信・サービスその他	6	TOPIX Small 1	2621.0	3.82	100.0	3.74	100.0	3.82	配当あり	いいえ	28.01	6.91	1111.1	2716.0	1944.0	Technology			OK	通常掲載可	OK	17084.3	37.34	22.78	79.39		5092.8	93.56	106.88	29.79	4
4072	電算システムホールディングス	プライム（内国株式）	5250	情報・通信業	10	情報通信・サービスその他	7	TOPIX Small 2	2808.0	3.56	100.0	3.58	100.0	3.56	配当あり	いいえ	10.36	1.21	300.9	5090.0	2561.0	Technology			OK	通常掲載可	OK	68131.0	5.32	11.22	35.65	0.03	3533.0	271.12	36.88	12.36	4
4073	ジィ・シィ企画	グロース（内国株式）	5250	情報・通信業	10	情報通信・サービスその他	-	-	432.0						配当未取得			5.93	11.0	878.0	414.0	Technology	配当未取得	1株配当が取得できていない	除外推奨	掲載非推奨	OK_配当データ要確認	1740.4	3.36	12.33	23.54	2.3	-142.6	-85.29		-35.57	
4074	ラキール	グロース（内国株式）	5250	情報・通信業	10	情報通信・サービスその他	-	-	770.0						配当未取得		19.44	1.45	51.4	1250.0	633.0	Technology	配当未取得	1株配当が取得できていない	除外推奨	掲載非推奨	OK_配当データ要確認	7728.4	5.76	-3.02	61.5	0.24	57.5	39.6		0.0	
4075	ブレインズテクノロジー	グロース（内国株式）	5250	情報・通信業	10	情報通信・サービスその他	-	-	888.0						配当未取得		28.09	2.98	51.9	2100.0	770.0	Technology	配当未取得	1株配当が取得できていない	除外推奨	掲載非推奨	OK_配当データ要確認	1004.6	7.29	-4.67	83.68	0.0	-8.3	31.61		8.58	
4076	シイエヌエス	グロース（内国株式）	5250	情報・通信業	10	情報通信・サービスその他	-	-	1729.0	3.18	55.0	3.18	55.0	3.18	配当あり	いいえ	9.33	1.21	50.2	1895.0	1433.0	Technology			OK	通常掲載可	OK	7005.0	7.93	5.23	75.28	0.0	420.1	185.35	29.67	13.6	2
4078	堺化学工業	プライム（内国株式）	3200	化学	4	素材・化学	6	TOPIX Small 1	4675.0	3.42	160.0	3.45	160.0	3.42	配当あり	いいえ	29.63	0.92	715.8	6580.0	2663.0	Basic Materials			OK	通常掲載可	OK	81447.0	7.92	-3.51	66.29	0.21	8409.0	157.76	101.42	3.64	2
407A	ＵＮＩＣＯＮホールディングス	スタンダード（内国株式）	2050	建設業	3	建設・資材	-	-	835.0	7.19	60.0	7.08	60.0	7.19	配当あり	いいえ	8.3	2.12	82.6	1400.0	834.0	Industrials			OK	通常掲載可	OK	17620.9	9.71	12.87	30.24	1.12	-1326.2	100.57	59.66	25.54	
4082	第一稀元素化学工業	プライム（内国株式）	3200	化学	4	素材・化学	7	TOPIX Small 2	2024.0	1.48	30.0	1.47	30.0	1.48	配当あり	いいえ	19.5	1.27	488.8	4400.0	641.0	Basic Materials			OK	通常掲載可	OK	35751.0	9.73	6.27	57.47	0.56	3333.0	103.78	28.91	6.51	1
4088	エア・ウォーター	プライム（内国株式）	3200	化学	4	素材・化学	-	-	2756.0	2.72	75.0	2.71	75.0	2.72	配当あり	いいえ	58.94	1.42	6317.2	2949.0	1718.5	Basic Materials			OK	通常掲載可	OK	1075929.0	6.6	5.02	41.37	0.81	22097.0	46.76	160.39	1.66	9
4091	日本酸素ホールディングス	プライム（内国株式）	3200	化学	4	素材・化学	4	TOPIX Mid400	6020.0	1.1	66.0	1.1	66.0	1.1	配当あり	いいえ	21.05	2.14	26057.8	6509.0	4465.0	Basic Materials			OK	通常掲載可	OK	1359611.0	14.22	3.94	43.98	0.72	163440.0	286.01	23.08	11.21	11
4092	日本化学工業	プライム（内国株式）	3200	化学	4	素材・化学	7	TOPIX Small 2	4690.0	2.56	120.0	2.58	120.0	2.56	配当あり	いいえ	14.16	0.81	406.9	6360.0	2001.0	Basic Materials			OK	通常掲載可	OK	40182.0	6.01	3.45	64.14	0.29	86.0	331.33	36.22	5.99	2
4093	東邦アセチレン	スタンダード（内国株式）	3200	化学	4	素材・化学	-	-	433.0	4.16	18.0	4.25	18.0	4.16	配当あり	いいえ	11.71	0.79	150.7	505.0	343.0	Basic Materials			OK	通常掲載可	OK	34576.8	5.5	-0.65	56.37	0.2	816.7	36.97	48.69	6.69	0
4094	日本化学産業	スタンダード（内国株式）	3200	化学	4	素材・化学	-	-	2074.0	4.34	90.0	4.34	90.0	4.34	配当あり	いいえ	17.69	0.79	403.6	2799.0	1894.0	Basic Materials			OK	通常掲載可	OK	28032.8	12.14	10.19	82.38	0.0	1765.0	117.24	76.77	4.69	2
4095	日本パーカライジング	プライム（内国株式）	3200	化学	4	素材・化学	6	TOPIX Small 1	1702.0	2.94	50.0	2.95	50.0	2.94	配当あり	いいえ	14.53	0.91	1842.5	1876.0	1258.0	Basic Materials			OK	通常掲載可	OK	138155.0	10.73	4.44	73.9	0.0	13272.0	117.12	42.69	6.43	2
4097	高圧ガス工業	プライム（内国株式）	3200	化学	4	素材・化学	7	TOPIX Small 2	1101.0	3.63	40.0	3.66	40.0	3.63	配当あり	いいえ	13.04	0.72	607.8	1202.0	999.0	Basic Materials			OK	通常掲載可	OK	98677.0	5.96	-0.31	68.22	0.08	3522.0	84.46	47.36	5.72	3
4098	チタン工業	スタンダード（内国株式）	3200	化学	4	素材・化学	-	-	989.0	1.21	12.0	1.22	12.0	1.21	配当あり	いいえ	14.54	0.56	29.4	1730.0	740.0	Basic Materials			OK	通常掲載可	OK	8139.0	3.67	4.43	38.5	1.11	747.0	68.03	17.64	9.89	0
4099	四国化成ホールディングス	プライム（内国株式）	3200	化学	4	素材・化学	7	TOPIX Small 2	3515.0	1.28	45.0	1.28	45.0	1.28	配当あり	いいえ	36.39	3.15	3040.4	3770.0	965.5	Basic Materials			OK	通常掲載可	OK	70705.0	15.38	1.74	64.95	0.26	3798.0	96.59	46.59	10.46	2
409A	オリオンビール	プライム（内国株式）	3050	食料品	1	食品	7	TOPIX Small 2	1216.0	2.8	34.0	2.8	34.0	2.8	配当あり	いいえ	10.67	2.75	511.2	2262.0	1100.0	Consumer Defensive			OK	通常掲載可	OK	26009.0	10.96	-9.9	37.28	0.9	-832.0	113.97	29.83	19.44	
4100	戸田工業	スタンダード（内国株式）	3200	化学	4	素材・化学	7	TOPIX Small 2	1659.0						配当未取得			1.05	96.0	2219.0	1079.0	Basic Materials	配当未取得	1株配当が取得できていない	除外推奨	掲載非推奨	OK_配当データ要確認	28041.0	3.09	-11.45	19.09	2.74	1513.0	-597.35		-31.8	0
4102	丸尾カルシウム	スタンダード（内国株式）	3200	化学	4	素材・化学	-	-	1439.0	4.17	60.0	4.15	60.0	4.17	配当あり	いいえ	10.69	0.3	30.7	1569.0	1319.0	Basic Materials			OK	通常掲載可	OK	12639.0	0.68	-1.59	58.82	0.24	394.6	134.67	44.55	2.9	0
4107	伊勢化学工業	スタンダード（内国株式）	3200	化学	4	素材・化学	-	-	4090.0	0.98	40.0	0.9	40.0	0.98	配当あり	いいえ	32.1	5.16	2084.2	8450.0	2430.0	Basic Materials			OK	通常掲載可	OK	39258.0	24.16	17.94	78.54	0.01	4849.0	127.41	31.39	16.95	7
4109	ステラ　ケミファ	プライム（内国株式）	3200	化学	4	素材・化学	6	TOPIX Small 1	6570.0	2.74	180.0	2.74	180.0	2.74	配当あり	いいえ	25.41	1.68	801.9	8100.0	3860.0	Basic Materials			OK	通常掲載可	OK	36799.0	12.62	1.41	74.55	0.12	1421.0	258.59	69.61	6.55	0
410A	ＧＭＯコマース	グロース（内国株式）	9050	サービス業	10	情報通信・サービスその他	-	-	1104.0	4.37	48.24	4.45	48.24	4.37	配当あり	いいえ	13.11	2.29	60.4	2249.0	986.0	Technology			OK	通常掲載可	OK	2459.8	21.29	23.98	68.74		214.9	84.23	57.27	17.47	
4112	保土谷化学工業	プライム（内国株式）	3200	化学	4	素材・化学	7	TOPIX Small 2	2052.0	2.92	60.0	2.88	60.0	2.92	配当あり	いいえ	10.68	0.62	326.4	2647.0	1417.0	Basic Materials			OK	通常掲載可	OK	48040.0	7.74	-1.11	60.85	0.18	-254.0	192.05	31.24	7.71	5
4113	田岡化学工業	スタンダード（内国株式）	3200	化学	4	素材・化学	-	-	690.0	0.87	6.0	0.88	6.0	0.87	配当あり	いいえ	6.45	0.51	98.9	1547.0	664.0	Basic Materials			OK	通常掲載可	OK	33192.0	6.16	10.9	63.21	0.04	1139.0	107.03	5.61	8.06	1
4114	日本触媒	プライム（内国株式）	3200	化学	4	素材・化学	4	TOPIX Mid400	2068.5	6.09	126.0	6.05	126.0	6.09	配当あり	いいえ	18.45	0.77	3056.4	2548.0	1633.0	Basic Materials			OK	通常掲載可	OK	399898.0	4.38	-2.31	68.36	0.15	3809.0	112.09	112.41	4.38	2
4116	大日精化工業	プライム（内国株式）	3200	化学	4	素材・化学	7	TOPIX Small 2	1044.0	4.55	47.5	4.53	47.5	4.55	配当あり	いいえ	8.82	0.51	712.7	1265.0	781.25	Basic Materials			OK	通常掲載可	OK	124294.0	6.12	-0.37	67.48	0.13	2374.0	118.33	40.14	6.11	2
4118	カネカ	プライム（内国株式）	3200	化学	4	素材・化学	4	TOPIX Mid400	5619.0	3.74	210.0	3.69	210.0	3.74	配当あり	いいえ	11.25	0.68	3384.3	5873.0	3876.0	Basic Materials			OK	通常掲載可	OK	811638.0	4.05	0.55	52.07	0.46	-3264.0	499.63	42.03	6.43	2
4119	日本ピグメントホールディングス	スタンダード（内国株式）	3200	化学	4	素材・化学	-	-	5540.0	1.81	100.0	1.81	100.0	1.81	配当あり	いいえ	7.5	0.39	87.0	6210.0	3130.0	Basic Materials			OK	通常掲載可	OK	42224.6	3.57	11.35	49.21	0.23	3719.9	738.48	13.54	5.37	0
4120	スガイ化学工業	スタンダード（内国株式）	3200	化学	4	素材・化学	-	-	2994.0	3.01	90.0	3.05	90.0	3.01	配当あり	いいえ	8.48	0.47	39.1	3000.0	2056.0	Basic Materials			OK	通常掲載可	OK	6432.8	7.61	-2.86	68.63	0.18	1086.3	353.12	25.49	5.83	4
4124	大阪油化工業	スタンダード（内国株式）	3200	化学	4	素材・化学	-	-	2610.0	1.76	46.0	1.81	46.0	1.76	配当あり	いいえ	21.19	1.68	22.1	3195.0	2337.0	Basic Materials			OK	通常掲載可	OK	1178.1	11.81	19.34	88.76		146.6	123.18	37.34	4.38	1
4125	三和油化工業	スタンダード（内国株式）	3200	化学	4	素材・化学	-	-	3080.0	1.62	50.0	1.61	50.0	1.62	配当あり	いいえ	12.4	1.0	133.1	4050.0	1373.0	Industrials			OK	通常掲載可	OK	20263.2	18.33	26.33	51.23	0.6	-2047.0	248.31	20.14	7.94	3
414A	オーバーラップホールディングス	グロース（内国株式）	5250	情報・通信業	10	情報通信・サービスその他	-	-	912.0	4.82	44.0	4.84	44.0	4.82	配当あり	いいえ	8.7	2.23	182.5	1590.0	870.0	Communication Services			OK	通常掲載可	OK	8535.0	35.47	1.57	43.76	0.82	1397.0	104.81	41.98	25.63	
4151	協和キリン	プライム（内国株式）	3250	医薬品	5	医薬品	4	TOPIX Mid400	2564.5	2.73	70.0	2.71	70.0	2.73	配当あり	いいえ	20.03	1.5	13424.8	2912.0	2109.0	Healthcare			OK	通常掲載可	OK	496826.0	20.59	0.26	80.64		5400.0	128.06	54.66	8.46	9
415A	ＧＭＯ　ＴＥＣＨホールディングス	グロース（内国株式）	9050	サービス業	10	情報通信・サービスその他	-	-	4730.0	5.85	276.5	5.9	276.5	5.85	配当あり	いいえ	3.64	2.1	74.7	7130.0	4600.0	Communication Services			OK	通常掲載可	OK	6923.0	7.51	0.8	69.83	0.04	37.0	1300.56	21.26	57.69	0
4165	プレイド	グロース（内国株式）	5250	情報・通信業	10	情報通信・サービスその他	-	-	500.0						配当未取得		26.9	3.95	205.4	1237.0	432.0	Technology	配当未取得	1株配当が取得できていない	除外推奨	掲載非推奨	OK_配当データ要確認	13396.5	10.69	21.87	49.6	0.38	1271.4	18.59		15.96	
4166	かっこ	グロース（内国株式）	5250	情報・通信業	10	情報通信・サービスその他	-	-	656.0						配当未取得			2.68	17.9	1287.0	632.0	Technology	配当未取得	1株配当が取得できていない	除外推奨	掲載非推奨	OK_配当データ要確認	819.4	-16.28	11.64	70.09	0.27	-76.7	-50.48		-17.43	
4167	ココペリ	グロース（内国株式）	5250	情報・通信業	10	情報通信・サービスその他	-	-	281.0						配当未取得			1.41	21.4	489.0	258.0	Technology	配当未取得	1株配当が取得できていない	除外推奨	掲載非推奨	OK_配当データ要確認	1758.3	-23.27	-12.41	80.23	0.08	-287.9	-54.52		-24.23	
4168	ヤプリ	グロース（内国株式）	5250	情報・通信業	10	情報通信・サービスその他	-	-	767.0	1.96	15.0	1.96	15.0	1.96	配当あり	いいえ	10.71	3.03	98.0	1282.0	659.0	Technology			OK	通常掲載可	OK	6056.1	14.58	9.89	62.52	0.39	776.0	71.62	20.94	35.75	
4169	ＥＮＥＣＨＡＮＧＥ	グロース（内国株式）	5250	情報・通信業	10	情報通信・サービスその他	-	-	196.0						配当未取得		65.77	1.76	84.0	428.0	161.0	Technology	配当未取得	1株配当が取得できていない	除外推奨	掲載非推奨	OK_配当データ要確認	6697.5	8.85	52.95	62.44	0.12	617.2	2.98		2.8	
416A	富士ユナイトホールディングス	スタンダード（内国株式）	6050	卸売業	13	商社・卸売	-	-	1138.0	5.45	62.0	5.42	62.0	5.45	配当あり	いいえ	10.34	0.77	75.1	1398.0	1040.0	Energy			OK	通常掲載可	OK	75057.0	1.58	9.82	43.75	0.25	756.0	110.05	56.34	7.49	0
4170	Ｋａｉｚｅｎ　Ｐｌａｔｆｏｒｍ	グロース（内国株式）	5250	情報・通信業	10	情報通信・サービスその他	-	-	106.0						配当未取得		61.63	0.61	18.1	242.0	97.0	Communication Services	配当未取得	1株配当が取得できていない	除外推奨	掲載非推奨	OK_配当データ要確認	4354.8	0.67	-3.74	69.87	0.24	268.0	1.72		-1.78	
4171	グローバルインフォメーション	スタンダード（内国株式）	5250	情報・通信業	10	情報通信・サービスその他	-	-	1659.0	3.62	60.0	3.61	60.0	3.62	配当あり	いいえ	21.23	1.92	49.2	1680.0	1228.0	Industrials			OK	通常掲載可	OK	2567.6	12.39	-6.61	79.53		221.6	78.16	76.77	6.2	0
4172	Ｈｉクラテス	スタンダード（内国株式）	5250	情報・通信業	10	情報通信・サービスその他	-	-	2178.0	4.04	88.0	4.06	88.0	4.04	配当あり	いいえ	10.73	1.11	48.5	2549.0	2056.0	Healthcare			OK	通常掲載可	OK	2406.9	22.83	13.85	88.86		418.2	202.9	43.37	10.65	2
4174	アピリッツ	スタンダード（内国株式）	5250	情報・通信業	10	情報通信・サービスその他	-	-	666.0	4.35	29.0	4.28	29.0	4.35	配当あり	いいえ		1.48	27.0	936.0	605.0	Technology			OK	通常掲載可	OK	9955.2	-3.11	10.51	32.62	1.01	-52.3	-115.33		-21.58	3
4175	ｃｏｌｙ	グロース（内国株式）	5250	情報・通信業	10	情報通信・サービスその他	-	-	2344.0						配当未取得		176.51	2.68	129.0	2978.0	1651.0	Communication Services	配当未取得	1株配当が取得できていない	除外推奨	掲載非推奨	OK_配当データ要確認	7020.1	-2.05	7.99	79.42	0.05	-602.2	13.28		-9.03	
4176	ココナラ	グロース（内国株式）	5250	情報・通信業	10	情報通信・サービスその他	-	-	256.0						配当未取得		19.65	2.24	57.3	559.0	238.0	Communication Services	配当未取得	1株配当が取得できていない	除外推奨	掲載非推奨	OK_配当データ要確認	9410.8	2.72	42.83	38.15	0.51	238.4	13.03		11.73	
4177	ｉ‐ｐｌｕｇ	グロース（内国株式）	5250	情報・通信業	10	情報通信・サービスその他	-	-	1402.0	3.85	54.0	3.83	54.0	3.85	配当あり	いいえ	11.68	2.94	55.9	1850.0	1123.0	Industrials			OK	通常掲載可	OK	5756.9	12.43	13.23	37.85	0.16	1017.9	120.05	44.98	29.04	
4178	Ｓｈａｒｉｎｇ　Ｉｎｎｏｖａｔｉｏｎｓ	グロース（内国株式）	5250	情報・通信業	10	情報通信・サービスその他	-	-	522.0						配当未取得		85.29	1.2	19.5	894.0	493.0	Technology	配当未取得	1株配当が取得できていない	除外推奨	掲載非推奨	OK_配当データ要確認	4458.1	2.25	-13.75	69.08	0.16	114.6	6.12		3.11	
4179	ジーネクスト	グロース（内国株式）	5250	情報・通信業	10	情報通信・サービスその他	-	-	542.0						配当未取得			30.64	29.4	1050.0	260.0	Technology	配当未取得	1株配当が取得できていない	除外推奨	掲載非推奨	OK_配当データ要確認	1015.7	-6.91	46.85	22.26	1.06	-162.6	-13.32			
417A	ブルーゾーンホールディングス	プライム（内国株式）	6100	小売業	14	小売	4	TOPIX Mid400	1706.5	1.88	32.0	1.83	32.0	1.88	配当あり	いいえ	14.71	1.74	3474.2	2058.0	1537.2	Consumer Defensive			OK	通常掲載可	OK	813154.0	4.48	10.42	46.65	0.45	11125.0	115.98	27.59	12.41	13
4180	Ａｐｐｉｅｒ　Ｇｒｏｕｐ	プライム（内国株式）	5250	情報・通信業	10	情報通信・サービスその他	6	TOPIX Small 1	794.0	0.29	2.3	0.29	2.3	0.29	配当あり	いいえ	31.73	2.15	810.4	1745.0	660.0	Technology			OK	通常掲載可	OK	43737.0	6.8	28.42	61.41	0.3	-1781.0	25.02	9.19	7.37	1
4182	三菱瓦斯化学	プライム（内国株式）	3200	化学	4	素材・化学	4	TOPIX Mid400	5158.0	2.13	110.0	2.17	110.0	2.13	配当あり	いいえ		1.55	10057.5	5738.0	2213.0	Basic Materials			OK	通常掲載可	OK	738243.0	6.14	-4.57	58.08	0.35	74726.0	-207.28		-4.96	3
4183	三井化学	プライム（内国株式）	3200	化学	4	素材・化学	4	TOPIX Mid400	2126.5	3.53	75.0	3.52	75.0	3.53	配当あり	いいえ	23.18	0.91	7827.6	2477.5	1636.0	Basic Materials			OK	通常掲載可	OK	1668754.0	3.39	-7.76	40.19	0.86	62095.0	91.72	81.77	4.79	5
4186	東京応化工業	プライム（内国株式）	3200	化学	4	素材・化学	4	TOPIX Mid400	11380.0	0.7	80.0	0.71	80.0	0.7	配当あり	いいえ	40.87	3.33	13644.7	12925.0	3911.0	Technology			OK	通常掲載可	OK	237029.0	19.99	17.94	67.92	0.12	9819.0	278.47	28.73	5.54	7
4187	大阪有機化学工業	プライム（内国株式）	3200	化学	4	素材・化学	6	TOPIX Small 1	6160.0	1.3	80.0	1.34	80.0	1.3	配当あり	いいえ	18.29	2.41	1252.8	6190.0	2475.0	Basic Materials			OK	通常掲載可	OK	36265.7	17.06	10.91	78.01	0.03	5873.7	336.74	23.76	15.0	11
4188	三菱ケミカルグループ	プライム（内国株式）	3200	化学	4	素材・化学	2	TOPIX Large70	1115.0	2.87	32.0	2.84	32.0	2.87	配当あり	いいえ		0.86	15147.8	1171.0	755.2	Basic Materials			OK	通常掲載可	OK	3703988.0	0.87	-6.17	29.98	1.07	144154.0	-60.37		-0.7	0
4189	ＫＨネオケム	プライム（内国株式）	3200	化学	4	素材・化学	6	TOPIX Small 1	2917.0	3.77	110.0	3.71	110.0	3.77	配当あり	いいえ	13.36	1.47	1021.2	3125.0	2315.0	Basic Materials			OK	通常掲載可	OK	115098.0	9.77	-3.89	53.55	0.26	8981.0	218.3	50.39	10.53	1
4192	スパイダープラス	グロース（内国株式）	5250	情報・通信業	10	情報通信・サービスその他	-	-	263.0						配当未取得			3.5	93.4	519.0	234.0	Technology	配当未取得	1株配当が取得できていない	除外推奨	掲載非推奨	OK_配当データ要確認	4895.5	-0.22	20.22	63.96	0.31	-107.0	-0.5		-0.06	
4193	ファブリカホールディングス	スタンダード（内国株式）	5250	情報・通信業	10	情報通信・サービスその他	-	-	2298.0	1.74	40.0	1.75	40.0	1.74	配当あり	いいえ	18.48	3.32	118.1	2977.0	1873.0	Technology			OK	通常掲載可	OK	10567.5	11.54	14.78	61.13	0.05	851.9	124.35	32.17	18.43	3
4194	ビジョナル	プライム（内国株式）	5250	情報・通信業	10	情報通信・サービスその他	4	TOPIX Mid400	7350.0						配当未取得		17.06	3.61	2956.1	12460.0	6280.0	Communication Services	配当未取得	1株配当が取得できていない	除外推奨	掲載非推奨	OK_配当データ要確認	66146.0	26.97	17.54	68.57	0.0	17439.0	430.9		24.26	
4196	ネオマーケティング	スタンダード（内国株式）	5250	情報・通信業	10	情報通信・サービスその他	-	-	1694.0						配当未取得			4.52	41.8	1700.0	1058.0	Communication Services	配当未取得	1株配当が取得できていない	除外推奨	掲載非推奨	OK_配当データ要確認	2306.5	0.47	9.93	43.95	0.8	46.3	-15.11		-4.05	
4197	アスマーク	スタンダード（内国株式）	5250	情報・通信業	10	情報通信・サービスその他	-	-	2220.0	3.51	78.0	3.58	78.0	3.51	配当あり	いいえ	12.95	1.63	25.7	2619.0	2147.0	Industrials			OK	通常掲載可	OK	4416.3	6.35	1.21	63.02	0.0	259.0	171.47	45.49	12.59	1
4198	テンダ	スタンダード（内国株式）	5250	情報・通信業	10	情報通信・サービスその他	-	-	491.0	4.48	22.0	4.47	22.0	4.48	配当あり	いいえ	767.19	1.26	32.6	839.0	484.0	Technology			OK	通常掲載可	OK	5574.9	7.68	7.72	70.65	0.05	639.5	0.64	3437.5	2.69	3
4199	ワンダープラネット	グロース（内国株式）	5250	情報・通信業	10	情報通信・サービスその他	-	-	680.0						配当未取得			0.52	17.3	1923.0	670.0	Technology	配当未取得	1株配当が取得できていない	除外推奨	掲載非推奨	OK_配当データ要確認	2316.5	-5.6	-5.44	30.0	1.96	-321.0	-118.27			
4202	ダイセル	プライム（内国株式）	3200	化学	4	素材・化学	4	TOPIX Mid400	1392.5	5.03	70.0	5.11	70.0	5.03	配当あり	いいえ	35.89	1.0	3556.4	1658.0	1112.5	Basic Materials			OK	通常掲載可	OK	579629.0	7.26	-1.18	42.64	0.86	-178.0	38.8	180.41	3.07	4
4203	住友ベークライト	プライム（内国株式）	3200	化学	4	素材・化学	4	TOPIX Mid400	7548.0	1.59	120.0	1.61	120.0	1.59	配当あり	いいえ	23.6	1.91	6622.3	7985.0	4051.0	Basic Materials			OK	通常掲載可	OK	304773.0	8.13	6.09	69.58	0.11	28065.0	319.78	37.53	8.81	5
4204	積水化学工業	プライム（内国株式）	3200	化学	4	素材・化学	4	TOPIX Mid400	2589.5	3.17	82.0	3.16	82.0	3.17	配当あり	いいえ	14.17	1.23	10454.0	3065.0	2248.0	Industrials			OK	通常掲載可	OK	1309281.0	8.13	0.89	59.61	0.17	-35286.0	182.7	44.88	9.01	5
4205	日本ゼオン	プライム（内国株式）	3200	化学	4	素材・化学	4	TOPIX Mid400	2276.5	3.51	80.0	3.4	80.0	3.51	配当あり	いいえ	12.21	1.15	4356.0	2455.0	1472.0	Basic Materials			OK	通常掲載可	OK	411966.0	8.83	-2.06	68.87	0.04	14458.0	186.52	42.89	9.87	5
4206	アイカ工業	プライム（内国株式）	3200	化学	4	素材・化学	4	TOPIX Mid400	3656.0	3.83	140.0	3.79	140.0	3.83	配当あり	いいえ	13.25	1.21	2313.4	4008.0	3340.0	Industrials			OK	通常掲載可	OK	251764.0	11.58	1.23	58.36	0.25	336.0	275.94	50.74	10.19	13
4208	ＵＢＥ	プライム（内国株式）	3200	化学	4	素材・化学	4	TOPIX Mid400	3157.0	5.07	160.0	5.03	160.0	5.07	配当あり	いいえ	12.84	0.7	3066.9	3350.0	2185.5	Basic Materials			OK	通常掲載可	OK	486802.0	3.71	3.96	45.64	0.84	-23093.0	245.81	65.09	5.56	0
4212	積水樹脂	プライム（内国株式）	3200	化学	4	素材・化学	6	TOPIX Small 1	2555.0	2.82	72.0	2.8	72.0	2.82	配当あり	いいえ	19.57	0.77	765.7	2670.0	1928.0	Industrials			OK	通常掲載可	OK	78163.0	7.27	5.3	69.61	0.14	2693.0	130.55	55.15	4.12	2
4216	旭有機材	プライム（内国株式）	3200	化学	4	素材・化学	6	TOPIX Small 1	7130.0	1.82	130.0	1.81	130.0	1.82	配当あり	いいえ	40.2	1.66	1339.3	7930.0	4000.0	Industrials			OK	通常掲載可	OK	80081.0	9.47	-5.97	74.49	0.08	608.0	177.35	73.3	4.3	4
4218	ニチバン	プライム（内国株式）	3200	化学	4	素材・化学	7	TOPIX Small 2	1875.0	2.13	40.0	2.14	40.0	2.13	配当あり	いいえ	23.12	0.85	378.4	2038.0	1781.0	Industrials			OK	通常掲載可	OK	50470.0	4.5	2.05	65.85	0.05	328.0	81.1	49.32	3.78	0
421A	ムービン・ストラテジック・キャリア	グロース（内国株式）	9050	サービス業	10	情報通信・サービスその他	-	-	3640.0						配当未取得		25.59	7.4	307.3	3655.0	1758.0	Industrials	配当未取得	1株配当が取得できていない	除外推奨	掲載非推奨	OK_配当データ要確認	3799.7	46.4	59.12	76.94		1773.1	142.26		28.92	
4220	リケンテクノス	プライム（内国株式）	3200	化学	4	素材・化学	7	TOPIX Small 2	1696.0	3.18	54.0	3.2	54.0	3.18	配当あり	いいえ	11.04	1.19	807.1	1878.0	1079.0	Basic Materials			OK	通常掲載可	OK	131377.4	8.68	2.53	56.78	0.17	8470.8	153.67	35.14	12.1	5
4221	大倉工業	プライム（内国株式）	3200	化学	4	素材・化学	7	TOPIX Small 2	4785.0	4.6	220.0	4.61	220.0	4.6	配当あり	いいえ	14.27	0.86	540.5	5730.0	4080.0	Basic Materials			OK	通常掲載可	OK	86658.0	7.14	6.73	61.23	0.11	2792.0	335.33	65.61	6.52	5
4222	児玉化学工業	スタンダード（内国株式）	3200	化学	4	素材・化学	-	-	649.0	1.54	10.0	1.56	10.0	1.54	配当あり	いいえ	0.43	0.35	100.8	1491.0	518.0	Consumer Cyclical			OK	通常掲載可	OK	82707.8	3.24	422.08	42.35	0.58	936.8	1508.72	0.66	132.61	
4224	ロンシール工業	スタンダード（内国株式）	3200	化学	4	素材・化学	-	-	2002.0	4.25	85.0	4.26	85.0	4.25	配当あり	いいえ	9.06	0.47	92.3	2311.0	1601.0	Industrials			OK	通常掲載可	OK	22107.0	6.07	3.14	74.49	0.02	897.0	221.07	38.45	5.26	0
4228	積水化成品工業	プライム（内国株式）	3200	化学	4	素材・化学	7	TOPIX Small 2	526.0	3.23	17.0	3.22	17.0	3.23	配当あり	いいえ	11.16	0.48	239.8	596.0	327.0	Basic Materials			OK	通常掲載可	OK	113935.0	2.24	-16.88	41.01	0.77	2439.0	47.15	36.06	4.28	2
4229	群栄化学工業	プライム（内国株式）	3200	化学	4	素材・化学	7	TOPIX Small 2	4510.0	2.22	100.0	2.2	100.0	2.22	配当あり	いいえ	15.17	0.55	299.3	6350.0	2791.0	Basic Materials			OK	通常掲載可	OK	31307.0	8.2	2.49	80.35	0.01	-591.0	297.24	33.64	4.01	0
4231	タイガースポリマー	スタンダード（内国株式）	3200	化学	4	素材・化学	-	-	1002.0	3.79	38.0	3.88	38.0	3.79	配当あり	いいえ	8.4	0.42	194.0	1293.0	799.0	Basic Materials			OK	通常掲載可	OK	50132.9	6.01	1.61	75.4	0.04	-1161.5	119.34	31.84	5.55	3
4234	サンエー化研	スタンダード（内国株式）	3200	化学	4	素材・化学	-	-	704.0	2.56	18.0	2.55	18.0	2.56	配当あり	いいえ	7.07	0.3	67.8	1025.0	547.0	Basic Materials			OK	通常掲載可	OK	30358.1	2.76	3.15	57.41	0.22	1033.9	99.62	18.07	4.47	0
4235	ウルトラファブリックス・ホールディングス	スタンダード（内国株式）	3200	化学	4	素材・化学	-	-	650.0	5.38	35.0	5.38	35.0	5.38	配当あり	いいえ	17.99	0.42	103.5	834.0	640.0	Consumer Cyclical			OK	通常掲載可	OK	20553.0	7.89	1.27	45.77	0.91	1528.0	36.14	96.85	36.71	0
4237	フジプレアム	スタンダード（内国株式）	3200	化学	4	素材・化学	-	-	344.0	1.74	6.0	1.74	6.0	1.74	配当あり	いいえ		1.28	98.3	532.0	296.0	Technology			OK	通常掲載可	OK	8115.0	-0.96	-23.59	52.37	0.5	1233.3	-80.52		-26.03	0
4238	ミライアル	スタンダード（内国株式）	3200	化学	4	素材・化学	-	-	1865.0	3.75	70.0	4.07	70.0	3.75	配当あり	いいえ	27.77	0.74	168.6	2093.0	1074.0	Technology			OK	通常掲載可	OK	12572.1	4.07	-10.22	85.69		-1480.0	67.16	104.23	3.08	0
423A	ライオン事務器	スタンダード（内国株式）	6050	卸売業	13	商社・卸売	-	-	301.0	2.33	7.0	2.33	7.0	2.33	配当あり	いいえ	8.76	0.74	101.6	533.0	277.0	Industrials			OK	通常掲載可	OK	37022.0	3.17	6.1	48.79	0.1	-6.0	34.35	20.38	8.45	
4240	クラスターテクノロジー	スタンダード（内国株式）	3200	化学	4	素材・化学	-	-	317.0	1.58	5.0	1.59	5.0	1.58	配当あり	いいえ	14.38	1.03	18.0	501.0	278.0	Technology			OK	通常掲載可	OK	1022.7	10.63	11.29	89.96	0.01	98.8	22.04	22.69	7.34	
4241	アテクト	スタンダード（内国株式）	3200	化学	4	素材・化学	-	-	633.0	1.58	10.0	1.56	10.0	1.58	配当あり	いいえ	19.78	1.53	28.0	1185.0	402.0	Industrials			OK	通常掲載可	OK	3357.2	6.1	4.86	38.88	1.25	214.5	32.01	31.24	7.96	0
4242	タカギセイコー	スタンダード（内国株式）	3200	化学	4	素材・化学	-	-	1751.0	3.43	60.0	3.43	60.0	3.43	配当あり	いいえ	3.03	0.39	49.0	2030.0	1311.0	Basic Materials			OK	通常掲載可	OK	41477.0	5.17	-6.36	38.36	0.54	-568.0	577.85	10.38	13.64	4
4243	ニックス	スタンダード（内国株式）	3200	化学	4	素材・化学	-	-	946.0	2.11	20.0	2.09	20.0	2.11	配当あり	いいえ	8.16	0.47	22.0	997.0	746.0	Basic Materials			OK	通常掲載可	OK	4403.0	4.85	0.37	74.66	0.04	110.3	115.94	17.25	5.92	0
4245	ダイキアクシス	スタンダード（内国株式）	3200	化学	4	素材・化学	-	-	656.0	3.66	24.0	3.59	24.0	3.66	配当あり	いいえ	18.86	0.87	87.0	774.0	645.0	Industrials			OK	通常掲載可	OK	48321.0	2.63	3.21	25.33	1.83	-63.0	34.79	68.99	4.01	0
4246	ダイキョーニシカワ	プライム（内国株式）	3200	化学	4	素材・化学	7	TOPIX Small 2	1000.0	5.8	58.0	5.79	58.0	5.8	配当あり	いいえ	7.92	0.74	656.2	1124.0	644.0	Consumer Cyclical			OK	通常掲載可	OK	165706.0	6.19	-1.69	55.9	0.38	8190.0	126.33	45.91	9.87	2
4247	ポバール興業	スタンダード（内国株式）	3200	化学	4	素材・化学	-	-	1322.0	3.18	42.0	3.22	42.0	3.18	配当あり	いいえ	9.34	0.58	34.8	1620.0	1160.0	Basic Materials			OK	通常掲載可	OK	3605.2	11.69	6.72	82.84	0.04	215.3	141.48	29.69	6.38	2
4248	竹本容器	スタンダード（内国株式）	3200	化学	4	素材・化学	-	-	865.0	4.39	38.0	4.35	38.0	4.39	配当あり	いいえ	13.58	0.86	104.4	905.0	809.0	Consumer Cyclical			OK	通常掲載可	OK	14491.3	6.84	-7.27	71.71	0.14	-498.4	63.71	59.65	6.68	0
4249	森六	プライム（内国株式）	3200	化学	4	素材・化学	7	TOPIX Small 2	2378.0	5.26	125.0	5.31	125.0	5.26	配当あり	いいえ	13.92	0.51	340.4	2704.0	2255.0	Basic Materials			OK	通常掲載可	OK	133871.0	3.47	-8.42	53.46	0.3	-39.0	170.83	73.17	3.78	1
4251	恵和	プライム（内国株式）	3200	化学	4	素材・化学	7	TOPIX Small 2	1208.0	4.14	50.0	4.15	50.0	4.14	配当あり	いいえ	9.9	0.93	223.4	1408.0	1036.0	Technology			OK	通常掲載可	OK	20473.3	20.94	-3.11	77.12	0.09	553.6	122.05	40.97	10.16	2
4255	ＴＨＥＣＯＯ	グロース（内国株式）	5250	情報・通信業	10	情報通信・サービスその他	-	-	2551.0						配当未取得		30.76	7.96	53.6	2750.0	741.0	Technology	配当未取得	1株配当が取得できていない	除外推奨	掲載非推奨	OK_配当データ要確認	4831.3	4.08	11.54	16.15	0.0	445.7	82.94		58.58	
4256	サインド	グロース（内国株式）	5250	情報・通信業	10	情報通信・サービスその他	-	-	922.0						配当未取得		32.36	1.6	55.9	1579.0	898.0	Technology	配当未取得	1株配当が取得できていない	除外推奨	掲載非推奨	OK_配当データ要確認	2542.1	13.03	13.42	71.47	0.22	531.7	28.49		5.06	
4258	網屋	グロース（内国株式）	5250	情報・通信業	10	情報通信・サービスその他	-	-	3550.0	0.44	15.73	0.45	15.73	0.44	配当あり	いいえ	40.19	14.83	291.5	4400.0	2571.0	Technology			OK	通常掲載可	OK	5936.4	17.71	24.52	40.76	0.33	1256.7	88.33	17.81	37.55	
4259	エクサウィザーズ	グロース（内国株式）	5250	情報・通信業	10	情報通信・サービスその他	-	-	811.0	1.23	10.0	1.25	10.0	1.23	配当あり	いいえ	44.66	14.93	771.7	1445.0	388.0	Technology			OK	通常掲載可	OK	11996.0	13.29	22.27	49.16	0.48	747.0	18.16	55.07	42.93	
4260	ハイブリッドテクノロジーズ	グロース（内国株式）	5250	情報・通信業	10	情報通信・サービスその他	-	-	232.0						配当未取得		1008.7	1.29	26.2	458.0	230.0	Technology	配当未取得	1株配当が取得できていない	除外推奨	掲載非推奨	OK_配当データ要確認	3024.7	0.96	-3.52	54.8	0.56	351.5	0.23		4.9	
4261	アジアクエスト	グロース（内国株式）	5250	情報・通信業	10	情報通信・サービスその他	-	-	2919.0						配当未取得		14.92	2.15	43.1	4920.0	2290.0	Technology	配当未取得	1株配当が取得できていない	除外推奨	掲載非推奨	OK_配当データ要確認	4920.3	8.93	21.15	67.22	0.08	-44.4	195.67		14.32	
4262	ニフティライフスタイル	グロース（内国株式）	5250	情報・通信業	10	情報通信・サービスその他	-	-	1318.0	4.86	64.0	4.89	64.0	4.86	配当あり	いいえ	10.77	1.34	83.8	1529.0	1180.0	Real Estate			OK	通常掲載可	OK	5238.1	22.72	6.06	83.67	0.0	853.0	122.39	52.29	12.91	1
4263	サスメド	グロース（内国株式）	5250	情報・通信業	10	情報通信・サービスその他	-	-	829.0						配当未取得			3.4	139.8	1231.0	587.0	Healthcare	配当未取得	1株配当が取得できていない	除外推奨	掲載非推奨	OK_配当データ要確認	342.6	-106.54	-35.44	93.35		-240.0	-15.26		-11.25	
4264	セキュア	グロース（内国株式）	5250	情報・通信業	10	情報通信・サービスその他	-	-	1532.0						配当未取得		45.39	2.17	95.1	1989.0	1340.0	Industrials	配当未取得	1株配当が取得できていない	除外推奨	掲載非推奨	OK_配当データ要確認	6840.8	4.77	9.5	55.66	0.35	115.8	33.75		7.04	
4265	Ｉｎｓｔｉｔｕｔｉｏｎ　ｆｏｒ　ａ　Ｇｌｏｂａｌ　Ｓｏｃｉｅｔｙ	グロース（内国株式）	5250	情報・通信業	10	情報通信・サービスその他	-	-	389.0						配当未取得			3.88	18.5	736.0	208.0	Industrials	配当未取得	1株配当が取得できていない	除外推奨	掲載非推奨	OK_配当データ要確認	659.1	-34.47	9.32	73.7	0.22	26.7	-61.29		-51.82	
4270	ＢｅｅＸ	グロース（内国株式）	5250	情報・通信業	10	情報通信・サービスその他	-	-	1862.0	1.34	25.0	1.35	25.0	1.34	配当あり	いいえ	10.2	1.37	41.9	2715.0	1756.0	Technology			OK	通常掲載可	OK	10626.1	5.58	14.81	52.79	0.07	234.8	182.63	13.69	15.94	
4272	日本化薬	プライム（内国株式）	3200	化学	4	素材・化学	4	TOPIX Mid400	1997.5	3.3	66.0	3.31	66.0	3.3	配当あり	いいえ	12.39	1.06	2962.8	2192.5	1296.0	Basic Materials			OK	通常掲載可	OK	222584.0	9.17	10.3	71.59	0.16	-5478.0	161.23	40.94	9.01	1
4274	細谷火工	スタンダード（内国株式）	3200	化学	4	素材・化学	-	-	1060.0	1.23	13.0	1.23	13.0	1.23	配当あり	いいえ	19.9	1.22	42.4	1999.0	987.0	Basic Materials			OK	通常掲載可	OK	2137.1	14.18	4.81	71.98	0.15	257.5	53.27	24.4	6.39	1
4275	カーリット	プライム（内国株式）	3200	化学	4	素材・化学	7	TOPIX Small 2	2180.0	1.93	42.0	1.94	42.0	1.93	配当あり	いいえ	16.7	1.22	480.8	3095.0	1168.0	Basic Materials			OK	通常掲載可	OK	36247.0	9.55	-1.81	68.99	0.12	1660.0	130.55	32.17	7.7	4
4284	ソルクシーズ	スタンダード（内国株式）	5250	情報・通信業	10	情報通信・サービスその他	-	-	425.0	3.29	14.0	3.43	14.0	3.29	配当あり	いいえ	11.26	1.31	85.2	554.0	379.0	Technology			OK	通常掲載可	OK	17359.3	8.05	8.22	52.85	0.32	1488.5	37.74	37.1	11.17	1
4286	ＣＬホールディングス	スタンダード（内国株式）	9050	サービス業	10	情報通信・サービスその他	7	TOPIX Small 2	1115.0	2.78	31.0	2.81	31.0	2.78	配当あり	いいえ	19.18	1.53	119.7	1299.0	761.0	Communication Services			OK	通常掲載可	OK	39002.1	3.6	1.88	31.77	1.17	297.8	58.13	53.33	11.41	1
4287	ジャストプランニング	スタンダード（内国株式）	5250	情報・通信業	10	情報通信・サービスその他	-	-	456.0	2.85	13.0	2.83	13.0	2.85	配当あり	いいえ	10.6	1.39	51.7	597.0	412.0	Technology			OK	通常掲載可	OK	2533.8	23.96	15.02	90.44		665.8	43.01	30.23	13.91	2
4288	アズジェント	スタンダード（内国株式）	5250	情報・通信業	10	情報通信・サービスその他	-	-	421.0						配当未取得		9.56	0.95	16.1	979.0	338.0	Technology	配当未取得	1株配当が取得できていない	除外推奨	掲載非推奨	OK_配当データ要確認	2971.2	-6.92	25.38	21.42	1.19	-299.5	44.02		22.19	0
428A	サイプレス・ホールディングス	スタンダード（内国株式）	6100	小売業	14	小売	-	-	1235.0	0.81	10.0	0.81	10.0	0.81	配当あり	いいえ	33.78	6.17	157.4	1329.0	610.0	Consumer Cyclical			OK	通常掲載可	OK	11288.4	6.78	10.06	20.29	2.95	862.4	36.56	27.35	18.27	
4290	プレステージ・インターナショナル	プライム（内国株式）	9050	サービス業	10	情報通信・サービスその他	6	TOPIX Small 1	635.0	4.41	28.0	4.34	28.0	4.41	配当あり	いいえ	13.56	1.63	792.1	762.0	594.0	Industrials			OK	通常掲載可	OK	70911.3	12.51	11.29	59.14	0.13	4105.5	46.83	59.79	13.14	4
4293	セプテーニ・ホールディングス	スタンダード（内国株式）	9050	サービス業	10	情報通信・サービスその他	-	-	439.0	4.1	18.0	4.04	18.0	4.1	配当あり	いいえ	26.1	1.39	910.7	582.0	379.0	Communication Services			OK	通常掲載可	OK	30308.9	13.98	7.16	69.07		2901.2	16.82	107.02	7.09	0
4299	ハイマックス	スタンダード（内国株式）	5250	情報・通信業	10	情報通信・サービスその他	7	TOPIX Small 2	1180.0	3.9	46.0	3.9	46.0	3.9	配当あり	いいえ	11.61	1.13	123.0	1378.0	1111.0	Technology			OK	通常掲載可	OK	18216.0	8.57	0.83	80.65		1337.0	101.6	45.28	10.06	2
429A	テクセンドフォトマスク	プライム（内国株式）	3800	その他製品	10	情報通信・サービスその他	7	TOPIX Small 2	4745.0	1.48	70.0	1.62	70.0	1.48	配当あり	いいえ	18.48	2.7	4714.1	5290.0	2671.0	Technology			OK	通常掲載可	OK	129576.0	21.25	9.83	75.63	0.01	-4529.0	256.77	27.26	17.15	
4301	アミューズ	プライム（内国株式）	9050	サービス業	10	情報通信・サービスその他	7	TOPIX Small 2	1819.0	3.52	64.0	3.55	64.0	3.52	配当あり	いいえ	10.95	0.81	295.0	2178.0	1599.0	Communication Services			OK	通常掲載可	OK	69655.0	8.79	2.15	57.7	0.01	5720.0	166.15	38.52	8.23	0
4307	野村総合研究所	プライム（内国株式）	5250	情報・通信業	10	情報通信・サービスその他	2	TOPIX Large70	4551.0	1.85	84.0	1.83	84.0	1.85	配当あり	いいえ	170.9	6.02	25511.8	6476.0	3518.0	Technology			OK	通常掲載可	OK	814708.0	7.02	6.52	45.21	0.54	101330.0	26.63	315.43	3.6	6
4308	Ｊストリーム	グロース（内国株式）	5250	情報・通信業	10	情報通信・サービスその他	-	-	353.0	3.97	14.0	3.93	14.0	3.97	配当あり	いいえ	18.09	0.82	87.8	420.0	335.0	Communication Services			OK	通常掲載可	OK	11997.8	6.89	1.67	81.49	0.01	-29.2	19.51	71.76	4.87	0
4310	ドリームインキュベータ	プライム（内国株式）	9050	サービス業	10	情報通信・サービスその他	7	TOPIX Small 2	2550.0	10.75	274.0	10.6	274.0	10.75	配当あり	いいえ	14.05	1.93	222.8	3090.0	2225.0	Financial Services	高利回り要確認	1株配当が株価の10%以上 / 配当利回りが8%以上	要確認	手動確認後に掲載	OK_高利回り要確認	8691.0	20.6	40.56	73.99	0.0	2489.0	181.47	150.99	12.75	2
4316	ビーマップ	グロース（内国株式）	5250	情報・通信業	10	情報通信・サービスその他	-	-	126.0						配当未取得			0.93	4.5	2282.0	116.0	Technology	配当未取得	1株配当が取得できていない	除外推奨	掲載非推奨	OK_配当データ要確認	1494.3	-12.23	-6.55	52.51	0.17	-258.2	-33.0		-29.08	
4317	レイ	スタンダード（内国株式）	9050	サービス業	10	情報通信・サービスその他	-	-	470.0	3.19	15.0	3.22	15.0	3.19	配当あり	いいえ	4.77	0.8	61.8	756.0	445.0	Communication Services			OK	通常掲載可	OK	13419.0	13.09	28.33	71.27	0.07	953.9	98.61	15.21	17.89	0
4318	クイック	プライム（内国株式）	9050	サービス業	10	情報通信・サービスその他	7	TOPIX Small 2	728.0	5.22	38.0	5.29	38.0	5.22	配当あり	いいえ	9.82	2.11	406.7	961.0	695.0	Industrials			OK	通常掲載可	OK	32501.0	13.95	10.22	70.98	0.01	3451.0	74.13	51.26	22.34	0
431A	ユーソナー	グロース（内国株式）	5250	情報・通信業	10	情報通信・サービスその他	-	-	1833.0						配当未取得		16.24	3.26	150.6	3700.0	1651.0	Technology	配当未取得	1株配当が取得できていない	除外推奨	掲載非推奨	OK_配当データ要確認	7191.6	19.34	18.38	58.36	0.08	1538.5	112.88		20.07	
4320	ＣＥホールディングス	スタンダード（内国株式）	5250	情報・通信業	10	情報通信・サービスその他	-	-	1772.0	1.35	24.0	1.36	24.0	1.35	配当あり	いいえ	18.69	3.62	295.5	1859.0	660.0	Healthcare			OK	通常掲載可	OK	15831.1	8.92	8.77	65.16	0.19	392.2	94.83	25.31	21.12	4
4323	日本システム技術	プライム（内国株式）	5250	情報・通信業	10	情報通信・サービスその他	7	TOPIX Small 2	1676.0	2.98	50.0	3.03	50.0	2.98	配当あり	いいえ	15.8	2.47	414.3	2731.0	1487.0	Technology			OK	通常掲載可	OK	32459.3	12.05	10.69	66.21	0.0	2920.7	106.1	47.13	16.64	4
4324	電通グループ	プライム（内国株式）	9050	サービス業	10	情報通信・サービスその他	4	TOPIX Mid400	3042.0						配当未取得			1.89	7896.6	3554.0	2642.0	Communication Services	配当未取得	1株配当が取得できていない	除外推奨	掲載非推奨	OK_配当データ要確認	1435245.0	10.2	1.72	11.69	1.25	34300.0	-1262.03		-46.96	0
4326	インテージホールディングス	プライム（内国株式）	5250	情報・通信業	10	情報通信・サービスその他	7	TOPIX Small 2	1730.0	2.77	48.0	2.78	48.0	2.77	配当あり	いいえ	24.4	1.89	661.0	2044.0	1598.0	Communication Services			OK	通常掲載可	OK	65571.1	6.47	3.62	70.6	0.01	5124.0	70.9	67.7	11.28	0
4331	テイクアンドギヴ・ニーズ	プライム（内国株式）	9050	サービス業	10	情報通信・サービスその他	7	TOPIX Small 2	653.0	6.13	40.0	6.14	40.0	6.13	配当あり	いいえ	3.65	0.54	95.4	972.0	644.0	Consumer Cyclical			OK	通常掲載可	OK	35709.0	4.55	-25.09	33.97	1.33	-973.0	178.83	22.37	14.79	1
4334	ユークス	スタンダード（内国株式）	5250	情報・通信業	10	情報通信・サービスその他	-	-	368.0	2.72	10.0	2.7	10.0	2.72	配当あり	いいえ	17.54	1.2	31.0	474.0	363.0	Communication Services			OK	通常掲載可	OK	4288.9	4.22	31.73	64.96	0.21	121.4	20.98	47.66	7.48	0
4335	ＩＰＳホールディングス	スタンダード（内国株式）	5250	情報・通信業	10	情報通信・サービスその他	-	-	1100.0	3.45	38.0	3.4	38.0	3.45	配当あり	いいえ	8.84	1.41	25.2	1288.0	1100.0	Technology			OK	通常掲載可	OK	3129.2	10.5	10.51	57.33		-79.9	124.43	30.54	16.82	3
4337	ぴあ	プライム（内国株式）	9050	サービス業	10	情報通信・サービスその他	7	TOPIX Small 2	2545.0	1.18	30.0	1.2	30.0	1.18	配当あり	いいえ	11.76	3.63	390.6	3775.0	2323.0	Communication Services			OK	通常掲載可	OK	55330.0	7.8	21.97	9.17	1.47	10476.0	216.35	13.87	36.88	0
4341	西菱電機	スタンダード（内国株式）	9050	サービス業	10	情報通信・サービスその他	-	-	884.0	3.39	30.0	3.42	30.0	3.39	配当あり	いいえ	12.03	0.54	29.9	1040.0	763.0	Communication Services			OK	通常掲載可	OK	20675.0	1.84	7.15	46.01	0.16	442.0	73.49	40.82	4.45	0
4343	イオンファンタジー	プライム（内国株式）	9050	サービス業	10	情報通信・サービスその他	7	TOPIX Small 2	2582.0	0.77	20.0	0.77	20.0	0.77	配当あり	いいえ	18.32	6.51	510.8	4020.0	2274.0	Consumer Cyclical			OK	通常掲載可	OK	93290.0	6.55	6.93	12.22	5.25	-2687.2	140.95	14.19	36.49	0
4344	ソースネクスト	プライム（内国株式）	5250	情報・通信業	10	情報通信・サービスその他	7	TOPIX Small 2	103.0						配当未取得			2.55	142.5	197.0	99.0	Technology	配当未取得	1株配当が取得できていない	除外推奨	掲載非推奨	OK_配当データ要確認	11455.9	-30.38	1.07	45.83	0.68	-3210.1	-21.78			1
4345	シーティーエス	プライム（内国株式）	9050	サービス業	10	情報通信・サービスその他	7	TOPIX Small 2	833.0	3.6	30.0	3.6	30.0	3.6	配当あり	いいえ	12.8	2.19	343.3	1112.0	798.0	Industrials			OK	通常掲載可	OK	12747.0	26.43	7.83	76.22	0.12	2907.0	65.06	46.11	18.8	2
4346	ＮＥＸＹＺ．Ｇｒｏｕｐ	スタンダード（内国株式）	7200	その他金融業	16	金融（除く銀行）	-	-	764.0	2.62	20.0	2.66	20.0	2.62	配当あり	いいえ	6.35	2.7	99.4	1171.0	660.0	Industrials			OK	通常掲載可	OK	28433.0	6.4	16.07	17.75	1.61	1617.0	120.4	16.61	39.42	1
4347	ブロードメディア	スタンダード（内国株式）	9050	サービス業	10	情報通信・サービスその他	-	-	1748.0	3.72	65.0	3.65	65.0	3.72	配当あり	いいえ	15.93	2.46	124.6	2489.0	1552.0	Communication Services			OK	通常掲載可	OK	15794.5	6.73	1.68	51.86	0.19	493.1	109.71	59.25	15.11	3
4350	メディカルシステムネットワーク	スタンダード（内国株式）	6100	小売業	14	小売	7	TOPIX Small 2	466.0	2.58	12.0	2.54	12.0	2.58	配当あり	いいえ	12.71	0.79	136.2	558.0	433.0	Healthcare			OK	通常掲載可	OK	132186.0	2.51	8.01	21.58	2.18	-6303.0	36.66	32.73	6.59	0
4351	山田再生系債権回収総合事務所	スタンダード（内国株式）	7200	その他金融業	16	金融（除く銀行）	-	-	875.0	1.14	10.0	1.15	10.0	1.14	配当あり	いいえ	52.36	1.16	37.3	1500.0	820.0	Industrials			OK	通常掲載可	OK	2280.6	3.25	-0.42	58.13	0.38	1406.9	16.71	59.84	2.52	0
4356	応用技術	スタンダード（内国株式）	5250	情報・通信業	10	情報通信・サービスその他	-	-	1536.0	2.6	40.0	2.6	40.0	2.6	配当あり	いいえ	9.58	8.32	87.7	2106.0	1500.0	Technology			OK	通常掲載可	OK	7454.1	16.1	-4.9	75.96		1323.7	160.26	24.96	6.5	1
4360	マナック・ケミカル・パートナーズ	スタンダード（内国株式）	3200	化学	4	素材・化学	-	-	824.0	1.82	15.0	1.85	15.0	1.82	配当あり	いいえ	8.59	0.6	67.4	1181.0	492.0	Basic Materials			OK	通常掲載可	OK	10993.0	6.72	18.15	73.82	0.08	523.0	95.95	15.63	7.23	0
4361	川口化学工業	スタンダード（内国株式）	3200	化学	4	素材・化学	-	-	1477.0	4.06	60.0	4.07	60.0	4.06	配当あり	いいえ	6.03	0.57	18.0	1910.0	1316.0	Basic Materials			OK	通常掲載可	OK	8814.5	4.84	-1.19	35.33	1.13	91.4	245.11	24.48	10.3	0
4362	日本精化	プライム（内国株式）	3200	化学	4	素材・化学	7	TOPIX Small 2	2536.0	4.1	104.0	4.08	104.0	4.1	配当あり	いいえ	12.52	1.07	549.9	3115.0	2326.0	Basic Materials			OK	通常掲載可	OK	33796.4	15.81	-5.24	78.54	0.0	3826.0	202.49	51.36	8.88	8
4365	松本油脂製薬	スタンダード（内国株式）	3200	化学	4	素材・化学	-	-	20850.0	4.32	900.0	4.38	900.0	4.32	配当あり	いいえ	7.52	0.68	604.9	21500.0	19700.0	Basic Materials			OK	通常掲載可	OK	41069.0	19.87	-4.78	84.25		6277.0	2771.55	32.47	9.39	0
4366	ダイトーケミックス	スタンダード（内国株式）	3200	化学	4	素材・化学	-	-	497.0	1.81	9.0	1.84	9.0	1.81	配当あり	いいえ	20.24	0.98	160.1	620.0	230.0	Basic Materials			OK	通常掲載可	OK	19476.0	4.48	4.46	56.8	0.42	1718.0	24.55	36.66	5.07	1
4367	広栄化学	スタンダード（内国株式）	3200	化学	4	素材・化学	-	-	2560.0	3.12	80.0	3.22	80.0	3.12	配当あり	いいえ		1.0	125.2	3030.0	2080.0	Basic Materials			OK	通常掲載可	OK	17009.2	2.14	-15.03	53.87	0.43	543.8	-1050.01		0.56	0
4368	扶桑化学工業	プライム（内国株式）	3200	化学	4	素材・化学	6	TOPIX Small 1	4605.0	0.61	28.0	0.62	28.0	0.61	配当あり	いいえ	34.0	4.16	4871.9	4995.0	1271.67	Basic Materials			OK	通常掲載可	OK	76926.0	24.5	10.68	76.99	0.14	14683.6	135.45	20.67	12.94	5
4369	トリケミカル研究所	プライム（内国株式）	3200	化学	4	素材・化学	6	TOPIX Small 1	3595.0	0.97	35.0	1.0	35.0	0.97	配当あり	いいえ	21.18	3.18	1168.3	4455.0	2455.0	Basic Materials			OK	通常掲載可	OK	23883.2	24.71	26.33	76.47	0.11	-2539.7	169.72	20.62	18.11	1
436A	サイバーソリューションズ	グロース（内国株式）	5250	情報・通信業	10	情報通信・サービスその他	-	-	985.0	3.86	38.0	3.94	38.0	3.86	配当あり	いいえ	14.81	9.9	155.5	1990.0	920.0	Technology			OK	通常掲載可	OK	3126.2	39.02	13.75	44.51	0.27	1030.3	66.52	57.13	66.85	
4370	モビルス	グロース（内国株式）	5250	情報・通信業	10	情報通信・サービスその他	-	-	304.0						配当未取得		38.38	1.36	18.4	631.0	271.0	Technology	配当未取得	1株配当が取得できていない	除外推奨	掲載非推奨	OK_配当データ要確認	1854.7	4.89	20.9	61.6	0.22	-235.8	7.92		5.57	
4371	コアコンセプト・テクノロジー	グロース（内国株式）	5250	情報・通信業	10	情報通信・サービスその他	-	-	1359.0	1.55	21.0	1.52	21.0	1.55	配当あり	いいえ	15.69	4.78	217.0	1482.0	893.0	Technology			OK	通常掲載可	OK	20878.5	10.55	8.93	59.08	0.05	1703.8	86.6	24.25	26.78	
4372	ユミルリンク	グロース（内国株式）	5250	情報・通信業	10	情報通信・サービスその他	-	-	1185.0	1.69	20.0	1.72	20.0	1.69	配当あり	いいえ	12.52	1.5	45.4	1663.0	1068.0	Technology			OK	通常掲載可	OK	3054.6	21.97	14.43	83.9	0.0	310.4	94.66	21.13	13.01	0
4373	シンプレクス・ホールディングス	プライム（内国株式）	5250	情報・通信業	10	情報通信・サービスその他	6	TOPIX Small 1	945.0	2.54	24.0	2.56	24.0	2.54	配当あり	いいえ	20.93	4.11	2115.4	1225.0	758.0	Technology			OK	通常掲載可	OK	58682.0	24.57	23.82	58.35	0.44	10295.0	45.16	53.14	21.02	3
4374	ＲＯＢＯＴ　ＰＡＹＭＥＮＴ	グロース（内国株式）	5250	情報・通信業	10	情報通信・サービスその他	-	-	2299.0	1.35	31.0	1.34	31.0	1.35	配当あり	いいえ	16.45	6.24	86.1	3540.0	2078.0	Technology			OK	通常掲載可	OK	3256.4	23.78	17.9	15.19	0.0	3778.5	139.72	22.19	53.41	1
4375	セーフィー	グロース（内国株式）	5250	情報・通信業	10	情報通信・サービスその他	-	-	652.0						配当未取得		83.8	3.92	363.1	1192.0	590.0	Technology	配当未取得	1株配当が取得できていない	除外推奨	掲載非推奨	OK_配当データ要確認	19029.0	-0.43	26.44	75.31	0.0	60.6	7.78		7.25	
4376	くふうカンパニーホールディングス	グロース（内国株式）	5250	情報・通信業	10	情報通信・サービスその他	-	-	155.0						配当未取得			1.13	93.5	216.0	148.0	Industrials	配当未取得	1株配当が取得できていない	除外推奨	掲載非推奨	OK_配当データ要確認	14110.0	3.71	-9.23	48.56	0.42	157.0	-28.83		-14.12	
4377	ワンキャリア	グロース（内国株式）	5250	情報・通信業	10	情報通信・サービスその他	-	-	1974.0	1.72	34.0	1.74	34.0	1.72	配当あり	いいえ	24.36	6.55	362.5	2948.0	1667.0	Industrials			OK	通常掲載可	OK	7576.8	28.09	40.28	69.18	0.02	2037.7	81.05	41.95	31.38	1
4378	ＣＩＮＣ	グロース（内国株式）	5250	情報・通信業	10	情報通信・サービスその他	-	-	536.0						配当未取得			1.44	15.8	1610.0	435.0	Technology	配当未取得	1株配当が取得できていない	除外推奨	掲載非推奨	OK_配当データ要確認	1824.9	-6.18	-8.08	76.5	0.02	-175.9	-18.22			
4379	Ｐｈｏｔｏｓｙｎｔｈ	グロース（内国株式）	5250	情報・通信業	10	情報通信・サービスその他	-	-	390.0						配当未取得		20.76	2.4	60.3	538.0	325.0	Technology	配当未取得	1株配当が取得できていない	除外推奨	掲載非推奨	OK_配当データ要確認	3384.8	6.83	14.29	61.97	0.03	305.2	18.79		9.18	
4380	Ｍマート	グロース（内国株式）	5250	情報・通信業	10	情報通信・サービスその他	-	-	1110.0	4.68	52.0	4.68	52.0	4.68	配当あり	いいえ	12.82	2.54	54.3	1460.0	1025.0	Consumer Defensive			OK	通常掲載可	OK	1363.7	46.38	5.34	68.9		448.1	86.55	60.08	21.43	3
4381	ビープラッツ	グロース（内国株式）	5250	情報・通信業	10	情報通信・サービスその他	-	-	173.0						配当未取得			-1.12	5.0	630.0	170.0	Technology	配当未取得	1株配当が取得できていない	除外推奨	掲載非推奨	OK_配当データ要確認	727.2	-17.38	2.96	-109.11		30.6	-361.82			
4382	ＨＥＲＯＺ	スタンダード（内国株式）	5250	情報・通信業	10	情報通信・サービスその他	7	TOPIX Small 2	718.0						配当未取得		31.64	2.16	109.2	1256.0	693.0	Technology	配当未取得	1株配当が取得できていない	除外推奨	掲載非推奨	OK_配当データ要確認	5929.8	5.17	22.47	56.92	0.44	-200.2	22.69		11.22	
4385	メルカリ	プライム（内国株式）	5250	情報・通信業	10	情報通信・サービスその他	4	TOPIX Mid400	3929.0						配当未取得		22.6	5.4	6484.6	4330.0	2069.0	Consumer Cyclical	配当未取得	1株配当が取得できていない	除外推奨	掲載非推奨	OK_配当データ要確認	192633.0	14.45	2.79	18.26	2.01	-43492.0	173.83		32.97	
4386	ＳＩＧグループ	スタンダード（内国株式）	5250	情報・通信業	10	情報通信・サービスその他	-	-	813.0	4.18	34.0	4.16	34.0	4.18	配当あり	いいえ	9.68	1.66	46.6	1086.0	730.0	Technology			OK	通常掲載可	OK	10877.3	6.91	24.04	46.63	0.51	625.5	83.99	40.48	18.32	2
4387	ＺＵＵ	グロース（内国株式）	5250	情報・通信業	10	情報通信・サービスその他	-	-	465.0						配当未取得			2.04	22.1	786.0	450.0	Technology	配当未取得	1株配当が取得できていない	除外推奨	掲載非推奨	OK_配当データ要確認	2622.1	-13.16	-12.41	6.22	0.8	-213.6	-83.84		-1.55	
4388	エーアイ	スタンダード（内国株式）	5250	情報・通信業	10	情報通信・サービスその他	-	-	366.0	1.09	4.0	1.1	4.0	1.09	配当あり	いいえ	20.61	1.01	22.3	566.0	351.0	Technology			OK	通常掲載可	OK	1850.1	5.44	24.5	87.04	0.04	50.0	17.76	22.52	4.68	0
4389	プロパティデータバンク	グロース（内国株式）	5250	情報・通信業	10	情報通信・サービスその他	-	-	981.0	3.26	32.0	3.52	32.0	3.26	配当あり	いいえ	16.13	3.07	101.5	1070.0	744.0	Technology			OK	通常掲載可	OK	3721.2	29.89	12.08	71.42	0.15	435.5	60.81	52.62	20.01	1
438A	インフキュリオン	グロース（内国株式）	5250	情報・通信業	10	情報通信・サービスその他	-	-	768.0						配当未取得		33.68	2.85	159.2	1695.0	674.0	Technology	配当未取得	1株配当が取得できていない	除外推奨	掲載非推奨	OK_配当データ要確認	9505.7	4.63	32.49	51.84	0.56	-697.2	22.8		11.13	
4390	ＩＰＳ	プライム（内国株式）	5250	情報・通信業	10	情報通信・サービスその他	7	TOPIX Small 2	3405.0	1.17	40.0	1.19	40.0	1.17	配当あり	いいえ	10.79	2.33	445.6	4300.0	2201.0	Communication Services			OK	通常掲載可	OK	16999.0	31.59	11.37	37.51	0.66	-2492.0	315.43	12.68	21.75	2
4391	ロジザード	グロース（内国株式）	5250	情報・通信業	10	情報通信・サービスその他	-	-	1075.0	1.67	18.0	1.63	18.0	1.67	配当あり	いいえ	16.6	2.11	35.1	1633.0	1010.0	Technology			OK	通常掲載可	OK	2177.0	18.74	10.09	84.48		219.7	64.75	27.8	16.02	2
4392	ＦＩＧ	プライム（内国株式）	5250	情報・通信業	10	情報通信・サービスその他	-	-	1100.0	0.91	10.0	0.89	10.0	0.91	配当あり	いいえ	43.22	5.44	334.1	3075.0	275.0	Technology			OK	通常掲載可	OK	13318.0	6.26	10.84	56.62	0.43	-136.0	25.45	39.29	12.59	1
4393	バンク・オブ・イノベーション	グロース（内国株式）	5250	情報・通信業	10	情報通信・サービスその他	-	-	4890.0						配当未取得		11.41	13.47	194.3	14450.0	4225.0	Communication Services	配当未取得	1株配当が取得できていない	除外推奨	掲載非推奨	OK_配当データ要確認	12366.0	17.42	-9.17	73.21	0.0	2832.0	428.46		19.99	
4394	エクスモーション	グロース（内国株式）	5250	情報・通信業	10	情報通信・サービスその他	-	-	430.0	4.65	20.0	4.71	20.0	4.65	配当あり	いいえ	20.4	1.58	26.0	460.0	366.5	Technology			OK	通常掲載可	OK	1386.8	13.7	7.94	89.88		207.2	21.08	94.88	8.85	4
4395	アクリート	グロース（内国株式）	5250	情報・通信業	10	情報通信・サービスその他	-	-	767.0	1.3	10.0	1.17	10.0	1.3	配当あり	いいえ	16.69	1.63	57.5	1665.0	645.0	Communication Services			OK	通常掲載可	OK	8791.2	6.02	38.49	48.67	0.41	-749.1	45.95	21.76	8.59	0
4396	システムサポートホールディングス	プライム（内国株式）	5250	情報・通信業	10	情報通信・サービスその他	7	TOPIX Small 2	976.0	3.18	31.0	3.19	31.0	3.18	配当あり	いいえ	12.07	2.95	201.1	1737.5	936.0	Technology			OK	通常掲載可	OK	26938.1	8.24	22.28	44.11	0.33	2073.1	80.87	38.33	27.27	3
4397	チームスピリット	グロース（内国株式）	5250	情報・通信業	10	情報通信・サービスその他	-	-	353.0						配当未取得		14.05	12.36	53.8	665.0	350.0	Technology	配当未取得	1株配当が取得できていない	除外推奨	掲載非推奨	OK_配当データ要確認	4922.7	5.48	11.32	36.31		442.5	25.13		87.97	
4398	ブロードバンドセキュリティ	スタンダード（内国株式）	5250	情報・通信業	10	情報通信・サービスその他	-	-	1225.0	1.31	16.0	1.29	16.0	1.31	配当あり	いいえ	28.84	2.28	54.1	1610.0	1200.0	Technology			OK	通常掲載可	OK	6104.0	4.23	-5.47	55.5	0.18	102.1	42.48	37.66	11.64	1
4401	ＡＤＥＫＡ	プライム（内国株式）	3200	化学	4	素材・化学	4	TOPIX Mid400	4197.0	2.86	120.0	2.86	120.0	2.86	配当あり	いいえ	15.11	1.31	4070.1	5104.0	2700.0	Basic Materials			OK	通常掲載可	OK	416563.0	9.99	2.31	55.97	0.2	18243.0	277.78	43.2	8.77	2
4403	日油	プライム（内国株式）	3200	化学	4	素材・化学	4	TOPIX Mid400	2659.0	2.63	70.0	2.65	70.0	2.63	配当あり	いいえ	15.08	2.04	6003.1	3400.0	2512.5	Basic Materials			OK	通常掲載可	OK	257967.0	18.38	8.25	73.99	0.02	21474.0	176.29	39.71	14.12	5
4404	ミヨシ油脂	スタンダード（内国株式）	3050	食料品	1	食品	-	-	1806.0	3.88	70.0	3.83	70.0	3.88	配当あり	いいえ	1.92	0.44	184.2	2670.0	1747.0	Consumer Defensive			OK	通常掲載可	OK	59474.0	3.3	4.28	50.65	0.35	-3155.0	943.07	7.42	26.84	3
4406	新日本理化	スタンダード（内国株式）	3200	化学	4	素材・化学	-	-	202.0	2.23	4.5	2.24	4.5	2.23	配当あり	いいえ	12.59	0.38	75.3	299.0	188.0	Basic Materials			OK	通常掲載可	OK	32105.0	1.79	-1.83	48.93	0.37	1236.0	16.04	28.05	3.23	0
4409	東邦化学工業	スタンダード（内国株式）	3200	化学	4	素材・化学	-	-	735.0	5.99	44.0	6.01	44.0	5.99	配当あり	いいえ	10.12	0.64	154.6	835.0	715.0	Basic Materials			OK	通常掲載可	OK	53625.0	3.89	0.02	33.93	1.19	-128.0	72.61	60.6	6.75	2
4410	ハリマ化成グループ	プライム（内国株式）	3200	化学	4	素材・化学	7	TOPIX Small 2	1052.0	3.99	42.0	4.07	42.0	3.99	配当あり	いいえ	10.89	0.63	255.7	1208.0	785.0	Basic Materials			OK	通常掲載可	OK	103763.0	3.17	2.73	39.65	0.99	4229.0	96.59	43.48	5.89	0
4412	サイエンスアーツ	グロース（内国株式）	5250	情報・通信業	10	情報通信・サービスその他	-	-	1100.0	0.09	1.0	0.09	1.0	0.09	配当あり	いいえ	48.03	5.94	89.2	2655.0	1010.0	Technology			OK	通常掲載可	OK	1654.6	6.48	39.66	67.09	0.05	271.8	22.9	4.37	13.26	
4413	ボードルア	プライム（内国株式）	5250	情報・通信業	10	情報通信・サービスその他	7	TOPIX Small 2	2658.0	0.38	10.1	0.38	10.1	0.38	配当あり	いいえ	33.84	10.74	829.2	3430.0	1693.0	Technology			OK	通常掲載可	OK	17423.3	19.46	49.56	55.04	0.33	2848.4	78.55	12.86	39.99	
4414	フレクト	グロース（内国株式）	5250	情報・通信業	10	情報通信・サービスその他	-	-	1137.0						配当未取得		8.96	2.93	61.3	2219.0	950.0	Technology	配当未取得	1株配当が取得できていない	除外推奨	掲載非推奨	OK_配当データ要確認	8251.7	15.08	3.81	60.48	0.2	221.5	126.87		27.6	
4415	ブロードエンタープライズ	グロース（内国株式）	5250	情報・通信業	10	情報通信・サービスその他	-	-	1249.0	3.39	42.32	3.44	42.32	3.39	配当あり	いいえ	18.47	4.14	76.7	1570.0	677.0	Communication Services			OK	通常掲載可	OK	7413.6	13.19	57.83	15.11	3.75	-2631.6	67.64	62.57	34.47	
4416	Ｔｒｕｅ　Ｄａｔａ	グロース（内国株式）	5250	情報・通信業	10	情報通信・サービスその他	-	-	446.0						配当未取得		26.84	1.86	21.6	984.0	364.0	Technology	配当未取得	1株配当が取得できていない	除外推奨	掲載非推奨	OK_配当データ要確認	1870.5	5.43	20.34	75.87	0.0	157.3	16.62		7.13	
4417	グローバルセキュリティエキスパート	グロース（内国株式）	5250	情報・通信業	10	情報通信・サービスその他	-	-	3810.0	1.29	49.12	1.28	49.12	1.29	配当あり	いいえ	38.5	13.03	571.7	4575.0	2200.0	Technology			OK	通常掲載可	OK	11022.1	20.31	25.23	44.19	0.37	1085.0	98.95	49.64	39.74	3
4418	ＪＤＳＣ	グロース（内国株式）	5250	情報・通信業	10	情報通信・サービスその他	-	-	678.0						配当未取得		20.75	1.74	107.0	1946.0	596.0	Technology	配当未取得	1株配当が取得できていない	除外推奨	掲載非推奨	OK_配当データ要確認	16457.9	0.31	748.49	43.27	0.5	-730.6	32.67		8.28	
4419	Ｆｉｎａｔｅｘｔホールディングス	グロース（内国株式）	5250	情報・通信業	10	情報通信・サービスその他	-	-	1363.0						配当未取得		46.84	6.52	707.4	1492.0	754.0	Technology	配当未取得	1株配当が取得できていない	除外推奨	掲載非推奨	OK_配当データ要確認	11052.5	17.2	43.5	46.61	0.16	-584.1	29.1		15.96	
441A	ＮＥ	グロース（内国株式）	5250	情報・通信業	10	情報通信・サービスその他	7	TOPIX Small 2	234.0						配当未取得		7.66	0.84	77.2	420.5	206.0	Technology	配当未取得	1株配当が取得できていない	除外推奨	掲載非推奨	OK_配当データ要確認							30.56		24.84	
4420	イーソル	スタンダード（内国株式）	5250	情報・通信業	10	情報通信・サービスその他	7	TOPIX Small 2	859.0	0.64	5.5	0.7	5.5	0.64	配当あり	いいえ	27.53	2.8	169.2	1004.0	465.0	Technology			OK	通常掲載可	OK	12129.8	6.72	1.86	72.09	0.02	181.0	31.2	17.63	13.1	0
4421	ディ・アイ・システム	スタンダード（内国株式）	5250	情報・通信業	10	情報通信・サービスその他	-	-	960.0	2.92	28.0	2.89	28.0	2.92	配当あり	いいえ	10.92	1.69	27.9	1104.0	881.0	Technology			OK	通常掲載可	OK	7223.0	4.94	5.74	52.63	0.0	112.5	87.88	31.86	13.38	4
4422	ＶＡＬＵＥＮＥＸ	グロース（内国株式）	5250	情報・通信業	10	情報通信・サービスその他	-	-	554.0						配当未取得		44.64	5.65	47.4	1630.0	155.33	Industrials	配当未取得	1株配当が取得できていない	除外推奨	掲載非推奨	OK_配当データ要確認	690.9	-10.62	-12.15	77.79	0.0	-116.0	12.41		18.61	
4424	Ａｍａｚｉａ	グロース（内国株式）	5250	情報・通信業	10	情報通信・サービスその他	-	-	235.0						配当未取得			1.89	15.5	705.0	196.0	Technology	配当未取得	1株配当が取得できていない	除外推奨	掲載非推奨	OK_配当データ要確認	2843.2	-13.05	-20.74	62.06		-452.7	-35.32			
4425	Ｋｕｄａｎ	グロース（内国株式）	5250	情報・通信業	10	情報通信・サービスその他	-	-	1901.0						配当未取得			8.13	214.8	3140.0	930.0	Technology	配当未取得	1株配当が取得できていない	除外推奨	掲載非推奨	OK_配当データ要確認	1197.0	-48.95	131.28	88.73	0.08	-644.8	-16.63		-6.52	
4427	ＥｄｕＬａｂ	グロース（内国株式）	5250	情報・通信業	10	情報通信・サービスその他	-	-	170.0						配当未取得			1.28	17.4	419.0	165.0	Technology	配当未取得	1株配当が取得できていない	除外推奨	掲載非推奨	OK_配当データ要確認	6229.7	6.29	-12.77	37.55	0.38	-150.1	-19.42		-5.69	1
4428	シノプス	グロース（内国株式）	5250	情報・通信業	10	情報通信・サービスその他	-	-	627.0	2.71	17.0	2.72	17.0	2.71	配当あり	いいえ	18.01	2.09	39.0	1024.0	611.0	Technology			OK	通常掲載可	OK	2040.7	15.15	14.87	77.86	0.0	285.9	34.81	48.84	11.89	2
4429	リックソフト	グロース（内国株式）	5250	情報・通信業	10	情報通信・サービスその他	-	-	705.0						配当未取得		12.01	0.96	31.7	1230.0	702.0	Technology	配当未取得	1株配当が取得できていない	除外推奨	掲載非推奨	OK_配当データ要確認	10892.6	3.46	20.44	34.43		679.3	58.68		8.29	
442A	クラシコ	グロース（内国株式）	3100	繊維製品	4	素材・化学	-	-	1020.0						配当未取得			1.3	21.1	4050.0	995.0	Consumer Cyclical	配当未取得	1株配当が取得できていない	除外推奨	掲載非推奨	OK_配当データ要確認	3631.9	4.54		58.76	0.34	-151.5	-28.31			
4430	東海ソフト	スタンダード（内国株式）	5250	情報・通信業	10	情報通信・サービスその他	-	-	1630.0	3.68	60.0	3.73	60.0	3.68	配当あり	いいえ	8.61	1.19	78.2	2034.0	1502.0	Technology			OK	通常掲載可	OK	10680.1	10.49	22.22	53.9	0.41	744.0	189.3	31.7	13.82	4
4431	スマレジ	グロース（内国株式）	5250	情報・通信業	10	情報通信・サービスその他	-	-	2758.0	1.05	29.0	1.07	29.0	1.05	配当あり	いいえ	23.86	5.53	531.2	3630.0	1969.0	Technology			OK	通常掲載可	OK	11066.1	21.47	31.97	71.85	0.01	1790.0	115.6	25.09	25.79	
4432	ウイングアーク１ｓｔ	プライム（内国株式）	5250	情報・通信業	10	情報通信・サービスその他	6	TOPIX Small 1	2356.0	4.58	108.0	4.61	108.0	4.58	配当あり	いいえ	12.63	1.74	817.3	4130.0	2216.0	Technology			OK	通常掲載可	OK	30945.6	29.05	7.79	63.95	0.15	6630.5	186.58	57.88	14.58	4
4433	ヒト・コミュニケーションズ・ホールディングス	プライム（内国株式）	9050	サービス業	10	情報通信・サービスその他	7	TOPIX Small 2	857.0	4.38	37.5	4.38	37.5	4.38	配当あり	いいえ	32.61	1.52	152.9	1188.0	813.0	Industrials			OK	通常掲載可	OK	63596.0	3.92	8.62	42.56	0.47	1023.0	26.28	142.69	16.95	14
4434	サーバーワークス	スタンダード（内国株式）	5250	情報・通信業	10	情報通信・サービスその他	7	TOPIX Small 2	1920.0	1.56	30.0	1.55	30.0	1.56	配当あり	いいえ		1.46	142.3	2376.0	1745.0	Technology			OK	通常掲載可	OK	40006.5	1.56	12.01	48.05	0.07	605.3	-78.37		-5.66	
4436	ミンカブ・ジ・インフォノイド	グロース（内国株式）	5250	情報・通信業	10	情報通信・サービスその他	-	-	422.0						配当未取得		8.66	4.49	64.9	575.0	402.0	Communication Services	配当未取得	1株配当が取得できていない	除外推奨	掲載非推奨	OK_配当データ要確認	8780.6	6.26	-16.76	14.45	5.2	439.3	48.75		84.06	0
4437	ｇｏｏｄｄａｙｓホールディングス	グロース（内国株式）	5250	情報・通信業	10	情報通信・サービスその他	-	-	815.0	1.23	10.0	1.23	10.0	1.23	配当あり	いいえ	10.08	1.54	61.7	1334.0	585.0	Real Estate			OK	通常掲載可	OK	11505.4	8.11	30.66	41.47	0.64	-1731.2	80.85	12.37	18.25	2
4438	Ｗｅｌｂｙ	グロース（内国株式）	5250	情報・通信業	10	情報通信・サービスその他	-	-	242.0						配当未取得			11.2	20.4	558.0	240.0	Healthcare	配当未取得	1株配当が取得できていない	除外推奨	掲載非推奨	OK_配当データ要確認	635.7	-71.23	20.39	25.83	2.22	-430.7	-65.21		-118.74	
4439	東名	スタンダード（内国株式）	5250	情報・通信業	10	情報通信・サービスその他	-	-	744.0	1.88	14.0	1.92	14.0	1.88	配当あり	いいえ	9.67	2.1	221.3	1170.0	678.0	Industrials			OK	通常掲載可	OK	29070.4	11.33	21.54	59.08	0.16	2386.1	76.94	18.2	24.11	5
4440	ヴィッツ	スタンダード（内国株式）	5250	情報・通信業	10	情報通信・サービスその他	-	-	1113.0	1.62	18.0	1.59	18.0	1.62	配当あり	いいえ	9.89	1.47	44.5	1720.0	999.0	Technology			OK	通常掲載可	OK	4856.6	37.19	39.66	69.38	0.0	489.5	112.49	16.0	16.06	2
4441	トビラシステムズ	スタンダード（内国株式）	5250	情報・通信業	10	情報通信・サービスその他	-	-	1407.0	1.42	20.0	1.39	20.0	1.42	配当あり	いいえ	23.61	5.02	145.1	1505.0	905.0	Technology			OK	通常掲載可	OK	2805.4	32.04	16.6	48.23	0.06	1617.7	59.59	33.56	23.29	3
4442	バルテス・ホールディングス	グロース（内国株式）	5250	情報・通信業	10	情報通信・サービスその他	-	-	387.0	1.03	4.0	1.04	4.0	1.03	配当あり	いいえ	13.39	2.11	76.6	490.0	366.0	Technology			OK	通常掲載可	OK	11940.0	7.74	10.61	53.94	0.42	795.3	28.91	13.84	16.64	0
4443	Ｓａｎｓａｎ	プライム（内国株式）	5250	情報・通信業	10	情報通信・サービスその他	6	TOPIX Small 1	1572.0	0.32	5.0	0.32	5.0	0.32	配当あり	いいえ	97.34	10.49	1990.8	2091.0	994.0	Technology			OK	通常掲載可	OK	43202.0	6.48	27.52	33.17	0.22	6950.0	16.15	30.96	15.7	
4444	インフォネット	グロース（内国株式）	5250	情報・通信業	10	情報通信・サービスその他	-	-	896.0						配当未取得			1.67	18.1	1170.0	779.0	Technology	配当未取得	1株配当が取得できていない	除外推奨	掲載非推奨	OK_配当データ要確認	2010.6	8.4	13.74	55.25	0.44	-16.6	-12.77			
4445	リビン・テクノロジーズ	グロース（内国株式）	5250	情報・通信業	10	情報通信・サービスその他	-	-	1504.0						配当未取得		13.46	1.26	36.0	2025.0	1435.0	Real Estate	配当未取得	1株配当が取得できていない	除外推奨	掲載非推奨	OK_配当データ要確認	3592.8	14.02	0.63	51.56	0.58	442.8	111.75		17.3	
4446	Ｌｉｎｋ－Ｕグループ	プライム（内国株式）	5250	情報・通信業	10	情報通信・サービスその他	-	-	840.0						配当未取得			4.4	119.1	1814.0	330.0	Technology	配当未取得	1株配当が取得できていない	除外推奨	掲載非推奨	OK_配当データ要確認	1880.6	12.06	-39.92	51.36	0.38	-96.4	-13.33			
4447	ピー・ビーシステムズ	グロース（内国株式）	5250	情報・通信業	10	情報通信・サービスその他	-	-	434.0	4.61	20.0	4.66	20.0	4.61	配当あり	いいえ	27.57	2.35	25.3	650.0	420.0	Technology			OK	通常掲載可	OK	2634.6	4.74	-15.23	63.35	0.0	175.9	15.74	127.06	8.09	1
4448	ｋｕｂｅｌｌ	グロース（内国株式）	5250	情報・通信業	10	情報通信・サービスその他	-	-	290.0						配当未取得		57.54	5.65	121.9	547.0	247.0	Technology	配当未取得	1株配当が取得できていない	除外推奨	掲載非推奨	OK_配当データ要確認	9529.2	5.09	12.5	29.93	0.47	458.1	5.04		23.63	
4449	ギフティ	プライム（内国株式）	5250	情報・通信業	10	情報通信・サービスその他	7	TOPIX Small 2	995.0	1.61	16.0	1.61	16.0	1.61	配当あり	いいえ	32.78	3.21	296.3	1632.0	942.0	Consumer Cyclical			OK	通常掲載可	OK	14149.0	18.4	48.1	20.46	1.73	10660.0	30.35	52.72	8.25	1
4450	パワーソリューションズ	グロース（内国株式）	5250	情報・通信業	10	情報通信・サービスその他	-	-	1940.0	1.34	26.0	1.35	26.0	1.34	配当あり	いいえ	15.76	1.67	60.8	2630.0	1353.0	Technology			OK	通常掲載可	OK	8100.0	8.8	20.03	54.59	0.17	1065.9	123.07	21.13	10.95	1
4452	花王	プライム（内国株式）	3200	化学	4	素材・化学	2	TOPIX Large70	3183.0	3.68	117.0	3.63	117.0	3.68	配当あり	いいえ	16.46	2.68	28794.7	3503.5	2880.0	Consumer Defensive			OK	通常掲載可	OK	1688633.0	9.72	3.7	56.75	0.23	134109.0	193.38	60.5	11.93	12
4461	第一工業製薬	プライム（内国株式）	3200	化学	4	素材・化学	7	TOPIX Small 2	12900.0	1.16	150.0	1.22	150.0	1.16	配当あり	いいえ	21.27	2.63	1368.8	13540.0	3785.0	Basic Materials			OK	通常掲載可	OK	82886.0	12.2	13.15	45.25	0.56	6340.0	606.63	24.73	14.21	2
4462	石原ケミカル	プライム（内国株式）	3200	化学	4	素材・化学	7	TOPIX Small 2	3430.0	1.4	48.0	1.44	48.0	1.4	配当あり	いいえ	15.78	1.9	468.7	3875.0	1865.0	Basic Materials			OK	通常掲載可	OK	23450.3	16.38	-0.76	82.4	0.0	2605.6	217.43	22.08	12.74	5
4463	日華化学	スタンダード（内国株式）	3200	化学	4	素材・化学	-	-	1653.0	4.23	70.0	4.23	70.0	4.23	配当あり	いいえ	11.0	0.74	263.2	1921.0	1236.0	Basic Materials			OK	通常掲載可	OK	55705.0	6.91	2.97	47.54	0.53	-6365.0	150.27	46.58	9.07	5
4464	ソフト９９コーポレーション	スタンダード（内国株式）	3200	化学	4	素材・化学	-	-	3600.0	1.89	68.0	1.89	68.0	1.89	配当あり	いいえ	26.14	1.32	777.4	4190.0	1568.0	Basic Materials			OK	通常掲載可	OK	31232.8	13.58	5.01	87.82	0.0	1819.1	137.71	49.38	5.13	7
4465	ニイタカ	スタンダード（内国株式）	3200	化学	4	素材・化学	-	-	2127.0	3.57	76.0	3.52	76.0	3.57	配当あり	いいえ	5.95	0.79	126.1	2700.0	2010.0	Consumer Defensive			OK	通常掲載可	OK	23714.9	8.12	4.29	65.34	0.13	534.9	357.21	21.28	10.57	5
446A	ノースサンド	グロース（内国株式）	9050	サービス業	10	情報通信・サービスその他	-	-	1253.0	2.63	33.0	2.62	33.0	2.63	配当あり	いいえ	19.11	76.09	864.6	1900.0	976.0	Industrials			OK	通常掲載可	OK	26185.0	21.19		75.27	0.04	4253.0	65.57	50.33	398.17	
4471	三洋化成工業	プライム（内国株式）	3200	化学	4	素材・化学	6	TOPIX Small 1	4865.0	3.6	175.0	3.59	175.0	3.6	配当あり	いいえ	6.88	0.68	1076.2	6090.0	3670.0	Basic Materials			OK	通常掲載可	OK	127859.0	7.83	-10.12	81.44	0.02	20206.0	707.11	24.75	10.94	0
4475	ＨＥＮＮＧＥ	グロース（内国株式）	5250	情報・通信業	10	情報通信・サービスその他	-	-	1137.0	0.53	6.0	0.53	6.0	0.53	配当あり	いいえ	24.83	9.2	354.4	1912.0	880.0	Technology			OK	通常掲載可	OK	10923.6	16.42	30.59	36.24	0.04	2658.7	45.79	13.1	35.39	1
4476	ＡＩ　ＣＲＯＳＳ	グロース（内国株式）	5250	情報・通信業	10	情報通信・サービスその他	-	-	923.0						配当未取得		21.86	1.67	35.1	1874.0	920.0	Technology	配当未取得	1株配当が取得できていない	除外推奨	掲載非推奨	OK_配当データ要確認	4151.6	8.93	12.03	63.1	0.22	87.1	42.22		10.57	
4477	ＢＡＳＥ	グロース（内国株式）	5250	情報・通信業	10	情報通信・サービスその他	-	-	275.0	3.64	10.0	3.76	10.0	3.64	配当あり	いいえ	17.58	2.12	316.7	409.0	252.0	Technology			OK	通常掲載可	OK	20729.0	8.13	29.71	25.81	0.06	3268.0	15.64	63.94	14.4	
4478	フリー	グロース（内国株式）	5250	情報・通信業	10	情報通信・サービスその他	-	-	1918.0						配当未取得		129.86	5.58	1136.9	4330.0	1831.0	Technology	配当未取得	1株配当が取得できていない	除外推奨	掲載非推奨	OK_配当データ要確認	33270.6	1.84	30.83	37.39	0.49	-216.3	14.77		3.51	
4479	マクアケ	グロース（内国株式）	5250	情報・通信業	10	情報通信・サービスその他	-	-	843.0						配当未取得		16.74	1.82	107.5	1345.0	675.0	Financial Services	配当未取得	1株配当が取得できていない	除外推奨	掲載非推奨	OK_配当データ要確認	4578.0	9.77	25.33	72.71		832.7	50.37		11.53	
4480	メドレー	プライム（内国株式）	5250	情報・通信業	10	情報通信・サービスその他	6	TOPIX Small 1	2003.0						配当未取得		65.61	4.61	601.8	3550.0	1715.0	Healthcare	配当未取得	1株配当が取得できていない	除外推奨	掲載非推奨	OK_配当データ要確認	36786.0	5.84	25.54	35.87	1.09	2992.0	30.53		6.26	
4481	ベース	プライム（内国株式）	5250	情報・通信業	10	情報通信・サービスその他	7	TOPIX Small 2	2866.0	4.4	126.0	4.4	126.0	4.4	配当あり	いいえ	12.6	3.66	519.9	3820.0	2817.0	Technology			OK	通常掲載可	OK	21787.4	26.39	7.7	75.3	0.0	4460.2	227.4	55.41	29.24	6
4482	ウィルズ	グロース（内国株式）	5250	情報・通信業	10	情報通信・サービスその他	-	-	715.0	2.52	18.0	2.53	18.0	2.52	配当あり	いいえ	17.28	5.57	144.6	829.0	650.0	Communication Services			OK	通常掲載可	OK	6051.8	21.52	19.31	53.82	0.01	984.2	41.37	43.51	35.45	4
4483	ＪＭＤＣ	プライム（内国株式）	5250	情報・通信業	10	情報通信・サービスその他	6	TOPIX Small 1	2881.0	0.62	18.0	0.63	18.0	0.62	配当あり	いいえ	28.13	2.25	1885.4	4950.0	2369.0	Healthcare			OK	通常掲載可	OK	50462.0	20.85	20.95	52.78	0.62	6546.0	102.42	17.57	8.38	3
4484	ランサーズ	グロース（内国株式）	5250	情報・通信業	10	情報通信・サービスその他	-	-	273.0	2.2	6.0	2.2	6.0	2.2	配当あり	いいえ	52.6	3.14	43.4	326.0	208.0	Technology			OK	通常掲載可	OK	5437.2	3.7	18.48	38.39	0.56	318.5	5.19	115.61	6.59	
4486	ユナイトアンドグロウ	グロース（内国株式）	5250	情報・通信業	10	情報通信・サービスその他	-	-	633.0	2.53	16.0	2.52	16.0	2.53	配当あり	いいえ	12.22	2.72	50.1	785.0	591.0	Technology			OK	通常掲載可	OK	3514.7	15.94	18.45	64.46	0.0	643.6	51.8	30.89	18.84	6
4487	スペースマーケット	グロース（内国株式）	5250	情報・通信業	10	情報通信・サービスその他	-	-	211.0						配当未取得		11.98	2.39	25.5	473.0	205.0	Real Estate	配当未取得	1株配当が取得できていない	除外推奨	掲載非推奨	OK_配当データ要確認	2567.8	9.62	30.34	26.94	0.81	-121.7	17.61		20.01	
4488	ＡＩ　ｉｎｓｉｄｅ	グロース（内国株式）	5250	情報・通信業	10	情報通信・サービスその他	-	-	2078.0						配当未取得		23.4	1.66	82.2	4245.0	1903.0	Technology	配当未取得	1株配当が取得できていない	除外推奨	掲載非推奨	OK_配当データ要確認	4747.9	6.55	7.92	72.61	0.2	241.5	88.82		7.42	
4490	ビザスク	グロース（内国株式）	5250	情報・通信業	10	情報通信・サービスその他	-	-	582.0						配当未取得		8.67	2.97	53.9	808.0	445.0	Industrials	配当未取得	1株配当が取得できていない	除外推奨	掲載非推奨	OK_配当データ要確認	9974.7	13.45	1.98	22.41	1.35	921.6	67.14		71.72	
4491	コンピューターマネージメント	スタンダード（内国株式）	5250	情報・通信業	10	情報通信・サービスその他	-	-	3055.0	1.96	60.0	1.94	60.0	1.96	配当あり	いいえ	12.16	1.5	62.3	3850.0	2475.0	Technology			OK	通常掲載可	OK	8235.4	7.64	4.21	72.47		367.2	251.22	23.88	13.22	1
4492	ゼネテック	スタンダード（内国株式）	5250	情報・通信業	10	情報通信・サービスその他	-	-	409.0	3.06	12.5	3.09	12.5	3.06	配当あり	いいえ	9.34	1.73	47.3	515.0	345.0	Technology			OK	通常掲載可	OK	10983.3	7.47	35.19	39.45	0.76	-8.5	43.79	28.55	19.89	0
4493	サイバーセキュリティクラウド	グロース（内国株式）	5250	情報・通信業	10	情報通信・サービスその他	-	-	1706.0	0.35	6.0	0.34	6.0	0.35	配当あり	いいえ	20.98	3.77	175.0	2143.0	1448.0	Technology			OK	通常掲載可	OK	5084.7	21.69	31.8	75.8	0.06	931.8	81.31	7.38	22.13	1
4494	バリオセキュア	スタンダード（内国株式）	5250	情報・通信業	10	情報通信・サービスその他	-	-	680.0						配当未取得		29.16	0.51	30.7	960.0	639.0	Technology	配当未取得	1株配当が取得できていない	除外推奨	掲載非推奨	OK_配当データ要確認	2842.7	10.63	6.56	80.48	0.16	515.0	23.32		5.95	2
4495	アイキューブドシステムズ	グロース（内国株式）	5250	情報・通信業	10	情報通信・サービスその他	-	-	1720.0	2.09	36.0	2.1	36.0	2.09	配当あり	いいえ	12.01	2.8	84.1	2980.0	1709.0	Technology			OK	通常掲載可	OK	3749.8	24.14	27.15	57.86		772.5	143.2	25.14	25.45	4
4496	コマースＯｎｅホールディングス	グロース（内国株式）	5250	情報・通信業	10	情報通信・サービスその他	-	-	757.0	2.91	22.0	2.95	22.0	2.91	配当あり	いいえ	17.68	2.03	52.9	879.0	675.0	Technology			OK	通常掲載可	OK	3895.7	9.77	5.48	72.13	0.02	174.9	42.82	51.38	11.59	0
4498	サイバートラスト	グロース（内国株式）	5250	情報・通信業	10	情報通信・サービスその他	-	-	1105.0	1.27	14.0	1.28	14.0	1.27	配当あり	いいえ	18.28	2.38	180.8	1597.5	1033.0	Technology			OK	通常掲載可	OK	8360.3	19.73	12.34	69.53	0.0	603.1	60.44	23.16	14.11	1
4499	Ｓｐｅｅｅ	スタンダード（内国株式）	5250	情報・通信業	10	情報通信・サービスその他	-	-	2182.0						配当未取得			3.67	251.9	4090.0	1982.0	Communication Services	配当未取得	1株配当が取得できていない	除外推奨	掲載非推奨	OK_配当データ要確認	16435.2	-4.17	4.53	49.21	0.62	-864.1	-126.96		-19.25	
4502	武田薬品工業	プライム（内国株式）	3250	医薬品	5	医薬品	1	TOPIX Core30	5150.0	3.96	204.0	3.96	204.0	3.96	配当あり	いいえ		1.1	81363.5	6033.0	4102.0	Healthcare			OK	通常掲載可	OK	4505720.0	10.31	-1.66	47.9	0.66	626772.0	-96.91		-2.12	3
4503	アステラス製薬	プライム（内国株式）	3250	医薬品	5	医薬品	2	TOPIX Large70	2119.5	3.77	80.0	3.68	80.0	3.77	配当あり	いいえ	13.06	2.08	37970.7	2717.0	1365.0	Healthcare			OK	通常掲載可	OK	2139245.0	17.77	11.87	51.28	0.31	475543.0	162.26	49.3	17.44	12
4506	住友ファーマ	プライム（内国株式）	3250	医薬品	5	医薬品	4	TOPIX Mid400	1472.5						配当未取得		5.47	2.0	6605.5	3288.0	877.0	Healthcare	配当未取得	1株配当が取得できていない	除外推奨	掲載非推奨	OK_配当データ要確認	453294.0	23.18	13.66	36.35	0.74	3470.0	268.98		46.27	0
4507	塩野義製薬	プライム（内国株式）	3250	医薬品	5	医薬品	2	TOPIX Large70	2731.5	2.78	76.0	2.72	76.0	2.78	配当あり	いいえ	11.34	1.38	23244.4	3758.0	2392.5	Healthcare			OK	通常掲載可	OK	499677.0	33.37	14.01	65.4	0.41	182268.0	240.97	31.54	13.51	13
4512	わかもと製薬	スタンダード（内国株式）	3250	医薬品	5	医薬品	-	-	271.0	2.58	7.0	2.6	7.0	2.58	配当あり	いいえ	41.44	0.78	94.1	380.0	240.0	Healthcare			OK	通常掲載可	OK	9906.8	2.58	27.18	72.78	0.03	-1141.3	6.54	107.03	-1.83	0
4516	日本新薬	プライム（内国株式）	3250	医薬品	5	医薬品	4	TOPIX Mid400	3985.0	3.11	124.0	3.09	124.0	3.11	配当あり	いいえ	9.04	0.92	2685.9	6529.0	2967.0	Healthcare			OK	通常掲載可	OK	170771.0	20.79	6.58	84.18	0.01	23439.0	440.96	28.12	11.03	0
4519	中外製薬	プライム（内国株式）	3250	医薬品	5	医薬品	2	TOPIX Large70	7281.0	1.81	132.0	1.75	132.0	1.81	配当あり	いいえ	27.61	6.28	119828.0	10700.0	5942.0	Healthcare			OK	通常掲載可	OK	1257941.0	47.6	7.46	82.06		274673.0	263.69	50.06	23.71	9
4521	科研製薬	プライム（内国株式）	3250	医薬品	5	医薬品	6	TOPIX Small 1	3825.0	4.97	190.0	4.94	190.0	4.97	配当あり	いいえ	67.68	0.98	1448.5	4445.0	3540.0	Healthcare			OK	通常掲載可	OK	76871.0	-1.17	-18.25	82.83	0.03	-16502.0	56.52	336.16	1.43	0
4523	エーザイ	プライム（内国株式）	3250	医薬品	5	医薬品	4	TOPIX Mid400	4109.0	3.89	160.0	3.88	160.0	3.89	配当あり	いいえ	30.05	1.29	11597.1	5349.0	3660.0	Healthcare			OK	通常掲載可	OK	825378.0	5.35	4.56	62.04	0.21	20156.0	136.75	117.0	4.53	0
4524	森下仁丹	スタンダード（内国株式）	3250	医薬品	5	医薬品	-	-	2158.0	3.01	65.0	3.02	65.0	3.01	配当あり	いいえ	14.06	0.68	88.5	2390.0	2100.0	Healthcare			OK	通常掲載可	OK	12688.0	5.49	-0.61	69.68	0.14	-77.0	153.44	42.36	5.0	3
4526	理研ビタミン	プライム（内国株式）	3050	食料品	1	食品	7	TOPIX Small 2	3040.0	3.62	110.0	3.59	110.0	3.62	配当あり	いいえ	12.77	1.06	893.0	3285.0	2662.0	Consumer Defensive			OK	通常掲載可	OK	96300.0	7.17	0.75	71.61	0.09	792.0	238.07	46.2	8.66	4
4527	ロート製薬	プライム（内国株式）	3250	医薬品	5	医薬品	4	TOPIX Mid400	2330.0	2.15	50.0	2.09	50.0	2.15	配当あり	いいえ	16.03	1.74	5265.0	2703.0	2021.0	Consumer Defensive			OK	通常掲載可	OK	343725.0	11.96	11.37	62.13	0.2	21537.0	145.37	34.39	11.63	5
4528	小野薬品工業	プライム（内国株式）	3250	医薬品	5	医薬品	4	TOPIX Mid400	2368.0	3.38	80.0	3.35	80.0	3.38	配当あり	いいえ	15.97	1.31	11127.4	2674.5	1545.0	Healthcare			OK	通常掲載可	OK	515785.0	17.88	5.94	76.88	0.14	83551.0	148.29	53.95	8.5	0
4531	有機合成薬品工業	スタンダード（内国株式）	3200	化学	4	素材・化学	-	-	355.0	2.82	10.0	2.78	10.0	2.82	配当あり	いいえ	24.47	0.57	76.7	640.0	260.0	Basic Materials			OK	通常掲載可	OK	15448.0	2.51	2.12	52.41	0.5	1728.0	14.51	68.92	2.35	4
4534	持田製薬	プライム（内国株式）	3250	医薬品	5	医薬品	7	TOPIX Small 2	3160.0	2.69	85.0	2.66	85.0	2.69	配当あり	いいえ	14.17	0.8	1119.3	3965.0	2859.0	Healthcare			OK	通常掲載可	OK	116951.0	8.68	11.21	76.8	0.07	-10045.0	222.98	38.12	5.83	0
4536	参天製薬	プライム（内国株式）	3250	医薬品	5	医薬品	4	TOPIX Mid400	2134.5	1.97	42.0	1.97	42.0	1.97	配当あり	いいえ	18.74	2.31	6866.4	2192.0	1458.0	Healthcare			OK	通常掲載可	OK	291624.0	16.39	-2.79	70.2		61962.0	113.9	36.87	12.93	2
4538	扶桑薬品工業	プライム（内国株式）	3250	医薬品	5	医薬品	7	TOPIX Small 2	2118.0	4.25	90.0	4.29	90.0	4.25	配当あり	いいえ	8.99	0.52	180.8	2530.0	1990.0	Healthcare			OK	通常掲載可	OK	62307.0	4.24	2.88	38.81	0.81	-7883.0	235.7	38.18	5.42	1
4539	日本ケミファ	スタンダード（内国株式）	3250	医薬品	5	医薬品	-	-	1575.0	3.17	50.0	3.19	50.0	3.17	配当あり	いいえ	28.75	0.29	57.1	1857.0	1471.0	Healthcare			OK	通常掲載可	OK	33090.0	0.54	1.6	39.04	0.85	-329.0	54.78	91.27	1.02	0
4540	ツムラ	プライム（内国株式）	3250	医薬品	5	医薬品	4	TOPIX Mid400	3698.0	4.27	158.0	4.25	158.0	4.27	配当あり	いいえ	9.83	0.86	2756.7	4403.0	3418.0	Healthcare			OK	通常掲載可	OK	192615.0	18.29	6.36	54.28	0.42	-9658.0	376.36	41.98	8.62	3
4543	テルモ	プライム（内国株式）	3750	精密機器	9	電機・精密	2	TOPIX Large70	2156.5	1.67	36.0	1.61	36.0	1.67	配当あり	いいえ	23.43	2.01	31810.2	2818.0	1900.0	Healthcare			OK	通常掲載可	OK	1131877.0	15.58	9.24	68.53	0.24	128889.0	92.04	39.11	9.21	15
4544	Ｈ．Ｕ．グループホールディングス	プライム（内国株式）	9050	サービス業	10	情報通信・サービスその他	4	TOPIX Mid400	3258.0	3.84	125.0	3.79	125.0	3.84	配当あり	いいえ	26.87	1.32	1807.7	4093.0	2944.5	Healthcare			OK	通常掲載可	OK	247362.0	1.93	1.78	51.37	0.54	16703.0	121.26	103.08	4.88	0
4547	キッセイ薬品工業	プライム（内国株式）	3250	医薬品	5	医薬品	6	TOPIX Small 1	4035.0	3.22	130.0	3.18	130.0	3.22	配当あり	いいえ	12.16	0.73	1672.6	5040.0	3500.0	Healthcare			OK	通常掲載可	OK	97406.0	-3.0	10.28	83.66	0.01	-7121.0	331.7	39.19	6.32	17
4548	生化学工業	プライム（内国株式）	3250	医薬品	5	医薬品	7	TOPIX Small 2	712.0	4.21	30.0	4.18	30.0	4.21	配当あり	いいえ	26.41	0.52	388.8	820.0	603.0	Healthcare			OK	通常掲載可	OK	36645.0	-1.8	-6.93	87.21	0.0	-7371.0	26.96	111.28	1.98	2
4549	栄研化学	プライム（内国株式）	3250	医薬品	5	医薬品	6	TOPIX Small 1	2555.0	2.27	58.0	2.28	58.0	2.27	配当あり	いいえ	22.81	1.91	842.3	3500.0	2011.0	Healthcare			OK	通常掲載可	OK	41899.0	6.97	3.35	70.28	0.17	-1923.0	112.02	51.78	8.46	1
4552	ＪＣＲファーマ	プライム（内国株式）	3250	医薬品	5	医薬品	6	TOPIX Small 1	456.0	4.39	20.0	4.32	20.0	4.39	配当あり	いいえ	25.52	1.19	556.4	824.0	444.0	Healthcare			OK	通常掲載可	OK	40319.0	1.38	21.91	42.97	1.15	-11716.0	17.87	111.92	4.66	0
4553	東和薬品	プライム（内国株式）	3250	医薬品	5	医薬品	6	TOPIX Small 1	3820.0	2.23	85.0	2.23	85.0	2.23	配当あり	いいえ	35.76	1.06	1880.5	4490.0	2764.0	Healthcare			OK	通常掲載可	OK	273710.0	8.44	5.44	37.47	1.27	6301.0	106.82	79.57	3.0	1
4554	富士製薬工業	プライム（内国株式）	3250	医薬品	5	医薬品	7	TOPIX Small 2	1957.0	2.5	49.0	2.46	49.0	2.5	配当あり	いいえ	19.8	1.0	511.2	2559.0	1318.0	Healthcare			OK	通常掲載可	OK	51677.0	9.66	12.01	50.21	0.66	1947.0	98.85	49.57	5.0	4
4556	カイノス	スタンダード（内国株式）	3250	医薬品	5	医薬品	-	-							配当未取得								yfinanceデータなし	yfinanceで株価・配当データが取得できなかった	除外推奨	掲載非推奨	データなし										
4558	中京医薬品	スタンダード（内国株式）	3250	医薬品	5	医薬品	-	-	198.0	2.53	5.0	2.54	5.0	2.53	配当あり	いいえ	25.26	0.85	21.1	238.0	197.0	Consumer Cyclical			OK	通常掲載可	OK	6569.3	1.94	4.16	48.78	0.56	58.3	7.84	63.78	1.34	0
4559	ゼリア新薬工業	プライム（内国株式）	3250	医薬品	5	医薬品	6	TOPIX Small 1	2009.0	2.49	50.0	2.45	50.0	2.49	配当あり	いいえ	10.47	0.82	885.6	2434.0	1878.0	Healthcare			OK	通常掲載可	OK	89159.3	13.88	2.12	60.32	0.36	7059.9	191.85	26.06	8.48	4
4563	アンジェス	グロース（内国株式）	3250	医薬品	5	医薬品	-	-	47.0						配当未取得			9.21	185.9	120.0	44.0	Healthcare	配当未取得	1株配当が取得できていない	除外推奨	掲載非推奨	OK_配当データ要確認	874.1	-588.64	35.81	56.9	0.02	-5764.7	-14.44		-189.24	
4564	オンコセラピー・サイエンス	グロース（内国株式）	3250	医薬品	5	医薬品	-	-	19.0						配当未取得			3.4	75.7	34.0	18.0	Healthcare	配当未取得	1株配当が取得できていない	除外推奨	掲載非推奨	OK_配当データ要確認	808.5	-100.23	7.8	90.79		-985.0	-2.77		-63.44	
4565	ネクセラファーマ	プライム（内国株式）	3250	医薬品	5	医薬品	6	TOPIX Small 1	983.0						配当未取得			1.4	901.7	1247.0	723.0	Healthcare	配当未取得	1株配当が取得できていない	除外推奨	掲載非推奨	OK_配当データ要確認	29615.0	-28.57	2.71	45.25	0.94	-3293.0	-138.8		-15.26	
4568	第一三共	プライム（内国株式）	3250	医薬品	5	医薬品	1	TOPIX Core30	2578.5	3.88	100.0	3.83	100.0	3.88	配当あり	いいえ	18.37	2.82	46919.8	4178.0	2390.0	Healthcare			OK	通常掲載可	OK	2123045.0	10.79	12.55	41.55	0.18	-71347.0	140.34	71.26	15.81	6
4569	杏林製薬	プライム（内国株式）	3250	医薬品	5	医薬品	6	TOPIX Small 1	1148.0	2.18	25.0	2.16	25.0	2.18	配当あり	いいえ	19.13	0.46	659.5	1725.0	1067.0	Healthcare			OK	通常掲載可	OK	126257.0	2.83	-2.94	72.87	0.17	2405.0	60.0	41.67	2.47	1
456A	ＨＵＭＡＮ　ＭＡＤＥ	グロース（内国株式）	6100	小売業	14	小売	-	-	1356.0						配当未取得		41.85	9.81	1242.7	1821.0	762.5	Consumer Cyclical	配当未取得	1株配当が取得できていない	除外推奨	掲載非推奨	OK_配当データ要確認	14273.2	31.74		81.3	0.02	2608.2	32.4		23.44	
4570	免疫生物研究所	グロース（内国株式）	3250	医薬品	5	医薬品	-	-	958.0	0.78	7.5	0.78	7.5	0.78	配当あり	いいえ	27.11	4.84	89.2	3820.0	464.0	Healthcare			OK	通常掲載可	OK	1005.0	27.99	3.66	85.53	0.1	267.7	35.34	21.22	19.6	
4571	ＮＡＮＯホールディングス	グロース（内国株式）	3250	医薬品	5	医薬品	-	-	98.0						配当未取得			2.26	81.5	254.0	95.0	Healthcare	配当未取得	1株配当が取得できていない	除外推奨	掲載非推奨	OK_配当データ要確認	174.5	-553.58	60.8	60.36	0.45	-816.7	-12.9		-29.92	
4572	カルナバイオサイエンス	グロース（内国株式）	3250	医薬品	5	医薬品	-	-	340.0						配当未取得			-39.88	65.2	512.0	200.0	Healthcare	配当未取得	1株配当が取得できていない	除外推奨	掲載非推奨	OK_配当データ要確認	579.1	-358.34	-8.99	25.15	2.31	-2168.6	-113.63		-243.87	
4574	大幸薬品	プライム（内国株式）	3250	医薬品	5	医薬品	7	TOPIX Small 2	276.0	1.27	3.5	1.24	3.5	1.27	配当あり	いいえ	15.02	0.52	138.7	335.0	246.0	Healthcare			OK	通常掲載可	OK	6397.0	7.18	1.67	69.42	0.11	510.0	18.37	19.05	20.14	0
4575	キャンバス	グロース（内国株式）	3250	医薬品	5	医薬品	-	-	604.0						配当未取得			5.74	119.0	1558.0	506.0	Healthcare	配当未取得	1株配当が取得できていない	除外推奨	掲載非推奨	OK_配当データ要確認	0.0			96.22	0.0	-1280.2	-64.22		-50.58	
4576	デ・ウエスタン・セラピテクス研究所	グロース（内国株式）	3250	医薬品	5	医薬品	-	-	73.0						配当未取得			3.02	41.2	181.0	66.0	Healthcare	配当未取得	1株配当が取得できていない	除外推奨	掲載非推奨	OK_配当データ要確認	387.6	-159.92	-17.8	66.17	0.42	-496.5	-13.19		-56.33	
4577	ダイト	プライム（内国株式）	3250	医薬品	5	医薬品	7	TOPIX Small 2	1219.0	3.28	40.0	3.25	40.0	3.28	配当あり	いいえ	16.38	0.68	350.4	1521.0	989.0	Healthcare			OK	通常掲載可	OK	50643.0	5.17	7.99	66.67	0.23	-1133.0	74.41	53.76	5.66	2
4578	大塚ホールディングス	プライム（内国株式）	3250	医薬品	5	医薬品	2	TOPIX Large70	10665.0	1.31	140.0	1.3	140.0	1.31	配当あり	いいえ	15.57	1.81	56110.5	11910.0	6511.0	Healthcare			OK	通常掲載可	OK	2468892.0	19.12	5.97	72.27	0.08	261910.0	685.04	20.44	12.94	3
4579	ラクオリア創薬	グロース（内国株式）	3250	医薬品	5	医薬品	-	-	470.0						配当未取得		41.41	1.42	122.3	1465.0	440.0	Healthcare	配当未取得	1株配当が取得できていない	除外推奨	掲載非推奨	OK_配当データ要確認	3980.0	12.15	28.07	65.59	0.42	-429.1	11.35		0.78	
4582	シンバイオ製薬	グロース（内国株式）	3250	医薬品	5	医薬品	-	-	71.0						配当未取得			22.11	51.2	229.0	66.0	Healthcare	配当未取得	1株配当が取得できていない	除外推奨	掲載非推奨	OK_配当データ要確認	1307.6	-339.59	-46.69	32.89	1.56	-4658.0	-103.06		-322.67	
4583	カイオム・バイオサイエンス	グロース（内国株式）	3250	医薬品	5	医薬品	-	-	77.0						配当未取得			4.7	55.9	161.0	65.0	Healthcare	配当未取得	1株配当が取得できていない	除外推奨	掲載非推奨	OK_配当データ要確認	593.3	-165.14	-24.02	64.95	0.23	-976.1	-14.47		-31.64	
4584	キッズウェル・バイオ	グロース（内国株式）	3250	医薬品	5	医薬品	-	-	145.0						配当未取得			4.35	72.0	363.0	125.0	Healthcare	配当未取得	1株配当が取得できていない	除外推奨	掲載非推奨	OK_配当データ要確認	5082.1	0.55	109.03	20.13	1.3	930.3	-8.48		-27.02	
4586	メドレックス	グロース（内国株式）	3250	医薬品	5	医薬品	-	-	51.0						配当未取得			1.65	30.3	225.0	48.0	Healthcare	配当未取得	1株配当が取得できていない	除外推奨	掲載非推奨	OK_配当データ要確認	128.1	-735.45	-50.34	94.97	0.0	-970.9	-17.44		-41.92	
4587	ペプチドリーム	プライム（内国株式）	3250	医薬品	5	医薬品	4	TOPIX Mid400	1008.0						配当未取得			7.6	1295.2	1818.5	916.0	Healthcare	配当未取得	1株配当が取得できていない	除外推奨	掲載非推奨	OK_配当データ要確認	18521.2	-27.07	-60.32	66.89	0.33	-15031.7	-28.95		7.79	
4588	オンコリスバイオファーマ	グロース（内国株式）	3250	医薬品	5	医薬品	-	-	2910.0						配当未取得			23.72	852.2	3695.0	570.0	Healthcare	配当未取得	1株配当が取得できていない	除外推奨	掲載非推奨	OK_配当データ要確認	28.5	-7090.55	-9.04	87.8	0.08	-1943.9	-80.13		-110.09	
4591	リボミック	グロース（内国株式）	3250	医薬品	5	医薬品	-	-	63.0						配当未取得			1.2	35.2	127.0	57.0	Healthcare	配当未取得	1株配当が取得できていない	除外推奨	掲載非推奨	OK_配当データ要確認	3.0	-40237.73	42.38	95.46		-1121.0	-23.07		-38.93	
4592	サンバイオ	グロース（内国株式）	3250	医薬品	5	医薬品	-	-	1011.0						配当未取得			6.22	789.0	3990.0	914.0	Healthcare	配当未取得	1株配当が取得できていない	除外推奨	掲載非推奨	OK_配当データ要確認	0.0			87.09	0.09	-3793.7	-52.59		-43.19	
4593	ヘリオス	グロース（内国株式）	3250	医薬品	5	医薬品	-	-	257.0						配当未取得			4.28	347.0	747.0	234.0	Healthcare	配当未取得	1株配当が取得できていない	除外推奨	掲載非推奨	OK_配当データ要確認	104.0	-3211.54	-81.43	28.67	0.53	-3333.0	-26.59		-65.4	
4594	ブライトパス・バイオ	グロース（内国株式）	3250	医薬品	5	医薬品	-	-	46.0						配当未取得			4.68	63.9	114.0	43.0	Healthcare	配当未取得	1株配当が取得できていない	除外推奨	掲載非推奨	OK_配当データ要確認	0.1	-1541667.86	-92.59	90.92	0.0	-1366.4	-11.7		-79.25	
4595	ミズホメディー	スタンダード（内国株式）	3250	医薬品	5	医薬品	-	-	1655.0	6.04	100.0	6.06	100.0	6.04	配当あり	いいえ	9.2	1.72	315.3	1930.0	1402.0	Healthcare			OK	通常掲載可	OK	11260.0	41.32	-1.48	83.5	0.0	1673.0	179.91	55.58	18.4	0
4596	窪田製薬ホールディングス	グロース（内国株式）	3250	医薬品	5	医薬品	-	-	55.0						配当未取得			3.98	77.1	350.0	41.0	Healthcare	配当未取得	1株配当が取得できていない	除外推奨	掲載非推奨	OK_配当データ要確認	21.3	-4194.31	-21.53	91.63	0.07	-593.6	-10.59		-50.56	
4597	ソレイジア・ファーマ	グロース（内国株式）	3250	医薬品	5	医薬品	-	-	25.0						配当未取得			3.93	68.3	48.0	21.0	Healthcare	配当未取得	1株配当が取得できていない	除外推奨	掲載非推奨	OK_配当データ要確認	429.0	-200.47	35.76	77.96	0.01	-1034.0	-3.69		-69.53	
4598	Ｄｅｌｔａ－Ｆｌｙ　Ｐｈａｒｍａ	グロース（内国株式）	3250	医薬品	5	医薬品	-	-	129.0						配当未取得			48.83	18.3	793.0	116.0	Healthcare	配当未取得	1株配当が取得できていない	除外推奨	掲載非推奨	OK_配当データ要確認	0.0			13.78		-1557.1	-140.46		-1051.78	
4599	ステムリム	グロース（内国株式）	3250	医薬品	5	医薬品	-	-	318.0						配当未取得			3.25	199.3	333.0	246.0	Healthcare	配当未取得	1株配当が取得できていない	除外推奨	掲載非推奨	OK_配当データ要確認	0.0			97.95	0.0	-1886.3	-29.06		-26.92	
460A	ＢＲＡＮＵ	グロース（内国株式）	5250	情報・通信業	10	情報通信・サービスその他	-	-	829.0						配当未取得		14.03	3.87	37.4	1738.0	555.0	Technology	配当未取得	1株配当が取得できていない	除外推奨	掲載非推奨	OK_配当データ要確認	2122.8	15.62		33.96	1.1	181.5	59.07		27.58	
4611	大日本塗料	プライム（内国株式）	3200	化学	4	素材・化学	7	TOPIX Small 2	1335.0	4.34	58.0	4.34	58.0	4.34	配当あり	いいえ	22.68	0.57	381.3	1508.0	1158.0	Basic Materials			OK	通常掲載可	OK	93759.0	4.11	29.3	48.65	0.23	-2073.0	58.87	98.52	2.34	2
4612	日本ペイントホールディングス	プライム（内国株式）	3200	化学	4	素材・化学	4	TOPIX Mid400	1044.5	1.63	17.0	1.61	17.0	1.63	配当あり	いいえ	19.49	1.27	24226.7	1352.0	949.6	Basic Materials			OK	通常掲載可	OK	1638720.0	11.36	-7.64	44.9	0.79	145013.0	53.6	31.72	11.47	5
4613	関西ペイント	プライム（内国株式）	3200	化学	4	素材・化学	4	TOPIX Mid400	2642.5	4.16	110.0	4.15	110.0	4.16	配当あり	いいえ	17.82	1.55	4652.0	2803.0	1943.0	Basic Materials			OK	通常掲載可	OK	589795.0	8.43	0.16	37.43	0.73	20929.0	148.32	74.16	9.46	3
4615	神東塗料	スタンダード（内国株式）	3200	化学	4	素材・化学	-	-	127.0						配当未取得			0.33	43.2	139.0	119.0	Basic Materials	配当未取得	1株配当が取得できていない	除外推奨	掲載非推奨	OK_配当データ要確認	21481.0	1.22	3.48	41.97	0.39	542.0	-17.45		-3.06	0
4616	川上塗料	スタンダード（内国株式）	3200	化学	4	素材・化学	-	-	1832.0	2.46	45.0	2.46	45.0	2.46	配当あり	いいえ	25.19	0.52	18.2	2600.0	1630.0	Basic Materials			OK	通常掲載可	OK	5932.5	0.92	0.32	38.44	0.57	6.1	72.73	61.87	3.04	1
4617	中国塗料	プライム（内国株式）	3200	化学	4	素材・化学	6	TOPIX Small 1	3315.0	3.02	100.0	3.02	100.0	3.02	配当あり	いいえ	14.95	1.72	1644.7	4815.0	2622.0	Basic Materials			OK	通常掲載可	OK	139364.0	12.51	6.26	60.59	0.18	14418.0	221.77	45.09	13.26	4
4619	日本特殊塗料	スタンダード（内国株式）	3200	化学	4	素材・化学	-	-	2322.0	6.46	150.0	6.39	150.0	6.46	配当あり	いいえ	9.58	0.82	494.4	2545.0	1934.0	Consumer Cyclical			OK	通常掲載可	OK	61889.0	6.47	-6.31	70.55	0.05	3853.0	242.31	61.9	8.83	5
4620	藤倉化成	スタンダード（内国株式）	3200	化学	4	素材・化学	7	TOPIX Small 2	1051.0	2.09	22.0	2.12	22.0	2.09	配当あり	いいえ	9.84	0.63	305.1	1318.0	528.0	Basic Materials			OK	通常掲載可	OK	55636.1	4.08	0.19	67.72	0.1	-1227.7	106.81	20.6	6.74	2
4623	アサヒペン	スタンダード（内国株式）	3200	化学	4	素材・化学	-	-	1705.0	3.52	60.0	3.53	60.0	3.52	配当あり	いいえ	9.07	0.42	63.2	1780.0	1683.0	Basic Materials			OK	通常掲載可	OK	16822.7	3.74	-1.92	57.75	0.42	400.8	187.96	31.92	4.99	0
4624	イサム塗料	スタンダード（内国株式）	3200	化学	4	素材・化学	-	-	3375.0	1.48	50.0	1.48	50.0	1.48	配当あり	いいえ	8.52	0.36	64.3	4300.0	3225.0	Basic Materials			OK	通常掲載可	OK	8402.8	10.89	3.01	82.5	0.0	829.4	396.23	12.62	4.27	0
4625	アトミクス	スタンダード（内国株式）	3200	化学	4	素材・化学	-	-	740.0	2.7	20.0	2.73	20.0	2.7	配当あり	いいえ	4.17	0.35	39.4	1039.0	620.0	Basic Materials			OK	通常掲載可	OK	12763.2	4.46	3.36	68.63	0.02	-120.6	177.58	11.26	8.76	0
4626	太陽ホールディングス	プライム（内国株式）	3200	化学	4	素材・化学	4	TOPIX Mid400	5015.0	3.14	157.5	3.17	157.5	3.14	配当あり	いいえ	30.51	4.82	5580.5	6275.0	3205.0	Basic Materials			OK	通常掲載可	OK	137851.0	23.6	15.83	57.32	0.49	23011.0	164.37	95.82	21.96	1
4627	ナトコ	スタンダード（内国株式）	3200	化学	4	素材・化学	-	-	1817.0	2.97	54.0	2.97	54.0	2.97	配当あり	いいえ	9.54	0.54	137.3	2018.0	1383.0	Basic Materials			OK	通常掲載可	OK	22275.0	6.28	7.33	78.7		835.0	190.53	28.34	5.88	2
4628	エスケー化研	スタンダード（内国株式）	3200	化学	4	素材・化学	-	-	9160.0	1.97	180.0	1.92	180.0	1.97	配当あり	いいえ	10.09	0.71	1235.7	11670.0	8430.0	Basic Materials			OK	通常掲載可	OK	109707.0	11.14	3.36	85.14	0.02	12758.0	907.95	19.82	7.24	0
4629	大伸化学	スタンダード（内国株式）	3200	化学	4	素材・化学	-	-	1805.0	2.49	45.0	2.49	45.0	2.49	配当あり	いいえ	9.28	0.47	82.6	2250.0	1471.0	Basic Materials			OK	通常掲載可	OK	34606.1	3.38	-0.3	66.69	0.0	2395.1	194.4	23.15	5.24	0
462A	ＦＵＮＤＩＮＮＯ	グロース（内国株式）	7100	証券、商品先物取引業	16	金融（除く銀行）	-	-	230.0						配当未取得			1.16	54.9	1451.0	216.0	Financial Services	配当未取得	1株配当が取得できていない	除外推奨	掲載非推奨	OK_配当データ要確認							-61.55			
4631	ＤＩＣ	プライム（内国株式）	3200	化学	4	素材・化学	4	TOPIX Mid400	4819.0	2.91	140.0	2.91	140.0	2.91	配当あり	いいえ	14.11	0.94	4563.0	5374.0	2808.0	Basic Materials			OK	通常掲載可	OK	1052194.0	4.96	-1.77	36.96	0.97	31015.0	341.65	40.98	10.21	2
4633	サカタインクス	プライム（内国株式）	3200	化学	4	素材・化学	6	TOPIX Small 1	2350.0	4.26	100.0	4.22	100.0	4.26	配当あり	いいえ	9.99	0.95	1145.2	2740.0	1935.0	Basic Materials			OK	通常掲載可	OK	257668.0	5.91	4.93	52.76	0.28	8863.0	235.34	42.49	11.01	3
4634	ａｒｔｉｅｎｃｅ	プライム（内国株式）	3200	化学	4	素材・化学	6	TOPIX Small 1	4295.0	2.79	120.0	2.78	120.0	2.79	配当あり	いいえ	20.4	5.59	2014.3	4410.0	2971.0	Basic Materials			OK	通常掲載可	OK	349979.0	5.93	-0.31	57.51	0.24	12134.0	210.57	56.99	7.41	0
4635	東京インキ	スタンダード（内国株式）	3200	化学	4	素材・化学	-	-	1342.0	5.22	70.0	5.22	70.0	5.22	配当あり	いいえ	9.11	0.53	167.7	1850.0	818.0	Basic Materials			OK	通常掲載可	OK	49926.0	4.45	6.67	59.38	0.2	368.0	147.35	47.51	6.07	1
463A	インテリックスホールディングス	スタンダード（内国株式）	8050	不動産業	17	不動産	-	-	913.0	2.63	24.0	2.7	24.0	2.63	配当あり	いいえ	4.42	0.52	91.1	1177.0	852.0	Real Estate			OK	通常掲載可	OK	44793.8	5.33	4.9	25.38	2.62	-5931.6	206.51	11.62	11.05	2
4641	アルプス技研	プライム（内国株式）	9050	サービス業	10	情報通信・サービスその他	7	TOPIX Small 2	757.0	9.51	72.0	9.46	72.0	9.51	配当あり	いいえ	11.2	2.22	445.5	1056.67	747.67	Industrials	高利回り要確認	配当利回りが8%以上	要確認	手動確認後に掲載	OK_高利回り要確認	52649.8	10.25	5.6	69.51	0.01	3165.2	67.58	106.54	20.58	1
4642	オリジナル設計	スタンダード（内国株式）	9050	サービス業	10	情報通信・サービスその他	-	-	1400.0	2.5	35.0	2.46	35.0	2.5	配当あり	いいえ	15.3	1.03	84.1	2495.0	1355.0	Industrials			OK	通常掲載可	OK	8515.2	10.83	19.56	63.3	0.24	434.8	91.5	38.25	6.73	1
4644	イマジニア	スタンダード（内国株式）	5250	情報・通信業	10	情報通信・サービスその他	-	-	1032.0	5.81	60.0	5.83	60.0	5.81	配当あり	いいえ	13.32	0.83	99.5	1172.0	991.0	Communication Services			OK	通常掲載可	OK	5690.4	2.55	-12.27	92.05		-270.1	77.46	77.46	6.42	3
4645	市進ホールディングス	スタンダード（内国株式）	9050	サービス業	10	情報通信・サービスその他	-	-	429.0	2.33	10.0	2.35	10.0	2.33	配当あり	いいえ	5.55	1.4	34.5	475.0	414.0	Consumer Defensive			OK	通常掲載可	OK	18653.4	4.82	1.05	18.39	2.62	898.8	77.28	12.94	26.98	0
464A	ＱＰＳホールディングス	グロース（内国株式）	5250	情報・通信業	10	情報通信・サービスその他	-	-	1908.0						配当未取得			6.12	1063.0	4485.0	1532.0	Industrials	配当未取得	1株配当が取得できていない	除外推奨	掲載非推奨	OK_配当データ要確認	2681.0	3.17	62.19	62.21	0.36	-6301.0	-47.53		-3.17	
4650	ＳＤエンターテイメント	スタンダード（内国株式）	9050	サービス業	10	情報通信・サービスその他	-	-	262.0						配当未取得		10.88	1.3	23.5	335.0	260.0	Communication Services	配当未取得	1株配当が取得できていない	除外推奨	掲載非推奨	OK_配当データ要確認	4201.8	2.34	12.5	37.67	1.19	-60.3	24.09		12.71	0
4651	サニックスホールディングス	スタンダード（内国株式）	9050	サービス業	10	情報通信・サービスその他	7	TOPIX Small 2	228.0	1.32	3.0	1.32	3.0	1.32	配当あり	いいえ	25.85	0.99	109.0	318.0	192.0	Industrials			OK	通常掲載可	OK	45291.0	2.82	-0.13	27.5	1.14	-1260.0	8.82	34.01	3.98	
4657	環境管理センター	スタンダード（内国株式）	9050	サービス業	10	情報通信・サービスその他	-	-	467.0	1.71	8.0	1.73	8.0	1.71	配当あり	いいえ	52.0	0.9	22.4	559.0	403.0	Industrials			OK	通常掲載可	OK	6099.4	1.8	9.02	43.15	0.75	6.7	8.98	89.09	-10.89	0
4658	日本空調サービス	プライム（内国株式）	9050	サービス業	10	情報通信・サービスその他	7	TOPIX Small 2	1585.0	3.6	57.0	3.6	57.0	3.6	配当あり	いいえ	14.94	1.79	549.4	1735.0	1081.0	Industrials			OK	通常掲載可	OK	69245.0	6.88	7.46	57.83	0.1	1252.0	106.06	53.74	12.95	3
4659	エイジス	スタンダード（内国株式）	9050	サービス業	10	情報通信・サービスその他	-	-							配当未取得								yfinanceデータなし	yfinanceで株価・配当データが取得できなかった	除外推奨	掲載非推奨	データなし										
4661	オリエンタルランド	プライム（内国株式）	9050	サービス業	10	情報通信・サービスその他	2	TOPIX Large70	2412.0	0.66	16.0	0.64	16.0	0.66	配当あり	いいえ	32.4	3.6	39550.0	3715.0	2103.0	Consumer Cyclical			OK	通常掲載可	OK	704539.0	23.9	3.7	67.52	0.3	97677.0	74.45	21.49	11.11	0
4662	フォーカスシステムズ	プライム（内国株式）	5250	情報・通信業	10	情報通信・サービスその他	7	TOPIX Small 2	1609.0	4.23	68.0	4.23	68.0	4.23	配当あり	いいえ	10.34	1.56	235.7	2249.0	1346.0	Technology			OK	通常掲載可	OK	35698.8	8.5	9.66	64.57	0.13	2407.5	155.62	43.7	15.09	3
4664	アール・エス・シー	スタンダード（内国株式）	9050	サービス業	10	情報通信・サービスその他	-	-	1034.0	3.29	34.0	3.09	34.0	3.29	配当あり	いいえ	21.62	1.32	31.1	1835.0	552.0	Industrials			OK	通常掲載可	OK	8231.7	2.64	-6.93	59.2	0.1	138.7	47.83	71.09	6.12	5
4665	ダスキン	プライム（内国株式）	9050	サービス業	10	情報通信・サービスその他	4	TOPIX Mid400	4294.0	3.26	140.0	3.21	140.0	3.26	配当あり	いいえ	21.99	1.28	2021.6	4443.0	3660.0	Industrials			OK	通常掲載可	OK	194554.0	4.5	3.05	75.11	0.0	3658.0	195.28	71.69	5.96	0
4666	パーク２４	プライム（内国株式）	8050	不動産業	17	不動産	4	TOPIX Mid400	1969.5	3.3	65.0	3.23	65.0	3.3	配当あり	いいえ	9.0	3.04	3362.6	2331.0	1694.0	Industrials			OK	通常掲載可	OK	406168.0	9.25	9.5	27.71	1.76	17389.0	218.81	29.71	41.34	1
4667	アイサンテクノロジー	スタンダード（内国株式）	5250	情報・通信業	10	情報通信・サービスその他	-	-	2003.0	1.85	37.0	1.85	37.0	1.85	配当あり	いいえ	25.73	1.62	105.8	2303.0	1304.0	Technology			OK	通常掲載可	OK	6220.6	7.22	13.55	71.78	0.05	722.6	77.84	47.53	8.53	3
4668	明光ネットワークジャパン	プライム（内国株式）	9050	サービス業	10	情報通信・サービスその他	7	TOPIX Small 2	691.0	4.05	28.0	4.05	28.0	4.05	配当あり	いいえ	10.37	1.37	176.0	794.0	670.0	Consumer Defensive			OK	通常掲載可	OK	24827.0	6.84	9.96	65.71	0.0	1321.0	66.61	42.04	13.54	0
4671	ファルコホールディングス	スタンダード（内国株式）	9050	サービス業	10	情報通信・サービスその他	7	TOPIX Small 2	2566.0	4.99	128.0	4.97	128.0	4.99	配当あり	いいえ	12.83	0.99	256.5	2775.0	2253.0	Healthcare			OK	通常掲載可	OK	43578.0	5.73	0.61	70.17	0.05	1285.0	200.05	63.98	7.89	0
4673	川崎地質	スタンダード（内国株式）	9050	サービス業	10	情報通信・サービスその他	-	-	4645.0	2.58	120.0	2.54	120.0	2.58	配当あり	いいえ	6.53	0.72	40.5	6370.0	3480.0	Industrials			OK	通常掲載可	OK	12708.8	5.24	32.95	43.89	0.69	-1583.8	711.3	16.87	20.33	1
4674	クレスコ	プライム（内国株式）	5250	情報・通信業	10	情報通信・サービスその他	7	TOPIX Small 2	1445.0	4.84	70.0	4.85	70.0	4.84	配当あり	いいえ	11.13	1.74	582.1	1817.0	1347.0	Technology			OK	通常掲載可	OK	64676.9	10.21	10.07	69.89	0.04	4305.1	129.82	53.92	16.42	6
4676	フジ・メディア・ホールディングス	プライム（内国株式）	5250	情報・通信業	10	情報通信・サービスその他	4	TOPIX Mid400	3933.0	5.09	200.0	5.22	200.0	5.09	配当あり	いいえ	119.44	1.02	5602.4	4466.0	3121.0	Communication Services			OK	通常掲載可	OK	551865.0	-1.59	0.2	37.33	1.13	-101574.0	32.93	607.35	1.01	1
4678	秀英予備校	スタンダード（内国株式）	9050	サービス業	10	情報通信・サービスその他	-	-	312.0	3.21	10.0	3.24	10.0	3.21	配当あり	いいえ	48.3	0.44	20.9	355.0	273.0	Consumer Defensive			OK	通常掲載可	OK	10693.0	3.62	3.37	48.13	0.28	-228.8	6.46	154.8	0.92	0
4679	田谷	スタンダード（内国株式）	9050	サービス業	10	情報通信・サービスその他	-	-	247.0						配当未取得			0.28	18.4	394.0	216.0	Consumer Cyclical	配当未取得	1株配当が取得できていない	除外推奨	掲載非推奨	OK_配当データ要確認	5075.5	0.75	-6.78	36.02	0.47	-93.7	-25.8		0.27	0
4680	ラウンドワン	プライム（内国株式）	9050	サービス業	10	情報通信・サービスその他	4	TOPIX Mid400	1171.5	1.54	18.0	1.55	18.0	1.54	配当あり	いいえ	19.96	3.73	3079.6	1658.0	788.1	Consumer Cyclical			OK	通常掲載可	OK	10462.0	79.55	-89.32	25.73	2.35	42342.0	58.68	30.67	22.23	4
4681	リゾートトラスト	プライム（内国株式）	9050	サービス業	10	情報通信・サービスその他	4	TOPIX Mid400	1723.5	2.09	36.0	2.07	36.0	2.09	配当あり	いいえ	17.5	2.28	3659.8	2074.0	1590.5	Consumer Cyclical			OK	通常掲載可	OK	263020.0	11.09	5.49	30.51	0.19	30462.0	98.46	36.56	13.27	4
4684	オービック	プライム（内国株式）	5250	情報・通信業	10	情報通信・サービスその他	4	TOPIX Mid400	3762.0	2.5	94.0	2.46	94.0	2.5	配当あり	いいえ	21.92	3.16	16211.9	5655.0	3643.0	Technology			OK	通常掲載可	OK	135209.0	65.69	11.52	83.39		71460.0	171.65	54.76	15.83	14
4685	菱友システムズ	スタンダード（内国株式）	5250	情報・通信業	10	情報通信・サービスその他	-	-	2713.0	3.69	100.0	3.72	100.0	3.69	配当あり	いいえ	8.85	1.56	346.0	4415.0	2604.0	Industrials			OK	通常掲載可	OK	43229.0	12.7	1.09	68.95	0.0	3531.0	306.7	32.61	18.5	3
4686	ジャストシステム	プライム（内国株式）	5250	情報・通信業	10	情報通信・サービスその他	6	TOPIX Small 1	3660.0	0.82	30.0	0.82	30.0	0.82	配当あり	いいえ	15.58	1.98	2350.6	5350.0	3320.0	Technology			OK	通常掲載可	OK	51515.0	43.67	15.63	87.01		16157.0	234.97	12.77	13.49	1
4687	ＴＤＣソフト	プライム（内国株式）	5250	情報・通信業	10	情報通信・サービスその他	7	TOPIX Small 2	910.0	3.74	34.0	3.77	34.0	3.74	配当あり	いいえ	11.09	1.84	424.2	1483.0	846.0	Technology			OK	通常掲載可	OK	48359.4	10.67	8.87	74.4	0.01	2643.6	82.08	41.42	17.51	2
4689	ＬＩＮＥヤフー	プライム（内国株式）	5250	情報・通信業	10	情報通信・サービスその他	2	TOPIX Large70	426.6	2.58	11.0	2.54	11.0	2.58	配当あり	いいえ	15.32	0.98	29260.5	571.5	365.1	Consumer Cyclical			OK	通常掲載可	OK	2036366.0	14.01	6.2	26.76	0.65	662854.0	27.85	39.5	7.94	1
4691	ワシントンホテル	スタンダード（内国株式）	9050	サービス業	10	情報通信・サービスその他	-	-	2597.0	3.27	85.0	3.3	85.0	3.27	配当あり	いいえ	10.29	4.74	311.5	3125.0	1187.0	Consumer Cyclical			OK	通常掲載可	OK	24192.8	15.78	13.33	35.49	1.52	2986.2	252.35	33.68	-71.43	1
4694	ビー・エム・エル	プライム（内国株式）	9050	サービス業	10	情報通信・サービスその他	6	TOPIX Small 1	3565.0	3.51	125.0	3.47	125.0	3.51	配当あり	いいえ	17.53	1.05	1336.3	4385.0	3230.0	Healthcare			OK	通常掲載可	OK	150262.0	6.94	4.94	69.67	0.04	10591.0	203.4	61.46	6.02	1
469A	フィットクルー	グロース（内国株式）	9050	サービス業	10	情報通信・サービスその他	-	-	1661.0						配当未取得		7.03	2.11	17.5	3370.0	1372.0	Consumer Cyclical	配当未取得	1株配当が取得できていない	除外推奨	掲載非推奨	OK_配当データ要確認	2921.0	9.4	19.01	32.07	0.76	-99.1	236.14		30.01	
4704	トレンドマイクロ	プライム（内国株式）	5250	情報・通信業	10	情報通信・サービスその他	4	TOPIX Mid400	5962.0	3.1	185.0	3.09	185.0	3.1	配当あり	いいえ	22.86	6.77	7736.7	9722.0	4789.0	Technology			OK	通常掲載可	OK	275984.0	20.93	1.23	30.94		41780.0	260.82	70.93	33.82	1
4705	クリップコーポレーション	スタンダード（内国株式）	9050	サービス業	10	情報通信・サービスその他	-	-	783.0	5.11	40.0	5.12	40.0	5.11	配当あり	いいえ		0.6	28.2	893.0	755.0	Consumer Defensive			OK	通常掲載可	OK	2880.6	-1.3	-5.18	87.08	0.04	-26.1	-24.01		-1.8	0
4707	キタック	スタンダード（内国株式）	9050	サービス業	10	情報通信・サービスその他	-	-	333.0	2.1	7.0	2.12	7.0	2.1	配当あり	いいえ	12.69	0.5	18.6	398.0	309.0	Industrials			OK	通常掲載可	OK	3467.6	4.21	3.73	55.59	0.55	-176.4	26.24	26.68	4.04	1
4709	ＩＤホールディングス	プライム（内国株式）	5250	情報・通信業	10	情報通信・サービスその他	7	TOPIX Small 2	1055.0	4.74	50.0	4.67	50.0	4.74	配当あり	いいえ	12.28	2.36	358.5	1274.5	881.0	Technology			OK	通常掲載可	OK	39371.1	10.49	8.54	63.3	0.07	2938.9	85.89	58.21	20.19	1
4712	ＫｅｙＨｏｌｄｅｒ	スタンダード（内国株式）	9050	サービス業	10	情報通信・サービスその他	-	-	722.0	1.52	11.0	1.49	11.0	1.52	配当あり	いいえ	15.85	9.97	135.9	849.0	700.0	Communication Services			OK	通常掲載可	OK	35630.3	2.2	14.6	41.22	0.19	3004.2	45.56	24.14	-9.19	0
4714	リソー教育グループ	プライム（内国株式）	9050	サービス業	10	情報通信・サービスその他	7	TOPIX Small 2	197.0	5.08	10.0	5.0	10.0	5.08	配当あり	いいえ	20.78	2.74	335.5	229.0	187.0	Consumer Defensive			OK	通常掲載可	OK	34240.9	7.9	2.53	54.11	0.0	799.4	9.48	105.49	13.29	0
4716	日本オラクル	スタンダード（内国株式）	5250	情報・通信業	10	情報通信・サービスその他	4	TOPIX Mid400	8413.0	4.61	388.0	4.67	388.0	4.61	配当あり	いいえ	16.95	5.27	10781.7	17535.0	7758.0	Technology			OK	通常掲載可	OK	263510.0	32.95	7.76	51.73		64635.0	496.34	78.17	34.49	0
4718	早稲田アカデミー	プライム（内国株式）	9050	サービス業	10	情報通信・サービスその他	7	TOPIX Small 2	2325.0	3.87	90.0	3.88	90.0	3.87	配当あり	いいえ	17.26	2.58	429.5	2955.0	1920.0	Consumer Defensive			OK	通常掲載可	OK	37658.9	10.52	7.38	63.2	0.03	3157.5	134.68	66.83	15.67	5
4719	アルファシステムズ	プライム（内国株式）	5250	情報・通信業	10	情報通信・サービスその他	7	TOPIX Small 2	3300.0	4.24	140.0	4.24	140.0	4.24	配当あり	いいえ	12.35	1.02	463.3	4240.0	3055.0	Technology			OK	通常掲載可	OK	40722.5	12.14	5.82	85.15		2129.0	267.3	52.38	8.45	2
471A	ＮＳグループ	プライム（内国株式）	7200	その他金融業	16	金融（除く銀行）	7	TOPIX Small 2	1462.0	5.2	76.0	5.19	76.0	5.2	配当あり	いいえ	12.87	2.63	711.8	1799.0	1274.0	Industrials			OK	通常掲載可	OK	29826.0	33.1	13.2	37.93	0.93	7815.0	113.61	66.9	20.44	
4720	城南進学研究社	スタンダード（内国株式）	9050	サービス業	10	情報通信・サービスその他	-	-	235.0	2.13	5.0	2.13	5.0	2.13	配当あり	いいえ	385.25	1.36	18.9	363.0	224.0	Consumer Defensive			OK	通常掲載可	OK	5624.0	-4.1	-3.89	27.46	0.87	-197.9	0.61	819.67	0.28	0
4722	フューチャー	プライム（内国株式）	5250	情報・通信業	10	情報通信・サービスその他	6	TOPIX Small 1	1520.0	3.16	48.0	3.13	48.0	3.16	配当あり	いいえ	11.51	2.13	1347.9	2448.0	1429.0	Technology			OK	通常掲載可	OK	75993.0	21.29	8.75	64.37	0.24	6632.0	132.06	36.35	20.3	13
4725	ＣＡＣ　Ｈｏｌｄｉｎｇｓ	プライム（内国株式）	5250	情報・通信業	10	情報通信・サービスその他	7	TOPIX Small 2	1751.0	5.71	100.0	5.73	100.0	5.71	配当あり	いいえ	9.16	0.87	302.7	2233.0	1731.0	Technology			OK	通常掲載可	OK	50588.0	5.1	-2.83	65.58	0.08	1115.0	191.25	52.29	11.02	3
4728	トーセ	スタンダード（内国株式）	5250	情報・通信業	10	情報通信・サービスその他	-	-	645.0	3.88	25.0	3.89	25.0	3.88	配当あり	いいえ	12.28	0.77	48.9	713.0	612.0	Communication Services			OK	通常掲載可	OK	6636.3	10.4	43.78	78.13		257.5	52.52	47.6	6.44	0
472A	ミラティブ	グロース（内国株式）	5250	情報・通信業	10	情報通信・サービスその他	-	-	401.0						配当未取得		8.57	1.8	67.9	758.0	378.0	Communication Services	配当未取得	1株配当が取得できていない	除外推奨	掲載非推奨	OK_配当データ要確認	7188.2	4.86	32.18	67.66	0.18	-1135.6	46.81		21.0	
4732	ユー・エス・エス	プライム（内国株式）	9050	サービス業	10	情報通信・サービスその他	4	TOPIX Mid400	1882.5	2.92	55.0	2.89	55.0	2.92	配当あり	いいえ	21.28	4.21	8547.3	1943.5	1576.0	Consumer Cyclical			OK	通常掲載可	OK	104021.0	52.11	6.57	76.38	0.01	33887.0	88.47	62.17	20.03	2
4733	オービックビジネスコンサルタント	プライム（内国株式）	5250	情報・通信業	10	情報通信・サービスその他	4	TOPIX Mid400	6058.0	2.15	130.0	2.14	130.0	2.15	配当あり	いいえ	25.09	2.69	4554.2	9379.0	5557.0	Technology			OK	通常掲載可	OK	51400.6	45.88	9.4	76.71		15816.2	241.46	53.84	11.04	2
4735	京進	スタンダード（内国株式）	9050	サービス業	10	情報通信・サービスその他	-	-	328.0	2.38	7.81	2.37	7.81	2.38	配当あり	いいえ	28.25	0.65	25.2	390.0	279.0	Consumer Defensive			OK	通常掲載可	OK	26455.7	1.92	1.36	17.7	2.53	1025.5	11.61	67.27	2.3	0
4736	日本ラッド	スタンダード（内国株式）	5250	情報・通信業	10	情報通信・サービスその他	-	-	603.0	1.66	10.0	1.66	10.0	1.66	配当あり	いいえ	19.34	0.9	31.9	787.0	539.0	Technology			OK	通常掲載可	OK	4131.8	4.11	-5.15	71.27	0.01	68.6	31.18	32.07	4.65	1
4743	アイティフォー	プライム（内国株式）	5250	情報・通信業	10	情報通信・サービスその他	7	TOPIX Small 2	1598.0	5.01	80.0	4.99	80.0	5.01	配当あり	いいえ	15.32	2.05	422.9	1755.0	1425.0	Technology			OK	通常掲載可	OK	23101.0	16.7	12.4	73.59	0.01	2341.5	104.29	76.71	14.15	0
4746	東計電算	スタンダード（内国株式）	5250	情報・通信業	10	情報通信・サービスその他	7	TOPIX Small 2	4435.0	3.9	173.0	3.92	173.0	3.9	配当あり	いいえ	14.95	1.56	797.5	4620.0	3800.0	Technology			OK	通常掲載可	OK	20835.7	30.1	6.12	79.89		5771.3	296.7	58.31	12.49	5
4750	ダイサン	スタンダード（内国株式）	9050	サービス業	10	情報通信・サービスその他	-	-	534.0	4.12	22.0	4.1	22.0	4.12	配当あり	いいえ	13.07	0.6	34.2	667.0	526.0	Industrials			OK	通常掲載可	OK	10837.5	3.42	4.13	54.61	0.44	1313.5	40.87	53.83	4.64	2
4751	サイバーエージェント	プライム（内国株式）	9050	サービス業	10	情報通信・サービスその他	4	TOPIX Mid400	1367.5	1.39	19.0	1.4	19.0	1.39	配当あり	いいえ	17.02	3.49	6934.6	1933.0	1204.0	Communication Services			OK	通常掲載可	OK	874030.0	8.2	9.09	32.98	0.51	51741.0	80.36	23.64	21.07	7
4752	昭和システムエンジニアリング	スタンダード（内国株式）	5250	情報・通信業	10	情報通信・サービスその他	-	-	1530.0	3.99	61.0	3.99	61.0	3.99	配当あり	いいえ	8.52	1.11	65.5	1868.0	1422.0	Technology			OK	通常掲載可	OK	8730.9	11.74	4.97	63.0	0.0	788.5	179.5	33.98	13.66	5
4754	トスネット	スタンダード（内国株式）	9050	サービス業	10	情報通信・サービスその他	-	-	1474.0	2.51	37.0	2.54	37.0	2.51	配当あり	いいえ	12.81	0.82	68.6	1879.0	1373.0	Industrials			OK	通常掲載可	OK	11907.0	7.22	3.0	75.19	0.11	561.4	115.09	32.15	6.58	4
4755	楽天グループ	プライム（内国株式）	9050	サービス業	10	情報通信・サービスその他	4	TOPIX Mid400	730.8						配当未取得			1.76	15885.3	1068.5	686.1	Consumer Cyclical	配当未取得	1株配当が取得できていない	除外推奨	掲載非推奨	OK_配当データ要確認	2496575.0	0.58	9.54	3.45	5.61	218125.0	-82.27		-5.23	0
475A	ギミック	スタンダード（内国株式）	9050	サービス業	10	情報通信・サービスその他	-	-	631.0						配当未取得		8.75	1.34	33.0	1249.0	580.0	Healthcare	配当未取得	1株配当が取得できていない	除外推奨	掲載非推奨	OK_配当データ要確認	3842.9	12.12	8.18	73.33	0.04	373.2	72.11		19.6	
4760	アルファ	スタンダード（内国株式）	9050	サービス業	10	情報通信・サービスその他	-	-	1630.0	4.29	70.0	4.38	70.0	4.29	配当あり	いいえ	9.28	0.89	13.1	3990.0	1510.0	Communication Services			OK	通常掲載可	OK	6365.0	3.69	3.93	33.6	1.01	-117.0	175.68	39.85	10.02	1
4761	さくらケーシーエス	スタンダード（内国株式）	5250	情報・通信業	10	情報通信・サービスその他	-	-	1449.0	4.28	62.0	4.43	62.0	4.28	配当あり	いいえ	13.26	0.77	159.5	1631.0	1180.0	Technology			OK	通常掲載可	OK	23790.0	5.9	5.56	78.3	0.04	204.0	109.26	56.75	5.98	4
4762	エックスネット	スタンダード（内国株式）	5250	情報・通信業	10	情報通信・サービスその他	-	-	1690.0	4.14	70.0	4.12	70.0	4.14	配当あり	いいえ	13.01	2.17	70.6	1720.0	1317.0	Technology			OK	通常掲載可	OK	5658.3	18.05	6.75	53.25	0.37	740.6	129.88	53.9	17.54	4
4763	クリーク・アンド・リバー社	プライム（内国株式）	9050	サービス業	10	情報通信・サービスその他	7	TOPIX Small 2	1299.0	3.85	50.0	3.79	50.0	3.85	配当あり	いいえ	6.75	1.44	275.1	1629.0	1213.0	Industrials			OK	通常掲載可	OK	61393.9	8.0	22.11	40.85	0.6	1475.1	192.32	26.0	23.49	0
4765	ＳＢＩグローバルアセットマネジメント	プライム（内国株式）	9050	サービス業	10	情報通信・サービスその他	7	TOPIX Small 2	553.0	4.97	27.5	4.82	27.5	4.97	配当あり	いいえ	20.16	2.34	763.5	672.0	551.0	Financial Services			OK	通常掲載可	OK	27859.6	18.5	140.81	61.54	0.0	2192.5	27.43	100.26	12.82	6
4766	ピーエイ	スタンダード（内国株式）	9050	サービス業	10	情報通信・サービスその他	-	-	181.0	2.87	5.2	2.89	5.2	2.87	配当あり	いいえ	20.27	4.33	19.5	304.0	177.0	Industrials			OK	通常掲載可	OK	2021.1	6.31	7.67	37.24	1.11	53.5	8.93	58.23	25.34	1
4767	テー・オー・ダブリュー	スタンダード（内国株式）	9050	サービス業	10	情報通信・サービスその他	7	TOPIX Small 2	321.0	5.7	18.3	5.74	18.3	5.7	配当あり	いいえ	10.91	1.28	132.7	398.0	305.0	Communication Services			OK	通常掲載可	OK	17782.9	12.11	1.6	69.57	0.06	632.9	29.41	62.22	11.22	2
4768	大塚商会	プライム（内国株式）	5250	情報・通信業	10	情報通信・サービスその他	4	TOPIX Mid400	2735.5	3.47	95.0	3.43	95.0	3.47	配当あり	いいえ	16.17	2.64	10373.0	3353.0	2697.0	Technology			OK	通常掲載可	OK	1322791.0	6.8	19.42	54.08	0.02	72192.0	169.18	56.15	17.78	16
4769	ＩＣ	スタンダード（内国株式）	5250	情報・通信業	10	情報通信・サービスその他	-	-	1071.0	3.73	40.0	3.64	40.0	3.73	配当あり	いいえ	20.14	1.23	79.6	1208.0	962.0	Technology			OK	通常掲載可	OK	10136.1	5.09	9.11	73.91		110.0	53.19	75.2	6.27	5
476A	辻・本郷ＩＴコンサルティング	スタンダード（内国株式）	5250	情報・通信業	10	情報通信・サービスその他	-	-	1479.0						配当未取得		21.75	1.8	30.1	3325.0	1390.0	Industrials	配当未取得	1株配当が取得できていない	除外推奨	掲載非推奨	OK_配当データ要確認	2124.2	15.09	64.54	60.37	0.19	174.5	68.01		8.28	
4771	エフアンドエム	スタンダード（内国株式）	9050	サービス業	10	情報通信・サービスその他	-	-	2408.0	2.49	60.0	2.5	60.0	2.49	配当あり	いいえ	12.6	2.31	356.2	3070.0	2015.0	Industrials			OK	通常掲載可	OK	20807.7	18.54	21.92	74.72		1556.1	191.12	31.39	19.73	10
4772	ＳＭ　ＥＮＴＥＲＴＡＩＮＭＥＮＴ　ＪＡＰＡＮ	グロース（内国株式）	5250	情報・通信業	10	情報通信・サービスその他	-	-	69.0	1.45	1.0	1.43	1.0	1.45	配当あり	いいえ	21.3	1.09	80.0	131.0	63.0	Communication Services			OK	通常掲載可	OK	10195.6	1.71	4.94	51.4		1414.8	3.24	30.86	7.76	1
4776	サイボウズ	プライム（内国株式）	5250	情報・通信業	10	情報通信・サービスその他	6	TOPIX Small 1	2286.0	2.19	50.0	2.21	50.0	2.19	配当あり	いいえ	14.93	6.03	1052.0	4160.0	1948.0	Technology			OK	通常掲載可	OK	37430.0	26.99	26.13	59.08	0.0	7479.0	153.16	32.65	50.23	7
4777	ガーラ	スタンダード（内国株式）	5250	情報・通信業	10	情報通信・サービスその他	-	-	201.0						配当未取得			13.91	56.3	303.0	173.0	Communication Services	配当未取得	1株配当が取得できていない	除外推奨	掲載非推奨	OK_配当データ要確認	2589.3	-8.56	10.14	12.24	3.27	-173.1	-18.99		-55.01	
477A	スタートライン	グロース（内国株式）	9050	サービス業	10	情報通信・サービスその他	-	-	580.0						配当未取得		4.16	2.4	24.0	1209.0	485.0	Industrials	配当未取得	1株配当が取得できていない	除外推奨	掲載非推奨	OK_配当データ要確認	5599.2	8.05	25.24	22.9	2.42	-740.5	139.33		57.69	
4783	ＮＣＤ	スタンダード（内国株式）	5250	情報・通信業	10	情報通信・サービスその他	-	-	2390.0	5.02	120.0	4.92	120.0	5.02	配当あり	いいえ	10.49	2.28	191.7	3550.0	2259.0	Technology			OK	通常掲載可	OK	30867.4	8.55	2.53	50.14	0.16	1411.3	227.8	52.68	22.86	3
4784	ＧＭＯインターネット	プライム（内国株式）	9050	サービス業	10	情報通信・サービスその他	7	TOPIX Small 2	457.0	3.41	15.6	3.42	15.6	3.41	配当あり	いいえ	22.57	9.03	1390.4	2588.0	440.0	Technology			OK	通常掲載可	OK	78548.0	10.47	504.35	26.96	0.64	11726.0	20.25	77.04	43.22	2
478A	フツパー	グロース（内国株式）	5250	情報・通信業	10	情報通信・サービスその他	-	-	709.0						配当未取得		22.42	3.36	72.1	1389.0	660.0	Technology	配当未取得	1株配当が取得できていない	除外推奨	掲載非推奨	OK_配当データ要確認	1256.5	31.56	108.45	87.91	0.03	187.5	31.63		14.99	
4792	山田コンサルティンググループ	プライム（内国株式）	9050	サービス業	10	情報通信・サービスその他	7	TOPIX Small 2	1650.0	4.67	77.0	4.65	77.0	4.67	配当あり	いいえ	10.9	1.59	316.9	1901.0	1591.0	Industrials			OK	通常掲載可	OK	26711.9	14.0	17.36	59.82	0.25	-2396.3	151.36	50.87	13.69	0
479A	ＰＲＯＮＩ	グロース（内国株式）	5250	情報・通信業	10	情報通信・サービスその他	-	-	1369.0						配当未取得		11.82	3.32	60.8	2099.0	1181.0	Technology	配当未取得	1株配当が取得できていない	除外推奨	掲載非推奨	OK_配当データ要確認	3233.6	11.43	47.13	48.65	0.65	481.0	115.79		28.09	
4800	オリコン	スタンダード（内国株式）	5250	情報・通信業	10	情報通信・サービスその他	-	-	1368.0	2.63	36.0	2.71	36.0	2.63	配当あり	いいえ	28.1	3.03	175.6	1370.0	768.0	Communication Services			OK	通常掲載可	OK	6320.9	24.42	28.58	81.78	0.03	1073.6	48.68	73.95	10.91	4
4801	セントラルスポーツ	プライム（内国株式）	9050	サービス業	10	情報通信・サービスその他	7	TOPIX Small 2	2370.0	1.69	40.0	1.69	40.0	1.69	配当あり	いいえ	20.66	1.0	265.5	2620.0	2235.0	Consumer Cyclical			OK	通常掲載可	OK	48865.0	5.49	4.87	62.93	0.17	1698.0	114.7	34.87	4.9	2
4809	パラカ	プライム（内国株式）	8050	不動産業	17	不動産	7	TOPIX Small 2	2010.0	3.48	70.0	3.52	70.0	3.48	配当あり	いいえ	10.29	0.96	202.8	2121.0	1816.0	Industrials			OK	通常掲載可	OK	17630.0	18.56	7.63	42.3	1.25	-1675.0	195.42	35.82	9.74	1
480A	リブ・コンサルティング	グロース（内国株式）	9050	サービス業	10	情報通信・サービスその他	-	-	945.0						配当未取得		11.12	1.65	62.8	1460.0	862.0	Industrials	配当未取得	1株配当が取得できていない	除外推奨	掲載非推奨	OK_配当データ要確認	6109.2	13.74	22.75	76.02	0.0	589.6	84.96		14.84	
4811	ドリーム・アーツ	グロース（内国株式）	5250	情報・通信業	10	情報通信・サービスその他	-	-	764.0	2.62	20.0	2.73	20.0	2.62	配当あり	いいえ	11.71	3.04	91.5	1615.0	698.0	Technology			OK	通常掲載可	OK	5654.1	17.24	12.32	54.9	0.0	815.0	65.25	30.65	25.63	2
4812	電通総研	プライム（内国株式）	5250	情報・通信業	10	情報通信・サービスその他	6	TOPIX Small 1	2134.0	2.11	45.0	2.1	45.0	2.11	配当あり	いいえ	25.43	4.13	4165.1	2880.0	1728.0	Technology			OK	通常掲載可	OK	164865.0	13.88	8.01	60.68	0.02	16331.0	83.93	53.62	17.55	12
4813	ＡＣＣＥＳＳ	プライム（内国株式）	5250	情報・通信業	10	情報通信・サービスその他	-	-	346.0						配当未取得			1.91	130.1	870.0	326.0	Technology	配当未取得	1株配当が取得できていない	除外推奨	掲載非推奨	OK_配当データ要確認	19215.6	-13.99	20.62	39.69	0.14	-5526.1	-90.79		-26.2	0
4814	ネクストウェア	スタンダード（内国株式）	5250	情報・通信業	10	情報通信・サービスその他	-	-	148.0						配当未取得			2.47	18.8	314.0	145.0	Technology	配当未取得	1株配当が取得できていない	除外推奨	掲載非推奨	OK_配当データ要確認	3009.8	-2.51	6.72	79.07	0.0	-133.3	-36.9		-46.62	0
4816	東映アニメーション	スタンダード（内国株式）	5250	情報・通信業	10	情報通信・サービスその他	-	-	2415.0	1.82	44.0	1.81	44.0	1.82	配当あり	いいえ	19.69	2.88	4934.2	3620.0	2239.0	Communication Services			OK	通常掲載可	OK	93669.0	33.11	-7.11	84.56		15786.0	122.67	35.87	15.46	1
4819	デジタルガレージ	プライム（内国株式）	5250	情報・通信業	10	情報通信・サービスその他	6	TOPIX Small 1	1915.0	2.45	47.0	2.48	47.0	2.45	配当あり	いいえ	69.59	1.16	880.9	4590.0	1690.0	Technology			OK	通常掲載可	OK	40972.0	10.24	6.96	34.56	0.82	-10932.0	27.52	170.78	1.41	4
4820	イーエムシステムズ	プライム（内国株式）	5250	情報・通信業	10	情報通信・サービスその他	7	TOPIX Small 2	489.0	4.7	23.0	4.69	23.0	4.7	配当あり	いいえ	13.84	2.23	338.5	847.0	482.0	Healthcare			OK	通常掲載可	OK	23658.0	15.58	-4.75	74.12	0.03	627.0	35.33	65.1	7.31	4
4825	ウェザーニューズ	プライム（内国株式）	5250	情報・通信業	10	情報通信・サービスその他	6	TOPIX Small 1	1991.0	2.26	45.0	2.25	45.0	2.26	配当あり	いいえ	24.51	3.88	884.3	2435.0	1820.0	Communication Services			OK	通常掲載可	OK	23505.6	19.22	5.68	83.6		4170.3	81.23	55.4	17.19	3
4826	ＣＩＪ	プライム（内国株式）	5250	情報・通信業	10	情報通信・サービスその他	7	TOPIX Small 2	489.0	1.64	8.0	1.63	8.0	1.64	配当あり	いいえ	15.47	1.85	273.1	605.0	457.0	Technology			OK	通常掲載可	OK	26899.8	8.07	4.53	77.72	0.04	1736.1	31.61	25.31	12.42	0
4828	ビジネスエンジニアリング	プライム（内国株式）	5250	情報・通信業	10	情報通信・サービスその他	7	TOPIX Small 2	983.0	4.27	42.0	4.25	42.0	4.27	配当あり	いいえ	12.02	3.65	586.3	1758.0	950.0	Technology			OK	通常掲載可	OK	24442.7	26.23	17.64	74.66	0.01	4745.4	81.81	51.34	33.2	5
4829	日本エンタープライズ	スタンダード（内国株式）	5250	情報・通信業	10	情報通信・サービスその他	-	-	105.0	2.86	3.0	2.91	3.0	2.86	配当あり	いいえ	123.53	0.86	40.5	143.0	99.0	Technology			OK	通常掲載可	OK	4442.3	1.53	-5.41	84.74	0.0	30.0	0.85	352.94	0.9	0
4832	ＪＦＥシステムズ	スタンダード（内国株式）	5250	情報・通信業	10	情報通信・サービスその他	-	-	1959.0	3.57	70.0	3.67	70.0	3.57	配当あり	いいえ	14.43	1.73	615.3	2469.0	1812.0	Technology			OK	通常掲載可	OK	57410.6	11.05	-10.26	67.27	0.08	7109.7	135.73	51.57	12.5	1
4833	Ｄｅｆ　ｃｏｎｓｕｌｔｉｎｇ	グロース（内国株式）	9050	サービス業	10	情報通信・サービスその他	-	-	57.0						配当未取得			1.26	41.4	429.0	32.0	Industrials	配当未取得	1株配当が取得できていない	除外推奨	掲載非推奨	OK_配当データ要確認	854.1	-49.17	37.83	93.62	0.0	-3962.9	-62.83		-59.91	
4838	スペースシャワーＳＫＩＹＡＫＩホールディングス	スタンダード（内国株式）	5250	情報・通信業	10	情報通信・サービスその他	-	-	629.0	8.74	55.0	8.73	55.0	8.74	配当あり	いいえ	8.56	1.16	102.2	960.0	502.0	Communication Services	高利回り要確認	配当利回りが8%以上	要確認	手動確認後に掲載	OK_高利回り要確認	22858.3	8.56	10.76	47.98	0.0	3060.6	73.52	74.81	14.75	1
4839	ＷＯＷＯＷ	プライム（内国株式）	5250	情報・通信業	10	情報通信・サービスその他	7	TOPIX Small 2	995.0	6.03	60.0	6.03	60.0	6.03	配当あり	いいえ	21.74	0.41	282.0	1920.0	965.0	Communication Services			OK	通常掲載可	OK	77124.0	1.91	0.48	73.55		1541.0	45.77	131.09	1.88	0
483A	テラテクノロジー	スタンダード（内国株式）	5250	情報・通信業	10	情報通信・サービスその他	-	-	2131.0	4.22	90.0	4.26	90.0	4.22	配当あり	いいえ	9.07	1.26	34.7	3075.0	2001.0	Technology			OK	通常掲載可	OK	4749.0	11.9	8.25	76.39	0.0	357.2	234.85	38.32	15.83	
4840	トライアイズ	スタンダード（内国株式）	9050	サービス業	10	情報通信・サービスその他	-	-	609.0	0.33	2.0	0.33	2.0	0.33	配当あり	いいえ		1.04	52.6	1340.0	333.0	Industrials			OK	通常掲載可	OK	1424.4	-14.39	48.18	87.79	0.11	-850.9	-54.18		-13.1	0
4845	スカラ	スタンダード（内国株式）	5250	情報・通信業	10	情報通信・サービスその他	7	TOPIX Small 2	323.0	5.26	17.0	5.21	17.0	5.26	配当あり	いいえ	8.61	1.2	55.3	442.0	323.0	Technology			OK	通常掲載可	OK	8193.3	-17.68	-30.79	34.16	1.43	152.3	37.52	45.31	13.24	0
4847	インテリジェント　ウェイブ	プライム（内国株式）	5250	情報・通信業	10	情報通信・サービスその他	-	-	933.0	3.97	37.0	3.97	37.0	3.97	配当あり	いいえ	18.15	2.54	244.3	1136.0	904.0	Technology			OK	通常掲載可	OK	15596.1	11.85	7.42	50.7	0.0	2592.0	51.41	71.97	13.62	0
4848	フルキャストホールディングス	プライム（内国株式）	9050	サービス業	10	情報通信・サービスその他	7	TOPIX Small 2	1490.0	4.3	64.0	4.24	64.0	4.3	配当あり	いいえ	10.95	1.67	518.7	1841.0	1481.0	Industrials			OK	通常掲載可	OK	77227.0	10.25	12.65	53.36	0.4	623.0	136.11	47.02	16.2	12
4849	エン	プライム（内国株式）	9050	サービス業	10	情報通信・サービスその他	6	TOPIX Small 1	1124.0	6.08	68.3	6.01	68.3	6.08	配当あり	いいえ	17.27	1.33	424.3	1840.0	1064.0	Industrials			OK	通常掲載可	OK	59093.0	6.71	-10.03	64.01	0.01	-7091.0	65.09	104.93	7.54	0
485A	パワーエックス	グロース（内国株式）	3650	電気機器	9	電機・精密	-	-	1787.0						配当未取得			28.57	2041.6	5576.67	353.33	Industrials	配当未取得	1株配当が取得できていない	除外推奨	掲載非推奨	OK_配当データ要確認	19306.0	-3.51	213.36	25.34	1.12	62.0	-17.11		-39.59	
4880	セルソース	スタンダード（内国株式）	3250	医薬品	5	医薬品	7	TOPIX Small 2	310.0	1.61	5.0	1.6	5.0	1.61	配当あり	いいえ	87.08	1.03	61.5	736.0	294.0	Healthcare			OK	通常掲載可	OK	3711.5	4.49	-14.78	85.66	0.01	283.0	3.56	140.45	1.18	0
4881	ファンペップ	グロース（内国株式）	3250	医薬品	5	医薬品	-	-	61.0						配当未取得			1.59	27.4	130.0	57.0	Healthcare	配当未取得	1株配当が取得できていない	除外推奨	掲載非推奨	OK_配当データ要確認	0.3	-525053.5	-94.88	73.91		-1387.9	-50.2		-84.4	
4882	ペルセウスプロテオミクス	グロース（内国株式）	3250	医薬品	5	医薬品	-	-	164.0						配当未取得			2.29	27.9	432.0	142.0	Healthcare	配当未取得	1株配当が取得できていない	除外推奨	掲載非推奨	OK_配当データ要確認	135.5	-549.75	12.57	75.01		-663.3	-49.69		-54.19	
4883	モダリス	グロース（内国株式）	3250	医薬品	5	医薬品	-	-	33.0						配当未取得			1.05	31.8	103.0	30.0	Healthcare	配当未取得	1株配当が取得できていない	除外推奨	掲載非推奨	OK_配当データ要確認	0.0			94.23	0.0	-2121.0	-27.86		-59.66	
4884	クリングルファーマ	グロース（内国株式）	3250	医薬品	5	医薬品	-	-	324.0						配当未取得			2.53	26.2	876.0	287.0	Healthcare	配当未取得	1株配当が取得できていない	除外推奨	掲載非推奨	OK_配当データ要確認	72.2	-1259.37	-9.77	62.96		-755.8	-130.15		-72.02	
4885	室町ケミカル	スタンダード（内国株式）	3250	医薬品	5	医薬品	-	-	907.0	2.87	26.0	2.86	26.0	2.87	配当あり	いいえ	10.12		36.5	1380.0	703.0	Basic Materials			OK	通常掲載可	OK	6653.0	6.5	4.46	46.57	0.67	-120.3	89.62	29.01		2
4886	あすか製薬ホールディングス	プライム（内国株式）	3250	医薬品	5	医薬品	7	TOPIX Small 2	2310.0	2.86	66.0	2.87	66.0	2.86	配当あり	いいえ	12.09	0.93	656.0	3045.0	1920.0	Healthcare			OK	通常掲載可	OK	71127.0	8.2	10.9	62.61	0.16	3429.0	191.07	34.54	7.7	4
4887	サワイグループホールディングス	プライム（内国株式）	3250	医薬品	5	医薬品	4	TOPIX Mid400	1675.0	3.34	56.0	3.32	56.0	3.34	配当あり	いいえ	16.82	1.08	1934.4	2447.0	1591.0	Healthcare			OK	通常掲載可	OK	201676.0	7.88	6.69	49.61	0.59	-17038.0	99.58	56.24	6.55	2
4888	ステラファーマ	グロース（内国株式）	3250	医薬品	5	医薬品	-	-	307.0						配当未取得			4.31	110.6	995.0	200.0	Healthcare	配当未取得	1株配当が取得できていない	除外推奨	掲載非推奨	OK_配当データ要確認	323.4	-231.6	-66.35	54.08	0.31	-346.2	-22.95		-27.69	
4889	レナサイエンス	グロース（内国株式）	3250	医薬品	5	医薬品	-	-	1510.0						配当未取得			6.06	208.0	3310.0	1108.0	Healthcare	配当未取得	1株配当が取得できていない	除外推奨	掲載非推奨	OK_配当データ要確認	68.6	-520.59	-48.34	94.85	0.0	-291.3	-23.37		-11.94	
4890	坪田ラボ	グロース（内国株式）	3250	医薬品	5	医薬品	-	-	232.0						配当未取得			6.93	59.8	478.0	210.0	Healthcare	配当未取得	1株配当が取得できていない	除外推奨	掲載非推奨	OK_配当データ要確認	200.0	-393.87	-85.26	65.5	0.08	-586.6	-29.59		-62.12	
4891	ティムス	グロース（内国株式）	3250	医薬品	5	医薬品	-	-	110.0						配当未取得			1.94	50.1	185.0	99.0	Healthcare	配当未取得	1株配当が取得できていない	除外推奨	掲載非推奨	OK_配当データ要確認	0.0			92.85		-524.6	-15.64			
4892	サイフューズ	グロース（内国株式）	3250	医薬品	5	医薬品	-	-	543.0						配当未取得			1.97	54.1	810.0	512.0	Healthcare	配当未取得	1株配当が取得できていない	除外推奨	掲載非推奨	OK_配当データ要確認	231.0	-358.52	324.27	64.64	0.48	-582.4	-86.79		-32.1	
4893	ノイルイミューン・バイオテック	グロース（内国株式）	3250	医薬品	5	医薬品	-	-	123.0						配当未取得			1.41	53.3	217.0	114.0	Healthcare	配当未取得	1株配当が取得できていない	除外推奨	掲載非推奨	OK_配当データ要確認	5.0	-15945.08	-34.1	98.01		-752.2	-18.33		-17.09	
4894	クオリプス	グロース（内国株式）	3250	医薬品	5	医薬品	-	-	4275.0						配当未取得			7.43	353.0	12400.0	3610.0	Healthcare	配当未取得	1株配当が取得できていない	除外推奨	掲載非推奨	OK_配当データ要確認	212.3	-509.23	21.19	92.72		-1109.7	-124.56		-19.99	
4896	ケイファーマ	グロース（内国株式）	3250	医薬品	5	医薬品	-	-	666.0						配当未取得			7.62	77.4	949.0	604.0	Healthcare	配当未取得	1株配当が取得できていない	除外推奨	掲載非推奨	OK_配当データ要確認	0.0			43.05	1.19	-929.2	-85.61		-67.92	
4901	富士フイルムホールディングス	プライム（内国株式）	3200	化学	4	素材・化学	2	TOPIX Large70	3466.0	2.16	75.0	2.15	75.0	2.16	配当あり	いいえ	15.1	1.09	41439.6	3787.0	2855.0	Industrials			OK	通常掲載可	OK	3356969.0	10.43	5.04	63.42	0.27	-160011.0	229.53	32.68	7.71	9
4902	コニカミノルタ	プライム（内国株式）	3650	電気機器	9	電機・精密	4	TOPIX Mid400	549.2	3.28	18.0	3.28	18.0	3.28	配当あり	いいえ	8.45	0.51	2714.1	735.9	435.1	Industrials			OK	通常掲載可	OK	1087738.0	4.58	-3.56	43.44	0.74	25184.0	64.98	27.7	6.6	0
4911	資生堂	プライム（内国株式）	3200	化学	4	素材・化学	4	TOPIX Mid400	2633.0	2.28	60.0	2.29	60.0	2.28	配当あり	いいえ		1.73	10522.0	3535.0	2135.0	Consumer Defensive			OK	通常掲載可	OK	969992.0	-2.97	-2.08	47.41	0.54	65464.0	-101.84		-5.58	0
4912	ライオン	プライム（内国株式）	3200	化学	4	素材・化学	4	TOPIX Mid400	1709.0	1.99	34.0	1.98	34.0	1.99	配当あり	いいえ	17.16	1.46	4728.2	1885.0	1437.5	Consumer Defensive			OK	通常掲載可	OK	422092.0	8.62	2.22	61.05	0.09	24660.0	99.61	34.13	9.57	10
4914	高砂香料工業	プライム（内国株式）	3200	化学	4	素材・化学	6	TOPIX Small 1	1124.0	4.63	52.0	4.65	52.0	4.63	配当あり	いいえ	11.51	0.71	1095.9	1760.0	1065.0	Basic Materials			OK	通常掲載可	OK	225092.0	3.61	-1.8	56.58	0.41	-16991.0	97.69	53.23	6.69	4
4918	アイビー化粧品	スタンダード（内国株式）	3200	化学	4	素材・化学	-	-	295.0	5.08	15.0	5.19	15.0	5.08	配当あり	いいえ	13.15	0.69	18.5	460.0	248.0	Consumer Defensive			OK	通常掲載可	OK	2641.7	7.39	-9.84	72.43	0.11	376.2	22.43	66.87	-4.23	0
4919	ミルボン	プライム（内国株式）	3200	化学	4	素材・化学	6	TOPIX Small 1	2657.0	3.31	88.0	3.31	88.0	3.31	配当あり	いいえ	25.06	1.74	844.4	2845.0	2303.0	Consumer Defensive			OK	通常掲載可	OK	52863.3	10.69	3.01	84.87		2049.6	106.01	83.01	8.35	0
4920	日本色材工業研究所	スタンダード（内国株式）	3200	化学	4	素材・化学	-	-	1116.0	2.69	30.0	2.62	30.0	2.69	配当あり	いいえ	6.89	0.53	23.4	1287.0	1020.0	Consumer Defensive			OK	通常掲載可	OK	16643.0	1.08	-5.61	24.16	2.33	-614.1	162.02	18.52	8.33	0
4922	コーセーホールディングス	プライム（内国株式）	3200	化学	4	素材・化学	4	TOPIX Mid400	5135.0	2.73	140.0	2.79	140.0	2.73	配当あり	いいえ	19.4	1.05	2913.4	6500.0	4910.0	Consumer Defensive			OK	通常掲載可	OK	330193.0	5.59	2.3	72.23	0.04	-10253.0	264.71	52.89	3.66	0
4923	コタ	プライム（内国株式）	3200	化学	4	素材・化学	7	TOPIX Small 2	1152.0	1.65	19.05	1.63	19.05	1.65	配当あり	いいえ	25.91	2.82	335.7	1411.43	1047.0	Consumer Defensive			OK	通常掲載可	OK	9376.7	19.54	2.62	75.33		658.1	44.47	42.84	12.24	10
4925	ハーバー研究所	スタンダード（内国株式）	3200	化学	4	素材・化学	-	-	1707.0	2.34	40.0	2.34	40.0	2.34	配当あり	いいえ	8.49	0.68	64.5	1849.0	1609.0	Consumer Defensive			OK	通常掲載可	OK	12141.3	5.99	0.66	76.17	0.12	1127.7	201.08	19.89	8.23	0
4926	シーボン	スタンダード（内国株式）	3200	化学	4	素材・化学	-	-	1221.0	1.64	20.0	1.64	20.0	1.64	配当あり	いいえ	24.35	0.89	50.8	1370.0	1126.0	Consumer Defensive			OK	通常掲載可	OK	9267.0	2.73	4.84	66.13	0.0	553.1	50.14	39.89	3.74	0
4927	ポーラ・オルビスホールディングス	プライム（内国株式）	3200	化学	4	素材・化学	4	TOPIX Mid400	1271.5	4.09	52.0	4.11	52.0	4.09	配当あり	いいえ	29.73	1.78	2813.6	1413.0	1233.0	Consumer Defensive			OK	通常掲載可	OK	170285.0	9.22	-0.04	82.4	0.01	11855.0	42.77	121.58	6.68	0
4928	ノエビアホールディングス	プライム（内国株式）	3200	化学	4	素材・化学	6	TOPIX Small 1	4380.0	5.25	230.0	5.24	230.0	5.25	配当あり	いいえ	18.44	3.06	1496.0	4795.0	4190.0	Consumer Defensive			OK	通常掲載可	OK	64724.0	17.12	1.41	70.29	0.01	5410.0	237.5	96.84	16.86	5
4929	アジュバンホールディングス	スタンダード（内国株式）	3200	化学	4	素材・化学	-	-	723.0	1.66	12.0	1.66	12.0	1.66	配当あり	いいえ	40.44	1.37	57.8	930.0	717.0	Consumer Defensive			OK	通常掲載可	OK	3813.7	4.48	-6.94	81.94	0.01	89.9	17.88	67.11	3.38	0
4931	新日本製薬	プライム（内国株式）	3200	化学	4	素材・化学	7	TOPIX Small 2	1946.0	2.93	57.0	2.93	57.0	2.93	配当あり	いいえ	12.73	1.77	412.3	2525.0	1855.0	Consumer Cyclical			OK	通常掲載可	OK	41140.0	11.62	2.74	80.73	0.0	4494.0	152.92	37.27	14.57	2
4932	アルマード	スタンダード（内国株式）	3200	化学	4	素材・化学	-	-	656.0	6.4	42.0	6.53	42.0	6.4	配当あり	いいえ	11.47	3.34	60.7	1200.0	612.0	Consumer Defensive			OK	通常掲載可	OK	10118.9	6.77	19.36	40.08	1.1	743.1	57.2	73.43	28.07	0
4933	Ｉ－ｎｅ	プライム（内国株式）	3200	化学	4	素材・化学	7	TOPIX Small 2	1210.0	1.24	15.0	1.29	15.0	1.24	配当あり	いいえ	10.18	1.16	215.2	1755.0	1019.0	Consumer Defensive			OK	通常掲載可	OK	48975.0	7.92	8.82	50.3	0.36	3770.0	118.91	12.61	11.49	1
4934	プレミアアンチエイジング	グロース（内国株式）	3200	化学	4	素材・化学	-	-	620.0						配当未取得		18.52	0.76	54.1	945.0	576.0	Consumer Defensive	配当未取得	1株配当が取得できていない	除外推奨	掲載非推奨	OK_配当データ要確認	20359.0	0.68	-22.88	55.64	0.4	-395.0	33.48		130.26	
4935	リベルタ	スタンダード（内国株式）	3200	化学	4	素材・化学	-	-	250.0	0.8	2.0	0.74	2.0	0.8	配当あり	いいえ	164.47	5.78	75.1	844.0	183.0	Consumer Defensive			OK	通常掲載可	OK	10032.0	1.33	16.17	20.4	2.59	-411.7	1.52	131.58	-5.35	1
4936	アクシージア	スタンダード（内国株式）	3200	化学	4	素材・化学	7	TOPIX Small 2	328.0	3.05	10.0	3.02	10.0	3.05	配当あり	いいえ		0.99	75.0	562.0	317.0	Consumer Defensive			OK	通常掲載可	OK	12192.4	7.53	7.51	80.94	0.11	410.8	-1.52		1.82	0
4937	Ｗａｑｏｏ	グロース（内国株式）	3200	化学	4	素材・化学	-	-	1519.0						配当未取得		22.68	2.4	54.1	1850.0	935.0	Consumer Cyclical	配当未取得	1株配当が取得できていない	除外推奨	掲載非推奨	OK_配当データ要確認	1960.9	7.7	0.9	65.38	0.35	-56.8	66.99		11.1	
4951	エステー	プライム（内国株式）	3200	化学	4	素材・化学	7	TOPIX Small 2	1490.0	3.09	46.0	3.09	46.0	3.09	配当あり	いいえ	19.27	0.92	311.0	1637.0	1426.0	Consumer Defensive			OK	通常掲載可	OK	48492.0	4.1	0.79	73.06	0.02	1056.0	77.33	59.49	5.13	5
4956	コニシ	プライム（内国株式）	3200	化学	4	素材・化学	7	TOPIX Small 2	1452.0	2.62	38.0	2.57	38.0	2.62	配当あり	いいえ	11.63	1.02	906.3	1517.0	1110.0	Basic Materials			OK	通常掲載可	OK	136569.0	7.6	0.65	63.36	0.0	8432.0	124.89	30.43	9.16	2
4958	長谷川香料	プライム（内国株式）	3200	化学	4	素材・化学	6	TOPIX Small 1	3175.0	3.15	100.0	3.13	100.0	3.15	配当あり	いいえ	17.71	0.97	1288.8	3290.0	2651.0	Basic Materials			OK	通常掲載可	OK	73495.0	11.59	2.58	83.81		6567.0	179.28	55.78	5.76	2
4960	ケミプロ化成	スタンダード（内国株式）	3200	化学	4	素材・化学	-	-	579.0	0.86	5.0	0.85	5.0	0.86	配当あり	いいえ	31.66	2.65	93.3	1580.0	256.0	Basic Materials			OK	通常掲載可	OK	8946.1	3.82	-7.88	39.01	1.04	-382.3	18.29	27.34	12.57	2
4966	上村工業	スタンダード（内国株式）	3200	化学	4	素材・化学	-	-	27610.0	2.1	580.0	2.11	580.0	2.1	配当あり	いいえ	31.94	3.81	4422.2	28430.0	9090.0	Basic Materials			OK	通常掲載可	OK	91784.0	23.24	9.47	83.59	0.01	13888.0	864.36	67.1	12.52	4
4967	小林製薬	プライム（内国株式）	3200	化学	4	素材・化学	4	TOPIX Mid400	5427.0	1.95	106.0	1.94	106.0	1.95	配当あり	いいえ	110.64	1.93	4034.4	6140.0	5030.0	Consumer Defensive			OK	通常掲載可	OK	165742.0	9.01	0.09	76.64	0.0	11579.0	49.05	216.11	1.48	8
4968	荒川化学工業	プライム（内国株式）	3200	化学	4	素材・化学	7	TOPIX Small 2	2078.0	2.5	52.0	2.48	52.0	2.5	配当あり	いいえ	18.94	0.66	412.2	2625.0	1004.0	Basic Materials			OK	通常掲載可	OK	82135.0	3.04	2.37	49.47	0.65	382.0	109.72	47.39	1.14	1
4970	東洋合成工業	スタンダード（内国株式）	3200	化学	4	素材・化学	-	-	17280.0	0.29	50.0	0.3	50.0	0.29	配当あり	いいえ	50.9	23.38	1371.5	19310.0	4340.0	Basic Materials			OK	通常掲載可	OK	41956.0	8.74	8.51	41.0	0.99	2644.0	339.48	14.73	-10.82	1
4971	メック	プライム（内国株式）	3200	化学	4	素材・化学	6	TOPIX Small 1	10690.0	1.03	110.0	1.01	110.0	1.03	配当あり	いいえ	39.22	14.05	1952.1	12230.0	2620.0	Basic Materials			OK	通常掲載可	OK	20947.8	27.44	14.88	83.66	0.0	1205.1	272.59	40.35	12.78	1
4972	綜研化学	スタンダード（内国株式）	3200	化学	4	素材・化学	-	-	3465.0	4.33	150.0	4.39	150.0	4.33	配当あり	いいえ	14.21	1.39	575.0	3645.0	1465.0	Basic Materials			OK	通常掲載可	OK	47968.0	12.87	0.7	70.68	0.11	2724.3	243.85	61.51	10.18	4
4973	日本高純度化学	プライム（内国株式）	3200	化学	4	素材・化学	7	TOPIX Small 2	5650.0	4.07	230.0	4.36	230.0	4.07	配当あり	いいえ	18.26	1.82	327.9	6850.0	2981.0	Basic Materials			OK	通常掲載可	OK	18073.1	3.19	43.31	83.1		-849.1	309.35	74.35	11.39	2
4974	タカラバイオ	プライム（内国株式）	3200	化学	4	素材・化学	-	-							配当未取得								yfinanceデータなし	yfinanceで株価・配当データが取得できなかった	除外推奨	掲載非推奨	データなし										
4975	ＪＣＵ	プライム（内国株式）	3200	化学	4	素材・化学	6	TOPIX Small 1	7760.0	2.32	180.0	2.35	180.0	2.32	配当あり	いいえ	21.22	3.5	1910.5	8090.0	3140.0	Basic Materials			OK	通常掲載可	OK	29672.0	40.98	4.64	87.06	0.01	1523.0	365.67	49.22	17.73	6
4976	東洋ドライルーブ	スタンダード（内国株式）	3200	化学	4	素材・化学	-	-	1300.0	2.57	33.4	2.54	33.4	2.57	配当あり	いいえ	8.18	0.48	51.6	1640.0	1255.0	Basic Materials			OK	通常掲載可	OK	4699.1	13.93	21.44	79.92	0.08	517.9	158.99	21.01	6.12	5
4977	新田ゼラチン	スタンダード（内国株式）	3200	化学	4	素材・化学	-	-	1323.0	3.02	40.0	3.03	40.0	3.02	配当あり	いいえ	7.34	0.99	241.0	1487.0	847.0	Basic Materials			OK	通常掲載可	OK	38048.0	12.26	-1.8	56.56	0.25	4508.0	180.18	22.2	15.45	1
4978	リプロセル	グロース（内国株式）	3200	化学	4	素材・化学	-	-	125.0						配当未取得			1.34	122.5	242.0	117.0	Healthcare	配当未取得	1株配当が取得できていない	除外推奨	掲載非推奨	OK_配当データ要確認	2233.5	-38.51	-25.02	91.81	0.01	-481.7	-6.25		-6.63	
4979	ＯＡＴアグリオ	スタンダード（内国株式）	3200	化学	4	素材・化学	7	TOPIX Small 2	2477.0	2.42	60.0	2.42	60.0	2.42	配当あり	いいえ	10.75	1.26	249.9	3350.0	1930.0	Basic Materials			OK	通常掲載可	OK	31950.0	10.8	7.31	50.42	0.49	4351.0	230.33	26.05	14.84	1
4980	デクセリアルズ	プライム（内国株式）	3200	化学	4	素材・化学	4	TOPIX Mid400	4203.0	1.52	64.0	1.5	64.0	1.52	配当あり	いいえ	26.6	6.44	7040.5	5228.0	1903.0	Technology			OK	通常掲載可	OK	113832.0	33.47	3.12	66.24	0.15	2306.0	158.03	40.5	27.29	6
4985	アース製薬	プライム（内国株式）	3200	化学	4	素材・化学	6	TOPIX Small 1	4675.0	2.78	130.0	2.77	130.0	2.78	配当あり	いいえ	19.53	1.34	1021.4	5570.0	4475.0	Consumer Defensive			OK	通常掲載可	OK	179182.0	4.52	5.85	50.15	0.1	6623.0	239.36	54.31	6.77	2
4990	昭和化学工業	スタンダード（内国株式）	3200	化学	4	素材・化学	-	-	484.0	1.24	6.0	1.23	6.0	1.24	配当あり	いいえ	8.25	0.55	51.5	590.0	452.0	Basic Materials			OK	通常掲載可	OK	9272.9	4.81	0.38	64.43	0.24	432.5	58.68	10.22	7.13	0
4992	北興化学工業	スタンダード（内国株式）	3200	化学	4	素材・化学	7	TOPIX Small 2	2161.0	2.5	54.0	2.53	54.0	2.5	配当あり	いいえ	12.72	0.99	560.6	2288.0	1331.0	Basic Materials			OK	通常掲載可	OK	49125.0	10.0	6.34	68.17	0.02	5042.0	169.95	31.77	9.06	11
4994	大成ラミックグループ	スタンダード（内国株式）	3200	化学	4	素材・化学	7	TOPIX Small 2	2419.0	2.89	70.0	2.9	70.0	2.89	配当あり	いいえ	9.64	0.57	146.8	2829.0	2135.0	Consumer Cyclical			OK	通常掲載可	OK	32484.2	7.44	5.3	73.83	0.0	39.8	251.02	27.89	6.08	1
4996	クミアイ化学工業	プライム（内国株式）	3200	化学	4	素材・化学	6	TOPIX Small 1	710.0	3.38	24.0	3.35	24.0	3.38	配当あり	いいえ	12.47	0.55	855.4	871.0	665.0	Basic Materials			OK	通常掲載可	OK	170462.0	6.2	5.84	58.21	0.35	25143.0	56.93	42.16	3.94	0
4997	日本農薬	プライム（内国株式）	3200	化学	4	素材・化学	7	TOPIX Small 2	1022.0	4.7	48.0	4.8	48.0	4.7	配当あり	いいえ	11.07	1.43	800.5	1103.0	806.0	Basic Materials			OK	通常掲載可	OK	111822.0	9.73	11.86	54.9	0.33	2851.0	92.29	52.01	3.28	5
4998	フマキラー	スタンダード（内国株式）	3200	化学	4	素材・化学	-	-	1175.0	2.04	24.0	2.05	24.0	2.04	配当あり	いいえ	9.46	0.72	193.6	1261.0	1091.0	Basic Materials			OK	通常掲載可	OK	73854.0	3.59	9.14	38.87	0.66	98.0	124.16	19.33	4.94	0
500A	ＴＯブックス	スタンダード（内国株式）	5250	情報・通信業	10	情報通信・サービスその他	-	-	2871.0	2.65	76.0	2.66	76.0	2.65	配当あり	いいえ	7.6	1.35	100.1	3880.0	2756.0	Communication Services			OK	通常掲載可	OK	9426.6	12.19	7.91	69.18	0.05	114.1	377.54	20.13	22.72	
5010	日本精蝋	スタンダード（内国株式）	3300	石油・石炭製品	2	エネルギー資源	-	-	228.0						配当未取得		8.14	0.67	45.0	337.0	180.0	Energy	配当未取得	1株配当が取得できていない	除外推奨	掲載非推奨	OK_配当データ要確認	19776.0	5.93	-10.29	23.37	2.51	3186.0	28.0		13.26	0
5011	ニチレキグループ	プライム（内国株式）	3300	石油・石炭製品	2	エネルギー資源	7	TOPIX Small 2	2076.0	4.34	90.0	4.3	90.0	4.34	配当あり	いいえ	13.76	0.74	590.7	3150.0	1934.0	Industrials			OK	通常掲載可	OK	75853.0	7.81	0.14	64.94	0.24	-3136.0	150.91	59.64	5.5	1
5013	ユシロ	スタンダード（内国株式）	3300	石油・石炭製品	2	エネルギー資源	7	TOPIX Small 2	2902.0	4.2	122.0	4.31	122.0	4.2	配当あり	いいえ	8.02	0.79	376.3	3585.0	1934.0	Basic Materials			OK	通常掲載可	OK	51165.0	8.78	-7.83	73.49	0.13	2440.0	361.96	33.71	10.49	2
5015	ビーピー・カストロール	スタンダード（内国株式）	3300	石油・石炭製品	2	エネルギー資源	-	-	985.0	5.08	50.0	5.04	50.0	5.08	配当あり	いいえ	21.54	3.18	226.1	1038.0	830.0	Energy			OK	通常掲載可	OK	14689.7	10.63	7.59	77.59		780.1	45.73	109.34	25.22	2
5016	ＪＸ金属	プライム（内国株式）	3500	非鉄金属	7	鉄鋼・非鉄	4	TOPIX Mid400	4219.0	0.47	20.0	0.45	20.0	0.47	配当あり	いいえ	37.47	5.38	39171.8	5828.0	798.9	Technology			OK	通常掲載可	OK	714940.0	7.21	-52.73	47.96	0.52	152069.0	112.59	17.76	14.36	
5018	ＭＯＲＥＳＣＯ	スタンダード（内国株式）	3300	石油・石炭製品	2	エネルギー資源	-	-	2007.0	2.74	55.0	2.88	55.0	2.74	配当あり	いいえ	12.08	0.78	184.2	2223.0	1218.0	Basic Materials			OK	通常掲載可	OK	34871.0	6.79	1.45	57.71	0.19	2257.0	166.19	33.09	6.69	0
5019	出光興産	プライム（内国株式）	3300	石油・石炭製品	2	エネルギー資源	4	TOPIX Mid400	1186.5	3.03	36.0	3.01	36.0	3.03	配当あり	いいえ	8.45	0.75	14275.7	1671.0	871.1	Energy			OK	通常掲載可	OK	8105891.0	2.62	-11.8	36.0	0.71	225563.0	140.41	25.64	8.95	2
5020	ＥＮＥＯＳホールディングス	プライム（内国株式）	3300	石油・石炭製品	2	エネルギー資源	2	TOPIX Large70	1205.5	2.82	34.0	2.84	34.0	2.82	配当あり	いいえ	12.56	0.96	32399.7	1552.5	710.1	Energy			OK	通常掲載可	OK	11765470.0	3.28	-4.52	37.05	0.78	363702.0	96.0	35.42	8.5	2
5021	コスモエネルギーホールディングス	プライム（内国株式）	3300	石油・石炭製品	2	エネルギー資源	4	TOPIX Mid400	3813.0	4.33	165.0	4.36	165.0	4.33	配当あり	いいえ	8.42	1.0	6054.6	5034.0	3069.5	Energy			OK	通常掲載可	OK	2799947.0	4.58	2.58	27.12	1.06	35418.0	453.04	36.42	11.4	4
5025	マーキュリー	グロース（内国株式）	5250	情報・通信業	10	情報通信・サービスその他	-	-	525.0						配当未取得		8.49	1.23	14.0	790.0	502.0	Technology	配当未取得	1株配当が取得できていない	除外推奨	掲載非推奨	OK_配当データ要確認	1602.0	4.64	-9.15	81.89	0.0	18.5	61.87		16.21	
5026	トリプルアイズ	グロース（内国株式）	5250	情報・通信業	10	情報通信・サービスその他	-	-	564.0						配当未取得			3.46	47.3	1525.0	514.0	Technology	配当未取得	1株配当が取得できていない	除外推奨	掲載非推奨	OK_配当データ要確認	5714.0	-1.08	29.55	34.37	0.97	-174.0	-30.62		-20.21	
5027	ＡｎｙＭｉｎｄ　Ｇｒｏｕｐ	グロース（内国株式）	5250	情報・通信業	10	情報通信・サービスその他	-	-	453.0	0.44	2.0	0.44	2.0	0.44	配当あり	いいえ	30.51	1.57	271.5	829.0	375.0	Technology			OK	通常掲載可	OK	57300.0	3.28	12.99	37.4	0.85	1944.0	14.85	13.47	6.4	
5028	セカンドサイトアナリティカ	グロース（内国株式）	5250	情報・通信業	10	情報通信・サービスその他	-	-	377.0						配当未取得		30.33	3.01	36.0	659.0	318.0	Technology	配当未取得	1株配当が取得できていない	除外推奨	掲載非推奨	OK_配当データ要確認	1436.3	11.92	25.87	76.25	0.03	22.6	12.43		13.61	
5029	サークレイス	グロース（内国株式）	5250	情報・通信業	10	情報通信・サービスその他	-	-	643.0						配当未取得		13.51	2.21	28.1	1463.0	540.0	Technology	配当未取得	1株配当が取得できていない	除外推奨	掲載非推奨	OK_配当データ要確認	4540.5	5.86	19.36	68.31	0.1	-306.0	47.61		20.05	
5031	モイ	グロース（内国株式）	5250	情報・通信業	10	情報通信・サービスその他	-	-	331.0						配当未取得		46.49	2.27	46.2	930.0	221.0	Technology	配当未取得	1株配当が取得できていない	除外推奨	掲載非推奨	OK_配当データ要確認	6688.6	5.07	1.45	46.44	0.0	63.2	7.12		5.5	
5032	ＡＮＹＣＯＬＯＲ	プライム（内国株式）	5250	情報・通信業	10	情報通信・サービスその他	6	TOPIX Small 1	2207.0	2.81	62.0	2.77	62.0	2.81	配当あり	いいえ	9.71	4.91	1323.0	6790.0	2007.0	Communication Services			OK	通常掲載可	OK	42876.0	37.97	34.01	75.37	0.0	8909.0	227.32	27.27	57.59	1
5033	ヌーラボ	グロース（内国株式）	5250	情報・通信業	10	情報通信・サービスその他	-	-	906.0						配当未取得		32.77	2.92	57.6	948.0	660.0	Technology	配当未取得	1株配当が取得できていない	除外推奨	掲載非推奨	OK_配当データ要確認	4393.7	8.07	6.84	43.78	0.0	-24.5	27.65		9.17	
5034	ｕｎｅｒｒｙ	グロース（内国株式）	5250	情報・通信業	10	情報通信・サービスその他	-	-	2150.0						配当未取得		27.42	3.51	80.5	4210.0	1909.0	Communication Services	配当未取得	1株配当が取得できていない	除外推奨	掲載非推奨	OK_配当データ要確認	2834.9	6.32	36.51	77.45	0.0	180.3	78.41		19.67	
5035	ＨＯＵＳＥＩ	グロース（内国株式）	5250	情報・通信業	10	情報通信・サービスその他	-	-	361.0	0.83	3.0	0.82	3.0	0.83	配当あり	いいえ		0.79	24.1	517.0	353.0	Technology			OK	通常掲載可	OK	4779.3	0.76	-2.83	63.98	0.18	952.4	-28.51		-6.04	0
5036	日本ビジネスシステムズ	プライム（内国株式）	5250	情報・通信業	10	情報通信・サービスその他	7	TOPIX Small 2	1427.0	3.92	56.0	3.92	56.0	3.92	配当あり	いいえ	9.94	2.26	643.0	1924.0	1348.0	Technology			OK	通常掲載可	OK	172580.0	10.36	22.52	36.58	0.87	-3320.0	143.56	39.01	25.45	2
5038	ｅＷｅＬＬ	グロース（内国株式）	5250	情報・通信業	10	情報通信・サービスその他	-	-	1858.0	1.13	21.0	1.14	21.0	1.13	配当あり	いいえ	26.06	8.99	281.1	3015.0	1695.0	Healthcare			OK	通常掲載可	OK	3392.4	45.32	31.91	78.79	0.0	1148.5	71.29	29.46	40.14	3
504A	イノバセル	グロース（内国株式）	3250	医薬品	5	医薬品	-	-	414.0						配当未取得			1.83	186.7	1248.0	377.0	Healthcare	配当未取得	1株配当が取得できていない	除外推奨	掲載非推奨	OK_配当データ要確認	0.0			-12.38		-2047.9	-89.01			
505A	ギークリー	スタンダード（内国株式）	9050	サービス業	10	情報通信・サービスその他	-	-	1100.0	1.64	18.0	1.65	18.0	1.64	配当あり	いいえ	25.01		123.5	1760.0	1036.0	Industrials			OK	通常掲載可	OK	7148.0	9.85	22.38	65.14		325.7	43.98	40.93		
5071	ヴィス	スタンダード（内国株式）	9050	サービス業	10	情報通信・サービスその他	-	-	1350.0	4.37	59.0	4.31	59.0	4.37	配当あり	いいえ	8.44	1.44	113.9	1688.0	1221.0	Industrials			OK	通常掲載可	OK	16489.6	11.78	1.45	63.42	0.0	1094.7	159.98	36.88	18.41	4
5074	テスホールディングス	プライム（内国株式）	2050	建設業	3	建設・資材	7	TOPIX Small 2	872.0	0.67	5.8	0.62	5.8	0.67	配当あり	いいえ	66.36	1.24	615.9	1440.0	304.0	Utilities			OK	通常掲載可	OK	36684.0	6.95	19.71	28.13	2.18	-1165.0	13.14	44.14	2.07	0
5076	インフロニア・ホールディングス	プライム（内国株式）	2050	建設業	3	建設・資材	4	TOPIX Mid400	2634.0	3.8	100.0	3.74	100.0	3.8	配当あり	いいえ	10.21	1.09	6655.9	2822.0	1208.0	Industrials			OK	通常掲載可	OK	1124878.0	5.46	32.72	30.18	1.0	139733.0	258.01	38.76	13.16	0
50765	インフロニア・ホールディングス第１回社債型種類株式	プライム（内国株式）	2050	建設業	3	建設・資材	-	-	4632.0	2.81	130.0	2.81	130.0	2.81	配当あり	いいえ		1.92		4707.0	4596.0	Industrials			OK	通常掲載可	OK	1124878.0	5.46	32.72	30.18	1.0	139733.0			13.16	1
5078	セレコーポレーション	スタンダード（内国株式）	2050	建設業	3	建設・資材	-	-	4770.0	3.35	160.0	3.35	160.0	3.35	配当あり	いいえ	14.08	0.77	161.6	6950.0	4370.0	Real Estate			OK	通常掲載可	OK	20190.5	8.38	-15.6	85.91	0.01	-1945.6	338.67	47.24	5.52	2
5079	ノバック	スタンダード（内国株式）	2050	建設業	3	建設・資材	-	-	2470.0	4.86	120.0	4.86	120.0	4.86	配当あり	いいえ	10.81	0.7	127.3	2940.0	2390.0	Industrials			OK	通常掲載可	OK	27511.9	3.13	-20.1	70.08	0.02	4297.2	228.44	52.53	6.37	0
5101	横浜ゴム	プライム（内国株式）	3350	ゴム製品	6	自動車・輸送機	4	TOPIX Mid400	7383.0	2.33	172.0	2.37	172.0	2.33	配当あり	いいえ	10.83	1.12	11646.5	8168.0	4000.0	Consumer Cyclical			OK	通常掲載可	OK	1234959.0	12.38	12.81	51.58	0.52	23346.0	681.45	25.24	11.84	5
5103	昭和ホールディングス	スタンダード（内国株式）	3350	ゴム製品	6	自動車・輸送機	-	-	38.0						配当未取得			2.38	28.8	72.0	37.0	Basic Materials	配当未取得	1株配当が取得できていない	除外推奨	掲載非推奨	OK_配当データ要確認	8558.9	-2.56	-0.71	23.02	0.46	-164.4	-7.6		-31.63	
5105	ＴＯＹＯ　ＴＩＲＥ	プライム（内国株式）	3350	ゴム製品	6	自動車・輸送機	4	TOPIX Mid400	3753.0	3.73	140.0	3.76	140.0	3.73	配当あり	いいえ	9.09	1.08	5779.5	4855.0	3028.0	Consumer Cyclical			OK	通常掲載可	OK	594923.0	16.36	5.23	65.39	0.22	65882.0	413.06	33.89	13.17	5
5108	ブリヂストン	プライム（内国株式）	3350	ゴム製品	6	自動車・輸送機	2	TOPIX Large70	3402.0	3.82	130.0	3.81	130.0	3.82	配当あり	いいえ	28.65	1.17	42524.8	3859.0	2962.0	Consumer Cyclical			OK	通常掲載可	OK	4429452.0	8.61	-0.01	63.71	0.23	373287.0	118.73	109.49	9.29	5
5110	住友ゴム工業	プライム（内国株式）	3350	ゴム製品	6	自動車・輸送機	4	TOPIX Mid400	2114.0	3.97	84.0	4.03	84.0	3.97	配当あり	いいえ	11.03	0.77	5556.3	2798.5	1635.5	Consumer Cyclical			OK	通常掲載可	OK	676415.0	5.43	8.45	49.05	0.45	-28650.0	191.64	43.83	8.46	1
5121	藤倉コンポジット	プライム（内国株式）	3350	ゴム製品	6	自動車・輸送機	7	TOPIX Small 2	2500.0	3.44	86.0	3.37	86.0	3.44	配当あり	いいえ	11.99	1.22	464.2	2769.0	1453.0	Consumer Cyclical			OK	通常掲載可	OK	40238.8	12.02	-0.92	76.16	0.09	3858.7	208.59	41.23	10.92	0
5122	オカモト	プライム（内国株式）	3350	ゴム製品	6	自動車・輸送機	7	TOPIX Small 2	5290.0	2.27	120.0	2.28	120.0	2.27	配当あり	いいえ	18.69	0.82	901.3	6230.0	4735.0	Basic Materials			OK	通常掲載可	OK	108040.0	5.78	-0.98	67.32	0.03	-1721.0	282.99	42.4	4.74	0
5125	ファインズ	グロース（内国株式）	5250	情報・通信業	10	情報通信・サービスその他	-	-	470.0						配当未取得		8.01	0.96	21.0	1319.0	450.0	Communication Services	配当未取得	1株配当が取得できていない	除外推奨	掲載非推奨	OK_配当データ要確認	2761.2	11.93	-5.21	78.03	0.0	8.0	58.7		6.8	
5126	ポーターズ	グロース（内国株式）	5250	情報・通信業	10	情報通信・サービスその他	-	-	1449.0						配当未取得		18.98	1.64	23.6	2140.0	1300.0	Technology	配当未取得	1株配当が取得できていない	除外推奨	掲載非推奨	OK_配当データ要確認	2137.0	16.8	11.13	73.44	0.03	-62.0	76.36		7.84	
5129	ＦＩＸＥＲ	グロース（内国株式）	5250	情報・通信業	10	情報通信・サービスその他	-	-	265.0						配当未取得			1.56	39.3	665.0	233.0	Technology	配当未取得	1株配当が取得できていない	除外推奨	掲載非推奨	OK_配当データ要確認	3982.0	-43.22	-38.44	84.56	0.0	-1077.0	-202.44		-43.79	
5131	リンカーズ	グロース（内国株式）	5250	情報・通信業	10	情報通信・サービスその他	-	-	142.0						配当未取得			2.95	19.7	293.0	114.0	Industrials	配当未取得	1株配当が取得できていない	除外推奨	掲載非推奨	OK_配当データ要確認	1464.5	-15.26	-8.91	89.82	0.01	-126.7	-49.6			
5132	ｐｌｕｓｚｅｒｏ	グロース（内国株式）	5250	情報・通信業	10	情報通信・サービスその他	-	-	1992.0						配当未取得		44.64	9.76	155.1	4495.0	1275.0	Technology	配当未取得	1株配当が取得できていない	除外推奨	掲載非推奨	OK_配当データ要確認	1546.4	33.41	26.91	81.74	0.0	271.3	44.62		25.42	
5133	テリロジーホールディングス	スタンダード（内国株式）	5250	情報・通信業	10	情報通信・サービスその他	-	-	277.0	3.9	10.8	3.93	10.8	3.9	配当あり	いいえ	13.61	1.44	47.4	388.0	267.0	Technology			OK	通常掲載可	OK	10646.4	5.16	23.03	32.11	0.24	1411.6	20.36	53.05	11.9	0
5134	ＰＯＰＥＲ	グロース（内国株式）	5250	情報・通信業	10	情報通信・サービスその他	-	-	496.0						配当未取得		34.98	2.18	19.2	1424.0	431.0	Technology	配当未取得	1株配当が取得できていない	除外推奨	掲載非推奨	OK_配当データ要確認	1389.4	12.55	29.72	70.46	0.15	190.0	14.18		6.7	
5136	ｔｒｉｐｌａ	グロース（内国株式）	5250	情報・通信業	10	情報通信・サービスその他	-	-	1738.0						配当未取得		16.82	4.98	103.2	2389.0	1246.0	Technology	配当未取得	1株配当が取得できていない	除外推奨	掲載非推奨	OK_配当データ要確認	2573.5	20.2	37.82	8.39	0.61	8483.8	103.31		36.19	
5137	スマートドライブ	グロース（内国株式）	5250	情報・通信業	10	情報通信・サービスその他	-	-	212.0						配当未取得		14.9	5.91	79.8	570.0	175.0	Technology	配当未取得	1株配当が取得できていない	除外推奨	掲載非推奨	OK_配当データ要確認	2878.6	13.56	32.46	47.88	0.5	376.3	14.23		51.9	
5138	Ｒｅｂａｓｅ	グロース（内国株式）	5250	情報・通信業	10	情報通信・サービスその他	-	-	402.0						配当未取得		25.25	1.54	19.8	1465.0	365.0	Communication Services	配当未取得	1株配当が取得できていない	除外推奨	掲載非推奨	OK_配当データ要確認	2181.1	4.46	13.19	56.49	0.08	-109.5	15.92		5.56	
5139	オープンワーク	グロース（内国株式）	5250	情報・通信業	10	情報通信・サービスその他	-	-	923.0	0.98	9.0	0.96	9.0	0.98	配当あり	いいえ	23.09	2.78	191.6	1365.0	838.0	Technology			OK	通常掲載可	OK	4653.7	25.77	31.39	81.71		1411.1	39.98	22.51	12.56	
5142	アキレス	プライム（内国株式）	3200	化学	4	素材・化学	7	TOPIX Small 2	1147.0	2.62	30.0	2.6	30.0	2.62	配当あり	いいえ	7.46	0.36	156.7	1830.0	1076.0	Basic Materials			OK	通常掲載可	OK	81802.0	3.64	3.43	51.76	0.4	2639.0	153.7	19.52	5.12	0
5161	西川ゴム工業	スタンダード（内国株式）	3350	ゴム製品	6	自動車・輸送機	-	-	3010.0	6.11	184.0	6.12	184.0	6.11	配当あり	いいえ	10.22	1.24	1091.3	4545.0	2513.0	Consumer Cyclical			OK	通常掲載可	OK	122138.0	7.41	1.24	59.64	0.29	6708.0	294.38	62.5	13.08	2
5162	朝日ラバー	スタンダード（内国株式）	3350	ゴム製品	6	自動車・輸送機	-	-	791.0	3.03	24.0	3.0	24.0	3.03	配当あり	いいえ	22.55	0.71	35.5	1075.0	580.0	Consumer Cyclical			OK	通常掲載可	OK	7852.1	2.52	2.78	51.63	0.46	90.2	35.08	68.42	3.19	0
5184	ニチリン	スタンダード（内国株式）	3350	ゴム製品	6	自動車・輸送機	-	-	4055.0	4.69	190.0	4.69	190.0	4.69	配当あり	いいえ	9.69	0.87	534.6	4375.0	3410.0	Consumer Cyclical			OK	通常掲載可	OK	73668.0	12.31	3.24	68.5	0.04	6042.0	418.37	45.41	10.8	0
5185	フコク	プライム（内国株式）	3350	ゴム製品	6	自動車・輸送機	7	TOPIX Small 2	1805.0	5.54	100.0	5.57	100.0	5.54	配当あり	いいえ	24.39	0.63	256.7	2118.0	1628.0	Consumer Cyclical			OK	通常掲載可	OK	90025.0	4.23	0.41	50.03	0.4	2408.0	74.01	135.12	3.21	5
5186	ニッタ	プライム（内国株式）	3350	ゴム製品	6	自動車・輸送機	7	TOPIX Small 2	5860.0	2.9	170.0	2.88	170.0	2.9	配当あり	いいえ	11.95	0.98	1607.6	6380.0	3780.0	Industrials			OK	通常掲載可	OK	91834.0	6.38	1.73	85.64	0.0	5195.0	490.29	34.67	8.5	2
5187	クリエートメディック	スタンダード（内国株式）	3750	精密機器	9	電機・精密	-	-	1091.0	4.31	47.0	4.27	47.0	4.31	配当あり	いいえ	13.62	0.56	88.1	1244.0	928.0	Healthcare			OK	通常掲載可	OK	13617.6	7.38	4.51	81.08	0.05	67.7	80.08	58.69	4.16	2
5189	櫻護謨	スタンダード（内国株式）	3350	ゴム製品	6	自動車・輸送機	-	-	3020.0	3.31	100.0	3.33	100.0	3.31	配当あり	いいえ	8.77	0.58	58.4	3850.0	1865.0	Consumer Cyclical			OK	通常掲載可	OK	14540.8	8.47	19.3	51.02	0.4	-1159.4	344.4	29.04	6.99	0
5192	三ツ星ベルト	プライム（内国株式）	3350	ゴム製品	6	自動車・輸送機	6	TOPIX Small 1	3900.0	4.9	191.0	4.84	191.0	4.9	配当あり	いいえ	14.8	1.07	1088.6	4300.0	3325.0	Industrials			OK	通常掲載可	OK	92298.0	9.4	1.98	78.24	0.02	2544.0	263.47	72.49	7.49	0
5194	相模ゴム工業	スタンダード（内国株式）	3350	ゴム製品	6	自動車・輸送機	-	-	636.0	1.57	10.0	1.61	10.0	1.57	配当あり	いいえ	24.35	0.6	69.0	979.0	600.0	Consumer Defensive			OK	通常掲載可	OK	5911.1	3.05	3.92	60.6	0.45	454.6	26.12	38.28	2.25	0
5195	バンドー化学	プライム（内国株式）	3350	ゴム製品	6	自動車・輸送機	7	TOPIX Small 2	2209.0	4.53	100.0	4.54	100.0	4.53	配当あり	いいえ	8.61	0.97	900.2	2391.0	1668.0	Industrials			OK	通常掲載可	OK	119257.0	9.1	3.17	70.21	0.06	10538.0	256.43	39.0	12.08	5
5199	不二ラテックス	スタンダード（内国株式）	3350	ゴム製品	6	自動車・輸送機	-	-	1917.0	4.33	83.0	4.34	83.0	4.33	配当あり	いいえ	38.12	0.6	24.3	2217.0	1780.0	Basic Materials			OK	通常掲載可	OK	6798.2	6.12	-5.56	39.4	1.25	249.1	50.29	165.04	1.55	1
519A	ベーシック	グロース（内国株式）	5250	情報・通信業	10	情報通信・サービスその他	-	-	505.0						配当未取得		8.64	3.5	29.8	835.0	467.0	Technology	配当未取得	1株配当が取得できていない	除外推奨	掲載非推奨	OK_配当データ要確認	2275.6	11.89	24.93	62.03	0.25	195.7	58.43		62.81	
5201	ＡＧＣ	プライム（内国株式）	3400	ガラス・土石製品	3	建設・資材	4	TOPIX Mid400	6957.0	3.02	210.0	3.02	210.0	3.02	配当あり	いいえ	21.37	0.99	14776.2	8315.0	4186.0	Industrials			OK	通常掲載可	OK	2058832.0	6.09	-0.42	50.34	0.44	64931.0	325.59	64.5	4.63	0
5202	日本板硝子	プライム（内国株式）	3400	ガラス・土石製品	3	建設・資材	6	TOPIX Small 1	480.0						配当未取得		15.68	0.45	683.1	710.0	403.0	Consumer Cyclical	配当未取得	1株配当が取得できていない	除外推奨	掲載非推奨	OK_配当データ要確認	879462.0	3.28	4.65	13.53	3.62	-6787.0	30.62		3.36	0
5204	石塚硝子	スタンダード（内国株式）	3400	ガラス・土石製品	3	建設・資材	-	-	3000.0	2.4	72.0	2.37	72.0	2.4	配当あり	いいえ	4.81	0.33	125.1	4135.0	2478.0	Consumer Cyclical			OK	通常掲載可	OK	59510.0	6.99	6.28	37.78	0.71	3550.0	624.11	11.54	7.27	2
5208	有沢製作所	プライム（内国株式）	3200	化学	4	素材・化学	6	TOPIX Small 1	2677.0	3.66	98.0	3.75	98.0	3.66	配当あり	いいえ	17.36	1.73	877.4	2868.0	1434.0	Technology			OK	通常掲載可	OK	56474.2	10.28	13.37	62.55	0.3	-3770.6	154.2	63.55	10.07	1
520A	ジェイファーマ	グロース（内国株式）	3250	医薬品	5	医薬品	-	-	290.0						配当未取得			1.19	52.2	809.0	275.0	Healthcare	配当未取得	1株配当が取得できていない	除外推奨	掲載非推奨	OK_配当データ要確認	0.0			83.24		-1695.1	-79.95		-73.01	
5210	日本山村硝子	スタンダード（内国株式）	3400	ガラス・土石製品	3	建設・資材	-	-	2814.0	5.33	150.0	5.34	150.0	5.33	配当あり	いいえ	8.78	0.51	287.6	4020.0	2452.0	Consumer Cyclical			OK	通常掲載可	OK	72190.0	5.23	-1.56	58.23	0.39	4604.0	320.51	46.8	5.93	1
5214	日本電気硝子	プライム（内国株式）	3400	ガラス・土石製品	3	建設・資材	4	TOPIX Mid400	6342.0	2.52	160.0	2.44	160.0	2.52	配当あり	いいえ	16.59	0.95	4673.0	8377.0	3392.0	Technology			OK	通常掲載可	OK	311402.0	10.96	4.07	70.2	0.2	52029.0	382.34	41.85	6.9	2
5216	倉元製作所	スタンダード（内国株式）	3400	ガラス・土石製品	3	建設・資材	-	-	156.0						配当未取得			11.93	79.8	285.0	116.0	Technology	配当未取得	1株配当が取得できていない	除外推奨	掲載非推奨	OK_配当データ要確認	2010.8	-70.84	28.25	40.48	0.9	-647.3	-64.21			
5218	オハラ	スタンダード（内国株式）	3400	ガラス・土石製品	3	建設・資材	7	TOPIX Small 2	1528.0	1.64	25.0	1.61	25.0	1.64	配当あり	いいえ	26.25	0.69	362.7	1744.0	1019.0	Technology			OK	通常掲載可	OK	28895.7	6.21	3.53	77.64	0.11	-857.5	58.22	42.94	2.95	2
5232	住友大阪セメント	プライム（内国株式）	3400	ガラス・土石製品	3	建設・資材	4	TOPIX Mid400	6091.0	1.97	120.0	1.98	120.0	1.97	配当あり	いいえ	17.36	0.99	1930.3	6517.0	3619.0	Basic Materials			OK	通常掲載可	OK	223686.0	6.1	1.92	53.95	0.44	34539.0	350.84	34.2	5.81	0
5233	太平洋セメント	プライム（内国株式）	3400	ガラス・土石製品	3	建設・資材	4	TOPIX Mid400	3891.0	3.08	120.0	3.02	120.0	3.08	配当あり	いいえ	17.07	0.64	4239.5	4968.0	3265.0	Basic Materials			OK	通常掲載可	OK	898441.0	8.31	0.24	46.01	0.6	114205.0	227.94	52.65	3.87	2
5237	ノザワ	スタンダード（内国株式）	3400	ガラス・土石製品	3	建設・資材	-	-	1202.0	3.58	43.0	3.49	43.0	3.58	配当あり	いいえ	23.29	0.65	143.1	1297.0	880.0	Industrials			OK	通常掲載可	OK	22312.9	8.94	1.63	72.02	0.0	-557.0	51.62	83.3	2.84	1
523A	セイワホールディングス	グロース（内国株式）	3550	金属製品	3	建設・資材	-	-	1733.0						配当未取得		42.08	14.64	325.9	2580.0	1220.0	Industrials	配当未取得	1株配当が取得できていない	除外推奨	掲載非推奨	OK_配当データ要確認	7769.0	9.01	6.78	7.47	9.36	593.0	41.18		97.9	
5240	ｍｏｎｏＡＩ　ｔｅｃｈｎｏｌｏｇｙ	グロース（内国株式）	5250	情報・通信業	10	情報通信・サービスその他	-	-	126.0						配当未取得			1.43	15.5	380.0	113.0	Technology	配当未取得	1株配当が取得できていない	除外推奨	掲載非推奨	OK_配当データ要確認	980.9	-39.84	-31.37	86.5	0.02	-145.7	-27.41		-35.08	
5242	アイズ	グロース（内国株式）	5250	情報・通信業	10	情報通信・サービスその他	-	-	805.0						配当未取得			1.37	8.3	1947.0	804.0	Technology	配当未取得	1株配当が取得できていない	除外推奨	掲載非推奨	OK_配当データ要確認	965.7	-5.34	-6.81	55.09	0.35	-95.9	-66.25		-10.3	
5243	ｎｏｔｅ	グロース（内国株式）	5250	情報・通信業	10	情報通信・サービスその他	-	-	1920.0						配当未取得		71.43	6.77	370.9	3405.0	1152.0	Technology	配当未取得	1株配当が取得できていない	除外推奨	掲載非推奨	OK_配当データ要確認	4141.3	6.19	25.03	46.84	0.24	393.3	26.88		19.44	
5244	ｊｉｇ．ｊｐ	グロース（内国株式）	5250	情報・通信業	10	情報通信・サービスその他	-	-	169.0	3.47	5.86	3.47	5.86	3.47	配当あり	いいえ	6.08	1.39	69.6	319.0	152.0	Technology			OK	通常掲載可	OK	14631.5	13.51	6.05	66.94	0.06	1006.3	27.78	21.09	25.34	0
5246	ＥＬＥＭＥＮＴＳ	グロース（内国株式）	5250	情報・通信業	10	情報通信・サービスその他	-	-	603.0						配当未取得			4.53	163.8	1255.0	498.0	Technology	配当未取得	1株配当が取得できていない	除外推奨	掲載非推奨	OK_配当データ要確認	3895.1	-5.53	53.01	47.96	0.87	-1453.4	-28.12		-22.38	
5247	ＢＴＭ	グロース（内国株式）	5250	情報・通信業	10	情報通信・サービスその他	-	-	525.0						配当未取得		23.53	2.04	14.8	1336.0	508.0	Technology	配当未取得	1株配当が取得できていない	除外推奨	掲載非推奨	OK_配当データ要確認	5099.8	1.8	22.75	41.74	0.52	12.9	22.31		9.39	
5248	テクノロジーズ	グロース（内国株式）	5250	情報・通信業	10	情報通信・サービスその他	-	-	503.0						配当未取得		31.92	6.0	85.1	925.0	420.0	Technology	配当未取得	1株配当が取得できていない	除外推奨	掲載非推奨	OK_配当データ要確認	10149.1	18.45	-26.99	6.59	6.44	-2154.0	15.76		11.15	
5250	ＧＭＯプライム・ストラテジー	スタンダード（内国株式）	5250	情報・通信業	10	情報通信・サービスその他	-	-	1098.0	4.01	44.0	3.9	44.0	4.01	配当あり	いいえ	36.87	2.81	38.6	1554.0	831.0	Technology			OK	通常掲載可	OK	887.0	16.19	3.48	88.54	0.04	96.1	29.78	147.75	7.8	2
5252	日本ナレッジ	グロース（内国株式）	5250	情報・通信業	10	情報通信・サービスその他	-	-	800.0	1.75	14.0	1.7	14.0	1.75	配当あり	いいえ	38.33	2.75	33.2	989.0	397.67	Technology			OK	通常掲載可	OK	4558.6	1.43	9.74	53.52	0.33	38.3	20.87	67.08	7.34	0
5253	カバー	グロース（内国株式）	5250	情報・通信業	10	情報通信・サービスその他	-	-	1344.0						配当未取得		29.89	4.42	861.4	2345.0	1141.0	Technology	配当未取得	1株配当が取得できていない	除外推奨	掲載非推奨	OK_配当データ要確認	49330.0	14.31	13.66	57.18		4669.0	44.97		16.34	
5254	Ａｒｅｎｔ	グロース（内国株式）	5250	情報・通信業	10	情報通信・サービスその他	-	-	3870.0						配当未取得		19.76	3.72	264.8	5750.0	2454.0	Technology	配当未取得	1株配当が取得できていない	除外推奨	掲載非推奨	OK_配当データ要確認	2939.5	42.05	45.37	81.45	0.1	829.7	195.82		23.66	
5255	モンスターラボ	グロース（内国株式）	5250	情報・通信業	10	情報通信・サービスその他	-	-	77.0						配当未取得			6.7	49.8	322.0	69.0	Technology	配当未取得	1株配当が取得できていない	除外推奨	掲載非推奨	OK_配当データ要確認	7795.3	-2.41	-22.07	7.61	8.74	-202.6	-7.48			
5256	Ｆｕｓｉｃ	グロース（内国株式）	5250	情報・通信業	10	情報通信・サービスその他	-	-	2249.0						配当未取得		16.23	2.28	28.7	3945.0	2040.0	Technology	配当未取得	1株配当が取得できていない	除外推奨	掲載非推奨	OK_配当データ要確認	1798.4	11.52	17.38	67.26	0.04	-7.3	138.54		11.78	
5257	ノバシステム	スタンダード（内国株式）	5250	情報・通信業	10	情報通信・サービスその他	-	-	2550.0	4.12	105.0	4.1	105.0	4.12	配当あり	いいえ	15.36	1.52	35.6	3050.0	2264.0	Technology			OK	通常掲載可	OK	6716.2	4.84	3.94	62.43	0.27	-39.3	166.01	63.25	9.93	
5258	トランザクション・メディア・ネットワークス	グロース（内国株式）	5250	情報・通信業	10	情報通信・サービスその他	-	-	388.0						配当未取得			1.75	115.1	540.0	291.0	Technology	配当未取得	1株配当が取得できていない	除外推奨	掲載非推奨	OK_配当データ要確認	13277.0	0.0	7.94	23.0	1.15	-1730.7	-1.94		-0.72	
5261	リソルホールディングス	プライム（内国株式）	9050	サービス業	10	情報通信・サービスその他	-	-	7470.0	1.61	120.0	1.63	120.0	1.61	配当あり	いいえ	15.34	2.27	415.1	8930.0	5040.0	Consumer Cyclical			OK	通常掲載可	OK	30404.0	10.86	7.06	41.71	0.73	2703.0	487.08	24.64	15.71	2
5262	日本ヒューム	プライム（内国株式）	3400	ガラス・土石製品	3	建設・資材	6	TOPIX Small 1	1041.0	2.5	26.0	2.46	26.0	2.5	配当あり	いいえ	14.38	1.02	530.3	2690.0	987.0	Industrials			OK	通常掲載可	OK	40240.0	6.27	8.57	75.68	0.02	-3476.3	72.4	35.91	7.11	0
5268	旭コンクリート工業	スタンダード（内国株式）	3400	ガラス・土石製品	3	建設・資材	-	-	833.0	1.68	14.0	1.67	14.0	1.68	配当あり	いいえ	24.12	0.86	109.7	1400.0	610.0	Industrials			OK	通常掲載可	OK	7636.5	7.99	5.74	75.82	0.05	-109.6	34.53	40.54	3.66	0
5269	日本コンクリート工業	プライム（内国株式）	3400	ガラス・土石製品	3	建設・資材	7	TOPIX Small 2	321.0	3.12	10.0	3.09	10.0	3.12	配当あり	いいえ	25.48	0.38	174.2	430.0	287.0	Basic Materials			OK	通常掲載可	OK	49233.3	0.66	-6.49	52.1	0.27	-82.5	12.6	79.37	1.86	0
5271	トーヨーアサノ	スタンダード（内国株式）	3400	ガラス・土石製品	3	建設・資材	-	-	2154.0	3.95	85.0	3.95	85.0	3.95	配当あり	いいえ		0.72	28.4	2635.0	2092.0	Industrials			OK	通常掲載可	OK	11690.9	0.88	-18.83	26.97	2.16	1071.1	-170.73		-5.47	3
5273	三谷セキサン	スタンダード（内国株式）	3400	ガラス・土石製品	3	建設・資材	7	TOPIX Small 2	1543.0	2.82	43.5	2.84	43.5	2.82	配当あり	いいえ	7.88	1.07	1084.0	2345.0	1362.0	Industrials			OK	通常掲載可	OK	99854.0	17.62	13.77	71.9	0.01	7976.0	195.84	22.21	14.41	4
5279	日本興業	スタンダード（内国株式）	3400	ガラス・土石製品	3	建設・資材	-	-	1205.0	3.73	45.0	3.73	45.0	3.73	配当あり	いいえ	6.07	0.41	35.1	1599.0	1089.0	Industrials			OK	通常掲載可	OK	16321.0	4.84	10.68	50.12	0.51	-374.0	198.46	22.67	6.98	2
5280	ヨシコン	スタンダード（内国株式）	8050	不動産業	17	不動産	-	-	2187.0	4.12	90.0	4.14	90.0	4.12	配当あり	いいえ	5.79	0.52	150.5	3175.0	2072.0	Real Estate			OK	通常掲載可	OK	29123.5	13.4	6.0	66.68	0.36	-2463.3	377.54	23.84	9.45	4
5282	ジオスター	スタンダード（内国株式）	3400	ガラス・土石製品	3	建設・資材	-	-	431.0	2.32	10.0	2.45	10.0	2.32	配当あり	いいえ	6.87	0.53	132.0	508.0	289.0	Basic Materials			OK	通常掲載可	OK	28858.8	7.11	1.16	68.1	0.01	3534.9	62.75	15.94	7.58	0
5283	高見澤	スタンダード（内国株式）	6050	卸売業	13	商社・卸売	-	-	2914.0	2.4	70.0	2.41	70.0	2.4	配当あり	いいえ	7.71	0.3	48.1	3795.0	2902.0	Basic Materials			OK	通常掲載可	OK	71369.0	2.53	3.51	35.6	0.64	294.0	377.91	18.52	5.09	0
5284	ヤマウホールディングス	スタンダード（内国株式）	3400	ガラス・土石製品	3	建設・資材	-	-	2268.0	4.94	112.0	4.98	112.0	4.94	配当あり	いいえ	6.19	1.0	137.4	2618.0	1975.0	Basic Materials			OK	通常掲載可	OK	21243.9	16.68	-6.98	61.21	0.24	859.8	366.51	30.56	16.96	2
5285	ヤマックス	スタンダード（内国株式）	3400	ガラス・土石製品	3	建設・資材	-	-	1319.0	9.55	126.0	9.48	126.0	9.55	配当あり	いいえ	6.17	1.26	127.9	2280.0	1185.0	Basic Materials	高利回り要確認	配当利回りが8%以上	要確認	手動確認後に掲載	OK_高利回り要確認	26148.7	11.16	11.42	60.44	0.17	239.6	213.7	58.96	22.05	5
5287	イトーヨーギョー	スタンダード（内国株式）	3400	ガラス・土石製品	3	建設・資材	-	-	811.0	2.47	20.0	2.48	20.0	2.47	配当あり	いいえ	7.45	0.79	23.9	2063.0	670.0	Industrials			OK	通常掲載可	OK	3933.9	8.56	15.62	62.66	0.09	318.2	108.84	18.38	-4.13	1
5288	アジアパイルホールディングス	プライム（内国株式）	3400	ガラス・土石製品	3	建設・資材	7	TOPIX Small 2	1450.0	4.83	70.0	4.81	70.0	4.83	配当あり	いいえ	7.27	1.06	552.3	1760.0	949.0	Basic Materials			OK	通常掲載可	OK	115956.0	9.39	15.03	49.38	0.31	9280.0	199.34	35.12	14.95	0
5290	ベルテクスコーポレーション	スタンダード（内国株式）	3400	ガラス・土石製品	3	建設・資材	-	-	1317.0	3.04	40.0	3.03	40.0	3.04	配当あり	いいえ	6.42	1.46	649.5	2144.0	1137.5	Basic Materials			OK	通常掲載可	OK	46519.9	15.17	19.53	67.29	0.13	3389.8	205.21	19.49	25.48	3
5301	東海カーボン	プライム（内国株式）	3400	ガラス・土石製品	3	建設・資材	4	TOPIX Mid400	1747.0	2.29	40.0	2.33	40.0	2.29	配当あり	いいえ	18.56	1.18	3730.0	1913.0	878.0	Basic Materials			OK	通常掲載可	OK	322960.0	8.0	-7.76	47.94	0.65	12965.0	94.13	42.49	6.72	0
5302	日本カーボン	プライム（内国株式）	3400	ガラス・土石製品	3	建設・資材	6	TOPIX Small 1	4780.0	4.18	200.0	4.32	200.0	4.18	配当あり	いいえ	10.94	0.98	523.5	5080.0	3990.0	Basic Materials			OK	通常掲載可	OK	37735.0	12.74	-0.58	63.54	0.19	791.0	437.07	45.76	8.35	0
5304	ＳＥＣカーボン	スタンダード（内国株式）	3400	ガラス・土石製品	3	建設・資材	-	-	2417.0	4.14	100.0	4.17	100.0	4.14	配当あり	いいえ		0.62	481.8	3085.0	2009.0	Basic Materials			OK	通常掲載可	OK	25101.0	15.97	-19.49	89.19	0.0	4166.0	-3.84		-0.1	0
5310	東洋炭素	プライム（内国株式）	3400	ガラス・土石製品	3	建設・資材	6	TOPIX Small 1	7500.0	1.93	145.0	1.97	145.0	1.93	配当あり	いいえ	28.79	1.64	1572.9	8990.0	3850.0	Industrials			OK	通常掲載可	OK	46189.0	14.63	-13.0	82.68	0.06	-6103.0	260.54	55.65	5.13	0
5331	ノリタケ	プライム（内国株式）	3400	ガラス・土石製品	3	建設・資材	6	TOPIX Small 1	4095.0	2.44	100.0	2.45	100.0	2.44	配当あり	いいえ	16.08	1.35	2252.1	4635.0	1802.5	Industrials			OK	通常掲載可	OK	142908.0	7.78	3.42	72.47	0.08	-4072.0	254.59	39.28	8.9	5
5332	ＴＯＴＯ	プライム（内国株式）	3400	ガラス・土石製品	3	建設・資材	4	TOPIX Mid400	8263.0	1.45	120.0	1.39	120.0	1.45	配当あり	いいえ	35.46	2.57	13585.7	9500.0	3640.0	Industrials			OK	通常掲載可	OK	737441.0	7.29	1.79	63.84	0.13	28082.0	233.02	51.5	7.18	0
5333	ＮＧＫ	プライム（内国株式）	3400	ガラス・土石製品	3	建設・資材	4	TOPIX Mid400	7660.0	1.38	106.0	1.41	106.0	1.38	配当あり	いいえ	37.12	2.72	21552.5	7894.0	1771.5	Industrials			OK	通常掲載可	OK	670125.0	14.18	8.17	65.09	0.3	82519.0	206.38	51.36	7.81	1
5334	日本特殊陶業	プライム（内国株式）	3400	ガラス・土石製品	3	建設・資材	4	TOPIX Mid400	10785.0	1.95	210.0	1.96	210.0	1.95	配当あり	いいえ	23.11	2.76	21064.2	11120.0	4762.0	Consumer Cyclical			OK	通常掲載可	OK	652993.0	19.69	-10.7	62.85	0.32	98143.0	466.74	44.99	16.11	5
5337	ダントーホールディングス	スタンダード（内国株式）	3400	ガラス・土石製品	3	建設・資材	-	-	818.0						配当未取得		35.41	3.19	262.2	941.0	492.0	Industrials	配当未取得	1株配当が取得できていない	除外推奨	掲載非推奨	OK_配当データ要確認	4915.0	-13.51	-7.53	76.99	0.0	-387.0	23.1		-0.45	
5341	ＡＳＡＨＩ　ＥＩＴＯホールディングス	スタンダード（内国株式）	3400	ガラス・土石製品	3	建設・資材	-	-	172.0						配当未取得			1.07	12.8	462.0	166.0	Consumer Defensive	配当未取得	1株配当が取得できていない	除外推奨	掲載非推奨	OK_配当データ要確認	4336.9	-6.28	9.3	40.14	0.66	-151.6	-57.38		-29.36	
5344	ＭＡＲＵＷＡ	プライム（内国株式）	3400	ガラス・土石製品	3	建設・資材	4	TOPIX Mid400	73840.0	0.15	110.0	0.16	110.0	0.15	配当あり	いいえ	50.14	6.19	9111.7	85650.0	35980.0	Technology			OK	通常掲載可	OK	74476.0	33.54	3.66	90.52	0.0	-5591.0	1472.64	7.47	13.2	13
5351	品川リフラ	プライム（内国株式）	3400	ガラス・土石製品	3	建設・資材	6	TOPIX Small 1	1906.0	4.72	90.0	4.68	90.0	4.72	配当あり	いいえ	3.33	0.81	869.8	2507.0	1622.0	Industrials			OK	通常掲載可	OK	177738.0	7.66	23.37	46.13	0.41	3580.0	571.53	15.75	25.0	5
5355	日本坩堝	スタンダード（内国株式）	3400	ガラス・土石製品	3	建設・資材	-	-	680.0	2.94	20.0	2.93	20.0	2.94	配当あり	いいえ	10.59	0.73	45.2	695.0	596.0	Industrials			OK	通常掲載可	OK	9784.4	5.03	1.81	49.89	0.35	469.4	64.24	31.13	7.23	2
5356	美濃窯業	スタンダード（内国株式）	3400	ガラス・土石製品	3	建設・資材	-	-	1380.0	3.77	52.0	3.74	52.0	3.77	配当あり	いいえ	11.32	0.9	141.6	1494.0	978.0	Basic Materials			OK	通常掲載可	OK	16154.5	9.9	7.28	70.78	0.09	1548.1	121.9	42.66	8.26	1
5357	ヨータイ	プライム（内国株式）	3400	ガラス・土石製品	3	建設・資材	7	TOPIX Small 2	1688.0	5.33	90.0	5.15	90.0	5.33	配当あり	いいえ	12.56	0.9	311.0	2016.0	1657.0	Basic Materials			OK	通常掲載可	OK	29585.0	12.15	0.95	81.51	0.0	995.6	134.42	66.95	7.33	0
5363	東京窯業	スタンダード（内国株式）	3400	ガラス・土石製品	3	建設・資材	-	-	669.0	6.37	42.6	6.19	42.6	6.37	配当あり	いいえ	7.94	0.63	297.2	731.0	505.0	Basic Materials			OK	通常掲載可	OK	31484.6	10.93	-1.41	70.41	0.07	1582.3	84.21	50.59	8.1	5
5367	ニッカトー	スタンダード（内国株式）	3400	ガラス・土石製品	3	建設・資材	-	-	1385.0	1.66	23.0	1.57	23.0	1.66	配当あり	いいえ	21.35	1.17	165.6	2099.0	496.0	Industrials			OK	通常掲載可	OK	11340.9	9.45	12.55	74.98	0.04	1119.5	64.87	35.46	5.69	0
5368	日本インシュレーション	スタンダード（内国株式）	3400	ガラス・土石製品	3	建設・資材	-	-	927.0	4.31	40.0	4.33	40.0	4.31	配当あり	いいえ	6.82	0.54	80.3	1357.0	901.0	Industrials			OK	通常掲載可	OK	14393.8	11.2	17.76	78.56	0.07	319.0	135.92	29.43	8.26	0
5380	新東	スタンダード（内国株式）	3400	ガラス・土石製品	3	建設・資材	-	-	1104.0	3.4	37.5	3.39	37.5	3.4	配当あり	いいえ	87.62	0.24	7.8	2226.0	1040.0	Industrials			OK	通常掲載可	OK	4545.1	-1.4	-9.87	52.86	0.58	136.6	12.6	297.62	3.87	0
5381	マイポックス	スタンダード（内国株式）	3400	ガラス・土石製品	3	建設・資材	-	-	1049.0	0.95	10.0	0.93	10.0	0.95	配当あり	いいえ	29.58	1.63	146.1	1377.0	414.0	Basic Materials			OK	通常掲載可	OK	12059.4	4.8	7.94	49.51	0.77	-283.3	35.46	28.2	5.8	0
5384	フジミインコーポレーテッド	プライム（内国株式）	3400	ガラス・土石製品	3	建設・資材	6	TOPIX Small 1	4620.0	1.67	77.0	1.68	77.0	1.67	配当あり	いいえ	37.45	4.09	3427.3	5090.0	1955.0	Technology			OK	通常掲載可	OK	69404.0	19.92	11.04	69.14	0.21	-9636.0	123.35	62.42	11.29	0
5388	クニミネ工業	スタンダード（内国株式）	3400	ガラス・土石製品	3	建設・資材	-	-	1281.0	3.9	50.0	3.91	50.0	3.9	配当あり	いいえ	11.64	0.7	156.0	1400.0	1043.0	Basic Materials			OK	通常掲載可	OK	17075.5	9.38	8.71	82.96	0.0	3118.8	110.08	45.42	6.16	0
5391	エーアンドエーマテリアル	スタンダード（内国株式）	3400	ガラス・土石製品	3	建設・資材	-	-	1460.0	4.79	70.0	4.87	70.0	4.79	配当あり	いいえ	6.45	0.47	80.7	1665.0	1150.0	Industrials			OK	通常掲載可	OK	45700.0	3.67	5.25	39.51	0.53	-229.0	226.47	30.91	9.5	3
5393	ニチアス	プライム（内国株式）	3400	ガラス・土石製品	3	建設・資材	4	TOPIX Mid400	3941.0	1.52	60.0	1.52	60.0	1.52	配当あり	いいえ	23.81	3.12	7452.0	4146.0	1798.33	Industrials			OK	通常掲載可	OK	251909.0	14.69	-1.79	77.66	0.05	15201.0	165.51	36.25	13.93	7
5401	日本製鉄	プライム（内国株式）	3450	鉄鋼	7	鉄鋼・非鉄	2	TOPIX Large70	531.0	4.52	24.0	4.48	24.0	4.52	配当あり	いいえ	162.39	0.5	27751.6	699.8	531.0	Basic Materials			OK	通常掲載可	OK	10063216.0	4.26	15.73	37.72	0.94	-172716.0	3.27	733.94	0.75	1
5406	神戸製鋼所	プライム（内国株式）	3450	鉄鋼	7	鉄鋼・非鉄	4	TOPIX Mid400	1849.0	4.33	80.0	4.27	80.0	4.33	配当あり	いいえ	7.78	0.58	7311.9	2379.5	1560.0	Basic Materials			OK	通常掲載可	OK	2436581.0	5.33	-4.64	44.02	0.61	77248.0	237.81	33.64	7.62	4
5408	中山製鋼所	プライム（内国株式）	3450	鉄鋼	7	鉄鋼・非鉄	7	TOPIX Small 2	604.0	2.32	14.0	2.33	14.0	2.32	配当あり	いいえ	13.29	0.3	327.5	706.0	551.0	Basic Materials			OK	通常掲載可	OK	148306.0	3.31	-12.42	71.63	0.08	10192.0	45.44	30.81	2.28	0
5410	合同製鐵	プライム（内国株式）	3450	鉄鋼	7	鉄鋼・非鉄	6	TOPIX Small 1	2545.0	3.93	100.0	3.88	100.0	3.93	配当あり	いいえ	4.62	0.26	372.2	4390.0	2489.0	Basic Materials			OK	通常掲載可	OK	191772.0	5.12	-6.54	56.27	0.38	12441.0	550.45	18.17	5.78	0
5411	ＪＦＥホールディングス	プライム（内国株式）	3450	鉄鋼	7	鉄鋼・非鉄	4	TOPIX Mid400	1552.5	5.15	80.0	5.13	80.0	5.15	配当あり	いいえ	14.72	0.38	9876.0	2359.0	1535.0	Basic Materials			OK	通常掲載可	OK	4539270.0	1.51	-6.59	44.43	0.75	99551.0	105.46	75.86	2.81	0
5423	東京製鐵	プライム（内国株式）	3450	鉄鋼	7	鉄鋼・非鉄	6	TOPIX Small 1	1705.0	2.35	40.0	2.37	40.0	2.35	配当あり	いいえ	15.15	0.79	1742.8	1973.0	1328.0	Basic Materials			OK	通常掲載可	OK	268095.0	2.7	-17.96	75.83	0.0	-25837.0	112.56	35.54	5.36	0
542A	ビタブリッドジャパン	グロース（内国株式）	3200	化学	4	素材・化学	-	-	954.0						配当未取得		5.22		53.4	1390.0	925.0	Consumer Defensive	配当未取得	1株配当が取得できていない	除外推奨	掲載非推奨	OK_配当データ要確認	15296.5	6.68	21.19	44.53	0.54	1721.3	182.78			
543A	ＡＲＣＨＩＯＮ	プライム（内国株式）	3700	輸送用機器	6	自動車・輸送機	6	TOPIX Small 1	289.0	2.77	8.0	2.77	8.0	2.77	配当あり	いいえ	1.99	0.64	7966.5	562.0	276.0	Industrials			OK	通常掲載可	OK	1565332.0	5.24	-7.77	31.92	0.47	19700.0	145.48	5.5	22.99	1
5440	共英製鋼	プライム（内国株式）	3450	鉄鋼	7	鉄鋼・非鉄	6	TOPIX Small 1	1719.0	4.07	70.0	4.02	70.0	4.07	配当あり	いいえ	7.58	0.35	747.1	2696.0	1692.0	Basic Materials			OK	通常掲載可	OK	315106.0	5.38	-2.4	56.73	0.45	6334.0	226.9	30.85	5.17	0
5444	大和工業	プライム（内国株式）	3450	鉄鋼	7	鉄鋼・非鉄	4	TOPIX Mid400	12140.0	3.29	400.0	3.3	400.0	3.29	配当あり	いいえ	11.85	1.34	7253.9	13205.0	8351.0	Basic Materials			OK	通常掲載可	OK	160389.0	2.8	-4.68	85.51	0.0	40508.0	1024.62	39.04	10.79	0
5445	東京鐵鋼	プライム（内国株式）	3450	鉄鋼	7	鉄鋼・非鉄	6	TOPIX Small 1	1798.0	5.56	100.0	5.49	100.0	5.56	配当あり	いいえ	5.7	0.72	455.1	2233.33	1755.0	Basic Materials			OK	通常掲載可	OK	72540.0	16.61	-12.17	78.79	0.07	-1813.0	315.56	31.69	13.11	3
5446	北越メタル	スタンダード（内国株式）	3450	鉄鋼	7	鉄鋼・非鉄	-	-	1134.0	3.44	39.0	3.45	39.0	3.44	配当あり	いいえ		0.24	43.7	1331.0	1108.0	Basic Materials			OK	通常掲載可	OK	23598.3	-1.31	-17.86	69.3	0.12	700.3	-88.23		-1.9	1
5449	大阪製鐵	スタンダード（内国株式）	3450	鉄鋼	7	鉄鋼・非鉄	7	TOPIX Small 2	2265.0	1.68	38.0	1.4	38.0	1.68	配当あり	いいえ		0.61	677.7	3935.0	2221.0	Basic Materials			OK	通常掲載可	OK	95096.0	-0.36	-18.32	72.42	0.15	8821.0	-695.81		-15.45	0
544A	ＧＭＳグループ	プライム（内国株式）	3600	機械	8	機械	7	TOPIX Small 2	360.0						配当未取得				272.9	429.0	340.0	Industrials	配当未取得	1株配当が取得できていない	除外推奨	掲載非推奨	OK_配当データ要確認										
5451	ヨドコウ	プライム（内国株式）	3450	鉄鋼	7	鉄鋼・非鉄	6	TOPIX Small 1	1279.0	4.14	53.0	4.12	53.0	4.14	配当あり	いいえ	10.69	0.9	1832.1	1660.0	1100.0	Basic Materials			OK	通常掲載可	OK	195373.0	6.07	-6.28	76.05	0.0	13879.0	119.59	44.32	8.25	4
5458	高砂鐵工	スタンダード（内国株式）	3450	鉄鋼	7	鉄鋼・非鉄	-	-	1240.0	3.63	45.0	3.63	45.0	3.63	配当あり	いいえ	10.28	0.73	37.2	1300.0	900.0	Basic Materials			OK	通常掲載可	OK	12113.0	4.68	0.11	52.48	0.0	1056.0	120.65	37.3	7.37	1
545A	トランヴィア	プライム（内国株式）	5250	情報・通信業	10	情報通信・サービスその他	7	TOPIX Small 2	896.0						配当未取得				357.9	988.0	808.0	Technology	配当未取得	1株配当が取得できていない	除外推奨	掲載非推奨	OK_配当データ要確認										
5461	中部鋼鈑	プライム（内国株式）	3450	鉄鋼	7	鉄鋼・非鉄	6	TOPIX Small 1	1995.0	5.66	113.0	5.7	113.0	5.66	配当あり	いいえ	42.2	0.72	538.2	2605.0	1912.0	Basic Materials			OK	通常掲載可	OK	51103.0	1.81	0.11	88.63		-10104.0	47.28	239.0	1.72	0
5463	丸一鋼管	プライム（内国株式）	3450	鉄鋼	7	鉄鋼・非鉄	4	TOPIX Mid400	1876.5	2.77	52.0	2.77	52.0	2.77	配当あり	いいえ	15.9	1.19	4149.4	1955.5	1150.0	Basic Materials			OK	通常掲載可	OK	243764.0	13.15	-6.84	82.49	0.02	4941.0	118.03	44.06	7.75	4
5464	モリ工業	スタンダード（内国株式）	3450	鉄鋼	7	鉄鋼・非鉄	7	TOPIX Small 2	921.0	3.69	34.0	3.64	34.0	3.69	配当あり	いいえ	10.42	0.6	349.8	1063.0	840.0	Basic Materials			OK	通常掲載可	OK	43288.0	10.11	-6.18	80.5	0.03	3176.0	88.36	38.48	5.88	0
546A	ＭＩＲＡＩＮＩホールディングス	プライム（内国株式）	6050	卸売業	13	商社・卸売	7	TOPIX Small 2	2334.0	4.11	96.0	4.28	96.0	4.11	配当あり	いいえ			828.1	2650.0	1768.0	Technology			OK	通常掲載可	OK										
5471	大同特殊鋼	プライム（内国株式）	3450	鉄鋼	7	鉄鋼・非鉄	4	TOPIX Mid400	2758.5	1.89	52.0	1.89	52.0	1.89	配当あり	いいえ	17.06	1.17	5513.0	3005.0	965.2	Basic Materials			OK	通常掲載可	OK	578129.0	7.28	0.55	55.18	0.38	13541.0	161.65	32.17	7.1	5
547A	ムニノバホールディングス	プライム（内国株式）	7200	その他金融業	16	金融（除く銀行）	6	TOPIX Small 1	435.0	9.2	40.0	9.13	40.0	9.2	配当あり	いいえ	7.5	0.86	2083.6	595.0	406.0	Financial Services	高利回り要確認	配当利回りが8%以上	要確認	手動確認後に掲載	OK_高利回り要確認	189050.0	13.38	15.91	15.05	3.62	-108113.0	58.03	68.93	11.69	1
5480	日本冶金工業	プライム（内国株式）	3450	鉄鋼	7	鉄鋼・非鉄	6	TOPIX Small 1	4710.0	4.67	220.0	4.71	220.0	4.67	配当あり	いいえ	9.06	0.65	652.5	5320.0	3940.0	Basic Materials			OK	通常掲載可	OK	150866.0	7.27	-12.34	46.08	0.8	4852.0	519.77	42.33	7.29	1
5482	愛知製鋼	プライム（内国株式）	3450	鉄鋼	7	鉄鋼・非鉄	6	TOPIX Small 1	3005.0	2.4	72.0	2.4	72.0	2.4	配当あり	いいえ	17.6	0.82	1930.6	3515.0	1960.0	Basic Materials			OK	通常掲載可	OK	304341.0	5.71	1.69	59.24	0.2	48007.0	170.7	42.18	5.26	3
5484	東北特殊鋼	スタンダード（内国株式）	3450	鉄鋼	7	鉄鋼・非鉄	-	-	4440.0	0.68	30.0	0.68	30.0	0.68	配当あり	いいえ	25.84	1.12	329.8	4485.0	1923.0	Basic Materials			OK	通常掲載可	OK	21178.1	5.9	-0.75	82.04		1321.2	171.83	17.46	4.44	0
548A	システムエグゼ	スタンダード（内国株式）	5250	情報・通信業	10	情報通信・サービスその他	-	-	945.0	9.41	88.96	9.43	88.96	9.41	配当あり	いいえ	9.46	0.78	49.5	1195.0	878.0	Technology	高利回り要確認	配当利回りが8%以上	要確認	手動確認後に掲載	OK_高利回り要確認	11605.9	5.56	2.08	70.17	0.03	18.3	99.86	89.08	10.89	
5491	日本金属	スタンダード（内国株式）	3450	鉄鋼	7	鉄鋼・非鉄	-	-	831.0	0.6	5.0	0.59	5.0	0.6	配当あり	いいえ	25.2	0.18	53.6	1189.0	711.0	Basic Materials			OK	通常掲載可	OK	49619.0	2.56	-3.27	44.44	0.59	868.0	32.97	15.17	0.75	0
549A	ヒトトヒトホールディングス	スタンダード（内国株式）	9050	サービス業	10	情報通信・サービスその他	-	-	462.0	9.28	42.86	9.36	42.86	9.28	配当あり	いいえ	11.61	2.25	64.7	682.0	413.0	Industrials	高利回り要確認	配当利回りが8%以上	要確認	手動確認後に掲載	OK_高利回り要確認	16803.0	4.2	7.67	19.88	2.97	259.0	39.78	107.74	25.09	
550A	ソフトテックス	スタンダード（内国株式）	5250	情報・通信業	10	情報通信・サービスその他	-	-	2088.0	3.35	70.0	3.32	70.0	3.35	配当あり	いいえ	8.57		18.3	5220.0	1922.0	Technology			OK	通常掲載可	OK	3639.6	8.18	2.09	68.54	0.0	11.0	243.71	28.72		
5527	ｐｒｏｐｅｒｔｙ　ｔｅｃｈｎｏｌｏｇｉｅｓ	グロース（内国株式）	8050	不動産業	17	不動産	-	-	634.0	3.94	25.0	3.91	25.0	3.94	配当あり	いいえ	7.25	0.96	79.0	910.0	411.67	Real Estate			OK	通常掲載可	OK	50909.7	4.01	22.34	19.26	3.71	-981.0	87.42	28.6	13.24	1
5532	リアルゲイト	グロース（内国株式）	8050	不動産業	17	不動産	-	-	3515.0						配当未取得		30.86	4.99	228.0	4390.0	1966.0	Real Estate	配当未取得	1株配当が取得できていない	除外推奨	掲載非推奨	OK_配当データ要確認	9792.0	10.65	23.19	15.76	4.16	-4206.1	113.89		18.46	
5533	エリッツホールディングス	スタンダード（内国株式）	8050	不動産業	17	不動産	-	-	1980.0	3.54	70.0	3.59	70.0	3.54	配当あり	いいえ	9.04	1.26	69.6	2124.0	1719.0	Real Estate			OK	通常掲載可	OK	6385.7	16.0	9.43	55.6	0.34	695.7	218.99	31.96	14.52	1
5535	ミガロホールディングス	プライム（内国株式）	8050	不動産業	17	不動産	-	-	263.0	3.42	9.0	3.46	9.0	3.42	配当あり	いいえ	11.35	1.12	169.1	1067.0	243.0	Real Estate			OK	通常掲載可	OK	57532.2	5.32	11.26	26.42	2.35	3636.7	23.17	38.84	11.0	0
5537	ＡｌｂａＬｉｎｋ	グロース（内国株式）	8050	不動産業	17	不動産	-	-	2727.0						配当未取得		24.04	10.82	223.2	3900.0	264.75	Real Estate	配当未取得	1株配当が取得できていない	除外推奨	掲載非推奨	OK_配当データ要確認	8191.2	16.01	50.57	38.33	1.1	1000.2	113.44		49.47	
5541	大平洋金属	プライム（内国株式）	3450	鉄鋼	7	鉄鋼・非鉄	7	TOPIX Small 2	2235.0	5.82	130.0	6.01	130.0	5.82	配当あり	いいえ	15.3	0.62	388.6	3865.0	1695.0	Basic Materials			OK	通常掲載可	OK	9414.0	-52.78	-28.55	93.48		1941.0	146.07	89.0	3.97	0
5542	新報国マテリアル	スタンダード（内国株式）	3450	鉄鋼	7	鉄鋼・非鉄	-	-	816.0	3.06	25.0	3.07	25.0	3.06	配当あり	いいえ	13.57	2.0	54.3	885.0	710.0	Basic Materials			OK	通常掲載可	OK	5539.6	8.42	-10.78	75.16	0.19	128.1	60.15	41.56	27.45	0
554A	バトンズ	グロース（内国株式）	5250	情報・通信業	10	情報通信・サービスその他	-	-	1300.0						配当未取得		169.49		60.1	2818.0	1020.0	Technology	配当未取得	1株配当が取得できていない	除外推奨	掲載非推奨	OK_配当データ要確認	1379.6	3.76	19.49	64.46		87.6	7.67			
5563	新日本電工	プライム（内国株式）	3450	鉄鋼	7	鉄鋼・非鉄	6	TOPIX Small 1	434.0	3.0	13.0	3.0	13.0	3.0	配当あり	いいえ	40.49	0.76	541.6	559.0	245.0	Basic Materials			OK	通常掲載可	OK	77277.0	6.68	-1.22	76.03	0.19	9741.0	10.72	121.27	2.69	2
556A	犬猫生活	グロース（内国株式）	6100	小売業	14	小売	-	-	2370.0						配当未取得		10.97		62.0	5400.0	2080.0	Consumer Defensive	配当未取得	1株配当が取得できていない	除外推奨	掲載非推奨	OK_配当データ要確認	2901.9	3.18	61.96	41.33	0.47	154.3	216.11			
5570	ジェノバ	グロース（内国株式）	5250	情報・通信業	10	情報通信・サービスその他	-	-	615.0	1.14	7.0	1.15	7.0	1.14	配当あり	いいえ	15.73	2.31	81.4	880.0	601.0	Communication Services			OK	通常掲載可	OK	1367.0	56.62	8.03	88.2	0.0	497.1	39.1	17.9	16.9	2
5571	エキサイトホールディングス	スタンダード（内国株式）	5250	情報・通信業	10	情報通信・サービスその他	-	-	998.0	3.28	32.7	3.33	32.7	3.28	配当あり	いいえ	19.64	1.33	47.9	1480.0	965.0	Technology			OK	通常掲載可	OK	10796.7	4.21	18.75	32.49	1.54	-237.3	50.82	64.34	6.77	0
5572	Ｒｉｄｇｅ－ｉ	グロース（内国株式）	5250	情報・通信業	10	情報通信・サービスその他	-	-	2511.0						配当未取得		75.18	3.06	108.4	4090.0	1851.0	Technology	配当未取得	1株配当が取得できていない	除外推奨	掲載非推奨	OK_配当データ要確認	1072.0	14.25	35.62	69.79	0.0	339.0	34.46		4.07	
5574	ＡＢＥＪＡ	グロース（内国株式）	5250	情報・通信業	10	情報通信・サービスその他	-	-	2094.0						配当未取得		40.38	4.25	208.1	4630.0	2041.0	Technology	配当未取得	1株配当が取得できていない	除外推奨	掲載非推奨	OK_配当データ要確認	3585.4	12.44	29.61	84.08	0.0	1605.3	51.86		11.93	
5575	Ｇｌｏｂｅｅ	グロース（内国株式）	5250	情報・通信業	10	情報通信・サービスその他	-	-	640.0						配当未取得		12.58	2.99	31.5	1200.0	582.0	Technology	配当未取得	1株配当が取得できていない	除外推奨	掲載非推奨	OK_配当データ要確認	1637.5	25.13	27.06	40.2	0.12	193.7	50.88		28.32	
5576	オービーシステム	スタンダード（内国株式）	5250	情報・通信業	10	情報通信・サービスその他	-	-	2842.0	4.57	130.0	4.53	130.0	4.57	配当あり	いいえ	10.99	1.16	66.1	3240.0	2450.0	Technology			OK	通常掲載可	OK	8655.8	7.77	12.64	74.78	0.05	314.2	258.69	50.25	11.08	2
5578	ＡＲアドバンストテクノロジ	グロース（内国株式）	5250	情報・通信業	10	情報通信・サービスその他	-	-	857.0	0.82	7.0	0.82	7.0	0.82	配当あり	いいえ	12.64	3.52	84.0	1376.0	666.33	Technology			OK	通常掲載可	OK	14152.7	5.86	27.16	31.41	0.72	870.6	67.81	10.32	32.41	0
5580	プロディライト	グロース（内国株式）	5250	情報・通信業	10	情報通信・サービスその他	-	-	1511.0						配当未取得		37.62	2.72	25.4	1977.0	1400.0	Technology	配当未取得	1株配当が取得できていない	除外推奨	掲載非推奨	OK_配当データ要確認	2834.8	6.3	29.04	55.75	0.23	-125.3	40.17		7.23	
5582	グリッド	グロース（内国株式）	5250	情報・通信業	10	情報通信・サービスその他	-	-	1842.0						配当未取得		21.73	2.12	88.2	3205.0	1671.0	Technology	配当未取得	1株配当が取得できていない	除外推奨	掲載非推奨	OK_配当データ要確認	1652.1	22.13	22.03	88.71	0.02	248.5	84.77		7.79	
5586	Ｌａｂｏｒｏ．ＡＩ	グロース（内国株式）	5250	情報・通信業	10	情報通信・サービスその他	-	-	825.0						配当未取得		85.49	4.86	131.6	1250.0	744.0	Technology	配当未取得	1株配当が取得できていない	除外推奨	掲載非推奨	OK_配当データ要確認	1900.3	10.07	25.41	90.57	0.0	160.9	9.65		5.68	
5587	インバウンドプラットフォーム	グロース（内国株式）	5250	情報・通信業	10	情報通信・サービスその他	-	-	746.0						配当未取得		9.54	1.62	25.7	1372.0	618.0	Industrials	配当未取得	1株配当が取得できていない	除外推奨	掲載非推奨	OK_配当データ要確認	3007.0	9.87	28.85	52.47	0.18	314.4	78.18		15.38	
5588	ファーストアカウンティング	グロース（内国株式）	5250	情報・通信業	10	情報通信・サービスその他	-	-	705.0	0.55	3.9	0.55	3.9	0.55	配当あり	いいえ	40.75	5.01	78.0	1855.0	650.0	Technology			OK	通常掲載可	OK	2369.8	12.33	38.82	59.14	0.0	83.3	17.3	22.54	13.01	2
5589	オートサーバー	スタンダード（内国株式）	5250	情報・通信業	10	情報通信・サービスその他	-	-	2631.0	2.55	67.0	2.54	67.0	2.55	配当あり	いいえ	13.35	1.45	190.6	2878.0	2329.0	Consumer Cyclical			OK	通常掲載可	OK	6462.6	36.9	2.79	64.15	0.17	2125.3	197.06	34.0	11.98	0
558A	ＳＱＵＥＥＺＥ	グロース（内国株式）	9050	サービス業	10	情報通信・サービスその他	-	-	4100.0						配当未取得		20.55	7.42	133.3	5870.0	2951.0	Consumer Cyclical	配当未取得	1株配当が取得できていない	除外推奨	掲載非推奨	OK_配当データ要確認	5367.9	9.53	74.95	34.41	1.0	678.7	199.52		52.71	
5590	ネットスターズ	グロース（内国株式）	5250	情報・通信業	10	情報通信・サービスその他	-	-	684.0						配当未取得		23.62	1.48	115.5	1363.0	598.0	Technology	配当未取得	1株配当が取得できていない	除外推奨	掲載非推奨	OK_配当データ要確認	4788.1	6.12	22.71	19.9		2261.3	28.96		7.73	
5591	ＡＶＩＬＥＮ	グロース（内国株式）	5250	情報・通信業	10	情報通信・サービスその他	-	-	730.0						配当未取得		26.45	5.81	44.6	1694.0	678.0	Technology	配当未取得	1株配当が取得できていない	除外推奨	掲載非推奨	OK_配当データ要確認	1672.6	16.4	34.72	52.63	0.46	160.6	27.6		21.97	
5592	くすりの窓口	グロース（内国株式）	5250	情報・通信業	10	情報通信・サービスその他	-	-	2225.0	1.8	40.0	1.82	40.0	1.8	配当あり	いいえ	8.45	2.23	255.0	4685.0	2065.0	Healthcare			OK	通常掲載可	OK	12330.0	21.75	10.1	63.72	0.25	1361.7	263.32	15.19	30.03	
5597	ブルーイノベーション	グロース（内国株式）	5250	情報・通信業	10	情報通信・サービスその他	-	-	1332.0						配当未取得			38.35	53.7	3070.0	1129.0	Technology	配当未取得	1株配当が取得できていない	除外推奨	掲載非推奨	OK_配当データ要確認	1051.5	-52.12	-14.04	14.63	4.66	-355.6	-160.57		-180.4	
5599	Ｓ＆Ｊ	グロース（内国株式）	5250	情報・通信業	10	情報通信・サービスその他	-	-	1032.0	1.65	17.0	1.59	17.0	1.65	配当あり	いいえ	14.14	2.67	57.5	2516.0	835.0	Technology			OK	通常掲載可	OK	2333.6	23.83	20.11	71.19	0.0	527.6	73.0	23.29	19.51	
559A	梅乃宿酒造	スタンダード（内国株式）	3050	食料品	1	食品	-	-	1059.0	1.98	20.95	1.96	20.95	1.98	配当あり	いいえ	26.67		63.8	1350.0	900.0	Consumer Defensive			OK	通常掲載可	OK	2684.9	11.81	-0.51	52.68	0.78	16.0	39.71	52.76		
5602	栗本鐵工所	プライム（内国株式）	3450	鉄鋼	7	鉄鋼・非鉄	6	TOPIX Small 1	1374.0	4.37	60.0	4.36	60.0	4.37	配当あり	いいえ	12.44	0.88	833.9	2044.0	1138.0	Basic Materials			OK	通常掲載可	OK	128126.0	6.29	1.15	60.66	0.25	843.0	110.49	54.3	7.38	5
5603	虹技	スタンダード（内国株式）	3450	鉄鋼	7	鉄鋼・非鉄	-	-	1226.0	3.26	40.0	3.26	40.0	3.26	配当あり	いいえ	8.54	0.26	40.2	1649.0	1100.0	Industrials			OK	通常掲載可	OK	25688.0	2.41	-2.39	43.24	0.58	-684.0	143.55	27.86	2.83	0
5609	日本鋳造	スタンダード（内国株式）	3450	鉄鋼	7	鉄鋼・非鉄	-	-	913.0	2.74	25.0	2.75	25.0	2.74	配当あり	いいえ	2536.11	0.37	44.0	940.0	805.0	Basic Materials			OK	通常掲載可	OK	14311.0	2.86	-10.51	53.23	0.32	-379.0	0.36	6944.44	2.23	0
5612	日本鋳鉄管	スタンダード（内国株式）	3450	鉄鋼	7	鉄鋼・非鉄	-	-	1544.0	3.24	50.0	3.21	50.0	3.24	配当あり	いいえ	54.44	0.5	49.6	2858.0	1370.0	Industrials			OK	通常掲載可	OK	15942.0	1.62	-5.85	38.57	1.05	-3135.0	28.36	176.3	1.14	0
5616	雨風太陽	グロース（内国株式）	5250	情報・通信業	10	情報通信・サービスその他	-	-	606.0						配当未取得			4.49	14.7	1398.0	586.0	Consumer Cyclical	配当未取得	1株配当が取得できていない	除外推奨	掲載非推奨	OK_配当データ要確認	1027.9	-0.7	0.61	34.34	0.72	-49.4	-1.76		-1.21	
5618	ナイル	グロース（内国株式）	5250	情報・通信業	10	情報通信・サービスその他	-	-	297.0						配当未取得			6.26	25.4	718.0	274.0	Communication Services	配当未取得	1株配当が取得できていない	除外推奨	掲載非推奨	OK_配当データ要確認	6730.3	-1.57	23.15	14.13	4.44	-277.9	-17.86			
5619	マーソ	グロース（内国株式）	5250	情報・通信業	10	情報通信・サービスその他	-	-	822.0						配当未取得			1.48	28.8	1136.0	790.0	Healthcare	配当未取得	1株配当が取得できていない	除外推奨	掲載非推奨	OK_配当データ要確認	1078.1	-3.15	-19.13	92.09	0.0	-25.8	-6.49			
5621	ヒューマンテクノロジーズ	グロース（内国株式）	5250	情報・通信業	10	情報通信・サービスその他	-	-	1436.0	4.67	67.0	4.76	67.0	4.67	配当あり	いいえ	13.3	2.61	137.8	2683.0	1263.0	Technology			OK	通常掲載可	OK	7496.3	18.28	23.8	77.64	0.0	889.2	107.99	62.04	20.95	1
5631	日本製鋼所	プライム（内国株式）	3600	機械	8	機械	4	TOPIX Mid400	7833.0	1.17	92.0	1.2	92.0	1.17	配当あり	いいえ	30.01	2.71	5765.9	10620.0	6694.0	Industrials			OK	通常掲載可	OK	274852.0	9.21	10.58	49.4	0.42	-41370.0	261.02	35.25	9.48	2
5632	三菱製鋼	プライム（内国株式）	3450	鉄鋼	7	鉄鋼・非鉄	7	TOPIX Small 2	2140.0	4.86	104.0	4.83	104.0	4.86	配当あり	いいえ	10.59	0.66	323.6	2430.0	1560.0	Basic Materials			OK	通常掲載可	OK	154557.0	3.1	-3.15	34.4	0.93	6474.0	202.07	51.47	6.83	1
5644	メタルアート	スタンダード（内国株式）	3450	鉄鋼	7	鉄鋼・非鉄	-	-	7630.0	1.97	150.0	1.97	150.0	1.97	配当あり	いいえ	8.12	0.84	218.4	7710.0	3335.0	Industrials			OK	通常掲載可	OK	45289.0	8.62	3.04	56.28	0.17	1906.0	939.55	15.97	10.94	3
5658	日亜鋼業	スタンダード（内国株式）	3450	鉄鋼	7	鉄鋼・非鉄	-	-	352.0	2.84	10.0	2.84	10.0	2.84	配当あり	いいえ	15.85	0.3	158.2	422.0	303.0	Industrials			OK	通常掲載可	OK	33793.4	4.2	-0.98	73.06	0.04	-756.0	22.21	45.02	2.18	0
5659	日本精線	プライム（内国株式）	3450	鉄鋼	7	鉄鋼・非鉄	7	TOPIX Small 2	1450.0	3.86	56.0	3.96	56.0	3.86	配当あり	いいえ	20.74	1.04	445.3	1605.0	1062.0	Industrials			OK	通常掲載可	OK	46601.0	6.6	-0.32	75.36	0.01	617.0	69.9	80.11	4.97	0
5660	神鋼鋼線工業	スタンダード（内国株式）	3450	鉄鋼	7	鉄鋼・非鉄	-	-	1727.0	3.76	65.0	3.73	65.0	3.76	配当あり	いいえ	9.11	0.4	102.1	1870.0	1266.0	Basic Materials			OK	通常掲載可	OK	33074.0	1.98	-3.55	56.94	0.41	-277.0	189.53	34.3	4.53	0
5695	パウダーテック	スタンダード（内国株式）	3450	鉄鋼	7	鉄鋼・非鉄	-	-	2935.0	3.41	100.0	3.42	100.0	3.41	配当あり	いいえ	20.96	0.67	85.4	3275.0	2002.0	Basic Materials			OK	通常掲載可	OK	9140.8	5.8	0.05	81.59	0.05	1191.5	140.0	71.43	3.17	2
5697	サンユウ	スタンダード（内国株式）	3450	鉄鋼	7	鉄鋼・非鉄	-	-	688.0	4.36	30.0	4.38	30.0	4.36	配当あり	いいえ	6.8	0.4	41.6	879.0	501.0	Basic Materials			OK	通常掲載可	OK	25572.2	3.47	4.61	48.39	0.11	2488.7	101.24	29.63	6.3	1
5698	エンビプロ・ホールディングス	スタンダード（内国株式）	3450	鉄鋼	7	鉄鋼・非鉄	7	TOPIX Small 2	814.0	2.7	22.0	2.65	22.0	2.7	配当あり	いいえ	13.84	1.27	232.0	1253.0	466.0	Industrials			OK	通常掲載可	OK	49090.7	1.98	-5.98	55.01	0.45	1903.2	58.83	37.4	10.03	1
5699	イボキン	スタンダード（内国株式）	3450	鉄鋼	7	鉄鋼・非鉄	-	-	1468.0	2.18	32.0	2.21	32.0	2.18	配当あり	いいえ	8.07	0.93	48.3	2632.0	1290.0	Industrials			OK	通常掲載可	OK	10005.6	6.43	3.61	63.2	0.3	-1365.6	181.99	17.58	10.71	0
5702	大紀アルミニウム工業所	プライム（内国株式）	3500	非鉄金属	7	鉄鋼・非鉄	6	TOPIX Small 1	1500.0	4.67	70.0	4.72	70.0	4.67	配当あり	いいえ	16.37	0.78	593.6	2074.0	957.0	Basic Materials			OK	通常掲載可	OK	331109.0	2.2	10.45	42.99	0.97	-2864.0	91.65	76.38	4.83	1
5703	日本軽金属ホールディングス	プライム（内国株式）	3500	非鉄金属	7	鉄鋼・非鉄	6	TOPIX Small 1	2742.0	3.65	100.0	3.68	100.0	3.65	配当あり	いいえ	10.82	0.68	1688.8	3330.0	1601.0	Basic Materials			OK	通常掲載可	OK	585473.0	4.38	6.41	44.7	0.67	3650.0	253.33	39.47	6.83	2
5704	ＪＭＣ	グロース（内国株式）	3500	非鉄金属	7	鉄鋼・非鉄	-	-	392.0						配当未取得			1.26	21.8	482.0	362.0	Industrials	配当未取得	1株配当が取得できていない	除外推奨	掲載非推奨	OK_配当データ要確認	3223.0	3.21	4.9	57.54	0.45	496.6	-227.77		-51.97	
5706	三井金属	プライム（内国株式）	3500	非鉄金属	7	鉄鋼・非鉄	4	TOPIX Mid400	43160.0	0.65	280.0	0.66	280.0	0.65	配当あり	いいえ	27.05	5.99	24692.8	57700.0	4941.0	Industrials			OK	通常掲載可	OK	758532.0	17.26	6.48	59.08	0.28	51571.0	1595.63	17.55	24.74	1
5707	東邦亜鉛	プライム（内国株式）	3500	非鉄金属	7	鉄鋼・非鉄	7	TOPIX Small 2	801.0						配当未取得		7.89	0.81	305.3	2510.0	613.0	Basic Materials	配当未取得	1株配当が取得できていない	除外推奨	掲載非推奨	OK_配当データ要確認	125550.0	5.35	-0.57	13.81	4.57	584.0	101.55		40.27	0
5711	三菱マテリアル	プライム（内国株式）	3500	非鉄金属	7	鉄鋼・非鉄	4	TOPIX Mid400	4387.0	2.64	116.0	2.69	116.0	2.64	配当あり	いいえ	14.12	0.78	5732.8	6126.0	2228.0	Basic Materials			OK	通常掲載可	OK	1962076.0	1.89	27.35	28.51	0.88	-1400.0	310.68	37.34	6.5	2
5713	住友金属鉱山	プライム（内国株式）	3500	非鉄金属	7	鉄鋼・非鉄	4	TOPIX Mid400	7336.0	2.84	208.0	2.78	208.0	2.84	配当あり	いいえ	11.49	0.96	19708.8	13300.0	3309.0	Basic Materials			OK	通常掲載可	OK	1741586.0	10.98	9.3	58.3	0.32	16219.0	638.23	32.59	8.7	1
5714	ＤＯＷＡホールディングス	プライム（内国株式）	3500	非鉄金属	7	鉄鋼・非鉄	4	TOPIX Mid400	8602.0	3.93	338.0	3.9	338.0	3.93	配当あり	いいえ	8.2	1.12	5087.9	12380.0	4648.0	Basic Materials			OK	通常掲載可	OK	745410.0	4.59	9.83	57.34	0.32	-29935.0	1049.45	32.21	14.48	1
5715	古河機械金属	プライム（内国株式）	3500	非鉄金属	7	鉄鋼・非鉄	6	TOPIX Small 1	3545.0	2.26	80.0	2.26	80.0	2.26	配当あり	いいえ	9.2	0.78	1149.7	7140.0	2154.0	Basic Materials			OK	通常掲載可	OK	211081.0	5.35	4.9	54.06	0.4	-1459.0	385.34	20.76	9.11	0
5721	エスクリプトエナジー	スタンダード（内国株式）	3500	非鉄金属	7	鉄鋼・非鉄	-	-	62.0						配当未取得			2.91	108.6	337.0	49.0	Industrials	配当未取得	1株配当が取得できていない	除外推奨	掲載非推奨	OK_配当データ要確認	634.4	-46.04	-11.73	95.49	0.0	-254.3	-15.52		1.84	
5724	アサカ理研	スタンダード（内国株式）	3500	非鉄金属	7	鉄鋼・非鉄	-	-	2497.0	0.48	12.0	0.49	12.0	0.48	配当あり	いいえ	18.95	2.31	125.7	5500.0	1030.0	Basic Materials			OK	通常掲載可	OK	8686.0	5.68	9.01	35.68	1.12	-1144.0	131.76	9.11	13.05	1
5726	大阪チタニウムテクノロジーズ	プライム（内国株式）	3500	非鉄金属	7	鉄鋼・非鉄	6	TOPIX Small 1	2651.0	0.49	13.0	0.48	13.0	0.49	配当あり	いいえ	37.93	2.2	975.5	3435.0	1408.0	Basic Materials			OK	通常掲載可	OK	46952.0	11.78	-9.56	41.39	1.12	-3903.0	69.9	18.6	5.91	0
5729	日本精鉱	スタンダード（内国株式）	3500	非鉄金属	7	鉄鋼・非鉄	-	-	1418.0	5.99	85.0	5.89	85.0	5.99	配当あり	いいえ	3.36	0.89	139.0	4175.0	1218.75	Basic Materials			OK	通常掲載可	OK	40866.7	14.88	62.3	62.46	0.18	6568.2	422.42	20.12	30.78	1
5741	ＵＡＣＪ	プライム（内国株式）	3500	非鉄金属	7	鉄鋼・非鉄	6	TOPIX Small 1	2485.0	2.33	58.0	2.27	58.0	2.33	配当あり	いいえ	inf	1.3	4499.6	3585.0	1297.5	Basic Materials			OK	通常掲載可	OK	1181716.0	6.32	18.32	30.95	1.15	6440.0	0.0		13.47	1
5742	エヌアイシ・オートテック	スタンダード（内国株式）	3500	非鉄金属	7	鉄鋼・非鉄	-	-	700.0	6.0	42.0	5.96	42.0	6.0	配当あり	いいえ	158.73	0.93	38.1	836.0	679.0	Basic Materials			OK	通常掲載可	OK	6305.9	-0.21	-5.14	54.77	0.41	581.8	4.41	952.38	-5.94	0
5753	日本伸銅	スタンダード（内国株式）	3500	非鉄金属	7	鉄鋼・非鉄	-	-	2311.0	0.87	20.0	0.86	20.0	0.87	配当あり	いいえ	6.66	1.13	49.4	3100.0	2025.0	Basic Materials			OK	通常掲載可	OK	30144.0	8.94	15.4	68.73	0.21	-1060.0	347.12	5.76	-6.96	1
5757	ＣＫサンエツ	プライム（内国株式）	3500	非鉄金属	7	鉄鋼・非鉄	7	TOPIX Small 2	5310.0	1.88	100.0	1.89	100.0	1.88	配当あり	いいえ	12.29	0.8	438.4	5830.0	3590.0	Industrials			OK	通常掲載可	OK	149438.0	9.48	19.45	56.31	0.24	-909.0	432.19	23.14	7.08	4
5801	古河電気工業	プライム（内国株式）	3500	非鉄金属	7	鉄鋼・非鉄	4	TOPIX Mid400	4351.0	0.51	22.0	0.47	22.0	0.51	配当あり	いいえ	42.2	7.34	30609.2	6241.0	680.4	Industrials			OK	通常掲載可	OK	1307560.0	4.88	8.8	39.11	0.79	-24010.0	103.11	21.34	18.77	1
5802	住友電気工業	プライム（内国株式）	3500	非鉄金属	7	鉄鋼・非鉄	2	TOPIX Large70	2834.0	1.38	39.0	1.33	39.0	1.38	配当あり	いいえ	6.18	3.22	88411.7	3712.5	752.5	Consumer Cyclical			OK	通常掲載可	OK	5110171.0	8.18	9.2	56.86	0.25	202964.0	458.82	8.5	14.95	2
5803	フジクラ	プライム（内国株式）	3500	非鉄金属	7	鉄鋼・非鉄	2	TOPIX Large70	5826.0	0.65	38.0	0.61	38.0	0.65	配当あり	いいえ	61.44	17.21	96458.7	7933.0	1226.67	Industrials			OK	通常掲載可	OK	1182358.0	15.96	20.73	57.8	0.18	93850.0	94.82	40.08	31.51	3
5805	ＳＷＣＣ	プライム（内国株式）	3500	非鉄金属	7	鉄鋼・非鉄	6	TOPIX Small 1	13030.0	2.15	280.0	2.08	280.0	2.15	配当あり	いいえ	20.45	3.92	3859.0	19570.0	7000.0	Industrials			OK	通常掲載可	OK	277736.0	9.84	16.76	47.56	0.4	9199.0	637.13	43.95	21.05	4
5816	オーナンバ	スタンダード（内国株式）	3500	非鉄金属	7	鉄鋼・非鉄	-	-	1645.0	4.26	70.0	4.18	70.0	4.26	配当あり	いいえ	13.24	0.7	200.5	2299.0	943.0	Industrials			OK	通常掲載可	OK	44442.0	5.85	-0.81	66.0	0.09	378.0	124.21	56.36	5.68	0
5817	ＪＭＡＣＳ	スタンダード（内国株式）	3500	非鉄金属	7	鉄鋼・非鉄	-	-	875.0	1.71	15.0	1.66	15.0	1.71	配当あり	いいえ	12.29	0.92	49.2	2577.0	436.0	Technology			OK	通常掲載可	OK	6028.3	8.17	15.91	54.97	0.49	1231.8	71.18	21.07	1.28	0
5819	カナレ電気	スタンダード（内国株式）	3500	非鉄金属	7	鉄鋼・非鉄	-	-	1758.0	3.75	66.0	3.75	66.0	3.75	配当あり	いいえ	10.03	0.63	120.3	2148.0	1530.0	Industrials			OK	通常掲載可	OK	13115.0	12.07	5.91	90.39		1666.2	175.27	37.66	5.86	1
5820	三ッ星	スタンダード（内国株式）	3500	非鉄金属	7	鉄鋼・非鉄	-	-	737.0	2.31	17.0	2.29	17.0	2.31	配当あり	いいえ	10.44	0.4	30.4	1299.0	610.0	Industrials			OK	通常掲載可	OK	11728.4	3.03	7.85	52.01	0.47	340.8	70.62	24.07	3.54	0
5821	平河ヒューテック	プライム（内国株式）	3500	非鉄金属	7	鉄鋼・非鉄	7	TOPIX Small 2	3735.0	1.5	56.0	1.47	56.0	1.5	配当あり	いいえ	35.23	1.37	580.6	4710.0	1338.0	Industrials			OK	通常掲載可	OK	38423.0	11.5	24.74	74.84	0.12	1843.0	106.02	52.82	4.14	1
5830	いよぎんホールディングス	プライム（内国株式）	7050	銀行業	15	銀行	4	TOPIX Mid400	3168.0	2.53	80.0	2.54	80.0	2.53	配当あり	いいえ	12.47	1.04	9095.3	3646.0	1552.5	Financial Services			OK	通常掲載可	OK	213854.0		25.46	9.2	0.8	-170589.0	254.04	31.49	8.84	2
5831	しずおかフィナンシャルグループ	プライム（内国株式）	7050	銀行業	15	銀行	4	TOPIX Mid400	3044.0	3.22	98.0	3.24	98.0	3.22	配当あり	いいえ	18.05	1.31	16150.0	3184.0	1644.5	Financial Services			OK	通常掲載可	OK	311582.0		40.85	7.69	1.22	-293120.0	168.64	58.11	7.54	2
5832	ちゅうぎんフィナンシャルグループ	プライム（内国株式）	7050	銀行業	15	銀行	4	TOPIX Mid400	3103.0	3.29	102.0	3.31	102.0	3.29	配当あり	いいえ	13.92	0.89	5516.1	3485.0	1728.0	Financial Services			OK	通常掲載可	OK							222.92	45.76	6.83	2
5834	ＳＢＩリーシングサービス	グロース（内国株式）	7100	証券、商品先物取引業	16	金融（除く銀行）	-	-	2639.0	4.36	115.0	4.3	115.0	4.36	配当あり	いいえ	7.07	1.53	420.3	3570.0	1985.0	Industrials			OK	通常掲載可	OK	64257.0	15.14	53.3	25.61	2.52	-5.0	373.42	30.8	22.44	2
5838	楽天銀行	プライム（内国株式）	7050	銀行業	15	銀行	4	TOPIX Mid400	5123.0						配当未取得		12.25	2.4	8940.2	9317.0	4342.0	Financial Services	配当未取得	1株配当が取得できていない	除外推奨	掲載非推奨	OK_配当データ要確認	166641.0		34.88	2.24	7.63	335403.0	418.25		20.29	
5842	インテグラル	グロース（内国株式）	7100	証券、商品先物取引業	16	金融（除く銀行）	-	-	2810.0	1.32	37.0	1.35	37.0	1.32	配当あり	いいえ	16.3	1.4	956.9	4395.0	2688.0	Financial Services			OK	通常掲載可	OK	9333.0	99.14	-57.23	74.93	0.06	-1464.0	172.39	21.46	20.9	1
5843	ニッポンインシュア	スタンダード（内国株式）	7200	その他金融業	16	金融（除く銀行）	-	-	2205.0	1.0	22.0	0.99	22.0	1.0	配当あり	いいえ	9.56	2.19	63.3	3485.0	1976.0	Financial Services			OK	通常掲載可	OK	3744.7		16.13	46.74	0.2	324.0	230.64	9.54	26.36	1
5844	京都フィナンシャルグループ	プライム（内国株式）	7050	銀行業	15	銀行	4	TOPIX Mid400	4573.0	2.41	110.0	2.45	110.0	2.41	配当あり	いいえ	13.5	1.14	12928.0	4882.0	2556.5	Financial Services			OK	通常掲載可	OK	315742.0		140.86	9.61	0.39	-1103969.0	338.85	32.46	8.72	5
5845	全保連	スタンダード（内国株式）	7200	その他金融業	16	金融（除く銀行）	-	-	1011.0	9.5	96.0	9.59	96.0	9.5	配当あり	いいえ	15.37	3.28	265.2	1084.0	786.0	Industrials	高利回り要確認	配当利回りが8%以上	要確認	手動確認後に掲載	OK_高利回り要確認	26188.0	12.12	2.07	32.5	0.1	4546.0	65.77	145.96	22.61	1
5851	リョービ	プライム（内国株式）	3500	非鉄金属	7	鉄鋼・非鉄	6	TOPIX Small 1	2538.0	4.1	104.0	4.01	104.0	4.1	配当あり	いいえ	7.49	0.44	807.3	3065.0	2111.0	Industrials			OK	通常掲載可	OK	309111.0	4.1	5.39	52.21	0.42	-6678.0	338.82	30.69	6.85	4
5852	アーレスティ	プライム（内国株式）	3500	非鉄金属	7	鉄鋼・非鉄	-	-	688.0	6.98	48.0	6.96	48.0	6.98	配当あり	いいえ	4.79	0.31	171.6	968.0	638.0	Industrials			OK	通常掲載可	OK	167092.0	2.24	2.56	41.19	0.7	683.0	143.72	33.4	6.62	1
5856	エルアイイーエイチ	スタンダード（内国株式）	6100	小売業	14	小売	-	-	1.0						配当未取得			0.04	1.1	57.0	1.0	Industrials	配当未取得	1株配当が取得できていない	除外推奨	掲載非推奨	OK_配当データ要確認	10311.7	-15.99	-45.83	47.26	0.46	-2244.0	-30.66		-76.82	0
5857	ＡＲＥホールディングス	プライム（内国株式）	3500	非鉄金属	7	鉄鋼・非鉄	6	TOPIX Small 1	2914.0	4.63	135.0	4.61	135.0	4.63	配当あり	いいえ	10.19	1.09	2504.4	4720.0	1785.0	Industrials			OK	通常掲載可	OK	569992.0	6.18	12.6	37.46	0.79	6963.0	285.86	47.23	13.68	1
5858	ＳＴＧ	グロース（内国株式）	3500	非鉄金属	7	鉄鋼・非鉄	-	-	1335.0	3.0	40.0	3.04	40.0	3.0	配当あり	いいえ	10.75	0.79	28.4	2491.0	994.0	Industrials			OK	通常掲載可	OK	6815.9	4.95	6.07	36.89	1.35	431.9	124.17	32.21	9.37	1
5867	エスネットワークス	グロース（内国株式）	9050	サービス業	10	情報通信・サービスその他	-	-	1200.0	4.17	50.0	4.42	50.0	4.17	配当あり	いいえ	16.72	2.21	37.6	1431.0	1079.0	Industrials			OK	通常掲載可	OK	3418.7	8.96	15.86	65.21	0.23	203.3	71.76	69.68	15.0	2
5868	ロココ	スタンダード（内国株式）	9050	サービス業	10	情報通信・サービスその他	-	-	999.0	4.0	40.0	4.03	40.0	4.0	配当あり	いいえ	11.89	1.29	37.2	1223.0	840.0	Technology			OK	通常掲載可	OK	9189.7	5.71	17.77	59.23	0.26	616.5	84.02	47.61	7.72	2
5869	早稲田学習研究会	スタンダード（内国株式）	9050	サービス業	10	情報通信・サービスその他	-	-	1190.0	5.21	62.0	5.2	62.0	5.21	配当あり	いいえ	12.34	1.64	119.7	1353.0	1034.0	Consumer Defensive			OK	通常掲載可	OK	6986.7	21.37	8.1	75.31	0.0	567.5	96.43	64.3	13.56	0
5870	ナルネットコミュニケーションズ	グロース（内国株式）	9050	サービス業	10	情報通信・サービスその他	-	-	736.0	4.08	30.0	4.06	30.0	4.08	配当あり	いいえ	7.82	1.57	39.2	1205.0	657.0	Consumer Cyclical			OK	通常掲載可	OK	9925.4	8.18	16.19	38.55	0.31	755.1	94.15	31.86	20.08	0
5871	ＳＯＬＩＺＥ　Ｈｏｌｄｉｎｇｓ	スタンダード（内国株式）	9050	サービス業	10	情報通信・サービスその他	-	-	1311.0	4.2	55.0	4.1	55.0	4.2	配当あり	いいえ		0.62	70.3	1924.0	1277.0	Technology			OK	通常掲載可	OK	25779.0	0.33	13.5	72.15		-925.0	-6.69		0.86	1
5884	クラダシ	グロース（内国株式）	6100	小売業	14	小売	-	-	543.0						配当未取得		137.82	4.13	65.9	620.0	376.0	Consumer Defensive	配当未取得	1株配当が取得できていない	除外推奨	掲載非推奨	OK_配当データ要確認	2862.2	0.74	-1.65	71.74	0.13	-123.5	3.94		3.0	
5885	ジーデップ・アドバンス	スタンダード（内国株式）	6050	卸売業	13	商社・卸売	-	-	2852.0	1.02	29.0	1.03	29.0	1.02	配当あり	いいえ	24.68	4.67	155.5	3670.0	2400.0	Technology			OK	通常掲載可	OK	6630.9	12.67	49.97	61.88	0.0	471.6	115.57	25.09	21.51	1
5888	ＤＡＩＷＡ　ＣＹＣＬＥ	グロース（内国株式）	6100	小売業	14	小売	-	-	2989.0	2.44	73.0	2.41	73.0	2.44	配当あり	いいえ	8.87	1.26	82.5	4440.0	2703.0	Consumer Cyclical			OK	通常掲載可	OK	21106.9	6.71	15.03	65.85		248.3	336.99	21.66	15.66	1
5889	Ｊａｐａｎ　Ｅｙｅｗｅａｒ　Ｈｏｌｄｉｎｇｓ	プライム（内国株式）	6100	小売業	14	小売	7	TOPIX Small 2	2346.0	3.67	86.0	3.69	86.0	3.67	配当あり	いいえ	15.2	3.1	567.7	2417.0	1822.0	Healthcare			OK	通常掲載可	OK	18640.0	31.96	11.84	45.57	0.86	4642.0	154.35	55.72	23.64	1
5891	魁力屋	スタンダード（内国株式）	6100	小売業	14	小売	-	-	1559.0	1.48	23.0	1.44	23.0	1.48	配当あり	いいえ	30.02	1.8	88.3	2065.0	1261.0	Consumer Cyclical			OK	通常掲載可	OK	14721.6	5.2	19.96	53.33	0.36	-171.5	51.94	44.28	5.88	2
5892	ｙｕｔｏｒｉ	グロース（内国株式）	6100	小売業	14	小売	-	-	2032.0						配当未取得		33.11	4.46	110.9	6260.0	1863.0	Consumer Cyclical	配当未取得	1株配当が取得できていない	除外推奨	掲載非推奨	OK_配当データ要確認	14234.7	7.62	71.38	24.41	1.55	-108.4	61.37		18.65	
5900	ダイケン	スタンダード（内国株式）	3550	金属製品	3	建設・資材	-	-	850.0	2.94	25.0	2.94	25.0	2.94	配当あり	いいえ	15.77	0.34	46.6	889.0	769.0	Industrials			OK	通常掲載可	OK	11567.6	2.23	4.93	80.83		-96.1	53.89	46.39	2.2	1
5901	東洋製罐グループホールディングス	プライム（内国株式）	3550	金属製品	3	建設・資材	4	TOPIX Mid400	4079.0	4.56	186.0	4.56	186.0	4.56	配当あり	いいえ	11.29	0.88	6142.4	4404.0	2843.0	Consumer Cyclical			OK	通常掲載可	OK	963213.0	5.4	4.41	56.23	0.29	32602.0	361.4	51.47	7.97	1
5902	ホッカンホールディングス	プライム（内国株式）	3550	金属製品	3	建設・資材	7	TOPIX Small 2	2336.0	5.99	140.0	6.0	140.0	5.99	配当あり	いいえ	8.77	0.48	287.7	2533.0	1892.0	Consumer Cyclical			OK	通常掲載可	OK	90557.0	4.15	-2.01	43.54	0.79	-3076.0	266.31	52.57	5.19	2
5903	シンポ	スタンダード（内国株式）	3550	金属製品	3	建設・資材	-	-	1687.0	2.49	42.0	2.5	42.0	2.49	配当あり	いいえ	20.04	1.3	92.8	1700.0	1160.0	Industrials			OK	通常掲載可	OK	7368.8	13.25	2.19	79.57	0.08	-980.1	84.18	49.89	6.99	3
5905	日本製罐	スタンダード（内国株式）	3550	金属製品	3	建設・資材	-	-	1349.0	2.97	40.0	2.93	40.0	2.97	配当あり	いいえ		0.47	18.3	1497.0	1170.0	Consumer Cyclical			OK	通常掲載可	OK	11442.2	-2.69	1.62	30.02	0.8	-203.6	-257.11		-6.22	0
5906	エムケー精工	スタンダード（内国株式）	3550	金属製品	3	建設・資材	-	-	776.0	2.32	18.0	2.3	18.0	2.32	配当あり	いいえ	4.63	0.56	108.1	1009.0	478.0	Technology			OK	通常掲載可	OK	29788.2	9.14	5.38	68.47	0.17	1342.1	167.5	10.75	13.05	1
5909	コロナ	スタンダード（内国株式）	3550	金属製品	3	建設・資材	7	TOPIX Small 2	995.0	2.81	28.0	2.9	28.0	2.81	配当あり	いいえ	29.33	0.37	291.0	1110.0	895.0	Consumer Cyclical			OK	通常掲載可	OK	85338.0	1.0	0.15	77.64		-3376.0	33.93	82.52	1.29	0
5911	横河ブリッジホールディングス	プライム（内国株式）	3550	金属製品	3	建設・資材	6	TOPIX Small 1	2825.0	4.6	130.0	4.58	130.0	4.6	配当あり	いいえ	12.93	0.83	1111.8	3265.0	2520.0	Industrials			OK	通常掲載可	OK	143877.0	9.38	-9.72	52.87	0.44	37810.0	218.4	59.52	6.5	9
5915	駒井ハルテック	スタンダード（内国株式）	3550	金属製品	3	建設・資材	-	-	2311.0	3.03	70.0	3.01	70.0	3.03	配当あり	いいえ	32.01	0.3	105.9	2894.0	1536.0	Industrials			OK	通常掲載可	OK	34414.0	1.37	-15.14	52.58	0.38	4719.0	72.2	96.95	1.0	1
5918	瀧上工業	スタンダード（内国株式）	3550	金属製品	3	建設・資材	-	-	7100.0	1.41	100.0	1.41	100.0	1.41	配当あり	いいえ	15.36	0.29	146.5	7940.0	6350.0	Industrials			OK	通常掲載可	OK	23434.0	2.06	-1.7	68.92	0.08	111.0	462.15	21.64	2.04	0
5921	川岸工業	スタンダード（内国株式）	3550	金属製品	3	建設・資材	-	-	3920.0	2.3	90.0	2.29	90.0	2.3	配当あり	いいえ	9.51	0.37	107.9	4630.0	3710.0	Basic Materials			OK	通常掲載可	OK	24219.6	7.73	-12.14	82.75	0.0	2770.1	412.39	21.82	3.93	3
5922	那須電機鉄工	スタンダード（内国株式）	3550	金属製品	3	建設・資材	-	-	17900.0	2.51	450.0	2.56	450.0	2.51	配当あり	いいえ	8.4	0.63	208.8	20780.0	12980.0	Industrials			OK	通常掲載可	OK	23747.3	13.25	3.52	69.75	0.12	2298.7	2130.03	21.13	8.07	2
5923	高田機工	スタンダード（内国株式）	3550	金属製品	3	建設・資材	-	-	1121.0	4.46	50.0	4.52	50.0	4.46	配当あり	いいえ		0.45	65.3	1364.0	1008.0	Industrials			OK	通常掲載可	OK	14306.8	-3.11	-22.48	72.5	0.19	2880.5	-92.43		7.96	0
5928	アルメタックス	スタンダード（内国株式）	3550	金属製品	3	建設・資材	-	-	272.0	2.94	8.0	2.93	8.0	2.94	配当あり	いいえ	17.73	0.41	28.5	329.0	250.0	Industrials			OK	通常掲載可	OK	7886.5	0.12	-4.94	82.38	0.0	-163.5	15.34	52.15	4.77	0
5929	三和ホールディングス	プライム（内国株式）	3550	金属製品	3	建設・資材	4	TOPIX Mid400	3742.0	3.53	132.0	3.48	132.0	3.53	配当あり	いいえ	13.29	2.25	7844.9	4931.0	3258.0	Industrials			OK	通常掲載可	OK	660712.0	11.97	-0.25	63.63	0.16	61396.0	281.52	46.89	17.82	4
5930	文化シヤッター	プライム（内国株式）	3550	金属製品	3	建設・資材	6	TOPIX Small 1	1891.0	3.91	74.0	3.86	74.0	3.91	配当あり	いいえ	10.56	1.11	1330.1	2772.0	1769.0	Industrials			OK	通常掲載可	OK	236282.0	6.59	3.44	58.28	0.18	6550.0	179.14	41.31	10.83	3
5932	三協立山	プライム（内国株式）	3550	金属製品	3	建設・資材	7	TOPIX Small 2	623.0	4.01	25.0	3.99	25.0	4.01	配当あり	いいえ		0.2	195.2	736.0	590.0	Industrials			OK	通常掲載可	OK	359424.0	0.43	1.81	30.37	0.98	-10061.0	-142.67		-3.81	3
5933	アルインコ	プライム（内国株式）	3550	金属製品	3	建設・資材	7	TOPIX Small 2	1050.0	4.38	46.0	4.37	46.0	4.38	配当あり	いいえ	11.94	0.62	208.4	1204.0	1000.0	Technology			OK	通常掲載可	OK	62632.1	3.53	1.67	45.79	0.81	-549.9	87.95	52.3	5.35	2
5936	東洋シヤッター	スタンダード（内国株式）	3550	金属製品	3	建設・資材	-	-	915.0	4.7	43.0	4.69	43.0	4.7	配当あり	いいえ	6.99	0.55	57.9	1000.0	805.0	Industrials			OK	通常掲載可	OK	21455.2	5.83	2.8	57.76	0.39	197.2	130.94	32.84	8.31	3
5938	ＬＩＸＩＬ	プライム（内国株式）	3550	金属製品	3	建設・資材	4	TOPIX Mid400	1791.5	5.02	90.0	4.99	90.0	5.02	配当あり	いいえ	63.26	0.77	5151.8	1990.0	1571.5	Industrials			OK	通常掲載可	OK	1510704.0	1.88	0.4	35.29	0.97	39865.0	28.32	317.8	1.36	0
5939	大谷工業	スタンダード（内国株式）	3550	金属製品	3	建設・資材	-	-	4920.0	0.61	30.0	0.6	30.0	0.61	配当あり	いいえ	12.91	0.87	38.3	10630.0	4845.0	Industrials			OK	通常掲載可	OK	7525.8	5.39	-4.73	57.78	0.17	-719.9	381.12	7.87	7.0	0
5940	不二サッシ	スタンダード（内国株式）	3550	金属製品	3	建設・資材	-	-	700.0	4.29	30.0	4.24	30.0	4.29	配当あり	いいえ	4.37	0.34	87.8	1082.0	662.0	Industrials			OK	通常掲載可	OK	101470.0	2.74	-3.13	29.6	1.14	-3397.0	160.02	18.75	8.27	2
5941	中西製作所	スタンダード（内国株式）	3550	金属製品	3	建設・資材	-	-	2505.0	3.99	100.0	3.99	100.0	3.99	配当あり	いいえ	7.02	2.23	155.7	2778.0	2313.0	Consumer Cyclical			OK	通常掲載可	OK	41008.8	7.44	2.7	66.3	0.18	-589.3	356.85	28.02	5.79	2
5942	日本フイルコン	スタンダード（内国株式）	3550	金属製品	3	建設・資材	-	-	715.0	3.92	28.0	4.55	28.0	3.92	配当あり	いいえ		0.6	137.8	715.0	489.0	Industrials			OK	通常掲載可	OK	27842.1	2.4	-2.78	51.64	0.52	-17.1	-37.45		-2.23	0
5943	ノーリツ	プライム（内国株式）	3550	金属製品	3	建設・資材	6	TOPIX Small 1	2294.0	4.1	94.0	4.12	94.0	4.1	配当あり	いいえ	31.19	0.73	1048.1	2600.0	1821.0	Industrials			OK	通常掲載可	OK	202049.0	2.13	-0.08	59.0	0.04	3754.0	73.54	127.82	4.66	2
5945	天龍製鋸	スタンダード（内国株式）	3550	金属製品	3	建設・資材	-	-	2499.0	3.32	83.0	3.32	83.0	3.32	配当あり	いいえ	14.79	0.57	223.2	2700.0	1900.0	Industrials			OK	通常掲載可	OK	13475.2	12.88	2.62	91.14		1641.7	168.93	49.13	4.0	1
5946	長府製作所	プライム（内国株式）	3550	金属製品	3	建設・資材	7	TOPIX Small 2	1981.0	2.32	46.0	2.32	46.0	2.32	配当あり	いいえ	31.06	0.48	673.6	2222.0	1810.0	Consumer Cyclical			OK	通常掲載可	OK	46501.0	3.68	0.82	93.01	0.0	3425.0	63.79	72.11	1.77	0
5947	リンナイ	プライム（内国株式）	3550	金属製品	3	建設・資材	4	TOPIX Mid400	3565.0	2.97	106.0	2.98	106.0	2.97	配当あり	いいえ	13.72	1.13	4922.3	4456.0	3211.0	Consumer Cyclical			OK	通常掲載可	OK	470392.0	10.74	2.19	67.31	0.03	34007.0	259.81	40.8	9.06	23
5949	ユニプレス	プライム（内国株式）	3700	輸送用機器	6	自動車・輸送機	6	TOPIX Small 1	1222.0	5.73	70.0	5.79	70.0	5.73	配当あり	いいえ		0.41	544.8	1505.0	965.0	Consumer Cyclical			OK	通常掲載可	OK	321943.0	4.23	-2.45	45.37	0.39	13639.0	-187.48		-5.69	4
5950	日本パワーファスニング	スタンダード（内国株式）	3550	金属製品	3	建設・資材	-	-	143.0	1.75	2.5	1.77	2.5	1.75	配当あり	いいえ		0.91	20.4	238.0	136.0	Industrials			OK	通常掲載可	OK	5064.5	0.21	0.47	40.94	0.86	-78.8	-2.15		0.23	0
5951	ダイニチ工業	スタンダード（内国株式）	3550	金属製品	3	建設・資材	-	-	1173.0	2.39	28.0	2.34	28.0	2.39	配当あり	いいえ	12.61	0.64	189.8	1248.0	685.0	Consumer Cyclical			OK	通常掲載可	OK	20084.6	9.03	0.91	86.6	0.0	1225.1	93.01	30.1	5.23	0
5952	アマテイ	スタンダード（内国株式）	3550	金属製品	3	建設・資材	-	-	180.0	2.78	5.0	2.82	5.0	2.78	配当あり	いいえ	14.24	1.36	21.3	285.0	161.0	Industrials			OK	通常掲載可	OK	5374.4	4.39	-3.74	31.63	1.19	252.7	12.64	39.56	9.62	3
5955	ワイズホールディングス	スタンダード（内国株式）	3550	金属製品	3	建設・資材	-	-	80.0	1.25	1.0	1.25	1.0	1.25	配当あり	いいえ	28.88	0.89	106.7	155.0	75.0	Industrials			OK	通常掲載可	OK	12725.5	4.57	7.82	65.53	0.16	951.6	2.77	36.1	3.19	0
5956	トーソー	スタンダード（内国株式）	3550	金属製品	3	建設・資材	-	-	587.0	2.21	13.0	2.23	13.0	2.21	配当あり	いいえ	7.74	0.33	51.9	842.0	527.0	Consumer Cyclical			OK	通常掲載可	OK	23253.6	4.11	2.04	68.34	0.18	-229.1	75.8	17.15	4.42	1
5957	日東精工	プライム（内国株式）	3550	金属製品	3	建設・資材	7	TOPIX Small 2	768.0	3.12	24.0	3.13	24.0	3.12	配当あり	いいえ	12.94	0.77	278.8	816.0	554.0	Industrials			OK	通常掲載可	OK	50238.2	6.83	6.73	62.96	0.07	1153.4	59.37	40.42	7.04	3
5958	三洋工業	スタンダード（内国株式）	3550	金属製品	3	建設・資材	-	-	4365.0	5.04	220.0	5.01	220.0	5.04	配当あり	いいえ	9.15	0.59	122.4	5400.0	3765.0	Industrials			OK	通常掲載可	OK	28956.0	6.32	-1.9	72.96	0.03	-414.0	477.09	46.11	6.68	4
5959	岡部	プライム（内国株式）	3550	金属製品	3	建設・資材	7	TOPIX Small 2	895.0	3.58	32.0	3.59	32.0	3.58	配当あり	いいえ	12.46	0.65	396.6	1068.0	822.0	Industrials			OK	通常掲載可	OK	69758.0	6.83	2.88	72.78	0.1	-434.0	71.81	44.56	5.02	5
5962	浅香工業	スタンダード（内国株式）	3800	その他製品	10	情報通信・サービスその他	-	-	2010.0	2.49	50.0	2.56	50.0	2.49	配当あり	いいえ	4.71	0.42	19.3	2120.0	1570.0	Industrials			OK	通常掲載可	OK	8358.0	3.72	-1.07	65.59	0.21	8.4	427.05	11.71	9.3	0
5965	フジマック	スタンダード（内国株式）	3550	金属製品	3	建設・資材	-	-	1128.0	3.55	40.0	3.56	40.0	3.55	配当あり	いいえ	6.29	0.8	147.8	1325.0	959.0	Consumer Cyclical			OK	通常掲載可	OK	47436.9	6.41	3.94	57.37	0.18	-856.2	179.46	22.29	1.84	0
5966	京都機械工具	スタンダード（内国株式）	3550	金属製品	3	建設・資材	-	-	2550.0	3.14	80.0	3.17	80.0	3.14	配当あり	いいえ	12.28	0.49	61.6	2650.0	2375.0	Industrials			OK	通常掲載可	OK	9046.2	9.37	7.33	75.23	0.07	1073.7	207.64	38.53	4.03	0
5967	ＴＯＮＥ	スタンダード（内国株式）	3550	金属製品	3	建設・資材	-	-	496.0	2.62	13.0	3.13	13.0	2.62	配当あり	いいえ	12.87	0.87	107.5	655.0	404.0	Industrials			OK	通常掲載可	OK	7591.6	13.2	0.17	77.75	0.16	239.6	38.54	33.73	7.79	0
5969	ロブテックス	スタンダード（内国株式）	3550	金属製品	3	建設・資材	-	-	1209.0	2.48	30.0	2.48	30.0	2.48	配当あり	いいえ	18.38	0.46	22.6	1600.0	1153.0	Industrials			OK	通常掲載可	OK	5711.8	3.19	0.06	58.94	0.53	150.1	65.77	45.61	2.49	0
5970	ジーテクト	プライム（内国株式）	3550	金属製品	3	建設・資材	6	TOPIX Small 1	2020.0	4.85	98.0	4.74	98.0	4.85	配当あり	いいえ	6.57	0.39	864.8	2233.0	1725.0	Consumer Cyclical			OK	通常掲載可	OK	333413.0	4.69	-1.72	59.93	0.28	-5938.0	307.24	31.9	6.26	15
5971	共和工業所	スタンダード（内国株式）	3550	金属製品	3	建設・資材	-	-	8150.0	0.98	80.0	0.98	80.0	0.98	配当あり	いいえ	12.29	0.62	106.1	8200.0	5330.0	Industrials			OK	通常掲載可	OK	10457.8	7.83	-4.69	86.25	0.0	1284.4	663.38	12.06	5.25	0
5973	トーアミ	スタンダード（内国株式）	3550	金属製品	3	建設・資材	-	-	608.0	2.96	18.0	2.96	18.0	2.96	配当あり	いいえ	19.85	0.31	34.5	689.0	505.0	Basic Materials			OK	通常掲載可	OK	18391.8	1.18	1.59	58.72	0.38	1092.1	30.63	58.77	1.69	0
5974	中国工業	スタンダード（内国株式）	3550	金属製品	3	建設・資材	-	-	836.0	2.75	23.0	2.69	23.0	2.75	配当あり	いいえ	8.72	0.46	27.3	968.0	535.0	Utilities			OK	通常掲載可	OK	13752.0	2.4	-0.66	45.88	0.24	442.0	95.9	23.98	5.34	2
5975	東プレ	プライム（内国株式）	3550	金属製品	3	建設・資材	6	TOPIX Small 1	2599.0	3.85	100.0	3.78	100.0	3.85	配当あり	いいえ	7.06	0.53	1257.0	3015.0	1883.0	Consumer Cyclical			OK	通常掲載可	OK	378815.0	7.4	1.4	62.52	0.19	5187.0	368.28	27.15	7.99	3
5976	高周波熱錬	プライム（内国株式）	3550	金属製品	3	建設・資材	7	TOPIX Small 2	1287.0	5.59	72.0	5.61	72.0	5.59	配当あり	いいえ	32.36	0.72	417.6	1512.0	1090.0	Basic Materials			OK	通常掲載可	OK	58277.0	3.25	1.24	66.05	0.21	-2258.0	39.77	181.04	2.69	5
5981	東京製綱	プライム（内国株式）	3550	金属製品	3	建設・資材	7	TOPIX Small 2	1900.0	3.68	70.0	3.64	70.0	3.68	配当あり	いいえ	8.49	0.71	293.0	2162.0	1246.0	Industrials			OK	通常掲載可	OK	64094.0	7.57	1.95	46.25	0.57	3098.0	223.69	31.29	8.94	3
5982	マルゼン	スタンダード（内国株式）	3550	金属製品	3	建設・資材	-	-	3850.0	3.25	125.0	3.26	125.0	3.25	配当あり	いいえ	11.7	1.17	612.2	4255.0	3310.0	Industrials			OK	通常掲載可	OK	66782.4	9.94	3.94	70.15	0.0	3774.8	329.09	37.98	10.35	4
5983	イワブチ	スタンダード（内国株式）	3550	金属製品	3	建設・資材	-	-	13750.0	2.4	330.0	2.4	330.0	2.4	配当あり	いいえ	15.46	0.7	143.2	16160.0	6300.0	Industrials			OK	通常掲載可	OK	13528.5	10.77	7.01	74.95	0.04	1236.9	889.62	37.09	5.05	2
5984	兼房	スタンダード（内国株式）	3550	金属製品	3	建設・資材	-	-	724.0	3.18	23.0	3.17	23.0	3.18	配当あり	いいえ	9.75	0.32	100.6	940.0	651.0	Industrials			OK	通常掲載可	OK	20947.6	5.21	3.54	81.61	0.1	19.6	74.24	30.98	3.33	1
5985	サンコール	スタンダード（内国株式）	3550	金属製品	3	建設・資材	7	TOPIX Small 2	1632.0	1.84	30.0	1.75	30.0	1.84	配当あり	いいえ	7.96	1.44	494.4	2415.0	289.0	Consumer Cyclical			OK	通常掲載可	OK	52223.0	13.65	-18.32	59.61	0.3	10026.0	205.05	14.63	20.42	0
5986	モリテック　スチール	スタンダード（内国株式）	3550	金属製品	3	建設・資材	-	-	230.0	2.61	6.0	2.62	6.0	2.61	配当あり	いいえ	4.94	0.32	51.5	279.0	187.0	Basic Materials			OK	通常掲載可	OK	48192.8	0.92	-4.57	45.91	0.33	937.9	46.53	12.89	6.77	0
5987	オーネックス	スタンダード（内国株式）	3550	金属製品	3	建設・資材	-	-	1740.0	1.15	20.0	1.12	20.0	1.15	配当あり	いいえ	12.34	0.51	28.8	2866.0	1563.0	Industrials			OK	通常掲載可	OK	4967.5	1.13	-7.41	59.37	0.45	536.6	140.98	14.19	5.54	0
5988	パイオラックス	プライム（内国株式）	3550	金属製品	3	建設・資材	6	TOPIX Small 1	1581.0	5.82	92.0	5.88	92.0	5.82	配当あり	いいえ		0.59	381.2	1885.0	1505.0	Consumer Cyclical			OK	通常掲載可	OK	62045.0	2.37	-2.06	63.95	0.38	-6934.0	-0.78		-0.01	0
5989	エイチワン	プライム（内国株式）	3550	金属製品	3	建設・資材	7	TOPIX Small 2	1494.0	4.69	70.0	4.59	70.0	4.69	配当あり	いいえ	3.91	0.53	420.5	1825.0	1144.0	Consumer Cyclical			OK	通常掲載可	OK	209659.0	6.99	-8.1	38.65	0.85	2642.0	382.02	18.32	16.73	2
5990	スーパーツール	スタンダード（内国株式）	3550	金属製品	3	建設・資材	-	-	1978.0	3.03	60.0	3.03	60.0	3.03	配当あり	いいえ	23.53	0.45	46.7	2100.0	1898.0	Industrials			OK	通常掲載可	OK	5437.3	5.29	3.74	77.35	0.09	438.1	84.07	71.37	1.92	0
5991	日本発條	プライム（内国株式）	3550	金属製品	3	建設・資材	4	TOPIX Mid400	3910.0	1.76	69.0	1.78	69.0	1.76	配当あり	いいえ	28.43	1.81	7921.2	4340.0	1555.0	Consumer Cyclical			OK	通常掲載可	OK	816879.0	5.6	1.89	59.26	0.15	35528.0	137.53	50.17	6.53	5
5992	中央発條	スタンダード（内国株式）	3550	金属製品	3	建設・資材	7	TOPIX Small 2	3850.0	2.34	90.0	2.37	90.0	2.34	配当あり	いいえ	7.82	1.11	971.1	4200.0	1658.0	Consumer Cyclical			OK	通常掲載可	OK	110868.6	2.57	0.65	56.64	0.27	-1268.0	492.21	18.28	14.48	2
5994	ファインシンター	スタンダード（内国株式）	3550	金属製品	3	建設・資材	-	-	985.0	3.05	30.0	3.13	30.0	3.05	配当あり	いいえ		0.29	42.1	2170.0	810.0	Industrials			OK	通常掲載可	OK	46206.8	2.59	8.16	30.94	1.25	2122.3	-564.29		-14.47	0
5997	協立エアテック	スタンダード（内国株式）	3550	金属製品	3	建設・資材	-	-	928.0	2.16	20.0	2.19	20.0	2.16	配当あり	いいえ	9.56	0.45	44.8	928.0	586.0	Industrials			OK	通常掲載可	OK	11923.3	5.01	1.63	62.64	0.2	-107.2	97.07	20.6	4.92	0
5998	アドバネクス	スタンダード（内国株式）	3550	金属製品	3	建設・資材	-	-	2822.0	1.77	50.0	1.72	50.0	1.77	配当あり	いいえ	11.28	1.14	115.8	3535.0	780.0	Industrials			OK	通常掲載可	OK	29680.0	4.46	4.02	31.09	1.55	-922.6	250.12	19.99	11.25	0
6005	三浦工業	プライム（内国株式）	3600	機械	8	機械	4	TOPIX Mid400	3115.0	1.38	43.0	1.37	43.0	1.38	配当あり	いいえ	13.05	1.48	3604.4	3573.0	2737.5	Industrials			OK	通常掲載可	OK	268701.0	11.51	6.91	51.04	0.09	37184.0	238.63	18.02	12.25	5
6013	タクマ	プライム（内国株式）	3600	機械	8	機械	6	TOPIX Small 1	3610.0	2.99	108.0	2.98	108.0	2.99	配当あり	いいえ	19.52	2.34	2629.4	3760.0	2025.0	Industrials			OK	通常掲載可	OK	165620.0	9.31	9.57	59.09	0.01	23335.0	184.98	58.38	12.42	4
6016	ジャパンエンジンコーポレーション	スタンダード（内国株式）	3700	輸送用機器	6	自動車・輸送機	-	-	7730.0	1.29	100.0	1.28	100.0	1.29	配当あり	いいえ	13.61	9.72	648.1	17090.0	6150.0	Industrials			OK	通常掲載可	OK	29707.1	18.37	2.93	57.54	0.22	-297.3	567.84	17.61	7.61	4
6018	阪神内燃機工業	スタンダード（内国株式）	3700	輸送用機器	6	自動車・輸送機	-	-	5930.0	1.53	91.0	1.53	91.0	1.53	配当あり	いいえ	26.25	1.23	192.2	6700.0	2890.0	Industrials			OK	通常掲載可	OK	14028.5	5.87	5.18	60.6		-190.2	225.93	40.28	4.84	4
6022	赤阪鐵工所	スタンダード（内国株式）	3600	機械	8	機械	-	-	2479.0	1.21	30.0	1.2	30.0	1.21	配当あり	いいえ	17.83	0.47	33.2	6130.0	2250.0	Industrials			OK	通常掲載可	OK	8333.7	-2.26	6.22	60.17	0.18	311.5	139.05	21.57	4.12	0
6023	ダイハツインフィニアース	スタンダード（内国株式）	3700	輸送用機器	6	自動車・輸送機	-	-	2566.0	2.69	69.0	2.69	69.0	2.69	配当あり	いいえ	11.02	1.32	652.6	3525.0	1974.0	Industrials			OK	通常掲載可	OK	88066.0	8.66	-0.81	44.69	0.39	-2475.0	232.79	29.64	12.64	3
6027	弁護士ドットコム	プライム（内国株式）	9050	サービス業	10	情報通信・サービスその他	7	TOPIX Small 2	2403.0						配当未取得		36.35	7.62	549.5	3895.0	1998.0	Industrials	配当未取得	1株配当が取得できていない	除外推奨	掲載非推奨	OK_配当データ要確認	16288.4	13.54	15.75	53.88	0.53	724.9	66.11		23.88	
6029	アトラグループ	スタンダード（内国株式）	9050	サービス業	10	情報通信・サービスその他	-	-	180.0						配当未取得		7.16	1.17	18.5	352.0	134.0	Healthcare	配当未取得	1株配当が取得できていない	除外推奨	掲載非推奨	OK_配当データ要確認	3927.2	3.59	-7.26	41.09	0.62	197.0	25.15		21.02	0
6030	アドベンチャー	グロース（内国株式）	9050	サービス業	10	情報通信・サービスその他	-	-	1384.0						配当未取得			1.1	99.3	3460.0	1140.0	Consumer Cyclical	配当未取得	1株配当が取得できていない	除外推奨	掲載非推奨	OK_配当データ要確認	22391.7	6.65	11.8	37.07	0.76	769.3	-291.61		-21.87	0
6031	ＺＥＴＡ	グロース（内国株式）	9050	サービス業	10	情報通信・サービスその他	-	-	276.0	1.63	4.5	1.56	4.5	1.63	配当あり	いいえ	24.64	7.1	56.3	456.0	225.0	Technology			OK	通常掲載可	OK	1858.7	21.31	-21.18	30.84	1.9	257.9	11.2	40.18	-12.68	2
6033	エクストリーム	グロース（内国株式）	9050	サービス業	10	情報通信・サービスその他	-	-	1399.0	4.86	68.0	4.88	68.0	4.86	配当あり	いいえ	6.36	1.09	74.9	1605.0	1217.0	Communication Services			OK	通常掲載可	OK	11796.1	12.21	4.06	73.07	0.09	746.6	219.83	30.93	18.01	3
6034	ＭＲＴ	グロース（内国株式）	9050	サービス業	10	情報通信・サービスその他	-	-	630.0						配当未取得		63.51	2.42	34.5	756.0	609.0	Healthcare	配当未取得	1株配当が取得できていない	除外推奨	掲載非推奨	OK_配当データ要確認	4191.5	2.29	0.62	71.71	0.12	340.5	9.92		1.93	
6035	アイ・アールジャパンホールディングス	スタンダード（内国株式）	9050	サービス業	10	情報通信・サービスその他	7	TOPIX Small 2	712.0	4.21	30.0	4.25	30.0	4.21	配当あり	いいえ	13.95	2.07	126.5	900.0	609.0	Industrials			OK	通常掲載可	OK	6141.9	20.91	6.19	81.59	0.03	1228.0	51.05	58.77	15.3	0
6036	ＫｅｅＰｅｒ技研	プライム（内国株式）	9050	サービス業	10	情報通信・サービスその他	6	TOPIX Small 1	2729.0	2.2	60.0	2.21	60.0	2.2	配当あり	いいえ	7.94	3.1	744.8	3940.0	2478.0	Basic Materials			OK	通常掲載可	OK	23093.3	30.74	12.24	72.67	0.1	3825.6	343.57	17.46	43.34	7
6037	楽待	スタンダード（内国株式）	9050	サービス業	10	情報通信・サービスその他	-	-	1077.0	1.21	13.0	1.2	13.0	1.21	配当あり	いいえ	15.87	4.01	207.9	1493.0	881.0	Communication Services			OK	通常掲載可	OK	2364.3	44.87	12.96	91.79		649.9	67.87	19.15	25.43	4
6038	イード	グロース（内国株式）	9050	サービス業	10	情報通信・サービスその他	-	-	796.0	5.78	46.0	5.73	46.0	5.78	配当あり	いいえ	8.74	0.77	39.1	1035.0	796.0	Communication Services			OK	通常掲載可	OK	6084.7	7.56	-0.66	72.94	0.11	453.8	91.06	50.52	7.01	2
6039	日本動物高度医療センター	グロース（内国株式）	9050	サービス業	10	情報通信・サービスその他	-	-	1040.0	2.4	25.0	2.39	25.0	2.4	配当あり	いいえ	16.14	2.75	134.4	1605.0	496.2	Consumer Cyclical			OK	通常掲載可	OK	6192.5	18.57	17.33	43.14	1.06	-1060.9	64.45	38.79	18.45	1
6040	日本スキー場開発	グロース（内国株式）	9050	サービス業	10	情報通信・サービスその他	-	-	492.0	1.02	5.0	1.01	5.0	1.02	配当あり	いいえ	16.8	2.2	226.5	637.0	428.0	Consumer Cyclical			OK	通常掲載可	OK	8245.3	18.83	19.52	61.18	0.43	-774.4	29.28	17.08	20.67	2
6042	ニッキ	スタンダード（内国株式）	3700	輸送用機器	6	自動車・輸送機	-	-	3990.0	3.01	120.0	3.04	120.0	3.01	配当あり	いいえ	13.8	0.54	74.5	5340.0	2578.0	Consumer Cyclical			OK	通常掲載可	OK	9269.1	11.93	10.87	57.31	0.58	-2678.9	289.17	41.5	7.07	0
6044	三機サービス	スタンダード（内国株式）	9050	サービス業	10	情報通信・サービスその他	-	-	1628.0	1.84	30.0	1.83	30.0	1.84	配当あり	いいえ	12.72	2.01	105.0	2449.0	1114.0	Industrials			OK	通常掲載可	OK	20636.1	4.95	6.2	48.38	0.1	814.1	128.01	23.44	19.32	1
6045	レントラックス	グロース（内国株式）	9050	サービス業	10	情報通信・サービスその他	-	-	1482.0	1.75	26.0	1.78	26.0	1.75	配当あり	いいえ	4.53	1.97	116.4	1947.0	1051.0	Communication Services			OK	通常掲載可	OK	4440.1	23.68	14.95	36.06	0.9	-446.9	327.12	7.95	54.19	4
6046	リンクバル	スタンダード（内国株式）	9050	サービス業	10	情報通信・サービスその他	-	-	118.0						配当未取得			2.71	22.1	225.0	108.0	Communication Services	配当未取得	1株配当が取得できていない	除外推奨	掲載非推奨	OK_配当データ要確認	906.3	-9.82	-6.39	72.29	0.13	-150.0	-7.01		-15.01	
6047	Ｇｕｎｏｓｙ	スタンダード（内国株式）	9050	サービス業	10	情報通信・サービスその他	7	TOPIX Small 2	450.0	4.07	18.3	4.03	18.3	4.07	配当あり	いいえ	46.97	0.98	107.8	816.0	432.0	Technology			OK	通常掲載可	OK	6098.0	9.45	-16.97	84.92	0.02	-26.0	9.58	191.02	0.56	
6049	イトクロ	グロース（内国株式）	9050	サービス業	10	情報通信・サービスその他	-	-	244.0						配当未取得		20.96	0.62	49.5	309.0	241.0	Communication Services	配当未取得	1株配当が取得できていない	除外推奨	掲載非推奨	OK_配当データ要確認	3669.6	7.1	-7.1	93.31	0.0	795.0	11.64		84.43	
6050	イー・ガーディアン	プライム（内国株式）	9050	サービス業	10	情報通信・サービスその他	7	TOPIX Small 2	1695.0	2.24	38.0	2.26	38.0	2.24	配当あり	いいえ	27.71	1.63	196.5	2268.0	1594.0	Technology			OK	通常掲載可	OK	11321.4	13.29	-0.62	87.8		964.2	61.17	62.12	5.97	12
6054	リブセンス	スタンダード（内国株式）	9050	サービス業	10	情報通信・サービスその他	-	-	111.0						配当未取得			0.74	30.6	174.0	103.0	Communication Services	配当未取得	1株配当が取得できていない	除外推奨	掲載非推奨	OK_配当データ要確認	5639.9	-6.54	-10.77	88.15	0.0	-654.4	-0.84		0.63	
6055	ジャパンマテリアル	プライム（内国株式）	9050	サービス業	10	情報通信・サービスその他	6	TOPIX Small 1	2684.0	2.61	70.0	2.72	70.0	2.61	配当あり	いいえ	26.04	4.4	2758.5	2770.0	1327.0	Industrials			OK	通常掲載可	OK	57976.0	25.25	10.06	83.11	0.0	8877.0	103.06	67.92	18.19	1
6058	ベクトル	プライム（内国株式）	9050	サービス業	10	情報通信・サービスその他	7	TOPIX Small 2	1790.0	2.01	36.0	2.06	36.0	2.01	配当あり	いいえ	16.05	3.91	839.6	1792.0	1052.0	Communication Services			OK	通常掲載可	OK	63794.0	14.29	7.66	45.42	0.38	9262.0	111.52	32.28	26.14	4
6059	ウチヤマホールディングス	スタンダード（内国株式）	9050	サービス業	10	情報通信・サービスその他	-	-	338.0	2.96	10.0	2.94	10.0	2.96	配当あり	いいえ	22.27	0.46	65.6	419.0	305.0	Healthcare			OK	通常掲載可	OK	29577.8	1.87	1.62	46.85	0.87	-343.9	15.18	65.88	2.07	0
6061	ユニバーサル園芸社	スタンダード（内国株式）	9050	サービス業	10	情報通信・サービスその他	-	-	2635.0	0.49	13.0	0.5	13.0	0.49	配当あり	いいえ	11.81	1.6	242.7	3490.0	2505.0	Consumer Cyclical			OK	通常掲載可	OK	16859.1	14.08	22.02	78.55	0.04	1866.6	223.08	5.83	15.61	4
6062	チャーム・ケア・コーポレーション	プライム（内国株式）	9050	サービス業	10	情報通信・サービスその他	7	TOPIX Small 2	1294.0	3.09	40.0	3.01	40.0	3.09	配当あり	いいえ	12.79	1.96	422.9	1457.0	1029.0	Healthcare			OK	通常掲載可	OK	46673.0	8.24	-2.42	39.45	0.65	-1110.0	101.19	39.53	14.61	9
6063	日本エマージェンシーアシスタンス	スタンダード（内国株式）	9050	サービス業	10	情報通信・サービスその他	-	-	984.0	0.91	9.0	0.9	9.0	0.91	配当あり	いいえ	24.36	1.31	24.8	1329.0	835.0	Healthcare			OK	通常掲載可	OK	3714.7	2.59	27.71	49.48	0.57	258.5	40.4	22.28	5.55	1
6069	トレンダーズ	グロース（内国株式）	9050	サービス業	10	情報通信・サービスその他	-	-	639.0	5.63	36.0	5.72	36.0	5.63	配当あり	いいえ	23.04	1.16	49.6	1088.0	578.0	Communication Services			OK	通常掲載可	OK	6191.6	15.97	9.13	51.28	0.51	-211.0	27.74	129.78	5.0	9
6070	キャリアリンク	プライム（内国株式）	9050	サービス業	10	情報通信・サービスその他	7	TOPIX Small 2	2215.0	5.42	120.0	5.38	120.0	5.42	配当あり	いいえ	10.22	1.64	263.1	2815.0	2086.0	Industrials			OK	通常掲載可	OK	44642.5	8.73	10.51	71.17	0.03	2353.9	216.63	55.39	16.87	0
6071	ＩＢＪ	プライム（内国株式）	9050	サービス業	10	情報通信・サービスその他	7	TOPIX Small 2	783.0	1.66	13.0	1.67	13.0	1.66	配当あり	いいえ	14.16	2.73	296.5	918.0	659.0	Consumer Cyclical			OK	通常掲載可	OK	20172.9	17.89	13.72	31.46	1.24	2086.8	55.28	23.52	24.7	2
6072	地盤ネットホールディングス	スタンダード（内国株式）	9050	サービス業	10	情報通信・サービスその他	-	-	1040.0						配当未取得		112.31	16.27	233.3	1958.0	149.0	Industrials	配当未取得	1株配当が取得できていない	除外推奨	掲載非推奨	OK_配当データ要確認	1878.0	5.83	0.03	80.37	0.04	38.8	9.26		15.0	0
6073	アサンテ	プライム（内国株式）	9050	サービス業	10	情報通信・サービスその他	7	TOPIX Small 2	1436.0	4.32	62.0	4.31	62.0	4.32	配当あり	いいえ	57.46	1.46	140.3	1728.0	1306.0	Consumer Cyclical			OK	通常掲載可	OK	14355.8	5.82	2.36	68.74	0.25	376.7	24.99	248.1	9.53	0
6074	ジェイエスエス	スタンダード（内国株式）	9050	サービス業	10	情報通信・サービスその他	-	-	491.0	4.28	21.0	4.23	21.0	4.28	配当あり	いいえ	8.15	0.62	19.8	597.0	468.0	Consumer Cyclical			OK	通常掲載可	OK	8541.3	5.08	1.9	43.36	0.65	583.5	60.26	34.85	7.82	3
6078	バリューＨＲ	プライム（内国株式）	9050	サービス業	10	情報通信・サービスその他	7	TOPIX Small 2	1466.0	1.84	27.0	1.83	27.0	1.84	配当あり	いいえ	62.6	5.91	391.7	1899.0	1321.0	Healthcare			OK	通常掲載可	OK	10068.3	8.77	20.2	37.86	0.74	762.3	23.42	115.29	9.07	7
6080	Ｍ＆Ａキャピタルパートナーズ	プライム（内国株式）	9050	サービス業	10	情報通信・サービスその他	6	TOPIX Small 1	3410.0	2.0	68.34	2.0	68.34	2.0	配当あり	いいえ	18.63	2.35	1083.6	3780.0	2807.0	Financial Services			OK	通常掲載可	OK	22448.7	31.75	17.12	77.61	0.07	9447.9	183.04	37.34	14.28	1
6081	アライドアーキテクツ	グロース（内国株式）	9050	サービス業	10	情報通信・サービスその他	-	-	158.0						配当未取得			1.44	25.0	466.0	150.0	Communication Services	配当未取得	1株配当が取得できていない	除外推奨	掲載非推奨	OK_配当データ要確認	2991.0	-6.3	-13.65	54.89	0.25	-937.5	-52.47		-15.48	
6082	ライドオンエクスプレスホールディングス	スタンダード（内国株式）	9050	サービス業	10	情報通信・サービスその他	7	TOPIX Small 2	981.0	1.53	15.0	1.53	15.0	1.53	配当あり	いいえ	13.73	1.09	96.1	1050.0	962.0	Consumer Cyclical			OK	通常掲載可	OK	23833.5	3.69	1.88	58.11	0.32	333.3	71.44	21.0	8.28	0
6083	ＥＲＩホールディングス	スタンダード（内国株式）	9050	サービス業	10	情報通信・サービスその他	-	-	1405.0	2.61	36.67	2.67	36.67	2.61	配当あり	いいえ	14.4	4.22	315.4	1686.67	694.33	Industrials			OK	通常掲載可	OK	19765.5	10.35	9.67	47.21	0.4	784.6	97.55	37.59	44.1	1
6085	アーキテクツ・スタジオ・ジャパン	グロース（内国株式）	9050	サービス業	10	情報通信・サービスその他	-	-	251.0						配当未取得			-129.12	288.0	720.0	23.8	Industrials	配当未取得	1株配当が取得できていない	除外推奨	掲載非推奨	OK_配当データ要確認	897.5	-12.51	51.38	4.54	13.84	-128.1	-2.47			
6086	シンメンテホールディングス	グロース（内国株式）	9050	サービス業	10	情報通信・サービスその他	-	-	996.0	2.21	22.0	2.24	22.0	2.21	配当あり	いいえ	15.2	4.06	188.1	1290.0	860.0	Industrials			OK	通常掲載可	OK	29946.5	6.2	16.49	41.82	0.05	1649.1	65.53	33.57	30.26	4
6087	アビスト	スタンダード（内国株式）	9050	サービス業	10	情報通信・サービスその他	-	-	3360.0	3.04	102.0	3.02	102.0	3.04	配当あり	いいえ	17.81	1.9	133.7	3485.0	3075.0	Industrials			OK	通常掲載可	OK	10627.3	8.97	6.25	75.8	0.0	213.4	188.66	54.07	10.78	0
6088	シグマクシス・ホールディングス	プライム（内国株式）	9050	サービス業	10	情報通信・サービスその他	6	TOPIX Small 1	537.0	4.84	26.0	4.83	26.0	4.84	配当あり	いいえ	11.26	3.07	434.5	1234.0	509.0	Industrials			OK	通常掲載可	OK	23831.0	25.45	-9.37	83.56	0.0	2829.5	47.67	54.54	27.84	4
6089	ウィルグループ	プライム（内国株式）	9050	サービス業	10	情報通信・サービスその他	7	TOPIX Small 2	1034.0	4.26	44.0	4.24	44.0	4.26	配当あり	いいえ	10.27	1.17	236.9	1319.0	927.0	Industrials			OK	通常掲載可	OK	146856.0	2.23	5.12	35.79	0.3	4390.0	100.71	43.69	11.74	0
6090	ヒューマン・メタボローム・テクノロジーズ	スタンダード（内国株式）	9050	サービス業	10	情報通信・サービスその他	-	-	614.0	2.93	18.0	2.93	18.0	2.93	配当あり	いいえ	17.21	1.83	33.7	797.0	581.0	Healthcare			OK	通常掲載可	OK	1455.0	17.15	8.12	80.38	0.06	224.8	35.67	50.46	-2.85	0
6091	ウエスコホールディングス	スタンダード（内国株式）	9050	サービス業	10	情報通信・サービスその他	-	-	951.0	2.94	28.0	3.07	28.0	2.94	配当あり	いいえ	14.38	0.75	125.0	957.0	677.0	Industrials			OK	通常掲載可	OK	15725.3	5.99	0.85	77.93	0.01	548.4	66.12	42.35	5.88	2
6092	エンバイオ・ホールディングス	スタンダード（内国株式）	9050	サービス業	10	情報通信・サービスその他	-	-	707.0	3.39	24.0	3.31	24.0	3.39	配当あり	いいえ	21.59	0.62	57.4	1009.0	550.0	Industrials			OK	通常掲載可	OK	12630.0	12.82	18.39	40.47	1.15	114.0	32.74	73.3	2.72	1
6093	エスクロー・エージェント・ジャパン	スタンダード（内国株式）	9050	サービス業	10	情報通信・サービスその他	-	-	162.0	3.7	6.0	3.7	6.0	3.7	配当あり	いいえ	37.41	2.02	70.6	204.0	124.0	Industrials			OK	通常掲載可	OK	5078.1	6.37	7.1	73.77	0.03	196.4	4.33	138.57	5.36	0
6094	フリークアウト・ホールディングス	グロース（内国株式）	9050	サービス業	10	情報通信・サービスその他	-	-	518.0						配当未取得		6.14	0.72	90.0	796.0	488.0	Communication Services	配当未取得	1株配当が取得できていない	除外推奨	掲載非推奨	OK_配当データ要確認	50323.4	0.09	-2.68	27.23	1.59	-636.0	84.34		11.96	
6096	レアジョブ	スタンダード（内国株式）	9050	サービス業	10	情報通信・サービスその他	-	-	388.0	2.06	8.0	2.08	8.0	2.06	配当あり	いいえ	11.36	1.65	37.0	415.0	278.0	Consumer Defensive			OK	通常掲載可	OK	9600.6	0.82	-1.19	34.03	1.17	-41.3	34.15	23.43	15.57	0
6098	リクルートホールディングス	プライム（内国株式）	9050	サービス業	10	情報通信・サービスその他	1	TOPIX Core30	11530.0	0.23	26.0	0.23	26.0	0.23	配当あり	いいえ	33.15	10.17	160513.6	11935.0	6040.0	Communication Services			OK	通常掲載可	OK	3697351.0	17.05	3.93	56.77	0.12	545106.0	347.83	7.47	30.83	4
6099	エラン	プライム（内国株式）	9050	サービス業	10	情報通信・サービスその他	7	TOPIX Small 2	753.0	2.12	16.0	2.15	16.0	2.12	配当あり	いいえ	16.46	3.14	455.4	876.0	654.0	Healthcare			OK	通常掲載可	OK	55448.7	7.71	16.7	54.93	0.06	3147.9	45.76	34.97	21.58	1
6101	ツガミ	プライム（内国株式）	3600	機械	8	機械	6	TOPIX Small 1	8180.0	1.2	98.0	1.22	98.0	1.2	配当あり	いいえ	55.06	4.76	3803.8	8630.0	1777.0	Industrials			OK	通常掲載可	OK	25561.0	9.64	-6.08	52.0	0.11	6757.0	148.56	65.97	25.52	5
6103	オークマ	プライム（内国株式）	3600	機械	8	機械	6	TOPIX Small 1	4775.0	2.09	100.0	2.16	100.0	2.09	配当あり	いいえ	22.94	1.16	2810.9	5200.0	3265.0	Industrials			OK	通常掲載可	OK	235888.0	6.57	14.05	71.98	0.1	-6572.0	208.13	48.05	5.11	0
6104	芝浦機械	プライム（内国株式）	3600	機械	8	機械	6	TOPIX Small 1	4625.0	3.03	140.0	3.11	140.0	3.03	配当あり	いいえ	105.96	0.92	1093.7	5170.0	3305.0	Industrials			OK	通常掲載可	OK	132815.0	3.29	-21.03	68.33	0.09	-11335.0	43.65	320.73	0.87	0
6113	アマダ	プライム（内国株式）	3600	機械	8	機械	4	TOPIX Mid400	3058.0	2.09	64.0	2.17	64.0	2.09	配当あり	いいえ	31.02	1.77	9496.1	3224.0	1559.0	Industrials			OK	通常掲載可	OK	437372.0	10.24	10.26	69.35	0.15	48466.0	98.58	64.92	5.71	0
6118	アイダエンジニアリング	プライム（内国株式）	3600	機械	8	機械	6	TOPIX Small 1	1166.0	3.34	39.0	3.39	39.0	3.34	配当あり	いいえ	14.69	0.73	633.6	1362.0	872.0	Industrials			OK	通常掲載可	OK	78647.0	7.24	3.47	69.09	0.05	6435.0	79.4	49.12	5.0	1
6125	岡本工作機械製作所	スタンダード（内国株式）	3600	機械	8	機械	-	-	5770.0	2.77	160.0	2.86	160.0	2.77	配当あり	いいえ	30.9	0.89	381.4	5930.0	3690.0	Industrials			OK	通常掲載可	OK	42513.0	3.57	-2.79	63.47	0.28	-901.0	186.71	85.69	2.97	0
6134	ＦＵＪＩ	プライム（内国株式）	3600	機械	8	機械	4	TOPIX Mid400	8932.0	2.13	190.0	2.26	190.0	2.13	配当あり	いいえ	49.93	3.38	7852.4	8943.0	2579.0	Industrials			OK	通常掲載可	OK	180642.0	16.21	41.81	83.46		-2431.0	178.88	106.22	6.98	0
6135	牧野フライス製作所	プライム（内国株式）	3600	機械	8	機械	6	TOPIX Small 1	15410.0	2.34	360.0	2.37	360.0	2.34	配当あり	いいえ	17.18	1.38	3604.7	15940.0	10370.0	Industrials			OK	通常掲載可	OK	261184.0	9.59	11.51	61.71	0.2	14928.0	896.8	40.14	8.61	0
6136	オーエスジー	プライム（内国株式）	3600	機械	8	機械	4	TOPIX Mid400	3787.0	2.22	84.0	2.31	84.0	2.22	配当あり	いいえ	24.83	1.71	3111.0	3819.0	1700.0	Industrials			OK	通常掲載可	OK	160619.0	12.66	3.28	67.54	0.25	11618.0	152.54	55.07	9.29	1
6137	小池酸素工業	スタンダード（内国株式）	3600	機械	8	機械	-	-	1478.0	3.38	50.0	3.35	50.0	3.38	配当あり	いいえ	9.01	0.66	312.0	2432.0	1206.0	Industrials			OK	通常掲載可	OK	55570.0	8.72	0.66	59.33	0.16	1846.0	164.08	30.47	7.78	4
6138	ダイジェット工業	スタンダード（内国株式）	3600	機械	8	機械	-	-	1090.0	3.21	35.0	3.16	35.0	3.21	配当あり	いいえ	4.13	0.34	32.4	1244.0	828.0	Industrials			OK	通常掲載可	OK	9292.1	6.98	5.67	54.97	0.54	392.8	263.81	13.27	8.98	0
6140	旭ダイヤモンド工業	プライム（内国株式）	3600	機械	8	機械	6	TOPIX Small 1	1234.0	2.76	34.0	2.8	34.0	2.76	配当あり	いいえ	29.67	0.95	594.0	1735.0	711.0	Industrials			OK	通常掲載可	OK	41983.0	5.73	2.38	78.54	0.07	2456.0	41.59	81.75	3.24	0
6141	ＤＭＧ森精機	プライム（内国株式）	3600	機械	8	機械	4	TOPIX Mid400	3594.0	2.92	105.0	3.02	105.0	2.92	配当あり	いいえ	106.52	1.49	5071.1	3940.0	2307.5	Industrials			OK	通常掲載可	OK	527195.0	3.6	-5.01	39.18	0.37	-3535.0	33.74	311.2	2.51	5
6143	ソディック	プライム（内国株式）	3600	機械	8	機械	6	TOPIX Small 1	1894.0	1.53	29.0	1.5	29.0	1.53	配当あり	いいえ	22.7	1.62	945.7	2136.0	807.0	Industrials			OK	通常掲載可	OK	80572.0	5.24	9.37	58.14	0.4	4857.0	83.44	34.76	13.65	0
6144	西部電機	スタンダード（内国株式）	3600	機械	8	機械	-	-	2898.0	3.11	90.0	3.16	90.0	3.11	配当あり	いいえ	12.21	1.29	435.6	3460.0	1871.0	Industrials			OK	通常掲載可	OK	39265.0	10.68	17.73	67.8	0.01	2516.0	237.35	37.92	10.9	2
6145	ＮＩＴＴＯＫＵ	スタンダード（内国株式）	3600	機械	8	機械	-	-	2960.0	2.77	82.0	2.82	82.0	2.77	配当あり	いいえ	14.53	1.24	499.5	3460.0	1790.0	Industrials			OK	通常掲載可	OK	42412.0	12.82	27.49	63.96	0.22	3327.0	203.71	40.25	8.88	2
6146	ディスコ	プライム（内国株式）	3600	機械	8	機械	2	TOPIX Large70	84520.0	0.6	505.0	0.62	505.0	0.6	配当あり	いいえ	67.98	15.6	91676.9	91680.0	37260.0	Technology			OK	通常掲載可	OK	436889.0	42.34	11.08	79.06		98316.0	1243.28	40.62	25.09	2
6147	ヤマザキ	スタンダード（内国株式）	3600	機械	8	機械	-	-	163.0	6.13	10.0	5.95	10.0	6.13	配当あり	いいえ		0.7	7.2	368.0	159.0	Industrials			OK	通常掲載可	OK	3093.9	2.51	23.95	35.84	1.39	-80.7	-81.23		-29.36	0
6149	小田原エンジニアリング	スタンダード（内国株式）	3600	機械	8	機械	-	-	2122.0	3.3	70.0	3.31	70.0	3.3	配当あり	いいえ	5.23	0.66	121.4	2950.0	1835.0	Industrials			OK	通常掲載可	OK	18238.3	16.73	38.42	74.54	0.0	-1356.3	405.94	17.24	15.28	1
6150	タケダ機械	スタンダード（内国株式）	3600	機械	8	機械	-	-	2700.0	2.96	80.0	2.97	80.0	2.96	配当あり	いいえ	9.65	0.47	24.8	3470.0	2666.0	Industrials			OK	通常掲載可	OK	4890.8	8.82	-10.5	68.47	0.29	-658.7	279.76	28.6	4.31	0
6151	日東工器	プライム（内国株式）	3600	機械	8	機械	7	TOPIX Small 2	1712.0	1.87	32.0	1.9	32.0	1.87	配当あり	いいえ	14.94	0.53	321.1	1940.0	1555.0	Industrials			OK	通常掲載可	OK	27289.0	4.34	0.12	88.73	0.03	-3082.0	114.62	27.92	3.6	1
6155	高松機械工業	スタンダード（内国株式）	3600	機械	8	機械	-	-	493.0	2.03	10.0	2.02	10.0	2.03	配当あり	いいえ		0.33	53.2	549.0	445.0	Industrials			OK	通常掲載可	OK	12722.0	-0.51	-8.43	78.08	0.08	442.0	-15.31		-1.01	0
6156	エーワン精密	スタンダード（内国株式）	3600	機械	8	機械	-	-	1730.0	5.78	100.0	5.61	100.0	5.78	配当あり	いいえ		1.21	87.2	2086.0	1677.0	Industrials			OK	通常掲載可	OK	1601.5	10.28	-8.76	91.53	0.0	104.4	-34.73		-2.12	0
6157	日進工具	スタンダード（内国株式）	3600	機械	8	機械	7	TOPIX Small 2	921.0	3.26	30.0	3.24	30.0	3.26	配当あり	いいえ	15.78	1.25	216.3	984.0	705.0	Industrials			OK	通常掲載可	OK	9494.1	20.64	0.67	91.1		1651.9	58.37	51.4	7.95	1
6158	和井田製作所	スタンダード（内国株式）	3600	機械	8	機械	-	-	957.0	3.76	36.0	3.73	36.0	3.76	配当あり	いいえ	22.64	0.59	62.4	1346.0	836.0	Industrials			OK	通常掲載可	OK	6659.2	3.83	-11.85	84.3	0.05	502.5	42.27	85.17	2.48	0
6159	ミクロン精密	スタンダード（内国株式）	3600	機械	8	機械	-	-	1798.0	0.67	12.0	0.62	12.0	0.67	配当あり	いいえ	12.77	0.59	83.0	2916.0	1485.0	Industrials			OK	通常掲載可	OK	5782.4	10.89	23.05	87.39	0.02	1549.2	140.84	8.52	4.69	2
6161	エスティック	スタンダード（内国株式）	3600	機械	8	機械	-	-	1035.0	3.0	31.0	2.98	31.0	3.0	配当あり	いいえ	8.87	0.91	103.2	1131.0	940.0	Industrials			OK	通常掲載可	OK	8033.7	19.6	1.93	88.37	0.0	-371.4	116.7	26.56	10.72	4
6165	パンチ工業	スタンダード（内国株式）	3600	機械	8	機械	-	-	500.0	4.0	20.0	4.01	20.0	4.0	配当あり	いいえ	16.13	0.6	137.7	579.0	370.0	Industrials			OK	通常掲載可	OK	42100.0	4.83	3.13	67.28	0.13	745.0	31.0	64.52	3.79	0
6166	中村超硬	グロース（内国株式）	3600	機械	8	機械	-	-	699.0						配当未取得		30.58	7.02	77.0	1208.0	247.0	Industrials	配当未取得	1株配当が取得できていない	除外推奨	掲載非推奨	OK_配当データ要確認	2641.0	0.29	9.44	15.31	3.57	78.2	22.86		28.81	
6167	冨士ダイス	プライム（内国株式）	3600	機械	8	機械	7	TOPIX Small 2	996.0	8.03	80.0	8.27	80.0	8.03	配当あり	いいえ	34.33	0.95	195.0	1615.0	722.0	Industrials	高利回り要確認	配当利回りが8%以上	要確認	手動確認後に掲載	OK_高利回り要確認	17446.0	4.71	5.13	79.59	0.0	245.0	29.01	275.77	2.78	1
6171	土木管理総合試験所	スタンダード（内国株式）	9050	サービス業	10	情報通信・サービスその他	-	-	376.0	3.19	12.0	3.17	12.0	3.19	配当あり	いいえ	11.07	1.01	53.5	573.0	348.0	Industrials			OK	通常掲載可	OK	7695.7	8.71	4.76	70.38	0.12	257.5	33.96	35.34	11.12	0
6173	アクアライン	グロース（内国株式）	9050	サービス業	10	情報通信・サービスその他	-	-							配当未取得								yfinanceデータなし	yfinanceで株価・配当データが取得できなかった	除外推奨	掲載非推奨	データなし										
6176	ブランジスタ	スタンダード（内国株式）	9050	サービス業	10	情報通信・サービスその他	-	-	903.0	3.32	30.0	3.34	30.0	3.32	配当あり	いいえ	6.12	1.91	130.7	1018.0	632.0	Communication Services			OK	通常掲載可	OK	5196.7	22.16	7.76	67.92	0.13	544.4	147.56	20.33	37.81	
6177	ＡｐｐＢａｎｋ	グロース（内国株式）	9050	サービス業	10	情報通信・サービスその他	-	-	78.0						配当未取得			2.27	19.7	522.0	72.0	Communication Services	配当未取得	1株配当が取得できていない	除外推奨	掲載非推奨	OK_配当データ要確認	1242.2	-13.76	24.92	74.91	0.09	-180.5	-29.27			
6178	日本郵政	プライム（内国株式）	9050	サービス業	10	情報通信・サービスその他	2	TOPIX Large70	2168.5	2.77	60.0	2.77	60.0	2.77	配当あり	いいえ	16.81	0.63	60855.0	2361.0	1318.0	Financial Services			OK	通常掲載可	OK	11468366.0		-4.29	3.06	0.38	2488602.0	129.03	46.5	4.68	0
6180	ＧＭＯメディア	グロース（内国株式）	9050	サービス業	10	情報通信・サービスその他	-	-	3525.0	5.96	210.0	5.83	210.0	5.96	配当あり	いいえ	10.16	2.22	63.3	6170.0	3440.0	Communication Services			OK	通常掲載可	OK	7115.0	12.67	7.7	49.94	0.01	816.4	346.86	60.54	-4.72	4
6181	タメニー	グロース（内国株式）	9050	サービス業	10	情報通信・サービスその他	-	-	77.0						配当未取得			13.48	34.6	145.0	68.0	Consumer Cyclical	配当未取得	1株配当が取得できていない	除外推奨	掲載非推奨	OK_配当データ要確認	6036.2	1.35	2.15	22.2	2.85	-86.1	-7.37		-122.48	
6182	メタリアル	グロース（内国株式）	9050	サービス業	10	情報通信・サービスその他	-	-	528.0						配当未取得		119.19	2.86	57.5	685.0	378.0	Technology	配当未取得	1株配当が取得できていない	除外推奨	掲載非推奨	OK_配当データ要確認	4487.2	4.77	9.85	42.94	0.75	165.5	4.43		2.42	0
6183	ベルシステム２４ホールディングス	プライム（内国株式）	9050	サービス業	10	情報通信・サービスその他	7	TOPIX Small 2	1346.0	4.46	60.0	4.43	60.0	4.46	配当あり	いいえ	12.24	1.35	1000.7	1555.0	1255.0	Industrials			OK	通常掲載可	OK	145826.0	8.68	1.55	43.53	0.66	15508.0	110.0	54.55	11.48	0
6184	鎌倉新書	プライム（内国株式）	9050	サービス業	10	情報通信・サービスその他	7	TOPIX Small 2	480.0	4.17	20.0	4.2	20.0	4.17	配当あり	いいえ	23.26	3.5	197.7	698.0	444.0	Consumer Cyclical			OK	通常掲載可	OK	8335.5	13.94	18.04	77.48	0.01	825.7	20.64	96.9	16.49	4
6185	ＳＭＮ	スタンダード（内国株式）	9050	サービス業	10	情報通信・サービスその他	-	-	389.0						配当未取得		13.07	1.29	56.9	520.0	355.0	Communication Services	配当未取得	1株配当が取得できていない	除外推奨	掲載非推奨	OK_配当データ要確認	12348.4	4.54	6.08	67.32	0.01	737.0	29.76		10.35	
6186	一蔵	スタンダード（内国株式）	9050	サービス業	10	情報通信・サービスその他	-	-	375.0	4.0	15.0	3.97	15.0	4.0	配当あり	いいえ		0.76	20.7	417.0	359.0	Consumer Cyclical			OK	通常掲載可	OK	19446.3	-0.67	-2.44	15.42	1.67	1291.7	-258.86		-40.67	0
6189	グローバルキッズＣＯＭＰＡＮＹ	スタンダード（内国株式）	9050	サービス業	10	情報通信・サービスその他	-	-	980.0	4.08	40.0	4.05	40.0	4.08	配当あり	いいえ	26.81	1.17	93.4	1123.0	687.0	Industrials			OK	通常掲載可	OK	26997.0	3.18	2.08	38.44	0.87	1584.0	36.55	109.44	4.4	3
6190	フェニックスバイオ	グロース（内国株式）	9050	サービス業	10	情報通信・サービスその他	-	-	325.0						配当未取得		10.55	0.85	13.2	724.0	321.0	Healthcare	配当未取得	1株配当が取得できていない	除外推奨	掲載非推奨	OK_配当データ要確認	1541.4	-9.22	-10.14	59.75	0.41	-105.3	30.82		8.57	
6191	エアトリ	プライム（内国株式）	9050	サービス業	10	情報通信・サービスその他	7	TOPIX Small 2	790.0	1.27	10.0	1.31	10.0	1.27	配当あり	いいえ	6.26	1.05	176.1	1074.0	660.0	Consumer Cyclical			OK	通常掲載可	OK	28104.0	11.05	5.77	47.44	0.29	1250.0	126.24	7.92	17.36	0
6193	バーチャレクス・ホールディングス	グロース（内国株式）	9050	サービス業	10	情報通信・サービスその他	-	-	1001.0	1.5	15.0	1.49	15.0	1.5	配当あり	いいえ		1.71	28.4	1194.0	766.0	Technology			OK	通常掲載可	OK	6880.1	5.73	6.03	43.99	0.54	247.0	-28.63		-4.72	0
6194	アトラエ	プライム（内国株式）	9050	サービス業	10	情報通信・サービスその他	7	TOPIX Small 2	708.0	9.18	65.0	9.18	65.0	9.18	配当あり	いいえ	14.45	3.21	158.0	859.0	618.0	Industrials	高利回り要確認	配当利回りが8%以上	要確認	手動確認後に掲載	OK_高利回り要確認	7634.0	24.28	-0.1	72.0	0.1	1758.1	48.99	132.68	11.27	1
6195	ホープ	グロース（内国株式）	9050	サービス業	10	情報通信・サービスその他	-	-	210.0	2.17	4.55	2.17	4.55	2.17	配当あり	いいえ	11.63	2.74	28.4	267.0	184.0	Communication Services			OK	通常掲載可	OK	3140.7	9.29	22.99	53.86	0.12	193.5	18.06	25.19	23.56	
6196	ストライクグループ	プライム（内国株式）	9050	サービス業	10	情報通信・サービスその他	6	TOPIX Small 1	1247.0	14.43	180.0	14.32	180.0	14.43	配当あり	いいえ	14.87	3.61	718.4	1553.33	1166.0	Financial Services	高利回り要確認	1株配当が株価の10%以上 / 配当利回りが8%以上	要確認	手動確認後に掲載	OK_高利回り要確認	20314.2	31.17	11.99	86.72		3600.6	83.84	214.69	25.17	9
6197	ソラスト	プライム（内国株式）	9050	サービス業	10	情報通信・サービスその他	7	TOPIX Small 2	1109.0	1.98	22.0	1.98	22.0	1.98	配当あり	いいえ	27.17	4.28	1004.2	1119.0	411.0	Healthcare			OK	通常掲載可	OK	141144.0	5.2	2.7	35.43	0.77	6025.0	40.81	53.91	16.21	1
6198	キャリア	グロース（内国株式）	9050	サービス業	10	情報通信・サービスその他	-	-	232.0						配当未取得			1.05	19.5	329.0	220.0	Industrials	配当未取得	1株配当が取得できていない	除外推奨	掲載非推奨	OK_配当データ要確認	14935.9	-0.06	-10.61	42.79	0.5	-312.9	-9.67		12.94	0
6199	セラク	スタンダード（内国株式）	5250	情報・通信業	10	情報通信・サービスその他	7	TOPIX Small 2	1198.0	1.45	17.4	1.47	17.4	1.45	配当あり	いいえ	10.65	1.69	157.9	1779.0	1091.0	Technology			OK	通常掲載可	OK	24776.5	10.29	11.5	66.82	0.0	1501.6	112.46	15.47	15.8	9
6200	インソース	プライム（内国株式）	9050	サービス業	10	情報通信・サービスその他	6	TOPIX Small 1	593.0	4.97	29.5	4.81	29.5	4.97	配当あり	いいえ	12.29	4.01	498.1	1028.0	564.0	Consumer Defensive			OK	通常掲載可	OK	14510.9	41.2	16.32	77.32		4315.9	48.27	61.11	36.91	9
6201	豊田自動織機	プライム（内国株式）	3700	輸送用機器	6	自動車・輸送機	-	-							配当未取得								yfinanceデータなし	yfinanceで株価・配当データが取得できなかった	除外推奨	掲載非推奨	データなし										
6203	豊和工業	スタンダード（内国株式）	3600	機械	8	機械	-	-	1513.0	1.32	20.0	1.33	20.0	1.32	配当あり	いいえ	24.65	0.87	182.6	2030.0	959.0	Industrials			OK	通常掲載可	OK	24064.0	4.93	-3.07	58.68	0.32	4519.0	61.38	32.58	3.73	0
6208	石川製作所	スタンダード（内国株式）	3600	機械	8	機械	-	-	1741.0	1.15	20.0	1.15	20.0	1.15	配当あり	いいえ	17.04	1.77	108.6	3135.0	1316.0	Industrials			OK	通常掲載可	OK	18473.2	7.07	14.0	22.67	2.16	-3437.5	102.19	19.57	11.07	
6209	リケンＮＰＲ	プライム（内国株式）	3600	機械	8	機械	6	TOPIX Small 1	3910.0	5.37	210.0	5.43	210.0	5.37	配当あり	いいえ	7.51	0.66	1052.0	4570.0	2322.0	Consumer Cyclical			OK	通常掲載可	OK	163114.0	7.88	-4.24	70.05	0.09	7445.0	520.52	40.34	9.27	1
6217	津田駒工業	スタンダード（内国株式）	3600	機械	8	機械	-	-	984.0						配当未取得			2.39	62.9	2710.0	331.0	Industrials	配当未取得	1株配当が取得できていない	除外推奨	掲載非推奨	OK_配当データ要確認	35447.0	-0.23	-2.74	9.69	4.26	599.0	-41.01		-5.58	0
6218	エンシュウ	スタンダード（内国株式）	3600	機械	8	機械	-	-	614.0	1.95	12.0	2.03	12.0	1.95	配当あり	いいえ	16.36	0.36	38.7	614.0	426.0	Industrials			OK	通常掲載可	OK	19218.0	1.98	-12.19	35.47	1.11	885.0	37.53	31.97	2.25	0
6222	島精機製作所	プライム（内国株式）	3600	機械	8	機械	6	TOPIX Small 1	867.0	2.31	20.0	2.33	20.0	2.31	配当あり	いいえ	34.34	0.36	294.1	1160.0	852.0	Industrials			OK	通常掲載可	OK	33509.0	-5.13	3.04	75.19	0.21	-888.0	25.25	79.21	1.07	1
6223	西部技研	スタンダード（内国株式）	3600	機械	8	機械	-	-	2273.0	3.08	70.0	3.1	70.0	3.08	配当あり	いいえ	13.11	1.41	441.7	2650.0	1516.0	Industrials			OK	通常掲載可	OK	34322.0	13.2	7.03	66.59	0.13	113.0	173.43	40.36	13.67	0
6224	ＪＲＣ	グロース（内国株式）	3600	機械	8	機械	-	-	1335.0	2.25	30.0	2.25	30.0	2.25	配当あり	いいえ	12.74	2.95	172.5	1826.0	1050.0	Industrials			OK	通常掲載可	OK	13746.9	14.29	24.24	43.87	0.75	212.1	104.75	28.64	27.23	0
6226	守谷輸送機工業	スタンダード（内国株式）	3600	機械	8	機械	-	-	2192.0	1.73	38.0	1.7	38.0	1.73	配当あり	いいえ	19.08	2.6	773.4	3230.0	1817.0	Industrials			OK	通常掲載可	OK	23589.6	25.74	21.37	71.37	0.0	-525.4	114.86	33.08	31.38	2
6227	ＡＩメカテック	スタンダード（内国株式）	3600	機械	8	機械	-	-	7450.0	0.23	17.0	0.24	17.0	0.23	配当あり	いいえ	46.95	10.34	1401.5	9310.0	1018.33	Technology			OK	通常掲載可	OK	21005.6	9.98	36.21	39.68	0.78	462.6	158.69	10.71	33.61	0
6228	ジェイ・イー・ティ	スタンダード（内国株式）	3600	機械	8	機械	-	-	549.0						配当未取得			0.74	72.1	1197.0	499.0	Technology	配当未取得	1株配当が取得できていない	除外推奨	掲載非推奨	OK_配当データ要確認	14662.0	-10.18	-24.09	49.81	0.51	2678.0	-183.31		-21.41	0
6229	オーケーエム	スタンダード（内国株式）	3600	機械	8	機械	-	-	1503.0	3.33	50.0	3.34	50.0	3.33	配当あり	いいえ	8.43	0.62	65.6	2395.0	1215.0	Industrials			OK	通常掲載可	OK	11114.3	11.65	6.48	80.96	0.05	1814.9	178.38	28.03	7.56	1
6230	ＳＡＮＥＩ	スタンダード（内国株式）	3600	機械	8	機械	-	-	2234.0	3.4	76.0	3.42	76.0	3.4	配当あり	いいえ	8.37	0.67	102.3	2415.0	2001.0	Industrials			OK	通常掲載可	OK	29042.4	6.3	2.03	63.02	0.25	-1074.0	266.78	28.49	8.24	4
6231	木村工機	スタンダード（内国株式）	3600	機械	8	機械	-	-	12050.0	1.66	200.0	1.68	200.0	1.66	配当あり	いいえ	12.92	3.04	424.9	17030.0	9290.0	Industrials			OK	通常掲載可	OK	17922.4	25.61	11.72	57.22	0.36	1398.7	932.67	21.44	25.38	3
6232	ＡＣＳＬ	グロース（内国株式）	3600	機械	8	機械	-	-	1765.0						配当未取得			11.68	337.6	4130.0	836.0	Technology	配当未取得	1株配当が取得できていない	除外推奨	掲載非推奨	OK_配当データ要確認	2598.7	-70.82	-2.14	30.99	1.63	-1253.2	-84.8		-81.31	
6233	ＫＬＡＳＳ	スタンダード（内国株式）	3600	機械	8	機械	-	-	383.0	2.61	10.0	2.58	10.0	2.61	配当あり	いいえ	14.0	0.63	20.0	478.0	373.0	Industrials			OK	通常掲載可	OK	9569.4	2.8	-2.17	31.36	1.26	323.8	27.35	36.56	7.32	0
6235	オプトラン	プライム（内国株式）	3600	機械	8	機械	6	TOPIX Small 1	3945.0	1.42	56.0	1.5	56.0	1.42	配当あり	いいえ	51.28	1.95	1573.8	4910.0	1461.0	Industrials			OK	通常掲載可	OK	33861.3	9.85	4.49	66.61	0.09	7535.5	76.93	72.79	2.88	2
6237	イワキポンプ	プライム（内国株式）	3600	機械	8	機械	7	TOPIX Small 2	4000.0	2.35	94.0	2.51	94.0	2.35	配当あり	いいえ	18.33	2.15	887.3	4225.0	2275.0	Industrials			OK	通常掲載可	OK	47692.3	12.42	4.22	74.05	0.1	2508.7	218.25	43.07	12.33	4
6238	フリュー	プライム（内国株式）	3600	機械	8	機械	7	TOPIX Small 2	1348.0	5.93	80.0	5.87	80.0	5.93	配当あり	いいえ	17.34	1.51	357.0	1421.0	985.0	Consumer Cyclical			OK	通常掲載可	OK	44767.5	7.41	1.04	77.89	0.01	2960.1	77.75	102.89	8.95	0
6239	ナガオカ	スタンダード（内国株式）	3600	機械	8	機械	-	-	1320.0	2.65	35.0	2.66	35.0	2.65	配当あり	いいえ	12.13	1.18	91.9	1876.0	1270.0	Energy			OK	通常掲載可	OK	8917.0	17.04	-6.19	74.9	0.03	397.2	108.78	32.18	9.86	4
6240	ヤマシンフィルタ	プライム（内国株式）	3600	機械	8	機械	7	TOPIX Small 2	499.0	4.01	20.0	4.01	20.0	4.01	配当あり	いいえ	20.28	1.52	342.8	849.0	471.0	Industrials			OK	通常掲載可	OK	20941.2	12.38	4.16	81.33	0.07	1683.2	24.6	81.3	7.56	2
6245	ヒラノテクシード	スタンダード（内国株式）	3600	機械	8	機械	-	-	1843.0	4.56	84.0	4.57	84.0	4.56	配当あり	いいえ	21.19	0.71	279.0	2626.0	1440.0	Industrials			OK	通常掲載可	OK	32285.4	4.95	-33.23	68.18	0.12	3906.5	86.99	96.56	3.38	0
6246	テクノスマート	スタンダード（内国株式）	3600	機械	8	機械	-	-	1910.0	4.82	92.0	4.86	92.0	4.82	配当あり	いいえ	12.12	1.05	219.0	2119.0	1611.0	Industrials			OK	通常掲載可	OK	20737.3	14.33	-3.9	68.08	0.1	4596.7	157.58	58.38	8.87	1
6247	日阪製作所	プライム（内国株式）	3600	機械	8	機械	7	TOPIX Small 2	1762.0	3.18	56.0	3.25	56.0	3.18	配当あり	いいえ	13.52	0.73	463.3	1838.0	1302.0	Industrials			OK	通常掲載可	OK	44890.0	7.36	17.04	75.88	0.08	1706.0	130.28	42.98	5.62	6
6248	横田製作所	スタンダード（内国株式）	3600	機械	8	機械	-	-	1720.0	3.49	60.0	3.47	60.0	3.49	配当あり	いいえ	9.48	1.02	31.9	2330.0	1515.0	Industrials			OK	通常掲載可	OK	2308.5	20.38	1.39	84.46	0.0	311.8	181.46	33.07	11.2	1
6249	ゲームカードホールディングス	スタンダード（内国株式）	3600	機械	8	機械	-	-	2474.0	4.04	100.0	4.06	100.0	4.04	配当あり	いいえ	10.64	0.57	347.0	3180.0	2231.0	Industrials			OK	通常掲載可	OK	25385.0	17.86	-33.1	91.05	0.01	2669.0	232.54	43.0	5.48	3
6250	やまびこ	プライム（内国株式）	3600	機械	8	機械	6	TOPIX Small 1	3730.0	2.95	110.0	2.91	110.0	2.95	配当あり	いいえ	10.57	2.97	1525.8	4155.0	2096.0	Industrials			OK	通常掲載可	OK	174020.0	11.33	5.57	70.79	0.14	4454.0	352.96	31.17	10.64	0
6254	野村マイクロ・サイエンス	プライム（内国株式）	3600	機械	8	機械	6	TOPIX Small 1	5190.0	2.12	110.0	2.24	110.0	2.12	配当あり	いいえ	50.0	4.99	1987.2	5500.0	2295.0	Industrials			OK	通常掲載可	OK	56245.9	11.85	-41.63	36.13	1.33	2973.2	103.8	105.97	9.94	9
6255	エヌ・ピー・シー	グロース（内国株式）	3600	機械	8	機械	-	-	760.0	1.32	10.0	1.39	10.0	1.32	配当あり	いいえ	19.53	1.58	159.2	890.0	583.0	Industrials			OK	通常掲載可	OK	9272.0	20.71	-14.13	83.92		1413.2	38.91	25.7	7.93	0
6257	藤商事	スタンダード（内国株式）	3600	機械	8	機械	-	-	994.0	5.03	50.0	5.03	50.0	5.03	配当あり	いいえ		0.48	208.0	1104.0	951.0	Consumer Cyclical			OK	通常掲載可	OK	23542.0	-16.58	-31.95	90.02		-6278.0	-99.5		0.11	0
6258	平田機工	プライム（内国株式）	3600	機械	8	機械	6	TOPIX Small 1	3105.0	2.42	75.0	2.5	75.0	2.42	配当あり	いいえ	15.65	1.24	950.9	3755.0	1776.0	Industrials			OK	通常掲載可	OK	94906.6	8.76	7.26	58.4	0.3	12762.3	198.4	37.8	8.33	3
6262	ＰＥＧＡＳＵＳ	スタンダード（内国株式）	3600	機械	8	機械	7	TOPIX Small 2	505.0	5.94	30.0	5.93	30.0	5.94	配当あり	いいえ	38.23	0.37	120.9	1033.0	498.0	Industrials			OK	通常掲載可	OK	21657.9	4.37	-1.74	72.54	0.19	2144.4	13.21	227.1	1.37	1
6264	マルマエ	プライム（内国株式）	3600	機械	8	機械	7	TOPIX Small 2	2934.0	1.53	45.0	1.6	45.0	1.53	配当あり	いいえ	48.65	7.73	823.0	3220.0	727.5	Industrials			OK	通常掲載可	OK	11403.4	18.45	140.12	32.06	1.66	1538.1	60.31	74.61	19.09	1
6265	コンバム	スタンダード（内国株式）	3600	機械	8	機械	-	-	3840.0	1.3	50.0	1.3	50.0	1.3	配当あり	いいえ	23.7	0.98	58.4	4000.0	2137.0	Industrials			OK	通常掲載可	OK	1982.2	14.87	7.11	93.63		354.9	162.05	30.85	4.28	0
6266	タツモ	プライム（内国株式）	3600	機械	8	機械	7	TOPIX Small 2	5070.0	0.67	34.0	0.72	34.0	0.67	配当あり	いいえ	20.74	2.79	733.9	5160.0	1870.0	Technology			OK	通常掲載可	OK	35428.6	13.46	-1.22	56.6	0.3	7927.5	244.45	13.91	11.14	6
6267	ゼネラルパッカー	スタンダード（内国株式）	3600	機械	8	機械	-	-	3750.0	3.2	120.0	3.2	120.0	3.2	配当あり	いいえ	8.97	0.83	63.1	4440.0	2897.0	Industrials			OK	通常掲載可	OK	9853.8	10.15	8.83	57.78	0.04	1100.8	418.13	28.7	12.86	2
6268	ナブテスコ	プライム（内国株式）	3600	機械	8	機械	4	TOPIX Mid400	5349.0	1.53	82.0	1.6	82.0	1.53	配当あり	いいえ	41.49	2.29	6268.2	6113.0	2536.0	Industrials			OK	通常掲載可	OK	307912.0	6.73	9.79	58.61	0.22	16809.0	128.91	63.61	6.27	0
6269	三井海洋開発	プライム（内国株式）	3600	機械	8	機械	4	TOPIX Mid400	9021.0	2.22	200.0	2.15	200.0	2.22	配当あり	いいえ	10.87	2.52	6165.0	16720.0	5940.0	Energy			OK	通常掲載可	OK	4581.2	6.63	9.43	30.5	0.29	236.7	829.93	24.1	32.43	2
6272	レオン自動機	プライム（内国株式）	3600	機械	8	機械	7	TOPIX Small 2	1480.0	4.05	60.0	4.09	60.0	4.05	配当あり	いいえ	10.25	0.93	399.7	1660.0	1219.0	Industrials			OK	通常掲載可	OK	42014.0	12.31	7.14	79.15	0.04	-3951.5	144.4	41.55	9.53	5
6273	ＳＭＣ	プライム（内国株式）	3600	機械	8	機械	2	TOPIX Large70	75190.0	1.33	1000.0	1.4	1000.0	1.33	配当あり	いいえ	27.03	2.24	47418.9	86800.0	43060.0	Industrials			OK	通常掲載可	OK	842541.0	22.62	6.37	91.49	0.0	34532.0	2782.03	35.94	8.27	0
6276	シリウスビジョン	スタンダード（内国株式）	3650	電気機器	9	電機・精密	-	-	319.0						配当未取得			0.46	14.9	720.0	230.0	Industrials	配当未取得	1株配当が取得できていない	除外推奨	掲載非推奨	OK_配当データ要確認	2064.8	-6.81	-10.8	66.24	0.16	-214.6	-157.46		-6.29	0
6277	ホソカワミクロン	プライム（内国株式）	3600	機械	8	機械	6	TOPIX Small 1	4975.0	2.61	130.0	2.65	130.0	2.61	配当あり	いいえ	23.7	1.03	729.6	6950.0	4830.0	Industrials			OK	通常掲載可	OK	77994.0	9.04	-8.71	65.43	0.02	5965.0	209.95	61.92	4.51	0
6278	ユニオンツール	プライム（内国株式）	3600	機械	8	機械	6	TOPIX Small 1	22860.0	0.57	130.0	0.58	130.0	0.57	配当あり	いいえ	64.66	4.83	4392.2	27150.0	5240.0	Industrials			OK	通常掲載可	OK	40165.0	21.73	23.18	90.7		76.0	353.56	36.77	9.52	2
6279	瑞光	プライム（内国株式）	3600	機械	8	機械	7	TOPIX Small 2	889.0	1.8	16.0	1.81	16.0	1.8	配当あり	いいえ	11.93	0.65	230.9	1039.0	849.0	Industrials			OK	通常掲載可	OK	21170.3	0.77	6.11	69.17	0.17	685.1	74.52	21.47	5.23	0
6282	オイレス工業	プライム（内国株式）	3600	機械	8	機械	6	TOPIX Small 1	2779.0	3.42	95.0	3.44	95.0	3.42	配当あり	いいえ	16.1	1.01	807.7	2864.0	2023.0	Industrials			OK	通常掲載可	OK	68964.0	10.11	2.01	80.55	0.02	4728.0	172.58	55.05	6.41	5
6284	日精エー・エス・ビー機械	プライム（内国株式）	3600	機械	8	機械	6	TOPIX Small 1	9170.0	5.23	480.0	5.3	480.0	5.23	配当あり	いいえ	15.95	2.22	1374.7	9790.0	5750.0	Industrials			OK	通常掲載可	OK	43654.0	24.38	18.7	75.12	0.1	7364.0	574.96	83.48	14.53	4
6286	靜甲	スタンダード（内国株式）	3600	機械	8	機械	-	-	1347.0	2.08	28.0	2.05	28.0	2.08	配当あり	いいえ	7.06	0.5	87.0	1899.0	851.0	Industrials			OK	通常掲載可	OK	44895.4	3.98	11.96	58.7	0.15	351.5	190.69	14.68	7.37	2
6287	サトー	プライム（内国株式）	3600	機械	8	機械	6	TOPIX Small 1	2373.0	3.37	80.0	3.37	80.0	3.37	配当あり	いいえ	15.16	0.9	770.4	2565.0	2036.0	Industrials			OK	通常掲載可	OK	163434.0	6.76	5.57	58.66	0.2	5194.0	156.58	51.09	6.17	5
6289	技研製作所	プライム（内国株式）	3600	機械	8	機械	7	TOPIX Small 2	1744.0	3.1	54.0	3.08	54.0	3.1	配当あり	いいえ	26.25	1.12	442.4	2570.0	1345.0	Industrials			OK	通常掲載可	OK	26337.0	9.74	-10.66	84.21	0.03	-425.0	66.45	81.26	4.34	2
6291	日本エアーテック	スタンダード（内国株式）	3600	機械	8	機械	7	TOPIX Small 2	1279.0	4.3	55.0	4.25	55.0	4.3	配当あり	いいえ	11.42	1.33	127.7	1398.0	1048.0	Industrials			OK	通常掲載可	OK	14162.3	8.22	4.73	74.32	0.11	642.8	112.02	49.1	0.33	1
6292	カワタ	スタンダード（内国株式）	3600	機械	8	機械	-	-	809.0	4.7	38.0	4.66	38.0	4.7	配当あり	いいえ	152.64	0.43	56.5	910.0	729.0	Industrials			OK	通常掲載可	OK	19367.5	2.31	-6.74	54.67	0.41	1528.4	5.3	716.98	0.3	0
6294	オカダアイヨン	プライム（内国株式）	3600	機械	8	機械	-	-	1992.0	3.82	76.0	3.78	76.0	3.82	配当あり	いいえ	10.75	0.89	160.5	2551.0	1833.0	Industrials			OK	通常掲載可	OK	26991.4	8.38	1.54	45.22	0.96	-3587.9	185.31	41.01	8.44	4
6298	ワイエイシイホールディングス	プライム（内国株式）	3600	機械	8	機械	7	TOPIX Small 2	1423.0	3.23	46.0	3.3	46.0	3.23	配当あり	いいえ	19.34	1.51	249.7	1592.0	758.0	Technology			OK	通常掲載可	OK	23041.0	5.89	-14.05	41.16	0.97	2387.0	73.57	62.53	7.87	1
6301	小松製作所	プライム（内国株式）	3600	機械	8	機械	2	TOPIX Large70	6259.0	3.04	190.0	3.02	190.0	3.04	配当あり	いいえ	15.17	1.61	55943.3	7840.0	4615.0	Industrials			OK	通常掲載可	OK	4132751.0	13.82	0.69	54.65	0.4	236702.0	412.47	46.06	11.39	5
6302	住友重機械工業	プライム（内国株式）	3600	機械	8	機械	4	TOPIX Mid400	5245.0	2.76	145.0	2.87	145.0	2.76	配当あり	いいえ	19.65	0.92	6239.1	6362.0	2983.0	Industrials			OK	通常掲載可	OK	1066881.0	4.83	-0.4	51.62	0.37	11329.0	266.97	54.31	4.92	0
6305	日立建機	プライム（内国株式）	3600	機械	8	機械	4	TOPIX Mid400	5206.0	3.65	190.0	3.62	190.0	3.65	配当あり	いいえ	15.13	1.23	11075.0	7225.0	4176.0	Industrials			OK	通常掲載可	OK	1405493.0	9.26	2.49	48.47	0.63	115190.0	344.14	55.21	9.12	1
6306	日工	プライム（内国株式）	3600	機械	8	機械	7	TOPIX Small 2	920.0	4.57	42.0	4.49	42.0	4.57	配当あり	いいえ	13.98	0.95	354.5	942.0	719.0	Industrials			OK	通常掲載可	OK	49371.0	6.28	0.43	58.03	0.21	588.0	65.82	63.81	7.05	1
6307	サンセイ	スタンダード（内国株式）	3600	機械	8	機械	-	-	413.0	3.63	15.0	3.61	15.0	3.63	配当あり	いいえ	4.2	0.6	32.1	800.0	385.0	Industrials			OK	通常掲載可	OK	7049.9	14.84	21.94	71.74	0.08	-62.3	98.25	15.27	15.37	0
6309	巴工業	プライム（内国株式）	3600	機械	8	機械	7	TOPIX Small 2	1795.0	4.23	76.0	4.24	76.0	4.23	配当あり	いいえ	13.03	1.2	527.6	2239.0	1394.0	Industrials			OK	通常掲載可	OK	59365.5	9.02	13.9	75.79		-135.2	137.73	55.18	9.6	5
6310	井関農機	プライム（内国株式）	3600	機械	8	機械	7	TOPIX Small 2	1751.0	2.57	45.0	2.6	45.0	2.57	配当あり	いいえ	14.36	0.53	396.2	2488.0	1226.0	Industrials			OK	通常掲載可	OK	185770.0	2.28	10.3	35.23	0.84	16890.0	121.9	36.92	3.96	1
6315	ＴＯＷＡ	プライム（内国株式）	3600	機械	8	機械	6	TOPIX Small 1	3540.0	0.68	24.0	0.72	24.0	0.68	配当あり	いいえ	54.65	3.76	2656.0	3735.0	1622.0	Technology			OK	通常掲載可	OK	54365.2	12.72	1.66	66.45	0.26	51.4	64.78	37.05	6.96	1
6316	丸山製作所	スタンダード（内国株式）	3600	機械	8	機械	-	-	2728.0	2.75	75.0	2.84	75.0	2.75	配当あり	いいえ	9.18	0.5	105.8	2728.0	1996.0	Industrials			OK	通常掲載可	OK	41266.0	2.62	3.15	52.67	0.35	-7.0	297.26	25.23	6.11	1
6317	北川鉄工所	スタンダード（内国株式）	3600	機械	8	機械	7	TOPIX Small 2	1633.0	3.92	64.0	3.92	64.0	3.92	配当あり	いいえ	4.83	0.33	151.1	1938.0	1342.0	Industrials			OK	通常掲載可	OK	58415.0	4.6	1.98	54.12	0.36	-1411.0	338.27	18.92	7.13	0
6322	タクミナ	スタンダード（内国株式）	3600	機械	8	機械	-	-	1616.0	3.34	54.0	3.36	54.0	3.34	配当あり	いいえ	9.02	0.98	111.6	1920.0	1520.0	Industrials			OK	通常掲載可	OK	11155.5	14.62	0.32	78.3	0.03	754.5	179.21	30.13	11.36	0
6323	ローツェ	プライム（内国株式）	3600	機械	8	機械	4	TOPIX Mid400	5080.0	0.39	20.0	0.41	20.0	0.39	配当あり	いいえ	46.44	6.77	8810.3	5199.0	1628.0	Technology			OK	通常掲載可	OK	128794.0	24.19	3.53	66.0	0.18	26722.0	109.38	18.28	13.02	1
6324	ハーモニック・ドライブ・システムズ	プライム（内国株式）	3600	機械	8	機械	7	TOPIX Small 2	8010.0	0.25	20.0	0.26	20.0	0.25	配当あり	いいえ	454.6	9.43	7582.8	8870.0	2316.0	Industrials			OK	通常掲載可	OK	59557.9	4.31	7.03	72.16	0.22	481.6	17.62	113.51	2.02	0
6325	タカキタ	スタンダード（内国株式）	3600	機械	8	機械	-	-	397.0	2.52	10.0	2.52	10.0	2.52	配当あり	いいえ	22.18	0.54	44.8	478.0	372.0	Industrials			OK	通常掲載可	OK	6548.7	4.98	-6.55	85.01	0.01	-28.9	17.9	55.87	2.16	0
6326	クボタ	プライム（内国株式）	3600	機械	8	機械	2	TOPIX Large70	2660.5	1.95	52.0	1.94	52.0	1.95	配当あり	いいえ	16.27	1.13	30259.0	3268.0	1580.5	Industrials			OK	通常掲載可	OK	3018891.0	8.79	0.09	42.27	0.85	142003.0	163.55	31.79	8.87	0
6327	北川精機	スタンダード（内国株式）	3600	機械	8	機械	-	-	8290.0	0.48	40.0	0.51	40.0	0.48	配当あり	いいえ	136.28	11.98	677.1	9350.0	615.0	Industrials			OK	通常掲載可	OK	5933.8	13.75	-8.18	56.5	0.3	425.7	60.83	65.76	11.83	4
6328	荏原実業	プライム（内国株式）	3600	機械	8	機械	7	TOPIX Small 2	2456.0	3.05	75.0	3.07	75.0	3.05	配当あり	いいえ	13.33	1.94	580.1	2985.0	1737.5	Industrials			OK	通常掲載可	OK	41211.0	14.85	9.89	57.75	0.05	1022.0	184.18	40.72	17.3	2
6330	東洋エンジニアリング	プライム（内国株式）	2050	建設業	3	建設・資材	7	TOPIX Small 2	1938.0	1.29	25.0	1.24	25.0	1.29	配当あり	いいえ		2.33	1135.6	8760.0	878.0	Industrials			OK	通常掲載可	OK	182941.0	-10.39	-34.22	16.66	1.4	7791.0	-244.96		-28.72	1
6331	三菱化工機	プライム（内国株式）	3600	機械	8	機械	6	TOPIX Small 1	3700.0	3.24	120.0	3.29	120.0	3.24	配当あり	いいえ	11.01	1.88	842.9	4180.0	1928.0	Industrials			OK	通常掲載可	OK	84240.0	10.91	42.29	57.53	0.12	1803.0	335.96	35.72	18.15	4
6332	月島ホールディングス	プライム（内国株式）	3600	機械	8	機械	6	TOPIX Small 1	2593.0	3.39	88.0	3.37	88.0	3.39	配当あり	いいえ	6.28	1.04	1025.8	3545.0	2001.0	Industrials			OK	通常掲載可	OK	148954.0	6.61	6.98	48.36	0.18	3767.0	412.59	21.33	16.22	4
6333	ＴＥＩＫＯＫＵ	プライム（内国株式）	3600	機械	8	機械	7	TOPIX Small 2	3085.0	4.28	132.0	4.23	132.0	4.28	配当あり	いいえ	11.74	1.51	472.8	3500.0	2691.0	Industrials			OK	通常掲載可	OK	29091.2	17.13	-4.76	77.99	0.01	1904.2	262.84	50.22	14.19	1
6334	明治機械	スタンダード（内国株式）	3600	機械	8	機械	-	-	473.0	1.27	6.0	1.27	6.0	1.27	配当あり	いいえ	199.58	1.66	50.9	476.0	276.0	Industrials			OK	通常掲載可	OK	5508.2	-2.9	-15.41	52.02	0.61	-632.5	2.37	253.16	0.82	2
6335	東京機械製作所	スタンダード（内国株式）	3600	機械	8	機械	-	-	698.0						配当未取得		5.33	0.6	55.4	889.0	372.0	Industrials	配当未取得	1株配当が取得できていない	除外推奨	掲載非推奨	OK_配当データ要確認	8456.7	8.53	14.25	58.44	0.0	690.7	130.97		11.2	0
6336	石井表記	スタンダード（内国株式）	3600	機械	8	機械	-	-	1951.0	1.85	36.0	2.0	36.0	1.85	配当あり	いいえ	16.29	1.44	155.8	2288.0	636.0	Industrials			OK	通常掲載可	OK	15651.0	7.3	5.6	66.87	0.12	796.0	119.79	30.05	9.79	2
6337	テセック	スタンダード（内国株式）	3600	機械	8	機械	-	-	2581.0	3.87	100.0	4.05	100.0	3.87	配当あり	いいえ	29.86	0.96	134.6	3265.0	1621.0	Technology			OK	通常掲載可	OK	5567.0	5.48	-5.52	89.31	0.02	1373.0	86.45	115.67	3.26	0
6338	タカトリ	スタンダード（内国株式）	3600	機械	8	機械	-	-	1706.0	2.34	40.0	2.43	40.0	2.34	配当あり	いいえ	34.84	0.92	91.0	1975.0	1197.0	Technology			OK	通常掲載可	OK	7330.6	11.19	-54.42	64.52	0.4	-941.0	48.96	81.7	2.59	0
6339	新東工業	プライム（内国株式）	3600	機械	8	機械	7	TOPIX Small 2	1197.0	4.01	48.0	4.01	48.0	4.01	配当あり	いいえ		0.57	628.6	1310.0	853.0	Industrials			OK	通常掲載可	OK	150224.0	2.0	30.07	50.52	0.43	-3449.0	-309.78		-12.83	0
6340	澁谷工業	プライム（内国株式）	3600	機械	8	機械	7	TOPIX Small 2	4515.0	2.1	95.0	2.14	95.0	2.1	配当あり	いいえ	13.66	1.11	1249.1	4550.0	3095.0	Industrials			OK	通常掲載可	OK	129017.0	10.66	11.77	67.69	0.03	2090.0	330.5	28.74	8.12	0
6342	太平製作所	スタンダード（内国株式）	3600	機械	8	機械	-	-	2755.0	3.63	100.0	3.57	100.0	3.63	配当あり	いいえ	8.16	0.5	35.8	4390.0	2538.0	Basic Materials			OK	通常掲載可	OK	6359.1	8.99	-19.05	75.78	0.11	-1846.6	337.72	29.61	6.2	0
6343	フリージア・マクロス	スタンダード（内国株式）	3600	機械	8	機械	-	-	159.0	0.38	0.6	0.39	0.6	0.38	配当あり	いいえ	3.97	0.42	71.6	230.0	101.0	Industrials			OK	通常掲載可	OK	6873.5	18.69	-1.41	43.0	0.63	295.8	40.07	1.5	10.61	1
6345	アイチ　コーポレーション	プライム（内国株式）	3600	機械	8	機械	7	TOPIX Small 2	1360.0	4.78	65.0	4.81	65.0	4.78	配当あり	いいえ	13.5	1.16	878.0	1475.0	1262.0	Industrials			OK	通常掲載可	OK	59613.7	12.6	0.52	81.24	0.0	-4115.4	100.72	64.54	8.35	6
6346	キクカワエンタープライズ	スタンダード（内国株式）	3600	機械	8	機械	-	-	5640.0	3.55	200.0	3.62	200.0	3.55	配当あり	いいえ	21.02	0.53	68.3	7160.0	5500.0	Industrials			OK	通常掲載可	OK	3859.0	9.79	-30.26	87.16		845.0	268.27	74.55	2.59	0
6347	プラコー	スタンダード（内国株式）	3600	機械	8	機械	-	-	250.0	2.4	6.0	2.41	6.0	2.4	配当あり	いいえ	28.67	1.44	24.1	478.0	201.0	Industrials			OK	通常掲載可	OK	2679.9	5.17	20.3	53.34	0.6	32.0	8.72	68.81	5.04	0
6349	小森コーポレーション	プライム（内国株式）	3600	機械	8	機械	6	TOPIX Small 1	1506.0	5.31	80.0	5.34	80.0	5.31	配当あり	いいえ	10.84	0.65	799.1	1818.0	1387.0	Industrials			OK	通常掲載可	OK	118611.0	7.93	6.81	68.98	0.09	-304.0	138.92	57.59	6.18	2
6351	鶴見製作所	プライム（内国株式）	3600	機械	8	機械	7	TOPIX Small 2	2306.0	1.26	29.0	1.25	29.0	1.26	配当あり	いいえ	21.55	1.08	1103.9	2514.0	1772.5	Industrials			OK	通常掲載可	OK	77227.0	13.88	13.47	73.8	0.15	5634.0	107.0	27.1	5.41	8
6356	日本ギア工業	スタンダード（内国株式）	3600	機械	8	機械	-	-	1480.0	0.68	10.0	0.67	10.0	0.68	配当あり	いいえ	12.03	3.86	210.7	2287.0	520.0	Consumer Cyclical			OK	通常掲載可	OK	9883.7	24.86	3.43	84.19	0.0	1787.3	123.07	8.13	7.38	0
6357	三精テクノロジーズ	スタンダード（内国株式）	3600	機械	8	機械	-	-	2439.0	3.9	95.0	3.93	95.0	3.9	配当あり	いいえ	8.81	0.86	432.3	2849.0	1444.0	Industrials			OK	通常掲載可	OK	73070.1	8.99	18.12	52.89	0.3	5735.8	276.87	34.31	10.3	3
6358	酒井重工業	プライム（内国株式）	3600	機械	8	機械	7	TOPIX Small 2	2077.0	6.26	130.0	6.28	130.0	6.26	配当あり	いいえ	10.1	0.56	178.1	2385.0	1950.0	Industrials			OK	通常掲載可	OK	27541.4	5.77	-1.12	71.91	0.16	259.6	205.65	63.21	5.72	0
6360	東京自働機械製作所	スタンダード（内国株式）	3600	機械	8	機械	-	-	4475.0	2.23	100.0	2.23	100.0	2.23	配当あり	いいえ	7.77	2.61	62.8	4560.0	2691.0	Industrials			OK	通常掲載可	OK	9693.0	6.9	-24.8	58.32	0.1	2079.6	575.93	17.36	0.37	3
6361	荏原製作所	プライム（内国株式）	3600	機械	8	機械	4	TOPIX Mid400	6300.0	1.05	66.0	1.05	66.0	1.05	配当あり	いいえ	37.86	2.29	28779.3	6890.0	2650.5	Industrials			OK	通常掲載可	OK	958285.0	11.88	10.57	47.02	0.44	-51459.0	166.41	39.66	9.57	5
6363	酉島製作所	プライム（内国株式）	3600	機械	8	機械	6	TOPIX Small 1	2822.0	2.27	64.0	2.29	64.0	2.27	配当あり	いいえ	12.58	1.23	742.7	3635.0	1813.0	Industrials			OK	通常掲載可	OK	92927.0	5.39	7.43	50.07	0.37	2186.0	224.32	28.53	10.23	5
6364	ＡＩＲＭＡＮ	プライム（内国株式）	3600	機械	8	機械	7	TOPIX Small 2	1851.0	5.62	104.0	5.7	104.0	5.62	配当あり	いいえ	9.03	1.11	498.6	2270.0	1586.0	Industrials			OK	通常掲載可	OK	55604.0	12.92	2.3	68.51	0.17	-3737.4	205.06	50.72	13.01	0
6365	電業社機械製作所	スタンダード（内国株式）	3600	機械	8	機械	-	-	5410.0	3.51	190.0	3.54	190.0	3.51	配当あり	いいえ	8.5	0.73	224.5	6320.0	4500.0	Industrials			OK	通常掲載可	OK	28189.0	12.4	0.4	73.48	0.0	-108.0	636.76	29.84	8.94	9
6366	千代田化工建設	スタンダード（内国株式）	2050	建設業	3	建設・資材	-	-	649.0						配当未取得		8.26	1.48	1682.0	1830.0	317.0	Industrials	配当未取得	1株配当が取得できていない	除外推奨	掲載非推奨	OK_配当データ要確認	456969.0	5.34	-9.69	5.14	1.0	47153.0	78.59		120.48	0
6367	ダイキン工業	プライム（内国株式）	3600	機械	8	機械	1	TOPIX Core30	24795.0	1.45	360.0	1.46	360.0	1.45	配当あり	いいえ	26.32	2.23	69013.4	25900.0	16870.0	Industrials			OK	通常掲載可	OK	5015036.0	8.27	5.53	56.03	0.34	256767.0	942.21	38.21	9.26	0
6368	オルガノ	プライム（内国株式）	3600	機械	8	機械	4	TOPIX Mid400	16785.0	0.79	132.0	0.81	132.0	0.79	配当あり	いいえ	27.17	5.4	7718.1	20145.0	8720.0	Industrials			OK	通常掲載可	OK	177654.0	21.19	8.81	63.58	0.24	10223.0	617.77	21.37	21.5	10
6369	トーヨーカネツ	プライム（内国株式）	3600	機械	8	機械	7	TOPIX Small 2	2523.0	4.36	110.0	4.51	110.0	4.36	配当あり	いいえ	14.82	0.98	393.2	3165.0	1952.5	Industrials			OK	通常掲載可	OK	59617.0	6.01	-1.42	57.95	0.32	6567.0	170.3	64.59	6.46	5
6370	栗田工業	プライム（内国株式）	3600	機械	8	機械	4	TOPIX Mid400	9455.0	1.42	134.0	1.46	134.0	1.42	配当あり	いいえ	26.16	3.03	10296.5	9919.0	4930.0	Industrials			OK	通常掲載可	OK	402889.0	14.47	3.62	60.44	0.29	25964.0	361.46	37.07	11.79	16
6371	椿本チエイン	プライム（内国株式）	3600	機械	8	機械	6	TOPIX Small 1	2586.0	3.09	80.0	3.13	80.0	3.09	配当あり	いいえ	8.64	0.91	2690.3	2812.0	1777.0	Industrials			OK	通常掲載可	OK	279193.0	8.19	4.64	69.93	0.1	21297.0	299.46	26.71	10.54	2
6376	日機装	プライム（内国株式）	3750	精密機器	9	電機・精密	6	TOPIX Small 1	3890.0	1.29	50.0	1.23	50.0	1.29	配当あり	いいえ	18.87	1.55	2538.8	4295.0	1265.0	Industrials			OK	通常掲載可	OK	215642.0	7.11	1.06	44.17	0.7	10497.0	206.15	24.25	9.74	4
6378	木村化工機	スタンダード（内国株式）	3600	機械	8	機械	7	TOPIX Small 2	1196.0	3.43	41.0	3.47	41.0	3.43	配当あり	いいえ	10.39	1.12	230.4	1950.0	877.0	Industrials			OK	通常掲載可	OK	27972.0	10.83	5.83	60.98	0.1	1513.0	115.15	35.61	11.37	2
6379	レイズネクスト	プライム（内国株式）	2050	建設業	3	建設・資材	7	TOPIX Small 2	2248.0	5.2	117.0	5.2	117.0	5.2	配当あり	いいえ	11.61	1.33	1214.1	2769.0	1787.0	Industrials			OK	通常掲載可	OK	174531.0	8.43	10.9	75.49	0.0	9195.0	193.55	60.45	12.05	0
6380	オリエンタルチエン工業	スタンダード（内国株式）	3600	機械	8	機械	-	-	4690.0	0.43	20.0	0.43	20.0	0.43	配当あり	いいえ	59.17	3.32	83.2	5470.0	1770.0	Industrials			OK	通常掲載可	OK	4110.6	0.39	1.35	43.89	0.86	-5.0	79.26	25.23	6.3	0
6381	アネスト岩田	プライム（内国株式）	3600	機械	8	機械	7	TOPIX Small 2	1724.0	5.1	88.0	5.21	88.0	5.1	配当あり	いいえ	12.68	1.34	677.5	1809.0	1409.0	Industrials			OK	通常掲載可	OK	55909.0	9.96	2.75	67.99	0.05	4687.0	135.96	64.72	11.36	7
6382	トリニティ工業	スタンダード（内国株式）	3600	機械	8	機械	-	-	1231.0	4.96	61.0	4.92	61.0	4.96	配当あり	いいえ	7.39	0.57	198.6	1470.0	993.0	Consumer Cyclical			OK	通常掲載可	OK	38960.4	8.19	-3.12	78.52	0.01	2207.9	166.66	36.6	8.24	2
6383	ダイフク	プライム（内国株式）	3600	機械	8	機械	4	TOPIX Mid400	7361.0	1.11	82.0	1.15	82.0	1.11	配当あり	いいえ	36.38	5.91	27067.1	7857.0	3576.0	Industrials			OK	通常掲載可	OK	660724.0	15.35	8.05	59.87	0.14	116129.0	202.35	40.52	16.25	0
6384	昭和真空	スタンダード（内国株式）	3600	機械	8	機械	-	-	1835.0	3.81	70.0	3.81	70.0	3.81	配当あり	いいえ	13.09	0.93	113.3	1940.0	1291.0	Industrials			OK	通常掲載可	OK	9324.5	32.75	9.96	80.23	0.05	1830.0	140.19	49.93	7.3	0
6387	サムコ	プライム（内国株式）	3600	機械	8	機械	7	TOPIX Small 2	14060.0	0.43	60.0	0.43	60.0	0.43	配当あり	いいえ	65.03	7.71	1129.3	16930.0	2732.0	Technology			OK	通常掲載可	OK	8203.2	24.59	4.76	76.32	0.09	1386.6	216.22	27.75	15.32	1
6390	加藤製作所	プライム（内国株式）	3600	機械	8	機械	-	-	1244.0	5.63	70.0	5.65	70.0	5.63	配当あり	いいえ	3.1	0.33	139.2	1783.0	1172.0	Industrials			OK	通常掲載可	OK	56335.0	-4.12	6.43	45.98	0.95	-1191.0	400.69	17.47	10.33	0
6391	加地テック	スタンダード（内国株式）	3600	機械	8	機械	-	-	4170.0	1.68	70.0	1.62	70.0	1.68	配当あり	いいえ	9.86	0.81	69.0	5320.0	3250.0	Industrials			OK	通常掲載可	OK	7799.5	11.87	11.36	68.9	0.15	747.3	422.84	16.55	8.88	0
6392	ヤマダコーポレーション	スタンダード（内国株式）	3600	機械	8	機械	-	-	7070.0	3.11	220.0	3.11	220.0	3.11	配当あり	いいえ	9.77	0.93	169.2	8020.0	4855.0	Industrials			OK	通常掲載可	OK	16226.1	16.44	10.92	85.68	0.04	1035.2	723.97	30.39	9.88	0
6393	油研工業	スタンダード（内国株式）	3600	機械	8	機械	-	-	2872.0	5.22	150.0	5.2	150.0	5.22	配当あり	いいえ	10.1	0.44	102.1	3390.0	2600.0	Industrials			OK	通常掲載可	OK	32864.8	5.26	-1.89	48.28	0.47	-556.7	284.36	52.75	4.58	4
6395	タダノ	プライム（内国株式）	3600	機械	8	機械	6	TOPIX Small 1	1268.0	2.68	34.0	2.69	34.0	2.68	配当あり	いいえ	8.74	0.78	1602.8	1551.0	945.5	Industrials			OK	通常掲載可	OK	349477.0	5.31	19.89	44.9	0.71	-12717.0	145.06	23.44	8.51	4
6396	宇野澤組鐵工所	スタンダード（内国株式）	3600	機械	8	機械	-	-	4000.0	1.25	50.0	1.25	50.0	1.25	配当あり	いいえ	10.18	1.16	44.2	4700.0	2922.0	Industrials			OK	通常掲載可	OK	4917.5	11.44	-0.75	45.26	0.57	-162.1	392.8	12.73	12.1	0
6400	不二精機	スタンダード（内国株式）	3600	機械	8	機械	-	-	258.0	2.71	7.0	2.71	7.0	2.71	配当あり	いいえ	9.05	0.52	20.9	354.0	256.0	Industrials			OK	通常掲載可	OK	8719.3	5.44	5.67	37.8	1.01	302.5	28.51	24.55	6.6	0
6402	兼松エンジニアリング	スタンダード（内国株式）	3600	機械	8	機械	-	-	1474.0	1.63	24.0	1.62	24.0	1.63	配当あり	いいえ	6.93	3.3	72.2	2140.0	1167.0	Industrials			OK	通常掲載可	OK	14097.9	9.52	5.99	62.85	0.21	649.0	212.69	11.28	-2.53	1
6403	水道機工	スタンダード（内国株式）	3600	機械	8	機械	-	-							配当未取得								yfinanceデータなし	yfinanceで株価・配当データが取得できなかった	除外推奨	掲載非推奨	データなし										
6405	鈴茂器工	スタンダード（内国株式）	3600	機械	8	機械	-	-	1065.0	3.29	35.0	3.33	35.0	3.29	配当あり	いいえ	20.91	0.92	118.8	1843.0	983.0	Industrials			OK	通常掲載可	OK	15568.1	12.14	7.26	81.81	0.01	-12.6	50.93	68.72	4.16	2
6407	ＣＫＤ	プライム（内国株式）	3600	機械	8	機械	6	TOPIX Small 1	7860.0	1.03	81.0	1.08	81.0	1.03	配当あり	いいえ	36.77	3.42	5253.2	8330.0	2361.0	Industrials			OK	通常掲載可	OK	157886.0	12.44	1.45	67.72	0.23	11920.0	213.79	37.89	9.36	1
6408	小倉クラッチ	スタンダード（内国株式）	3600	機械	8	機械	-	-	3980.0	2.51	100.0	2.47	100.0	2.51	配当あり	いいえ	3.96	0.3	59.5	5250.0	3470.0	Industrials			OK	通常掲載可	OK	41664.0	3.32	-5.11	41.99	0.93	441.0	1004.4	9.96	8.0	0
6412	平和	プライム（内国株式）	3600	機械	8	機械	6	TOPIX Small 1	1995.0	4.01	80.0	4.01	80.0	4.01	配当あり	いいえ	16.86	0.79	1967.6	2275.0	1750.0	Consumer Cyclical			OK	通常掲載可	OK	258107.0	16.82	76.95	23.08	2.39	9703.0	118.3	67.62	4.74	0
6413	理想科学工業	プライム（内国株式）	3600	機械	8	機械	7	TOPIX Small 2	978.0	5.11	50.0	5.13	50.0	5.11	配当あり	いいえ	14.18	0.89	614.6	1298.0	945.0	Technology			OK	通常掲載可	OK	78990.0	6.47	0.34	72.26	0.09	5056.0	68.95	72.52	6.47	0
6417	ＳＡＮＫＹＯ	プライム（内国株式）	3600	機械	8	機械	4	TOPIX Mid400	1571.0	5.73	90.0	5.7	90.0	5.73	配当あり	いいえ	7.02	1.24	3102.9	3059.0	1526.0	Consumer Cyclical			OK	通常掲載可	OK	179211.0	34.87	-6.57	87.02		34936.0	223.71	40.23	17.47	3
6418	日本金銭機械	プライム（内国株式）	3600	機械	8	機械	7	TOPIX Small 2	989.0	4.65	46.0	4.65	46.0	4.65	配当あり	いいえ	5.71	0.75	268.3	1260.0	890.0	Industrials			OK	通常掲載可	OK	31557.1	7.91	-16.55	68.64	0.27	4927.9	173.17	26.56	13.83	3
6419	マースグループホールディングス	プライム（内国株式）	3600	機械	8	機械	6	TOPIX Small 1	3045.0	4.93	150.0	5.09	150.0	4.93	配当あり	いいえ	8.46	0.66	553.5	3340.0	2771.0	Consumer Cyclical			OK	通常掲載可	OK	32281.2	27.25	-23.6	90.95	0.01	5574.8	359.88	41.68	8.1	0
6420	ガリレイ	プライム（内国株式）	3600	機械	8	機械	6	TOPIX Small 1	3300.0	2.7	89.0	2.7	89.0	2.7	配当あり	いいえ	10.74	1.17	1323.0	4015.0	3035.0	Industrials			OK	通常掲載可	OK	130639.0	12.69	12.8	72.4		2871.0	307.23	28.97	11.34	5
6424	高見沢サイバネティックス	スタンダード（内国株式）	3600	機械	8	機械	-	-	878.0	2.62	23.0	2.65	23.0	2.62	配当あり	いいえ	7.78	0.58	36.6	999.0	856.0	Technology			OK	通常掲載可	OK	12898.0	4.79	-16.2	40.37	0.74	127.1	112.88	20.38	7.84	4
6425	ユニバーサルエンターテインメント	スタンダード（内国株式）	3600	機械	8	機械	-	-	641.0						配当未取得			0.39	496.7	1110.0	612.0	Consumer Cyclical	配当未取得	1株配当が取得できていない	除外推奨	掲載非推奨	OK_配当データ要確認	122827.0	-2.63	-2.77	34.71	1.5	1798.0	-3038.6		-4.9	0
6428	オーイズミ	スタンダード（内国株式）	3600	機械	8	機械	-	-	311.0	3.86	12.0	3.9	12.0	3.86	配当あり	いいえ	11.73	0.37	70.0	365.0	306.0	Communication Services			OK	通常掲載可	OK	21721.0	3.25	7.99	45.81	0.98	-1868.5	26.52	45.25	3.23	0
6430	ダイコク電機	プライム（内国株式）	3600	機械	8	機械	7	TOPIX Small 2	2219.0	4.51	100.0	4.49	100.0	4.51	配当あり	いいえ	5.63	0.65	323.1	3070.0	2034.0	Technology			OK	通常掲載可	OK	54337.0	17.8	-5.49	83.79	0.04	3551.6	393.87	25.39	12.12	0
6432	竹内製作所	プライム（内国株式）	3600	機械	8	機械	6	TOPIX Small 1	7130.0	3.09	220.0	3.11	220.0	3.09	配当あり	いいえ	11.55	1.76	3293.6	7880.0	4550.0	Industrials			OK	通常掲載可	OK	225284.0	16.73	5.65	83.03		19620.0	617.46	35.63	15.97	13
6433	ヒーハイスト	スタンダード（内国株式）	3600	機械	8	機械	-	-	1050.0	0.19	2.0	0.19	2.0	0.19	配当あり	いいえ		3.12	65.5	2650.0	325.0	Industrials			OK	通常掲載可	OK	1636.8	-16.02	-27.09	50.77	0.75	-171.2	-115.22		-29.2	0
6436	アマノ	プライム（内国株式）	3600	機械	8	機械	4	TOPIX Mid400	3657.0	6.84	250.0	6.87	250.0	6.84	配当あり	いいえ	12.71	1.83	2532.9	4614.0	3453.0	Technology			OK	通常掲載可	OK	176467.0	12.78	0.6	71.79	0.11	15536.0	287.81	86.86	14.68	4
6440	ＪＵＫＩ	プライム（内国株式）	3600	機械	8	機械	7	TOPIX Small 2	529.0	2.84	15.0	2.9	15.0	2.84	配当あり	いいえ	11.27	0.49	156.4	886.0	380.0	Industrials			OK	通常掲載可	OK	88761.0	3.0	-6.75	26.8	2.06	9684.0	46.94	31.96	4.48	0
6444	サンデン	スタンダード（内国株式）	3600	機械	8	機械	-	-	164.0						配当未取得		64.82	0.63	184.8	207.0	115.0	Consumer Cyclical	配当未取得	1株配当が取得できていない	除外推奨	掲載非推奨	OK_配当データ要確認	190875.0	-0.79	3.82	14.39	3.06	-6907.0	2.53		9.93	1
6445	ジャノメ	プライム（内国株式）	3600	機械	8	機械	7	TOPIX Small 2	1324.0	4.53	60.0	4.66	60.0	4.53	配当あり	いいえ	39.69	0.64	221.4	1483.0	1078.0	Consumer Cyclical			OK	通常掲載可	OK	38968.0	4.91	7.23	68.44	0.09	1316.0	33.36	179.86	1.83	2
6448	ブラザー工業	プライム（内国株式）	3650	電気機器	9	電機・精密	4	TOPIX Mid400	3657.0	2.73	100.0	2.72	100.0	2.73	配当あり	いいえ	14.84	1.19	9062.0	3924.0	2424.0	Industrials			OK	通常掲載可	OK	893464.0	8.72	5.25	74.92	0.0	66970.0	246.48	40.57	8.58	0
6454	マックス	プライム（内国株式）	3600	機械	8	機械	6	TOPIX Small 1	1739.0	2.3	40.0	2.35	40.0	2.3	配当あり	いいえ	22.22	2.71	3127.0	1850.0	1145.0	Industrials			OK	通常掲載可	OK	99607.0	17.64	8.46	83.6	0.01	11392.0	78.26	51.11	12.55	7
6455	モリタホールディングス	プライム（内国株式）	3700	輸送用機器	6	自動車・輸送機	7	TOPIX Small 2	2371.0	2.7	64.0	2.64	64.0	2.7	配当あり	いいえ	10.56	0.96	971.4	2998.0	2093.0	Industrials			OK	通常掲載可	OK	116596.0	13.26	4.34	69.32	0.01	3280.0	224.61	28.49	9.53	4
6457	グローリー	プライム（内国株式）	3600	機械	8	機械	4	TOPIX Mid400	3966.0	3.88	154.0	3.94	154.0	3.88	配当あり	いいえ	14.39	0.99	2055.7	4559.0	3352.0	Industrials			OK	通常掲載可	OK	339582.0	8.92	-7.88	43.52	0.22	38122.0	275.58	55.88	6.86	0
6458	新晃工業	プライム（内国株式）	3600	機械	8	機械	6	TOPIX Small 1	1266.0	3.95	50.0	3.99	50.0	3.95	配当あり	いいえ	12.58	1.34	850.1	1621.0	1166.0	Industrials			OK	通常掲載可	OK	59339.0	15.92	4.09	67.77	0.13	1189.0	100.65	49.68	10.56	4
6459	大和冷機工業	プライム（内国株式）	3600	機械	8	機械	7	TOPIX Small 2	1636.0	3.67	60.0	3.67	60.0	3.67	配当あり	いいえ	15.91	1.15	803.5	2086.0	1481.0	Industrials			OK	通常掲載可	OK	46919.7	15.94	-2.13	75.42		2914.4	102.84	58.34	6.66	0
6460	セガサミーホールディングス	プライム（内国株式）	3600	機械	8	機械	4	TOPIX Mid400	2220.0	2.48	55.0	2.49	55.0	2.48	配当あり	いいえ		1.27	4500.9	3485.0	2078.0	Communication Services			OK	通常掲載可	OK	487542.0	9.67	13.66	56.57	0.41	12665.0	-27.37		-1.56	1
6463	ＴＰＲ	プライム（内国株式）	3600	機械	8	機械	6	TOPIX Small 1	1408.0	3.98	56.0	4.02	56.0	3.98	配当あり	いいえ	9.74	0.52	907.8	1468.0	977.0	Consumer Cyclical			OK	通常掲載可	OK	190553.0	5.39	-1.01	57.26	0.17	10598.0	144.6	38.73	5.84	2
6464	ツバキ・ナカシマ	プライム（内国株式）	3600	機械	8	機械	7	TOPIX Small 2	391.0						配当未取得			0.39	149.6	499.0	281.0	Industrials	配当未取得	1株配当が取得できていない	除外推奨	掲載非推奨	OK_配当データ要確認	69837.0	-31.87	-8.01	24.42	2.51	8581.0	-691.68		-54.84	1
6465	ホシザキ	プライム（内国株式）	3600	機械	8	機械	4	TOPIX Mid400	5328.0	2.16	115.0	2.17	115.0	2.16	配当あり	いいえ	19.77	1.91	7396.9	6164.0	4768.0	Industrials			OK	通常掲載可	OK	485890.0	10.69	9.07	68.2	0.02	19471.0	269.52	42.67	10.03	4
6466	ＴＶＥ	スタンダード（内国株式）	3600	機械	8	機械	-	-	4370.0	0.92	40.0	0.92	40.0	0.92	配当あり	いいえ	9.99	0.79	102.5	6360.0	2111.0	Industrials			OK	通常掲載可	OK	10183.7	5.85	-9.24	74.97	0.04	-3386.7	437.4	9.14	8.47	0
6467	ニチダイ	スタンダード（内国株式）	3600	機械	8	機械	-	-	329.0	1.82	6.0	1.83	6.0	1.82	配当あり	いいえ		0.28	29.7	386.0	312.0	Industrials			OK	通常掲載可	OK	10992.9	-3.72	-5.26	75.61	0.14	-274.8	-83.76		-7.21	1
6469	放電精密加工研究所	スタンダード（内国株式）	3600	機械	8	機械	-	-	2463.0	0.81	20.0	0.79	20.0	0.81	配当あり	いいえ	31.95	3.03	263.1	5090.0	1457.0	Industrials			OK	通常掲載可	OK	14312.8	7.85	10.97	45.67	0.64	1456.1	77.08	25.95	9.49	1
6470	大豊工業	スタンダード（内国株式）	3600	機械	8	機械	7	TOPIX Small 2	1081.0	2.78	30.0	2.81	30.0	2.78	配当あり	いいえ		0.48	306.9	1260.0	554.0	Consumer Cyclical			OK	通常掲載可	OK	119378.0	2.05	5.84	55.69	0.39	3913.0	-210.72		-8.68	0
6471	日本精工	プライム（内国株式）	3600	機械	8	機械	4	TOPIX Mid400	1163.5	2.92	34.0	2.99	34.0	2.92	配当あり	いいえ	24.39	0.85	5693.2	1414.5	678.2	Consumer Cyclical			OK	通常掲載可	OK	911644.0	3.9	14.43	54.2		31821.0	47.7	71.28	3.57	2
6472	ＮＴＮ	プライム（内国株式）	3600	機械	8	機械	4	TOPIX Mid400	405.0	3.21	13.0	3.27	13.0	3.21	配当あり	いいえ	16.98	0.81	2407.8	487.0	227.3	Industrials			OK	通常掲載可	OK	826344.0	3.76	0.09	33.79	1.08	24996.0	23.85	54.51	4.99	3
6473	ジェイテクト	プライム（内国株式）	3600	機械	8	機械	4	TOPIX Mid400	2020.0	3.47	70.0	3.51	70.0	3.47	配当あり	いいえ	52.91	0.81	6430.3	2183.5	1167.0	Consumer Cyclical			OK	通常掲載可	OK	1924950.0	1.29	2.15	50.09	0.27	19004.0	38.18	183.34	1.8	4
6474	不二越	プライム（内国株式）	3600	機械	8	機械	6	TOPIX Small 1	6050.0	1.65	100.0	1.69	100.0	1.65	配当あり	いいえ	25.89	0.75	1317.6	6340.0	3015.0	Industrials			OK	通常掲載可	OK	235903.0	4.14	-1.66	51.49	0.51	8874.0	233.64	42.8	2.86	0
6479	ミネベアミツミ	プライム（内国株式）	3650	電気機器	9	電機・精密	4	TOPIX Mid400	4998.0	1.2	60.0	1.26	60.0	1.2	配当あり	いいえ	19.3	2.23	20071.7	5307.0	2057.0	Technology			OK	通常掲載可	OK	1522703.0	6.2	8.6	46.91	0.62	45123.0	258.9	23.17	11.92	1
6480	日本トムソン	プライム（内国株式）	3600	機械	8	機械	7	TOPIX Small 2	2277.0	1.41	32.0	1.48	32.0	1.41	配当あり	いいえ	37.04	1.89	1622.6	2580.0	520.0	Industrials			OK	通常掲載可	OK	63031.0	6.51	15.9	66.3	0.37	5991.0	61.48	52.05	5.12	1
6481	ＴＨＫ	プライム（内国株式）	3600	機械	8	機械	4	TOPIX Mid400	7646.0	2.41	184.0	2.51	184.0	2.41	配当あり	いいえ	84.9	3.39	8569.2	8244.0	3761.0	Industrials			OK	通常掲載可	OK	240444.0	6.66	7.95	55.25	0.47	-1151.0	90.06	204.31	5.19	2
6482	ＹＵＳＨＩＮ	スタンダード（内国株式）	3600	機械	8	機械	7	TOPIX Small 2	698.0	2.87	20.0	2.91	20.0	2.87	配当あり	いいえ	80.6	0.66	218.5	828.0	576.0	Industrials			OK	通常掲載可	OK	23101.4	3.58	-11.58	86.3		1007.5	8.66	230.95	0.95	0
6484	ＫＶＫ	スタンダード（内国株式）	3600	機械	8	機械	-	-	2370.0	3.8	90.0	3.87	90.0	3.8	配当あり	いいえ	8.68	0.62	190.3	2774.0	1914.0	Consumer Cyclical			OK	通常掲載可	OK	30899.8	8.78	4.22	84.79	0.0	-1050.2	272.96	32.97	7.41	2
6485	前澤給装工業	スタンダード（内国株式）	3600	機械	8	機械	7	TOPIX Small 2	1519.0	3.95	60.0	4.01	60.0	3.95	配当あり	いいえ	11.6	0.77	309.2	1787.0	1214.0	Industrials			OK	通常掲載可	OK	31683.0	8.61	0.12	85.61	0.0	1012.0	130.9	45.84	7.35	6
6486	イーグル工業	プライム（内国株式）	3600	機械	8	機械	6	TOPIX Small 1	2870.0	4.88	140.0	4.91	140.0	4.88	配当あり	いいえ	13.14	0.98	1304.4	3535.0	1874.0	Industrials			OK	通常掲載可	OK	177488.0	7.59	5.54	58.21	0.3	13314.0	218.41	64.1	9.24	3
6488	ヨシタケ	スタンダード（内国株式）	3600	機械	8	機械	-	-	939.0	3.83	36.0	3.83	36.0	3.83	配当あり	いいえ	8.08	0.65	119.4	1139.0	744.0	Industrials			OK	通常掲載可	OK	10343.6	12.77	5.08	86.05	0.02	967.2	116.28	30.96	8.36	0
6490	ＰＩＬＬＡＲ	プライム（内国株式）	3600	機械	8	機械	6	TOPIX Small 1	11280.0	1.42	160.0	1.49	160.0	1.42	配当あり	いいえ	29.09	3.25	2578.8	11580.0	3735.0	Industrials			OK	通常掲載可	OK	59479.0	20.36	2.57	75.19	0.15	8166.0	387.72	41.27	11.67	0
6492	岡野バルブ製造	スタンダード（内国株式）	3600	機械	8	機械	-	-	17380.0	0.46	80.0	0.47	80.0	0.46	配当あり	いいえ	25.43	2.1	279.3	19480.0	5730.0	Industrials			OK	通常掲載可	OK	8169.0	14.52	10.29	78.67	0.08	1914.0	683.37	11.71	8.26	0
6493	ＮＩＴＴＡＮ	スタンダード（内国株式）	3700	輸送用機器	6	自動車・輸送機	-	-	455.0	4.4	20.0	4.4	20.0	4.4	配当あり	いいえ	5.88	0.42	131.1	816.0	353.0	Consumer Cyclical			OK	通常掲載可	OK	51676.6	7.74	0.45	46.3	0.35	3549.4	77.35	25.86	8.82	0
6494	ＮＦＫホールディングス	スタンダード（内国株式）	3600	機械	8	機械	-	-	96.0						配当未取得		51.61	0.8	46.8	181.0	83.0	Industrials	配当未取得	1株配当が取得できていない	除外推奨	掲載非推奨	OK_配当データ要確認	3683.4	7.4	76.9	71.73	0.1	233.4	1.86		1.44	0
6495	宮入バルブ製作所	スタンダード（内国株式）	3600	機械	8	機械	-	-	132.0	1.52	2.0	1.52	2.0	1.52	配当あり	いいえ	105.6	2.11	63.6	340.0	105.0	Industrials			OK	通常掲載可	OK	7044.2	1.58	3.81	45.19	0.63	116.3	1.25	160.0	10.54	0
6496	中北製作所	スタンダード（内国株式）	3600	機械	8	機械	-	-	4870.0	2.26	110.0	2.28	110.0	2.26	配当あり	いいえ	10.89	0.61	170.0	8550.0	4010.0	Industrials			OK	通常掲載可	OK	23768.1	4.88	27.72	69.84	0.12	-3385.2	447.31	24.59	5.6	3
6497	ハマイ	スタンダード（内国株式）	3600	機械	8	機械	-	-	1340.0	3.36	45.0	3.37	45.0	3.36	配当あり	いいえ	9.23	0.52	89.8	1620.0	1082.0	Industrials			OK	通常掲載可	OK	12715.0	9.62	5.14	76.66	0.01	213.4	145.12	31.01	5.77	1
6498	キッツ	プライム（内国株式）	3600	機械	8	機械	6	TOPIX Small 1	2577.0	2.33	60.0	2.38	60.0	2.33	配当あり	いいえ	19.16	3.11	2240.1	2731.0	1154.0	Industrials			OK	通常掲載可	OK	176682.0	8.75	2.7	64.1	0.31	2346.0	134.52	44.6	4.8	5
6501	日立製作所	プライム（内国株式）	3650	電気機器	9	電機・精密	1	TOPIX Core30	4496.0	1.25	56.0	1.25	56.0	1.25	配当あり	いいえ	25.46	3.11	202175.9	6039.0	3822.0	Industrials			OK	通常掲載可	OK	10586781.0	11.33	8.21	43.67	0.15	1170232.0	176.6	31.71	13.3	7
6503	三菱電機	プライム（内国株式）	3650	電気機器	9	電機・精密	1	TOPIX Core30	6034.0	0.99	60.0	1.02	60.0	0.99	配当あり	いいえ	29.67	2.75	123481.9	6686.0	3032.0	Industrials			OK	通常掲載可	OK	5894747.0	7.35	6.76	60.95	0.08	333556.0	203.35	29.51	9.96	3
6504	富士電機	プライム（内国株式）	3650	電気機器	9	電機・精密	4	TOPIX Mid400	14095.0	1.52	214.0	1.58	214.0	1.52	配当あり	いいえ	20.33	2.6	20577.6	17800.0	6428.0	Industrials			OK	通常掲載可	OK	1227595.0	11.13	9.27	56.88	0.11	39536.0	693.47	30.86	12.89	5
6505	東洋電機製造	スタンダード（内国株式）	3650	電気機器	9	電機・精密	-	-	1949.0	3.85	75.0	3.85	75.0	3.85	配当あり	いいえ	8.09	0.57	175.8	2655.0	1404.0	Industrials			OK	通常掲載可	OK	40539.0	5.88	26.13	51.46	0.34	25.0	240.9	31.13	9.5	1
6506	安川電機	プライム（内国株式）	3650	電気機器	9	電機・精密	4	TOPIX Mid400	7302.0	0.99	72.0	1.02	72.0	0.99	配当あり	いいえ	51.81	3.92	18939.0	7915.0	2807.0	Industrials			OK	通常掲載可	OK	537682.0	9.33	-6.6	57.97	0.25	19201.0	140.93	51.09	7.84	4
6507	シンフォニアテクノロジー	プライム（内国株式）	3650	電気機器	9	電機・精密	6	TOPIX Small 1	16480.0	0.98	161.0	1.01	161.0	0.98	配当あり	いいえ	32.03	4.7	4650.0	16900.0	7380.0	Industrials			OK	通常掲載可	OK	128197.0	14.4	7.59	62.31	0.13	5468.0	514.54	31.29	16.2	1
6508	明電舎	プライム（内国株式）	3650	電気機器	9	電機・精密	6	TOPIX Small 1	9970.0	1.57	157.0	1.61	157.0	1.57	配当あり	いいえ	18.76	2.59	4522.8	11400.0	5070.0	Industrials			OK	通常掲載可	OK	326194.0	8.32	8.33	46.8	0.25	2257.0	531.4	29.54	14.97	2
6513	オリジン	スタンダード（内国株式）	3650	電気機器	9	電機・精密	-	-	1086.0	3.68	40.0	3.67	40.0	3.68	配当あり	いいえ		0.25	56.1	1144.0	1030.0	Technology			OK	通常掲載可	OK	26877.9	-3.51	-6.68	50.49	0.19	-1726.4	-422.38		-7.96	1
6516	山洋電気	プライム（内国株式）	3650	電気機器	9	電機・精密	6	TOPIX Small 1	6580.0	2.74	180.0	2.76	180.0	2.74	配当あり	いいえ	26.74	1.83	2336.9	7880.0	3006.67	Industrials			OK	通常掲載可	OK	107346.0	10.14	9.71	76.85	0.05	7972.0	246.09	73.14	7.18	5
6517	デンヨー	プライム（内国株式）	3650	電気機器	9	電機・精密	7	TOPIX Small 2	3640.0	3.3	120.0	3.32	120.0	3.3	配当あり	いいえ	13.06	0.9	735.9	4000.0	2764.0	Industrials			OK	通常掲載可	OK	72244.0	10.74	2.11	78.28	0.04	2070.0	278.82	43.04	7.12	4
6518	三相電機	スタンダード（内国株式）	3650	電気機器	9	電機・精密	-	-	1894.0	1.32	25.0	1.32	25.0	1.32	配当あり	いいえ	15.22	0.69	86.7	2666.0	822.0	Industrials			OK	通常掲載可	OK	18292.7	4.34	14.12	63.1	0.17	732.8	124.44	20.09	4.64	0
6521	オキサイド	グロース（内国株式）	3650	電気機器	9	電機・精密	-	-	4580.0						配当未取得			11.28	531.1	7420.0	1394.0	Technology	配当未取得	1株配当が取得できていない	除外推奨	掲載非推奨	OK_配当データ要確認	10040.4	5.41	19.6	31.78	1.61	2171.0	-47.1		-10.65	
6522	アスタリスク	グロース（内国株式）	3650	電気機器	9	電機・精密	-	-	1560.0						配当未取得			7.12	125.4	1699.0	338.0	Technology	配当未取得	1株配当が取得できていない	除外推奨	掲載非推奨	OK_配当データ要確認	1666.3	-7.54	5.57	62.18	0.42	159.5	-22.74		-9.74	
6523	ＰＨＣホールディングス	プライム（内国株式）	3650	電気機器	9	電機・精密	6	TOPIX Small 1	1010.0	4.16	42.0	4.09	42.0	4.16	配当あり	いいえ	258.31	0.79	1277.8	1189.0	870.0	Healthcare			OK	通常掲載可	OK	364403.0	6.2	0.78	29.8	1.45	33365.0	3.91	1074.17	0.14	1
6524	湖北工業	スタンダード（内国株式）	3650	電気機器	9	電機・精密	-	-	5280.0	0.76	40.0	0.75	40.0	0.76	配当あり	いいえ	45.95	5.76	1367.8	7740.0	2437.0	Technology			OK	通常掲載可	OK	17454.0	26.49	9.61	82.77	0.09	2409.0	114.91	34.81	16.75	3
6525	ＫＯＫＵＳＡＩ　ＥＬＥＣＴＲＩＣ	プライム（内国株式）	3650	電気機器	9	電機・精密	4	TOPIX Mid400	11420.0	0.42	48.0	0.44	48.0	0.42	配当あり	いいえ	84.74	12.16	26692.3	12220.0	2607.0	Technology			OK	通常掲載可	OK	235079.0	17.8	-1.61	60.97	0.23	31782.0	134.76	35.62	14.49	1
6526	ソシオネクスト	プライム（内国株式）	3650	電気機器	9	電機・精密	4	TOPIX Mid400	2719.5	1.84	50.0	1.96	50.0	1.84	配当あり	いいえ	51.54	3.58	4767.0	3491.0	1678.5	Industrials			OK	通常掲載可	OK	200834.0	6.15	6.52	79.38	0.01	-15214.0	52.76	94.77	6.47	0
6532	ベイカレント	プライム（内国株式）	9050	サービス業	10	情報通信・サービスその他	4	TOPIX Mid400	6288.0	2.07	130.0	2.15	130.0	2.07	配当あり	いいえ	25.22	8.16	9425.2	9075.0	3780.0	Industrials			OK	通常掲載可	OK	148332.0	34.34	27.81	74.32	0.06	31782.0	249.29	52.15	35.79	6
6533	Ｏｒｃｈｅｓｔｒａ　Ｈｏｌｄｉｎｇｓ	プライム（内国株式）	9050	サービス業	10	情報通信・サービスその他	7	TOPIX Small 2	1152.0	4.34	50.0	4.3	50.0	4.34	配当あり	いいえ		1.64	107.6	1349.0	672.0	Communication Services			OK	通常掲載可	OK	1287.4	5.84	11.85	18.76	3.83	1092.9	-8.95		16.56	7
6535	アイモバイル	プライム（内国株式）	9050	サービス業	10	情報通信・サービスその他	7	TOPIX Small 2	514.0	5.25	27.0	5.21	27.0	5.25	配当あり	いいえ	11.99	1.68	288.3	726.0	444.0	Communication Services			OK	通常掲載可	OK	18735.0	18.94	14.06	63.83		3333.0	42.87	62.98	14.44	3
6537	ＷＡＳＨハウス	グロース（内国株式）	9050	サービス業	10	情報通信・サービスその他	-	-	312.0						配当未取得		206.62	1.29	21.6	538.0	293.0	Consumer Cyclical	配当未取得	1株配当が取得できていない	除外推奨	掲載非推奨	OK_配当データ要確認	2529.0	0.79	21.41	39.7	0.59	-133.0	1.51		3.24	0
6538	ディスラプターズ	スタンダード（内国株式）	9050	サービス業	10	情報通信・サービスその他	-	-	232.0	2.16	5.0	2.16	5.0	2.16	配当あり	いいえ	6.97	1.77	47.5	389.0	198.0	Industrials			OK	通常掲載可	OK	5114.0	14.2	19.1	63.44	0.22	886.0	33.27	15.03	27.83	2
6539	ＭＳ－Ｊａｐａｎ	プライム（内国株式）	9050	サービス業	10	情報通信・サービスその他	7	TOPIX Small 2	943.0	5.94	56.0	5.91	56.0	5.94	配当あり	いいえ	22.78	2.46	234.4	1086.0	907.0	Industrials			OK	通常掲載可	OK	7647.3	21.89	2.32	88.07	0.02	1542.4	41.4	135.27	11.12	0
6540	船場	スタンダード（内国株式）	9050	サービス業	10	情報通信・サービスその他	-	-	1477.0	5.28	78.0	5.25	78.0	5.28	配当あり	いいえ	10.45	1.12	157.6	2000.0	1451.0	Industrials			OK	通常掲載可	OK	32831.8	7.02	13.38	65.9		-2191.7	141.35	55.18	10.65	5
6543	日宣	スタンダード（内国株式）	9050	サービス業	10	情報通信・サービスその他	-	-	1195.0	2.76	33.0	2.76	33.0	2.76	配当あり	いいえ	7.04	1.18	47.1	1422.0	690.0	Communication Services			OK	通常掲載可	OK	6481.3	7.49	17.12	69.56	0.05	398.7	169.67	19.45	17.8	2
6544	ジャパンエレベーターサービスホールディングス	プライム（内国株式）	9050	サービス業	10	情報通信・サービスその他	4	TOPIX Mid400	1734.0	1.21	21.0	1.21	21.0	1.21	配当あり	いいえ	42.55	12.61	3099.8	2157.5	1543.0	Industrials			OK	通常掲載可	OK	57601.0	19.12	16.66	61.27	0.12	6813.0	40.75	51.53	32.52	8
6545	インターネットインフィニティー	グロース（内国株式）	9050	サービス業	10	情報通信・サービスその他	-	-	748.0	3.34	25.0	3.34	25.0	3.34	配当あり	いいえ	17.34	2.22	40.0	834.0	596.0	Healthcare			OK	通常掲載可	OK	5161.7	7.77	4.08	38.05	0.89	244.1	43.14	57.95	18.57	1
6546	フルテック	スタンダード（内国株式）	9050	サービス業	10	情報通信・サービスその他	-	-	1127.0	3.02	34.0	3.05	34.0	3.02	配当あり	いいえ	23.92	1.05	60.5	1245.0	1084.0	Industrials			OK	通常掲載可	OK	13566.7	3.36	-1.79	61.22	0.12	-1009.5	47.11	72.17	5.31	0
6547	グリーンズ	スタンダード（内国株式）	9050	サービス業	10	情報通信・サービスその他	-	-	2145.0	4.85	104.0	4.84	104.0	4.85	配当あり	いいえ	6.1	2.23	294.6	2772.0	1876.0	Consumer Cyclical			OK	通常掲載可	OK	49645.0	12.7	21.18	34.61	1.2	6162.0	351.57	29.58	41.57	2
6548	旅工房	グロース（内国株式）	9050	サービス業	10	情報通信・サービスその他	-	-	93.0						配当未取得			2.15	18.4	218.0	86.0	Consumer Cyclical	配当未取得	1株配当が取得できていない	除外推奨	掲載非推奨	OK_配当データ要確認	3722.9	-3.0	34.21	15.81	0.85	128.5	-19.48			
6549	ディーエムソリューションズ	スタンダード（内国株式）	9050	サービス業	10	情報通信・サービスその他	-	-	1084.0	1.94	21.0	1.88	21.0	1.94	配当あり	いいえ	10.03	1.67	59.9	1142.0	707.5	Communication Services			OK	通常掲載可	OK	25560.2	3.67	20.82	40.02	0.58	658.2	108.07	19.43	12.15	1
6551	ツナググループ・ホールディングス	スタンダード（内国株式）	9050	サービス業	10	情報通信・サービスその他	-	-	540.0	3.7	20.0	3.68	20.0	3.7	配当あり	いいえ	8.61	2.0	45.0	934.0	510.0	Industrials			OK	通常掲載可	OK	18269.1	4.8	11.47	45.2	0.08	1075.8	62.72	31.89	23.59	3
6552	ＧａｍｅＷｉｔｈ	スタンダード（内国株式）	9050	サービス業	10	情報通信・サービスその他	-	-	183.0						配当未取得			1.13	32.0	295.0	158.0	Communication Services	配当未取得	1株配当が取得できていない	除外推奨	掲載非推奨	OK_配当データ要確認	3451.9	-5.7	-1.31	79.93	0.02	-329.4	-0.95		16.22	
6554	エスユーエス	グロース（内国株式）	9050	サービス業	10	情報通信・サービスその他	-	-	1004.0	4.98	50.0	5.05	50.0	4.98	配当あり	いいえ	8.77	2.0	90.1	1298.0	946.0	Industrials			OK	通常掲載可	OK	15015.0	8.08	13.59	62.93	0.0	926.0	114.46	43.68	23.04	4
6555	ＭＳ＆Ｃｏｎｓｕｌｔｉｎｇ	スタンダード（内国株式）	9050	サービス業	10	情報通信・サービスその他	-	-	432.0						配当未取得		10.57	0.66	19.4	484.0	380.0	Technology	配当未取得	1株配当が取得できていない	除外推奨	掲載非推奨	OK_配当データ要確認	2584.9	9.75	1.29	79.81	0.06	275.9	40.87		6.33	1
6557	ＡＩＡＩグループ	グロース（内国株式）	9050	サービス業	10	情報通信・サービスその他	-	-	619.0						配当未取得		6.48	1.24	40.1	1622.0	580.0	Healthcare	配当未取得	1株配当が取得できていない	除外推奨	掲載非推奨	OK_配当データ要確認	14633.8	7.55	11.95	12.07	6.02	584.9	95.57		20.49	
6558	クックビズ	グロース（内国株式）	9050	サービス業	10	情報通信・サービスその他	-	-	654.0						配当未取得			1.78	18.2	915.0	552.0	Industrials	配当未取得	1株配当が取得できていない	除外推奨	掲載非推奨	OK_配当データ要確認	2860.7	-13.08	-12.7	30.36	1.86	-498.2	-145.15		-26.57	
6560	エル・ティー・エス	プライム（内国株式）	9050	サービス業	10	情報通信・サービスその他	7	TOPIX Small 2	1738.0	2.3	40.0	2.26	40.0	2.3	配当あり	いいえ	11.55	1.52	76.5	2660.0	1560.0	Industrials			OK	通常掲載可	OK	17101.0	6.94	3.07	47.47	0.61	-535.0	150.51	26.58	16.01	1
6561	ＨＡＮＡＴＯＵＲ　ＪＡＰＡＮ	グロース（内国株式）	9050	サービス業	10	情報通信・サービスその他	-	-	791.0	5.31	42.0	5.33	42.0	5.31	配当あり	いいえ	7.14	2.24	99.3	1165.0	749.0	Consumer Cyclical			OK	通常掲載可	OK	7180.1	27.83	7.77	39.97	0.95	1741.8	110.74	37.93	35.57	1
6562	ジーニー	グロース（内国株式）	9050	サービス業	10	情報通信・サービスその他	-	-	929.0						配当未取得		14.93	1.15	113.5	1674.0	856.0	Communication Services	配当未取得	1株配当が取得できていない	除外推奨	掲載非推奨	OK_配当データ要確認	11321.9	22.26	41.3	33.02	1.3	902.9	62.24		10.04	
6563	みらいワークス	グロース（内国株式）	9050	サービス業	10	情報通信・サービスその他	-	-	479.0						配当未取得		21.93	0.79	25.1	732.0	453.0	Industrials	配当未取得	1株配当が取得できていない	除外推奨	掲載非推奨	OK_配当データ要確認	11144.6	2.55	5.06	42.08		117.7	21.84		11.86	
6564	ミダックホールディングス	プライム（内国株式）	9050	サービス業	10	情報通信・サービスその他	7	TOPIX Small 2	2003.0	1.0	20.0	0.98	20.0	1.0	配当あり	いいえ	19.19	3.08	554.4	2345.0	1735.0	Industrials			OK	通常掲載可	OK	11845.0	39.88	8.61	45.73	0.73	-4777.5	104.39	19.16	17.26	2
6566	要興業	スタンダード（内国株式）	9050	サービス業	10	情報通信・サービスその他	-	-	1299.0	2.23	29.0	2.23	29.0	2.23	配当あり	いいえ	13.06	0.99	206.2	1646.0	1085.0	Industrials			OK	通常掲載可	OK	14949.1	14.14	3.05	80.93	0.06	1086.4	99.5	29.15	7.82	4
6568	神戸天然物化学	グロース（内国株式）	9050	サービス業	10	情報通信・サービスその他	-	-	1317.0	2.51	33.0	2.52	33.0	2.51	配当あり	いいえ	13.3	2.11	102.0	1418.0	1060.0	Basic Materials			OK	通常掲載可	OK	9093.7	11.27	11.18	65.05	0.26	-363.5	99.04	33.32	15.86	1
6570	共和コーポレーション	スタンダード（内国株式）	9050	サービス業	10	情報通信・サービスその他	-	-	1795.0	2.23	40.0	2.22	40.0	2.23	配当あり	いいえ	9.54	1.82	107.4	2022.0	960.0	Consumer Cyclical			OK	通常掲載可	OK	20729.5	8.48	24.09	31.66	1.13	419.8	188.1	21.27	20.84	3
6571	キュービーネットホールディングス	プライム（内国株式）	9050	サービス業	10	情報通信・サービスその他	7	TOPIX Small 2	1257.0	3.18	40.0	3.19	40.0	3.18	配当あり	いいえ	15.23	1.12	169.2	1433.0	1153.0	Consumer Cyclical			OK	通常掲載可	OK	25543.0	6.6	3.17	42.92	1.07	3115.0	82.51	48.48	6.78	3
6572	オープングループ	プライム（内国株式）	9050	サービス業	10	情報通信・サービスその他	7	TOPIX Small 2	201.0	3.23	6.5	3.27	6.5	3.23	配当あり	いいえ	18.29	1.05	112.0	418.0	193.0	Technology			OK	通常掲載可	OK	8148.1	12.33	12.78	54.25	0.41	636.7	10.99	59.14	5.68	
6573	ＣＲＡＶＩＡ	グロース（内国株式）	9050	サービス業	10	情報通信・サービスその他	-	-	27.0						配当未取得			2.01	12.4	177.0	21.0	Communication Services	配当未取得	1株配当が取得できていない	除外推奨	掲載非推奨	OK_配当データ要確認	546.2	-51.66	19.91	64.28	0.31	-287.5	-8.16			
6574	コンヴァノ	グロース（内国株式）	9050	サービス業	10	情報通信・サービスその他	-	-	86.0	1.16	1.0	1.14	1.0	1.16	配当あり	いいえ		3.93	437.4	375.0	73.5	Consumer Cyclical			OK	通常掲載可	OK	3240.6	4.16	25.18	55.09	0.4	156.0	-1.96		-16.8	
6577	ベストワンドットコム	グロース（内国株式）	9050	サービス業	10	情報通信・サービスその他	-	-	2290.0	2.27	52.0	2.33	52.0	2.27	配当あり	いいえ		3.23	34.6	2759.0	1776.0	Consumer Cyclical			OK	通常掲載可	OK	3137.2	8.41	135.6	40.12	0.86	288.9	-41.45		1.86	1
6578	コレックホールディングス	スタンダード（内国株式）	9050	サービス業	10	情報通信・サービスその他	-	-	477.0	1.89	9.0	1.91	9.0	1.89	配当あり	いいえ	87.68	3.27	35.1	515.0	261.0	Industrials			OK	通常掲載可	OK	6685.1	0.94	3.36	34.89	0.68	79.3	5.44	165.44	3.73	1
6579	ログリー	グロース（内国株式）	9050	サービス業	10	情報通信・サービスその他	-	-	348.0						配当未取得			0.53	13.2	439.0	271.0	Communication Services	配当未取得	1株配当が取得できていない	除外推奨	掲載非推奨	OK_配当データ要確認	1605.2	-10.1	-21.87	43.62	0.54	-146.2	-19.59		3.32	
6580	ライトアップ	グロース（内国株式）	9050	サービス業	10	情報通信・サービスその他	-	-	805.0	4.1	33.0	4.09	33.0	4.1	配当あり	いいえ	16.01	1.25	40.4	3470.0	720.0	Industrials			OK	通常掲載可	OK	3529.2	13.31	-11.85	86.88	0.0	35.2	50.29	65.62	8.05	
6584	三櫻工業	プライム（内国株式）	3700	輸送用機器	6	自動車・輸送機	7	TOPIX Small 2	935.0	2.99	28.0	2.97	28.0	2.99	配当あり	いいえ	22.17	0.7	334.8	1219.0	615.0	Consumer Cyclical			OK	通常掲載可	OK	159387.0	2.56	-0.09	33.82	1.19	-8610.0	42.17	66.4	4.32	0
6586	マキタ	プライム（内国株式）	3600	機械	8	機械	4	TOPIX Mid400	5690.0	3.67	209.0	3.61	209.0	3.67	配当あり	いいえ	19.31	1.47	14660.6	6130.0	4175.0	Industrials			OK	通常掲載可	OK	777600.0	13.47	3.25	84.44	0.0	102336.0	294.74	70.91	8.2	2
6588	東芝テック	プライム（内国株式）	3650	電気機器	9	電機・精密	6	TOPIX Small 1	2810.0	1.42	40.0	1.41	40.0	1.42	配当あり	いいえ		1.58	1489.0	3340.0	2520.0	Technology			OK	通常掲載可	OK	569265.0	2.52	-1.34	26.03	0.48	-9648.0	-43.12		-2.84	0
6590	芝浦メカトロニクス	プライム（内国株式）	3650	電気機器	9	電機・精密	6	TOPIX Small 1	5320.0	1.2	64.0	1.39	64.0	1.2	配当あり	いいえ	27.1	6.28	3492.0	6230.0	1854.0	Technology			OK	通常掲載可	OK	88039.0	17.34	8.8	55.11	0.16	-2606.0	196.31	32.6	21.71	4
6592	マブチモーター	プライム（内国株式）	3650	電気機器	9	電機・精密	4	TOPIX Mid400	1571.5	3.56	56.0	3.57	56.0	3.56	配当あり	いいえ	14.83	1.14	3824.2	1907.0	1044.5	Consumer Cyclical			OK	通常掲載可	OK	200417.0	12.71	2.14	90.29	0.0	35364.0	105.94	52.86	8.93	4
6594	ニデック	プライム（内国株式）	3650	電気機器	9	電機・精密	-	-	2747.0	1.46	40.0	1.92	40.0	1.46	配当あり	いいえ	25.25	1.79	31489.1	3296.0	1797.0	Industrials			OK	通常掲載可	OK	2607813.0	9.13	11.11	51.7	0.37	135599.0	108.78	36.77	6.31	0
6597	ＨＰＣシステムズ	グロース（内国株式）	3650	電気機器	9	電機・精密	-	-	4300.0	0.74	32.0	0.76	32.0	0.74	配当あり	いいえ	33.44	5.62	166.3	7500.0	1585.0	Technology			OK	通常掲載可	OK	6945.3	6.13	-21.56	52.21	0.51	4027.9	128.57	24.89	21.17	1
6599	エブレン	スタンダード（内国株式）	3650	電気機器	9	電機・精密	-	-	3050.0	1.9	58.0	1.88	58.0	1.9	配当あり	いいえ	12.62	0.9	46.0	4010.0	2106.0	Technology			OK	通常掲載可	OK	3993.6	13.28	-0.8	80.14	0.0	565.8	241.64	24.0	7.36	4
6612	バルミューダ	グロース（内国株式）	3650	電気機器	9	電機・精密	-	-	589.0						配当未取得			1.99	50.2	920.0	561.0	Consumer Cyclical	配当未取得	1株配当が取得できていない	除外推奨	掲載非推奨	OK_配当データ要確認	10115.0	-8.56	-18.83	60.31	0.27	-965.0	-187.84		-48.07	
6613	ＱＤレーザ	グロース（内国株式）	3650	電気機器	9	電機・精密	-	-	2752.0						配当未取得			23.48	1151.4	3620.0	216.0	Technology	配当未取得	1株配当が取得できていない	除外推奨	掲載非推奨	OK_配当データ要確認	1372.8	-23.76	4.88	88.04	0.07	-1213.0	-8.53		-7.06	
6614	シキノハイテック	スタンダード（内国株式）	3650	電気機器	9	電機・精密	-	-	883.0	1.7	15.0	1.7	15.0	1.7	配当あり	いいえ		1.69	38.8	1360.0	656.0	Technology			OK	通常掲載可	OK	6516.0	0.86	-8.12	45.65	0.28	-5.4	-25.17		-4.58	0
6615	ユー・エム・シー・エレクトロニクス	プライム（内国株式）	3650	電気機器	9	電機・精密	7	TOPIX Small 2	225.0	4.44	10.0	4.41	10.0	4.44	配当あり	いいえ	26.72	0.37	63.3	435.0	220.0	Technology			OK	通常掲載可	OK	112726.0	1.07	-14.56	22.56	1.99	-1204.0	8.42	118.76	1.82	0
6616	トレックス・セミコンダクター	プライム（内国株式）	3650	電気機器	9	電機・精密	7	TOPIX Small 2	2503.0	2.24	56.0	2.17	56.0	2.24	配当あり	いいえ	22.89	1.41	265.1	2990.0	1336.0	Technology			OK	通常掲載可	OK	25073.2	4.33	4.66	52.41	0.69	929.7	109.35	51.21	6.41	0
6617	東光高岳	プライム（内国株式）	3650	電気機器	9	電機・精密	7	TOPIX Small 2	7660.0	1.75	134.0	1.75	134.0	1.75	配当あり	いいえ	18.25	1.81	1222.6	8850.0	2335.0	Industrials			OK	通常掲載可	OK	112093.0	8.71	5.13	56.45	0.04	4744.0	419.77	31.92	10.31	2
6619	ダブル・スコープ	プライム（内国株式）	3650	電気機器	9	電機・精密	7	TOPIX Small 2	189.0						配当未取得			0.28	114.0	362.0	147.0	Industrials	配当未取得	1株配当が取得できていない	除外推奨	掲載非推奨	OK_配当データ要確認	3630.0	-135.51	-88.31	78.71	0.2	-390.0	-242.56		-27.15	0
6620	宮越ホールディングス	プライム（内国株式）	8050	不動産業	17	不動産	7	TOPIX Small 2	799.0						配当未取得			1.3	319.7	1825.0	547.0	Financial Services	配当未取得	1株配当が取得できていない	除外推奨	掲載非推奨	OK_配当データ要確認	391.0	-85.17	-62.04	92.49		-1280.0	-40.75		-7.64	
6622	ダイヘン	プライム（内国株式）	3650	電気機器	9	電機・精密	6	TOPIX Small 1	18550.0	1.13	210.0	1.16	210.0	1.13	配当あり	いいえ	31.33	2.84	4379.1	19790.0	6260.0	Industrials			OK	通常掲載可	OK	237735.0	7.9	5.02	48.11	0.55	-8223.0	592.04	35.47	9.66	1
6625	ＪＡＬＣＯホールディングス	スタンダード（内国株式）	8050	不動産業	17	不動産	-	-	344.0	5.23	18.0	5.37	18.0	5.23	配当あり	いいえ	21.09	2.01	380.4	448.0	292.0	Technology			OK	通常掲載可	OK	16996.0	28.69	147.79	20.67	3.37	-8650.6	16.31	110.36	9.47	0
6626	ＳＥＭＩＴＥＣ	スタンダード（内国株式）	3650	電気機器	9	電機・精密	-	-	2039.0	5.05	103.0	5.03	103.0	5.05	配当あり	いいえ	7.38	0.82	195.7	3005.0	1936.0	Technology			OK	通常掲載可	OK	25458.4	13.89	0.49	77.4	0.1	2906.8	276.28	37.28	11.43	5
6627	テラプローブ	スタンダード（内国株式）	3650	電気機器	9	電機・精密	-	-	14300.0	0.77	110.0	0.82	110.0	0.77	配当あり	いいえ	38.69	5.89	1300.9	14960.0	3050.0	Technology			OK	通常掲載可	OK	41746.4	21.3	12.5	40.24	0.72	-9736.0	369.6	29.76	7.16	0
6629	テクノホライゾン	スタンダード（内国株式）	3650	電気機器	9	電機・精密	-	-	1023.0	6.45	66.0	6.61	66.0	6.45	配当あり	いいえ	5.46	1.12	137.9	1569.0	356.0	Technology			OK	通常掲載可	OK	51380.6	4.54	1.49	31.15	1.11	3637.9	187.21	35.25	22.01	1
6630	ヤーマン	プライム（内国株式）	3650	電気機器	9	電機・精密	6	TOPIX Small 1	720.0	1.25	9.0	1.2	9.0	1.25	配当あり	いいえ		1.63	396.2	866.0	661.0	Consumer Defensive			OK	通常掲載可	OK	25040.0	2.53	0.0	87.43	0.0	1859.0	-8.64			1
6632	ＪＶＣケンウッド	プライム（内国株式）	3650	電気機器	9	電機・精密	4	TOPIX Mid400	1101.0	1.82	20.0	1.78	20.0	1.82	配当あり	いいえ	10.07	1.08	1565.4	1456.5	1047.0	Consumer Cyclical			OK	通常掲載可	OK	356865.0	5.83	-3.63	41.38	0.48	11189.0	109.33	18.29	12.07	0
6633	ＣＧＳホールディングス	スタンダード（内国株式）	3650	電気機器	9	電機・精密	-	-	329.0	3.04	10.0	3.05	10.0	3.04	配当あり	いいえ	11.84	0.95	31.3	418.0	307.0	Technology			OK	通常掲載可	OK	4982.1	6.88	26.85	47.25	0.0	176.3	27.78	36.0	8.81	0
6634	ＪＮグループ	スタンダード（内国株式）	3650	電気機器	9	電機・精密	-	-	62.0						配当未取得			0.92	28.6	214.0	50.0	Technology	配当未取得	1株配当が取得できていない	除外推奨	掲載非推奨	OK_配当データ要確認	3562.2	-6.28	67.22	2.17	1.44	-48.7	-19.42		-35.62	
6635	大日光・エンジニアリング	スタンダード（内国株式）	3650	電気機器	9	電機・精密	-	-	717.0	2.23	16.0	2.24	16.0	2.23	配当あり	いいえ	22.78	0.65	47.5	1193.0	466.0	Technology			OK	通常掲載可	OK	36954.6	1.73	-5.15	24.07	1.69	1642.4	31.48	50.83	4.55	1
6637	寺崎電気産業	スタンダード（内国株式）	3650	電気機器	9	電機・精密	-	-	3350.0	1.67	56.0	1.67	56.0	1.67	配当あり	いいえ	10.28	0.74	410.9	5370.0	3180.0	Industrials			OK	通常掲載可	OK	62858.8	9.86	11.44	68.1	0.08	-1508.2	325.96	17.18	7.84	4
6638	ミマキエンジニアリング	プライム（内国株式）	3650	電気機器	9	電機・精密	7	TOPIX Small 2	1821.0	3.02	55.0	3.08	55.0	3.02	配当あり	いいえ	7.66	1.32	527.4	2237.0	1450.0	Technology			OK	通常掲載可	OK	83725.4	11.26	-0.28	48.13	0.6	1224.7	237.64	23.14	18.68	3
6643	戸上電機製作所	スタンダード（内国株式）	3650	電気機器	9	電機・精密	-	-	5410.0	2.4	130.0	2.37	130.0	2.4	配当あり	いいえ	9.74	1.04	250.8	7250.0	3440.0	Industrials			OK	通常掲載可	OK	30746.1	12.19	11.2	72.24	0.03	1533.0	555.61	23.4	11.49	4
6644	大崎電気工業	プライム（内国株式）	3650	電気機器	9	電機・精密	7	TOPIX Small 2	1513.0	2.64	40.0	2.69	40.0	2.64	配当あり	いいえ	11.91	1.17	667.3	2213.0	950.0	Technology			OK	通常掲載可	OK	100900.0	6.47	3.91	57.36	0.03	3435.0	127.05	31.48	10.16	1
6645	オムロン	プライム（内国株式）	3650	電気機器	9	電機・精密	4	TOPIX Mid400	6002.0	1.73	104.0	1.79	104.0	1.73	配当あり	いいえ	33.33	1.41	11801.7	6383.0	3503.0	Technology			OK	通常掲載可	OK	767351.0	7.19	7.26	55.13	0.29	7814.0	180.06	57.76	3.82	0
6647	森尾電機	スタンダード（内国株式）	3650	電気機器	9	電機・精密	-	-	2735.0	2.19	60.0	2.22	60.0	2.19	配当あり	いいえ	5.62	0.6	36.2	3160.0	1729.0	Industrials			OK	通常掲載可	OK	8639.0	9.91	-6.23	63.46	0.28	-183.5	487.08	12.32	11.55	2
6648	かわでん	スタンダード（内国株式）	3650	電気機器	9	電機・精密	-	-	1851.0	3.57	66.0	3.65	66.0	3.57	配当あり	いいえ	9.88	3.76	296.4	2780.0	845.0	Industrials			OK	通常掲載可	OK	26491.1	15.54	9.38	73.26	0.05	4070.6	187.32	35.23	1.11	2
6651	日東工業	プライム（内国株式）	3650	電気機器	9	電機・精密	6	TOPIX Small 1	4765.0	3.23	154.0	3.23	154.0	3.23	配当あり	いいえ	15.72	1.46	1807.7	5090.0	3080.0	Industrials			OK	通常掲載可	OK	195783.0	7.89	6.01	66.76	0.2	18347.0	303.05	50.82	9.52	0
6652	ＩＤＥＣ	プライム（内国株式）	3650	電気機器	9	電機・精密	6	TOPIX Small 1	3300.0	3.94	130.0	3.99	130.0	3.94	配当あり	いいえ	25.18	1.39	976.5	3790.0	2184.0	Industrials			OK	通常掲載可	OK	72967.0	8.39	8.29	61.56	0.39	2065.0	131.05	99.2	5.79	0
6653	正興電機製作所	プライム（内国株式）	3650	電気機器	9	電機・精密	-	-	2420.0	2.27	55.0	2.33	55.0	2.27	配当あり	いいえ	15.7	1.7	327.3	2855.0	1358.0	Technology			OK	通常掲載可	OK	31380.0	8.34	7.84	52.1	0.05	2113.0	154.15	35.68	13.25	3
6654	不二電機工業	スタンダード（内国株式）	3650	電気機器	9	電機・精密	-	-	1120.0	2.86	32.0	2.84	32.0	2.86	配当あり	いいえ	25.31	0.56	58.1	1139.0	1040.0	Industrials			OK	通常掲載可	OK	3927.4	7.69	5.48	92.55	0.01	310.8	44.25	72.32	2.1	0
6656	インスペック	スタンダード（内国株式）	3650	電気機器	9	電機・精密	-	-	1196.0						配当未取得		62.26	4.1	48.0	1588.0	499.0	Technology	配当未取得	1株配当が取得できていない	除外推奨	掲載非推奨	OK_配当データ要確認	2237.8	4.86	34.13	31.94	1.75	477.2	19.21		-56.28	0
6658	シライ電子工業	スタンダード（内国株式）	3650	電気機器	9	電機・精密	-	-	456.0	4.39	20.0	4.44	20.0	4.39	配当あり	いいえ	5.21	0.62	68.4	845.0	415.0	Technology			OK	通常掲載可	OK	29118.0	6.97	-0.75	57.13	0.19	1352.0	87.48	22.86	12.48	3
6659	メディアリンクス	スタンダード（内国株式）	3650	電気機器	9	電機・精密	-	-	57.0						配当未取得			1.69	44.8	115.0	32.0	Technology	配当未取得	1株配当が取得できていない	除外推奨	掲載非推奨	OK_配当データ要確認	2337.1	-37.5	-16.22	81.89	0.03	-474.2	-21.57		-58.6	
6662	ユビテック	スタンダード（内国株式）	3650	電気機器	9	電機・精密	-	-	217.0						配当未取得			2.15	32.1	300.0	203.0	Technology	配当未取得	1株配当が取得できていない	除外推奨	掲載非推奨	OK_配当データ要確認	1016.1	-24.21	3.15	83.59		-583.3	-22.43		-20.23	0
6663	太洋テクノレックス	スタンダード（内国株式）	3650	電気機器	9	電機・精密	-	-	327.0	0.92	3.0	0.96	3.0	0.92	配当あり	いいえ	13.62	0.73	19.6	463.0	240.0	Technology			OK	通常掲載可	OK	3751.7	3.8	6.6	58.39	0.21	-108.9	24.0	12.5	6.01	1
6664	オプトエレクトロニクス	スタンダード（内国株式）	3650	電気機器	9	電機・精密	-	-	238.0						配当未取得			0.47	35.0	451.0	230.0	Technology	配当未取得	1株配当が取得できていない	除外推奨	掲載非推奨	OK_配当データ要確認	6772.5	-3.76	6.78	45.56	1.02	-106.6	-37.53		-6.53	0
6666	リバーエレテック	スタンダード（内国株式）	3650	電気機器	9	電機・精密	-	-	976.0	1.02	10.0	1.06	10.0	1.02	配当あり	いいえ		1.75	80.3	1474.0	358.0	Technology			OK	通常掲載可	OK	5784.9	-1.22	1.51	42.83	1.02	-124.4	-1.56		-0.26	0
6668	アドテック　プラズマ　テクノロジー	スタンダード（内国株式）	3650	電気機器	9	電機・精密	-	-	4195.0	0.57	24.0	0.6	24.0	0.57	配当あり	いいえ	20.83	2.56	358.1	4470.0	1159.0	Industrials			OK	通常掲載可	OK	12680.0	38.03	12.23	48.42	0.93	3077.0	201.36	11.92	12.41	1
6670	ＭＣＪ	スタンダード（内国株式）	3650	電気機器	9	電機・精密	-	-							配当未取得								yfinanceデータなし	yfinanceで株価・配当データが取得できなかった	除外推奨	掲載非推奨	データなし										
6674	ジーエス・ユアサ　コーポレーション	プライム（内国株式）	3650	電気機器	9	電機・精密	4	TOPIX Mid400	6667.0	1.47	98.0	1.52	98.0	1.47	配当あり	いいえ	21.26	1.69	6688.3	7899.0	2600.0	Consumer Cyclical			OK	通常掲載可	OK	580340.0	8.62	3.1	50.03	0.33	-26955.0	313.6	31.25	11.38	2
6675	サクサ	スタンダード（内国株式）	3650	電気機器	9	電機・精密	-	-	1915.0	2.4	46.0	2.43	46.0	2.4	配当あり	いいえ	23.92	1.1	333.7	2776.67	1333.33	Technology			OK	通常掲載可	OK	44099.0	4.74	0.08	61.18	0.2	217.0	80.05	57.46	4.33	3
6676	ＢＵＦＦＡＬＯ	スタンダード（内国株式）	3650	電気機器	9	電機・精密	7	TOPIX Small 2	2469.0	2.43	60.0	2.45	60.0	2.43	配当あり	いいえ	7.66	1.36	585.3	2785.0	1104.5	Technology			OK	通常掲載可	OK	117312.0	7.87	-18.03	60.18	0.04	3295.0	322.2	18.62	18.34	0
6677	エスケーエレクトロニクス	スタンダード（内国株式）	3650	電気機器	9	電機・精密	-	-	3580.0	4.25	152.0	4.38	152.0	4.25	配当あり	いいえ	12.39	1.05	372.2	3670.0	2660.0	Technology			OK	通常掲載可	OK	29187.2	13.21	13.45	81.35	0.0	195.5	288.91	52.61	8.52	1
6678	テクノメディカ	スタンダード（内国株式）	3650	電気機器	9	電機・精密	7	TOPIX Small 2	1968.0	4.73	93.0	4.73	93.0	4.73	配当あり	いいえ	12.67	0.93	131.2	2787.0	1830.0	Healthcare			OK	通常掲載可	OK	11236.6	14.85	13.43	80.21		1059.4	155.28	59.89	7.43	0
6694	ズーム	スタンダード（内国株式）	3650	電気機器	9	電機・精密	-	-	632.0	5.06	32.0	5.06	32.0	5.06	配当あり	いいえ		0.5	27.3	705.0	601.0	Technology			OK	通常掲載可	OK	17437.0	-0.33	-3.51	30.1	1.49	158.2	-398.85		-18.99	2
6696	トラース・オン・プロダクト	グロース（内国株式）	3650	電気機器	9	電機・精密	-	-	291.0						配当未取得			4.56	14.0	588.0	236.0	Technology	配当未取得	1株配当が取得できていない	除外推奨	掲載非推奨	OK_配当データ要確認	485.9	-7.44	18.09	62.19	0.43	-66.3	-11.29			
6699	ダイヤモンドエレクトリックホールディングス	スタンダード（内国株式）	3650	電気機器	9	電機・精密	7	TOPIX Small 2	464.0	5.39	25.0	5.43	25.0	5.39	配当あり	いいえ	4.93	0.3	50.8	758.0	451.0	Consumer Cyclical			OK	通常掲載可	OK	91724.0	2.48	-1.72	14.37	3.38	2204.0	94.12	26.56	6.4	1
6701	日本電気	プライム（内国株式）	3650	電気機器	9	電機・精密	2	TOPIX Large70	3981.0	1.0	40.0	1.02	40.0	1.0	配当あり	いいえ	19.62	2.4	52801.8	6194.0	3606.0	Technology			OK	通常掲載可	OK	3582733.0	10.05	4.65	49.18	0.22	346907.0	202.92	19.71	12.56	7
6702	富士通	プライム（内国株式）	3650	電気機器	9	電機・精密	2	TOPIX Large70	3237.0	1.7	55.0	1.69	55.0	1.7	配当あり	いいえ	18.59	2.77	56154.8	4668.0	3016.0	Technology			OK	通常掲載可	OK	3502971.0	9.94	-1.33	59.56	0.07	229153.0	174.15	31.58	15.62	7
6703	沖電気工業	プライム（内国株式）	3650	電気機器	9	電機・精密	6	TOPIX Small 1	3395.0	1.91	65.0	1.86	65.0	1.91	配当あり	いいえ	14.1	1.63	2945.0	3970.0	1455.0	Technology			OK	通常掲載可	OK	421635.0	4.47	-6.81	40.5	0.52	6101.0	240.71	27.0	13.19	2
6706	電気興業	プライム（内国株式）	3650	電気機器	9	電機・精密	7	TOPIX Small 2	3060.0	3.43	105.0	3.45	105.0	3.43	配当あり	いいえ	14.18	0.73	266.8	3625.0	1858.0	Technology			OK	通常掲載可	OK	35445.0	3.44	8.79	69.22	0.16	-4066.0	215.84	48.65	5.19	1
6707	サンケン電気	プライム（内国株式）	3650	電気機器	9	電機・精密	4	TOPIX Mid400	11690.0						配当未取得			1.95	2336.9	11835.0	4883.0	Technology	配当未取得	1株配当が取得できていない	除外推奨	掲載非推奨	OK_配当データ要確認	80175.0	-5.9	-34.08	50.1	0.67	-13813.0	-473.2		-7.31	0
6718	アイホン	プライム（内国株式）	3650	電気機器	9	電機・精密	7	TOPIX Small 2	2705.0	4.81	130.0	4.84	130.0	4.81	配当あり	いいえ	17.83	0.63	442.7	3130.0	2620.0	Technology			OK	通常掲載可	OK	62983.0	4.45	-0.53	87.59	0.0	-1247.0	151.75	85.67	3.6	0
6721	ウインテスト	スタンダード（内国株式）	3650	電気機器	9	電機・精密	-	-	89.0						配当未取得			13.88	49.2	177.0	69.0	Technology	配当未取得	1株配当が取得できていない	除外推奨	掲載非推奨	OK_配当データ要確認	429.1	-284.04	2.87	37.36	0.61	-781.9	-23.45		-238.39	
6723	ルネサスエレクトロニクス	プライム（内国株式）	3650	電気機器	9	電機・精密	2	TOPIX Large70	5123.0	0.55	28.0	0.55	28.0	0.55	配当あり	いいえ		3.66	92946.3	5284.0	1656.5	Technology			OK	通常掲載可	OK	1321212.0	15.23	-2.02	58.49	0.49	319087.0	-30.74		-0.39	0
6724	セイコーエプソン	プライム（内国株式）	3650	電気機器	9	電機・精密	4	TOPIX Mid400	2712.0	2.95	80.0	2.97	80.0	2.95	配当あり	いいえ	47.4	1.02	8690.0	3129.0	1840.5	Technology			OK	通常掲載可	OK	1413251.0	3.51	3.69	55.61	0.27	51523.0	57.22	139.81	2.19	0
6727	ワコム	プライム（内国株式）	3650	電気機器	9	電機・精密	6	TOPIX Small 1	770.0	3.12	24.0	3.11	24.0	3.12	配当あり	いいえ	10.84	2.77	1029.6	949.0	651.0	Technology			OK	通常掲載可	OK	109995.0	12.17	-4.91	57.6	0.06	8398.0	71.01	33.8	27.97	1
6728	アルバック	プライム（内国株式）	3650	電気機器	9	電機・精密	4	TOPIX Mid400	11130.0	1.37	152.0	1.47	152.0	1.37	配当あり	いいえ	40.82	2.38	5473.0	11420.0	5173.0	Industrials			OK	通常掲載可	OK	251184.0	10.56	-3.8	59.58	0.21	23463.0	272.69	55.74	6.09	2
6730	アクセル	スタンダード（内国株式）	3650	電気機器	9	電機・精密	7	TOPIX Small 2	1175.0	3.49	41.0	3.49	41.0	3.49	配当あり	いいえ	9.91	0.93	126.5	1434.0	938.0	Technology			OK	通常掲載可	OK	14656.0	11.36	-3.86	84.42		137.0	118.56	34.58	9.35	0
6731	ピクセラ	スタンダード（内国株式）	3650	電気機器	9	電機・精密	-	-	104.0						配当未取得			1.15	16.8	1390.0	96.0	Technology	配当未取得	1株配当が取得できていない	除外推奨	掲載非推奨	OK_配当データ要確認	1001.1	-79.51	-13.93	75.09	0.01	-1029.7	-96.5		-150.98	
6736	サン電子	スタンダード（内国株式）	3650	電気機器	9	電機・精密	-	-	8790.0	0.57	50.0	0.58	50.0	0.57	配当あり	いいえ	19.46	3.93	1891.4	12200.0	5190.0	Technology			OK	通常掲載可	OK	9907.1	-0.15	-8.58	89.8	0.05	1373.7	451.81	11.07	20.18	0
6737	ＥＩＺＯ	プライム（内国株式）	3650	電気機器	9	電機・精密	6	TOPIX Small 1	2507.0	4.59	115.0	4.62	115.0	4.59	配当あり	いいえ	13.77	0.72	991.1	2680.0	2022.0	Technology			OK	通常掲載可	OK	81308.0	2.91	1.01	77.15	0.04	939.0	182.01	63.18	5.61	3
6740	ジャパンディスプレイ	プライム（内国株式）	3650	電気機器	9	電機・精密	7	TOPIX Small 2	54.0						配当未取得			-45.08	2303.4	164.0	17.0	Technology	配当未取得	1株配当が取得できていない	除外推奨	掲載非推奨	OK_配当データ要確認	132328.0	-14.13	-29.62	-5.97		-23286.0	-3.2			
6741	日本信号	プライム（内国株式）	3650	電気機器	9	電機・精密	7	TOPIX Small 2	1550.0	3.61	56.0	3.58	56.0	3.61	配当あり	いいえ	8.34	0.85	966.7	1809.0	1008.0	Industrials			OK	通常掲載可	OK	114071.0	10.26	6.75	66.39	0.14	1580.0	185.88	30.13	10.69	2
6742	京三製作所	プライム（内国株式）	3650	電気機器	9	電機・精密	7	TOPIX Small 2	923.0	2.93	27.0	2.89	27.0	2.93	配当あり	いいえ	11.49	1.02	569.7	1030.0	486.0	Technology			OK	通常掲載可	OK	93122.0	4.84	9.08	46.7	0.56	2413.0	80.3	33.62	9.39	2
6743	大同信号	スタンダード（内国株式）	3650	電気機器	9	電機・精密	-	-	806.0	4.47	36.0	4.53	36.0	4.47	配当あり	いいえ	7.03	0.46	128.0	973.0	500.0	Industrials			OK	通常掲載可	OK	21914.1	5.26	5.51	53.5	0.26	-1752.1	114.69	31.39	6.21	1
6744	能美防災	プライム（内国株式）	3650	電気機器	9	電機・精密	6	TOPIX Small 1	4120.0	2.82	116.0	2.84	116.0	2.82	配当あり	いいえ	17.64	1.75	2425.2	5020.0	3400.0	Industrials			OK	通常掲載可	OK	139657.0	13.14	4.46	76.21	0.0	14552.0	233.6	49.66	10.15	6
6745	ホーチキ	プライム（内国株式）	3650	電気機器	9	電機・精密	7	TOPIX Small 2	1895.0	2.11	40.0	2.06	40.0	2.11	配当あり	いいえ	15.41	1.9	1413.8	2357.0	992.33	Industrials			OK	通常掲載可	OK	105855.0	11.4	4.91	69.84	0.02	8645.0	122.99	32.52	14.68	1
6748	星和電機	スタンダード（内国株式）	3650	電気機器	9	電機・精密	-	-	701.0	2.85	20.0	2.86	20.0	2.85	配当あり	いいえ	7.37	0.77	90.3	960.0	556.0	Industrials			OK	通常掲載可	OK	25385.6	6.49	0.68	63.06	0.19	1690.7	95.06	21.04	13.54	1
6750	エレコム	プライム（内国株式）	3650	電気機器	9	電機・精密	6	TOPIX Small 1	1789.0	3.24	58.0	3.24	58.0	3.24	配当あり	いいえ	6.91	1.33	1440.8	2056.0	1548.0	Technology			OK	通常掲載可	OK	132132.0	11.75	11.97	74.5	0.0	5124.0	259.01	22.39	21.16	11
6752	パナソニック　ホールディングス	プライム（内国株式）	3650	電気機器	9	電機・精密	2	TOPIX Large70	4770.0	1.13	54.0	1.2	54.0	1.13	配当あり	いいえ	55.56	2.14	111372.1	4770.0	1410.5	Technology			OK	通常掲載可	OK	8048722.0	2.61	-4.84	51.23	0.31	-67287.0	85.86	62.89	4.07	4
6753	シャープ	プライム（内国株式）	3650	電気機器	9	電機・精密	4	TOPIX Mid400	636.2						配当未取得		8.71	1.47	4130.9	908.5	534.4	Technology	配当未取得	1株配当が取得できていない	除外推奨	掲載非推奨	OK_配当データ要確認	1892811.0	2.57	-12.38	19.73	1.55	-33717.0	73.08		20.86	2
6754	アンリツ	プライム（内国株式）	3650	電気機器	9	電機・精密	4	TOPIX Mid400	4688.0	1.07	50.0	1.14	50.0	1.07	配当あり	いいえ	51.52	4.52	6000.3	4855.0	1590.0	Technology			OK	通常掲載可	OK	117462.0	12.63	3.97	76.6	0.03	12607.0	91.0	54.95	9.09	0
6757	ＯＳＧコーポレーション	スタンダード（内国株式）	3650	電気機器	9	電機・精密	-	-	825.0	4.85	40.0	4.9	40.0	4.85	配当あり	いいえ	40.22	1.83	43.1	1018.0	788.0	Industrials			OK	通常掲載可	OK	8185.2	2.54	3.22	38.36	0.81	-355.6	20.51	195.03	0.11	0
6758	ソニーグループ	プライム（内国株式）	3650	電気機器	9	電機・精密	1	TOPIX Core30	3250.0	1.08	35.0	1.07	35.0	1.08	配当あり	いいえ	19.12	2.36	191420.7	4776.0	3043.0	Technology			OK	通常掲載可	OK	12479620.0	12.45	3.7	51.77	0.21	1487936.0	169.98	20.59	12.34	10
6762	ＴＤＫ	プライム（内国株式）	3650	電気機器	9	電機・精密	2	TOPIX Large70	3700.0	1.08	40.0	1.12	40.0	1.08	配当あり	いいえ	34.72	3.21	70231.7	4315.0	1582.5	Technology			OK	通常掲載可	OK	2504820.0	10.88	13.61	49.54	0.28	209081.0	106.56	37.54	9.92	8
6763	帝国通信工業	プライム（内国株式）	3650	電気機器	9	電機・精密	7	TOPIX Small 2	2959.0	4.39	130.0	4.46	130.0	4.39	配当あり	いいえ	21.44	0.95	273.2	3280.0	2215.0	Industrials			OK	通常掲載可	OK	17256.8	6.71	2.78	82.53	0.0	-1320.8	138.02	94.19	4.6	2
6768	タムラ製作所	プライム（内国株式）	3650	電気機器	9	電機・精密	6	TOPIX Small 1	959.0	1.67	16.0	1.71	16.0	1.67	配当あり	いいえ		1.21	763.1	1135.0	471.0	Technology			OK	通常掲載可	OK	123559.0	4.28	8.34	47.45	0.61	-2726.0	-17.74		-2.22	1
6769	ザインエレクトロニクス	スタンダード（内国株式）	3650	電気機器	9	電機・精密	-	-	1117.0	1.34	15.0	1.35	15.0	1.34	配当あり	いいえ		1.4	117.4	1393.0	775.0	Technology			OK	通常掲載可	OK	4639.4	-7.39	0.55	91.29		-707.6	-31.3		-4.98	0
6770	アルプスアルパイン	プライム（内国株式）	3650	電気機器	9	電機・精密	4	TOPIX Mid400	2098.0	3.05	64.0	3.13	64.0	3.05	配当あり	いいえ	15.17	0.91	4093.5	2395.5	1467.0	Technology			OK	通常掲載可	OK	990407.0		2.73	55.89	0.24	15199.0	138.26	46.29	6.31	1
6771	池上通信機	スタンダード（内国株式）	3650	電気機器	9	電機・精密	-	-	638.0	2.35	15.0	2.38	15.0	2.35	配当あり	いいえ	10.73	0.29	40.9	874.0	580.0	Technology			OK	通常掲載可	OK	21329.0	1.91	2.87	47.81	0.7	377.0	59.46	25.23	2.69	0
6772	東京コスモス電機	スタンダード（内国株式）	3650	電気機器	9	電機・精密	-	-	1110.0	3.6	40.0	3.6	40.0	3.6	配当あり	いいえ	270.07	0.97	75.0	1890.0	1067.0	Technology			OK	通常掲載可	OK	9601.0	4.76	-8.62	67.06	0.16	251.7	4.11	973.24	0.37	4
6775	ＴＢグループ	スタンダード（内国株式）	3650	電気機器	9	電機・精密	-	-	118.0						配当未取得			3.45	17.5	233.0	110.0	Technology	配当未取得	1株配当が取得できていない	除外推奨	掲載非推奨	OK_配当データ要確認	2460.7	-3.37	5.62	34.76	0.9	-12.4	-13.96		-36.04	
6776	天昇電気工業	スタンダード（内国株式）	3200	化学	4	素材・化学	-	-	268.0	1.87	5.0	1.87	5.0	1.87	配当あり	いいえ	9.03	0.41	45.6	314.0	249.0	Consumer Cyclical			OK	通常掲載可	OK	21877.0	3.31	-21.55	52.39	0.34	771.0	29.67	16.85	4.66	0
6777	ｓａｎｔｅｃ　Ｈｏｌｄｉｎｇｓ	スタンダード（内国株式）	3650	電気機器	9	電機・精密	-	-	25800.0	0.89	230.0	0.86	230.0	0.89	配当あり	いいえ	39.6	10.9	3034.2	34700.0	5060.0	Technology			OK	通常掲載可	OK	31507.1	32.77	31.13	71.16	0.1	6526.9	651.46	35.31	31.13	5
6778	アルチザネットワークス	スタンダード（内国株式）	3650	電気機器	9	電機・精密	-	-	690.0	3.62	25.0	3.68	25.0	3.62	配当あり	いいえ	33.33	0.89	60.6	695.0	554.0	Technology			OK	通常掲載可	OK	2819.6	1.15	-31.45	78.32	0.21	207.8	20.7	120.77	3.29	0
6779	日本電波工業	プライム（内国株式）	3650	電気機器	9	電機・精密	7	TOPIX Small 2	3760.0	0.8	30.0	0.88	30.0	0.8	配当あり	いいえ	41.9	2.7	862.1	5010.0	720.0	Technology			OK	通常掲載可	OK	54629.0	6.14	2.95	41.82	0.93	-2536.0	89.74	33.43	6.76	0
6785	鈴木	プライム（内国株式）	3650	電気機器	9	電機・精密	7	TOPIX Small 2	3305.0	3.63	120.0	3.69	120.0	3.63	配当あり	いいえ	15.06	1.52	474.6	3510.0	1738.0	Technology			OK	通常掲載可	OK	33322.8	12.88	20.19	67.69	0.09	2626.9	219.39	54.7	14.16	4
6786	ＲＶＨ	スタンダード（内国株式）	9050	サービス業	10	情報通信・サービスその他	-	-	51.0						配当未取得		43.97	1.65	12.9	146.0	46.0	Technology	配当未取得	1株配当が取得できていない	除外推奨	掲載非推奨	OK_配当データ要確認	1469.5	-3.45	15.09	71.33	0.15	-224.0	1.16		3.79	
6787	メイコー	プライム（内国株式）	3650	電気機器	9	電機・精密	6	TOPIX Small 1	29520.0	0.54	160.0	0.52	160.0	0.54	配当あり	いいえ	38.87	5.56	7576.8	45300.0	6440.0	Technology			OK	通常掲載可	OK	240574.0	10.21	16.33	40.64	0.89	-22479.0	759.5	21.07	15.38	5
6788	日本トリム	プライム（内国株式）	3650	電気機器	9	電機・精密	7	TOPIX Small 2	4450.0	2.92	130.0	2.91	130.0	2.92	配当あり	いいえ	16.52	1.39	330.8	5190.0	4005.0	Industrials			OK	通常掲載可	OK	24159.4	12.17	7.55	65.83	0.05	2202.7	269.4	48.26	8.9	1
6794	フォスター電機	プライム（内国株式）	3650	電気機器	9	電機・精密	7	TOPIX Small 2	3045.0	3.94	120.0	3.92	120.0	3.94	配当あり	いいえ	13.85	1.01	684.1	3500.0	1513.0	Technology			OK	通常掲載可	OK	134910.0	5.69	-1.96	60.32	0.13	132.0	219.85	54.58	8.94	3
6797	名古屋電機工業	スタンダード（内国株式）	3650	電気機器	9	電機・精密	-	-	1169.0	3.85	45.0	3.9	45.0	3.85	配当あり	いいえ	8.94	0.57	137.4	1370.0	1063.0	Industrials			OK	通常掲載可	OK	17307.4	10.11	0.26	82.06		3512.2	130.81	34.4	6.54	
6798	ＳＭＫ	プライム（内国株式）	3650	電気機器	9	電機・精密	7	TOPIX Small 2	3135.0	3.19	100.0	3.18	100.0	3.19	配当あり	いいえ	357.06	0.64	198.4	3735.0	2184.0	Technology			OK	通常掲載可	OK	48204.0	0.89	0.32	54.07	0.46	-248.0	8.78	1138.95	0.18	1
6800	ヨコオ	プライム（内国株式）	3650	電気機器	9	電機・精密	7	TOPIX Small 2	6140.0	1.04	64.0	1.05	64.0	1.04	配当あり	いいえ	36.63	2.38	1431.3	6510.0	1327.0	Technology			OK	通常掲載可	OK	90090.0	5.57	8.69	67.4	0.19	777.0	167.62	38.18	6.94	1
6803	ティアック	スタンダード（内国株式）	3650	電気機器	9	電機・精密	-	-	101.0	0.99	1.0	1.03	1.0	0.99	配当あり	いいえ	35.82	0.71	29.1	139.0	85.0	Technology			OK	通常掲載可	OK	15668.0	2.16	-1.72	38.42	0.88	1061.0	2.82	35.46	15.15	0
6804	ホシデン	プライム（内国株式）	3650	電気機器	9	電機・精密	6	TOPIX Small 1	2730.0	2.78	76.0	2.82	76.0	2.78	配当あり	いいえ	9.09	0.89	1344.1	3020.0	2167.0	Industrials			OK	通常掲載可	OK	448250.0	4.29	81.06	69.79	0.07	26629.0	300.45	25.3	11.15	1
6806	ヒロセ電機	プライム（内国株式）	3650	電気機器	9	電機・精密	4	TOPIX Mid400	29635.0	1.75	520.0	1.8	520.0	1.75	配当あり	いいえ	29.07	2.56	9697.0	32210.0	16280.0	Technology			OK	通常掲載可	OK	211264.0	20.35	11.53	87.68	0.02	25856.0	1019.44	51.01	8.86	1
6807	日本航空電子工業	プライム（内国株式）	3650	電気機器	9	電機・精密	6	TOPIX Small 1	2350.0	2.13	50.0	2.16	50.0	2.13	配当あり	いいえ	22.03	1.1	1584.6	2928.0	2189.0	Technology			OK	通常掲載可	OK	227872.0	3.92	2.81	62.19	0.29	-6758.0	106.69	46.86	5.08	0
6809	ＴＯＡ	プライム（内国株式）	3650	電気機器	9	電機・精密	7	TOPIX Small 2	1552.0	5.8	90.0	5.75	90.0	5.8	配当あり	いいえ	14.65	0.92	538.5	1926.0	984.0	Industrials			OK	通常掲載可	OK	55386.0	8.41	9.4	75.96	0.02	5136.0	105.95	84.95	6.53	1
6810	マクセル	プライム（内国株式）	3650	電気機器	9	電機・精密	6	TOPIX Small 1	2115.0	2.65	56.0	2.63	56.0	2.65	配当あり	いいえ	10.55	0.9	779.6	2548.0	1817.0	Technology			OK	通常掲載可	OK	129429.0	6.1	-0.29	48.24	0.43	52.0	200.5	27.93	9.11	0
6814	古野電気	プライム（内国株式）	3650	電気機器	9	電機・精密	6	TOPIX Small 1	5610.0	2.85	160.0	2.81	160.0	2.85	配当あり	いいえ	10.59	1.98	1773.3	10020.0	3610.0	Technology			OK	通常掲載可	OK	140616.0	11.55	10.76	63.2	0.16	16513.0	529.74	30.2	20.66	3
6817	スミダコーポレーション	プライム（内国株式）	3650	電気機器	9	電機・精密	7	TOPIX Small 2	1420.0	3.73	53.0	3.87	53.0	3.73	配当あり	いいえ	12.53	0.75	470.0	1626.0	925.0	Technology			OK	通常掲載可	OK	147194.0	5.05	2.23	37.89	1.03	9110.0	113.32	46.77	6.12	0
6819	伊豆シャボテンリゾート	スタンダード（内国株式）	9050	サービス業	10	情報通信・サービスその他	-	-	465.0	4.3	20.0	4.35	20.0	4.3	配当あり	いいえ	10.31	1.36	86.0	523.0	440.0	Consumer Cyclical			OK	通常掲載可	OK	5591.9	20.87	1.86	81.32	0.05	986.9	45.08	44.37	13.86	1
6820	アイコム	プライム（内国株式）	3650	電気機器	9	電機・精密	7	TOPIX Small 2	3120.0	2.79	87.0	2.84	87.0	2.79	配当あり	いいえ	16.8	0.61	447.8	3595.0	2654.0	Technology			OK	通常掲載可	OK	36959.0	7.9	-1.36	89.16		1364.0	185.74	46.84	3.79	0
6822	大井電気	スタンダード（内国株式）	3650	電気機器	9	電機・精密	-	-	5450.0	1.47	80.0	1.45	80.0	1.47	配当あり	いいえ	5.36	0.81	72.9	6370.0	3040.0	Technology			OK	通常掲載可	OK	32709.6	5.42	12.61	31.84	0.6	633.2	1017.52	7.86	15.07	0
6823	リオン	プライム（内国株式）	3650	電気機器	9	電機・精密	7	TOPIX Small 2	3855.0	2.33	90.0	2.32	90.0	2.33	配当あり	いいえ	16.72	1.37	475.3	4160.0	2480.0	Healthcare			OK	通常掲載可	OK	28502.0	15.3	2.24	80.33		3416.8	230.53	39.04	10.1	2
6824	新コスモス電機	スタンダード（内国株式）	3650	電気機器	9	電機・精密	-	-	5210.0	1.82	95.0	1.85	95.0	1.82	配当あり	いいえ	12.26	1.19	634.0	6110.0	2503.0	Technology			OK	通常掲載可	OK	50091.5	14.68	18.83	72.68	0.08	4420.0	425.08	22.35	10.58	4
6832	アオイ電子	スタンダード（内国株式）	3650	電気機器	9	電機・精密	-	-	2765.0	1.95	54.0	2.0	54.0	1.95	配当あり	いいえ	434.75	0.72	309.7	3240.0	1914.0	Technology			OK	通常掲載可	OK	38323.3	0.8	9.57	68.96	0.23	-10695.7	6.36	849.06	0.16	0
6834	精工技研	スタンダード（内国株式）	3650	電気機器	9	電機・精密	-	-	28890.0	0.42	120.0	0.39	120.0	0.42	配当あり	いいえ	41.5	7.63	2582.6	38150.0	5190.0	Technology			OK	通常掲載可	OK	30087.9	25.7	50.57	81.17		4513.0	696.08	17.24	20.14	0
6835	アライドテレシスホールディングス	スタンダード（内国株式）	3650	電気機器	9	電機・精密	-	-	238.0	4.2	10.0	4.24	10.0	4.2	配当あり	いいえ	8.57	1.16	247.5	381.0	165.0	Technology			OK	通常掲載可	OK	49950.1	8.47	3.08	43.77	0.3	6221.3	27.77	36.01	17.04	2
6836	ぷらっとホーム	スタンダード（内国株式）	3650	電気機器	9	電機・精密	-	-	680.0						配当未取得		142.86	7.25	32.3	1956.0	659.0	Technology	配当未取得	1株配当が取得できていない	除外推奨	掲載非推奨	OK_配当データ要確認	1298.9	0.97	11.27	51.69		-142.4	4.76		5.07	
6837	京写	スタンダード（内国株式）	3650	電気機器	9	電機・精密	-	-	419.0	2.15	9.0	2.43	9.0	2.15	配当あり	いいえ	68.91	0.62	60.4	430.0	284.0	Technology			OK	通常掲載可	OK	24697.0	3.34	-5.84	39.6	0.83	553.0	6.08	148.03	0.76	2
6838	多摩川ホールディングス	スタンダード（内国株式）	3650	電気機器	9	電機・精密	-	-	1738.0	1.15	20.0	1.13	20.0	1.15	配当あり	いいえ	6.38	1.48	158.5	2496.0	657.0	Industrials			OK	通常掲載可	OK	5588.0	4.99	34.52	48.52	0.68	-636.9	272.34	7.34	23.2	0
6840	ＡＫＩＢＡホールディングス	スタンダード（内国株式）	3650	電気機器	9	電機・精密	-	-	773.0						配当未取得		8.04	1.61	71.0	1469.0	258.0	Technology	配当未取得	1株配当が取得できていない	除外推奨	掲載非推奨	OK_配当データ要確認	18272.0	3.92	15.29	25.92	2.08	-542.4	96.12		22.14	
6841	横河電機	プライム（内国株式）	3650	電気機器	9	電機・精密	4	TOPIX Mid400	5714.0	1.61	92.0	1.63	92.0	1.61	配当あり	いいえ	25.1	2.8	14426.3	6317.0	3723.0	Industrials			OK	通常掲載可	OK	604829.0	13.65	7.54	65.36	0.07	58269.0	227.65	40.41	12.12	2
6844	新電元工業	プライム（内国株式）	3650	電気機器	9	電機・精密	7	TOPIX Small 2	3825.0	2.61	100.0	2.65	100.0	2.61	配当あり	いいえ	6.97	0.54	389.4	4265.0	2149.0	Technology			OK	通常掲載可	OK	113836.0	3.38	7.56	50.16	0.61	699.0	548.91	18.22	8.15	0
6845	アズビル	プライム（内国株式）	3650	電気機器	9	電機・精密	4	TOPIX Mid400	1712.5	2.22	38.0	2.21	38.0	2.22	配当あり	いいえ	22.58	3.44	8628.1	1740.5	1241.5	Industrials			OK	通常掲載可	OK	298930.0	15.82	-0.48	76.11	0.04	29889.0	75.83	50.11	15.73	11
6848	東亜ディーケーケー	スタンダード（内国株式）	3650	電気機器	9	電機・精密	-	-	854.0	2.58	22.0	2.52	22.0	2.58	配当あり	いいえ	18.18	0.73	166.6	1080.0	798.0	Technology			OK	通常掲載可	OK	17809.0	2.73	-1.38	78.91	0.04	1619.0	46.97	46.84	4.21	3
6849	日本光電工業	プライム（内国株式）	3650	電気機器	9	電機・精密	4	TOPIX Mid400	1418.5	2.33	33.0	2.31	33.0	2.33	配当あり	いいえ	15.89	1.27	2269.2	1885.5	1323.0	Healthcare			OK	通常掲載可	OK	235099.0	7.97	4.29	70.06	0.14	13197.0	89.25	36.97	8.07	1
6850	チノー	プライム（内国株式）	3650	電気機器	9	電機・精密	7	TOPIX Small 2	1665.0	3.0	50.0	3.08	50.0	3.0	配当あり	いいえ	13.83	1.19	276.1	1874.0	1137.5	Technology			OK	通常掲載可	OK	31648.0	10.2	7.91	56.87	0.18	1291.0	120.43	41.52	8.99	1
6853	共和電業	スタンダード（内国株式）	3650	電気機器	9	電機・精密	-	-	777.0	2.7	21.0	2.7	21.0	2.7	配当あり	いいえ	19.84	1.07	194.8	1012.0	511.0	Technology			OK	通常掲載可	OK	16272.3	8.52	6.01	76.71	0.02	-99.0	39.16	53.63	6.06	5
6855	日本電子材料	スタンダード（内国株式）	3650	電気機器	9	電機・精密	7	TOPIX Small 2	8280.0	0.97	80.0	0.97	80.0	0.97	配当あり	いいえ	18.15	2.7	1212.8	10270.0	2210.0	Technology			OK	通常掲載可	OK	29366.0	24.7	23.24	76.75	0.17	2237.0	456.23	17.54	14.98	2
6856	堀場製作所	プライム（内国株式）	3650	電気機器	9	電機・精密	4	TOPIX Mid400	28680.0	1.05	300.0	1.09	300.0	1.05	配当あり	いいえ	31.15	3.49	12049.0	30100.0	10555.0	Technology			OK	通常掲載可	OK	333081.0	15.92	4.95	67.26	0.19	28241.0	920.63	32.59	11.58	1
6857	アドバンテスト	プライム（内国株式）	3650	電気機器	9	電機・精密	1	TOPIX Core30	32000.0	0.19	60.0	0.19	60.0	0.19	配当あり	いいえ	62.89	29.18	231940.4	35940.0	9744.0	Technology			OK	通常掲載可	OK	1128610.0	44.22	44.75	67.91	0.03	299152.0	508.8	11.79	57.65	2
6858	小野測器	スタンダード（内国株式）	3650	電気機器	9	電機・精密	-	-	887.0	3.38	30.0	3.4	30.0	3.38	配当あり	いいえ	23.69	0.56	92.5	1020.0	556.0	Technology			OK	通常掲載可	OK	13629.0	4.32	15.46	74.88	0.07	16.0	37.44	80.13	2.87	0
6859	エスペック	プライム（内国株式）	3650	電気機器	9	電機・精密	6	TOPIX Small 1	4310.0	3.25	140.0	3.31	140.0	3.25	配当あり	いいえ	15.95	1.5	929.9	4790.0	2893.0	Technology			OK	通常掲載可	OK	70034.0	10.12	4.08	74.05	0.01	3646.0	270.3	51.79	9.96	4
6861	キーエンス	プライム（内国株式）	3650	電気機器	9	電機・精密	1	TOPIX Core30	81630.0	0.67	550.0	0.68	550.0	0.67	配当あり	いいえ	44.25	5.7	197973.3	84170.0	51510.0	Technology			OK	通常掲載可	OK	1169289.0	50.95	10.4	94.57		402309.0	1844.84	29.81	13.53	4
6862	ミナトホールディングス	スタンダード（内国株式）	3650	電気機器	9	電機・精密	-	-	2133.0	0.84	18.0	0.85	18.0	0.84	配当あり	いいえ	7.53	1.96	158.6	4165.0	742.0	Technology			OK	通常掲載可	OK	36572.0	11.57	49.03	25.17	2.09	-6318.3	283.24	6.36	30.13	0
6863	ニレコ	スタンダード（内国株式）	3650	電気機器	9	電機・精密	-	-	2890.0	1.38	40.0	1.4	40.0	1.38	配当あり	いいえ	14.9	1.21	206.9	2904.0	1784.0	Technology			OK	通常掲載可	OK	11023.0	15.43	2.47	82.93	0.03	1861.6	193.92	20.63	8.51	4
6864	エヌエフホールディングス	スタンダード（内国株式）	3650	電気機器	9	電機・精密	-	-	1743.0	2.07	36.0	2.04	36.0	2.07	配当あり	いいえ	18.89	0.94	122.3	2579.0	1061.0	Technology			OK	通常掲載可	OK	9138.1	10.35	0.6	78.93	0.02	978.2	92.29	39.01	3.96	0
6866	日置電機	プライム（内国株式）	3650	電気機器	9	電機・精密	6	TOPIX Small 1	12540.0	1.91	240.0	1.97	240.0	1.91	配当あり	いいえ	30.21	3.88	1681.0	13800.0	5260.0	Technology			OK	通常掲載可	OK	40531.8	16.76	3.21	85.36		3293.6	415.07	57.82	14.34	0
6867	リーダー電子	スタンダード（内国株式）	3650	電気機器	9	電機・精密	-	-	423.0	3.55	15.0	3.55	15.0	3.55	配当あり	いいえ	21.5	0.5	18.1	581.0	385.0	Technology			OK	通常掲載可	OK	4247.6	0.63	3.17	74.28	0.01	143.1	19.67	76.26	2.08	0
6869	シスメックス	プライム（内国株式）	3650	電気機器	9	電機・精密	4	TOPIX Mid400	1469.0	2.72	40.0	2.72	40.0	2.72	配当あり	いいえ	25.84	1.81	8956.7	2563.5	1246.0	Healthcare			OK	通常掲載可	OK	500006.0	12.68	-1.7	71.37	0.14	22879.0	56.85	70.36	7.29	5
6870	日本フェンオール	スタンダード（内国株式）	3650	電気機器	9	電機・精密	-	-	2789.0	2.8	78.0	2.74	78.0	2.8	配当あり	いいえ	12.8	1.04	156.4	2849.0	1670.0	Industrials			OK	通常掲載可	OK	12909.9	8.19	3.15	75.97	0.04	-493.3	217.82	35.81	7.6	5
6871	日本マイクロニクス	プライム（内国株式）	3650	電気機器	9	電機・精密	6	TOPIX Small 1	17390.0	0.55	95.0	0.57	95.0	0.55	配当あり	いいえ	55.89	9.11	6741.1	18180.0	4245.0	Technology			OK	通常掲載可	OK	70173.0	23.57	26.11	66.7	0.1	-6469.0	311.17	30.53	24.23	2
6874	協立電機	スタンダード（内国株式）	3650	電気機器	9	電機・精密	-	-	2538.0	3.55	90.0	3.51	90.0	3.55	配当あり	いいえ	9.4	0.94	204.7	2930.0	2120.0	Technology			OK	通常掲載可	OK	38246.3	8.77	11.31	61.74	0.04	1367.5	269.94	33.34	11.06	3
6875	メガチップス	プライム（内国株式）	3650	電気機器	9	電機・精密	6	TOPIX Small 1	10610.0	2.45	260.0	2.47	260.0	2.45	配当あり	いいえ	18.18	0.86	1560.5	13420.0	5010.0	Technology			OK	通常掲載可	OK	36169.3	-0.48	-14.55	72.41	0.0	3222.5	583.55	44.55	6.13	2
6877	ＯＢＡＲＡ　ＧＲＯＵＰ	スタンダード（内国株式）	3650	電気機器	9	電機・精密	7	TOPIX Small 2	6320.0	2.37	150.0	2.47	150.0	2.37	配当あり	いいえ	14.3	1.23	911.0	6870.0	3540.0	Industrials			OK	通常掲載可	OK	61682.0	15.73	9.38	71.78	0.11	1507.0	442.02	33.94	10.5	0
6882	三社電機製作所	スタンダード（内国株式）	3650	電気機器	9	電機・精密	-	-	1300.0	4.62	60.0	4.76	60.0	4.62	配当あり	いいえ	44.05	0.69	173.0	1554.0	846.0	Industrials			OK	通常掲載可	OK	26651.0	5.2	4.76	76.16	0.1	2113.0	29.51	203.32	1.55	0
6888	アクモス	スタンダード（内国株式）	5250	情報・通信業	10	情報通信・サービスその他	-	-	468.0	5.34	25.0	5.38	25.0	5.34	配当あり	いいえ	13.17	1.38	46.6	580.0	462.0	Technology			OK	通常掲載可	OK	6421.7	9.09	3.08	62.53	0.12	217.9	35.53	70.36	8.88	2
6890	フェローテック	スタンダード（内国株式）	3650	電気機器	9	電機・精密	-	-	9720.0	1.54	150.0	1.57	150.0	1.54	配当あり	いいえ	35.17	1.75	5096.5	11700.0	2978.0	Technology			OK	通常掲載可	OK	288933.0	9.54	5.3	37.68	0.8	-25343.0	276.37	54.28	5.38	1
6894	パルステック工業	スタンダード（内国株式）	3650	電気機器	9	電機・精密	-	-	2145.0	4.2	90.0	4.18	90.0	4.2	配当あり	いいえ	10.3	0.73	29.3	2586.0	1725.0	Industrials			OK	通常掲載可	OK	2553.2	13.98	2.68	79.87	0.0	338.1	208.28	43.21	7.24	0
6897	ツインバード	スタンダード（内国株式）	3650	電気機器	9	電機・精密	-	-	645.0	2.02	13.0	2.03	13.0	2.02	配当あり	いいえ		0.83	68.8	794.0	390.0	Consumer Cyclical			OK	通常掲載可	OK	8998.9	-9.5	-10.52	66.13	0.32	457.6	-115.0		0.81	0
6898	トミタ電機	スタンダード（内国株式）	3650	電気機器	9	電機・精密	-	-	3700.0						配当未取得		23.98	0.75	30.2	4650.0	2800.0	Technology	配当未取得	1株配当が取得できていない	除外推奨	掲載非推奨	OK_配当データ要確認	1603.2	-3.83	12.75	85.44		-137.5	154.29		0.94	
6899	ＡＳＴＩ	スタンダード（内国株式）	3650	電気機器	9	電機・精密	-	-	2320.0	3.45	80.0	3.46	80.0	3.45	配当あり	いいえ	10.18	0.29	72.5	2799.0	1773.0	Technology			OK	通常掲載可	OK	62400.7	2.09	-4.65	55.52	0.48	1638.3	228.0	35.09	2.88	0
6902	デンソー	プライム（内国株式）	3700	輸送用機器	6	自動車・輸送機	2	TOPIX Large70	1870.5	3.96	74.0	3.94	74.0	3.96	配当あり	いいえ	7.27	0.92	50354.7	2373.0	1801.0	Consumer Cyclical			OK	通常掲載可	OK	3878849.0	1.45	3.91	62.91	0.15	76836.0	257.19	28.77	8.94	4
6904	原田工業	スタンダード（内国株式）	3650	電気機器	9	電機・精密	-	-	445.0	2.25	10.0	2.25	10.0	2.25	配当あり	いいえ	21.64	0.69	94.1	512.0	434.0	Technology			OK	通常掲載可	OK	42192.3	5.68	-5.86	38.25	1.03	3616.2	20.56	48.64	3.2	0
6905	コーセル	プライム（内国株式）	3650	電気機器	9	電機・精密	7	TOPIX Small 2	1542.0	3.89	60.0	3.99	60.0	3.89	配当あり	いいえ		1.22	634.3	1657.0	1064.0	Industrials			OK	通常掲載可	OK	27052.8	2.32	-34.71	93.06	0.01	2085.6	-10.33		-6.31	4
6907	ジオマテック	スタンダード（内国株式）	3650	電気機器	9	電機・精密	-	-	653.0						配当未取得		8.17	0.49	51.7	1432.0	583.0	Technology	配当未取得	1株配当が取得できていない	除外推奨	掲載非推奨	OK_配当データ要確認	6008.8	5.68	13.78	61.02	0.17	374.6	79.93		0.22	0
6908	イリソ電子工業	プライム（内国株式）	3650	電気機器	9	電機・精密	6	TOPIX Small 1	2919.0	3.43	100.0	3.43	100.0	3.43	配当あり	いいえ	17.3	0.82	623.2	3855.0	2753.0	Technology			OK	通常掲載可	OK	56332.0	9.42	1.92	77.29	0.13	3351.0	168.72	59.27	4.25	4
6912	菊水ホールディングス	スタンダード（内国株式）	3650	電気機器	9	電機・精密	-	-	2002.0	2.95	59.0	2.96	59.0	2.95	配当あり	いいえ	10.31	1.06	166.7	2690.0	1523.0	Industrials			OK	通常掲載可	OK	14687.9	14.54	9.37	82.09	0.0	1637.1	194.19	30.38	10.81	4
6914	オプテックスグループ	プライム（内国株式）	3650	電気機器	9	電機・精密	6	TOPIX Small 1	4330.0	1.5	65.0	1.56	65.0	1.5	配当あり	いいえ	22.73	2.68	1543.0	4755.0	1568.0	Technology			OK	通常掲載可	OK	65878.0	12.38	4.12	72.94	0.11	5679.0	190.52	34.12	13.08	1
6915	千代田インテグレ	スタンダード（内国株式）	3650	電気機器	9	電機・精密	7	TOPIX Small 2	3225.0	4.96	160.0	5.02	160.0	4.96	配当あり	いいえ	11.84	0.75	284.3	3530.0	2702.0	Technology			OK	通常掲載可	OK	38042.0	7.82	-7.7	80.07	0.04	3211.0	272.43	58.73	9.1	0
6918	アバールデータ	スタンダード（内国株式）	3650	電気機器	9	電機・精密	-	-	3380.0	3.14	106.0	3.21	106.0	3.14	配当あり	いいえ	34.6	2.14	196.6	3790.0	2115.0	Technology			OK	通常掲載可	OK	8830.1	7.81	-19.58	90.0	0.0	2359.2	97.68	108.52	6.9	0
6919	ケル	スタンダード（内国株式）	3650	電気機器	9	電機・精密	-	-	1387.0	5.77	80.0	5.84	80.0	5.77	配当あり	いいえ	47.94	0.66	100.9	1634.0	1310.0	Technology			OK	通常掲載可	OK	12857.6	2.22	8.3	80.7	0.03	-55.4	28.93	276.53	1.38	0
6920	レーザーテック	プライム（内国株式）	3650	電気機器	9	電機・精密	2	TOPIX Large70	50790.0	0.65	329.0	0.66	329.0	0.65	配当あり	いいえ	51.55	20.19	45523.4	58580.0	13715.0	Technology			OK	通常掲載可	OK	251477.0	48.85	17.78	63.68	0.02	75551.0	985.33	33.39	44.08	7
6923	スタンレー電気	プライム（内国株式）	3650	電気機器	9	電機・精密	4	TOPIX Mid400	3535.0	3.17	112.0	3.19	112.0	3.17	配当あり	いいえ	14.62	0.96	4344.9	3802.0	2746.0	Consumer Cyclical			OK	通常掲載可	OK	518456.0	8.23	1.74	56.17	0.27	20738.0	241.79	46.32	7.22	3
6925	ウシオ電機	プライム（内国株式）	3650	電気機器	9	電機・精密	4	TOPIX Mid400	4828.0	1.45	70.0	1.56	70.0	1.45	配当あり	いいえ	47.39	1.94	3830.9	5164.0	1725.5	Industrials			OK	通常掲載可	OK	179211.0	6.67	0.9	59.9	0.38	8698.0	101.87	68.72	4.01	1
6926	岡谷電機産業	スタンダード（内国株式）	3650	電気機器	9	電機・精密	-	-	187.0						配当未取得			0.71	41.9	238.0	177.0	Technology	配当未取得	1株配当が取得できていない	除外推奨	掲載非推奨	OK_配当データ要確認	10228.6	-16.99	6.56	44.2	0.75	-1350.1	-72.46		-24.97	0
6927	ヘリオス　テクノ　ホールディング	スタンダード（内国株式）	3650	電気機器	9	電機・精密	-	-	954.0	6.18	59.0	6.3	59.0	6.18	配当あり	いいえ	10.38	1.0	173.2	1402.0	812.0	Technology			OK	通常掲載可	OK	14188.8	13.03	43.76	81.83	0.0	1098.5	91.87	64.22	9.81	2
6928	エノモト	スタンダード（内国株式）	3650	電気機器	9	電機・精密	-	-	3030.0	2.54	77.0	2.48	77.0	2.54	配当あり	いいえ	16.26	0.86	199.9	3980.0	1335.0	Technology			OK	通常掲載可	OK	30415.4	5.43	13.15	67.85	0.18	695.3	186.35	41.32	5.46	3
6929	日本セラミック	プライム（内国株式）	3650	電気機器	9	電機・精密	6	TOPIX Small 1	3755.0	4.39	165.0	4.4	165.0	4.39	配当あり	いいえ	11.55	1.77	777.5	4280.0	2725.0	Technology			OK	通常掲載可	OK	27325.0	22.8	9.14	84.44	0.0	2746.0	325.18	50.74	15.27	2
6932	遠藤照明	スタンダード（内国株式）	3650	電気機器	9	電機・精密	-	-	2370.0	4.05	96.0	4.08	96.0	4.05	配当あり	いいえ	8.43	0.7	350.0	3100.0	2021.0	Consumer Cyclical			OK	通常掲載可	OK	55473.0	10.35	3.23	65.31	0.31	5982.0	281.08	34.15	9.23	4
6941	山一電機	プライム（内国株式）	3650	電気機器	9	電機・精密	6	TOPIX Small 1	9730.0	1.54	150.0	1.58	150.0	1.54	配当あり	いいえ	19.77	3.86	1795.9	11420.0	2510.0	Technology			OK	通常掲載可	OK	52698.5	21.93	16.34	73.59	0.13	7465.2	492.18	30.48	21.04	1
6942	ソフィアホールディングス	スタンダード（内国株式）	5250	情報・通信業	10	情報通信・サービスその他	-	-	1335.0						配当未取得			2.06	61.8	1394.0	1087.0	Technology	配当未取得	1株配当が取得できていない	除外推奨	掲載非推奨	OK_配当データ要確認	8329.8	-0.73	-0.36	41.47	0.7	162.9	-7.34		-1.13	
6943	ＮＫＫスイッチズ	スタンダード（内国株式）	3650	電気機器	9	電機・精密	-	-	4960.0	2.02	100.0	2.0	100.0	2.02	配当あり	いいえ		0.3	40.8	5210.0	4160.0	Industrials			OK	通常掲載可	OK	8373.8	3.35	10.7	86.2	0.02	-1081.5	-487.07		2.22	0
6946	日本アビオニクス	スタンダード（内国株式）	3650	電気機器	9	電機・精密	-	-	4980.0	0.3	15.0	0.3	15.0	0.3	配当あり	いいえ	19.65	4.57	736.5	9000.0	3745.0	Industrials			OK	通常掲載可	OK	29194.0	18.89	45.08	44.64	0.65	-4484.0	253.46	5.92	25.41	0
6947	図研	プライム（内国株式）	3650	電気機器	9	電機・精密	6	TOPIX Small 1	4595.0	3.26	150.0	3.26	150.0	3.26	配当あり	いいえ	18.15	2.35	968.4	5870.0	4240.0	Technology			OK	通常掲載可	OK	43101.8	13.61	5.81	61.04		5413.6	253.18	59.25	13.3	8
6951	日本電子	プライム（内国株式）	3650	電気機器	9	電機・精密	4	TOPIX Mid400	7770.0	1.7	132.0	1.77	132.0	1.7	配当あり	いいえ	17.21	2.61	3784.1	7839.0	4205.0	Technology			OK	通常掲載可	OK	179353.0	14.51	-8.82	59.87	0.19	905.0	451.44	29.24	15.7	5
6952	カシオ計算機	プライム（内国株式）	3650	電気機器	9	電機・精密	4	TOPIX Mid400	1900.0	2.37	45.0	2.35	45.0	2.37	配当あり	いいえ	23.98	1.83	4246.4	1998.0	1075.5	Technology			OK	通常掲載可	OK	276267.0	8.35	5.54	66.91	0.21	13552.0	79.23	56.8	8.02	0
6954	ファナック	プライム（内国株式）	3650	電気機器	9	電機・精密	2	TOPIX Large70	7415.0	1.44	107.09	1.46	107.09	1.44	配当あり	いいえ	41.15	3.71	69193.7	8880.0	3699.0	Industrials			OK	通常掲載可	OK	857831.0	21.42	7.62	89.2		229715.0	180.18	59.44	9.35	1
6955	ＦＤＫ	スタンダード（内国株式）	3650	電気機器	9	電機・精密	-	-	484.0						配当未取得		22.42	0.88	167.0	674.0	338.0	Industrials	配当未取得	1株配当が取得できていない	除外推奨	掲載非推奨	OK_配当データ要確認	59561.0	2.8	-5.71	40.22	0.84	-1195.0	21.59		4.24	
6958	日本シイエムケイ	プライム（内国株式）	3650	電気機器	9	電機・精密	7	TOPIX Small 2	655.0	8.55	56.0	8.58	56.0	8.55	配当あり	いいえ	11.6	0.56	467.0	813.0	324.0	Technology	高利回り要確認	配当利回りが8%以上	要確認	手動確認後に掲載	OK_高利回り要確認	100202.0	2.78	4.94	55.1	0.51	-1396.0	56.48	99.15	5.04	2
6960	フクダ電子	スタンダード（内国株式）	3650	電気機器	9	電機・精密	-	-	11100.0	1.44	160.0	1.42	160.0	1.44	配当あり	いいえ	16.47	1.59	2998.8	12490.0	6560.0	Healthcare			OK	通常掲載可	OK	139697.0	19.05	0.5	83.77	0.02	9381.0	673.77	23.75	10.14	9
6961	エンプラス	プライム（内国株式）	3650	電気機器	9	電機・精密	7	TOPIX Small 2	13380.0	0.67	90.0	0.71	90.0	0.67	配当あり	いいえ	22.99	1.94	1202.1	17990.0	3850.0	Technology			OK	通常掲載可	OK	42540.0	14.49	11.74	87.86	0.02	-99.0	582.01	15.46	8.9	1
6962	大真空	プライム（内国株式）	3650	電気機器	9	電機・精密	7	TOPIX Small 2	939.0	2.98	28.0	3.18	28.0	2.98	配当あり	いいえ	71.14	0.77	298.6	1223.0	531.0	Technology			OK	通常掲載可	OK	39551.7	2.87	2.41	39.49	0.95	-4919.8	13.2	212.12	1.33	0
6963	ローム	プライム（内国株式）	3650	電気機器	9	電機・精密	4	TOPIX Mid400	5503.0	0.91	50.0	0.93	50.0	0.91	配当あり	いいえ		2.8	21243.5	5835.0	1810.5	Technology			OK	通常掲載可	OK	481148.0	2.26	7.29	59.05	0.53	-21517.0	-419.33		-19.22	0
6964	サンコー	スタンダード（内国株式）	3650	電気機器	9	電機・精密	-	-	664.0	3.01	20.0	3.03	20.0	3.01	配当あり	いいえ	9.74	0.36	58.9	759.0	555.0	Technology			OK	通常掲載可	OK	18289.4	4.17	8.62	71.22	0.01	397.8	68.18	29.33	3.79	0
6965	浜松ホトニクス	プライム（内国株式）	3650	電気機器	9	電機・精密	4	TOPIX Mid400	2749.5	1.38	38.0	1.42	38.0	1.38	配当あり	いいえ	58.48	2.49	7966.1	3100.0	1475.0	Technology			OK	通常掲載可	OK	212051.0	7.62	3.97	70.66	0.22	562.0	47.02	80.82	4.27	0
6966	三井ハイテック	プライム（内国株式）	3650	電気機器	9	電機・精密	6	TOPIX Small 1	1019.0	1.86	19.0	1.99	19.0	1.86	配当あり	いいえ	59.07	1.58	1862.2	1358.0	560.0	Technology			OK	通常掲載可	OK	218329.0	5.79	1.6	46.99	0.79	-4655.0	17.25	110.14	6.08	2
6969	松尾電機	スタンダード（内国株式）	3650	電気機器	9	電機・精密	-	-	1334.0	1.12	15.0	1.09	15.0	1.12	配当あり	いいえ	11.81	1.5	51.1	2369.0	715.0	Technology			OK	通常掲載可	OK	5141.9	11.31	13.13	45.35	0.76	556.8	112.99	13.28	-15.67	0
6971	京セラ	プライム（内国株式）	3650	電気機器	9	電機・精密	2	TOPIX Large70	3821.0	1.47	56.0	1.57	56.0	1.47	配当あり	いいえ	37.18	1.51	50338.1	3913.0	1584.5	Industrials			OK	通常掲載可	OK	2070203.0	4.59	2.77	71.87	0.1	53189.0	102.78	54.49	4.38	0
6976	太陽誘電	プライム（内国株式）	3650	電気機器	9	電機・精密	4	TOPIX Mid400	22655.0	0.4	90.0	0.45	90.0	0.4	配当あり	いいえ	212.13	8.23	28352.0	24065.0	2441.0	Technology			OK	通常掲載可	OK	355341.0	5.63	4.07	55.95	0.5	58117.0	106.8	84.27	4.46	0
6977	日本抵抗器製作所	スタンダード（内国株式）	3650	電気機器	9	電機・精密	-	-	1714.0	1.75	30.0	1.55	30.0	1.75	配当あり	いいえ		1.82	21.2	2268.0	811.0	Technology			OK	通常掲載可	OK	5905.9	-1.86	-8.5	16.24	3.51	105.7	-304.27		-15.85	0
6981	村田製作所	プライム（内国株式）	3650	電気機器	9	電機・精密	2	TOPIX Large70	11890.0	0.59	70.0	0.61	70.0	0.59	配当あり	いいえ	93.17	7.96	216432.6	12895.0	2075.5	Technology			OK	通常掲載可	OK	1830856.0	15.39	5.02	84.98	0.02	173002.0	127.62	54.85	8.83	5
6982	リード	スタンダード（内国株式）	3700	輸送用機器	6	自動車・輸送機	-	-	579.0	2.07	12.0	2.02	12.0	2.07	配当あり	いいえ		0.59	15.0	679.0	535.0	Consumer Cyclical			OK	通常掲載可	OK	5141.7	-2.17	22.83	29.24	1.66	247.3	-26.06		-2.68	0
6986	双葉電子工業	プライム（内国株式）	3650	電気機器	9	電機・精密	7	TOPIX Small 2	570.0	6.32	36.0	6.53	36.0	6.32	配当あり	いいえ	9.59	0.29	241.8	828.0	527.0	Technology			OK	通常掲載可	OK	42982.0	-5.31	-10.67	76.95	0.01	808.0	59.45	60.56	2.78	1
6988	日東電工	プライム（内国株式）	3200	化学	4	素材・化学	4	TOPIX Mid400	3193.0	2.0	64.0	2.02	64.0	2.0	配当あり	いいえ	16.08	1.87	21323.5	4068.0	2650.0	Basic Materials			OK	通常掲載可	OK	1028171.0	17.86	1.41	79.63	0.0	111905.0	198.6	32.23	12.17	12
6989	北陸電気工業	スタンダード（内国株式）	3650	電気機器	9	電機・精密	-	-	2541.0	3.74	95.0	3.77	95.0	3.74	配当あり	いいえ	10.04	0.77	199.3	3070.0	1976.0	Technology			OK	通常掲載可	OK	43128.0	5.36	-0.13	55.91	0.36	1397.0	253.21	37.52	8.19	4
6993	大黒屋ホールディングス	スタンダード（内国株式）	6100	小売業	14	小売	-	-	89.0						配当未取得			12.2	658.5	193.0	30.0	Financial Services	配当未取得	1株配当が取得できていない	除外推奨	掲載非推奨	OK_配当データ要確認	11472.5	-5.69	12.12	53.16	0.65	-3178.4	-5.46		-63.32	
6994	指月電機製作所	スタンダード（内国株式）	3650	電気機器	9	電機・精密	-	-	1381.0	2.03	28.0	2.11	28.0	2.03	配当あり	いいえ	16.84	1.37	348.8	1537.0	403.0	Industrials			OK	通常掲載可	OK	27995.7	9.04	2.37	60.97	0.35	3221.4	82.03	34.13	8.11	2
6995	東海理化電機製作所	プライム（内国株式）	3700	輸送用機器	6	自動車・輸送機	6	TOPIX Small 1	2982.0	4.02	120.0	4.06	120.0	4.02	配当あり	いいえ	8.61	0.73	2538.0	3375.0	2201.0	Consumer Cyclical			OK	通常掲載可	OK	644701.0	5.53	4.38	63.42	0.03	8522.0	346.38	34.64	9.03	3
6996	ニチコン	プライム（内国株式）	3650	電気機器	9	電機・精密	6	TOPIX Small 1	4770.0	0.84	40.0	0.96	40.0	0.84	配当あり	いいえ	50.86	2.68	3203.5	4965.0	1181.0	Technology			OK	通常掲載可	OK	169724.0	3.8	-3.43	61.16	0.21	1064.0	93.79	42.65	5.76	5
6997	日本ケミコン	プライム（内国株式）	3650	電気機器	9	電機・精密	7	TOPIX Small 2	5790.0	0.43	25.0	0.46	25.0	0.43	配当あり	いいえ	79.99	2.23	1585.3	6190.0	1117.0	Technology			OK	通常掲載可	OK	136821.0	2.46	11.52	37.64	1.2	2580.0	72.38	34.54	4.06	0
6998	日本タングステン	スタンダード（内国株式）	3650	電気機器	9	電機・精密	-	-	2012.0	2.98	60.0	3.03	60.0	2.98	配当あり	いいえ	36.16	0.73	97.7	2578.0	1225.0	Industrials			OK	通常掲載可	OK	12776.0	5.59	3.1	70.48	0.18	130.0	55.64	107.84	2.08	0
6999	ＫＯＡ	プライム（内国株式）	3650	電気機器	9	電機・精密	6	TOPIX Small 1	3040.0	1.28	39.0	1.35	39.0	1.28	配当あり	いいえ	28.58	1.27	1129.0	3275.0	814.0	Technology			OK	通常掲載可	OK	72287.0	5.78	12.74	58.45	0.51	1431.0	106.36	36.67	4.74	0
7003	三井Ｅ＆Ｓ	プライム（内国株式）	3600	機械	8	機械	4	TOPIX Mid400	4101.0	1.46	60.0	1.46	60.0	1.46	配当あり	いいえ	10.75	1.81	4138.0	8438.0	2560.0	Industrials			OK	通常掲載可	OK	353196.0	10.66	12.09	46.33	0.43	19323.0	381.39	15.73	19.06	2
7004	カナデビア	プライム（内国株式）	3600	機械	8	機械	6	TOPIX Small 1	1295.0	2.93	38.0	2.99	38.0	2.93	配当あり	いいえ	19.16	1.11	2178.6	1515.0	909.0	Industrials			OK	通常掲載可	OK	645222.0	1.89	5.68	27.39	0.94	-13626.0	67.6	56.21	5.66	3
7011	三菱重工業	プライム（内国株式）	3600	機械	8	機械	1	TOPIX Core30	3736.0	0.8	30.0	0.82	30.0	0.8	配当あり	いいえ	35.71	4.06	125537.4	5208.0	3171.0	Industrials			OK	通常掲載可	OK	5027176.0	7.68	7.95	35.24	0.48	289767.0	104.61	28.68	12.58	3
7012	川崎重工業	プライム（内国株式）	3700	輸送用機器	6	自動車・輸送機	4	TOPIX Mid400	2698.5	1.48	40.0	1.37	40.0	1.48	配当あり	いいえ	20.84	2.57	22555.4	3766.0	1729.0	Industrials			OK	通常掲載可	OK	2311267.0	5.23	8.54	26.41	0.57	35299.0	129.47	30.9	13.73	4
7013	ＩＨＩ	プライム（内国株式）	3600	機械	8	機械	4	TOPIX Mid400	2673.5	0.86	23.0	0.85	23.0	0.86	配当あり	いいえ	17.61	4.35	28343.4	4698.0	2069.29	Industrials			OK	通常掲載可	OK	1643402.0	10.07	1.02	26.86	0.75	29590.0	151.84	15.15	27.76	1
7014	名村造船所	スタンダード（内国株式）	3700	輸送用機器	6	自動車・輸送機	6	TOPIX Small 1	3515.0	1.71	60.0	1.69	60.0	1.71	配当あり	いいえ	11.4	1.78	2441.7	6050.0	2867.0	Industrials			OK	通常掲載可	OK	159035.0	17.66	-0.12	51.46	0.16	31923.0	308.41	19.45	17.9	2
7018	内海造船	スタンダード（内国株式）	3700	輸送用機器	6	自動車・輸送機	-	-	9130.0	0.44	40.0	0.44	40.0	0.44	配当あり	いいえ	6.73	1.15	154.7	20540.0	5340.0	Industrials			OK	通常掲載可	OK	47016.0	6.54	5.3	28.65	0.19	12455.0	1356.87	2.95	18.87	0
7021	ニッチツ	スタンダード（内国株式）	3600	機械	8	機械	-	-	1799.0	1.67	30.0	1.67	30.0	1.67	配当あり	いいえ	18.12	0.29	35.3	3255.0	1746.0	Industrials			OK	通常掲載可	OK	9381.4	2.35	-4.77	71.23	0.1	691.8	99.3	30.21	1.65	1
7022	サノヤスホールディングス	スタンダード（内国株式）	3600	機械	8	機械	-	-	251.0	2.99	7.5	3.05	7.5	2.99	配当あり	いいえ	5.87	0.67	84.1	570.0	233.0	Industrials			OK	通常掲載可	OK	26828.0	6.24	7.29	36.63	0.85	2064.0	42.73	17.55	12.6	1
7030	スプリックス	スタンダード（内国株式）	9050	サービス業	10	情報通信・サービスその他	-	-	1021.0	3.72	38.0	3.67	38.0	3.72	配当あり	いいえ	10.88	1.65	180.2	1460.0	943.0	Consumer Defensive			OK	通常掲載可	OK	35127.0	6.18	10.25	44.39	0.11	2631.0	93.83	40.5	16.11	0
7031	インバウンドテック	グロース（内国株式）	9050	サービス業	10	情報通信・サービスその他	-	-	649.0						配当未取得			1.11	18.0	932.0	552.0	Industrials	配当未取得	1株配当が取得できていない	除外推奨	掲載非推奨	OK_配当データ要確認	2544.5	0.84	-23.31	58.23	0.39	-76.5	-98.06		-12.75	
7033	マネジメントソリューションズ	プライム（内国株式）	9050	サービス業	10	情報通信・サービスその他	7	TOPIX Small 2	1286.0	3.89	50.0	3.85	50.0	3.89	配当あり	いいえ	11.49	3.36	202.6	1789.0	1209.0	Industrials			OK	通常掲載可	OK	23066.8	11.89	36.24	67.69	0.05	2076.1	111.89	44.69	29.24	3
7034	プロレド・パートナーズ	プライム（内国株式）	9050	サービス業	10	情報通信・サービスその他	7	TOPIX Small 2	353.0						配当未取得		13.72	0.64	38.6	805.0	320.0	Industrials	配当未取得	1株配当が取得できていない	除外推奨	掲載非推奨	OK_配当データ要確認	12302.7	40.2	158.72	47.8	0.11	5149.2	25.73		15.97	
7035	ａｎｄ　ｆａｃｔｏｒｙ	スタンダード（内国株式）	9050	サービス業	10	情報通信・サービスその他	-	-	250.0						配当未取得			3.48	28.2	326.0	201.0	Technology	配当未取得	1株配当が取得できていない	除外推奨	掲載非推奨	OK_配当データ要確認	3209.0	-8.42	-36.13	44.12	0.4	-488.8	-23.15		-27.14	
7036	イーエムネットジャパン	グロース（内国株式）	9050	サービス業	10	情報通信・サービスその他	-	-	613.0	5.55	34.0	5.59	34.0	5.55	配当あり	いいえ		3.05	23.7	1270.0	585.0	Communication Services			OK	通常掲載可	OK	1594.8	82.49	19.94	33.26	0.0	-191.9	-116.34		-42.42	0
7037	テノ．ホールディングス	スタンダード（内国株式）	9050	サービス業	10	情報通信・サービスその他	-	-	821.0	2.44	20.0	2.38	20.0	2.44	配当あり	いいえ	34.85	2.02	37.5	1311.0	474.0	Healthcare			OK	通常掲載可	OK	18129.0	3.48	13.19	17.3	3.09	803.0	23.56	84.89	9.22	1
7038	フロンティア・マネジメント	プライム（内国株式）	9050	サービス業	10	情報通信・サービスその他	7	TOPIX Small 2	543.0						配当未取得			3.84	63.8	744.0	526.0	Industrials	配当未取得	1株配当が取得できていない	除外推奨	掲載非推奨	OK_配当データ要確認	13489.5	-2.55	45.59	9.47	3.09	-2072.8	-93.72		-10.76	2
7039	ブリッジインターナショナルグループ	グロース（内国株式）	9050	サービス業	10	情報通信・サービスその他	-	-	1663.0	5.71	95.0	5.72	95.0	5.71	配当あり	いいえ	11.14	1.33	58.9	2125.0	1586.0	Industrials			OK	通常掲載可	OK	8564.9	10.2	-0.59	83.55	0.01	385.8	149.34	63.61	12.23	1
7040	サン・ライフホールディング	スタンダード（内国株式）	9050	サービス業	10	情報通信・サービスその他	-	-	956.0	3.56	34.0	3.47	34.0	3.56	配当あり	いいえ	9.68	0.85	58.5	1297.0	901.0	Consumer Cyclical			OK	通常掲載可	OK	14149.6	7.79	2.12	19.2		226.6	98.75	34.43	9.16	0
7041	ＣＲＧホールディングス	グロース（内国株式）	9050	サービス業	10	情報通信・サービスその他	-	-	347.0	5.19	18.0	5.19	18.0	5.19	配当あり	いいえ	50.0	0.65	19.4	398.0	240.0	Industrials			OK	通常掲載可	OK	16420.2	1.7	-3.92	32.23	1.54	-278.6	6.94	259.37	1.27	
7042	アクセスグループ・ホールディングス	スタンダード（内国株式）	9050	サービス業	10	情報通信・サービスその他	-	-	633.0	3.48	22.0	3.57	22.0	3.48	配当あり	いいえ	12.3	1.42	21.9	950.0	517.0	Consumer Cyclical			OK	通常掲載可	OK	3954.3	5.85	10.0	57.33	0.26	97.6	51.46	42.75	12.19	2
7043	アルー	グロース（内国株式）	9050	サービス業	10	情報通信・サービスその他	-	-	933.0	1.18	11.0	1.18	11.0	1.18	配当あり	いいえ	9.99	1.83	23.8	1238.0	759.0	Industrials			OK	通常掲載可	OK	3637.8	9.73	17.77	58.91	0.33	534.3	93.39	11.78	24.13	0
7044	ピアラ	スタンダード（内国株式）	9050	サービス業	10	情報通信・サービスその他	-	-	470.0						配当未取得		16.95	5.26	33.7	678.0	462.0	Communication Services	配当未取得	1株配当が取得できていない	除外推奨	掲載非推奨	OK_配当データ要確認	15731.2	0.26	16.63	13.63	2.57	266.8	27.73		14.09	0
7046	ＴＤＳＥ	グロース（内国株式）	9050	サービス業	10	情報通信・サービスその他	-	-	1330.0	0.75	10.0	0.74	10.0	0.75	配当あり	いいえ	16.18	1.17	27.8	1810.0	1200.0	Technology			OK	通常掲載可	OK	3005.5	7.13	11.35	79.74	0.0	193.3	82.19	12.17	7.59	0
7047	ポート	グロース（内国株式）	9050	サービス業	10	情報通信・サービスその他	-	-	2231.0	1.12	25.0	1.15	25.0	1.12	配当あり	いいえ	10.97	2.77	292.7	2572.0	1760.0	Communication Services			OK	通常掲載可	OK	29100.0	13.87	32.5	29.28	1.3	2289.0	203.29	12.3	8.58	1
7048	ベルトラ	グロース（内国株式）	9050	サービス業	10	情報通信・サービスその他	-	-	163.0						配当未取得		43.12	2.25	59.7	312.0	115.0	Consumer Cyclical	配当未取得	1株配当が取得できていない	除外推奨	掲載非推奨	OK_配当データ要確認	4581.6	2.29	6.43	28.39	0.0	920.2	3.78		3.01	
7049	識学	グロース（内国株式）	9050	サービス業	10	情報通信・サービスその他	-	-	855.0						配当未取得		25.38	2.51	71.9	1017.0	744.0	Industrials	配当未取得	1株配当が取得できていない	除外推奨	掲載非推奨	OK_配当データ要確認	6536.9	7.52	21.75	59.77	0.04	76.9	33.69		42.13	
7050	フロンティアインターナショナル	グロース（内国株式）	9050	サービス業	10	情報通信・サービスその他	-	-	1307.0	5.59	73.0	5.59	73.0	5.59	配当あり	いいえ	9.4	1.18	117.1	1724.0	1040.0	Communication Services			OK	通常掲載可	OK	20335.1	6.28	20.01	61.8	0.03	1601.7	139.06	52.5	14.46	1
7057	エヌ・シー・エヌ	スタンダード（内国株式）	9050	サービス業	10	情報通信・サービスその他	-	-	909.0	3.63	33.0	3.63	33.0	3.63	配当あり	いいえ	18.69	1.28	27.1	1188.0	856.0	Industrials			OK	通常掲載可	OK	8414.2	1.81	3.57	34.99	0.05	284.1	48.63	67.86	7.03	1
7058	共栄セキュリティーサービス	スタンダード（内国株式）	9050	サービス業	10	情報通信・サービスその他	-	-	3150.0	3.81	120.0	3.88	120.0	3.81	配当あり	いいえ	6.98	0.91	45.6	3155.0	2421.0	Industrials			OK	通常掲載可	OK	10113.4	4.79	8.11	71.34	0.11	398.7	451.4	26.58	13.47	0
7059	コプロ・ホールディングス	プライム（内国株式）	9050	サービス業	10	情報通信・サービスその他	-	-	782.0	5.75	45.0	5.85	45.0	5.75	配当あり	いいえ	10.3	3.02	299.7	1203.0	716.0	Industrials			OK	通常掲載可	OK	36661.6	9.91	22.14	20.91	2.95	2352.7	75.93	59.27	31.44	5
7060	ギークス	スタンダード（内国株式）	9050	サービス業	10	情報通信・サービスその他	-	-	580.0	5.86	34.0	5.81	34.0	5.86	配当あり	いいえ	9.25	1.93	58.9	713.0	486.0	Technology			OK	通常掲載可	OK	26375.6	3.32	4.82	38.9	0.64	741.5	62.71	54.22	21.88	1
7061	日本ホスピスホールディングス	グロース（内国株式）	9050	サービス業	10	情報通信・サービスその他	-	-	555.0	4.5	25.0	4.78	25.0	4.5	配当あり	いいえ	15.9	1.32	46.9	1578.0	509.0	Healthcare			OK	通常掲載可	OK	14168.9	5.99	16.95	19.43	3.58	-1367.6	34.91	71.61	8.61	1
7062	フレアス	グロース（内国株式）	9050	サービス業	10	情報通信・サービスその他	-	-	735.0	1.44	10.57	1.44	10.57	1.44	配当あり	いいえ	3.73	0.88	19.2	989.0	713.0	Consumer Cyclical			OK	通常掲載可	OK	7637.5	3.84	0.72	40.44	0.98	564.5	196.98	5.37	27.27	0
7063	Ｂｉｒｄｍａｎ	グロース（内国株式）	9050	サービス業	10	情報通信・サービスその他	-	-	76.0						配当未取得			1.01	25.6	345.0	61.0	Communication Services	配当未取得	1株配当が取得できていない	除外推奨	掲載非推奨	OK_配当データ要確認	2085.5	-88.24	-53.5	-384.89		-2125.2	-27.48		-182.55	
7064	ハウテレビジョン	スタンダード（内国株式）	9050	サービス業	10	情報通信・サービスその他	-	-	856.0						配当未取得		24.47	1.52	23.3	1500.0	752.0	Industrials	配当未取得	1株配当が取得できていない	除外推奨	掲載非推奨	OK_配当データ要確認	2558.1	79.52	18.05	52.96	0.28	238.7	34.98		12.17	
7065	ユーピーアール	スタンダード（内国株式）	9050	サービス業	10	情報通信・サービスその他	-	-	1005.0	3.48	35.0	3.48	35.0	3.48	配当あり	いいえ	10.9	0.81	77.0	1138.0	692.0	Industrials			OK	通常掲載可	OK	15354.2	1.81	-0.7	41.66	1.0	-665.2	92.16	37.98	7.99	3
7066	ピアズ	グロース（内国株式）	9050	サービス業	10	情報通信・サービスその他	-	-	404.0	3.34	13.5	3.47	13.5	3.34	配当あり	いいえ	8.69	1.28	36.4	835.0	363.0	Industrials			OK	通常掲載可	OK	6103.9	9.16	-1.69	61.91	0.28	664.6	46.5	29.03	15.06	4
7067	ブランディングテクノロジー	グロース（内国株式）	9050	サービス業	10	情報通信・サービスその他	-	-	956.0	1.05	10.0	1.05	10.0	1.05	配当あり	いいえ	34.13	1.21	15.3	1538.0	904.0	Communication Services			OK	通常掲載可	OK	5028.7	2.2	9.15	56.94	0.18	48.4	28.01	35.7	3.58	0
7068	フィードフォースグループ	グロース（内国株式）	9050	サービス業	10	情報通信・サービスその他	-	-	528.0	3.79	20.0	3.94	20.0	3.79	配当あり	いいえ	8.57	3.78	126.0	810.0	447.0	Communication Services			OK	通常掲載可	OK	4373.0	36.41	3.41	43.39	0.66	1373.0	61.62	32.46	40.67	1
7069	サイバー・バズ	グロース（内国株式）	9050	サービス業	10	情報通信・サービスその他	-	-	673.0						配当未取得		9.48	2.56	54.8	740.0	348.0	Communication Services	配当未取得	1株配当が取得できていない	除外推奨	掲載非推奨	OK_配当データ要確認	7131.2	4.9	-4.44	24.21	1.62	266.9	71.0		78.47	
7071	アンビスホールディングス	プライム（内国株式）	9050	サービス業	10	情報通信・サービスその他	7	TOPIX Small 2	337.0	1.19	4.0	1.19	4.0	1.19	配当あり	いいえ	11.34	0.87	330.6	845.0	319.0	Healthcare			OK	通常掲載可	OK	49174.0	12.53	15.77	43.04	1.11	-4399.0	29.72	13.46	7.85	0
7072	インティメート・マージャー	グロース（内国株式）	9050	サービス業	10	情報通信・サービスその他	-	-	979.0						配当未取得		17.51	1.86	30.8	1769.0	801.0	Technology	配当未取得	1株配当が取得できていない	除外推奨	掲載非推奨	OK_配当データ要確認	3363.6	6.77	12.3	69.88	0.07	218.0	55.9		16.64	
7073	ジェイック	グロース（内国株式）	9050	サービス業	10	情報通信・サービスその他	-	-	2430.0	2.26	55.0	2.36	55.0	2.26	配当あり	いいえ	17.18	2.34	22.5	2850.0	1915.0	Consumer Defensive			OK	通常掲載可	OK	4475.8	4.54	6.82	34.21	1.11	292.1	141.43	38.89	17.53	1
7074	トゥエンティーフォーセブンホールディングス	グロース（内国株式）	9050	サービス業	10	情報通信・サービスその他	-	-	164.0						配当未取得			24.85	13.9	315.0	163.0	Consumer Cyclical	配当未取得	1株配当が取得できていない	除外推奨	掲載非推奨	OK_配当データ要確認	2094.7	-8.49	-17.12	8.33	0.51	-313.4	-24.58		-177.12	
7075	ＱＬＳホールディングス	グロース（内国株式）	9050	サービス業	10	情報通信・サービスその他	-	-	804.0	1.37	11.0	1.37	11.0	1.37	配当あり	いいえ	11.74	2.9	60.2	874.0	685.0	Industrials			OK	通常掲載可	OK	12024.3	7.32	13.99	36.36	0.95	423.3	68.5	16.06	27.6	0
7077	ＡＬｉＮＫインターネット	グロース（内国株式）	9050	サービス業	10	情報通信・サービスその他	-	-	998.0						配当未取得			1.3	18.0	1221.0	939.0	Communication Services	配当未取得	1株配当が取得できていない	除外推奨	掲載非推奨	OK_配当データ要確認	1016.0	-9.31	14.36	75.45	0.22	-159.6	-150.6		-17.84	
7078	ＩＮＣＬＵＳＩＶＥ　Ｈｏｌｄｉｎｇｓ	グロース（内国株式）	9050	サービス業	10	情報通信・サービスその他	-	-	360.0						配当未取得			2.24	36.2	626.0	332.0	Communication Services	配当未取得	1株配当が取得できていない	除外推奨	掲載非推奨	OK_配当データ要確認	4569.2	-9.07	-6.7	47.33	0.43	-250.7	-16.99		-11.35	
7079	ＷＤＢココ	グロース（内国株式）	9050	サービス業	10	情報通信・サービスその他	-	-	2582.0	7.75	200.0	7.8	200.0	7.75	配当あり	いいえ	9.08	1.3	62.1	3125.0	2500.0	Healthcare			OK	通常掲載可	OK	4815.8	19.88	-9.59	83.85	0.02	521.2	284.28	70.35	14.96	5
7080	スポーツフィールド	グロース（内国株式）	9050	サービス業	10	情報通信・サービスその他	-	-	821.0	2.8	23.0	2.8	23.0	2.8	配当あり	いいえ	7.65	2.27	60.2	1028.0	674.0	Industrials			OK	通常掲載可	OK	4784.9	22.55	24.44	62.55	0.15	823.8	107.39	21.42	35.8	1
7081	コーユーレンティア	スタンダード（内国株式）	9050	サービス業	10	情報通信・サービスその他	-	-	1311.0	2.82	37.0	2.84	37.0	2.82	配当あり	いいえ	7.66	1.14	145.8	1485.0	1050.0	Industrials			OK	通常掲載可	OK	34701.6	8.66	8.91	61.5	0.03	3043.6	171.21	21.61	17.7	5
7082	ジモティー	グロース（内国株式）	9050	サービス業	10	情報通信・サービスその他	-	-	1403.0						配当未取得		29.33	7.52	136.9	1740.0	688.0	Communication Services	配当未取得	1株配当が取得できていない	除外推奨	掲載非推奨	OK_配当データ要確認	1932.0	28.45	8.91	69.13	0.21	428.8	47.84		32.63	
7083	ＡＨＣグループ	グロース（内国株式）	9050	サービス業	10	情報通信・サービスその他	-	-	990.0	1.21	12.0	1.21	12.0	1.21	配当あり	いいえ	1980.0	1.79	20.4	1029.0	700.0	Healthcare			OK	通常掲載可	OK	6660.1	1.64	6.09	19.38	3.56	-88.8	0.5	2400.0	-0.17	1
7084	Ｓｍｉｌｅ　Ｈｏｌｄｉｎｇｓ	グロース（内国株式）	9050	サービス業	10	情報通信・サービスその他	-	-	2771.0	3.79	105.0	3.79	105.0	3.79	配当あり	いいえ	40.65	1.44	88.8	3595.0	1794.0	Consumer Cyclical			OK	通常掲載可	OK	14517.2	2.55	6.3	36.82	1.07	-451.2	68.17	154.03	3.48	
7085	カーブスホールディングス	プライム（内国株式）	9050	サービス業	10	情報通信・サービスその他	6	TOPIX Small 1	915.0	2.19	20.0	2.19	20.0	2.19	配当あり	いいえ	19.08	3.68	842.6	940.0	664.0	Consumer Cyclical			OK	通常掲載可	OK	37566.0	16.88	5.92	51.42	0.27	5517.0	47.95	41.71	20.46	4
7087	ウイルテック	スタンダード（内国株式）	9050	サービス業	10	情報通信・サービスその他	-	-	1322.0	3.25	43.0	3.25	43.0	3.25	配当あり	いいえ	9.67	0.97	83.6	1505.0	850.0	Technology			OK	通常掲載可	OK	45936.0	2.9	3.05	45.03	0.13	311.0	136.69	31.46	10.71	0
7089	フォースタートアップス	グロース（内国株式）	9050	サービス業	10	情報通信・サービスその他	-	-	1531.0						配当未取得		12.33	3.59	98.8	1669.0	700.0	Industrials	配当未取得	1株配当が取得できていない	除外推奨	掲載非推奨	OK_配当データ要確認	5268.6	21.26	42.64	55.47	0.14	963.4	124.16		25.46	
7090	リグア	グロース（内国株式）	9050	サービス業	10	情報通信・サービスその他	-	-	744.0						配当未取得			6.7	11.8	1705.0	703.0	Healthcare	配当未取得	1株配当が取得できていない	除外推奨	掲載非推奨	OK_配当データ要確認	2872.4	-5.39	-16.27	10.18	6.57	127.0	-159.25		-97.37	
7091	リビングプラットフォーム	グロース（内国株式）	9050	サービス業	10	情報通信・サービスその他	-	-	1208.0	0.83	10.0	0.83	10.0	0.83	配当あり	いいえ	13.62	2.17	54.2	1326.0	858.0	Healthcare			OK	通常掲載可	OK	22057.5	2.12	14.86	19.07	2.62	328.9	88.67	11.28	17.42	
7093	アディッシュ	グロース（内国株式）	9050	サービス業	10	情報通信・サービスその他	-	-	495.0						配当未取得			1.91	10.4	915.0	464.0	Technology	配当未取得	1株配当が取得できていない	除外推奨	掲載非推奨	OK_配当データ要確認	3696.0	0.07	2.89	41.28	0.53	-13.1	-1.03		3.21	
7094	ＮｅｘＴｏｎｅ	グロース（内国株式）	9050	サービス業	10	情報通信・サービスその他	-	-	1319.0	1.67	22.0	1.67	22.0	1.67	配当あり	いいえ	16.29	2.32	128.8	2388.0	1244.0	Industrials			OK	通常掲載可	OK	20774.0	6.26	7.02	35.15		1433.0	80.99	27.16	12.01	
7095	Ｍａｃｂｅｅ　Ｐｌａｎｅｔ	プライム（内国株式）	9050	サービス業	10	情報通信・サービスその他	7	TOPIX Small 2	1095.0	5.02	55.0	5.15	55.0	5.02	配当あり	いいえ	6.3	1.08	136.4	2724.0	976.0	Communication Services			OK	通常掲載可	OK	51675.0	10.01	31.14	52.68	0.26	-371.0	173.89	31.63	19.65	0
7096	ステムセル研究所	グロース（内国株式）	9050	サービス業	10	情報通信・サービスその他	-	-	723.0						配当未取得		46.95	2.71	72.8	1245.0	627.0	Healthcare	配当未取得	1株配当が取得できていない	除外推奨	掲載非推奨	OK_配当データ要確認	2811.3	7.21	4.93	33.01	0.18	-453.3	15.4		4.59	
7097	さくらさくプラス	グロース（内国株式）	9050	サービス業	10	情報通信・サービスその他	-	-	2997.0	0.93	28.0	0.93	28.0	0.93	配当あり	いいえ	17.66	2.03	133.3	3350.0	2390.0	Healthcare			OK	通常掲載可	OK	17212.0	4.51	24.33	38.62	0.85	2073.0	169.7	16.5	11.46	3
7102	日本車輌製造	プライム（内国株式）	3700	輸送用機器	6	自動車・輸送機	7	TOPIX Small 2	3190.0	1.57	50.0	1.59	50.0	1.57	配当あり	いいえ	3.9	0.56	460.3	4425.0	2026.0	Industrials			OK	通常掲載可	OK	99971.0	11.62	3.77	53.91	0.4	4457.0	818.55	6.11	15.88	2
7110	クラシコム	グロース（内国株式）	6100	小売業	14	小売	-	-	2017.0	2.38	48.0	2.38	48.0	2.38	配当あり	いいえ	15.67	2.53	148.7	2450.0	1500.0	Consumer Cyclical			OK	通常掲載可	OK	7012.8	15.45	15.71	84.46	0.03	578.9	128.68	37.3	19.19	1
7111	ＩＮＥＳＴ	スタンダード（内国株式）	6050	卸売業	13	商社・卸売	-	-	430.0						配当未取得		74.01	0.61	31.3	1020.0	404.0	Industrials	配当未取得	1株配当が取得できていない	除外推奨	掲載非推奨	OK_配当データ要確認	18960.0	1.1	4.26	45.47	0.76	-588.0	5.81		3.64	
7112	キューブ	グロース（内国株式）	6100	小売業	14	小売	-	-	701.0						配当未取得		124.96	3.94	42.9	991.0	440.0	Consumer Cyclical	配当未取得	1株配当が取得できていない	除外推奨	掲載非推奨	OK_配当データ要確認	4863.6	1.22	-0.0	87.66	0.0	-416.0	5.61		3.15	
7114	フーディソン	グロース（内国株式）	6050	卸売業	13	商社・卸売	-	-	710.0						配当未取得		21.79	1.34	31.7	998.0	680.0	Consumer Defensive	配当未取得	1株配当が取得できていない	除外推奨	掲載非推奨	OK_配当データ要確認	7820.0	2.35	13.89	71.23	0.07	57.8	32.59		6.28	
7115	アルファパーチェス	スタンダード（内国株式）	6050	卸売業	13	商社・卸売	-	-	1555.0	2.38	37.0	2.38	37.0	2.38	配当あり	いいえ	14.99	2.28	152.7	3845.0	1380.0	Industrials			OK	通常掲載可	OK	58922.5	2.49	5.31	33.96	0.0	10.0	103.72	35.67	16.26	3
7119	ハルメクホールディングス	グロース（内国株式）	6100	小売業	14	小売	-	-	1685.0	2.37	40.0	2.37	40.0	2.37	配当あり	いいえ	17.95	2.09	186.2	1710.0	1065.0	Industrials			OK	通常掲載可	OK	33812.0	5.25	-0.35	42.02	0.51	1340.0	93.85	42.62	12.3	
7120	ＳＨＩＮＫＯ	スタンダード（内国株式）	6050	卸売業	13	商社・卸売	-	-	1046.0	4.21	44.0	4.4	44.0	4.21	配当あり	いいえ	6.97	2.16	49.2	1094.0	720.67	Technology			OK	通常掲載可	OK	19383.8	4.71	14.67	25.93	0.53	-481.9	150.0	29.33	33.56	2
7122	近畿車輛	スタンダード（内国株式）	3700	輸送用機器	6	自動車・輸送機	-	-	2400.0	2.08	50.0	2.08	50.0	2.08	配当あり	いいえ	10.51	0.46	165.1	2566.0	1916.0	Industrials			OK	通常掲載可	OK	37100.0	-0.63	22.62	49.29	0.04	13799.0	228.38	21.89	4.51	0
7126	グローバルスタイル	スタンダード（内国株式）	6100	小売業	14	小売	-	-	1530.0	6.14	94.0	6.14	94.0	6.14	配当あり	いいえ	11.49	1.58	51.9	1645.0	1313.0	Consumer Cyclical			OK	通常掲載可	OK	11167.8	5.64	7.31	32.69	1.24	220.3	133.11	70.62	16.72	1
7127	一家ホールディングス	スタンダード（内国株式）	6100	小売業	14	小売	-	-	700.0						配当未取得		64.94	5.1	51.5	735.0	650.0	Consumer Cyclical	配当未取得	1株配当が取得できていない	除外推奨	掲載非推奨	OK_配当データ要確認	11533.0	2.17	14.3	15.47	3.81	132.6	10.78		8.36	
7128	ユニソルホールディングス	プライム（内国株式）	6050	卸売業	13	商社・卸売	6	TOPIX Small 1	2130.0	4.74	101.0	4.74	101.0	4.74	配当あり	いいえ	26.96	0.71	512.2	2449.0	1995.0	Industrials			OK	通常掲載可	OK	159036.0	16.33	-1.66	62.11	0.02	4365.0	79.02	127.82	2.84	0
7129	ミアヘルサホールディングス	スタンダード（内国株式）	6100	小売業	14	小売	-	-	1131.0	2.65	30.0	2.65	30.0	2.65	配当あり	いいえ	15.7	0.81	31.7	1200.0	1086.0	Healthcare			OK	通常掲載可	OK	24850.7	3.32	4.3	25.1	1.5	513.8	72.04	41.64	5.16	0
7130	ヤマエグループホールディングス	プライム（内国株式）	6050	卸売業	13	商社・卸売	6	TOPIX Small 1	2864.0	2.79	80.0	2.81	80.0	2.79	配当あり	いいえ	7.14	0.74	795.2	3225.0	2314.0	Industrials			OK	通常掲載可	OK	1085219.0	1.67	7.78	23.74	1.15	714.0	401.25	19.94	11.58	3
7131	のむら産業	スタンダード（内国株式）	6050	卸売業	13	商社・卸売	-	-	3495.0	2.75	96.0	2.75	96.0	2.75	配当あり	いいえ	6.46	1.78	46.2	4450.0	2058.0	Consumer Cyclical			OK	通常掲載可	OK	7111.9	10.59	7.55	47.3	0.01	932.8	540.68	17.76	30.8	3
7133	ＨＹＵＧＡ　ＰＲＩＭＡＲＹ　ＣＡＲＥ	グロース（内国株式）	6100	小売業	14	小売	-	-	1100.0	3.64	40.0	3.64	40.0	3.64	配当あり	いいえ	15.41	2.87	78.5	1593.0	836.0	Healthcare			OK	通常掲載可	OK	11983.2	6.82	20.01	32.95	1.18	-15.3	71.39	56.03	19.64	
7134	アップガレージグループ	スタンダード（内国株式）	6100	小売業	14	小売	-	-	1230.0	3.46	42.5	3.46	42.5	3.46	配当あり	いいえ	12.29	1.9	97.5	1317.0	965.0	Consumer Cyclical			OK	通常掲載可	OK	15385.0	7.17	10.04	69.45	0.05	702.2	100.12	42.45	16.02	3
7135	ジャパンクラフトホールディングス	スタンダード（内国株式）	6100	小売業	14	小売	-	-	217.0	1.38	3.0	1.38	3.0	1.38	配当あり	いいえ		0.71	81.0	261.0	194.0	Consumer Cyclical			OK	通常掲載可	OK	15393.7	-10.35	-9.42	26.28	1.13	-1734.4	-1.24		-16.9	
7138	ＴＯＲＩＣＯ	グロース（内国株式）	6100	小売業	14	小売	-	-	121.0						配当未取得			1.09	18.9	630.0	119.0	Communication Services	配当未取得	1株配当が取得できていない	除外推奨	掲載非推奨	OK_配当データ要確認	3677.3	-7.08	-5.66	54.7	0.32	-167.8	-49.69		-29.86	
7140	ペットゴー	グロース（内国株式）	6100	小売業	14	小売	-	-	824.0						配当未取得			1.54	15.5	980.0	732.0	Healthcare	配当未取得	1株配当が取得できていない	除外推奨	掲載非推奨	OK_配当データ要確認	9032.6	2.53	-8.81	37.04	0.91	86.9	-121.54		-22.61	
7148	ＦＰＧ	プライム（内国株式）	7100	証券、商品先物取引業	16	金融（除く銀行）	6	TOPIX Small 1	1531.0	6.05	92.7	6.05	92.7	6.05	配当あり	いいえ	8.39	2.14	1282.0	2509.0	1467.0	Financial Services			OK	通常掲載可	OK	129764.0	19.59	20.4	44.98	0.95	108015.0	182.5	50.79	26.87	5
7150	島根銀行	スタンダード（内国株式）	7050	銀行業	15	銀行	-	-	469.0	2.13	10.0	2.13	10.0	2.13	配当あり	いいえ	27.93	0.31	38.6	720.0	457.0	Financial Services			OK	通常掲載可	OK	9550.0		10.0	2.19	1.48	-4486.0	16.79	59.56	2.71	0
7157	ライフネット生命保険	プライム（内国株式）	7150	保険業	16	金融（除く銀行）	6	TOPIX Small 1	1510.0						配当未取得		15.53	1.27	1213.1	2631.0	1470.0	Financial Services	配当未取得	1株配当が取得できていない	除外推奨	掲載非推奨	OK_配当データ要確認	33377.0		13.96	78.47	0.01	7990.0	97.24		8.57	
7161	じもとホールディングス	スタンダード（内国株式）	7050	銀行業	15	銀行	-	-	502.0	1.99	10.0	2.02	10.0	1.99	配当あり	いいえ	5.49	0.15	134.1	624.0	330.0	Financial Services			OK	通常掲載可	OK	34724.0		6.9	3.53	0.88	-20399.0	91.36	10.95	3.03	0
7162	アストマックス	スタンダード（内国株式）	4050	電気・ガス業	11	電力・ガス	-	-	256.0	2.73	7.0	2.73	7.0	2.73	配当あり	いいえ	1.7	0.44	33.7	519.0	198.0	Financial Services			OK	通常掲載可	OK	25258.3	10.44	22.22	35.42	0.42	622.0	150.58	4.65	30.04	0
7164	全国保証	プライム（内国株式）	7200	その他金融業	16	金融（除く銀行）	4	TOPIX Mid400	3022.0	4.07	123.0	4.04	123.0	4.07	配当あり	いいえ	12.48	1.64	4015.1	3582.0	2780.0	Financial Services			OK	通常掲載可	OK	58739.0	70.45	3.1	48.95	0.12	32440.0	242.06	50.81	13.44	12
7167	めぶきフィナンシャルグループ	プライム（内国株式）	7050	銀行業	15	銀行	4	TOPIX Mid400	1431.5	2.79	40.0	2.79	40.0	2.79	配当あり	いいえ	15.87	1.25	13435.4	1456.5	745.1	Financial Services			OK	通常掲載可	OK	341887.0		22.01	5.09	1.19	-1136385.0	90.18	44.36	8.24	3
7172	ジャパンインベストメントアドバイザー	プライム（内国株式）	7100	証券、商品先物取引業	16	金融（除く銀行）	6	TOPIX Small 1	2002.0	5.39	108.0	5.31	108.0	5.39	配当あり	いいえ	11.49	1.57	1243.3	2496.0	1631.0	Industrials			OK	通常掲載可	OK	38738.0	48.76	24.44	25.03	2.44	-8659.0	174.23	61.99	16.03	2
7173	東京きらぼしフィナンシャルグループ	プライム（内国株式）	7050	銀行業	15	銀行	6	TOPIX Small 1	1760.0	1.7	30.0	1.67	30.0	1.7	配当あり	いいえ	14.05	1.01	5038.1	1920.0	775.0	Financial Services			OK	通常掲載可	OK	167964.0		14.69	5.79	0.22	-146163.0	125.31	23.94	10.66	4
7175	今村証券	スタンダード（内国株式）	7100	証券、商品先物取引業	16	金融（除く銀行）	-	-	1384.0	5.27	73.0	5.36	73.0	5.27	配当あり	いいえ	6.6	0.54	70.8	1434.0	1050.0	Financial Services			OK	通常掲載可	OK	4914.5	28.64	17.39	49.58	0.23	3079.6	209.68	34.81	8.35	0
7177	ＧＭＯフィナンシャルホールディングス	スタンダード（内国株式）	7100	証券、商品先物取引業	16	金融（除く銀行）	-	-	979.0	5.59	54.76	5.57	54.76	5.59	配当あり	いいえ	11.11	3.76	1155.1	1179.0	775.0	Financial Services			OK	通常掲載可	OK	49515.0	32.05	-7.04	3.76	4.77	10671.0	88.11	62.15	20.74	1
7180	九州フィナンシャルグループ	プライム（内国株式）	7050	銀行業	15	銀行	4	TOPIX Mid400	1466.5	2.59	38.0	2.64	38.0	2.59	配当あり	いいえ	16.42	0.82	6211.5	1505.0	719.0	Financial Services			OK	通常掲載可	OK	208815.0		0.1	5.63	1.61	-76427.0	89.31	42.55	5.15	3
7181	かんぽ生命保険	プライム（内国株式）	7150	保険業	16	金融（除く銀行）	4	TOPIX Mid400	1519.0	3.29	50.0	3.28	50.0	3.29	配当あり	いいえ	10.01	0.4	16460.1	1771.67	1070.33	Financial Services			OK	通常掲載可	OK	2883318.0		-18.57	7.11	0.12	-1928702.0	151.75	32.95	4.57	3
7182	ゆうちょ銀行	プライム（内国株式）	7050	銀行業	15	銀行	2	TOPIX Large70	3087.0	6.03	186.0	6.07	186.0	6.03	配当あり	いいえ	20.83	1.19	109957.3	3308.0	1551.0	Financial Services			OK	通常掲載可	OK	1680312.0		-12.7	3.87	0.28	4543699.0	148.18	125.52	5.88	2
7183	あんしん保証	スタンダード（内国株式）	7200	その他金融業	16	金融（除く銀行）	-	-	253.0	1.19	3.0	1.27	3.0	1.19	配当あり	いいえ	15.22	1.69	43.9	257.0	142.0	Financial Services			OK	通常掲載可	OK	6162.4	4.2	14.62	17.57	0.29	-114.7	16.62	18.05	11.73	0
7184	富山第一銀行	プライム（内国株式）	7050	銀行業	15	銀行	6	TOPIX Small 1	2546.0	2.95	75.0	2.95	75.0	2.95	配当あり	いいえ	10.64	0.81	1549.3	2899.0	983.0	Financial Services			OK	通常掲載可	OK	48331.0		4.58	11.67	0.13	17327.0	239.32	31.34	8.58	4
7185	ヒロセ通商	スタンダード（内国株式）	7100	証券、商品先物取引業	16	金融（除く銀行）	-	-	3845.0	1.01	39.0	1.03	39.0	1.01	配当あり	いいえ	11.29	1.09	236.6	4345.0	3415.0	Financial Services			OK	通常掲載可	OK	10490.6	28.98	2.81	15.89	0.33	-482.1	340.67	11.45	9.92	0
7186	横浜フィナンシャルグループ	プライム（内国株式）	7050	銀行業	15	銀行	4	TOPIX Mid400	1739.0	2.76	48.0	2.76	48.0	2.76	配当あり	いいえ	18.42	1.38	19328.6	1822.0	919.8	Financial Services			OK	通常掲載可	OK	314419.0		9.71	5.19	1.76	360451.0	94.43	50.83	7.96	5
7187	ジェイリース	プライム（内国株式）	7200	その他金融業	16	金融（除く銀行）	7	TOPIX Small 2	1323.0	4.54	60.0	4.54	60.0	4.54	配当あり	いいえ	9.52	3.19	235.9	1790.0	1195.0	Real Estate			OK	通常掲載可	OK	21574.7	16.8	24.93	33.37	0.77	-74.9	138.92	43.19	37.15	4
7189	西日本フィナンシャルホールディングス	プライム（内国株式）	7050	銀行業	15	銀行	4	TOPIX Mid400	4183.0	3.35	140.0	3.35	140.0	3.35	配当あり	いいえ	0.01	0.94	5826.2	4486.0	2131.0	Financial Services			OK	通常掲載可	OK	190231.0		23.17	4.45	2.26	-105876.0	288017.94	0.05	6.87	4
7191	イントラスト	スタンダード（内国株式）	7200	その他金融業	16	金融（除く銀行）	-	-	1069.0	4.68	50.0	4.67	50.0	4.68	配当あり	いいえ	13.75	2.94	239.2	1222.0	881.0	Financial Services			OK	通常掲載可	OK	12283.3	22.52	16.18	63.3		1542.2	77.72	64.33	23.1	8
7192	日本モーゲージサービス	スタンダード（内国株式）	7200	その他金融業	16	金融（除く銀行）	-	-	552.0	5.43	30.0	5.4	30.0	5.43	配当あり	いいえ	7.5	0.85	81.2	738.0	418.0	Financial Services			OK	通常掲載可	OK	7960.2	19.89	5.21	38.7	0.94	-1270.4	73.58	40.77	12.04	1
7196	Ｃａｓａ	スタンダード（内国株式）	7200	その他金融業	16	金融（除く銀行）	-	-	792.0	2.53	20.0	2.54	20.0	2.53	配当あり	いいえ	63.72	1.13	71.9	872.0	706.0	Financial Services			OK	通常掲載可	OK	12754.0	-0.5	4.91	43.47	0.09	356.5	12.43	160.9	13.63	1
7198	ＳＢＩアルヒ	プライム（内国株式）	7200	その他金融業	16	金融（除く銀行）	7	TOPIX Small 2	781.0	5.12	40.0	5.11	40.0	5.12	配当あり	いいえ	19.3	1.06	347.2	950.0	767.0	Financial Services			OK	通常掲載可	OK	25086.0	35.45	12.53	18.36	3.14	-15506.0	40.46	98.86	15.2	0
7199	プレミアグループ	プライム（内国株式）	7200	その他金融業	16	金融（除く銀行）	6	TOPIX Small 1	2094.0	3.06	64.0	3.08	64.0	3.06	配当あり	いいえ	13.26	3.22	814.0	2468.0	1609.0	Financial Services			OK	通常掲載可	OK	44042.0	19.07	20.96	12.7	3.36	-22909.0	157.89	40.53	27.46	6
7201	日産自動車	プライム（内国株式）	3700	輸送用機器	6	自動車・輸送機	4	TOPIX Mid400	303.7						配当未取得			0.22	10618.5	466.0	290.8	Consumer Cyclical	配当未取得	1株配当が取得できていない	除外推奨	掲載非推奨	OK_配当データ要確認	12633214.0	0.55	-0.41	26.06	1.63	-624342.0	-152.58		-9.86	0
7202	いすゞ自動車	プライム（内国株式）	3700	輸送用機器	6	自動車・輸送機	4	TOPIX Mid400	2154.5	4.36	94.0	4.36	94.0	4.36	配当あり	いいえ	11.16	1.0	14806.5	2929.0	1809.5	Consumer Cyclical			OK	通常掲載可	OK	3479074.0	5.86	7.52	40.39	0.58	31207.0	193.11	48.68	10.68	0
7203	トヨタ自動車	プライム（内国株式）	3700	輸送用機器	6	自動車・輸送機	1	TOPIX Core30	2724.5	3.67	100.0	3.67	100.0	3.67	配当あり	いいえ	9.23	0.89	322609.5	4000.0	2442.0	Consumer Cyclical			OK	通常掲載可	OK	50684952.0	7.43	5.51	37.83	1.08	179572.0	295.06	33.89	10.23	6
7208	カネミツ	スタンダード（内国株式）	3700	輸送用機器	6	自動車・輸送機	-	-	1214.0	3.46	42.0	3.42	42.0	3.46	配当あり	いいえ	8.45	0.5	62.1	1378.0	838.0	Consumer Cyclical			OK	通常掲載可	OK	11039.8	7.97	-0.7	77.21	0.03	1629.5	143.74	29.22	6.17	5
7211	三菱自動車工業	プライム（内国株式）	3700	輸送用機器	6	自動車・輸送機	4	TOPIX Mid400	314.3	3.18	10.0	3.2	10.0	3.18	配当あり	いいえ	41.96	0.46	4206.4	458.0	300.7	Consumer Cyclical			OK	通常掲載可	OK	2896536.0	2.61	3.88	38.02	0.43	-87142.0	7.49	133.51	2.19	0
7212	エフテック	スタンダード（内国株式）	3700	輸送用機器	6	自動車・輸送機	-	-	647.0	3.09	20.0	3.1	20.0	3.09	配当あり	いいえ	2.53	0.21	120.2	865.0	605.0	Consumer Cyclical			OK	通常掲載可	OK	291866.0	2.88	-2.98	31.83	1.2	10516.0	255.31	7.83	7.47	0
7213	レシップホールディングス	スタンダード（内国株式）	3700	輸送用機器	6	自動車・輸送機	-	-	590.0	4.41	26.0	4.5	26.0	4.41	配当あり	いいえ	7.73	0.83	91.3	643.0	434.0	Technology			OK	通常掲載可	OK	23898.2	5.31	-7.84	50.55	0.12	3030.1	76.3	34.08	11.17	2
7214	ＧＭＢ	スタンダード（内国株式）	3700	輸送用機器	6	自動車・輸送機	-	-	959.0	5.63	54.0	5.59	54.0	5.63	配当あり	いいえ		0.22	51.1	994.0	806.0	Consumer Cyclical			OK	通常掲載可	OK	105280.6	3.15	1.51	23.7	1.76	-2545.0	-193.14		-1.52	4
7215	ファルテック	スタンダード（内国株式）	3700	輸送用機器	6	自動車・輸送機	-	-	415.0						配当未取得			0.21	38.9	460.0	337.0	Consumer Cyclical	配当未取得	1株配当が取得できていない	除外推奨	掲載非推奨	OK_配当データ要確認	73202.0	2.18	-7.47	28.95	1.39	673.0	-89.31		-3.36	0
7217	テイン	スタンダード（内国株式）	3700	輸送用機器	6	自動車・輸送機	-	-	422.0	4.27	18.0	4.18	18.0	4.27	配当あり	いいえ	12.69	0.62	41.4	459.0	359.0	Consumer Cyclical			OK	通常掲載可	OK	5594.3	5.97	4.67	76.03	0.09	248.1	33.25	54.14	5.2	0
7218	田中精密工業	スタンダード（内国株式）	3700	輸送用機器	6	自動車・輸送機	-	-	1002.0	3.39	34.0	3.27	34.0	3.39	配当あり	いいえ	8.14	0.38	86.8	1294.0	925.0	Consumer Cyclical			OK	通常掲載可	OK	43790.5	5.42	8.19	54.4	0.26	-2432.2	123.03	27.64	4.44	4
7219	エッチ・ケー・エス	スタンダード（内国株式）	3700	輸送用機器	6	自動車・輸送機	-	-	2304.0	2.82	65.0	2.78	65.0	2.82	配当あり	いいえ	7.87	0.3	32.6	2400.0	2062.0	Consumer Cyclical			OK	通常掲載可	OK	8976.6	4.4	-0.31	80.48	0.05	304.8	292.84	22.2	3.88	0
7220	武蔵精密工業	プライム（内国株式）	3700	輸送用機器	6	自動車・輸送機	6	TOPIX Small 1	3930.0	1.02	40.0	1.02	40.0	1.02	配当あり	いいえ	204.05	2.11	2575.8	10550.0	2210.0	Consumer Cyclical			OK	通常掲載可	OK	347200.0	5.92	0.0	40.46	0.81	6230.0	19.26	207.68	1.84	0
7222	日産車体	スタンダード（内国株式）	3700	輸送用機器	6	自動車・輸送機	7	TOPIX Small 2	930.0	1.94	18.0	1.94	18.0	1.94	配当あり	いいえ	18.62	0.69	1259.7	1319.0	887.0	Consumer Cyclical			OK	通常掲載可	OK	403800.0	3.51	15.2	66.33	0.02	21989.0	49.94	36.04	3.82	0
7224	新明和工業	プライム（内国株式）	3700	輸送用機器	6	自動車・輸送機	6	TOPIX Small 1	1998.0	2.9	58.0	2.89	58.0	2.9	配当あり	いいえ	11.52	1.06	1321.5	2744.0	1576.0	Industrials			OK	通常掲載可	OK	285024.0	5.73	6.97	42.18	0.39	14059.0	173.43	33.44	9.67	4
7226	極東開発工業	プライム（内国株式）	3700	輸送用機器	6	自動車・輸送機	6	TOPIX Small 1	2132.0	5.63	120.0	5.67	120.0	5.63	配当あり	いいえ	22.22	0.72	821.0	3550.0	2041.0	Industrials			OK	通常掲載可	OK	161332.0	5.5	14.87	55.75	0.37	3374.0	95.94	125.08	3.19	2
7228	デイトナ	スタンダード（内国株式）	3700	輸送用機器	6	自動車・輸送機	-	-	3800.0	3.95	150.0	3.95	150.0	3.95	配当あり	いいえ	8.22	0.96	92.3	4330.0	3550.0	Consumer Cyclical			OK	通常掲載可	OK	14377.0	11.21	-1.38	80.72	0.09	725.1	462.46	32.44	13.31	2
7229	ユタカ技研	スタンダード（内国株式）	3700	輸送用機器	6	自動車・輸送機	-	-							配当未取得								yfinanceデータなし	yfinanceで株価・配当データが取得できなかった	除外推奨	掲載非推奨	データなし										
7231	トピー工業	プライム（内国株式）	3700	輸送用機器	6	自動車・輸送機	7	TOPIX Small 2	2746.0	4.92	135.0	4.98	135.0	4.92	配当あり	いいえ	5.9	0.41	593.5	3710.0	2240.0	Consumer Cyclical			OK	通常掲載可	OK	297750.0	2.61	-0.95	53.01	0.41	2976.0	465.31	29.01	7.25	4
7235	東京ラヂエーター製造	スタンダード（内国株式）	3700	輸送用機器	6	自動車・輸送機	-	-	1456.0	5.36	78.0	5.38	78.0	5.36	配当あり	いいえ	6.78	0.58	138.6	1840.0	892.0	Consumer Cyclical			OK	通常掲載可	OK	35382.7	6.66	3.88	71.97	0.0	728.3	214.89	36.3	8.47	3
7236	ティラド	プライム（内国株式）	3700	輸送用機器	6	自動車・輸送機	7	TOPIX Small 2	1480.0	5.41	80.0	5.55	80.0	5.41	配当あり	いいえ	9.76	0.16	837.8	1590.0	448.0	Consumer Cyclical			OK	通常掲載可	OK	162278.0	6.94	1.91	53.15	0.41	4908.0	151.7	52.74	17.24	2
7238	曙ブレーキ工業	プライム（内国株式）	3700	輸送用機器	6	自動車・輸送機	7	TOPIX Small 2	108.0						配当未取得		31.03	0.58	293.1	183.0	100.0	Consumer Cyclical	配当未取得	1株配当が取得できていない	除外推奨	掲載非推奨	OK_配当データ要確認	160109.0	3.48	-0.97	39.3	0.7	257.0	3.48		4.85	0
7239	タチエス	プライム（内国株式）	3700	輸送用機器	6	自動車・輸送機	6	TOPIX Small 1	2102.0	5.47	115.0	5.42	115.0	5.47	配当あり	いいえ	7.83	0.69	721.4	2354.0	1701.0	Consumer Cyclical			OK	通常掲載可	OK	269009.0	4.31	-5.74	61.56	0.06	7808.0	268.43	42.84	9.52	5
7240	ＮＯＫ	プライム（内国株式）	3700	輸送用機器	6	自動車・輸送機	4	TOPIX Mid400	2904.5	4.82	140.0	4.82	140.0	4.82	配当あり	いいえ	10.16	0.74	4613.7	3355.0	2089.5	Consumer Cyclical			OK	通常掲載可	OK	738434.0	4.47	-3.71	65.66	0.1	18328.0	285.8	48.99	7.88	5
7241	フタバ産業	プライム（内国株式）	3700	輸送用機器	6	自動車・輸送機	6	TOPIX Small 1	945.0	4.87	46.0	4.89	46.0	4.87	配当あり	いいえ	5.24	0.61	843.9	1179.0	770.0	Consumer Cyclical			OK	通常掲載可	OK	677919.0	2.76	-4.13	41.54	0.39	10387.0	180.31	25.51	12.79	3
7242	カヤバ	プライム（内国株式）	3700	輸送用機器	6	自動車・輸送機	6	TOPIX Small 1	3855.0	2.8	108.0	2.8	108.0	2.8	配当あり	いいえ	6.1	0.67	1550.9	5320.0	2984.0	Consumer Cyclical			OK	通常掲載可	OK	481529.0	6.68	9.86	50.59	0.46	-2806.0	631.88	17.09	12.38	1
7244	市光工業	プライム（内国株式）	3650	電気機器	9	電機・精密	7	TOPIX Small 2	497.0	3.62	18.0	3.59	18.0	3.62	配当あり	いいえ	7.77	1.5	478.4	595.0	353.0	Consumer Cyclical			OK	通常掲載可	OK	117089.0	4.97	-6.73	61.02	0.07	7419.0	63.96	28.14	21.04	5
7245	大同メタル工業	プライム（内国株式）	3700	輸送用機器	6	自動車・輸送機	7	TOPIX Small 2	1771.0	2.03	36.0	2.15	36.0	2.03	配当あり	いいえ	17.89	1.01	823.9	1832.0	630.0	Consumer Cyclical			OK	通常掲載可	OK	142009.0	5.9	4.19	39.19	0.8	3746.0	99.0	36.36	6.2	2
7246	プレス工業	プライム（内国株式）	3700	輸送用機器	6	自動車・輸送機	6	TOPIX Small 1	782.0	5.63	44.0	5.63	44.0	5.63	配当あり	いいえ	9.11	0.63	762.9	1006.0	542.0	Consumer Cyclical			OK	通常掲載可	OK	202167.0	6.68	6.47	58.01	0.06	4557.0	85.88	51.23	7.94	5
7247	ミクニ	スタンダード（内国株式）	3700	輸送用機器	6	自動車・輸送機	-	-	354.0	4.24	15.0	4.23	15.0	4.24	配当あり	いいえ	4.22	0.3	119.0	435.0	278.0	Consumer Cyclical			OK	通常掲載可	OK	101428.0	2.99	1.49	34.49	1.08	-3584.0	83.9	17.88	3.08	0
7254	ユニバンス	スタンダード（内国株式）	3700	輸送用機器	6	自動車・輸送機	-	-	720.0	2.78	20.0	2.8	20.0	2.78	配当あり	いいえ	16.15	0.51	150.3	915.0	442.0	Consumer Cyclical			OK	通常掲載可	OK	56542.6	8.87	4.87	59.94	0.02	4212.9	44.57	44.87	3.44	5
7255	桜井製作所	スタンダード（内国株式）	3700	輸送用機器	6	自動車・輸送機	-	-	466.0	1.5	7.0	1.5	7.0	1.5	配当あり	いいえ	6.63	0.31	15.0	710.0	429.0	Consumer Cyclical			OK	通常掲載可	OK	4964.1	3.29	-10.38	65.94	0.33	59.4	70.27	9.96	4.75	1
7256	河西工業	スタンダード（内国株式）	3700	輸送用機器	6	自動車・輸送機	-	-	421.0						配当未取得		17.07	0.97	162.9	530.0	75.0	Consumer Cyclical	配当未取得	1株配当が取得できていない	除外推奨	掲載非推奨	OK_配当データ要確認	214239.0	0.77	22.12	7.13	7.29	-4262.0	24.67		16.63	0
7259	アイシン	プライム（内国株式）	3700	輸送用機器	6	自動車・輸送機	4	TOPIX Mid400	2189.5	3.43	75.0	3.43	75.0	3.43	配当あり	いいえ	7.09	0.72	15864.5	3155.0	1806.5	Consumer Cyclical			OK	通常掲載可	OK	2479761.0	1.2	2.01	48.77	0.31	115935.0	308.94	24.28	8.56	0
7261	マツダ	プライム（内国株式）	3700	輸送用機器	6	自動車・輸送機	4	TOPIX Mid400	1093.0	5.03	55.0	5.05	55.0	5.03	配当あり	いいえ	19.65	0.36	6894.4	1395.0	834.0	Consumer Cyclical			OK	通常掲載可	OK	4918172.0	1.05	-2.01	42.55	0.46	-110863.0	55.63	98.87	1.92	0
7264	ムロコーポレーション	スタンダード（内国株式）	3700	輸送用機器	6	自動車・輸送機	-	-	1314.0	3.65	48.0	3.69	48.0	3.65	配当あり	いいえ	11.0	0.35	79.4	1460.0	1143.0	Consumer Cyclical			OK	通常掲載可	OK	23143.6	5.36	2.45	75.07	0.07	647.2	119.44	40.19	3.19	1
7265	エイケン工業	スタンダード（内国株式）	3700	輸送用機器	6	自動車・輸送機	-	-	3805.0	2.89	110.0	2.89	110.0	2.89	配当あり	いいえ	17.18	1.21	39.0	4770.0	3280.0	Industrials			OK	通常掲載可	OK	8100.1	5.08	11.19	77.81	0.08	512.5	221.45	49.67	7.05	0
7266	今仙電機製作所	スタンダード（内国株式）	3700	輸送用機器	6	自動車・輸送機	-	-	906.0	3.53	32.0	3.5	32.0	3.53	配当あり	いいえ	7.84	0.35	192.5	1080.0	670.0	Consumer Cyclical			OK	通常掲載可	OK	87149.0	2.34	-7.62	68.73	0.1	-1218.0	115.59	27.68	4.57	1
7267	本田技研工業	プライム（内国株式）	3700	輸送用機器	6	自動車・輸送機	1	TOPIX Core30	1472.5	4.75	70.0	4.73	70.0	4.75	配当あり	いいえ		0.49	57318.2	1730.0	1238.0	Consumer Cyclical			OK	通常掲載可	OK	21796610.0	-1.9	0.5	35.27	0.42	237716.0	-106.02		-2.85	0
7269	スズキ	プライム（内国株式）	3700	輸送用機器	6	自動車・輸送機	2	TOPIX Large70	1990.5	2.61	52.0	2.66	52.0	2.61	配当あり	いいえ	8.59	1.14	38402.2	2473.0	1609.5	Consumer Cyclical			OK	通常掲載可	OK	6292967.0	9.9	8.03	50.96	0.22	293666.0	231.69	22.44	13.87	3
7270	ＳＵＢＡＲＵ	プライム（内国株式）	3700	輸送用機器	6	自動車・輸送機	2	TOPIX Large70	2406.0	4.82	116.0	4.82	116.0	4.82	配当あり	いいえ	19.05	0.62	17213.2	3642.0	2247.5	Consumer Cyclical			OK	通常掲載可	OK	4784965.0	0.83	2.12	50.62	0.14	48523.0	126.32	91.83	3.31	4
7271	安永	スタンダード（内国株式）	3700	輸送用機器	6	自動車・輸送機	-	-	976.0	5.53	54.0	5.53	54.0	5.53	配当あり	いいえ	5.35	0.68	100.6	1344.0	514.0	Consumer Cyclical			OK	通常掲載可	OK	33951.0	6.54	7.88	34.75	1.31	-1492.0	182.41	29.6	14.35	1
7272	ヤマハ発動機	プライム（内国株式）	3700	輸送用機器	6	自動車・輸送機	4	TOPIX Mid400	1216.5	4.11	50.0	4.11	50.0	4.11	配当あり	いいえ	7.57	1.02	11804.6	1328.5	1022.0	Consumer Cyclical			OK	通常掲載可	OK	2534203.0	4.59	-1.63	39.01	0.92	25339.0	160.62	31.13	3.84	0
7273	イクヨ	スタンダード（内国株式）	3700	輸送用機器	6	自動車・輸送機	-	-	630.0	0.48	3.0	0.48	3.0	0.48	配当あり	いいえ	6.84	1.38	184.3	1380.0	541.0	Consumer Cyclical			OK	通常掲載可	OK	30144.6	1.79	69.96	40.59	0.37	840.8	92.17	3.25	26.76	4
7276	小糸製作所	プライム（内国株式）	3650	電気機器	9	電機・精密	4	TOPIX Mid400	2563.5	2.34	60.0	2.35	60.0	2.34	配当あり	いいえ	42.37	1.09	6726.8	2973.0	1719.0	Consumer Cyclical			OK	通常掲載可	OK	947610.0	5.43	3.37	68.07	0.0	45356.0	60.5	99.17	3.05	0
7277	ＴＢＫ	スタンダード（内国株式）	3700	輸送用機器	6	自動車・輸送機	-	-	318.0	2.52	8.0	2.52	8.0	2.52	配当あり	いいえ		0.31	101.0	424.0	290.0	Consumer Cyclical			OK	通常掲載可	OK	54756.0	2.73	0.63	55.49	0.25	1171.0	-4.45		0.88	0
7278	エクセディ	プライム（内国株式）	3700	輸送用機器	6	自動車・輸送機	6	TOPIX Small 1	5890.0	5.94	350.0	6.03	350.0	5.94	配当あり	いいえ	19.38	1.12	2141.2	6290.0	4105.0	Consumer Cyclical			OK	通常掲載可	OK	303933.0	7.31	-1.82	60.2	0.28	23457.0	303.92	115.16	7.76	4
7279	ハイレックスコーポレーション	スタンダード（内国株式）	3700	輸送用機器	6	自動車・輸送機	-	-	2025.0	2.62	53.0	2.65	53.0	2.62	配当あり	いいえ	8.9	0.35	748.5	4020.0	1931.0	Industrials			OK	通常掲載可	OK	304123.0	1.12	-1.38	63.23	0.05	3247.0	227.61	23.29	20.3	2
7280	ミツバ	プライム（内国株式）	3650	電気機器	9	電機・精密	6	TOPIX Small 1	1179.0	2.54	30.0	2.54	30.0	2.54	配当あり	いいえ	4.88	0.45	542.1	2152.0	807.0	Consumer Cyclical			OK	通常掲載可	OK	348599.0	6.86	-0.22	34.37	1.22	16966.0	241.81	12.41	9.13	2
7282	豊田合成	プライム（内国株式）	3700	輸送用機器	6	自動車・輸送機	4	TOPIX Mid400	5131.0	2.01	103.0	2.01	103.0	2.01	配当あり	いいえ	10.4	1.06	6016.2	5325.0	2793.5	Consumer Cyclical			OK	通常掲載可	OK	1146772.0	6.94	8.21	57.26	0.22	74244.0	493.4	20.88	11.33	0
7283	愛三工業	プライム（内国株式）	3700	輸送用機器	6	自動車・輸送機	6	TOPIX Small 1	1976.0	4.05	80.0	4.22	80.0	4.05	配当あり	いいえ	inf	0.79	1126.9	2330.0	1616.0	Consumer Cyclical			OK	通常掲載可	OK	330834.0	5.53	-1.91	45.54	0.53	7204.0	0.0		9.61	5
7284	盟和産業	スタンダード（内国株式）	3700	輸送用機器	6	自動車・輸送機	-	-	1232.0	4.06	50.0	4.06	50.0	4.06	配当あり	いいえ	56.83	0.36	43.1	1355.0	1098.0	Consumer Cyclical			OK	通常掲載可	OK	23065.2	1.61	-0.8	52.93	0.41	2607.4	21.68	230.63	0.64	0
7287	日本精機	スタンダード（内国株式）	3700	輸送用機器	6	自動車・輸送機	-	-	2439.0	3.69	90.0	3.66	90.0	3.69	配当あり	いいえ	17.21	0.61	1401.8	2884.0	1408.0	Consumer Cyclical			OK	通常掲載可	OK	327894.0	3.55	3.63	66.69	0.11	25569.0	141.71	63.51	3.84	2
7291	日本プラスト	スタンダード（内国株式）	3700	輸送用機器	6	自動車・輸送機	-	-	452.0	5.53	25.0	5.63	25.0	5.53	配当あり	いいえ	4.18	0.23	85.1	493.0	348.0	Consumer Cyclical			OK	通常掲載可	OK	114861.0	2.31	-4.75	43.89	0.69	-2554.0	108.12	23.12	5.59	3
7292	村上開明堂	スタンダード（内国株式）	3700	輸送用機器	6	自動車・輸送機	-	-	6740.0	3.56	240.0	3.56	240.0	3.56	配当あり	いいえ	12.84	0.82	780.8	7310.0	6150.0	Consumer Cyclical			OK	通常掲載可	OK	115651.0	7.92	5.9	77.63	0.0	3967.0	525.05	45.71	7.6	5
7294	ヨロズ	プライム（内国株式）	3700	輸送用機器	6	自動車・輸送機	7	TOPIX Small 2	830.0	3.98	33.0	3.97	33.0	3.98	配当あり	いいえ	9.32	0.31	170.9	1140.0	815.0	Consumer Cyclical			OK	通常掲載可	OK	176330.0	2.26	-1.17	39.52	0.79	2719.0	89.06	37.05	3.92	0
7296	エフ・シー・シー	プライム（内国株式）	3700	輸送用機器	6	自動車・輸送機	6	TOPIX Small 1	3370.0	4.75	160.0	4.72	160.0	4.75	配当あり	いいえ	8.75	0.8	1598.5	3970.0	2766.0	Consumer Cyclical			OK	通常掲載可	OK	260836.0	7.26	1.64	77.55	0.02	5950.0	385.19	41.54	9.6	4
7297	カーメイト	スタンダード（内国株式）	3700	輸送用機器	6	自動車・輸送機	-	-	850.0	3.53	30.0	3.5	30.0	3.53	配当あり	いいえ	21.32	0.39	60.0	985.0	800.0	Consumer Cyclical			OK	通常掲載可	OK	14563.1	4.15	-6.19	75.23	0.09	444.0	39.86	75.26	1.87	0
7299	フジオーゼックス	スタンダード（内国株式）	3700	輸送用機器	6	自動車・輸送機	-	-	1641.0	3.29	54.0	3.29	54.0	3.29	配当あり	いいえ	7.66	0.5	161.4	2250.0	1353.0	Consumer Cyclical			OK	通常掲載可	OK	29093.0	8.61	13.89	83.87	0.01	2923.7	214.15	25.22	6.86	3
7305	新家工業	スタンダード（内国株式）	3450	鉄鋼	7	鉄鋼・非鉄	-	-	2505.0	7.98	200.0	8.0	200.0	7.98	配当あり	いいえ	15.7	0.69	238.8	2925.0	2310.0	Basic Materials			OK	通常掲載可	OK	40447.0	4.66	-5.6	57.81	0.23	1770.0	159.57	125.34	4.67	4
7309	シマノ	プライム（内国株式）	3700	輸送用機器	6	自動車・輸送機	2	TOPIX Large70	17160.0	2.12	363.0	2.12	363.0	2.12	配当あり	いいえ	44.64	1.7	14637.8	21755.0	14895.0	Consumer Cyclical			OK	通常掲載可	OK	466243.0	11.08	3.38	92.54	0.0	17830.0	384.38	94.44	4.37	4
7313	テイ・エス　テック	プライム（内国株式）	3700	輸送用機器	6	自動車・輸送機	4	TOPIX Mid400	1734.5	5.3	92.0	5.3	92.0	5.3	配当あり	いいえ	28.74	0.65	2023.9	2018.5	1682.0	Consumer Cyclical			OK	通常掲載可	OK	442316.0	2.33	-3.95	73.31		403.0	60.36	152.42	2.96	16
7314	小田原機器	スタンダード（内国株式）	3700	輸送用機器	6	自動車・輸送機	-	-	1175.0	3.4	40.0	3.42	40.0	3.4	配当あり	いいえ	38.61	0.93	37.1	1330.0	1012.0	Industrials			OK	通常掲載可	OK	7673.0	2.03	25.58	56.97	0.32	1362.7	30.43	131.45	1.6	3
7317	松屋アールアンドディ	グロース（内国株式）	3700	輸送用機器	6	自動車・輸送機	-	-	1100.0	0.91	10.0	0.92	10.0	0.91	配当あり	いいえ	15.17	2.89	236.5	1110.0	687.0	Industrials			OK	通常掲載可	OK	9771.4	21.8	2.13	65.16	0.3	651.7	72.49	13.8	20.54	2
7318	セレンディップ・ホールディングス	グロース（内国株式）	3700	輸送用機器	6	自動車・輸送機	-	-	2251.0						配当未取得		9.58	3.02	409.1	2600.0	728.0	Industrials	配当未取得	1株配当が取得できていない	除外推奨	掲載非推奨	OK_配当データ要確認	51163.6	4.28	103.64	29.6	1.34	815.8	235.0		34.07	
7320	Ｓｏｌｖｖｙ	グロース（内国株式）	7200	その他金融業	16	金融（除く銀行）	-	-	1407.0	0.71	10.0	0.73	10.0	0.71	配当あり	いいえ		3.19	151.1	2443.0	1327.0	Technology			OK	通常掲載可	OK	5359.1	23.14	36.71	12.22	0.84	539.7	-25.19		-9.03	2
7322	三十三フィナンシャルグループ	プライム（内国株式）	7050	銀行業	15	銀行	7	TOPIX Small 2	1737.0	2.53	44.0	2.56	44.0	2.53	配当あり	いいえ	14.49	0.78	1807.5	1861.0	734.25	Financial Services			OK	通常掲載可	OK	79551.0		17.51	5.04	1.22	-55198.0	119.85	36.71	5.65	2
7325	アイリックコーポレーション	グロース（内国株式）	7150	保険業	16	金融（除く銀行）	-	-	673.0	4.75	32.0	4.75	32.0	4.75	配当あり	いいえ	12.25	1.45	55.0	991.0	651.0	Financial Services			OK	通常掲載可	OK	7921.8	6.25	31.93	70.04	0.02	664.3	54.92	58.27	11.77	3
7326	ＳＢＩインシュアランスグループ	グロース（内国株式）	7150	保険業	16	金融（除く銀行）	-	-	2065.0	2.86	59.0	2.82	59.0	2.86	配当あり	いいえ	18.02	1.07	512.5	2542.0	1275.0	Financial Services			OK	通常掲載可	OK	138519.0		18.51	20.29		8031.0	114.61	51.48	45.28	2
7327	第四北越フィナンシャルグループ	プライム（内国株式）	7050	銀行業	15	銀行	6	TOPIX Small 1	2146.0	3.54	76.0	3.57	76.0	3.54	配当あり	いいえ	13.26	0.99	5632.1	2181.0	1120.0	Financial Services			OK	通常掲載可	OK	200894.0		42.17	5.25	1.42	-502088.0	161.81	46.97	8.03	3
7337	ひろぎんホールディングス	プライム（内国株式）	7050	銀行業	15	銀行	4	TOPIX Mid400	2123.0	3.3	70.0	3.34	70.0	3.3	配当あり	いいえ	14.39	1.11	6327.0	2159.0	1148.0	Financial Services			OK	通常掲載可	OK	184397.0		23.89	4.66	2.26	-355172.0	147.55	47.44	8.15	4
7343	ブロードマインド	グロース（内国株式）	7150	保険業	16	金融（除く銀行）	-	-	1183.0	5.92	70.0	5.92	70.0	5.92	配当あり	いいえ	38.46	1.67	67.9	1400.0	1069.0	Financial Services			OK	通常掲載可	OK	5289.1	11.8	-11.31	75.64	0.0	-549.8	30.76	227.57	9.65	4
7345	アイ・パートナーズフィナンシャル	グロース（内国株式）	7200	その他金融業	16	金融（除く銀行）	-	-	940.0	0.43	4.0	0.43	4.0	0.43	配当あり	いいえ	34.6	4.31	31.0	1270.0	540.0	Financial Services			OK	通常掲載可	OK	4584.9	2.4	20.74	54.01	0.01	123.4	27.17	14.72	13.35	0
7347	マーキュリアホールディングス	プライム（内国株式）	7100	証券、商品先物取引業	16	金融（除く銀行）	-	-	745.0	2.95	22.0	2.95	22.0	2.95	配当あり	いいえ	inf	0.83	144.1	892.0	691.0	Financial Services			OK	通常掲載可	OK	7215.7	34.86	29.64	76.63	0.04	2381.8	0.0		9.75	0
7350	おきなわフィナンシャルグループ	プライム（内国株式）	7050	銀行業	15	銀行	6	TOPIX Small 1	6400.0	3.12	200.0	3.15	200.0	3.12	配当あり	いいえ	12.1	0.84	1366.2	6720.0	3060.0	Financial Services			OK	通常掲載可	OK	62001.0		15.64	5.53	0.59	-103510.0	528.96	37.81	7.16	3
7351	グッドパッチ	グロース（内国株式）	9050	サービス業	10	情報通信・サービスその他	-	-	459.0	2.18	10.0	2.18	10.0	2.18	配当あり	いいえ	10.14	0.93	40.1	1015.0	432.0	Technology			OK	通常掲載可	OK	5085.6	10.96	28.98	79.02	0.06	842.1	45.26	22.09	9.38	
7352	ＴＷＯＳＴＯＮＥ＆Ｓｏｎｓ	グロース（内国株式）	9050	サービス業	10	情報通信・サービスその他	-	-	371.0	0.27	1.0	0.27	1.0	0.27	配当あり	いいえ	80.65	4.42	164.5	1045.0	304.0	Industrials			OK	通常掲載可	OK	18077.4	4.54	26.5	33.79	1.08	684.4	4.6	21.74	5.48	0
7353	ＫＩＹＯラーニング	グロース（内国株式）	9050	サービス業	10	情報通信・サービスその他	-	-	564.0						配当未取得		13.12	2.72	38.7	820.0	556.0	Consumer Defensive	配当未取得	1株配当が取得できていない	除外推奨	掲載非推奨	OK_配当データ要確認	5031.2	6.04	12.61	32.15	0.28	621.9	42.98		26.84	
7354	ダイレクトマーケティングミックス	スタンダード（内国株式）	9050	サービス業	10	情報通信・サービスその他	7	TOPIX Small 2	326.0	2.91	9.5	2.93	9.5	2.91	配当あり	いいえ	11.29	1.02	148.5	355.0	238.0	Communication Services			OK	通常掲載可	OK	22694.2	9.4	8.31	54.28	0.43	1874.2	28.88	32.89	9.39	2
7356	Ｒｅｔｔｙ	グロース（内国株式）	9050	サービス業	10	情報通信・サービスその他	-	-	112.0						配当未取得		311.11	4.84	16.8	305.0	110.0	Communication Services	配当未取得	1株配当が取得できていない	除外推奨	掲載非推奨	OK_配当データ要確認	1630.2	1.19	4.36	36.39	1.34	-150.7	0.36		1.46	
7357	ジオコード	スタンダード（内国株式）	9050	サービス業	10	情報通信・サービスその他	-	-	1634.0	1.53	25.0	1.53	25.0	1.53	配当あり	いいえ		4.24	45.7	1705.0	976.0	Communication Services			OK	通常掲載可	OK	1893.4	-0.41	19.68	38.36	0.67	19.7	-2.78		-0.59	2
7358	ポピンズ	スタンダード（内国株式）	9050	サービス業	10	情報通信・サービスその他	7	TOPIX Small 2	1423.0	3.3	47.0	3.3	47.0	3.3	配当あり	いいえ	12.12	1.49	139.0	1587.0	1198.0	Consumer Cyclical			OK	通常掲載可	OK	34409.0	5.35	8.58	56.12	0.26	815.0	117.4	40.03	11.04	1
7359	東京通信グループ	グロース（内国株式）	9050	サービス業	10	情報通信・サービスその他	-	-	212.0						配当未取得		9.3	2.67	21.4	636.0	207.0	Communication Services	配当未取得	1株配当が取得できていない	除外推奨	掲載非推奨	OK_配当データ要確認	6219.1	3.14	6.1	21.55	2.11	359.5	22.79		84.38	
7360	オンデック	グロース（内国株式）	9050	サービス業	10	情報通信・サービスその他	-	-	614.0						配当未取得			1.84	16.0	1286.0	572.0	Financial Services	配当未取得	1株配当が取得できていない	除外推奨	掲載非推奨	OK_配当データ要確認	864.4	-25.64	-48.09	82.25	0.04	-219.3	-59.37		-14.67	
7361	ヒューマンクリエイションホールディングス	グロース（内国株式）	9050	サービス業	10	情報通信・サービスその他	-	-	1159.0	3.88	45.0	3.88	45.0	3.88	配当あり	いいえ	15.24	2.41	36.1	1430.0	1116.0	Industrials			OK	通常掲載可	OK	8945.6	8.74	24.84	34.04	0.75	966.1	76.03	59.19	16.98	4
7362	Ｔ．Ｓ．Ｉ	グロース（内国株式）	9050	サービス業	10	情報通信・サービスその他	-	-	853.0	1.17	10.0	1.17	10.0	1.17	配当あり	いいえ	15.63	0.91	13.0	1019.0	741.0	Healthcare			OK	通常掲載可	OK	4886.2	0.83	3.79	24.36	2.53	-710.8	54.59	18.32	8.46	
7363	ベビーカレンダー	グロース（内国株式）	9050	サービス業	10	情報通信・サービスその他	-	-	1031.0						配当未取得		20.88	1.16	9.2	2000.0	987.0	Healthcare	配当未取得	1株配当が取得できていない	除外推奨	掲載非推奨	OK_配当データ要確認	1528.4	3.28	27.02	45.19	0.69	170.3	49.38		9.7	
7366	ＬＩＴＡＬＩＣＯ	プライム（内国株式）	9050	サービス業	10	情報通信・サービスその他	7	TOPIX Small 2	1576.0	0.95	15.0	0.95	15.0	0.95	配当あり	いいえ	19.08	3.81	538.6	1673.0	1123.0	Consumer Defensive			OK	通常掲載可	OK	38247.0	11.96	17.74	32.79	1.46	1176.0	82.58	18.16	26.49	3
7367	セルム	スタンダード（内国株式）	9050	サービス業	10	情報通信・サービスその他	-	-	336.0	4.61	15.5	4.7	15.5	4.61	配当あり	いいえ	12.45	2.34	72.5	364.0	307.0	Industrials			OK	通常掲載可	OK	10308.2	11.27	25.95	44.16	0.7	1009.3	26.98	57.45	19.62	2
7368	表示灯	スタンダード（内国株式）	9050	サービス業	10	情報通信・サービスその他	-	-	1655.0	3.87	64.0	3.87	64.0	3.87	配当あり	いいえ	9.72	0.92	78.1	1792.0	1582.0	Communication Services			OK	通常掲載可	OK	10832.4	9.69	8.1	53.98	0.01	652.6	170.3	37.58	9.81	1
7369	メイホーホールディングス	グロース（内国株式）	9050	サービス業	10	情報通信・サービスその他	-	-	328.0						配当未取得		20.28	0.63	15.4	966.0	311.0	Industrials	配当未取得	1株配当が取得できていない	除外推奨	掲載非推奨	OK_配当データ要確認	13007.1	3.63	25.7	33.14	0.8	822.3	16.17		4.67	
7370	Ｅｎｊｉｎ	グロース（内国株式）	9050	サービス業	10	情報通信・サービスその他	-	-	700.0	5.71	40.0	5.71	40.0	5.71	配当あり	いいえ	11.71	1.12	47.7	934.0	677.0	Communication Services			OK	通常掲載可	OK	2919.7	28.81	-10.63	87.57	0.0	642.0	59.78	66.91	7.8	2
7371	Ｚｅｎｋｅｎ	グロース（内国株式）	9050	サービス業	10	情報通信・サービスその他	-	-	700.0	3.71	26.0	3.71	26.0	3.71	配当あり	いいえ	23.75	0.67	85.2	809.0	624.0	Industrials			OK	通常掲載可	OK	5627.1	6.21	-20.28	85.62	0.05	645.6	29.47	88.23	3.36	0
7372	デコルテ・ホールディングス	グロース（内国株式）	9050	サービス業	10	情報通信・サービスその他	-	-	379.0						配当未取得		7.24	0.37	19.5	491.0	304.0	Consumer Cyclical	配当未取得	1株配当が取得できていない	除外推奨	掲載非推奨	OK_配当データ要確認	6046.2	4.88	8.17	40.43	1.18	1186.4	52.34		5.23	
7373	アイドマ・ホールディングス	グロース（内国株式）	9050	サービス業	10	情報通信・サービスその他	-	-	1179.0	2.54	30.0	2.54	30.0	2.54	配当あり	いいえ	9.51	2.31	175.2	3255.0	1104.0	Industrials			OK	通常掲載可	OK	13269.5	23.38	24.97	66.0	0.02	2452.6	123.91	24.21	26.72	0
7374	コンフィデンス・インターワークス	グロース（内国株式）	9050	サービス業	10	情報通信・サービスその他	-	-	1545.0	5.83	90.0	5.86	90.0	5.83	配当あり	いいえ	11.99	1.53	96.6	1740.0	1482.0	Industrials			OK	通常掲載可	OK	9970.9	12.89	18.81	81.05	0.0	1358.4	128.85	69.85	13.21	2
7375	リファインバースグループ	グロース（内国株式）	9050	サービス業	10	情報通信・サービスその他	-	-	1224.0						配当未取得		29.07	8.89	41.0	2660.0	720.0	Basic Materials	配当未取得	1株配当が取得できていない	除外推奨	掲載非推奨	OK_配当データ要確認	3852.6	0.85	-13.85	3.87	20.42	79.2	42.11		61.45	
7376	ＢＣＣ	グロース（内国株式）	9050	サービス業	10	情報通信・サービスその他	-	-	946.0						配当未取得			1.25	40.1	1310.0	560.0	Industrials	配当未取得	1株配当が取得できていない	除外推奨	掲載非推奨	OK_配当データ要確認	1467.5	-6.68	5.93	55.83	0.37	-108.6	-36.14		-16.95	
7377	ＤＮホールディングス	スタンダード（内国株式）	9050	サービス業	10	情報通信・サービスその他	-	-	1782.0	4.21	75.0	4.21	75.0	4.21	配当あり	いいえ	11.03	0.89	146.3	2198.0	1726.0	Industrials			OK	通常掲載可	OK	36975.6	7.35	8.33	60.65	0.05	2575.5	161.63	46.4	12.04	1
7378	アシロ	グロース（内国株式）	9050	サービス業	10	情報通信・サービスその他	-	-	1518.0	2.66	40.33	2.72	40.33	2.66	配当あり	いいえ	12.58	3.8	107.4	2489.0	1161.0	Consumer Cyclical			OK	通常掲載可	OK	6647.4	21.35	41.61	64.84	0.14	1315.0	120.68	33.42	29.05	3
7380	十六フィナンシャルグループ	プライム（内国株式）	7050	銀行業	15	銀行	6	TOPIX Small 1	2372.0	2.11	50.0	2.11	50.0	2.11	配当あり	いいえ	15.22	0.9	4200.9	2414.0	957.0	Financial Services			OK	通常掲載可	OK	120240.0		3.59	5.52	1.21	-2156.0	155.84	32.08	6.19	3
7381	ＣＣＩグループ	プライム（内国株式）	7050	銀行業	15	銀行	6	TOPIX Small 1	1026.0	2.92	30.0	2.94	30.0	2.92	配当あり	いいえ	18.21	0.94	2273.3	1094.0	477.5	Financial Services			OK	通常掲載可	OK	144869.0		91.09	3.74	2.26	-276613.0	56.33	53.26	5.45	3
7383	ネットプロテクションズホールディングス	プライム（内国株式）	7200	その他金融業	16	金融（除く銀行）	6	TOPIX Small 1	350.0						配当未取得		19.69	1.66	348.3	952.0	322.0	Financial Services	配当未取得	1株配当が取得できていない	除外推奨	掲載非推奨	OK_配当データ要確認	25213.0	11.3	9.47	24.71	0.3	7310.0	17.78		8.55	
7384	プロクレアホールディングス	プライム（内国株式）	7050	銀行業	15	銀行	7	TOPIX Small 2	3745.0	2.67	100.0	2.69	100.0	2.67	配当あり	いいえ	27.85	0.65	1060.4	4025.0	1408.0	Financial Services			OK	通常掲載可	OK	76649.0		3.9	2.78	1.22	-211340.0	134.45	74.38	2.36	0
7388	ＦＰパートナー	プライム（内国株式）	7150	保険業	16	金融（除く銀行）	7	TOPIX Small 2	2146.0	4.38	94.0	4.38	94.0	4.38	配当あり	いいえ	25.06	4.78	492.2	2514.0	1921.0	Financial Services			OK	通常掲載可	OK	32104.1	9.3	-9.86	64.24	0.09	2260.3	85.63	109.77	16.4	2
7389	あいちフィナンシャルグループ	プライム（内国株式）	7050	銀行業	15	銀行	6	TOPIX Small 1	1430.0	2.1	30.0	2.17	30.0	2.1	配当あり	いいえ	15.55	0.81	3485.4	1710.0	504.2	Financial Services			OK	通常掲載可	OK	97556.0		11.73	6.01	0.9	178583.0	91.95	32.63	5.56	1
7399	ナンシン	スタンダード（内国株式）	3700	輸送用機器	6	自動車・輸送機	-	-	588.0	3.4	20.0	3.4	20.0	3.4	配当あり	いいえ	16.83	0.32	37.6	640.0	525.0	Industrials			OK	通常掲載可	OK	9818.2	1.25	10.12	81.27	0.04	-85.8	34.93	57.26	1.94	0
7409	ＡｅｒｏＥｄｇｅ	グロース（内国株式）	3700	輸送用機器	6	自動車・輸送機	-	-	1752.0						配当未取得		46.3	10.48	416.5	2840.0	441.67	Industrials	配当未取得	1株配当が取得できていない	除外推奨	掲載非推奨	OK_配当データ要確認	3602.3	18.19	7.52	47.38	0.92	-618.9	37.84		22.81	
7412	アトム	スタンダード（内国株式）	6100	小売業	14	小売	-	-	361.0						配当未取得			6.71	697.2	701.0	320.0	Consumer Cyclical	配当未取得	1株配当が取得できていない	除外推奨	掲載非推奨	OK_配当データ要確認	30408.0	2.46	-14.29	25.35	1.54	-1137.0	-7.62		3.08	0
7413	創健社	スタンダード（内国株式）	6050	卸売業	13	商社・卸売	-	-	2610.0	0.77	20.0	0.77	20.0	0.77	配当あり	いいえ	107.54	1.54	18.3	2900.0	2449.0	Consumer Defensive			OK	通常掲載可	OK	4751.6	0.44	-4.02	38.89	0.82	-27.3	24.27	82.41	1.45	0
7414	小野建	プライム（内国株式）	6050	卸売業	13	商社・卸売	7	TOPIX Small 2	1323.0	5.22	69.0	5.17	69.0	5.22	配当あり	いいえ		0.35	323.2	1496.0	1289.0	Industrials			OK	通常掲載可	OK	253115.0	1.87	-6.92	47.33	0.65	2489.0	-89.57		-2.21	1
7416	はるやまホールディングス	スタンダード（内国株式）	6100	小売業	14	小売	-	-	660.0	2.35	15.5	2.32	15.5	2.35	配当あり	いいえ		0.46	103.5	900.0	650.0	Consumer Cyclical			OK	通常掲載可	OK	35212.7	-1.87	-2.56	54.7	0.46	-3451.9	-69.76		-4.67	1
7417	南陽	スタンダード（内国株式）	6050	卸売業	13	商社・卸売	-	-	1515.0	4.29	65.0	4.35	65.0	4.29	配当あり	いいえ	7.87	0.67	184.0	1593.0	1176.0	Industrials			OK	通常掲載可	OK	36815.0	7.63	0.77	65.24	0.06	2477.0	192.56	33.76	8.86	4
7419	ノジマ	プライム（内国株式）	6100	小売業	14	小売	6	TOPIX Small 1	1299.0	1.54	20.0	1.54	20.0	1.54	配当あり	いいえ	10.58	1.53	3759.2	1607.0	1018.33	Consumer Cyclical			OK	通常掲載可	OK	982804.0	5.91	15.16	41.29	0.32	42819.0	122.76	16.29	17.41	13
7421	カッパ・クリエイト	プライム（内国株式）	6100	小売業	14	小売	6	TOPIX Small 1	1481.0	0.34	5.0	0.31	5.0	0.34	配当あり	いいえ		7.16	730.9	1699.0	1352.0	Consumer Cyclical			OK	通常掲載可	OK	73193.0	0.73	-0.02	35.22	0.65	2478.0	-8.0		-3.81	0
7422	東邦レマック	スタンダード（内国株式）	6050	卸売業	13	商社・卸売	-	-	364.0	3.13	11.4	3.16	11.4	3.13	配当あり	いいえ	105.2	0.35	18.5	954.0	359.0	Consumer Cyclical			OK	通常掲載可	OK	4547.6	-2.65	-10.93	67.44	0.34	-956.8	3.46	329.48	11.0	2
7425	初穂商事	スタンダード（内国株式）	6050	卸売業	13	商社・卸売	-	-	1209.0	6.62	80.0	6.62	80.0	6.62	配当あり	いいえ	9.2	0.16	79.8	1372.5	950.5	Basic Materials			OK	通常掲載可	OK	35444.6	3.43	1.77	45.12	0.08	1972.9	131.42	60.87	4.38	4
7426	山大	スタンダード（内国株式）	6050	卸売業	13	商社・卸売	-	-	600.0	5.0	30.0	6.06	30.0	5.0	配当あり	いいえ		0.36	6.7	1600.0	442.0	Basic Materials			OK	通常掲載可	OK	4138.5	-9.07	-7.63	41.37	0.72	171.0	-252.78		-13.93	0
7427	エコートレーディング	スタンダード（内国株式）	6050	卸売業	13	商社・卸売	-	-	840.0	3.57	30.0	3.57	30.0	3.57	配当あり	いいえ	6.53	0.42	51.0	958.0	811.0	Consumer Defensive			OK	通常掲載可	OK	105812.0	1.05	-0.54	31.31	0.14	3753.1	128.66	23.32	6.49	0
7433	伯東	プライム（内国株式）	6050	卸売業	13	商社・卸売	6	TOPIX Small 1	4635.0	4.75	220.0	4.83	220.0	4.75	配当あり	いいえ	17.42	1.28	872.6	4710.0	3590.0	Technology			OK	通常掲載可	OK	181178.0	3.36	-1.07	41.36	0.85	9106.0	266.01	82.7	7.4	0
7434	オータケ	スタンダード（内国株式）	6050	卸売業	13	商社・卸売	-	-	1795.0	2.23	40.0	2.23	40.0	2.23	配当あり	いいえ	7.58	0.41	70.4	2099.0	1703.0	Industrials			OK	通常掲載可	OK	32993.6	2.96	5.57	59.04	0.0	730.8	236.94	16.88	5.41	4
7435	ナ・デックス	スタンダード（内国株式）	6050	卸売業	13	商社・卸売	-	-	1305.0	4.14	54.0	4.14	54.0	4.14	配当あり	いいえ	16.39	0.52	103.6	1393.0	919.0	Industrials			OK	通常掲載可	OK	36890.9	2.07	7.28	60.48	0.02	1436.4	79.61	67.83	3.85	0
7438	コンドーテック	プライム（内国株式）	6050	卸売業	13	商社・卸売	7	TOPIX Small 2	1508.0	3.85	58.0	3.85	58.0	3.85	配当あり	いいえ	11.74	1.0	386.6	1748.0	1395.0	Industrials			OK	通常掲載可	OK	83949.0	5.53	6.03	55.66	0.18	246.0	128.48	45.14	8.39	13
7442	中山福	スタンダード（内国株式）	6050	卸売業	13	商社・卸売	-	-	469.0	2.56	12.0	2.56	12.0	2.56	配当あり	いいえ	13.7	0.38	88.7	491.0	400.0	Consumer Cyclical			OK	通常掲載可	OK	43052.5	1.23	5.14	71.65	0.1	269.0	34.24	35.05	2.9	1
7443	横浜魚類	スタンダード（内国株式）	6050	卸売業	13	商社・卸売	-	-	637.0	1.26	8.0	1.26	8.0	1.26	配当あり	いいえ	21.45	2.38	39.9	725.0	588.0	Consumer Defensive			OK	通常掲載可	OK	20978.8	1.01	3.83	47.72	0.13	157.5	29.7	26.94	-2.68	1
7444	ハリマ共和物産	スタンダード（内国株式）	6050	卸売業	13	商社・卸売	-	-	1952.0	3.07	60.0	3.07	60.0	3.07	配当あり	いいえ	6.94	0.4	105.1	2199.0	1857.0	Consumer Cyclical			OK	通常掲載可	OK	59843.2	2.83	-3.2	69.38	0.1	-317.8	281.09	21.35	5.93	5
7446	東北化学薬品	スタンダード（内国株式）	6050	卸売業	13	商社・卸売	-	-	4630.0	2.27	105.0	2.27	105.0	2.27	配当あり	いいえ	7.5	0.49	41.7	5200.0	3650.0	Basic Materials			OK	通常掲載可	OK	34442.6	1.51	7.11	43.03	0.1	129.9	617.18	17.01	6.89	1
7447	ナガイレーベン	プライム（内国株式）	6050	卸売業	13	商社・卸売	7	TOPIX Small 2	1713.0	4.09	70.0	4.0	70.0	4.09	配当あり	いいえ	21.14	1.34	513.4	2363.0	1598.0	Consumer Cyclical			OK	通常掲載可	OK	16983.8	21.1	3.48	92.45		1791.7	81.02	86.4	6.38	1
7453	良品計画	プライム（内国株式）	6100	小売業	14	小売	4	TOPIX Mid400	3472.0	0.92	32.0	0.9	32.0	0.92	配当あり	いいえ	31.55	5.04	18430.4	4105.0	2623.0	Consumer Cyclical			OK	通常掲載可	OK	784629.0	9.41	18.58	59.01	0.31	32361.0	110.06	29.08	-4.76	1
7456	松田産業	プライム（内国株式）	6050	卸売業	13	商社・卸売	6	TOPIX Small 1	5670.0	1.94	110.0	1.92	110.0	1.94	配当あり	いいえ	8.76	1.24	1465.2	8860.0	3225.0	Basic Materials			OK	通常掲載可	OK	687843.0	3.26	46.71	52.01	0.44	-15178.0	647.5	16.99	15.43	8
7458	第一興商	プライム（内国株式）	6050	卸売業	13	商社・卸売	4	TOPIX Mid400	1700.5	4.0	68.0	4.0	68.0	4.0	配当あり	いいえ	11.16	1.42	1757.9	1794.0	1537.0	Consumer Cyclical			OK	通常掲載可	OK	162950.0	12.68	6.49	56.3	0.44	1789.0	152.36	44.63	13.23	0
7459	メディパルホールディングス	プライム（内国株式）	6050	卸売業	13	商社・卸売	4	TOPIX Mid400	2620.5	2.59	68.0	2.59	68.0	2.59	配当あり	いいえ	12.69	0.82	5364.1	3070.0	2301.5	Healthcare			OK	通常掲載可	OK	3817354.0	1.39	3.98	33.93	0.0	36865.0	206.5	32.93	6.84	4
7460	ヤギ	スタンダード（内国株式）	6050	卸売業	13	商社・卸売	-	-	1645.0	10.94	180.0	10.48	180.0	10.94	配当あり	いいえ	11.61	0.86	400.8	1767.0	882.33	Consumer Cyclical	高利回り要確認	1株配当が株価の10%以上 / 配当利回りが8%以上	要確認	手動確認後に掲載	OK_高利回り要確認	85934.0	4.92	3.07	56.57	0.27	3289.0	141.63	127.09	8.16	5
7461	キムラ	スタンダード（内国株式）	6050	卸売業	13	商社・卸売	-	-	481.0	2.91	14.0	3.0	14.0	2.91	配当あり	いいえ	10.09	0.42	71.3	535.0	442.0	Basic Materials			OK	通常掲載可	OK	37165.3	2.87	2.53	45.74	0.71	-3955.4	47.67	29.37	3.85	1
7462	ＣＡＰＩＴＡ	スタンダード（内国株式）	6100	小売業	14	小売	-	-	333.0	3.0	10.0	2.9	10.0	3.0	配当あり	いいえ	18.79	0.74	27.4	350.0	204.0	Energy			OK	通常掲載可	OK	3369.5	2.36	10.68	52.76	0.57	563.1	17.72	56.43	3.94	1
7463	アドヴァングループ	スタンダード（内国株式）	6100	小売業	14	小売	7	TOPIX Small 2	888.0	4.5	40.0	4.5	40.0	4.5	配当あり	いいえ	3.78	0.5	298.2	1054.0	807.0	Basic Materials			OK	通常掲載可	OK	18518.8	17.02	-8.79	67.08	0.41	-131.9	235.14	17.01	14.13	0
7464	セフテック	スタンダード（内国株式）	6050	卸売業	13	商社・卸売	-	-	1549.0	3.87	60.0	3.92	60.0	3.87	配当あり	いいえ	18.9	0.37	27.2	1760.0	1515.0	Industrials			OK	通常掲載可	OK	10111.0	2.43	-1.95	62.49	0.44	135.1	81.94	73.22	1.97	0
7466	ＳＰＫ	プライム（内国株式）	6050	卸売業	13	商社・卸売	7	TOPIX Small 2	1309.0	3.21	42.0	3.25	42.0	3.21	配当あり	いいえ	9.7	0.91	264.3	1371.5	1095.0	Consumer Cyclical			OK	通常掲載可	OK	75246.0	4.77	9.5	61.04	0.29	2055.0	134.96	31.12	9.6	15
7472	鳥羽洋行	スタンダード（内国株式）	6050	卸売業	13	商社・卸売	-	-	3750.0	3.2	120.0	3.22	120.0	3.2	配当あり	いいえ	13.32	0.67	146.7	4270.0	3485.0	Industrials			OK	通常掲載可	OK	29061.0	5.14	-7.93	74.67	0.0	3206.4	281.61	42.61	5.17	1
7475	アルビス	プライム（内国株式）	6100	小売業	14	小売	7	TOPIX Small 2	2458.0	2.85	70.0	2.85	70.0	2.85	配当あり	いいえ	15.65	0.62	205.4	3325.0	2360.0	Consumer Defensive			OK	通常掲載可	OK	100951.0	2.14	2.82	56.33	0.4	-1194.0	157.07	44.57	4.05	0
7476	アズワン	プライム（内国株式）	6050	卸売業	13	商社・卸売	4	TOPIX Mid400	2259.5	2.92	66.0	2.91	66.0	2.92	配当あり	いいえ	17.64	2.26	1610.3	2651.5	1959.0	Healthcare			OK	通常掲載可	OK	110698.0	11.6	6.7	69.49	0.07	3717.0	128.11	51.52	13.31	5
7477	ムラキ	スタンダード（内国株式）	6050	卸売業	13	商社・卸売	-	-	1911.0	1.57	30.0	1.6	30.0	1.57	配当あり	いいえ	40.32	0.98	27.1	2630.0	1120.0	Consumer Cyclical			OK	通常掲載可	OK	7825.4	1.75	3.74	67.17	0.0	155.1	47.39	63.3	2.39	2
7480	スズデン	スタンダード（内国株式）	6050	卸売業	13	商社・卸売	7	TOPIX Small 2	2474.0	4.61	114.0	4.99	114.0	4.61	配当あり	いいえ	17.7	1.87	313.7	2505.0	1627.0	Industrials			OK	通常掲載可	OK	45902.3	4.51	-1.56	59.11	0.08	1511.3	139.78	81.56	9.71	0
7481	尾家産業	スタンダード（内国株式）	6050	卸売業	13	商社・卸売	-	-	2591.0	4.01	104.0	3.93	104.0	4.01	配当あり	いいえ	7.66	1.27	215.1	2875.0	2052.0	Consumer Defensive			OK	通常掲載可	OK	129321.0	2.95	8.44	41.28	0.02	3179.0	338.38	30.73	17.85	0
7482	シモジマ	プライム（内国株式）	6050	卸売業	13	商社・卸売	7	TOPIX Small 2	1331.0	4.51	60.0	4.5	60.0	4.51	配当あり	いいえ	11.38	0.84	311.3	1500.0	1184.0	Consumer Cyclical			OK	通常掲載可	OK	64829.0	5.33	6.84	81.39	0.01	2406.0	116.99	51.29	7.6	0
7483	ドウシシャ	プライム（内国株式）	6050	卸売業	13	商社・卸売	7	TOPIX Small 2	2818.0	4.26	120.0	4.26	120.0	4.26	配当あり	いいえ	11.65	1.07	1011.5	3755.0	2383.0	Industrials			OK	通常掲載可	OK	120533.0	9.9	5.79	85.71	0.01	10856.0	241.97	49.59	9.38	5
7486	サンリン	スタンダード（内国株式）	6050	卸売業	13	商社・卸売	-	-	754.0	3.18	24.0	3.13	24.0	3.18	配当あり	いいえ	18.62	0.42	91.3	1079.0	681.0	Energy			OK	通常掲載可	OK	30529.0	2.75	-0.96	70.32	0.16	-141.0	40.49	59.27	2.38	1
7487	小津産業	スタンダード（内国株式）	6050	卸売業	13	商社・卸売	-	-	1790.0	1.4	25.0	1.41	25.0	1.4	配当あり	いいえ	32.36	0.77	150.6	2016.0	1643.0	Basic Materials			OK	通常掲載可	OK	10220.5	4.21	0.94	72.41	0.13	637.0	55.31	45.2	2.9	0
7490	日新商事	スタンダード（内国株式）	6050	卸売業	13	商社・卸売	-	-	2185.0	1.01	22.0	1.01	22.0	1.01	配当あり	いいえ	3.98	0.56	145.9	2237.0	1020.0	Industrials			OK	通常掲載可	OK	39034.6	0.99	0.78	57.77	0.42	-468.9	548.65	4.01	15.3	1
7494	コナカ	スタンダード（内国株式）	6100	小売業	14	小売	-	-	223.0	4.48	10.0	4.52	10.0	4.48	配当あり	いいえ	3.65	0.43	75.3	273.0	215.0	Consumer Cyclical			OK	通常掲載可	OK	55487.0	-1.38	-12.1	39.35	0.86	270.0	61.15	16.35	11.72	0
7500	西川計測	スタンダード（内国株式）	6050	卸売業	13	商社・卸売	-	-	10300.0	2.33	240.0	2.33	240.0	2.33	配当あり	いいえ	13.02	8.96	349.3	13990.0	8880.0	Technology			OK	通常掲載可	OK	38719.3	9.7	6.32	60.45	0.0	2674.0	791.04	30.34	5.72	4
7501	ティムコ	スタンダード（内国株式）	6050	卸売業	13	商社・卸売	-	-	1545.0	0.78	12.0	0.8	12.0	0.78	配当あり	いいえ		0.89	38.3	2130.0	903.0	Consumer Cyclical			OK	通常掲載可	OK	3219.1	-3.05	0.22	79.91	0.0	-296.7	-53.3		-2.65	0
7502	プラザホールディングス	スタンダード（内国株式）	9050	サービス業	10	情報通信・サービスその他	-	-	1617.0	1.55	25.0	1.55	25.0	1.55	配当あり	いいえ	18.25	1.63	37.6	1977.0	1585.0	Consumer Cyclical			OK	通常掲載可	OK	19204.1	1.9	3.0	20.77	2.69	566.5	88.61	28.21	9.09	0
7504	高速	プライム（内国株式）	6050	卸売業	13	商社・卸売	7	TOPIX Small 2	3390.0	3.54	120.0	3.53	120.0	3.54	配当あり	いいえ	17.61	1.56	662.9	3460.0	2717.0	Consumer Cyclical			OK	通常掲載可	OK	124191.5	3.92	7.14	67.3	0.01	-1977.3	192.55	62.32	9.15	8
7505	扶桑電通	スタンダード（内国株式）	6050	卸売業	13	商社・卸売	-	-	2156.0	7.56	163.0	7.61	163.0	7.56	配当あり	いいえ	7.4	1.53	251.6	2205.0	1095.0	Technology			OK	通常掲載可	OK	54684.0	6.27	16.9	38.79	0.09	4604.0	291.23	55.97	21.56	3
7506	ハウス　オブ　ローゼ	スタンダード（内国株式）	6100	小売業	14	小売	-	-	1365.0	1.83	25.0	1.84	25.0	1.83	配当あり	いいえ	3329.27	1.19	64.2	1554.0	1348.0	Consumer Cyclical			OK	通常掲載可	OK	11541.7	0.79	-0.45	68.63	0.01	-215.7	0.41	6097.56	6.08	0
7508	Ｇ‐７ホールディングス	プライム（内国株式）	6100	小売業	14	小売	7	TOPIX Small 2	1365.0	5.13	70.0	5.13	70.0	5.13	配当あり	いいえ	12.55	1.68	597.2	1562.0	1178.0	Consumer Defensive			OK	通常掲載可	OK	232199.0	3.13	8.44	43.55	0.57	2626.0	108.79	64.34	14.0	0
7509	アイエーグループ	スタンダード（内国株式）	6100	小売業	14	小売	-	-	4630.0	3.46	160.0	3.5	160.0	3.46	配当あり	いいえ	4.87	0.4	67.5	4990.0	3470.0	Industrials			OK	通常掲載可	OK	39841.9	4.59	6.84	60.14	0.19	1403.1	950.54	16.83	8.8	0
7510	たけびし	プライム（内国株式）	6050	卸売業	13	商社・卸売	7	TOPIX Small 2	2288.0	3.93	90.0	3.93	90.0	3.93	配当あり	いいえ	12.3	0.83	366.7	2723.0	1810.0	Technology			OK	通常掲載可	OK	109862.0	3.72	8.81	68.12	0.03	1974.0	186.01	48.38	6.97	4
7512	イオン北海道	スタンダード（内国株式）	6100	小売業	14	小売	6	TOPIX Small 1	825.0	1.94	16.0	1.92	16.0	1.94	配当あり	いいえ	31.16	1.51	1147.8	959.0	809.0	Consumer Cyclical			OK	通常掲載可	OK	404360.0	2.06	7.12	38.43	0.67	3572.0	26.48	60.42	13.74	0
7513	コジマ	プライム（内国株式）	6100	小売業	14	小売	6	TOPIX Small 1	1269.0	1.89	24.0	1.89	24.0	1.89	配当あり	いいえ	19.96	1.38	983.9	1473.0	1064.0	Consumer Cyclical			OK	通常掲載可	OK	282790.0	2.59	4.79	58.16	0.14	957.0	63.58	37.75	7.23	2
7514	ヒマラヤ	スタンダード（内国株式）	6100	小売業	14	小売	-	-	860.0	3.02	26.0	3.02	26.0	3.02	配当あり	いいえ		0.66	105.3	900.0	835.0	Consumer Cyclical			OK	通常掲載可	OK	60447.0	0.47	3.31	47.1	0.3	-372.0	-16.86		-1.28	0
7515	マルヨシセンター	スタンダード（内国株式）	6100	小売業	14	小売	-	-	4505.0	0.67	30.0	0.67	30.0	0.67	配当あり	いいえ	32.05	1.29	42.1	4790.0	4025.0	Consumer Defensive			OK	通常掲載可	OK	42991.7	0.79	3.0	19.66	1.94	1748.1	140.56	21.34	4.67	0
7516	コーナン商事	プライム（内国株式）	6100	小売業	14	小売	6	TOPIX Small 1	4020.0	3.48	140.0	3.33	140.0	3.48	配当あり	いいえ	9.3	0.65	1132.3	4610.0	3705.0	Consumer Cyclical			OK	通常掲載可	OK	519778.0	4.31	3.66	34.35	1.19	8311.0	432.27	32.39	7.24	11
7520	エコス	プライム（内国株式）	6100	小売業	14	小売	7	TOPIX Small 2	2266.0	3.09	70.0	3.09	70.0	3.09	配当あり	いいえ	9.72	0.87	253.3	3295.0	2194.0	Consumer Defensive			OK	通常掲載可	OK	137984.0	4.16	0.59	51.75	0.34	5267.0	233.17	30.02	9.43	4
7521	ムサシ	スタンダード（内国株式）	6050	卸売業	13	商社・卸売	-	-	2655.0	1.36	36.0	1.36	36.0	1.36	配当あり	いいえ	6.45	0.49	180.9	3030.0	1717.0	Industrials			OK	通常掲載可	OK	40586.0	11.52	8.54	69.9	0.1	1758.0	411.32	8.75	7.91	2
7522	ワタミ	プライム（内国株式）	6100	小売業	14	小売	7	TOPIX Small 2	925.0	1.08	10.0	1.08	10.0	1.08	配当あり	いいえ	10.33	1.23	371.0	1076.0	892.0	Consumer Cyclical			OK	通常掲載可	OK	93268.0	5.19	5.13	40.45	0.96	4365.0	89.54	11.17	14.25	0
7523	アールビバン	スタンダード（内国株式）	6100	小売業	14	小売	-	-	1727.0	1.74	30.0	1.77	30.0	1.74	配当あり	いいえ	9.34	0.97	158.0	2170.0	1030.0	Consumer Cyclical			OK	通常掲載可	OK	12675.0	21.29	18.11	44.34	0.66	3716.9	184.96	16.22	10.69	3
7524	マルシェ	スタンダード（内国株式）	6100	小売業	14	小売	-	-	184.0						配当未取得			0.32	18.5	229.0	150.0	Consumer Cyclical	配当未取得	1株配当が取得できていない	除外推奨	掲載非推奨	OK_配当データ要確認	4581.8	0.97	-2.0	11.97	4.91	-201.5	-7.29		4.93	0
7525	リックス	プライム（内国株式）	6050	卸売業	13	商社・卸売	7	TOPIX Small 2	3525.0	4.6	162.0	4.56	162.0	4.6	配当あり	いいえ	9.04	1.0	285.7	3980.0	3040.0	Industrials			OK	通常掲載可	OK	55827.3	6.34	2.01	60.41	0.07	116.1	389.87	41.55	11.16	1
7527	システムソフト	スタンダード（内国株式）	5250	情報・通信業	10	情報通信・サービスその他	7	TOPIX Small 2	49.0						配当未取得			0.98	51.8	99.0	44.0	Technology	配当未取得	1株配当が取得できていない	除外推奨	掲載非推奨	OK_配当データ要確認	1373.4	-35.97	-40.57	89.25	0.02	-536.8	-3.12		-6.04	0
7531	清和中央ホールディングス	スタンダード（内国株式）	6050	卸売業	13	商社・卸売	-	-	1275.0	1.57	20.0	1.58	20.0	1.57	配当あり	いいえ	14.41	0.31	50.2	1863.0	1252.0	Basic Materials			OK	通常掲載可	OK	50026.4	0.8	-2.81	44.06	0.02	1726.7	88.49	22.6	2.66	1
7532	パン・パシフィック・インターナショナルホールディングス	プライム（内国株式）	6100	小売業	14	小売	4	TOPIX Mid400	793.6	1.07	8.5	1.03	8.5	1.07	配当あり	いいえ	23.75	3.46	23724.5	1139.4	793.6	Consumer Defensive			OK	通常掲載可	OK	2246758.0	7.22	7.24	40.23	0.73	79835.0	33.41	25.44	14.57	18
7537	丸文	プライム（内国株式）	6050	卸売業	13	商社・卸売	7	TOPIX Small 2	1683.0	4.63	78.0	4.71	78.0	4.63	配当あり	いいえ	13.12	0.78	441.7	1852.0	1017.0	Technology			OK	通常掲載可	OK	213425.0	3.64	1.23	39.23	0.86	4955.0	128.24	60.82	5.97	1
7538	大水	スタンダード（内国株式）	6050	卸売業	13	商社・卸売	-	-	353.0	1.98	7.0	1.95	7.0	1.98	配当あり	いいえ	6.68	0.37	43.0	463.0	330.0	Consumer Defensive			OK	通常掲載可	OK	99302.0	0.69	0.86	46.12	0.26	-1338.0	52.81	13.26	6.01	0
7539	アイナボホールディングス	スタンダード（内国株式）	6050	卸売業	13	商社・卸売	-	-	807.0	3.22	26.0	3.21	26.0	3.22	配当あり	いいえ	10.44	0.69	187.5	855.0	681.0	Industrials			OK	通常掲載可	OK	92272.2	2.74	2.77	55.39	0.01	2734.2	77.31	33.63	6.8	1
7544	スリーエフ	スタンダード（内国株式）	6100	小売業	14	小売	-	-	560.0	3.21	18.0	3.21	18.0	3.21	配当あり	いいえ	11.12	1.02	42.4	612.0	446.0	Consumer Defensive			OK	通常掲載可	OK	15082.0	9.42	8.39	71.9		1082.0	50.34	35.76	19.14	1
7545	西松屋チェーン	プライム（内国株式）	6100	小売業	14	小売	6	TOPIX Small 1	1971.0	1.62	32.0	1.64	32.0	1.62	配当あり	いいえ	16.86	1.19	1177.2	2354.0	1830.0	Consumer Cyclical			OK	通常掲載可	OK	193365.0	5.14	3.97	61.57	0.0	10566.0	116.88	27.38	7.21	6
7550	ゼンショーホールディングス	プライム（内国株式）	6100	小売業	14	小売	4	TOPIX Mid400	8012.0	1.0	80.0	0.99	80.0	1.0	配当あり	いいえ	29.24	3.68	12535.8	10600.0	7381.0	Consumer Cyclical			OK	通常掲載可	OK	1264053.0	6.44	11.21	35.5	1.16	20754.0	274.01	29.2	15.74	7
75505	ゼンショーホールディングス第１回社債型種類株式	プライム（内国株式）	6100	小売業	14	小売	-	-	4943.0						配当未取得			2.27		5500.0	4900.0		配当未取得	1株配当が取得できていない	除外推奨	掲載非推奨	OK_配当データ要確認									15.74	
7551	ウェッズ	スタンダード（内国株式）	3700	輸送用機器	6	自動車・輸送機	-	-	697.0	3.16	22.0	3.17	22.0	3.16	配当あり	いいえ	11.45	0.63	111.8	774.0	605.0	Consumer Cyclical			OK	通常掲載可	OK	34530.7	5.52	-1.73	67.23	0.07	485.0	60.85	36.15	10.52	0
7552	ハピネット	プライム（内国株式）	6050	卸売業	13	商社・卸売	6	TOPIX Small 1	2963.0	3.21	95.0	3.21	95.0	3.21	配当あり	いいえ	13.04	2.13	1283.4	3630.0	2485.0	Consumer Cyclical			OK	通常掲載可	OK	439052.0	3.47	20.48	41.86		15183.0	227.26	41.8	17.41	2
7554	幸楽苑	プライム（内国株式）	6100	小売業	14	小売	7	TOPIX Small 2	1088.0	1.38	15.0	1.39	15.0	1.38	配当あり	いいえ	17.99	3.03	207.9	1249.0	1009.0	Consumer Cyclical			OK	通常掲載可	OK	29404.7	5.07	56.04	53.45	0.19	453.4	60.49	24.8	46.77	0
7555	大田花き	スタンダード（内国株式）	6050	卸売業	13	商社・卸売	-	-	737.0	1.63	12.0	1.64	12.0	1.63	配当あり	いいえ	45.24	0.72	37.5	829.0	733.0	Consumer Defensive			OK	通常掲載可	OK	3661.0	1.56	-5.08	63.7	0.03	265.0	16.29	73.66	1.57	0
7561	ハークスレイ	スタンダード（内国株式）	6100	小売業	14	小売	-	-	645.0	4.65	30.0	4.66	30.0	4.65	配当あり	いいえ	8.03	0.47	119.3	819.0	608.0	Consumer Cyclical			OK	通常掲載可	OK	52427.0	5.83	16.05	35.71	1.23	3731.0	80.37	37.33	6.0	0
7562	安楽亭	スタンダード（内国株式）	6100	小売業	14	小売	-	-	3740.0	0.4	15.0	0.4	15.0	0.4	配当あり	いいえ	20.28	2.09	172.7	3885.0	3600.0	Consumer Cyclical			OK	通常掲載可	OK	30789.8	4.68	1.44	32.1	1.36	1159.3	184.38	8.14	10.83	
7564	ワークマン	スタンダード（内国株式）	6100	小売業	14	小売	-	-	6550.0	1.36	89.0	1.3	89.0	1.36	配当あり	いいえ	27.03	3.48	5345.7	8330.0	5300.0	Consumer Cyclical			OK	通常掲載可	OK	160851.0	18.46	17.47	82.83	0.01	10197.0	242.35	36.72	14.28	1
7565	萬世電機	スタンダード（内国株式）	6050	卸売業	13	商社・卸売	-	-	6010.0	2.66	160.0	2.66	160.0	2.66	配当あり	いいえ	8.76	0.74	97.6	6660.0	4350.0	Technology			OK	通常掲載可	OK	26992.8	5.82	10.52	53.48	0.02	2481.8	686.34	23.31	8.96	4
7567	栄電子	スタンダード（内国株式）	6050	卸売業	13	商社・卸売	-	-	525.0	2.1	11.0	2.1	11.0	2.1	配当あり	いいえ	23.42	0.55	26.7	649.0	440.0	Industrials			OK	通常掲載可	OK	7330.4	1.9	14.03	65.46	0.1	-9.3	22.42	49.06	2.43	0
7570	橋本総業ホールディングス	スタンダード（内国株式）	6050	卸売業	13	商社・卸売	7	TOPIX Small 2	1382.0	3.76	52.0	3.76	52.0	3.76	配当あり	いいえ	9.56	0.74	268.9	1549.0	1159.0	Industrials			OK	通常掲載可	OK	172462.0	1.47	4.31	42.92	0.23	2568.0	144.56	35.97	8.19	8
7571	ヤマノホールディングス	スタンダード（内国株式）	6100	小売業	14	小売	-	-	83.0	1.81	1.5	1.79	1.5	1.81	配当あり	いいえ	14.09	1.94	28.9	230.0	78.0	Industrials			OK	通常掲載可	OK	14724.2	2.8	5.44	17.74	2.29	292.9	5.89	25.47	14.69	0
7575	日本ライフライン	プライム（内国株式）	6050	卸売業	13	商社・卸売	6	TOPIX Small 1	1292.0	4.33	56.0	4.32	56.0	4.33	配当あり	いいえ	9.72	1.38	906.4	1645.0	1239.0	Healthcare			OK	通常掲載可	OK	59187.0	21.31	4.55	82.15	0.05	6198.0	132.95	42.12	14.86	2
7578	ニチリョク	スタンダード（内国株式）	6100	小売業	14	小売	-	-	75.0						配当未取得			0.14	13.8	171.0	65.0	Consumer Cyclical	配当未取得	1株配当が取得できていない	除外推奨	掲載非推奨	OK_配当データ要確認	2242.6	-4.38	-21.38	61.34	0.48	-118.4	-12.07		-10.46	0
7581	サイゼリヤ	プライム（内国株式）	6100	小売業	14	小売	6	TOPIX Small 1	5350.0	0.56	30.0	0.56	30.0	0.56	配当あり	いいえ	21.74	2.08	2628.4	7220.0	4685.0	Consumer Cyclical			OK	通常掲載可	OK	256714.0	6.04	14.33	65.29	0.22	7665.0	246.07	12.19	10.13	2
7585	かんなん丸	スタンダード（内国株式）	6100	小売業	14	小売	-	-	405.0						配当未取得			1.32	15.4	495.0	398.0	Consumer Cyclical	配当未取得	1株配当が取得できていない	除外推奨	掲載非推奨	OK_配当データ要確認	1649.6	-10.95	23.51	36.46	1.21	-358.5	-55.49		-0.68	0
7590	タカショー	スタンダード（内国株式）	6050	卸売業	13	商社・卸売	7	TOPIX Small 2	401.0	1.25	5.0	1.26	5.0	1.25	配当あり	いいえ	34.01	0.53	67.6	495.0	375.0	Consumer Cyclical			OK	通常掲載可	OK	20246.4	1.08	1.79	54.21	0.44	121.0	11.79	42.41	3.12	0
7593	ＶＴホールディングス	プライム（内国株式）	6100	小売業	14	小売	6	TOPIX Small 1	449.0	5.35	24.0	5.35	24.0	5.35	配当あり	いいえ	10.82	0.74	522.0	575.0	428.0	Consumer Cyclical			OK	通常掲載可	OK	388733.0	2.83	10.55	23.32	1.23	4229.0	41.49	57.85	7.51	0
7595	アルゴグラフィックス	プライム（内国株式）	5250	情報・通信業	10	情報通信・サービスその他	6	TOPIX Small 1	1209.0	3.8	46.0	3.8	46.0	3.8	配当あり	いいえ	4.59	1.7	830.7	1709.0	1133.75	Technology			OK	通常掲載可	OK	71526.0	15.02	2.85	60.26		588.0	263.32	17.47	34.84	4
7596	魚力	プライム（内国株式）	6100	小売業	14	小売	7	TOPIX Small 2	2221.0	2.34	52.0	2.32	52.0	2.34	配当あり	いいえ	23.81	1.65	310.0	2670.0	2115.0	Consumer Defensive			OK	通常掲載可	OK	43600.4	3.56	19.03	76.91	0.0	463.2	93.28	55.75	7.0	0
7599	ＩＤＯＭ	プライム（内国株式）	6050	卸売業	13	商社・卸売	6	TOPIX Small 1	1392.0	3.05	42.43	3.12	42.43	3.05	配当あり	いいえ	11.45	1.59	1397.7	1567.0	947.0	Consumer Cyclical			OK	通常掲載可	OK	562774.0	3.59	13.31	33.36	1.19	-98.0	121.52	34.92	14.06	0
7600	日本エム・ディ・エム	プライム（内国株式）	3750	精密機器	9	電機・精密	7	TOPIX Small 2	872.0	1.95	17.0	1.93	17.0	1.95	配当あり	いいえ	87.73	0.9	229.8	946.0	445.0	Healthcare			OK	通常掲載可	OK	23917.0	2.4	-4.77	71.19	0.23	-1791.7	9.94	171.03	1.09	9
7601	ポプラ	スタンダード（内国株式）	6100	小売業	14	小売	-	-	165.0						配当未取得		20.05	2.21	19.4	209.0	161.0	Consumer Cyclical	配当未取得	1株配当が取得できていない	除外推奨	掲載非推奨	OK_配当データ要確認	11654.0	2.59	-3.11	22.23	0.43	241.0	8.23		16.14	0
7602	レダックス	スタンダード（内国株式）	6050	卸売業	13	商社・卸売	-	-	141.0	1.42	2.0	1.42	2.0	1.42	配当あり	いいえ	25.82	0.62	29.2	388.0	126.0	Consumer Cyclical			OK	通常掲載可	OK	19846.9	-0.61	-0.94	65.95	0.14	-257.9	5.46	36.63	2.58	0
7603	ジーイエット	スタンダード（内国株式）	6100	小売業	14	小売	-	-	49.0						配当未取得			0.7	36.5	536.0	45.0	Consumer Cyclical	配当未取得	1株配当が取得できていない	除外推奨	掲載非推奨	OK_配当データ要確認	11590.0	-20.53	-11.65	25.32	0.51	-4095.0	-141.39		-202.97	0
7604	梅の花グループ	スタンダード（内国株式）	6100	小売業	14	小売	-	-	888.0	1.13	10.0	1.14	10.0	1.13	配当あり	いいえ	33.0	3.76	78.9	924.0	801.0	Consumer Cyclical			OK	通常掲載可	OK	29440.6	1.87	-1.26	7.98	9.06	-254.5	26.91	37.16	13.29	0
7606	ユナイテッドアローズ	プライム（内国株式）	6100	小売業	14	小売	6	TOPIX Small 1	2331.0	3.95	92.0	3.86	92.0	3.95	配当あり	いいえ	10.53	1.53	646.6	2756.0	1900.0	Consumer Cyclical			OK	通常掲載可	OK	164603.0	5.54	9.07	58.93	0.05	-621.0	221.29	41.57	15.29	4
7607	進和	プライム（内国株式）	6050	卸売業	13	商社・卸売	7	TOPIX Small 2	3200.0	3.88	124.0	3.88	124.0	3.88	配当あり	いいえ	11.57	0.93	429.3	3465.0	2853.0	Industrials			OK	通常掲載可	OK	86146.5	5.27	10.66	58.42	0.02	10526.7	276.48	44.85	8.28	4
7608	エスケイジャパン	スタンダード（内国株式）	6050	卸売業	13	商社・卸売	-	-	758.0	3.17	24.0	3.17	24.0	3.17	配当あり	いいえ	9.6	1.91	127.2	944.0	487.0	Consumer Cyclical			OK	通常掲載可	OK	16232.6	11.46	22.28	77.98		665.2	78.98	30.39	21.8	4
7609	ダイトロン	プライム（内国株式）	6050	卸売業	13	商社・卸売	7	TOPIX Small 2	3785.0	2.91	110.0	2.99	110.0	2.91	配当あり	いいえ	15.82	2.19	797.3	4090.0	1787.5	Technology			OK	通常掲載可	OK	103142.5	6.8	10.26	44.82	0.01	5841.3	239.21	45.98	16.74	5
7610	テイツー	スタンダード（内国株式）	6100	小売業	14	小売	-	-	144.0	2.78	4.0	2.78	4.0	2.78	配当あり	いいえ	10.47	1.32	89.2	164.0	127.0	Consumer Cyclical			OK	通常掲載可	OK	42233.2	3.26	15.78	48.76	0.42	1085.5	13.75	29.09	13.21	0
7611	ハイデイ日高	プライム（内国株式）	6100	小売業	14	小売	6	TOPIX Small 1	2506.0	2.08	52.0	2.04	52.0	2.08	配当あり	いいえ	19.49	3.63	902.2	3900.0	2456.0	Consumer Cyclical			OK	通常掲載可	OK	62252.9	10.58	11.91	72.75		3782.8	128.56	40.45	18.65	3
7613	シークス	プライム（内国株式）	6050	卸売業	13	商社・卸売	6	TOPIX Small 1	1298.0	3.85	50.0	3.85	50.0	3.85	配当あり	いいえ	24.69	0.58	611.8	1463.0	1145.0	Technology			OK	通常掲載可	OK	289491.0	3.06	-4.24	49.67	0.38	23163.0	52.57	95.11	2.82	15
7614	オーエムツーネットワーク	スタンダード（内国株式）	6100	小売業	14	小売	-	-	1536.0	2.34	36.0	2.35	36.0	2.34	配当あり	いいえ	10.82	0.56	102.3	2049.0	1468.0	Consumer Defensive			OK	通常掲載可	OK	35371.1	3.66	7.91	77.42	0.04	1088.1	141.93	25.36	5.73	2
7615	京都きもの友禅ホールディングス	スタンダード（内国株式）	6100	小売業	14	小売	-	-	94.0	1.6	1.5	1.6	1.5	1.6	配当あり	いいえ	7.04	0.63	19.5	441.0	89.0	Consumer Cyclical			OK	通常掲載可	OK	5951.6	4.35	15.31	37.97	0.08	810.2	13.35	11.24	8.71	0
7616	コロワイド	プライム（内国株式）	6100	小売業	14	小売	4	TOPIX Mid400	1803.5	0.28	5.0	0.27	5.0	0.28	配当あり	いいえ	115.17	2.28	1917.2	2042.0	1656.0	Consumer Cyclical			OK	通常掲載可	OK	300090.0	4.12	11.49	24.0	2.21	16514.0	15.66	31.93	1.9	0
7619	田中商事	スタンダード（内国株式）	6050	卸売業	13	商社・卸売	-	-	895.0	4.69	42.0	4.75	42.0	4.69	配当あり	いいえ	7.68	0.47	72.9	947.0	684.0	Technology			OK	通常掲載可	OK	44048.2	3.07	6.26	50.69	0.25	80.3	116.53	36.04	6.12	0
7621	うかい	スタンダード（内国株式）	6100	小売業	14	小売	-	-	3305.0	0.45	15.0	0.45	15.0	0.45	配当あり	いいえ	62.89	3.84	185.6	3880.0	3230.0	Consumer Cyclical			OK	通常掲載可	OK	13570.0	6.13	0.8	47.9	0.42	-316.9	52.55	28.54	-16.14	0
7624	ＮａＩＴＯ	スタンダード（内国株式）	6050	卸売業	13	商社・卸売	-	-	143.0	2.8	4.0	2.78	4.0	2.8	配当あり	いいえ	27.77	0.6	78.3	148.0	130.0	Industrials			OK	通常掲載可	OK	43518.0	0.93	-0.08	74.7	0.01	165.0	5.15	77.67	3.6	0
7625	グローバルダイニング	スタンダード（内国株式）	6100	小売業	14	小売	-	-	456.0	1.1	5.0	1.07	5.0	1.1	配当あり	いいえ	15.87	0.81	47.5	530.0	331.0	Consumer Cyclical			OK	通常掲載可	OK	13660.2	5.04	15.88	50.44	0.47	281.3	28.73	17.4	11.66	0
7628	オーハシテクニカ	プライム（内国株式）	6050	卸売業	13	商社・卸売	7	TOPIX Small 2	1119.0	4.02	45.0	4.05	45.0	4.02	配当あり	いいえ	13.66	0.71	286.2	1294.0	979.0	Consumer Cyclical			OK	通常掲載可	OK	40918.2	5.93	2.25	84.2	0.0	778.6	81.91	54.94	5.19	2
7630	壱番屋	プライム（内国株式）	6100	小売業	14	小売	6	TOPIX Small 1	867.0	1.85	16.0	1.83	16.0	1.85	配当あり	いいえ	54.63	4.29	1383.8	1010.0	840.0	Consumer Cyclical			OK	通常掲載可	OK	65518.0	7.21	7.4	67.04	0.06	1950.0	15.87	100.82	7.54	0
7634	星医療酸器	スタンダード（内国株式）	6050	卸売業	13	商社・卸売	-	-	4910.0	1.83	90.0	1.88	90.0	1.83	配当あり	いいえ	10.88	0.77	153.4	6000.0	4465.0	Healthcare			OK	通常掲載可	OK	15520.1	12.37	2.77	74.8	0.06	2092.9	451.23	19.95	7.07	4
7636	ハンズマン	スタンダード（内国株式）	6100	小売業	14	小売	-	-	777.0	3.86	30.0	3.87	30.0	3.86	配当あり	いいえ	11.59	0.58	106.9	926.0	770.0	Consumer Cyclical			OK	通常掲載可	OK	34121.0	2.56	10.55	68.2	0.23	-782.0	67.06	44.74	5.51	0
7637	白銅	プライム（内国株式）	6050	卸売業	13	商社・卸売	7	TOPIX Small 2	3395.0	3.77	128.0	3.79	128.0	3.77	配当あり	いいえ	17.86	1.51	385.1	4010.0	2170.0	Industrials			OK	通常掲載可	OK	68109.6	4.22	2.56	53.54	0.0	3603.3	190.12	67.33	8.72	0
7638	ＮＥＷ　ＡＲＴ　ＨＯＬＤＩＮＧＳ	スタンダード（内国株式）	6100	小売業	14	小売	-	-	1346.0	5.94	80.0	5.94	80.0	5.94	配当あり	いいえ	9.82	2.07	230.9	1663.0	1301.0	Consumer Cyclical			OK	通常掲載可	OK	32017.8	15.32	15.82	39.69	0.73	3119.2	137.1	58.35	20.81	0
7640	トップカルチャー	スタンダード（内国株式）	6100	小売業	14	小売	-	-	161.0						配当未取得		80.5	1.69	25.1	278.0	147.0	Consumer Cyclical	配当未取得	1株配当が取得できていない	除外推奨	掲載非推奨	OK_配当データ要確認	17333.3	-2.26	-5.87	4.98	12.4	776.8	2.0		25.2	0
7643	ダイイチ	スタンダード（内国株式）	6100	小売業	14	小売	-	-	1690.0	2.37	40.0	2.37	40.0	2.37	配当あり	いいえ	17.27	2.04	189.9	1979.0	1562.0	Consumer Defensive			OK	通常掲載可	OK	59160.5	2.21	12.92	62.97	0.07	930.8	97.85	40.88	9.45	10
7646	ＰＬＡＮＴ	スタンダード（内国株式）	6100	小売業	14	小売	-	-	1750.0	5.43	95.0	5.49	95.0	5.43	配当あり	いいえ	9.65	0.77	120.8	2169.0	1486.0	Consumer Defensive			OK	通常掲載可	OK	97763.0	2.05	-0.83	41.39	0.4	-931.0	181.3	52.4	8.17	5
7649	スギホールディングス	プライム（内国株式）	6100	小売業	14	小売	4	TOPIX Mid400	3059.0	0.57	17.5	0.56	17.5	0.57	配当あり	いいえ	12.31	1.91	5536.0	4074.0	2685.0	Healthcare			OK	通常掲載可	OK	1010336.0	4.81	15.07	47.27	0.32	61033.0	248.54	7.04	16.62	2
7670	オーウエル	スタンダード（内国株式）	6050	卸売業	13	商社・卸売	-	-	1033.0	6.78	70.0	6.78	70.0	6.78	配当あり	いいえ	5.65	0.46	103.9	1320.0	922.0	Industrials			OK	通常掲載可	OK	68268.0	1.85	-1.65	53.4	0.17	-1515.0	182.74	38.31	8.09	5
7673	ダイコー通産	スタンダード（内国株式）	6050	卸売業	13	商社・卸売	-	-	1608.0	8.33	134.0	8.33	134.0	8.33	配当あり	いいえ	9.76	0.97	85.7	1939.0	1443.0	Technology	高利回り要確認	配当利回りが8%以上	要確認	手動確認後に掲載	OK_高利回り要確認	21728.6	5.4	26.17	47.83	0.09	1264.3	164.82	81.3	10.83	1
7674	ＮＡＴＴＹ　ＳＷＡＮＫＹホールディングス	グロース（内国株式）	6100	小売業	14	小売	-	-	2869.0	0.35	10.0	0.35	10.0	0.35	配当あり	いいえ		5.4	70.2	3310.0	2373.0	Consumer Cyclical			OK	通常掲載可	OK	7683.5	-6.55	6.77	41.66	0.46	-167.1	-384.73		-49.32	0
7677	ヤシマキザイ	スタンダード（内国株式）	6050	卸売業	13	商社・卸売	-	-	2575.0	1.94	50.0	1.96	50.0	1.94	配当あり	いいえ	14.58	0.72	74.0	3050.0	2440.0	Industrials			OK	通常掲載可	OK	33864.6	2.15	16.59	37.06	0.0	711.7	176.64	28.31	5.11	0
7678	あさくま	スタンダード（内国株式）	6100	小売業	14	小売	-	-	6450.0						配当未取得		105.24	11.98	342.8	7050.0	4175.0	Consumer Cyclical	配当未取得	1株配当が取得できていない	除外推奨	掲載非推奨	OK_配当データ要確認	10045.9	5.17	20.31	68.57	0.0	532.3	61.29		11.38	0
7679	薬王堂ホールディングス	プライム（内国株式）	6100	小売業	14	小売	7	TOPIX Small 2	1611.0	1.86	30.0	1.8	30.0	1.86	配当あり	いいえ	8.07	0.78	313.4	2346.0	1611.0	Healthcare			OK	通常掲載可	OK	163808.0	3.23	7.8	38.99	0.86	-8934.0	199.6	15.03	10.42	5
7681	レオクラン	スタンダード（内国株式）	6050	卸売業	13	商社・卸売	-	-	923.0	1.84	17.0	1.84	17.0	1.84	配当あり	いいえ	121.93	0.95	54.7	1319.0	725.0	Healthcare			OK	通常掲載可	OK	21489.5	1.34	8.51	51.84	0.0	-168.8	7.57	224.57	1.02	1
7682	浜木綿	スタンダード（内国株式）	6100	小売業	14	小売	-	-	4055.0	0.42	17.0	0.42	17.0	0.42	配当あり	いいえ	106.37	5.16	88.0	4215.0	3820.0	Consumer Cyclical			OK	通常掲載可	OK	6092.1	3.11	5.5	34.02	1.27	-31.1	38.12	44.6	3.64	1
7683	ダブルエー	プライム（内国株式）	6100	小売業	14	小売	7	TOPIX Small 2	1440.0	1.18	17.0	1.18	17.0	1.18	配当あり	いいえ	40.48	2.58	274.7	1463.0	1255.0	Consumer Cyclical			OK	通常掲載可	OK	23327.4	4.57	2.31	82.22	0.03	517.3	35.57	47.79	3.86	2
7685	ＢｕｙＳｅｌｌ　Ｔｅｃｈｎｏｌｏｇｉｅｓ	グロース（内国株式）	6050	卸売業	13	商社・卸売	-	-	3285.0	0.53	17.5	0.53	17.5	0.53	配当あり	いいえ	38.02	8.4	2031.1	4155.0	1378.5	Consumer Cyclical			OK	通常掲載可	OK	100614.6	8.99	67.76	39.16	1.12	6697.0	86.4	20.25	39.26	5
7686	ひとまいる	スタンダード（内国株式）	6100	小売業	14	小売	-	-	412.0	4.85	20.0	4.85	20.0	4.85	配当あり	いいえ	10.12	2.39	120.3	505.0	404.0	Consumer Defensive			OK	通常掲載可	OK	139837.0	1.41	3.96	13.03	2.05	2785.0	40.71	49.13	25.46	3
7687	ミクリード	グロース（内国株式）	6050	卸売業	13	商社・卸売	-	-	415.0	2.22	9.2	2.23	9.2	2.22	配当あり	いいえ	9.79	1.69	27.4	595.0	400.0	Consumer Defensive			OK	通常掲載可	OK	7671.0	5.31	13.21	58.49	0.0	312.0	42.41	21.69	18.48	1
7689	コパ・コーポレーション	グロース（内国株式）	6050	卸売業	13	商社・卸売	-	-	298.0						配当未取得			1.15	8.8	530.0	292.0	Communication Services	配当未取得	1株配当が取得できていない	除外推奨	掲載非推奨	OK_配当データ要確認	1779.5	-15.24	-13.29	66.62	0.25	-292.1	-91.84		-30.12	
7692	アースインフィニティ	スタンダード（内国株式）	4050	電気・ガス業	11	電力・ガス	-	-	75.0	3.47	2.6	3.47	2.6	3.47	配当あり	いいえ	10.81	6.6	82.6	133.0	73.0	Utilities			OK	通常掲載可	OK	5000.2	5.55	-4.61	37.52	1.0	72.3	6.94	37.46	44.64	2
7694	いつも	グロース（内国株式）	6100	小売業	14	小売	-	-	446.0						配当未取得		16.31	1.04	26.5	1444.0	408.0	Industrials	配当未取得	1株配当が取得できていない	除外推奨	掲載非推奨	OK_配当データ要確認	17878.3	1.51	28.24	26.56	1.5	-1723.4	27.34		6.41	
7695	交換できるくん	グロース（内国株式）	6100	小売業	14	小売	-	-	738.0						配当未取得		58.16	2.66	55.1	865.67	669.0	Consumer Cyclical	配当未取得	1株配当が取得できていない	除外推奨	掲載非推奨	OK_配当データ要確認	12600.9	1.4	22.42	36.47	0.51	-82.9	12.69		4.88	
7698	アイスコ	スタンダード（内国株式）	6050	卸売業	13	商社・卸売	-	-	2499.0	0.8	20.0	0.8	20.0	0.8	配当あり	いいえ	27.03	2.35	98.2	2749.0	1704.0	Consumer Defensive			OK	通常掲載可	OK	57716.3	1.36	5.48	19.79	1.24	-2788.2	92.46	21.63	9.37	2
7701	島津製作所	プライム（内国株式）	3750	精密機器	9	電機・精密	4	TOPIX Mid400	4073.0	2.11	86.0	2.11	86.0	2.11	配当あり	いいえ	19.44	2.08	11768.5	4540.0	3229.0	Technology			OK	通常掲載可	OK	560728.0	13.14	4.02	76.58	0.02	39737.0	209.5	41.05	11.38	5
7702	ＪＭＳ	スタンダード（内国株式）	3750	精密機器	9	電機・精密	7	TOPIX Small 2	447.0	3.8	17.0	3.82	17.0	3.8	配当あり	いいえ		0.26	109.7	464.0	418.0	Healthcare			OK	通常掲載可	OK	65845.0	0.58	-5.6	50.24	0.67	-1075.0	-31.91		-1.98	0
7707	プレシジョン・システム・サイエンス	グロース（内国株式）	3750	精密機器	9	電機・精密	-	-	192.0						配当未取得			1.36	52.7	299.0	175.0	Healthcare	配当未取得	1株配当が取得できていない	除外推奨	掲載非推奨	OK_配当データ要確認	3980.0	-24.03	-24.6	64.77	0.33	-130.8	-1.28		3.47	0
7709	クボテック	スタンダード（内国株式）	3750	精密機器	9	電機・精密	-	-	55.0						配当未取得			13.52	7.6	340.0	48.0	Technology	配当未取得	1株配当が取得できていない	除外推奨	掲載非推奨	OK_配当データ要確認	1662.1	-7.54	27.23	11.65	1.24	-478.1	-12.0		-120.93	
7711	助川電気工業	スタンダード（内国株式）	3750	精密機器	9	電機・精密	-	-	4840.0	1.07	52.0	1.06	52.0	1.07	配当あり	いいえ	31.0	9.1	266.9	12250.0	2050.0	Industrials			OK	通常掲載可	OK	5467.9	21.31	10.13	64.8	0.2	765.0	156.14	33.3	3.17	4
7713	シグマ光機	スタンダード（内国株式）	3750	精密機器	9	電機・精密	-	-	2180.0	1.93	42.0	1.94	42.0	1.93	配当あり	いいえ	15.9	0.85	154.4	2594.0	1310.0	Technology			OK	通常掲載可	OK	11580.5	9.77	3.28	86.86	0.01	-73.8	137.12	30.63	4.9	0
7715	長野計器	プライム（内国株式）	3750	精密機器	9	電機・精密	7	TOPIX Small 2	4615.0	1.3	60.0	1.33	60.0	1.3	配当あり	いいえ	15.82	1.78	857.1	4845.0	1892.0	Technology			OK	通常掲載可	OK	67692.0	10.31	-2.66	62.86	0.27	6157.0	291.67	20.57	11.82	4
7716	ナカニシ	スタンダード（内国株式）	3750	精密機器	9	電機・精密	-	-	2949.0	2.03	60.0	2.01	60.0	2.03	配当あり	いいえ		2.1	2449.1	3180.0	1839.0	Healthcare			OK	通常掲載可	OK	81179.1	17.36	5.37	71.23	0.23	11336.3	-28.31		0.99	5
7717	ブイ・テクノロジー	プライム（内国株式）	3750	精密機器	9	電機・精密	7	TOPIX Small 2	8880.0	0.9	80.0	0.88	80.0	0.9	配当あり	いいえ	37.31	2.32	839.4	10180.0	2704.0	Industrials			OK	通常掲載可	OK	52992.0	7.11	14.75	49.56	0.58	4663.0	237.98	33.62	6.78	2
7719	東京衡機	スタンダード（内国株式）	3750	精密機器	9	電機・精密	-	-	436.0						配当未取得		24.6	1.75	31.2	983.0	225.0	Industrials	配当未取得	1株配当が取得できていない	除外推奨	掲載非推奨	OK_配当データ要確認	4473.5	3.42	28.4	35.53	0.78	531.9	17.72		7.49	
7721	東京計器	プライム（内国株式）	3750	精密機器	9	電機・精密	6	TOPIX Small 1	6260.0	0.77	48.0	0.77	48.0	0.77	配当あり	いいえ	25.58	2.26	1028.7	9540.0	3910.0	Technology			OK	通常掲載可	OK	61186.0	8.76	6.13	53.69	0.48	-160.0	244.77	19.61	9.35	2
7722	国際計測器	スタンダード（内国株式）	3750	精密機器	9	電機・精密	-	-	776.0	5.15	40.0	5.15	40.0	5.15	配当あり	いいえ	6.98	0.84	104.6	1147.0	530.0	Industrials			OK	通常掲載可	OK	14948.4	13.95	13.21	60.06	0.21	1706.2	111.12	36.0	12.69	1
7723	愛知時計電機	プライム（内国株式）	3750	精密機器	9	電機・精密	7	TOPIX Small 2	2966.0	4.05	120.0	4.05	120.0	4.05	配当あり	いいえ	inf	0.87	455.0	3340.0	2210.0	Technology			OK	通常掲載可	OK	59116.0	7.97	8.9	74.82	0.02	816.0	0.0		9.66	5
7725	インターアクション	プライム（内国株式）	3750	精密機器	9	電機・精密	7	TOPIX Small 2	1999.0	2.2	44.0	2.2	44.0	2.2	配当あり	いいえ	51.55	1.89	202.8	2288.0	1268.0	Technology			OK	通常掲載可	OK	6668.7	21.28	-14.01	86.15	0.06	3275.0	38.78	113.46	5.1	1
7726	黒田精工	スタンダード（内国株式）	3600	機械	8	機械	-	-	1470.0	1.36	20.0	1.36	20.0	1.36	配当あり	いいえ		0.72	82.2	1606.0	905.0	Industrials			OK	通常掲載可	OK	19501.8	0.17	12.83	39.24	0.92	-2530.0	-17.93		-0.8	0
7727	オーバル	スタンダード（内国株式）	3750	精密機器	9	電機・精密	-	-	751.0	3.73	28.0	3.73	28.0	3.73	配当あり	いいえ	11.57	0.98	152.9	915.0	433.0	Technology			OK	通常掲載可	OK	15589.1	10.93	3.59	63.71	0.15	923.9	64.9	43.14	8.83	4
7729	東京精密	プライム（内国株式）	3750	精密機器	9	電機・精密	4	TOPIX Mid400	20920.0	1.32	276.0	1.32	276.0	1.32	配当あり	いいえ	33.22	4.43	8491.4	21310.0	7951.0	Technology			OK	通常掲載可	OK	166839.0	20.22	10.83	76.52	0.08	13379.0	629.69	43.83	13.45	5
7730	マニー	プライム（内国株式）	3750	精密機器	9	電機・精密	6	TOPIX Small 1	1724.0	2.38	41.0	2.38	41.0	2.38	配当あり	いいえ	30.3	3.0	1698.2	1955.0	1172.0	Healthcare			OK	通常掲載可	OK	29968.0	27.34	5.1	92.37	0.0	347.0	56.89	72.07	10.18	0
7731	ニコン	プライム（内国株式）	3750	精密機器	9	電機・精密	4	TOPIX Mid400	2265.0	0.88	20.0	0.88	20.0	0.88	配当あり	いいえ		1.27	7461.3	2390.0	1367.0	Consumer Cyclical			OK	通常掲載可	OK	677163.0	-16.61	-5.33	54.58	0.37	-21402.0	-261.5		-14.02	0
7733	オリンパス	プライム（内国株式）	3750	精密機器	9	電機・精密	2	TOPIX Large70	1646.0	1.82	30.0	1.82	30.0	1.82	配当あり	いいえ	26.88	2.23	17483.1	2168.0	1302.5	Healthcare			OK	通常掲載可	OK	1010676.0	9.98	1.34	52.83	0.3	18162.0	61.23	49.0	8.72	7
7734	理研計器	プライム（内国株式）	3750	精密機器	9	電機・精密	6	TOPIX Small 1	3710.0	1.62	60.0	1.62	60.0	1.62	配当あり	いいえ	17.08	1.98	1686.4	3930.0	2806.0	Industrials			OK	通常掲載可	OK	55212.2	22.5	12.59	84.49	0.05	8306.8	217.27	27.62	12.23	1
7735	ＳＣＲＥＥＮホールディングス	プライム（内国株式）	3650	電気機器	9	電機・精密	4	TOPIX Mid400	19490.0	1.18	230.0	1.18	230.0	1.18	配当あり	いいえ	36.63	7.57	36853.2	19770.0	5335.0	Technology			OK	通常掲載可	OK	605748.0	20.23	-3.12	67.35	0.01	61843.0	532.08	43.23	20.28	1
7740	タムロン	プライム（内国株式）	3750	精密機器	9	電機・精密	6	TOPIX Small 1	1140.0	4.47	51.0	4.47	51.0	4.47	配当あり	いいえ	15.87	2.17	1838.2	1325.0	847.0	Consumer Cyclical			OK	通常掲載可	OK	85071.0	19.56	-3.85	81.01	0.01	10441.0	71.82	71.01	14.55	5
7741	ＨＯＹＡ	プライム（内国株式）	3750	精密機器	9	電機・精密	1	TOPIX Core30	25905.0	1.14	295.0	1.14	295.0	1.14	配当あり	いいえ	34.84	8.52	86656.0	30400.0	16375.0	Healthcare			OK	通常掲載可	OK	995844.0	55.34	12.42	78.44	0.04	221865.0	743.47	39.68	25.06	1
7743	シード	スタンダード（内国株式）	3750	精密機器	9	電機・精密	-	-	510.0	2.94	15.0	2.94	15.0	2.94	配当あり	いいえ	13.64	0.8	154.4	659.0	463.0	Healthcare			OK	通常掲載可	OK	33942.4	4.24	2.14	30.84	1.48	-672.4	37.38	40.13	5.97	0
7744	ノーリツ鋼機	プライム（内国株式）	3750	精密機器	9	電機・精密	6	TOPIX Small 1	2000.0	3.75	75.0	3.75	75.0	3.75	配当あり	いいえ	14.12	0.68	2120.2	2360.0	1451.0	Technology			OK	通常掲載可	OK	119223.0	17.47	11.91	75.7	0.15	17033.0	141.6	52.97	7.39	2
7745	Ａ＆Ｄホロンホールディングス	プライム（内国株式）	3750	精密機器	9	電機・精密	6	TOPIX Small 1	2893.0	2.07	60.0	2.07	60.0	2.07	配当あり	いいえ	13.28	1.6	792.3	3130.0	1691.0	Technology			OK	通常掲載可	OK	69326.0	13.29	3.34	65.73	0.26	2847.0	217.84	27.54	12.87	5
7746	岡本硝子	スタンダード（内国株式）	3750	精密機器	9	電機・精密	-	-	876.0						配当未取得			9.6	254.8	1638.0	148.0	Technology	配当未取得	1株配当が取得できていない	除外推奨	掲載非推奨	OK_配当データ要確認	4686.7	2.69	2.25	20.78	3.29	-385.8	-5.26		-6.72	
7747	朝日インテック	プライム（内国株式）	3750	精密機器	9	電機・精密	4	TOPIX Mid400	3734.0	1.08	40.31	1.06	40.31	1.08	配当あり	いいえ	57.14	5.96	9907.2	3941.0	2238.0	Healthcare			OK	通常掲載可	OK	120025.0	25.06	11.6	77.93	0.07	31965.0	65.35	61.68	19.24	5
7749	メディキット	スタンダード（内国株式）	3750	精密機器	9	電機・精密	-	-	2769.0	3.61	100.0	3.61	100.0	3.61	配当あり	いいえ	13.41	0.86	400.9	3095.0	2503.0	Healthcare			OK	通常掲載可	OK	23781.5	17.97	5.45	87.82	0.0	1251.9	206.49	48.43	6.54	1
7751	キヤノン	プライム（内国株式）	3650	電気機器	9	電機・精密	2	TOPIX Large70	4146.0	3.86	160.0	3.86	160.0	3.86	配当あり	いいえ	11.28	1.05	35417.9	5033.0	3956.0	Technology			OK	通常掲載可	OK	4624727.0	9.85	2.55	56.92	0.27	213738.0	367.42	43.55	9.37	5
7752	リコー	プライム（内国株式）	3650	電気機器	9	電機・精密	4	TOPIX Mid400	1397.0	3.15	44.0	3.15	44.0	3.15	配当あり	いいえ	14.39	0.69	7928.7	1585.5	1255.0	Industrials			OK	通常掲載可	OK	2608314.0	3.75	3.18	45.51	0.45	37212.0	97.09	45.32	5.09	4
7760	ＩＭＶ	スタンダード（内国株式）	3750	精密機器	9	電機・精密	-	-	2630.0	1.14	30.0	1.14	30.0	1.14	配当あり	いいえ	17.67	3.22	419.2	4255.0	1574.0	Technology			OK	通常掲載可	OK	17941.0	12.95	16.96	50.99	0.28	2350.0	148.86	20.15	18.24	4
7762	シチズン時計	プライム（内国株式）	3750	精密機器	9	電機・精密	6	TOPIX Small 1	2435.0	2.05	50.0	2.05	50.0	2.05	配当あり	いいえ	19.09	2.03	5941.3	2575.0	837.0	Consumer Cyclical			OK	通常掲載可	OK	346808.0	8.72	9.44	62.61	0.23	14979.0	127.53	39.21	11.02	4
7769	リズム	プライム（内国株式）	3750	精密機器	9	電機・精密	-	-	3775.0	4.44	167.6	4.44	167.6	4.44	配当あり	いいえ	13.18	0.89	300.6	4365.0	2995.0	Consumer Cyclical			OK	通常掲載可	OK	34755.0	4.57	6.4	69.31	0.24	1817.0	286.52	58.5	7.08	1
7771	日本精密	スタンダード（内国株式）	3750	精密機器	9	電機・精密	-	-	310.0						配当未取得		19.96	3.43	74.3	940.0	82.0	Consumer Cyclical	配当未取得	1株配当が取得できていない	除外推奨	掲載非推奨	OK_配当データ要確認	7895.8	4.75	10.3	33.87	1.31	137.0	15.53		19.95	
7774	ジャパン・ティッシュエンジニアリング	グロース（内国株式）	3750	精密機器	9	電機・精密	-	-	625.0						配当未取得			4.99	253.8	883.0	448.0	Healthcare	配当未取得	1株配当が取得できていない	除外推奨	掲載非推奨	OK_配当データ要確認	2182.7	-25.17	-11.11	89.57	0.0	-565.7	-18.13		-13.45	
7775	大研医器	スタンダード（内国株式）	3750	精密機器	9	電機・精密	-	-	414.0	4.83	20.0	4.83	20.0	4.83	配当あり	いいえ	12.89	1.53	118.9	489.0	409.0	Healthcare			OK	通常掲載可	OK	10291.0	12.41	3.41	68.42	0.29	239.9	32.13	62.25	12.06	2
7776	セルシード	グロース（内国株式）	3750	精密機器	9	電機・精密	-	-	222.0						配当未取得			3.84	86.3	518.0	201.0	Healthcare	配当未取得	1株配当が取得できていない	除外推奨	掲載非推奨	OK_配当データ要確認	83.7	-1250.18	-56.71	76.6	0.1	-1015.7	-32.7		-71.66	
7777	スリー・ディー・マトリックス	グロース（内国株式）	3750	精密機器	9	電機・精密	-	-	359.0						配当未取得		10.57	6.68	431.6	793.0	176.0	Healthcare	配当未取得	1株配当が取得できていない	除外推奨	掲載非推奨	OK_配当データ要確認	6934.1	-16.67	51.11	34.03	1.33	-1726.4	33.96		92.21	
7779	ＣＹＢＥＲＤＹＮＥ	グロース（内国株式）	3750	精密機器	9	電機・精密	-	-	229.0						配当未取得		322.54	1.22	483.5	420.0	164.0	Healthcare	配当未取得	1株配当が取得できていない	除外推奨	掲載非推奨	OK_配当データ要確認	3846.0	-15.63	-12.27	80.73	0.01	177.0	0.71		0.37	
7780	メニコン	プライム（内国株式）	3750	精密機器	9	電機・精密	6	TOPIX Small 1	1653.0	1.69	28.0	1.69	28.0	1.69	配当あり	いいえ	21.1	1.29	1226.6	1929.0	1090.0	Healthcare			OK	通常掲載可	OK	125605.0	8.15	3.39	48.83	0.78	-4659.0	78.35	35.74	6.53	1
7781	平山ホールディングス	スタンダード（内国株式）	3750	精密機器	9	電機・精密	-	-	749.0	6.28	47.0	6.39	47.0	6.28	配当あり	いいえ	10.83	2.06	114.8	817.0	509.5	Industrials			OK	通常掲載可	OK	35292.1	3.17	11.42	36.3	0.37	882.9	69.13	67.99	22.06	5
7782	シンシア	スタンダード（内国株式）	3750	精密機器	9	電機・精密	-	-	453.0	7.95	36.0	7.95	36.0	7.95	配当あり	いいえ	11.12	1.07	29.6	685.0	420.0	Healthcare			OK	通常掲載可	OK	7456.1	7.03	14.02	52.36	0.65	353.5	40.72	88.41	9.11	0
7791	ドリームベッド	スタンダード（内国株式）	3800	その他製品	10	情報通信・サービスその他	-	-	810.0	4.69	38.0	4.69	38.0	4.69	配当あり	いいえ	6.87	0.68	32.9	965.0	765.0	Consumer Cyclical			OK	通常掲載可	OK	12174.8	5.77	5.78	42.08	0.91	-467.6	117.94	32.22	10.24	2
7792	コラントッテ	グロース（内国株式）	3800	その他製品	10	情報通信・サービスその他	-	-	1437.0	3.06	44.0	3.04	44.0	3.06	配当あり	いいえ	9.75	2.35	130.7	1596.0	1320.0	Healthcare			OK	通常掲載可	OK	6917.9	26.17	16.37	76.94	0.0	710.8	147.44	29.84	26.7	4
7793	イメージ・マジック	グロース（内国株式）	3800	その他製品	10	情報通信・サービスその他	-	-	1372.0	2.55	35.0	2.55	35.0	2.55	配当あり	いいえ	10.39	1.81	33.8	1931.0	1281.0	Industrials			OK	通常掲載可	OK	9402.0	5.91	21.04	58.6	0.08	430.0	131.99	26.52	17.9	1
7794	イーディーピー	グロース（内国株式）	3800	その他製品	10	情報通信・サービスその他	-	-	1217.0						配当未取得			11.01	194.1	3100.0	360.0	Consumer Cyclical	配当未取得	1株配当が取得できていない	除外推奨	掲載非推奨	OK_配当データ要確認	516.6	-263.38	-42.78	68.11	0.28	-1193.6	-163.08		-94.19	
7795	ＫＹＯＲＩＴＳＵ	スタンダード（内国株式）	3800	その他製品	10	情報通信・サービスその他	-	-	202.0	3.96	8.0	4.0	8.0	3.96	配当あり	いいえ	7.27	0.48	84.8	265.0	174.0	Industrials			OK	通常掲載可	OK	42920.3	3.27	6.36	43.29	0.75	409.9	27.8	28.78	6.63	2
7800	アミファ	スタンダード（内国株式）	3800	その他製品	10	情報通信・サービスその他	-	-	887.0	6.76	60.0	6.76	60.0	6.76	配当あり	いいえ	5.69	1.12	28.5	1745.0	576.0	Consumer Cyclical			OK	通常掲載可	OK	8842.2	3.06	2.79	58.33	0.23	500.1	156.02	38.46	21.54	1
7803	ブシロード	グロース（内国株式）	3800	その他製品	10	情報通信・サービスその他	-	-	294.0	1.7	5.0	1.81	5.0	1.7	配当あり	いいえ	8.05	1.42	399.3	375.0	237.0	Communication Services			OK	通常掲載可	OK	56175.6	8.67	21.43	48.57	0.48	5818.3	36.51	13.69	21.19	0
7804	ビーアンドピー	スタンダード（内国株式）	3800	その他製品	10	情報通信・サービスその他	-	-	2237.0	3.89	87.0	3.9	87.0	3.89	配当あり	いいえ	10.88	1.35	52.1	2891.0	2091.0	Communication Services			OK	通常掲載可	OK	4495.0	15.61	27.11	81.14	0.0	645.7	205.57	42.32	12.41	5
7805	プリントネット	スタンダード（内国株式）	3800	その他製品	10	情報通信・サービスその他	-	-	740.0	1.76	13.0	1.76	13.0	1.76	配当あり	いいえ	8.61	0.81	35.8	771.0	634.0	Industrials			OK	通常掲載可	OK	9213.8	6.11	-1.0	55.69	0.27	1018.8	85.91	15.13	9.9	0
7806	ＭＴＧ	グロース（内国株式）	3800	その他製品	10	情報通信・サービスその他	-	-	7520.0	0.44	33.0	0.44	33.0	0.44	配当あり	いいえ	27.03	5.06	2958.0	7790.0	3500.0	Consumer Defensive			OK	通常掲載可	OK	98810.0	10.79	37.49	67.81	0.07	-2663.0	278.26	11.86	20.8	2
7807	幸和製作所	スタンダード（内国株式）	3800	その他製品	10	情報通信・サービスその他	-	-	810.0	1.6	13.0	1.6	13.0	1.6	配当あり	いいえ	7.87	0.98	33.7	878.0	745.0	Consumer Cyclical			OK	通常掲載可	OK	6394.4	11.69	0.41	67.43	0.06	593.4	102.95	12.63	13.6	2
7808	シー・エス・ランバー	スタンダード（内国株式）	3800	その他製品	10	情報通信・サービスその他	-	-	2550.0	3.14	80.0	3.17	80.0	3.14	配当あり	いいえ	4.79	1.69	47.2	3505.0	2490.0	Basic Materials			OK	通常掲載可	OK	20673.1	8.58	-2.18	41.91	0.9	2155.8	532.7	15.02	35.28	0
7809	壽屋	スタンダード（内国株式）	3800	その他製品	10	情報通信・サービスその他	-	-	1322.0	3.4	45.0	3.4	45.0	3.4	配当あり	いいえ	7.89	1.32	106.8	1831.0	1301.0	Consumer Cyclical			OK	通常掲載可	OK	16379.2	10.11	-9.51	59.96	0.42	-151.2	167.63	26.84	12.28	1
7810	クロスフォー	スタンダード（内国株式）	3800	その他製品	10	情報通信・サービスその他	-	-	159.0	0.79	1.26	0.8	1.26	0.79	配当あり	いいえ	95.21	1.43	27.1	409.0	141.0	Consumer Cyclical			OK	通常掲載可	OK	3414.0	-0.48	13.57	34.32	1.78	447.4	1.67	75.45	6.97	0
7811	中本パックス	スタンダード（内国株式）	3800	その他製品	10	情報通信・サービスその他	-	-	1917.0	3.86	74.0	3.86	74.0	3.86	配当あり	いいえ	7.81	0.81	169.6	2097.0	1700.0	Industrials			OK	通常掲載可	OK	49635.9	5.97	1.03	51.89	0.37	1164.6	245.38	30.16	10.73	2
7812	クレステック	スタンダード（内国株式）	3800	その他製品	10	情報通信・サービスその他	-	-	2130.0	5.92	126.0	5.92	126.0	5.92	配当あり	いいえ	7.59	0.66	63.1	2364.0	1616.0	Industrials			OK	通常掲載可	OK	19066.8	6.19	-10.36	41.37	0.85	1639.1	280.73	44.88	10.66	0
7813	プラッツ	スタンダード（内国株式）	3800	その他製品	10	情報通信・サービスその他	-	-	886.0	2.71	24.0	2.71	24.0	2.71	配当あり	いいえ	16.83	0.89	30.0	977.0	629.0	Healthcare			OK	通常掲載可	OK	6387.5	0.59	1.19	50.92	0.66	363.1	52.63	45.6	7.25	1
7814	日本創発グループ	スタンダード（内国株式）	3800	その他製品	10	情報通信・サービスその他	-	-	643.0	2.33	15.0	2.31	15.0	2.33	配当あり	いいえ	5.58	1.46	305.2	1087.0	519.0	Industrials			OK	通常掲載可	OK	86987.0	3.46	8.6	24.38	2.35	-3641.0	115.23	13.02	25.18	7
7815	東京ボード工業	スタンダード（内国株式）	3800	その他製品	10	情報通信・サービスその他	-	-	491.0						配当未取得			1.62	12.7	705.0	221.0	Basic Materials	配当未取得	1株配当が取得できていない	除外推奨	掲載非推奨	OK_配当データ要確認	7733.7	-0.42	8.38	12.34	4.8	-598.7	-54.84			0
7818	トランザクション	プライム（内国株式）	3800	その他製品	10	情報通信・サービスその他	7	TOPIX Small 2	1377.0	2.25	31.0	2.25	31.0	2.25	配当あり	いいえ	18.53	3.8	778.6	1420.0	997.0	Consumer Defensive			OK	通常掲載可	OK	27453.5	20.79	9.61	82.63	0.02	3945.2	74.31	41.72	21.42	14
7819	粧美堂	スタンダード（内国株式）	3800	その他製品	10	情報通信・サービスその他	-	-	876.0	3.77	33.0	3.77	33.0	3.77	配当あり	いいえ	9.78	1.53	110.7	1338.0	656.0	Consumer Defensive			OK	通常掲載可	OK	22122.2	6.64	5.75	45.45	0.68	736.7	89.61	36.83	17.41	3
7820	ニホンフラッシュ	プライム（内国株式）	3800	その他製品	10	情報通信・サービスその他	7	TOPIX Small 2	712.0	5.06	36.0	4.98	36.0	5.06	配当あり	いいえ		0.51	162.0	870.0	700.0	Industrials			OK	通常掲載可	OK	23976.6	23.44	-7.42	71.4	0.07	1970.9	-117.27		4.12	0
7821	前田工繊	プライム（内国株式）	3800	その他製品	10	情報通信・サービスその他	6	TOPIX Small 1	1765.0	1.59	28.0	1.59	28.0	1.59	配当あり	いいえ	11.92	1.58	1177.0	2241.0	1714.0	Basic Materials			OK	通常掲載可	OK	64108.0	18.77	14.82	78.71	0.06	11168.0	148.08	18.91	13.68	2
7822	永大産業	スタンダード（内国株式）	3800	その他製品	10	情報通信・サービスその他	-	-	238.0	4.2	10.0	4.18	10.0	4.2	配当あり	いいえ		0.25	105.2	305.0	220.0	Consumer Cyclical			OK	通常掲載可	OK	73774.0	0.98	3.61	51.32	0.56	-1574.0	-64.14		-13.21	0
7823	アートネイチャー	スタンダード（内国株式）	3800	その他製品	10	情報通信・サービスその他	7	TOPIX Small 2	855.0	3.27	28.0	3.24	28.0	3.27	配当あり	いいえ	15.06	0.98	278.6	880.0	722.0	Consumer Defensive			OK	通常掲載可	OK	44600.0	7.22	2.91	54.05		2848.0	56.77	49.32	6.86	0
7826	フルヤ金属	プライム（内国株式）	3800	その他製品	10	情報通信・サービスその他	6	TOPIX Small 1	7930.0	3.91	310.0	3.91	310.0	3.91	配当あり	いいえ	26.32	2.64	1950.7	11010.0	2151.0	Technology			OK	通常掲載可	OK	57379.0	16.62	20.73	52.09	0.45	-3993.0	301.34	102.87	5.69	0
7827	オービス	スタンダード（内国株式）	3800	その他製品	10	情報通信・サービスその他	-	-	1644.0	3.77	62.0	3.82	62.0	3.77	配当あり	いいえ	14.62	0.52	29.3	1849.0	1431.0	Industrials			OK	通常掲載可	OK	12639.1	5.21	10.44	45.39	0.82	587.4	112.45	55.14	3.53	0
7831	ウイルコホールディングス	スタンダード（内国株式）	3800	その他製品	10	情報通信・サービスその他	-	-	67.0	2.99	2.0	3.03	2.0	2.99	配当あり	いいえ		0.55	10.4	125.0	62.0	Industrials			OK	通常掲載可	OK	8478.0	13.74	-1.42	17.87	1.79	-842.0	-13.97		-21.86	0
7832	バンダイナムコホールディングス	プライム（内国株式）	3800	その他製品	10	情報通信・サービスその他	2	TOPIX Large70	3839.0	1.25	48.0	1.27	48.0	1.25	配当あり	いいえ	17.39	2.86	24622.0	5729.0	3530.0	Consumer Cyclical			OK	通常掲載可	OK	1348246.0	14.06	8.6	72.3	0.01	118898.0	220.74	21.75	17.03	1
7833	アイフィスジャパン	スタンダード（内国株式）	3800	その他製品	10	情報通信・サービスその他	-	-	631.0	4.75	30.0	4.75	30.0	4.75	配当あり	いいえ	10.95	1.04	60.8	748.0	582.0	Industrials			OK	通常掲載可	OK	6956.0	12.24	18.72	82.98	0.0	425.3	57.61	52.07	9.51	2
7836	アビックス	スタンダード（内国株式）	3800	その他製品	10	情報通信・サービスその他	-	-	82.0						配当未取得		12.2	1.46	28.8	109.0	75.0	Technology	配当未取得	1株配当が取得できていない	除外推奨	掲載非推奨	OK_配当データ要確認	4347.1	6.18	16.63	54.49	0.22	146.9	6.72		12.64	
7837	アールシーコア	スタンダード（内国株式）	3800	その他製品	10	情報通信・サービスその他	-	-	313.0						配当未取得			0.81	13.0	860.0	291.0	Real Estate	配当未取得	1株配当が取得できていない	除外推奨	掲載非推奨	OK_配当データ要確認	10547.6	-5.64	-4.03	28.27	0.43	-433.1	-206.61		-40.93	0
7839	ＳＨＯＥＩ	プライム（内国株式）	3800	その他製品	10	情報通信・サービスその他	6	TOPIX Small 1	1764.0	3.4	60.0	3.4	60.0	3.4	配当あり	いいえ	14.36	2.97	903.2	1928.0	1551.0	Consumer Cyclical			OK	通常掲載可	OK	32363.6	27.5	-9.58	85.14	0.01	8383.4	122.87	48.83	21.74	0
7840	フランスベッドホールディングス	プライム（内国株式）	3800	その他製品	10	情報通信・サービスその他	7	TOPIX Small 2	1230.0	4.07	50.0	4.07	50.0	4.07	配当あり	いいえ	16.75	1.02	410.5	1392.0	1175.0	Consumer Cyclical			OK	通常掲載可	OK	61769.0	7.02	1.99	59.28	0.43	912.0	73.43	68.09	6.8	5
7841	遠藤製作所	スタンダード（内国株式）	3800	その他製品	10	情報通信・サービスその他	-	-	1079.0	3.71	40.0	3.71	40.0	3.71	配当あり	いいえ	15.77	0.63	94.8	1364.0	1022.0	Consumer Cyclical			OK	通常掲載可	OK	18237.2	5.63	4.71	83.28	0.0	-191.4	68.41	58.47	1.48	0
7844	マーベラス	プライム（内国株式）	5250	情報・通信業	10	情報通信・サービスその他	7	TOPIX Small 2	431.0	3.48	15.0	3.55	15.0	3.48	配当あり	いいえ	12.82	0.94	261.1	620.0	407.0	Communication Services			OK	通常掲載可	OK	37982.0	5.92	35.83	78.12	0.01	9808.0	33.62	44.62	7.35	0
7846	パイロットコーポレーション	プライム（内国株式）	3800	その他製品	10	情報通信・サービスその他	4	TOPIX Mid400	1693.5	2.48	42.0	2.48	42.0	2.48	配当あり	いいえ	16.04	1.3	1782.2	1721.0	1357.0	Industrials			OK	通常掲載可	OK	126391.0	13.17	0.18	80.84	0.03	5476.0	105.59	39.78	9.35	11
7847	グラファイトデザイン	スタンダード（内国株式）	3800	その他製品	10	情報通信・サービスその他	-	-	613.0	4.89	30.0	4.89	30.0	4.89	配当あり	いいえ	27.7	1.91	39.8	693.0	594.0	Consumer Cyclical			OK	通常掲載可	OK	2711.9	5.77	-11.78	71.56	0.22	-1003.8	22.13	135.56	34.51	0
7849	スターツ出版	スタンダード（内国株式）	5250	情報・通信業	10	情報通信・サービスその他	-	-	3265.0	3.98	130.0	3.98	130.0	3.98	配当あり	いいえ	9.1	1.18	124.2	4630.0	3200.0	Communication Services			OK	通常掲載可	OK	8143.4	21.57	-5.11	83.5		729.4	358.82	36.23	12.35	2
7850	総合商研	スタンダード（内国株式）	3800	その他製品	10	情報通信・サービスその他	-	-	874.0	2.29	20.0	2.29	20.0	2.29	配当あり	いいえ	12.03	0.73	26.2	950.0	801.0	Industrials			OK	通常掲載可	OK	16236.0	2.16	2.78	39.31	0.9	443.6	72.63	27.54	4.41	1
7851	カワセコンピュータサプライ	スタンダード（内国株式）	3800	その他製品	10	情報通信・サービスその他	-	-	168.0	3.57	6.0	3.57	6.0	3.57	配当あり	いいえ	8.44	0.32	7.9	295.0	156.0	Industrials			OK	通常掲載可	OK	2831.3	2.79	9.17	69.85	0.25	103.3	19.91	30.14	2.71	1
7856	萩原工業	プライム（内国株式）	3800	その他製品	10	情報通信・サービスその他	7	TOPIX Small 2	1714.0	4.67	80.0	4.65	80.0	4.67	配当あり	いいえ	17.92	0.76	241.5	1855.0	1507.0	Consumer Cyclical			OK	通常掲載可	OK	31936.5	4.6	-3.57	72.4	0.15	2039.0	95.64	83.65	4.44	3
7857	セキ	スタンダード（内国株式）	3800	その他製品	10	情報通信・サービスその他	-	-	1280.0	2.03	26.0	2.03	26.0	2.03	配当あり	いいえ	21.14	0.33	53.3	1400.0	1258.0	Communication Services			OK	通常掲載可	OK	12132.9	-0.54	-1.38	83.58	0.01	7.6	60.54	42.95	1.6	0
7859	アルメディオ	スタンダード（内国株式）	3800	その他製品	10	情報通信・サービスその他	-	-	239.0						配当未取得			0.61	47.9	369.0	152.0	Technology	配当未取得	1株配当が取得できていない	除外推奨	掲載非推奨	OK_配当データ要確認	2372.4	-34.8	-59.1	93.61	0.02	-75.7	-23.88		-5.83	0
7860	エイベックス	プライム（内国株式）	5250	情報・通信業	10	情報通信・サービスその他	6	TOPIX Small 1	1184.0	4.22	50.0	4.22	50.0	4.22	配当あり	いいえ	14.35	0.98	503.3	1320.0	1147.0	Communication Services			OK	通常掲載可	OK	146571.0	2.79	11.3	46.55	0.0	-336.0	82.52	60.59	7.64	0
7863	平賀	スタンダード（内国株式）	3800	その他製品	10	情報通信・サービスその他	-	-	956.0	4.18	40.0	4.18	40.0	4.18	配当あり	いいえ	14.57	2.55	27.5	1302.0	860.0	Industrials			OK	通常掲載可	OK	9792.1	3.73	-1.64	57.54	0.14	25.9	65.61	60.97	21.54	0
7864	フジシールインターナショナル	プライム（内国株式）	3800	その他製品	10	情報通信・サービスその他	6	TOPIX Small 1	2821.0	3.12	88.0	3.11	88.0	3.12	配当あり	いいえ	7.3	0.93	1504.8	3480.0	2460.0	Consumer Cyclical			OK	通常掲載可	OK	217752.0	9.4	2.55	71.33	0.07	4264.0	386.19	22.79	13.48	0
7865	ピープル	スタンダード（内国株式）	3800	その他製品	10	情報通信・サービスその他	-	-	334.0						配当未取得			0.65	12.8	576.0	331.0	Consumer Cyclical	配当未取得	1株配当が取得できていない	除外推奨	掲載非推奨	OK_配当データ要確認	1612.9	-10.77	-15.8	92.82		-203.3	-15.56		15.43	0
7867	タカラトミー	プライム（内国株式）	3800	その他製品	10	情報通信・サービスその他	4	TOPIX Mid400	3151.0	2.22	70.0	2.22	70.0	2.22	配当あり	いいえ	24.01	2.49	2719.3	3648.0	2496.0	Consumer Cyclical			OK	通常掲載可	OK	270455.0	8.96	8.08	68.05	0.07	12409.0	131.26	53.33	10.74	2
7868	広済堂ホールディングス	プライム（内国株式）	3800	その他製品	10	情報通信・サービスその他	7	TOPIX Small 2	565.0	2.36	13.34	2.36	13.34	2.36	配当あり	いいえ	17.57	1.69	835.5	753.0	410.0	Industrials			OK	通常掲載可	OK	36228.0	18.6	-5.41	68.61	0.32	17548.0	32.15	41.49	9.79	3
7871	フクビ化学工業	スタンダード（内国株式）	3200	化学	4	素材・化学	-	-	904.0	3.43	31.0	3.43	31.0	3.43	配当あり	いいえ	10.64	0.45	178.9	1347.0	781.0	Industrials			OK	通常掲載可	OK	40594.0	4.27	1.55	72.62	0.03	152.0	84.98	36.48	4.43	1
7872	エステールホールディングス	スタンダード（内国株式）	3800	その他製品	10	情報通信・サービスその他	-	-	598.0	4.52	27.0	4.53	27.0	4.52	配当あり	いいえ	134.99	0.54	62.7	652.0	571.0	Consumer Cyclical			OK	通常掲載可	OK	31271.0	0.6	-1.35	39.87	0.81	118.0	4.43	609.48	0.4	0
7874	レック	プライム（内国株式）	3200	化学	4	素材・化学	7	TOPIX Small 2	932.0	3.0	28.0	3.0	28.0	3.0	配当あり	いいえ	10.21	0.81	305.2	1283.0	857.0	Consumer Defensive			OK	通常掲載可	OK	68294.0	6.06	3.0	40.17	1.23	6467.0	91.24	30.69	8.05	0
7875	竹田ｉＰホールディングス	スタンダード（内国株式）	3800	その他製品	10	情報通信・サービスその他	-	-	886.0	2.65	23.5	2.65	23.5	2.65	配当あり	いいえ	13.33	0.75	148.2	1118.0	490.0	Communication Services			OK	通常掲載可	OK	34479.0	3.79	0.82	57.29	0.17	-863.0	66.45	35.36	5.83	5
7877	永大化工	スタンダード（内国株式）	3200	化学	4	素材・化学	-	-	2003.0	3.49	70.0	3.41	70.0	3.49	配当あり	いいえ	7.55	0.33	24.6	2389.0	1551.0	Basic Materials			OK	通常掲載可	OK	9220.5	5.17	4.1	73.22	0.14	783.0	265.17	26.4	4.57	1
7878	光・彩	スタンダード（内国株式）	3800	その他製品	10	情報通信・サービスその他	-	-	1558.0	1.93	30.0	1.93	30.0	1.93	配当あり	いいえ	21.14	2.06	23.3	1699.0	841.0	Consumer Cyclical			OK	通常掲載可	OK	4241.7	4.24	7.91	45.27	0.75	-214.7	73.69	40.71	-15.7	2
7879	ノダ	スタンダード（内国株式）	3800	その他製品	10	情報通信・サービスその他	-	-	642.0	4.67	30.0	4.73	30.0	4.67	配当あり	いいえ		0.29	94.0	740.0	634.0	Industrials			OK	通常掲載可	OK	64686.7	-0.07	-3.51	46.78	0.37	-3665.6	-53.61		-2.08	0
7883	サンメッセ	スタンダード（内国株式）	3800	その他製品	10	情報通信・サービスその他	-	-	386.0	2.59	10.0	2.58	10.0	2.59	配当あり	いいえ	13.02	0.43	60.0	394.0	338.0	Industrials			OK	通常掲載可	OK	16436.4	0.82	-1.18	60.01	0.13	589.8	29.64	33.74	3.52	1
7885	タカノ	スタンダード（内国株式）	3800	その他製品	10	情報通信・サービスその他	-	-	1109.0	1.8	20.0	1.8	20.0	1.8	配当あり	いいえ	26.59	0.52	168.8	1747.0	721.0	Consumer Cyclical			OK	通常掲載可	OK	24802.8	3.39	3.48	85.7	0.0	1011.1	41.7	47.96	1.91	0
7886	ヤマト　モビリティ　＆　Ｍｆｇ．	スタンダード（内国株式）	3200	化学	4	素材・化学	-	-	706.0						配当未取得			2.0	11.4	1595.0	504.0	Basic Materials	配当未取得	1株配当が取得できていない	除外推奨	掲載非推奨	OK_配当データ要確認	16072.2	1.26	4.61	18.71	2.27	159.3	-428.19		-83.62	0
7887	南海プライウッド	スタンダード（内国株式）	3800	その他製品	10	情報通信・サービスその他	-	-	1428.0	5.6	80.0	5.51	80.0	5.6	配当あり	いいえ	3.77	0.26	69.2	2680.0	1174.0	Consumer Cyclical			OK	通常掲載可	OK	29136.3	7.2	16.91	55.97	0.43	1016.5	378.28	21.15	7.17	0
7888	三光合成	プライム（内国株式）	3200	化学	4	素材・化学	7	TOPIX Small 2	758.0	3.69	28.0	3.69	28.0	3.69	配当あり	いいえ	5.75	0.64	231.1	1088.0	639.0	Technology			OK	通常掲載可	OK	91101.0	6.21	-2.86	42.33	0.75	3321.0	131.82	21.24	12.64	5
7893	プロネクサス	プライム（内国株式）	3800	その他製品	10	情報通信・サービスその他	7	TOPIX Small 2	1095.0	4.02	44.0	4.02	44.0	4.02	配当あり	いいえ	13.17	1.14	270.0	1212.0	1019.0	Industrials			OK	通常掲載可	OK	32821.4	8.85	5.89	62.99	0.1	834.0	83.14	52.92	8.76	2
7896	セブン工業	スタンダード（内国株式）	3800	その他製品	10	情報通信・サービスその他	-	-	500.0	4.0	20.0	4.0	20.0	4.0	配当あり	いいえ		0.46	22.3	577.0	486.0	Industrials			OK	通常掲載可	OK	15589.0	-0.31	1.11	55.68	0.43	-920.0	-28.2		-0.12	0
7897	ホクシン	スタンダード（内国株式）	3800	その他製品	10	情報通信・サービスその他	-	-	99.0	2.02	2.0	2.02	2.0	2.02	配当あり	いいえ		0.51	28.1	143.0	96.0	Basic Materials			OK	通常掲載可	OK	10267.6	-0.36	0.42	45.07	0.78	506.0	-0.97			0
7898	ウッドワン	スタンダード（内国株式）	3800	その他製品	10	情報通信・サービスその他	-	-	856.0	2.8	24.0	2.83	24.0	2.8	配当あり	いいえ		0.18	79.7	1120.0	811.0	Consumer Cyclical			OK	通常掲載可	OK	66000.0	1.87	1.29	42.57	0.97	-2963.0	-158.19		-3.37	0
7901	マツモト	スタンダード（内国株式）	3800	その他製品	10	情報通信・サービスその他	-	-	778.0						配当未取得		5.65	0.88	8.8	2823.0	647.0	Basic Materials	配当未取得	1株配当が取得できていない	除外推奨	掲載非推奨	OK_配当データ要確認	2169.1	-12.23	-2.05	39.57	0.42	-190.2	137.78		17.03	0
7902	ソノコム	スタンダード（内国株式）	3800	その他製品	10	情報通信・サービスその他	-	-	1046.0	2.49	26.0	2.48	26.0	2.49	配当あり	いいえ	12.5	0.41	38.1	1414.0	817.0	Technology			OK	通常掲載可	OK	2712.8	12.25	11.96	92.11	0.0	266.6	83.68	31.07	3.33	0
7906	ヨネックス	スタンダード（内国株式）	3800	その他製品	10	情報通信・サービスその他	-	-	2288.0	1.22	28.0	1.21	28.0	1.22	配当あり	いいえ	16.34	2.43	1957.4	4505.0	2181.0	Consumer Cyclical			OK	通常掲載可	OK	163643.0	10.12	18.35	62.58	0.23	-444.0	140.03	20.0	16.12	5
7908	きもと	スタンダード（内国株式）	3200	化学	4	素材・化学	-	-	232.0	3.45	8.0	3.48	8.0	3.45	配当あり	いいえ	18.25	0.53	101.3	301.0	219.0	Technology			OK	通常掲載可	OK	10546.0	10.14	-6.62	81.66		314.0	12.71	62.94	2.99	1
7911	ＴＯＰＰＡＮホールディングス	プライム（内国株式）	3800	その他製品	10	情報通信・サービスその他	4	TOPIX Mid400	5254.0	1.1	58.0	1.14	58.0	1.1	配当あり	いいえ	22.47	1.11	14796.6	5928.0	3666.0	Industrials			OK	通常掲載可	OK	1805033.0	3.72	4.97	52.27	0.4	-61834.0	233.8	24.81	5.03	1
7912	大日本印刷	プライム（内国株式）	3800	その他製品	10	情報通信・サービスその他	4	TOPIX Mid400	2954.5	1.39	41.0	1.39	41.0	1.39	配当あり	いいえ	12.56	1.07	12704.1	3300.0	2136.0	Industrials			OK	通常掲載可	OK	1512571.0	6.68	3.77	58.53	0.22	-32616.0	235.18	17.43	8.63	1
7914	共同印刷	プライム（内国株式）	3800	その他製品	10	情報通信・サービスその他	7	TOPIX Small 2	1559.0	5.13	80.0	5.08	80.0	5.13	配当あり	いいえ	11.16	0.66	431.0	1760.0	1277.0	Industrials			OK	通常掲載可	OK	98205.0	2.18	-1.77	52.69	0.17	1661.0	139.69	57.27	6.19	2
7915	ＮＩＳＳＨＡ	プライム（内国株式）	3800	その他製品	10	情報通信・サービスその他	6	TOPIX Small 1	1379.0	3.63	50.0	3.67	50.0	3.63	配当あり	いいえ	64.53	0.73	653.8	1710.0	1117.0	Technology			OK	通常掲載可	OK	194898.0	2.26	-0.36	46.1	0.64	1358.0	21.37	233.97	3.29	0
7916	光村印刷	スタンダード（内国株式）	3800	その他製品	10	情報通信・サービスその他	-	-	1812.0	2.76	50.0	2.75	50.0	2.76	配当あり	いいえ	15.75	0.3	55.5	2005.0	1337.0	Industrials			OK	通常掲載可	OK	14133.2	-0.49	-4.22	68.27	0.14	-970.2	115.06	43.46	2.0	0
7917	ＺＡＣＲＯＳ	プライム（内国株式）	3200	化学	4	素材・化学	7	TOPIX Small 2	1383.0	2.6	36.0	2.6	36.0	2.6	配当あり	いいえ	13.16	1.04	989.5	1548.0	926.25	Consumer Cyclical			OK	通常掲載可	OK	158535.0	6.97	5.17	60.72	0.13	-9990.0	105.07	34.26	8.52	2
7918	ヴィア・ホールディングス	スタンダード（内国株式）	6100	小売業	14	小売	-	-	108.0						配当未取得			3.98	49.3	131.0	103.0	Consumer Cyclical	配当未取得	1株配当が取得できていない	除外推奨	掲載非推奨	OK_配当データ要確認	17405.0	-0.4	0.18	18.88	2.13	-257.0	-11.03		-42.72	0
7919	野崎印刷紙業	スタンダード（内国株式）	3800	その他製品	10	情報通信・サービスその他	-	-	188.0	5.32	10.0	5.32	10.0	5.32	配当あり	いいえ	8.48	0.66	30.3	240.0	181.0	Industrials			OK	通常掲載可	OK	14016.5	3.68	-3.8	43.52	0.68	-576.2	22.17	45.11	7.76	0
7921	ＴＡＫＡＲＡ　＆　ＣＯＭＰＡＮＹ	プライム（内国株式）	3800	その他製品	10	情報通信・サービスその他	7	TOPIX Small 2	3250.0	3.69	120.0	3.69	120.0	3.69	配当あり	いいえ	10.14	1.38	419.5	4795.0	2783.0	Industrials			OK	通常掲載可	OK	29678.8	13.64	1.37	75.73	0.01	3409.9	320.36	37.46	13.82	7
7922	三光産業	スタンダード（内国株式）	3800	その他製品	10	情報通信・サービスその他	-	-	717.0	1.39	10.0	1.29	10.0	1.39	配当あり	いいえ	48.54	0.62	55.5	914.0	393.0	Industrials			OK	通常掲載可	OK	9666.6	0.86	-6.67	74.08	0.12	-1029.8	14.77	67.7	1.29	0
7927	ムトー精工	スタンダード（内国株式）	3200	化学	4	素材・化学	-	-	2198.0	5.32	117.0	5.32	117.0	5.32	配当あり	いいえ	7.69	0.73	152.7	2480.0	1500.0	Technology			OK	通常掲載可	OK	29688.4	7.83	7.67	64.34	0.24	2333.7	285.96	40.91	9.95	0
7928	旭化学工業	スタンダード（内国株式）	3200	化学	4	素材・化学	-	-	618.0	1.62	10.0	1.62	10.0	1.62	配当あり	いいえ	25.91	0.34	18.8	644.0	573.0	Industrials			OK	通常掲載可	OK	8359.8	-0.55	0.23	79.23	0.02	-513.2	23.85	41.93	1.34	0
7931	未来工業	プライム（内国株式）	3200	化学	4	素材・化学	7	TOPIX Small 2	3085.0	3.24	100.0	3.24	100.0	3.24	配当あり	いいえ	10.62	0.9	498.6	4045.0	2800.0	Industrials			OK	通常掲載可	OK	45673.0	14.73	1.24	80.72	0.0	3553.0	290.61	34.41	8.71	0
7932	ニッピ	スタンダード（内国株式）	3800	その他製品	10	情報通信・サービスその他	-	-	12080.0	5.8	701.0	5.86	701.0	5.8	配当あり	いいえ	12.17	0.82	338.2	14650.0	10350.0	Consumer Cyclical			OK	通常掲載可	OK	47252.0	8.79	-3.84	58.62	0.26	2470.0	992.98	70.6	7.05	3
7936	アシックス	プライム（内国株式）	3800	その他製品	10	情報通信・サービスその他	2	TOPIX Large70	4314.0	0.88	38.0	0.88	38.0	0.88	配当あり	いいえ	31.75	9.67	30582.5	5149.0	3425.0	Consumer Cyclical			OK	通常掲載可	OK	810916.0	17.58	19.51	46.34	0.36	79380.0	135.89	27.96	40.86	4
7937	ツツミ	スタンダード（内国株式）	3800	その他製品	10	情報通信・サービスその他	7	TOPIX Small 2	2539.0	4.53	115.0	4.5	115.0	4.53	配当あり	いいえ	10.82	0.57	396.8	3455.0	2196.0	Consumer Cyclical			OK	通常掲載可	OK	35225.0	14.88	41.84	95.12		-188.0	234.6	49.02	5.35	3
7938	リーガルコーポレーション	スタンダード（内国株式）	3800	その他製品	10	情報通信・サービスその他	-	-	2073.0	7.24	150.0	7.24	150.0	7.24	配当あり	いいえ	25.91	0.45	61.8	2490.0	2040.0	Consumer Cyclical			OK	通常掲載可	OK	22841.0	-1.65	-3.04	49.53	0.71	-1459.0	80.02	187.45	1.85	3
7939	研創	スタンダード（内国株式）	3800	その他製品	10	情報通信・サービスその他	-	-	580.0	3.97	23.0	3.91	23.0	3.97	配当あり	いいえ	10.63	2.63	22.0	638.0	517.0	Industrials			OK	通常掲載可	OK	6411.7	4.02	9.25	60.83	0.38	218.3	54.58	42.14	21.93	1
7940	ウェーブロックホールディングス	スタンダード（内国株式）	3200	化学	4	素材・化学	-	-	1057.0	2.84	30.0	2.79	30.0	2.84	配当あり	いいえ	29.58	0.54	89.3	1412.0	590.0	Basic Materials			OK	通常掲載可	OK	25137.1	1.77	-1.68	55.39	0.39	-36.7	35.73	83.96	1.86	0
7942	ＪＳＰ	プライム（内国株式）	3200	化学	4	素材・化学	7	TOPIX Small 2	2486.0	4.02	100.0	4.01	100.0	4.02	配当あり	いいえ	9.89	0.6	651.5	2934.0	1842.0	Consumer Cyclical			OK	通常掲載可	OK	145456.0	5.34	2.25	65.9	0.22	16349.0	251.33	39.79	6.05	0
7943	ニチハ	プライム（内国株式）	3400	ガラス・土石製品	3	建設・資材	6	TOPIX Small 1	2996.0	3.81	114.0	3.81	114.0	3.81	配当あり	いいえ	40.98	0.82	994.8	3735.0	2665.0	Industrials			OK	通常掲載可	OK	143740.0	6.51	-3.19	72.3	0.13	4232.0	73.1	155.95	2.02	0
7944	ローランド	プライム（内国株式）	3800	その他製品	10	情報通信・サービスその他	6	TOPIX Small 1	4160.0	4.09	170.0	4.12	170.0	4.09	配当あり	いいえ	51.13	2.67	1097.2	4695.0	3000.0	Consumer Cyclical			OK	通常掲載可	OK	100952.0	9.32	1.53	49.21	0.59	7303.0	81.36	208.95	4.48	0
7946	光陽社	スタンダード（内国株式）	3800	その他製品	10	情報通信・サービスその他	-	-	350.0	3.14	11.0	3.11	11.0	3.14	配当あり	いいえ	11.1	0.5	8.6	4740.0	333.0	Industrials			OK	通常掲載可	OK	4726.8	1.28	5.17	56.22	0.24	-82.0	31.54	34.88	4.66	0
7947	エフピコ	プライム（内国株式）	3200	化学	4	素材・化学	6	TOPIX Small 1	2547.0	2.87	73.0	2.81	73.0	2.87	配当あり	いいえ	14.1	1.25	2059.9	2855.0	2243.0	Consumer Cyclical			OK	通常掲載可	OK	240490.0	8.99	2.06	54.08	0.49	13449.0	180.58	40.43	9.36	2
7949	小松ウオール工業	プライム（内国株式）	3800	その他製品	10	情報通信・サービスその他	7	TOPIX Small 2	2530.0	5.53	140.0	5.51	140.0	5.53	配当あり	いいえ	14.66	1.14	445.3	3060.0	2263.0	Industrials			OK	通常掲載可	OK	46725.0	8.77	4.73	80.72	0.0	-2719.0	172.55	81.14	7.92	3
7951	ヤマハ	プライム（内国株式）	3800	その他製品	10	情報通信・サービスその他	4	TOPIX Mid400	1137.0	2.29	26.0	2.29	26.0	2.29	配当あり	いいえ	21.69	1.05	5001.6	1250.0	953.0	Consumer Cyclical			OK	通常掲載可	OK	465330.0	6.29	0.7	77.46	0.03	32347.0	52.42	49.6	5.12	3
7952	河合楽器製作所	プライム（内国株式）	3800	その他製品	10	情報通信・サービスその他	7	TOPIX Small 2	3170.0	3.0	95.0	2.95	95.0	3.0	配当あり	いいえ	23.87	0.58	272.7	3385.0	2391.0	Consumer Cyclical			OK	通常掲載可	OK	72049.0	0.16	-1.19	59.26	0.24	-3715.0	132.78	71.55	2.5	0
7953	菊水化学工業	スタンダード（内国株式）	3800	その他製品	10	情報通信・サービスその他	-	-	385.0	5.19	20.0	5.19	20.0	5.19	配当あり	いいえ	17.89	0.47	48.3	414.0	367.0	Industrials			OK	通常掲載可	OK	21602.1	1.87	0.99	60.05	0.17	528.3	21.52	92.94	2.83	1
7955	クリナップ	プライム（内国株式）	3800	その他製品	10	情報通信・サービスその他	7	TOPIX Small 2	890.0	4.49	40.0	4.4	40.0	4.49	配当あり	いいえ	9.41	0.52	313.9	1104.0	674.0	Consumer Cyclical			OK	通常掲載可	OK	134487.0	2.94	3.46	64.69	0.14	659.0	94.61	42.28	5.91	0
7956	ピジョン	プライム（内国株式）	3800	その他製品	10	情報通信・サービスその他	4	TOPIX Mid400	2059.5	3.69	76.0	3.67	76.0	3.69	配当あり	いいえ	28.9	3.02	2464.1	2095.0	1567.0	Consumer Defensive			OK	通常掲載可	OK	109170.0	12.05	4.8	75.32	0.02	9916.0	71.26	106.65	10.8	0
7957	フジコピアン	スタンダード（内国株式）	3800	その他製品	10	情報通信・サービスその他	-	-	1682.0	7.02	118.0	6.94	118.0	7.02	配当あり	いいえ		0.32	25.8	1779.0	1374.0	Industrials			OK	通常掲載可	OK	8475.6	-2.72	-5.66	57.44	0.34	-475.3	-1764.6		-26.82	0
7962	キングジム	プライム（内国株式）	3800	その他製品	10	情報通信・サービスその他	7	TOPIX Small 2	760.0	1.84	14.0	1.84	14.0	1.84	配当あり	いいえ	40.64	0.85	214.0	857.0	760.0	Industrials			OK	通常掲載可	OK	39639.5	1.36	0.22	67.73	0.26	578.3	18.7	74.87	1.55	0
7963	興研	スタンダード（内国株式）	3800	その他製品	10	情報通信・サービスその他	-	-	1728.0	2.03	35.0	2.04	35.0	2.03	配当あり	いいえ	9.52	0.62	83.6	2282.0	1671.0	Healthcare			OK	通常掲載可	OK	11857.1	10.72	10.17	61.47	0.42	-232.2	181.44	19.29	5.73	1
7965	象印マホービン	プライム（内国株式）	3650	電気機器	9	電機・精密	6	TOPIX Small 1	1332.0	3.45	46.0	3.45	46.0	3.45	配当あり	いいえ	13.89	0.94	845.8	1944.0	1322.0	Consumer Cyclical			OK	通常掲載可	OK	91151.0	8.16	4.51	74.97	0.02	8333.0	95.9	47.97	7.27	2
7966	リンテック	プライム（内国株式）	3800	その他製品	10	情報通信・サービスその他	6	TOPIX Small 1	7110.0	1.69	120.0	1.69	120.0	1.69	配当あり	いいえ	26.81	1.81	4655.7	7260.0	2877.0	Basic Materials			OK	通常掲載可	OK	319385.0	7.88	1.08	75.13	0.03	18219.0	265.2	45.25	6.89	2
7970	信越ポリマー	プライム（内国株式）	3200	化学	4	素材・化学	6	TOPIX Small 1	2540.0	2.52	64.0	2.67	64.0	2.52	配当あり	いいえ	20.79	1.58	2041.4	2547.0	1687.0	Basic Materials			OK	通常掲載可	OK	115116.0	12.2	4.1	84.67		10212.0	122.17	52.39	7.83	10
7971	東リ	スタンダード（内国株式）	3200	化学	4	素材・化学	-	-	653.0	5.21	34.0	5.04	34.0	5.21	配当あり	いいえ	8.77	0.72	370.5	822.0	483.0	Industrials			OK	通常掲載可	OK	112337.0	4.54	6.27	51.99	0.2	3891.0	74.44	45.67	8.98	3
7972	イトーキ	プライム（内国株式）	3800	その他製品	10	情報通信・サービスその他	6	TOPIX Small 1	2623.0	3.43	90.0	3.43	90.0	3.43	配当あり	いいえ	13.78	2.19	1297.6	3695.0	2130.0	Consumer Cyclical			OK	通常掲載可	OK	153682.0	8.91	10.99	43.38	0.61	2925.0	190.3	47.29	18.1	5
7974	任天堂	プライム（内国株式）	3800	その他製品	10	情報通信・サービスその他	1	TOPIX Core30	6980.0	3.14	219.0	3.14	219.0	3.14	配当あり	いいえ	18.69	2.72	80467.4	14795.0	6544.0	Communication Services			OK	通常掲載可	OK	2313051.0	15.57	98.56	77.63		262620.0	373.43	58.65	14.93	0
7975	リヒトラブ	スタンダード（内国株式）	3800	その他製品	10	情報通信・サービスその他	-	-	1069.0	2.34	25.0	2.34	25.0	2.34	配当あり	いいえ	54.65	0.33	36.3	1347.0	1057.0	Industrials			OK	通常掲載可	OK	9124.2	0.39	-1.04	81.23	0.03	-1375.7	19.56	127.81	0.62	0
7976	三菱鉛筆	プライム（内国株式）	3800	その他製品	10	情報通信・サービスその他	6	TOPIX Small 1	2623.0	1.94	51.0	1.89	51.0	1.94	配当あり	いいえ	22.97	1.01	1311.7	2715.0	1981.0	Industrials			OK	通常掲載可	OK	89814.0	10.79	1.12	75.7	0.11	2413.0	114.17	44.67	5.5	7
7979	松風	プライム（内国株式）	3750	精密機器	9	電機・精密	7	TOPIX Small 2	1990.0	2.76	55.0	2.72	55.0	2.76	配当あり	いいえ	14.53	1.46	708.2	2181.0	1620.0	Healthcare			OK	通常掲載可	OK	39994.0	13.07	3.35	84.21	0.01	-231.0	136.96	40.16	10.71	5
7980	重松製作所	スタンダード（内国株式）	3800	その他製品	10	情報通信・サービスその他	-	-	806.0	1.86	15.0	1.86	15.0	1.86	配当あり	いいえ	8.05	0.61	57.3	1347.0	766.0	Healthcare			OK	通常掲載可	OK	14112.6	7.58	8.6	47.46	0.59	-1981.7	100.11	14.98	7.8	1
7981	タカラスタンダード	プライム（内国株式）	3800	その他製品	10	情報通信・サービスその他	6	TOPIX Small 1	3050.0	4.07	124.0	4.0	124.0	4.07	配当あり	いいえ	13.15	0.98	1928.5	3265.0	2380.0	Consumer Cyclical			OK	通常掲載可	OK	243380.0	6.42	3.68	70.24	0.03	12896.0	228.14	54.35	7.71	2
7983	ミロク	スタンダード（内国株式）	3800	その他製品	10	情報通信・サービスその他	-	-	1055.0	0.95	10.0	0.94	10.0	0.95	配当あり	いいえ		0.27	31.0	1580.0	1031.0	Industrials			OK	通常掲載可	OK	12518.3	-0.2	14.65	49.15	0.67	-1328.5	-851.36		-20.32	0
7984	コクヨ	プライム（内国株式）	3800	その他製品	10	情報通信・サービスその他	4	TOPIX Mid400	799.4	3.06	24.5	3.08	24.5	3.06	配当あり	いいえ	16.5	1.34	3395.0	975.0	766.4	Industrials			OK	通常掲載可	OK	359876.0	7.29	6.21	70.89	0.01	3099.0	48.44	50.58	8.27	5
7985	ネポン	スタンダード（内国株式）	3550	金属製品	3	建設・資材	-	-	715.0	1.26	9.0	1.06	9.0	1.26	配当あり	いいえ		0.28	6.8	2179.0	715.0	Industrials			OK	通常掲載可	OK	7277.5	0.53	-6.39	38.73	0.83	37.8	-353.61		1.55	0
7986	日本アイ・エス・ケイ	スタンダード（内国株式）	3800	その他製品	10	情報通信・サービスその他	-	-	1851.0	1.62	30.0	1.62	30.0	1.62	配当あり	いいえ	6.78	0.6	28.4	2069.0	1613.0	Basic Materials			OK	通常掲載可	OK	6064.1	9.83	2.76	70.43		351.4	273.02	10.99	10.22	0
7987	ナカバヤシ	スタンダード（内国株式）	3800	その他製品	10	情報通信・サービスその他	7	TOPIX Small 2	563.0	3.91	22.0	3.91	22.0	3.91	配当あり	いいえ	7.94	0.5	152.7	643.0	510.0	Industrials			OK	通常掲載可	OK	61598.0	4.68	-1.86	56.92	0.34	2635.0	70.88	31.04	4.77	0
7988	ニフコ	プライム（内国株式）	3200	化学	4	素材・化学	4	TOPIX Mid400	4929.0	1.7	84.0	1.7	84.0	1.7	配当あり	いいえ	13.37	1.55	4590.2	5562.0	3352.0	Consumer Cyclical			OK	通常掲載可	OK	352650.0	13.63	-0.11	75.32	0.09	47163.0	368.69	22.78	12.16	5
7989	立川ブラインド工業	プライム（内国株式）	3550	金属製品	3	建設・資材	7	TOPIX Small 2	2471.0	5.67	140.0	5.66	140.0	5.67	配当あり	いいえ	15.36	0.88	496.7	2674.0	1610.0	Consumer Cyclical			OK	通常掲載可	OK	42623.4	10.35	2.94	83.2	0.0	3506.2	160.86	87.03	5.88	8
7990	グローブライド	プライム（内国株式）	3800	その他製品	10	情報通信・サービスその他	6	TOPIX Small 1	2318.0	4.31	100.0	4.31	100.0	4.31	配当あり	いいえ	9.72	0.78	494.7	2657.0	2027.0	Consumer Cyclical			OK	通常掲載可	OK	126956.0	5.12	2.4	54.06	0.47	5177.0	238.52	41.93	8.58	6
7991	マミヤ・オーピー	スタンダード（内国株式）	3600	機械	8	機械	-	-	1036.0	4.83	50.0	4.82	50.0	4.83	配当あり	いいえ	6.26	0.41	107.0	1975.0	1011.0	Industrials			OK	通常掲載可	OK	20892.8	9.02	-38.02	65.38	0.35	-4174.3	165.45	30.22	6.68	2
7992	セーラー万年筆	スタンダード（内国株式）	3800	その他製品	10	情報通信・サービスその他	-	-	103.0						配当未取得			2.85	30.5	154.0	99.0	Industrials	配当未取得	1株配当が取得できていない	除外推奨	掲載非推奨	OK_配当データ要確認	4300.6	-4.62	-8.06	24.03	1.84	-41.2	-7.55		-13.36	
7994	オカムラ	プライム（内国株式）	3800	その他製品	10	情報通信・サービスその他	6	TOPIX Small 1	2272.0	4.62	105.0	4.59	105.0	4.62	配当あり	いいえ	9.65	1.05	2151.0	2761.0	2148.0	Industrials			OK	通常掲載可	OK	329031.0	7.34	4.61	67.62	0.15	16444.0	235.38	44.61	11.52	5
7995	バルカー	プライム（内国株式）	3200	化学	4	素材・化学	6	TOPIX Small 1	7280.0	2.34	170.0	2.34	170.0	2.34	配当あり	いいえ	24.63	2.4	1282.8	8660.0	3005.0	Industrials			OK	通常掲載可	OK	58556.0	12.13	-2.59	64.12	0.32	81.0	295.57	57.52	9.86	0
7997	くろがね工作所	スタンダード（内国株式）	3800	その他製品	10	情報通信・サービスその他	-	-	1012.0	1.98	20.0	1.95	20.0	1.98	配当あり	いいえ	4.26	0.36	16.9	1194.0	728.0	Consumer Cyclical			OK	通常掲載可	OK	6342.3	-1.94	-11.96	56.72	0.19	-2.8	237.72	8.41	8.45	1
7999	ＭＵＴＯＨホールディングス	スタンダード（内国株式）	3650	電気機器	9	電機・精密	-	-							配当未取得								yfinanceデータなし	yfinanceで株価・配当データが取得できなかった	除外推奨	掲載非推奨	データなし										
8001	伊藤忠商事	プライム（内国株式）	6050	卸売業	13	商社・卸売	1	TOPIX Core30	1852.0	2.38	44.0	2.38	44.0	2.38	配当あり	いいえ	14.49	1.96	129453.2	2286.5	1488.2	Industrials			OK	通常掲載可	OK	14823087.0	4.74	0.67	39.38	0.72	846846.0	127.79	34.43	13.91	5
8002	丸紅	プライム（内国株式）	6050	卸売業	13	商社・卸売	2	TOPIX Large70	4668.0	2.46	115.0	2.45	115.0	2.46	配当あり	いいえ	14.2	1.75	76322.0	6328.0	2879.0	Industrials			OK	通常掲載可	OK	8265841.0	3.11	6.11	41.43	0.55	381908.0	328.63	34.99	13.5	5
8005	スクロール	プライム（内国株式）	6100	小売業	14	小売	7	TOPIX Small 2	1618.0	6.0	97.0	6.0	97.0	6.0	配当あり	いいえ	20.16	1.45	547.1	1805.0	1039.0	Consumer Cyclical			OK	通常掲載可	OK	88548.0	6.47	5.38	63.86	0.08	6068.0	80.25	120.87	7.47	1
8006	ユアサ・フナショク	スタンダード（内国株式）	6050	卸売業	13	商社・卸売	-	-	1443.0	2.29	33.0	2.31	33.0	2.29	配当あり	いいえ	11.16	0.59	254.9	1990.0	1090.0	Consumer Defensive			OK	通常掲載可	OK	126423.0	2.29	2.71	61.05	0.04	3503.0	129.29	25.52	5.46	1
8007	高島	プライム（内国株式）	6050	卸売業	13	商社・卸売	-	-	754.0	6.1	46.0	6.1	46.0	6.1	配当あり	いいえ	21.28	1.11	256.9	940.0	680.0	Basic Materials			OK	通常掲載可	OK	90642.0	2.33	-4.09	40.58	0.51	1928.0	35.44	129.8	5.2	2
8008	ヨンドシーホールディングス	プライム（内国株式）	6100	小売業	14	小売	6	TOPIX Small 1	1946.0	4.37	85.0	4.37	85.0	4.37	配当あり	いいえ	23.31	1.02	417.9	1957.0	1688.0	Consumer Cyclical			OK	通常掲載可	OK	69962.0	4.01	52.42	59.66	0.31	393.0	83.48	101.82	4.48	0
8011	三陽商会	プライム（内国株式）	3100	繊維製品	4	素材・化学	7	TOPIX Small 2	4380.0	2.56	112.0	2.56	112.0	2.56	配当あり	いいえ	10.52	1.09	436.6	4785.0	2647.0	Consumer Cyclical			OK	通常掲載可	OK	58448.0	2.22	-3.43	68.3	0.21	-389.0	416.54	26.89	10.26	2
8012	長瀬産業	プライム（内国株式）	6050	卸売業	13	商社・卸売	4	TOPIX Mid400	1165.5	2.4	28.0	2.4	28.0	2.4	配当あり	いいえ	14.77	1.12	4753.3	1257.0	684.38	Basic Materials			OK	通常掲載可	OK	972783.0	4.6	2.94	48.82	0.44	19705.0	78.9	35.49	8.07	5
8013	ナイガイ	スタンダード（内国株式）	3100	繊維製品	4	素材・化学	-	-	339.0						配当未取得		53.47	0.39	26.5	450.0	260.0	Consumer Cyclical	配当未取得	1株配当が取得できていない	除外推奨	掲載非推奨	OK_配当データ要確認	13356.0	-0.98	1.47	55.59	0.23	-283.0	6.34		3.59	
8014	蝶理	プライム（内国株式）	6050	卸売業	13	商社・卸売	7	TOPIX Small 2	3880.0	4.43	172.0	4.43	172.0	4.43	配当あり	いいえ	7.89	0.93	956.2	4745.0	3405.0	Industrials			OK	通常掲載可	OK	299293.0	4.36	-3.93	66.72	0.0	10513.0	491.98	34.96	12.38	5
8015	豊田通商	プライム（内国株式）	6050	卸売業	13	商社・卸売	2	TOPIX Large70	6015.0	2.09	126.0	2.11	126.0	2.09	配当あり	いいえ	17.04	2.01	63504.9	7559.0	3163.0	Industrials			OK	通常掲載可	OK	10309550.0	4.85	1.18	37.18	0.71	312626.0	353.08	35.69	13.2	5
8016	オンワードホールディングス	プライム（内国株式）	3100	繊維製品	4	素材・化学	6	TOPIX Small 1	730.0	4.52	33.0	4.55	33.0	4.52	配当あり	いいえ	9.83	1.06	994.9	842.0	576.0	Consumer Cyclical			OK	通常掲載可	OK	236804.0	4.9	13.63	49.46	0.53	2838.0	74.24	44.45	11.35	2
8018	三共生興	スタンダード（内国株式）	6050	卸売業	13	商社・卸売	7	TOPIX Small 2	782.0	3.45	27.0	3.45	27.0	3.45	配当あり	いいえ	13.95	0.53	292.4	959.0	602.0	Consumer Cyclical			OK	通常掲載可	OK	23984.0	11.22	-2.54	70.96	0.12	1620.0	56.07	48.15	3.89	4
8020	兼松	プライム（内国株式）	6050	卸売業	13	商社・卸売	4	TOPIX Mid400	2054.5	3.41	70.0	3.4	70.0	3.41	配当あり	いいえ	10.58	1.64	3418.9	2468.0	1357.5	Industrials			OK	通常掲載可	OK	1067665.0	4.61	1.59	28.43	0.88	52099.0	194.15	36.05	16.16	4
8022	美津濃	プライム（内国株式）	3800	その他製品	10	情報通信・サービスその他	6	TOPIX Small 1	3305.0	2.0	66.0	2.0	66.0	2.0	配当あり	いいえ	13.97	1.45	2513.2	4385.0	2503.0	Consumer Cyclical			OK	通常掲載可	OK	259045.0	8.73	7.78	68.94	0.14	13396.0	236.64	27.89	11.21	4
8023	ＤＡＩＫＯ　ＸＴＥＣＨ	スタンダード（内国株式）	5250	情報・通信業	10	情報通信・サービスその他	-	-	959.0	3.96	38.0	3.95	38.0	3.96	配当あり	いいえ	8.45	0.88	121.5	1238.0	871.0	Technology			OK	通常掲載可	OK	42500.5	4.48	-0.44	49.05	0.15	654.7	113.55	33.47	10.9	4
8025	ツカモトコーポレーション	スタンダード（内国株式）	6050	卸売業	13	商社・卸売	-	-	1254.0	2.39	30.0	2.31	30.0	2.39	配当あり	いいえ	28.57	0.31	50.6	1431.0	1181.0	Consumer Cyclical			OK	通常掲載可	OK	10106.6	0.17	4.39	51.49	0.5	-1181.9	43.89	68.35	1.17	0
8029	ルックホールディングス	スタンダード（内国株式）	3100	繊維製品	4	素材・化学	7	TOPIX Small 2	2689.0	3.72	100.0	3.72	100.0	3.72	配当あり	いいえ	13.61	0.5	201.4	2828.0	2320.0	Consumer Cyclical			OK	通常掲載可	OK	52117.0	3.38	-4.79	63.17	0.27	1583.0	197.64	50.6	4.7	0
8030	中央魚類	スタンダード（内国株式）	6050	卸売業	13	商社・卸売	-	-	3590.0	3.34	120.0	3.36	120.0	3.34	配当あり	いいえ	4.84	0.39	143.4	4450.0	3360.0	Consumer Defensive			OK	通常掲載可	OK	158598.0	2.06	5.8	44.08	0.62	-1377.0	741.33	16.19	8.53	2
8031	三井物産	プライム（内国株式）	6050	卸売業	13	商社・卸売	1	TOPIX Core30	4440.0	3.15	140.0	3.11	140.0	3.15	配当あり	いいえ	15.46	1.44	125838.0	6675.0	2917.0	Industrials			OK	通常掲載可	OK	13995222.0	3.04	-4.55	42.11	0.65	-155487.0	287.27	48.73	10.3	5
8032	日本紙パルプ商事	プライム（内国株式）	6050	卸売業	13	商社・卸売	7	TOPIX Small 2	1073.0	3.36	36.0	3.36	36.0	3.36	配当あり	いいえ	27.1	0.94	1182.4	1235.0	610.0	Basic Materials			OK	通常掲載可	OK	606779.0	1.79	9.42	32.66	0.89	18340.0	39.59	90.93	4.17	4
8035	東京エレクトロン	プライム（内国株式）	3650	電気機器	9	電機・精密	1	TOPIX Core30	78800.0	0.92	722.0	0.94	722.0	0.92	配当あり	いいえ	61.73	17.32	358425.8	81260.0	19870.0	Technology			OK	通常掲載可	OK	2443533.0	25.58	0.49	72.35		320291.0	1276.56	56.56	29.27	2
8037	カメイ	プライム（内国株式）	6050	卸売業	13	商社・卸売	7	TOPIX Small 2	3455.0	3.76	130.0	3.82	130.0	3.76	配当あり	いいえ	8.88	0.61	1057.2	3645.0	2471.0	Energy			OK	通常掲載可	OK	584220.0	2.91	1.46	52.42	0.33	17639.0	389.03	33.42	7.32	5
8039	築地魚市場	スタンダード（内国株式）	6050	卸売業	13	商社・卸売	-	-	3380.0	1.04	35.0	1.02	35.0	1.04	配当あり	いいえ	19.76	1.06	75.2	4180.0	3360.0	Consumer Defensive			OK	通常掲載可	OK	67450.0	0.25	8.07	39.14	0.65	729.0	171.03	20.46	5.66	0
8040	東京ソワール	スタンダード（内国株式）	3100	繊維製品	4	素材・化学	-	-	1024.0	4.39	45.0	4.39	45.0	4.39	配当あり	いいえ	14.9	0.33	35.4	1303.0	856.0	Consumer Cyclical			OK	通常掲載可	OK	16112.5	1.08	2.62	76.07	0.06	342.2	68.71	65.49	2.21	0
8041	ＯＵＧホールディングス	スタンダード（内国株式）	6050	卸売業	13	商社・卸売	-	-	4270.0	4.03	172.0	4.03	172.0	4.03	配当あり	いいえ	4.28	0.56	230.5	4840.0	3490.0	Consumer Defensive			OK	通常掲載可	OK	363666.0	1.74	3.88	42.83	0.54	1214.0	996.62	17.26	13.97	3
8043	スターゼン	プライム（内国株式）	6050	卸売業	13	商社・卸売	7	TOPIX Small 2	1198.0	4.17	50.0	4.17	50.0	4.17	配当あり	いいえ	8.22	0.72	684.6	1385.0	1066.0	Consumer Defensive			OK	通常掲載可	OK	448213.0	1.95	2.77	47.36	0.63	2946.0	145.8	34.29	9.04	4
8045	横浜丸魚	スタンダード（内国株式）	6050	卸売業	13	商社・卸売	-	-	1811.0	1.88	34.0	1.88	34.0	1.88	配当あり	いいえ	18.8	0.52	109.1	2060.0	995.0	Consumer Defensive			OK	通常掲載可	OK	40643.6	1.14	2.01	67.95	0.03	694.3	96.35	35.29	3.4	5
8046	丸藤シートパイル	スタンダード（内国株式）	6050	卸売業	13	商社・卸売	-	-	854.0	8.9	76.0	8.91	76.0	8.9	配当あり	いいえ	7.71	0.45	147.2	1220.0	586.0	Basic Materials	高利回り要確認	配当利回りが8%以上	要確認	手動確認後に掲載	OK_高利回り要確認	40340.0	5.24	13.36	71.23	0.02	568.0	110.76	68.62	6.17	3
8050	セイコーグループ	プライム（内国株式）	3750	精密機器	9	電機・精密	6	TOPIX Small 1	8050.0	1.12	90.0	1.12	90.0	1.12	配当あり	いいえ	29.94	3.74	6580.2	8360.0	2035.0	Consumer Cyclical			OK	通常掲載可	OK	335686.0	9.2	10.15	45.79	0.6	22822.0	268.87	33.47	13.16	4
8051	山善	プライム（内国株式）	6050	卸売業	13	商社・卸売	6	TOPIX Small 1	1725.0	4.17	72.0	4.17	72.0	4.17	配当あり	いいえ	16.83	1.07	1545.6	1866.0	1216.0	Industrials			OK	通常掲載可	OK	541885.0	2.22	4.99	39.32	0.42	-147.0	102.47	70.26	7.18	2
8052	椿本興業	プライム（内国株式）	6050	卸売業	13	商社・卸売	7	TOPIX Small 2	2740.0	4.38	120.0	4.38	120.0	4.38	配当あり	いいえ	10.02	1.01	503.3	3145.0	2393.0	Industrials			OK	通常掲載可	OK	131032.0	4.97	5.4	49.88		-3553.0	273.48	43.88	10.65	4
8053	住友商事	プライム（内国株式）	6050	卸売業	13	商社・卸売	2	TOPIX Large70	1565.5	2.56	40.0	2.58	40.0	2.56	配当あり	いいえ	12.56	1.61	74518.0	1943.75	911.5	Industrials			OK	通常掲載可	OK	7337259.0	5.43	0.62	33.94	1.02	707546.0	124.69	32.08	13.52	2
8056	ＢＩＰＲＯＧＹ	プライム（内国株式）	5250	情報・通信業	10	情報通信・サービスその他	4	TOPIX Mid400	4216.0	3.32	140.0	3.32	140.0	3.32	配当あり	いいえ	13.33	2.27	4071.7	6594.0	4092.0	Technology			OK	通常掲載可	OK	433686.0	9.52	7.35	47.02	0.42	40168.0	316.2	44.28	17.88	2
8057	内田洋行	プライム（内国株式）	6050	卸売業	13	商社・卸売	6	TOPIX Small 1	1979.0	3.64	72.0	3.64	72.0	3.64	配当あり	いいえ	8.18	1.19	976.1	2582.0	1916.0	Industrials			OK	通常掲載可	OK	277940.0	3.36	12.73	42.81	0.03	2871.0	242.03	29.75	17.96	3
8058	三菱商事	プライム（内国株式）	6050	卸売業	13	商社・卸売	1	TOPIX Core30	4344.0	2.88	125.0	2.88	125.0	2.88	配当あり	いいえ	20.69	1.68	159055.5	6012.0	2837.0	Industrials			OK	通常掲載可	OK	18915995.0	2.21	1.6	39.09	0.69	1137094.0	209.96	59.54	8.98	9
8059	第一実業	プライム（内国株式）	6050	卸売業	13	商社・卸売	7	TOPIX Small 2	3090.0	4.08	126.0	4.08	126.0	4.08	配当あり	いいえ	9.8	1.09	985.1	3635.0	2412.0	Industrials			OK	通常掲載可	OK	219140.0	6.25	-1.18	51.55	0.08	15226.0	315.18	39.98	11.73	4
8060	キヤノンマーケティングジャパン	プライム（内国株式）	6050	卸売業	13	商社・卸売	4	TOPIX Mid400	3391.0	2.51	85.0	2.51	85.0	2.51	配当あり	いいえ	18.05	1.8	6985.3	3941.0	2514.0	Industrials			OK	通常掲載可	OK	679799.0	8.56	3.96	73.15	0.01	28173.0	187.86	45.25	11.68	5
8061	西華産業	プライム（内国株式）	6050	卸売業	13	商社・卸売	6	TOPIX Small 1	2748.0	3.38	93.0	3.38	93.0	3.38	配当あり	いいえ	13.21	1.82	985.4	3635.0	1543.33	Industrials			OK	通常掲載可	OK	108485.0	7.4	15.74	27.54	0.43	4273.0	208.02	44.71	14.8	6
8065	佐藤商事	プライム（内国株式）	6050	卸売業	13	商社・卸売	7	TOPIX Small 2	2842.0	3.06	87.0	3.06	87.0	3.06	配当あり	いいえ	9.16	0.77	588.6	3400.0	1499.0	Basic Materials			OK	通常掲載可	OK	292191.0	2.63	2.68	42.45	0.47	-938.0	310.27	28.04	9.04	5
8066	三谷商事	スタンダード（内国株式）	6050	卸売業	13	商社・卸売	-	-	2538.0	3.62	92.0	3.62	92.0	3.62	配当あり	いいえ	9.0	1.13	2122.4	2855.0	2074.0	Industrials			OK	通常掲載可	OK	339031.0	9.55	0.01	59.24	0.05	21598.0	281.97	32.63	13.0	4
8070	東京産業	プライム（内国株式）	6050	卸売業	13	商社・卸売	7	TOPIX Small 2	808.0	4.95	40.0	4.98	40.0	4.95	配当あり	いいえ	8.35	0.84	211.1	1133.0	758.0	Industrials			OK	通常掲載可	OK	63235.0	5.42	-10.58	24.71	0.41	4290.0	96.8	41.32	10.86	8
8074	ＹＵＡＳＡ	プライム（内国株式）	6050	卸売業	13	商社・卸売	6	TOPIX Small 1	5300.0	4.42	234.0	4.42	234.0	4.42	配当あり	いいえ	9.29	0.93	1115.9	6570.0	4415.0	Industrials			OK	通常掲載可	OK	545027.0	3.07	3.15	39.55	0.04	12594.0	570.28	41.03	10.5	5
8075	神鋼商事	プライム（内国株式）	6050	卸売業	13	商社・卸売	7	TOPIX Small 2	2396.0	4.34	104.0	4.34	104.0	4.34	配当あり	いいえ	7.63	0.64	633.1	2865.0	1990.0	Basic Materials			OK	通常掲載可	OK	608142.0	1.9	-1.46	25.8	0.54	6352.0	313.88	33.13	8.6	0
8076	カノークス	スタンダード（内国株式）	6050	卸売業	13	商社・卸売	-	-	1985.0	5.34	106.0	5.37	106.0	5.34	配当あり	いいえ	8.98	0.58	194.6	2238.0	1738.0	Basic Materials			OK	通常掲載可	OK	158751.5	1.58	-8.24	39.92	0.86	6787.8	221.13	47.94	6.46	2
8077	トルク	スタンダード（内国株式）	6050	卸売業	13	商社・卸売	-	-	208.0	2.88	6.0	2.88	6.0	2.88	配当あり	いいえ	6.2	0.33	47.0	278.0	198.0	Industrials			OK	通常掲載可	OK	22538.3	4.48	0.57	41.98	0.9	2033.4	33.55	17.88	5.46	0
8078	阪和興業	プライム（内国株式）	6050	卸売業	13	商社・卸売	6	TOPIX Small 1	1700.0	3.88	66.0	3.88	66.0	3.88	配当あり	いいえ	8.77	0.77	3299.5	1927.0	1080.0	Industrials			OK	通常掲載可	OK	2662669.0	2.19	4.23	35.25	0.82	70470.0	193.8	34.06	9.1	5
8079	正栄食品工業	プライム（内国株式）	6050	卸売業	13	商社・卸売	6	TOPIX Small 1	4090.0	2.2	90.0	2.2	90.0	2.2	配当あり	いいえ	17.76	1.15	677.8	4475.0	3885.0	Consumer Defensive			OK	通常掲載可	OK	124897.8	3.96	8.41	56.77	0.41	-2450.6	230.27	39.08	6.85	2
8081	カナデン	プライム（内国株式）	6050	卸売業	13	商社・卸売	7	TOPIX Small 2	2520.0	3.97	100.0	3.97	100.0	3.97	配当あり	いいえ	13.61	1.1	561.9	2820.0	1817.0	Industrials			OK	通常掲載可	OK	125665.0	3.58	8.08	53.87	0.0	4656.0	185.22	53.99	8.02	3
8084	ＲＹＯＤＥＮ	プライム（内国株式）	6050	卸売業	13	商社・卸売	7	TOPIX Small 2	4045.0	3.71	150.0	3.71	150.0	3.71	配当あり	いいえ	16.34	0.92	872.0	4075.0	2742.0	Technology			OK	通常掲載可	OK	212772.0	2.47	-1.4	61.25	0.02	1664.0	247.55	60.59	5.75	4
8085	ナラサキ産業	スタンダード（内国株式）	6050	卸売業	13	商社・卸売	-	-	4155.0	3.37	140.0	3.37	140.0	3.37	配当あり	いいえ	9.42	0.72	207.9	4790.0	3095.0	Industrials			OK	通常掲載可	OK	120282.0	2.55	6.91	46.43	0.1	1765.0	440.85	31.76	8.11	4
8086	ニプロ	プライム（内国株式）	3750	精密機器	9	電機・精密	4	TOPIX Mid400	1534.0	2.09	32.0	2.09	32.0	2.09	配当あり	いいえ	21.51	0.91	2501.9	1760.5	1279.5	Healthcare			OK	通常掲載可	OK	660538.0	5.7	2.47	22.59	2.34	54657.0	71.33	44.86	4.87	0
8088	岩谷産業	プライム（内国株式）	6050	卸売業	13	商社・卸売	4	TOPIX Mid400	1903.0	2.47	47.0	2.47	47.0	2.47	配当あり	いいえ	9.19	1.0	4380.3	2179.5	1503.0	Industrials			OK	通常掲載可	OK	908522.0	4.22	2.89	48.58	0.57	13322.0	207.18	22.69	11.62	4
8089	ナイス	スタンダード（内国株式）	6050	卸売業	13	商社・卸売	-	-	1841.0	5.21	96.0	5.14	96.0	5.21	配当あり	いいえ	8.55	0.36	214.1	2454.0	1657.0	Industrials			OK	通常掲載可	OK	259154.0	2.05	6.62	34.27	0.74	-6895.0	215.21	44.61	4.4	4
8091	ニチモウ	プライム（内国株式）	6050	卸売業	13	商社・卸売	-	-	2274.0	4.4	100.0	4.4	100.0	4.4	配当あり	いいえ	8.76	0.56	191.1	2730.0	2092.0	Consumer Defensive			OK	通常掲載可	OK	139779.0	1.97	4.39	37.83	1.03	-2619.0	259.69	38.51	6.77	1
8093	極東貿易	プライム（内国株式）	6050	卸売業	13	商社・卸売	7	TOPIX Small 2	1695.0	4.37	74.0	4.37	74.0	4.37	配当あり	いいえ	11.19	0.64	203.2	2227.0	1475.0	Technology			OK	通常掲載可	OK	64538.0	4.01	21.81	53.48	0.14	5091.0	151.53	48.84	5.98	0
8095	アステナホールディングス	プライム（内国株式）	6050	卸売業	13	商社・卸売	7	TOPIX Small 2	504.0	3.57	18.0	3.61	18.0	3.57	配当あり	いいえ	9.2	0.74	203.3	540.0	456.0	Industrials			OK	通常掲載可	OK	62744.0	4.81	8.19	35.89	0.83	218.0	54.78	32.86	8.54	0
8097	三愛オブリ	プライム（内国株式）	6050	卸売業	13	商社・卸売	6	TOPIX Small 1	2088.0	4.79	100.0	4.78	100.0	4.79	配当あり	いいえ	14.14	1.11	1292.1	2614.0	1793.0	Energy			OK	通常掲載可	OK	611570.0	2.02	-6.55	54.67	0.04	15242.0	147.62	67.74	7.92	0
8098	稲畑産業	プライム（内国株式）	6050	卸売業	13	商社・卸売	6	TOPIX Small 1	3870.0	3.7	143.0	3.7	143.0	3.7	配当あり	いいえ	10.08	0.88	2065.9	4390.0	3180.0	Basic Materials			OK	通常掲載可	OK	832745.0	3.14	-0.61	47.33	0.38	6354.0	383.9	37.25	9.35	2
8101	ＧＳＩクレオス	プライム（内国株式）	6050	卸売業	13	商社・卸売	7	TOPIX Small 2	2380.0	4.45	106.0	4.51	106.0	4.45	配当あり	いいえ	11.49	0.9	289.6	2800.0	2031.0	Consumer Cyclical			OK	通常掲載可	OK	188677.0	1.91	13.98	36.07	0.38	4843.0	207.12	51.18	8.17	9
8103	明和産業	プライム（内国株式）	6050	卸売業	13	商社・卸売	7	TOPIX Small 2	878.0	5.35	47.0	5.35	47.0	5.35	配当あり	いいえ	10.44	0.85	338.2	1041.0	688.0	Industrials			OK	通常掲載可	OK	164927.0	2.51	5.23	48.92	0.12	4074.0	84.11	55.88	8.6	2
8104	クワザワホールディングス	スタンダード（内国株式）	6050	卸売業	13	商社・卸売	-	-	672.0	4.46	30.0	4.46	30.0	4.46	配当あり	いいえ	9.11	0.58	99.4	675.0	515.0	Basic Materials			OK	通常掲載可	OK	64802.0	2.13	-0.92	38.76	0.11	2545.0	73.79	40.66	6.41	4
8105	Ｂｉｔｃｏｉｎ　Ｊａｐａｎ	スタンダード（内国株式）	6050	卸売業	13	商社・卸売	-	-	140.0						配当未取得			2.22	90.2	1013.0	50.0	Consumer Cyclical	配当未取得	1株配当が取得できていない	除外推奨	掲載非推奨	OK_配当データ要確認	3098.8	-11.46	-16.11	80.34		-349.3	-8.11		-16.09	0
8107	キムラタン	スタンダード（内国株式）	3100	繊維製品	4	素材・化学	-	-	33.0						配当未取得			5.52	90.9	60.0	29.0	Consumer Cyclical	配当未取得	1株配当が取得できていない	除外推奨	掲載非推奨	OK_配当データ要確認	2533.1	3.6	44.06	16.72	4.47	698.4	-0.38		-7.05	
8111	ゴールドウイン	プライム（内国株式）	3100	繊維製品	4	素材・化学	4	TOPIX Mid400	2189.0	3.2	70.0	3.22	70.0	3.2	配当あり	いいえ	12.38	2.31	2993.9	3198.0	2040.0	Consumer Cyclical			OK	通常掲載可	OK	137516.0	18.8	3.94	76.92	0.04	26257.0	176.87	39.58	19.99	6
8113	ユニ・チャーム	プライム（内国株式）	3200	化学	4	素材・化学	2	TOPIX Large70	931.1	2.36	22.0	2.36	22.0	2.36	配当あり	いいえ	27.32	2.04	16022.4	1104.0	874.7	Consumer Defensive			OK	通常掲載可	OK	945268.0	10.79	-4.42	64.97	0.01	102843.0	34.08	64.55	7.7	10
8115	ムーンバット	スタンダード（内国株式）	6050	卸売業	13	商社・卸売	-	-	1555.0	4.37	68.0	4.37	68.0	4.37	配当あり	いいえ	13.04	1.2	70.1	1922.0	1127.0	Consumer Cyclical			OK	通常掲載可	OK	11933.5	5.14	-0.11	58.87	0.4	257.1	119.27	57.01	10.12	3
8117	中央自動車工業	スタンダード（内国株式）	6050	卸売業	13	商社・卸売	-	-	2030.0	3.25	66.0	3.25	66.0	3.25	配当あり	いいえ	11.57	1.78	1121.9	2290.0	1694.0	Consumer Cyclical			OK	通常掲載可	OK	46692.8	24.37	12.36	88.36		8815.4	175.39	37.63	16.26	5
8118	キング	スタンダード（内国株式）	3100	繊維製品	4	素材・化学	-	-	1251.0	1.44	18.0	1.45	18.0	1.44	配当あり	いいえ	31.65	0.86	199.4	1255.0	778.0	Consumer Cyclical			OK	通常掲載可	OK	7835.0	10.08	-3.95	86.45	0.02	708.0	39.53	45.54	2.74	0
8119	三栄コーポレーション	スタンダード（内国株式）	6050	卸売業	13	商社・卸売	-	-	763.0	4.06	31.0	4.06	31.0	4.06	配当あり	いいえ	12.75	0.49	72.5	940.0	750.0	Consumer Cyclical			OK	通常掲載可	OK	36332.2	2.83	-8.85	59.59	0.26	733.4	59.82	51.82	4.05	2
8123	川辺	スタンダード（内国株式）	6050	卸売業	13	商社・卸売	-	-	1318.0	3.79	50.0	3.79	50.0	3.79	配当あり	いいえ	12.87	0.32	24.1	1550.0	1259.0	Consumer Cyclical			OK	通常掲載可	OK	13036.4	1.48	2.09	58.4	0.3	546.3	102.41	48.82	2.56	0
8125	ワキタ	プライム（内国株式）	6050	卸売業	13	商社・卸売	6	TOPIX Small 1	1732.0	5.77	100.0	5.78	100.0	5.77	配当あり	いいえ	24.75	0.85	861.3	2143.0	1609.0	Industrials			OK	通常掲載可	OK	93222.0	5.67	0.98	69.13	0.01	11793.0	69.97	142.92	3.46	4
8127	ヤマトインターナショナル	スタンダード（内国株式）	3100	繊維製品	4	素材・化学	-	-	585.0	2.39	14.0	2.39	14.0	2.39	配当あり	いいえ	81.93	0.66	119.1	651.0	380.0	Consumer Cyclical			OK	通常掲載可	OK	19444.5	-1.04	-8.02	74.31	0.05	-1318.8	7.14	196.08	0.83	0
8129	東邦ホールディングス	プライム（内国株式）	6050	卸売業	13	商社・卸売	4	TOPIX Mid400	3808.0	4.73	180.0	4.73	180.0	4.73	配当あり	いいえ	14.97	0.91	2463.8	5726.0	3729.0	Healthcare			OK	通常掲載可	OK	1553364.0	1.05	2.3	36.64	0.04	9730.0	254.37	70.76	6.56	4
8130	サンゲツ	プライム（内国株式）	6050	卸売業	13	商社・卸売	6	TOPIX Small 1	2918.0	5.31	155.0	5.22	155.0	5.31	配当あり	いいえ	11.92	1.41	1715.5	3370.0	2818.0	Consumer Cyclical			OK	通常掲載可	OK	206441.0	9.4	3.03	64.35	0.12	10171.0	244.82	63.31	12.32	11
8131	ミツウロコグループホールディングス	スタンダード（内国株式）	6050	卸売業	13	商社・卸売	7	TOPIX Small 2	1957.0	3.37	66.0	3.37	66.0	3.37	配当あり	いいえ	11.89	1.02	1069.4	2540.0	1695.0	Energy			OK	通常掲載可	OK	339498.0	3.64	-0.05	51.09	0.37	2598.0	164.58	40.1	9.01	4
8132	シナネンホールディングス	プライム（内国株式）	6050	卸売業	13	商社・卸売	7	TOPIX Small 2	6570.0	1.83	120.0	1.83	120.0	1.83	配当あり	いいえ	16.58	1.19	710.8	9080.0	5880.0	Energy			OK	通常掲載可	OK	298752.0	1.47	-5.79	55.6	0.08	6587.0	396.17	30.29	7.7	1
8133	伊藤忠エネクス	プライム（内国株式）	6050	卸売業	13	商社・卸売	6	TOPIX Small 1	1986.0	3.42	68.0	3.42	68.0	3.42	配当あり	いいえ	14.03	1.23	2242.5	2126.0	1717.0	Industrials			OK	通常掲載可	OK	851235.0	2.67	-7.92	40.15	0.31	29553.0	141.6	48.02	8.88	3
8135	ゼット	スタンダード（内国株式）	6050	卸売業	13	商社・卸売	-	-	431.0	8.35	36.0	8.26	36.0	8.35	配当あり	いいえ	8.65	0.55	84.4	614.0	402.0	Consumer Cyclical	高利回り要確認	配当利回りが8%以上	要確認	手動確認後に掲載	OK_高利回り要確認	58655.0	2.14	6.05	45.46	0.02	182.0	49.83	72.25	6.53	1
8136	サンリオ	プライム（内国株式）	6050	卸売業	13	商社・卸売	4	TOPIX Mid400	1093.0	1.46	16.0	1.46	16.0	1.46	配当あり	いいえ	24.57	8.51	13252.1	1737.0	818.8	Consumer Cyclical			OK	通常掲載可	OK	194088.0	40.12	33.94	66.38	0.12	46876.0	44.49	35.96	34.64	4
8137	サンワテクノス	プライム（内国株式）	6050	卸売業	13	商社・卸売	7	TOPIX Small 2	3690.0	3.52	130.0	3.57	130.0	3.52	配当あり	いいえ	17.15	1.09	574.0	4100.0	2389.0	Technology			OK	通常掲載可	OK	148329.0	2.74	6.27	52.13	0.15	3632.0	215.13	60.43	6.36	1
8138	三京化成	スタンダード（内国株式）	6050	卸売業	13	商社・卸売	-	-	4000.0	2.5	100.0	2.5	100.0	2.5	配当あり	いいえ	4.78	0.39	36.0	4980.0	3315.0	Basic Materials			OK	通常掲載可	OK	27117.6	1.71	3.4	53.85	0.08	-676.8	836.8	11.95	8.4	1
8139	ナガホリ	スタンダード（内国株式）	6050	卸売業	13	商社・卸売	-	-	2150.0	0.7	15.0	0.7	15.0	0.7	配当あり	いいえ	30.12	2.33	329.7	2977.0	1530.0	Consumer Cyclical			OK	通常掲載可	OK	29380.1	5.86	28.35	45.42	0.95	-1823.0	71.38	21.01	8.11	0
8141	新光商事	プライム（内国株式）	6050	卸売業	13	商社・卸売	7	TOPIX Small 2	1588.0	1.54	24.5	1.54	24.5	1.54	配当あり	いいえ	40.98	0.86	453.4	1772.0	939.0	Technology			OK	通常掲載可	OK	99113.0	1.21	-14.56	65.16	0.1	5649.0	38.75	63.23	2.21	0
8142	トーホー	プライム（内国株式）	6050	卸売業	13	商社・卸売	7	TOPIX Small 2	1322.0	4.61	61.0	4.52	61.0	4.61	配当あり	いいえ	9.44	1.2	421.5	1412.0	1033.33	Consumer Defensive			OK	通常掲載可	OK	259747.0	3.02	5.39	35.7	0.56	7935.0	140.0	43.57	14.63	3
8143	ラピーヌ	スタンダード（内国株式）	3100	繊維製品	4	素材・化学	-	-	139.0						配当未取得			0.44	3.3	362.0	135.0	Consumer Cyclical	配当未取得	1株配当が取得できていない	除外推奨	掲載非推奨	OK_配当データ要確認	1873.9	-14.72	-8.28	22.99	2.38	-473.2	-104.51		-32.62	0
8144	デンキョーグループホールディングス	スタンダード（内国株式）	6050	卸売業	13	商社・卸売	-	-	1271.0	3.15	40.0	3.15	40.0	3.15	配当あり	いいえ	24.33	0.29	79.8	1410.0	1191.0	Technology			OK	通常掲載可	OK	52097.0	0.34	-4.1	76.38	0.04	-261.0	52.24	76.57	1.22	0
8147	トミタ	スタンダード（内国株式）	6050	卸売業	13	商社・卸売	-	-	1354.0	1.85	25.0	1.85	25.0	1.85	配当あり	いいえ	10.8	0.54	70.2	1556.0	1140.0	Industrials			OK	通常掲載可	OK	22935.1	2.96	5.81	60.39	0.01	1853.5	125.38	19.94	5.04	4
8150	三信電気	プライム（内国株式）	6050	卸売業	13	商社・卸売	7	TOPIX Small 2	2762.0	5.07	140.0	5.07	140.0	5.07	配当あり	いいえ	6.75	0.74	338.1	3275.0	2295.0	Technology			OK	通常掲載可	OK	172366.0	4.01	9.55	50.45	0.44	5331.0	409.05	34.23	11.45	1
8151	東陽テクニカ	プライム（内国株式）	6050	卸売業	13	商社・卸売	7	TOPIX Small 2	1913.0	3.66	70.0	3.6	70.0	3.66	配当あり	いいえ	16.42	1.39	413.3	2232.0	1479.0	Technology			OK	通常掲載可	OK	32559.2	5.88	-7.09	70.3	0.1	1317.6	116.5	60.09	8.68	8
8152	ソマール	スタンダード（内国株式）	6050	卸売業	13	商社・卸売	-	-	7120.0	1.4	100.0	1.4	100.0	1.4	配当あり	いいえ	9.34	0.62	138.0	8530.0	5070.0	Basic Materials			OK	通常掲載可	OK	31200.2	8.35	2.76	63.42	0.28	1057.6	762.55	13.11	7.0	2
8153	モスフードサービス	プライム（内国株式）	6050	卸売業	13	商社・卸売	6	TOPIX Small 1	3625.0	0.94	34.0	0.93	34.0	0.94	配当あり	いいえ	24.51	1.89	1114.3	4430.0	3420.0	Consumer Cyclical			OK	通常掲載可	OK	102773.0	6.38	6.85	67.63	0.08	4685.0	147.9	22.99	8.03	2
8154	加賀電子	プライム（内国株式）	6050	卸売業	13	商社・卸売	6	TOPIX Small 1	4140.0	3.38	140.0	3.33	140.0	3.38	配当あり	いいえ	6.7	1.08	1973.1	5050.0	2719.0	Technology			OK	通常掲載可	OK	658941.0	4.22	20.29	45.46	0.44	-7018.0	618.1	22.65	17.81	1
8157	都築電気	プライム（内国株式）	5250	情報・通信業	10	情報通信・サービスその他	7	TOPIX Small 2	3900.0	4.87	190.0	4.87	190.0	4.87	配当あり	いいえ	10.98	1.47	710.3	4215.0	2742.0	Industrials			OK	通常掲載可	OK	103728.0	7.88	5.56	55.13	0.17	5019.0	355.29	53.48	14.15	4
8158	ソーダニッカ	プライム（内国株式）	6050	卸売業	13	商社・卸売	7	TOPIX Small 2	1124.0	3.91	44.0	3.91	44.0	3.91	配当あり	いいえ	10.82	0.76	256.5	1232.0	975.0	Basic Materials			OK	通常掲載可	OK	65146.0	3.24	1.58	40.35	0.11	403.0	103.86	42.36	7.46	1
8159	立花エレテック	プライム（内国株式）	6050	卸売業	13	商社・卸売	7	TOPIX Small 2	3270.0	3.67	120.0	3.67	120.0	3.67	配当あり	いいえ	9.78	0.68	718.6	3490.0	2641.0	Technology			OK	通常掲載可	OK	227511.0	3.3	3.36	58.55	0.09	5940.0	334.52	35.87	7.42	0
8160	木曽路	プライム（内国株式）	6100	小売業	14	小売	6	TOPIX Small 1	2310.0	1.3	30.0	1.29	30.0	1.3	配当あり	いいえ	37.62	2.06	650.5	2669.0	2228.0	Consumer Cyclical			OK	通常掲載可	OK	54570.0	5.34	2.52	65.13	0.23	3386.0	61.41	48.85	5.58	2
8163	ＳＲＳホールディングス	プライム（内国株式）	6100	小売業	14	小売	7	TOPIX Small 2	1225.0	0.82	10.0	0.82	10.0	0.82	配当あり	いいえ	33.44	2.84	506.6	1318.0	1117.0	Consumer Cyclical			OK	通常掲載可	OK	76422.0	3.99	13.25	37.85	0.97	1831.2	36.63	27.3	9.98	0
8165	千趣会	スタンダード（内国株式）	6100	小売業	14	小売	7	TOPIX Small 2	107.0						配当未取得		1.27	0.31	50.1	251.0	106.0	Consumer Cyclical	配当未取得	1株配当が取得できていない	除外推奨	掲載非推奨	OK_配当データ要確認	42071.0	-6.14	-8.26	65.16	0.02	-3548.0	84.23		29.0	2
8166	タカキュー	スタンダード（内国株式）	6100	小売業	14	小売	-	-	78.0						配当未取得		6.44	0.32	32.5	114.0	76.0	Consumer Cyclical	配当未取得	1株配当が取得できていない	除外推奨	掲載非推奨	OK_配当データ要確認	9650.1	2.11	-3.76	18.9	1.85	-207.7	12.12		9.96	0
8167	リテールパートナーズ	プライム（内国株式）	6100	小売業	14	小売	7	TOPIX Small 2	1320.0	3.03	40.0	3.03	40.0	3.03	配当あり	いいえ	11.24	0.62	563.0	1529.0	1220.0	Consumer Defensive			OK	通常掲載可	OK	278196.0	2.33	4.29	67.31	0.16	9631.0	117.48	34.05	5.83	4
8173	Ｊｏｓｈｉｎ	プライム（内国株式）	6100	小売業	14	小売	6	TOPIX Small 1	4080.0	2.45	100.0	2.45	100.0	2.45	配当あり	いいえ	30.96	1.0	1055.9	4325.0	2338.0	Consumer Cyclical			OK	通常掲載可	OK	436650.0	1.24	8.28	46.05	0.37	8641.0	131.78	75.88	3.12	2
8174	日本瓦斯	プライム（内国株式）	6100	小売業	14	小売	4	TOPIX Mid400	2808.0	3.92	110.0	3.92	110.0	3.92	配当あり	いいえ	21.01	4.47	2991.7	3167.0	2615.0	Utilities			OK	通常掲載可	OK	208480.0	10.21	4.21	40.94	0.75	20399.0	133.66	82.3	22.02	10
8179	ロイヤルホールディングス	プライム（内国株式）	6100	小売業	14	小売	6	TOPIX Small 1	1189.0	1.47	17.5	1.47	17.5	1.47	配当あり	いいえ	21.23	2.16	1171.5	1554.0	1184.0	Consumer Cyclical			OK	通常掲載可	OK	165495.0	4.65	8.77	39.15	0.98	5608.0	56.0	31.25	11.1	4
8181	東天紅	スタンダード（内国株式）	6100	小売業	14	小売	-	-	1027.0	1.46	15.0	1.46	15.0	1.46	配当あり	いいえ	4.34	0.28	26.4	1289.0	861.0	Consumer Cyclical			OK	通常掲載可	OK	4807.5	10.72	2.06	65.44	0.38	480.4	236.83	6.33	-1.36	0
8185	チヨダ	プライム（内国株式）	6100	小売業	14	小売	7	TOPIX Small 2	974.0	5.54	54.0	5.53	54.0	5.54	配当あり	いいえ	140.35	0.66	330.7	1304.0	929.0	Consumer Cyclical			OK	通常掲載可	OK	91835.0	2.39	-1.59	65.8	0.02	1888.0	6.94	778.1	0.46	2
8194	ライフコーポレーション	プライム（内国株式）	6100	小売業	14	小売	6	TOPIX Small 1	2487.0	2.81	70.0	2.81	70.0	2.81	配当あり	いいえ	12.12	1.38	2151.7	2806.0	2166.0	Consumer Defensive			OK	通常掲載可	OK	881325.0	2.95	3.62	46.39	0.21	61873.0	205.18	34.12	12.8	2
8198	マックスバリュ東海	スタンダード（内国株式）	6100	小売業	14	小売	-	-	3100.0	2.74	85.0	2.68	85.0	2.74	配当あり	いいえ	9.86	1.02	988.5	3950.0	3085.0	Consumer Defensive			OK	通常掲載可	OK	384951.0	3.52	2.0	63.68	0.01	13169.0	314.34	27.04	11.06	2
8200	リンガーハット	プライム（内国株式）	6100	小売業	14	小売	6	TOPIX Small 1	2143.0	0.61	13.0	0.61	13.0	0.61	配当あり	いいえ	32.68	3.65	555.3	2391.0	2028.0	Consumer Cyclical			OK	通常掲載可	OK	45084.7	3.15	2.94	48.94	0.52	991.8	65.58	19.82	11.96	2
8202	ラオックスホールディングス	スタンダード（内国株式）	6100	小売業	14	小売	-	-	149.0	2.68	4.0	2.68	4.0	2.68	配当あり	いいえ		0.63	136.2	178.0	141.0	Consumer Cyclical			OK	通常掲載可	OK	57535.0	0.12	-6.47	53.49	0.13	-1011.0	-1.09		1.58	1
8203	ＭｒＭａｘＨＤ	プライム（内国株式）	6100	小売業	14	小売	7	TOPIX Small 2	754.0	3.85	29.0	3.85	29.0	3.85	配当あり	いいえ	9.39	0.65	251.3	915.0	644.0	Consumer Defensive			OK	通常掲載可	OK	147683.0	3.01	8.14	44.24	0.58	-365.0	80.3	36.11	7.29	1
8207	テンアライド	スタンダード（内国株式）	6100	小売業	14	小売	-	-	287.0						配当未取得			4.2	114.9	302.0	275.0	Consumer Cyclical	配当未取得	1株配当が取得できていない	除外推奨	掲載非推奨	OK_配当データ要確認	12093.5	-1.0	1.73	40.33	0.56	-194.0	-11.57		-16.42	0
8214	ＡＯＫＩホールディングス	プライム（内国株式）	6100	小売業	14	小売	6	TOPIX Small 1	1629.0	7.37	120.0	7.37	120.0	7.37	配当あり	いいえ	14.58	0.95	1370.9	1905.0	1481.0	Consumer Cyclical			OK	通常掲載可	OK	194532.0	8.71	0.96	64.27	0.24	5304.0	111.75	107.38	6.59	4
8217	オークワ	プライム（内国株式）	6100	小売業	14	小売	7	TOPIX Small 2	756.0	3.44	26.0	3.44	26.0	3.44	配当あり	いいえ	119.06	0.41	307.6	1006.0	750.0	Consumer Cyclical			OK	通常掲載可	OK	252655.0	0.75	1.0	57.51	0.3	7619.0	6.35	409.45	0.01	0
8218	コメリ	プライム（内国株式）	6100	小売業	14	小売	6	TOPIX Small 1	3510.0	1.65	58.0	1.63	58.0	1.65	配当あり	いいえ	11.34	0.64	1648.2	3710.0	2898.0	Consumer Cyclical			OK	通常掲載可	OK	385383.0	5.98	1.63	65.19	0.12	6075.0	309.64	18.73	5.82	10
8219	青山商事	プライム（内国株式）	6100	小売業	14	小売	6	TOPIX Small 1	686.0	5.54	38.0	5.52	38.0	5.54	配当あり	いいえ	14.35	0.55	973.8	924.33	662.0	Consumer Cyclical			OK	通常掲載可	OK	189011.0	5.6	-3.42	57.86	0.44	4535.0	47.81	79.48	3.86	3
8225	タカチホ	スタンダード（内国株式）	6050	卸売業	13	商社・卸売	-	-	3300.0	3.33	110.0	3.33	110.0	3.33	配当あり	いいえ	7.03	0.9	23.1	4480.0	3160.0	Consumer Cyclical			OK	通常掲載可	OK	9691.2	5.01	13.52	57.9	0.28	489.7	469.26	23.44	13.58	1
8226	理経	スタンダード（内国株式）	6050	卸売業	13	商社・卸売	-	-	376.0	1.86	7.0	1.87	7.0	1.86	配当あり	いいえ	7.59	0.94	56.8	623.0	342.0	Technology			OK	通常掲載可	OK	19536.0	6.33	4.33	46.55	0.53	1009.9	49.52	14.14	13.26	2
8227	しまむら	プライム（内国株式）	6100	小売業	14	小売	4	TOPIX Mid400	3229.0	2.48	80.0	2.48	80.0	2.48	配当あり	いいえ	16.5	1.36	6704.0	11575.0	3116.0	Consumer Cyclical			OK	通常掲載可	OK	701384.0	8.77	5.2	88.33		23833.0	195.68	40.88	9.33	6
8230	はせがわ	スタンダード（内国株式）	6100	小売業	14	小売	-	-	307.0	4.89	15.0	4.89	15.0	4.89	配当あり	いいえ	19.15	0.44	55.8	340.0	303.0	Consumer Cyclical			OK	通常掲載可	OK	21122.0	3.66	-0.5	60.17	0.36	-68.0	16.03	93.57	2.3	0
8233	高島屋	プライム（内国株式）	6100	小売業	14	小売	4	TOPIX Mid400	2445.0	1.64	40.0	1.6	40.0	1.64	配当あり	いいえ		1.59	7164.2	2608.5	1086.5	Consumer Cyclical			OK	通常掲載可	OK	492370.0	10.87	-1.23	33.41	0.92	8601.0	-26.9		-1.43	3
8237	松屋	プライム（内国株式）	6100	小売業	14	小売	6	TOPIX Small 1	1727.0	0.69	12.0	0.69	12.0	0.69	配当あり	いいえ	41.49	3.29	876.3	2925.0	997.0	Consumer Cyclical			OK	通常掲載可	OK	45706.0	5.78	-5.02	34.98	0.85	3185.0	41.62	28.83	8.03	2
8242	エイチ・ツー・オー　リテイリング	プライム（内国株式）	6100	小売業	14	小売	4	TOPIX Mid400	2803.5	1.71	48.0	1.71	48.0	1.71	配当あり	いいえ	11.12	1.04	3193.0	2935.0	1912.0	Consumer Defensive			OK	通常掲載可	OK	680215.0	4.76	-0.23	43.57	0.46	22695.0	252.05	19.04	9.65	2
8244	近鉄百貨店	スタンダード（内国株式）	6100	小売業	14	小売	7	TOPIX Small 2	1790.0	1.12	20.0	1.12	20.0	1.12	配当あり	いいえ	19.53	1.58	721.9	2089.0	1609.0	Consumer Cyclical			OK	通常掲載可	OK	125450.0	5.36	8.99	36.73	0.05	10612.0	91.65	21.82	8.79	1
8247	大和	スタンダード（内国株式）	6100	小売業	14	小売	-	-	307.0						配当未取得			0.32	17.2	408.0	222.0	Consumer Cyclical	配当未取得	1株配当が取得できていない	除外推奨	掲載非推奨	OK_配当データ要確認	15983.4	1.19	-2.74	19.7	1.39	873.8	-203.91		-21.03	0
8252	丸井グループ	プライム（内国株式）	6100	小売業	14	小売	4	TOPIX Mid400	2818.5	4.75	134.0	4.68	134.0	4.75	配当あり	いいえ	18.08	2.07	5037.0	3367.0	2663.0	Financial Services			OK	通常掲載可	OK	254392.0	17.5	8.15	23.37	2.59	-4482.0	155.86	85.97	11.7	5
8253	クレディセゾン	プライム（内国株式）	7200	その他金融業	16	金融（除く銀行）	4	TOPIX Mid400	4443.0	3.6	160.0	3.6	160.0	3.6	配当あり	いいえ	10.2	0.84	6381.2	4940.0	3561.0	Financial Services			OK	通常掲載可	OK	492235.0	32.73	17.11	15.11	4.84	-269983.0	435.41	36.75	8.37	4
8254	さいか屋	スタンダード（内国株式）	6100	小売業	14	小売	-	-	276.0	1.81	5.0	1.81	5.0	1.81	配当あり	いいえ	41.69	1.32	16.7	655.0	207.0	Consumer Cyclical			OK	通常掲載可	OK	4632.9	2.48	-6.41	6.66	10.93	-89.3	6.62	75.53	4.46	
8255	アクシアル　リテイリング	プライム（内国株式）	6100	小売業	14	小売	7	TOPIX Small 2	1114.0	2.6	29.0	2.6	29.0	2.6	配当あり	いいえ	11.22	1.04	986.3	1316.0	982.0	Consumer Defensive			OK	通常掲載可	OK	295536.0	4.13	4.85	66.06	0.02	12477.0	99.26	29.22	9.54	5
8260	井筒屋	スタンダード（内国株式）	6100	小売業	14	小売	-	-	383.0	1.83	7.0	1.83	7.0	1.83	配当あり	いいえ	8.61	0.35	42.6	534.0	352.0	Consumer Cyclical			OK	通常掲載可	OK	21283.0	2.91	-3.95	28.17	1.06	1460.0	44.47	15.74	4.07	1
8267	イオン	プライム（内国株式）	6100	小売業	14	小売	2	TOPIX Large70	1298.0	1.08	14.0	1.04	14.0	1.08	配当あり	いいえ	48.4	2.94	35910.8	2920.0	1274.0	Consumer Cyclical			OK	通常掲載可	OK	10715341.0	2.52	5.73	7.94	3.69	1126589.0	25.96	53.93	5.76	2
8273	イズミ	プライム（内国株式）	6100	小売業	14	小売	6	TOPIX Small 1	940.0	3.19	30.0	3.12	30.0	3.19	配当あり	いいえ	11.84	0.67	1975.9	1156.0	862.0	Consumer Cyclical			OK	通常掲載可	OK	569311.0	4.78	8.62	49.38	0.42	43686.0	79.38	37.79	5.63	0
8275	フォーバル	スタンダード（内国株式）	6050	卸売業	13	商社・卸売	7	TOPIX Small 2	1003.0	3.19	32.0	3.14	32.0	3.19	配当あり	いいえ	18.02	1.38	261.9	1550.0	985.0	Technology			OK	通常掲載可	OK	71524.9	5.21	-1.52	45.21	0.12	2205.0	55.67	57.48	9.44	3
8276	平和堂	プライム（内国株式）	6100	小売業	14	小売	6	TOPIX Small 1	2475.0	2.67	66.0	2.67	66.0	2.67	配当あり	いいえ	13.35	0.62	1224.0	3250.0	2366.0	Consumer Cyclical			OK	通常掲載可	OK	456008.0	2.92	2.5	62.53	0.11	429.0	185.38	35.6	4.38	2
8278	フジ	プライム（内国株式）	6100	小売業	14	小売	6	TOPIX Small 1	1961.0	1.53	30.0	1.53	30.0	1.53	配当あり	いいえ	21.05	0.75	1699.1	2305.0	1873.0	Consumer Cyclical			OK	通常掲載可	OK	808926.0	1.6	0.99	52.88	0.32	-41.0	93.15	32.21	3.67	0
8281	ゼビオホールディングス	プライム（内国株式）	6100	小売業	14	小売	6	TOPIX Small 1	1053.0	3.32	35.0	3.32	35.0	3.32	配当あり	いいえ		0.37	435.8	1215.0	951.0	Consumer Cyclical			OK	通常掲載可	OK	252331.0	0.94	0.69	57.36	0.05	-127.0	-52.28		-2.02	1
8282	ケーズホールディングス	プライム（内国株式）	6100	小売業	14	小売	4	TOPIX Mid400	1849.5	2.6	48.0	2.6	48.0	2.6	配当あり	いいえ	20.88	1.15	2857.7	2201.0	1440.0	Consumer Cyclical			OK	通常掲載可	OK	738019.0	2.95	2.74	59.44	0.27	25333.0	88.59	54.18	5.73	0
8283	ＰＡＬＴＡＣ	プライム（内国株式）	6050	卸売業	13	商社・卸売	4	TOPIX Mid400	6639.0	1.9	126.0	1.9	126.0	1.9	配当あり	いいえ	18.48	1.34	4025.3	6649.0	4001.0	Consumer Defensive			OK	通常掲載可	OK	1237846.0	2.14	4.19	56.7	0.0	22609.0	359.17	35.08	7.25	15
8285	三谷産業	スタンダード（内国株式）	6050	卸売業	13	商社・卸売	7	TOPIX Small 2	697.0	2.3	16.0	2.3	16.0	2.3	配当あり	いいえ	11.85	0.76	429.1	808.0	348.0	Industrials			OK	通常掲載可	OK	117531.0	2.88	14.03	55.91	0.2	6836.0	58.83	27.2	6.98	1
8289	Ｏｌｙｍｐｉｃグループ	スタンダード（内国株式）	6100	小売業	14	小売	-	-	952.0	2.1	20.0	4.35	20.0	2.1	配当あり	いいえ		1.04	218.7	1151.0	382.0	Consumer Cyclical	利回り乖離	raw=4.35% vs calc=2.10% 乖離2.2%	OK	通常掲載可	OK_配当データ要確認	98157.0	-2.42	-0.49	32.58	1.39	2686.0	-165.36		-16.44	0
8291	日産東京販売ホールディングス	スタンダード（内国株式）	6100	小売業	14	小売	-	-	547.0	4.94	27.0	4.94	27.0	4.94	配当あり	いいえ	12.15	0.56	325.3	631.0	482.0	Consumer Cyclical			OK	通常掲載可	OK	128997.0	3.69	-8.9	57.71	0.27	-2329.0	45.02	59.97	4.66	0
8303	ＳＢＩ新生銀行	プライム（内国株式）	7050	銀行業	15	銀行	4	TOPIX Mid400	1367.0	3.07	42.0	3.07	42.0	3.07	配当あり	いいえ	9.94	0.99	12125.3	55319998000.0	1325.0	Financial Services			OK	通常掲載可	OK	517502.0		18.44	4.95	2.42	1894692.0	137.52	30.54	10.31	0
8304	あおぞら銀行	プライム（内国株式）	7050	銀行業	15	銀行	4	TOPIX Mid400	2740.5	3.65	100.0	3.65	100.0	3.65	配当あり	いいえ	14.64	0.79	3792.3	2925.5	2067.0	Financial Services			OK	通常掲載可	OK	123658.0		14.06	5.58	1.86	125362.0	187.18	53.42	5.59	1
8306	三菱ＵＦＪフィナンシャル・グループ	プライム（内国株式）	7050	銀行業	15	銀行	1	TOPIX Core30	3247.0	2.96	96.0	2.96	96.0	2.96	配当あり	いいえ	15.29	1.65	366160.1	3394.0	1956.0	Financial Services			OK	通常掲載可	OK	7521125.0		9.98	5.16	1.58	-23737555.0	212.35	45.21	11.91	8
8308	りそなホールディングス	プライム（内国株式）	7050	銀行業	15	銀行	2	TOPIX Large70	2114.5	1.75	37.0	1.75	37.0	1.75	配当あり	いいえ	18.52	1.64	47541.4	2277.5	1276.5	Financial Services			OK	通常掲載可	OK	1026905.0		16.72	3.81	1.71	-4766687.0	114.18	32.4	9.16	3
8309	三井住友トラストグループ	プライム（内国株式）	7050	銀行業	15	銀行	2	TOPIX Large70	6120.0	0.78	47.5	0.78	47.5	0.78	配当あり	いいえ	13.4	1.2	42441.8	6218.0	3795.0	Financial Services			OK	通常掲載可	OK	1552023.0		2.5	4.33	5.09	1129893.0	456.55	10.4	9.54	5
8316	三井住友フィナンシャルグループ	プライム（内国株式）	7050	銀行業	15	銀行	1	TOPIX Core30	6433.0	1.4	90.0	1.4	90.0	1.4	配当あり	いいえ	15.63	1.56	245226.0	6733.0	3560.0	Financial Services			OK	通常掲載可	OK	5791563.0		14.32	4.81	2.06	-10760659.0	411.71	21.86	10.3	9
8331	千葉銀行	プライム（内国株式）	7050	銀行業	15	銀行	4	TOPIX Mid400	2499.5	2.56	64.0	2.59	64.0	2.56	配当あり	いいえ	18.45	1.39	17313.6	2593.0	1310.0	Financial Services			OK	通常掲載可	OK	305589.0		22.36	5.93	1.73	-1342132.0	135.47	47.24	7.83	11
8334	群馬銀行	プライム（内国株式）	7050	銀行業	15	銀行	4	TOPIX Mid400	2358.5	2.97	70.0	2.99	70.0	2.97	配当あり	いいえ	15.13	1.44	8926.9	2425.0	1207.5	Financial Services			OK	通常掲載可	OK	193613.0		20.89	5.7	1.85	-176336.0	155.9	44.9	9.96	5
8336	武蔵野銀行	プライム（内国株式）	7050	銀行業	15	銀行	6	TOPIX Small 1	2532.0	3.24	82.0	3.24	82.0	3.24	配当あり	いいえ	16.18	0.89	2463.7	2584.0	1086.67	Financial Services			OK	通常掲載可	OK	87558.0		20.29	4.96	0.22	-16734.0	156.48	52.4	5.62	4
8337	千葉興業銀行	プライム（内国株式）	7050	銀行業	15	銀行	6	TOPIX Small 1	2448.0	0.82	20.0	0.84	20.0	0.82	配当あり	いいえ	23.19	0.73	1405.5	2520.0	1398.0	Financial Services			OK	通常掲載可	OK	56165.0		15.04	5.68	0.22	33829.0	105.57	18.94	4.86	0
8338	筑波銀行	プライム（内国株式）	7050	銀行業	15	銀行	7	TOPIX Small 2	585.0	0.85	5.0	0.85	5.0	0.85	配当あり	いいえ	7.63	0.46	482.1	735.0	229.0	Financial Services			OK	通常掲載可	OK	39046.0		13.97	3.73	1.57	-141485.0	76.69	6.52	6.75	0
8341	七十七銀行	プライム（内国株式）	7050	銀行業	15	銀行	4	TOPIX Mid400	3373.0	3.08	104.0	3.08	104.0	3.08	配当あり	いいえ	13.7	1.09	7525.1	3436.0	1604.0	Financial Services			OK	通常掲載可	OK	184831.0		17.71	6.63	0.81	-456566.0	246.23	42.24	8.53	5
8343	秋田銀行	プライム（内国株式）	7050	銀行業	15	銀行	7	TOPIX Small 2	6760.0	2.96	200.0	2.96	200.0	2.96	配当あり	いいえ	15.8	0.67	1203.1	7050.0	2961.0	Financial Services			OK	通常掲載可	OK	50605.0		7.51	4.99	0.8	-64514.0	427.91	46.74	4.59	2
8344	山形銀行	プライム（内国株式）	7050	銀行業	15	銀行	7	TOPIX Small 2	3600.0	2.72	98.0	2.78	98.0	2.72	配当あり	いいえ	17.31	0.75	1116.5	3660.0	1466.0	Financial Services			OK	通常掲載可	OK	51588.0		13.88	4.59	1.07	18107.0	207.98	47.12	4.56	1
8345	岩手銀行	プライム（内国株式）	7050	銀行業	15	銀行	7	TOPIX Small 2	2076.0	2.79	58.0	2.79	58.0	2.79	配当あり	いいえ	15.87	0.74	1433.1	2142.0	751.25	Financial Services			OK	通常掲載可	OK	65506.0		53.9	4.98	1.12	21156.0	130.79	44.35	4.7	2
8346	東邦銀行	プライム（内国株式）	7050	銀行業	15	銀行	6	TOPIX Small 1	779.0	2.7	21.0	2.7	21.0	2.7	配当あり	いいえ	15.7	0.89	1946.6	809.0	319.0	Financial Services			OK	通常掲載可	OK	69452.0		16.5	3.23	1.12	-94035.0	49.62	42.32	5.95	2
8349	東北銀行	スタンダード（内国株式）	7050	銀行業	15	銀行	-	-	1410.0	3.55	50.0	3.55	50.0	3.55	配当あり	いいえ	13.5	0.4	133.4	1703.0	1083.0	Financial Services			OK	通常掲載可	OK	15020.0		10.34	3.27	0.03	4661.0	104.48	47.86	4.92	0
8354	ふくおかフィナンシャルグループ	プライム（内国株式）	7050	銀行業	15	銀行	4	TOPIX Mid400	6915.0	3.04	210.0	3.07	210.0	3.04	配当あり	いいえ	15.13	1.21	13066.8	7334.0	3827.0	Financial Services			OK	通常掲載可	OK	408872.0		38.07	3.21	6.87	-261501.0	457.08	45.94	8.52	5
8358	スルガ銀行	プライム（内国株式）	7050	銀行業	15	銀行	6	TOPIX Small 1	2477.0	2.42	60.0	2.42	60.0	2.42	配当あり	いいえ	12.26	1.31	4214.4	2486.0	1303.0	Financial Services			OK	通常掲載可	OK	68224.0		2.31	9.12		-151138.0	202.12	29.69	11.21	4
8359	八十二長野銀行	プライム（内国株式）	7050	銀行業	15	銀行	4	TOPIX Mid400	2412.5	2.69	65.0	2.72	65.0	2.69	配当あり	いいえ	17.09	0.95	11004.4	2470.5	1174.5	Financial Services			OK	通常掲載可	OK	242887.0		20.56	8.5	1.75	-440464.0	141.16	46.05	6.09	2
8360	山梨中央銀行	プライム（内国株式）	7050	銀行業	15	銀行	6	TOPIX Small 1	6220.0	2.62	163.0	2.64	163.0	2.62	配当あり	いいえ	18.98	0.82	1908.6	6380.0	2494.0	Financial Services			OK	通常掲載可	OK	72558.0		32.62	5.09	1.88	-223540.0	327.79	49.73	4.48	4
8361	大垣共立銀行	プライム（内国株式）	7050	銀行業	15	銀行	6	TOPIX Small 1	7380.0	0.41	30.0	0.41	30.0	0.41	配当あり	いいえ	15.6	0.83	3031.9	8120.0	2483.0	Financial Services			OK	通常掲載可	OK	149949.0		31.55	5.41	0.58	7325.0	473.06	6.34	5.68	1
8362	福井銀行	プライム（内国株式）	7050	銀行業	15	銀行	7	TOPIX Small 2	5760.0	2.6	150.0	2.6	150.0	2.6	配当あり	いいえ	15.15	0.89	1362.6	6140.0	1745.0	Financial Services			OK	通常掲載可	OK	65341.0		16.43	3.54	2.46	-51749.0	380.16	39.46	5.95	1
8364	清水銀行	プライム（内国株式）	7050	銀行業	15	銀行	7	TOPIX Small 2	2359.0	2.54	60.0	2.54	60.0	2.54	配当あり	いいえ	13.31	0.34	267.0	2945.0	1395.0	Financial Services			OK	通常掲載可	OK	22877.0		7.98	4.37	0.97	-11351.0	177.24	33.85	2.68	1
8365	富山銀行	スタンダード（内国株式）	7050	銀行業	15	銀行	-	-	2209.0	2.49	55.0	2.49	55.0	2.49	配当あり	いいえ	10.8	0.38	117.9	2656.0	1500.0	Financial Services			OK	通常掲載可	OK	12182.0		36.13	5.53	0.35	8855.0	204.55	26.89	3.45	0
8366	滋賀銀行	プライム（内国株式）	7050	銀行業	15	銀行	6	TOPIX Small 1	2672.0	1.87	50.0	1.87	50.0	1.87	配当あり	いいえ	28.25	1.21	6142.4	2693.0	1152.0	Financial Services			OK	通常掲載可	OK	122382.0		18.46	6.64	1.7	-4326.0	94.59	52.86	4.47	1
8367	南都銀行	プライム（内国株式）	7050	銀行業	15	銀行	6	TOPIX Small 1	1791.0	3.13	56.0	3.13	56.0	3.13	配当あり	いいえ	16.23	0.94	2813.0	1849.0	824.0	Financial Services			OK	通常掲載可	OK	82487.0		8.04	4.49	0.95	-443244.0	110.33	50.76	5.91	4
8368	百五銀行	プライム（内国株式）	7050	銀行業	15	銀行	6	TOPIX Small 1	1989.0	2.11	42.0	2.12	42.0	2.11	配当あり	いいえ	17.95	0.93	4803.1	2095.0	692.0	Financial Services			OK	通常掲載可	OK	132588.0		28.07	6.77	0.91	24112.0	110.79	37.91	5.64	8
8370	紀陽銀行	プライム（内国株式）	7050	銀行業	15	銀行	6	TOPIX Small 1	4460.0	2.33	104.0	2.33	104.0	2.33	配当あり	いいえ	13.05	1.16	2872.8	4670.0	2513.0	Financial Services			OK	通常掲載可	OK	92668.0		15.46	4.05	2.94	-12059.0	341.64	30.44	9.02	2
8377	ほくほくフィナンシャルグループ	プライム（内国株式）	7050	銀行業	15	銀行	4	TOPIX Mid400	6847.0	2.19	150.0	2.19	150.0	2.19	配当あり	いいえ	13.81	1.13	8220.2	6978.0	2717.0	Financial Services			OK	通常掲載可	OK	207938.0		23.27	4.29	1.59	64851.0	495.72	30.26	8.51	3
8381	山陰合同銀行	プライム（内国株式）	7050	銀行業	15	銀行	6	TOPIX Small 1	2280.0	2.98	68.0	2.98	68.0	2.98	配当あり	いいえ	15.2	1.07	3422.4	2323.0	1181.0	Financial Services			OK	通常掲載可	OK	122456.0		7.47	3.55	4.68	126966.0	150.02	45.33	7.17	2
8383	鳥取銀行	スタンダード（内国株式）	7050	銀行業	15	銀行	-	-	1593.0	3.14	50.0	3.14	50.0	3.14	配当あり	いいえ	9.42	0.29	149.1	2042.0	1252.0	Financial Services			OK	通常掲載可	OK	14481.0		4.36	4.48	0.47	-5061.0	169.18	29.55	3.2	0
8386	百十四銀行	プライム（内国株式）	7050	銀行業	15	銀行	6	TOPIX Small 1	2612.0	2.68	70.0	2.68	70.0	2.68	配当あり	いいえ	15.38	0.77	2953.9	2637.0	1036.25	Financial Services			OK	通常掲載可	OK	87201.0		21.88	6.58	1.23	-144995.0	169.78	41.23	5.29	2
8387	四国銀行	プライム（内国株式）	7050	銀行業	15	銀行	7	TOPIX Small 2	3075.0	2.8	86.0	2.86	86.0	2.8	配当あり	いいえ	7.19	0.67	1287.9	3100.0	1109.0	Financial Services			OK	通常掲載可	OK	58280.0		23.78	5.44	1.2	-29126.0	427.43	20.12	9.94	2
8388	阿波銀行	プライム（内国株式）	7050	銀行業	15	銀行	6	TOPIX Small 1	7280.0	2.47	180.0	2.47	180.0	2.47	配当あり	いいえ	18.25	0.71	2830.2	7420.0	2870.0	Financial Services			OK	通常掲載可	OK	82838.0		17.55	9.58	0.56	10464.0	398.94	45.12	4.23	4
8392	大分銀行	プライム（内国株式）	7050	銀行業	15	銀行	7	TOPIX Small 2	2452.0	2.04	50.0	2.04	50.0	2.04	配当あり	いいえ	17.36	0.76	1851.8	2513.0	782.0	Financial Services			OK	通常掲載可	OK	83387.0		19.99	5.46	1.34	-220725.0	141.24	35.4	4.66	3
8393	宮崎銀行	プライム（内国株式）	7050	銀行業	15	銀行	7	TOPIX Small 2	2105.0	2.66	56.0	2.66	56.0	2.66	配当あり	いいえ	12.76	0.79	1766.4	2213.0	720.0	Financial Services			OK	通常掲載可	OK	63740.0		10.14	5.45	1.24	-111997.0	165.03	33.93	6.84	2
8395	佐賀銀行	プライム（内国株式）	7050	銀行業	15	銀行	7	TOPIX Small 2	5270.0	2.09	110.0	2.09	110.0	2.09	配当あり	いいえ	10.44	0.7	890.7	5710.0	2272.0	Financial Services			OK	通常掲載可	OK	60297.0		25.85	3.93	0.1	-79875.0	504.87	21.79	7.07	2
8399	琉球銀行	プライム（内国株式）	7050	銀行業	15	銀行	6	TOPIX Small 1	2595.0	3.78	98.0	3.78	98.0	3.78	配当あり	いいえ	11.78	0.73	1064.1	2664.0	1134.0	Financial Services			OK	通常掲載可	OK	67357.0		10.96	4.68	0.11	13136.0	220.32	44.48	6.37	4
8410	セブン銀行	プライム（内国株式）	7050	銀行業	15	銀行	4	TOPIX Mid400	279.8	3.93	11.0	3.93	11.0	3.93	配当あり	いいえ	23.2	1.17	3268.0	316.6	261.1	Financial Services			OK	通常掲載可	OK	161527.0		3.11	18.15	0.4	57656.0	12.06	91.21	4.76	0
8411	みずほフィナンシャルグループ	プライム（内国株式）	7050	銀行業	15	銀行	1	TOPIX Core30	7814.0	1.92	150.0	1.92	150.0	1.92	配当あり	いいえ	15.38	1.68	190383.3	8304.0	3907.0	Financial Services			OK	通常掲載可	OK	4316919.0		13.33	3.74	2.31	-5157484.0	507.91	29.53	11.44	5
8416	高知銀行	スタンダード（内国株式）	7050	銀行業	15	銀行	-	-	1241.0	2.01	25.0	2.01	25.0	2.01	配当あり	いいえ	34.81	0.27	125.8	1483.0	747.0	Financial Services			OK	通常掲載可	OK	23967.0		12.63	3.97	1.64	21581.0	35.65	70.13	1.36	0
8418	山口フィナンシャルグループ	プライム（内国株式）	7050	銀行業	15	銀行	4	TOPIX Mid400	2895.0	3.32	96.0	3.32	96.0	3.32	配当あり	いいえ	18.15	0.89	5895.5	3024.0	1529.0	Financial Services			OK	通常掲載可	OK	207023.0		23.08	5.07	1.45	-256330.0	159.51	60.18	5.14	8
8424	芙蓉総合リース	プライム（内国株式）	7200	その他金融業	16	金融（除く銀行）	4	TOPIX Mid400	4163.0	4.13	172.0	4.13	172.0	4.13	配当あり	いいえ	17.43	0.75	3755.1	4664.0	3806.0	Industrials			OK	通常掲載可	OK	788669.0	5.14	16.26	13.09	5.94	-164915.0	238.85	72.01	4.52	0
8425	みずほリース	プライム（内国株式）	7200	その他金融業	16	金融（除く銀行）	6	TOPIX Small 1	1240.0	4.19	52.0	4.19	52.0	4.19	配当あり	いいえ	7.4	0.81	3474.3	1544.0	1055.0	Financial Services			OK	通常掲載可	OK	921592.0	4.85	32.52	10.25	7.95	-18413.0	167.65	31.02	11.42	13
8439	東京センチュリー	プライム（内国株式）	7200	その他金融業	16	金融（除く銀行）	4	TOPIX Mid400	2466.5	3.65	90.0	3.65	90.0	3.65	配当あり	いいえ	10.98	1.07	12055.3	2546.5	1615.5	Industrials			OK	通常掲載可	OK	1457670.0	10.17	6.51	15.56	4.59	-76934.0	224.7	40.05	9.73	16
8473	ＳＢＩホールディングス	プライム（内国株式）	7100	証券、商品先物取引業	16	金融（除く銀行）	4	TOPIX Mid400	2662.5	3.57	95.0	3.57	95.0	3.57	配当あり	いいえ	4.22	0.96	17210.2	3866.0	2414.0	Financial Services			OK	通常掲載可	OK	1896607.0	25.18	31.37	4.69	3.91	1652655.0	630.21	15.07	20.61	2
8508	Ｊトラスト	スタンダード（内国株式）	7200	その他金融業	16	金融（除く銀行）	-	-	813.0	2.09	17.0	2.09	17.0	2.09	配当あり	いいえ	11.29	0.86	1074.6	852.0	394.0	Financial Services			OK	通常掲載可	OK	124265.0	8.77	-2.46	12.27	0.5	5295.0	72.03	23.6	-6.19	1
8511	日本証券金融	プライム（内国株式）	7200	その他金融業	16	金融（除く銀行）	6	TOPIX Small 1	2346.0	4.01	94.0	4.01	94.0	4.01	配当あり	いいえ	18.02	1.38	1899.6	2408.0	1708.0	Financial Services			OK	通常掲載可	OK	24456.0		10.4	0.89	26.33	134753.0	130.2	72.2	7.81	5
8518	日本アジア投資	スタンダード（内国株式）	7100	証券、商品先物取引業	16	金融（除く銀行）	-	-	128.0						配当未取得			0.44	33.2	315.0	115.0	Financial Services	配当未取得	1株配当が取得できていない	除外推奨	掲載非推奨	OK_配当データ要確認	3092.0	9.02	26.51	44.21	1.09	1427.0	-2.07		-1.24	
8522	名古屋銀行	プライム（内国株式）	7050	銀行業	15	銀行	6	TOPIX Small 1	6100.0	3.28	200.0	3.28	200.0	3.28	配当あり	いいえ	14.43	0.96	3001.0	6450.0	2626.67	Financial Services			OK	通常掲載可	OK	99961.0		12.1	5.0	1.21	136401.0	422.73	47.31	6.87	2
8524	北洋銀行	プライム（内国株式）	7050	銀行業	15	銀行	6	TOPIX Small 1	1109.0	2.89	32.0	2.89	32.0	2.89	配当あり	いいえ	16.37	1.07	4149.0	1133.0	574.0	Financial Services			OK	通常掲載可	OK	197028.0		51.71	2.92	1.7	-385973.0	67.76	47.23	6.61	2
8537	大光銀行	スタンダード（内国株式）	7050	銀行業	15	銀行	-	-	2783.0	3.81	106.0	3.81	106.0	3.81	配当あり	いいえ	9.36	0.33	265.2	3030.0	1421.0	Financial Services			OK	通常掲載可	OK	23561.0		25.33	4.75	0.98	3251.0	297.22	35.66	3.6	2
8541	愛媛銀行	プライム（内国株式）	7050	銀行業	15	銀行	7	TOPIX Small 2	2114.0	2.27	48.0	2.27	48.0	2.27	配当あり	いいえ	11.57	0.57	826.1	2170.0	992.0	Financial Services			OK	通常掲載可	OK	45954.0		4.82	4.68	0.46	92649.0	182.65	26.28	5.17	0
8542	トマト銀行	スタンダード（内国株式）	7050	銀行業	15	銀行	-	-	1505.0	3.32	50.0	3.32	50.0	3.32	配当あり	いいえ	14.92	0.3	173.7	1876.0	1194.0	Financial Services			OK	通常掲載可	OK	21416.0		-3.57	4.14	0.7	8939.0	100.84	49.58	3.48	0
8544	京葉銀行	プライム（内国株式）	7050	銀行業	15	銀行	6	TOPIX Small 1	2542.0	2.6	66.0	2.6	66.0	2.6	配当あり	いいえ	19.29	0.94	3029.6	2608.0	1008.0	Financial Services			OK	通常掲載可	OK	89521.0		26.87	4.87	1.22	-116331.0	131.78	50.08	5.01	5
8550	栃木銀行	プライム（内国株式）	7050	銀行業	15	銀行	7	TOPIX Small 2	950.0	3.16	30.0	3.16	30.0	3.16	配当あり	いいえ	11.63	0.61	989.3	1082.0	395.0	Financial Services			OK	通常掲載可	OK	42414.0		11.94	4.77	0.28	-179055.0	81.7	36.72	5.29	2
8551	北日本銀行	プライム（内国株式）	7050	銀行業	15	銀行	7	TOPIX Small 2	5470.0	3.51	192.0	3.51	192.0	3.51	配当あり	いいえ	10.22	0.47	448.1	5570.0	2903.0	Financial Services			OK	通常掲載可	OK	25045.0		9.67	6.08	0.02	17835.0	534.97	35.89	4.81	2
8558	東和銀行	プライム（内国株式）	7050	銀行業	15	銀行	7	TOPIX Small 2	1493.0	6.7	100.0	6.7	100.0	6.7	配当あり	いいえ		0.59	529.1	1560.0	691.0	Financial Services			OK	通常掲載可	OK	33779.0		13.54	3.72	1.56	-954.0	-687.23		-26.94	0
8562	福島銀行	スタンダード（内国株式）	7050	銀行業	15	銀行	-	-	339.0	1.47	5.0	1.47	5.0	1.47	配当あり	いいえ	16.1	0.5	118.2	449.0	216.0	Financial Services			OK	通常掲載可	OK	11963.0		2.99	3.0	0.06	-23354.0	21.05	23.75	3.09	0
8563	大東銀行	スタンダード（内国株式）	7050	銀行業	15	銀行	-	-	953.0	4.2	40.0	4.2	40.0	4.2	配当あり	いいえ	7.18	0.41	120.8	1204.0	705.0	Financial Services			OK	通常掲載可	OK	11138.0		-5.75	3.74	0.14	-31493.0	132.66	30.15	5.39	1
8566	リコーリース	プライム（内国株式）	7200	その他金融業	16	金融（除く銀行）	6	TOPIX Small 1	6070.0	3.06	186.0	3.04	186.0	3.06	配当あり	いいえ	14.71	0.77	1871.0	6410.0	5120.0	Financial Services			OK	通常掲載可	OK	338579.0	6.09	8.46	16.49	4.53	-51725.0	412.76	45.06	5.39	1
8570	イオンフィナンシャルサービス	プライム（内国株式）	7200	その他金融業	16	金融（除く銀行）	4	TOPIX Mid400	1470.5	3.6	53.0	3.62	53.0	3.6	配当あり	いいえ	15.01	0.67	3174.6	1860.0	1284.5	Financial Services			OK	通常掲載可	OK	471306.0		4.33	5.74	2.95	266769.0	97.94	54.11	6.05	0
8572	アコム	スタンダード（内国株式）	7200	その他金融業	16	金融（除く銀行）	4	TOPIX Mid400	455.7	4.83	22.0	4.83	22.0	4.83	配当あり	いいえ	8.93	0.99	7139.1	539.9	416.1	Financial Services			OK	通常掲載可	OK	317739.0	18.43	7.81	43.97	1.05	-6617.0	51.04	43.1	11.38	7
8584	ジャックス	プライム（内国株式）	7200	その他金融業	16	金融（除く銀行）	6	TOPIX Small 1	3560.0	5.62	200.0	5.62	200.0	5.62	配当あり	いいえ	9.29	0.54	1594.1	4465.0	3330.0	Financial Services			OK	通常掲載可	OK	192313.0	10.61	0.7	7.91	9.68	12099.0	383.41	52.16	4.98	0
8585	オリエントコーポレーション	プライム（内国株式）	7200	その他金融業	16	金融（除く銀行）	6	TOPIX Small 1	867.0	4.61	40.0	4.61	40.0	4.61	配当あり	いいえ	11.27	0.59	1484.2	1173.0	815.0	Financial Services			OK	通常掲載可	OK	247630.0	5.83	0.96	8.81	8.28	4950.0	76.9	52.02	4.86	0
8591	オリックス	プライム（内国株式）	7200	その他金融業	16	金融（除く銀行）	2	TOPIX Large70	6199.0	2.52	156.1	2.52	156.1	2.52	配当あり	いいえ	15.51	1.52	67996.2	6566.0	3226.0	Financial Services			OK	通常掲載可	OK	2168961.0		18.57	24.9	1.46	37132.0	399.69	39.06	10.42	2
8593	三菱ＨＣキャピタル	プライム（内国株式）	7200	その他金融業	16	金融（除く銀行）	4	TOPIX Mid400	1308.0	3.98	52.0	3.98	52.0	3.98	配当あり	いいえ	11.65	0.94	18781.9	1541.5	1064.5	Financial Services			OK	通常掲載可	OK	2215384.0	10.85	5.96	15.21	4.64	-367537.0	112.23	46.33	8.54	5
8595	ジャフコ　グループ	プライム（内国株式）	7100	証券、商品先物取引業	16	金融（除く銀行）	4	TOPIX Mid400	2372.5	5.61	133.0	5.61	133.0	5.61	配当あり	いいえ	19.16	0.91	1248.4	2665.0	2124.5	Financial Services			OK	通常掲載可	OK	21619.0	25.94	-23.31	84.96	0.11	5564.0	123.84	107.4	4.63	1
8596	九州リースサービス	スタンダード（内国株式）	7200	その他金融業	16	金融（除く銀行）	-	-	1458.0	4.25	62.0	4.24	62.0	4.25	配当あり	いいえ	8.4	0.73	329.8	1535.0	1177.0	Industrials			OK	通常掲載可	OK	35835.0	16.99	-8.9	20.65	3.39	-7829.0	173.5	35.73	8.97	4
8600	トモニホールディングス	プライム（内国株式）	7050	銀行業	15	銀行	6	TOPIX Small 1	887.0	3.38	30.0	3.42	30.0	3.38	配当あり	いいえ	10.63	0.58	1703.7	992.0	544.0	Financial Services			OK	通常掲載可	OK	85940.0		0.05	5.67	0.48	13698.0	83.47	35.94	5.6	5
8601	大和証券グループ本社	プライム（内国株式）	7100	証券、商品先物取引業	16	金融（除く銀行）	4	TOPIX Mid400	1631.5	4.29	70.0	4.39	70.0	4.29	配当あり	いいえ	12.85	1.28	22622.4	1686.5	991.3	Financial Services			OK	通常掲載可	OK	886850.0		13.69	4.65	3.26	327222.0	126.93	55.15	9.59	3
8604	野村ホールディングス	プライム（内国株式）	7100	証券、商品先物取引業	16	金融（除く銀行）	2	TOPIX Large70	1439.5	3.54	51.0	3.54	51.0	3.54	配当あり	いいえ	12.09	1.13	42076.2	1506.5	911.0	Financial Services			OK	通常掲載可	OK	1841954.0		10.8	5.92	4.81	-1196778.0	119.05	42.84	10.07	3
8609	岡三証券グループ	プライム（内国株式）	7100	証券、商品先物取引業	16	金融（除く銀行）	6	TOPIX Small 1	978.0	4.09	40.0	4.09	40.0	4.09	配当あり	いいえ	9.01	0.85	1957.9	997.0	634.0	Financial Services			OK	通常掲載可	OK	100277.0		19.33	16.49	2.34	59309.0	108.56	36.85	9.73	0
8613	丸三証券	プライム（内国株式）	7100	証券、商品先物取引業	16	金融（除く銀行）	6	TOPIX Small 1	1079.0	4.26	46.0	4.26	46.0	4.26	配当あり	いいえ	14.23	1.39	715.5	1120.0	880.0	Financial Services			OK	通常掲載可	OK	21723.0	24.76	15.25	58.14	0.03	8056.0	75.85	60.65	9.98	0
8614	東洋証券	プライム（内国株式）	7100	証券、商品先物取引業	16	金融（除く銀行）	7	TOPIX Small 2	622.0	8.04	50.0	8.04	50.0	8.04	配当あり	いいえ	10.59	1.38	422.4	802.0	486.0	Financial Services	高利回り要確認	配当利回りが8%以上	要確認	手動確認後に掲載	OK_高利回り要確認	13574.0	20.73	20.25	42.58	0.48	-906.0	58.72	85.15	12.96	2
8616	東海東京フィナンシャル・ホールディングス	プライム（内国株式）	7100	証券、商品先物取引業	16	金融（除く銀行）	6	TOPIX Small 1	763.0	5.24	40.0	5.24	40.0	5.24	配当あり	いいえ	11.51	0.99	1935.7	832.0	490.0	Financial Services			OK	通常掲載可	OK	97715.0	15.17	13.19	12.83	3.73	1095.0	66.3	60.33	9.0	2
8617	光世証券	スタンダード（内国株式）	7100	証券、商品先物取引業	16	金融（除く銀行）	-	-	547.0	1.83	10.0	1.83	10.0	1.83	配当あり	いいえ	24.57	0.32	51.6	603.0	420.0	Financial Services			OK	通常掲載可	OK	1110.0	4.32	99.64	72.81	0.02	-237.0	22.26	44.92	1.31	0
8622	水戸証券	プライム（内国株式）	7100	証券、商品先物取引業	16	金融（除く銀行）	7	TOPIX Small 2	663.0	7.54	50.0	7.61	50.0	7.54	配当あり	いいえ	12.8	0.93	399.4	775.0	501.0	Financial Services			OK	通常掲載可	OK	16070.0	19.6	14.95	58.47	0.09	3438.0	51.78	96.56	7.47	1
8624	いちよし証券	プライム（内国株式）	7100	証券、商品先物取引業	16	金融（除く銀行）	7	TOPIX Small 2	1410.0	4.89	69.0	4.89	69.0	4.89	配当あり	いいえ	10.27	1.46	453.5	1572.0	725.0	Financial Services			OK	通常掲載可	OK	24577.0	25.07	30.72	56.25	0.01	3529.0	137.33	50.24	15.02	1
8628	松井証券	プライム（内国株式）	7100	証券、商品先物取引業	16	金融（除く銀行）	6	TOPIX Small 1	961.0	5.2	50.0	5.2	50.0	5.2	配当あり	いいえ	16.02	2.74	2475.5	1007.0	689.0	Financial Services			OK	通常掲載可	OK	49144.0		32.25	6.08	4.43	-563.0	59.97	83.38	17.1	2
8630	ＳＯＭＰＯホールディングス	プライム（内国株式）	7150	保険業	16	金融（除く銀行）	2	TOPIX Large70	6250.0	3.2	200.0	3.2	200.0	3.2	配当あり	いいえ	24.88	1.08	55765.1	6539.0	4128.0	Financial Services			OK	通常掲載可	OK	5253145.0		-10.35	27.78	0.14	646453.0	251.25	79.6	13.51	9
8697	日本取引所グループ	プライム（内国株式）	7200	その他金融業	16	金融（除く銀行）	2	TOPIX Large70	2068.5	2.95	61.0	2.95	61.0	2.95	配当あり	いいえ	34.84	6.16	21262.7	2267.0	1440.0	Financial Services			OK	通常掲載可	OK	164172.0	54.26	-17.52	0.48	0.15	99277.0	59.37	102.75	22.97	2
8698	マネックスグループ	プライム（内国株式）	7100	証券、商品先物取引業	16	金融（除く銀行）	6	TOPIX Small 1	660.0	4.67	30.8	4.67	30.8	4.67	配当あり	いいえ	14.37	1.31	1659.0	905.0	609.0	Financial Services			OK	通常掲載可	OK	89824.0	26.04	15.71	16.93	0.89	12832.0	45.94	67.04	8.31	6
8699	ＨＳホールディングス	スタンダード（内国株式）	7100	証券、商品先物取引業	16	金融（除く銀行）	-	-	1164.0	0.86	10.0	0.86	10.0	0.86	配当あり	いいえ	2.38	0.35	350.3	1339.0	968.0	Financial Services			OK	通常掲載可	OK	58234.0		57.44	75.83	0.02	1612.0	488.1	2.05	15.73	0
8700	丸八証券	スタンダード（内国株式）	7100	証券、商品先物取引業	16	金融（除く銀行）	-	-	1760.0	5.68	100.0	5.68	100.0	5.68	配当あり	いいえ	10.21	0.86	70.2	1899.0	1551.0	Financial Services			OK	通常掲載可	OK	3576.3	20.68	16.04	65.95	0.05	1056.1	172.3	58.04	8.66	0
8704	トレイダーズホールディングス	スタンダード（内国株式）	7100	証券、商品先物取引業	16	金融（除く銀行）	-	-	1208.0	3.81	46.0	3.81	46.0	3.81	配当あり	いいえ	7.69	1.6	318.7	1243.0	834.0	Financial Services			OK	通常掲載可	OK	13216.0	46.64	-1.58	11.99	0.06	-1235.0	157.18	29.27	22.76	4
8705	日産証券グループ	スタンダード（内国株式）	7100	証券、商品先物取引業	16	金融（除く銀行）	-	-	227.0	10.57	24.0	10.57	24.0	10.57	配当あり	いいえ	12.0	0.88	111.6	313.0	162.0	Financial Services	高利回り要確認	1株配当が株価の10%以上 / 配当利回りが8%以上	要確認	手動確認後に掲載	OK_高利回り要確認	8631.1	17.0	17.06	4.65	0.46	4967.0	18.91	126.92	-1.54	0
8706	極東証券	プライム（内国株式）	7100	証券、商品先物取引業	16	金融（除く銀行）	6	TOPIX Small 1	1566.0	7.02	110.0	7.06	110.0	7.02	配当あり	いいえ	10.41	0.94	493.3	1902.0	1410.0	Financial Services			OK	通常掲載可	OK	12084.0		1.8	65.15	0.26	-2362.0	150.44	73.12	9.2	0
8707	岩井コスモホールディングス	プライム（内国株式）	7100	証券、商品先物取引業	16	金融（除く銀行）	6	TOPIX Small 1	4035.0	5.58	225.0	5.58	225.0	5.58	配当あり	いいえ	8.96	1.28	947.8	4105.0	2202.0	Financial Services			OK	通常掲載可	OK	32257.0	40.34	25.28	34.88	0.39	2254.0	450.31	49.97	14.71	2
8708	アイザワ証券グループ	プライム（内国株式）	7100	証券、商品先物取引業	16	金融（除く銀行）	7	TOPIX Small 2	1527.0	4.45	68.0	4.45	68.0	4.45	配当あり	いいえ	17.27	1.0	476.0	1646.0	1250.0	Financial Services			OK	通常掲載可	OK	20972.0	0.14	1.88	38.19	0.57	4278.0	88.41	76.91	5.35	2
8713	フィデアホールディングス	プライム（内国株式）	7050	銀行業	15	銀行	7	TOPIX Small 2	1967.0	3.81	75.0	3.81	75.0	3.81	配当あり	いいえ	8.6	0.41	354.2	2296.0	1435.0	Financial Services			OK	通常掲載可	OK	46403.0		0.62	2.94	1.21	-43024.0	228.74	32.79	5.08	0
8714	池田泉州ホールディングス	プライム（内国株式）	7050	銀行業	15	銀行	6	TOPIX Small 1	985.0	2.79	27.5	2.79	27.5	2.79	配当あり	いいえ	15.75	1.09	2742.7	1071.0	569.0	Financial Services			OK	通常掲載可	OK	94315.0		18.87	3.8	1.56	21623.0	62.55	43.96	7.02	2
8715	アニコム　ホールディングス	プライム（内国株式）	7150	保険業	16	金融（除く銀行）	6	TOPIX Small 1	1215.0	1.11	13.5	1.1	13.5	1.11	配当あり	いいえ	41.16	3.09	894.7	1710.0	667.0	Financial Services			OK	通常掲載可	OK	73818.0		9.49	37.74	0.17	-591.0	29.52	45.73	7.73	4
8725	ＭＳ＆ＡＤインシュアランスグループホールディングス	プライム（内国株式）	7150	保険業	16	金融（除く銀行）	2	TOPIX Large70	4281.0	3.27	140.0	3.27	140.0	3.27	配当あり	いいえ	7.81	1.3	62076.7	4742.0	3069.0	Financial Services			OK	通常掲載可	OK	77466.0		27.3	16.65	0.21	671722.0	547.97	25.55	17.84	7
8729	ソニーフィナンシャルグループ	プライム（内国株式）	7150	保険業	16	金融（除く銀行）	1	TOPIX Core30	144.0	5.56	8.0	5.6	8.0	5.56	配当あり	いいえ	18.46	1.54	9660.2	210.0	129.3	Financial Services			OK	通常掲載可	OK	2499115.0		3.49	2.64	2.43	416798.0	7.8	102.56	8.54	
8737	あかつき本社	スタンダード（内国株式）	7100	証券、商品先物取引業	16	金融（除く銀行）	-	-	596.0	5.03	30.0	5.03	30.0	5.03	配当あり	いいえ	4.45	0.86	180.4	770.0	494.0	Financial Services			OK	通常掲載可	OK	68718.3	9.3	20.71	20.24	2.14	-4497.2	133.86	22.41	20.84	3
8739	スパークス・グループ	プライム（内国株式）	7100	証券、商品先物取引業	16	金融（除く銀行）	7	TOPIX Small 2	2242.0	4.19	94.0	4.19	94.0	4.19	配当あり	いいえ	13.88	2.26	886.0	2249.0	1418.0	Financial Services			OK	通常掲載可	OK	19577.0	46.1	9.0	68.06	0.26	5697.0	161.48	58.21	17.56	2
8742	小林洋行	スタンダード（内国株式）	7100	証券、商品先物取引業	16	金融（除く銀行）	-	-	550.0	1.09	6.0	1.09	6.0	1.09	配当あり	いいえ	23.47	0.65	64.7	595.0	290.0	Financial Services			OK	通常掲載可	OK	5047.6	3.61	7.85	41.92	0.0	403.1	23.43	25.61	2.82	0
8746	ｕｎｂａｎｋｅｄ	スタンダード（内国株式）	7100	証券、商品先物取引業	16	金融（除く銀行）	-	-	107.0						配当未取得			0.51	19.5	721.0	98.0	Financial Services	配当未取得	1株配当が取得できていない	除外推奨	掲載非推奨	OK_配当データ要確認	9489.7	1.97	78.7	74.85		-106.3	-339.01		-1.01	0
8747	豊トラスティ証券	スタンダード（内国株式）	7100	証券、商品先物取引業	16	金融（除く銀行）	-	-	2128.0	19.74	420.0	19.74	420.0	19.74	配当あり	いいえ	2.73	0.67	121.1	3445.0	1490.0	Financial Services	異常値疑い / 配当異常値疑い	1株配当が株価の15%以上 / 配当利回りが15%以上	要確認	手動確認後に掲載	OK_異常値疑い	12991.6	48.37	69.56	6.35	0.04	2929.6	779.06	53.91	7.58	2
8750	第一ライフグループ	プライム（内国株式）	7150	保険業	16	金融（除く銀行）	2	TOPIX Large70	1791.0	4.02	72.0	4.05	72.0	4.02	配当あり	いいえ	14.66	1.52	64493.0	1860.0	1052.0	Financial Services			OK	通常掲載可	OK	10517702.0		15.58	5.74	0.32	672372.0	122.15	58.94	11.06	0
8766	東京海上ホールディングス	プライム（内国株式）	7150	保険業	16	金融（除く銀行）	1	TOPIX Core30	7112.0	3.44	245.0	3.44	245.0	3.44	配当あり	いいえ	25.45	2.46	135959.6	8038.0	5300.0	Financial Services			OK	通常掲載可	OK	7584167.0		7.12	16.25	0.04	1318932.0	279.5	87.66	18.7	4
8769	アドバンテッジリスクマネジメント	スタンダード（内国株式）	9050	サービス業	10	情報通信・サービスその他	-	-	497.0	3.82	19.0	3.82	19.0	3.82	配当あり	いいえ	11.22	1.78	78.0	693.0	451.0	Healthcare			OK	通常掲載可	OK	9923.8	10.05	16.01	51.04	0.34	1203.3	44.28	42.91	16.46	2
8771	イー・ギャランティ	プライム（内国株式）	7200	その他金融業	16	金融（除く銀行）	6	TOPIX Small 1	1744.0	4.82	84.0	4.88	84.0	4.82	配当あり	いいえ	22.32	3.8	774.6	1879.0	1448.0	Financial Services			OK	通常掲載可	OK	11029.5	47.16	7.88	69.32		3852.9	78.13	107.51	15.04	4
8772	アサックス	スタンダード（内国株式）	7200	その他金融業	16	金融（除く銀行）	-	-	798.0	2.76	22.0	2.76	22.0	2.76	配当あり	いいえ	6.65	0.5	263.1	966.0	690.0	Financial Services			OK	通常掲載可	OK	8779.4	66.29	16.75	40.55	1.41	-6610.2	119.94	18.34	7.75	0
8783	ａｂｃ	スタンダード（内国株式）	7200	その他金融業	16	金融（除く銀行）	-	-	91.0						配当未取得			0.35	36.5	630.0	83.0	Financial Services	配当未取得	1株配当が取得できていない	除外推奨	掲載非推奨	OK_配当データ要確認	3311.8	-79.02	-20.67	35.43	0.93	-2573.9	-337.58			
8789	フィンテック　グローバル	スタンダード（内国株式）	7200	その他金融業	16	金融（除く銀行）	-	-	125.0	4.0	5.0	4.0	5.0	4.0	配当あり	いいえ	5.97	1.75	240.7	165.0	101.0	Financial Services			OK	通常掲載可	OK	14432.8	23.6	4.53	40.63	1.07	-664.7	20.94	23.88	31.66	1
8793	ＮＥＣキャピタルソリューション	プライム（内国株式）	7200	その他金融業	16	金融（除く銀行）	7	TOPIX Small 2	3970.0	3.78	150.0	3.78	150.0	3.78	配当あり	いいえ	9.32	0.66	855.3	4385.0	3765.0	Industrials			OK	通常掲載可	OK	306155.0	3.47	20.12	9.71	8.37	-66070.0	426.0	35.21	5.01	5
8795	Ｔ＆Ｄホールディングス	プライム（内国株式）	7150	保険業	16	金融（除く銀行）	4	TOPIX Mid400	4815.0	3.41	164.0	3.41	164.0	3.41	配当あり	いいえ	17.21	1.43	23105.5	5053.0	3124.0	Financial Services			OK	通常掲載可	OK	2725570.0		16.57	9.31	0.14	136797.0	279.77	58.62	9.57	5
8798	アドバンスクリエイト	プライム（内国株式）	7150	保険業	16	金融（除く銀行）	7	TOPIX Small 2	123.0						配当未取得			8.39	45.4	420.0	112.0	Financial Services	配当未取得	1株配当が取得できていない	除外推奨	掲載非推奨	OK_配当データ要確認	6608.1	-9.18	-15.9	5.44	10.22	-4169.1	-59.32			0
8801	三井不動産	プライム（内国株式）	8050	不動産業	17	不動産	2	TOPIX Large70	1479.0	2.5	37.0	2.5	37.0	2.5	配当あり	いいえ	14.84	1.23	39804.1	2158.0	1309.5	Real Estate			OK	通常掲載可	OK	2625363.0	14.2	10.16	31.92	1.4	327772.0	99.68	37.12	8.17	4
8802	三菱地所	プライム（内国株式）	8050	不動産業	17	不動産	2	TOPIX Large70	3980.0	1.26	50.0	1.21	50.0	1.26	配当あり	いいえ	22.78	1.79	47961.4	5407.0	2643.0	Real Estate			OK	通常掲載可	OK	1746148.0	18.88	10.53	31.4	1.33	-18836.0	174.72	28.62	8.38	2
8803	平和不動産	プライム（内国株式）	8050	不動産業	17	不動産	6	TOPIX Small 1	2389.0	3.68	88.0	3.68	88.0	3.68	配当あり	いいえ	14.54	1.25	1578.4	2548.0	2161.0	Real Estate			OK	通常掲載可	OK	50855.0	29.72	20.87	28.05	2.09	-5990.0	164.36	53.54	9.02	10
8804	東京建物	プライム（内国株式）	8050	不動産業	17	不動産	4	TOPIX Mid400	3233.0	3.77	122.0	3.77	122.0	3.77	配当あり	いいえ	11.64	1.14	6712.3	4374.0	2416.5	Real Estate			OK	通常掲載可	OK	474586.0	20.18	2.34	26.01	2.27	32106.0	277.71	43.93	8.88	12
8818	京阪神ビルディング	プライム（内国株式）	8050	不動産業	17	不動産	7	TOPIX Small 2	1070.0	2.8	30.0	2.8	30.0	2.8	配当あり	いいえ	22.13	1.25	1020.8	1145.5	745.5	Real Estate			OK	通常掲載可	OK	20255.0	27.87	3.43	43.85	1.05	6955.0	48.36	62.03	5.93	2
8830	住友不動産	プライム（内国株式）	8050	不動産業	17	不動産	2	TOPIX Large70	3668.0	1.42	52.0	1.39	52.0	1.42	配当あり	いいえ	16.37	1.37	33878.2	5358.0	2612.0	Real Estate			OK	通常掲載可	OK	1057765.0	28.28	4.29	34.38	1.61	-18353.0	224.11	23.2	9.16	9
8835	太平洋興発	スタンダード（内国株式）	6050	卸売業	13	商社・卸売	-	-	764.0	5.3	40.5	5.3	40.5	5.3	配当あり	いいえ	17.54	0.37	59.4	1545.0	693.0	Industrials			OK	通常掲載可	OK	42802.0	2.0	1.73	35.18	1.11	1110.0	43.55	93.0	2.08	0
8836	ＲＩＳＥ	スタンダード（内国株式）	8050	不動産業	17	不動産	-	-	26.0						配当未取得			1.47	25.0	58.0	22.0	Real Estate	配当未取得	1株配当が取得できていない	除外推奨	掲載非推奨	OK_配当データ要確認	383.0	9.14	10.06	90.25	0.03	56.0	-1.42		2.99	
8841	テーオーシー	スタンダード（内国株式）	8050	不動産業	17	不動産	7	TOPIX Small 2	951.0	1.05	10.0	1.05	10.0	1.05	配当あり	いいえ	36.37	0.81	838.9	1184.0	666.0	Real Estate			OK	通常掲載可	OK	15155.0	16.25	15.23	85.16	0.01	3349.0	26.15	38.24	2.29	0
8844	コスモスイニシア	スタンダード（内国株式）	8050	不動産業	17	不動産	-	-	1375.0	3.85	53.0	3.85	53.0	3.85	配当あり	いいえ	5.66	0.82	466.1	1512.0	1055.0	Real Estate			OK	通常掲載可	OK	149296.0	8.4	15.26	30.63	1.68	2919.0	242.96	21.81	14.83	3
8848	レオパレス２１	プライム（内国株式）	8050	不動産業	17	不動産	6	TOPIX Small 1	636.0	2.36	15.0	2.36	15.0	2.36	配当あり	いいえ	15.58	4.97	2020.6	809.0	598.0	Real Estate			OK	通常掲載可	OK	444819.0	8.09	3.01	23.04	0.8	37470.0	40.83	36.74	23.61	0
8850	スターツコーポレーション	プライム（内国株式）	8050	不動産業	17	不動産	6	TOPIX Small 1	4570.0	3.28	150.0	3.28	150.0	3.28	配当あり	いいえ	8.61	1.15	2163.6	5350.0	4390.0	Real Estate			OK	通常掲載可	OK	251911.0	14.4	8.13	53.51	0.36	518.0	530.58	28.27	13.89	5
8860	フジ住宅	プライム（内国株式）	8050	不動産業	17	不動産	7	TOPIX Small 2	755.0	4.24	32.0	4.2	32.0	4.24	配当あり	いいえ	5.76	0.46	272.1	930.0	666.0	Real Estate			OK	通常掲載可	OK	138332.2	6.0	11.62	30.21	1.96	-3546.1	131.14	24.4	8.42	2
8864	空港施設	スタンダード（内国株式）	8050	不動産業	17	不動産	7	TOPIX Small 2	920.0	4.57	42.0	4.53	42.0	4.57	配当あり	いいえ	13.23	0.75	454.3	1160.0	800.0	Real Estate			OK	通常掲載可	OK	36792.0	18.28	18.22	54.97	0.45	9943.0	69.52	60.41	5.65	2
8869	明和地所	スタンダード（内国株式）	8050	不動産業	17	不動産	7	TOPIX Small 2	789.0	5.07	40.0	5.07	40.0	5.07	配当あり	いいえ	4.84	0.5	185.0	1316.0	756.0	Real Estate			OK	通常掲載可	OK	90108.0	8.6	12.77	24.41	2.35	-15.0	163.17	24.51	10.8	0
8871	ゴールドクレスト	スタンダード（内国株式）	8050	不動産業	17	不動産	6	TOPIX Small 1	3250.0	4.92	160.0	4.92	160.0	4.92	配当あり	いいえ	18.42	0.79	1080.1	3850.0	3130.0	Real Estate			OK	通常掲載可	OK	30445.0	29.27	3.93	42.1	1.24	-108145.0	176.48	90.66	4.35	1
8876	リログループ	プライム（内国株式）	9050	サービス業	10	情報通信・サービスその他	4	TOPIX Mid400	2006.0	3.74	75.0	3.76	75.0	3.74	配当あり	いいえ	15.29	3.59	3038.3	2043.5	1617.0	Industrials			OK	通常掲載可	OK	151074.0	20.4	5.71	26.08	0.98	15422.0	131.19	57.17	26.77	4
8877	エスリード	プライム（内国株式）	8050	不動産業	17	不動産	7	TOPIX Small 2	4860.0	4.94	240.0	4.92	240.0	4.94	配当あり	いいえ	6.73	0.92	749.9	7560.0	4490.0	Real Estate			OK	通常掲載可	OK	116920.8	15.82	23.38	30.37	2.09	-39892.1	721.71	33.25	14.41	4
8881	日神グループホールディングス	プライム（内国株式）	8050	不動産業	17	不動産	7	TOPIX Small 2	641.0	5.77	37.0	5.77	37.0	5.77	配当あり	いいえ	7.16	0.42	299.4	836.0	510.0	Real Estate			OK	通常掲載可	OK	87815.9	7.61	15.19	48.65	0.8	-8167.0	89.55	41.32	5.92	0
8887	シーラホールディングス	スタンダード（内国株式）	8050	不動産業	17	不動産	-	-	350.0	3.43	12.0	3.43	12.0	3.43	配当あり	いいえ	4.09	0.01	131.6	504.0	329.0	Real Estate			OK	通常掲載可	OK	5419.1	3.71	13.72	66.07	0.41	518.4	85.57	14.02	10.43	0
8891	ＡＭＧホールディングス	スタンダード（内国株式）	8050	不動産業	17	不動産	-	-	1965.0	4.07	80.0	4.04	80.0	4.07	配当あり	いいえ	4.78	0.46	55.0	2849.0	1648.0	Real Estate			OK	通常掲載可	OK	31352.8	6.16	3.07	37.49	1.22	-567.7	410.69	19.48	10.09	1
8892	エスコン	プライム（内国株式）	8050	不動産業	17	不動産	6	TOPIX Small 1	1074.0	4.93	53.0	4.93	53.0	4.93	配当あり	いいえ	8.47	1.18	1029.8	1267.0	971.0	Real Estate			OK	通常掲載可	OK	137029.0	19.05	20.62	17.01	4.26	10362.0	126.84	41.78	14.56	0
8894	ＲＥＶＯＬＵＴＩＯＮ	スタンダード（内国株式）	8050	不動産業	17	不動産	-	-	26.0						配当未取得			4.45	39.2	120.0	21.0	Real Estate	配当未取得	1株配当が取得できていない	除外推奨	掲載非推奨	OK_配当データ要確認	34570.5	-12.01	521.07	2.5	9.98	-8559.8	-8.82		-87.4	
8897	ＭＩＲＡＲＴＨホールディングス	プライム（内国株式）	8050	不動産業	17	不動産	6	TOPIX Small 1	400.0	5.75	23.0	5.75	23.0	5.75	配当あり	いいえ	11.52	0.65	534.5	437.0	365.0	Real Estate			OK	通常掲載可	OK	214369.0	8.23	9.08	20.05	3.19	-26846.0	34.72	66.24	5.42	4
8898	センチュリー２１・ジャパン	スタンダード（内国株式）	8050	不動産業	17	不動産	-	-	1128.0	4.96	56.0	4.96	56.0	4.96	配当あり	いいえ	13.66	1.66	115.8	1190.0	1092.0	Real Estate			OK	通常掲載可	OK	4300.3	24.76	6.29	84.66	0.0	789.6	82.57	67.82	12.55	1
8904	ＡＶＡＮＴＩＡ	スタンダード（内国株式）	8050	不動産業	17	不動産	-	-	821.0	4.63	38.0	4.64	38.0	4.63	配当あり	いいえ	8.89	0.42	119.1	897.0	791.0	Consumer Cyclical			OK	通常掲載可	OK	69270.8	1.9	-2.47	39.42	1.33	921.9	92.36	41.14	4.78	0
8908	毎日コムネット	スタンダード（内国株式）	8050	不動産業	17	不動産	-	-	843.0	4.51	38.0	4.51	38.0	4.51	配当あり	いいえ	8.48	1.13	144.3	948.0	749.0	Real Estate			OK	通常掲載可	OK	22255.1	11.32	7.14	42.43	1.0	1440.6	99.39	38.23	15.41	2
8912	エリアクエスト	スタンダード（内国株式）	8050	不動産業	17	不動産	-	-	152.0	2.63	4.0	2.63	4.0	2.63	配当あり	いいえ	13.44	1.58	23.5	281.0	149.0	Real Estate			OK	通常掲載可	OK	2329.4	4.85	0.44	35.12	0.45	84.0	11.31	35.37	10.31	0
8914	エリアリンク	スタンダード（内国株式）	8050	不動産業	17	不動産	-	-	814.0	3.32	27.0	3.32	27.0	3.32	配当あり	いいえ	11.26	0.57	413.8	1336.5	804.0	Real Estate			OK	通常掲載可	OK	26418.2	20.71	6.97	45.61	0.88	-2839.9	72.28	37.35	5.06	5
8917	ファースト住建	スタンダード（内国株式）	8050	不動産業	17	不動産	-	-	1073.0	4.01	43.0	4.01	43.0	4.01	配当あり	いいえ	9.92	0.36	149.3	1266.0	999.0	Consumer Cyclical			OK	通常掲載可	OK	42883.7	5.81	19.17	65.96	0.35	1742.6	108.16	39.76	8.57	0
8918	ランド	スタンダード（内国株式）	8050	不動産業	17	不動産	7	TOPIX Small 2	10.0	1.0	0.1	1.11	0.1	1.0	配当あり	いいえ	38.46	1.67	153.8	12.0	8.0	Real Estate			OK	通常掲載可	OK	3007.2	14.16	-40.94	88.77	0.07	-949.7	0.26	38.46	4.91	0
8919	カチタス	プライム（内国株式）	8050	不動産業	17	不動産	6	TOPIX Small 1	3175.0	2.83	90.0	2.72	90.0	2.83	配当あり	いいえ	20.75	4.68	2484.2	3820.0	2398.0	Consumer Cyclical			OK	通常掲載可	OK	151851.0	12.04	17.23	56.9	0.5	-5305.0	153.04	58.81	25.25	7
8920	東祥	スタンダード（内国株式）	9050	サービス業	10	情報通信・サービスその他	7	TOPIX Small 2	750.0	1.33	10.0	1.33	10.0	1.33	配当あり	いいえ	7.89	0.72	266.4	980.0	597.0	Industrials			OK	通常掲載可	OK	27595.5	27.08	-22.53	52.49	0.48	5174.1	95.07	10.52	11.51	1
8923	トーセイ	プライム（内国株式）	8050	不動産業	17	不動産	6	TOPIX Small 1	1668.0	3.3	55.0	3.3	55.0	3.3	配当あり	いいえ	9.69	1.49	1617.5	1943.0	1252.0	Real Estate			OK	通常掲載可	OK	94689.0	23.59	15.2	33.44	1.78	-1930.1	172.11	31.96	16.48	5
8927	明豊エンタープライズ	スタンダード（内国株式）	8050	不動産業	17	不動産	-	-	447.0	2.91	13.0	2.88	13.0	2.91	配当あり	いいえ	5.86	1.22	136.5	587.0	392.0	Real Estate			OK	通常掲載可	OK	29796.5	11.32	44.91	32.74	1.67	2831.7	76.26	17.05	24.26	4
8928	穴吹興産	スタンダード（内国株式）	8050	不動産業	17	不動産	-	-	2212.0	3.25	72.0	3.25	72.0	3.25	配当あり	いいえ	4.45	0.49	235.9	2914.0	2000.0	Real Estate			OK	通常掲載可	OK	130973.1	4.34	-2.62	29.41	1.73	-2210.9	496.59	14.5	12.84	0
8929	青山財産ネットワークス	スタンダード（内国株式）	8050	不動産業	17	不動産	-	-	1199.0	5.84	70.0	5.84	70.0	5.84	配当あり	いいえ	10.47	2.49	288.5	2194.0	1185.0	Real Estate			OK	通常掲載可	OK	41785.0	9.24	-8.4	44.44	0.53	769.0	114.57	61.1	27.72	12
8931	和田興産	スタンダード（内国株式）	8050	不動産業	17	不動産	-	-	1242.0	5.64	70.0	5.65	70.0	5.64	配当あり	いいえ	5.17	0.39	136.1	1792.0	1220.0	Real Estate			OK	通常掲載可	OK	42144.7	11.84	5.02	30.71	1.89	-11894.1	240.08	29.16	7.75	3
8934	サンフロンティア不動産	プライム（内国株式）	8050	不動産業	17	不動産	6	TOPIX Small 1	2387.0	3.35	80.0	3.35	80.0	3.35	配当あり	いいえ	8.35	1.03	1365.0	2885.0	2021.0	Real Estate			OK	通常掲載可	OK	116083.0	21.84	12.51	45.29	0.99	-24858.0	285.72	28.0	14.34	3
8935	ＦＪネクストホールディングス	プライム（内国株式）	8050	不動産業	17	不動産	7	TOPIX Small 2	1753.0	4.56	80.0	4.56	80.0	4.56	配当あり	いいえ	5.82	0.71	574.1	1948.0	1155.0	Real Estate			OK	通常掲載可	OK	142374.0	10.12	26.63	71.24	0.18	6826.0	301.17	26.56	13.0	2
8938	グローム・ホールディングス	グロース（内国株式）	8050	不動産業	17	不動産	-	-	320.0	0.94	3.0	0.94	3.0	0.94	配当あり	いいえ		0.4	33.3	700.0	268.0	Real Estate			OK	通常掲載可	OK	2003.0	-1.65	-1.96	92.12	0.01	-239.0	-62.08		-7.12	0
8944	ランドビジネス	スタンダード（内国株式）	8050	不動産業	17	不動産	-	-	236.0	2.54	6.0	2.54	6.0	2.54	配当あり	いいえ	35.07	0.28	46.8	348.0	189.0	Real Estate			OK	通常掲載可	OK	18603.1	3.41	86.49	28.49	2.08	528.7	6.73	89.15	0.8	0
8945	サンネクスタグループ	スタンダード（内国株式）	8050	不動産業	17	不動産	-	-	1091.0	3.85	42.0	3.85	42.0	3.85	配当あり	いいえ	30.71	1.26	101.3	1390.0	998.0	Real Estate			OK	通常掲載可	OK	8371.4	7.81	0.29	72.59		556.7	35.53	118.21	6.12	7
8946	ＡＳＩＡＮ　ＳＴＡＲ	スタンダード（内国株式）	8050	不動産業	17	不動産	-	-	75.0						配当未取得		15.76	0.79	17.8	159.0	71.0	Real Estate	配当未取得	1株配当が取得できていない	除外推奨	掲載非推奨	OK_配当データ要確認	4541.3	4.31	35.49	58.39	0.35	-215.5	4.76		2.53	
8995	誠建設工業	スタンダード（内国株式）	8050	不動産業	17	不動産	-	-	828.0	3.02	25.0	3.02	25.0	3.02	配当あり	いいえ	67.1	0.4	16.7	2820.0	630.0	Real Estate			OK	通常掲載可	OK	3130.2	1.33	-4.41	61.72	0.52	-236.9	12.34	202.59	0.62	0
8996	ハウスフリーダム	スタンダード（内国株式）	8050	不動産業	17	不動産	-	-	996.0	5.52	55.0	5.56	55.0	5.52	配当あり	いいえ	5.75	1.04	38.2	1130.0	807.0	Real Estate			OK	通常掲載可	OK	16928.0	6.58	16.84	22.69	3.05	503.4	173.1	31.77	21.63	2
8999	グランディハウス	プライム（内国株式）	8050	不動産業	17	不動産	7	TOPIX Small 2	505.0	6.34	32.0	6.34	32.0	6.34	配当あり	いいえ	15.9	0.58	146.4	660.0	499.0	Real Estate			OK	通常掲載可	OK	52980.9	3.57	-1.81	36.51	1.46	801.3	31.76	100.76	3.67	0
9001	東武鉄道	プライム（内国株式）	5050	陸運業	12	運輸・物流	4	TOPIX Mid400	2849.5	2.63	75.0	2.63	75.0	2.63	配当あり	いいえ	10.33	0.91	5571.7	3164.0	2458.0	Industrials			OK	通常掲載可	OK	631461.0	11.81	-0.71	31.63	1.4	-20809.0	275.83	27.19	9.47	4
9003	相鉄ホールディングス	プライム（内国株式）	5050	陸運業	12	運輸・物流	4	TOPIX Mid400	2429.0	2.88	70.0	2.88	70.0	2.88	配当あり	いいえ	9.62	1.15	2331.1	3167.0	2248.5	Industrials			OK	通常掲載可	OK	307572.0	12.63	5.27	24.98	2.25	-11198.0	252.62	27.71	12.89	4
9005	東急	プライム（内国株式）	5050	陸運業	12	運輸・物流	4	TOPIX Mid400	1646.5	1.94	32.0	1.94	32.0	1.94	配当あり	いいえ	19.76	1.03	9384.2	2011.0	1580.0	Consumer Cyclical			OK	通常掲載可	OK	1054981.0	9.81	1.65	30.68	1.56	155104.0	83.31	38.41	9.72	2
9006	京浜急行電鉄	プライム（内国株式）	5050	陸運業	12	運輸・物流	4	TOPIX Mid400	1465.0	3.14	46.0	3.14	46.0	3.14	配当あり	いいえ	14.45	1.01	3912.4	1654.5	1400.5	Industrials			OK	通常掲載可	OK	304192.0	11.03	3.52	34.4	1.32	-41366.0	101.38	45.37	7.22	3
9007	小田急電鉄	プライム（内国株式）	5050	陸運業	12	運輸・物流	4	TOPIX Mid400	1644.0	3.65	60.0	3.65	60.0	3.65	配当あり	いいえ	15.41	1.12	5692.0	1810.0	1536.5	Industrials			OK	通常掲載可	OK	418732.0	12.58	-0.94	36.43	1.31	-24703.0	106.7	56.23	7.61	3
9008	京王電鉄	プライム（内国株式）	5050	陸運業	12	運輸・物流	4	TOPIX Mid400	733.8	3.0	22.0	3.0	22.0	3.0	配当あり	いいえ	10.05	0.96	4271.4	847.0	683.8	Industrials			OK	通常掲載可	OK	496939.0	10.53	9.72	36.99	1.06	-30473.0	73.01	30.13	10.02	3
9009	京成電鉄	プライム（内国株式）	5050	陸運業	12	運輸・物流	4	TOPIX Mid400	1138.5	1.93	22.0	1.93	22.0	1.93	配当あり	いいえ	11.66	0.98	5490.3	1451.0	1033.0	Industrials			OK	通常掲載可	OK	332424.0	10.22	4.11	47.2	0.66	41454.0	97.68	22.52	9.05	3
9010	富士急行	プライム（内国株式）	5050	陸運業	12	運輸・物流	6	TOPIX Small 1	2513.0	1.31	33.0	1.31	33.0	1.31	配当あり	いいえ	3.8	3.19	1334.4	2704.0	1946.0	Industrials			OK	通常掲載可	OK	52230.5	15.92	3.02	35.3	1.37	4128.3	662.18	4.98	14.79	4
9012	秩父鉄道	スタンダード（内国株式）	5050	陸運業	12	運輸・物流	-	-	2097.0						配当未取得		8.08	0.56	31.1	2250.0	2001.0	Industrials	配当未取得	1株配当が取得できていない	除外推奨	掲載非推奨	OK_配当データ要確認	5637.7	9.57	6.85	31.2	0.98	310.7	259.4		7.28	
9017	新潟交通	スタンダード（内国株式）	5050	陸運業	12	運輸・物流	-	-	1996.0	0.5	10.0	0.51	10.0	0.5	配当あり	いいえ	6.62	0.38	76.7	2164.0	1950.0	Industrials			OK	通常掲載可	OK	20332.0	11.01	1.67	35.49	1.26	2026.0	301.6	3.32	5.85	0
9020	東日本旅客鉄道	プライム（内国株式）	5050	陸運業	12	運輸・物流	2	TOPIX Large70	3295.0	2.55	84.0	2.55	84.0	2.55	配当あり	いいえ	15.53	1.22	37202.8	4211.0	3121.0	Industrials			OK	通常掲載可	OK	3084679.0	13.43	6.83	28.16	1.59	-122989.0	212.2	39.59	8.39	3
9021	西日本旅客鉄道	プライム（内国株式）	5050	陸運業	12	運輸・物流	2	TOPIX Large70	2651.0	3.68	97.5	3.68	97.5	3.68	配当あり	いいえ	9.54	1.0	12064.3	3577.0	2453.0	Industrials			OK	通常掲載可	OK	1845840.0	10.73	8.07	30.29	1.28	361634.0	277.82	35.09	10.17	3
9022	東海旅客鉄道	プライム（内国株式）	5050	陸運業	12	運輸・物流	2	TOPIX Large70	3384.0	0.95	32.0	0.92	32.0	0.95	配当あり	いいえ	6.08	0.64	32258.4	4830.0	3199.0	Industrials			OK	通常掲載可	OK	2006218.0	41.38	9.52	46.6	0.85	224056.0	557.01	5.74	11.47	3
9023	東京地下鉄	プライム（内国株式）	5050	陸運業	12	運輸・物流	4	TOPIX Mid400	1395.0	3.15	44.0	3.15	44.0	3.15	配当あり	いいえ	13.99	1.1	8099.3	1796.0	1315.5	Industrials			OK	通常掲載可	OK	422414.0	21.21	3.58	35.89	1.46	41998.0	99.74	44.11	8.13	
9024	西武ホールディングス	プライム（内国株式）	5050	陸運業	12	運輸・物流	4	TOPIX Mid400	3169.0	1.33	42.0	1.33	42.0	1.33	配当あり	いいえ	21.01	1.42	8054.9	5871.0	2579.5	Industrials			OK	通常掲載可	OK	513286.0	8.87	-43.04	32.87	1.15	-152736.0	150.84	27.84	6.86	1
9025	鴻池運輸	プライム（内国株式）	5050	陸運業	12	運輸・物流	6	TOPIX Small 1	2696.0	4.08	110.0	4.06	110.0	4.08	配当あり	いいえ	10.07	0.9	1431.6	3620.0	2600.0	Industrials			OK	通常掲載可	OK	355555.0	6.41	3.06	53.07	0.36	11198.0	267.71	41.09	9.48	4
9028	ゼロ	スタンダード（内国株式）	5050	陸運業	12	運輸・物流	-	-	3630.0	3.87	140.3	3.87	140.3	3.87	配当あり	いいえ	9.17	1.32	610.0	4185.0	2938.0	Consumer Cyclical			OK	通常掲載可	OK	140751.0	4.42	5.94	52.6	0.38	8447.0	396.03	35.43	15.5	4
9029	ヒガシホールディングス	スタンダード（内国株式）	5050	陸運業	12	運輸・物流	-	-	1895.0	6.54	124.0	6.54	124.0	6.54	配当あり	いいえ	9.49	1.54	247.8	2236.0	1568.0	Industrials			OK	通常掲載可	OK	57972.6	6.98	20.46	44.01	0.63	4339.5	199.73	62.08	17.57	4
9031	西日本鉄道	プライム（内国株式）	5050	陸運業	12	運輸・物流	4	TOPIX Mid400	2858.0	3.15	90.0	3.15	90.0	3.15	配当あり	いいえ	6.9	0.76	2158.2	3299.0	2005.0	Industrials			OK	通常掲載可	OK	474156.0	6.37	6.91	34.61	1.28	38609.0	414.41	21.72	11.97	4
9033	広島電鉄	スタンダード（内国株式）	5050	陸運業	12	運輸・物流	-	-	625.0	1.28	8.0	1.27	8.0	1.28	配当あり	いいえ	16.53	0.43	189.9	672.0	595.0	Industrials			OK	通常掲載可	OK	37470.0	-0.77	11.16	40.81	0.69	-4094.0	37.81	21.16	2.91	1
9034	南総通運	スタンダード（内国株式）	5050	陸運業	12	運輸・物流	-	-	1585.0	5.05	80.0	5.05	80.0	5.05	配当あり	いいえ	11.06	0.65	149.8	1740.0	1308.0	Industrials			OK	通常掲載可	OK	16498.9	12.24	2.44	66.51	0.34	832.7	143.28	55.83	6.02	4
9036	東部ネットワーク	スタンダード（内国株式）	5050	陸運業	12	運輸・物流	-	-	1258.0	1.59	20.0	1.61	20.0	1.59	配当あり	いいえ	23.1	0.33	69.2	1446.0	854.0	Industrials			OK	通常掲載可	OK	10077.3	2.68	-2.83	82.68	0.03	78.4	54.47	36.72	1.47	0
9037	ハマキョウレックス	プライム（内国株式）	5050	陸運業	12	運輸・物流	6	TOPIX Small 1	1781.0	2.58	46.0	2.58	46.0	2.58	配当あり	いいえ	12.53	1.35	1318.4	1965.0	1354.0	Industrials			OK	通常掲載可	OK	155500.0	9.49	6.02	56.83	0.32	9982.0	142.12	32.37	11.06	5
9039	サカイ引越センター	プライム（内国株式）	5050	陸運業	12	運輸・物流	6	TOPIX Small 1	2903.0	5.99	174.0	5.99	174.0	5.99	配当あり	いいえ	13.62	1.18	1168.7	3100.0	2625.0	Industrials			OK	通常掲載可	OK	124741.0	10.08	3.07	76.9	0.04	6330.0	213.08	81.66	8.86	3
9041	近鉄グループホールディングス	プライム（内国株式）	5050	陸運業	12	運輸・物流	4	TOPIX Mid400	3325.0	2.11	70.0	2.11	70.0	2.11	配当あり	いいえ	11.93	1.03	6322.4	3728.0	2716.5	Industrials			OK	通常掲載可	OK	1750307.0	5.11	0.49	23.59	2.18	-33783.0	278.64	25.12	9.58	0
9042	阪急阪神ホールディングス	プライム（内国株式）	5050	陸運業	12	運輸・物流	4	TOPIX Mid400	4198.0	2.38	100.0	2.34	100.0	2.38	配当あり	いいえ	12.94	0.9	9944.0	5030.0	3728.0	Industrials			OK	通常掲載可	OK	1203506.0	10.56	8.73	31.15	1.3	51679.0	324.51	30.82	7.15	2
9044	ＮＡＮＫＡＩ	プライム（内国株式）	5050	陸運業	12	運輸・物流	4	TOPIX Mid400	2782.0	1.98	55.0	1.98	55.0	1.98	配当あり	いいえ	12.23	0.9	3010.1	3318.0	2161.0	Real Estate			OK	通常掲載可	OK	264714.0	15.09	1.51	31.31	1.37	47535.0	227.48	24.18	7.72	0
9045	京阪ホールディングス	プライム（内国株式）	5050	陸運業	12	運輸・物流	4	TOPIX Mid400	3098.0	2.78	86.0	2.78	86.0	2.78	配当あり	いいえ	11.4	0.92	3125.9	3596.0	2974.0	Industrials			OK	通常掲載可	OK	313546.0	13.42	3.77	35.74	1.24	44007.0	271.69	31.65	10.46	3
9046	神戸電鉄	スタンダード（内国株式）	5050	陸運業	12	運輸・物流	7	TOPIX Small 2	2378.0	2.1	50.0	2.1	50.0	2.1	配当あり	いいえ	13.0	0.74	188.1	2641.0	2303.0	Industrials			OK	通常掲載可	OK	23347.0	10.37	5.49	27.04	2.13	-153.0	182.87	27.34	5.99	1
9048	名古屋鉄道	プライム（内国株式）	5050	陸運業	12	運輸・物流	4	TOPIX Mid400	1802.0	3.33	60.0	3.33	60.0	3.33	配当あり	いいえ	17.31	0.73	3534.3	1931.0	1575.0	Industrials			OK	通常掲載可	OK	691583.0	5.23	0.12	30.61	1.41	61433.0	104.09	57.64	3.71	3
9049	京福電気鉄道	スタンダード（内国株式）	5050	陸運業	12	運輸・物流	-	-	6600.0	0.3	20.0	0.3	20.0	0.3	配当あり	いいえ	7.16	0.92	131.2	8300.0	6500.0	Industrials			OK	通常掲載可	OK	14459.0	15.93	2.97	49.21	0.57	672.0	921.36	2.17	13.63	0
9051	センコン物流	スタンダード（内国株式）	5050	陸運業	12	運輸・物流	-	-	1330.0	1.13	15.0	1.13	15.0	1.13	配当あり	いいえ	40.16	1.08	65.7	1739.0	1155.0	Industrials			OK	通常掲載可	OK	19919.0	2.86	5.81	32.64	1.37	34.6	33.12	45.29	4.14	0
9052	山陽電気鉄道	プライム（内国株式）	5050	陸運業	12	運輸・物流	7	TOPIX Small 2	1941.0	2.58	50.0	2.58	50.0	2.58	配当あり	いいえ	10.66	0.69	431.3	2200.0	1850.0	Industrials			OK	通常掲載可	OK	40132.0	11.16	4.27	47.76	0.68	2437.0	182.08	27.46	6.75	1
9057	遠州トラック	スタンダード（内国株式）	5050	陸運業	12	運輸・物流	-	-	3135.0	3.06	96.0	3.05	96.0	3.06	配当あり	いいえ	10.41	0.95	234.3	3880.0	3000.0	Industrials			OK	通常掲載可	OK	49947.0	6.22	2.71	62.17	0.33	153.0	301.27	31.87	9.42	1
9059	カンダホールディングス	スタンダード（内国株式）	5050	陸運業	12	運輸・物流	-	-	896.0	2.9	26.0	2.9	26.0	2.9	配当あり	いいえ	7.82	0.68	192.0	952.0	765.0	Industrials			OK	通常掲載可	OK	52366.0	6.97	0.69	58.44	0.23	2798.0	114.65	22.68	9.12	5
9060	日本ロジテム	スタンダード（内国株式）	5050	陸運業	12	運輸・物流	-	-	4300.0	1.86	80.0	1.86	80.0	1.86	配当あり	いいえ	7.61	0.35	58.2	5200.0	4060.0	Industrials			OK	通常掲載可	OK	66001.6	1.86	4.81	31.82	1.49	934.9	565.02	14.16	4.3	0
9063	岡山県貨物運送	スタンダード（内国株式）	5050	陸運業	12	運輸・物流	-	-	3865.0	1.81	70.0	1.81	70.0	1.81	配当あり	いいえ	2.88	0.29	78.3	4900.0	3375.0	Industrials			OK	通常掲載可	OK	38899.4	3.24	1.44	52.32	0.5	2012.9	1341.49	5.22	10.83	0
9064	ヤマトホールディングス	プライム（内国株式）	5050	陸運業	12	運輸・物流	4	TOPIX Mid400	1839.5	2.5	46.0	2.5	46.0	2.5	配当あり	いいえ	42.55	1.02	5825.3	2568.0	1697.0	Industrials			OK	通常掲載可	OK	1865675.0	1.52	5.84	44.61	0.34	34620.0	43.23	106.41	2.32	0
9065	山九	プライム（内国株式）	5050	陸運業	12	運輸・物流	4	TOPIX Mid400	8603.0	1.81	156.0	1.81	156.0	1.81	配当あり	いいえ	14.05	1.42	4312.5	10065.0	7710.0	Industrials			OK	通常掲載可	OK	631573.0	6.85	4.08	54.12	0.33	32955.0	612.53	25.47	10.47	5
9067	丸運	スタンダード（内国株式）	5050	陸運業	12	運輸・物流	-	-	942.0						配当未取得		23.04	1.0	272.1	967.0	390.0		配当未取得	1株配当が取得できていない	除外推奨	掲載非推奨	OK_配当データ要確認	46145.0	2.75	2.56	68.86	0.01	1344.0	40.88		4.5	
9068	丸全昭和運輸	プライム（内国株式）	5050	陸運業	12	運輸・物流	6	TOPIX Small 1	7240.0	3.31	240.0	3.27	240.0	3.31	配当あり	いいえ	11.29	0.98	1395.8	9610.0	6590.0	Industrials			OK	通常掲載可	OK	148603.0	10.41	2.79	69.43	0.18	10244.0	641.46	37.41	9.29	7
9069	センコーグループホールディングス	プライム（内国株式）	5050	陸運業	12	運輸・物流	4	TOPIX Mid400	1900.0	2.95	56.0	2.95	56.0	2.95	配当あり	いいえ	16.79	1.43	3181.0	2145.0	1695.0	Industrials			OK	通常掲載可	OK	899620.0	4.11	5.27	27.68	1.67	14952.0	113.17	49.48	8.26	5
9072	ニッコンホールディングス	プライム（内国株式）	5050	陸運業	12	運輸・物流	4	TOPIX Mid400	5482.0	2.04	112.0	1.9	112.0	2.04	配当あり	いいえ	38.61	2.69	6395.2	6689.0	3101.0	Industrials			OK	通常掲載可	OK	269860.0	8.83	8.86	54.51	0.57	10006.0	141.98	78.88	7.46	4
9073	京極運輸商事	スタンダード（内国株式）	5050	陸運業	12	運輸・物流	-	-	1247.0	0.96	12.0	0.96	12.0	0.96	配当あり	いいえ	20.7	0.75	35.8	1550.0	1145.0	Industrials			OK	通常掲載可	OK	8702.4	1.88	3.33	52.16	0.4	807.8	60.23	19.92	3.9	0
9074	日本石油輸送	スタンダード（内国株式）	5050	陸運業	12	運輸・物流	-	-	5510.0	2.18	120.0	2.18	120.0	2.18	配当あり	いいえ	12.06	0.61	180.0	5870.0	3010.0	Industrials			OK	通常掲載可	OK	38537.0	4.85	3.9	60.18	0.32	3582.0	456.78	26.27	5.41	0
9075	福山通運	プライム（内国株式）	5050	陸運業	12	運輸・物流	6	TOPIX Small 1	5500.0	1.82	100.0	1.82	100.0	1.82	配当あり	いいえ	14.97	0.69	1937.2	7100.0	3355.0	Industrials			OK	通常掲載可	OK	318582.0	2.93	5.32	56.93	0.39	5473.0	367.4	27.22	4.8	0
9076	セイノーホールディングス	プライム（内国株式）	5050	陸運業	12	運輸・物流	4	TOPIX Mid400	2613.5	4.67	122.0	4.67	122.0	4.67	配当あり	いいえ	18.08	0.96	4243.0	2774.0	2128.0	Industrials			OK	通常掲載可	OK	812965.0	4.63	10.25	56.15	0.21	19117.0	144.53	84.41	5.68	4
9081	神奈川中央交通	プライム（内国株式）	5050	陸運業	12	運輸・物流	7	TOPIX Small 2	3550.0	2.54	90.0	2.54	90.0	2.54	配当あり	いいえ	12.03	0.69	435.6	3900.0	3210.0	Industrials			OK	通常掲載可	OK	126772.0	5.35	7.3	34.16	1.14	9169.0	295.01	30.51	6.44	2
9082	大和自動車交通	スタンダード（内国株式）	5050	陸運業	12	運輸・物流	-	-	1439.0	0.69	10.0	0.69	10.0	0.69	配当あり	いいえ	28.33	0.67	64.1	2885.0	840.0	Consumer Cyclical			OK	通常掲載可	OK	19907.0	1.93	4.54	32.23	1.48	1001.0	50.8	19.69	2.36	0
9083	神姫バス	スタンダード（内国株式）	5050	陸運業	12	運輸・物流	-	-	1900.0	2.63	50.0	2.63	50.0	2.63	配当あり	いいえ	7.23	0.43	229.4	2161.0	1732.5	Industrials			OK	通常掲載可	OK	55579.0	7.56	4.96	71.88	0.12	-1556.0	262.96	19.01	6.12	2
9087	タカセ	スタンダード（内国株式）	5050	陸運業	12	運輸・物流	-	-	2052.0	1.71	35.0	1.71	35.0	1.71	配当あり	いいえ	25.71	0.52	39.9	2275.0	1100.0	Industrials			OK	通常掲載可	OK	8491.5	2.5	1.75	78.19	0.09	479.5	79.82	43.85	2.12	0
9090	ＡＺ－ＣＯＭ丸和ホールディングス	プライム（内国株式）	5050	陸運業	12	運輸・物流	6	TOPIX Small 1	788.0	4.06	32.0	4.06	32.0	4.06	配当あり	いいえ	15.11	1.7	1061.3	1340.0	738.0	Industrials			OK	通常掲載可	OK	230531.0	5.15	10.64	40.08	0.87	-14968.0	52.16	61.35	12.53	5
9101	日本郵船	プライム（内国株式）	5100	海運業	12	運輸・物流	2	TOPIX Large70	5080.0	3.94	200.0	3.94	200.0	3.94	配当あり	いいえ	10.33	0.67	20500.7	6394.0	4793.0	Industrials			OK	通常掲載可	OK	2423689.0	5.72	-6.37	59.06	0.39	168856.0	491.74	40.67	7.06	1
9104	商船三井	プライム（内国株式）	5100	海運業	12	運輸・物流	2	TOPIX Large70	5031.0	4.07	205.0	4.07	205.0	4.07	配当あり	いいえ	8.12	0.6	17287.3	7325.0	4293.0	Industrials			OK	通常掲載可	OK	1825098.0	6.96	2.8	48.21	0.86	450963.0	619.83	33.07	7.57	0
9107	川崎汽船	プライム（内国株式）	5100	海運業	12	運輸・物流	4	TOPIX Mid400	2418.5	4.96	120.0	4.96	120.0	4.96	配当あり	いいえ	11.81	0.85	15290.9	2964.5	1980.0	Industrials			OK	通常掲載可	OK	1018364.0	8.26	-2.82	76.91	0.16	176057.0	204.85	58.58	7.75	1
9110	ＮＳユナイテッド海運	プライム（内国株式）	5100	海運業	12	運輸・物流	6	TOPIX Small 1	6410.0	4.68	300.0	4.68	300.0	4.68	配当あり	いいえ	6.29	0.81	1510.5	8460.0	3810.0	Industrials			OK	通常掲載可	OK	229784.0	8.93	-7.12	63.17	0.34	29875.0	1019.19	29.44	13.77	0
9115	明海グループ	スタンダード（内国株式）	5100	海運業	12	運輸・物流	-	-	818.0	0.61	5.0	0.61	5.0	0.61	配当あり	いいえ	6.31	0.52	278.6	1760.0	600.0	Industrials			OK	通常掲載可	OK	61271.6	6.05	-9.29	18.2	2.93	3977.6	129.57	3.86	9.35	0
9119	飯野海運	プライム（内国株式）	5100	海運業	12	運輸・物流	6	TOPIX Small 1	1401.0	3.28	46.0	3.3	46.0	3.28	配当あり	いいえ	9.58	0.94	1482.3	1932.0	998.0	Industrials			OK	通常掲載可	OK	127295.0	10.56	-10.27	45.64	0.9	-34147.0	146.26	31.45	10.11	2
9127	玉井商船	スタンダード（内国株式）	5100	海運業	12	運輸・物流	-	-	2650.0	3.02	80.0	3.02	80.0	3.02	配当あり	いいえ	6.78	0.5	40.5	4790.0	2005.0	Industrials			OK	通常掲載可	OK	5122.0	12.84	-4.95	66.0	0.27	-1633.9	390.88	20.47	8.88	0
9130	共栄タンカー	スタンダード（内国株式）	5100	海運業	12	運輸・物流	-	-	1429.0	2.8	40.0	2.8	40.0	2.8	配当あり	いいえ	26.6	0.42	109.3	3025.0	984.0	Industrials			OK	通常掲載可	OK	15509.6	8.02	2.31	33.69	1.69	-607.5	53.73	74.45	1.62	0
9142	九州旅客鉄道	プライム（内国株式）	5050	陸運業	12	運輸・物流	4	TOPIX Mid400	3434.0	3.52	121.0	3.52	121.0	3.52	配当あり	いいえ	11.83	1.07	5282.7	4215.0	3390.0	Industrials			OK	通常掲載可	OK	500393.0	14.8	10.12	40.41	0.95	-13058.0	290.17	41.7	9.55	0
9143	ＳＧホールディングス	プライム（内国株式）	5050	陸運業	12	運輸・物流	4	TOPIX Mid400	1507.0	3.58	54.0	3.5	54.0	3.58	配当あり	いいえ	15.72	1.65	8992.8	1763.5	1368.0	Industrials			OK	通常掲載可	OK	1644762.0	5.49	11.19	44.44	0.72	40931.0	95.85	56.34	10.51	1
9145	ビーイングホールディングス	スタンダード（内国株式）	5050	陸運業	12	運輸・物流	-	-	520.0	2.88	15.0	2.98	15.0	2.88	配当あり	いいえ	8.64	1.54	125.3	1172.5	494.0	Industrials			OK	通常掲載可	OK	33515.0	6.88	11.01	40.16	0.83	190.0	60.16	24.93	17.66	5
9147	ＮＩＰＰＯＮ　ＥＸＰＲＥＳＳホールディングス	プライム（内国株式）	5050	陸運業	12	運輸・物流	4	TOPIX Mid400	5044.0	1.98	100.0	1.98	100.0	1.98	配当あり	いいえ	476.3	1.48	12175.7	5325.0	2904.5	Industrials			OK	通常掲載可	OK	2574826.0	2.03	-0.11	34.35	1.06	154870.0	10.59	944.29	0.92	0
9158	シーユーシー	グロース（内国株式）	9050	サービス業	10	情報通信・サービスその他	-	-	783.0						配当未取得		8.1	0.69	229.5	1316.0	686.0	Healthcare	配当未取得	1株配当が取得できていない	除外推奨	掲載非推奨	OK_配当データ要確認	54353.0	10.64	15.54	33.91	1.58	-1034.0	96.7		8.55	
9159	Ｗ　ＴＯＫＹＯ	グロース（内国株式）	9050	サービス業	10	情報通信・サービスその他	-	-	1876.0						配当未取得		33.45	2.53	48.9	3260.0	1485.0	Communication Services	配当未取得	1株配当が取得できていない	除外推奨	掲載非推奨	OK_配当データ要確認	3925.7	8.96	-0.81	60.76	0.37	554.7	56.09		20.85	
9160	オンザページ	スタンダード（内国株式）	9050	サービス業	10	情報通信・サービスその他	-	-	289.0						配当未取得		10.76	0.73	72.5	368.0	280.0	Consumer Cyclical	配当未取得	1株配当が取得できていない	除外推奨	掲載非推奨	OK_配当データ要確認	22039.9	10.2	14.2	27.45	1.22	2207.8	26.85		13.4	
9162	ブリーチ	グロース（内国株式）	9050	サービス業	10	情報通信・サービスその他	-	-	237.0						配当未取得		30.46	0.65	61.0	415.0	223.0	Communication Services	配当未取得	1株配当が取得できていない	除外推奨	掲載非推奨	OK_配当データ要確認	13806.8	-2.67	-15.69	71.57	0.27	-1964.4	7.78		-1.03	
9163	ナレルグループ	グロース（内国株式）	9050	サービス業	10	情報通信・サービスその他	-	-	2217.0	5.19	115.0	5.22	115.0	5.19	配当あり	いいえ	10.03	1.3	194.1	2529.0	2071.0	Industrials			OK	通常掲載可	OK	24158.9	11.7	11.8	58.95	0.39	2202.8	221.03	52.03	13.37	2
9165	クオルテック	グロース（内国株式）	9050	サービス業	10	情報通信・サービスその他	-	-	1761.0	5.34	94.0	5.55	94.0	5.34	配当あり	いいえ	15.2	1.19	41.4	2350.0	1320.0	Industrials			OK	通常掲載可	OK	3623.9	10.52	10.68	76.22	0.06	245.1	115.87	81.13	8.81	0
9166	ＧＥＮＤＡ	グロース（内国株式）	9050	サービス業	10	情報通信・サービスその他	-	-	579.0	1.38	8.0	1.38	8.0	1.38	配当あり	いいえ	28.24	1.62	1053.0	984.0	455.0	Consumer Cyclical			OK	通常掲載可	OK	170787.0	4.51	52.79	29.3	1.63	-12960.0	20.5	39.02	5.52	
9168	ライズ・コンサルティング・グループ	グロース（内国株式）	9050	サービス業	10	情報通信・サービスその他	-	-	391.0	5.37	21.0	5.4	21.0	5.37	配当あり	いいえ	7.82	1.31	93.6	1344.0	377.0	Industrials			OK	通常掲載可	OK	8421.2	20.23	9.65	75.75	0.19	1357.9	49.97	42.03	18.45	
9171	栗林商船	スタンダード（内国株式）	5100	海運業	12	運輸・物流	-	-	1770.0	1.69	30.0	1.69	30.0	1.69	配当あり	いいえ	5.91	0.62	210.6	2178.0	1015.0	Industrials			OK	通常掲載可	OK	53825.1	3.87	1.42	41.38	0.46	1915.6	299.31	10.02	11.68	1
9173	東海汽船	スタンダード（内国株式）	5100	海運業	12	運輸・物流	-	-	2926.0	0.34	10.0	0.34	10.0	0.34	配当あり	いいえ	17.64	1.25	64.2	3350.0	2905.0	Industrials			OK	通常掲載可	OK	14288.5	3.66	-2.16	25.43	1.95	312.2	165.9	6.03	6.44	0
9193	東京汽船	スタンダード（内国株式）	5200	倉庫・運輸関連業	12	運輸・物流	-	-	817.0	2.45	20.0	2.45	20.0	2.45	配当あり	いいえ	1.61	0.29	81.3	1359.0	801.0	Industrials			OK	通常掲載可	OK	13144.2	0.81	9.16	74.51	0.09	-8.7	507.11	3.94	18.98	1
9201	日本航空	プライム（内国株式）	5150	空運業	12	運輸・物流	4	TOPIX Mid400	2854.0	3.36	96.0	3.36	96.0	3.36	配当あり	いいえ	9.29	0.95	12267.3	3272.0	2406.5	Industrials			OK	通常掲載可	OK	2012514.0	10.3	9.13	40.32	0.68	394879.0	307.09	31.26	12.29	2
9202	ＡＮＡホールディングス	プライム（内国株式）	5150	空運業	12	運輸・物流	2	TOPIX Large70	2956.5	2.03	60.0	2.03	60.0	2.03	配当あり	いいえ	9.24	0.9	13032.8	3419.0	2582.0	Industrials			OK	通常掲載可	OK	2539233.0	8.56	12.26	37.72	0.79	181159.0	319.89	18.76	12.94	1
92025	ＡＮＡホールディングス第１回社債型種類株式	プライム（内国株式）	5150	空運業	12	運輸・物流	-	-	4762.0						配当未取得			1.45		5000.0	4727.0		配当未取得	1株配当が取得できていない	除外推奨	掲載非推奨	OK_配当データ要確認									12.94	
9204	スカイマーク	グロース（内国株式）	5150	空運業	12	運輸・物流	-	-	418.0	1.67	7.0	1.67	7.0	1.67	配当あり	いいえ	15.37	0.74	251.5	513.0	318.0	Industrials			OK	通常掲載可	OK	110441.0	1.64	1.42	28.03	1.07	-11184.0	27.2	25.74	5.37	0
9206	スターフライヤー	スタンダード（内国株式）	5150	空運業	12	運輸・物流	-	-	1920.0						配当未取得		57.14	1.01	72.6	2481.0	1900.0	Industrials	配当未取得	1株配当が取得できていない	除外推奨	掲載非推奨	OK_配当データ要確認	42900.0	2.87	7.2	17.5	0.73	4834.0	33.6		7.54	0
9211	エフ・コード	グロース（内国株式）	9050	サービス業	10	情報通信・サービスその他	-	-	1335.0						配当未取得		11.72	2.04	163.4	2985.0	1284.0	Communication Services	配当未取得	1株配当が取得できていない	除外推奨	掲載非推奨	OK_配当データ要確認	11938.0	19.35	132.67	28.52	1.73	1080.7	113.88		23.96	
9212	Ｇｒｅｅｎ　Ｅａｒｔｈ　Ｉｎｓｔｉｔｕｔｅ	グロース（内国株式）	9050	サービス業	10	情報通信・サービスその他	-	-	284.0						配当未取得		45.88	1.69	32.3	495.0	260.0	Basic Materials	配当未取得	1株配当が取得できていない	除外推奨	掲載非推奨	OK_配当データ要確認	1075.4	-0.39	7.27	70.97	0.07	-200.4	6.19		3.68	
9213	セイファート	スタンダード（内国株式）	9050	サービス業	10	情報通信・サービスその他	-	-	1075.0	1.12	12.0	1.12	12.0	1.12	配当あり	いいえ		1.97	14.2	2298.0	675.0	Industrials			OK	通常掲載可	OK	1928.2	-5.87	-9.5	57.84	0.02	-50.7	-136.53		-29.66	0
9214	Ｒｅｃｏｖｅｒｙ　Ｉｎｔｅｒｎａｔｉｏｎａｌ	グロース（内国株式）	9050	サービス業	10	情報通信・サービスその他	-	-	1242.0						配当未取得		13.41	2.21	16.2	1727.0	1211.0	Healthcare	配当未取得	1株配当が取得できていない	除外推奨	掲載非推奨	OK_配当データ要確認	2689.6	7.56	31.64	57.45	0.23	65.2	92.61		17.14	
9215	ＣａＳｙ	グロース（内国株式）	9050	サービス業	10	情報通信・サービスその他	-	-	886.0						配当未取得		35.71	6.06	16.6	1500.0	861.0	Technology	配当未取得	1株配当が取得できていない	除外推奨	掲載非推奨	OK_配当データ要確認	1922.1	2.65	9.15	42.17	0.64	12.7	24.81		16.97	
9216	ビーウィズ	プライム（内国株式）	9050	サービス業	10	情報通信・サービスその他	7	TOPIX Small 2	1547.0	4.98	77.0	4.98	77.0	4.98	配当あり	いいえ	158.67	2.6	219.4	2014.0	1387.0	Industrials			OK	通常掲載可	OK	36424.3	2.94	-4.78	61.7	0.0	671.8	9.75	789.74	2.69	3
9218	メンタルヘルステクノロジーズ	グロース（内国株式）	9050	サービス業	10	情報通信・サービスその他	-	-	727.0	1.38	10.0	1.38	10.0	1.38	配当あり	いいえ	29.86	4.99	76.4	888.0	640.0	Healthcare			OK	通常掲載可	OK	6435.4	9.3	25.33	29.18	1.67	500.6	24.35	41.07	16.45	
9219	ギックス	グロース（内国株式）	9050	サービス業	10	情報通信・サービスその他	-	-	838.0	6.38	53.5	6.38	53.5	6.38	配当あり	いいえ		2.7	46.9	1048.0	830.0	Technology			OK	通常掲載可	OK	2117.7	6.32	25.6	85.52	0.02	-69.1	-16.51		0.99	0
9220	エフビー介護サービス	スタンダード（内国株式）	9050	サービス業	10	情報通信・サービスその他	-	-	1210.0	4.13	50.0	4.13	50.0	4.13	配当あり	いいえ	6.44	0.75	29.5	1324.0	1045.0	Healthcare			OK	通常掲載可	OK	11533.9	5.5	5.16	42.12	0.67	1095.4	187.79	26.63	11.94	0
9221	フルハシＥＰＯ	スタンダード（内国株式）	9050	サービス業	10	情報通信・サービスその他	-	-	1153.0	2.78	32.0	2.78	32.0	2.78	配当あり	いいえ	15.08	2.15	133.7	1500.0	1070.0	Industrials			OK	通常掲載可	OK	10008.0	11.74	6.65	44.8	0.79	-532.0	76.44	41.86	15.08	1
9223	ＡＳＮＯＶＡ	グロース（内国株式）	9050	サービス業	10	情報通信・サービスその他	-	-	395.0	0.51	2.0	0.51	2.0	0.51	配当あり	いいえ		1.65	49.1	651.0	370.0	Industrials			OK	通常掲載可	OK	4915.2	0.11	15.21	26.03	2.58	1241.4	-11.93		-4.91	0
9225	ブリッジコンサルティンググループ	グロース（内国株式）	9050	サービス業	10	情報通信・サービスその他	-	-	958.0						配当未取得		20.96	1.5	19.9	1480.0	942.0	Industrials	配当未取得	1株配当が取得できていない	除外推奨	掲載非推奨	OK_配当データ要確認	2239.4	9.05	10.98	74.82	0.06	30.6	45.7		7.16	
9227	マイクロ波化学	グロース（内国株式）	9050	サービス業	10	情報通信・サービスその他	-	-	940.0						配当未取得			14.0	149.5	1620.0	498.0	Basic Materials	配当未取得	1株配当が取得できていない	除外推奨	掲載非推奨	OK_配当データ要確認	1608.4	11.65	-13.68	50.08	0.65	-224.8	-53.3		-120.27	
9229	サンウェルズ	プライム（内国株式）	9050	サービス業	10	情報通信・サービスその他	7	TOPIX Small 2	148.0						配当未取得			0.69	48.0	982.0	112.0	Healthcare	配当未取得	1株配当が取得できていない	除外推奨	掲載非推奨	OK_配当データ要確認	28136.0	-4.35	6.19	15.28	4.18	-1503.0	-51.07		-21.25	0
9233	アジア航測	スタンダード（内国株式）	5150	空運業	12	運輸・物流	-	-	1137.0	3.87	44.0	3.87	44.0	3.87	配当あり	いいえ	14.22	0.88	206.9	1333.0	1058.0	Industrials			OK	通常掲載可	OK	41591.5	6.87	3.28	55.42	0.27	-1296.9	79.93	55.05	6.32	0
9235	売れるネット広告社グループ	グロース（内国株式）	9050	サービス業	10	情報通信・サービスその他	-	-	508.0						配当未取得			6.77	41.1	1917.0	469.0	Communication Services	配当未取得	1株配当が取得できていない	除外推奨	掲載非推奨	OK_配当データ要確認	756.7	-40.76	-21.13	48.51	0.57	-509.6	-16.78		-32.42	
9236	ジャパンＭ＆Ａソリューション	グロース（内国株式）	9050	サービス業	10	情報通信・サービスその他	-	-	996.0	2.01	20.0	2.01	20.0	2.01	配当あり	いいえ	28.89	2.12	14.7	1452.0	934.0	Industrials			OK	通常掲載可	OK	654.2	-8.66	8.62	87.43		5.5	34.47	58.02	7.14	
9237	笑美面	グロース（内国株式）	9050	サービス業	10	情報通信・サービスその他	-	-	785.0						配当未取得		44.05	3.92	30.5	1580.0	511.0	Industrials	配当未取得	1株配当が取得できていない	除外推奨	掲載非推奨	OK_配当データ要確認	1873.0	6.12	43.89	59.04	0.15	43.7	17.82		8.9	
9238	バリュークリエーション	グロース（内国株式）	9050	サービス業	10	情報通信・サービスその他	-	-	380.0	3.29	12.5	1.72	12.5	3.29	配当あり	いいえ		1.4	8.7	2044.0	365.0	Communication Services			OK	通常掲載可	OK	3127.3	-13.55	1.83	2.07	28.42	-888.6	-115.37		30.56	1
9240	デリバリーコンサルティング	グロース（内国株式）	9050	サービス業	10	情報通信・サービスその他	-	-	393.0						配当未取得		12.55	1.52	19.0	1320.0	370.0	Technology	配当未取得	1株配当が取得できていない	除外推奨	掲載非推奨	OK_配当データ要確認	2740.7	1.89	1.37	74.96	0.03	-77.2	31.32		12.55	
9241	フューチャーリンクネットワーク	グロース（内国株式）	9050	サービス業	10	情報通信・サービスその他	-	-	1320.0						配当未取得		24.39	4.01	11.4	6110.0	1181.0	Communication Services	配当未取得	1株配当が取得できていない	除外推奨	掲載非推奨	OK_配当データ要確認	1544.8	-1.14	1.95	27.99	0.89	91.2	54.12		17.79	
9242	メディア総研	グロース（内国株式）	9050	サービス業	10	情報通信・サービスその他	-	-	1961.0	1.27	25.0	1.27	25.0	1.27	配当あり	いいえ	11.51	1.37	24.2	2537.0	1283.0	Industrials			OK	通常掲載可	OK	1155.1	16.42	20.92	84.19		124.7	170.41	14.67	15.68	
9244	デジタリフト	グロース（内国株式）	9050	サービス業	10	情報通信・サービスその他	-	-	1225.0						配当未取得		10.05	2.21	17.5	1459.0	752.0	Communication Services	配当未取得	1株配当が取得できていない	除外推奨	掲載非推奨	OK_配当データ要確認	3490.0	5.37	4.93	32.63	1.28	226.4	121.89		25.02	
9245	リベロ	グロース（内国株式）	9050	サービス業	10	情報通信・サービスその他	-	-	1872.0	2.24	42.0	2.22	42.0	2.24	配当あり	いいえ	20.83	3.46	99.3	2899.0	1570.0	Communication Services			OK	通常掲載可	OK	4364.5	17.42	21.69	35.51		849.3	89.86	46.74	27.91	0
9246	プロジェクトホールディングス	グロース（内国株式）	9050	サービス業	10	情報通信・サービスその他	-	-	988.0						配当未取得		42.37	2.27	52.7	1394.0	948.0	Industrials	配当未取得	1株配当が取得できていない	除外推奨	掲載非推奨	OK_配当データ要確認	5485.5	2.84	3.9	48.79	0.54	536.3	23.32		5.97	
9247	ＴＲＥホールディングス	プライム（内国株式）	9050	サービス業	10	情報通信・サービスその他	6	TOPIX Small 1	2081.0	2.4	50.0	2.4	50.0	2.4	配当あり	いいえ	6.84	1.19	978.6	2208.0	1323.0	Industrials			OK	通常掲載可	OK	119164.0	18.74	0.41	48.4	0.73	28540.0	304.24	16.43	18.54	1
9248	人・夢・技術グループ	スタンダード（内国株式）	9050	サービス業	10	情報通信・サービスその他	7	TOPIX Small 2	1532.0	3.92	60.0	3.92	60.0	3.92	配当あり	いいえ	5.58	0.59	136.2	1900.0	1455.0	Industrials			OK	通常掲載可	OK	45984.0	5.83	15.5	50.71	0.34	-2008.0	274.69	21.84	10.93	1
9249	日本エコシステム	スタンダード（内国株式）	9050	サービス業	10	情報通信・サービスその他	-	-	1615.0	1.11	18.0	1.11	18.0	1.11	配当あり	いいえ	30.21	2.27	140.7	1685.0	1477.0	Communication Services			OK	通常掲載可	OK	11261.3	3.88	21.07	40.07	1.03	-2751.7	53.46	33.67	7.93	3
9250	ＧＲＣＳ	グロース（内国株式）	9050	サービス業	10	情報通信・サービスその他	-	-	882.0						配当未取得			-37.47	13.1	2138.0	873.0	Technology	配当未取得	1株配当が取得できていない	除外推奨	掲載非推奨	OK_配当データ要確認	3333.7	-2.03	1.36	-5.6		-77.2	-392.75		-327.56	
9251	ＡＢ＆Ｃｏｍｐａｎｙ	グロース（内国株式）	9050	サービス業	10	情報通信・サービスその他	-	-	1315.0	4.56	60.0	4.56	60.0	4.56	配当あり	いいえ	16.42	2.11	187.3	1399.0	941.0	Consumer Cyclical			OK	通常掲載可	OK	19378.0	8.42	6.57	33.23	1.5	2468.0	80.08	74.93	13.13	1
9252	ラストワンマイル	グロース（内国株式）	9050	サービス業	10	情報通信・サービスその他	-	-	3470.0	0.86	30.0	0.86	30.0	0.86	配当あり	いいえ	9.45	1.84	94.6	4760.0	3195.0	Industrials			OK	通常掲載可	OK	15510.4	7.41	31.76	38.92	0.92	1323.8	367.13	8.17	21.56	
9253	スローガン	グロース（内国株式）	9050	サービス業	10	情報通信・サービスその他	-	-	718.0						配当未取得		10.97	1.1	17.9	964.0	650.0	Industrials	配当未取得	1株配当が取得できていない	除外推奨	掲載非推奨	OK_配当データ要確認	1589.9	17.62	17.75	70.24	0.0	319.1	65.48		12.05	
9254	ラバブルマーケティンググループ	グロース（内国株式）	9050	サービス業	10	情報通信・サービスその他	-	-	1135.0						配当未取得		10.75	1.9	18.2	1744.0	1102.0	Communication Services	配当未取得	1株配当が取得できていない	除外推奨	掲載非推奨	OK_配当データ要確認	2630.6	6.1	21.68	22.29	2.42	-17.6	105.6		20.72	
9256	サクシード	グロース（内国株式）	9050	サービス業	10	情報通信・サービスその他	-	-	5340.0	0.3	16.0	0.3	16.0	0.3	配当あり	いいえ	68.03	7.33	191.2	5550.0	763.0	Consumer Defensive			OK	通常掲載可	OK	4289.1	8.26	23.61	77.39	0.0	77.2	78.5	20.38	9.24	1
9258	ＣＳ－Ｃ	グロース（内国株式）	9050	サービス業	10	情報通信・サービスその他	-	-	311.0						配当未取得			1.02	20.7	475.0	270.0	Communication Services	配当未取得	1株配当が取得できていない	除外推奨	掲載非推奨	OK_配当データ要確認	3179.0	-2.4	16.63	67.69	0.13	-80.2	-43.94		-4.52	
9259	タカヨシホールディングス	グロース（内国株式）	9050	サービス業	10	情報通信・サービスその他	-	-	782.0	3.84	30.0	3.84	30.0	3.84	配当あり	いいえ	9.22	1.31	43.9	1164.0	685.0	Consumer Defensive			OK	通常掲載可	OK	7982.4	11.44	1.83	53.39	0.09	522.1	84.85	35.36	14.21	
9262	シルバーライフ	スタンダード（内国株式）	6100	小売業	14	小売	7	TOPIX Small 2	648.0	2.78	18.0	2.78	18.0	2.78	配当あり	いいえ	8.85	0.96	70.8	927.0	635.0	Consumer Defensive			OK	通常掲載可	OK	13555.3	5.67	10.5	65.05	0.27	152.1	73.22	24.58	11.18	1
9264	ポエック	スタンダード（内国株式）	6050	卸売業	13	商社・卸売	-	-	1686.0	4.45	75.0	4.45	75.0	4.45	配当あり	いいえ	25.97	1.81	76.3	1950.0	1583.0	Industrials			OK	通常掲載可	OK	10114.3	9.02	20.81	28.21	2.05	-247.9	64.91	115.54	11.92	2
9265	ヤマシタヘルスケアホールディングス	スタンダード（内国株式）	6050	卸売業	13	商社・卸売	-	-	3530.0	1.98	70.0	1.98	70.0	1.98	配当あり	いいえ	21.25	0.99	89.9	3970.0	2544.0	Healthcare			OK	通常掲載可	OK	64486.0	1.31	4.76	32.58		307.0	166.15	42.13	6.76	2
9267	Ｇｅｎｋｙ　ＤｒｕｇＳｔｏｒｅｓ	プライム（内国株式）	6100	小売業	14	小売	6	TOPIX Small 1	3290.0	0.4	13.0	0.4	13.0	0.4	配当あり	いいえ	13.16	1.7	1002.8	5460.0	3175.0	Healthcare			OK	通常掲載可	OK	200786.0	4.81	8.62	41.96	0.64	-2510.0	250.04	5.2	14.17	0
9268	オプティマスグループ	スタンダード（内国株式）	6050	卸売業	13	商社・卸売	-	-	397.0	4.53	18.0	4.53	18.0	4.53	配当あり	いいえ	12.18	0.65	271.7	503.0	318.0	Consumer Cyclical			OK	通常掲載可	OK	4026.0	58.02	119.28	21.3	3.68	-934.0	32.6	55.21	7.92	0
9270	バリュエンスホールディングス	グロース（内国株式）	6050	卸売業	13	商社・卸売	-	-	2133.0	2.11	45.0	2.11	45.0	2.11	配当あり	いいえ	10.65	2.9	281.0	2791.0	814.0	Consumer Cyclical			OK	通常掲載可	OK	84841.1	1.71	4.14	24.81	2.41	-3382.0	200.33	22.46	31.13	0
9271	和心	グロース（内国株式）	6100	小売業	14	小売	-	-	935.0	1.28	12.0	1.28	12.0	1.28	配当あり	いいえ	10.29	4.35	70.4	1301.0	436.0	Consumer Cyclical			OK	通常掲載可	OK	2783.8	20.39	32.88	67.93	0.28	406.6	90.88	13.2	75.22	
9272	ブティックス	グロース（内国株式）	9050	サービス業	10	情報通信・サービスその他	-	-	1462.0						配当未取得		23.1	6.43	144.3	1725.0	1255.0	Consumer Cyclical	配当未取得	1株配当が取得できていない	除外推奨	掲載非推奨	OK_配当データ要確認	5469.9	28.51	25.98	53.53	0.23	1305.6	63.3		6.24	
9273	コーア商事ホールディングス	プライム（内国株式）	6050	卸売業	13	商社・卸売	7	TOPIX Small 2	755.0	2.38	18.0	2.38	18.0	2.38	配当あり	いいえ	8.69	1.04	318.0	919.0	684.0	Healthcare			OK	通常掲載可	OK	22134.1	19.8	0.37	78.28	0.11	3830.7	86.9	20.71	12.87	3
9274	ＫＰＰグループホールディングス	プライム（内国株式）	6050	卸売業	13	商社・卸売	6	TOPIX Small 1	1007.0	3.97	40.0	3.97	40.0	3.97	配当あり	いいえ	11.75	0.7	627.6	1080.0	705.0	Basic Materials			OK	通常掲載可	OK	650368.0	1.55	-2.94	23.87	1.54	16271.0	85.7	46.67	6.4	5
9278	ブックオフグループホールディングス	プライム（内国株式）	6100	小売業	14	小売	7	TOPIX Small 2	1924.0	1.56	30.0	1.55	30.0	1.56	配当あり	いいえ	18.48	1.63	337.7	2259.0	1304.0	Consumer Cyclical			OK	通常掲載可	OK	119205.0	2.9	6.76	32.46	1.43	577.0	104.09	28.82	11.85	0
9279	ギフトホールディングス	プライム（内国株式）	6100	小売業	14	小売	7	TOPIX Small 2	4125.0	0.63	26.0	0.62	26.0	0.63	配当あり	いいえ	28.82	6.86	826.9	4970.0	2943.0	Consumer Cyclical			OK	通常掲載可	OK	35878.1	9.39	26.01	46.99	0.56	-1102.3	143.14	18.16	27.08	5
9301	三菱倉庫	プライム（内国株式）	5200	倉庫・運輸関連業	12	運輸・物流	4	TOPIX Mid400	1555.0	2.83	44.0	2.83	44.0	2.83	配当あり	いいえ	9.9	1.41	5314.5	1566.5	1066.5	Industrials			OK	通常掲載可	OK	273443.0	5.82	-3.74	59.32	0.3	6531.0	157.06	28.01	14.42	5
9302	三井倉庫ホールディングス	プライム（内国株式）	5200	倉庫・運輸関連業	12	運輸・物流	4	TOPIX Mid400	3541.0	1.41	50.0	1.41	50.0	1.41	配当あり	いいえ	22.83	1.91	2673.8	4390.0	3327.0	Industrials			OK	通常掲載可	OK	299470.0	7.38	6.67	45.72	0.6	12082.0	155.1	32.24	10.14	0
9303	住友倉庫	プライム（内国株式）	5200	倉庫・運輸関連業	12	運輸・物流	6	TOPIX Small 1	3755.0	2.74	103.0	2.74	103.0	2.74	配当あり	いいえ	16.27	0.91	2855.9	4285.0	2932.0	Industrials			OK	通常掲載可	OK	196241.0	5.82	1.47	61.18	0.25	1336.0	230.82	44.62	6.24	2
9304	澁澤倉庫	プライム（内国株式）	5200	倉庫・運輸関連業	12	運輸・物流	7	TOPIX Small 2	1602.0	4.37	70.0	4.37	70.0	4.37	配当あり	いいえ	14.2	1.33	926.8	1649.0	992.5	Industrials			OK	通常掲載可	OK	79738.0	5.14	1.43	57.31	0.41	3612.0	112.78	62.07	9.57	7
9305	ヤマタネ	プライム（内国株式）	6050	卸売業	13	商社・卸売	7	TOPIX Small 2	2023.0	4.2	85.0	4.2	85.0	4.2	配当あり	いいえ	7.93	0.67	427.4	3280.0	1914.0	Industrials			OK	通常掲載可	OK	88674.0	6.61	9.58	35.77	1.27	5205.0	255.1	33.32	9.02	3
9306	東陽倉庫	スタンダード（内国株式）	5200	倉庫・運輸関連業	12	運輸・物流	-	-	1996.0	4.01	80.0	4.01	80.0	4.01	配当あり	いいえ	9.07	0.52	150.1	2166.0	1584.0	Industrials			OK	通常掲載可	OK	30161.1	4.56	3.34	57.84	0.51	194.4	219.96	36.37	5.96	5
9307	杉村倉庫	スタンダード（内国株式）	5200	倉庫・運輸関連業	12	運輸・物流	-	-	961.0	2.08	20.0	2.08	20.0	2.08	配当あり	いいえ	15.65	0.89	156.8	1119.0	730.0	Industrials			OK	通常掲載可	OK	11242.5	12.55	0.06	78.12	0.14	1271.0	61.41	32.57	5.6	4
9308	乾汽船	スタンダード（内国株式）	5100	海運業	12	運輸・物流	7	TOPIX Small 2	1472.0	2.36	34.72	2.36	34.72	2.36	配当あり	いいえ	43.29	0.99	370.7	1742.0	1161.0	Industrials			OK	通常掲載可	OK	33636.0	6.42	5.87	47.54	0.86	478.0	34.0	102.12	2.24	1
9310	日本トランスシティ	プライム（内国株式）	5200	倉庫・運輸関連業	12	運輸・物流	7	TOPIX Small 2	1140.0	3.82	43.5	3.82	43.5	3.82	配当あり	いいえ	10.8	0.7	705.2	1445.0	1050.0	Industrials			OK	通常掲載可	OK	125517.0	6.81	0.6	57.92	0.35	4229.0	105.54	41.22	6.79	4
9311	アサガミ	スタンダード（内国株式）	5200	倉庫・運輸関連業	12	運輸・物流	-	-	7780.0	1.8	140.0	1.83	140.0	1.8	配当あり	いいえ	6.08	0.47	110.1	9700.0	5800.0	Industrials			OK	通常掲載可	OK	39123.1	6.6	0.46	51.59	0.35	2596.6	1279.03	10.95	7.94	0
9312	ケイヒン	スタンダード（内国株式）	5200	倉庫・運輸関連業	12	運輸・物流	-	-	2782.0	3.95	110.0	3.95	110.0	3.95	配当あり	いいえ	7.23	0.54	181.6	3500.0	2500.0	Industrials			OK	通常掲載可	OK	50309.0	6.81	-0.28	56.54	0.36	5625.0	384.75	28.59	7.92	1
9313	丸八倉庫	スタンダード（内国株式）	5200	倉庫・運輸関連業	12	運輸・物流	-	-	1070.0	2.43	26.0	2.43	26.0	2.43	配当あり	いいえ	20.37	0.48	63.4	1111.0	805.0	Industrials			OK	通常掲載可	OK	4931.0	10.09	-1.21	62.66	0.43	-2520.5	52.54	49.49	2.46	2
9319	中央倉庫	プライム（内国株式）	5200	倉庫・運輸関連業	12	運輸・物流	7	TOPIX Small 2	1810.0	2.32	42.0	2.32	42.0	2.32	配当あり	いいえ	16.0	0.66	321.8	2255.0	1296.0	Industrials			OK	通常掲載可	OK	28029.3	7.32	0.68	76.64	0.15	-97.6	113.13	37.13	4.37	4
9322	川西倉庫	スタンダード（内国株式）	5200	倉庫・運輸関連業	12	運輸・物流	-	-	2390.0	1.34	32.0	1.34	32.0	1.34	配当あり	いいえ	29.41	0.83	183.7	3125.0	1114.0	Industrials			OK	通常掲載可	OK	26400.9	4.29	3.36	54.92	0.43	880.6	81.26	39.38	2.6	4
9324	安田倉庫	プライム（内国株式）	5200	倉庫・運輸関連業	12	運輸・物流	7	TOPIX Small 2	2434.0	3.04	74.0	3.04	74.0	3.04	配当あり	いいえ	10.31	0.65	700.0	2667.0	1784.0	Industrials			OK	通常掲載可	OK	80025.0	5.36	6.54	46.13	0.73	1194.0	236.1	31.34	6.68	4
9325	ファイズホールディングス	スタンダード（内国株式）	5200	倉庫・運輸関連業	12	運輸・物流	-	-	1110.0	3.42	38.0	3.39	38.0	3.42	配当あり	いいえ	11.76	2.56	119.3	1378.0	999.0	Industrials			OK	通常掲載可	OK	40322.9	3.8	27.54	33.87	0.89	300.6	94.35	40.28	4.97	1
9326	関通ホールディングス	グロース（内国株式）	5200	倉庫・運輸関連業	12	運輸・物流	-	-	413.0	2.42	10.0	2.42	10.0	2.42	配当あり	いいえ	20.7	1.88	41.9	628.0	350.0	Industrials			OK	通常掲載可	OK	18346.0	1.74	20.14	19.18	3.27	-22.5	19.95	50.13	9.51	0
9327	イー・ロジット	スタンダード（内国株式）	5200	倉庫・運輸関連業	12	運輸・物流	-	-	205.0						配当未取得			-0.72	32.5	455.0	182.0	Industrials	配当未取得	1株配当が取得できていない	除外推奨	掲載非推奨	OK_配当データ要確認	9551.0	-1.39	-6.9	49.77	0.18	-169.5	-16.95		-3288.0	
9330	揚羽	グロース（内国株式）	9050	サービス業	10	情報通信・サービスその他	-	-	848.0						配当未取得				12.2	1505.0	766.0	Communication Services	配当未取得	1株配当が取得できていない	除外推奨	掲載非推奨	OK_配当データ要確認	1547.1	-4.76	-0.89	68.83	0.2	201.5	-54.87			
9331	キャスター	グロース（内国株式）	9050	サービス業	10	情報通信・サービスその他	-	-	786.0						配当未取得			2.25	15.4	1343.0	655.0	Industrials	配当未取得	1株配当が取得できていない	除外推奨	掲載非推奨	OK_配当データ要確認	4588.1	-8.35	3.33	37.92	0.65	-381.9	-64.61			
9332	ＮＩＳＳＯホールディングス	プライム（内国株式）	9050	サービス業	10	情報通信・サービスその他	7	TOPIX Small 2	576.0	4.34	25.0	4.34	25.0	4.34	配当あり	いいえ	10.2	1.06	194.0	732.0	557.0	Industrials			OK	通常掲載可	OK	111430.0	2.86	9.72	53.39	0.06	1262.0	56.47	44.27	10.89	2
9336	大栄環境	プライム（内国株式）	9050	サービス業	10	情報通信・サービスその他	6	TOPIX Small 1	3735.0	1.47	55.0	1.45	55.0	1.47	配当あり	いいえ	23.64	3.4	3729.3	4365.0	2898.0	Industrials			OK	通常掲載可	OK	87855.0	25.26	9.57	42.21	1.05	8199.0	157.99	34.81	15.51	0
9337	トリドリ	グロース（内国株式）	9050	サービス業	10	情報通信・サービスその他	-	-	1510.0						配当未取得		11.55	2.59	49.9	3590.0	1430.0	Technology	配当未取得	1株配当が取得できていない	除外推奨	掲載非推奨	OK_配当データ要確認	5372.8	13.17	25.72	27.08	1.31	43.8	130.77		29.75	
9338	ＩＮＦＯＲＩＣＨ	グロース（内国株式）	9050	サービス業	10	情報通信・サービスその他	-	-							配当未取得								yfinanceデータなし	yfinanceで株価・配当データが取得できなかった	除外推奨	掲載非推奨	データなし										
9339	コーチ・エィ	スタンダード（内国株式）	9050	サービス業	10	情報通信・サービスその他	-	-	1271.0	1.57	20.0	1.54	20.0	1.57	配当あり	いいえ	30.86	0.96	30.0	1550.0	947.0	Consumer Defensive			OK	通常掲載可	OK	3501.9	6.05	-3.87	71.14		80.4	41.18	48.57	4.46	0
9340	アソインターナショナル	スタンダード（内国株式）	9050	サービス業	10	情報通信・サービスその他	-	-	689.0	3.77	26.0	3.77	26.0	3.77	配当あり	いいえ	14.51	2.19	67.6	762.0	590.0	Healthcare			OK	通常掲載可	OK	3544.8	15.38	11.12	86.76	0.0	386.4	47.47	54.77	16.94	0
9341	ＧＥＮＯＶＡ	プライム（内国株式）	9050	サービス業	10	情報通信・サービスその他	7	TOPIX Small 2	586.0	5.12	30.0	5.12	30.0	5.12	配当あり	いいえ	36.9	1.47	101.6	752.0	541.0	Healthcare			OK	通常掲載可	OK	11566.0	3.46	15.59	67.26	0.11	-47.0	15.88	188.92	3.96	
9342	スマサポ	グロース（内国株式）	9050	サービス業	10	情報通信・サービスその他	-	-	822.0						配当未取得		27.47	3.25	19.8	1431.0	738.0	Real Estate	配当未取得	1株配当が取得できていない	除外推奨	掲載非推奨	OK_配当データ要確認	2816.6	6.76	5.29	68.77	0.0	88.7	29.92		12.58	
9343	アイビス	グロース（内国株式）	9050	サービス業	10	情報通信・サービスその他	-	-	755.0	1.59	12.0	1.59	12.0	1.59	配当あり	いいえ	17.11	4.67	139.1	834.0	577.0	Technology			OK	通常掲載可	OK	5005.1	24.02	8.21	69.23	0.02	796.2	44.13	27.19	27.29	2
9344	アクシスコンサルティング	グロース（内国株式）	9050	サービス業	10	情報通信・サービスその他	-	-	925.0	3.78	35.0	3.77	35.0	3.78	配当あり	いいえ	32.79	1.46	46.0	979.0	720.0	Industrials			OK	通常掲載可	OK	5271.0	4.0	29.13	73.62	0.11	-296.0	28.21	124.07	17.25	
9345	ビズメイツ	グロース（内国株式）	9050	サービス業	10	情報通信・サービスその他	-	-	560.0	5.36	30.0	5.47	30.0	5.36	配当あり	いいえ	9.12	0.95	18.2	1338.5	526.0	Consumer Defensive			OK	通常掲載可	OK	3491.2	8.12	0.49	71.34	0.05	50.7	61.43	48.84	11.36	0
9346	ココルポート	グロース（内国株式）	9050	サービス業	10	情報通信・サービスその他	-	-	1634.0	3.73	61.0	3.73	61.0	3.73	配当あり	いいえ	10.14	1.92	60.1	2075.0	1511.0	Industrials			OK	通常掲載可	OK	6376.8	12.11	10.88	75.73	0.0	496.9	161.11	37.86	21.44	
9347	日本管財ホールディングス	プライム（内国株式）	9050	サービス業	10	情報通信・サービスその他	7	TOPIX Small 2	2631.0	2.28	60.0	2.28	60.0	2.28	配当あり	いいえ	13.53	1.28	955.6	3095.0	2573.0	Real Estate			OK	通常掲載可	OK	150258.0	5.79	7.43	69.93	0.07	8543.0	194.43	30.86	10.27	0
9348	ｉｓｐａｃｅ	グロース（内国株式）	9050	サービス業	10	情報通信・サービスその他	-	-	440.0						配当未取得			4.24	643.7	710.0	409.0	Technology	配当未取得	1株配当が取得できていない	除外推奨	掲載非推奨	OK_配当データ要確認	3307.1	-350.16	-30.28	31.81	1.94	-15638.1	-64.64		-73.5	
9351	東洋埠頭	スタンダード（内国株式）	5200	倉庫・運輸関連業	12	運輸・物流	-	-	1833.0	4.36	80.0	4.36	80.0	4.36	配当あり	いいえ	9.19	0.43	131.5	2100.0	1345.0	Industrials			OK	通常掲載可	OK	38079.0	3.94	8.49	54.7	0.55	3261.0	199.43	40.11	5.14	1
9353	櫻島埠頭	スタンダード（内国株式）	5200	倉庫・運輸関連業	12	運輸・物流	-	-	2750.0	1.96	54.0	1.96	54.0	1.96	配当あり	いいえ	14.37	0.52	41.8	3850.0	1523.0	Industrials			OK	通常掲載可	OK	4260.7	5.89	-1.79	66.16	0.17	57.3	191.4	28.21	3.86	1
9355	リンコーコーポレーション	スタンダード（内国株式）	5200	倉庫・運輸関連業	12	運輸・物流	-	-	2166.0	1.85	40.0	1.85	40.0	1.85	配当あり	いいえ	5.31	0.29	56.9	2273.0	1738.0	Industrials			OK	通常掲載可	OK	13856.1	3.54	2.31	50.04	0.46	562.8	408.07	9.8	5.61	1
9360	鈴与シンワート	スタンダード（内国株式）	5250	情報・通信業	10	情報通信・サービスその他	-	-	2764.0	4.34	120.0	4.34	120.0	4.34	配当あり	いいえ	7.33	1.43	78.6	3300.0	2691.0	Technology			OK	通常掲載可	OK	20670.0	8.44	8.13	40.52	0.34	132.0	377.01	31.83	21.59	4
9361	伏木海陸運送	スタンダード（内国株式）	5200	倉庫・運輸関連業	12	運輸・物流	-	-	2025.0	2.47	50.0	2.47	50.0	2.47	配当あり	いいえ	6.79	0.41	52.4	2497.0	1595.0	Industrials			OK	通常掲載可	OK	12935.6	5.73	-1.0	47.96	0.54	-244.2	298.08	16.77	7.55	1
9362	兵機海運	スタンダード（内国株式）	5200	倉庫・運輸関連業	12	運輸・物流	-	-	3635.0	3.03	110.0	3.06	110.0	3.03	配当あり	いいえ	10.87	0.93	43.6	4100.0	3135.0	Industrials			OK	通常掲載可	OK	13389.0	3.26	-2.46	43.34	0.85	156.0	334.42	32.89	8.99	0
9363	大運	スタンダード（内国株式）	5200	倉庫・運輸関連業	12	運輸・物流	-	-	523.0	3.06	16.0	3.06	16.0	3.06	配当あり	いいえ	7.58	1.87	25.4	587.0	402.0	Industrials			OK	通常掲載可	OK	9211.7	3.77	6.22	66.32	0.13	508.6	69.03	23.18	4.65	2
9364	上組	プライム（内国株式）	5200	倉庫・運輸関連業	12	運輸・物流	4	TOPIX Mid400	5096.0	4.12	210.0	4.12	210.0	4.12	配当あり	いいえ	16.34	1.27	5030.8	5818.0	3988.0	Industrials			OK	通常掲載可	OK	294758.0	12.4	5.58	73.46	0.18	35717.0	311.88	67.33	8.02	5
9365	トレーディア	スタンダード（内国株式）	5200	倉庫・運輸関連業	12	運輸・物流	-	-	1569.0	3.19	50.0	3.19	50.0	3.19	配当あり	いいえ	6.47	0.39	23.0	1700.0	1247.0	Industrials			OK	通常掲載可	OK	16447.2	1.43	-1.2	44.4	0.81	-931.3	242.41	20.63	6.85	0
9366	サンリツ	スタンダード（内国株式）	5200	倉庫・運輸関連業	12	運輸・物流	-	-	992.0	3.83	38.0	3.8	38.0	3.83	配当あり	いいえ	8.38	0.46	55.9	1091.0	785.0	Industrials			OK	通常掲載可	OK	20532.9	5.04	2.04	45.62	0.82	-3176.6	118.44	32.08	5.72	0
9367	大東港運	スタンダード（内国株式）	5200	倉庫・運輸関連業	12	運輸・物流	-	-	1880.0	1.7	32.0	1.7	32.0	1.7	配当あり	いいえ	18.66	1.54	162.5	2737.0	725.0	Industrials			OK	通常掲載可	OK	18132.1	6.04	8.18	67.02	0.22	158.0	100.77	31.76	8.94	1
9368	キムラユニティー	スタンダード（内国株式）	5200	倉庫・運輸関連業	12	運輸・物流	-	-	878.0	4.33	38.0	4.33	38.0	4.33	配当あり	いいえ	11.26	0.82	361.1	983.0	785.0	Industrials			OK	通常掲載可	OK	64546.0	7.68	5.59	62.07	0.1	2959.0	77.97	48.74	7.72	4
9369	キユーソー流通システム	スタンダード（内国株式）	5200	倉庫・運輸関連業	12	運輸・物流	7	TOPIX Small 2	3190.0	0.75	24.0	0.73	24.0	0.75	配当あり	いいえ	30.96	1.72	792.9	3680.0	2440.0	Industrials			OK	通常掲載可	OK	202602.0	2.79	3.8	33.16	1.04	-2941.0	103.04	23.29	5.77	2
9376	ユーラシア旅行社	スタンダード（内国株式）	9050	サービス業	10	情報通信・サービスその他	-	-	781.0	6.4	50.0	6.4	50.0	6.4	配当あり	いいえ	51.55	1.67	28.8	997.0	496.0	Consumer Cyclical			OK	通常掲載可	OK	4787.7	2.4	4.12	57.3		128.3	15.15	330.03	3.2	1
9380	東海運	スタンダード（内国株式）	5200	倉庫・運輸関連業	12	運輸・物流	-	-	408.0	2.21	9.0	2.21	9.0	2.21	配当あり	いいえ	15.67	0.61	113.5	443.0	320.0	Industrials			OK	通常掲載可	OK	40148.4	2.16	1.9	41.94	0.7	-1964.0	26.03	34.58	4.04	0
9381	エーアイテイー	プライム（内国株式）	5200	倉庫・運輸関連業	12	運輸・物流	7	TOPIX Small 2	2284.0	4.82	110.0	4.82	110.0	4.82	配当あり	いいえ	16.75	2.62	536.6	2329.0	1785.0	Industrials			OK	通常掲載可	OK	58399.0	7.19	4.96	74.26	0.01	3434.0	136.35	80.67	16.33	1
9385	ショーエイコーポレーション	スタンダード（内国株式）	3200	化学	4	素材・化学	-	-	715.0	4.9	35.0	4.95	35.0	4.9	配当あり	いいえ	6.4	1.08	55.2	848.0	540.0	Communication Services			OK	通常掲載可	OK	19047.0	6.99	0.08	46.65	0.65	829.4	111.75	31.32	18.13	0
9401	ＴＢＳホールディングス	プライム（内国株式）	5250	情報・通信業	10	情報通信・サービスその他	4	TOPIX Mid400	6411.0	1.56	100.0	1.61	100.0	1.56	配当あり	いいえ	18.8	0.89	10054.7	6467.0	4684.0	Communication Services			OK	通常掲載可	OK	424850.0	5.83	4.46	69.26	0.07	-6522.0	341.07	29.32	5.07	4
9404	日本テレビホールディングス	プライム（内国株式）	5250	情報・通信業	10	情報通信・サービスその他	4	TOPIX Mid400	2821.5	1.59	45.0	1.61	45.0	1.59	配当あり	いいえ	12.36	0.7	6908.0	4211.0	2652.0	Communication Services			OK	通常掲載可	OK	484418.0	14.31	4.87	77.58	0.01	50667.0	228.26	19.71	6.11	0
9405	朝日放送グループホールディングス	プライム（内国株式）	5250	情報・通信業	10	情報通信・サービスその他	7	TOPIX Small 2	775.0	3.1	24.0	3.1	24.0	3.1	配当あり	いいえ	7.26	0.39	323.2	952.0	667.0	Communication Services			OK	通常掲載可	OK	95998.0	4.96	4.43	61.41	0.17	5073.0	106.72	22.49	5.5	1
9408	ＢＳＮメディアホールディングス	スタンダード（内国株式）	5250	情報・通信業	10	情報通信・サービスその他	-	-	2725.0	0.66	18.0	0.66	18.0	0.66	配当あり	いいえ	11.76	0.61	162.2	2935.0	1975.0	Technology			OK	通常掲載可	OK	25756.6	6.75	5.67	71.97	0.06	1657.3	231.71	7.77	5.66	2
9409	テレビ朝日ホールディングス	プライム（内国株式）	5250	情報・通信業	10	情報通信・サービスその他	6	TOPIX Small 1	3155.0	3.17	100.0	3.18	100.0	3.17	配当あり	いいえ	10.67	0.68	3172.0	3800.0	2641.0	Communication Services			OK	通常掲載可	OK	339487.0	7.71	4.76	80.07		11237.0	295.62	33.83	6.53	2
9412	スカパーＪＳＡＴ	プライム（内国株式）	5250	情報・通信業	10	情報通信・サービスその他	6	TOPIX Small 1	2552.0	1.88	48.0	1.88	48.0	1.88	配当あり	いいえ	31.06	2.38	7233.4	4720.0	1298.0	Communication Services			OK	通常掲載可	OK	127584.0	27.65	3.12	74.44	0.11	3557.0	82.17	58.42	8.0	3
9413	テレビ東京ホールディングス	プライム（内国株式）	5250	情報・通信業	10	情報通信・サービスその他	6	TOPIX Small 1	3675.0	2.72	100.0	2.72	100.0	2.72	配当あり	いいえ	12.55	0.91	978.5	5110.0	3315.0	Communication Services			OK	通常掲載可	OK	164915.0	6.92	5.83	68.95	0.06	11870.0	292.9	34.14	7.36	1
9414	日本ＢＳ放送	スタンダード（内国株式）	5250	情報・通信業	10	情報通信・サービスその他	-	-	913.0	3.29	30.0	3.29	30.0	3.29	配当あり	いいえ	14.29	0.66	162.8	1169.0	886.0	Communication Services			OK	通常掲載可	OK	11812.7	16.36	-3.5	90.81	0.0	1798.5	63.91	46.94	11.43	0
9416	ビジョン	プライム（内国株式）	5250	情報・通信業	10	情報通信・サービスその他	6	TOPIX Small 1	964.0	6.02	58.0	6.02	58.0	6.02	配当あり	いいえ	10.53	2.28	469.9	1343.0	949.0	Communication Services			OK	通常掲載可	OK	39012.4	16.57	9.8	70.54	0.09	1654.7	91.58	63.33	22.58	1
9417	スマートバリュー	スタンダード（内国株式）	5250	情報・通信業	10	情報通信・サービスその他	-	-	324.0	3.09	10.0	3.09	10.0	3.09	配当あり	いいえ	7.21	2.3	32.2	531.0	283.0	Technology			OK	通常掲載可	OK	3814.7	-8.09	-1.51	41.85	0.55	-693.2	44.91	22.27	13.71	1
9418	Ｕ－ＮＥＸＴ　ＨＯＬＤＩＮＧＳ	プライム（内国株式）	5250	情報・通信業	10	情報通信・サービスその他	6	TOPIX Small 1	1629.0	1.04	17.0	1.04	17.0	1.04	配当あり	いいえ	15.6	2.79	2938.3	2312.0	1504.0	Industrials			OK	通常掲載可	OK	390408.0	8.2	19.48	37.56	0.72	3733.0	104.42	16.28	18.16	6
9419	ワイヤレスゲート	スタンダード（内国株式）	5250	情報・通信業	10	情報通信・サービスその他	-	-	287.0						配当未取得		11.16	1.87	31.2	354.0	232.0	Communication Services	配当未取得	1株配当が取得できていない	除外推奨	掲載非推奨	OK_配当データ要確認	8348.6	2.05	-1.35	36.19	0.59	164.5	25.72		16.76	0
9421	エヌジェイホールディングス	スタンダード（内国株式）	5250	情報・通信業	10	情報通信・サービスその他	-	-	500.0						配当未取得		44.84	1.65	26.5	692.0	499.0	Communication Services	配当未取得	1株配当が取得できていない	除外推奨	掲載非推奨	OK_配当データ要確認	9698.1	1.06	-4.28	40.07	0.7	661.1	11.15		4.56	0
9423	フォーバル・リアルストレート	スタンダード（内国株式）	5250	情報・通信業	10	情報通信・サービスその他	-	-	102.0	2.94	3.0	2.94	3.0	2.94	配当あり	いいえ	14.33	3.32	24.7	150.0	99.0	Real Estate			OK	通常掲載可	OK	3139.8	4.03	2.4	48.53		56.7	7.12	42.13	23.17	4
9424	日本通信	プライム（内国株式）	5250	情報・通信業	10	情報通信・サービスその他	7	TOPIX Small 2	105.0						配当未取得		23.6	3.79	175.1	177.0	104.0	Communication Services	配当未取得	1株配当が取得できていない	除外推奨	掲載非推奨	OK_配当データ要確認	11633.8	9.75	25.92	38.52	1.24	-711.5	4.45		15.32	
9425	ＲｅＹｕｕ　Ｊａｐａｎ	スタンダード（内国株式）	5250	情報・通信業	10	情報通信・サービスその他	-	-	215.0						配当未取得			0.91	14.7	1413.0	149.0	Technology	配当未取得	1株配当が取得できていない	除外推奨	掲載非推奨	OK_配当データ要確認	6259.2	-2.62	32.27	60.34	0.47	-128.7	-18.61		2.53	
9428	クロップス	スタンダード（内国株式）	5250	情報・通信業	10	情報通信・サービスその他	-	-	1282.0	2.5	32.0	2.5	32.0	2.5	配当あり	いいえ	13.04	0.91	121.2	1764.0	1132.0	Communication Services			OK	通常掲載可	OK	67497.0	5.34	9.63	32.67	0.26	2919.0	98.33	32.54	10.33	0
9432	ＮＴＴ	プライム（内国株式）	5250	情報・通信業	10	情報通信・サービスその他	1	TOPIX Core30	142.8	3.78	5.4	3.78	5.4	3.78	配当あり	いいえ	11.5	1.2	116272.9	167.2	142.6	Communication Services			OK	通常掲載可	OK	14409121.0	12.4	5.14	20.82	1.74	-770542.0	12.42	43.48	10.04	22
9433	ＫＤＤＩ	プライム（内国株式）	5250	情報・通信業	10	情報通信・サービスその他	1	TOPIX Core30	2655.0	3.16	84.0	3.16	84.0	3.16	配当あり	いいえ	14.47	1.99	101077.9	2827.0	2307.5	Communication Services			OK	通常掲載可	OK	6071915.0	17.44	4.05	26.63	1.14	1109847.0	183.46	45.79	14.01	1
9434	ソフトバンク	プライム（内国株式）	5250	情報・通信業	10	情報通信・サービスその他	1	TOPIX Core30	206.4	4.26	8.8	4.23	8.8	4.26	配当あり	いいえ	18.45	3.34	98718.9	247.9	202.6	Communication Services			OK	通常掲載可	OK	7038680.0	14.81	7.55	15.99	2.19	621214.0	11.19	78.64	16.27	0
94345	ソフトバンク第１回社債型種類株式	プライム（内国株式）	5250	情報・通信業	10	情報通信・サービスその他	-	-	3800.0	2.63	100.0	2.64	100.0	2.63	配当あり	いいえ		61.41		3848.0	3710.0	Communication Services			OK	通常掲載可	OK	7038680.0	14.81	7.55	15.99	2.19	621214.0			16.27	1
94346	ソフトバンク第２回社債型種類株式	プライム（内国株式）	5250	情報・通信業	10	情報通信・サービスその他	-	-	7582.0	3.38	256.0	3.38	256.0	3.38	配当あり	いいえ		122.53		7720.0	7410.0	Communication Services			OK	通常掲載可	OK	7038680.0	14.81	7.55	15.99	2.19	621214.0			16.27	
9435	光通信	プライム（内国株式）	5250	情報・通信業	10	情報通信・サービスその他	4	TOPIX Mid400	34320.0	2.27	780.0	2.27	780.0	2.27	配当あり	いいえ	10.33	1.27	15027.5	45950.0	33190.0	Industrials			OK	通常掲載可	OK	734791.0	15.88	7.03	41.55	0.92	63283.0	3322.18	23.48	14.46	15
9436	沖縄セルラー電話	スタンダード（内国株式）	5250	情報・通信業	10	情報通信・サービスその他	-	-	3640.0	1.92	70.0	1.92	70.0	1.92	配当あり	いいえ	25.64	3.39	3350.7	3815.0	2427.5	Communication Services			OK	通常掲載可	OK	86348.0	21.65	2.41	82.16	0.0	10344.0	141.96	49.31	13.45	13
9438	エムティーアイ	プライム（内国株式）	5250	情報・通信業	10	情報通信・サービスその他	7	TOPIX Small 2	531.0	3.77	20.0	3.77	20.0	3.77	配当あり	いいえ	8.44	1.49	294.9	954.0	527.0	Healthcare			OK	通常掲載可	OK	29910.9	9.85	8.1	55.22	0.09	4297.3	62.92	31.79	16.71	2
9439	エム・エイチ・グループ	スタンダード（内国株式）	9050	サービス業	10	情報通信・サービスその他	-	-	244.0	0.41	1.0	0.4	1.0	0.41	配当あり	いいえ		5.71	28.2	268.0	204.0	Consumer Cyclical			OK	通常掲載可	OK	1877.7	1.23	-1.3	30.26	0.25	42.8	-2.51		-8.88	0
9441	ベルパーク	スタンダード（内国株式）	5250	情報・通信業	10	情報通信・サービスその他	-	-	2398.0	4.25	102.0	4.25	102.0	4.25	配当あり	いいえ	9.12	1.05	293.5	3220.0	1920.0	Consumer Cyclical			OK	通常掲載可	OK	129301.0	4.55	11.43	61.82	0.0	4535.7	263.06	38.77	13.63	3
9444	トーシンホールディングス	スタンダード（内国株式）	5250	情報・通信業	10	情報通信・サービスその他	-	-	222.0						配当未取得		6.15	0.51	14.4	632.0	163.0	Consumer Cyclical	配当未取得	1株配当が取得できていない	除外推奨	掲載非推奨	OK_配当データ要確認	17477.5	0.26	2.0	9.74	6.91	-765.8	36.08		-8.77	0
9445	フォーバルテレコム	スタンダード（内国株式）	5250	情報・通信業	10	情報通信・サービスその他	-	-	533.0	5.25	28.0	5.25	28.0	5.25	配当あり	いいえ	9.06	2.27	89.3	600.0	502.0	Communication Services			OK	通常掲載可	OK	23973.0	5.17	-6.67	36.73	0.0	350.3	58.81	47.61	27.13	2
9446	サカイホールディングス	スタンダード（内国株式）	5250	情報・通信業	10	情報通信・サービスその他	-	-	670.0	5.37	36.0	5.37	36.0	5.37	配当あり	いいえ	6.2	1.04	50.6	758.0	450.0	Communication Services			OK	通常掲載可	OK	17017.0	8.61	9.89	22.53	2.79	1876.9	108.07	33.31	19.21	1
9449	ＧＭＯインターネットグループ	プライム（内国株式）	5250	情報・通信業	10	情報通信・サービスその他	4	TOPIX Mid400	3370.0	2.52	84.8	2.52	84.8	2.52	配当あり	いいえ	20.58	2.97	3315.1	4118.0	2731.5	Communication Services			OK	通常掲載可	OK	285377.0	20.72	2.19	4.48	5.45	70887.0	163.78	51.78	18.71	1
9450	ファイバーゲート	スタンダード（内国株式）	5250	情報・通信業	10	情報通信・サービスその他	7	TOPIX Small 2	755.0	3.58	27.0	3.58	27.0	3.58	配当あり	いいえ	11.85	2.2	151.9	787.0	653.0	Communication Services			OK	通常掲載可	OK	12613.0	18.92	-1.42	44.27	0.77	472.0	63.7	42.39	19.11	5
9466	アイドママーケティングコミュニケーション	スタンダード（内国株式）	5250	情報・通信業	10	情報通信・サービスその他	-	-	221.0	4.52	10.0	4.52	10.0	4.52	配当あり	いいえ	16.15	0.86	29.0	256.0	216.0	Communication Services			OK	通常掲載可	OK	4761.9	5.64	-14.76	77.34	0.12	101.0	13.68	73.1	5.37	2
9467	アルファポリス	グロース（内国株式）	5250	情報・通信業	10	情報通信・サービスその他	-	-	969.0	2.79	27.0	2.79	27.0	2.79	配当あり	いいえ	12.11	1.8	281.6	1731.0	940.0	Communication Services			OK	通常掲載可	OK	16610.1	20.81	21.95	78.27	0.01	1877.8	80.04	33.73	15.8	
9468	ＫＡＤＯＫＡＷＡ	プライム（内国株式）	5250	情報・通信業	10	情報通信・サービスその他	4	TOPIX Mid400	3620.0	1.66	60.0	1.66	60.0	1.66	配当あり	いいえ	434.57	2.14	5320.4	3974.0	2701.5	Communication Services			OK	通常掲載可	OK	282908.0	2.86	1.8	62.82	0.04	-6084.0	8.33	720.29	1.47	0
9470	学研ホールディングス	プライム（内国株式）	5250	情報・通信業	10	情報通信・サービスその他	7	TOPIX Small 2	996.0	2.91	29.0	2.91	29.0	2.91	配当あり	いいえ	12.79	0.78	414.6	1164.0	918.0	Consumer Defensive			OK	通常掲載可	OK	199119.0	4.14	7.3	37.06	0.69	4209.0	77.87	37.24	7.39	1
9474	ゼンリン	プライム（内国株式）	5250	情報・通信業	10	情報通信・サービスその他	7	TOPIX Small 2	866.0	4.85	42.0	4.85	42.0	4.85	配当あり	いいえ	16.89	0.95	462.3	1136.0	841.0	Communication Services			OK	通常掲載可	OK	64277.0	5.45	-0.13	67.9	0.05	1837.0	51.27	81.92	5.51	2
9475	昭文社ホールディングス	スタンダード（内国株式）	5250	情報・通信業	10	情報通信・サービスその他	-	-	491.0	2.04	10.0	2.04	10.0	2.04	配当あり	いいえ	7.35	0.62	88.5	585.0	408.0	Communication Services			OK	通常掲載可	OK	6727.8	7.08	7.53	75.61	0.03	367.1	66.83	14.96	8.88	0
9476	中央経済社ホールディングス	スタンダード（内国株式）	5250	情報・通信業	10	情報通信・サービスその他	-	-	1039.0	1.25	13.0	1.25	13.0	1.25	配当あり	いいえ	12.59	0.91	40.2	1050.0	570.0	Communication Services			OK	通常掲載可	OK	3256.7	7.2	5.04	71.54	0.1	359.1	82.5	15.76	7.26	1
9478	ＳＥホールディングス・アンド・インキュベーションズ	スタンダード（内国株式）	5250	情報・通信業	10	情報通信・サービスその他	-	-	523.0	0.76	4.0	0.76	4.0	0.76	配当あり	いいえ	13.12	0.71	79.1	560.0	306.0	Communication Services			OK	通常掲載可	OK	7026.0	13.61	-2.98	60.1	0.32	337.0	39.85	10.04	6.24	0
9501	東京電力ホールディングス	プライム（内国株式）	4050	電気・ガス業	11	電力・ガス	4	TOPIX Mid400	455.1						配当未取得			0.22	7293.9	939.4	442.8	Utilities	配当未取得	1株配当が取得できていない	除外推奨	掲載非推奨	OK_配当データ要確認	6328574.0	5.34	-7.07	21.76	1.87	560333.0	-283.53		-12.62	0
9502	中部電力	プライム（内国株式）	4050	電気・ガス業	11	電力・ガス	4	TOPIX Mid400	3118.0	2.25	70.0	2.25	70.0	2.25	配当あり	いいえ	10.15	0.75	23553.2	3203.0	1783.0	Utilities			OK	通常掲載可	OK	3546041.0	6.49	-3.36	41.01	0.94	334428.0	307.12	22.79	7.74	2
9503	関西電力	プライム（内国株式）	4050	電気・ガス業	11	電力・ガス	4	TOPIX Mid400	2270.0	3.52	80.0	3.52	80.0	3.52	配当あり	いいえ	6.7	0.73	25289.1	2826.0	1686.5	Utilities			OK	通常掲載可	OK	4056637.0	10.79	-6.47	35.06	1.06	652381.0	338.91	23.61	11.61	2
9504	中国電力	プライム（内国株式）	4050	電気・ガス業	11	電力・ガス	4	TOPIX Mid400	898.1	3.34	30.0	3.34	30.0	3.34	配当あり	いいえ	4.66	0.42	3229.4	1145.0	713.8	Utilities			OK	通常掲載可	OK	1442301.0	6.26	-5.68	16.82	3.92	237289.0	192.64	15.57	9.23	0
9505	北陸電力	プライム（内国株式）	4050	電気・ガス業	11	電力・ガス	4	TOPIX Mid400	875.0	2.86	25.0	2.86	25.0	2.86	配当あり	いいえ	3.36	0.41	1827.9	1142.0	709.0	Utilities			OK	通常掲載可	OK	786552.0	11.12	-8.36	24.38	2.19	117459.0	260.73	9.59	12.84	1
9506	東北電力	プライム（内国株式）	4050	電気・ガス業	11	電力・ガス	4	TOPIX Mid400	1062.0	3.77	40.0	3.77	40.0	3.77	配当あり	いいえ	6.25	0.48	5311.7	1323.0	972.2	Utilities			OK	通常掲載可	OK	2372420.0	6.76	-10.3	19.39	2.79	370156.0	169.89	23.54	8.01	2
9507	四国電力	プライム（内国株式）	4050	電気・ガス業	11	電力・ガス	4	TOPIX Mid400	1473.5	3.73	55.0	3.73	55.0	3.73	配当あり	いいえ	5.95	0.63	3011.4	1872.5	1183.0	Utilities			OK	通常掲載可	OK	761861.0	8.91	-10.52	27.36	1.84	82290.0	247.84	22.19	11.11	2
9508	九州電力	プライム（内国株式）	4050	電気・ガス業	11	電力・ガス	4	TOPIX Mid400	1642.5	3.04	50.0	3.04	50.0	3.04	配当あり	いいえ	5.22	0.65	7765.4	2017.5	1253.0	Utilities			OK	通常掲載可	OK	2247213.0	10.01	-4.65	19.94	2.73	438745.0	314.7	15.89	13.78	0
9509	北海道電力	プライム（内国株式）	4050	電気・ガス業	11	電力・ガス	4	TOPIX Mid400	925.1	3.57	33.0	3.57	33.0	3.57	配当あり	いいえ	4.51	0.42	1899.7	1295.0	745.0	Utilities			OK	通常掲載可	OK	855982.0	8.56	-5.11	18.49	3.16	114545.0	204.91	16.1	10.3	0
9511	沖縄電力	プライム（内国株式）	4050	電気・ガス業	11	電力・ガス	6	TOPIX Small 1	898.0	3.34	30.0	3.34	30.0	3.34	配当あり	いいえ	7.83	0.37	487.7	1208.0	873.0	Utilities			OK	通常掲載可	OK	220176.0	4.22	-6.92	24.96	2.27	27303.0	114.76	26.14	5.08	2
9513	電源開発	プライム（内国株式）	4050	電気・ガス業	11	電力・ガス	4	TOPIX Mid400	3635.0	3.03	110.0	3.03	110.0	3.03	配当あり	いいえ	11.25	0.46	6397.9	4514.0	2480.5	Utilities			OK	通常掲載可	OK	1182259.0	8.54	-10.21	37.58	1.34	224265.0	323.15	34.04	4.93	0
9514	エフオン	スタンダード（内国株式）	4050	電気・ガス業	11	電力・ガス	7	TOPIX Small 2	314.0	2.55	8.0	2.55	8.0	2.55	配当あり	いいえ	11.51	0.32	66.4	458.0	310.0	Utilities			OK	通常掲載可	OK	17473.0	3.43	3.09	40.28	1.31	1931.0	27.29	29.31	12.11	0
9517	イーレックス	プライム（内国株式）	4050	電気・ガス業	11	電力・ガス	7	TOPIX Small 2	748.0	2.94	22.0	2.94	22.0	2.94	配当あり	いいえ	10.89	0.83	583.6	1118.0	598.0	Utilities			OK	通常掲載可	OK	169170.0	4.44	-1.2	41.38	0.79	13094.0	68.67	32.04	6.91	0
9519	レノバ	プライム（内国株式）	4050	電気・ガス業	11	電力・ガス	6	TOPIX Small 1	966.0						配当未取得		26.95	0.71	873.2	1400.0	616.0	Utilities	配当未取得	1株配当が取得できていない	除外推奨	掲載非推奨	OK_配当データ要確認	87622.0	8.42	24.74	20.09	2.77	22348.0	35.84		2.89	
9531	東京瓦斯	プライム（内国株式）	4050	電気・ガス業	11	電力・ガス	4	TOPIX Mid400	5987.0	2.0	120.0	2.0	120.0	2.0	配当あり	いいえ	9.35	1.16	19875.9	7967.0	4708.0	Utilities			OK	通常掲載可	OK	2834749.0	6.97	7.51	44.13	0.7	156190.0	640.61	18.73	12.76	2
9532	大阪瓦斯	プライム（内国株式）	4050	電気・ガス業	11	電力・ガス	4	TOPIX Mid400	5298.0	2.45	130.0	2.45	130.0	2.45	配当あり	いいえ	13.95	1.13	20201.5	6828.0	3647.0	Utilities			OK	通常掲載可	OK	2030302.0	8.61	-1.87	54.38	0.44	89623.0	379.87	34.22	8.5	5
9533	東邦瓦斯	プライム（内国株式）	4050	電気・ガス業	11	電力・ガス	4	TOPIX Mid400	1218.5	1.85	22.5	1.85	22.5	1.85	配当あり	いいえ	14.51	0.93	4383.8	1425.75	1017.0	Utilities			OK	通常掲載可	OK	651085.0	4.88	-0.75	58.99	0.32	65607.0	83.95	26.8	6.79	2
9534	北海道瓦斯	プライム（内国株式）	4050	電気・ガス業	11	電力・ガス	7	TOPIX Small 2	741.0	3.64	27.0	3.64	27.0	3.64	配当あり	いいえ	5.7	0.67	654.1	930.0	580.0	Utilities			OK	通常掲載可	OK	174519.0	9.42	2.48	49.15	0.44	10899.0	130.07	20.76	12.33	7
9535	広島ガス	プライム（内国株式）	4050	電気・ガス業	11	電力・ガス	7	TOPIX Small 2	388.0	3.09	12.0	3.09	12.0	3.09	配当あり	いいえ	12.72	0.37	266.7	434.0	353.0	Energy			OK	通常掲載可	OK	88396.0	1.79	-3.49	54.24	0.47	3949.0	30.5	39.34	2.93	0
9536	西部ガスホールディングス	プライム（内国株式）	4050	電気・ガス業	11	電力・ガス	7	TOPIX Small 2	2225.0	3.15	70.0	3.15	70.0	3.15	配当あり	いいえ	11.45	0.69	800.8	2634.0	1757.0	Utilities			OK	通常掲載可	OK	261823.0	4.76	2.9	24.74	2.15	-4423.0	194.24	36.04	6.39	0
9537	北陸瓦斯	スタンダード（内国株式）	4050	電気・ガス業	11	電力・ガス	-	-	4015.0	1.99	80.0	1.99	80.0	1.99	配当あり	いいえ	5.98	0.35	187.3	5710.0	3445.0	Utilities			OK	通常掲載可	OK	64436.0	5.89	4.32	74.9	0.0	2873.7	670.91	11.92	5.93	0
9539	京葉瓦斯	スタンダード（内国株式）	4050	電気・ガス業	11	電力・ガス	-	-	1542.0	1.69	26.0	1.69	26.0	1.69	配当あり	いいえ	15.43	0.46	495.8	1542.0	1077.0	Utilities			OK	通常掲載可	OK	117665.0	3.26	1.69	56.78	0.28	-697.0	99.92	26.02	4.09	2
9543	静岡ガス	プライム（内国株式）	4050	電気・ガス業	11	電力・ガス	6	TOPIX Small 1	1216.0	3.62	44.0	3.62	44.0	3.62	配当あり	いいえ	9.12	0.67	916.3	1625.0	1071.0	Utilities			OK	通常掲載可	OK	201207.0	6.99	-0.51	67.04	0.12	4700.0	133.4	32.98	8.27	11
9551	メタウォーター	プライム（内国株式）	4050	電気・ガス業	11	電力・ガス	6	TOPIX Small 1	3350.0	2.39	80.0	2.39	80.0	2.39	配当あり	いいえ	16.02	1.63	1464.6	4220.0	2191.0	Industrials			OK	通常掲載可	OK	209844.0	6.14	17.17	40.64	0.44	7979.0	209.14	38.25	10.57	3
9552	クオンツ総研ホールディングス	プライム（内国株式）	9050	サービス業	10	情報通信・サービスその他	6	TOPIX Small 1	840.0	0.6	5.0	0.6	5.0	0.6	配当あり	いいえ	15.48	6.71	442.8	1444.0	556.0	Financial Services			OK	通常掲載可	OK	16602.6	28.78	0.32	62.84	0.14	1174.2	54.26	9.21	35.47	
9553	マイクロアド	グロース（内国株式）	9050	サービス業	10	情報通信・サービスその他	-	-	533.0						配当未取得		19.61	3.68	146.8	957.0	416.0	Technology	配当未取得	1株配当が取得できていない	除外推奨	掲載非推奨	OK_配当データ要確認	15670.6	3.91	14.28	38.59	0.77	509.2	27.18		20.14	
9554	ＡＶｉＣ	グロース（内国株式）	9050	サービス業	10	情報通信・サービスその他	-	-	1550.0						配当未取得		16.23	3.69	98.6	2420.0	1180.0	Communication Services	配当未取得	1株配当が取得できていない	除外推奨	掲載非推奨	OK_配当データ要確認	2680.9	27.03	38.56	58.53	0.31	639.4	95.48		27.22	
9556	ＩＮＴＬＯＯＰ	グロース（内国株式）	9050	サービス業	10	情報通信・サービスその他	-	-	1660.0						配当未取得		29.41	2.47	156.3	4875.0	1401.0	Industrials	配当未取得	1株配当が取得できていない	除外推奨	掲載非推奨	OK_配当データ要確認	27077.6	5.56	51.92	39.4	0.61	1009.1	56.44		13.56	
9557	エアークローゼット	グロース（内国株式）	9050	サービス業	10	情報通信・サービスその他	-	-	170.0						配当未取得			4.82	14.1	494.0	148.0	Consumer Cyclical	配当未取得	1株配当が取得できていない	除外推奨	掲載非推奨	OK_配当データ要確認	4957.6	2.07	17.59	20.14	2.76	-273.4	-41.28		-75.7	
9558	ジャパニアス	グロース（内国株式）	9050	サービス業	10	情報通信・サービスその他	-	-	1960.0	5.2	102.0	5.28	102.0	5.2	配当あり	いいえ	10.25	2.32	77.7	2499.0	1880.0	Technology			OK	通常掲載可	OK	12084.7	8.13	7.79	58.41	0.09	800.0	191.3	53.32	24.8	3
9560	プログリット	グロース（内国株式）	9050	サービス業	10	情報通信・サービスその他	-	-	730.0	3.01	22.0	3.01	22.0	3.01	配当あり	いいえ	11.66	3.54	91.3	1323.0	665.0	Consumer Defensive			OK	通常掲載可	OK	5747.5	20.93	29.06	50.84	0.11	846.4	62.59	35.15	32.65	1
9561	グラッドキューブ	グロース（内国株式）	9050	サービス業	10	情報通信・サービスその他	-	-	412.0						配当未取得			4.58	34.8	831.0	385.0	Technology	配当未取得	1株配当が取得できていない	除外推奨	掲載非推奨	OK_配当データ要確認	1755.4	-1.92	12.6	33.0	0.85	-35.8	-3.63		-4.22	
9562	ビジネスコーチ	グロース（内国株式）	9050	サービス業	10	情報通信・サービスその他	-	-	500.0	3.4	17.0	3.4	17.0	3.4	配当あり	いいえ	65.36	1.57	21.2	944.33	481.0	Consumer Defensive			OK	通常掲載可	OK	2004.0	8.18	25.16	76.9	0.01	57.1	7.65	222.22	3.56	0
9563	Ａｔｌａｓ　Ｔｅｃｈｎｏｌｏｇｉｅｓ	グロース（内国株式）	9050	サービス業	10	情報通信・サービスその他	-	-	301.0						配当未取得		97.1	1.31	22.4	340.0	265.0	Technology	配当未取得	1株配当が取得できていない	除外推奨	掲載非推奨	OK_配当データ要確認	2280.9	0.4	7.55	86.31		-138.0	3.1		3.95	
9564	ＦＣＥ	スタンダード（内国株式）	9050	サービス業	10	情報通信・サービスその他	-	-	483.0	2.07	10.0	2.07	10.0	2.07	配当あり	いいえ	15.15	2.53	106.6	957.0	424.0	Industrials			OK	通常掲載可	OK	6099.8	14.96	21.85	66.34	0.07	929.9	31.88	31.37	19.09	1
9565	ＧＬＯＥ	グロース（内国株式）	9050	サービス業	10	情報通信・サービスその他	-	-	667.0						配当未取得		17.15	3.73	18.5	999.0	631.0	Communication Services	配当未取得	1株配当が取得できていない	除外推奨	掲載非推奨	OK_配当データ要確認	2843.5	0.66	25.77	29.78	1.12	-16.0	38.89		22.29	
9601	松竹	プライム（内国株式）	5250	情報・通信業	10	情報通信・サービスその他	6	TOPIX Small 1	10310.0	0.29	30.0	0.29	30.0	0.29	配当あり	いいえ	27.03	1.31	1417.0	15410.0	9860.0	Communication Services			OK	通常掲載可	OK	98249.0	6.27	17.0	47.17	0.62	11247.0	381.47	7.86	5.21	0
9602	東宝	プライム（内国株式）	5250	情報・通信業	10	情報通信・サービスその他	4	TOPIX Mid400	1256.0	1.75	22.0	1.75	22.0	1.75	配当あり	いいえ	20.53	2.05	10448.1	2059.0	1191.0	Communication Services			OK	通常掲載可	OK	360663.0	18.82	15.16	73.32	0.0	49896.0	61.17	35.97	10.33	0
9603	エイチ・アイ・エス	プライム（内国株式）	9050	サービス業	10	情報通信・サービスその他	6	TOPIX Small 1	943.0	2.65	25.0	2.65	25.0	2.65	配当あり	いいえ	18.62	1.17	705.0	1519.0	907.0	Consumer Cyclical			OK	通常掲載可	OK	373106.0	3.12	8.67	14.45	3.21	14065.0	50.64	49.37	7.24	0
9605	東映	プライム（内国株式）	5250	情報・通信業	10	情報通信・サービスその他	6	TOPIX Small 1	5640.0	0.21	12.0	0.21	12.0	0.21	配当あり	いいえ	15.41	1.21	3524.3	6050.0	4935.0	Communication Services			OK	通常掲載可	OK	185333.0	19.48	3.01	58.3	0.08	14785.0	366.04	3.28	10.1	0
9610	ウィルソン・ラーニング　ワールドワイド	スタンダード（内国株式）	9050	サービス業	10	情報通信・サービスその他	-	-	102.0						配当未取得			1.47	11.4	342.0	87.0	Industrials	配当未取得	1株配当が取得できていない	除外推奨	掲載非推奨	OK_配当データ要確認	1688.9	-23.32	-3.54	46.01	0.18	-351.7	-13.92		-19.02	
9612	ラックランド	プライム（内国株式）	9050	サービス業	10	情報通信・サービスその他	7	TOPIX Small 2	1186.0	3.37	40.0	3.37	40.0	3.37	配当あり	いいえ	5.87	1.02	134.8	1966.0	985.0	Industrials			OK	通常掲載可	OK	56574.0	7.13	18.71	43.87	0.18	4225.0	202.09	19.79	17.79	0
9616	共立メンテナンス	プライム（内国株式）	9050	サービス業	10	情報通信・サービスその他	4	TOPIX Mid400	2987.0	1.54	46.0	1.54	46.0	1.54	配当あり	いいえ	14.77	1.86	2715.8	3785.0	2321.0	Consumer Cyclical			OK	通常掲載可	OK	275247.0	9.03	20.23	45.96	0.83	7288.0	202.22	22.75	15.28	3
9619	イチネンホールディングス	プライム（内国株式）	9050	サービス業	10	情報通信・サービスその他	7	TOPIX Small 2	2223.0	3.6	80.0	3.6	80.0	3.6	配当あり	いいえ	6.84	0.74	526.3	2260.0	1565.0	Industrials			OK	通常掲載可	OK	162254.0	6.74	4.73	33.81	1.5	4575.0	325.0	24.62	11.13	4
9621	建設技術研究所	プライム（内国株式）	9050	サービス業	10	情報通信・サービスその他	6	TOPIX Small 1	2861.0	2.73	78.0	2.73	78.0	2.73	配当あり	いいえ	13.26	1.15	781.2	3575.0	2563.0	Industrials			OK	通常掲載可	OK	101038.0	9.04	3.44	69.05	0.08	4470.0	215.72	36.16	10.02	0
9622	スペース	プライム（内国株式）	9050	サービス業	10	情報通信・サービスその他	7	TOPIX Small 2	1420.0	5.07	72.0	5.07	72.0	5.07	配当あり	いいえ	9.23	1.0	348.4	1709.0	1130.0	Industrials			OK	通常掲載可	OK	71511.5	6.76	11.41	77.2	0.0	2300.3	153.79	46.82	7.73	3
9625	セレスポ	スタンダード（内国株式）	9050	サービス業	10	情報通信・サービスその他	-	-	1070.0	4.67	50.0	4.67	50.0	4.67	配当あり	いいえ	7.65	0.6	58.7	1161.0	990.0	Communication Services			OK	通常掲載可	OK	15138.5	7.15	10.76	77.42	0.06	-107.7	139.96	35.72	8.09	1
9627	アインホールディングス	プライム（内国株式）	6100	小売業	14	小売	4	TOPIX Mid400	5355.0	1.87	100.0	1.87	100.0	1.87	配当あり	いいえ	10.89	1.18	1880.6	7280.0	5313.0	Healthcare			OK	通常掲載可	OK	456804.0	3.7	14.25	45.69	0.27	10963.0	491.59	20.34	11.46	0
9628	燦ホールディングス	プライム（内国株式）	9050	サービス業	10	情報通信・サービスその他	7	TOPIX Small 2	1360.0	4.19	57.0	4.19	57.0	4.19	配当あり	いいえ	6.3	0.72	325.6	1670.0	1288.0	Consumer Cyclical			OK	通常掲載可	OK	31984.0	14.15	42.55	58.95	0.48	3049.0	215.97	26.39	10.95	10
9629	ピー・シー・エー	プライム（内国株式）	5250	情報・通信業	10	情報通信・サービスその他	7	TOPIX Small 2	1310.0	3.05	40.0	3.05	40.0	3.05	配当あり	いいえ	16.31	1.38	262.7	2084.0	1164.0	Technology			OK	通常掲載可	OK	15018.0	15.43	-7.51	53.67		1095.0	80.3	49.81	12.39	2
9632	スバル興業	スタンダード（内国株式）	9050	サービス業	10	情報通信・サービスその他	7	TOPIX Small 2	3565.0	2.24	80.0	2.24	80.0	2.24	配当あり	いいえ	18.76	1.23	460.0	3890.0	2678.0	Industrials			OK	通常掲載可	OK	29611.3	16.43	-2.19	84.28	0.0	2494.6	190.01	42.1	6.14	0
9633	東京テアトル	スタンダード（内国株式）	8050	不動産業	17	不動産	-	-	1615.0	1.24	20.0	1.24	20.0	1.24	配当あり	いいえ	13.32	0.65	109.4	1712.0	1082.0	Industrials			OK	通常掲載可	OK	20655.1	1.62	12.33	55.68	0.34	-276.2	121.29	16.49	5.12	0
9635	武蔵野興業	スタンダード（内国株式）	9050	サービス業	10	情報通信・サービスその他	-	-	2542.0						配当未取得		7.33	0.67	26.6	2783.0	2121.0	Real Estate	配当未取得	1株配当が取得できていない	除外推奨	掲載非推奨	OK_配当データ要確認	1330.5	5.13	-2.48	62.76	0.07	-122.6	346.73		9.49	
9636	きんえい	スタンダード（内国株式）	9050	サービス業	10	情報通信・サービスその他	-	-	4270.0	0.23	10.0	0.23	10.0	0.23	配当あり	いいえ	59.52	6.27	119.0	4380.0	3990.0	Communication Services			OK	通常掲載可	OK	3771.3	8.0	5.58	45.82	0.12	337.9	71.74	13.94	3.91	0
9639	三協フロンテア	スタンダード（内国株式）	9050	サービス業	10	情報通信・サービスその他	-	-	2295.0	3.92	90.0	3.92	90.0	3.92	配当あり	いいえ	9.17	0.97	510.1	2312.0	1902.0	Real Estate			OK	通常掲載可	OK	54275.0	14.73	-3.24	74.96	0.07	1893.0	250.38	35.95	10.98	1
9640	セゾンテクノロジー	スタンダード（内国株式）	5250	情報・通信業	10	情報通信・サービスその他	-	-	2005.0	4.49	90.0	4.49	90.0	4.49	配当あり	いいえ	29.94	2.3	324.8	2545.0	1805.0	Technology			OK	通常掲載可	OK	21917.4	7.31	-10.11	66.23	0.0	1554.2	66.97	134.39	7.66	0
9644	タナベコンサルティンググループ	プライム（内国株式）	9050	サービス業	10	情報通信・サービスその他	7	TOPIX Small 2	740.0	4.32	32.0	4.32	32.0	4.32	配当あり	いいえ	21.93	0.6	237.6	804.0	645.0	Industrials			OK	通常掲載可	OK	16282.6	11.14	11.96	69.64	0.07	1253.6	33.74	94.84	5.95	1
9647	協和コンサルタンツ	スタンダード（内国株式）	9050	サービス業	10	情報通信・サービスその他	-	-	6730.0	0.45	30.0	0.45	30.0	0.45	配当あり	いいえ	6.44	0.86	39.4	10900.0	6000.0	Industrials			OK	通常掲載可	OK	8441.9	10.87	4.72	52.93	0.25	779.6	1044.5	2.87	14.12	0
9651	日本プロセス	スタンダード（内国株式）	5250	情報・通信業	10	情報通信・サービスその他	-	-	1758.0	3.87	68.0	3.87	68.0	3.87	配当あり	いいえ	10.83	1.5	170.4	1947.0	1377.0	Technology			OK	通常掲載可	OK	10473.1	10.93	10.61	76.61		474.5	162.26	41.91	9.85	2
9656	グリーンランドリゾート	スタンダード（内国株式）	9050	サービス業	10	情報通信・サービスその他	-	-	597.0	2.51	15.0	2.51	15.0	2.51	配当あり	いいえ	12.68	0.58	61.7	642.0	594.0	Consumer Cyclical			OK	通常掲載可	OK	6453.0	11.4	0.63	52.44	0.61	-443.6	47.1	31.85	5.1	0
9658	ビジネスブレイン太田昭和	プライム（内国株式）	5250	情報・通信業	10	情報通信・サービスその他	7	TOPIX Small 2	996.0	4.72	47.0	4.72	47.0	4.72	配当あり	いいえ	10.82	1.05	323.3	1218.33	839.67	Technology			OK	通常掲載可	OK	42099.5	7.75	8.49	63.38	0.11	2535.4	92.03	51.07	9.96	15
9661	歌舞伎座	スタンダード（内国株式）	9050	サービス業	10	情報通信・サービスその他	-	-	4455.0	0.11	5.0	0.11	5.0	0.11	配当あり	いいえ	188.69	4.75	539.9	4795.0	4420.0	Real Estate			OK	通常掲載可	OK	3632.7	10.43	16.94	46.73		611.5	23.61	21.18	2.51	0
9663	ナガワ	プライム（内国株式）	9050	サービス業	10	情報通信・サービスその他	7	TOPIX Small 2	4950.0	1.21	60.0	1.21	60.0	1.21	配当あり	いいえ	17.54	1.29	767.2	6990.0	4670.0	Industrials			OK	通常掲載可	OK	35385.0	12.38	0.26	87.28		2658.0	282.15	21.27	5.59	0
9672	東京都競馬	プライム（内国株式）	9050	サービス業	10	情報通信・サービスその他	6	TOPIX Small 1	4770.0	3.06	146.0	3.06	146.0	3.06	配当あり	いいえ	12.28	1.31	1241.9	6080.0	4580.0	Consumer Cyclical			OK	通常掲載可	OK	41758.7	36.91	3.25	75.34	0.18	13070.8	388.28	37.6	11.11	5
9678	カナモト	プライム（内国株式）	9050	サービス業	10	情報通信・サービスその他	6	TOPIX Small 1	5230.0	2.1	110.0	2.1	110.0	2.1	配当あり	いいえ	14.22	1.17	1791.8	5670.0	3150.0	Industrials			OK	通常掲載可	OK	213266.0	8.14	2.92	45.43	0.41	43209.0	367.67	29.92	8.6	2
9679	ホウライ	スタンダード（内国株式）	9050	サービス業	10	情報通信・サービスその他	-	-	2320.0	1.03	24.0	1.03	24.0	1.03	配当あり	いいえ	16.03	1.39	97.3	2434.0	1693.0	Financial Services			OK	通常掲載可	OK	6111.7	10.09	11.52	50.06	0.31	-159.3	144.77	16.58	6.54	4
9682	ＤＴＳ	プライム（内国株式）	5250	情報・通信業	10	情報通信・サービスその他	6	TOPIX Small 1	1005.0	3.78	38.0	3.78	38.0	3.78	配当あり	いいえ	13.72	2.52	1589.1	1362.0	958.0	Technology			OK	通常掲載可	OK	135213.0	12.16	7.39	74.5		8136.0	73.26	51.87	18.88	1
9684	スクウェア・エニックス・ホールディングス	プライム（内国株式）	5250	情報・通信業	10	情報通信・サービスその他	4	TOPIX Mid400	2432.5	1.77	43.0	1.77	43.0	1.77	配当あり	いいえ	29.67	2.51	8772.1	3861.67	2325.0	Communication Services			OK	通常掲載可	OK	297661.0	18.39	-8.27	79.65		44189.0	81.98	52.45	8.65	1
9685	ＫＹＣＯＭホールディングス	スタンダード（内国株式）	5250	情報・通信業	10	情報通信・サービスその他	-	-	600.0	1.67	10.0	1.67	10.0	1.67	配当あり	いいえ	5.72	0.57	30.5	695.0	525.0	Technology			OK	通常掲載可	OK	7224.6	8.28	6.71	59.92	0.38	243.9	104.9	9.53	10.85	1
9686	東洋テック	スタンダード（内国株式）	9050	サービス業	10	情報通信・サービスその他	-	-	1597.0	4.51	72.0	4.51	72.0	4.51	配当あり	いいえ	8.45	0.72	168.4	1900.0	1329.0	Industrials			OK	通常掲載可	OK	43071.4	6.76	23.33	59.23	0.34	4055.5	189.08	38.08	8.73	3
9687	ＫＳＫ	スタンダード（内国株式）	5250	情報・通信業	10	情報通信・サービスその他	-	-	4370.0	4.35	190.0	4.35	190.0	4.35	配当あり	いいえ	12.21	1.42	265.0	5810.0	3720.0	Technology			OK	通常掲載可	OK	25767.0	10.63	9.15	71.27		3356.0	357.9	53.09	12.35	0
9691	両毛システムズ	スタンダード（内国株式）	5250	情報・通信業	10	情報通信・サービスその他	-	-	5190.0	0.85	44.0	0.85	44.0	0.85	配当あり	いいえ	8.42	1.11	181.6	5420.0	2980.0	Technology			OK	通常掲載可	OK	25735.0	11.7	14.45	58.65	0.37	3535.4	616.2	7.14	14.37	4
9692	シーイーシー	プライム（内国株式）	5250	情報・通信業	10	情報通信・サービスその他	6	TOPIX Small 1	2106.0	4.04	85.0	4.04	85.0	4.04	配当あり	いいえ	12.71	1.54	657.3	2499.0	1864.0	Technology			OK	通常掲載可	OK	65882.0	11.14	17.21	68.48	0.01	5825.0	165.74	51.29	13.5	2
9697	カプコン	プライム（内国株式）	5250	情報・通信業	10	情報通信・サービスその他	4	TOPIX Mid400	3019.0	1.52	46.0	1.52	46.0	1.52	配当あり	いいえ	23.1	4.72	12628.7	4842.0	2736.0	Communication Services			OK	通常掲載可	OK	195365.0	38.54	15.19	78.9	0.02	17082.0	130.72	35.19	22.11	8
9698	クレオ	スタンダード（内国株式）	5250	情報・通信業	10	情報通信・サービスその他	-	-	1203.0	4.66	56.0	4.66	56.0	4.66	配当あり	いいえ	11.55	1.2	92.9	1297.0	1071.0	Technology			OK	通常掲載可	OK	14569.0	8.24	0.33	73.35		944.0	104.18	53.75	10.71	8
9699	ニシオホールディングス	プライム（内国株式）	9050	サービス業	10	情報通信・サービスその他	6	TOPIX Small 1	3920.0	3.37	132.0	3.37	132.0	3.37	配当あり	いいえ	9.43	0.76	1088.3	4880.0	3650.0	Industrials			OK	通常掲載可	OK	214953.0	9.12	8.02	46.6	0.69	27239.0	415.52	31.77	8.21	6
9701	東京會舘	スタンダード（内国株式）	9050	サービス業	10	情報通信・サービスその他	-	-	4185.0	1.19	50.0	1.19	50.0	1.19	配当あり	いいえ	13.76	1.86	138.1	5490.0	3815.0	Consumer Cyclical			OK	通常掲載可	OK	16259.8	8.84	6.46	43.52	0.9	2296.7	304.25	16.43	-4.7	0
9702	アイ・エス・ビー	プライム（内国株式）	5250	情報・通信業	10	情報通信・サービスその他	7	TOPIX Small 2	2285.0	3.06	70.0	3.06	70.0	3.06	配当あり	いいえ	18.25	1.8	261.9	2401.0	1354.0	Technology			OK	通常掲載可	OK	37020.0	6.25	9.03	67.2	0.01	793.0	125.22	55.9	10.15	8
9704	アゴーラ　ホスピタリティー　グループ	スタンダード（内国株式）	9050	サービス業	10	情報通信・サービスその他	-	-	32.0						配当未取得		6.64	1.5	85.3	74.0	26.0	Consumer Cyclical	配当未取得	1株配当が取得できていない	除外推奨	掲載非推奨	OK_配当データ要確認	9908.2	10.65	18.27	27.04	1.57	288.6	4.82		19.11	
9706	日本空港ビルデング	プライム（内国株式）	8050	不動産業	17	不動産	4	TOPIX Mid400	4998.0	1.9	95.0	1.9	95.0	1.9	配当あり	いいえ	15.92	2.21	4639.4	5830.0	4112.0	Industrials			OK	通常掲載可	OK	289821.0	15.54	7.37	42.75	0.93	33308.0	313.87	30.27	17.61	2
9708	帝国ホテル	スタンダード（内国株式）	9050	サービス業	10	情報通信・サービスその他	-	-	995.0	0.8	8.0	0.8	8.0	0.8	配当あり	いいえ	27.47	2.4	1177.4	1671.0	951.0	Consumer Cyclical			OK	通常掲載可	OK	56267.0	3.78	6.95	59.94	0.18	-3292.0	36.22	22.09	9.09	0
9709	ＮＣＳ＆Ａ	スタンダード（内国株式）	5250	情報・通信業	10	情報通信・サービスその他	-	-	1200.0	4.83	58.0	4.83	58.0	4.83	配当あり	いいえ	8.9	1.31	179.5	1778.0	1104.0	Technology			OK	通常掲載可	OK	22486.0	12.07	9.72	64.82	0.0	2359.4	134.76	43.04	14.72	4
9713	ロイヤルホテル	スタンダード（内国株式）	9050	サービス業	10	情報通信・サービスその他	-	-	911.0	0.66	6.0	0.66	6.0	0.66	配当あり	いいえ	14.6	0.58	139.1	1097.0	870.0	Consumer Cyclical			OK	通常掲載可	OK	29273.0	3.97	16.33	60.63	0.02	1216.0	62.4	9.62	5.05	0
9715	トランス・コスモス	プライム（内国株式）	9050	サービス業	10	情報通信・サービスその他	6	TOPIX Small 1	3550.0	8.17	290.0	8.07	290.0	8.17	配当あり	いいえ	10.85	1.04	1330.3	4150.0	3430.0	Technology	高利回り要確認	配当利回りが8%以上	要確認	手動確認後に掲載	OK_高利回り要確認	393866.0	4.2	4.79	57.3	0.11	16308.0	327.15	88.64	10.43	1
9716	乃村工藝社	プライム（内国株式）	9050	サービス業	10	情報通信・サービスその他	6	TOPIX Small 1	1067.0	4.12	44.0	4.12	44.0	4.12	配当あり	いいえ	13.23	1.92	1190.7	1466.0	863.0	Industrials			OK	通常掲載可	OK	162679.0	7.88	8.27	65.07		9654.0	80.67	54.54	15.71	2
9720	ホテル、ニューグランド	スタンダード（内国株式）	9050	サービス業	10	情報通信・サービスその他	-	-	5400.0	0.46	25.0	0.46	25.0	0.46	配当あり	いいえ	31.65	1.62	63.8	7550.0	5150.0	Consumer Cyclical			OK	通常掲載可	OK	6529.5	4.65	11.5	42.03	0.65	177.3	170.64	14.65	6.44	0
9722	藤田観光	プライム（内国株式）	9050	サービス業	10	情報通信・サービスその他	6	TOPIX Small 1	1940.0	1.03	20.0	1.03	20.0	1.03	配当あり	いいえ	12.33	2.94	1162.4	2832.0	1735.0	Consumer Cyclical			OK	通常掲載可	OK	82004.0	16.82	7.6	37.25	0.75	9973.0	157.33	12.71	38.97	1
9723	京都ホテル	スタンダード（内国株式）	9050	サービス業	10	情報通信・サービスその他	-	-	634.0	0.47	3.0	0.47	3.0	0.47	配当あり	いいえ	9.12	3.42	76.5	701.0	610.0	Consumer Cyclical			OK	通常掲載可	OK	9772.1	11.35	4.42	20.22	3.41	1318.2	69.55	4.31	-2.17	0
9726	ＫＮＴ－ＣＴホールディングス	スタンダード（内国株式）	9050	サービス業	10	情報通信・サービスその他	7	TOPIX Small 2	1779.0	1.12	20.0	1.12	20.0	1.12	配当あり	いいえ	5.55	0.78	486.0	2116.0	1001.0	Consumer Cyclical			OK	通常掲載可	OK	297065.0	2.04	8.21	42.29		7062.0	320.57	6.24	17.09	
9729	トーカイ	プライム（内国株式）	9050	サービス業	10	情報通信・サービスその他	7	TOPIX Small 2	2370.0	3.38	80.0	3.38	80.0	3.38	配当あり	いいえ	12.76	0.87	732.0	2866.0	2075.0	Industrials			OK	通常掲載可	OK	159664.0	5.88	6.77	72.99	0.04	7374.0	185.68	43.08	7.19	1
9731	白洋舎	スタンダード（内国株式）	9050	サービス業	10	情報通信・サービスその他	-	-	3405.0	2.94	100.0	2.94	100.0	2.94	配当あり	いいえ	6.13	0.97	127.7	3890.0	3025.0	Consumer Cyclical			OK	通常掲載可	OK	44625.0	5.38	2.4	36.15	0.94	1882.0	555.36	18.01	25.47	3
9733	ナガセ	スタンダード（内国株式）	9050	サービス業	10	情報通信・サービスその他	-	-	2310.0	5.19	120.0	5.19	120.0	5.19	配当あり	いいえ	15.2	1.65	608.1	2877.0	1884.0	Consumer Defensive			OK	通常掲載可	OK	64183.0	9.32	16.16	37.74	0.78	6766.0	152.0	78.95	11.7	0
9735	セコム	プライム（内国株式）	9050	サービス業	10	情報通信・サービスその他	2	TOPIX Large70	6330.0	1.9	120.0	1.9	120.0	1.9	配当あり	いいえ	22.91	1.95	25520.2	6700.0	5065.0	Industrials			OK	通常掲載可	OK	1256896.0	12.76	4.75	58.95	0.05	112997.0	276.32	43.43	8.69	1
9739	ＮＳＷ	プライム（内国株式）	5250	情報・通信業	10	情報通信・サービスその他	7	TOPIX Small 2	2505.0	5.19	130.0	5.19	130.0	5.19	配当あり	いいえ	10.06	0.99	373.2	2693.0	2287.0	Technology			OK	通常掲載可	OK	52431.0	10.23	4.8	76.87		2332.0	249.0	52.21	10.12	0
9740	セントラル警備保障	プライム（内国株式）	9050	サービス業	10	情報通信・サービスその他	7	TOPIX Small 2	2598.0	2.35	61.0	2.35	61.0	2.35	配当あり	いいえ	14.71	0.88	363.8	3350.0	2237.0	Industrials			OK	通常掲載可	OK	78745.2	5.71	10.26	57.61	0.13	334.5	176.66	34.53	6.65	0
9742	アイネス	プライム（内国株式）	5250	情報・通信業	10	情報通信・サービスその他	7	TOPIX Small 2	2141.0	2.34	50.0	2.34	50.0	2.34	配当あり	いいえ		1.21	445.8	2266.0	1544.0	Technology			OK	通常掲載可	OK	36616.0	-1.77	-9.73	74.89	0.1	1098.0	-88.85		-4.84	1
9743	丹青社	プライム（内国株式）	9050	サービス業	10	情報通信・サービスその他	6	TOPIX Small 1	1345.0	5.35	72.0	5.35	72.0	5.35	配当あり	いいえ	10.59	1.69	636.4	1671.0	1282.0	Industrials			OK	通常掲載可	OK	107222.0	7.8	16.73	67.59	0.01	3259.0	126.97	56.71	12.48	1
9744	メイテックグループホールディングス	プライム（内国株式）	9050	サービス業	10	情報通信・サービスその他	4	TOPIX Mid400	3077.0	5.88	181.0	5.88	181.0	5.88	配当あり	いいえ	15.95	4.87	2375.7	3718.0	2952.5	Industrials			OK	通常掲載可	OK	137686.0	14.46	3.47	54.29		15242.0	192.93	93.82	30.86	4
9746	ＴＫＣ	プライム（内国株式）	5250	情報・通信業	10	情報通信・サービスその他	6	TOPIX Small 1	3390.0	3.24	110.0	3.24	110.0	3.24	配当あり	いいえ	12.61	1.56	1688.0	4635.0	3310.0	Technology			OK	通常掲載可	OK	83476.0	19.34	10.98	83.58	0.0	8931.0	268.83	40.92	12.96	5
9753	アイエックス・ナレッジ	スタンダード（内国株式）	5250	情報・通信業	10	情報通信・サービスその他	-	-	1281.0	3.9	50.0	3.9	50.0	3.9	配当あり	いいえ	1.24	1.06	122.6	1710.0	1090.0	Technology			OK	通常掲載可	OK	22828.1	8.18	4.97	66.75	0.03	838.2	1029.28	4.86	15.84	1
9755	応用地質	プライム（内国株式）	9050	サービス業	10	情報通信・サービスその他	7	TOPIX Small 2	2750.0	4.0	110.0	4.0	110.0	4.0	配当あり	いいえ	14.66	0.8	626.7	3330.0	2587.0	Industrials			OK	通常掲載可	OK	76285.0	5.39	2.97	71.8	0.12	5944.0	187.55	58.65	4.86	7
9757	船井総研ホールディングス	プライム（内国株式）	9050	サービス業	10	情報通信・サービスその他	6	TOPIX Small 1	1061.0	4.52	48.0	4.52	48.0	4.52	配当あり	いいえ	15.2	3.8	967.4	1325.0	1041.0	Industrials			OK	通常掲載可	OK	33330.0	26.44	8.76	74.71	0.01	6909.4	69.82	68.75	32.14	7
9759	ＮＳＤ	プライム（内国株式）	5250	情報・通信業	10	情報通信・サービスその他	4	TOPIX Mid400	2455.0	3.95	97.0	3.95	97.0	3.95	配当あり	いいえ	14.41	2.53	1860.8	3670.0	2378.0	Technology			OK	通常掲載可	OK	117813.0	16.19	9.3	75.69	0.0	15206.0	170.38	56.93	18.4	2
9760	進学会ホールディングス	スタンダード（内国株式）	9050	サービス業	10	情報通信・サービスその他	-	-	116.0	2.16	2.5	1.67	2.5	2.16	配当あり	いいえ		0.26	19.3	180.0	108.0	Industrials			OK	通常掲載可	OK	6246.0	-7.03	32.19	39.42	0.76	1200.6	-107.17		-21.63	0
9761	東海リース	スタンダード（内国株式）	9050	サービス業	10	情報通信・サービスその他	-	-	2267.0	5.29	120.0	5.29	120.0	5.29	配当あり	いいえ	10.82	0.45	78.5	2739.0	2085.0	Real Estate			OK	通常掲載可	OK	18856.5	6.38	2.49	44.41	0.98	-1268.6	209.47	57.29	4.18	2
9763	丸建リース	スタンダード（内国株式）	6050	卸売業	13	商社・卸売	-	-	1216.0	4.44	54.0	4.44	54.0	4.44	配当あり	いいえ	8.55	0.64	115.7	1683.33	1000.0	Industrials			OK	通常掲載可	OK	26470.0	5.4	16.06	44.38	0.52	-149.0	142.15	37.99	7.53	2
9765	オオバ	プライム（内国株式）	9050	サービス業	10	情報通信・サービスその他	-	-	1114.0	3.95	44.0	3.95	44.0	3.95	配当あり	いいえ	13.28	1.29	176.3	1322.0	1016.0	Industrials			OK	通常掲載可	OK	18096.7	10.7	9.77	73.56	0.0	-598.9	83.88	52.46	11.19	5
9766	コナミグループ	プライム（内国株式）	5250	情報・通信業	10	情報通信・サービスその他	4	TOPIX Mid400	17475.0	1.28	224.0	1.28	224.0	1.28	配当あり	いいえ	23.7	4.2	23688.5	26645.0	16850.0	Communication Services			OK	通常掲載可	OK	493677.0	27.53	17.1	75.4	0.07	79984.0	737.45	30.37	19.11	2
9767	日建工学	スタンダード（内国株式）	9050	サービス業	10	情報通信・サービスその他	-	-	1475.0	2.03	30.0	2.03	30.0	2.03	配当あり	いいえ	9.73	0.55	26.9	2125.0	1331.0	Industrials			OK	通常掲載可	OK	6211.4	5.7	12.61	77.5	0.04	84.7	151.63	19.79	5.96	0
9768	いであ	スタンダード（内国株式）	9050	サービス業	10	情報通信・サービスその他	-	-	3405.0	3.47	118.0	3.47	118.0	3.47	配当あり	いいえ	10.2	0.79	243.1	4860.0	2990.0	Industrials			OK	通常掲載可	OK	24616.2	12.95	1.26	81.16	0.01	323.1	333.69	35.36	8.27	5
9769	学究社	プライム（内国株式）	9050	サービス業	10	情報通信・サービスその他	7	TOPIX Small 2	2489.0	5.22	130.0	5.22	130.0	5.22	配当あり	いいえ	14.68	3.31	270.5	2627.0	2191.0	Consumer Defensive			OK	通常掲載可	OK	13069.1	22.22	-1.66	65.03	0.18	2102.7	169.5	76.7	23.83	1
9778	昴	スタンダード（内国株式）	9050	サービス業	10	情報通信・サービスその他	-	-	5550.0	2.16	120.0	2.16	120.0	2.16	配当あり	いいえ	80.65	0.96	32.8	7390.0	5380.0	Consumer Defensive			OK	通常掲載可	OK	3375.5	3.33	-2.18	52.68	0.44	54.7	68.82	174.37	0.85	0
9780	ハリマビステム	スタンダード（内国株式）	9050	サービス業	10	情報通信・サービスその他	-	-	898.0	4.01	36.0	4.01	36.0	4.01	配当あり	いいえ	7.96	0.82	80.1	1055.0	802.0	Industrials			OK	通常掲載可	OK	30944.8	4.9	10.42	57.8	0.16	868.2	112.88	31.89	12.35	3
9782	ディーエムエス	スタンダード（内国株式）	9050	サービス業	10	情報通信・サービスその他	-	-	3375.0	6.87	232.0	6.87	232.0	6.87	配当あり	いいえ	16.83	1.36	183.1	4090.0	2810.0	Communication Services			OK	通常掲載可	OK	30308.4	4.95	9.99	78.3	0.02	1532.6	200.48	115.72	7.44	4
9788	ナック	プライム（内国株式）	9050	サービス業	10	情報通信・サービスその他	7	TOPIX Small 2	508.0	6.69	34.0	6.69	34.0	6.69	配当あり	いいえ	12.89	0.92	212.5	568.0	478.0	Industrials			OK	通常掲載可	OK	58919.0	4.22	-1.46	59.46	0.31	811.0	39.42	86.25	7.17	3
9790	福井コンピュータホールディングス	プライム（内国株式）	5250	情報・通信業	10	情報通信・サービスその他	7	TOPIX Small 2	3080.0	2.5	77.0	2.5	77.0	2.5	配当あり	いいえ	14.75	2.12	636.8	3485.0	2893.0	Technology			OK	通常掲載可	OK	16653.0	43.62	13.15	81.7		5671.0	208.82	36.87	15.09	2
9791	ビケンテクノ	スタンダード（内国株式）	9050	サービス業	10	情報通信・サービスその他	-	-	1172.0	3.07	36.0	3.07	36.0	3.07	配当あり	いいえ	6.22	0.39	88.4	1481.0	950.0	Industrials			OK	通常掲載可	OK	36505.8	5.62	5.3	58.86	0.37	657.2	188.46	19.1	6.38	1
9793	ダイセキ	プライム（内国株式）	9050	サービス業	10	情報通信・サービスその他	6	TOPIX Small 1	3975.0	2.16	86.0	2.16	86.0	2.16	配当あり	いいえ	20.58	2.3	1879.6	4425.0	3070.0	Industrials			OK	通常掲載可	OK	71845.0	20.31	6.75	77.72	0.09	4952.0	193.19	44.52	11.16	2
9795	ステップ	プライム（内国株式）	9050	サービス業	10	情報通信・サービスその他	7	TOPIX Small 2	2231.0	3.94	88.0	3.94	88.0	3.94	配当あり	いいえ	12.76	1.25	345.7	2620.0	2156.0	Consumer Defensive			OK	通常掲載可	OK	15846.9	23.85	4.95	89.7	0.01	3096.5	174.91	50.31	9.97	4
9799	旭情報サービス	スタンダード（内国株式）	5250	情報・通信業	10	情報通信・サービスその他	-	-	924.0	3.68	34.0	3.7	34.0	3.68	配当あり	いいえ	11.22	1.16	140.5	1409.0	825.0	Technology			OK	通常掲載可	OK	16548.2	9.95	4.6	79.95	0.02	992.9	82.33	41.3	10.7	4
9812	テーオーホールディングス	スタンダード（内国株式）	6100	小売業	14	小売	-	-	219.0	0.23	0.5	0.22	0.5	0.23	配当あり	いいえ		6.08	14.0	344.0	216.0	Basic Materials			OK	通常掲載可	OK	24188.3	0.92	-5.53	2.71	24.97	578.8	-16.8		-42.56	0
9816	ストライダーズ	スタンダード（内国株式）	8050	不動産業	17	不動産	-	-	234.0	2.14	5.0	2.14	5.0	2.14	配当あり	いいえ	9.95	0.74	20.8	384.0	228.0	Real Estate			OK	通常掲載可	OK	8213.6	2.4	5.45	51.01	0.6	200.9	23.52	21.26	7.77	0
9818	大丸エナウィン	スタンダード（内国株式）	6050	卸売業	13	商社・卸売	-	-	1540.0	1.88	29.0	1.88	29.0	1.88	配当あり	いいえ	12.39	0.74	118.2	2547.0	1439.0	Utilities			OK	通常掲載可	OK	32697.6	3.98	-2.16	68.86	0.1	267.9	124.28	23.33	6.22	8
9820	エムティジェネックス	スタンダード（内国株式）	8050	不動産業	17	不動産	-	-	3550.0	1.13	40.0	1.13	40.0	1.13	配当あり	いいえ	12.14	0.87	38.2	4290.0	2830.0	Industrials			OK	通常掲載可	OK	4714.3	9.84	19.33	77.94	0.02	53.4	292.52	13.67	7.36	0
9823	マミーマートホールディングス	スタンダード（内国株式）	6100	小売業	14	小売	-	-	1004.0	2.23	22.4	2.21	22.4	2.23	配当あり	いいえ	9.41	1.11	502.2	1803.0	974.0	Consumer Defensive			OK	通常掲載可	OK	193689.0	3.48	20.5	48.82	0.47	2390.0	106.73	20.99	12.6	7
9824	泉州電業	プライム（内国株式）	6050	卸売業	13	商社・卸売	6	TOPIX Small 1	6930.0	2.31	160.0	2.31	160.0	2.31	配当あり	いいえ	15.85	1.92	1184.3	7450.0	4080.0	Technology			OK	通常掲載可	OK	135591.0	6.57	-0.41	52.7	0.01	8219.0	437.27	36.59	12.6	5
9827	リリカラ	スタンダード（内国株式）	6050	卸売業	13	商社・卸売	-	-	599.0	6.01	36.0	6.01	36.0	6.01	配当あり	いいえ	14.1	0.96	73.8	732.0	580.0	Consumer Cyclical			OK	通常掲載可	OK	33207.1	2.41	-1.76	39.98	0.34	1445.7	42.47	84.77	6.73	0
9828	Ｇｅｎｋｉ　Ｇｌｏｂａｌ　Ｄｉｎｉｎｇ　Ｃｏｎｃｅｐｔｓ	スタンダード（内国株式）	6100	小売業	14	小売	6	TOPIX Small 1	3145.0	2.23	70.0	2.23	70.0	2.23	配当あり	いいえ	16.03	2.86	555.4	4230.0	2571.0	Consumer Cyclical			OK	通常掲載可	OK	73711.0	6.51	9.25	32.65	1.58	1816.0	196.25	35.67	19.14	0
9830	トラスコ中山	プライム（内国株式）	6050	卸売業	13	商社・卸売	6	TOPIX Small 1	2260.0	2.59	58.5	2.59	58.5	2.59	配当あり	いいえ	9.38	0.79	1490.2	2752.0	2033.0	Industrials			OK	通常掲載可	OK	320043.0	7.13	8.48	60.4	0.43	-13670.0	240.92	24.28	8.1	5
9831	ヤマダホールディングス	プライム（内国株式）	6100	小売業	14	小売	4	TOPIX Mid400	644.4	2.64	17.0	2.64	17.0	2.64	配当あり	いいえ	30.21	0.67	4281.6	696.8	441.0	Consumer Cyclical			OK	通常掲載可	OK	1691808.0	0.96	3.85	48.77	0.49	5035.0	21.33	79.7	2.42	0
9832	オートバックスセブン	プライム（内国株式）	6050	卸売業	13	商社・卸売	6	TOPIX Small 1	1446.0	4.15	60.0	4.15	60.0	4.15	配当あり	いいえ	13.59	0.83	1135.5	1785.0	1426.0	Consumer Cyclical			OK	通常掲載可	OK	249525.0	4.86	8.56	57.77	0.29	-4982.0	106.43	56.38	6.24	0
9835	ジュンテンドー	スタンダード（内国株式）	6100	小売業	14	小売	-	-	506.0	1.98	10.0	1.98	10.0	1.98	配当あり	いいえ		0.37	41.0	528.0	481.0	Consumer Cyclical			OK	通常掲載可	OK	43041.0	0.55	-3.01	30.47	1.36	-880.7	-44.53		0.89	0
9837	モリト	プライム（内国株式）	6050	卸売業	13	商社・卸売	7	TOPIX Small 2	1773.0	4.06	72.0	4.06	72.0	4.06	配当あり	いいえ	15.72	1.11	444.2	2121.0	1361.0	Consumer Cyclical			OK	通常掲載可	OK	56867.2	5.86	17.16	71.77	0.07	2034.0	112.76	63.85	7.41	5
9842	アークランズ	プライム（内国株式）	6100	小売業	14	小売	6	TOPIX Small 1	1887.0	2.12	40.0	2.12	40.0	2.12	配当あり	いいえ	14.86	0.93	1185.5	2047.0	1671.0	Consumer Cyclical			OK	通常掲載可	OK	357165.0	3.97	7.92	36.88	0.92	1394.0	127.0	31.5	6.51	0
9843	ニトリホールディングス	プライム（内国株式）	6100	小売業	14	小売	4	TOPIX Mid400	2310.0	1.39	32.0	1.39	32.0	1.39	配当あり	いいえ	15.29	1.32	13052.8	3493.0	2216.5	Consumer Cyclical			OK	通常掲載可	OK	912248.0	13.29	-1.79	62.91	0.16	104499.0	151.07	21.18	8.63	1
9845	パーカーコーポレーション	スタンダード（内国株式）	3200	化学	4	素材・化学	-	-	1355.0	3.91	53.0	3.91	53.0	3.91	配当あり	いいえ	7.24	0.67	339.1	1754.0	890.0	Industrials			OK	通常掲載可	OK	73307.0	8.85	4.7	66.23	0.09	6052.0	187.26	28.3	9.63	5
9846	天満屋ストア	スタンダード（内国株式）	6100	小売業	14	小売	-	-	991.0	2.02	20.0	2.02	20.0	2.02	配当あり	いいえ	8.43	0.41	113.9	1005.0	949.0	Consumer Defensive			OK	通常掲載可	OK	59240.2	3.69	0.95	60.89	0.17	-107.9	117.53	17.02	5.0	5
9849	共同紙販ホールディングス	スタンダード（内国株式）	6050	卸売業	13	商社・卸売	-	-	4455.0	1.12	50.0	1.12	50.0	1.12	配当あり	いいえ	80.0	0.76	30.1	4750.0	4420.0	Industrials			OK	通常掲載可	OK	16446.7	-0.18	-2.62	41.69		59.3	55.69	89.78	0.94	0
9850	グルメ杵屋	プライム（内国株式）	6100	小売業	14	小売	7	TOPIX Small 2	951.0	0.74	7.0	0.74	7.0	0.74	配当あり	いいえ	97.04	2.33	217.5	1034.0	928.0	Consumer Cyclical			OK	通常掲載可	OK	44089.5	1.19	4.79	30.2	1.43	305.1	9.8	71.43	2.55	1
9853	銀座ルノアール	スタンダード（内国株式）	6100	小売業	14	小売	-	-	901.0	0.55	5.0	0.55	5.0	0.55	配当あり	いいえ	34.36	1.72	55.0	975.0	895.0	Consumer Cyclical			OK	通常掲載可	OK	8347.4	2.34	7.02	56.23	0.48	377.2	26.22	19.07	5.13	0
9854	愛眼	スタンダード（内国株式）	6100	小売業	14	小売	-	-	267.0						配当未取得		33.33	0.42	51.8	298.0	150.0	Consumer Cyclical	配当未取得	1株配当が取得できていない	除外推奨	掲載非推奨	OK_配当データ要確認	15283.0	1.48	2.83	85.93	0.0	96.0	8.01		1.28	1
9856	ケーユーホールディングス	スタンダード（内国株式）	6100	小売業	14	小売	7	TOPIX Small 2	1139.0	5.09	58.0	5.09	58.0	5.09	配当あり	いいえ	6.79	0.51	357.1	1347.0	1116.0	Consumer Cyclical			OK	通常掲載可	OK	169094.0	4.96	5.71	73.01	0.19	2992.0	167.77	34.57	8.27	1
9857	英和	スタンダード（内国株式）	6050	卸売業	13	商社・卸売	-	-	2410.0	3.98	96.0	3.98	96.0	3.98	配当あり	いいえ	7.37	0.8	152.5	2859.0	2290.0	Industrials			OK	通常掲載可	OK	48846.2	6.09	3.63	57.93	0.01	-302.1	327.04	29.35	11.52	0
9861	吉野家ホールディングス	プライム（内国株式）	6100	小売業	14	小売	4	TOPIX Mid400	3063.0	0.72	22.0	0.72	22.0	0.72	配当あり	いいえ	43.48	2.92	1982.6	3496.0	2963.0	Consumer Cyclical			OK	通常掲載可	OK	225667.0	3.58	10.09	54.47	0.42	4096.0	70.45	31.23	7.1	4
9867	ソレキア	スタンダード（内国株式）	6050	卸売業	13	商社・卸売	-	-	10210.0	0.69	70.0	0.69	70.0	0.69	配当あり	いいえ	5.18	0.69	88.2	11990.0	6100.0	Technology			OK	通常掲載可	OK	30381.5	8.62	8.41	53.07	0.35	1184.0	1971.55	3.55	14.21	1
9869	加藤産業	プライム（内国株式）	6050	卸売業	13	商社・卸売	6	TOPIX Small 1	5900.0	2.71	160.0	2.71	160.0	2.71	配当あり	いいえ	12.17	1.01	1780.8	7080.0	5440.0	Consumer Defensive			OK	通常掲載可	OK	1214264.0	1.5	3.8	36.24	0.08	-11105.0	484.98	32.99	8.99	9
9872	北恵	スタンダード（内国株式）	6050	卸売業	13	商社・卸売	-	-	894.0	3.13	28.0	3.13	28.0	3.13	配当あり	いいえ	14.97	0.68	83.0	999.0	837.0	Industrials			OK	通常掲載可	OK	58977.0	1.21	-3.77	51.21	0.0	-582.0	59.72	46.89	6.05	0
9876	コックス	スタンダード（内国株式）	6100	小売業	14	小売	-	-	227.0						配当未取得		5.96	0.59	62.7	324.0	204.0	Consumer Cyclical	配当未取得	1株配当が取得できていない	除外推奨	掲載非推奨	OK_配当データ要確認	14955.3	8.86	-2.27	70.65		589.7	38.07		10.98	
9878	セキド	スタンダード（内国株式）	6100	小売業	14	小売	-	-	422.0						配当未取得			1.22	13.5	1461.0	413.0	Consumer Cyclical	配当未取得	1株配当が取得できていない	除外推奨	掲載非推奨	OK_配当データ要確認	5758.1	-12.29	-23.17	2.02	33.13	-213.6	-419.59		-27.89	1
9880	イノテック	プライム（内国株式）	3650	電気機器	9	電機・精密	7	TOPIX Small 2	3910.0	2.05	80.0	2.05	80.0	2.05	配当あり	いいえ	12.27	1.81	474.6	4915.0	1387.0	Technology			OK	通常掲載可	OK	46737.7	6.65	11.34	54.88	0.18	2619.4	318.67	25.1	15.76	0
9882	イエローハット	プライム（内国株式）	6050	卸売業	13	商社・卸売	6	TOPIX Small 1	1741.0	3.91	68.0	3.86	68.0	3.91	配当あり	いいえ	12.67	1.2	1486.0	1787.0	1437.0	Consumer Cyclical			OK	通常掲載可	OK	171280.0	8.81	11.17	59.9	0.43	147.0	137.36	49.5	9.79	16
9885	シャルレ	スタンダード（内国株式）	6050	卸売業	13	商社・卸売	-	-	333.0	2.4	8.0	2.4	8.0	2.4	配当あり	いいえ		0.39	49.7	405.0	332.0	Consumer Cyclical			OK	通常掲載可	OK	12932.0	-8.63	11.98	76.47	0.08	-1278.0	-231.24		-23.69	0
9887	松屋フーズホールディングス	プライム（内国株式）	6100	小売業	14	小売	6	TOPIX Small 1	4705.0	0.51	24.0	0.51	24.0	0.51	配当あり	いいえ	23.92	1.68	969.0	7560.0	4385.0	Consumer Cyclical			OK	通常掲載可	OK	184474.7	4.12	19.62	40.96	0.95	-949.0	196.67	12.2	7.3	0
9888	ＵＥＸ	スタンダード（内国株式）	6050	卸売業	13	商社・卸売	-	-	962.0	3.85	37.0	3.85	37.0	3.85	配当あり	いいえ	16.08	0.56	99.1	1012.0	693.0	Basic Materials			OK	通常掲載可	OK	49725.0	2.61	-1.11	36.37	0.73	-293.8	59.84	61.83	3.67	0
9889	ＪＢＣＣホールディングス	プライム（内国株式）	5250	情報・通信業	10	情報通信・サービスその他	6	TOPIX Small 1	1237.0	4.04	50.0	4.04	50.0	4.04	配当あり	いいえ	14.39	3.02	750.5	1692.0	1145.0	Technology			OK	通常掲載可	OK	76019.0	9.62	8.8	52.5	0.08	5796.0	85.97	58.16	21.82	4
9890	マキヤ	スタンダード（内国株式）	6100	小売業	14	小売	-	-	1335.0	2.85	38.0	2.85	38.0	2.85	配当あり	いいえ	8.84	0.6	133.6	1597.0	1049.0	Consumer Defensive			OK	通常掲載可	OK	89448.0	2.53	15.66	52.21	0.3	1758.2	150.99	25.17	6.81	3
9895	コンセック	スタンダード（内国株式）	6050	卸売業	13	商社・卸売	-	-	1254.0	2.15	27.0	2.15	27.0	2.15	配当あり	いいえ		0.28	22.1	1485.0	1210.0	Industrials			OK	通常掲載可	OK	9890.0	-0.08	-3.96	64.0	0.22	-4.9	-80.38		-1.62	1
9896	ＪＫホールディングス	スタンダード（内国株式）	6050	卸売業	13	商社・卸売	7	TOPIX Small 2	1473.0	4.07	60.0	4.07	60.0	4.07	配当あり	いいえ	9.89	0.6	393.7	1599.0	1156.0	Industrials			OK	通常掲載可	OK	398820.0	1.61	1.41	29.46	0.43	3142.0	148.92	40.29	6.24	7
9900	サガミホールディングス	プライム（内国株式）	6100	小売業	14	小売	6	TOPIX Small 1	1623.0	0.74	12.0	0.74	12.0	0.74	配当あり	いいえ	30.19	2.49	488.9	2067.0	1515.0	Consumer Cyclical			OK	通常掲載可	OK	39359.9	7.57	12.35	72.48	0.03	454.9	53.76	22.32	8.63	0
9902	日伝	プライム（内国株式）	6050	卸売業	13	商社・卸売	7	TOPIX Small 2	2572.0	3.89	100.0	3.89	100.0	3.89	配当あり	いいえ	14.86	0.83	759.7	2989.0	2317.0	Industrials			OK	通常掲載可	OK	141033.0	4.7	4.65	72.0	0.05	1291.0	173.1	57.77	5.74	0
9903	カンセキ	スタンダード（内国株式）	6100	小売業	14	小売	-	-	912.0	2.19	20.0	2.19	20.0	2.19	配当あり	いいえ	22.22	0.61	68.0	1420.0	848.0	Consumer Cyclical			OK	通常掲載可	OK	35977.9	1.47	-2.94	27.22	1.74	-178.9	41.04	48.73	-6.31	0
9904	ベリテ	スタンダード（内国株式）	6100	小売業	14	小売	-	-	218.0	2.75	6.0	2.75	6.0	2.75	配当あり	いいえ	18.38	0.74	59.2	423.0	210.0	Consumer Cyclical			OK	通常掲載可	OK	9441.0	7.43	18.8	49.73	0.52	961.0	11.86	50.59	-2.57	1
9906	藤井産業	スタンダード（内国株式）	6050	卸売業	13	商社・卸売	-	-	4205.0	4.76	200.0	4.76	200.0	4.76	配当あり	いいえ	6.98	0.85	355.6	4980.0	2900.0	Industrials			OK	通常掲載可	OK	105856.0	5.86	10.15	59.56	0.02	2935.0	602.58	33.19	11.94	4
9908	日本電計	スタンダード（内国株式）	6050	卸売業	13	商社・卸売	-	-	2655.0	4.14	110.0	4.14	110.0	4.14	配当あり	いいえ	8.27	0.92	301.4	2712.0	2015.0	Industrials			OK	通常掲載可	OK	133148.5	3.73	9.83	41.68	0.55	-3891.5	320.99	34.27	11.06	5
9913	日邦産業	スタンダード（内国株式）	6050	卸売業	13	商社・卸売	-	-	3520.0	2.24	79.0	2.24	79.0	2.24	配当あり	いいえ	22.07	1.77	319.2	4540.0	2509.0	Technology			OK	通常掲載可	OK	46403.0	4.5	3.37	49.26	0.29	-779.0	159.48	49.54	8.35	4
9914	植松商会	スタンダード（内国株式）	6050	卸売業	13	商社・卸売	-	-	738.0	4.4	32.5	4.84	32.5	4.4	配当あり	いいえ	13.33	0.51	16.5	1265.0	643.0	Industrials			OK	通常掲載可	OK	6631.7	1.29	5.16	67.72	0.01	-24.5	55.36	58.71	3.9	4
9927	ワットマン	スタンダード（内国株式）	6100	小売業	14	小売	-	-							配当未取得								yfinanceデータなし	yfinanceで株価・配当データが取得できなかった	除外推奨	掲載非推奨	データなし										
9928	ミロク情報サービス	プライム（内国株式）	5250	情報・通信業	10	情報通信・サービスその他	7	TOPIX Small 2	1737.0	3.74	65.0	3.74	65.0	3.74	配当あり	いいえ	9.87	1.57	520.1	2045.0	1655.0	Technology			OK	通常掲載可	OK	48926.0	13.66	5.99	67.96	0.16	2039.0	175.96	36.94	16.69	2
9929	平和紙業	スタンダード（内国株式）	6050	卸売業	13	商社・卸売	-	-	470.0	2.55	12.0	2.55	12.0	2.55	配当あり	いいえ	55.95	0.42	43.5	510.0	429.0	Basic Materials			OK	通常掲載可	OK	15796.9	0.63	-1.47	57.65	0.18	508.0	8.4	142.86	0.77	0
9930	北沢産業	スタンダード（内国株式）	6050	卸売業	13	商社・卸売	-	-	353.0	2.83	10.0	2.83	10.0	2.83	配当あり	いいえ	30.3	0.58	65.6	385.0	331.0	Industrials			OK	通常掲載可	OK	14031.3	1.9	-9.83	66.86	0.18	-852.2	11.65	85.84	1.99	2
9932	杉本商事	プライム（内国株式）	6050	卸売業	13	商社・卸売	7	TOPIX Small 2	1183.0	4.56	54.0	4.56	54.0	4.56	配当あり	いいえ	10.1	0.61	206.8	2015.0	1113.0	Industrials			OK	通常掲載可	OK	48611.6	4.21	-1.73	77.94	0.07	3075.6	117.12	46.11	6.08	1
9934	因幡電機産業	プライム（内国株式）	6050	卸売業	13	商社・卸売	4	TOPIX Mid400	2712.0	3.13	85.0	3.12	85.0	3.13	配当あり	いいえ	13.16	1.54	3044.3	2897.5	1942.0	Industrials			OK	通常掲載可	OK	417023.0	7.12	8.6	63.0	0.0	20814.0	206.11	41.24	12.65	1
9936	王将フードサービス	プライム（内国株式）	6100	小売業	14	小売	6	TOPIX Small 1	2841.0	1.97	56.0	1.96	56.0	1.97	配当あり	いいえ	20.16	2.29	1492.4	3975.0	2599.0	Consumer Cyclical			OK	通常掲載可	OK	116838.0	8.92	5.23	76.47	0.05	6353.0	140.91	39.74	10.73	4
9941	太洋物産	スタンダード（内国株式）	6050	卸売業	13	商社・卸売	-	-	1131.0						配当未取得		14.27	1.99	21.9	2049.0	603.0	Consumer Defensive	配当未取得	1株配当が取得できていない	除外推奨	掲載非推奨	OK_配当データ要確認	19662.1	1.26	4.82	11.87	5.95	-563.3	79.28		15.5	
9946	ミニストップ	プライム（内国株式）	6100	小売業	14	小売	7	TOPIX Small 2	1832.0	1.09	20.0	1.09	20.0	1.09	配当あり	いいえ		2.01	531.4	2198.0	1736.0	Consumer Defensive			OK	通常掲載可	OK	91788.0	-3.93	4.93	38.34	0.03	-1121.0	-194.15		-19.3	0
9948	アークス	プライム（内国株式）	6100	小売業	14	小売	6	TOPIX Small 1	3295.0	2.49	82.0	2.49	82.0	2.49	配当あり	いいえ	14.68	0.9	1755.6	4035.0	2941.0	Consumer Cyclical			OK	通常掲載可	OK	626957.0	2.81	3.07	65.23	0.15	18361.0	224.39	36.54	6.55	5
9950	ハチバン	スタンダード（内国株式）	6100	小売業	14	小売	-	-	3420.0	0.58	20.0	0.58	20.0	0.58	配当あり	いいえ	166.67	2.64	100.5	3535.0	3355.0	Consumer Cyclical			OK	通常掲載可	OK	8644.5	0.05	4.99	67.89	0.13	-135.4	20.52	97.47	1.6	0
9955	ヨンキュウ	スタンダード（内国株式）	6050	卸売業	13	商社・卸売	-	-	2706.0	1.26	34.0	1.26	34.0	1.26	配当あり	いいえ	8.76	0.81	331.6	3195.0	2280.0	Consumer Defensive			OK	通常掲載可	OK	47676.0	3.92	6.21	73.75	0.16	2330.9	308.75	11.01	9.5	0
9956	バローホールディングス	プライム（内国株式）	6100	小売業	14	小売	6	TOPIX Small 1	3350.0	1.19	40.0	1.19	40.0	1.19	配当あり	いいえ	12.45	0.95	1764.6	3995.0	2448.0	Consumer Cyclical			OK	通常掲載可	OK	924113.0	2.99	8.15	35.98	0.8	9607.0	269.01	14.87	9.17	15
9959	アシードホールディングス	スタンダード（内国株式）	6100	小売業	14	小売	-	-	905.0	2.65	24.0	2.65	24.0	2.65	配当あり	いいえ	12.27	1.41	111.6	1459.0	647.0	Consumer Defensive			OK	通常掲載可	OK	25409.0	4.22	6.01	32.87	1.28	-2.0	73.76	32.54	11.99	4
9960	東テク	プライム（内国株式）	6050	卸売業	13	商社・卸売	6	TOPIX Small 1	4145.0	4.15	172.0	4.15	172.0	4.15	配当あり	いいえ	12.99	2.31	1699.7	4590.0	2684.0	Technology			OK	通常掲載可	OK	170013.0	10.02	9.01	63.99	0.09	3282.0	319.17	53.89	19.47	4
9962	ミスミグループ本社	プライム（内国株式）	6050	卸売業	13	商社・卸売	4	TOPIX Mid400	3981.0	1.33	52.98	1.33	52.98	1.33	配当あり	いいえ	26.81	2.77	10538.2	4038.0	1861.0	Industrials			OK	通常掲載可	OK	441383.0	10.79	9.8	81.97	0.02	52190.0	148.49	35.68	11.06	2
9969	ショクブン	スタンダード（内国株式）	6100	小売業	14	小売	-	-	229.0	1.09	2.5	1.09	2.5	1.09	配当あり	いいえ		1.46	35.1	266.0	221.0	Consumer Cyclical			OK	通常掲載可	OK	6008.3	0.48	-0.81	53.26	0.57	-93.8	-2.12		3.15	0
9972	アルテック	スタンダード（内国株式）	6050	卸売業	13	商社・卸売	-	-	259.0	2.7	7.0	2.7	7.0	2.7	配当あり	いいえ		0.41	35.7	319.0	212.0	Industrials			OK	通常掲載可	OK	17551.6	17.97	-3.74	56.42	0.45	115.7	-188.42		-20.36	0
9973	ＫＯＺＯホールディングス	スタンダード（内国株式）	6100	小売業	14	小売	-	-	20.0						配当未取得			10.6	58.9	47.0	19.0	Consumer Cyclical	配当未取得	1株配当が取得できていない	除外推奨	掲載非推奨	OK_配当データ要確認	19441.3	-1.52	7.35	6.6	2.32	-847.1	-2.54		-212.67	
9974	ベルク	プライム（内国株式）	6100	小売業	14	小売	6	TOPIX Small 1	6380.0	2.07	132.0	2.07	132.0	2.07	配当あり	いいえ	10.68	1.1	1329.0	8200.0	5970.0	Consumer Defensive			OK	通常掲載可	OK	423431.0	4.23	9.19	54.47	0.36	-2516.0	597.17	22.1	11.0	16
9976	セキチュー	スタンダード（内国株式）	6100	小売業	14	小売	-	-	1028.0	2.92	30.0	2.92	30.0	2.92	配当あり	いいえ	14.2	0.52	55.8	1450.0	969.0	Consumer Cyclical			OK	通常掲載可	OK	31867.2	1.94	1.23	50.56	0.33	435.3	72.37	41.45	-0.04	1
9978	文教堂グループホールディングス	スタンダード（内国株式）	6100	小売業	14	小売	-	-	45.0						配当未取得			1.7	19.7	75.0	43.0	Consumer Cyclical	配当未取得	1株配当が取得できていない	除外推奨	掲載非推奨	OK_配当データ要確認	14456.4	-0.61	-3.14	12.09	3.46	-61.6	-4.09		-14.5	
9979	大庄	スタンダード（内国株式）	6100	小売業	14	小売	7	TOPIX Small 2	1072.0	1.31	14.0	1.31	14.0	1.31	配当あり	いいえ	27.03	1.96	225.0	1263.0	1011.0	Consumer Cyclical			OK	通常掲載可	OK	52556.0	2.29	3.89	38.22	0.78	1278.0	39.66	35.3	7.41	0
9980	ＭＲＫホールディングス	スタンダード（内国株式）	6100	小売業	14	小売	-	-	93.0	1.08	1.0	1.08	1.0	1.08	配当あり	いいえ	9.69	0.59	85.7	182.0	85.0	Consumer Cyclical			OK	通常掲載可	OK	21230.9	2.73	0.37	77.71	0.03	1015.5	9.6	10.42	6.21	0
9982	タキヒヨー	スタンダード（内国株式）	6050	卸売業	13	商社・卸売	-	-	2647.0	1.89	50.0	1.89	50.0	1.89	配当あり	いいえ	14.35	0.69	223.3	3075.0	1531.0	Consumer Cyclical			OK	通常掲載可	OK	63970.0	3.05	5.5	63.99	0.16	2164.0	184.5	27.1	5.14	2
9983	ファーストリテイリング	プライム（内国株式）	6100	小売業	14	小売	1	TOPIX Core30	82710.0	0.77	640.0	0.77	640.0	0.77	配当あり	いいえ	53.19	9.64	253787.1	86060.0	43270.0	Consumer Cyclical			OK	通常掲載可	OK	3400539.0	16.54	9.56	58.9	0.23	401830.0	1554.95	41.16	20.62	4
9984	ソフトバンクグループ	プライム（内国株式）	5250	情報・通信業	10	情報通信・サービスその他	1	TOPIX Core30	6000.0	0.18	11.0	0.18	11.0	0.18	配当あり	いいえ	6.88	1.94	341935.4	9074.0	2551.25	Communication Services			OK	通常掲載可	OK	7243752.0	10.07	7.21	25.68	1.64	-650593.0	872.4	1.26	32.72	0
9986	蔵王産業	スタンダード（内国株式）	6050	卸売業	13	商社・卸売	-	-	2463.0	4.06	100.0	4.07	100.0	4.06	配当あり	いいえ	18.62	1.19	133.9	2850.0	2390.0	Industrials			OK	通常掲載可	OK	8757.5	11.61	3.64	85.95	0.0	1072.4	132.26	75.61	7.36	0
9987	スズケン	プライム（内国株式）	6050	卸売業	13	商社・卸売	4	TOPIX Mid400	4864.0	1.23	60.0	1.23	60.0	1.23	配当あり	いいえ	8.92	0.79	3289.9	6668.0	4810.0	Healthcare			OK	通常掲載可	OK	2486647.0	1.46	3.61	35.98		15718.0	545.43	11.0	9.26	3
9989	サンドラッグ	プライム（内国株式）	6100	小売業	14	小売	4	TOPIX Mid400	3735.0	3.53	132.0	3.53	132.0	3.53	配当あり	いいえ	13.91	1.53	4369.3	4883.0	3526.0	Healthcare			OK	通常掲載可	OK	842512.0	5.56	5.08	60.15	0.17	12161.0	268.55	49.15	11.3	19
9990	サックスバー　ホールディングス	プライム（内国株式）	6100	小売業	14	小売	7	TOPIX Small 2	742.0	4.72	35.0	4.72	35.0	4.72	配当あり	いいえ	11.3	0.7	215.6	852.0	705.0	Consumer Cyclical			OK	通常掲載可	OK	51270.5	6.17	-1.95	74.05	0.06	545.6	65.67	53.3	6.31	0
9991	ジェコス	プライム（内国株式）	6050	卸売業	13	商社・卸売	7	TOPIX Small 2	1547.0	4.46	69.0	4.46	69.0	4.46	配当あり	いいえ	8.9	0.73	520.5	1948.0	1185.0	Industrials			OK	通常掲載可	OK	115680.0	6.93	3.7	58.17	0.04	7909.0	173.88	39.68	8.4	3
9993	ヤマザワ	スタンダード（内国株式）	6100	小売業	14	小売	-	-	1183.0	2.28	27.0	2.28	27.0	2.28	配当あり	いいえ	9.18	0.45	121.5	1220.0	1130.0	Consumer Defensive			OK	通常掲載可	OK	105405.0	1.09	2.78	51.47	0.36	4883.0	128.83	20.96	5.23	0
9994	やまや	スタンダード（内国株式）	6100	小売業	14	小売	-	-	2014.0	3.57	72.0	3.57	72.0	3.57	配当あり	いいえ	10.6	0.59	218.3	2845.0	2001.0	Consumer Defensive			OK	通常掲載可	OK	159119.0	2.24	-0.65	57.1	0.15	2011.0	189.92	37.91	6.64	2
9996	サトー商会	スタンダード（内国株式）	6050	卸売業	13	商社・卸売	-	-	1957.0	2.45	48.0	2.45	48.0	2.45	配当あり	いいえ	13.04	0.6	163.2	2479.0	1890.0	Consumer Defensive			OK	通常掲載可	OK	50813.8	3.09	3.41	73.71	0.03	529.1	150.1	31.98	4.68	3
9997	ベルーナ	プライム（内国株式）	6100	小売業	14	小売	6	TOPIX Small 1	941.0	4.14	39.0	4.14	39.0	4.14	配当あり	いいえ	7.89	0.6	905.0	1076.0	823.0	Consumer Cyclical			OK	通常掲載可	OK	218098.0	7.56	3.43	44.49	0.99	-15022.0	119.22	32.71	7.83	8
