コード	銘柄名	市場・商品区分	33業種コード	33業種区分	17業種コード	17業種区分	規模コード	規模区分	株価	配当利回り(%)	1株配当(円)	配当利回り_raw	1株配当_raw	配当利回り_自前計算	配当状態	配当フォールバック使用	PER	PBR	時価総額(億円)	52週高値	52週安値	セクター	注意フラグ	要確認理由	配当ランキング利用可否	記事掲載区分	yfinance状態	売上高_直近期(百万円)	営業利益率(%)	売上成長率_YoY(%)	自己資本比率(%)	DEレシオ	FCF(百万円)	EPS(円)	配当性向(%)	ROE(%)	連続増配(年)
1301	極洋	プライム（内国株式）	50	水産・農林業	1	食品	6	TOPIX Small 1	4395.0	3.64	160.0	3.64	160.0	3.64	配当あり	いいえ	7.63	0.67	522.0	5450.0	4165.0	Consumer Defensive			OK	通常掲載可	OK	334612.0	3.21	10.55	36.12	1.19	-745.0	576.18	27.77	8.88	1
130A	Ｖｅｒｉｔａｓ　Ｉｎ　Ｓｉｌｉｃｏ	グロース（内国株式）	3250	医薬品	5	医薬品	-	-	431.0						配当未取得			1.57	28.0	940.0	390.0	Healthcare	配当未取得	1株配当が取得できていない	除外推奨	掲載非推奨	OK_配当データ要確認	91.1	-435.32	-53.18	94.64		-330.5	-65.64		-21.32	
1332	ニッスイ	プライム（内国株式）	50	水産・農林業	1	食品	4	TOPIX Mid400	1293.5	2.47	32.0	2.47	32.0	2.47	配当あり	いいえ	14.35	1.31	3922.8	1570.0	859.0	Consumer Defensive			OK	通常掲載可	OK	931265.0	4.34	5.09	40.04	0.9	8889.0	90.16	35.49	9.92	6
1333	Ｕｍｉｏｓ	プライム（内国株式）	50	水産・農林業	1	食品	4	TOPIX Mid400	1307.5	3.44	45.0	3.44	45.0	3.44	配当あり	いいえ	8.91	0.8	1976.7	1589.0	1005.0	Consumer Defensive			OK	通常掲載可	OK	1105890.0	2.82	2.53	32.89	1.24	-1743.0	146.7	30.67	9.96	4
135A	ＶＲＡＩＮ　Ｓｏｌｕｔｉｏｎ	グロース（内国株式）	5250	情報・通信業	10	情報通信・サービスその他	-	-	4570.0						配当未取得		71.95	31.66	468.7	4790.0	1910.0	Technology	配当未取得	1株配当が取得できていない	除外推奨	掲載非推奨	OK_配当データ要確認	3278.0	27.91	52.89	64.82	0.19	-475.0	63.52		44.0	
1375	ユキグニファクトリー	プライム（内国株式）	50	水産・農林業	1	食品	7	TOPIX Small 2	1154.0	1.73	20.0	1.73	20.0	1.73	配当あり	いいえ	15.55	3.12	460.2	1165.0	1000.0	Consumer Defensive			OK	通常掲載可	OK	53449.0	8.08	0.58	39.19	1.07	3296.0	74.2	26.95	21.65	2
1376	カネコ種苗	スタンダード（内国株式）	50	水産・農林業	1	食品	7	TOPIX Small 2	1459.0	3.29	48.0	3.29	48.0	3.29	配当あり	いいえ	12.56	0.63	160.0	1859.0	1364.0	Basic Materials			OK	通常掲載可	OK	64508.7	2.34	4.72	50.72		-1138.4	116.14	41.33	5.16	4
1377	サカタのタネ	プライム（内国株式）	50	水産・農林業	1	食品	6	TOPIX Small 1	4165.0	1.92	80.0	1.92	80.0	1.92	配当あり	いいえ	15.58	1.02	1760.1	4630.0	3310.0	Consumer Defensive			OK	通常掲載可	OK	92920.0	13.19	4.78	84.46	0.02	-2606.0	267.39	29.92	6.31	5
1379	ホクト	プライム（内国株式）	50	水産・農林業	1	食品	7	TOPIX Small 2	1887.0	3.29	62.0	3.29	62.0	3.29	配当あり	いいえ	9.83	0.91	591.5	2123.0	1779.0	Consumer Defensive			OK	通常掲載可	OK	85915.0	8.18	3.38	57.09	0.47	5901.0	191.91	32.31	11.51	0
137A	Ｃｏｃｏｌｉｖｅ	グロース（内国株式）	5250	情報・通信業	10	情報通信・サービスその他	-	-	827.0						配当未取得		13.44	6.76	24.9	1585.0	549.0	Technology	配当未取得	1株配当が取得できていない	除外推奨	掲載非推奨	OK_配当データ要確認	1301.8	21.48	26.66	84.09	0.0	221.4	61.53		50.3	
1380	秋川牧園	スタンダード（内国株式）	50	水産・農林業	1	食品	-	-	1001.0	1.0	10.0	1.0	10.0	1.0	配当あり	いいえ	192.13	1.92	41.7	1245.0	980.0	Consumer Defensive			OK	通常掲載可	OK	8283.4	1.73	4.1	31.22	1.44	252.7	5.21	191.94	0.96	0
1381	アクシーズ	スタンダード（内国株式）	50	水産・農林業	1	食品	-	-	3515.0	3.2	112.5	3.2	112.5	3.2	配当あり	いいえ	8.83	0.85	197.4	4600.0	2854.0	Consumer Defensive			OK	通常掲載可	OK	26426.0	8.03	2.28	86.14	0.0	870.0	398.25	28.25	12.04	4
1382	ホーブ	スタンダード（内国株式）	50	水産・農林業	1	食品	-	-	1111.0	4.5	50.0	4.5	50.0	4.5	配当あり	いいえ		1.17	8.5	3645.0	1100.0	Consumer Defensive			OK	通常掲載可	OK	2412.7	1.58	-4.22	70.69	0.01	-5.0	-9.33		-1.47	0
1383	ベルグアース	スタンダード（内国株式）	50	水産・農林業	1	食品	-	-	2865.0	0.35	10.0	0.35	10.0	0.35	配当あり	いいえ	43.47	2.19	45.9	3365.0	2803.0	Consumer Defensive			OK	通常掲載可	OK	7303.5	-0.45	2.94	34.92	1.14	-239.4	65.9	15.17	4.86	0
1384	ホクリヨウ	スタンダード（内国株式）	50	水産・農林業	1	食品	-	-	2041.0	3.92	80.0	3.92	80.0	3.92	配当あり	いいえ	4.47	1.74	172.6	3385.0	1560.0	Consumer Defensive			OK	通常掲載可	OK	23107.0	21.51	19.13	74.86	0.07	4079.0	456.57	17.52	11.24	4
138A	光フードサービス	グロース（内国株式）	6100	小売業	14	小売	-	-	2972.0	1.62	48.0	1.62	48.0	1.62	配当あり	いいえ	28.73	2.25	29.5	3540.0	2000.0	Consumer Cyclical			OK	通常掲載可	OK	2861.8	7.89	11.49	49.39	0.63	40.7	103.43	46.41	8.01	0
1401	エムビーエス	グロース（内国株式）	2050	建設業	3	建設・資材	-	-	1293.0	1.16	15.0	1.16	15.0	1.16	配当あり	いいえ	17.7	2.4	89.6	1977.0	1141.0	Industrials			OK	通常掲載可	OK	4713.0	13.28	8.18	75.78	0.0	467.1	73.05	20.53	14.21	4
1407	ウエストホールディングス	スタンダード（内国株式）	2050	建設業	3	建設・資材	-	-	2389.0	2.93	70.0	2.93	70.0	2.93	配当あり	いいえ	18.31	2.76	947.5	3270.0	1294.0	Utilities			OK	通常掲載可	OK	47250.0	18.3	-6.23	24.38	2.6	182.0	130.44	53.66	16.05	0
1414	ショーボンドホールディングス	プライム（内国株式）	2050	建設業	3	建設・資材	4	TOPIX Mid400	1260.0	3.61	45.5	3.61	45.5	3.61	配当あり	いいえ	17.48	2.44	2532.1	1537.0	1161.75	Industrials			OK	通常掲載可	OK	90712.0	22.92	6.2	81.38		8616.0	72.07	63.13	14.64	17
1417	ミライト・ワン	プライム（内国株式）	2050	建設業	3	建設・資材	4	TOPIX Mid400	3849.0	2.6	100.0	2.6	100.0	2.6	配当あり	いいえ	14.71	1.22	3383.9	4351.0	2486.5	Industrials			OK	通常掲載可	OK	602377.0	5.69	4.11	48.73	0.48	13019.0	261.73	38.21	8.61	2
1418	インターライフホールディングス	スタンダード（内国株式）	2050	建設業	3	建設・資材	-	-	529.0	5.67	30.0	5.67	30.0	5.67	配当あり	いいえ	9.87	1.73	80.7	729.0	375.0	Industrials			OK	通常掲載可	OK	16336.3	7.14	-3.57	50.45	0.31	2188.3	53.59	55.98	18.63	3
1419	タマホーム	プライム（内国株式）	2050	建設業	3	建設・資材	6	TOPIX Small 1	2912.0	4.29	125.0	4.29	125.0	4.29	配当あり	いいえ	34.85	3.27	844.1	4125.0	2701.0	Consumer Cyclical			OK	通常掲載可	OK	200817.0	2.05	-18.94	37.1	0.56	512.0	83.57	149.58	10.21	4
141A	トライアルホールディングス	グロース（内国株式）	6100	小売業	14	小売	-	-	3075.0	0.52	16.0	0.52	16.0	0.52	配当あり	いいえ	39.06	2.88	3771.3	4840.0	1996.0	Consumer Defensive			OK	通常掲載可	OK	803829.0	2.63	11.96	42.0	0.31	-39951.0	78.72	20.33	7.55	1
1420	サンヨーホームズ	スタンダード（内国株式）	2050	建設業	3	建設・資材	-	-	636.0	3.93	25.0	3.93	25.0	3.93	配当あり	いいえ	5.19	0.45	78.9	741.0	602.0	Consumer Cyclical			OK	通常掲載可	OK	50502.6	4.32	10.95	35.59	1.15	-1618.8	122.62	20.39	8.67	0
1429	日本アクア	プライム（内国株式）	2050	建設業	3	建設・資材	-	-	736.0	4.76	35.0	4.76	35.0	4.76	配当あり	いいえ	12.39	2.18	236.9	955.0	678.0	Industrials			OK	通常掲載可	OK	33670.8	8.24	11.25	45.07	0.41	1006.7	59.4	58.92	18.18	5
142A	ジンジブ	グロース（内国株式）	9050	サービス業	10	情報通信・サービスその他	-	-	769.0						配当未取得		12.24	3.88	22.3	1083.0	513.0	Industrials	配当未取得	1株配当が取得できていない	除外推奨	掲載非推奨	OK_配当データ要確認	2688.0	6.18	11.99	25.07	0.73	212.8	62.83		37.72	
1430	ファーストコーポレーション	スタンダード（内国株式）	2050	建設業	3	建設・資材	-	-	934.0	4.93	46.0	4.93	46.0	4.93	配当あり	いいえ	8.86	1.09	112.0	1151.0	844.0	Consumer Cyclical			OK	通常掲載可	OK	43194.3	5.97	51.64	39.22	0.48	2050.0	105.45	43.62	15.01	1
1431	Ｌｉｂ　Ｗｏｒｋ	グロース（内国株式）	2050	建設業	3	建設・資材	-	-	643.0	1.0	6.4	1.0	6.4	1.0	配当あり	いいえ	65.81	3.44	149.6	838.0	625.0	Real Estate			OK	通常掲載可	OK	16004.7	5.21	3.69	40.91	0.81	936.7	9.77	65.51	4.61	0
1433	ベステラ	プライム（内国株式）	2050	建設業	3	建設・資材	-	-	1146.0	3.49	40.0	3.49	40.0	3.49	配当あり	いいえ	14.08	1.89	101.5	1355.0	1003.0	Industrials			OK	通常掲載可	OK	11140.4	6.65	2.23	64.77	0.11	1636.0	81.37	49.16	12.05	1
1434	ＪＥＳＣＯホールディングス	スタンダード（内国株式）	2050	建設業	3	建設・資材	-	-	1908.0	2.52	48.0	2.52	48.0	2.52	配当あり	いいえ	8.67	1.64	132.8	2624.0	903.0	Industrials			OK	通常掲載可	OK	19067.6	9.03	28.8	42.36	0.74	896.3	219.99	21.82	20.26	1
1435	ｒｏｂｏｔ　ｈｏｍｅ	スタンダード（内国株式）	8050	不動産業	17	不動産	7	TOPIX Small 2	164.0	1.22	2.0	1.22	2.0	1.22	配当あり	いいえ	7.41	1.34	145.7	277.0	145.0	Real Estate			OK	通常掲載可	OK	24068.2	7.34	82.92	70.1	0.12	1035.3	22.12	9.04	18.38	0
1436	グリーンエナジー＆カンパニー	グロース（内国株式）	2050	建設業	3	建設・資材	-	-	1560.0	1.35	21.0	1.35	21.0	1.35	配当あり	いいえ	40.32	3.49	192.9	2184.0	693.0	Industrials			OK	通常掲載可	OK	11616.6	4.68	20.06	39.04	1.09	-1110.9	38.69	54.28	9.19	1
1438	岐阜造園	スタンダード（内国株式）	2050	建設業	3	建設・資材	-	-	1879.0	2.13	40.0	2.13	40.0	2.13	配当あり	いいえ	12.23	1.36	61.0	2030.0	1758.0	Industrials			OK	通常掲載可	OK	6271.4	8.58	20.63	71.75	0.06	286.9	153.7	26.02	11.79	3
143A	イシン	グロース（内国株式）	9050	サービス業	10	情報通信・サービスその他	-	-	731.0						配当未取得		303.32	1.16	14.1	1189.0	621.0	Communication Services	配当未取得	1株配当が取得できていない	除外推奨	掲載非推奨	OK_配当データ要確認	1428.9	3.5	2.54	57.69		-127.0	2.41		-1.74	
1443	技研ホールディングス	スタンダード（内国株式）	2050	建設業	3	建設・資材	-	-	253.0	0.43	1.1	0.43	1.1	0.43	配当あり	いいえ	6.69	0.32	41.1	375.0	191.0	Industrials			OK	通常掲載可	OK	4675.1	15.01	-4.71	70.71	0.22	928.8	37.8	2.91	5.14	1
1444	ニッソウ	グロース（内国株式）	2050	建設業	3	建設・資材	-	-	2851.0						配当未取得			1.88	31.0	3005.0	2520.0	Consumer Cyclical	配当未取得	1株配当が取得できていない	除外推奨	掲載非推奨	OK_配当データ要確認	4679.0	1.21	12.3	54.24	0.52	-79.3	-40.2		-4.19	
1446	キャンディル	スタンダード（内国株式）	2050	建設業	3	建設・資材	-	-	530.0	1.89	10.0	1.89	10.0	1.89	配当あり	いいえ	19.2	1.57	49.3	598.0	516.0	Industrials			OK	通常掲載可	OK	13860.6	3.03	4.81	47.15	0.41	358.9	27.61	36.22	8.43	0
1447	ＳＡＡＦホールディングス	グロース（内国株式）	2050	建設業	3	建設・資材	-	-	326.0	1.47	4.8	1.47	4.8	1.47	配当あり	いいえ	17.27	7.3	79.4	475.0	230.0	Technology			OK	通常掲載可	OK	28855.7	1.16	-1.42	15.58	3.58	-366.2	18.88	25.42	11.74	
1450	ＴＡＮＡＫＥＮ	スタンダード（内国株式）	2050	建設業	3	建設・資材	-	-	1405.0	3.91	55.0	3.91	55.0	3.91	配当あり	いいえ	8.14	1.31	122.2	1870.0	1300.0	Industrials			OK	通常掲載可	OK	14820.4	14.75	20.63	76.57	0.0	-608.2	172.67	31.85	17.12	1
145A	Ｌ　ｉｓ　Ｂ	グロース（内国株式）	5250	情報・通信業	10	情報通信・サービスその他	-	-	810.0						配当未取得		29.94	2.17	41.5	1543.0	740.0	Technology	配当未取得	1株配当が取得できていない	除外推奨	掲載非推奨	OK_配当データ要確認	2132.7	7.93	33.79	53.94	0.67	151.3	27.05		8.8	
146A	コロンビア・ワークス	スタンダード（内国株式）	8050	不動産業	17	不動産	-	-	3180.0	2.96	94.0	2.96	94.0	2.96	配当あり	いいえ	6.4	1.41	245.4	4710.0	2502.0	Real Estate			OK	通常掲載可	OK	37084.0	16.26	76.75	26.05	2.69	-5765.0	496.72	18.92	24.04	1
147A	ソラコム	グロース（内国株式）	5250	情報・通信業	10	情報通信・サービスその他	-	-	1171.0						配当未取得		84.06	4.71	533.7	1335.0	782.0	Technology	配当未取得	1株配当が取得できていない	除外推奨	掲載非推奨	OK_配当データ要確認	8993.0	7.3	13.42	76.97	0.09	-1052.7	13.93		5.87	
148A	ハッチ・ワーク	グロース（内国株式）	5250	情報・通信業	10	情報通信・サービスその他	-	-	1666.0						配当未取得		13.46	3.11	32.0	3155.0	1647.0	Industrials	配当未取得	1株配当が取得できていない	除外推奨	掲載非推奨	OK_配当データ要確認	2759.3	9.5	16.55	35.62	0.43	266.3	123.78		27.37	
1491	中外鉱業	スタンダード（内国株式）	3500	非鉄金属	7	鉄鋼・非鉄	-	-	730.0	9.32	68.0	9.32	68.0	9.32	配当あり	いいえ	6.94	1.12	104.9	1480.0	632.0	Basic Materials	高利回り要確認	配当利回りが8%以上	要確認	手動確認後に掲載	OK_高利回り要確認	281692.2	0.87	73.51	53.31	0.39	1922.5	105.12	64.69	17.24	1
149A	シンカ	グロース（内国株式）	5250	情報・通信業	10	情報通信・サービスその他	-	-	801.0						配当未取得		61.33	2.45	25.7	1774.0	672.0	Technology	配当未取得	1株配当が取得できていない	除外推奨	掲載非推奨	OK_配当データ要確認	1464.4	4.1	18.84	81.85	0.06	30.9	13.06		4.24	
150A	ＪＳＨ	グロース（内国株式）	9050	サービス業	10	情報通信・サービスその他	-	-	357.0						配当未取得			1.04	20.2	484.0	329.0	Industrials	配当未取得	1株配当が取得できていない	除外推奨	掲載非推奨	OK_配当データ要確認	4740.2	-2.24	19.49	51.17	0.69	-641.9	-21.42		-7.33	
1514	住石ホールディングス	スタンダード（内国株式）	1050	鉱業	2	エネルギー資源	7	TOPIX Small 2	546.0	2.75	15.0	2.75	15.0	2.75	配当あり	いいえ	12.38	1.12	326.6	1557.0	506.0	Energy			OK	通常掲載可	OK	10658.0	3.09	3.84	90.55	0.0	4491.0	44.12	34.0	9.23	0
1515	日鉄鉱業	プライム（内国株式）	1050	鉱業	2	エネルギー資源	6	TOPIX Small 1	2463.0	2.52	62.0	2.52	62.0	2.52	配当あり	いいえ	13.81	1.23	1937.9	4535.0	1446.0	Basic Materials			OK	通常掲載可	OK	209717.0	8.98	6.58	50.68	0.41	-25359.0	178.32	34.77	10.15	1
1518	三井松島ホールディングス	プライム（内国株式）	3800	その他製品	10	情報通信・サービスその他	6	TOPIX Small 1	1552.0	4.77	74.0	4.77	74.0	4.77	配当あり	いいえ	10.46	1.07	574.7	1600.0	1006.0	Energy			OK	通常掲載可	OK	65468.0	14.62	8.08	43.5	0.92	3308.0	148.37	49.88	11.11	1
151A	ダイブ	グロース（内国株式）	9050	サービス業	10	情報通信・サービスその他	-	-	641.0						配当未取得		11.55	2.08	53.8	1011.0	566.0	Industrials	配当未取得	1株配当が取得できていない	除外推奨	掲載非推奨	OK_配当データ要確認	13781.8	5.49	11.47	51.19	0.18	86.5	55.51		19.67	
153A	カウリス	グロース（内国株式）	5250	情報・通信業	10	情報通信・サービスその他	-	-	1277.0	0.43	5.5	0.43	5.5	0.43	配当あり	いいえ	29.76	5.22	80.6	2888.0	958.0	Technology			OK	通常掲載可	OK	1400.7	29.13	14.32	75.91	0.06	140.3	42.91	12.82	23.09	
155A	情報戦略テクノロジー	グロース（内国株式）	5250	情報・通信業	10	情報通信・サービスその他	-	-	890.0						配当未取得		31.74	4.86	91.5	1750.0	463.0	Technology	配当未取得	1株配当が取得できていない	除外推奨	掲載非推奨	OK_配当データ要確認	8019.6	6.92	37.13	42.71	0.73	401.0	28.04		15.31	
156A	マテリアルグループ	グロース（内国株式）	9050	サービス業	10	情報通信・サービスその他	-	-	903.0	2.89	26.1	2.89	26.1	2.89	配当あり	いいえ	14.03	3.99	85.3	976.0	644.0	Communication Services			OK	通常掲載可	OK	6288.3	13.24	19.06	55.39	0.11	649.3	64.38	40.54	29.51	1
157A	グリーンモンスター	グロース（内国株式）	9050	サービス業	10	情報通信・サービスその他	-	-	870.0	1.15	10.0	1.15	10.0	1.15	配当あり	いいえ		2.17	27.9	2146.0	497.0	Technology			OK	通常掲載可	OK	2006.9	6.16	2.52	78.56	0.04	-25.3	-6.7		-9.98	0
1605	ＩＮＰＥＸ	プライム（内国株式）	1050	鉱業	2	エネルギー資源	4	TOPIX Mid400	3242.0	3.33	108.0	3.33	108.0	3.33	配当あり	いいえ	9.8	0.77	37678.2	4955.0	2004.0	Energy			OK	通常掲載可	OK	2011351.0	52.87	-11.23	61.37	0.26	353676.0	330.68	32.66	8.28	5
160A	アズパートナーズ	スタンダード（内国株式）	9050	サービス業	10	情報通信・サービスその他	-	-	2000.0	4.0	80.0	4.0	80.0	4.0	配当あり	いいえ	6.11	1.4	71.7	3550.0	1880.0	Industrials			OK	通常掲載可	OK	23661.0	6.44	32.05	21.21	1.96	-646.0	327.6	24.42	25.82	
1662	石油資源開発	プライム（内国株式）	1050	鉱業	2	エネルギー資源	6	TOPIX Small 1	1613.0	2.79	45.0	2.79	45.0	2.79	配当あり	いいえ	7.73	0.66	4129.3	2819.0	1019.0	Energy			OK	通常掲載可	OK	340336.0	11.43	-12.53	72.76	0.0	73733.0	208.72	21.56	9.15	0
1663	Ｋ＆Ｏエナジーグループ	プライム（内国株式）	1050	鉱業	2	エネルギー資源	6	TOPIX Small 1	1891.0	1.59	30.0	1.59	30.0	1.59	配当あり	いいえ	12.09	0.94	1009.9	2845.0	1353.0	Utilities			OK	通常掲載可	OK	91354.0	11.6	-1.15	82.52	0.01	7709.0	156.39	19.18	7.92	4
166A	タスキホールディングス	グロース（内国株式）	8050	不動産業	17	不動産	-	-	1104.0	3.62	40.0	3.62	40.0	3.62	配当あり	いいえ	12.09	2.14	681.4	1237.0	638.0	Technology			OK	通常掲載可	OK	74412.2	11.85	56.8	38.35	1.47	-7252.3	91.3	43.81	17.7	1
167A	リョーサン菱洋ホールディングス	プライム（内国株式）	6050	卸売業	13	商社・卸売	6	TOPIX Small 1	2756.0	5.08	140.0	5.08	140.0	5.08	配当あり	いいえ	14.86	0.81	1105.2	3450.0	2606.0	Technology			OK	通常掲載可	OK	359948.0	2.81	0.04	54.58	0.34	-2782.0	185.48	75.48	5.54	0
168A	イタミアート	グロース（内国株式）	3800	その他製品	10	情報通信・サービスその他	-	-	1091.0	1.83	20.0	1.83	20.0	1.83	配当あり	いいえ	10.62	1.21	16.0	2063.0	996.0	Communication Services			OK	通常掲載可	OK	4761.2	4.55	32.05	26.22	2.22	-358.3	102.77	19.46	11.94	
1711	ＳＤＳホールディングス	スタンダード（内国株式）	2050	建設業	3	建設・資材	-	-	226.0						配当未取得			4.04	23.6	341.0	212.0	Utilities	配当未取得	1株配当が取得できていない	除外推奨	掲載非推奨	OK_配当データ要確認	5251.5	2.18	30.13	10.36	7.39	-1106.1	-6.64		-5.69	
1716	第一カッター興業	スタンダード（内国株式）	2050	建設業	3	建設・資材	7	TOPIX Small 2	1384.0	2.89	40.0	2.89	40.0	2.89	配当あり	いいえ	9.11	0.78	155.7	1626.0	1266.0	Industrials			OK	通常掲載可	OK	20228.6	8.14	-3.3	86.44	0.02	853.4	151.96	26.32	9.41	6
1717	明豊ファシリティワークス	スタンダード（内国株式）	9050	サービス業	10	情報通信・サービスその他	-	-	920.0	4.78	44.0	4.78	44.0	4.78	配当あり	いいえ	11.59	1.78	108.2	1155.0	880.0	Industrials			OK	通常掲載可	OK	6114.7	20.76	6.96	71.34		1265.7	79.4	55.42	16.04	4
1718	美樹工業	スタンダード（内国株式）	2050	建設業	3	建設・資材	-	-	6950.0	4.32	300.0	4.32	300.0	4.32	配当あり	いいえ	4.83	0.43	74.6	9970.0	6260.0	Industrials			OK	通常掲載可	OK	36151.7	7.15	32.46	44.3	0.62	-2677.3	1437.96	20.86	9.2	1
1719	安藤・間	プライム（内国株式）	2050	建設業	3	建設・資材	4	TOPIX Mid400	1808.0	4.65	84.0	4.65	84.0	4.65	配当あり	いいえ	9.53	1.36	2836.4	2270.0	1515.0	Industrials			OK	通常掲載可	OK	439615.0	7.65	3.4	50.6	0.13	25911.0	189.66	44.29	15.62	5
1720	東急建設	プライム（内国株式）	2050	建設業	3	建設・資材	6	TOPIX Small 1	1189.0	3.7	44.0	3.7	44.0	3.7	配当あり	いいえ	9.43	1.13	1263.6	1693.0	997.0	Industrials			OK	通常掲載可	OK	341180.0	4.78	16.39	35.85	0.33	2940.0	126.15	34.88	12.61	0
1721	コムシスホールディングス	プライム（内国株式）	2050	建設業	3	建設・資材	4	TOPIX Mid400	5451.0	2.48	135.0	2.48	135.0	2.48	配当あり	いいえ	17.61	1.57	6297.8	6211.0	3278.0	Industrials			OK	通常掲載可	OK	630658.0	8.07	2.61	70.87	0.01	28850.0	309.62	43.6	9.37	2
1723	日本電技	スタンダード（内国株式）	2050	建設業	3	建設・資材	-	-	2409.0	2.99	72.0	2.99	72.0	2.99	配当あり	いいえ	18.18	3.28	1535.3	3147.5	1117.5	Technology			OK	通常掲載可	OK	46371.0	25.5	7.69	76.69	0.01	8315.0	132.5	54.34	15.87	1
1724	シンクレイヤ	スタンダード（内国株式）	2050	建設業	3	建設・資材	-	-	692.0	4.34	30.0	4.34	30.0	4.34	配当あり	いいえ	13.28	1.26	30.9	752.0	639.0	Technology			OK	通常掲載可	OK	10488.0	3.35	-10.44	63.22	0.24	1374.0	52.11	57.57	25.2	0
1726	ビーアールホールディングス	プライム（内国株式）	2050	建設業	3	建設・資材	-	-							配当未取得								yfinanceデータなし	yfinanceで株価・配当データが取得できなかった	除外推奨	掲載非推奨	データなし										
1736	オーテック	スタンダード（内国株式）	2050	建設業	3	建設・資材	-	-	2522.0	3.89	98.0	3.89	98.0	3.89	配当あり	いいえ	10.78	1.47	390.8	2792.0	1330.0	Industrials			OK	通常掲載可	OK	31424.1	12.81	6.98	64.54	0.09	2807.5	234.04	41.87	14.64	2
173A	ハンモック	グロース（内国株式）	5250	情報・通信業	10	情報通信・サービスその他	-	-	1370.0	3.28	45.0	3.28	45.0	3.28	配当あり	いいえ	8.54	1.8	57.8	1850.0	1278.0	Technology			OK	通常掲載可	OK	4889.8	17.07	3.86	45.15	0.0	922.5	160.43	28.05	23.08	
1758	太洋基礎工業	スタンダード（内国株式）	2050	建設業	3	建設・資材	-	-	2429.0	2.68	65.0	2.68	65.0	2.68	配当あり	いいえ	10.46	0.5	48.5	2805.0	1810.0	Industrials			OK	通常掲載可	OK	14511.5	3.8	7.64	76.32	0.02	525.7	232.21	27.99	5.87	2
175A	Ｗｉｌｌ　Ｓｍａｒｔ	グロース（内国株式）	5250	情報・通信業	10	情報通信・サービスその他	-	-	606.0						配当未取得			-17.48	13.1	1612.0	586.0	Technology	配当未取得	1株配当が取得できていない	除外推奨	掲載非推奨	OK_配当データ要確認	805.2	-35.16	-25.85	0.73	105.47	-183.7	-283.18			
1762	高松コンストラクショングループ	プライム（内国株式）	2050	建設業	3	建設・資材	7	TOPIX Small 2	3650.0	3.95	144.0	3.95	144.0	3.95	配当あり	いいえ	11.12	0.87	1270.9	4420.0	2994.0	Industrials			OK	通常掲載可	OK	357675.0	5.0	3.17	46.66	0.35	-18223.0	328.14	43.88	8.04	0
1764	工藤建設	スタンダード（内国株式）	2050	建設業	3	建設・資材	-	-	2630.0	4.45	117.0	4.45	117.0	4.45	配当あり	いいえ	6.68	0.57	32.8	3495.0	2600.0	Industrials			OK	通常掲載可	OK	20521.4	2.3	4.81	31.28	1.28	3010.9	393.45	29.74	8.53	1
1766	東建コーポレーション	プライム（内国株式）	2050	建設業	3	建設・資材	6	TOPIX Small 1	12740.0	3.14	400.0	3.14	400.0	3.14	配当あり	いいえ	10.29	1.22	1414.3	15450.0	11800.0	Real Estate			OK	通常掲載可	OK	366639.0	6.07	7.57	58.49		19892.0	1238.33	32.3	12.92	1
1768	ソネック	スタンダード（内国株式）	2050	建設業	3	建設・資材	-	-	1057.0	4.73	50.0	4.73	50.0	4.73	配当あり	いいえ	5.65	0.74	77.2	1796.0	869.0	Industrials			OK	通常掲載可	OK	22753.8	8.24	49.73	66.17		3085.8	187.09	26.73	14.04	0
1770	藤田エンジニアリング	スタンダード（内国株式）	2050	建設業	3	建設・資材	-	-	2072.0	3.28	68.0	3.28	68.0	3.28	配当あり	いいえ	10.33	0.92	190.3	2100.0	1495.0	Industrials			OK	通常掲載可	OK	29769.4	8.8	-8.81	64.92	0.02	1884.2	200.57	33.9	9.29	0
177A	コージンバイオ	グロース（内国株式）	3200	化学	4	素材・化学	-	-	868.0	1.15	10.0	1.15	10.0	1.15	配当あり	いいえ	17.67	0.75	44.4	2020.0	857.0	Healthcare			OK	通常掲載可	OK	4939.0	6.92	-5.13	66.77	0.37	-280.9	49.13	20.35	4.28	
1780	ヤマウラ	プライム（内国株式）	2050	建設業	3	建設・資材	7	TOPIX Small 2	1450.0	2.62	38.0	2.62	38.0	2.62	配当あり	いいえ	8.67	1.99	278.8	1696.0	1267.0	Industrials			OK	通常掲載可	OK	40526.5	10.51	13.79	72.71	0.0	-2556.2	167.19	22.73	10.43	2
1783	ｆａｎｔａｓｉｓｔａ	スタンダード（内国株式）	8050	不動産業	17	不動産	-	-	52.0						配当未取得			1.33	100.5	74.0	49.0	Real Estate	配当未取得	1株配当が取得できていない	除外推奨	掲載非推奨	OK_配当データ要確認	9422.3	2.25	7.0	69.03	0.39	1963.7	-0.28		-0.7	
1786	オリエンタル白石	プライム（内国株式）	2050	建設業	3	建設・資材	7	TOPIX Small 2	344.0	4.22	14.5	4.22	14.5	4.22	配当あり	いいえ	13.14	0.83	442.5	440.0	310.0	Industrials			OK	通常掲載可	OK	68866.0	7.75	6.68	64.18	0.1	-3401.0	26.18	55.39	6.48	0
1787	ナカボーテック	スタンダード（内国株式）	2050	建設業	3	建設・資材	-	-	5700.0	4.56	260.0	4.56	260.0	4.56	配当あり	いいえ	11.78	1.49	139.8	6750.0	5120.0	Industrials			OK	通常掲載可	OK	14903.2	8.8	1.21	76.97		1513.5	483.93	53.73	13.11	1
1788	三東工業社	スタンダード（内国株式）	2050	建設業	3	建設・資材	-	-	4385.0	1.6	70.0	1.6	70.0	1.6	配当あり	いいえ	8.45	0.73	27.5	6400.0	3805.0	Industrials			OK	通常掲載可	OK	7400.1	2.69	6.94	70.23	0.01	-576.5	518.75	13.49	9.42	0
1793	大本組	スタンダード（内国株式）	2050	建設業	3	建設・資材	-	-	1982.0	3.73	74.0	3.73	74.0	3.73	配当あり	いいえ	27.78	1.41	504.1	2150.0	1192.0	Industrials			OK	通常掲載可	OK	87448.0	2.71	24.76	66.33	0.09	-5732.0	71.35	103.71	3.31	2
1795	マサル	スタンダード（内国株式）	2050	建設業	3	建設・資材	-	-	4900.0	2.24	110.0	2.24	110.0	2.24	配当あり	いいえ	10.37	0.8	43.0	5000.0	4035.0	Industrials			OK	通常掲載可	OK	10647.7	5.99	19.0	59.93	0.2	1215.8	472.36	23.29	7.92	1
1798	守谷商会	スタンダード（内国株式）	2050	建設業	3	建設・資材	-	-	1109.0	3.43	38.0	3.43	38.0	3.43	配当あり	いいえ	4.41	0.64	120.9	1510.0	762.0	Industrials			OK	通常掲載可	OK	50855.7	7.59	1.17	48.94	0.1	1094.2	251.63	15.1	15.81	2
1799	第一建設工業	スタンダード（内国株式）	2050	建設業	3	建設・資材	-	-	3490.0	4.58	160.0	4.58	160.0	4.58	配当あり	いいえ	11.9	2.16	617.8	4510.0	2957.0	Industrials			OK	通常掲載可	OK	60003.4	11.52	3.44	86.52	0.0	2332.5	293.16	54.58	6.01	4
1801	大成建設	プライム（内国株式）	2050	建設業	3	建設・資材	4	TOPIX Mid400	14650.0	2.59	380.0	2.59	380.0	2.59	配当あり	いいえ	14.29	2.52	23880.8	20680.0	8381.0	Industrials			OK	通常掲載可	OK	2089090.0	9.0	-3.02	34.93	0.49	69708.0	1025.5	37.06	18.49	1
1802	大林組	プライム（内国株式）	2050	建設業	3	建設・資材	4	TOPIX Mid400	3305.0	2.84	94.0	2.84	94.0	2.84	配当あり	いいえ	13.24	1.81	22719.3	4439.0	2117.0	Industrials			OK	通常掲載可	OK	2586258.0	7.53	-0.17	40.03	0.28	127290.0	249.53	37.67	14.07	0
1803	清水建設	プライム（内国株式）	2050	建設業	3	建設・資材	4	TOPIX Mid400	2599.0	2.96	77.0	2.96	77.0	2.96	配当あり	いいえ	13.93	1.8	17652.4	3618.0	1582.5	Industrials			OK	通常掲載可	OK	2057801.0	5.77	5.83	36.84	0.58	-57015.0	186.61	41.26	13.41	1
1807	佐藤渡辺	スタンダード（内国株式）	2050	建設業	3	建設・資材	-	-	1813.0	4.41	80.0	4.41	80.0	4.41	配当あり	いいえ	12.8	0.5	113.2	2139.0	1650.0	Industrials			OK	通常掲載可	OK	33704.8	3.18	-16.62	69.84	0.0	4785.2	141.6	56.5	4.06	0
1808	長谷工コーポレーション	プライム（内国株式）	2050	建設業	3	建設・資材	4	TOPIX Mid400	2825.0	3.54	100.0	3.54	100.0	3.54	配当あり	いいえ	13.81	1.33	7476.2	3531.0	2167.5	Consumer Cyclical			OK	通常掲載可	OK	1273136.0	7.76	8.14	39.69	0.76	136281.0	204.53	48.89	10.02	2
1810	松井建設	スタンダード（内国株式）	2050	建設業	3	建設・資材	7	TOPIX Small 2	1377.0	5.08	70.0	5.08	70.0	5.08	配当あり	いいえ	9.07	0.69	392.7	1964.0	1141.0	Industrials			OK	通常掲載可	OK	96037.0	5.89	-3.24	65.07	0.05	8259.0	151.88	46.09	8.08	4
1811	錢高組	スタンダード（内国株式）	2050	建設業	3	建設・資材	-	-	7660.0	1.57	120.0	1.57	120.0	1.57	配当あり	いいえ	12.9	0.48	548.6	9820.0	4160.0	Industrials			OK	通常掲載可	OK	125497.0	3.75	4.01	52.99	0.29	17332.0	593.65	20.21	4.01	2
1812	鹿島建設	プライム（内国株式）	2050	建設業	3	建設・資材	4	TOPIX Mid400	6128.0	2.38	146.0	2.38	146.0	2.38	配当あり	いいえ	16.13	2.02	28496.9	8040.0	3621.0	Industrials			OK	通常掲載可	OK	3067275.0	7.85	5.34	39.04	0.59	58480.0	379.94	38.43	13.18	5
1813	不動テトラ	プライム（内国株式）	2050	建設業	3	建設・資材	7	TOPIX Small 2	2812.0	3.02	85.0	3.02	85.0	3.02	配当あり	いいえ	9.54	1.12	426.0	4015.0	2200.0	Industrials			OK	通常掲載可	OK	81699.0	7.24	17.46	53.5	0.42	-3933.0	294.7	28.84	12.21	0
1814	大末建設	プライム（内国株式）	2050	建設業	3	建設・資材	-	-	3370.0	5.52	186.0	5.52	186.0	5.52	配当あり	いいえ	9.22	1.38	346.9	4505.0	2185.0	Real Estate			OK	通常掲載可	OK	105553.0	6.23	18.56	42.26	0.11	9047.0	365.65	50.87	15.77	2
1815	鉄建建設	プライム（内国株式）	2050	建設業	3	建設・資材	7	TOPIX Small 2	4460.0	5.0	223.0	5.0	223.0	5.0	配当あり	いいえ	12.36	0.79	621.3	5840.0	2863.0	Industrials			OK	通常掲載可	OK	179824.0	3.13	-2.86	30.64	0.97	-14741.0	360.81	61.81	6.78	2
1820	西松建設	プライム（内国株式）	2050	建設業	3	建設・資材	4	TOPIX Mid400	5255.0	4.76	250.0	4.76	250.0	4.76	配当あり	いいえ	8.62	1.06	2074.9	6891.0	4772.0	Industrials			OK	通常掲載可	OK	396029.0	7.08	7.97	28.41	1.19	-20305.0	609.58	41.01	12.37	0
1822	大豊建設	スタンダード（内国株式）	2050	建設業	3	建設・資材	7	TOPIX Small 2	773.0	4.92	38.0	4.92	38.0	4.92	配当あり	いいえ	14.99	0.9	651.5	907.0	706.0	Industrials			OK	通常掲載可	OK	139818.0	4.93	-2.49	48.42	0.11	2964.0	51.56	73.7	6.34	1
1826	佐田建設	スタンダード（内国株式）	2050	建設業	3	建設・資材	-	-	1016.0	5.91	60.0	5.91	60.0	5.91	配当あり	いいえ	12.69	1.08	122.4	1296.0	962.0	Industrials			OK	通常掲載可	OK	36769.0	4.82	13.96	44.77	0.2	-834.0	80.06	74.94	7.17	1
1827	ナカノフドー建設	スタンダード（内国株式）	2050	建設業	3	建設・資材	-	-	1266.0	1.97	25.0	1.97	25.0	1.97	配当あり	いいえ	9.92	0.87	435.0	1710.0	709.0	Industrials			OK	通常掲載可	OK	138070.0	3.89	24.91	49.36	0.0	10124.0	127.61	19.59	9.13	3
1828	田辺工業	スタンダード（内国株式）	2050	建設業	3	建設・資材	-	-	2455.0	4.07	100.0	4.07	100.0	4.07	配当あり	いいえ	7.46	0.92	257.7	2978.0	2175.0	Industrials			OK	通常掲載可	OK	52366.1	9.11	3.02	59.29	0.04	1164.0	328.97	30.4	13.04	4
1833	奥村組	プライム（内国株式）	2050	建設業	3	建設・資材	6	TOPIX Small 1	5680.0	5.28	300.0	5.28	300.0	5.28	配当あり	いいえ	11.1	1.03	2037.5	7490.0	4330.0	Industrials			OK	通常掲載可	OK	307201.0	5.19	3.01	44.66	0.35	-5973.0	511.77	58.62	11.19	0
1835	東鉄工業	プライム（内国株式）	2050	建設業	3	建設・資材	6	TOPIX Small 1	4240.0	3.58	152.0	3.58	152.0	3.58	配当あり	いいえ	11.36	1.1	1460.3	5840.0	3930.0	Industrials			OK	通常掲載可	OK	163018.4	10.8	1.86	65.08	0.15	2053.6	373.12	40.74	10.18	4
1840	土屋ホールディングス	スタンダード（内国株式）	2050	建設業	3	建設・資材	-	-	239.0	4.18	10.0	4.18	10.0	4.18	配当あり	いいえ		0.51	61.6	266.0	211.0	Consumer Cyclical			OK	通常掲載可	OK	31456.8	-0.39	-5.47	48.32	0.24	-958.4	-10.75		-2.39	0
1844	大盛工業	スタンダード（内国株式）	2050	建設業	3	建設・資材	-	-	512.0	2.25	11.5	2.25	11.5	2.25	配当あり	いいえ	18.38	1.55	95.8	1450.0	398.0	Industrials			OK	通常掲載可	OK	5981.7	10.4	-1.19	47.08	0.71	1407.6	27.85	41.29	8.23	3
1847	イチケン	スタンダード（内国株式）	2050	建設業	3	建設・資材	-	-	2675.0	4.67	125.0	4.67	125.0	4.67	配当あり	いいえ	6.06	0.97	388.3	3305.0	1520.0	Real Estate			OK	通常掲載可	OK	106176.0	8.51	7.25	53.76	0.15	-3866.0	441.38	28.32	17.29	2
1848	富士ピー・エス	スタンダード（内国株式）	2050	建設業	3	建設・資材	-	-	648.0	3.86	25.0	3.86	25.0	3.86	配当あり	いいえ	11.52	0.87	114.5	854.0	490.0	Industrials			OK	通常掲載可	OK	32230.0	4.93	-4.56	36.9	0.8	-598.0	56.25	44.44	7.8	2
184A	学びエイド	グロース（内国株式）	5250	情報・通信業	10	情報通信・サービスその他	-	-	310.0						配当未取得			2.84	10.6	713.0	298.0	Consumer Defensive	配当未取得	1株配当が取得できていない	除外推奨	掲載非推奨	OK_配当データ要確認	289.9	-102.47	-53.89	61.65	0.28	-231.5	-54.81		74.96	
1850	南海辰村建設	スタンダード（内国株式）	2050	建設業	3	建設・資材	-	-	424.0	1.89	8.0	1.89	8.0	1.89	配当あり	いいえ	5.84	0.62	118.8	652.0	312.0	Industrials			OK	通常掲載可	OK	45796.0	6.21	-13.5	56.16	0.04	8403.0	72.63	11.01	11.32	2
1852	淺沼組	プライム（内国株式）	2050	建設業	3	建設・資材	6	TOPIX Small 1	864.0	6.48	56.0	6.48	56.0	6.48	配当あり	いいえ	13.46	1.4	697.5	1233.0	746.0	Industrials			OK	通常掲載可	OK	175294.0	4.11	4.96	42.1	0.29	17787.0	64.2	87.23	10.81	0
1853	森組	スタンダード（内国株式）	2050	建設業	3	建設・資材	-	-	324.0	4.32	14.0	4.32	14.0	4.32	配当あり	いいえ	11.45	3.62	106.1	352.0	301.0	Industrials			OK	通常掲載可	OK	28039.0	4.81	-4.8	61.49	0.0	2332.0	28.29	49.49	17.45	0
1860	戸田建設	プライム（内国株式）	2050	建設業	3	建設・資材	4	TOPIX Mid400	1616.0	3.71	60.0	3.71	60.0	3.71	配当あり	いいえ	13.11	1.22	4784.0	1665.0	931.7	Industrials			OK	通常掲載可	OK	645736.0	5.92	10.07	39.14	0.59	33211.0	123.3	48.66	9.92	2
1861	熊谷組	プライム（内国株式）	2050	建設業	3	建設・資材	6	TOPIX Small 1	1445.0	3.46	50.0	3.46	50.0	3.46	配当あり	いいえ	12.36	1.31	2455.3	2043.0	1050.0	Industrials			OK	通常掲載可	OK	487698.0	5.56	-2.18	41.85	0.26	20333.0	116.9	42.77	10.85	1
1866	北野建設	スタンダード（内国株式）	2050	建設業	3	建設・資材	-	-	1134.0	5.29	60.0	5.29	60.0	5.29	配当あり	いいえ	7.91	0.53	275.8	1714.0	925.0	Industrials			OK	通常掲載可	OK	78791.0	5.89	-2.55	64.2	0.0	-5442.0	143.45	41.83	7.04	0
1867	植木組	スタンダード（内国株式）	2050	建設業	3	建設・資材	-	-	2585.0	4.26	110.0	4.26	110.0	4.26	配当あり	いいえ	7.06	0.54	170.0	3275.0	1989.0	Industrials			OK	通常掲載可	OK	63290.0	5.88	24.82	56.33	0.22	-5202.8	366.29	30.03	7.97	2
186A	アストロスケールホールディングス	グロース（内国株式）	9050	サービス業	10	情報通信・サービスその他	-	-	1218.0						配当未取得			20.5	1685.6	3015.0	575.0	Industrials	配当未取得	1株配当が取得できていない	除外推奨	掲載非推奨	OK_配当データ要確認	2457.0	-763.34	-13.87	18.22	2.27	-12947.5	-49.82		-94.32	
1870	矢作建設工業	プライム（内国株式）	2050	建設業	3	建設・資材	6	TOPIX Small 1	1830.0	5.46	100.0	5.46	100.0	5.46	配当あり	いいえ	9.3	1.04	790.2	2534.0	1773.0	Industrials			OK	通常掲載可	OK	169399.0	8.11	20.4	51.47	0.41	8585.0	196.73	50.83	11.69	4
1871	ピーエス・コンストラクション	プライム（内国株式）	2050	建設業	3	建設・資材	7	TOPIX Small 2	2249.0	4.49	101.0	4.49	101.0	4.49	配当あり	いいえ	11.29	1.61	1053.0	3550.0	1722.0	Industrials			OK	通常掲載可	OK	149370.0	8.66	10.13	45.96	0.43	-18676.0	199.26	50.69	15.12	1
1873	日本ハウスホールディングス	プライム（内国株式）	2050	建設業	3	建設・資材	7	TOPIX Small 2	303.0	3.96	12.0	3.96	12.0	3.96	配当あり	いいえ	9.04	0.53	121.2	336.0	285.0	Consumer Cyclical			OK	通常掲載可	OK	34980.0	6.68	-10.54	51.12	0.48	2788.0	33.51	35.81	6.04	1
1878	大東建託	プライム（内国株式）	8050	不動産業	17	不動産	4	TOPIX Mid400	3073.0	5.3	163.0	5.3	163.0	5.3	配当あり	いいえ	10.28	2.02	9983.8	3848.0	2844.5	Real Estate			OK	通常掲載可	OK	1984740.0	6.81	7.73	36.3	0.47	9762.0	299.0	54.52	20.54	2
1879	新日本建設	プライム（内国株式）	2050	建設業	3	建設・資材	7	TOPIX Small 2	2119.0	3.68	78.0	3.68	78.0	3.68	配当あり	いいえ	8.14	0.92	1239.4	2339.0	1621.0	Industrials			OK	通常掲載可	OK	138427.0	14.74	5.14	72.61		16693.0	260.21	29.98	11.85	0
1882	東亜道路工業	プライム（内国株式）	2050	建設業	3	建設・資材	6	TOPIX Small 1	1555.0	5.79	90.0	5.79	90.0	5.79	配当あり	いいえ	20.97	1.34	718.5	1954.0	1457.0	Industrials			OK	通常掲載可	OK	121327.0	4.77	-4.15	60.61	0.09	9651.0	74.17	121.34	6.31	2
1885	東亜建設工業	プライム（内国株式）	2050	建設業	3	建設・資材	6	TOPIX Small 1	2084.0	3.69	77.0	3.69	77.0	3.69	配当あり	いいえ	8.39	1.38	1611.3	4680.0	1625.0	Industrials			OK	通常掲載可	OK	358697.0	6.75	8.54	38.15	0.22	44265.0	248.41	31.0	17.22	2
1887	日本国土開発	プライム（内国株式）	2050	建設業	3	建設・資材	7	TOPIX Small 2	523.0	3.82	20.0	3.82	20.0	3.82	配当あり	いいえ	19.38	0.6	417.1	719.0	454.0	Industrials			OK	通常掲載可	OK	123348.0	1.88	-9.1	47.08	0.45	-430.0	26.99	74.1	6.48	0
1888	若築建設	プライム（内国株式）	2050	建設業	3	建設・資材	7	TOPIX Small 2	3290.0	4.41	145.0	4.41	145.0	4.41	配当あり	いいえ	9.59	0.78	418.7	6170.0	3135.0	Industrials			OK	通常掲載可	OK	104748.0	6.35	21.15	44.1	0.4	-745.0	343.15	42.26	8.52	4
1893	五洋建設	プライム（内国株式）	2050	建設業	3	建設・資材	4	TOPIX Mid400	1706.5	3.05	52.0	3.05	52.0	3.05	配当あり	いいえ	13.59	2.35	4636.4	2257.0	915.8	Industrials			OK	通常掲載可	OK	794306.0	6.96	9.18	25.08	0.99	-27550.0	125.6	41.4	18.67	0
1897	金下建設	スタンダード（内国株式）	2050	建設業	3	建設・資材	-	-	3180.0	1.57	50.0	1.57	50.0	1.57	配当あり	いいえ	28.41	0.34	66.9	3515.0	2732.0	Industrials			OK	通常掲載可	OK	8837.0	1.13	-9.3	82.25	0.0	18.0	111.94	44.67	1.25	0
1898	世紀東急工業	プライム（内国株式）	2050	建設業	3	建設・資材	6	TOPIX Small 1	1452.0	5.23	76.0	5.23	76.0	5.23	配当あり	いいえ	11.39	1.2	531.9	1729.0	1395.0	Industrials			OK	通常掲載可	OK	95258.0	6.74	-4.13	52.31	0.15	9609.0	127.49	59.61	10.86	0
1899	福田組	プライム（内国株式）	2050	建設業	3	建設・資材	7	TOPIX Small 2	3655.0	7.11	260.0	7.11	260.0	7.11	配当あり	いいえ	10.91	0.67	605.4	4450.0	2460.0	Industrials			OK	通常掲載可	OK	167959.0	4.63	0.82	60.89	0.01	715.0	335.16	77.57	6.89	2
189A	Ｄ＆Ｍカンパニー	グロース（内国株式）	9050	サービス業	10	情報通信・サービスその他	-	-	975.0	2.05	20.0	2.05	20.0	2.05	配当あり	いいえ	10.29	0.99	22.3	1500.0	785.0	Healthcare			OK	通常掲載可	OK	1502.7	19.93	26.33	22.85	3.26	-102.3	94.77	21.1	10.37	
1904	大成温調	スタンダード（内国株式）	2050	建設業	3	建設・資材	-	-	5080.0	3.9	198.0	3.9	198.0	3.9	配当あり	いいえ	8.86	1.03	315.8	5630.0	3895.0	Industrials			OK	通常掲載可	OK	61719.1	6.45	-1.25	59.22	0.0	9127.5	573.53	34.52	12.16	0
1905	テノックス	スタンダード（内国株式）	2050	建設業	3	建設・資材	-	-	1529.0	4.05	62.0	4.05	62.0	4.05	配当あり	いいえ	10.83	0.75	101.9	1623.0	1176.0	Industrials			OK	通常掲載可	OK	21093.5	6.11	-11.06	63.97	0.01	694.9	141.13	43.93	6.96	1
1909	日本ドライケミカル	スタンダード（内国株式）	3600	機械	8	機械	-	-	3695.0	0.61	22.5	0.61	22.5	0.61	配当あり	いいえ	19.49	3.19	990.8	3850.0	1228.75	Industrials			OK	通常掲載可	OK	60518.8	13.2	8.6	54.47	0.14	2782.9	189.55	11.87	16.19	3
190A	Ｃｈｏｒｄｉａ　Ｔｈｅｒａｐｅｕｔｉｃｓ	グロース（内国株式）	3250	医薬品	5	医薬品	-	-	80.0						配当未取得			2.55	60.2	220.0	66.0	Healthcare	配当未取得	1株配当が取得できていない	除外推奨	掲載非推奨	OK_配当データ要確認	0.0			90.89		-1842.2	-20.67		-51.9	
1911	住友林業	プライム（内国株式）	2050	建設業	3	建設・資材	4	TOPIX Mid400	1361.5	3.67	50.0	3.67	50.0	3.67	配当あり	いいえ	7.82	0.67	8348.3	1874.5	1232.5	Consumer Cyclical			OK	通常掲載可	OK	2267577.0	7.44	10.42	39.04	0.77	17857.0	174.14	28.71	12.99	2
1914	日本基礎技術	スタンダード（内国株式）	2050	建設業	3	建設・資材	-	-	679.0	8.84	60.0	8.84	60.0	8.84	配当あり	いいえ	7.58	0.5	124.2	779.0	611.0	Industrials	高利回り要確認	配当利回りが8%以上	要確認	手動確認後に掲載	OK_高利回り要確認	27353.7	5.32	-9.66	64.12	0.29	-1359.3	89.63	66.94	6.96	2
1921	巴コーポレーション	スタンダード（内国株式）	2050	建設業	3	建設・資材	-	-	1779.0	1.35	24.0	1.35	24.0	1.35	配当あり	いいえ	10.46	0.82	597.1	2339.0	1450.0	Industrials			OK	通常掲載可	OK	34952.0	13.62	0.81	59.85	0.22	9184.6	170.07	14.11	8.52	4
1925	大和ハウス工業	プライム（内国株式）	2050	建設業	3	建設・資材	2	TOPIX Large70	4503.0	2.91	131.0	2.91	131.0	2.91	配当あり	いいえ	7.95	0.96	27889.2	5805.0	4081.0	Real Estate			OK	通常掲載可	OK	5576861.0	11.03	2.61	34.43	1.11	-304555.0	566.48	23.13	12.53	5
1926	ライト工業	プライム（内国株式）	2050	建設業	3	建設・資材	6	TOPIX Small 1	4100.0	5.17	212.0	5.17	212.0	5.17	配当あり	いいえ	14.2	1.91	1687.9	4380.0	2852.0	Industrials			OK	通常掲載可	OK	139216.0	12.36	14.62	71.47	0.02	10340.0	288.64	73.45	13.92	12
1928	積水ハウス	プライム（内国株式）	2050	建設業	3	建設・資材	2	TOPIX Large70	3445.0	4.24	146.0	4.24	146.0	4.24	配当あり	いいえ	8.68	1.03	22331.8	3832.0	3092.0	Consumer Cyclical			OK	通常掲載可	OK	4197922.0	8.13	3.43	42.74	0.89	121237.0	396.86	36.79	12.64	4
1929	日特建設	プライム（内国株式）	2050	建設業	3	建設・資材	7	TOPIX Small 2	1110.0	4.5	50.0	4.5	50.0	4.5	配当あり	いいえ	11.12	1.23	463.6	1465.0	1074.0	Industrials			OK	通常掲載可	OK	83797.0	6.95	24.67	60.41	0.01	2168.0	99.79	50.11	11.65	1
192A	インテグループ	グロース（内国株式）	9050	サービス業	10	情報通信・サービスその他	-	-	1239.0	8.07	100.0	8.07	100.0	8.07	配当あり	いいえ		1.46	26.5	2345.0	1175.0	Financial Services	高利回り要確認	配当利回りが8%以上	要確認	手動確認後に掲載	OK_高利回り要確認	1892.2	26.28	-13.91	89.46		-231.1	-10.9			
1930	北陸電気工事	プライム（内国株式）	2050	建設業	3	建設・資材	7	TOPIX Small 2	1655.0	2.9	48.0	2.9	48.0	2.9	配当あり	いいえ	11.85	0.99	455.2	1821.0	1188.0	Industrials			OK	通常掲載可	OK	61028.0	8.39	9.75	74.34	0.01	29.0	139.68	34.36	8.6	1
1934	ユアテック	プライム（内国株式）	2050	建設業	3	建設・資材	6	TOPIX Small 1	2453.0	3.18	78.0	3.18	78.0	3.18	配当あり	いいえ	16.31	1.09	1684.9	3305.0	2083.0	Industrials			OK	通常掲載可	OK	252262.0	7.15	-1.92	67.83	0.05	5985.0	150.37	51.87	6.82	2
1938	日本リーテック	プライム（内国株式）	2050	建設業	3	建設・資材	7	TOPIX Small 2	2685.0	3.61	97.0	3.61	97.0	3.61	配当あり	いいえ	11.98	0.96	665.4	3245.0	1859.0	Industrials			OK	通常掲載可	OK	74044.9	9.61	7.83	68.36	0.01	3003.3	224.2	43.26	8.35	2
1939	四電工	プライム（内国株式）	2050	建設業	3	建設・資材	7	TOPIX Small 2	2006.0	4.19	84.0	4.19	84.0	4.19	配当あり	いいえ	12.66	1.34	949.5	2145.0	1286.0	Industrials			OK	通常掲載可	OK	99448.0	8.87	-6.07	68.44	0.11	1970.0	158.47	53.01	11.07	5
1941	中電工	プライム（内国株式）	2050	建設業	3	建設・資材	6	TOPIX Small 1	5390.0	2.6	140.0	2.6	140.0	2.6	配当あり	いいえ	15.77	1.17	2853.6	5720.0	3325.0	Industrials			OK	通常掲載可	OK	227849.0	11.49	2.69	76.86	0.0	24609.0	341.73	40.97	7.86	2
1942	関電工	プライム（内国株式）	2050	建設業	3	建設・資材	4	TOPIX Mid400	6772.0	1.92	130.0	1.92	130.0	1.92	配当あり	いいえ	21.74	3.45	13477.2	7460.0	3311.0	Industrials			OK	通常掲載可	OK	742022.0	11.2	10.44	61.4	0.04	73670.0	311.51	41.73	16.76	5
1944	きんでん	プライム（内国株式）	2050	建設業	3	建設・資材	4	TOPIX Mid400	7936.0	1.76	140.0	1.76	140.0	1.76	配当あり	いいえ	22.62	2.38	15712.0	8580.0	4378.0	Industrials			OK	通常掲載可	OK	750742.0	12.02	6.48	72.38	0.02	87684.0	350.77	39.91	10.97	13
1945	東京エネシス	プライム（内国株式）	2050	建設業	3	建設・資材	7	TOPIX Small 2	2122.0	3.68	78.0	3.68	78.0	3.68	配当あり	いいえ	16.45	0.97	703.1	2657.0	1330.0	Industrials			OK	通常掲載可	OK	83083.0	5.7	22.68	60.72	0.25	3822.0	129.02	60.46	6.09	11
1946	トーエネック	プライム（内国株式）	2050	建設業	3	建設・資材	7	TOPIX Small 2	2247.0	3.38	76.0	3.38	76.0	3.38	配当あり	いいえ	11.71	1.36	2086.0	2514.0	1212.0	Industrials			OK	通常掲載可	OK	272467.0	7.86	0.55	49.07	0.55	19022.0	191.89	39.61	12.29	2
1948	弘電社	スタンダード（内国株式）	2050	建設業	3	建設・資材	-	-	11390.0	0.97	110.0	0.97	110.0	0.97	配当あり	いいえ	34.48	3.98	994.8	11500.0	2242.0	Industrials			OK	通常掲載可	OK	39263.0	7.85	12.6	65.34	0.02	916.0	330.31	33.3	12.29	2
194A	ＷＯＬＶＥＳ　ＨＡＮＤ	グロース（内国株式）	9050	サービス業	10	情報通信・サービスその他	-	-	1497.0						配当未取得		15.9	3.36	113.0	2900.0	710.0	Healthcare	配当未取得	1株配当が取得できていない	除外推奨	掲載非推奨	OK_配当データ要確認	4990.6	16.58	7.3	36.54	1.42	411.9	94.16		30.78	
1950	日本電設工業	プライム（内国株式）	2050	建設業	3	建設・資材	6	TOPIX Small 1	4385.0	2.9	127.0	2.9	127.0	2.9	配当あり	いいえ	14.16	1.19	2559.6	5380.0	2565.0	Industrials			OK	通常掲載可	OK	229207.0	10.28	5.66	64.63	0.06	4105.0	309.58	41.02	8.56	3
1951	エクシオグループ	プライム（内国株式）	2050	建設業	3	建設・資材	4	TOPIX Mid400	2696.0	2.97	80.0	2.97	80.0	2.97	配当あり	いいえ	17.86	1.61	5489.8	3058.0	1826.5	Industrials			OK	通常掲載可	OK	787715.0	6.6	17.43	49.5	0.4	20453.0	150.98	52.99	9.2	13
1952	新日本空調	プライム（内国株式）	2050	建設業	3	建設・資材	6	TOPIX Small 1	3800.0	3.16	120.0	3.16	120.0	3.16	配当あり	いいえ	14.22	2.09	1727.0	4400.0	2390.0	Industrials			OK	通常掲載可	OK	154884.0	9.77	12.49	61.06	0.03	10722.0	267.14	44.92	16.0	4
1959	クラフティア	プライム（内国株式）	2050	建設業	3	建設・資材	4	TOPIX Mid400	9172.0	2.4	220.0	2.4	220.0	2.4	配当あり	いいえ	16.21	1.87	6487.8	10580.0	6090.0	Industrials			OK	通常掲載可	OK	476122.0	11.47	0.46	66.45	0.09	7213.0	565.91	38.88	12.14	3
195A	ＭＵＳＣＡＴ　ＧＲＯＵＰ	グロース（内国株式）	9050	サービス業	10	情報通信・サービスその他	-	-	665.0						配当未取得			2.09	22.7	1459.0	645.0	Technology	配当未取得	1株配当が取得できていない	除外推奨	掲載非推奨	OK_配当データ要確認	4129.7	-9.67	38.27	32.77	1.71	-779.7	-121.43		-35.1	
1960	サンテック	スタンダード（内国株式）	2050	建設業	3	建設・資材	-	-	1509.0	3.64	55.0	3.64	55.0	3.64	配当あり	いいえ	8.38	0.69	231.7	1674.0	850.0	Industrials			OK	通常掲載可	OK	61077.0	4.93	-9.99	55.28	0.11	5226.0	180.17	30.53	8.91	1
1961	三機工業	プライム（内国株式）	2050	建設業	3	建設・資材	6	TOPIX Small 1	2796.0	2.32	65.0	2.32	65.0	2.32	配当あり	いいえ	54.64	4.1	4271.0	3275.0	1310.0	Industrials			OK	通常掲載可	OK	254673.0	10.99	0.61	55.33	0.05	10949.0	51.17	127.03	20.8	2
1963	日揮ホールディングス	プライム（内国株式）	2050	建設業	3	建設・資材	4	TOPIX Mid400	2493.5	2.09	52.0	2.09	52.0	2.09	配当あり	いいえ	14.41	1.4	6030.5	2927.5	1217.5	Industrials			OK	通常掲載可	OK	745280.0	4.75	-13.15	51.19	0.08	62173.0	173.05	30.05	10.17	0
1964	中外炉工業	プライム（内国株式）	2050	建設業	3	建設・資材	7	TOPIX Small 2	4065.0	4.43	180.0	4.43	180.0	4.43	配当あり	いいえ	6.31	0.94	285.1	5220.0	3245.0	Industrials			OK	通常掲載可	OK	37332.0	7.71	2.99	60.84	0.14	5366.0	643.9	27.95	15.49	2
1965	テクノ菱和	スタンダード（内国株式）	2050	建設業	3	建設・資材	-	-	5910.0	2.98	176.0	2.98	176.0	2.98	配当あり	いいえ	10.35	1.83	1211.8	9340.0	3485.0	Industrials			OK	通常掲載可	OK	98680.0	15.98	17.21	65.73	0.0	11522.0	570.91	30.83	19.85	2
1966	高田工業所	スタンダード（内国株式）	2050	建設業	3	建設・資材	-	-	1774.0	3.95	70.0	3.95	70.0	3.95	配当あり	いいえ	10.35	0.6	129.7	2049.0	1450.0	Industrials			OK	通常掲載可	OK	53693.6	3.31	-7.53	45.52	0.57	-2639.9	171.37	40.85	5.81	2
1967	ヤマト	スタンダード（内国株式）	2050	建設業	3	建設・資材	-	-	1984.0	3.88	77.0	3.88	77.0	3.88	配当あり	いいえ	10.04	1.04	444.1	2529.0	1631.0	Industrials			OK	通常掲載可	OK	54327.0	9.94	2.18	69.18	0.09	-2789.8	197.61	38.97	11.01	2
1968	太平電業	プライム（内国株式）	2050	建設業	3	建設・資材	6	TOPIX Small 1	2564.0	2.93	75.0	2.93	75.0	2.93	配当あり	いいえ	13.59	1.28	1618.0	3200.0	1843.33	Industrials			OK	通常掲載可	OK	141657.0	10.48	12.72	72.09	0.12	-6787.0	188.71	39.74	9.93	4
1969	高砂熱学工業	プライム（内国株式）	2050	建設業	3	建設・資材	4	TOPIX Mid400	5150.0	2.39	123.0	2.39	123.0	2.39	配当あり	いいえ	18.02	3.21	6739.4	5749.0	3496.5	Industrials			OK	通常掲載可	OK	423923.0	11.17	11.07	54.97	0.2	24659.0	285.83	43.03	19.04	4
196A	ＭＦＳ	グロース（内国株式）	7200	その他金融業	16	金融（除く銀行）	-	-	279.0						配当未取得		36.23	1.09	28.5	533.0	226.0	Financial Services	配当未取得	1株配当が取得できていない	除外推奨	掲載非推奨	OK_配当データ要確認	1889.9	-5.86	17.54	85.12	0.05	-157.0	7.7		3.72	
1972	三晃金属工業	スタンダード（内国株式）	2050	建設業	3	建設・資材	-	-	1268.0	5.05	64.0	5.05	64.0	5.05	配当あり	いいえ	9.24	1.63	244.4	1734.0	1164.0	Industrials			OK	通常掲載可	OK	47056.0	8.04	3.74	68.15	0.0	1669.0	137.2	46.65	12.16	5
1975	朝日工業社	プライム（内国株式）	2050	建設業	3	建設・資材	6	TOPIX Small 1	4485.0	3.21	144.0	3.21	144.0	3.21	配当あり	いいえ	12.52	2.28	1160.5	4825.0	2471.0	Industrials			OK	通常掲載可	OK	104822.0	11.15	14.0	50.5	0.16	8763.0	358.35	40.18	19.9	4
1976	明星工業	プライム（内国株式）	2050	建設業	3	建設・資材	7	TOPIX Small 2	1847.0	4.33	80.0	4.33	80.0	4.33	配当あり	いいえ	15.8	1.23	847.8	2049.0	1460.0	Industrials			OK	通常掲載可	OK	60299.0	12.73	-9.03	80.61	0.01	6034.0	116.92	68.42	7.88	0
1979	大氣社	プライム（内国株式）	2050	建設業	3	建設・資材	6	TOPIX Small 1	4920.0	2.8	138.0	2.8	138.0	2.8	配当あり	いいえ	20.08	1.93	3099.6	5080.0	2516.0	Industrials			OK	通常掲載可	OK	286127.0	8.15	3.59	56.12	0.01	62623.0	245.02	56.32	10.62	4
197A	タウンズ	スタンダード（内国株式）	3250	医薬品	5	医薬品	-	-	465.0	6.02	28.0	6.02	28.0	6.02	配当あり	いいえ	13.55	3.04	495.0	603.0	463.0	Healthcare			OK	通常掲載可	OK	18628.0	44.37	1.05	47.7	0.83	1697.1	34.32	81.59	12.44	1
1980	ダイダン	プライム（内国株式）	2050	建設業	3	建設・資材	6	TOPIX Small 1	2833.0	3.04	86.0	3.04	86.0	3.04	配当あり	いいえ	13.66	2.81	3665.3	3680.0	1433.33	Industrials			OK	通常掲載可	OK	256228.0	13.46	-2.48	56.22	0.03	57637.0	207.38	41.47	22.26	3
1981	協和日成	スタンダード（内国株式）	2050	建設業	3	建設・資材	-	-	1330.0	3.91	52.0	3.91	52.0	3.91	配当あり	いいえ	11.27	1.26	129.3	1947.0	1290.0	Industrials			OK	通常掲載可	OK	39385.0	3.48	5.26	66.62	0.0	1854.7	117.97	44.08	7.25	3
1982	日比谷総合設備	プライム（内国株式）	2050	建設業	3	建設・資材	7	TOPIX Small 2	3090.0	3.24	100.0	3.24	100.0	3.24	配当あり	いいえ	15.48	1.67	1275.1	3485.0	1822.5	Industrials			OK	通常掲載可	OK	94080.0	11.34	4.78	71.74	0.0	11379.0	199.61	50.1	11.46	4
198A	ＰｏｓｔＰｒｉｍｅ	グロース（内国株式）	5250	情報・通信業	10	情報通信・サービスその他	-	-	149.0						配当未取得			1.81	18.4	780.0	129.0	Technology	配当未取得	1株配当が取得できていない	除外推奨	掲載非推奨	OK_配当データ要確認	897.4	20.41	-5.07	79.62		-45.0	-15.85		-23.97	
1992	神田通信機	スタンダード（内国株式）	2050	建設業	3	建設・資材	-	-	2999.0	2.83	85.0	2.83	85.0	2.83	配当あり	いいえ	18.42	1.08	68.7	3055.0	2607.0	Technology			OK	通常掲載可	OK	6777.9	6.47	-5.6	64.88	0.06	583.2	162.85	52.2	5.97	2
1994	高橋カーテンウォール工業	スタンダード（内国株式）	2050	建設業	3	建設・資材	-	-	567.0	3.53	20.0	3.53	20.0	3.53	配当あり	いいえ	23.75	0.41	44.9	665.0	482.0	Industrials			OK	通常掲載可	OK	7338.1	1.54	-21.8	85.49	0.05	2137.3	23.87	83.79	4.49	0
1997	暁飯島工業	スタンダード（内国株式）	2050	建設業	3	建設・資材	-	-	4170.0	2.28	95.0	2.28	95.0	2.28	配当あり	いいえ	8.41	4.57	84.3	4555.0	2700.0	Industrials			OK	通常掲載可	OK	9135.7	12.34	3.52	68.85	0.08	1171.4	495.81	19.16	13.33	2
2001	ニップン	プライム（内国株式）	3050	食料品	1	食品	6	TOPIX Small 1	2766.0	2.46	68.0	2.46	68.0	2.46	配当あり	いいえ	10.76	0.81	2286.4	2880.0	2094.0	Consumer Defensive			OK	通常掲載可	OK	418425.0	5.28	1.84	59.23	0.28	25272.0	256.96	26.46	8.22	0
2002	日清製粉グループ本社	プライム（内国株式）	3050	食料品	1	食品	4	TOPIX Mid400	1997.0	3.25	65.0	3.25	65.0	3.25	配当あり	いいえ	17.61	1.08	5583.9	2198.5	1692.0	Consumer Defensive			OK	通常掲載可	OK	865004.0	5.4	1.59	61.06	0.18	28020.0	113.43	57.3	6.52	3
2003	日東富士製粉	スタンダード（内国株式）	3050	食料品	1	食品	7	TOPIX Small 2	1734.0	4.04	70.0	4.04	70.0	4.04	配当あり	いいえ	19.01	1.26	631.5	1938.0	1648.0	Consumer Defensive			OK	通常掲載可	OK	72777.0	5.25	0.6	78.49	0.01	3041.0	91.21	76.75	6.7	5
2004	昭和産業	プライム（内国株式）	3050	食料品	1	食品	7	TOPIX Small 2	3375.0	4.15	140.0	4.15	140.0	4.15	配当あり	いいえ	10.33	0.73	1096.8	3455.0	2825.0	Consumer Defensive			OK	通常掲載可	OK	335413.0	3.56	0.3	54.29	0.34	6307.0	326.7	42.85	7.4	3
2009	鳥越製粉	スタンダード（内国株式）	3050	食料品	1	食品	-	-	1077.0	4.55	49.0	4.55	49.0	4.55	配当あり	いいえ	22.17	0.69	250.9	1166.0	880.0	Consumer Defensive			OK	通常掲載可	OK	26250.5	5.0	0.31	79.1	0.08	809.1	48.57	100.89	3.12	4
2053	中部飼料	プライム（内国株式）	3050	食料品	1	食品	7	TOPIX Small 2	1891.0	4.02	76.0	4.02	76.0	4.02	配当あり	いいえ	9.92	0.75	542.6	1998.0	1579.0	Consumer Defensive			OK	通常掲載可	OK	211814.0	3.11	0.94	66.76	0.13	7193.0	190.61	39.87	7.93	2
2055	日和産業	スタンダード（内国株式）	3050	食料品	1	食品	-	-	328.0	1.83	6.0	1.83	6.0	1.83	配当あり	いいえ	15.67	0.31	59.4	415.0	293.0	Consumer Defensive			OK	通常掲載可	OK	45579.0	3.2	-6.17	61.78	0.23	773.0	20.93	28.67	2.03	0
205A	ロゴスホールディングス	グロース（内国株式）	2050	建設業	3	建設・資材	-	-	1665.0	3.81	63.39	3.81	63.39	3.81	配当あり	いいえ	14.62	2.01	65.3	2098.0	1101.0	Consumer Cyclical			OK	通常掲載可	OK	36269.3	1.34	14.36	16.13	2.24	1499.4	113.89	55.66	21.68	
2060	フィード・ワン	プライム（内国株式）	3050	食料品	1	食品	7	TOPIX Small 2	1258.0	4.13	52.0	4.13	52.0	4.13	配当あり	いいえ	7.55	0.78	481.4	1333.0	965.0	Consumer Defensive			OK	通常掲載可	OK	290675.0	2.78	-1.81	46.37	0.41	4775.0	166.69	31.2	10.89	2
206A	ＰＲＩＳＭ　ＢｉｏＬａｂ	グロース（内国株式）	3250	医薬品	5	医薬品	-	-	142.0						配当未取得			2.46	52.5	279.0	125.0	Healthcare	配当未取得	1株配当が取得できていない	除外推奨	掲載非推奨	OK_配当データ要確認	677.3	-114.34	121.62	87.79		-1536.0	-26.1		-37.11	
208A	構造計画研究所ホールディングス	スタンダード（内国株式）	5250	情報・通信業	10	情報通信・サービスその他	-	-	2895.0	4.84	140.0	4.84	140.0	4.84	配当あり	いいえ	12.94	2.87	303.9	3570.0	2431.0	Industrials			OK	通常掲載可	OK	20137.4	15.26	21.45	45.74	0.36	2509.8	223.78	62.56	22.18	1
2108	日本甜菜製糖	プライム（内国株式）	3050	食料品	1	食品	7	TOPIX Small 2	4975.0	5.23	260.0	5.23	260.0	5.23	配当あり	いいえ	12.11	0.78	585.3	5050.0	2342.0	Consumer Defensive			OK	通常掲載可	OK	68696.0	0.08	6.02	79.34	0.02	1044.0	410.94	63.27	6.65	2
2109	ＤＭ三井製糖	プライム（内国株式）	3050	食料品	1	食品	6	TOPIX Small 1	3295.0	4.25	140.0	4.25	140.0	4.25	配当あり	いいえ	25.97	0.92	1025.3	3590.0	3000.0	Consumer Defensive			OK	通常掲載可	OK	180102.0	7.17	0.74	61.56	0.34	6114.0	126.86	110.36	2.05	0
2112	塩水港精糖	スタンダード（内国株式）	3050	食料品	1	食品	-	-	431.0	3.71	16.0	3.71	16.0	3.71	配当あり	いいえ	4.29	0.58	118.6	595.0	360.0	Consumer Defensive			OK	通常掲載可	OK	32982.0	9.24	1.42	64.76	0.33	1812.0	100.47	15.93	14.86	2
2114	フジ日本	スタンダード（内国株式）	3050	食料品	1	食品	-	-	625.0	3.52	22.0	3.52	22.0	3.52	配当あり	いいえ	9.96	1.15	320.6	678.0	525.0	Consumer Defensive			OK	通常掲載可	OK	28443.0	12.5	0.83	72.03	0.18	2210.0	62.75	35.06	12.42	1
2117	ウェルネオシュガー	プライム（内国株式）	3050	食料品	1	食品	7	TOPIX Small 2	2660.0	4.44	118.0	4.44	118.0	4.44	配当あり	いいえ	13.44	1.13	870.8	3050.0	2238.0	Consumer Defensive			OK	通常掲載可	OK	112904.0	9.14	16.31	72.95	0.15	6158.0	197.9	59.63	8.59	5
211A	カドス・コーポレーション	スタンダード（内国株式）	2050	建設業	3	建設・資材	-	-	3760.0	4.79	180.0	4.79	180.0	4.79	配当あり	いいえ		0.87	37.9	5350.0	3225.0	Industrials			OK	通常掲載可	OK	6475.1	9.85	14.4	48.8	0.51	774.1	-194.39		15.55	1
2120	ＬＩＦＵＬＬ	プライム（内国株式）	9050	サービス業	10	情報通信・サービスその他	7	TOPIX Small 2	200.0	2.6	5.21	2.61	5.21	2.6	配当あり	いいえ	7.75	1.29	256.7	240.0	157.0	Communication Services			OK	通常掲載可	OK	28127.0	13.56	6.9	63.6	0.35	-3512.0	25.8	20.19	12.56	1
2121	ＭＩＸＩ	プライム（内国株式）	5250	情報・通信業	10	情報通信・サービスその他	6	TOPIX Small 1	2813.0	4.62	130.0	4.62	130.0	4.62	配当あり	いいえ	10.91	1.0	1831.4	3525.0	2449.0	Communication Services			OK	通常掲載可	OK	171369.0	12.99	10.67	65.04	0.25	9495.0	257.95	50.4	8.93	1
2122	インタースペース	スタンダード（内国株式）	9050	サービス業	10	情報通信・サービスその他	-	-	1338.0	2.24	30.0	2.24	30.0	2.24	配当あり	いいえ	21.79	1.46	84.0	1483.0	918.0	Communication Services			OK	通常掲載可	OK	8846.2	4.2	11.84	50.41		-149.0	61.41	48.85	6.81	0
2124	ジェイエイシーリクルートメント	プライム（内国株式）	9050	サービス業	10	情報通信・サービスその他	6	TOPIX Small 1	852.0	4.46	38.0	4.46	38.0	4.46	配当あり	いいえ	16.08	6.8	1354.3	1179.0	820.0	Industrials			OK	通常掲載可	OK	46089.0	25.36	17.71	72.32	0.0	9172.0	52.99	71.71	49.79	4
2127	日本Ｍ＆Ａセンターホールディングス	プライム（内国株式）	9050	サービス業	10	情報通信・サービスその他	4	TOPIX Mid400	656.5	3.81	25.0	3.81	25.0	3.81	配当あり	いいえ	16.67	4.15	2081.5	813.0	607.7	Financial Services			OK	通常掲載可	OK	50257.0	37.33	14.02	75.78	0.08	15233.0	39.39	63.47	25.48	6
212A	フィットイージー	プライム（内国株式）	9050	サービス業	10	情報通信・サービスその他	7	TOPIX Small 2	2834.0	1.59	45.0	1.59	45.0	1.59	配当あり	いいえ	24.81	7.85	473.1	3600.0	2115.0	Consumer Cyclical			OK	通常掲載可	OK	9731.5	23.76	45.82	58.43	0.09	466.4	114.21	39.4	36.91	1
2130	メンバーズ	プライム（内国株式）	9050	サービス業	10	情報通信・サービスその他	7	TOPIX Small 2	1052.0	3.33	35.0	3.33	35.0	3.33	配当あり	いいえ	11.11	2.03	134.8	1478.0	925.0	Communication Services			OK	通常掲載可	OK	24424.7	6.55	9.38	51.99	0.11	1545.6	94.68	36.97	19.49	8
2134	北浜キャピタルパートナーズ	スタンダード（内国株式）	9050	サービス業	10	情報通信・サービスその他	-	-	26.0						配当未取得			2.72	142.4	111.0	23.0	Financial Services	配当未取得	1株配当が取得できていない	除外推奨	掲載非推奨	OK_配当データ要確認	701.6	-82.53	199.21	75.62	0.13	-1757.9	-2.43		-28.11	
2136	ヒップ	スタンダード（内国株式）	9050	サービス業	10	情報通信・サービスその他	-	-	1545.0	4.6	71.0	4.6	71.0	4.6	配当あり	いいえ	13.79	3.25	58.8	1661.0	1191.0	Industrials			OK	通常掲載可	OK	6193.6	9.25	3.76	71.51	0.0	479.5	112.01	63.39	12.21	4
2138	クルーズ	スタンダード（内国株式）	5250	情報・通信業	10	情報通信・サービスその他	-	-	372.0						配当未取得			0.41	35.6	722.0	356.0	Technology	配当未取得	1株配当が取得できていない	除外推奨	掲載非推奨	OK_配当データ要確認	11820.5	0.2	-16.71	28.42	2.21	-365.6	-49.18		-5.19	0
2139	中広	スタンダード（内国株式）	9050	サービス業	10	情報通信・サービスその他	-	-	506.0	5.53	28.0	5.53	28.0	5.53	配当あり	いいえ	18.28	1.58	34.4	565.0	406.0	Communication Services			OK	通常掲載可	OK	12153.4	3.18	7.24	39.34	0.6	393.2	27.68	101.16	9.29	0
2146	ＵＴグループ	プライム（内国株式）	9050	サービス業	10	情報通信・サービスその他	6	TOPIX Small 1	177.0	6.92	12.25	6.92	12.25	6.92	配当あり	いいえ	15.18	3.28	1006.0	221.0	160.93	Industrials			OK	通常掲載可	OK	166855.0	6.36	-14.32	48.51	0.32	7174.0	11.66	105.06	21.03	1
2148	アイティメディア	プライム（内国株式）	9050	サービス業	10	情報通信・サービスその他	7	TOPIX Small 2	1169.0	4.28	50.0	4.28	50.0	4.28	配当あり	いいえ	19.16	2.62	227.8	1920.0	1117.0	Communication Services			OK	通常掲載可	OK	8311.8	21.24	2.6	82.16	0.02	1664.5	61.02	81.94	13.2	0
2152	幼児活動研究会	スタンダード（内国株式）	9050	サービス業	10	情報通信・サービスその他	-	-	1420.0	1.83	26.0	1.83	26.0	1.83	配当あり	いいえ	13.42	3.49	153.4	1685.0	1324.0	Consumer Defensive			OK	通常掲載可	OK	7480.1	17.49	5.74	75.95		1171.4	105.79	24.58	10.63	4
2153	Ｅ・Ｊホールディングス	プライム（内国株式）	9050	サービス業	10	情報通信・サービスその他	7	TOPIX Small 2	1660.0	4.16	69.0	4.16	69.0	4.16	配当あり	いいえ	8.08	0.85	298.4	1937.0	1480.0	Industrials			OK	通常掲載可	OK	42705.0	10.51	14.78	65.46	0.22	2794.0	205.34	33.6	8.37	0
2154	オープンアップグループ	プライム（内国株式）	9050	サービス業	10	情報通信・サービスその他	6	TOPIX Small 1	1921.0	4.42	85.0	4.42	85.0	4.42	配当あり	いいえ	12.59	2.09	1631.8	1979.0	1632.0	Industrials			OK	通常掲載可	OK	187954.0	8.64	8.5	64.25	0.06	13123.0	152.53	55.73	17.71	5
2156	セーラー広告	スタンダード（内国株式）	9050	サービス業	10	情報通信・サービスその他	-	-	263.0	2.28	6.0	2.28	6.0	2.28	配当あり	いいえ		0.58	13.5	506.0	251.0	Communication Services			OK	通常掲載可	OK	2224.8	-1.04	6.06	53.42	0.2	-117.2	-1.0		-0.18	0
2157	コシダカホールディングス	プライム（内国株式）	9050	サービス業	10	情報通信・サービスその他	6	TOPIX Small 1	967.0	2.69	26.0	2.69	26.0	2.69	配当あり	いいえ	14.43	2.09	801.3	1484.0	903.0	Consumer Cyclical			OK	通常掲載可	OK	69387.2	16.42	9.68	51.18	0.33	5880.0	67.01	38.8	16.5	4
2158	ＦＲＯＮＴＥＯ	グロース（内国株式）	9050	サービス業	10	情報通信・サービスその他	-	-	630.0						配当未取得		45.45	6.43	246.8	1233.0	536.0	Technology	配当未取得	1株配当が取得できていない	除外推奨	掲載非推奨	OK_配当データ要確認	7643.4	9.67	25.31	41.78	1.05	-568.2	13.86		15.39	0
215A	タイミー	グロース（内国株式）	9050	サービス業	10	情報通信・サービスその他	-	-	1682.0						配当未取得		88.48	10.51	1677.6	2502.0	1032.0	Industrials	配当未取得	1株配当が取得できていない	除外推奨	掲載非推奨	OK_配当データ要確認	34289.3	19.68	27.56	43.26	0.82	2197.5	19.01		37.32	
2160	ジーエヌアイグループ	グロース（内国株式）	3250	医薬品	5	医薬品	-	-	2858.0						配当未取得			3.18	1593.4	3740.0	2112.0	Healthcare	配当未取得	1株配当が取得できていない	除外推奨	掲載非推奨	OK_配当データ要確認	26840.0	-12.93	13.68	59.85	0.11	-3965.0	-80.88		-21.63	
2162	ｎｍｓ　ホールディングス	スタンダード（内国株式）	9050	サービス業	10	情報通信・サービスその他	-	-	539.0	1.67	9.0	1.67	9.0	1.67	配当あり	いいえ	33.56	2.05	103.5	540.0	382.0	Technology			OK	通常掲載可	OK	75660.6	2.24	-0.06	13.13	4.14	2189.9	16.06	56.04	7.01	4
2163	アルトナー	プライム（内国株式）	9050	サービス業	10	情報通信・サービスその他	-	-	2012.0	3.21	64.5	3.21	64.5	3.21	配当あり	いいえ	16.98	4.16	213.3	2258.0	1858.0	Industrials			OK	通常掲載可	OK	12046.7	15.12	8.28	57.66	0.11	1328.2	118.51	54.43	25.34	1
2164	地域新聞社	スタンダード（内国株式）	9050	サービス業	10	情報通信・サービスその他	-	-	156.0						配当未取得			11.64	24.1	256.94	118.61	Communication Services	配当未取得	1株配当が取得できていない	除外推奨	掲載非推奨	OK_配当データ要確認	3153.5	1.45	5.92	28.41	1.55	-1042.0	-3.78		-135.31	1
2168	パソナグループ	プライム（内国株式）	9050	サービス業	10	情報通信・サービスその他	6	TOPIX Small 1	1497.0	1.0	15.0	1.0	15.0	1.0	配当あり	いいえ		0.44	559.2	2411.0	1345.0	Industrials			OK	通常掲載可	OK	309240.0	-0.4	-13.31	50.91	0.24	-14003.0	-142.22		-2.81	0
2169	ＣＤＳ	スタンダード（内国株式）	9050	サービス業	10	情報通信・サービスその他	-	-	1713.0	4.32	74.0	4.32	74.0	4.32	配当あり	いいえ	25.57	1.32	116.8	1850.0	1701.0	Technology			OK	通常掲載可	OK	8827.2	7.76	-15.87	83.89	0.03	1362.4	66.98	110.48	3.96	0
2170	リンクアンドモチベーション	プライム（内国株式）	9050	サービス業	10	情報通信・サービスその他	7	TOPIX Small 2	565.0	2.9	16.4	2.9	16.4	2.9	配当あり	いいえ	37.87	4.88	602.2	649.0	476.0	Industrials			OK	通常掲載可	OK	41522.0	10.12	10.85	33.15	1.14	4590.0	14.92	109.92	14.34	5
2173	博展	グロース（内国株式）	9050	サービス業	10	情報通信・サービスその他	-	-	682.0	3.96	27.0	3.96	27.0	3.96	配当あり	いいえ	5.56	2.24	106.8	1088.0	502.0	Communication Services			OK	通常掲載可	OK	23336.4	11.11	23.83	49.06	0.26	2646.6	122.62	22.02	44.81	3
2175	エス・エム・エス	プライム（内国株式）	9050	サービス業	10	情報通信・サービスその他	6	TOPIX Small 1	2268.0	1.34	30.5	1.34	30.5	1.34	配当あり	いいえ		6.97	1861.6	2268.0	1262.0	Healthcare			OK	通常掲載可	OK	64735.0	10.48	6.21	50.64	0.27	4891.0	-173.73		-38.67	9
2179	成学社	スタンダード（内国株式）	9050	サービス業	10	情報通信・サービスその他	-	-	777.0	4.25	33.0	4.25	33.0	4.25	配当あり	いいえ	7.39	1.0	43.1	826.0	737.0	Consumer Defensive			OK	通常掲載可	OK	15156.9	6.46	6.09	43.69	0.53	640.6	105.21	31.37	14.24	5
2180	サニーサイドアップグループ	スタンダード（内国株式）	9050	サービス業	10	情報通信・サービスその他	-	-	1306.0	1.99	26.0	1.99	26.0	1.99	配当あり	いいえ	12.74	3.33	193.4	1318.0	524.0	Communication Services			OK	通常掲載可	OK	17908.3	8.18	-5.53	48.38	0.24	525.0	102.52	25.36	33.24	5
2181	パーソルホールディングス	プライム（内国株式）	9050	サービス業	10	情報通信・サービスその他	4	TOPIX Mid400	254.2	5.11	13.0	5.11	13.0	5.11	配当あり	いいえ	13.26	2.58	5670.4	305.4	218.0	Industrials			OK	通常掲載可	OK	1555833.0	4.28	7.21	35.37	0.38	60516.0	19.17	67.81	20.13	5
2183	リニカル	スタンダード（内国株式）	9050	サービス業	10	情報通信・サービスその他	-	-	216.0	3.7	8.0	3.7	8.0	3.7	配当あり	いいえ		1.23	48.8	363.0	198.0	Healthcare			OK	通常掲載可	OK	8665.8	-23.92	-16.97	33.14	0.57	-1644.0	-147.42		-59.3	2
2185	シイエム・シイ	スタンダード（内国株式）	9050	サービス業	10	情報通信・サービスその他	-	-	1843.0	2.98	55.0	2.98	55.0	2.98	配当あり	いいえ	9.24	1.04	238.1	2140.0	1467.0	Technology			OK	通常掲載可	OK	18256.4	14.76	-6.49	79.54	0.01	1697.1	199.41	27.58	11.85	4
2186	ソーバル	スタンダード（内国株式）	9050	サービス業	10	情報通信・サービスその他	-	-	906.0	3.64	33.0	3.64	33.0	3.64	配当あり	いいえ	15.48	1.57	71.3	981.0	893.0	Technology			OK	通常掲載可	OK	8977.0	7.37	3.39	77.04		360.1	58.53	56.38	10.37	0
218A	Ｌｉｂｅｒａｗａｒｅ	グロース（内国株式）	3750	精密機器	9	電機・精密	-	-	1030.0						配当未取得			27.74	195.3	2868.0	705.0	Technology	配当未取得	1株配当が取得できていない	除外推奨	掲載非推奨	OK_配当データ要確認	815.3	-54.06	114.78	57.05	0.43	-262.5	-11.95		15.33	
2193	クックパッド	スタンダード（内国株式）	9050	サービス業	10	情報通信・サービスその他	7	TOPIX Small 2	121.0						配当未取得		12.67	0.72	87.0	233.0	111.0	Communication Services	配当未取得	1株配当が取得できていない	除外推奨	掲載非推奨	OK_配当データ要確認	5336.7	4.95	-9.19	91.45	0.05	1297.1	9.55		1.65	0
2195	アミタホールディングス	グロース（内国株式）	9050	サービス業	10	情報通信・サービスその他	-	-	328.0	1.52	5.0	1.52	5.0	1.52	配当あり	いいえ	18.52	1.96	57.6	675.0	288.0	Industrials			OK	通常掲載可	OK	4865.6	8.96	-1.34	38.27	0.91	-246.6	17.71	28.23	9.94	1
2198	アイ・ケイ・ケイホールディングス	プライム（内国株式）	9050	サービス業	10	情報通信・サービスその他	-	-	713.0	3.37	24.0	3.37	24.0	3.37	配当あり	いいえ	9.13	1.73	207.5	835.0	656.0	Consumer Cyclical			OK	通常掲載可	OK	22455.2	8.11	-3.47	58.39	0.2	1188.0	78.07	30.74	20.23	0
219A	Ｈｅａｒｔｓｅｅｄ	グロース（内国株式）	3250	医薬品	5	医薬品	-	-	1641.0						配当未取得		199.88	5.25	375.4	3925.0	1343.0	Healthcare	配当未取得	1株配当が取得できていない	除外推奨	掲載非推奨	OK_配当データ要確認	3026.5	8.99	246.44	93.74	0.0	1051.8	8.21		8.35	
2201	森永製菓	プライム（内国株式）	3050	食料品	1	食品	4	TOPIX Mid400	2672.5	2.62	70.0	2.62	70.0	2.62	配当あり	いいえ	12.66	1.58	2244.1	2895.0	2342.0	Consumer Defensive			OK	通常掲載可	OK	236672.0	9.46	3.37	62.83	0.14	5937.0	211.13	33.15	12.99	4
2204	中村屋	スタンダード（内国株式）	3050	食料品	1	食品	7	TOPIX Small 2	3150.0	2.38	75.0	2.38	75.0	2.38	配当あり	いいえ	19.8	0.72	180.0	3455.0	3015.0	Consumer Defensive			OK	通常掲載可	OK	37351.1	3.54	0.28	57.4	0.05	3667.2	159.08	47.15	3.64	2
2206	江崎グリコ	プライム（内国株式）	3050	食料品	1	食品	4	TOPIX Mid400	5360.0	1.77	95.0	1.77	95.0	1.77	配当あり	いいえ	67.57	1.63	3286.1	6290.0	4429.0	Consumer Defensive			OK	通常掲載可	OK	361390.0	2.42	9.14	70.51	0.0	14883.0	79.33	119.75	5.45	2
2207	ｍｅｉｔｏ	プライム（内国株式）	3050	食料品	1	食品	7	TOPIX Small 2	3195.0	2.5	80.0	2.5	80.0	2.5	配当あり	いいえ	17.45	0.84	520.8	3425.0	2015.0	Consumer Defensive			OK	通常掲載可	OK	29106.0	4.24	3.69	61.97	0.28	-12251.0	183.07	43.7	5.24	2
2208	ブルボン	スタンダード（内国株式）	3050	食料品	1	食品	-	-	3140.0	1.4	44.0	1.4	44.0	1.4	配当あり	いいえ	12.84	1.13	759.0	3375.0	2382.0	Consumer Defensive			OK	通常掲載可	OK	120303.0	6.23	6.02	66.27	0.05	5166.0	244.61	17.99	9.19	6
2209	井村屋グループ	プライム（内国株式）	3050	食料品	1	食品	7	TOPIX Small 2	2372.0	1.6	38.0	1.6	38.0	1.6	配当あり	いいえ	12.71	1.21	303.5	2684.0	2183.0	Consumer Defensive			OK	通常掲載可	OK	53723.5	5.96	5.09	57.78	0.17	-1516.0	186.68	20.36	10.13	4
220A	Ｆａｂｅｒ　Ｃｏｍｐａｎｙ	スタンダード（内国株式）	5250	情報・通信業	10	情報通信・サービスその他	-	-	925.0	3.24	30.0	3.24	30.0	3.24	配当あり	いいえ	10.82	1.07	25.4	1414.0	908.0	Technology			OK	通常掲載可	OK	2560.9	14.69	10.52	82.7		204.8	85.47	35.1	10.02	
2211	不二家	プライム（内国株式）	3050	食料品	1	食品	7	TOPIX Small 2	2374.0	1.26	30.0	1.26	30.0	1.26	配当あり	いいえ	30.12	1.03	611.9	2685.0	2265.0	Consumer Defensive			OK	通常掲載可	OK	119558.0	2.38	8.7	57.01	0.28	-6058.0	78.82	38.06	2.61	0
2212	山崎製パン	プライム（内国株式）	3050	食料品	1	食品	4	TOPIX Mid400	3224.0	1.86	60.0	1.86	60.0	1.86	配当あり	いいえ	15.6	1.37	6348.2	3653.0	2835.5	Consumer Defensive			OK	通常掲載可	OK	1311430.0	4.66	5.38	49.35	0.23	25576.0	206.66	29.03	9.09	3
2215	第一屋製パン	スタンダード（内国株式）	3050	食料品	1	食品	-	-	599.0						配当未取得		12.92	0.47	41.5	663.0	512.0	Consumer Defensive	配当未取得	1株配当が取得できていない	除外推奨	掲載非推奨	OK_配当データ要確認	28957.0	1.62	6.53	52.34	0.0	-1376.0	46.36		5.56	
2216	カンロ	スタンダード（内国株式）	3050	食料品	1	食品	-	-	1104.0	3.26	36.0	3.26	36.0	3.26	配当あり	いいえ	13.77	2.42	465.7	2470.0	1045.0	Consumer Defensive			OK	通常掲載可	OK	34771.8	13.49	9.42	56.49	0.06	-225.2	80.15	44.92	18.65	5
2217	モロゾフ	プライム（内国株式）	3050	食料品	1	食品	7	TOPIX Small 2	1549.0	1.03	16.0	1.03	16.0	1.03	配当あり	いいえ	48.54	1.56	310.7	1615.0	1460.0	Consumer Defensive			OK	通常掲載可	OK	36273.4	3.49	0.71	70.56	0.13	-3250.9	31.91	50.14	2.86	0
2220	亀田製菓	プライム（内国株式）	3050	食料品	1	食品	6	TOPIX Small 1	1223.0	1.96	24.0	1.96	24.0	1.96	配当あり	いいえ	3.14	0.75	773.5	1538.0	1165.0	Consumer Defensive			OK	通常掲載可	OK	138052.0	5.45	33.69	54.68	0.49	3909.0	389.65	6.16	27.01	14
2221	岩塚製菓	スタンダード（内国株式）	3050	食料品	1	食品	-	-	3075.0	1.04	32.0	1.04	32.0	1.04	配当あり	いいえ	15.53	0.45	315.5	3370.0	2905.0	Consumer Defensive			OK	通常掲載可	OK	28848.7	3.01	15.61	75.06	0.0	55.9	198.03	16.16	2.95	8
2222	寿スピリッツ	プライム（内国株式）	3050	食料品	1	食品	4	TOPIX Mid400	2545.0	1.38	35.0	1.38	35.0	1.38	配当あり	いいえ	31.25	0.82	3930.3	2594.0	1718.5	Consumer Defensive			OK	通常掲載可	OK	78781.0	23.61	8.89	79.69	0.0	11285.0	81.44	42.98	28.53	3
2224	コモ	スタンダード（内国株式）	3050	食料品	1	食品	-	-	3670.0	0.19	7.0	0.19	7.0	0.19	配当あり	いいえ	166.67	5.96	127.5	4035.0	3130.0	Consumer Defensive			OK	通常掲載可	OK	7323.8	2.35	2.99	45.18	0.73	194.6	22.02	31.79	3.64	0
2226	湖池屋	スタンダード（内国株式）	3050	食料品	1	食品	-	-	4730.0	1.16	55.0	1.16	55.0	1.16	配当あり	いいえ	19.46	2.37	504.6	5060.0	4405.0	Consumer Defensive			OK	通常掲載可	OK	61156.0	6.33	2.99	44.95	0.52	-3035.0	243.12	22.62	13.4	3
2229	カルビー	プライム（内国株式）	3050	食料品	1	食品	4	TOPIX Mid400	2972.5	2.32	69.0	2.32	69.0	2.32	配当あり	いいえ	21.23	1.72	3614.2	3194.0	2600.0	Consumer Defensive			OK	通常掲載可	OK	340151.0	7.69	5.45	64.28	0.18	10624.0	140.0	49.29	8.05	2
2264	森永乳業	プライム（内国株式）	3050	食料品	1	食品	4	TOPIX Mid400	1300.5	1.92	25.0	1.92	25.0	1.92	配当あり	いいえ	18.87	1.53	4197.7	1368.25	796.25	Consumer Defensive			OK	通常掲載可	OK	571458.0	6.03	1.83	50.22	0.45	35716.0	68.93	36.27	8.27	0
2266	六甲バター	プライム（内国株式）	3050	食料品	1	食品	7	TOPIX Small 2	1085.0	1.84	20.0	1.84	20.0	1.84	配当あり	いいえ	14.22	0.63	199.5	1340.0	1020.0	Consumer Defensive			OK	通常掲載可	OK	43293.3	3.32	0.86	54.68	0.22	-2055.1	76.28	26.22	5.36	0
2267	ヤクルト本社	プライム（内国株式）	3050	食料品	1	食品	4	TOPIX Mid400	2846.5	2.53	72.0	2.53	72.0	2.53	配当あり	いいえ	18.9	1.37	8217.2	3092.0	2291.0	Consumer Defensive			OK	通常掲載可	OK	499683.0	11.09	-0.68	66.43	0.19	84687.0	150.58	47.82	7.74	8
2268	Ｂ－Ｒ　サーティワン　アイスクリーム	スタンダード（内国株式）	3050	食料品	1	食品	-	-	4080.0	1.47	60.0	1.47	60.0	1.47	配当あり	いいえ	22.22	2.68	393.1	4350.0	3965.0	Consumer Defensive			OK	通常掲載可	OK	34285.5	8.07	11.72	47.11	0.14	81.2	183.6	32.68	12.77	3
2269	明治ホールディングス	プライム（内国株式）	3050	食料品	1	食品	4	TOPIX Mid400	3818.0	2.88	110.0	2.88	110.0	2.88	配当あり	いいえ	29.5	1.34	10350.7	4077.0	2907.0	Consumer Defensive			OK	通常掲載可	OK	1173688.0	7.95	1.7	61.23	0.15	-47228.0	129.43	84.99	4.82	4
2270	雪印メグミルク	プライム（内国株式）	3050	食料品	1	食品	6	TOPIX Small 1	3640.0	2.75	100.0	2.75	100.0	2.75	配当あり	いいえ	6.93	0.93	2200.0	3825.0	2710.0	Consumer Defensive			OK	通常掲載可	OK	615761.0	2.97	-0.01	55.68	0.19	-4470.0	524.89	19.05	13.38	2
2281	プリマハム	プライム（内国株式）	3050	食料品	1	食品	6	TOPIX Small 1	2386.0	3.35	80.0	3.35	80.0	3.35	配当あり	いいえ	26.11	0.98	1199.3	2929.0	2213.0	Consumer Defensive			OK	通常掲載可	OK	475574.0	1.92	3.76	50.53	0.16	2512.0	91.38	87.55	1.85	0
2282	日本ハム	プライム（内国株式）	3050	食料品	1	食品	4	TOPIX Mid400	6117.0	2.94	180.0	2.94	180.0	2.94	配当あり	いいえ	16.95	1.07	5758.1	7420.0	4783.0	Consumer Defensive			OK	通常掲載可	OK	1457391.0	3.95	6.34	53.83	0.43	47874.0	360.9	49.88	6.78	5
2286	林兼産業	スタンダード（内国株式）	3050	食料品	1	食品	-	-	892.0	5.04	45.0	5.04	45.0	5.04	配当あり	いいえ	5.8	0.54	72.8	1023.0	521.0	Consumer Defensive			OK	通常掲載可	OK	45586.0	2.89	-7.47	48.05	0.58	-45.0	153.69	29.28	10.06	1
2288	丸大食品	プライム（内国株式）	3050	食料品	1	食品	7	TOPIX Small 2	2259.0	3.54	80.0	3.54	80.0	3.54	配当あり	いいえ	5.65	0.72	544.3	2478.0	1792.0	Consumer Defensive			OK	通常掲載可	OK	238396.0	3.15	1.46	61.07	0.15	10536.0	399.84	20.01	13.66	1
228A	オプロ	グロース（内国株式）	5250	情報・通信業	10	情報通信・サービスその他	-	-	1731.0						配当未取得		17.12	3.04	39.8	2897.0	1347.0	Technology	配当未取得	1株配当が取得できていない	除外推奨	掲載非推奨	OK_配当データ要確認	2552.6	12.98	21.28	47.61	0.0	311.8	101.09		20.06	
2291	福留ハム	スタンダード（内国株式）	3050	食料品	1	食品	-	-	489.0						配当未取得			0.66	16.3	1117.0	468.0	Consumer Defensive	配当未取得	1株配当が取得できていない	除外推奨	掲載非推奨	OK_配当データ要確認	24621.0	-2.53	-2.27	14.74	3.17	-566.0	-155.01		14.63	0
2292	Ｓ　Ｆｏｏｄｓ	プライム（内国株式）	3050	食料品	1	食品	6	TOPIX Small 1	2673.0	4.12	110.0	4.12	110.0	4.12	配当あり	いいえ	9.17	0.64	846.6	3285.0	2478.0	Consumer Defensive			OK	通常掲載可	OK	472312.0	2.22	6.25	52.53	0.43	-1312.0	291.62	37.72	7.22	13
2293	滝沢ハム	スタンダード（内国株式）	3050	食料品	1	食品	-	-	2673.0	0.75	20.0	0.75	20.0	0.75	配当あり	いいえ		1.64	54.9	3090.0	2511.0	Consumer Defensive			OK	通常掲載可	OK	26565.2	-1.44	-5.42	27.67	1.47	338.5	-112.27		-6.75	0
2294	柿安本店	プライム（内国株式）	3050	食料品	1	食品	7	TOPIX Small 2	2515.0	3.38	85.0	3.38	85.0	3.38	配当あり	いいえ	29.67	1.55	240.9	3095.0	2454.0	Consumer Defensive			OK	通常掲載可	OK	36104.0	4.15	-2.56	78.37		751.0	84.76	100.28	5.31	0
2296	伊藤ハム米久ホールディングス	プライム（内国株式）	3050	食料品	1	食品	6	TOPIX Small 1	4720.0	3.28	155.0	3.28	155.0	3.28	配当あり	いいえ	13.25	0.91	2678.6	6480.0	4605.0	Consumer Defensive			OK	通常掲載可	OK	1071381.0	2.66	8.35	56.18	0.31	-12428.0	356.36	43.5	6.96	4
2300	きょくとう	スタンダード（内国株式）	9050	サービス業	10	情報通信・サービスその他	-	-	494.0	2.23	11.0	2.23	11.0	2.23	配当あり	いいえ	48.29	0.8	26.0	546.0	483.0	Consumer Cyclical			OK	通常掲載可	OK	5244.2	0.09	-2.54	52.24	0.46	85.7	10.23	107.53	7.15	0
2301	学情	プライム（内国株式）	9050	サービス業	10	情報通信・サービスその他	7	TOPIX Small 2	1602.0	4.68	75.0	4.68	75.0	4.68	配当あり	いいえ	12.39	1.46	215.2	1948.0	1506.0	Industrials			OK	通常掲載可	OK	11019.2	21.17	2.69	86.98		1427.6	129.28	58.01	11.78	5
2303	ドーン	スタンダード（内国株式）	5250	情報・通信業	10	情報通信・サービスその他	-	-	1300.0	2.15	28.0	2.15	28.0	2.15	配当あり	いいえ	18.48	2.71	77.3	1550.0	1109.0	Technology			OK	通常掲載可	OK	1646.7	34.87	9.73	89.46		301.2	70.33	39.81	16.77	10
2304	ＣＳＳホールディングス	スタンダード（内国株式）	9050	サービス業	10	情報通信・サービスその他	-	-	921.0	4.34	40.0	4.34	40.0	4.34	配当あり	いいえ	6.84	1.36	45.7	1097.0	877.0	Industrials			OK	通常掲載可	OK	19499.6	3.68	10.6	48.91	0.1	646.3	134.74	29.69	21.48	4
2305	スタジオアリス	スタンダード（内国株式）	9050	サービス業	10	情報通信・サービスその他	7	TOPIX Small 2	1876.0	2.67	50.0	2.67	50.0	2.67	配当あり	いいえ	27.4	1.05	318.6	2178.0	1720.0	Consumer Cyclical			OK	通常掲載可	OK	32928.1	6.37	-7.5	78.74	0.03	2455.6	68.47	73.02	3.79	0
2307	クロスキャット	プライム（内国株式）	5250	情報・通信業	10	情報通信・サービスその他	7	TOPIX Small 2	977.0	3.99	39.0	3.99	39.0	3.99	配当あり	いいえ	9.06	2.05	136.7	1287.0	892.0	Technology			OK	通常掲載可	OK	17314.8	11.63	6.92	61.37	0.11	2274.6	107.86	36.16	24.16	1
2311	エプコ	スタンダード（内国株式）	9050	サービス業	10	情報通信・サービスその他	-	-	753.0	5.31	40.0	5.31	40.0	5.31	配当あり	いいえ	15.87	1.46	67.4	935.0	722.0	Industrials			OK	通常掲載可	OK	6252.1	6.02	11.5	80.02	0.11	286.7	47.44	84.32	10.44	1
2315	ＣＡＩＣＡ　ＤＩＧＩＴＡＬ	スタンダード（内国株式）	5250	情報・通信業	10	情報通信・サービスその他	-	-	61.0						配当未取得			1.76	108.2	177.0	53.0	Technology	配当未取得	1株配当が取得できていない	除外推奨	掲載非推奨	OK_配当データ要確認	5195.5	1.37	-7.33	84.21	0.0	51.7	-2.5		-7.71	0
2317	システナ	プライム（内国株式）	5250	情報・通信業	10	情報通信・サービスその他	6	TOPIX Small 1	413.0	4.36	18.0	4.36	18.0	4.36	配当あり	いいえ	13.05	3.73	1476.3	555.0	385.0	Technology			OK	通常掲載可	OK	94400.0	16.28	12.89	64.85	0.04	12797.0	31.64	56.89	30.95	4
2321	ソフトフロントホールディングス	グロース（内国株式）	5250	情報・通信業	10	情報通信・サービスその他	-	-	142.0						配当未取得			4.06	73.8	449.0	109.0	Technology	配当未取得	1株配当が取得できていない	除外推奨	掲載非推奨	OK_配当データ要確認	823.6	3.48	-7.41	72.12	0.0	40.3	-1.93		-6.52	
2323	ｆｏｎｆｕｎ	スタンダード（内国株式）	5250	情報・通信業	10	情報通信・サービスその他	-	-	270.0						配当未取得		13.35	4.02	56.7	473.0	143.67	Technology	配当未取得	1株配当が取得できていない	除外推奨	掲載非推奨	OK_配当データ要確認	2111.2	11.48	66.41	43.02	0.95	251.2	20.22		30.11	
2325	ＮＪＳ	プライム（内国株式）	9050	サービス業	10	情報通信・サービスその他	7	TOPIX Small 2	4555.0	2.41	110.0	2.41	110.0	2.41	配当あり	いいえ	19.88	1.44	433.8	6750.0	4315.0	Industrials			OK	通常掲載可	OK	24854.3	13.15	10.0	81.23	0.0	1413.8	229.12	48.01	9.68	5
2326	デジタルアーツ	プライム（内国株式）	5250	情報・通信業	10	情報通信・サービスその他	6	TOPIX Small 1	3845.0	2.6	100.0	2.6	100.0	2.6	配当あり	いいえ	15.5	2.8	513.9	8280.0	3500.0	Technology			OK	通常掲載可	OK	10835.0	44.23	8.55	66.22		7121.0	248.0	40.32	19.14	1
2327	日鉄ソリューションズ	プライム（内国株式）	5250	情報・通信業	10	情報通信・サービスその他	4	TOPIX Mid400	3593.0	2.42	87.0	2.42	87.0	2.42	配当あり	いいえ	21.32	2.35	6574.5	4655.0	3075.0	Technology			OK	通常掲載可	OK	381340.0	11.59	12.72	66.86	0.09	-8774.0	168.51	51.63	11.52	4
2329	東北新社	スタンダード（内国株式）	5250	情報・通信業	10	情報通信・サービスその他	-	-	520.0	5.21	27.08	5.21	27.08	5.21	配当あり	いいえ	10.28	0.83	715.5	727.0	508.0	Communication Services			OK	通常掲載可	OK	47691.0	6.18	4.39	85.0	0.0	981.0	50.6	53.52	8.23	0
2330	フォーサイド	スタンダード（内国株式）	5250	情報・通信業	10	情報通信・サービスその他	-	-	77.0						配当未取得		7.57	1.08	33.6	315.0	69.0	Consumer Cyclical	配当未取得	1株配当が取得できていない	除外推奨	掲載非推奨	OK_配当データ要確認	8748.8	5.3	63.83	65.32	0.25	612.7	10.17		14.8	
2331	ＡＬＳＯＫ	プライム（内国株式）	9050	サービス業	10	情報通信・サービスその他	4	TOPIX Mid400	1082.5	3.05	33.0	3.05	33.0	3.05	配当あり	いいえ	15.8	1.37	5261.7	1335.0	1006.5	Industrials			OK	通常掲載可	OK	597026.0	7.86	8.18	56.83	0.25	14652.0	68.52	48.16	8.77	2
2332	クエスト	スタンダード（内国株式）	5250	情報・通信業	10	情報通信・サービスその他	-	-	1757.0	3.47	61.0	3.47	61.0	3.47	配当あり	いいえ	11.53	1.21	90.1	2220.0	1400.0	Technology			OK	通常掲載可	OK	17807.7	6.13	19.23	72.02	0.0	407.3	152.33	40.04	10.88	4
2334	イオレ	グロース（内国株式）	9050	サービス業	10	情報通信・サービスその他	-	-	610.0						配当未取得			6.92	250.0	990.0	214.5	Technology	配当未取得	1株配当が取得できていない	除外推奨	掲載非推奨	OK_配当データ要確認	14159.8	1.49	298.95	31.78	0.05	879.2	-15.31		-27.68	
2335	キューブシステム	プライム（内国株式）	5250	情報・通信業	10	情報通信・サービスその他	7	TOPIX Small 2	1045.0	4.59	48.0	4.59	48.0	4.59	配当あり	いいえ	10.11	1.39	158.6	1245.0	998.0	Technology			OK	通常掲載可	OK	18498.0	8.45	0.8	76.53	0.02	431.0	103.35	46.44	14.04	0
2337	いちご	プライム（内国株式）	8050	不動産業	17	不動産	6	TOPIX Small 1	437.0	3.55	15.5	3.55	15.5	3.55	配当あり	いいえ	10.57	1.51	1725.1	529.0	347.0	Real Estate			OK	通常掲載可	OK	83576.0	30.44	1.0	27.47	2.35	-33578.0	41.34	37.49	14.07	3
2338	クオンタムソリューションズ	スタンダード（内国株式）	5250	情報・通信業	10	情報通信・サービスその他	-	-	117.0						配当未取得			-16.75	57.5	850.0	91.0	Technology	配当未取得	1株配当が取得できていない	除外推奨	掲載非推奨	OK_配当データ要確認	266.8	-264.02	-61.79	-12.69		-718.4	-54.07			
2340	極楽湯ホールディングス	スタンダード（内国株式）	9050	サービス業	10	情報通信・サービスその他	-	-	492.0	1.22	6.0	1.22	6.0	1.22	配当あり	いいえ	17.33	3.17	156.1	513.0	468.0	Consumer Cyclical			OK	通常掲載可	OK	15164.2	7.52	7.68	29.33	0.84	1222.2	28.39	21.13	21.28	0
2341	アルバイトタイムス	スタンダード（内国株式）	9050	サービス業	10	情報通信・サービスその他	-	-	170.0	2.94	5.0	2.94	5.0	2.94	配当あり	いいえ	16.44	1.09	31.1	248.0	142.0	Communication Services			OK	通常掲載可	OK	4719.1	3.39	13.42	79.02	0.0	311.4	10.34	48.36	6.72	0
2342	トランスジェニックグループ	スタンダード（内国株式）	9050	サービス業	10	情報通信・サービスその他	-	-	216.0						配当未取得			0.75	36.0	487.0	168.0	Healthcare	配当未取得	1株配当が取得できていない	除外推奨	掲載非推奨	OK_配当データ要確認	13174.4	1.05	1.3	49.1	0.44	-42.6	-4.64		-2.0	0
2345	ＨＯＤＬ１	スタンダード（内国株式）	5250	情報・通信業	10	情報通信・サービスその他	-	-	122.0						配当未取得			9.33	22.7	377.0	100.0	Technology	配当未取得	1株配当が取得できていない	除外推奨	掲載非推奨	OK_配当データ要確認	26.6	-1844.3	-98.35	80.21	0.0	-646.5	-33.44		-161.88	1
2349	エヌアイデイ	スタンダード（内国株式）	5250	情報・通信業	10	情報通信・サービスその他	-	-	2419.0	1.24	30.0	1.24	30.0	1.24	配当あり	いいえ	10.56	1.09	264.3	2548.0	2191.0	Technology			OK	通常掲載可	OK	26428.7	12.76	5.85	79.02		2302.4	229.08	13.1	10.93	4
2351	ＡＳＪ	スタンダード（内国株式）	5250	情報・通信業	10	情報通信・サービスその他	-	-	319.0	0.94	3.0	0.94	3.0	0.94	配当あり	いいえ	28.33	0.85	24.9	466.0	285.0	Technology			OK	通常掲載可	OK	2662.0	4.76	-2.9	60.48	0.23	240.5	11.26	26.64	3.03	1
2353	日本駐車場開発	プライム（内国株式）	8050	不動産業	17	不動産	6	TOPIX Small 1	252.0	3.57	9.0	3.57	9.0	3.57	配当あり	いいえ	16.5	3.99	786.7	304.0	233.0	Industrials			OK	通常掲載可	OK	32693.3	19.76	2.63	37.64	1.01	648.8	15.27	58.94	26.67	15
2354	ＹＥ　ＤＩＧＩＴＡＬ	スタンダード（内国株式）	5250	情報・通信業	10	情報通信・サービスその他	-	-	846.0	3.55	30.0	3.55	30.0	3.55	配当あり	いいえ	12.56	1.85	150.8	1050.0	596.0	Technology			OK	通常掲載可	OK	20263.2	8.04	1.6	56.75		812.1	67.34	44.55	16.12	2
2359	コア	プライム（内国株式）	5250	情報・通信業	10	情報通信・サービスその他	7	TOPIX Small 2	1941.0	3.09	60.0	3.09	60.0	3.09	配当あり	いいえ	9.69	1.35	278.8	2348.0	1874.0	Technology			OK	通常掲載可	OK	26532.0	14.4	7.86	73.52	0.08	1853.9	200.31	29.95	14.67	6
2370	メディネット	グロース（内国株式）	9050	サービス業	10	情報通信・サービスその他	-	-	26.0						配当未取得			0.93	72.5	43.0	23.0	Healthcare	配当未取得	1株配当が取得できていない	除外推奨	掲載非推奨	OK_配当データ要確認	810.3	-178.39	5.44	88.8	0.0	-1445.8	-4.47		-69.34	
2371	カカクコム	プライム（内国株式）	9050	サービス業	10	情報通信・サービスその他	4	TOPIX Mid400	3564.0	1.4	50.0	1.4	50.0	1.4	配当あり	いいえ	37.45	10.85	7050.9	3592.0	1566.0	Communication Services			OK	通常掲載可	OK	94127.0	29.02	20.01	70.28	0.05	24517.0	95.16	52.54	29.62	3
2373	ケア２１	スタンダード（内国株式）	9050	サービス業	10	情報通信・サービスその他	-	-	410.0	4.15	17.0	4.15	17.0	4.15	配当あり	いいえ	52.36	1.33	55.5	613.0	389.0	Healthcare			OK	通常掲載可	OK	48158.2	1.63	6.08	14.25	4.19	1863.9	7.83	217.11	3.84	0
2375	ギグワークス	スタンダード（内国株式）	9050	サービス業	10	情報通信・サービスその他	-	-	204.0	0.98	2.0	0.98	2.0	0.98	配当あり	いいえ	23.86	1.46	40.6	320.0	198.0	Technology			OK	通常掲載可	OK	22261.9	0.07	-12.25	35.81	0.72	-26.2	8.55	23.39	6.27	1
2376	サイネックス	スタンダード（内国株式）	9050	サービス業	10	情報通信・サービスその他	-	-	837.0	1.79	15.0	1.79	15.0	1.79	配当あり	いいえ	92.59	0.58	46.9	985.0	634.0	Communication Services			OK	通常掲載可	OK	17089.6	0.98	3.63	55.79	0.36	155.4	9.04	165.93	0.62	0
2378	ルネサンス	プライム（内国株式）	9050	サービス業	10	情報通信・サービスその他	7	TOPIX Small 2	1024.0	1.27	13.0	1.27	13.0	1.27	配当あり	いいえ		2.0	193.7	1295.0	967.0	Communication Services			OK	通常掲載可	OK	64933.7	2.41	1.88	16.99	3.18	139.7	-112.44		-19.32	2
2379	ディップ	プライム（内国株式）	9050	サービス業	10	情報通信・サービスその他	6	TOPIX Small 1	1834.0	5.29	97.0	5.29	97.0	5.29	配当あり	いいえ	16.13	2.58	960.2	2509.0	1686.0	Communication Services			OK	通常掲載可	OK	54852.8	16.61	-2.72	74.43		4658.2	113.71	85.3	16.22	0
2384	ＳＢＳホールディングス	プライム（内国株式）	5050	陸運業	12	運輸・物流	6	TOPIX Small 1	4315.0	2.43	105.0	2.43	105.0	2.43	配当あり	いいえ	14.53	1.69	1713.8	5100.0	2972.0	Industrials			OK	通常掲載可	OK	490344.0	4.34	9.42	27.88	1.1	22391.0	296.87	35.37	17.24	8
2385	総医研ホールディングス	グロース（内国株式）	9050	サービス業	10	情報通信・サービスその他	-	-	209.0	4.78	10.0	4.78	10.0	4.78	配当あり	いいえ	31.43	0.89	54.7	325.0	157.0	Healthcare			OK	通常掲載可	OK	4848.5	-2.84	-6.01	88.39		520.5	6.65	150.38	3.01	0
2388	ウェッジホールディングス	グロース（内国株式）	7200	その他金融業	16	金融（除く銀行）	-	-	39.0						配当未取得			0.62	16.6	115.0	32.0	Industrials	配当未取得	1株配当が取得できていない	除外推奨	掲載非推奨	OK_配当データ要確認	816.2	-11.18	-5.2	80.61	0.15	-16.1	-13.95		-20.22	
2391	プラネット	スタンダード（内国株式）	9050	サービス業	10	情報通信・サービスその他	-	-	1206.0	3.65	44.0	3.65	44.0	3.65	配当あり	いいえ	18.76	1.49	80.0	1356.0	1169.0	Technology			OK	通常掲載可	OK	3172.6	20.25	1.3	82.76		319.3	64.28	68.45	7.5	17
2393	日本ケアサプライ	スタンダード（内国株式）	9050	サービス業	10	情報通信・サービスその他	-	-	4350.0	1.7	74.0	1.7	74.0	1.7	配当あり	いいえ	29.94	3.63	676.0	4495.0	2018.0	Industrials			OK	通常掲載可	OK	34929.9	8.86	9.13	67.07	0.06	2557.2	145.29	50.93	12.5	0
2395	新日本科学	プライム（内国株式）	9050	サービス業	10	情報通信・サービスその他	7	TOPIX Small 2	1170.0	4.27	50.0	4.27	50.0	4.27	配当あり	いいえ	10.66	1.13	487.1	2005.0	1067.0	Healthcare			OK	通常掲載可	OK	32525.0	8.16	0.34	41.05	0.96	2990.9	109.75	45.56	10.85	0
2404	鉄人化ホールディングス	スタンダード（内国株式）	9050	サービス業	10	情報通信・サービスその他	-	-	594.0						配当未取得		18.91	8.32	79.4	645.0	451.0	Consumer Cyclical	配当未取得	1株配当が取得できていない	除外推奨	掲載非推奨	OK_配当データ要確認	8043.1	2.63	13.78	14.57	3.54	301.6	31.42		57.97	0
2408	ＫＧ情報	スタンダード（内国株式）	9050	サービス業	10	情報通信・サービスその他	-	-	832.0	4.45	37.0	4.45	37.0	4.45	配当あり	いいえ	18.15	1.01	60.0	949.0	605.0	Communication Services			OK	通常掲載可	OK	2736.1	16.11	10.91	87.41		212.8	45.84	80.72	7.76	4
2410	キャリアデザインセンター	プライム（内国株式）	9050	サービス業	10	情報通信・サービスその他	-	-	2878.0	9.73	280.0	9.73	280.0	9.73	配当あり	いいえ	13.12	3.27	152.1	2894.0	1862.0	Industrials	高利回り要確認	配当利回りが8%以上	要確認	手動確認後に掲載	OK_高利回り要確認	18646.3	8.49	5.14	59.85	0.0	1693.0	219.3	127.68	26.76	5
2411	ゲンダイエージェンシー	スタンダード（内国株式）	5250	情報・通信業	10	情報通信・サービスその他	-	-	463.0	5.62	26.0	5.62	26.0	5.62	配当あり	いいえ	10.96	1.31	50.9	514.0	388.0	Communication Services			OK	通常掲載可	OK	7531.0	8.96	-1.93	71.94	0.15	618.0	42.23	61.57	11.69	4
2413	エムスリー	プライム（内国株式）	9050	サービス業	10	情報通信・サービスその他	4	TOPIX Mid400	1860.5	1.18	22.0	1.18	22.0	1.18	配当あり	いいえ	25.64	3.04	12417.5	2746.0	1297.0	Healthcare			OK	通常掲載可	OK	351363.0	20.23	23.33	64.04	0.08	42752.0	72.56	30.32	12.58	0
2415	ヒューマンホールディングス	スタンダード（内国株式）	9050	サービス業	10	情報通信・サービスその他	-	-	1584.0	8.59	136.0	8.59	136.0	8.59	配当あり	いいえ	7.42	0.84	164.4	2111.0	1496.0	Consumer Defensive	高利回り要確認	配当利回りが8%以上	要確認	手動確認後に掲載	OK_高利回り要確認	102539.3	3.52	2.2	37.46	0.48	2278.0	213.52	63.69	11.78	2
2418	ツカダ・グローバルホールディング	スタンダード（内国株式）	9050	サービス業	10	情報通信・サービスその他	-	-	606.0	2.31	14.0	2.31	14.0	2.31	配当あり	いいえ	6.02	0.76	285.1	755.0	534.0	Consumer Cyclical			OK	通常掲載可	OK	73095.0	13.05	15.03	26.55	2.09	6650.0	100.6	13.92	13.9	3
241A	ＲＯＸＸ	グロース（内国株式）	5250	情報・通信業	10	情報通信・サービスその他	-	-	420.0						配当未取得		2.4	1.87	30.6	1299.0	415.0	Technology	配当未取得	1株配当が取得できていない	除外推奨	掲載非推奨	OK_配当データ要確認	4513.2	-16.0	29.81	34.76	1.2	-1038.6	174.93		76.89	
2424	ブラス	スタンダード（内国株式）	9050	サービス業	10	情報通信・サービスその他	-	-	615.0	1.3	8.0	1.3	8.0	1.3	配当あり	いいえ	10.7	0.75	32.7	723.0	591.0	Consumer Cyclical			OK	通常掲載可	OK	12726.5	3.57	-4.03	35.03	1.12	-628.4	57.5	13.91	5.33	0
2425	ケアサービス	スタンダード（内国株式）	9050	サービス業	10	情報通信・サービスその他	-	-	639.0	3.44	22.0	3.44	22.0	3.44	配当あり	いいえ	21.05	0.85	24.2	849.0	620.0	Healthcare			OK	通常掲載可	OK	9217.2	1.43	-6.34	76.41	0.01	-43.8	30.35	72.49	11.74	6
2428	ウェルネット	スタンダード（内国株式）	9050	サービス業	10	情報通信・サービスその他	-	-	625.0	4.72	29.5	4.72	29.5	4.72	配当あり	いいえ	11.61	1.32	118.5	797.0	595.0	Technology			OK	通常掲載可	OK	10132.3	12.06	7.51	33.66	0.21	890.9	53.81	54.82	11.31	3
2429	ワールドホールディングス	プライム（内国株式）	9050	サービス業	10	情報通信・サービスその他	7	TOPIX Small 2	2502.0	5.44	136.0	5.44	136.0	5.44	配当あり	いいえ	6.77	0.92	447.9	2901.0	2221.0	Industrials			OK	通常掲載可	OK	284350.0	3.83	17.39	26.79	1.77	3263.0	369.3	36.83	13.36	1
2432	ディー・エヌ・エー	プライム（内国株式）	5250	情報・通信業	10	情報通信・サービスその他	4	TOPIX Mid400	2664.0	2.48	66.0	2.48	66.0	2.48	配当あり	いいえ	15.58	1.23	2494.6	2885.0	2200.5	Industrials			OK	通常掲載可	OK	147700.0	12.66	-9.94	69.81	0.07	28581.0	171.03	38.59	7.47	1
2433	博報堂ＤＹホールディングス	プライム（内国株式）	9050	サービス業	10	情報通信・サービスその他	4	TOPIX Mid400	1172.5	2.73	32.0	2.73	32.0	2.73	配当あり	いいえ	25.44	1.08	4209.7	1260.0	973.5	Communication Services			OK	通常掲載可	OK	861003.0	5.19	-9.68	35.99	0.32	56916.0	46.08	69.44	4.32	0
2435	シダー	スタンダード（内国株式）	9050	サービス業	10	情報通信・サービスその他	-	-	206.0	3.88	8.0	3.88	8.0	3.88	配当あり	いいえ	4.41	1.18	23.1	294.0	201.0	Healthcare			OK	通常掲載可	OK	18164.0	3.72	1.88	9.94	7.04	818.0	46.68	17.14	30.27	1
2436	共同ピーアール	スタンダード（内国株式）	9050	サービス業	10	情報通信・サービスその他	-	-	610.0	2.62	16.0	2.62	16.0	2.62	配当あり	いいえ	12.6	2.38	106.6	610.0	413.0	Communication Services			OK	通常掲載可	OK	8554.6	15.23	16.81	65.15	0.08	804.3	48.43	33.04	23.75	7
2437	Ｓｈｉｎｗａ　Ｗｉｓｅ　Ｈｏｌｄｉｎｇｓ	スタンダード（内国株式）	9050	サービス業	10	情報通信・サービスその他	-	-	501.0						配当未取得			2.71	55.2	794.0	236.0	Consumer Cyclical	配当未取得	1株配当が取得できていない	除外推奨	掲載非推奨	OK_配当データ要確認	2067.6	0.6	1.55	70.87	0.12	-227.6	-56.16		-21.42	0
2438	アスカネット	グロース（内国株式）	9050	サービス業	10	情報通信・サービスその他	-	-	356.0	1.97	7.0	1.97	7.0	1.97	配当あり	いいえ	18.8	1.0	53.4	436.0	302.0	Consumer Cyclical			OK	通常掲載可	OK	7263.0	2.39	3.19	84.83		555.7	18.94	36.96	5.46	0
2440	ぐるなび	スタンダード（内国株式）	9050	サービス業	10	情報通信・サービスその他	7	TOPIX Small 2	125.0						配当未取得		29.9	1.35	70.5	267.0	115.0	Communication Services	配当未取得	1株配当が取得できていない	除外推奨	掲載非推奨	OK_配当データ要確認	14132.7	2.84	5.01	47.76	0.63	-1631.2	4.18		4.6	0
2445	タカミヤ	スタンダード（内国株式）	9050	サービス業	10	情報通信・サービスその他	7	TOPIX Small 2	401.0	4.99	20.0	4.99	20.0	4.99	配当あり	いいえ	10.59	0.78	183.8	482.0	319.0	Industrials			OK	通常掲載可	OK	45212.0	7.23	3.16	31.51	1.61	3665.0	37.85	52.84	7.55	1
2449	プラップジャパン	スタンダード（内国株式）	9050	サービス業	10	情報通信・サービスその他	-	-	1057.0	3.88	41.0	3.88	41.0	3.88	配当あり	いいえ	9.96	0.87	47.1	1224.0	990.0	Industrials			OK	通常掲載可	OK	7388.1	9.72	7.31	76.52	0.0	488.6	106.12	38.64	8.71	1
244A	グロースエクスパートナーズ	グロース（内国株式）	5250	情報・通信業	10	情報通信・サービスその他	-	-	1239.0						配当未取得		8.91	1.14	41.6	2672.0	1045.0	Technology	配当未取得	1株配当が取得できていない	除外推奨	掲載非推奨	OK_配当データ要確認	5086.7	15.22	15.03	71.44	0.12	539.5	139.02		12.79	
2454	オールアバウト	スタンダード（内国株式）	9050	サービス業	10	情報通信・サービスその他	-	-	331.0	0.3	1.0	0.3	1.0	0.3	配当あり	いいえ		1.31	46.6	420.0	330.0	Communication Services			OK	通常掲載可	OK	15464.5	-0.7	-3.07	50.61		-628.6	-33.66		-10.65	0
2459	アウンコンサルティング	スタンダード（内国株式）	9050	サービス業	10	情報通信・サービスその他	-	-	161.0						配当未取得			3.76	12.1	564.0	154.0	Communication Services	配当未取得	1株配当が取得できていない	除外推奨	掲載非推奨	OK_配当データ要確認	270.8	-38.78	-38.66	44.02	0.68	-47.4	-14.54		-29.72	1
245A	ＩＮＧＳ	グロース（内国株式）	6100	小売業	14	小売	-	-	2327.0						配当未取得		16.5	2.77	58.7	3720.0	2250.0	Consumer Cyclical	配当未取得	1株配当が取得できていない	除外推奨	掲載非推奨	OK_配当データ要確認	7732.6	6.35	20.47	22.88	1.48	75.7	141.02		16.79	
2461	ファンコミュニケーションズ	プライム（内国株式）	9050	サービス業	10	情報通信・サービスその他	7	TOPIX Small 2	396.0	5.3	21.0	5.3	21.0	5.3	配当あり	いいえ	20.08	1.61	260.0	549.0	395.0	Communication Services			OK	通常掲載可	OK	7096.7	27.69	1.94	76.68		1921.7	19.72	106.49	6.14	1
2462	ライク	プライム（内国株式）	9050	サービス業	10	情報通信・サービスその他	7	TOPIX Small 2	1499.0	4.0	60.0	4.0	60.0	4.0	配当あり	いいえ	12.41	1.63	287.7	1650.0	1362.0	Industrials			OK	通常掲載可	OK	62336.2	4.73	3.09	44.0	0.67	1863.0	120.82	49.66	13.25	1
2464	Ａｏｂａ‐ＢＢＴ	スタンダード（内国株式）	9050	サービス業	10	情報通信・サービスその他	-	-	317.0	3.47	11.0	3.47	11.0	3.47	配当あり	いいえ	14.62	0.86	40.1	363.0	304.0	Consumer Defensive			OK	通常掲載可	OK	7668.8	5.94	-0.41	63.58	0.02	417.2	21.68	50.74	5.93	0
2469	ヒビノ	スタンダード（内国株式）	9050	サービス業	10	情報通信・サービスその他	-	-	2772.0	1.62	45.0	1.62	45.0	1.62	配当あり	いいえ	9.0	1.96	274.8	4370.0	2266.0	Technology			OK	通常掲載可	OK	67603.0	7.49	13.67	31.57	1.07	5889.0	307.97	14.61	23.45	0
246A	アスア	グロース（内国株式）	9050	サービス業	10	情報通信・サービスその他	-	-	1003.0	0.7	7.0	0.7	7.0	0.7	配当あり	いいえ	22.73	2.53	25.6	1220.0	572.0	Industrials			OK	通常掲載可	OK	1363.7	12.05	10.09	48.98	0.4	107.2	44.13	15.86	9.53	
2471	エスプール	プライム（内国株式）	9050	サービス業	10	情報通信・サービスその他	7	TOPIX Small 2	265.0	3.77	10.0	3.77	10.0	3.77	配当あり	いいえ	14.37	2.21	207.0	368.0	222.0	Industrials			OK	通常掲載可	OK	26029.0	9.29	1.86	24.51	2.4	3692.0	18.44	54.23	13.99	0
2475	ＷＤＢホールディングス	プライム（内国株式）	9050	サービス業	10	情報通信・サービスその他	7	TOPIX Small 2	1758.0	6.43	113.0	6.43	113.0	6.43	配当あり	いいえ	12.41	1.03	337.2	1880.0	1483.0	Industrials			OK	通常掲載可	OK	50305.0	8.87	-1.63	77.3		-1025.5	141.69	79.75	8.82	0
2477	手間いらず	スタンダード（内国株式）	5250	情報・通信業	10	情報通信・サービスその他	7	TOPIX Small 2	2306.0	1.73	40.0	1.73	40.0	1.73	配当あり	いいえ	13.19	8.39	136.1	3385.0	2101.0	Communication Services			OK	通常掲載可	OK	2185.3	73.63	7.97	93.77		1056.5	174.79	22.88	6.31	4
2479	ジェイテック	スタンダード（内国株式）	9050	サービス業	10	情報通信・サービスその他	-	-	241.0	8.3	20.0	8.3	20.0	8.3	配当あり	いいえ	13.13	1.31	19.3	264.0	217.0	Technology	高利回り要確認	配当利回りが8%以上	要確認	手動確認後に掲載	OK_高利回り要確認	3393.0	9.7	4.63	63.98	0.06	250.5	18.36	108.93	10.16	1
247A	Ａｉロボティクス	グロース（内国株式）	3200	化学	4	素材・化学	-	-	851.0						配当未取得		21.01	9.13	552.7	2146.0	628.0	Consumer Defensive	配当未取得	1株配当が取得できていない	除外推奨	掲載非推奨	OK_配当データ要確認	29359.0	12.95	106.67	32.82	1.33	-6228.7	40.51		56.73	
2480	システム・ロケーション	スタンダード（内国株式）	5250	情報・通信業	10	情報通信・サービスその他	-	-	1701.0	2.23	38.0	2.23	38.0	2.23	配当あり	いいえ	20.2	1.48	60.0	1974.0	1422.0	Industrials			OK	通常掲載可	OK	1733.5	34.86	3.99	82.54		625.2	84.2	45.13	7.67	0
2481	タウンニュース社	スタンダード（内国株式）	9050	サービス業	10	情報通信・サービスその他	-	-	637.0	3.14	20.0	3.14	20.0	3.14	配当あり	いいえ	9.19	0.63	35.2	829.0	627.0	Communication Services			OK	通常掲載可	OK	3677.0	12.57	-1.58	88.19		347.6	69.31	28.86	8.09	4
2483	翻訳センター	スタンダード（内国株式）	9050	サービス業	10	情報通信・サービスその他	-	-	2260.0	6.19	140.0	6.19	140.0	6.19	配当あり	いいえ	16.39	1.08	75.9	2299.0	1750.0	Industrials			OK	通常掲載可	OK	10871.5	6.49	-3.02	80.05	0.0	565.4	137.86	101.55	6.7	4
2484	出前館	スタンダード（内国株式）	5250	情報・通信業	10	情報通信・サービスその他	-	-	124.0						配当未取得			0.54	138.1	237.0	114.0	Consumer Cyclical	配当未取得	1株配当が取得できていない	除外推奨	掲載非推奨	OK_配当データ要確認	39721.0	-12.39	-21.21	73.69		-4970.0	-60.57		-23.59	0
2485	ティア	スタンダード（内国株式）	9050	サービス業	10	情報通信・サービスその他	-	-	472.0	4.24	20.0	4.24	20.0	4.24	配当あり	いいえ	27.1	1.17	106.2	623.0	438.0	Consumer Cyclical			OK	通常掲載可	OK	21563.0	7.62	14.46	30.87	1.43	1011.0	17.42	114.81	4.34	0
2488	ＪＴＰ	スタンダード（内国株式）	9050	サービス業	10	情報通信・サービスその他	-	-	1337.0	3.74	50.0	3.74	50.0	3.74	配当あり	いいえ	11.09	2.55	73.6	1679.0	1117.0	Technology			OK	通常掲載可	OK	9897.0	9.73	7.44	61.66		644.7	120.6	41.46	11.05	0
2489	アドウェイズ	スタンダード（内国株式）	9050	サービス業	10	情報通信・サービスその他	7	TOPIX Small 2	297.0	2.21	6.57	2.21	6.57	2.21	配当あり	いいえ	45.9	0.83	116.1	370.0	253.0	Communication Services			OK	通常掲載可	OK	12219.5	2.43	-3.67	61.25		-554.5	6.47	101.55	3.43	1
248A	キッズスター	グロース（内国株式）	5250	情報・通信業	10	情報通信・サービスその他	-	-	852.0						配当未取得		14.06	0.93	22.3	2330.0	825.0	Technology	配当未取得	1株配当が取得できていない	除外推奨	掲載非推奨	OK_配当データ要確認	1157.1	21.47	27.41	84.07		143.7	60.58		6.96	
2491	バリューコマース	プライム（内国株式）	9050	サービス業	10	情報通信・サービスその他	7	TOPIX Small 2	448.0	3.57	16.0	3.57	16.0	3.57	配当あり	いいえ	19.88	0.8	97.1	858.0	408.0	Communication Services			OK	通常掲載可	OK	24169.0	8.16	-20.52	75.46		1561.0	22.53	71.02	3.89	0
2492	インフォマート	プライム（内国株式）	9050	サービス業	10	情報通信・サービスその他	6	TOPIX Small 1	479.0	1.37	6.58	1.37	6.58	1.37	配当あり	いいえ	56.49	4.33	1276.6	490.0	298.0	Technology			OK	通常掲載可	OK	18817.1	15.22	20.38	66.82	0.19	3093.2	8.48	77.59	10.98	3
2493	イーサポートリンク	スタンダード（内国株式）	9050	サービス業	10	情報通信・サービスその他	-	-	937.0	0.53	5.0	0.53	5.0	0.53	配当あり	いいえ	28.25	1.13	41.5	1027.0	897.0	Technology			OK	通常掲載可	OK	6470.1	2.19	19.67	60.72	0.18	-378.6	33.17	15.07	3.58	0
2497	ユナイテッド	グロース（内国株式）	9050	サービス業	10	情報通信・サービスその他	-	-	507.0	4.34	22.0	4.34	22.0	4.34	配当あり	いいえ		1.1	189.8	761.0	471.0	Technology			OK	通常掲載可	OK	8863.1	-13.78	-26.36	86.18	0.01	-4169.6	-41.32		-8.46	0
2498	オリエンタルコンサルタンツホールディングス	スタンダード（内国株式）	9050	サービス業	10	情報通信・サービスその他	-	-	3085.0	4.05	125.0	4.05	125.0	4.05	配当あり	いいえ	8.35	1.2	367.1	3600.0	2515.0	Industrials			OK	通常掲載可	OK	95365.5	5.9	10.53	36.4	0.65	-2917.1	369.58	33.82	15.75	5
2499	日本和装ホールディングス	スタンダード（内国株式）	9050	サービス業	10	情報通信・サービスその他	-	-	286.0	6.99	20.0	6.99	20.0	6.99	配当あり	いいえ	11.21	0.72	25.9	421.0	265.0	Industrials			OK	通常掲載可	OK	4486.0	8.37	-4.65	42.55	1.09	380.4	25.51	78.4	6.03	1
2501	サッポロホールディングス	プライム（内国株式）	3050	食料品	1	食品	4	TOPIX Mid400	1898.5	2.11	40.0	2.11	40.0	2.11	配当あり	いいえ	49.26	3.44	7401.1	2112.5	1363.8	Consumer Defensive			OK	通常掲載可	OK	506861.0	4.82	-1.09	33.48	0.91	31246.0	38.54	103.79	6.98	3
2502	アサヒグループホールディングス	プライム（内国株式）	3050	食料品	1	食品	2	TOPIX Large70	1553.0	3.35	52.0	3.35	52.0	3.35	配当あり	いいえ	13.46	0.83	22718.3	2005.5	1452.5	Consumer Defensive			OK	通常掲載可	OK	2939422.0	9.15	6.15	49.39	0.48	267466.0	115.39	45.06	5.8	23
2503	キリンホールディングス	プライム（内国株式）	3050	食料品	1	食品	2	TOPIX Large70	2813.5	2.7	76.0	2.7	76.0	2.7	配当あり	いいえ	15.46	1.72	22483.4	2878.0	1966.0	Consumer Defensive			OK	通常掲載可	OK	2433363.0	8.62	4.06	36.83	0.72	62260.0	182.03	41.75	12.19	1
250A	シマダヤ	スタンダード（内国株式）	3050	食料品	1	食品	7	TOPIX Small 2	1658.0	3.26	54.0	3.26	54.0	3.26	配当あり	いいえ	9.69	1.28	237.2	1980.0	1520.0	Consumer Defensive			OK	通常掲載可	OK	41061.2	9.18	3.62	71.0	0.01	1134.5	171.11	31.56	14.22	
2531	宝ホールディングス	プライム（内国株式）	3050	食料品	1	食品	4	TOPIX Mid400	2114.0	1.47	31.0	1.47	31.0	1.47	配当あり	いいえ	34.97	1.57	4064.0	2332.5	1183.0	Consumer Defensive			OK	通常掲載可	OK	394316.0	4.33	8.72	50.47	0.37	-4849.0	60.46	51.27	2.77	1
2533	オエノンホールディングス	プライム（内国株式）	3050	食料品	1	食品	7	TOPIX Small 2	497.0	2.41	12.0	2.41	12.0	2.41	配当あり	いいえ	9.08	1.05	280.7	655.0	409.0	Consumer Defensive			OK	通常掲載可	OK	87630.0	4.72	4.19	44.2	0.11	3568.0	54.72	21.93	13.43	3
253A	ＥＴＳグループ	スタンダード（内国株式）	2050	建設業	3	建設・資材	-	-	1125.0	2.04	23.0	2.04	23.0	2.04	配当あり	いいえ	10.67	1.9	71.7	1519.0	765.0	Industrials			OK	通常掲載可	OK	11261.2	6.37	39.47	37.16	0.97	-1171.0	105.41	21.82	19.23	2
2540	養命酒製造	プライム（内国株式）	3050	食料品	1	食品	7	TOPIX Small 2							配当未取得								yfinanceデータなし	yfinanceで株価・配当データが取得できなかった	除外推奨	掲載非推奨	データなし										
254A	ＡＩフュージョンキャピタルグループ	スタンダード（内国株式）	7100	証券、商品先物取引業	16	金融（除く銀行）	-	-	1012.0						配当未取得			2.11	88.1	1439.0	814.0	Financial Services	配当未取得	1株配当が取得できていない	除外推奨	掲載非推奨	OK_配当データ要確認	3088.0	46.18	507.87	58.31	0.71	-206.0	-143.3		-3.09	
255A	ジーエルテクノホールディングス	スタンダード（内国株式）	3750	精密機器	9	電機・精密	-	-	6440.0	1.96	126.0	1.96	126.0	1.96	配当あり	いいえ	15.7	1.69	827.3	7140.0	2828.0	Technology			OK	通常掲載可	OK	47189.4	15.07	9.08	75.39	0.15	-312.5	410.23	30.71	11.41	5
256A	飛島ホールディングス	プライム（内国株式）	2050	建設業	3	建設・資材	7	TOPIX Small 2	2025.0	5.43	110.0	5.43	110.0	5.43	配当あり	いいえ	8.01	0.71	387.8	2684.0	1796.0	Industrials			OK	通常掲載可	OK	139255.0	4.96	0.72	33.31	0.66	1353.0	252.92	43.49	9.23	3
2573	北海道コカ・コーラボトリング	スタンダード（内国株式）	3050	食料品	1	食品	-	-	3970.0	0.76	30.0	0.76	30.0	0.76	配当あり	いいえ	32.36	1.25	540.2	4425.0	3340.0	Consumer Defensive			OK	通常掲載可	OK	59086.0	4.44	3.91	79.94	0.03	11.0	122.67	24.46	3.96	0
2579	コカ・コーラ　ボトラーズジャパンホールディングス	プライム（内国株式）	3050	食料品	1	食品	4	TOPIX Mid400	4421.0	1.63	72.0	1.63	72.0	1.63	配当あり	いいえ		1.97	7156.7	4483.0	2228.0	Consumer Defensive			OK	通常掲載可	OK	893805.0	-8.11	0.13	54.39	0.35	20725.0	-296.65		-11.06	2
2585	ライフドリンク　カンパニー	プライム（内国株式）	3050	食料品	1	食品	6	TOPIX Small 1	1544.0	1.94	30.0	1.94	30.0	1.94	配当あり	いいえ	23.26	4.87	801.2	3015.0	931.0	Consumer Defensive			OK	通常掲載可	OK	52651.0	10.12	18.22	34.95	1.38	-8274.0	66.39	45.19	22.56	3
2586	フルッタフルッタ	グロース（内国株式）	3050	食料品	1	食品	-	-	110.0						配当未取得		141.03	1.59	124.6	454.0	78.0	Consumer Defensive	配当未取得	1株配当が取得できていない	除外推奨	掲載非推奨	OK_配当データ要確認	3142.5	3.01	23.26	91.92	0.0	-1238.6	0.78		1.65	
2587	サントリービバレッジ＆フード	プライム（内国株式）	3050	食料品	1	食品	4	TOPIX Mid400	4586.0	2.62	120.0	2.62	120.0	2.62	配当あり	いいえ	15.97	1.08	14170.7	5399.0	4104.0	Consumer Defensive			OK	通常掲載可	OK	1715438.0	8.67	1.1	59.33	0.01	65301.0	287.08	41.8	8.1	0
2588	プレミアムウォーターホールディングス	スタンダード（内国株式）	3050	食料品	1	食品	-	-	3785.0	3.17	120.0	3.17	120.0	3.17	配当あり	いいえ	9.62	3.61	815.3	4350.0	3085.0	Utilities			OK	通常掲載可	OK	80323.0	15.75	4.46	23.7	2.43	18969.0	393.26	30.51	29.57	3
2590	ダイドーグループホールディングス	プライム（内国株式）	3050	食料品	1	食品	6	TOPIX Small 1	2692.0	1.11	30.0	1.11	30.0	1.11	配当あり	いいえ		1.3	853.3	2949.0	2400.0	Consumer Defensive			OK	通常掲載可	OK	241236.0	1.73	1.71	39.5	0.6	-1284.0	-957.81		-35.98	1
2593	伊藤園	プライム（内国株式）	3050	食料品	1	食品	4	TOPIX Mid400	2952.0	1.76	52.0	1.76	52.0	1.76	配当あり	いいえ	24.1	1.93	3401.6	3698.0	2630.0	Consumer Defensive			OK	通常掲載可	OK	472716.0	4.86	4.15	50.6	0.42	5752.0	122.51	42.45	2.12	3
25935	伊藤園第１種優先株式	プライム（内国株式）	3050	食料品	1	食品	-	-	1765.0	3.74	66.0	3.74	66.0	3.74	配当あり	いいえ	14.41	1.15	2033.8	1911.0	1756.0	Consumer Defensive			OK	通常掲載可	OK	472716.0	4.86	4.15	50.6	0.42	5752.0	122.49	53.88	2.12	3
2594	キーコーヒー	プライム（内国株式）	3050	食料品	1	食品	7	TOPIX Small 2	1977.0	0.61	12.0	0.61	12.0	0.61	配当あり	いいえ	42.92	1.33	423.5	2078.0	1904.0	Consumer Defensive			OK	通常掲載可	OK	93067.0	1.16	19.65	40.45	0.56	-5120.0	46.06	26.05	3.19	1
2597	ユニカフェ	スタンダード（内国株式）	3050	食料品	1	食品	-	-	1120.0	0.89	10.0	0.89	10.0	0.89	配当あり	いいえ	22.22	2.09	149.9	1187.0	917.0	Consumer Defensive			OK	通常掲載可	OK	16056.2	4.42	24.12	45.78	0.16	1110.4	50.4	19.84	10.97	1
2602	日清オイリオグループ	プライム（内国株式）	3050	食料品	1	食品	6	TOPIX Small 1	1858.0	3.23	60.0	3.23	60.0	3.23	配当あり	いいえ	7.3	0.81	1699.5	2070.0	1628.33	Consumer Defensive			OK	通常掲載可	OK	554251.0	3.07	4.4	46.59	0.61	-18816.0	254.36	23.59	11.66	0
2607	不二製油	プライム（内国株式）	3050	食料品	1	食品	4	TOPIX Mid400	4039.0	1.54	62.0	1.54	62.0	1.54	配当あり	いいえ	31.15	1.45	3472.8	4312.0	2716.5	Consumer Defensive			OK	通常掲載可	OK	772288.0	3.86	15.06	37.71	1.17	-74983.0	129.65	47.82	5.01	0
2612	かどや製油	スタンダード（内国株式）	3050	食料品	1	食品	-	-	1954.0	4.81	94.0	4.81	94.0	4.81	配当あり	いいえ	19.8	1.44	539.5	1969.0	1205.0	Consumer Defensive			OK	通常掲載可	OK	40030.0	9.54	1.47	79.07	0.0	5309.0	98.68	95.26	7.49	0
2613	Ｊ－オイルミルズ	プライム（内国株式）	3050	食料品	1	食品	7	TOPIX Small 2	2066.0	3.87	80.0	3.87	80.0	3.87	配当あり	いいえ	14.39	0.62	684.2	2131.0	1915.0	Consumer Defensive			OK	通常掲載可	OK	226574.0	1.94	-1.82	66.48	0.18	-3229.0	143.59	55.71	4.4	3
261A	日水コン	スタンダード（内国株式）	9050	サービス業	10	情報通信・サービスその他	-	-	1964.0	3.77	74.0	3.77	74.0	3.77	配当あり	いいえ	13.53	1.52	229.8	3595.0	1918.0	Industrials			OK	通常掲載可	OK	24413.7	9.75	3.74	59.78		2616.6	145.14	50.99	11.54	1
262A	インターメスティック	プライム（内国株式）	6100	小売業	14	小売	7	TOPIX Small 2	2119.0	2.41	51.0	2.41	51.0	2.41	配当あり	いいえ	16.18	2.49	648.4	3200.0	1676.0	Healthcare			OK	通常掲載可	OK	50151.0	11.95	11.83	41.25	0.73	2946.0	130.95	38.95	17.11	1
264A	Ｓｃｈｏｏ	グロース（内国株式）	9050	サービス業	10	情報通信・サービスその他	-	-	265.0						配当未取得		32.68	1.76	32.5	883.0	241.0	Consumer Defensive	配当未取得	1株配当が取得できていない	除外推奨	掲載非推奨	OK_配当データ要確認	3360.1	8.64	17.78	57.92	0.33	117.0	8.11		14.0	
2652	まんだらけ	スタンダード（内国株式）	6100	小売業	14	小売	-	-	424.0	0.24	1.0	0.24	1.0	0.24	配当あり	いいえ	9.59	4.55	137.4	443.0	286.0	Consumer Cyclical			OK	通常掲載可	OK	15183.1	11.8	5.03	62.53	0.42	-126.9	44.22	2.26	9.16	0
2653	イオン九州	スタンダード（内国株式）	6100	小売業	14	小売	-	-	2821.0	1.77	50.0	1.77	50.0	1.77	配当あり	いいえ	16.16	1.6	964.2	3135.0	2745.0	Consumer Cyclical			OK	通常掲載可	OK	547144.0	1.97	2.92	29.27	0.79	-3750.0	174.62	28.63	9.43	0
2654	アスモ	スタンダード（内国株式）	6100	小売業	14	小売	-	-	399.0	2.51	10.0	2.51	10.0	2.51	配当あり	いいえ	11.54	0.77	53.7	421.0	357.0	Consumer Defensive			OK	通常掲載可	OK	21236.7	3.07	3.44	70.02	0.01	465.5	34.59	28.91	7.04	0
2656	ベクターホールディングス	スタンダード（内国株式）	6100	小売業	14	小売	-	-	165.0						配当未取得			4.56	49.4	262.0	114.0	Communication Services	配当未取得	1株配当が取得できていない	除外推奨	掲載非推奨	OK_配当データ要確認	162.1	-354.12	2.09	67.11	0.01	-218.9	-23.03		-83.18	
2659	サンエー	プライム（内国株式）	6100	小売業	14	小売	6	TOPIX Small 1	3185.0	3.45	110.0	3.45	110.0	3.45	配当あり	いいえ	18.45	1.26	1956.5	3485.0	2632.0	Consumer Cyclical			OK	通常掲載可	OK	237155.0	7.14	4.21	78.71	0.0	8737.0	172.63	63.72	7.38	19
265A	Ｈｍｃｏｍｍ	グロース（内国株式）	5250	情報・通信業	10	情報通信・サービスその他	-	-	715.0						配当未取得		161.4	1.74	28.8	1733.0	580.0	Technology	配当未取得	1株配当が取得できていない	除外推奨	掲載非推奨	OK_配当データ要確認	1112.2	3.47	17.53	80.71	0.0	267.9	4.43		1.09	
2664	カワチ薬品	プライム（内国株式）	6100	小売業	14	小売	6	TOPIX Small 1	3390.0	2.95	100.0	2.95	100.0	2.95	配当あり	いいえ	23.7	0.65	757.1	3630.0	2731.0	Healthcare			OK	通常掲載可	OK	284492.0	2.38	-1.15	58.07	0.14	4542.0	143.06	69.9	2.78	0
2666	オートウェーブ	スタンダード（内国株式）	6100	小売業	14	小売	-	-	168.0	2.38	4.0	2.38	4.0	2.38	配当あり	いいえ	5.5	0.7	24.3	184.0	144.0	Consumer Cyclical			OK	通常掲載可	OK	9835.8	3.24	10.87	52.88	0.45	508.6	30.56	13.09	4.0	0
2667	イメージ　ワン	スタンダード（内国株式）	6050	卸売業	13	商社・卸売	-	-	132.0						配当未取得			1.18	20.0	348.0	111.0	Technology	配当未取得	1株配当が取得できていない	除外推奨	掲載非推奨	OK_配当データ要確認	866.6	-47.36	-44.56	51.54	0.01	-459.4	-37.36		-54.61	
2668	タビオ	スタンダード（内国株式）	6050	卸売業	13	商社・卸売	-	-	1262.0	2.38	30.0	2.38	30.0	2.38	配当あり	いいえ	15.04	1.6	85.6	1345.0	1180.0	Consumer Cyclical			OK	通常掲載可	OK	16812.4	5.26	-0.24	60.26	0.14	658.9	83.92	35.75	11.16	0
2669	カネ美食品	スタンダード（内国株式）	6100	小売業	14	小売	-	-	4010.0	0.95	38.0	0.95	38.0	0.95	配当あり	いいえ	21.23	1.59	379.6	4085.0	3245.0	Consumer Defensive			OK	通常掲載可	OK	86653.5	3.18	-4.23	77.92	0.0	-1213.8	188.87	20.12	4.17	0
2670	エービーシー・マート	プライム（内国株式）	6100	小売業	14	小売	4	TOPIX Mid400	2800.0	2.86	80.0	2.86	80.0	2.86	配当あり	いいえ	14.97	1.74	6933.3	3270.0	2375.5	Consumer Cyclical			OK	通常掲載可	OK	378624.0	16.72	1.73	87.45	0.0	27510.0	187.04	42.77	12.07	2
2673	夢みつけ隊	スタンダード（内国株式）	6100	小売業	14	小売	-	-	96.0						配当未取得		6.27	0.34	9.7	405.0	84.0	Consumer Cyclical	配当未取得	1株配当が取得できていない	除外推奨	掲載非推奨	OK_配当データ要確認	251.2	-5.29	-53.58	73.51	0.29	-59.3	15.31		5.79	
2674	ハードオフコーポレーション	プライム（内国株式）	6100	小売業	14	小売	7	TOPIX Small 2	2632.0	3.5	92.0	3.5	92.0	3.5	配当あり	いいえ	14.54	1.81	366.2	2731.0	1674.0	Consumer Cyclical			OK	通常掲載可	OK	39277.0	8.62	17.14	63.98	0.31	958.1	181.08	50.81	13.05	4
2676	高千穂交易	プライム（内国株式）	6050	卸売業	13	商社・卸売	7	TOPIX Small 2	2136.0	3.56	76.0	3.56	76.0	3.56	配当あり	いいえ	inf	2.27	399.0	2183.0	1873.0	Industrials			OK	通常掲載可	OK	29510.8	7.11	5.03	68.47	0.05	1820.2	0.0		8.22	5
2678	アスクル	プライム（内国株式）	6100	小売業	14	小売	6	TOPIX Small 1	1226.0	1.63	20.0	1.63	20.0	1.63	配当あり	いいえ		1.97	1097.7	1667.0	1051.0	Consumer Cyclical			OK	通常掲載可	OK	481101.0	2.91	2.0	34.15	0.47	-2540.0	-16.31		-15.32	0
2681	ゲオホールディングス	プライム（内国株式）	6100	小売業	14	小売	6	TOPIX Small 1	2040.0	1.67	34.0	1.67	34.0	1.67	配当あり	いいえ	9.3	0.83	811.6	2146.0	1554.0	Consumer Cyclical			OK	通常掲載可	OK	481249.0	2.96	12.53	33.22	1.48	3603.0	219.3	15.5	9.36	0
2683	魚喜	スタンダード（内国株式）	6100	小売業	14	小売	-	-	1001.0	1.0	10.0	1.0	10.0	1.0	配当あり	いいえ	82.66	2.8	25.2	1064.0	990.0	Consumer Defensive			OK	通常掲載可	OK	9492.6	0.93	-4.44	29.69	0.98	111.5	12.11	82.58	3.39	0
2685	アンドエスティＨＤ	プライム（内国株式）	6100	小売業	14	小売	6	TOPIX Small 1	3530.0	2.55	90.0	2.55	90.0	2.55	配当あり	いいえ	17.15	2.0	1628.3	3605.0	2569.0	Consumer Cyclical			OK	通常掲載可	OK	304351.0	5.43	3.84	58.3	0.09	6719.0	205.8	43.73	11.17	5
2686	ジーフット	スタンダード（内国株式）	6100	小売業	14	小売	-	-							配当未取得								yfinanceデータなし	yfinanceで株価・配当データが取得できなかった	除外推奨	掲載非推奨	データなし										
2687	シー・ヴイ・エス・ベイエリア	スタンダード（内国株式）	9050	サービス業	10	情報通信・サービスその他	-	-	481.0	4.16	20.0	4.16	20.0	4.16	配当あり	いいえ		0.76	23.7	660.0	471.0	Consumer Defensive			OK	通常掲載可	OK	7902.1	1.65	1.01	30.14	1.83	-233.9	-230.93		-30.36	4
2689	オルバヘルスケアホールディングス	スタンダード（内国株式）	6050	卸売業	13	商社・卸売	-	-	1903.0	4.2	80.0	4.2	80.0	4.2	配当あり	いいえ	9.15	0.9	112.8	2238.0	1780.0	Healthcare			OK	通常掲載可	OK	118564.9	1.88	7.33	26.31	0.14	1607.2	208.0	38.46	11.25	0
268A	リガク・ホールディングス	プライム（内国株式）	3750	精密機器	9	電機・精密	6	TOPIX Small 1	2426.0	0.78	19.0	0.78	19.0	0.78	配当あり	いいえ	56.81	6.28	5493.0	3400.0	717.0	Technology			OK	通常掲載可	OK	94193.0	17.74	3.91	47.73	0.7	2734.0	42.7	44.5	11.64	1
2693	ＹＫＴ	スタンダード（内国株式）	6050	卸売業	13	商社・卸売	-	-	369.0	1.36	5.0	1.36	5.0	1.36	配当あり	いいえ	76.88	0.53	42.8	548.0	221.0	Industrials			OK	通常掲載可	OK	13386.4	-1.49	12.2	46.51	0.49	789.1	4.8	104.17	4.3	0
2694	焼肉坂井ホールディングス	スタンダード（内国株式）	6100	小売業	14	小売	-	-	70.0	0.71	0.5	0.71	0.5	0.71	配当あり	いいえ		2.65	165.0	75.0	69.0	Consumer Cyclical			OK	通常掲載可	OK	24249.7	0.65	3.05	35.55	1.2	-720.8	-1.78		-6.44	0
2695	くら寿司	プライム（内国株式）	6100	小売業	14	小売	6	TOPIX Small 1	1614.0	0.93	15.0	0.93	15.0	0.93	配当あり	いいえ	36.77	1.9	1282.9	2097.5	1514.0	Consumer Cyclical			OK	通常掲載可	OK	245109.0	2.23	4.32	41.64	0.63	3813.0	43.9	34.17	4.18	0
2698	キャンドゥ	スタンダード（内国株式）	6100	小売業	14	小売	7	TOPIX Small 2	3530.0	0.48	17.0	0.48	17.0	0.48	配当あり	いいえ	126.57	5.36	564.8	3925.0	3110.0	Consumer Defensive			OK	通常掲載可	OK	87057.0	1.77	4.41	31.92	0.38	2508.0	27.89	60.95	4.26	0
269A	Ｓａｐｅｅｔ	グロース（内国株式）	5250	情報・通信業	10	情報通信・サービスその他	-	-	2236.0						配当未取得		19.72	5.57	36.6	3095.0	1965.0	Technology	配当未取得	1株配当が取得できていない	除外推奨	掲載非推奨	OK_配当データ要確認	996.3	5.54	56.91	83.37	0.0	-56.6	113.37		33.65	
2700	木徳神糧	スタンダード（内国株式）	6050	卸売業	13	商社・卸売	-	-	1798.0	2.78	50.0	2.78	50.0	2.78	配当あり	いいえ	2.66	0.72	147.1	6600.0	1719.0	Consumer Defensive			OK	通常掲載可	OK	176191.3	4.56	48.06	36.09	0.82	-1743.9	675.33	7.4	26.89	4
2702	日本マクドナルドホールディングス	スタンダード（内国株式）	6100	小売業	14	小売	-	-	7650.0	0.84	64.0	0.84	64.0	0.84	配当あり	いいえ	30.03	3.58	10171.3	8780.0	5770.0	Consumer Cyclical			OK	通常掲載可	OK	416602.0	12.78	2.74	76.95	0.0	12416.0	254.75	25.12	13.86	3
2705	大戸屋ホールディングス	スタンダード（内国株式）	6100	小売業	14	小売	-	-	7700.0	0.52	40.0	0.52	40.0	0.52	配当あり	いいえ	45.25	13.6	558.9	8100.0	5260.0	Consumer Cyclical			OK	通常掲載可	OK	37016.0	5.78	17.94	34.5	0.24	1595.0	170.17	23.51	28.1	1
2708	久世	スタンダード（内国株式）	6050	卸売業	13	商社・卸売	-	-	1970.0	2.28	45.0	2.28	45.0	2.28	配当あり	いいえ	5.18	0.94	91.1	2449.0	1611.0	Consumer Defensive			OK	通常掲載可	OK	73503.0	3.0	7.2	39.09	0.18	826.0	380.21	11.84	20.0	0
2721	ジェイホールディングス	スタンダード（内国株式）	6050	卸売業	13	商社・卸売	-	-	122.0						配当未取得			8.32	12.6	288.0	107.0	Real Estate	配当未取得	1株配当が取得できていない	除外推奨	掲載非推奨	OK_配当データ要確認	189.6	-163.78	5.59	22.45	0.0	-529.4	-29.72		-246.81	
2722	ＩＫホールディングス	スタンダード（内国株式）	6100	小売業	14	小売	-	-	357.0	2.52	9.0	2.52	9.0	2.52	配当あり	いいえ	11.24	1.04	27.0	575.0	349.0	Consumer Defensive			OK	通常掲載可	OK	15211.4	2.8	8.27	39.3	0.7	27.9	31.77	28.33	12.65	1
2726	パルグループホールディングス	プライム（内国株式）	6100	小売業	14	小売	6	TOPIX Small 1	1514.0	2.64	40.0	2.64	40.0	2.64	配当あり	いいえ	14.84	3.15	2629.0	2948.0	1325.0	Consumer Cyclical			OK	通常掲載可	OK	234704.0	11.57	12.93	50.79	0.29	17757.0	102.04	39.2	22.41	4
2730	エディオン	プライム（内国株式）	6100	小売業	14	小売	6	TOPIX Small 1	2212.0	2.26	50.0	2.26	50.0	2.26	配当あり	いいえ	15.15	1.0	2339.0	2699.0	1888.0	Consumer Cyclical			OK	通常掲載可	OK	768129.0	3.05	6.52	51.17	0.37	28879.0	145.99	34.25	6.79	2
2733	あらた	プライム（内国株式）	6050	卸売業	13	商社・卸売	6	TOPIX Small 1	2511.0	4.46	112.0	4.46	112.0	4.46	配当あり	いいえ	8.29	0.68	840.6	3275.0	2369.0	Consumer Cyclical			OK	通常掲載可	OK	1004749.0	1.31	1.88	35.68	0.43	10169.0	302.83	36.98	8.42	6
2734	サーラコーポレーション	プライム（内国株式）	6100	小売業	14	小売	7	TOPIX Small 2	1093.0	3.02	33.0	3.02	33.0	3.02	配当あり	いいえ	11.95	0.74	694.5	1228.0	908.0	Industrials			OK	通常掲載可	OK	251533.0	2.93	4.59	42.0	0.67	4810.0	91.48	36.07	7.49	2
2735	ワッツ	スタンダード（内国株式）	6100	小売業	14	小売	-	-	632.0	2.37	15.0	2.37	15.0	2.37	配当あり	いいえ	10.09	0.63	83.9	724.0	591.0	Consumer Defensive			OK	通常掲載可	OK	61578.8	2.31	0.52	47.36	0.26	-2814.0	62.63	23.95	6.32	2
2736	フェスタリアホールディングス	スタンダード（内国株式）	6100	小売業	14	小売	-	-	686.0	1.02	7.0	1.02	7.0	1.02	配当あり	いいえ	18.38	1.42	24.6	737.0	558.0	Consumer Cyclical			OK	通常掲載可	OK	9403.1	3.08	1.04	23.15	2.0	151.0	37.32	18.76	8.51	1
2737	トーメンデバイス	プライム（内国株式）	6050	卸売業	13	商社・卸売	7	TOPIX Small 2	16730.0	3.59	600.0	3.59	600.0	3.59	配当あり	いいえ	11.36	1.92	1137.8	18800.0	5750.0	Technology			OK	通常掲載可	OK	633668.0	2.96	50.28	17.17	2.0	-97581.0	1472.24	40.75	18.4	1
2742	ハローズ	プライム（内国株式）	6100	小売業	14	小売	7	TOPIX Small 2	3750.0	1.92	72.0	1.92	72.0	1.92	配当あり	いいえ	8.95	1.01	800.6	5290.0	3580.0	Consumer Defensive			OK	通常掲載可	OK	225718.0	5.53	7.1	57.15	0.14	13270.0	418.88	17.19	11.71	8
2747	北雄ラッキー	スタンダード（内国株式）	6100	小売業	14	小売	-	-	3080.0	1.62	50.0	1.62	50.0	1.62	配当あり	いいえ	35.97	0.98	38.9	3480.0	2943.0	Consumer Defensive			OK	通常掲載可	OK	37444.8	0.61	0.77	34.03	0.99	1067.6	85.62	58.4	6.05	0
2749	ＪＰホールディングス	プライム（内国株式）	9050	サービス業	10	情報通信・サービスその他	6	TOPIX Small 1	607.0	2.22	13.5	2.22	13.5	2.22	配当あり	いいえ	12.12	2.27	519.8	797.0	522.0	Industrials			OK	通常掲載可	OK	43325.9	15.08	5.3	60.02	0.23	6002.6	50.08	26.96	20.19	4
274A	ガーデン	スタンダード（内国株式）	6100	小売業	14	小売	-	-	2230.0	4.04	90.0	4.04	90.0	4.04	配当あり	いいえ	27.55	2.03	159.4	2649.0	2036.0	Consumer Cyclical			OK	通常掲載可	OK	17895.3	7.27	4.29	44.51	0.95	512.5	80.95	111.18	7.37	
2750	石光商事	スタンダード（内国株式）	6050	卸売業	13	商社・卸売	-	-	1261.0	3.97	50.0	3.97	50.0	3.97	配当あり	いいえ	7.73	0.73	98.0	1547.0	1089.0	Consumer Defensive			OK	通常掲載可	OK	76527.3	3.54	17.82	33.79	0.84	2154.9	163.17	30.64	10.26	0
2751	テンポスホールディングス	スタンダード（内国株式）	6050	卸売業	13	商社・卸売	-	-	3670.0	0.25	9.0	0.25	9.0	0.25	配当あり	いいえ	23.75	2.48	441.9	4070.0	3310.0	Consumer Cyclical			OK	通常掲載可	OK	47055.0	5.67	26.92	61.2	0.12	697.0	154.51	5.82	11.03	0
2752	フジオフードグループ本社	プライム（内国株式）	6100	小売業	14	小売	6	TOPIX Small 1	1079.0	0.28	3.0	0.28	3.0	0.28	配当あり	いいえ	623.7	6.31	553.2	1194.0	1045.0	Consumer Cyclical			OK	通常掲載可	OK	31932.0	2.27	1.94	35.52	1.02	16.0	1.73	173.41	0.83	1
2753	あみやき亭	プライム（内国株式）	6100	小売業	14	小売	7	TOPIX Small 2	1316.0	2.58	34.0	2.58	34.0	2.58	配当あり	いいえ	21.28	1.2	270.4	1595.0	1267.0	Consumer Cyclical			OK	通常掲載可	OK	37711.0	5.86	6.73	75.93	0.08	2023.0	61.85	54.97	5.71	3
2760	東京エレクトロン　デバイス	プライム（内国株式）	6050	卸売業	13	商社・卸売	6	TOPIX Small 1	3875.0	3.56	138.0	3.56	138.0	3.56	配当あり	いいえ	14.58	2.16	1141.2	4495.0	2467.0	Technology			OK	通常掲載可	OK	203748.0	5.03	-5.84	32.57	0.56	15303.0	265.83	51.91	15.34	0
2762	ＳＡＮＫＯ　ＭＡＲＫＥＴＩＮＧ　ＦＯＯＤＳ	スタンダード（内国株式）	6100	小売業	14	小売	-	-	87.0						配当未取得			18.59	35.3	109.0	87.0	Consumer Cyclical	配当未取得	1株配当が取得できていない	除外推奨	掲載非推奨	OK_配当データ要確認	9679.0	-6.88	3.76	13.0	1.58	-642.0	-23.42		-304.05	0
2763	エフティグループ	スタンダード（内国株式）	6050	卸売業	13	商社・卸売	-	-	1070.0	6.54	70.0	6.54	70.0	6.54	配当あり	いいえ	4.92	0.9	318.1	1333.0	996.0	Technology			OK	通常掲載可	OK	34625.0	26.81	-5.08	73.52	0.12	6272.0	217.32	32.21	19.84	0
2764	ひらまつ	スタンダード（内国株式）	6100	小売業	14	小売	-	-	146.0	1.67	2.44	1.67	2.44	1.67	配当あり	いいえ	46.95	1.69	103.1	180.0	107.0	Consumer Cyclical			OK	通常掲載可	OK	10662.8	2.34	-23.06	48.55	0.65	-509.2	3.11	78.46	3.65	0
2767	円谷フィールズホールディングス	プライム（内国株式）	6050	卸売業	13	商社・卸売	6	TOPIX Small 1	1378.0	5.08	70.0	5.08	70.0	5.08	配当あり	いいえ	6.59	1.4	857.8	2498.0	1321.0	Consumer Cyclical			OK	通常掲載可	OK	174142.0	10.02	23.87	59.17	0.15	5346.0	209.18	33.46	21.54	4
2768	双日	プライム（内国株式）	6050	卸売業	13	商社・卸売	4	TOPIX Mid400	5227.0	3.44	180.0	3.44	180.0	3.44	配当あり	いいえ	10.56	1.0	10875.3	7257.0	3539.0	Industrials			OK	通常掲載可	OK	2509714.0	3.02	3.94	31.39	1.23	-63592.0	495.0	36.36	9.96	4
2769	ヴィレッジヴァンガードコーポレーション	スタンダード（内国株式）	6100	小売業	14	小売	-	-	880.0						配当未取得			2.83	69.0	1055.0	808.0	Consumer Cyclical	配当未取得	1株配当が取得できていない	除外推奨	掲載非推奨	OK_配当データ要確認	24962.0	-3.75	0.66	10.76	5.08	331.0	-454.26		-67.07	0
276A	ククレブ・アドバイザーズ	グロース（内国株式）	8050	不動産業	17	不動産	-	-	3425.0	0.79	27.0	0.79	27.0	0.79	配当あり	いいえ	108.7	3.83	173.2	8190.0	2472.0	Technology			OK	通常掲載可	OK	2555.0	23.99	101.24	55.27	0.69	-499.7	31.51	85.69	3.52	
2776	新都ホールディングス	スタンダード（内国株式）	6050	卸売業	13	商社・卸売	-	-	95.0						配当未取得		43.58	1.52	50.7	188.0	89.0	Consumer Cyclical	配当未取得	1株配当が取得できていない	除外推奨	掲載非推奨	OK_配当データ要確認	27939.6	2.12	127.21	24.31	1.7	-580.6	2.18		15.28	
2778	パレモ・ホールディングス	スタンダード（内国株式）	6100	小売業	14	小売	-	-	111.0						配当未取得		75.51	0.85	13.2	179.0	105.0	Consumer Cyclical	配当未取得	1株配当が取得できていない	除外推奨	掲載非推奨	OK_配当データ要確認	14082.6	1.35	-6.37	25.34	1.04	-439.0	1.47		3.62	0
277A	グロービング	プライム（内国株式）	9050	サービス業	10	情報通信・サービスその他	7	TOPIX Small 2	2262.0	1.33	30.0	1.33	30.0	1.33	配当あり	いいえ	29.33	8.79	643.1	3420.0	1869.0	Industrials			OK	通常掲載可	OK	8255.9	33.92	97.73	65.61		2655.6	77.13	38.9	29.97	
2780	コメ兵ホールディングス	スタンダード（内国株式）	6100	小売業	14	小売	-	-	4875.0	2.22	108.0	2.22	108.0	2.22	配当あり	いいえ	9.75	1.43	535.7	6040.0	2650.0	Real Estate			OK	通常掲載可	OK	221707.2	4.19	39.44	34.21	1.6	-5003.8	500.18	21.59	15.5	5
2782	セリア	スタンダード（内国株式）	6100	小売業	14	小売	-	-	3580.0	2.23	80.0	2.23	80.0	2.23	配当あり	いいえ	16.34	2.42	2243.6	4435.0	2788.0	Consumer Defensive			OK	通常掲載可	OK	255695.0	8.2	8.2	72.15	0.01	11177.0	219.1	36.51	14.64	0
2784	アルフレッサ　ホールディングス	プライム（内国株式）	6050	卸売業	13	商社・卸売	4	TOPIX Mid400	2178.0	3.31	72.0	3.31	72.0	3.31	配当あり	いいえ	9.49	0.78	3820.4	2685.5	1978.0	Healthcare			OK	通常掲載可	OK	3104064.0	1.17	4.83	33.67	0.07	10041.0	229.56	31.36	8.45	0
2788	アップルインターナショナル	スタンダード（内国株式）	6050	卸売業	13	商社・卸売	-	-	379.0	2.64	10.0	2.64	10.0	2.64	配当あり	いいえ	6.2	0.46	49.0	397.0	327.0	Consumer Cyclical			OK	通常掲載可	OK	40809.5	1.39	-6.82	49.99	0.79	-110.5	61.09	16.37	10.77	0
2789	カルラ	スタンダード（内国株式）	6100	小売業	14	小売	-	-	463.0	1.08	5.0	1.08	5.0	1.08	配当あり	いいえ	11.12	1.22	26.7	513.0	445.0	Consumer Cyclical			OK	通常掲載可	OK	7544.6	4.07	3.87	40.3	1.05	87.5	41.62	12.01	11.48	0
278A	Ｔｅｒｒａ　Ｄｒｏｎｅ	グロース（内国株式）	3750	精密機器	9	電機・精密	-	-	8410.0						配当未取得			18.13	819.6	19610.0	2000.0	Industrials	配当未取得	1株配当が取得できていない	除外推奨	掲載非推奨	OK_配当データ要確認	4782.6	-23.92	7.82	70.27	0.09	-1716.8	-259.87		-51.78	
2790	ナフコ	スタンダード（内国株式）	6100	小売業	14	小売	-	-	2189.0	2.65	58.0	2.65	58.0	2.65	配当あり	いいえ	238.19	0.35	538.1	2375.0	1774.0	Consumer Cyclical			OK	通常掲載可	OK	175272.0	0.93	-3.62	70.77	0.15	-3068.0	9.19	631.12	0.14	0
2791	大黒天物産	プライム（内国株式）	6100	小売業	14	小売	6	TOPIX Small 1	4320.0	0.81	35.0	0.81	35.0	0.81	配当あり	いいえ	10.76	0.96	579.4	8300.0	3965.0	Consumer Defensive			OK	通常掲載可	OK	292940.0	3.35	8.47	52.36	0.25	-4863.0	401.33	8.72	7.8	2
2792	ハニーズホールディングス	プライム（内国株式）	6100	小売業	14	小売	7	TOPIX Small 2	1407.0	3.91	55.0	3.91	55.0	3.91	配当あり	いいえ	11.47	0.83	392.2	1601.0	1315.0	Consumer Cyclical			OK	通常掲載可	OK	57701.3	10.24	2.0	84.36		2889.6	122.69	44.83	6.88	0
2795	日本プリメックス	スタンダード（内国株式）	6050	卸売業	13	商社・卸売	-	-	959.0	2.61	25.0	2.61	25.0	2.61	配当あり	いいえ	11.14	0.59	49.6	975.0	852.0	Industrials			OK	通常掲載可	OK	7043.6	6.9	-0.71	77.15		331.5	86.12	29.03	5.54	0
2796	ファーマライズホールディングス	スタンダード（内国株式）	6100	小売業	14	小売	-	-	480.0	2.92	14.0	2.92	14.0	2.92	配当あり	いいえ	47.86	0.81	55.2	558.0	471.0	Healthcare			OK	通常掲載可	OK	63508.0	0.46	16.6	21.51	2.08	609.0	10.03	139.58	1.57	0
2798	ワイズテーブルコーポレーション	スタンダード（内国株式）	6100	小売業	14	小売	-	-	2998.0						配当未取得		48.08	11.21	98.9	3030.0	2861.0	Consumer Cyclical	配当未取得	1株配当が取得できていない	除外推奨	掲載非推奨	OK_配当データ要確認	13046.3	1.91	7.64	17.39	1.88	33.8	62.36		26.3	
2801	キッコーマン	プライム（内国株式）	3050	食料品	1	食品	4	TOPIX Mid400	1631.5	1.53	25.0	1.53	25.0	1.53	配当あり	いいえ	24.75	2.69	15116.5	1690.5	1202.0	Consumer Defensive			OK	通常掲載可	OK	745539.0	10.19	5.16	74.62	0.11	30896.0	65.91	37.93	11.46	5
2802	味の素	プライム（内国株式）	3050	食料品	1	食品	2	TOPIX Large70	6167.0	0.81	50.0	0.81	50.0	0.81	配当あり	いいえ	44.64	7.67	58948.2	6311.0	3270.0	Consumer Defensive			OK	通常掲載可	OK	1583719.0	12.08	3.47	42.53	0.55	114808.0	138.14	36.2	17.5	5
2804	ブルドックソース	プライム（内国株式）	3050	食料品	1	食品	7	TOPIX Small 2	1752.0	2.85	50.0	2.85	50.0	2.85	配当あり	いいえ	9.21	0.87	220.9	2230.0	1688.0	Consumer Defensive			OK	通常掲載可	OK	14688.7	4.17	0.49	67.71	0.17	1375.1	190.27	26.28	10.45	1
2805	ヱスビー食品	スタンダード（内国株式）	3050	食料品	1	食品	-	-	5430.0	1.1	60.0	1.1	60.0	1.1	配当あり	いいえ	15.6	1.39	1312.7	5870.0	2981.0	Consumer Defensive			OK	通常掲載可	OK	129022.0	8.0	4.45	60.21	0.25	6436.0	348.06	17.24	9.64	9
2806	ユタカフーズ	スタンダード（内国株式）	3050	食料品	1	食品	-	-	1864.0	2.15	40.0	2.15	40.0	2.15	配当あり	いいえ	63.29	0.56	129.5	2350.0	1800.0	Consumer Defensive			OK	通常掲載可	OK	14987.0	0.99	3.69	86.28	0.0	-7297.0	29.45	135.82	0.9	0
2809	キユーピー	プライム（内国株式）	3050	食料品	1	食品	4	TOPIX Mid400	4416.0	1.49	66.0	1.49	66.0	1.49	配当あり	いいえ	20.0	1.88	6021.2	4700.0	3787.0	Consumer Defensive			OK	通常掲載可	OK	513417.0	6.74	6.08	67.44	0.06	15272.0	220.8	29.89	7.76	3
280A	ＴＭＨ	グロース（内国株式）	6050	卸売業	13	商社・卸売	-	-	2020.0						配当未取得		32.89	5.53	75.1	3300.0	871.0	Technology	配当未取得	1株配当が取得できていない	除外推奨	掲載非推奨	OK_配当データ要確認	8326.9	3.92	38.38	51.22	0.27	-2392.6	61.41		22.57	
2810	ハウス食品グループ本社	プライム（内国株式）	3050	食料品	1	食品	4	TOPIX Mid400	3850.0	2.6	100.0	2.6	100.0	2.6	配当あり	いいえ	48.31	1.19	3461.1	3879.0	2756.0	Consumer Defensive			OK	通常掲載可	OK	316977.0	5.76	0.49	66.96	0.06	9940.0	79.7	125.47	2.71	0
2811	カゴメ	プライム（内国株式）	3050	食料品	1	食品	4	TOPIX Mid400	2658.5	2.18	58.0	2.18	58.0	2.18	配当あり	いいえ	16.5	1.27	2403.5	3009.0	2492.5	Consumer Defensive			OK	通常掲載可	OK	294264.0	7.58	-4.11	50.7	0.43	15537.0	161.11	36.0	7.7	0
2813	和弘食品	スタンダード（内国株式）	3050	食料品	1	食品	-	-	4020.0	5.22	210.0	5.22	210.0	5.22	配当あり	いいえ	8.7	0.97	100.3	4140.0	2946.0	Consumer Defensive			OK	通常掲載可	OK	17343.3	9.03	6.73	62.5	0.31	53.7	462.3	45.43	12.22	3
2814	佐藤食品工業	スタンダード（内国株式）	3050	食料品	1	食品	-	-	3085.0	1.82	56.0	1.82	56.0	1.82	配当あり	いいえ	15.85	0.86	110.7	3750.0	2340.0	Consumer Defensive			OK	通常掲載可	OK	6832.5	11.1	7.42	88.21	0.03	765.8	194.66	28.77	3.73	4
2815	アリアケジャパン	プライム（内国株式）	3050	食料品	1	食品	6	TOPIX Small 1	5130.0	4.68	240.0	4.68	240.0	4.68	配当あり	いいえ	17.27	1.23	1633.9	6890.0	4940.0	Consumer Defensive			OK	通常掲載可	OK	66957.0	17.6	2.38	88.27	0.0	6740.6	297.03	80.8	7.28	4
2816	ダイショー	スタンダード（内国株式）	3050	食料品	1	食品	-	-	1403.0	1.43	20.0	1.43	20.0	1.43	配当あり	いいえ	29.76	2.09	135.4	1430.0	1393.0	Consumer Defensive			OK	通常掲載可	OK	27489.0	2.5	4.76	49.35	0.48	-1844.0	47.14	42.43	9.38	0
2818	ピエトロ	スタンダード（内国株式）	3050	食料品	1	食品	-	-	1739.0	1.38	24.0	1.38	24.0	1.38	配当あり	いいえ		1.94	120.5	1800.0	1720.0	Consumer Defensive			OK	通常掲載可	OK	12146.1	1.62	9.08	43.36	0.89	-3636.4	-4.7		-0.51	0
2819	エバラ食品工業	スタンダード（内国株式）	3050	食料品	1	食品	7	TOPIX Small 2	2420.0	2.07	50.0	2.07	50.0	2.07	配当あり	いいえ	13.25	0.65	235.7	2836.0	2308.0	Consumer Defensive			OK	通常掲載可	OK	50005.0	4.81	4.26	70.98	0.01	1369.0	182.71	27.37	5.08	1
281A	インフォメティス	グロース（内国株式）	5250	情報・通信業	10	情報通信・サービスその他	-	-	626.0						配当未取得			3.78	36.3	2185.0	306.0	Technology	配当未取得	1株配当が取得できていない	除外推奨	掲載非推奨	OK_配当データ要確認	530.0	-118.62	-46.05	35.54	1.46	-707.9	-147.92		-66.06	
2820	やまみ	スタンダード（内国株式）	3050	食料品	1	食品	-	-	5060.0	1.62	82.0	1.62	82.0	1.62	配当あり	いいえ	19.23	3.11	352.5	5460.0	3510.0	Consumer Defensive			OK	通常掲載可	OK	21064.6	8.2	10.86	65.28	0.22	120.0	263.12	31.16	15.59	0
2831	はごろもフーズ	スタンダード（内国株式）	3050	食料品	1	食品	-	-	3465.0	2.02	70.0	2.02	70.0	2.02	配当あり	いいえ	12.36	0.66	326.1	3700.0	3205.0	Consumer Defensive			OK	通常掲載可	OK	75078.0	4.19	0.57	61.78	0.1	1186.5	280.32	24.97	5.79	2
285A	キオクシアホールディングス	プライム（内国株式）	3650	電気機器	9	電機・精密	4	TOPIX Mid400	83300.0						配当未取得		82.64	32.52	455853.0	112700.0	2270.0	Technology	配当未取得	1株配当が取得できていない	除外推奨	掲載非推奨	OK_配当データ要確認	2337628.0	37.23	36.99	37.91	0.9	332866.0	1007.93		51.9	
286A	ユカリア	グロース（内国株式）	9050	サービス業	10	情報通信・サービスその他	-	-	705.0						配当未取得		9.18	1.2	252.5	1044.0	613.0	Healthcare	配当未取得	1株配当が取得できていない	除外推奨	掲載非推奨	OK_配当データ要確認	24734.8	9.56	24.71	31.5	1.43	-2799.1	76.77		13.69	
2871	ニチレイ	プライム（内国株式）	3050	食料品	1	食品	4	TOPIX Mid400	2164.0	2.31	50.0	2.31	50.0	2.31	配当あり	いいえ	19.84	1.89	5423.4	2227.0	1628.0	Consumer Defensive			OK	通常掲載可	OK	716144.0	5.45	2.0	51.39	0.44	16620.0	109.07	45.84	9.94	0
2872	セイヒョー	スタンダード（内国株式）	3050	食料品	1	食品	-	-	2002.0	0.9	18.0	0.9	18.0	0.9	配当あり	いいえ	243.85	1.87	28.1	2359.0	1923.0	Consumer Defensive			OK	通常掲載可	OK	4796.7	0.74	6.96	37.62	0.83	-527.1	8.21	219.24	0.76	2
2874	横浜冷凍	プライム（内国株式）	6050	卸売業	13	商社・卸売	6	TOPIX Small 1	2045.0	1.37	28.0	1.37	28.0	1.37	配当あり	いいえ	38.32	1.41	1209.6	2713.0	883.0	Consumer Defensive			OK	通常掲載可	OK	125563.0	3.38	2.68	38.61	1.34	-8337.0	53.37	52.46	3.85	0
2875	東洋水産	プライム（内国株式）	3050	食料品	1	食品	4	TOPIX Mid400	10535.0	2.09	220.0	2.09	220.0	2.09	配当あり	いいえ	14.77	1.93	10255.0	12405.0	8838.0	Consumer Defensive			OK	通常掲載可	OK	536636.0	15.99	4.76	82.58	0.01	38911.0	713.22	30.85	13.59	4
2876	デルソーレ	スタンダード（内国株式）	3050	食料品	1	食品	-	-	446.0	2.69	12.0	2.69	12.0	2.69	配当あり	いいえ	18.72	1.05	39.7	520.0	407.0	Consumer Defensive			OK	通常掲載可	OK	14620.3	2.94	-5.09	60.81	0.01	-839.7	23.82	50.38	7.06	2
2877	日東ベスト	スタンダード（内国株式）	3050	食料品	1	食品	-	-	740.0	1.62	12.0	1.62	12.0	1.62	配当あり	いいえ	17.39	0.53	89.5	771.0	720.0	Consumer Defensive			OK	通常掲載可	OK	57492.7	1.13	2.92	40.63	0.63	1122.2	42.55	28.2	3.28	0
287A	黒田グループ	スタンダード（内国株式）	6050	卸売業	13	商社・卸売	-	-	1101.0	5.72	63.0	5.72	63.0	5.72	配当あり	いいえ	13.37	1.14	467.4	1177.0	831.0	Industrials			OK	通常掲載可	OK	122796.0	5.32	1.21	41.99	0.66	3163.0	82.35	76.5	8.84	
2882	イートアンドホールディングス	プライム（内国株式）	3050	食料品	1	食品	7	TOPIX Small 2	2026.0	0.74	15.0	0.74	15.0	0.74	配当あり	いいえ	61.73	2.06	230.1	2129.0	1912.0	Consumer Cyclical			OK	通常掲載可	OK	40456.0	2.83	8.36	34.44	0.73	-654.0	32.82	45.7	3.1	2
2883	大冷	スタンダード（内国株式）	3050	食料品	1	食品	-	-	1985.0	3.02	60.0	3.02	60.0	3.02	配当あり	いいえ	24.1	1.32	116.3	2079.0	1936.0	Industrials			OK	通常掲載可	OK	25053.4	2.64	-2.64	77.99	0.0	278.3	82.38	72.83	5.47	0
