コード	銘柄名	市場・商品区分	33業種コード	33業種区分	17業種コード	17業種区分	規模コード	規模区分	株価	配当利回り(%)	1株配当(円)	配当利回り_raw	1株配当_raw	配当利回り_自前計算	配当状態	配当フォールバック使用	PER	PBR	時価総額(億円)	52週高値	52週安値	セクター	注意フラグ	要確認理由	配当ランキング利用可否	記事掲載区分	yfinance状態	売上高_直近期(百万円)	営業利益率(%)	売上成長率_YoY(%)	自己資本比率(%)	DEレシオ	FCF(百万円)	EPS(円)	配当性向(%)	ROE(%)	連続増配(年)
7034	プロレド・パートナーズ	プライム（内国株式）	9050	サービス業	10	情報通信・サービスその他	7	TOPIX Small 2	344.0						配当未取得		14.12	0.62	37.6	805.0	320.0	Industrials	配当未取得	1株配当が取得できていない	除外推奨	掲載非推奨	OK_配当データ要確認	12302.7	40.2	158.72	47.8	0.11	5149.2	24.36		15.97	
7035	ａｎｄ　ｆａｃｔｏｒｙ	スタンダード（内国株式）	9050	サービス業	10	情報通信・サービスその他	-	-	248.0						配当未取得			3.45	27.9	326.0	201.0	Technology	配当未取得	1株配当が取得できていない	除外推奨	掲載非推奨	OK_配当データ要確認	3209.0	-8.42	-36.13	44.12	0.4	-488.8	-22.89		-27.14	
7036	イーエムネットジャパン	グロース（内国株式）	9050	サービス業	10	情報通信・サービスその他	-	-	630.0	5.4	34.0	5.59	34.0	5.4	配当あり	いいえ		3.14	24.4	1270.0	585.0	Communication Services			OK	通常掲載可	OK	1594.8	82.49	19.94	33.26	0.0	-191.9	-116.36		-42.42	0
7037	テノ．ホールディングス	スタンダード（内国株式）	9050	サービス業	10	情報通信・サービスその他	-	-	843.0	2.37	20.0	2.37	20.0	2.37	配当あり	いいえ	34.96	2.07	38.5	1311.0	474.0	Healthcare			OK	通常掲載可	OK	18129.0	3.48	13.19	17.3	3.09	803.0	24.11	82.95	9.22	1
7038	フロンティア・マネジメント	プライム（内国株式）	9050	サービス業	10	情報通信・サービスその他	7	TOPIX Small 2	547.0						配当未取得			3.87	64.3	744.0	526.0	Industrials	配当未取得	1株配当が取得できていない	除外推奨	掲載非推奨	OK_配当データ要確認	13489.5	-2.55	45.59	9.47	3.09	-2072.8	-94.08		-10.76	2
7039	ブリッジインターナショナルグループ	グロース（内国株式）	9050	サービス業	10	情報通信・サービスその他	-	-	1686.0	5.63	95.0	5.63	95.0	5.63	配当あり	いいえ	11.3	1.35	59.7	2125.0	1586.0	Industrials			OK	通常掲載可	OK	8564.9	10.2	-0.59	83.55	0.01	385.8	149.21	63.67	12.23	1
7040	サン・ライフホールディング	スタンダード（内国株式）	9050	サービス業	10	情報通信・サービスその他	-	-	955.0	3.56	34.0	3.56	34.0	3.56	配当あり	いいえ	9.43	0.85	58.5	1297.0	902.0	Consumer Cyclical			OK	通常掲載可	OK	14149.6	7.79	2.12	19.2		226.6	101.23	33.59	9.16	0
7041	ＣＲＧホールディングス	グロース（内国株式）	9050	サービス業	10	情報通信・サービスその他	-	-	352.0	5.11	18.0	5.11	18.0	5.11	配当あり	いいえ	50.79	0.66	19.6	398.0	240.0	Industrials			OK	通常掲載可	OK	16420.2	1.7	-3.92	32.23	1.54	-278.6	6.93	259.74	1.27	
7042	アクセスグループ・ホールディングス	スタンダード（内国株式）	9050	サービス業	10	情報通信・サービスその他	-	-	638.0	3.45	22.0	3.45	22.0	3.45	配当あり	いいえ	12.74	1.43	22.0	950.0	528.0	Consumer Cyclical			OK	通常掲載可	OK	3954.3	5.85	10.0	57.33	0.26	97.6	50.08	43.93	12.19	2
7043	アルー	グロース（内国株式）	9050	サービス業	10	情報通信・サービスその他	-	-	931.0	1.18	11.0	1.18	11.0	1.18	配当あり	いいえ	9.89	1.82	23.7	1238.0	759.0	Industrials			OK	通常掲載可	OK	3637.8	9.73	17.77	58.91	0.33	534.3	94.12	11.69	24.13	0
7044	ピアラ	スタンダード（内国株式）	9050	サービス業	10	情報通信・サービスその他	-	-	474.0						配当未取得		17.06	5.3	34.0	678.0	462.0	Communication Services	配当未取得	1株配当が取得できていない	除外推奨	掲載非推奨	OK_配当データ要確認	15731.2	0.26	16.63	13.63	2.57	266.8	27.78		14.09	0
7046	ＴＤＳＥ	グロース（内国株式）	9050	サービス業	10	情報通信・サービスその他	-	-	1300.0	0.77	10.0	0.77	10.0	0.77	配当あり	いいえ	15.58	1.15	27.2	1810.0	1200.0	Technology			OK	通常掲載可	OK	3005.5	7.13	11.35	79.74	0.0	193.3	83.46	11.98	7.59	0
7047	ポート	グロース（内国株式）	9050	サービス業	10	情報通信・サービスその他	-	-	2400.0	1.04	25.0	1.04	25.0	1.04	配当あり	いいえ	11.81	2.98	314.8	2572.0	1760.0	Communication Services			OK	通常掲載可	OK	29100.0	13.87	32.5	29.28	1.3	2289.0	203.28	12.3	8.58	1
7048	ベルトラ	グロース（内国株式）	9050	サービス業	10	情報通信・サービスその他	-	-	172.0						配当未取得		45.03	2.38	63.0	312.0	115.0	Consumer Cyclical	配当未取得	1株配当が取得できていない	除外推奨	掲載非推奨	OK_配当データ要確認	4581.6	2.29	6.43	28.39	0.0	920.2	3.82		3.01	
7049	識学	グロース（内国株式）	9050	サービス業	10	情報通信・サービスその他	-	-	881.0						配当未取得		26.24	2.58	74.1	1017.0	744.0	Industrials	配当未取得	1株配当が取得できていない	除外推奨	掲載非推奨	OK_配当データ要確認	6536.9	7.52	21.75	59.77	0.04	76.9	33.57		42.13	
7050	フロンティアインターナショナル	グロース（内国株式）	9050	サービス業	10	情報通信・サービスその他	-	-	1332.0	5.48	73.0	5.48	73.0	5.48	配当あり	いいえ	9.6	1.2	119.3	1724.0	1040.0	Communication Services			OK	通常掲載可	OK	20335.1	6.28	20.01	61.8	0.03	1601.7	138.79	52.6	14.46	1
7057	エヌ・シー・エヌ	スタンダード（内国株式）	9050	サービス業	10	情報通信・サービスその他	-	-	920.0	3.59	33.0	3.59	33.0	3.59	配当あり	いいえ	18.9	1.3	27.4	1188.0	856.0	Industrials			OK	通常掲載可	OK	8414.2	1.81	3.57	34.99	0.05	284.1	48.67	67.8	7.03	1
7058	共栄セキュリティーサービス	スタンダード（内国株式）	9050	サービス業	10	情報通信・サービスその他	-	-	3120.0	3.85	120.0	3.85	120.0	3.85	配当あり	いいえ	7.05	0.9	45.2	3155.0	2448.0	Industrials			OK	通常掲載可	OK	10113.4	4.79	8.11	71.34	0.11	398.7	442.73	27.1	13.47	0
7059	コプロ・ホールディングス	プライム（内国株式）	9050	サービス業	10	情報通信・サービスその他	-	-	794.0	5.67	45.0	5.67	45.0	5.67	配当あり	いいえ	10.64	3.07	304.3	1203.0	716.0	Industrials			OK	通常掲載可	OK	36661.6	9.91	22.14	20.91	2.95	2352.7	74.64	60.29	31.44	5
7060	ギークス	スタンダード（内国株式）	9050	サービス業	10	情報通信・サービスその他	-	-	585.0	5.81	34.0	5.81	34.0	5.81	配当あり	いいえ	9.33	1.95	59.4	713.0	486.0	Technology			OK	通常掲載可	OK	26375.6	3.32	4.82	38.9	0.64	741.5	62.71	54.22	21.88	1
7061	日本ホスピスホールディングス	グロース（内国株式）	9050	サービス業	10	情報通信・サービスその他	-	-	582.0	4.3	25.0	4.3	25.0	4.3	配当あり	いいえ	17.7	1.38	49.2	1578.0	509.0	Healthcare			OK	通常掲載可	OK	14168.9	5.99	16.95	19.43	3.58	-1367.6	32.88	76.03	8.61	1
7062	フレアス	グロース（内国株式）	9050	サービス業	10	情報通信・サービスその他	-	-	769.0	1.37	10.57	1.37	10.57	1.37	配当あり	いいえ	3.92	0.92	20.1	989.0	713.0	Consumer Cyclical			OK	通常掲載可	OK	7637.5	3.84	0.72	40.44	0.98	564.5	196.17	5.39	27.27	0
7063	Ｂｉｒｄｍａｎ	グロース（内国株式）	9050	サービス業	10	情報通信・サービスその他	-	-	86.0						配当未取得			1.14	29.0	345.0	61.0	Communication Services	配当未取得	1株配当が取得できていない	除外推奨	掲載非推奨	OK_配当データ要確認	2085.5	-88.24	-53.5	-384.89		-2125.2	-23.14		-182.55	
7064	ハウテレビジョン	スタンダード（内国株式）	9050	サービス業	10	情報通信・サービスその他	-	-	855.0						配当未取得		24.45	1.52	23.2	1500.0	752.0	Industrials	配当未取得	1株配当が取得できていない	除外推奨	掲載非推奨	OK_配当データ要確認	2558.1	79.52	18.05	52.96	0.28	238.7	34.97		12.17	
7065	ユーピーアール	スタンダード（内国株式）	9050	サービス業	10	情報通信・サービスその他	-	-	1071.0	3.27	35.0	3.27	35.0	3.27	配当あり	いいえ	11.6	0.87	82.0	1138.0	692.0	Industrials			OK	通常掲載可	OK	15354.2	1.81	-0.7	41.66	1.0	-665.2	92.32	37.91	7.99	3
7066	ピアズ	グロース（内国株式）	9050	サービス業	10	情報通信・サービスその他	-	-	417.0	3.24	13.5	3.24	13.5	3.24	配当あり	いいえ	9.31	1.33	37.5	835.0	363.0	Industrials			OK	通常掲載可	OK	6103.9	9.16	-1.69	61.91	0.28	664.6	44.79	30.14	15.06	4
7067	ブランディングテクノロジー	グロース（内国株式）	9050	サービス業	10	情報通信・サービスその他	-	-	956.0	1.05	10.0	1.05	10.0	1.05	配当あり	いいえ	34.13	1.21	15.3	1538.0	904.0	Communication Services			OK	通常掲載可	OK	5028.7	2.2	9.15	56.94	0.18	48.4	28.01	35.7	3.58	0
7068	フィードフォースグループ	グロース（内国株式）	9050	サービス業	10	情報通信・サービスその他	-	-	553.0	3.62	20.0	3.62	20.0	3.62	配当あり	いいえ	9.35	3.96	132.0	810.0	447.0	Communication Services			OK	通常掲載可	OK	4373.0	36.41	3.41	43.39	0.66	1373.0	59.17	33.8	40.67	1
7069	サイバー・バズ	グロース（内国株式）	9050	サービス業	10	情報通信・サービスその他	-	-	718.0						配当未取得		9.92	5.47	58.5	789.0	350.0	Communication Services	配当未取得	1株配当が取得できていない	除外推奨	掲載非推奨	OK_配当データ要確認	7131.2	4.9	-4.44	24.21	1.62	266.9	72.37		78.47	
7071	アンビスホールディングス	プライム（内国株式）	9050	サービス業	10	情報通信・サービスその他	7	TOPIX Small 2	359.0	1.11	4.0	1.11	4.0	1.11	配当あり	いいえ	12.22	0.93	352.2	845.0	319.0	Healthcare			OK	通常掲載可	OK	49174.0	12.53	15.77	43.04	1.11	-4399.0	29.37	13.62	7.85	0
7072	インティメート・マージャー	グロース（内国株式）	9050	サービス業	10	情報通信・サービスその他	-	-	994.0						配当未取得		17.98	1.89	31.2	1769.0	802.0	Technology	配当未取得	1株配当が取得できていない	除外推奨	掲載非推奨	OK_配当データ要確認	3363.6	6.77	12.3	69.88	0.07	218.0	55.27		16.64	
7073	ジェイック	グロース（内国株式）	9050	サービス業	10	情報通信・サービスその他	-	-	2483.0	2.22	55.0	2.22	55.0	2.22	配当あり	いいえ	18.32	2.39	23.0	2850.0	1915.0	Consumer Defensive			OK	通常掲載可	OK	4475.8	4.54	6.82	34.21	1.11	292.1	135.57	40.57	17.53	1
7074	トゥエンティーフォーセブンホールディングス	グロース（内国株式）	9050	サービス業	10	情報通信・サービスその他	-	-	167.0						配当未取得			25.31	14.2	315.0	163.0	Consumer Cyclical	配当未取得	1株配当が取得できていない	除外推奨	掲載非推奨	OK_配当データ要確認	2094.7	-8.49	-17.12	8.33	0.51	-313.4	-24.73		-177.12	
7075	ＱＬＳホールディングス	グロース（内国株式）	9050	サービス業	10	情報通信・サービスその他	-	-	803.0	1.37	11.0	1.37	11.0	1.37	配当あり	いいえ	11.78	2.9	60.1	874.0	685.0	Industrials			OK	通常掲載可	OK	12024.3	7.32	13.99	36.36	0.95	423.3	68.17	16.14	27.6	0
7077	ＡＬｉＮＫインターネット	グロース（内国株式）	9050	サービス業	10	情報通信・サービスその他	-	-	999.0						配当未取得			1.3	18.1	1221.0	939.0	Communication Services	配当未取得	1株配当が取得できていない	除外推奨	掲載非推奨	OK_配当データ要確認	1016.0	-9.31	14.36	75.45	0.22	-159.6	-150.75		-17.84	
7078	ＩＮＣＬＵＳＩＶＥ　Ｈｏｌｄｉｎｇｓ	グロース（内国株式）	9050	サービス業	10	情報通信・サービスその他	-	-	359.0						配当未取得			2.23	36.1	626.0	332.0	Communication Services	配当未取得	1株配当が取得できていない	除外推奨	掲載非推奨	OK_配当データ要確認	4569.2	-9.07	-6.7	47.33	0.43	-250.7	-17.27		-11.35	
7079	ＷＤＢココ	グロース（内国株式）	9050	サービス業	10	情報通信・サービスその他	-	-	2618.0	7.64	200.0	7.64	200.0	7.64	配当あり	いいえ	9.27	1.32	63.0	3125.0	2500.0	Healthcare			OK	通常掲載可	OK	4815.8	19.88	-9.59	83.85	0.02	521.2	282.48	70.8	14.96	5
7080	スポーツフィールド	グロース（内国株式）	9050	サービス業	10	情報通信・サービスその他	-	-	797.0	2.89	23.0	2.89	23.0	2.89	配当あり	いいえ	7.55	2.2	58.5	1028.0	674.0	Industrials			OK	通常掲載可	OK	4784.9	22.55	24.44	62.55	0.15	823.8	105.52	21.8	35.8	1
7081	コーユーレンティア	スタンダード（内国株式）	9050	サービス業	10	情報通信・サービスその他	-	-	1329.0	2.78	37.0	2.78	37.0	2.78	配当あり	いいえ	7.76	1.16	147.8	1485.0	1050.0	Industrials			OK	通常掲載可	OK	34701.6	8.66	8.91	61.5	0.03	3043.6	171.18	21.61	17.7	5
7082	ジモティー	グロース（内国株式）	9050	サービス業	10	情報通信・サービスその他	-	-	1405.0						配当未取得		29.41	7.53	137.1	1740.0	688.0	Communication Services	配当未取得	1株配当が取得できていない	除外推奨	掲載非推奨	OK_配当データ要確認	1932.0	28.45	8.91	69.13	0.21	428.8	47.77		32.63	
7083	ＡＨＣグループ	グロース（内国株式）	9050	サービス業	10	情報通信・サービスその他	-	-	984.0	1.22	12.0	1.22	12.0	1.22	配当あり	いいえ	2008.16	1.78	20.2	1029.0	700.0	Healthcare			OK	通常掲載可	OK	6660.1	1.64	6.09	19.38	3.56	-88.8	0.49	2448.98	-0.17	1
7084	Ｓｍｉｌｅ　Ｈｏｌｄｉｎｇｓ	グロース（内国株式）	9050	サービス業	10	情報通信・サービスその他	-	-	2764.0	3.8	105.0	3.8	105.0	3.8	配当あり	いいえ	40.32	1.44	88.6	3595.0	1794.0	Consumer Cyclical			OK	通常掲載可	OK	14517.2	2.55	6.3	36.82	1.07	-451.2	68.55	153.17	3.48	
7085	カーブスホールディングス	プライム（内国株式）	9050	サービス業	10	情報通信・サービスその他	6	TOPIX Small 1	919.0	2.18	20.0	2.18	20.0	2.18	配当あり	いいえ	19.12	3.69	846.3	940.0	664.0	Consumer Cyclical			OK	通常掲載可	OK	37566.0	16.88	5.92	51.42	0.27	5517.0	48.06	41.61	20.46	4
7087	ウイルテック	スタンダード（内国株式）	9050	サービス業	10	情報通信・サービスその他	-	-	1324.0	3.25	43.0	3.25	43.0	3.25	配当あり	いいえ	9.5	0.97	83.8	1505.0	850.0	Technology			OK	通常掲載可	OK	45936.0	2.9	3.05	45.03	0.13	311.0	139.42	30.84	10.71	0
7089	フォースタートアップス	グロース（内国株式）	9050	サービス業	10	情報通信・サービスその他	-	-	1552.0						配当未取得		12.52	3.64	100.1	1669.0	700.0	Industrials	配当未取得	1株配当が取得できていない	除外推奨	掲載非推奨	OK_配当データ要確認	5268.6	21.26	42.64	55.47	0.14	963.4	124.0		25.48	
7090	リグア	グロース（内国株式）	9050	サービス業	10	情報通信・サービスその他	-	-	742.0						配当未取得			6.68	11.8	1705.0	703.0	Healthcare	配当未取得	1株配当が取得できていない	除外推奨	掲載非推奨	OK_配当データ要確認	2872.4	-5.39	-16.27	10.18	6.57	127.0	-159.31		-97.37	
7091	リビングプラットフォーム	グロース（内国株式）	9050	サービス業	10	情報通信・サービスその他	-	-	1214.0	0.82	10.0	0.82	10.0	0.82	配当あり	いいえ	13.72	2.18	54.4	1326.0	858.0	Healthcare			OK	通常掲載可	OK	22057.5	2.12	14.86	19.07	2.62	328.9	88.5	11.3	17.42	
7093	アディッシュ	グロース（内国株式）	9050	サービス業	10	情報通信・サービスその他	-	-	495.0						配当未取得			1.91	10.4	915.0	464.0	Technology	配当未取得	1株配当が取得できていない	除外推奨	掲載非推奨	OK_配当データ要確認	3696.0	0.07	2.89	41.28	0.53	-13.1	-0.99		3.21	
7094	ＮｅｘＴｏｎｅ	グロース（内国株式）	9050	サービス業	10	情報通信・サービスその他	-	-	1409.0	1.56	22.0	1.56	22.0	1.56	配当あり	いいえ	17.39	2.47	137.6	2388.0	1244.0	Industrials			OK	通常掲載可	OK	20774.0	6.26	7.02	35.15		1433.0	81.02	27.15	12.01	
7095	Ｍａｃｂｅｅ　Ｐｌａｎｅｔ	プライム（内国株式）	9050	サービス業	10	情報通信・サービスその他	7	TOPIX Small 2	1105.0	4.98	55.0	4.98	55.0	4.98	配当あり	いいえ	6.52	1.09	137.6	2724.0	976.0	Communication Services			OK	通常掲載可	OK	51675.0	10.01	31.14	52.68	0.26	-371.0	169.51	32.45	19.65	0
7096	ステムセル研究所	グロース（内国株式）	9050	サービス業	10	情報通信・サービスその他	-	-	741.0						配当未取得		48.09	2.78	74.6	1245.0	627.0	Healthcare	配当未取得	1株配当が取得できていない	除外推奨	掲載非推奨	OK_配当データ要確認	2811.3	7.21	4.93	33.01	0.18	-453.3	15.41		4.59	
7097	さくらさくプラス	グロース（内国株式）	9050	サービス業	10	情報通信・サービスその他	-	-	3005.0	0.93	28.0	0.93	28.0	0.93	配当あり	いいえ	17.7	2.04	133.7	3350.0	2390.0	Healthcare			OK	通常掲載可	OK	17212.0	4.51	24.33	38.62	0.85	2073.0	169.78	16.49	11.46	3
7102	日本車輌製造	プライム（内国株式）	3700	輸送用機器	6	自動車・輸送機	7	TOPIX Small 2	3265.0	1.53	50.0	1.53	50.0	1.53	配当あり	いいえ	4.04	0.57	471.1	4425.0	2061.0	Industrials			OK	通常掲載可	OK	99971.0	11.62	3.77	53.91	0.4	4457.0	808.09	6.19	15.88	2
7110	クラシコム	グロース（内国株式）	6100	小売業	14	小売	-	-	2017.0	2.38	48.0	2.38	48.0	2.38	配当あり	いいえ	15.67	2.53	148.7	2450.0	1500.0	Consumer Cyclical			OK	通常掲載可	OK	7012.8	15.45	15.71	84.46	0.03	578.9	128.68	37.3	19.19	1
7111	ＩＮＥＳＴ	スタンダード（内国株式）	6050	卸売業	13	商社・卸売	-	-	434.0						配当未取得		75.22	0.62	31.6	1020.0	404.0	Industrials	配当未取得	1株配当が取得できていない	除外推奨	掲載非推奨	OK_配当データ要確認	18960.0	1.1	4.26	45.47	0.76	-588.0	5.77		3.64	
7112	キューブ	グロース（内国株式）	6100	小売業	14	小売	-	-	711.0						配当未取得		124.96	4.0	43.5	991.0	461.0	Consumer Cyclical	配当未取得	1株配当が取得できていない	除外推奨	掲載非推奨	OK_配当データ要確認	4863.6	1.22	-0.0	87.66	0.0	-416.0	5.69		3.2	
7114	フーディソン	グロース（内国株式）	6050	卸売業	13	商社・卸売	-	-	716.0						配当未取得		22.08	1.35	31.9	998.0	680.0	Consumer Defensive	配当未取得	1株配当が取得できていない	除外推奨	掲載非推奨	OK_配当データ要確認	7820.0	2.35	13.89	71.23	0.07	57.8	32.43		6.28	
7115	アルファパーチェス	スタンダード（内国株式）	6050	卸売業	13	商社・卸売	-	-	1600.0	2.31	37.0	2.31	37.0	2.31	配当あり	いいえ	15.67	2.35	157.1	3845.0	1380.0	Industrials			OK	通常掲載可	OK	58922.5	2.49	5.31	33.96	0.0	10.0	102.08	36.25	16.26	3
7119	ハルメクホールディングス	グロース（内国株式）	6100	小売業	14	小売	-	-	1680.0	2.38	40.0	2.38	40.0	2.38	配当あり	いいえ	17.86	2.08	185.6	1710.0	1070.0	Industrials			OK	通常掲載可	OK	33812.0	5.25	-0.35	42.02	0.51	1340.0	94.08	42.52	12.3	
7120	ＳＨＩＮＫＯ	スタンダード（内国株式）	6050	卸売業	13	商社・卸売	-	-	1054.0	4.17	44.0	4.17	44.0	4.17	配当あり	いいえ	7.34	2.18	49.6	1094.0	720.67	Technology			OK	通常掲載可	OK	19383.8	4.71	14.67	25.93	0.53	-481.9	143.55	30.65	33.56	2
7122	近畿車輛	スタンダード（内国株式）	3700	輸送用機器	6	自動車・輸送機	-	-	2394.0	2.09	50.0	2.09	50.0	2.09	配当あり	いいえ	10.48	0.46	164.7	2566.0	1938.0	Industrials			OK	通常掲載可	OK	37100.0	-0.63	22.62	49.29	0.04	13799.0	228.39	21.89	4.51	0
7126	グローバルスタイル	スタンダード（内国株式）	6100	小売業	14	小売	-	-	1542.0	6.1	94.0	6.1	94.0	6.1	配当あり	いいえ	11.64	1.59	52.3	1630.0	1313.0	Consumer Cyclical			OK	通常掲載可	OK	11167.8	5.64	7.31	32.69	1.24	220.3	132.46	70.96	16.72	1
7127	一家ホールディングス	スタンダード（内国株式）	6100	小売業	14	小売	-	-	701.0						配当未取得		65.33	5.11	51.5	735.0	650.0	Consumer Cyclical	配当未取得	1株配当が取得できていない	除外推奨	掲載非推奨	OK_配当データ要確認	11533.0	2.17	14.3	15.47	3.81	132.6	10.73		8.36	
7128	ユニソルホールディングス	プライム（内国株式）	6050	卸売業	13	商社・卸売	6	TOPIX Small 1	2186.0	4.62	101.0	4.62	101.0	4.62	配当あり	いいえ	27.4	0.73	525.6	2449.0	1995.0	Industrials			OK	通常掲載可	OK	159036.0	16.33	-1.66	62.11	0.02	4365.0	79.79	126.58	2.84	0
7129	ミアヘルサホールディングス	スタンダード（内国株式）	6100	小売業	14	小売	-	-	1149.0	2.61	30.0	2.61	30.0	2.61	配当あり	いいえ	16.03	0.82	32.2	1200.0	1086.0	Healthcare			OK	通常掲載可	OK	24850.7	3.32	4.3	25.1	1.5	513.8	71.7	41.84	5.12	0
7130	ヤマエグループホールディングス	プライム（内国株式）	6050	卸売業	13	商社・卸売	6	TOPIX Small 1	2973.0	2.69	80.0	2.69	80.0	2.69	配当あり	いいえ	7.45	0.77	825.5	3225.0	2314.0	Industrials			OK	通常掲載可	OK	1085219.0	1.67	7.78	23.74	1.15	714.0	399.27	20.04	11.58	3
7131	のむら産業	スタンダード（内国株式）	6050	卸売業	13	商社・卸売	-	-	3600.0	2.67	96.0	2.67	96.0	2.67	配当あり	いいえ	6.72	1.83	47.6	4450.0	2068.0	Consumer Cyclical			OK	通常掲載可	OK	7111.9	10.59	7.55	47.3	0.01	932.8	536.04	17.91	30.8	3
7133	ＨＹＵＧＡ　ＰＲＩＭＡＲＹ　ＣＡＲＥ	グロース（内国株式）	6100	小売業	14	小売	-	-	1115.0	1.79	20.0	1.79	20.0	1.79	配当あり	いいえ	15.85	2.91	79.5	1593.0	836.0	Healthcare			OK	通常掲載可	OK	11983.2	6.82	20.01	32.95	1.18	-15.3	70.36	28.43	19.64	
7134	アップガレージグループ	スタンダード（内国株式）	6100	小売業	14	小売	-	-	1246.0	3.41	42.5	3.41	42.5	3.41	配当あり	いいえ	12.63	1.92	98.8	1317.0	965.0	Consumer Cyclical			OK	通常掲載可	OK	15385.0	7.17	10.04	69.45	0.05	702.2	98.68	43.07	16.02	3
7135	ジャパンクラフトホールディングス	スタンダード（内国株式）	6100	小売業	14	小売	-	-	218.0	1.38	3.0	1.38	3.0	1.38	配当あり	いいえ		0.71	81.4	261.0	194.0	Consumer Cyclical			OK	通常掲載可	OK	15393.7	-10.35	-9.42	26.28	1.13	-1734.4	-1.22		-16.9	
7138	ＴＯＲＩＣＯ	グロース（内国株式）	6100	小売業	14	小売	-	-	131.0						配当未取得			1.18	20.4	630.0	119.0	Communication Services	配当未取得	1株配当が取得できていない	除外推奨	掲載非推奨	OK_配当データ要確認	3677.3	-7.08	-5.66	54.7	0.32	-167.8	-50.11		-29.86	
7140	ペットゴー	グロース（内国株式）	6100	小売業	14	小売	-	-	805.0						配当未取得			1.5	15.2	980.0	732.0	Healthcare	配当未取得	1株配当が取得できていない	除外推奨	掲載非推奨	OK_配当データ要確認	7420.4	-2.75	-17.85	31.95	1.1	-103.0	-143.61		-22.61	
7148	ＦＰＧ	プライム（内国株式）	7100	証券、商品先物取引業	16	金融（除く銀行）	6	TOPIX Small 1	1547.0	5.99	92.7	5.99	92.7	5.99	配当あり	いいえ	8.4	2.17	1295.4	2509.0	1467.0	Financial Services			OK	通常掲載可	OK	129764.0	19.59	20.4	44.98	0.95	108015.0	184.25	50.31	26.87	5
7150	島根銀行	スタンダード（内国株式）	7050	銀行業	15	銀行	-	-	482.0	2.07	10.0	2.07	10.0	2.07	配当あり	いいえ	28.25	0.32	39.6	720.0	458.0	Financial Services			OK	通常掲載可	OK	9550.0		10.0	2.19	1.48	-4486.0	17.06	58.62	2.71	0
7157	ライフネット生命保険	プライム（内国株式）	7150	保険業	16	金融（除く銀行）	6	TOPIX Small 1	1639.0						配当未取得		16.37	1.38	1316.8	2631.0	1470.0	Financial Services	配当未取得	1株配当が取得できていない	除外推奨	掲載非推奨	OK_配当データ要確認	33377.0		13.96	78.47	0.01	7990.0	100.14		8.57	
7161	じもとホールディングス	スタンダード（内国株式）	7050	銀行業	15	銀行	-	-	508.0	1.97	10.0	1.97	10.0	1.97	配当あり	いいえ	5.65	0.16	135.7	624.0	332.0	Financial Services			OK	通常掲載可	OK	34724.0		6.9	3.53	0.88	-20399.0	89.92	11.12	3.03	0
7162	アストマックス	スタンダード（内国株式）	4050	電気・ガス業	11	電力・ガス	-	-	264.0	2.65	7.0	2.65	7.0	2.65	配当あり	いいえ	1.75	0.46	34.7	519.0	198.0	Financial Services			OK	通常掲載可	OK	25258.3	10.44	22.22	35.42	0.42	622.0	150.56	4.65	30.04	0
7164	全国保証	プライム（内国株式）	7200	その他金融業	16	金融（除く銀行）	4	TOPIX Mid400	3082.0	3.99	123.0	3.99	123.0	3.99	配当あり	いいえ	12.64	1.67	4094.8	3582.0	2780.0	Financial Services			OK	通常掲載可	OK	58739.0	70.45	3.1	48.95	0.12	32440.0	243.79	50.45	13.44	12
7167	めぶきフィナンシャルグループ	プライム（内国株式）	7050	銀行業	15	銀行	4	TOPIX Mid400	1509.0	2.65	40.0	2.65	40.0	2.65	配当あり	いいえ	16.95	1.31	14162.8	1512.5	754.3	Financial Services			OK	通常掲載可	OK	341887.0		22.01	5.09	1.19	-1136385.0	89.03	44.93	8.24	3
7172	ジャパンインベストメントアドバイザー	プライム（内国株式）	7100	証券、商品先物取引業	16	金融（除く銀行）	6	TOPIX Small 1	2072.0	5.21	108.0	5.21	108.0	5.21	配当あり	いいえ	11.9	1.63	1286.7	2496.0	1631.0	Industrials			OK	通常掲載可	OK	38738.0	48.76	24.44	25.03	2.44	-8659.0	174.05	62.05	16.03	2
7173	東京きらぼしフィナンシャルグループ	プライム（内国株式）	7050	銀行業	15	銀行	6	TOPIX Small 1	1798.0	1.67	30.0	1.67	30.0	1.67	配当あり	いいえ	14.02	1.03	5146.9	1920.0	785.0	Financial Services			OK	通常掲載可	OK	167964.0		14.69	5.79	0.22	-146163.0	128.2	23.4	10.66	4
7175	今村証券	スタンダード（内国株式）	7100	証券、商品先物取引業	16	金融（除く銀行）	-	-	1404.0	5.2	73.0	5.2	73.0	5.2	配当あり	いいえ	6.81	0.54	71.8	1434.0	1050.0	Financial Services			OK	通常掲載可	OK	4914.5	28.64	17.39	49.58	0.23	3079.6	206.25	35.39	8.35	0
7177	ＧＭＯフィナンシャルホールディングス	スタンダード（内国株式）	7100	証券、商品先物取引業	16	金融（除く銀行）	-	-	1029.0	5.32	54.76	5.32	54.76	5.32	配当あり	いいえ	11.61	3.95	1214.1	1179.0	775.0	Financial Services			OK	通常掲載可	OK	49515.0	32.05	-7.04	3.76	4.77	10671.0	88.6	61.81	20.74	1
7180	九州フィナンシャルグループ	プライム（内国株式）	7050	銀行業	15	銀行	4	TOPIX Mid400	1512.5	2.51	38.0	2.51	38.0	2.51	配当あり	いいえ	17.27	0.84	6406.3	1516.5	725.7	Financial Services			OK	通常掲載可	OK	208815.0		0.1	5.63	1.61	-76427.0	87.57	43.39	5.15	3
7181	かんぽ生命保険	プライム（内国株式）	7150	保険業	16	金融（除く銀行）	4	TOPIX Mid400	1613.0	3.1	50.0	3.1	50.0	3.1	配当あり	いいえ	10.57	0.42	17478.7	1771.67	1070.33	Financial Services			OK	通常掲載可	OK	2883318.0		-18.57	7.11	0.12	-1928702.0	152.59	32.77	4.57	3
7182	ゆうちょ銀行	プライム（内国株式）	7050	銀行業	15	銀行	2	TOPIX Large70	3230.0	5.76	186.0	5.76	186.0	5.76	配当あり	いいえ	21.98	1.25	115050.9	3308.0	1551.0	Financial Services			OK	通常掲載可	OK	1680312.0		-12.7	3.87	0.28	4543699.0	146.97	126.56	5.88	2
7183	あんしん保証	スタンダード（内国株式）	7200	その他金融業	16	金融（除く銀行）	-	-	254.0	1.18	3.0	1.27	3.0	1.18	配当あり	いいえ	15.11	1.7	44.1	257.0	142.0	Financial Services			OK	通常掲載可	OK	6162.4	4.2	14.62	17.57	0.29	-114.7	16.81	17.85	11.73	0
7184	富山第一銀行	プライム（内国株式）	7050	銀行業	15	銀行	6	TOPIX Small 1	2671.0	2.81	75.0	2.81	75.0	2.81	配当あり	いいえ	11.19	0.85	1625.3	2899.0	995.0	Financial Services			OK	通常掲載可	OK	48331.0		4.58	11.67	0.13	17327.0	238.79	31.41	8.58	4
7185	ヒロセ通商	スタンダード（内国株式）	7100	証券、商品先物取引業	16	金融（除く銀行）	-	-	3875.0	1.01	39.0	1.01	39.0	1.01	配当あり	いいえ	11.6	1.1	238.4	4345.0	3415.0	Financial Services			OK	通常掲載可	OK	10490.6	28.98	2.81	15.89	0.33	-482.1	334.03	11.68	9.92	0
7186	横浜フィナンシャルグループ	プライム（内国株式）	7050	銀行業	15	銀行	4	TOPIX Mid400	1848.0	2.6	48.0	2.6	48.0	2.6	配当あり	いいえ	19.65	1.46	20540.1	1848.0	919.8	Financial Services			OK	通常掲載可	OK	314419.0		9.71	5.19	1.76	360451.0	94.06	51.03	7.96	5
7187	ジェイリース	プライム（内国株式）	7200	その他金融業	16	金融（除く銀行）	7	TOPIX Small 2	1360.0	4.41	60.0	4.41	60.0	4.41	配当あり	いいえ	9.86	3.28	242.5	1790.0	1195.0	Real Estate			OK	通常掲載可	OK	21574.7	16.8	24.93	33.37	0.77	-74.9	137.9	43.51	37.15	4
7189	西日本フィナンシャルホールディングス	プライム（内国株式）	7050	銀行業	15	銀行	4	TOPIX Mid400	4282.0	3.27	140.0	3.27	140.0	3.27	配当あり	いいえ	0.01	0.97	5964.1	4486.0	2162.0	Financial Services			OK	通常掲載可	OK	190231.0		23.17	4.45	2.26	-105876.0	288018.03	0.05	6.87	4
7191	イントラスト	スタンダード（内国株式）	7200	その他金融業	16	金融（除く銀行）	-	-	1084.0	4.61	50.0	4.61	50.0	4.61	配当あり	いいえ	13.93	2.98	242.5	1222.0	896.0	Financial Services			OK	通常掲載可	OK	12283.3	22.52	16.18	63.3		1542.2	77.83	64.24	23.1	8
7192	日本モーゲージサービス	スタンダード（内国株式）	7200	その他金融業	16	金融（除く銀行）	-	-	580.0	5.17	30.0	5.17	30.0	5.17	配当あり	いいえ	7.83	0.89	85.3	738.0	418.0	Financial Services			OK	通常掲載可	OK	7960.2	19.89	5.21	38.7	0.94	-1270.4	74.12	40.47	12.04	1
7196	Ｃａｓａ	スタンダード（内国株式）	7200	その他金融業	16	金融（除く銀行）	-	-	788.0	2.54	20.0	2.54	20.0	2.54	配当あり	いいえ	64.12	1.12	71.6	867.0	706.0	Financial Services			OK	通常掲載可	OK	12754.0	-0.5	4.91	43.47	0.09	356.5	12.29	162.73	13.63	1
7198	ＳＢＩアルヒ	プライム（内国株式）	7200	その他金融業	16	金融（除く銀行）	7	TOPIX Small 2	790.0	5.06	40.0	5.06	40.0	5.06	配当あり	いいえ	19.45	1.07	351.2	950.0	767.0	Financial Services			OK	通常掲載可	OK	25086.0	35.45	12.53	18.36	3.14	-15506.0	40.61	98.5	15.2	0
7199	プレミアグループ	プライム（内国株式）	7200	その他金融業	16	金融（除く銀行）	6	TOPIX Small 1	2140.0	2.99	64.0	2.99	64.0	2.99	配当あり	いいえ	13.64	3.29	831.8	2468.0	1609.0	Financial Services			OK	通常掲載可	OK	44042.0	19.07	20.96	12.7	3.36	-22909.0	156.86	40.8	27.46	6
7201	日産自動車	プライム（内国株式）	3700	輸送用機器	6	自動車・輸送機	4	TOPIX Mid400	313.1						配当未取得			0.23	10947.2	466.0	290.8	Consumer Cyclical	配当未取得	1株配当が取得できていない	除外推奨	掲載非推奨	OK_配当データ要確認	12633214.0	0.55	-0.41	26.06	1.63	-624342.0	-152.57		-9.86	0
7202	いすゞ自動車	プライム（内国株式）	3700	輸送用機器	6	自動車・輸送機	4	TOPIX Mid400	2314.0	4.06	94.0	4.06	94.0	4.06	配当あり	いいえ	11.99	1.07	15902.7	2929.0	1822.5	Consumer Cyclical			OK	通常掲載可	OK	3479074.0	5.86	7.52	40.39	0.58	31207.0	192.99	48.71	10.91	0
7203	トヨタ自動車	プライム（内国株式）	3700	輸送用機器	6	自動車・輸送機	1	TOPIX Core30	2828.0	3.54	100.0	3.54	100.0	3.54	配当あり	いいえ	9.58	0.92	334865.0	4000.0	2442.0	Consumer Cyclical			OK	通常掲載可	OK	50684952.0	7.43	5.51	37.83	1.08	179572.0	295.24	33.87	10.23	6
7208	カネミツ	スタンダード（内国株式）	3700	輸送用機器	6	自動車・輸送機	-	-	1212.0	3.47	42.0	3.47	42.0	3.47	配当あり	いいえ	8.34	0.5	62.0	1378.0	838.0	Consumer Cyclical			OK	通常掲載可	OK	11039.8	7.97	-0.7	77.21	0.03	1629.5	145.32	28.9	6.17	5
7211	三菱自動車工業	プライム（内国株式）	3700	輸送用機器	6	自動車・輸送機	4	TOPIX Mid400	333.8	3.0	10.0	3.0	10.0	3.0	配当あり	いいえ	44.63	0.49	4467.4	458.0	300.7	Consumer Cyclical			OK	通常掲載可	OK	2896536.0	2.61	3.88	38.02	0.43	-87142.0	7.48	133.69	2.19	0
7212	エフテック	スタンダード（内国株式）	3700	輸送用機器	6	自動車・輸送機	-	-	678.0	2.95	20.0	2.95	20.0	2.95	配当あり	いいえ	2.66	0.22	125.9	865.0	605.0	Consumer Cyclical			OK	通常掲載可	OK	291866.0	2.88	-2.98	31.83	1.2	10516.0	254.52	7.86	7.47	0
7213	レシップホールディングス	スタンダード（内国株式）	3700	輸送用機器	6	自動車・輸送機	-	-	612.0	4.25	26.0	4.25	26.0	4.25	配当あり	いいえ	8.02	0.86	94.7	643.0	434.0	Technology			OK	通常掲載可	OK	23898.2	5.31	-7.84	50.55	0.12	3030.1	76.32	34.07	11.17	2
7214	ＧＭＢ	スタンダード（内国株式）	3700	輸送用機器	6	自動車・輸送機	-	-	988.0	5.47	54.0	5.47	54.0	5.47	配当あり	いいえ		0.23	52.6	994.0	816.0	Consumer Cyclical			OK	通常掲載可	OK	105280.6	3.15	1.51	23.7	1.76	-2545.0	-194.64		-1.52	4
7215	ファルテック	スタンダード（内国株式）	3700	輸送用機器	6	自動車・輸送機	-	-	426.0						配当未取得			0.21	39.9	460.0	337.0	Consumer Cyclical	配当未取得	1株配当が取得できていない	除外推奨	掲載非推奨	OK_配当データ要確認	73202.0	2.18	-7.47	28.95	1.39	673.0	-89.29		-3.36	0
7217	テイン	スタンダード（内国株式）	3700	輸送用機器	6	自動車・輸送機	-	-	429.0	4.2	18.0	4.2	18.0	4.2	配当あり	いいえ	12.63	0.63	42.1	459.0	359.0	Consumer Cyclical			OK	通常掲載可	OK	5594.3	5.97	4.67	76.03	0.09	248.1	33.98	52.97	5.2	0
7218	田中精密工業	スタンダード（内国株式）	3700	輸送用機器	6	自動車・輸送機	-	-	1003.0	3.39	34.0	3.39	34.0	3.39	配当あり	いいえ	8.15	0.38	86.9	1294.0	925.0	Consumer Cyclical			OK	通常掲載可	OK	43790.5	5.42	8.19	54.4	0.26	-2432.2	123.07	27.63	4.44	4
7219	エッチ・ケー・エス	スタンダード（内国株式）	3700	輸送用機器	6	自動車・輸送機	-	-	2305.0	2.82	65.0	2.82	65.0	2.82	配当あり	いいえ	7.87	0.3	32.6	2400.0	2095.0	Consumer Cyclical			OK	通常掲載可	OK	8976.6	4.4	-0.31	80.48	0.05	304.8	292.74	22.2	3.88	0
7220	武蔵精密工業	プライム（内国株式）	3700	輸送用機器	6	自動車・輸送機	6	TOPIX Small 1	4125.0	0.97	40.0	0.97	40.0	0.97	配当あり	いいえ	212.74	2.22	2703.6	10550.0	2210.0	Consumer Cyclical			OK	通常掲載可	OK	347200.0	5.92	0.0	40.46	0.81	6230.0	19.39	206.29	1.84	0
7222	日産車体	スタンダード（内国株式）	3700	輸送用機器	6	自動車・輸送機	7	TOPIX Small 2	959.0	1.88	18.0	1.88	18.0	1.88	配当あり	いいえ	18.83	0.71	1299.0	1319.0	887.0	Consumer Cyclical			OK	通常掲載可	OK	403800.0	3.51	15.2	66.33	0.02	21989.0	50.92	35.35	3.82	0
7224	新明和工業	プライム（内国株式）	3700	輸送用機器	6	自動車・輸送機	6	TOPIX Small 1	2049.0	2.83	58.0	2.83	58.0	2.83	配当あり	いいえ	11.78	1.09	1355.3	2744.0	1576.0	Industrials			OK	通常掲載可	OK	285024.0	5.73	6.97	42.18	0.39	14059.0	173.96	33.34	9.67	4
7226	極東開発工業	プライム（内国株式）	3700	輸送用機器	6	自動車・輸送機	6	TOPIX Small 1	2189.0	5.48	120.0	5.48	120.0	5.48	配当あり	いいえ	22.78	0.74	842.9	3550.0	2041.0	Industrials			OK	通常掲載可	OK	161332.0	5.5	14.87	55.75	0.37	3374.0	96.1	124.87	3.19	2
7228	デイトナ	スタンダード（内国株式）	3700	輸送用機器	6	自動車・輸送機	-	-	3845.0	3.9	150.0	3.9	150.0	3.9	配当あり	いいえ	8.31	0.98	93.4	4330.0	3550.0	Consumer Cyclical			OK	通常掲載可	OK	14377.0	11.21	-1.38	80.72	0.09	725.1	462.55	32.43	13.31	2
7229	ユタカ技研	スタンダード（内国株式）	3700	輸送用機器	6	自動車・輸送機	-	-							配当未取得								yfinanceデータなし	yfinanceで株価・配当データが取得できなかった	除外推奨	掲載非推奨	データなし										
7231	トピー工業	プライム（内国株式）	3700	輸送用機器	6	自動車・輸送機	7	TOPIX Small 2	2794.0	4.83	135.0	4.83	135.0	4.83	配当あり	いいえ	6.0	0.42	603.9	3710.0	2285.0	Consumer Cyclical			OK	通常掲載可	OK	297750.0	2.61	-0.95	53.01	0.41	2976.0	465.48	29.0	7.25	4
7235	東京ラヂエーター製造	スタンダード（内国株式）	3700	輸送用機器	6	自動車・輸送機	-	-	1510.0	5.17	78.0	5.17	78.0	5.17	配当あり	いいえ	7.03	0.6	143.8	1840.0	905.0	Consumer Cyclical			OK	通常掲載可	OK	35382.7	6.66	3.88	71.97	0.0	728.3	214.87	36.3	8.47	3
7236	ティラド	プライム（内国株式）	3700	輸送用機器	6	自動車・輸送機	7	TOPIX Small 2	1559.0	5.13	80.0	5.13	80.0	5.13	配当あり	いいえ	10.55	1.67	882.6	1590.0	448.0	Consumer Cyclical			OK	通常掲載可	OK	162278.0	6.94	1.91	53.15	0.41	4908.0	147.79	54.13	17.24	2
7238	曙ブレーキ工業	プライム（内国株式）	3700	輸送用機器	6	自動車・輸送機	7	TOPIX Small 2	111.0						配当未取得		32.55	0.6	301.3	183.0	100.0	Consumer Cyclical	配当未取得	1株配当が取得できていない	除外推奨	掲載非推奨	OK_配当データ要確認	160109.0	3.48	-0.97	39.3	0.7	257.0	3.41		4.85	0
7239	タチエス	プライム（内国株式）	3700	輸送用機器	6	自動車・輸送機	6	TOPIX Small 1	2151.0	5.35	115.0	5.35	115.0	5.35	配当あり	いいえ	7.94	0.7	738.2	2354.0	1701.0	Consumer Cyclical			OK	通常掲載可	OK	269009.0	4.31	-5.74	61.56	0.06	7808.0	271.03	42.43	9.52	5
7240	ＮＯＫ	プライム（内国株式）	3700	輸送用機器	6	自動車・輸送機	4	TOPIX Mid400	2953.0	4.74	140.0	4.74	140.0	4.74	配当あり	いいえ	10.36	0.75	4690.7	3355.0	2089.5	Consumer Cyclical			OK	通常掲載可	OK	738434.0	4.47	-3.71	65.66	0.1	18328.0	284.96	49.13	7.88	5
7241	フタバ産業	プライム（内国株式）	3700	輸送用機器	6	自動車・輸送機	6	TOPIX Small 1	991.0	4.64	46.0	4.64	46.0	4.64	配当あり	いいえ	5.52	0.64	885.0	1179.0	770.0	Consumer Cyclical			OK	通常掲載可	OK	677919.0	2.76	-4.13	41.54	0.39	10387.0	179.37	25.65	12.79	3
7242	カヤバ	プライム（内国株式）	3700	輸送用機器	6	自動車・輸送機	6	TOPIX Small 1	4035.0	2.68	108.0	2.68	108.0	2.68	配当あり	いいえ	6.39	0.7	1623.3	5320.0	2984.0	Consumer Cyclical			OK	通常掲載可	OK	481529.0	6.68	9.86	50.59	0.46	-2806.0	631.88	17.09	12.38	1
7244	市光工業	プライム（内国株式）	3650	電気機器	9	電機・精密	7	TOPIX Small 2	521.0	3.45	18.0	3.45	18.0	3.45	配当あり	いいえ	8.08	1.57	501.5	595.0	364.0	Consumer Cyclical			OK	通常掲載可	OK	117089.0	4.97	-6.73	61.02	0.07	7419.0	64.45	27.93	21.04	5
7245	大同メタル工業	プライム（内国株式）	3700	輸送用機器	6	自動車・輸送機	7	TOPIX Small 2	1792.0	2.01	36.0	2.01	36.0	2.01	配当あり	いいえ	19.12	1.02	833.7	1857.0	630.0	Consumer Cyclical			OK	通常掲載可	OK	142009.0	5.9	4.19	39.19	0.8	3746.0	93.72	38.41	6.2	2
7246	プレス工業	プライム（内国株式）	3700	輸送用機器	6	自動車・輸送機	6	TOPIX Small 1	804.0	5.47	44.0	5.47	44.0	5.47	配当あり	いいえ	9.36	0.65	784.3	1006.0	542.0	Consumer Cyclical			OK	通常掲載可	OK	202167.0	6.68	6.47	58.01	0.06	4557.0	85.87	51.24	7.94	5
7247	ミクニ	スタンダード（内国株式）	3700	輸送用機器	6	自動車・輸送機	-	-	364.0	4.12	15.0	4.12	15.0	4.12	配当あり	いいえ	10.22	0.31	122.4	435.0	278.0	Consumer Cyclical			OK	通常掲載可	OK	101428.0	2.99	1.49	34.49	1.08	-3584.0	35.6	42.13	3.08	0
7254	ユニバンス	スタンダード（内国株式）	3700	輸送用機器	6	自動車・輸送機	-	-	724.0	2.76	20.0	2.76	20.0	2.76	配当あり	いいえ	16.37	0.52	151.1	915.0	477.0	Consumer Cyclical			OK	通常掲載可	OK	56542.6	8.87	4.87	59.94	0.02	4212.9	44.24	45.21	3.44	5
7255	桜井製作所	スタンダード（内国株式）	3700	輸送用機器	6	自動車・輸送機	-	-	471.0	1.49	7.0	1.49	7.0	1.49	配当あり	いいえ	6.7	0.31	15.1	710.0	429.0	Consumer Cyclical			OK	通常掲載可	OK	4964.1	3.29	-10.38	65.94	0.33	59.4	70.27	9.96	4.75	1
7256	河西工業	スタンダード（内国株式）	3700	輸送用機器	6	自動車・輸送機	-	-	444.0						配当未取得		18.32	1.03	171.8	530.0	75.0	Consumer Cyclical	配当未取得	1株配当が取得できていない	除外推奨	掲載非推奨	OK_配当データ要確認	214239.0	0.77	22.12	7.13	7.29	-4262.0	24.24		16.63	0
7259	アイシン	プライム（内国株式）	3700	輸送用機器	6	自動車・輸送機	4	TOPIX Mid400	2282.5	3.29	75.0	3.29	75.0	3.29	配当あり	いいえ	7.4	0.75	16538.4	3155.0	1806.5	Consumer Cyclical			OK	通常掲載可	OK	2479761.0	1.2	2.01	48.77	0.31	115935.0	308.59	24.3	8.56	0
7261	マツダ	プライム（内国株式）	3700	輸送用機器	6	自動車・輸送機	4	TOPIX Mid400	1140.0	4.82	55.0	4.82	55.0	4.82	配当あり	いいえ	20.49	0.38	7190.9	1395.0	836.9	Consumer Cyclical			OK	通常掲載可	OK	4918172.0	1.05	-2.01	42.55	0.46	-110863.0	55.63	98.87	1.92	0
7264	ムロコーポレーション	スタンダード（内国株式）	3700	輸送用機器	6	自動車・輸送機	-	-	1328.0	3.61	48.0	3.61	48.0	3.61	配当あり	いいえ	11.24	0.35	80.2	1460.0	1145.0	Consumer Cyclical			OK	通常掲載可	OK	23143.6	5.36	2.45	75.07	0.07	647.2	118.19	40.61	3.19	1
7265	エイケン工業	スタンダード（内国株式）	3700	輸送用機器	6	自動車・輸送機	-	-	3810.0	2.89	110.0	2.89	110.0	2.89	配当あり	いいえ	17.21	1.21	39.0	4770.0	3280.0	Industrials			OK	通常掲載可	OK	8100.1	5.08	11.19	77.81	0.08	512.5	221.36	49.69	7.05	0
7266	今仙電機製作所	スタンダード（内国株式）	3700	輸送用機器	6	自動車・輸送機	-	-	903.0	3.54	32.0	3.54	32.0	3.54	配当あり	いいえ	7.81	0.34	191.8	1080.0	670.0	Consumer Cyclical			OK	通常掲載可	OK	87149.0	2.34	-7.62	68.73	0.1	-1218.0	115.58	27.69	4.57	1
7267	本田技研工業	プライム（内国株式）	3700	輸送用機器	6	自動車・輸送機	1	TOPIX Core30	1550.0	4.52	70.0	4.52	70.0	4.52	配当あり	いいえ		0.51	60335.0	1730.0	1238.0	Consumer Cyclical			OK	通常掲載可	OK	21796610.0	-1.9	0.5	35.27	0.42	237716.0	-106.02		-2.85	0
7269	スズキ	プライム（内国株式）	3700	輸送用機器	6	自動車・輸送機	2	TOPIX Large70	2110.0	2.46	52.0	2.46	52.0	2.46	配当あり	いいえ	9.27	1.2	40707.7	2473.0	1609.5	Consumer Cyclical			OK	通常掲載可	OK	6292967.0	9.9	8.03	50.96	0.22	293666.0	227.67	22.84	13.87	3
7270	ＳＵＢＡＲＵ	プライム（内国株式）	3700	輸送用機器	6	自動車・輸送機	2	TOPIX Large70	2515.5	4.61	116.0	4.61	116.0	4.61	配当あり	いいえ	20.04	0.65	17996.6	3642.0	2247.5	Consumer Cyclical			OK	通常掲載可	OK	4784965.0	0.83	2.12	50.62	0.14	48523.0	125.52	92.42	3.31	4
7271	安永	スタンダード（内国株式）	3700	輸送用機器	6	自動車・輸送機	-	-	997.0	5.42	54.0	5.42	54.0	5.42	配当あり	いいえ	5.49	0.7	102.7	1344.0	514.0	Consumer Cyclical			OK	通常掲載可	OK	33951.0	6.54	7.88	34.75	1.31	-1492.0	181.65	29.73	14.35	1
7272	ヤマハ発動機	プライム（内国株式）	3700	輸送用機器	6	自動車・輸送機	4	TOPIX Mid400	1249.0	4.0	50.0	4.0	50.0	4.0	配当あり	いいえ	7.78	1.04	12120.0	1328.5	1022.0	Consumer Cyclical			OK	通常掲載可	OK	2534203.0	4.59	-1.63	39.01	0.92	25339.0	160.62	31.13	3.84	0
7273	イクヨ	スタンダード（内国株式）	3700	輸送用機器	6	自動車・輸送機	-	-	628.0	0.48	3.0	0.48	3.0	0.48	配当あり	いいえ	6.67	1.38	183.8	1380.0	541.0	Consumer Cyclical			OK	通常掲載可	OK	30144.6	1.79	69.96	40.59	0.37	840.8	94.2	3.18	26.76	4
7276	小糸製作所	プライム（内国株式）	3650	電気機器	9	電機・精密	4	TOPIX Mid400	2596.0	2.31	60.0	2.31	60.0	2.31	配当あり	いいえ	43.1	1.11	6812.1	2973.0	1739.5	Consumer Cyclical			OK	通常掲載可	OK	947610.0	5.43	3.37	68.07	0.0	45356.0	60.23	99.62	3.05	0
7277	ＴＢＫ	スタンダード（内国株式）	3700	輸送用機器	6	自動車・輸送機	-	-	322.0	2.48	8.0	2.48	8.0	2.48	配当あり	いいえ		0.33	102.3	424.0	299.0	Consumer Cyclical			OK	通常掲載可	OK	54756.0	2.73	0.63	55.49	0.25	1171.0	-4.44		0.88	0
7278	エクセディ	プライム（内国株式）	3700	輸送用機器	6	自動車・輸送機	6	TOPIX Small 1	6030.0	5.8	350.0	5.8	350.0	5.8	配当あり	いいえ	19.84	1.14	2192.1	6290.0	4105.0	Consumer Cyclical			OK	通常掲載可	OK	303933.0	7.31	-1.82	60.2	0.28	23457.0	303.91	115.17	7.76	4
7279	ハイレックスコーポレーション	スタンダード（内国株式）	3700	輸送用機器	6	自動車・輸送機	-	-	2111.0	2.51	53.0	2.51	53.0	2.51	配当あり	いいえ	9.39	0.37	780.3	4020.0	1970.0	Industrials			OK	通常掲載可	OK	304123.0	1.12	-1.38	63.23	0.05	3247.0	224.82	23.57	20.3	2
7280	ミツバ	プライム（内国株式）	3650	電気機器	9	電機・精密	6	TOPIX Small 1	1235.0	2.43	30.0	2.43	30.0	2.43	配当あり	いいえ	5.14	0.47	567.9	2152.0	807.0	Consumer Cyclical			OK	通常掲載可	OK	348599.0	6.86	-0.22	34.37	1.22	16966.0	240.21	12.49	9.13	2
7282	豊田合成	プライム（内国株式）	3700	輸送用機器	6	自動車・輸送機	4	TOPIX Mid400	5230.0	1.97	103.0	1.97	103.0	1.97	配当あり	いいえ	10.59	1.08	6132.3	5325.0	2860.5	Consumer Cyclical			OK	通常掲載可	OK	1146772.0	6.94	8.21	57.26	0.22	74244.0	493.71	20.86	11.33	0
7283	愛三工業	プライム（内国株式）	3700	輸送用機器	6	自動車・輸送機	6	TOPIX Small 1	2147.0	3.73	80.0	3.73	80.0	3.73	配当あり	いいえ	inf	0.86	1230.3	2330.0	1616.0	Consumer Cyclical			OK	通常掲載可	OK	330834.0	5.53	-1.91	45.54	0.53	7204.0	0.0		9.61	5
7284	盟和産業	スタンダード（内国株式）	3700	輸送用機器	6	自動車・輸送機	-	-	1228.0	4.07	50.0	4.07	50.0	4.07	配当あり	いいえ	55.24	0.35	43.0	1355.0	1143.0	Consumer Cyclical			OK	通常掲載可	OK	23065.2	1.61	-0.8	52.93	0.41	2607.4	22.23	224.92	0.64	0
7287	日本精機	スタンダード（内国株式）	3700	輸送用機器	6	自動車・輸送機	-	-	2496.0	3.61	90.0	3.61	90.0	3.61	配当あり	いいえ	17.45	0.62	1434.6	2884.0	1408.0	Consumer Cyclical			OK	通常掲載可	OK	327894.0	3.55	3.63	66.69	0.11	25569.0	143.02	62.93	3.84	2
7291	日本プラスト	スタンダード（内国株式）	3700	輸送用機器	6	自動車・輸送機	-	-	464.0	5.39	25.0	5.39	25.0	5.39	配当あり	いいえ	4.37	0.23	87.4	493.0	349.0	Consumer Cyclical			OK	通常掲載可	OK	114861.0	2.31	-4.75	43.89	0.69	-2554.0	106.21	23.54	5.59	3
7292	村上開明堂	スタンダード（内国株式）	3700	輸送用機器	6	自動車・輸送機	-	-	6400.0	3.75	240.0	3.75	240.0	3.75	配当あり	いいえ	12.2	0.78	741.4	7310.0	6190.0	Consumer Cyclical			OK	通常掲載可	OK	115651.0	7.92	5.9	77.63	0.0	3967.0	524.8	45.73	7.6	5
7294	ヨロズ	プライム（内国株式）	3700	輸送用機器	6	自動車・輸送機	7	TOPIX Small 2	844.0	3.91	33.0	3.91	33.0	3.91	配当あり	いいえ	9.46	0.32	173.8	1140.0	815.0	Consumer Cyclical			OK	通常掲載可	OK	176330.0	2.26	-1.17	39.52	0.79	2719.0	89.21	36.99	3.92	0
7296	エフ・シー・シー	プライム（内国株式）	3700	輸送用機器	6	自動車・輸送機	6	TOPIX Small 1	3465.0	4.62	160.0	4.62	160.0	4.62	配当あり	いいえ	8.94	0.82	1643.6	3970.0	2792.0	Consumer Cyclical			OK	通常掲載可	OK	260836.0	7.26	1.64	77.55	0.02	5950.0	387.39	41.3	9.6	4
7297	カーメイト	スタンダード（内国株式）	3700	輸送用機器	6	自動車・輸送機	-	-	851.0	3.53	30.0	3.53	30.0	3.53	配当あり	いいえ	21.37	0.39	60.0	985.0	800.0	Consumer Cyclical			OK	通常掲載可	OK	14563.1	4.15	-6.19	75.23	0.09	444.0	39.83	75.32	1.87	0
7299	フジオーゼックス	スタンダード（内国株式）	3700	輸送用機器	6	自動車・輸送機	-	-	1681.0	3.21	54.0	3.21	54.0	3.21	配当あり	いいえ	7.9	0.52	165.3	2250.0	1396.0	Consumer Cyclical			OK	通常掲載可	OK	29093.0	8.61	13.89	83.87	0.01	2923.7	212.81	25.37	6.86	3
7305	新家工業	スタンダード（内国株式）	3450	鉄鋼	7	鉄鋼・非鉄	-	-	2549.0	7.85	200.0	7.85	200.0	7.85	配当あり	いいえ	15.97	0.71	243.0	2925.0	2310.0	Basic Materials			OK	通常掲載可	OK	40447.0	4.66	-5.6	57.81	0.23	1770.0	159.57	125.34	4.67	4
7309	シマノ	プライム（内国株式）	3700	輸送用機器	6	自動車・輸送機	2	TOPIX Large70	17540.0	2.07	363.0	2.07	363.0	2.07	配当あり	いいえ	45.25	1.74	14961.9	21755.0	14895.0	Consumer Cyclical			OK	通常掲載可	OK	466243.0	11.08	3.38	92.54	0.0	17830.0	387.63	93.65	4.37	4
7313	テイ・エス　テック	プライム（内国株式）	3700	輸送用機器	6	自動車・輸送機	4	TOPIX Mid400	1762.5	5.22	92.0	5.22	92.0	5.22	配当あり	いいえ	29.16	0.66	2056.6	2018.5	1682.0	Consumer Cyclical			OK	通常掲載可	OK	442316.0	2.33	-3.95	73.31		403.0	60.45	152.19	2.96	16
7314	小田原機器	スタンダード（内国株式）	3700	輸送用機器	6	自動車・輸送機	-	-	1199.0	3.34	40.0	3.34	40.0	3.34	配当あり	いいえ	39.53	0.95	37.9	1330.0	1016.0	Industrials			OK	通常掲載可	OK	7673.0	2.03	25.58	56.97	0.32	1362.7	30.33	131.88	1.6	3
7317	松屋アールアンドディ	グロース（内国株式）	3700	輸送用機器	6	自動車・輸送機	-	-	1101.0	0.91	10.0	0.92	10.0	0.91	配当あり	いいえ	15.2	2.89	236.7	1110.0	687.0	Industrials			OK	通常掲載可	OK	9771.4	21.8	2.13	65.16	0.3	651.7	72.45	13.8	20.54	2
7318	セレンディップ・ホールディングス	グロース（内国株式）	3700	輸送用機器	6	自動車・輸送機	-	-	2359.0						配当未取得		10.34	3.17	428.7	2600.0	728.0	Industrials	配当未取得	1株配当が取得できていない	除外推奨	掲載非推奨	OK_配当データ要確認	51163.6	4.28	103.64	29.6	1.34	815.8	228.12		34.07	
7320	Ｓｏｌｖｖｙ	グロース（内国株式）	7200	その他金融業	16	金融（除く銀行）	-	-	1456.0	0.69	10.0	0.69	10.0	0.69	配当あり	いいえ		3.3	156.4	2443.0	1327.0	Technology			OK	通常掲載可	OK	5359.1	23.14	36.71	12.22	0.84	539.7	-24.61		-9.03	2
7322	三十三フィナンシャルグループ	プライム（内国株式）	7050	銀行業	15	銀行	7	TOPIX Small 2	1825.0	2.41	44.0	2.41	44.0	2.41	配当あり	いいえ	15.38	0.82	1899.1	1861.0	750.0	Financial Services			OK	通常掲載可	OK	79551.0		17.51	5.04	1.22	-55198.0	118.63	37.09	5.65	2
7325	アイリックコーポレーション	グロース（内国株式）	7150	保険業	16	金融（除く銀行）	-	-	669.0	4.78	32.0	4.78	32.0	4.78	配当あり	いいえ	12.45	1.44	54.7	991.0	651.0	Financial Services			OK	通常掲載可	OK	7921.8	6.25	31.93	70.04	0.02	664.3	53.72	59.57	11.77	3
7326	ＳＢＩインシュアランスグループ	グロース（内国株式）	7150	保険業	16	金融（除く銀行）	-	-	2088.0	2.83	59.0	2.83	59.0	2.83	配当あり	いいえ	17.99	1.08	518.2	2542.0	1302.0	Financial Services			OK	通常掲載可	OK	138519.0		18.51	20.29		8031.0	116.09	50.82	45.28	2
7327	第四北越フィナンシャルグループ	プライム（内国株式）	7050	銀行業	15	銀行	6	TOPIX Small 1	2211.0	3.44	76.0	3.44	76.0	3.44	配当あり	いいえ	13.77	1.02	5802.7	2226.0	1130.0	Financial Services			OK	通常掲載可	OK	200894.0		42.17	5.25	1.42	-502088.0	160.52	47.35	8.03	3
7337	ひろぎんホールディングス	プライム（内国株式）	7050	銀行業	15	銀行	4	TOPIX Mid400	2198.5	3.18	70.0	3.18	70.0	3.18	配当あり	いいえ	15.08	1.15	6552.0	2213.0	1159.0	Financial Services			OK	通常掲載可	OK	184397.0		23.89	4.66	2.26	-355172.0	145.76	48.02	8.15	4
7343	ブロードマインド	グロース（内国株式）	7150	保険業	16	金融（除く銀行）	-	-	1194.0	5.86	70.0	5.86	70.0	5.86	配当あり	いいえ	17.3	1.69	68.6	1400.0	1069.0	Financial Services			OK	通常掲載可	OK	5289.1	11.8	-11.31	75.64	0.0	-549.8	69.01	101.43	9.65	4
7345	アイ・パートナーズフィナンシャル	グロース（内国株式）	7200	その他金融業	16	金融（除く銀行）	-	-	963.0	0.42	4.0	0.42	4.0	0.42	配当あり	いいえ	35.84	4.41	31.8	1270.0	561.0	Financial Services			OK	通常掲載可	OK	4584.9	2.4	20.74	54.01	0.01	123.4	26.87	14.89	13.35	0
7347	マーキュリアホールディングス	プライム（内国株式）	7100	証券、商品先物取引業	16	金融（除く銀行）	-	-	762.0	2.89	22.0	2.89	22.0	2.89	配当あり	いいえ	inf	0.85	147.4	892.0	691.0	Financial Services			OK	通常掲載可	OK	7215.7	34.86	29.64	76.63	0.04	2381.8	0.0		9.75	0
7350	おきなわフィナンシャルグループ	プライム（内国株式）	7050	銀行業	15	銀行	6	TOPIX Small 1	6630.0	3.02	200.0	3.02	200.0	3.02	配当あり	いいえ	12.53	0.87	1415.3	6720.0	3070.0	Financial Services			OK	通常掲載可	OK	62001.0		15.64	5.53	0.59	-103510.0	529.07	37.8	7.16	3
7351	グッドパッチ	グロース（内国株式）	9050	サービス業	10	情報通信・サービスその他	-	-	461.0	2.17	10.0	2.17	10.0	2.17	配当あり	いいえ	10.32	0.93	40.3	1015.0	432.0	Technology			OK	通常掲載可	OK	5085.6	10.96	28.98	79.02	0.06	842.1	44.67	22.39	9.38	
7352	ＴＷＯＳＴＯＮＥ＆Ｓｏｎｓ	グロース（内国株式）	9050	サービス業	10	情報通信・サービスその他	-	-	382.0	0.26	1.0	0.26	1.0	0.26	配当あり	いいえ	67.97	4.55	169.4	1045.0	304.0	Industrials			OK	通常掲載可	OK	18077.4	4.54	26.5	33.79	1.08	684.4	5.62	17.79	6.69	0
7353	ＫＩＹＯラーニング	グロース（内国株式）	9050	サービス業	10	情報通信・サービスその他	-	-	556.0						配当未取得		13.0	2.68	38.2	820.0	555.0	Consumer Defensive	配当未取得	1株配当が取得できていない	除外推奨	掲載非推奨	OK_配当データ要確認	5031.2	6.04	12.61	32.15	0.28	621.9	42.76		26.84	
7354	ダイレクトマーケティングミックス	スタンダード（内国株式）	9050	サービス業	10	情報通信・サービスその他	7	TOPIX Small 2	329.0	2.89	9.5	2.89	9.5	2.89	配当あり	いいえ	11.46	1.03	149.9	355.0	238.0	Communication Services			OK	通常掲載可	OK	22694.2	9.4	8.31	54.28	0.43	1874.2	28.72	33.08	9.39	2
7356	Ｒｅｔｔｙ	グロース（内国株式）	9050	サービス業	10	情報通信・サービスその他	-	-	116.0						配当未取得		331.43	5.01	17.3	305.0	110.0	Communication Services	配当未取得	1株配当が取得できていない	除外推奨	掲載非推奨	OK_配当データ要確認	1630.2	1.19	4.36	36.39	1.34	-150.7	0.35		1.46	
7357	ジオコード	スタンダード（内国株式）	9050	サービス業	10	情報通信・サービスその他	-	-	1648.0	1.52	25.0	1.52	25.0	1.52	配当あり	いいえ		4.27	46.1	1705.0	1081.0	Communication Services			OK	通常掲載可	OK	1893.4	-0.41	19.68	38.36	0.67	19.7	-2.8		-0.59	2
7358	ポピンズ	スタンダード（内国株式）	9050	サービス業	10	情報通信・サービスその他	7	TOPIX Small 2	1459.0	3.22	47.0	3.22	47.0	3.22	配当あり	いいえ	12.61	1.53	142.5	1587.0	1200.0	Consumer Cyclical			OK	通常掲載可	OK	34409.0	5.35	8.58	56.12	0.26	815.0	115.7	40.62	11.04	1
7359	東京通信グループ	グロース（内国株式）	9050	サービス業	10	情報通信・サービスその他	-	-	222.0						配当未取得		9.74	2.79	22.4	636.0	207.0	Communication Services	配当未取得	1株配当が取得できていない	除外推奨	掲載非推奨	OK_配当データ要確認	6219.1	3.14	6.1	21.55	2.11	359.5	22.8		84.38	
7360	オンデック	グロース（内国株式）	9050	サービス業	10	情報通信・サービスその他	-	-	619.0						配当未取得			1.85	16.2	1286.0	572.0	Financial Services	配当未取得	1株配当が取得できていない	除外推奨	掲載非推奨	OK_配当データ要確認	864.4	-25.64	-48.09	82.25	0.04	-219.3	-58.0		-14.67	
7361	ヒューマンクリエイションホールディングス	グロース（内国株式）	9050	サービス業	10	情報通信・サービスその他	-	-	1169.0	3.85	45.0	3.85	45.0	3.85	配当あり	いいえ	15.36	2.43	36.4	1430.0	1120.0	Industrials			OK	通常掲載可	OK	8945.6	8.74	24.84	34.04	0.75	966.1	76.1	59.13	16.98	4
7362	Ｔ．Ｓ．Ｉ	グロース（内国株式）	9050	サービス業	10	情報通信・サービスその他	-	-	823.0	1.22	10.0	1.22	10.0	1.22	配当あり	いいえ	15.24	0.88	12.5	1019.0	741.0	Healthcare			OK	通常掲載可	OK	4886.2	0.83	3.79	24.36	2.53	-710.8	53.99	18.52	8.46	
7363	ベビーカレンダー	グロース（内国株式）	9050	サービス業	10	情報通信・サービスその他	-	-	1060.0						配当未取得		19.01	1.19	9.4	2000.0	987.0	Healthcare	配当未取得	1株配当が取得できていない	除外推奨	掲載非推奨	OK_配当データ要確認	1528.4	3.28	27.02	45.19	0.69	170.3	55.76		7.33	
7366	ＬＩＴＡＬＩＣＯ	プライム（内国株式）	9050	サービス業	10	情報通信・サービスその他	7	TOPIX Small 2	1668.0	0.9	15.0	0.9	15.0	0.9	配当あり	いいえ	20.12	4.03	570.0	1705.0	1123.0	Consumer Defensive			OK	通常掲載可	OK	38247.0	11.96	17.74	32.79	1.46	1176.0	82.9	18.09	26.49	3
7367	セルム	スタンダード（内国株式）	9050	サービス業	10	情報通信・サービスその他	-	-	340.0	4.56	15.5	4.56	15.5	4.56	配当あり	いいえ	12.84	2.36	73.4	364.0	307.0	Industrials			OK	通常掲載可	OK	10308.2	11.27	25.95	44.16	0.7	1009.3	26.49	58.51	19.62	2
7368	表示灯	スタンダード（内国株式）	9050	サービス業	10	情報通信・サービスその他	-	-	1660.0	3.86	64.0	3.86	64.0	3.86	配当あり	いいえ	9.75	0.92	78.4	1792.0	1587.0	Communication Services			OK	通常掲載可	OK	10832.4	9.69	8.1	53.98	0.01	652.6	170.32	37.58	9.81	1
7369	メイホーホールディングス	グロース（内国株式）	9050	サービス業	10	情報通信・サービスその他	-	-	332.0						配当未取得		20.12	0.64	15.6	966.0	311.0	Industrials	配当未取得	1株配当が取得できていない	除外推奨	掲載非推奨	OK_配当データ要確認	13007.1	3.63	25.7	33.14	0.8	822.3	16.5		4.67	
7370	Ｅｎｊｉｎ	グロース（内国株式）	9050	サービス業	10	情報通信・サービスその他	-	-	710.0	5.63	40.0	5.63	40.0	5.63	配当あり	いいえ	12.02	1.13	48.4	934.0	677.0	Communication Services			OK	通常掲載可	OK	2919.7	28.81	-10.63	87.57	0.0	642.0	59.07	67.72	7.8	2
7371	Ｚｅｎｋｅｎ	グロース（内国株式）	9050	サービス業	10	情報通信・サービスその他	-	-	719.0	3.62	26.0	3.62	26.0	3.62	配当あり	いいえ	24.22	0.69	87.5	809.0	624.0	Industrials			OK	通常掲載可	OK	5627.1	6.21	-20.28	85.62	0.05	645.6	29.69	87.57	3.36	0
7372	デコルテ・ホールディングス	グロース（内国株式）	9050	サービス業	10	情報通信・サービスその他	-	-	381.0						配当未取得		7.35	0.38	19.6	491.0	311.0	Consumer Cyclical	配当未取得	1株配当が取得できていない	除外推奨	掲載非推奨	OK_配当データ要確認	6046.2	4.88	8.17	40.43	1.18	1186.4	51.82		5.23	
7373	アイドマ・ホールディングス	グロース（内国株式）	9050	サービス業	10	情報通信・サービスその他	-	-	1220.0	2.46	30.0	2.46	30.0	2.46	配当あり	いいえ	9.79	2.39	181.3	3255.0	1104.0	Industrials			OK	通常掲載可	OK	13269.5	23.38	24.97	66.0	0.02	2452.6	124.56	24.08	26.72	0
7374	コンフィデンス・インターワークス	グロース（内国株式）	9050	サービス業	10	情報通信・サービスその他	-	-	1556.0	5.78	90.0	5.78	90.0	5.78	配当あり	いいえ	12.11	1.54	97.3	1740.0	1482.0	Industrials			OK	通常掲載可	OK	9970.9	12.89	18.81	81.05	0.0	1358.4	128.53	70.02	13.22	2
7375	リファインバースグループ	グロース（内国株式）	9050	サービス業	10	情報通信・サービスその他	-	-	1254.0						配当未取得		29.33	9.11	42.0	2660.0	720.0	Basic Materials	配当未取得	1株配当が取得できていない	除外推奨	掲載非推奨	OK_配当データ要確認	3852.6	0.85	-13.85	3.87	20.42	79.2	42.76		61.45	
7376	ＢＣＣ	グロース（内国株式）	9050	サービス業	10	情報通信・サービスその他	-	-	1000.0						配当未取得			1.32	42.4	1310.0	560.0	Industrials	配当未取得	1株配当が取得できていない	除外推奨	掲載非推奨	OK_配当データ要確認	1467.5	-6.68	5.93	55.83	0.37	-108.6	-39.4		-16.95	
7377	ＤＮホールディングス	スタンダード（内国株式）	9050	サービス業	10	情報通信・サービスその他	-	-	1772.0	4.23	75.0	4.23	75.0	4.23	配当あり	いいえ	10.93	0.88	145.5	2198.0	1726.0	Industrials			OK	通常掲載可	OK	36975.6	7.35	8.33	60.65	0.05	2575.5	162.14	46.26	12.04	1
7378	アシロ	グロース（内国株式）	9050	サービス業	10	情報通信・サービスその他	-	-	1598.0	2.52	40.33	2.52	40.33	2.52	配当あり	いいえ	13.55	4.0	113.1	2489.0	1161.0	Consumer Cyclical			OK	通常掲載可	OK	6647.4	21.35	41.61	64.84	0.14	1315.0	117.93	34.2	29.05	3
7380	十六フィナンシャルグループ	プライム（内国株式）	7050	銀行業	15	銀行	6	TOPIX Small 1	2461.0	2.03	50.0	2.03	50.0	2.03	配当あり	いいえ	16.05	0.93	4358.6	2476.0	984.0	Financial Services			OK	通常掲載可	OK	120240.0		3.59	5.52	1.21	-2156.0	153.32	32.61	6.19	3
7381	ＣＣＩグループ	プライム（内国株式）	7050	銀行業	15	銀行	6	TOPIX Small 1	1043.0	2.88	30.0	2.88	30.0	2.88	配当あり	いいえ	18.62	0.95	2311.0	1094.0	488.0	Financial Services			OK	通常掲載可	OK	144869.0		91.09	3.74	2.26	-276613.0	56.01	53.56	5.45	3
7383	ネットプロテクションズホールディングス	プライム（内国株式）	7200	その他金融業	16	金融（除く銀行）	6	TOPIX Small 1	368.0						配当未取得		21.1	1.74	366.2	952.0	322.0	Financial Services	配当未取得	1株配当が取得できていない	除外推奨	掲載非推奨	OK_配当データ要確認	25213.0	11.3	9.47	24.71	0.3	7310.0	17.44		8.55	
7384	プロクレアホールディングス	プライム（内国株式）	7050	銀行業	15	銀行	7	TOPIX Small 2	4055.0	2.47	100.0	2.47	100.0	2.47	配当あり	いいえ	30.4	0.71	1148.2	4085.0	1408.0	Financial Services			OK	通常掲載可	OK	76649.0		3.9	2.78	1.22	-211340.0	133.41	74.96	2.36	0
7388	ＦＰパートナー	プライム（内国株式）	7150	保険業	16	金融（除く銀行）	7	TOPIX Small 2	2164.0	4.34	94.0	4.34	94.0	4.34	配当あり	いいえ	25.25	4.82	496.3	2514.0	1921.0	Financial Services			OK	通常掲載可	OK	32104.1	9.3	-9.86	64.24	0.09	2260.3	85.69	109.7	16.4	2
7389	あいちフィナンシャルグループ	プライム（内国株式）	7050	銀行業	15	銀行	6	TOPIX Small 1	1483.0	2.02	30.0	2.02	30.0	2.02	配当あり	いいえ	16.67	0.84	3614.6	1710.0	512.4	Financial Services			OK	通常掲載可	OK	97556.0		11.73	6.01	0.9	178583.0	88.98	33.72	5.56	1
7399	ナンシン	スタンダード（内国株式）	3700	輸送用機器	6	自動車・輸送機	-	-	590.0	3.39	20.0	3.39	20.0	3.39	配当あり	いいえ	16.95	0.32	37.8	640.0	525.0	Industrials			OK	通常掲載可	OK	9818.2	1.25	10.12	81.27	0.04	-85.8	34.81	57.45	1.94	0
7409	ＡｅｒｏＥｄｇｅ	グロース（内国株式）	3700	輸送用機器	6	自動車・輸送機	-	-	1888.0						配当未取得		48.55	11.29	448.8	2840.0	441.67	Industrials	配当未取得	1株配当が取得できていない	除外推奨	掲載非推奨	OK_配当データ要確認	3602.3	18.19	7.52	47.38	0.92	-618.9	38.89		22.81	
7412	アトム	スタンダード（内国株式）	6100	小売業	14	小売	-	-							配当未取得								yfinanceデータなし	yfinanceで株価・配当データが取得できなかった	除外推奨	掲載非推奨	データなし										
7413	創健社	スタンダード（内国株式）	6050	卸売業	13	商社・卸売	-	-	2680.0	0.75	20.0	0.75	20.0	0.75	配当あり	いいえ	109.88	1.58	18.8	2900.0	2449.0	Consumer Defensive			OK	通常掲載可	OK	4751.6	0.44	-4.02	38.89	0.82	-27.3	24.39	82.0	1.45	0
7414	小野建	プライム（内国株式）	6050	卸売業	13	商社・卸売	7	TOPIX Small 2	1357.0	5.08	69.0	5.08	69.0	5.08	配当あり	いいえ		0.36	331.5	1496.0	1289.0	Industrials			OK	通常掲載可	OK	253115.0	1.87	-6.92	47.33	0.65	2489.0	-89.56		-2.21	1
7416	はるやまホールディングス	スタンダード（内国株式）	6100	小売業	14	小売	-	-	668.0	2.32	15.5	2.32	15.5	2.32	配当あり	いいえ		0.46	104.7	900.0	650.0	Consumer Cyclical			OK	通常掲載可	OK	35212.7	-1.87	-2.56	54.7	0.46	-3451.9	-69.81		-4.67	1
7417	南陽	スタンダード（内国株式）	6050	卸売業	13	商社・卸売	-	-	1640.0	3.96	65.0	3.96	65.0	3.96	配当あり	いいえ	8.63	0.73	199.2	1642.0	1190.0	Industrials			OK	通常掲載可	OK	36815.0	7.63	0.77	65.24	0.06	2477.0	190.08	34.2	8.86	4
7419	ノジマ	プライム（内国株式）	6100	小売業	14	小売	6	TOPIX Small 1	1321.0	1.51	20.0	1.51	20.0	1.51	配当あり	いいえ	10.56	1.56	3822.9	1607.0	1018.33	Consumer Cyclical			OK	通常掲載可	OK	982804.0	5.91	15.16	41.29	0.32	42819.0	125.1	15.99	17.41	13
7421	カッパ・クリエイト	プライム（内国株式）	6100	小売業	14	小売	6	TOPIX Small 1	1491.0	0.34	5.0	0.31	5.0	0.34	配当あり	いいえ		7.21	735.8	1699.0	1352.0	Consumer Cyclical			OK	通常掲載可	OK	73193.0	0.73	-0.02	35.22	0.65	2478.0	-8.05		-3.81	0
7422	東邦レマック	スタンダード（内国株式）	6050	卸売業	13	商社・卸売	-	-	370.0	3.08	11.4	3.08	11.4	3.08	配当あり	いいえ	107.56	0.36	18.8	954.0	359.0	Consumer Cyclical			OK	通常掲載可	OK	4547.6	-2.65	-10.93	67.44	0.34	-956.8	3.44	331.4	11.0	2
7425	初穂商事	スタンダード（内国株式）	6050	卸売業	13	商社・卸売	-	-	1250.0	6.4	80.0	6.4	80.0	6.4	配当あり	いいえ	9.91	0.17	82.5	1372.5	950.5	Basic Materials			OK	通常掲載可	OK	35444.6	3.43	1.77	45.12	0.08	1972.9	126.13	63.43	4.38	4
7426	山大	スタンダード（内国株式）	6050	卸売業	13	商社・卸売	-	-	600.0	5.0	30.0	6.06	30.0	5.0	配当あり	いいえ		0.36	6.7	1600.0	442.0	Basic Materials			OK	通常掲載可	OK	4138.5	-9.07	-7.63	41.37	0.72	171.0	-252.78		-13.93	0
7427	エコートレーディング	スタンダード（内国株式）	6050	卸売業	13	商社・卸売	-	-	845.0	3.55	30.0	3.55	30.0	3.55	配当あり	いいえ	6.57	0.42	51.3	958.0	811.0	Consumer Defensive			OK	通常掲載可	OK	105812.0	1.05	-0.54	31.31	0.14	3753.1	128.61	23.33	6.49	0
7433	伯東	プライム（内国株式）	6050	卸売業	13	商社・卸売	6	TOPIX Small 1	4635.0	4.75	220.0	4.75	220.0	4.75	配当あり	いいえ	17.42	1.28	872.6	4710.0	3590.0	Technology			OK	通常掲載可	OK	181178.0	3.36	-1.07	41.36	0.85	9106.0	266.05	82.69	7.4	0
7434	オータケ	スタンダード（内国株式）	6050	卸売業	13	商社・卸売	-	-	1799.0	2.22	40.0	2.22	40.0	2.22	配当あり	いいえ	7.47	0.41	70.6	2099.0	1707.0	Industrials			OK	通常掲載可	OK	32993.6	2.96	5.57	59.04	0.0	730.8	240.89	16.61	5.49	4
7435	ナ・デックス	スタンダード（内国株式）	6050	卸売業	13	商社・卸売	-	-	1305.0	4.14	54.0	4.14	54.0	4.14	配当あり	いいえ	16.08	0.52	103.6	1393.0	919.0	Industrials			OK	通常掲載可	OK	36890.9	2.07	7.28	60.48	0.02	1436.4	81.17	66.53	3.85	0
7438	コンドーテック	プライム（内国株式）	6050	卸売業	13	商社・卸売	7	TOPIX Small 2	1539.0	3.77	58.0	3.77	58.0	3.77	配当あり	いいえ	11.93	1.02	394.5	1748.0	1395.0	Industrials			OK	通常掲載可	OK	83949.0	5.53	6.03	55.66	0.18	246.0	128.97	44.97	8.39	13
7442	中山福	スタンダード（内国株式）	6050	卸売業	13	商社・卸売	-	-	476.0	2.52	12.0	2.52	12.0	2.52	配当あり	いいえ	13.85	0.39	90.1	491.0	401.0	Consumer Cyclical			OK	通常掲載可	OK	43052.5	1.23	5.14	71.65	0.1	269.0	34.37	34.91	2.9	1
7443	横浜魚類	スタンダード（内国株式）	6050	卸売業	13	商社・卸売	-	-	636.0	1.26	8.0	1.26	8.0	1.26	配当あり	いいえ	21.41	2.38	39.8	725.0	588.0	Consumer Defensive			OK	通常掲載可	OK	20978.8	1.01	3.83	47.72	0.13	157.5	29.7	26.94	-2.68	1
7444	ハリマ共和物産	スタンダード（内国株式）	6050	卸売業	13	商社・卸売	-	-	1984.0	3.02	60.0	3.02	60.0	3.02	配当あり	いいえ	7.06	0.41	106.8	2199.0	1860.0	Consumer Cyclical			OK	通常掲載可	OK	59843.2	2.83	-3.2	69.38	0.1	-317.8	281.13	21.34	5.93	5
7446	東北化学薬品	スタンダード（内国株式）	6050	卸売業	13	商社・卸売	-	-	4680.0	2.24	105.0	2.24	105.0	2.24	配当あり	いいえ	7.59	0.5	42.2	5200.0	3650.0	Basic Materials			OK	通常掲載可	OK	34442.6	1.51	7.11	43.03	0.1	129.9	616.82	17.02	6.89	1
7447	ナガイレーベン	プライム（内国株式）	6050	卸売業	13	商社・卸売	7	TOPIX Small 2	1728.0	4.05	70.0	4.05	70.0	4.05	配当あり	いいえ	20.88	1.35	517.9	2363.0	1598.0	Consumer Cyclical			OK	通常掲載可	OK	16983.8	21.1	3.48	92.45		1791.7	82.77	84.57	6.37	1
7453	良品計画	プライム（内国株式）	6100	小売業	14	小売	4	TOPIX Mid400	3615.0	0.89	32.0	0.89	32.0	0.89	配当あり	いいえ	32.15	5.25	19189.4	4105.0	2623.0	Consumer Cyclical			OK	通常掲載可	OK	784629.0	9.41	18.58	59.01	0.31	32361.0	112.43	28.46	-4.76	1
7456	松田産業	プライム（内国株式）	6050	卸売業	13	商社・卸売	6	TOPIX Small 1	5850.0	1.88	110.0	1.88	110.0	1.88	配当あり	いいえ	9.03	1.28	1511.8	8860.0	3295.0	Basic Materials			OK	通常掲載可	OK	687843.0	3.26	46.71	52.01	0.44	-15178.0	647.6	16.99	15.43	8
7458	第一興商	プライム（内国株式）	6050	卸売業	13	商社・卸売	4	TOPIX Mid400	1728.5	3.93	68.0	3.93	68.0	3.93	配当あり	いいえ	11.27	1.44	1786.9	1794.0	1537.0	Consumer Cyclical			OK	通常掲載可	OK	162950.0	12.68	6.49	56.3	0.44	1789.0	153.32	44.35	13.23	0
7459	メディパルホールディングス	プライム（内国株式）	6050	卸売業	13	商社・卸売	4	TOPIX Mid400	2645.5	2.57	68.0	2.57	68.0	2.57	配当あり	いいえ	12.8	0.83	5415.3	3070.0	2303.0	Healthcare			OK	通常掲載可	OK	3817354.0	1.39	3.98	33.93	0.0	36865.0	206.61	32.91	6.84	4
7460	ヤギ	スタンダード（内国株式）	6050	卸売業	13	商社・卸売	-	-	1690.0	10.65	180.0	10.65	180.0	10.65	配当あり	いいえ	11.43	0.88	411.7	1767.0	889.0	Consumer Cyclical	高利回り要確認	1株配当が株価の10%以上 / 配当利回りが8%以上	要確認	手動確認後に掲載	OK_高利回り要確認	85934.0	4.92	3.07	56.57	0.27	3289.0	147.88	121.72	8.16	5
7461	キムラ	スタンダード（内国株式）	6050	卸売業	13	商社・卸売	-	-	477.0	2.94	14.0	2.94	14.0	2.94	配当あり	いいえ	10.0	0.42	70.8	535.0	442.0	Basic Materials			OK	通常掲載可	OK	37165.3	2.87	2.53	45.74	0.71	-3955.4	47.7	29.35	3.85	1
7462	ＣＡＰＩＴＡ	スタンダード（内国株式）	6100	小売業	14	小売	-	-	319.0	3.13	10.0	3.13	10.0	3.13	配当あり	いいえ	17.37	0.71	26.2	350.0	204.0	Energy			OK	通常掲載可	OK	3369.5	2.36	10.68	52.76	0.57	563.1	18.37	54.44	4.09	1
7463	アドヴァングループ	スタンダード（内国株式）	6100	小売業	14	小売	7	TOPIX Small 2	908.0	4.41	40.0	4.41	40.0	4.41	配当あり	いいえ	3.86	0.51	304.9	1054.0	807.0	Basic Materials			OK	通常掲載可	OK	18518.8	17.02	-8.79	67.08	0.41	-131.9	235.44	16.99	14.13	0
7464	セフテック	スタンダード（内国株式）	6050	卸売業	13	商社・卸売	-	-	1537.0	3.9	60.0	3.9	60.0	3.9	配当あり	いいえ	18.98	0.37	27.0	1760.0	1515.0	Industrials			OK	通常掲載可	OK	10111.0	2.43	-1.95	62.49	0.44	135.1	81.0	74.07	1.97	0
7466	ＳＰＫ	プライム（内国株式）	6050	卸売業	13	商社・卸売	7	TOPIX Small 2	1313.0	3.2	42.0	3.2	42.0	3.2	配当あり	いいえ	9.84	0.91	265.1	1371.5	1096.0	Consumer Cyclical			OK	通常掲載可	OK	75246.0	4.77	9.5	61.04	0.29	2055.0	133.4	31.48	9.6	15
7472	鳥羽洋行	スタンダード（内国株式）	6050	卸売業	13	商社・卸売	-	-	3840.0	3.12	120.0	3.13	120.0	3.12	配当あり	いいえ	13.64	0.69	150.2	4270.0	3485.0	Industrials			OK	通常掲載可	OK	29061.0	5.14	-7.93	74.67	0.0	3206.4	281.47	42.63	5.17	1
7475	アルビス	プライム（内国株式）	6100	小売業	14	小売	7	TOPIX Small 2	2500.0	2.8	70.0	2.8	70.0	2.8	配当あり	いいえ	15.85	0.63	208.9	3325.0	2360.0	Consumer Defensive			OK	通常掲載可	OK	100951.0	2.14	2.82	56.33	0.4	-1194.0	157.75	44.37	4.05	0
7476	アズワン	プライム（内国株式）	6050	卸売業	13	商社・卸売	4	TOPIX Mid400	2331.0	2.83	66.0	2.83	66.0	2.83	配当あり	いいえ	18.15	2.33	1661.2	2651.5	1959.0	Healthcare			OK	通常掲載可	OK	110698.0	11.6	6.7	69.49	0.07	3717.0	128.44	51.39	13.31	5
7477	ムラキ	スタンダード（内国株式）	6050	卸売業	13	商社・卸売	-	-	1870.0	1.6	30.0	1.6	30.0	1.6	配当あり	いいえ	40.32	0.96	26.5	2630.0	1120.0	Consumer Cyclical			OK	通常掲載可	OK	7825.4	1.75	3.74	67.17	0.0	155.1	46.38	64.68	2.39	2
7480	スズデン	スタンダード（内国株式）	6050	卸売業	13	商社・卸売	7	TOPIX Small 2	2522.0	4.52	114.0	4.52	114.0	4.52	配当あり	いいえ	19.53	1.91	319.8	2580.0	1627.0	Industrials			OK	通常掲載可	OK	45902.3	4.51	-1.56	59.11	0.08	1511.3	129.13	88.28	9.71	0
7481	尾家産業	スタンダード（内国株式）	6050	卸売業	13	商社・卸売	-	-	2658.0	3.91	104.0	3.91	104.0	3.91	配当あり	いいえ	7.86	1.3	220.6	2875.0	2052.0	Consumer Defensive			OK	通常掲載可	OK	129321.0	2.95	8.44	41.28	0.02	3179.0	338.36	30.74	17.85	0
7482	シモジマ	プライム（内国株式）	6050	卸売業	13	商社・卸売	7	TOPIX Small 2	1342.0	4.47	60.0	4.47	60.0	4.47	配当あり	いいえ	11.45	0.85	313.9	1500.0	1197.0	Consumer Cyclical			OK	通常掲載可	OK	64829.0	5.33	6.84	81.39	0.01	2406.0	117.16	51.21	7.6	0
7483	ドウシシャ	プライム（内国株式）	6050	卸売業	13	商社・卸売	7	TOPIX Small 2	2874.0	4.18	120.0	4.18	120.0	4.18	配当あり	いいえ	11.88	1.09	1031.6	3755.0	2383.0	Industrials			OK	通常掲載可	OK	120533.0	9.9	5.79	85.71	0.01	10856.0	241.99	49.59	9.38	5
7486	サンリン	スタンダード（内国株式）	6050	卸売業	13	商社・卸売	-	-	753.0	3.19	24.0	3.19	24.0	3.19	配当あり	いいえ	18.28	0.42	91.2	1079.0	681.0	Energy			OK	通常掲載可	OK	30529.0	2.75	-0.96	70.32	0.16	-141.0	41.19	58.27	2.38	1
7487	小津産業	スタンダード（内国株式）	6050	卸売業	13	商社・卸売	-	-	1806.0	1.38	25.0	1.38	25.0	1.38	配当あり	いいえ	32.9	0.78	152.0	2016.0	1643.0	Basic Materials			OK	通常掲載可	OK	10220.5	4.21	0.94	72.41	0.13	637.0	54.9	45.54	2.9	0
7490	日新商事	スタンダード（内国株式）	6050	卸売業	13	商社・卸売	-	-	2187.0	1.01	22.0	1.01	22.0	1.01	配当あり	いいえ	3.99	0.56	146.0	2237.0	1025.0	Industrials			OK	通常掲載可	OK	39034.6	0.99	0.78	57.77	0.42	-468.9	548.28	4.01	15.3	1
7494	コナカ	スタンダード（内国株式）	6100	小売業	14	小売	-	-	233.0	4.29	10.0	4.29	10.0	4.29	配当あり	いいえ	3.85	0.45	78.7	273.0	215.0	Consumer Cyclical			OK	通常掲載可	OK	55487.0	-1.38	-12.1	39.35	0.86	270.0	60.58	16.51	11.72	0
7500	西川計測	スタンダード（内国株式）	6050	卸売業	13	商社・卸売	-	-	9860.0	2.43	240.0	2.43	240.0	2.43	配当あり	いいえ	12.47	8.58	334.4	13990.0	8880.0	Technology			OK	通常掲載可	OK	38719.3	9.7	6.32	60.45	0.0	2674.0	790.77	30.35	5.72	4
7501	ティムコ	スタンダード（内国株式）	6050	卸売業	13	商社・卸売	-	-	1550.0	0.77	12.0	0.77	12.0	0.77	配当あり	いいえ		0.89	38.4	2130.0	903.0	Consumer Cyclical			OK	通常掲載可	OK	3219.1	-3.05	0.22	79.91	0.0	-296.7	-52.08		-2.65	0
7502	プラザホールディングス	スタンダード（内国株式）	9050	サービス業	10	情報通信・サービスその他	-	-	1611.0	1.55	25.0	1.55	25.0	1.55	配当あり	いいえ	18.18	1.62	37.5	1977.0	1585.0	Consumer Cyclical			OK	通常掲載可	OK	19204.1	1.9	3.0	20.77	2.69	566.5	88.61	28.21	9.09	0
7504	高速	プライム（内国株式）	6050	卸売業	13	商社・卸売	7	TOPIX Small 2	3640.0	3.3	120.0	3.3	120.0	3.3	配当あり	いいえ	18.87	1.67	711.7	3670.0	2717.0	Consumer Cyclical			OK	通常掲載可	OK	124191.5	3.92	7.14	67.3	0.01	-1977.3	192.92	62.2	9.15	8
7505	扶桑電通	スタンダード（内国株式）	6050	卸売業	13	商社・卸売	-	-	2306.0	7.07	163.0	7.07	163.0	7.07	配当あり	いいえ	7.92	1.64	269.1	2344.0	1095.0	Technology			OK	通常掲載可	OK	54684.0	6.27	16.9	38.79	0.09	4604.0	291.25	55.97	21.56	3
7506	ハウス　オブ　ローゼ	スタンダード（内国株式）	6100	小売業	14	小売	-	-	1371.0	1.82	25.0	1.82	25.0	1.82	配当あり	いいえ	3343.9	1.2	64.5	1554.0	1348.0	Consumer Cyclical			OK	通常掲載可	OK	11541.7	0.79	-0.45	68.63	0.01	-215.7	0.41	6097.56	6.08	0
7508	Ｇ‐７ホールディングス	プライム（内国株式）	6100	小売業	14	小売	7	TOPIX Small 2	1385.0	5.05	70.0	5.05	70.0	5.05	配当あり	いいえ	12.71	1.71	606.0	1562.0	1178.0	Consumer Defensive			OK	通常掲載可	OK	232199.0	3.13	8.44	43.55	0.57	2626.0	109.0	64.22	14.0	0
7509	アイエーグループ	スタンダード（内国株式）	6100	小売業	14	小売	-	-	4670.0	3.43	160.0	3.43	160.0	3.43	配当あり	いいえ	4.91	0.41	68.1	4990.0	3470.0	Industrials			OK	通常掲載可	OK	39841.9	4.59	6.84	60.14	0.19	1403.1	950.34	16.84	8.8	0
7510	たけびし	プライム（内国株式）	6050	卸売業	13	商社・卸売	7	TOPIX Small 2	2312.0	3.89	90.0	3.89	90.0	3.89	配当あり	いいえ	12.52	0.84	370.5	2723.0	1810.0	Technology			OK	通常掲載可	OK	109862.0	3.72	8.81	68.12	0.03	1974.0	184.73	48.72	6.97	4
7512	イオン北海道	スタンダード（内国株式）	6100	小売業	14	小売	6	TOPIX Small 1	841.0	1.9	16.0	1.9	16.0	1.9	配当あり	いいえ	31.45	1.54	1170.1	959.0	809.0	Consumer Cyclical			OK	通常掲載可	OK	404360.0	2.06	7.12	38.43	0.67	3572.0	26.74	59.84	13.74	0
7513	コジマ	プライム（内国株式）	6100	小売業	14	小売	6	TOPIX Small 1	1271.0	1.89	24.0	1.89	24.0	1.89	配当あり	いいえ	19.57	1.38	985.4	1473.0	1064.0	Consumer Cyclical			OK	通常掲載可	OK	282790.0	2.59	4.79	58.16	0.14	957.0	64.95	36.95	7.23	2
7514	ヒマラヤ	スタンダード（内国株式）	6100	小売業	14	小売	-	-	864.0	3.01	26.0	3.01	26.0	3.01	配当あり	いいえ		0.66	105.8	900.0	835.0	Consumer Cyclical			OK	通常掲載可	OK	60447.0	0.47	3.31	47.1	0.3	-372.0	-16.76		-1.28	0
7515	マルヨシセンター	スタンダード（内国株式）	6100	小売業	14	小売	-	-	4610.0	0.65	30.0	0.65	30.0	0.65	配当あり	いいえ	32.79	1.32	43.1	4790.0	4025.0	Consumer Defensive			OK	通常掲載可	OK	42991.7	0.79	3.0	19.66	1.94	1748.1	140.61	21.34	4.67	0
7516	コーナン商事	プライム（内国株式）	6100	小売業	14	小売	6	TOPIX Small 1	4025.0	3.48	140.0	3.48	140.0	3.48	配当あり	いいえ	9.31	0.65	1133.7	4610.0	3705.0	Consumer Cyclical			OK	通常掲載可	OK	519778.0	4.31	3.66	34.35	1.19	8311.0	432.28	32.39	7.24	11
7520	エコス	プライム（内国株式）	6100	小売業	14	小売	7	TOPIX Small 2	2301.0	3.04	70.0	3.04	70.0	3.04	配当あり	いいえ	9.77	0.88	257.2	3295.0	2194.0	Consumer Defensive			OK	通常掲載可	OK	137984.0	4.16	0.59	51.75	0.34	5267.0	235.62	29.71	9.43	4
7521	ムサシ	スタンダード（内国株式）	6050	卸売業	13	商社・卸売	-	-	2769.0	1.3	36.0	1.3	36.0	1.3	配当あり	いいえ	6.73	0.51	188.7	3030.0	1769.0	Industrials			OK	通常掲載可	OK	40586.0	11.52	8.54	69.9	0.1	1758.0	411.47	8.75	7.91	2
7522	ワタミ	プライム（内国株式）	6100	小売業	14	小売	7	TOPIX Small 2	927.0	1.08	10.0	1.08	10.0	1.08	配当あり	いいえ	10.25	1.23	371.8	1076.0	892.0	Consumer Cyclical			OK	通常掲載可	OK	93268.0	5.19	5.13	40.45	0.96	4365.0	90.48	11.05	14.25	0
7523	アールビバン	スタンダード（内国株式）	6100	小売業	14	小売	-	-	1718.0	1.75	30.0	1.75	30.0	1.75	配当あり	いいえ	9.28	0.97	157.2	2170.0	1041.0	Consumer Cyclical			OK	通常掲載可	OK	12675.0	21.29	18.11	44.34	0.66	3716.9	185.03	16.21	10.69	3
7524	マルシェ	スタンダード（内国株式）	6100	小売業	14	小売	-	-	185.0						配当未取得			0.32	18.6	229.0	150.0	Consumer Cyclical	配当未取得	1株配当が取得できていない	除外推奨	掲載非推奨	OK_配当データ要確認	4581.8	0.97	-2.0	11.97	4.91	-201.5	-7.12		4.93	0
7525	リックス	プライム（内国株式）	6050	卸売業	13	商社・卸売	7	TOPIX Small 2	3500.0	4.63	162.0	4.63	162.0	4.63	配当あり	いいえ	8.92	0.99	283.7	3980.0	3040.0	Industrials			OK	通常掲載可	OK	55827.3	6.34	2.01	60.41	0.07	116.1	392.35	41.29	11.16	1
7527	システムソフト	スタンダード（内国株式）	5250	情報・通信業	10	情報通信・サービスその他	7	TOPIX Small 2	50.0						配当未取得			1.0	52.9	99.0	44.0	Technology	配当未取得	1株配当が取得できていない	除外推奨	掲載非推奨	OK_配当データ要確認	1373.4	-35.97	-40.57	89.25	0.02	-536.8	-3.12		-6.04	0
7531	清和中央ホールディングス	スタンダード（内国株式）	6050	卸売業	13	商社・卸売	-	-	1291.0	1.55	20.0	1.55	20.0	1.55	配当あり	いいえ	14.6	0.32	50.8	1863.0	1252.0	Basic Materials			OK	通常掲載可	OK	50026.4	0.8	-2.81	44.06	0.02	1726.7	88.43	22.62	2.66	1
7532	パン・パシフィック・インターナショナルホールディングス	プライム（内国株式）	6100	小売業	14	小売	4	TOPIX Mid400	818.3	1.04	8.5	1.04	8.5	1.04	配当あり	いいえ	24.45	3.57	24462.9	1139.4	793.6	Consumer Defensive			OK	通常掲載可	OK	2246758.0	7.22	7.24	40.23	0.73	79835.0	33.47	25.4	14.6	18
7537	丸文	プライム（内国株式）	6050	卸売業	13	商社・卸売	7	TOPIX Small 2	1683.0	4.63	78.0	4.63	78.0	4.63	配当あり	いいえ	13.35	0.78	441.7	1852.0	1017.0	Technology			OK	通常掲載可	OK	213425.0	3.64	1.23	39.23	0.86	4955.0	126.06	61.88	5.97	1
7538	大水	スタンダード（内国株式）	6050	卸売業	13	商社・卸売	-	-	374.0	1.87	7.0	1.87	7.0	1.87	配当あり	いいえ	6.96	0.4	45.6	463.0	330.0	Consumer Defensive			OK	通常掲載可	OK	99302.0	0.69	0.86	46.12	0.26	-1338.0	53.71	13.03	6.01	0
7539	アイナボホールディングス	スタンダード（内国株式）	6050	卸売業	13	商社・卸売	-	-	806.0	3.23	26.0	3.23	26.0	3.23	配当あり	いいえ	10.43	0.69	187.2	855.0	683.0	Industrials			OK	通常掲載可	OK	92272.2	2.74	2.77	55.39	0.01	2734.2	77.3	33.64	6.8	1
7544	スリーエフ	スタンダード（内国株式）	6100	小売業	14	小売	-	-	561.0	3.21	18.0	3.21	18.0	3.21	配当あり	いいえ	11.12	1.03	42.5	612.0	457.0	Consumer Defensive			OK	通常掲載可	OK	15082.0	9.42	8.39	71.9		1082.0	50.43	35.69	19.14	1
7545	西松屋チェーン	プライム（内国株式）	6100	小売業	14	小売	6	TOPIX Small 1	2036.0	1.57	32.0	1.57	32.0	1.57	配当あり	いいえ	17.64	1.22	1216.0	2354.0	1830.0	Consumer Cyclical			OK	通常掲載可	OK	193365.0	5.14	3.97	61.57	0.0	10566.0	115.44	27.72	7.21	6
7550	ゼンショーホールディングス	プライム（内国株式）	6100	小売業	14	小売	4	TOPIX Mid400	8232.0	0.97	80.0	0.97	80.0	0.97	配当あり	いいえ	29.85	3.78	12880.0	10600.0	7381.0	Consumer Cyclical			OK	通常掲載可	OK	1264053.0	6.44	11.21	35.5	1.16	20754.0	275.77	29.01	15.74	7
75505	ゼンショーホールディングス第１回社債型種類株式	プライム（内国株式）	6100	小売業	14	小売	-	-	4980.0						配当未取得			2.29		5500.0	4900.0		配当未取得	1株配当が取得できていない	除外推奨	掲載非推奨	OK_配当データ要確認									15.74	
7551	ウェッズ	スタンダード（内国株式）	3700	輸送用機器	6	自動車・輸送機	-	-	687.0	3.2	22.0	3.2	22.0	3.2	配当あり	いいえ	11.29	0.62	110.2	774.0	605.0	Consumer Cyclical			OK	通常掲載可	OK	34530.7	5.52	-1.73	67.23	0.07	485.0	60.87	36.14	5.43	0
7552	ハピネット	プライム（内国株式）	6050	卸売業	13	商社・卸売	6	TOPIX Small 1	2990.0	3.18	95.0	3.18	95.0	3.18	配当あり	いいえ	13.16	2.15	1295.0	3630.0	2485.0	Consumer Cyclical			OK	通常掲載可	OK	439052.0	3.47	20.48	41.86		15183.0	227.24	41.81	17.41	2
7554	幸楽苑	プライム（内国株式）	6100	小売業	14	小売	7	TOPIX Small 2	1098.0	1.37	15.0	1.37	15.0	1.37	配当あり	いいえ	18.15	3.05	209.8	1249.0	1009.0	Consumer Cyclical			OK	通常掲載可	OK	29404.7	5.07	56.04	53.45	0.19	453.4	60.5	24.79	46.77	0
7555	大田花き	スタンダード（内国株式）	6050	卸売業	13	商社・卸売	-	-	740.0	1.62	12.0	1.62	12.0	1.62	配当あり	いいえ	45.88	0.72	37.6	829.0	733.0	Consumer Defensive			OK	通常掲載可	OK	3661.0	1.56	-5.08	63.7	0.03	265.0	16.13	74.4	1.57	0
7561	ハークスレイ	スタンダード（内国株式）	6100	小売業	14	小売	-	-	659.0	4.55	30.0	4.55	30.0	4.55	配当あり	いいえ	8.21	0.48	121.9	819.0	610.0	Consumer Cyclical			OK	通常掲載可	OK	52427.0	5.83	16.05	35.71	1.23	3731.0	80.27	37.37	6.0	0
7562	安楽亭	スタンダード（内国株式）	6100	小売業	14	小売	-	-	3760.0	0.4	15.0	0.4	15.0	0.4	配当あり	いいえ	20.41	2.1	173.6	3885.0	3600.0	Consumer Cyclical			OK	通常掲載可	OK	30789.8	4.68	1.44	32.1	1.36	1159.3	184.24	8.14	10.83	
7564	ワークマン	スタンダード（内国株式）	6100	小売業	14	小売	-	-	6370.0	1.4	89.0	1.4	89.0	1.4	配当あり	いいえ	25.19	3.39	5198.8	8330.0	5300.0	Consumer Cyclical			OK	通常掲載可	OK	160851.0	18.46	17.47	82.83	0.01	10197.0	252.89	35.19	14.28	1
7565	萬世電機	スタンダード（内国株式）	6050	卸売業	13	商社・卸売	-	-	6200.0	2.58	160.0	2.58	160.0	2.58	配当あり	いいえ	9.03	0.77	100.7	6660.0	4350.0	Technology			OK	通常掲載可	OK	26992.8	5.82	10.52	53.48	0.02	2481.8	686.34	23.31	8.96	4
7567	栄電子	スタンダード（内国株式）	6050	卸売業	13	商社・卸売	-	-	530.0	2.08	11.0	2.08	11.0	2.08	配当あり	いいえ	23.64	0.56	26.9	649.0	440.0	Industrials			OK	通常掲載可	OK	7330.4	1.9	14.03	65.46	0.1	-9.3	22.42	49.06	2.43	0
7570	橋本総業ホールディングス	スタンダード（内国株式）	6050	卸売業	13	商社・卸売	7	TOPIX Small 2	1437.0	3.62	52.0	3.62	52.0	3.62	配当あり	いいえ	9.94	0.77	279.6	1549.0	1159.0	Industrials			OK	通常掲載可	OK	172462.0	1.47	4.31	42.92	0.23	2568.0	144.56	35.97	8.19	8
7571	ヤマノホールディングス	スタンダード（内国株式）	6100	小売業	14	小売	-	-	85.0	1.76	1.5	1.76	1.5	1.76	配当あり	いいえ	14.26	1.99	29.6	230.0	78.0	Industrials			OK	通常掲載可	OK	14724.2	2.8	5.44	17.74	2.29	292.9	5.96	25.17	14.69	0
7575	日本ライフライン	プライム（内国株式）	6050	卸売業	13	商社・卸売	6	TOPIX Small 1	1329.0	4.21	56.0	4.21	56.0	4.21	配当あり	いいえ	9.97	1.41	932.4	1645.0	1239.0	Healthcare			OK	通常掲載可	OK	59187.0	21.31	4.55	82.15	0.05	6198.0	133.3	42.01	14.86	2
7578	ニチリョク	スタンダード（内国株式）	6100	小売業	14	小売	-	-	76.0						配当未取得			0.14	14.0	171.0	65.0	Consumer Cyclical	配当未取得	1株配当が取得できていない	除外推奨	掲載非推奨	OK_配当データ要確認	2242.6	-4.38	-21.38	61.34	0.48	-118.4	-12.07		-10.46	0
7581	サイゼリヤ	プライム（内国株式）	6100	小売業	14	小売	6	TOPIX Small 1	5470.0	0.55	30.0	0.55	30.0	0.55	配当あり	いいえ	22.22	2.12	2687.3	7220.0	4685.0	Consumer Cyclical			OK	通常掲載可	OK	256714.0	6.04	14.33	65.29	0.22	7665.0	246.15	12.19	10.13	2
7585	かんなん丸	スタンダード（内国株式）	6100	小売業	14	小売	-	-	406.0						配当未取得			1.32	15.5	495.0	398.0	Consumer Cyclical	配当未取得	1株配当が取得できていない	除外推奨	掲載非推奨	OK_配当データ要確認	1649.6	-10.95	23.51	36.46	1.21	-358.5	-55.34		-0.68	0
7590	タカショー	スタンダード（内国株式）	6050	卸売業	13	商社・卸売	7	TOPIX Small 2	401.0	1.25	5.0	1.25	5.0	1.25	配当あり	いいえ	34.01	0.53	67.6	495.0	375.0	Consumer Cyclical			OK	通常掲載可	OK	20246.4	1.08	1.79	54.21	0.44	121.0	11.79	42.41	3.12	0
7593	ＶＴホールディングス	プライム（内国株式）	6100	小売業	14	小売	6	TOPIX Small 1	460.0	5.22	24.0	5.22	24.0	5.22	配当あり	いいえ	11.09	0.76	534.8	575.0	428.0	Consumer Cyclical			OK	通常掲載可	OK	388733.0	2.83	10.55	23.32	1.23	4229.0	41.49	57.85	7.51	0
7595	アルゴグラフィックス	プライム（内国株式）	5250	情報・通信業	10	情報通信・サービスその他	6	TOPIX Small 1	1268.0	3.63	46.0	3.63	46.0	3.63	配当あり	いいえ	4.81	1.79	871.3	1709.0	1133.75	Technology			OK	通常掲載可	OK	71526.0	15.02	2.85	60.26		588.0	263.49	17.46	34.84	4
7596	魚力	プライム（内国株式）	6100	小売業	14	小売	7	TOPIX Small 2	2245.0	2.32	52.0	2.32	52.0	2.32	配当あり	いいえ	24.04	1.67	313.3	2670.0	2115.0	Consumer Defensive			OK	通常掲載可	OK	43600.4	3.56	19.03	76.91	0.0	463.2	93.39	55.68	7.0	0
7599	ＩＤＯＭ	プライム（内国株式）	6050	卸売業	13	商社・卸売	6	TOPIX Small 1	1429.0	2.97	42.43	2.97	42.43	2.97	配当あり	いいえ	12.05	1.63	1434.8	1567.0	947.0	Consumer Cyclical			OK	通常掲載可	OK	562774.0	3.59	13.31	33.36	1.19	-98.0	118.61	35.77	14.06	0
7600	日本エム・ディ・エム	プライム（内国株式）	3750	精密機器	9	電機・精密	7	TOPIX Small 2	895.0	1.9	17.0	1.9	17.0	1.9	配当あり	いいえ	89.32	0.93	235.9	946.0	445.0	Healthcare			OK	通常掲載可	OK	23917.0	2.4	-4.77	71.19	0.23	-1791.7	10.02	169.66	1.09	9
7601	ポプラ	スタンダード（内国株式）	6100	小売業	14	小売	-	-	165.0						配当未取得		20.17	2.21	19.4	209.0	161.0	Consumer Cyclical	配当未取得	1株配当が取得できていない	除外推奨	掲載非推奨	OK_配当データ要確認	11654.0	2.59	-3.11	22.23	0.43	241.0	8.18		16.14	0
7602	レダックス	スタンダード（内国株式）	6050	卸売業	13	商社・卸売	-	-	166.0	1.2	2.0	1.2	2.0	1.2	配当あり	いいえ	30.24	0.73	34.4	388.0	126.0	Consumer Cyclical			OK	通常掲載可	OK	19846.9	-0.61	-0.94	65.95	0.14	-257.9	5.49	36.43	2.58	0
7603	ジーイエット	スタンダード（内国株式）	6100	小売業	14	小売	-	-	55.0						配当未取得			0.78	41.0	536.0	45.0	Consumer Cyclical	配当未取得	1株配当が取得できていない	除外推奨	掲載非推奨	OK_配当データ要確認	11590.0	-20.53	-11.65	25.32	0.51	-4095.0	-138.51		-202.97	0
7604	梅の花グループ	スタンダード（内国株式）	6100	小売業	14	小売	-	-	886.0	1.13	10.0	1.13	10.0	1.13	配当あり	いいえ	33.11	3.75	78.7	924.0	801.0	Consumer Cyclical			OK	通常掲載可	OK	29440.6	1.87	-1.26	7.98	9.06	-254.5	26.76	37.37	13.29	0
7606	ユナイテッドアローズ	プライム（内国株式）	6100	小売業	14	小売	6	TOPIX Small 1	2438.0	3.77	92.0	3.77	92.0	3.77	配当あり	いいえ	11.01	1.6	676.3	2756.0	1900.0	Consumer Cyclical			OK	通常掲載可	OK	164603.0	5.54	9.07	58.93	0.05	-621.0	221.37	41.56	15.29	4
7607	進和	プライム（内国株式）	6050	卸売業	13	商社・卸売	7	TOPIX Small 2	3295.0	3.76	124.0	3.76	124.0	3.76	配当あり	いいえ	11.92	0.95	442.0	3465.0	2853.0	Industrials			OK	通常掲載可	OK	86146.5	5.27	10.66	58.42	0.02	10526.7	276.45	44.85	8.28	4
7608	エスケイジャパン	スタンダード（内国株式）	6050	卸売業	13	商社・卸売	-	-	812.0	2.96	24.0	2.96	24.0	2.96	配当あり	いいえ	10.2	2.05	136.2	944.0	487.0	Consumer Cyclical			OK	通常掲載可	OK	16232.6	11.46	22.28	77.98		665.2	79.58	30.16	21.8	4
7609	ダイトロン	プライム（内国株式）	6050	卸売業	13	商社・卸売	7	TOPIX Small 2	3670.0	3.0	110.0	3.0	110.0	3.0	配当あり	いいえ	15.8	2.12	773.1	4090.0	1787.5	Technology			OK	通常掲載可	OK	103142.5	6.8	10.26	44.82	0.01	5841.3	232.31	47.35	16.74	5
7610	テイツー	スタンダード（内国株式）	6100	小売業	14	小売	-	-	147.0	2.72	4.0	2.72	4.0	2.72	配当あり	いいえ	10.76	1.34	91.0	164.0	127.0	Consumer Cyclical			OK	通常掲載可	OK	42233.2	3.26	15.78	48.76	0.42	1085.5	13.66	29.28	13.21	0
7611	ハイデイ日高	プライム（内国株式）	6100	小売業	14	小売	6	TOPIX Small 1	2627.0	1.98	52.0	1.98	52.0	1.98	配当あり	いいえ	20.08	3.8	945.8	3900.0	2456.0	Consumer Cyclical			OK	通常掲載可	OK	62252.9	10.58	11.91	72.75		3782.8	130.82	39.75	18.65	3
7613	シークス	プライム（内国株式）	6050	卸売業	13	商社・卸売	6	TOPIX Small 1	1314.0	3.81	50.0	3.81	50.0	3.81	配当あり	いいえ	24.88	0.58	619.4	1463.0	1145.0	Technology			OK	通常掲載可	OK	289491.0	3.06	-4.24	49.67	0.38	23163.0	52.82	94.66	2.82	15
7614	オーエムツーネットワーク	スタンダード（内国株式）	6100	小売業	14	小売	-	-	1554.0	2.32	36.0	2.32	36.0	2.32	配当あり	いいえ	10.95	0.57	103.5	2049.0	1468.0	Consumer Defensive			OK	通常掲載可	OK	35371.1	3.66	7.91	77.42	0.04	1088.1	141.88	25.37	5.73	2
7615	京都きもの友禅ホールディングス	スタンダード（内国株式）	6100	小売業	14	小売	-	-	95.0	1.58	1.5	1.58	1.5	1.58	配当あり	いいえ	7.12	0.63	19.7	441.0	89.0	Consumer Cyclical			OK	通常掲載可	OK	5951.6	4.35	15.31	37.97	0.08	810.2	13.35	11.24	8.71	0
7616	コロワイド	プライム（内国株式）	6100	小売業	14	小売	4	TOPIX Mid400	1835.5	0.27	5.0	0.27	5.0	0.27	配当あり	いいえ	116.24	2.32	1951.2	2042.0	1656.0	Consumer Cyclical			OK	通常掲載可	OK	300090.0	4.12	11.49	24.0	2.21	16514.0	15.79	31.67	1.9	0
7619	田中商事	スタンダード（内国株式）	6050	卸売業	13	商社・卸売	-	-	881.0	4.77	42.0	4.77	42.0	4.77	配当あり	いいえ	7.65	0.46	71.8	947.0	684.0	Technology			OK	通常掲載可	OK	44048.2	3.07	6.26	50.69	0.25	80.3	115.23	36.45	6.12	0
7621	うかい	スタンダード（内国株式）	6100	小売業	14	小売	-	-	3305.0	0.45	15.0	0.45	15.0	0.45	配当あり	いいえ	62.89	3.84	185.6	3880.0	3230.0	Consumer Cyclical			OK	通常掲載可	OK	13570.0	6.13	0.8	47.9	0.42	-316.9	52.55	28.54	-16.14	0
7624	ＮａＩＴＯ	スタンダード（内国株式）	6050	卸売業	13	商社・卸売	-	-	142.0	2.82	4.0	2.82	4.0	2.82	配当あり	いいえ	27.41	0.59	77.8	148.0	130.0	Industrials			OK	通常掲載可	OK	43518.0	0.93	-0.08	74.7	0.01	165.0	5.18	77.22	3.6	0
7625	グローバルダイニング	スタンダード（内国株式）	6100	小売業	14	小売	-	-	458.0	1.09	5.0	1.09	5.0	1.09	配当あり	いいえ	15.6	0.82	47.7	530.0	334.0	Consumer Cyclical			OK	通常掲載可	OK	13660.2	5.04	15.88	50.44	0.47	281.3	29.36	17.03	11.66	0
7628	オーハシテクニカ	プライム（内国株式）	6050	卸売業	13	商社・卸売	7	TOPIX Small 2	1127.0	3.99	45.0	3.99	45.0	3.99	配当あり	いいえ	13.85	0.71	288.3	1294.0	979.0	Consumer Cyclical			OK	通常掲載可	OK	40918.2	5.93	2.25	84.2	0.0	778.6	81.37	55.3	5.19	2
7630	壱番屋	プライム（内国株式）	6100	小売業	14	小売	6	TOPIX Small 1	902.0	1.77	16.0	1.77	16.0	1.77	配当あり	いいえ	56.16	4.53	1439.6	1010.0	840.0	Consumer Cyclical			OK	通常掲載可	OK	65518.0	7.21	7.4	67.04	0.06	1950.0	16.06	99.63	7.54	0
7634	星医療酸器	スタンダード（内国株式）	6050	卸売業	13	商社・卸売	-	-	4900.0	1.84	90.0	1.84	90.0	1.84	配当あり	いいえ	11.15	0.77	153.1	6000.0	4465.0	Healthcare			OK	通常掲載可	OK	15520.1	12.37	2.77	74.8	0.06	2092.9	439.53	20.48	7.07	4
7636	ハンズマン	スタンダード（内国株式）	6100	小売業	14	小売	-	-	776.0	3.87	30.0	3.87	30.0	3.87	配当あり	いいえ	11.6	0.58	106.8	926.0	770.0	Consumer Cyclical			OK	通常掲載可	OK	34121.0	2.56	10.55	68.2	0.23	-782.0	66.89	44.85	5.51	0
7637	白銅	プライム（内国株式）	6050	卸売業	13	商社・卸売	7	TOPIX Small 2	3380.0	3.79	128.0	3.79	128.0	3.79	配当あり	いいえ	17.86	1.51	383.3	4010.0	2170.0	Industrials			OK	通常掲載可	OK	68109.6	4.22	2.56	53.54	0.0	3603.3	189.28	67.62	8.72	0
7638	ＮＥＷ　ＡＲＴ　ＨＯＬＤＩＮＧＳ	スタンダード（内国株式）	6100	小売業	14	小売	-	-	1361.0	5.88	80.0	5.88	80.0	5.88	配当あり	いいえ	9.93	2.09	233.5	1663.0	1301.0	Consumer Cyclical			OK	通常掲載可	OK	32017.8	15.32	15.82	39.69	0.73	3119.2	137.05	58.37	20.81	0
7640	トップカルチャー	スタンダード（内国株式）	6100	小売業	14	小売	-	-	165.0						配当未取得		83.33	1.74	25.8	278.0	147.0	Consumer Cyclical	配当未取得	1株配当が取得できていない	除外推奨	掲載非推奨	OK_配当データ要確認	17333.3	-2.26	-5.87	4.98	12.4	776.8	1.98		25.2	0
7643	ダイイチ	スタンダード（内国株式）	6100	小売業	14	小売	-	-	1700.0	2.35	40.0	2.35	40.0	2.35	配当あり	いいえ	17.36	2.05	191.0	1979.0	1562.0	Consumer Defensive			OK	通常掲載可	OK	59160.5	2.21	12.92	62.97	0.07	930.8	97.92	40.85	9.45	10
7646	ＰＬＡＮＴ	スタンダード（内国株式）	6100	小売業	14	小売	-	-	1751.0	5.43	95.0	5.43	95.0	5.43	配当あり	いいえ	9.66	0.77	120.9	2169.0	1486.0	Consumer Defensive			OK	通常掲載可	OK	97763.0	2.05	-0.83	41.39	0.4	-931.0	181.23	52.42	8.17	5
7649	スギホールディングス	プライム（内国株式）	6100	小売業	14	小売	4	TOPIX Mid400	3149.0	0.56	17.5	0.56	17.5	0.56	配当あり	いいえ	12.67	1.96	5698.8	4074.0	2685.0	Healthcare			OK	通常掲載可	OK	1010336.0	4.81	15.07	47.27	0.32	61033.0	248.46	7.04	16.62	2
7670	オーウエル	スタンダード（内国株式）	6050	卸売業	13	商社・卸売	-	-	1034.0	6.77	70.0	6.77	70.0	6.77	配当あり	いいえ	5.78	0.46	104.0	1320.0	922.0	Industrials			OK	通常掲載可	OK	68268.0	1.85	-1.65	53.4	0.17	-1515.0	178.88	39.13	8.09	5
7673	ダイコー通産	スタンダード（内国株式）	6050	卸売業	13	商社・卸売	-	-	1614.0	8.3	134.0	8.3	134.0	8.3	配当あり	いいえ	9.97	0.97	86.1	1939.0	1445.0	Technology	高利回り要確認	配当利回りが8%以上	要確認	手動確認後に掲載	OK_高利回り要確認	21728.6	5.4	26.17	47.83	0.09	1264.3	161.88	82.78	10.83	1
7674	ＮＡＴＴＹ　ＳＷＡＮＫＹホールディングス	グロース（内国株式）	6100	小売業	14	小売	-	-	2880.0	0.35	10.0	0.35	10.0	0.35	配当あり	いいえ		5.42	70.5	3310.0	2373.0	Consumer Cyclical			OK	通常掲載可	OK	7683.5	-6.55	6.77	41.66	0.46	-167.1	-380.16		-49.32	0
7677	ヤシマキザイ	スタンダード（内国株式）	6050	卸売業	13	商社・卸売	-	-	2549.0	1.96	50.0	1.96	50.0	1.96	配当あり	いいえ	14.58	0.71	73.2	3050.0	2440.0	Industrials			OK	通常掲載可	OK	33864.6	2.15	16.59	37.06	0.0	711.7	174.86	28.59	5.11	0
7678	あさくま	スタンダード（内国株式）	6100	小売業	14	小売	-	-	6480.0						配当未取得		106.39	12.04	344.4	7050.0	4175.0	Consumer Cyclical	配当未取得	1株配当が取得できていない	除外推奨	掲載非推奨	OK_配当データ要確認	10045.9	5.17	20.31	68.57	0.0	532.3	60.91		11.32	0
7679	薬王堂ホールディングス	プライム（内国株式）	6100	小売業	14	小売	7	TOPIX Small 2	1673.0	1.79	30.0	1.79	30.0	1.79	配当あり	いいえ	8.1	0.81	325.4	2346.0	1611.0	Healthcare			OK	通常掲載可	OK	163808.0	3.23	7.8	38.99	0.86	-8934.0	206.45	14.53	10.42	5
7681	レオクラン	スタンダード（内国株式）	6050	卸売業	13	商社・卸売	-	-	920.0	1.85	17.0	1.85	17.0	1.85	配当あり	いいえ	125.0	0.95	54.5	1319.0	725.0	Healthcare			OK	通常掲載可	OK	21489.5	1.34	8.51	51.84	0.0	-168.8	7.36	230.98	1.02	1
7682	浜木綿	スタンダード（内国株式）	6100	小売業	14	小売	-	-	4060.0	0.42	17.0	0.42	17.0	0.42	配当あり	いいえ	107.52	5.17	88.1	4200.0	3820.0	Consumer Cyclical			OK	通常掲載可	OK	6092.1	3.11	5.5	34.02	1.27	-31.1	37.76	45.02	3.64	1
7683	ダブルエー	プライム（内国株式）	6100	小売業	14	小売	7	TOPIX Small 2	1448.0	1.17	17.0	1.17	17.0	1.17	配当あり	いいえ	40.32	2.6	276.3	1463.0	1255.0	Consumer Cyclical			OK	通常掲載可	OK	23327.4	4.57	2.31	82.22	0.03	517.3	35.91	47.34	3.86	2
7685	ＢｕｙＳｅｌｌ　Ｔｅｃｈｎｏｌｏｇｉｅｓ	グロース（内国株式）	6050	卸売業	13	商社・卸売	-	-	3565.0	0.49	17.5	0.49	17.5	0.49	配当あり	いいえ	41.15	9.12	2204.2	4155.0	1378.5	Consumer Cyclical			OK	通常掲載可	OK	100614.6	8.99	67.76	39.16	1.12	6697.0	86.63	20.2	39.26	5
7686	ひとまいる	スタンダード（内国株式）	6100	小売業	14	小売	-	-	414.0	4.83	20.0	4.83	20.0	4.83	配当あり	いいえ	10.17	2.41	120.9	500.0	404.0	Consumer Defensive			OK	通常掲載可	OK	139837.0	1.41	3.96	13.03	2.05	2785.0	40.7	49.14	25.46	3
7687	ミクリード	グロース（内国株式）	6050	卸売業	13	商社・卸売	-	-	415.0	2.22	9.2	2.22	9.2	2.22	配当あり	いいえ	9.85	1.69	27.4	595.0	400.0	Consumer Defensive			OK	通常掲載可	OK	7671.0	5.31	13.21	58.49	0.0	312.0	42.12	21.84	18.48	1
7689	コパ・コーポレーション	グロース（内国株式）	6050	卸売業	13	商社・卸売	-	-	301.0						配当未取得			1.16	8.9	530.0	292.0	Communication Services	配当未取得	1株配当が取得できていない	除外推奨	掲載非推奨	OK_配当データ要確認	1779.5	-15.24	-13.29	66.62	0.25	-292.1	-91.84		-30.12	
7692	アースインフィニティ	スタンダード（内国株式）	4050	電気・ガス業	11	電力・ガス	-	-	78.0	3.33	2.6	3.33	2.6	3.33	配当あり	いいえ	11.24	6.87	85.9	133.0	73.0	Utilities			OK	通常掲載可	OK	5000.2	5.55	-4.61	37.52	1.0	72.3	6.94	37.46	44.64	2
7694	いつも	グロース（内国株式）	6100	小売業	14	小売	-	-	441.0						配当未取得		16.78	1.03	26.2	1444.0	408.0	Industrials	配当未取得	1株配当が取得できていない	除外推奨	掲載非推奨	OK_配当データ要確認	17878.3	1.51	28.24	26.56	1.5	-1723.4	26.28		6.41	
7695	交換できるくん	グロース（内国株式）	6100	小売業	14	小売	-	-	718.0						配当未取得		56.49	2.58	53.6	865.67	669.0	Consumer Cyclical	配当未取得	1株配当が取得できていない	除外推奨	掲載非推奨	OK_配当データ要確認	12600.9	1.4	22.42	36.47	0.51	-82.9	12.71		4.88	
7698	アイスコ	スタンダード（内国株式）	6050	卸売業	13	商社・卸売	-	-	2499.0	0.8	20.0	0.8	20.0	0.8	配当あり	いいえ	27.03	2.35	98.2	2749.0	1704.0	Consumer Defensive			OK	通常掲載可	OK	57716.3	1.36	5.48	19.79	1.24	-2788.2	92.46	21.63	9.37	2
7701	島津製作所	プライム（内国株式）	3750	精密機器	9	電機・精密	4	TOPIX Mid400	4143.0	2.08	86.0	2.08	86.0	2.08	配当あり	いいえ	19.8	2.12	11970.8	4540.0	3229.0	Technology			OK	通常掲載可	OK	560728.0	13.14	4.02	76.58	0.02	39737.0	209.22	41.11	11.38	5
7702	ＪＭＳ	スタンダード（内国株式）	3750	精密機器	9	電機・精密	7	TOPIX Small 2	456.0	3.73	17.0	3.73	17.0	3.73	配当あり	いいえ		0.27	111.9	464.0	418.0	Healthcare			OK	通常掲載可	OK	65845.0	0.58	-5.6	50.24	0.67	-1075.0	-31.92		-1.98	0
7707	プレシジョン・システム・サイエンス	グロース（内国株式）	3750	精密機器	9	電機・精密	-	-	195.0						配当未取得			1.38	53.5	299.0	175.0	Healthcare	配当未取得	1株配当が取得できていない	除外推奨	掲載非推奨	OK_配当データ要確認	3980.0	-24.03	-24.6	64.77	0.33	-130.8	-1.29		3.47	0
7709	クボテック	スタンダード（内国株式）	3750	精密機器	9	電機・精密	-	-	56.0						配当未取得			13.77	7.7	247.0	48.0	Technology	配当未取得	1株配当が取得できていない	除外推奨	掲載非推奨	OK_配当データ要確認	1662.1	-7.54	27.23	11.65	1.24	-478.1	-11.34		-120.93	
7711	助川電気工業	スタンダード（内国株式）	3750	精密機器	9	電機・精密	-	-	5030.0	1.03	52.0	1.03	52.0	1.03	配当あり	いいえ	32.26	9.46	277.4	12250.0	2053.0	Industrials			OK	通常掲載可	OK	5467.9	21.31	10.13	64.8	0.2	765.0	155.93	33.35	3.17	4
7713	シグマ光機	スタンダード（内国株式）	3750	精密機器	9	電機・精密	-	-	2111.0	1.99	42.0	1.99	42.0	1.99	配当あり	いいえ	15.5	0.82	149.5	2594.0	1310.0	Technology			OK	通常掲載可	OK	11580.5	9.77	3.28	86.86	0.01	-73.8	136.16	30.85	4.9	0
7715	長野計器	プライム（内国株式）	3750	精密機器	9	電機・精密	7	TOPIX Small 2	4185.0	1.43	60.0	1.43	60.0	1.43	配当あり	いいえ	14.64	1.62	777.3	4845.0	1892.0	Technology			OK	通常掲載可	OK	67692.0	10.31	-2.66	62.86	0.27	6157.0	285.84	20.99	11.82	4
7716	ナカニシ	スタンダード（内国株式）	3750	精密機器	9	電機・精密	-	-	3005.0	2.0	60.0	2.0	60.0	2.0	配当あり	いいえ		2.14	2495.6	3180.0	1879.0	Healthcare			OK	通常掲載可	OK	81179.1	17.36	5.37	71.23	0.23	11336.3	-28.85		0.99	5
7717	ブイ・テクノロジー	プライム（内国株式）	3750	精密機器	9	電機・精密	7	TOPIX Small 2	8090.0	0.99	80.0	0.99	80.0	0.99	配当あり	いいえ	33.22	2.11	764.8	10180.0	2704.0	Industrials			OK	通常掲載可	OK	52992.0	7.11	14.75	49.56	0.58	4663.0	243.51	32.85	6.78	2
7719	東京衡機	スタンダード（内国株式）	3750	精密機器	9	電機・精密	-	-	433.0						配当未取得		24.39	1.73	31.0	983.0	225.0	Industrials	配当未取得	1株配当が取得できていない	除外推奨	掲載非推奨	OK_配当データ要確認	4473.5	3.42	28.4	35.53	0.78	531.9	17.75		7.49	
7721	東京計器	プライム（内国株式）	3750	精密機器	9	電機・精密	6	TOPIX Small 1	6510.0	0.74	48.0	0.74	48.0	0.74	配当あり	いいえ	26.74	2.35	1069.8	9540.0	3910.0	Technology			OK	通常掲載可	OK	61186.0	8.76	6.13	53.69	0.48	-160.0	243.47	19.71	9.35	2
7722	国際計測器	スタンダード（内国株式）	3750	精密機器	9	電機・精密	-	-	787.0	5.08	40.0	5.08	40.0	5.08	配当あり	いいえ	7.09	0.85	106.0	1147.0	530.0	Industrials			OK	通常掲載可	OK	14948.4	13.95	13.21	60.06	0.21	1706.2	110.97	36.05	12.69	1
7723	愛知時計電機	プライム（内国株式）	3750	精密機器	9	電機・精密	7	TOPIX Small 2	3000.0	4.0	120.0	4.0	120.0	4.0	配当あり	いいえ	inf	0.88	460.2	3340.0	2258.0	Technology			OK	通常掲載可	OK	59116.0	7.97	8.9	74.82	0.02	816.0	0.0		9.66	5
7725	インターアクション	プライム（内国株式）	3750	精密機器	9	電機・精密	7	TOPIX Small 2	1939.0	2.27	44.0	2.27	44.0	2.27	配当あり	いいえ	54.65	1.83	196.7	2288.0	1268.0	Technology			OK	通常掲載可	OK	6668.7	21.28	-14.01	86.15	0.06	3275.0	35.48	124.01	5.1	1
7726	黒田精工	スタンダード（内国株式）	3600	機械	8	機械	-	-	1469.0	1.36	20.0	1.36	20.0	1.36	配当あり	いいえ		0.72	82.2	1606.0	908.0	Industrials			OK	通常掲載可	OK	19501.8	0.17	12.83	39.24	0.92	-2530.0	-17.33		-0.8	0
7727	オーバル	スタンダード（内国株式）	3750	精密機器	9	電機・精密	-	-	770.0	3.64	28.0	3.64	28.0	3.64	配当あり	いいえ	11.86	1.0	156.8	915.0	433.0	Technology			OK	通常掲載可	OK	15589.1	10.93	3.59	63.71	0.15	923.9	64.91	43.14	8.83	4
7729	東京精密	プライム（内国株式）	3750	精密機器	9	電機・精密	4	TOPIX Mid400	19370.0	1.42	276.0	1.42	276.0	1.42	配当あり	いいえ	31.95	4.1	7862.2	21310.0	7951.0	Technology			OK	通常掲載可	OK	166839.0	20.22	10.83	76.52	0.08	13379.0	606.28	45.52	13.45	5
7730	マニー	プライム（内国株式）	3750	精密機器	9	電機・精密	6	TOPIX Small 1	1745.0	2.35	41.0	2.35	41.0	2.35	配当あり	いいえ	30.67	3.03	1718.9	1955.0	1172.0	Healthcare			OK	通常掲載可	OK	29968.0	27.34	5.1	92.37	0.0	347.0	56.89	72.07	10.18	0
7731	ニコン	プライム（内国株式）	3750	精密機器	9	電機・精密	4	TOPIX Mid400	2271.0	0.88	20.0	0.88	20.0	0.88	配当あり	いいえ		1.27	7481.1	2390.0	1367.0	Consumer Cyclical			OK	通常掲載可	OK	677163.0	-16.61	-5.33	54.58	0.37	-21402.0	-261.62		-14.02	0
7733	オリンパス	プライム（内国株式）	3750	精密機器	9	電機・精密	2	TOPIX Large70	1768.0	1.7	30.0	1.7	30.0	1.7	配当あり	いいえ	28.9	2.4	18779.0	2168.0	1302.5	Healthcare			OK	通常掲載可	OK	1010676.0	9.98	1.34	52.83	0.3	18162.0	61.17	49.04	8.72	7
7734	理研計器	プライム（内国株式）	3750	精密機器	9	電機・精密	6	TOPIX Small 1	3785.0	1.59	60.0	1.59	60.0	1.59	配当あり	いいえ	17.42	2.02	1720.5	3930.0	2806.0	Industrials			OK	通常掲載可	OK	55212.2	22.5	12.59	84.49	0.05	8306.8	217.26	27.62	12.23	1
7735	ＳＣＲＥＥＮホールディングス	プライム（内国株式）	3650	電気機器	9	電機・精密	4	TOPIX Mid400	18940.0	1.21	230.0	1.21	230.0	1.21	配当あり	いいえ	38.91	7.36	35813.2	19770.0	5335.0	Technology			OK	通常掲載可	OK	605748.0	20.23	-3.12	67.35	0.01	61843.0	486.76	47.25	20.28	1
7740	タムロン	プライム（内国株式）	3750	精密機器	9	電機・精密	6	TOPIX Small 1	1142.0	4.47	51.0	4.47	51.0	4.47	配当あり	いいえ	15.7	2.17	1841.4	1325.0	864.0	Consumer Cyclical			OK	通常掲載可	OK	85071.0	19.56	-3.85	81.01	0.01	10441.0	72.75	70.1	14.55	5
7741	ＨＯＹＡ	プライム（内国株式）	3750	精密機器	9	電機・精密	1	TOPIX Core30	25930.0	1.14	295.0	1.14	295.0	1.14	配当あり	いいえ	34.84	8.52	86739.6	30400.0	16445.0	Healthcare			OK	通常掲載可	OK	995844.0	55.34	12.42	78.44	0.04	221865.0	744.19	39.64	25.06	1
7743	シード	スタンダード（内国株式）	3750	精密機器	9	電機・精密	-	-	512.0	2.93	15.0	2.93	15.0	2.93	配当あり	いいえ	13.64	0.8	155.0	659.0	463.0	Healthcare			OK	通常掲載可	OK	33942.4	4.24	2.14	30.84	1.48	-672.4	37.53	39.97	5.97	0
7744	ノーリツ鋼機	プライム（内国株式）	3750	精密機器	9	電機・精密	6	TOPIX Small 1	2060.0	3.64	75.0	3.64	75.0	3.64	配当あり	いいえ	14.43	0.7	2183.8	2360.0	1454.0	Technology			OK	通常掲載可	OK	119223.0	17.47	11.91	75.7	0.15	17033.0	142.76	52.54	7.39	2
7745	Ａ＆Ｄホロンホールディングス	プライム（内国株式）	3750	精密機器	9	電機・精密	6	TOPIX Small 1	2920.0	2.05	60.0	2.05	60.0	2.05	配当あり	いいえ	13.5	1.62	799.7	3130.0	1691.0	Technology			OK	通常掲載可	OK	69326.0	13.29	3.34	65.73	0.26	2847.0	216.37	27.73	12.87	5
7746	岡本硝子	スタンダード（内国株式）	3750	精密機器	9	電機・精密	-	-	854.0						配当未取得			9.44	248.4	1638.0	148.0	Technology	配当未取得	1株配当が取得できていない	除外推奨	掲載非推奨	OK_配当データ要確認	4686.7	2.69	2.25	20.78	3.29	-385.8	-5.64		-6.72	
7747	朝日インテック	プライム（内国株式）	3750	精密機器	9	電機・精密	4	TOPIX Mid400	3864.0	1.04	40.31	1.04	40.31	1.04	配当あり	いいえ	58.14	6.17	10252.1	3941.0	2238.0	Healthcare			OK	通常掲載可	OK	120025.0	25.06	11.6	77.93	0.07	31965.0	66.46	60.65	19.24	5
7749	メディキット	スタンダード（内国株式）	3750	精密機器	9	電機・精密	-	-	2790.0	3.58	100.0	3.58	100.0	3.58	配当あり	いいえ	13.51	0.86	403.9	3095.0	2503.0	Healthcare			OK	通常掲載可	OK	23781.5	17.97	5.45	87.82	0.0	1251.9	206.46	48.44	6.54	1
7751	キヤノン	プライム（内国株式）	3650	電気機器	9	電機・精密	2	TOPIX Large70	4260.0	3.76	160.0	3.76	160.0	3.76	配当あり	いいえ	11.6	1.08	36391.8	5033.0	3956.0	Technology			OK	通常掲載可	OK	4624727.0	9.85	2.55	56.92	0.27	213738.0	367.21	43.57	9.37	5
7752	リコー	プライム（内国株式）	3650	電気機器	9	電機・精密	4	TOPIX Mid400	1441.5	3.05	44.0	3.05	44.0	3.05	配当あり	いいえ	14.77	0.71	8181.3	1585.5	1255.0	Industrials			OK	通常掲載可	OK	2608314.0	3.75	3.18	45.51	0.45	37212.0	97.59	45.09	5.09	4
7760	ＩＭＶ	スタンダード（内国株式）	3750	精密機器	9	電機・精密	-	-	2722.0	1.1	30.0	1.1	30.0	1.1	配当あり	いいえ	19.65	3.33	433.8	4255.0	1574.0	Technology			OK	通常掲載可	OK	17941.0	12.95	16.96	50.99	0.28	2350.0	138.55	21.65	18.24	4
7762	シチズン時計	プライム（内国株式）	3750	精密機器	9	電機・精密	6	TOPIX Small 1	2405.0	2.08	50.0	2.08	50.0	2.08	配当あり	いいえ	18.87	2.0	5868.1	2575.0	839.0	Consumer Cyclical			OK	通常掲載可	OK	346808.0	8.72	9.44	62.61	0.23	14979.0	127.47	39.22	11.02	4
7769	リズム	プライム（内国株式）	3750	精密機器	9	電機・精密	-	-	3860.0	4.34	167.6	4.34	167.6	4.34	配当あり	いいえ	13.4	0.91	307.3	4365.0	2995.0	Consumer Cyclical			OK	通常掲載可	OK	34755.0	4.57	6.4	69.31	0.24	1817.0	287.96	58.2	7.08	1
7771	日本精密	スタンダード（内国株式）	3750	精密機器	9	電機・精密	-	-	309.0						配当未取得		19.53	3.63	74.1	940.0	83.0	Consumer Cyclical	配当未取得	1株配当が取得できていない	除外推奨	掲載非推奨	OK_配当データ要確認	7895.8	4.75	10.3	33.87	1.31	137.0	15.82		19.95	
7774	ジャパン・ティッシュエンジニアリング	グロース（内国株式）	3750	精密機器	9	電機・精密	-	-	614.0						配当未取得			4.9	249.3	883.0	448.0	Healthcare	配当未取得	1株配当が取得できていない	除外推奨	掲載非推奨	OK_配当データ要確認	2182.7	-25.17	-11.11	89.57	0.0	-565.7	-18.11		-13.45	
7775	大研医器	スタンダード（内国株式）	3750	精密機器	9	電機・精密	-	-	419.0	4.77	20.0	4.77	20.0	4.77	配当あり	いいえ	13.04	1.55	120.4	489.0	409.0	Healthcare			OK	通常掲載可	OK	10291.0	12.41	3.41	68.42	0.29	239.9	32.14	62.23	12.06	2
7776	セルシード	グロース（内国株式）	3750	精密機器	9	電機・精密	-	-	233.0						配当未取得			4.03	90.6	518.0	201.0	Healthcare	配当未取得	1株配当が取得できていない	除外推奨	掲載非推奨	OK_配当データ要確認	83.7	-1250.18	-56.71	76.6	0.1	-1015.7	-31.83		-71.66	
7777	スリー・ディー・マトリックス	グロース（内国株式）	3750	精密機器	9	電機・精密	-	-	357.0						配当未取得		10.24	6.64	429.2	793.0	176.0	Healthcare	配当未取得	1株配当が取得できていない	除外推奨	掲載非推奨	OK_配当データ要確認	6934.1	-16.67	51.11	34.03	1.33	-1726.4	34.88		92.21	
7779	ＣＹＢＥＲＤＹＮＥ	グロース（内国株式）	3750	精密機器	9	電機・精密	-	-	240.0						配当未取得		333.33	1.28	506.7	420.0	164.0	Healthcare	配当未取得	1株配当が取得できていない	除外推奨	掲載非推奨	OK_配当データ要確認	3846.0	-15.63	-12.27	80.73	0.01	177.0	0.72		0.37	
7780	メニコン	プライム（内国株式）	3750	精密機器	9	電機・精密	6	TOPIX Small 1	1704.0	1.64	28.0	1.64	28.0	1.64	配当あり	いいえ	21.65	1.33	1264.5	1929.0	1090.0	Healthcare			OK	通常掲載可	OK	125605.0	8.15	3.39	48.83	0.78	-4659.0	78.72	35.57	6.53	1
7781	平山ホールディングス	スタンダード（内国株式）	3750	精密機器	9	電機・精密	-	-	830.0	5.66	47.0	5.66	47.0	5.66	配当あり	いいえ	12.23	2.28	127.2	895.0	509.5	Industrials			OK	通常掲載可	OK	35292.1	3.17	11.42	36.3	0.37	882.9	67.89	69.23	22.06	5
7782	シンシア	スタンダード（内国株式）	3750	精密機器	9	電機・精密	-	-	457.0	7.88	36.0	7.88	36.0	7.88	配当あり	いいえ	11.22	1.08	29.8	685.0	420.0	Healthcare			OK	通常掲載可	OK	7456.1	7.03	14.02	52.36	0.65	353.5	40.72	88.41	9.11	0
7791	ドリームベッド	スタンダード（内国株式）	3800	その他製品	10	情報通信・サービスその他	-	-	821.0	4.63	38.0	4.63	38.0	4.63	配当あり	いいえ	7.02	0.69	33.3	965.0	768.0	Consumer Cyclical			OK	通常掲載可	OK	12174.8	5.77	5.78	42.08	0.91	-467.6	116.91	32.5	10.24	2
7792	コラントッテ	グロース（内国株式）	3800	その他製品	10	情報通信・サービスその他	-	-	1451.0	3.03	44.0	3.03	44.0	3.03	配当あり	いいえ	9.78	2.38	132.0	1596.0	1320.0	Healthcare			OK	通常掲載可	OK	6917.9	26.17	16.37	76.94	0.0	710.8	148.29	29.67	26.7	4
7793	イメージ・マジック	グロース（内国株式）	3800	その他製品	10	情報通信・サービスその他	-	-	1364.0	2.57	35.0	2.57	35.0	2.57	配当あり	いいえ	10.46	1.8	33.6	1931.0	1281.0	Industrials			OK	通常掲載可	OK	9402.0	5.91	21.04	58.6	0.08	430.0	130.4	26.84	17.9	1
7794	イーディーピー	グロース（内国株式）	3800	その他製品	10	情報通信・サービスその他	-	-	1229.0						配当未取得			11.12	196.0	3100.0	360.0	Consumer Cyclical	配当未取得	1株配当が取得できていない	除外推奨	掲載非推奨	OK_配当データ要確認	516.6	-263.38	-42.78	68.11	0.28	-1193.6	-164.93		-94.19	
7795	ＫＹＯＲＩＴＳＵ	スタンダード（内国株式）	3800	その他製品	10	情報通信・サービスその他	-	-	206.0	3.88	8.0	3.88	8.0	3.88	配当あり	いいえ	7.49	0.49	86.5	265.0	176.0	Industrials			OK	通常掲載可	OK	42920.3	3.27	6.36	43.29	0.75	409.9	27.5	29.09	6.63	2
7800	アミファ	スタンダード（内国株式）	3800	その他製品	10	情報通信・サービスその他	-	-	890.0	6.74	60.0	6.74	60.0	6.74	配当あり	いいえ	5.6	1.12	28.6	1745.0	576.0	Consumer Cyclical			OK	通常掲載可	OK	8842.2	3.06	2.79	58.33	0.23	500.1	159.04	37.73	21.54	1
7803	ブシロード	グロース（内国株式）	3800	その他製品	10	情報通信・サービスその他	-	-	308.0	1.62	5.0	1.62	5.0	1.62	配当あり	いいえ	8.95	1.49	418.3	375.0	237.0	Communication Services			OK	通常掲載可	OK	56175.6	8.67	21.43	48.57	0.48	5818.3	34.4	14.53	21.19	0
7804	ビーアンドピー	スタンダード（内国株式）	3800	その他製品	10	情報通信・サービスその他	-	-	2250.0	3.87	87.0	3.87	87.0	3.87	配当あり	いいえ	10.94	1.35	52.4	2891.0	2091.0	Communication Services			OK	通常掲載可	OK	4495.0	15.61	27.11	81.14	0.0	645.7	205.65	42.3	12.34	5
7805	プリントネット	スタンダード（内国株式）	3800	その他製品	10	情報通信・サービスその他	-	-	747.0	1.74	13.0	1.74	13.0	1.74	配当あり	いいえ	8.67	0.82	36.1	771.0	634.0	Industrials			OK	通常掲載可	OK	9213.8	6.11	-1.0	55.69	0.27	1018.8	86.13	15.09	9.9	0
7806	ＭＴＧ	グロース（内国株式）	3800	その他製品	10	情報通信・サービスその他	-	-	8100.0	0.41	33.0	0.41	33.0	0.41	配当あり	いいえ	29.07	5.45	3186.1	8380.0	3500.0	Consumer Defensive			OK	通常掲載可	OK	98810.0	10.79	37.49	67.81	0.07	-2663.0	278.64	11.84	20.8	2
7807	幸和製作所	スタンダード（内国株式）	3800	その他製品	10	情報通信・サービスその他	-	-	808.0	1.61	13.0	1.61	13.0	1.61	配当あり	いいえ	7.86	0.98	33.6	878.0	745.0	Consumer Cyclical			OK	通常掲載可	OK	6394.4	11.69	0.41	67.43	0.06	593.4	102.86	12.64	13.6	2
7808	シー・エス・ランバー	スタンダード（内国株式）	3800	その他製品	10	情報通信・サービスその他	-	-	2574.0	3.11	80.0	3.11	80.0	3.11	配当あり	いいえ	4.89	1.7	47.6	3505.0	2490.0	Basic Materials			OK	通常掲載可	OK	20673.1	8.58	-2.18	41.91	0.9	2155.8	526.64	15.19	34.76	0
7809	壽屋	スタンダード（内国株式）	3800	その他製品	10	情報通信・サービスその他	-	-	1320.0	3.41	45.0	3.41	45.0	3.41	配当あり	いいえ	7.87	1.31	106.7	1831.0	1301.0	Consumer Cyclical			OK	通常掲載可	OK	16379.2	10.11	-9.51	59.96	0.42	-151.2	167.64	26.84	12.28	1
7810	クロスフォー	スタンダード（内国株式）	3800	その他製品	10	情報通信・サービスその他	-	-	159.0	0.79	1.26	0.79	1.26	0.79	配当あり	いいえ	96.36	1.43	27.1	409.0	141.0	Consumer Cyclical			OK	通常掲載可	OK	3414.0	-0.48	13.57	34.32	1.78	447.4	1.65	76.36	6.97	0
7811	中本パックス	スタンダード（内国株式）	3800	その他製品	10	情報通信・サービスその他	-	-	1962.0	3.77	74.0	3.77	74.0	3.77	配当あり	いいえ	8.01	0.83	173.6	2097.0	1700.0	Industrials			OK	通常掲載可	OK	49635.9	5.97	1.03	51.89	0.37	1164.6	245.05	30.2	10.73	2
7812	クレステック	スタンダード（内国株式）	3800	その他製品	10	情報通信・サービスその他	-	-	2170.0	5.81	126.0	5.81	126.0	5.81	配当あり	いいえ	7.73	0.67	64.3	2364.0	1616.0	Industrials			OK	通常掲載可	OK	19066.8	6.19	-10.36	41.37	0.85	1639.1	280.58	44.91	10.66	0
7813	プラッツ	スタンダード（内国株式）	3800	その他製品	10	情報通信・サービスその他	-	-	870.0	2.76	24.0	2.76	24.0	2.76	配当あり	いいえ	16.45	0.87	29.4	977.0	629.0	Healthcare			OK	通常掲載可	OK	6387.5	0.59	1.19	50.92	0.66	363.1	52.9	45.37	7.25	1
7814	日本創発グループ	スタンダード（内国株式）	3800	その他製品	10	情報通信・サービスその他	-	-	628.0	2.39	15.0	2.39	15.0	2.39	配当あり	いいえ	5.41	1.42	298.1	1087.0	521.0	Industrials			OK	通常掲載可	OK	86987.0	3.46	8.6	24.38	2.35	-3641.0	116.12	12.92	25.18	7
7815	東京ボード工業	スタンダード（内国株式）	3800	その他製品	10	情報通信・サービスその他	-	-	355.0						配当未取得			1.17	9.2	705.0	221.0	Basic Materials	配当未取得	1株配当が取得できていない	除外推奨	掲載非推奨	OK_配当データ要確認	7733.7	-0.42	8.38	12.34	4.8	-598.7	-43.13			0
7818	トランザクション	プライム（内国株式）	3800	その他製品	10	情報通信・サービスその他	7	TOPIX Small 2	1381.0	2.24	31.0	2.24	31.0	2.24	配当あり	いいえ	18.59	3.81	780.9	1420.0	997.0	Consumer Defensive			OK	通常掲載可	OK	27453.5	20.79	9.61	82.63	0.02	3945.2	74.3	41.72	21.42	14
7819	粧美堂	スタンダード（内国株式）	3800	その他製品	10	情報通信・サービスその他	-	-	893.0	3.7	33.0	3.7	33.0	3.7	配当あり	いいえ	9.87	1.56	112.9	1338.0	656.0	Consumer Defensive			OK	通常掲載可	OK	22122.2	6.64	5.75	45.45	0.68	736.7	90.46	36.48	17.41	3
7820	ニホンフラッシュ	プライム（内国株式）	3800	その他製品	10	情報通信・サービスその他	7	TOPIX Small 2	717.0	5.02	36.0	5.02	36.0	5.02	配当あり	いいえ		0.51	163.2	870.0	700.0	Industrials			OK	通常掲載可	OK	23976.6	23.44	-7.42	71.4	0.07	1970.9	-119.09		4.12	0
7821	前田工繊	プライム（内国株式）	3800	その他製品	10	情報通信・サービスその他	6	TOPIX Small 1	1845.0	1.52	28.0	1.52	28.0	1.52	配当あり	いいえ	12.5	1.65	1230.4	2241.0	1714.0	Basic Materials			OK	通常掲載可	OK	64108.0	18.77	14.82	78.71	0.06	11168.0	147.6	18.97	13.68	2
7822	永大産業	スタンダード（内国株式）	3800	その他製品	10	情報通信・サービスその他	-	-	239.0	4.18	10.0	4.18	10.0	4.18	配当あり	いいえ		0.25	105.6	305.0	223.0	Consumer Cyclical			OK	通常掲載可	OK	73774.0	0.98	3.61	51.32	0.56	-1574.0	-64.41		-13.21	0
7823	アートネイチャー	スタンダード（内国株式）	3800	その他製品	10	情報通信・サービスその他	7	TOPIX Small 2	859.0	3.26	28.0	3.26	28.0	3.26	配当あり	いいえ	14.99	0.99	279.9	880.0	722.0	Consumer Defensive			OK	通常掲載可	OK	44600.0	7.22	2.91	54.05		2848.0	57.3	48.87	6.86	0
7826	フルヤ金属	プライム（内国株式）	3800	その他製品	10	情報通信・サービスその他	6	TOPIX Small 1	7690.0	4.03	310.0	4.03	310.0	4.03	配当あり	いいえ	25.0	2.56	1891.7	11010.0	2151.0	Technology			OK	通常掲載可	OK	57379.0	16.62	20.73	52.09	0.45	-3993.0	307.6	100.78	5.69	0
7827	オービス	スタンダード（内国株式）	3800	その他製品	10	情報通信・サービスその他	-	-	1620.0	3.83	62.0	3.83	62.0	3.83	配当あり	いいえ	14.6	0.51	28.9	1849.0	1431.0	Industrials			OK	通常掲載可	OK	12639.1	5.21	10.44	45.39	0.82	587.4	110.97	55.87	3.53	0
7831	ウイルコホールディングス	スタンダード（内国株式）	3800	その他製品	10	情報通信・サービスその他	-	-	67.0	2.99	2.0	2.99	2.0	2.99	配当あり	いいえ		0.55	10.4	125.0	62.0	Industrials			OK	通常掲載可	OK	8478.0	13.74	-1.42	17.87	1.79	-842.0	-13.76		-21.86	0
7832	バンダイナムコホールディングス	プライム（内国株式）	3800	その他製品	10	情報通信・サービスその他	2	TOPIX Large70	3916.0	1.23	48.0	1.23	48.0	1.23	配当あり	いいえ	18.02	2.92	25115.9	5729.0	3530.0	Consumer Cyclical			OK	通常掲載可	OK	1348246.0	14.06	8.6	72.3	0.01	118898.0	217.34	22.09	17.03	1
7833	アイフィスジャパン	スタンダード（内国株式）	3800	その他製品	10	情報通信・サービスその他	-	-	635.0	4.72	30.0	4.72	30.0	4.72	配当あり	いいえ	11.0	1.04	61.2	748.0	584.0	Industrials			OK	通常掲載可	OK	6956.0	12.24	18.72	82.98	0.0	425.3	57.72	51.98	9.51	2
7836	アビックス	スタンダード（内国株式）	3800	その他製品	10	情報通信・サービスその他	-	-	81.0						配当未取得		12.2	1.44	28.5	109.0	75.0	Technology	配当未取得	1株配当が取得できていない	除外推奨	掲載非推奨	OK_配当データ要確認	4347.1	6.18	16.63	54.49	0.22	146.9	6.64		12.64	
7837	アールシーコア	スタンダード（内国株式）	3800	その他製品	10	情報通信・サービスその他	-	-	321.0						配当未取得			0.84	13.3	860.0	291.0	Real Estate	配当未取得	1株配当が取得できていない	除外推奨	掲載非推奨	OK_配当データ要確認	10547.6	-5.64	-4.03	28.27	0.43	-433.1	-197.38		-40.93	0
7839	ＳＨＯＥＩ	プライム（内国株式）	3800	その他製品	10	情報通信・サービスその他	6	TOPIX Small 1	1841.0	3.26	60.0	3.26	60.0	3.26	配当あり	いいえ	14.97	3.1	942.7	1928.0	1551.0	Consumer Cyclical			OK	通常掲載可	OK	32363.6	27.5	-9.58	85.14	0.01	8383.4	122.98	48.79	21.74	0
7840	フランスベッドホールディングス	プライム（内国株式）	3800	その他製品	10	情報通信・サービスその他	7	TOPIX Small 2	1239.0	4.04	50.0	4.04	50.0	4.04	配当あり	いいえ	16.86	1.03	413.5	1392.0	1175.0	Consumer Cyclical			OK	通常掲載可	OK	61769.0	7.02	1.99	59.28	0.43	912.0	73.47	68.05	6.8	5
7841	遠藤製作所	スタンダード（内国株式）	3800	その他製品	10	情報通信・サービスその他	-	-	1090.0	3.67	40.0	3.67	40.0	3.67	配当あり	いいえ	15.92	0.64	95.8	1364.0	1040.0	Consumer Cyclical			OK	通常掲載可	OK	18237.2	5.63	4.71	83.28	0.0	-191.4	68.45	58.44	1.48	0
7844	マーベラス	プライム（内国株式）	5250	情報・通信業	10	情報通信・サービスその他	7	TOPIX Small 2	438.0	3.42	15.0	3.42	15.0	3.42	配当あり	いいえ	13.3	0.96	265.3	620.0	407.0	Communication Services			OK	通常掲載可	OK	37982.0	5.92	35.83	78.12	0.01	9808.0	32.94	45.54	7.35	0
7846	パイロットコーポレーション	プライム（内国株式）	3800	その他製品	10	情報通信・サービスその他	4	TOPIX Mid400	1724.5	2.44	42.0	2.44	42.0	2.44	配当あり	いいえ	16.31	1.32	1814.9	1759.0	1374.0	Industrials			OK	通常掲載可	OK	126391.0	13.17	0.18	80.84	0.03	5476.0	105.71	39.73	9.35	11
7847	グラファイトデザイン	スタンダード（内国株式）	3800	その他製品	10	情報通信・サービスその他	-	-	607.0	4.94	30.0	4.94	30.0	4.94	配当あり	いいえ	27.24	1.89	39.4	693.0	594.0	Consumer Cyclical			OK	通常掲載可	OK	2711.9	5.77	-11.78	71.56	0.22	-1003.8	22.28	134.65	34.51	0
7849	スターツ出版	スタンダード（内国株式）	5250	情報・通信業	10	情報通信・サービスその他	-	-	3300.0	3.94	130.0	3.94	130.0	3.94	配当あり	いいえ	9.2	1.19	125.5	4630.0	3200.0	Communication Services			OK	通常掲載可	OK	8143.4	21.57	-5.11	83.5		729.4	358.71	36.24	12.35	2
7850	総合商研	スタンダード（内国株式）	3800	その他製品	10	情報通信・サービスその他	-	-	872.0	2.29	20.0	2.29	20.0	2.29	配当あり	いいえ	12.03	0.73	26.2	950.0	801.0	Industrials			OK	通常掲載可	OK	16236.0	2.16	2.78	39.31	0.9	443.6	72.46	27.6	4.41	1
7851	カワセコンピュータサプライ	スタンダード（内国株式）	3800	その他製品	10	情報通信・サービスその他	-	-	173.0	3.47	6.0	3.57	6.0	3.47	配当あり	いいえ	8.69	0.33	8.1	295.0	156.0	Industrials			OK	通常掲載可	OK	2831.3	2.79	9.17	69.85	0.25	103.3	19.91	30.14	2.71	
7856	萩原工業	プライム（内国株式）	3800	その他製品	10	情報通信・サービスその他	7	TOPIX Small 2	1734.0	4.61	80.0	4.61	80.0	4.61	配当あり	いいえ	18.05	0.77	244.3	1855.0	1507.0	Consumer Cyclical			OK	通常掲載可	OK	31936.5	4.6	-3.57	72.4	0.15	2039.0	96.06	83.28	4.44	3
7857	セキ	スタンダード（内国株式）	3800	その他製品	10	情報通信・サービスその他	-	-	1298.0	2.0	26.0	2.0	26.0	2.0	配当あり	いいえ	21.37	0.33	54.1	1400.0	1258.0	Communication Services			OK	通常掲載可	OK	12132.9	-0.54	-1.38	83.58	0.01	7.6	60.75	42.8	1.6	0
7859	アルメディオ	スタンダード（内国株式）	3800	その他製品	10	情報通信・サービスその他	-	-	243.0						配当未取得			0.62	48.7	369.0	152.0	Technology	配当未取得	1株配当が取得できていない	除外推奨	掲載非推奨	OK_配当データ要確認	2372.4	-34.8	-59.1	93.61	0.02	-75.7	-23.47		-5.83	0
7860	エイベックス	プライム（内国株式）	5250	情報・通信業	10	情報通信・サービスその他	6	TOPIX Small 1	1206.0	4.15	50.0	4.15	50.0	4.15	配当あり	いいえ	14.41	0.99	512.7	1320.0	1147.0	Communication Services			OK	通常掲載可	OK	146571.0	2.79	11.3	46.55	0.0	-336.0	83.7	59.74	7.64	0
7863	平賀	スタンダード（内国株式）	3800	その他製品	10	情報通信・サービスその他	-	-	955.0	4.19	40.0	4.19	40.0	4.19	配当あり	いいえ	14.56	2.55	27.5	1302.0	860.0	Industrials			OK	通常掲載可	OK	9792.1	3.73	-1.64	57.54	0.14	25.9	65.61	60.97	21.54	0
7864	フジシールインターナショナル	プライム（内国株式）	3800	その他製品	10	情報通信・サービスその他	6	TOPIX Small 1	2935.0	3.0	88.0	3.0	88.0	3.0	配当あり	いいえ	7.58	0.97	1565.6	3480.0	2460.0	Consumer Cyclical			OK	通常掲載可	OK	217752.0	9.4	2.55	71.33	0.07	4264.0	387.42	22.71	13.48	0
7865	ピープル	スタンダード（内国株式）	3800	その他製品	10	情報通信・サービスその他	-	-	334.0						配当未取得			0.65	12.8	576.0	331.0	Consumer Cyclical	配当未取得	1株配当が取得できていない	除外推奨	掲載非推奨	OK_配当データ要確認	1612.9	-10.77	-15.8	92.82		-203.3	-15.6		15.43	0
7867	タカラトミー	プライム（内国株式）	3800	その他製品	10	情報通信・サービスその他	4	TOPIX Mid400	3259.0	2.15	70.0	2.15	70.0	2.15	配当あり	いいえ	24.81	2.57	2812.6	3648.0	2496.0	Consumer Cyclical			OK	通常掲載可	OK	270455.0	8.96	8.08	68.05	0.07	12409.0	131.34	53.3	10.74	2
7868	広済堂ホールディングス	プライム（内国株式）	3800	その他製品	10	情報通信・サービスその他	7	TOPIX Small 2	556.0	2.4	13.34	2.4	13.34	2.4	配当あり	いいえ	17.33	1.66	822.2	753.0	410.0	Industrials			OK	通常掲載可	OK	36228.0	18.6	-5.41	68.61	0.32	17548.0	32.08	41.58	9.79	3
7871	フクビ化学工業	スタンダード（内国株式）	3200	化学	4	素材・化学	-	-	930.0	3.33	31.0	3.33	31.0	3.33	配当あり	いいえ	10.95	0.46	184.1	1347.0	781.0	Industrials			OK	通常掲載可	OK	40594.0	4.27	1.55	72.62	0.03	152.0	84.91	36.51	4.43	1
7872	エステールホールディングス	スタンダード（内国株式）	3800	その他製品	10	情報通信・サービスその他	-	-	601.0	4.49	27.0	4.49	27.0	4.49	配当あり	いいえ	136.9	0.54	63.0	652.0	571.0	Consumer Cyclical			OK	通常掲載可	OK	31271.0	0.6	-1.35	39.87	0.81	118.0	4.39	615.03	0.4	0
7874	レック	プライム（内国株式）	3200	化学	4	素材・化学	7	TOPIX Small 2	938.0	2.99	28.0	2.99	28.0	2.99	配当あり	いいえ	10.36	0.82	307.2	1283.0	857.0	Consumer Defensive			OK	通常掲載可	OK	68294.0	6.06	3.0	40.17	1.23	6467.0	90.52	30.93	8.05	0
7875	竹田ｉＰホールディングス	スタンダード（内国株式）	3800	その他製品	10	情報通信・サービスその他	-	-	871.0	2.7	23.5	2.7	23.5	2.7	配当あり	いいえ	13.07	0.73	145.7	1118.0	491.0	Communication Services			OK	通常掲載可	OK	34479.0	3.79	0.82	57.29	0.17	-863.0	66.63	35.27	5.83	5
7877	永大化工	スタンダード（内国株式）	3200	化学	4	素材・化学	-	-	2035.0	3.44	70.0	3.44	70.0	3.44	配当あり	いいえ	7.67	0.34	25.0	2389.0	1552.0	Basic Materials			OK	通常掲載可	OK	9220.5	5.17	4.1	73.22	0.14	783.0	265.16	26.4	4.57	1
7878	光・彩	スタンダード（内国株式）	3800	その他製品	10	情報通信・サービスその他	-	-	1689.0	1.78	30.0	1.78	30.0	1.78	配当あり	いいえ	22.88	2.24	25.3	1893.0	841.0	Consumer Cyclical			OK	通常掲載可	OK	4241.7	4.24	7.91	45.27	0.75	-214.7	73.81	40.64	-15.7	2
7879	ノダ	スタンダード（内国株式）	3800	その他製品	10	情報通信・サービスその他	-	-	646.0	4.64	30.0	4.64	30.0	4.64	配当あり	いいえ		0.29	94.6	740.0	634.0	Industrials			OK	通常掲載可	OK	64686.7	-0.07	-3.51	46.78	0.37	-3665.6	-52.97		-2.08	0
7883	サンメッセ	スタンダード（内国株式）	3800	その他製品	10	情報通信・サービスその他	-	-	383.0	2.61	10.0	2.61	10.0	2.61	配当あり	いいえ	12.87	0.42	59.5	394.0	338.0	Industrials			OK	通常掲載可	OK	16436.4	0.82	-1.18	60.01	0.13	589.8	29.76	33.6	3.52	1
7885	タカノ	スタンダード（内国株式）	3800	その他製品	10	情報通信・サービスその他	-	-	1127.0	1.77	20.0	1.77	20.0	1.77	配当あり	いいえ	27.85	0.53	171.5	1747.0	725.0	Consumer Cyclical			OK	通常掲載可	OK	24802.8	3.39	3.48	85.7	0.0	1011.1	40.46	49.43	1.91	0
7886	ヤマト　モビリティ　＆　Ｍｆｇ．	スタンダード（内国株式）	3200	化学	4	素材・化学	-	-	716.0						配当未取得			2.03	11.5	1595.0	504.0	Basic Materials	配当未取得	1株配当が取得できていない	除外推奨	掲載非推奨	OK_配当データ要確認	16072.2	1.26	4.61	18.71	2.27	159.3	-422.15		-83.62	0
7887	南海プライウッド	スタンダード（内国株式）	3800	その他製品	10	情報通信・サービスその他	-	-	1494.0	5.35	80.0	5.35	80.0	5.35	配当あり	いいえ	3.95	0.27	72.4	2680.0	1188.0	Consumer Cyclical			OK	通常掲載可	OK	29136.3	7.2	16.91	55.97	0.43	1016.5	378.28	21.15	7.17	0
7888	三光合成	プライム（内国株式）	3200	化学	4	素材・化学	7	TOPIX Small 2	764.0	3.66	28.0	3.66	28.0	3.66	配当あり	いいえ	5.82	0.64	232.9	1088.0	648.0	Technology			OK	通常掲載可	OK	91101.0	6.21	-2.86	42.33	0.75	3321.0	131.33	21.32	12.64	5
7893	プロネクサス	プライム（内国株式）	3800	その他製品	10	情報通信・サービスその他	7	TOPIX Small 2	1101.0	4.0	44.0	4.0	44.0	4.0	配当あり	いいえ	13.23	1.15	271.4	1212.0	1019.0	Industrials			OK	通常掲載可	OK	32821.4	8.85	5.89	62.99	0.1	834.0	83.24	52.86	8.76	2
7896	セブン工業	スタンダード（内国株式）	3800	その他製品	10	情報通信・サービスその他	-	-	501.0	3.99	20.0	3.99	20.0	3.99	配当あり	いいえ		0.46	22.4	577.0	486.0	Industrials			OK	通常掲載可	OK	15589.0	-0.31	1.11	55.68	0.43	-920.0	-28.66		-0.12	0
7897	ホクシン	スタンダード（内国株式）	3800	その他製品	10	情報通信・サービスその他	-	-	101.0	1.98	2.0	1.98	2.0	1.98	配当あり	いいえ		0.52	28.6	143.0	96.0	Basic Materials			OK	通常掲載可	OK	10267.6	-0.36	0.42	45.07	0.78	506.0	-0.97			0
7898	ウッドワン	スタンダード（内国株式）	3800	その他製品	10	情報通信・サービスその他	-	-	865.0	2.77	24.0	2.77	24.0	2.77	配当あり	いいえ		0.18	80.5	1120.0	811.0	Consumer Cyclical			OK	通常掲載可	OK	66000.0	1.87	1.29	42.57	0.97	-2963.0	-156.48		-3.37	0
7901	マツモト	スタンダード（内国株式）	3800	その他製品	10	情報通信・サービスその他	-	-	777.0						配当未取得		5.64	0.88	8.8	2823.0	647.0	Basic Materials	配当未取得	1株配当が取得できていない	除外推奨	掲載非推奨	OK_配当データ要確認	2169.1	-12.23	-2.05	39.57	0.42	-190.2	137.76		17.03	0
7902	ソノコム	スタンダード（内国株式）	3800	その他製品	10	情報通信・サービスその他	-	-	1072.0	2.43	26.0	2.43	26.0	2.43	配当あり	いいえ	12.8	0.42	39.0	1414.0	829.0	Technology			OK	通常掲載可	OK	2712.8	12.25	11.96	92.11	0.0	266.6	83.72	31.06	3.33	0
7906	ヨネックス	スタンダード（内国株式）	3800	その他製品	10	情報通信・サービスその他	-	-	2331.0	1.2	28.0	1.2	28.0	1.2	配当あり	いいえ	16.47	2.48	1994.2	4505.0	2181.0	Consumer Cyclical			OK	通常掲載可	OK	163643.0	10.12	18.35	62.58	0.23	-444.0	141.49	19.79	16.12	5
7908	きもと	スタンダード（内国株式）	3200	化学	4	素材・化学	-	-	237.0	3.38	8.0	3.38	8.0	3.38	配当あり	いいえ	18.79	0.55	103.5	301.0	219.0	Technology			OK	通常掲載可	OK	10546.0	10.14	-6.62	81.66		314.0	12.61	63.44	2.99	1
7911	ＴＯＰＰＡＮホールディングス	プライム（内国株式）	3800	その他製品	10	情報通信・サービスその他	4	TOPIX Mid400	5313.0	1.09	58.0	1.09	58.0	1.09	配当あり	いいえ	23.42	1.12	14962.8	5928.0	3666.0	Industrials			OK	通常掲載可	OK	1805033.0	3.72	4.97	52.27	0.4	-61834.0	226.87	25.57	5.03	1
7912	大日本印刷	プライム（内国株式）	3800	その他製品	10	情報通信・サービスその他	4	TOPIX Mid400	3052.0	1.34	41.0	1.34	41.0	1.34	配当あり	いいえ	12.97	1.11	13123.3	3300.0	2149.0	Industrials			OK	通常掲載可	OK	1512571.0	6.68	3.77	58.53	0.22	-32616.0	235.31	17.42	8.63	1
7914	共同印刷	プライム（内国株式）	3800	その他製品	10	情報通信・サービスその他	7	TOPIX Small 2	1583.0	5.05	80.0	5.05	80.0	5.05	配当あり	いいえ	11.21	0.67	437.6	1760.0	1288.0	Industrials			OK	通常掲載可	OK	98205.0	2.18	-1.77	52.69	0.17	1661.0	141.2	56.66	6.19	2
7915	ＮＩＳＳＨＡ	プライム（内国株式）	3800	その他製品	10	情報通信・サービスその他	6	TOPIX Small 1	1362.0	3.67	50.0	3.67	50.0	3.67	配当あり	いいえ	64.52	0.72	645.8	1710.0	1117.0	Technology			OK	通常掲載可	OK	194898.0	2.26	-0.36	46.1	0.64	1358.0	21.11	236.85	3.29	0
7916	光村印刷	スタンダード（内国株式）	3800	その他製品	10	情報通信・サービスその他	-	-	1812.0	2.76	50.0	2.76	50.0	2.76	配当あり	いいえ	15.72	0.3	55.5	2005.0	1340.0	Industrials			OK	通常掲載可	OK	14133.2	-0.49	-4.22	68.27	0.14	-970.2	115.24	43.39	2.0	0
7917	ＺＡＣＲＯＳ	プライム（内国株式）	3200	化学	4	素材・化学	7	TOPIX Small 2	1362.0	2.64	36.0	2.64	36.0	2.64	配当あり	いいえ	12.95	1.02	974.5	1548.0	930.0	Consumer Cyclical			OK	通常掲載可	OK	158535.0	6.97	5.17	60.72	0.13	-9990.0	105.15	34.24	8.52	2
7918	ヴィア・ホールディングス	スタンダード（内国株式）	6100	小売業	14	小売	-	-	108.0						配当未取得			3.98	49.3	131.0	103.0	Consumer Cyclical	配当未取得	1株配当が取得できていない	除外推奨	掲載非推奨	OK_配当データ要確認	17405.0	-0.4	0.18	18.88	2.13	-257.0	-11.23		-42.72	0
7919	野崎印刷紙業	スタンダード（内国株式）	3800	その他製品	10	情報通信・サービスその他	-	-	191.0	5.24	10.0	5.24	10.0	5.24	配当あり	いいえ	8.61	0.67	30.8	240.0	181.0	Industrials			OK	通常掲載可	OK	14016.5	3.68	-3.8	43.52	0.68	-576.2	22.18	45.09	7.76	0
7921	ＴＡＫＡＲＡ　＆　ＣＯＭＰＡＮＹ	プライム（内国株式）	3800	その他製品	10	情報通信・サービスその他	7	TOPIX Small 2	3340.0	3.59	120.0	3.59	120.0	3.59	配当あり	いいえ	10.43	1.42	431.1	4795.0	2783.0	Industrials			OK	通常掲載可	OK	29678.8	13.64	1.37	75.73	0.01	3409.9	320.31	37.46	13.82	7
7922	三光産業	スタンダード（内国株式）	3800	その他製品	10	情報通信・サービスその他	-	-	717.0						配当未取得		48.54	0.62	55.5	914.0	393.0		配当未取得	1株配当が取得できていない	除外推奨	掲載非推奨	OK_配当データ要確認	9666.6	0.86	-6.67	74.08	0.12	-1029.8	14.77		1.29	0
7927	ムトー精工	スタンダード（内国株式）	3200	化学	4	素材・化学	-	-	2229.0	5.25	117.0	5.25	117.0	5.25	配当あり	いいえ	7.79	0.74	154.8	2480.0	1500.0	Technology			OK	通常掲載可	OK	29688.4	7.83	7.67	64.34	0.24	2333.7	285.98	40.91	9.95	0
7928	旭化学工業	スタンダード（内国株式）	3200	化学	4	素材・化学	-	-	621.0	1.61	10.0	1.61	10.0	1.61	配当あり	いいえ	26.04	0.34	18.9	644.0	573.0	Industrials			OK	通常掲載可	OK	8359.8	-0.55	0.23	79.23	0.02	-513.2	23.85	41.93	1.34	0
7931	未来工業	プライム（内国株式）	3200	化学	4	素材・化学	7	TOPIX Small 2	3145.0	3.18	100.0	3.18	100.0	3.18	配当あり	いいえ	10.82	0.92	508.3	4045.0	2800.0	Industrials			OK	通常掲載可	OK	45673.0	14.73	1.24	80.72	0.0	3553.0	290.6	34.41	8.71	0
7932	ニッピ	スタンダード（内国株式）	3800	その他製品	10	情報通信・サービスその他	-	-	12200.0	5.75	701.0	5.75	701.0	5.75	配当あり	いいえ	12.29	0.83	341.6	14650.0	10450.0	Consumer Cyclical			OK	通常掲載可	OK	47252.0	8.79	-3.84	58.62	0.26	2470.0	993.08	70.59	7.05	3
7936	アシックス	プライム（内国株式）	3800	その他製品	10	情報通信・サービスその他	2	TOPIX Large70	4624.0	0.82	38.0	0.82	38.0	0.82	配当あり	いいえ	33.56	10.36	32780.1	5149.0	3425.0	Consumer Cyclical			OK	通常掲載可	OK	810916.0	17.58	19.51	46.34	0.36	79380.0	137.8	27.58	40.86	4
7937	ツツミ	スタンダード（内国株式）	3800	その他製品	10	情報通信・サービスその他	7	TOPIX Small 2	2607.0	4.41	115.0	4.41	115.0	4.41	配当あり	いいえ	11.04	0.58	407.4	3455.0	2196.0	Consumer Cyclical			OK	通常掲載可	OK	35225.0	14.88	41.84	95.12		-188.0	236.19	48.69	5.35	3
7938	リーガルコーポレーション	スタンダード（内国株式）	3800	その他製品	10	情報通信・サービスその他	-	-	2070.0	7.25	150.0	7.25	150.0	7.25	配当あり	いいえ	25.91	0.45	61.7	2490.0	2040.0	Consumer Cyclical			OK	通常掲載可	OK	22841.0	-1.65	-3.04	49.53	0.71	-1459.0	79.9	187.73	1.85	3
7939	研創	スタンダード（内国株式）	3800	その他製品	10	情報通信・サービスその他	-	-	586.0	3.92	23.0	3.92	23.0	3.92	配当あり	いいえ	10.74	2.66	22.2	638.0	517.0	Industrials			OK	通常掲載可	OK	6411.7	4.02	9.25	60.83	0.38	218.3	54.56	42.16	21.93	1
7940	ウェーブロックホールディングス	スタンダード（内国株式）	3200	化学	4	素材・化学	-	-	1058.0	2.84	30.0	2.79	30.0	2.84	配当あり	いいえ	29.59	0.54	89.3	1412.0	593.0	Basic Materials			OK	通常掲載可	OK	25137.1	1.77	-1.68	55.39	0.39	-36.7	35.76	83.89	1.86	0
7942	ＪＳＰ	プライム（内国株式）	3200	化学	4	素材・化学	7	TOPIX Small 2	2531.0	3.95	100.0	3.95	100.0	3.95	配当あり	いいえ	10.05	0.61	663.3	2934.0	1844.0	Consumer Cyclical			OK	通常掲載可	OK	145456.0	5.34	2.25	65.9	0.22	16349.0	251.83	39.71	6.05	0
7943	ニチハ	プライム（内国株式）	3400	ガラス・土石製品	3	建設・資材	6	TOPIX Small 1	2982.0	3.82	114.0	3.82	114.0	3.82	配当あり	いいえ	40.16	0.81	990.1	3735.0	2665.0	Industrials			OK	通常掲載可	OK	143740.0	6.51	-3.19	72.3	0.13	4232.0	74.25	153.54	2.02	0
7944	ローランド	プライム（内国株式）	3800	その他製品	10	情報通信・サービスその他	6	TOPIX Small 1	4265.0	3.99	170.0	3.99	170.0	3.99	配当あり	いいえ	52.36	2.74	1124.9	4695.0	3000.0	Consumer Cyclical			OK	通常掲載可	OK	100952.0	9.32	1.53	49.21	0.59	7303.0	81.46	208.69	4.48	0
7946	光陽社	スタンダード（内国株式）	3800	その他製品	10	情報通信・サービスその他	-	-	350.0	3.14	11.0	3.14	11.0	3.14	配当あり	いいえ	10.69	0.5	8.6	4740.0	333.0	Industrials			OK	通常掲載可	OK	4726.8	1.28	5.17	56.22	0.24	-82.0	32.73	33.61	4.66	0
7947	エフピコ	プライム（内国株式）	3200	化学	4	素材・化学	6	TOPIX Small 1	2627.0	2.78	73.0	2.78	73.0	2.78	配当あり	いいえ	14.29	1.29	2124.6	2855.0	2243.0	Consumer Cyclical			OK	通常掲載可	OK	240490.0	8.99	2.06	54.08	0.49	13449.0	183.89	39.7	9.36	2
7949	小松ウオール工業	プライム（内国株式）	3800	その他製品	10	情報通信・サービスその他	7	TOPIX Small 2	2593.0	5.4	140.0	5.4	140.0	5.4	配当あり	いいえ	14.97	1.16	456.4	3060.0	2263.0	Industrials			OK	通常掲載可	OK	46725.0	8.77	4.73	80.72	0.0	-2719.0	173.21	80.83	7.92	3
7951	ヤマハ	プライム（内国株式）	3800	その他製品	10	情報通信・サービスその他	4	TOPIX Mid400	1163.5	2.23	26.0	2.23	26.0	2.23	配当あり	いいえ	22.07	1.07	5118.2	1250.0	953.0	Consumer Cyclical			OK	通常掲載可	OK	465330.0	6.29	0.7	77.46	0.03	32347.0	52.71	49.33	5.12	3
7952	河合楽器製作所	プライム（内国株式）	3800	その他製品	10	情報通信・サービスその他	7	TOPIX Small 2	3265.0	2.91	95.0	2.91	95.0	2.91	配当あり	いいえ	24.57	0.6	280.9	3385.0	2391.0	Consumer Cyclical			OK	通常掲載可	OK	72049.0	0.16	-1.19	59.26	0.24	-3715.0	132.89	71.49	2.5	0
7953	菊水化学工業	スタンダード（内国株式）	3800	その他製品	10	情報通信・サービスその他	-	-	386.0	5.18	20.0	5.18	20.0	5.18	配当あり	いいえ	17.89	0.47	48.4	414.0	367.0	Industrials			OK	通常掲載可	OK	21602.1	1.87	0.99	60.05	0.17	528.3	21.58	92.68	2.83	1
7955	クリナップ	プライム（内国株式）	3800	その他製品	10	情報通信・サービスその他	7	TOPIX Small 2	926.0	4.32	40.0	4.32	40.0	4.32	配当あり	いいえ	9.58	0.54	326.6	1104.0	685.0	Consumer Cyclical			OK	通常掲載可	OK	134487.0	2.94	3.46	64.69	0.14	659.0	96.67	41.38	5.91	0
7956	ピジョン	プライム（内国株式）	3800	その他製品	10	情報通信・サービスその他	4	TOPIX Mid400	2080.5	3.65	76.0	3.65	76.0	3.65	配当あり	いいえ	29.07	3.05	2489.2	2130.5	1567.0	Consumer Defensive			OK	通常掲載可	OK	109170.0	12.05	4.8	75.32	0.02	9916.0	71.57	106.19	10.8	0
7957	フジコピアン	スタンダード（内国株式）	3800	その他製品	10	情報通信・サービスその他	-	-	1785.0	6.61	118.0	6.61	118.0	6.61	配当あり	いいえ		0.34	27.3	1799.0	1374.0	Industrials			OK	通常掲載可	OK	8475.6	-2.72	-5.66	57.44	0.34	-475.3	-1764.65		-26.82	0
7962	キングジム	プライム（内国株式）	3800	その他製品	10	情報通信・サービスその他	7	TOPIX Small 2	762.0	1.84	14.0	1.84	14.0	1.84	配当あり	いいえ	40.81	0.85	214.6	857.0	760.0	Industrials			OK	通常掲載可	OK	39639.5	1.36	0.22	67.73	0.26	578.3	18.67	74.99	1.55	0
7963	興研	スタンダード（内国株式）	3800	その他製品	10	情報通信・サービスその他	-	-	1775.0	1.97	35.0	1.97	35.0	1.97	配当あり	いいえ	9.87	0.63	85.9	2282.0	1671.0	Healthcare			OK	通常掲載可	OK	11857.1	10.72	10.17	61.47	0.42	-232.2	179.81	19.46	5.73	1
7965	象印マホービン	プライム（内国株式）	3650	電気機器	9	電機・精密	6	TOPIX Small 1	1386.0	3.32	46.0	3.32	46.0	3.32	配当あり	いいえ	14.43	0.99	880.0	1944.0	1322.0	Consumer Cyclical			OK	通常掲載可	OK	91151.0	8.16	4.51	74.97	0.02	8333.0	96.05	47.89	6.85	2
7966	リンテック	プライム（内国株式）	3800	その他製品	10	情報通信・サービスその他	6	TOPIX Small 1	7310.0	1.64	120.0	1.64	120.0	1.64	配当あり	いいえ	27.62	1.86	4786.7	7320.0	2900.0	Basic Materials			OK	通常掲載可	OK	319385.0	7.88	1.08	75.13	0.03	18219.0	264.62	45.35	6.89	2
7970	信越ポリマー	プライム（内国株式）	3200	化学	4	素材・化学	6	TOPIX Small 1	2500.0	2.56	64.0	2.56	64.0	2.56	配当あり	いいえ	20.45	1.55	2009.3	2547.0	1687.0	Basic Materials			OK	通常掲載可	OK	115116.0	12.2	4.1	84.67		10212.0	122.25	52.35	7.83	10
7971	東リ	スタンダード（内国株式）	3200	化学	4	素材・化学	-	-	658.0	5.17	34.0	5.17	34.0	5.17	配当あり	いいえ	8.56	0.72	373.4	822.0	484.0	Industrials			OK	通常掲載可	OK	112337.0	4.54	6.27	51.99	0.2	3891.0	76.85	44.24	8.98	3
7972	イトーキ	プライム（内国株式）	3800	その他製品	10	情報通信・サービスその他	6	TOPIX Small 1	2730.0	3.3	90.0	3.3	90.0	3.3	配当あり	いいえ	14.35	2.28	1350.5	3695.0	2130.0	Consumer Cyclical			OK	通常掲載可	OK	153682.0	8.91	10.99	43.38	0.61	2925.0	190.28	47.3	18.1	5
7974	任天堂	プライム（内国株式）	3800	その他製品	10	情報通信・サービスその他	1	TOPIX Core30	7132.0	3.07	219.0	3.07	219.0	3.07	配当あり	いいえ	19.57	2.78	82219.7	14795.0	6544.0	Communication Services			OK	通常掲載可	OK	2313051.0	15.57	98.56	77.63		262620.0	364.45	60.09	14.93	0
7975	リヒトラブ	スタンダード（内国株式）	3800	その他製品	10	情報通信・サービスその他	-	-	1105.0	2.26	25.0	2.26	25.0	2.26	配当あり	いいえ	55.86	0.34	37.5	1347.0	1057.0	Industrials			OK	通常掲載可	OK	9124.2	0.39	-1.04	81.23	0.03	-1375.7	19.78	126.39	0.62	0
7976	三菱鉛筆	プライム（内国株式）	3800	その他製品	10	情報通信・サービスその他	6	TOPIX Small 1	2690.0	1.9	51.0	1.9	51.0	1.9	配当あり	いいえ	23.53	1.04	1345.2	2720.0	1981.0	Industrials			OK	通常掲載可	OK	89814.0	10.79	1.12	75.7	0.11	2413.0	114.33	44.61	5.5	7
7979	松風	プライム（内国株式）	3750	精密機器	9	電機・精密	7	TOPIX Small 2	2093.0	2.63	55.0	2.63	55.0	2.63	配当あり	いいえ	15.29	1.53	744.9	2181.0	1620.0	Healthcare			OK	通常掲載可	OK	39994.0	13.07	3.35	84.21	0.01	-231.0	136.88	40.18	10.71	5
7980	重松製作所	スタンダード（内国株式）	3800	その他製品	10	情報通信・サービスその他	-	-	810.0	1.85	15.0	1.85	15.0	1.85	配当あり	いいえ	8.2	0.61	57.6	1347.0	766.0	Healthcare			OK	通常掲載可	OK	14112.6	7.58	8.6	47.46	0.59	-1981.7	98.74	15.19	7.8	1
