コード	銘柄名	市場・商品区分	33業種コード	33業種区分	17業種コード	17業種区分	規模コード	規模区分	株価	配当利回り(%)	1株配当(円)	配当利回り_raw	1株配当_raw	配当利回り_自前計算	配当状態	配当フォールバック使用	PER	PBR	時価総額(億円)	52週高値	52週安値	セクター	注意フラグ	要確認理由	配当ランキング利用可否	記事掲載区分	yfinance状態	売上高_直近期(百万円)	営業利益率(%)	売上成長率_YoY(%)	自己資本比率(%)	DEレシオ	FCF(百万円)	EPS(円)	配当性向(%)	ROE(%)	連続増配(年)
6094	フリークアウト・ホールディングス	グロース（内国株式）	9050	サービス業	10	情報通信・サービスその他	-	-	521.0						配当未取得		6.18	0.73	90.5	796.0	488.0	Communication Services	配当未取得	1株配当が取得できていない	除外推奨	掲載非推奨	OK_配当データ要確認	50323.4	0.09	-2.68	27.23	1.59	-636.0	84.35		11.96	
6096	レアジョブ	スタンダード（内国株式）	9050	サービス業	10	情報通信・サービスその他	-	-	391.0	2.05	8.0	2.05	8.0	2.05	配当あり	いいえ	11.44	1.66	37.3	415.0	278.0	Consumer Defensive			OK	通常掲載可	OK	9600.6	0.82	-1.19	34.03	1.17	-41.3	34.17	23.41	15.57	0
6098	リクルートホールディングス	プライム（内国株式）	9050	サービス業	10	情報通信・サービスその他	1	TOPIX Core30	11920.0	0.22	26.0	0.22	26.0	0.22	配当あり	いいえ	34.25	10.51	165943.0	12195.0	6040.0	Communication Services			OK	通常掲載可	OK	3697351.0	17.05	3.93	56.77	0.12	545106.0	348.06	7.47	30.83	4
6099	エラン	プライム（内国株式）	9050	サービス業	10	情報通信・サービスその他	7	TOPIX Small 2	749.0	2.14	16.0	2.14	16.0	2.14	配当あり	いいえ	16.37	3.12	453.0	876.0	654.0	Healthcare			OK	通常掲載可	OK	55448.7	7.71	16.7	54.93	0.06	3147.9	45.76	34.97	21.58	1
6101	ツガミ	プライム（内国株式）	3600	機械	8	機械	6	TOPIX Small 1	8120.0	1.21	98.0	1.21	98.0	1.21	配当あり	いいえ	54.64	4.72	3775.9	8630.0	1777.0	Industrials			OK	通常掲載可	OK	25561.0	9.64	-6.08	52.0	0.11	6757.0	148.6	65.95	25.52	5
6103	オークマ	プライム（内国株式）	3600	機械	8	機械	6	TOPIX Small 1	4945.0	2.02	100.0	2.02	100.0	2.02	配当あり	いいえ	23.75	1.2	2911.0	5200.0	3265.0	Industrials			OK	通常掲載可	OK	235888.0	6.57	14.05	71.98	0.1	-6572.0	208.18	48.04	5.11	0
6104	芝浦機械	プライム（内国株式）	3600	機械	8	機械	6	TOPIX Small 1	4690.0	2.99	140.0	2.99	140.0	2.99	配当あり	いいえ	107.52	0.94	1109.0	5170.0	3305.0	Industrials			OK	通常掲載可	OK	132815.0	3.29	-21.03	68.33	0.09	-11335.0	43.62	320.95	0.87	0
6113	アマダ	プライム（内国株式）	3600	機械	8	機械	4	TOPIX Mid400	3075.0	2.08	64.0	2.08	64.0	2.08	配当あり	いいえ	31.15	1.78	9548.9	3224.0	1559.5	Industrials			OK	通常掲載可	OK	437372.0	10.24	10.26	69.35	0.15	48466.0	98.71	64.84	5.78	0
6118	アイダエンジニアリング	プライム（内国株式）	3600	機械	8	機械	6	TOPIX Small 1	1176.0	3.32	39.0	3.32	39.0	3.32	配当あり	いいえ	14.99	0.74	639.1	1362.0	872.0	Industrials			OK	通常掲載可	OK	78647.0	7.24	3.47	69.09	0.05	6435.0	78.44	49.72	5.0	1
6125	岡本工作機械製作所	スタンダード（内国株式）	3600	機械	8	機械	-	-	5670.0	2.82	160.0	2.82	160.0	2.82	配当あり	いいえ	30.4	0.88	374.8	5930.0	3690.0	Industrials			OK	通常掲載可	OK	42513.0	3.57	-2.79	63.47	0.28	-901.0	186.54	85.77	2.97	0
6134	ＦＵＪＩ	プライム（内国株式）	3600	機械	8	機械	4	TOPIX Mid400	8748.0	2.17	190.0	2.17	190.0	2.17	配当あり	いいえ	49.02	3.31	7690.6	8943.0	2579.0	Industrials			OK	通常掲載可	OK	180642.0	16.21	41.81	83.46		-2431.0	178.46	106.47	6.98	0
6135	牧野フライス製作所	プライム（内国株式）	3600	機械	8	機械	6	TOPIX Small 1	15330.0	2.35	360.0	2.35	360.0	2.35	配当あり	いいえ	17.09	1.37	3585.9	15940.0	10370.0	Industrials			OK	通常掲載可	OK	261184.0	9.59	11.51	61.71	0.2	14928.0	896.81	40.14	8.61	0
6136	オーエスジー	プライム（内国株式）	3600	機械	8	機械	4	TOPIX Mid400	4101.0	2.05	84.0	2.05	84.0	2.05	配当あり	いいえ	26.88	1.85	3368.9	4101.0	1723.5	Industrials			OK	通常掲載可	OK	160619.0	12.66	3.28	67.54	0.25	11618.0	152.56	55.06	9.29	1
6137	小池酸素工業	スタンダード（内国株式）	3600	機械	8	機械	-	-	1503.0	3.33	50.0	3.33	50.0	3.33	配当あり	いいえ	9.17	0.68	317.3	2432.0	1206.0	Industrials			OK	通常掲載可	OK	55570.0	8.72	0.66	59.33	0.16	1846.0	163.98	30.49	7.78	4
6138	ダイジェット工業	スタンダード（内国株式）	3600	機械	8	機械	-	-	1145.0	3.06	35.0	3.06	35.0	3.06	配当あり	いいえ	4.34	0.36	34.0	1244.0	828.0	Industrials			OK	通常掲載可	OK	9292.1	6.98	5.67	54.97	0.54	392.8	263.81	13.27	8.98	0
6140	旭ダイヤモンド工業	プライム（内国株式）	3600	機械	8	機械	6	TOPIX Small 1	1249.0	2.72	34.0	2.72	34.0	2.72	配当あり	いいえ	30.49	0.97	601.2	1735.0	711.0	Industrials			OK	通常掲載可	OK	41983.0	5.73	2.38	78.54	0.07	2456.0	40.97	82.99	3.24	0
6141	ＤＭＧ森精機	プライム（内国株式）	3600	機械	8	機械	4	TOPIX Mid400	3750.0	2.8	105.0	2.8	105.0	2.8	配当あり	いいえ	111.11	1.56	5291.3	3940.0	2307.5	Industrials			OK	通常掲載可	OK	527195.0	3.6	-5.01	39.18	0.37	-3535.0	33.75	311.11	2.51	5
6143	ソディック	プライム（内国株式）	3600	機械	8	機械	6	TOPIX Small 1	1907.0	1.52	29.0	1.52	29.0	1.52	配当あり	いいえ	22.88	1.63	952.2	2136.0	807.0	Industrials			OK	通常掲載可	OK	80572.0	5.24	9.37	58.14	0.4	4857.0	83.34	34.8	13.65	0
6144	西部電機	スタンダード（内国株式）	3600	機械	8	機械	-	-	2921.0	3.08	90.0	3.08	90.0	3.08	配当あり	いいえ	12.53	1.3	439.0	3460.0	1871.0	Industrials			OK	通常掲載可	OK	39265.0	10.68	17.73	67.8	0.01	2516.0	233.1	38.61	10.9	2
6145	ＮＩＴＴＯＫＵ	スタンダード（内国株式）	3600	機械	8	機械	-	-	2980.0	2.75	82.0	2.75	82.0	2.75	配当あり	いいえ	14.62	1.25	502.9	3460.0	1853.0	Industrials			OK	通常掲載可	OK	42412.0	12.82	27.49	63.96	0.22	3327.0	203.83	40.23	8.88	2
6146	ディスコ	プライム（内国株式）	3600	機械	8	機械	2	TOPIX Large70	76590.0	0.66	505.0	0.66	505.0	0.66	配当あり	いいえ	61.35	14.13	83075.4	91680.0	37260.0	Technology			OK	通常掲載可	OK	436889.0	42.34	11.08	79.06		98316.0	1248.42	40.45	25.09	2
6147	ヤマザキ	スタンダード（内国株式）	3600	機械	8	機械	-	-	164.0	6.1	10.0	6.1	10.0	6.1	配当あり	いいえ		0.7	7.3	368.0	159.0	Industrials			OK	通常掲載可	OK	3093.9	2.51	23.95	35.84	1.39	-80.7	-81.23		-29.36	0
6149	小田原エンジニアリング	スタンダード（内国株式）	3600	機械	8	機械	-	-	2155.0	3.25	70.0	3.25	70.0	3.25	配当あり	いいえ	5.32	0.67	123.3	2950.0	1835.0	Industrials			OK	通常掲載可	OK	18238.3	16.73	38.42	74.54	0.0	-1356.3	405.14	17.28	15.28	1
6150	タケダ機械	スタンダード（内国株式）	3600	機械	8	機械	-	-	2742.0	2.92	80.0	2.92	80.0	2.92	配当あり	いいえ	9.8	0.47	25.2	3470.0	2666.0	Industrials			OK	通常掲載可	OK	4890.8	8.82	-10.5	68.47	0.29	-658.7	279.68	28.6	4.31	0
6151	日東工器	プライム（内国株式）	3600	機械	8	機械	7	TOPIX Small 2	1690.0	1.89	32.0	1.89	32.0	1.89	配当あり	いいえ	14.75	0.52	317.0	1940.0	1555.0	Industrials			OK	通常掲載可	OK	27289.0	4.34	0.12	88.73	0.03	-3082.0	114.58	27.93	3.6	1
6155	高松機械工業	スタンダード（内国株式）	3600	機械	8	機械	-	-	495.0	2.02	10.0	2.02	10.0	2.02	配当あり	いいえ		0.33	53.4	549.0	445.0	Industrials			OK	通常掲載可	OK	12722.0	-0.51	-8.43	78.08	0.08	442.0	-15.3		-1.01	0
6156	エーワン精密	スタンダード（内国株式）	3600	機械	8	機械	-	-	1730.0	5.78	100.0	5.78	100.0	5.78	配当あり	いいえ		1.21	87.2	2086.0	1677.0	Industrials			OK	通常掲載可	OK	1601.5	10.28	-8.76	91.53	0.0	104.4	-34.77		-2.12	0
6157	日進工具	スタンダード（内国株式）	3600	機械	8	機械	7	TOPIX Small 2	944.0	3.18	30.0	3.18	30.0	3.18	配当あり	いいえ	16.18	1.28	221.7	984.0	730.0	Industrials			OK	通常掲載可	OK	9494.1	20.64	0.67	91.1		1651.9	58.34	51.42	7.95	1
6158	和井田製作所	スタンダード（内国株式）	3600	機械	8	機械	-	-	987.0	3.65	36.0	3.65	36.0	3.65	配当あり	いいえ	23.31	0.61	64.4	1346.0	836.0	Industrials			OK	通常掲載可	OK	6659.2	3.83	-11.85	84.3	0.05	502.5	42.34	85.03	2.48	0
6159	ミクロン精密	スタンダード（内国株式）	3600	機械	8	機械	-	-	1870.0	0.64	12.0	0.64	12.0	0.64	配当あり	いいえ	13.26	0.61	86.3	2916.0	1485.0	Industrials			OK	通常掲載可	OK	5782.4	10.89	23.05	87.39	0.02	1549.2	141.0	8.51	4.69	2
6161	エスティック	スタンダード（内国株式）	3600	機械	8	機械	-	-	1036.0	2.99	31.0	2.99	31.0	2.99	配当あり	いいえ	8.87	0.92	103.3	1131.0	940.0	Industrials			OK	通常掲載可	OK	8033.7	19.6	1.93	88.37	0.0	-371.4	116.76	26.55	10.72	4
6165	パンチ工業	スタンダード（内国株式）	3600	機械	8	機械	-	-	504.0	3.97	20.0	3.97	20.0	3.97	配当あり	いいえ	16.28	0.6	138.8	579.0	373.0	Industrials			OK	通常掲載可	OK	42100.0	4.83	3.13	67.28	0.13	745.0	30.95	64.62	3.79	0
6166	中村超硬	グロース（内国株式）	3600	機械	8	機械	-	-	930.0						配当未取得		37.04	9.34	102.5	1208.0	247.0	Industrials	配当未取得	1株配当が取得できていない	除外推奨	掲載非推奨	OK_配当データ要確認	2641.0	0.29	9.44	15.31	3.57	78.2	25.11		28.81	
6167	冨士ダイス	プライム（内国株式）	3600	機械	8	機械	7	TOPIX Small 2	1019.0	7.85	80.0	7.85	80.0	7.85	配当あり	いいえ	35.09	0.98	199.5	1615.0	735.0	Industrials			OK	通常掲載可	OK	17446.0	4.71	5.13	79.59	0.0	245.0	29.04	275.48	2.78	1
6171	土木管理総合試験所	スタンダード（内国株式）	9050	サービス業	10	情報通信・サービスその他	-	-	386.0	3.11	12.0	3.11	12.0	3.11	配当あり	いいえ	11.36	1.04	54.9	573.0	358.0	Industrials			OK	通常掲載可	OK	7695.7	8.71	4.76	70.38	0.12	257.5	33.97	35.33	11.14	0
6173	アクアライン	グロース（内国株式）	9050	サービス業	10	情報通信・サービスその他	-	-							配当未取得								yfinanceデータなし	yfinanceで株価・配当データが取得できなかった	除外推奨	掲載非推奨	データなし										
6176	ブランジスタ	スタンダード（内国株式）	9050	サービス業	10	情報通信・サービスその他	-	-	911.0	3.29	30.0	3.29	30.0	3.29	配当あり	いいえ	6.17	1.93	131.8	1018.0	640.0	Communication Services			OK	通常掲載可	OK	5196.7	22.16	7.76	67.92	0.13	544.4	147.58	20.33	37.81	
6177	ＡｐｐＢａｎｋ	グロース（内国株式）	9050	サービス業	10	情報通信・サービスその他	-	-	82.0						配当未取得			2.38	20.7	522.0	72.0	Communication Services	配当未取得	1株配当が取得できていない	除外推奨	掲載非推奨	OK_配当データ要確認	1242.2	-13.76	24.92	74.91	0.09	-180.5	-29.27			
6178	日本郵政	プライム（内国株式）	9050	サービス業	10	情報通信・サービスその他	2	TOPIX Large70	2271.5	2.64	60.0	2.64	60.0	2.64	配当あり	いいえ	17.57	0.66	63745.5	2361.0	1318.0	Financial Services			OK	通常掲載可	OK	11468366.0		-4.29	3.06	0.38	2488602.0	129.25	46.42	4.68	0
6180	ＧＭＯメディア	グロース（内国株式）	9050	サービス業	10	情報通信・サービスその他	-	-	3575.0	5.87	210.0	5.87	210.0	5.87	配当あり	いいえ	10.09	2.25	64.2	6170.0	3440.0	Communication Services			OK	通常掲載可	OK	7115.0	12.67	7.7	49.94	0.01	816.4	354.28	59.28	-4.72	4
6181	タメニー	グロース（内国株式）	9050	サービス業	10	情報通信・サービスその他	-	-	81.0						配当未取得			14.18	36.4	145.0	68.0	Consumer Cyclical	配当未取得	1株配当が取得できていない	除外推奨	掲載非推奨	OK_配当データ要確認	6036.2	1.35	2.15	22.2	2.85	-86.1	-7.37		-122.48	
6182	メタリアル	グロース（内国株式）	9050	サービス業	10	情報通信・サービスその他	-	-	545.0						配当未取得		123.58	2.96	59.3	680.0	378.0	Technology	配当未取得	1株配当が取得できていない	除外推奨	掲載非推奨	OK_配当データ要確認	4487.2	4.77	9.85	42.94	0.75	165.5	4.41		2.42	0
6183	ベルシステム２４ホールディングス	プライム（内国株式）	9050	サービス業	10	情報通信・サービスその他	7	TOPIX Small 2	1383.0	4.34	60.0	4.34	60.0	4.34	配当あり	いいえ	12.56	1.39	1028.2	1555.0	1255.0	Industrials			OK	通常掲載可	OK	145826.0	8.68	1.55	43.53	0.66	15508.0	110.09	54.5	11.48	0
6184	鎌倉新書	プライム（内国株式）	9050	サービス業	10	情報通信・サービスその他	7	TOPIX Small 2	504.0	3.97	20.0	3.97	20.0	3.97	配当あり	いいえ	24.57	3.68	207.6	698.0	444.0	Consumer Cyclical			OK	通常掲載可	OK	8335.5	13.94	18.04	77.48	0.01	825.7	20.51	97.51	16.49	4
6185	ＳＭＮ	スタンダード（内国株式）	9050	サービス業	10	情報通信・サービスその他	-	-	390.0						配当未取得		13.1	1.29	57.0	520.0	355.0	Communication Services	配当未取得	1株配当が取得できていない	除外推奨	掲載非推奨	OK_配当データ要確認	12348.4	4.54	6.08	67.32	0.01	737.0	29.76		10.35	
6186	一蔵	スタンダード（内国株式）	9050	サービス業	10	情報通信・サービスその他	-	-	375.0	4.0	15.0	4.0	15.0	4.0	配当あり	いいえ		0.76	20.7	417.0	359.0	Consumer Cyclical			OK	通常掲載可	OK	19446.3	-0.67	-2.44	15.42	1.67	1291.7	-260.93		-40.67	0
6189	グローバルキッズＣＯＭＰＡＮＹ	スタンダード（内国株式）	9050	サービス業	10	情報通信・サービスその他	-	-	992.0	4.03	40.0	4.03	40.0	4.03	配当あり	いいえ	26.96	1.19	94.5	1123.0	687.0	Industrials			OK	通常掲載可	OK	26997.0	3.18	2.08	38.44	0.87	1584.0	36.8	108.7	4.4	3
6190	フェニックスバイオ	グロース（内国株式）	9050	サービス業	10	情報通信・サービスその他	-	-	336.0						配当未取得		10.92	0.88	13.7	724.0	321.0	Healthcare	配当未取得	1株配当が取得できていない	除外推奨	掲載非推奨	OK_配当データ要確認	1565.5	5.29	1.57	70.81	0.31	54.2	30.78		8.57	
6191	エアトリ	プライム（内国株式）	9050	サービス業	10	情報通信・サービスその他	7	TOPIX Small 2	809.0	1.24	10.0	1.24	10.0	1.24	配当あり	いいえ	6.65	1.08	180.4	1074.0	660.0	Consumer Cyclical			OK	通常掲載可	OK	28104.0	11.05	5.77	47.44	0.29	1250.0	121.67	8.22	17.36	0
6193	バーチャレクス・ホールディングス	グロース（内国株式）	9050	サービス業	10	情報通信・サービスその他	-	-	1009.0	1.49	15.0	1.49	15.0	1.49	配当あり	いいえ		1.72	28.6	1194.0	766.0	Technology			OK	通常掲載可	OK	6880.1	5.73	6.03	43.99	0.54	247.0	-28.76		-4.72	0
6194	アトラエ	プライム（内国株式）	9050	サービス業	10	情報通信・サービスその他	7	TOPIX Small 2	704.0	9.23	65.0	9.23	65.0	9.23	配当あり	いいえ	14.37	3.43	157.1	859.0	618.0	Industrials	高利回り要確認	配当利回りが8%以上	要確認	手動確認後に掲載	OK_高利回り要確認	7634.0	24.28	-0.1	72.0	0.1	1758.1	49.0	132.65	11.27	1
6195	ホープ	グロース（内国株式）	9050	サービス業	10	情報通信・サービスその他	-	-	209.0	2.18	4.55	2.18	4.55	2.18	配当あり	いいえ	11.57	2.73	28.3	267.0	184.0	Communication Services			OK	通常掲載可	OK	3140.7	9.29	22.99	53.86	0.12	193.5	18.06	25.19	23.6	
6196	ストライクグループ	プライム（内国株式）	9050	サービス業	10	情報通信・サービスその他	6	TOPIX Small 1	1301.0	13.84	180.0	13.84	180.0	13.84	配当あり	いいえ	15.5	3.76	749.5	1553.33	1166.0	Financial Services	高利回り要確認	1株配当が株価の10%以上 / 配当利回りが8%以上	要確認	手動確認後に掲載	OK_高利回り要確認	20314.2	31.17	11.99	86.72		3600.6	83.91	214.52	25.17	9
6197	ソラスト	プライム（内国株式）	9050	サービス業	10	情報通信・サービスその他	7	TOPIX Small 2	1110.0	1.98	22.0	1.98	22.0	1.98	配当あり	いいえ	27.17	4.28	1005.1	1119.0	415.0	Healthcare			OK	通常掲載可	OK	141144.0	5.2	2.7	35.43	0.77	6025.0	40.85	53.86	16.21	1
6198	キャリア	グロース（内国株式）	9050	サービス業	10	情報通信・サービスその他	-	-	232.0						配当未取得			1.05	19.5	329.0	220.0	Industrials	配当未取得	1株配当が取得できていない	除外推奨	掲載非推奨	OK_配当データ要確認	14935.9	-0.06	-10.61	42.79	0.5	-312.9	-9.67		12.94	0
6199	セラク	スタンダード（内国株式）	5250	情報・通信業	10	情報通信・サービスその他	7	TOPIX Small 2	1270.0	1.37	17.4	1.37	17.4	1.37	配当あり	いいえ	11.3	1.79	167.4	1779.0	1091.0	Technology			OK	通常掲載可	OK	24776.5	10.29	11.5	66.82	0.0	1501.6	112.4	15.48	15.8	9
6200	インソース	プライム（内国株式）	9050	サービス業	10	情報通信・サービスその他	6	TOPIX Small 1	610.0	4.84	29.5	4.84	29.5	4.84	配当あり	いいえ	12.22	4.12	512.3	1028.0	564.0	Consumer Defensive			OK	通常掲載可	OK	14510.9	41.2	16.32	77.32		4315.9	49.9	59.12	36.91	9
6201	豊田自動織機	プライム（内国株式）	3700	輸送用機器	6	自動車・輸送機	-	-							配当未取得								yfinanceデータなし	yfinanceで株価・配当データが取得できなかった	除外推奨	掲載非推奨	データなし										
6203	豊和工業	スタンダード（内国株式）	3600	機械	8	機械	-	-	1635.0	1.22	20.0	1.22	20.0	1.22	配当あり	いいえ	26.59	0.94	197.4	2030.0	959.0	Industrials			OK	通常掲載可	OK	24064.0	4.93	-3.07	58.68	0.32	4519.0	61.48	32.53	3.73	0
6208	石川製作所	スタンダード（内国株式）	3600	機械	8	機械	-	-	1740.0	1.15	20.0	1.15	20.0	1.15	配当あり	いいえ	17.01	1.77	108.5	3135.0	1316.0	Industrials			OK	通常掲載可	OK	18473.2	7.07	14.0	22.67	2.16	-3437.5	102.31	19.55	11.07	
6209	リケンＮＰＲ	プライム（内国株式）	3600	機械	8	機械	6	TOPIX Small 1	3965.0	5.3	210.0	5.3	210.0	5.3	配当あり	いいえ	7.62	0.67	1066.8	4570.0	2365.0	Consumer Cyclical			OK	通常掲載可	OK	163114.0	7.88	-4.24	70.05	0.09	7445.0	520.6	40.34	9.27	1
6217	津田駒工業	スタンダード（内国株式）	3600	機械	8	機械	-	-	864.0						配当未取得			2.1	55.2	2710.0	331.0	Industrials	配当未取得	1株配当が取得できていない	除外推奨	掲載非推奨	OK_配当データ要確認	35447.0	-0.23	-2.74	9.69	4.26	599.0	-41.04		-5.58	0
6218	エンシュウ	スタンダード（内国株式）	3600	機械	8	機械	-	-	693.0	1.73	12.0	1.73	12.0	1.73	配当あり	いいえ	18.52	0.41	43.7	693.0	426.0	Industrials			OK	通常掲載可	OK	19218.0	1.98	-12.19	35.47	1.11	885.0	37.42	32.07	2.25	0
6222	島精機製作所	プライム（内国株式）	3600	機械	8	機械	6	TOPIX Small 1	883.0	2.27	20.0	2.27	20.0	2.27	配当あり	いいえ	34.97	0.36	299.5	1160.0	852.0	Industrials			OK	通常掲載可	OK	33509.0	-5.13	3.04	75.19	0.21	-888.0	25.25	79.21	1.07	1
6223	西部技研	スタンダード（内国株式）	3600	機械	8	機械	-	-	2260.0	3.1	70.0	3.1	70.0	3.1	配当あり	いいえ	13.11	1.4	439.2	2650.0	1516.0	Industrials			OK	通常掲載可	OK	34322.0	13.2	7.03	66.59	0.13	113.0	172.44	40.59	13.67	0
6224	ＪＲＣ	グロース（内国株式）	3600	機械	8	機械	-	-	1350.0	2.22	30.0	2.22	30.0	2.22	配当あり	いいえ	12.89	2.99	174.4	1826.0	1098.0	Industrials			OK	通常掲載可	OK	13746.9	14.29	24.24	43.87	0.75	212.1	104.76	28.64	27.23	0
6226	守谷輸送機工業	スタンダード（内国株式）	3600	機械	8	機械	-	-	2320.0	1.64	38.0	1.64	38.0	1.64	配当あり	いいえ	19.8	2.75	818.5	3230.0	1817.0	Industrials			OK	通常掲載可	OK	23589.6	25.74	21.37	71.37	0.0	-525.4	117.16	32.43	31.38	2
6227	ＡＩメカテック	スタンダード（内国株式）	3600	機械	8	機械	-	-	6940.0	0.24	17.0	0.24	17.0	0.24	配当あり	いいえ	43.67	9.63	1305.5	9310.0	1018.33	Technology			OK	通常掲載可	OK	21005.6	9.98	36.21	39.68	0.78	462.6	158.93	10.7	33.61	0
6228	ジェイ・イー・ティ	スタンダード（内国株式）	3600	機械	8	機械	-	-	525.0						配当未取得			0.71	68.9	1197.0	499.0	Technology	配当未取得	1株配当が取得できていない	除外推奨	掲載非推奨	OK_配当データ要確認	14662.0	-10.18	-24.09	49.81	0.51	2678.0	-177.98		-21.41	0
6229	オーケーエム	スタンダード（内国株式）	3600	機械	8	機械	-	-	1554.0	3.22	50.0	3.22	50.0	3.22	配当あり	いいえ	8.71	0.64	67.9	2395.0	1215.0	Industrials			OK	通常掲載可	OK	11114.3	11.65	6.48	80.96	0.05	1814.9	178.4	28.03	7.56	1
6230	ＳＡＮＥＩ	スタンダード（内国株式）	3600	機械	8	機械	-	-	2297.0	3.31	76.0	3.31	76.0	3.31	配当あり	いいえ	8.61	0.69	105.2	2415.0	2001.0	Industrials			OK	通常掲載可	OK	29042.4	6.3	2.03	63.02	0.25	-1074.0	266.68	28.5	8.24	4
6231	木村工機	スタンダード（内国株式）	3600	機械	8	機械	-	-	12350.0	1.62	200.0	1.62	200.0	1.62	配当あり	いいえ	13.42	3.12	435.5	17030.0	9290.0	Industrials			OK	通常掲載可	OK	17922.4	25.61	11.72	57.22	0.36	1398.7	920.07	21.74	25.38	3
6232	ＡＣＳＬ	グロース（内国株式）	3600	機械	8	機械	-	-	1850.0						配当未取得			12.24	353.8	4130.0	836.0	Technology	配当未取得	1株配当が取得できていない	除外推奨	掲載非推奨	OK_配当データ要確認	2598.7	-70.82	-2.14	30.99	1.63	-1253.2	-84.73		-81.31	
6233	ＫＬＡＳＳ	スタンダード（内国株式）	3600	機械	8	機械	-	-	385.0	2.6	10.0	2.6	10.0	2.6	配当あり	いいえ	13.89	0.63	20.1	478.0	373.0	Industrials			OK	通常掲載可	OK	9569.4	2.8	-2.17	31.36	1.26	323.8	27.72	36.08	7.32	0
6235	オプトラン	プライム（内国株式）	3600	機械	8	機械	6	TOPIX Small 1	3845.0	1.46	56.0	1.46	56.0	1.46	配当あり	いいえ	52.64	1.9	1533.9	4910.0	1461.0	Industrials			OK	通常掲載可	OK	33861.3	9.85	4.49	66.61	0.09	7535.5	73.05	76.66	2.88	2
6237	イワキポンプ	プライム（内国株式）	3600	機械	8	機械	7	TOPIX Small 2	4150.0	2.27	94.0	2.27	94.0	2.27	配当あり	いいえ	19.01	2.23	920.6	4225.0	2275.0	Industrials			OK	通常掲載可	OK	47692.3	12.42	4.22	74.05	0.1	2508.7	218.29	43.06	12.33	4
6238	フリュー	プライム（内国株式）	3600	機械	8	機械	7	TOPIX Small 2	1369.0	5.84	80.0	5.84	80.0	5.84	配当あり	いいえ	17.61	1.53	362.6	1421.0	994.0	Consumer Cyclical			OK	通常掲載可	OK	44767.5	7.41	1.04	77.89	0.01	2960.1	77.76	102.88	8.95	0
6239	ナガオカ	スタンダード（内国株式）	3600	機械	8	機械	-	-	1348.0	2.6	35.0	2.6	35.0	2.6	配当あり	いいえ	12.39	1.2	93.9	1876.0	1270.0	Energy			OK	通常掲載可	OK	8917.0	17.04	-6.19	74.9	0.03	397.2	108.78	32.18	9.86	4
6240	ヤマシンフィルタ	プライム（内国株式）	3600	機械	8	機械	7	TOPIX Small 2	511.0	3.91	20.0	3.91	20.0	3.91	配当あり	いいえ	20.75	1.56	351.0	849.0	471.0	Industrials			OK	通常掲載可	OK	20941.2	12.38	4.16	81.33	0.07	1683.2	24.63	81.2	7.56	2
6245	ヒラノテクシード	スタンダード（内国株式）	3600	機械	8	機械	-	-	1805.0	4.65	84.0	4.65	84.0	4.65	配当あり	いいえ	20.79	0.69	273.2	2626.0	1440.0	Industrials			OK	通常掲載可	OK	32285.4	4.95	-33.23	68.18	0.12	3906.5	86.82	96.75	3.38	0
6246	テクノスマート	スタンダード（内国株式）	3600	機械	8	機械	-	-	1938.0	4.75	92.0	4.75	92.0	4.75	配当あり	いいえ	12.39	1.07	222.2	2119.0	1612.0	Industrials			OK	通常掲載可	OK	20737.3	14.33	-3.9	68.08	0.1	4596.7	156.4	58.82	8.87	1
6247	日阪製作所	プライム（内国株式）	3600	機械	8	機械	7	TOPIX Small 2	1803.0	3.11	56.0	3.11	56.0	3.11	配当あり	いいえ	13.85	0.75	474.1	1838.0	1302.0	Industrials			OK	通常掲載可	OK	44890.0	7.36	17.04	75.88	0.08	1706.0	130.18	43.02	5.62	6
6248	横田製作所	スタンダード（内国株式）	3600	機械	8	機械	-	-	1787.0	3.36	60.0	3.36	60.0	3.36	配当あり	いいえ	9.78	1.06	33.2	2330.0	1515.0	Industrials			OK	通常掲載可	OK	2308.5	20.38	1.39	84.46	0.0	311.8	182.63	32.85	11.2	1
6249	ゲームカードホールディングス	スタンダード（内国株式）	3600	機械	8	機械	-	-	2462.0	4.06	100.0	4.06	100.0	4.06	配当あり	いいえ	10.58	0.57	345.3	3180.0	2231.0	Industrials			OK	通常掲載可	OK	25385.0	17.86	-33.1	91.05	0.01	2669.0	232.66	42.98	5.48	3
6250	やまびこ	プライム（内国株式）	3600	機械	8	機械	6	TOPIX Small 1	3935.0	2.8	110.0	2.8	110.0	2.8	配当あり	いいえ	11.15	3.14	1609.7	4155.0	2096.0	Industrials			OK	通常掲載可	OK	174020.0	11.33	5.57	70.79	0.14	4454.0	352.97	31.16	10.64	0
6254	野村マイクロ・サイエンス	プライム（内国株式）	3600	機械	8	機械	6	TOPIX Small 1	4915.0	1.73	85.0	1.73	85.0	1.73	配当あり	いいえ	50.0	4.72	1881.9	5500.0	2295.0	Industrials			OK	通常掲載可	OK	56245.9	11.85	-41.63	36.13	1.33	2973.2	98.3	86.47	9.94	9
6255	エヌ・ピー・シー	グロース（内国株式）	3600	機械	8	機械	-	-	747.0	1.34	10.0	1.34	10.0	1.34	配当あり	いいえ	20.28	1.55	156.5	890.0	583.0	Industrials			OK	通常掲載可	OK	9272.0	20.71	-14.13	83.92		1413.2	36.83	27.15	7.93	0
6257	藤商事	スタンダード（内国株式）	3600	機械	8	機械	-	-	1010.0	4.95	50.0	4.95	50.0	4.95	配当あり	いいえ		0.49	211.3	1104.0	951.0	Consumer Cyclical			OK	通常掲載可	OK	23542.0	-16.58	-31.95	90.02		-6278.0	-99.59		0.11	0
6258	平田機工	プライム（内国株式）	3600	機械	8	機械	6	TOPIX Small 1	3090.0	2.43	75.0	2.43	75.0	2.43	配当あり	いいえ	15.55	1.23	946.3	3755.0	1776.0	Industrials			OK	通常掲載可	OK	94906.6	8.76	7.26	58.4	0.3	12762.3	198.69	37.75	8.33	3
6262	ＰＥＧＡＳＵＳ	スタンダード（内国株式）	3600	機械	8	機械	7	TOPIX Small 2	521.0	5.76	30.0	5.76	30.0	5.76	配当あり	いいえ	39.38	0.38	124.7	1033.0	498.0	Industrials			OK	通常掲載可	OK	21657.9	4.37	-1.74	72.54	0.19	2144.4	13.23	226.76	1.37	1
6264	マルマエ	プライム（内国株式）	3600	機械	8	機械	7	TOPIX Small 2	2962.0	1.52	45.0	1.52	45.0	1.52	配当あり	いいえ	49.02	7.8	830.9	3220.0	727.5	Industrials			OK	通常掲載可	OK	11403.4	18.45	140.12	32.06	1.66	1538.1	60.42	74.48	27.45	1
6265	コンバム	スタンダード（内国株式）	3600	機械	8	機械	-	-	3420.0	1.46	50.0	1.46	50.0	1.46	配当あり	いいえ	21.1	0.87	52.0	4000.0	2148.0	Industrials			OK	通常掲載可	OK	1982.2	14.87	7.11	93.63		354.9	162.11	30.84	4.28	0
6266	タツモ	プライム（内国株式）	3600	機械	8	機械	7	TOPIX Small 2	4880.0	0.7	34.0	0.7	34.0	0.7	配当あり	いいえ	19.96	2.69	706.4	5160.0	1870.0	Technology			OK	通常掲載可	OK	35428.6	13.46	-1.22	56.6	0.3	7927.5	244.49	13.91	11.14	6
6267	ゼネラルパッカー	スタンダード（内国株式）	3600	機械	8	機械	-	-	3795.0	3.16	120.0	3.16	120.0	3.16	配当あり	いいえ	9.09	0.84	63.9	4440.0	2897.0	Industrials			OK	通常掲載可	OK	9853.8	10.15	8.83	57.78	0.04	1100.8	417.45	28.75	12.86	2
6268	ナブテスコ	プライム（内国株式）	3600	機械	8	機械	4	TOPIX Mid400	5655.0	1.45	82.0	1.45	82.0	1.45	配当あり	いいえ	45.66	2.42	6626.8	6113.0	2536.0	Industrials			OK	通常掲載可	OK	307912.0	6.73	9.79	58.61	0.22	16809.0	123.84	66.21	6.27	0
6269	三井海洋開発	プライム（内国株式）	3600	機械	8	機械	4	TOPIX Mid400	9354.0	2.14	200.0	2.14	200.0	2.14	配当あり	いいえ	10.95	2.6	6392.6	16720.0	5940.0	Energy			OK	通常掲載可	OK	4581.2	6.63	9.43	30.5	0.29	236.7	854.02	23.42	32.43	2
6272	レオン自動機	プライム（内国株式）	3600	機械	8	機械	7	TOPIX Small 2	1512.0	3.97	60.0	3.97	60.0	3.97	配当あり	いいえ	10.47	0.95	408.3	1660.0	1219.0	Industrials			OK	通常掲載可	OK	42014.0	12.31	7.14	79.15	0.04	-3951.5	144.4	41.55	9.53	5
6273	ＳＭＣ	プライム（内国株式）	3600	機械	8	機械	2	TOPIX Large70	75800.0	1.32	1000.0	1.32	1000.0	1.32	配当あり	いいえ	28.74	2.26	47654.5	86800.0	43060.0	Industrials			OK	通常掲載可	OK	842541.0	22.62	6.37	91.49	0.0	34532.0	2637.84	37.91	8.27	0
6276	シリウスビジョン	スタンダード（内国株式）	3650	電気機器	9	電機・精密	-	-	306.0						配当未取得			0.45	14.3	720.0	230.0	Industrials	配当未取得	1株配当が取得できていない	除外推奨	掲載非推奨	OK_配当データ要確認	2064.8	-6.81	-10.8	66.24	0.16	-214.6	-157.47		-6.29	0
6277	ホソカワミクロン	プライム（内国株式）	3600	機械	8	機械	6	TOPIX Small 1	4980.0	2.61	130.0	2.61	130.0	2.61	配当あり	いいえ	24.04	1.03	730.3	6950.0	4825.0	Industrials			OK	通常掲載可	OK	77994.0	9.04	-8.71	65.43	0.02	5965.0	207.17	62.75	4.51	0
6278	ユニオンツール	プライム（内国株式）	3600	機械	8	機械	6	TOPIX Small 1	22130.0	0.59	130.0	0.59	130.0	0.59	配当あり	いいえ	62.5	4.67	4252.0	27150.0	5240.0	Industrials			OK	通常掲載可	OK	40165.0	21.73	23.18	90.7		76.0	354.08	36.71	9.52	2
6279	瑞光	プライム（内国株式）	3600	機械	8	機械	7	TOPIX Small 2	891.0	1.8	16.0	1.8	16.0	1.8	配当あり	いいえ	11.96	0.65	231.4	1039.0	849.0	Industrials			OK	通常掲載可	OK	21170.3	0.77	6.11	69.17	0.17	685.1	74.49	21.48	5.24	0
6282	オイレス工業	プライム（内国株式）	3600	機械	8	機械	6	TOPIX Small 1	2844.0	3.34	95.0	3.34	95.0	3.34	配当あり	いいえ	16.56	1.04	823.1	2864.0	2023.0	Industrials			OK	通常掲載可	OK	68964.0	10.11	2.01	80.55	0.02	4728.0	171.78	55.3	6.41	5
6284	日精エー・エス・ビー機械	プライム（内国株式）	3600	機械	8	機械	6	TOPIX Small 1	9210.0	5.21	480.0	5.21	480.0	5.21	配当あり	いいえ	16.21	2.23	1380.7	9790.0	5870.0	Industrials			OK	通常掲載可	OK	43654.0	24.38	18.7	75.12	0.1	7364.0	568.26	84.47	14.53	4
6286	靜甲	スタンダード（内国株式）	3600	機械	8	機械	-	-	1358.0	2.06	28.0	2.06	28.0	2.06	配当あり	いいえ	7.12	0.5	87.7	1899.0	851.0	Industrials			OK	通常掲載可	OK	44895.4	3.98	11.96	58.7	0.15	351.5	190.66	14.69	7.37	2
6287	サトー	プライム（内国株式）	3600	機械	8	機械	6	TOPIX Small 1	2333.0	3.43	80.0	3.43	80.0	3.43	配当あり	いいえ	14.9	0.89	757.4	2565.0	2044.0	Industrials			OK	通常掲載可	OK	163434.0	6.76	5.57	58.66	0.2	5194.0	156.54	51.11	6.17	5
6289	技研製作所	プライム（内国株式）	3600	機械	8	機械	7	TOPIX Small 2	1785.0	3.03	54.0	3.03	54.0	3.03	配当あり	いいえ	26.67	1.15	452.8	2570.0	1345.0	Industrials			OK	通常掲載可	OK	26337.0	9.74	-10.66	84.21	0.03	-425.0	66.94	80.67	4.34	2
6291	日本エアーテック	スタンダード（内国株式）	3600	機械	8	機械	7	TOPIX Small 2	1300.0	4.23	55.0	4.23	55.0	4.23	配当あり	いいえ	11.61	1.35	129.8	1398.0	1050.0	Industrials			OK	通常掲載可	OK	14162.3	8.22	4.73	74.32	0.11	642.8	111.93	49.14	0.33	1
6292	カワタ	スタンダード（内国株式）	3600	機械	8	機械	-	-	816.0	4.66	38.0	4.66	38.0	4.66	配当あり	いいえ	153.96	0.43	57.0	910.0	729.0	Industrials			OK	通常掲載可	OK	19367.5	2.31	-6.74	54.67	0.41	1528.4	5.3	716.98	0.3	0
6294	オカダアイヨン	プライム（内国株式）	3600	機械	8	機械	-	-	2007.0	3.79	76.0	3.79	76.0	3.79	配当あり	いいえ	10.83	0.89	161.7	2551.0	1833.0	Industrials			OK	通常掲載可	OK	26991.4	8.38	1.54	45.22	0.96	-3587.9	185.25	41.03	8.44	4
6298	ワイエイシイホールディングス	プライム（内国株式）	3600	機械	8	機械	7	TOPIX Small 2	1366.0	3.37	46.0	3.37	46.0	3.37	配当あり	いいえ	18.97	1.43	239.7	1592.0	758.0	Technology			OK	通常掲載可	OK	23041.0	5.89	-14.05	41.16	0.97	2387.0	71.99	63.9	7.87	1
6301	小松製作所	プライム（内国株式）	3600	機械	8	機械	2	TOPIX Large70	6627.0	2.87	190.0	2.87	190.0	2.87	配当あり	いいえ	16.0	1.7	59232.5	7840.0	4683.0	Industrials			OK	通常掲載可	OK	4132751.0	13.82	0.69	54.65	0.4	236702.0	414.19	45.87	11.39	5
6302	住友重機械工業	プライム（内国株式）	3600	機械	8	機械	4	TOPIX Mid400	5356.0	2.71	145.0	2.71	145.0	2.71	配当あり	いいえ	20.79	0.93	6371.1	6362.0	2983.0	Industrials			OK	通常掲載可	OK	1066881.0	4.83	-0.4	51.62	0.37	11329.0	257.62	56.28	4.92	0
6305	日立建機	プライム（内国株式）	3600	機械	8	機械	4	TOPIX Mid400	5352.0	3.55	190.0	3.55	190.0	3.55	配当あり	いいえ	15.55	1.26	11385.6	7225.0	4257.0	Industrials			OK	通常掲載可	OK	1405493.0	9.26	2.49	48.47	0.63	115190.0	344.13	55.21	9.12	1
6306	日工	プライム（内国株式）	3600	機械	8	機械	7	TOPIX Small 2	945.0	4.44	42.0	4.44	42.0	4.44	配当あり	いいえ	14.35	0.97	364.2	946.0	719.0	Industrials			OK	通常掲載可	OK	49371.0	6.28	0.43	58.03	0.21	588.0	65.87	63.76	7.05	1
6307	サンセイ	スタンダード（内国株式）	3600	機械	8	機械	-	-	422.0	3.55	15.0	3.55	15.0	3.55	配当あり	いいえ	4.26	0.62	32.8	800.0	385.0	Industrials			OK	通常掲載可	OK	7049.9	14.84	21.94	71.74	0.08	-62.3	98.96	15.16	15.37	0
6309	巴工業	プライム（内国株式）	3600	機械	8	機械	7	TOPIX Small 2	1828.0	4.16	76.0	4.16	76.0	4.16	配当あり	いいえ	13.26	1.23	537.3	2239.0	1405.0	Industrials			OK	通常掲載可	OK	59365.5	9.02	13.9	75.79		-135.2	137.83	55.14	9.6	5
6310	井関農機	プライム（内国株式）	3600	機械	8	機械	7	TOPIX Small 2	1794.0	2.51	45.0	2.51	45.0	2.51	配当あり	いいえ	14.73	0.54	405.9	2488.0	1253.0	Industrials			OK	通常掲載可	OK	185770.0	2.28	10.3	35.23	0.84	16890.0	121.81	36.94	3.96	1
6315	ＴＯＷＡ	プライム（内国株式）	3600	機械	8	機械	6	TOPIX Small 1	3335.0	0.72	24.0	0.72	24.0	0.72	配当あり	いいえ	54.35	3.54	2502.2	3735.0	1622.0	Technology			OK	通常掲載可	OK	54365.2	12.72	1.66	66.45	0.26	51.4	61.36	39.11	6.96	1
6316	丸山製作所	スタンダード（内国株式）	3600	機械	8	機械	-	-	2765.0	2.71	75.0	2.71	75.0	2.71	配当あり	いいえ	9.29	0.5	107.2	2765.0	2001.0	Industrials			OK	通常掲載可	OK	41266.0	2.62	3.15	52.67	0.35	-7.0	297.51	25.21	6.11	1
6317	北川鉄工所	スタンダード（内国株式）	3600	機械	8	機械	7	TOPIX Small 2	1678.0	3.81	64.0	3.81	64.0	3.81	配当あり	いいえ	4.96	0.34	155.2	1938.0	1342.0	Industrials			OK	通常掲載可	OK	58415.0	4.6	1.98	54.12	0.36	-1411.0	338.28	18.92	7.13	0
6322	タクミナ	スタンダード（内国株式）	3600	機械	8	機械	-	-	1607.0	3.36	54.0	3.36	54.0	3.36	配当あり	いいえ	9.0	0.98	111.0	1920.0	1520.0	Industrials			OK	通常掲載可	OK	11155.5	14.62	0.32	78.3	0.03	754.5	178.54	30.25	11.36	0
6323	ローツェ	プライム（内国株式）	3600	機械	8	機械	4	TOPIX Mid400	4940.0	0.4	20.0	0.4	20.0	0.4	配当あり	いいえ	45.25	6.58	8567.5	5199.0	1628.0	Technology			OK	通常掲載可	OK	128794.0	24.19	3.53	66.0	0.18	26722.0	109.17	18.32	13.02	1
6324	ハーモニック・ドライブ・システムズ	プライム（内国株式）	3600	機械	8	機械	7	TOPIX Small 2	8840.0	0.23	20.0	0.23	20.0	0.23	配当あり	いいえ	526.19	10.41	8368.5	8870.0	2316.0	Industrials			OK	通常掲載可	OK	59557.9	4.31	7.03	72.16	0.22	481.6	16.8	119.05	2.02	0
6325	タカキタ	スタンダード（内国株式）	3600	機械	8	機械	-	-	401.0	2.49	10.0	2.49	10.0	2.49	配当あり	いいえ	22.38	0.54	45.3	478.0	372.0	Industrials			OK	通常掲載可	OK	6548.7	4.98	-6.55	85.01	0.01	-28.9	17.92	55.8	2.16	0
6326	クボタ	プライム（内国株式）	3600	機械	8	機械	2	TOPIX Large70	2745.5	1.89	52.0	1.89	52.0	1.89	配当あり	いいえ	16.81	1.16	30957.9	3268.0	1580.5	Industrials			OK	通常掲載可	OK	3018891.0	8.79	0.09	42.27	0.85	142003.0	163.36	31.83	8.87	0
6327	北川精機	スタンダード（内国株式）	3600	機械	8	機械	-	-	8210.0	0.49	40.0	0.49	40.0	0.49	配当あり	いいえ	135.14	11.86	670.6	9480.0	629.0	Industrials			OK	通常掲載可	OK	5933.8	13.75	-8.18	56.5	0.3	425.7	60.75	65.84	11.83	4
6328	荏原実業	プライム（内国株式）	3600	機械	8	機械	7	TOPIX Small 2	2465.0	3.04	75.0	3.04	75.0	3.04	配当あり	いいえ	13.39	1.95	582.3	2985.0	1737.5	Industrials			OK	通常掲載可	OK	41211.0	14.85	9.89	57.75	0.05	1022.0	184.14	40.73	17.3	2
6330	東洋エンジニアリング	プライム（内国株式）	2050	建設業	3	建設・資材	7	TOPIX Small 2	2067.0	1.21	25.0	1.21	25.0	1.21	配当あり	いいえ		2.49	1211.2	8760.0	939.0	Industrials			OK	通常掲載可	OK	182941.0	-10.39	-34.22	16.66	1.4	7791.0	-255.07		-28.72	1
6331	三菱化工機	プライム（内国株式）	3600	機械	8	機械	6	TOPIX Small 1	3820.0	3.14	120.0	3.14	120.0	3.14	配当あり	いいえ	11.53	1.94	870.2	4180.0	1928.0	Industrials			OK	通常掲載可	OK	84240.0	10.91	42.29	57.53	0.12	1803.0	331.19	36.23	18.15	4
6332	月島ホールディングス	プライム（内国株式）	3600	機械	8	機械	6	TOPIX Small 1	2638.0	3.34	88.0	3.34	88.0	3.34	配当あり	いいえ	6.39	1.06	1043.6	3545.0	2001.0	Industrials			OK	通常掲載可	OK	148954.0	6.61	6.98	48.36	0.18	3767.0	412.58	21.33	16.22	4
6333	ＴＥＩＫＯＫＵ	プライム（内国株式）	3600	機械	8	機械	7	TOPIX Small 2	3105.0	4.25	132.0	4.25	132.0	4.25	配当あり	いいえ	11.68	1.52	475.9	3500.0	2691.0	Industrials			OK	通常掲載可	OK	29091.2	17.13	-4.76	77.99	0.01	1904.2	265.79	49.66	14.19	1
6334	明治機械	スタンダード（内国株式）	3600	機械	8	機械	-	-	470.0	1.28	6.0	1.28	6.0	1.28	配当あり	いいえ	200.0	1.65	50.6	486.0	276.0	Industrials			OK	通常掲載可	OK	5508.2	-2.9	-15.41	52.02	0.61	-632.5	2.35	255.32	0.82	2
6335	東京機械製作所	スタンダード（内国株式）	3600	機械	8	機械	-	-	650.0						配当未取得		4.96	0.56	51.6	889.0	372.0	Industrials	配当未取得	1株配当が取得できていない	除外推奨	掲載非推奨	OK_配当データ要確認	8456.7	8.53	14.25	58.44	0.0	690.7	130.98		11.2	0
6336	石井表記	スタンダード（内国株式）	3600	機械	8	機械	-	-	1899.0	1.9	36.0	1.9	36.0	1.9	配当あり	いいえ	17.15	1.4	151.7	2288.0	636.0	Industrials			OK	通常掲載可	OK	15651.0	7.3	5.6	66.87	0.12	796.0	110.71	32.52	9.79	2
6337	テセック	スタンダード（内国株式）	3600	機械	8	機械	-	-	2502.0	4.0	100.0	4.0	100.0	4.0	配当あり	いいえ	28.9	0.93	130.5	3265.0	1621.0	Technology			OK	通常掲載可	OK	5567.0	5.48	-5.52	89.31	0.02	1373.0	86.57	115.51	3.26	0
6338	タカトリ	スタンダード（内国株式）	3600	機械	8	機械	-	-	1711.0	2.34	40.0	2.34	40.0	2.34	配当あり	いいえ	36.23	0.93	91.3	1975.0	1197.0	Technology			OK	通常掲載可	OK	7330.6	11.19	-54.42	64.52	0.4	-941.0	47.22	84.71	2.59	0
6339	新東工業	プライム（内国株式）	3600	機械	8	機械	7	TOPIX Small 2	1212.0	3.96	48.0	3.96	48.0	3.96	配当あり	いいえ		0.57	636.5	1310.0	857.0	Industrials			OK	通常掲載可	OK	150224.0	2.0	30.07	50.52	0.43	-3449.0	-309.79		-12.83	0
6340	澁谷工業	プライム（内国株式）	3600	機械	8	機械	7	TOPIX Small 2	4550.0	2.09	95.0	2.09	95.0	2.09	配当あり	いいえ	14.03	1.11	1258.8	4580.0	3095.0	Industrials			OK	通常掲載可	OK	129017.0	10.66	11.77	67.69	0.03	2090.0	324.42	29.28	8.12	0
6342	太平製作所	スタンダード（内国株式）	3600	機械	8	機械	-	-	2813.0	3.55	100.0	3.55	100.0	3.55	配当あり	いいえ	8.33	0.51	36.6	4390.0	2538.0	Basic Materials			OK	通常掲載可	OK	6359.1	8.99	-19.05	75.78	0.11	-1846.6	337.56	29.62	6.2	0
6343	フリージア・マクロス	スタンダード（内国株式）	3600	機械	8	機械	-	-	160.0	0.38	0.6	0.38	0.6	0.38	配当あり	いいえ	4.18	0.43	72.0	230.0	101.0	Industrials			OK	通常掲載可	OK	6873.5	18.69	-1.41	43.0	0.63	295.8	38.3	1.57	10.61	1
6345	アイチ　コーポレーション	プライム（内国株式）	3600	機械	8	機械	7	TOPIX Small 2	1378.0	4.72	65.0	4.72	65.0	4.72	配当あり	いいえ	13.68	1.18	889.6	1475.0	1262.0	Industrials			OK	通常掲載可	OK	59613.7	12.6	0.52	81.24	0.0	-4115.4	100.73	64.53	8.35	6
6346	キクカワエンタープライズ	スタンダード（内国株式）	3600	機械	8	機械	-	-	5720.0	3.5	200.0	3.5	200.0	3.5	配当あり	いいえ	21.32	0.54	69.3	7160.0	5500.0	Industrials			OK	通常掲載可	OK	3859.0	9.79	-30.26	87.16		845.0	268.27	74.55	2.59	0
6347	プラコー	スタンダード（内国株式）	3600	機械	8	機械	-	-	261.0	2.3	6.0	2.3	6.0	2.3	配当あり	いいえ	29.93	1.5	25.1	478.0	201.0	Industrials			OK	通常掲載可	OK	2679.9	5.17	20.3	53.34	0.6	32.0	8.72	68.81	5.04	0
6349	小森コーポレーション	プライム（内国株式）	3600	機械	8	機械	6	TOPIX Small 1	1519.0	5.27	80.0	5.27	80.0	5.27	配当あり	いいえ	10.93	0.66	806.0	1818.0	1387.0	Industrials			OK	通常掲載可	OK	118611.0	7.93	6.81	68.98	0.09	-304.0	138.99	57.56	6.18	2
6351	鶴見製作所	プライム（内国株式）	3600	機械	8	機械	7	TOPIX Small 2	2430.0	1.19	29.0	1.19	29.0	1.19	配当あり	いいえ	22.62	1.14	1163.3	2514.0	1772.5	Industrials			OK	通常掲載可	OK	77227.0	13.88	13.47	73.8	0.15	5634.0	107.41	27.0	5.41	8
6356	日本ギア工業	スタンダード（内国株式）	3600	機械	8	機械	-	-	1647.0	0.61	10.0	0.61	10.0	0.61	配当あり	いいえ	13.39	4.3	234.5	2287.0	520.0	Consumer Cyclical			OK	通常掲載可	OK	9883.7	24.86	3.43	84.19	0.0	1787.3	123.03	8.13	7.38	0
6357	三精テクノロジーズ	スタンダード（内国株式）	3600	機械	8	機械	-	-	2467.0	3.85	95.0	3.85	95.0	3.85	配当あり	いいえ	8.91	0.87	437.2	2849.0	1464.0	Industrials			OK	通常掲載可	OK	73070.1	8.99	18.12	52.89	0.3	5735.8	276.8	34.32	10.3	3
6358	酒井重工業	プライム（内国株式）	3600	機械	8	機械	7	TOPIX Small 2	2086.0	6.23	130.0	6.23	130.0	6.23	配当あり	いいえ	10.14	0.57	178.9	2385.0	1979.0	Industrials			OK	通常掲載可	OK	27541.4	5.77	-1.12	71.91	0.16	259.6	205.68	63.2	5.72	0
6360	東京自働機械製作所	スタンダード（内国株式）	3600	機械	8	機械	-	-	4475.0	2.23	100.0	2.23	100.0	2.23	配当あり	いいえ	7.77	2.61	62.8	4560.0	2694.0	Industrials			OK	通常掲載可	OK	9693.0	6.9	-24.8	58.32	0.1	2079.6	575.93	17.36	0.37	3
6361	荏原製作所	プライム（内国株式）	3600	機械	8	機械	4	TOPIX Mid400	6063.0	1.09	66.0	1.09	66.0	1.09	配当あり	いいえ	36.5	2.21	27696.6	6890.0	2650.5	Industrials			OK	通常掲載可	OK	958285.0	11.88	10.57	47.02	0.44	-51459.0	166.13	39.73	9.57	5
6363	酉島製作所	プライム（内国株式）	3600	機械	8	機械	6	TOPIX Small 1	3140.0	2.17	68.0	2.17	68.0	2.17	配当あり	いいえ	13.99	1.37	826.3	3635.0	1813.0	Industrials			OK	通常掲載可	OK	92927.0	5.39	7.43	50.07	0.37	2186.0	224.51	30.29	10.23	5
6364	ＡＩＲＭＡＮ	プライム（内国株式）	3600	機械	8	機械	7	TOPIX Small 2	1900.0	5.47	104.0	5.47	104.0	5.47	配当あり	いいえ	9.27	1.14	511.8	2270.0	1586.0	Industrials			OK	通常掲載可	OK	55604.0	12.92	2.3	68.51	0.17	-3737.4	205.01	50.73	13.01	0
6365	電業社機械製作所	スタンダード（内国株式）	3600	機械	8	機械	-	-	5360.0	3.54	190.0	3.54	190.0	3.54	配当あり	いいえ	8.5	0.73	222.5	6320.0	4500.0	Industrials			OK	通常掲載可	OK	28189.0	12.4	0.4	73.48	0.0	-108.0	630.87	30.12	8.94	9
6366	千代田化工建設	スタンダード（内国株式）	2050	建設業	3	建設・資材	-	-	694.0						配当未取得		8.55	1.58	1798.6	1830.0	317.0	Industrials	配当未取得	1株配当が取得できていない	除外推奨	掲載非推奨	OK_配当データ要確認	456969.0	5.34	-9.69	5.14	1.0	47153.0	81.13		120.48	0
6367	ダイキン工業	プライム（内国株式）	3600	機械	8	機械	1	TOPIX Core30	25695.0	1.4	360.0	1.4	360.0	1.4	配当あり	いいえ	27.4	2.31	71518.5	25900.0	16915.0	Industrials			OK	通常掲載可	OK	5015036.0	8.27	5.53	56.03	0.34	256767.0	937.87	38.38	9.26	0
6368	オルガノ	プライム（内国株式）	3600	機械	8	機械	4	TOPIX Mid400	16125.0	0.82	132.0	0.82	132.0	0.82	配当あり	いいえ	26.11	5.19	7414.7	20145.0	8720.0	Industrials			OK	通常掲載可	OK	177654.0	21.19	8.81	63.58	0.24	10223.0	617.59	21.37	21.5	10
6369	トーヨーカネツ	プライム（内国株式）	3600	機械	8	機械	7	TOPIX Small 2	2517.0	4.37	110.0	4.37	110.0	4.37	配当あり	いいえ	15.29	0.97	392.3	3165.0	1952.5	Industrials			OK	通常掲載可	OK	59617.0	6.01	-1.42	57.95	0.32	6567.0	164.61	66.82	6.46	5
6370	栗田工業	プライム（内国株式）	3600	機械	8	機械	4	TOPIX Mid400	9398.0	1.43	134.0	1.43	134.0	1.43	配当あり	いいえ	25.97	3.01	10234.4	9919.0	4930.0	Industrials			OK	通常掲載可	OK	402889.0	14.47	3.62	60.44	0.29	25964.0	361.82	37.03	11.79	16
6371	椿本チエイン	プライム（内国株式）	3600	機械	8	機械	6	TOPIX Small 1	2645.0	3.02	80.0	3.02	80.0	3.02	配当あり	いいえ	8.94	0.93	2751.6	2812.0	1793.0	Industrials			OK	通常掲載可	OK	279193.0	8.19	4.64	69.93	0.1	21297.0	295.71	27.05	10.54	2
6376	日機装	プライム（内国株式）	3750	精密機器	9	電機・精密	6	TOPIX Small 1	4060.0	1.23	50.0	1.23	50.0	1.23	配当あり	いいえ	19.72	1.62	2649.7	4295.0	1265.0	Industrials			OK	通常掲載可	OK	215642.0	7.11	1.06	44.17	0.7	10497.0	205.84	24.29	9.74	4
6378	木村化工機	スタンダード（内国株式）	3600	機械	8	機械	7	TOPIX Small 2	1223.0	3.35	41.0	3.35	41.0	3.35	配当あり	いいえ	10.63	1.14	235.6	1950.0	877.0	Industrials			OK	通常掲載可	OK	27972.0	10.83	5.83	60.98	0.1	1513.0	115.08	35.63	11.37	2
6379	レイズネクスト	プライム（内国株式）	2050	建設業	3	建設・資材	7	TOPIX Small 2	2343.0	4.99	117.0	4.99	117.0	4.99	配当あり	いいえ	12.09	1.38	1265.4	2769.0	1787.0	Industrials			OK	通常掲載可	OK	174531.0	8.43	10.9	75.49	0.0	9195.0	193.77	60.38	12.05	0
6380	オリエンタルチエン工業	スタンダード（内国株式）	3600	機械	8	機械	-	-	4700.0	0.43	20.0	0.43	20.0	0.43	配当あり	いいえ	59.17	3.33	83.4	5470.0	1770.0	Industrials			OK	通常掲載可	OK	4110.6	0.39	1.35	43.89	0.86	-5.0	79.43	25.18	6.3	0
6381	アネスト岩田	プライム（内国株式）	3600	機械	8	機械	7	TOPIX Small 2	1753.0	5.02	88.0	5.02	88.0	5.02	配当あり	いいえ	12.89	1.36	688.9	1809.0	1412.0	Industrials			OK	通常掲載可	OK	55909.0	9.96	2.75	67.99	0.05	4687.0	136.03	64.69	11.36	7
6382	トリニティ工業	スタンダード（内国株式）	3600	機械	8	機械	-	-	1255.0	4.86	61.0	4.86	61.0	4.86	配当あり	いいえ	7.53	0.58	202.5	1470.0	993.0	Consumer Cyclical			OK	通常掲載可	OK	38960.4	8.19	-3.12	78.52	0.01	2207.9	166.66	36.6	8.24	2
6383	ダイフク	プライム（内国株式）	3600	機械	8	機械	4	TOPIX Mid400	7313.0	1.12	82.0	1.12	82.0	1.12	配当あり	いいえ	36.1	5.87	26890.6	7857.0	3609.0	Industrials			OK	通常掲載可	OK	660724.0	15.35	8.05	59.87	0.14	116129.0	202.57	40.48	16.26	0
6384	昭和真空	スタンダード（内国株式）	3600	機械	8	機械	-	-	1780.0	3.93	70.0	3.93	70.0	3.93	配当あり	いいえ	12.67	0.9	109.9	1940.0	1291.0	Industrials			OK	通常掲載可	OK	9324.5	32.75	9.96	80.23	0.05	1830.0	140.44	49.84	7.3	0
6387	サムコ	プライム（内国株式）	3600	機械	8	機械	7	TOPIX Small 2	13400.0	0.45	60.0	0.45	60.0	0.45	配当あり	いいえ	62.11	7.35	1076.3	16930.0	2732.0	Technology			OK	通常掲載可	OK	8203.2	24.59	4.76	76.32	0.09	1386.6	215.74	27.81	15.32	1
6390	加藤製作所	プライム（内国株式）	3600	機械	8	機械	-	-	1285.0	5.45	70.0	5.45	70.0	5.45	配当あり	いいえ	3.22	0.34	143.7	1783.0	1172.0	Industrials			OK	通常掲載可	OK	56335.0	-4.12	6.43	45.98	0.95	-1191.0	398.74	17.56	10.33	0
6391	加地テック	スタンダード（内国株式）	3600	機械	8	機械	-	-	4400.0	1.59	70.0	1.59	70.0	1.59	配当あり	いいえ	10.06	0.86	72.8	5320.0	3250.0	Industrials			OK	通常掲載可	OK	7799.5	11.87	11.36	68.9	0.15	747.3	437.36	16.01	8.88	0
6392	ヤマダコーポレーション	スタンダード（内国株式）	3600	機械	8	機械	-	-	7180.0	3.06	220.0	3.06	220.0	3.06	配当あり	いいえ	9.92	0.95	171.9	8020.0	4900.0	Industrials			OK	通常掲載可	OK	16226.1	16.44	10.92	85.68	0.04	1035.2	723.74	30.4	9.88	0
6393	油研工業	スタンダード（内国株式）	3600	機械	8	機械	-	-	2941.0	5.1	150.0	5.1	150.0	5.1	配当あり	いいえ	10.34	0.45	104.6	3390.0	2654.0	Industrials			OK	通常掲載可	OK	32864.8	5.26	-1.89	48.28	0.47	-556.7	284.39	52.74	4.58	4
6395	タダノ	プライム（内国株式）	3600	機械	8	機械	6	TOPIX Small 1	1289.0	2.64	34.0	2.64	34.0	2.64	配当あり	いいえ	8.91	0.79	1629.4	1551.0	949.8	Industrials			OK	通常掲載可	OK	349477.0	5.31	19.89	44.9	0.71	-12717.0	144.75	23.49	8.51	4
6396	宇野澤組鐵工所	スタンダード（内国株式）	3600	機械	8	機械	-	-	3930.0	1.27	50.0	1.27	50.0	1.27	配当あり	いいえ	10.01	1.14	43.4	4700.0	2926.0	Industrials			OK	通常掲載可	OK	4917.5	11.44	-0.75	45.26	0.57	-162.1	392.61	12.74	12.1	0
6400	不二精機	スタンダード（内国株式）	3600	機械	8	機械	-	-	262.0	2.67	7.0	2.67	7.0	2.67	配当あり	いいえ	9.19	0.53	21.2	354.0	256.0	Industrials			OK	通常掲載可	OK	8719.3	5.44	5.67	37.8	1.01	302.5	28.51	24.55	6.6	0
6402	兼松エンジニアリング	スタンダード（内国株式）	3600	機械	8	機械	-	-	1466.0	1.64	24.0	1.64	24.0	1.64	配当あり	いいえ	6.89	3.29	71.8	2140.0	1171.0	Industrials			OK	通常掲載可	OK	14097.9	9.52	5.99	62.85	0.21	649.0	212.72	11.28	-2.53	1
6403	水道機工	スタンダード（内国株式）	3600	機械	8	機械	-	-							配当未取得								yfinanceデータなし	yfinanceで株価・配当データが取得できなかった	除外推奨	掲載非推奨	データなし										
6405	鈴茂器工	スタンダード（内国株式）	3600	機械	8	機械	-	-	1072.0	3.26	35.0	3.26	35.0	3.26	配当あり	いいえ	21.05	0.93	119.6	1843.0	983.0	Industrials			OK	通常掲載可	OK	15568.1	12.14	7.26	81.81	0.01	-12.6	50.92	68.74	4.16	2
6407	ＣＫＤ	プライム（内国株式）	3600	機械	8	機械	6	TOPIX Small 1	7490.0	1.08	81.0	1.08	81.0	1.08	配当あり	いいえ	36.9	3.26	5005.9	8330.0	2361.0	Industrials			OK	通常掲載可	OK	157886.0	12.44	1.45	67.72	0.23	11920.0	202.98	39.91	9.36	1
6408	小倉クラッチ	スタンダード（内国株式）	3600	機械	8	機械	-	-	4000.0	2.5	100.0	2.5	100.0	2.5	配当あり	いいえ	3.98	0.3	59.8	5250.0	3510.0	Industrials			OK	通常掲載可	OK	41664.0	3.32	-5.11	41.99	0.93	441.0	1004.4	9.96	8.0	0
6412	平和	プライム（内国株式）	3600	機械	8	機械	6	TOPIX Small 1	1995.0	4.01	80.0	4.01	80.0	4.01	配当あり	いいえ	16.86	0.79	1967.6	2275.0	1750.0	Consumer Cyclical			OK	通常掲載可	OK	258107.0	16.82	76.95	23.08	2.39	9703.0	118.3	67.62	4.74	0
6413	理想科学工業	プライム（内国株式）	3600	機械	8	機械	7	TOPIX Small 2	997.0	5.02	50.0	5.02	50.0	5.02	配当あり	いいえ	14.51	0.91	626.5	1298.0	945.0	Technology			OK	通常掲載可	OK	78990.0	6.47	0.34	72.26	0.09	5056.0	68.69	72.79	6.47	0
6417	ＳＡＮＫＹＯ	プライム（内国株式）	3600	機械	8	機械	4	TOPIX Mid400	1604.0	5.61	90.0	5.61	90.0	5.61	配当あり	いいえ	7.14	1.27	3168.1	3059.0	1526.0	Consumer Cyclical			OK	通常掲載可	OK	179211.0	34.87	-6.57	87.02		34936.0	224.72	40.05	17.47	3
6418	日本金銭機械	プライム（内国株式）	3600	機械	8	機械	7	TOPIX Small 2	1010.0	4.55	46.0	4.55	46.0	4.55	配当あり	いいえ	5.83	0.76	274.0	1260.0	890.0	Industrials			OK	通常掲載可	OK	31557.1	7.91	-16.55	68.64	0.27	4927.9	173.11	26.57	13.83	3
6419	マースグループホールディングス	プライム（内国株式）	3600	機械	8	機械	6	TOPIX Small 1	3095.0	4.85	150.0	4.85	150.0	4.85	配当あり	いいえ	8.6	0.67	562.6	3340.0	2771.0	Consumer Cyclical			OK	通常掲載可	OK	32281.2	27.25	-23.6	90.95	0.01	5574.8	359.95	41.67	8.1	0
6420	ガリレイ	プライム（内国株式）	3600	機械	8	機械	6	TOPIX Small 1	3350.0	2.66	89.0	2.66	89.0	2.66	配当あり	いいえ	10.92	1.19	1343.0	4015.0	3035.0	Industrials			OK	通常掲載可	OK	130639.0	12.69	12.8	72.4		2871.0	306.86	29.0	11.34	5
6424	高見沢サイバネティックス	スタンダード（内国株式）	3600	機械	8	機械	-	-	879.0	2.62	23.0	2.62	23.0	2.62	配当あり	いいえ	7.78	0.58	36.7	999.0	856.0	Technology			OK	通常掲載可	OK	12898.0	4.79	-16.2	40.37	0.74	127.1	112.95	20.36	7.84	4
6425	ユニバーサルエンターテインメント	スタンダード（内国株式）	3600	機械	8	機械	-	-	659.0						配当未取得			0.4	510.7	1110.0	612.0	Consumer Cyclical	配当未取得	1株配当が取得できていない	除外推奨	掲載非推奨	OK_配当データ要確認	122827.0	-2.63	-2.77	34.71	1.5	1798.0	-2986.46		-4.9	0
6428	オーイズミ	スタンダード（内国株式）	3600	機械	8	機械	-	-	314.0	3.82	12.0	3.82	12.0	3.82	配当あり	いいえ	11.84	0.38	70.6	365.0	306.0	Communication Services			OK	通常掲載可	OK	21721.0	3.25	7.99	45.81	0.98	-1868.5	26.53	45.23	3.23	0
6430	ダイコク電機	プライム（内国株式）	3600	機械	8	機械	7	TOPIX Small 2	2298.0	4.35	100.0	4.35	100.0	4.35	配当あり	いいえ	5.81	0.67	334.6	3070.0	2034.0	Technology			OK	通常掲載可	OK	54337.0	17.8	-5.49	83.79	0.04	3551.6	395.49	25.29	12.12	0
6432	竹内製作所	プライム（内国株式）	3600	機械	8	機械	6	TOPIX Small 1	7400.0	2.97	220.0	2.97	220.0	2.97	配当あり	いいえ	12.09	1.83	3418.3	7880.0	4550.0	Industrials			OK	通常掲載可	OK	225284.0	16.73	5.65	83.03		19620.0	611.98	35.95	15.97	13
6433	ヒーハイスト	スタンダード（内国株式）	3600	機械	8	機械	-	-	1074.0	0.19	2.0	0.19	2.0	0.19	配当あり	いいえ		3.19	67.0	2650.0	325.0	Industrials			OK	通常掲載可	OK	1636.8	-16.02	-27.09	50.77	0.75	-171.2	-115.13		-29.2	0
6436	アマノ	プライム（内国株式）	3600	機械	8	機械	4	TOPIX Mid400	3683.0	6.79	250.0	6.79	250.0	6.79	配当あり	いいえ	12.87	1.84	2550.9	4614.0	3453.0	Technology			OK	通常掲載可	OK	176467.0	12.78	0.6	71.79	0.11	15536.0	286.17	87.36	14.68	4
6440	ＪＵＫＩ	プライム（内国株式）	3600	機械	8	機械	7	TOPIX Small 2	544.0	2.76	15.0	2.76	15.0	2.76	配当あり	いいえ	11.59	0.5	160.8	886.0	380.0	Industrials			OK	通常掲載可	OK	88761.0	3.0	-6.75	26.8	2.06	9684.0	46.95	31.95	4.48	0
6444	サンデン	スタンダード（内国株式）	3600	機械	8	機械	-	-	160.0						配当未取得		65.04	0.62	180.3	207.0	115.0	Consumer Cyclical	配当未取得	1株配当が取得できていない	除外推奨	掲載非推奨	OK_配当データ要確認	190875.0	-0.79	3.82	14.39	3.06	-6907.0	2.46		9.93	1
6445	ジャノメ	プライム（内国株式）	3600	機械	8	機械	7	TOPIX Small 2	1353.0	4.43	60.0	4.43	60.0	4.43	配当あり	いいえ	40.48	0.66	226.3	1483.0	1078.0	Consumer Cyclical			OK	通常掲載可	OK	38968.0	4.91	7.23	68.44	0.09	1316.0	33.42	179.53	1.83	2
6448	ブラザー工業	プライム（内国株式）	3650	電気機器	9	電機・精密	4	TOPIX Mid400	3779.0	2.65	100.0	2.65	100.0	2.65	配当あり	いいえ	15.27	1.23	9364.3	3924.0	2424.0	Industrials			OK	通常掲載可	OK	893464.0	8.72	5.25	74.92	0.0	66970.0	247.52	40.4	8.58	0
6454	マックス	プライム（内国株式）	3600	機械	8	機械	6	TOPIX Small 1	1703.0	2.35	40.0	2.35	40.0	2.35	配当あり	いいえ	22.22	2.66	3061.8	1850.0	1152.5	Industrials			OK	通常掲載可	OK	99607.0	17.64	8.46	83.6	0.01	11392.0	76.63	52.2	12.55	7
6455	モリタホールディングス	プライム（内国株式）	3700	輸送用機器	6	自動車・輸送機	7	TOPIX Small 2	2390.0	2.68	64.0	2.68	64.0	2.68	配当あり	いいえ	10.64	0.97	979.2	2998.0	2093.0	Industrials			OK	通常掲載可	OK	116596.0	13.26	4.34	69.32	0.01	3280.0	224.66	28.49	9.53	4
6457	グローリー	プライム（内国株式）	3600	機械	8	機械	4	TOPIX Mid400	4065.0	3.79	154.0	3.79	154.0	3.79	配当あり	いいえ	14.75	1.01	2099.2	4559.0	3434.0	Industrials			OK	通常掲載可	OK	339582.0	8.92	-7.88	43.52	0.22	38122.0	275.61	55.88	6.86	0
6458	新晃工業	プライム（内国株式）	3600	機械	8	機械	6	TOPIX Small 1	1262.0	3.96	50.0	3.96	50.0	3.96	配当あり	いいえ	12.67	1.34	847.4	1621.0	1166.0	Industrials			OK	通常掲載可	OK	59339.0	15.92	4.09	67.77	0.13	1189.0	99.57	50.22	10.56	4
6459	大和冷機工業	プライム（内国株式）	3600	機械	8	機械	7	TOPIX Small 2	1673.0	3.59	60.0	3.59	60.0	3.59	配当あり	いいえ	16.26	1.17	821.7	2086.0	1481.0	Industrials			OK	通常掲載可	OK	46919.7	15.94	-2.13	75.42		2914.4	102.89	58.31	6.66	0
6460	セガサミーホールディングス	プライム（内国株式）	3600	機械	8	機械	4	TOPIX Mid400	2331.5	2.36	55.0	2.36	55.0	2.36	配当あり	いいえ		1.33	4726.9	3485.0	2078.0	Communication Services			OK	通常掲載可	OK	487542.0	9.67	13.66	56.57	0.41	12665.0	-27.28		-1.56	1
6463	ＴＰＲ	プライム（内国株式）	3600	機械	8	機械	6	TOPIX Small 1	1417.0	3.95	56.0	3.95	56.0	3.95	配当あり	いいえ	9.9	0.52	913.6	1468.0	1001.0	Consumer Cyclical			OK	通常掲載可	OK	190553.0	5.39	-1.01	57.26	0.17	10598.0	143.12	39.13	5.84	2
6464	ツバキ・ナカシマ	プライム（内国株式）	3600	機械	8	機械	7	TOPIX Small 2	390.0						配当未取得			0.39	149.2	499.0	281.0	Industrials	配当未取得	1株配当が取得できていない	除外推奨	掲載非推奨	OK_配当データ要確認	69837.0	-31.87	-8.01	24.42	2.51	8581.0	-691.7		-54.84	1
6465	ホシザキ	プライム（内国株式）	3600	機械	8	機械	4	TOPIX Mid400	5648.0	2.04	115.0	2.04	115.0	2.04	配当あり	いいえ	20.96	2.03	7841.1	6164.0	4768.0	Industrials			OK	通常掲載可	OK	485890.0	10.69	9.07	68.2	0.02	19471.0	269.41	42.69	10.03	4
6466	ＴＶＥ	スタンダード（内国株式）	3600	機械	8	機械	-	-	5000.0	0.8	40.0	0.8	40.0	0.8	配当あり	いいえ	11.43	0.9	117.3	6360.0	2111.0	Industrials			OK	通常掲載可	OK	10183.7	5.85	-9.24	74.97	0.04	-3386.7	437.5	9.14	8.47	0
6467	ニチダイ	スタンダード（内国株式）	3600	機械	8	機械	-	-	328.0	1.83	6.0	1.83	6.0	1.83	配当あり	いいえ		0.28	29.6	386.0	312.0	Industrials			OK	通常掲載可	OK	10992.9	-3.72	-5.26	75.61	0.14	-274.8	-83.51		-7.21	1
6469	放電精密加工研究所	スタンダード（内国株式）	3600	機械	8	機械	-	-	2581.0	0.77	20.0	0.77	20.0	0.77	配当あり	いいえ	33.45	3.17	275.7	5090.0	1457.0	Industrials			OK	通常掲載可	OK	14312.8	7.85	10.97	45.67	0.64	1456.1	77.17	25.92	9.49	1
6470	大豊工業	スタンダード（内国株式）	3600	機械	8	機械	7	TOPIX Small 2	1071.0	2.8	30.0	2.8	30.0	2.8	配当あり	いいえ		0.48	304.0	1260.0	558.0	Consumer Cyclical			OK	通常掲載可	OK	119378.0	2.05	5.84	55.69	0.39	3913.0	-210.67		-8.68	0
6471	日本精工	プライム（内国株式）	3600	機械	8	機械	4	TOPIX Mid400	1184.0	2.87	34.0	2.87	34.0	2.87	配当あり	いいえ	25.45	0.86	5793.6	1414.5	678.4	Consumer Cyclical			OK	通常掲載可	OK	911644.0	3.9	14.43	54.2		31821.0	46.53	73.07	3.57	2
6472	ＮＴＮ	プライム（内国株式）	3600	機械	8	機械	4	TOPIX Mid400	408.8	3.18	13.0	3.18	13.0	3.18	配当あり	いいえ	17.49	0.82	2430.3	487.0	229.6	Industrials			OK	通常掲載可	OK	826344.0	3.76	0.09	33.79	1.08	24996.0	23.38	55.6	4.99	3
6473	ジェイテクト	プライム（内国株式）	3600	機械	8	機械	4	TOPIX Mid400	2131.0	3.28	70.0	3.28	70.0	3.28	配当あり	いいえ	56.81	0.86	6783.7	2183.5	1182.5	Consumer Cyclical			OK	通常掲載可	OK	1924950.0	1.29	2.15	50.09	0.27	19004.0	37.51	186.62	1.8	4
6474	不二越	プライム（内国株式）	3600	機械	8	機械	6	TOPIX Small 1	6430.0	1.56	100.0	1.56	100.0	1.56	配当あり	いいえ	27.55	0.8	1400.3	6430.0	3030.0	Industrials			OK	通常掲載可	OK	235903.0	4.14	-1.66	51.49	0.51	8874.0	233.41	42.84	2.86	0
6479	ミネベアミツミ	プライム（内国株式）	3650	電気機器	9	電機・精密	4	TOPIX Mid400	4848.0	1.24	60.0	1.24	60.0	1.24	配当あり	いいえ	19.65	2.17	19469.4	5307.0	2110.0	Technology			OK	通常掲載可	OK	1522703.0	6.2	8.6	46.91	0.62	45123.0	246.76	24.32	11.92	1
6480	日本トムソン	プライム（内国株式）	3600	機械	8	機械	7	TOPIX Small 2	2190.0	1.46	32.0	1.46	32.0	1.46	配当あり	いいえ	37.46	1.82	1560.6	2580.0	536.0	Industrials			OK	通常掲載可	OK	63031.0	6.51	15.9	66.3	0.37	5991.0	58.47	54.73	5.12	1
6481	ＴＨＫ	プライム（内国株式）	3600	機械	8	機械	4	TOPIX Mid400	7784.0	2.36	184.0	2.36	184.0	2.36	配当あり	いいえ	86.95	3.45	8723.8	8244.0	3761.0	Industrials			OK	通常掲載可	OK	240444.0	6.66	7.95	55.25	0.47	-1151.0	89.52	205.54	5.19	2
6482	ＹＵＳＨＩＮ	スタンダード（内国株式）	3600	機械	8	機械	7	TOPIX Small 2	686.0	2.92	20.0	2.92	20.0	2.92	配当あり	いいえ	80.61	0.65	214.8	828.0	576.0	Industrials			OK	通常掲載可	OK	23101.4	3.58	-11.58	86.3		1007.5	8.51	235.02	0.95	0
6484	ＫＶＫ	スタンダード（内国株式）	3600	機械	8	機械	-	-	2402.0	3.75	90.0	3.75	90.0	3.75	配当あり	いいえ	8.79	0.63	192.8	2774.0	1914.0	Consumer Cyclical			OK	通常掲載可	OK	30899.8	8.78	4.22	84.79	0.0	-1050.2	273.11	32.95	7.41	2
6485	前澤給装工業	スタンダード（内国株式）	3600	機械	8	機械	7	TOPIX Small 2	1520.0	3.95	60.0	3.95	60.0	3.95	配当あり	いいえ	11.61	0.77	309.4	1787.0	1215.0	Industrials			OK	通常掲載可	OK	31683.0	8.61	0.12	85.61	0.0	1012.0	130.87	45.85	7.35	6
6486	イーグル工業	プライム（内国株式）	3600	機械	8	機械	6	TOPIX Small 1	2902.0	4.82	140.0	4.82	140.0	4.82	配当あり	いいえ	13.39	0.99	1318.9	3535.0	1874.0	Industrials			OK	通常掲載可	OK	177488.0	7.59	5.54	58.21	0.3	13314.0	216.78	64.58	9.24	3
6488	ヨシタケ	スタンダード（内国株式）	3600	機械	8	機械	-	-	965.0	3.73	36.0	3.73	36.0	3.73	配当あり	いいえ	8.3	0.67	122.7	1139.0	744.0	Industrials			OK	通常掲載可	OK	10343.6	12.77	5.08	86.05	0.02	967.2	116.28	30.96	8.36	0
6490	ＰＩＬＬＡＲ	プライム（内国株式）	3600	機械	8	機械	6	TOPIX Small 1	10710.0	1.49	160.0	1.49	160.0	1.49	配当あり	いいえ	27.62	3.08	2448.5	11580.0	3735.0	Industrials			OK	通常掲載可	OK	59479.0	20.36	2.57	75.19	0.15	8166.0	387.7	41.27	11.67	0
6492	岡野バルブ製造	スタンダード（内国株式）	3600	機械	8	機械	-	-	21350.0	0.37	80.0	0.37	80.0	0.37	配当あり	いいえ	31.25	2.58	343.0	21650.0	5780.0	Industrials			OK	通常掲載可	OK	8169.0	14.52	10.29	78.67	0.08	1914.0	683.2	11.71	8.26	0
6493	ＮＩＴＴＡＮ	スタンダード（内国株式）	3700	輸送用機器	6	自動車・輸送機	-	-	466.0	4.29	20.0	4.29	20.0	4.29	配当あり	いいえ	6.02	0.43	134.2	816.0	353.0	Consumer Cyclical			OK	通常掲載可	OK	51676.6	7.74	0.45	46.3	0.35	3549.4	77.36	25.85	8.82	0
6494	ＮＦＫホールディングス	スタンダード（内国株式）	3600	機械	8	機械	-	-	96.0						配当未取得		51.61	0.8	46.8	181.0	83.0	Industrials	配当未取得	1株配当が取得できていない	除外推奨	掲載非推奨	OK_配当データ要確認	3683.4	7.4	76.9	71.73	0.1	233.4	1.86		1.44	0
6495	宮入バルブ製作所	スタンダード（内国株式）	3600	機械	8	機械	-	-	139.0	1.44	2.0	1.44	2.0	1.44	配当あり	いいえ	110.32	2.22	66.9	340.0	105.0	Industrials			OK	通常掲載可	OK	7044.2	1.58	3.81	45.19	0.63	116.3	1.26	158.73	10.54	0
6496	中北製作所	スタンダード（内国株式）	3600	機械	8	機械	-	-	5320.0	2.07	110.0	2.07	110.0	2.07	配当あり	いいえ	11.89	0.67	185.7	8550.0	4010.0	Industrials			OK	通常掲載可	OK	23768.1	4.88	27.72	69.84	0.12	-3385.2	447.41	24.59	5.63	3
6497	ハマイ	スタンダード（内国株式）	3600	機械	8	機械	-	-	1332.0	3.38	45.0	3.38	45.0	3.38	配当あり	いいえ	9.21	0.51	89.3	1620.0	1082.0	Industrials			OK	通常掲載可	OK	12715.0	9.62	5.14	76.66	0.01	213.4	144.66	31.11	5.77	1
6498	キッツ	プライム（内国株式）	3600	機械	8	機械	6	TOPIX Small 1	2570.0	2.33	60.0	2.33	60.0	2.33	配当あり	いいえ	19.49	3.1	2234.0	2731.0	1154.0	Industrials			OK	通常掲載可	OK	176682.0	8.75	2.7	64.1	0.31	2346.0	131.84	45.51	4.8	5
6501	日立製作所	プライム（内国株式）	3650	電気機器	9	電機・精密	1	TOPIX Core30	4615.0	1.19	55.0	1.19	55.0	1.19	配当あり	いいえ	26.11	3.19	207527.1	6039.0	3822.0	Industrials			OK	通常掲載可	OK	10586781.0	11.33	8.21	43.67	0.15	1170232.0	176.75	31.12	13.3	7
6503	三菱電機	プライム（内国株式）	3650	電気機器	9	電機・精密	1	TOPIX Core30	5944.0	1.01	60.0	1.01	60.0	1.01	配当あり	いいえ	29.94	2.71	121640.1	6686.0	3032.0	Industrials			OK	通常掲載可	OK	5894747.0	7.35	6.76	60.95	0.08	333556.0	198.53	30.22	9.96	3
6504	富士電機	プライム（内国株式）	3650	電気機器	9	電機・精密	4	TOPIX Mid400	13540.0	1.58	214.0	1.58	214.0	1.58	配当あり	いいえ	20.37	2.49	19767.3	17800.0	6428.0	Industrials			OK	通常掲載可	OK	1227595.0	11.13	9.27	56.88	0.11	39536.0	664.81	32.19	12.89	5
6505	東洋電機製造	スタンダード（内国株式）	3650	電気機器	9	電機・精密	-	-	2008.0	3.74	75.0	3.74	75.0	3.74	配当あり	いいえ	8.34	0.58	181.1	2655.0	1430.0	Industrials			OK	通常掲載可	OK	40539.0	5.88	26.13	51.46	0.34	25.0	240.76	31.15	9.5	1
6506	安川電機	プライム（内国株式）	3650	電気機器	9	電機・精密	4	TOPIX Mid400	7479.0	0.96	72.0	0.96	72.0	0.96	配当あり	いいえ	55.25	4.01	19398.1	7915.0	2807.0	Industrials			OK	通常掲載可	OK	537682.0	9.33	-6.6	57.97	0.25	19201.0	135.37	53.19	7.84	4
6507	シンフォニアテクノロジー	プライム（内国株式）	3650	電気機器	9	電機・精密	6	TOPIX Small 1	15690.0	1.03	161.0	1.03	161.0	1.03	配当あり	いいえ	30.49	4.48	4427.1	16900.0	7380.0	Industrials			OK	通常掲載可	OK	128197.0	14.4	7.59	62.31	0.13	5468.0	514.63	31.28	16.2	1
6508	明電舎	プライム（内国株式）	3650	電気機器	9	電機・精密	6	TOPIX Small 1	9780.0	1.61	157.0	1.61	157.0	1.61	配当あり	いいえ	18.8	2.54	4436.6	11400.0	5070.0	Industrials			OK	通常掲載可	OK	326194.0	8.32	8.33	46.8	0.25	2257.0	520.3	30.17	14.97	2
6513	オリジン	スタンダード（内国株式）	3650	電気機器	9	電機・精密	-	-	1074.0	3.72	40.0	3.72	40.0	3.72	配当あり	いいえ		0.25	55.5	1144.0	1030.0	Technology			OK	通常掲載可	OK	26877.9	-3.51	-6.68	50.49	0.19	-1726.4	-422.3		-7.96	1
6516	山洋電気	プライム（内国株式）	3650	電気機器	9	電機・精密	6	TOPIX Small 1	6530.0	2.76	180.0	2.76	180.0	2.76	配当あり	いいえ	26.81	1.81	2319.1	7880.0	3006.67	Industrials			OK	通常掲載可	OK	107346.0	10.14	9.71	76.85	0.05	7972.0	243.57	73.9	7.18	5
6517	デンヨー	プライム（内国株式）	3650	電気機器	9	電機・精密	7	TOPIX Small 2	3690.0	3.25	120.0	3.25	120.0	3.25	配当あり	いいえ	13.35	0.91	746.0	4000.0	2764.0	Industrials			OK	通常掲載可	OK	72244.0	10.74	2.11	78.28	0.04	2070.0	276.38	43.42	7.12	4
6518	三相電機	スタンダード（内国株式）	3650	電気機器	9	電機・精密	-	-	1919.0	1.3	25.0	1.3	25.0	1.3	配当あり	いいえ	15.43	0.7	87.8	2666.0	822.0	Industrials			OK	通常掲載可	OK	18292.7	4.34	14.12	63.1	0.17	732.8	124.35	20.1	4.64	0
6521	オキサイド	グロース（内国株式）	3650	電気機器	9	電機・精密	-	-	4585.0						配当未取得			11.3	531.7	7420.0	1394.0	Technology	配当未取得	1株配当が取得できていない	除外推奨	掲載非推奨	OK_配当データ要確認	10040.4	5.41	19.6	31.78	1.61	2171.0	-46.77		-10.65	
6522	アスタリスク	グロース（内国株式）	3650	電気機器	9	電機・精密	-	-	1950.0						配当未取得			8.9	156.8	2267.0	338.0	Technology	配当未取得	1株配当が取得できていない	除外推奨	掲載非推奨	OK_配当データ要確認	1666.3	-7.54	5.57	62.18	0.42	159.5	-22.62		-9.74	
6523	ＰＨＣホールディングス	プライム（内国株式）	3650	電気機器	9	電機・精密	6	TOPIX Small 1	1035.0	4.06	42.0	4.06	42.0	4.06	配当あり	いいえ	270.24	0.81	1309.4	1189.0	870.0	Healthcare			OK	通常掲載可	OK	364403.0	6.2	0.78	29.8	1.45	33365.0	3.83	1096.61	0.14	1
6524	湖北工業	スタンダード（内国株式）	3650	電気機器	9	電機・精密	-	-	5230.0	0.76	40.0	0.76	40.0	0.76	配当あり	いいえ	45.66	5.71	1354.9	7740.0	2437.0	Technology			OK	通常掲載可	OK	17454.0	26.49	9.61	82.77	0.09	2409.0	114.54	34.92	16.75	3
6525	ＫＯＫＵＳＡＩ　ＥＬＥＣＴＲＩＣ	プライム（内国株式）	3650	電気機器	9	電機・精密	4	TOPIX Mid400	12000.0	0.4	48.0	0.4	48.0	0.4	配当あり	いいえ	93.46	12.78	28048.0	12220.0	2607.0	Technology			OK	通常掲載可	OK	235079.0	17.8	-1.61	60.97	0.23	31782.0	128.4	37.38	14.49	1
6526	ソシオネクスト	プライム（内国株式）	3650	電気機器	9	電機・精密	4	TOPIX Mid400	2874.0	1.74	50.0	1.74	50.0	1.74	配当あり	いいえ	58.14	3.79	5037.8	3491.0	1678.5	Industrials			OK	通常掲載可	OK	200834.0	6.15	6.52	79.38	0.01	-15214.0	49.43	101.15	6.47	0
6532	ベイカレント	プライム（内国株式）	9050	サービス業	10	情報通信・サービスその他	4	TOPIX Mid400	6671.0	1.95	130.0	1.95	130.0	1.95	配当あり	いいえ	26.81	8.66	9999.2	9075.0	3780.0	Industrials			OK	通常掲載可	OK	148332.0	34.34	27.81	74.32	0.06	31782.0	248.83	52.24	35.79	6
6533	Ｏｒｃｈｅｓｔｒａ　Ｈｏｌｄｉｎｇｓ	プライム（内国株式）	9050	サービス業	10	情報通信・サービスその他	7	TOPIX Small 2	1183.0	4.23	50.0	4.23	50.0	4.23	配当あり	いいえ		1.69	110.5	1349.0	672.0	Communication Services			OK	通常掲載可	OK	1287.4	5.84	11.85	18.76	3.83	1092.9	-8.99		16.56	7
6535	アイモバイル	プライム（内国株式）	9050	サービス業	10	情報通信・サービスその他	7	TOPIX Small 2	525.0	5.14	27.0	5.14	27.0	5.14	配当あり	いいえ	12.17	1.72	294.5	726.0	444.0	Communication Services			OK	通常掲載可	OK	18735.0	18.94	14.06	63.83		3333.0	43.15	62.57	14.44	3
6537	ＷＡＳＨハウス	グロース（内国株式）	9050	サービス業	10	情報通信・サービスその他	-	-	314.0						配当未取得		207.95	1.3	21.7	538.0	293.0	Consumer Cyclical	配当未取得	1株配当が取得できていない	除外推奨	掲載非推奨	OK_配当データ要確認	2529.0	0.79	21.41	39.7	0.59	-133.0	1.51		3.24	0
6538	ディスラプターズ	スタンダード（内国株式）	9050	サービス業	10	情報通信・サービスその他	-	-	237.0	2.11	5.0	2.11	5.0	2.11	配当あり	いいえ	7.13	1.8	48.5	389.0	199.0	Industrials			OK	通常掲載可	OK	5114.0	14.2	19.1	63.44	0.22	886.0	33.25	15.04	27.83	2
6539	ＭＳ－Ｊａｐａｎ	プライム（内国株式）	9050	サービス業	10	情報通信・サービスその他	7	TOPIX Small 2	958.0	5.85	56.0	5.85	56.0	5.85	配当あり	いいえ	22.99	2.5	238.1	1086.0	907.0	Industrials			OK	通常掲載可	OK	7647.3	21.89	2.32	88.07	0.02	1542.4	41.67	134.39	11.12	0
6540	船場	スタンダード（内国株式）	9050	サービス業	10	情報通信・サービスその他	-	-	1490.0	5.23	78.0	5.23	78.0	5.23	配当あり	いいえ	10.48	1.13	159.0	2000.0	1451.0	Industrials			OK	通常掲載可	OK	32831.8	7.02	13.38	65.9		-2191.7	142.15	54.87	10.65	5
6543	日宣	スタンダード（内国株式）	9050	サービス業	10	情報通信・サービスその他	-	-	1198.0	2.75	33.0	2.75	33.0	2.75	配当あり	いいえ	7.06	1.18	47.3	1422.0	690.0	Communication Services			OK	通常掲載可	OK	6481.3	7.49	17.12	69.56	0.05	398.7	169.64	19.45	17.8	2
6544	ジャパンエレベーターサービスホールディングス	プライム（内国株式）	9050	サービス業	10	情報通信・サービスその他	4	TOPIX Mid400	1825.0	1.15	21.0	1.15	21.0	1.15	配当あり	いいえ	44.64	13.27	3262.4	2157.5	1543.0	Industrials			OK	通常掲載可	OK	57601.0	19.12	16.66	61.27	0.12	6813.0	40.88	51.37	32.52	8
6545	インターネットインフィニティー	グロース（内国株式）	9050	サービス業	10	情報通信・サービスその他	-	-	745.0	3.36	25.0	3.36	25.0	3.36	配当あり	いいえ	17.27	2.23	39.8	834.0	596.0	Healthcare			OK	通常掲載可	OK	5161.7	7.77	4.08	38.05	0.89	244.1	43.14	57.95	18.57	1
6546	フルテック	スタンダード（内国株式）	9050	サービス業	10	情報通信・サービスその他	-	-	1129.0	3.01	34.0	3.01	34.0	3.01	配当あり	いいえ	24.21	1.06	60.6	1245.0	1084.0	Industrials			OK	通常掲載可	OK	13566.7	3.36	-1.79	61.22	0.12	-1009.5	46.63	72.91	5.31	0
6547	グリーンズ	スタンダード（内国株式）	9050	サービス業	10	情報通信・サービスその他	-	-	2110.0	4.93	104.0	4.93	104.0	4.93	配当あり	いいえ	5.99	2.11	289.8	2772.0	1876.0	Consumer Cyclical			OK	通常掲載可	OK	49645.0	12.7	21.18	34.61	1.2	6162.0	352.16	29.53	41.57	2
6548	旅工房	グロース（内国株式）	9050	サービス業	10	情報通信・サービスその他	-	-	96.0						配当未取得			2.22	19.0	218.0	86.0	Consumer Cyclical	配当未取得	1株配当が取得できていない	除外推奨	掲載非推奨	OK_配当データ要確認	3722.9	-3.0	34.21	15.81	0.85	128.5	-19.48			
6549	ディーエムソリューションズ	スタンダード（内国株式）	9050	サービス業	10	情報通信・サービスその他	-	-	1121.0	1.87	21.0	1.87	21.0	1.87	配当あり	いいえ	10.04	1.72	61.9	1142.0	707.5	Communication Services			OK	通常掲載可	OK	25560.2	3.67	20.82	40.02	0.58	658.2	111.65	18.81	12.15	1
6551	ツナググループ・ホールディングス	スタンダード（内国株式）	9050	サービス業	10	情報通信・サービスその他	-	-	559.0	3.58	20.0	3.58	20.0	3.58	配当あり	いいえ	8.91	2.07	46.6	934.0	510.0	Industrials			OK	通常掲載可	OK	18269.1	4.8	11.47	45.2	0.08	1075.8	62.72	31.89	23.59	3
6552	ＧａｍｅＷｉｔｈ	スタンダード（内国株式）	9050	サービス業	10	情報通信・サービスその他	-	-	181.0						配当未取得			1.12	31.6	295.0	158.0	Communication Services	配当未取得	1株配当が取得できていない	除外推奨	掲載非推奨	OK_配当データ要確認	3451.9	-5.7	-1.31	79.93	0.02	-329.4	-0.96		16.22	
6554	エスユーエス	グロース（内国株式）	9050	サービス業	10	情報通信・サービスその他	-	-	1022.0	4.89	50.0	4.89	50.0	4.89	配当あり	いいえ	9.05	2.03	91.7	1298.0	946.0	Industrials			OK	通常掲載可	OK	15015.0	8.08	13.59	62.93	0.0	926.0	112.93	44.28	23.04	4
6555	ＭＳ＆Ｃｏｎｓｕｌｔｉｎｇ	スタンダード（内国株式）	9050	サービス業	10	情報通信・サービスその他	-	-	426.0						配当未取得		10.59	0.65	19.2	484.0	380.0	Technology	配当未取得	1株配当が取得できていない	除外推奨	掲載非推奨	OK_配当データ要確認	2584.9	9.75	1.29	79.81	0.06	275.9	40.21		6.33	1
6557	ＡＩＡＩグループ	グロース（内国株式）	9050	サービス業	10	情報通信・サービスその他	-	-	638.0						配当未取得		6.68	1.27	41.4	1622.0	580.0	Healthcare	配当未取得	1株配当が取得できていない	除外推奨	掲載非推奨	OK_配当データ要確認	14633.8	7.55	11.95	12.07	6.02	584.9	95.44		20.49	
6558	クックビズ	グロース（内国株式）	9050	サービス業	10	情報通信・サービスその他	-	-	643.0						配当未取得			1.75	17.9	915.0	552.0	Industrials	配当未取得	1株配当が取得できていない	除外推奨	掲載非推奨	OK_配当データ要確認	2860.7	-13.08	-12.7	30.36	1.86	-498.2	-145.13		-26.57	
6560	エル・ティー・エス	プライム（内国株式）	9050	サービス業	10	情報通信・サービスその他	7	TOPIX Small 2	1809.0	2.21	40.0	2.21	40.0	2.21	配当あり	いいえ	11.81	1.59	79.7	2660.0	1560.0	Industrials			OK	通常掲載可	OK	17101.0	6.94	3.07	47.47	0.61	-535.0	153.22	26.11	16.01	1
6561	ＨＡＮＡＴＯＵＲ　ＪＡＰＡＮ	グロース（内国株式）	9050	サービス業	10	情報通信・サービスその他	-	-	815.0	5.15	42.0	5.15	42.0	5.15	配当あり	いいえ	7.39	2.31	102.3	1165.0	749.0	Consumer Cyclical			OK	通常掲載可	OK	7180.1	27.83	7.77	39.97	0.95	1741.8	110.35	38.06	35.57	1
6562	ジーニー	グロース（内国株式）	9050	サービス業	10	情報通信・サービスその他	-	-	998.0						配当未取得		16.29	1.24	121.9	1605.0	856.0	Communication Services	配当未取得	1株配当が取得できていない	除外推奨	掲載非推奨	OK_配当データ要確認	11321.9	22.26	41.3	33.02	1.3	902.9	61.28		10.04	
6563	みらいワークス	グロース（内国株式）	9050	サービス業	10	情報通信・サービスその他	-	-	494.0						配当未取得		22.67	0.81	25.9	732.0	453.0	Industrials	配当未取得	1株配当が取得できていない	除外推奨	掲載非推奨	OK_配当データ要確認	11144.6	2.55	5.06	42.08		117.7	21.79		11.86	
6564	ミダックホールディングス	プライム（内国株式）	9050	サービス業	10	情報通信・サービスその他	7	TOPIX Small 2	2085.0	0.96	20.0	0.96	20.0	0.96	配当あり	いいえ	20.0	3.2	577.1	2345.0	1735.0	Industrials			OK	通常掲載可	OK	11845.0	39.88	8.61	45.73	0.73	-4777.5	104.25	19.18	17.26	2
6566	要興業	スタンダード（内国株式）	9050	サービス業	10	情報通信・サービスその他	-	-	1320.0	2.2	29.0	2.2	29.0	2.2	配当あり	いいえ	13.26	1.01	209.5	1646.0	1085.0	Industrials			OK	通常掲載可	OK	14949.1	14.14	3.05	80.93	0.06	1086.4	99.53	29.14	7.82	4
6568	神戸天然物化学	グロース（内国株式）	9050	サービス業	10	情報通信・サービスその他	-	-	1335.0	2.47	33.0	2.47	33.0	2.47	配当あり	いいえ	13.48	2.14	103.3	1418.0	1060.0	Basic Materials			OK	通常掲載可	OK	9093.7	11.27	11.18	65.05	0.26	-363.5	99.06	33.31	15.88	1
6570	共和コーポレーション	スタンダード（内国株式）	9050	サービス業	10	情報通信・サービスその他	-	-	1882.0	2.13	40.0	2.13	40.0	2.13	配当あり	いいえ	10.0	1.91	112.6	2022.0	960.0	Consumer Cyclical			OK	通常掲載可	OK	20729.5	8.48	24.09	31.66	1.13	419.8	188.2	21.25	20.84	3
6571	キュービーネットホールディングス	プライム（内国株式）	9050	サービス業	10	情報通信・サービスその他	7	TOPIX Small 2	1250.0	3.2	40.0	3.2	40.0	3.2	配当あり	いいえ	15.15	1.11	168.3	1433.0	1192.0	Consumer Cyclical			OK	通常掲載可	OK	25543.0	6.6	3.17	42.92	1.07	3115.0	82.5	48.48	6.78	3
6572	オープングループ	プライム（内国株式）	9050	サービス業	10	情報通信・サービスその他	7	TOPIX Small 2	213.0	3.05	6.5	3.05	6.5	3.05	配当あり	いいえ	19.58	1.12	118.7	418.0	193.0	Technology			OK	通常掲載可	OK	8148.1	12.33	12.78	54.25	0.41	636.7	10.88	59.74	5.68	
6573	ＣＲＡＶＩＡ	グロース（内国株式）	9050	サービス業	10	情報通信・サービスその他	-	-	24.0						配当未取得			1.79	11.0	177.0	21.0	Communication Services	配当未取得	1株配当が取得できていない	除外推奨	掲載非推奨	OK_配当データ要確認	546.2	-51.66	19.91	64.28	0.31	-287.5	-8.16			
6574	コンヴァノ	グロース（内国株式）	9050	サービス業	10	情報通信・サービスその他	-	-	90.0	1.11	1.0	1.11	1.0	1.11	配当あり	いいえ		4.16	457.8	375.0	73.5	Consumer Cyclical			OK	通常掲載可	OK	3240.6	4.16	25.18	55.09	0.4	156.0	-2.01		-16.8	
6577	ベストワンドットコム	グロース（内国株式）	9050	サービス業	10	情報通信・サービスその他	-	-	2325.0	2.24	52.0	2.24	52.0	2.24	配当あり	いいえ		3.28	35.1	2718.0	1776.0	Consumer Cyclical			OK	通常掲載可	OK	3137.2	8.41	135.6	40.12	0.86	288.9	-40.46		1.86	1
6578	コレックホールディングス	スタンダード（内国株式）	9050	サービス業	10	情報通信・サービスその他	-	-	485.0	1.86	9.0	1.86	9.0	1.86	配当あり	いいえ	90.15	3.32	35.6	515.0	261.0	Industrials			OK	通常掲載可	OK	6685.1	0.94	3.36	34.89	0.68	79.3	5.38	167.29	3.68	1
6579	ログリー	グロース（内国株式）	9050	サービス業	10	情報通信・サービスその他	-	-	352.0						配当未取得			0.53	13.4	439.0	271.0	Communication Services	配当未取得	1株配当が取得できていない	除外推奨	掲載非推奨	OK_配当データ要確認	1605.2	-10.1	-21.87	43.62	0.54	-146.2	-19.32		3.32	
6580	ライトアップ	グロース（内国株式）	9050	サービス業	10	情報通信・サービスその他	-	-	847.0	3.9	33.0	3.9	33.0	3.9	配当あり	いいえ	16.81	1.32	42.5	3470.0	720.0	Industrials			OK	通常掲載可	OK	3529.2	13.31	-11.85	86.88	0.0	35.2	50.4	65.48	8.05	
6584	三櫻工業	プライム（内国株式）	3700	輸送用機器	6	自動車・輸送機	7	TOPIX Small 2	930.0	3.01	28.0	3.01	28.0	3.01	配当あり	いいえ	21.84	0.69	333.0	1219.0	615.0	Consumer Cyclical			OK	通常掲載可	OK	159387.0	2.56	-0.09	33.82	1.19	-8610.0	42.59	65.74	4.32	0
6586	マキタ	プライム（内国株式）	3600	機械	8	機械	4	TOPIX Mid400	5993.0	3.49	209.0	3.49	209.0	3.49	配当あり	いいえ	19.96	1.55	15441.3	6130.0	4175.0	Industrials			OK	通常掲載可	OK	777600.0	13.47	3.25	84.44	0.0	102336.0	300.25	69.61	8.2	2
6588	東芝テック	プライム（内国株式）	3650	電気機器	9	電機・精密	6	TOPIX Small 1	2868.0	1.39	40.0	1.39	40.0	1.39	配当あり	いいえ		1.62	1519.7	3340.0	2520.0	Technology			OK	通常掲載可	OK	569265.0	2.52	-1.34	26.03	0.48	-9648.0	-43.02		-2.84	0
6590	芝浦メカトロニクス	プライム（内国株式）	3650	電気機器	9	電機・精密	6	TOPIX Small 1	5980.0	1.07	64.0	1.07	64.0	1.07	配当あり	いいえ	35.09	7.06	3925.2	6230.0	1854.0	Technology			OK	通常掲載可	OK	88039.0	17.34	8.8	55.11	0.16	-2606.0	170.43	37.55	21.71	4
6592	マブチモーター	プライム（内国株式）	3650	電気機器	9	電機・精密	4	TOPIX Mid400	1624.0	3.45	56.0	3.45	56.0	3.45	配当あり	いいえ	15.34	1.18	3951.9	1907.0	1046.0	Consumer Cyclical			OK	通常掲載可	OK	200417.0	12.71	2.14	90.29	0.0	35364.0	105.88	52.89	8.93	4
6594	ニデック	プライム（内国株式）	3650	電気機器	9	電機・精密	-	-	2787.0	1.44	40.0	1.92	40.0	1.44	配当あり	いいえ	26.6	1.82	31947.7	3296.0	1797.0	Industrials			OK	通常掲載可	OK	2607813.0	9.13	11.11	51.7	0.37	135599.0	104.79	38.17	6.31	0
6597	ＨＰＣシステムズ	グロース（内国株式）	3650	電気機器	9	電機・精密	-	-	4285.0	0.75	32.0	0.75	32.0	0.75	配当あり	いいえ	34.01	5.6	165.7	7500.0	1585.0	Technology			OK	通常掲載可	OK	6945.3	6.13	-21.56	52.21	0.51	4027.9	125.98	25.4	21.17	1
6599	エブレン	スタンダード（内国株式）	3650	電気機器	9	電機・精密	-	-	3075.0	1.89	58.0	1.89	58.0	1.89	配当あり	いいえ	12.74	0.91	46.4	4010.0	2135.0	Technology			OK	通常掲載可	OK	3993.6	13.28	-0.8	80.14	0.0	565.8	241.39	24.03	7.36	4
6612	バルミューダ	グロース（内国株式）	3650	電気機器	9	電機・精密	-	-	598.0						配当未取得			2.02	50.9	920.0	561.0	Consumer Cyclical	配当未取得	1株配当が取得できていない	除外推奨	掲載非推奨	OK_配当データ要確認	10115.0	-8.56	-18.83	60.31	0.27	-965.0	-187.83		-48.07	
6613	ＱＤレーザ	グロース（内国株式）	3650	電気機器	9	電機・精密	-	-	2595.0						配当未取得			22.14	1085.7	3620.0	216.0	Technology	配当未取得	1株配当が取得できていない	除外推奨	掲載非推奨	OK_配当データ要確認	1372.8	-23.76	4.88	88.04	0.07	-1213.0	-8.56		-7.06	
6614	シキノハイテック	スタンダード（内国株式）	3650	電気機器	9	電機・精密	-	-	873.0	1.72	15.0	1.72	15.0	1.72	配当あり	いいえ		1.67	38.3	1360.0	656.0	Technology			OK	通常掲載可	OK	6516.0	0.86	-8.12	45.65	0.28	-5.4	-24.88		-4.58	0
6615	ユー・エム・シー・エレクトロニクス	プライム（内国株式）	3650	電気機器	9	電機・精密	7	TOPIX Small 2	227.0	4.41	10.0	4.41	10.0	4.41	配当あり	いいえ	26.74	0.37	63.9	435.0	220.0	Technology			OK	通常掲載可	OK	112726.0	1.07	-14.56	22.56	1.99	-1204.0	8.49	117.79	1.82	0
6616	トレックス・セミコンダクター	プライム（内国株式）	3650	電気機器	9	電機・精密	7	TOPIX Small 2	2444.0	2.29	56.0	2.29	56.0	2.29	配当あり	いいえ	22.32	1.38	258.9	2990.0	1355.0	Technology			OK	通常掲載可	OK	25073.2	4.33	4.66	52.41	0.69	929.7	109.49	51.15	6.41	0
6617	東光高岳	プライム（内国株式）	3650	電気機器	9	電機・精密	7	TOPIX Small 2	7740.0	1.73	134.0	1.73	134.0	1.73	配当あり	いいえ	18.83	1.83	1235.3	8850.0	2335.0	Industrials			OK	通常掲載可	OK	112093.0	8.71	5.13	56.45	0.04	4744.0	410.99	32.6	10.31	2
6619	ダブル・スコープ	プライム（内国株式）	3650	電気機器	9	電機・精密	7	TOPIX Small 2	195.0						配当未取得			0.29	117.6	362.0	147.0	Industrials	配当未取得	1株配当が取得できていない	除外推奨	掲載非推奨	OK_配当データ要確認	3630.0	-135.51	-88.31	78.71	0.2	-390.0	-225.89		-27.15	0
6620	宮越ホールディングス	プライム（内国株式）	8050	不動産業	17	不動産	7	TOPIX Small 2	829.0						配当未取得			1.35	331.7	1825.0	547.0	Financial Services	配当未取得	1株配当が取得できていない	除外推奨	掲載非推奨	OK_配当データ要確認	391.0	-85.17	-62.04	92.49		-1280.0	-48.41		-7.64	
6622	ダイヘン	プライム（内国株式）	3650	電気機器	9	電機・精密	6	TOPIX Small 1	17000.0	1.24	210.0	1.24	210.0	1.24	配当あり	いいえ	28.74	2.61	4013.2	19790.0	6520.0	Industrials			OK	通常掲載可	OK	237735.0	7.9	5.02	48.11	0.55	-8223.0	591.6	35.5	9.66	1
6625	ＪＡＬＣＯホールディングス	スタンダード（内国株式）	8050	不動産業	17	不動産	-	-	336.0	5.36	18.0	5.36	18.0	5.36	配当あり	いいえ	20.61	1.96	371.5	448.0	292.0	Technology			OK	通常掲載可	OK	16996.0	28.69	147.79	20.67	3.37	-8650.6	16.3	110.43	9.47	0
6626	ＳＥＭＩＴＥＣ	スタンダード（内国株式）	3650	電気機器	9	電機・精密	-	-	2030.0	5.07	103.0	5.07	103.0	5.07	配当あり	いいえ	7.35	0.82	194.8	3005.0	1936.0	Technology			OK	通常掲載可	OK	25458.4	13.89	0.49	77.4	0.1	2906.8	276.28	37.28	11.43	5
6627	テラプローブ	スタンダード（内国株式）	3650	電気機器	9	電機・精密	-	-	13880.0	0.79	110.0	0.79	110.0	0.79	配当あり	いいえ	37.45	5.72	1262.7	14960.0	3125.0	Technology			OK	通常掲載可	OK	41746.4	21.3	12.5	40.24	0.72	-9736.0	370.6	29.68	7.16	0
6629	テクノホライゾン	スタンダード（内国株式）	3650	電気機器	9	電機・精密	-	-	1035.0	6.38	66.0	6.38	66.0	6.38	配当あり	いいえ	5.67	1.14	139.5	1569.0	373.0	Technology			OK	通常掲載可	OK	51380.6	4.54	1.49	31.15	1.11	3637.9	182.68	36.13	22.01	1
6630	ヤーマン	プライム（内国株式）	3650	電気機器	9	電機・精密	6	TOPIX Small 1	720.0	1.25	9.0	1.25	9.0	1.25	配当あり	いいえ		1.63	396.2	866.0	661.0	Consumer Defensive			OK	通常掲載可	OK	25040.0	2.53	0.0	87.43	0.0	1859.0	-9.0			1
6632	ＪＶＣケンウッド	プライム（内国株式）	3650	電気機器	9	電機・精密	4	TOPIX Mid400	1131.5	1.77	20.0	1.77	20.0	1.77	配当あり	いいえ	10.14	1.11	1608.8	1456.5	1047.0	Consumer Cyclical			OK	通常掲載可	OK	356865.0	5.83	-3.63	41.38	0.48	11189.0	111.57	17.93	12.07	0
6633	ＣＧＳホールディングス	スタンダード（内国株式）	3650	電気機器	9	電機・精密	-	-	332.0	3.01	10.0	3.01	10.0	3.01	配当あり	いいえ	11.95	0.96	31.5	418.0	307.0	Technology			OK	通常掲載可	OK	4982.1	6.88	26.85	47.25	0.0	176.3	27.79	35.98	8.81	0
6634	ＪＮグループ	スタンダード（内国株式）	3650	電気機器	9	電機・精密	-	-	83.0						配当未取得			1.24	38.3	214.0	50.0	Technology	配当未取得	1株配当が取得できていない	除外推奨	掲載非推奨	OK_配当データ要確認	3562.2	-6.28	67.22	2.17	1.44	-48.7	-20.05		-35.62	
6635	大日光・エンジニアリング	スタンダード（内国株式）	3650	電気機器	9	電機・精密	-	-	713.0	2.24	16.0	2.24	16.0	2.24	配当あり	いいえ	22.68	0.65	47.3	1193.0	466.0	Technology			OK	通常掲載可	OK	36954.6	1.73	-5.15	24.07	1.69	1642.4	31.44	50.89	4.55	1
6637	寺崎電気産業	スタンダード（内国株式）	3650	電気機器	9	電機・精密	-	-	3665.0	1.53	56.0	1.53	56.0	1.53	配当あり	いいえ	11.21	0.81	449.5	5370.0	3180.0	Industrials			OK	通常掲載可	OK	62858.8	9.86	11.44	68.1	0.08	-1508.2	326.92	17.13	7.84	4
6638	ミマキエンジニアリング	プライム（内国株式）	3650	電気機器	9	電機・精密	7	TOPIX Small 2	1883.0	2.92	55.0	2.92	55.0	2.92	配当あり	いいえ	8.08	1.37	545.4	2237.0	1450.0	Technology			OK	通常掲載可	OK	83725.4	11.26	-0.28	48.13	0.6	1224.7	232.93	23.61	18.68	3
6643	戸上電機製作所	スタンダード（内国株式）	3650	電気機器	9	電機・精密	-	-	5600.0	2.32	130.0	2.32	130.0	2.32	配当あり	いいえ	9.94	1.08	259.6	7250.0	3440.0	Industrials			OK	通常掲載可	OK	30746.1	12.19	11.2	72.24	0.03	1533.0	563.36	23.08	11.49	4
6644	大崎電気工業	プライム（内国株式）	3650	電気機器	9	電機・精密	7	TOPIX Small 2	1513.0	2.64	40.0	2.64	40.0	2.64	配当あり	いいえ	11.9	1.17	667.3	2213.0	958.0	Technology			OK	通常掲載可	OK	100900.0	6.47	3.91	57.36	0.03	3435.0	127.09	31.47	10.16	1
6645	オムロン	プライム（内国株式）	3650	電気機器	9	電機・精密	4	TOPIX Mid400	6056.0	1.72	104.0	1.72	104.0	1.72	配当あり	いいえ	34.84	1.42	11907.9	6383.0	3503.0	Technology			OK	通常掲載可	OK	767351.0	7.19	7.26	55.13	0.29	7814.0	173.81	59.84	3.82	0
6647	森尾電機	スタンダード（内国株式）	3650	電気機器	9	電機・精密	-	-	2726.0	2.2	60.0	2.2	60.0	2.2	配当あり	いいえ	5.6	0.6	36.1	3160.0	1745.0	Industrials			OK	通常掲載可	OK	8639.0	9.91	-6.23	63.46	0.28	-183.5	487.14	12.32	11.55	2
6648	かわでん	スタンダード（内国株式）	3650	電気機器	9	電機・精密	-	-	1916.0	3.44	66.0	3.44	66.0	3.44	配当あり	いいえ	10.46	3.9	306.9	2780.0	845.0	Industrials			OK	通常掲載可	OK	26491.1	15.54	9.38	73.26	0.05	4070.6	183.17	36.03	1.11	2
6651	日東工業	プライム（内国株式）	3650	電気機器	9	電機・精密	6	TOPIX Small 1	4605.0	3.34	154.0	3.34	154.0	3.34	配当あり	いいえ	15.2	1.41	1747.0	5090.0	3140.0	Industrials			OK	通常掲載可	OK	195783.0	7.89	6.01	66.76	0.2	18347.0	303.01	50.82	9.52	0
6652	ＩＤＥＣ	プライム（内国株式）	3650	電気機器	9	電機・精密	6	TOPIX Small 1	3380.0	3.85	130.0	3.85	130.0	3.85	配当あり	いいえ	25.77	1.43	1000.2	3790.0	2184.0	Industrials			OK	通常掲載可	OK	72967.0	8.39	8.29	61.56	0.39	2065.0	131.14	99.13	5.79	0
6653	正興電機製作所	プライム（内国株式）	3650	電気機器	9	電機・精密	-	-	2413.0	2.28	55.0	2.28	55.0	2.28	配当あり	いいえ	16.0	1.69	326.4	2855.0	1358.0	Technology			OK	通常掲載可	OK	31380.0	8.34	7.84	52.1	0.05	2113.0	150.81	36.47	13.25	3
6654	不二電機工業	スタンダード（内国株式）	3650	電気機器	9	電機・精密	-	-	1135.0	2.82	32.0	2.82	32.0	2.82	配当あり	いいえ	25.71	0.56	58.9	1139.0	1040.0	Industrials			OK	通常掲載可	OK	3927.4	7.69	5.48	92.55	0.01	310.8	44.15	72.48	2.1	0
6656	インスペック	スタンダード（内国株式）	3650	電気機器	9	電機・精密	-	-	1321.0						配当未取得		68.98	4.53	53.0	1588.0	499.0	Technology	配当未取得	1株配当が取得できていない	除外推奨	掲載非推奨	OK_配当データ要確認	2237.8	4.86	34.13	31.94	1.75	477.2	19.15		-56.28	0
6658	シライ電子工業	スタンダード（内国株式）	3650	電気機器	9	電機・精密	-	-	455.0	4.4	20.0	4.4	20.0	4.4	配当あり	いいえ	5.2	0.62	68.2	845.0	415.0	Technology			OK	通常掲載可	OK	29118.0	6.97	-0.75	57.13	0.19	1352.0	87.45	22.87	12.48	3
6659	メディアリンクス	スタンダード（内国株式）	3650	電気機器	9	電機・精密	-	-	58.0						配当未取得			1.72	45.6	115.0	32.0	Technology	配当未取得	1株配当が取得できていない	除外推奨	掲載非推奨	OK_配当データ要確認	2337.1	-37.5	-16.22	81.89	0.03	-474.2	-21.57		-58.6	
6662	ユビテック	スタンダード（内国株式）	3650	電気機器	9	電機・精密	-	-	216.0						配当未取得			2.14	31.9	300.0	203.0	Technology	配当未取得	1株配当が取得できていない	除外推奨	掲載非推奨	OK_配当データ要確認	1016.1	-24.21	3.15	83.59		-583.3	-22.44		-20.23	0
6663	太洋テクノレックス	スタンダード（内国株式）	3650	電気機器	9	電機・精密	-	-	317.0	0.95	3.0	0.95	3.0	0.95	配当あり	いいえ	13.87	0.71	19.0	463.0	240.0	Technology			OK	通常掲載可	OK	3751.7	3.8	6.6	58.39	0.21	-108.9	22.86	13.12	6.01	1
6664	オプトエレクトロニクス	スタンダード（内国株式）	3650	電気機器	9	電機・精密	-	-	238.0						配当未取得			0.47	35.0	451.0	230.0	Technology	配当未取得	1株配当が取得できていない	除外推奨	掲載非推奨	OK_配当データ要確認	6772.5	-3.76	6.78	45.56	1.02	-106.6	-36.58		-6.53	0
6666	リバーエレテック	スタンダード（内国株式）	3650	電気機器	9	電機・精密	-	-	926.0	1.08	10.0	1.08	10.0	1.08	配当あり	いいえ		1.66	76.2	1474.0	358.0	Technology			OK	通常掲載可	OK	5784.9	-1.22	1.51	42.83	1.02	-124.4	-1.48		-0.26	0
6668	アドテック　プラズマ　テクノロジー	スタンダード（内国株式）	3650	電気機器	9	電機・精密	-	-	3730.0	0.64	24.0	0.64	24.0	0.64	配当あり	いいえ	19.46	2.28	318.4	4470.0	1159.0	Industrials			OK	通常掲載可	OK	12680.0	38.03	12.23	48.42	0.93	3077.0	191.72	12.52	12.41	1
6670	ＭＣＪ	スタンダード（内国株式）	3650	電気機器	9	電機・精密	-	-							配当未取得								yfinanceデータなし	yfinanceで株価・配当データが取得できなかった	除外推奨	掲載非推奨	データなし										
6674	ジーエス・ユアサ　コーポレーション	プライム（内国株式）	3650	電気機器	9	電機・精密	4	TOPIX Mid400	6737.0	1.45	98.0	1.45	98.0	1.45	配当あり	いいえ	21.46	1.71	6758.5	7899.0	2600.0	Consumer Cyclical			OK	通常掲載可	OK	580340.0	8.62	3.1	50.03	0.33	-26955.0	313.94	31.22	11.38	2
6675	サクサ	スタンダード（内国株式）	3650	電気機器	9	電機・精密	-	-	1961.0	2.35	46.0	2.35	46.0	2.35	配当あり	いいえ	24.81	1.13	341.7	2776.67	1335.0	Technology			OK	通常掲載可	OK	44099.0	4.74	0.08	61.18	0.2	217.0	79.03	58.21	4.33	3
6676	ＢＵＦＦＡＬＯ	スタンダード（内国株式）	3650	電気機器	9	電機・精密	7	TOPIX Small 2	2540.0	2.36	60.0	2.36	60.0	2.36	配当あり	いいえ	7.94	1.4	602.2	2785.0	1104.5	Technology			OK	通常掲載可	OK	117312.0	7.87	-18.03	60.18	0.04	3295.0	320.04	18.75	18.34	0
6677	エスケーエレクトロニクス	スタンダード（内国株式）	3650	電気機器	9	電機・精密	-	-	3595.0	4.23	152.0	4.23	152.0	4.23	配当あり	いいえ	12.85	1.05	373.8	3670.0	2660.0	Technology			OK	通常掲載可	OK	29187.2	13.21	13.45	81.35	0.0	195.5	279.69	54.35	8.52	1
6678	テクノメディカ	スタンダード（内国株式）	3650	電気機器	9	電機・精密	7	TOPIX Small 2	1993.0	4.67	93.0	4.67	93.0	4.67	配当あり	いいえ	12.84	0.94	132.9	2787.0	1830.0	Healthcare			OK	通常掲載可	OK	11236.6	14.85	13.43	80.21		1059.4	155.25	59.9	7.43	0
6694	ズーム	スタンダード（内国株式）	3650	電気機器	9	電機・精密	-	-	633.0	5.06	32.0	5.06	32.0	5.06	配当あり	いいえ		0.5	27.4	705.0	601.0	Technology			OK	通常掲載可	OK	17437.0	-0.33	-3.51	30.1	1.49	158.2	-398.85		-18.99	2
6696	トラース・オン・プロダクト	グロース（内国株式）	3650	電気機器	9	電機・精密	-	-	272.0						配当未取得			4.26	13.1	588.0	236.0	Technology	配当未取得	1株配当が取得できていない	除外推奨	掲載非推奨	OK_配当データ要確認	485.9	-7.44	18.09	62.19	0.43	-66.3	-12.76			
6699	ダイヤモンドエレクトリックホールディングス	スタンダード（内国株式）	3650	電気機器	9	電機・精密	7	TOPIX Small 2	485.0	5.15	25.0	5.15	25.0	5.15	配当あり	いいえ	5.15	0.31	53.1	758.0	451.0	Consumer Cyclical			OK	通常掲載可	OK	91724.0	2.48	-1.72	14.37	3.38	2204.0	94.09	26.57	1.87	1
6701	日本電気	プライム（内国株式）	3650	電気機器	9	電機・精密	2	TOPIX Large70	4168.0	0.96	40.0	0.96	40.0	0.96	配当あり	いいえ	20.53	2.52	55282.0	6194.0	3606.0	Technology			OK	通常掲載可	OK	3582733.0	10.05	4.65	49.18	0.22	346907.0	202.98	19.71	12.56	7
6702	富士通	プライム（内国株式）	3650	電気機器	9	電機・精密	2	TOPIX Large70	3326.0	1.65	55.0	1.65	55.0	1.65	配当あり	いいえ	19.05	2.85	57698.7	4668.0	3016.0	Technology			OK	通常掲載可	OK	3502971.0	9.94	-1.33	59.56	0.07	229153.0	174.61	31.5	15.62	7
6703	沖電気工業	プライム（内国株式）	3650	電気機器	9	電機・精密	6	TOPIX Small 1	3425.0	1.9	65.0	1.9	65.0	1.9	配当あり	いいえ	13.81	1.65	2971.0	3970.0	1455.0	Technology			OK	通常掲載可	OK	421635.0	4.47	-6.81	40.5	0.52	6101.0	247.97	26.21	13.19	2
6706	電気興業	プライム（内国株式）	3650	電気機器	9	電機・精密	7	TOPIX Small 2	3035.0	3.46	105.0	3.46	105.0	3.46	配当あり	いいえ	14.06	0.72	264.6	3625.0	1858.0	Technology			OK	通常掲載可	OK	35445.0	3.44	8.79	69.22	0.16	-4066.0	215.79	48.66	5.19	1
6707	サンケン電気	プライム（内国株式）	3650	電気機器	9	電機・精密	4	TOPIX Mid400	11015.0						配当未取得			1.84	2202.0	11835.0	4883.0	Technology	配当未取得	1株配当が取得できていない	除外推奨	掲載非推奨	OK_配当データ要確認	80175.0	-5.9	-34.08	50.1	0.67	-13813.0	-472.54		-7.31	0
6718	アイホン	プライム（内国株式）	3650	電気機器	9	電機・精密	7	TOPIX Small 2	2758.0	4.71	130.0	4.71	130.0	4.71	配当あり	いいえ	18.31	0.64	451.4	3130.0	2620.0	Technology			OK	通常掲載可	OK	62983.0	4.45	-0.53	87.59	0.0	-1247.0	150.59	86.33	3.6	0
6721	ウインテスト	スタンダード（内国株式）	3650	電気機器	9	電機・精密	-	-	89.0						配当未取得			13.88	49.2	177.0	69.0	Technology	配当未取得	1株配当が取得できていない	除外推奨	掲載非推奨	OK_配当データ要確認	429.1	-284.04	2.87	37.36	0.61	-781.9	-23.45		-238.39	
6723	ルネサスエレクトロニクス	プライム（内国株式）	3650	電気機器	9	電機・精密	2	TOPIX Large70	4820.0	0.58	28.0	0.58	28.0	0.58	配当あり	いいえ		3.44	87449.0	5284.0	1656.5	Technology			OK	通常掲載可	OK	1321212.0	15.23	-2.02	58.49	0.49	319087.0	-28.44		-0.39	0
6724	セイコーエプソン	プライム（内国株式）	3650	電気機器	9	電機・精密	4	TOPIX Mid400	2807.0	2.85	80.0	2.85	80.0	2.85	配当あり	いいえ	49.51	1.05	8994.4	3129.0	1840.5	Technology			OK	通常掲載可	OK	1413251.0	3.51	3.69	55.61	0.27	51523.0	56.7	141.09	2.19	0
6727	ワコム	プライム（内国株式）	3650	電気機器	9	電機・精密	6	TOPIX Small 1	787.0	3.05	24.0	3.05	24.0	3.05	配当あり	いいえ	11.09	2.83	1052.3	949.0	651.0	Technology			OK	通常掲載可	OK	109995.0	12.17	-4.91	57.6	0.06	8398.0	70.99	33.81	27.97	1
6728	アルバック	プライム（内国株式）	3650	電気機器	9	電機・精密	4	TOPIX Mid400	10080.0	1.51	152.0	1.51	152.0	1.51	配当あり	いいえ	39.84	2.16	4956.7	11420.0	5211.0	Industrials			OK	通常掲載可	OK	251184.0	10.56	-3.8	59.58	0.21	23463.0	253.01	60.08	6.09	2
6730	アクセル	スタンダード（内国株式）	3650	電気機器	9	電機・精密	7	TOPIX Small 2	1209.0	3.39	41.0	3.39	41.0	3.39	配当あり	いいえ	10.58	0.96	130.2	1434.0	942.0	Technology			OK	通常掲載可	OK	14656.0	11.36	-3.86	84.42		137.0	114.25	35.89	9.35	0
6731	ピクセラ	スタンダード（内国株式）	3650	電気機器	9	電機・精密	-	-	124.0						配当未取得			1.37	20.0	1390.0	96.0	Technology	配当未取得	1株配当が取得できていない	除外推奨	掲載非推奨	OK_配当データ要確認	1001.1	-79.51	-13.93	75.09	0.01	-1029.7	-96.5		-150.98	
6736	サン電子	スタンダード（内国株式）	3650	電気機器	9	電機・精密	-	-	9390.0	0.53	50.0	0.53	50.0	0.53	配当あり	いいえ	21.28	4.19	2020.5	12200.0	5210.0	Technology			OK	通常掲載可	OK	9907.1	-0.15	-8.58	89.8	0.05	1373.7	441.33	11.33	20.18	0
6737	ＥＩＺＯ	プライム（内国株式）	3650	電気機器	9	電機・精密	6	TOPIX Small 1	2520.0	4.56	115.0	4.56	115.0	4.56	配当あり	いいえ	13.95	0.73	996.3	2680.0	2022.0	Technology			OK	通常掲載可	OK	81308.0	2.91	1.01	77.15	0.04	939.0	180.68	63.65	5.61	3
6740	ジャパンディスプレイ	プライム（内国株式）	3650	電気機器	9	電機・精密	7	TOPIX Small 2	53.0						配当未取得			-44.24	2260.8	164.0	17.0	Technology	配当未取得	1株配当が取得できていない	除外推奨	掲載非推奨	OK_配当データ要確認	132328.0	-14.13	-29.62	-5.97		-23286.0	-3.2			
6741	日本信号	プライム（内国株式）	3650	電気機器	9	電機・精密	7	TOPIX Small 2	1566.0	3.58	56.0	3.58	56.0	3.58	配当あり	いいえ	8.42	0.85	976.7	1809.0	1008.0	Industrials			OK	通常掲載可	OK	114071.0	10.26	6.75	66.39	0.14	1580.0	185.88	30.13	10.69	2
6742	京三製作所	プライム（内国株式）	3650	電気機器	9	電機・精密	7	TOPIX Small 2	920.0	2.93	27.0	2.93	27.0	2.93	配当あり	いいえ	11.31	1.02	567.8	1030.0	486.0	Technology			OK	通常掲載可	OK	93122.0	4.84	9.08	46.7	0.56	2413.0	81.33	33.2	9.39	2
6743	大同信号	スタンダード（内国株式）	3650	電気機器	9	電機・精密	-	-	820.0	4.39	36.0	4.39	36.0	4.39	配当あり	いいえ	7.26	0.47	130.2	973.0	500.0	Industrials			OK	通常掲載可	OK	21914.1	5.26	5.51	53.5	0.26	-1752.1	113.0	31.86	6.21	1
6744	能美防災	プライム（内国株式）	3650	電気機器	9	電機・精密	6	TOPIX Small 1	4370.0	2.65	116.0	2.65	116.0	2.65	配当あり	いいえ	18.83	1.86	2572.3	5020.0	3400.0	Industrials			OK	通常掲載可	OK	139657.0	13.14	4.46	76.21	0.0	14552.0	232.05	49.99	10.15	6
6745	ホーチキ	プライム（内国株式）	3650	電気機器	9	電機・精密	7	TOPIX Small 2	2084.0	1.92	40.0	1.92	40.0	1.92	配当あり	いいえ	16.58	2.09	1554.8	2357.0	992.33	Industrials			OK	通常掲載可	OK	105855.0	11.4	4.91	69.84	0.02	8645.0	125.67	31.83	14.68	1
6748	星和電機	スタンダード（内国株式）	3650	電気機器	9	電機・精密	-	-	725.0	2.76	20.0	2.76	20.0	2.76	配当あり	いいえ	7.62	0.79	93.4	960.0	565.0	Industrials			OK	通常掲載可	OK	25385.6	6.49	0.68	63.06	0.19	1690.7	95.12	21.03	13.54	1
6750	エレコム	プライム（内国株式）	3650	電気機器	9	電機・精密	6	TOPIX Small 1	1804.0	3.22	58.0	3.22	58.0	3.22	配当あり	いいえ	6.97	1.34	1452.9	2056.0	1548.0	Technology			OK	通常掲載可	OK	132132.0	11.75	11.97	74.5	0.0	5124.0	258.87	22.41	21.16	11
6752	パナソニック　ホールディングス	プライム（内国株式）	3650	電気機器	9	電機・精密	2	TOPIX Large70	4522.0	1.19	54.0	1.19	54.0	1.19	配当あり	いいえ	55.55	2.03	105581.7	4770.0	1410.5	Technology			OK	通常掲載可	OK	8048722.0	2.61	-4.84	51.23	0.31	-67287.0	81.4	66.34	4.07	4
6753	シャープ	プライム（内国株式）	3650	電気機器	9	電機・精密	4	TOPIX Mid400	639.1						配当未取得		8.75	1.47	4149.7	908.5	534.4	Technology	配当未取得	1株配当が取得できていない	除外推奨	掲載非推奨	OK_配当データ要確認	1892811.0	2.57	-12.38	19.73	1.55	-33717.0	73.05		20.86	2
6754	アンリツ	プライム（内国株式）	3650	電気機器	9	電機・精密	4	TOPIX Mid400	4500.0	1.11	50.0	1.11	50.0	1.11	配当あり	いいえ	49.26	4.34	5759.6	4855.0	1590.0	Technology			OK	通常掲載可	OK	117462.0	12.63	3.97	76.6	0.03	12607.0	91.35	54.73	9.09	0
6757	ＯＳＧコーポレーション	スタンダード（内国株式）	3650	電気機器	9	電機・精密	-	-	855.0	4.68	40.0	4.68	40.0	4.68	配当あり	いいえ	41.67	1.9	44.6	1018.0	788.0	Industrials			OK	通常掲載可	OK	8185.2	2.54	3.22	38.36	0.81	-355.6	20.52	194.93	0.11	0
6758	ソニーグループ	プライム（内国株式）	3650	電気機器	9	電機・精密	1	TOPIX Core30	3380.0	1.04	35.0	1.04	35.0	1.04	配当あり	いいえ	19.72	2.46	199077.5	4776.0	3043.0	Technology			OK	通常掲載可	OK	12479620.0	12.45	3.7	51.77	0.21	1487936.0	171.37	20.42	12.34	10
6762	ＴＤＫ	プライム（内国株式）	3650	電気機器	9	電機・精密	2	TOPIX Large70	3699.0	1.08	40.0	1.08	40.0	1.08	配当あり	いいえ	35.97	3.21	70212.7	4315.0	1582.5	Technology			OK	通常掲載可	OK	2504820.0	10.88	13.61	49.54	0.28	209081.0	102.83	38.9	9.92	8
6763	帝国通信工業	プライム（内国株式）	3650	電気機器	9	電機・精密	7	TOPIX Small 2	2976.0	4.37	130.0	4.37	130.0	4.37	配当あり	いいえ	21.6	0.96	274.8	3280.0	2215.0	Industrials			OK	通常掲載可	OK	17256.8	6.71	2.78	82.53	0.0	-1320.8	137.79	94.35	4.6	2
6768	タムラ製作所	プライム（内国株式）	3650	電気機器	9	電機・精密	6	TOPIX Small 1	939.0	1.7	16.0	1.7	16.0	1.7	配当あり	いいえ		1.19	747.2	1135.0	471.0	Technology			OK	通常掲載可	OK	123559.0	4.28	8.34	47.45	0.61	-2726.0	-17.28		-2.22	1
6769	ザインエレクトロニクス	スタンダード（内国株式）	3650	電気機器	9	電機・精密	-	-	1124.0	1.33	15.0	1.33	15.0	1.33	配当あり	いいえ		1.41	118.2	1393.0	775.0	Technology			OK	通常掲載可	OK	4639.4	-7.39	0.55	91.29		-707.6	-31.25		-4.98	0
6770	アルプスアルパイン	プライム（内国株式）	3650	電気機器	9	電機・精密	4	TOPIX Mid400	2126.0	3.01	64.0	3.01	64.0	3.01	配当あり	いいえ	15.77	0.93	4148.1	2395.5	1467.0	Technology			OK	通常掲載可	OK	990407.0		2.73	55.89	0.24	15199.0	134.79	47.48	6.31	1
6771	池上通信機	スタンダード（内国株式）	3650	電気機器	9	電機・精密	-	-	650.0	2.31	15.0	2.31	15.0	2.31	配当あり	いいえ	11.07	0.29	41.7	874.0	580.0	Technology			OK	通常掲載可	OK	21329.0	1.91	2.87	47.81	0.7	377.0	58.7	25.55	2.69	0
6772	東京コスモス電機	スタンダード（内国株式）	3650	電気機器	9	電機・精密	-	-	1100.0	3.64	40.0	3.64	40.0	3.64	配当あり	いいえ	263.16	0.96	74.4	1888.0	1067.0	Technology			OK	通常掲載可	OK	9601.0	4.76	-8.62	67.06	0.16	251.7	4.18	956.94	0.37	4
6775	ＴＢグループ	スタンダード（内国株式）	3650	電気機器	9	電機・精密	-	-	120.0						配当未取得			3.51	17.8	233.0	110.0	Technology	配当未取得	1株配当が取得できていない	除外推奨	掲載非推奨	OK_配当データ要確認	2460.7	-3.37	5.62	34.76	0.9	-12.4	-13.96		-36.04	
6776	天昇電気工業	スタンダード（内国株式）	3200	化学	4	素材・化学	-	-	268.0	1.87	5.0	1.87	5.0	1.87	配当あり	いいえ	9.03	0.41	45.6	314.0	249.0	Consumer Cyclical			OK	通常掲載可	OK	21877.0	3.31	-21.55	52.39	0.34	771.0	29.67	16.85	4.66	0
6777	ｓａｎｔｅｃ　Ｈｏｌｄｉｎｇｓ	スタンダード（内国株式）	3650	電気機器	9	電機・精密	-	-	23350.0	0.99	230.0	0.99	230.0	0.99	配当あり	いいえ	35.84	9.87	2746.0	34700.0	5060.0	Technology			OK	通常掲載可	OK	31507.1	32.77	31.13	71.16	0.1	6526.9	651.47	35.3	31.13	5
6778	アルチザネットワークス	スタンダード（内国株式）	3650	電気機器	9	電機・精密	-	-	689.0	3.63	25.0	3.63	25.0	3.63	配当あり	いいえ	33.79	0.89	60.5	707.0	554.0	Technology			OK	通常掲載可	OK	2819.6	1.15	-31.45	78.32	0.21	207.8	20.39	122.61	3.29	0
6779	日本電波工業	プライム（内国株式）	3650	電気機器	9	電機・精密	7	TOPIX Small 2	3750.0	0.8	30.0	0.8	30.0	0.8	配当あり	いいえ	41.84	2.69	859.8	5010.0	720.0	Technology			OK	通常掲載可	OK	54629.0	6.14	2.95	41.82	0.93	-2536.0	89.63	33.47	6.76	0
6785	鈴木	プライム（内国株式）	3650	電気機器	9	電機・精密	7	TOPIX Small 2	3305.0	3.63	120.0	3.63	120.0	3.63	配当あり	いいえ	15.06	1.52	474.6	3510.0	1738.0	Technology			OK	通常掲載可	OK	33322.8	12.88	20.19	67.69	0.09	2626.9	219.45	54.68	14.16	4
6786	ＲＶＨ	スタンダード（内国株式）	9050	サービス業	10	情報通信・サービスその他	-	-	54.0						配当未取得		46.15	1.75	13.7	146.0	46.0	Technology	配当未取得	1株配当が取得できていない	除外推奨	掲載非推奨	OK_配当データ要確認	1251.8	-3.96	-14.82	45.71	0.23	76.0	1.17		3.79	
6787	メイコー	プライム（内国株式）	3650	電気機器	9	電機・精密	6	TOPIX Small 1	29330.0	0.55	160.0	0.55	160.0	0.55	配当あり	いいえ	38.61	5.52	7528.0	45300.0	6660.0	Technology			OK	通常掲載可	OK	240574.0	10.21	16.33	40.64	0.89	-22479.0	759.65	21.06	15.38	5
6788	日本トリム	プライム（内国株式）	3650	電気機器	9	電機・精密	7	TOPIX Small 2	4510.0	2.88	130.0	2.88	130.0	2.88	配当あり	いいえ	16.72	1.41	335.3	5190.0	4005.0	Industrials			OK	通常掲載可	OK	24159.4	12.17	7.55	65.83	0.05	2202.7	269.7	48.2	8.9	1
6794	フォスター電機	プライム（内国株式）	3650	電気機器	9	電機・精密	7	TOPIX Small 2	2954.0	4.06	120.0	4.06	120.0	4.06	配当あり	いいえ	13.37	0.98	663.7	3500.0	1513.0	Technology			OK	通常掲載可	OK	134910.0	5.69	-1.96	60.32	0.13	132.0	220.96	54.31	8.94	3
6797	名古屋電機工業	スタンダード（内国株式）	3650	電気機器	9	電機・精密	-	-	1174.0	3.83	45.0	3.83	45.0	3.83	配当あり	いいえ	9.08	0.58	138.0	1370.0	1063.0	Industrials			OK	通常掲載可	OK	17307.4	10.11	0.26	82.06		3512.2	129.26	34.81	6.54	
6798	ＳＭＫ	プライム（内国株式）	3650	電気機器	9	電機・精密	7	TOPIX Small 2	3175.0	3.15	100.0	3.15	100.0	3.15	配当あり	いいえ	357.14	0.64	200.9	3735.0	2184.0	Technology			OK	通常掲載可	OK	48204.0	0.89	0.32	54.07	0.46	-248.0	8.89	1124.86	0.19	1
6800	ヨコオ	プライム（内国株式）	3650	電気機器	9	電機・精密	7	TOPIX Small 2	5720.0	1.12	64.0	1.12	64.0	1.12	配当あり	いいえ	34.36	2.21	1333.4	6510.0	1338.0	Technology			OK	通常掲載可	OK	90090.0	5.57	8.69	67.4	0.19	777.0	166.45	38.45	6.94	1
6803	ティアック	スタンダード（内国株式）	3650	電気機器	9	電機・精密	-	-	101.0	0.99	1.0	0.99	1.0	0.99	配当あり	いいえ	35.82	0.71	29.1	139.0	85.0	Technology			OK	通常掲載可	OK	15668.0	2.16	-1.72	38.42	0.88	1061.0	2.82	35.46	15.15	0
6804	ホシデン	プライム（内国株式）	3650	電気機器	9	電機・精密	6	TOPIX Small 1	2833.0	2.68	76.0	2.68	76.0	2.68	配当あり	いいえ	9.43	0.93	1394.8	3020.0	2172.0	Industrials			OK	通常掲載可	OK	448250.0	4.29	81.06	69.79	0.07	26629.0	300.58	25.28	11.15	1
6806	ヒロセ電機	プライム（内国株式）	3650	電気機器	9	電機・精密	4	TOPIX Mid400	29265.0	1.78	520.0	1.78	520.0	1.78	配当あり	いいえ	29.5	2.53	9575.9	32210.0	16280.0	Technology			OK	通常掲載可	OK	211264.0	20.35	11.53	87.68	0.02	25856.0	992.08	52.42	8.86	1
6807	日本航空電子工業	プライム（内国株式）	3650	電気機器	9	電機・精密	6	TOPIX Small 1	2372.0	2.11	50.0	2.11	50.0	2.11	配当あり	いいえ	22.62	1.11	1599.4	2928.0	2189.0	Technology			OK	通常掲載可	OK	227872.0	3.92	2.81	62.19	0.29	-6758.0	104.84	47.69	5.08	0
6809	ＴＯＡ	プライム（内国株式）	3650	電気機器	9	電機・精密	7	TOPIX Small 2	1600.0	5.62	90.0	5.63	90.0	5.62	配当あり	いいえ	15.11	0.95	555.1	1926.0	984.0	Industrials			OK	通常掲載可	OK	55386.0	8.41	9.4	75.96	0.02	5136.0	105.92	84.97	6.52	1
6810	マクセル	プライム（内国株式）	3650	電気機器	9	電機・精密	6	TOPIX Small 1	2153.0	2.6	56.0	2.6	56.0	2.6	配当あり	いいえ	10.66	0.91	793.6	2548.0	1817.0	Technology			OK	通常掲載可	OK	129429.0	6.1	-0.29	48.24	0.43	52.0	201.95	27.73	9.11	0
6814	古野電気	プライム（内国株式）	3650	電気機器	9	電機・精密	6	TOPIX Small 1	6150.0	2.6	160.0	2.6	160.0	2.6	配当あり	いいえ	11.61	2.18	1943.9	10020.0	3655.0	Technology			OK	通常掲載可	OK	140616.0	11.55	10.76	63.2	0.16	16513.0	529.52	30.22	20.66	3
6817	スミダコーポレーション	プライム（内国株式）	3650	電気機器	9	電機・精密	7	TOPIX Small 2	1450.0	3.66	53.0	3.66	53.0	3.66	配当あり	いいえ	13.28	0.76	479.9	1626.0	925.0	Technology			OK	通常掲載可	OK	147194.0	5.05	2.23	37.89	1.03	9110.0	109.19	48.54	6.12	0
6819	伊豆シャボテンリゾート	スタンダード（内国株式）	9050	サービス業	10	情報通信・サービスその他	-	-	464.0	4.31	20.0	4.31	20.0	4.31	配当あり	いいえ	10.21	1.35	85.9	523.0	440.0	Consumer Cyclical			OK	通常掲載可	OK	5591.9	20.87	1.86	81.32	0.05	986.9	45.43	44.02	13.86	1
6820	アイコム	プライム（内国株式）	3650	電気機器	9	電機・精密	7	TOPIX Small 2	3240.0	2.69	87.0	2.69	87.0	2.69	配当あり	いいえ	17.45	0.64	465.0	3595.0	2654.0	Technology			OK	通常掲載可	OK	36959.0	7.9	-1.36	89.16		1364.0	185.65	46.86	3.79	0
6822	大井電気	スタンダード（内国株式）	3650	電気機器	9	電機・精密	-	-	5480.0	1.46	80.0	1.46	80.0	1.46	配当あり	いいえ	5.31	0.81	73.3	6370.0	3040.0	Technology			OK	通常掲載可	OK	32709.6	5.42	12.61	31.84	0.6	633.2	1032.43	7.75	15.07	0
6823	リオン	プライム（内国株式）	3650	電気機器	9	電機・精密	7	TOPIX Small 2	3745.0	2.4	90.0	2.4	90.0	2.4	配当あり	いいえ	16.13	1.33	461.8	4160.0	2480.0	Healthcare			OK	通常掲載可	OK	28502.0	15.3	2.24	80.33		3416.8	232.19	38.76	10.1	2
6824	新コスモス電機	スタンダード（内国株式）	3650	電気機器	9	電機・精密	-	-	5790.0	1.64	95.0	1.64	95.0	1.64	配当あり	いいえ	13.62	1.32	704.6	6110.0	2511.0	Technology			OK	通常掲載可	OK	50091.5	14.68	18.83	72.68	0.08	4420.0	424.99	22.35	10.58	4
6832	アオイ電子	スタンダード（内国株式）	3650	電気機器	9	電機・精密	-	-	2606.0	2.07	54.0	2.07	54.0	2.07	配当あり	いいえ	416.96	0.67	291.8	3240.0	1937.0	Technology			OK	通常掲載可	OK	38323.3	0.8	9.57	68.96	0.23	-10695.7	6.25	864.0	0.16	0
6834	精工技研	スタンダード（内国株式）	3650	電気機器	9	電機・精密	-	-	26540.0	0.45	120.0	0.45	120.0	0.45	配当あり	いいえ	38.17	7.01	2372.5	38150.0	5190.0	Technology			OK	通常掲載可	OK	30087.9	25.7	50.57	81.17		4513.0	695.35	17.26	20.14	0
6835	アライドテレシスホールディングス	スタンダード（内国株式）	3650	電気機器	9	電機・精密	-	-	244.0	4.1	10.0	4.1	10.0	4.1	配当あり	いいえ	8.86	1.19	253.8	381.0	165.0	Technology			OK	通常掲載可	OK	49950.1	8.47	3.08	43.77	0.3	6221.3	27.55	36.3	17.04	2
6836	ぷらっとホーム	スタンダード（内国株式）	3650	電気機器	9	電機・精密	-	-	698.0						配当未取得		146.95	7.44	33.1	1956.0	659.0	Technology	配当未取得	1株配当が取得できていない	除外推奨	掲載非推奨	OK_配当データ要確認	1298.9	0.97	11.27	51.69		-142.4	4.75		5.06	
6837	京写	スタンダード（内国株式）	3650	電気機器	9	電機・精密	-	-	405.0	2.22	9.0	2.22	9.0	2.22	配当あり	いいえ	75.14	0.6	58.4	438.0	284.0	Technology			OK	通常掲載可	OK	24697.0	3.34	-5.84	39.6	0.83	553.0	5.39	166.98	0.76	2
6838	多摩川ホールディングス	スタンダード（内国株式）	3650	電気機器	9	電機・精密	-	-	1747.0	1.14	20.0	1.14	20.0	1.14	配当あり	いいえ	6.32	1.49	159.3	2496.0	657.0	Industrials			OK	通常掲載可	OK	5588.0	4.99	34.52	48.52	0.68	-636.9	276.38	7.24	23.58	0
6840	ＡＫＩＢＡホールディングス	スタンダード（内国株式）	3650	電気機器	9	電機・精密	-	-	766.0						配当未取得		7.97	1.59	70.4	1469.0	259.0	Technology	配当未取得	1株配当が取得できていない	除外推奨	掲載非推奨	OK_配当データ要確認	18272.0	3.92	15.29	25.92	2.08	-542.4	96.13		22.14	
6841	横河電機	プライム（内国株式）	3650	電気機器	9	電機・精密	4	TOPIX Mid400	5812.0	1.58	92.0	1.58	92.0	1.58	配当あり	いいえ	25.51	2.85	14673.7	6317.0	3741.0	Industrials			OK	通常掲載可	OK	604829.0	13.65	7.54	65.36	0.07	58269.0	227.83	40.38	12.12	2
6844	新電元工業	プライム（内国株式）	3650	電気機器	9	電機・精密	7	TOPIX Small 2	3890.0	2.57	100.0	2.57	100.0	2.57	配当あり	いいえ	7.09	0.55	396.0	4265.0	2182.0	Technology			OK	通常掲載可	OK	113836.0	3.38	7.56	50.16	0.61	699.0	548.88	18.22	8.15	0
6845	アズビル	プライム（内国株式）	3650	電気機器	9	電機・精密	4	TOPIX Mid400	1729.0	2.2	38.0	2.2	38.0	2.2	配当あり	いいえ	22.83	3.47	8711.3	1740.5	1241.5	Industrials			OK	通常掲載可	OK	298930.0	15.82	-0.48	76.11	0.04	29889.0	75.73	50.18	15.73	11
6848	東亜ディーケーケー	スタンダード（内国株式）	3650	電気機器	9	電機・精密	-	-	864.0	2.55	22.0	2.55	22.0	2.55	配当あり	いいえ	17.99	0.73	168.5	1080.0	798.0	Technology			OK	通常掲載可	OK	17809.0	2.73	-1.38	78.91	0.04	1619.0	48.04	45.8	4.21	3
6849	日本光電工業	プライム（内国株式）	3650	電気機器	9	電機・精密	4	TOPIX Mid400	1466.0	2.25	33.0	2.25	33.0	2.25	配当あり	いいえ	16.42	1.32	2345.2	1885.5	1323.0	Healthcare			OK	通常掲載可	OK	235099.0	7.97	4.29	70.06	0.14	13197.0	89.28	36.96	8.07	1
6850	チノー	プライム（内国株式）	3650	電気機器	9	電機・精密	7	TOPIX Small 2	1663.0	3.01	50.0	3.01	50.0	3.01	配当あり	いいえ	13.81	1.19	275.8	1874.0	1137.5	Technology			OK	通常掲載可	OK	31648.0	10.2	7.91	56.87	0.18	1291.0	120.4	41.53	8.99	1
6853	共和電業	スタンダード（内国株式）	3650	電気機器	9	電機・精密	-	-	798.0	2.63	21.0	2.63	21.0	2.63	配当あり	いいえ	20.33	1.1	200.1	1012.0	511.0	Technology			OK	通常掲載可	OK	16272.3	8.52	6.01	76.71	0.02	-99.0	39.26	53.49	6.06	5
6855	日本電子材料	スタンダード（内国株式）	3650	電気機器	9	電機・精密	7	TOPIX Small 2	7750.0	1.03	80.0	1.03	80.0	1.03	配当あり	いいえ	18.18	2.53	1135.2	10270.0	2210.0	Technology			OK	通常掲載可	OK	29366.0	24.7	23.24	76.75	0.17	2237.0	426.25	18.77	14.98	2
6856	堀場製作所	プライム（内国株式）	3650	電気機器	9	電機・精密	4	TOPIX Mid400	27675.0	1.08	300.0	1.08	300.0	1.08	配当あり	いいえ	31.45	3.37	11626.7	30100.0	10555.0	Technology			OK	通常掲載可	OK	333081.0	15.92	4.95	67.26	0.19	28241.0	880.07	34.09	11.58	1
6857	アドバンテスト	プライム（内国株式）	3650	電気機器	9	電機・精密	1	TOPIX Core30	29345.0	0.2	60.0	0.2	60.0	0.2	配当あり	いいえ	56.82	26.76	212696.6	35940.0	9744.0	Technology			OK	通常掲載可	OK	1128610.0	44.22	44.75	67.91	0.03	299152.0	516.47	11.62	57.65	2
6858	小野測器	スタンダード（内国株式）	3650	電気機器	9	電機・精密	-	-	910.0	3.3	30.0	3.3	30.0	3.3	配当あり	いいえ	24.27	0.58	94.9	1020.0	556.0	Technology			OK	通常掲載可	OK	13629.0	4.32	15.46	74.88	0.07	16.0	37.49	80.02	2.87	0
6859	エスペック	プライム（内国株式）	3650	電気機器	9	電機・精密	6	TOPIX Small 1	4270.0	3.28	140.0	3.28	140.0	3.28	配当あり	いいえ	15.8	1.49	921.3	4790.0	2893.0	Technology			OK	通常掲載可	OK	70034.0	10.12	4.08	74.05	0.01	3646.0	270.29	51.8	9.96	4
6861	キーエンス	プライム（内国株式）	3650	電気機器	9	電機・精密	1	TOPIX Core30	80300.0	0.68	550.0	0.68	550.0	0.68	配当あり	いいえ	43.67	5.61	194747.7	84170.0	51510.0	Technology			OK	通常掲載可	OK	1169289.0	50.95	10.4	94.57		402309.0	1838.87	29.91	13.53	4
6862	ミナトホールディングス	スタンダード（内国株式）	3650	電気機器	9	電機・精密	-	-	2139.0	0.84	18.0	0.84	18.0	0.84	配当あり	いいえ	7.55	1.97	159.1	4165.0	742.0	Technology			OK	通常掲載可	OK	36572.0	11.57	49.03	25.17	2.09	-6318.3	283.2	6.36	30.13	0
6863	ニレコ	スタンダード（内国株式）	3650	電気機器	9	電機・精密	-	-	3030.0	1.32	40.0	1.32	40.0	1.32	配当あり	いいえ	15.62	1.27	216.9	3030.0	1784.0	Technology			OK	通常掲載可	OK	11023.0	15.43	2.47	82.93	0.03	1861.6	193.92	20.63	8.51	4
6864	エヌエフホールディングス	スタンダード（内国株式）	3650	電気機器	9	電機・精密	-	-	1730.0	2.08	36.0	2.08	36.0	2.08	配当あり	いいえ	18.76	0.93	121.4	2579.0	1061.0	Technology			OK	通常掲載可	OK	9138.1	10.35	0.6	78.93	0.02	978.2	92.21	39.04	3.96	0
6866	日置電機	プライム（内国株式）	3650	電気機器	9	電機・精密	6	TOPIX Small 1	12110.0	1.98	240.0	1.98	240.0	1.98	配当あり	いいえ	30.03	3.75	1623.4	13800.0	5260.0	Technology			OK	通常掲載可	OK	40531.8	16.76	3.21	85.36		3293.6	403.26	59.51	14.34	0
6867	リーダー電子	スタンダード（内国株式）	3650	電気機器	9	電機・精密	-	-	431.0	3.48	15.0	3.48	15.0	3.48	配当あり	いいえ	21.93	0.51	18.5	567.0	385.0	Technology			OK	通常掲載可	OK	4247.6	0.63	3.17	74.28	0.01	143.1	19.65	76.34	2.08	0
6869	シスメックス	プライム（内国株式）	3650	電気機器	9	電機・精密	4	TOPIX Mid400	1528.5	2.62	40.0	2.62	40.0	2.62	配当あり	いいえ	26.88	1.88	9250.4	2563.5	1246.0	Healthcare			OK	通常掲載可	OK	500006.0	12.68	-1.7	71.37	0.14	22879.0	56.86	70.35	7.29	5
6870	日本フェンオール	スタンダード（内国株式）	3650	電気機器	9	電機・精密	-	-	2726.0	2.86	78.0	2.86	78.0	2.86	配当あり	いいえ	12.25	1.01	152.9	2849.0	1670.0	Industrials			OK	通常掲載可	OK	12909.9	8.19	3.15	75.97	0.04	-493.3	222.44	35.07	7.6	5
6871	日本マイクロニクス	プライム（内国株式）	3650	電気機器	9	電機・精密	6	TOPIX Small 1	16000.0	0.59	95.0	0.59	95.0	0.59	配当あり	いいえ	51.28	8.38	6202.3	18180.0	4245.0	Technology			OK	通常掲載可	OK	70173.0	23.57	26.11	66.7	0.1	-6469.0	312.0	30.45	24.23	2
6874	協立電機	スタンダード（内国株式）	3650	電気機器	9	電機・精密	-	-	2570.0	3.5	90.0	3.5	90.0	3.5	配当あり	いいえ	9.51	0.95	207.3	2930.0	2120.0	Technology			OK	通常掲載可	OK	38246.3	8.77	11.31	61.74	0.04	1367.5	270.11	33.32	11.06	3
6875	メガチップス	プライム（内国株式）	3650	電気機器	9	電機・精密	6	TOPIX Small 1	10770.0	2.41	260.0	2.41	260.0	2.41	配当あり	いいえ	18.62	0.87	1584.1	13420.0	5010.0	Technology			OK	通常掲載可	OK	36169.3	-0.48	-14.55	72.41	0.0	3222.5	578.35	44.96	6.13	2
6877	ＯＢＡＲＡ　ＧＲＯＵＰ	スタンダード（内国株式）	3650	電気機器	9	電機・精密	7	TOPIX Small 2	6160.0	2.44	150.0	2.44	150.0	2.44	配当あり	いいえ	13.93	1.19	887.9	6870.0	3550.0	Industrials			OK	通常掲載可	OK	61682.0	15.73	9.38	71.78	0.11	1507.0	442.29	33.91	10.5	0
6882	三社電機製作所	スタンダード（内国株式）	3650	電気機器	9	電機・精密	-	-	1278.0	4.69	60.0	4.69	60.0	4.69	配当あり	いいえ	44.64	0.68	170.1	1554.0	846.0	Industrials			OK	通常掲載可	OK	26651.0	5.2	4.76	76.16	0.1	2113.0	28.63	209.57	1.55	0
6888	アクモス	スタンダード（内国株式）	5250	情報・通信業	10	情報通信・サービスその他	-	-	467.0	5.35	25.0	5.35	25.0	5.35	配当あり	いいえ	13.14	1.38	46.5	580.0	462.0	Technology			OK	通常掲載可	OK	6421.7	9.09	3.08	62.53	0.12	217.9	35.54	70.34	8.88	2
6890	フェローテック	スタンダード（内国株式）	3650	電気機器	9	電機・精密	-	-	9280.0	1.62	150.0	1.62	150.0	1.62	配当あり	いいえ	33.67	1.67	4865.8	11700.0	3105.0	Technology			OK	通常掲載可	OK	288933.0	9.54	5.3	37.68	0.8	-25343.0	275.62	54.42	5.38	1
6894	パルステック工業	スタンダード（内国株式）	3650	電気機器	9	電機・精密	-	-	2148.0	4.19	90.0	4.19	90.0	4.19	配当あり	いいえ	10.28	0.73	29.4	2586.0	1725.0	Industrials			OK	通常掲載可	OK	2553.2	13.98	2.68	79.87	0.0	338.1	209.0	43.06	7.24	0
6897	ツインバード	スタンダード（内国株式）	3650	電気機器	9	電機・精密	-	-	650.0	2.0	13.0	2.0	13.0	2.0	配当あり	いいえ		0.83	69.3	794.0	390.0	Consumer Cyclical			OK	通常掲載可	OK	8998.9	-9.5	-10.52	66.13	0.32	457.6	-114.27		0.81	0
6898	トミタ電機	スタンダード（内国株式）	3650	電気機器	9	電機・精密	-	-	3900.0						配当未取得		25.71	0.79	31.9	4650.0	2800.0	Technology	配当未取得	1株配当が取得できていない	除外推奨	掲載非推奨	OK_配当データ要確認	1603.2	-3.83	12.75	85.44		-137.5	151.71		0.94	
6899	ＡＳＴＩ	スタンダード（内国株式）	3650	電気機器	9	電機・精密	-	-	2371.0	3.37	80.0	3.37	80.0	3.37	配当あり	いいえ	10.4	0.3	74.1	2799.0	1773.0	Technology			OK	通常掲載可	OK	62400.7	2.09	-4.65	55.52	0.48	1638.3	228.09	35.07	2.88	0
6902	デンソー	プライム（内国株式）	3700	輸送用機器	6	自動車・輸送機	2	TOPIX Large70	1955.5	3.78	74.0	3.78	74.0	3.78	配当あり	いいえ	7.58	0.96	52642.9	2373.0	1801.0	Consumer Cyclical			OK	通常掲載可	OK	3878849.0	1.45	3.91	62.91	0.15	76836.0	257.93	28.69	8.94	4
6904	原田工業	スタンダード（内国株式）	3650	電気機器	9	電機・精密	-	-	446.0	2.24	10.0	2.24	10.0	2.24	配当あり	いいえ	21.73	0.69	94.3	512.0	434.0	Technology			OK	通常掲載可	OK	42192.3	5.68	-5.86	38.25	1.03	3616.2	20.52	48.73	3.2	0
6905	コーセル	プライム（内国株式）	3650	電気機器	9	電機・精密	7	TOPIX Small 2	1474.0	4.07	60.0	4.07	60.0	4.07	配当あり	いいえ		1.16	606.3	1657.0	1064.0	Industrials			OK	通常掲載可	OK	27052.8	2.32	-34.71	93.06	0.01	2085.6	-10.17		-6.31	4
6907	ジオマテック	スタンダード（内国株式）	3650	電気機器	9	電機・精密	-	-	665.0						配当未取得		8.24	0.5	52.6	1432.0	583.0	Technology	配当未取得	1株配当が取得できていない	除外推奨	掲載非推奨	OK_配当データ要確認	6008.8	5.68	13.78	61.02	0.17	374.6	80.73		0.22	0
6908	イリソ電子工業	プライム（内国株式）	3650	電気機器	9	電機・精密	6	TOPIX Small 1	2935.0	3.41	100.0	3.41	100.0	3.41	配当あり	いいえ	17.39	0.83	626.6	3855.0	2753.0	Technology			OK	通常掲載可	OK	56332.0	9.42	1.92	77.29	0.13	3351.0	168.76	59.26	4.25	4
6912	菊水ホールディングス	スタンダード（内国株式）	3650	電気機器	9	電機・精密	-	-	1996.0	2.96	59.0	2.96	59.0	2.96	配当あり	いいえ	10.33	1.06	166.2	2690.0	1523.0	Industrials			OK	通常掲載可	OK	14687.9	14.54	9.37	82.09	0.0	1637.1	193.21	30.54	10.81	4
6914	オプテックスグループ	プライム（内国株式）	3650	電気機器	9	電機・精密	6	TOPIX Small 1	4320.0	1.5	65.0	1.5	65.0	1.5	配当あり	いいえ	23.53	2.68	1539.4	4755.0	1568.0	Technology			OK	通常掲載可	OK	65878.0	12.38	4.12	72.94	0.11	5679.0	183.6	35.4	13.08	1
6915	千代田インテグレ	スタンダード（内国株式）	3650	電気機器	9	電機・精密	7	TOPIX Small 2	3270.0	4.89	160.0	4.89	160.0	4.89	配当あり	いいえ	12.0	0.76	288.3	3530.0	2752.0	Technology			OK	通常掲載可	OK	38042.0	7.82	-7.7	80.07	0.04	3211.0	272.39	58.74	9.1	0
6918	アバールデータ	スタンダード（内国株式）	3650	電気機器	9	電機・精密	-	-	3375.0	3.14	106.0	3.14	106.0	3.14	配当あり	いいえ	35.46	2.13	196.3	3790.0	2115.0	Technology			OK	通常掲載可	OK	8830.1	7.81	-19.58	90.0	0.0	2359.2	95.18	111.37	6.9	0
6919	ケル	スタンダード（内国株式）	3650	電気機器	9	電機・精密	-	-	1380.0	5.8	80.0	5.8	80.0	5.8	配当あり	いいえ	47.62	0.66	100.4	1634.0	1310.0	Technology			OK	通常掲載可	OK	12857.6	2.22	8.3	80.7	0.03	-55.4	28.98	276.05	1.38	0
6920	レーザーテック	プライム（内国株式）	3650	電気機器	9	電機・精密	2	TOPIX Large70	47650.0	0.69	329.0	0.69	329.0	0.69	配当あり	いいえ	49.26	18.94	42709.0	58580.0	13715.0	Technology			OK	通常掲載可	OK	251477.0	48.85	17.78	63.68	0.02	75551.0	967.3	34.01	44.08	7
6923	スタンレー電気	プライム（内国株式）	3650	電気機器	9	電機・精密	4	TOPIX Mid400	3603.0	3.11	112.0	3.11	112.0	3.11	配当あり	いいえ	14.99	0.97	4428.5	3802.0	2746.0	Consumer Cyclical			OK	通常掲載可	OK	518456.0	8.23	1.74	56.17	0.27	20738.0	240.32	46.6	7.22	3
6925	ウシオ電機	プライム（内国株式）	3650	電気機器	9	電機・精密	4	TOPIX Mid400	4700.0	1.49	70.0	1.49	70.0	1.49	配当あり	いいえ	49.5	1.89	3729.4	5164.0	1725.5	Industrials			OK	通常掲載可	OK	179211.0	6.67	0.9	59.9	0.38	8698.0	94.94	73.73	4.01	1
6926	岡谷電機産業	スタンダード（内国株式）	3650	電気機器	9	電機・精密	-	-	185.0						配当未取得			0.7	41.4	238.0	177.0	Technology	配当未取得	1株配当が取得できていない	除外推奨	掲載非推奨	OK_配当データ要確認	10228.6	-16.99	6.56	44.2	0.75	-1350.1	-72.46		-24.97	0
6927	ヘリオス　テクノ　ホールディング	スタンダード（内国株式）	3650	電気機器	9	電機・精密	-	-	947.0	6.23	59.0	6.23	59.0	6.23	配当あり	いいえ	10.5	1.0	171.9	1402.0	812.0	Technology			OK	通常掲載可	OK	14188.8	13.03	43.76	81.83	0.0	1098.5	90.15	65.45	9.81	2
6928	エノモト	スタンダード（内国株式）	3650	電気機器	9	電機・精密	-	-	2911.0	2.65	77.0	2.65	77.0	2.65	配当あり	いいえ	15.22	0.83	192.1	3980.0	1335.0	Technology			OK	通常掲載可	OK	30415.4	5.43	13.15	67.85	0.18	695.3	191.25	40.26	5.46	3
6929	日本セラミック	プライム（内国株式）	3650	電気機器	9	電機・精密	6	TOPIX Small 1	3805.0	4.34	165.0	4.34	165.0	4.34	配当あり	いいえ	11.72	1.79	787.8	4280.0	2725.0	Technology			OK	通常掲載可	OK	27325.0	22.8	9.14	84.44	0.0	2746.0	324.57	50.84	15.27	2
6932	遠藤照明	スタンダード（内国株式）	3650	電気機器	9	電機・精密	-	-	2454.0	3.91	96.0	3.91	96.0	3.91	配当あり	いいえ	8.8	0.72	362.4	3100.0	2021.0	Consumer Cyclical			OK	通常掲載可	OK	55473.0	10.35	3.23	65.31	0.31	5982.0	278.77	34.44	9.23	4
6941	山一電機	プライム（内国株式）	3650	電気機器	9	電機・精密	6	TOPIX Small 1	9420.0	1.59	150.0	1.59	150.0	1.59	配当あり	いいえ	19.12	3.74	1738.6	11420.0	2510.0	Technology			OK	通常掲載可	OK	52698.5	21.93	16.34	73.59	0.13	7465.2	492.67	30.45	21.04	1
6942	ソフィアホールディングス	スタンダード（内国株式）	5250	情報・通信業	10	情報通信・サービスその他	-	-	1348.0						配当未取得			2.08	62.4	1394.0	1110.0	Technology	配当未取得	1株配当が取得できていない	除外推奨	掲載非推奨	OK_配当データ要確認	8329.8	-0.73	-0.36	41.47	0.7	162.9	-7.41		-1.13	
6943	ＮＫＫスイッチズ	スタンダード（内国株式）	3650	電気機器	9	電機・精密	-	-	4980.0	2.01	100.0	2.01	100.0	2.01	配当あり	いいえ	14.01	0.3	41.0	5210.0	4160.0	Industrials			OK	通常掲載可	OK	8373.8	3.35	10.7	86.2	0.02	-1081.5	355.57	28.12	2.22	0
6946	日本アビオニクス	スタンダード（内国株式）	3650	電気機器	9	電機・精密	-	-	5430.0	0.28	15.0	0.28	15.0	0.28	配当あり	いいえ	21.41	4.99	803.0	9000.0	3745.0	Industrials			OK	通常掲載可	OK	29194.0	18.89	45.08	44.64	0.65	-4484.0	253.58	5.92	25.41	0
6947	図研	プライム（内国株式）	3650	電気機器	9	電機・精密	6	TOPIX Small 1	4710.0	3.18	150.0	3.18	150.0	3.18	配当あり	いいえ	18.62	2.4	992.7	5870.0	4240.0	Technology			OK	通常掲載可	OK	43101.8	13.61	5.81	61.04		5413.6	252.93	59.3	13.3	8
6951	日本電子	プライム（内国株式）	3650	電気機器	9	電機・精密	4	TOPIX Mid400	7582.0	1.74	132.0	1.74	132.0	1.74	配当あり	いいえ	17.51	2.55	3692.5	7839.0	4205.0	Technology			OK	通常掲載可	OK	179353.0	14.51	-8.82	59.87	0.19	905.0	432.93	30.49	15.7	5
6952	カシオ計算機	プライム（内国株式）	3650	電気機器	9	電機・精密	4	TOPIX Mid400	1865.5	2.41	45.0	2.41	45.0	2.41	配当あり	いいえ	23.31	1.78	4169.3	1998.0	1075.5	Technology			OK	通常掲載可	OK	276267.0	8.35	5.54	66.91	0.21	13552.0	80.03	56.23	8.02	0
6954	ファナック	プライム（内国株式）	3650	電気機器	9	電機・精密	2	TOPIX Large70	7439.0	1.44	107.09	1.44	107.09	1.44	配当あり	いいえ	41.67	3.72	69417.7	8880.0	3699.0	Industrials			OK	通常掲載可	OK	857831.0	21.42	7.62	89.2		229715.0	178.54	59.98	9.35	1
6955	ＦＤＫ	スタンダード（内国株式）	3650	電気機器	9	電機・精密	-	-	483.0						配当未取得		22.37	0.88	166.7	674.0	338.0	Industrials	配当未取得	1株配当が取得できていない	除外推奨	掲載非推奨	OK_配当データ要確認	59561.0	2.8	-5.71	40.22	0.84	-1195.0	21.59		4.24	
6958	日本シイエムケイ	プライム（内国株式）	3650	電気機器	9	電機・精密	7	TOPIX Small 2	663.0	8.45	56.0	8.45	56.0	8.45	配当あり	いいえ	11.74	0.57	472.7	813.0	326.0	Technology	高利回り要確認	配当利回りが8%以上	要確認	手動確認後に掲載	OK_高利回り要確認	100202.0	2.78	4.94	55.1	0.51	-1396.0	56.49	99.13	5.04	2
6960	フクダ電子	スタンダード（内国株式）	3650	電気機器	9	電機・精密	-	-	11470.0	1.39	160.0	1.39	160.0	1.39	配当あり	いいえ	16.78	1.64	3098.7	12490.0	6560.0	Healthcare			OK	通常掲載可	OK	139697.0	19.05	0.5	83.77	0.02	9381.0	683.61	23.41	10.14	9
6961	エンプラス	プライム（内国株式）	3650	電気機器	9	電機・精密	7	TOPIX Small 2	13300.0	0.68	90.0	0.68	90.0	0.68	配当あり	いいえ	22.88	1.92	1201.2	17990.0	3850.0	Technology			OK	通常掲載可	OK	42540.0	14.49	11.74	87.86	0.02	-99.0	581.21	15.48	8.9	1
6962	大真空	プライム（内国株式）	3650	電気機器	9	電機・精密	7	TOPIX Small 2	946.0	2.96	28.0	2.96	28.0	2.96	配当あり	いいえ	71.45	0.77	300.9	1223.0	531.0	Technology			OK	通常掲載可	OK	39551.7	2.87	2.41	39.49	0.95	-4919.8	13.24	211.48	1.33	0
6963	ローム	プライム（内国株式）	3650	電気機器	9	電機・精密	4	TOPIX Mid400	5950.0	0.84	50.0	0.84	50.0	0.84	配当あり	いいえ		3.03	22969.1	5950.0	1824.0	Technology			OK	通常掲載可	OK	481148.0	2.26	7.29	59.05	0.53	-21517.0	-410.55		-19.22	0
6964	サンコー	スタンダード（内国株式）	3650	電気機器	9	電機・精密	-	-	672.0	2.98	20.0	2.98	20.0	2.98	配当あり	いいえ	9.85	0.37	59.6	759.0	555.0	Technology			OK	通常掲載可	OK	18289.4	4.17	8.62	71.22	0.01	397.8	68.21	29.32	3.79	0
6965	浜松ホトニクス	プライム（内国株式）	3650	電気機器	9	電機・精密	4	TOPIX Mid400	2669.0	1.42	38.0	1.42	38.0	1.42	配当あり	いいえ	58.48	2.42	7732.9	3100.0	1475.0	Technology			OK	通常掲載可	OK	212051.0	7.62	3.97	70.66	0.22	562.0	45.64	83.26	4.27	0
6966	三井ハイテック	プライム（内国株式）	3650	電気機器	9	電機・精密	6	TOPIX Small 1	1095.0	1.74	19.0	1.74	19.0	1.74	配当あり	いいえ	63.29	1.7	2001.1	1358.0	560.0	Technology			OK	通常掲載可	OK	218329.0	5.79	1.6	46.99	0.79	-4655.0	17.3	109.83	6.08	2
6969	松尾電機	スタンダード（内国株式）	3650	電気機器	9	電機・精密	-	-	1335.0	1.12	15.0	1.12	15.0	1.12	配当あり	いいえ	11.49	1.51	51.2	2369.0	715.0	Technology			OK	通常掲載可	OK	5141.9	11.31	13.13	45.35	0.76	556.8	116.15	12.91	-15.67	0
6971	京セラ	プライム（内国株式）	3650	電気機器	9	電機・精密	2	TOPIX Large70	3916.0	1.43	56.0	1.43	56.0	1.43	配当あり	いいえ	38.17	1.54	51589.6	3959.0	1584.5	Industrials			OK	通常掲載可	OK	2070203.0	4.59	2.77	71.87	0.1	53189.0	102.6	54.58	4.38	0
6976	太陽誘電	プライム（内国株式）	3650	電気機器	9	電機・精密	4	TOPIX Mid400	20560.0	0.44	90.0	0.44	90.0	0.44	配当あり	いいえ	192.31	7.47	25730.2	24065.0	2486.5	Technology			OK	通常掲載可	OK	355341.0	5.63	4.07	55.95	0.5	58117.0	106.91	84.18	4.46	0
6977	日本抵抗器製作所	スタンダード（内国株式）	3650	電気機器	9	電機・精密	-	-	1616.0	1.86	30.0	1.86	30.0	1.86	配当あり	いいえ		1.71	20.0	2268.0	811.0	Technology			OK	通常掲載可	OK	5905.9	-1.86	-8.5	16.24	3.51	105.7	-304.29		-15.85	0
6981	村田製作所	プライム（内国株式）	3650	電気機器	9	電機・精密	2	TOPIX Large70	11080.0	0.63	70.0	0.63	70.0	0.63	配当あり	いいえ	86.96	7.42	201688.2	12895.0	2081.0	Technology			OK	通常掲載可	OK	1830856.0	15.39	5.02	84.98	0.02	173002.0	127.42	54.94	8.83	5
6982	リード	スタンダード（内国株式）	3700	輸送用機器	6	自動車・輸送機	-	-	589.0	2.04	12.0	2.04	12.0	2.04	配当あり	いいえ		0.6	15.3	679.0	535.0	Consumer Cyclical			OK	通常掲載可	OK	5141.7	-2.17	22.83	29.24	1.66	247.3	-26.8		-2.68	0
6986	双葉電子工業	プライム（内国株式）	3650	電気機器	9	電機・精密	7	TOPIX Small 2	582.0	6.19	36.0	6.19	36.0	6.19	配当あり	いいえ	9.78	0.29	246.9	828.0	527.0	Technology			OK	通常掲載可	OK	42982.0	-5.31	-10.67	76.95	0.01	808.0	59.48	60.52	2.78	1
6988	日東電工	プライム（内国株式）	3200	化学	4	素材・化学	4	TOPIX Mid400	3222.0	1.99	64.0	1.99	64.0	1.99	配当あり	いいえ	16.34	1.89	21517.2	4068.0	2650.0	Basic Materials			OK	通常掲載可	OK	1028171.0	17.86	1.41	79.63	0.0	111905.0	197.19	32.46	12.17	12
6989	北陸電気工業	スタンダード（内国株式）	3650	電気機器	9	電機・精密	-	-	2749.0	3.46	95.0	3.46	95.0	3.46	配当あり	いいえ	10.86	0.84	215.7	3070.0	1976.0	Technology			OK	通常掲載可	OK	43128.0	5.36	-0.13	55.91	0.36	1397.0	253.18	37.52	8.19	4
6993	大黒屋ホールディングス	スタンダード（内国株式）	6100	小売業	14	小売	-	-	84.0						配当未取得			11.51	621.5	193.0	30.0	Financial Services	配当未取得	1株配当が取得できていない	除外推奨	掲載非推奨	OK_配当データ要確認	11472.5	-5.69	12.12	53.16	0.65	-3178.4	-5.59		-63.32	
6994	指月電機製作所	スタンダード（内国株式）	3650	電気機器	9	電機・精密	-	-	1282.0	2.18	28.0	2.18	28.0	2.18	配当あり	いいえ	16.26	1.28	323.8	1537.0	403.0	Industrials			OK	通常掲載可	OK	27995.7	9.04	2.37	60.97	0.35	3221.4	78.84	35.51	8.11	2
6995	東海理化電機製作所	プライム（内国株式）	3700	輸送用機器	6	自動車・輸送機	6	TOPIX Small 1	3075.0	3.9	120.0	3.9	120.0	3.9	配当あり	いいえ	8.88	0.75	2618.3	3375.0	2250.0	Consumer Cyclical			OK	通常掲載可	OK	644701.0	5.53	4.38	63.42	0.03	8522.0	346.25	34.66	9.03	3
6996	ニチコン	プライム（内国株式）	3650	電気機器	9	電機・精密	6	TOPIX Small 1	4435.0	0.9	40.0	0.9	40.0	0.9	配当あり	いいえ	47.17	2.49	2978.5	4965.0	1181.0	Technology			OK	通常掲載可	OK	169724.0	3.8	-3.43	61.16	0.21	1064.0	94.02	42.54	5.76	5
6997	日本ケミコン	プライム（内国株式）	3650	電気機器	9	電機・精密	7	TOPIX Small 2	5570.0	0.45	25.0	0.45	25.0	0.45	配当あり	いいえ	80.64	2.15	1525.0	6190.0	1117.0	Technology			OK	通常掲載可	OK	136821.0	2.46	11.52	37.64	1.2	2580.0	69.07	36.2	4.06	0
6998	日本タングステン	スタンダード（内国株式）	3650	電気機器	9	電機・精密	-	-	2089.0	2.87	60.0	2.87	60.0	2.87	配当あり	いいえ	37.59	0.76	101.5	2578.0	1225.0	Industrials			OK	通常掲載可	OK	12776.0	5.59	3.1	70.48	0.18	130.0	55.57	107.97	2.08	0
6999	ＫＯＡ	プライム（内国株式）	3650	電気機器	9	電機・精密	6	TOPIX Small 1	2926.0	1.33	39.0	1.33	39.0	1.33	配当あり	いいえ	27.47	1.23	1086.6	3275.0	814.0	Technology			OK	通常掲載可	OK	72287.0	5.78	12.74	58.45	0.51	1431.0	106.51	36.62	4.74	0
7003	三井Ｅ＆Ｓ	プライム（内国株式）	3600	機械	8	機械	4	TOPIX Mid400	4411.0	1.36	60.0	1.36	60.0	1.36	配当あり	いいえ	11.57	1.94	4450.8	8438.0	2560.0	Industrials			OK	通常掲載可	OK	353196.0	10.66	12.09	46.33	0.43	19323.0	381.11	15.74	19.06	2
7004	カナデビア	プライム（内国株式）	3600	機械	8	機械	6	TOPIX Small 1	1323.0	2.87	38.0	2.87	38.0	2.87	配当あり	いいえ	20.0	1.13	2225.7	1515.0	909.0	Industrials			OK	通常掲載可	OK	645222.0	1.89	5.68	27.39	0.94	-13626.0	66.15	57.45	5.66	3
7011	三菱重工業	プライム（内国株式）	3600	機械	8	機械	1	TOPIX Core30	3792.0	0.79	30.0	0.79	30.0	0.79	配当あり	いいえ	36.23	4.13	127419.1	5208.0	3171.0	Industrials			OK	通常掲載可	OK	5027176.0	7.68	7.95	35.24	0.48	289767.0	104.66	28.66	12.58	3
7012	川崎重工業	プライム（内国株式）	3700	輸送用機器	6	自動車・輸送機	4	TOPIX Mid400	2820.0	1.42	40.0	1.42	40.0	1.42	配当あり	いいえ	21.79	2.68	23570.9	3766.0	1729.0	Industrials			OK	通常掲載可	OK	2311267.0	5.23	8.54	26.41	0.57	35299.0	129.44	30.9	13.73	4
7013	ＩＨＩ	プライム（内国株式）	3600	機械	8	機械	4	TOPIX Mid400	2869.5	0.8	23.0	0.8	23.0	0.8	配当あり	いいえ	18.9	4.66	30421.3	4698.0	2071.43	Industrials			OK	通常掲載可	OK	1643402.0	10.07	1.02	26.86	0.75	29590.0	151.8	15.15	27.76	1
7014	名村造船所	スタンダード（内国株式）	3700	輸送用機器	6	自動車・輸送機	6	TOPIX Small 1	3640.0	1.65	60.0	1.65	60.0	1.65	配当あり	いいえ	11.81	1.85	2528.5	6050.0	2867.0	Industrials			OK	通常掲載可	OK	159035.0	17.66	-0.12	51.46	0.16	31923.0	308.31	19.46	17.9	2
7018	内海造船	スタンダード（内国株式）	3700	輸送用機器	6	自動車・輸送機	-	-	9980.0	0.4	40.0	0.4	40.0	0.4	配当あり	いいえ	7.36	1.25	169.1	20540.0	5340.0	Industrials			OK	通常掲載可	OK	47016.0	6.54	5.3	28.65	0.19	12455.0	1356.28	2.95	18.87	0
7021	ニッチツ	スタンダード（内国株式）	3600	機械	8	機械	-	-	1808.0	1.66	30.0	1.66	30.0	1.66	配当あり	いいえ	18.25	0.29	35.5	3255.0	1746.0	Industrials			OK	通常掲載可	OK	9381.4	2.35	-4.77	71.23	0.1	691.8	99.08	30.28	1.65	1
7022	サノヤスホールディングス	スタンダード（内国株式）	3600	機械	8	機械	-	-	259.0	2.9	7.5	2.9	7.5	2.9	配当あり	いいえ	6.06	0.7	86.7	570.0	233.0	Industrials			OK	通常掲載可	OK	26828.0	6.24	7.29	36.63	0.85	2064.0	42.74	17.55	12.6	1
7030	スプリックス	スタンダード（内国株式）	9050	サービス業	10	情報通信・サービスその他	-	-	1008.0	3.77	38.0	3.77	38.0	3.77	配当あり	いいえ	10.59	1.63	177.9	1460.0	943.0	Consumer Defensive			OK	通常掲載可	OK	35127.0	6.18	10.25	44.39	0.11	2631.0	95.16	39.93	16.11	0
7031	インバウンドテック	グロース（内国株式）	9050	サービス業	10	情報通信・サービスその他	-	-	670.0						配当未取得			1.15	18.5	932.0	552.0	Industrials	配当未取得	1株配当が取得できていない	除外推奨	掲載非推奨	OK_配当データ要確認	2544.5	0.84	-23.31	58.23	0.39	-76.5	-98.09		-12.75	
7033	マネジメントソリューションズ	プライム（内国株式）	9050	サービス業	10	情報通信・サービスその他	7	TOPIX Small 2	1361.0	3.67	50.0	3.67	50.0	3.67	配当あり	いいえ	12.17	3.55	214.5	1789.0	1209.0	Industrials			OK	通常掲載可	OK	23066.8	11.89	36.24	67.69	0.05	2076.1	111.87	44.69	29.17	3
