コード	銘柄名	市場・商品区分	33業種コード	33業種区分	17業種コード	17業種区分	規模コード	規模区分	株価	配当利回り(%)	1株配当(円)	配当利回り_raw	1株配当_raw	配当利回り_自前計算	配当状態	配当フォールバック使用	PER	PBR	時価総額(億円)	52週高値	52週安値	セクター	注意フラグ	要確認理由	配当ランキング利用可否	記事掲載区分	yfinance状態	売上高_直近期(百万円)	営業利益率(%)	売上成長率_YoY(%)	自己資本比率(%)	DEレシオ	FCF(百万円)	EPS(円)	配当性向(%)	ROE(%)	連続増配(年)
3900	クラウドワークス	グロース（内国株式）	5250	情報・通信業	10	情報通信・サービスその他	-	-	590.0						配当未取得			1.4	93.4	1147.0	546.0	Industrials	配当未取得	1株配当が取得できていない	除外推奨	掲載非推奨	OK_配当データ要確認	22657.4	7.76	32.39	42.03	0.59	1738.3	-29.8		-5.91	
3901	マークラインズ	プライム（内国株式）	5250	情報・通信業	10	情報通信・サービスその他	7	TOPIX Small 2	1310.0	3.97	52.0	3.97	52.0	3.97	配当あり	いいえ	11.27	2.66	167.0	2227.0	1212.0	Communication Services			OK	通常掲載可	OK	5570.4	37.62	0.15	74.19		1729.2	116.2	44.75	23.47	11
3903	ｇｕｍｉ	プライム（内国株式）	5250	情報・通信業	10	情報通信・サービスその他	7	TOPIX Small 2	241.0						配当未取得		8.61	0.61	122.9	693.0	222.0	Communication Services	配当未取得	1株配当が取得できていない	除外推奨	掲載非推奨	OK_配当データ要確認	8942.7	4.15	-25.89	71.04	0.24	-2541.4	28.0		6.29	0
3904	カヤック	グロース（内国株式）	5250	情報・通信業	10	情報通信・サービスその他	-	-	406.0	0.96	3.9	0.96	3.9	0.96	配当あり	いいえ	9.52	1.06	62.6	606.0	374.0	Communication Services			OK	通常掲載可	OK	20094.7	5.33	20.13	42.77	0.56	352.6	42.63	9.15	7.91	0
3905	データセクション	グロース（内国株式）	5250	情報・通信業	10	情報通信・サービスその他	-	-	3160.0						配当未取得		34.96	4.84	1008.9	6140.0	1270.0	Technology	配当未取得	1株配当が取得できていない	除外推奨	掲載非推奨	OK_配当データ要確認	33605.0	10.55	1042.0	67.77	0.03	-10020.2	90.38		25.74	
3907	シリコンスタジオ	スタンダード（内国株式）	5250	情報・通信業	10	情報通信・サービスその他	-	-	899.0	1.11	10.0	1.11	10.0	1.11	配当あり	いいえ	11.98	1.42	24.7	2190.0	568.0	Communication Services			OK	通常掲載可	OK	4303.0	3.49	15.02	66.2	0.18	276.0	75.07	13.32	4.98	0
3908	コラボス	スタンダード（内国株式）	5250	情報・通信業	10	情報通信・サービスその他	-	-	324.0	1.85	6.0	1.85	6.0	1.85	配当あり	いいえ	14.92	1.1	15.1	670.0	274.0	Technology			OK	通常掲載可	OK	1699.0	4.37	-10.9	81.87	0.12	121.0	21.71	27.64	7.6	
3909	ショーケース	スタンダード（内国株式）	5250	情報・通信業	10	情報通信・サービスその他	-	-	194.0						配当未取得		6.25	0.99	16.6	450.0	181.0	Technology	配当未取得	1株配当が取得できていない	除外推奨	掲載非推奨	OK_配当データ要確認	6211.4	-2.67	9.29	22.83	2.33	-902.3	31.02		15.84	2
3910	エムケイシステム	スタンダード（内国株式）	5250	情報・通信業	10	情報通信・サービスその他	-	-	280.0	2.86	8.0	2.86	8.0	2.86	配当あり	いいえ	5.92	1.68	15.2	346.0	260.0	Technology			OK	通常掲載可	OK	3256.1	7.62	-1.04	39.63	0.93	541.5	47.29	16.92	32.34	0
3911	Ａｉｍｉｎｇ	グロース（内国株式）	5250	情報・通信業	10	情報通信・サービスその他	-	-	201.0						配当未取得		8.63	1.33	93.8	313.0	156.0	Communication Services	配当未取得	1株配当が取得できていない	除外推奨	掲載非推奨	OK_配当データ要確認	15826.2	13.14	-7.38	74.7	0.01	4513.5	23.28		14.8	0
3912	モバイルファクトリー	スタンダード（内国株式）	5250	情報・通信業	10	情報通信・サービスその他	-	-	1080.0	4.72	51.0	4.72	51.0	4.72	配当あり	いいえ	15.97	3.23	70.1	1298.0	912.0	Communication Services			OK	通常掲載可	OK	3427.3	32.72	3.31	77.49		864.5	67.61	75.43	19.07	2
3913	ＧｒｅｅｎＢｅｅ	スタンダード（内国株式）	5250	情報・通信業	10	情報通信・サービスその他	-	-	928.0						配当未取得		10.6	1.77	18.7	1548.0	850.0	Technology	配当未取得	1株配当が取得できていない	除外推奨	掲載非推奨	OK_配当データ要確認	961.9	17.16	19.27	82.92	0.07	256.9	87.51		17.6	
3914	ＪＩＧ－ＳＡＷ	グロース（内国株式）	5250	情報・通信業	10	情報通信・サービスその他	-	-	2424.0						配当未取得		38.31	4.51	159.4	4290.0	2208.0	Technology	配当未取得	1株配当が取得できていない	除外推奨	掲載非推奨	OK_配当データ要確認	3625.5	15.16	4.39	63.63	0.21	241.3	63.27		14.33	
3915	テラスカイ	プライム（内国株式）	5250	情報・通信業	10	情報通信・サービスその他	7	TOPIX Small 2	2279.0	0.75	17.0	0.75	17.0	0.75	配当あり	いいえ	18.73	2.34	294.2	3715.0	1494.0	Technology			OK	通常掲載可	OK	28056.8	5.56	13.54	56.58	0.02	879.2	121.7	13.97	12.5	
3916	デジタル・インフォメーション・テクノロジー	プライム（内国株式）	5250	情報・通信業	10	情報通信・サービスその他	7	TOPIX Small 2	870.0	4.37	38.0	4.37	38.0	4.37	配当あり	いいえ	11.78	2.98	256.3	1415.0	791.0	Technology			OK	通常掲載可	OK	24159.0	12.48	21.47	71.62	0.0	2369.2	73.86	51.45	26.54	2
3917	アイリッジ	グロース（内国株式）	5250	情報・通信業	10	情報通信・サービスその他	-	-	418.0						配当未取得		5.13	1.08	32.7	727.0	393.0	Technology	配当未取得	1株配当が取得できていない	除外推奨	掲載非推奨	OK_配当データ要確認	7084.1	1.6	5.6	53.6	0.47	221.4	81.43		-4.87	
3918	ＰＣＩホールディングス	スタンダード（内国株式）	5250	情報・通信業	10	情報通信・サービスその他	-	-	1218.0	6.24	76.0	6.24	76.0	6.24	配当あり	いいえ	10.68	1.24	120.8	1638.0	1007.0	Technology			OK	通常掲載可	OK	26835.9	5.81	6.98	60.91	0.03	1075.9	114.0	66.67	11.55	0
3920	アイビーシー	スタンダード（内国株式）	5250	情報・通信業	10	情報通信・サービスその他	-	-	983.0	2.24	22.0	2.24	22.0	2.24	配当あり	いいえ	14.14	2.46	54.6	1151.0	769.0	Technology			OK	通常掲載可	OK	2404.5	23.5	14.99	60.79	0.35	600.7	69.5	31.65	8.84	3
3921	ネオジャパン	プライム（内国株式）	5250	情報・通信業	10	情報通信・サービスその他	7	TOPIX Small 2	1600.0	3.38	54.0	3.38	54.0	3.38	配当あり	いいえ	12.39	2.96	224.3	2119.0	1437.0	Technology			OK	通常掲載可	OK	8230.2	30.35	13.31	69.9	0.0	1860.9	129.12	41.82	12.35	4
3922	ＰＲ　ＴＩＭＥＳ	プライム（内国株式）	5250	情報・通信業	10	情報通信・サービスその他	7	TOPIX Small 2	2417.0	0.7	16.8	0.7	16.8	0.7	配当あり	いいえ	13.83	3.52	326.9	3340.0	1971.0	Communication Services			OK	通常掲載可	OK	9546.3	37.95	19.28	80.06	0.0	3382.2	174.75	9.61	29.64	
3923	ラクス	プライム（内国株式）	5250	情報・通信業	10	情報通信・サービスその他	4	TOPIX Mid400	1025.0	0.78	8.0	0.78	8.0	0.78	配当あり	いいえ	27.78	13.94	3629.6	1395.0	721.9	Technology			OK	通常掲載可	OK	60286.0	28.77	23.27	71.17	0.0	12342.0	36.9	21.68	55.38	9
3925	ダブルスタンダード	プライム（内国株式）	5250	情報・通信業	10	情報通信・サービスその他	7	TOPIX Small 2	1213.0	5.77	70.0	5.77	70.0	5.77	配当あり	いいえ	14.79	2.45	163.9	1955.0	1140.0	Technology			OK	通常掲載可	OK	8000.6	32.58	11.94	84.81		1752.2	82.0	85.37	16.96	4
3926	オープンドア	スタンダード（内国株式）	5250	情報・通信業	10	情報通信・サービスその他	7	TOPIX Small 2	321.0						配当未取得			2.86	99.6	525.0	225.0	Communication Services	配当未取得	1株配当が取得できていない	除外推奨	掲載非推奨	OK_配当データ要確認	2453.7	-1.84	2.02	85.55		-60.9	-36.47		-28.93	
3927	フーバーブレイン	スタンダード（内国株式）	5250	情報・通信業	10	情報通信・サービスその他	-	-	932.0	1.72	16.0	1.72	16.0	1.72	配当あり	いいえ	16.45	2.31	49.8	1280.0	696.0	Technology			OK	通常掲載可	OK	5641.4	3.61	29.0	27.35	0.43	214.8	56.67	28.23	16.72	
3928	マイネット	スタンダード（内国株式）	5250	情報・通信業	10	情報通信・サービスその他	-	-	229.0						配当未取得		8.55	1.42	19.6	347.0	211.0	Communication Services	配当未取得	1株配当が取得できていない	除外推奨	掲載非推奨	OK_配当データ要確認	7478.3	5.01	-15.46	32.44	1.41	476.4	26.79		0.53	0
3929	ソーシャルワイヤー	グロース（内国株式）	5250	情報・通信業	10	情報通信・サービスその他	-	-	279.0						配当未取得		14.73	1.84	32.7	375.0	245.0	Communication Services	配当未取得	1株配当が取得できていない	除外推奨	掲載非推奨	OK_配当データ要確認	3513.2	6.47	20.92	51.16	0.47	-75.6	18.94		12.96	0
3930	はてな	グロース（内国株式）	5250	情報・通信業	10	情報通信・サービスその他	-	-	1150.0						配当未取得		24.75	1.63	34.5	1485.0	823.0	Communication Services	配当未取得	1株配当が取得できていない	除外推奨	掲載非推奨	OK_配当データ要確認	3309.4	2.06	5.05	87.98		-2.0	46.46		-28.25	
3931	バリューゴルフ	グロース（内国株式）	5250	情報・通信業	10	情報通信・サービスその他	-	-	1975.0	1.27	25.0	1.27	25.0	1.27	配当あり	いいえ		3.43	35.7	2247.0	1401.0	Communication Services			OK	通常掲載可	OK	4426.7	1.2	7.25	33.7	1.31	-497.2	-4.35		0.28	0
3932	アカツキ	プライム（内国株式）	5250	情報・通信業	10	情報通信・サービスその他	7	TOPIX Small 2	3085.0	3.89	120.0	3.89	120.0	3.89	配当あり	いいえ	7.87	0.98	371.2	3390.0	2480.0	Communication Services			OK	通常掲載可	OK	25856.0	28.79	9.32	72.78	0.26	2101.0	392.1	30.6	13.01	1
3933	チエル	スタンダード（内国株式）	5250	情報・通信業	10	情報通信・サービスその他	-	-	483.0	4.76	23.0	4.76	23.0	4.76	配当あり	いいえ	5.49	1.07	36.1	792.0	423.0	Technology			OK	通常掲載可	OK	6896.8	9.83	49.23	29.19	0.86	-411.2	88.0	26.14	19.48	4
3934	ベネフィットジャパン	スタンダード（内国株式）	5250	情報・通信業	10	情報通信・サービスその他	-	-	2300.0	4.22	97.0	4.22	97.0	4.22	配当あり	いいえ	13.57	1.55	135.7	2531.0	1650.0	Communication Services			OK	通常掲載可	OK	18394.0	8.06	44.32	60.97	0.24	-481.3	169.51	57.22	11.93	2
3935	エディア	スタンダード（内国株式）	5250	情報・通信業	10	情報通信・サービスその他	-	-	721.0	2.36	17.0	2.36	17.0	2.36	配当あり	いいえ	9.83	3.52	42.7	1335.0	612.0	Communication Services			OK	通常掲載可	OK	4659.7	9.54	29.18	57.99	0.29	250.7	73.33	23.18	-69.08	1
3936	グローバルウェイ	グロース（内国株式）	5250	情報・通信業	10	情報通信・サービスその他	-	-	157.0						配当未取得		29.73	6.18	57.4	279.0	117.0	Technology	配当未取得	1株配当が取得できていない	除外推奨	掲載非推奨	OK_配当データ要確認	4014.4	7.65	30.69	42.91	0.13	289.1	5.28		-60.67	
3937	Ｕｂｉｃｏｍホールディングス	スタンダード（内国株式）	5250	情報・通信業	10	情報通信・サービスその他	7	TOPIX Small 2	1000.0	2.5	25.0	2.5	25.0	2.5	配当あり	いいえ	13.59	2.01	121.2	1182.0	911.0	Technology			OK	通常掲載可	OK	5992.6	21.76	-5.49	75.55	0.05	879.3	73.6	33.97	15.35	5
3939	カナミックネットワーク	プライム（内国株式）	5250	情報・通信業	10	情報通信・サービスその他	7	TOPIX Small 2	485.0	1.86	9.0	1.86	9.0	1.86	配当あり	いいえ	18.21	47.0	230.2	583.0	422.0	Healthcare			OK	通常掲載可	OK	5500.8	29.21	9.85	71.07	0.14	914.2	26.63	33.8	27.0	7
3940	ノムラシステムコーポレーション	スタンダード（内国株式）	5250	情報・通信業	10	情報通信・サービスその他	-	-	113.0	3.14	3.55	3.14	3.55	3.14	配当あり	いいえ	12.8	1.56	51.0	155.0	108.0	Technology			OK	通常掲載可	OK	3320.9	17.66	1.4	88.65		360.1	8.83	40.2	10.4	1
3941	レンゴー	プライム（内国株式）	3150	パルプ・紙	4	素材・化学	4	TOPIX Mid400	1411.0	3.54	50.0	3.54	50.0	3.54	配当あり	いいえ	16.67	0.72	3481.3	1565.0	804.5	Consumer Cyclical			OK	通常掲載可	OK	1008337.0	3.68	1.52	37.26	0.99	-12688.0	84.66	59.06	4.55	2
3943	大石産業	スタンダード（内国株式）	3150	パルプ・紙	4	素材・化学	-	-	1241.0	4.19	52.0	4.19	52.0	4.19	配当あり	いいえ	13.42	0.5	97.3	1499.0	1192.0	Consumer Cyclical			OK	通常掲載可	OK	23487.0	3.05	0.01	69.66	0.03	-293.0	92.45	56.25	3.76	1
3944	古林紙工	スタンダード（内国株式）	3150	パルプ・紙	4	素材・化学	-	-	2450.0	2.04	50.0	2.04	50.0	2.04	配当あり	いいえ	8.6	0.31	27.2	2930.0	2010.0	Consumer Cyclical			OK	通常掲載可	OK	17865.1	2.42	-1.31	49.08	0.31	671.2	284.94	17.55	5.84	0
3945	スーパーバッグ	スタンダード（内国株式）	3150	パルプ・紙	4	素材・化学	-	-	2186.0	5.03	110.0	5.03	110.0	5.03	配当あり	いいえ	4.05	0.59	32.5	2999.0	2081.0	Basic Materials			OK	通常掲載可	OK	28162.0	2.7	2.11	40.3	0.47	-91.0	539.29	20.4	15.55	1
3946	トーモク	プライム（内国株式）	3150	パルプ・紙	4	素材・化学	7	TOPIX Small 2	4005.0	4.24	170.0	4.24	170.0	4.24	配当あり	いいえ	8.97	0.65	660.7	4075.0	2942.0	Consumer Cyclical			OK	通常掲載可	OK	224090.0	5.08	2.04	45.63	0.69	5318.0	446.56	38.07	7.61	5
3947	ダイナパック	スタンダード（内国株式）	3150	パルプ・紙	4	素材・化学	-	-	2249.0	3.56	80.0	3.56	80.0	3.56	配当あり	いいえ	7.03	0.46	219.7	2774.0	1960.0	Consumer Cyclical			OK	通常掲載可	OK	67083.4	4.3	7.28	55.22	0.15	3172.6	320.03	25.0	6.27	3
3948	光ビジネスフォーム	スタンダード（内国株式）	3150	パルプ・紙	4	素材・化学	-	-	1115.0	4.48	50.0	4.48	50.0	4.48	配当あり	いいえ	40.17	1.04	59.9	1400.0	940.0	Industrials			OK	通常掲載可	OK	7743.8	2.61	-2.17	81.1	0.03	56.1	27.76	180.12	1.61	2
3950	ザ・パック	プライム（内国株式）	3150	パルプ・紙	4	素材・化学	7	TOPIX Small 2	1358.0	3.09	42.0	3.09	42.0	3.09	配当あり	いいえ	12.67	0.98	753.6	1399.0	1100.0	Consumer Cyclical			OK	通常掲載可	OK	103125.0	6.99	1.64	73.88	0.01	2911.0	107.15	39.2	7.82	4
3951	朝日印刷	スタンダード（内国株式）	3150	パルプ・紙	4	素材・化学	-	-	873.0	4.35	38.0	4.35	38.0	4.35	配当あり	いいえ	11.52	0.51	180.5	941.0	832.0	Consumer Cyclical			OK	通常掲載可	OK	44642.0	3.64	1.59	51.51	0.57	338.0	75.78	50.15	4.56	0
3953	大村紙業	スタンダード（内国株式）	3150	パルプ・紙	4	素材・化学	-	-	760.0	3.95	30.0	3.95	30.0	3.95	配当あり	いいえ	7.4	0.53	27.1	881.0	735.0	Consumer Cyclical			OK	通常掲載可	OK	5953.6	5.93	0.24	77.74	0.05	-209.5	102.75	29.2	7.31	2
3954	昭和パックス	スタンダード（内国株式）	3150	パルプ・紙	4	素材・化学	-	-	2842.0	1.76	50.0	1.76	50.0	1.76	配当あり	いいえ	9.73	0.47	124.8	3470.0	1965.0	Consumer Cyclical			OK	通常掲載可	OK	23563.9	6.93	1.06	72.35	0.05	1091.9	292.16	17.11	5.28	0
3955	イムラ	スタンダード（内国株式）	3150	パルプ・紙	4	素材・化学	-	-	799.0	3.75	30.0	3.75	30.0	3.75	配当あり	いいえ	8.4	0.45	79.9	1159.0	759.0	Basic Materials			OK	通常掲載可	OK	21831.0	5.23	4.43	63.47	0.27	-2454.0	95.08	31.55	3.51	0
3958	笹徳印刷	スタンダード（内国株式）	3150	パルプ・紙	4	素材・化学	-	-	550.0	3.27	18.0	3.27	18.0	3.27	配当あり	いいえ	12.79	0.31	30.0	594.0	521.0	Industrials			OK	通常掲載可	OK	12953.2	2.92	-0.67	61.4	0.1	-46.8	43.01	41.85	2.64	0
3962	チェンジホールディングス	プライム（内国株式）	5250	情報・通信業	10	情報通信・サービスその他	6	TOPIX Small 1	914.0	2.84	26.0	2.84	26.0	2.84	配当あり	いいえ	9.17	1.36	636.0	1333.0	888.0	Technology			OK	通常掲載可	OK	52827.0	20.99	13.88	44.27	0.62	6349.0	99.72	26.07	29.53	3
3963	シンクロ・フード	プライム（内国株式）	5250	情報・通信業	10	情報通信・サービスその他	-	-	322.0	4.66	15.0	4.66	15.0	4.66	配当あり	いいえ	33.54	1.89	90.3	748.0	275.0	Industrials			OK	通常掲載可	OK	5541.8	12.06	40.25	41.43	0.78	925.4	9.6	156.25	5.64	1
3964	オークネット	プライム（内国株式）	5250	情報・通信業	10	情報通信・サービスその他	7	TOPIX Small 2	1355.0	3.1	42.0	3.1	42.0	3.1	配当あり	いいえ	20.88	4.58	1229.3	1616.0	790.0	Consumer Cyclical			OK	通常掲載可	OK	64139.9	14.84	14.72	51.88		11046.5	64.9	64.71	24.58	5
3965	キャピタル・アセット・プランニング	スタンダード（内国株式）	5250	情報・通信業	10	情報通信・サービスその他	-	-	859.0	2.44	21.0	2.44	21.0	2.44	配当あり	いいえ	9.15	1.26	49.5	912.0	727.0	Technology			OK	通常掲載可	OK	9689.4	5.48	18.47	57.1	0.37	328.5	93.89	22.37	12.81	3
3967	エルテス	グロース（内国株式）	5250	情報・通信業	10	情報通信・サービスその他	-	-	570.0						配当未取得			1.91	35.2	759.0	540.0	Technology	配当未取得	1株配当が取得できていない	除外推奨	掲載非推奨	OK_配当データ要確認	8958.8	4.82	22.44	25.85	2.01	-243.6	-27.47		-34.7	
3968	セグエグループ	プライム（内国株式）	5250	情報・通信業	10	情報通信・サービスその他	-	-	584.0	3.08	18.0	3.08	18.0	3.08	配当あり	いいえ	15.7	2.95	212.3	809.0	483.0	Technology			OK	通常掲載可	OK	25074.5	7.4	33.96	22.47	0.95	-3069.4	37.2	48.39	36.11	5
3969	エイトレッド	スタンダード（内国株式）	5250	情報・通信業	10	情報通信・サービスその他	-	-	1390.0	2.59	36.0	2.59	36.0	2.59	配当あり	いいえ	14.54	1.86	104.1	1609.0	1305.0	Technology			OK	通常掲載可	OK	2902.8	36.17	4.93	81.21		788.0	95.63	37.65	13.33	7
3970	イノベーション	グロース（内国株式）	5250	情報・通信業	10	情報通信・サービスその他	-	-	769.0	5.2	40.0	5.2	40.0	5.2	配当あり	いいえ		0.71	20.7	1148.0	736.0	Technology			OK	通常掲載可	OK	6968.3	-3.57	30.4	36.96	0.83	-70.0	-171.79		-6.4	0
3974	ＳＣＡＴ	スタンダード（内国株式）	5250	情報・通信業	10	情報通信・サービスその他	-	-	592.0	2.36	14.0	2.36	14.0	2.36	配当あり	いいえ	13.44	0.89	18.5	680.0	423.0	Technology			OK	通常掲載可	OK	2605.3	7.41	0.4	67.15	0.06	83.4	44.04	31.79	6.51	5
3976	シャノン	グロース（内国株式）	5250	情報・通信業	10	情報通信・サービスその他	-	-	565.0						配当未取得			2.93	33.5	615.0	339.0	Technology	配当未取得	1株配当が取得できていない	除外推奨	掲載非推奨	OK_配当データ要確認	3206.7	-1.61	9.28	-2.42		81.1	-36.95			
3979	うるる	グロース（内国株式）	5250	情報・通信業	10	情報通信・サービスその他	-	-	395.0	1.09	4.3	1.09	4.3	1.09	配当あり	いいえ	14.82	2.96	109.2	470.0	326.0	Technology			OK	通常掲載可	OK	7751.9	12.03	15.68	45.92	0.16	1120.8	26.66	16.13	21.93	0
3981	ビーグリー	スタンダード（内国株式）	5250	情報・通信業	10	情報通信・サービスその他	-	-	1214.0	3.71	45.0	3.71	45.0	3.71	配当あり	いいえ	9.94	0.86	67.8	1370.0	1172.0	Communication Services			OK	通常掲載可	OK	16720.2	8.18	-9.36	48.7	0.47	1267.2	122.13	36.85	8.1	4
3983	オロ	プライム（内国株式）	5250	情報・通信業	10	情報通信・サービスその他	7	TOPIX Small 2	2106.0	2.37	50.0	2.37	50.0	2.37	配当あり	いいえ	17.51	3.24	323.7	3365.0	1785.0	Technology			OK	通常掲載可	OK	8308.0	31.89	5.17	75.34	0.06	1900.3	120.25	41.58	20.64	5
3984	ユーザーローカル	プライム（内国株式）	5250	情報・通信業	10	情報通信・サービスその他	7	TOPIX Small 2	1793.0	1.56	28.0	1.56	28.0	1.56	配当あり	いいえ	17.39	3.0	281.9	2199.0	1350.0	Technology			OK	通常掲載可	OK	4582.0	43.03	17.26	87.24		1546.6	103.1	27.16	19.77	4
3985	テモナ	スタンダード（内国株式）	5250	情報・通信業	10	情報通信・サービスその他	-	-	180.0						配当未取得			1.3	19.3	431.0	168.0	Communication Services	配当未取得	1株配当が取得できていない	除外推奨	掲載非推奨	OK_配当データ要確認	1832.6	8.51	0.36	43.29	0.93	178.5	-1.76		11.77	
3986	ビーブレイクシステムズ	スタンダード（内国株式）	5250	情報・通信業	10	情報通信・サービスその他	-	-	463.0	2.16	10.0	2.16	10.0	2.16	配当あり	いいえ	23.53	2.8	21.1	578.0	425.33	Technology			OK	通常掲載可	OK	1391.5	10.93	0.89	73.85		176.7	19.68	50.81	5.44	2
3987	エコモット	グロース（内国株式）	5250	情報・通信業	10	情報通信・サービスその他	-	-	558.0						配当未取得			3.48	28.8	774.0	425.0	Technology	配当未取得	1株配当が取得できていない	除外推奨	掲載非推奨	OK_配当データ要確認	3003.8	1.65	11.56	30.65	1.38	-430.2	-10.83		-0.93	
3988	ＳＹＳホールディングス	スタンダード（内国株式）	5250	情報・通信業	10	情報通信・サービスその他	-	-	535.0	1.5	8.0	1.5	8.0	1.5	配当あり	いいえ	13.97	1.4	56.6	670.0	506.0	Technology			OK	通常掲載可	OK	14051.1	5.02	13.34	47.42	0.51	355.7	38.31	20.88	12.14	6
3989	シェアリングテクノロジー	グロース（内国株式）	5250	情報・通信業	10	情報通信・サービスその他	-	-	1423.0	3.87	55.0	3.87	55.0	3.87	配当あり	いいえ	23.04	6.94	340.5	1480.0	901.0	Communication Services			OK	通常掲載可	OK	8579.9	24.17	14.35	69.33	0.06	1631.2	61.76	89.05	30.12	1
3991	ウォンテッドリー	グロース（内国株式）	5250	情報・通信業	10	情報通信・サービスその他	-	-	900.0	2.22	20.0	2.22	20.0	2.22	配当あり	いいえ	10.06	1.69	85.6	1437.0	871.0	Communication Services			OK	通常掲載可	OK	4908.8	33.51	3.95	68.6		2043.5	89.46	22.36	17.94	0
3992	ニーズウェル	プライム（内国株式）	5250	情報・通信業	10	情報通信・サービスその他	-	-	438.0	2.74	12.0	2.74	12.0	2.74	配当あり	いいえ	20.66	3.5	165.9	625.0	394.0	Technology			OK	通常掲載可	OK	10032.9	11.52	5.07	73.13	0.01	754.3	21.2	56.6	17.44	3
3993	ＰＫＳＨＡ　Ｔｅｃｈｎｏｌｏｇｙ	プライム（内国株式）	5250	情報・通信業	10	情報通信・サービスその他	6	TOPIX Small 1	2780.0						配当未取得		35.34	2.41	861.6	4515.0	2484.0	Technology	配当未取得	1株配当が取得できていない	除外推奨	掲載非推奨	OK_配当データ要確認	21771.4	24.29	28.88	63.43	0.32	4248.5	78.67		7.16	
3994	マネーフォワード	プライム（内国株式）	5250	情報・通信業	10	情報通信・サービスその他	4	TOPIX Mid400	4538.0						配当未取得		158.73	5.59	2517.2	6794.0	2750.5	Technology	配当未取得	1株配当が取得できていない	除外推奨	掲載非推奨	OK_配当データ要確認	50349.9	-5.27	24.74	34.37	0.77	-7601.1	28.59		8.66	
3996	サインポスト	スタンダード（内国株式）	5250	情報・通信業	10	情報通信・サービスその他	-	-	180.0						配当未取得		30.2	1.23	23.0	408.0	165.0	Technology	配当未取得	1株配当が取得できていない	除外推奨	掲載非推奨	OK_配当データ要確認	3138.9	3.14	3.81	61.75	0.26	112.2	5.96		4.13	0
3997	トレードワークス	スタンダード（内国株式）	5250	情報・通信業	10	情報通信・サービスその他	-	-	336.0	0.6	2.0	0.6	2.0	0.6	配当あり	いいえ	227.03	5.02	137.3	650.0	120.2	Technology			OK	通常掲載可	OK	5052.5	5.14	10.04	44.42	0.61	-173.5	1.48	135.14	7.83	0
3998	すららネット	グロース（内国株式）	5250	情報・通信業	10	情報通信・サービスその他	-	-	308.0						配当未取得			0.88	19.4	464.0	306.0	Consumer Defensive	配当未取得	1株配当が取得できていない	除外推奨	掲載非推奨	OK_配当データ要確認	1932.0	3.4	-0.82	88.29	0.0	-244.7	-0.59		-0.71	
4004	レゾナック・ホールディングス	プライム（内国株式）	3200	化学	4	素材・化学	4	TOPIX Mid400	17500.0	0.37	65.0	0.37	65.0	0.37	配当あり	いいえ	108.7	4.46	31672.1	20495.0	3366.0	Basic Materials			OK	通常掲載可	OK	1347125.0	3.46	-3.19	33.17	1.39	23560.0	161.0	40.37	5.47	0
4005	住友化学	プライム（内国株式）	3200	化学	4	素材・化学	4	TOPIX Mid400	554.0	2.89	16.0	2.89	16.0	2.89	配当あり	いいえ	14.9	0.91	9148.8	625.0	341.4	Basic Materials			OK	通常掲載可	OK	2328515.0	8.38	-10.66	29.62	1.14	113193.0	37.17	43.05	9.99	1
4008	住友精化	プライム（内国株式）	3200	化学	4	素材・化学	6	TOPIX Small 1	1376.0	3.49	48.0	3.49	48.0	3.49	配当あり	いいえ	11.71	0.86	886.3	1472.0	860.0	Basic Materials			OK	通常掲載可	OK	148354.0	9.75	0.53	67.84	0.17	4215.0	117.51	40.85	7.76	0
4011	ヘッドウォータース	グロース（内国株式）	5250	情報・通信業	10	情報通信・サービスその他	-	-	2181.0						配当未取得		158.73	6.26	133.2	4180.0	1862.0	Technology	配当未取得	1株配当が取得できていない	除外推奨	掲載非推奨	OK_配当データ要確認	3900.0	5.88	34.21	34.54	1.43	-61.6	13.74		8.32	
4012	アクシス	スタンダード（内国株式）	5250	情報・通信業	10	情報通信・サービスその他	-	-	1674.0	3.41	57.0	3.41	57.0	3.41	配当あり	いいえ	11.36	1.75	71.9	1768.0	1417.0	Technology			OK	通常掲載可	OK	8134.2	10.92	9.41	75.43	0.0	593.8	147.31	38.69	17.95	4
4013	勤次郎	グロース（内国株式）	5250	情報・通信業	10	情報通信・サービスその他	-	-	691.0	1.45	10.0	1.45	10.0	1.45	配当あり	いいえ	13.4	1.33	136.1	1530.0	555.0	Technology			OK	通常掲載可	OK	5370.5	28.33	22.71	74.63	0.18	1206.4	51.55	19.4	10.01	1
4014	カラダノート	グロース（内国株式）	5250	情報・通信業	10	情報通信・サービスその他	-	-	507.0						配当未取得		38.47	5.41	33.9	598.0	385.0	Technology	配当未取得	1株配当が取得できていない	除外推奨	掲載非推奨	OK_配当データ要確認	2194.0	4.59	6.69	34.05	0.85	-110.4	13.18		32.82	
4015	ペイクラウドホールディングス	グロース（内国株式）	5250	情報・通信業	10	情報通信・サービスその他	-	-	513.0						配当未取得		123.32	1.74	80.7	934.0	388.0	Technology	配当未取得	1株配当が取得できていない	除外推奨	掲載非推奨	OK_配当データ要確認	10234.0	7.15	49.33	48.15	0.39	1115.3	4.16		1.45	
4016	ＭＩＴホールディングス	スタンダード（内国株式）	5250	情報・通信業	10	情報通信・サービスその他	-	-	898.0	3.34	30.0	3.34	30.0	3.34	配当あり	いいえ	19.19	2.58	17.9	1299.0	804.0	Technology			OK	通常掲載可	OK	5117.8	3.31	-2.34	34.33	1.0	245.3	46.79	64.12	10.31	3
4017	クリーマ	グロース（内国株式）	5250	情報・通信業	10	情報通信・サービスその他	-	-	206.0						配当未取得		50.49	1.23	13.9	343.0	191.0	Consumer Cyclical	配当未取得	1株配当が取得できていない	除外推奨	掲載非推奨	OK_配当データ要確認	2535.1	1.68	1.12	30.78	0.35	487.0	4.08		2.41	
4019	スタメン	グロース（内国株式）	5250	情報・通信業	10	情報通信・サービスその他	-	-	636.0	1.26	8.0	1.26	8.0	1.26	配当あり	いいえ	27.03	3.59	55.8	1519.0	545.0	Technology			OK	通常掲載可	OK	3817.8	7.63	41.79	62.67	0.06	-44.7	23.53	34.0	17.68	1
4020	ビートレンド	グロース（内国株式）	5250	情報・通信業	10	情報通信・サービスその他	-	-	683.0						配当未取得			2.06	14.8	932.0	602.0	Technology	配当未取得	1株配当が取得できていない	除外推奨	掲載非推奨	OK_配当データ要確認	1159.4	-7.06	0.32	85.76	0.0	-147.1	-46.99		-20.59	
4021	日産化学	プライム（内国株式）	3200	化学	4	素材・化学	4	TOPIX Mid400	8627.0	2.46	212.0	2.46	212.0	2.46	配当あり	いいえ	23.42	4.53	11557.1	8707.0	4233.0	Basic Materials			OK	通常掲載可	OK	279586.0	22.73	11.23	71.89	0.15	43597.0	368.37	57.55	20.39	1
4022	ラサ工業	プライム（内国株式）	3200	化学	4	素材・化学	7	TOPIX Small 2	2083.0	1.73	36.0	1.73	36.0	1.73	配当あり	いいえ	18.66	2.56	813.6	2810.0	793.0	Basic Materials			OK	通常掲載可	OK	47727.0	12.6	5.08	63.71	0.24	1776.0	111.65	32.24	14.6	1
4023	クレハ	プライム（内国株式）	3200	化学	4	素材・化学	6	TOPIX Small 1	4085.0	5.29	216.0	5.29	216.0	5.29	配当あり	いいえ		0.94	1561.2	4905.0	3160.0	Basic Materials			OK	通常掲載可	OK	161688.0	-12.23	-0.2	48.82	0.72	-14312.0	-267.16		-5.58	1
4025	多木化学	プライム（内国株式）	3200	化学	4	素材・化学	7	TOPIX Small 2	4960.0	1.61	80.0	1.61	80.0	1.61	配当あり	いいえ	12.76	0.92	414.0	5620.0	2830.0	Basic Materials			OK	通常掲載可	OK	41977.0	7.54	7.87	65.32	0.03	2310.0	388.86	20.57	8.17	2
4026	神島化学工業	スタンダード（内国株式）	3400	ガラス・土石製品	3	建設・資材	-	-	1666.0	1.56	26.0	1.56	26.0	1.56	配当あり	いいえ	8.22	3.76	151.4	2148.0	1216.0	Industrials			OK	通常掲載可	OK	27405.0	6.54	5.51	42.18	0.69	1864.0	202.75	12.82	9.64	3
4027	テイカ	プライム（内国株式）	3200	化学	4	素材・化学	7	TOPIX Small 2	2362.0	3.39	80.0	3.39	80.0	3.39	配当あり	いいえ		0.88	537.8	2490.0	1196.0	Basic Materials			OK	通常掲載可	OK	57373.0	3.79	2.94	68.85	0.2	-1435.0	-38.5		-1.4	2
4028	石原産業	プライム（内国株式）	3200	化学	4	素材・化学	6	TOPIX Small 1	2902.0	4.48	130.0	4.48	130.0	4.48	配当あり	いいえ	6.68	0.86	1110.5	4035.0	2035.0	Basic Materials			OK	通常掲載可	OK	154897.0	12.32	6.68	53.66	0.55	17259.0	434.72	29.9	13.67	4
402A	アクセルスペースホールディングス	グロース（内国株式）	3700	輸送用機器	6	自動車・輸送機	-	-	552.0						配当未取得			4.88	366.5	1141.0	409.0	Industrials	配当未取得	1株配当が取得できていない	除外推奨	掲載非推奨	OK_配当データ要確認	1586.8	-157.23	-24.82	31.8	1.76	-4428.0	-65.41			
4031	片倉コープアグリ	スタンダード（内国株式）	3200	化学	4	素材・化学	-	-	1058.0	2.65	28.0	2.65	28.0	2.65	配当あり	いいえ		0.41	94.8	1858.0	851.0	Basic Materials			OK	通常掲載可	OK	42651.0	1.18	3.1	46.83	0.63	1344.0	-137.01		-5.24	0
4040	南海化学	スタンダード（内国株式）	3200	化学	4	素材・化学	-	-	3610.0	1.8	65.0	1.8	65.0	1.8	配当あり	いいえ	2.62	0.66	72.1	4275.0	2605.0	Basic Materials			OK	通常掲載可	OK	21063.0	8.07	0.78	56.8	0.33	-1533.0	1375.41	4.73	28.48	2
4041	日本曹達	プライム（内国株式）	3200	化学	4	素材・化学	6	TOPIX Small 1	3675.0	4.35	160.0	4.35	160.0	4.35	配当あり	いいえ	10.92	0.96	1969.9	4200.0	3110.0	Basic Materials			OK	通常掲載可	OK	152091.0	9.84	-2.0	66.64	0.26	6974.0	336.63	47.53	9.3	1
4042	東ソー	プライム（内国株式）	3200	化学	4	素材・化学	4	TOPIX Mid400	2826.5	3.54	100.0	3.54	100.0	3.54	配当あり	いいえ	21.37	1.05	8702.5	3086.0	2139.5	Basic Materials			OK	通常掲載可	OK	1019917.0	9.37	-4.09	59.04	0.28	114556.0	132.28	75.6	6.31	2
4043	トクヤマ	プライム（内国株式）	3200	化学	4	素材・化学	4	TOPIX Mid400	5030.0	2.39	120.0	2.39	120.0	2.39	配当あり	いいえ	16.29	1.28	3618.8	5768.0	3045.0	Basic Materials			OK	通常掲載可	OK	349476.0	9.55	1.87	50.78	0.57	21874.0	308.84	38.86	7.88	2
4044	セントラル硝子	プライム（内国株式）	3200	化学	4	素材・化学	6	TOPIX Small 1	4410.0	3.85	170.0	3.85	170.0	3.85	配当あり	いいえ	13.07	0.88	1093.4	4555.0	2956.0	Basic Materials			OK	通常掲載可	OK	144479.0	6.94	0.17	62.49	0.24	17062.0	337.37	50.39	7.51	0
4045	東亞合成	プライム（内国株式）	3200	化学	4	素材・化学	4	TOPIX Mid400	1771.0	3.95	70.0	3.95	70.0	3.95	配当あり	いいえ	15.13	0.88	1879.3	1922.5	1404.0	Basic Materials			OK	通常掲載可	OK	162312.0	8.74	-3.15	74.3	0.1	-9125.0	117.06	59.8	6.46	3
4046	大阪ソーダ	プライム（内国株式）	3200	化学	4	素材・化学	6	TOPIX Small 1	1878.0	1.49	28.0	1.49	28.0	1.49	配当あり	いいえ	15.15	1.81	2284.5	2534.0	1569.0	Basic Materials			OK	通常掲載可	OK	99961.0	17.64	3.66	75.63	0.06	12486.0	123.95	22.59	12.65	1
4047	関東電化工業	プライム（内国株式）	3200	化学	4	素材・化学	6	TOPIX Small 1	3480.0	1.03	36.0	1.03	36.0	1.03	配当あり	いいえ	52.63	2.76	1995.9	4405.0	796.0	Basic Materials			OK	通常掲載可	OK	65400.0	8.38	4.89	55.13	0.55	-1268.0	66.12	54.45	5.4	1
4051	ＧＭＯフィナンシャルゲート	プライム（内国株式）	5250	情報・通信業	10	情報通信・サービスその他	7	TOPIX Small 2	6900.0	1.81	125.0	1.81	125.0	1.81	配当あり	いいえ	34.6	8.77	569.7	7090.0	4750.0	Technology			OK	通常掲載可	OK	17927.8	12.44	-4.16	45.23	0.32	375.7	199.41	62.68	26.06	5
4052	フィーチャ	グロース（内国株式）	5250	情報・通信業	10	情報通信・サービスその他	-	-	238.0						配当未取得			2.01	13.9	392.0	221.0	Technology	配当未取得	1株配当が取得できていない	除外推奨	掲載非推奨	OK_配当データ要確認	494.2	-0.72	26.82	95.02		-28.0	-9.83		-6.84	
4053	Ｓｕｎ　Ａｓｔｅｒｉｓｋ	プライム（内国株式）	5250	情報・通信業	10	情報通信・サービスその他	7	TOPIX Small 2	441.0	2.27	10.0	2.27	10.0	2.27	配当あり	いいえ	36.36	1.53	172.1	557.0	379.0	Technology			OK	通常掲載可	OK	14835.0	7.1	9.34	66.17	0.17	1289.0	12.13	82.44	6.24	
4054	日本情報クリエイト	グロース（内国株式）	5250	情報・通信業	10	情報通信・サービスその他	-	-	552.0	1.63	9.0	1.63	9.0	1.63	配当あり	いいえ	16.21	1.94	75.8	920.0	505.0	Technology			OK	通常掲載可	OK	4436.9	15.99	17.68	62.24	0.0	131.0	34.06	26.42	11.97	1
4055	ティアンドエスグループ	グロース（内国株式）	5250	情報・通信業	10	情報通信・サービスその他	-	-	1714.0	0.64	11.0	0.64	11.0	0.64	配当あり	いいえ	23.7	4.07	128.2	2722.0	1064.0	Technology			OK	通常掲載可	OK	4103.3	18.43	19.18	79.53		758.0	72.33	15.21	17.17	5
4056	ニューラルグループ	グロース（内国株式）	5250	情報・通信業	10	情報通信・サービスその他	-	-	221.0						配当未取得			2.27	38.0	917.0	200.0	Technology	配当未取得	1株配当が取得できていない	除外推奨	掲載非推奨	OK_配当データ要確認	3299.0	-0.2	-7.45	44.5	1.02	149.4	-7.29		-23.36	
4057	インターファクトリー	グロース（内国株式）	5250	情報・通信業	10	情報通信・サービスその他	-	-	365.0						配当未取得		17.24	1.21	14.7	570.0	345.0	Communication Services	配当未取得	1株配当が取得できていない	除外推奨	掲載非推奨	OK_配当データ要確認	2864.9	6.85	10.39	55.91	0.31	200.9	21.17		5.83	
4058	トヨクモ	グロース（内国株式）	5250	情報・通信業	10	情報通信・サービスその他	-	-	2136.0	1.26	27.0	1.26	27.0	1.26	配当あり	いいえ	21.51	5.65	231.5	3795.0	1616.0	Technology			OK	通常掲載可	OK	4858.0	33.06	54.42	61.79		1926.0	99.32	27.18	36.06	4
4059	まぐまぐ	スタンダード（内国株式）	5250	情報・通信業	10	情報通信・サービスその他	-	-	408.0						配当未取得		56.2	1.35	12.2	876.0	347.0	Communication Services	配当未取得	1株配当が取得できていない	除外推奨	掲載非推奨	OK_配当データ要確認	438.9	4.61	-3.54	84.74		82.1	7.26		2.45	
4060	ｒａｋｕｍｏ	グロース（内国株式）	5250	情報・通信業	10	情報通信・サービスその他	-	-	1121.0	1.25	14.0	1.25	14.0	1.25	配当あり	いいえ	26.67	3.43	65.3	1399.0	954.0	Technology			OK	通常掲載可	OK	1830.1	23.39	26.78	45.24	0.64	396.1	42.04	33.3	15.07	1
4061	デンカ	プライム（内国株式）	3200	化学	4	素材・化学	4	TOPIX Mid400	4213.0	2.37	100.0	2.37	100.0	2.37	配当あり	いいえ	23.15	1.17	3631.6	4692.0	1977.0	Basic Materials			OK	通常掲載可	OK	384247.0	6.83	-4.0	45.63	0.71	-31492.0	182.0	54.95	3.48	1
4062	イビデン	プライム（内国株式）	3650	電気機器	9	電機・精密	4	TOPIX Mid400	23345.0	0.15	35.0	0.15	35.0	0.15	配当あり	いいえ	108.7	11.85	65189.9	27480.0	3032.0	Technology			OK	通常掲載可	OK	416201.0	14.9	12.66	57.27	0.35	-837.0	214.77	16.3	12.17	1
4063	信越化学工業	プライム（内国株式）	3200	化学	4	素材・化学	1	TOPIX Core30	6958.0	1.52	106.0	1.52	106.0	1.52	配当あり	いいえ	27.55	2.89	129387.4	7930.0	4280.0	Basic Materials			OK	通常掲載可	OK	2573969.0	24.68	0.5	78.85	0.05	356701.0	252.58	41.97	10.68	1
4064	日本カーバイド工業	プライム（内国株式）	3200	化学	4	素材・化学	7	TOPIX Small 2	3580.0	3.74	134.0	3.74	134.0	3.74	配当あり	いいえ	12.8	0.87	333.9	3930.0	1837.0	Basic Materials			OK	通常掲載可	OK	49909.0	8.2	2.43	61.27	0.18	4614.0	279.6	47.93	7.52	0
4068	ベイシス	グロース（内国株式）	5250	情報・通信業	10	情報通信・サービスその他	-	-	1596.0						配当未取得		25.64	1.37	29.4	2497.0	1551.0	Technology	配当未取得	1株配当が取得できていない	除外推奨	掲載非推奨	OK_配当データ要確認	6822.4	1.19	-0.6	49.44	0.5	-2.4	62.24		5.62	
4069	ＢｌｕｅＭｅｍｅ	グロース（内国株式）	5250	情報・通信業	10	情報通信・サービスその他	-	-	672.0						配当未取得		19.61	0.89	22.4	2488.0	611.0	Technology	配当未取得	1株配当が取得できていない	除外推奨	掲載非推奨	OK_配当データ要確認	2349.5	1.33	-6.27	64.58	0.03	-355.8	34.27		4.78	
4071	プラスアルファ・コンサルティング	プライム（内国株式）	5250	情報・通信業	10	情報通信・サービスその他	6	TOPIX Small 1	2906.0	3.44	100.0	3.44	100.0	3.44	配当あり	いいえ	31.06	7.66	1231.9	2908.0	1944.0	Technology			OK	通常掲載可	OK	17084.3	37.34	22.78	79.39		5092.8	93.57	106.87	29.79	4
4072	電算システムホールディングス	プライム（内国株式）	5250	情報・通信業	10	情報通信・サービスその他	7	TOPIX Small 2	2903.0	3.44	100.0	3.44	100.0	3.44	配当あり	いいえ	10.71	1.25	311.1	5090.0	2561.0	Technology			OK	通常掲載可	OK	68131.0	5.32	11.22	35.65	0.03	3533.0	271.14	36.88	12.36	4
4073	ジィ・シィ企画	グロース（内国株式）	5250	情報・通信業	10	情報通信・サービスその他	-	-	431.0						配当未取得			5.91	10.9	878.0	414.0	Technology	配当未取得	1株配当が取得できていない	除外推奨	掲載非推奨	OK_配当データ要確認	1740.4	3.36	12.33	23.54	2.3	-142.6	-85.29		-35.57	
4074	ラキール	グロース（内国株式）	5250	情報・通信業	10	情報通信・サービスその他	-	-	780.0						配当未取得		19.72	1.46	52.1	1250.0	633.0	Technology	配当未取得	1株配当が取得できていない	除外推奨	掲載非推奨	OK_配当データ要確認	7728.4	5.76	-3.02	61.5	0.24	57.5	39.55		0.0	
4075	ブレインズテクノロジー	グロース（内国株式）	5250	情報・通信業	10	情報通信・サービスその他	-	-	895.0						配当未取得		28.25	3.0	52.3	2100.0	770.0	Technology	配当未取得	1株配当が取得できていない	除外推奨	掲載非推奨	OK_配当データ要確認	1004.6	7.29	-4.67	83.68	0.0	-8.3	31.68		8.58	
4076	シイエヌエス	グロース（内国株式）	5250	情報・通信業	10	情報通信・サービスその他	-	-	1693.0	3.25	55.0	3.25	55.0	3.25	配当あり	いいえ	9.13	1.18	49.2	1895.0	1433.0	Technology			OK	通常掲載可	OK	7005.0	7.93	5.23	75.28	0.0	420.1	185.38	29.67	13.6	2
4078	堺化学工業	プライム（内国株式）	3200	化学	4	素材・化学	6	TOPIX Small 1	4515.0	3.54	160.0	3.54	160.0	3.54	配当あり	いいえ	28.65	0.89	691.3	6580.0	2663.0	Basic Materials			OK	通常掲載可	OK	81447.0	7.92	-3.51	66.29	0.21	8409.0	157.57	101.54	3.64	2
407A	ＵＮＩＣＯＮホールディングス	スタンダード（内国株式）	2050	建設業	3	建設・資材	-	-	864.0	6.94	60.0	6.94	60.0	6.94	配当あり	いいえ	8.59	2.19	85.5	1400.0	834.0	Industrials			OK	通常掲載可	OK	17620.9	9.71	12.87	30.24	1.12	-1326.2	100.57	59.66	25.49	
4082	第一稀元素化学工業	プライム（内国株式）	3200	化学	4	素材・化学	7	TOPIX Small 2	2050.0	1.46	30.0	1.46	30.0	1.46	配当あり	いいえ	19.72	1.29	495.0	4400.0	646.0	Basic Materials			OK	通常掲載可	OK	35751.0	9.73	6.27	57.47	0.56	3333.0	103.94	28.86	6.51	1
4088	エア・ウォーター	プライム（内国株式）	3200	化学	4	素材・化学	-	-	2777.0	2.7	75.0	2.7	75.0	2.7	配当あり	いいえ	59.17	1.43	6365.4	2949.0	1718.5	Basic Materials			OK	通常掲載可	OK	1075929.0	6.6	5.02	41.37	0.81	22097.0	46.93	159.81	1.66	9
4091	日本酸素ホールディングス	プライム（内国株式）	3200	化学	4	素材・化学	4	TOPIX Mid400	6275.0	1.05	66.0	1.05	66.0	1.05	配当あり	いいえ	21.93	2.23	27161.6	6509.0	4465.0	Basic Materials			OK	通常掲載可	OK	1359611.0	14.22	3.94	43.98	0.72	163440.0	286.14	23.07	11.21	11
4092	日本化学工業	プライム（内国株式）	3200	化学	4	素材・化学	7	TOPIX Small 2	4445.0	2.7	120.0	2.7	120.0	2.7	配当あり	いいえ	13.4	0.77	385.7	6360.0	2008.0	Basic Materials			OK	通常掲載可	OK	40182.0	6.01	3.45	64.14	0.29	86.0	331.6	36.19	5.99	2
4093	東邦アセチレン	スタンダード（内国株式）	3200	化学	4	素材・化学	-	-	424.0	4.25	18.0	4.25	18.0	4.25	配当あり	いいえ	11.47	0.77	147.5	505.0	343.0	Basic Materials			OK	通常掲載可	OK	34576.8	5.5	-0.65	56.37	0.2	816.7	36.97	48.69	6.69	0
4094	日本化学産業	スタンダード（内国株式）	3200	化学	4	素材・化学	-	-	2095.0	4.3	90.0	4.3	90.0	4.3	配当あり	いいえ	17.86	0.8	407.7	2799.0	1894.0	Basic Materials			OK	通常掲載可	OK	28032.8	12.14	10.19	82.38	0.0	1765.0	117.32	76.71	4.69	2
4095	日本パーカライジング	プライム（内国株式）	3200	化学	4	素材・化学	6	TOPIX Small 1	1715.0	2.92	50.0	2.92	50.0	2.92	配当あり	いいえ	14.64	0.92	1856.5	1876.0	1289.0	Basic Materials			OK	通常掲載可	OK	138155.0	10.73	4.44	73.9	0.0	13272.0	117.13	42.69	6.43	2
4097	高圧ガス工業	プライム（内国株式）	3200	化学	4	素材・化学	7	TOPIX Small 2	1116.0	3.58	40.0	3.58	40.0	3.58	配当あり	いいえ	13.21	0.73	616.1	1202.0	999.0	Basic Materials			OK	通常掲載可	OK	98677.0	5.96	-0.31	68.22	0.08	3522.0	84.48	47.35	5.72	3
4098	チタン工業	スタンダード（内国株式）	3200	化学	4	素材・化学	-	-	1019.0	1.18	12.0	1.18	12.0	1.18	配当あり	いいえ	14.97	0.57	30.3	1730.0	743.0	Basic Materials			OK	通常掲載可	OK	8139.0	3.67	4.43	38.5	1.11	747.0	68.07	17.63	9.89	0
4099	四国化成ホールディングス	プライム（内国株式）	3200	化学	4	素材・化学	7	TOPIX Small 2	3310.0	1.36	45.0	1.36	45.0	1.36	配当あり	いいえ	34.25	2.96	2863.1	3770.0	970.0	Basic Materials			OK	通常掲載可	OK	70705.0	15.38	1.74	64.95	0.26	3798.0	96.65	46.56	10.46	2
409A	オリオンビール	プライム（内国株式）	3050	食料品	1	食品	7	TOPIX Small 2	1223.0	2.78	34.0	2.78	34.0	2.78	配当あり	いいえ	10.74	2.76	514.2	2262.0	1100.0	Consumer Defensive			OK	通常掲載可	OK	26009.0	10.96	-9.9	37.28	0.9	-832.0	113.86	29.86	19.44	
4100	戸田工業	スタンダード（内国株式）	3200	化学	4	素材・化学	7	TOPIX Small 2	1636.0						配当未取得			1.04	94.7	2219.0	1079.0	Basic Materials	配当未取得	1株配当が取得できていない	除外推奨	掲載非推奨	OK_配当データ要確認	28041.0	3.09	-11.45	19.09	2.74	1513.0	-597.47		-31.8	0
4102	丸尾カルシウム	スタンダード（内国株式）	3200	化学	4	素材・化学	-	-	1432.0	4.19	60.0	4.19	60.0	4.19	配当あり	いいえ	10.64	0.3	30.5	1569.0	1319.0	Basic Materials			OK	通常掲載可	OK	12639.0	0.68	-1.59	58.82	0.24	394.6	134.61	44.57	2.9	0
4107	伊勢化学工業	スタンダード（内国株式）	3200	化学	4	素材・化学	-	-	4060.0	0.99	40.0	0.99	40.0	0.99	配当あり	いいえ	31.85	5.12	2068.9	8450.0	2430.0	Basic Materials			OK	通常掲載可	OK	39258.0	24.16	17.94	78.54	0.01	4849.0	127.48	31.38	16.95	7
4109	ステラ　ケミファ	プライム（内国株式）	3200	化学	4	素材・化学	6	TOPIX Small 1	6300.0	2.86	180.0	2.86	180.0	2.86	配当あり	いいえ	24.39	1.61	769.0	8100.0	3890.0	Basic Materials			OK	通常掲載可	OK	36799.0	12.62	1.41	74.55	0.12	1421.0	258.3	69.69	6.55	0
410A	ＧＭＯコマース	グロース（内国株式）	9050	サービス業	10	情報通信・サービスその他	-	-	1139.0	4.24	48.24	4.24	48.24	4.24	配当あり	いいえ	13.51	2.36	62.3	2249.0	986.0	Technology			OK	通常掲載可	OK	2459.8	21.29	23.98	68.74		214.9	84.29	57.23	17.47	
4112	保土谷化学工業	プライム（内国株式）	3200	化学	4	素材・化学	7	TOPIX Small 2	2115.0	2.84	60.0	2.84	60.0	2.84	配当あり	いいえ	11.01	0.64	336.4	2647.0	1425.0	Basic Materials			OK	通常掲載可	OK	48040.0	7.74	-1.11	60.85	0.18	-254.0	192.04	31.24	7.71	5
4113	田岡化学工業	スタンダード（内国株式）	3200	化学	4	素材・化学	-	-	713.0	0.84	6.0	0.84	6.0	0.84	配当あり	いいえ	6.66	0.52	102.2	1547.0	664.0	Basic Materials			OK	通常掲載可	OK	33192.0	6.16	10.9	63.21	0.04	1139.0	107.02	5.61	8.06	1
4114	日本触媒	プライム（内国株式）	3200	化学	4	素材・化学	4	TOPIX Mid400	2106.5	5.98	126.0	5.98	126.0	5.98	配当あり	いいえ	18.8	0.78	3112.5	2548.0	1641.0	Basic Materials			OK	通常掲載可	OK	399898.0	4.38	-2.31	68.36	0.15	3809.0	112.07	112.43	4.38	2
4116	大日精化工業	プライム（内国株式）	3200	化学	4	素材・化学	7	TOPIX Small 2	1077.0	4.41	47.5	4.41	47.5	4.41	配当あり	いいえ	9.1	0.53	735.2	1265.0	783.75	Basic Materials			OK	通常掲載可	OK	124294.0	6.12	-0.37	67.48	0.13	2374.0	118.36	40.13	6.11	2
4118	カネカ	プライム（内国株式）	3200	化学	4	素材・化学	4	TOPIX Mid400	5747.0	3.65	210.0	3.65	210.0	3.65	配当あり	いいえ	11.51	0.69	3461.4	5873.0	3876.0	Basic Materials			OK	通常掲載可	OK	811638.0	4.05	0.55	52.07	0.46	-3264.0	499.41	42.05	6.43	2
4119	日本ピグメントホールディングス	スタンダード（内国株式）	3200	化学	4	素材・化学	-	-	5380.0	1.86	100.0	1.86	100.0	1.86	配当あり	いいえ	7.28	0.38	84.4	6210.0	3130.0	Basic Materials			OK	通常掲載可	OK	42224.6	3.57	11.35	49.21	0.23	3719.9	738.67	13.54	5.37	0
4120	スガイ化学工業	スタンダード（内国株式）	3200	化学	4	素材・化学	-	-	3200.0	2.81	90.0	2.81	90.0	2.81	配当あり	いいえ	9.07	0.5	41.8	3205.0	2056.0	Basic Materials			OK	通常掲載可	OK	6432.8	7.61	-2.86	68.63	0.18	1086.3	352.96	25.5	5.83	4
4124	大阪油化工業	スタンダード（内国株式）	3200	化学	4	素材・化学	-	-	2610.0	1.76	46.0	1.76	46.0	1.76	配当あり	いいえ	21.19	1.68	22.1	3195.0	2337.0	Basic Materials			OK	通常掲載可	OK	1178.1	11.81	19.34	88.76		146.6	123.19	37.34	4.38	1
4125	三和油化工業	スタンダード（内国株式）	3200	化学	4	素材・化学	-	-	3195.0	1.56	50.0	1.56	50.0	1.56	配当あり	いいえ	12.87	1.04	138.0	4050.0	1373.0	Industrials			OK	通常掲載可	OK	20263.2	18.33	26.33	51.23	0.6	-2047.0	248.25	20.14	7.94	3
414A	オーバーラップホールディングス	グロース（内国株式）	5250	情報・通信業	10	情報通信・サービスその他	-	-	920.0	4.78	44.0	4.78	44.0	4.78	配当あり	いいえ	8.78	2.24	184.1	1590.0	870.0	Communication Services			OK	通常掲載可	OK	8535.0	35.47	1.57	43.76	0.82	1397.0	104.79	41.99	25.51	
4151	協和キリン	プライム（内国株式）	3250	医薬品	5	医薬品	4	TOPIX Mid400	2663.5	2.63	70.0	2.63	70.0	2.63	配当あり	いいえ	20.79	1.56	13943.1	2912.0	2109.0	Healthcare			OK	通常掲載可	OK	496826.0	20.59	0.26	80.64		5400.0	128.11	54.64	8.46	9
415A	ＧＭＯ　ＴＥＣＨホールディングス	グロース（内国株式）	9050	サービス業	10	情報通信・サービスその他	-	-	4715.0	5.86	276.5	5.86	276.5	5.86	配当あり	いいえ	3.63	2.09	74.4	7130.0	4600.0	Communication Services			OK	通常掲載可	OK	6923.0	7.51	0.8	69.83	0.04	37.0	1300.4	21.26	57.58	0
4165	プレイド	グロース（内国株式）	5250	情報・通信業	10	情報通信・サービスその他	-	-	549.0						配当未取得		29.58	4.34	225.5	1237.0	432.0	Technology	配当未取得	1株配当が取得できていない	除外推奨	掲載非推奨	OK_配当データ要確認	13396.5	10.69	21.87	49.6	0.38	1271.4	18.56		15.96	
4166	かっこ	グロース（内国株式）	5250	情報・通信業	10	情報通信・サービスその他	-	-	668.0						配当未取得			2.73	18.3	1287.0	632.0	Technology	配当未取得	1株配当が取得できていない	除外推奨	掲載非推奨	OK_配当データ要確認	819.4	-16.28	11.64	70.09	0.27	-76.7	-50.43		-17.43	
4167	ココペリ	グロース（内国株式）	5250	情報・通信業	10	情報通信・サービスその他	-	-	296.0						配当未取得			1.49	22.5	489.0	258.0	Technology	配当未取得	1株配当が取得できていない	除外推奨	掲載非推奨	OK_配当データ要確認	1758.3	-23.27	-12.41	80.23	0.08	-287.9	-54.52		-24.23	
4168	ヤプリ	グロース（内国株式）	5250	情報・通信業	10	情報通信・サービスその他	-	-	779.0	1.93	15.0	1.93	15.0	1.93	配当あり	いいえ	10.87	3.08	99.5	1282.0	659.0	Technology			OK	通常掲載可	OK	6056.1	14.58	9.89	62.52	0.39	776.0	71.67	20.93	35.75	
4169	ＥＮＥＣＨＡＮＧＥ	グロース（内国株式）	5250	情報・通信業	10	情報通信・サービスその他	-	-	210.0						配当未取得		70.47	1.88	90.1	428.0	161.0	Technology	配当未取得	1株配当が取得できていない	除外推奨	掲載非推奨	OK_配当データ要確認	6697.5	8.85	52.95	62.44	0.12	617.2	2.98		2.79	
416A	富士ユナイトホールディングス	スタンダード（内国株式）	6050	卸売業	13	商社・卸売	-	-	1189.0	5.21	62.0	5.21	62.0	5.21	配当あり	いいえ	10.81	0.8	78.5	1398.0	1040.0	Energy			OK	通常掲載可	OK	75057.0	1.58	9.82	43.75	0.25	756.0	109.98	56.37	7.49	0
4170	Ｋａｉｚｅｎ　Ｐｌａｔｆｏｒｍ	グロース（内国株式）	5250	情報・通信業	10	情報通信・サービスその他	-	-	111.0						配当未取得		64.53	0.64	19.0	242.0	97.0	Communication Services	配当未取得	1株配当が取得できていない	除外推奨	掲載非推奨	OK_配当データ要確認	4354.8	0.67	-3.74	69.87	0.24	268.0	1.72		-1.78	
4171	グローバルインフォメーション	スタンダード（内国株式）	5250	情報・通信業	10	情報通信・サービスその他	-	-	1660.0	3.61	60.0	3.61	60.0	3.61	配当あり	いいえ	21.23	1.93	49.3	1680.0	1228.0	Industrials			OK	通常掲載可	OK	2567.6	12.39	-6.61	79.53		221.6	78.19	76.74	6.2	0
4172	Ｈｉクラテス	スタンダード（内国株式）	5250	情報・通信業	10	情報通信・サービスその他	-	-	2173.0	4.05	88.0	4.05	88.0	4.05	配当あり	いいえ	10.71	1.11	48.4	2549.0	2056.0	Healthcare			OK	通常掲載可	OK	2406.9	22.83	13.85	88.86		418.2	202.96	43.36	10.65	2
4174	アピリッツ	スタンダード（内国株式）	5250	情報・通信業	10	情報通信・サービスその他	-	-	661.0	4.39	29.0	4.39	29.0	4.39	配当あり	いいえ		1.47	26.7	936.0	605.0	Technology			OK	通常掲載可	OK	9955.2	-3.11	10.51	32.62	1.01	-52.3	-115.34		-21.58	3
4175	ｃｏｌｙ	グロース（内国株式）	5250	情報・通信業	10	情報通信・サービスその他	-	-	2498.0						配当未取得		188.67	2.86	137.5	2978.0	1651.0	Communication Services	配当未取得	1株配当が取得できていない	除外推奨	掲載非推奨	OK_配当データ要確認	7020.1	-2.05	7.99	79.42	0.05	-602.2	13.24		-9.03	
4176	ココナラ	グロース（内国株式）	5250	情報・通信業	10	情報通信・サービスその他	-	-	272.0						配当未取得		20.87	2.38	60.9	559.0	238.0	Communication Services	配当未取得	1株配当が取得できていない	除外推奨	掲載非推奨	OK_配当データ要確認	9410.8	2.72	42.83	38.15	0.51	238.4	13.03		11.73	
4177	ｉ‐ｐｌｕｇ	グロース（内国株式）	5250	情報・通信業	10	情報通信・サービスその他	-	-	1400.0	3.86	54.0	3.86	54.0	3.86	配当あり	いいえ	11.67	2.94	55.8	1850.0	1123.0	Industrials			OK	通常掲載可	OK	5756.9	12.43	13.23	37.85	0.16	1017.9	119.98	45.01	29.04	
4178	Ｓｈａｒｉｎｇ　Ｉｎｎｏｖａｔｉｏｎｓ	グロース（内国株式）	5250	情報・通信業	10	情報通信・サービスその他	-	-	522.0						配当未取得		85.43	1.2	19.5	894.0	493.0	Technology	配当未取得	1株配当が取得できていない	除外推奨	掲載非推奨	OK_配当データ要確認	4458.1	2.25	-13.75	69.08	0.16	114.6	6.11		3.11	
4179	ジーネクスト	グロース（内国株式）	5250	情報・通信業	10	情報通信・サービスその他	-	-	500.0						配当未取得			28.26	27.1	1050.0	260.0	Technology	配当未取得	1株配当が取得できていない	除外推奨	掲載非推奨	OK_配当データ要確認	1015.7	-6.91	46.85	22.26	1.06	-162.6	-13.3			
417A	ブルーゾーンホールディングス	プライム（内国株式）	6100	小売業	14	小売	4	TOPIX Mid400	1739.0	1.84	32.0	1.84	32.0	1.84	配当あり	いいえ	14.99	1.77	3540.3	2058.0	1537.2	Consumer Defensive			OK	通常掲載可	OK	813154.0	4.48	10.42	46.65	0.45	11125.0	115.99	27.59	12.41	13
4180	Ａｐｐｉｅｒ　Ｇｒｏｕｐ	プライム（内国株式）	5250	情報・通信業	10	情報通信・サービスその他	6	TOPIX Small 1	876.0	0.26	2.3	0.26	2.3	0.26	配当あり	いいえ	35.08	2.37	894.1	1745.0	660.0	Technology			OK	通常掲載可	OK	43737.0	6.8	28.42	61.41	0.3	-1781.0	24.97	9.21	7.37	1
4182	三菱瓦斯化学	プライム（内国株式）	3200	化学	4	素材・化学	4	TOPIX Mid400	4973.0	2.21	110.0	2.21	110.0	2.21	配当あり	いいえ		1.5	9696.7	5738.0	2232.0	Basic Materials			OK	通常掲載可	OK	738243.0	6.14	-4.57	58.08	0.35	74726.0	-206.88		-4.96	3
4183	三井化学	プライム（内国株式）	3200	化学	4	素材・化学	4	TOPIX Mid400	2182.0	3.44	75.0	3.44	75.0	3.44	配当あり	いいえ	23.81	0.93	8031.9	2477.5	1636.0	Basic Materials			OK	通常掲載可	OK	1668754.0	3.39	-7.76	40.19	0.86	62095.0	91.64	81.84	4.79	5
4186	東京応化工業	プライム（内国株式）	3200	化学	4	素材・化学	4	TOPIX Mid400	10855.0	0.74	80.0	0.74	80.0	0.74	配当あり	いいえ	39.06	3.17	13015.2	12925.0	3911.0	Technology			OK	通常掲載可	OK	237029.0	19.99	17.94	67.92	0.12	9819.0	277.89	28.79	5.54	7
4187	大阪有機化学工業	プライム（内国株式）	3200	化学	4	素材・化学	6	TOPIX Small 1	5870.0	1.47	86.0	1.47	86.0	1.47	配当あり	いいえ	17.42	2.3	1193.8	6190.0	2475.0	Basic Materials			OK	通常掲載可	OK	36265.7	17.06	10.91	78.01	0.03	5873.7	336.94	25.52	15.0	11
4188	三菱ケミカルグループ	プライム（内国株式）	3200	化学	4	素材・化学	2	TOPIX Large70	1163.0	2.75	32.0	2.75	32.0	2.75	配当あり	いいえ		0.9	15799.9	1175.5	755.2	Basic Materials			OK	通常掲載可	OK	3703988.0	0.87	-6.17	29.98	1.07	144154.0	-60.36		-0.7	0
4189	ＫＨネオケム	プライム（内国株式）	3200	化学	4	素材・化学	6	TOPIX Small 1	2982.0	3.69	110.0	3.69	110.0	3.69	配当あり	いいえ	13.66	1.5	1044.0	3125.0	2315.0	Basic Materials			OK	通常掲載可	OK	115098.0	9.77	-3.89	53.55	0.26	8981.0	218.28	50.39	10.53	1
4192	スパイダープラス	グロース（内国株式）	5250	情報・通信業	10	情報通信・サービスその他	-	-	266.0						配当未取得			3.54	94.5	519.0	234.0	Technology	配当未取得	1株配当が取得できていない	除外推奨	掲載非推奨	OK_配当データ要確認	4895.5	-0.22	20.22	63.96	0.31	-107.0	-0.48		-0.05	
4193	ファブリカホールディングス	スタンダード（内国株式）	5250	情報・通信業	10	情報通信・サービスその他	-	-	2316.0	1.73	40.0	1.73	40.0	1.73	配当あり	いいえ	18.62	3.34	119.1	2977.0	1873.0	Technology			OK	通常掲載可	OK	10567.5	11.54	14.78	61.13	0.05	851.9	124.37	32.16	18.43	3
4194	ビジョナル	プライム（内国株式）	5250	情報・通信業	10	情報通信・サービスその他	4	TOPIX Mid400	7941.0						配当未取得		18.45	3.9	3193.8	12460.0	6280.0	Communication Services	配当未取得	1株配当が取得できていない	除外推奨	掲載非推奨	OK_配当データ要確認	66146.0	26.97	17.54	68.57	0.0	17439.0	430.4		24.26	
4196	ネオマーケティング	スタンダード（内国株式）	5250	情報・通信業	10	情報通信・サービスその他	-	-	1695.0						配当未取得			4.53	41.9	1700.0	1058.0	Communication Services	配当未取得	1株配当が取得できていない	除外推奨	掲載非推奨	OK_配当データ要確認	2306.5	0.47	9.93	43.95	0.8	46.3	-15.09		-4.05	
4197	アスマーク	スタンダード（内国株式）	5250	情報・通信業	10	情報通信・サービスその他	-	-	2225.0	3.51	78.0	3.51	78.0	3.51	配当あり	いいえ	12.99	1.63	25.8	2619.0	2147.0	Industrials			OK	通常掲載可	OK	4416.3	6.35	1.21	63.02	0.0	259.0	171.33	45.53	12.55	1
4198	テンダ	スタンダード（内国株式）	5250	情報・通信業	10	情報通信・サービスその他	-	-	491.0	4.48	22.0	4.48	22.0	4.48	配当あり	いいえ	767.19	1.26	32.6	839.0	484.0	Technology			OK	通常掲載可	OK	5574.9	7.68	7.72	70.65	0.05	639.5	0.64	3437.5	2.69	3
4199	ワンダープラネット	グロース（内国株式）	5250	情報・通信業	10	情報通信・サービスその他	-	-	667.0						配当未取得			0.51	17.0	1923.0	667.0	Technology	配当未取得	1株配当が取得できていない	除外推奨	掲載非推奨	OK_配当データ要確認	2316.5	-5.6	-5.44	30.0	1.96	-321.0	-118.26			
4202	ダイセル	プライム（内国株式）	3200	化学	4	素材・化学	4	TOPIX Mid400	1418.0	4.94	70.0	4.94	70.0	4.94	配当あり	いいえ	36.63	1.02	3621.5	1658.0	1112.5	Basic Materials			OK	通常掲載可	OK	579629.0	7.26	-1.18	42.64	0.86	-178.0	38.71	180.83	3.07	4
4203	住友ベークライト	プライム（内国株式）	3200	化学	4	素材・化学	4	TOPIX Mid400	7506.0	1.6	120.0	1.6	120.0	1.6	配当あり	いいえ	23.47	1.9	6585.4	7985.0	4066.0	Basic Materials			OK	通常掲載可	OK	304773.0	8.13	6.09	69.58	0.11	28065.0	319.76	37.53	8.81	5
4204	積水化学工業	プライム（内国株式）	3200	化学	4	素材・化学	4	TOPIX Mid400	2639.5	3.11	82.0	3.11	82.0	3.11	配当あり	いいえ	14.45	1.25	10655.8	3065.0	2248.0	Industrials			OK	通常掲載可	OK	1309281.0	8.13	0.89	59.61	0.17	-35286.0	182.65	44.89	9.01	5
4205	日本ゼオン	プライム（内国株式）	3200	化学	4	素材・化学	4	TOPIX Mid400	2307.0	3.47	80.0	3.47	80.0	3.47	配当あり	いいえ	12.36	1.17	4414.3	2455.0	1513.0	Basic Materials			OK	通常掲載可	OK	411966.0	8.83	-2.06	68.87	0.04	14458.0	186.64	42.86	9.87	5
4206	アイカ工業	プライム（内国株式）	3200	化学	4	素材・化学	4	TOPIX Mid400	3728.0	3.76	140.0	3.76	140.0	3.76	配当あり	いいえ	13.51	1.24	2358.9	4008.0	3340.0	Industrials			OK	通常掲載可	OK	251764.0	11.58	1.23	58.36	0.25	336.0	275.87	50.75	10.19	13
4208	ＵＢＥ	プライム（内国株式）	3200	化学	4	素材・化学	4	TOPIX Mid400	3243.0	4.93	160.0	4.93	160.0	4.93	配当あり	いいえ	13.19	0.72	3150.4	3350.0	2185.5	Basic Materials			OK	通常掲載可	OK	486802.0	3.71	3.96	45.64	0.84	-23093.0	245.82	65.09	5.56	0
4212	積水樹脂	プライム（内国株式）	3200	化学	4	素材・化学	6	TOPIX Small 1	2650.0	2.72	72.0	2.72	72.0	2.72	配当あり	いいえ	20.33	0.8	794.1	2670.0	1973.0	Industrials			OK	通常掲載可	OK	78163.0	7.27	5.3	69.61	0.14	2693.0	130.38	55.22	4.12	2
4216	旭有機材	プライム（内国株式）	3200	化学	4	素材・化学	6	TOPIX Small 1	6990.0	1.86	130.0	1.86	130.0	1.86	配当あり	いいえ	39.53	1.62	1313.0	7930.0	4015.0	Industrials			OK	通常掲載可	OK	80081.0	9.47	-5.97	74.49	0.08	608.0	176.85	73.51	4.3	4
4218	ニチバン	プライム（内国株式）	3200	化学	4	素材・化学	7	TOPIX Small 2	1895.0	2.11	40.0	2.11	40.0	2.11	配当あり	いいえ	23.36	0.86	382.4	2038.0	1781.0	Industrials			OK	通常掲載可	OK	50470.0	4.5	2.05	65.85	0.05	328.0	81.11	49.32	3.78	0
421A	ムービン・ストラテジック・キャリア	グロース（内国株式）	9050	サービス業	10	情報通信・サービスその他	-	-	3725.0						配当未取得		26.18	7.57	314.5	3955.0	1758.0	Industrials	配当未取得	1株配当が取得できていない	除外推奨	掲載非推奨	OK_配当データ要確認	3799.7	46.4	59.12	76.94		1773.1	142.3		28.92	
4220	リケンテクノス	プライム（内国株式）	3200	化学	4	素材・化学	7	TOPIX Small 2	1756.0	3.08	54.0	3.08	54.0	3.08	配当あり	いいえ	11.43	1.24	835.7	1878.0	1079.0	Basic Materials			OK	通常掲載可	OK	131377.4	8.68	2.53	56.78	0.17	8470.8	153.65	35.14	12.1	5
4221	大倉工業	プライム（内国株式）	3200	化学	4	素材・化学	7	TOPIX Small 2	4875.0	4.51	220.0	4.51	220.0	4.51	配当あり	いいえ	14.53	0.87	550.7	5730.0	4080.0	Basic Materials			OK	通常掲載可	OK	86658.0	7.14	6.73	61.23	0.11	2792.0	335.4	65.59	6.52	5
4222	児玉化学工業	スタンダード（内国株式）	3200	化学	4	素材・化学	-	-	681.0	1.47	10.0	1.47	10.0	1.47	配当あり	いいえ	0.45	0.37	105.8	1491.0	518.0	Consumer Cyclical			OK	通常掲載可	OK	82707.8	3.24	422.08	42.35	0.58	936.8	1508.76	0.66	132.61	
4224	ロンシール工業	スタンダード（内国株式）	3200	化学	4	素材・化学	-	-	2020.0	4.21	85.0	4.21	85.0	4.21	配当あり	いいえ	9.13	0.47	93.1	2311.0	1643.0	Industrials			OK	通常掲載可	OK	22107.0	6.07	3.14	74.49	0.02	897.0	221.19	38.43	5.26	0
4228	積水化成品工業	プライム（内国株式）	3200	化学	4	素材・化学	7	TOPIX Small 2	547.0	3.11	17.0	3.11	17.0	3.11	配当あり	いいえ	11.6	0.5	249.4	596.0	333.0	Basic Materials			OK	通常掲載可	OK	113935.0	2.24	-16.88	41.01	0.77	2439.0	47.15	36.06	4.28	2
4229	群栄化学工業	プライム（内国株式）	3200	化学	4	素材・化学	7	TOPIX Small 2	4670.0	2.14	100.0	2.14	100.0	2.14	配当あり	いいえ	15.7	0.57	309.9	6350.0	2791.0	Basic Materials			OK	通常掲載可	OK	31307.0	8.2	2.49	80.35	0.01	-591.0	297.48	33.62	4.01	0
4231	タイガースポリマー	スタンダード（内国株式）	3200	化学	4	素材・化学	-	-	1028.0	3.7	38.0	3.7	38.0	3.7	配当あり	いいえ	8.61	0.43	199.1	1293.0	800.0	Basic Materials			OK	通常掲載可	OK	50132.9	6.01	1.61	75.4	0.04	-1161.5	119.35	31.84	5.55	3
4234	サンエー化研	スタンダード（内国株式）	3200	化学	4	素材・化学	-	-	695.0	2.59	18.0	2.59	18.0	2.59	配当あり	いいえ	6.98	0.3	66.9	1025.0	550.0	Basic Materials			OK	通常掲載可	OK	30358.1	2.76	3.15	57.41	0.22	1033.9	99.59	18.07	4.47	0
4235	ウルトラファブリックス・ホールディングス	スタンダード（内国株式）	3200	化学	4	素材・化学	-	-	654.0	5.35	35.0	5.35	35.0	5.35	配当あり	いいえ	18.12	0.42	104.2	834.0	640.0	Consumer Cyclical			OK	通常掲載可	OK	20553.0	7.89	1.27	45.77	0.91	1528.0	36.1	96.95	36.71	0
4237	フジプレアム	スタンダード（内国株式）	3200	化学	4	素材・化学	-	-	344.0	1.74	6.0	1.74	6.0	1.74	配当あり	いいえ		1.28	98.3	532.0	296.0	Technology			OK	通常掲載可	OK	8115.0	-0.96	-23.59	52.37	0.5	1233.3	-80.53		-26.03	0
4238	ミライアル	スタンダード（内国株式）	3200	化学	4	素材・化学	-	-	1834.0	3.82	70.0	3.82	70.0	3.82	配当あり	いいえ	27.32	0.73	165.8	2093.0	1074.0	Technology			OK	通常掲載可	OK	12572.1	4.07	-10.22	85.69		-1480.0	67.12	104.29	3.08	0
423A	ライオン事務器	スタンダード（内国株式）	6050	卸売業	13	商社・卸売	-	-	308.0	2.27	7.0	2.27	7.0	2.27	配当あり	いいえ	8.96	0.75	104.0	533.0	277.0	Industrials			OK	通常掲載可	OK	37022.0	3.17	6.1	48.79	0.1	-6.0	34.37	20.37	8.37	
4240	クラスターテクノロジー	スタンダード（内国株式）	3200	化学	4	素材・化学	-	-	316.0	1.58	5.0	1.58	5.0	1.58	配当あり	いいえ	14.34	1.03	18.0	501.0	278.0	Technology			OK	通常掲載可	OK	1022.7	10.63	11.29	89.96	0.01	98.8	22.03	22.7	7.34	
4241	アテクト	スタンダード（内国株式）	3200	化学	4	素材・化学	-	-	649.0	1.54	10.0	1.54	10.0	1.54	配当あり	いいえ	20.24	1.57	28.7	1185.0	402.0	Industrials			OK	通常掲載可	OK	3357.2	6.1	4.86	38.88	1.25	214.5	32.06	31.19	7.96	0
4242	タカギセイコー	スタンダード（内国株式）	3200	化学	4	素材・化学	-	-	1780.0	3.37	60.0	3.37	60.0	3.37	配当あり	いいえ	3.08	0.39	49.8	2030.0	1311.0	Basic Materials			OK	通常掲載可	OK	41477.0	5.17	-6.36	38.36	0.54	-568.0	577.97	10.38	13.64	4
4243	ニックス	スタンダード（内国株式）	3200	化学	4	素材・化学	-	-	928.0	2.16	20.0	2.16	20.0	2.16	配当あり	いいえ	8.0	0.46	21.6	997.0	746.0	Basic Materials			OK	通常掲載可	OK	4403.0	4.85	0.37	74.66	0.04	110.3	116.0	17.24	5.92	0
4245	ダイキアクシス	スタンダード（内国株式）	3200	化学	4	素材・化学	-	-	669.0	3.59	24.0	3.59	24.0	3.59	配当あり	いいえ	19.23	0.88	88.8	774.0	645.0	Industrials			OK	通常掲載可	OK	48321.0	2.63	3.21	25.33	1.83	-63.0	34.79	68.99	4.01	0
4246	ダイキョーニシカワ	プライム（内国株式）	3200	化学	4	素材・化学	7	TOPIX Small 2	1005.0	5.77	58.0	5.77	58.0	5.77	配当あり	いいえ	7.96	0.75	659.5	1124.0	652.0	Consumer Cyclical			OK	通常掲載可	OK	165706.0	6.19	-1.69	55.9	0.38	8190.0	126.33	45.91	9.87	2
4247	ポバール興業	スタンダード（内国株式）	3200	化学	4	素材・化学	-	-	1342.0	3.13	42.0	3.13	42.0	3.13	配当あり	いいえ	9.49	0.59	35.4	1620.0	1180.0	Basic Materials			OK	通常掲載可	OK	3605.2	11.69	6.72	82.84	0.04	215.3	141.45	29.69	6.38	2
4248	竹本容器	スタンダード（内国株式）	3200	化学	4	素材・化学	-	-	869.0	4.37	38.0	4.37	38.0	4.37	配当あり	いいえ	13.64	0.87	104.9	905.0	811.0	Consumer Cyclical			OK	通常掲載可	OK	14491.3	6.84	-7.27	71.71	0.14	-498.4	63.7	59.65	6.68	0
4249	森六	プライム（内国株式）	3200	化学	4	素材・化学	7	TOPIX Small 2	2403.0	5.2	125.0	5.2	125.0	5.2	配当あり	いいえ	14.06	0.52	344.0	2704.0	2255.0	Basic Materials			OK	通常掲載可	OK	133871.0	3.47	-8.42	53.46	0.3	-39.0	170.85	73.16	3.78	1
4251	恵和	プライム（内国株式）	3200	化学	4	素材・化学	7	TOPIX Small 2	1210.0	4.13	50.0	4.13	50.0	4.13	配当あり	いいえ	9.91	0.93	223.8	1408.0	1041.0	Technology			OK	通常掲載可	OK	20473.3	20.94	-3.11	77.12	0.09	553.6	122.09	40.95	10.16	2
4255	ＴＨＥＣＯＯ	グロース（内国株式）	5250	情報・通信業	10	情報通信・サービスその他	-	-	2550.0						配当未取得		30.77	7.96	53.6	2750.0	741.0	Technology	配当未取得	1株配当が取得できていない	除外推奨	掲載非推奨	OK_配当データ要確認	4831.3	4.08	11.54	16.15	0.0	445.7	82.88		58.58	
4256	サインド	グロース（内国株式）	5250	情報・通信業	10	情報通信・サービスその他	-	-	938.0						配当未取得		32.89	1.63	56.9	1579.0	898.0	Technology	配当未取得	1株配当が取得できていない	除外推奨	掲載非推奨	OK_配当データ要確認	2542.1	13.03	13.42	71.47	0.22	531.7	28.52		5.06	
4258	網屋	グロース（内国株式）	5250	情報・通信業	10	情報通信・サービスその他	-	-	4395.0	0.36	15.73	0.36	15.73	0.36	配当あり	いいえ	49.75	18.35	360.9	4400.0	2571.0	Technology			OK	通常掲載可	OK	5936.4	17.71	24.52	40.76	0.33	1256.7	88.34	17.81	37.55	
4259	エクサウィザーズ	グロース（内国株式）	5250	情報・通信業	10	情報通信・サービスその他	-	-	886.0	1.13	10.0	1.13	10.0	1.13	配当あり	いいえ	48.79	16.31	843.1	1445.0	391.0	Technology			OK	通常掲載可	OK	11996.0	13.29	22.27	49.16	0.48	747.0	18.16	55.07	42.93	
4260	ハイブリッドテクノロジーズ	グロース（内国株式）	5250	情報・通信業	10	情報通信・サービスその他	-	-	239.0						配当未取得		995.83	1.33	27.0	458.0	230.0	Technology	配当未取得	1株配当が取得できていない	除外推奨	掲載非推奨	OK_配当データ要確認	3024.7	0.96	-3.52	54.8	0.56	351.5	0.24		4.9	
4261	アジアクエスト	グロース（内国株式）	5250	情報・通信業	10	情報通信・サービスその他	-	-	3085.0						配当未取得		15.75	2.27	45.6	4920.0	2360.0	Technology	配当未取得	1株配当が取得できていない	除外推奨	掲載非推奨	OK_配当データ要確認	4920.3	8.93	21.15	67.22	0.08	-44.4	195.9		14.32	
4262	ニフティライフスタイル	グロース（内国株式）	5250	情報・通信業	10	情報通信・サービスその他	-	-	1322.0	4.84	64.0	4.84	64.0	4.84	配当あり	いいえ	10.8	1.34	84.0	1529.0	1185.0	Real Estate			OK	通常掲載可	OK	5238.1	22.72	6.06	83.67	0.0	853.0	122.42	52.28	12.91	1
4263	サスメド	グロース（内国株式）	5250	情報・通信業	10	情報通信・サービスその他	-	-	841.0						配当未取得			3.45	141.8	1231.0	587.0	Healthcare	配当未取得	1株配当が取得できていない	除外推奨	掲載非推奨	OK_配当データ要確認	342.6	-106.54	-35.44	93.35		-240.0	-15.31		-11.25	
4264	セキュア	グロース（内国株式）	5250	情報・通信業	10	情報通信・サービスその他	-	-	1560.0						配当未取得		46.09	2.21	96.8	1989.0	1340.0	Industrials	配当未取得	1株配当が取得できていない	除外推奨	掲載非推奨	OK_配当データ要確認	6840.8	4.77	9.5	55.66	0.35	115.8	33.85		7.04	
4265	Ｉｎｓｔｉｔｕｔｉｏｎ　ｆｏｒ　ａ　Ｇｌｏｂａｌ　Ｓｏｃｉｅｔｙ	グロース（内国株式）	5250	情報・通信業	10	情報通信・サービスその他	-	-	382.0						配当未取得			3.81	18.2	736.0	208.0	Industrials	配当未取得	1株配当が取得できていない	除外推奨	掲載非推奨	OK_配当データ要確認	659.1	-34.47	9.32	73.7	0.22	26.7	-61.27		-51.82	
4270	ＢｅｅＸ	グロース（内国株式）	5250	情報・通信業	10	情報通信・サービスその他	-	-	1867.0	1.34	25.0	1.34	25.0	1.34	配当あり	いいえ	10.23	1.37	42.0	2715.0	1756.0	Technology			OK	通常掲載可	OK	10626.1	5.58	14.81	52.79	0.07	234.8	182.59	13.69	15.94	
4272	日本化薬	プライム（内国株式）	3200	化学	4	素材・化学	4	TOPIX Mid400	2033.5	3.25	66.0	3.25	66.0	3.25	配当あり	いいえ	12.61	1.08	3016.2	2192.5	1298.5	Basic Materials			OK	通常掲載可	OK	222584.0	9.17	10.3	71.59	0.16	-5478.0	161.26	40.93	9.01	1
4274	細谷火工	スタンダード（内国株式）	3200	化学	4	素材・化学	-	-	1068.0	1.22	13.0	1.22	13.0	1.22	配当あり	いいえ	20.04	1.23	42.7	1999.0	987.0	Basic Materials			OK	通常掲載可	OK	2137.1	14.18	4.81	71.98	0.15	257.5	53.29	24.39	6.39	1
4275	カーリット	プライム（内国株式）	3200	化学	4	素材・化学	7	TOPIX Small 2	2570.0	1.63	42.0	1.63	42.0	1.63	配当あり	いいえ	19.68	1.44	566.8	3095.0	1168.0	Basic Materials			OK	通常掲載可	OK	36247.0	9.55	-1.81	68.99	0.12	1660.0	130.56	32.17	7.7	4
4284	ソルクシーズ	スタンダード（内国株式）	5250	情報・通信業	10	情報通信・サービスその他	-	-	436.0	3.21	14.0	3.21	14.0	3.21	配当あり	いいえ	11.55	1.35	87.4	554.0	382.0	Technology			OK	通常掲載可	OK	17359.3	8.05	8.22	52.85	0.32	1488.5	37.76	37.08	11.17	1
4286	ＣＬホールディングス	スタンダード（内国株式）	9050	サービス業	10	情報通信・サービスその他	7	TOPIX Small 2	1144.0	2.71	31.0	2.71	31.0	2.71	配当あり	いいえ	19.68	1.57	122.8	1299.0	761.0	Communication Services			OK	通常掲載可	OK	39002.1	3.6	1.88	31.77	1.17	297.8	58.12	53.34	11.41	1
4287	ジャストプランニング	スタンダード（内国株式）	5250	情報・通信業	10	情報通信・サービスその他	-	-	457.0	2.84	13.0	2.84	13.0	2.84	配当あり	いいえ	10.63	1.39	51.8	597.0	412.0	Technology			OK	通常掲載可	OK	2533.8	23.96	15.02	90.44		665.8	43.0	30.23	13.91	2
4288	アズジェント	スタンダード（内国株式）	5250	情報・通信業	10	情報通信・サービスその他	-	-	445.0						配当未取得		10.11	1.01	17.0	979.0	338.0	Technology	配当未取得	1株配当が取得できていない	除外推奨	掲載非推奨	OK_配当データ要確認	2971.2	-6.92	25.38	21.42	1.19	-299.5	44.01		22.19	0
428A	サイプレス・ホールディングス	スタンダード（内国株式）	6100	小売業	14	小売	-	-	1270.0	0.79	10.0	0.79	10.0	0.79	配当あり	いいえ	34.72	6.34	161.9	1329.0	610.0	Consumer Cyclical			OK	通常掲載可	OK	11288.4	6.78	10.06	20.29	2.95	862.4	36.58	27.34	18.26	
4290	プレステージ・インターナショナル	プライム（内国株式）	9050	サービス業	10	情報通信・サービスその他	6	TOPIX Small 1	649.0	4.31	28.0	4.31	28.0	4.31	配当あり	いいえ	13.85	1.66	809.5	762.0	598.0	Industrials			OK	通常掲載可	OK	70911.3	12.51	11.29	59.14	0.13	4105.5	46.86	59.75	13.14	4
4293	セプテーニ・ホールディングス	スタンダード（内国株式）	9050	サービス業	10	情報通信・サービスその他	-	-	477.0	3.77	18.0	3.77	18.0	3.77	配当あり	いいえ	28.33	1.51	989.5	582.0	379.0	Communication Services			OK	通常掲載可	OK	30308.9	13.98	7.16	69.07		2901.2	16.84	106.89	7.09	0
4299	ハイマックス	スタンダード（内国株式）	5250	情報・通信業	10	情報通信・サービスその他	7	TOPIX Small 2	1182.0	3.89	46.0	3.89	46.0	3.89	配当あり	いいえ	11.63	1.13	123.2	1378.0	1111.0	Technology			OK	通常掲載可	OK	18216.0	8.57	0.83	80.65		1337.0	101.65	45.25	10.06	2
429A	テクセンドフォトマスク	プライム（内国株式）	3800	その他製品	10	情報通信・サービスその他	7	TOPIX Small 2	4775.0	1.47	70.0	1.47	70.0	1.47	配当あり	いいえ	18.59	2.72	4743.9	5290.0	2671.0	Technology			OK	通常掲載可	OK	129576.0	21.25	9.83	75.63	0.01	-4529.0	256.9	27.25	17.15	
4301	アミューズ	プライム（内国株式）	9050	サービス業	10	情報通信・サービスその他	7	TOPIX Small 2	1880.0	3.4	64.0	3.4	64.0	3.4	配当あり	いいえ	11.33	0.84	304.8	2178.0	1599.0	Communication Services			OK	通常掲載可	OK	69655.0	8.79	2.15	57.7	0.01	5720.0	166.0	38.55	8.23	0
4307	野村総合研究所	プライム（内国株式）	5250	情報・通信業	10	情報通信・サービスその他	2	TOPIX Large70	4910.0	1.71	84.0	1.71	84.0	1.71	配当あり	いいえ	185.21	6.5	27524.3	6476.0	3518.0	Technology			OK	通常掲載可	OK	814708.0	7.02	6.52	45.21	0.54	101330.0	26.51	316.86	3.6	6
4308	Ｊストリーム	グロース（内国株式）	5250	情報・通信業	10	情報通信・サービスその他	-	-	355.0	3.94	14.0	3.94	14.0	3.94	配当あり	いいえ	18.18	0.82	88.3	420.0	335.0	Communication Services			OK	通常掲載可	OK	11997.8	6.89	1.67	81.49	0.01	-29.2	19.53	71.68	4.87	0
4310	ドリームインキュベータ	プライム（内国株式）	9050	サービス業	10	情報通信・サービスその他	7	TOPIX Small 2	2648.0	10.35	274.0	10.35	274.0	10.35	配当あり	いいえ	14.6	2.0	231.4	3090.0	2225.0	Financial Services	高利回り要確認	1株配当が株価の10%以上 / 配当利回りが8%以上	要確認	手動確認後に掲載	OK_高利回り要確認	8691.0	20.6	40.56	73.99	0.0	2489.0	181.39	151.06	12.75	2
4316	ビーマップ	グロース（内国株式）	5250	情報・通信業	10	情報通信・サービスその他	-	-	128.0						配当未取得			0.94	4.6	2282.0	116.0	Technology	配当未取得	1株配当が取得できていない	除外推奨	掲載非推奨	OK_配当データ要確認	1721.3	-5.68	15.19	51.18	0.39	-139.2	-43.38		-29.08	
4317	レイ	スタンダード（内国株式）	9050	サービス業	10	情報通信・サービスその他	-	-	481.0	3.12	15.0	3.12	15.0	3.12	配当あり	いいえ	4.88	0.81	63.3	756.0	445.0	Communication Services			OK	通常掲載可	OK	13419.0	13.09	28.33	71.27	0.07	953.9	98.6	15.21	17.89	0
4318	クイック	プライム（内国株式）	9050	サービス業	10	情報通信・サービスその他	7	TOPIX Small 2	740.0	5.14	38.0	5.14	38.0	5.14	配当あり	いいえ	9.99	2.14	413.4	961.0	695.0	Industrials			OK	通常掲載可	OK	32501.0	13.95	10.22	70.98	0.01	3451.0	74.07	51.3	22.34	0
431A	ユーソナー	グロース（内国株式）	5250	情報・通信業	10	情報通信・サービスその他	-	-	1940.0						配当未取得		17.18	3.45	159.4	3700.0	1651.0	Technology	配当未取得	1株配当が取得できていない	除外推奨	掲載非推奨	OK_配当データ要確認	7191.6	19.34	18.38	58.36	0.08	1538.5	112.91		20.08	
4320	ＣＥホールディングス	スタンダード（内国株式）	5250	情報・通信業	10	情報通信・サービスその他	-	-	1718.0	1.4	24.0	1.4	24.0	1.4	配当あり	いいえ	18.12	3.51	286.5	1859.0	660.0	Healthcare			OK	通常掲載可	OK	15831.1	8.92	8.77	65.16	0.19	392.2	94.83	25.31	21.12	4
4323	日本システム技術	プライム（内国株式）	5250	情報・通信業	10	情報通信・サービスその他	7	TOPIX Small 2	1782.0	2.81	50.0	2.81	50.0	2.81	配当あり	いいえ	16.81	2.63	440.5	2731.0	1487.0	Technology			OK	通常掲載可	OK	32459.3	12.05	10.69	66.21	0.0	2920.7	106.03	47.16	16.64	4
4324	電通グループ	プライム（内国株式）	9050	サービス業	10	情報通信・サービスその他	4	TOPIX Mid400	3243.0						配当未取得			2.02	8418.4	3554.0	2642.0	Communication Services	配当未取得	1株配当が取得できていない	除外推奨	掲載非推奨	OK_配当データ要確認	1435245.0	10.2	1.72	11.69	1.25	34300.0	-1262.18		-46.96	0
4326	インテージホールディングス	プライム（内国株式）	5250	情報・通信業	10	情報通信・サービスその他	7	TOPIX Small 2	1759.0	2.73	48.0	2.73	48.0	2.73	配当あり	いいえ	24.81	1.92	672.1	2044.0	1598.0	Communication Services			OK	通常掲載可	OK	65571.1	6.47	3.62	70.6	0.01	5124.0	70.89	67.71	11.28	0
4331	テイクアンドギヴ・ニーズ	プライム（内国株式）	9050	サービス業	10	情報通信・サービスその他	7	TOPIX Small 2	661.0	6.05	40.0	6.05	40.0	6.05	配当あり	いいえ	3.7	0.54	96.5	972.0	644.0	Consumer Cyclical			OK	通常掲載可	OK	35709.0	4.55	-25.09	33.97	1.33	-973.0	178.8	22.37	14.59	1
4334	ユークス	スタンダード（内国株式）	5250	情報・通信業	10	情報通信・サービスその他	-	-	378.0	2.65	10.0	2.65	10.0	2.65	配当あり	いいえ	18.02	1.23	31.8	474.0	363.0	Communication Services			OK	通常掲載可	OK	4288.9	4.22	31.73	64.96	0.21	121.4	20.98	47.66	7.48	0
4335	ＩＰＳホールディングス	スタンダード（内国株式）	5250	情報・通信業	10	情報通信・サービスその他	-	-	1095.0	3.47	38.0	3.47	38.0	3.47	配当あり	いいえ	8.8	1.4	25.1	1288.0	1090.0	Technology			OK	通常掲載可	OK	3129.2	10.5	10.51	57.33		-79.9	124.5	30.52	16.82	3
4337	ぴあ	プライム（内国株式）	9050	サービス業	10	情報通信・サービスその他	7	TOPIX Small 2	2713.0	1.11	30.0	1.11	30.0	1.11	配当あり	いいえ	12.53	3.87	416.4	3775.0	2323.0	Communication Services			OK	通常掲載可	OK	55330.0	7.8	21.97	9.17	1.47	10476.0	216.5	13.86	36.88	0
4341	西菱電機	スタンダード（内国株式）	9050	サービス業	10	情報通信・サービスその他	-	-	887.0	3.38	30.0	3.38	30.0	3.38	配当あり	いいえ	12.06	0.54	30.0	1040.0	763.0	Communication Services			OK	通常掲載可	OK	20675.0	1.84	7.15	46.01	0.16	442.0	73.53	40.8	4.45	0
4343	イオンファンタジー	プライム（内国株式）	9050	サービス業	10	情報通信・サービスその他	7	TOPIX Small 2	2559.0	0.78	20.0	0.78	20.0	0.78	配当あり	いいえ	18.15	6.45	506.2	4020.0	2274.0	Consumer Cyclical			OK	通常掲載可	OK	93290.0	6.55	6.93	12.22	5.25	-2687.2	141.0	14.18	36.49	0
4344	ソースネクスト	プライム（内国株式）	5250	情報・通信業	10	情報通信・サービスその他	7	TOPIX Small 2	105.0						配当未取得			2.6	145.2	197.0	99.0	Technology	配当未取得	1株配当が取得できていない	除外推奨	掲載非推奨	OK_配当データ要確認	11455.9	-30.38	1.07	45.83	0.68	-3210.1	-21.78			1
4345	シーティーエス	プライム（内国株式）	9050	サービス業	10	情報通信・サービスその他	7	TOPIX Small 2	842.0	3.56	30.0	3.56	30.0	3.56	配当あり	いいえ	12.94	2.21	347.0	1112.0	798.0	Industrials			OK	通常掲載可	OK	12747.0	26.43	7.83	76.22	0.12	2907.0	65.09	46.09	18.8	2
4346	ＮＥＸＹＺ．Ｇｒｏｕｐ	スタンダード（内国株式）	7200	その他金融業	16	金融（除く銀行）	-	-	767.0	2.61	20.0	2.61	20.0	2.61	配当あり	いいえ	6.37	2.71	99.8	1171.0	660.0	Industrials			OK	通常掲載可	OK	28433.0	6.4	16.07	17.75	1.61	1617.0	120.42	16.61	39.42	1
4347	ブロードメディア	スタンダード（内国株式）	9050	サービス業	10	情報通信・サービスその他	-	-	1787.0	3.64	65.0	3.64	65.0	3.64	配当あり	いいえ	16.29	2.52	127.4	2489.0	1552.0	Communication Services			OK	通常掲載可	OK	15794.5	6.73	1.68	51.86	0.19	493.1	109.72	59.24	15.11	3
4350	メディカルシステムネットワーク	スタンダード（内国株式）	6100	小売業	14	小売	7	TOPIX Small 2	473.0	2.54	12.0	2.54	12.0	2.54	配当あり	いいえ	12.9	0.8	138.3	558.0	433.0	Healthcare			OK	通常掲載可	OK	132186.0	2.51	8.01	21.58	2.18	-6303.0	36.66	32.73	6.59	0
4351	山田再生系債権回収総合事務所	スタンダード（内国株式）	7200	その他金融業	16	金融（除く銀行）	-	-	862.0	1.16	10.0	1.16	10.0	1.16	配当あり	いいえ	51.56	1.14	36.7	1500.0	820.0	Industrials			OK	通常掲載可	OK	2280.6	3.25	-0.42	58.13	0.38	1406.9	16.72	59.81	2.52	0
4356	応用技術	スタンダード（内国株式）	5250	情報・通信業	10	情報通信・サービスその他	-	-	1568.0	2.55	40.0	2.55	40.0	2.55	配当あり	いいえ	9.78	8.49	89.5	2106.0	1500.0	Technology			OK	通常掲載可	OK	7454.1	16.1	-4.9	75.96		1323.7	160.25	24.96	6.5	1
4360	マナック・ケミカル・パートナーズ	スタンダード（内国株式）	3200	化学	4	素材・化学	-	-	831.0	1.81	15.0	1.81	15.0	1.81	配当あり	いいえ	8.7	0.6	67.9	1181.0	492.0	Basic Materials			OK	通常掲載可	OK	10993.0	6.72	18.15	73.82	0.08	523.0	95.57	15.7	7.23	0
4361	川口化学工業	スタンダード（内国株式）	3200	化学	4	素材・化学	-	-	1513.0	3.97	60.0	3.97	60.0	3.97	配当あり	いいえ	6.17	0.59	18.4	1910.0	1316.0	Basic Materials			OK	通常掲載可	OK	8814.5	4.84	-1.19	35.33	1.13	91.4	245.11	24.48	10.3	0
4362	日本精化	プライム（内国株式）	3200	化学	4	素材・化学	7	TOPIX Small 2	2576.0	4.04	104.0	4.04	104.0	4.04	配当あり	いいえ	12.72	1.09	558.6	3115.0	2326.0	Basic Materials			OK	通常掲載可	OK	33796.4	15.81	-5.24	78.54	0.0	3826.0	202.47	51.37	8.88	8
4365	松本油脂製薬	スタンダード（内国株式）	3200	化学	4	素材・化学	-	-	20180.0	4.46	900.0	4.46	900.0	4.46	配当あり	いいえ	7.28	0.66	585.5	21500.0	19500.0	Basic Materials			OK	通常掲載可	OK	41069.0	19.87	-4.78	84.25		6277.0	2770.71	32.48	9.39	0
4366	ダイトーケミックス	スタンダード（内国株式）	3200	化学	4	素材・化学	-	-	501.0	1.8	9.0	1.8	9.0	1.8	配当あり	いいえ	20.41	0.99	161.4	620.0	233.0	Basic Materials			OK	通常掲載可	OK	19476.0	4.48	4.46	56.8	0.42	1718.0	24.55	36.66	5.07	1
4367	広栄化学	スタンダード（内国株式）	3200	化学	4	素材・化学	-	-	2749.0	2.91	80.0	2.91	80.0	2.91	配当あり	いいえ		1.08	134.5	3030.0	2080.0	Basic Materials			OK	通常掲載可	OK	17009.2	2.14	-15.03	53.87	0.43	543.8	-1049.84		0.56	0
4368	扶桑化学工業	プライム（内国株式）	3200	化学	4	素材・化学	6	TOPIX Small 1	4330.0	0.65	28.0	0.65	28.0	0.65	配当あり	いいえ	32.05	3.91	4581.0	4995.0	1275.0	Basic Materials			OK	通常掲載可	OK	76926.0	24.5	10.68	76.99	0.14	14683.6	135.1	20.73	12.94	5
4369	トリケミカル研究所	プライム（内国株式）	3200	化学	4	素材・化学	6	TOPIX Small 1	3635.0	0.96	35.0	0.96	35.0	0.96	配当あり	いいえ	21.41	3.21	1181.3	4455.0	2455.0	Basic Materials			OK	通常掲載可	OK	23883.2	24.71	26.33	76.47	0.11	-2539.7	169.75	20.62	18.11	1
436A	サイバーソリューションズ	グロース（内国株式）	5250	情報・通信業	10	情報通信・サービスその他	-	-	1009.0	3.77	38.0	3.77	38.0	3.77	配当あり	いいえ	15.18	10.14	159.2	1990.0	920.0	Technology			OK	通常掲載可	OK	3126.2	39.02	13.75	44.51	0.27	1030.3	66.49	57.15	66.8	
4370	モビルス	グロース（内国株式）	5250	情報・通信業	10	情報通信・サービスその他	-	-	303.0						配当未取得		38.16	1.35	18.3	631.0	271.0	Technology	配当未取得	1株配当が取得できていない	除外推奨	掲載非推奨	OK_配当データ要確認	1854.7	4.89	20.9	61.6	0.22	-235.8	7.94		5.57	
4371	コアコンセプト・テクノロジー	グロース（内国株式）	5250	情報・通信業	10	情報通信・サービスその他	-	-	1474.0	1.42	21.0	1.42	21.0	1.42	配当あり	いいえ	17.04	5.19	235.3	1482.0	893.0	Technology			OK	通常掲載可	OK	20878.5	10.55	8.93	59.08	0.05	1703.8	86.52	24.27	26.78	
4372	ユミルリンク	グロース（内国株式）	5250	情報・通信業	10	情報通信・サービスその他	-	-	1229.0	1.63	20.0	1.63	20.0	1.63	配当あり	いいえ	12.99	1.55	47.1	1663.0	1068.0	Technology			OK	通常掲載可	OK	3054.6	21.97	14.43	83.9	0.0	310.4	94.63	21.13	13.01	0
4373	シンプレクス・ホールディングス	プライム（内国株式）	5250	情報・通信業	10	情報通信・サービスその他	6	TOPIX Small 1	1018.0	2.36	24.0	2.36	24.0	2.36	配当あり	いいえ	22.52	4.43	2278.9	1225.0	758.0	Technology			OK	通常掲載可	OK	58682.0	24.57	23.82	58.35	0.44	10295.0	45.2	53.1	21.02	3
4374	ＲＯＢＯＴ　ＰＡＹＭＥＮＴ	グロース（内国株式）	5250	情報・通信業	10	情報通信・サービスその他	-	-	2428.0	1.28	31.0	1.28	31.0	1.28	配当あり	いいえ	17.39	6.59	90.9	3540.0	2078.0	Technology			OK	通常掲載可	OK	3256.4	23.78	17.9	15.19	0.0	3778.5	139.61	22.2	53.41	1
4375	セーフィー	グロース（内国株式）	5250	情報・通信業	10	情報通信・サービスその他	-	-	672.0						配当未取得		86.15	4.04	374.3	1192.0	590.0	Technology	配当未取得	1株配当が取得できていない	除外推奨	掲載非推奨	OK_配当データ要確認	19029.0	-0.43	26.44	75.31	0.0	60.6	7.8		7.25	
4376	くふうカンパニーホールディングス	グロース（内国株式）	5250	情報・通信業	10	情報通信・サービスその他	-	-	158.0						配当未取得			1.15	95.3	216.0	148.0	Industrials	配当未取得	1株配当が取得できていない	除外推奨	掲載非推奨	OK_配当データ要確認	14110.0	3.71	-9.23	48.56	0.42	157.0	-28.82		-14.12	
4377	ワンキャリア	グロース（内国株式）	5250	情報・通信業	10	情報通信・サービスその他	-	-	2135.0	1.59	34.0	1.59	34.0	1.59	配当あり	いいえ	26.32	7.09	392.0	2948.0	1667.0	Industrials			OK	通常掲載可	OK	7576.8	28.09	40.28	69.18	0.02	2037.7	81.13	41.91	31.38	1
4378	ＣＩＮＣ	グロース（内国株式）	5250	情報・通信業	10	情報通信・サービスその他	-	-	532.0						配当未取得			1.43	15.7	1610.0	435.0	Technology	配当未取得	1株配当が取得できていない	除外推奨	掲載非推奨	OK_配当データ要確認	1824.9	-6.18	-8.08	76.5	0.02	-175.9	-18.25			
4379	Ｐｈｏｔｏｓｙｎｔｈ	グロース（内国株式）	5250	情報・通信業	10	情報通信・サービスその他	-	-	403.0						配当未取得		21.46	2.48	62.3	538.0	325.0	Technology	配当未取得	1株配当が取得できていない	除外推奨	掲載非推奨	OK_配当データ要確認	3384.8	6.83	14.29	61.97	0.03	305.2	18.78		9.18	
4380	Ｍマート	グロース（内国株式）	5250	情報・通信業	10	情報通信・サービスその他	-	-	1135.0	4.58	52.0	4.58	52.0	4.58	配当あり	いいえ	13.12	2.6	55.5	1460.0	1025.0	Consumer Defensive			OK	通常掲載可	OK	1363.7	46.38	5.34	68.9		448.1	86.49	60.12	21.43	3
4381	ビープラッツ	グロース（内国株式）	5250	情報・通信業	10	情報通信・サービスその他	-	-	184.0						配当未取得			-1.19	5.4	615.0	170.0	Technology	配当未取得	1株配当が取得できていない	除外推奨	掲載非推奨	OK_配当データ要確認	727.2	-17.38	2.96	-109.11		30.6	-361.82			
4382	ＨＥＲＯＺ	スタンダード（内国株式）	5250	情報・通信業	10	情報通信・サービスその他	7	TOPIX Small 2	717.0						配当未取得		31.54	2.16	109.0	1256.0	693.0	Technology	配当未取得	1株配当が取得できていない	除外推奨	掲載非推奨	OK_配当データ要確認	5929.8	5.17	22.47	56.92	0.44	-200.2	22.73		11.22	
4385	メルカリ	プライム（内国株式）	5250	情報・通信業	10	情報通信・サービスその他	4	TOPIX Mid400	4392.0						配当未取得		25.32	6.03	7248.7	4401.0	2069.0	Consumer Cyclical	配当未取得	1株配当が取得できていない	除外推奨	掲載非推奨	OK_配当データ要確認	192633.0	14.45	2.79	18.26	2.01	-43492.0	173.48		32.97	
4386	ＳＩＧグループ	スタンダード（内国株式）	5250	情報・通信業	10	情報通信・サービスその他	-	-	823.0	4.13	34.0	4.13	34.0	4.13	配当あり	いいえ	9.79	1.68	47.1	1086.0	730.0	Technology			OK	通常掲載可	OK	10877.3	6.91	24.04	46.63	0.51	625.5	84.03	40.46	18.32	2
4387	ＺＵＵ	グロース（内国株式）	5250	情報・通信業	10	情報通信・サービスその他	-	-	463.0						配当未取得			2.03	22.0	786.0	450.0	Technology	配当未取得	1株配当が取得できていない	除外推奨	掲載非推奨	OK_配当データ要確認	2622.1	-13.16	-12.41	6.22	0.8	-213.6	-83.8		-1.55	
4388	エーアイ	スタンダード（内国株式）	5250	情報・通信業	10	情報通信・サービスその他	-	-	371.0	1.08	4.0	1.08	4.0	1.08	配当あり	いいえ	20.88	1.02	22.6	566.0	351.0	Technology			OK	通常掲載可	OK	1850.1	5.44	24.5	87.04	0.04	50.0	17.77	22.51	4.68	0
4389	プロパティデータバンク	グロース（内国株式）	5250	情報・通信業	10	情報通信・サービスその他	-	-	995.0	3.22	32.0	3.22	32.0	3.22	配当あり	いいえ	16.37	3.12	103.0	1072.0	744.0	Technology			OK	通常掲載可	OK	3721.2	29.89	12.08	71.42	0.15	435.5	60.79	52.64	20.01	1
438A	インフキュリオン	グロース（内国株式）	5250	情報・通信業	10	情報通信・サービスその他	-	-	815.0						配当未取得		35.71	3.03	168.9	1695.0	674.0	Technology	配当未取得	1株配当が取得できていない	除外推奨	掲載非推奨	OK_配当データ要確認	9505.7	4.63	32.49	51.84	0.56	-697.2	22.82		11.13	
4390	ＩＰＳ	プライム（内国株式）	5250	情報・通信業	10	情報通信・サービスその他	7	TOPIX Small 2	3670.0	1.09	40.0	1.09	40.0	1.09	配当あり	いいえ	11.63	2.51	480.3	4300.0	2201.0	Communication Services			OK	通常掲載可	OK	16999.0	31.59	11.37	37.51	0.66	-2492.0	315.62	12.67	21.75	2
4391	ロジザード	グロース（内国株式）	5250	情報・通信業	10	情報通信・サービスその他	-	-	1096.0	1.64	18.0	1.64	18.0	1.64	配当あり	いいえ	16.92	2.15	35.7	1633.0	1010.0	Technology			OK	通常掲載可	OK	2177.0	18.74	10.09	84.48		219.7	64.77	27.79	16.02	2
4392	ＦＩＧ	プライム（内国株式）	5250	情報・通信業	10	情報通信・サービスその他	-	-	1171.0	0.85	10.0	0.85	10.0	0.85	配当あり	いいえ	45.87	5.79	355.7	3075.0	275.0	Technology			OK	通常掲載可	OK	13318.0	6.26	10.84	56.62	0.43	-136.0	25.53	39.17	12.62	1
4393	バンク・オブ・イノベーション	グロース（内国株式）	5250	情報・通信業	10	情報通信・サービスその他	-	-	5270.0						配当未取得		12.3	14.52	209.4	14450.0	4225.0	Communication Services	配当未取得	1株配当が取得できていない	除外推奨	掲載非推奨	OK_配当データ要確認	12366.0	17.42	-9.17	73.21	0.0	2832.0	428.45		19.99	
4394	エクスモーション	グロース（内国株式）	5250	情報・通信業	10	情報通信・サービスその他	-	-	450.0	4.44	20.0	4.44	20.0	4.44	配当あり	いいえ	21.37	1.65	27.2	462.0	366.5	Technology			OK	通常掲載可	OK	1386.8	13.7	7.94	89.88		207.2	21.06	94.97	8.85	4
4395	アクリート	グロース（内国株式）	5250	情報・通信業	10	情報通信・サービスその他	-	-	770.0	1.3	10.0	1.3	10.0	1.3	配当あり	いいえ	16.78	1.64	57.7	1665.0	645.0	Communication Services			OK	通常掲載可	OK	8791.2	6.02	38.49	48.67	0.41	-749.1	45.89	21.79	8.59	0
4396	システムサポートホールディングス	プライム（内国株式）	5250	情報・通信業	10	情報通信・サービスその他	7	TOPIX Small 2	1059.0	2.93	31.0	2.93	31.0	2.93	配当あり	いいえ	13.09	3.21	218.2	1737.5	936.0	Technology			OK	通常掲載可	OK	26938.1	8.24	22.28	44.11	0.33	2073.1	80.91	38.31	27.27	3
4397	チームスピリット	グロース（内国株式）	5250	情報・通信業	10	情報通信・サービスその他	-	-	382.0						配当未取得		15.19	13.38	58.2	665.0	350.0	Technology	配当未取得	1株配当が取得できていない	除外推奨	掲載非推奨	OK_配当データ要確認	4922.7	5.48	11.32	36.31		442.5	25.14		88.08	
4398	ブロードバンドセキュリティ	スタンダード（内国株式）	5250	情報・通信業	10	情報通信・サービスその他	-	-	1235.0	1.3	16.0	1.3	16.0	1.3	配当あり	いいえ	29.15	2.3	54.6	1610.0	1200.0	Technology			OK	通常掲載可	OK	6104.0	4.23	-5.47	55.5	0.18	102.1	42.36	37.77	11.64	1
4401	ＡＤＥＫＡ	プライム（内国株式）	3200	化学	4	素材・化学	4	TOPIX Mid400	4280.0	2.8	120.0	2.8	120.0	2.8	配当あり	いいえ	15.41	1.34	4150.6	5104.0	2800.0	Basic Materials			OK	通常掲載可	OK	416563.0	9.99	2.31	55.97	0.2	18243.0	277.77	43.2	8.77	2
4403	日油	プライム（内国株式）	3200	化学	4	素材・化学	4	TOPIX Mid400	2815.5	2.49	70.0	2.49	70.0	2.49	配当あり	いいえ	15.97	2.16	6356.4	3400.0	2512.5	Basic Materials			OK	通常掲載可	OK	257967.0	18.38	8.25	73.99	0.02	21474.0	176.25	39.72	14.12	5
4404	ミヨシ油脂	スタンダード（内国株式）	3050	食料品	1	食品	-	-	1845.0	3.79	70.0	3.79	70.0	3.79	配当あり	いいえ	1.96	0.44	188.2	2670.0	1752.0	Consumer Defensive			OK	通常掲載可	OK	59474.0	3.3	4.28	50.65	0.35	-3155.0	943.16	7.42	26.84	3
4406	新日本理化	スタンダード（内国株式）	3200	化学	4	素材・化学	-	-	204.0	2.21	4.5	2.21	4.5	2.21	配当あり	いいえ	12.73	0.39	76.1	299.0	188.0	Basic Materials			OK	通常掲載可	OK	32105.0	1.79	-1.83	48.93	0.37	1236.0	16.03	28.07	3.23	0
4409	東邦化学工業	スタンダード（内国株式）	3200	化学	4	素材・化学	-	-	739.0	5.95	44.0	5.95	44.0	5.95	配当あり	いいえ	10.17	0.65	155.4	835.0	715.0	Basic Materials			OK	通常掲載可	OK	53625.0	3.89	0.02	33.93	1.19	-128.0	72.64	60.57	6.75	2
4410	ハリマ化成グループ	プライム（内国株式）	3200	化学	4	素材・化学	7	TOPIX Small 2	1056.0	3.98	42.0	3.98	42.0	3.98	配当あり	いいえ	10.94	0.63	256.7	1208.0	793.0	Basic Materials			OK	通常掲載可	OK	103763.0	3.17	2.73	39.65	0.99	4229.0	96.52	43.51	5.89	0
4412	サイエンスアーツ	グロース（内国株式）	5250	情報・通信業	10	情報通信・サービスその他	-	-	1280.0	0.08	1.0	0.08	1.0	0.08	配当あり	いいえ	55.87	6.91	103.8	2655.0	1053.0	Technology			OK	通常掲載可	OK	1654.6	6.48	39.66	67.09	0.05	271.8	22.91	4.36	13.26	
4413	ボードルア	プライム（内国株式）	5250	情報・通信業	10	情報通信・サービスその他	7	TOPIX Small 2	2895.0	0.35	10.1	0.35	10.1	0.35	配当あり	いいえ	36.77	11.7	903.1	3430.0	1693.0	Technology			OK	通常掲載可	OK	17423.3	19.46	49.56	55.04	0.33	2848.4	78.74	12.83	39.99	
4414	フレクト	グロース（内国株式）	5250	情報・通信業	10	情報通信・サービスその他	-	-	1185.0						配当未取得		9.34	3.05	63.9	2219.0	950.0	Technology	配当未取得	1株配当が取得できていない	除外推奨	掲載非推奨	OK_配当データ要確認	8251.7	15.08	3.81	60.48	0.2	221.5	126.91		27.6	
4415	ブロードエンタープライズ	グロース（内国株式）	5250	情報・通信業	10	情報通信・サービスその他	-	-	1255.0	3.37	42.32	3.37	42.32	3.37	配当あり	いいえ	18.55	4.16	77.1	1570.0	677.0	Communication Services			OK	通常掲載可	OK	7413.6	13.19	57.83	15.11	3.75	-2631.6	67.64	62.57	34.47	
4416	Ｔｒｕｅ　Ｄａｔａ	グロース（内国株式）	5250	情報・通信業	10	情報通信・サービスその他	-	-	442.0						配当未取得		26.59	1.84	21.4	984.0	364.0	Technology	配当未取得	1株配当が取得できていない	除外推奨	掲載非推奨	OK_配当データ要確認	1870.5	5.43	20.34	75.87	0.0	157.3	16.62		7.13	
4417	グローバルセキュリティエキスパート	グロース（内国株式）	5250	情報・通信業	10	情報通信・サービスその他	-	-	4210.0	1.17	49.12	1.17	49.12	1.17	配当あり	いいえ	42.55	14.4	631.8	4575.0	2200.0	Technology			OK	通常掲載可	OK	11022.1	20.31	25.23	44.19	0.37	1085.0	98.94	49.65	39.74	3
4418	ＪＤＳＣ	グロース（内国株式）	5250	情報・通信業	10	情報通信・サービスその他	-	-	762.0						配当未取得		23.31	1.95	120.2	1946.0	596.0	Technology	配当未取得	1株配当が取得できていない	除外推奨	掲載非推奨	OK_配当データ要確認	16457.9	0.31	748.49	43.27	0.5	-730.6	32.69		8.28	
4419	Ｆｉｎａｔｅｘｔホールディングス	グロース（内国株式）	5250	情報・通信業	10	情報通信・サービスその他	-	-	1516.0						配当未取得		52.08	7.25	786.8	1550.0	754.0	Technology	配当未取得	1株配当が取得できていない	除外推奨	掲載非推奨	OK_配当データ要確認	11052.5	17.2	43.5	46.61	0.16	-584.1	29.11		15.96	
441A	ＮＥ	グロース（内国株式）	5250	情報・通信業	10	情報通信・サービスその他	7	TOPIX Small 2	246.0						配当未取得		8.05	0.88	81.2	420.5	206.0	Technology	配当未取得	1株配当が取得できていない	除外推奨	掲載非推奨	OK_配当データ要確認							30.55		24.84	
4420	イーソル	スタンダード（内国株式）	5250	情報・通信業	10	情報通信・サービスその他	7	TOPIX Small 2	801.0	0.69	5.5	0.69	5.5	0.69	配当あり	いいえ	25.71	2.61	157.8	1004.0	465.0	Technology			OK	通常掲載可	OK	12129.8	6.72	1.86	72.09	0.02	181.0	31.16	17.65	13.1	0
4421	ディ・アイ・システム	スタンダード（内国株式）	5250	情報・通信業	10	情報通信・サービスその他	-	-	938.0	2.99	28.0	2.99	28.0	2.99	配当あり	いいえ	10.67	1.65	27.3	1104.0	881.0	Technology			OK	通常掲載可	OK	7223.0	4.94	5.74	52.63	0.0	112.5	87.89	31.86	13.38	4
4422	ＶＡＬＵＥＮＥＸ	グロース（内国株式）	5250	情報・通信業	10	情報通信・サービスその他	-	-	585.0						配当未取得		47.18	5.97	50.1	1630.0	155.33	Industrials	配当未取得	1株配当が取得できていない	除外推奨	掲載非推奨	OK_配当データ要確認	690.9	-10.62	-12.15	77.79	0.0	-116.0	12.4		18.61	
4424	Ａｍａｚｉａ	グロース（内国株式）	5250	情報・通信業	10	情報通信・サービスその他	-	-	272.0						配当未取得			2.19	17.9	705.0	196.0	Technology	配当未取得	1株配当が取得できていない	除外推奨	掲載非推奨	OK_配当データ要確認	2843.2	-13.05	-20.74	62.06		-452.7	-35.33			
4425	Ｋｕｄａｎ	グロース（内国株式）	5250	情報・通信業	10	情報通信・サービスその他	-	-	1995.0						配当未取得			8.53	226.0	3140.0	930.0	Technology	配当未取得	1株配当が取得できていない	除外推奨	掲載非推奨	OK_配当データ要確認	1197.0	-48.95	131.28	88.73	0.08	-644.8	-16.76		-6.52	
4427	ＥｄｕＬａｂ	グロース（内国株式）	5250	情報・通信業	10	情報通信・サービスその他	-	-	173.0						配当未取得			1.3	17.7	419.0	165.0	Technology	配当未取得	1株配当が取得できていない	除外推奨	掲載非推奨	OK_配当データ要確認	6229.7	6.29	-12.77	37.55	0.38	-150.1	-19.43		-5.69	1
4428	シノプス	グロース（内国株式）	5250	情報・通信業	10	情報通信・サービスその他	-	-	635.0	2.68	17.0	2.68	17.0	2.68	配当あり	いいえ	18.25	2.12	39.5	1024.0	611.0	Technology			OK	通常掲載可	OK	2040.7	15.15	14.87	77.86	0.0	285.9	34.8	48.85	11.89	2
4429	リックソフト	グロース（内国株式）	5250	情報・通信業	10	情報通信・サービスその他	-	-	712.0						配当未取得		12.14	0.97	32.0	1230.0	702.0	Technology	配当未取得	1株配当が取得できていない	除外推奨	掲載非推奨	OK_配当データ要確認	10892.6	3.46	20.44	34.43		679.3	58.67		8.29	
442A	クラシコ	グロース（内国株式）	3100	繊維製品	4	素材・化学	-	-	1022.0						配当未取得			1.3	21.2	4050.0	995.0	Consumer Cyclical	配当未取得	1株配当が取得できていない	除外推奨	掲載非推奨	OK_配当データ要確認	3631.9	4.54		58.76	0.34	-151.5	-28.31			
4430	東海ソフト	スタンダード（内国株式）	5250	情報・通信業	10	情報通信・サービスその他	-	-	1660.0	3.61	60.0	3.61	60.0	3.61	配当あり	いいえ	8.77	1.21	79.6	2034.0	1502.0	Technology			OK	通常掲載可	OK	10680.1	10.49	22.22	53.9	0.41	744.0	189.24	31.71	13.8	4
4431	スマレジ	グロース（内国株式）	5250	情報・通信業	10	情報通信・サービスその他	-	-	2935.0	0.99	29.0	0.99	29.0	0.99	配当あり	いいえ	25.38	5.88	565.3	3630.0	1969.0	Technology			OK	通常掲載可	OK	11066.1	21.47	31.97	71.85	0.01	1790.0	115.64	25.08	25.79	
4432	ウイングアーク１ｓｔ	プライム（内国株式）	5250	情報・通信業	10	情報通信・サービスその他	6	TOPIX Small 1	2478.0	4.36	108.0	4.36	108.0	4.36	配当あり	いいえ	13.28	1.83	859.6	4130.0	2216.0	Technology			OK	通常掲載可	OK	30945.6	29.05	7.79	63.95	0.15	6630.5	186.59	57.88	14.58	4
4433	ヒト・コミュニケーションズ・ホールディングス	プライム（内国株式）	9050	サービス業	10	情報通信・サービスその他	7	TOPIX Small 2	871.0	4.31	37.5	4.31	37.5	4.31	配当あり	いいえ	33.12	1.54	155.4	1188.0	813.0	Industrials			OK	通常掲載可	OK	63596.0	3.92	8.62	42.56	0.47	1023.0	26.3	142.59	16.95	14
4434	サーバーワークス	スタンダード（内国株式）	5250	情報・通信業	10	情報通信・サービスその他	7	TOPIX Small 2	1987.0	1.51	30.0	1.51	30.0	1.51	配当あり	いいえ		1.51	147.3	2376.0	1745.0	Technology			OK	通常掲載可	OK	40006.5	1.56	12.01	48.05	0.07	605.3	-78.29		-5.66	
4436	ミンカブ・ジ・インフォノイド	グロース（内国株式）	5250	情報・通信業	10	情報通信・サービスその他	-	-	433.0						配当未取得		8.89	4.61	66.6	575.0	402.0	Communication Services	配当未取得	1株配当が取得できていない	除外推奨	掲載非推奨	OK_配当データ要確認	8780.6	6.26	-16.76	14.45	5.2	439.3	48.71		84.06	0
4437	ｇｏｏｄｄａｙｓホールディングス	グロース（内国株式）	5250	情報・通信業	10	情報通信・サービスその他	-	-	796.0	1.26	10.0	1.26	10.0	1.26	配当あり	いいえ	8.97	1.5	60.2	1334.0	585.0	Real Estate			OK	通常掲載可	OK	11505.4	8.11	30.66	41.47	0.64	-1731.2	88.75	11.27	18.25	2
4438	Ｗｅｌｂｙ	グロース（内国株式）	5250	情報・通信業	10	情報通信・サービスその他	-	-	249.0						配当未取得			11.52	21.0	558.0	240.0	Healthcare	配当未取得	1株配当が取得できていない	除外推奨	掲載非推奨	OK_配当データ要確認	635.7	-71.23	20.39	25.83	2.22	-430.7	-65.21		-118.74	
4439	東名	スタンダード（内国株式）	5250	情報・通信業	10	情報通信・サービスその他	-	-	752.0	1.86	14.0	1.86	14.0	1.86	配当あり	いいえ	9.78	2.12	223.7	1170.0	678.0	Industrials			OK	通常掲載可	OK	29070.4	11.33	21.54	59.08	0.16	2386.1	76.93	18.2	24.11	5
4440	ヴィッツ	スタンダード（内国株式）	5250	情報・通信業	10	情報通信・サービスその他	-	-	1135.0	1.59	18.0	1.59	18.0	1.59	配当あり	いいえ	10.09	1.5	45.4	1720.0	999.0	Technology			OK	通常掲載可	OK	4856.6	37.19	39.66	69.38	0.0	489.5	112.48	16.0	16.06	2
4441	トビラシステムズ	スタンダード（内国株式）	5250	情報・通信業	10	情報通信・サービスその他	-	-	1420.0	1.41	20.0	1.41	20.0	1.41	配当あり	いいえ	23.81	5.06	146.4	1505.0	905.0	Technology			OK	通常掲載可	OK	2805.4	32.04	16.6	48.23	0.06	1617.7	59.64	33.53	23.29	3
4442	バルテス・ホールディングス	グロース（内国株式）	5250	情報・通信業	10	情報通信・サービスその他	-	-	403.0	0.99	4.0	0.99	4.0	0.99	配当あり	いいえ	13.94	2.2	79.8	490.0	366.0	Technology			OK	通常掲載可	OK	11940.0	7.74	10.61	53.94	0.42	795.3	28.9	13.84	16.64	0
4443	Ｓａｎｓａｎ	プライム（内国株式）	5250	情報・通信業	10	情報通信・サービスその他	6	TOPIX Small 1	1716.0	0.29	5.0	0.29	5.0	0.29	配当あり	いいえ	106.39	11.45	2173.1	2083.0	994.0	Technology			OK	通常掲載可	OK	43202.0	6.48	27.52	33.17	0.22	6950.0	16.13	31.0	15.7	
4444	インフォネット	グロース（内国株式）	5250	情報・通信業	10	情報通信・サービスその他	-	-	897.0						配当未取得			1.67	18.1	1170.0	779.0	Technology	配当未取得	1株配当が取得できていない	除外推奨	掲載非推奨	OK_配当データ要確認	2010.6	8.4	13.74	55.25	0.44	-16.6	-12.83			
4445	リビン・テクノロジーズ	グロース（内国株式）	5250	情報・通信業	10	情報通信・サービスその他	-	-	1515.0						配当未取得		13.55	1.27	36.2	2025.0	1435.0	Real Estate	配当未取得	1株配当が取得できていない	除外推奨	掲載非推奨	OK_配当データ要確認	3592.8	14.02	0.63	51.56	0.58	442.8	111.81		17.3	
4446	Ｌｉｎｋ－Ｕグループ	プライム（内国株式）	5250	情報・通信業	10	情報通信・サービスその他	-	-	925.0						配当未取得			4.85	131.1	1814.0	330.0	Technology	配当未取得	1株配当が取得できていない	除外推奨	掲載非推奨	OK_配当データ要確認	1880.6	12.06	-39.92	51.36	0.38	-96.4	-13.32			
4447	ピー・ビーシステムズ	グロース（内国株式）	5250	情報・通信業	10	情報通信・サービスその他	-	-	446.0	4.48	20.0	4.48	20.0	4.48	配当あり	いいえ	28.34	2.41	26.0	650.0	420.0	Technology			OK	通常掲載可	OK	2634.6	4.74	-15.23	63.35	0.0	175.9	15.74	127.06	8.09	1
4448	ｋｕｂｅｌｌ	グロース（内国株式）	5250	情報・通信業	10	情報通信・サービスその他	-	-	297.0						配当未取得		58.81	5.79	124.8	547.0	247.0	Technology	配当未取得	1株配当が取得できていない	除外推奨	掲載非推奨	OK_配当データ要確認	9529.2	5.09	12.5	29.93	0.47	458.1	5.05		23.63	
4449	ギフティ	プライム（内国株式）	5250	情報・通信業	10	情報通信・サービスその他	7	TOPIX Small 2	995.0	1.61	16.0	1.45	16.0	1.61	配当あり	いいえ	32.81	3.21	296.3	1625.0	942.0	Consumer Cyclical			OK	通常掲載可	OK	14149.0	18.4	48.1	20.46	1.73	10660.0	30.33	52.75	8.25	1
4450	パワーソリューションズ	グロース（内国株式）	5250	情報・通信業	10	情報通信・サービスその他	-	-	1994.0	1.3	26.0	1.3	26.0	1.3	配当あり	いいえ	16.21	1.71	62.4	2630.0	1353.0	Technology			OK	通常掲載可	OK	8100.0	8.8	20.03	54.59	0.17	1065.9	123.03	21.13	10.95	1
4452	花王	プライム（内国株式）	3200	化学	4	素材・化学	2	TOPIX Large70	3289.0	3.56	117.0	3.56	117.0	3.56	配当あり	いいえ	28.33	2.77	29753.7	3503.5	2880.0	Consumer Defensive			OK	通常掲載可	OK	1688633.0	9.72	3.7	56.75	0.23	134109.0	116.1	100.78	11.93	12
4461	第一工業製薬	プライム（内国株式）	3200	化学	4	素材・化学	7	TOPIX Small 2	12880.0	1.16	150.0	1.16	150.0	1.16	配当あり	いいえ	21.23	2.63	1366.7	13540.0	3785.0	Basic Materials			OK	通常掲載可	OK	82886.0	12.2	13.15	45.25	0.56	6340.0	606.65	24.73	14.21	2
4462	石原ケミカル	プライム（内国株式）	3200	化学	4	素材・化学	7	TOPIX Small 2	3390.0	1.42	48.0	1.42	48.0	1.42	配当あり	いいえ	15.6	1.87	463.3	3875.0	1865.0	Basic Materials			OK	通常掲載可	OK	23450.3	16.38	-0.76	82.4	0.0	2605.6	217.3	22.09	12.74	5
4463	日華化学	スタンダード（内国株式）	3200	化学	4	素材・化学	-	-	1707.0	4.1	70.0	4.1	70.0	4.1	配当あり	いいえ	11.36	0.76	271.8	1921.0	1250.0	Basic Materials			OK	通常掲載可	OK	55705.0	6.91	2.97	47.54	0.53	-6365.0	150.22	46.6	9.07	5
4464	ソフト９９コーポレーション	スタンダード（内国株式）	3200	化学	4	素材・化学	-	-	3605.0	1.89	68.0	1.89	68.0	1.89	配当あり	いいえ	26.18	1.32	778.5	4190.0	1568.0	Basic Materials			OK	通常掲載可	OK	31232.8	13.58	5.01	87.82	0.0	1819.1	137.71	49.38	5.13	7
4465	ニイタカ	スタンダード（内国株式）	3200	化学	4	素材・化学	-	-	2147.0	3.54	76.0	3.54	76.0	3.54	配当あり	いいえ	6.01	0.8	127.3	2700.0	2010.0	Consumer Defensive			OK	通常掲載可	OK	23714.9	8.12	4.29	65.34	0.13	534.9	357.05	21.29	10.57	5
446A	ノースサンド	グロース（内国株式）	9050	サービス業	10	情報通信・サービスその他	-	-	1325.0	2.49	33.0	2.49	33.0	2.49	配当あり	いいえ	20.24	80.46	914.2	1900.0	976.0	Industrials			OK	通常掲載可	OK	26185.0	21.19		75.27	0.04	4253.0	65.46	50.41	397.53	
4471	三洋化成工業	プライム（内国株式）	3200	化学	4	素材・化学	6	TOPIX Small 1	4920.0	3.56	175.0	3.56	175.0	3.56	配当あり	いいえ	6.96	0.68	1088.4	6090.0	3755.0	Basic Materials			OK	通常掲載可	OK	127859.0	7.83	-10.12	81.44	0.02	20206.0	707.0	24.75	10.94	0
4475	ＨＥＮＮＧＥ	グロース（内国株式）	5250	情報・通信業	10	情報通信・サービスその他	-	-	1248.0	0.48	6.0	0.48	6.0	0.48	配当あり	いいえ	27.25	10.1	389.0	1912.0	880.0	Technology			OK	通常掲載可	OK	10923.6	16.42	30.59	36.24	0.04	2658.7	45.8	13.1	35.39	1
4476	ＡＩ　ＣＲＯＳＳ	グロース（内国株式）	5250	情報・通信業	10	情報通信・サービスその他	-	-	965.0						配当未取得		22.83	1.74	36.7	1874.0	920.0	Technology	配当未取得	1株配当が取得できていない	除外推奨	掲載非推奨	OK_配当データ要確認	4151.6	8.93	12.03	63.1	0.22	87.1	42.27		10.57	
4477	ＢＡＳＥ	グロース（内国株式）	5250	情報・通信業	10	情報通信・サービスその他	-	-	284.0	3.52	10.0	3.52	10.0	3.52	配当あり	いいえ	18.15	2.19	327.0	409.0	252.0	Technology			OK	通常掲載可	OK	20729.0	8.13	29.71	25.81	0.06	3268.0	15.65	63.9	14.4	
4478	フリー	グロース（内国株式）	5250	情報・通信業	10	情報通信・サービスその他	-	-	2124.0						配当未取得		142.84	6.18	1259.0	4330.0	1831.0	Technology	配当未取得	1株配当が取得できていない	除外推奨	掲載非推奨	OK_配当データ要確認	33270.6	1.84	30.83	37.39	0.49	-216.3	14.87		3.51	
4479	マクアケ	グロース（内国株式）	5250	情報・通信業	10	情報通信・サービスその他	-	-	889.0						配当未取得		17.67	1.92	113.3	1345.0	675.0	Financial Services	配当未取得	1株配当が取得できていない	除外推奨	掲載非推奨	OK_配当データ要確認	4578.0	9.77	25.33	72.71		832.7	50.32		11.53	
4480	メドレー	プライム（内国株式）	5250	情報・通信業	10	情報通信・サービスその他	6	TOPIX Small 1	2020.0						配当未取得		66.23	4.65	606.9	3550.0	1715.0	Healthcare	配当未取得	1株配当が取得できていない	除外推奨	掲載非推奨	OK_配当データ要確認	36786.0	5.84	25.54	35.87	1.09	2992.0	30.5		6.26	
4481	ベース	プライム（内国株式）	5250	情報・通信業	10	情報通信・サービスその他	7	TOPIX Small 2	2963.0	4.25	126.0	4.25	126.0	4.25	配当あり	いいえ	13.02	3.79	537.4	3820.0	2817.0	Technology			OK	通常掲載可	OK	21787.4	26.39	7.7	75.3	0.0	4460.2	227.56	55.37	29.24	6
4482	ウィルズ	グロース（内国株式）	5250	情報・通信業	10	情報通信・サービスその他	-	-	711.0	2.53	18.0	2.53	18.0	2.53	配当あり	いいえ	17.18	5.54	143.8	829.0	651.0	Communication Services			OK	通常掲載可	OK	6051.8	21.52	19.31	53.82	0.01	984.2	41.38	43.5	35.45	4
4483	ＪＭＤＣ	プライム（内国株式）	5250	情報・通信業	10	情報通信・サービスその他	6	TOPIX Small 1	3025.0	0.6	18.0	0.6	18.0	0.6	配当あり	いいえ	29.5	2.37	1979.7	4950.0	2369.0	Healthcare			OK	通常掲載可	OK	50462.0	20.85	20.95	52.78	0.62	6546.0	102.55	17.55	8.38	3
4484	ランサーズ	グロース（内国株式）	5250	情報・通信業	10	情報通信・サービスその他	-	-	275.0	2.18	6.0	2.18	6.0	2.18	配当あり	いいえ	52.88	3.17	43.8	326.0	210.0	Technology			OK	通常掲載可	OK	5437.2	3.7	18.48	38.39	0.56	318.5	5.2	115.38	6.59	
4486	ユナイトアンドグロウ	グロース（内国株式）	5250	情報・通信業	10	情報通信・サービスその他	-	-	641.0	2.5	16.0	2.5	16.0	2.5	配当あり	いいえ	12.38	2.76	50.8	785.0	591.0	Technology			OK	通常掲載可	OK	3514.7	15.94	18.45	64.46	0.0	643.6	51.79	30.89	18.84	6
4487	スペースマーケット	グロース（内国株式）	5250	情報・通信業	10	情報通信・サービスその他	-	-	217.0						配当未取得		12.32	2.46	26.3	473.0	205.0	Real Estate	配当未取得	1株配当が取得できていない	除外推奨	掲載非推奨	OK_配当データ要確認	2567.8	9.62	30.34	26.94	0.81	-121.7	17.62		20.01	
4488	ＡＩ　ｉｎｓｉｄｅ	グロース（内国株式）	5250	情報・通信業	10	情報通信・サービスその他	-	-	2095.0						配当未取得		23.58	1.68	82.8	4245.0	1903.0	Technology	配当未取得	1株配当が取得できていない	除外推奨	掲載非推奨	OK_配当データ要確認	4747.9	6.55	7.92	72.61	0.2	241.5	88.83		7.42	
4490	ビザスク	グロース（内国株式）	5250	情報・通信業	10	情報通信・サービスその他	-	-	595.0						配当未取得		8.86	3.04	55.2	808.0	445.0	Industrials	配当未取得	1株配当が取得できていない	除外推奨	掲載非推奨	OK_配当データ要確認	9974.7	13.45	1.98	22.41	1.35	921.6	67.12		71.72	
4491	コンピューターマネージメント	スタンダード（内国株式）	5250	情報・通信業	10	情報通信・サービスその他	-	-	3090.0	1.94	60.0	1.94	60.0	1.94	配当あり	いいえ	12.3	1.52	63.0	3850.0	2475.0	Technology			OK	通常掲載可	OK	8235.4	7.64	4.21	72.47		367.2	251.22	23.88	13.22	1
4492	ゼネテック	スタンダード（内国株式）	5250	情報・通信業	10	情報通信・サービスその他	-	-	411.0	3.04	12.5	3.04	12.5	3.04	配当あり	いいえ	9.39	1.74	47.6	515.0	345.0	Technology			OK	通常掲載可	OK	10983.3	7.47	35.19	39.45	0.76	-8.5	43.77	28.56	19.89	0
4493	サイバーセキュリティクラウド	グロース（内国株式）	5250	情報・通信業	10	情報通信・サービスその他	-	-	1803.0	0.33	6.0	0.33	6.0	0.33	配当あり	いいえ	22.17	3.98	184.9	2143.0	1448.0	Technology			OK	通常掲載可	OK	5084.7	21.69	31.8	75.8	0.06	931.8	81.32	7.38	22.14	1
4494	バリオセキュア	スタンダード（内国株式）	5250	情報・通信業	10	情報通信・サービスその他	-	-	680.0						配当未取得		29.16	0.51	30.8	960.0	639.0		配当未取得	1株配当が取得できていない	除外推奨	掲載非推奨	OK_配当データ要確認	2842.7	10.63	6.56	80.48	0.16	515.0	23.32		5.95	2
4495	アイキューブドシステムズ	グロース（内国株式）	5250	情報・通信業	10	情報通信・サービスその他	-	-	1789.0	2.01	36.0	2.01	36.0	2.01	配当あり	いいえ	12.5	2.91	87.5	2980.0	1709.0	Technology			OK	通常掲載可	OK	3749.8	24.14	27.15	57.86		772.5	143.12	25.15	25.45	4
4496	コマースＯｎｅホールディングス	グロース（内国株式）	5250	情報・通信業	10	情報通信・サービスその他	-	-	765.0	2.88	22.0	2.88	22.0	2.88	配当あり	いいえ	17.89	2.05	53.4	879.0	675.0	Technology			OK	通常掲載可	OK	3895.7	9.77	5.48	72.13	0.02	174.9	42.76	51.45	11.59	0
4498	サイバートラスト	グロース（内国株式）	5250	情報・通信業	10	情報通信・サービスその他	-	-	1203.0	1.16	14.0	1.16	14.0	1.16	配当あり	いいえ	19.88	2.59	196.9	1597.5	1033.0	Technology			OK	通常掲載可	OK	8360.3	19.73	12.34	69.53	0.0	603.1	60.51	23.14	14.11	1
4499	Ｓｐｅｅｅ	スタンダード（内国株式）	5250	情報・通信業	10	情報通信・サービスその他	-	-	2144.0						配当未取得			3.61	247.5	4090.0	1982.0	Communication Services	配当未取得	1株配当が取得できていない	除外推奨	掲載非推奨	OK_配当データ要確認	16435.2	-4.17	4.53	49.21	0.62	-864.1	-126.92		-19.25	
4502	武田薬品工業	プライム（内国株式）	3250	医薬品	5	医薬品	1	TOPIX Core30	5359.0	3.81	204.0	3.81	204.0	3.81	配当あり	いいえ		1.14	84665.5	6033.0	4102.0	Healthcare			OK	通常掲載可	OK	4505720.0	10.31	-1.66	47.9	0.66	626772.0	-97.0		-2.12	3
4503	アステラス製薬	プライム（内国株式）	3250	医薬品	5	医薬品	2	TOPIX Large70	2152.0	3.72	80.0	3.72	80.0	3.72	配当あり	いいえ	13.26	2.11	38552.9	2717.0	1365.0	Healthcare			OK	通常掲載可	OK	2139245.0	17.77	11.87	51.28	0.31	475543.0	162.26	49.3	17.44	12
4506	住友ファーマ	プライム（内国株式）	3250	医薬品	5	医薬品	4	TOPIX Mid400	1557.0						配当未取得		5.79	2.12	6984.6	3288.0	885.0	Healthcare	配当未取得	1株配当が取得できていない	除外推奨	掲載非推奨	OK_配当データ要確認	453294.0	23.18	13.66	36.35	0.74	3470.0	269.05		46.27	0
4507	塩野義製薬	プライム（内国株式）	3250	医薬品	5	医薬品	2	TOPIX Large70	2869.0	2.65	76.0	2.65	76.0	2.65	配当あり	いいえ	11.9	1.45	24414.5	3758.0	2392.5	Healthcare			OK	通常掲載可	OK	499677.0	33.37	14.01	65.4	0.41	182268.0	241.0	31.54	13.51	13
4512	わかもと製薬	スタンダード（内国株式）	3250	医薬品	5	医薬品	-	-	279.0	2.51	7.0	2.51	7.0	2.51	配当あり	いいえ	42.73	0.8	96.8	380.0	240.0	Healthcare			OK	通常掲載可	OK	9906.8	2.58	27.18	72.78	0.03	-1141.3	6.53	107.2	-1.83	0
4516	日本新薬	プライム（内国株式）	3250	医薬品	5	医薬品	4	TOPIX Mid400	4120.0	3.01	124.0	3.01	124.0	3.01	配当あり	いいえ	9.35	0.95	2776.9	6529.0	2967.0	Healthcare			OK	通常掲載可	OK	170771.0	20.79	6.58	84.18	0.01	23439.0	440.84	28.13	11.03	0
4519	中外製薬	プライム（内国株式）	3250	医薬品	5	医薬品	2	TOPIX Large70	7642.0	1.73	132.0	1.73	132.0	1.73	配当あり	いいえ	28.99	6.59	125769.2	10700.0	5942.0	Healthcare			OK	通常掲載可	OK	1257941.0	47.6	7.46	82.06		274673.0	263.65	50.07	23.71	9
4521	科研製薬	プライム（内国株式）	3250	医薬品	5	医薬品	6	TOPIX Small 1	3825.0	4.97	190.0	4.97	190.0	4.97	配当あり	いいえ	67.57	0.98	1448.5	4445.0	3540.0	Healthcare			OK	通常掲載可	OK	76871.0	-1.17	-18.25	82.83	0.03	-16502.0	56.61	335.63	1.43	0
4523	エーザイ	プライム（内国株式）	3250	医薬品	5	医薬品	4	TOPIX Mid400	4255.0	3.76	160.0	3.76	160.0	3.76	配当あり	いいえ	31.15	1.33	12009.1	5349.0	3660.0	Healthcare			OK	通常掲載可	OK	825378.0	5.35	4.56	62.04	0.21	20156.0	136.59	117.14	4.53	0
4524	森下仁丹	スタンダード（内国株式）	3250	医薬品	5	医薬品	-	-	2161.0	3.01	65.0	3.01	65.0	3.01	配当あり	いいえ	14.08	0.68	88.6	2390.0	2100.0	Healthcare			OK	通常掲載可	OK	12688.0	5.49	-0.61	69.68	0.14	-77.0	153.43	42.36	5.0	3
4526	理研ビタミン	プライム（内国株式）	3050	食料品	1	食品	7	TOPIX Small 2	3095.0	3.55	110.0	3.55	110.0	3.55	配当あり	いいえ	12.99	1.08	909.2	3285.0	2662.0	Consumer Defensive			OK	通常掲載可	OK	96300.0	7.17	0.75	71.61	0.09	792.0	238.32	46.16	8.66	4
4527	ロート製薬	プライム（内国株式）	3250	医薬品	5	医薬品	4	TOPIX Mid400	2405.5	2.08	50.0	2.08	50.0	2.08	配当あり	いいえ	16.56	1.8	5435.6	2703.0	2021.0	Consumer Defensive			OK	通常掲載可	OK	343725.0	11.96	11.37	62.13	0.2	21537.0	145.29	34.41	11.63	5
4528	小野薬品工業	プライム（内国株式）	3250	医薬品	5	医薬品	4	TOPIX Mid400	2419.0	3.31	80.0	3.31	80.0	3.31	配当あり	いいえ	16.29	1.34	11367.1	2674.5	1545.0	Healthcare			OK	通常掲載可	OK	515785.0	17.88	5.94	76.88	0.14	83551.0	148.53	53.86	8.5	0
4531	有機合成薬品工業	スタンダード（内国株式）	3200	化学	4	素材・化学	-	-	363.0	2.75	10.0	2.75	10.0	2.75	配当あり	いいえ	25.0	0.58	78.5	640.0	260.0	Basic Materials			OK	通常掲載可	OK	15448.0	2.51	2.12	52.41	0.5	1728.0	14.52	68.87	2.35	4
4534	持田製薬	プライム（内国株式）	3250	医薬品	5	医薬品	7	TOPIX Small 2	3150.0	2.7	85.0	2.7	85.0	2.7	配当あり	いいえ	14.12	0.8	1115.7	3965.0	2859.0	Healthcare			OK	通常掲載可	OK	116951.0	8.68	11.21	76.8	0.07	-10045.0	223.02	38.11	5.83	0
4536	参天製薬	プライム（内国株式）	3250	医薬品	5	医薬品	4	TOPIX Mid400	2209.5	1.9	42.0	1.9	42.0	1.9	配当あり	いいえ	19.42	2.39	7107.7	2254.0	1458.0	Healthcare			OK	通常掲載可	OK	291624.0	16.39	-2.79	70.2		61962.0	113.79	36.91	12.93	2
4538	扶桑薬品工業	プライム（内国株式）	3250	医薬品	5	医薬品	7	TOPIX Small 2	2136.0	4.21	90.0	4.21	90.0	4.21	配当あり	いいえ	9.07	0.52	182.4	2530.0	1990.0	Healthcare			OK	通常掲載可	OK	62307.0	4.24	2.88	38.81	0.81	-7883.0	235.6	38.2	5.42	1
4539	日本ケミファ	スタンダード（内国株式）	3250	医薬品	5	医薬品	-	-	1550.0	3.23	50.0	3.23	50.0	3.23	配当あり	いいえ	28.25	0.29	56.2	1857.0	1475.0	Healthcare			OK	通常掲載可	OK	33090.0	0.54	1.6	39.04	0.85	-329.0	54.87	91.12	1.02	0
4540	ツムラ	プライム（内国株式）	3250	医薬品	5	医薬品	4	TOPIX Mid400	3755.0	4.21	158.0	4.21	158.0	4.21	配当あり	いいえ	9.98	0.87	2799.2	4403.0	3418.0	Healthcare			OK	通常掲載可	OK	192615.0	18.29	6.36	54.28	0.42	-9658.0	376.25	41.99	8.62	3
4543	テルモ	プライム（内国株式）	3750	精密機器	9	電機・精密	2	TOPIX Large70	2258.0	1.59	36.0	1.59	36.0	1.59	配当あり	いいえ	24.51	2.1	33307.4	2818.0	1900.0	Healthcare			OK	通常掲載可	OK	1131877.0	15.58	9.24	68.53	0.24	128889.0	92.13	39.08	9.21	15
4544	Ｈ．Ｕ．グループホールディングス	プライム（内国株式）	9050	サービス業	10	情報通信・サービスその他	4	TOPIX Mid400	3391.0	3.69	125.0	3.69	125.0	3.69	配当あり	いいえ	27.93	1.37	1877.8	4093.0	2944.5	Healthcare			OK	通常掲載可	OK	247362.0	1.93	1.78	51.37	0.54	16703.0	121.4	102.97	4.88	0
4547	キッセイ薬品工業	プライム（内国株式）	3250	医薬品	5	医薬品	6	TOPIX Small 1	4095.0	3.17	130.0	3.17	130.0	3.17	配当あり	いいえ	12.35	0.74	1697.5	5040.0	3500.0	Healthcare			OK	通常掲載可	OK	97406.0	-3.0	10.28	83.66	0.01	-7121.0	331.7	39.19	6.32	17
4548	生化学工業	プライム（内国株式）	3250	医薬品	5	医薬品	7	TOPIX Small 2	720.0	4.17	30.0	4.17	30.0	4.17	配当あり	いいえ	26.67	0.52	393.1	820.0	612.0	Healthcare			OK	通常掲載可	OK	36645.0	-1.8	-6.93	87.21	0.0	-7371.0	27.0	111.11	1.98	2
4549	栄研化学	プライム（内国株式）	3250	医薬品	5	医薬品	6	TOPIX Small 1	2603.0	2.23	58.0	2.23	58.0	2.23	配当あり	いいえ	23.2	1.95	858.1	3500.0	2011.0	Healthcare			OK	通常掲載可	OK	41899.0	6.97	3.35	70.28	0.17	-1923.0	112.19	51.7	8.46	1
4552	ＪＣＲファーマ	プライム（内国株式）	3250	医薬品	5	医薬品	6	TOPIX Small 1	455.0	4.4	20.0	4.4	20.0	4.4	配当あり	いいえ	25.45	1.18	555.2	824.0	444.0	Healthcare			OK	通常掲載可	OK	40319.0	1.38	21.91	42.97	1.15	-11716.0	17.88	111.86	4.66	0
4553	東和薬品	プライム（内国株式）	3250	医薬品	5	医薬品	6	TOPIX Small 1	3925.0	2.17	85.0	2.17	85.0	2.17	配当あり	いいえ	36.76	1.08	1932.2	4490.0	2764.0	Healthcare			OK	通常掲載可	OK	273710.0	8.44	5.44	37.47	1.27	6301.0	106.76	79.62	3.0	1
4554	富士製薬工業	プライム（内国株式）	3250	医薬品	5	医薬品	7	TOPIX Small 2	2000.0	2.45	49.0	2.45	49.0	2.45	配当あり	いいえ	20.24	1.02	522.4	2559.0	1318.0	Healthcare			OK	通常掲載可	OK	51677.0	9.66	12.01	50.21	0.66	1947.0	98.8	49.6	5.0	4
4556	カイノス	スタンダード（内国株式）	3250	医薬品	5	医薬品	-	-							配当未取得								yfinanceデータなし	yfinanceで株価・配当データが取得できなかった	除外推奨	掲載非推奨	データなし										
4558	中京医薬品	スタンダード（内国株式）	3250	医薬品	5	医薬品	-	-	198.0	2.53	5.0	2.53	5.0	2.53	配当あり	いいえ	25.26	0.85	21.1	238.0	197.0	Consumer Cyclical			OK	通常掲載可	OK	6569.3	1.94	4.16	48.78	0.56	58.3	7.84	63.78	1.34	0
4559	ゼリア新薬工業	プライム（内国株式）	3250	医薬品	5	医薬品	6	TOPIX Small 1	2048.0	2.44	50.0	2.44	50.0	2.44	配当あり	いいえ	10.67	0.83	902.7	2434.0	1878.0	Healthcare			OK	通常掲載可	OK	89159.3	13.88	2.12	60.32	0.36	7059.9	191.9	26.06	8.48	4
4563	アンジェス	グロース（内国株式）	3250	医薬品	5	医薬品	-	-	47.0						配当未取得			9.21	185.9	120.0	44.0	Healthcare	配当未取得	1株配当が取得できていない	除外推奨	掲載非推奨	OK_配当データ要確認	874.1	-588.64	35.81	56.9	0.02	-5764.7	-14.44		-189.24	
4564	オンコセラピー・サイエンス	グロース（内国株式）	3250	医薬品	5	医薬品	-	-	20.0						配当未取得			3.58	79.7	34.0	18.0	Healthcare	配当未取得	1株配当が取得できていない	除外推奨	掲載非推奨	OK_配当データ要確認	808.5	-100.23	7.8	90.79		-985.0	-2.77		-63.44	
4565	ネクセラファーマ	プライム（内国株式）	3250	医薬品	5	医薬品	6	TOPIX Small 1	970.0						配当未取得			1.38	889.8	1247.0	723.0	Healthcare	配当未取得	1株配当が取得できていない	除外推奨	掲載非推奨	OK_配当データ要確認	29615.0	-28.57	2.71	45.25	0.94	-3293.0	-138.81		-15.26	
4568	第一三共	プライム（内国株式）	3250	医薬品	5	医薬品	1	TOPIX Core30	2649.5	3.77	100.0	3.77	100.0	3.77	配当あり	いいえ	18.87	2.9	48211.7	4178.0	2390.0	Healthcare			OK	通常掲載可	OK	2123045.0	10.79	12.55	41.55	0.18	-71347.0	140.42	71.21	15.81	6
4569	杏林製薬	プライム（内国株式）	3250	医薬品	5	医薬品	6	TOPIX Small 1	1178.0	2.12	25.0	2.12	25.0	2.12	配当あり	いいえ	19.61	0.48	676.7	1725.0	1067.0	Healthcare			OK	通常掲載可	OK	126257.0	2.83	-2.94	72.87	0.17	2405.0	60.08	41.61	2.47	1
456A	ＨＵＭＡＮ　ＭＡＤＥ	グロース（内国株式）	6100	小売業	14	小売	-	-							配当未取得								株価未取得 / 配当未取得	1株配当が取得できていない / 株価が取得できていない	除外推奨	掲載非推奨	エラー: Too Many Requests. Rate limited. Try after a while.										
4570	免疫生物研究所	グロース（内国株式）	3250	医薬品	5	医薬品	-	-	1009.0	0.74	7.5	0.74	7.5	0.74	配当あり	いいえ	28.57	5.1	94.0	3820.0	464.0	Healthcare			OK	通常掲載可	OK	1005.0	27.99	3.66	85.53	0.1	267.7	35.32	21.23	19.6	
4571	ＮＡＮＯホールディングス	グロース（内国株式）	3250	医薬品	5	医薬品	-	-	102.0						配当未取得			2.35	84.9	254.0	95.0	Healthcare	配当未取得	1株配当が取得できていない	除外推奨	掲載非推奨	OK_配当データ要確認	174.5	-553.58	60.8	60.36	0.45	-816.7	-12.9		-29.92	
4572	カルナバイオサイエンス	グロース（内国株式）	3250	医薬品	5	医薬品	-	-	337.0						配当未取得			-39.53	64.7	512.0	200.0	Healthcare	配当未取得	1株配当が取得できていない	除外推奨	掲載非推奨	OK_配当データ要確認	579.1	-358.34	-8.99	25.15	2.31	-2168.6	-113.64		-243.87	
4574	大幸薬品	プライム（内国株式）	3250	医薬品	5	医薬品	7	TOPIX Small 2	272.0	1.29	3.5	1.29	3.5	1.29	配当あり	いいえ	14.79	0.52	136.7	335.0	246.0	Healthcare			OK	通常掲載可	OK	6397.0	7.18	1.67	69.42	0.11	510.0	18.39	19.03	20.14	0
4575	キャンバス	グロース（内国株式）	3250	医薬品	5	医薬品	-	-	690.0						配当未取得			6.56	136.0	1558.0	506.0	Healthcare	配当未取得	1株配当が取得できていない	除外推奨	掲載非推奨	OK_配当データ要確認	0.0			96.22	0.0	-1280.2	-64.24		-50.58	
4576	デ・ウエスタン・セラピテクス研究所	グロース（内国株式）	3250	医薬品	5	医薬品	-	-	79.0						配当未取得			3.3	44.6	181.0	66.0	Healthcare	配当未取得	1株配当が取得できていない	除外推奨	掲載非推奨	OK_配当データ要確認	387.6	-159.92	-17.8	66.17	0.42	-496.5	-13.19		-56.38	
4577	ダイト	プライム（内国株式）	3250	医薬品	5	医薬品	7	TOPIX Small 2	1246.0	3.21	40.0	3.21	40.0	3.21	配当あり	いいえ	16.75	0.7	358.1	1521.0	1008.0	Healthcare			OK	通常掲載可	OK	50643.0	5.17	7.99	66.67	0.23	-1133.0	74.39	53.77	5.66	2
4578	大塚ホールディングス	プライム（内国株式）	3250	医薬品	5	医薬品	2	TOPIX Large70	11300.0	1.24	140.0	1.24	140.0	1.24	配当あり	いいえ	16.5	1.92	59451.4	11910.0	6511.0	Healthcare			OK	通常掲載可	OK	2468892.0	19.12	5.97	72.27	0.08	261910.0	684.78	20.44	12.94	3
4579	ラクオリア創薬	グロース（内国株式）	3250	医薬品	5	医薬品	-	-	481.0						配当未取得		42.38	1.55	125.1	1465.0	440.0	Healthcare	配当未取得	1株配当が取得できていない	除外推奨	掲載非推奨	OK_配当データ要確認	3980.0	12.15	28.07	65.59	0.42	-429.1	11.35		0.78	
4582	シンバイオ製薬	グロース（内国株式）	3250	医薬品	5	医薬品	-	-	77.0						配当未取得			23.98	55.6	229.0	66.0	Healthcare	配当未取得	1株配当が取得できていない	除外推奨	掲載非推奨	OK_配当データ要確認	1307.6	-339.59	-46.69	32.89	1.56	-4658.0	-103.06		-322.67	
4583	カイオム・バイオサイエンス	グロース（内国株式）	3250	医薬品	5	医薬品	-	-	76.0						配当未取得			4.21	55.2	161.0	65.0	Healthcare	配当未取得	1株配当が取得できていない	除外推奨	掲載非推奨	OK_配当データ要確認	593.3	-165.14	-24.02	64.95	0.23	-976.1	-14.47		-31.64	
4584	キッズウェル・バイオ	グロース（内国株式）	3250	医薬品	5	医薬品	-	-	156.0						配当未取得			4.68	77.4	363.0	125.0	Healthcare	配当未取得	1株配当が取得できていない	除外推奨	掲載非推奨	OK_配当データ要確認	5082.1	0.55	109.03	20.13	1.3	930.3	-8.49		-27.02	
4586	メドレックス	グロース（内国株式）	3250	医薬品	5	医薬品	-	-	53.0						配当未取得			1.72	31.5	225.0	48.0	Healthcare	配当未取得	1株配当が取得できていない	除外推奨	掲載非推奨	OK_配当データ要確認	128.1	-735.45	-50.34	94.97	0.0	-970.9	-17.44		-41.92	
4587	ペプチドリーム	プライム（内国株式）	3250	医薬品	5	医薬品	4	TOPIX Mid400	1028.0						配当未取得			7.75	1320.9	1818.5	916.0	Healthcare	配当未取得	1株配当が取得できていない	除外推奨	掲載非推奨	OK_配当データ要確認	18521.2	-27.07	-60.32	66.89	0.33	-15031.7	-28.99		7.79	
4588	オンコリスバイオファーマ	グロース（内国株式）	3250	医薬品	5	医薬品	-	-	2680.0						配当未取得			21.84	784.8	3695.0	570.0	Healthcare	配当未取得	1株配当が取得できていない	除外推奨	掲載非推奨	OK_配当データ要確認	28.5	-7090.55	-9.04	87.8	0.08	-1943.9	-80.13		-110.09	
4591	リボミック	グロース（内国株式）	3250	医薬品	5	医薬品	-	-	66.0						配当未取得			1.26	36.9	127.0	57.0	Healthcare	配当未取得	1株配当が取得できていない	除外推奨	掲載非推奨	OK_配当データ要確認	3.0	-40237.73	42.38	95.46		-1121.0	-23.07		-38.93	
4592	サンバイオ	グロース（内国株式）	3250	医薬品	5	医薬品	-	-	1073.0						配当未取得			6.61	837.4	3990.0	914.0	Healthcare	配当未取得	1株配当が取得できていない	除外推奨	掲載非推奨	OK_配当データ要確認	0.0			87.09	0.09	-3793.7	-52.58		-43.19	
4593	ヘリオス	グロース（内国株式）	3250	医薬品	5	医薬品	-	-	250.0						配当未取得			4.17	337.5	747.0	234.0	Healthcare	配当未取得	1株配当が取得できていない	除外推奨	掲載非推奨	OK_配当データ要確認	104.0	-3211.54	-81.43	28.67	0.53	-3333.0	-26.6		-65.4	
4594	ブライトパス・バイオ	グロース（内国株式）	3250	医薬品	5	医薬品	-	-	46.0						配当未取得			4.68	63.9	114.0	43.0	Healthcare	配当未取得	1株配当が取得できていない	除外推奨	掲載非推奨	OK_配当データ要確認	0.1	-1541667.86	-92.59	90.92	0.0	-1366.4	-11.7		-79.25	
4595	ミズホメディー	スタンダード（内国株式）	3250	医薬品	5	医薬品	-	-	1674.0	5.97	100.0	5.97	100.0	5.97	配当あり	いいえ	9.31	1.74	318.9	1930.0	1402.0	Healthcare			OK	通常掲載可	OK	11260.0	41.32	-1.48	83.5	0.0	1673.0	179.79	55.62	18.4	0
4596	窪田製薬ホールディングス	グロース（内国株式）	3250	医薬品	5	医薬品	-	-	87.0						配当未取得			7.19	122.0	350.0	41.0	Healthcare	配当未取得	1株配当が取得できていない	除外推奨	掲載非推奨	OK_配当データ要確認	21.3	-4194.31	-21.53	91.63	0.07	-593.6	-10.59		-50.56	
4597	ソレイジア・ファーマ	グロース（内国株式）	3250	医薬品	5	医薬品	-	-	26.0						配当未取得			4.16	71.0	48.0	21.0	Healthcare	配当未取得	1株配当が取得できていない	除外推奨	掲載非推奨	OK_配当データ要確認	429.0	-200.47	35.76	77.96	0.01	-1034.0	-3.69		-69.53	
4598	Ｄｅｌｔａ－Ｆｌｙ　Ｐｈａｒｍａ	グロース（内国株式）	3250	医薬品	5	医薬品	-	-	133.0						配当未取得			50.34	18.9	793.0	116.0	Healthcare	配当未取得	1株配当が取得できていない	除外推奨	掲載非推奨	OK_配当データ要確認	0.0			13.78		-1557.1	-140.45		-1051.78	
4599	ステムリム	グロース（内国株式）	3250	医薬品	5	医薬品	-	-	313.0						配当未取得			3.2	196.2	333.0	246.0	Healthcare	配当未取得	1株配当が取得できていない	除外推奨	掲載非推奨	OK_配当データ要確認	0.0			97.95	0.0	-1886.3	-29.08		-26.92	
460A	ＢＲＡＮＵ	グロース（内国株式）	5250	情報・通信業	10	情報通信・サービスその他	-	-	877.0						配当未取得		14.84	4.09	39.6	1738.0	555.0	Technology	配当未取得	1株配当が取得できていない	除外推奨	掲載非推奨	OK_配当データ要確認	2122.8	15.62		33.96	1.1	181.5	59.11		27.56	
4611	大日本塗料	プライム（内国株式）	3200	化学	4	素材・化学	7	TOPIX Small 2	1374.0	4.22	58.0	4.22	58.0	4.22	配当あり	いいえ	23.36	0.59	392.4	1508.0	1163.0	Basic Materials			OK	通常掲載可	OK	93759.0	4.11	29.3	48.65	0.23	-2073.0	58.81	98.62	2.34	2
4612	日本ペイントホールディングス	プライム（内国株式）	3200	化学	4	素材・化学	4	TOPIX Mid400	1087.5	1.56	17.0	1.56	17.0	1.56	配当あり	いいえ	20.29	1.33	25224.1	1352.0	949.6	Basic Materials			OK	通常掲載可	OK	1638720.0	11.36	-7.64	44.9	0.79	145013.0	53.61	31.71	11.47	5
4613	関西ペイント	プライム（内国株式）	3200	化学	4	素材・化学	4	TOPIX Mid400	2756.5	3.99	110.0	3.99	110.0	3.99	配当あり	いいえ	18.55	1.62	4852.7	2808.0	1950.5	Basic Materials			OK	通常掲載可	OK	589795.0	8.43	0.16	37.43	0.73	20929.0	148.58	74.03	9.46	3
4615	神東塗料	スタンダード（内国株式）	3200	化学	4	素材・化学	-	-	128.0						配当未取得			0.33	43.6	139.0	119.0	Basic Materials	配当未取得	1株配当が取得できていない	除外推奨	掲載非推奨	OK_配当データ要確認	21481.0	1.22	3.48	41.97	0.39	542.0	-17.45		-3.06	0
4616	川上塗料	スタンダード（内国株式）	3200	化学	4	素材・化学	-	-	1841.0	2.44	45.0	2.44	45.0	2.44	配当あり	いいえ	25.32	0.53	18.3	2600.0	1630.0	Basic Materials			OK	通常掲載可	OK	5932.5	0.92	0.32	38.44	0.57	6.1	72.72	61.88	3.04	1
4617	中国塗料	プライム（内国株式）	3200	化学	4	素材・化学	6	TOPIX Small 1	3485.0	2.87	100.0	2.87	100.0	2.87	配当あり	いいえ	15.72	1.81	1729.0	4815.0	2622.0	Basic Materials			OK	通常掲載可	OK	139364.0	12.51	6.26	60.59	0.18	14418.0	221.65	45.12	13.26	4
4619	日本特殊塗料	スタンダード（内国株式）	3200	化学	4	素材・化学	-	-	2389.0	6.28	150.0	6.28	150.0	6.28	配当あり	いいえ	9.85	0.84	508.7	2545.0	1962.0	Consumer Cyclical			OK	通常掲載可	OK	61889.0	6.47	-6.31	70.55	0.05	3853.0	242.48	61.86	8.83	5
4620	藤倉化成	スタンダード（内国株式）	3200	化学	4	素材・化学	7	TOPIX Small 2	1067.0	2.06	22.0	2.06	22.0	2.06	配当あり	いいえ	9.99	0.64	309.8	1318.0	542.0	Basic Materials			OK	通常掲載可	OK	55636.1	4.08	0.19	67.72	0.1	-1227.7	106.81	20.6	6.74	2
4623	アサヒペン	スタンダード（内国株式）	3200	化学	4	素材・化学	-	-	1725.0	3.48	60.0	3.48	60.0	3.48	配当あり	いいえ	8.79	0.43	64.0	1780.0	1683.0	Basic Materials			OK	通常掲載可	OK	16822.7	3.74	-1.92	57.75	0.42	400.8	196.31	30.56	4.99	0
4624	イサム塗料	スタンダード（内国株式）	3200	化学	4	素材・化学	-	-	3410.0	1.47	50.0	1.47	50.0	1.47	配当あり	いいえ	8.61	0.36	65.0	4300.0	3225.0	Basic Materials			OK	通常掲載可	OK	8402.8	10.89	3.01	82.5	0.0	829.4	396.24	12.62	4.27	0
4625	アトミクス	スタンダード（内国株式）	3200	化学	4	素材・化学	-	-	749.0	2.67	20.0	2.67	20.0	2.67	配当あり	いいえ	4.22	0.36	39.9	1039.0	634.0	Basic Materials			OK	通常掲載可	OK	12763.2	4.46	3.36	68.63	0.02	-120.6	177.59	11.26	8.76	0
4626	太陽ホールディングス	プライム（内国株式）	3200	化学	4	素材・化学	4	TOPIX Mid400	4990.0	3.16	157.5	3.16	157.5	3.16	配当あり	いいえ	30.3	4.8	5552.7	6275.0	3205.0	Basic Materials			OK	通常掲載可	OK	137851.0	23.6	15.83	57.32	0.49	23011.0	164.67	95.65	21.96	1
4627	ナトコ	スタンダード（内国株式）	3200	化学	4	素材・化学	-	-	1773.0	3.05	54.0	3.05	54.0	3.05	配当あり	いいえ	9.31	0.53	134.0	2018.0	1385.0	Basic Materials			OK	通常掲載可	OK	22275.0	6.28	7.33	78.7		835.0	190.42	28.36	5.88	2
4628	エスケー化研	スタンダード（内国株式）	3200	化学	4	素材・化学	-	-	9130.0	1.97	180.0	1.97	180.0	1.97	配当あり	いいえ	10.05	0.7	1231.6	11670.0	8430.0	Basic Materials			OK	通常掲載可	OK	109707.0	11.14	3.36	85.14	0.02	12758.0	908.44	19.81	7.24	0
4629	大伸化学	スタンダード（内国株式）	3200	化学	4	素材・化学	-	-	1821.0	2.47	45.0	2.47	45.0	2.47	配当あり	いいえ	9.37	0.48	83.3	2250.0	1471.0	Basic Materials			OK	通常掲載可	OK	34606.1	3.38	-0.3	66.69	0.0	2395.1	194.3	23.16	5.24	0
462A	ＦＵＮＤＩＮＮＯ	グロース（内国株式）	7100	証券、商品先物取引業	16	金融（除く銀行）	-	-	249.0						配当未取得			1.26	59.5	1451.0	216.0	Financial Services	配当未取得	1株配当が取得できていない	除外推奨	掲載非推奨	OK_配当データ要確認							-61.55			
4631	ＤＩＣ	プライム（内国株式）	3200	化学	4	素材・化学	4	TOPIX Mid400	4791.0	2.92	140.0	2.92	140.0	2.92	配当あり	いいえ	14.03	0.94	4536.4	5374.0	2808.0	Basic Materials			OK	通常掲載可	OK	1052194.0	4.96	-1.77	36.96	0.97	31015.0	341.6	40.98	10.21	2
4633	サカタインクス	プライム（内国株式）	3200	化学	4	素材・化学	6	TOPIX Small 1	2400.0	4.17	100.0	4.17	100.0	4.17	配当あり	いいえ	10.2	0.97	1169.6	2740.0	1955.0	Basic Materials			OK	通常掲載可	OK	257668.0	5.91	4.93	52.76	0.28	8863.0	235.2	42.52	11.01	3
4634	ａｒｔｉｅｎｃｅ	プライム（内国株式）	3200	化学	4	素材・化学	6	TOPIX Small 1	4395.0	2.73	120.0	2.73	120.0	2.73	配当あり	いいえ	20.88	5.72	2061.2	4410.0	2971.0	Basic Materials			OK	通常掲載可	OK	349979.0	5.93	-0.31	57.51	0.24	12134.0	210.52	57.0	7.41	0
4635	東京インキ	スタンダード（内国株式）	3200	化学	4	素材・化学	-	-	1384.0	5.06	70.0	5.06	70.0	5.06	配当あり	いいえ	9.39	0.54	172.9	1850.0	828.0	Basic Materials			OK	通常掲載可	OK	49926.0	4.45	6.67	59.38	0.2	368.0	147.4	47.49	6.07	1
463A	インテリックスホールディングス	スタンダード（内国株式）	8050	不動産業	17	不動産	-	-	915.0	2.62	24.0	2.62	24.0	2.62	配当あり	いいえ	4.43	0.53	91.3	1177.0	852.0	Real Estate			OK	通常掲載可	OK	44793.8	5.33	4.9	25.38	2.62	-5931.6	206.52	11.62	11.05	2
4641	アルプス技研	プライム（内国株式）	9050	サービス業	10	情報通信・サービスその他	7	TOPIX Small 2	780.0	9.23	72.0	9.23	72.0	9.23	配当あり	いいえ	11.55	2.28	459.0	1056.67	747.67	Industrials	高利回り要確認	配当利回りが8%以上	要確認	手動確認後に掲載	OK_高利回り要確認	52649.8	10.25	5.6	69.51	0.01	3165.2	67.55	106.59	20.58	1
4642	オリジナル設計	スタンダード（内国株式）	9050	サービス業	10	情報通信・サービスその他	-	-	1426.0	2.45	35.0	2.45	35.0	2.45	配当あり	いいえ	15.58	1.05	85.7	2495.0	1384.0	Industrials			OK	通常掲載可	OK	8515.2	10.83	19.56	63.3	0.24	434.8	91.55	38.23	6.74	1
4644	イマジニア	スタンダード（内国株式）	5250	情報・通信業	10	情報通信・サービスその他	-	-	1039.0	5.77	60.0	5.77	60.0	5.77	配当あり	いいえ	13.42	0.84	100.1	1172.0	991.0	Communication Services			OK	通常掲載可	OK	5690.4	2.55	-12.27	92.05		-270.1	77.41	77.51	6.42	3
4645	市進ホールディングス	スタンダード（内国株式）	9050	サービス業	10	情報通信・サービスその他	-	-	425.0	2.35	10.0	2.35	10.0	2.35	配当あり	いいえ	5.5	1.39	34.2	475.0	414.0	Consumer Defensive			OK	通常掲載可	OK	18653.4	4.82	1.05	18.39	2.62	898.8	77.27	12.94	26.98	0
464A	ＱＰＳホールディングス	グロース（内国株式）	5250	情報・通信業	10	情報通信・サービスその他	-	-	2098.0						配当未取得			6.73	1168.8	4485.0	1532.0	Industrials	配当未取得	1株配当が取得できていない	除外推奨	掲載非推奨	OK_配当データ要確認	2681.0	3.17	62.19	62.21	0.36	-6301.0	-47.62		-3.17	
4650	ＳＤエンターテイメント	スタンダード（内国株式）	9050	サービス業	10	情報通信・サービスその他	-	-	264.0						配当未取得		10.95	1.31	23.6	335.0	260.0	Communication Services	配当未取得	1株配当が取得できていない	除外推奨	掲載非推奨	OK_配当データ要確認	4201.8	2.34	12.5	37.67	1.19	-60.3	24.1		12.71	0
4651	サニックスホールディングス	スタンダード（内国株式）	9050	サービス業	10	情報通信・サービスその他	7	TOPIX Small 2	241.0	1.24	3.0	1.24	3.0	1.24	配当あり	いいえ	27.32	1.05	115.2	318.0	192.0	Industrials			OK	通常掲載可	OK	45291.0	2.82	-0.13	27.5	1.14	-1260.0	8.82	34.01	3.98	
4657	環境管理センター	スタンダード（内国株式）	9050	サービス業	10	情報通信・サービスその他	-	-	474.0	1.69	8.0	1.69	8.0	1.69	配当あり	いいえ	52.9	0.91	22.7	559.0	406.0	Industrials			OK	通常掲載可	OK	6099.4	1.8	9.02	43.15	0.75	6.7	8.96	89.29	-10.89	0
4658	日本空調サービス	プライム（内国株式）	9050	サービス業	10	情報通信・サービスその他	7	TOPIX Small 2	1620.0	3.52	57.0	3.52	57.0	3.52	配当あり	いいえ	15.29	1.83	561.5	1735.0	1081.0	Industrials			OK	通常掲載可	OK	69245.0	6.88	7.46	57.83	0.1	1252.0	105.95	53.8	12.95	3
4659	エイジス	スタンダード（内国株式）	9050	サービス業	10	情報通信・サービスその他	-	-							配当未取得								yfinanceデータなし	yfinanceで株価・配当データが取得できなかった	除外推奨	掲載非推奨	データなし										
4661	オリエンタルランド	プライム（内国株式）	9050	サービス業	10	情報通信・サービスその他	2	TOPIX Large70	2543.5	0.63	16.0	0.63	16.0	0.63	配当あり	いいえ	34.25	3.79	41706.2	3715.0	2103.0	Consumer Cyclical			OK	通常掲載可	OK	704539.0	23.9	3.7	67.52	0.3	97677.0	74.27	21.54	11.73	0
4662	フォーカスシステムズ	プライム（内国株式）	5250	情報・通信業	10	情報通信・サービスその他	7	TOPIX Small 2	1676.0	4.06	68.0	4.06	68.0	4.06	配当あり	いいえ	10.76	1.63	245.5	2249.0	1346.0	Technology			OK	通常掲載可	OK	35698.8	8.5	9.66	64.57	0.13	2407.5	155.7	43.67	15.15	3
4664	アール・エス・シー	スタンダード（内国株式）	9050	サービス業	10	情報通信・サービスその他	-	-	1008.0	3.37	34.0	3.37	34.0	3.37	配当あり	いいえ	21.05	1.28	30.3	1835.0	566.0	Industrials			OK	通常掲載可	OK	8231.7	2.64	-6.93	59.2	0.1	138.7	47.88	71.01	6.12	5
4665	ダスキン	プライム（内国株式）	9050	サービス業	10	情報通信・サービスその他	4	TOPIX Mid400	4389.0	3.19	140.0	3.19	140.0	3.19	配当あり	いいえ	22.47	1.31	2066.3	4446.0	3660.0	Industrials			OK	通常掲載可	OK	194554.0	4.5	3.05	75.11	0.0	3658.0	195.31	71.68	5.96	0
4666	パーク２４	プライム（内国株式）	8050	不動産業	17	不動産	4	TOPIX Mid400	2016.0	3.22	65.0	3.22	65.0	3.22	配当あり	いいえ	9.21	3.11	3441.9	2331.0	1694.0	Industrials			OK	通常掲載可	OK	406168.0	9.25	9.5	27.71	1.76	17389.0	218.94	29.69	41.34	1
4667	アイサンテクノロジー	スタンダード（内国株式）	5250	情報・通信業	10	情報通信・サービスその他	-	-	2170.0	1.71	37.0	1.71	37.0	1.71	配当あり	いいえ	27.86	1.76	114.6	2303.0	1304.0	Technology			OK	通常掲載可	OK	6220.6	7.22	13.55	71.78	0.05	722.6	77.9	47.5	8.53	3
4668	明光ネットワークジャパン	プライム（内国株式）	9050	サービス業	10	情報通信・サービスその他	7	TOPIX Small 2	697.0	4.02	28.0	4.02	28.0	4.02	配当あり	いいえ	10.46	1.38	177.5	794.0	670.0	Consumer Defensive			OK	通常掲載可	OK	24827.0	6.84	9.96	65.71	0.0	1321.0	66.63	42.02	13.54	0
4671	ファルコホールディングス	スタンダード（内国株式）	9050	サービス業	10	情報通信・サービスその他	7	TOPIX Small 2	2617.0	4.89	128.0	4.89	128.0	4.89	配当あり	いいえ	13.09	1.01	261.6	2775.0	2255.0	Healthcare			OK	通常掲載可	OK	43578.0	5.73	0.61	70.17	0.05	1285.0	199.94	64.02	7.89	0
4673	川崎地質	スタンダード（内国株式）	9050	サービス業	10	情報通信・サービスその他	-	-	4685.0	2.56	120.0	2.56	120.0	2.56	配当あり	いいえ	6.58	0.73		6370.0	3630.0	Industrials			OK	通常掲載可	OK	12708.8	5.24	32.95	43.89	0.69	-1583.8	711.65	16.86	20.33	1
4674	クレスコ	プライム（内国株式）	5250	情報・通信業	10	情報通信・サービスその他	7	TOPIX Small 2	1502.0	4.66	70.0	4.66	70.0	4.66	配当あり	いいえ	11.57	1.81	605.1	1817.0	1347.0	Technology			OK	通常掲載可	OK	64676.9	10.21	10.07	69.89	0.04	4305.1	129.77	53.94	16.42	6
4676	フジ・メディア・ホールディングス	プライム（内国株式）	5250	情報・通信業	10	情報通信・サービスその他	4	TOPIX Mid400	3970.0	5.04	200.0	5.04	200.0	5.04	配当あり	いいえ	120.49	1.03	5655.1	4466.0	3121.0	Communication Services			OK	通常掲載可	OK	551865.0	-1.59	0.2	37.33	1.13	-101574.0	32.95	606.98	1.01	1
4678	秀英予備校	スタンダード（内国株式）	9050	サービス業	10	情報通信・サービスその他	-	-	313.0	3.19	10.0	3.19	10.0	3.19	配当あり	いいえ	48.53	0.44	21.0	355.0	273.0	Consumer Defensive			OK	通常掲載可	OK	10693.0	3.62	3.37	48.13	0.28	-228.8	6.45	155.04	0.92	0
4679	田谷	スタンダード（内国株式）	9050	サービス業	10	情報通信・サービスその他	-	-	247.0						配当未取得			0.28	18.4	394.0	216.0	Consumer Cyclical	配当未取得	1株配当が取得できていない	除外推奨	掲載非推奨	OK_配当データ要確認	5075.5	0.75	-6.78	36.02	0.47	-93.7	-25.81		0.27	0
4680	ラウンドワン	プライム（内国株式）	9050	サービス業	10	情報通信・サービスその他	4	TOPIX Mid400	1256.5	1.43	18.0	1.43	18.0	1.43	配当あり	いいえ	21.41	4.0	3303.0	1658.0	788.1	Consumer Cyclical			OK	通常掲載可	OK	10462.0	79.55	-89.32	25.73	2.35	42342.0	58.68	30.67	22.23	4
4681	リゾートトラスト	プライム（内国株式）	9050	サービス業	10	情報通信・サービスその他	4	TOPIX Mid400	1761.0	2.04	36.0	2.04	36.0	2.04	配当あり	いいえ	17.89	2.33	3739.5	2074.0	1590.5	Consumer Cyclical			OK	通常掲載可	OK	263020.0	11.09	5.49	30.51	0.19	30462.0	98.44	36.57	13.27	4
4684	オービック	プライム（内国株式）	5250	情報・通信業	10	情報通信・サービスその他	4	TOPIX Mid400	3996.0	2.35	94.0	2.35	94.0	2.35	配当あり	いいえ	23.31	3.36	17220.3	5655.0	3643.0	Technology			OK	通常掲載可	OK	135209.0	65.69	11.52	83.39		71460.0	171.43	54.83	15.83	14
4685	菱友システムズ	スタンダード（内国株式）	5250	情報・通信業	10	情報通信・サービスその他	-	-	2858.0	3.5	100.0	3.5	100.0	3.5	配当あり	いいえ	9.32	1.64	364.5	4415.0	2604.0	Industrials			OK	通常掲載可	OK	43229.0	12.7	1.09	68.95	0.0	3531.0	306.66	32.61	18.5	3
4686	ジャストシステム	プライム（内国株式）	5250	情報・通信業	10	情報通信・サービスその他	6	TOPIX Small 1	3815.0	0.79	30.0	0.79	30.0	0.79	配当あり	いいえ	16.23	2.06	2450.1	5350.0	3320.0	Technology			OK	通常掲載可	OK	51515.0	43.67	15.63	87.01		16157.0	235.0	12.77	13.49	1
4687	ＴＤＣソフト	プライム（内国株式）	5250	情報・通信業	10	情報通信・サービスその他	7	TOPIX Small 2	949.0	3.58	34.0	3.58	34.0	3.58	配当あり	いいえ	11.56	1.92	442.3	1483.0	846.0	Technology			OK	通常掲載可	OK	48359.4	10.67	8.87	74.4	0.01	2643.6	82.09	41.42	17.51	2
4689	ＬＩＮＥヤフー	プライム（内国株式）	5250	情報・通信業	10	情報通信・サービスその他	2	TOPIX Large70	438.2	2.51	11.0	2.51	11.0	2.51	配当あり	いいえ	15.72	1.0	30056.1	571.5	365.1	Consumer Cyclical			OK	通常掲載可	OK	2036366.0	14.01	6.2	26.76	0.65	662854.0	27.87	39.47	7.94	1
4691	ワシントンホテル	スタンダード（内国株式）	9050	サービス業	10	情報通信・サービスその他	-	-	2668.0	3.19	85.0	3.19	85.0	3.19	配当あり	いいえ	10.57	4.87	320.0	3125.0	1195.0	Consumer Cyclical			OK	通常掲載可	OK	24192.8	15.78	13.33	35.49	1.52	2986.2	252.39	33.68	-71.43	1
4694	ビー・エム・エル	プライム（内国株式）	9050	サービス業	10	情報通信・サービスその他	6	TOPIX Small 1	3630.0	3.44	125.0	3.44	125.0	3.44	配当あり	いいえ	17.86	1.07	1360.7	4385.0	3265.0	Healthcare			OK	通常掲載可	OK	150262.0	6.94	4.94	69.67	0.04	10591.0	203.28	61.49	6.02	1
469A	フィットクルー	グロース（内国株式）	9050	サービス業	10	情報通信・サービスその他	-	-	1662.0						配当未取得		7.04	2.11	17.5	3370.0	1372.0	Consumer Cyclical	配当未取得	1株配当が取得できていない	除外推奨	掲載非推奨	OK_配当データ要確認	2921.0	9.4	19.01	32.07	0.76	-99.1	236.17		29.97	
4704	トレンドマイクロ	プライム（内国株式）	5250	情報・通信業	10	情報通信・サービスその他	4	TOPIX Mid400	6267.0	2.95	185.0	2.95	185.0	2.95	配当あり	いいえ	24.04	7.12	8132.5	9722.0	4789.0	Technology			OK	通常掲載可	OK	275984.0	20.93	1.23	30.94		41780.0	260.71	70.96	33.82	1
4705	クリップコーポレーション	スタンダード（内国株式）	9050	サービス業	10	情報通信・サービスその他	-	-	778.0	5.14	40.0	5.14	40.0	5.14	配当あり	いいえ		0.59	28.0	893.0	755.0	Consumer Defensive			OK	通常掲載可	OK	2880.6	-1.3	-5.18	87.08	0.04	-26.1	-24.04		-1.8	0
4707	キタック	スタンダード（内国株式）	9050	サービス業	10	情報通信・サービスその他	-	-	334.0	2.1	7.0	2.1	7.0	2.1	配当あり	いいえ	12.72	0.5	18.7	398.0	309.0	Industrials			OK	通常掲載可	OK	3467.6	4.21	3.73	55.59	0.55	-176.4	26.25	26.67	4.04	1
4709	ＩＤホールディングス	プライム（内国株式）	5250	情報・通信業	10	情報通信・サービスその他	7	TOPIX Small 2	1074.0	4.66	50.0	4.66	50.0	4.66	配当あり	いいえ	12.5	2.4	365.0	1274.5	881.0	Technology			OK	通常掲載可	OK	39371.1	10.49	8.54	63.3	0.07	2938.9	85.92	58.19	20.19	1
4712	ＫｅｙＨｏｌｄｅｒ	スタンダード（内国株式）	9050	サービス業	10	情報通信・サービスその他	-	-	726.0	1.52	11.0	1.52	11.0	1.52	配当あり	いいえ	15.92	10.02	136.6	849.0	700.0	Communication Services			OK	通常掲載可	OK	35630.3	2.2	14.6	41.22	0.19	3004.2	45.59	24.13	-9.19	0
4714	リソー教育グループ	プライム（内国株式）	9050	サービス業	10	情報通信・サービスその他	7	TOPIX Small 2	197.0	5.08	10.0	5.08	10.0	5.08	配当あり	いいえ	20.78	2.74	335.5	229.0	187.0	Consumer Defensive			OK	通常掲載可	OK	34240.9	7.9	2.53	54.11	0.0	799.4	9.48	105.49	13.29	0
4716	日本オラクル	スタンダード（内国株式）	5250	情報・通信業	10	情報通信・サービスその他	4	TOPIX Mid400	8746.0	4.44	388.0	4.44	388.0	4.44	配当あり	いいえ	17.64	5.47	11208.4	17195.0	7758.0	Technology			OK	通常掲載可	OK	263510.0	32.95	7.76	51.73		64635.0	495.9	78.24	34.49	0
4718	早稲田アカデミー	プライム（内国株式）	9050	サービス業	10	情報通信・サービスその他	7	TOPIX Small 2	2404.0	3.74	90.0	3.74	90.0	3.74	配当あり	いいえ	17.86	2.67	444.1	2955.0	1920.0	Consumer Defensive			OK	通常掲載可	OK	37658.9	10.52	7.38	63.2	0.03	3157.5	134.62	66.85	15.67	5
