コード	銘柄名	市場・商品区分	33業種コード	33業種区分	17業種コード	17業種区分	規模コード	規模区分	株価	配当利回り(%)	1株配当(円)	配当利回り_raw	1株配当_raw	配当利回り_自前計算	配当状態	配当フォールバック使用	PER	PBR	時価総額(億円)	52週高値	52週安値	セクター	注意フラグ	要確認理由	配当ランキング利用可否	記事掲載区分	yfinance状態	売上高_直近期(百万円)	営業利益率(%)	売上成長率_YoY(%)	自己資本比率(%)	DEレシオ	FCF(百万円)	EPS(円)	配当性向(%)	ROE(%)	連続増配(年)
4719	アルファシステムズ	プライム（内国株式）	5250	情報・通信業	10	情報通信・サービスその他	7	TOPIX Small 2	3315.0	4.22	140.0	4.22	140.0	4.22	配当あり	いいえ	12.41	1.03	465.4	4240.0	3055.0	Technology			OK	通常掲載可	OK	40722.5	12.14	5.82	85.15		2129.0	267.19	52.4	8.45	2
471A	ＮＳグループ	プライム（内国株式）	7200	その他金融業	16	金融（除く銀行）	7	TOPIX Small 2	1515.0	5.02	76.0	5.02	76.0	5.02	配当あり	いいえ	13.33	2.72	737.6	1799.0	1274.0	Industrials			OK	通常掲載可	OK	29826.0	33.1	13.2	37.93	0.93	7815.0	113.63	66.88	20.41	
4720	城南進学研究社	スタンダード（内国株式）	9050	サービス業	10	情報通信・サービスその他	-	-	235.0	2.13	5.0	2.13	5.0	2.13	配当あり	いいえ	385.25	1.36	18.9	363.0	224.0	Consumer Defensive			OK	通常掲載可	OK	5624.0	-4.1	-3.89	27.46	0.87	-197.9	0.61	819.67	0.28	0
4722	フューチャー	プライム（内国株式）	5250	情報・通信業	10	情報通信・サービスその他	6	TOPIX Small 1	1677.0	2.86	48.0	2.86	48.0	2.86	配当あり	いいえ	12.69	2.35	1487.1	2448.0	1429.0	Technology			OK	通常掲載可	OK	75993.0	21.29	8.75	64.37	0.24	6632.0	132.15	36.32	20.3	13
4725	ＣＡＣ　Ｈｏｌｄｉｎｇｓ	プライム（内国株式）	5250	情報・通信業	10	情報通信・サービスその他	7	TOPIX Small 2	1774.0	5.64	100.0	5.64	100.0	5.64	配当あり	いいえ	9.28	0.89	306.7	2233.0	1731.0	Technology			OK	通常掲載可	OK	50588.0	5.1	-2.83	65.58	0.08	1115.0	191.24	52.29	11.02	3
4728	トーセ	スタンダード（内国株式）	5250	情報・通信業	10	情報通信・サービスその他	-	-	644.0	3.88	25.0	3.88	25.0	3.88	配当あり	いいえ	12.25	0.77	48.8	713.0	612.0	Communication Services			OK	通常掲載可	OK	6636.3	10.4	43.78	78.13		257.5	52.55	47.57	6.44	0
472A	ミラティブ	グロース（内国株式）	5250	情報・通信業	10	情報通信・サービスその他	-	-	450.0						配当未取得		9.62	2.02	76.2	758.0	378.0	Communication Services	配当未取得	1株配当が取得できていない	除外推奨	掲載非推奨	OK_配当データ要確認	7188.2	4.86	32.18	67.66	0.18	-1135.6	46.8		21.0	
4732	ユー・エス・エス	プライム（内国株式）	9050	サービス業	10	情報通信・サービスその他	4	TOPIX Mid400	1927.0	2.85	55.0	2.85	55.0	2.85	配当あり	いいえ	21.79	4.31	8749.4	1948.5	1590.5	Consumer Cyclical			OK	通常掲載可	OK	104021.0	52.11	6.57	76.38	0.01	33887.0	88.45	62.18	20.03	2
4733	オービックビジネスコンサルタント	プライム（内国株式）	5250	情報・通信業	10	情報通信・サービスその他	4	TOPIX Mid400	6452.0	2.01	130.0	2.01	130.0	2.01	配当あり	いいえ	26.74	2.86	4850.4	9379.0	5557.0	Technology			OK	通常掲載可	OK	51400.6	45.88	9.4	76.71		15816.2	241.3	53.87	11.04	2
4735	京進	スタンダード（内国株式）	9050	サービス業	10	情報通信・サービスその他	-	-	325.0	2.4	7.81	2.4	7.81	2.4	配当あり	いいえ	27.92	0.64	25.0	390.0	279.0	Consumer Defensive			OK	通常掲載可	OK	26455.7	1.92	1.36	17.7	2.53	1025.5	11.64	67.1	2.29	0
4736	日本ラッド	スタンダード（内国株式）	5250	情報・通信業	10	情報通信・サービスその他	-	-	605.0	1.65	10.0	1.65	10.0	1.65	配当あり	いいえ	19.38	0.91	32.0	787.0	539.0	Technology			OK	通常掲載可	OK	4131.8	4.11	-5.15	71.27	0.01	68.6	31.22	32.03	4.7	1
4743	アイティフォー	プライム（内国株式）	5250	情報・通信業	10	情報通信・サービスその他	7	TOPIX Small 2	1641.0	4.88	80.0	4.88	80.0	4.88	配当あり	いいえ	15.75	2.1	434.3	1755.0	1425.0	Technology			OK	通常掲載可	OK	23101.0	16.7	12.4	73.59	0.01	2341.5	104.2	76.78	14.15	0
4746	東計電算	スタンダード（内国株式）	5250	情報・通信業	10	情報通信・サービスその他	7	TOPIX Small 2	4485.0	3.86	173.0	3.86	173.0	3.86	配当あり	いいえ	15.2	1.58	806.5	4620.0	3800.0	Technology			OK	通常掲載可	OK	20835.7	30.1	6.12	79.89		5771.3	295.11	58.62	12.49	5
4750	ダイサン	スタンダード（内国株式）	9050	サービス業	10	情報通信・サービスその他	-	-	544.0	4.04	22.0	4.04	22.0	4.04	配当あり	いいえ	13.3	0.61	34.9	667.0	526.0	Industrials			OK	通常掲載可	OK	10837.5	3.42	4.13	54.61	0.44	1313.5	40.91	53.78	4.64	2
4751	サイバーエージェント	プライム（内国株式）	9050	サービス業	10	情報通信・サービスその他	4	TOPIX Mid400	1459.0	1.3	19.0	1.3	19.0	1.3	配当あり	いいえ	18.15	3.73	7398.6	1933.0	1204.0	Communication Services			OK	通常掲載可	OK	874030.0	8.2	9.09	32.98	0.51	51741.0	80.39	23.63	21.07	7
4752	昭和システムエンジニアリング	スタンダード（内国株式）	5250	情報・通信業	10	情報通信・サービスその他	-	-	1550.0	3.94	61.0	3.94	61.0	3.94	配当あり	いいえ	8.63	1.12	66.4	1868.0	1422.0	Technology			OK	通常掲載可	OK	8730.9	11.74	4.97	63.0	0.0	788.5	179.65	33.95	13.66	5
4754	トスネット	スタンダード（内国株式）	9050	サービス業	10	情報通信・サービスその他	-	-	1474.0	2.51	37.0	2.51	37.0	2.51	配当あり	いいえ	12.8	0.82	68.6	1879.0	1373.0	Industrials			OK	通常掲載可	OK	11907.0	7.22	3.0	75.19	0.11	561.4	115.12	32.14	6.58	4
4755	楽天グループ	プライム（内国株式）	9050	サービス業	10	情報通信・サービスその他	4	TOPIX Mid400	764.0						配当未取得			1.84	16607.0	1068.5	686.1	Consumer Cyclical	配当未取得	1株配当が取得できていない	除外推奨	掲載非推奨	OK_配当データ要確認	2496575.0	0.58	9.54	3.45	5.61	218125.0	-82.28		-5.23	0
475A	ギミック	スタンダード（内国株式）	9050	サービス業	10	情報通信・サービスその他	-	-	659.0						配当未取得		9.14	1.4	34.5	1249.0	580.0	Healthcare	配当未取得	1株配当が取得できていない	除外推奨	掲載非推奨	OK_配当データ要確認	3842.9	12.12	8.18	73.33	0.04	373.2	72.09		19.6	
4760	アルファ	スタンダード（内国株式）	9050	サービス業	10	情報通信・サービスその他	-	-	1662.0	4.21	70.0	4.21	70.0	4.21	配当あり	いいえ	9.46	0.9	13.4	3990.0	1510.0	Communication Services			OK	通常掲載可	OK	6365.0	3.69	3.93	33.6	1.01	-117.0	175.67	39.85	10.02	1
4761	さくらケーシーエス	スタンダード（内国株式）	5250	情報・通信業	10	情報通信・サービスその他	-	-	1440.0	4.31	62.0	4.31	62.0	4.31	配当あり	いいえ	13.17	0.77	158.5	1631.0	1180.0	Technology			OK	通常掲載可	OK	23790.0	5.9	5.56	78.3	0.04	204.0	109.3	56.72	5.98	4
4762	エックスネット	スタンダード（内国株式）	5250	情報・通信業	10	情報通信・サービスその他	-	-	1767.0	3.96	70.0	3.96	70.0	3.96	配当あり	いいえ	13.61	2.27	73.9	1780.0	1317.0	Technology			OK	通常掲載可	OK	5658.3	18.05	6.75	53.25	0.37	740.6	129.87	53.9	17.54	4
4763	クリーク・アンド・リバー社	プライム（内国株式）	9050	サービス業	10	情報通信・サービスその他	7	TOPIX Small 2	1323.0	3.78	50.0	3.78	50.0	3.78	配当あり	いいえ	6.88	1.47	280.1	1629.0	1213.0	Industrials			OK	通常掲載可	OK	61393.9	8.0	22.11	40.85	0.6	1475.1	192.23	26.01	23.49	0
4765	ＳＢＩグローバルアセットマネジメント	プライム（内国株式）	9050	サービス業	10	情報通信・サービスその他	7	TOPIX Small 2	564.0	4.88	27.5	4.88	27.5	4.88	配当あり	いいえ	19.92	2.39	778.7	672.0	551.0	Financial Services			OK	通常掲載可	OK	27859.6	18.5	140.81	61.54	0.0	2192.5	28.31	97.14	12.82	6
4766	ピーエイ	スタンダード（内国株式）	9050	サービス業	10	情報通信・サービスその他	-	-	180.0	2.89	5.2	2.89	5.2	2.89	配当あり	いいえ	20.16	4.3	19.4	304.0	177.0	Industrials			OK	通常掲載可	OK	2021.1	6.31	7.67	37.24	1.11	53.5	8.93	58.23	25.34	1
4767	テー・オー・ダブリュー	スタンダード（内国株式）	9050	サービス業	10	情報通信・サービスその他	7	TOPIX Small 2	325.0	5.63	18.3	5.63	18.3	5.63	配当あり	いいえ	11.05	1.3	134.4	398.0	305.0	Communication Services			OK	通常掲載可	OK	17782.9	12.11	1.6	69.57	0.06	632.9	29.41	62.22	11.22	2
4768	大塚商会	プライム（内国株式）	5250	情報・通信業	10	情報通信・サービスその他	4	TOPIX Mid400	2853.0	3.33	95.0	3.33	95.0	3.33	配当あり	いいえ	16.86	2.76	10818.6	3353.0	2697.0	Technology			OK	通常掲載可	OK	1322791.0	6.8	19.42	54.08	0.02	72192.0	169.18	56.15	17.78	16
4769	ＩＣ	スタンダード（内国株式）	5250	情報・通信業	10	情報通信・サービスその他	-	-	1077.0	3.71	40.0	3.71	40.0	3.71	配当あり	いいえ	20.24	1.24	80.1	1208.0	977.0	Technology			OK	通常掲載可	OK	10136.1	5.09	9.11	73.91		110.0	53.2	75.19	6.27	5
476A	辻・本郷ＩＴコンサルティング	スタンダード（内国株式）	5250	情報・通信業	10	情報通信・サービスその他	-	-	1478.0						配当未取得		21.74	1.8	30.1	3325.0	1390.0	Industrials	配当未取得	1株配当が取得できていない	除外推奨	掲載非推奨	OK_配当データ要確認	2124.2	15.09	64.54	60.37	0.19	174.5	67.99		8.28	
4771	エフアンドエム	スタンダード（内国株式）	9050	サービス業	10	情報通信・サービスその他	-	-	2471.0	2.43	60.0	2.43	60.0	2.43	配当あり	いいえ	12.94	2.37	365.5	3070.0	2015.0	Industrials			OK	通常掲載可	OK	20807.7	18.54	21.92	74.72		1556.1	191.01	31.41	19.73	10
4772	ＳＭ　ＥＮＴＥＲＴＡＩＮＭＥＮＴ　ＪＡＰＡＮ	グロース（内国株式）	5250	情報・通信業	10	情報通信・サービスその他	-	-	73.0	1.37	1.0	1.37	1.0	1.37	配当あり	いいえ	22.53	1.15	84.6	131.0	63.0	Communication Services			OK	通常掲載可	OK	10195.6	1.71	4.94	51.4		1414.8	3.24	30.86	7.76	1
4776	サイボウズ	プライム（内国株式）	5250	情報・通信業	10	情報通信・サービスその他	6	TOPIX Small 1	2533.0	1.97	50.0	1.97	50.0	1.97	配当あり	いいえ	16.53	6.68	1149.1	4160.0	1948.0	Technology			OK	通常掲載可	OK	37430.0	26.99	26.13	59.08	0.0	7479.0	153.25	32.63	50.23	7
4777	ガーラ	スタンダード（内国株式）	5250	情報・通信業	10	情報通信・サービスその他	-	-	203.0						配当未取得			14.05	56.9	303.0	173.0	Communication Services	配当未取得	1株配当が取得できていない	除外推奨	掲載非推奨	OK_配当データ要確認	2589.3	-8.56	10.14	12.24	3.27	-173.1	-18.98		-55.01	
477A	スタートライン	グロース（内国株式）	9050	サービス業	10	情報通信・サービスその他	-	-	592.0						配当未取得		4.03	2.45	24.5	1209.0	485.0	Industrials	配当未取得	1株配当が取得できていない	除外推奨	掲載非推奨	OK_配当データ要確認	5599.2	8.05	25.24	22.9	2.42	-740.5	146.93		60.79	
4783	ＮＣＤ	スタンダード（内国株式）	5250	情報・通信業	10	情報通信・サービスその他	-	-	2430.0	4.94	120.0	4.94	120.0	4.94	配当あり	いいえ	10.67	2.32	194.9	3550.0	2259.0	Technology			OK	通常掲載可	OK	30867.4	8.55	2.53	50.14	0.16	1411.3	227.69	52.7	22.86	3
4784	ＧＭＯインターネット	プライム（内国株式）	9050	サービス業	10	情報通信・サービスその他	7	TOPIX Small 2	471.0	3.31	15.6	3.31	15.6	3.31	配当あり	いいえ	23.26	9.3	1433.0	2588.0	440.0	Technology			OK	通常掲載可	OK	78548.0	10.47	504.35	26.96	0.64	11726.0	20.25	77.04	43.22	2
478A	フツパー	グロース（内国株式）	5250	情報・通信業	10	情報通信・サービスその他	-	-	760.0						配当未取得		24.04	3.6	77.2	1389.0	660.0	Technology	配当未取得	1株配当が取得できていない	除外推奨	掲載非推奨	OK_配当データ要確認	1256.5	31.56	108.45	87.91	0.03	187.5	31.62		14.98	
4792	山田コンサルティンググループ	プライム（内国株式）	9050	サービス業	10	情報通信・サービスその他	7	TOPIX Small 2	1662.0	4.63	77.0	4.63	77.0	4.63	配当あり	いいえ	10.99	1.61	319.2	1901.0	1591.0	Industrials			OK	通常掲載可	OK	26711.9	14.0	17.36	59.82	0.25	-2396.3	151.24	50.91	13.69	0
479A	ＰＲＯＮＩ	グロース（内国株式）	5250	情報・通信業	10	情報通信・サービスその他	-	-	1457.0						配当未取得		12.58	3.53	64.7	2099.0	1181.0	Technology	配当未取得	1株配当が取得できていない	除外推奨	掲載非推奨	OK_配当データ要確認	3233.6	11.43	47.13	48.65	0.65	481.0	115.83		28.06	
4800	オリコン	スタンダード（内国株式）	5250	情報・通信業	10	情報通信・サービスその他	-	-	1368.0	2.63	36.0	2.63	36.0	2.63	配当あり	いいえ	28.09	3.03	175.6	1370.0	768.0	Communication Services			OK	通常掲載可	OK	6320.9	24.42	28.58	81.78	0.03	1073.6	48.7	73.92	10.91	4
4801	セントラルスポーツ	プライム（内国株式）	9050	サービス業	10	情報通信・サービスその他	7	TOPIX Small 2	2374.0	1.68	40.0	1.68	40.0	1.68	配当あり	いいえ	20.7	1.0	265.9	2620.0	2235.0	Consumer Cyclical			OK	通常掲載可	OK	48865.0	5.49	4.87	62.93	0.17	1698.0	114.66	34.89	4.9	2
4809	パラカ	プライム（内国株式）	8050	不動産業	17	不動産	7	TOPIX Small 2	2070.0	3.38	70.0	3.38	70.0	3.38	配当あり	いいえ	10.59	0.99	208.9	2121.0	1826.0	Industrials			OK	通常掲載可	OK	17630.0	18.56	7.63	42.3	1.25	-1675.0	195.41	35.82	9.74	1
480A	リブ・コンサルティング	グロース（内国株式）	9050	サービス業	10	情報通信・サービスその他	-	-	980.0						配当未取得		11.46	1.71	65.1	1460.0	862.0	Industrials	配当未取得	1株配当が取得できていない	除外推奨	掲載非推奨	OK_配当データ要確認	6109.2	13.74	22.75	76.02	0.0	589.6	85.55		14.92	
4811	ドリーム・アーツ	グロース（内国株式）	5250	情報・通信業	10	情報通信・サービスその他	-	-	796.0	2.51	20.0	2.51	20.0	2.51	配当あり	いいえ	12.72	3.17	95.4	1615.0	698.0	Technology			OK	通常掲載可	OK	5654.1	17.24	12.32	54.9	0.0	815.0	62.57	31.96	25.63	2
4812	電通総研	プライム（内国株式）	5250	情報・通信業	10	情報通信・サービスその他	6	TOPIX Small 1	2732.0	1.65	45.0	1.65	45.0	1.65	配当あり	いいえ	32.57	5.28	5332.3	2880.0	1728.0	Technology			OK	通常掲載可	OK	164865.0	13.88	8.01	60.68	0.02	16331.0	83.87	53.65	17.55	12
4813	ＡＣＣＥＳＳ	プライム（内国株式）	5250	情報・通信業	10	情報通信・サービスその他	-	-	343.0						配当未取得			1.9	129.0	870.0	326.0	Technology	配当未取得	1株配当が取得できていない	除外推奨	掲載非推奨	OK_配当データ要確認	19215.6	-13.99	20.62	39.69	0.14	-5526.1	-90.52		-26.2	0
4814	ネクストウェア	スタンダード（内国株式）	5250	情報・通信業	10	情報通信・サービスその他	-	-	151.0						配当未取得			2.52	19.2	314.0	145.0	Technology	配当未取得	1株配当が取得できていない	除外推奨	掲載非推奨	OK_配当データ要確認	3009.8	-2.51	6.72	79.07	0.0	-133.3	-36.41		-46.62	0
4816	東映アニメーション	スタンダード（内国株式）	5250	情報・通信業	10	情報通信・サービスその他	-	-	2511.0	1.75	44.0	1.75	44.0	1.75	配当あり	いいえ	20.45	3.0	5130.3	3620.0	2239.0	Communication Services			OK	通常掲載可	OK	93669.0	33.11	-7.11	84.56		15786.0	122.79	35.83	15.46	1
4819	デジタルガレージ	プライム（内国株式）	5250	情報・通信業	10	情報通信・サービスその他	6	TOPIX Small 1	2074.0	2.27	47.0	2.27	47.0	2.27	配当あり	いいえ	75.2	1.26	954.0	4525.0	1690.0	Technology			OK	通常掲載可	OK	40972.0	10.24	6.96	34.56	0.82	-10932.0	27.58	170.41	1.41	4
4820	イーエムシステムズ	プライム（内国株式）	5250	情報・通信業	10	情報通信・サービスその他	7	TOPIX Small 2	500.0	4.6	23.0	4.6	23.0	4.6	配当あり	いいえ	14.16	2.29	346.1	847.0	482.0	Healthcare			OK	通常掲載可	OK	23658.0	15.58	-4.75	74.12	0.03	627.0	35.3	65.16	7.31	4
4825	ウェザーニューズ	プライム（内国株式）	5250	情報・通信業	10	情報通信・サービスその他	6	TOPIX Small 1	2070.0	2.17	45.0	2.17	45.0	2.17	配当あり	いいえ	25.38	4.03	919.4	2435.0	1820.0	Communication Services			OK	通常掲載可	OK	23505.6	19.22	5.68	83.6		4170.3	81.56	55.17	17.19	3
4826	ＣＩＪ	プライム（内国株式）	5250	情報・通信業	10	情報通信・サービスその他	7	TOPIX Small 2	486.0	1.65	8.0	1.65	8.0	1.65	配当あり	いいえ	15.38	1.84	271.4	605.0	457.0	Technology			OK	通常掲載可	OK	26899.8	8.07	4.53	77.72	0.04	1736.1	31.59	25.32	12.42	0
4828	ビジネスエンジニアリング	プライム（内国株式）	5250	情報・通信業	10	情報通信・サービスその他	7	TOPIX Small 2	1099.0	3.82	42.0	3.82	42.0	3.82	配当あり	いいえ	13.44	4.08	655.5	1758.0	950.0	Technology			OK	通常掲載可	OK	24442.7	26.23	17.64	74.66	0.01	4745.4	81.77	51.36	33.2	5
4829	日本エンタープライズ	スタンダード（内国株式）	5250	情報・通信業	10	情報通信・サービスその他	-	-	106.0	2.83	3.0	2.83	3.0	2.83	配当あり	いいえ	124.71	0.87	40.8	143.0	99.0	Technology			OK	通常掲載可	OK	4442.3	1.53	-5.41	84.74	0.0	30.0	0.85	352.94	0.9	0
4832	ＪＦＥシステムズ	スタンダード（内国株式）	5250	情報・通信業	10	情報通信・サービスその他	-	-	2026.0	3.46	70.0	3.46	70.0	3.46	配当あり	いいえ	14.93	1.79	636.4	2469.0	1812.0	Technology			OK	通常掲載可	OK	57410.6	11.05	-10.26	67.27	0.08	7109.7	135.74	51.57	12.5	1
4833	Ｄｅｆ　ｃｏｎｓｕｌｔｉｎｇ	グロース（内国株式）	9050	サービス業	10	情報通信・サービスその他	-	-	42.0						配当未取得			0.93	30.5	429.0	32.0	Industrials	配当未取得	1株配当が取得できていない	除外推奨	掲載非推奨	OK_配当データ要確認	854.1	-49.17	37.83	93.62	0.0	-3962.9	-40.78		-59.91	
4838	スペースシャワーＳＫＩＹＡＫＩホールディングス	スタンダード（内国株式）	5250	情報・通信業	10	情報通信・サービスその他	-	-	646.0	4.64	30.0	4.64	30.0	4.64	配当あり	いいえ	8.79	1.19	104.9	960.0	507.0	Communication Services			OK	通常掲載可	OK	22858.3	8.56	10.76	47.98	0.0	3060.6	73.51	40.81	14.75	1
4839	ＷＯＷＯＷ	プライム（内国株式）	5250	情報・通信業	10	情報通信・サービスその他	7	TOPIX Small 2	1001.0	5.99	60.0	5.99	60.0	5.99	配当あり	いいえ	21.88	0.41	283.7	1920.0	965.0	Communication Services			OK	通常掲載可	OK	77124.0	1.91	0.48	73.55		1541.0	45.75	131.15	1.88	0
483A	テラテクノロジー	スタンダード（内国株式）	5250	情報・通信業	10	情報通信・サービスその他	-	-	2150.0	4.19	90.0	4.19	90.0	4.19	配当あり	いいえ	9.16	1.27	35.0	3075.0	2001.0	Technology			OK	通常掲載可	OK	4749.0	11.9	8.25	76.39	0.0	357.2	234.78	38.33	15.83	
4840	トライアイズ	スタンダード（内国株式）	9050	サービス業	10	情報通信・サービスその他	-	-	685.0	0.29	2.0	0.29	2.0	0.29	配当あり	いいえ		1.17	59.2	1340.0	335.0	Industrials			OK	通常掲載可	OK	1424.4	-14.39	48.18	87.79	0.11	-850.9	-54.18		-13.1	0
4845	スカラ	スタンダード（内国株式）	5250	情報・通信業	10	情報通信・サービスその他	7	TOPIX Small 2	324.0	5.25	17.0	5.25	17.0	5.25	配当あり	いいえ	8.64	1.21	55.5	442.0	323.0	Technology			OK	通常掲載可	OK	8193.3	-17.68	-30.79	34.16	1.43	152.3	37.52	45.31	13.24	0
4847	インテリジェント　ウェイブ	プライム（内国株式）	5250	情報・通信業	10	情報通信・サービスその他	-	-	967.0	3.83	37.0	3.83	37.0	3.83	配当あり	いいえ	18.83	2.63	253.2	1136.0	904.0	Technology			OK	通常掲載可	OK	15596.1	11.85	7.42	50.7	0.0	2592.0	51.35	72.05	13.62	0
4848	フルキャストホールディングス	プライム（内国株式）	9050	サービス業	10	情報通信・サービスその他	7	TOPIX Small 2	1540.0	4.16	64.0	4.16	64.0	4.16	配当あり	いいえ	11.31	1.73	536.1	1841.0	1481.0	Industrials			OK	通常掲載可	OK	77227.0	10.25	12.65	53.36	0.4	623.0	136.14	47.01	16.2	12
4849	エン	プライム（内国株式）	9050	サービス業	10	情報通信・サービスその他	6	TOPIX Small 1	1152.0	5.93	68.3	5.93	68.3	5.93	配当あり	いいえ	17.7	1.37	434.9	1840.0	1064.0	Industrials			OK	通常掲載可	OK	59093.0	6.71	-10.03	64.01	0.01	-7091.0	65.09	104.93	7.54	0
485A	パワーエックス	グロース（内国株式）	3650	電気機器	9	電機・精密	-	-	2011.0						配当未取得			32.16	2297.5	5576.67	353.33	Industrials	配当未取得	1株配当が取得できていない	除外推奨	掲載非推奨	OK_配当データ要確認	19306.0	-3.51	213.36	25.34	1.12	62.0	-17.09		-39.59	
4880	セルソース	スタンダード（内国株式）	3250	医薬品	5	医薬品	7	TOPIX Small 2	325.0	1.54	5.0	1.54	5.0	1.54	配当あり	いいえ	91.04	1.08	64.5	736.0	294.0	Healthcare			OK	通常掲載可	OK	3711.5	4.49	-14.78	85.66	0.01	283.0	3.57	140.06	1.19	0
4881	ファンペップ	グロース（内国株式）	3250	医薬品	5	医薬品	-	-	63.0						配当未取得			1.64	28.3	130.0	57.0	Healthcare	配当未取得	1株配当が取得できていない	除外推奨	掲載非推奨	OK_配当データ要確認	0.3	-525053.5	-94.88	73.91		-1387.9	-50.2		-84.4	
4882	ペルセウスプロテオミクス	グロース（内国株式）	3250	医薬品	5	医薬品	-	-	154.0						配当未取得			2.15	26.2	425.0	142.0	Healthcare	配当未取得	1株配当が取得できていない	除外推奨	掲載非推奨	OK_配当データ要確認	135.5	-549.75	12.57	75.01		-663.3	-48.17		-54.21	
4883	モダリス	グロース（内国株式）	3250	医薬品	5	医薬品	-	-	33.0						配当未取得			1.09	31.8	103.0	30.0	Healthcare	配当未取得	1株配当が取得できていない	除外推奨	掲載非推奨	OK_配当データ要確認	0.0			94.23	0.0	-2121.0	-27.86		-59.69	
4884	クリングルファーマ	グロース（内国株式）	3250	医薬品	5	医薬品	-	-	339.0						配当未取得			2.65	27.4	876.0	287.0	Healthcare	配当未取得	1株配当が取得できていない	除外推奨	掲載非推奨	OK_配当データ要確認	72.2	-1259.37	-9.77	62.96		-755.8	-130.14		-72.02	
4885	室町ケミカル	スタンダード（内国株式）	3250	医薬品	5	医薬品	-	-	914.0	2.84	26.0	2.84	26.0	2.84	配当あり	いいえ	10.19		36.8	1380.0	703.0	Basic Materials			OK	通常掲載可	OK	6653.0	6.5	4.46	46.57	0.67	-120.3	89.66	29.0		2
4886	あすか製薬ホールディングス	プライム（内国株式）	3250	医薬品	5	医薬品	7	TOPIX Small 2	2391.0	2.76	66.0	2.76	66.0	2.76	配当あり	いいえ	12.52	0.96	679.0	3045.0	1920.0	Healthcare			OK	通常掲載可	OK	71127.0	8.2	10.9	62.61	0.16	3429.0	191.04	34.55	7.7	4
4887	サワイグループホールディングス	プライム（内国株式）	3250	医薬品	5	医薬品	4	TOPIX Mid400	1718.0	3.26	56.0	3.26	56.0	3.26	配当あり	いいえ	17.24	1.11	1984.0	2447.0	1591.0	Healthcare			OK	通常掲載可	OK	201676.0	7.88	6.69	49.61	0.59	-17038.0	99.64	56.2	6.55	2
4888	ステラファーマ	グロース（内国株式）	3250	医薬品	5	医薬品	-	-	312.0						配当未取得			4.38	112.4	995.0	200.0	Healthcare	配当未取得	1株配当が取得できていない	除外推奨	掲載非推奨	OK_配当データ要確認	323.4	-231.6	-66.35	54.08	0.31	-346.2	-22.96		-27.69	
4889	レナサイエンス	グロース（内国株式）	3250	医薬品	5	医薬品	-	-	1529.0						配当未取得			6.13	210.6	3310.0	1108.0	Healthcare	配当未取得	1株配当が取得できていない	除外推奨	掲載非推奨	OK_配当データ要確認	68.6	-520.59	-48.34	94.85	0.0	-291.3	-23.39		-11.94	
4890	坪田ラボ	グロース（内国株式）	3250	医薬品	5	医薬品	-	-	239.0						配当未取得			7.14	61.6	478.0	210.0	Healthcare	配当未取得	1株配当が取得できていない	除外推奨	掲載非推奨	OK_配当データ要確認	200.0	-393.87	-85.26	65.5	0.08	-586.6	-29.59		-62.12	
4891	ティムス	グロース（内国株式）	3250	医薬品	5	医薬品	-	-	108.0						配当未取得			1.91	49.2	185.0	99.0	Healthcare	配当未取得	1株配当が取得できていない	除外推奨	掲載非推奨	OK_配当データ要確認	0.0			92.85		-524.6	-15.64			
4892	サイフューズ	グロース（内国株式）	3250	医薬品	5	医薬品	-	-	556.0						配当未取得			2.01	55.4	764.0	512.0	Healthcare	配当未取得	1株配当が取得できていない	除外推奨	掲載非推奨	OK_配当データ要確認	231.0	-358.52	324.27	64.64	0.48	-582.4	-86.79		-32.1	
4893	ノイルイミューン・バイオテック	グロース（内国株式）	3250	医薬品	5	医薬品	-	-	128.0						配当未取得			1.47	55.4	217.0	114.0	Healthcare	配当未取得	1株配当が取得できていない	除外推奨	掲載非推奨	OK_配当データ要確認	5.0	-15945.08	-34.1	98.01		-752.2	-18.33		-17.09	
4894	クオリプス	グロース（内国株式）	3250	医薬品	5	医薬品	-	-	4655.0						配当未取得			8.09	384.4	12400.0	3610.0	Healthcare	配当未取得	1株配当が取得できていない	除外推奨	掲載非推奨	OK_配当データ要確認	212.3	-509.23	21.19	92.72		-1109.7	-124.75		-19.99	
4896	ケイファーマ	グロース（内国株式）	3250	医薬品	5	医薬品	-	-	715.0						配当未取得			8.19	83.1	949.0	604.0	Healthcare	配当未取得	1株配当が取得できていない	除外推奨	掲載非推奨	OK_配当データ要確認	0.0			43.05	1.19	-929.2	-85.59		-67.92	
4901	富士フイルムホールディングス	プライム（内国株式）	3200	化学	4	素材・化学	2	TOPIX Large70	3621.0	2.07	75.0	2.07	75.0	2.07	配当あり	いいえ	15.77	1.14	43292.8	3787.0	2855.0	Industrials			OK	通常掲載可	OK	3356969.0	10.43	5.04	63.42	0.27	-160011.0	229.57	32.67	7.71	9
4902	コニカミノルタ	プライム（内国株式）	3650	電気機器	9	電機・精密	4	TOPIX Mid400	573.7	3.14	18.0	3.14	18.0	3.14	配当あり	いいえ	8.83	0.53	2835.1	735.9	435.1	Industrials			OK	通常掲載可	OK	1087738.0	4.58	-3.56	43.44	0.74	25184.0	65.0	27.69	6.6	0
4911	資生堂	プライム（内国株式）	3200	化学	4	素材・化学	4	TOPIX Mid400	2769.0	2.17	60.0	2.17	60.0	2.17	配当あり	いいえ		1.82	11065.4	3535.0	2135.0	Consumer Defensive			OK	通常掲載可	OK	969992.0	-2.97	-2.08	47.41	0.54	65464.0	-101.9		-5.58	0
4912	ライオン	プライム（内国株式）	3200	化学	4	素材・化学	4	TOPIX Mid400	1722.5	1.97	34.0	1.97	34.0	1.97	配当あり	いいえ	17.3	1.47	4765.6	1885.0	1437.5	Consumer Defensive			OK	通常掲載可	OK	422092.0	8.62	2.22	61.05	0.09	24660.0	99.56	34.15	9.57	10
4914	高砂香料工業	プライム（内国株式）	3200	化学	4	素材・化学	6	TOPIX Small 1	1146.0	4.54	52.0	4.54	52.0	4.54	配当あり	いいえ	11.72	0.73	1117.3	1760.0	1065.0	Basic Materials			OK	通常掲載可	OK	225092.0	3.61	-1.8	56.58	0.41	-16991.0	97.75	53.2	6.69	4
4918	アイビー化粧品	スタンダード（内国株式）	3200	化学	4	素材・化学	-	-	353.0	4.25	15.0	4.25	15.0	4.25	配当あり	いいえ	15.72	0.82	22.2	460.0	248.0	Consumer Defensive			OK	通常掲載可	OK	2641.7	7.39	-9.84	72.43	0.11	376.2	22.45	66.82	-4.23	0
4919	ミルボン	プライム（内国株式）	3200	化学	4	素材・化学	6	TOPIX Small 1	2764.0	3.18	88.0	3.18	88.0	3.18	配当あり	いいえ	26.04	1.81	878.4	2845.0	2303.0	Consumer Defensive			OK	通常掲載可	OK	52863.3	10.69	3.01	84.87		2049.6	106.14	82.91	8.35	0
4920	日本色材工業研究所	スタンダード（内国株式）	3200	化学	4	素材・化学	-	-	1149.0	2.61	30.0	2.61	30.0	2.61	配当あり	いいえ	7.09	0.55	24.1	1287.0	1020.0	Consumer Defensive			OK	通常掲載可	OK	16643.0	1.08	-5.61	24.16	2.33	-614.1	162.01	18.52	8.33	0
4922	コーセーホールディングス	プライム（内国株式）	3200	化学	4	素材・化学	4	TOPIX Mid400	5393.0	2.6	140.0	2.6	140.0	2.6	配当あり	いいえ	20.37	1.1	3059.8	6500.0	4910.0	Consumer Defensive			OK	通常掲載可	OK	330193.0	5.59	2.3	72.23	0.04	-10253.0	264.8	52.87	3.66	0
4923	コタ	プライム（内国株式）	3200	化学	4	素材・化学	7	TOPIX Small 2	1175.0	1.62	19.05	1.62	19.05	1.62	配当あり	いいえ	26.11	2.87	342.4	1411.43	1047.0	Consumer Defensive			OK	通常掲載可	OK	9376.7	19.54	2.62	75.33		658.1	45.0	42.33	12.24	10
4925	ハーバー研究所	スタンダード（内国株式）	3200	化学	4	素材・化学	-	-	1711.0	2.34	40.0	2.34	40.0	2.34	配当あり	いいえ	8.51	0.68	64.7	1849.0	1609.0	Consumer Defensive			OK	通常掲載可	OK	12141.3	5.99	0.66	76.17	0.12	1127.7	201.04	19.9	8.23	0
4926	シーボン	スタンダード（内国株式）	3200	化学	4	素材・化学	-	-	1221.0	1.64	20.0	1.64	20.0	1.64	配当あり	いいえ	24.39	0.89	50.8	1370.0	1126.0	Consumer Defensive			OK	通常掲載可	OK	9267.0	2.73	4.84	66.13	0.0	553.1	50.06	39.95	3.74	0
4927	ポーラ・オルビスホールディングス	プライム（内国株式）	3200	化学	4	素材・化学	4	TOPIX Mid400	1304.0	3.99	52.0	3.99	52.0	3.99	配当あり	いいえ	30.49	1.83	2885.5	1413.0	1233.0	Consumer Defensive			OK	通常掲載可	OK	170285.0	9.22	-0.04	82.4	0.01	11855.0	42.77	121.58	6.68	0
4928	ノエビアホールディングス	プライム（内国株式）	3200	化学	4	素材・化学	6	TOPIX Small 1	4470.0	5.15	230.0	5.15	230.0	5.15	配当あり	いいえ	18.83	3.12	1526.8	4795.0	4190.0	Consumer Defensive			OK	通常掲載可	OK	64724.0	17.12	1.41	70.29	0.01	5410.0	237.36	96.9	16.86	5
4929	アジュバンホールディングス	スタンダード（内国株式）	3200	化学	4	素材・化学	-	-	730.0	1.64	12.0	1.64	12.0	1.64	配当あり	いいえ	40.8	1.38	58.4	930.0	717.0	Consumer Defensive			OK	通常掲載可	OK	3813.7	4.48	-6.94	81.94	0.01	89.9	17.89	67.08	3.38	0
4931	新日本製薬	プライム（内国株式）	3200	化学	4	素材・化学	7	TOPIX Small 2	1976.0	2.88	57.0	2.88	57.0	2.88	配当あり	いいえ	12.92	1.8	418.6	2525.0	1855.0	Consumer Cyclical			OK	通常掲載可	OK	41140.0	11.62	2.74	80.73	0.0	4494.0	152.94	37.27	14.57	2
4932	アルマード	スタンダード（内国株式）	3200	化学	4	素材・化学	-	-	685.0	6.13	42.0	6.13	42.0	6.13	配当あり	いいえ	12.21	3.49	63.4	1200.0	612.0	Consumer Defensive			OK	通常掲載可	OK	10118.9	6.77	19.36	40.08	1.1	743.1	56.1	74.87	28.07	0
4933	Ｉ－ｎｅ	プライム（内国株式）	3200	化学	4	素材・化学	7	TOPIX Small 2	1202.0	1.25	15.0	1.25	15.0	1.25	配当あり	いいえ	10.11	1.15	213.8	1755.0	1019.0	Consumer Defensive			OK	通常掲載可	OK	48975.0	7.92	8.82	50.3	0.36	3770.0	118.88	12.62	11.49	1
4934	プレミアアンチエイジング	グロース（内国株式）	3200	化学	4	素材・化学	-	-	627.0						配当未取得		18.73	0.77	54.7	935.0	576.0	Consumer Defensive	配当未取得	1株配当が取得できていない	除外推奨	掲載非推奨	OK_配当データ要確認	20359.0	0.68	-22.88	55.64	0.4	-395.0	33.48		130.26	
4935	リベルタ	スタンダード（内国株式）	3200	化学	4	素材・化学	-	-	360.0	0.56	2.0	0.56	2.0	0.56	配当あり	いいえ	232.26	8.33	108.1	844.0	183.0	Consumer Defensive			OK	通常掲載可	OK	10032.0	1.33	16.17	20.4	2.59	-411.7	1.55	129.03	-5.35	1
4936	アクシージア	スタンダード（内国株式）	3200	化学	4	素材・化学	7	TOPIX Small 2	330.0	3.03	10.0	3.03	10.0	3.03	配当あり	いいえ		0.99	75.5	562.0	317.0	Consumer Defensive			OK	通常掲載可	OK	12192.4	7.53	7.51	80.94	0.11	410.8	-1.52		1.82	0
4937	Ｗａｑｏｏ	グロース（内国株式）	3200	化学	4	素材・化学	-	-	1500.0						配当未取得		22.37	2.37	53.4	1850.0	949.0	Consumer Cyclical	配当未取得	1株配当が取得できていない	除外推奨	掲載非推奨	OK_配当データ要確認	1960.9	7.7	0.9	65.38	0.35	-56.8	67.05		11.1	
4951	エステー	プライム（内国株式）	3200	化学	4	素材・化学	7	TOPIX Small 2	1500.0	3.07	46.0	3.07	46.0	3.07	配当あり	いいえ	19.38	0.93	313.0	1637.0	1426.0	Consumer Defensive			OK	通常掲載可	OK	48492.0	4.1	0.79	73.06	0.02	1056.0	77.4	59.43	5.13	5
4956	コニシ	プライム（内国株式）	3200	化学	4	素材・化学	7	TOPIX Small 2	1453.0	2.62	38.0	2.62	38.0	2.62	配当あり	いいえ	11.63	1.03	907.0	1517.0	1167.0	Basic Materials			OK	通常掲載可	OK	136569.0	7.6	0.65	63.36	0.0	8432.0	124.96	30.41	9.16	2
4958	長谷川香料	プライム（内国株式）	3200	化学	4	素材・化学	6	TOPIX Small 1	3250.0	3.08	100.0	3.08	100.0	3.08	配当あり	いいえ	18.15	1.0	1319.2	3290.0	2651.0	Basic Materials			OK	通常掲載可	OK	73495.0	11.59	2.58	83.81		6567.0	179.08	55.84	5.76	2
4960	ケミプロ化成	スタンダード（内国株式）	3200	化学	4	素材・化学	-	-	581.0	0.86	5.0	0.86	5.0	0.86	配当あり	いいえ	31.75	2.66	93.6	1580.0	256.0	Basic Materials			OK	通常掲載可	OK	8946.1	3.82	-7.88	39.01	1.04	-382.3	18.3	27.32	12.57	2
4966	上村工業	スタンダード（内国株式）	3200	化学	4	素材・化学	-	-	26630.0	2.18	580.0	2.18	580.0	2.18	配当あり	いいえ	30.77	3.67	4265.2	28430.0	9190.0	Basic Materials			OK	通常掲載可	OK	91784.0	23.24	9.47	83.59	0.01	13888.0	865.48	67.01	12.52	4
4967	小林製薬	プライム（内国株式）	3200	化学	4	素材・化学	4	TOPIX Mid400	5579.0	1.9	106.0	1.9	106.0	1.9	配当あり	いいえ	113.63	1.99	4147.4	6140.0	5030.0	Consumer Defensive			OK	通常掲載可	OK	165742.0	9.01	0.09	76.64	0.0	11579.0	49.1	215.89	1.48	8
4968	荒川化学工業	プライム（内国株式）	3200	化学	4	素材・化学	7	TOPIX Small 2	2102.0	2.47	52.0	2.47	52.0	2.47	配当あり	いいえ	18.94	0.67	417.0	2625.0	1004.0	Basic Materials			OK	通常掲載可	OK	82135.0	3.04	2.37	49.47	0.65	382.0	110.99	46.85	1.14	1
4970	東洋合成工業	スタンダード（内国株式）	3200	化学	4	素材・化学	-	-	17180.0	0.29	50.0	0.29	50.0	0.29	配当あり	いいえ	50.76	23.25	1363.5	19310.0	4340.0	Basic Materials			OK	通常掲載可	OK	41956.0	8.74	8.51	41.0	0.99	2644.0	338.45	14.77	-10.82	1
4971	メック	プライム（内国株式）	3200	化学	4	素材・化学	6	TOPIX Small 1	10360.0	1.06	110.0	1.06	110.0	1.06	配当あり	いいえ	38.02	13.62	1891.8	12230.0	2631.0	Basic Materials			OK	通常掲載可	OK	20947.8	27.44	14.88	83.66	0.0	1205.1	272.47	40.37	12.78	1
4972	綜研化学	スタンダード（内国株式）	3200	化学	4	素材・化学	-	-	3545.0	4.23	150.0	4.23	150.0	4.23	配当あり	いいえ	14.53	1.42	588.3	3645.0	1495.0	Basic Materials			OK	通常掲載可	OK	47968.0	12.87	0.7	70.68	0.11	2724.3	243.9	61.5	10.18	4
4973	日本高純度化学	プライム（内国株式）	3200	化学	4	素材・化学	7	TOPIX Small 2	5510.0	4.17	230.0	4.17	230.0	4.17	配当あり	いいえ	17.83	1.77	319.8	6850.0	2981.0	Basic Materials			OK	通常掲載可	OK	18073.1	3.19	43.31	83.1		-849.1	309.11	74.41	11.39	2
4974	タカラバイオ	プライム（内国株式）	3200	化学	4	素材・化学	-	-							配当未取得								yfinanceデータなし	yfinanceで株価・配当データが取得できなかった	除外推奨	掲載非推奨	データなし										
4975	ＪＣＵ	プライム（内国株式）	3200	化学	4	素材・化学	6	TOPIX Small 1	7330.0	2.46	180.0	2.46	180.0	2.46	配当あり	いいえ	20.04	3.31	1804.6	8090.0	3140.0	Basic Materials			OK	通常掲載可	OK	29672.0	40.98	4.64	87.06	0.01	1523.0	365.77	49.21	17.73	6
4976	東洋ドライルーブ	スタンダード（内国株式）	3200	化学	4	素材・化学	-	-	1300.0	2.57	33.4	2.57	33.4	2.57	配当あり	いいえ	8.18	0.48	51.6	1640.0	1255.0	Basic Materials			OK	通常掲載可	OK	4699.1	13.93	21.44	79.92	0.08	517.9	158.99	21.01	6.12	5
4977	新田ゼラチン	スタンダード（内国株式）	3200	化学	4	素材・化学	-	-	1336.0	2.99	40.0	2.99	40.0	2.99	配当あり	いいえ	7.41	1.0	243.3	1487.0	854.0	Basic Materials			OK	通常掲載可	OK	38048.0	12.26	-1.8	56.56	0.25	4508.0	180.23	22.19	15.45	1
4978	リプロセル	グロース（内国株式）	3200	化学	4	素材・化学	-	-	130.0						配当未取得			1.39	127.4	242.0	117.0	Healthcare	配当未取得	1株配当が取得できていない	除外推奨	掲載非推奨	OK_配当データ要確認	2233.5	-38.51	-25.02	91.81	0.01	-481.7	-6.25		-6.63	
4979	ＯＡＴアグリオ	スタンダード（内国株式）	3200	化学	4	素材・化学	7	TOPIX Small 2	2489.0	2.41	60.0	2.41	60.0	2.41	配当あり	いいえ	10.8	1.27	251.1	3350.0	1969.0	Basic Materials			OK	通常掲載可	OK	31950.0	10.8	7.31	50.42	0.49	4351.0	230.48	26.03	14.84	1
4980	デクセリアルズ	プライム（内国株式）	3200	化学	4	素材・化学	4	TOPIX Mid400	4298.0	1.49	64.0	1.49	64.0	1.49	配当あり	いいえ	26.88	6.58	7199.6	5228.0	1903.0	Technology			OK	通常掲載可	OK	113832.0	33.47	3.12	66.24	0.15	2306.0	159.89	40.03	27.29	6
4985	アース製薬	プライム（内国株式）	3200	化学	4	素材・化学	6	TOPIX Small 1	4785.0	2.72	130.0	2.72	130.0	2.72	配当あり	いいえ	19.92	1.37	1045.4	5570.0	4475.0	Consumer Defensive			OK	通常掲載可	OK	179182.0	4.52	5.85	50.15	0.1	6623.0	240.21	54.12	6.77	2
4990	昭和化学工業	スタンダード（内国株式）	3200	化学	4	素材・化学	-	-	516.0	1.16	6.0	1.16	6.0	1.16	配当あり	いいえ	8.79	0.59	55.0	590.0	452.0	Basic Materials			OK	通常掲載可	OK	9272.9	4.81	0.38	64.43	0.24	432.5	58.67	10.23	7.13	0
4992	北興化学工業	スタンダード（内国株式）	3200	化学	4	素材・化学	7	TOPIX Small 2	2129.0	2.54	54.0	2.54	54.0	2.54	配当あり	いいえ	12.53	0.98	552.3	2288.0	1333.0	Basic Materials			OK	通常掲載可	OK	49125.0	10.0	6.34	68.17	0.02	5042.0	169.89	31.79	9.06	11
4994	大成ラミックグループ	スタンダード（内国株式）	3200	化学	4	素材・化学	7	TOPIX Small 2	2420.0	2.89	70.0	2.89	70.0	2.89	配当あり	いいえ	9.64	0.57	146.9	2829.0	2135.0	Consumer Cyclical			OK	通常掲載可	OK	32484.2	7.44	5.3	73.83	0.0	39.8	250.95	27.89	6.08	1
4996	クミアイ化学工業	プライム（内国株式）	3200	化学	4	素材・化学	6	TOPIX Small 1	713.0	3.37	24.0	3.37	24.0	3.37	配当あり	いいえ	12.53	0.56	859.0	871.0	665.0	Basic Materials			OK	通常掲載可	OK	170462.0	6.2	5.84	58.21	0.35	25143.0	56.9	42.18	3.94	0
4997	日本農薬	プライム（内国株式）	3200	化学	4	素材・化学	7	TOPIX Small 2	1033.0	4.65	48.0	4.65	48.0	4.65	配当あり	いいえ	11.19	1.44	809.1	1103.0	806.0	Basic Materials			OK	通常掲載可	OK	111822.0	9.73	11.86	54.9	0.33	2851.0	92.35	51.98	3.28	5
4998	フマキラー	スタンダード（内国株式）	3200	化学	4	素材・化学	-	-	1176.0	2.04	24.0	2.04	24.0	2.04	配当あり	いいえ	9.47	0.72	193.8	1261.0	1091.0	Basic Materials			OK	通常掲載可	OK	73854.0	3.59	9.14	38.87	0.66	98.0	124.19	19.33	4.94	0
500A	ＴＯブックス	スタンダード（内国株式）	5250	情報・通信業	10	情報通信・サービスその他	-	-	2890.0	2.63	76.0	2.63	76.0	2.63	配当あり	いいえ	7.65	1.36	100.8	3880.0	2756.0	Communication Services			OK	通常掲載可	OK	9426.6	12.19	7.91	69.18	0.05	114.1	377.72	20.12	22.72	
5010	日本精蝋	スタンダード（内国株式）	3300	石油・石炭製品	2	エネルギー資源	-	-	237.0						配当未取得		8.47	0.7	46.8	337.0	180.0	Energy	配当未取得	1株配当が取得できていない	除外推奨	掲載非推奨	OK_配当データ要確認	19776.0	5.93	-10.29	23.37	2.51	3186.0	27.99		13.26	0
5011	ニチレキグループ	プライム（内国株式）	3300	石油・石炭製品	2	エネルギー資源	7	TOPIX Small 2	2078.0	4.33	90.0	4.33	90.0	4.33	配当あり	いいえ	13.77	0.74	591.3	3150.0	1934.0	Industrials			OK	通常掲載可	OK	75853.0	7.81	0.14	64.94	0.24	-3136.0	150.86	59.66	5.5	1
5013	ユシロ	スタンダード（内国株式）	3300	石油・石炭製品	2	エネルギー資源	7	TOPIX Small 2	2948.0	4.14	122.0	4.14	122.0	4.14	配当あり	いいえ	8.14	0.8	382.2	3585.0	2002.0	Basic Materials			OK	通常掲載可	OK	51165.0	8.78	-7.83	73.49	0.13	2440.0	362.01	33.7	10.49	2
5015	ビーピー・カストロール	スタンダード（内国株式）	3300	石油・石炭製品	2	エネルギー資源	-	-	989.0	5.06	50.0	5.06	50.0	5.06	配当あり	いいえ	21.6	3.2	227.1	1038.0	831.0	Energy			OK	通常掲載可	OK	14689.7	10.63	7.59	77.59		780.1	45.79	109.19	25.22	2
5016	ＪＸ金属	プライム（内国株式）	3500	非鉄金属	7	鉄鋼・非鉄	4	TOPIX Mid400	4085.0	0.49	20.0	0.49	20.0	0.49	配当あり	いいえ	36.23	5.21	37927.7	5828.0	798.9	Technology			OK	通常掲載可	OK	714940.0	7.21	-52.73	47.96	0.52	152069.0	112.75	17.74	16.61	
5018	ＭＯＲＥＳＣＯ	スタンダード（内国株式）	3300	石油・石炭製品	2	エネルギー資源	-	-	1919.0	2.87	55.0	2.87	55.0	2.87	配当あり	いいえ	11.55	0.75	176.1	2223.0	1221.0	Basic Materials			OK	通常掲載可	OK	34871.0	6.79	1.45	57.71	0.19	2257.0	166.19	33.09	6.69	0
5019	出光興産	プライム（内国株式）	3300	石油・石炭製品	2	エネルギー資源	4	TOPIX Mid400	1214.5	2.96	36.0	2.96	36.0	2.96	配当あり	いいえ	8.65	0.77	14612.6	1671.0	886.4	Energy			OK	通常掲載可	OK	8105891.0	2.62	-11.8	36.0	0.71	225563.0	140.4	25.64	8.95	2
5020	ＥＮＥＯＳホールディングス	プライム（内国株式）	3300	石油・石炭製品	2	エネルギー資源	2	TOPIX Large70	1221.0	2.78	34.0	2.78	34.0	2.78	配当あり	いいえ	12.72	0.97	32816.3	1552.5	710.1	Energy			OK	通常掲載可	OK	11765470.0	3.28	-4.52	37.05	0.78	363702.0	95.97	35.43	8.5	2
5021	コスモエネルギーホールディングス	プライム（内国株式）	3300	石油・石炭製品	2	エネルギー資源	4	TOPIX Mid400	3889.0	4.24	165.0	4.24	165.0	4.24	配当あり	いいえ	8.58	1.02	6175.3	5034.0	3069.5	Energy			OK	通常掲載可	OK	2799947.0	4.58	2.58	27.12	1.06	35418.0	453.07	36.42	11.4	4
5025	マーキュリー	グロース（内国株式）	5250	情報・通信業	10	情報通信・サービスその他	-	-	538.0						配当未取得		8.7	1.26	14.4	790.0	502.0	Technology	配当未取得	1株配当が取得できていない	除外推奨	掲載非推奨	OK_配当データ要確認	1602.0	4.64	-9.15	81.89	0.0	18.5	61.87		16.21	
5026	トリプルアイズ	グロース（内国株式）	5250	情報・通信業	10	情報通信・サービスその他	-	-	579.0						配当未取得			3.56	48.6	1525.0	514.0	Technology	配当未取得	1株配当が取得できていない	除外推奨	掲載非推奨	OK_配当データ要確認	5714.0	-1.08	29.55	34.37	0.97	-174.0	-30.57		-20.21	
5027	ＡｎｙＭｉｎｄ　Ｇｒｏｕｐ	グロース（内国株式）	5250	情報・通信業	10	情報通信・サービスその他	-	-	526.0	0.38	2.0	0.38	2.0	0.38	配当あり	いいえ	35.33	1.82	315.2	829.0	375.0	Technology			OK	通常掲載可	OK	57300.0	3.28	12.99	37.4	0.85	1944.0	14.89	13.43	6.4	
5028	セカンドサイトアナリティカ	グロース（内国株式）	5250	情報・通信業	10	情報通信・サービスその他	-	-	395.0						配当未取得		31.75	3.15	37.7	659.0	318.0	Technology	配当未取得	1株配当が取得できていない	除外推奨	掲載非推奨	OK_配当データ要確認	1436.3	11.92	25.87	76.25	0.03	22.6	12.44		13.61	
5029	サークレイス	グロース（内国株式）	5250	情報・通信業	10	情報通信・サービスその他	-	-	677.0						配当未取得		14.2	2.32	29.6	1463.0	540.0	Technology	配当未取得	1株配当が取得できていない	除外推奨	掲載非推奨	OK_配当データ要確認	4540.5	5.86	19.36	68.31	0.1	-306.0	47.66		20.05	
5031	モイ	グロース（内国株式）	5250	情報・通信業	10	情報通信・サービスその他	-	-	342.0						配当未取得		46.98	2.35	47.8	930.0	221.0	Technology	配当未取得	1株配当が取得できていない	除外推奨	掲載非推奨	OK_配当データ要確認	6688.6	5.07	1.45	46.44	0.0	63.2	7.28		5.5	
5032	ＡＮＹＣＯＬＯＲ	プライム（内国株式）	5250	情報・通信業	10	情報通信・サービスその他	6	TOPIX Small 1	2433.0	2.55	62.0	2.55	62.0	2.55	配当あり	いいえ	10.55	5.41	1458.5	6790.0	2007.0	Communication Services			OK	通常掲載可	OK	42876.0	37.97	34.01	75.37	0.0	8909.0	230.65	26.88	57.59	1
5033	ヌーラボ	グロース（内国株式）	5250	情報・通信業	10	情報通信・サービスその他	-	-	890.0						配当未取得		32.15	2.87	56.6	948.0	660.0	Technology	配当未取得	1株配当が取得できていない	除外推奨	掲載非推奨	OK_配当データ要確認	4393.7	8.07	6.84	43.78	0.0	-24.5	27.68		9.17	
5034	ｕｎｅｒｒｙ	グロース（内国株式）	5250	情報・通信業	10	情報通信・サービスその他	-	-	2301.0						配当未取得		29.33	3.75	86.1	4210.0	1909.0	Communication Services	配当未取得	1株配当が取得できていない	除外推奨	掲載非推奨	OK_配当データ要確認	2834.9	6.32	36.51	77.45	0.0	180.3	78.46		19.67	
5035	ＨＯＵＳＥＩ	グロース（内国株式）	5250	情報・通信業	10	情報通信・サービスその他	-	-	364.0	0.82	3.0	0.82	3.0	0.82	配当あり	いいえ		0.8	24.3	517.0	353.0	Technology			OK	通常掲載可	OK	4779.3	0.76	-2.83	63.98	0.18	952.4	-28.54		-6.04	0
5036	日本ビジネスシステムズ	プライム（内国株式）	5250	情報・通信業	10	情報通信・サービスその他	7	TOPIX Small 2	1618.0	3.46	56.0	3.46	56.0	3.46	配当あり	いいえ	11.25	2.56	729.1	1924.0	1348.0	Technology			OK	通常掲載可	OK	172580.0	10.36	22.52	36.58	0.87	-3320.0	143.84	38.93	25.45	2
5038	ｅＷｅＬＬ	グロース（内国株式）	5250	情報・通信業	10	情報通信・サービスその他	-	-	1933.0	1.09	21.0	1.09	21.0	1.09	配当あり	いいえ	27.18	9.35	292.5	3015.0	1695.0	Healthcare			OK	通常掲載可	OK	3392.4	45.32	31.91	78.79	0.0	1148.5	71.13	29.52	40.15	3
504A	イノバセル	グロース（内国株式）	3250	医薬品	5	医薬品	-	-	543.0						配当未取得			2.4	244.9	1248.0	377.0	Healthcare	配当未取得	1株配当が取得できていない	除外推奨	掲載非推奨	OK_配当データ要確認	0.0			-12.38		-2047.9	-89.0			
505A	ギークリー	スタンダード（内国株式）	9050	サービス業	10	情報通信・サービスその他	-	-	1143.0	1.57	18.0	1.57	18.0	1.57	配当あり	いいえ	25.97		128.4	1760.0	1036.0	Industrials			OK	通常掲載可	OK	7148.0	9.85	22.38	65.14		325.7	44.01	40.9		
5071	ヴィス	スタンダード（内国株式）	9050	サービス業	10	情報通信・サービスその他	-	-	1371.0	4.3	59.0	4.3	59.0	4.3	配当あり	いいえ	8.45	1.46	115.6	1688.0	1221.0	Industrials			OK	通常掲載可	OK	16489.6	11.78	1.45	63.42	0.0	1094.7	162.33	36.35	18.41	4
5074	テスホールディングス	プライム（内国株式）	2050	建設業	3	建設・資材	7	TOPIX Small 2	892.0	0.65	5.8	0.65	5.8	0.65	配当あり	いいえ	68.04	1.27	630.0	1440.0	304.0	Utilities			OK	通常掲載可	OK	36684.0	6.95	19.71	28.13	2.18	-1165.0	13.11	44.24	2.07	0
5076	インフロニア・ホールディングス	プライム（内国株式）	2050	建設業	3	建設・資材	4	TOPIX Mid400	2684.0	3.73	100.0	3.73	100.0	3.73	配当あり	いいえ	10.4	1.11	6782.3	2822.0	1218.5	Industrials			OK	通常掲載可	OK	1124878.0	5.46	32.72	30.18	1.0	139733.0	258.2	38.73	13.16	0
50765	インフロニア・ホールディングス第１回社債型種類株式	プライム（内国株式）	2050	建設業	3	建設・資材	-	-	4629.0	2.81	130.0	2.81	130.0	2.81	配当あり	いいえ		1.92		4707.0	4596.0	Industrials			OK	通常掲載可	OK	1124878.0	5.46	32.72	30.18	1.0	139733.0			13.16	1
5078	セレコーポレーション	スタンダード（内国株式）	2050	建設業	3	建設・資材	-	-	4690.0	3.41	160.0	3.41	160.0	3.41	配当あり	いいえ	13.85	0.75	158.9	6950.0	4370.0	Real Estate			OK	通常掲載可	OK	20190.5	8.38	-15.6	85.91	0.01	-1945.6	338.62	47.25	5.52	2
5079	ノバック	スタンダード（内国株式）	2050	建設業	3	建設・資材	-	-	2503.0	4.79	120.0	4.79	120.0	4.79	配当あり	いいえ	10.97	0.71	129.0	2940.0	2390.0	Industrials			OK	通常掲載可	OK	27511.9	3.13	-20.1	70.08	0.02	4297.2	228.27	52.57	6.37	0
5101	横浜ゴム	プライム（内国株式）	3350	ゴム製品	6	自動車・輸送機	4	TOPIX Mid400	7833.0	2.2	172.0	2.2	172.0	2.2	配当あり	いいえ	11.71	1.18	12356.4	8168.0	4035.0	Consumer Cyclical			OK	通常掲載可	OK	1234959.0	12.38	12.81	51.58	0.52	23346.0	668.94	25.71	11.84	5
5103	昭和ホールディングス	スタンダード（内国株式）	3350	ゴム製品	6	自動車・輸送機	-	-	38.0						配当未取得			2.38	28.8	72.0	37.0	Basic Materials	配当未取得	1株配当が取得できていない	除外推奨	掲載非推奨	OK_配当データ要確認	8558.9	-2.56	-0.71	23.02	0.46	-164.4	-7.6		-31.63	
5105	ＴＯＹＯ　ＴＩＲＥ	プライム（内国株式）	3350	ゴム製品	6	自動車・輸送機	4	TOPIX Mid400	3871.0	3.62	140.0	3.62	140.0	3.62	配当あり	いいえ	9.37	1.12	5961.2	4855.0	3028.0	Consumer Cyclical			OK	通常掲載可	OK	594923.0	16.36	5.23	65.39	0.22	65882.0	413.04	33.9	13.17	5
5108	ブリヂストン	プライム（内国株式）	3350	ゴム製品	6	自動車・輸送機	2	TOPIX Large70	3515.0	3.7	130.0	3.7	130.0	3.7	配当あり	いいえ	29.5	1.21	43937.3	3859.0	2962.0	Consumer Cyclical			OK	通常掲載可	OK	4429452.0	8.61	-0.01	63.71	0.23	373287.0	119.16	109.1	9.29	5
5110	住友ゴム工業	プライム（内国株式）	3350	ゴム製品	6	自動車・輸送機	4	TOPIX Mid400	2246.0	3.74	84.0	3.74	84.0	3.74	配当あり	いいえ	11.72	0.81	5903.3	2798.5	1635.5	Consumer Cyclical			OK	通常掲載可	OK	676415.0	5.43	8.45	49.05	0.45	-28650.0	191.58	43.85	8.46	1
5121	藤倉コンポジット	プライム（内国株式）	3350	ゴム製品	6	自動車・輸送機	7	TOPIX Small 2	2585.0	3.33	86.0	3.33	86.0	3.33	配当あり	いいえ	12.39	1.26	480.0	2769.0	1453.0	Consumer Cyclical			OK	通常掲載可	OK	40238.8	12.02	-0.92	76.16	0.09	3858.7	208.61	41.23	10.92	0
5122	オカモト	プライム（内国株式）	3350	ゴム製品	6	自動車・輸送機	7	TOPIX Small 2	5420.0	2.21	120.0	2.21	120.0	2.21	配当あり	いいえ	19.16	0.84	923.5	6230.0	4735.0	Basic Materials			OK	通常掲載可	OK	108040.0	5.78	-0.98	67.32	0.03	-1721.0	282.92	42.41	4.74	0
5125	ファインズ	グロース（内国株式）	5250	情報・通信業	10	情報通信・サービスその他	-	-	464.0						配当未取得		7.9	0.94	20.7	1319.0	450.0	Communication Services	配当未取得	1株配当が取得できていない	除外推奨	掲載非推奨	OK_配当データ要確認	2761.2	11.93	-5.21	78.03	0.0	8.0	58.7		5.59	
5126	ポーターズ	グロース（内国株式）	5250	情報・通信業	10	情報通信・サービスその他	-	-	1600.0						配当未取得		20.96	1.81	26.1	2140.0	1300.0	Technology	配当未取得	1株配当が取得できていない	除外推奨	掲載非推奨	OK_配当データ要確認	2137.0	16.8	11.13	73.44	0.03	-62.0	76.32		7.84	
5129	ＦＩＸＥＲ	グロース（内国株式）	5250	情報・通信業	10	情報通信・サービスその他	-	-	261.0						配当未取得			1.54	38.7	665.0	233.0	Technology	配当未取得	1株配当が取得できていない	除外推奨	掲載非推奨	OK_配当データ要確認	3982.0	-43.22	-38.44	84.56	0.0	-1077.0	-202.43		-43.79	
5131	リンカーズ	グロース（内国株式）	5250	情報・通信業	10	情報通信・サービスその他	-	-	140.0						配当未取得			2.9	19.5	293.0	114.0	Industrials	配当未取得	1株配当が取得できていない	除外推奨	掲載非推奨	OK_配当データ要確認	1464.5	-15.26	-8.91	89.82	0.01	-126.7	-49.6			
5132	ｐｌｕｓｚｅｒｏ	グロース（内国株式）	5250	情報・通信業	10	情報通信・サービスその他	-	-	2060.0						配当未取得		44.84	10.09	160.4	4495.0	1275.0	Technology	配当未取得	1株配当が取得できていない	除外推奨	掲載非推奨	OK_配当データ要確認	1546.4	33.41	26.91	81.74	0.0	271.3	45.94		25.42	
5133	テリロジーホールディングス	スタンダード（内国株式）	5250	情報・通信業	10	情報通信・サービスその他	-	-	310.0	1.74	5.4	1.74	5.4	1.74	配当あり	いいえ	15.34	1.61	53.0	381.0	267.0	Technology			OK	通常掲載可	OK	10646.4	5.16	23.03	32.11	0.24	1411.6	20.21	26.72	11.9	0
5134	ＰＯＰＥＲ	グロース（内国株式）	5250	情報・通信業	10	情報通信・サービスその他	-	-	490.0						配当未取得		34.48	2.15	19.0	1424.0	431.0	Technology	配当未取得	1株配当が取得できていない	除外推奨	掲載非推奨	OK_配当データ要確認	1389.4	12.55	29.72	70.46	0.15	190.0	14.21		6.7	
5136	ｔｒｉｐｌａ	グロース（内国株式）	5250	情報・通信業	10	情報通信・サービスその他	-	-	1961.0						配当未取得		19.01	5.62	116.4	2389.0	1246.0	Technology	配当未取得	1株配当が取得できていない	除外推奨	掲載非推奨	OK_配当データ要確認	2573.5	20.2	37.82	8.39	0.61	8483.8	103.15		36.19	
5137	スマートドライブ	グロース（内国株式）	5250	情報・通信業	10	情報通信・サービスその他	-	-	214.0						配当未取得		15.04	5.96	80.5	570.0	175.0	Technology	配当未取得	1株配当が取得できていない	除外推奨	掲載非推奨	OK_配当データ要確認	2878.6	13.56	32.46	47.88	0.5	376.3	14.23		51.9	
5138	Ｒｅｂａｓｅ	グロース（内国株式）	5250	情報・通信業	10	情報通信・サービスその他	-	-	410.0						配当未取得		27.03	1.57	20.2	1465.0	365.0	Communication Services	配当未取得	1株配当が取得できていない	除外推奨	掲載非推奨	OK_配当データ要確認	2181.1	4.46	13.19	56.49	0.08	-109.5	15.17		5.56	
5139	オープンワーク	グロース（内国株式）	5250	情報・通信業	10	情報通信・サービスその他	-	-	933.0	0.96	9.0	0.96	9.0	0.96	配当あり	いいえ	23.37	2.81	193.7	1365.0	838.0	Technology			OK	通常掲載可	OK	4653.7	25.77	31.39	81.71		1411.1	39.93	22.54	12.56	
5142	アキレス	プライム（内国株式）	3200	化学	4	素材・化学	7	TOPIX Small 2	1217.0	2.47	30.0	2.47	30.0	2.47	配当あり	いいえ	7.86	0.38	166.3	1830.0	1076.0	Basic Materials			OK	通常掲載可	OK	81802.0	3.64	3.43	51.76	0.4	2639.0	154.92	19.36	5.12	0
5161	西川ゴム工業	スタンダード（内国株式）	3350	ゴム製品	6	自動車・輸送機	-	-	3095.0	5.95	184.0	5.95	184.0	5.95	配当あり	いいえ	10.54	1.28	1122.1	4545.0	2513.0	Consumer Cyclical			OK	通常掲載可	OK	122138.0	7.41	1.24	59.64	0.29	6708.0	293.72	62.64	13.08	2
5162	朝日ラバー	スタンダード（内国株式）	3350	ゴム製品	6	自動車・輸送機	-	-	793.0	3.03	24.0	3.03	24.0	3.03	配当あり	いいえ	22.62	0.71	35.6	1075.0	580.0	Consumer Cyclical			OK	通常掲載可	OK	7852.1	2.52	2.78	51.63	0.46	90.2	35.05	68.47	3.19	0
5184	ニチリン	スタンダード（内国株式）	3350	ゴム製品	6	自動車・輸送機	-	-	4130.0	4.6	190.0	4.6	190.0	4.6	配当あり	いいえ	9.87	0.89	544.5	4375.0	3465.0	Consumer Cyclical			OK	通常掲載可	OK	73668.0	12.31	3.24	68.5	0.04	6042.0	418.37	45.41	10.8	0
5185	フコク	プライム（内国株式）	3350	ゴム製品	6	自動車・輸送機	7	TOPIX Small 2	1812.0	5.52	100.0	5.52	100.0	5.52	配当あり	いいえ	24.57	0.63	257.7	2118.0	1628.0	Consumer Cyclical			OK	通常掲載可	OK	90025.0	4.23	0.41	50.03	0.4	2408.0	73.75	135.59	3.21	5
5186	ニッタ	プライム（内国株式）	3350	ゴム製品	6	自動車・輸送機	7	TOPIX Small 2	6050.0	2.81	170.0	2.81	170.0	2.81	配当あり	いいえ	12.33	1.01	1659.7	6380.0	3780.0	Industrials			OK	通常掲載可	OK	91834.0	6.38	1.73	85.64	0.0	5195.0	490.66	34.65	8.5	2
5187	クリエートメディック	スタンダード（内国株式）	3750	精密機器	9	電機・精密	-	-	1117.0	4.21	47.0	4.21	47.0	4.21	配当あり	いいえ	13.83	0.57	90.2	1244.0	928.0	Healthcare			OK	通常掲載可	OK	13617.6	7.38	4.51	81.08	0.05	67.7	80.76	58.2	4.16	2
5189	櫻護謨	スタンダード（内国株式）	3350	ゴム製品	6	自動車・輸送機	-	-	3385.0	2.95	100.0	2.95	100.0	2.95	配当あり	いいえ	9.83	0.65	65.5	3850.0	1867.0	Consumer Cyclical			OK	通常掲載可	OK	14540.8	8.47	19.3	51.02	0.4	-1159.4	344.25	29.05	6.99	0
5192	三ツ星ベルト	プライム（内国株式）	3350	ゴム製品	6	自動車・輸送機	6	TOPIX Small 1	3940.0	4.85	191.0	4.85	191.0	4.85	配当あり	いいえ	14.97	1.08	1099.7	4300.0	3325.0	Industrials			OK	通常掲載可	OK	92298.0	9.4	1.98	78.24	0.02	2544.0	263.19	72.57	7.49	0
5194	相模ゴム工業	スタンダード（内国株式）	3350	ゴム製品	6	自動車・輸送機	-	-	632.0	1.58	10.0	1.58	10.0	1.58	配当あり	いいえ	24.21	0.59	68.6	979.0	600.0	Consumer Defensive			OK	通常掲載可	OK	5911.1	3.05	3.92	60.6	0.45	454.6	26.1	38.31	2.25	0
5195	バンドー化学	プライム（内国株式）	3350	ゴム製品	6	自動車・輸送機	7	TOPIX Small 2	2231.0	4.48	100.0	4.48	100.0	4.48	配当あり	いいえ	8.7	0.98	909.2	2391.0	1685.0	Industrials			OK	通常掲載可	OK	119257.0	9.1	3.17	70.21	0.06	10538.0	256.57	38.98	12.08	5
5199	不二ラテックス	スタンダード（内国株式）	3350	ゴム製品	6	自動車・輸送機	-	-	1924.0	4.31	83.0	4.31	83.0	4.31	配当あり	いいえ	38.31	0.6	24.4	2217.0	1821.0	Basic Materials			OK	通常掲載可	OK	6798.2	6.12	-5.56	39.4	1.25	249.1	50.22	165.27	1.55	1
519A	ベーシック	グロース（内国株式）	5250	情報・通信業	10	情報通信・サービスその他	-	-	517.0						配当未取得		8.85	3.58	30.5	835.0	467.0	Technology	配当未取得	1株配当が取得できていない	除外推奨	掲載非推奨	OK_配当データ要確認	2275.6	11.89	24.93	62.03	0.25	195.7	58.42		62.81	
5201	ＡＧＣ	プライム（内国株式）	3400	ガラス・土石製品	3	建設・資材	4	TOPIX Mid400	6885.0	3.05	210.0	3.05	210.0	3.05	配当あり	いいえ	21.14	0.98	14623.3	8315.0	4195.0	Industrials			OK	通常掲載可	OK	2058832.0	6.09	-0.42	50.34	0.44	64931.0	325.66	64.48	4.64	0
5202	日本板硝子	プライム（内国株式）	3400	ガラス・土石製品	3	建設・資材	6	TOPIX Small 1	481.0						配当未取得		15.7	0.45	684.5	710.0	403.0	Consumer Cyclical	配当未取得	1株配当が取得できていない	除外推奨	掲載非推奨	OK_配当データ要確認	879462.0	3.28	4.65	13.53	3.62	-6787.0	30.64		3.36	0
5204	石塚硝子	スタンダード（内国株式）	3400	ガラス・土石製品	3	建設・資材	-	-	3110.0	2.32	72.0	2.32	72.0	2.32	配当あり	いいえ	4.99	0.34	129.7	4135.0	2478.0	Consumer Cyclical			OK	通常掲載可	OK	59510.0	6.99	6.28	37.78	0.71	3550.0	623.87	11.54	7.27	2
5208	有沢製作所	プライム（内国株式）	3200	化学	4	素材・化学	6	TOPIX Small 1	2786.0	3.52	98.0	3.52	98.0	3.52	配当あり	いいえ	18.52	1.8	913.1	2868.0	1434.0	Technology			OK	通常掲載可	OK	56474.2	10.28	13.37	62.55	0.3	-3770.6	150.44	65.14	10.07	1
520A	ジェイファーマ	グロース（内国株式）	3250	医薬品	5	医薬品	-	-	296.0						配当未取得			1.22	53.2	809.0	275.0	Healthcare	配当未取得	1株配当が取得できていない	除外推奨	掲載非推奨	OK_配当データ要確認	0.0			83.24		-1695.1	-84.06		-73.01	
5210	日本山村硝子	スタンダード（内国株式）	3400	ガラス・土石製品	3	建設・資材	-	-	2855.0	5.25	150.0	5.25	150.0	5.25	配当あり	いいえ	8.93	0.51	291.8	4020.0	2454.0	Consumer Cyclical			OK	通常掲載可	OK	72190.0	5.23	-1.56	58.23	0.39	4604.0	319.76	46.91	5.93	1
5214	日本電気硝子	プライム（内国株式）	3400	ガラス・土石製品	3	建設・資材	4	TOPIX Mid400	6355.0	2.52	160.0	2.52	160.0	2.52	配当あり	いいえ	16.61	0.95	4682.6	8377.0	3398.0	Technology			OK	通常掲載可	OK	311402.0	10.96	4.07	70.2	0.2	52029.0	382.57	41.82	6.9	2
5216	倉元製作所	スタンダード（内国株式）	3400	ガラス・土石製品	3	建設・資材	-	-	158.0						配当未取得			12.09	86.2	285.0	116.0	Technology	配当未取得	1株配当が取得できていない	除外推奨	掲載非推奨	OK_配当データ要確認	2010.8	-70.84	28.25	40.48	0.9	-647.3	-64.21			
5218	オハラ	スタンダード（内国株式）	3400	ガラス・土石製品	3	建設・資材	7	TOPIX Small 2	1555.0	1.61	25.0	1.61	25.0	1.61	配当あり	いいえ	26.39	0.7	369.1	1744.0	1019.0	Technology			OK	通常掲載可	OK	28895.7	6.21	3.53	77.64	0.11	-857.5	58.93	42.42	2.95	2
5232	住友大阪セメント	プライム（内国株式）	3400	ガラス・土石製品	3	建設・資材	4	TOPIX Mid400	5944.0	2.02	120.0	2.02	120.0	2.02	配当あり	いいえ	17.01	0.96	1883.7	6517.0	3619.0	Basic Materials			OK	通常掲載可	OK	223686.0	6.1	1.92	53.95	0.44	34539.0	349.51	34.33	5.81	0
5233	太平洋セメント	プライム（内国株式）	3400	ガラス・土石製品	3	建設・資材	4	TOPIX Mid400	4088.0	2.94	120.0	2.94	120.0	2.94	配当あり	いいえ	17.95	0.67	4454.2	4968.0	3265.0	Basic Materials			OK	通常掲載可	OK	898441.0	8.31	0.24	46.01	0.6	114205.0	227.7	52.7	3.87	2
5237	ノザワ	スタンダード（内国株式）	3400	ガラス・土石製品	3	建設・資材	-	-	1194.0	3.6	43.0	3.6	43.0	3.6	配当あり	いいえ	23.15	0.65	142.1	1297.0	880.0	Industrials			OK	通常掲載可	OK	22312.9	8.94	1.63	72.02	0.0	-557.0	51.58	83.37	2.84	1
523A	セイワホールディングス	グロース（内国株式）	3550	金属製品	3	建設・資材	-	-	1758.0						配当未取得		42.73	14.85	330.6	2580.0	1220.0	Industrials	配当未取得	1株配当が取得できていない	除外推奨	掲載非推奨	OK_配当データ要確認	7769.0	9.01	6.78	7.47	9.36	593.0	41.14		97.9	
5240	ｍｏｎｏＡＩ　ｔｅｃｈｎｏｌｏｇｙ	グロース（内国株式）	5250	情報・通信業	10	情報通信・サービスその他	-	-	129.0						配当未取得			1.47	15.8	380.0	113.0	Technology	配当未取得	1株配当が取得できていない	除外推奨	掲載非推奨	OK_配当データ要確認	980.9	-39.84	-31.37	86.5	0.02	-145.7	-27.41		-35.08	
5242	アイズ	グロース（内国株式）	5250	情報・通信業	10	情報通信・サービスその他	-	-	907.0						配当未取得			1.55	9.3	1947.0	804.0	Technology	配当未取得	1株配当が取得できていない	除外推奨	掲載非推奨	OK_配当データ要確認	965.7	-5.34	-6.81	55.09	0.35	-95.9	-66.57		-10.3	
5243	ｎｏｔｅ	グロース（内国株式）	5250	情報・通信業	10	情報通信・サービスその他	-	-	2075.0						配当未取得		77.51	7.32	400.8	3405.0	1152.0	Technology	配当未取得	1株配当が取得できていない	除外推奨	掲載非推奨	OK_配当データ要確認	4141.3	6.19	25.03	46.84	0.24	393.3	26.77		19.44	
5244	ｊｉｇ．ｊｐ	グロース（内国株式）	5250	情報・通信業	10	情報通信・サービスその他	-	-	173.0	1.69	2.93	1.69	2.93	1.69	配当あり	いいえ	6.23	1.42	71.3	319.0	152.0	Technology			OK	通常掲載可	OK	14631.5	13.51	6.05	66.94	0.06	1006.3	27.78	10.55	25.33	0
5246	ＥＬＥＭＥＮＴＳ	グロース（内国株式）	5250	情報・通信業	10	情報通信・サービスその他	-	-	658.0						配当未取得			4.94	178.8	1255.0	498.0	Technology	配当未取得	1株配当が取得できていない	除外推奨	掲載非推奨	OK_配当データ要確認	3895.1	-5.53	53.01	47.96	0.87	-1453.4	-28.16		-22.38	
5247	ＢＴＭ	グロース（内国株式）	5250	情報・通信業	10	情報通信・サービスその他	-	-	531.0						配当未取得		23.53	2.06	15.0	1336.0	508.0	Technology	配当未取得	1株配当が取得できていない	除外推奨	掲載非推奨	OK_配当データ要確認	5099.8	1.8	22.75	41.74	0.52	12.9	22.57		9.39	
5248	テクノロジーズ	グロース（内国株式）	5250	情報・通信業	10	情報通信・サービスその他	-	-	530.0						配当未取得		33.57	6.32	89.7	925.0	420.0	Technology	配当未取得	1株配当が取得できていない	除外推奨	掲載非推奨	OK_配当データ要確認	10149.1	18.45	-26.99	6.59	6.44	-2154.0	15.79		11.15	
5250	ＧＭＯプライム・ストラテジー	スタンダード（内国株式）	5250	情報・通信業	10	情報通信・サービスその他	-	-	1119.0	3.93	44.0	3.93	44.0	3.93	配当あり	いいえ	37.59	2.86	39.3	1554.0	831.0	Technology			OK	通常掲載可	OK	887.0	16.19	3.48	88.54	0.04	96.1	29.77	147.8	7.8	2
5252	日本ナレッジ	グロース（内国株式）	5250	情報・通信業	10	情報通信・サービスその他	-	-	815.0	0.86	7.0	0.86	7.0	0.86	配当あり	いいえ	39.07	2.8	33.8	989.0	412.0	Technology			OK	通常掲載可	OK	4558.6	1.43	9.74	53.52	0.33	38.3	20.86	33.56	7.34	0
5253	カバー	グロース（内国株式）	5250	情報・通信業	10	情報通信・サービスその他	-	-	1548.0						配当未取得		34.36	5.09	992.2	2345.0	1141.0	Technology	配当未取得	1株配当が取得できていない	除外推奨	掲載非推奨	OK_配当データ要確認	49330.0	14.31	13.66	57.18		4669.0	45.05		16.34	
5254	Ａｒｅｎｔ	グロース（内国株式）	5250	情報・通信業	10	情報通信・サービスその他	-	-	3980.0						配当未取得		20.53	3.83	272.4	5750.0	2454.0	Technology	配当未取得	1株配当が取得できていない	除外推奨	掲載非推奨	OK_配当データ要確認	2939.5	42.05	45.37	81.45	0.1	829.7	193.83		23.66	
5255	モンスターラボ	グロース（内国株式）	5250	情報・通信業	10	情報通信・サービスその他	-	-	80.0						配当未取得			6.96	51.7	322.0	69.0	Technology	配当未取得	1株配当が取得できていない	除外推奨	掲載非推奨	OK_配当データ要確認	7795.3	-2.41	-22.07	7.61	8.74	-202.6	-7.48			
5256	Ｆｕｓｉｃ	グロース（内国株式）	5250	情報・通信業	10	情報通信・サービスその他	-	-	2299.0						配当未取得		16.81	2.33	29.3	3945.0	2040.0	Technology	配当未取得	1株配当が取得できていない	除外推奨	掲載非推奨	OK_配当データ要確認	1798.4	11.52	17.38	67.26	0.04	-7.3	136.79		11.78	
5257	ノバシステム	スタンダード（内国株式）	5250	情報・通信業	10	情報通信・サービスその他	-	-	2585.0	4.06	105.0	4.06	105.0	4.06	配当あり	いいえ	15.58	1.54	36.1	3050.0	2264.0	Technology			OK	通常掲載可	OK	6716.2	4.84	3.94	62.43	0.27	-39.3	165.96	63.27	9.93	
5258	トランザクション・メディア・ネットワークス	グロース（内国株式）	5250	情報・通信業	10	情報通信・サービスその他	-	-	392.0						配当未取得			1.77	116.3	540.0	291.0	Technology	配当未取得	1株配当が取得できていない	除外推奨	掲載非推奨	OK_配当データ要確認	13277.0	0.0	7.94	23.0	1.15	-1730.7	-1.92		-0.72	
5261	リソルホールディングス	プライム（内国株式）	9050	サービス業	10	情報通信・サービスその他	-	-	7720.0	1.55	120.0	1.55	120.0	1.55	配当あり	いいえ	15.85	2.34	429.0	8930.0	5060.0	Consumer Cyclical			OK	通常掲載可	OK	30404.0	10.86	7.06	41.71	0.73	2703.0	487.13	24.63	15.71	2
5262	日本ヒューム	プライム（内国株式）	3400	ガラス・土石製品	3	建設・資材	6	TOPIX Small 1	1068.0	2.43	26.0	2.43	26.0	2.43	配当あり	いいえ	14.75	1.04	544.0	2690.0	987.0	Industrials			OK	通常掲載可	OK	40240.0	6.27	8.57	75.68	0.02	-3476.3	72.41	35.91	7.11	0
5268	旭コンクリート工業	スタンダード（内国株式）	3400	ガラス・土石製品	3	建設・資材	-	-	844.0	1.66	14.0	1.66	14.0	1.66	配当あり	いいえ	24.45	0.87	111.2	1400.0	620.0	Industrials			OK	通常掲載可	OK	7636.5	7.99	5.74	75.82	0.05	-109.6	34.52	40.56	3.66	0
5269	日本コンクリート工業	プライム（内国株式）	3400	ガラス・土石製品	3	建設・資材	7	TOPIX Small 2	331.0	3.02	10.0	3.02	10.0	3.02	配当あり	いいえ	26.31	0.39	179.6	430.0	287.0	Basic Materials			OK	通常掲載可	OK	49233.3	0.66	-6.49	52.1	0.27	-82.5	12.58	79.49	1.86	0
5271	トーヨーアサノ	スタンダード（内国株式）	3400	ガラス・土石製品	3	建設・資材	-	-	2137.0	3.98	85.0	3.98	85.0	3.98	配当あり	いいえ		0.71	28.2	2635.0	2092.0	Industrials			OK	通常掲載可	OK	11690.9	0.88	-18.83	26.97	2.16	1071.1	-170.75		-5.47	3
5273	三谷セキサン	スタンダード（内国株式）	3400	ガラス・土石製品	3	建設・資材	7	TOPIX Small 2	1628.0	2.67	43.5	2.67	43.5	2.67	配当あり	いいえ	8.31	1.13	1143.7	2345.0	1362.0	Industrials			OK	通常掲載可	OK	99854.0	17.62	13.77	71.9	0.01	7976.0	195.85	22.21	14.41	4
5279	日本興業	スタンダード（内国株式）	3400	ガラス・土石製品	3	建設・資材	-	-	1220.0	3.69	45.0	3.69	45.0	3.69	配当あり	いいえ	6.15	0.41	35.6	1599.0	1089.0	Industrials			OK	通常掲載可	OK	16321.0	4.84	10.68	50.12	0.51	-374.0	198.49	22.67	6.98	2
5280	ヨシコン	スタンダード（内国株式）	8050	不動産業	17	不動産	-	-	2242.0	4.01	90.0	4.01	90.0	4.01	配当あり	いいえ	5.89	0.53	154.3	3175.0	2072.0	Real Estate			OK	通常掲載可	OK	29123.5	13.4	6.0	66.68	0.36	-2463.3	380.47	23.65	9.45	4
5282	ジオスター	スタンダード（内国株式）	3400	ガラス・土石製品	3	建設・資材	-	-	441.0	2.27	10.0	2.27	10.0	2.27	配当あり	いいえ	7.42	0.54	135.1	508.0	289.0	Basic Materials			OK	通常掲載可	OK	28858.8	7.11	1.16	68.1	0.01	3534.9	59.4	16.84	7.58	0
5283	高見澤	スタンダード（内国株式）	6050	卸売業	13	商社・卸売	-	-	2917.0	2.4	70.0	2.4	70.0	2.4	配当あり	いいえ	7.72	0.3	48.2	3795.0	2902.0	Basic Materials			OK	通常掲載可	OK	71369.0	2.53	3.51	35.6	0.64	294.0	377.75	18.53	5.09	0
5284	ヤマウホールディングス	スタンダード（内国株式）	3400	ガラス・土石製品	3	建設・資材	-	-	2258.0	4.96	112.0	4.96	112.0	4.96	配当あり	いいえ	6.21	0.99	136.8	2618.0	1975.0	Basic Materials			OK	通常掲載可	OK	21243.9	16.68	-6.98	61.21	0.24	859.8	363.54	30.81	16.96	2
5285	ヤマックス	スタンダード（内国株式）	3400	ガラス・土石製品	3	建設・資材	-	-	1361.0	9.26	126.0	9.26	126.0	9.26	配当あり	いいえ	6.37	1.3	131.9	2280.0	1185.0	Basic Materials	高利回り要確認	配当利回りが8%以上	要確認	手動確認後に掲載	OK_高利回り要確認	26148.7	11.16	11.42	60.44	0.17	239.6	213.68	58.97	22.05	5
5287	イトーヨーギョー	スタンダード（内国株式）	3400	ガラス・土石製品	3	建設・資材	-	-	820.0	2.44	20.0	2.44	20.0	2.44	配当あり	いいえ	7.55	0.8	24.2	2063.0	686.0	Industrials			OK	通常掲載可	OK	3933.9	8.56	15.62	62.66	0.09	318.2	108.65	18.41	-4.13	1
5288	アジアパイルホールディングス	プライム（内国株式）	3400	ガラス・土石製品	3	建設・資材	7	TOPIX Small 2	1470.0	4.76	70.0	4.76	70.0	4.76	配当あり	いいえ	7.37	1.07	559.9	1760.0	949.0	Basic Materials			OK	通常掲載可	OK	115956.0	9.39	15.03	49.38	0.31	9280.0	199.33	35.12	14.95	0
5290	ベルテクスコーポレーション	スタンダード（内国株式）	3400	ガラス・土石製品	3	建設・資材	-	-	1347.0	2.97	40.0	2.97	40.0	2.97	配当あり	いいえ	6.57	1.5	664.3	2144.0	1165.0	Basic Materials			OK	通常掲載可	OK	46519.9	15.17	19.53	67.29	0.13	3389.8	205.15	19.5	25.48	3
5301	東海カーボン	プライム（内国株式）	3400	ガラス・土石製品	3	建設・資材	4	TOPIX Mid400	1758.5	2.27	40.0	2.27	40.0	2.27	配当あり	いいえ	18.69	1.19	3754.5	1913.0	878.0	Basic Materials			OK	通常掲載可	OK	322960.0	8.0	-7.76	47.94	0.65	12965.0	94.08	42.52	6.72	0
5302	日本カーボン	プライム（内国株式）	3400	ガラス・土石製品	3	建設・資材	6	TOPIX Small 1	4860.0	4.12	200.0	4.12	200.0	4.12	配当あり	いいえ	11.12	1.0	532.2	5080.0	3990.0	Basic Materials			OK	通常掲載可	OK	37735.0	12.74	-0.58	63.54	0.19	791.0	436.91	45.78	8.35	0
5304	ＳＥＣカーボン	スタンダード（内国株式）	3400	ガラス・土石製品	3	建設・資材	-	-	2566.0	3.9	100.0	3.9	100.0	3.9	配当あり	いいえ		0.66	511.5	3085.0	2020.0	Basic Materials			OK	通常掲載可	OK	25101.0	15.97	-19.49	89.19	0.0	4166.0	-3.59		-0.1	0
5310	東洋炭素	プライム（内国株式）	3400	ガラス・土石製品	3	建設・資材	6	TOPIX Small 1	7710.0	1.88	145.0	1.88	145.0	1.88	配当あり	いいえ	29.59	1.69	1617.0	8990.0	3850.0	Industrials			OK	通常掲載可	OK	46189.0	14.63	-13.0	82.68	0.06	-6103.0	260.6	55.64	5.13	0
5331	ノリタケ	プライム（内国株式）	3400	ガラス・土石製品	3	建設・資材	6	TOPIX Small 1	4075.0	2.45	100.0	2.45	100.0	2.45	配当あり	いいえ	16.0	1.34	2241.1	4635.0	1820.0	Industrials			OK	通常掲載可	OK	142908.0	7.78	3.42	72.47	0.08	-4072.0	254.69	39.26	8.9	5
5332	ＴＯＴＯ	プライム（内国株式）	3400	ガラス・土石製品	3	建設・資材	4	TOPIX Mid400	8586.0	1.4	120.0	1.4	120.0	1.4	配当あり	いいえ	35.34	2.67	14116.8	9500.0	3640.0	Industrials			OK	通常掲載可	OK	737441.0	7.29	1.79	63.84	0.13	28082.0	242.98	49.39	7.18	0
5333	ＮＧＫ	プライム（内国株式）	3400	ガラス・土石製品	3	建設・資材	4	TOPIX Mid400	7473.0	1.42	106.0	1.42	106.0	1.42	配当あり	いいえ	36.23	2.66	21026.3	7894.0	1771.5	Industrials			OK	通常掲載可	OK	670125.0	14.18	8.17	65.09	0.3	82519.0	206.25	51.39	7.81	1
5334	日本特殊陶業	プライム（内国株式）	3400	ガラス・土石製品	3	建設・資材	4	TOPIX Mid400	10990.0	1.91	210.0	1.91	210.0	1.91	配当あり	いいえ	23.58	2.81	21429.8	11120.0	4765.0	Consumer Cyclical			OK	通常掲載可	OK	652993.0	19.69	-10.7	62.85	0.32	98143.0	465.98	45.07	16.11	5
5337	ダントーホールディングス	スタンダード（内国株式）	3400	ガラス・土石製品	3	建設・資材	-	-	876.0						配当未取得		37.87	3.42	280.8	941.0	492.0	Industrials	配当未取得	1株配当が取得できていない	除外推奨	掲載非推奨	OK_配当データ要確認	4915.0	-13.51	-7.53	76.99	0.0	-387.0	23.13		-0.45	
5341	ＡＳＡＨＩ　ＥＩＴＯホールディングス	スタンダード（内国株式）	3400	ガラス・土石製品	3	建設・資材	-	-	178.0						配当未取得			1.11	13.3	462.0	166.0	Consumer Defensive	配当未取得	1株配当が取得できていない	除外推奨	掲載非推奨	OK_配当データ要確認	4336.9	-6.28	9.3	40.14	0.66	-151.6	-57.39		-29.36	
5344	ＭＡＲＵＷＡ	プライム（内国株式）	3400	ガラス・土石製品	3	建設・資材	4	TOPIX Mid400	73700.0	0.15	110.0	0.15	110.0	0.15	配当あり	いいえ	50.0	6.18	9094.5	85650.0	35980.0	Technology			OK	通常掲載可	OK	74476.0	33.54	3.66	90.52	0.0	-5591.0	1474.0	7.46	13.2	13
5351	品川リフラ	プライム（内国株式）	3400	ガラス・土石製品	3	建設・資材	6	TOPIX Small 1	1961.0	4.59	90.0	4.59	90.0	4.59	配当あり	いいえ	3.43	0.84	894.9	2507.0	1622.0	Industrials			OK	通常掲載可	OK	177738.0	7.66	23.37	46.13	0.41	3580.0	571.44	15.75	25.0	5
5355	日本坩堝	スタンダード（内国株式）	3400	ガラス・土石製品	3	建設・資材	-	-	680.0	2.94	20.0	2.94	20.0	2.94	配当あり	いいえ	10.58	0.73	45.2	695.0	596.0	Industrials			OK	通常掲載可	OK	9784.4	5.03	1.81	49.89	0.35	469.4	64.26	31.12	7.23	2
5356	美濃窯業	スタンダード（内国株式）	3400	ガラス・土石製品	3	建設・資材	-	-	1365.0	3.81	52.0	3.81	52.0	3.81	配当あり	いいえ	11.2	0.89	140.1	1494.0	995.0	Basic Materials			OK	通常掲載可	OK	16154.5	9.9	7.28	70.78	0.09	1548.1	121.89	42.66	8.26	1
5357	ヨータイ	プライム（内国株式）	3400	ガラス・土石製品	3	建設・資材	7	TOPIX Small 2	1742.0	5.17	90.0	5.17	90.0	5.17	配当あり	いいえ	12.97	0.93	321.0	2016.0	1657.0	Basic Materials			OK	通常掲載可	OK	29585.0	12.15	0.95	81.51	0.0	995.6	134.31	67.01	7.33	0
5363	東京窯業	スタンダード（内国株式）	3400	ガラス・土石製品	3	建設・資材	-	-	671.0	6.35	42.6	6.35	42.6	6.35	配当あり	いいえ	7.97	0.63	298.1	731.0	505.0	Basic Materials			OK	通常掲載可	OK	31484.6	10.93	-1.41	70.41	0.07	1582.3	84.21	50.59	8.1	5
5367	ニッカトー	スタンダード（内国株式）	3400	ガラス・土石製品	3	建設・資材	-	-	1355.0	1.7	23.0	1.7	23.0	1.7	配当あり	いいえ	20.88	1.15	162.0	2099.0	496.0	Industrials			OK	通常掲載可	OK	11340.9	9.45	12.55	74.98	0.04	1119.5	64.9	35.44	5.69	0
5368	日本インシュレーション	スタンダード（内国株式）	3400	ガラス・土石製品	3	建設・資材	-	-	936.0	4.27	40.0	4.27	40.0	4.27	配当あり	いいえ	6.89	0.55	81.1	1357.0	901.0	Industrials			OK	通常掲載可	OK	14393.8	11.2	17.76	78.56	0.07	319.0	135.91	29.43	8.26	0
5380	新東	スタンダード（内国株式）	3400	ガラス・土石製品	3	建設・資材	-	-	1100.0	3.41	37.5	3.41	37.5	3.41	配当あり	いいえ	87.72	0.24	7.8	2226.0	1040.0	Industrials			OK	通常掲載可	OK	4545.1	-1.4	-9.87	52.86	0.58	136.6	12.54	299.04	3.87	0
5381	マイポックス	スタンダード（内国株式）	3400	ガラス・土石製品	3	建設・資材	-	-	1012.0	0.99	10.0	0.99	10.0	0.99	配当あり	いいえ	27.93	1.58	141.0	1377.0	414.0	Basic Materials			OK	通常掲載可	OK	12059.4	4.8	7.94	49.51	0.77	-283.3	36.23	27.6	5.8	0
5384	フジミインコーポレーテッド	プライム（内国株式）	3400	ガラス・土石製品	3	建設・資材	6	TOPIX Small 1	4490.0	1.71	77.0	1.71	77.0	1.71	配当あり	いいえ	36.76	3.97	3330.8	5090.0	1972.0	Technology			OK	通常掲載可	OK	69404.0	19.92	11.04	69.14	0.21	-9636.0	122.13	63.05	11.29	0
5388	クニミネ工業	スタンダード（内国株式）	3400	ガラス・土石製品	3	建設・資材	-	-	1298.0	3.85	50.0	3.85	50.0	3.85	配当あり	いいえ	11.79	0.71	158.1	1400.0	1047.0	Basic Materials			OK	通常掲載可	OK	17075.5	9.38	8.71	82.96	0.0	3118.8	110.07	45.43	6.16	0
5391	エーアンドエーマテリアル	スタンダード（内国株式）	3400	ガラス・土石製品	3	建設・資材	-	-	1489.0	4.7	70.0	4.7	70.0	4.7	配当あり	いいえ	6.57	0.48	82.3	1665.0	1165.0	Industrials			OK	通常掲載可	OK	45700.0	3.67	5.25	39.51	0.53	-229.0	226.48	30.91	9.5	3
5393	ニチアス	プライム（内国株式）	3400	ガラス・土石製品	3	建設・資材	4	TOPIX Mid400	3953.0	1.52	60.0	1.52	60.0	1.52	配当あり	いいえ	23.87	3.13	7474.7	4146.0	1798.33	Industrials			OK	通常掲載可	OK	251909.0	14.69	-1.79	77.66	0.05	15201.0	165.63	36.23	13.93	7
5401	日本製鉄	プライム（内国株式）	3450	鉄鋼	7	鉄鋼・非鉄	2	TOPIX Large70	548.2	4.38	24.0	4.38	24.0	4.38	配当あり	いいえ	166.63	0.52	28650.5	699.8	530.5	Basic Materials			OK	通常掲載可	OK	10063216.0	4.26	15.73	37.72	0.94	-172716.0	3.29	729.48	0.75	1
5406	神戸製鋼所	プライム（内国株式）	3450	鉄鋼	7	鉄鋼・非鉄	4	TOPIX Mid400	1905.5	4.2	80.0	4.2	80.0	4.2	配当あり	いいえ	8.01	0.6	7535.4	2379.5	1580.0	Basic Materials			OK	通常掲載可	OK	2436581.0	5.33	-4.64	44.02	0.61	77248.0	237.81	33.64	7.62	4
5408	中山製鋼所	プライム（内国株式）	3450	鉄鋼	7	鉄鋼・非鉄	7	TOPIX Small 2	621.0	2.25	14.0	2.25	14.0	2.25	配当あり	いいえ	13.66	0.31	336.7	706.0	551.0	Basic Materials			OK	通常掲載可	OK	148306.0	3.31	-12.42	71.63	0.08	10192.0	45.46	30.8	2.28	0
5410	合同製鐵	プライム（内国株式）	3450	鉄鋼	7	鉄鋼・非鉄	6	TOPIX Small 1	2659.0	3.76	100.0	3.76	100.0	3.76	配当あり	いいえ	4.83	0.27	388.8	4390.0	2489.0	Basic Materials			OK	通常掲載可	OK	191772.0	5.12	-6.54	56.27	0.38	12441.0	550.68	18.16	5.78	0
5411	ＪＦＥホールディングス	プライム（内国株式）	3450	鉄鋼	7	鉄鋼・非鉄	4	TOPIX Mid400	1600.0	5.0	80.0	5.0	80.0	5.0	配当あり	いいえ	15.17	0.39	10178.2	2359.0	1535.0	Basic Materials			OK	通常掲載可	OK	4539270.0	1.51	-6.59	44.43	0.75	99551.0	105.44	75.87	2.81	0
5423	東京製鐵	プライム（内国株式）	3450	鉄鋼	7	鉄鋼・非鉄	6	TOPIX Small 1	1750.0	2.29	40.0	2.29	40.0	2.29	配当あり	いいえ	15.55	0.81	1788.8	1973.0	1328.0	Basic Materials			OK	通常掲載可	OK	268095.0	2.7	-17.96	75.83	0.0	-25837.0	112.52	35.55	5.35	0
542A	ビタブリッドジャパン	グロース（内国株式）	3200	化学	4	素材・化学	-	-	975.0						配当未取得		5.33		54.6	1390.0	925.0	Consumer Defensive	配当未取得	1株配当が取得できていない	除外推奨	掲載非推奨	OK_配当データ要確認	15296.5	6.68	21.19	44.53	0.54	1721.3	182.81			
543A	ＡＲＣＨＩＯＮ	プライム（内国株式）	3700	輸送用機器	6	自動車・輸送機	6	TOPIX Small 1	313.0	2.56	8.0	2.56	8.0	2.56	配当あり	いいえ	2.15	0.69	8628.1	562.0	276.0	Industrials			OK	通常掲載可	OK	1565332.0	5.24	-7.77	31.92	0.47	19700.0	145.48	5.5	22.99	1
5440	共英製鋼	プライム（内国株式）	3450	鉄鋼	7	鉄鋼・非鉄	6	TOPIX Small 1	1781.0	3.93	70.0	3.93	70.0	3.93	配当あり	いいえ	7.85	0.37	774.0	2696.0	1692.0	Basic Materials			OK	通常掲載可	OK	315106.0	5.38	-2.4	56.73	0.45	6334.0	226.9	30.85	5.17	0
5444	大和工業	プライム（内国株式）	3450	鉄鋼	7	鉄鋼・非鉄	4	TOPIX Mid400	12480.0	3.21	400.0	3.21	400.0	3.21	配当あり	いいえ	12.18	1.38	7457.1	13205.0	8351.0	Basic Materials			OK	通常掲載可	OK	160389.0	2.8	-4.68	85.51	0.0	40508.0	1024.61	39.04	10.79	0
5445	東京鐵鋼	プライム（内国株式）	3450	鉄鋼	7	鉄鋼・非鉄	6	TOPIX Small 1	1861.0	5.37	100.0	5.37	100.0	5.37	配当あり	いいえ	5.9	0.74	471.0	2233.33	1755.0	Basic Materials			OK	通常掲載可	OK	72540.0	16.61	-12.17	78.79	0.07	-1813.0	315.63	31.68	13.11	3
5446	北越メタル	スタンダード（内国株式）	3450	鉄鋼	7	鉄鋼・非鉄	-	-	1170.0	3.33	39.0	3.33	39.0	3.33	配当あり	いいえ		0.25	45.1	1331.0	1108.0	Basic Materials			OK	通常掲載可	OK	23598.3	-1.31	-17.86	69.3	0.12	700.3	-87.98		-1.9	1
5449	大阪製鐵	スタンダード（内国株式）	3450	鉄鋼	7	鉄鋼・非鉄	7	TOPIX Small 2	2421.0	1.57	38.0	1.4	38.0	1.57	配当あり	いいえ		0.65	724.3	3935.0	2221.0	Basic Materials			OK	通常掲載可	OK	95096.0	-0.36	-18.32	72.42	0.15	8821.0	-699.67		-15.45	0
544A	ＧＭＳグループ	プライム（内国株式）	3600	機械	8	機械	7	TOPIX Small 2	357.0						配当未取得				270.6	429.0	340.0	Industrials	配当未取得	1株配当が取得できていない	除外推奨	掲載非推奨	OK_配当データ要確認										
5451	ヨドコウ	プライム（内国株式）	3450	鉄鋼	7	鉄鋼・非鉄	6	TOPIX Small 1	1303.0	4.07	53.0	4.07	53.0	4.07	配当あり	いいえ	10.83	0.92	1866.5	1660.0	1100.0	Basic Materials			OK	通常掲載可	OK	195373.0	6.07	-6.28	76.05	0.0	13879.0	120.27	44.07	8.25	4
5458	高砂鐵工	スタンダード（内国株式）	3450	鉄鋼	7	鉄鋼・非鉄	-	-	1220.0	3.69	45.0	3.69	45.0	3.69	配当あり	いいえ	10.11	0.72	36.6	1300.0	900.0	Basic Materials			OK	通常掲載可	OK	12113.0	4.68	0.11	52.48	0.0	1056.0	120.66	37.29	7.37	1
545A	トランヴィア	プライム（内国株式）	5250	情報・通信業	10	情報通信・サービスその他	7	TOPIX Small 2	919.0						配当未取得				367.1	988.0	808.0	Technology	配当未取得	1株配当が取得できていない	除外推奨	掲載非推奨	OK_配当データ要確認										
5461	中部鋼鈑	プライム（内国株式）	3450	鉄鋼	7	鉄鋼・非鉄	6	TOPIX Small 1	2040.0	5.54	113.0	5.54	113.0	5.54	配当あり	いいえ	43.29	0.74	550.3	2605.0	1912.0	Basic Materials			OK	通常掲載可	OK	51103.0	1.81	0.11	88.63		-10104.0	47.12	239.81	1.72	0
5463	丸一鋼管	プライム（内国株式）	3450	鉄鋼	7	鉄鋼・非鉄	4	TOPIX Mid400	1935.0	2.69	52.0	2.69	52.0	2.69	配当あり	いいえ	16.42	1.23	4278.8	1955.5	1163.67	Basic Materials			OK	通常掲載可	OK	243764.0	13.15	-6.84	82.49	0.02	4941.0	117.84	44.13	7.75	4
5464	モリ工業	スタンダード（内国株式）	3450	鉄鋼	7	鉄鋼・非鉄	7	TOPIX Small 2	950.0	3.58	34.0	3.58	34.0	3.58	配当あり	いいえ	10.75	0.62	360.8	1063.0	847.0	Basic Materials			OK	通常掲載可	OK	43288.0	10.11	-6.18	80.5	0.03	3176.0	88.35	38.48	5.88	0
546A	ＭＩＲＡＩＮＩホールディングス	プライム（内国株式）	6050	卸売業	13	商社・卸売	7	TOPIX Small 2	2358.0	4.07	96.0	4.07	96.0	4.07	配当あり	いいえ			836.7	2650.0	1768.0	Technology			OK	通常掲載可	OK										
5471	大同特殊鋼	プライム（内国株式）	3450	鉄鋼	7	鉄鋼・非鉄	4	TOPIX Mid400	2830.0	1.84	52.0	1.84	52.0	1.84	配当あり	いいえ	17.51	1.2	5655.9	3005.0	965.2	Basic Materials			OK	通常掲載可	OK	578129.0	7.28	0.55	55.18	0.38	13541.0	161.59	32.18	7.1	5
547A	ムニノバホールディングス	プライム（内国株式）	7200	その他金融業	16	金融（除く銀行）	6	TOPIX Small 1	452.0	8.85	40.0	8.85	40.0	8.85	配当あり	いいえ	7.74	0.9	2165.1	595.0	406.0	Financial Services	高利回り要確認	配当利回りが8%以上	要確認	手動確認後に掲載	OK_高利回り要確認	189050.0	13.38	15.91	15.05	3.62	-108113.0	58.4	68.49	11.69	1
5480	日本冶金工業	プライム（内国株式）	3450	鉄鋼	7	鉄鋼・非鉄	6	TOPIX Small 1	4860.0	4.53	220.0	4.53	220.0	4.53	配当あり	いいえ	9.35	0.67	673.3	5320.0	3975.0	Basic Materials			OK	通常掲載可	OK	150866.0	7.27	-12.34	46.08	0.8	4852.0	520.02	42.31	7.29	1
5482	愛知製鋼	プライム（内国株式）	3450	鉄鋼	7	鉄鋼・非鉄	6	TOPIX Small 1	3065.0	2.35	72.0	2.35	72.0	2.35	配当あり	いいえ	17.99	0.83	1969.2	3515.0	1960.0	Basic Materials			OK	通常掲載可	OK	304341.0	5.71	1.69	59.24	0.2	48007.0	170.41	42.25	5.26	3
5484	東北特殊鋼	スタンダード（内国株式）	3450	鉄鋼	7	鉄鋼・非鉄	-	-	4450.0	0.67	30.0	0.67	30.0	0.67	配当あり	いいえ	25.91	1.12	330.5	4485.0	1923.0	Basic Materials			OK	通常掲載可	OK	20931.3	6.78	-1.17	81.03		2067.7	171.77	17.47	4.44	0
548A	システムエグゼ	スタンダード（内国株式）	5250	情報・通信業	10	情報通信・サービスその他	-	-	957.0	9.3	88.96	9.3	88.96	9.3	配当あり	いいえ	9.58	0.79	50.1	1195.0	878.0	Technology	高利回り要確認	配当利回りが8%以上	要確認	手動確認後に掲載	OK_高利回り要確認	11605.9	5.56	2.08	70.17	0.03	18.3	99.91	89.04	10.89	
5491	日本金属	スタンダード（内国株式）	3450	鉄鋼	7	鉄鋼・非鉄	-	-	847.0	0.59	5.0	0.59	5.0	0.59	配当あり	いいえ	25.64	0.19	54.7	1189.0	711.0	Basic Materials			OK	通常掲載可	OK	49619.0	2.56	-3.27	44.44	0.59	868.0	33.03	15.14	0.75	0
549A	ヒトトヒトホールディングス	スタンダード（内国株式）	9050	サービス業	10	情報通信・サービスその他	-	-	469.0	9.14	42.86	9.14	42.86	9.14	配当あり	いいえ	11.89	2.29	65.7	682.0	413.0	Industrials	高利回り要確認	配当利回りが8%以上	要確認	手動確認後に掲載	OK_高利回り要確認	16803.0	4.2	7.67	19.88	2.97	259.0	39.44	108.67	25.09	
550A	ソフトテックス	スタンダード（内国株式）	5250	情報・通信業	10	情報通信・サービスその他	-	-	2086.0	3.36	70.0	3.36	70.0	3.36	配当あり	いいえ	8.56		18.3	5220.0	1922.0	Technology			OK	通常掲載可	OK	3639.6	8.18	2.09	68.54	0.0	11.0	243.64	28.73		
5527	ｐｒｏｐｅｒｔｙ　ｔｅｃｈｎｏｌｏｇｉｅｓ	グロース（内国株式）	8050	不動産業	17	不動産	-	-	647.0	3.86	25.0	3.86	25.0	3.86	配当あり	いいえ	7.4	0.98	80.6	910.0	421.0	Real Estate			OK	通常掲載可	OK	50909.7	4.01	22.34	19.26	3.71	-981.0	87.41	28.6	13.24	1
5532	リアルゲイト	グロース（内国株式）	8050	不動産業	17	不動産	-	-	3625.0						配当未取得		31.75	5.15	235.1	4390.0	1966.0	Real Estate	配当未取得	1株配当が取得できていない	除外推奨	掲載非推奨	OK_配当データ要確認	9792.0	10.65	23.19	15.76	4.16	-4206.1	114.19		18.46	
5533	エリッツホールディングス	スタンダード（内国株式）	8050	不動産業	17	不動産	-	-	2030.0	3.45	70.0	3.45	70.0	3.45	配当あり	いいえ	9.42	1.29	71.3	2124.0	1719.0	Real Estate			OK	通常掲載可	OK	6385.7	16.0	9.43	55.6	0.34	695.7	215.59	32.47	14.52	1
5535	ミガロホールディングス	プライム（内国株式）	8050	不動産業	17	不動産	-	-	269.0	3.35	9.0	3.35	9.0	3.35	配当あり	いいえ	11.61	1.14	173.0	1067.0	243.0	Real Estate			OK	通常掲載可	OK	57532.2	5.32	11.26	26.42	2.35	3636.7	23.16	38.86	11.0	0
5537	ＡｌｂａＬｉｎｋ	グロース（内国株式）	8050	不動産業	17	不動産	-	-	3130.0						配当未取得		27.55	12.42	256.1	3900.0	264.75	Real Estate	配当未取得	1株配当が取得できていない	除外推奨	掲載非推奨	OK_配当データ要確認	8191.2	16.01	50.57	38.33	1.1	1000.2	113.62		49.47	
5541	大平洋金属	プライム（内国株式）	3450	鉄鋼	7	鉄鋼・非鉄	7	TOPIX Small 2	2313.0	5.62	130.0	5.62	130.0	5.62	配当あり	いいえ	15.85	0.64	402.2	3865.0	1706.0	Basic Materials			OK	通常掲載可	OK	9414.0	-52.78	-28.55	93.48		1941.0	145.95	89.07	3.97	0
5542	新報国マテリアル	スタンダード（内国株式）	3450	鉄鋼	7	鉄鋼・非鉄	-	-	809.0	3.09	25.0	3.09	25.0	3.09	配当あり	いいえ	13.44	1.98	53.8	885.0	710.0	Basic Materials			OK	通常掲載可	OK	5539.6	8.42	-10.78	75.16	0.19	128.1	60.19	41.54	27.45	0
554A	バトンズ	グロース（内国株式）	5250	情報・通信業	10	情報通信・サービスその他	-	-	1310.0						配当未取得		147.03		60.6	2818.0	1020.0	Technology	配当未取得	1株配当が取得できていない	除外推奨	掲載非推奨	OK_配当データ要確認	1379.6	3.76	19.49	64.46		87.6	8.91			
5563	新日本電工	プライム（内国株式）	3450	鉄鋼	7	鉄鋼・非鉄	6	TOPIX Small 1	444.0	2.93	13.0	2.93	13.0	2.93	配当あり	いいえ	41.5	0.77	554.1	559.0	247.0	Basic Materials			OK	通常掲載可	OK	77277.0	6.68	-1.22	76.03	0.19	9741.0	10.7	121.5	2.69	2
556A	犬猫生活	グロース（内国株式）	6100	小売業	14	小売	-	-	2325.0						配当未取得		10.75		60.8	5400.0	2080.0	Consumer Defensive	配当未取得	1株配当が取得できていない	除外推奨	掲載非推奨	OK_配当データ要確認	2901.9	3.18	61.96	41.33	0.47	154.3	216.23			
5570	ジェノバ	グロース（内国株式）	5250	情報・通信業	10	情報通信・サービスその他	-	-	624.0	1.12	7.0	1.12	7.0	1.12	配当あり	いいえ	15.98	2.34	82.6	880.0	601.0	Communication Services			OK	通常掲載可	OK	1367.0	56.62	8.03	88.2	0.0	497.1	39.06	17.92	16.9	2
5571	エキサイトホールディングス	スタンダード（内国株式）	5250	情報・通信業	10	情報通信・サービスその他	-	-	980.0	3.34	32.7	3.34	32.7	3.34	配当あり	いいえ	18.66	1.31	47.1	1480.0	965.0	Technology			OK	通常掲載可	OK	10796.7	4.21	18.75	32.49	1.54	-237.3	52.53	62.25	6.77	0
5572	Ｒｉｄｇｅ－ｉ	グロース（内国株式）	5250	情報・通信業	10	情報通信・サービスその他	-	-	2800.0						配当未取得		81.3	3.41	120.8	4090.0	1851.0	Technology	配当未取得	1株配当が取得できていない	除外推奨	掲載非推奨	OK_配当データ要確認	1072.0	14.25	35.62	69.79	0.0	339.0	34.44		4.19	
5574	ＡＢＥＪＡ	グロース（内国株式）	5250	情報・通信業	10	情報通信・サービスその他	-	-	2276.0						配当未取得		43.86	4.62	226.1	4630.0	2041.0	Technology	配当未取得	1株配当が取得できていない	除外推奨	掲載非推奨	OK_配当データ要確認	3585.4	12.44	29.61	84.08	0.0	1605.3	51.89		11.93	
5575	Ｇｌｏｂｅｅ	グロース（内国株式）	5250	情報・通信業	10	情報通信・サービスその他	-	-	653.0						配当未取得		12.36	3.05	32.2	1200.0	582.0	Technology	配当未取得	1株配当が取得できていない	除外推奨	掲載非推奨	OK_配当データ要確認	1637.5	25.13	27.06	40.2	0.12	193.7	52.83		28.32	
5576	オービーシステム	スタンダード（内国株式）	5250	情報・通信業	10	情報通信・サービスその他	-	-	2835.0	4.59	130.0	4.59	130.0	4.59	配当あり	いいえ	10.95	1.16	65.9	3240.0	2450.0	Technology			OK	通常掲載可	OK	8655.8	7.77	12.64	74.78	0.05	314.2	258.84	50.22	11.08	2
5578	ＡＲアドバンストテクノロジ	グロース（内国株式）	5250	情報・通信業	10	情報通信・サービスその他	-	-	935.0	0.75	7.0	0.75	7.0	0.75	配当あり	いいえ	13.79	3.84	91.7	1376.0	670.33	Technology			OK	通常掲載可	OK	14152.7	5.86	27.16	31.41	0.72	870.6	67.79	10.33	32.41	0
5580	プロディライト	グロース（内国株式）	5250	情報・通信業	10	情報通信・サービスその他	-	-	1607.0						配当未取得		40.0	2.89	27.0	1977.0	1400.0	Technology	配当未取得	1株配当が取得できていない	除外推奨	掲載非推奨	OK_配当データ要確認	2834.8	6.3	29.04	55.75	0.23	-125.3	40.18		7.23	
5582	グリッド	グロース（内国株式）	5250	情報・通信業	10	情報通信・サービスその他	-	-	1976.0						配当未取得		23.31	2.27	94.6	3205.0	1671.0	Technology	配当未取得	1株配当が取得できていない	除外推奨	掲載非推奨	OK_配当データ要確認	1652.1	22.13	22.03	88.71	0.02	248.5	84.77		7.79	
5586	Ｌａｂｏｒｏ．ＡＩ	グロース（内国株式）	5250	情報・通信業	10	情報通信・サービスその他	-	-	847.0						配当未取得		87.68	4.99	135.1	1250.0	744.0	Technology	配当未取得	1株配当が取得できていない	除外推奨	掲載非推奨	OK_配当データ要確認	1900.3	10.07	25.41	90.57	0.0	160.9	9.66		5.69	
5587	インバウンドプラットフォーム	グロース（内国株式）	5250	情報・通信業	10	情報通信・サービスその他	-	-	763.0						配当未取得		9.71	1.65	26.3	1372.0	618.0	Industrials	配当未取得	1株配当が取得できていない	除外推奨	掲載非推奨	OK_配当データ要確認	3007.0	9.87	28.85	52.47	0.18	314.4	78.59		15.38	
5588	ファーストアカウンティング	グロース（内国株式）	5250	情報・通信業	10	情報通信・サービスその他	-	-	783.0	0.5	3.9	0.5	3.9	0.5	配当あり	いいえ	45.26	5.56	86.6	1855.0	650.0	Technology			OK	通常掲載可	OK	2369.8	12.33	38.82	59.14	0.0	83.3	17.3	22.54	13.01	2
5589	オートサーバー	スタンダード（内国株式）	5250	情報・通信業	10	情報通信・サービスその他	-	-	2729.0	2.46	67.0	2.46	67.0	2.46	配当あり	いいえ	13.85	1.51	197.7	2878.0	2331.0	Consumer Cyclical			OK	通常掲載可	OK	6462.6	36.9	2.79	64.15	0.17	2125.3	197.03	34.0	11.98	0
558A	ＳＱＵＥＥＺＥ	グロース（内国株式）	9050	サービス業	10	情報通信・サービスその他	-	-	4540.0						配当未取得		22.78	8.22	147.6	5870.0	2951.0	Consumer Cyclical	配当未取得	1株配当が取得できていない	除外推奨	掲載非推奨	OK_配当データ要確認	5367.9	9.53	74.95	34.41	1.0	678.7	199.31		52.71	
5590	ネットスターズ	グロース（内国株式）	5250	情報・通信業	10	情報通信・サービスその他	-	-	743.0						配当未取得		25.64	1.6	125.5	1363.0	598.0	Technology	配当未取得	1株配当が取得できていない	除外推奨	掲載非推奨	OK_配当データ要確認	4788.1	6.12	22.71	19.9		2261.3	28.98		7.73	
5591	ＡＶＩＬＥＮ	グロース（内国株式）	5250	情報・通信業	10	情報通信・サービスその他	-	-	790.0						配当未取得		28.65	6.29	48.3	1694.0	678.0	Technology	配当未取得	1株配当が取得できていない	除外推奨	掲載非推奨	OK_配当データ要確認	1672.6	16.4	34.72	52.63	0.46	160.6	27.57		21.95	
5592	くすりの窓口	グロース（内国株式）	5250	情報・通信業	10	情報通信・サービスその他	-	-	2350.0	1.7	40.0	1.7	40.0	1.7	配当あり	いいえ	8.93	2.36	269.3	4685.0	2065.0	Healthcare			OK	通常掲載可	OK	12330.0	21.75	10.1	63.72	0.25	1361.7	263.2	15.2	30.03	
5597	ブルーイノベーション	グロース（内国株式）	5250	情報・通信業	10	情報通信・サービスその他	-	-	1388.0						配当未取得			39.96	56.0	3070.0	1129.0	Technology	配当未取得	1株配当が取得できていない	除外推奨	掲載非推奨	OK_配当データ要確認	1051.5	-52.12	-14.04	14.63	4.66	-355.6	-160.59		-180.4	
5599	Ｓ＆Ｊ	グロース（内国株式）	5250	情報・通信業	10	情報通信・サービスその他	-	-	1112.0	1.53	17.0	1.53	17.0	1.53	配当あり	いいえ	15.24	2.88	62.0	2516.0	835.0	Technology			OK	通常掲載可	OK	2333.6	23.83	20.11	71.19	0.0	527.6	72.95	23.3	19.51	
559A	梅乃宿酒造	スタンダード（内国株式）	3050	食料品	1	食品	-	-	1029.0	2.04	20.95	2.04	20.95	2.04	配当あり	いいえ	25.64		62.0	1350.0	900.0	Consumer Defensive			OK	通常掲載可	OK	2684.9	11.81	-0.51	52.68	0.78	16.0	40.13	52.21		
5602	栗本鐵工所	プライム（内国株式）	3450	鉄鋼	7	鉄鋼・非鉄	6	TOPIX Small 1	1425.0	4.21	60.0	4.21	60.0	4.21	配当あり	いいえ	12.9	0.92	864.9	2044.0	1266.0	Basic Materials			OK	通常掲載可	OK	128126.0	6.29	1.15	60.66	0.25	843.0	110.44	54.33	7.38	5
5603	虹技	スタンダード（内国株式）	3450	鉄鋼	7	鉄鋼・非鉄	-	-	1246.0	3.21	40.0	3.21	40.0	3.21	配当あり	いいえ	8.68	0.26	40.9	1649.0	1101.0	Industrials			OK	通常掲載可	OK	25688.0	2.41	-2.39	43.24	0.58	-684.0	143.54	27.87	2.83	0
5609	日本鋳造	スタンダード（内国株式）	3450	鉄鋼	7	鉄鋼・非鉄	-	-	914.0	2.74	25.0	2.74	25.0	2.74	配当あり	いいえ	2470.27	0.38	44.1	940.0	805.0	Basic Materials			OK	通常掲載可	OK	14311.0	2.86	-10.51	53.23	0.32	-379.0	0.37	6756.76	2.23	0
5612	日本鋳鉄管	スタンダード（内国株式）	3450	鉄鋼	7	鉄鋼・非鉄	-	-	1573.0	3.18	50.0	3.18	50.0	3.18	配当あり	いいえ	55.56	0.51	50.5	2858.0	1370.0	Industrials			OK	通常掲載可	OK	15942.0	1.62	-5.85	38.57	1.05	-3135.0	28.31	176.62	1.14	0
5616	雨風太陽	グロース（内国株式）	5250	情報・通信業	10	情報通信・サービスその他	-	-	605.0						配当未取得			4.48	14.6	1398.0	586.0	Consumer Cyclical	配当未取得	1株配当が取得できていない	除外推奨	掲載非推奨	OK_配当データ要確認	1027.9	-0.7	0.61	34.34	0.72	-49.4	-1.69		-1.21	
5618	ナイル	グロース（内国株式）	5250	情報・通信業	10	情報通信・サービスその他	-	-	298.0						配当未取得			6.28	25.4	543.0	274.0	Communication Services	配当未取得	1株配当が取得できていない	除外推奨	掲載非推奨	OK_配当データ要確認	6730.3	-1.57	23.15	14.13	4.44	-277.9	-17.88			
5619	マーソ	グロース（内国株式）	5250	情報・通信業	10	情報通信・サービスその他	-	-	820.0						配当未取得			1.48	28.8	1136.0	790.0	Healthcare	配当未取得	1株配当が取得できていない	除外推奨	掲載非推奨	OK_配当データ要確認	1078.1	-3.15	-19.13	92.09	0.0	-25.8	-6.48			
5621	ヒューマンテクノロジーズ	グロース（内国株式）	5250	情報・通信業	10	情報通信・サービスその他	-	-	1532.0	2.28	35.0	2.28	35.0	2.28	配当あり	いいえ	14.45	2.79	147.0	2683.0	1263.0	Technology			OK	通常掲載可	OK	7496.3	18.28	23.8	77.64	0.0	889.2	106.01	33.02	20.95	1
5631	日本製鋼所	プライム（内国株式）	3600	機械	8	機械	4	TOPIX Mid400	7955.0	1.16	92.0	1.16	92.0	1.16	配当あり	いいえ	30.4	2.76	5855.7	10620.0	6694.0	Industrials			OK	通常掲載可	OK	274852.0	9.21	10.58	49.4	0.42	-41370.0	261.72	35.15	9.48	2
5632	三菱製鋼	プライム（内国株式）	3450	鉄鋼	7	鉄鋼・非鉄	7	TOPIX Small 2	2208.0	4.71	104.0	4.71	104.0	4.71	配当あり	いいえ	10.93	0.69	333.9	2430.0	1560.0	Basic Materials			OK	通常掲載可	OK	154557.0	3.1	-3.15	34.4	0.93	6474.0	202.03	51.48	6.83	1
5644	メタルアート	スタンダード（内国株式）	3450	鉄鋼	7	鉄鋼・非鉄	-	-	7640.0	1.96	150.0	1.96	150.0	1.96	配当あり	いいえ	8.13	0.84	218.7	7710.0	3445.0	Industrials			OK	通常掲載可	OK	45289.0	8.62	3.04	56.28	0.17	1906.0	939.72	15.96	10.94	3
5658	日亜鋼業	スタンダード（内国株式）	3450	鉄鋼	7	鉄鋼・非鉄	-	-	357.0	2.8	10.0	2.8	10.0	2.8	配当あり	いいえ	16.07	0.3	160.4	422.0	306.0	Industrials			OK	通常掲載可	OK	33793.4	4.2	-0.98	73.06	0.04	-756.0	22.21	45.02	2.18	0
5659	日本精線	プライム（内国株式）	3450	鉄鋼	7	鉄鋼・非鉄	7	TOPIX Small 2	1490.0	3.76	56.0	3.76	56.0	3.76	配当あり	いいえ	21.32	1.07	457.6	1605.0	1062.0	Industrials			OK	通常掲載可	OK	46601.0	6.6	-0.32	75.36	0.01	617.0	69.88	80.14	4.97	0
5660	神鋼鋼線工業	スタンダード（内国株式）	3450	鉄鋼	7	鉄鋼・非鉄	-	-	1786.0	3.64	65.0	3.64	65.0	3.64	配当あり	いいえ	9.43	0.42	105.5	1870.0	1266.0	Basic Materials			OK	通常掲載可	OK	33074.0	1.98	-3.55	56.94	0.41	-277.0	189.49	34.3	4.53	0
5695	パウダーテック	スタンダード（内国株式）	3450	鉄鋼	7	鉄鋼・非鉄	-	-	2950.0	3.39	100.0	3.39	100.0	3.39	配当あり	いいえ	21.14	0.67	85.8	3275.0	2042.0	Basic Materials			OK	通常掲載可	OK	9140.8	5.8	0.05	81.59	0.05	1191.5	139.54	71.66	3.17	2
5697	サンユウ	スタンダード（内国株式）	3450	鉄鋼	7	鉄鋼・非鉄	-	-	695.0	4.32	30.0	4.32	30.0	4.32	配当あり	いいえ	6.87	0.41	42.0	879.0	501.0	Basic Materials			OK	通常掲載可	OK	25572.2	3.47	4.61	48.39	0.11	2488.7	101.19	29.65	6.3	1
5698	エンビプロ・ホールディングス	スタンダード（内国株式）	3450	鉄鋼	7	鉄鋼・非鉄	7	TOPIX Small 2	807.0	2.73	22.0	2.73	22.0	2.73	配当あり	いいえ	13.72	1.26	230.0	1253.0	466.0	Industrials			OK	通常掲載可	OK	49090.7	1.98	-5.98	55.01	0.45	1903.2	58.83	37.4	10.03	1
5699	イボキン	スタンダード（内国株式）	3450	鉄鋼	7	鉄鋼・非鉄	-	-	1465.0	2.18	32.0	2.18	32.0	2.18	配当あり	いいえ	8.05	0.92	48.2	2632.0	1290.0	Industrials			OK	通常掲載可	OK	10005.6	6.43	3.61	63.2	0.3	-1365.6	182.1	17.57	10.71	0
5702	大紀アルミニウム工業所	プライム（内国株式）	3500	非鉄金属	7	鉄鋼・非鉄	6	TOPIX Small 1	1514.0	4.62	70.0	4.62	70.0	4.62	配当あり	いいえ	16.53	0.78	599.1	2074.0	990.0	Basic Materials			OK	通常掲載可	OK	331109.0	2.2	10.45	42.99	0.97	-2864.0	91.6	76.42	4.83	1
5703	日本軽金属ホールディングス	プライム（内国株式）	3500	非鉄金属	7	鉄鋼・非鉄	6	TOPIX Small 1	2764.0	3.62	100.0	3.62	100.0	3.62	配当あり	いいえ	10.92	0.68	1702.4	3330.0	1601.0	Basic Materials			OK	通常掲載可	OK	585473.0	4.38	6.41	44.7	0.67	3650.0	253.18	39.5	6.83	2
5704	ＪＭＣ	グロース（内国株式）	3500	非鉄金属	7	鉄鋼・非鉄	-	-	395.0						配当未取得			1.27	21.9	482.0	362.0	Industrials	配当未取得	1株配当が取得できていない	除外推奨	掲載非推奨	OK_配当データ要確認	3223.0	3.21	4.9	57.54	0.45	496.6	-227.76		-51.97	
5706	三井金属	プライム（内国株式）	3500	非鉄金属	7	鉄鋼・非鉄	4	TOPIX Mid400	38740.0	0.72	280.0	0.72	280.0	0.72	配当あり	いいえ	24.27	5.38	22164.0	57700.0	4991.0	Industrials			OK	通常掲載可	OK	758532.0	17.26	6.48	59.08	0.28	51571.0	1596.09	17.54	24.74	1
5707	東邦亜鉛	プライム（内国株式）	3500	非鉄金属	7	鉄鋼・非鉄	7	TOPIX Small 2	858.0						配当未取得		8.45	0.86	327.0	2510.0	613.0	Basic Materials	配当未取得	1株配当が取得できていない	除外推奨	掲載非推奨	OK_配当データ要確認	125550.0	5.35	-0.57	13.81	4.57	584.0	101.59		40.27	0
5711	三菱マテリアル	プライム（内国株式）	3500	非鉄金属	7	鉄鋼・非鉄	4	TOPIX Mid400	4555.0	2.55	116.0	2.55	116.0	2.55	配当あり	いいえ	14.66	0.81	5952.4	6126.0	2228.0	Basic Materials			OK	通常掲載可	OK	1962076.0	1.89	27.35	28.51	0.88	-1400.0	310.65	37.34	6.5	2
5713	住友金属鉱山	プライム（内国株式）	3500	非鉄金属	7	鉄鋼・非鉄	4	TOPIX Mid400	7930.0	2.62	208.0	2.62	208.0	2.62	配当あり	いいえ	12.21	1.03	21304.6	13300.0	3309.0	Basic Materials			OK	通常掲載可	OK	1741586.0	10.98	9.3	58.3	0.32	16219.0	649.47	32.03	8.7	1
5714	ＤＯＷＡホールディングス	プライム（内国株式）	3500	非鉄金属	7	鉄鋼・非鉄	4	TOPIX Mid400	8834.0	3.83	338.0	3.83	338.0	3.83	配当あり	いいえ	8.42	1.15	5225.2	12380.0	4737.0	Basic Materials			OK	通常掲載可	OK	745410.0	4.59	9.83	57.34	0.32	-29935.0	1049.48	32.21	14.48	1
5715	古河機械金属	プライム（内国株式）	3500	非鉄金属	7	鉄鋼・非鉄	6	TOPIX Small 1	3600.0	2.22	80.0	2.22	80.0	2.22	配当あり	いいえ	9.36	0.79	1167.5	7140.0	2294.0	Basic Materials			OK	通常掲載可	OK	211081.0	5.35	4.9	54.06	0.4	-1459.0	384.48	20.81	9.11	0
5721	エスクリプトエナジー	スタンダード（内国株式）	3500	非鉄金属	7	鉄鋼・非鉄	-	-	63.0						配当未取得			2.95	110.3	337.0	49.0	Industrials	配当未取得	1株配当が取得できていない	除外推奨	掲載非推奨	OK_配当データ要確認	634.4	-46.04	-11.73	95.49	0.0	-254.3	-16.02		1.84	
5724	アサカ理研	スタンダード（内国株式）	3500	非鉄金属	7	鉄鋼・非鉄	-	-	2681.0	0.45	12.0	0.45	12.0	0.45	配当あり	いいえ	20.32	2.48	135.0	5500.0	1050.0	Basic Materials			OK	通常掲載可	OK	8686.0	5.68	9.01	35.68	1.12	-1144.0	131.91	9.1	13.05	1
5726	大阪チタニウムテクノロジーズ	プライム（内国株式）	3500	非鉄金属	7	鉄鋼・非鉄	6	TOPIX Small 1	2724.0	0.48	13.0	0.48	13.0	0.48	配当あり	いいえ	38.91	2.26	1002.4	3435.0	1408.0	Basic Materials			OK	通常掲載可	OK	46952.0	11.78	-9.56	41.39	1.12	-3903.0	70.01	18.57	5.91	0
5729	日本精鉱	スタンダード（内国株式）	3500	非鉄金属	7	鉄鋼・非鉄	-	-	1506.0	5.64	85.0	5.64	85.0	5.64	配当あり	いいえ	3.5	0.95	147.6	4175.0	1221.25	Basic Materials			OK	通常掲載可	OK	40866.7	14.88	62.3	62.46	0.18	6568.2	430.11	19.76	30.78	1
5741	ＵＡＣＪ	プライム（内国株式）	3500	非鉄金属	7	鉄鋼・非鉄	6	TOPIX Small 1	2508.0	2.31	58.0	2.31	58.0	2.31	配当あり	いいえ	inf	1.31	4541.2	3585.0	1315.0	Basic Materials			OK	通常掲載可	OK	1181716.0	6.32	18.32	30.95	1.15	6440.0	0.0		13.47	1
5742	エヌアイシ・オートテック	スタンダード（内国株式）	3500	非鉄金属	7	鉄鋼・非鉄	-	-	724.0	5.8	42.0	5.8	42.0	5.8	配当あり	いいえ	161.25	0.96	39.4	836.0	679.0	Basic Materials			OK	通常掲載可	OK	6305.9	-0.21	-5.14	54.77	0.41	581.8	4.49	935.41	-5.94	0
5753	日本伸銅	スタンダード（内国株式）	3500	非鉄金属	7	鉄鋼・非鉄	-	-	2342.0	0.85	20.0	0.85	20.0	0.85	配当あり	いいえ	6.74	1.15	50.0	3100.0	2025.0	Basic Materials			OK	通常掲載可	OK	30144.0	8.94	15.4	68.73	0.21	-1060.0	347.32	5.76	-6.96	1
5757	ＣＫサンエツ	プライム（内国株式）	3500	非鉄金属	7	鉄鋼・非鉄	7	TOPIX Small 2	5350.0	1.87	100.0	1.87	100.0	1.87	配当あり	いいえ	12.38	0.8	441.7	5830.0	3595.0	Industrials			OK	通常掲載可	OK	149438.0	9.48	19.45	56.31	0.24	-909.0	432.28	23.13	7.08	4
5801	古河電気工業	プライム（内国株式）	3500	非鉄金属	7	鉄鋼・非鉄	4	TOPIX Mid400	4000.0	0.55	22.0	0.55	22.0	0.55	配当あり	いいえ	38.76	6.75	28139.9	6241.0	690.9	Industrials			OK	通常掲載可	OK	1307560.0	4.88	8.8	39.11	0.79	-24010.0	103.2	21.32	18.77	1
5802	住友電気工業	プライム（内国株式）	3500	非鉄金属	7	鉄鋼・非鉄	2	TOPIX Large70	2664.0	1.46	39.0	1.46	39.0	1.46	配当あり	いいえ	22.47	3.03	83108.3	3712.5	752.75	Consumer Cyclical			OK	通常掲載可	OK	5110171.0	8.18	9.2	56.86	0.25	202964.0	118.55	32.9	14.95	2
5803	フジクラ	プライム（内国株式）	3500	非鉄金属	7	鉄鋼・非鉄	2	TOPIX Large70	5358.0	0.71	38.0	0.71	38.0	0.71	配当あり	いいえ	56.5	15.83	88710.2	7933.0	1226.67	Industrials			OK	通常掲載可	OK	1182358.0	15.96	20.73	57.8	0.18	93850.0	94.84	40.07	31.51	3
5805	ＳＷＣＣ	プライム（内国株式）	3500	非鉄金属	7	鉄鋼・非鉄	6	TOPIX Small 1	12560.0	2.23	280.0	2.23	280.0	2.23	配当あり	いいえ	19.72	3.78	3719.8	19570.0	7000.0	Industrials			OK	通常掲載可	OK	277736.0	9.84	16.76	47.56	0.4	9199.0	636.79	43.97	21.05	4
5816	オーナンバ	スタンダード（内国株式）	3500	非鉄金属	7	鉄鋼・非鉄	-	-	1688.0	4.15	70.0	4.15	70.0	4.15	配当あり	いいえ	13.59	0.72	205.7	2299.0	943.0	Industrials			OK	通常掲載可	OK	44442.0	5.85	-0.81	66.0	0.09	378.0	124.24	56.34	5.68	0
5817	ＪＭＡＣＳ	スタンダード（内国株式）	3500	非鉄金属	7	鉄鋼・非鉄	-	-	860.0	1.74	15.0	1.74	15.0	1.74	配当あり	いいえ	12.08	0.91	48.4	2577.0	436.0	Technology			OK	通常掲載可	OK	6028.3	8.17	15.91	54.97	0.49	1231.8	71.21	21.06	1.28	0
5819	カナレ電気	スタンダード（内国株式）	3500	非鉄金属	7	鉄鋼・非鉄	-	-	1763.0	3.74	66.0	3.74	66.0	3.74	配当あり	いいえ	10.03	0.63	120.6	2148.0	1530.0	Industrials			OK	通常掲載可	OK	13115.0	12.07	5.91	90.39		1666.2	175.77	37.55	5.86	1
5820	三ッ星	スタンダード（内国株式）	3500	非鉄金属	7	鉄鋼・非鉄	-	-	731.0	2.33	17.0	2.33	17.0	2.33	配当あり	いいえ	10.35	0.4	30.2	1299.0	610.0	Industrials			OK	通常掲載可	OK	11728.4	3.03	7.85	52.01	0.47	340.8	70.61	24.08	3.54	0
5821	平河ヒューテック	プライム（内国株式）	3500	非鉄金属	7	鉄鋼・非鉄	7	TOPIX Small 2	3605.0	1.55	56.0	1.55	56.0	1.55	配当あり	いいえ	34.01	1.32	560.4	4710.0	1338.0	Industrials			OK	通常掲載可	OK	38423.0	11.5	24.74	74.84	0.12	1843.0	105.99	52.84	4.14	1
5830	いよぎんホールディングス	プライム（内国株式）	7050	銀行業	15	銀行	4	TOPIX Mid400	3335.0	2.4	80.0	2.4	80.0	2.4	配当あり	いいえ	13.14	1.09	9574.8	3646.0	1554.0	Financial Services			OK	通常掲載可	OK	213854.0		25.46	9.2	0.8	-170589.0	253.79	31.52	8.84	2
5831	しずおかフィナンシャルグループ	プライム（内国株式）	7050	銀行業	15	銀行	4	TOPIX Mid400	3232.0	3.03	98.0	3.03	98.0	3.03	配当あり	いいえ	19.27	1.39	17147.4	3233.0	1644.5	Financial Services			OK	通常掲載可	OK	311582.0		40.85	7.69	1.22	-293120.0	167.74	58.42	7.54	2
5832	ちゅうぎんフィナンシャルグループ	プライム（内国株式）	7050	銀行業	15	銀行	4	TOPIX Mid400	3225.0	3.16	102.0	3.16	102.0	3.16	配当あり	いいえ	14.47	0.92	5733.0	3485.0	1740.0	Financial Services			OK	通常掲載可	OK							222.85	45.77	6.83	2
5834	ＳＢＩリーシングサービス	グロース（内国株式）	7100	証券、商品先物取引業	16	金融（除く銀行）	-	-	2697.0	4.26	115.0	4.26	115.0	4.26	配当あり	いいえ	7.23	1.56	429.6	3570.0	1985.0	Industrials			OK	通常掲載可	OK	64257.0	15.14	53.3	25.61	2.52	-5.0	373.26	30.81	22.44	2
5838	楽天銀行	プライム（内国株式）	7050	銀行業	15	銀行	4	TOPIX Mid400	5395.0						配当未取得		12.9	2.53	9414.8	9317.0	4342.0	Financial Services	配当未取得	1株配当が取得できていない	除外推奨	掲載非推奨	OK_配当データ要確認	166641.0		34.88	2.24	7.63	335403.0	418.11		20.29	
5842	インテグラル	グロース（内国株式）	7100	証券、商品先物取引業	16	金融（除く銀行）	-	-	2874.0	1.29	37.0	1.29	37.0	1.29	配当あり	いいえ	16.67	1.43	978.7	4395.0	2688.0	Financial Services			OK	通常掲載可	OK	9333.0	99.14	-57.23	74.93	0.06	-1464.0	172.44	21.46	20.9	1
5843	ニッポンインシュア	スタンダード（内国株式）	7200	その他金融業	16	金融（除く銀行）	-	-	2273.0	0.97	22.0	0.97	22.0	0.97	配当あり	いいえ	9.76	2.26	65.2	3485.0	1976.0	Financial Services			OK	通常掲載可	OK	3744.7		16.13	46.74	0.2	324.0	232.98	9.44	26.36	1
5844	京都フィナンシャルグループ	プライム（内国株式）	7050	銀行業	15	銀行	4	TOPIX Mid400	4710.0	2.34	110.0	2.34	110.0	2.34	配当あり	いいえ	13.91	1.18	13315.3	4882.0	2609.0	Financial Services			OK	通常掲載可	OK	315742.0		140.86	9.61	0.39	-1103969.0	338.65	32.48	8.72	5
5845	全保連	スタンダード（内国株式）	7200	その他金融業	16	金融（除く銀行）	-	-	1020.0	4.71	48.0	4.71	48.0	4.71	配当あり	いいえ	15.5	3.3	267.5	1084.0	786.0	Industrials			OK	通常掲載可	OK	26188.0	12.12	2.07	32.5	0.1	4546.0	65.79	72.96	22.61	1
5851	リョービ	プライム（内国株式）	3500	非鉄金属	7	鉄鋼・非鉄	6	TOPIX Small 1	2569.0	4.05	104.0	4.05	104.0	4.05	配当あり	いいえ	7.42	0.45	817.2	3065.0	2151.0	Industrials			OK	通常掲載可	OK	309111.0	4.1	5.39	52.21	0.42	-6678.0	346.3	30.03	6.85	4
5852	アーレスティ	プライム（内国株式）	3500	非鉄金属	7	鉄鋼・非鉄	-	-	710.0	6.76	48.0	6.76	48.0	6.76	配当あり	いいえ	4.93	0.32	177.1	968.0	638.0	Industrials			OK	通常掲載可	OK	167092.0	2.24	2.56	41.19	0.7	683.0	144.13	33.3	6.62	1
5856	エルアイイーエイチ	スタンダード（内国株式）	6100	小売業	14	小売	-	-							配当未取得								yfinanceデータなし	yfinanceで株価・配当データが取得できなかった	除外推奨	掲載非推奨	データなし										
5857	ＡＲＥホールディングス	プライム（内国株式）	3500	非鉄金属	7	鉄鋼・非鉄	6	TOPIX Small 1	3035.0	4.45	135.0	4.45	135.0	4.45	配当あり	いいえ	10.57	1.13	2608.4	4720.0	1785.0	Industrials			OK	通常掲載可	OK	569992.0	6.18	12.6	37.46	0.79	6963.0	287.11	47.02	13.68	1
5858	ＳＴＧ	グロース（内国株式）	3500	非鉄金属	7	鉄鋼・非鉄	-	-	1300.0	3.08	40.0	3.08	40.0	3.08	配当あり	いいえ	10.46	0.77	27.6	2491.0	994.0	Industrials			OK	通常掲載可	OK	6815.9	4.95	6.07	36.89	1.35	431.9	124.28	32.19	9.37	1
5867	エスネットワークス	グロース（内国株式）	9050	サービス業	10	情報通信・サービスその他	-	-	1189.0	4.21	50.0	4.21	50.0	4.21	配当あり	いいえ	16.56	2.19	37.2	1431.0	1095.0	Industrials			OK	通常掲載可	OK	3418.7	8.96	15.86	65.21	0.23	203.3	71.82	69.62	15.0	2
5868	ロココ	スタンダード（内国株式）	9050	サービス業	10	情報通信・サービスその他	-	-	990.0	4.04	40.0	4.04	40.0	4.04	配当あり	いいえ	11.78	1.28	36.9	1223.0	840.0	Technology			OK	通常掲載可	OK	9189.7	5.71	17.77	59.23	0.26	616.5	84.05	47.59	7.72	2
5869	早稲田学習研究会	スタンダード（内国株式）	9050	サービス業	10	情報通信・サービスその他	-	-	1188.0	5.22	62.0	5.22	62.0	5.22	配当あり	いいえ	12.31	1.64	119.5	1353.0	1040.0	Consumer Defensive			OK	通常掲載可	OK	6986.7	21.37	8.1	75.31	0.0	567.5	96.47	64.27	13.56	0
5870	ナルネットコミュニケーションズ	グロース（内国株式）	9050	サービス業	10	情報通信・サービスその他	-	-	786.0	3.82	30.0	3.82	30.0	3.82	配当あり	いいえ	8.35	1.67	41.9	1205.0	660.0	Consumer Cyclical			OK	通常掲載可	OK	9925.4	8.18	16.19	38.55	0.31	755.1	94.08	31.89	20.0	0
5871	ＳＯＬＩＺＥ　Ｈｏｌｄｉｎｇｓ	スタンダード（内国株式）	9050	サービス業	10	情報通信・サービスその他	-	-	1330.0	4.14	55.0	4.14	55.0	4.14	配当あり	いいえ		0.63	71.3	1924.0	1277.0	Technology			OK	通常掲載可	OK	25779.0	0.33	13.5	72.15		-925.0	-6.78		0.86	1
5884	クラダシ	グロース（内国株式）	6100	小売業	14	小売	-	-	567.0						配当未取得		145.01	4.31	68.8	620.0	376.0	Consumer Defensive	配当未取得	1株配当が取得できていない	除外推奨	掲載非推奨	OK_配当データ要確認	2862.2	0.74	-1.65	71.74	0.13	-123.5	3.91		2.97	
5885	ジーデップ・アドバンス	スタンダード（内国株式）	6050	卸売業	13	商社・卸売	-	-	2940.0	0.99	29.0	0.99	29.0	0.99	配当あり	いいえ	25.45	4.82	160.3	3670.0	2400.0	Technology			OK	通常掲載可	OK	6630.9	12.67	49.97	61.88	0.0	471.6	115.54	25.1	21.51	1
5888	ＤＡＩＷＡ　ＣＹＣＬＥ	グロース（内国株式）	6100	小売業	14	小売	-	-	2990.0	2.44	73.0	2.44	73.0	2.44	配当あり	いいえ	8.87	1.26	82.5	4440.0	2703.0	Consumer Cyclical			OK	通常掲載可	OK	21106.9	6.71	15.03	65.85		248.3	336.97	21.66	15.66	1
5889	Ｊａｐａｎ　Ｅｙｅｗｅａｒ　Ｈｏｌｄｉｎｇｓ	プライム（内国株式）	6100	小売業	14	小売	7	TOPIX Small 2	2403.0	3.58	86.0	3.58	86.0	3.58	配当あり	いいえ	15.55	3.18	581.5	2424.0	1822.0	Healthcare			OK	通常掲載可	OK	18640.0	31.96	11.84	45.57	0.86	4642.0	154.51	55.66	23.64	1
5891	魁力屋	スタンダード（内国株式）	6100	小売業	14	小売	-	-	1555.0	1.48	23.0	1.48	23.0	1.48	配当あり	いいえ	29.94	1.8	88.0	2065.0	1261.0	Industrials			OK	通常掲載可	OK	14721.6	5.2	19.96	53.33	0.36	-171.5	51.94	44.28	5.88	2
5892	ｙｕｔｏｒｉ	グロース（内国株式）	6100	小売業	14	小売	-	-	2133.0						配当未取得		34.48	4.68	116.4	6260.0	1863.0	Consumer Cyclical	配当未取得	1株配当が取得できていない	除外推奨	掲載非推奨	OK_配当データ要確認	14234.7	7.62	71.38	24.41	1.55	-108.4	61.86		18.65	
5900	ダイケン	スタンダード（内国株式）	3550	金属製品	3	建設・資材	-	-	858.0	2.91	25.0	2.91	25.0	2.91	配当あり	いいえ	15.9	0.34	47.0	889.0	769.0	Industrials			OK	通常掲載可	OK	11567.6	2.23	4.93	80.83		-96.1	53.97	46.32	2.2	1
5901	東洋製罐グループホールディングス	プライム（内国株式）	3550	金属製品	3	建設・資材	4	TOPIX Mid400	4111.0	4.52	186.0	4.52	186.0	4.52	配当あり	いいえ	11.36	0.89	6190.6	4404.0	2860.0	Consumer Cyclical			OK	通常掲載可	OK	963213.0	5.4	4.41	56.23	0.29	32602.0	361.77	51.41	7.97	1
5902	ホッカンホールディングス	プライム（内国株式）	3550	金属製品	3	建設・資材	7	TOPIX Small 2	2374.0	5.9	140.0	5.9	140.0	5.9	配当あり	いいえ	8.91	0.48	292.3	2533.0	1936.0	Consumer Cyclical			OK	通常掲載可	OK	90557.0	4.15	-2.01	43.54	0.79	-3076.0	266.36	52.56	5.19	2
5903	シンポ	スタンダード（内国株式）	3550	金属製品	3	建設・資材	-	-	1683.0	2.5	42.0	2.5	42.0	2.5	配当あり	いいえ	20.08	1.3	92.6	1700.0	1160.0	Industrials			OK	通常掲載可	OK	7368.8	13.25	2.19	79.57	0.08	-980.1	83.81	50.11	6.99	3
5905	日本製罐	スタンダード（内国株式）	3550	金属製品	3	建設・資材	-	-	1349.0	2.97	40.0	2.97	40.0	2.97	配当あり	いいえ		0.47	18.3	1497.0	1170.0	Consumer Cyclical			OK	通常掲載可	OK	11442.2	-2.69	1.62	30.02	0.8	-203.6	-257.12		-6.22	0
5906	エムケー精工	スタンダード（内国株式）	3550	金属製品	3	建設・資材	-	-	807.0	2.23	18.0	2.23	18.0	2.23	配当あり	いいえ	4.82	0.58	112.4	1009.0	480.0	Technology			OK	通常掲載可	OK	29788.2	9.14	5.38	68.47	0.17	1342.1	167.45	10.75	13.05	1
5909	コロナ	スタンダード（内国株式）	3550	金属製品	3	建設・資材	7	TOPIX Small 2	986.0	2.84	28.0	2.84	28.0	2.84	配当あり	いいえ	29.07	0.37	288.4	1110.0	895.0	Consumer Cyclical			OK	通常掲載可	OK	85338.0	1.0	0.15	77.64		-3376.0	33.92	82.55	1.29	0
5911	横河ブリッジホールディングス	プライム（内国株式）	3550	金属製品	3	建設・資材	6	TOPIX Small 1	2843.0	4.57	130.0	4.57	130.0	4.57	配当あり	いいえ	13.02	0.83	1118.9	3265.0	2540.0	Industrials			OK	通常掲載可	OK	143877.0	9.38	-9.72	52.87	0.44	37810.0	218.34	59.54	6.5	9
5915	駒井ハルテック	スタンダード（内国株式）	3550	金属製品	3	建設・資材	-	-	2345.0	2.99	70.0	2.99	70.0	2.99	配当あり	いいえ	32.47	0.31	107.4	2894.0	1536.0	Industrials			OK	通常掲載可	OK	34414.0	1.37	-15.14	52.58	0.38	4719.0	72.23	96.91	1.0	1
5918	瀧上工業	スタンダード（内国株式）	3550	金属製品	3	建設・資材	-	-	7100.0	1.41	100.0	1.41	100.0	1.41	配当あり	いいえ	15.36	0.29	146.5	7940.0	6350.0	Industrials			OK	通常掲載可	OK	23434.0	2.06	-1.7	68.92	0.08	111.0	462.21	21.64	2.04	0
5921	川岸工業	スタンダード（内国株式）	3550	金属製品	3	建設・資材	-	-	3925.0	2.29	90.0	2.29	90.0	2.29	配当あり	いいえ	9.51	0.37	108.0	4630.0	3730.0	Basic Materials			OK	通常掲載可	OK	24219.6	7.73	-12.14	82.75	0.0	2770.1	412.52	21.82	3.93	3
5922	那須電機鉄工	スタンダード（内国株式）	3550	金属製品	3	建設・資材	-	-	17790.0	2.53	450.0	2.53	450.0	2.53	配当あり	いいえ	8.35	0.63	207.5	20780.0	12980.0	Industrials			OK	通常掲載可	OK	23747.3	13.25	3.52	69.75	0.12	2298.7	2129.46	21.13	8.07	2
5923	高田機工	スタンダード（内国株式）	3550	金属製品	3	建設・資材	-	-	1130.0	4.42	50.0	4.42	50.0	4.42	配当あり	いいえ		0.45	65.9	1364.0	1008.0	Industrials			OK	通常掲載可	OK	14306.8	-3.11	-22.48	72.5	0.19	2880.5	-92.43		7.96	0
5928	アルメタックス	スタンダード（内国株式）	3550	金属製品	3	建設・資材	-	-	279.0	2.87	8.0	2.87	8.0	2.87	配当あり	いいえ	18.12	0.42	29.2	329.0	250.0	Industrials			OK	通常掲載可	OK	7886.5	0.12	-4.94	82.38	0.0	-163.5	15.4	51.95	4.77	0
5929	三和ホールディングス	プライム（内国株式）	3550	金属製品	3	建設・資材	4	TOPIX Mid400	3808.0	3.47	132.0	3.47	132.0	3.47	配当あり	いいえ	13.53	2.29	7983.3	4931.0	3258.0	Industrials			OK	通常掲載可	OK	660712.0	11.97	-0.25	63.63	0.16	61396.0	281.41	46.91	17.82	4
5930	文化シヤッター	プライム（内国株式）	3550	金属製品	3	建設・資材	6	TOPIX Small 1	1914.0	3.87	74.0	3.87	74.0	3.87	配当あり	いいえ	10.68	1.12	1346.3	2772.0	1769.0	Industrials			OK	通常掲載可	OK	236282.0	6.59	3.44	58.28	0.18	6550.0	179.15	41.31	10.83	3
5932	三協立山	プライム（内国株式）	3550	金属製品	3	建設・資材	7	TOPIX Small 2							配当未取得								yfinanceデータなし	yfinanceで株価・配当データが取得できなかった	除外推奨	掲載非推奨	データなし										
5933	アルインコ	プライム（内国株式）	3550	金属製品	3	建設・資材	7	TOPIX Small 2	1078.0	4.27	46.0	4.27	46.0	4.27	配当あり	いいえ	12.27	0.64	213.9	1204.0	1000.0	Technology			OK	通常掲載可	OK	62632.1	3.53	1.67	45.79	0.81	-549.9	87.86	52.36	5.35	2
5936	東洋シヤッター	スタンダード（内国株式）	3550	金属製品	3	建設・資材	-	-	925.0	4.65	43.0	4.65	43.0	4.65	配当あり	いいえ	7.06	0.56	58.6	1000.0	805.0	Industrials			OK	通常掲載可	OK	21455.2	5.83	2.8	57.76	0.39	197.2	131.07	32.81	8.31	3
5938	ＬＩＸＩＬ	プライム（内国株式）	3550	金属製品	3	建設・資材	4	TOPIX Mid400	1865.5	4.82	90.0	4.82	90.0	4.82	配当あり	いいえ	65.78	0.81	5364.6	1990.0	1571.5	Industrials			OK	通常掲載可	OK	1510704.0	1.88	0.4	35.29	0.97	39865.0	28.36	317.35	1.36	0
5939	大谷工業	スタンダード（内国株式）	3550	金属製品	3	建設・資材	-	-	4975.0	0.6	30.0	0.6	30.0	0.6	配当あり	いいえ	13.05	0.88	38.8	10630.0	4845.0	Industrials			OK	通常掲載可	OK	7525.8	5.39	-4.73	57.78	0.17	-719.9	381.09	7.87	7.0	0
5940	不二サッシ	スタンダード（内国株式）	3550	金属製品	3	建設・資材	-	-	715.0	4.2	30.0	4.2	30.0	4.2	配当あり	いいえ	4.42	0.35	89.7	1082.0	662.0	Industrials			OK	通常掲載可	OK	101470.0	2.74	-3.13	29.6	1.14	-3397.0	161.66	18.56	8.27	2
5941	中西製作所	スタンダード（内国株式）	3550	金属製品	3	建設・資材	-	-	2504.0	3.99	100.0	3.99	100.0	3.99	配当あり	いいえ	7.02	2.23	155.6	2778.0	2313.0	Consumer Cyclical			OK	通常掲載可	OK	41008.8	7.44	2.7	66.3	0.18	-589.3	356.82	28.03	5.79	2
5942	日本フイルコン	スタンダード（内国株式）	3550	金属製品	3	建設・資材	-	-	658.0	4.26	28.0	4.26	28.0	4.26	配当あり	いいえ		0.55	126.8	715.0	493.0	Industrials			OK	通常掲載可	OK	27842.1	2.4	-2.78	51.64	0.52	-17.1	-37.44		-1.79	0
5943	ノーリツ	プライム（内国株式）	3550	金属製品	3	建設・資材	6	TOPIX Small 1	2310.0	4.07	94.0	4.07	94.0	4.07	配当あり	いいえ	31.45	0.74	1055.4	2600.0	1821.0	Industrials			OK	通常掲載可	OK	202049.0	2.13	-0.08	59.0	0.04	3754.0	73.46	127.96	4.66	2
5945	天龍製鋸	スタンダード（内国株式）	3550	金属製品	3	建設・資材	-	-	2464.0	3.37	83.0	3.37	83.0	3.37	配当あり	いいえ	14.58	0.56	220.1	2700.0	1905.0	Industrials			OK	通常掲載可	OK	13475.2	12.88	2.62	91.14		1641.7	169.03	49.1	4.0	1
5946	長府製作所	プライム（内国株式）	3550	金属製品	3	建設・資材	7	TOPIX Small 2	1990.0	2.31	46.0	2.31	46.0	2.31	配当あり	いいえ	31.15	0.49	676.6	2222.0	1844.0	Consumer Cyclical			OK	通常掲載可	OK	46501.0	3.68	0.82	93.01	0.0	3425.0	63.88	72.01	1.77	0
5947	リンナイ	プライム（内国株式）	3550	金属製品	3	建設・資材	4	TOPIX Mid400	3598.0	2.95	106.0	2.95	106.0	2.95	配当あり	いいえ	13.83	1.14	4967.8	4456.0	3211.0	Consumer Cyclical			OK	通常掲載可	OK	470392.0	10.74	2.19	67.31	0.03	34007.0	260.14	40.75	9.06	23
5949	ユニプレス	プライム（内国株式）	3700	輸送用機器	6	自動車・輸送機	6	TOPIX Small 1	1252.0	5.59	70.0	5.59	70.0	5.59	配当あり	いいえ		0.42	558.2	1505.0	979.0	Consumer Cyclical			OK	通常掲載可	OK	321943.0	4.23	-2.45	45.37	0.39	13639.0	-187.55		-5.69	4
5950	日本パワーファスニング	スタンダード（内国株式）	3550	金属製品	3	建設・資材	-	-	146.0	1.71	2.5	1.71	2.5	1.71	配当あり	いいえ		0.93	20.8	238.0	136.0	Industrials			OK	通常掲載可	OK	5064.5	0.21	0.47	40.94	0.86	-78.8	-2.12		0.23	0
5951	ダイニチ工業	スタンダード（内国株式）	3550	金属製品	3	建設・資材	-	-	1242.0	2.25	28.0	2.25	28.0	2.25	配当あり	いいえ	13.35	0.68	201.0	1248.0	691.0	Consumer Cyclical			OK	通常掲載可	OK	20084.6	9.03	0.91	86.6	0.0	1225.1	93.03	30.1	5.23	0
5952	アマテイ	スタンダード（内国株式）	3550	金属製品	3	建設・資材	-	-	182.0	2.75	5.0	2.75	5.0	2.75	配当あり	いいえ	14.64	1.37	21.6	285.0	162.0	Industrials			OK	通常掲載可	OK	5374.4	4.39	-3.74	31.63	1.19	252.7	12.43	40.23	9.62	3
5955	ワイズホールディングス	スタンダード（内国株式）	3550	金属製品	3	建設・資材	-	-	80.0	1.25	1.0	1.25	1.0	1.25	配当あり	いいえ	28.88	0.89	106.7	155.0	75.0	Industrials			OK	通常掲載可	OK	12725.5	4.57	7.82	65.53	0.16	951.6	2.77	36.1	3.19	0
5956	トーソー	スタンダード（内国株式）	3550	金属製品	3	建設・資材	-	-	606.0	2.15	13.0	2.15	13.0	2.15	配当あり	いいえ	8.0	0.34	53.6	842.0	527.0	Consumer Cyclical			OK	通常掲載可	OK	23253.6	4.11	2.04	68.34	0.18	-229.1	75.75	17.16	4.42	1
5957	日東精工	プライム（内国株式）	3550	金属製品	3	建設・資材	7	TOPIX Small 2	775.0	3.1	24.0	3.1	24.0	3.1	配当あり	いいえ	13.05	0.77	281.3	816.0	569.0	Industrials			OK	通常掲載可	OK	50238.2	6.83	6.73	62.96	0.07	1153.4	59.37	40.42	7.04	3
5958	三洋工業	スタンダード（内国株式）	3550	金属製品	3	建設・資材	-	-	4430.0	4.97	220.0	4.97	220.0	4.97	配当あり	いいえ	9.23	0.59	124.2	5400.0	3765.0	Industrials			OK	通常掲載可	OK	28956.0	6.32	-1.9	72.96	0.03	-414.0	479.77	45.86	6.68	4
5959	岡部	プライム（内国株式）	3550	金属製品	3	建設・資材	7	TOPIX Small 2	898.0	3.56	32.0	3.56	32.0	3.56	配当あり	いいえ	12.52	0.65	397.9	1068.0	838.0	Industrials			OK	通常掲載可	OK	69758.0	6.83	2.88	72.78	0.1	-434.0	71.75	44.6	5.02	5
5962	浅香工業	スタンダード（内国株式）	3800	その他製品	10	情報通信・サービスその他	-	-	2050.0	2.44	50.0	2.44	50.0	2.44	配当あり	いいえ	4.8	0.43	19.7	2120.0	1570.0	Industrials			OK	通常掲載可	OK	8358.0	3.72	-1.07	65.59	0.21	8.4	427.02	11.71	9.3	0
5965	フジマック	スタンダード（内国株式）	3550	金属製品	3	建設・資材	-	-	1132.0	3.53	40.0	3.53	40.0	3.53	配当あり	いいえ	6.33	0.8	148.4	1325.0	959.0	Consumer Cyclical			OK	通常掲載可	OK	47436.9	6.41	3.94	57.37	0.18	-856.2	178.86	22.36	1.84	0
5966	京都機械工具	スタンダード（内国株式）	3550	金属製品	3	建設・資材	-	-	2482.0	3.22	80.0	3.22	80.0	3.22	配当あり	いいえ	11.95	0.48	60.0	2650.0	2375.0	Industrials			OK	通常掲載可	OK	9046.2	9.37	7.33	75.23	0.07	1073.7	207.74	38.51	4.03	0
5967	ＴＯＮＥ	スタンダード（内国株式）	3550	金属製品	3	建設・資材	-	-	463.0	2.81	13.0	2.81	13.0	2.81	配当あり	いいえ	14.33	0.82	100.3	655.0	404.0	Industrials			OK	通常掲載可	OK	7591.6	13.2	0.17	77.75	0.16	239.6	32.32	40.22	7.79	0
5969	ロブテックス	スタンダード（内国株式）	3550	金属製品	3	建設・資材	-	-	1188.0	2.53	30.0	2.53	30.0	2.53	配当あり	いいえ	18.05	0.45	22.2	1600.0	1153.0	Industrials			OK	通常掲載可	OK	5711.8	3.19	0.06	58.94	0.53	150.1	65.82	45.58	2.49	0
5970	ジーテクト	プライム（内国株式）	3550	金属製品	3	建設・資材	6	TOPIX Small 1	2084.0	4.7	98.0	4.7	98.0	4.7	配当あり	いいえ	6.63	0.4	892.2	2233.0	1725.0	Consumer Cyclical			OK	通常掲載可	OK	333413.0	4.69	-1.72	59.93	0.28	-5938.0	314.27	31.18	6.26	15
5971	共和工業所	スタンダード（内国株式）	3550	金属製品	3	建設・資材	-	-	8190.0	0.98	80.0	0.98	80.0	0.98	配当あり	いいえ	12.35	0.62	106.6	8200.0	5400.0	Industrials			OK	通常掲載可	OK	10457.8	7.83	-4.69	86.25	0.0	1284.4	663.39	12.06	5.25	0
5973	トーアミ	スタンダード（内国株式）	3550	金属製品	3	建設・資材	-	-	607.0	2.97	18.0	2.97	18.0	2.97	配当あり	いいえ	19.8	0.31	34.4	689.0	505.0	Basic Materials			OK	通常掲載可	OK	18391.8	1.18	1.59	58.72	0.38	1092.1	30.65	58.73	1.69	0
5974	中国工業	スタンダード（内国株式）	3550	金属製品	3	建設・資材	-	-	838.0	2.74	23.0	2.74	23.0	2.74	配当あり	いいえ	8.73	0.46	27.4	968.0	535.0	Utilities			OK	通常掲載可	OK	13752.0	2.4	-0.66	45.88	0.24	442.0	95.95	23.97	5.34	2
5975	東プレ	プライム（内国株式）	3550	金属製品	3	建設・資材	6	TOPIX Small 1	2635.0	3.8	100.0	3.8	100.0	3.8	配当あり	いいえ	7.04	0.53	1274.4	3015.0	1897.0	Consumer Cyclical			OK	通常掲載可	OK	378815.0	7.4	1.4	62.52	0.19	5187.0	374.43	26.71	7.99	3
5976	高周波熱錬	プライム（内国株式）	3550	金属製品	3	建設・資材	7	TOPIX Small 2	1308.0	5.5	72.0	5.5	72.0	5.5	配当あり	いいえ	32.9	0.73	424.4	1512.0	1097.0	Basic Materials			OK	通常掲載可	OK	58277.0	3.25	1.24	66.05	0.21	-2258.0	39.76	181.09	2.69	5
5981	東京製綱	プライム（内国株式）	3550	金属製品	3	建設・資材	7	TOPIX Small 2	1953.0	3.58	70.0	3.58	70.0	3.58	配当あり	いいえ	8.73	0.73	301.2	2162.0	1253.0	Industrials			OK	通常掲載可	OK	64094.0	7.57	1.95	46.25	0.57	3098.0	223.81	31.28	8.94	3
5982	マルゼン	スタンダード（内国株式）	3550	金属製品	3	建設・資材	-	-	3925.0	3.18	125.0	3.18	125.0	3.18	配当あり	いいえ	11.92	1.19	624.2	4255.0	3380.0	Industrials			OK	通常掲載可	OK	66782.4	9.94	3.94	70.15	0.0	3774.8	329.31	37.96	10.35	4
5983	イワブチ	スタンダード（内国株式）	3550	金属製品	3	建設・資材	-	-	13510.0	2.44	330.0	2.44	330.0	2.44	配当あり	いいえ	15.2	0.69	140.7	16160.0	6300.0	Industrials			OK	通常掲載可	OK	13528.5	10.77	7.01	74.95	0.04	1236.9	888.96	37.12	5.05	2
5984	兼房	スタンダード（内国株式）	3550	金属製品	3	建設・資材	-	-	726.0	3.17	23.0	3.17	23.0	3.17	配当あり	いいえ	9.78	0.32	100.9	940.0	651.0	Industrials			OK	通常掲載可	OK	20947.6	5.21	3.54	81.61	0.1	19.6	74.27	30.97	3.33	1
5985	サンコール	スタンダード（内国株式）	3550	金属製品	3	建設・資材	7	TOPIX Small 2	1655.0	1.81	30.0	1.81	30.0	1.81	配当あり	いいえ	8.07	1.47	501.3	2415.0	291.0	Consumer Cyclical			OK	通常掲載可	OK	52223.0	13.65	-18.32	59.61	0.3	10026.0	205.05	14.63	20.42	0
5986	モリテック　スチール	スタンダード（内国株式）	3550	金属製品	3	建設・資材	-	-	234.0	2.56	6.0	2.56	6.0	2.56	配当あり	いいえ	5.03	0.32	52.4	279.0	187.0	Basic Materials			OK	通常掲載可	OK	48192.8	0.92	-4.57	45.91	0.33	937.9	46.52	12.9	6.77	0
5987	オーネックス	スタンダード（内国株式）	3550	金属製品	3	建設・資材	-	-	1783.0	1.12	20.0	1.12	20.0	1.12	配当あり	いいえ	12.64	0.53	29.5	2866.0	1563.0	Industrials			OK	通常掲載可	OK	4967.5	1.13	-7.41	59.37	0.45	536.6	141.04	14.18	5.54	0
5988	パイオラックス	プライム（内国株式）	3550	金属製品	3	建設・資材	6	TOPIX Small 1	1612.0	5.71	92.0	5.71	92.0	5.71	配当あり	いいえ		0.6	388.7	1885.0	1505.0	Consumer Cyclical			OK	通常掲載可	OK	62045.0	2.37	-2.06	63.95	0.38	-6934.0	-0.81		-0.01	0
5989	エイチワン	プライム（内国株式）	3550	金属製品	3	建設・資材	7	TOPIX Small 2	1534.0	4.56	70.0	4.56	70.0	4.56	配当あり	いいえ	3.93	0.54	431.8	1825.0	1144.0	Consumer Cyclical			OK	通常掲載可	OK	209659.0	6.99	-8.1	38.65	0.85	2642.0	389.94	17.95	16.73	2
5990	スーパーツール	スタンダード（内国株式）	3550	金属製品	3	建設・資材	-	-	1977.0	3.03	60.0	3.03	60.0	3.03	配当あり	いいえ	23.53	0.45	46.7	2100.0	1898.0	Industrials			OK	通常掲載可	OK	5437.3	5.29	3.74	77.35	0.09	438.1	84.02	71.41	1.92	0
5991	日本発條	プライム（内国株式）	3550	金属製品	3	建設・資材	4	TOPIX Mid400	4095.0	1.68	69.0	1.68	69.0	1.68	配当あり	いいえ	29.76	1.9	8296.0	4340.0	1582.5	Consumer Cyclical			OK	通常掲載可	OK	816879.0	5.6	1.89	59.26	0.15	35528.0	137.59	50.15	6.53	5
5992	中央発條	スタンダード（内国株式）	3550	金属製品	3	建設・資材	7	TOPIX Small 2	3860.0	2.33	90.0	2.33	90.0	2.33	配当あり	いいえ	7.84	1.11	973.6	4200.0	1658.0	Consumer Cyclical			OK	通常掲載可	OK	110868.6	2.57	0.65	56.64	0.27	-1268.0	492.15	18.29	14.48	2
5994	ファインシンター	スタンダード（内国株式）	3550	金属製品	3	建設・資材	-	-	1005.0	2.99	30.0	2.99	30.0	2.99	配当あり	いいえ		0.3	43.0	2170.0	810.0	Industrials			OK	通常掲載可	OK	46206.8	2.59	8.16	30.94	1.25	2122.3	-564.31		-14.47	0
5997	協立エアテック	スタンダード（内国株式）	3550	金属製品	3	建設・資材	-	-	930.0	2.15	20.0	2.15	20.0	2.15	配当あり	いいえ	9.73	0.45	44.9	935.0	592.0	Industrials			OK	通常掲載可	OK	11923.3	5.01	1.63	62.64	0.2	-107.2	95.6	20.92	4.92	0
5998	アドバネクス	スタンダード（内国株式）	3550	金属製品	3	建設・資材	-	-	2776.0	1.8	50.0	1.8	50.0	1.8	配当あり	いいえ	11.1	1.12	114.0	3535.0	780.0	Industrials			OK	通常掲載可	OK	29680.0	4.46	4.02	31.09	1.55	-922.6	250.12	19.99	11.25	0
6005	三浦工業	プライム（内国株式）	3600	機械	8	機械	4	TOPIX Mid400	3167.0	1.36	43.0	1.36	43.0	1.36	配当あり	いいえ	13.28	1.51	3664.6	3573.0	2737.5	Industrials			OK	通常掲載可	OK	268701.0	11.51	6.91	51.04	0.09	37184.0	238.48	18.03	12.25	5
6013	タクマ	プライム（内国株式）	3600	機械	8	機械	6	TOPIX Small 1	3665.0	2.95	108.0	2.95	108.0	2.95	配当あり	いいえ	19.8	2.37	2669.5	3760.0	2025.0	Industrials			OK	通常掲載可	OK	165620.0	9.31	9.57	59.09	0.01	23335.0	185.08	58.35	12.42	4
6016	ジャパンエンジンコーポレーション	スタンダード（内国株式）	3700	輸送用機器	6	自動車・輸送機	-	-	8290.0	1.21	100.0	1.21	100.0	1.21	配当あり	いいえ	14.6	10.43	695.0	17090.0	6150.0	Industrials			OK	通常掲載可	OK	29707.1	18.37	2.93	57.54	0.22	-297.3	567.87	17.61	7.61	4
6018	阪神内燃機工業	スタンダード（内国株式）	3700	輸送用機器	6	自動車・輸送機	-	-	5970.0	1.52	91.0	1.52	91.0	1.52	配当あり	いいえ	26.45	1.24	193.5	6700.0	2890.0	Industrials			OK	通常掲載可	OK	14028.5	5.87	5.18	60.6		-190.2	225.67	40.32	4.84	4
6022	赤阪鐵工所	スタンダード（内国株式）	3600	機械	8	機械	-	-	2509.0	1.2	30.0	1.2	30.0	1.2	配当あり	いいえ	18.05	0.48	33.6	6130.0	2250.0	Industrials			OK	通常掲載可	OK	8333.7	-2.26	6.22	60.17	0.18	311.5	139.0	21.58	4.12	0
6023	ダイハツインフィニアース	スタンダード（内国株式）	3700	輸送用機器	6	自動車・輸送機	-	-	2747.0	2.51	69.0	2.51	69.0	2.51	配当あり	いいえ	11.79	1.41	698.6	3525.0	1974.0	Industrials			OK	通常掲載可	OK	88066.0	8.66	-0.81	44.69	0.39	-2475.0	232.95	29.62	12.64	3
6027	弁護士ドットコム	プライム（内国株式）	9050	サービス業	10	情報通信・サービスその他	7	TOPIX Small 2	2390.0						配当未取得		36.1	7.58	546.5	3895.0	1998.0	Industrials	配当未取得	1株配当が取得できていない	除外推奨	掲載非推奨	OK_配当データ要確認	16288.4	13.54	15.75	53.88	0.53	724.9	66.2		23.88	
6029	アトラグループ	スタンダード（内国株式）	9050	サービス業	10	情報通信・サービスその他	-	-	182.0						配当未取得		7.24	1.18	18.7	352.0	134.0	Healthcare	配当未取得	1株配当が取得できていない	除外推奨	掲載非推奨	OK_配当データ要確認	3927.2	3.59	-7.26	41.09	0.62	197.0	25.15		21.02	0
6030	アドベンチャー	グロース（内国株式）	9050	サービス業	10	情報通信・サービスその他	-	-	1406.0						配当未取得			1.12	100.9	3460.0	1140.0	Consumer Cyclical	配当未取得	1株配当が取得できていない	除外推奨	掲載非推奨	OK_配当データ要確認	22391.7	6.65	11.8	37.07	0.76	769.3	-289.21		-21.87	0
6031	ＺＥＴＡ	グロース（内国株式）	9050	サービス業	10	情報通信・サービスその他	-	-	264.0	1.7	4.5	1.7	4.5	1.7	配当あり	いいえ	23.59	6.79	53.9	456.0	225.0	Technology			OK	通常掲載可	OK	1858.7	21.31	-21.18	30.84	1.9	257.9	11.19	40.21	-12.68	0
6033	エクストリーム	グロース（内国株式）	9050	サービス業	10	情報通信・サービスその他	-	-	1402.0	4.85	68.0	4.85	68.0	4.85	配当あり	いいえ	6.38	1.09	75.1	1605.0	1220.0	Communication Services			OK	通常掲載可	OK	11796.1	12.21	4.06	73.07	0.09	746.6	219.83	30.93	18.01	3
6034	ＭＲＴ	グロース（内国株式）	9050	サービス業	10	情報通信・サービスその他	-	-	625.0						配当未取得		62.88	2.41	34.2	756.0	609.0	Healthcare	配当未取得	1株配当が取得できていない	除外推奨	掲載非推奨	OK_配当データ要確認	4191.5	2.29	0.62	71.71	0.12	340.5	9.94		1.93	
6035	アイ・アールジャパンホールディングス	スタンダード（内国株式）	9050	サービス業	10	情報通信・サービスその他	7	TOPIX Small 2	713.0	4.21	30.0	4.21	30.0	4.21	配当あり	いいえ	14.09	2.07	126.7	900.0	612.0	Industrials			OK	通常掲載可	OK	6141.9	20.91	6.19	81.59	0.03	1228.0	50.62	59.27	15.3	0
6036	ＫｅｅＰｅｒ技研	プライム（内国株式）	9050	サービス業	10	情報通信・サービスその他	6	TOPIX Small 1	2796.0	2.15	60.0	2.15	60.0	2.15	配当あり	いいえ	8.14	3.18	763.1	3940.0	2478.0	Basic Materials			OK	通常掲載可	OK	23093.3	30.74	12.24	72.67	0.1	3825.6	343.63	17.46	43.34	7
6037	楽待	スタンダード（内国株式）	9050	サービス業	10	情報通信・サービスその他	-	-	1188.0	1.09	13.0	1.09	13.0	1.09	配当あり	いいえ	17.51	4.42	229.3	1493.0	881.0	Communication Services			OK	通常掲載可	OK	2364.3	44.87	12.96	91.79		649.9	67.83	19.17	25.43	4
6038	イード	グロース（内国株式）	9050	サービス業	10	情報通信・サービスその他	-	-	797.0	5.77	46.0	5.77	46.0	5.77	配当あり	いいえ	8.76	0.77	39.1	1035.0	790.0	Communication Services			OK	通常掲載可	OK	6084.7	7.56	-0.66	72.94	0.11	453.8	91.02	50.54	7.01	2
6039	日本動物高度医療センター	グロース（内国株式）	9050	サービス業	10	情報通信・サービスその他	-	-	1085.0	2.3	25.0	2.3	25.0	2.3	配当あり	いいえ	16.83	2.87	140.2	1605.0	496.2	Consumer Cyclical			OK	通常掲載可	OK	6192.5	18.57	17.33	43.14	1.06	-1060.9	64.45	38.79	18.45	1
6040	日本スキー場開発	グロース（内国株式）	9050	サービス業	10	情報通信・サービスその他	-	-	507.0	0.99	5.0	0.99	5.0	0.99	配当あり	いいえ	17.3	2.27	233.4	637.0	428.0	Consumer Cyclical			OK	通常掲載可	OK	8245.3	18.83	19.52	61.18	0.43	-774.4	29.3	17.06	20.67	2
6042	ニッキ	スタンダード（内国株式）	3700	輸送用機器	6	自動車・輸送機	-	-	4000.0	3.0	120.0	3.0	120.0	3.0	配当あり	いいえ	7.82	0.54	74.7	5340.0	2592.0	Consumer Cyclical			OK	通常掲載可	OK	9269.1	11.93	10.87	57.31	0.58	-2678.9	511.2	23.47	7.07	0
6044	三機サービス	スタンダード（内国株式）	9050	サービス業	10	情報通信・サービスその他	-	-	1630.0	1.84	30.0	1.84	30.0	1.84	配当あり	いいえ	12.74	2.01	105.2	2449.0	1114.0	Industrials			OK	通常掲載可	OK	20636.1	4.95	6.2	48.38	0.1	814.1	127.96	23.44	19.32	1
6045	レントラックス	グロース（内国株式）	9050	サービス業	10	情報通信・サービスその他	-	-	1511.0	1.72	26.0	1.72	26.0	1.72	配当あり	いいえ	4.62	2.01	118.7	1947.0	1058.0	Communication Services			OK	通常掲載可	OK	4440.1	23.68	14.95	36.06	0.9	-446.9	327.13	7.95	54.19	4
6046	リンクバル	スタンダード（内国株式）	9050	サービス業	10	情報通信・サービスその他	-	-	122.0						配当未取得			2.81	22.9	225.0	108.0	Communication Services	配当未取得	1株配当が取得できていない	除外推奨	掲載非推奨	OK_配当データ要確認	906.3	-9.82	-6.39	72.29	0.13	-150.0	-7.02		-15.01	
6047	Ｇｕｎｏｓｙ	スタンダード（内国株式）	9050	サービス業	10	情報通信・サービスその他	7	TOPIX Small 2	454.0	4.03	18.3	4.03	18.3	4.03	配当あり	いいえ	46.95	0.99	108.7	816.0	432.0	Technology			OK	通常掲載可	OK	6098.0	9.45	-16.97	84.92	0.02	-26.0	9.67	189.25	0.56	
6049	イトクロ	グロース（内国株式）	9050	サービス業	10	情報通信・サービスその他	-	-	248.0						配当未取得		21.27	0.63	50.3	309.0	241.0	Communication Services	配当未取得	1株配当が取得できていない	除外推奨	掲載非推奨	OK_配当データ要確認	3669.6	7.1	-7.1	93.31	0.0	795.0	11.66		84.43	
6050	イー・ガーディアン	プライム（内国株式）	9050	サービス業	10	情報通信・サービスその他	7	TOPIX Small 2	1702.0	2.23	38.0	2.23	38.0	2.23	配当あり	いいえ	27.86	1.64	197.4	2268.0	1594.0	Technology			OK	通常掲載可	OK	11321.4	13.29	-0.62	87.8		964.2	61.1	62.19	5.97	12
6054	リブセンス	スタンダード（内国株式）	9050	サービス業	10	情報通信・サービスその他	-	-	112.0						配当未取得			0.75	30.9	174.0	103.0	Communication Services	配当未取得	1株配当が取得できていない	除外推奨	掲載非推奨	OK_配当データ要確認	5639.9	-6.54	-10.77	88.15	0.0	-654.4	-0.81		0.63	
6055	ジャパンマテリアル	プライム（内国株式）	9050	サービス業	10	情報通信・サービスその他	6	TOPIX Small 1	2500.0	2.8	70.0	2.8	70.0	2.8	配当あり	いいえ	24.27	4.1	2569.4	2770.0	1327.0	Industrials			OK	通常掲載可	OK	57976.0	25.25	10.06	83.11	0.0	8877.0	103.0	67.96	18.19	1
6058	ベクトル	プライム（内国株式）	9050	サービス業	10	情報通信・サービスその他	7	TOPIX Small 2	1893.0	1.9	36.0	1.9	36.0	1.9	配当あり	いいえ	17.39	4.13	887.9	1909.0	1052.0	Communication Services			OK	通常掲載可	OK	63794.0	14.29	7.66	45.42	0.38	9262.0	108.85	33.07	26.14	4
6059	ウチヤマホールディングス	スタンダード（内国株式）	9050	サービス業	10	情報通信・サービスその他	-	-	339.0	2.95	10.0	2.95	10.0	2.95	配当あり	いいえ	22.23	0.46	65.8	419.0	305.0	Healthcare			OK	通常掲載可	OK	29577.8	1.87	1.62	46.85	0.87	-343.9	15.25	65.57	2.07	0
6061	ユニバーサル園芸社	スタンダード（内国株式）	9050	サービス業	10	情報通信・サービスその他	-	-	2670.0	0.49	13.0	0.49	13.0	0.49	配当あり	いいえ	11.96	1.62	245.9	3490.0	2511.0	Consumer Cyclical			OK	通常掲載可	OK	16859.1	14.08	22.02	78.55	0.04	1866.6	223.21	5.82	15.61	4
6062	チャーム・ケア・コーポレーション	プライム（内国株式）	9050	サービス業	10	情報通信・サービスその他	7	TOPIX Small 2	1333.0	3.0	40.0	3.0	40.0	3.0	配当あり	いいえ	13.18	2.02	435.6	1457.0	1029.0	Healthcare			OK	通常掲載可	OK	46673.0	8.24	-2.42	39.45	0.65	-1110.0	101.17	39.54	14.61	9
6063	日本エマージェンシーアシスタンス	スタンダード（内国株式）	9050	サービス業	10	情報通信・サービスその他	-	-	989.0	0.91	9.0	0.91	9.0	0.91	配当あり	いいえ	24.45	1.32	24.9	1329.0	835.0	Healthcare			OK	通常掲載可	OK	3714.7	2.59	27.71	49.48	0.57	258.5	40.45	22.25	5.55	1
6069	トレンダーズ	グロース（内国株式）	9050	サービス業	10	情報通信・サービスその他	-	-	659.0	5.46	36.0	5.46	36.0	5.46	配当あり	いいえ	23.76	1.19	51.1	1088.0	578.0	Communication Services			OK	通常掲載可	OK	6191.6	15.97	9.13	51.28	0.51	-211.0	27.74	129.78	5.0	9
6070	キャリアリンク	プライム（内国株式）	9050	サービス業	10	情報通信・サービスその他	7	TOPIX Small 2	2249.0	5.34	120.0	5.34	120.0	5.34	配当あり	いいえ	10.32	1.67	267.1	2815.0	2086.0	Industrials			OK	通常掲載可	OK	44642.5	8.73	10.51	71.17	0.03	2353.9	217.93	55.06	16.87	0
6071	ＩＢＪ	プライム（内国株式）	9050	サービス業	10	情報通信・サービスその他	7	TOPIX Small 2	814.0	1.6	13.0	1.6	13.0	1.6	配当あり	いいえ	14.84	2.83	308.2	918.0	659.0	Consumer Cyclical			OK	通常掲載可	OK	20172.9	17.89	13.72	31.46	1.24	2086.8	54.86	23.7	24.7	2
6072	地盤ネットホールディングス	スタンダード（内国株式）	9050	サービス業	10	情報通信・サービスその他	-	-	1046.0						配当未取得		119.0	16.36	234.6	1958.0	149.0	Industrials	配当未取得	1株配当が取得できていない	除外推奨	掲載非推奨	OK_配当データ要確認	1878.0	5.83	0.03	80.37	0.04	38.8	8.79		15.0	0
6073	アサンテ	プライム（内国株式）	9050	サービス業	10	情報通信・サービスその他	7	TOPIX Small 2	1452.0	4.27	62.0	4.27	62.0	4.27	配当あり	いいえ	58.15	1.48	141.9	1728.0	1306.0	Consumer Cyclical			OK	通常掲載可	OK	14355.8	5.82	2.36	68.74	0.25	376.7	24.97	248.3	9.53	0
6074	ジェイエスエス	スタンダード（内国株式）	9050	サービス業	10	情報通信・サービスその他	-	-	497.0	4.23	21.0	4.23	21.0	4.23	配当あり	いいえ	8.25	0.63	20.0	597.0	468.0	Consumer Cyclical			OK	通常掲載可	OK	8541.3	5.08	1.9	43.36	0.65	583.5	60.24	34.86	7.82	3
6078	バリューＨＲ	プライム（内国株式）	9050	サービス業	10	情報通信・サービスその他	7	TOPIX Small 2	1466.0	1.84	27.0	1.84	27.0	1.84	配当あり	いいえ	62.49	5.91	391.7	1899.0	1321.0	Healthcare			OK	通常掲載可	OK	10068.3	8.77	20.2	37.86	0.74	762.3	23.46	115.09	9.07	7
6080	Ｍ＆Ａキャピタルパートナーズ	プライム（内国株式）	9050	サービス業	10	情報通信・サービスその他	6	TOPIX Small 1	3575.0	1.91	68.34	1.91	68.34	1.91	配当あり	いいえ	19.53	2.47	1136.1	3780.0	2807.0	Financial Services			OK	通常掲載可	OK	22448.7	31.75	17.12	77.61	0.07	9447.9	183.04	37.34	14.28	1
6081	アライドアーキテクツ	グロース（内国株式）	9050	サービス業	10	情報通信・サービスその他	-	-	164.0						配当未取得			1.5	26.0	466.0	150.0	Communication Services	配当未取得	1株配当が取得できていない	除外推奨	掲載非推奨	OK_配当データ要確認	2991.0	-6.3	-13.65	54.89	0.25	-937.5	-51.81		-15.48	
6082	ライドオンエクスプレスホールディングス	スタンダード（内国株式）	9050	サービス業	10	情報通信・サービスその他	7	TOPIX Small 2	983.0	1.53	15.0	1.53	15.0	1.53	配当あり	いいえ	13.76	1.09	96.3	1050.0	962.0	Consumer Cyclical			OK	通常掲載可	OK	23833.5	3.69	1.88	58.11	0.32	333.3	71.46	20.99	8.28	0
6083	ＥＲＩホールディングス	スタンダード（内国株式）	9050	サービス業	10	情報通信・サービスその他	-	-	1466.0	2.5	36.67	2.5	36.67	2.5	配当あり	いいえ	15.01	4.4	329.1	1686.67	740.33	Industrials			OK	通常掲載可	OK	19765.5	10.35	9.67	47.21	0.4	784.6	97.64	37.56	44.1	1
6085	アーキテクツ・スタジオ・ジャパン	グロース（内国株式）	9050	サービス業	10	情報通信・サービスその他	-	-	215.0						配当未取得			-110.6	246.7	720.0	23.8	Industrials	配当未取得	1株配当が取得できていない	除外推奨	掲載非推奨	OK_配当データ要確認	897.5	-12.51	51.38	4.54	13.84	-128.1	-2.49			
6086	シンメンテホールディングス	グロース（内国株式）	9050	サービス業	10	情報通信・サービスその他	-	-	1038.0	2.12	22.0	2.12	22.0	2.12	配当あり	いいえ	15.85	4.23	196.0	1290.0	906.0	Industrials			OK	通常掲載可	OK	29946.5	6.2	16.49	41.82	0.05	1649.1	65.5	33.59	30.26	4
6087	アビスト	スタンダード（内国株式）	9050	サービス業	10	情報通信・サービスその他	-	-	3375.0	3.02	102.0	3.02	102.0	3.02	配当あり	いいえ	17.89	1.91	134.3	3485.0	3075.0	Industrials			OK	通常掲載可	OK	10627.3	8.97	6.25	75.8	0.0	213.4	188.66	54.07	10.78	0
6088	シグマクシス・ホールディングス	プライム（内国株式）	9050	サービス業	10	情報通信・サービスその他	6	TOPIX Small 1	572.0	4.55	26.0	4.55	26.0	4.55	配当あり	いいえ	12.0	3.27	462.8	1229.0	509.0	Industrials			OK	通常掲載可	OK	23831.0	25.45	-9.37	83.56	0.0	2829.5	47.65	54.56	27.83	4
6089	ウィルグループ	プライム（内国株式）	9050	サービス業	10	情報通信・サービスその他	7	TOPIX Small 2	1066.0	4.13	44.0	4.13	44.0	4.13	配当あり	いいえ	10.55	1.21	244.3	1319.0	927.0	Industrials			OK	通常掲載可	OK	146856.0	2.23	5.12	35.79	0.3	4390.0	101.06	43.54	11.74	0
6090	ヒューマン・メタボローム・テクノロジーズ	スタンダード（内国株式）	9050	サービス業	10	情報通信・サービスその他	-	-	609.0	2.96	18.0	2.96	18.0	2.96	配当あり	いいえ	17.06	1.81	33.4	797.0	581.0	Healthcare			OK	通常掲載可	OK	1455.0	17.15	8.12	80.38	0.06	224.8	35.69	50.43	-2.85	0
6091	ウエスコホールディングス	スタンダード（内国株式）	9050	サービス業	10	情報通信・サービスその他	-	-	956.0	2.93	28.0	2.93	28.0	2.93	配当あり	いいえ	14.47	0.76	125.6	970.0	677.0	Industrials			OK	通常掲載可	OK	15725.3	5.99	0.85	77.93	0.01	548.4	66.06	42.39	5.88	2
6092	エンバイオ・ホールディングス	スタンダード（内国株式）	9050	サービス業	10	情報通信・サービスその他	-	-	712.0	3.37	24.0	3.37	24.0	3.37	配当あり	いいえ	21.74	0.63	57.8	1009.0	550.0	Industrials			OK	通常掲載可	OK	12630.0	12.82	18.39	40.47	1.15	114.0	32.75	73.28	2.72	1
6093	エスクロー・エージェント・ジャパン	スタンダード（内国株式）	9050	サービス業	10	情報通信・サービスその他	-	-	163.0	3.68	6.0	3.68	6.0	3.68	配当あり	いいえ	37.56	2.03	71.0	204.0	124.0	Industrials			OK	通常掲載可	OK	5078.1	6.37	7.1	73.77	0.03	196.4	4.34	138.25	5.36	0
