コード	銘柄名	市場・商品区分	33業種コード	33業種区分	17業種コード	17業種区分	規模コード	規模区分	株価	配当利回り(%)	1株配当(円)	配当利回り_raw	1株配当_raw	配当利回り_自前計算	配当状態	配当フォールバック使用	PER	PBR	時価総額(億円)	52週高値	52週安値	セクター	注意フラグ	要確認理由	配当ランキング利用可否	記事掲載区分	yfinance状態	売上高_直近期(百万円)	営業利益率(%)	売上成長率_YoY(%)	自己資本比率(%)	DEレシオ	FCF(百万円)	EPS(円)	配当性向(%)	ROE(%)	連続増配(年)
7981	タカラスタンダード	プライム（内国株式）	3800	その他製品	10	情報通信・サービスその他	6	TOPIX Small 1	3040.0	4.08	124.0	4.08	124.0	4.08	配当あり	いいえ	13.11	0.98	1920.8	3330.0	2416.0	Consumer Cyclical			OK	通常掲載可	OK	252756.0	7.55	3.85	68.85	0.02	8931.0	231.95	53.46	7.52	2
7983	ミロク	スタンダード（内国株式）	3800	その他製品	10	情報通信・サービスその他	-	-	1158.0	0.86	10.0	0.86	10.0	0.86	配当あり	いいえ		0.3	34.0	1580.0	1010.0	Industrials			OK	通常掲載可	OK	12518.3	-0.2	14.65	49.15	0.67	-1328.5	-851.36		-19.76	0
7984	コクヨ	プライム（内国株式）	3800	その他製品	10	情報通信・サービスその他	4	TOPIX Mid400	869.0	2.82	24.5	2.82	24.5	2.82	配当あり	いいえ	16.7	1.44	3601.5	975.0	766.4	Industrials			OK	通常掲載可	OK	359876.0	7.29	6.21	70.89	0.01	3099.0	52.05	47.07	8.6	5
7985	ネポン	スタンダード（内国株式）	3550	金属製品	3	建設・資材	-	-	704.0	1.28	9.0	1.06	9.0	1.28	配当あり	いいえ		0.28	6.7	2179.0	695.0	Industrials			OK	通常掲載可	OK	7417.6	0.95	1.93	41.5	0.72	245.2	-353.61		1.55	
7986	日本アイ・エス・ケイ	スタンダード（内国株式）	3800	その他製品	10	情報通信・サービスその他	-	-	1922.0	1.56	30.0	1.56	30.0	1.56	配当あり	いいえ	6.05	0.61	29.5	2069.0	1650.0	Basic Materials			OK	通常掲載可	OK	6064.1	9.83	2.76	70.43		351.4	317.9	9.44	10.54	0
7987	ナカバヤシ	スタンダード（内国株式）	3800	その他製品	10	情報通信・サービスその他	7	TOPIX Small 2	554.0	3.97	22.0	3.97	22.0	3.97	配当あり	いいえ	7.83	0.48	150.3	643.0	533.0	Industrials			OK	通常掲載可	OK	61598.0	4.68	-1.86	56.92	0.34	2635.0	70.72	31.11	4.32	0
7988	ニフコ	プライム（内国株式）	3200	化学	4	素材・化学	4	TOPIX Mid400	2425.0	3.46	84.0	3.46	84.0	3.46	配当あり	いいえ	13.42	0.76	4523.8	2781.0	1998.5	Consumer Cyclical			OK	通常掲載可	OK	352650.0	13.63	-0.11	75.32	0.09	47163.0	180.66	46.5	11.88	2
7989	立川ブラインド工業	プライム（内国株式）	3550	金属製品	3	建設・資材	7	TOPIX Small 2	2646.0	5.29	140.0	5.29	140.0	5.29	配当あり	いいえ	16.39	0.92	531.9	2743.0	1850.0	Consumer Cyclical			OK	通常掲載可	OK	42623.4	10.35	2.94	83.2	0.0	3506.2	161.41	86.74	5.87	8
7990	グローブライド	プライム（内国株式）	3800	その他製品	10	情報通信・サービスその他	6	TOPIX Small 1	2372.0	4.22	100.0	4.22	100.0	4.22	配当あり	いいえ	9.88	0.78	503.1	2745.0	2027.0	Consumer Cyclical			OK	通常掲載可	OK	126956.0	5.12	2.4	54.06	0.47	5177.0	240.05	41.66	8.0	6
7991	マミヤ・オーピー	スタンダード（内国株式）	3600	機械	8	機械	-	-	1053.0	4.75	50.0	4.75	50.0	4.75	配当あり	いいえ	6.35	0.42	108.8	1975.0	1011.0	Industrials			OK	通常掲載可	OK	20892.8	9.02	-38.02	65.38	0.35	-4174.3	165.85	30.15	3.1	2
7992	セーラー万年筆	スタンダード（内国株式）	3800	その他製品	10	情報通信・サービスその他	-	-	103.0						配当未取得			3.07	30.5	154.0	99.0	Industrials	配当未取得	1株配当が取得できていない	除外推奨	掲載非推奨	OK_配当データ要確認	4300.6	-4.62	-8.06	24.03	1.84	-41.2	-4.79		-12.67	
7994	オカムラ	プライム（内国株式）	3800	その他製品	10	情報通信・サービスその他	6	TOPIX Small 1	2240.0	4.69	105.0	4.69	105.0	4.69	配当あり	いいえ	9.53	1.04	2120.7	2761.0	2148.0	Industrials			OK	通常掲載可	OK	329031.0	7.34	4.61	67.62	0.15	16444.0	234.98	44.68	10.67	5
7995	バルカー	プライム（内国株式）	3200	化学	4	素材・化学	6	TOPIX Small 1	6870.0	2.47	170.0	2.47	170.0	2.47	配当あり	いいえ	23.61	2.16	1211.5	8660.0	3545.0	Industrials			OK	通常掲載可	OK	58556.0	12.13	-2.59	64.12	0.32	81.0	290.96	58.43	13.52	0
7997	くろがね工作所	スタンダード（内国株式）	3800	その他製品	10	情報通信・サービスその他	-	-	1136.0	1.76	20.0	1.76	20.0	1.76	配当あり	いいえ	4.69	0.4	19.0	1194.0	883.0	Consumer Cyclical			OK	通常掲載可	OK	6342.3	-1.94	-11.96	56.72	0.19	-2.8	241.97	8.27	8.74	1
7999	ＭＵＴＯＨホールディングス	スタンダード（内国株式）	3650	電気機器	9	電機・精密	-	-							配当未取得								yfinanceデータなし	yfinanceで株価・配当データが取得できなかった	除外推奨	掲載非推奨	データなし										
8001	伊藤忠商事	プライム（内国株式）	6050	卸売業	13	商社・卸売	1	TOPIX Core30	2202.5	2.0	44.0	2.0	44.0	2.0	配当あり	いいえ	17.21	2.27	153952.8	2399.0	1650.2	Industrials			OK	通常掲載可	OK	14823087.0	4.74	0.67	39.38	0.72	846846.0	127.97	34.38	14.09	5
8002	丸紅	プライム（内国株式）	6050	卸売業	13	商社・卸売	2	TOPIX Large70	4832.0	2.38	115.0	2.38	115.0	2.38	配当あり	いいえ	14.64	1.76	78514.1	6328.0	3570.0	Industrials			OK	通常掲載可	OK	8265841.0	3.11	6.11	41.43	0.55	381908.0	330.03	34.85	14.21	5
8005	スクロール	プライム（内国株式）	6100	小売業	14	小売	7	TOPIX Small 2	1754.0	5.53	97.0	5.53	97.0	5.53	配当あり	いいえ	21.74	1.55	577.3	1915.0	1071.0	Consumer Cyclical			OK	通常掲載可	OK	88548.0	6.47	5.38	63.86	0.08	6068.0	80.68	120.23	8.42	1
8006	ユアサ・フナショク	スタンダード（内国株式）	6050	卸売業	13	商社・卸売	-	-	1483.0	2.23	33.0	2.23	33.0	2.23	配当あり	いいえ	11.57	0.59	261.9	1915.0	1338.0	Consumer Defensive			OK	通常掲載可	OK	126423.0	2.29	2.71	61.05	0.04	3503.0	128.13	25.76	5.74	1
8007	高島	プライム（内国株式）	6050	卸売業	13	商社・卸売	-	-	781.0	5.89	46.0	5.89	46.0	5.89	配当あり	いいえ	21.72	1.16	266.1	940.0	680.0	Basic Materials			OK	通常掲載可	OK	90642.0	2.33	-4.09	40.58	0.51	1928.0	35.95	127.96	4.98	2
8008	ヨンドシーホールディングス	プライム（内国株式）	6100	小売業	14	小売	6	TOPIX Small 1	2103.0	4.04	85.0	4.04	85.0	4.04	配当あり	いいえ	25.18	1.13	451.6	2214.0	1688.0	Consumer Cyclical			OK	通常掲載可	OK	69962.0	4.01	52.42	59.66	0.31	393.0	83.52	101.77	5.45	0
8011	三陽商会	プライム（内国株式）	3100	繊維製品	4	素材・化学	7	TOPIX Small 2	1315.0	8.52	112.0	8.52	112.0	8.52	配当あり	いいえ	10.06	1.01	386.4	1996.67	1036.67	Consumer Cyclical	高利回り要確認	配当利回りが8%以上	要確認	手動確認後に掲載	OK_高利回り要確認	58448.0	2.22	-3.43	68.3	0.21	-389.0	130.76	85.65	10.85	2
8012	長瀬産業	プライム（内国株式）	6050	卸売業	13	商社・卸売	4	TOPIX Mid400	1163.0	2.41	28.0	2.41	28.0	2.41	配当あり	いいえ	14.75	1.06	4748.8	1306.5	777.0	Basic Materials			OK	通常掲載可	OK	972783.0	4.6	2.94	48.82	0.44	19705.0	78.85	35.51	9.65	5
8013	ナイガイ	スタンダード（内国株式）	3100	繊維製品	4	素材・化学	-	-	381.0						配当未取得		18.52	0.44	29.8	394.0	260.0	Consumer Cyclical	配当未取得	1株配当が取得できていない	除外推奨	掲載非推奨	OK_配当データ要確認	13356.0	-0.98	1.47	55.59	0.23	-283.0	20.57		2.52	
8014	蝶理	プライム（内国株式）	6050	卸売業	13	商社・卸売	7	TOPIX Small 2	4115.0	4.18	172.0	4.18	172.0	4.18	配当あり	いいえ	8.45	0.97	1014.2	4745.0	3405.0	Industrials			OK	通常掲載可	OK	299293.0	4.36	-3.93	66.72	0.0	10513.0	487.22	35.3	12.89	5
8015	豊田通商	プライム（内国株式）	6050	卸売業	13	商社・卸売	2	TOPIX Large70	7253.0	1.72	125.0	1.72	125.0	1.72	配当あり	いいえ	20.58	2.63	68010.0	7798.0	4120.0	Industrials			OK	通常掲載可	OK	11561935.0	4.77	12.15	37.04	0.69	277712.0	352.5	35.46	16.06	5
8016	オンワードホールディングス	プライム（内国株式）	3100	繊維製品	4	素材・化学	6	TOPIX Small 1	709.0	4.65	33.0	4.65	33.0	4.65	配当あり	いいえ	9.63	1.02	966.2	842.0	639.0	Consumer Cyclical			OK	通常掲載可	OK	236804.0	4.9	13.63	49.46	0.53	2838.0	73.59	44.84	12.15	2
8018	三共生興	スタンダード（内国株式）	6050	卸売業	13	商社・卸売	7	TOPIX Small 2	840.0	3.21	27.0	3.21	27.0	3.21	配当あり	いいえ	15.29	0.51	311.4	959.0	637.0	Consumer Cyclical			OK	通常掲載可	OK	23984.0	11.22	-2.54	70.96	0.12	1620.0	54.95	49.14	3.96	4
8020	兼松	プライム（内国株式）	6050	卸売業	13	商社・卸売	4	TOPIX Mid400	2248.0	3.11	70.0	3.11	70.0	3.11	配当あり	いいえ	11.55	1.76	3740.9	2468.0	1486.5	Industrials			OK	通常掲載可	OK	1067665.0	4.61	1.59	28.43	0.88	52099.0	194.68	35.96	18.01	4
8022	美津濃	プライム（内国株式）	3800	その他製品	10	情報通信・サービスその他	6	TOPIX Small 1	4190.0	1.58	66.0	1.58	66.0	1.58	配当あり	いいえ	17.48	1.79	3186.8	4460.0	2597.0	Consumer Cyclical			OK	通常掲載可	OK	259045.0	8.73	7.78	68.94	0.14	13396.0	239.67	27.54	11.74	4
8023	ＤＡＩＫＯ　ＸＴＥＣＨ	スタンダード（内国株式）	5250	情報・通信業	10	情報通信・サービスその他	-	-	1021.0	3.72	38.0	3.72	38.0	3.72	配当あり	いいえ	8.9	0.97	128.3	1167.0	871.0	Technology			OK	通常掲載可	OK	42500.5	4.48	-0.44	49.05	0.15	654.7	114.66	33.14	11.85	4
8025	ツカモトコーポレーション	スタンダード（内国株式）	6050	卸売業	13	商社・卸売	-	-	1403.0	2.14	30.0	2.14	30.0	2.14	配当あり	いいえ	30.96	0.33	56.6	1431.0	1181.0	Consumer Cyclical			OK	通常掲載可	OK	10106.6	0.17	4.39	51.49	0.5	-1181.9	45.32	66.2	1.45	0
8029	ルックホールディングス	スタンダード（内国株式）	3100	繊維製品	4	素材・化学	7	TOPIX Small 2	2753.0	3.63	100.0	3.63	100.0	3.63	配当あり	いいえ	11.16	0.5	207.0	2828.0	2399.0	Consumer Cyclical			OK	通常掲載可	OK	52117.0	3.38	-4.79	63.17	0.27	1583.0	246.67	40.54	4.66	0
8030	中央魚類	スタンダード（内国株式）	6050	卸売業	13	商社・卸売	-	-	3890.0	3.08	120.0	3.08	120.0	3.08	配当あり	いいえ	5.3	0.41	155.4	4450.0	3360.0	Consumer Defensive			OK	通常掲載可	OK	158598.0	2.06	5.8	44.08	0.62	-1377.0	734.43	16.34	8.32	2
8031	三井物産	プライム（内国株式）	6050	卸売業	13	商社・卸売	1	TOPIX Core30	4916.0	2.85	140.0	2.85	140.0	2.85	配当あり	いいえ	16.95	1.55	139719.7	6675.0	3611.0	Industrials			OK	通常掲載可	OK	13995222.0	3.04	-4.55	42.11	0.65	-155487.0	290.04	48.27	11.38	5
8032	日本紙パルプ商事	プライム（内国株式）	6050	卸売業	13	商社・卸売	7	TOPIX Small 2	1250.0	2.88	36.0	2.88	36.0	2.88	配当あり	いいえ	31.74	1.05	1372.6	1289.0	672.0	Basic Materials			OK	通常掲載可	OK	606779.0	1.79	9.42	32.66	0.89	18340.0	39.38	91.42	4.56	4
8035	東京エレクトロン	プライム（内国株式）	3650	電気機器	9	電機・精密	1	TOPIX Core30	12580.0	3.63	456.8	3.63	456.8	3.63	配当あり	いいえ	10.06	2.67	285752.7	16252.0	5380.0	Technology			OK	通常掲載可	OK	2443533.0	25.58	0.49	72.35		320291.0	1250.45	36.53	30.93	1
8037	カメイ	プライム（内国株式）	6050	卸売業	13	商社・卸売	7	TOPIX Small 2	4595.0	2.96	136.0	2.96	136.0	2.96	配当あり	いいえ	12.15	0.78	1407.6	5290.0	2683.0	Energy			OK	通常掲載可	OK	584220.0	2.91	1.46	52.42	0.33	17639.0	378.17	35.96	8.12	5
8039	築地魚市場	スタンダード（内国株式）	6050	卸売業	13	商社・卸売	-	-	3505.0	1.0	35.0	1.0	35.0	1.0	配当あり	いいえ	20.2	1.08	77.9	4180.0	3370.0	Consumer Defensive			OK	通常掲載可	OK	67450.0	0.25	8.07	39.14	0.65	729.0	173.5	20.17	5.25	0
8040	東京ソワール	スタンダード（内国株式）	3100	繊維製品	4	素材・化学	-	-	1050.0	4.29	45.0	4.29	45.0	4.29	配当あり	いいえ	111.11	0.34	36.5	1303.0	955.0	Consumer Cyclical			OK	通常掲載可	OK	16112.5	1.08	2.62	76.07	0.06	342.2	9.45	476.19	0.32	0
8041	ＯＵＧホールディングス	スタンダード（内国株式）	6050	卸売業	13	商社・卸売	-	-	4320.0	3.98	172.0	3.98	172.0	3.98	配当あり	いいえ	4.4	0.56	233.2	4840.0	3690.0	Consumer Defensive			OK	通常掲載可	OK	363666.0	1.74	3.88	42.83	0.54	1214.0	981.94	17.52	13.6	3
8043	スターゼン	プライム（内国株式）	6050	卸売業	13	商社・卸売	7	TOPIX Small 2	1499.0	3.47	52.0	3.47	52.0	3.47	配当あり	いいえ	10.28	0.9	842.1	1613.0	1080.0	Consumer Defensive			OK	通常掲載可	OK	448213.0	1.95	2.77	47.36	0.63	2946.0	145.85	35.65	9.97	4
8045	横浜丸魚	スタンダード（内国株式）	6050	卸売業	13	商社・卸売	-	-	2030.0	1.67	34.0	1.67	34.0	1.67	配当あり	いいえ	20.88	0.51	122.3	2165.0	1051.0	Consumer Defensive			OK	通常掲載可	OK	40643.6	1.14	2.01	67.95	0.03	694.3	97.24	34.97	3.69	5
8046	丸藤シートパイル	スタンダード（内国株式）	6050	卸売業	13	商社・卸売	-	-	970.0	3.92	38.0	3.92	38.0	3.92	配当あり	いいえ	8.9	0.51	167.2	1220.0	712.0	Basic Materials			OK	通常掲載可	OK	40340.0	5.24	13.36	71.23	0.02	568.0	109.03	34.85	6.73	3
8050	セイコーグループ	プライム（内国株式）	3750	精密機器	9	電機・精密	6	TOPIX Small 1	10560.0	0.99	105.0	0.99	105.0	0.99	配当あり	いいえ	39.31	4.54	8633.5	11920.0	3255.0	Consumer Cyclical			OK	通常掲載可	OK	335686.0	9.2	10.15	45.79	0.6	22822.0	268.63	39.09	15.45	4
8051	山善	プライム（内国株式）	6050	卸売業	13	商社・卸売	6	TOPIX Small 1	2025.0	2.77	56.0	2.77	56.0	2.77	配当あり	いいえ	19.34	1.25	1748.4	2066.0	1343.0	Industrials			OK	通常掲載可	OK	541885.0	2.22	4.99	39.32	0.42	-147.0	104.69	53.49	7.26	2
8052	椿本興業	プライム（内国株式）	6050	卸売業	13	商社・卸売	7	TOPIX Small 2	2990.0	4.01	120.0	4.01	120.0	4.01	配当あり	いいえ	10.93	1.07	549.5	3145.0	2549.0	Industrials			OK	通常掲載可	OK	131032.0	4.97	5.4	49.88		-3553.0	273.62	43.86	10.24	4
8053	住友商事	プライム（内国株式）	6050	卸売業	13	商社・卸売	2	TOPIX Large70	1751.5	2.28	40.0	2.28	40.0	2.28	配当あり	いいえ	14.04	1.75	82792.1	1943.75	1053.5	Industrials			OK	通常掲載可	OK	7337259.0	5.43	0.62	33.94	1.02	707546.0	124.71	32.07	13.61	2
8056	ＢＩＰＲＯＧＹ	プライム（内国株式）	5250	情報・通信業	10	情報通信・サービスその他	4	TOPIX Mid400	4675.0	2.99	140.0	2.99	140.0	2.99	配当あり	いいえ	14.6	2.55	4516.8	6273.0	4036.0	Technology			OK	通常掲載可	OK	433686.0	9.52	7.35	47.02	0.42	40168.0	320.24	43.72	17.35	2
8057	内田洋行	プライム（内国株式）	6050	卸売業	13	商社・卸売	6	TOPIX Small 1	2239.0	3.39	76.0	3.39	76.0	3.39	配当あり	いいえ	8.8	1.29	1104.3	2368.0	1916.0	Industrials			OK	通常掲載可	OK	277940.0	3.36	12.73	42.81	0.03	2871.0	254.57	29.85	16.0	3
8058	三菱商事	プライム（内国株式）	6050	卸売業	13	商社・卸売	1	TOPIX Core30	4722.0	2.67	126.0	2.67	126.0	2.67	配当あり	いいえ	22.73	1.8	172952.4	6012.0	3448.0	Industrials			OK	通常掲載可	OK	18915995.0	2.21	1.6	39.09	0.69	1137094.0	207.77	60.64	10.08	9
8059	第一実業	プライム（内国株式）	6050	卸売業	13	商社・卸売	7	TOPIX Small 2	3535.0	3.56	126.0	3.56	126.0	3.56	配当あり	いいえ	11.36	1.22	1111.8	3840.0	2540.0	Industrials			OK	通常掲載可	OK	219140.0	6.25	-1.18	51.55	0.08	15226.0	311.08	40.5	11.6	4
8060	キヤノンマーケティングジャパン	プライム（内国株式）	6050	卸売業	13	商社・卸売	4	TOPIX Mid400	3751.0	2.53	95.0	2.53	95.0	2.53	配当あり	いいえ	17.74	1.98	7723.2	3941.0	2895.0	Industrials			OK	通常掲載可	OK	679799.0	8.56	3.96	73.15	0.01	28173.0	211.44	44.93	11.55	5
8061	西華産業	プライム（内国株式）	6050	卸売業	13	商社・卸売	6	TOPIX Small 1	2966.0	3.98	118.0	3.98	118.0	3.98	配当あり	いいえ	14.35	1.99	1042.1	3635.0	1871.0	Industrials			OK	通常掲載可	OK	108485.0	7.4	15.74	27.54	0.43	4273.0	206.68	57.09	16.94	6
8065	佐藤商事	プライム（内国株式）	6050	卸売業	13	商社・卸売	7	TOPIX Small 2	2974.0	3.7	110.0	3.7	110.0	3.7	配当あり	いいえ	9.59	0.78	615.9	4095.0	1945.0	Basic Materials			OK	通常掲載可	OK	292191.0	2.63	2.68	42.45	0.47	-938.0	310.05	35.48	8.71	5
8066	三谷商事	スタンダード（内国株式）	6050	卸売業	13	商社・卸売	-	-	3480.0	2.64	92.0	2.64	92.0	2.64	配当あり	いいえ	12.71	1.54	2897.9	3680.0	2074.0	Industrials			OK	通常掲載可	OK	339031.0	9.55	0.01	59.24	0.05	21598.0	273.88	33.59	13.32	4
8070	東京産業	プライム（内国株式）	6050	卸売業	13	商社・卸売	7	TOPIX Small 2	1013.0	3.95	40.0	3.95	40.0	3.95	配当あり	いいえ	10.53	1.01	264.6	1133.0	765.0	Industrials			OK	通常掲載可	OK	63235.0	5.42	-10.58	24.71	0.41	4290.0	96.24	41.56	9.95	8
8074	ＹＵＡＳＡ	プライム（内国株式）	6050	卸売業	13	商社・卸売	6	TOPIX Small 1	6240.0	3.75	234.0	3.75	234.0	3.75	配当あり	いいえ	10.98	1.07	1314.0	6590.0	4850.0	Industrials			OK	通常掲載可	OK	545027.0	3.07	3.15	39.55	0.04	12594.0	568.46	41.16	10.74	5
8075	神鋼商事	プライム（内国株式）	6050	卸売業	13	商社・卸売	7	TOPIX Small 2	3160.0	3.54	112.0	3.54	112.0	3.54	配当あり	いいえ	10.07	0.82	834.9	3235.0	2148.0	Basic Materials			OK	通常掲載可	OK	608142.0	1.9	-1.46	25.8	0.54	6352.0	313.79	35.69	9.0	0
8076	カノークス	スタンダード（内国株式）	6050	卸売業	13	商社・卸売	-	-	2090.0	5.07	106.0	5.07	106.0	5.07	配当あり	いいえ	9.49	0.61	204.9	2238.0	1880.0	Basic Materials			OK	通常掲載可	OK	158751.5	1.58	-8.24	39.92	0.86	6787.8	220.29	48.12	6.61	2
8077	トルク	スタンダード（内国株式）	6050	卸売業	13	商社・卸売	-	-	210.0	2.86	6.0	2.86	6.0	2.86	配当あり	いいえ	6.26	0.33	47.5	273.0	198.0	Industrials			OK	通常掲載可	OK	22538.3	4.48	0.57	41.98	0.9	2033.4	33.54	17.89	4.88	0
8078	阪和興業	プライム（内国株式）	6050	卸売業	13	商社・卸売	6	TOPIX Small 1	1864.0	3.54	66.0	3.54	66.0	3.54	配当あり	いいえ	9.65	0.83	3582.2	1987.0	1238.0	Industrials			OK	通常掲載可	OK	2662669.0	2.19	4.23	35.25	0.82	70470.0	193.11	34.18	9.42	5
8079	正栄食品工業	プライム（内国株式）	6050	卸売業	13	商社・卸売	6	TOPIX Small 1	4345.0	2.07	90.0	2.07	90.0	2.07	配当あり	いいえ	18.83	1.21	720.3	4620.0	3885.0	Consumer Defensive			OK	通常掲載可	OK	124897.8	3.96	8.41	56.77	0.41	-2450.6	230.72	39.01	7.01	2
8081	カナデン	プライム（内国株式）	6050	卸売業	13	商社・卸売	7	TOPIX Small 2	2640.0	3.79	100.0	3.79	100.0	3.79	配当あり	いいえ	14.83	1.15	588.6	2820.0	1936.0	Industrials			OK	通常掲載可	OK	145614.0	3.66	15.87	51.96	0.0	8741.0	178.0	56.18	7.75	3
8084	ＲＹＯＤＥＮ	プライム（内国株式）	6050	卸売業	13	商社・卸売	7	TOPIX Small 2	2426.0	5.26	127.5	5.26	127.5	5.26	配当あり	いいえ	9.93	0.55	1034.4	2492.5	1472.5	Technology			OK	通常掲載可	OK	212772.0	2.47	-1.4	61.25	0.02	1664.0	244.37	52.17	6.23	3
8085	ナラサキ産業	スタンダード（内国株式）	6050	卸売業	13	商社・卸売	-	-	4475.0	3.13	140.0	3.13	140.0	3.13	配当あり	いいえ	10.18	0.76	223.9	4790.0	3300.0	Industrials			OK	通常掲載可	OK	120282.0	2.55	6.91	46.43	0.1	1765.0	439.45	31.86	10.03	4
8086	ニプロ	プライム（内国株式）	3750	精密機器	9	電機・精密	4	TOPIX Mid400	1350.5	2.37	32.0	2.37	32.0	2.37	配当あり	いいえ	18.41	0.79	2202.6	1760.5	1338.5	Healthcare			OK	通常掲載可	OK	660538.0	5.7	2.47	22.59	2.34	54657.0	73.35	43.63	5.19	0
8088	岩谷産業	プライム（内国株式）	6050	卸売業	13	商社・卸売	4	TOPIX Mid400	2018.0	2.33	47.0	2.33	47.0	2.33	配当あり	いいえ	9.75	0.98	4644.9	2292.5	1564.0	Industrials			OK	通常掲載可	OK	908522.0	4.22	2.89	48.58	0.57	13322.0	207.05	22.7	17.33	4
8089	ナイス	スタンダード（内国株式）	6050	卸売業	13	商社・卸売	-	-	1916.0	5.01	96.0	5.01	96.0	5.01	配当あり	いいえ	8.78	0.37	223.1	2454.0	1738.0	Industrials			OK	通常掲載可	OK	259154.0	2.05	6.62	34.27	0.74	-6895.0	218.23	43.99	4.12	4
8091	ニチモウ	プライム（内国株式）	6050	卸売業	13	商社・卸売	-	-	2379.0	4.2	100.0	4.2	100.0	4.2	配当あり	いいえ	9.14	0.57	199.9	2730.0	2092.0	Consumer Defensive			OK	通常掲載可	OK	139779.0	1.97	4.39	37.83	1.03	-2619.0	260.22	38.43	6.3	1
8093	極東貿易	プライム（内国株式）	6050	卸売業	13	商社・卸売	7	TOPIX Small 2	1773.0	4.17	74.0	4.17	74.0	4.17	配当あり	いいえ	11.68	0.64	209.8	2227.0	1675.0	Technology			OK	通常掲載可	OK	64538.0	4.01	21.81	53.48	0.14	5091.0	151.77	48.76	5.94	0
8095	アステナホールディングス	プライム（内国株式）	6050	卸売業	13	商社・卸売	7	TOPIX Small 2	546.0	3.3	18.0	3.3	18.0	3.3	配当あり	いいえ	9.31	0.78	220.8	552.0	456.0	Industrials			OK	通常掲載可	OK	62744.0	4.81	8.19	35.89	0.83	218.0	58.64	30.7	8.45	0
8097	三愛オブリ	プライム（内国株式）	6050	卸売業	13	商社・卸売	6	TOPIX Small 1	2421.0	4.13	100.0	4.13	100.0	4.13	配当あり	いいえ	16.29	1.29	1498.2	2614.0	2002.0	Energy			OK	通常掲載可	OK	611570.0	2.02	-6.55	54.67	0.04	15242.0	148.65	67.27	9.6	0
8098	稲畑産業	プライム（内国株式）	6050	卸売業	13	商社・卸売	6	TOPIX Small 1	4425.0	3.23	143.0	3.23	143.0	3.23	配当あり	いいえ	11.49	0.98	2362.1	4595.0	3360.0	Basic Materials			OK	通常掲載可	OK	832745.0	3.14	-0.61	47.33	0.38	6354.0	384.95	37.15	9.49	2
8101	ＧＳＩクレオス	プライム（内国株式）	6050	卸売業	13	商社・卸売	7	TOPIX Small 2	2524.0	4.2	106.0	4.2	106.0	4.2	配当あり	いいえ	12.36	0.91	304.4	2810.0	2210.0	Consumer Cyclical			OK	通常掲載可	OK	188677.0	1.91	13.98	36.07	0.38	4843.0	204.19	51.91	7.36	9
8103	明和産業	プライム（内国株式）	6050	卸売業	13	商社・卸売	7	TOPIX Small 2	995.0	4.72	47.0	4.72	47.0	4.72	配当あり	いいえ	11.85	0.94	367.9	1041.0	743.0	Industrials			OK	通常掲載可	OK	164927.0	2.51	5.23	48.92	0.12	4074.0	83.99	55.96	8.87	2
8104	クワザワホールディングス	スタンダード（内国株式）	6050	卸売業	13	商社・卸売	-	-	805.0	3.73	30.0	3.73	30.0	3.73	配当あり	いいえ	11.16	0.7	119.1	841.0	549.0	Basic Materials			OK	通常掲載可	OK	64802.0	2.13	-0.92	38.76	0.11	2545.0	72.13	41.59	6.68	4
8105	Ｂｉｔｃｏｉｎ　Ｊａｐａｎ	スタンダード（内国株式）	6050	卸売業	13	商社・卸売	-	-	75.0						配当未取得			1.02	48.3	1001.0	73.0	Consumer Cyclical	配当未取得	1株配当が取得できていない	除外推奨	掲載非推奨	OK_配当データ要確認	2959.1	-15.61	-4.51	86.27		-421.6	-9.26		-15.71	0
8107	キムラタン	スタンダード（内国株式）	3100	繊維製品	4	素材・化学	-	-	30.0						配当未取得			5.15	82.6	45.0	29.0	Consumer Cyclical	配当未取得	1株配当が取得できていない	除外推奨	掲載非推奨	OK_配当データ要確認	2533.1	3.6	44.06	16.72	4.47	698.4	-0.38		-7.77	
8111	ゴールドウイン	プライム（内国株式）	3100	繊維製品	4	素材・化学	4	TOPIX Mid400	2116.0	3.31	70.0	3.31	70.0	3.31	配当あり	いいえ	12.05	2.29	2894.9	3198.0	2031.0	Consumer Cyclical			OK	通常掲載可	OK	137516.0	18.8	3.94	76.92	0.04	26257.0	175.67	39.85	19.47	6
8113	ユニ・チャーム	プライム（内国株式）	3200	化学	4	素材・化学	2	TOPIX Large70	936.9	2.35	22.0	2.35	22.0	2.35	配当あり	いいえ	25.16	1.99	16122.2	1104.0	874.7	Consumer Defensive			OK	通常掲載可	OK	945268.0	10.79	-4.42	64.97	0.01	102843.0	37.24	59.08	8.29	10
8115	ムーンバット	スタンダード（内国株式）	6050	卸売業	13	商社・卸売	-	-	1316.0	5.17	68.0	5.17	68.0	5.17	配当あり	いいえ	10.39	0.97	59.3	1851.0	1133.0	Consumer Cyclical			OK	通常掲載可	OK	11933.5	5.14	-0.11	58.87	0.4	257.1	126.6	53.71	7.64	3
8117	中央自動車工業	スタンダード（内国株式）	6050	卸売業	13	商社・卸売	-	-	2125.0	3.11	66.0	3.11	66.0	3.11	配当あり	いいえ	12.17	1.85	1181.2	2329.0	1694.0	Consumer Cyclical			OK	通常掲載可	OK	46692.8	24.37	12.36	88.36		8815.4	174.67	37.79	15.2	5
8118	キング	スタンダード（内国株式）	3100	繊維製品	4	素材・化学	-	-	1180.0	1.53	18.0	1.53	18.0	1.53	配当あり	いいえ	30.17	0.81	188.1	1270.0	845.0	Consumer Cyclical			OK	通常掲載可	OK	7835.0	10.08	-3.95	86.45	0.02	708.0	39.11	46.02	2.68	0
8119	三栄コーポレーション	スタンダード（内国株式）	6050	卸売業	13	商社・卸売	-	-	782.0	3.96	31.0	3.96	31.0	3.96	配当あり	いいえ	13.12	0.5	74.3	940.0	750.0	Consumer Cyclical			OK	通常掲載可	OK	36332.2	2.83	-8.85	59.59	0.26	733.4	59.59	52.02	1.65	2
8123	川辺	スタンダード（内国株式）	6050	卸売業	13	商社・卸売	-	-	1391.0	3.59	50.0	3.59	50.0	3.59	配当あり	いいえ	13.57	0.34	25.4	1550.0	1309.0	Consumer Cyclical			OK	通常掲載可	OK	13036.4	1.48	2.09	58.4	0.3	546.3	102.52	48.77	0.97	0
8125	ワキタ	プライム（内国株式）	6050	卸売業	13	商社・卸売	6	TOPIX Small 1	1924.0	5.2	100.0	5.2	100.0	5.2	配当あり	いいえ	27.62	0.98	956.8	2143.0	1609.0	Industrials			OK	通常掲載可	OK	93222.0	5.67	0.98	69.13	0.01	11793.0	69.65	143.58	3.54	4
8127	ヤマトインターナショナル	スタンダード（内国株式）	3100	繊維製品	4	素材・化学	-	-	520.0	2.69	14.0	2.69	14.0	2.69	配当あり	いいえ	72.42	0.61	105.9	651.0	466.0	Consumer Cyclical			OK	通常掲載可	OK	19444.5	-1.04	-8.02	74.31	0.05	-1318.8	7.18	194.99	1.05	0
8129	東邦ホールディングス	プライム（内国株式）	6050	卸売業	13	商社・卸売	4	TOPIX Mid400	3745.0	4.81	180.0	4.81	180.0	4.81	配当あり	いいえ	15.15	0.92	2423.1	5560.0	3574.0	Healthcare			OK	通常掲載可	OK	1553364.0	1.05	2.3	36.64	0.04	9730.0	247.17	72.82	6.26	4
8130	サンゲツ	プライム（内国株式）	6050	卸売業	13	商社・卸売	6	TOPIX Small 1	3150.0	4.92	155.0	4.92	155.0	4.92	配当あり	いいえ	12.64	1.52	1851.9	3370.0	2818.0	Consumer Cyclical			OK	通常掲載可	OK	206441.0	9.4	3.03	64.35	0.12	10171.0	249.17	62.21	14.12	11
8131	ミツウロコグループホールディングス	スタンダード（内国株式）	6050	卸売業	13	商社・卸売	7	TOPIX Small 2	2456.0	2.69	66.0	2.69	66.0	2.69	配当あり	いいえ	14.91	1.27	1343.7	2720.0	1695.0	Energy			OK	通常掲載可	OK	339498.0	3.64	-0.05	51.09	0.37	2598.0	164.75	40.06	8.77	4
8132	シナネンホールディングス	プライム（内国株式）	6050	卸売業	13	商社・卸売	7	TOPIX Small 2	7530.0	1.59	120.0	1.59	120.0	1.59	配当あり	いいえ	18.45	1.37	818.4	9270.0	5880.0	Energy			OK	通常掲載可	OK	298752.0	1.47	-5.79	55.6	0.08	6587.0	408.13	29.4	9.12	1
8133	伊藤忠エネクス	プライム（内国株式）	6050	卸売業	13	商社・卸売	6	TOPIX Small 1	2267.0	3.0	68.0	3.0	68.0	3.0	配当あり	いいえ	15.92	1.37	2559.8	2387.0	1760.0	Industrials			OK	通常掲載可	OK	851235.0	2.67	-7.92	40.15	0.31	29553.0	142.37	47.76	11.74	3
8135	ゼット	スタンダード（内国株式）	6050	卸売業	13	商社・卸売	-	-	434.0	4.15	18.0	4.15	18.0	4.15	配当あり	いいえ	8.76	0.55	85.0	614.0	402.0	Consumer Cyclical			OK	通常掲載可	OK	58655.0	2.14	6.05	45.46	0.02	182.0	49.52	36.35	7.26	1
8136	サンリオ	プライム（内国株式）	6050	卸売業	13	商社・卸売	4	TOPIX Mid400	1191.5	1.34	16.0	1.34	16.0	1.34	配当あり	いいえ	26.52	8.85	14446.1	1594.0	818.8	Consumer Cyclical			OK	通常掲載可	OK	194088.0	40.12	33.94	66.38	0.12	46876.0	44.92	35.62	33.37	4
8137	サンワテクノス	プライム（内国株式）	6050	卸売業	13	商社・卸売	7	TOPIX Small 2	4820.0	2.7	130.0	2.7	130.0	2.7	配当あり	いいえ	22.68	1.33	753.3	4900.0	2570.0	Technology			OK	通常掲載可	OK	148329.0	2.74	6.27	52.13	0.15	3632.0	212.56	61.16	7.53	1
8138	三京化成	スタンダード（内国株式）	6050	卸売業	13	商社・卸売	-	-	4125.0	2.42	100.0	2.42	100.0	2.42	配当あり	いいえ	4.94	0.39	37.1	4980.0	3835.0	Basic Materials			OK	通常掲載可	OK	27199.9	1.89	0.3	59.58	0.0	1042.9	835.73	11.97	5.42	1
8139	ナガホリ	スタンダード（内国株式）	6050	卸売業	13	商社・卸売	-	-	2255.0	0.67	15.0	0.67	15.0	0.67	配当あり	いいえ	31.45	2.48	345.8	2977.0	1543.0	Consumer Cyclical			OK	通常掲載可	OK	29380.1	5.86	28.35	45.42	0.95	-1823.0	71.71	20.92	8.54	0
8141	新光商事	プライム（内国株式）	6050	卸売業	13	商社・卸売	7	TOPIX Small 2	1569.0	1.18	18.5	1.18	18.5	1.18	配当あり	いいえ	40.49	0.84	447.9	1772.0	982.0	Technology			OK	通常掲載可	OK	99113.0	1.21	-14.56	65.16	0.1	5649.0	38.75	47.74	2.15	0
8142	トーホー	プライム（内国株式）	6050	卸売業	13	商社・卸売	7	TOPIX Small 2	1404.0	4.34	61.0	4.34	61.0	4.34	配当あり	いいえ	8.7	1.24	447.9	1461.0	1086.67	Consumer Defensive			OK	通常掲載可	OK	259747.0	3.02	5.39	35.7	0.56	7935.0	161.46	37.78	15.2	3
8143	ラピーヌ	スタンダード（内国株式）	3100	繊維製品	4	素材・化学	-	-	155.0						配当未取得			0.51	3.7	283.0	135.0	Consumer Cyclical	配当未取得	1株配当が取得できていない	除外推奨	掲載非推奨	OK_配当データ要確認	1873.9	-14.72	-8.28	22.99	2.38	-473.2	-111.94		-23.25	0
8144	デンキョーグループホールディングス	スタンダード（内国株式）	6050	卸売業	13	商社・卸売	-	-	1261.0	3.17	40.0	3.17	40.0	3.17	配当あり	いいえ	24.08	0.29	79.2	1410.0	1200.0	Technology			OK	通常掲載可	OK	52097.0	0.34	-4.1	76.38	0.04	-261.0	52.37	76.38	0.81	0
8147	トミタ	スタンダード（内国株式）	6050	卸売業	13	商社・卸売	-	-	1472.0	1.7	25.0	1.7	25.0	1.7	配当あり	いいえ	11.44	0.56	76.4	1556.0	1150.0	Industrials			OK	通常掲載可	OK	22935.1	2.96	5.81	60.39	0.01	1853.5	128.65	19.43	5.91	4
8150	三信電気	プライム（内国株式）	6050	卸売業	13	商社・卸売	7	TOPIX Small 2	3380.0	4.14	140.0	4.14	140.0	4.14	配当あり	いいえ	8.34	0.91	413.8	3435.0	2571.0	Technology			OK	通常掲載可	OK	172366.0	4.01	9.55	50.45	0.44	5331.0	405.04	34.56	11.36	1
8151	東陽テクニカ	プライム（内国株式）	6050	卸売業	13	商社・卸売	7	TOPIX Small 2	1885.0	3.71	70.0	3.71	70.0	3.71	配当あり	いいえ	16.05	1.4	393.7	2232.0	1546.0	Technology			OK	通常掲載可	OK	32559.2	5.88	-7.09	70.3	0.1	1317.6	117.44	59.6	9.46	8
8152	ソマール	スタンダード（内国株式）	6050	卸売業	13	商社・卸売	-	-	7140.0	1.4	100.0	1.4	100.0	1.4	配当あり	いいえ	9.29	0.59	138.4	8530.0	5230.0	Basic Materials			OK	通常掲載可	OK	31200.2	8.35	2.76	63.42	0.28	1057.6	768.26	13.02	7.1	2
8153	モスフードサービス	プライム（内国株式）	6050	卸売業	13	商社・卸売	6	TOPIX Small 1	3835.0	0.89	34.0	0.89	34.0	0.89	配当あり	いいえ	25.77	2.03	1179.3	4430.0	3420.0	Consumer Cyclical			OK	通常掲載可	OK	102773.0	6.38	6.85	67.63	0.08	4685.0	148.8	22.85	6.84	2
8154	加賀電子	プライム（内国株式）	6050	卸売業	13	商社・卸売	6	TOPIX Small 1	5440.0	2.57	140.0	2.57	140.0	2.57	配当あり	いいえ	8.67	1.36	2592.7	5800.0	3350.0	Technology			OK	通常掲載可	OK	658941.0	4.22	20.29	45.46	0.44	-7018.0	627.78	22.3	18.7	1
8157	都築電気	プライム（内国株式）	5250	情報・通信業	10	情報通信・サービスその他	7	TOPIX Small 2	4320.0	4.4	190.0	4.4	190.0	4.4	配当あり	いいえ	11.92	1.68	787.0	4385.0	2990.0	Industrials			OK	通常掲載可	OK	103728.0	7.88	5.56	55.13	0.17	5019.0	362.45	52.42	13.67	4
8158	ソーダニッカ	プライム（内国株式）	6050	卸売業	13	商社・卸売	7	TOPIX Small 2	1322.0	3.33	44.0	3.33	44.0	3.33	配当あり	いいえ	12.75	0.83	301.7	1407.0	975.0	Basic Materials			OK	通常掲載可	OK	66692.0	3.73	2.37	43.4	0.08	1552.0	103.67	42.44	8.46	1
8159	立花エレテック	プライム（内国株式）	6050	卸売業	13	商社・卸売	7	TOPIX Small 2	4325.0	2.77	120.0	2.77	120.0	2.77	配当あり	いいえ	13.12	0.87	950.5	4480.0	2667.0	Technology			OK	通常掲載可	OK	227511.0	3.3	3.36	58.55	0.09	5940.0	329.6	36.41	8.41	0
8160	木曽路	プライム（内国株式）	6100	小売業	14	小売	6	TOPIX Small 1	2315.0	1.3	30.0	1.3	30.0	1.3	配当あり	いいえ	37.73	2.09	651.9	2626.0	2228.0	Consumer Cyclical			OK	通常掲載可	OK	54570.0	5.34	2.52	65.13	0.23	3386.0	61.35	48.9	5.45	2
8163	ＳＲＳホールディングス	プライム（内国株式）	6100	小売業	14	小売	7	TOPIX Small 2	1392.0	0.72	10.0	0.72	10.0	0.72	配当あり	いいえ	38.76	3.26	575.7	1608.0	1117.0	Consumer Cyclical			OK	通常掲載可	OK	76422.0	3.99	13.25	37.85	0.97	1831.2	35.91	27.85	8.41	0
8165	千趣会	スタンダード（内国株式）	6100	小売業	14	小売	7	TOPIX Small 2	100.0						配当未取得		0.78	0.27	46.8	241.0	100.0	Consumer Cyclical	配当未取得	1株配当が取得できていない	除外推奨	掲載非推奨	OK_配当データ要確認	42071.0	-6.14	-8.26	65.16	0.02	-3548.0	127.8		42.39	2
8166	タカキュー	スタンダード（内国株式）	6100	小売業	14	小売	-	-	79.0						配当未取得		6.52	0.32	32.9	114.0	76.0	Consumer Cyclical	配当未取得	1株配当が取得できていない	除外推奨	掲載非推奨	OK_配当データ要確認	8666.9	0.23	-10.19	32.85	0.81	-315.5	12.12		9.96	0
8167	リテールパートナーズ	プライム（内国株式）	6100	小売業	14	小売	7	TOPIX Small 2	1448.0	2.76	40.0	2.76	40.0	2.76	配当あり	いいえ	12.09	0.68	600.6	1506.0	1220.0	Consumer Defensive			OK	通常掲載可	OK	278196.0	2.33	4.29	67.31	0.16	9631.0	119.73	33.41	5.42	4
8173	Ｊｏｓｈｉｎ	プライム（内国株式）	6100	小売業	14	小売	6	TOPIX Small 1	4310.0	2.32	100.0	2.32	100.0	2.32	配当あり	いいえ	34.01	1.05	1115.4	4640.0	2478.0	Consumer Cyclical			OK	通常掲載可	OK	436650.0	1.24	8.28	46.05	0.37	8641.0	126.71	78.92	4.91	2
8174	日本瓦斯	プライム（内国株式）	6100	小売業	14	小売	4	TOPIX Mid400	945.2	3.91	37.0	3.91	37.0	3.91	配当あり	いいえ	6.92	4.7	3019.9	1055.67	878.83	Utilities			OK	通常掲載可	OK	208480.0	10.21	4.21	40.94	0.75	20399.0	136.62	27.08	22.86	2
8179	ロイヤルホールディングス	プライム（内国株式）	6100	小売業	14	小売	6	TOPIX Small 1	1310.0	1.34	17.5	1.34	17.5	1.34	配当あり	いいえ	21.98	2.3	1290.8	1554.0	1184.0	Consumer Cyclical			OK	通常掲載可	OK	165495.0	4.65	8.77	39.15	0.98	5608.0	59.61	29.36	11.2	4
8181	東天紅	スタンダード（内国株式）	6100	小売業	14	小売	-	-	1002.0	1.5	15.0	1.5	15.0	1.5	配当あり	いいえ	4.26	0.28	25.7	1289.0	950.0	Consumer Cyclical			OK	通常掲載可	OK	4807.5	10.72	2.06	65.44	0.38	480.4	235.17	6.38	-1.36	0
8185	チヨダ	プライム（内国株式）	6100	小売業	14	小売	7	TOPIX Small 2	986.0	5.48	54.0	5.48	54.0	5.48	配当あり	いいえ	11.86	0.67	334.7	1174.0	929.0	Consumer Cyclical			OK	通常掲載可	OK	81377.0	1.34	-11.39	65.8	0.02	-5166.0	83.12	64.97	-0.5	2
8194	ライフコーポレーション	プライム（内国株式）	6100	小売業	14	小売	6	TOPIX Small 1	2634.0	2.66	70.0	2.66	70.0	2.66	配当あり	いいえ	12.12	1.45	2278.9	2830.0	2313.0	Consumer Defensive			OK	通常掲載可	OK	881325.0	2.95	3.62	46.39	0.21	61873.0	217.31	32.21	12.26	2
8198	マックスバリュ東海	スタンダード（内国株式）	6100	小売業	14	小売	-	-	3340.0	2.54	85.0	2.54	85.0	2.54	配当あり	いいえ	10.39	1.11	1065.0	3950.0	3070.0	Consumer Defensive			OK	通常掲載可	OK	384951.0	3.52	2.0	63.68	0.01	13169.0	321.31	26.45	10.73	2
8200	リンガーハット	プライム（内国株式）	6100	小売業	14	小売	6	TOPIX Small 1	2297.0	0.57	13.0	0.57	13.0	0.57	配当あり	いいえ	34.48	3.88	595.3	2458.0	2028.0	Consumer Cyclical			OK	通常掲載可	OK	45084.7	3.15	2.94	48.94	0.52	991.8	66.61	19.52	12.01	2
8202	ラオックスホールディングス	スタンダード（内国株式）	6100	小売業	14	小売	-	-	149.0	2.68	4.0	2.68	4.0	2.68	配当あり	いいえ	39.21	0.64	136.2	178.0	141.0	Consumer Cyclical			OK	通常掲載可	OK	57535.0	0.12	-6.47	53.49	0.13	-1011.0	3.8	105.26	1.62	1
8203	ＭｒＭａｘＨＤ	プライム（内国株式）	6100	小売業	14	小売	7	TOPIX Small 2	739.0	3.92	29.0	3.92	29.0	3.92	配当あり	いいえ	9.07	0.64	246.3	897.0	693.0	Consumer Defensive			OK	通常掲載可	OK	147683.0	3.01	8.14	44.24	0.58	-365.0	81.51	35.58	7.79	1
8207	テンアライド	スタンダード（内国株式）	6100	小売業	14	小売	-	-	290.0						配当未取得			4.36	116.1	305.0	275.0	Consumer Cyclical	配当未取得	1株配当が取得できていない	除外推奨	掲載非推奨	OK_配当データ要確認	12093.5	-1.0	1.73	40.33	0.56	-194.0	-11.6		-19.11	0
8214	ＡＯＫＩホールディングス	プライム（内国株式）	6100	小売業	14	小売	6	TOPIX Small 1	1686.0	7.12	120.0	7.12	120.0	7.12	配当あり	いいえ	15.0	1.01	1420.0	1905.0	1481.0	Consumer Cyclical			OK	通常掲載可	OK	194532.0	8.71	0.96	64.27	0.24	5304.0	112.39	106.77	6.08	4
8217	オークワ	プライム（内国株式）	6100	小売業	14	小売	7	TOPIX Small 2	782.0	3.32	26.0	3.32	26.0	3.32	配当あり	いいえ		0.43	318.3	908.0	750.0	Consumer Cyclical			OK	通常掲載可	OK	252655.0	0.75	1.0	57.51	0.3	7619.0	-4.16		-0.21	0
8218	コメリ	プライム（内国株式）	6100	小売業	14	小売	6	TOPIX Small 1	3740.0	1.55	58.0	1.55	58.0	1.55	配当あり	いいえ	12.08	0.67	1733.7	4190.0	3040.0	Consumer Cyclical			OK	通常掲載可	OK	385383.0	5.98	1.63	65.19	0.12	6075.0	309.67	18.73	5.83	10
8219	青山商事	プライム（内国株式）	6100	小売業	14	小売	6	TOPIX Small 1	727.0	5.23	38.0	5.23	38.0	5.23	配当あり	いいえ	15.15	0.59	1032.0	924.33	662.0	Consumer Cyclical			OK	通常掲載可	OK	189011.0	5.6	-3.42	57.86	0.44	4535.0	47.98	79.2	3.89	3
8225	タカチホ	スタンダード（内国株式）	6050	卸売業	13	商社・卸売	-	-	3695.0	2.98	110.0	2.98	110.0	2.98	配当あり	いいえ	7.87	0.98	25.8	4480.0	3160.0	Consumer Cyclical			OK	通常掲載可	OK	9691.2	5.01	13.52	57.9	0.28	489.7	469.49	23.43	11.33	1
8226	理経	スタンダード（内国株式）	6050	卸売業	13	商社・卸売	-	-	403.0	1.74	7.0	1.74	7.0	1.74	配当あり	いいえ	8.02	1.02	60.9	623.0	341.0	Technology			OK	通常掲載可	OK	19536.0	6.33	4.33	46.55	0.53	1009.9	50.25	13.93	13.29	2
8227	しまむら	プライム（内国株式）	6100	小売業	14	小売	4	TOPIX Mid400	3263.0	2.45	80.0	2.45	80.0	2.45	配当あり	いいえ	15.24	1.34	6775.2	11335.0	3116.0	Consumer Cyclical			OK	通常掲載可	OK	701384.0	8.77	5.2	88.33		23833.0	214.05	37.37	8.95	6
8230	はせがわ	スタンダード（内国株式）	6100	小売業	14	小売	-	-	300.0	5.0	15.0	5.0	15.0	5.0	配当あり	いいえ	18.8	0.44	54.6	340.0	300.0	Consumer Cyclical			OK	通常掲載可	OK	21122.0	3.66	-0.5	60.17	0.36	-68.0	15.96	93.98	2.34	0
8233	高島屋	プライム（内国株式）	6100	小売業	14	小売	4	TOPIX Mid400	2083.5	1.92	40.0	1.92	40.0	1.92	配当あり	いいえ		1.34	6105.0	2608.5	1593.0	Consumer Cyclical			OK	通常掲載可	OK	492370.0	10.87	-1.23	33.41	0.92	8601.0	-27.5		-0.54	3
8237	松屋	プライム（内国株式）	6100	小売業	14	小売	6	TOPIX Small 1	2136.0	0.56	12.0	0.56	12.0	0.56	配当あり	いいえ	53.76	4.15	1083.8	3065.0	1343.0	Consumer Cyclical			OK	通常掲載可	OK	45706.0	5.78	-5.02	34.98	0.85	3185.0	39.73	30.2	8.63	2
8242	エイチ・ツー・オー　リテイリング	プライム（内国株式）	6100	小売業	14	小売	4	TOPIX Mid400	2735.0	1.76	48.0	1.76	48.0	1.76	配当あり	いいえ	10.85	1.02	3082.0	3070.0	1973.0	Consumer Defensive			OK	通常掲載可	OK	680215.0	4.76	-0.23	43.57	0.46	22695.0	251.97	19.05	11.7	2
8244	近鉄百貨店	スタンダード（内国株式）	6100	小売業	14	小売	7	TOPIX Small 2	1867.0	1.07	20.0	1.07	20.0	1.07	配当あり	いいえ	19.96	1.62	753.0	2027.0	1609.0	Consumer Cyclical			OK	通常掲載可	OK	125450.0	5.36	8.99	36.73	0.05	10612.0	93.53	21.38	13.35	1
8247	大和	スタンダード（内国株式）	6100	小売業	14	小売	-	-	355.0						配当未取得			0.36	19.9	404.0	222.0	Consumer Cyclical	配当未取得	1株配当が取得できていない	除外推奨	掲載非推奨	OK_配当データ要確認	15983.4	1.19	-2.74	19.7	1.39	873.8	-201.92		-20.33	0
8252	丸井グループ	プライム（内国株式）	6100	小売業	14	小売	4	TOPIX Mid400	2772.5	4.83	134.0	4.83	134.0	4.83	配当あり	いいえ	17.51	2.1	4825.3	3269.0	2663.0	Financial Services			OK	通常掲載可	OK	276862.0	18.14	8.83	21.4	2.93	-45960.0	158.31	84.64	12.44	5
8253	クレディセゾン	プライム（内国株式）	7200	その他金融業	16	金融（除く銀行）	4	TOPIX Mid400	4487.0	3.57	160.0	3.57	160.0	3.57	配当あり	いいえ	10.57	0.84	6446.6	4940.0	3561.0	Financial Services			OK	通常掲載可	OK	546269.0	36.34	10.98	15.36	4.72	-153800.0	424.47	37.69	9.31	4
8254	さいか屋	スタンダード（内国株式）	6100	小売業	14	小売	-	-	312.0	1.6	5.0	1.6	5.0	1.6	配当あり	いいえ	47.2	1.38	20.0	557.0	207.0	Consumer Cyclical			OK	通常掲載可	OK	4632.9	2.48	-6.41	6.66	10.93	-89.3	6.61	75.64	6.46	
8255	アクシアル　リテイリング	プライム（内国株式）	6100	小売業	14	小売	7	TOPIX Small 2	1284.0	2.26	29.0	2.26	29.0	2.26	配当あり	いいえ	12.92	1.19	1115.0	1363.0	982.0	Consumer Defensive			OK	通常掲載可	OK	295536.0	4.13	4.85	66.06	0.02	12477.0	99.38	29.18	9.39	5
8260	井筒屋	スタンダード（内国株式）	6100	小売業	14	小売	-	-	375.0	1.87	7.0	1.87	7.0	1.87	配当あり	いいえ	8.52	0.34	41.7	534.0	352.0	Consumer Cyclical			OK	通常掲載可	OK	21283.0	2.91	-3.95	28.17	1.06	1460.0	44.01	15.91	3.23	1
8267	イオン	プライム（内国株式）	6100	小売業	14	小売	2	TOPIX Large70	1250.0	1.12	14.0	1.12	14.0	1.12	配当あり	いいえ	48.08	2.86	34582.8	2920.0	1250.0	Consumer Cyclical			OK	通常掲載可	OK	10715341.0	2.52	5.73	7.94	3.69	1126589.0	26.0	53.85	7.21	2
8273	イズミ	プライム（内国株式）	6100	小売業	14	小売	6	TOPIX Small 1	958.0	3.13	30.0	3.13	30.0	3.13	配当あり	いいえ	12.06	0.68	2013.8	1096.0	862.0	Consumer Cyclical			OK	通常掲載可	OK	569311.0	4.78	8.62	49.38	0.42	43686.0	79.42	37.77	5.75	0
8275	フォーバル	スタンダード（内国株式）	6050	卸売業	13	商社・卸売	7	TOPIX Small 2	1057.0	3.03	32.0	3.03	32.0	3.03	配当あり	いいえ	18.66	1.5	276.0	1317.0	976.0	Technology			OK	通常掲載可	OK	71524.9	5.21	-1.52	45.21	0.12	2205.0	56.66	56.48	9.67	3
8276	平和堂	プライム（内国株式）	6100	小売業	14	小売	6	TOPIX Small 1	2564.0	2.57	66.0	2.57	66.0	2.57	配当あり	いいえ	15.7	0.65	1268.0	3250.0	2366.0	Consumer Cyclical			OK	通常掲載可	OK	456008.0	2.92	2.5	62.53	0.11	429.0	163.33	40.41	4.38	2
8278	フジ	プライム（内国株式）	6100	小売業	14	小売	6	TOPIX Small 1	2009.0	1.49	30.0	1.49	30.0	1.49	配当あり	いいえ	21.37	0.77	1740.7	2305.0	1873.0	Consumer Cyclical			OK	通常掲載可	OK	814258.0	1.38	0.66	54.66	0.19	19399.0	94.02	31.91	3.21	0
8281	ゼビオホールディングス	プライム（内国株式）	6100	小売業	14	小売	6	TOPIX Small 1	1103.0	3.17	35.0	3.17	35.0	3.17	配当あり	いいえ		0.38	456.4	1251.0	951.0	Consumer Cyclical			OK	通常掲載可	OK	252331.0	0.94	0.69	57.36	0.05	-127.0	-52.06		0.1	1
8282	ケーズホールディングス	プライム（内国株式）	6100	小売業	14	小売	4	TOPIX Mid400	1752.5	2.74	48.0	2.74	48.0	2.74	配当あり	いいえ	19.21	1.06	2707.8	2201.0	1440.0	Consumer Cyclical			OK	通常掲載可	OK	759710.0	3.53	2.94	58.91	0.24	28316.0	91.21	52.63	7.51	0
8283	ＰＡＬＴＡＣ	プライム（内国株式）	6050	卸売業	13	商社・卸売	4	TOPIX Mid400							配当未取得								yfinanceデータなし	yfinanceで株価・配当データが取得できなかった	除外推奨	掲載非推奨	データなし										
8285	三谷産業	スタンダード（内国株式）	6050	卸売業	13	商社・卸売	7	TOPIX Small 2	816.0	1.96	16.0	1.96	16.0	1.96	配当あり	いいえ	13.84	0.88	502.4	841.0	455.0	Industrials			OK	通常掲載可	OK	117531.0	2.88	14.03	55.91	0.2	6836.0	58.96	27.14	8.21	1
8289	Ｏｌｙｍｐｉｃグループ	スタンダード（内国株式）	6100	小売業	14	小売	-	-							配当未取得								yfinanceデータなし	yfinanceで株価・配当データが取得できなかった	除外推奨	掲載非推奨	データなし										
8291	日産東京販売ホールディングス	スタンダード（内国株式）	6100	小売業	14	小売	-	-	546.0	4.95	27.0	4.95	27.0	4.95	配当あり	いいえ	12.1	0.56	324.7	631.0	482.0	Consumer Cyclical			OK	通常掲載可	OK	128997.0	3.69	-8.9	57.71	0.27	-2329.0	45.13	59.83	3.89	0
8303	ＳＢＩ新生銀行	プライム（内国株式）	7050	銀行業	15	銀行	4	TOPIX Mid400	1529.5	1.31	20.0	1.31	20.0	1.31	配当あり	いいえ	11.13	1.11	13566.7	55319998000.0	1325.0	Financial Services			OK	通常掲載可	OK	517502.0		18.44	4.95	2.42	1894692.0	137.46	14.55	9.97	0
8304	あおぞら銀行	プライム（内国株式）	7050	銀行業	15	銀行	4	TOPIX Mid400	3491.0	2.69	94.0	2.69	94.0	2.69	配当あり	いいえ	18.83	0.97	4833.5	3593.0	2180.5	Financial Services			OK	通常掲載可	OK	123658.0		14.06	5.58	1.86	125362.0	185.37	50.71	6.56	1
8306	三菱ＵＦＪフィナンシャル・グループ	プライム（内国株式）	7050	銀行業	15	銀行	1	TOPIX Core30	3586.0	2.68	96.0	2.68	96.0	2.68	配当あり	いいえ	15.17	1.78	403631.7	3813.0	2230.5	Financial Services			OK	通常掲載可	OK	7521125.0		9.98	5.16	1.16	-23737555.0	236.43	40.6	9.46	8
8308	りそなホールディングス	プライム（内国株式）	7050	銀行業	15	銀行	2	TOPIX Large70	2473.5	1.5	37.0	1.5	37.0	1.5	配当あり	いいえ	21.74	1.84	55242.2	2601.0	1401.5	Financial Services			OK	通常掲載可	OK	1026905.0		16.72	3.81	1.71	-4766687.0	113.78	32.52	9.23	3
8309	三井住友トラストグループ	プライム（内国株式）	7050	銀行業	15	銀行	2	TOPIX Large70	1778.5	2.67	47.5	2.67	47.5	2.67	配当あり	いいえ	13.48	1.34	48978.8	1822.5	1003.0	Financial Services			OK	通常掲載可	OK	1552023.0		2.5	4.33	5.09	1129893.0	131.96	36.0	10.78	5
8316	三井住友フィナンシャルグループ	プライム（内国株式）	7050	銀行業	15	銀行	1	TOPIX Core30	3383.0	2.66	90.0	2.66	90.0	2.66	配当あり	いいえ	7.58	1.6	256523.2	3630.0	1934.0	Financial Services			OK	通常掲載可	OK	5791568.0		14.32	4.81	2.06	-10760659.0	446.28	20.17	8.57	2
8331	千葉銀行	プライム（内国株式）	7050	銀行業	15	銀行	4	TOPIX Mid400	2826.5	2.26	64.0	2.26	64.0	2.26	配当あり	いいえ	19.49	1.52	19538.6	2892.5	1420.0	Financial Services			OK	通常掲載可	OK	305589.0		22.36	5.93	1.73	-1342132.0	145.0	44.14	8.3	11
8334	群馬銀行	プライム（内国株式）	7050	銀行業	15	銀行	4	TOPIX Mid400	3067.0	2.28	70.0	2.28	70.0	2.28	配当あり	いいえ	19.8	1.84	11608.6	3227.0	1504.5	Financial Services			OK	通常掲載可	OK	193613.0		20.89	5.7	1.85	-176336.0	154.88	45.2	10.3	5
8336	武蔵野銀行	プライム（内国株式）	7050	銀行業	15	銀行	6	TOPIX Small 1	2888.0	2.84	82.0	2.84	82.0	2.84	配当あり	いいえ	18.59	1.02	2802.6	2988.0	1268.33	Financial Services			OK	通常掲載可	OK	87558.0		20.29	4.96	0.22	-16734.0	155.37	52.78	5.8	4
8337	千葉興業銀行	プライム（内国株式）	7050	銀行業	15	銀行	6	TOPIX Small 1	2775.0	0.72	20.0	0.72	20.0	0.72	配当あり	いいえ	26.6	0.94	1594.8	2866.0	1443.0	Financial Services			OK	通常掲載可	OK	56165.0		15.04	5.68	0.22	33829.0	104.34	19.17	5.03	0
8338	筑波銀行	プライム（内国株式）	7050	銀行業	15	銀行	7	TOPIX Small 2	802.0	0.62	5.0	0.62	5.0	0.62	配当あり	いいえ	10.03	0.59	660.9	830.0	282.0	Financial Services			OK	通常掲載可	OK	39046.0		13.97	3.73	1.57	-141485.0	79.96	6.25	6.69	0
8341	七十七銀行	プライム（内国株式）	7050	銀行業	15	銀行	4	TOPIX Mid400	4097.0	2.54	104.0	2.54	104.0	2.54	配当あり	いいえ	16.92	1.21	9140.3	4264.0	1859.0	Financial Services			OK	通常掲載可	OK	184831.0		17.71	6.63	0.81	-456566.0	242.13	42.95	9.39	5
8343	秋田銀行	プライム（内国株式）	7050	銀行業	15	銀行	7	TOPIX Small 2	2023.0	1.98	40.0	1.98	40.0	1.98	配当あり	いいえ	23.37	0.19	1800.2	2092.0	667.0	Financial Services			OK	通常掲載可	OK	50605.0		7.51	4.99	0.8	-64514.0	86.55	46.22	4.99	1
8344	山形銀行	プライム（内国株式）	7050	銀行業	15	銀行	7	TOPIX Small 2	5560.0	1.76	98.0	1.76	98.0	1.76	配当あり	いいえ	26.74	1.11	1710.0	5790.0	1552.0	Financial Services			OK	通常掲載可	OK	51588.0		13.88	4.59	1.07	18107.0	207.94	47.13	5.05	1
8345	岩手銀行	プライム（内国株式）	7050	銀行業	15	銀行	7	TOPIX Small 2	2810.0	2.06	58.0	2.06	58.0	2.06	配当あり	いいえ	21.74	0.97	1939.8	2929.0	915.0	Financial Services			OK	通常掲載可	OK	65506.0		53.9	4.98	1.12	21156.0	129.26	44.87	5.22	2
8346	東邦銀行	プライム（内国株式）	7050	銀行業	15	銀行	6	TOPIX Small 1	1098.0	2.37	26.0	2.37	26.0	2.37	配当あり	いいえ	22.94	1.22	2743.8	1140.0	420.0	Financial Services			OK	通常掲載可	OK	69452.0		16.5	3.23	1.12	-94035.0	47.87	54.31	6.57	2
8349	東北銀行	スタンダード（内国株式）	7050	銀行業	15	銀行	-	-	1615.0	3.1	50.0	3.1	50.0	3.1	配当あり	いいえ	15.82	0.46	152.8	1723.0	1229.0	Financial Services			OK	通常掲載可	OK	15020.0		10.34	3.27	0.03	4661.0	102.07	48.99	4.92	0
8354	ふくおかフィナンシャルグループ	プライム（内国株式）	7050	銀行業	15	銀行	4	TOPIX Mid400	7788.0	2.7	210.0	2.7	210.0	2.7	配当あり	いいえ	17.67	1.31	14717.9	8060.0	4159.0	Financial Services			OK	通常掲載可	OK	408872.0		38.07	3.21	6.87	-261501.0	440.8	47.64	8.71	5
8358	スルガ銀行	プライム（内国株式）	7050	銀行業	15	銀行	6	TOPIX Small 1	2974.0	2.69	80.0	2.69	80.0	2.69	配当あり	いいえ	14.99	1.53	5006.6	3030.0	1397.0	Financial Services			OK	通常掲載可	OK	68224.0		2.31	9.12		-151138.0	198.45	40.31	13.71	4
8359	八十二長野銀行	プライム（内国株式）	7050	銀行業	15	銀行	4	TOPIX Mid400	2809.5	2.31	65.0	2.31	65.0	2.31	配当あり	いいえ	20.32	1.06	12770.7	2891.5	1387.0	Financial Services			OK	通常掲載可	OK	242887.0		20.56	8.5	1.75	-440464.0	138.23	47.02	6.51	2
8360	山梨中央銀行	プライム（内国株式）	7050	銀行業	15	銀行	6	TOPIX Small 1	1509.0	2.16	32.6	2.16	32.6	2.16	配当あり	いいえ	23.48	0.97	2315.1	1554.0	608.0	Financial Services			OK	通常掲載可	OK	72558.0		32.62	5.09	1.88	-223540.0	64.28	50.72	4.99	0
8361	大垣共立銀行	プライム（内国株式）	7050	銀行業	15	銀行	6	TOPIX Small 1	1787.0	1.68	30.0	1.68	30.0	1.68	配当あり	いいえ	19.19	0.88	3670.8	1807.0	669.0	Financial Services			OK	通常掲載可	OK	149949.0		31.55	5.41	0.58	7325.0	93.1	32.22	5.63	0
8362	福井銀行	プライム（内国株式）	7050	銀行業	15	銀行	7	TOPIX Small 2	8100.0	1.85	150.0	1.85	150.0	1.85	配当あり	いいえ	22.27	1.18	1916.1	8490.0	1995.0	Financial Services			OK	通常掲載可	OK	65341.0		16.43	3.54	2.46	-51749.0	363.69	41.24	7.48	1
8364	清水銀行	プライム（内国株式）	7050	銀行業	15	銀行	7	TOPIX Small 2	3235.0	1.85	60.0	1.85	60.0	1.85	配当あり	いいえ	18.25	0.45	366.2	3340.0	1961.0	Financial Services			OK	通常掲載可	OK	22877.0		7.98	4.37	0.97	-11351.0	177.28	33.84	3.09	1
8365	富山銀行	スタンダード（内国株式）	7050	銀行業	15	銀行	-	-	2358.0	2.33	55.0	2.33	55.0	2.33	配当あり	いいえ	12.35	0.4	125.8	2656.0	1641.0	Financial Services			OK	通常掲載可	OK	12182.0		36.13	5.53	0.35	8855.0	191.0	28.8	3.31	0
8366	滋賀銀行	プライム（内国株式）	7050	銀行業	15	銀行	6	TOPIX Small 1	3050.0	1.64	50.0	1.64	50.0	1.64	配当あり	いいえ	33.0	1.09	7011.3	3115.0	1196.0	Financial Services			OK	通常掲載可	OK	122382.0		18.46	6.64	1.7	-4326.0	92.42	54.1	4.44	1
8367	南都銀行	プライム（内国株式）	7050	銀行業	15	銀行	6	TOPIX Small 1	2023.0	2.77	56.0	2.77	56.0	2.77	配当あり	いいえ	18.62	1.04	3177.4	2121.0	925.0	Financial Services			OK	通常掲載可	OK	82487.0		8.04	4.49	0.95	-443244.0	108.67	51.53	6.1	4
8368	百五銀行	プライム（内国株式）	7050	銀行業	15	銀行	6	TOPIX Small 1	2584.0	1.63	42.0	1.63	42.0	1.63	配当あり	いいえ	23.53	1.19	6237.5	2636.0	881.0	Financial Services			OK	通常掲載可	OK	132588.0		28.07	6.77	0.91	24112.0	109.82	38.24	6.42	8
8370	紀陽銀行	プライム（内国株式）	7050	銀行業	15	銀行	6	TOPIX Small 1	1760.0	5.91	104.0	5.91	104.0	5.91	配当あり	いいえ	15.55	0.46	3401.0	1823.33	915.67	Financial Services			OK	通常掲載可	OK	92668.0		15.46	4.05	2.94	-12059.0	113.17	91.9	9.36	1
8377	ほくほくフィナンシャルグループ	プライム（内国株式）	7050	銀行業	15	銀行	4	TOPIX Mid400	882.6	1.7	15.0	1.7	15.0	1.7	配当あり	いいえ	18.9	1.4	10514.6	8692.0	831.5	Financial Services			OK	通常掲載可	OK	207938.0		23.27	4.29	1.59	64851.0	46.69	32.13	9.72	0
8381	山陰合同銀行	プライム（内国株式）	7050	銀行業	15	銀行	6	TOPIX Small 1	2585.0	2.63	68.0	2.63	68.0	2.63	配当あり	いいえ	17.39	1.19	3851.2	2701.0	1285.0	Financial Services			OK	通常掲載可	OK	122456.0		7.47	3.55	4.68	126966.0	148.64	45.75	8.11	2
8383	鳥取銀行	スタンダード（内国株式）	7050	銀行業	15	銀行	-	-	1951.0	2.56	50.0	2.56	50.0	2.56	配当あり	いいえ	11.68	0.35	182.6	2042.0	1296.0	Financial Services			OK	通常掲載可	OK	14481.0		4.36	4.48	0.47	-5061.0	167.01	29.94	3.7	0
8386	百十四銀行	プライム（内国株式）	7050	銀行業	15	銀行	6	TOPIX Small 1	3230.0	2.17	70.0	2.17	70.0	2.17	配当あり	いいえ	19.46	0.94	3652.8	3325.0	1195.0	Financial Services			OK	通常掲載可	OK	87201.0		21.88	6.58	1.23	-144995.0	166.02	42.16	5.57	2
8387	四国銀行	プライム（内国株式）	7050	銀行業	15	銀行	7	TOPIX Small 2	4595.0	1.87	86.0	1.87	86.0	1.87	配当あり	いいえ	11.43	0.97	1924.6	4835.0	1352.0	Financial Services			OK	通常掲載可	OK	58280.0		23.78	5.44	1.2	-29126.0	402.06	21.39	9.56	2
8388	阿波銀行	プライム（内国株式）	7050	銀行業	15	銀行	6	TOPIX Small 1	2234.0	1.97	44.0	1.97	44.0	1.97	配当あり	いいえ	28.17	0.21	4342.5	2267.0	688.0	Financial Services			OK	通常掲載可	OK	82838.0		17.55	9.58	0.56	10464.0	79.31	55.48	4.66	2
8392	大分銀行	プライム（内国株式）	7050	銀行業	15	銀行	7	TOPIX Small 2	3255.0	1.54	50.0	1.54	50.0	1.54	配当あり	いいえ	23.75	0.93	2464.6	3350.0	930.0	Financial Services			OK	通常掲載可	OK	83387.0		19.99	5.46	1.34	-220725.0	137.04	36.49	4.69	3
8393	宮崎銀行	プライム（内国株式）	7050	銀行業	15	銀行	7	TOPIX Small 2	2924.0	1.92	56.0	1.92	56.0	1.92	配当あり	いいえ	17.54	1.06	2453.6	3050.0	840.0	Financial Services			OK	通常掲載可	OK	63740.0		10.14	5.45	1.24	-111997.0	166.69	33.6	6.99	2
8395	佐賀銀行	プライム（内国株式）	7050	銀行業	15	銀行	7	TOPIX Small 2	6940.0	1.59	110.0	1.59	110.0	1.59	配当あり	いいえ	13.75	0.89	1172.9	7090.0	2988.0	Financial Services			OK	通常掲載可	OK	60297.0		25.85	3.93	0.1	-79875.0	504.7	21.8	8.17	2
8399	琉球銀行	プライム（内国株式）	7050	銀行業	15	銀行	6	TOPIX Small 1	3270.0	3.0	98.0	3.0	98.0	3.0	配当あり	いいえ	14.77	0.91	1340.9	3435.0	1381.0	Financial Services			OK	通常掲載可	OK	67357.0		10.96	4.68	0.11	13136.0	221.38	44.27	6.54	4
8410	セブン銀行	プライム（内国株式）	7050	銀行業	15	銀行	4	TOPIX Mid400	341.7	3.22	11.0	3.22	11.0	3.22	配当あり	いいえ	28.17	1.42	3991.0	351.0	261.8	Financial Services			OK	通常掲載可	OK	161527.0		3.11	18.15	0.4	57656.0	12.13	90.68	6.2	0
8411	みずほフィナンシャルグループ	プライム（内国株式）	7050	銀行業	15	銀行	1	TOPIX Core30	8611.0	1.74	150.0	1.74	150.0	1.74	配当あり	いいえ	15.36	1.82	208438.5	8903.0	4569.0	Financial Services			OK	通常掲載可	OK	4221805.0		15.82	3.74	2.31	-5157484.0	560.58	26.76	12.49	5
8416	高知銀行	スタンダード（内国株式）	7050	銀行業	15	銀行	-	-	1210.0	2.07	25.0	2.07	25.0	2.07	配当あり	いいえ	25.77	0.27	122.7	1483.0	820.0	Financial Services			OK	通常掲載可	OK	23967.0		12.63	3.97	1.64	21581.0	46.95	53.25	-0.27	0
8418	山口フィナンシャルグループ	プライム（内国株式）	7050	銀行業	15	銀行	4	TOPIX Mid400	3502.0	2.74	96.0	2.74	96.0	2.74	配当あり	いいえ	22.27	1.03	7057.6	3589.0	1637.5	Financial Services			OK	通常掲載可	OK	207023.0		23.08	5.07	1.45	-256330.0	157.24	61.05	5.7	8
8424	芙蓉総合リース	プライム（内国株式）	7200	その他金融業	16	金融（除く銀行）	4	TOPIX Mid400	4374.0	3.93	172.0	3.93	172.0	3.93	配当あり	いいえ	18.32	0.77	3945.4	4664.0	3938.0	Industrials			OK	通常掲載可	OK	788669.0	5.14	16.26	13.09	5.94	-164915.0	238.73	72.05	4.66	0
8425	みずほリース	プライム（内国株式）	7200	その他金融業	16	金融（除く銀行）	6	TOPIX Small 1	1311.0	3.97	52.0	3.97	52.0	3.97	配当あり	いいえ	7.71	0.81	3673.2	1544.0	1222.0	Financial Services			OK	通常掲載可	OK	921592.0	4.85	32.52	10.25	7.95	-18413.0	169.94	30.6	13.15	13
8439	東京センチュリー	プライム（内国株式）	7200	その他金融業	16	金融（除く銀行）	4	TOPIX Mid400	2624.0	3.43	90.0	3.43	90.0	3.43	配当あり	いいえ	11.56	1.1	12825.1	2794.0	1778.5	Industrials			OK	通常掲載可	OK	1457670.0	10.17	6.51	15.56	4.59	-76934.0	226.98	39.65	10.88	16
8473	ＳＢＩホールディングス	プライム（内国株式）	7100	証券、商品先物取引業	16	金融（除く銀行）	4	TOPIX Mid400	3157.0	3.33	105.0	3.33	105.0	3.33	配当あり	いいえ	5.06	1.09	20406.6	3866.0	2631.0	Financial Services			OK	通常掲載可	OK	1896607.0	25.18	31.37	4.69	3.91	1652655.0	624.5	16.81	23.42	2
8508	Ｊトラスト	スタンダード（内国株式）	7200	その他金融業	16	金融（除く銀行）	-	-	791.0	2.15	17.0	2.15	17.0	2.15	配当あり	いいえ	7.41	0.65	1026.8	954.0	394.0	Financial Services			OK	通常掲載可	OK	124265.0	8.77	-2.46	12.27	0.5	5295.0	106.71	15.93	8.34	1
8511	日本証券金融	プライム（内国株式）	7200	その他金融業	16	金融（除く銀行）	6	TOPIX Small 1	2431.0	3.87	94.0	3.87	94.0	3.87	配当あり	いいえ	18.73	1.4	1963.4	2599.0	1735.0	Financial Services			OK	通常掲載可	OK	24594.0		10.89	0.89	26.33	134753.0	129.82	72.41	8.93	5
8518	日本アジア投資	スタンダード（内国株式）	7100	証券、商品先物取引業	16	金融（除く銀行）	-	-	147.0						配当未取得			0.51	40.4	315.0	115.0	Financial Services	配当未取得	1株配当が取得できていない	除外推奨	掲載非推奨	OK_配当データ要確認	2117.0	-13.13	-31.53	35.87	1.35	-129.0	-1.98		-0.85	
8522	名古屋銀行	プライム（内国株式）	7050	銀行業	15	銀行	6	TOPIX Small 1	7220.0	2.77	200.0	2.77	200.0	2.77	配当あり	いいえ	17.51	1.13	3552.0	7540.0	3280.0	Financial Services			OK	通常掲載可	OK	99961.0		12.1	5.0	1.21	136401.0	412.26	48.51	7.3	2
8524	北洋銀行	プライム（内国株式）	7050	銀行業	15	銀行	6	TOPIX Small 1	1365.0	2.34	32.0	2.34	32.0	2.34	配当あり	いいえ	20.07	1.29	5106.7	1400.0	672.0	Financial Services			OK	通常掲載可	OK	197028.0		51.71	2.92	1.7	-385973.0	68.01	47.05	7.03	2
8537	大光銀行	スタンダード（内国株式）	7050	銀行業	15	銀行	-	-	3430.0	3.09	106.0	3.09	106.0	3.09	配当あり	いいえ	11.67	0.4	326.9	3475.0	1625.0	Financial Services			OK	通常掲載可	OK	23561.0		25.33	4.75	0.98	3251.0	293.91	36.07	2.85	2
8541	愛媛銀行	プライム（内国株式）	7050	銀行業	15	銀行	7	TOPIX Small 2	3575.0	1.34	48.0	1.34	48.0	1.34	配当あり	いいえ	19.36	0.97	1397.0	3735.0	1120.0	Financial Services			OK	通常掲載可	OK	45954.0		4.82	4.68	0.46	92649.0	184.63	26.0	5.1	0
8542	トマト銀行	スタンダード（内国株式）	7050	銀行業	15	銀行	-	-	1948.0	2.57	50.0	2.57	50.0	2.57	配当あり	いいえ	19.65	0.38	224.9	2005.0	1307.0	Financial Services			OK	通常掲載可	OK	21416.0		-3.57	4.14	0.7	8939.0	99.15	50.43	4.42	0
8544	京葉銀行	プライム（内国株式）	7050	銀行業	15	銀行	6	TOPIX Small 1	2922.0	2.26	66.0	2.26	66.0	2.26	配当あり	いいえ	22.18	1.06	3392.7	3040.0	1214.0	Financial Services			OK	通常掲載可	OK	89521.0		26.87	4.87	1.22	-116331.0	131.72	50.11	5.61	5
8550	栃木銀行	プライム（内国株式）	7050	銀行業	15	銀行	7	TOPIX Small 2	1168.0	2.57	30.0	2.57	30.0	2.57	配当あり	いいえ	14.66	0.74	1216.3	1216.0	463.0	Financial Services			OK	通常掲載可	OK	42414.0		11.94	4.77	0.28	-179055.0	79.67	37.66	5.5	2
8551	北日本銀行	プライム（内国株式）	7050	銀行業	15	銀行	7	TOPIX Small 2	2936.0	2.18	64.0	2.18	64.0	2.18	配当あり	いいえ	16.68	0.75	708.8	3100.0	1173.33	Financial Services			OK	通常掲載可	OK	25045.0		9.67	6.08	0.02	17835.0	176.04	36.36	5.46	2
8558	東和銀行	プライム（内国株式）	7050	銀行業	15	銀行	7	TOPIX Small 2	1532.0	3.26	50.0	3.26	50.0	3.26	配当あり	いいえ		0.64	542.9	1623.0	875.0	Financial Services			OK	通常掲載可	OK	33779.0		13.54	3.72	1.56	-954.0	-663.82		-32.92	0
8562	福島銀行	スタンダード（内国株式）	7050	銀行業	15	銀行	-	-	411.0	1.22	5.0	1.22	5.0	1.22	配当あり	いいえ	19.48	0.59	143.3	449.0	219.0	Financial Services			OK	通常掲載可	OK	11963.0		2.99	3.0	0.06	-23354.0	21.1	23.7	3.91	0
8563	大東銀行	スタンダード（内国株式）	7050	銀行業	15	銀行	-	-	1240.0	3.23	40.0	3.23	40.0	3.23	配当あり	いいえ	9.35	0.56	157.1	1250.0	730.0	Financial Services			OK	通常掲載可	OK	12047.0		8.16	3.35	0.0	-5869.0	132.68	30.15	5.48	1
8566	リコーリース	プライム（内国株式）	7200	その他金融業	16	金融（除く銀行）	6	TOPIX Small 1	6610.0	2.81	186.0	2.81	186.0	2.81	配当あり	いいえ	15.9	0.84	2037.5	6950.0	5530.0	Financial Services			OK	通常掲載可	OK	338579.0	6.09	8.46	16.49	4.53	-51725.0	415.77	44.74	5.3	1
8570	イオンフィナンシャルサービス	プライム（内国株式）	7200	その他金融業	16	金融（除く銀行）	4	TOPIX Mid400	1518.0	3.49	53.0	3.49	53.0	3.49	配当あり	いいえ	15.53	0.69	3277.1	1860.0	1413.5	Financial Services			OK	通常掲載可	OK	471306.0		4.33	5.74	2.95	266769.0	97.76	54.21	6.05	0
8572	アコム	スタンダード（内国株式）	7200	その他金融業	16	金融（除く銀行）	4	TOPIX Mid400	458.0	4.8	22.0	4.8	22.0	4.8	配当あり	いいえ	9.01	1.0	7175.1	539.9	430.1	Financial Services			OK	通常掲載可	OK	337706.0	29.73	6.28	44.48	1.02	6262.0	50.84	43.27	9.35	7
8584	ジャックス	プライム（内国株式）	7200	その他金融業	16	金融（除く銀行）	6	TOPIX Small 1	3520.0	5.68	200.0	5.68	200.0	5.68	配当あり	いいえ	9.27	0.53	1576.2	4465.0	3330.0	Financial Services			OK	通常掲載可	OK	192313.0	10.61	0.7	7.91	9.68	12099.0	379.81	52.66	4.9	0
8585	オリエントコーポレーション	プライム（内国株式）	7200	その他金融業	16	金融（除く銀行）	6	TOPIX Small 1	802.0	4.99	40.0	4.99	40.0	4.99	配当あり	いいえ	10.65	0.56	1372.9	1173.0	797.0	Financial Services			OK	通常掲載可	OK	247630.0	5.83	0.96	8.81	8.28	4950.0	75.31	53.11	4.63	0
8591	オリックス	プライム（内国株式）	7200	その他金融業	16	金融（除く銀行）	2	TOPIX Large70	5911.0	2.87	169.61	2.87	169.61	2.87	配当あり	いいえ	10.5	1.37	61473.6	6680.0	3672.0	Financial Services			OK	通常掲載可	OK	2168961.0		18.57	24.9	1.46	37132.0	562.73	30.14	14.04	2
8593	三菱ＨＣキャピタル	プライム（内国株式）	7200	その他金融業	16	金融（除く銀行）	4	TOPIX Mid400	1325.0	3.92	52.0	3.92	52.0	3.92	配当あり	いいえ	13.95	0.95	18997.8	1541.5	1169.0	Financial Services			OK	通常掲載可	OK	2215384.0	10.85	5.96	15.21	4.64	-367537.0	95.0	54.74	7.2	5
8595	ジャフコ　グループ	プライム（内国株式）	7100	証券、商品先物取引業	16	金融（除く銀行）	4	TOPIX Mid400	2220.5	5.99	133.0	5.99	133.0	5.99	配当あり	いいえ	18.48	0.87	1169.3	2590.0	2124.5	Financial Services			OK	通常掲載可	OK	21619.0	25.94	-23.31	84.96	0.11	5564.0	120.18	110.67	4.63	1
8596	九州リースサービス	スタンダード（内国株式）	7200	その他金融業	16	金融（除く銀行）	-	-	1538.0	4.03	62.0	4.03	62.0	4.03	配当あり	いいえ	8.85	0.75	348.3	1690.0	1274.0	Industrials			OK	通常掲載可	OK	35835.0	16.99	-8.9	20.65	3.39	-7829.0	173.79	35.68	9.66	4
8600	トモニホールディングス	プライム（内国株式）	7050	銀行業	15	銀行	6	TOPIX Small 1	1187.0	2.53	30.0	2.53	30.0	2.53	配当あり	いいえ	14.37	0.75	2281.6	1234.0	634.0	Financial Services			OK	通常掲載可	OK	85940.0		0.05	5.67	0.48	13698.0	82.62	36.31	5.92	5
8601	大和証券グループ本社	プライム（内国株式）	7100	証券、商品先物取引業	16	金融（除く銀行）	4	TOPIX Mid400	1802.5	3.88	70.0	3.88	70.0	3.88	配当あり	いいえ	14.58	1.39	25029.0	1898.0	1117.5	Financial Services			OK	通常掲載可	OK	886850.0		13.69	4.65	3.26	327222.0	123.65	56.61	10.96	3
8604	野村ホールディングス	プライム（内国株式）	7100	証券、商品先物取引業	16	金融（除く銀行）	2	TOPIX Large70	1548.5	3.29	51.0	3.29	51.0	3.29	配当あり	いいえ	11.62	1.18	45256.3	1688.0	1029.0	Financial Services			OK	通常掲載可	OK	1841954.0		10.8	5.92	4.81	-1196778.0	133.22	38.28	11.16	3
8609	岡三証券グループ	プライム（内国株式）	7100	証券、商品先物取引業	16	金融（除く銀行）	6	TOPIX Small 1	1241.0	3.22	40.0	3.22	40.0	3.22	配当あり	いいえ	11.65	1.06	2491.9	1278.0	655.0	Financial Services			OK	通常掲載可	OK	100277.0		19.33	16.49	2.34	59309.0	106.48	37.57	12.67	0
8613	丸三証券	プライム（内国株式）	7100	証券、商品先物取引業	16	金融（除く銀行）	6	TOPIX Small 1	1249.0	3.36	42.0	3.36	42.0	3.36	配当あり	いいえ	16.53	1.61	828.2	1328.0	913.0	Financial Services			OK	通常掲載可	OK	21723.0	24.76	15.25	58.14	0.03	8056.0	75.57	55.58	9.98	0
8614	東洋証券	プライム（内国株式）	7100	証券、商品先物取引業	16	金融（除く銀行）	7	TOPIX Small 2	706.0	7.08	50.0	7.08	50.0	7.08	配当あり	いいえ	12.18	1.68	479.5	802.0	521.0	Financial Services			OK	通常掲載可	OK	13574.0	20.73	20.25	42.58	0.48	-906.0	57.96	86.27	18.45	2
8616	東海東京フィナンシャル・ホールディングス	プライム（内国株式）	7100	証券、商品先物取引業	16	金融（除く銀行）	6	TOPIX Small 1	889.0	5.06	45.0	5.06	45.0	5.06	配当あり	いいえ	13.58	1.15	2256.4	928.0	562.0	Financial Services			OK	通常掲載可	OK	97715.0	15.17	13.19	12.83	3.73	1095.0	65.47	68.73	12.92	2
8617	光世証券	スタンダード（内国株式）	7100	証券、商品先物取引業	16	金融（除く銀行）	-	-	606.0	1.65	10.0	1.65	10.0	1.65	配当あり	いいえ	27.1	0.34	57.1	651.0	432.0	Financial Services			OK	通常掲載可	OK	1110.0	4.32	99.64	72.81	0.02	-237.0	22.36	44.72	2.72	0
8622	水戸証券	プライム（内国株式）	7100	証券、商品先物取引業	16	金融（除く銀行）	7	TOPIX Small 2	897.0	4.68	42.0	4.68	42.0	4.68	配当あり	いいえ	17.48	1.24	540.3	1000.0	501.0	Financial Services			OK	通常掲載可	OK	16070.0	19.6	14.95	58.47	0.09	3438.0	51.31	81.86	10.34	1
8624	いちよし証券	プライム（内国株式）	7100	証券、商品先物取引業	16	金融（除く銀行）	7	TOPIX Small 2	1668.0	5.22	87.0	5.22	87.0	5.22	配当あり	いいえ	12.19	1.74	536.4	1797.0	808.0	Financial Services			OK	通常掲載可	OK	24577.0	25.07	30.72	56.25	0.01	3529.0	136.78	63.61	20.18	1
8628	松井証券	プライム（内国株式）	7100	証券、商品先物取引業	16	金融（除く銀行）	6	TOPIX Small 1	1131.0	4.95	56.0	4.95	56.0	4.95	配当あり	いいえ	18.87	3.57	2913.4	1226.0	747.0	Financial Services			OK	通常掲載可	OK	49144.0		32.25	6.08	4.43	-563.0	59.94	93.43	23.19	2
8630	ＳＯＭＰＯホールディングス	プライム（内国株式）	7150	保険業	16	金融（除く銀行）	2	TOPIX Large70	6620.0	3.02	200.0	3.02	200.0	3.02	配当あり	いいえ	26.74	1.11	58705.1	7413.0	4436.0	Financial Services			OK	通常掲載可	OK	5253145.0		-10.35	27.78	0.14	646453.0	247.59	80.78	14.43	9
8697	日本取引所グループ	プライム（内国株式）	7200	その他金融業	16	金融（除く銀行）	2	TOPIX Large70	2327.0	3.52	82.0	3.52	82.0	3.52	配当あり	いいえ	39.56	7.39	23699.0	2363.5	1597.0	Financial Services			OK	通常掲載可	OK	164172.0	54.26	-17.52	0.48	0.15	99277.0	58.82	139.41	18.68	2
8698	マネックスグループ	プライム（内国株式）	7100	証券、商品先物取引業	16	金融（除く銀行）	6	TOPIX Small 1	707.0	4.36	30.8	4.36	30.8	4.36	配当あり	いいえ	16.29	1.36	1777.1	859.0	609.0	Financial Services			OK	通常掲載可	OK	89824.0	26.04	15.71	16.93	0.89	12832.0	43.41	70.95	8.31	6
8699	ＨＳホールディングス	スタンダード（内国株式）	7100	証券、商品先物取引業	16	金融（除く銀行）	-	-	1113.0	0.9	10.0	0.9	10.0	0.9	配当あり	いいえ	2.28	0.32	335.0	1339.0	968.0	Financial Services			OK	通常掲載可	OK	58234.0		57.44	75.83	0.02	1612.0	488.03	2.05	14.81	0
8700	丸八証券	スタンダード（内国株式）	7100	証券、商品先物取引業	16	金融（除く銀行）	-	-	2110.0	4.74	100.0	4.74	100.0	4.74	配当あり	いいえ	12.32	1.01	78.7	2221.0	1591.0	Financial Services			OK	通常掲載可	OK	3576.3	20.68	16.04	65.95	0.05	1056.1	171.33	58.37	12.3	0
8704	トレイダーズホールディングス	スタンダード（内国株式）	7100	証券、商品先物取引業	16	金融（除く銀行）	-	-	1438.0	3.2	46.0	3.2	46.0	3.2	配当あり	いいえ	9.15	1.83	379.3	1478.0	834.0	Financial Services			OK	通常掲載可	OK	13216.0	46.64	-1.58	11.99	0.06	-1235.0	157.17	29.27	24.25	4
8705	日産証券グループ	スタンダード（内国株式）	7100	証券、商品先物取引業	16	金融（除く銀行）	-	-	218.0	2.75	6.0	2.75	6.0	2.75	配当あり	いいえ	11.53	0.85	107.9	313.0	162.0	Financial Services			OK	通常掲載可	OK	8631.1	17.0	17.06	4.65	0.46	4967.0	18.9	31.75	7.09	0
8706	極東証券	プライム（内国株式）	7100	証券、商品先物取引業	16	金融（除く銀行）	6	TOPIX Small 1	1787.0	6.16	110.0	6.16	110.0	6.16	配当あり	いいえ	11.89	1.08	562.9	1970.0	1435.0	Financial Services			OK	通常掲載可	OK	12084.0		1.8	65.15	0.26	-2362.0	150.29	73.19	10.41	0
8707	岩井コスモホールディングス	プライム（内国株式）	7100	証券、商品先物取引業	16	金融（除く銀行）	6	TOPIX Small 1	4685.0	4.91	230.0	4.91	230.0	4.91	配当あり	いいえ	10.57	1.48	1100.4	4820.0	2584.0	Financial Services			OK	通常掲載可	OK	32257.0	40.34	25.28	34.88	0.39	2254.0	443.2	51.9	16.56	2
8708	アイザワ証券グループ	プライム（内国株式）	7100	証券、商品先物取引業	16	金融（除く銀行）	7	TOPIX Small 2	1680.0	2.8	47.0	2.8	47.0	2.8	配当あり	いいえ	19.0	1.09	524.0	1891.0	1250.0	Financial Services			OK	通常掲載可	OK	20972.0	0.14	1.88	38.19	0.57	4278.0	88.41	53.16	7.39	2
8713	フィデアホールディングス	プライム（内国株式）	7050	銀行業	15	銀行	7	TOPIX Small 2	2835.0	2.65	75.0	2.65	75.0	2.65	配当あり	いいえ	12.39	0.56	509.1	2933.0	1513.0	Financial Services			OK	通常掲載可	OK	46403.0		0.62	2.94	1.21	-43024.0	228.78	32.78	5.35	0
8714	池田泉州ホールディングス	プライム（内国株式）	7050	銀行業	15	銀行	6	TOPIX Small 1	1130.0	2.43	27.5	2.43	27.5	2.43	配当あり	いいえ	18.18	1.25	3146.4	1160.0	613.0	Financial Services			OK	通常掲載可	OK	94315.0		18.87	3.8	1.56	21623.0	62.15	44.25	7.97	2
8715	アニコム　ホールディングス	プライム（内国株式）	7150	保険業	16	金融（除く銀行）	6	TOPIX Small 1	1004.0	1.34	13.5	1.34	13.5	1.34	配当あり	いいえ	33.67	2.51	731.1	1710.0	752.0	Financial Services			OK	通常掲載可	OK	73818.0		9.49	37.74	0.17	-591.0	29.82	45.27	13.95	4
8725	ＭＳ＆ＡＤインシュアランスグループホールディングス	プライム（内国株式）	7150	保険業	16	金融（除く銀行）	2	TOPIX Large70	4886.0	2.87	140.0	2.87	140.0	2.87	配当あり	いいえ	9.24	1.06	69772.7	5326.0	3108.0	Financial Services			OK	通常掲載可	OK	14935359.0		14.32	16.65	0.21	671722.0	528.67	26.48	16.09	7
8729	ソニーフィナンシャルグループ	プライム（内国株式）	7150	保険業	16	金融（除く銀行）	1	TOPIX Core30	153.2	5.22	8.0	5.22	8.0	5.22	配当あり	いいえ	20.37	1.17	10277.3	180.4	129.3	Financial Services			OK	通常掲載可	OK	2499115.0		3.49	2.64	2.43	416798.0	7.52	106.38	11.84	
8737	あかつき本社	スタンダード（内国株式）	7100	証券、商品先物取引業	16	金融（除く銀行）	-	-	586.0	5.12	30.0	5.12	30.0	5.12	配当あり	いいえ	4.38	0.84	177.4	770.0	510.0	Financial Services			OK	通常掲載可	OK	68718.3	9.3	20.71	20.24	2.14	-4497.2	133.91	22.4	21.67	3
8739	スパークス・グループ	プライム（内国株式）	7100	証券、商品先物取引業	16	金融（除く銀行）	7	TOPIX Small 2	2676.0	4.11	110.0	4.11	110.0	4.11	配当あり	いいえ	16.59	2.6	1058.6	2710.0	1422.0	Financial Services			OK	通常掲載可	OK	19577.0	46.1	9.0	68.06	0.26	5697.0	161.35	68.17	20.83	2
8742	小林洋行	スタンダード（内国株式）	7100	証券、商品先物取引業	16	金融（除く銀行）	-	-	588.0	1.02	6.0	1.02	6.0	1.02	配当あり	いいえ	24.75	0.69	68.9	649.0	313.0	Financial Services			OK	通常掲載可	OK	5047.6	3.61	7.85	41.92	0.0	403.1	23.76	25.25	3.15	0
8746	ｕｎｂａｎｋｅｄ	スタンダード（内国株式）	7100	証券、商品先物取引業	16	金融（除く銀行）	-	-	136.0						配当未取得			0.52	24.7	583.0	91.0	Financial Services	配当未取得	1株配当が取得できていない	除外推奨	掲載非推奨	OK_配当データ要確認	9394.0	-29.72	-1.0	10.63	0.12	-4043.0	-439.12		-64.57	0
8747	豊トラスティ証券	スタンダード（内国株式）	7100	証券、商品先物取引業	16	金融（除く銀行）	-	-	2253.0	9.32	210.0	9.32	210.0	9.32	配当あり	いいえ	2.92	0.75	128.3	3445.0	1694.0	Financial Services	高利回り要確認	配当利回りが8%以上	要確認	手動確認後に掲載	OK_高利回り要確認	12991.6	48.37	69.56	6.35	0.04	2929.6	772.33	27.19	27.43	2
8750	第一ライフグループ	プライム（内国株式）	7150	保険業	16	金融（除く銀行）	2	TOPIX Large70	1818.0	3.96	72.0	3.96	72.0	3.96	配当あり	いいえ	14.99	1.43	65487.8	1959.0	1052.0	Financial Services			OK	通常掲載可	OK	10517702.0		15.58	5.74	0.32	672372.0	121.26	59.38	13.58	0
8766	東京海上ホールディングス	プライム（内国株式）	7150	保険業	16	金融（除く銀行）	1	TOPIX Core30	521.0	25.08	130.67	25.08	130.67	25.08	配当あり	いいえ	1.93	0.12	147677.1	564.53	353.33	Financial Services	異常値疑い / 配当異常値疑い	1株配当が株価の15%以上 / 配当利回りが15%以上	要確認	手動確認後に掲載	OK_異常値疑い	8310156.0		6.51	24.11	0.09	1231830.0	270.56	48.3	6.22	5
8769	アドバンテッジリスクマネジメント	スタンダード（内国株式）	9050	サービス業	10	情報通信・サービスその他	-	-	514.0	3.7	19.0	3.7	19.0	3.7	配当あり	いいえ	11.76	1.89	80.7	693.0	451.0	Healthcare			OK	通常掲載可	OK	9923.8	10.05	16.01	51.04	0.34	1203.3	43.72	43.46	17.32	2
8771	イー・ギャランティ	プライム（内国株式）	7200	その他金融業	16	金融（除く銀行）	6	TOPIX Small 1	1735.0	4.84	84.0	4.84	84.0	4.84	配当あり	いいえ	22.52	3.93	771.9	1907.0	1493.0	Financial Services			OK	通常掲載可	OK	11029.5	47.16	7.88	69.32		3852.9	77.03	109.05	16.17	4
8772	アサックス	スタンダード（内国株式）	7200	その他金融業	16	金融（除く銀行）	-	-	916.0	2.4	22.0	2.4	22.0	2.4	配当あり	いいえ	7.58	0.57	302.1	966.0	768.0	Financial Services			OK	通常掲載可	OK	8779.4	66.29	16.75	40.55	1.41	-6610.2	120.82	18.21	7.75	0
8783	ａｂｃ	スタンダード（内国株式）	7200	その他金融業	16	金融（除く銀行）	-	-	45.0						配当未取得			0.2	22.4	348.0	43.0	Financial Services	配当未取得	1株配当が取得できていない	除外推奨	掲載非推奨	OK_配当データ要確認	3311.8	-79.02	-20.67	35.43	0.93	-2573.9	-337.58			
8789	フィンテック　グローバル	スタンダード（内国株式）	7200	その他金融業	16	金融（除く銀行）	-	-	156.0	3.21	5.0	3.21	5.0	3.21	配当あり	いいえ	7.51	2.01	297.4	178.0	101.0	Financial Services			OK	通常掲載可	OK	14432.8	23.6	4.53	40.63	1.07	-664.7	20.76	24.08	37.02	1
8793	ＮＥＣキャピタルソリューション	プライム（内国株式）	7200	その他金融業	16	金融（除く銀行）	7	TOPIX Small 2	4100.0	3.66	150.0	3.66	150.0	3.66	配当あり	いいえ	9.74	0.67	883.3	4385.0	3770.0	Industrials			OK	通常掲載可	OK	306155.0	3.47	20.12	9.71	8.37	-66070.0	421.07	35.62	5.73	5
8795	Ｔ＆Ｄホールディングス	プライム（内国株式）	7150	保険業	16	金融（除く銀行）	4	TOPIX Mid400	4775.0	3.43	164.0	3.43	164.0	3.43	配当あり	いいえ	17.09	1.37	22657.7	5176.0	3186.0	Financial Services			OK	通常掲載可	OK	2725570.0		16.57	9.31	0.14	136797.0	279.34	58.71	9.34	5
8798	アドバンスクリエイト	プライム（内国株式）	7150	保険業	16	金融（除く銀行）	7	TOPIX Small 2	89.0						配当未取得			7.36	32.9	350.0	87.0	Financial Services	配当未取得	1株配当が取得できていない	除外推奨	掲載非推奨	OK_配当データ要確認	6608.1	-9.18	-15.9	5.44	10.22	-4169.1	-7.68			0
8801	三井不動産	プライム（内国株式）	8050	不動産業	17	不動産	2	TOPIX Large70	1475.0	2.51	37.0	2.51	37.0	2.51	配当あり	いいえ	14.6	1.22	39709.7	2158.0	1425.0	Real Estate			OK	通常掲載可	OK	2709747.0	14.68	3.21	32.45	1.41	-91141.0	101.04	36.62	6.71	4
8802	三菱地所	プライム（内国株式）	8050	不動産業	17	不動産	2	TOPIX Large70	3592.0	1.39	50.0	1.39	50.0	1.39	配当あり	いいえ	19.84	1.59	43039.8	5407.0	3195.0	Real Estate			OK	通常掲載可	OK	1746148.0	18.88	10.53	31.4	1.33	-18836.0	181.04	27.62	10.7	2
8803	平和不動産	プライム（内国株式）	8050	不動産業	17	不動産	6	TOPIX Small 1	2302.0	3.82	88.0	3.82	88.0	3.82	配当あり	いいえ	14.01	1.23	1520.9	2548.0	2161.0	Real Estate			OK	通常掲載可	OK	50855.0	29.72	20.87	28.05	2.09	-5990.0	164.36	53.54	8.58	10
8804	東京建物	プライム（内国株式）	8050	不動産業	17	不動産	4	TOPIX Mid400	3255.0	3.99	130.0	3.99	130.0	3.99	配当あり	いいえ	10.95	1.11	6742.4	4374.0	2802.5	Real Estate			OK	通常掲載可	OK	474586.0	20.18	2.34	26.01	2.27	32106.0	297.18	43.74	10.64	12
8818	京阪神ビルディング	プライム（内国株式）	8050	不動産業	17	不動産	7	TOPIX Small 2	999.0	3.0	30.0	3.0	30.0	3.0	配当あり	いいえ	21.37	1.13	953.1	1182.0	804.5	Real Estate			OK	通常掲載可	OK	20255.0	27.87	3.43	43.85	1.05	6955.0	46.75	64.17	5.96	2
8830	住友不動産	プライム（内国株式）	8050	不動産業	17	不動産	2	TOPIX Large70	3180.0	1.64	52.0	1.64	52.0	1.64	配当あり	いいえ	13.93	1.15	29371.0	5358.0	3085.0	Real Estate			OK	通常掲載可	OK	1057765.0	28.28	4.29	34.38	1.61	-18353.0	228.32	22.78	9.36	9
8835	太平洋興発	スタンダード（内国株式）	6050	卸売業	13	商社・卸売	-	-	792.0	5.11	40.5	5.11	40.5	5.11	配当あり	いいえ	17.89	0.39	61.6	1545.0	735.0	Industrials			OK	通常掲載可	OK	42802.0	2.0	1.73	35.18	1.11	1110.0	44.27	91.48	1.57	0
8836	ＲＩＳＥ	スタンダード（内国株式）	8050	不動産業	17	不動産	-	-	26.0						配当未取得			1.47	25.0	38.0	22.0	Real Estate	配当未取得	1株配当が取得できていない	除外推奨	掲載非推奨	OK_配当データ要確認	432.0	10.88	12.79	91.64	0.01	54.0	-1.37		2.99	
8841	テーオーシー	スタンダード（内国株式）	8050	不動産業	17	不動産	7	TOPIX Small 2	992.0	1.11	11.0	1.11	11.0	1.11	配当あり	いいえ	37.59	0.84	875.1	1184.0	788.0	Real Estate			OK	通常掲載可	OK	15155.0	16.25	15.23	85.16	0.01	3349.0	26.39	41.68	2.75	0
8844	コスモスイニシア	スタンダード（内国株式）	8050	不動産業	17	不動産	-	-	1190.0	4.45	53.0	4.45	53.0	4.45	配当あり	いいえ	4.9	0.71	401.0	1510.0	1055.0	Real Estate			OK	通常掲載可	OK	149296.0	8.4	15.26	30.63	1.68	2919.0	242.97	21.81	10.74	3
8848	レオパレス２１	プライム（内国株式）	8050	不動産業	17	不動産	6	TOPIX Small 1	1020.0	0.98	10.0	0.97	10.0	0.98	配当あり	いいえ	24.39	6.73	3241.0	1060.0	598.0	Real Estate			OK	通常掲載可	OK	444819.0	8.09	3.01	23.04	0.8	37470.0	41.82	23.91	28.45	0
8850	スターツコーポレーション	プライム（内国株式）	8050	不動産業	17	不動産	6	TOPIX Small 1	4640.0	3.23	150.0	3.23	150.0	3.23	配当あり	いいえ	8.81	1.15	2199.5	5350.0	4390.0	Real Estate			OK	通常掲載可	OK	251911.0	14.4	8.13	53.51	0.36	518.0	526.64	28.48	13.92	5
8860	フジ住宅	プライム（内国株式）	8050	不動産業	17	不動産	7	TOPIX Small 2	721.0	4.44	32.0	4.44	32.0	4.44	配当あり	いいえ	5.45	0.44	257.9	930.0	704.0	Real Estate			OK	通常掲載可	OK	138332.2	6.0	11.62	30.21	1.96	-3546.1	132.23	24.2	7.43	2
8864	空港施設	スタンダード（内国株式）	8050	不動産業	17	不動産	7	TOPIX Small 2	940.0	4.47	42.0	4.47	42.0	4.47	配当あり	いいえ	13.51	0.75	464.2	1120.0	848.0	Real Estate			OK	通常掲載可	OK	36792.0	18.28	18.22	54.97	0.45	9943.0	69.56	60.38	4.54	2
8869	明和地所	スタンダード（内国株式）	8050	不動産業	17	不動産	7	TOPIX Small 2	802.0	4.99	40.0	4.99	40.0	4.99	配当あり	いいえ	4.91	0.5	188.1	1228.0	756.0	Real Estate			OK	通常掲載可	OK	90108.0	8.6	12.77	24.41	2.35	-15.0	163.21	24.51	5.04	0
8871	ゴールドクレスト	スタンダード（内国株式）	8050	不動産業	17	不動産	6	TOPIX Small 1	3075.0	5.2	160.0	5.2	160.0	5.2	配当あり	いいえ	17.44	0.73	1022.0	3850.0	3055.0	Real Estate			OK	通常掲載可	OK	30445.0	29.27	3.93	42.1	1.24	-108145.0	176.34	90.73	6.69	1
8876	リログループ	プライム（内国株式）	9050	サービス業	10	情報通信・サービスその他	4	TOPIX Mid400	2287.5	3.28	75.0	3.28	75.0	3.28	配当あり	いいえ	17.54	4.43	3470.2	2337.0	1617.0	Industrials			OK	通常掲載可	OK	151074.0	20.4	5.71	26.08	0.98	15422.0	130.39	57.52	29.44	4
8877	エスリード	プライム（内国株式）	8050	不動産業	17	不動産	7	TOPIX Small 2	5050.0	4.75	240.0	4.75	240.0	4.75	配当あり	いいえ	6.97	0.94	779.2	7560.0	4760.0	Real Estate			OK	通常掲載可	OK	116920.8	15.82	23.38	30.37	2.09	-39892.1	724.17	33.14	14.63	4
8881	日神グループホールディングス	プライム（内国株式）	8050	不動産業	17	不動産	7	TOPIX Small 2	647.0	5.72	37.0	5.72	37.0	5.72	配当あり	いいえ	7.2	0.43	302.2	836.0	584.0	Real Estate			OK	通常掲載可	OK	87815.9	7.61	15.19	48.65	0.8	-8167.0	89.81	41.2	5.82	0
8887	シーラホールディングス	スタンダード（内国株式）	8050	不動産業	17	不動産	-	-	363.0	3.86	14.0	3.86	14.0	3.86	配当あり	いいえ	2.05	0.01	136.3	504.0	333.0	Real Estate			OK	通常掲載可	OK	39331.0	8.1	625.78	26.63	2.45	-8426.0	177.14	7.9	10.43	0
8891	ＡＭＧホールディングス	スタンダード（内国株式）	8050	不動産業	17	不動産	-	-	2101.0	3.81	80.0	3.81	80.0	3.81	配当あり	いいえ	5.13	0.48	58.9	2849.0	1648.0	Real Estate			OK	通常掲載可	OK	31352.8	6.16	3.07	37.49	1.22	-567.7	409.27	19.55	11.0	1
8892	エスコン	プライム（内国株式）	8050	不動産業	17	不動産	6	TOPIX Small 1	1063.0	4.99	53.0	4.99	53.0	4.99	配当あり	いいえ	8.35	1.24	1019.3	1267.0	990.0	Real Estate			OK	通常掲載可	OK	137029.0	19.05	20.62	17.01	4.26	10362.0	127.35	41.62	13.3	0
8894	ＲＥＶＯＬＵＴＩＯＮ	スタンダード（内国株式）	8050	不動産業	17	不動産	-	-	17.0						配当未取得			2.96	25.7	72.0	15.0	Real Estate	配当未取得	1株配当が取得できていない	除外推奨	掲載非推奨	OK_配当データ要確認	34570.5	-12.01	521.07	2.5	9.98	-8559.8	-8.29		-87.4	
8897	ＭＩＲＡＲＴＨホールディングス	プライム（内国株式）	8050	不動産業	17	不動産	6	TOPIX Small 1	438.0	5.25	23.0	5.25	23.0	5.25	配当あり	いいえ	12.74	0.71	585.2	472.0	365.0	Real Estate			OK	通常掲載可	OK	214369.0	8.23	9.08	20.05	3.19	-26846.0	34.38	66.9	8.57	4
8898	センチュリー２１・ジャパン	スタンダード（内国株式）	8050	不動産業	17	不動産	-	-	1133.0	4.94	56.0	4.94	56.0	4.94	配当あり	いいえ	13.64	1.7	116.3	1190.0	1094.0	Real Estate			OK	通常掲載可	OK	4300.3	24.76	6.29	84.66	0.0	789.6	83.05	67.43	13.1	1
8904	ＡＶＡＮＴＩＡ	スタンダード（内国株式）	8050	不動産業	17	不動産	-	-	817.0	4.65	38.0	4.65	38.0	4.65	配当あり	いいえ	8.9	0.43	118.5	885.0	791.0	Consumer Cyclical			OK	通常掲載可	OK	69270.8	1.9	-2.47	39.42	1.33	921.9	91.75	41.42	4.11	0
8908	毎日コムネット	スタンダード（内国株式）	8050	不動産業	17	不動産	-	-	881.0	4.43	39.0	4.43	39.0	4.43	配当あり	いいえ	8.14	1.08	150.9	948.0	801.0	Real Estate			OK	通常掲載可	OK	27055.7	10.86	21.57	49.67	0.65	5969.1	108.22	36.04	13.86	2
8912	エリアクエスト	スタンダード（内国株式）	8050	不動産業	17	不動産	-	-	158.0	2.53	4.0	2.53	4.0	2.53	配当あり	いいえ	19.46	1.86	23.3	281.0	149.0	Real Estate			OK	通常掲載可	OK	2476.6	11.75	6.32	35.12	0.45	84.0	8.12	49.26	9.47	0
8914	エリアリンク	スタンダード（内国株式）	8050	不動産業	17	不動産	-	-	847.0	3.42	29.0	3.42	29.0	3.42	配当あり	いいえ	10.99	1.39	431.0	1335.0	796.0	Real Estate			OK	通常掲載可	OK	26418.2	20.71	6.97	45.61	0.88	-2839.9	77.08	37.62	13.5	5
8917	ファースト住建	スタンダード（内国株式）	8050	不動産業	17	不動産	-	-	1077.0	3.99	43.0	3.99	43.0	3.99	配当あり	いいえ	9.92	0.36	149.8	1263.0	999.0	Consumer Cyclical			OK	通常掲載可	OK	42883.7	5.81	19.17	65.96	0.35	1742.6	108.56	39.61	4.01	0
8918	ランド	スタンダード（内国株式）	8050	不動産業	17	不動産	7	TOPIX Small 2	10.0						配当未取得		34.48	1.61	153.8	12.0	8.0	Real Estate	配当未取得	1株配当が取得できていない	除外推奨	掲載非推奨	OK_配当データ要確認	3007.2	14.16	-40.94	88.77	0.07	-949.7	0.29		10.21	0
8919	カチタス	プライム（内国株式）	8050	不動産業	17	不動産	6	TOPIX Small 1	3500.0	2.57	90.0	2.57	90.0	2.57	配当あり	いいえ	21.98	5.12	2739.2	3890.0	2424.0	Consumer Cyclical			OK	通常掲載可	OK	151851.0	12.04	17.23	56.9	0.5	-5305.0	159.25	56.51	26.6	7
8920	東祥	スタンダード（内国株式）	9050	サービス業	10	情報通信・サービスその他	7	TOPIX Small 2	666.0	1.5	10.0	1.5	10.0	1.5	配当あり	いいえ	7.0	0.62	233.3	980.0	662.0	Industrials			OK	通常掲載可	OK	27595.5	27.08	-22.53	52.49	0.48	5174.1	95.1	10.52	10.98	1
8923	トーセイ	プライム（内国株式）	8050	不動産業	17	不動産	6	TOPIX Small 1	1733.0	3.17	55.0	3.17	55.0	3.17	配当あり	いいえ	10.49	1.51	1681.1	1943.0	1477.0	Real Estate			OK	通常掲載可	OK	94689.0	23.59	15.2	33.44	1.78	-1930.1	165.15	33.3	15.54	5
8927	明豊エンタープライズ	スタンダード（内国株式）	8050	不動産業	17	不動産	-	-	501.0	3.39	17.0	3.39	17.0	3.39	配当あり	いいえ	5.65	1.24	153.3	539.0	405.0	Real Estate			OK	通常掲載可	OK	29796.5	11.32	44.91	32.74	1.67	2831.7	88.73	19.16	25.07	4
8928	穴吹興産	スタンダード（内国株式）	8050	不動産業	17	不動産	-	-	2311.0	3.46	80.0	3.46	80.0	3.46	配当あり	いいえ	5.34	0.52	246.5	2914.0	2115.0	Real Estate			OK	通常掲載可	OK	130973.1	4.34	-2.62	29.41	1.73	-2210.9	432.85	18.48	10.13	0
8929	青山財産ネットワークス	スタンダード（内国株式）	8050	不動産業	17	不動産	-	-	1360.0	5.15	70.0	5.15	70.0	5.15	配当あり	いいえ	12.5	2.64	327.3	2076.0	1185.0	Real Estate			OK	通常掲載可	OK	41785.0	9.24	-8.4	44.44	0.53	769.0	108.82	64.33	23.01	12
8931	和田興産	スタンダード（内国株式）	8050	不動産業	17	不動産	-	-	1319.0	5.31	70.0	5.31	70.0	5.31	配当あり	いいえ	5.5	0.41	144.5	1792.0	1220.0	Real Estate			OK	通常掲載可	OK	42144.7	11.84	5.02	30.71	1.89	-11894.1	239.79	29.19	6.22	3
8934	サンフロンティア不動産	プライム（内国株式）	8050	不動産業	17	不動産	6	TOPIX Small 1	2275.0	3.52	80.0	3.52	80.0	3.52	配当あり	いいえ	7.83	0.96	1300.9	2885.0	2195.0	Real Estate			OK	通常掲載可	OK	116083.0	21.84	12.51	45.29	0.99	-24858.0	290.64	27.53	13.28	3
8935	ＦＪネクストホールディングス	プライム（内国株式）	8050	不動産業	17	不動産	7	TOPIX Small 2	1950.0	4.1	80.0	4.1	80.0	4.1	配当あり	いいえ	6.38	0.76	638.7	2085.0	1387.0	Real Estate			OK	通常掲載可	OK	142374.0	10.12	26.63	71.24	0.18	6826.0	305.76	26.16	15.04	2
8938	グローム・ホールディングス	グロース（内国株式）	8050	不動産業	17	不動産	-	-	316.0	0.95	3.0	0.95	3.0	0.95	配当あり	いいえ		0.39	32.9	633.0	268.0	Real Estate			OK	通常掲載可	OK	2003.0	-1.65	-1.96	92.12	0.01	-239.0	-58.81		-1.29	0
8944	ランドビジネス	スタンダード（内国株式）	8050	不動産業	17	不動産	-	-	254.0	2.36	6.0	2.36	6.0	2.36	配当あり	いいえ	36.92	0.28	50.4	348.0	224.0	Real Estate			OK	通常掲載可	OK	18603.1	3.41	86.49	28.49	2.08	528.7	6.88	87.21	10.63	0
8945	サンネクスタグループ	スタンダード（内国株式）	8050	不動産業	17	不動産	-	-	1094.0	4.02	44.0	4.02	44.0	4.02	配当あり	いいえ	16.95	1.25	102.3	1390.0	1012.0	Real Estate			OK	通常掲載可	OK	8371.4	7.81	0.29	72.59		556.7	64.54	68.17	7.49	7
8946	ＡＳＩＡＮ　ＳＴＡＲ	スタンダード（内国株式）	8050	不動産業	17	不動産	-	-	73.0						配当未取得			0.82	19.5	159.0	71.0	Real Estate	配当未取得	1株配当が取得できていない	除外推奨	掲載非推奨	OK_配当データ要確認	4541.3	4.31	35.49	58.39	0.35	-215.5	-3.22		-3.54	
8995	誠建設工業	スタンダード（内国株式）	8050	不動産業	17	不動産	-	-	1950.0	1.28	25.0	1.28	25.0	1.28	配当あり	いいえ	156.25	0.94	39.2	2929.0	778.0	Real Estate			OK	通常掲載可	OK	3130.2	1.33	-4.41	61.72	0.52	-236.9	12.48	200.32	1.09	0
8996	ハウスフリーダム	スタンダード（内国株式）	8050	不動産業	17	不動産	-	-	1102.0	4.99	55.0	4.99	55.0	4.99	配当あり	いいえ	4.6	1.07	42.2	1139.0	900.0	Real Estate			OK	通常掲載可	OK	16928.0	6.58	16.84	22.69	3.05	503.4	239.35	22.98	25.43	2
8999	グランディハウス	プライム（内国株式）	8050	不動産業	17	不動産	7	TOPIX Small 2	565.0	5.66	32.0	5.66	32.0	5.66	配当あり	いいえ	17.8	0.66	163.8	660.0	499.0	Real Estate			OK	通常掲載可	OK	52980.9	3.57	-1.81	36.51	1.46	801.3	31.75	100.79	5.07	0
9001	東武鉄道	プライム（内国株式）	5050	陸運業	12	運輸・物流	4	TOPIX Mid400	2797.5	2.68	75.0	2.68	75.0	2.68	配当あり	いいえ	9.89	0.87	5470.0	3236.0	2462.5	Industrials			OK	通常掲載可	OK	655435.0	10.96	3.8	33.03	1.28	-1937.0	282.83	26.52	9.38	4
9003	相鉄ホールディングス	プライム（内国株式）	5050	陸運業	12	運輸・物流	4	TOPIX Mid400	2482.5	2.82	70.0	2.82	70.0	2.82	配当あり	いいえ	9.7	1.14	2382.4	3167.0	2323.0	Industrials			OK	通常掲載可	OK	307572.0	12.63	5.27	24.98	2.25	-11198.0	255.95	27.35	13.1	4
9005	東急	プライム（内国株式）	5050	陸運業	12	運輸・物流	4	TOPIX Mid400	1605.5	1.99	32.0	1.99	32.0	1.99	配当あり	いいえ	10.55	0.97	8969.7	2011.0	1580.0	Consumer Cyclical			OK	通常掲載可	OK	1086179.0	9.5	2.96	31.23	1.52	127747.0	152.2	21.02	9.19	2
9006	京浜急行電鉄	プライム（内国株式）	5050	陸運業	12	運輸・物流	4	TOPIX Mid400	1532.0	3.0	46.0	3.0	46.0	3.0	配当あり	いいえ	15.04	1.08	4036.9	1668.0	1400.5	Industrials			OK	通常掲載可	OK	304192.0	11.03	3.52	34.4	1.32	-41366.0	101.86	45.16	7.07	3
9007	小田急電鉄	プライム（内国株式）	5050	陸運業	12	運輸・物流	4	TOPIX Mid400	1718.0	3.49	60.0	3.49	60.0	3.49	配当あり	いいえ	15.87	1.16	5885.4	1872.5	1536.5	Industrials			OK	通常掲載可	OK	418732.0	12.58	-0.94	36.43	1.31	-24703.0	108.23	55.44	7.12	3
9008	京王電鉄	プライム（内国株式）	5050	陸運業	12	運輸・物流	4	TOPIX Mid400	753.0	2.92	22.0	2.92	22.0	2.92	配当あり	いいえ	10.32	0.96	4359.0	849.3	711.4	Industrials			OK	通常掲載可	OK	496939.0	10.53	9.72	36.99	1.06	-30473.0	72.97	30.15	9.76	3
9009	京成電鉄	プライム（内国株式）	5050	陸運業	12	運輸・物流	4	TOPIX Mid400	1328.0	1.66	22.0	1.66	22.0	1.66	配当あり	いいえ	13.33	1.14	6404.1	1426.5	1033.0	Industrials			OK	通常掲載可	OK	332424.0	10.22	4.11	47.2	0.66	41454.0	99.6	22.09	9.42	3
9010	富士急行	プライム（内国株式）	5050	陸運業	12	運輸・物流	6	TOPIX Small 1	2654.0	1.24	33.0	1.24	33.0	1.24	配当あり	いいえ	3.95	3.37	1415.9	2835.0	1946.0	Industrials			OK	通常掲載可	OK	53517.3	16.37	2.46	40.67	1.02	2672.8	672.17	4.91	14.84	4
9012	秩父鉄道	スタンダード（内国株式）	5050	陸運業	12	運輸・物流	-	-	2088.0						配当未取得		8.09	0.54	31.0	2250.0	2021.0	Industrials	配当未取得	1株配当が取得できていない	除外推奨	掲載非推奨	OK_配当データ要確認	5637.7	9.57	6.85	31.2	0.98	310.7	258.08		9.34	
9017	新潟交通	スタンダード（内国株式）	5050	陸運業	12	運輸・物流	-	-	1984.0	0.5	10.0	0.5	10.0	0.5	配当あり	いいえ	6.63	0.37	76.2	2164.0	1950.0	Industrials			OK	通常掲載可	OK	20332.0	11.01	1.67	35.49	1.26	2026.0	299.19	3.34	6.31	0
9020	東日本旅客鉄道	プライム（内国株式）	5050	陸運業	12	運輸・物流	2	TOPIX Large70	3326.0	2.53	84.0	2.53	84.0	2.53	配当あり	いいえ	15.15	1.23	37552.8	4211.0	3243.0	Industrials			OK	通常掲載可	OK	3084679.0	13.43	6.83	28.16	1.59	-122989.0	219.52	38.27	7.95	3
9021	西日本旅客鉄道	プライム（内国株式）	5050	陸運業	12	運輸・物流	2	TOPIX Large70	2902.0	3.36	97.5	3.36	97.5	3.36	配当あり	いいえ	10.45	1.08	13206.5	3528.0	2453.0	Industrials			OK	通常掲載可	OK	1845840.0	10.73	8.07	30.29	1.28	361634.0	277.72	35.11	9.34	3
9022	東海旅客鉄道	プライム（内国株式）	5050	陸運業	12	運輸・物流	2	TOPIX Large70	3672.0	0.87	32.0	0.87	32.0	0.87	配当あり	いいえ	6.43	0.67	34861.2	4830.0	3202.0	Industrials			OK	通常掲載可	OK	2006218.0	41.38	9.52	46.6	0.85	224056.0	571.0	5.6	11.16	3
9023	東京地下鉄	プライム（内国株式）	5050	陸運業	12	運輸・物流	4	TOPIX Mid400	1466.0	3.0	44.0	3.0	44.0	3.0	配当あり	いいえ	14.43	1.15	8511.6	1735.0	1315.5	Industrials			OK	通常掲載可	OK	422414.0	21.21	3.58	35.89	1.46	41998.0	101.59	43.31	7.38	
9024	西武ホールディングス	プライム（内国株式）	5050	陸運業	12	運輸・物流	4	TOPIX Mid400	3539.0	1.19	42.0	1.19	42.0	1.19	配当あり	いいえ	23.47	1.57	8995.4	5871.0	2579.5	Industrials			OK	通常掲載可	OK	513286.0	8.87	-43.04	32.87	1.15	-152736.0	150.76	27.86	7.51	1
9025	鴻池運輸	プライム（内国株式）	5050	陸運業	12	運輸・物流	6	TOPIX Small 1	2798.0	3.93	110.0	3.93	110.0	3.93	配当あり	いいえ	10.57	0.92	1485.7	3620.0	2600.0	Industrials			OK	通常掲載可	OK	355555.0	6.41	3.06	53.07	0.36	11198.0	264.69	41.56	8.86	4
9028	ゼロ	スタンダード（内国株式）	5050	陸運業	12	運輸・物流	-	-	3250.0	4.36	141.6	4.36	141.6	4.36	配当あり	いいえ	7.65	1.14	546.1	4185.0	2938.0	Consumer Cyclical			OK	通常掲載可	OK	140751.0	4.42	5.94	52.6	0.38	8447.0	425.1	33.31	15.66	4
9029	ヒガシホールディングス	スタンダード（内国株式）	5050	陸運業	12	運輸・物流	-	-	1861.0	3.33	62.0	3.33	62.0	3.33	配当あり	いいえ	9.34	1.49	243.3	2236.0	1568.0	Industrials			OK	通常掲載可	OK	57972.6	6.98	20.46	44.01	0.63	4339.5	199.32	31.11	18.22	4
9031	西日本鉄道	プライム（内国株式）	5050	陸運業	12	運輸・物流	4	TOPIX Mid400	2855.0	3.15	90.0	3.15	90.0	3.15	配当あり	いいえ	6.87	0.74	2156.7	3299.0	2192.5	Industrials			OK	通常掲載可	OK	474156.0	6.37	6.91	34.61	1.28	38609.0	415.69	21.65	12.5	4
9033	広島電鉄	スタンダード（内国株式）	5050	陸運業	12	運輸・物流	-	-	623.0	1.28	8.0	1.28	8.0	1.28	配当あり	いいえ	16.26	0.42	189.3	671.0	595.0	Industrials			OK	通常掲載可	OK	37470.0	-0.77	11.16	40.81	0.69	-4094.0	38.31	20.88	3.64	1
9034	南総通運	スタンダード（内国株式）	5050	陸運業	12	運輸・物流	-	-	1637.0	4.89	80.0	4.89	80.0	4.89	配当あり	いいえ	11.43	0.67	154.7	1740.0	1417.0	Industrials			OK	通常掲載可	OK	16498.9	12.24	2.44	66.51	0.34	832.7	143.24	55.85	6.08	4
9036	東部ネットワーク	スタンダード（内国株式）	5050	陸運業	12	運輸・物流	-	-	1223.0	1.64	20.0	1.64	20.0	1.64	配当あり	いいえ	22.78	0.32	66.8	1446.0	912.0	Industrials			OK	通常掲載可	OK	10077.3	2.68	-2.83	82.68	0.03	78.4	53.69	37.25	1.28	0
9037	ハマキョウレックス	プライム（内国株式）	5050	陸運業	12	運輸・物流	6	TOPIX Small 1	1790.0	2.57	46.0	2.57	46.0	2.57	配当あり	いいえ	12.36	1.34	1325.4	1965.0	1501.0	Industrials			OK	通常掲載可	OK	155500.0	9.49	6.02	56.83	0.32	9982.0	144.79	31.77	11.45	5
9039	サカイ引越センター	プライム（内国株式）	5050	陸運業	12	運輸・物流	6	TOPIX Small 1	2933.0	5.93	174.0	5.93	174.0	5.93	配当あり	いいえ	13.74	1.17	1180.8	3095.0	2648.0	Industrials			OK	通常掲載可	OK	124741.0	10.08	3.07	76.9	0.04	6330.0	213.52	81.49	9.12	3
9041	近鉄グループホールディングス	プライム（内国株式）	5050	陸運業	12	運輸・物流	4	TOPIX Mid400	3350.0	2.09	70.0	2.09	70.0	2.09	配当あり	いいえ	11.85	1.03	6370.0	3728.0	2771.0	Industrials			OK	通常掲載可	OK	1750307.0	5.11	0.49	23.59	2.18	-33783.0	282.74	24.76	9.85	0
9042	阪急阪神ホールディングス	プライム（内国株式）	5050	陸運業	12	運輸・物流	4	TOPIX Mid400	4360.0	2.29	100.0	2.29	100.0	2.29	配当あり	いいえ	13.28	0.91	10056.8	5183.0	3816.0	Industrials			OK	通常掲載可	OK	1203506.0	10.56	8.73	31.15	1.3	51679.0	328.31	30.46	7.35	2
9044	ＮＡＮＫＡＩ	プライム（内国株式）	5050	陸運業	12	運輸・物流	4	TOPIX Mid400	3016.0	1.82	55.0	1.82	55.0	1.82	配当あり	いいえ	13.26	0.95	3263.3	3318.0	2583.5	Real Estate			OK	通常掲載可	OK	264714.0	15.09	1.51	31.31	1.37	47535.0	227.41	24.19	7.57	0
9045	京阪ホールディングス	プライム（内国株式）	5050	陸運業	12	運輸・物流	4	TOPIX Mid400	3131.0	2.75	86.0	2.75	86.0	2.75	配当あり	いいえ	9.41	0.92	3159.2	3596.0	3029.0	Industrials			OK	通常掲載可	OK	332471.0	14.78	6.04	37.51	1.15	40340.0	332.83	25.84	9.78	3
9046	神戸電鉄	スタンダード（内国株式）	5050	陸運業	12	運輸・物流	7	TOPIX Small 2	2382.0	1.05	25.0	1.05	25.0	1.05	配当あり	いいえ	12.89	0.73	188.5	2608.0	2322.0	Industrials			OK	通常掲載可	OK	23347.0	10.37	5.49	27.04	2.13	-153.0	184.82	13.53	5.57	1
9048	名古屋鉄道	プライム（内国株式）	5050	陸運業	12	運輸・物流	4	TOPIX Mid400	1846.5	3.25	60.0	3.25	60.0	3.25	配当あり	いいえ	17.76	0.73	3621.5	2012.0	1575.0	Industrials			OK	通常掲載可	OK	691583.0	5.23	0.12	30.61	1.41	61433.0	103.96	57.71	4.94	3
9049	京福電気鉄道	スタンダード（内国株式）	5050	陸運業	12	運輸・物流	-	-	6530.0	0.31	20.0	0.31	20.0	0.31	配当あり	いいえ	7.08	0.88	129.8	8300.0	6500.0	Industrials			OK	通常掲載可	OK	14881.0	16.27	2.92	53.83	0.44	924.0	922.43	2.17	12.35	0
9051	センコン物流	スタンダード（内国株式）	5050	陸運業	12	運輸・物流	-	-	1215.0	1.23	15.0	1.23	15.0	1.23	配当あり	いいえ	36.73	1.04	60.0	1526.0	1155.0	Industrials			OK	通常掲載可	OK	19919.0	2.86	5.81	32.64	1.37	34.6	33.08	45.34	-0.81	0
9052	山陽電気鉄道	プライム（内国株式）	5050	陸運業	12	運輸・物流	7	TOPIX Small 2	1942.0	2.57	50.0	2.57	50.0	2.57	配当あり	いいえ	10.67	0.67	431.5	2115.0	1850.0	Industrials			OK	通常掲載可	OK	40132.0	11.16	4.27	47.76	0.68	2437.0	182.06	27.46	5.72	1
9057	遠州トラック	スタンダード（内国株式）	5050	陸運業	12	運輸・物流	-	-	3230.0	2.97	96.0	2.97	96.0	2.97	配当あり	いいえ	10.7	0.97	241.4	3880.0	3060.0	Industrials			OK	通常掲載可	OK	49947.0	6.22	2.71	62.17	0.33	153.0	302.01	31.79	9.4	1
9059	カンダホールディングス	スタンダード（内国株式）	5050	陸運業	12	運輸・物流	-	-	924.0	2.81	26.0	2.81	26.0	2.81	配当あり	いいえ	8.07	0.7	198.0	952.0	791.0	Industrials			OK	通常掲載可	OK	52366.0	6.97	0.69	58.44	0.23	2798.0	114.48	22.71	8.75	5
9060	日本ロジテム	スタンダード（内国株式）	5050	陸運業	12	運輸・物流	-	-	4200.0	1.9	80.0	1.9	80.0	1.9	配当あり	いいえ	8.31	0.34	56.9	5200.0	4060.0	Industrials			OK	通常掲載可	OK	71317.5	2.02	8.05	32.24	1.38	2555.8	505.68	15.82	3.37	0
9063	岡山県貨物運送	スタンダード（内国株式）	5050	陸運業	12	運輸・物流	-	-	4135.0	1.69	70.0	1.69	70.0	1.69	配当あり	いいえ	3.08	0.31	83.8	4900.0	3400.0	Industrials			OK	通常掲載可	OK	38899.4	3.24	1.44	52.32	0.5	2012.9	1341.81	5.22	12.28	0
9064	ヤマトホールディングス	プライム（内国株式）	5050	陸運業	12	運輸・物流	4	TOPIX Mid400	1979.5	2.32	46.0	2.32	46.0	2.32	配当あり	いいえ	47.62	1.12	6268.6	2366.5	1697.0	Industrials			OK	通常掲載可	OK	1865675.0	1.52	5.84	44.61	0.34	34620.0	41.57	110.66	2.33	0
9065	山九	プライム（内国株式）	5050	陸運業	12	運輸・物流	4	TOPIX Mid400	1591.5	9.8	156.0	9.8	156.0	9.8	配当あり	いいえ	12.95	1.3	3990.3	2013.0	1542.0	Industrials	高利回り要確認	配当利回りが8%以上	要確認	手動確認後に掲載	OK_高利回り要確認	631573.0	6.85	4.08	54.12	0.33	32955.0	122.86	126.97	11.42	2
9067	丸運	スタンダード（内国株式）	5050	陸運業	12	運輸・物流	-	-							配当未取得								yfinanceデータなし	yfinanceで株価・配当データが取得できなかった	除外推奨	掲載非推奨	データなし										
9068	丸全昭和運輸	プライム（内国株式）	5050	陸運業	12	運輸・物流	6	TOPIX Small 1	3580.0	3.35	120.0	3.35	120.0	3.35	配当あり	いいえ	11.11	0.95	1380.4	4805.0	3295.0	Industrials			OK	通常掲載可	OK	148603.0	10.41	2.79	69.43	0.18	10244.0	322.2	37.24	9.04	1
9069	センコーグループホールディングス	プライム（内国株式）	5050	陸運業	12	運輸・物流	4	TOPIX Mid400	2289.5	2.45	56.0	2.45	56.0	2.45	配当あり	いいえ	20.21	1.66	3833.0	2387.0	1695.0	Industrials			OK	通常掲載可	OK	899620.0	4.11	5.27	27.68	1.67	14952.0	113.29	49.43	8.9	5
9072	ニッコンホールディングス	プライム（内国株式）	5050	陸運業	12	運輸・物流	4	TOPIX Mid400	4459.0	2.51	112.0	2.51	112.0	2.51	配当あり	いいえ	29.16	2.21	5530.6	6689.0	3308.0	Industrials			OK	通常掲載可	OK	269860.0	8.83	8.86	54.51	0.57	10006.0	152.94	73.23	6.87	4
9073	京極運輸商事	スタンダード（内国株式）	5050	陸運業	12	運輸・物流	-	-	1275.0	0.94	12.0	0.94	12.0	0.94	配当あり	いいえ	21.19	0.77	36.7	1550.0	1200.0	Industrials			OK	通常掲載可	OK	8702.4	1.88	3.33	52.16	0.4	807.8	60.18	19.94	3.41	0
9074	日本石油輸送	スタンダード（内国株式）	5050	陸運業	12	運輸・物流	-	-	2601.0	2.31	60.0	2.31	60.0	2.31	配当あり	いいえ	11.2	0.29	169.9	2935.0	1812.5	Industrials			OK	通常掲載可	OK	38537.0	4.85	3.9	60.18	0.32	3582.0	232.27	25.83	5.36	0
9075	福山通運	プライム（内国株式）	5050	陸運業	12	運輸・物流	6	TOPIX Small 1	5860.0	1.71	100.0	1.71	100.0	1.71	配当あり	いいえ	15.85	0.73	2064.0	7100.0	3600.0	Industrials			OK	通常掲載可	OK	318582.0	2.93	5.32	56.93	0.39	5473.0	369.62	27.05	5.51	0
9076	セイノーホールディングス	プライム（内国株式）	5050	陸運業	12	運輸・物流	4	TOPIX Mid400	2602.0	4.69	122.0	4.69	122.0	4.69	配当あり	いいえ	17.89	0.92	4231.2	2846.0	2128.0	Industrials			OK	通常掲載可	OK	812965.0	4.63	10.25	56.15	0.21	19117.0	145.45	83.88	6.25	4
9081	神奈川中央交通	プライム（内国株式）	5050	陸運業	12	運輸・物流	7	TOPIX Small 2	3910.0	2.3	90.0	2.3	90.0	2.3	配当あり	いいえ	13.32	0.72	479.8	4125.0	3210.0	Industrials			OK	通常掲載可	OK	126772.0	5.35	7.3	34.16	1.14	9169.0	293.64	30.65	6.51	2
9082	大和自動車交通	スタンダード（内国株式）	5050	陸運業	12	運輸・物流	-	-	2614.0	0.38	10.0	0.38	10.0	0.38	配当あり	いいえ	52.08	1.2	131.8	3295.0	1070.0	Consumer Cyclical			OK	通常掲載可	OK	19907.0	1.93	4.54	32.23	1.48	1001.0	50.19	19.92	2.68	0
9083	神姫バス	スタンダード（内国株式）	5050	陸運業	12	運輸・物流	-	-	1974.0	2.53	50.0	2.53	50.0	2.53	配当あり	いいえ	7.55	0.45	238.4	2161.0	1811.0	Industrials			OK	通常掲載可	OK	55579.0	7.56	4.96	71.88	0.12	-1556.0	261.56	19.12	5.36	2
9087	タカセ	スタンダード（内国株式）	5050	陸運業	12	運輸・物流	-	-	2100.0	1.67	35.0	1.67	35.0	1.67	配当あり	いいえ	26.27	0.54	40.9	2345.0	1211.0	Industrials			OK	通常掲載可	OK	8491.5	2.5	1.75	78.19	0.09	479.5	79.95	43.78	2.47	0
9090	ＡＺ－ＣＯＭ丸和ホールディングス	プライム（内国株式）	5050	陸運業	12	運輸・物流	6	TOPIX Small 1	856.0	3.74	32.0	3.74	32.0	3.74	配当あり	いいえ	16.42	1.88	1152.9	1099.0	738.0	Industrials			OK	通常掲載可	OK	230531.0	5.15	10.64	40.08	0.87	-14968.0	52.13	61.38	11.74	5
9101	日本郵船	プライム（内国株式）	5100	海運業	12	運輸・物流	2	TOPIX Large70	7139.0	3.36	240.0	3.36	240.0	3.36	配当あり	いいえ	14.14	0.92	28809.9	7599.0	4793.0	Industrials			OK	通常掲載可	OK	2423689.0	5.72	-6.37	59.06	0.39	168856.0	504.73	47.55	7.7	1
9104	商船三井	プライム（内国株式）	5100	海運業	12	運輸・物流	2	TOPIX Large70	7053.0	2.91	205.0	2.91	205.0	2.91	配当あり	いいえ	11.38	0.81	24235.5	7509.0	4293.0	Industrials			OK	通常掲載可	OK	1825098.0	6.96	2.8	48.21	0.86	450963.0	619.96	33.07	7.89	0
9107	川崎汽船	プライム（内国株式）	5100	海運業	12	運輸・物流	4	TOPIX Mid400	3264.0	3.68	120.0	3.68	120.0	3.68	配当あり	いいえ	15.5	1.14	19358.6	3610.0	1995.0	Industrials			OK	通常掲載可	OK	1018364.0	8.26	-2.82	76.91	0.16	176057.0	210.53	57.0	7.56	1
9110	ＮＳユナイテッド海運	プライム（内国株式）	5100	海運業	12	運輸・物流	6	TOPIX Small 1	10510.0	2.95	310.0	2.95	310.0	2.95	配当あり	いいえ	10.28	1.31	2476.7	10540.0	5030.0	Industrials			OK	通常掲載可	OK	229784.0	8.93	-7.12	63.17	0.34	29875.0	1022.54	30.32	13.71	0
9115	明海グループ	スタンダード（内国株式）	5100	海運業	12	運輸・物流	-	-	1012.0	0.49	5.0	0.49	5.0	0.49	配当あり	いいえ	7.98	0.62	344.7	1760.0	600.0	Industrials			OK	通常掲載可	OK	61271.6	6.05	-9.29	18.2	2.93	3977.6	126.85	3.94	4.0	0
9119	飯野海運	プライム（内国株式）	5100	海運業	12	運輸・物流	6	TOPIX Small 1	1680.0	3.1	52.0	3.1	52.0	3.1	配当あり	いいえ	11.68	1.06	1777.5	1932.0	1130.0	Industrials			OK	通常掲載可	OK	127295.0	10.56	-10.27	45.64	0.9	-34147.0	143.81	36.16	14.92	2
9127	玉井商船	スタンダード（内国株式）	5100	海運業	12	運輸・物流	-	-	3590.0	3.06	110.0	3.06	110.0	3.06	配当あり	いいえ	8.57	0.69	54.9	4790.0	2172.0	Industrials			OK	通常掲載可	OK	5122.0	12.84	-4.95	66.0	0.27	-1633.9	418.95	26.26	13.69	0
9130	共栄タンカー	スタンダード（内国株式）	5100	海運業	12	運輸・物流	-	-	1663.0	2.41	40.0	2.41	40.0	2.41	配当あり	いいえ	30.64	0.46	127.2	3025.0	1001.0	Industrials			OK	通常掲載可	OK	15509.6	8.02	2.31	33.69	1.69	-607.5	54.27	73.71	6.98	0
9142	九州旅客鉄道	プライム（内国株式）	5050	陸運業	12	運輸・物流	4	TOPIX Mid400	3410.0	3.55	121.0	3.55	121.0	3.55	配当あり	いいえ	11.54	1.05	5245.7	4154.0	3358.0	Industrials			OK	通常掲載可	OK	500393.0	14.8	10.12	40.41	0.95	-13058.0	295.41	40.96	9.34	0
9143	ＳＧホールディングス	プライム（内国株式）	5050	陸運業	12	運輸・物流	4	TOPIX Mid400	1415.5	3.81	54.0	3.81	54.0	3.81	配当あり	いいえ	14.41	1.55	8446.8	1675.0	1368.0	Industrials			OK	通常掲載可	OK	1644762.0	5.49	11.19	44.44	0.72	40931.0	98.24	54.97	11.49	1
9145	ビーイングホールディングス	スタンダード（内国株式）	5050	陸運業	12	運輸・物流	-	-	537.0	2.79	15.0	2.79	15.0	2.79	配当あり	いいえ	10.49	1.53	129.4	950.0	494.0	Industrials			OK	通常掲載可	OK	33515.0	6.88	11.01	40.16	0.83	190.0	51.18	29.31	16.44	5
9147	ＮＩＰＰＯＮ　ＥＸＰＲＥＳＳホールディングス	プライム（内国株式）	5050	陸運業	12	運輸・物流	4	TOPIX Mid400	5749.0	1.74	100.0	1.74	100.0	1.74	配当あり	いいえ	73.53	1.65	13661.0	5866.0	3169.0	Industrials			OK	通常掲載可	OK	2574826.0	2.03	-0.11	34.35	1.06	154870.0	78.19	127.89	2.44	0
9158	シーユーシー	グロース（内国株式）	9050	サービス業	10	情報通信・サービスその他	-	-	766.0						配当未取得		8.05	0.67	224.6	1316.0	670.0	Healthcare	配当未取得	1株配当が取得できていない	除外推奨	掲載非推奨	OK_配当データ要確認	54353.0	10.64	15.54	33.91	1.58	-1034.0	95.14		6.89	
9159	Ｗ　ＴＯＫＹＯ	グロース（内国株式）	9050	サービス業	10	情報通信・サービスその他	-	-	1905.0						配当未取得		19.72	2.72	49.7	2878.0	1485.0	Communication Services	配当未取得	1株配当が取得できていない	除外推奨	掲載非推奨	OK_配当データ要確認	4375.7	9.11	11.46	58.87	0.26	333.9	96.58		14.78	
9160	オンザページ	スタンダード（内国株式）	9050	サービス業	10	情報通信・サービスその他	-	-	335.0						配当未取得		11.98	0.92	128.0	368.0	280.0	Consumer Cyclical	配当未取得	1株配当が取得できていない	除外推奨	掲載非推奨	OK_配当データ要確認	22039.9	10.2	14.2	27.45	1.22	2207.8	27.97		11.84	
9162	ブリーチ	グロース（内国株式）	9050	サービス業	10	情報通信・サービスその他	-	-	224.0						配当未取得			0.62	57.7	351.0	223.0	Communication Services	配当未取得	1株配当が取得できていない	除外推奨	掲載非推奨	OK_配当データ要確認	13806.8	-2.67	-15.69	71.57	0.27	-1964.4	-11.42		-3.13	
9163	ナレルグループ	グロース（内国株式）	9050	サービス業	10	情報通信・サービスその他	-	-	2370.0	4.85	115.0	4.85	115.0	4.85	配当あり	いいえ	10.8	1.38	207.5	2490.0	2071.0	Industrials			OK	通常掲載可	OK	24158.9	11.7	11.8	58.95	0.39	2202.8	219.46	52.4	13.8	2
9165	クオルテック	グロース（内国株式）	9050	サービス業	10	情報通信・サービスその他	-	-	1830.0	5.14	94.0	5.14	94.0	5.14	配当あり	いいえ	11.12	1.2	43.0	2350.0	1320.0	Industrials			OK	通常掲載可	OK	3623.9	10.52	10.68	76.22	0.06	245.1	164.52	57.14	11.24	0
9166	ＧＥＮＤＡ	グロース（内国株式）	9050	サービス業	10	情報通信・サービスその他	-	-	650.0	1.23	8.0	1.23	8.0	1.23	配当あり	いいえ	36.89	1.83	1184.2	932.0	455.0	Consumer Cyclical			OK	通常掲載可	OK	170787.0	4.51	52.79	29.3	1.63	-12960.0	17.62	45.4	5.22	
9168	ライズ・コンサルティング・グループ	グロース（内国株式）	9050	サービス業	10	情報通信・サービスその他	-	-	426.0	4.93	21.0	4.93	21.0	4.93	配当あり	いいえ	8.57	1.51	102.0	1058.0	377.0	Industrials			OK	通常掲載可	OK	8421.2	20.23	9.65	75.75	0.19	1357.9	49.71	42.25	16.68	
9171	栗林商船	スタンダード（内国株式）	5100	海運業	12	運輸・物流	-	-	1488.0	2.02	30.0	2.02	30.0	2.02	配当あり	いいえ	4.94	0.54	176.8	2178.0	1451.0	Industrials			OK	通常掲載可	OK	53825.1	3.87	1.42	41.38	0.46	1915.6	301.02	9.97	10.03	1
9173	東海汽船	スタンダード（内国株式）	5100	海運業	12	運輸・物流	-	-	2803.0	0.36	10.0	0.36	10.0	0.36	配当あり	いいえ	21.46	1.32	61.5	3350.0	2740.0	Industrials			OK	通常掲載可	OK	14288.5	3.66	-2.16	25.43	1.95	312.2	130.62	7.66	4.97	0
9193	東京汽船	スタンダード（内国株式）	5200	倉庫・運輸関連業	12	運輸・物流	-	-	873.0	2.29	20.0	2.29	20.0	2.29	配当あり	いいえ	1.72	0.31	86.9	1359.0	801.0	Industrials			OK	通常掲載可	OK	13144.2	0.81	9.16	74.51	0.09	-8.7	507.04	3.94	19.74	1
9201	日本航空	プライム（内国株式）	5150	空運業	12	運輸・物流	4	TOPIX Mid400	3022.0	3.18	96.0	3.18	96.0	3.18	配当あり	いいえ	9.84	0.9	12989.4	3272.0	2406.5	Industrials			OK	通常掲載可	OK	2012514.0	10.3	9.13	40.32	0.68	394879.0	307.04	31.27	9.07	2
9202	ＡＮＡホールディングス	プライム（内国株式）	5150	空運業	12	運輸・物流	2	TOPIX Large70	2971.0	2.02	60.0	2.02	60.0	2.02	配当あり	いいえ	9.25	0.93	12757.2	3419.0	2582.0	Industrials			OK	通常掲載可	OK	2539233.0	8.56	12.26	37.72	0.79	181159.0	321.17	18.68	13.21	1
92025	ＡＮＡホールディングス第１回社債型種類株式	プライム（内国株式）	5150	空運業	12	運輸・物流	-	-	4730.0						配当未取得			1.48		5000.0	4680.0		配当未取得	1株配当が取得できていない	除外推奨	掲載非推奨	OK_配当データ要確認									13.21	
9204	スカイマーク	グロース（内国株式）	5150	空運業	12	運輸・物流	-	-	430.0	1.63	7.0	1.63	7.0	1.63	配当あり	いいえ	15.79	0.92	258.6	503.0	318.0	Industrials			OK	通常掲載可	OK	110441.0	1.64	1.42	28.03	1.07	-11184.0	27.23	25.71	6.92	0
9206	スターフライヤー	スタンダード（内国株式）	5150	空運業	12	運輸・物流	-	-	1921.0						配当未取得		56.82	2.01	72.7	2408.0	1900.0	Industrials	配当未取得	1株配当が取得できていない	除外推奨	掲載非推奨	OK_配当データ要確認	44795.0	3.1	4.42	19.57	1.5	915.0	33.81		-11.98	0
9211	エフ・コード	グロース（内国株式）	9050	サービス業	10	情報通信・サービスその他	-	-	1450.0						配当未取得		11.04	2.11	178.0	2249.0	1284.0	Communication Services	配当未取得	1株配当が取得できていない	除外推奨	掲載非推奨	OK_配当データ要確認	11938.0	19.35	132.67	28.52	1.73	1080.7	131.37		31.05	
9212	Ｇｒｅｅｎ　Ｅａｒｔｈ　Ｉｎｓｔｉｔｕｔｅ	グロース（内国株式）	9050	サービス業	10	情報通信・サービスその他	-	-	272.0						配当未取得		43.66	1.8	30.9	495.0	249.0	Basic Materials	配当未取得	1株配当が取得できていない	除外推奨	掲載非推奨	OK_配当データ要確認	1075.4	-0.39	7.27	70.97	0.07	-200.4	6.23		-0.87	
9213	セイファート	スタンダード（内国株式）	9050	サービス業	10	情報通信・サービスその他	-	-	1011.0	1.19	12.0	1.19	12.0	1.19	配当あり	いいえ		1.79	13.4	1226.0	675.0	Industrials			OK	通常掲載可	OK	1928.2	-5.87	-9.5	57.84	0.02	-50.7	-211.6		-31.24	0
9214	Ｒｅｃｏｖｅｒｙ　Ｉｎｔｅｒｎａｔｉｏｎａｌ	グロース（内国株式）	9050	サービス業	10	情報通信・サービスその他	-	-	1271.0						配当未取得		15.6	2.2	16.6	1662.0	1211.0	Healthcare	配当未取得	1株配当が取得できていない	除外推奨	掲載非推奨	OK_配当データ要確認	2689.6	7.56	31.64	57.45	0.23	65.2	81.47		17.14	
9215	ＣａＳｙ	グロース（内国株式）	9050	サービス業	10	情報通信・サービスその他	-	-	1017.0						配当未取得		60.97	7.08	19.0	1500.0	861.0	Technology	配当未取得	1株配当が取得できていない	除外推奨	掲載非推奨	OK_配当データ要確認	1922.1	2.65	9.15	42.17	0.64	12.7	16.68		11.61	
9216	ビーウィズ	プライム（内国株式）	9050	サービス業	10	情報通信・サービスその他	7	TOPIX Small 2	1667.0	4.62	77.0	4.62	77.0	4.62	配当あり	いいえ	41.32	2.76	239.7	2014.0	1426.0	Industrials			OK	通常掲載可	OK	36322.0	3.21	-0.28	52.71	0.19	996.0	40.34	190.88	6.47	3
9218	メンタルヘルステクノロジーズ	グロース（内国株式）	9050	サービス業	10	情報通信・サービスその他	-	-	820.0	1.22	10.0	1.22	10.0	1.22	配当あり	いいえ	36.48	5.35	86.2	888.0	663.0	Healthcare			OK	通常掲載可	OK	6435.4	9.3	25.33	29.18	1.67	500.6	22.48	44.48	15.39	
9219	ギックス	グロース（内国株式）	9050	サービス業	10	情報通信・サービスその他	-	-	903.0	5.92	53.5	5.92	53.5	5.92	配当あり	いいえ		2.99	50.5	1034.0	830.0	Technology			OK	通常掲載可	OK	2117.7	6.32	25.6	85.52	0.02	-69.1	-6.34		-2.03	0
9220	エフビー介護サービス	スタンダード（内国株式）	9050	サービス業	10	情報通信・サービスその他	-	-	1319.0	3.79	50.0	3.79	50.0	3.79	配当あり	いいえ	7.03	0.8	32.1	1370.0	1137.0	Healthcare			OK	通常掲載可	OK	11533.9	5.5	5.16	42.12	0.67	1095.4	187.56	26.66	11.84	0
9221	フルハシＥＰＯ	スタンダード（内国株式）	9050	サービス業	10	情報通信・サービスその他	-	-	1155.0	2.77	32.0	2.77	32.0	2.77	配当あり	いいえ	15.03	2.16	133.9	1500.0	1078.0	Industrials			OK	通常掲載可	OK	10008.0	11.74	6.65	44.8	0.79	-532.0	76.84	41.64	14.87	1
9223	ＡＳＮＯＶＡ	グロース（内国株式）	9050	サービス業	10	情報通信・サービスその他	-	-	361.0	0.55	2.0	0.55	2.0	0.55	配当あり	いいえ		1.53	44.9	624.0	348.0	Industrials			OK	通常掲載可	OK	4915.2	0.11	15.21	26.03	2.58	1241.4	-11.73		-3.57	0
9225	ブリッジコンサルティンググループ	グロース（内国株式）	9050	サービス業	10	情報通信・サービスその他	-	-	967.0						配当未取得		21.15	1.51	20.1	1439.0	941.0	Industrials	配当未取得	1株配当が取得できていない	除外推奨	掲載非推奨	OK_配当データ要確認	2239.4	9.05	10.98	74.82	0.06	30.6	45.73		7.14	
9227	マイクロ波化学	グロース（内国株式）	9050	サービス業	10	情報通信・サービスその他	-	-	821.0						配当未取得			85.79	130.6	1620.0	588.0	Basic Materials	配当未取得	1株配当が取得できていない	除外推奨	掲載非推奨	OK_配当データ要確認	1608.4	11.65	-13.68	50.08	0.64	-224.8	-51.48			
9229	サンウェルズ	プライム（内国株式）	9050	サービス業	10	情報通信・サービスその他	7	TOPIX Small 2	108.0						配当未取得			0.55	35.0	669.0	104.0	Healthcare	配当未取得	1株配当が取得できていない	除外推奨	掲載非推奨	OK_配当データ要確認	28136.0	-4.35	6.19	15.28	4.18	-1503.0	-51.07		-20.79	0
9233	アジア航測	スタンダード（内国株式）	5150	空運業	12	運輸・物流	-	-	1142.0	3.85	44.0	3.85	44.0	3.85	配当あり	いいえ	14.31	0.94	207.8	1333.0	1058.0	Industrials			OK	通常掲載可	OK	41591.5	6.87	3.28	55.42	0.27	-1296.9	79.83	55.12	7.57	0
9235	売れるネット広告社グループ	グロース（内国株式）	9050	サービス業	10	情報通信・サービスその他	-	-	400.0						配当未取得			-25.91	38.5	1201.0	393.0	Communication Services	配当未取得	1株配当が取得できていない	除外推奨	掲載非推奨	OK_配当データ要確認	756.7	-40.76	-21.13	48.51	0.57	-509.6	-142.76		-287.65	
9236	ジャパンＭ＆Ａソリューション	グロース（内国株式）	9050	サービス業	10	情報通信・サービスその他	-	-	1489.0	1.34	20.0	1.34	20.0	1.34	配当あり	いいえ	43.28	3.24	22.0	1544.0	934.0	Industrials			OK	通常掲載可	OK	654.2	-8.66	8.62	87.43		5.5	34.4	58.14	11.31	
9237	笑美面	グロース（内国株式）	9050	サービス業	10	情報通信・サービスその他	-	-	808.0						配当未取得		43.12	4.09	32.2	1141.5	511.0	Industrials	配当未取得	1株配当が取得できていない	除外推奨	掲載非推奨	OK_配当データ要確認	1873.0	6.12	43.89	59.04	0.15	43.7	18.74		9.49	
9238	バリュークリエーション	グロース（内国株式）	9050	サービス業	10	情報通信・サービスその他	-	-	356.0						配当未取得			1.31	8.2	1830.0	350.0	Communication Services	配当未取得	1株配当が取得できていない	除外推奨	掲載非推奨	OK_配当データ要確認	3127.3	-13.55	1.83	2.07	28.42	-888.6	-112.6		30.56	1
9240	デリバリーコンサルティング	グロース（内国株式）	9050	サービス業	10	情報通信・サービスその他	-	-	382.0						配当未取得		17.3	1.49	18.5	1320.0	370.0	Technology	配当未取得	1株配当が取得できていない	除外推奨	掲載非推奨	OK_配当データ要確認	2740.7	1.89	1.37	74.96	0.03	-77.2	22.08		10.05	
9241	フューチャーリンクネットワーク	グロース（内国株式）	9050	サービス業	10	情報通信・サービスその他	-	-	1255.0						配当未取得		22.62	5.5	10.9	2650.0	1181.0	Communication Services	配当未取得	1株配当が取得できていない	除外推奨	掲載非推奨	OK_配当データ要確認	1544.8	-1.14	1.95	27.99	0.89	91.2	55.47		-37.66	
9242	メディア総研	グロース（内国株式）	9050	サービス業	10	情報通信・サービスその他	-	-	1974.0	1.42	28.0	1.42	28.0	1.42	配当あり	いいえ	15.87	1.38	24.3	2537.0	1570.0	Industrials			OK	通常掲載可	OK	1155.1	16.42	20.92	84.19		124.7	124.36	22.52	9.75	
9244	デジタリフト	グロース（内国株式）	9050	サービス業	10	情報通信・サービスその他	-	-	1127.0						配当未取得		10.08	2.02	16.1	1745.0	862.0	Communication Services	配当未取得	1株配当が取得できていない	除外推奨	掲載非推奨	OK_配当データ要確認	3490.0	5.37	4.93	32.63	1.28	226.4	111.8		15.72	
9245	リベロ	グロース（内国株式）	9050	サービス業	10	情報通信・サービスその他	-	-	2060.0	2.04	42.0	2.04	42.0	2.04	配当あり	いいえ	14.33	3.47	110.0	2899.0	1800.0	Communication Services			OK	通常掲載可	OK	4364.5	17.42	21.69	35.51		849.3	143.79	29.21	29.05	0
9246	プロジェクトホールディングス	グロース（内国株式）	9050	サービス業	10	情報通信・サービスその他	-	-	2195.0						配当未取得		85.48	5.1	116.5	2197.0	948.0	Industrials	配当未取得	1株配当が取得できていない	除外推奨	掲載非推奨	OK_配当データ要確認	5485.5	2.84	3.9	48.79	0.54	536.3	25.68		6.19	
9247	ＴＲＥホールディングス	プライム（内国株式）	9050	サービス業	10	情報通信・サービスその他	6	TOPIX Small 1	1721.0	2.91	50.0	2.91	50.0	2.91	配当あり	いいえ	5.64	0.98	809.3	2314.0	1386.0	Industrials			OK	通常掲載可	OK	119164.0	18.74	0.41	48.4	0.73	28540.0	305.31	16.38	13.34	1
9248	人・夢・技術グループ	スタンダード（内国株式）	9050	サービス業	10	情報通信・サービスその他	7	TOPIX Small 2	1616.0	3.71	60.0	3.71	60.0	3.71	配当あり	いいえ	5.88	0.65	144.0	1799.0	1455.0	Industrials			OK	通常掲載可	OK	45984.0	5.83	15.5	50.71	0.34	-2008.0	274.72	21.84	12.61	1
9249	日本エコシステム	スタンダード（内国株式）	9050	サービス業	10	情報通信・サービスその他	-	-	1585.0	1.14	18.0	1.14	18.0	1.14	配当あり	いいえ	29.76	2.23	138.1	1685.0	1477.0	Communication Services			OK	通常掲載可	OK	11261.3	3.88	21.07	40.07	1.03	-2751.7	53.26	33.8	10.97	3
9250	ＧＲＣＳ	グロース（内国株式）	9050	サービス業	10	情報通信・サービスその他	-	-	1040.0						配当未取得			389.22	15.6	2138.0	842.0	Technology	配当未取得	1株配当が取得できていない	除外推奨	掲載非推奨	OK_配当データ要確認	3333.7	-2.03	1.36	-5.6		-77.2	-367.95		-288.18	
9251	ＡＢ＆Ｃｏｍｐａｎｙ	グロース（内国株式）	9050	サービス業	10	情報通信・サービスその他	-	-	1554.0	3.86	60.0	3.86	60.0	3.86	配当あり	いいえ	19.36	2.35	221.4	1660.0	1050.0	Consumer Cyclical			OK	通常掲載可	OK	19378.0	8.42	6.57	33.23	1.5	2468.0	80.28	74.74	14.78	1
9252	ラストワンマイル	グロース（内国株式）	9050	サービス業	10	情報通信・サービスその他	-	-	4110.0	0.73	30.0	0.73	30.0	0.73	配当あり	いいえ	11.15	2.11	110.8	4760.0	3195.0	Industrials			OK	通常掲載可	OK	15510.4	7.41	31.76	38.92	0.92	1323.8	368.67	8.14	23.05	
9253	スローガン	グロース（内国株式）	9050	サービス業	10	情報通信・サービスその他	-	-	752.0						配当未取得		8.2	1.01	18.8	964.0	683.0	Industrials	配当未取得	1株配当が取得できていない	除外推奨	掲載非推奨	OK_配当データ要確認	1589.9	17.62	17.75	70.24	0.0	319.1	91.74		13.04	
9254	ラバブルマーケティンググループ	グロース（内国株式）	9050	サービス業	10	情報通信・サービスその他	-	-	1059.0						配当未取得		10.02	2.01	17.0	1743.0	1064.0	Communication Services	配当未取得	1株配当が取得できていない	除外推奨	掲載非推奨	OK_配当データ要確認	2630.6	6.1	21.68	22.29	2.42	-17.6	105.69		20.06	
9256	サクシード	グロース（内国株式）	9050	サービス業	10	情報通信・サービスその他	-	-	967.0	1.65	16.0	1.65	16.0	1.65	配当あり	いいえ	14.14	1.32	34.6	5550.0	763.0	Consumer Defensive			OK	通常掲載可	OK	4289.1	8.26	23.61	77.39	0.0	77.2	68.37	23.4	9.24	1
9258	ＣＳ－Ｃ	グロース（内国株式）	9050	サービス業	10	情報通信・サービスその他	-	-	300.0						配当未取得			0.98	20.0	399.0	270.0	Communication Services	配当未取得	1株配当が取得できていない	除外推奨	掲載非推奨	OK_配当データ要確認	3179.0	-2.4	16.63	67.69	0.13	-80.2	-41.48		-4.52	
9259	タカヨシホールディングス	グロース（内国株式）	9050	サービス業	10	情報通信・サービスその他	-	-	825.0	3.64	30.0	3.64	30.0	3.64	配当あり	いいえ	9.55	1.35	46.3	1164.0	710.0	Consumer Defensive			OK	通常掲載可	OK	7982.4	11.44	1.83	53.39	0.09	522.1	86.36	34.74	13.64	
9262	シルバーライフ	スタンダード（内国株式）	6100	小売業	14	小売	7	TOPIX Small 2	685.0	2.92	20.0	2.92	20.0	2.92	配当あり	いいえ	9.07	1.02	74.9	927.0	635.0	Consumer Defensive			OK	通常掲載可	OK	13555.3	5.67	10.5	65.05	0.27	152.1	75.49	26.49	11.18	1
9264	ポエック	スタンダード（内国株式）	6050	卸売業	13	商社・卸売	-	-	1608.0	4.66	75.0	4.66	75.0	4.66	配当あり	いいえ	24.75	1.67	72.7	1855.0	1570.0	Industrials			OK	通常掲載可	OK	10114.3	9.02	20.81	28.21	2.05	-247.9	64.96	115.46	14.01	2
9265	ヤマシタヘルスケアホールディングス	スタンダード（内国株式）	6050	卸売業	13	商社・卸売	-	-	3615.0	1.8	65.0	1.74	65.0	1.8	配当あり	いいえ	13.99	0.98	91.9	4110.0	2890.0	Healthcare			OK	通常掲載可	OK	64149.0	1.16	-0.52	34.55		-1232.0	258.47	25.15	7.05	2
9267	Ｇｅｎｋｙ　ＤｒｕｇＳｔｏｒｅｓ	プライム（内国株式）	6100	小売業	14	小売	6	TOPIX Small 1	3460.0	0.38	13.0	0.38	13.0	0.38	配当あり	いいえ	13.42	1.72	1055.7	5460.0	3175.0	Healthcare			OK	通常掲載可	OK	220638.0	4.98	9.89	42.15	0.65	-3168.0	257.77	5.04	13.72	0
9268	オプティマスグループ	スタンダード（内国株式）	6050	卸売業	13	商社・卸売	-	-	413.0	4.36	18.0	4.36	18.0	4.36	配当あり	いいえ	12.67	0.67	282.7	503.0	318.0	Consumer Cyclical			OK	通常掲載可	OK	4026.0	58.02	119.28	21.3	3.68	-934.0	32.59	55.23	10.93	0
9270	バリュエンスホールディングス	グロース（内国株式）	6050	卸売業	13	商社・卸売	-	-	1890.0	2.38	45.0	2.38	45.0	2.38	配当あり	いいえ	9.44	2.31	249.0	2791.0	882.0	Consumer Cyclical			OK	通常掲載可	OK	84841.1	1.71	4.14	24.81	2.41	-3382.0	200.22	22.48	37.89	0
9271	和心	グロース（内国株式）	6100	小売業	14	小売	-	-	1003.0	1.2	12.0	1.2	12.0	1.2	配当あり	いいえ	10.08	4.18	84.4	1301.0	712.0	Consumer Cyclical			OK	通常掲載可	OK	2783.8	20.39	32.88	67.93	0.28	406.6	99.5	12.06	58.13	
9272	ブティックス	グロース（内国株式）	9050	サービス業	10	情報通信・サービスその他	-	-	1549.0						配当未取得		24.45	6.81	150.2	1725.0	1255.0	Consumer Cyclical	配当未取得	1株配当が取得できていない	除外推奨	掲載非推奨	OK_配当データ要確認	5469.9	28.51	25.98	53.53	0.23	1305.6	63.35		6.24	
9273	コーア商事ホールディングス	プライム（内国株式）	6050	卸売業	13	商社・卸売	7	TOPIX Small 2	762.0	4.86	37.0	4.86	37.0	4.86	配当あり	いいえ	8.56	1.03	320.9	919.0	737.0	Healthcare			OK	通常掲載可	OK	24678.9	22.19	11.5	78.87	0.11	7592.0	89.0	41.57	12.64	3
9274	ＫＰＰグループホールディングス	プライム（内国株式）	6050	卸売業	13	商社・卸売	6	TOPIX Small 1	1137.0	3.52	40.0	3.52	40.0	3.52	配当あり	いいえ	13.0	0.79	694.2	1192.0	705.0	Basic Materials			OK	通常掲載可	OK	650368.0	1.55	-2.94	23.87	1.54	16271.0	87.46	45.74	6.15	5
9278	ブックオフグループホールディングス	プライム（内国株式）	6100	小売業	14	小売	7	TOPIX Small 2	3050.0	1.31	40.0	1.31	40.0	1.31	配当あり	いいえ	18.38	2.53	535.4	3160.0	1304.0	Consumer Cyclical			OK	通常掲載可	OK	130123.0	3.39	9.16	34.7	1.22	2432.0	165.92	24.11	14.21	0
9279	ギフトホールディングス	プライム（内国株式）	6100	小売業	14	小売	7	TOPIX Small 2	2087.0	0.77	16.0	0.77	16.0	0.77	配当あり	いいえ	28.65	6.67	1673.8	2740.0	1530.0	Consumer Cyclical			OK	通常掲載可	OK	35878.1	9.39	26.01	46.99	0.56	-1102.3	72.84	21.97	27.44	5
9301	三菱倉庫	プライム（内国株式）	5200	倉庫・運輸関連業	12	運輸・物流	4	TOPIX Mid400	1467.0	3.0	44.0	3.0	44.0	3.0	配当あり	いいえ	9.42	1.32	4967.8	1651.5	1066.5	Industrials			OK	通常掲載可	OK	273443.0	5.82	-3.74	59.32	0.3	6531.0	155.8	28.24	11.23	5
9302	三井倉庫ホールディングス	プライム（内国株式）	5200	倉庫・運輸関連業	12	運輸・物流	4	TOPIX Mid400	3234.0	1.55	50.0	1.55	50.0	1.55	配当あり	いいえ	21.83	1.77	2419.2	4340.0	3130.0	Industrials			OK	通常掲載可	OK	299470.0	7.38	6.67	45.72	0.6	12082.0	148.15	33.75	10.53	0
9303	住友倉庫	プライム（内国株式）	5200	倉庫・運輸関連業	12	運輸・物流	6	TOPIX Small 1	4080.0	2.52	103.0	2.52	103.0	2.52	配当あり	いいえ	17.66	0.98	3082.1	4285.0	3075.0	Industrials			OK	通常掲載可	OK	196241.0	5.82	1.47	61.18	0.25	1336.0	231.05	44.58	7.17	2
9304	澁澤倉庫	プライム（内国株式）	5200	倉庫・運輸関連業	12	運輸・物流	7	TOPIX Small 2	2111.0	3.79	80.0	3.79	80.0	3.79	配当あり	いいえ	18.91	1.67	1154.6	2268.0	1070.0	Industrials			OK	通常掲載可	OK	79738.0	5.14	1.43	57.31	0.41	3612.0	111.61	71.68	11.04	7
9305	ヤマタネ	プライム（内国株式）	6050	卸売業	13	商社・卸売	7	TOPIX Small 2	2015.0	4.22	85.0	4.22	85.0	4.22	配当あり	いいえ	7.9	0.68	425.7	2780.0	1914.0	Industrials			OK	通常掲載可	OK	88674.0	6.61	9.58	35.77	1.27	5205.0	255.11	33.32	8.27	3
9306	東陽倉庫	スタンダード（内国株式）	5200	倉庫・運輸関連業	12	運輸・物流	-	-	2005.0	3.99	80.0	3.99	80.0	3.99	配当あり	いいえ	9.08	0.51	150.7	2166.0	1770.0	Industrials			OK	通常掲載可	OK	30161.1	4.56	3.34	57.84	0.51	194.4	220.93	36.21	5.17	5
9307	杉村倉庫	スタンダード（内国株式）	5200	倉庫・運輸関連業	12	運輸・物流	-	-	994.0	2.01	20.0	2.01	20.0	2.01	配当あり	いいえ	16.78	0.91	162.0	1119.0	850.0	Industrials			OK	通常掲載可	OK	11242.5	12.55	0.06	78.12	0.14	1271.0	59.24	33.76	5.71	4
9308	乾汽船	スタンダード（内国株式）	5100	海運業	12	運輸・物流	7	TOPIX Small 2	2278.0	2.0	45.53	2.0	45.53	2.0	配当あり	いいえ	68.97	1.5	573.6	2488.0	1271.0	Industrials			OK	通常掲載可	OK	33636.0	6.42	5.87	47.54	0.86	478.0	33.03	137.84	3.46	1
9310	日本トランスシティ	プライム（内国株式）	5200	倉庫・運輸関連業	12	運輸・物流	7	TOPIX Small 2	1396.0	3.12	43.5	3.12	43.5	3.12	配当あり	いいえ	13.22	0.83	846.8	1479.0	1053.0	Industrials			OK	通常掲載可	OK	125517.0	6.81	0.6	57.92	0.35	4229.0	105.57	41.2	6.98	4
9311	アサガミ	スタンダード（内国株式）	5200	倉庫・運輸関連業	12	運輸・物流	-	-	7500.0	1.87	140.0	1.87	140.0	1.87	配当あり	いいえ	5.99	0.45	106.1	9700.0	6470.0	Industrials			OK	通常掲載可	OK	39123.1	6.6	0.46	51.59	0.35	2596.6	1252.5	11.18	7.78	0
9312	ケイヒン	スタンダード（内国株式）	5200	倉庫・運輸関連業	12	運輸・物流	-	-	3000.0	3.67	110.0	3.67	110.0	3.67	配当あり	いいえ	7.72	0.56	195.9	3500.0	2500.0	Industrials			OK	通常掲載可	OK	50309.0	6.81	-0.28	56.54	0.36	5625.0	388.8	28.29	10.08	1
9313	丸八倉庫	スタンダード（内国株式）	5200	倉庫・運輸関連業	12	運輸・物流	-	-	1060.0	5.28	56.0	5.28	56.0	5.28	配当あり	いいえ	15.06	0.48	60.6	1185.0	907.0	Industrials			OK	通常掲載可	OK	4931.0	10.09	-1.21	62.66	0.43	-2520.5	70.38	79.57	3.27	2
9319	中央倉庫	プライム（内国株式）	5200	倉庫・運輸関連業	12	運輸・物流	7	TOPIX Small 2	1745.0	2.41	42.0	2.41	42.0	2.41	配当あり	いいえ	15.62	0.61	310.3	2255.0	1296.0	Industrials			OK	通常掲載可	OK	28029.3	7.32	0.68	76.64	0.15	-97.6	111.68	37.61	4.11	4
9322	川西倉庫	スタンダード（内国株式）	5200	倉庫・運輸関連業	12	運輸・物流	-	-	2374.0	1.35	32.0	1.35	32.0	1.35	配当あり	いいえ	28.65	0.86	182.4	3125.0	1310.0	Industrials			OK	通常掲載可	OK	26400.9	4.29	3.36	54.92	0.43	880.6	82.85	38.62	2.21	4
9324	安田倉庫	プライム（内国株式）	5200	倉庫・運輸関連業	12	運輸・物流	7	TOPIX Small 2	2605.0	2.84	74.0	2.84	74.0	2.84	配当あり	いいえ	11.59	0.72	743.9	2814.0	2003.0	Industrials			OK	通常掲載可	OK	80025.0	5.36	6.54	46.13	0.73	1194.0	224.81	32.92	10.19	4
9325	ファイズホールディングス	スタンダード（内国株式）	5200	倉庫・運輸関連業	12	運輸・物流	-	-	1051.0	3.62	38.0	3.62	38.0	3.62	配当あり	いいえ	11.04	2.4	113.0	1378.0	999.0	Industrials			OK	通常掲載可	OK	40322.9	3.8	27.54	33.87	0.89	300.6	95.22	39.91	24.73	1
9326	関通ホールディングス	グロース（内国株式）	5200	倉庫・運輸関連業	12	運輸・物流	-	-	480.0	2.08	10.0	2.08	10.0	2.08	配当あり	いいえ	24.16	2.3	48.6	541.0	402.0	Industrials			OK	通常掲載可	OK	18346.0	1.74	20.14	19.18	3.27	-22.5	19.87	50.33	11.38	0
9327	イー・ロジット	スタンダード（内国株式）	5200	倉庫・運輸関連業	12	運輸・物流	-	-	187.0						配当未取得			-0.66	29.6	354.0	180.0	Industrials	配当未取得	1株配当が取得できていない	除外推奨	掲載非推奨	OK_配当データ要確認	9551.0	-1.39	-6.9	49.77	0.18	-169.5	-16.94		-3288.0	
9330	揚羽	グロース（内国株式）	9050	サービス業	10	情報通信・サービスその他	-	-	881.0						配当未取得				12.6	925.0	766.0	Communication Services	配当未取得	1株配当が取得できていない	除外推奨	掲載非推奨	OK_配当データ要確認	1547.1	-4.76	-0.89	68.83	0.2	201.5	-54.45			
9331	キャスター	グロース（内国株式）	9050	サービス業	10	情報通信・サービスその他	-	-	675.0						配当未取得			1.9	13.2	1343.0	655.0	Industrials	配当未取得	1株配当が取得できていない	除外推奨	掲載非推奨	OK_配当データ要確認	4588.1	-8.35	3.33	37.92	0.65	-381.9	-69.59			
9332	ＮＩＳＳＯホールディングス	プライム（内国株式）	9050	サービス業	10	情報通信・サービスその他	7	TOPIX Small 2	668.0	3.74	25.0	3.74	25.0	3.74	配当あり	いいえ	11.83	1.25	224.9	732.0	557.0	Industrials			OK	通常掲載可	OK	111430.0	2.86	9.72	53.39	0.06	1262.0	56.45	44.29	12.15	2
9336	大栄環境	プライム（内国株式）	9050	サービス業	10	情報通信・サービスその他	6	TOPIX Small 1	3645.0	1.51	55.0	1.51	55.0	1.51	配当あり	いいえ	22.78	3.28	3640.5	4365.0	3265.0	Industrials			OK	通常掲載可	OK	87855.0	25.26	9.57	42.21	1.05	8199.0	160.02	34.37	16.14	0
9337	トリドリ	グロース（内国株式）	9050	サービス業	10	情報通信・サービスその他	-	-	1440.0						配当未取得		17.09	2.6	47.6	3590.0	1314.0	Technology	配当未取得	1株配当が取得できていない	除外推奨	掲載非推奨	OK_配当データ要確認	5372.8	13.17	25.72	27.08	1.31	43.8	84.24		22.02	
9338	ＩＮＦＯＲＩＣＨ	グロース（内国株式）	9050	サービス業	10	情報通信・サービスその他	-	-							配当未取得								yfinanceデータなし	yfinanceで株価・配当データが取得できなかった	除外推奨	掲載非推奨	データなし										
9339	コーチ・エィ	スタンダード（内国株式）	9050	サービス業	10	情報通信・サービスその他	-	-	1499.0	1.33	20.0	1.33	20.0	1.33	配当あり	いいえ	35.59	1.13	35.7	1550.0	1201.0	Consumer Defensive			OK	通常掲載可	OK	3501.9	6.05	-3.87	71.14		80.4	42.12	47.48	3.18	0
9340	アソインターナショナル	スタンダード（内国株式）	9050	サービス業	10	情報通信・サービスその他	-	-	800.0	3.5	28.0	3.5	28.0	3.5	配当あり	いいえ	15.48	2.43	78.9	847.0	645.0	Healthcare			OK	通常掲載可	OK	3544.8	15.38	11.12	86.76	0.0	386.4	51.68	54.18	16.78	0
9341	ＧＥＮＯＶＡ	プライム（内国株式）	9050	サービス業	10	情報通信・サービスその他	7	TOPIX Small 2	619.0	4.85	30.0	4.85	30.0	4.85	配当あり	いいえ	38.91	1.74	107.3	675.0	541.0	Healthcare			OK	通常掲載可	OK	11566.0	3.46	15.59	67.26	0.11	-47.0	15.91	188.56	9.92	
9342	スマサポ	グロース（内国株式）	9050	サービス業	10	情報通信・サービスその他	-	-	878.0						配当未取得		29.41	3.25	21.1	1296.0	738.0	Real Estate	配当未取得	1株配当が取得できていない	除外推奨	掲載非推奨	OK_配当データ要確認	2816.6	6.76	5.29	68.77	0.0	88.7	29.85		7.02	
9343	アイビス	グロース（内国株式）	9050	サービス業	10	情報通信・サービスその他	-	-	788.0	1.52	12.0	1.52	12.0	1.52	配当あり	いいえ	16.48	4.59	145.7	851.0	577.0	Technology			OK	通常掲載可	OK	5005.1	24.02	8.21	69.23	0.02	796.2	47.83	25.09	27.85	2
9344	アクシスコンサルティング	グロース（内国株式）	9050	サービス業	10	情報通信・サービスその他	-	-	1364.0	3.01	41.0	3.01	41.0	3.01	配当あり	いいえ	23.64	2.01	67.9	1418.0	827.0	Industrials			OK	通常掲載可	OK	5271.0	4.0	29.13	73.62	0.11	-296.0	57.7	71.06	8.5	
9345	ビズメイツ	グロース（内国株式）	9050	サービス業	10	情報通信・サービスその他	-	-	583.0	2.57	15.0	2.57	15.0	2.57	配当あり	いいえ	11.25	1.0	18.9	1015.0	526.0	Consumer Defensive			OK	通常掲載可	OK	3491.2	8.12	0.49	71.34	0.05	50.7	51.83	28.94	9.15	0
9346	ココルポート	グロース（内国株式）	9050	サービス業	10	情報通信・サービスその他	-	-	1866.0	4.61	86.0	4.61	86.0	4.61	配当あり	いいえ	11.78	2.09	68.7	2021.0	1595.0	Industrials			OK	通常掲載可	OK	7112.6	11.44	11.54	73.5	0.0	552.6	158.42	54.29	18.76	
9347	日本管財ホールディングス	プライム（内国株式）	9050	サービス業	10	情報通信・サービスその他	7	TOPIX Small 2	2861.0	2.1	60.0	2.1	60.0	2.1	配当あり	いいえ	14.53	1.36	1039.1	3095.0	2573.0	Real Estate			OK	通常掲載可	OK	150258.0	5.79	7.43	69.93	0.07	8543.0	196.84	30.48	10.64	0
9348	ｉｓｐａｃｅ	グロース（内国株式）	9050	サービス業	10	情報通信・サービスその他	-	-	409.0						配当未取得			6.91	598.4	710.0	397.0	Technology	配当未取得	1株配当が取得できていない	除外推奨	掲載非推奨	OK_配当データ要確認	3307.1	-350.16	-30.28	31.81	1.94	-15638.1	-65.48		-186.66	
9351	東洋埠頭	スタンダード（内国株式）	5200	倉庫・運輸関連業	12	運輸・物流	-	-	1920.0	4.17	80.0	4.17	80.0	4.17	配当あり	いいえ	9.53	0.44	136.5	2100.0	1535.0	Industrials			OK	通常掲載可	OK	38079.0	3.94	8.49	54.7	0.55	3261.0	201.53	39.7	4.93	1
9353	櫻島埠頭	スタンダード（内国株式）	5200	倉庫・運輸関連業	12	運輸・物流	-	-	2980.0	1.81	54.0	1.81	54.0	1.81	配当あり	いいえ	15.62	0.51	45.3	3850.0	1760.0	Industrials			OK	通常掲載可	OK	4260.7	5.89	-1.79	66.16	0.17	57.3	190.72	28.31	3.66	1
9355	リンコーコーポレーション	スタンダード（内国株式）	5200	倉庫・運輸関連業	12	運輸・物流	-	-	2225.0	1.8	40.0	1.8	40.0	1.8	配当あり	いいえ	5.45	0.29	58.6	2348.0	1800.0	Industrials			OK	通常掲載可	OK	13856.1	3.54	2.31	50.04	0.46	562.8	408.29	9.8	7.27	1
9360	鈴与シンワート	スタンダード（内国株式）	5250	情報・通信業	10	情報通信・サービスその他	-	-	2815.0	4.26	120.0	4.26	120.0	4.26	配当あり	いいえ	7.41	1.47	80.1	3245.0	2691.0	Technology			OK	通常掲載可	OK	20670.0	8.44	8.13	40.52	0.34	132.0	379.74	31.6	26.16	4
9361	伏木海陸運送	スタンダード（内国株式）	5200	倉庫・運輸関連業	12	運輸・物流	-	-	2000.0	3.0	60.0	3.0	60.0	3.0	配当あり	いいえ	6.29	0.39	51.9	2497.0	1683.0	Industrials			OK	通常掲載可	OK	12935.6	5.73	-1.0	47.96	0.54	-244.2	318.2	18.86	6.96	1
9362	兵機海運	スタンダード（内国株式）	5200	倉庫・運輸関連業	12	運輸・物流	-	-	3750.0	2.93	110.0	2.93	110.0	2.93	配当あり	いいえ	11.32	0.96	45.0	4100.0	3135.0	Industrials			OK	通常掲載可	OK	13389.0	3.26	-2.46	43.34	0.85	156.0	331.13	33.22	8.99	0
9363	大運	スタンダード（内国株式）	5200	倉庫・運輸関連業	12	運輸・物流	-	-	516.0	3.1	16.0	3.1	16.0	3.1	配当あり	いいえ	7.48	1.85	25.0	587.0	408.0	Industrials			OK	通常掲載可	OK	9211.7	3.77	6.22	66.32	0.13	508.6	68.99	23.19	4.65	2
9364	上組	プライム（内国株式）	5200	倉庫・運輸関連業	12	運輸・物流	4	TOPIX Mid400	4747.0	4.42	210.0	4.42	210.0	4.42	配当あり	いいえ	15.24	1.2	4627.1	5818.0	4425.0	Industrials			OK	通常掲載可	OK	294758.0	12.4	5.58	73.46	0.18	35717.0	311.4	67.44	7.86	5
9365	トレーディア	スタンダード（内国株式）	5200	倉庫・運輸関連業	12	運輸・物流	-	-	1607.0	3.11	50.0	3.11	50.0	3.11	配当あり	いいえ	6.51	0.37	23.6	1715.0	1371.0	Industrials			OK	通常掲載可	OK	16447.2	1.43	-1.2	44.4	0.81	-931.3	247.0	20.24	5.61	0
9366	サンリツ	スタンダード（内国株式）	5200	倉庫・運輸関連業	12	運輸・物流	-	-	1270.0	2.99	38.0	2.99	38.0	2.99	配当あり	いいえ	10.64	0.58	71.6	1339.0	841.0	Industrials			OK	通常掲載可	OK	20532.9	5.04	2.04	45.62	0.82	-3176.6	119.38	31.83	7.25	0
9367	大東港運	スタンダード（内国株式）	5200	倉庫・運輸関連業	12	運輸・物流	-	-	2039.0	1.57	32.0	1.57	32.0	1.57	配当あり	いいえ	20.24	1.65	176.2	2737.0	785.0	Industrials			OK	通常掲載可	OK	18132.1	6.04	8.18	67.02	0.22	158.0	100.73	31.77	9.49	1
9368	キムラユニティー	スタンダード（内国株式）	5200	倉庫・運輸関連業	12	運輸・物流	-	-	930.0	4.09	38.0	4.09	38.0	4.09	配当あり	いいえ	11.93	0.86	382.5	983.0	825.0	Industrials			OK	通常掲載可	OK	64546.0	7.68	5.59	62.07	0.1	2959.0	77.93	48.76	8.57	4
9369	キユーソー流通システム	スタンダード（内国株式）	5200	倉庫・運輸関連業	12	運輸・物流	7	TOPIX Small 2	2891.0	0.83	24.0	0.83	24.0	0.83	配当あり	いいえ	29.41	1.54	718.6	3670.0	2440.0	Industrials			OK	通常掲載可	OK	202602.0	2.79	3.8	33.16	1.04	-2941.0	98.29	24.42	5.38	2
9376	ユーラシア旅行社	スタンダード（内国株式）	9050	サービス業	10	情報通信・サービスその他	-	-	776.0	6.44	50.0	6.44	50.0	6.44	配当あり	いいえ	50.75	1.78	28.6	997.0	683.0	Consumer Cyclical			OK	通常掲載可	OK	4787.7	2.4	4.12	57.3		128.3	15.29	327.01	-0.35	1
9380	東海運	スタンダード（内国株式）	5200	倉庫・運輸関連業	12	運輸・物流	-	-	447.0	2.01	9.0	2.01	9.0	2.01	配当あり	いいえ	17.21	0.66	121.8	451.0	333.0	Industrials			OK	通常掲載可	OK	40148.4	2.16	1.9	41.94	0.7	-1964.0	25.97	34.66	6.0	0
9381	エーアイテイー	プライム（内国株式）	5200	倉庫・運輸関連業	12	運輸・物流	7	TOPIX Small 2	2285.0	4.81	110.0	4.81	110.0	4.81	配当あり	いいえ	16.89	2.66	536.8	2445.0	1987.0	Industrials			OK	通常掲載可	OK	58399.0	7.19	4.96	74.26	0.01	3434.0	135.27	81.32	15.92	1
9385	ショーエイコーポレーション	スタンダード（内国株式）	3200	化学	4	素材・化学	-	-	745.0	4.7	35.0	4.7	35.0	4.7	配当あり	いいえ	6.68	1.12	57.6	848.0	572.0	Communication Services			OK	通常掲載可	OK	19047.0	6.99	0.08	46.65	0.65	829.4	111.53	31.38	19.89	0
9401	ＴＢＳホールディングス	プライム（内国株式）	5250	情報・通信業	10	情報通信・サービスその他	4	TOPIX Mid400	5818.0	1.72	100.0	1.72	100.0	1.72	配当あり	いいえ	17.54	0.56	8887.3	6634.0	5060.0	Communication Services			OK	通常掲載可	OK	424850.0	5.83	4.46	69.26	0.07	-6522.0	331.63	30.15	3.71	4
9404	日本テレビホールディングス	プライム（内国株式）	5250	情報・通信業	10	情報通信・サービスその他	4	TOPIX Mid400	2821.0	1.6	45.0	1.6	45.0	1.6	配当あり	いいえ	12.48	0.65	6866.4	4072.0	2652.0	Communication Services			OK	通常掲載可	OK	484418.0	14.31	4.87	77.58	0.01	50667.0	225.96	19.92	6.53	0
9405	朝日放送グループホールディングス	プライム（内国株式）	5250	情報・通信業	10	情報通信・サービスその他	7	TOPIX Small 2	818.0	2.93	24.0	2.93	24.0	2.93	配当あり	いいえ	7.67	0.42	339.2	952.0	698.0	Communication Services			OK	通常掲載可	OK	95998.0	4.96	4.43	61.41	0.17	5073.0	106.67	22.5	3.03	1
9408	ＢＳＮメディアホールディングス	スタンダード（内国株式）	5250	情報・通信業	10	情報通信・サービスその他	-	-	2662.0	0.68	18.0	0.68	18.0	0.68	配当あり	いいえ	11.72	0.58	158.4	2935.0	2114.0	Technology			OK	通常掲載可	OK	25756.6	6.75	5.67	71.97	0.06	1657.3	227.07	7.93	5.48	2
9409	テレビ朝日ホールディングス	プライム（内国株式）	5250	情報・通信業	10	情報通信・サービスその他	6	TOPIX Small 1	2986.0	3.35	100.0	3.35	100.0	3.35	配当あり	いいえ	10.14	0.63	3002.1	3800.0	2919.0	Communication Services			OK	通常掲載可	OK	339487.0	7.71	4.76	80.07		11237.0	294.42	33.97	6.11	2
9412	スカパーＪＳＡＴ	プライム（内国株式）	5250	情報・通信業	10	情報通信・サービスその他	6	TOPIX Small 1	2002.0	2.4	48.0	2.4	48.0	2.4	配当あり	いいえ	24.33	1.85	5675.4	4720.0	1298.0	Communication Services			OK	通常掲載可	OK	127584.0	27.65	3.12	74.44	0.11	3557.0	82.28	58.34	8.83	3
9413	テレビ東京ホールディングス	プライム（内国株式）	5250	情報・通信業	10	情報通信・サービスその他	6	TOPIX Small 1	3300.0	3.03	100.0	3.03	100.0	3.03	配当あり	いいえ	11.27	0.83	881.7	5110.0	3235.0	Communication Services			OK	通常掲載可	OK	164915.0	6.92	5.83	68.95	0.06	11870.0	292.71	34.16	6.44	1
