コード	銘柄名	市場・商品区分	33業種コード	33業種区分	17業種コード	17業種区分	規模コード	規模区分	株価	配当利回り(%)	1株配当(円)	配当利回り_raw	1株配当_raw	配当利回り_自前計算	配当状態	配当フォールバック使用	PER	PBR	時価総額(億円)	52週高値	52週安値	セクター	注意フラグ	要確認理由	配当ランキング利用可否	記事掲載区分	yfinance状態	売上高_直近期(百万円)	営業利益率(%)	売上成長率_YoY(%)	自己資本比率(%)	DEレシオ	FCF(百万円)	EPS(円)	配当性向(%)	ROE(%)	連続増配(年)
2884	ヨシムラ・フード・ホールディングス	プライム（内国株式）	3050	食料品	1	食品	7	TOPIX Small 2	598.0						配当未取得		15.63	1.09	142.8	1066.0	570.0	Consumer Defensive	配当未取得	1株配当が取得できていない	除外推奨	掲載非推奨	OK_配当データ要確認	57484.6	2.73	-1.08	20.35	2.5	-3768.0	38.27		8.8	
288A	ラクサス・テクノロジーズ	グロース（内国株式）	9050	サービス業	10	情報通信・サービスその他	-	-	94.0						配当未取得		25.41	0.78	24.4	173.0	87.0	Consumer Cyclical	配当未取得	1株配当が取得できていない	除外推奨	掲載非推奨	OK_配当データ要確認	2275.9	8.13	-11.14	70.71	0.33	-106.5	3.7		3.09	
2892	日本食品化工	スタンダード（内国株式）	3050	食料品	1	食品	-	-	4810.0	3.12	150.0	3.2	150.0	3.12	配当あり	いいえ	19.65	0.76	227.6	4920.0	3345.0	Consumer Defensive			OK	通常掲載可	OK	62993.0	1.99	0.47	59.58	0.27	4056.0	244.83	61.27	4.28	0
2894	石井食品	スタンダード（内国株式）	3050	食料品	1	食品	-	-	363.0	1.1	4.0	1.09	4.0	1.1	配当あり	いいえ		1.54	60.4	391.0	311.0	Consumer Defensive			OK	通常掲載可	OK	10979.8	0.06	1.01	46.59	0.51	189.3	-7.51		-2.55	0
2897	日清食品ホールディングス	プライム（内国株式）	3050	食料品	1	食品	4	TOPIX Mid400	2833.5	2.47	70.0	2.44	70.0	2.47	配当あり	いいえ	18.35	1.55	8120.2	3354.0	2527.0	Consumer Defensive			OK	通常掲載可	OK	788131.0	6.27	1.49	52.71	0.34	-4151.0	154.43	45.33	9.62	0
2901	ウェルディッシュ	スタンダード（内国株式）	3050	食料品	1	食品	-	-	136.0	2.94	4.0	2.88	4.0	2.94	配当あり	いいえ	6.25	0.65	38.9	730.0	128.0	Healthcare			OK	通常掲載可	OK	1974.4	10.16	-2.04	58.5	0.48	-167.7	21.77	18.37	10.4	0
2903	シノブフーズ	スタンダード（内国株式）	3050	食料品	1	食品	-	-	1517.0	2.24	34.0	2.26	34.0	2.24	配当あり	いいえ	10.06	1.08	161.1	2119.0	1391.0	Consumer Defensive			OK	通常掲載可	OK	61974.0	3.77	7.5	53.4	0.28	1571.0	150.79	22.55	10.75	2
2904	一正蒲鉾	スタンダード（内国株式）	3050	食料品	1	食品	-	-	755.0	3.71	28.0	3.71	28.0	3.71	配当あり	いいえ	42.37	0.92	138.4	789.0	741.0	Consumer Defensive			OK	通常掲載可	OK	34579.1	2.58	0.27	48.76	0.67	-958.6	17.82	157.13	2.01	1
2907	あじかん	スタンダード（内国株式）	3050	食料品	1	食品	-	-	1521.0	3.81	58.0	3.79	58.0	3.81	配当あり	いいえ	10.41	0.62	113.9	1690.0	1187.0	Consumer Defensive			OK	通常掲載可	OK	51430.0	2.49	0.75	67.39	0.18	393.0	146.12	39.69	8.08	3
2908	フジッコ	プライム（内国株式）	3050	食料品	1	食品	7	TOPIX Small 2	1572.0	2.93	46.0	2.93	46.0	2.93	配当あり	いいえ	31.35	0.65	447.6	1654.0	1455.0	Consumer Defensive			OK	通常掲載可	OK	55534.0	2.64	-2.7	86.93		-1161.0	50.15	91.72	2.27	0
290A	Ｓｙｎｓｐｅｃｔｉｖｅ	グロース（内国株式）	5250	情報・通信業	10	情報通信・サービスその他	-	-	1409.0						配当未取得			4.94	1873.1	2140.0	842.0	Industrials	配当未取得	1株配当が取得できていない	除外推奨	掲載非推奨	OK_配当データ要確認	2376.5	-174.11	2.58	78.57	0.24	-9963.5	-8.45		2.43	
2910	ロック・フィールド	プライム（内国株式）	3050	食料品	1	食品	7	TOPIX Small 2	1385.0	2.17	30.0	2.18	30.0	2.17	配当あり	いいえ	356.96	1.27	362.0	1499.0	1214.0	Consumer Defensive			OK	通常掲載可	OK	51096.0	1.53	-0.17	82.06	0.03	752.0	3.88	773.2	0.73	0
2911	旭松食品	スタンダード（内国株式）	3050	食料品	1	食品	-	-	2245.0	1.56	35.0	1.55	35.0	1.56	配当あり	いいえ	18.04	0.49	39.7	2385.0	2222.0	Consumer Defensive			OK	通常掲載可	OK	7686.9	1.14	-4.12	81.39	0.09	-111.6	124.48	28.12	2.2	2
2914	日本たばこ産業	プライム（内国株式）	3050	食料品	1	食品	1	TOPIX Core30	6856.0	3.97	272.0	3.89	272.0	3.97	配当あり	いいえ	20.83	2.77	121718.5	7218.0	4748.0	Consumer Defensive			OK	通常掲載可	OK	3467675.0	24.62	13.44	48.54	0.41	351670.0	329.09	82.65	14.3	1
2915	ケンコーマヨネーズ	プライム（内国株式）	3050	食料品	1	食品	7	TOPIX Small 2	1990.0	3.52	70.0	3.54	70.0	3.52	配当あり	いいえ	10.0	0.69	286.5	2365.0	1803.0	Consumer Defensive			OK	通常掲載可	OK	92354.0	4.5	0.71	65.02	0.08	166.0	198.99	35.18	7.19	3
2916	仙波糖化工業	スタンダード（内国株式）	3050	食料品	1	食品	-	-	727.0	2.06	15.0	2.05	15.0	2.06	配当あり	いいえ	14.91	0.65	82.8	770.0	695.0	Consumer Defensive			OK	通常掲載可	OK	19423.6	4.65	3.86	59.47	0.26	802.3	48.76	30.76	5.69	0
2917	大森屋	スタンダード（内国株式）	3050	食料品	1	食品	-	-	891.0	1.12	10.0	1.1	10.0	1.12	配当あり	いいえ	49.01	0.38	44.2	952.0	883.0	Consumer Defensive			OK	通常掲載可	OK	16511.2	-0.4	1.26	48.94	0.76	-6917.5	18.18	55.01	1.08	0
2918	わらべや日洋ホールディングス	プライム（内国株式）	3050	食料品	1	食品	6	TOPIX Small 1	2684.0	4.47	120.0	4.44	120.0	4.47	配当あり	いいえ	8.8	0.78	464.8	3820.0	2534.0	Consumer Defensive			OK	通常掲載可	OK	233833.0	3.18	5.11	45.1	0.61	3031.0	305.17	39.32	8.33	1
291A	リスキル	グロース（内国株式）	9050	サービス業	10	情報通信・サービスその他	-	-	2044.0						配当未取得		7.0	2.21	41.3	3870.0	1636.0	Consumer Defensive	配当未取得	1株配当が取得できていない	除外推奨	掲載非推奨	OK_配当データ要確認	2478.4	36.24	26.53	82.04	0.0	639.8	292.17		36.48	
2922	なとり	プライム（内国株式）	3050	食料品	1	食品	7	TOPIX Small 2	1988.0	1.51	30.0	1.52	30.0	1.51	配当あり	いいえ	18.52	0.89	250.1	2042.0	1848.0	Consumer Defensive			OK	通常掲載可	OK	48584.8	3.89	-0.63	64.99	0.18	1210.9	107.35	27.95	7.2	2
2923	サトウ食品	スタンダード（内国株式）	3050	食料品	1	食品	-	-	7100.0	1.06	75.0	1.03	75.0	1.06	配当あり	いいえ	12.78	1.45	358.1	8980.0	6610.0	Consumer Defensive			OK	通常掲載可	OK	51775.1	6.44	11.39	42.9	0.82	-4648.0	555.53	13.5	7.67	6
2924	イフジ産業	スタンダード（内国株式）	3050	食料品	1	食品	-	-	1899.0	3.63	69.0	3.63	69.0	3.63	配当あり	いいえ	7.72	1.22	154.8	2307.0	1783.0	Consumer Defensive			OK	通常掲載可	OK	32572.0	8.57	27.45	66.67	0.26	-1052.0	245.87	28.06	14.5	7
2926	篠崎屋	スタンダード（内国株式）	3050	食料品	1	食品	-	-	110.0	5.45	6.0	5.17	6.0	5.45	配当あり	いいえ	25.23	1.17	15.6	137.0	89.0	Consumer Defensive			OK	通常掲載可	OK	2940.2	2.01	5.54	76.84	0.0	53.1	4.36	137.61	10.06	1
2927	ＡＦＣ－ＨＤアムスライフサイエンス	スタンダード（内国株式）	3050	食料品	1	食品	-	-	848.0	5.19	44.0	5.17	44.0	5.19	配当あり	いいえ	8.86	0.76	123.5	918.0	810.0	Consumer Defensive			OK	通常掲載可	OK	32655.0	7.38	8.18	30.94	1.59	-1751.9	95.74	45.96	7.47	2
2929	ファーマフーズ	プライム（内国株式）	3050	食料品	1	食品	7	TOPIX Small 2	704.0	3.55	25.0	3.51	25.0	3.55	配当あり	いいえ	10.26	1.55	204.5	840.0	513.0	Healthcare			OK	通常掲載可	OK	62147.0	3.9	-9.37	31.68	1.46	4513.0	68.59	36.45	16.09	0
2930	北の達人コーポレーション	プライム（内国株式）	3200	化学	4	素材・化学	7	TOPIX Small 2	133.0	2.63	3.5	2.67	3.5	2.63	配当あり	いいえ	26.23	2.4	185.5	146.0	112.0	Consumer Defensive			OK	通常掲載可	OK	11210.3	8.93	-5.21	84.8	0.0	837.9	5.07	69.03	5.83	2
2931	ユーグレナ	プライム（内国株式）	3050	食料品	1	食品	6	TOPIX Small 1	340.0	0.59	2.0	0.58	2.0	0.59	配当あり	いいえ		1.43	474.3	459.0	318.0	Consumer Defensive			OK	通常掲載可	OK	50370.0	6.2	5.78	42.8	0.89	4593.0	-1.26		4.05	
2932	ＳＴＩフードホールディングス	スタンダード（内国株式）	3050	食料品	1	食品	-	-	1111.0	3.6	40.0	3.6	40.0	3.6	配当あり	いいえ	11.98	1.89	197.5	1326.0	1000.0	Consumer Defensive			OK	通常掲載可	OK	38605.0	6.64	8.5	45.98	0.42	1450.0	92.77	43.12	17.58	0
2933	紀文食品	プライム（内国株式）	3050	食料品	1	食品	7	TOPIX Small 2	1093.0	2.1	23.0	2.09	23.0	2.1	配当あり	いいえ	22.78	1.0	249.5	1144.0	1013.0	Consumer Defensive			OK	通常掲載可	OK	111037.5	2.94	1.95	32.03	1.15	97.6	47.98	47.94	4.49	3
2934	ジェイフロンティア	グロース（内国株式）	3050	食料品	1	食品	-	-	2014.0						配当未取得			8.74	107.5	2095.0	1196.0	Healthcare	配当未取得	1株配当が取得できていない	除外推奨	掲載非推奨	OK_配当データ要確認	22236.0	1.4	3.4	12.82	4.32	385.4	-60.42		-15.56	
2935	ピックルスホールディングス	プライム（内国株式）	3050	食料品	1	食品	7	TOPIX Small 2	1178.0	2.55	30.0	2.53	30.0	2.55	配当あり	いいえ	11.0	0.73	147.6	1394.0	1067.0	Consumer Defensive			OK	通常掲載可	OK	40923.0	5.1	-1.43	66.34	0.16	3777.0	107.12	28.01	7.24	0
2936	ベースフード	グロース（内国株式）	3050	食料品	1	食品	-	-	273.0						配当未取得		56.17	12.81	145.8	460.0	255.0	Consumer Defensive	配当未取得	1株配当が取得できていない	除外推奨	掲載非推奨	OK_配当データ要確認	15191.9	1.43	-0.33	33.77	0.47	128.1	4.86		12.97	
2937	サンクゼール	グロース（内国株式）	3050	食料品	1	食品	-	-	1729.0	2.02	35.0	2.02	35.0	2.02	配当あり	いいえ	25.97	3.27	160.9	1820.0	1627.0	Consumer Defensive			OK	通常掲載可	OK	20600.6	3.84	5.82	50.8	0.34	959.2	66.57	52.58	13.07	0
2938	オカムラ食品工業	スタンダード（内国株式）	3050	食料品	1	食品	-	-	1254.0	0.8	10.0	0.79	10.0	0.8	配当あり	いいえ	23.09	3.2	632.1	1682.0	1019.0	Consumer Defensive			OK	通常掲載可	OK	35345.0	8.55	8.2	38.87	1.08	1552.0	54.3	18.42	15.56	2
2961	日本調理機	スタンダード（内国株式）	3550	金属製品	3	建設・資材	-	-	1436.0	6.27	90.0	6.06	90.0	6.27	配当あり	いいえ	11.68	0.22	64.0	1902.5	1022.5	Industrials			OK	通常掲載可	OK	18118.9	4.66	-1.76	56.33	0.05	-887.5	122.92	73.22	8.03	0
2962	テクニスコ	スタンダード（内国株式）	3550	金属製品	3	建設・資材	-	-	2495.0						配当未取得		3326.67	13.03	229.4	2599.0	279.0	Industrials	配当未取得	1株配当が取得できていない	除外推奨	掲載非推奨	OK_配当データ要確認	4683.2	-10.18	-12.42	49.3	0.85	-817.9	0.75		0.29	
296A	令和アカウンティング・ホールディングス	グロース（内国株式）	9050	サービス業	10	情報通信・サービスその他	-	-	1149.0	3.18	36.5	3.11	36.5	3.18	配当あり	いいえ	30.36	19.07	429.8	1248.0	611.0	Industrials			OK	通常掲載可	OK	5705.1	34.85	14.57	65.42	0.0	1281.0	37.84	96.46	65.71	
2970	ＧＬＣ　ＧＲＯＵＰ	スタンダード（内国株式）	8050	不動産業	17	不動産	-	-	1178.0						配当未取得		15.65	3.03	195.4	1274.0	783.0	Real Estate	配当未取得	1株配当が取得できていない	除外推奨	掲載非推奨	OK_配当データ要確認	24505.0	10.5	43.09	30.54	1.7	1235.0	75.27		22.88	
2975	スター・マイカ・ホールディングス	プライム（内国株式）	8050	不動産業	17	不動産	7	TOPIX Small 2	1332.0	3.83	51.0	3.65	51.0	3.83	配当あり	いいえ	7.48	1.35	505.3	1846.0	1098.0	Real Estate			OK	通常掲載可	OK	69158.3	10.58	23.83	25.72	2.72	-5231.2	177.98	28.65	19.59	6
2978	ツクルバ	グロース（内国株式）	8050	不動産業	17	不動産	-	-	315.0						配当未取得		52.33	1.71	37.6	600.0	304.0	Real Estate	配当未取得	1株配当が取得できていない	除外推奨	掲載非推奨	OK_配当データ要確認	8099.0	3.39	47.71	31.45	1.89	-1499.9	6.02		6.18	
297A	アルピコホールディングス	スタンダード（内国株式）	6100	小売業	14	小売	-	-	210.0	2.38	5.0	2.37	5.0	2.38	配当あり	いいえ	7.7	0.93	144.9	260.0	206.0	Industrials			OK	通常掲載可	OK	107422.0	3.64	3.45	25.97	1.69	1161.5	27.28	18.33	12.48	
2980	ＳＲＥホールディングス	プライム（内国株式）	8050	不動産業	17	不動産	7	TOPIX Small 2	2333.0	0.86	20.0	0.87	20.0	0.86	配当あり	いいえ	20.55	2.29	375.9	4150.0	2199.0	Real Estate			OK	通常掲載可	OK	32858.6	12.72	23.11	31.74	1.72	-9174.7	113.52	17.62	19.58	
2981	ランディックス	グロース（内国株式）	8050	不動産業	17	不動産	-	-	2224.0	2.52	56.0	2.48	56.0	2.52	配当あり	いいえ	6.87	1.2	126.7	2970.0	1844.0	Real Estate			OK	通常掲載可	OK	23528.1	12.76	16.09	39.09	1.41	-373.9	323.59	17.31	21.38	4
2982	ＡＤワークスグループ	プライム（内国株式）	8050	不動産業	17	不動産	-	-	414.0	4.83	20.0	4.8	20.0	4.83	配当あり	いいえ	5.09	0.92	205.0	514.0	370.0	Real Estate			OK	通常掲載可	OK	67532.0	7.39	35.31	28.56	2.22	-7282.3	81.27	24.61	19.18	5
2983	アールプランナー	グロース（内国株式）	8050	不動産業	17	不動産	-	-	1607.0	3.42	55.0	3.4	55.0	3.42	配当あり	いいえ	5.74	1.86	171.7	2400.0	1129.0	Real Estate			OK	通常掲載可	OK	48623.9	7.71	21.0	22.27	2.48	-1432.7	279.78	19.66	37.87	3
2984	ヤマイチエステート	スタンダード（内国株式）	8050	不動産業	17	不動産	-	-	807.0	3.84	31.0	3.83	31.0	3.84	配当あり	いいえ	12.39	0.5	70.0	816.0	665.0	Real Estate			OK	通常掲載可	OK	17638.5	10.95	-15.64	22.49	2.97	-8499.6	65.12	47.6	6.15	0
2986	ＬＡホールディングス	グロース（内国株式）	8050	不動産業	17	不動産	-	-	2890.0	6.02	174.0	5.98	174.0	6.02	配当あり	いいえ	14.49	2.24	662.8	3956.67	2333.33	Real Estate			OK	通常掲載可	OK	46544.3	21.54	4.11	29.38	2.19	-13854.5	199.41	87.26	16.05	5
298A	ＧＶＡ　ＴＥＣＨ	グロース（内国株式）	5250	情報・通信業	10	情報通信・サービスその他	-	-	312.0						配当未取得			9.21	14.5	825.0	266.0	Technology	配当未取得	1株配当が取得できていない	除外推奨	掲載非推奨	OK_配当データ要確認	1483.8	-20.37	27.32	20.07	2.48	-452.1	-61.93		-97.73	
2991	ランドネット	スタンダード（内国株式）	8050	不動産業	17	不動産	-	-	533.0	2.44	13.0	2.47	13.0	2.44	配当あり	いいえ	5.45	0.97	127.8	748.5	500.0	Real Estate			OK	通常掲載可	OK	77790.9	3.58	22.22	32.69	1.47	-4200.6	97.84	13.29	19.49	4
2993	長栄	スタンダード（内国株式）	8050	不動産業	17	不動産	-	-	2170.0	4.61	100.0	4.61	100.0	4.61	配当あり	いいえ	9.67	0.81	94.2	2749.0	2031.0	Real Estate			OK	通常掲載可	OK	11008.0	17.88	9.88	16.85	4.47	-5265.9	224.38	44.57	9.73	2
2997	ストレージ王	グロース（内国株式）	8050	不動産業	17	不動産	-	-	1322.0						配当未取得		10169.23	2.13	25.0	1349.0	881.0	Real Estate	配当未取得	1株配当が取得できていない	除外推奨	掲載非推奨	OK_配当データ要確認	3999.8	4.79	-6.17	26.32	2.34	-445.0	0.13		-0.09	
2998	クリアル	グロース（内国株式）	8050	不動産業	17	不動産	-	-	482.0	1.66	8.0	1.58	8.0	1.66	配当あり	いいえ	7.96	1.6	171.9	1390.0	415.0	Financial Services			OK	通常掲載可	OK	37795.0	7.78	-9.63	25.92	0.76	-9612.9	60.54	13.21	19.49	
2999	ホームポジション	スタンダード（内国株式）	8050	不動産業	17	不動産	-	-	522.0	1.92	10.0	1.91	10.0	1.92	配当あり	いいえ	7.56	0.82	49.0	660.0	405.0	Consumer Cyclical			OK	通常掲載可	OK	17364.5	3.25	-11.99	39.86	1.34	-2071.3	69.06	14.48	11.01	0
299A	クラシル	グロース（内国株式）	9050	サービス業	10	情報通信・サービスその他	-	-	1207.0						配当未取得		21.98	3.73	516.7	1747.0	900.0	Communication Services	配当未取得	1株配当が取得できていない	除外推奨	掲載非推奨	OK_配当データ要確認	17001.3	20.37	29.76	78.29		2830.6	54.92		20.34	
3001	片倉工業	スタンダード（内国株式）	3100	繊維製品	4	素材・化学	7	TOPIX Small 2	3010.0	1.99	60.0	1.98	60.0	1.99	配当あり	いいえ	12.64	0.95	953.3	3240.0	2325.0	Industrials			OK	通常掲載可	OK	40652.0	14.41	3.11	63.8	0.08	5578.0	238.09	25.2	7.98	3
3002	グンゼ	プライム（内国株式）	3100	繊維製品	4	素材・化学	6	TOPIX Small 1	4090.0	3.59	147.0	3.63	147.0	3.59	配当あり	いいえ	256.43	1.19	1282.0	4765.0	3545.0	Consumer Cyclical			OK	通常掲載可	OK	130918.0	3.73	-4.52	72.81	0.13	17271.0	15.95	921.63	4.23	4
3003	ヒューリック	プライム（内国株式）	8050	不動産業	17	不動産	4	TOPIX Mid400	1720.0	3.9	67.0	3.88	67.0	3.9	配当あり	いいえ	10.94	1.38	13060.3	2094.0	1525.5	Real Estate			OK	通常掲載可	OK	727447.0	25.68	22.96	26.05	2.42	-176825.0	157.28	42.6	13.07	13
3004	神栄	スタンダード（内国株式）	6050	卸売業	13	商社・卸売	-	-	2042.0	5.39	110.0	5.4	110.0	5.39	配当あり	いいえ	5.92	0.71	80.0	2827.0	2013.0	Industrials			OK	通常掲載可	OK	43267.0	3.8	7.74	36.89	1.11	1049.0	344.89	31.89	5.68	2
300A	ＭＩＣ	スタンダード（内国株式）	9050	サービス業	10	情報通信・サービスその他	-	-	2867.0	2.69	77.0	2.58	77.0	2.69	配当あり	いいえ	17.21	2.24	203.7	3490.0	2320.0	Communication Services			OK	通常掲載可	OK	15092.4	11.17	22.95	74.91	0.08	-752.7	166.57	46.23	14.82	
3010	ポラリス・ホールディングス	スタンダード（内国株式）	9050	サービス業	10	情報通信・サービスその他	-	-	190.0	10.53	20.0	10.47	20.0	10.53	配当あり	いいえ	9.72	1.42	444.4	214.0	161.0	Consumer Cyclical	高利回り要確認	1株配当が株価の10%以上 / 配当利回りが8%以上	要確認	手動確認後に掲載	OK_高利回り要確認	48469.3	8.34	73.84	46.46	0.92	5274.6	19.55	102.3	14.08	
3011	バナーズ	スタンダード（内国株式）	6100	小売業	14	小売	-	-	142.0	3.52	5.0	3.52	5.0	3.52	配当あり	いいえ	10.46	0.8	21.7	265.0	134.0	Consumer Cyclical			OK	通常掲載可	OK	5653.5	4.95	0.93	29.27	1.26	-340.8	13.58	36.82	6.89	1
3020	アプライド	スタンダード（内国株式）	6100	小売業	14	小売	-	-	4930.0	2.84	140.0	2.81	140.0	2.84	配当あり	いいえ	5.94	0.95	133.3	5200.0	3675.0	Technology			OK	通常掲載可	OK	48010.0	7.15	1.53	62.73	0.0	2158.0	830.21	16.86	17.65	2
3021	パシフィックネット	スタンダード（内国株式）	9050	サービス業	10	情報通信・サービスその他	-	-	1622.0	3.51	57.0	3.48	57.0	3.51	配当あり	いいえ	9.97	2.14	85.3	2550.0	1275.0	Technology			OK	通常掲載可	OK	10457.4	13.31	29.11	25.5	2.42	-1215.1	162.69	35.04	23.46	8
3023	ラサ商事	スタンダード（内国株式）	6050	卸売業	13	商社・卸売	7	TOPIX Small 2	2078.0	3.85	80.0	3.83	80.0	3.85	配当あり	いいえ	9.37	0.94	218.2	2502.0	1577.0	Basic Materials			OK	通常掲載可	OK	28201.0	10.49	6.15	71.11	0.13	2061.0	221.72	36.08	10.79	1
3024	クリエイト	スタンダード（内国株式）	6050	卸売業	13	商社・卸売	-	-	1203.0	3.57	43.0	3.49	43.0	3.57	配当あり	いいえ	13.17	0.81	46.9	1294.0	980.0	Industrials			OK	通常掲載可	OK	37323.5	2.21	2.12	30.42	0.13	957.0	91.31	47.09	10.68	3
3028	アルペン	プライム（内国株式）	6100	小売業	14	小売	6	TOPIX Small 1	2379.0	2.52	60.0	2.57	60.0	2.52	配当あり	いいえ	14.43	0.73	917.3	2410.0	1851.0	Consumer Cyclical			OK	通常掲載可	OK	268655.0	3.17	6.21	58.83	0.1	1876.0	164.85	36.4	5.06	0
302A	ビースタイルホールディングス	グロース（内国株式）	9050	サービス業	10	情報通信・サービスその他	-	-	607.0						配当未取得		34.12	1.34	17.7	696.0	495.0	Industrials	配当未取得	1株配当が取得できていない	除外推奨	掲載非推奨	OK_配当データ要確認	12008.8	48.93	7.09	33.94	1.06	-289.9	17.79		3.99	
3030	ハブ	スタンダード（内国株式）	6100	小売業	14	小売	-	-	891.0	1.12	10.0	1.12	10.0	1.12	配当あり	いいえ	18.47	3.27	112.1	1104.0	768.0	Consumer Cyclical			OK	通常掲載可	OK	11440.9	4.67	6.77	51.21	0.38	388.4	48.23	20.73	17.62	1
3031	ラクーンホールディングス	プライム（内国株式）	5250	情報・通信業	10	情報通信・サービスその他	7	TOPIX Small 2	718.0	3.06	22.0	3.07	22.0	3.06	配当あり	いいえ	18.14	3.3	139.2	754.0	550.0	Consumer Cyclical			OK	通常掲載可	OK	6574.3	20.09	7.8	22.58	0.66	485.0	39.58	55.58	19.66	1
3034	クオールホールディングス	プライム（内国株式）	6100	小売業	14	小売	6	TOPIX Small 1	2355.0	2.29	54.0	2.26	54.0	2.29	配当あり	いいえ	12.11	1.49	885.0	2655.0	1681.0	Healthcare			OK	通常掲載可	OK	290772.0	5.09	10.15	36.33	0.65	10611.0	194.52	27.76	17.17	1
3035	ケイティケイ	スタンダード（内国株式）	6050	卸売業	13	商社・卸売	-	-	800.0	2.75	22.0	2.82	22.0	2.75	配当あり	いいえ	11.04	0.9	43.8	895.0	605.0	Industrials			OK	通常掲載可	OK	18927.6	2.25	4.52	47.97	0.22	202.6	72.48	30.35	9.22	4
3036	アルコニックス	プライム（内国株式）	6050	卸売業	13	商社・卸売	6	TOPIX Small 1	3455.0	2.75	95.0	2.77	95.0	2.75	配当あり	いいえ	18.55	0.92	1038.6	3785.0	2035.0	Basic Materials			OK	通常掲載可	OK	219720.0	4.43	11.53	35.63	0.76	-6235.0	186.25	51.01	11.12	9
3038	神戸物産	プライム（内国株式）	6050	卸売業	13	商社・卸売	4	TOPIX Mid400	3010.0	1.06	32.0	1.06	32.0	1.06	配当あり	いいえ	19.68	3.72	6676.9	4033.0	2516.0	Consumer Defensive			OK	通常掲載可	OK	551701.0	7.23	8.63	62.03	0.19	32768.0	152.92	20.93	16.63	2
303A	ｖｉｓｕｍｏ	グロース（内国株式）	5250	情報・通信業	10	情報通信・サービスその他	-	-	614.0						配当未取得		14.54	1.83	12.6	1435.0	539.0	Technology	配当未取得	1株配当が取得できていない	除外推奨	掲載非推奨	OK_配当データ要確認	973.2	8.4	17.37	67.89	0.15	-18.6	42.24		12.03	
3040	ソリトンシステムズ	プライム（内国株式）	5250	情報・通信業	10	情報通信・サービスその他	7	TOPIX Small 2	2622.0	3.2	84.0	3.19	84.0	3.2	配当あり	いいえ	15.41	3.43	486.2	2741.0	1385.0	Technology			OK	通常掲載可	OK	19762.0	14.4	6.21	50.51	0.01	3382.0	170.17	49.36	24.09	5
3041	ビューティカダンホールディングス	スタンダード（内国株式）	6050	卸売業	13	商社・卸売	-	-	402.0	1.31	5.25	1.16	5.25	1.31	配当あり	いいえ		3.95	16.5	603.0	400.0	Consumer Cyclical			OK	通常掲載可	OK	6982.9	1.22	8.89	20.02	2.73	25.4	-42.53		-33.88	1
3042	セキュアヴェイル	スタンダード（内国株式）	5250	情報・通信業	10	情報通信・サービスその他	-	-	325.0	0.92	3.0	1.01	3.0	0.92	配当あり	いいえ	23.76	2.1	24.8	438.0	270.0	Technology			OK	通常掲載可	OK	1279.9	8.81	11.38	81.16	0.01	35.7	13.68	21.93	1.96	0
3045	カワサキ	スタンダード（内国株式）	6050	卸売業	13	商社・卸売	-	-	1465.0	3.41	50.0	3.4	50.0	3.41	配当あり	いいえ	8.96	0.73	31.2	1555.0	1385.0	Consumer Cyclical			OK	通常掲載可	OK	2291.3	22.53	4.96	71.42	0.18	498.4	163.49	30.58	5.17	0
3046	ジンズホールディングス	プライム（内国株式）	6100	小売業	14	小売	6	TOPIX Small 1	5670.0	2.03	115.0	2.0	115.0	2.03	配当あり	いいえ	16.89	3.71	1323.7	9360.0	4920.0	Healthcare			OK	通常掲載可	OK	97215.0	12.44	17.13	54.86	0.18	5096.0	335.66	34.26	21.97	3
3048	ビックカメラ	プライム（内国株式）	6100	小売業	14	小売	4	TOPIX Mid400	1665.5	2.58	43.0	2.56	43.0	2.58	配当あり	いいえ	14.71	1.56	2852.2	1886.0	1512.0	Consumer Cyclical			OK	通常掲載可	OK	974483.0	3.11	5.63	34.23	0.57	15155.0	113.25	37.97	11.88	2
304A	フォルシア	グロース（内国株式）	5250	情報・通信業	10	情報通信・サービスその他	-	-	2142.0						配当未取得		54.35	1.33	26.4	2577.0	1676.0	Technology	配当未取得	1株配当が取得できていない	除外推奨	掲載非推奨	OK_配当データ要確認	2197.6	3.25	-4.88	92.27		58.2	39.41		2.48	
3050	ＤＣＭホールディングス	プライム（内国株式）	6100	小売業	14	小売	6	TOPIX Small 1	1524.0	3.15	48.0	3.12	48.0	3.15	配当あり	いいえ	12.0	0.73	2082.3	1746.0	1404.0	Consumer Cyclical			OK	通常掲載可	OK	542317.0	5.72	-0.42	44.45	0.87	21485.0	126.96	37.81	5.84	7
3053	ペッパーフードサービス	スタンダード（内国株式）	6100	小売業	14	小売	7	TOPIX Small 2	199.0						配当未取得		73.43	3.51	122.2	220.0	166.0	Consumer Cyclical	配当未取得	1株配当が取得できていない	除外推奨	掲載非推奨	OK_配当データ要確認	14553.0	0.3	4.04	57.17	0.0	-227.0	2.71		4.78	0
3054	ハイパー	スタンダード（内国株式）	6050	卸売業	13	商社・卸売	-	-	383.0	1.83	7.0	1.82	7.0	1.83	配当あり	いいえ	17.8	1.15	37.0	389.0	228.0	Technology			OK	通常掲載可	OK	13775.8	2.32	11.01	44.71	0.26	804.2	21.52	32.53	6.64	0
3058	三洋堂ホールディングス	スタンダード（内国株式）	6100	小売業	14	小売	-	-	713.0	0.14	1.0	0.14	1.0	0.14	配当あり	いいえ	15.26	1.63	51.9	745.0	661.0	Consumer Cyclical			OK	通常掲載可	OK	17249.4	1.56	3.88	24.2	0.94	-257.7	46.72	2.14	12.69	0
3059	ヒラキ	スタンダード（内国株式）	6100	小売業	14	小売	-	-	709.0	2.82	20.0	2.82	20.0	2.82	配当あり	いいえ		0.57	34.5	846.0	699.0	Consumer Cyclical			OK	通常掲載可	OK	11895.9	-2.69	-8.21	41.61	1.08	-158.1	-87.69		-6.79	0
3063	ジェイグループホールディングス	グロース（内国株式）	6100	小売業	14	小売	-	-	1143.0	0.35	4.0	0.35	4.0	0.35	配当あり	いいえ	52.36	8.31	142.1	1291.0	749.0	Consumer Cyclical			OK	通常掲載可	OK	13045.9	3.22	21.44	15.71	3.77	1321.5	21.83	18.32	12.13	0
3064	ＭｏｎｏｔａＲＯ	プライム（内国株式）	6100	小売業	14	小売	4	TOPIX Mid400	1958.5	1.89	37.0	1.9	37.0	1.89	配当あり	いいえ	27.17	7.97	9629.6	2537.5	1684.5	Consumer Cyclical			OK	通常掲載可	OK	333880.0	13.84	15.88	63.4	0.11	17657.0	72.07	51.34	29.91	15
3065	ライフフーズ	スタンダード（内国株式）	6100	小売業	14	小売	-	-	1589.0	0.31	5.0	0.31	5.0	0.31	配当あり	いいえ	136.98	2.83	49.2	1661.0	1581.0	Consumer Cyclical			OK	通常掲載可	OK	9614.8	0.91	-1.72	43.59	0.06	250.8	11.6	43.1	-0.97	0
3067	東京一番フーズ	スタンダード（内国株式）	6100	小売業	14	小売	-	-	454.0						配当未取得		51.83	2.16	40.5	475.0	420.0	Consumer Cyclical	配当未取得	1株配当が取得できていない	除外推奨	掲載非推奨	OK_配当データ要確認	7250.9	2.69	-2.83	29.81	1.85	-458.3	8.76		3.68	0
3068	ＷＤＩ	スタンダード（内国株式）	6100	小売業	14	小売	-	-	3095.0	0.55	17.0	0.55	17.0	0.55	配当あり	いいえ	81.97	2.92	193.9	3295.0	2842.0	Consumer Cyclical			OK	通常掲載可	OK	34518.2	3.69	8.03	27.38	1.51	-163.9	37.76	45.02	4.95	2
3069	ＪＦＬＡホールディングス	スタンダード（内国株式）	3050	食料品	1	食品	-	-	161.0						配当未取得		11.53	0.93	77.6	180.0	143.0	Consumer Cyclical	配当未取得	1株配当が取得できていない	除外推奨	掲載非推奨	OK_配当データ要確認	65657.1	2.33	0.69	20.44	2.27	462.5	13.96		9.54	0
3070	ジェリービーンズグループ	グロース（内国株式）	6050	卸売業	13	商社・卸売	-	-	45.0						配当未取得			0.81	37.4	145.0	42.0	Consumer Cyclical	配当未取得	1株配当が取得できていない	除外推奨	掲載非推奨	OK_配当データ要確認	3590.9	-0.94	331.8	74.2	0.07	-2558.2	-5.47		-23.44	0
3071	ストリーム	スタンダード（内国株式）	6100	小売業	14	小売	-	-	103.0	2.91	3.0	2.94	3.0	2.91	配当あり	いいえ	10.97	0.96	28.5	116.0	96.0	Consumer Cyclical			OK	通常掲載可	OK	32774.9	0.86	8.18	44.06	0.23	757.7	9.39	31.95	8.77	0
3075	銚子丸	スタンダード（内国株式）	6100	小売業	14	小売	-	-	1694.0	1.89	32.0	1.88	32.0	1.89	配当あり	いいえ	21.19	2.33	212.1	1819.0	1506.0	Consumer Cyclical			OK	通常掲載可	OK	23667.5	6.66	10.8	72.16	0.03	1122.9	79.96	40.02	11.0	0
3076	あい　ホールディングス	プライム（内国株式）	6050	卸売業	13	商社・卸売	6	TOPIX Small 1	3010.0	4.65	140.0	4.71	140.0	4.65	配当あり	いいえ	13.43	1.36	1605.4	3040.0	2554.0	Industrials			OK	通常掲載可	OK	66197.0	13.43	32.89	77.74	0.01	3938.0	224.08	62.48	10.4	1
3077	ホリイフードサービス	スタンダード（内国株式）	6100	小売業	14	小売	-	-	1478.0						配当未取得		29.94	7.62	102.4	1526.0	340.0	Consumer Cyclical	配当未取得	1株配当が取得できていない	除外推奨	掲載非推奨	OK_配当データ要確認	4770.2	4.19	2.45	29.61	1.48	123.3	49.37		25.45	0
3079	ディーブイエックス	スタンダード（内国株式）	6050	卸売業	13	商社・卸売	-	-							配当未取得								yfinanceデータなし	yfinanceで株価・配当データが取得できなかった	除外推奨	掲載非推奨	データなし										
3080	ジェーソン	スタンダード（内国株式）	6100	小売業	14	小売	-	-	845.0	1.54	13.0	1.55	13.0	1.54	配当あり	いいえ		1.85	108.3	853.0	701.0	Consumer Defensive			OK	通常掲載可	OK	28604.8	0.7	1.09	54.54	0.2	-48.8	-15.77		-3.4	0
3082	きちりホールディングス	スタンダード（内国株式）	6100	小売業	14	小売	-	-	990.0	0.76	7.5	0.76	7.5	0.76	配当あり	いいえ	51.03	5.24	111.9	996.0	914.0	Consumer Cyclical			OK	通常掲載可	OK	13747.0	5.71	25.64	23.81	2.1	394.5	19.4	38.66	10.44	0
3083	スターシーズ	スタンダード（内国株式）	6100	小売業	14	小売	-	-	1017.0	0.98	10.0	0.94	10.0	0.98	配当あり	いいえ	116.23	3.24	87.8	1358.0	632.0	Consumer Cyclical			OK	通常掲載可	OK	10382.4	1.78	103.17	42.67	0.19	-623.1	8.75	114.29	4.46	2
3086	Ｊ．フロント　リテイリング	プライム（内国株式）	6100	小売業	14	小売	4	TOPIX Mid400	2630.5	2.13	56.0	2.11	56.0	2.13	配当あり	いいえ	23.32	1.57	6420.3	3617.0	2082.0	Consumer Cyclical			OK	通常掲載可	OK	445094.0	11.01	0.73	36.4	0.81	48274.0	112.8	49.65	6.48	3
3087	ドトール・日レスホールディングス	プライム（内国株式）	6100	小売業	14	小売	6	TOPIX Small 1	3235.0	1.85	60.0	1.87	60.0	1.85	配当あり	いいえ	18.94	1.27	1359.4	3455.0	2377.0	Consumer Cyclical			OK	通常掲載可	OK	159147.0	6.38	6.94	77.04	0.02	1829.0	170.77	35.13	7.6	4
3088	マツキヨココカラ＆カンパニー	プライム（内国株式）	6100	小売業	14	小売	4	TOPIX Mid400	2448.5	2.29	56.0	2.3	56.0	2.29	配当あり	いいえ	17.51	1.79	9630.4	3026.0	2171.5	Healthcare			OK	通常掲載可	OK	1117440.0	7.6	5.26	71.91	0.01	53062.0	139.83	40.05	11.1	4
3089	テクノアルファ	スタンダード（内国株式）	6050	卸売業	13	商社・卸売	-	-	1015.0	3.45	35.0	3.16	35.0	3.45	配当あり	いいえ	4.47	0.78	17.9	1470.0	983.0	Technology			OK	通常掲載可	OK	4522.4	12.97	13.92	69.48	0.13	532.5	227.28	15.4	18.81	0
3091	ブロンコビリー	プライム（内国株式）	6100	小売業	14	小売	6	TOPIX Small 1	2883.0	0.69	20.0	0.7	20.0	0.69	配当あり	いいえ	35.34	3.76	859.1	2931.0	1832.5	Consumer Cyclical			OK	通常掲載可	OK	30219.0	9.7	13.53	81.29	0.02	1927.0	81.59	24.51	11.08	3
3092	ＺＯＺＯ	プライム（内国株式）	6100	小売業	14	小売	4	TOPIX Mid400	1098.0	3.64	40.0	3.72	40.0	3.64	配当あり	いいえ	19.88	9.82	9558.9	1405.0	974.5	Consumer Cyclical			OK	通常掲載可	OK	228373.0	30.38	7.15	53.86	0.19	45482.0	55.23	72.42	51.83	6
3093	トレジャー・ファクトリー	プライム（内国株式）	6100	小売業	14	小売	7	TOPIX Small 2	1973.0	2.23	44.0	2.25	44.0	2.23	配当あり	いいえ	14.47	3.44	462.5	2349.0	1584.0	Consumer Cyclical			OK	通常掲載可	OK	48597.0	9.83	15.14	49.97	0.57	1902.0	136.33	32.27	27.97	5
3096	オーシャンシステム	スタンダード（内国株式）	6100	小売業	14	小売	-	-	1547.0	1.29	20.0	1.27	20.0	1.29	配当あり	いいえ	12.95	1.17	144.2	1800.0	1350.0	Consumer Defensive			OK	通常掲載可	OK	96055.1	1.86	5.48	48.3	0.26	1052.9	119.43	16.75	9.2	2
3097	物語コーポレーション	プライム（内国株式）	6100	小売業	14	小売	6	TOPIX Small 1	5490.0	0.84	46.0	0.84	46.0	0.84	配当あり	いいえ	24.15	4.47	2108.2	6010.0	3770.0	Consumer Cyclical			OK	通常掲載可	OK	123921.0	7.46	15.65	54.41	0.38	1600.0	227.29	20.24	19.89	5
3099	三越伊勢丹ホールディングス	プライム（内国株式）	6100	小売業	14	小売	4	TOPIX Mid400	1641.0	3.66	60.0	3.7	60.0	3.66	配当あり	いいえ	15.2	1.91	11388.0	2096.0	1127.75	Consumer Cyclical			OK	通常掲載可	OK	545626.0	14.67	-1.78	50.84	0.11	59966.0	107.98	55.57	12.57	3
3101	東洋紡	プライム（内国株式）	3200	化学	4	素材・化学	6	TOPIX Small 1	1665.0	2.4	40.0	2.39	40.0	2.4	配当あり	いいえ	13.19	0.69	1469.3	1945.0	1086.0	Basic Materials			OK	通常掲載可	OK	421563.0	6.62	-0.11	33.99	1.19	15882.0	126.21	31.69	6.83	0
3103	ユニチカ	スタンダード（内国株式）	3100	繊維製品	4	素材・化学	7	TOPIX Small 2	1579.0						配当未取得		4.9	1.59		4380.0	186.0	Basic Materials	配当未取得	1株配当が取得できていない	除外推奨	掲載非推奨	OK_配当データ要確認	118563.0	8.9	-6.21	35.69	1.06	3029.0	321.96		43.96	0
3104	富士紡ホールディングス	プライム（内国株式）	3100	繊維製品	4	素材・化学	7	TOPIX Small 2	3460.0	2.43	84.0	2.49	84.0	2.43	配当あり	いいえ	20.33	2.22	1166.6	4625.0	2110.0	Consumer Cyclical			OK	通常掲載可	OK	45929.0	17.74	7.03	71.98	0.01	3592.0	170.23	49.35	11.72	2
3105	日清紡ホールディングス	プライム（内国株式）	3650	電気機器	9	電機・精密	4	TOPIX Mid400	2654.0	1.36	36.0	1.36	36.0	1.36	配当あり	いいえ	17.18	1.3	4146.3	2694.0	1096.0	Industrials			OK	通常掲載可	OK	502339.0	5.26	1.53	43.02	0.63	32498.0	154.46	23.31	8.05	0
3106	倉敷紡績	プライム（内国株式）	3100	繊維製品	4	素材・化学	6	TOPIX Small 1	2382.0	2.77	66.0	2.81	66.0	2.77	配当あり	いいえ	15.04	1.39	1871.2	2427.0	1338.0	Industrials			OK	通常掲載可	OK	143758.0	6.39	-4.58	65.49	0.06	8511.0	158.4	41.67	8.92	2
3107	ダイワボウホールディングス	プライム（内国株式）	6050	卸売業	13	商社・卸売	4	TOPIX Mid400	3704.0	2.97	110.0	2.96	110.0	2.97	配当あり	いいえ	10.23	1.88	3168.9	3863.0	2630.0	Technology			OK	通常掲載可	OK	1350879.0	3.27	18.83	36.75	0.11	8477.0	361.96	30.39	18.88	3
3109	シキボウ	プライム（内国株式）	3100	繊維製品	4	素材・化学	7	TOPIX Small 2	1036.0	4.83	50.0	4.8	50.0	4.83	配当あり	いいえ	13.83	0.36	131.5	1170.0	975.0	Consumer Cyclical			OK	通常掲載可	OK	44554.0	2.19	13.99	38.52	0.87	-616.0	74.92	66.74	2.71	0
3110	日東紡績	プライム（内国株式）	3400	ガラス・土石製品	3	建設・資材	6	TOPIX Small 1	3335.0	0.84	28.0	0.87	28.0	0.84	配当あり	いいえ	13.99	3.43	6070.6	6580.0	1356.0	Consumer Cyclical			OK	通常掲載可	OK	118229.0	17.61	8.43	61.33	0.29	17296.0	238.45	11.74	28.39	3
3111	オーミケンシ	スタンダード（内国株式）	3100	繊維製品	4	素材・化学	-	-	173.0						配当未取得			0.8	11.4	294.0	158.0	Consumer Cyclical	配当未取得	1株配当が取得できていない	除外推奨	掲載非推奨	OK_配当データ要確認	3407.0	6.93	12.55	12.14	3.88	-1451.0	-71.17		-27.5	0
3113	ＵＮＩＶＡ・Ｏａｋホールディングス	スタンダード（内国株式）	7100	証券、商品先物取引業	16	金融（除く銀行）	-	-	83.0						配当未取得			3.52	77.4	116.0	59.0	Financial Services	配当未取得	1株配当が取得できていない	除外推奨	掲載非推奨	OK_配当データ要確認	2331.9	-29.48	-19.09	23.71	2.26	-894.7	-7.23		-7.38	0
3116	トヨタ紡織	プライム（内国株式）	3700	輸送用機器	6	自動車・輸送機	4	TOPIX Mid400	2187.5	3.93	86.0	3.92	86.0	3.93	配当あり	いいえ	16.86	0.79	3908.2	3288.0	2105.0	Consumer Cyclical			OK	通常掲載可	OK	2037063.0	2.65	4.24	41.04	0.39	73852.0	129.72	66.3	5.58	0
3121	マーチャント・バンカーズ	スタンダード（内国株式）	9050	サービス業	10	情報通信・サービスその他	-	-	257.0	2.33	6.0	2.4	6.0	2.33	配当あり	いいえ		1.72	79.0	285.0	189.0	Financial Services			OK	通常掲載可	OK	3383.2	8.43	-23.92	30.13	2.26	1411.5	-1.93		-2.12	0
3123	サイボー	スタンダード（内国株式）	3100	繊維製品	4	素材・化学	-	-	652.0	2.76	18.0	2.79	18.0	2.76	配当あり	いいえ	7.79	0.41	82.8	731.0	561.0	Consumer Cyclical			OK	通常掲載可	OK	10349.9	9.59	0.51	45.43	0.63	889.8	83.72	21.5	5.88	0
3131	シンデン・ハイテックス	スタンダード（内国株式）	6050	卸売業	13	商社・卸売	-	-	8070.0	1.67	135.0	1.7	135.0	1.67	配当あり	いいえ	42.55	1.94	152.1	8300.0	2595.0	Technology			OK	通常掲載可	OK	42812.0	2.49	-2.13	33.73	1.55	-4452.1	189.65	71.18	11.69	1
3132	マクニカホールディングス	プライム（内国株式）	6050	卸売業	13	商社・卸売	4	TOPIX Mid400	4199.0	1.91	80.0	1.89	80.0	1.91	配当あり	いいえ	26.96	2.61	7497.9	4356.0	1972.0	Technology			OK	通常掲載可	OK	1214196.0	3.46	17.41	39.8	0.28	15817.0	155.74	51.37	12.82	0
3133	海帆	グロース（内国株式）	6100	小売業	14	小売	-	-	44.0						配当未取得			2.89	30.6	695.0	42.0	Consumer Cyclical	配当未取得	1株配当が取得できていない	除外推奨	掲載非推奨	OK_配当データ要確認	3152.9	-45.62	12.95	9.44	5.87	-1933.9	-84.17		-198.27	0
3134	Ｈａｍｅｅ	スタンダード（内国株式）	6100	小売業	14	小売	7	TOPIX Small 2	304.0	0.99	3.0	1.0	3.0	0.99	配当あり	いいえ	8.98	0.7	48.6	1410.0	250.0	Consumer Cyclical			OK	通常掲載可	OK	22073.5	4.46	-3.59	53.92	0.56	-529.6	33.84	8.87	6.61	0
3135	マーケットエンタープライズ	スタンダード（内国株式）	6100	小売業	14	小売	-	-	1168.0						配当未取得			4.81	62.6	1936.0	918.0	Consumer Cyclical	配当未取得	1株配当が取得できていない	除外推奨	掲載非推奨	OK_配当データ要確認	19008.3	1.57	24.58	16.47	2.64	-470.6	-14.37		-11.63	
3137	ファンデリー	スタンダード（内国株式）	6100	小売業	14	小売	-	-	217.0						配当未取得		38.0	3.04	27.5	337.0	185.0	Communication Services	配当未取得	1株配当が取得できていない	除外推奨	掲載非推奨	OK_配当データ要確認	2624.1	5.0	6.49	7.41	11.68	158.1	5.71		8.0	0
3138	富士山マガジンサービス	スタンダード（内国株式）	6100	小売業	14	小売	-	-	1197.0	1.34	16.0	1.37	16.0	1.34	配当あり	いいえ	84.77	1.72	39.5	1209.0	855.0	Consumer Cyclical			OK	通常掲載可	OK	5814.9	2.8	3.49	42.17	0.19	71.8	14.12	113.31	2.67	1
3139	ラクト・ジャパン	プライム（内国株式）	6050	卸売業	13	商社・卸売	7	TOPIX Small 2	3460.0	3.82	132.0	3.85	132.0	3.82	配当あり	いいえ	10.58	1.04	346.4	4200.0	3065.0	Consumer Defensive			OK	通常掲載可	OK	182816.0	3.25	6.97	35.97	1.13	-1793.0	326.88	40.38	10.41	10
3140	ＢＲＵＮＯ	グロース（内国株式）	6050	卸売業	13	商社・卸売	-	-	1020.0	1.13	11.5	1.13	11.5	1.13	配当あり	いいえ	17.89	2.43	146.3	1080.0	990.0	Consumer Cyclical			OK	通常掲載可	OK	12940.0	1.14	14.53	49.21	0.35	890.0	57.02	20.17	14.58	0
3143	オーウイル	スタンダード（内国株式）	6050	卸売業	13	商社・卸売	-	-	1036.0	2.12	22.0	2.11	22.0	2.12	配当あり	いいえ	11.82	1.51	93.4	1072.0	630.0	Consumer Defensive			OK	通常掲載可	OK	41909.2	3.27	7.03	28.92	1.12	-1188.7	87.65	25.1	14.17	2
3148	クリエイトＳＤホールディングス	プライム（内国株式）	6100	小売業	14	小売	6	TOPIX Small 1	3245.0	2.96	96.0	2.95	96.0	2.96	配当あり	いいえ	12.34	1.36	2096.3	3555.0	3090.0	Healthcare			OK	通常掲載可	OK	497128.0	4.82	8.76	60.43	0.01	9088.0	263.0	36.5	11.44	11
3150	グリムス	プライム（内国株式）	4050	電気・ガス業	11	電力・ガス	7	TOPIX Small 2	2388.0	5.44	130.0	5.43	130.0	5.44	配当あり	いいえ	11.3	2.85	552.2	3040.0	2243.0	Utilities			OK	通常掲載可	OK	33936.1	21.08	1.79	68.23	0.19	3131.6	211.34	61.51	28.28	7
3151	バイタルケーエスケー・ホールディングス	プライム（内国株式）	6050	卸売業	13	商社・卸売	7	TOPIX Small 2	1565.0	4.47	70.0	4.5	70.0	4.47	配当あり	いいえ	10.28	0.66	745.5	1727.0	1226.0	Healthcare			OK	通常掲載可	OK	610497.0	0.66	1.69	36.57	0.06	-435.0	152.27	45.97	6.43	1
3153	八洲電機	プライム（内国株式）	6050	卸売業	13	商社・卸売	7	TOPIX Small 2	3145.0	1.59	50.0	1.62	50.0	1.59	配当あり	いいえ	12.84	1.88	663.9	3655.0	2078.0	Industrials			OK	通常掲載可	OK	74568.0	9.78	12.86	49.53	0.02	4484.0	245.0	20.41	16.94	4
3154	メディアスホールディングス	プライム（内国株式）	6050	卸売業	13	商社・卸売	7	TOPIX Small 2	791.0	2.53	20.0	2.53	20.0	2.53	配当あり	いいえ	18.66	0.85	175.9	884.0	759.0	Healthcare			OK	通常掲載可	OK	288689.3	0.86	11.12	18.12	1.04	4945.2	42.4	47.17	4.58	0
3156	レスター	プライム（内国株式）	6050	卸売業	13	商社・卸売	7	TOPIX Small 2	6150.0	2.44	150.0	2.46	150.0	2.44	配当あり	いいえ	22.27	1.77	1729.2	6430.0	2469.0	Technology			OK	通常掲載可	OK	630905.0	2.65	12.46	26.66	1.36	-9806.0	276.14	54.32	13.45	0
3157	ジオリーブグループ	スタンダード（内国株式）	6050	卸売業	13	商社・卸売	-	-	1449.0	3.45	50.0	3.42	50.0	3.45	配当あり	いいえ	9.0	0.76	192.3	1727.0	1255.0	Basic Materials			OK	通常掲載可	OK	185754.0	1.14	5.47	25.97	0.39	2810.0	161.03	31.05	10.34	1
3159	丸善ＣＨＩホールディングス	スタンダード（内国株式）	6100	小売業	14	小売	-	-	378.0	1.59	6.0	1.57	6.0	1.59	配当あり	いいえ	10.57	0.62	349.8	430.0	324.0	Consumer Cyclical			OK	通常掲載可	OK	185053.0	3.03	11.63	39.76	0.74	1365.0	35.76	16.78	6.08	1
3160	大光	スタンダード（内国株式）	6050	卸売業	13	商社・卸売	-	-	581.0	2.58	15.0	2.58	15.0	2.58	配当あり	いいえ	147.09	1.35	82.9	612.0	553.0	Consumer Defensive			OK	通常掲載可	OK	79549.3	0.2	6.24	21.59	1.84	-1029.4	3.95	379.75	0.7	3
3161	アゼアス	スタンダード（内国株式）	6050	卸売業	13	商社・卸売	-	-	671.0	3.43	23.0	3.42	23.0	3.43	配当あり	いいえ	27.7	0.57	38.3	703.0	618.0	Consumer Cyclical			OK	通常掲載可	OK	8289.7	2.32	3.26	80.7	0.0	-93.4	24.22	94.96	2.75	0
3166	ＯＣＨＩホールディングス	スタンダード（内国株式）	6050	卸売業	13	商社・卸売	-	-	1447.0	3.87	56.0	3.88	56.0	3.87	配当あり	いいえ	14.39	0.76	188.7	1612.0	1350.0	Consumer Cyclical			OK	通常掲載可	OK	120432.0	1.39	2.86	35.55	0.25	3547.0	100.57	55.68	5.98	0
3167	ＴＯＫＡＩホールディングス	プライム（内国株式）	6050	卸売業	13	商社・卸売	6	TOPIX Small 1	1342.0	2.83	38.0	2.87	38.0	2.83	配当あり	いいえ	16.08	1.67	1604.5	1417.0	986.0	Industrials			OK	通常掲載可	OK	244838.0	7.64	0.56	46.42	0.66	10163.0	83.47	45.53	11.33	0
3168	ＭＥＲＦ	スタンダード（内国株式）	6050	卸売業	13	商社・卸売	-	-	1283.0	1.56	20.0	1.55	20.0	1.56	配当あり	いいえ	10.95	1.51	181.6	1935.0	538.0	Basic Materials			OK	通常掲載可	OK	82463.5	0.14	0.48	35.86	1.43	1554.5	117.21	17.06	23.56	0
3169	ミサワ	スタンダード（内国株式）	6100	小売業	14	小売	-	-	692.0	1.16	8.0	1.15	8.0	1.16	配当あり	いいえ	28.57	2.17	49.2	714.0	625.0	Consumer Cyclical			OK	通常掲載可	OK	12159.2	1.94	-3.79	58.74	0.09	109.3	24.22	33.03	31.09	0
3172	ティーライフ	スタンダード（内国株式）	6100	小売業	14	小売	-	-	1131.0	2.65	30.0	2.66	30.0	2.65	配当あり	いいえ	21.55	0.74	48.3	1185.0	1110.0	Consumer Cyclical			OK	通常掲載可	OK	13001.0	4.27	-3.39	69.94	0.16	242.0	52.48	57.16	3.45	0
3173	Ｃｏｍｉｎｉｘ	スタンダード（内国株式）	6050	卸売業	13	商社・卸売	-	-	1478.0	3.38	50.0	3.37	50.0	3.38	配当あり	いいえ	14.43	1.09	101.5	1730.0	861.0	Industrials			OK	通常掲載可	OK	41114.0	2.38	36.47	33.75	1.01	1609.0	102.4	48.83	13.16	0
3174	ハピネス・アンド・ディ	スタンダード（内国株式）	6100	小売業	14	小売	-	-	345.0						配当未取得			3.06	10.8	750.0	340.0	Consumer Cyclical	配当未取得	1株配当が取得できていない	除外推奨	掲載非推奨	OK_配当データ要確認	8841.4	-4.57	-17.99	3.52	18.97	105.7	-238.95		-115.65	0
3175	エー・ピーホールディングス	スタンダード（内国株式）	6100	小売業	14	小売	-	-	931.0						配当未取得		10.5	12.01	120.5	1001.0	895.0	Consumer Cyclical	配当未取得	1株配当が取得できていない	除外推奨	掲載非推奨	OK_配当データ要確認	21821.8	3.87	3.56	14.03	4.17	829.9	88.63		89.98	
3176	三洋貿易	プライム（内国株式）	6050	卸売業	13	商社・卸売	7	TOPIX Small 2	1176.0	2.55	30.0	2.58	30.0	2.55	配当あり	いいえ	15.24	1.21	675.8	1227.0	723.0	Industrials			OK	通常掲載可	OK	132703.8	4.54	2.66	62.97	0.06	6434.7	77.15	38.89	10.26	4
3177	ありがとうサービス	スタンダード（内国株式）	6100	小売業	14	小売	-	-	5000.0	2.7	135.0	2.67	135.0	2.7	配当あり	いいえ	9.37	1.3	46.2	5400.0	3220.0	Consumer Cyclical			OK	通常掲載可	OK	11398.0	8.28	7.44	51.84	0.39	664.3	533.83	25.29	19.52	4
3178	チムニー	スタンダード（内国株式）	6100	小売業	14	小売	-	-	1142.0	0.53	6.0	0.53	6.0	0.53	配当あり	いいえ	43.47	3.45	220.3	1380.0	1037.0	Consumer Cyclical			OK	通常掲載可	OK	26365.2	1.86	0.56	40.34	0.8	1365.5	26.27	22.84	8.16	0
3179	シュッピン	プライム（内国株式）	6100	小売業	14	小売	7	TOPIX Small 2	1280.0	3.12	40.0	3.01	40.0	3.12	配当あり	いいえ	16.92	2.93	271.6	1415.0	972.0	Consumer Cyclical			OK	通常掲載可	OK	51924.8	4.89	-1.39	56.67	0.45	1768.1	75.65	52.88	15.14	4
3180	ビューティガレージ	プライム（内国株式）	6050	卸売業	13	商社・卸売	7	TOPIX Small 2	1648.0	1.09	18.0	1.1	18.0	1.09	配当あり	いいえ	22.37	2.42	206.7	1700.0	1238.0	Consumer Defensive			OK	通常掲載可	OK	38197.0	3.97	13.27	45.27	0.36	-1168.8	73.67	24.43	13.13	1
3181	買取王国	スタンダード（内国株式）	6100	小売業	14	小売	-	-	1059.0	1.04	11.0	1.04	11.0	1.04	配当あり	いいえ	10.82	1.1	38.8	1120.0	819.0	Consumer Cyclical			OK	通常掲載可	OK	9330.9	5.43	19.28	57.08	0.48	9.3	97.85	11.24	12.07	0
3182	オイシックス・ラ・大地	プライム（内国株式）	6100	小売業	14	小売	6	TOPIX Small 1	1651.0	3.63	60.0	3.61	60.0	3.63	配当あり	いいえ	12.67	2.03	573.4	1831.0	1291.0	Consumer Cyclical			OK	通常掲載可	OK	251419.0	2.92	-1.79	25.3	1.55	7409.0	130.29	46.05	13.89	
3183	ウイン・パートナーズ	プライム（内国株式）	6050	卸売業	13	商社・卸売	7	TOPIX Small 2	1254.0	4.39	55.0	4.38	55.0	4.39	配当あり	いいえ	16.31	1.55	344.8	1527.0	1175.0	Healthcare			OK	通常掲載可	OK	90391.6	3.34	11.03	46.0	0.03	2703.5	76.87	71.55	9.23	1
3184	ＩＣＤＡホールディングス	スタンダード（内国株式）	6100	小売業	14	小売	-	-	4095.0	1.71	70.0	1.71	70.0	1.71	配当あり	いいえ	6.78	0.72	86.0	4775.0	4060.0	Consumer Cyclical			OK	通常掲載可	OK	38938.7	5.01	1.98	52.69	0.21	-1304.0	604.01	11.59	11.4	1
3185	夢展望	グロース（内国株式）	6100	小売業	14	小売	-	-	110.0						配当未取得			-42.99	20.2	280.0	102.0	Consumer Cyclical	配当未取得	1株配当が取得できていない	除外推奨	掲載非推奨	OK_配当データ要確認	3534.6	-10.9	-21.45	1.04	65.48	139.4	-24.24		-311.11	
3186	ネクステージ	プライム（内国株式）	6100	小売業	14	小売	6	TOPIX Small 1	2792.0	1.61	45.0	1.59	45.0	1.61	配当あり	いいえ	12.77	2.58	2188.7	4325.0	2264.0	Consumer Cyclical			OK	通常掲載可	OK	652072.0	3.01	17.96	34.92	1.22	2545.0	218.61	20.58	22.46	5
3187	ミラタップ	グロース（内国株式）	6100	小売業	14	小売	-	-	404.0	1.73	7.0	1.74	7.0	1.73	配当あり	いいえ		2.52	70.2	471.0	222.0	Consumer Cyclical			OK	通常掲載可	OK	16746.7	-1.69	3.87	33.03	1.08	-464.0	-6.95		-13.8	0
3189	ＡＮＡＰホールディングス	スタンダード（内国株式）	6100	小売業	14	小売	-	-	99.0						配当未取得			0.58	45.7	733.0	95.0	Consumer Cyclical	配当未取得	1株配当が取得できていない	除外推奨	掲載非推奨	OK_配当データ要確認	1774.7	-82.07	-34.49	69.02	0.4	-2519.2	-387.13			0
3190	ホットマン	スタンダード（内国株式）	6100	小売業	14	小売	-	-	567.0	1.94	11.0	1.93	11.0	1.94	配当あり	いいえ	11.21	0.74	40.0	600.0	559.0	Consumer Cyclical			OK	通常掲載可	OK	22501.1	2.88	2.7	46.57	0.55	643.4	50.58	21.75	6.6	0
3191	ジョイフル本田	プライム（内国株式）	6100	小売業	14	小売	6	TOPIX Small 1	2262.0	3.71	84.0	3.72	84.0	3.71	配当あり	いいえ	15.13	1.08	1363.4	2545.0	2022.0	Consumer Cyclical			OK	通常掲載可	OK	139888.0	6.24	3.06	75.41	0.08	1820.0	149.52	56.18	7.25	6
3192	白鳩	スタンダード（内国株式）	6100	小売業	14	小売	-	-	233.0						配当未取得		2.99	0.63	15.5	530.0	232.0	Consumer Cyclical	配当未取得	1株配当が取得できていない	除外推奨	掲載非推奨	OK_配当データ要確認	6274.1	0.57	-1.55	37.01	1.4	289.2	77.92		21.07	0
3193	エターナルホスピタリティグループ	プライム（内国株式）	6100	小売業	14	小売	7	TOPIX Small 2	1301.0	1.77	23.0	1.76	23.0	1.77	配当あり	いいえ	22.83	2.82	300.2	1930.0	1260.0	Consumer Cyclical			OK	通常掲載可	OK	41914.1	7.75	25.31	42.09	0.39	2806.8	56.98	40.37	12.92	3
3195	ジェネレーションパス	スタンダード（内国株式）	6100	小売業	14	小売	-	-	440.0						配当未取得		23.53	1.73	35.9	850.0	393.0	Consumer Cyclical	配当未取得	1株配当が取得できていない	除外推奨	掲載非推奨	OK_配当データ要確認	16552.3	0.69	1.95	40.77	0.67	-741.0	18.7		5.24	
3196	ホットランドホールディングス	プライム（内国株式）	6100	小売業	14	小売	7	TOPIX Small 2	1675.0	0.78	13.0	0.78	13.0	0.78	配当あり	いいえ	55.56	2.34	434.3	2143.0	1555.0	Consumer Cyclical			OK	通常掲載可	OK	51041.0	3.5	10.65	33.89	1.04	-1396.4	30.15	43.12	5.26	0
3197	すかいらーくホールディングス	プライム（内国株式）	6100	小売業	14	小売	4	TOPIX Mid400	3170.0	0.85	27.0	0.85	27.0	0.85	配当あり	いいえ	37.88	3.7	7209.3	3764.0	2620.5	Consumer Cyclical			OK	通常掲載可	OK	457791.0	6.54	14.13	36.17	0.66	49714.0	83.69	32.26	10.2	2
3198	ＳＦＰホールディングス	プライム（内国株式）	6100	小売業	14	小売	7	TOPIX Small 2							配当未取得								yfinanceデータなし	yfinanceで株価・配当データが取得できなかった	除外推奨	掲載非推奨	データなし										
3199	綿半ホールディングス	プライム（内国株式）	6100	小売業	14	小売	7	TOPIX Small 2	1283.0	2.42	31.0	2.41	31.0	2.42	配当あり	いいえ	11.3	0.98	239.8	1530.0	1271.0	Consumer Cyclical			OK	通常掲載可	OK	135451.0	2.66	1.39	29.36	1.21	897.0	113.55	27.3	8.52	10
319A	技術承継機構	グロース（内国株式）	3550	金属製品	3	建設・資材	-	-	21350.0						配当未取得		42.9	17.56	1888.6	22910.0	7600.0	Financial Services	配当未取得	1株配当が取得できていない	除外推奨	掲載非推奨	OK_配当データ要確認	14961.0	9.57	35.38	29.55	1.78	147.0	497.69		51.7	
3201	日本毛織	プライム（内国株式）	3100	繊維製品	4	素材・化学	6	TOPIX Small 1	1939.0	3.3	64.0	3.28	64.0	3.3	配当あり	いいえ	13.0	0.93	1262.9	2113.0	1556.0	Consumer Cyclical			OK	通常掲載可	OK	119377.0	9.98	3.41	69.38	0.11	12140.0	149.21	42.89	7.71	5
3202	ダイトウボウ	スタンダード（内国株式）	3100	繊維製品	4	素材・化学	-	-	129.0	2.33	3.0	2.31	3.0	2.33	配当あり	いいえ	42.86	0.78	38.5	153.0	108.0	Consumer Cyclical			OK	通常掲載可	OK	4012.2	7.74	-2.3	24.92	1.96	600.2	3.01	99.67	1.39	2
3204	トーア紡コーポレーション	スタンダード（内国株式）	3100	繊維製品	4	素材・化学	-	-	506.0	2.96	15.0	2.96	15.0	2.96	配当あり	いいえ	5.3	0.3	44.2	557.0	445.0	Industrials			OK	通常掲載可	OK	17471.0	3.26	-5.15	40.73	0.83	674.0	95.53	15.7	6.01	3
3205	ダイドーリミテッド	スタンダード（内国株式）	3100	繊維製品	4	素材・化学	-	-	743.0	6.73	50.0	6.69	50.0	6.73	配当あり	いいえ	10.91	2.28	203.7	1386.0	660.0	Consumer Cyclical			OK	通常掲載可	OK	32502.0	1.14	13.61	27.51	1.36	-189.0	68.11	73.41	25.78	1
3221	ヨシックスホールディングス	プライム（内国株式）	6100	小売業	14	小売	7	TOPIX Small 2	3015.0	1.06	32.0	1.05	32.0	1.06	配当あり	いいえ	15.48	2.27	308.8	3650.0	2482.0	Consumer Cyclical			OK	通常掲載可	OK	25914.3	11.56	13.14	77.14	0.0	3170.4	194.77	16.43	16.65	0
3222	ユナイテッド・スーパーマーケット・ホールディングス	スタンダード（内国株式）	6100	小売業	14	小売	6	TOPIX Small 1	813.0	1.97	16.0	1.98	16.0	1.97	配当あり	いいえ		0.82	1683.7	1002.0	771.0	Consumer Cyclical			OK	通常掲載可	OK	963761.0	0.52	18.8	52.92	0.27	2301.0	-16.32		-2.52	0
3223	エスエルディー	スタンダード（内国株式）	6100	小売業	14	小売	-	-	984.0						配当未取得		27.7	2.83	15.4	1206.0	869.0	Consumer Cyclical	配当未取得	1株配当が取得できていない	除外推奨	掲載非推奨	OK_配当データ要確認	3656.9	3.45	-0.11	54.81	0.0	52.2	35.52		13.42	0
3224	ゼネラル・オイスター	グロース（内国株式）	6100	小売業	14	小売	-	-	660.0	1.52	10.0	1.52	10.0	1.52	配当あり	いいえ		2.4	35.2	881.0	570.0	Consumer Cyclical			OK	通常掲載可	OK	4304.9	-2.14	9.65	51.44	0.2	-640.0	-35.16		-8.62	
3231	野村不動産ホールディングス	プライム（内国株式）	8050	不動産業	17	不動産	4	TOPIX Mid400	874.7	5.03	44.0	5.0	44.0	5.03	配当あり	いいえ	9.05	0.93	7471.8	1166.0	857.5	Real Estate			OK	通常掲載可	OK	942505.0	14.67	24.4	28.5	2.0	-24259.0	96.69	45.51	9.6	15
3232	三重交通グループホールディングス	プライム（内国株式）	8050	不動産業	17	不動産	7	TOPIX Small 2	559.0	3.22	18.0	3.19	18.0	3.22	配当あり	いいえ	8.98	0.77	563.3	633.0	501.0	Industrials			OK	通常掲載可	OK	110261.0	8.85	6.17	36.63	1.16	7868.5	62.26	28.91	9.42	4
3236	プロパスト	スタンダード（内国株式）	8050	不動産業	17	不動産	-	-	284.0	3.52	10.0	3.55	10.0	3.52	配当あり	いいえ	5.04	0.68	94.0	420.0	221.0	Real Estate			OK	通常掲載可	OK	29465.0	11.02	5.84	29.4	1.59	6141.0	56.35	17.75	13.49	2
3237	イントランス	グロース（内国株式）	8050	不動産業	17	不動産	-	-	89.0						配当未取得			26.01	41.4	114.0	53.0	Real Estate	配当未取得	1株配当が取得できていない	除外推奨	掲載非推奨	OK_配当データ要確認	1073.7	-38.85	30.15	11.11	6.58	-502.2	-10.78		-118.46	0
3238	セントラル総合開発	スタンダード（内国株式）	8050	不動産業	17	不動産	-	-	385.0	3.38	13.0	3.42	13.0	3.38	配当あり	いいえ	24.76	0.35	37.0	440.0	337.0	Real Estate			OK	通常掲載可	OK	38450.7	2.34	24.5	22.35	3.04	-488.1	15.55	83.6	6.62	0
323A	フライヤー	グロース（内国株式）	5250	情報・通信業	10	情報通信・サービスその他	-	-	373.0						配当未取得		98.94	4.09	12.8	723.0	345.0	Technology	配当未取得	1株配当が取得できていない	除外推奨	掲載非推奨	OK_配当データ要確認	1068.7	2.85	12.67	24.43	1.76	25.8	3.77		4.89	
3241	ウィル	スタンダード（内国株式）	8050	不動産業	17	不動産	-	-	596.0	3.94	23.5	3.91	23.5	3.94	配当あり	いいえ	7.36	1.19	68.8	637.0	523.0	Real Estate			OK	通常掲載可	OK	14880.0	8.92	12.62	32.79	1.64	-469.0	81.0	29.01	17.37	1
3242	アーバネットコーポレーション	スタンダード（内国株式）	8050	不動産業	17	不動産	-	-	540.0	4.44	24.0	4.44	24.0	4.44	配当あり	いいえ	9.28	1.02	199.3	633.0	482.0	Real Estate			OK	通常掲載可	OK	33933.7	10.26	21.34	27.84	2.4	-9750.3	58.16	41.27	11.56	4
3245	ディア・ライフ	プライム（内国株式）	8050	不動産業	17	不動産	7	TOPIX Small 2	969.0	6.6	64.0	6.65	64.0	6.6	配当あり	いいえ	9.99	1.43	487.7	1212.0	941.0	Real Estate			OK	通常掲載可	OK	78505.0	9.84	67.46	59.3	0.54	14133.0	97.0	65.98	17.2	2
3246	コーセーアールイー	スタンダード（内国株式）	8050	不動産業	17	不動産	-	-	695.0	3.45	24.0	3.47	24.0	3.45	配当あり	いいえ	10.65	0.68	70.6	766.0	615.0	Real Estate			OK	通常掲載可	OK	10045.6	7.65	31.34	53.91	0.68	-1264.6	65.26	36.78	6.53	0
3248	アールエイジ	スタンダード（内国株式）	8050	不動産業	17	不動産	-	-	889.0	4.05	36.0	4.04	36.0	4.05	配当あり	いいえ	10.2	0.59	28.3	925.0	807.0	Real Estate			OK	通常掲載可	OK	3289.9	15.4	-30.38	31.13	2.05	-1249.3	87.12	41.32	5.8	0
324A	ブッキングリゾート	グロース（内国株式）	9050	サービス業	10	情報通信・サービスその他	-	-	726.0						配当未取得		11.53	2.14	39.3	1222.0	637.0	Consumer Cyclical	配当未取得	1株配当が取得できていない	除外推奨	掲載非推奨	OK_配当データ要確認	1719.4	29.61	18.09	75.34	0.2	322.0	62.94		18.33	
3252	地主	プライム（内国株式）	8050	不動産業	17	不動産	7	TOPIX Small 2	2761.0	4.71	130.0	4.7	130.0	4.71	配当あり	いいえ	8.55	1.12	571.4	3680.0	2702.0	Real Estate			OK	通常掲載可	OK	76327.0	11.27	33.75	34.1	1.69	-27690.0	322.76	40.28	13.66	2
325A	ＴＥＮＴＩＡＬ	グロース（内国株式）	3100	繊維製品	4	素材・化学	-	-	2030.0						配当未取得		38.08	2.57	456.2	2032.0	1081.67	Consumer Cyclical	配当未取得	1株配当が取得できていない	除外推奨	掲載非推奨	OK_配当データ要確認	12837.4	11.32	137.33	36.58	0.55	2325.0	53.31		6.75	
3261	グランディーズ	グロース（内国株式）	8050	不動産業	17	不動産	-	-	446.0	3.36	15.0	3.35	15.0	3.36	配当あり	いいえ	19.68	0.69	18.3	1215.0	376.0	Real Estate			OK	通常掲載可	OK	3416.8	0.38	-19.16	48.42	0.84	-549.6	22.66	66.2	3.5	0
3266	ファンドクリエーショングループ	スタンダード（内国株式）	8050	不動産業	17	不動産	-	-	80.0	1.25	1.0	1.23	1.0	1.25	配当あり	いいえ	10.15	0.94	30.1	133.0	77.0	Financial Services			OK	通常掲載可	OK	5842.0	9.96	3.07	45.17	1.02	-1167.0	7.88	12.69	9.75	0
3267	フィル・カンパニー	スタンダード（内国株式）	2050	建設業	3	建設・資材	7	TOPIX Small 2	652.0	2.3	15.0	2.31	15.0	2.3	配当あり	いいえ	13.96	1.05	35.0	1273.0	593.0	Industrials			OK	通常掲載可	OK	8233.5	7.15	14.59	33.65	0.92	-480.7	46.72	32.11	7.88	2
3271	ＴＨＥグローバル社	スタンダード（内国株式）	8050	不動産業	17	不動産	-	-							配当未取得								yfinanceデータなし	yfinanceで株価・配当データが取得できなかった	除外推奨	掲載非推奨	データなし										
3276	ＪＰＭＣ	プライム（内国株式）	8050	不動産業	17	不動産	7	TOPIX Small 2	2268.0	2.65	60.0	2.65	60.0	2.65	配当あり	いいえ	20.37	3.87	379.6	2347.0	1229.0	Real Estate			OK	通常掲載可	OK	58498.1	4.5	-0.83	53.09	0.08	2201.1	111.36	53.88	19.89	6
3277	サンセイランディック	スタンダード（内国株式）	8050	不動産業	17	不動産	-	-	841.0	6.42	54.0	6.46	54.0	6.42	配当あり	いいえ	9.21	0.92	136.8	881.0	616.0	Real Estate			OK	通常掲載可	OK	23348.9	9.63	-8.87	33.31	1.86	-6185.8	91.33	59.13	10.22	9
3280	エストラスト	スタンダード（内国株式）	8050	不動産業	17	不動産	-	-	937.0	3.63	34.0	3.62	34.0	3.63	配当あり	いいえ	3.99	0.53	56.8	1194.0	883.0	Real Estate			OK	通常掲載可	OK	22313.0	9.39	16.1	28.73	2.23	-5760.0	234.84	14.48	3.95	4
3284	フージャースホールディングス	プライム（内国株式）	8050	不動産業	17	不動産	7	TOPIX Small 2	1222.0	6.22	76.0	6.17	76.0	6.22	配当あり	いいえ	7.06	0.98	499.8	1410.0	1126.0	Consumer Cyclical			OK	通常掲載可	OK	138579.0	9.96	50.38	28.03	2.0	9272.0	173.04	43.92	16.59	5
3286	トラストホールディングス	スタンダード（内国株式）	8050	不動産業	17	不動産	-	-	876.0	2.05	18.0	2.05	18.0	2.05	配当あり	いいえ		7.48	31.4	1145.0	851.0	Industrials			OK	通常掲載可	OK	13418.5	4.24	5.92	6.6	10.55	740.7	-184.31		-85.1	1
3288	オープンハウスグループ	プライム（内国株式）	8050	不動産業	17	不動産	4	TOPIX Mid400	7451.0	2.75	205.0	2.76	205.0	2.75	配当あり	いいえ	7.59	1.4	8183.3	11790.0	7187.0	Real Estate			OK	通常掲載可	OK	1336468.0	10.92	3.13	38.15	1.34	25886.0	982.04	20.87	20.17	12
3289	東急不動産ホールディングス	プライム（内国株式）	8050	不動産業	17	不動産	4	TOPIX Mid400	1229.5	4.07	50.0	4.06	50.0	4.07	配当あり	いいえ	9.08	0.96	8769.2	1598.0	1177.0	Real Estate			OK	通常掲載可	OK	1246048.0	13.39	8.32	26.27	2.03	129480.0	135.45	36.91	10.54	4
3291	飯田グループホールディングス	プライム（内国株式）	8050	不動産業	17	不動産	4	TOPIX Mid400	2165.0	4.25	92.0	4.24	92.0	4.25	配当あり	いいえ	9.45	0.58	5982.5	2794.0	2014.5	Consumer Cyclical			OK	通常掲載可	OK	1508864.0	6.26	3.37	50.83	0.77	-119557.0	229.21	40.14	6.9	1
3293	アズマハウス	スタンダード（内国株式）	8050	不動産業	17	不動産	-	-	754.0	4.64	35.0	4.62	35.0	4.64	配当あり	いいえ	12.08	0.35	60.7	808.0	748.0	Real Estate			OK	通常掲載可	OK	11622.4	8.69	-12.48	53.95	0.73	462.2	62.43	56.06	2.98	0
3294	イーグランド	スタンダード（内国株式）	8050	不動産業	17	不動産	-	-							配当未取得								yfinanceデータなし	yfinanceで株価・配当データが取得できなかった	除外推奨	掲載非推奨	データなし										
3297	東武住販	スタンダード（内国株式）	8050	不動産業	17	不動産	-	-	1197.0	3.59	43.0	3.57	43.0	3.59	配当あり	いいえ	8.26	0.69	32.4	1390.0	1058.0	Real Estate			OK	通常掲載可	OK	7745.1	7.72	-5.38	75.63	0.17	-58.0	144.96	29.66	8.64	4
3299	ムゲンエステート	スタンダード（内国株式）	8050	不動産業	17	不動産	-	-	1688.0	6.16	104.0	6.01	104.0	6.16	配当あり	いいえ	8.54	1.12	398.0	2602.0	1621.0	Real Estate			OK	通常掲載可	OK	68262.0	16.19	9.77	33.55	1.75	-10590.0	197.74	52.59	13.52	5
3300	アンビション　ＤＸ　ホールディングス	グロース（内国株式）	8050	不動産業	17	不動産	-	-	1860.0	12.04	224.0	11.97	224.0	12.04	配当あり	いいえ	6.49	1.38	138.0	2703.0	1795.0	Real Estate	高利回り要確認	1株配当が株価の10%以上 / 配当利回りが8%以上	要確認	手動確認後に掲載	OK_高利回り要確認	52372.3	7.54	24.5	21.22	3.02	-5515.8	286.6	78.16	25.2	5
3302	帝国繊維	プライム（内国株式）	3100	繊維製品	4	素材・化学	7	TOPIX Small 2	3005.0	2.16	65.0	2.12	65.0	2.16	配当あり	いいえ	16.34	1.04	770.0	3775.0	2676.0	Industrials			OK	通常掲載可	OK	33639.9	12.06	6.86	79.25	0.0	2234.4	183.9	35.35	6.71	1
3306	日本製麻	スタンダード（内国株式）	6050	卸売業	13	商社・卸売	-	-	774.0	0.52	4.0	0.52	4.0	0.52	配当あり	いいえ	6.23	1.4	34.1	909.0	567.0	Industrials			OK	通常掲載可	OK	2399.7	-1.48	-3.74	59.72	0.48	-601.4	124.15	3.22	3.95	0
330A	ＴａｌｅｎｔＸ	グロース（内国株式）	5250	情報・通信業	10	情報通信・サービスその他	-	-	545.0						配当未取得		12.41	3.34	30.3	1067.0	373.0	Industrials	配当未取得	1株配当が取得できていない	除外推奨	掲載非推奨	OK_配当データ要確認	1751.5	19.11	22.12	52.69	0.02	270.4	43.93		37.55	
3315	日本コークス工業	プライム（内国株式）	3300	石油・石炭製品	2	エネルギー資源	7	TOPIX Small 2	96.0						配当未取得			0.82	279.4	153.0	86.0	Basic Materials	配当未取得	1株配当が取得できていない	除外推奨	掲載非推奨	OK_配当データ要確認	91386.0	0.67	-7.73	27.5	1.93	8511.0	-26.39		-19.36	0
3317	フライングガーデン	スタンダード（内国株式）	6100	小売業	14	小売	-	-	1497.0	1.14	17.0	1.13	17.0	1.14	配当あり	いいえ	9.51	1.17	43.3	1748.0	1249.0	Consumer Cyclical			OK	通常掲載可	OK	9200.1	6.52	11.31	67.9	0.0	283.2	157.35	10.8	13.06	0
331A	メディックス	スタンダード（内国株式）	9050	サービス業	10	情報通信・サービスその他	-	-	479.0	3.97	19.0	4.0	19.0	3.97	配当あり	いいえ	8.4	1.11	35.1	568.0	460.0	Communication Services			OK	通常掲載可	OK	4256.9	15.49	2.28	44.44	0.24	214.2	57.0	33.33	12.71	
3320	クロスプラス	スタンダード（内国株式）	6050	卸売業	13	商社・卸売	-	-	1305.0	4.6	60.0	4.61	60.0	4.6	配当あり	いいえ	5.54	0.5	97.0	1467.0	1231.0	Consumer Cyclical			OK	通常掲載可	OK	59852.0	2.33	-3.47	65.61	0.16	533.0	235.35	25.49	5.18	3
3321	ミタチ産業	スタンダード（内国株式）	6050	卸売業	13	商社・卸売	-	-	1919.0	3.65	70.0	3.66	70.0	3.65	配当あり	いいえ	7.16	0.86	153.0	2445.0	1505.0	Technology			OK	通常掲載可	OK	120327.8	2.3	22.56	43.67	0.6	2310.2	267.89	26.13	12.76	1
3323	レカム	スタンダード（内国株式）	6050	卸売業	13	商社・卸売	-	-	93.0	1.29	1.2	1.29	1.2	1.29	配当あり	いいえ		1.29	75.9	138.0	69.0	Communication Services			OK	通常掲載可	OK	13088.3	3.12	11.99	39.79	0.96	259.3	-0.61		6.41	0
3326	ランシステム	スタンダード（内国株式）	9050	サービス業	10	情報通信・サービスその他	-	-	652.0						配当未取得		27.2	8.5	27.7	880.0	575.0	Consumer Cyclical	配当未取得	1株配当が取得できていない	除外推奨	掲載非推奨	OK_配当データ要確認	5430.3	3.2	0.4	7.7	9.02	-79.8	23.97		19.56	1
3329	東和フードサービス	スタンダード（内国株式）	6100	小売業	14	小売	-	-	2138.0	0.94	20.0	0.94	20.0	0.94	配当あり	いいえ	22.93	2.2	172.6	2200.0	1992.0	Consumer Cyclical			OK	通常掲載可	OK	13314.5	7.39	3.91	79.16	0.0	504.9	93.22	21.45	10.25	0
332A	ミーク	グロース（内国株式）	5250	情報・通信業	10	情報通信・サービスその他	-	-	1208.0						配当未取得		15.77	2.18	138.7	1765.0	761.0	Technology	配当未取得	1株配当が取得できていない	除外推奨	掲載非推奨	OK_配当データ要確認	7150.5	18.13	19.68	75.38	0.02	881.4	76.62		15.79	
3333	あさひ	プライム（内国株式）	6100	小売業	14	小売	7	TOPIX Small 2	1278.0	3.91	50.0	3.93	50.0	3.91	配当あり	いいえ	18.11	0.8	332.8	1457.0	1224.0	Consumer Cyclical			OK	通常掲載可	OK	81374.9	4.84	-0.27	71.61		4304.8	70.55	70.87	4.43	1
3349	コスモス薬品	プライム（内国株式）	6100	小売業	14	小売	4	TOPIX Mid400	6211.0	1.35	84.0	1.37	84.0	1.35	配当あり	いいえ	15.22	1.74	4922.7	8607.0	5615.0	Healthcare			OK	通常掲載可	OK	1099583.0	3.85	8.72	47.56	0.28	-11672.0	408.06	20.59	11.84	7
334A	ビジュアル・プロセッシング・ジャパン	グロース（内国株式）	5250	情報・通信業	10	情報通信・サービスその他	-	-	1216.0	1.89	23.0	1.92	23.0	1.89	配当あり	いいえ	18.25	4.56	40.4	1216.0	687.5	Technology			OK	通常掲載可	OK	1374.2	18.95	13.75	75.25	0.0	227.8	66.64	34.51	17.32	
3350	メタプラネット	スタンダード（内国株式）	6050	卸売業	13	商社・卸売	-	-	307.0						配当未取得			1.15	4136.1	662.0	192.0	Consumer Cyclical	配当未取得	1株配当が取得できていない	除外推奨	掲載非推奨	OK_配当データ要確認	8905.0	70.6	738.51	90.76	0.1	5886.0	-315.5		-104.77	
3352	バッファロー	スタンダード（内国株式）	6100	小売業	14	小売	-	-	1780.0	3.93	70.0	3.9	70.0	3.93	配当あり	いいえ	9.51	0.64	41.7	2120.0	1431.0	Consumer Cyclical			OK	通常掲載可	OK	13706.6	4.42	12.48	66.1	0.13	464.2	187.26	37.38	7.37	0
3353	メディカル一光グループ	スタンダード（内国株式）	6100	小売業	14	小売	-	-	2804.0	4.28	120.0	4.28	120.0	4.28	配当あり	いいえ	8.28	0.67	105.6	3235.0	2590.0	Industrials			OK	通常掲載可	OK	54982.5	3.25	13.62	41.74	0.66	656.2	338.72	35.43	9.61	2
3355	クリヤマホールディングス	スタンダード（内国株式）	6050	卸売業	13	商社・卸売	-	-	1814.0	3.36	61.0	3.29	61.0	3.36	配当あり	いいえ	8.81	0.68	357.7	2021.0	1520.0	Industrials			OK	通常掲載可	OK	88685.6	4.63	13.85	54.81	0.41	164.6	205.89	29.63	8.29	6
3358	Ｔｒａｉｌｈｅａｄ　Ｇｌｏｂａｌ　Ｈｏｌｄｉｎｇｓ	スタンダード（内国株式）	6100	小売業	14	小売	-	-	93.0	2.15	2.0	2.13	2.0	2.15	配当あり	いいえ	53.76	1.59	34.7	174.0	82.0	Consumer Cyclical			OK	通常掲載可	OK	1826.6	-0.65	25.09	66.82	0.21	-556.7	1.73	115.61	2.96	0
3359	ｃｏｔｔａ	グロース（内国株式）	6050	卸売業	13	商社・卸売	-	-	500.0	2.0	10.0	1.98	10.0	2.0	配当あり	いいえ	11.76	1.1	53.1	583.0	460.0	Consumer Cyclical			OK	通常掲載可	OK	13675.5	5.65	52.77	43.12	0.9	668.9	42.5	23.53	10.16	1
335A	ミライロ	グロース（内国株式）	5250	情報・通信業	10	情報通信・サービスその他	-	-	314.0						配当未取得		39.4	3.72	34.6	517.0	311.0	Technology	配当未取得	1株配当が取得できていない	除外推奨	掲載非推奨	OK_配当データ要確認	832.3	17.08	17.3	75.25	0.18	137.8	7.97		9.44	
3360	シップヘルスケアホールディングス	プライム（内国株式）	6050	卸売業	13	商社・卸売	4	TOPIX Mid400	2452.5	2.65	65.0	2.66	65.0	2.65	配当あり	いいえ	16.98	1.53	2237.0	2839.0	1938.0	Healthcare			OK	通常掲載可	OK	718163.0	3.39	5.89	39.23	0.2	17363.0	144.45	45.0	9.23	9
3361	トーエル	スタンダード（内国株式）	6100	小売業	14	小売	-	-	898.0	2.56	23.0	2.53	23.0	2.56	配当あり	いいえ	10.58	0.77	164.6	967.0	790.0	Utilities			OK	通常掲載可	OK	27039.1	7.33	-1.27	76.76	0.04	2218.9	84.86	27.1	8.38	0
336A	ダイナミックマッププラットフォーム	グロース（内国株式）	5250	情報・通信業	10	情報通信・サービスその他	-	-	1620.0						配当未取得			6.04	349.5	2045.0	532.0	Communication Services	配当未取得	1株配当が取得できていない	除外推奨	掲載非推奨	OK_配当データ要確認	5686.0	-33.01	-23.83	66.34	0.22	-1685.0	-73.87		-32.48	
3370	フジタコーポレーション	スタンダード（内国株式）	6100	小売業	14	小売	-	-	476.0	0.63	3.0	0.63	3.0	0.63	配当あり	いいえ	13.26	4.23	16.3	631.0	314.0	Consumer Cyclical			OK	通常掲載可	OK	5068.5	3.17	3.6	12.28	5.85	50.4	35.89	8.36	53.92	0
3371	ソフトクリエイトホールディングス	プライム（内国株式）	5250	情報・通信業	10	情報通信・サービスその他	7	TOPIX Small 2	2184.0	2.84	62.0	2.85	62.0	2.84	配当あり	いいえ	13.42	2.12	552.4	2301.0	1569.0	Technology			OK	通常掲載可	OK	34391.4	18.05	11.11	60.91	0.01	3682.6	162.7	38.11	17.12	6
3372	関門海	スタンダード（内国株式）	6100	小売業	14	小売	-	-	215.0						配当未取得		23.81	2.23	29.5	265.0	210.0	Consumer Cyclical	配当未取得	1株配当が取得できていない	除外推奨	掲載非推奨	OK_配当データ要確認	5272.2	65.2	0.15	51.93	0.53	76.0	9.03		7.13	
3374	内外テック	スタンダード（内国株式）	6050	卸売業	13	商社・卸売	-	-	5040.0	5.71	288.0	5.86	288.0	5.71	配当あり	いいえ	17.7	1.34	176.3	5070.0	2005.0	Industrials			OK	通常掲載可	OK	32614.7	4.3	-7.71	50.88	0.26	1320.8	284.76	101.14	10.36	1
3375	ＺＯＡ	スタンダード（内国株式）	6100	小売業	14	小売	-	-	1750.0	4.29	75.0	4.26	75.0	4.29	配当あり	いいえ	6.76	0.7	22.0	2072.0	1599.0	Technology			OK	通常掲載可	OK	9523.5	5.11	2.69	60.36	0.27	296.2	259.0	28.96	10.32	1
3377	バイク王＆カンパニー	スタンダード（内国株式）	6050	卸売業	13	商社・卸売	-	-	411.0	2.68	11.0	2.76	11.0	2.68	配当あり	いいえ	12.2	0.8	58.9	555.0	358.0	Consumer Cyclical			OK	通常掲載可	OK	38574.1	33.53	13.57	53.8	0.34	101.9	33.68	32.66	6.76	0
3382	セブン＆アイ・ホールディングス	プライム（内国株式）	6100	小売業	14	小売	1	TOPIX Core30	1999.5	3.0	60.0	2.99	60.0	3.0	配当あり	いいえ	16.86	1.25	45329.8	2417.0	1811.0	Consumer Defensive			OK	通常掲載可	OK	10430268.0	4.06	-12.88	39.6	1.05	262413.0	118.57	50.6	8.05	1
3386	コスモ・バイオ	スタンダード（内国株式）	6050	卸売業	13	商社・卸売	-	-	1274.0	3.92	50.0	3.92	50.0	3.92	配当あり	いいえ	19.88	0.74	72.6	1486.0	1083.0	Healthcare			OK	通常掲載可	OK	10766.0	3.19	7.26	74.02	0.0	314.0	64.08	78.03	3.68	0
3387	クリエイト・レストランツ・ホールディングス	プライム（内国株式）	6100	小売業	14	小売	6	TOPIX Small 1	783.0	0.64	5.0	0.65	5.0	0.64	配当あり	いいえ	68.99	7.25	3531.3	819.0	685.0	Consumer Cyclical			OK	通常掲載可	OK	165449.0	4.8	5.82	31.34	1.49	18219.0	11.35	44.05	10.51	4
3388	明治電機工業	プライム（内国株式）	6050	卸売業	13	商社・卸売	7	TOPIX Small 2	2124.0	4.52	96.0	4.54	96.0	4.52	配当あり	いいえ	9.48	0.7	267.6	2516.0	1930.0	Technology			OK	通常掲載可	OK	76360.0	4.81	-2.94	66.34	0.0	7710.9	224.08	42.84	6.9	3
338A	ＺｅｎｍｕＴｅｃｈ	グロース（内国株式）	5250	情報・通信業	10	情報通信・サービスその他	-	-	4010.0						配当未取得		75.19	21.32	109.3	4780.0	1890.0	Technology	配当未取得	1株配当が取得できていない	除外推奨	掲載非推奨	OK_配当データ要確認	851.9	16.92	31.28	63.33	0.12	-73.6	53.33		15.31	
3391	ツルハホールディングス	プライム（内国株式）	6100	小売業	14	小売	4	TOPIX Mid400	2096.0	2.29	48.0	2.27	48.0	2.29	配当あり	いいえ	14.55	1.08	9496.8	2993.0	1889.0	Healthcare			OK	通常掲載可	OK	1450585.0	4.35	41.18	53.14	0.24	56124.0	144.1	33.31	7.42	0
3392	デリカフーズホールディングス	スタンダード（内国株式）	6050	卸売業	13	商社・卸売	-	-	745.0	3.62	27.0	3.6	27.0	3.62	配当あり	いいえ	8.02	1.16	121.0	1033.0	744.0	Consumer Defensive			OK	通常掲載可	OK	62219.2	3.39	5.88	35.35	1.05	1589.6	92.9	29.06	12.81	0
3393	スターティアホールディングス	プライム（内国株式）	6050	卸売業	13	商社・卸売	-	-	3145.0	9.92	312.0	9.9	312.0	9.92	配当あり	いいえ	12.71	3.67	294.0	3295.0	2545.0	Technology	高利回り要確認	配当利回りが8%以上	要確認	手動確認後に掲載	OK_高利回り要確認	23790.0	13.63	7.11	54.01	0.34	3057.1	247.51	126.06	32.29	5
3395	サンマルクホールディングス	プライム（内国株式）	6100	小売業	14	小売	6	TOPIX Small 1	2482.0	2.18	54.0	2.2	54.0	2.18	配当あり	いいえ	19.83	1.71	532.1	3195.0	2290.0	Consumer Cyclical			OK	通常掲載可	OK	88432.4	5.82	24.74	44.69	0.65	5777.8	125.15	43.15	8.13	3
3396	フェリシモ	スタンダード（内国株式）	6100	小売業	14	小売	-	-	849.0	2.94	25.0	2.91	25.0	2.94	配当あり	いいえ	17.07	0.31	60.5	937.0	819.0	Consumer Cyclical			OK	通常掲載可	OK	29179.0	0.74	-0.92	70.04	0.0	297.0	49.75	50.25	2.16	0
3397	トリドールホールディングス	プライム（内国株式）	6100	小売業	14	小売	4	TOPIX Mid400	4168.0	0.29	12.0	0.29	12.0	0.29	配当あり	いいえ	192.34	3.83	3665.0	4837.0	3492.0	Consumer Cyclical			OK	通常掲載可	OK	278715.0	7.89	3.91	29.9	1.88	35407.0	21.67	55.38	1.99	2
3399	丸千代山岡家	スタンダード（内国株式）	6100	小売業	14	小売	-	-	3845.0	0.78	30.0	0.79	30.0	0.78	配当あり	いいえ	18.49	50.23	757.5	4250.0	2595.0	Consumer Cyclical			OK	通常掲載可	OK	43000.8	10.88	24.33	55.41	0.18	3126.3	207.9	14.43	7.91	2
339A	プログレス・テクノロジーズ　グループ	グロース（内国株式）	9050	サービス業	10	情報通信・サービスその他	-	-	944.0	3.18	30.0	3.17	30.0	3.18	配当あり	いいえ	6.36	1.24	71.9	1594.0	843.0	Technology			OK	通常掲載可	OK	6314.0	28.25	11.77	52.28	0.41	1887.0	148.33	20.23	20.79	
3401	帝人	プライム（内国株式）	3100	繊維製品	4	素材・化学	4	TOPIX Mid400	1662.0	3.01	50.0	2.96	50.0	3.01	配当あり	いいえ		0.77	3206.3	1825.0	1202.5	Industrials			OK	通常掲載可	OK	873190.0	-8.1	-13.16	39.61	0.92	8417.0	-448.74		-9.89	2
3402	東レ	プライム（内国株式）	3100	繊維製品	4	素材・化学	4	TOPIX Mid400	1231.5	1.87	23.0	1.82	23.0	1.87	配当あり	いいえ	23.87	0.99	17938.8	1395.0	913.7	Consumer Cyclical			OK	通常掲載可	OK	2585077.0	3.76	0.85	51.77	0.5	65262.0	51.6	44.57	5.61	1
3405	クラレ	プライム（内国株式）	3200	化学	4	素材・化学	4	TOPIX Mid400	1795.0	3.01	54.0	2.99	54.0	3.01	配当あり	いいえ	66.65	0.72	5408.3	2088.0	1490.5	Basic Materials			OK	通常掲載可	OK	808447.0	7.28	-2.23	56.99	0.38	936.0	26.93	200.52	0.82	0
3407	旭化成	プライム（内国株式）	3200	化学	4	素材・化学	2	TOPIX Large70	1649.5	2.67	44.0	2.65	44.0	2.67	配当あり	いいえ	14.16	1.05	21997.4	1906.0	1144.5	Industrials			OK	通常掲載可	OK	3074505.0	7.52	1.22	50.47	0.48	92054.0	116.45	37.78	9.75	1
3409	北紡	スタンダード（内国株式）	3100	繊維製品	4	素材・化学	-	-	79.0						配当未取得			1.61	24.9	176.0	70.0	Consumer Cyclical	配当未取得	1株配当が取得できていない	除外推奨	掲載非推奨	OK_配当データ要確認	1506.0	-9.13	-7.68	56.03	0.38	-308.8	-5.01		-8.5	
340A	ジグザグ	グロース（内国株式）	5250	情報・通信業	10	情報通信・サービスその他	-	-	336.0						配当未取得		11.68	1.9	26.1	482.0	299.0	Industrials	配当未取得	1株配当が取得できていない	除外推奨	掲載非推奨	OK_配当データ要確認	1500.3	19.28	6.24	53.04	0.01	420.4	28.76		18.25	
3415	ＴＯＫＹＯ　ＢＡＳＥ	プライム（内国株式）	6100	小売業	14	小売	7	TOPIX Small 2	357.0	1.96	7.0	1.97	7.0	1.96	配当あり	いいえ	12.5	2.51	152.1	500.0	324.0	Consumer Cyclical			OK	通常掲載可	OK	23734.3	8.24	17.45	42.16	0.92	182.7	28.56	24.51	21.88	2
3416	ピクスタ	スタンダード（内国株式）	6100	小売業	14	小売	-	-	901.0	4.99	45.0	5.0	45.0	4.99	配当あり	いいえ	90.46	1.42	15.6	1095.0	782.0	Consumer Cyclical			OK	通常掲載可	OK	2663.6	5.68	-7.59	50.11	0.0	-173.4	9.96	451.81	0.98	0
3417	大木ヘルスケアホールディングス	スタンダード（内国株式）	6050	卸売業	13	商社・卸売	-	-	995.0	3.02	30.0	2.99	30.0	3.02	配当あり	いいえ	10.13	0.41	134.6	1472.0	985.0	Healthcare			OK	通常掲載可	OK	360358.0	0.2	3.12	23.02	0.46	-2810.0	98.19	30.55	2.19	10
3418	バルニバービ	グロース（内国株式）	6100	小売業	14	小売	-	-	1053.0	0.95	10.0	0.95	10.0	0.95	配当あり	いいえ	25.22	1.9	113.9	1159.0	1008.0	Consumer Cyclical			OK	通常掲載可	OK	13453.0	4.82	0.67	32.48	1.27	-350.4	41.76	23.95	1.87	0
341A	トヨコー	グロース（内国株式）	2050	建設業	3	建設・資材	-	-	2213.0						配当未取得		58.83	9.7	301.8	2728.0	1755.0	Industrials	配当未取得	1株配当が取得できていない	除外推奨	掲載非推奨	OK_配当データ要確認	3133.8	20.07	54.69	55.78	0.58	-70.7	37.62		19.33	
3420	ケー・エフ・シー	スタンダード（内国株式）	3550	金属製品	3	建設・資材	-	-	1556.0	4.5	70.0	4.43	70.0	4.5	配当あり	いいえ	10.97	0.52	114.5	1724.0	1470.0	Industrials			OK	通常掲載可	OK	25548.0	4.23	-2.01	73.95	0.04	444.9	141.88	49.34	5.95	2
3421	稲葉製作所	スタンダード（内国株式）	3550	金属製品	3	建設・資材	7	TOPIX Small 2	1608.0	2.74	44.0	2.72	44.0	2.74	配当あり	いいえ	16.47	0.57	253.1	1809.0	1558.0	Consumer Cyclical			OK	通常掲載可	OK	42414.2	7.23	1.41	71.97		1347.6	97.61	45.08	3.48	3
3422	Ｊ－ＭＡＸ	スタンダード（内国株式）	3550	金属製品	3	建設・資材	-	-	673.0	1.19	8.0	1.2	8.0	1.19	配当あり	いいえ	8.61	0.38	77.3	727.0	332.0	Consumer Cyclical			OK	通常掲載可	OK	51919.0	3.58	10.23	30.83	1.33	2308.0	78.14	10.24	9.66	0
3423	エスイー	スタンダード（内国株式）	3550	金属製品	3	建設・資材	-	-	265.0	4.53	12.0	4.51	12.0	4.53	配当あり	いいえ		0.79	80.1	335.0	260.0	Industrials			OK	通常掲載可	OK	25401.0	2.36	-1.88	42.58	0.53	386.2	-14.39		-3.33	0
3426	アトムリビンテック	スタンダード（内国株式）	3550	金属製品	3	建設・資材	-	-	1305.0	2.53	33.0	2.53	33.0	2.53	配当あり	いいえ	13.33	0.49	52.1	1459.0	1278.0	Industrials			OK	通常掲載可	OK	10162.5	3.28	-2.43	76.97		356.4	97.88	33.71	3.69	0
3431	宮地エンジニアリンググループ	プライム（内国株式）	3550	金属製品	3	建設・資材	6	TOPIX Small 1	1508.0	4.97	75.0	4.93	75.0	4.97	配当あり	いいえ	12.35	0.96	394.4	2071.0	1429.0	Industrials			OK	通常掲載可	OK	56659.0	7.99	-24.18	52.23	0.01	6522.0	122.15	61.4	5.99	4
3433	トーカロ	プライム（内国株式）	3550	金属製品	3	建設・資材	6	TOPIX Small 1	2955.0	3.25	96.0	3.31	96.0	3.25	配当あり	いいえ	17.12	2.63	1757.3	3460.0	1923.0	Industrials			OK	通常掲載可	OK	58490.0	24.12	7.85	74.76	0.11	-2170.0	172.57	55.63	15.74	5
3434	アルファＣｏ	スタンダード（内国株式）	3550	金属製品	3	建設・資材	-	-	1229.0	4.88	60.0	4.86	60.0	4.88	配当あり	いいえ	8.57	0.31	118.1	1405.0	1142.0	Consumer Cyclical			OK	通常掲載可	OK	72699.0	1.16	-1.1	50.33	0.54	-1041.0	143.42	41.84	3.08	3
3435	サンコーテクノ	スタンダード（内国株式）	3550	金属製品	3	建設・資材	-	-	1496.0	3.07	46.0	3.11	46.0	3.07	配当あり	いいえ	7.36	0.59	118.4	1564.0	1210.0	Industrials			OK	通常掲載可	OK	21760.8	8.24	2.4	69.54	0.2	549.5	203.31	22.63	9.24	4
3436	ＳＵＭＣＯ	プライム（内国株式）	3550	金属製品	3	建設・資材	4	TOPIX Mid400	3472.0	0.58	20.0	0.6	20.0	0.58	配当あり	いいえ		2.14	12142.7	5939.0	1131.0	Technology			OK	通常掲載可	OK	409670.0	0.33	3.29	51.28	0.61	-10993.0	-82.98		-4.06	0
3437	特殊電極	スタンダード（内国株式）	3550	金属製品	3	建設・資材	-	-	2617.0	3.9	102.0	3.89	102.0	3.9	配当あり	いいえ	9.08	0.52	41.4	3910.0	2609.0	Industrials			OK	通常掲載可	OK	10915.7	5.35	3.57	65.77	0.21	181.2	288.13	35.4	5.57	3
3439	三ツ知	スタンダード（内国株式）	3550	金属製品	3	建設・資材	-	-	684.0	2.92	20.0	2.95	20.0	2.92	配当あり	いいえ	14.99	0.31	32.0	790.0	605.0	Consumer Cyclical			OK	通常掲載可	OK	13147.9	3.55	4.72	60.68	0.36	1134.2	45.63	43.83	2.13	0
343A	ＩＡＣＥトラベル	スタンダード（内国株式）	9050	サービス業	10	情報通信・サービスその他	-	-	1290.0	2.95	38.0	2.95	38.0	2.95	配当あり	いいえ	11.55	1.43	61.5	1750.0	1121.0	Consumer Cyclical			OK	通常掲載可	OK	3015.3	25.01	11.92	74.3	0.0	454.5	111.71	34.02	13.52	
3440	日創グループ	スタンダード（内国株式）	3550	金属製品	3	建設・資材	-	-	859.0	4.89	42.0	4.85	42.0	4.89	配当あり	いいえ	13.79	0.44	55.2	1158.0	850.0	Industrials			OK	通常掲載可	OK	23037.0	6.03	30.2	46.92	0.81	2281.0	62.28	67.44	-0.14	3
3441	山王	スタンダード（内国株式）	3550	金属製品	3	建設・資材	-	-	1762.0	5.11	90.0	5.23	90.0	5.11	配当あり	いいえ	6.41	0.93	74.7	4300.0	941.0	Industrials			OK	通常掲載可	OK	8802.1	9.05	-7.96	53.25	0.66	798.3	274.83	32.75	15.97	1
3443	川田テクノロジーズ	プライム（内国株式）	3550	金属製品	3	建設・資材	7	TOPIX Small 2	1374.0	3.06	42.0	3.05	42.0	3.06	配当あり	いいえ	8.18	0.72	691.2	1846.67	1129.0	Industrials			OK	通常掲載可	OK	115025.0	7.47	-13.45	60.71	0.2	12008.0	168.03	25.0	10.0	0
3444	菊池製作所	スタンダード（内国株式）	3550	金属製品	3	建設・資材	-	-	1114.0	0.9	10.0	0.92	10.0	0.9	配当あり	いいえ	128.19	2.38	134.6	1880.0	299.0	Industrials			OK	通常掲載可	OK	6093.7	-4.07	11.68	65.37	0.08	411.4	8.69	115.07	2.46	0
3445	ＲＳ　Ｔｅｃｈｎｏｌｏｇｉｅｓ	プライム（内国株式）	3550	金属製品	3	建設・資材	6	TOPIX Small 1	6320.0	0.87	55.0	0.88	55.0	0.87	配当あり	いいえ	17.15	1.87	1680.9	8650.0	3415.0	Technology			OK	通常掲載可	OK	76707.0	18.62	29.57	39.09	0.29	7169.0	368.46	14.93	8.88	5
3446	ジェイテックコーポレーション	スタンダード（内国株式）	3550	金属製品	3	建設・資材	-	-	1589.0						配当未取得		156.24	3.29	93.8	2514.0	1120.0	Healthcare	配当未取得	1株配当が取得できていない	除外推奨	掲載非推奨	OK_配当データ要確認	2010.3	14.22	5.34	75.59	0.19	-79.7	10.17		2.09	
3447	信和	スタンダード（内国株式）	3550	金属製品	3	建設・資材	-	-	965.0	3.73	36.0	3.73	36.0	3.73	配当あり	いいえ	7.65	0.76	130.8	1089.0	808.0	Industrials			OK	通常掲載可	OK	20138.6	12.36	15.06	52.87	0.63	1172.6	126.22	28.52	11.12	0
3449	テクノフレックス	スタンダード（内国株式）	3550	金属製品	3	建設・資材	-	-	4525.0	1.46	66.0	1.51	66.0	1.46	配当あり	いいえ	19.31	2.99	830.4	10740.0	1579.0	Industrials			OK	通常掲載可	OK	26025.0	15.06	18.07	65.88	0.26	4172.0	234.39	28.16	16.19	1
3452	ビーロット	スタンダード（内国株式）	8050	不動産業	17	不動産	-	-	1445.0	5.54	80.0	5.5	80.0	5.54	配当あり	いいえ	5.77	1.23	272.2	1860.0	1330.0	Real Estate			OK	通常掲載可	OK	37778.0	20.06	22.13	19.75	3.8	-10284.0	250.26	31.97	22.89	4
3454	ファーストブラザーズ	スタンダード（内国株式）	8050	不動産業	17	不動産	-	-	1272.0	2.91	37.0	2.91	37.0	2.91	配当あり	いいえ	4.49	0.63	178.4	1300.0	1120.0	Financial Services			OK	通常掲載可	OK	19063.7	27.78	13.03	29.1	2.16	3834.0	283.02	13.07	14.95	0
3457	Ａｎｄ　Ｄｏホールディングス	プライム（内国株式）	8050	不動産業	17	不動産	7	TOPIX Small 2	871.0	5.28	46.0	5.23	46.0	5.28	配当あり	いいえ	12.08	0.91	173.9	1142.0	871.0	Real Estate			OK	通常掲載可	OK	64735.0	4.05	-4.21	25.64	2.6	6394.0	72.12	63.78	7.75	5
3461	パルマ	スタンダード（内国株式）	8050	不動産業	17	不動産	-	-	571.0	2.8	16.0	2.77	16.0	2.8	配当あり	いいえ	25.24	1.74	38.6	650.0	497.0	Industrials			OK	通常掲載可	OK	2312.4	6.38	-17.73	63.85	0.37	-433.9	22.62	70.73	6.89	3
3465	ケイアイスター不動産	プライム（内国株式）	8050	不動産業	17	不動産	6	TOPIX Small 1	3140.0	4.78	150.0	4.76	150.0	4.78	配当あり	いいえ	6.36	1.28	974.9	4185.0	2530.0	Real Estate			OK	通常掲載可	OK	393905.0	6.85	14.99	20.62	3.05	-27923.0	493.61	30.39	25.2	1
3467	アグレ都市デザイン	スタンダード（内国株式）	8050	不動産業	17	不動産	-	-	2790.0	5.02	140.0	4.96	140.0	5.02	配当あり	いいえ	8.4	1.93	160.5	3030.0	2160.0	Real Estate			OK	通常掲載可	OK	36975.2	8.87	20.27	22.31	3.03	-1862.2	332.01	42.17	26.55	1
3469	デュアルタップ	スタンダード（内国株式）	8050	不動産業	17	不動産	-	-	890.0	1.4	12.5	1.41	12.5	1.4	配当あり	いいえ	74.98	1.48	39.0	1035.0	854.0	Real Estate			OK	通常掲載可	OK	5172.9	-4.95	-40.04	29.76	2.08	-2091.3	11.87	105.31	2.2	0
3474	Ｇ－ＦＡＣＴＯＲＹ	グロース（内国株式）	8050	不動産業	17	不動産	-	-	596.0						配当未取得			3.65	39.0	668.0	526.0	Real Estate	配当未取得	1株配当が取得できていない	除外推奨	掲載非推奨	OK_配当データ要確認	6465.3	-1.11	1.84	29.51	0.67	-266.6	-22.19		-12.75	0
3475	グッドコムアセット	プライム（内国株式）	8050	不動産業	17	不動産	7	TOPIX Small 2	1483.0	3.1	46.0	3.12	46.0	3.1	配当あり	いいえ	21.88	3.04	425.7	1848.0	1081.0	Real Estate			OK	通常掲載可	OK	54581.7	5.38	-8.66	30.68	1.96	-1147.9	67.77	67.88	17.04	2
3477	フォーライフ	グロース（内国株式）	8050	不動産業	17	不動産	-	-	918.0	3.54	32.5	3.62	32.5	3.54	配当あり	いいえ	6.74	0.83	36.7	945.0	750.0	Consumer Cyclical			OK	通常掲載可	OK	17476.2	5.04	18.31	41.42	1.13	-269.5	136.14	23.87	14.07	2
3479	ティーケーピー	グロース（内国株式）	8050	不動産業	17	不動産	-	-	1855.0						配当未取得		5.93	1.38	673.3	2425.0	1457.0	Real Estate	配当未取得	1株配当が取得できていない	除外推奨	掲載非推奨	OK_配当データ要確認	114357.0	9.01	93.14	29.38	1.57	4225.0	312.57		26.84	
3480	ジェイ・エス・ビー	プライム（内国株式）	8050	不動産業	17	不動産	7	TOPIX Small 2							配当未取得								yfinanceデータなし	yfinanceで株価・配当データが取得できなかった	除外推奨	掲載非推奨	データなし										
3482	ロードスターキャピタル	プライム（内国株式）	8050	不動産業	17	不動産	7	TOPIX Small 2	2540.0	3.86	98.0	3.83	98.0	3.86	配当あり	いいえ	5.39	1.19	429.5	3805.0	2448.0	Real Estate			OK	通常掲載可	OK	44633.0	30.06	29.67	26.54	2.12	-2804.0	471.3	20.79	24.58	8
3484	イノベーションホールディングス	スタンダード（内国株式）	8050	不動産業	17	不動産	-	-	1255.0	2.71	34.0	2.73	34.0	2.71	配当あり	いいえ	15.53	4.55	211.0	1377.0	1030.0	Real Estate			OK	通常掲載可	OK	20012.4	10.2	20.13	26.49	0.11	1365.9	80.8	42.08	28.91	4
3486	グローバル・リンク・マネジメント	プライム（内国株式）	8050	不動産業	17	不動産	-	-	2005.0	4.99	100.0	4.96	100.0	4.99	配当あり	いいえ	8.83	2.04	318.5	3030.0	1676.0	Real Estate			OK	通常掲載可	OK	69262.8	10.74	7.41	31.42	1.98	-3246.4	227.17	44.02	25.0	4
3489	フェイスネットワーク	スタンダード（内国株式）	8050	不動産業	17	不動産	-	-	764.0	5.89	45.0	5.87	45.0	5.89	配当あり	いいえ	6.31	2.02	226.1	959.0	679.0	Real Estate			OK	通常掲載可	OK	32916.9	17.11	10.03	35.81	1.46	-993.8	121.03	37.18	37.87	5
3490	アズ企画設計	スタンダード（内国株式）	8050	不動産業	17	不動産	-	-	3115.0	0.96	30.0	0.98	30.0	0.96	配当あり	いいえ	14.4	1.11	47.0	3305.0	2711.0	Real Estate			OK	通常掲載可	OK	13543.3	5.72	8.95	27.46	2.41	-251.1	216.39	13.86	14.18	1
3491	ＧＡ　ｔｅｃｈｎｏｌｏｇｉｅｓ	グロース（内国株式）	8050	不動産業	17	不動産	-	-	1282.0	1.01	13.0	0.99	13.0	1.01	配当あり	いいえ	14.54	1.56	526.3	2320.0	1214.0	Communication Services			OK	通常掲載可	OK	248947.0	2.85	31.11	37.43	0.93	13702.0	88.2	14.74	10.73	
3494	マリオン	スタンダード（内国株式）	8050	不動産業	17	不動産	-	-	415.0	1.45	6.0	1.44	6.0	1.45	配当あり	いいえ	7.09	0.64	32.5	471.0	317.0	Real Estate			OK	通常掲載可	OK	3254.5	26.89	13.14	25.37	1.75	853.9	58.52	10.25	15.41	4
3495	香陵住販	スタンダード（内国株式）	8050	不動産業	17	不動産	-	-	2251.0	2.93	66.0	2.89	66.0	2.93	配当あり	いいえ	7.16	0.9	62.2	2629.0	2240.0	Real Estate			OK	通常掲載可	OK	11532.9	9.29	14.92	34.75	1.2	-717.4	314.46	20.99	14.59	7
3496	アズーム	プライム（内国株式）	8050	不動産業	17	不動産	7	TOPIX Small 2	4790.0	2.63	126.0	2.69	126.0	2.63	配当あり	いいえ	28.37	9.36	590.9	6230.0	3915.0	Real Estate			OK	通常掲載可	OK	13479.9	19.39	27.87	76.76	0.01	1609.1	168.84	74.63	34.61	4
3498	霞ヶ関キャピタル	プライム（内国株式）	8050	不動産業	17	不動産	6	TOPIX Small 1	7550.0	2.19	165.0	2.13	165.0	2.19	配当あり	いいえ	12.79	2.47		10880.0	5510.0	Industrials			OK	通常掲載可	OK	96501.0	19.62	46.91	30.09	1.88	245.0	590.41	27.95	20.14	3
3501	ＳＵＭＩＮＯＥ	プライム（内国株式）	3100	繊維製品	4	素材・化学	-	-	1171.0	3.59	42.0	3.55	42.0	3.59	配当あり	いいえ		0.47	155.3	1447.0	1041.0	Consumer Cyclical			OK	通常掲載可	OK	107633.0	2.21	2.71	36.18	0.64	3516.0	-25.66		1.28	2
350A	デジタルグリッド	グロース（内国株式）	4050	電気・ガス業	11	電力・ガス	-	-	681.0						配当未取得		15.29	2.7	284.8	1050.0	656.0	Utilities	配当未取得	1株配当が取得できていない	除外推奨	掲載非推奨	OK_配当データ要確認	6153.6	44.57	75.07	46.46	0.19	190.5	44.54		21.66	
3512	日本フエルト	スタンダード（内国株式）	3100	繊維製品	4	素材・化学	-	-	1016.0	2.76	28.0	2.69	28.0	2.76	配当あり	いいえ	32.68	0.73	169.8	1100.0	573.0	Industrials			OK	通常掲載可	OK	9398.4	4.71	-3.1	79.9	0.04	-135.3	31.09	90.06	2.96	0
3513	イチカワ	スタンダード（内国株式）	3100	繊維製品	4	素材・化学	-	-	3665.0	2.73	100.0	2.73	100.0	2.73	配当あり	いいえ	13.3	0.61	154.2	4285.0	1939.0	Basic Materials			OK	通常掲載可	OK	14791.0	10.61	6.05	75.02	0.04	282.0	275.61	36.28	5.5	1
3521	テルマー湯ホールディングス	スタンダード（内国株式）	9050	サービス業	10	情報通信・サービスその他	-	-	158.0	3.16	5.0	3.16	5.0	3.16	配当あり	いいえ	26.12	0.86	41.8	188.0	141.0	Real Estate			OK	通常掲載可	OK	2694.3	11.38	36.04	82.79	0.08	355.4	6.05	82.64	3.55	
3524	日東製網	スタンダード（内国株式）	3100	繊維製品	4	素材・化学	-	-	1479.0	3.38	50.0	3.38	50.0	3.38	配当あり	いいえ	5.64	0.47	38.4	1639.0	1400.0	Consumer Cyclical			OK	通常掲載可	OK	22104.1	2.51	2.33	25.32	2.17	-1349.6	262.29	19.06	8.57	0
3529	アツギ	スタンダード（内国株式）	3100	繊維製品	4	素材・化学	-	-	1035.0						配当未取得			0.52	165.7	1277.0	809.0	Consumer Cyclical	配当未取得	1株配当が取得できていない	除外推奨	掲載非推奨	OK_配当データ要確認	21469.0	-4.75	-1.88	80.23	0.01	-1846.0	-68.72		-3.89	0
352A	ＬＯＩＶＥ	グロース（内国株式）	9050	サービス業	10	情報通信・サービスその他	-	-	536.0						配当未取得		53.76	3.05	69.4	1212.0	430.0	Consumer Cyclical	配当未取得	1株配当が取得できていない	除外推奨	掲載非推奨	OK_配当データ要確認	8492.0	11.83	36.58	20.74	2.07	-300.5	9.97		16.41	
3536	アクサスホールディングス	スタンダード（内国株式）	6100	小売業	14	小売	-	-	128.0	1.56	2.0	1.56	2.0	1.56	配当あり	いいえ	12.86	1.58	38.8	180.0	125.0	Consumer Defensive			OK	通常掲載可	OK	12134.2	1.36	3.55	14.02	5.5	-2109.5	9.95	20.1	23.31	0
3537	昭栄薬品	スタンダード（内国株式）	6050	卸売業	13	商社・卸売	-	-	1725.0	2.38	41.0	2.35	41.0	2.38	配当あり	いいえ	10.7	0.61	59.1	1900.0	1500.0	Basic Materials			OK	通常掲載可	OK	26921.7	1.87	7.63	52.88	0.02	101.4	161.29	25.42	6.76	2
3538	ウイルプラスホールディングス	スタンダード（内国株式）	6100	小売業	14	小売	-	-	1020.0	5.26	53.67	5.16	53.67	5.26	配当あり	いいえ	8.53	0.79	92.8	1088.0	878.0	Consumer Cyclical			OK	通常掲載可	OK	88614.3	2.09	85.6	29.11	1.53	-1625.5	119.54	44.9	9.46	2
3539	ＪＭホールディングス	プライム（内国株式）	6100	小売業	14	小売	7	TOPIX Small 2	1468.0	1.77	26.0	1.78	26.0	1.77	配当あり	いいえ	15.01	1.52	748.1	1827.0	1188.0	Consumer Defensive			OK	通常掲載可	OK	172331.0	5.31	11.31	61.07	0.22	6857.0	97.77	26.59	10.31	4
3542	ベガコーポレーション	グロース（内国株式）	6100	小売業	14	小売	-	-	1559.0	1.15	18.0	1.15	18.0	1.15	配当あり	いいえ	18.55	6.86	165.8	2311.0	1190.0	Consumer Cyclical			OK	通常掲載可	OK	18129.7	7.46	13.77	77.07	0.0	318.2	84.03	21.42	25.39	1
3543	コメダホールディングス	プライム（内国株式）	6050	卸売業	13	商社・卸売	6	TOPIX Small 1	2830.0	2.19	62.0	2.2	62.0	2.19	配当あり	いいえ	inf	2.56	1287.9	3170.0	2672.0	Consumer Cyclical			OK	通常掲載可	OK	57225.0	16.47	21.61	45.17	0.86	9774.0	0.0		13.85	2
3544	サツドラホールディングス	スタンダード（内国株式）	6100	小売業	14	小売	-	-	1247.0	0.96	12.0	1.48	12.0	0.96	配当あり	いいえ	39.5	1.73	171.8	1328.0	791.0	Healthcare			OK	通常掲載可	OK	100571.0	1.45	0.4	22.38	1.51	-341.0	31.57	38.01	1.48	0
3546	アレンザホールディングス	プライム（内国株式）	6100	小売業	14	小売	7	TOPIX Small 2							配当未取得								yfinanceデータなし	yfinanceで株価・配当データが取得できなかった	除外推奨	掲載非推奨	データなし										
3547	ユニシアホールディングス	スタンダード（内国株式）	6100	小売業	14	小売	7	TOPIX Small 2	1964.0	0.76	15.0	0.77	15.0	0.76	配当あり	いいえ	40.16	2.89	213.0	2576.0	1440.0	Consumer Cyclical			OK	通常掲載可	OK	21091.5	5.62	25.07	42.25	0.46	1176.7	48.9	30.67	9.66	1
3548	バロックジャパンリミテッド	プライム（内国株式）	6100	小売業	14	小売	7	TOPIX Small 2	635.0	5.98	38.0	5.84	38.0	5.98	配当あり	いいえ	63.69	1.71	229.1	818.0	635.0	Consumer Cyclical			OK	通常掲載可	OK	51499.0	0.62	-11.48	45.12	0.54	-422.0	9.97	381.14	-0.34	0
3549	クスリのアオキホールディングス	プライム（内国株式）	6100	小売業	14	小売	4	TOPIX Mid400	3711.0	1.72	64.0	1.74	64.0	1.72	配当あり	いいえ	20.98	2.5	3524.1	4815.0	3351.0	Healthcare			OK	通常掲載可	OK	566865.0	4.78	13.04	34.32	1.06	2791.0	176.88	36.18	11.95	11
3550	スタジオアタオ	グロース（内国株式）	6100	小売業	14	小売	-	-	224.0	2.23	5.0	2.26	5.0	2.23	配当あり	いいえ	20.2	1.23	31.0	243.0	185.0	Consumer Cyclical			OK	通常掲載可	OK	4126.3	5.8	11.64	81.27	0.0	276.4	11.09	45.09	-8.41	0
3551	ダイニック	スタンダード（内国株式）	3100	繊維製品	4	素材・化学	-	-	1553.0	2.96	46.0	2.94	46.0	2.96	配当あり	いいえ	5.17	0.41	124.3	1656.0	936.0	Industrials			OK	通常掲載可	OK	44227.2	5.21	0.35	48.26	0.6	761.3	300.19	15.32	9.92	1
3553	共和レザー	スタンダード（内国株式）	3200	化学	4	素材・化学	-	-	893.0	5.82	52.0	5.84	52.0	5.82	配当あり	いいえ	32.44	0.59	212.8	1212.0	831.0	Basic Materials			OK	通常掲載可	OK	55816.0	1.66	-1.03	63.64	0.03	-4241.0	27.53	188.88	2.08	2
3556	リネットジャパングループ	グロース（内国株式）	6100	小売業	14	小売	-	-	782.0						配当未取得		16.0	7.01	114.6	1297.0	718.0	Consumer Cyclical	配当未取得	1株配当が取得できていない	除外推奨	掲載非推奨	OK_配当データ要確認	10412.1	2.89	-10.83	14.42	4.64	-253.9	48.88		66.67	
3557	ユナイテッド＆コレクティブ	グロース（内国株式）	6100	小売業	14	小売	-	-	500.0						配当未取得			4.75	24.8	1004.0	499.0	Consumer Cyclical	配当未取得	1株配当が取得できていない	除外推奨	掲載非推奨	OK_配当データ要確認	6460.7	-0.25	-0.48	13.54	4.9	-177.9	-52.25		-55.17	
3558	ジェイドグループ	グロース（内国株式）	6100	小売業	14	小売	-	-	1865.0	1.61	30.0	1.6	30.0	1.61	配当あり	いいえ	12.3	2.48	193.4	2329.0	1243.0	Consumer Cyclical			OK	通常掲載可	OK	19441.5	12.36	1.09	48.25	0.06	1422.5	151.66	19.78	23.17	
3559	ピーバンドットコム	スタンダード（内国株式）	6050	卸売業	13	商社・卸売	-	-	452.0	2.21	10.0	2.19	10.0	2.21	配当あり	いいえ	20.03	1.51	21.3	595.0	375.0	Technology			OK	通常掲載可	OK	2311.9	8.24	6.02	78.99		130.7	22.57	44.31	7.26	1
3560	ほぼ日	スタンダード（内国株式）	6100	小売業	14	小売	-	-	5130.0	1.75	90.0	1.75	90.0	1.75	配当あり	いいえ	12.87	2.13	119.1	5230.0	3000.0	Consumer Cyclical			OK	通常掲載可	OK	8677.9	7.11	15.17	70.74	0.0	-218.9	398.6	22.58	14.54	1
3561	力の源ホールディングス	プライム（内国株式）	6100	小売業	14	小売	7	TOPIX Small 2	1390.0	1.73	24.0	1.69	24.0	1.73	配当あり	いいえ	22.86	3.48	418.5	1749.0	1315.0	Consumer Cyclical			OK	通常掲載可	OK	36261.8	6.41	6.13	60.35	0.17	1336.0	60.8	39.47	12.01	0
3562	Ｎｏ．１	スタンダード（内国株式）	6050	卸売業	13	商社・卸売	-	-	1584.0	4.99	79.0	5.0	79.0	4.99	配当あり	いいえ	15.17	2.56	104.0	2548.0	1421.0	Industrials			OK	通常掲載可	OK	17529.9	7.59	23.37	31.3	1.23	431.2	104.39	75.68	16.48	1
3563	ＦＯＯＤ　＆　ＬＩＦＥ　ＣＯＭＰＡＮＩＥＳ	プライム（内国株式）	6100	小売業	14	小売	4	TOPIX Mid400	5088.0	0.39	20.0	0.39	20.0	0.39	配当あり	いいえ	40.82	9.28	11563.5	6135.0	3122.0	Consumer Cyclical			OK	通常掲載可	OK	429574.0	8.4	18.95	24.55	2.23	35600.0	124.66	16.04	29.97	2
3565	アセンテック	スタンダード（内国株式）	6050	卸売業	13	商社・卸売	7	TOPIX Small 2	499.0	3.01	15.0	3.04	15.0	3.01	配当あり	いいえ	10.39	3.26	214.7	600.0	335.33	Technology			OK	通常掲載可	OK	17254.1	16.46	18.28	17.6		6519.3	48.05	31.22	35.13	2
3566	ユニフォームネクスト	グロース（内国株式）	6100	小売業	14	小売	-	-	720.0	0.83	6.0	0.83	6.0	0.83	配当あり	いいえ	14.15	1.78	72.8	1060.0	585.0	Consumer Cyclical			OK	通常掲載可	OK	9856.7	7.65	17.43	71.98	0.08	-178.0	50.9	11.79	15.19	1
3569	セーレン	プライム（内国株式）	3100	繊維製品	4	素材・化学	6	TOPIX Small 1	3300.0	2.3	76.0	2.31	76.0	2.3	配当あり	いいえ	12.5	1.17	1925.9	3665.0	2951.0	Consumer Cyclical			OK	通常掲載可	OK	171765.0	12.13	7.59	72.02	0.08	7332.0	263.97	28.79	10.56	4
3571	ソトー	スタンダード（内国株式）	3100	繊維製品	4	素材・化学	-	-	704.0	7.1	50.0	7.04	50.0	7.1	配当あり	いいえ	17.24	0.57	85.8	825.0	678.0	Consumer Cyclical			OK	通常掲載可	OK	10715.2	-2.14	6.69	75.33	0.03	-492.8	40.83	122.46	4.3	2
3577	東海染工	スタンダード（内国株式）	3100	繊維製品	4	素材・化学	-	-	917.0	2.73	25.0	2.71	25.0	2.73	配当あり	いいえ	14.33	0.35	28.9	1064.0	879.0	Consumer Cyclical			OK	通常掲載可	OK	13783.8	1.19	-3.93	52.89	0.23	244.0	64.01	39.06	3.18	1
3580	小松マテーレ	プライム（内国株式）	3100	繊維製品	4	素材・化学	7	TOPIX Small 2	732.0	3.83	28.0	3.76	28.0	3.83	配当あり	いいえ	19.34	0.69	274.6	929.0	681.0	Consumer Cyclical			OK	通常掲載可	OK	41563.0	6.02	5.15	76.52		1759.0	37.84	74.0	4.11	1
3583	オーベクス	スタンダード（内国株式）	3100	繊維製品	4	素材・化学	-	-	1361.0	2.57	35.0	2.57	35.0	2.57	配当あり	いいえ	6.51	0.51	37.3	1453.0	1125.0	Consumer Cyclical			OK	通常掲載可	OK	6015.3	10.23	-0.34	71.34	0.21	-113.9	209.05	16.74	6.59	1
3591	ワコールホールディングス	プライム（内国株式）	3100	繊維製品	4	素材・化学	4	TOPIX Mid400	3709.0	2.7	100.0	2.71	100.0	2.7	配当あり	いいえ	14.08	0.86	1833.6	5842.0	3621.0	Consumer Cyclical			OK	通常掲載可	OK	171510.0	11.59	-1.37	71.7	0.12	4358.0	263.34	37.97	0.36	0
3597	自重堂	スタンダード（内国株式）	3100	繊維製品	4	素材・化学	-	-	8920.0	5.61	500.0	5.58	500.0	5.61	配当あり	いいえ	18.0	0.66	257.1	10440.0	8720.0	Consumer Cyclical			OK	通常掲載可	OK	16863.6	15.48	-4.95	92.1		3798.2	495.49	100.91	3.72	1
3598	山喜	スタンダード（内国株式）	3100	繊維製品	4	素材・化学	-	-	158.0						配当未取得			0.66	22.4	181.0	152.0	Consumer Cyclical	配当未取得	1株配当が取得できていない	除外推奨	掲載非推奨	OK_配当データ要確認	9906.0	-3.13	-8.06	32.55	1.34	-580.6	-71.8		-25.84	0
3600	フジックス	スタンダード（内国株式）	3100	繊維製品	4	素材・化学	-	-	1800.0	2.78	50.0	2.78	50.0	2.78	配当あり	いいえ		0.24	24.8	1800.0	1578.0	Consumer Cyclical			OK	通常掲載可	OK	5474.6	-4.06	-3.04	78.67		15.5	-89.82		-0.61	0
3607	クラウディアホールディングス	スタンダード（内国株式）	3100	繊維製品	4	素材・化学	-	-	357.0	2.8	10.0	2.76	10.0	2.8	配当あり	いいえ	5.38	0.66	32.4	414.0	308.0	Consumer Cyclical			OK	通常掲載可	OK	13591.2	2.96	2.81	31.43	1.45	305.3	66.4	15.06	13.18	0
3608	ＴＳＩホールディングス	プライム（内国株式）	3100	繊維製品	4	素材・化学	6	TOPIX Small 1	1207.0	5.8	70.0	5.79	70.0	5.8	配当あり	いいえ	19.96	0.73	687.6	1539.0	939.0	Consumer Cyclical			OK	通常掲載可	OK	167085.0	2.59	6.69	57.01	0.45	-12624.0	60.47	115.76	3.67	3
3611	マツオカコーポレーション	スタンダード（内国株式）	3100	繊維製品	4	素材・化学	-	-	2400.0	4.79	115.0	4.75	115.0	4.79	配当あり	いいえ	8.77	0.63	252.0	2730.0	2038.0	Consumer Cyclical			OK	通常掲載可	OK	74251.0	2.93	5.2	53.13	0.36	3039.0	273.6	42.03	8.94	2
3612	ワールド	プライム（内国株式）	3100	繊維製品	4	素材・化学	6	TOPIX Small 1	1563.0	4.29	67.0	4.29	67.0	4.29	配当あり	いいえ	9.11	1.2	1191.0	1728.0	1324.0	Consumer Cyclical			OK	通常掲載可	OK	284014.0	6.63	25.86	33.8	1.37	27804.0	171.62	39.04	13.57	3
3622	ネットイヤーグループ	スタンダード（内国株式）	5250	情報・通信業	10	情報通信・サービスその他	-	-	495.0	1.41	7.0	1.41	7.0	1.41	配当あり	いいえ	19.96	1.72	34.6	695.0	478.0	Communication Services			OK	通常掲載可	OK	3672.5	9.04	8.72	80.9		106.1	24.8	28.23	10.38	0
3623	ビリングシステム	グロース（内国株式）	5250	情報・通信業	10	情報通信・サービスその他	-	-	1291.0	2.52	32.5	2.54	32.5	2.52	配当あり	いいえ	15.58	2.52	80.5	1320.0	959.0	Technology			OK	通常掲載可	OK	4546.7	14.24	7.79	10.39		4163.9	82.88	39.21	16.92	3
3624	アクセルマーク	グロース（内国株式）	5250	情報・通信業	10	情報通信・サービスその他	-	-	85.0						配当未取得			5.03	55.5	121.0	48.0	Communication Services	配当未取得	1株配当が取得できていない	除外推奨	掲載非推奨	OK_配当データ要確認	973.6	-53.44	-38.55	60.7	0.47	-491.0	-52.53			
3625	テックファームホールディングス	グロース（内国株式）	5250	情報・通信業	10	情報通信・サービスその他	-	-	731.0	2.19	16.0	2.17	16.0	2.19	配当あり	いいえ	10.56	1.65	52.0	845.0	520.0	Technology			OK	通常掲載可	OK	5072.5	4.72	-12.09	55.98	0.49	-23.2	69.24	23.11	16.74	1
3626	ＴＩＳ	プライム（内国株式）	5250	情報・通信業	10	情報通信・サービスその他	4	TOPIX Mid400	3948.0	2.28	90.0	2.29	90.0	2.28	配当あり	いいえ	19.27	2.83	8284.0	5399.0	2892.5	Technology			OK	通常掲載可	OK	596479.0	12.78	4.34	58.88	0.12	53430.0	204.91	43.92	15.43	12
3627	テクミラホールディングス	スタンダード（内国株式）	5250	情報・通信業	10	情報通信・サービスその他	-	-	272.0	2.21	6.0	2.19	6.0	2.21	配当あり	いいえ		0.55	32.8	335.0	243.0	Technology			OK	通常掲載可	OK	10405.1	0.71	-6.81	56.93	0.5	-429.5	-4.95		-0.36	0
3628	データホライゾン	グロース（内国株式）	5250	情報・通信業	10	情報通信・サービスその他	-	-	717.0						配当未取得		33.92	45.73	91.0	747.0	422.0	Healthcare	配当未取得	1株配当が取得できていない	除外推奨	掲載非推奨	OK_配当データ要確認	5141.1	0.45	2.68	7.01	11.1	-1035.5	21.14		134.82	3
3632	グリーホールディングス	プライム（内国株式）	5250	情報・通信業	10	情報通信・サービスその他	7	TOPIX Small 2	422.0	5.21	22.0	5.26	22.0	5.21	配当あり	いいえ	17.71	0.76	725.2	439.0	357.0	Communication Services			OK	通常掲載可	OK	57111.0	8.51	-6.85	70.38	0.27	668.0	23.83	92.32	4.07	0
3633	ＧＭＯペパボ	スタンダード（内国株式）	5250	情報・通信業	10	情報通信・サービスその他	7	TOPIX Small 2	2699.0	13.78	372.0	13.98	372.0	13.78	配当あり	いいえ	8.84	4.22	139.2	2749.0	1556.0	Technology	高利回り要確認	1株配当が株価の10%以上 / 配当利回りが8%以上	要確認	手動確認後に掲載	OK_高利回り要確認	10959.1	8.51	0.33	24.72	0.31	1265.4	305.26	121.86	54.77	1
3634	ソケッツ	スタンダード（内国株式）	5250	情報・通信業	10	情報通信・サービスその他	-	-	598.0	1.0	6.0	1.01	6.0	1.0	配当あり	いいえ	16.84	1.81	14.6	1101.0	536.0	Technology			OK	通常掲載可	OK	1060.1	4.95	1.95	68.3		83.3	35.52	16.89	-33.7	0
3635	コーエーテクモホールディングス	プライム（内国株式）	5250	情報・通信業	10	情報通信・サービスその他	4	TOPIX Mid400	1653.5	2.9	48.0	2.92	48.0	2.9	配当あり	いいえ	12.48	1.97	5526.6	2175.0	1417.5	Communication Services			OK	通常掲載可	OK	88393.0	42.05	6.31	86.89	0.0	8950.0	132.45	36.24	20.6	2
3636	三菱総合研究所	プライム（内国株式）	5250	情報・通信業	10	情報通信・サービスその他	6	TOPIX Small 1	4840.0	3.51	170.0	3.52	170.0	3.51	配当あり	いいえ	7.63	0.99	762.8	5360.0	4375.0	Technology			OK	通常掲載可	OK	121458.0	6.6	5.28	56.14	0.01	25.0	634.52	26.79	10.79	4
3639	ボルテージ	スタンダード（内国株式）	5250	情報・通信業	10	情報通信・サービスその他	-	-	234.0						配当未取得			0.68	15.2	310.0	198.0	Communication Services	配当未取得	1株配当が取得できていない	除外推奨	掲載非推奨	OK_配当データ要確認	3456.7	-2.73	-18.81	76.69	0.05	-418.0	-12.59		-3.6	0
3640	電算	スタンダード（内国株式）	5250	情報・通信業	10	情報通信・サービスその他	-	-	2705.0	3.7	100.0	3.66	100.0	3.7	配当あり	いいえ	3.44	0.95	150.1	3940.0	2200.0	Technology			OK	通常掲載可	OK	27987.3	22.5	49.34	63.39	0.14	3829.2	786.88	12.71	33.08	0
3641	パピレス	スタンダード（内国株式）	5250	情報・通信業	10	情報通信・サービスその他	-	-	997.0	1.0	10.0	1.0	10.0	1.0	配当あり	いいえ		0.97	77.3	1121.0	901.0	Communication Services			OK	通常掲載可	OK	14740.0	0.87	-6.52	67.16	0.0	418.0	-0.5		-1.73	0
3645	メディカルネット	グロース（内国株式）	5250	情報・通信業	10	情報通信・サービスその他	-	-	256.0	1.17	3.0	1.16	3.0	1.17	配当あり	いいえ	17.3	1.19	23.7	321.0	225.0	Communication Services			OK	通常掲載可	OK	6732.0	2.85	10.76	43.64	0.71	89.5	14.8	20.27	8.46	0
3646	駅探	スタンダード（内国株式）	5250	情報・通信業	10	情報通信・サービスその他	-	-	344.0	2.33	8.0	2.33	8.0	2.33	配当あり	いいえ		1.4	16.3	442.0	298.0	Communication Services			OK	通常掲載可	OK	2992.8	-0.56	-14.48	65.15	0.17	-75.3	-78.09		-24.96	0
3647	アスリナ	スタンダード（内国株式）	5250	情報・通信業	10	情報通信・サービスその他	-	-	115.0						配当未取得			3.02	24.6	239.0	106.0	Utilities	配当未取得	1株配当が取得できていない	除外推奨	掲載非推奨	OK_配当データ要確認	606.5	-49.4	134.07	56.72	0.04	276.6	-17.6		-40.02	0
3648	ＡＧＳ	スタンダード（内国株式）	5250	情報・通信業	10	情報通信・サービスその他	-	-	1040.0	3.46	36.0	3.44	36.0	3.46	配当あり	いいえ	9.04	1.08	173.5	1595.0	996.0	Technology			OK	通常掲載可	OK	28622.4	8.56	15.12	68.18	0.08	1648.7	115.02	31.3	11.71	3
3649	ファインデックス	プライム（内国株式）	5250	情報・通信業	10	情報通信・サービスその他	7	TOPIX Small 2	865.0	3.12	27.0	3.19	27.0	3.12	配当あり	いいえ	18.35	3.74	211.3	1011.0	717.0	Healthcare			OK	通常掲載可	OK	6109.9	29.3	4.6	79.92	0.0	1355.7	47.14	57.28	20.17	5
3652	ディジタルメディアプロフェッショナル	グロース（内国株式）	5250	情報・通信業	10	情報通信・サービスその他	-	-	3245.0						配当未取得			3.19	102.1	3925.0	1940.0	Technology	配当未取得	1株配当が取得できていない	除外推奨	掲載非推奨	OK_配当データ要確認	2432.8	-12.79	-20.96	85.26		-722.7	-104.16		-10.41	
3653	モルフォ	グロース（内国株式）	5250	情報・通信業	10	情報通信・サービスその他	-	-	970.0						配当未取得			1.83	50.1	1679.0	557.0	Technology	配当未取得	1株配当が取得できていない	除外推奨	掲載非推奨	OK_配当データ要確認	3359.6	1.36	1.78	87.3		-226.1	-108.12		-24.92	
3656	ＫＬａｂ	プライム（内国株式）	5250	情報・通信業	10	情報通信・サービスその他	7	TOPIX Small 2	180.0						配当未取得		11.48	1.28	149.7	446.0	171.0	Communication Services	配当未取得	1株配当が取得できていない	除外推奨	掲載非推奨	OK_配当データ要確認	6856.3	-19.02	-17.46	77.63	0.02	-2476.1	15.68		4.82	
3657	ポールトゥウィンホールディングス	プライム（内国株式）	5250	情報・通信業	10	情報通信・サービスその他	7	TOPIX Small 2	351.0	4.56	16.0	4.52	16.0	4.56	配当あり	いいえ		1.48	124.1	396.0	281.0	Technology			OK	通常掲載可	OK	48837.7	-0.49	-6.49	37.7	0.9	-430.1	-74.45		-26.86	0
3659	ネクソン	プライム（内国株式）	5250	情報・通信業	10	情報通信・サービスその他	4	TOPIX Mid400	2656.5	2.26	60.0	2.28	60.0	2.26	配当あり	いいえ	15.41	1.93	20690.9	4434.0	2110.0	Communication Services			OK	通常掲載可	OK	475102.0	26.1	6.47	74.99	0.05	93282.0	172.41	34.8	12.52	2
365A	伊澤タオル	スタンダード（内国株式）	3100	繊維製品	4	素材・化学	-	-	786.0	5.34	42.0	5.29	42.0	5.34	配当あり	いいえ	11.16	2.0	71.5	820.0	561.0	Consumer Cyclical			OK	通常掲載可	OK	10283.2	5.65	4.66	48.8	0.74	302.6	70.43	59.63	17.92	
3660	アイスタイル	プライム（内国株式）	5250	情報・通信業	10	情報通信・サービスその他	6	TOPIX Small 1	496.0	0.81	4.0	0.84	4.0	0.81	配当あり	いいえ	20.08	2.1	483.5	569.0	355.0	Consumer Cyclical			OK	通常掲載可	OK	68768.0	4.6	22.61	48.72	0.52	572.0	24.7	16.19	14.85	0
3661	エムアップホールディングス	プライム（内国株式）	5250	情報・通信業	10	情報通信・サービスその他	6	TOPIX Small 1	821.0	2.92	24.0	2.98	24.0	2.92	配当あり	いいえ	19.61	6.76	573.6	1052.5	590.0	Communication Services			OK	通常掲載可	OK	31715.0	15.77	23.01	29.69		6984.0	41.86	57.33	33.45	4
3662	エイチームホールディングス	プライム（内国株式）	5250	情報・通信業	10	情報通信・サービスその他	7	TOPIX Small 2	952.0	2.94	28.0	2.94	28.0	2.94	配当あり	いいえ	54.65	2.02	176.9	1291.0	885.0	Communication Services			OK	通常掲載可	OK	23917.0	85.17	-13.19	62.68	0.25	748.0	17.42	160.73	4.36	0
3663	セルシス	プライム（内国株式）	5250	情報・通信業	10	情報通信・サービスその他	7	TOPIX Small 2	1802.0	2.33	42.0	2.36	42.0	2.33	配当あり	いいえ	22.93	9.83	534.6	2114.0	1242.0	Technology			OK	通常掲載可	OK	9471.6	31.33	32.6	54.79		1689.9	78.57	53.46	27.96	10
3664	ＷＩＺＥ	グロース（内国株式）	5250	情報・通信業	10	情報通信・サービスその他	-	-	25.0						配当未取得			1.91	25.4	75.0	20.0	Communication Services	配当未取得	1株配当が取得できていない	除外推奨	掲載非推奨	OK_配当データ要確認	2808.1	-11.67	-8.56	41.08	0.93	-374.9	-8.23		-69.24	
3665	エニグモ	プライム（内国株式）	5250	情報・通信業	10	情報通信・サービスその他	7	TOPIX Small 2	415.0	2.41	10.0	2.43	10.0	2.41	配当あり	いいえ	70.46	1.69	158.2	525.0	340.0	Consumer Cyclical			OK	通常掲載可	OK	6295.9	0.75	6.19	76.9	0.01	46.9	5.89	169.78	2.13	0
3667	ｅｎｉｓｈ	スタンダード（内国株式）	5250	情報・通信業	10	情報通信・サービスその他	-	-	28.0						配当未取得			1.62	15.2	108.0	25.0	Communication Services	配当未取得	1株配当が取得できていない	除外推奨	掲載非推奨	OK_配当データ要確認	2170.1	-39.48	-34.58	48.1	0.43	-876.6	-36.38		-124.03	
3668	コロプラ	プライム（内国株式）	5250	情報・通信業	10	情報通信・サービスその他	6	TOPIX Small 1	424.0	4.72	20.0	4.42	20.0	4.72	配当あり	いいえ	161.22	0.81	545.1	484.0	347.0	Communication Services			OK	通常掲載可	OK	25933.0	3.86	-0.16	91.01	0.0	2528.0	2.63	760.46	2.55	0
366A	ウェルネス・コミュニケーションズ	グロース（内国株式）	9050	サービス業	10	情報通信・サービスその他	-	-	1175.0	3.4	40.0	3.32	40.0	3.4	配当あり	いいえ	17.7	2.63	146.4	1597.5	899.0	Healthcare			OK	通常掲載可	OK	14778.4	8.03	5.13	59.95	0.25	866.7	66.39	60.25	17.7	
3670	協立情報通信	スタンダード（内国株式）	5250	情報・通信業	10	情報通信・サービスその他	-	-	1654.0	3.93	65.0	4.19	65.0	3.93	配当あり	いいえ	6.94	1.08	19.8	3750.0	1503.0	Technology			OK	通常掲載可	OK	5140.3	9.24	14.84	62.95	0.0	502.4	238.39	27.27	15.56	
3671	ソフトマックス	スタンダード（内国株式）	5250	情報・通信業	10	情報通信・サービスその他	-	-	315.0	3.17	10.0	3.3	10.0	3.17	配当あり	いいえ	14.62	1.93	75.8	416.0	270.0	Healthcare			OK	通常掲載可	OK	6928.6	10.69	27.62	43.0	0.63	359.3	21.54	46.43	13.62	1
3672	オルトプラス	スタンダード（内国株式）	5250	情報・通信業	10	情報通信・サービスその他	-	-	29.0						配当未取得			1.93	26.1	73.0	25.0	Communication Services	配当未取得	1株配当が取得できていない	除外推奨	掲載非推奨	OK_配当データ要確認	2897.8	-16.13	-17.6	57.8	0.0	-575.3	-9.43		-61.39	
3673	ブロードリーフ	プライム（内国株式）	5250	情報・通信業	10	情報通信・サービスその他	6	TOPIX Small 1	471.0	1.7	8.0	1.7	8.0	1.7	配当あり	いいえ	47.38	3.39	853.4	540.0	286.0	Technology			OK	通常掲載可	OK	20815.3	9.91	15.35	58.59	0.18	2445.8	9.94	80.48	7.35	2
3674	オークファン	グロース（内国株式）	5250	情報・通信業	10	情報通信・サービスその他	-	-	331.0						配当未取得			0.85	34.8	359.0	308.0	Communication Services	配当未取得	1株配当が取得できていない	除外推奨	掲載非推奨	OK_配当データ要確認	4657.0	-4.32	-3.79	57.77	0.32	-7.7	-38.38		-6.99	
3675	クロス・マーケティンググループ	スタンダード（内国株式）	5250	情報・通信業	10	情報通信・サービスその他	-	-	592.0	2.7	16.0	2.7	16.0	2.7	配当あり	いいえ	14.39	1.33	110.5	693.0	538.0	Communication Services			OK	通常掲載可	OK	28896.6	8.73	10.36	48.62	0.53	1711.3	41.14	38.89	9.73	7
3676	デジタルハーツホールディングス	プライム（内国株式）	5250	情報・通信業	10	情報通信・サービスその他	7	TOPIX Small 2	1051.0	2.57	27.0	2.57	27.0	2.57	配当あり	いいえ	19.8	2.38	234.4	1060.0	680.0	Technology			OK	通常掲載可	OK	38928.7	6.75	-2.06	44.72	0.59	2444.6	53.08	50.87	11.39	1
3678	メディアドゥ	プライム（内国株式）	5250	情報・通信業	10	情報通信・サービスその他	7	TOPIX Small 2	1189.0	3.36	40.0	3.35	40.0	3.36	配当あり	いいえ	9.96	0.97	180.5	1946.0	1189.0	Communication Services			OK	通常掲載可	OK	108537.0	2.26	6.5	33.47	0.14	1906.0	119.38	33.51	6.23	1
3679	じげん	プライム（内国株式）	5250	情報・通信業	10	情報通信・サービスその他	7	TOPIX Small 2	431.0	3.13	13.5	3.13	13.5	3.13	配当あり	いいえ	10.37	1.92	428.0	549.0	371.0	Communication Services			OK	通常掲載可	OK	29221.0	20.24	14.82	55.5	0.21	6024.0	41.55	32.49	20.04	4
367A	プリモグローバルホールディングス	スタンダード（内国株式）	6100	小売業	14	小売	-	-	2910.0	4.12	120.0	4.11	120.0	4.12	配当あり	いいえ	12.36	1.25	254.5	3090.0	1821.0	Consumer Cyclical			OK	通常掲載可	OK	28002.0	11.19	12.46	39.28	1.0	3864.0	235.43	50.97	10.11	
3680	ホットリンク	グロース（内国株式）	5250	情報・通信業	10	情報通信・サービスその他	-	-	204.0	3.04	6.2	3.01	6.2	3.04	配当あり	いいえ		0.8	31.2	291.0	192.0	Technology			OK	通常掲載可	OK	3651.1	-50.21	-14.45	67.27	0.24	-172.7	-106.83		-35.98	
3681	ブイキューブ	プライム（内国株式）	5250	情報・通信業	10	情報通信・サービスその他	-	-							配当未取得								yfinanceデータなし	yfinanceで株価・配当データが取得できなかった	除外推奨	掲載非推奨	データなし										
3682	エンカレッジ・テクノロジ	スタンダード（内国株式）	5250	情報・通信業	10	情報通信・サービスその他	-	-	604.0	4.47	27.0	4.5	27.0	4.47	配当あり	いいえ	18.8	1.31	40.2	731.0	555.0	Technology			OK	通常掲載可	OK	2584.6	11.72	3.32	71.69		516.0	32.13	84.03	1.0	1
3683	サイバーリンクス	スタンダード（内国株式）	5250	情報・通信業	10	情報通信・サービスその他	-	-	1084.0	3.23	35.0	3.2	35.0	3.23	配当あり	いいえ	7.75	1.23	121.9	1529.0	940.0	Technology			OK	通常掲載可	OK	18136.0	10.18	14.28	57.89	0.39	399.0	139.84	25.03	17.43	2
3686	ディー・エル・イー	スタンダード（内国株式）	5250	情報・通信業	10	情報通信・サービスその他	-	-	58.0						配当未取得			1.98	25.2	157.0	56.0	Communication Services	配当未取得	1株配当が取得できていない	除外推奨	掲載非推奨	OK_配当データ要確認	1463.2	-40.67	-26.06	72.51	0.23	-721.5	-11.15		-47.34	
3687	フィックスターズ	プライム（内国株式）	5250	情報・通信業	10	情報通信・サービスその他	7	TOPIX Small 2	2293.0	0.83	19.0	0.85	19.0	0.83	配当あり	いいえ	42.02	8.14	740.7	3690.0	1186.0	Technology			OK	通常掲載可	OK	9617.7	26.81	20.29	83.55	0.01	1869.0	54.57	34.82	19.5	0
368A	北里コーポレーション	プライム（内国株式）	3750	精密機器	9	電機・精密	7	TOPIX Small 2	1406.0	2.92	41.0	2.87	41.0	2.92	配当あり	いいえ	14.45	2.83	562.4	1695.0	1155.0	Healthcare			OK	通常掲載可	OK	10947.0	53.52	6.26	93.22		3631.0	97.32	42.13	22.33	
3690	イルグルム	スタンダード（内国株式）	5250	情報・通信業	10	情報通信・サービスその他	-	-	543.0	1.29	7.0	1.28	7.0	1.29	配当あり	いいえ	103.04	1.83	33.9	665.0	510.0	Communication Services			OK	通常掲載可	OK	4934.7	5.65	35.71	51.76	0.41	422.3	5.27	132.83	2.65	5
3691	デジタルプラス	グロース（内国株式）	5250	情報・通信業	10	情報通信・サービスその他	-	-	1816.0						配当未取得			9.89	79.2	2470.0	1081.0	Communication Services	配当未取得	1株配当が取得できていない	除外推奨	掲載非推奨	OK_配当データ要確認	933.1	-5.68	11.29	25.31	1.61	-572.9	-16.53		7.65	
3692	ＦＦＲＩセキュリティ	グロース（内国株式）	5250	情報・通信業	10	情報通信・サービスその他	-	-	7590.0	0.24	18.0	0.27	18.0	0.24	配当あり	いいえ	48.78	15.98	600.3	13800.0	4395.0	Technology			OK	通常掲載可	OK	4348.8	31.37	43.08	64.25	0.0	1288.8	155.6	11.57	30.89	1
3694	オプティム	プライム（内国株式）	5250	情報・通信業	10	情報通信・サービスその他	7	TOPIX Small 2	472.0						配当未取得		23.3	2.73	257.2	612.0	380.0	Technology	配当未取得	1株配当が取得できていない	除外推奨	掲載非推奨	OK_配当データ要確認	11731.8	16.79	10.88	74.7	0.13	-93.9	20.26		12.8	
3695	ＧＭＯプロダクトプラットフォーム	グロース（内国株式）	5250	情報・通信業	10	情報通信・サービスその他	-	-	1648.0	17.2	283.44	16.56	283.44	17.2	配当あり	いいえ	15.29	2.92	72.6	2240.0	1403.0	Technology	異常値疑い / 配当異常値疑い	1株配当が株価の15%以上 / 配当利回りが15%以上	要確認	手動確認後に掲載	OK_異常値疑い	6818.2	5.0	35.66	25.75	0.27	960.8	107.78	262.98	19.51	0
3696	セレス	プライム（内国株式）	5250	情報・通信業	10	情報通信・サービスその他	7	TOPIX Small 2	2110.0	8.53	180.0	8.36	180.0	8.53	配当あり	いいえ	12.09	1.83	243.6	2593.0	1393.0	Industrials	高利回り要確認	配当利回りが8%以上	要確認	手動確認後に掲載	OK_高利回り要確認	29660.4	7.87	7.05	35.46	0.71	1183.5	174.5	103.15	16.58	2
3697	ＳＨＩＦＴ	プライム（内国株式）	5250	情報・通信業	10	情報通信・サービスその他	4	TOPIX Mid400	861.6	0.95	8.2	0.96	8.2	0.95	配当あり	いいえ	26.45	5.73	2202.3	1334.0	590.0	Technology			OK	通常掲載可	OK	129819.0	12.04	17.35	53.29	0.29	14174.0	32.57	25.18	17.23	
3698	ＣＲＩ・ミドルウェア	スタンダード（内国株式）	5250	情報・通信業	10	情報通信・サービスその他	-	-	1231.0	2.19	27.0	2.25	27.0	2.19	配当あり	いいえ	16.89	1.54	64.3	1401.0	899.0	Communication Services			OK	通常掲載可	OK	3448.6	16.08	8.88	69.44	0.25	829.3	72.88	37.05	9.62	2
369A	エータイ	グロース（内国株式）	9050	サービス業	10	情報通信・サービスその他	-	-	2773.0	1.95	54.0	2.01	54.0	1.95	配当あり	いいえ	30.21	3.61	117.7	3975.0	1936.0	Industrials			OK	通常掲載可	OK	2929.2	24.35	23.27	81.47	0.0	746.3	91.8	58.82	11.95	
3708	特種東海製紙	プライム（内国株式）	3150	パルプ・紙	4	素材・化学	7	TOPIX Small 2	2148.0	4.38	94.0	4.26	94.0	4.38	配当あり	いいえ	17.25	0.89	731.1	2272.0	1438.0	Basic Materials			OK	通常掲載可	OK	95413.0	4.5	0.65	59.06	0.32	1472.0	124.53	75.48	5.45	0
3710	ジョルダン	スタンダード（内国株式）	5250	情報・通信業	10	情報通信・サービスその他	-	-	641.0	3.12	20.0	3.12	20.0	3.12	配当あり	いいえ	9.2	0.67	32.7	793.0	560.0	Technology			OK	通常掲載可	OK	2834.3	1.61	-3.21	83.3	0.0	248.6	69.68	28.7	8.62	0
3712	情報企画	スタンダード（内国株式）	5250	情報・通信業	10	情報通信・サービスその他	-	-	985.0	2.44	24.0	2.47	24.0	2.44	配当あり	いいえ	12.41	1.99	149.0	1360.0	827.0	Technology			OK	通常掲載可	OK	3843.5	39.99	6.39	82.6	0.0	432.8	79.39	30.23	17.51	4
3719	ＡＩストーム	スタンダード（内国株式）	5250	情報・通信業	10	情報通信・サービスその他	-	-	119.0	2.52	3.0	2.56	3.0	2.52	配当あり	いいえ	18.11	3.23	35.6	529.0	109.0	Industrials			OK	通常掲載可	OK	2653.6	10.37	86.51	40.67	0.61	-1233.7	6.57	45.66	17.84	
3723	日本ファルコム	グロース（内国株式）	5250	情報・通信業	10	情報通信・サービスその他	-	-	2590.0	0.39	10.0	0.37	10.0	0.39	配当あり	いいえ	16.89	2.33	255.6	3045.0	1301.0	Communication Services			OK	通常掲載可	OK	2613.0	51.31	3.5	94.62		1012.4	153.35	6.52	15.72	0
3726	フォーシーズＨＤ	スタンダード（内国株式）	6100	小売業	14	小売	-	-	336.0						配当未取得			2.24	44.1	550.0	314.0	Consumer Cyclical	配当未取得	1株配当が取得できていない	除外推奨	掲載非推奨	OK_配当データ要確認	2441.0	-6.77	8.12	55.54	0.47	-788.2	-47.95		-33.29	
3727	アプリックス	グロース（内国株式）	5250	情報・通信業	10	情報通信・サービスその他	-	-	166.0	1.2	2.0	1.21	2.0	1.2	配当あり	いいえ		1.09	72.4	258.0	121.0	Technology			OK	通常掲載可	OK	2873.9	-2.26	-22.48	66.78	0.19	196.8	-11.89		-6.05	0
372A	レント	スタンダード（内国株式）	9050	サービス業	10	情報通信・サービスその他	-	-	5680.0	4.14	235.0	4.15	235.0	4.14	配当あり	いいえ	7.49	1.09	219.7	6690.0	4765.0	Industrials			OK	通常掲載可	OK	52945.3	8.28	7.86	29.4	1.82	-1395.9	757.87	31.01	15.97	
3733	ソフトウェア・サービス	スタンダード（内国株式）	5250	情報・通信業	10	情報通信・サービスその他	-	-	11590.0	1.47	170.0	1.48	170.0	1.47	配当あり	いいえ	10.25	1.42	526.5	14790.0	9720.0	Healthcare			OK	通常掲載可	OK	42298.0	19.83	10.08	80.28	0.0	2663.0	1130.45	15.04	14.95	4
373A	リップス	グロース（内国株式）	3200	化学	4	素材・化学	-	-	1516.0						配当未取得		7.54	0.99	39.2	3600.0	1455.0	Consumer Cyclical	配当未取得	1株配当が取得できていない	除外推奨	掲載非推奨	OK_配当データ要確認	4409.6	21.53	17.25	88.8		663.1	201.17		13.13	
3741	セック	プライム（内国株式）	5250	情報・通信業	10	情報通信・サービスその他	7	TOPIX Small 2	3245.0	1.91	62.0	1.92	62.0	1.91	配当あり	いいえ	21.88	3.29	331.3	4360.0	2245.0	Technology			OK	通常掲載可	OK	11220.2	16.75	8.98	82.94	0.0	1588.3	148.3	41.81	17.2	4
3744	サイオス	スタンダード（内国株式）	5250	情報・通信業	10	情報通信・サービスその他	-	-	467.0	1.07	5.0	1.06	5.0	1.07	配当あり	いいえ	11.92	2.02	40.5	633.0	405.0	Technology			OK	通常掲載可	OK	19059.8	2.11	-7.3	21.44	0.03	-19.0	39.18	12.76	18.82	0
3747	インタートレード	スタンダード（内国株式）	5250	情報・通信業	10	情報通信・サービスその他	-	-	408.0						配当未取得		156.32	2.48	29.3	1086.0	370.0	Financial Services	配当未取得	1株配当が取得できていない	除外推奨	掲載非推奨	OK_配当データ要確認	1836.5	-0.46	-0.68	72.62	0.21	-16.4	2.61		6.66	0
3750	ＡＤＲ１２０Ｓ	スタンダード（内国株式）	5250	情報・通信業	10	情報通信・サービスその他	-	-	798.0						配当未取得			-100.35	71.2	890.0	759.0	Healthcare	配当未取得	1株配当が取得できていない	除外推奨	掲載非推奨	OK_配当データ要確認	51.0	-1777.23	-58.28	5.98	0.0	-784.8	-44.13		-267.63	0
3753	フライトソリューションズ	スタンダード（内国株式）	5250	情報・通信業	10	情報通信・サービスその他	-	-	214.0						配当未取得			4.47	31.4	265.0	125.0	Technology	配当未取得	1株配当が取得できていない	除外推奨	掲載非推奨	OK_配当データ要確認	2927.5	-9.44	-4.43	38.61	0.62	-382.0	-19.86		-20.55	
3758	アエリア	スタンダード（内国株式）	5250	情報・通信業	10	情報通信・サービスその他	-	-	249.0	2.01	5.0	2.02	5.0	2.01	配当あり	いいえ	18.76	0.59	50.2	309.0	224.0	Communication Services			OK	通常掲載可	OK	16472.0	4.05	-14.01	40.29	0.89	-788.0	13.27	37.68	3.23	0
3760	ケイブ	スタンダード（内国株式）	5250	情報・通信業	10	情報通信・サービスその他	-	-	726.0	1.38	10.0	1.67	10.0	1.38	配当あり	いいえ		1.23	44.8	905.0	591.0	Communication Services			OK	通常掲載可	OK	12002.9	-5.07	-14.08	38.75	0.47	-1439.7	-462.39		-57.41	0
3762	テクマトリックス	プライム（内国株式）	5250	情報・通信業	10	情報通信・サービスその他	6	TOPIX Small 1	2504.0	2.56	64.0	2.58	64.0	2.56	配当あり	いいえ	19.27	3.83	1001.5	2558.0	1633.0	Technology			OK	通常掲載可	OK	71733.8	10.82	10.56	21.66	0.16	6033.9	129.96	49.25	18.75	5
3763	プロシップ	プライム（内国株式）	5250	情報・通信業	10	情報通信・サービスその他	7	TOPIX Small 2	2085.0	2.01	42.0	2.01	42.0	2.01	配当あり	いいえ	23.98	4.9	539.2	2520.0	1321.0	Technology			OK	通常掲載可	OK	8374.5	34.93	10.7	80.08		2054.3	86.94	48.31	25.14	2
3765	ガンホー・オンライン・エンターテイメント	プライム（内国株式）	5250	情報・通信業	10	情報通信・サービスその他	6	TOPIX Small 1	2421.0	3.72	90.0	3.7	90.0	3.72	配当あり	いいえ	53.51	1.1	1267.8	2734.0	2125.0	Communication Services			OK	通常掲載可	OK	93242.0	5.42	-10.0	72.59	0.0	-960.0	45.24	198.94	4.17	2
3766	システムズ・デザイン	スタンダード（内国株式）	5250	情報・通信業	10	情報通信・サービスその他	-	-	1536.0	3.91	60.0	3.94	60.0	3.91	配当あり	いいえ	13.23	1.12	52.5	1571.0	1161.0	Technology			OK	通常掲載可	OK	9993.8	5.96	4.0	69.97	0.01	718.4	116.12	51.67	8.67	4
3768	リスクモンスター	スタンダード（内国株式）	5250	情報・通信業	10	情報通信・サービスその他	-	-	550.0	3.0	16.5	2.97	16.5	3.0	配当あり	いいえ	18.8	0.71	41.4	635.0	493.0	Industrials			OK	通常掲載可	OK	3824.0	9.42	2.57	84.79	0.04	775.0	29.26	56.39	3.6	0
3769	ＧＭＯペイメントゲートウェイ	プライム（内国株式）	5250	情報・通信業	10	情報通信・サービスその他	4	TOPIX Mid400	8601.0	1.98	170.0	1.99	170.0	1.98	配当あり	いいえ	27.32	5.22	6531.9	10455.0	6885.0	Technology			OK	通常掲載可	OK	82499.4	37.99	11.81	27.78	0.56	50112.1	314.8	54.0	21.66	1
3771	システムリサーチ	プライム（内国株式）	5250	情報・通信業	10	情報通信・サービスその他	7	TOPIX Small 2	1877.0	8.52	160.0	8.56	160.0	8.52	配当あり	いいえ	11.92	2.45	311.3	2280.0	1613.0	Technology	高利回り要確認	配当利回りが8%以上	要確認	手動確認後に掲載	OK_高利回り要確認	29083.5	11.93	12.16	69.19	0.07	1560.4	157.45	101.62	21.36	3
3772	ウェルス・マネジメント	スタンダード（内国株式）	8050	不動産業	17	不動産	-	-	1064.0	1.88	20.0	1.86	20.0	1.88	配当あり	いいえ		1.18	204.1	1164.0	1013.0	Real Estate			OK	通常掲載可	OK	15109.4	-0.71	-17.48	19.79	3.26	-25594.0	-60.86		-3.51	4
3773	アドバンスト・メディア	グロース（内国株式）	5250	情報・通信業	10	情報通信・サービスその他	-	-	1074.0	2.05	22.0	2.09	22.0	2.05	配当あり	いいえ	9.66	1.27	160.4	1194.0	889.0	Technology			OK	通常掲載可	OK	7063.1	20.39	5.97	84.17	0.04	591.7	111.13	19.8	14.28	2
3774	インターネットイニシアティブ	プライム（内国株式）	5250	情報・通信業	10	情報通信・サービスその他	4	TOPIX Mid400	3453.0	1.25	43.0	1.27	43.0	1.25	配当あり	いいえ	24.39	3.8	6123.2	3650.0	2098.0	Communication Services			OK	通常掲載可	OK	345395.0	10.09	9.02	45.54	0.23	21970.0	141.57	30.37	16.31	6
3776	ブロードバンドタワー	スタンダード（内国株式）	5250	情報・通信業	10	情報通信・サービスその他	-	-	269.0	0.74	2.0	0.74	2.0	0.74	配当あり	いいえ	32.25	1.81	165.7	303.0	157.0	Communication Services			OK	通常掲載可	OK	15289.8	5.3	13.9	45.78	0.27	444.3	8.34	23.98	3.59	1
3777	環境フレンドリーホールディングス	グロース（内国株式）	5250	情報・通信業	10	情報通信・サービスその他	-	-	47.0						配当未取得		223.81	3.03	169.0	82.0	39.0	Technology	配当未取得	1株配当が取得できていない	除外推奨	掲載非推奨	OK_配当データ要確認	1371.1	8.04	-92.05	58.4	0.44	259.6	0.21		1.2	
3778	さくらインターネット	プライム（内国株式）	5250	情報・通信業	10	情報通信・サービスその他	6	TOPIX Small 1	4000.0	0.14	5.5	0.15	5.5	0.14	配当あり	いいえ	666.67	5.2	1601.0	4350.0	2448.0	Technology			OK	通常掲載可	OK	35301.6	-1.14	12.38	36.51	1.19	-31219.4	6.0	91.67	4.64	1
3779	ジェイ・エスコムホールディングス	スタンダード（内国株式）	5250	情報・通信業	10	情報通信・サービスその他	-	-	120.0						配当未取得			2.79	13.9	215.0	117.0	Consumer Cyclical	配当未取得	1株配当が取得できていない	除外推奨	掲載非推奨	OK_配当データ要確認	1412.2	0.91	7.08	31.57	0.18	-316.4	-4.65		-17.4	
3787	テクノマセマティカル	スタンダード（内国株式）	5250	情報・通信業	10	情報通信・サービスその他	-	-	680.0						配当未取得		20.49	0.99	17.6	793.0	254.0	Technology	配当未取得	1株配当が取得できていない	除外推奨	掲載非推奨	OK_配当データ要確認	685.6	6.51	64.58	93.14		104.3	33.18		6.21	
3788	ＧＭＯグローバルサイン・ホールディングス	プライム（内国株式）	5250	情報・通信業	10	情報通信・サービスその他	7	TOPIX Small 2	1973.0	3.02	59.67	3.0	59.67	3.02	配当あり	いいえ	21.14	2.19	226.3	2519.0	1830.0	Technology			OK	通常掲載可	OK	20670.8	7.14	7.85	54.46	0.26	1248.4	93.32	63.94	11.07	1
378A	ヒット	グロース（内国株式）	9050	サービス業	10	情報通信・サービスその他	-	-	925.0	2.27	21.0	2.3	21.0	2.27	配当あり	いいえ	13.26	2.36	132.0	1530.0	813.0	Communication Services			OK	通常掲載可	OK	4419.4	31.39	7.21	52.49	0.45	1014.3	69.74	30.11	21.46	
3791	ＩＧポート	スタンダード（内国株式）	5250	情報・通信業	10	情報通信・サービスその他	-	-	1101.0	1.18	13.0	1.19	13.0	1.18	配当あり	いいえ	33.05	2.21	221.3	1565.0	930.0	Communication Services			OK	通常掲載可	OK	14064.5	5.45	-3.66	65.94	0.01	774.2	33.31	39.03	7.51	0
3793	ドリコム	グロース（内国株式）	5250	情報・通信業	10	情報通信・サービスその他	-	-	555.0	0.9	5.0	0.91	5.0	0.9	配当あり	いいえ	75.0	3.04	158.2	579.0	372.0	Communication Services			OK	通常掲載可	OK	17547.8	2.08	38.66	42.45	0.62	1482.6	7.4	67.57	56.96	0
3796	いい生活	スタンダード（内国株式）	5250	情報・通信業	10	情報通信・サービスその他	-	-	296.0	1.01	3.0	0.99	3.0	1.01	配当あり	いいえ	27.06	2.09	40.9	406.0	231.5	Technology			OK	通常掲載可	OK	3232.2	7.1	6.74	74.52	0.08	142.2	10.94	27.42	8.97	0
3798	ＵＬＳグループ	スタンダード（内国株式）	5250	情報・通信業	10	情報通信・サービスその他	-	-	541.0	1.52	8.2	1.54	8.2	1.52	配当あり	いいえ	15.59	2.45	306.1	854.0	472.0	Technology			OK	通常掲載可	OK	16600.0	18.36	25.73	77.84		1601.0	34.7	23.63	17.89	1
3799	キーウェアソリューションズ	スタンダード（内国株式）	5250	情報・通信業	10	情報通信・サービスその他	-	-	1108.0	3.61	40.0	3.64	40.0	3.61	配当あり	いいえ	11.44	1.18	92.6	1292.0	959.0	Technology			OK	通常掲載可	OK	22724.9	4.98	7.69	66.64	0.0	1891.8	96.84	41.31	9.08	2
3800	ユニリタ	スタンダード（内国株式）	5250	情報・通信業	10	情報通信・サービスその他	-	-	1960.0	3.88	76.0	3.86	76.0	3.88	配当あり	いいえ	19.37	1.21	139.2	2049.0	1876.0	Technology			OK	通常掲載可	OK	12342.2	7.8	5.61	76.7	0.0	782.4	101.19	75.11	5.74	2
3802	エコミック	スタンダード（内国株式）	5250	情報・通信業	10	情報通信・サービスその他	-	-	485.0	2.68	13.0	2.67	13.0	2.68	配当あり	いいえ	19.96	1.32	16.6	509.0	433.0	Industrials			OK	通常掲載可	OK	2346.0	7.4	10.57	83.74	0.0	307.5	24.3	53.5	6.33	3
3803	イメージ情報開発	グロース（内国株式）	5250	情報・通信業	10	情報通信・サービスその他	-	-	724.0						配当未取得			4.01	24.0	1036.0	405.0	Technology	配当未取得	1株配当が取得できていない	除外推奨	掲載非推奨	OK_配当データ要確認	731.6	-23.96	13.25	62.99	0.07	-95.5	-98.9		-63.96	
3804	システム　ディ	スタンダード（内国株式）	5250	情報・通信業	10	情報通信・サービスその他	-	-	452.0	2.43	11.0	2.43	11.0	2.43	配当あり	いいえ	14.73	1.64	87.0	714.67	407.0	Technology			OK	通常掲載可	OK	5032.3	18.64	8.65	68.03	0.04	719.1	30.69	35.84	11.41	5
3807	フィスコ	グロース（内国株式）	5250	情報・通信業	10	情報通信・サービスその他	-	-	90.0						配当未取得		9000.0	3.78	41.2	149.0	79.0	Financial Services	配当未取得	1株配当が取得できていない	除外推奨	掲載非推奨	OK_配当データ要確認	842.9	0.53	-2.88	42.31	0.01	32.3	0.01		-129.19	0
3810	サイバーステップホールディングス	スタンダード（内国株式）	5250	情報・通信業	10	情報通信・サービスその他	-	-	188.0						配当未取得			2.36	154.0	451.0	146.0	Communication Services	配当未取得	1株配当が取得できていない	除外推奨	掲載非推奨	OK_配当データ要確認	2142.0	-76.05	-14.46	90.35	0.02	-3162.0	-46.68		-61.69	
3815	メディア工房	グロース（内国株式）	5250	情報・通信業	10	情報通信・サービスその他	-	-	431.0						配当未取得			8.0	46.7	528.0	421.0	Communication Services	配当未取得	1株配当が取得できていない	除外推奨	掲載非推奨	OK_配当データ要確認	1873.5	-17.26	-6.92	31.08	1.7	-450.7	-68.7		-93.04	0
3816	大和コンピューター	スタンダード（内国株式）	5250	情報・通信業	10	情報通信・サービスその他	-	-	1116.0	3.41	38.0	3.45	38.0	3.41	配当あり	いいえ	19.61	0.78	43.2	1195.0	1079.0	Technology			OK	通常掲載可	OK	3291.3	17.17	9.53	83.34	0.02	585.3	56.92	66.76	3.97	0
3817	ＳＲＡホールディングス	プライム（内国株式）	5250	情報・通信業	10	情報通信・サービスその他	7	TOPIX Small 2	4790.0	5.01	240.0	5.04	240.0	5.01	配当あり	いいえ	10.74	1.75	645.5	5870.0	4270.0	Technology			OK	通常掲載可	OK	53279.0	15.48	3.22	64.72	0.0	4419.0	445.95	53.82	17.53	0
3823	ＴＨＥ　ＷＨＹ　ＨＯＷ　ＤＯ　ＣＯＭＰＡＮＹ	スタンダード（内国株式）	5250	情報・通信業	10	情報通信・サービスその他	-	-	40.0						配当未取得			3.5	60.1	80.0	28.0	Technology	配当未取得	1株配当が取得できていない	除外推奨	掲載非推奨	OK_配当データ要確認	1751.5	-4.17	134.28	62.6	0.22	-113.3	-3.98			
3825	リミックスポイント	スタンダード（内国株式）	6100	小売業	14	小売	-	-	257.0	1.17	3.0	1.15	3.0	1.17	配当あり	いいえ		1.75	376.8	357.0	148.0	Utilities			OK	通常掲載可	OK	17751.0	-30.85	-15.99	86.53	0.02	-13478.0	-33.88		-35.43	0
3826	システムインテグレータ	スタンダード（内国株式）	5250	情報・通信業	10	情報通信・サービスその他	-	-	495.0	2.22	11.0	2.22	11.0	2.22	配当あり	いいえ	11.79	1.22	54.0	542.0	417.0	Technology			OK	通常掲載可	OK	5558.2	10.71	16.55	78.5	0.0	547.1	41.98	26.2	12.47	0
3834	朝日ネット	プライム（内国株式）	5250	情報・通信業	10	情報通信・サービスその他	7	TOPIX Small 2	595.0	4.2	25.0	4.17	25.0	4.2	配当あり	いいえ	11.98	1.19	154.2	718.0	586.0	Communication Services			OK	通常掲載可	OK	13517.0	13.25	3.36	90.29		-825.0	49.66	50.34	8.92	6
3835	ｅＢＡＳＥ	プライム（内国株式）	5250	情報・通信業	10	情報通信・サービスその他	7	TOPIX Small 2	432.0	2.82	12.2	2.86	12.2	2.82	配当あり	いいえ	18.81	2.8	189.8	502.0	381.0	Technology			OK	通常掲載可	OK	5259.6	27.22	-3.85	90.98		964.8	22.97	53.11	14.71	4
3836	アバントグループ	プライム（内国株式）	5250	情報・通信業	10	情報通信・サービスその他	7	TOPIX Small 2	1203.0	5.65	68.0	5.74	68.0	5.65	配当あり	いいえ	14.2	2.84	414.5	1908.0	1051.0	Technology			OK	通常掲載可	OK	30481.4	15.41	7.98	60.34	0.0	3121.9	84.69	80.29	19.76	10
3837	アドソル日進	プライム（内国株式）	5250	情報・通信業	10	情報通信・サービスその他	7	TOPIX Small 2	1330.0	3.61	48.0	3.57	48.0	3.61	配当あり	いいえ	15.75	3.29	224.0	1954.0	1259.0	Technology			OK	通常掲載可	OK	17151.4	12.51	10.92	67.63	0.0	1884.4	84.46	56.83	21.97	15
3839	ＯＤＫソリューションズ	スタンダード（内国株式）	5250	情報・通信業	10	情報通信・サービスその他	-	-	624.0	1.6	10.0	1.6	10.0	1.6	配当あり	いいえ	36.64	0.83	51.1	706.0	588.0	Technology			OK	通常掲載可	OK	6657.9	9.11	2.87	71.1	0.14	357.6	17.03	58.72	1.77	0
3840	パス	スタンダード（内国株式）	5250	情報・通信業	10	情報通信・サービスその他	-	-	62.0						配当未取得			2.85	51.3	107.0	51.0	Consumer Defensive	配当未取得	1株配当が取得できていない	除外推奨	掲載非推奨	OK_配当データ要確認	2370.3	-32.66	5.17	75.42	0.13	-492.8	-16.0		-56.69	
3841	ジーダット	スタンダード（内国株式）	5250	情報・通信業	10	情報通信・サービスその他	-	-	1310.0	3.05	40.0	3.07	40.0	3.05	配当あり	いいえ	29.07	1.98	50.4	1430.0	1029.0	Technology			OK	通常掲載可	OK	2041.6	12.76	-1.03	83.49		373.2	45.06	88.77	4.39	0
3842	ネクストジェン	スタンダード（内国株式）	5250	情報・通信業	10	情報通信・サービスその他	-	-	1371.0	1.46	20.0	1.46	20.0	1.46	配当あり	いいえ	14.54	1.76	42.4	1381.0	877.0	Communication Services			OK	通常掲載可	OK	4257.0	7.71	17.57	65.15	0.12	458.1	94.26	21.22	12.76	1
3843	フリービット	プライム（内国株式）	5250	情報・通信業	10	情報通信・サービスその他	7	TOPIX Small 2	1663.0	2.47	41.0	2.44	41.0	2.47	配当あり	いいえ	11.19	4.07	362.9	1820.0	1317.0	Communication Services			OK	通常掲載可	OK	55073.2	10.68	3.84	16.03	3.35	4006.6	148.67	27.58	27.86	4
3844	コムチュア	プライム（内国株式）	5250	情報・通信業	10	情報通信・サービスその他	6	TOPIX Small 1	1286.0	4.04	52.0	4.08	52.0	4.04	配当あり	いいえ	12.39	2.12	410.1	1749.0	1228.0	Technology			OK	通常掲載可	OK	38109.0	12.23	4.87	74.64	0.01	2445.0	103.78	50.11	17.11	5
3845	アイフリークモバイル	スタンダード（内国株式）	5250	情報・通信業	10	情報通信・サービスその他	-	-	330.0						配当未取得		169.23	8.76	73.4	345.0	177.0	Communication Services	配当未取得	1株配当が取得できていない	除外推奨	掲載非推奨	OK_配当データ要確認	1865.5	1.6	-6.94	71.11	0.22	22.6	1.95		-8.4	0
3848	データ・アプリケーション	スタンダード（内国株式）	5250	情報・通信業	10	情報通信・サービスその他	-	-	851.0	4.11	35.0	4.17	35.0	4.11	配当あり	いいえ	34.62	1.18	54.2	1272.0	781.0	Technology			OK	通常掲載可	OK	4322.4	6.41	65.79	68.4	0.07	445.1	24.58	142.39	3.41	3
3850	エヌ・ティ・ティ・データ・イントラマート	スタンダード（内国株式）	5250	情報・通信業	10	情報通信・サービスその他	-	-	3880.0	1.93	75.0	1.9	75.0	1.93	配当あり	いいえ	20.96	3.22	189.0	4200.0	2501.0	Technology			OK	通常掲載可	OK	14656.8	9.42	23.9	53.45	0.0	-124.7	185.08	40.52	18.37	0
3851	日本一ソフトウェア	スタンダード（内国株式）	5250	情報・通信業	10	情報通信・サービスその他	-	-	1353.0	0.37	5.0	0.36	5.0	0.37	配当あり	いいえ		0.86	68.5	1561.0	763.0	Communication Services			OK	通常掲載可	OK	3606.6	-11.34	-31.95	70.52	0.23	-128.6	-50.44		-1.9	0
3853	アステリア	プライム（内国株式）	5250	情報・通信業	10	情報通信・サービスその他	7	TOPIX Small 2	1089.0	0.92	10.0	0.92	10.0	0.92	配当あり	いいえ	22.57	1.95	185.0	2753.0	935.0	Technology			OK	通常掲載可	OK	3388.8	30.24	6.86	73.58	0.09	545.9	48.24	20.73	31.48	1
3854	アイル	プライム（内国株式）	5250	情報・通信業	10	情報通信・サービスその他	7	TOPIX Small 2	2053.0	3.41	70.0	3.43	70.0	3.41	配当あり	いいえ	12.29	3.7	513.2	2653.0	2026.0	Technology			OK	通常掲載可	OK	17508.4	24.35	9.95	68.4		2025.8	167.0	41.92	33.21	8
3856	Ａｂａｌａｎｃｅ	スタンダード（内国株式）	3650	電気機器	9	電機・精密	-	-	199.0	3.02	6.0	3.02	6.0	3.02	配当あり	いいえ	0.49	0.09	36.7	1038.0	184.0	Technology			OK	通常掲載可	OK	120169.0	11.59	-42.5	24.81	1.23	3356.0	409.76	1.46	20.42	1
3858	ユビキタスＡＩ	スタンダード（内国株式）	5250	情報・通信業	10	情報通信・サービスその他	-	-	329.0						配当未取得			1.67	34.4	507.0	280.0	Technology	配当未取得	1株配当が取得できていない	除外推奨	掲載非推奨	OK_配当データ要確認	3924.5	-5.12	-5.18	51.66	0.48	-190.9	-49.58		-25.12	
3861	王子ホールディングス	プライム（内国株式）	3150	パルプ・紙	4	素材・化学	4	TOPIX Mid400	844.4	4.26	36.0	4.25	36.0	4.26	配当あり	いいえ	13.85	0.66	7170.9	990.7	753.2	Basic Materials			OK	通常掲載可	OK	1861709.0	1.86	0.67	41.03	0.87	20931.0	60.97	59.05	6.01	4
3863	日本製紙	プライム（内国株式）	3150	パルプ・紙	4	素材・化学	6	TOPIX Small 1	1316.0	1.14	15.0	1.14	15.0	1.14	配当あり	いいえ	12.92	0.29	1517.5	1612.0	1040.0	Basic Materials			OK	通常掲載可	OK	1192606.0	2.11	0.86	29.25	1.72	74986.0	101.86	14.73	2.21	1
3864	三菱製紙	プライム（内国株式）	3150	パルプ・紙	4	素材・化学	-	-	1250.0	2.08	26.0	2.08	26.0	2.08	配当あり	いいえ	28.84	0.53	547.6	1257.0	586.0	Basic Materials			OK	通常掲載可	OK	157455.0	0.17	-10.51	46.3	0.63	1535.0	43.34	59.99	5.79	2
3865	北越コーポレーション	プライム（内国株式）	3150	パルプ・紙	4	素材・化学	6	TOPIX Small 1	885.0	2.94	26.0	2.94	26.0	2.94	配当あり	いいえ	20.33	0.56	1405.9	1056.0	809.0	Basic Materials			OK	通常掲載可	OK	287736.0	2.62	-5.88	59.89	0.4	-8068.0	43.54	59.72	2.69	2
386A	みのや	スタンダード（内国株式）	6100	小売業	14	小売	-	-	1253.0	2.39	30.0	2.39	30.0	2.39	配当あり	いいえ	22.32	1.16	45.2	2135.0	1246.0	Consumer Cyclical			OK	通常掲載可	OK	22540.0	4.29	11.9	32.54	0.9	420.9	56.13	53.45	5.9	
3877	中越パルプ工業	プライム（内国株式）	3150	パルプ・紙	4	素材・化学	-	-	2188.0	5.48	120.0	5.46	120.0	5.48	配当あり	いいえ	11.31	0.45	274.9	2280.0	1620.0	Basic Materials			OK	通常掲載可	OK	110386.0	2.49	-0.56	50.34	0.56	26.0	193.42	62.04	5.26	4
3878	巴川コーポレーション	スタンダード（内国株式）	3200	化学	4	素材・化学	-	-	994.0	1.51	15.0	1.57	15.0	1.51	配当あり	いいえ	10.0	0.53	97.5	995.0	717.0	Basic Materials			OK	通常掲載可	OK	35552.0	4.57	3.25	34.69	0.86	-349.0	99.4	15.09	7.12	0
387A	フラー	グロース（内国株式）	5250	情報・通信業	10	情報通信・サービスその他	-	-	919.0						配当未取得		11.89	1.31	16.0	2200.0	801.0	Technology	配当未取得	1株配当が取得できていない	除外推奨	掲載非推奨	OK_配当データ要確認	1517.9	0.85	0.7	59.58	0.3	-0.4	77.29		11.95	
3880	大王製紙	プライム（内国株式）	3150	パルプ・紙	4	素材・化学	6	TOPIX Small 1	969.0	1.44	14.0	1.44	14.0	1.44	配当あり	いいえ	18.12	0.65	1494.4	1244.0	813.0	Basic Materials			OK	通常掲載可	OK	666770.0	3.6	-0.32	26.57	1.94	33313.0	53.49	26.17	4.21	0
3891	ニッポン高度紙工業	スタンダード（内国株式）	3150	パルプ・紙	4	素材・化学	-	-	7370.0	1.49	110.0	1.58	110.0	1.49	配当あり	いいえ	29.37	2.87	777.3	11110.0	2128.0	Technology			OK	通常掲載可	OK	18624.5	18.97	16.16	73.59	0.22	3613.3	250.9	43.84	12.94	1
3892	岡山製紙	スタンダード（内国株式）	3150	パルプ・紙	4	素材・化学	-	-	1594.0	3.14	50.0	3.12	50.0	3.14	配当あり	いいえ	9.0	0.51	74.0	2075.0	1498.0	Basic Materials			OK	通常掲載可	OK	11221.5	8.38	-2.61	78.2	0.0	868.6	177.03	28.24	5.99	3
3895	ハビックス	スタンダード（内国株式）	3150	パルプ・紙	4	素材・化学	-	-	428.0	3.74	16.0	3.68	16.0	3.74	配当あり	いいえ	6.22	0.46	33.5	569.0	379.0	Basic Materials			OK	通常掲載可	OK	12110.3	3.54	-9.03	56.02	0.38	290.5	68.78	23.26	9.6	2
3896	阿波製紙	スタンダード（内国株式）	3150	パルプ・紙	4	素材・化学	-	-	419.0	0.95	4.0	0.94	4.0	0.95	配当あり	いいえ	5.67	0.64	41.9	579.0	320.0	Basic Materials			OK	通常掲載可	OK	18494.5	0.32	8.0	22.06	2.2	-505.3	73.87	5.41	17.11	0
