2026-10-02 06:49:32,140 [INFO] === 実行開始 (500銘柄) ===
2026-10-02 06:49:32,411 [DEBUG] [TIME] 4719 info: 0.27s
2026-10-02 06:49:32,411 [DEBUG] yfinance OK: 4719
2026-10-02 06:49:32,594 [DEBUG] [TIME] 4719 income_stmt: 0.18s
2026-10-02 06:49:32,884 [DEBUG] [TIME] 4719 balance_sheet: 0.29s
2026-10-02 06:49:33,039 [DEBUG] [TIME] 4719 cashflow: 0.15s
2026-10-02 06:49:33,297 [DEBUG] [TIME] 4719 dividends: 0.26s
2026-10-02 06:49:33,299 [INFO] [DETAIL] 4719 アルファシステムズ: income_stmt=OK, balance_sheet=OK, cashflow=OK, dividends=OK
2026-10-02 06:49:33,299 [INFO] [TIME] 4719 アルファシステムズ 処理時間: 1.16s
2026-10-02 06:49:34,587 [DEBUG] [TIME] 471A info: 0.20s
2026-10-02 06:49:34,587 [DEBUG] yfinance OK: 471A
2026-10-02 06:49:34,824 [DEBUG] [TIME] 471A income_stmt: 0.24s
2026-10-02 06:49:35,095 [DEBUG] [TIME] 471A balance_sheet: 0.27s
2026-10-02 06:49:35,277 [DEBUG] [TIME] 471A cashflow: 0.18s
2026-10-02 06:49:35,412 [DEBUG] [TIME] 471A dividends: 0.14s
2026-10-02 06:49:35,413 [INFO] [DETAIL] 471A ＮＳグループ: income_stmt=OK, balance_sheet=OK, cashflow=OK, dividends=OK
2026-10-02 06:49:35,413 [INFO] [TIME] 471A ＮＳグループ 処理時間: 1.03s
2026-10-02 06:49:37,558 [DEBUG] [TIME] 4720 info: 0.17s
2026-10-02 06:49:37,558 [DEBUG] yfinance OK: 4720
2026-10-02 06:49:37,757 [DEBUG] [TIME] 4720 income_stmt: 0.20s
2026-10-02 06:49:38,075 [DEBUG] [TIME] 4720 balance_sheet: 0.32s
2026-10-02 06:49:38,328 [DEBUG] [TIME] 4720 cashflow: 0.25s
2026-10-02 06:49:38,579 [DEBUG] [TIME] 4720 dividends: 0.25s
2026-10-02 06:49:38,580 [INFO] [DETAIL] 4720 城南進学研究社: income_stmt=OK, balance_sheet=OK, cashflow=OK, dividends=OK
2026-10-02 06:49:38,580 [INFO] [TIME] 4720 城南進学研究社 処理時間: 1.19s
2026-10-02 06:49:40,428 [DEBUG] [TIME] 4722 info: 0.23s
2026-10-02 06:49:40,428 [DEBUG] yfinance OK: 4722
2026-10-02 06:49:40,639 [DEBUG] [TIME] 4722 income_stmt: 0.21s
2026-10-02 06:49:40,917 [DEBUG] [TIME] 4722 balance_sheet: 0.28s
2026-10-02 06:49:41,117 [DEBUG] [TIME] 4722 cashflow: 0.20s
2026-10-02 06:49:41,377 [DEBUG] [TIME] 4722 dividends: 0.26s
2026-10-02 06:49:41,378 [INFO] [DETAIL] 4722 フューチャー: income_stmt=OK, balance_sheet=OK, cashflow=OK, dividends=OK
2026-10-02 06:49:41,378 [INFO] [TIME] 4722 フューチャー 処理時間: 1.18s
2026-10-02 06:49:43,092 [DEBUG] [TIME] 4725 info: 0.18s
2026-10-02 06:49:43,092 [DEBUG] yfinance OK: 4725
2026-10-02 06:49:43,302 [DEBUG] [TIME] 4725 income_stmt: 0.21s
2026-10-02 06:49:43,568 [DEBUG] [TIME] 4725 balance_sheet: 0.26s
2026-10-02 06:49:43,736 [DEBUG] [TIME] 4725 cashflow: 0.17s
2026-10-02 06:49:43,974 [DEBUG] [TIME] 4725 dividends: 0.24s
2026-10-02 06:49:43,976 [INFO] [DETAIL] 4725 ＣＡＣ　Ｈｏｌｄｉｎｇｓ: income_stmt=OK, balance_sheet=OK, cashflow=OK, dividends=OK
2026-10-02 06:49:43,976 [INFO] [TIME] 4725 ＣＡＣ　Ｈｏｌｄｉｎｇｓ 処理時間: 1.06s
2026-10-02 06:49:45,652 [DEBUG] [TIME] 4728 info: 0.15s
2026-10-02 06:49:45,652 [DEBUG] yfinance OK: 4728
2026-10-02 06:49:45,799 [DEBUG] [TIME] 4728 income_stmt: 0.15s
2026-10-02 06:49:46,024 [DEBUG] [TIME] 4728 balance_sheet: 0.22s
2026-10-02 06:49:46,172 [DEBUG] [TIME] 4728 cashflow: 0.15s
2026-10-02 06:49:46,412 [DEBUG] [TIME] 4728 dividends: 0.24s
2026-10-02 06:49:46,413 [INFO] [DETAIL] 4728 トーセ: income_stmt=OK, balance_sheet=OK, cashflow=OK, dividends=OK
2026-10-02 06:49:46,413 [INFO] [TIME] 4728 トーセ 処理時間: 0.92s
2026-10-02 06:49:48,111 [DEBUG] [TIME] 472A info: 0.18s
2026-10-02 06:49:48,111 [DEBUG] yfinance OK: 472A
2026-10-02 06:49:48,328 [DEBUG] [TIME] 472A income_stmt: 0.22s
2026-10-02 06:49:48,472 [DEBUG] [TIME] 472A balance_sheet: 0.14s
2026-10-02 06:49:48,632 [DEBUG] [TIME] 472A cashflow: 0.16s
2026-10-02 06:49:48,707 [DEBUG] [TIME] 472A dividends: 0.07s
2026-10-02 06:49:48,707 [INFO] [DETAIL] 472A ミラティブ: income_stmt=OK, balance_sheet=OK, cashflow=OK, dividends=EMPTY
2026-10-02 06:49:48,707 [INFO] [TIME] 472A ミラティブ 処理時間: 0.77s
2026-10-02 06:49:50,002 [DEBUG] [TIME] 4732 info: 0.14s
2026-10-02 06:49:50,002 [DEBUG] yfinance OK: 4732
2026-10-02 06:49:50,185 [DEBUG] [TIME] 4732 income_stmt: 0.18s
2026-10-02 06:49:50,433 [DEBUG] [TIME] 4732 balance_sheet: 0.25s
2026-10-02 06:49:50,562 [DEBUG] [TIME] 4732 cashflow: 0.13s
2026-10-02 06:49:50,826 [DEBUG] [TIME] 4732 dividends: 0.26s
2026-10-02 06:49:50,827 [INFO] [DETAIL] 4732 ユー・エス・エス: income_stmt=OK, balance_sheet=OK, cashflow=OK, dividends=OK
2026-10-02 06:49:50,827 [INFO] [TIME] 4732 ユー・エス・エス 処理時間: 0.96s
2026-10-02 06:49:52,114 [DEBUG] [TIME] 4733 info: 0.16s
2026-10-02 06:49:52,114 [DEBUG] yfinance OK: 4733
2026-10-02 06:49:52,348 [DEBUG] [TIME] 4733 income_stmt: 0.23s
2026-10-02 06:49:52,538 [DEBUG] [TIME] 4733 balance_sheet: 0.19s
2026-10-02 06:49:52,704 [DEBUG] [TIME] 4733 cashflow: 0.16s
2026-10-02 06:49:52,912 [DEBUG] [TIME] 4733 dividends: 0.21s
2026-10-02 06:49:52,913 [INFO] [DETAIL] 4733 オービックビジネスコンサルタント: income_stmt=OK, balance_sheet=OK, cashflow=OK, dividends=OK
2026-10-02 06:49:52,913 [INFO] [TIME] 4733 オービックビジネスコンサルタント 処理時間: 0.96s
2026-10-02 06:49:54,921 [DEBUG] [TIME] 4735 info: 0.15s
2026-10-02 06:49:54,921 [DEBUG] yfinance OK: 4735
2026-10-02 06:49:55,176 [DEBUG] [TIME] 4735 income_stmt: 0.26s
2026-10-02 06:49:55,418 [DEBUG] [TIME] 4735 balance_sheet: 0.24s
2026-10-02 06:49:55,682 [DEBUG] [TIME] 4735 cashflow: 0.26s
2026-10-02 06:49:55,901 [DEBUG] [TIME] 4735 dividends: 0.22s
2026-10-02 06:49:55,902 [INFO] [DETAIL] 4735 京進: income_stmt=OK, balance_sheet=OK, cashflow=OK, dividends=OK
2026-10-02 06:49:55,902 [INFO] [TIME] 4735 京進 処理時間: 1.14s
2026-10-02 06:49:57,261 [DEBUG] [TIME] 4736 info: 0.14s
2026-10-02 06:49:57,261 [DEBUG] yfinance OK: 4736
2026-10-02 06:49:57,456 [DEBUG] [TIME] 4736 income_stmt: 0.19s
2026-10-02 06:49:57,639 [DEBUG] [TIME] 4736 balance_sheet: 0.18s
2026-10-02 06:49:57,880 [DEBUG] [TIME] 4736 cashflow: 0.24s
2026-10-02 06:49:58,112 [DEBUG] [TIME] 4736 dividends: 0.23s
2026-10-02 06:49:58,113 [INFO] [DETAIL] 4736 日本ラッド: income_stmt=OK, balance_sheet=OK, cashflow=OK, dividends=OK
2026-10-02 06:49:58,113 [INFO] [TIME] 4736 日本ラッド 処理時間: 1.00s
2026-10-02 06:50:00,078 [DEBUG] [TIME] 4743 info: 0.15s
2026-10-02 06:50:00,078 [DEBUG] yfinance OK: 4743
2026-10-02 06:50:00,271 [DEBUG] [TIME] 4743 income_stmt: 0.19s
2026-10-02 06:50:00,485 [DEBUG] [TIME] 4743 balance_sheet: 0.21s
2026-10-02 06:50:00,727 [DEBUG] [TIME] 4743 cashflow: 0.24s
2026-10-02 06:50:00,965 [DEBUG] [TIME] 4743 dividends: 0.24s
2026-10-02 06:50:00,966 [INFO] [DETAIL] 4743 アイティフォー: income_stmt=OK, balance_sheet=OK, cashflow=OK, dividends=OK
2026-10-02 06:50:00,966 [INFO] [TIME] 4743 アイティフォー 処理時間: 1.03s
2026-10-02 06:50:02,286 [DEBUG] [TIME] 4746 info: 0.15s
2026-10-02 06:50:02,286 [DEBUG] yfinance OK: 4746
2026-10-02 06:50:02,502 [DEBUG] [TIME] 4746 income_stmt: 0.22s
2026-10-02 06:50:02,693 [DEBUG] [TIME] 4746 balance_sheet: 0.19s
2026-10-02 06:50:02,865 [DEBUG] [TIME] 4746 cashflow: 0.17s
2026-10-02 06:50:03,130 [DEBUG] [TIME] 4746 dividends: 0.27s
2026-10-02 06:50:03,131 [INFO] [DETAIL] 4746 東計電算: income_stmt=OK, balance_sheet=OK, cashflow=OK, dividends=OK
2026-10-02 06:50:03,131 [INFO] [TIME] 4746 東計電算 処理時間: 0.99s
2026-10-02 06:50:04,353 [DEBUG] [TIME] 4750 info: 0.18s
2026-10-02 06:50:04,353 [DEBUG] yfinance OK: 4750
2026-10-02 06:50:04,581 [DEBUG] [TIME] 4750 income_stmt: 0.23s
2026-10-02 06:50:04,841 [DEBUG] [TIME] 4750 balance_sheet: 0.26s
2026-10-02 06:50:05,141 [DEBUG] [TIME] 4750 cashflow: 0.30s
2026-10-02 06:50:05,395 [DEBUG] [TIME] 4750 dividends: 0.25s
2026-10-02 06:50:05,396 [INFO] [DETAIL] 4750 ダイサン: income_stmt=OK, balance_sheet=OK, cashflow=OK, dividends=OK
2026-10-02 06:50:05,396 [INFO] [TIME] 4750 ダイサン 処理時間: 1.22s
2026-10-02 06:50:06,645 [DEBUG] [TIME] 4751 info: 0.24s
2026-10-02 06:50:06,645 [DEBUG] yfinance OK: 4751
2026-10-02 06:50:06,813 [DEBUG] [TIME] 4751 income_stmt: 0.17s
2026-10-02 06:50:07,041 [DEBUG] [TIME] 4751 balance_sheet: 0.23s
2026-10-02 06:50:07,262 [DEBUG] [TIME] 4751 cashflow: 0.22s
2026-10-02 06:50:07,479 [DEBUG] [TIME] 4751 dividends: 0.22s
2026-10-02 06:50:07,480 [INFO] [DETAIL] 4751 サイバーエージェント: income_stmt=OK, balance_sheet=OK, cashflow=OK, dividends=OK
2026-10-02 06:50:07,480 [INFO] [TIME] 4751 サイバーエージェント 処理時間: 1.08s
2026-10-02 06:50:08,989 [DEBUG] [TIME] 4752 info: 0.26s
2026-10-02 06:50:08,989 [DEBUG] yfinance OK: 4752
2026-10-02 06:50:09,238 [DEBUG] [TIME] 4752 income_stmt: 0.25s
2026-10-02 06:50:09,399 [DEBUG] [TIME] 4752 balance_sheet: 0.16s
2026-10-02 06:50:09,692 [DEBUG] [TIME] 4752 cashflow: 0.29s
2026-10-02 06:50:09,974 [DEBUG] [TIME] 4752 dividends: 0.28s
2026-10-02 06:50:09,975 [INFO] [DETAIL] 4752 昭和システムエンジニアリング: income_stmt=OK, balance_sheet=OK, cashflow=OK, dividends=OK
2026-10-02 06:50:09,975 [INFO] [TIME] 4752 昭和システムエンジニアリング 処理時間: 1.24s
2026-10-02 06:50:11,927 [DEBUG] [TIME] 4754 info: 0.17s
2026-10-02 06:50:11,927 [DEBUG] yfinance OK: 4754
2026-10-02 06:50:12,090 [DEBUG] [TIME] 4754 income_stmt: 0.16s
2026-10-02 06:50:12,419 [DEBUG] [TIME] 4754 balance_sheet: 0.33s
2026-10-02 06:50:12,526 [DEBUG] [TIME] 4754 cashflow: 0.11s
2026-10-02 06:50:12,839 [DEBUG] [TIME] 4754 dividends: 0.31s
2026-10-02 06:50:12,840 [INFO] [DETAIL] 4754 トスネット: income_stmt=OK, balance_sheet=OK, cashflow=OK, dividends=OK
2026-10-02 06:50:12,840 [INFO] [TIME] 4754 トスネット 処理時間: 1.08s
2026-10-02 06:50:14,334 [DEBUG] [TIME] 4755 info: 0.17s
2026-10-02 06:50:14,334 [DEBUG] yfinance OK: 4755
2026-10-02 06:50:14,584 [DEBUG] [TIME] 4755 income_stmt: 0.25s
2026-10-02 06:50:14,867 [DEBUG] [TIME] 4755 balance_sheet: 0.28s
2026-10-02 06:50:15,016 [DEBUG] [TIME] 4755 cashflow: 0.15s
2026-10-02 06:50:15,293 [DEBUG] [TIME] 4755 dividends: 0.28s
2026-10-02 06:50:15,294 [INFO] [DETAIL] 4755 楽天グループ: income_stmt=OK, balance_sheet=OK, cashflow=OK, dividends=OK
2026-10-02 06:50:15,294 [INFO] [TIME] 4755 楽天グループ 処理時間: 1.13s
2026-10-02 06:50:17,547 [DEBUG] [TIME] 475A info: 0.34s
2026-10-02 06:50:17,547 [DEBUG] yfinance OK: 475A
2026-10-02 06:50:17,698 [DEBUG] [TIME] 475A income_stmt: 0.15s
2026-10-02 06:50:17,841 [DEBUG] [TIME] 475A balance_sheet: 0.14s
2026-10-02 06:50:17,963 [DEBUG] [TIME] 475A cashflow: 0.12s
2026-10-02 06:50:18,046 [DEBUG] [TIME] 475A dividends: 0.08s
2026-10-02 06:50:18,046 [INFO] [DETAIL] 475A ギミック: income_stmt=OK, balance_sheet=OK, cashflow=OK, dividends=EMPTY
2026-10-02 06:50:18,046 [INFO] [TIME] 475A ギミック 処理時間: 0.84s
2026-10-02 06:50:20,048 [DEBUG] [TIME] 4760 info: 0.70s
2026-10-02 06:50:20,048 [DEBUG] yfinance OK: 4760
2026-10-02 06:50:20,193 [DEBUG] [TIME] 4760 income_stmt: 0.15s
2026-10-02 06:50:20,500 [DEBUG] [TIME] 4760 balance_sheet: 0.31s
2026-10-02 06:50:20,739 [DEBUG] [TIME] 4760 cashflow: 0.24s
2026-10-02 06:50:21,080 [DEBUG] [TIME] 4760 dividends: 0.34s
2026-10-02 06:50:21,081 [INFO] [DETAIL] 4760 アルファ: income_stmt=OK, balance_sheet=OK, cashflow=OK, dividends=OK
2026-10-02 06:50:21,081 [INFO] [TIME] 4760 アルファ 処理時間: 1.73s
2026-10-02 06:50:23,011 [DEBUG] [TIME] 4761 info: 0.17s
2026-10-02 06:50:23,011 [DEBUG] yfinance OK: 4761
2026-10-02 06:50:23,255 [DEBUG] [TIME] 4761 income_stmt: 0.24s
2026-10-02 06:50:23,527 [DEBUG] [TIME] 4761 balance_sheet: 0.27s
2026-10-02 06:50:23,778 [DEBUG] [TIME] 4761 cashflow: 0.25s
2026-10-02 06:50:24,201 [DEBUG] [TIME] 4761 dividends: 0.42s
2026-10-02 06:50:24,202 [INFO] [DETAIL] 4761 さくらケーシーエス: income_stmt=OK, balance_sheet=OK, cashflow=OK, dividends=OK
2026-10-02 06:50:24,203 [INFO] [TIME] 4761 さくらケーシーエス 処理時間: 1.36s
2026-10-02 06:50:26,140 [DEBUG] [TIME] 4762 info: 0.18s
2026-10-02 06:50:26,140 [DEBUG] yfinance OK: 4762
2026-10-02 06:50:26,323 [DEBUG] [TIME] 4762 income_stmt: 0.18s
2026-10-02 06:50:26,503 [DEBUG] [TIME] 4762 balance_sheet: 0.18s
2026-10-02 06:50:26,660 [DEBUG] [TIME] 4762 cashflow: 0.16s
2026-10-02 06:50:26,897 [DEBUG] [TIME] 4762 dividends: 0.24s
2026-10-02 06:50:26,898 [INFO] [DETAIL] 4762 エックスネット: income_stmt=OK, balance_sheet=OK, cashflow=OK, dividends=OK
2026-10-02 06:50:26,898 [INFO] [TIME] 4762 エックスネット 処理時間: 0.94s
2026-10-02 06:50:28,383 [DEBUG] [TIME] 4763 info: 0.19s
2026-10-02 06:50:28,383 [DEBUG] yfinance OK: 4763
2026-10-02 06:50:28,518 [DEBUG] [TIME] 4763 income_stmt: 0.14s
2026-10-02 06:50:28,708 [DEBUG] [TIME] 4763 balance_sheet: 0.19s
2026-10-02 06:50:28,830 [DEBUG] [TIME] 4763 cashflow: 0.12s
2026-10-02 06:50:29,064 [DEBUG] [TIME] 4763 dividends: 0.23s
2026-10-02 06:50:29,065 [INFO] [DETAIL] 4763 クリーク・アンド・リバー社: income_stmt=OK, balance_sheet=OK, cashflow=OK, dividends=OK
2026-10-02 06:50:29,065 [INFO] [TIME] 4763 クリーク・アンド・リバー社 処理時間: 0.87s
2026-10-02 06:50:30,385 [DEBUG] [TIME] 4765 info: 0.26s
2026-10-02 06:50:30,386 [DEBUG] yfinance OK: 4765
2026-10-02 06:50:30,522 [DEBUG] [TIME] 4765 income_stmt: 0.14s
2026-10-02 06:50:30,723 [DEBUG] [TIME] 4765 balance_sheet: 0.20s
2026-10-02 06:50:30,888 [DEBUG] [TIME] 4765 cashflow: 0.16s
2026-10-02 06:50:31,179 [DEBUG] [TIME] 4765 dividends: 0.29s
2026-10-02 06:50:31,180 [INFO] [DETAIL] 4765 ＳＢＩグローバルアセットマネジメント: income_stmt=OK, balance_sheet=OK, cashflow=OK, dividends=OK
2026-10-02 06:50:31,180 [INFO] [TIME] 4765 ＳＢＩグローバルアセットマネジメント 処理時間: 1.06s
2026-10-02 06:50:32,752 [DEBUG] [TIME] 4766 info: 0.14s
2026-10-02 06:50:32,752 [DEBUG] yfinance OK: 4766
2026-10-02 06:50:32,957 [DEBUG] [TIME] 4766 income_stmt: 0.21s
2026-10-02 06:50:33,214 [DEBUG] [TIME] 4766 balance_sheet: 0.26s
2026-10-02 06:50:33,378 [DEBUG] [TIME] 4766 cashflow: 0.16s
2026-10-02 06:50:33,630 [DEBUG] [TIME] 4766 dividends: 0.25s
2026-10-02 06:50:33,631 [INFO] [DETAIL] 4766 ピーエイ: income_stmt=OK, balance_sheet=OK, cashflow=OK, dividends=OK
2026-10-02 06:50:33,631 [INFO] [TIME] 4766 ピーエイ 処理時間: 1.02s
2026-10-02 06:50:35,522 [DEBUG] [TIME] 4767 info: 0.15s
2026-10-02 06:50:35,522 [DEBUG] yfinance OK: 4767
2026-10-02 06:50:35,671 [DEBUG] [TIME] 4767 income_stmt: 0.15s
2026-10-02 06:50:35,953 [DEBUG] [TIME] 4767 balance_sheet: 0.28s
2026-10-02 06:50:36,125 [DEBUG] [TIME] 4767 cashflow: 0.17s
2026-10-02 06:50:36,342 [DEBUG] [TIME] 4767 dividends: 0.22s
2026-10-02 06:50:36,343 [INFO] [DETAIL] 4767 テー・オー・ダブリュー: income_stmt=OK, balance_sheet=OK, cashflow=OK, dividends=OK
2026-10-02 06:50:36,343 [INFO] [TIME] 4767 テー・オー・ダブリュー 処理時間: 0.97s
2026-10-02 06:50:38,340 [DEBUG] [TIME] 4768 info: 0.15s
2026-10-02 06:50:38,340 [DEBUG] yfinance OK: 4768
2026-10-02 06:50:38,576 [DEBUG] [TIME] 4768 income_stmt: 0.24s
2026-10-02 06:50:38,819 [DEBUG] [TIME] 4768 balance_sheet: 0.24s
2026-10-02 06:50:39,073 [DEBUG] [TIME] 4768 cashflow: 0.25s
2026-10-02 06:50:39,369 [DEBUG] [TIME] 4768 dividends: 0.30s
2026-10-02 06:50:39,370 [INFO] [DETAIL] 4768 大塚商会: income_stmt=OK, balance_sheet=OK, cashflow=OK, dividends=OK
2026-10-02 06:50:39,370 [INFO] [TIME] 4768 大塚商会 処理時間: 1.18s
2026-10-02 06:50:40,952 [DEBUG] [TIME] 4769 info: 0.16s
2026-10-02 06:50:40,953 [DEBUG] yfinance OK: 4769
2026-10-02 06:50:41,071 [DEBUG] [TIME] 4769 income_stmt: 0.12s
2026-10-02 06:50:41,239 [DEBUG] [TIME] 4769 balance_sheet: 0.17s
2026-10-02 06:50:41,445 [DEBUG] [TIME] 4769 cashflow: 0.21s
2026-10-02 06:50:41,761 [DEBUG] [TIME] 4769 dividends: 0.32s
2026-10-02 06:50:41,762 [INFO] [DETAIL] 4769 ＩＣ: income_stmt=OK, balance_sheet=OK, cashflow=OK, dividends=OK
2026-10-02 06:50:41,763 [INFO] [TIME] 4769 ＩＣ 処理時間: 0.97s
2026-10-02 06:50:43,478 [DEBUG] [TIME] 476A info: 0.15s
2026-10-02 06:50:43,478 [DEBUG] yfinance OK: 476A
2026-10-02 06:50:43,676 [DEBUG] [TIME] 476A income_stmt: 0.20s
2026-10-02 06:50:43,928 [DEBUG] [TIME] 476A balance_sheet: 0.25s
2026-10-02 06:50:44,138 [DEBUG] [TIME] 476A cashflow: 0.21s
2026-10-02 06:50:44,215 [DEBUG] [TIME] 476A dividends: 0.08s
2026-10-02 06:50:44,215 [INFO] [DETAIL] 476A 辻・本郷ＩＴコンサルティング: income_stmt=OK, balance_sheet=OK, cashflow=OK, dividends=EMPTY
2026-10-02 06:50:44,215 [INFO] [TIME] 476A 辻・本郷ＩＴコンサルティング 処理時間: 0.88s
2026-10-02 06:50:45,415 [DEBUG] [TIME] 4771 info: 0.15s
2026-10-02 06:50:45,415 [DEBUG] yfinance OK: 4771
2026-10-02 06:50:45,651 [DEBUG] [TIME] 4771 income_stmt: 0.24s
2026-10-02 06:50:45,804 [DEBUG] [TIME] 4771 balance_sheet: 0.15s
2026-10-02 06:50:46,091 [DEBUG] [TIME] 4771 cashflow: 0.29s
2026-10-02 06:50:46,330 [DEBUG] [TIME] 4771 dividends: 0.24s
2026-10-02 06:50:46,331 [INFO] [DETAIL] 4771 エフアンドエム: income_stmt=OK, balance_sheet=OK, cashflow=OK, dividends=OK
2026-10-02 06:50:46,331 [INFO] [TIME] 4771 エフアンドエム 処理時間: 1.07s
2026-10-02 06:50:47,819 [DEBUG] [TIME] 4772 info: 0.18s
2026-10-02 06:50:47,819 [DEBUG] yfinance OK: 4772
2026-10-02 06:50:47,984 [DEBUG] [TIME] 4772 income_stmt: 0.16s
2026-10-02 06:50:48,153 [DEBUG] [TIME] 4772 balance_sheet: 0.17s
2026-10-02 06:50:48,297 [DEBUG] [TIME] 4772 cashflow: 0.14s
2026-10-02 06:50:48,482 [DEBUG] [TIME] 4772 dividends: 0.18s
2026-10-02 06:50:48,483 [INFO] [DETAIL] 4772 ＳＭ　ＥＮＴＥＲＴＡＩＮＭＥＮＴ　ＪＡＰＡＮ: income_stmt=OK, balance_sheet=OK, cashflow=OK, dividends=OK
2026-10-02 06:50:48,483 [INFO] [TIME] 4772 ＳＭ　ＥＮＴＥＲＴＡＩＮＭＥＮＴ　ＪＡＰＡＮ 処理時間: 0.84s
2026-10-02 06:50:50,419 [DEBUG] [TIME] 4776 info: 0.19s
2026-10-02 06:50:50,419 [DEBUG] yfinance OK: 4776
2026-10-02 06:50:50,595 [DEBUG] [TIME] 4776 income_stmt: 0.18s
2026-10-02 06:50:50,756 [DEBUG] [TIME] 4776 balance_sheet: 0.16s
2026-10-02 06:50:50,922 [DEBUG] [TIME] 4776 cashflow: 0.16s
2026-10-02 06:50:51,183 [DEBUG] [TIME] 4776 dividends: 0.26s
2026-10-02 06:50:51,184 [INFO] [DETAIL] 4776 サイボウズ: income_stmt=OK, balance_sheet=OK, cashflow=OK, dividends=OK
2026-10-02 06:50:51,184 [INFO] [TIME] 4776 サイボウズ 処理時間: 0.95s
2026-10-02 06:50:52,407 [DEBUG] [TIME] 4777 info: 0.20s
2026-10-02 06:50:52,407 [DEBUG] yfinance OK: 4777
2026-10-02 06:50:52,600 [DEBUG] [TIME] 4777 income_stmt: 0.19s
2026-10-02 06:50:52,735 [DEBUG] [TIME] 4777 balance_sheet: 0.13s
2026-10-02 06:50:52,854 [DEBUG] [TIME] 4777 cashflow: 0.12s
2026-10-02 06:50:53,037 [DEBUG] [TIME] 4777 dividends: 0.18s
2026-10-02 06:50:53,037 [INFO] [DETAIL] 4777 ガーラ: income_stmt=OK, balance_sheet=OK, cashflow=OK, dividends=EMPTY
2026-10-02 06:50:53,037 [INFO] [TIME] 4777 ガーラ 処理時間: 0.83s
2026-10-02 06:50:54,236 [DEBUG] [TIME] 477A info: 0.17s
2026-10-02 06:50:54,236 [DEBUG] yfinance OK: 477A
2026-10-02 06:50:54,406 [DEBUG] [TIME] 477A income_stmt: 0.17s
2026-10-02 06:50:54,556 [DEBUG] [TIME] 477A balance_sheet: 0.15s
2026-10-02 06:50:54,761 [DEBUG] [TIME] 477A cashflow: 0.20s
2026-10-02 06:50:54,869 [DEBUG] [TIME] 477A dividends: 0.11s
2026-10-02 06:50:54,869 [INFO] [DETAIL] 477A スタートライン: income_stmt=OK, balance_sheet=OK, cashflow=OK, dividends=EMPTY
2026-10-02 06:50:54,869 [INFO] [TIME] 477A スタートライン 処理時間: 0.80s
2026-10-02 06:50:56,908 [DEBUG] [TIME] 4783 info: 0.18s
2026-10-02 06:50:56,908 [DEBUG] yfinance OK: 4783
2026-10-02 06:50:57,053 [DEBUG] [TIME] 4783 income_stmt: 0.14s
2026-10-02 06:50:57,353 [DEBUG] [TIME] 4783 balance_sheet: 0.30s
2026-10-02 06:50:57,488 [DEBUG] [TIME] 4783 cashflow: 0.13s
2026-10-02 06:50:57,832 [DEBUG] [TIME] 4783 dividends: 0.34s
2026-10-02 06:50:57,833 [INFO] [DETAIL] 4783 ＮＣＤ: income_stmt=OK, balance_sheet=OK, cashflow=OK, dividends=OK
2026-10-02 06:50:57,833 [INFO] [TIME] 4783 ＮＣＤ 処理時間: 1.11s
2026-10-02 06:50:59,981 [DEBUG] [TIME] 4784 info: 0.16s
2026-10-02 06:50:59,981 [DEBUG] yfinance OK: 4784
2026-10-02 06:51:00,169 [DEBUG] [TIME] 4784 income_stmt: 0.19s
2026-10-02 06:51:00,361 [DEBUG] [TIME] 4784 balance_sheet: 0.19s
2026-10-02 06:51:00,519 [DEBUG] [TIME] 4784 cashflow: 0.16s
2026-10-02 06:51:00,820 [DEBUG] [TIME] 4784 dividends: 0.30s
2026-10-02 06:51:00,821 [INFO] [DETAIL] 4784 ＧＭＯインターネット: income_stmt=OK, balance_sheet=OK, cashflow=OK, dividends=OK
2026-10-02 06:51:00,821 [INFO] [TIME] 4784 ＧＭＯインターネット 処理時間: 1.00s
2026-10-02 06:51:02,897 [DEBUG] [TIME] 478A info: 0.22s
2026-10-02 06:51:02,897 [DEBUG] yfinance OK: 478A
2026-10-02 06:51:03,085 [DEBUG] [TIME] 478A income_stmt: 0.19s
2026-10-02 06:51:03,340 [DEBUG] [TIME] 478A balance_sheet: 0.26s
2026-10-02 06:51:03,550 [DEBUG] [TIME] 478A cashflow: 0.21s
2026-10-02 06:51:03,624 [DEBUG] [TIME] 478A dividends: 0.07s
2026-10-02 06:51:03,625 [INFO] [DETAIL] 478A フツパー: income_stmt=OK, balance_sheet=OK, cashflow=OK, dividends=EMPTY
2026-10-02 06:51:03,625 [INFO] [TIME] 478A フツパー 処理時間: 0.95s
2026-10-02 06:51:05,368 [DEBUG] [TIME] 4792 info: 0.17s
2026-10-02 06:51:05,368 [DEBUG] yfinance OK: 4792
2026-10-02 06:51:05,613 [DEBUG] [TIME] 4792 income_stmt: 0.24s
2026-10-02 06:51:05,873 [DEBUG] [TIME] 4792 balance_sheet: 0.26s
2026-10-02 06:51:06,088 [DEBUG] [TIME] 4792 cashflow: 0.21s
2026-10-02 06:51:06,352 [DEBUG] [TIME] 4792 dividends: 0.26s
2026-10-02 06:51:06,353 [INFO] [DETAIL] 4792 山田コンサルティンググループ: income_stmt=OK, balance_sheet=OK, cashflow=OK, dividends=OK
2026-10-02 06:51:06,353 [INFO] [TIME] 4792 山田コンサルティンググループ 処理時間: 1.15s
2026-10-02 06:51:07,925 [DEBUG] [TIME] 479A info: 0.14s
2026-10-02 06:51:07,926 [DEBUG] yfinance OK: 479A
2026-10-02 06:51:08,128 [DEBUG] [TIME] 479A income_stmt: 0.20s
2026-10-02 06:51:08,289 [DEBUG] [TIME] 479A balance_sheet: 0.16s
2026-10-02 06:51:08,406 [DEBUG] [TIME] 479A cashflow: 0.12s
2026-10-02 06:51:08,489 [DEBUG] [TIME] 479A dividends: 0.08s
2026-10-02 06:51:08,489 [INFO] [DETAIL] 479A ＰＲＯＮＩ: income_stmt=OK, balance_sheet=OK, cashflow=OK, dividends=EMPTY
2026-10-02 06:51:08,489 [INFO] [TIME] 479A ＰＲＯＮＩ 処理時間: 0.71s
2026-10-02 06:51:09,687 [DEBUG] [TIME] 4800 info: 0.19s
2026-10-02 06:51:09,688 [DEBUG] yfinance OK: 4800
2026-10-02 06:51:09,928 [DEBUG] [TIME] 4800 income_stmt: 0.24s
2026-10-02 06:51:10,162 [DEBUG] [TIME] 4800 balance_sheet: 0.23s
2026-10-02 06:51:10,318 [DEBUG] [TIME] 4800 cashflow: 0.15s
2026-10-02 06:51:10,623 [DEBUG] [TIME] 4800 dividends: 0.30s
2026-10-02 06:51:10,624 [INFO] [DETAIL] 4800 オリコン: income_stmt=OK, balance_sheet=OK, cashflow=OK, dividends=OK
2026-10-02 06:51:10,624 [INFO] [TIME] 4800 オリコン 処理時間: 1.13s
2026-10-02 06:51:11,831 [DEBUG] [TIME] 4801 info: 0.15s
2026-10-02 06:51:11,831 [DEBUG] yfinance OK: 4801
2026-10-02 06:51:11,939 [DEBUG] [TIME] 4801 income_stmt: 0.11s
2026-10-02 06:51:12,205 [DEBUG] [TIME] 4801 balance_sheet: 0.27s
2026-10-02 06:51:12,418 [DEBUG] [TIME] 4801 cashflow: 0.21s
2026-10-02 06:51:12,664 [DEBUG] [TIME] 4801 dividends: 0.24s
2026-10-02 06:51:12,665 [INFO] [DETAIL] 4801 セントラルスポーツ: income_stmt=OK, balance_sheet=OK, cashflow=OK, dividends=OK
2026-10-02 06:51:12,665 [INFO] [TIME] 4801 セントラルスポーツ 処理時間: 0.98s
2026-10-02 06:51:14,090 [DEBUG] [TIME] 4809 info: 0.15s
2026-10-02 06:51:14,090 [DEBUG] yfinance OK: 4809
2026-10-02 06:51:14,231 [DEBUG] [TIME] 4809 income_stmt: 0.14s
2026-10-02 06:51:14,449 [DEBUG] [TIME] 4809 balance_sheet: 0.22s
2026-10-02 06:51:14,697 [DEBUG] [TIME] 4809 cashflow: 0.25s
2026-10-02 06:51:14,904 [DEBUG] [TIME] 4809 dividends: 0.21s
2026-10-02 06:51:14,905 [INFO] [DETAIL] 4809 パラカ: income_stmt=OK, balance_sheet=OK, cashflow=OK, dividends=OK
2026-10-02 06:51:14,905 [INFO] [TIME] 4809 パラカ 処理時間: 0.96s
2026-10-02 06:51:16,506 [DEBUG] [TIME] 480A info: 0.18s
2026-10-02 06:51:16,506 [DEBUG] yfinance OK: 480A
2026-10-02 06:51:16,637 [DEBUG] [TIME] 480A income_stmt: 0.13s
2026-10-02 06:51:16,899 [DEBUG] [TIME] 480A balance_sheet: 0.26s
2026-10-02 06:51:17,030 [DEBUG] [TIME] 480A cashflow: 0.13s
2026-10-02 06:51:17,121 [DEBUG] [TIME] 480A dividends: 0.09s
2026-10-02 06:51:17,121 [INFO] [DETAIL] 480A リブ・コンサルティング: income_stmt=OK, balance_sheet=OK, cashflow=OK, dividends=EMPTY
2026-10-02 06:51:17,121 [INFO] [TIME] 480A リブ・コンサルティング 処理時間: 0.79s
2026-10-02 06:51:18,302 [DEBUG] [TIME] 4811 info: 0.14s
2026-10-02 06:51:18,302 [DEBUG] yfinance OK: 4811
2026-10-02 06:51:18,560 [DEBUG] [TIME] 4811 income_stmt: 0.26s
2026-10-02 06:51:18,842 [DEBUG] [TIME] 4811 balance_sheet: 0.28s
2026-10-02 06:51:19,057 [DEBUG] [TIME] 4811 cashflow: 0.21s
2026-10-02 06:51:19,163 [DEBUG] [TIME] 4811 dividends: 0.11s
2026-10-02 06:51:19,164 [INFO] [DETAIL] 4811 ドリーム・アーツ: income_stmt=OK, balance_sheet=OK, cashflow=OK, dividends=OK
2026-10-02 06:51:19,164 [INFO] [TIME] 4811 ドリーム・アーツ 処理時間: 1.00s
2026-10-02 06:51:20,853 [DEBUG] [TIME] 4812 info: 0.15s
2026-10-02 06:51:20,853 [DEBUG] yfinance OK: 4812
2026-10-02 06:51:20,986 [DEBUG] [TIME] 4812 income_stmt: 0.13s
2026-10-02 06:51:21,287 [DEBUG] [TIME] 4812 balance_sheet: 0.30s
2026-10-02 06:51:21,462 [DEBUG] [TIME] 4812 cashflow: 0.17s
2026-10-02 06:51:21,780 [DEBUG] [TIME] 4812 dividends: 0.32s
2026-10-02 06:51:21,782 [INFO] [DETAIL] 4812 電通総研: income_stmt=OK, balance_sheet=OK, cashflow=OK, dividends=OK
2026-10-02 06:51:21,782 [INFO] [TIME] 4812 電通総研 処理時間: 1.08s
2026-10-02 06:51:23,822 [DEBUG] [TIME] 4813 info: 0.20s
2026-10-02 06:51:23,822 [DEBUG] yfinance OK: 4813
2026-10-02 06:51:24,044 [DEBUG] [TIME] 4813 income_stmt: 0.22s
2026-10-02 06:51:24,243 [DEBUG] [TIME] 4813 balance_sheet: 0.20s
2026-10-02 06:51:24,454 [DEBUG] [TIME] 4813 cashflow: 0.21s
2026-10-02 06:51:24,696 [DEBUG] [TIME] 4813 dividends: 0.24s
2026-10-02 06:51:24,697 [INFO] [DETAIL] 4813 ＡＣＣＥＳＳ: income_stmt=OK, balance_sheet=OK, cashflow=OK, dividends=OK
2026-10-02 06:51:24,697 [INFO] [TIME] 4813 ＡＣＣＥＳＳ 処理時間: 1.07s
2026-10-02 06:51:25,911 [DEBUG] [TIME] 4814 info: 0.15s
2026-10-02 06:51:25,911 [DEBUG] yfinance OK: 4814
2026-10-02 06:51:26,056 [DEBUG] [TIME] 4814 income_stmt: 0.15s
2026-10-02 06:51:26,360 [DEBUG] [TIME] 4814 balance_sheet: 0.30s
2026-10-02 06:51:26,502 [DEBUG] [TIME] 4814 cashflow: 0.14s
2026-10-02 06:51:26,719 [DEBUG] [TIME] 4814 dividends: 0.22s
2026-10-02 06:51:26,720 [INFO] [DETAIL] 4814 ネクストウェア: income_stmt=OK, balance_sheet=OK, cashflow=OK, dividends=OK
2026-10-02 06:51:26,720 [INFO] [TIME] 4814 ネクストウェア 処理時間: 0.96s
2026-10-02 06:51:28,885 [DEBUG] [TIME] 4816 info: 0.18s
2026-10-02 06:51:28,886 [DEBUG] yfinance OK: 4816
2026-10-02 06:51:29,132 [DEBUG] [TIME] 4816 income_stmt: 0.25s
2026-10-02 06:51:29,284 [DEBUG] [TIME] 4816 balance_sheet: 0.15s
2026-10-02 06:51:29,405 [DEBUG] [TIME] 4816 cashflow: 0.12s
2026-10-02 06:51:29,705 [DEBUG] [TIME] 4816 dividends: 0.30s
2026-10-02 06:51:29,706 [INFO] [DETAIL] 4816 東映アニメーション: income_stmt=OK, balance_sheet=OK, cashflow=OK, dividends=OK
2026-10-02 06:51:29,706 [INFO] [TIME] 4816 東映アニメーション 処理時間: 1.00s
2026-10-02 06:51:31,800 [DEBUG] [TIME] 4819 info: 0.20s
2026-10-02 06:51:31,800 [DEBUG] yfinance OK: 4819
2026-10-02 06:51:31,924 [DEBUG] [TIME] 4819 income_stmt: 0.12s
2026-10-02 06:51:32,112 [DEBUG] [TIME] 4819 balance_sheet: 0.19s
2026-10-02 06:51:32,342 [DEBUG] [TIME] 4819 cashflow: 0.23s
2026-10-02 06:51:32,622 [DEBUG] [TIME] 4819 dividends: 0.28s
2026-10-02 06:51:32,623 [INFO] [DETAIL] 4819 デジタルガレージ: income_stmt=OK, balance_sheet=OK, cashflow=OK, dividends=OK
2026-10-02 06:51:32,623 [INFO] [TIME] 4819 デジタルガレージ 処理時間: 1.02s
2026-10-02 06:51:34,734 [DEBUG] [TIME] 4820 info: 0.18s
2026-10-02 06:51:34,735 [DEBUG] yfinance OK: 4820
2026-10-02 06:51:34,936 [DEBUG] [TIME] 4820 income_stmt: 0.20s
2026-10-02 06:51:35,128 [DEBUG] [TIME] 4820 balance_sheet: 0.19s
2026-10-02 06:51:35,419 [DEBUG] [TIME] 4820 cashflow: 0.29s
2026-10-02 06:51:35,662 [DEBUG] [TIME] 4820 dividends: 0.24s
2026-10-02 06:51:35,664 [INFO] [DETAIL] 4820 イーエムシステムズ: income_stmt=OK, balance_sheet=OK, cashflow=OK, dividends=OK
2026-10-02 06:51:35,664 [INFO] [TIME] 4820 イーエムシステムズ 処理時間: 1.11s
2026-10-02 06:51:37,180 [DEBUG] [TIME] 4825 info: 0.19s
2026-10-02 06:51:37,180 [DEBUG] yfinance OK: 4825
2026-10-02 06:51:37,331 [DEBUG] [TIME] 4825 income_stmt: 0.15s
2026-10-02 06:51:37,502 [DEBUG] [TIME] 4825 balance_sheet: 0.17s
2026-10-02 06:51:37,642 [DEBUG] [TIME] 4825 cashflow: 0.14s
2026-10-02 06:51:37,887 [DEBUG] [TIME] 4825 dividends: 0.24s
2026-10-02 06:51:37,888 [INFO] [DETAIL] 4825 ウェザーニューズ: income_stmt=OK, balance_sheet=OK, cashflow=OK, dividends=OK
2026-10-02 06:51:37,888 [INFO] [TIME] 4825 ウェザーニューズ 処理時間: 0.90s
2026-10-02 06:51:39,522 [DEBUG] [TIME] 4826 info: 0.17s
2026-10-02 06:51:39,523 [DEBUG] yfinance OK: 4826
2026-10-02 06:51:39,658 [DEBUG] [TIME] 4826 income_stmt: 0.13s
2026-10-02 06:51:39,847 [DEBUG] [TIME] 4826 balance_sheet: 0.19s
2026-10-02 06:51:40,010 [DEBUG] [TIME] 4826 cashflow: 0.16s
2026-10-02 06:51:40,310 [DEBUG] [TIME] 4826 dividends: 0.30s
2026-10-02 06:51:40,311 [INFO] [DETAIL] 4826 ＣＩＪ: income_stmt=OK, balance_sheet=OK, cashflow=OK, dividends=OK
2026-10-02 06:51:40,311 [INFO] [TIME] 4826 ＣＩＪ 処理時間: 0.96s
2026-10-02 06:51:41,947 [DEBUG] [TIME] 4828 info: 0.18s
2026-10-02 06:51:41,947 [DEBUG] yfinance OK: 4828
2026-10-02 06:51:42,148 [DEBUG] [TIME] 4828 income_stmt: 0.20s
2026-10-02 06:51:42,318 [DEBUG] [TIME] 4828 balance_sheet: 0.17s
2026-10-02 06:51:42,534 [DEBUG] [TIME] 4828 cashflow: 0.22s
2026-10-02 06:51:42,774 [DEBUG] [TIME] 4828 dividends: 0.24s
2026-10-02 06:51:42,775 [INFO] [DETAIL] 4828 ビジネスエンジニアリング: income_stmt=OK, balance_sheet=OK, cashflow=OK, dividends=OK
2026-10-02 06:51:42,776 [INFO] [TIME] 4828 ビジネスエンジニアリング 処理時間: 1.01s
2026-10-02 06:51:44,153 [DEBUG] [TIME] 4829 info: 0.16s
2026-10-02 06:51:44,153 [DEBUG] yfinance OK: 4829
2026-10-02 06:51:44,361 [DEBUG] [TIME] 4829 income_stmt: 0.21s
2026-10-02 06:51:44,541 [DEBUG] [TIME] 4829 balance_sheet: 0.18s
2026-10-02 06:51:44,800 [DEBUG] [TIME] 4829 cashflow: 0.26s
2026-10-02 06:51:45,053 [DEBUG] [TIME] 4829 dividends: 0.25s
2026-10-02 06:51:45,054 [INFO] [DETAIL] 4829 日本エンタープライズ: income_stmt=OK, balance_sheet=OK, cashflow=OK, dividends=OK
2026-10-02 06:51:45,054 [INFO] [TIME] 4829 日本エンタープライズ 処理時間: 1.06s
2026-10-02 06:51:46,465 [DEBUG] [TIME] 4832 info: 0.15s
2026-10-02 06:51:46,465 [DEBUG] yfinance OK: 4832
2026-10-02 06:51:46,592 [DEBUG] [TIME] 4832 income_stmt: 0.13s
2026-10-02 06:51:46,861 [DEBUG] [TIME] 4832 balance_sheet: 0.27s
2026-10-02 06:51:47,003 [DEBUG] [TIME] 4832 cashflow: 0.14s
2026-10-02 06:51:47,490 [DEBUG] [TIME] 4832 dividends: 0.49s
2026-10-02 06:51:47,491 [INFO] [DETAIL] 4832 ＪＦＥシステムズ: income_stmt=OK, balance_sheet=OK, cashflow=OK, dividends=OK
2026-10-02 06:51:47,492 [INFO] [TIME] 4832 ＪＦＥシステムズ 処理時間: 1.18s
2026-10-02 06:51:49,328 [DEBUG] [TIME] 4833 info: 0.17s
2026-10-02 06:51:49,328 [DEBUG] yfinance OK: 4833
2026-10-02 06:51:49,564 [DEBUG] [TIME] 4833 income_stmt: 0.24s
2026-10-02 06:51:49,754 [DEBUG] [TIME] 4833 balance_sheet: 0.19s
2026-10-02 06:51:49,907 [DEBUG] [TIME] 4833 cashflow: 0.15s
2026-10-02 06:51:50,088 [DEBUG] [TIME] 4833 dividends: 0.18s
2026-10-02 06:51:50,088 [INFO] [DETAIL] 4833 Ｄｅｆ　ｃｏｎｓｕｌｔｉｎｇ: income_stmt=OK, balance_sheet=OK, cashflow=OK, dividends=EMPTY
2026-10-02 06:51:50,088 [INFO] [TIME] 4833 Ｄｅｆ　ｃｏｎｓｕｌｔｉｎｇ 処理時間: 0.93s
2026-10-02 06:51:52,263 [DEBUG] [TIME] 4838 info: 0.27s
2026-10-02 06:51:52,263 [DEBUG] yfinance OK: 4838
2026-10-02 06:51:52,491 [DEBUG] [TIME] 4838 income_stmt: 0.23s
2026-10-02 06:51:52,646 [DEBUG] [TIME] 4838 balance_sheet: 0.15s
2026-10-02 06:51:52,850 [DEBUG] [TIME] 4838 cashflow: 0.20s
2026-10-02 06:51:53,107 [DEBUG] [TIME] 4838 dividends: 0.26s
2026-10-02 06:51:53,108 [INFO] [DETAIL] 4838 スペースシャワーＳＫＩＹＡＫＩホールディングス: income_stmt=OK, balance_sheet=OK, cashflow=OK, dividends=OK
2026-10-02 06:51:53,108 [INFO] [TIME] 4838 スペースシャワーＳＫＩＹＡＫＩホールディングス 処理時間: 1.11s
2026-10-02 06:51:55,195 [DEBUG] [TIME] 4839 info: 0.16s
2026-10-02 06:51:55,195 [DEBUG] yfinance OK: 4839
2026-10-02 06:51:55,312 [DEBUG] [TIME] 4839 income_stmt: 0.12s
2026-10-02 06:51:55,588 [DEBUG] [TIME] 4839 balance_sheet: 0.28s
2026-10-02 06:51:55,745 [DEBUG] [TIME] 4839 cashflow: 0.16s
2026-10-02 06:51:55,981 [DEBUG] [TIME] 4839 dividends: 0.24s
2026-10-02 06:51:55,982 [INFO] [DETAIL] 4839 ＷＯＷＯＷ: income_stmt=OK, balance_sheet=OK, cashflow=OK, dividends=OK
2026-10-02 06:51:55,982 [INFO] [TIME] 4839 ＷＯＷＯＷ 処理時間: 0.94s
2026-10-02 06:51:57,381 [DEBUG] [TIME] 483A info: 0.16s
2026-10-02 06:51:57,381 [DEBUG] yfinance OK: 483A
2026-10-02 06:51:57,537 [DEBUG] [TIME] 483A income_stmt: 0.16s
2026-10-02 06:51:57,659 [DEBUG] [TIME] 483A balance_sheet: 0.12s
2026-10-02 06:51:57,810 [DEBUG] [TIME] 483A cashflow: 0.15s
2026-10-02 06:51:57,915 [DEBUG] [TIME] 483A dividends: 0.10s
2026-10-02 06:51:57,916 [INFO] [DETAIL] 483A テラテクノロジー: income_stmt=OK, balance_sheet=OK, cashflow=OK, dividends=OK
2026-10-02 06:51:57,916 [INFO] [TIME] 483A テラテクノロジー 処理時間: 0.70s
2026-10-02 06:51:59,303 [DEBUG] [TIME] 4840 info: 0.18s
2026-10-02 06:51:59,303 [DEBUG] yfinance OK: 4840
2026-10-02 06:51:59,489 [DEBUG] [TIME] 4840 income_stmt: 0.19s
2026-10-02 06:51:59,666 [DEBUG] [TIME] 4840 balance_sheet: 0.18s
2026-10-02 06:51:59,829 [DEBUG] [TIME] 4840 cashflow: 0.16s
2026-10-02 06:52:00,052 [DEBUG] [TIME] 4840 dividends: 0.22s
2026-10-02 06:52:00,053 [INFO] [DETAIL] 4840 トライアイズ: income_stmt=OK, balance_sheet=OK, cashflow=OK, dividends=OK
2026-10-02 06:52:00,053 [INFO] [TIME] 4840 トライアイズ 処理時間: 0.93s
2026-10-02 06:52:01,960 [DEBUG] [TIME] 4845 info: 0.18s
2026-10-02 06:52:01,960 [DEBUG] yfinance OK: 4845
2026-10-02 06:52:02,110 [DEBUG] [TIME] 4845 income_stmt: 0.15s
2026-10-02 06:52:02,358 [DEBUG] [TIME] 4845 balance_sheet: 0.25s
2026-10-02 06:52:02,472 [DEBUG] [TIME] 4845 cashflow: 0.11s
2026-10-02 06:52:02,778 [DEBUG] [TIME] 4845 dividends: 0.30s
2026-10-02 06:52:02,779 [INFO] [DETAIL] 4845 スカラ: income_stmt=OK, balance_sheet=OK, cashflow=OK, dividends=OK
2026-10-02 06:52:02,779 [INFO] [TIME] 4845 スカラ 処理時間: 1.00s
2026-10-02 06:52:04,645 [DEBUG] [TIME] 4847 info: 0.16s
2026-10-02 06:52:04,645 [DEBUG] yfinance OK: 4847
2026-10-02 06:52:04,792 [DEBUG] [TIME] 4847 income_stmt: 0.15s
2026-10-02 06:52:04,992 [DEBUG] [TIME] 4847 balance_sheet: 0.20s
2026-10-02 06:52:05,158 [DEBUG] [TIME] 4847 cashflow: 0.17s
2026-10-02 06:52:05,435 [DEBUG] [TIME] 4847 dividends: 0.28s
2026-10-02 06:52:05,436 [INFO] [DETAIL] 4847 インテリジェント　ウェイブ: income_stmt=OK, balance_sheet=OK, cashflow=OK, dividends=OK
2026-10-02 06:52:05,436 [INFO] [TIME] 4847 インテリジェント　ウェイブ 処理時間: 0.95s
2026-10-02 06:52:06,703 [DEBUG] [TIME] 4848 info: 0.25s
2026-10-02 06:52:06,703 [DEBUG] yfinance OK: 4848
2026-10-02 06:52:06,862 [DEBUG] [TIME] 4848 income_stmt: 0.16s
2026-10-02 06:52:07,093 [DEBUG] [TIME] 4848 balance_sheet: 0.23s
2026-10-02 06:52:07,260 [DEBUG] [TIME] 4848 cashflow: 0.17s
2026-10-02 06:52:07,739 [DEBUG] [TIME] 4848 dividends: 0.48s
2026-10-02 06:52:07,740 [INFO] [DETAIL] 4848 フルキャストホールディングス: income_stmt=OK, balance_sheet=OK, cashflow=OK, dividends=OK
2026-10-02 06:52:07,740 [INFO] [TIME] 4848 フルキャストホールディングス 処理時間: 1.29s
2026-10-02 06:52:09,157 [DEBUG] [TIME] 4849 info: 0.19s
2026-10-02 06:52:09,158 [DEBUG] yfinance OK: 4849
2026-10-02 06:52:09,284 [DEBUG] [TIME] 4849 income_stmt: 0.13s
2026-10-02 06:52:09,569 [DEBUG] [TIME] 4849 balance_sheet: 0.28s
2026-10-02 06:52:09,746 [DEBUG] [TIME] 4849 cashflow: 0.18s
2026-10-02 06:52:10,020 [DEBUG] [TIME] 4849 dividends: 0.27s
2026-10-02 06:52:10,021 [INFO] [DETAIL] 4849 エン: income_stmt=OK, balance_sheet=OK, cashflow=OK, dividends=OK
2026-10-02 06:52:10,021 [INFO] [TIME] 4849 エン 処理時間: 1.06s
2026-10-02 06:52:11,770 [DEBUG] [TIME] 485A info: 0.19s
2026-10-02 06:52:11,770 [DEBUG] yfinance OK: 485A
2026-10-02 06:52:11,923 [DEBUG] [TIME] 485A income_stmt: 0.15s
2026-10-02 06:52:12,239 [DEBUG] [TIME] 485A balance_sheet: 0.31s
2026-10-02 06:52:12,418 [DEBUG] [TIME] 485A cashflow: 0.18s
2026-10-02 06:52:12,576 [DEBUG] [TIME] 485A dividends: 0.16s
2026-10-02 06:52:12,576 [INFO] [DETAIL] 485A パワーエックス: income_stmt=OK, balance_sheet=OK, cashflow=OK, dividends=EMPTY
2026-10-02 06:52:12,576 [INFO] [TIME] 485A パワーエックス 処理時間: 0.99s
2026-10-02 06:52:13,938 [DEBUG] [TIME] 4880 info: 0.15s
2026-10-02 06:52:13,938 [DEBUG] yfinance OK: 4880
2026-10-02 06:52:14,100 [DEBUG] [TIME] 4880 income_stmt: 0.16s
2026-10-02 06:52:14,294 [DEBUG] [TIME] 4880 balance_sheet: 0.19s
2026-10-02 06:52:14,517 [DEBUG] [TIME] 4880 cashflow: 0.22s
2026-10-02 06:52:14,705 [DEBUG] [TIME] 4880 dividends: 0.19s
2026-10-02 06:52:14,706 [INFO] [DETAIL] 4880 セルソース: income_stmt=OK, balance_sheet=OK, cashflow=OK, dividends=OK
2026-10-02 06:52:14,706 [INFO] [TIME] 4880 セルソース 処理時間: 0.92s
2026-10-02 06:52:16,131 [DEBUG] [TIME] 4881 info: 0.16s
2026-10-02 06:52:16,131 [DEBUG] yfinance OK: 4881
2026-10-02 06:52:16,321 [DEBUG] [TIME] 4881 income_stmt: 0.19s
2026-10-02 06:52:16,489 [DEBUG] [TIME] 4881 balance_sheet: 0.17s
2026-10-02 06:52:16,719 [DEBUG] [TIME] 4881 cashflow: 0.23s
2026-10-02 06:52:16,818 [DEBUG] [TIME] 4881 dividends: 0.10s
2026-10-02 06:52:16,818 [INFO] [DETAIL] 4881 ファンペップ: income_stmt=OK, balance_sheet=OK, cashflow=OK, dividends=EMPTY
2026-10-02 06:52:16,818 [INFO] [TIME] 4881 ファンペップ 処理時間: 0.84s
2026-10-02 06:52:18,310 [DEBUG] [TIME] 4882 info: 0.18s
2026-10-02 06:52:18,310 [DEBUG] yfinance OK: 4882
2026-10-02 06:52:18,508 [DEBUG] [TIME] 4882 income_stmt: 0.20s
2026-10-02 06:52:18,808 [DEBUG] [TIME] 4882 balance_sheet: 0.30s
2026-10-02 06:52:18,946 [DEBUG] [TIME] 4882 cashflow: 0.14s
2026-10-02 06:52:19,049 [DEBUG] [TIME] 4882 dividends: 0.10s
2026-10-02 06:52:19,049 [INFO] [DETAIL] 4882 ペルセウスプロテオミクス: income_stmt=OK, balance_sheet=OK, cashflow=OK, dividends=EMPTY
2026-10-02 06:52:19,049 [INFO] [TIME] 4882 ペルセウスプロテオミクス 処理時間: 0.92s
2026-10-02 06:52:20,672 [DEBUG] [TIME] 4883 info: 0.17s
2026-10-02 06:52:20,672 [DEBUG] yfinance OK: 4883
2026-10-02 06:52:20,890 [DEBUG] [TIME] 4883 income_stmt: 0.22s
2026-10-02 06:52:21,173 [DEBUG] [TIME] 4883 balance_sheet: 0.28s
2026-10-02 06:52:21,411 [DEBUG] [TIME] 4883 cashflow: 0.24s
2026-10-02 06:52:21,519 [DEBUG] [TIME] 4883 dividends: 0.11s
2026-10-02 06:52:21,519 [INFO] [DETAIL] 4883 モダリス: income_stmt=OK, balance_sheet=OK, cashflow=OK, dividends=EMPTY
2026-10-02 06:52:21,519 [INFO] [TIME] 4883 モダリス 処理時間: 1.02s
2026-10-02 06:52:22,767 [DEBUG] [TIME] 4884 info: 0.15s
2026-10-02 06:52:22,767 [DEBUG] yfinance OK: 4884
2026-10-02 06:52:22,943 [DEBUG] [TIME] 4884 income_stmt: 0.18s
2026-10-02 06:52:23,207 [DEBUG] [TIME] 4884 balance_sheet: 0.26s
2026-10-02 06:52:23,429 [DEBUG] [TIME] 4884 cashflow: 0.22s
2026-10-02 06:52:23,526 [DEBUG] [TIME] 4884 dividends: 0.10s
2026-10-02 06:52:23,526 [INFO] [DETAIL] 4884 クリングルファーマ: income_stmt=OK, balance_sheet=OK, cashflow=OK, dividends=EMPTY
2026-10-02 06:52:23,526 [INFO] [TIME] 4884 クリングルファーマ 処理時間: 0.91s
2026-10-02 06:52:25,012 [DEBUG] [TIME] 4885 info: 0.15s
2026-10-02 06:52:25,012 [DEBUG] yfinance OK: 4885
2026-10-02 06:52:25,226 [DEBUG] [TIME] 4885 income_stmt: 0.21s
2026-10-02 06:52:25,407 [DEBUG] [TIME] 4885 balance_sheet: 0.18s
2026-10-02 06:52:25,686 [DEBUG] [TIME] 4885 cashflow: 0.28s
2026-10-02 06:52:25,808 [DEBUG] [TIME] 4885 dividends: 0.12s
2026-10-02 06:52:25,809 [INFO] [DETAIL] 4885 室町ケミカル: income_stmt=OK, balance_sheet=OK, cashflow=OK, dividends=OK
2026-10-02 06:52:25,809 [INFO] [TIME] 4885 室町ケミカル 処理時間: 0.95s
2026-10-02 06:52:27,813 [DEBUG] [TIME] 4886 info: 0.19s
2026-10-02 06:52:27,814 [DEBUG] yfinance OK: 4886
2026-10-02 06:52:27,982 [DEBUG] [TIME] 4886 income_stmt: 0.17s
2026-10-02 06:52:28,146 [DEBUG] [TIME] 4886 balance_sheet: 0.16s
2026-10-02 06:52:28,316 [DEBUG] [TIME] 4886 cashflow: 0.17s
2026-10-02 06:52:28,483 [DEBUG] [TIME] 4886 dividends: 0.17s
2026-10-02 06:52:28,484 [INFO] [DETAIL] 4886 あすか製薬ホールディングス: income_stmt=OK, balance_sheet=OK, cashflow=OK, dividends=OK
2026-10-02 06:52:28,484 [INFO] [TIME] 4886 あすか製薬ホールディングス 処理時間: 0.86s
2026-10-02 06:52:30,307 [DEBUG] [TIME] 4887 info: 0.21s
2026-10-02 06:52:30,308 [DEBUG] yfinance OK: 4887
2026-10-02 06:52:30,449 [DEBUG] [TIME] 4887 income_stmt: 0.14s
2026-10-02 06:52:30,677 [DEBUG] [TIME] 4887 balance_sheet: 0.23s
2026-10-02 06:52:30,912 [DEBUG] [TIME] 4887 cashflow: 0.23s
2026-10-02 06:52:31,036 [DEBUG] [TIME] 4887 dividends: 0.12s
2026-10-02 06:52:31,037 [INFO] [DETAIL] 4887 サワイグループホールディングス: income_stmt=OK, balance_sheet=OK, cashflow=OK, dividends=OK
2026-10-02 06:52:31,037 [INFO] [TIME] 4887 サワイグループホールディングス 処理時間: 0.94s
2026-10-02 06:52:32,392 [DEBUG] [TIME] 4888 info: 0.16s
2026-10-02 06:52:32,392 [DEBUG] yfinance OK: 4888
2026-10-02 06:52:32,611 [DEBUG] [TIME] 4888 income_stmt: 0.22s
2026-10-02 06:52:32,898 [DEBUG] [TIME] 4888 balance_sheet: 0.29s
2026-10-02 06:52:33,128 [DEBUG] [TIME] 4888 cashflow: 0.23s
2026-10-02 06:52:33,296 [DEBUG] [TIME] 4888 dividends: 0.17s
2026-10-02 06:52:33,296 [INFO] [DETAIL] 4888 ステラファーマ: income_stmt=OK, balance_sheet=OK, cashflow=OK, dividends=EMPTY
2026-10-02 06:52:33,296 [INFO] [TIME] 4888 ステラファーマ 処理時間: 1.07s
2026-10-02 06:52:34,779 [DEBUG] [TIME] 4889 info: 0.17s
2026-10-02 06:52:34,779 [DEBUG] yfinance OK: 4889
2026-10-02 06:52:34,987 [DEBUG] [TIME] 4889 income_stmt: 0.21s
2026-10-02 06:52:35,276 [DEBUG] [TIME] 4889 balance_sheet: 0.29s
2026-10-02 06:52:35,418 [DEBUG] [TIME] 4889 cashflow: 0.14s
2026-10-02 06:52:35,513 [DEBUG] [TIME] 4889 dividends: 0.09s
2026-10-02 06:52:35,513 [INFO] [DETAIL] 4889 レナサイエンス: income_stmt=OK, balance_sheet=OK, cashflow=OK, dividends=EMPTY
2026-10-02 06:52:35,513 [INFO] [TIME] 4889 レナサイエンス 処理時間: 0.91s
2026-10-02 06:52:37,629 [DEBUG] [TIME] 4890 info: 0.15s
2026-10-02 06:52:37,629 [DEBUG] yfinance OK: 4890
2026-10-02 06:52:37,871 [DEBUG] [TIME] 4890 income_stmt: 0.24s
2026-10-02 06:52:38,154 [DEBUG] [TIME] 4890 balance_sheet: 0.28s
2026-10-02 06:52:38,387 [DEBUG] [TIME] 4890 cashflow: 0.23s
2026-10-02 06:52:38,488 [DEBUG] [TIME] 4890 dividends: 0.10s
2026-10-02 06:52:38,488 [INFO] [DETAIL] 4890 坪田ラボ: income_stmt=OK, balance_sheet=OK, cashflow=OK, dividends=EMPTY
2026-10-02 06:52:38,488 [INFO] [TIME] 4890 坪田ラボ 処理時間: 1.01s
2026-10-02 06:52:40,257 [DEBUG] [TIME] 4891 info: 0.15s
2026-10-02 06:52:40,257 [DEBUG] yfinance OK: 4891
2026-10-02 06:52:40,482 [DEBUG] [TIME] 4891 income_stmt: 0.23s
2026-10-02 06:52:40,661 [DEBUG] [TIME] 4891 balance_sheet: 0.18s
2026-10-02 06:52:40,874 [DEBUG] [TIME] 4891 cashflow: 0.21s
2026-10-02 06:52:40,975 [DEBUG] [TIME] 4891 dividends: 0.10s
2026-10-02 06:52:40,975 [INFO] [DETAIL] 4891 ティムス: income_stmt=OK, balance_sheet=OK, cashflow=OK, dividends=EMPTY
2026-10-02 06:52:40,975 [INFO] [TIME] 4891 ティムス 処理時間: 0.87s
2026-10-02 06:52:43,071 [DEBUG] [TIME] 4892 info: 0.15s
2026-10-02 06:52:43,071 [DEBUG] yfinance OK: 4892
2026-10-02 06:52:43,247 [DEBUG] [TIME] 4892 income_stmt: 0.18s
2026-10-02 06:52:43,575 [DEBUG] [TIME] 4892 balance_sheet: 0.33s
2026-10-02 06:52:43,816 [DEBUG] [TIME] 4892 cashflow: 0.24s
2026-10-02 06:52:43,933 [DEBUG] [TIME] 4892 dividends: 0.12s
2026-10-02 06:52:43,934 [INFO] [DETAIL] 4892 サイフューズ: income_stmt=OK, balance_sheet=OK, cashflow=OK, dividends=EMPTY
2026-10-02 06:52:43,934 [INFO] [TIME] 4892 サイフューズ 処理時間: 1.01s
2026-10-02 06:52:45,887 [DEBUG] [TIME] 4893 info: 0.19s
2026-10-02 06:52:45,887 [DEBUG] yfinance OK: 4893
2026-10-02 06:52:46,024 [DEBUG] [TIME] 4893 income_stmt: 0.14s
2026-10-02 06:52:46,274 [DEBUG] [TIME] 4893 balance_sheet: 0.25s
2026-10-02 06:52:46,479 [DEBUG] [TIME] 4893 cashflow: 0.20s
2026-10-02 06:52:46,584 [DEBUG] [TIME] 4893 dividends: 0.10s
2026-10-02 06:52:46,584 [INFO] [DETAIL] 4893 ノイルイミューン・バイオテック: income_stmt=OK, balance_sheet=OK, cashflow=OK, dividends=EMPTY
2026-10-02 06:52:46,584 [INFO] [TIME] 4893 ノイルイミューン・バイオテック 処理時間: 0.89s
2026-10-02 06:52:48,326 [DEBUG] [TIME] 4894 info: 0.15s
2026-10-02 06:52:48,327 [DEBUG] yfinance OK: 4894
2026-10-02 06:52:48,520 [DEBUG] [TIME] 4894 income_stmt: 0.19s
2026-10-02 06:52:48,758 [DEBUG] [TIME] 4894 balance_sheet: 0.24s
2026-10-02 06:52:48,931 [DEBUG] [TIME] 4894 cashflow: 0.17s
2026-10-02 06:52:49,049 [DEBUG] [TIME] 4894 dividends: 0.12s
2026-10-02 06:52:49,049 [INFO] [DETAIL] 4894 クオリプス: income_stmt=OK, balance_sheet=OK, cashflow=OK, dividends=EMPTY
2026-10-02 06:52:49,049 [INFO] [TIME] 4894 クオリプス 処理時間: 0.87s
2026-10-02 06:52:50,409 [DEBUG] [TIME] 4896 info: 0.18s
2026-10-02 06:52:50,409 [DEBUG] yfinance OK: 4896
2026-10-02 06:52:50,643 [DEBUG] [TIME] 4896 income_stmt: 0.23s
2026-10-02 06:52:50,908 [DEBUG] [TIME] 4896 balance_sheet: 0.26s
2026-10-02 06:52:51,038 [DEBUG] [TIME] 4896 cashflow: 0.13s
2026-10-02 06:52:51,176 [DEBUG] [TIME] 4896 dividends: 0.14s
2026-10-02 06:52:51,176 [INFO] [DETAIL] 4896 ケイファーマ: income_stmt=OK, balance_sheet=OK, cashflow=OK, dividends=EMPTY
2026-10-02 06:52:51,176 [INFO] [TIME] 4896 ケイファーマ 処理時間: 0.95s
2026-10-02 06:52:52,772 [DEBUG] [TIME] 4901 info: 0.18s
2026-10-02 06:52:52,772 [DEBUG] yfinance OK: 4901
2026-10-02 06:52:52,913 [DEBUG] [TIME] 4901 income_stmt: 0.14s
2026-10-02 06:52:53,087 [DEBUG] [TIME] 4901 balance_sheet: 0.17s
2026-10-02 06:52:53,223 [DEBUG] [TIME] 4901 cashflow: 0.14s
2026-10-02 06:52:53,480 [DEBUG] [TIME] 4901 dividends: 0.26s
2026-10-02 06:52:53,482 [INFO] [DETAIL] 4901 富士フイルムホールディングス: income_stmt=OK, balance_sheet=OK, cashflow=OK, dividends=OK
2026-10-02 06:52:53,482 [INFO] [TIME] 4901 富士フイルムホールディングス 処理時間: 0.89s
2026-10-02 06:52:54,827 [DEBUG] [TIME] 4902 info: 0.19s
2026-10-02 06:52:54,827 [DEBUG] yfinance OK: 4902
2026-10-02 06:52:55,016 [DEBUG] [TIME] 4902 income_stmt: 0.19s
2026-10-02 06:52:55,218 [DEBUG] [TIME] 4902 balance_sheet: 0.20s
2026-10-02 06:52:55,344 [DEBUG] [TIME] 4902 cashflow: 0.12s
2026-10-02 06:52:55,603 [DEBUG] [TIME] 4902 dividends: 0.26s
2026-10-02 06:52:55,604 [INFO] [DETAIL] 4902 コニカミノルタ: income_stmt=OK, balance_sheet=OK, cashflow=OK, dividends=OK
2026-10-02 06:52:55,604 [INFO] [TIME] 4902 コニカミノルタ 処理時間: 0.96s
2026-10-02 06:52:56,819 [DEBUG] [TIME] 4911 info: 0.14s
2026-10-02 06:52:56,820 [DEBUG] yfinance OK: 4911
2026-10-02 06:52:56,983 [DEBUG] [TIME] 4911 income_stmt: 0.16s
2026-10-02 06:52:57,157 [DEBUG] [TIME] 4911 balance_sheet: 0.17s
2026-10-02 06:52:57,303 [DEBUG] [TIME] 4911 cashflow: 0.14s
2026-10-02 06:52:57,523 [DEBUG] [TIME] 4911 dividends: 0.22s
2026-10-02 06:52:57,524 [INFO] [DETAIL] 4911 資生堂: income_stmt=OK, balance_sheet=OK, cashflow=OK, dividends=OK
2026-10-02 06:52:57,524 [INFO] [TIME] 4911 資生堂 処理時間: 0.85s
2026-10-02 06:52:58,933 [DEBUG] [TIME] 4912 info: 0.14s
2026-10-02 06:52:58,933 [DEBUG] yfinance OK: 4912
2026-10-02 06:52:59,122 [DEBUG] [TIME] 4912 income_stmt: 0.19s
2026-10-02 06:52:59,333 [DEBUG] [TIME] 4912 balance_sheet: 0.21s
2026-10-02 06:52:59,564 [DEBUG] [TIME] 4912 cashflow: 0.23s
2026-10-02 06:52:59,820 [DEBUG] [TIME] 4912 dividends: 0.26s
2026-10-02 06:52:59,821 [INFO] [DETAIL] 4912 ライオン: income_stmt=OK, balance_sheet=OK, cashflow=OK, dividends=OK
2026-10-02 06:52:59,821 [INFO] [TIME] 4912 ライオン 処理時間: 1.03s
2026-10-02 06:53:01,417 [DEBUG] [TIME] 4914 info: 0.21s
2026-10-02 06:53:01,417 [DEBUG] yfinance OK: 4914
2026-10-02 06:53:01,614 [DEBUG] [TIME] 4914 income_stmt: 0.20s
2026-10-02 06:53:01,890 [DEBUG] [TIME] 4914 balance_sheet: 0.28s
2026-10-02 06:53:02,131 [DEBUG] [TIME] 4914 cashflow: 0.24s
2026-10-02 06:53:02,444 [DEBUG] [TIME] 4914 dividends: 0.31s
2026-10-02 06:53:02,445 [INFO] [DETAIL] 4914 高砂香料工業: income_stmt=OK, balance_sheet=OK, cashflow=OK, dividends=OK
2026-10-02 06:53:02,445 [INFO] [TIME] 4914 高砂香料工業 処理時間: 1.23s
2026-10-02 06:53:04,547 [DEBUG] [TIME] 4918 info: 0.14s
2026-10-02 06:53:04,547 [DEBUG] yfinance OK: 4918
2026-10-02 06:53:04,696 [DEBUG] [TIME] 4918 income_stmt: 0.15s
2026-10-02 06:53:04,938 [DEBUG] [TIME] 4918 balance_sheet: 0.24s
2026-10-02 06:53:05,196 [DEBUG] [TIME] 4918 cashflow: 0.26s
2026-10-02 06:53:05,469 [DEBUG] [TIME] 4918 dividends: 0.27s
2026-10-02 06:53:05,470 [INFO] [DETAIL] 4918 アイビー化粧品: income_stmt=OK, balance_sheet=OK, cashflow=OK, dividends=OK
2026-10-02 06:53:05,470 [INFO] [TIME] 4918 アイビー化粧品 処理時間: 1.07s
2026-10-02 06:53:06,957 [DEBUG] [TIME] 4919 info: 0.15s
2026-10-02 06:53:06,957 [DEBUG] yfinance OK: 4919
2026-10-02 06:53:07,155 [DEBUG] [TIME] 4919 income_stmt: 0.20s
2026-10-02 06:53:07,417 [DEBUG] [TIME] 4919 balance_sheet: 0.26s
2026-10-02 06:53:07,592 [DEBUG] [TIME] 4919 cashflow: 0.17s
2026-10-02 06:53:07,902 [DEBUG] [TIME] 4919 dividends: 0.31s
2026-10-02 06:53:07,903 [INFO] [DETAIL] 4919 ミルボン: income_stmt=OK, balance_sheet=OK, cashflow=OK, dividends=OK
2026-10-02 06:53:07,903 [INFO] [TIME] 4919 ミルボン 処理時間: 1.10s
2026-10-02 06:53:09,215 [DEBUG] [TIME] 4920 info: 0.15s
2026-10-02 06:53:09,216 [DEBUG] yfinance OK: 4920
2026-10-02 06:53:09,416 [DEBUG] [TIME] 4920 income_stmt: 0.20s
2026-10-02 06:53:09,726 [DEBUG] [TIME] 4920 balance_sheet: 0.31s
2026-10-02 06:53:09,936 [DEBUG] [TIME] 4920 cashflow: 0.21s
2026-10-02 06:53:10,186 [DEBUG] [TIME] 4920 dividends: 0.25s
2026-10-02 06:53:10,187 [INFO] [DETAIL] 4920 日本色材工業研究所: income_stmt=OK, balance_sheet=OK, cashflow=OK, dividends=OK
2026-10-02 06:53:10,187 [INFO] [TIME] 4920 日本色材工業研究所 処理時間: 1.12s
2026-10-02 06:53:12,035 [DEBUG] [TIME] 4922 info: 0.15s
2026-10-02 06:53:12,035 [DEBUG] yfinance OK: 4922
2026-10-02 06:53:12,181 [DEBUG] [TIME] 4922 income_stmt: 0.15s
2026-10-02 06:53:12,444 [DEBUG] [TIME] 4922 balance_sheet: 0.26s
2026-10-02 06:53:12,705 [DEBUG] [TIME] 4922 cashflow: 0.26s
2026-10-02 06:53:13,058 [DEBUG] [TIME] 4922 dividends: 0.35s
2026-10-02 06:53:13,059 [INFO] [DETAIL] 4922 コーセーホールディングス: income_stmt=OK, balance_sheet=OK, cashflow=OK, dividends=OK
2026-10-02 06:53:13,059 [INFO] [TIME] 4922 コーセーホールディングス 処理時間: 1.18s
2026-10-02 06:53:14,764 [DEBUG] [TIME] 4923 info: 0.19s
2026-10-02 06:53:14,764 [DEBUG] yfinance OK: 4923
2026-10-02 06:53:15,006 [DEBUG] [TIME] 4923 income_stmt: 0.24s
2026-10-02 06:53:15,330 [DEBUG] [TIME] 4923 balance_sheet: 0.32s
2026-10-02 06:53:15,564 [DEBUG] [TIME] 4923 cashflow: 0.23s
2026-10-02 06:53:15,868 [DEBUG] [TIME] 4923 dividends: 0.30s
2026-10-02 06:53:15,869 [INFO] [DETAIL] 4923 コタ: income_stmt=OK, balance_sheet=OK, cashflow=OK, dividends=OK
2026-10-02 06:53:15,869 [INFO] [TIME] 4923 コタ 処理時間: 1.30s
2026-10-02 06:53:17,164 [DEBUG] [TIME] 4925 info: 0.15s
2026-10-02 06:53:17,164 [DEBUG] yfinance OK: 4925
2026-10-02 06:53:17,406 [DEBUG] [TIME] 4925 income_stmt: 0.24s
2026-10-02 06:53:17,606 [DEBUG] [TIME] 4925 balance_sheet: 0.20s
2026-10-02 06:53:17,778 [DEBUG] [TIME] 4925 cashflow: 0.17s
2026-10-02 06:53:18,006 [DEBUG] [TIME] 4925 dividends: 0.23s
2026-10-02 06:53:18,007 [INFO] [DETAIL] 4925 ハーバー研究所: income_stmt=OK, balance_sheet=OK, cashflow=OK, dividends=OK
2026-10-02 06:53:18,007 [INFO] [TIME] 4925 ハーバー研究所 処理時間: 1.00s
2026-10-02 06:53:19,604 [DEBUG] [TIME] 4926 info: 0.15s
2026-10-02 06:53:19,604 [DEBUG] yfinance OK: 4926
2026-10-02 06:53:19,787 [DEBUG] [TIME] 4926 income_stmt: 0.18s
2026-10-02 06:53:20,108 [DEBUG] [TIME] 4926 balance_sheet: 0.32s
2026-10-02 06:53:20,329 [DEBUG] [TIME] 4926 cashflow: 0.22s
2026-10-02 06:53:20,499 [DEBUG] [TIME] 4926 dividends: 0.17s
2026-10-02 06:53:20,500 [INFO] [DETAIL] 4926 シーボン: income_stmt=OK, balance_sheet=OK, cashflow=OK, dividends=OK
2026-10-02 06:53:20,501 [INFO] [TIME] 4926 シーボン 処理時間: 1.05s
2026-10-02 06:53:21,968 [DEBUG] [TIME] 4927 info: 0.15s
2026-10-02 06:53:21,968 [DEBUG] yfinance OK: 4927
2026-10-02 06:53:22,181 [DEBUG] [TIME] 4927 income_stmt: 0.21s
2026-10-02 06:53:22,379 [DEBUG] [TIME] 4927 balance_sheet: 0.20s
2026-10-02 06:53:22,561 [DEBUG] [TIME] 4927 cashflow: 0.18s
2026-10-02 06:53:22,764 [DEBUG] [TIME] 4927 dividends: 0.20s
2026-10-02 06:53:22,765 [INFO] [DETAIL] 4927 ポーラ・オルビスホールディングス: income_stmt=OK, balance_sheet=OK, cashflow=OK, dividends=OK
2026-10-02 06:53:22,765 [INFO] [TIME] 4927 ポーラ・オルビスホールディングス 処理時間: 0.95s
2026-10-02 06:53:24,329 [DEBUG] [TIME] 4928 info: 0.18s
2026-10-02 06:53:24,330 [DEBUG] yfinance OK: 4928
2026-10-02 06:53:24,452 [DEBUG] [TIME] 4928 income_stmt: 0.12s
2026-10-02 06:53:24,562 [DEBUG] [TIME] 4928 balance_sheet: 0.11s
2026-10-02 06:53:24,673 [DEBUG] [TIME] 4928 cashflow: 0.11s
2026-10-02 06:53:24,933 [DEBUG] [TIME] 4928 dividends: 0.26s
2026-10-02 06:53:24,934 [INFO] [DETAIL] 4928 ノエビアホールディングス: income_stmt=OK, balance_sheet=OK, cashflow=OK, dividends=OK
2026-10-02 06:53:24,934 [INFO] [TIME] 4928 ノエビアホールディングス 処理時間: 0.79s
2026-10-02 06:53:26,988 [DEBUG] [TIME] 4929 info: 0.16s
2026-10-02 06:53:26,988 [DEBUG] yfinance OK: 4929
2026-10-02 06:53:27,130 [DEBUG] [TIME] 4929 income_stmt: 0.14s
2026-10-02 06:53:27,283 [DEBUG] [TIME] 4929 balance_sheet: 0.15s
2026-10-02 06:53:27,430 [DEBUG] [TIME] 4929 cashflow: 0.15s
2026-10-02 06:53:27,665 [DEBUG] [TIME] 4929 dividends: 0.23s
2026-10-02 06:53:27,666 [INFO] [DETAIL] 4929 アジュバンホールディングス: income_stmt=OK, balance_sheet=OK, cashflow=OK, dividends=OK
2026-10-02 06:53:27,666 [INFO] [TIME] 4929 アジュバンホールディングス 処理時間: 0.83s
2026-10-02 06:53:29,680 [DEBUG] [TIME] 4931 info: 0.21s
2026-10-02 06:53:29,680 [DEBUG] yfinance OK: 4931
2026-10-02 06:53:29,867 [DEBUG] [TIME] 4931 income_stmt: 0.19s
2026-10-02 06:53:30,067 [DEBUG] [TIME] 4931 balance_sheet: 0.20s
2026-10-02 06:53:30,312 [DEBUG] [TIME] 4931 cashflow: 0.24s
2026-10-02 06:53:30,469 [DEBUG] [TIME] 4931 dividends: 0.16s
2026-10-02 06:53:30,470 [INFO] [DETAIL] 4931 新日本製薬: income_stmt=OK, balance_sheet=OK, cashflow=OK, dividends=OK
2026-10-02 06:53:30,470 [INFO] [TIME] 4931 新日本製薬 処理時間: 1.00s
2026-10-02 06:53:31,735 [DEBUG] [TIME] 4932 info: 0.18s
2026-10-02 06:53:31,735 [DEBUG] yfinance OK: 4932
2026-10-02 06:53:31,962 [DEBUG] [TIME] 4932 income_stmt: 0.23s
2026-10-02 06:53:32,217 [DEBUG] [TIME] 4932 balance_sheet: 0.25s
2026-10-02 06:53:32,408 [DEBUG] [TIME] 4932 cashflow: 0.19s
2026-10-02 06:53:32,533 [DEBUG] [TIME] 4932 dividends: 0.13s
2026-10-02 06:53:32,534 [INFO] [DETAIL] 4932 アルマード: income_stmt=OK, balance_sheet=OK, cashflow=OK, dividends=OK
2026-10-02 06:53:32,534 [INFO] [TIME] 4932 アルマード 処理時間: 0.98s
2026-10-02 06:53:34,424 [DEBUG] [TIME] 4933 info: 0.24s
2026-10-02 06:53:34,424 [DEBUG] yfinance OK: 4933
2026-10-02 06:53:34,615 [DEBUG] [TIME] 4933 income_stmt: 0.19s
2026-10-02 06:53:34,781 [DEBUG] [TIME] 4933 balance_sheet: 0.17s
2026-10-02 06:53:34,929 [DEBUG] [TIME] 4933 cashflow: 0.15s
2026-10-02 06:53:35,060 [DEBUG] [TIME] 4933 dividends: 0.13s
2026-10-02 06:53:35,061 [INFO] [DETAIL] 4933 Ｉ－ｎｅ: income_stmt=OK, balance_sheet=OK, cashflow=OK, dividends=OK
2026-10-02 06:53:35,061 [INFO] [TIME] 4933 Ｉ－ｎｅ 処理時間: 0.88s
2026-10-02 06:53:36,907 [DEBUG] [TIME] 4934 info: 0.16s
2026-10-02 06:53:36,907 [DEBUG] yfinance OK: 4934
2026-10-02 06:53:37,051 [DEBUG] [TIME] 4934 income_stmt: 0.14s
2026-10-02 06:53:37,200 [DEBUG] [TIME] 4934 balance_sheet: 0.15s
2026-10-02 06:53:37,424 [DEBUG] [TIME] 4934 cashflow: 0.22s
2026-10-02 06:53:37,536 [DEBUG] [TIME] 4934 dividends: 0.11s
2026-10-02 06:53:37,536 [INFO] [DETAIL] 4934 プレミアアンチエイジング: income_stmt=OK, balance_sheet=OK, cashflow=OK, dividends=EMPTY
2026-10-02 06:53:37,536 [INFO] [TIME] 4934 プレミアアンチエイジング 処理時間: 0.79s
2026-10-02 06:53:39,704 [DEBUG] [TIME] 4935 info: 0.18s
2026-10-02 06:53:39,704 [DEBUG] yfinance OK: 4935
2026-10-02 06:53:39,967 [DEBUG] [TIME] 4935 income_stmt: 0.26s
2026-10-02 06:53:40,175 [DEBUG] [TIME] 4935 balance_sheet: 0.21s
2026-10-02 06:53:40,334 [DEBUG] [TIME] 4935 cashflow: 0.16s
2026-10-02 06:53:40,457 [DEBUG] [TIME] 4935 dividends: 0.12s
2026-10-02 06:53:40,458 [INFO] [DETAIL] 4935 リベルタ: income_stmt=OK, balance_sheet=OK, cashflow=OK, dividends=OK
2026-10-02 06:53:40,458 [INFO] [TIME] 4935 リベルタ 処理時間: 0.93s
2026-10-02 06:53:42,064 [DEBUG] [TIME] 4936 info: 0.15s
2026-10-02 06:53:42,064 [DEBUG] yfinance OK: 4936
2026-10-02 06:53:42,287 [DEBUG] [TIME] 4936 income_stmt: 0.22s
2026-10-02 06:53:42,434 [DEBUG] [TIME] 4936 balance_sheet: 0.15s
2026-10-02 06:53:42,721 [DEBUG] [TIME] 4936 cashflow: 0.29s
2026-10-02 06:53:42,847 [DEBUG] [TIME] 4936 dividends: 0.13s
2026-10-02 06:53:42,848 [INFO] [DETAIL] 4936 アクシージア: income_stmt=OK, balance_sheet=OK, cashflow=OK, dividends=OK
2026-10-02 06:53:42,848 [INFO] [TIME] 4936 アクシージア 処理時間: 0.93s
2026-10-02 06:53:44,510 [DEBUG] [TIME] 4937 info: 0.16s
2026-10-02 06:53:44,510 [DEBUG] yfinance OK: 4937
2026-10-02 06:53:44,720 [DEBUG] [TIME] 4937 income_stmt: 0.21s
2026-10-02 06:53:44,869 [DEBUG] [TIME] 4937 balance_sheet: 0.15s
2026-10-02 06:53:45,100 [DEBUG] [TIME] 4937 cashflow: 0.23s
2026-10-02 06:53:45,241 [DEBUG] [TIME] 4937 dividends: 0.14s
2026-10-02 06:53:45,241 [INFO] [DETAIL] 4937 Ｗａｑｏｏ: income_stmt=OK, balance_sheet=OK, cashflow=OK, dividends=EMPTY
2026-10-02 06:53:45,241 [INFO] [TIME] 4937 Ｗａｑｏｏ 処理時間: 0.89s
2026-10-02 06:53:46,789 [DEBUG] [TIME] 4951 info: 0.23s
2026-10-02 06:53:46,789 [DEBUG] yfinance OK: 4951
2026-10-02 06:53:46,952 [DEBUG] [TIME] 4951 income_stmt: 0.16s
2026-10-02 06:53:47,150 [DEBUG] [TIME] 4951 balance_sheet: 0.20s
2026-10-02 06:53:47,304 [DEBUG] [TIME] 4951 cashflow: 0.15s
2026-10-02 06:53:47,623 [DEBUG] [TIME] 4951 dividends: 0.32s
2026-10-02 06:53:47,624 [INFO] [DETAIL] 4951 エステー: income_stmt=OK, balance_sheet=OK, cashflow=OK, dividends=OK
2026-10-02 06:53:47,624 [INFO] [TIME] 4951 エステー 処理時間: 1.07s
2026-10-02 06:53:48,852 [DEBUG] [TIME] 4956 info: 0.15s
2026-10-02 06:53:48,852 [DEBUG] yfinance OK: 4956
2026-10-02 06:53:49,022 [DEBUG] [TIME] 4956 income_stmt: 0.17s
2026-10-02 06:53:49,212 [DEBUG] [TIME] 4956 balance_sheet: 0.19s
2026-10-02 06:53:49,444 [DEBUG] [TIME] 4956 cashflow: 0.23s
2026-10-02 06:53:49,688 [DEBUG] [TIME] 4956 dividends: 0.24s
2026-10-02 06:53:49,689 [INFO] [DETAIL] 4956 コニシ: income_stmt=OK, balance_sheet=OK, cashflow=OK, dividends=OK
2026-10-02 06:53:49,689 [INFO] [TIME] 4956 コニシ 処理時間: 0.99s
2026-10-02 06:53:51,497 [DEBUG] [TIME] 4958 info: 0.19s
2026-10-02 06:53:51,497 [DEBUG] yfinance OK: 4958
2026-10-02 06:53:51,708 [DEBUG] [TIME] 4958 income_stmt: 0.21s
2026-10-02 06:53:51,823 [DEBUG] [TIME] 4958 balance_sheet: 0.11s
2026-10-02 06:53:52,073 [DEBUG] [TIME] 4958 cashflow: 0.25s
2026-10-02 06:53:52,355 [DEBUG] [TIME] 4958 dividends: 0.28s
2026-10-02 06:53:52,356 [INFO] [DETAIL] 4958 長谷川香料: income_stmt=OK, balance_sheet=OK, cashflow=OK, dividends=OK
2026-10-02 06:53:52,356 [INFO] [TIME] 4958 長谷川香料 処理時間: 1.05s
2026-10-02 06:53:54,098 [DEBUG] [TIME] 4960 info: 0.15s
2026-10-02 06:53:54,099 [DEBUG] yfinance OK: 4960
2026-10-02 06:53:54,244 [DEBUG] [TIME] 4960 income_stmt: 0.15s
2026-10-02 06:53:54,486 [DEBUG] [TIME] 4960 balance_sheet: 0.24s
2026-10-02 06:53:54,711 [DEBUG] [TIME] 4960 cashflow: 0.22s
2026-10-02 06:53:55,210 [DEBUG] [TIME] 4960 dividends: 0.50s
2026-10-02 06:53:55,211 [INFO] [DETAIL] 4960 ケミプロ化成: income_stmt=OK, balance_sheet=OK, cashflow=OK, dividends=OK
2026-10-02 06:53:55,211 [INFO] [TIME] 4960 ケミプロ化成 処理時間: 1.27s
2026-10-02 06:53:57,074 [DEBUG] [TIME] 4966 info: 0.16s
2026-10-02 06:53:57,074 [DEBUG] yfinance OK: 4966
2026-10-02 06:53:57,207 [DEBUG] [TIME] 4966 income_stmt: 0.13s
2026-10-02 06:53:57,411 [DEBUG] [TIME] 4966 balance_sheet: 0.20s
2026-10-02 06:53:57,625 [DEBUG] [TIME] 4966 cashflow: 0.21s
2026-10-02 06:53:57,917 [DEBUG] [TIME] 4966 dividends: 0.29s
2026-10-02 06:53:57,918 [INFO] [DETAIL] 4966 上村工業: income_stmt=OK, balance_sheet=OK, cashflow=OK, dividends=OK
2026-10-02 06:53:57,918 [INFO] [TIME] 4966 上村工業 処理時間: 1.01s
2026-10-02 06:53:59,669 [DEBUG] [TIME] 4967 info: 0.15s
2026-10-02 06:53:59,669 [DEBUG] yfinance OK: 4967
2026-10-02 06:53:59,903 [DEBUG] [TIME] 4967 income_stmt: 0.23s
2026-10-02 06:54:00,202 [DEBUG] [TIME] 4967 balance_sheet: 0.30s
2026-10-02 06:54:00,418 [DEBUG] [TIME] 4967 cashflow: 0.21s
2026-10-02 06:54:00,693 [DEBUG] [TIME] 4967 dividends: 0.27s
2026-10-02 06:54:00,694 [INFO] [DETAIL] 4967 小林製薬: income_stmt=OK, balance_sheet=OK, cashflow=OK, dividends=OK
2026-10-02 06:54:00,694 [INFO] [TIME] 4967 小林製薬 処理時間: 1.18s
2026-10-02 06:54:02,055 [DEBUG] [TIME] 4968 info: 0.15s
2026-10-02 06:54:02,055 [DEBUG] yfinance OK: 4968
2026-10-02 06:54:02,253 [DEBUG] [TIME] 4968 income_stmt: 0.20s
2026-10-02 06:54:02,443 [DEBUG] [TIME] 4968 balance_sheet: 0.19s
2026-10-02 06:54:02,737 [DEBUG] [TIME] 4968 cashflow: 0.29s
2026-10-02 06:54:03,040 [DEBUG] [TIME] 4968 dividends: 0.30s
2026-10-02 06:54:03,041 [INFO] [DETAIL] 4968 荒川化学工業: income_stmt=OK, balance_sheet=OK, cashflow=OK, dividends=OK
2026-10-02 06:54:03,041 [INFO] [TIME] 4968 荒川化学工業 処理時間: 1.14s
2026-10-02 06:54:04,601 [DEBUG] [TIME] 4970 info: 0.15s
2026-10-02 06:54:04,601 [DEBUG] yfinance OK: 4970
2026-10-02 06:54:04,753 [DEBUG] [TIME] 4970 income_stmt: 0.15s
2026-10-02 06:54:05,009 [DEBUG] [TIME] 4970 balance_sheet: 0.26s
2026-10-02 06:54:05,289 [DEBUG] [TIME] 4970 cashflow: 0.28s
2026-10-02 06:54:05,542 [DEBUG] [TIME] 4970 dividends: 0.25s
2026-10-02 06:54:05,543 [INFO] [DETAIL] 4970 東洋合成工業: income_stmt=OK, balance_sheet=OK, cashflow=OK, dividends=OK
2026-10-02 06:54:05,543 [INFO] [TIME] 4970 東洋合成工業 処理時間: 1.09s
2026-10-02 06:54:07,633 [DEBUG] [TIME] 4971 info: 0.26s
2026-10-02 06:54:07,633 [DEBUG] yfinance OK: 4971
2026-10-02 06:54:07,809 [DEBUG] [TIME] 4971 income_stmt: 0.18s
2026-10-02 06:54:07,962 [DEBUG] [TIME] 4971 balance_sheet: 0.15s
2026-10-02 06:54:08,150 [DEBUG] [TIME] 4971 cashflow: 0.19s
2026-10-02 06:54:08,386 [DEBUG] [TIME] 4971 dividends: 0.24s
2026-10-02 06:54:08,387 [INFO] [DETAIL] 4971 メック: income_stmt=OK, balance_sheet=OK, cashflow=OK, dividends=OK
2026-10-02 06:54:08,387 [INFO] [TIME] 4971 メック 処理時間: 1.01s
2026-10-02 06:54:09,698 [DEBUG] [TIME] 4972 info: 0.16s
2026-10-02 06:54:09,698 [DEBUG] yfinance OK: 4972
2026-10-02 06:54:09,943 [DEBUG] [TIME] 4972 income_stmt: 0.24s
2026-10-02 06:54:10,106 [DEBUG] [TIME] 4972 balance_sheet: 0.16s
2026-10-02 06:54:10,228 [DEBUG] [TIME] 4972 cashflow: 0.12s
2026-10-02 06:54:10,475 [DEBUG] [TIME] 4972 dividends: 0.25s
2026-10-02 06:54:10,476 [INFO] [DETAIL] 4972 綜研化学: income_stmt=OK, balance_sheet=OK, cashflow=OK, dividends=OK
2026-10-02 06:54:10,476 [INFO] [TIME] 4972 綜研化学 処理時間: 0.93s
2026-10-02 06:54:12,039 [DEBUG] [TIME] 4973 info: 0.18s
2026-10-02 06:54:12,039 [DEBUG] yfinance OK: 4973
2026-10-02 06:54:12,226 [DEBUG] [TIME] 4973 income_stmt: 0.19s
2026-10-02 06:54:12,456 [DEBUG] [TIME] 4973 balance_sheet: 0.23s
2026-10-02 06:54:12,718 [DEBUG] [TIME] 4973 cashflow: 0.26s
2026-10-02 06:54:13,005 [DEBUG] [TIME] 4973 dividends: 0.29s
2026-10-02 06:54:13,006 [INFO] [DETAIL] 4973 日本高純度化学: income_stmt=OK, balance_sheet=OK, cashflow=OK, dividends=OK
2026-10-02 06:54:13,006 [INFO] [TIME] 4973 日本高純度化学 処理時間: 1.15s
2026-10-02 06:54:14,766 [DEBUG] [TIME] 4974 info: 0.27s
2026-10-02 06:54:14,766 [WARNING] yfinance データなし: 4974
2026-10-02 06:54:14,766 [INFO] [TIME] 4974 タカラバイオ 処理時間: 0.27s
2026-10-02 06:54:16,580 [DEBUG] [TIME] 4975 info: 0.19s
2026-10-02 06:54:16,580 [DEBUG] yfinance OK: 4975
2026-10-02 06:54:16,771 [DEBUG] [TIME] 4975 income_stmt: 0.19s
2026-10-02 06:54:17,041 [DEBUG] [TIME] 4975 balance_sheet: 0.27s
2026-10-02 06:54:17,214 [DEBUG] [TIME] 4975 cashflow: 0.17s
2026-10-02 06:54:17,417 [DEBUG] [TIME] 4975 dividends: 0.20s
2026-10-02 06:54:17,418 [INFO] [DETAIL] 4975 ＪＣＵ: income_stmt=OK, balance_sheet=OK, cashflow=OK, dividends=OK
2026-10-02 06:54:17,418 [INFO] [TIME] 4975 ＪＣＵ 処理時間: 1.02s
2026-10-02 06:54:19,305 [DEBUG] [TIME] 4976 info: 0.17s
2026-10-02 06:54:19,305 [DEBUG] yfinance OK: 4976
2026-10-02 06:54:19,450 [DEBUG] [TIME] 4976 income_stmt: 0.15s
2026-10-02 06:54:19,761 [DEBUG] [TIME] 4976 balance_sheet: 0.31s
2026-10-02 06:54:20,008 [DEBUG] [TIME] 4976 cashflow: 0.25s
2026-10-02 06:54:20,245 [DEBUG] [TIME] 4976 dividends: 0.24s
2026-10-02 06:54:20,246 [INFO] [DETAIL] 4976 東洋ドライルーブ: income_stmt=OK, balance_sheet=OK, cashflow=OK, dividends=OK
2026-10-02 06:54:20,246 [INFO] [TIME] 4976 東洋ドライルーブ 処理時間: 1.11s
2026-10-02 06:54:22,022 [DEBUG] [TIME] 4977 info: 0.15s
2026-10-02 06:54:22,022 [DEBUG] yfinance OK: 4977
2026-10-02 06:54:22,220 [DEBUG] [TIME] 4977 income_stmt: 0.20s
2026-10-02 06:54:22,536 [DEBUG] [TIME] 4977 balance_sheet: 0.32s
2026-10-02 06:54:22,758 [DEBUG] [TIME] 4977 cashflow: 0.22s
2026-10-02 06:54:22,955 [DEBUG] [TIME] 4977 dividends: 0.20s
2026-10-02 06:54:22,956 [INFO] [DETAIL] 4977 新田ゼラチン: income_stmt=OK, balance_sheet=OK, cashflow=OK, dividends=OK
2026-10-02 06:54:22,956 [INFO] [TIME] 4977 新田ゼラチン 処理時間: 1.09s
2026-10-02 06:54:24,216 [DEBUG] [TIME] 4978 info: 0.16s
2026-10-02 06:54:24,216 [DEBUG] yfinance OK: 4978
2026-10-02 06:54:24,433 [DEBUG] [TIME] 4978 income_stmt: 0.22s
2026-10-02 06:54:24,646 [DEBUG] [TIME] 4978 balance_sheet: 0.21s
2026-10-02 06:54:24,878 [DEBUG] [TIME] 4978 cashflow: 0.23s
2026-10-02 06:54:25,038 [DEBUG] [TIME] 4978 dividends: 0.16s
2026-10-02 06:54:25,038 [INFO] [DETAIL] 4978 リプロセル: income_stmt=OK, balance_sheet=OK, cashflow=OK, dividends=EMPTY
2026-10-02 06:54:25,038 [INFO] [TIME] 4978 リプロセル 処理時間: 0.98s
2026-10-02 06:54:27,032 [DEBUG] [TIME] 4979 info: 0.18s
2026-10-02 06:54:27,032 [DEBUG] yfinance OK: 4979
2026-10-02 06:54:27,161 [DEBUG] [TIME] 4979 income_stmt: 0.13s
2026-10-02 06:54:27,329 [DEBUG] [TIME] 4979 balance_sheet: 0.17s
2026-10-02 06:54:27,456 [DEBUG] [TIME] 4979 cashflow: 0.13s
2026-10-02 06:54:27,653 [DEBUG] [TIME] 4979 dividends: 0.20s
2026-10-02 06:54:27,654 [INFO] [DETAIL] 4979 ＯＡＴアグリオ: income_stmt=OK, balance_sheet=OK, cashflow=OK, dividends=OK
2026-10-02 06:54:27,654 [INFO] [TIME] 4979 ＯＡＴアグリオ 処理時間: 0.80s
2026-10-02 06:54:28,937 [DEBUG] [TIME] 4980 info: 0.15s
2026-10-02 06:54:28,937 [DEBUG] yfinance OK: 4980
2026-10-02 06:54:29,133 [DEBUG] [TIME] 4980 income_stmt: 0.20s
2026-10-02 06:54:29,391 [DEBUG] [TIME] 4980 balance_sheet: 0.26s
2026-10-02 06:54:29,596 [DEBUG] [TIME] 4980 cashflow: 0.20s
2026-10-02 06:54:29,789 [DEBUG] [TIME] 4980 dividends: 0.19s
2026-10-02 06:54:29,790 [INFO] [DETAIL] 4980 デクセリアルズ: income_stmt=OK, balance_sheet=OK, cashflow=OK, dividends=OK
2026-10-02 06:54:29,790 [INFO] [TIME] 4980 デクセリアルズ 処理時間: 1.01s
2026-10-02 06:54:31,122 [DEBUG] [TIME] 4985 info: 0.18s
2026-10-02 06:54:31,123 [DEBUG] yfinance OK: 4985
2026-10-02 06:54:31,280 [DEBUG] [TIME] 4985 income_stmt: 0.16s
2026-10-02 06:54:31,459 [DEBUG] [TIME] 4985 balance_sheet: 0.18s
2026-10-02 06:54:31,597 [DEBUG] [TIME] 4985 cashflow: 0.14s
2026-10-02 06:54:31,825 [DEBUG] [TIME] 4985 dividends: 0.23s
2026-10-02 06:54:31,826 [INFO] [DETAIL] 4985 アース製薬: income_stmt=OK, balance_sheet=OK, cashflow=OK, dividends=OK
2026-10-02 06:54:31,826 [INFO] [TIME] 4985 アース製薬 処理時間: 0.89s
2026-10-02 06:54:33,889 [DEBUG] [TIME] 4990 info: 0.16s
2026-10-02 06:54:33,889 [DEBUG] yfinance OK: 4990
2026-10-02 06:54:34,025 [DEBUG] [TIME] 4990 income_stmt: 0.14s
2026-10-02 06:54:34,203 [DEBUG] [TIME] 4990 balance_sheet: 0.18s
2026-10-02 06:54:34,383 [DEBUG] [TIME] 4990 cashflow: 0.18s
2026-10-02 06:54:34,690 [DEBUG] [TIME] 4990 dividends: 0.31s
2026-10-02 06:54:34,691 [INFO] [DETAIL] 4990 昭和化学工業: income_stmt=OK, balance_sheet=OK, cashflow=OK, dividends=OK
2026-10-02 06:54:34,691 [INFO] [TIME] 4990 昭和化学工業 処理時間: 0.96s
2026-10-02 06:54:36,113 [DEBUG] [TIME] 4992 info: 0.20s
2026-10-02 06:54:36,113 [DEBUG] yfinance OK: 4992
2026-10-02 06:54:36,307 [DEBUG] [TIME] 4992 income_stmt: 0.19s
2026-10-02 06:54:36,492 [DEBUG] [TIME] 4992 balance_sheet: 0.18s
2026-10-02 06:54:36,723 [DEBUG] [TIME] 4992 cashflow: 0.23s
2026-10-02 06:54:36,985 [DEBUG] [TIME] 4992 dividends: 0.26s
2026-10-02 06:54:36,986 [INFO] [DETAIL] 4992 北興化学工業: income_stmt=OK, balance_sheet=OK, cashflow=OK, dividends=OK
2026-10-02 06:54:36,986 [INFO] [TIME] 4992 北興化学工業 処理時間: 1.07s
2026-10-02 06:54:38,553 [DEBUG] [TIME] 4994 info: 0.21s
2026-10-02 06:54:38,554 [DEBUG] yfinance OK: 4994
2026-10-02 06:54:38,718 [DEBUG] [TIME] 4994 income_stmt: 0.16s
2026-10-02 06:54:38,918 [DEBUG] [TIME] 4994 balance_sheet: 0.20s
2026-10-02 06:54:39,139 [DEBUG] [TIME] 4994 cashflow: 0.22s
2026-10-02 06:54:39,457 [DEBUG] [TIME] 4994 dividends: 0.32s
2026-10-02 06:54:39,458 [INFO] [DETAIL] 4994 大成ラミックグループ: income_stmt=OK, balance_sheet=OK, cashflow=OK, dividends=OK
2026-10-02 06:54:39,458 [INFO] [TIME] 4994 大成ラミックグループ 処理時間: 1.12s
2026-10-02 06:54:41,637 [DEBUG] [TIME] 4996 info: 0.25s
2026-10-02 06:54:41,637 [DEBUG] yfinance OK: 4996
2026-10-02 06:54:41,790 [DEBUG] [TIME] 4996 income_stmt: 0.15s
2026-10-02 06:54:41,998 [DEBUG] [TIME] 4996 balance_sheet: 0.21s
2026-10-02 06:54:42,189 [DEBUG] [TIME] 4996 cashflow: 0.19s
2026-10-02 06:54:42,451 [DEBUG] [TIME] 4996 dividends: 0.26s
2026-10-02 06:54:42,452 [INFO] [DETAIL] 4996 クミアイ化学工業: income_stmt=OK, balance_sheet=OK, cashflow=OK, dividends=OK
2026-10-02 06:54:42,452 [INFO] [TIME] 4996 クミアイ化学工業 処理時間: 1.07s
2026-10-02 06:54:44,108 [DEBUG] [TIME] 4997 info: 0.15s
2026-10-02 06:54:44,108 [DEBUG] yfinance OK: 4997
2026-10-02 06:54:44,307 [DEBUG] [TIME] 4997 income_stmt: 0.20s
2026-10-02 06:54:44,559 [DEBUG] [TIME] 4997 balance_sheet: 0.25s
2026-10-02 06:54:44,693 [DEBUG] [TIME] 4997 cashflow: 0.13s
2026-10-02 06:54:44,938 [DEBUG] [TIME] 4997 dividends: 0.24s
2026-10-02 06:54:44,940 [INFO] [DETAIL] 4997 日本農薬: income_stmt=OK, balance_sheet=OK, cashflow=OK, dividends=OK
2026-10-02 06:54:44,940 [INFO] [TIME] 4997 日本農薬 処理時間: 0.98s
2026-10-02 06:54:47,028 [DEBUG] [TIME] 4998 info: 0.22s
2026-10-02 06:54:47,028 [DEBUG] yfinance OK: 4998
2026-10-02 06:54:47,231 [DEBUG] [TIME] 4998 income_stmt: 0.20s
2026-10-02 06:54:47,403 [DEBUG] [TIME] 4998 balance_sheet: 0.17s
2026-10-02 06:54:47,548 [DEBUG] [TIME] 4998 cashflow: 0.14s
2026-10-02 06:54:47,806 [DEBUG] [TIME] 4998 dividends: 0.26s
2026-10-02 06:54:47,807 [INFO] [DETAIL] 4998 フマキラー: income_stmt=OK, balance_sheet=OK, cashflow=OK, dividends=OK
2026-10-02 06:54:47,808 [INFO] [TIME] 4998 フマキラー 処理時間: 1.00s
2026-10-02 06:54:49,969 [DEBUG] [TIME] 500A info: 0.17s
2026-10-02 06:54:49,969 [DEBUG] yfinance OK: 500A
2026-10-02 06:54:50,081 [DEBUG] [TIME] 500A income_stmt: 0.11s
2026-10-02 06:54:50,350 [DEBUG] [TIME] 500A balance_sheet: 0.27s
2026-10-02 06:54:50,478 [DEBUG] [TIME] 500A cashflow: 0.13s
2026-10-02 06:54:50,571 [DEBUG] [TIME] 500A dividends: 0.09s
2026-10-02 06:54:50,571 [INFO] [DETAIL] 500A ＴＯブックス: income_stmt=OK, balance_sheet=OK, cashflow=OK, dividends=OK
2026-10-02 06:54:50,571 [INFO] [TIME] 500A ＴＯブックス 処理時間: 0.78s
2026-10-02 06:54:52,454 [DEBUG] [TIME] 5010 info: 0.15s
2026-10-02 06:54:52,454 [DEBUG] yfinance OK: 5010
2026-10-02 06:54:52,597 [DEBUG] [TIME] 5010 income_stmt: 0.14s
2026-10-02 06:54:52,789 [DEBUG] [TIME] 5010 balance_sheet: 0.19s
2026-10-02 06:54:52,934 [DEBUG] [TIME] 5010 cashflow: 0.14s
2026-10-02 06:54:53,162 [DEBUG] [TIME] 5010 dividends: 0.23s
2026-10-02 06:54:53,163 [INFO] [DETAIL] 5010 日本精蝋: income_stmt=OK, balance_sheet=OK, cashflow=OK, dividends=OK
2026-10-02 06:54:53,163 [INFO] [TIME] 5010 日本精蝋 処理時間: 0.86s
2026-10-02 06:54:55,091 [DEBUG] [TIME] 5011 info: 0.16s
2026-10-02 06:54:55,091 [DEBUG] yfinance OK: 5011
2026-10-02 06:54:55,249 [DEBUG] [TIME] 5011 income_stmt: 0.16s
2026-10-02 06:54:55,473 [DEBUG] [TIME] 5011 balance_sheet: 0.22s
2026-10-02 06:54:55,642 [DEBUG] [TIME] 5011 cashflow: 0.17s
2026-10-02 06:54:55,903 [DEBUG] [TIME] 5011 dividends: 0.26s
2026-10-02 06:54:55,904 [INFO] [DETAIL] 5011 ニチレキグループ: income_stmt=OK, balance_sheet=OK, cashflow=OK, dividends=OK
2026-10-02 06:54:55,904 [INFO] [TIME] 5011 ニチレキグループ 処理時間: 0.97s
2026-10-02 06:54:58,128 [DEBUG] [TIME] 5013 info: 0.22s
2026-10-02 06:54:58,128 [DEBUG] yfinance OK: 5013
2026-10-02 06:54:58,331 [DEBUG] [TIME] 5013 income_stmt: 0.20s
2026-10-02 06:54:58,515 [DEBUG] [TIME] 5013 balance_sheet: 0.18s
2026-10-02 06:54:58,735 [DEBUG] [TIME] 5013 cashflow: 0.22s
2026-10-02 06:54:58,975 [DEBUG] [TIME] 5013 dividends: 0.24s
2026-10-02 06:54:58,976 [INFO] [DETAIL] 5013 ユシロ: income_stmt=OK, balance_sheet=OK, cashflow=OK, dividends=OK
2026-10-02 06:54:58,977 [INFO] [TIME] 5013 ユシロ 処理時間: 1.07s
2026-10-02 06:55:00,208 [DEBUG] [TIME] 5015 info: 0.15s
2026-10-02 06:55:00,209 [DEBUG] yfinance OK: 5015
2026-10-02 06:55:00,356 [DEBUG] [TIME] 5015 income_stmt: 0.15s
2026-10-02 06:55:00,610 [DEBUG] [TIME] 5015 balance_sheet: 0.25s
2026-10-02 06:55:00,837 [DEBUG] [TIME] 5015 cashflow: 0.23s
2026-10-02 06:55:01,156 [DEBUG] [TIME] 5015 dividends: 0.32s
2026-10-02 06:55:01,157 [INFO] [DETAIL] 5015 ビーピー・カストロール: income_stmt=OK, balance_sheet=OK, cashflow=OK, dividends=OK
2026-10-02 06:55:01,157 [INFO] [TIME] 5015 ビーピー・カストロール 処理時間: 1.10s
2026-10-02 06:55:03,316 [DEBUG] [TIME] 5016 info: 0.18s
2026-10-02 06:55:03,316 [DEBUG] yfinance OK: 5016
2026-10-02 06:55:03,505 [DEBUG] [TIME] 5016 income_stmt: 0.19s
2026-10-02 06:55:03,696 [DEBUG] [TIME] 5016 balance_sheet: 0.19s
2026-10-02 06:55:03,919 [DEBUG] [TIME] 5016 cashflow: 0.22s
2026-10-02 06:55:04,027 [DEBUG] [TIME] 5016 dividends: 0.11s
2026-10-02 06:55:04,028 [INFO] [DETAIL] 5016 ＪＸ金属: income_stmt=OK, balance_sheet=OK, cashflow=OK, dividends=OK
2026-10-02 06:55:04,028 [INFO] [TIME] 5016 ＪＸ金属 処理時間: 0.89s
2026-10-02 06:55:05,686 [DEBUG] [TIME] 5018 info: 0.14s
2026-10-02 06:55:05,686 [DEBUG] yfinance OK: 5018
2026-10-02 06:55:05,829 [DEBUG] [TIME] 5018 income_stmt: 0.14s
2026-10-02 06:55:06,017 [DEBUG] [TIME] 5018 balance_sheet: 0.19s
2026-10-02 06:55:06,247 [DEBUG] [TIME] 5018 cashflow: 0.23s
2026-10-02 06:55:06,501 [DEBUG] [TIME] 5018 dividends: 0.25s
2026-10-02 06:55:06,502 [INFO] [DETAIL] 5018 ＭＯＲＥＳＣＯ: income_stmt=OK, balance_sheet=OK, cashflow=OK, dividends=OK
2026-10-02 06:55:06,502 [INFO] [TIME] 5018 ＭＯＲＥＳＣＯ 処理時間: 0.96s
2026-10-02 06:55:08,120 [DEBUG] [TIME] 5019 info: 0.16s
2026-10-02 06:55:08,120 [DEBUG] yfinance OK: 5019
2026-10-02 06:55:08,335 [DEBUG] [TIME] 5019 income_stmt: 0.22s
2026-10-02 06:55:08,494 [DEBUG] [TIME] 5019 balance_sheet: 0.16s
2026-10-02 06:55:08,665 [DEBUG] [TIME] 5019 cashflow: 0.17s
2026-10-02 06:55:08,904 [DEBUG] [TIME] 5019 dividends: 0.24s
2026-10-02 06:55:08,904 [INFO] [DETAIL] 5019 出光興産: income_stmt=OK, balance_sheet=OK, cashflow=OK, dividends=OK
2026-10-02 06:55:08,905 [INFO] [TIME] 5019 出光興産 処理時間: 0.94s
2026-10-02 06:55:10,559 [DEBUG] [TIME] 5020 info: 0.18s
2026-10-02 06:55:10,559 [DEBUG] yfinance OK: 5020
2026-10-02 06:55:10,691 [DEBUG] [TIME] 5020 income_stmt: 0.13s
2026-10-02 06:55:10,934 [DEBUG] [TIME] 5020 balance_sheet: 0.24s
2026-10-02 06:55:11,156 [DEBUG] [TIME] 5020 cashflow: 0.22s
2026-10-02 06:55:11,373 [DEBUG] [TIME] 5020 dividends: 0.22s
2026-10-02 06:55:11,374 [INFO] [DETAIL] 5020 ＥＮＥＯＳホールディングス: income_stmt=OK, balance_sheet=OK, cashflow=OK, dividends=OK
2026-10-02 06:55:11,374 [INFO] [TIME] 5020 ＥＮＥＯＳホールディングス 処理時間: 1.00s
2026-10-02 06:55:12,620 [DEBUG] [TIME] 5021 info: 0.14s
2026-10-02 06:55:12,620 [DEBUG] yfinance OK: 5021
2026-10-02 06:55:12,752 [DEBUG] [TIME] 5021 income_stmt: 0.13s
2026-10-02 06:55:13,032 [DEBUG] [TIME] 5021 balance_sheet: 0.28s
2026-10-02 06:55:13,301 [DEBUG] [TIME] 5021 cashflow: 0.27s
2026-10-02 06:55:13,508 [DEBUG] [TIME] 5021 dividends: 0.21s
2026-10-02 06:55:13,509 [INFO] [DETAIL] 5021 コスモエネルギーホールディングス: income_stmt=OK, balance_sheet=OK, cashflow=OK, dividends=OK
2026-10-02 06:55:13,509 [INFO] [TIME] 5021 コスモエネルギーホールディングス 処理時間: 1.03s
2026-10-02 06:55:14,854 [DEBUG] [TIME] 5025 info: 0.22s
2026-10-02 06:55:14,854 [DEBUG] yfinance OK: 5025
2026-10-02 06:55:14,991 [DEBUG] [TIME] 5025 income_stmt: 0.14s
2026-10-02 06:55:15,293 [DEBUG] [TIME] 5025 balance_sheet: 0.30s
2026-10-02 06:55:15,502 [DEBUG] [TIME] 5025 cashflow: 0.21s
2026-10-02 06:55:15,657 [DEBUG] [TIME] 5025 dividends: 0.15s
2026-10-02 06:55:15,657 [INFO] [DETAIL] 5025 マーキュリー: income_stmt=OK, balance_sheet=OK, cashflow=OK, dividends=EMPTY
2026-10-02 06:55:15,657 [INFO] [TIME] 5025 マーキュリー 処理時間: 1.03s
2026-10-02 06:55:16,919 [DEBUG] [TIME] 5026 info: 0.16s
2026-10-02 06:55:16,919 [DEBUG] yfinance OK: 5026
2026-10-02 06:55:17,151 [DEBUG] [TIME] 5026 income_stmt: 0.23s
2026-10-02 06:55:17,441 [DEBUG] [TIME] 5026 balance_sheet: 0.29s
2026-10-02 06:55:17,642 [DEBUG] [TIME] 5026 cashflow: 0.20s
2026-10-02 06:55:17,754 [DEBUG] [TIME] 5026 dividends: 0.11s
2026-10-02 06:55:17,755 [INFO] [DETAIL] 5026 トリプルアイズ: income_stmt=OK, balance_sheet=OK, cashflow=OK, dividends=EMPTY
2026-10-02 06:55:17,755 [INFO] [TIME] 5026 トリプルアイズ 処理時間: 0.99s
2026-10-02 06:55:19,097 [DEBUG] [TIME] 5027 info: 0.14s
2026-10-02 06:55:19,097 [DEBUG] yfinance OK: 5027
2026-10-02 06:55:19,250 [DEBUG] [TIME] 5027 income_stmt: 0.15s
2026-10-02 06:55:19,376 [DEBUG] [TIME] 5027 balance_sheet: 0.13s
2026-10-02 06:55:19,524 [DEBUG] [TIME] 5027 cashflow: 0.15s
2026-10-02 06:55:19,626 [DEBUG] [TIME] 5027 dividends: 0.10s
2026-10-02 06:55:19,627 [INFO] [DETAIL] 5027 ＡｎｙＭｉｎｄ　Ｇｒｏｕｐ: income_stmt=OK, balance_sheet=OK, cashflow=OK, dividends=OK
2026-10-02 06:55:19,627 [INFO] [TIME] 5027 ＡｎｙＭｉｎｄ　Ｇｒｏｕｐ 処理時間: 0.67s
2026-10-02 06:55:20,972 [DEBUG] [TIME] 5028 info: 0.22s
2026-10-02 06:55:20,972 [DEBUG] yfinance OK: 5028
2026-10-02 06:55:21,101 [DEBUG] [TIME] 5028 income_stmt: 0.13s
2026-10-02 06:55:21,264 [DEBUG] [TIME] 5028 balance_sheet: 0.16s
2026-10-02 06:55:21,400 [DEBUG] [TIME] 5028 cashflow: 0.14s
2026-10-02 06:55:21,593 [DEBUG] [TIME] 5028 dividends: 0.19s
2026-10-02 06:55:21,593 [INFO] [DETAIL] 5028 セカンドサイトアナリティカ: income_stmt=OK, balance_sheet=OK, cashflow=OK, dividends=EMPTY
2026-10-02 06:55:21,593 [INFO] [TIME] 5028 セカンドサイトアナリティカ 処理時間: 0.85s
2026-10-02 06:55:23,284 [DEBUG] [TIME] 5029 info: 0.20s
2026-10-02 06:55:23,284 [DEBUG] yfinance OK: 5029
2026-10-02 06:55:23,410 [DEBUG] [TIME] 5029 income_stmt: 0.13s
2026-10-02 06:55:23,598 [DEBUG] [TIME] 5029 balance_sheet: 0.19s
2026-10-02 06:55:23,824 [DEBUG] [TIME] 5029 cashflow: 0.23s
2026-10-02 06:55:23,909 [DEBUG] [TIME] 5029 dividends: 0.08s
2026-10-02 06:55:23,909 [INFO] [DETAIL] 5029 サークレイス: income_stmt=OK, balance_sheet=OK, cashflow=OK, dividends=EMPTY
2026-10-02 06:55:23,909 [INFO] [TIME] 5029 サークレイス 処理時間: 0.82s
2026-10-02 06:55:25,169 [DEBUG] [TIME] 5031 info: 0.19s
2026-10-02 06:55:25,169 [DEBUG] yfinance OK: 5031
2026-10-02 06:55:25,401 [DEBUG] [TIME] 5031 income_stmt: 0.23s
2026-10-02 06:55:25,577 [DEBUG] [TIME] 5031 balance_sheet: 0.18s
2026-10-02 06:55:25,720 [DEBUG] [TIME] 5031 cashflow: 0.14s
2026-10-02 06:55:25,856 [DEBUG] [TIME] 5031 dividends: 0.14s
2026-10-02 06:55:25,856 [INFO] [DETAIL] 5031 モイ: income_stmt=OK, balance_sheet=OK, cashflow=OK, dividends=EMPTY
2026-10-02 06:55:25,856 [INFO] [TIME] 5031 モイ 処理時間: 0.88s
2026-10-02 06:55:27,917 [DEBUG] [TIME] 5032 info: 0.24s
2026-10-02 06:55:27,917 [DEBUG] yfinance OK: 5032
2026-10-02 06:55:28,114 [DEBUG] [TIME] 5032 income_stmt: 0.20s
2026-10-02 06:55:28,298 [DEBUG] [TIME] 5032 balance_sheet: 0.18s
2026-10-02 06:55:28,559 [DEBUG] [TIME] 5032 cashflow: 0.26s
2026-10-02 06:55:28,705 [DEBUG] [TIME] 5032 dividends: 0.15s
2026-10-02 06:55:28,706 [INFO] [DETAIL] 5032 ＡＮＹＣＯＬＯＲ: income_stmt=OK, balance_sheet=OK, cashflow=OK, dividends=OK
2026-10-02 06:55:28,706 [INFO] [TIME] 5032 ＡＮＹＣＯＬＯＲ 処理時間: 1.03s
2026-10-02 06:55:29,983 [DEBUG] [TIME] 5033 info: 0.15s
2026-10-02 06:55:29,983 [DEBUG] yfinance OK: 5033
2026-10-02 06:55:30,207 [DEBUG] [TIME] 5033 income_stmt: 0.22s
2026-10-02 06:55:30,369 [DEBUG] [TIME] 5033 balance_sheet: 0.16s
2026-10-02 06:55:30,535 [DEBUG] [TIME] 5033 cashflow: 0.17s
2026-10-02 06:55:30,640 [DEBUG] [TIME] 5033 dividends: 0.10s
2026-10-02 06:55:30,640 [INFO] [DETAIL] 5033 ヌーラボ: income_stmt=OK, balance_sheet=OK, cashflow=OK, dividends=EMPTY
2026-10-02 06:55:30,640 [INFO] [TIME] 5033 ヌーラボ 処理時間: 0.80s
2026-10-02 06:55:31,922 [DEBUG] [TIME] 5034 info: 0.21s
2026-10-02 06:55:31,922 [DEBUG] yfinance OK: 5034
2026-10-02 06:55:32,117 [DEBUG] [TIME] 5034 income_stmt: 0.20s
2026-10-02 06:55:32,346 [DEBUG] [TIME] 5034 balance_sheet: 0.23s
2026-10-02 06:55:32,487 [DEBUG] [TIME] 5034 cashflow: 0.14s
2026-10-02 06:55:32,604 [DEBUG] [TIME] 5034 dividends: 0.12s
2026-10-02 06:55:32,604 [INFO] [DETAIL] 5034 ｕｎｅｒｒｙ: income_stmt=OK, balance_sheet=OK, cashflow=OK, dividends=EMPTY
2026-10-02 06:55:32,604 [INFO] [TIME] 5034 ｕｎｅｒｒｙ 処理時間: 0.89s
2026-10-02 06:55:33,878 [DEBUG] [TIME] 5035 info: 0.17s
2026-10-02 06:55:33,878 [DEBUG] yfinance OK: 5035
2026-10-02 06:55:34,099 [DEBUG] [TIME] 5035 income_stmt: 0.22s
2026-10-02 06:55:34,259 [DEBUG] [TIME] 5035 balance_sheet: 0.16s
2026-10-02 06:55:34,532 [DEBUG] [TIME] 5035 cashflow: 0.27s
2026-10-02 06:55:34,656 [DEBUG] [TIME] 5035 dividends: 0.12s
2026-10-02 06:55:34,657 [INFO] [DETAIL] 5035 ＨＯＵＳＥＩ: income_stmt=OK, balance_sheet=OK, cashflow=OK, dividends=OK
2026-10-02 06:55:34,657 [INFO] [TIME] 5035 ＨＯＵＳＥＩ 処理時間: 0.95s
2026-10-02 06:55:36,075 [DEBUG] [TIME] 5036 info: 0.16s
2026-10-02 06:55:36,075 [DEBUG] yfinance OK: 5036
2026-10-02 06:55:36,231 [DEBUG] [TIME] 5036 income_stmt: 0.16s
2026-10-02 06:55:36,435 [DEBUG] [TIME] 5036 balance_sheet: 0.20s
2026-10-02 06:55:36,649 [DEBUG] [TIME] 5036 cashflow: 0.21s
2026-10-02 06:55:36,805 [DEBUG] [TIME] 5036 dividends: 0.16s
2026-10-02 06:55:36,806 [INFO] [DETAIL] 5036 日本ビジネスシステムズ: income_stmt=OK, balance_sheet=OK, cashflow=OK, dividends=OK
2026-10-02 06:55:36,806 [INFO] [TIME] 5036 日本ビジネスシステムズ 処理時間: 0.89s
2026-10-02 06:55:38,738 [DEBUG] [TIME] 5038 info: 0.14s
2026-10-02 06:55:38,738 [DEBUG] yfinance OK: 5038
2026-10-02 06:55:38,930 [DEBUG] [TIME] 5038 income_stmt: 0.19s
2026-10-02 06:55:39,192 [DEBUG] [TIME] 5038 balance_sheet: 0.26s
2026-10-02 06:55:39,632 [DEBUG] [TIME] 5038 cashflow: 0.44s
2026-10-02 06:55:39,763 [DEBUG] [TIME] 5038 dividends: 0.13s
2026-10-02 06:55:39,764 [INFO] [DETAIL] 5038 ｅＷｅＬＬ: income_stmt=OK, balance_sheet=OK, cashflow=OK, dividends=OK
2026-10-02 06:55:39,764 [INFO] [TIME] 5038 ｅＷｅＬＬ 処理時間: 1.17s
2026-10-02 06:55:41,245 [DEBUG] [TIME] 504A info: 0.14s
2026-10-02 06:55:41,245 [DEBUG] yfinance OK: 504A
2026-10-02 06:55:41,414 [DEBUG] [TIME] 504A income_stmt: 0.17s
2026-10-02 06:55:41,653 [DEBUG] [TIME] 504A balance_sheet: 0.24s
2026-10-02 06:55:41,831 [DEBUG] [TIME] 504A cashflow: 0.18s
2026-10-02 06:55:41,913 [DEBUG] [TIME] 504A dividends: 0.08s
2026-10-02 06:55:41,913 [INFO] [DETAIL] 504A イノバセル: income_stmt=OK, balance_sheet=OK, cashflow=OK, dividends=EMPTY
2026-10-02 06:55:41,913 [INFO] [TIME] 504A イノバセル 処理時間: 0.81s
2026-10-02 06:55:43,211 [DEBUG] [TIME] 505A info: 0.22s
2026-10-02 06:55:43,211 [DEBUG] yfinance OK: 505A
2026-10-02 06:55:43,354 [DEBUG] [TIME] 505A income_stmt: 0.14s
2026-10-02 06:55:43,539 [DEBUG] [TIME] 505A balance_sheet: 0.18s
2026-10-02 06:55:43,668 [DEBUG] [TIME] 505A cashflow: 0.13s
2026-10-02 06:55:43,752 [DEBUG] [TIME] 505A dividends: 0.08s
2026-10-02 06:55:43,753 [INFO] [DETAIL] 505A ギークリー: income_stmt=OK, balance_sheet=OK, cashflow=OK, dividends=OK
2026-10-02 06:55:43,753 [INFO] [TIME] 505A ギークリー 処理時間: 0.76s
2026-10-02 06:55:45,900 [DEBUG] [TIME] 5071 info: 0.18s
2026-10-02 06:55:45,900 [DEBUG] yfinance OK: 5071
2026-10-02 06:55:46,044 [DEBUG] [TIME] 5071 income_stmt: 0.14s
2026-10-02 06:55:46,302 [DEBUG] [TIME] 5071 balance_sheet: 0.26s
2026-10-02 06:55:46,489 [DEBUG] [TIME] 5071 cashflow: 0.19s
2026-10-02 06:55:46,671 [DEBUG] [TIME] 5071 dividends: 0.18s
2026-10-02 06:55:46,672 [INFO] [DETAIL] 5071 ヴィス: income_stmt=OK, balance_sheet=OK, cashflow=OK, dividends=OK
2026-10-02 06:55:46,672 [INFO] [TIME] 5071 ヴィス 処理時間: 0.95s
2026-10-02 06:55:48,096 [DEBUG] [TIME] 5074 info: 0.25s
2026-10-02 06:55:48,096 [DEBUG] yfinance OK: 5074
2026-10-02 06:55:48,311 [DEBUG] [TIME] 5074 income_stmt: 0.21s
2026-10-02 06:55:48,476 [DEBUG] [TIME] 5074 balance_sheet: 0.17s
2026-10-02 06:55:48,683 [DEBUG] [TIME] 5074 cashflow: 0.21s
2026-10-02 06:55:48,815 [DEBUG] [TIME] 5074 dividends: 0.13s
2026-10-02 06:55:48,816 [INFO] [DETAIL] 5074 テスホールディングス: income_stmt=OK, balance_sheet=OK, cashflow=OK, dividends=OK
2026-10-02 06:55:48,816 [INFO] [TIME] 5074 テスホールディングス 処理時間: 0.97s
2026-10-02 06:55:50,771 [DEBUG] [TIME] 5076 info: 0.18s
2026-10-02 06:55:50,771 [DEBUG] yfinance OK: 5076
2026-10-02 06:55:50,981 [DEBUG] [TIME] 5076 income_stmt: 0.21s
2026-10-02 06:55:51,148 [DEBUG] [TIME] 5076 balance_sheet: 0.17s
2026-10-02 06:55:51,325 [DEBUG] [TIME] 5076 cashflow: 0.18s
2026-10-02 06:55:51,447 [DEBUG] [TIME] 5076 dividends: 0.12s
2026-10-02 06:55:51,448 [INFO] [DETAIL] 5076 インフロニア・ホールディングス: income_stmt=OK, balance_sheet=OK, cashflow=OK, dividends=OK
2026-10-02 06:55:51,448 [INFO] [TIME] 5076 インフロニア・ホールディングス 処理時間: 0.86s
2026-10-02 06:55:53,388 [DEBUG] [TIME] 50765 info: 0.24s
2026-10-02 06:55:53,388 [DEBUG] yfinance OK: 50765
2026-10-02 06:55:53,584 [DEBUG] [TIME] 50765 income_stmt: 0.20s
2026-10-02 06:55:53,885 [DEBUG] [TIME] 50765 balance_sheet: 0.30s
2026-10-02 06:55:54,028 [DEBUG] [TIME] 50765 cashflow: 0.14s
2026-10-02 06:55:54,127 [DEBUG] [TIME] 50765 dividends: 0.10s
2026-10-02 06:55:54,128 [INFO] [DETAIL] 50765 インフロニア・ホールディングス第１回社債型種類株式: income_stmt=OK, balance_sheet=OK, cashflow=OK, dividends=OK
2026-10-02 06:55:54,128 [INFO] [TIME] 50765 インフロニア・ホールディングス第１回社債型種類株式 処理時間: 0.98s
2026-10-02 06:55:56,037 [DEBUG] [TIME] 5078 info: 0.15s
2026-10-02 06:55:56,037 [DEBUG] yfinance OK: 5078
2026-10-02 06:55:56,291 [DEBUG] [TIME] 5078 income_stmt: 0.25s
2026-10-02 06:55:56,588 [DEBUG] [TIME] 5078 balance_sheet: 0.30s
2026-10-02 06:55:56,753 [DEBUG] [TIME] 5078 cashflow: 0.16s
2026-10-02 06:55:56,924 [DEBUG] [TIME] 5078 dividends: 0.17s
2026-10-02 06:55:56,925 [INFO] [DETAIL] 5078 セレコーポレーション: income_stmt=OK, balance_sheet=OK, cashflow=OK, dividends=OK
2026-10-02 06:55:56,925 [INFO] [TIME] 5078 セレコーポレーション 処理時間: 1.04s
2026-10-02 06:55:58,318 [DEBUG] [TIME] 5079 info: 0.19s
2026-10-02 06:55:58,318 [DEBUG] yfinance OK: 5079
2026-10-02 06:55:58,506 [DEBUG] [TIME] 5079 income_stmt: 0.19s
2026-10-02 06:55:58,776 [DEBUG] [TIME] 5079 balance_sheet: 0.27s
2026-10-02 06:55:58,917 [DEBUG] [TIME] 5079 cashflow: 0.14s
2026-10-02 06:55:59,067 [DEBUG] [TIME] 5079 dividends: 0.15s
2026-10-02 06:55:59,068 [INFO] [DETAIL] 5079 ノバック: income_stmt=OK, balance_sheet=OK, cashflow=OK, dividends=OK
2026-10-02 06:55:59,069 [INFO] [TIME] 5079 ノバック 処理時間: 0.94s
2026-10-02 06:56:00,941 [DEBUG] [TIME] 5101 info: 0.16s
2026-10-02 06:56:00,941 [DEBUG] yfinance OK: 5101
2026-10-02 06:56:01,102 [DEBUG] [TIME] 5101 income_stmt: 0.16s
2026-10-02 06:56:01,340 [DEBUG] [TIME] 5101 balance_sheet: 0.24s
2026-10-02 06:56:01,553 [DEBUG] [TIME] 5101 cashflow: 0.21s
2026-10-02 06:56:01,906 [DEBUG] [TIME] 5101 dividends: 0.35s
2026-10-02 06:56:01,907 [INFO] [DETAIL] 5101 横浜ゴム: income_stmt=OK, balance_sheet=OK, cashflow=OK, dividends=OK
2026-10-02 06:56:01,907 [INFO] [TIME] 5101 横浜ゴム 処理時間: 1.12s
2026-10-02 06:56:03,815 [DEBUG] [TIME] 5103 info: 0.23s
2026-10-02 06:56:03,815 [WARNING] yfinance データなし: 5103
2026-10-02 06:56:03,815 [INFO] [TIME] 5103 昭和ホールディングス 処理時間: 0.23s
2026-10-02 06:56:05,562 [DEBUG] [TIME] 5105 info: 0.19s
2026-10-02 06:56:05,562 [DEBUG] yfinance OK: 5105
2026-10-02 06:56:05,706 [DEBUG] [TIME] 5105 income_stmt: 0.14s
2026-10-02 06:56:05,910 [DEBUG] [TIME] 5105 balance_sheet: 0.20s
2026-10-02 06:56:06,065 [DEBUG] [TIME] 5105 cashflow: 0.15s
2026-10-02 06:56:06,332 [DEBUG] [TIME] 5105 dividends: 0.27s
2026-10-02 06:56:06,333 [INFO] [DETAIL] 5105 ＴＯＹＯ　ＴＩＲＥ: income_stmt=OK, balance_sheet=OK, cashflow=OK, dividends=OK
2026-10-02 06:56:06,333 [INFO] [TIME] 5105 ＴＯＹＯ　ＴＩＲＥ 処理時間: 0.97s
2026-10-02 06:56:07,525 [DEBUG] [TIME] 5108 info: 0.15s
2026-10-02 06:56:07,525 [DEBUG] yfinance OK: 5108
2026-10-02 06:56:07,681 [DEBUG] [TIME] 5108 income_stmt: 0.16s
2026-10-02 06:56:07,837 [DEBUG] [TIME] 5108 balance_sheet: 0.16s
2026-10-02 06:56:08,042 [DEBUG] [TIME] 5108 cashflow: 0.20s
2026-10-02 06:56:08,289 [DEBUG] [TIME] 5108 dividends: 0.25s
2026-10-02 06:56:08,290 [INFO] [DETAIL] 5108 ブリヂストン: income_stmt=OK, balance_sheet=OK, cashflow=OK, dividends=OK
2026-10-02 06:56:08,290 [INFO] [TIME] 5108 ブリヂストン 処理時間: 0.92s
2026-10-02 06:56:09,539 [DEBUG] [TIME] 5110 info: 0.18s
2026-10-02 06:56:09,539 [DEBUG] yfinance OK: 5110
2026-10-02 06:56:09,738 [DEBUG] [TIME] 5110 income_stmt: 0.20s
2026-10-02 06:56:09,904 [DEBUG] [TIME] 5110 balance_sheet: 0.17s
2026-10-02 06:56:10,204 [DEBUG] [TIME] 5110 cashflow: 0.30s
2026-10-02 06:56:10,531 [DEBUG] [TIME] 5110 dividends: 0.33s
2026-10-02 06:56:10,532 [INFO] [DETAIL] 5110 住友ゴム工業: income_stmt=OK, balance_sheet=OK, cashflow=OK, dividends=OK
2026-10-02 06:56:10,532 [INFO] [TIME] 5110 住友ゴム工業 処理時間: 1.18s
2026-10-02 06:56:12,322 [DEBUG] [TIME] 5121 info: 0.18s
2026-10-02 06:56:12,323 [DEBUG] yfinance OK: 5121
2026-10-02 06:56:12,550 [DEBUG] [TIME] 5121 income_stmt: 0.23s
2026-10-02 06:56:12,698 [DEBUG] [TIME] 5121 balance_sheet: 0.15s
2026-10-02 06:56:12,913 [DEBUG] [TIME] 5121 cashflow: 0.21s
2026-10-02 06:56:13,192 [DEBUG] [TIME] 5121 dividends: 0.28s
2026-10-02 06:56:13,193 [INFO] [DETAIL] 5121 藤倉コンポジット: income_stmt=OK, balance_sheet=OK, cashflow=OK, dividends=OK
2026-10-02 06:56:13,193 [INFO] [TIME] 5121 藤倉コンポジット 処理時間: 1.05s
2026-10-02 06:56:14,420 [DEBUG] [TIME] 5122 info: 0.14s
2026-10-02 06:56:14,420 [DEBUG] yfinance OK: 5122
2026-10-02 06:56:14,618 [DEBUG] [TIME] 5122 income_stmt: 0.20s
2026-10-02 06:56:14,849 [DEBUG] [TIME] 5122 balance_sheet: 0.23s
2026-10-02 06:56:15,001 [DEBUG] [TIME] 5122 cashflow: 0.15s
2026-10-02 06:56:15,282 [DEBUG] [TIME] 5122 dividends: 0.28s
2026-10-02 06:56:15,283 [INFO] [DETAIL] 5122 オカモト: income_stmt=OK, balance_sheet=OK, cashflow=OK, dividends=OK
2026-10-02 06:56:15,284 [INFO] [TIME] 5122 オカモト 処理時間: 1.01s
2026-10-02 06:56:17,211 [DEBUG] [TIME] 5125 info: 0.20s
2026-10-02 06:56:17,211 [DEBUG] yfinance OK: 5125
2026-10-02 06:56:17,458 [DEBUG] [TIME] 5125 income_stmt: 0.25s
2026-10-02 06:56:17,590 [DEBUG] [TIME] 5125 balance_sheet: 0.13s
2026-10-02 06:56:17,728 [DEBUG] [TIME] 5125 cashflow: 0.14s
2026-10-02 06:56:17,818 [DEBUG] [TIME] 5125 dividends: 0.09s
2026-10-02 06:56:17,818 [INFO] [DETAIL] 5125 ファインズ: income_stmt=OK, balance_sheet=OK, cashflow=OK, dividends=EMPTY
2026-10-02 06:56:17,818 [INFO] [TIME] 5125 ファインズ 処理時間: 0.80s
2026-10-02 06:56:19,734 [DEBUG] [TIME] 5126 info: 0.17s
2026-10-02 06:56:19,734 [DEBUG] yfinance OK: 5126
2026-10-02 06:56:19,935 [DEBUG] [TIME] 5126 income_stmt: 0.20s
2026-10-02 06:56:20,109 [DEBUG] [TIME] 5126 balance_sheet: 0.17s
2026-10-02 06:56:20,307 [DEBUG] [TIME] 5126 cashflow: 0.20s
2026-10-02 06:56:20,400 [DEBUG] [TIME] 5126 dividends: 0.09s
2026-10-02 06:56:20,400 [INFO] [DETAIL] 5126 ポーターズ: income_stmt=OK, balance_sheet=OK, cashflow=OK, dividends=EMPTY
2026-10-02 06:56:20,400 [INFO] [TIME] 5126 ポーターズ 処理時間: 0.84s
2026-10-02 06:56:21,991 [DEBUG] [TIME] 5129 info: 0.18s
2026-10-02 06:56:21,992 [DEBUG] yfinance OK: 5129
2026-10-02 06:56:22,140 [DEBUG] [TIME] 5129 income_stmt: 0.15s
2026-10-02 06:56:22,434 [DEBUG] [TIME] 5129 balance_sheet: 0.29s
2026-10-02 06:56:22,651 [DEBUG] [TIME] 5129 cashflow: 0.22s
2026-10-02 06:56:22,778 [DEBUG] [TIME] 5129 dividends: 0.13s
2026-10-02 06:56:22,778 [INFO] [DETAIL] 5129 ＦＩＸＥＲ: income_stmt=OK, balance_sheet=OK, cashflow=OK, dividends=EMPTY
2026-10-02 06:56:22,779 [INFO] [TIME] 5129 ＦＩＸＥＲ 処理時間: 0.96s
2026-10-02 06:56:24,414 [DEBUG] [TIME] 5131 info: 0.17s
2026-10-02 06:56:24,415 [DEBUG] yfinance OK: 5131
2026-10-02 06:56:24,585 [DEBUG] [TIME] 5131 income_stmt: 0.17s
2026-10-02 06:56:24,813 [DEBUG] [TIME] 5131 balance_sheet: 0.23s
2026-10-02 06:56:24,955 [DEBUG] [TIME] 5131 cashflow: 0.14s
2026-10-02 06:56:25,064 [DEBUG] [TIME] 5131 dividends: 0.11s
2026-10-02 06:56:25,064 [INFO] [DETAIL] 5131 リンカーズ: income_stmt=OK, balance_sheet=OK, cashflow=OK, dividends=EMPTY
2026-10-02 06:56:25,064 [INFO] [TIME] 5131 リンカーズ 処理時間: 0.81s
2026-10-02 06:56:26,980 [DEBUG] [TIME] 5132 info: 0.16s
2026-10-02 06:56:26,980 [DEBUG] yfinance OK: 5132
2026-10-02 06:56:27,150 [DEBUG] [TIME] 5132 income_stmt: 0.17s
2026-10-02 06:56:27,343 [DEBUG] [TIME] 5132 balance_sheet: 0.19s
2026-10-02 06:56:27,522 [DEBUG] [TIME] 5132 cashflow: 0.18s
2026-10-02 06:56:27,625 [DEBUG] [TIME] 5132 dividends: 0.10s
2026-10-02 06:56:27,625 [INFO] [DETAIL] 5132 ｐｌｕｓｚｅｒｏ: income_stmt=OK, balance_sheet=OK, cashflow=OK, dividends=EMPTY
2026-10-02 06:56:27,626 [INFO] [TIME] 5132 ｐｌｕｓｚｅｒｏ 処理時間: 0.80s
2026-10-02 06:56:29,546 [DEBUG] [TIME] 5133 info: 0.17s
2026-10-02 06:56:29,546 [DEBUG] yfinance OK: 5133
2026-10-02 06:56:29,762 [DEBUG] [TIME] 5133 income_stmt: 0.22s
2026-10-02 06:56:30,013 [DEBUG] [TIME] 5133 balance_sheet: 0.25s
2026-10-02 06:56:30,288 [DEBUG] [TIME] 5133 cashflow: 0.27s
2026-10-02 06:56:30,447 [DEBUG] [TIME] 5133 dividends: 0.16s
2026-10-02 06:56:30,448 [INFO] [DETAIL] 5133 テリロジーホールディングス: income_stmt=OK, balance_sheet=OK, cashflow=OK, dividends=OK
2026-10-02 06:56:30,448 [INFO] [TIME] 5133 テリロジーホールディングス 処理時間: 1.08s
2026-10-02 06:56:32,491 [DEBUG] [TIME] 5134 info: 0.34s
2026-10-02 06:56:32,491 [DEBUG] yfinance OK: 5134
2026-10-02 06:56:32,653 [DEBUG] [TIME] 5134 income_stmt: 0.16s
2026-10-02 06:56:32,955 [DEBUG] [TIME] 5134 balance_sheet: 0.30s
2026-10-02 06:56:33,209 [DEBUG] [TIME] 5134 cashflow: 0.25s
2026-10-02 06:56:33,317 [DEBUG] [TIME] 5134 dividends: 0.11s
2026-10-02 06:56:33,317 [INFO] [DETAIL] 5134 ＰＯＰＥＲ: income_stmt=OK, balance_sheet=OK, cashflow=OK, dividends=EMPTY
2026-10-02 06:56:33,317 [INFO] [TIME] 5134 ＰＯＰＥＲ 処理時間: 1.17s
2026-10-02 06:56:35,297 [DEBUG] [TIME] 5136 info: 0.17s
2026-10-02 06:56:35,297 [DEBUG] yfinance OK: 5136
2026-10-02 06:56:35,446 [DEBUG] [TIME] 5136 income_stmt: 0.15s
2026-10-02 06:56:35,732 [DEBUG] [TIME] 5136 balance_sheet: 0.28s
2026-10-02 06:56:36,022 [DEBUG] [TIME] 5136 cashflow: 0.29s
2026-10-02 06:56:36,184 [DEBUG] [TIME] 5136 dividends: 0.16s
2026-10-02 06:56:36,184 [INFO] [DETAIL] 5136 ｔｒｉｐｌａ: income_stmt=OK, balance_sheet=OK, cashflow=OK, dividends=EMPTY
2026-10-02 06:56:36,184 [INFO] [TIME] 5136 ｔｒｉｐｌａ 処理時間: 1.06s
2026-10-02 06:56:37,370 [DEBUG] [TIME] 5137 info: 0.14s
2026-10-02 06:56:37,370 [DEBUG] yfinance OK: 5137
2026-10-02 06:56:37,489 [DEBUG] [TIME] 5137 income_stmt: 0.12s
2026-10-02 06:56:37,799 [DEBUG] [TIME] 5137 balance_sheet: 0.31s
2026-10-02 06:56:37,945 [DEBUG] [TIME] 5137 cashflow: 0.15s
2026-10-02 06:56:38,071 [DEBUG] [TIME] 5137 dividends: 0.13s
2026-10-02 06:56:38,071 [INFO] [DETAIL] 5137 スマートドライブ: income_stmt=OK, balance_sheet=OK, cashflow=OK, dividends=EMPTY
2026-10-02 06:56:38,071 [INFO] [TIME] 5137 スマートドライブ 処理時間: 0.85s
2026-10-02 06:56:39,692 [DEBUG] [TIME] 5138 info: 0.20s
2026-10-02 06:56:39,692 [DEBUG] yfinance OK: 5138
2026-10-02 06:56:39,824 [DEBUG] [TIME] 5138 income_stmt: 0.13s
2026-10-02 06:56:40,070 [DEBUG] [TIME] 5138 balance_sheet: 0.25s
2026-10-02 06:56:40,247 [DEBUG] [TIME] 5138 cashflow: 0.18s
2026-10-02 06:56:40,377 [DEBUG] [TIME] 5138 dividends: 0.13s
2026-10-02 06:56:40,377 [INFO] [DETAIL] 5138 Ｒｅｂａｓｅ: income_stmt=OK, balance_sheet=OK, cashflow=OK, dividends=OK
2026-10-02 06:56:40,377 [INFO] [TIME] 5138 Ｒｅｂａｓｅ 処理時間: 0.88s
2026-10-02 06:56:42,128 [DEBUG] [TIME] 5139 info: 0.18s
2026-10-02 06:56:42,128 [DEBUG] yfinance OK: 5139
2026-10-02 06:56:42,281 [DEBUG] [TIME] 5139 income_stmt: 0.15s
2026-10-02 06:56:42,449 [DEBUG] [TIME] 5139 balance_sheet: 0.17s
2026-10-02 06:56:42,636 [DEBUG] [TIME] 5139 cashflow: 0.19s
2026-10-02 06:56:42,749 [DEBUG] [TIME] 5139 dividends: 0.11s
2026-10-02 06:56:42,749 [INFO] [DETAIL] 5139 オープンワーク: income_stmt=OK, balance_sheet=OK, cashflow=OK, dividends=OK
2026-10-02 06:56:42,749 [INFO] [TIME] 5139 オープンワーク 処理時間: 0.80s
2026-10-02 06:56:44,104 [DEBUG] [TIME] 5142 info: 0.14s
2026-10-02 06:56:44,104 [DEBUG] yfinance OK: 5142
2026-10-02 06:56:44,327 [DEBUG] [TIME] 5142 income_stmt: 0.22s
2026-10-02 06:56:44,529 [DEBUG] [TIME] 5142 balance_sheet: 0.20s
2026-10-02 06:56:44,666 [DEBUG] [TIME] 5142 cashflow: 0.14s
2026-10-02 06:56:44,916 [DEBUG] [TIME] 5142 dividends: 0.25s
2026-10-02 06:56:44,917 [INFO] [DETAIL] 5142 アキレス: income_stmt=OK, balance_sheet=OK, cashflow=OK, dividends=OK
2026-10-02 06:56:44,917 [INFO] [TIME] 5142 アキレス 処理時間: 0.95s
2026-10-02 06:56:46,722 [DEBUG] [TIME] 5161 info: 0.15s
2026-10-02 06:56:46,722 [DEBUG] yfinance OK: 5161
2026-10-02 06:56:46,848 [DEBUG] [TIME] 5161 income_stmt: 0.13s
2026-10-02 06:56:47,002 [DEBUG] [TIME] 5161 balance_sheet: 0.15s
2026-10-02 06:56:47,177 [DEBUG] [TIME] 5161 cashflow: 0.17s
2026-10-02 06:56:47,394 [DEBUG] [TIME] 5161 dividends: 0.22s
2026-10-02 06:56:47,395 [INFO] [DETAIL] 5161 西川ゴム工業: income_stmt=OK, balance_sheet=OK, cashflow=OK, dividends=OK
2026-10-02 06:56:47,395 [INFO] [TIME] 5161 西川ゴム工業 処理時間: 0.82s
2026-10-02 06:56:49,429 [DEBUG] [TIME] 5162 info: 0.15s
2026-10-02 06:56:49,430 [DEBUG] yfinance OK: 5162
2026-10-02 06:56:49,612 [DEBUG] [TIME] 5162 income_stmt: 0.18s
2026-10-02 06:56:49,833 [DEBUG] [TIME] 5162 balance_sheet: 0.22s
2026-10-02 06:56:49,977 [DEBUG] [TIME] 5162 cashflow: 0.14s
2026-10-02 06:56:50,250 [DEBUG] [TIME] 5162 dividends: 0.27s
2026-10-02 06:56:50,251 [INFO] [DETAIL] 5162 朝日ラバー: income_stmt=OK, balance_sheet=OK, cashflow=OK, dividends=OK
2026-10-02 06:56:50,251 [INFO] [TIME] 5162 朝日ラバー 処理時間: 0.97s
2026-10-02 06:56:51,877 [DEBUG] [TIME] 5184 info: 0.18s
2026-10-02 06:56:51,877 [DEBUG] yfinance OK: 5184
2026-10-02 06:56:52,116 [DEBUG] [TIME] 5184 income_stmt: 0.24s
2026-10-02 06:56:52,327 [DEBUG] [TIME] 5184 balance_sheet: 0.21s
2026-10-02 06:56:52,501 [DEBUG] [TIME] 5184 cashflow: 0.17s
2026-10-02 06:56:52,744 [DEBUG] [TIME] 5184 dividends: 0.24s
2026-10-02 06:56:52,745 [INFO] [DETAIL] 5184 ニチリン: income_stmt=OK, balance_sheet=OK, cashflow=OK, dividends=OK
2026-10-02 06:56:52,745 [INFO] [TIME] 5184 ニチリン 処理時間: 1.05s
2026-10-02 06:56:54,365 [DEBUG] [TIME] 5185 info: 0.21s
2026-10-02 06:56:54,365 [DEBUG] yfinance OK: 5185
2026-10-02 06:56:54,523 [DEBUG] [TIME] 5185 income_stmt: 0.16s
2026-10-02 06:56:54,721 [DEBUG] [TIME] 5185 balance_sheet: 0.20s
2026-10-02 06:56:54,877 [DEBUG] [TIME] 5185 cashflow: 0.15s
2026-10-02 06:56:55,094 [DEBUG] [TIME] 5185 dividends: 0.22s
2026-10-02 06:56:55,095 [INFO] [DETAIL] 5185 フコク: income_stmt=OK, balance_sheet=OK, cashflow=OK, dividends=OK
2026-10-02 06:56:55,095 [INFO] [TIME] 5185 フコク 処理時間: 0.94s
2026-10-02 06:56:56,965 [DEBUG] [TIME] 5186 info: 0.16s
2026-10-02 06:56:56,966 [DEBUG] yfinance OK: 5186
2026-10-02 06:56:57,175 [DEBUG] [TIME] 5186 income_stmt: 0.21s
2026-10-02 06:56:57,425 [DEBUG] [TIME] 5186 balance_sheet: 0.25s
2026-10-02 06:56:57,633 [DEBUG] [TIME] 5186 cashflow: 0.21s
2026-10-02 06:56:57,846 [DEBUG] [TIME] 5186 dividends: 0.21s
2026-10-02 06:56:57,847 [INFO] [DETAIL] 5186 ニッタ: income_stmt=OK, balance_sheet=OK, cashflow=OK, dividends=OK
2026-10-02 06:56:57,847 [INFO] [TIME] 5186 ニッタ 処理時間: 1.04s
2026-10-02 06:56:59,642 [DEBUG] [TIME] 5187 info: 0.15s
2026-10-02 06:56:59,642 [DEBUG] yfinance OK: 5187
2026-10-02 06:56:59,795 [DEBUG] [TIME] 5187 income_stmt: 0.15s
2026-10-02 06:57:00,131 [DEBUG] [TIME] 5187 balance_sheet: 0.33s
2026-10-02 06:57:00,300 [DEBUG] [TIME] 5187 cashflow: 0.17s
2026-10-02 06:57:00,523 [DEBUG] [TIME] 5187 dividends: 0.22s
2026-10-02 06:57:00,524 [INFO] [DETAIL] 5187 クリエートメディック: income_stmt=OK, balance_sheet=OK, cashflow=OK, dividends=OK
2026-10-02 06:57:00,524 [INFO] [TIME] 5187 クリエートメディック 処理時間: 1.04s
2026-10-02 06:57:02,248 [DEBUG] [TIME] 5189 info: 0.15s
2026-10-02 06:57:02,248 [DEBUG] yfinance OK: 5189
2026-10-02 06:57:02,391 [DEBUG] [TIME] 5189 income_stmt: 0.14s
2026-10-02 06:57:02,555 [DEBUG] [TIME] 5189 balance_sheet: 0.16s
2026-10-02 06:57:02,759 [DEBUG] [TIME] 5189 cashflow: 0.20s
2026-10-02 06:57:03,011 [DEBUG] [TIME] 5189 dividends: 0.25s
2026-10-02 06:57:03,012 [INFO] [DETAIL] 5189 櫻護謨: income_stmt=OK, balance_sheet=OK, cashflow=OK, dividends=OK
2026-10-02 06:57:03,012 [INFO] [TIME] 5189 櫻護謨 処理時間: 0.91s
2026-10-02 06:57:04,879 [DEBUG] [TIME] 5192 info: 0.17s
2026-10-02 06:57:04,879 [DEBUG] yfinance OK: 5192
2026-10-02 06:57:05,006 [DEBUG] [TIME] 5192 income_stmt: 0.13s
2026-10-02 06:57:05,163 [DEBUG] [TIME] 5192 balance_sheet: 0.16s
2026-10-02 06:57:05,320 [DEBUG] [TIME] 5192 cashflow: 0.16s
2026-10-02 06:57:05,643 [DEBUG] [TIME] 5192 dividends: 0.32s
2026-10-02 06:57:05,645 [INFO] [DETAIL] 5192 三ツ星ベルト: income_stmt=OK, balance_sheet=OK, cashflow=OK, dividends=OK
2026-10-02 06:57:05,645 [INFO] [TIME] 5192 三ツ星ベルト 処理時間: 0.94s
2026-10-02 06:57:07,219 [DEBUG] [TIME] 5194 info: 0.15s
2026-10-02 06:57:07,219 [DEBUG] yfinance OK: 5194
2026-10-02 06:57:07,393 [DEBUG] [TIME] 5194 income_stmt: 0.17s
2026-10-02 06:57:07,632 [DEBUG] [TIME] 5194 balance_sheet: 0.24s
2026-10-02 06:57:07,814 [DEBUG] [TIME] 5194 cashflow: 0.18s
2026-10-02 06:57:08,058 [DEBUG] [TIME] 5194 dividends: 0.24s
2026-10-02 06:57:08,059 [INFO] [DETAIL] 5194 相模ゴム工業: income_stmt=OK, balance_sheet=OK, cashflow=OK, dividends=OK
2026-10-02 06:57:08,060 [INFO] [TIME] 5194 相模ゴム工業 処理時間: 0.99s
2026-10-02 06:57:10,099 [DEBUG] [TIME] 5195 info: 0.15s
2026-10-02 06:57:10,099 [DEBUG] yfinance OK: 5195
2026-10-02 06:57:10,250 [DEBUG] [TIME] 5195 income_stmt: 0.15s
2026-10-02 06:57:10,464 [DEBUG] [TIME] 5195 balance_sheet: 0.21s
2026-10-02 06:57:10,654 [DEBUG] [TIME] 5195 cashflow: 0.19s
2026-10-02 06:57:10,929 [DEBUG] [TIME] 5195 dividends: 0.27s
2026-10-02 06:57:10,930 [INFO] [DETAIL] 5195 バンドー化学: income_stmt=OK, balance_sheet=OK, cashflow=OK, dividends=OK
2026-10-02 06:57:10,930 [INFO] [TIME] 5195 バンドー化学 処理時間: 0.98s
2026-10-02 06:57:12,195 [DEBUG] [TIME] 5199 info: 0.15s
2026-10-02 06:57:12,195 [DEBUG] yfinance OK: 5199
2026-10-02 06:57:12,445 [DEBUG] [TIME] 5199 income_stmt: 0.25s
2026-10-02 06:57:12,630 [DEBUG] [TIME] 5199 balance_sheet: 0.18s
2026-10-02 06:57:12,820 [DEBUG] [TIME] 5199 cashflow: 0.19s
2026-10-02 06:57:13,153 [DEBUG] [TIME] 5199 dividends: 0.33s
2026-10-02 06:57:13,154 [INFO] [DETAIL] 5199 不二ラテックス: income_stmt=OK, balance_sheet=OK, cashflow=OK, dividends=OK
2026-10-02 06:57:13,154 [INFO] [TIME] 5199 不二ラテックス 処理時間: 1.11s
2026-10-02 06:57:14,368 [DEBUG] [TIME] 519A info: 0.19s
2026-10-02 06:57:14,368 [DEBUG] yfinance OK: 519A
2026-10-02 06:57:14,505 [DEBUG] [TIME] 519A income_stmt: 0.14s
2026-10-02 06:57:14,629 [DEBUG] [TIME] 519A balance_sheet: 0.12s
2026-10-02 06:57:14,720 [DEBUG] [TIME] 519A cashflow: 0.09s
2026-10-02 06:57:14,832 [DEBUG] [TIME] 519A dividends: 0.11s
2026-10-02 06:57:14,832 [INFO] [DETAIL] 519A ベーシック: income_stmt=OK, balance_sheet=OK, cashflow=OK, dividends=EMPTY
2026-10-02 06:57:14,832 [INFO] [TIME] 519A ベーシック 処理時間: 0.66s
2026-10-02 06:57:16,225 [DEBUG] [TIME] 5201 info: 0.15s
2026-10-02 06:57:16,225 [DEBUG] yfinance OK: 5201
2026-10-02 06:57:16,431 [DEBUG] [TIME] 5201 income_stmt: 0.21s
2026-10-02 06:57:16,691 [DEBUG] [TIME] 5201 balance_sheet: 0.26s
2026-10-02 06:57:16,997 [DEBUG] [TIME] 5201 cashflow: 0.31s
2026-10-02 06:57:17,296 [DEBUG] [TIME] 5201 dividends: 0.30s
2026-10-02 06:57:17,297 [INFO] [DETAIL] 5201 ＡＧＣ: income_stmt=OK, balance_sheet=OK, cashflow=OK, dividends=OK
2026-10-02 06:57:17,297 [INFO] [TIME] 5201 ＡＧＣ 処理時間: 1.22s
2026-10-02 06:57:18,686 [DEBUG] [TIME] 5202 info: 0.17s
2026-10-02 06:57:18,686 [DEBUG] yfinance OK: 5202
2026-10-02 06:57:18,843 [DEBUG] [TIME] 5202 income_stmt: 0.16s
2026-10-02 06:57:19,049 [DEBUG] [TIME] 5202 balance_sheet: 0.20s
2026-10-02 06:57:19,170 [DEBUG] [TIME] 5202 cashflow: 0.12s
2026-10-02 06:57:19,419 [DEBUG] [TIME] 5202 dividends: 0.25s
2026-10-02 06:57:19,420 [INFO] [DETAIL] 5202 日本板硝子: income_stmt=OK, balance_sheet=OK, cashflow=OK, dividends=OK
2026-10-02 06:57:19,420 [INFO] [TIME] 5202 日本板硝子 処理時間: 0.90s
2026-10-02 06:57:21,016 [DEBUG] [TIME] 5204 info: 0.18s
2026-10-02 06:57:21,016 [DEBUG] yfinance OK: 5204
2026-10-02 06:57:21,204 [DEBUG] [TIME] 5204 income_stmt: 0.19s
2026-10-02 06:57:21,507 [DEBUG] [TIME] 5204 balance_sheet: 0.30s
2026-10-02 06:57:21,739 [DEBUG] [TIME] 5204 cashflow: 0.23s
2026-10-02 06:57:22,034 [DEBUG] [TIME] 5204 dividends: 0.29s
2026-10-02 06:57:22,035 [INFO] [DETAIL] 5204 石塚硝子: income_stmt=OK, balance_sheet=OK, cashflow=OK, dividends=OK
2026-10-02 06:57:22,035 [INFO] [TIME] 5204 石塚硝子 処理時間: 1.20s
2026-10-02 06:57:23,765 [DEBUG] [TIME] 5208 info: 0.16s
2026-10-02 06:57:23,765 [DEBUG] yfinance OK: 5208
2026-10-02 06:57:23,967 [DEBUG] [TIME] 5208 income_stmt: 0.20s
2026-10-02 06:57:24,249 [DEBUG] [TIME] 5208 balance_sheet: 0.28s
2026-10-02 06:57:24,431 [DEBUG] [TIME] 5208 cashflow: 0.18s
2026-10-02 06:57:24,696 [DEBUG] [TIME] 5208 dividends: 0.26s
2026-10-02 06:57:24,697 [INFO] [DETAIL] 5208 有沢製作所: income_stmt=OK, balance_sheet=OK, cashflow=OK, dividends=OK
2026-10-02 06:57:24,697 [INFO] [TIME] 5208 有沢製作所 処理時間: 1.10s
2026-10-02 06:57:26,869 [DEBUG] [TIME] 520A info: 0.21s
2026-10-02 06:57:26,870 [DEBUG] yfinance OK: 520A
2026-10-02 06:57:27,124 [DEBUG] [TIME] 520A income_stmt: 0.25s
2026-10-02 06:57:27,230 [DEBUG] [TIME] 520A balance_sheet: 0.10s
2026-10-02 06:57:27,330 [DEBUG] [TIME] 520A cashflow: 0.10s
2026-10-02 06:57:27,423 [DEBUG] [TIME] 520A dividends: 0.09s
2026-10-02 06:57:27,423 [INFO] [DETAIL] 520A ジェイファーマ: income_stmt=OK, balance_sheet=OK, cashflow=OK, dividends=EMPTY
2026-10-02 06:57:27,423 [INFO] [TIME] 520A ジェイファーマ 処理時間: 0.77s
2026-10-02 06:57:28,790 [DEBUG] [TIME] 5210 info: 0.21s
2026-10-02 06:57:28,790 [DEBUG] yfinance OK: 5210
2026-10-02 06:57:29,019 [DEBUG] [TIME] 5210 income_stmt: 0.23s
2026-10-02 06:57:29,238 [DEBUG] [TIME] 5210 balance_sheet: 0.22s
2026-10-02 06:57:29,444 [DEBUG] [TIME] 5210 cashflow: 0.21s
2026-10-02 06:57:29,734 [DEBUG] [TIME] 5210 dividends: 0.29s
2026-10-02 06:57:29,735 [INFO] [DETAIL] 5210 日本山村硝子: income_stmt=OK, balance_sheet=OK, cashflow=OK, dividends=OK
2026-10-02 06:57:29,735 [INFO] [TIME] 5210 日本山村硝子 処理時間: 1.15s
2026-10-02 06:57:31,511 [DEBUG] [TIME] 5214 info: 0.16s
2026-10-02 06:57:31,511 [DEBUG] yfinance OK: 5214
2026-10-02 06:57:31,644 [DEBUG] [TIME] 5214 income_stmt: 0.13s
2026-10-02 06:57:31,806 [DEBUG] [TIME] 5214 balance_sheet: 0.16s
2026-10-02 06:57:31,945 [DEBUG] [TIME] 5214 cashflow: 0.14s
2026-10-02 06:57:32,210 [DEBUG] [TIME] 5214 dividends: 0.26s
2026-10-02 06:57:32,211 [INFO] [DETAIL] 5214 日本電気硝子: income_stmt=OK, balance_sheet=OK, cashflow=OK, dividends=OK
2026-10-02 06:57:32,211 [INFO] [TIME] 5214 日本電気硝子 処理時間: 0.86s
2026-10-02 06:57:34,327 [DEBUG] [TIME] 5216 info: 0.26s
2026-10-02 06:57:34,327 [DEBUG] yfinance OK: 5216
2026-10-02 06:57:34,474 [DEBUG] [TIME] 5216 income_stmt: 0.15s
2026-10-02 06:57:34,638 [DEBUG] [TIME] 5216 balance_sheet: 0.16s
2026-10-02 06:57:34,795 [DEBUG] [TIME] 5216 cashflow: 0.16s
2026-10-02 06:57:34,945 [DEBUG] [TIME] 5216 dividends: 0.15s
2026-10-02 06:57:34,945 [INFO] [DETAIL] 5216 倉元製作所: income_stmt=OK, balance_sheet=OK, cashflow=OK, dividends=EMPTY
2026-10-02 06:57:34,945 [INFO] [TIME] 5216 倉元製作所 処理時間: 0.88s
2026-10-02 06:57:37,069 [DEBUG] [TIME] 5218 info: 0.19s
2026-10-02 06:57:37,070 [DEBUG] yfinance OK: 5218
2026-10-02 06:57:37,280 [DEBUG] [TIME] 5218 income_stmt: 0.21s
2026-10-02 06:57:37,574 [DEBUG] [TIME] 5218 balance_sheet: 0.29s
2026-10-02 06:57:37,713 [DEBUG] [TIME] 5218 cashflow: 0.14s
2026-10-02 06:57:37,924 [DEBUG] [TIME] 5218 dividends: 0.21s
2026-10-02 06:57:37,925 [INFO] [DETAIL] 5218 オハラ: income_stmt=OK, balance_sheet=OK, cashflow=OK, dividends=OK
2026-10-02 06:57:37,925 [INFO] [TIME] 5218 オハラ 処理時間: 1.04s
2026-10-02 06:57:40,081 [DEBUG] [TIME] 5232 info: 0.20s
2026-10-02 06:57:40,081 [DEBUG] yfinance OK: 5232
2026-10-02 06:57:40,304 [DEBUG] [TIME] 5232 income_stmt: 0.22s
2026-10-02 06:57:40,548 [DEBUG] [TIME] 5232 balance_sheet: 0.24s
2026-10-02 06:57:40,768 [DEBUG] [TIME] 5232 cashflow: 0.22s
2026-10-02 06:57:41,062 [DEBUG] [TIME] 5232 dividends: 0.29s
2026-10-02 06:57:41,063 [INFO] [DETAIL] 5232 住友大阪セメント: income_stmt=OK, balance_sheet=OK, cashflow=OK, dividends=OK
2026-10-02 06:57:41,063 [INFO] [TIME] 5232 住友大阪セメント 処理時間: 1.19s
2026-10-02 06:57:42,903 [DEBUG] [TIME] 5233 info: 0.17s
2026-10-02 06:57:42,903 [DEBUG] yfinance OK: 5233
2026-10-02 06:57:43,215 [DEBUG] [TIME] 5233 income_stmt: 0.31s
2026-10-02 06:57:43,464 [DEBUG] [TIME] 5233 balance_sheet: 0.25s
2026-10-02 06:57:43,624 [DEBUG] [TIME] 5233 cashflow: 0.16s
2026-10-02 06:57:43,858 [DEBUG] [TIME] 5233 dividends: 0.23s
2026-10-02 06:57:43,859 [INFO] [DETAIL] 5233 太平洋セメント: income_stmt=OK, balance_sheet=OK, cashflow=OK, dividends=OK
2026-10-02 06:57:43,859 [INFO] [TIME] 5233 太平洋セメント 処理時間: 1.13s
2026-10-02 06:57:45,111 [DEBUG] [TIME] 5237 info: 0.15s
2026-10-02 06:57:45,112 [DEBUG] yfinance OK: 5237
2026-10-02 06:57:45,286 [DEBUG] [TIME] 5237 income_stmt: 0.17s
2026-10-02 06:57:45,607 [DEBUG] [TIME] 5237 balance_sheet: 0.32s
2026-10-02 06:57:45,777 [DEBUG] [TIME] 5237 cashflow: 0.17s
2026-10-02 06:57:46,058 [DEBUG] [TIME] 5237 dividends: 0.28s
2026-10-02 06:57:46,059 [INFO] [DETAIL] 5237 ノザワ: income_stmt=OK, balance_sheet=OK, cashflow=OK, dividends=OK
2026-10-02 06:57:46,059 [INFO] [TIME] 5237 ノザワ 処理時間: 1.09s
2026-10-02 06:57:47,429 [DEBUG] [TIME] 523A info: 0.16s
2026-10-02 06:57:47,429 [DEBUG] yfinance OK: 523A
2026-10-02 06:57:47,581 [DEBUG] [TIME] 523A income_stmt: 0.15s
2026-10-02 06:57:47,770 [DEBUG] [TIME] 523A balance_sheet: 0.19s
2026-10-02 06:57:47,915 [DEBUG] [TIME] 523A cashflow: 0.14s
2026-10-02 06:57:48,000 [DEBUG] [TIME] 523A dividends: 0.08s
2026-10-02 06:57:48,000 [INFO] [DETAIL] 523A セイワホールディングス: income_stmt=OK, balance_sheet=OK, cashflow=OK, dividends=EMPTY
2026-10-02 06:57:48,000 [INFO] [TIME] 523A セイワホールディングス 処理時間: 0.73s
2026-10-02 06:57:50,147 [DEBUG] [TIME] 5240 info: 0.18s
2026-10-02 06:57:50,147 [DEBUG] yfinance OK: 5240
2026-10-02 06:57:50,283 [DEBUG] [TIME] 5240 income_stmt: 0.14s
2026-10-02 06:57:50,478 [DEBUG] [TIME] 5240 balance_sheet: 0.19s
2026-10-02 06:57:50,623 [DEBUG] [TIME] 5240 cashflow: 0.14s
2026-10-02 06:57:50,801 [DEBUG] [TIME] 5240 dividends: 0.18s
2026-10-02 06:57:50,801 [INFO] [DETAIL] 5240 ｍｏｎｏＡＩ　ｔｅｃｈｎｏｌｏｇｙ: income_stmt=OK, balance_sheet=OK, cashflow=OK, dividends=EMPTY
2026-10-02 06:57:50,801 [INFO] [TIME] 5240 ｍｏｎｏＡＩ　ｔｅｃｈｎｏｌｏｇｙ 処理時間: 0.84s
2026-10-02 06:57:52,693 [DEBUG] [TIME] 5242 info: 0.15s
2026-10-02 06:57:52,694 [DEBUG] yfinance OK: 5242
2026-10-02 06:57:52,889 [DEBUG] [TIME] 5242 income_stmt: 0.20s
2026-10-02 06:57:53,030 [DEBUG] [TIME] 5242 balance_sheet: 0.14s
2026-10-02 06:57:53,171 [DEBUG] [TIME] 5242 cashflow: 0.14s
2026-10-02 06:57:53,285 [DEBUG] [TIME] 5242 dividends: 0.11s
2026-10-02 06:57:53,285 [INFO] [DETAIL] 5242 アイズ: income_stmt=OK, balance_sheet=OK, cashflow=OK, dividends=EMPTY
2026-10-02 06:57:53,285 [INFO] [TIME] 5242 アイズ 処理時間: 0.74s
2026-10-02 06:57:55,129 [DEBUG] [TIME] 5243 info: 0.15s
2026-10-02 06:57:55,129 [DEBUG] yfinance OK: 5243
2026-10-02 06:57:55,277 [DEBUG] [TIME] 5243 income_stmt: 0.15s
2026-10-02 06:57:55,448 [DEBUG] [TIME] 5243 balance_sheet: 0.17s
2026-10-02 06:57:55,599 [DEBUG] [TIME] 5243 cashflow: 0.15s
2026-10-02 06:57:55,745 [DEBUG] [TIME] 5243 dividends: 0.15s
2026-10-02 06:57:55,745 [INFO] [DETAIL] 5243 ｎｏｔｅ: income_stmt=OK, balance_sheet=OK, cashflow=OK, dividends=EMPTY
2026-10-02 06:57:55,745 [INFO] [TIME] 5243 ｎｏｔｅ 処理時間: 0.77s
2026-10-02 06:57:57,363 [DEBUG] [TIME] 5244 info: 0.15s
2026-10-02 06:57:57,363 [DEBUG] yfinance OK: 5244
2026-10-02 06:57:57,493 [DEBUG] [TIME] 5244 income_stmt: 0.13s
2026-10-02 06:57:57,707 [DEBUG] [TIME] 5244 balance_sheet: 0.21s
2026-10-02 06:57:57,864 [DEBUG] [TIME] 5244 cashflow: 0.16s
2026-10-02 06:57:57,974 [DEBUG] [TIME] 5244 dividends: 0.11s
2026-10-02 06:57:57,975 [INFO] [DETAIL] 5244 ｊｉｇ．ｊｐ: income_stmt=OK, balance_sheet=OK, cashflow=OK, dividends=OK
2026-10-02 06:57:57,975 [INFO] [TIME] 5244 ｊｉｇ．ｊｐ 処理時間: 0.76s
2026-10-02 06:57:59,452 [DEBUG] [TIME] 5246 info: 0.17s
2026-10-02 06:57:59,452 [DEBUG] yfinance OK: 5246
2026-10-02 06:57:59,613 [DEBUG] [TIME] 5246 income_stmt: 0.16s
2026-10-02 06:57:59,741 [DEBUG] [TIME] 5246 balance_sheet: 0.13s
2026-10-02 06:57:59,898 [DEBUG] [TIME] 5246 cashflow: 0.16s
2026-10-02 06:57:59,997 [DEBUG] [TIME] 5246 dividends: 0.10s
2026-10-02 06:57:59,997 [INFO] [DETAIL] 5246 ＥＬＥＭＥＮＴＳ: income_stmt=OK, balance_sheet=OK, cashflow=OK, dividends=EMPTY
2026-10-02 06:57:59,997 [INFO] [TIME] 5246 ＥＬＥＭＥＮＴＳ 処理時間: 0.71s
2026-10-02 06:58:01,308 [DEBUG] [TIME] 5247 info: 0.17s
2026-10-02 06:58:01,308 [DEBUG] yfinance OK: 5247
2026-10-02 06:58:01,443 [DEBUG] [TIME] 5247 income_stmt: 0.13s
2026-10-02 06:58:01,602 [DEBUG] [TIME] 5247 balance_sheet: 0.16s
2026-10-02 06:58:01,733 [DEBUG] [TIME] 5247 cashflow: 0.13s
2026-10-02 06:58:01,858 [DEBUG] [TIME] 5247 dividends: 0.12s
2026-10-02 06:58:01,858 [INFO] [DETAIL] 5247 ＢＴＭ: income_stmt=OK, balance_sheet=OK, cashflow=OK, dividends=EMPTY
2026-10-02 06:58:01,859 [INFO] [TIME] 5247 ＢＴＭ 処理時間: 0.73s
2026-10-02 06:58:03,879 [DEBUG] [TIME] 5248 info: 0.21s
2026-10-02 06:58:03,879 [DEBUG] yfinance OK: 5248
2026-10-02 06:58:04,024 [DEBUG] [TIME] 5248 income_stmt: 0.14s
2026-10-02 06:58:04,206 [DEBUG] [TIME] 5248 balance_sheet: 0.18s
2026-10-02 06:58:04,455 [DEBUG] [TIME] 5248 cashflow: 0.25s
2026-10-02 06:58:04,559 [DEBUG] [TIME] 5248 dividends: 0.10s
2026-10-02 06:58:04,559 [INFO] [DETAIL] 5248 テクノロジーズ: income_stmt=OK, balance_sheet=OK, cashflow=OK, dividends=EMPTY
2026-10-02 06:58:04,559 [INFO] [TIME] 5248 テクノロジーズ 処理時間: 0.89s
2026-10-02 06:58:06,052 [DEBUG] [TIME] 5250 info: 0.23s
2026-10-02 06:58:06,052 [DEBUG] yfinance OK: 5250
2026-10-02 06:58:06,258 [DEBUG] [TIME] 5250 income_stmt: 0.21s
2026-10-02 06:58:06,488 [DEBUG] [TIME] 5250 balance_sheet: 0.23s
2026-10-02 06:58:06,645 [DEBUG] [TIME] 5250 cashflow: 0.16s
2026-10-02 06:58:06,750 [DEBUG] [TIME] 5250 dividends: 0.10s
2026-10-02 06:58:06,751 [INFO] [DETAIL] 5250 ＧＭＯプライム・ストラテジー: income_stmt=OK, balance_sheet=OK, cashflow=OK, dividends=OK
2026-10-02 06:58:06,751 [INFO] [TIME] 5250 ＧＭＯプライム・ストラテジー 処理時間: 0.93s
2026-10-02 06:58:08,773 [DEBUG] [TIME] 5252 info: 0.14s
2026-10-02 06:58:08,773 [DEBUG] yfinance OK: 5252
2026-10-02 06:58:08,929 [DEBUG] [TIME] 5252 income_stmt: 0.16s
2026-10-02 06:58:09,113 [DEBUG] [TIME] 5252 balance_sheet: 0.18s
2026-10-02 06:58:09,265 [DEBUG] [TIME] 5252 cashflow: 0.15s
2026-10-02 06:58:09,425 [DEBUG] [TIME] 5252 dividends: 0.16s
2026-10-02 06:58:09,426 [INFO] [DETAIL] 5252 日本ナレッジ: income_stmt=OK, balance_sheet=OK, cashflow=OK, dividends=OK
2026-10-02 06:58:09,426 [INFO] [TIME] 5252 日本ナレッジ 処理時間: 0.79s
2026-10-02 06:58:10,987 [DEBUG] [TIME] 5253 info: 0.17s
2026-10-02 06:58:10,987 [DEBUG] yfinance OK: 5253
2026-10-02 06:58:11,132 [DEBUG] [TIME] 5253 income_stmt: 0.14s
2026-10-02 06:58:11,422 [DEBUG] [TIME] 5253 balance_sheet: 0.29s
2026-10-02 06:58:11,570 [DEBUG] [TIME] 5253 cashflow: 0.15s
2026-10-02 06:58:11,686 [DEBUG] [TIME] 5253 dividends: 0.12s
2026-10-02 06:58:11,686 [INFO] [DETAIL] 5253 カバー: income_stmt=OK, balance_sheet=OK, cashflow=OK, dividends=EMPTY
2026-10-02 06:58:11,686 [INFO] [TIME] 5253 カバー 処理時間: 0.87s
2026-10-02 06:58:13,556 [DEBUG] [TIME] 5254 info: 0.18s
2026-10-02 06:58:13,556 [DEBUG] yfinance OK: 5254
2026-10-02 06:58:13,777 [DEBUG] [TIME] 5254 income_stmt: 0.22s
2026-10-02 06:58:14,055 [DEBUG] [TIME] 5254 balance_sheet: 0.28s
2026-10-02 06:58:14,265 [DEBUG] [TIME] 5254 cashflow: 0.21s
2026-10-02 06:58:14,381 [DEBUG] [TIME] 5254 dividends: 0.12s
2026-10-02 06:58:14,381 [INFO] [DETAIL] 5254 Ａｒｅｎｔ: income_stmt=OK, balance_sheet=OK, cashflow=OK, dividends=EMPTY
2026-10-02 06:58:14,381 [INFO] [TIME] 5254 Ａｒｅｎｔ 処理時間: 1.00s
2026-10-02 06:58:16,532 [DEBUG] [TIME] 5255 info: 0.18s
2026-10-02 06:58:16,532 [DEBUG] yfinance OK: 5255
2026-10-02 06:58:16,709 [DEBUG] [TIME] 5255 income_stmt: 0.18s
2026-10-02 06:58:16,868 [DEBUG] [TIME] 5255 balance_sheet: 0.16s
2026-10-02 06:58:17,104 [DEBUG] [TIME] 5255 cashflow: 0.23s
2026-10-02 06:58:17,245 [DEBUG] [TIME] 5255 dividends: 0.14s
2026-10-02 06:58:17,246 [INFO] [DETAIL] 5255 モンスターラボ: income_stmt=OK, balance_sheet=OK, cashflow=OK, dividends=EMPTY
2026-10-02 06:58:17,246 [INFO] [TIME] 5255 モンスターラボ 処理時間: 0.89s
2026-10-02 06:58:18,954 [DEBUG] [TIME] 5256 info: 0.14s
2026-10-02 06:58:18,954 [DEBUG] yfinance OK: 5256
2026-10-02 06:58:19,105 [DEBUG] [TIME] 5256 income_stmt: 0.15s
2026-10-02 06:58:19,318 [DEBUG] [TIME] 5256 balance_sheet: 0.21s
2026-10-02 06:58:19,534 [DEBUG] [TIME] 5256 cashflow: 0.22s
2026-10-02 06:58:19,698 [DEBUG] [TIME] 5256 dividends: 0.16s
2026-10-02 06:58:19,698 [INFO] [DETAIL] 5256 Ｆｕｓｉｃ: income_stmt=OK, balance_sheet=OK, cashflow=OK, dividends=EMPTY
2026-10-02 06:58:19,698 [INFO] [TIME] 5256 Ｆｕｓｉｃ 処理時間: 0.89s
2026-10-02 06:58:21,093 [DEBUG] [TIME] 5257 info: 0.16s
2026-10-02 06:58:21,093 [DEBUG] yfinance OK: 5257
2026-10-02 06:58:21,219 [DEBUG] [TIME] 5257 income_stmt: 0.13s
2026-10-02 06:58:21,372 [DEBUG] [TIME] 5257 balance_sheet: 0.15s
2026-10-02 06:58:21,628 [DEBUG] [TIME] 5257 cashflow: 0.26s
2026-10-02 06:58:21,728 [DEBUG] [TIME] 5257 dividends: 0.10s
2026-10-02 06:58:21,729 [INFO] [DETAIL] 5257 ノバシステム: income_stmt=OK, balance_sheet=OK, cashflow=OK, dividends=OK
2026-10-02 06:58:21,729 [INFO] [TIME] 5257 ノバシステム 処理時間: 0.80s
2026-10-02 06:58:23,715 [DEBUG] [TIME] 5258 info: 0.20s
2026-10-02 06:58:23,716 [DEBUG] yfinance OK: 5258
2026-10-02 06:58:23,871 [DEBUG] [TIME] 5258 income_stmt: 0.16s
2026-10-02 06:58:24,129 [DEBUG] [TIME] 5258 balance_sheet: 0.26s
2026-10-02 06:58:24,290 [DEBUG] [TIME] 5258 cashflow: 0.16s
2026-10-02 06:58:24,477 [DEBUG] [TIME] 5258 dividends: 0.19s
2026-10-02 06:58:24,477 [INFO] [DETAIL] 5258 トランザクション・メディア・ネットワークス: income_stmt=OK, balance_sheet=OK, cashflow=OK, dividends=EMPTY
2026-10-02 06:58:24,477 [INFO] [TIME] 5258 トランザクション・メディア・ネットワークス 処理時間: 0.96s
2026-10-02 06:58:26,004 [DEBUG] [TIME] 5261 info: 0.18s
2026-10-02 06:58:26,004 [DEBUG] yfinance OK: 5261
2026-10-02 06:58:26,135 [DEBUG] [TIME] 5261 income_stmt: 0.13s
2026-10-02 06:58:26,335 [DEBUG] [TIME] 5261 balance_sheet: 0.20s
2026-10-02 06:58:26,473 [DEBUG] [TIME] 5261 cashflow: 0.14s
2026-10-02 06:58:26,754 [DEBUG] [TIME] 5261 dividends: 0.28s
2026-10-02 06:58:26,755 [INFO] [DETAIL] 5261 リソルホールディングス: income_stmt=OK, balance_sheet=OK, cashflow=OK, dividends=OK
2026-10-02 06:58:26,755 [INFO] [TIME] 5261 リソルホールディングス 処理時間: 0.93s
2026-10-02 06:58:28,790 [DEBUG] [TIME] 5262 info: 0.15s
2026-10-02 06:58:28,790 [DEBUG] yfinance OK: 5262
2026-10-02 06:58:28,995 [DEBUG] [TIME] 5262 income_stmt: 0.21s
2026-10-02 06:58:29,212 [DEBUG] [TIME] 5262 balance_sheet: 0.22s
2026-10-02 06:58:29,351 [DEBUG] [TIME] 5262 cashflow: 0.14s
2026-10-02 06:58:29,650 [DEBUG] [TIME] 5262 dividends: 0.30s
2026-10-02 06:58:29,651 [INFO] [DETAIL] 5262 日本ヒューム: income_stmt=OK, balance_sheet=OK, cashflow=OK, dividends=OK
2026-10-02 06:58:29,651 [INFO] [TIME] 5262 日本ヒューム 処理時間: 1.01s
2026-10-02 06:58:31,122 [DEBUG] [TIME] 5268 info: 0.14s
2026-10-02 06:58:31,122 [DEBUG] yfinance OK: 5268
2026-10-02 06:58:31,289 [DEBUG] [TIME] 5268 income_stmt: 0.17s
2026-10-02 06:58:31,490 [DEBUG] [TIME] 5268 balance_sheet: 0.20s
2026-10-02 06:58:31,589 [DEBUG] [TIME] 5268 cashflow: 0.10s
2026-10-02 06:58:31,845 [DEBUG] [TIME] 5268 dividends: 0.26s
2026-10-02 06:58:31,846 [INFO] [DETAIL] 5268 旭コンクリート工業: income_stmt=OK, balance_sheet=OK, cashflow=OK, dividends=OK
2026-10-02 06:58:31,846 [INFO] [TIME] 5268 旭コンクリート工業 処理時間: 0.86s
2026-10-02 06:58:33,912 [DEBUG] [TIME] 5269 info: 0.16s
2026-10-02 06:58:33,912 [DEBUG] yfinance OK: 5269
2026-10-02 06:58:34,121 [DEBUG] [TIME] 5269 income_stmt: 0.21s
2026-10-02 06:58:34,369 [DEBUG] [TIME] 5269 balance_sheet: 0.25s
2026-10-02 06:58:34,632 [DEBUG] [TIME] 5269 cashflow: 0.26s
2026-10-02 06:58:34,890 [DEBUG] [TIME] 5269 dividends: 0.26s
2026-10-02 06:58:34,891 [INFO] [DETAIL] 5269 日本コンクリート工業: income_stmt=OK, balance_sheet=OK, cashflow=OK, dividends=OK
2026-10-02 06:58:34,891 [INFO] [TIME] 5269 日本コンクリート工業 処理時間: 1.14s
2026-10-02 06:58:36,347 [DEBUG] [TIME] 5271 info: 0.17s
2026-10-02 06:58:36,347 [DEBUG] yfinance OK: 5271
2026-10-02 06:58:36,544 [DEBUG] [TIME] 5271 income_stmt: 0.20s
2026-10-02 06:58:36,741 [DEBUG] [TIME] 5271 balance_sheet: 0.20s
2026-10-02 06:58:36,926 [DEBUG] [TIME] 5271 cashflow: 0.18s
2026-10-02 06:58:37,182 [DEBUG] [TIME] 5271 dividends: 0.26s
2026-10-02 06:58:37,183 [INFO] [DETAIL] 5271 トーヨーアサノ: income_stmt=OK, balance_sheet=OK, cashflow=OK, dividends=OK
2026-10-02 06:58:37,183 [INFO] [TIME] 5271 トーヨーアサノ 処理時間: 1.01s
2026-10-02 06:58:38,784 [DEBUG] [TIME] 5273 info: 0.19s
2026-10-02 06:58:38,784 [DEBUG] yfinance OK: 5273
2026-10-02 06:58:39,032 [DEBUG] [TIME] 5273 income_stmt: 0.25s
2026-10-02 06:58:39,184 [DEBUG] [TIME] 5273 balance_sheet: 0.15s
2026-10-02 06:58:39,395 [DEBUG] [TIME] 5273 cashflow: 0.21s
2026-10-02 06:58:39,658 [DEBUG] [TIME] 5273 dividends: 0.26s
2026-10-02 06:58:39,659 [INFO] [DETAIL] 5273 三谷セキサン: income_stmt=OK, balance_sheet=OK, cashflow=OK, dividends=OK
2026-10-02 06:58:39,659 [INFO] [TIME] 5273 三谷セキサン 処理時間: 1.06s
2026-10-02 06:58:41,530 [DEBUG] [TIME] 5279 info: 0.18s
2026-10-02 06:58:41,530 [DEBUG] yfinance OK: 5279
2026-10-02 06:58:41,713 [DEBUG] [TIME] 5279 income_stmt: 0.18s
2026-10-02 06:58:42,012 [DEBUG] [TIME] 5279 balance_sheet: 0.30s
2026-10-02 06:58:42,186 [DEBUG] [TIME] 5279 cashflow: 0.17s
2026-10-02 06:58:42,444 [DEBUG] [TIME] 5279 dividends: 0.26s
2026-10-02 06:58:42,445 [INFO] [DETAIL] 5279 日本興業: income_stmt=OK, balance_sheet=OK, cashflow=OK, dividends=OK
2026-10-02 06:58:42,445 [INFO] [TIME] 5279 日本興業 処理時間: 1.09s
2026-10-02 06:58:44,137 [DEBUG] [TIME] 5280 info: 0.18s
2026-10-02 06:58:44,137 [DEBUG] yfinance OK: 5280
2026-10-02 06:58:44,319 [DEBUG] [TIME] 5280 income_stmt: 0.18s
2026-10-02 06:58:44,496 [DEBUG] [TIME] 5280 balance_sheet: 0.18s
2026-10-02 06:58:44,653 [DEBUG] [TIME] 5280 cashflow: 0.16s
2026-10-02 06:58:44,896 [DEBUG] [TIME] 5280 dividends: 0.24s
2026-10-02 06:58:44,897 [INFO] [DETAIL] 5280 ヨシコン: income_stmt=OK, balance_sheet=OK, cashflow=OK, dividends=OK
2026-10-02 06:58:44,897 [INFO] [TIME] 5280 ヨシコン 処理時間: 0.94s
2026-10-02 06:58:46,584 [DEBUG] [TIME] 5282 info: 0.22s
2026-10-02 06:58:46,584 [DEBUG] yfinance OK: 5282
2026-10-02 06:58:46,839 [DEBUG] [TIME] 5282 income_stmt: 0.25s
2026-10-02 06:58:46,977 [DEBUG] [TIME] 5282 balance_sheet: 0.14s
2026-10-02 06:58:47,133 [DEBUG] [TIME] 5282 cashflow: 0.15s
2026-10-02 06:58:47,371 [DEBUG] [TIME] 5282 dividends: 0.24s
2026-10-02 06:58:47,372 [INFO] [DETAIL] 5282 ジオスター: income_stmt=OK, balance_sheet=OK, cashflow=OK, dividends=OK
2026-10-02 06:58:47,372 [INFO] [TIME] 5282 ジオスター 処理時間: 1.01s
2026-10-02 06:58:48,930 [DEBUG] [TIME] 5283 info: 0.15s
2026-10-02 06:58:48,930 [DEBUG] yfinance OK: 5283
2026-10-02 06:58:49,072 [DEBUG] [TIME] 5283 income_stmt: 0.14s
2026-10-02 06:58:49,317 [DEBUG] [TIME] 5283 balance_sheet: 0.24s
2026-10-02 06:58:49,526 [DEBUG] [TIME] 5283 cashflow: 0.21s
2026-10-02 06:58:49,780 [DEBUG] [TIME] 5283 dividends: 0.25s
2026-10-02 06:58:49,781 [INFO] [DETAIL] 5283 高見澤: income_stmt=OK, balance_sheet=OK, cashflow=OK, dividends=OK
2026-10-02 06:58:49,781 [INFO] [TIME] 5283 高見澤 処理時間: 1.00s
2026-10-02 06:58:51,357 [DEBUG] [TIME] 5284 info: 0.24s
2026-10-02 06:58:51,358 [DEBUG] yfinance OK: 5284
2026-10-02 06:58:51,563 [DEBUG] [TIME] 5284 income_stmt: 0.21s
2026-10-02 06:58:51,816 [DEBUG] [TIME] 5284 balance_sheet: 0.25s
2026-10-02 06:58:52,085 [DEBUG] [TIME] 5284 cashflow: 0.27s
2026-10-02 06:58:52,359 [DEBUG] [TIME] 5284 dividends: 0.27s
2026-10-02 06:58:52,360 [INFO] [DETAIL] 5284 ヤマウホールディングス: income_stmt=OK, balance_sheet=OK, cashflow=OK, dividends=OK
2026-10-02 06:58:52,360 [INFO] [TIME] 5284 ヤマウホールディングス 処理時間: 1.25s
2026-10-02 06:58:53,752 [DEBUG] [TIME] 5285 info: 0.14s
2026-10-02 06:58:53,752 [DEBUG] yfinance OK: 5285
2026-10-02 06:58:53,943 [DEBUG] [TIME] 5285 income_stmt: 0.19s
2026-10-02 06:58:54,185 [DEBUG] [TIME] 5285 balance_sheet: 0.24s
2026-10-02 06:58:54,324 [DEBUG] [TIME] 5285 cashflow: 0.14s
2026-10-02 06:58:54,597 [DEBUG] [TIME] 5285 dividends: 0.27s
2026-10-02 06:58:54,598 [INFO] [DETAIL] 5285 ヤマックス: income_stmt=OK, balance_sheet=OK, cashflow=OK, dividends=OK
2026-10-02 06:58:54,598 [INFO] [TIME] 5285 ヤマックス 処理時間: 0.99s
2026-10-02 06:58:55,856 [DEBUG] [TIME] 5287 info: 0.16s
2026-10-02 06:58:55,856 [DEBUG] yfinance OK: 5287
2026-10-02 06:58:55,999 [DEBUG] [TIME] 5287 income_stmt: 0.14s
2026-10-02 06:58:56,318 [DEBUG] [TIME] 5287 balance_sheet: 0.32s
2026-10-02 06:58:56,590 [DEBUG] [TIME] 5287 cashflow: 0.27s
2026-10-02 06:58:56,841 [DEBUG] [TIME] 5287 dividends: 0.25s
2026-10-02 06:58:56,842 [INFO] [DETAIL] 5287 イトーヨーギョー: income_stmt=OK, balance_sheet=OK, cashflow=OK, dividends=OK
2026-10-02 06:58:56,842 [INFO] [TIME] 5287 イトーヨーギョー 処理時間: 1.15s
2026-10-02 06:58:58,998 [DEBUG] [TIME] 5288 info: 0.18s
2026-10-02 06:58:58,998 [DEBUG] yfinance OK: 5288
2026-10-02 06:58:59,138 [DEBUG] [TIME] 5288 income_stmt: 0.14s
2026-10-02 06:58:59,382 [DEBUG] [TIME] 5288 balance_sheet: 0.24s
2026-10-02 06:58:59,521 [DEBUG] [TIME] 5288 cashflow: 0.14s
2026-10-02 06:58:59,729 [DEBUG] [TIME] 5288 dividends: 0.21s
2026-10-02 06:58:59,730 [INFO] [DETAIL] 5288 アジアパイルホールディングス: income_stmt=OK, balance_sheet=OK, cashflow=OK, dividends=OK
2026-10-02 06:58:59,730 [INFO] [TIME] 5288 アジアパイルホールディングス 処理時間: 0.91s
2026-10-02 06:59:01,221 [DEBUG] [TIME] 5290 info: 0.18s
2026-10-02 06:59:01,221 [DEBUG] yfinance OK: 5290
2026-10-02 06:59:01,390 [DEBUG] [TIME] 5290 income_stmt: 0.17s
2026-10-02 06:59:01,691 [DEBUG] [TIME] 5290 balance_sheet: 0.30s
2026-10-02 06:59:01,901 [DEBUG] [TIME] 5290 cashflow: 0.21s
2026-10-02 06:59:02,051 [DEBUG] [TIME] 5290 dividends: 0.15s
2026-10-02 06:59:02,052 [INFO] [DETAIL] 5290 ベルテクスコーポレーション: income_stmt=OK, balance_sheet=OK, cashflow=OK, dividends=OK
2026-10-02 06:59:02,052 [INFO] [TIME] 5290 ベルテクスコーポレーション 処理時間: 1.01s
2026-10-02 06:59:04,176 [DEBUG] [TIME] 5301 info: 0.15s
2026-10-02 06:59:04,176 [DEBUG] yfinance OK: 5301
2026-10-02 06:59:04,333 [DEBUG] [TIME] 5301 income_stmt: 0.16s
2026-10-02 06:59:04,500 [DEBUG] [TIME] 5301 balance_sheet: 0.17s
2026-10-02 06:59:04,653 [DEBUG] [TIME] 5301 cashflow: 0.15s
2026-10-02 06:59:04,933 [DEBUG] [TIME] 5301 dividends: 0.28s
2026-10-02 06:59:04,934 [INFO] [DETAIL] 5301 東海カーボン: income_stmt=OK, balance_sheet=OK, cashflow=OK, dividends=OK
2026-10-02 06:59:04,934 [INFO] [TIME] 5301 東海カーボン 処理時間: 0.91s
2026-10-02 06:59:06,967 [DEBUG] [TIME] 5302 info: 0.15s
2026-10-02 06:59:06,967 [DEBUG] yfinance OK: 5302
2026-10-02 06:59:07,172 [DEBUG] [TIME] 5302 income_stmt: 0.20s
2026-10-02 06:59:07,464 [DEBUG] [TIME] 5302 balance_sheet: 0.29s
2026-10-02 06:59:07,709 [DEBUG] [TIME] 5302 cashflow: 0.24s
2026-10-02 06:59:07,980 [DEBUG] [TIME] 5302 dividends: 0.27s
2026-10-02 06:59:07,981 [INFO] [DETAIL] 5302 日本カーボン: income_stmt=OK, balance_sheet=OK, cashflow=OK, dividends=OK
2026-10-02 06:59:07,981 [INFO] [TIME] 5302 日本カーボン 処理時間: 1.16s
2026-10-02 06:59:09,786 [DEBUG] [TIME] 5304 info: 0.20s
2026-10-02 06:59:09,786 [DEBUG] yfinance OK: 5304
2026-10-02 06:59:10,003 [DEBUG] [TIME] 5304 income_stmt: 0.22s
2026-10-02 06:59:10,174 [DEBUG] [TIME] 5304 balance_sheet: 0.17s
2026-10-02 06:59:10,416 [DEBUG] [TIME] 5304 cashflow: 0.24s
2026-10-02 06:59:10,696 [DEBUG] [TIME] 5304 dividends: 0.28s
2026-10-02 06:59:10,697 [INFO] [DETAIL] 5304 ＳＥＣカーボン: income_stmt=OK, balance_sheet=OK, cashflow=OK, dividends=OK
2026-10-02 06:59:10,697 [INFO] [TIME] 5304 ＳＥＣカーボン 処理時間: 1.11s
2026-10-02 06:59:12,449 [DEBUG] [TIME] 5310 info: 0.19s
2026-10-02 06:59:12,449 [DEBUG] yfinance OK: 5310
2026-10-02 06:59:12,589 [DEBUG] [TIME] 5310 income_stmt: 0.14s
2026-10-02 06:59:12,806 [DEBUG] [TIME] 5310 balance_sheet: 0.22s
2026-10-02 06:59:12,940 [DEBUG] [TIME] 5310 cashflow: 0.13s
2026-10-02 06:59:13,163 [DEBUG] [TIME] 5310 dividends: 0.22s
2026-10-02 06:59:13,164 [INFO] [DETAIL] 5310 東洋炭素: income_stmt=OK, balance_sheet=OK, cashflow=OK, dividends=OK
2026-10-02 06:59:13,164 [INFO] [TIME] 5310 東洋炭素 処理時間: 0.91s
2026-10-02 06:59:14,351 [DEBUG] [TIME] 5331 info: 0.14s
2026-10-02 06:59:14,351 [DEBUG] yfinance OK: 5331
2026-10-02 06:59:14,524 [DEBUG] [TIME] 5331 income_stmt: 0.17s
2026-10-02 06:59:14,776 [DEBUG] [TIME] 5331 balance_sheet: 0.25s
2026-10-02 06:59:15,009 [DEBUG] [TIME] 5331 cashflow: 0.23s
2026-10-02 06:59:15,427 [DEBUG] [TIME] 5331 dividends: 0.42s
2026-10-02 06:59:15,428 [INFO] [DETAIL] 5331 ノリタケ: income_stmt=OK, balance_sheet=OK, cashflow=OK, dividends=OK
2026-10-02 06:59:15,428 [INFO] [TIME] 5331 ノリタケ 処理時間: 1.22s
2026-10-02 06:59:17,417 [DEBUG] [TIME] 5332 info: 0.15s
2026-10-02 06:59:17,417 [DEBUG] yfinance OK: 5332
2026-10-02 06:59:17,565 [DEBUG] [TIME] 5332 income_stmt: 0.15s
2026-10-02 06:59:17,745 [DEBUG] [TIME] 5332 balance_sheet: 0.18s
2026-10-02 06:59:17,993 [DEBUG] [TIME] 5332 cashflow: 0.25s
2026-10-02 06:59:18,286 [DEBUG] [TIME] 5332 dividends: 0.29s
2026-10-02 06:59:18,287 [INFO] [DETAIL] 5332 ＴＯＴＯ: income_stmt=OK, balance_sheet=OK, cashflow=OK, dividends=OK
2026-10-02 06:59:18,287 [INFO] [TIME] 5332 ＴＯＴＯ 処理時間: 1.02s
2026-10-02 06:59:19,746 [DEBUG] [TIME] 5333 info: 0.15s
2026-10-02 06:59:19,746 [DEBUG] yfinance OK: 5333
2026-10-02 06:59:19,951 [DEBUG] [TIME] 5333 income_stmt: 0.21s
2026-10-02 06:59:20,230 [DEBUG] [TIME] 5333 balance_sheet: 0.28s
2026-10-02 06:59:20,407 [DEBUG] [TIME] 5333 cashflow: 0.18s
2026-10-02 06:59:20,666 [DEBUG] [TIME] 5333 dividends: 0.26s
2026-10-02 06:59:20,668 [INFO] [DETAIL] 5333 ＮＧＫ: income_stmt=OK, balance_sheet=OK, cashflow=OK, dividends=OK
2026-10-02 06:59:20,668 [INFO] [TIME] 5333 ＮＧＫ 処理時間: 1.07s
2026-10-02 06:59:22,352 [DEBUG] [TIME] 5334 info: 0.17s
2026-10-02 06:59:22,353 [DEBUG] yfinance OK: 5334
2026-10-02 06:59:22,515 [DEBUG] [TIME] 5334 income_stmt: 0.16s
2026-10-02 06:59:22,653 [DEBUG] [TIME] 5334 balance_sheet: 0.14s
2026-10-02 06:59:22,773 [DEBUG] [TIME] 5334 cashflow: 0.12s
2026-10-02 06:59:23,063 [DEBUG] [TIME] 5334 dividends: 0.29s
2026-10-02 06:59:23,064 [INFO] [DETAIL] 5334 日本特殊陶業: income_stmt=OK, balance_sheet=OK, cashflow=OK, dividends=OK
2026-10-02 06:59:23,064 [INFO] [TIME] 5334 日本特殊陶業 処理時間: 0.88s
2026-10-02 06:59:25,161 [DEBUG] [TIME] 5337 info: 0.15s
2026-10-02 06:59:25,161 [DEBUG] yfinance OK: 5337
2026-10-02 06:59:25,383 [DEBUG] [TIME] 5337 income_stmt: 0.22s
2026-10-02 06:59:25,552 [DEBUG] [TIME] 5337 balance_sheet: 0.17s
2026-10-02 06:59:25,792 [DEBUG] [TIME] 5337 cashflow: 0.24s
2026-10-02 06:59:26,124 [DEBUG] [TIME] 5337 dividends: 0.33s
2026-10-02 06:59:26,124 [INFO] [DETAIL] 5337 ダントーホールディングス: income_stmt=OK, balance_sheet=OK, cashflow=OK, dividends=EMPTY
2026-10-02 06:59:26,124 [INFO] [TIME] 5337 ダントーホールディングス 処理時間: 1.12s
2026-10-02 06:59:28,140 [DEBUG] [TIME] 5341 info: 0.18s
2026-10-02 06:59:28,141 [DEBUG] yfinance OK: 5341
2026-10-02 06:59:28,325 [DEBUG] [TIME] 5341 income_stmt: 0.18s
2026-10-02 06:59:28,503 [DEBUG] [TIME] 5341 balance_sheet: 0.18s
2026-10-02 06:59:28,666 [DEBUG] [TIME] 5341 cashflow: 0.16s
2026-10-02 06:59:28,807 [DEBUG] [TIME] 5341 dividends: 0.14s
2026-10-02 06:59:28,807 [INFO] [DETAIL] 5341 ＡＳＡＨＩ　ＥＩＴＯホールディングス: income_stmt=OK, balance_sheet=OK, cashflow=OK, dividends=EMPTY
2026-10-02 06:59:28,807 [INFO] [TIME] 5341 ＡＳＡＨＩ　ＥＩＴＯホールディングス 処理時間: 0.85s
2026-10-02 06:59:30,304 [DEBUG] [TIME] 5344 info: 0.18s
2026-10-02 06:59:30,304 [DEBUG] yfinance OK: 5344
2026-10-02 06:59:30,440 [DEBUG] [TIME] 5344 income_stmt: 0.14s
2026-10-02 06:59:30,619 [DEBUG] [TIME] 5344 balance_sheet: 0.18s
2026-10-02 06:59:30,872 [DEBUG] [TIME] 5344 cashflow: 0.25s
2026-10-02 06:59:31,110 [DEBUG] [TIME] 5344 dividends: 0.24s
2026-10-02 06:59:31,111 [INFO] [DETAIL] 5344 ＭＡＲＵＷＡ: income_stmt=OK, balance_sheet=OK, cashflow=OK, dividends=OK
2026-10-02 06:59:31,111 [INFO] [TIME] 5344 ＭＡＲＵＷＡ 処理時間: 0.98s
2026-10-02 06:59:33,009 [DEBUG] [TIME] 5351 info: 0.14s
2026-10-02 06:59:33,009 [DEBUG] yfinance OK: 5351
2026-10-02 06:59:33,173 [DEBUG] [TIME] 5351 income_stmt: 0.16s
2026-10-02 06:59:33,508 [DEBUG] [TIME] 5351 balance_sheet: 0.33s
2026-10-02 06:59:33,676 [DEBUG] [TIME] 5351 cashflow: 0.17s
2026-10-02 06:59:34,021 [DEBUG] [TIME] 5351 dividends: 0.34s
2026-10-02 06:59:34,022 [INFO] [DETAIL] 5351 品川リフラ: income_stmt=OK, balance_sheet=OK, cashflow=OK, dividends=OK
2026-10-02 06:59:34,022 [INFO] [TIME] 5351 品川リフラ 処理時間: 1.16s
2026-10-02 06:59:35,720 [DEBUG] [TIME] 5355 info: 0.21s
2026-10-02 06:59:35,720 [DEBUG] yfinance OK: 5355
2026-10-02 06:59:35,844 [DEBUG] [TIME] 5355 income_stmt: 0.12s
2026-10-02 06:59:36,049 [DEBUG] [TIME] 5355 balance_sheet: 0.20s
2026-10-02 06:59:36,275 [DEBUG] [TIME] 5355 cashflow: 0.23s
2026-10-02 06:59:36,555 [DEBUG] [TIME] 5355 dividends: 0.28s
2026-10-02 06:59:36,556 [INFO] [DETAIL] 5355 日本坩堝: income_stmt=OK, balance_sheet=OK, cashflow=OK, dividends=OK
2026-10-02 06:59:36,557 [INFO] [TIME] 5355 日本坩堝 処理時間: 1.05s
2026-10-02 06:59:37,853 [DEBUG] [TIME] 5356 info: 0.21s
2026-10-02 06:59:37,853 [DEBUG] yfinance OK: 5356
2026-10-02 06:59:38,040 [DEBUG] [TIME] 5356 income_stmt: 0.19s
2026-10-02 06:59:38,238 [DEBUG] [TIME] 5356 balance_sheet: 0.20s
2026-10-02 06:59:38,409 [DEBUG] [TIME] 5356 cashflow: 0.17s
2026-10-02 06:59:38,520 [DEBUG] [TIME] 5356 dividends: 0.11s
2026-10-02 06:59:38,521 [INFO] [DETAIL] 5356 美濃窯業: income_stmt=OK, balance_sheet=OK, cashflow=OK, dividends=OK
2026-10-02 06:59:38,521 [INFO] [TIME] 5356 美濃窯業 処理時間: 0.88s
2026-10-02 06:59:40,241 [DEBUG] [TIME] 5357 info: 0.18s
2026-10-02 06:59:40,241 [DEBUG] yfinance OK: 5357
2026-10-02 06:59:40,455 [DEBUG] [TIME] 5357 income_stmt: 0.21s
2026-10-02 06:59:40,620 [DEBUG] [TIME] 5357 balance_sheet: 0.16s
2026-10-02 06:59:40,758 [DEBUG] [TIME] 5357 cashflow: 0.14s
2026-10-02 06:59:41,043 [DEBUG] [TIME] 5357 dividends: 0.29s
2026-10-02 06:59:41,044 [INFO] [DETAIL] 5357 ヨータイ: income_stmt=OK, balance_sheet=OK, cashflow=OK, dividends=OK
2026-10-02 06:59:41,044 [INFO] [TIME] 5357 ヨータイ 処理時間: 0.99s
2026-10-02 06:59:42,874 [DEBUG] [TIME] 5363 info: 0.15s
2026-10-02 06:59:42,874 [DEBUG] yfinance OK: 5363
2026-10-02 06:59:43,087 [DEBUG] [TIME] 5363 income_stmt: 0.21s
2026-10-02 06:59:43,272 [DEBUG] [TIME] 5363 balance_sheet: 0.18s
2026-10-02 06:59:43,484 [DEBUG] [TIME] 5363 cashflow: 0.21s
2026-10-02 06:59:43,783 [DEBUG] [TIME] 5363 dividends: 0.30s
2026-10-02 06:59:43,784 [INFO] [DETAIL] 5363 東京窯業: income_stmt=OK, balance_sheet=OK, cashflow=OK, dividends=OK
2026-10-02 06:59:43,784 [INFO] [TIME] 5363 東京窯業 処理時間: 1.06s
2026-10-02 06:59:45,993 [DEBUG] [TIME] 5367 info: 0.22s
2026-10-02 06:59:45,993 [DEBUG] yfinance OK: 5367
2026-10-02 06:59:46,162 [DEBUG] [TIME] 5367 income_stmt: 0.17s
2026-10-02 06:59:46,331 [DEBUG] [TIME] 5367 balance_sheet: 0.17s
2026-10-02 06:59:46,568 [DEBUG] [TIME] 5367 cashflow: 0.24s
2026-10-02 06:59:46,833 [DEBUG] [TIME] 5367 dividends: 0.26s
2026-10-02 06:59:46,833 [INFO] [DETAIL] 5367 ニッカトー: income_stmt=OK, balance_sheet=OK, cashflow=OK, dividends=OK
2026-10-02 06:59:46,834 [INFO] [TIME] 5367 ニッカトー 処理時間: 1.06s
2026-10-02 06:59:48,851 [DEBUG] [TIME] 5368 info: 0.15s
2026-10-02 06:59:48,851 [DEBUG] yfinance OK: 5368
2026-10-02 06:59:48,999 [DEBUG] [TIME] 5368 income_stmt: 0.15s
2026-10-02 06:59:49,235 [DEBUG] [TIME] 5368 balance_sheet: 0.23s
2026-10-02 06:59:49,438 [DEBUG] [TIME] 5368 cashflow: 0.20s
2026-10-02 06:59:49,579 [DEBUG] [TIME] 5368 dividends: 0.14s
2026-10-02 06:59:49,580 [INFO] [DETAIL] 5368 日本インシュレーション: income_stmt=OK, balance_sheet=OK, cashflow=OK, dividends=OK
2026-10-02 06:59:49,580 [INFO] [TIME] 5368 日本インシュレーション 処理時間: 0.88s
2026-10-02 06:59:51,288 [DEBUG] [TIME] 5380 info: 0.15s
2026-10-02 06:59:51,288 [DEBUG] yfinance OK: 5380
2026-10-02 06:59:51,468 [DEBUG] [TIME] 5380 income_stmt: 0.18s
2026-10-02 06:59:51,602 [DEBUG] [TIME] 5380 balance_sheet: 0.13s
2026-10-02 06:59:51,725 [DEBUG] [TIME] 5380 cashflow: 0.12s
2026-10-02 06:59:51,992 [DEBUG] [TIME] 5380 dividends: 0.27s
2026-10-02 06:59:51,993 [INFO] [DETAIL] 5380 新東: income_stmt=OK, balance_sheet=OK, cashflow=OK, dividends=OK
2026-10-02 06:59:51,993 [INFO] [TIME] 5380 新東 処理時間: 0.85s
2026-10-02 06:59:53,737 [DEBUG] [TIME] 5381 info: 0.16s
2026-10-02 06:59:53,737 [DEBUG] yfinance OK: 5381
2026-10-02 06:59:53,935 [DEBUG] [TIME] 5381 income_stmt: 0.20s
2026-10-02 06:59:54,288 [DEBUG] [TIME] 5381 balance_sheet: 0.35s
2026-10-02 06:59:54,438 [DEBUG] [TIME] 5381 cashflow: 0.15s
2026-10-02 06:59:54,694 [DEBUG] [TIME] 5381 dividends: 0.26s
2026-10-02 06:59:54,695 [INFO] [DETAIL] 5381 マイポックス: income_stmt=OK, balance_sheet=OK, cashflow=OK, dividends=OK
2026-10-02 06:59:54,695 [INFO] [TIME] 5381 マイポックス 処理時間: 1.12s
2026-10-02 06:59:56,028 [DEBUG] [TIME] 5384 info: 0.18s
2026-10-02 06:59:56,028 [DEBUG] yfinance OK: 5384
2026-10-02 06:59:56,173 [DEBUG] [TIME] 5384 income_stmt: 0.14s
2026-10-02 06:59:56,448 [DEBUG] [TIME] 5384 balance_sheet: 0.27s
2026-10-02 06:59:56,605 [DEBUG] [TIME] 5384 cashflow: 0.16s
2026-10-02 06:59:56,882 [DEBUG] [TIME] 5384 dividends: 0.28s
2026-10-02 06:59:56,883 [INFO] [DETAIL] 5384 フジミインコーポレーテッド: income_stmt=OK, balance_sheet=OK, cashflow=OK, dividends=OK
2026-10-02 06:59:56,883 [INFO] [TIME] 5384 フジミインコーポレーテッド 処理時間: 1.04s
2026-10-02 06:59:58,403 [DEBUG] [TIME] 5388 info: 0.15s
2026-10-02 06:59:58,403 [DEBUG] yfinance OK: 5388
2026-10-02 06:59:58,540 [DEBUG] [TIME] 5388 income_stmt: 0.14s
2026-10-02 06:59:58,749 [DEBUG] [TIME] 5388 balance_sheet: 0.21s
2026-10-02 06:59:58,997 [DEBUG] [TIME] 5388 cashflow: 0.25s
2026-10-02 06:59:59,302 [DEBUG] [TIME] 5388 dividends: 0.31s
2026-10-02 06:59:59,303 [INFO] [DETAIL] 5388 クニミネ工業: income_stmt=OK, balance_sheet=OK, cashflow=OK, dividends=OK
2026-10-02 06:59:59,303 [INFO] [TIME] 5388 クニミネ工業 処理時間: 1.05s
2026-10-02 07:00:01,172 [DEBUG] [TIME] 5391 info: 0.15s
2026-10-02 07:00:01,172 [DEBUG] yfinance OK: 5391
2026-10-02 07:00:01,436 [DEBUG] [TIME] 5391 income_stmt: 0.26s
2026-10-02 07:00:01,658 [DEBUG] [TIME] 5391 balance_sheet: 0.22s
2026-10-02 07:00:01,869 [DEBUG] [TIME] 5391 cashflow: 0.21s
2026-10-02 07:00:02,112 [DEBUG] [TIME] 5391 dividends: 0.24s
2026-10-02 07:00:02,113 [INFO] [DETAIL] 5391 エーアンドエーマテリアル: income_stmt=OK, balance_sheet=OK, cashflow=OK, dividends=OK
2026-10-02 07:00:02,113 [INFO] [TIME] 5391 エーアンドエーマテリアル 処理時間: 1.09s
2026-10-02 07:00:04,036 [DEBUG] [TIME] 5393 info: 0.22s
2026-10-02 07:00:04,036 [DEBUG] yfinance OK: 5393
2026-10-02 07:00:04,255 [DEBUG] [TIME] 5393 income_stmt: 0.22s
2026-10-02 07:00:04,487 [DEBUG] [TIME] 5393 balance_sheet: 0.23s
2026-10-02 07:00:04,646 [DEBUG] [TIME] 5393 cashflow: 0.16s
2026-10-02 07:00:04,962 [DEBUG] [TIME] 5393 dividends: 0.32s
2026-10-02 07:00:04,963 [INFO] [DETAIL] 5393 ニチアス: income_stmt=OK, balance_sheet=OK, cashflow=OK, dividends=OK
2026-10-02 07:00:04,963 [INFO] [TIME] 5393 ニチアス 処理時間: 1.15s
2026-10-02 07:00:06,518 [DEBUG] [TIME] 5401 info: 0.15s
2026-10-02 07:00:06,519 [DEBUG] yfinance OK: 5401
2026-10-02 07:00:06,665 [DEBUG] [TIME] 5401 income_stmt: 0.15s
2026-10-02 07:00:06,921 [DEBUG] [TIME] 5401 balance_sheet: 0.26s
2026-10-02 07:00:07,134 [DEBUG] [TIME] 5401 cashflow: 0.21s
2026-10-02 07:00:07,399 [DEBUG] [TIME] 5401 dividends: 0.26s
2026-10-02 07:00:07,400 [INFO] [DETAIL] 5401 日本製鉄: income_stmt=OK, balance_sheet=OK, cashflow=OK, dividends=OK
2026-10-02 07:00:07,400 [INFO] [TIME] 5401 日本製鉄 処理時間: 1.03s
2026-10-02 07:00:09,204 [DEBUG] [TIME] 5406 info: 0.17s
2026-10-02 07:00:09,205 [DEBUG] yfinance OK: 5406
2026-10-02 07:00:09,395 [DEBUG] [TIME] 5406 income_stmt: 0.19s
2026-10-02 07:00:09,586 [DEBUG] [TIME] 5406 balance_sheet: 0.19s
2026-10-02 07:00:09,782 [DEBUG] [TIME] 5406 cashflow: 0.20s
2026-10-02 07:00:10,092 [DEBUG] [TIME] 5406 dividends: 0.31s
2026-10-02 07:00:10,093 [INFO] [DETAIL] 5406 神戸製鋼所: income_stmt=OK, balance_sheet=OK, cashflow=OK, dividends=OK
2026-10-02 07:00:10,093 [INFO] [TIME] 5406 神戸製鋼所 処理時間: 1.05s
2026-10-02 07:00:12,034 [DEBUG] [TIME] 5408 info: 0.22s
2026-10-02 07:00:12,034 [DEBUG] yfinance OK: 5408
2026-10-02 07:00:12,232 [DEBUG] [TIME] 5408 income_stmt: 0.20s
2026-10-02 07:00:12,398 [DEBUG] [TIME] 5408 balance_sheet: 0.16s
2026-10-02 07:00:12,615 [DEBUG] [TIME] 5408 cashflow: 0.22s
2026-10-02 07:00:12,849 [DEBUG] [TIME] 5408 dividends: 0.23s
2026-10-02 07:00:12,850 [INFO] [DETAIL] 5408 中山製鋼所: income_stmt=OK, balance_sheet=OK, cashflow=OK, dividends=OK
2026-10-02 07:00:12,850 [INFO] [TIME] 5408 中山製鋼所 処理時間: 1.03s
2026-10-02 07:00:14,414 [DEBUG] [TIME] 5410 info: 0.15s
2026-10-02 07:00:14,415 [DEBUG] yfinance OK: 5410
2026-10-02 07:00:14,552 [DEBUG] [TIME] 5410 income_stmt: 0.14s
2026-10-02 07:00:14,857 [DEBUG] [TIME] 5410 balance_sheet: 0.31s
2026-10-02 07:00:15,030 [DEBUG] [TIME] 5410 cashflow: 0.17s
2026-10-02 07:00:15,241 [DEBUG] [TIME] 5410 dividends: 0.21s
2026-10-02 07:00:15,242 [INFO] [DETAIL] 5410 合同製鐵: income_stmt=OK, balance_sheet=OK, cashflow=OK, dividends=OK
2026-10-02 07:00:15,242 [INFO] [TIME] 5410 合同製鐵 処理時間: 0.98s
2026-10-02 07:00:17,304 [DEBUG] [TIME] 5411 info: 0.16s
2026-10-02 07:00:17,305 [DEBUG] yfinance OK: 5411
2026-10-02 07:00:17,441 [DEBUG] [TIME] 5411 income_stmt: 0.14s
2026-10-02 07:00:17,589 [DEBUG] [TIME] 5411 balance_sheet: 0.15s
2026-10-02 07:00:17,733 [DEBUG] [TIME] 5411 cashflow: 0.14s
2026-10-02 07:00:17,937 [DEBUG] [TIME] 5411 dividends: 0.20s
2026-10-02 07:00:17,938 [INFO] [DETAIL] 5411 ＪＦＥホールディングス: income_stmt=OK, balance_sheet=OK, cashflow=OK, dividends=OK
2026-10-02 07:00:17,938 [INFO] [TIME] 5411 ＪＦＥホールディングス 処理時間: 0.79s
2026-10-02 07:00:19,256 [DEBUG] [TIME] 5423 info: 0.18s
2026-10-02 07:00:19,256 [DEBUG] yfinance OK: 5423
2026-10-02 07:00:19,483 [DEBUG] [TIME] 5423 income_stmt: 0.23s
2026-10-02 07:00:19,646 [DEBUG] [TIME] 5423 balance_sheet: 0.16s
2026-10-02 07:00:19,785 [DEBUG] [TIME] 5423 cashflow: 0.14s
2026-10-02 07:00:20,047 [DEBUG] [TIME] 5423 dividends: 0.26s
2026-10-02 07:00:20,048 [INFO] [DETAIL] 5423 東京製鐵: income_stmt=OK, balance_sheet=OK, cashflow=OK, dividends=OK
2026-10-02 07:00:20,048 [INFO] [TIME] 5423 東京製鐵 処理時間: 0.97s
2026-10-02 07:00:21,243 [DEBUG] [TIME] 542A info: 0.15s
2026-10-02 07:00:21,243 [DEBUG] yfinance OK: 542A
2026-10-02 07:00:21,392 [DEBUG] [TIME] 542A income_stmt: 0.15s
2026-10-02 07:00:21,617 [DEBUG] [TIME] 542A balance_sheet: 0.22s
2026-10-02 07:00:21,884 [DEBUG] [TIME] 542A cashflow: 0.27s
2026-10-02 07:00:22,001 [DEBUG] [TIME] 542A dividends: 0.12s
2026-10-02 07:00:22,001 [INFO] [DETAIL] 542A ビタブリッドジャパン: income_stmt=OK, balance_sheet=OK, cashflow=OK, dividends=EMPTY
2026-10-02 07:00:22,001 [INFO] [TIME] 542A ビタブリッドジャパン 処理時間: 0.91s
2026-10-02 07:00:24,065 [DEBUG] [TIME] 543A info: 0.19s
2026-10-02 07:00:24,065 [DEBUG] yfinance OK: 543A
2026-10-02 07:00:24,257 [DEBUG] [TIME] 543A income_stmt: 0.19s
2026-10-02 07:00:24,545 [DEBUG] [TIME] 543A balance_sheet: 0.29s
2026-10-02 07:00:24,773 [DEBUG] [TIME] 543A cashflow: 0.23s
2026-10-02 07:00:25,025 [DEBUG] [TIME] 543A dividends: 0.25s
2026-10-02 07:00:25,026 [INFO] [DETAIL] 543A ＡＲＣＨＩＯＮ: income_stmt=OK, balance_sheet=OK, cashflow=OK, dividends=OK
2026-10-02 07:00:25,026 [INFO] [TIME] 543A ＡＲＣＨＩＯＮ 処理時間: 1.15s
2026-10-02 07:00:26,963 [DEBUG] [TIME] 5440 info: 0.14s
2026-10-02 07:00:26,964 [DEBUG] yfinance OK: 5440
2026-10-02 07:00:27,099 [DEBUG] [TIME] 5440 income_stmt: 0.14s
2026-10-02 07:00:27,287 [DEBUG] [TIME] 5440 balance_sheet: 0.19s
2026-10-02 07:00:27,538 [DEBUG] [TIME] 5440 cashflow: 0.25s
2026-10-02 07:00:27,761 [DEBUG] [TIME] 5440 dividends: 0.22s
2026-10-02 07:00:27,762 [INFO] [DETAIL] 5440 共英製鋼: income_stmt=OK, balance_sheet=OK, cashflow=OK, dividends=OK
2026-10-02 07:00:27,762 [INFO] [TIME] 5440 共英製鋼 処理時間: 0.94s
2026-10-02 07:00:29,067 [DEBUG] [TIME] 5444 info: 0.20s
2026-10-02 07:00:29,067 [DEBUG] yfinance OK: 5444
2026-10-02 07:00:29,260 [DEBUG] [TIME] 5444 income_stmt: 0.19s
2026-10-02 07:00:29,436 [DEBUG] [TIME] 5444 balance_sheet: 0.18s
2026-10-02 07:00:29,548 [DEBUG] [TIME] 5444 cashflow: 0.11s
2026-10-02 07:00:29,816 [DEBUG] [TIME] 5444 dividends: 0.27s
2026-10-02 07:00:29,817 [INFO] [DETAIL] 5444 大和工業: income_stmt=OK, balance_sheet=OK, cashflow=OK, dividends=OK
2026-10-02 07:00:29,817 [INFO] [TIME] 5444 大和工業 処理時間: 0.95s
2026-10-02 07:00:31,859 [DEBUG] [TIME] 5445 info: 0.17s
2026-10-02 07:00:31,859 [DEBUG] yfinance OK: 5445
2026-10-02 07:00:32,002 [DEBUG] [TIME] 5445 income_stmt: 0.14s
2026-10-02 07:00:32,187 [DEBUG] [TIME] 5445 balance_sheet: 0.18s
2026-10-02 07:00:32,448 [DEBUG] [TIME] 5445 cashflow: 0.26s
2026-10-02 07:00:32,705 [DEBUG] [TIME] 5445 dividends: 0.26s
2026-10-02 07:00:32,706 [INFO] [DETAIL] 5445 東京鐵鋼: income_stmt=OK, balance_sheet=OK, cashflow=OK, dividends=OK
2026-10-02 07:00:32,706 [INFO] [TIME] 5445 東京鐵鋼 処理時間: 1.02s
2026-10-02 07:00:34,209 [DEBUG] [TIME] 5446 info: 0.21s
2026-10-02 07:00:34,209 [DEBUG] yfinance OK: 5446
2026-10-02 07:00:34,374 [DEBUG] [TIME] 5446 income_stmt: 0.16s
2026-10-02 07:00:34,534 [DEBUG] [TIME] 5446 balance_sheet: 0.16s
2026-10-02 07:00:34,687 [DEBUG] [TIME] 5446 cashflow: 0.15s
2026-10-02 07:00:34,924 [DEBUG] [TIME] 5446 dividends: 0.24s
2026-10-02 07:00:34,925 [INFO] [DETAIL] 5446 北越メタル: income_stmt=OK, balance_sheet=OK, cashflow=OK, dividends=OK
2026-10-02 07:00:34,925 [INFO] [TIME] 5446 北越メタル 処理時間: 0.93s
2026-10-02 07:00:36,825 [DEBUG] [TIME] 5449 info: 0.25s
2026-10-02 07:00:36,825 [DEBUG] yfinance OK: 5449
2026-10-02 07:00:37,052 [DEBUG] [TIME] 5449 income_stmt: 0.23s
2026-10-02 07:00:37,348 [DEBUG] [TIME] 5449 balance_sheet: 0.30s
2026-10-02 07:00:37,580 [DEBUG] [TIME] 5449 cashflow: 0.23s
2026-10-02 07:00:37,811 [DEBUG] [TIME] 5449 dividends: 0.23s
2026-10-02 07:00:37,812 [INFO] [DETAIL] 5449 大阪製鐵: income_stmt=OK, balance_sheet=OK, cashflow=OK, dividends=OK
2026-10-02 07:00:37,812 [INFO] [TIME] 5449 大阪製鐵 処理時間: 1.23s
2026-10-02 07:00:39,900 [DEBUG] [TIME] 544A info: 0.16s
2026-10-02 07:00:39,900 [DEBUG] yfinance OK: 544A
2026-10-02 07:00:40,068 [DEBUG] [TIME] 544A income_stmt: 0.17s
2026-10-02 07:00:40,166 [DEBUG] [TIME] 544A balance_sheet: 0.10s
2026-10-02 07:00:40,365 [DEBUG] [TIME] 544A cashflow: 0.20s
2026-10-02 07:00:40,454 [DEBUG] [TIME] 544A dividends: 0.09s
2026-10-02 07:00:40,455 [INFO] [DETAIL] 544A ＧＭＳグループ: income_stmt=EMPTY, balance_sheet=EMPTY, cashflow=EMPTY, dividends=OK
2026-10-02 07:00:40,455 [INFO] [TIME] 544A ＧＭＳグループ 処理時間: 0.71s
2026-10-02 07:00:42,293 [DEBUG] [TIME] 5451 info: 0.16s
2026-10-02 07:00:42,293 [DEBUG] yfinance OK: 5451
2026-10-02 07:00:42,489 [DEBUG] [TIME] 5451 income_stmt: 0.20s
2026-10-02 07:00:42,665 [DEBUG] [TIME] 5451 balance_sheet: 0.18s
2026-10-02 07:00:42,906 [DEBUG] [TIME] 5451 cashflow: 0.24s
2026-10-02 07:00:43,197 [DEBUG] [TIME] 5451 dividends: 0.29s
2026-10-02 07:00:43,198 [INFO] [DETAIL] 5451 ヨドコウ: income_stmt=OK, balance_sheet=OK, cashflow=OK, dividends=OK
2026-10-02 07:00:43,198 [INFO] [TIME] 5451 ヨドコウ 処理時間: 1.06s
2026-10-02 07:00:45,390 [DEBUG] [TIME] 5458 info: 0.21s
2026-10-02 07:00:45,390 [DEBUG] yfinance OK: 5458
2026-10-02 07:00:45,560 [DEBUG] [TIME] 5458 income_stmt: 0.17s
2026-10-02 07:00:45,908 [DEBUG] [TIME] 5458 balance_sheet: 0.35s
2026-10-02 07:00:46,132 [DEBUG] [TIME] 5458 cashflow: 0.22s
2026-10-02 07:00:46,397 [DEBUG] [TIME] 5458 dividends: 0.26s
2026-10-02 07:00:46,398 [INFO] [DETAIL] 5458 高砂鐵工: income_stmt=OK, balance_sheet=OK, cashflow=OK, dividends=OK
2026-10-02 07:00:46,398 [INFO] [TIME] 5458 高砂鐵工 処理時間: 1.22s
2026-10-02 07:00:48,365 [DEBUG] [TIME] 545A info: 0.18s
2026-10-02 07:00:48,365 [DEBUG] yfinance OK: 545A
2026-10-02 07:00:48,537 [DEBUG] [TIME] 545A income_stmt: 0.17s
2026-10-02 07:00:48,648 [DEBUG] [TIME] 545A balance_sheet: 0.11s
2026-10-02 07:00:48,859 [DEBUG] [TIME] 545A cashflow: 0.21s
2026-10-02 07:00:48,968 [DEBUG] [TIME] 545A dividends: 0.11s
2026-10-02 07:00:48,968 [INFO] [DETAIL] 545A トランヴィア: income_stmt=EMPTY, balance_sheet=EMPTY, cashflow=EMPTY, dividends=EMPTY
2026-10-02 07:00:48,968 [INFO] [TIME] 545A トランヴィア 処理時間: 0.78s
2026-10-02 07:00:50,950 [DEBUG] [TIME] 5461 info: 0.21s
2026-10-02 07:00:50,950 [DEBUG] yfinance OK: 5461
2026-10-02 07:00:51,087 [DEBUG] [TIME] 5461 income_stmt: 0.14s
2026-10-02 07:00:51,287 [DEBUG] [TIME] 5461 balance_sheet: 0.20s
2026-10-02 07:00:51,491 [DEBUG] [TIME] 5461 cashflow: 0.20s
2026-10-02 07:00:51,653 [DEBUG] [TIME] 5461 dividends: 0.16s
2026-10-02 07:00:51,654 [INFO] [DETAIL] 5461 中部鋼鈑: income_stmt=OK, balance_sheet=OK, cashflow=OK, dividends=OK
2026-10-02 07:00:51,654 [INFO] [TIME] 5461 中部鋼鈑 処理時間: 0.91s
2026-10-02 07:00:53,711 [DEBUG] [TIME] 5463 info: 0.22s
2026-10-02 07:00:53,711 [DEBUG] yfinance OK: 5463
2026-10-02 07:00:53,897 [DEBUG] [TIME] 5463 income_stmt: 0.19s
2026-10-02 07:00:54,191 [DEBUG] [TIME] 5463 balance_sheet: 0.29s
2026-10-02 07:00:54,381 [DEBUG] [TIME] 5463 cashflow: 0.19s
2026-10-02 07:00:54,710 [DEBUG] [TIME] 5463 dividends: 0.33s
2026-10-02 07:00:54,711 [INFO] [DETAIL] 5463 丸一鋼管: income_stmt=OK, balance_sheet=OK, cashflow=OK, dividends=OK
2026-10-02 07:00:54,711 [INFO] [TIME] 5463 丸一鋼管 処理時間: 1.22s
2026-10-02 07:00:56,227 [DEBUG] [TIME] 5464 info: 0.20s
2026-10-02 07:00:56,227 [DEBUG] yfinance OK: 5464
2026-10-02 07:00:56,367 [DEBUG] [TIME] 5464 income_stmt: 0.14s
2026-10-02 07:00:56,527 [DEBUG] [TIME] 5464 balance_sheet: 0.16s
2026-10-02 07:00:56,747 [DEBUG] [TIME] 5464 cashflow: 0.22s
2026-10-02 07:00:57,119 [DEBUG] [TIME] 5464 dividends: 0.37s
2026-10-02 07:00:57,120 [INFO] [DETAIL] 5464 モリ工業: income_stmt=OK, balance_sheet=OK, cashflow=OK, dividends=OK
2026-10-02 07:00:57,120 [INFO] [TIME] 5464 モリ工業 処理時間: 1.09s
2026-10-02 07:00:59,154 [DEBUG] [TIME] 546A info: 0.16s
2026-10-02 07:00:59,154 [DEBUG] yfinance OK: 546A
2026-10-02 07:00:59,240 [DEBUG] [TIME] 546A income_stmt: 0.09s
2026-10-02 07:00:59,372 [DEBUG] [TIME] 546A balance_sheet: 0.13s
2026-10-02 07:00:59,565 [DEBUG] [TIME] 546A cashflow: 0.19s
2026-10-02 07:00:59,649 [DEBUG] [TIME] 546A dividends: 0.08s
2026-10-02 07:00:59,650 [INFO] [DETAIL] 546A ＭＩＲＡＩＮＩホールディングス: income_stmt=EMPTY, balance_sheet=EMPTY, cashflow=EMPTY, dividends=OK
2026-10-02 07:00:59,650 [INFO] [TIME] 546A ＭＩＲＡＩＮＩホールディングス 処理時間: 0.65s
2026-10-02 07:01:01,232 [DEBUG] [TIME] 5471 info: 0.18s
2026-10-02 07:01:01,232 [DEBUG] yfinance OK: 5471
2026-10-02 07:01:01,456 [DEBUG] [TIME] 5471 income_stmt: 0.22s
2026-10-02 07:01:01,800 [DEBUG] [TIME] 5471 balance_sheet: 0.34s
2026-10-02 07:01:02,014 [DEBUG] [TIME] 5471 cashflow: 0.21s
2026-10-02 07:01:02,272 [DEBUG] [TIME] 5471 dividends: 0.26s
2026-10-02 07:01:02,273 [INFO] [DETAIL] 5471 大同特殊鋼: income_stmt=OK, balance_sheet=OK, cashflow=OK, dividends=OK
2026-10-02 07:01:02,273 [INFO] [TIME] 5471 大同特殊鋼 処理時間: 1.22s
2026-10-02 07:01:03,825 [DEBUG] [TIME] 547A info: 0.15s
2026-10-02 07:01:03,825 [DEBUG] yfinance OK: 547A
2026-10-02 07:01:04,010 [DEBUG] [TIME] 547A income_stmt: 0.18s
2026-10-02 07:01:04,218 [DEBUG] [TIME] 547A balance_sheet: 0.21s
2026-10-02 07:01:04,352 [DEBUG] [TIME] 547A cashflow: 0.13s
2026-10-02 07:01:04,614 [DEBUG] [TIME] 547A dividends: 0.26s
2026-10-02 07:01:04,615 [INFO] [DETAIL] 547A ムニノバホールディングス: income_stmt=OK, balance_sheet=OK, cashflow=OK, dividends=OK
2026-10-02 07:01:04,615 [INFO] [TIME] 547A ムニノバホールディングス 処理時間: 0.94s
2026-10-02 07:01:06,342 [DEBUG] [TIME] 5480 info: 0.15s
2026-10-02 07:01:06,342 [DEBUG] yfinance OK: 5480
2026-10-02 07:01:06,506 [DEBUG] [TIME] 5480 income_stmt: 0.16s
2026-10-02 07:01:06,695 [DEBUG] [TIME] 5480 balance_sheet: 0.19s
2026-10-02 07:01:06,931 [DEBUG] [TIME] 5480 cashflow: 0.23s
2026-10-02 07:01:07,169 [DEBUG] [TIME] 5480 dividends: 0.24s
2026-10-02 07:01:07,170 [INFO] [DETAIL] 5480 日本冶金工業: income_stmt=OK, balance_sheet=OK, cashflow=OK, dividends=OK
2026-10-02 07:01:07,170 [INFO] [TIME] 5480 日本冶金工業 処理時間: 0.98s
2026-10-02 07:01:08,578 [DEBUG] [TIME] 5482 info: 0.15s
2026-10-02 07:01:08,578 [DEBUG] yfinance OK: 5482
2026-10-02 07:01:08,762 [DEBUG] [TIME] 5482 income_stmt: 0.18s
2026-10-02 07:01:09,001 [DEBUG] [TIME] 5482 balance_sheet: 0.24s
2026-10-02 07:01:09,160 [DEBUG] [TIME] 5482 cashflow: 0.16s
2026-10-02 07:01:09,460 [DEBUG] [TIME] 5482 dividends: 0.30s
2026-10-02 07:01:09,461 [INFO] [DETAIL] 5482 愛知製鋼: income_stmt=OK, balance_sheet=OK, cashflow=OK, dividends=OK
2026-10-02 07:01:09,461 [INFO] [TIME] 5482 愛知製鋼 処理時間: 1.03s
2026-10-02 07:01:11,396 [DEBUG] [TIME] 5484 info: 0.18s
2026-10-02 07:01:11,397 [DEBUG] yfinance OK: 5484
2026-10-02 07:01:11,582 [DEBUG] [TIME] 5484 income_stmt: 0.19s
2026-10-02 07:01:11,860 [DEBUG] [TIME] 5484 balance_sheet: 0.28s
2026-10-02 07:01:11,983 [DEBUG] [TIME] 5484 cashflow: 0.12s
2026-10-02 07:01:12,342 [DEBUG] [TIME] 5484 dividends: 0.36s
2026-10-02 07:01:12,343 [INFO] [DETAIL] 5484 東北特殊鋼: income_stmt=OK, balance_sheet=OK, cashflow=OK, dividends=OK
2026-10-02 07:01:12,343 [INFO] [TIME] 5484 東北特殊鋼 処理時間: 1.12s
2026-10-02 07:01:14,243 [DEBUG] [TIME] 548A info: 0.16s
2026-10-02 07:01:14,243 [DEBUG] yfinance OK: 548A
2026-10-02 07:01:14,390 [DEBUG] [TIME] 548A income_stmt: 0.15s
2026-10-02 07:01:14,547 [DEBUG] [TIME] 548A balance_sheet: 0.16s
2026-10-02 07:01:14,677 [DEBUG] [TIME] 548A cashflow: 0.13s
2026-10-02 07:01:14,773 [DEBUG] [TIME] 548A dividends: 0.10s
2026-10-02 07:01:14,773 [INFO] [DETAIL] 548A システムエグゼ: income_stmt=OK, balance_sheet=OK, cashflow=OK, dividends=EMPTY
2026-10-02 07:01:14,773 [INFO] [TIME] 548A システムエグゼ 処理時間: 0.69s
2026-10-02 07:01:16,360 [DEBUG] [TIME] 5491 info: 0.16s
2026-10-02 07:01:16,361 [DEBUG] yfinance OK: 5491
2026-10-02 07:01:16,505 [DEBUG] [TIME] 5491 income_stmt: 0.14s
2026-10-02 07:01:16,743 [DEBUG] [TIME] 5491 balance_sheet: 0.24s
2026-10-02 07:01:16,957 [DEBUG] [TIME] 5491 cashflow: 0.21s
2026-10-02 07:01:17,146 [DEBUG] [TIME] 5491 dividends: 0.19s
2026-10-02 07:01:17,147 [INFO] [DETAIL] 5491 日本金属: income_stmt=OK, balance_sheet=OK, cashflow=OK, dividends=OK
2026-10-02 07:01:17,148 [INFO] [TIME] 5491 日本金属 処理時間: 0.94s
2026-10-02 07:01:18,636 [DEBUG] [TIME] 549A info: 0.47s
2026-10-02 07:01:18,636 [DEBUG] yfinance OK: 549A
2026-10-02 07:01:18,894 [DEBUG] [TIME] 549A income_stmt: 0.26s
2026-10-02 07:01:19,048 [DEBUG] [TIME] 549A balance_sheet: 0.15s
2026-10-02 07:01:19,267 [DEBUG] [TIME] 549A cashflow: 0.22s
2026-10-02 07:01:19,384 [DEBUG] [TIME] 549A dividends: 0.12s
2026-10-02 07:01:19,384 [INFO] [DETAIL] 549A ヒトトヒトホールディングス: income_stmt=OK, balance_sheet=OK, cashflow=OK, dividends=OK
2026-10-02 07:01:19,385 [INFO] [TIME] 549A ヒトトヒトホールディングス 処理時間: 1.21s
2026-10-02 07:01:21,392 [DEBUG] [TIME] 550A info: 0.17s
2026-10-02 07:01:21,392 [DEBUG] yfinance OK: 550A
2026-10-02 07:01:21,646 [DEBUG] [TIME] 550A income_stmt: 0.25s
2026-10-02 07:01:21,909 [DEBUG] [TIME] 550A balance_sheet: 0.26s
2026-10-02 07:01:22,139 [DEBUG] [TIME] 550A cashflow: 0.23s
2026-10-02 07:01:22,223 [DEBUG] [TIME] 550A dividends: 0.08s
2026-10-02 07:01:22,223 [INFO] [DETAIL] 550A ソフトテックス: income_stmt=OK, balance_sheet=OK, cashflow=OK, dividends=OK
2026-10-02 07:01:22,223 [INFO] [TIME] 550A ソフトテックス 処理時間: 1.00s
2026-10-02 07:01:24,441 [DEBUG] [TIME] 5527 info: 0.29s
2026-10-02 07:01:24,442 [DEBUG] yfinance OK: 5527
2026-10-02 07:01:24,929 [DEBUG] [TIME] 5527 income_stmt: 0.49s
2026-10-02 07:01:25,110 [DEBUG] [TIME] 5527 balance_sheet: 0.18s
2026-10-02 07:01:25,275 [DEBUG] [TIME] 5527 cashflow: 0.16s
2026-10-02 07:01:25,403 [DEBUG] [TIME] 5527 dividends: 0.13s
2026-10-02 07:01:25,404 [INFO] [DETAIL] 5527 ｐｒｏｐｅｒｔｙ　ｔｅｃｈｎｏｌｏｇｉｅｓ: income_stmt=OK, balance_sheet=OK, cashflow=OK, dividends=OK
2026-10-02 07:01:25,404 [INFO] [TIME] 5527 ｐｒｏｐｅｒｔｙ　ｔｅｃｈｎｏｌｏｇｉｅｓ 処理時間: 1.25s
2026-10-02 07:01:27,373 [DEBUG] [TIME] 5532 info: 0.18s
2026-10-02 07:01:27,373 [DEBUG] yfinance OK: 5532
2026-10-02 07:01:27,546 [DEBUG] [TIME] 5532 income_stmt: 0.17s
2026-10-02 07:01:27,785 [DEBUG] [TIME] 5532 balance_sheet: 0.24s
2026-10-02 07:01:27,936 [DEBUG] [TIME] 5532 cashflow: 0.15s
2026-10-02 07:01:28,042 [DEBUG] [TIME] 5532 dividends: 0.11s
2026-10-02 07:01:28,042 [INFO] [DETAIL] 5532 リアルゲイト: income_stmt=OK, balance_sheet=OK, cashflow=OK, dividends=EMPTY
2026-10-02 07:01:28,043 [INFO] [TIME] 5532 リアルゲイト 処理時間: 0.85s
2026-10-02 07:01:29,400 [DEBUG] [TIME] 5533 info: 0.15s
2026-10-02 07:01:29,400 [DEBUG] yfinance OK: 5533
2026-10-02 07:01:29,581 [DEBUG] [TIME] 5533 income_stmt: 0.18s
2026-10-02 07:01:29,864 [DEBUG] [TIME] 5533 balance_sheet: 0.28s
2026-10-02 07:01:30,017 [DEBUG] [TIME] 5533 cashflow: 0.15s
2026-10-02 07:01:30,143 [DEBUG] [TIME] 5533 dividends: 0.13s
2026-10-02 07:01:30,144 [INFO] [DETAIL] 5533 エリッツホールディングス: income_stmt=OK, balance_sheet=OK, cashflow=OK, dividends=OK
2026-10-02 07:01:30,144 [INFO] [TIME] 5533 エリッツホールディングス 処理時間: 0.89s
2026-10-02 07:01:31,394 [DEBUG] [TIME] 5535 info: 0.15s
2026-10-02 07:01:31,394 [DEBUG] yfinance OK: 5535
2026-10-02 07:01:31,547 [DEBUG] [TIME] 5535 income_stmt: 0.15s
2026-10-02 07:01:31,826 [DEBUG] [TIME] 5535 balance_sheet: 0.28s
2026-10-02 07:01:31,964 [DEBUG] [TIME] 5535 cashflow: 0.14s
2026-10-02 07:01:32,112 [DEBUG] [TIME] 5535 dividends: 0.15s
2026-10-02 07:01:32,113 [INFO] [DETAIL] 5535 ミガロホールディングス: income_stmt=OK, balance_sheet=OK, cashflow=OK, dividends=OK
2026-10-02 07:01:32,113 [INFO] [TIME] 5535 ミガロホールディングス 処理時間: 0.87s
2026-10-02 07:01:34,298 [DEBUG] [TIME] 5537 info: 0.18s
2026-10-02 07:01:34,299 [DEBUG] yfinance OK: 5537
2026-10-02 07:01:34,463 [DEBUG] [TIME] 5537 income_stmt: 0.16s
2026-10-02 07:01:34,761 [DEBUG] [TIME] 5537 balance_sheet: 0.30s
2026-10-02 07:01:34,975 [DEBUG] [TIME] 5537 cashflow: 0.21s
2026-10-02 07:01:35,060 [DEBUG] [TIME] 5537 dividends: 0.08s
2026-10-02 07:01:35,060 [INFO] [DETAIL] 5537 ＡｌｂａＬｉｎｋ: income_stmt=OK, balance_sheet=OK, cashflow=OK, dividends=EMPTY
2026-10-02 07:01:35,060 [INFO] [TIME] 5537 ＡｌｂａＬｉｎｋ 処理時間: 0.95s
2026-10-02 07:01:36,524 [DEBUG] [TIME] 5541 info: 0.16s
2026-10-02 07:01:36,524 [DEBUG] yfinance OK: 5541
2026-10-02 07:01:36,730 [DEBUG] [TIME] 5541 income_stmt: 0.21s
2026-10-02 07:01:36,913 [DEBUG] [TIME] 5541 balance_sheet: 0.18s
2026-10-02 07:01:37,151 [DEBUG] [TIME] 5541 cashflow: 0.24s
2026-10-02 07:01:37,407 [DEBUG] [TIME] 5541 dividends: 0.26s
2026-10-02 07:01:37,408 [INFO] [DETAIL] 5541 大平洋金属: income_stmt=OK, balance_sheet=OK, cashflow=OK, dividends=OK
2026-10-02 07:01:37,408 [INFO] [TIME] 5541 大平洋金属 処理時間: 1.04s
2026-10-02 07:01:39,175 [DEBUG] [TIME] 5542 info: 0.19s
2026-10-02 07:01:39,175 [DEBUG] yfinance OK: 5542
2026-10-02 07:01:39,310 [DEBUG] [TIME] 5542 income_stmt: 0.13s
2026-10-02 07:01:39,474 [DEBUG] [TIME] 5542 balance_sheet: 0.16s
2026-10-02 07:01:39,605 [DEBUG] [TIME] 5542 cashflow: 0.13s
2026-10-02 07:01:39,857 [DEBUG] [TIME] 5542 dividends: 0.25s
2026-10-02 07:01:39,858 [INFO] [DETAIL] 5542 新報国マテリアル: income_stmt=OK, balance_sheet=OK, cashflow=OK, dividends=OK
2026-10-02 07:01:39,858 [INFO] [TIME] 5542 新報国マテリアル 処理時間: 0.87s
2026-10-02 07:01:41,185 [DEBUG] [TIME] 554A info: 0.21s
2026-10-02 07:01:41,185 [DEBUG] yfinance OK: 554A
2026-10-02 07:01:41,368 [DEBUG] [TIME] 554A income_stmt: 0.18s
2026-10-02 07:01:41,488 [DEBUG] [TIME] 554A balance_sheet: 0.12s
2026-10-02 07:01:41,617 [DEBUG] [TIME] 554A cashflow: 0.13s
2026-10-02 07:01:41,695 [DEBUG] [TIME] 554A dividends: 0.08s
2026-10-02 07:01:41,695 [INFO] [DETAIL] 554A バトンズ: income_stmt=OK, balance_sheet=OK, cashflow=OK, dividends=EMPTY
2026-10-02 07:01:41,695 [INFO] [TIME] 554A バトンズ 処理時間: 0.72s
2026-10-02 07:01:43,208 [DEBUG] [TIME] 5563 info: 0.18s
2026-10-02 07:01:43,208 [DEBUG] yfinance OK: 5563
2026-10-02 07:01:43,362 [DEBUG] [TIME] 5563 income_stmt: 0.15s
2026-10-02 07:01:43,526 [DEBUG] [TIME] 5563 balance_sheet: 0.16s
2026-10-02 07:01:43,760 [DEBUG] [TIME] 5563 cashflow: 0.23s
2026-10-02 07:01:44,076 [DEBUG] [TIME] 5563 dividends: 0.32s
2026-10-02 07:01:44,078 [INFO] [DETAIL] 5563 新日本電工: income_stmt=OK, balance_sheet=OK, cashflow=OK, dividends=OK
2026-10-02 07:01:44,078 [INFO] [TIME] 5563 新日本電工 処理時間: 1.05s
2026-10-02 07:01:46,016 [DEBUG] [TIME] 556A info: 0.19s
2026-10-02 07:01:46,016 [DEBUG] yfinance OK: 556A
2026-10-02 07:01:46,188 [DEBUG] [TIME] 556A income_stmt: 0.17s
2026-10-02 07:01:46,421 [DEBUG] [TIME] 556A balance_sheet: 0.23s
2026-10-02 07:01:46,526 [DEBUG] [TIME] 556A cashflow: 0.10s
2026-10-02 07:01:46,603 [DEBUG] [TIME] 556A dividends: 0.08s
2026-10-02 07:01:46,603 [INFO] [DETAIL] 556A 犬猫生活: income_stmt=OK, balance_sheet=OK, cashflow=OK, dividends=EMPTY
2026-10-02 07:01:46,603 [INFO] [TIME] 556A 犬猫生活 処理時間: 0.77s
2026-10-02 07:01:47,873 [DEBUG] [TIME] 5570 info: 0.19s
2026-10-02 07:01:47,873 [DEBUG] yfinance OK: 5570
2026-10-02 07:01:47,994 [DEBUG] [TIME] 5570 income_stmt: 0.12s
2026-10-02 07:01:48,127 [DEBUG] [TIME] 5570 balance_sheet: 0.13s
2026-10-02 07:01:48,267 [DEBUG] [TIME] 5570 cashflow: 0.14s
2026-10-02 07:01:48,359 [DEBUG] [TIME] 5570 dividends: 0.09s
2026-10-02 07:01:48,360 [INFO] [DETAIL] 5570 ジェノバ: income_stmt=OK, balance_sheet=OK, cashflow=OK, dividends=OK
2026-10-02 07:01:48,360 [INFO] [TIME] 5570 ジェノバ 処理時間: 0.68s
2026-10-02 07:01:49,993 [DEBUG] [TIME] 5571 info: 0.15s
2026-10-02 07:01:49,993 [DEBUG] yfinance OK: 5571
2026-10-02 07:01:50,174 [DEBUG] [TIME] 5571 income_stmt: 0.18s
2026-10-02 07:01:50,474 [DEBUG] [TIME] 5571 balance_sheet: 0.30s
2026-10-02 07:01:50,644 [DEBUG] [TIME] 5571 cashflow: 0.17s
2026-10-02 07:01:50,745 [DEBUG] [TIME] 5571 dividends: 0.10s
2026-10-02 07:01:50,746 [INFO] [DETAIL] 5571 エキサイトホールディングス: income_stmt=OK, balance_sheet=OK, cashflow=OK, dividends=OK
2026-10-02 07:01:50,746 [INFO] [TIME] 5571 エキサイトホールディングス 処理時間: 0.90s
2026-10-02 07:01:52,819 [DEBUG] [TIME] 5572 info: 0.15s
2026-10-02 07:01:52,819 [DEBUG] yfinance OK: 5572
2026-10-02 07:01:52,926 [DEBUG] [TIME] 5572 income_stmt: 0.11s
2026-10-02 07:01:53,090 [DEBUG] [TIME] 5572 balance_sheet: 0.16s
2026-10-02 07:01:53,287 [DEBUG] [TIME] 5572 cashflow: 0.20s
2026-10-02 07:01:53,432 [DEBUG] [TIME] 5572 dividends: 0.14s
2026-10-02 07:01:53,432 [INFO] [DETAIL] 5572 Ｒｉｄｇｅ－ｉ: income_stmt=OK, balance_sheet=OK, cashflow=OK, dividends=EMPTY
2026-10-02 07:01:53,432 [INFO] [TIME] 5572 Ｒｉｄｇｅ－ｉ 処理時間: 0.76s
2026-10-02 07:01:55,002 [DEBUG] [TIME] 5574 info: 0.23s
2026-10-02 07:01:55,002 [DEBUG] yfinance OK: 5574
2026-10-02 07:01:55,205 [DEBUG] [TIME] 5574 income_stmt: 0.20s
2026-10-02 07:01:55,483 [DEBUG] [TIME] 5574 balance_sheet: 0.28s
2026-10-02 07:01:55,717 [DEBUG] [TIME] 5574 cashflow: 0.23s
2026-10-02 07:01:55,830 [DEBUG] [TIME] 5574 dividends: 0.11s
2026-10-02 07:01:55,830 [INFO] [DETAIL] 5574 ＡＢＥＪＡ: income_stmt=OK, balance_sheet=OK, cashflow=OK, dividends=EMPTY
2026-10-02 07:01:55,830 [INFO] [TIME] 5574 ＡＢＥＪＡ 処理時間: 1.06s
2026-10-02 07:01:57,819 [DEBUG] [TIME] 5575 info: 0.15s
2026-10-02 07:01:57,820 [DEBUG] yfinance OK: 5575
2026-10-02 07:01:58,044 [DEBUG] [TIME] 5575 income_stmt: 0.22s
2026-10-02 07:01:58,361 [DEBUG] [TIME] 5575 balance_sheet: 0.32s
2026-10-02 07:01:58,511 [DEBUG] [TIME] 5575 cashflow: 0.15s
2026-10-02 07:01:58,637 [DEBUG] [TIME] 5575 dividends: 0.13s
2026-10-02 07:01:58,637 [INFO] [DETAIL] 5575 Ｇｌｏｂｅｅ: income_stmt=OK, balance_sheet=OK, cashflow=OK, dividends=EMPTY
2026-10-02 07:01:58,637 [INFO] [TIME] 5575 Ｇｌｏｂｅｅ 処理時間: 0.97s
2026-10-02 07:02:00,595 [DEBUG] [TIME] 5576 info: 0.14s
2026-10-02 07:02:00,595 [DEBUG] yfinance OK: 5576
2026-10-02 07:02:00,732 [DEBUG] [TIME] 5576 income_stmt: 0.14s
2026-10-02 07:02:00,878 [DEBUG] [TIME] 5576 balance_sheet: 0.15s
2026-10-02 07:02:01,038 [DEBUG] [TIME] 5576 cashflow: 0.16s
2026-10-02 07:02:01,165 [DEBUG] [TIME] 5576 dividends: 0.13s
2026-10-02 07:02:01,166 [INFO] [DETAIL] 5576 オービーシステム: income_stmt=OK, balance_sheet=OK, cashflow=OK, dividends=OK
2026-10-02 07:02:01,166 [INFO] [TIME] 5576 オービーシステム 処理時間: 0.72s
2026-10-02 07:02:02,776 [DEBUG] [TIME] 5578 info: 0.22s
2026-10-02 07:02:02,777 [DEBUG] yfinance OK: 5578
2026-10-02 07:02:02,943 [DEBUG] [TIME] 5578 income_stmt: 0.17s
2026-10-02 07:02:03,107 [DEBUG] [TIME] 5578 balance_sheet: 0.16s
2026-10-02 07:02:03,242 [DEBUG] [TIME] 5578 cashflow: 0.13s
2026-10-02 07:02:03,369 [DEBUG] [TIME] 5578 dividends: 0.13s
2026-10-02 07:02:03,370 [INFO] [DETAIL] 5578 ＡＲアドバンストテクノロジ: income_stmt=OK, balance_sheet=OK, cashflow=OK, dividends=OK
2026-10-02 07:02:03,370 [INFO] [TIME] 5578 ＡＲアドバンストテクノロジ 処理時間: 0.81s
2026-10-02 07:02:04,571 [DEBUG] [TIME] 5580 info: 0.15s
2026-10-02 07:02:04,571 [DEBUG] yfinance OK: 5580
2026-10-02 07:02:04,726 [DEBUG] [TIME] 5580 income_stmt: 0.15s
2026-10-02 07:02:04,924 [DEBUG] [TIME] 5580 balance_sheet: 0.20s
2026-10-02 07:02:05,051 [DEBUG] [TIME] 5580 cashflow: 0.13s
2026-10-02 07:02:05,146 [DEBUG] [TIME] 5580 dividends: 0.09s
2026-10-02 07:02:05,146 [INFO] [DETAIL] 5580 プロディライト: income_stmt=OK, balance_sheet=OK, cashflow=OK, dividends=EMPTY
2026-10-02 07:02:05,146 [INFO] [TIME] 5580 プロディライト 処理時間: 0.73s
2026-10-02 07:02:06,626 [DEBUG] [TIME] 5582 info: 0.15s
2026-10-02 07:02:06,626 [DEBUG] yfinance OK: 5582
2026-10-02 07:02:06,814 [DEBUG] [TIME] 5582 income_stmt: 0.19s
2026-10-02 07:02:06,950 [DEBUG] [TIME] 5582 balance_sheet: 0.14s
2026-10-02 07:02:07,189 [DEBUG] [TIME] 5582 cashflow: 0.24s
2026-10-02 07:02:07,328 [DEBUG] [TIME] 5582 dividends: 0.14s
2026-10-02 07:02:07,329 [INFO] [DETAIL] 5582 グリッド: income_stmt=OK, balance_sheet=OK, cashflow=OK, dividends=EMPTY
2026-10-02 07:02:07,329 [INFO] [TIME] 5582 グリッド 処理時間: 0.85s
2026-10-02 07:02:08,910 [DEBUG] [TIME] 5586 info: 0.23s
2026-10-02 07:02:08,910 [DEBUG] yfinance OK: 5586
2026-10-02 07:02:09,043 [DEBUG] [TIME] 5586 income_stmt: 0.13s
2026-10-02 07:02:09,328 [DEBUG] [TIME] 5586 balance_sheet: 0.28s
2026-10-02 07:02:09,483 [DEBUG] [TIME] 5586 cashflow: 0.15s
2026-10-02 07:02:09,605 [DEBUG] [TIME] 5586 dividends: 0.12s
2026-10-02 07:02:09,605 [INFO] [DETAIL] 5586 Ｌａｂｏｒｏ．ＡＩ: income_stmt=OK, balance_sheet=OK, cashflow=OK, dividends=EMPTY
2026-10-02 07:02:09,605 [INFO] [TIME] 5586 Ｌａｂｏｒｏ．ＡＩ 処理時間: 0.92s
2026-10-02 07:02:11,227 [DEBUG] [TIME] 5587 info: 0.23s
2026-10-02 07:02:11,227 [DEBUG] yfinance OK: 5587
2026-10-02 07:02:11,451 [DEBUG] [TIME] 5587 income_stmt: 0.22s
2026-10-02 07:02:11,702 [DEBUG] [TIME] 5587 balance_sheet: 0.25s
2026-10-02 07:02:11,835 [DEBUG] [TIME] 5587 cashflow: 0.13s
2026-10-02 07:02:11,987 [DEBUG] [TIME] 5587 dividends: 0.15s
2026-10-02 07:02:11,988 [INFO] [DETAIL] 5587 インバウンドプラットフォーム: income_stmt=OK, balance_sheet=OK, cashflow=OK, dividends=EMPTY
2026-10-02 07:02:11,988 [INFO] [TIME] 5587 インバウンドプラットフォーム 処理時間: 0.99s
2026-10-02 07:02:14,070 [DEBUG] [TIME] 5588 info: 0.21s
2026-10-02 07:02:14,070 [DEBUG] yfinance OK: 5588
2026-10-02 07:02:14,271 [DEBUG] [TIME] 5588 income_stmt: 0.20s
2026-10-02 07:02:14,490 [DEBUG] [TIME] 5588 balance_sheet: 0.22s
2026-10-02 07:02:14,638 [DEBUG] [TIME] 5588 cashflow: 0.15s
2026-10-02 07:02:14,730 [DEBUG] [TIME] 5588 dividends: 0.09s
2026-10-02 07:02:14,730 [INFO] [DETAIL] 5588 ファーストアカウンティング: income_stmt=OK, balance_sheet=OK, cashflow=OK, dividends=OK
2026-10-02 07:02:14,731 [INFO] [TIME] 5588 ファーストアカウンティング 処理時間: 0.87s
2026-10-02 07:02:16,124 [DEBUG] [TIME] 5589 info: 0.19s
2026-10-02 07:02:16,124 [DEBUG] yfinance OK: 5589
2026-10-02 07:02:16,273 [DEBUG] [TIME] 5589 income_stmt: 0.15s
2026-10-02 07:02:16,515 [DEBUG] [TIME] 5589 balance_sheet: 0.24s
2026-10-02 07:02:16,785 [DEBUG] [TIME] 5589 cashflow: 0.27s
2026-10-02 07:02:16,893 [DEBUG] [TIME] 5589 dividends: 0.11s
2026-10-02 07:02:16,894 [INFO] [DETAIL] 5589 オートサーバー: income_stmt=OK, balance_sheet=OK, cashflow=OK, dividends=OK
2026-10-02 07:02:16,894 [INFO] [TIME] 5589 オートサーバー 処理時間: 0.96s
2026-10-02 07:02:18,882 [DEBUG] [TIME] 558A info: 0.16s
2026-10-02 07:02:18,882 [DEBUG] yfinance OK: 558A
2026-10-02 07:02:19,041 [DEBUG] [TIME] 558A income_stmt: 0.16s
2026-10-02 07:02:19,172 [DEBUG] [TIME] 558A balance_sheet: 0.13s
2026-10-02 07:02:19,315 [DEBUG] [TIME] 558A cashflow: 0.14s
2026-10-02 07:02:19,413 [DEBUG] [TIME] 558A dividends: 0.10s
2026-10-02 07:02:19,413 [INFO] [DETAIL] 558A ＳＱＵＥＥＺＥ: income_stmt=OK, balance_sheet=OK, cashflow=OK, dividends=EMPTY
2026-10-02 07:02:19,413 [INFO] [TIME] 558A ＳＱＵＥＥＺＥ 処理時間: 0.69s
2026-10-02 07:02:20,629 [DEBUG] [TIME] 5590 info: 0.20s
2026-10-02 07:02:20,629 [DEBUG] yfinance OK: 5590
2026-10-02 07:02:20,765 [DEBUG] [TIME] 5590 income_stmt: 0.14s
2026-10-02 07:02:20,903 [DEBUG] [TIME] 5590 balance_sheet: 0.14s
2026-10-02 07:02:21,051 [DEBUG] [TIME] 5590 cashflow: 0.15s
2026-10-02 07:02:21,130 [DEBUG] [TIME] 5590 dividends: 0.08s
2026-10-02 07:02:21,130 [INFO] [DETAIL] 5590 ネットスターズ: income_stmt=OK, balance_sheet=OK, cashflow=OK, dividends=EMPTY
2026-10-02 07:02:21,130 [INFO] [TIME] 5590 ネットスターズ 処理時間: 0.70s
2026-10-02 07:02:23,262 [DEBUG] [TIME] 5591 info: 0.15s
2026-10-02 07:02:23,263 [DEBUG] yfinance OK: 5591
2026-10-02 07:02:23,439 [DEBUG] [TIME] 5591 income_stmt: 0.18s
2026-10-02 07:02:23,799 [DEBUG] [TIME] 5591 balance_sheet: 0.36s
2026-10-02 07:02:24,025 [DEBUG] [TIME] 5591 cashflow: 0.23s
2026-10-02 07:02:24,124 [DEBUG] [TIME] 5591 dividends: 0.10s
2026-10-02 07:02:24,124 [INFO] [DETAIL] 5591 ＡＶＩＬＥＮ: income_stmt=OK, balance_sheet=OK, cashflow=OK, dividends=EMPTY
2026-10-02 07:02:24,124 [INFO] [TIME] 5591 ＡＶＩＬＥＮ 処理時間: 1.01s
2026-10-02 07:02:25,826 [DEBUG] [TIME] 5592 info: 0.15s
2026-10-02 07:02:25,827 [DEBUG] yfinance OK: 5592
2026-10-02 07:02:26,042 [DEBUG] [TIME] 5592 income_stmt: 0.22s
2026-10-02 07:02:26,219 [DEBUG] [TIME] 5592 balance_sheet: 0.18s
2026-10-02 07:02:26,398 [DEBUG] [TIME] 5592 cashflow: 0.18s
2026-10-02 07:02:26,580 [DEBUG] [TIME] 5592 dividends: 0.18s
2026-10-02 07:02:26,581 [INFO] [DETAIL] 5592 くすりの窓口: income_stmt=OK, balance_sheet=OK, cashflow=OK, dividends=OK
2026-10-02 07:02:26,581 [INFO] [TIME] 5592 くすりの窓口 処理時間: 0.90s
2026-10-02 07:02:28,756 [DEBUG] [TIME] 5597 info: 0.23s
2026-10-02 07:02:28,756 [DEBUG] yfinance OK: 5597
2026-10-02 07:02:28,965 [DEBUG] [TIME] 5597 income_stmt: 0.21s
2026-10-02 07:02:29,172 [DEBUG] [TIME] 5597 balance_sheet: 0.21s
2026-10-02 07:02:29,353 [DEBUG] [TIME] 5597 cashflow: 0.18s
2026-10-02 07:02:29,441 [DEBUG] [TIME] 5597 dividends: 0.09s
2026-10-02 07:02:29,441 [INFO] [DETAIL] 5597 ブルーイノベーション: income_stmt=OK, balance_sheet=OK, cashflow=OK, dividends=EMPTY
2026-10-02 07:02:29,441 [INFO] [TIME] 5597 ブルーイノベーション 処理時間: 0.91s
2026-10-02 07:02:30,848 [DEBUG] [TIME] 5599 info: 0.16s
2026-10-02 07:02:30,849 [DEBUG] yfinance OK: 5599
2026-10-02 07:02:31,035 [DEBUG] [TIME] 5599 income_stmt: 0.19s
2026-10-02 07:02:31,284 [DEBUG] [TIME] 5599 balance_sheet: 0.25s
2026-10-02 07:02:31,461 [DEBUG] [TIME] 5599 cashflow: 0.18s
2026-10-02 07:02:31,612 [DEBUG] [TIME] 5599 dividends: 0.15s
2026-10-02 07:02:31,613 [INFO] [DETAIL] 5599 Ｓ＆Ｊ: income_stmt=OK, balance_sheet=OK, cashflow=OK, dividends=OK
2026-10-02 07:02:31,613 [INFO] [TIME] 5599 Ｓ＆Ｊ 処理時間: 0.92s
2026-10-02 07:02:32,855 [DEBUG] [TIME] 559A info: 0.20s
2026-10-02 07:02:32,855 [DEBUG] yfinance OK: 559A
2026-10-02 07:02:33,048 [DEBUG] [TIME] 559A income_stmt: 0.19s
2026-10-02 07:02:33,226 [DEBUG] [TIME] 559A balance_sheet: 0.18s
2026-10-02 07:02:33,446 [DEBUG] [TIME] 559A cashflow: 0.22s
2026-10-02 07:02:33,527 [DEBUG] [TIME] 559A dividends: 0.08s
2026-10-02 07:02:33,528 [INFO] [DETAIL] 559A 梅乃宿酒造: income_stmt=OK, balance_sheet=OK, cashflow=OK, dividends=OK
2026-10-02 07:02:33,528 [INFO] [TIME] 559A 梅乃宿酒造 処理時間: 0.87s
2026-10-02 07:02:35,470 [DEBUG] [TIME] 5602 info: 0.18s
2026-10-02 07:02:35,470 [DEBUG] yfinance OK: 5602
2026-10-02 07:02:35,703 [DEBUG] [TIME] 5602 income_stmt: 0.23s
2026-10-02 07:02:35,934 [DEBUG] [TIME] 5602 balance_sheet: 0.23s
2026-10-02 07:02:36,115 [DEBUG] [TIME] 5602 cashflow: 0.18s
2026-10-02 07:02:36,474 [DEBUG] [TIME] 5602 dividends: 0.36s
2026-10-02 07:02:36,475 [INFO] [DETAIL] 5602 栗本鐵工所: income_stmt=OK, balance_sheet=OK, cashflow=OK, dividends=OK
2026-10-02 07:02:36,475 [INFO] [TIME] 5602 栗本鐵工所 処理時間: 1.19s
2026-10-02 07:02:38,625 [DEBUG] [TIME] 5603 info: 0.17s
2026-10-02 07:02:38,625 [DEBUG] yfinance OK: 5603
2026-10-02 07:02:38,764 [DEBUG] [TIME] 5603 income_stmt: 0.14s
2026-10-02 07:02:39,031 [DEBUG] [TIME] 5603 balance_sheet: 0.27s
2026-10-02 07:02:39,160 [DEBUG] [TIME] 5603 cashflow: 0.13s
2026-10-02 07:02:39,481 [DEBUG] [TIME] 5603 dividends: 0.32s
2026-10-02 07:02:39,482 [INFO] [DETAIL] 5603 虹技: income_stmt=OK, balance_sheet=OK, cashflow=OK, dividends=OK
2026-10-02 07:02:39,482 [INFO] [TIME] 5603 虹技 処理時間: 1.03s
2026-10-02 07:02:41,577 [DEBUG] [TIME] 5609 info: 0.15s
2026-10-02 07:02:41,578 [DEBUG] yfinance OK: 5609
2026-10-02 07:02:41,743 [DEBUG] [TIME] 5609 income_stmt: 0.17s
2026-10-02 07:02:42,016 [DEBUG] [TIME] 5609 balance_sheet: 0.27s
2026-10-02 07:02:42,171 [DEBUG] [TIME] 5609 cashflow: 0.15s
2026-10-02 07:02:42,461 [DEBUG] [TIME] 5609 dividends: 0.29s
2026-10-02 07:02:42,462 [INFO] [DETAIL] 5609 日本鋳造: income_stmt=OK, balance_sheet=OK, cashflow=OK, dividends=OK
2026-10-02 07:02:42,462 [INFO] [TIME] 5609 日本鋳造 処理時間: 1.03s
2026-10-02 07:02:44,030 [DEBUG] [TIME] 5612 info: 0.18s
2026-10-02 07:02:44,030 [DEBUG] yfinance OK: 5612
2026-10-02 07:02:44,221 [DEBUG] [TIME] 5612 income_stmt: 0.19s
2026-10-02 07:02:44,393 [DEBUG] [TIME] 5612 balance_sheet: 0.17s
2026-10-02 07:02:44,584 [DEBUG] [TIME] 5612 cashflow: 0.19s
2026-10-02 07:02:44,836 [DEBUG] [TIME] 5612 dividends: 0.25s
2026-10-02 07:02:44,837 [INFO] [DETAIL] 5612 日本鋳鉄管: income_stmt=OK, balance_sheet=OK, cashflow=OK, dividends=OK
2026-10-02 07:02:44,837 [INFO] [TIME] 5612 日本鋳鉄管 処理時間: 0.99s
2026-10-02 07:02:46,603 [DEBUG] [TIME] 5616 info: 0.15s
2026-10-02 07:02:46,603 [DEBUG] yfinance OK: 5616
2026-10-02 07:02:46,732 [DEBUG] [TIME] 5616 income_stmt: 0.13s
2026-10-02 07:02:46,902 [DEBUG] [TIME] 5616 balance_sheet: 0.17s
2026-10-02 07:02:47,042 [DEBUG] [TIME] 5616 cashflow: 0.14s
2026-10-02 07:02:47,137 [DEBUG] [TIME] 5616 dividends: 0.09s
2026-10-02 07:02:47,137 [INFO] [DETAIL] 5616 雨風太陽: income_stmt=OK, balance_sheet=OK, cashflow=OK, dividends=EMPTY
2026-10-02 07:02:47,137 [INFO] [TIME] 5616 雨風太陽 処理時間: 0.68s
2026-10-02 07:02:48,653 [DEBUG] [TIME] 5618 info: 0.19s
2026-10-02 07:02:48,653 [DEBUG] yfinance OK: 5618
2026-10-02 07:02:48,847 [DEBUG] [TIME] 5618 income_stmt: 0.19s
2026-10-02 07:02:49,017 [DEBUG] [TIME] 5618 balance_sheet: 0.17s
2026-10-02 07:02:49,248 [DEBUG] [TIME] 5618 cashflow: 0.23s
2026-10-02 07:02:49,330 [DEBUG] [TIME] 5618 dividends: 0.08s
2026-10-02 07:02:49,330 [INFO] [DETAIL] 5618 ナイル: income_stmt=OK, balance_sheet=OK, cashflow=OK, dividends=EMPTY
2026-10-02 07:02:49,330 [INFO] [TIME] 5618 ナイル 処理時間: 0.86s
2026-10-02 07:02:51,003 [DEBUG] [TIME] 5619 info: 0.14s
2026-10-02 07:02:51,003 [DEBUG] yfinance OK: 5619
2026-10-02 07:02:51,222 [DEBUG] [TIME] 5619 income_stmt: 0.22s
2026-10-02 07:02:51,472 [DEBUG] [TIME] 5619 balance_sheet: 0.25s
2026-10-02 07:02:51,669 [DEBUG] [TIME] 5619 cashflow: 0.20s
2026-10-02 07:02:51,772 [DEBUG] [TIME] 5619 dividends: 0.10s
2026-10-02 07:02:51,772 [INFO] [DETAIL] 5619 マーソ: income_stmt=OK, balance_sheet=OK, cashflow=OK, dividends=EMPTY
2026-10-02 07:02:51,773 [INFO] [TIME] 5619 マーソ 処理時間: 0.91s
2026-10-02 07:02:53,127 [DEBUG] [TIME] 5621 info: 0.16s
2026-10-02 07:02:53,127 [DEBUG] yfinance OK: 5621
2026-10-02 07:02:53,301 [DEBUG] [TIME] 5621 income_stmt: 0.17s
2026-10-02 07:02:53,556 [DEBUG] [TIME] 5621 balance_sheet: 0.25s
2026-10-02 07:02:53,790 [DEBUG] [TIME] 5621 cashflow: 0.23s
2026-10-02 07:02:53,885 [DEBUG] [TIME] 5621 dividends: 0.09s
2026-10-02 07:02:53,886 [INFO] [DETAIL] 5621 ヒューマンテクノロジーズ: income_stmt=OK, balance_sheet=OK, cashflow=OK, dividends=OK
2026-10-02 07:02:53,886 [INFO] [TIME] 5621 ヒューマンテクノロジーズ 処理時間: 0.92s
2026-10-02 07:02:55,692 [DEBUG] [TIME] 5631 info: 0.21s
2026-10-02 07:02:55,692 [DEBUG] yfinance OK: 5631
2026-10-02 07:02:55,890 [DEBUG] [TIME] 5631 income_stmt: 0.20s
2026-10-02 07:02:56,067 [DEBUG] [TIME] 5631 balance_sheet: 0.18s
2026-10-02 07:02:56,218 [DEBUG] [TIME] 5631 cashflow: 0.15s
2026-10-02 07:02:56,559 [DEBUG] [TIME] 5631 dividends: 0.34s
2026-10-02 07:02:56,560 [INFO] [DETAIL] 5631 日本製鋼所: income_stmt=OK, balance_sheet=OK, cashflow=OK, dividends=OK
2026-10-02 07:02:56,560 [INFO] [TIME] 5631 日本製鋼所 処理時間: 1.07s
2026-10-02 07:02:57,723 [DEBUG] [TIME] 5632 info: 0.15s
2026-10-02 07:02:57,723 [DEBUG] yfinance OK: 5632
2026-10-02 07:02:57,911 [DEBUG] [TIME] 5632 income_stmt: 0.19s
2026-10-02 07:02:58,151 [DEBUG] [TIME] 5632 balance_sheet: 0.24s
2026-10-02 07:02:58,389 [DEBUG] [TIME] 5632 cashflow: 0.24s
2026-10-02 07:02:58,645 [DEBUG] [TIME] 5632 dividends: 0.26s
2026-10-02 07:02:58,646 [INFO] [DETAIL] 5632 三菱製鋼: income_stmt=OK, balance_sheet=OK, cashflow=OK, dividends=OK
2026-10-02 07:02:58,646 [INFO] [TIME] 5632 三菱製鋼 処理時間: 1.08s
2026-10-02 07:03:00,466 [DEBUG] [TIME] 5644 info: 0.19s
2026-10-02 07:03:00,466 [DEBUG] yfinance OK: 5644
2026-10-02 07:03:00,654 [DEBUG] [TIME] 5644 income_stmt: 0.19s
2026-10-02 07:03:00,834 [DEBUG] [TIME] 5644 balance_sheet: 0.18s
2026-10-02 07:03:01,033 [DEBUG] [TIME] 5644 cashflow: 0.20s
2026-10-02 07:03:01,246 [DEBUG] [TIME] 5644 dividends: 0.21s
2026-10-02 07:03:01,247 [INFO] [DETAIL] 5644 メタルアート: income_stmt=OK, balance_sheet=OK, cashflow=OK, dividends=OK
2026-10-02 07:03:01,247 [INFO] [TIME] 5644 メタルアート 処理時間: 0.97s
2026-10-02 07:03:02,627 [DEBUG] [TIME] 5658 info: 0.20s
2026-10-02 07:03:02,627 [DEBUG] yfinance OK: 5658
2026-10-02 07:03:02,865 [DEBUG] [TIME] 5658 income_stmt: 0.24s
2026-10-02 07:03:03,026 [DEBUG] [TIME] 5658 balance_sheet: 0.16s
2026-10-02 07:03:03,254 [DEBUG] [TIME] 5658 cashflow: 0.23s
2026-10-02 07:03:03,552 [DEBUG] [TIME] 5658 dividends: 0.30s
2026-10-02 07:03:03,553 [INFO] [DETAIL] 5658 日亜鋼業: income_stmt=OK, balance_sheet=OK, cashflow=OK, dividends=OK
2026-10-02 07:03:03,553 [INFO] [TIME] 5658 日亜鋼業 処理時間: 1.12s
2026-10-02 07:03:05,534 [DEBUG] [TIME] 5659 info: 0.15s
2026-10-02 07:03:05,534 [DEBUG] yfinance OK: 5659
2026-10-02 07:03:05,786 [DEBUG] [TIME] 5659 income_stmt: 0.25s
2026-10-02 07:03:06,072 [DEBUG] [TIME] 5659 balance_sheet: 0.28s
2026-10-02 07:03:06,209 [DEBUG] [TIME] 5659 cashflow: 0.14s
2026-10-02 07:03:06,493 [DEBUG] [TIME] 5659 dividends: 0.28s
2026-10-02 07:03:06,494 [INFO] [DETAIL] 5659 日本精線: income_stmt=OK, balance_sheet=OK, cashflow=OK, dividends=OK
2026-10-02 07:03:06,494 [INFO] [TIME] 5659 日本精線 処理時間: 1.11s
2026-10-02 07:03:08,425 [DEBUG] [TIME] 5660 info: 0.15s
2026-10-02 07:03:08,425 [WARNING] yfinance データなし: 5660
2026-10-02 07:03:08,425 [INFO] [TIME] 5660 神鋼鋼線工業 処理時間: 0.15s
2026-10-02 07:03:09,825 [DEBUG] [TIME] 5695 info: 0.16s
2026-10-02 07:03:09,825 [DEBUG] yfinance OK: 5695
2026-10-02 07:03:09,956 [DEBUG] [TIME] 5695 income_stmt: 0.13s
2026-10-02 07:03:10,229 [DEBUG] [TIME] 5695 balance_sheet: 0.27s
2026-10-02 07:03:10,469 [DEBUG] [TIME] 5695 cashflow: 0.24s
2026-10-02 07:03:10,735 [DEBUG] [TIME] 5695 dividends: 0.27s
2026-10-02 07:03:10,736 [INFO] [DETAIL] 5695 パウダーテック: income_stmt=OK, balance_sheet=OK, cashflow=OK, dividends=OK
2026-10-02 07:03:10,737 [INFO] [TIME] 5695 パウダーテック 処理時間: 1.07s
2026-10-02 07:03:12,229 [DEBUG] [TIME] 5697 info: 0.15s
2026-10-02 07:03:12,229 [DEBUG] yfinance OK: 5697
2026-10-02 07:03:12,440 [DEBUG] [TIME] 5697 income_stmt: 0.21s
2026-10-02 07:03:12,608 [DEBUG] [TIME] 5697 balance_sheet: 0.17s
2026-10-02 07:03:12,824 [DEBUG] [TIME] 5697 cashflow: 0.21s
2026-10-02 07:03:13,112 [DEBUG] [TIME] 5697 dividends: 0.29s
2026-10-02 07:03:13,113 [INFO] [DETAIL] 5697 サンユウ: income_stmt=OK, balance_sheet=OK, cashflow=OK, dividends=OK
2026-10-02 07:03:13,113 [INFO] [TIME] 5697 サンユウ 処理時間: 1.03s
2026-10-02 07:03:15,046 [DEBUG] [TIME] 5698 info: 0.18s
2026-10-02 07:03:15,046 [DEBUG] yfinance OK: 5698
2026-10-02 07:03:15,259 [DEBUG] [TIME] 5698 income_stmt: 0.21s
2026-10-02 07:03:15,584 [DEBUG] [TIME] 5698 balance_sheet: 0.32s
2026-10-02 07:03:15,832 [DEBUG] [TIME] 5698 cashflow: 0.25s
2026-10-02 07:03:16,020 [DEBUG] [TIME] 5698 dividends: 0.19s
2026-10-02 07:03:16,020 [INFO] [DETAIL] 5698 エンビプロ・ホールディングス: income_stmt=OK, balance_sheet=OK, cashflow=OK, dividends=OK
2026-10-02 07:03:16,021 [INFO] [TIME] 5698 エンビプロ・ホールディングス 処理時間: 1.16s
2026-10-02 07:03:17,293 [DEBUG] [TIME] 5699 info: 0.15s
2026-10-02 07:03:17,293 [DEBUG] yfinance OK: 5699
2026-10-02 07:03:17,433 [DEBUG] [TIME] 5699 income_stmt: 0.14s
2026-10-02 07:03:17,723 [DEBUG] [TIME] 5699 balance_sheet: 0.29s
2026-10-02 07:03:18,013 [DEBUG] [TIME] 5699 cashflow: 0.29s
2026-10-02 07:03:18,138 [DEBUG] [TIME] 5699 dividends: 0.12s
2026-10-02 07:03:18,139 [INFO] [DETAIL] 5699 イボキン: income_stmt=OK, balance_sheet=OK, cashflow=OK, dividends=OK
2026-10-02 07:03:18,139 [INFO] [TIME] 5699 イボキン 処理時間: 1.00s
2026-10-02 07:03:19,580 [DEBUG] [TIME] 5702 info: 0.23s
2026-10-02 07:03:19,580 [DEBUG] yfinance OK: 5702
2026-10-02 07:03:19,788 [DEBUG] [TIME] 5702 income_stmt: 0.21s
2026-10-02 07:03:19,922 [DEBUG] [TIME] 5702 balance_sheet: 0.13s
2026-10-02 07:03:20,171 [DEBUG] [TIME] 5702 cashflow: 0.25s
2026-10-02 07:03:20,508 [DEBUG] [TIME] 5702 dividends: 0.34s
2026-10-02 07:03:20,509 [INFO] [DETAIL] 5702 大紀アルミニウム工業所: income_stmt=OK, balance_sheet=OK, cashflow=OK, dividends=OK
2026-10-02 07:03:20,509 [INFO] [TIME] 5702 大紀アルミニウム工業所 処理時間: 1.16s
2026-10-02 07:03:22,634 [DEBUG] [TIME] 5703 info: 0.20s
2026-10-02 07:03:22,634 [DEBUG] yfinance OK: 5703
2026-10-02 07:03:22,842 [DEBUG] [TIME] 5703 income_stmt: 0.21s
2026-10-02 07:03:23,160 [DEBUG] [TIME] 5703 balance_sheet: 0.32s
2026-10-02 07:03:23,342 [DEBUG] [TIME] 5703 cashflow: 0.18s
2026-10-02 07:03:23,633 [DEBUG] [TIME] 5703 dividends: 0.29s
2026-10-02 07:03:23,634 [INFO] [DETAIL] 5703 日本軽金属ホールディングス: income_stmt=OK, balance_sheet=OK, cashflow=OK, dividends=OK
2026-10-02 07:03:23,634 [INFO] [TIME] 5703 日本軽金属ホールディングス 処理時間: 1.20s
2026-10-02 07:03:26,032 [DEBUG] [TIME] 5704 info: 0.77s
2026-10-02 07:03:26,032 [DEBUG] yfinance OK: 5704
2026-10-02 07:03:26,194 [DEBUG] [TIME] 5704 income_stmt: 0.16s
2026-10-02 07:03:26,343 [DEBUG] [TIME] 5704 balance_sheet: 0.15s
2026-10-02 07:03:26,553 [DEBUG] [TIME] 5704 cashflow: 0.21s
2026-10-02 07:03:26,660 [DEBUG] [TIME] 5704 dividends: 0.11s
2026-10-02 07:03:26,660 [INFO] [DETAIL] 5704 ＪＭＣ: income_stmt=OK, balance_sheet=OK, cashflow=OK, dividends=EMPTY
2026-10-02 07:03:26,660 [INFO] [TIME] 5704 ＪＭＣ 処理時間: 1.40s
2026-10-02 07:03:28,178 [DEBUG] [TIME] 5706 info: 0.15s
2026-10-02 07:03:28,178 [DEBUG] yfinance OK: 5706
2026-10-02 07:03:28,333 [DEBUG] [TIME] 5706 income_stmt: 0.15s
2026-10-02 07:03:28,601 [DEBUG] [TIME] 5706 balance_sheet: 0.27s
2026-10-02 07:03:28,757 [DEBUG] [TIME] 5706 cashflow: 0.16s
2026-10-02 07:03:29,022 [DEBUG] [TIME] 5706 dividends: 0.26s
2026-10-02 07:03:29,022 [INFO] [DETAIL] 5706 三井金属: income_stmt=OK, balance_sheet=OK, cashflow=OK, dividends=OK
2026-10-02 07:03:29,023 [INFO] [TIME] 5706 三井金属 処理時間: 0.99s
2026-10-02 07:03:31,173 [DEBUG] [TIME] 5707 info: 0.18s
2026-10-02 07:03:31,173 [DEBUG] yfinance OK: 5707
2026-10-02 07:03:31,349 [DEBUG] [TIME] 5707 income_stmt: 0.18s
2026-10-02 07:03:31,598 [DEBUG] [TIME] 5707 balance_sheet: 0.25s
2026-10-02 07:03:31,822 [DEBUG] [TIME] 5707 cashflow: 0.22s
2026-10-02 07:03:32,103 [DEBUG] [TIME] 5707 dividends: 0.28s
2026-10-02 07:03:32,104 [INFO] [DETAIL] 5707 東邦亜鉛: income_stmt=OK, balance_sheet=OK, cashflow=OK, dividends=OK
2026-10-02 07:03:32,104 [INFO] [TIME] 5707 東邦亜鉛 処理時間: 1.11s
2026-10-02 07:03:33,672 [DEBUG] [TIME] 5711 info: 0.23s
2026-10-02 07:03:33,672 [DEBUG] yfinance OK: 5711
2026-10-02 07:03:33,878 [DEBUG] [TIME] 5711 income_stmt: 0.21s
2026-10-02 07:03:34,020 [DEBUG] [TIME] 5711 balance_sheet: 0.14s
2026-10-02 07:03:34,191 [DEBUG] [TIME] 5711 cashflow: 0.17s
2026-10-02 07:03:34,452 [DEBUG] [TIME] 5711 dividends: 0.26s
2026-10-02 07:03:34,453 [INFO] [DETAIL] 5711 三菱マテリアル: income_stmt=OK, balance_sheet=OK, cashflow=OK, dividends=OK
2026-10-02 07:03:34,453 [INFO] [TIME] 5711 三菱マテリアル 処理時間: 1.01s
2026-10-02 07:03:36,282 [DEBUG] [TIME] 5713 info: 0.18s
2026-10-02 07:03:36,282 [DEBUG] yfinance OK: 5713
2026-10-02 07:03:36,467 [DEBUG] [TIME] 5713 income_stmt: 0.18s
2026-10-02 07:03:36,705 [DEBUG] [TIME] 5713 balance_sheet: 0.24s
2026-10-02 07:03:36,935 [DEBUG] [TIME] 5713 cashflow: 0.23s
2026-10-02 07:03:37,201 [DEBUG] [TIME] 5713 dividends: 0.27s
2026-10-02 07:03:37,202 [INFO] [DETAIL] 5713 住友金属鉱山: income_stmt=OK, balance_sheet=OK, cashflow=OK, dividends=OK
2026-10-02 07:03:37,202 [INFO] [TIME] 5713 住友金属鉱山 処理時間: 1.10s
2026-10-02 07:03:39,009 [DEBUG] [TIME] 5714 info: 0.25s
2026-10-02 07:03:39,009 [DEBUG] yfinance OK: 5714
2026-10-02 07:03:39,233 [DEBUG] [TIME] 5714 income_stmt: 0.22s
2026-10-02 07:03:39,465 [DEBUG] [TIME] 5714 balance_sheet: 0.23s
2026-10-02 07:03:39,750 [DEBUG] [TIME] 5714 cashflow: 0.28s
2026-10-02 07:03:40,084 [DEBUG] [TIME] 5714 dividends: 0.33s
2026-10-02 07:03:40,085 [INFO] [DETAIL] 5714 ＤＯＷＡホールディングス: income_stmt=OK, balance_sheet=OK, cashflow=OK, dividends=OK
2026-10-02 07:03:40,085 [INFO] [TIME] 5714 ＤＯＷＡホールディングス 処理時間: 1.33s
2026-10-02 07:03:41,864 [DEBUG] [TIME] 5715 info: 0.19s
2026-10-02 07:03:41,864 [DEBUG] yfinance OK: 5715
2026-10-02 07:03:42,091 [DEBUG] [TIME] 5715 income_stmt: 0.23s
2026-10-02 07:03:42,327 [DEBUG] [TIME] 5715 balance_sheet: 0.24s
2026-10-02 07:03:42,563 [DEBUG] [TIME] 5715 cashflow: 0.24s
2026-10-02 07:03:42,897 [DEBUG] [TIME] 5715 dividends: 0.33s
2026-10-02 07:03:42,898 [INFO] [DETAIL] 5715 古河機械金属: income_stmt=OK, balance_sheet=OK, cashflow=OK, dividends=OK
2026-10-02 07:03:42,898 [INFO] [TIME] 5715 古河機械金属 処理時間: 1.22s
2026-10-02 07:03:44,225 [DEBUG] [TIME] 5721 info: 0.15s
2026-10-02 07:03:44,225 [DEBUG] yfinance OK: 5721
2026-10-02 07:03:44,427 [DEBUG] [TIME] 5721 income_stmt: 0.20s
2026-10-02 07:03:44,659 [DEBUG] [TIME] 5721 balance_sheet: 0.23s
2026-10-02 07:03:44,897 [DEBUG] [TIME] 5721 cashflow: 0.24s
2026-10-02 07:03:45,120 [DEBUG] [TIME] 5721 dividends: 0.22s
2026-10-02 07:03:45,121 [INFO] [DETAIL] 5721 エスクリプトエナジー: income_stmt=OK, balance_sheet=OK, cashflow=OK, dividends=OK
2026-10-02 07:03:45,121 [INFO] [TIME] 5721 エスクリプトエナジー 処理時間: 1.04s
2026-10-02 07:03:47,104 [DEBUG] [TIME] 5724 info: 0.17s
2026-10-02 07:03:47,104 [DEBUG] yfinance OK: 5724
2026-10-02 07:03:47,233 [DEBUG] [TIME] 5724 income_stmt: 0.13s
2026-10-02 07:03:47,504 [DEBUG] [TIME] 5724 balance_sheet: 0.27s
2026-10-02 07:03:47,790 [DEBUG] [TIME] 5724 cashflow: 0.29s
2026-10-02 07:03:47,999 [DEBUG] [TIME] 5724 dividends: 0.21s
2026-10-02 07:03:48,000 [INFO] [DETAIL] 5724 アサカ理研: income_stmt=OK, balance_sheet=OK, cashflow=OK, dividends=OK
2026-10-02 07:03:48,000 [INFO] [TIME] 5724 アサカ理研 処理時間: 1.06s
2026-10-02 07:03:49,414 [DEBUG] [TIME] 5726 info: 0.20s
2026-10-02 07:03:49,414 [DEBUG] yfinance OK: 5726
2026-10-02 07:03:49,589 [DEBUG] [TIME] 5726 income_stmt: 0.18s
2026-10-02 07:03:49,766 [DEBUG] [TIME] 5726 balance_sheet: 0.18s
2026-10-02 07:03:50,018 [DEBUG] [TIME] 5726 cashflow: 0.25s
2026-10-02 07:03:50,268 [DEBUG] [TIME] 5726 dividends: 0.25s
2026-10-02 07:03:50,269 [INFO] [DETAIL] 5726 大阪チタニウムテクノロジーズ: income_stmt=OK, balance_sheet=OK, cashflow=OK, dividends=OK
2026-10-02 07:03:50,269 [INFO] [TIME] 5726 大阪チタニウムテクノロジーズ 処理時間: 1.05s
2026-10-02 07:03:52,227 [DEBUG] [TIME] 5729 info: 0.16s
2026-10-02 07:03:52,227 [DEBUG] yfinance OK: 5729
2026-10-02 07:03:52,377 [DEBUG] [TIME] 5729 income_stmt: 0.15s
2026-10-02 07:03:52,647 [DEBUG] [TIME] 5729 balance_sheet: 0.27s
2026-10-02 07:03:52,850 [DEBUG] [TIME] 5729 cashflow: 0.20s
2026-10-02 07:03:53,143 [DEBUG] [TIME] 5729 dividends: 0.29s
2026-10-02 07:03:53,144 [INFO] [DETAIL] 5729 日本精鉱: income_stmt=OK, balance_sheet=OK, cashflow=OK, dividends=OK
2026-10-02 07:03:53,144 [INFO] [TIME] 5729 日本精鉱 処理時間: 1.08s
2026-10-02 07:03:54,386 [DEBUG] [TIME] 5741 info: 0.17s
2026-10-02 07:03:54,386 [DEBUG] yfinance OK: 5741
2026-10-02 07:03:54,521 [DEBUG] [TIME] 5741 income_stmt: 0.14s
2026-10-02 07:03:54,796 [DEBUG] [TIME] 5741 balance_sheet: 0.27s
2026-10-02 07:03:54,959 [DEBUG] [TIME] 5741 cashflow: 0.16s
2026-10-02 07:03:55,183 [DEBUG] [TIME] 5741 dividends: 0.22s
2026-10-02 07:03:55,184 [INFO] [DETAIL] 5741 ＵＡＣＪ: income_stmt=OK, balance_sheet=OK, cashflow=OK, dividends=OK
2026-10-02 07:03:55,184 [INFO] [TIME] 5741 ＵＡＣＪ 処理時間: 0.97s
2026-10-02 07:03:56,548 [DEBUG] [TIME] 5742 info: 0.19s
2026-10-02 07:03:56,548 [DEBUG] yfinance OK: 5742
2026-10-02 07:03:56,681 [DEBUG] [TIME] 5742 income_stmt: 0.13s
2026-10-02 07:03:57,002 [DEBUG] [TIME] 5742 balance_sheet: 0.32s
2026-10-02 07:03:57,138 [DEBUG] [TIME] 5742 cashflow: 0.14s
2026-10-02 07:03:57,365 [DEBUG] [TIME] 5742 dividends: 0.23s
2026-10-02 07:03:57,366 [INFO] [DETAIL] 5742 エヌアイシ・オートテック: income_stmt=OK, balance_sheet=OK, cashflow=OK, dividends=OK
2026-10-02 07:03:57,366 [INFO] [TIME] 5742 エヌアイシ・オートテック 処理時間: 1.01s
2026-10-02 07:03:59,331 [DEBUG] [TIME] 5753 info: 0.20s
2026-10-02 07:03:59,331 [DEBUG] yfinance OK: 5753
2026-10-02 07:03:59,450 [DEBUG] [TIME] 5753 income_stmt: 0.12s
2026-10-02 07:03:59,640 [DEBUG] [TIME] 5753 balance_sheet: 0.19s
2026-10-02 07:03:59,807 [DEBUG] [TIME] 5753 cashflow: 0.17s
2026-10-02 07:04:00,098 [DEBUG] [TIME] 5753 dividends: 0.29s
2026-10-02 07:04:00,099 [INFO] [DETAIL] 5753 日本伸銅: income_stmt=OK, balance_sheet=OK, cashflow=OK, dividends=OK
2026-10-02 07:04:00,099 [INFO] [TIME] 5753 日本伸銅 処理時間: 0.97s
2026-10-02 07:04:01,468 [DEBUG] [TIME] 5757 info: 0.19s
2026-10-02 07:04:01,468 [DEBUG] yfinance OK: 5757
2026-10-02 07:04:01,650 [DEBUG] [TIME] 5757 income_stmt: 0.18s
2026-10-02 07:04:01,923 [DEBUG] [TIME] 5757 balance_sheet: 0.27s
2026-10-02 07:04:02,184 [DEBUG] [TIME] 5757 cashflow: 0.26s
2026-10-02 07:04:02,370 [DEBUG] [TIME] 5757 dividends: 0.19s
2026-10-02 07:04:02,371 [INFO] [DETAIL] 5757 ＣＫサンエツ: income_stmt=OK, balance_sheet=OK, cashflow=OK, dividends=OK
2026-10-02 07:04:02,371 [INFO] [TIME] 5757 ＣＫサンエツ 処理時間: 1.10s
2026-10-02 07:04:03,582 [DEBUG] [TIME] 5801 info: 0.16s
2026-10-02 07:04:03,582 [DEBUG] yfinance OK: 5801
2026-10-02 07:04:03,792 [DEBUG] [TIME] 5801 income_stmt: 0.21s
2026-10-02 07:04:03,927 [DEBUG] [TIME] 5801 balance_sheet: 0.14s
2026-10-02 07:04:04,071 [DEBUG] [TIME] 5801 cashflow: 0.14s
2026-10-02 07:04:04,378 [DEBUG] [TIME] 5801 dividends: 0.31s
2026-10-02 07:04:04,379 [INFO] [DETAIL] 5801 古河電気工業: income_stmt=OK, balance_sheet=OK, cashflow=OK, dividends=OK
2026-10-02 07:04:04,380 [INFO] [TIME] 5801 古河電気工業 処理時間: 0.96s
2026-10-02 07:04:05,609 [DEBUG] [TIME] 5802 info: 0.16s
2026-10-02 07:04:05,609 [DEBUG] yfinance OK: 5802
2026-10-02 07:04:05,743 [DEBUG] [TIME] 5802 income_stmt: 0.13s
2026-10-02 07:04:05,900 [DEBUG] [TIME] 5802 balance_sheet: 0.16s
2026-10-02 07:04:06,060 [DEBUG] [TIME] 5802 cashflow: 0.16s
2026-10-02 07:04:06,322 [DEBUG] [TIME] 5802 dividends: 0.26s
2026-10-02 07:04:06,323 [INFO] [DETAIL] 5802 住友電気工業: income_stmt=OK, balance_sheet=OK, cashflow=OK, dividends=OK
2026-10-02 07:04:06,323 [INFO] [TIME] 5802 住友電気工業 処理時間: 0.87s
2026-10-02 07:04:07,569 [DEBUG] [TIME] 5803 info: 0.14s
2026-10-02 07:04:07,569 [DEBUG] yfinance OK: 5803
2026-10-02 07:04:07,773 [DEBUG] [TIME] 5803 income_stmt: 0.20s
2026-10-02 07:04:08,020 [DEBUG] [TIME] 5803 balance_sheet: 0.25s
2026-10-02 07:04:08,176 [DEBUG] [TIME] 5803 cashflow: 0.15s
2026-10-02 07:04:08,457 [DEBUG] [TIME] 5803 dividends: 0.28s
2026-10-02 07:04:08,458 [INFO] [DETAIL] 5803 フジクラ: income_stmt=OK, balance_sheet=OK, cashflow=OK, dividends=OK
2026-10-02 07:04:08,458 [INFO] [TIME] 5803 フジクラ 処理時間: 1.03s
2026-10-02 07:04:09,874 [DEBUG] [TIME] 5805 info: 0.15s
2026-10-02 07:04:09,874 [DEBUG] yfinance OK: 5805
2026-10-02 07:04:10,066 [DEBUG] [TIME] 5805 income_stmt: 0.19s
2026-10-02 07:04:10,247 [DEBUG] [TIME] 5805 balance_sheet: 0.18s
2026-10-02 07:04:10,492 [DEBUG] [TIME] 5805 cashflow: 0.24s
2026-10-02 07:04:10,798 [DEBUG] [TIME] 5805 dividends: 0.31s
2026-10-02 07:04:10,799 [INFO] [DETAIL] 5805 ＳＷＣＣ: income_stmt=OK, balance_sheet=OK, cashflow=OK, dividends=OK
2026-10-02 07:04:10,799 [INFO] [TIME] 5805 ＳＷＣＣ 処理時間: 1.08s
2026-10-02 07:04:12,185 [DEBUG] [TIME] 5816 info: 0.15s
2026-10-02 07:04:12,185 [DEBUG] yfinance OK: 5816
2026-10-02 07:04:12,412 [DEBUG] [TIME] 5816 income_stmt: 0.23s
2026-10-02 07:04:12,708 [DEBUG] [TIME] 5816 balance_sheet: 0.30s
2026-10-02 07:04:13,004 [DEBUG] [TIME] 5816 cashflow: 0.29s
2026-10-02 07:04:13,255 [DEBUG] [TIME] 5816 dividends: 0.25s
2026-10-02 07:04:13,256 [INFO] [DETAIL] 5816 オーナンバ: income_stmt=OK, balance_sheet=OK, cashflow=OK, dividends=OK
2026-10-02 07:04:13,256 [INFO] [TIME] 5816 オーナンバ 処理時間: 1.22s
2026-10-02 07:04:14,744 [DEBUG] [TIME] 5817 info: 0.19s
2026-10-02 07:04:14,744 [DEBUG] yfinance OK: 5817
2026-10-02 07:04:14,944 [DEBUG] [TIME] 5817 income_stmt: 0.20s
2026-10-02 07:04:15,210 [DEBUG] [TIME] 5817 balance_sheet: 0.26s
2026-10-02 07:04:15,441 [DEBUG] [TIME] 5817 cashflow: 0.23s
2026-10-02 07:04:15,692 [DEBUG] [TIME] 5817 dividends: 0.25s
2026-10-02 07:04:15,693 [INFO] [DETAIL] 5817 ＪＭＡＣＳ: income_stmt=OK, balance_sheet=OK, cashflow=OK, dividends=OK
2026-10-02 07:04:15,693 [INFO] [TIME] 5817 ＪＭＡＣＳ 処理時間: 1.14s
2026-10-02 07:04:17,217 [DEBUG] [TIME] 5819 info: 0.22s
2026-10-02 07:04:17,217 [DEBUG] yfinance OK: 5819
2026-10-02 07:04:17,354 [DEBUG] [TIME] 5819 income_stmt: 0.14s
2026-10-02 07:04:17,584 [DEBUG] [TIME] 5819 balance_sheet: 0.23s
2026-10-02 07:04:17,812 [DEBUG] [TIME] 5819 cashflow: 0.23s
2026-10-02 07:04:18,083 [DEBUG] [TIME] 5819 dividends: 0.27s
2026-10-02 07:04:18,084 [INFO] [DETAIL] 5819 カナレ電気: income_stmt=OK, balance_sheet=OK, cashflow=OK, dividends=OK
2026-10-02 07:04:18,084 [INFO] [TIME] 5819 カナレ電気 処理時間: 1.09s
2026-10-02 07:04:19,759 [DEBUG] [TIME] 5820 info: 0.17s
2026-10-02 07:04:19,759 [DEBUG] yfinance OK: 5820
2026-10-02 07:04:19,963 [DEBUG] [TIME] 5820 income_stmt: 0.20s
2026-10-02 07:04:20,167 [DEBUG] [TIME] 5820 balance_sheet: 0.20s
2026-10-02 07:04:20,396 [DEBUG] [TIME] 5820 cashflow: 0.23s
2026-10-02 07:04:20,671 [DEBUG] [TIME] 5820 dividends: 0.27s
2026-10-02 07:04:20,672 [INFO] [DETAIL] 5820 三ッ星: income_stmt=OK, balance_sheet=OK, cashflow=OK, dividends=OK
2026-10-02 07:04:20,672 [INFO] [TIME] 5820 三ッ星 処理時間: 1.09s
2026-10-02 07:04:22,353 [DEBUG] [TIME] 5821 info: 0.18s
2026-10-02 07:04:22,353 [DEBUG] yfinance OK: 5821
2026-10-02 07:04:22,545 [DEBUG] [TIME] 5821 income_stmt: 0.19s
2026-10-02 07:04:22,715 [DEBUG] [TIME] 5821 balance_sheet: 0.17s
2026-10-02 07:04:22,905 [DEBUG] [TIME] 5821 cashflow: 0.19s
2026-10-02 07:04:23,141 [DEBUG] [TIME] 5821 dividends: 0.24s
2026-10-02 07:04:23,142 [INFO] [DETAIL] 5821 平河ヒューテック: income_stmt=OK, balance_sheet=OK, cashflow=OK, dividends=OK
2026-10-02 07:04:23,142 [INFO] [TIME] 5821 平河ヒューテック 処理時間: 0.97s
2026-10-02 07:04:25,167 [DEBUG] [TIME] 5830 info: 0.18s
2026-10-02 07:04:25,167 [DEBUG] yfinance OK: 5830
2026-10-02 07:04:25,341 [DEBUG] [TIME] 5830 income_stmt: 0.17s
2026-10-02 07:04:25,595 [DEBUG] [TIME] 5830 balance_sheet: 0.25s
2026-10-02 07:04:25,778 [DEBUG] [TIME] 5830 cashflow: 0.18s
2026-10-02 07:04:25,883 [DEBUG] [TIME] 5830 dividends: 0.10s
2026-10-02 07:04:25,884 [INFO] [DETAIL] 5830 いよぎんホールディングス: income_stmt=OK, balance_sheet=OK, cashflow=OK, dividends=OK
2026-10-02 07:04:25,884 [INFO] [TIME] 5830 いよぎんホールディングス 処理時間: 0.90s
2026-10-02 07:04:27,509 [DEBUG] [TIME] 5831 info: 0.18s
2026-10-02 07:04:27,509 [DEBUG] yfinance OK: 5831
2026-10-02 07:04:27,701 [DEBUG] [TIME] 5831 income_stmt: 0.19s
2026-10-02 07:04:27,865 [DEBUG] [TIME] 5831 balance_sheet: 0.16s
2026-10-02 07:04:27,993 [DEBUG] [TIME] 5831 cashflow: 0.13s
2026-10-02 07:04:28,106 [DEBUG] [TIME] 5831 dividends: 0.11s
2026-10-02 07:04:28,107 [INFO] [DETAIL] 5831 しずおかフィナンシャルグループ: income_stmt=OK, balance_sheet=OK, cashflow=OK, dividends=OK
2026-10-02 07:04:28,107 [INFO] [TIME] 5831 しずおかフィナンシャルグループ 処理時間: 0.78s
2026-10-02 07:04:29,831 [DEBUG] [TIME] 5832 info: 0.18s
2026-10-02 07:04:29,831 [DEBUG] yfinance OK: 5832
2026-10-02 07:04:29,964 [DEBUG] [TIME] 5832 income_stmt: 0.13s
2026-10-02 07:04:30,151 [DEBUG] [TIME] 5832 balance_sheet: 0.19s
2026-10-02 07:04:30,392 [DEBUG] [TIME] 5832 cashflow: 0.24s
2026-10-02 07:04:30,565 [DEBUG] [TIME] 5832 dividends: 0.17s
2026-10-02 07:04:30,566 [INFO] [DETAIL] 5832 ちゅうぎんフィナンシャルグループ: income_stmt=OK, balance_sheet=OK, cashflow=OK, dividends=OK
2026-10-02 07:04:30,566 [INFO] [TIME] 5832 ちゅうぎんフィナンシャルグループ 処理時間: 0.91s
2026-10-02 07:04:32,755 [DEBUG] [TIME] 5834 info: 0.19s
2026-10-02 07:04:32,755 [DEBUG] yfinance OK: 5834
2026-10-02 07:04:32,940 [DEBUG] [TIME] 5834 income_stmt: 0.18s
2026-10-02 07:04:33,144 [DEBUG] [TIME] 5834 balance_sheet: 0.20s
2026-10-02 07:04:33,351 [DEBUG] [TIME] 5834 cashflow: 0.21s
2026-10-02 07:04:33,481 [DEBUG] [TIME] 5834 dividends: 0.13s
2026-10-02 07:04:33,482 [INFO] [DETAIL] 5834 ＳＢＩリーシングサービス: income_stmt=OK, balance_sheet=OK, cashflow=OK, dividends=OK
2026-10-02 07:04:33,482 [INFO] [TIME] 5834 ＳＢＩリーシングサービス 処理時間: 0.92s
2026-10-02 07:04:34,956 [DEBUG] [TIME] 5838 info: 0.14s
2026-10-02 07:04:34,956 [DEBUG] yfinance OK: 5838
2026-10-02 07:04:35,086 [DEBUG] [TIME] 5838 income_stmt: 0.13s
2026-10-02 07:04:35,214 [DEBUG] [TIME] 5838 balance_sheet: 0.13s
2026-10-02 07:04:35,466 [DEBUG] [TIME] 5838 cashflow: 0.25s
2026-10-02 07:04:35,616 [DEBUG] [TIME] 5838 dividends: 0.15s
2026-10-02 07:04:35,616 [INFO] [DETAIL] 5838 楽天銀行: income_stmt=OK, balance_sheet=OK, cashflow=OK, dividends=EMPTY
2026-10-02 07:04:35,617 [INFO] [TIME] 5838 楽天銀行 処理時間: 0.80s
2026-10-02 07:04:37,049 [DEBUG] [TIME] 5842 info: 0.21s
2026-10-02 07:04:37,049 [DEBUG] yfinance OK: 5842
2026-10-02 07:04:37,161 [DEBUG] [TIME] 5842 income_stmt: 0.11s
2026-10-02 07:04:37,329 [DEBUG] [TIME] 5842 balance_sheet: 0.17s
2026-10-02 07:04:37,519 [DEBUG] [TIME] 5842 cashflow: 0.19s
2026-10-02 07:04:37,620 [DEBUG] [TIME] 5842 dividends: 0.10s
2026-10-02 07:04:37,621 [INFO] [DETAIL] 5842 インテグラル: income_stmt=OK, balance_sheet=OK, cashflow=OK, dividends=OK
2026-10-02 07:04:37,621 [INFO] [TIME] 5842 インテグラル 処理時間: 0.78s
2026-10-02 07:04:39,388 [DEBUG] [TIME] 5843 info: 0.16s
2026-10-02 07:04:39,388 [DEBUG] yfinance OK: 5843
2026-10-02 07:04:39,523 [DEBUG] [TIME] 5843 income_stmt: 0.14s
2026-10-02 07:04:39,727 [DEBUG] [TIME] 5843 balance_sheet: 0.20s
2026-10-02 07:04:39,988 [DEBUG] [TIME] 5843 cashflow: 0.26s
2026-10-02 07:04:40,146 [DEBUG] [TIME] 5843 dividends: 0.16s
2026-10-02 07:04:40,147 [INFO] [DETAIL] 5843 ニッポンインシュア: income_stmt=OK, balance_sheet=OK, cashflow=OK, dividends=OK
2026-10-02 07:04:40,147 [INFO] [TIME] 5843 ニッポンインシュア 処理時間: 0.92s
2026-10-02 07:04:42,053 [DEBUG] [TIME] 5844 info: 0.18s
2026-10-02 07:04:42,053 [DEBUG] yfinance OK: 5844
2026-10-02 07:04:42,222 [DEBUG] [TIME] 5844 income_stmt: 0.17s
2026-10-02 07:04:42,474 [DEBUG] [TIME] 5844 balance_sheet: 0.25s
2026-10-02 07:04:42,723 [DEBUG] [TIME] 5844 cashflow: 0.25s
2026-10-02 07:04:42,990 [DEBUG] [TIME] 5844 dividends: 0.27s
2026-10-02 07:04:42,991 [INFO] [DETAIL] 5844 京都フィナンシャルグループ: income_stmt=OK, balance_sheet=OK, cashflow=OK, dividends=OK
2026-10-02 07:04:42,991 [INFO] [TIME] 5844 京都フィナンシャルグループ 処理時間: 1.12s
2026-10-02 07:04:45,046 [DEBUG] [TIME] 5845 info: 0.14s
2026-10-02 07:04:45,046 [DEBUG] yfinance OK: 5845
2026-10-02 07:04:45,187 [DEBUG] [TIME] 5845 income_stmt: 0.14s
2026-10-02 07:04:45,373 [DEBUG] [TIME] 5845 balance_sheet: 0.19s
2026-10-02 07:04:45,636 [DEBUG] [TIME] 5845 cashflow: 0.26s
2026-10-02 07:04:45,795 [DEBUG] [TIME] 5845 dividends: 0.16s
2026-10-02 07:04:45,796 [INFO] [DETAIL] 5845 全保連: income_stmt=OK, balance_sheet=OK, cashflow=OK, dividends=OK
2026-10-02 07:04:45,796 [INFO] [TIME] 5845 全保連 処理時間: 0.89s
2026-10-02 07:04:47,407 [DEBUG] [TIME] 5851 info: 0.15s
2026-10-02 07:04:47,407 [DEBUG] yfinance OK: 5851
2026-10-02 07:04:47,652 [DEBUG] [TIME] 5851 income_stmt: 0.24s
2026-10-02 07:04:47,824 [DEBUG] [TIME] 5851 balance_sheet: 0.17s
2026-10-02 07:04:47,954 [DEBUG] [TIME] 5851 cashflow: 0.13s
2026-10-02 07:04:48,222 [DEBUG] [TIME] 5851 dividends: 0.27s
2026-10-02 07:04:48,223 [INFO] [DETAIL] 5851 リョービ: income_stmt=OK, balance_sheet=OK, cashflow=OK, dividends=OK
2026-10-02 07:04:48,223 [INFO] [TIME] 5851 リョービ 処理時間: 0.96s
2026-10-02 07:04:50,044 [DEBUG] [TIME] 5852 info: 0.16s
2026-10-02 07:04:50,044 [DEBUG] yfinance OK: 5852
2026-10-02 07:04:50,182 [DEBUG] [TIME] 5852 income_stmt: 0.14s
2026-10-02 07:04:50,416 [DEBUG] [TIME] 5852 balance_sheet: 0.23s
2026-10-02 07:04:50,607 [DEBUG] [TIME] 5852 cashflow: 0.19s
2026-10-02 07:04:50,909 [DEBUG] [TIME] 5852 dividends: 0.30s
2026-10-02 07:04:50,910 [INFO] [DETAIL] 5852 アーレスティ: income_stmt=OK, balance_sheet=OK, cashflow=OK, dividends=OK
2026-10-02 07:04:50,910 [INFO] [TIME] 5852 アーレスティ 処理時間: 1.02s
2026-10-02 07:04:52,493 [DEBUG] [TIME] 5856 info: 0.31s
2026-10-02 07:04:52,493 [WARNING] yfinance データなし: 5856
2026-10-02 07:04:52,493 [INFO] [TIME] 5856 エルアイイーエイチ 処理時間: 0.31s
2026-10-02 07:04:54,452 [DEBUG] [TIME] 5857 info: 0.14s
2026-10-02 07:04:54,453 [DEBUG] yfinance OK: 5857
2026-10-02 07:04:54,580 [DEBUG] [TIME] 5857 income_stmt: 0.13s
2026-10-02 07:04:54,740 [DEBUG] [TIME] 5857 balance_sheet: 0.16s
2026-10-02 07:04:54,923 [DEBUG] [TIME] 5857 cashflow: 0.18s
2026-10-02 07:04:55,169 [DEBUG] [TIME] 5857 dividends: 0.24s
2026-10-02 07:04:55,170 [INFO] [DETAIL] 5857 ＡＲＥホールディングス: income_stmt=OK, balance_sheet=OK, cashflow=OK, dividends=OK
2026-10-02 07:04:55,170 [INFO] [TIME] 5857 ＡＲＥホールディングス 処理時間: 0.86s
2026-10-02 07:04:57,336 [DEBUG] [TIME] 5858 info: 0.17s
2026-10-02 07:04:57,336 [DEBUG] yfinance OK: 5858
2026-10-02 07:04:57,517 [DEBUG] [TIME] 5858 income_stmt: 0.18s
2026-10-02 07:04:57,680 [DEBUG] [TIME] 5858 balance_sheet: 0.16s
2026-10-02 07:04:57,833 [DEBUG] [TIME] 5858 cashflow: 0.15s
2026-10-02 07:04:58,021 [DEBUG] [TIME] 5858 dividends: 0.19s
2026-10-02 07:04:58,021 [INFO] [DETAIL] 5858 ＳＴＧ: income_stmt=OK, balance_sheet=OK, cashflow=OK, dividends=OK
2026-10-02 07:04:58,022 [INFO] [TIME] 5858 ＳＴＧ 処理時間: 0.86s
2026-10-02 07:05:00,125 [DEBUG] [TIME] 5867 info: 0.17s
2026-10-02 07:05:00,125 [DEBUG] yfinance OK: 5867
2026-10-02 07:05:00,278 [DEBUG] [TIME] 5867 income_stmt: 0.15s
2026-10-02 07:05:00,502 [DEBUG] [TIME] 5867 balance_sheet: 0.22s
2026-10-02 07:05:00,742 [DEBUG] [TIME] 5867 cashflow: 0.24s
2026-10-02 07:05:00,898 [DEBUG] [TIME] 5867 dividends: 0.15s
2026-10-02 07:05:00,898 [INFO] [DETAIL] 5867 エスネットワークス: income_stmt=OK, balance_sheet=OK, cashflow=OK, dividends=OK
2026-10-02 07:05:00,899 [INFO] [TIME] 5867 エスネットワークス 処理時間: 0.94s
2026-10-02 07:05:02,282 [DEBUG] [TIME] 5868 info: 0.15s
2026-10-02 07:05:02,283 [DEBUG] yfinance OK: 5868
2026-10-02 07:05:02,476 [DEBUG] [TIME] 5868 income_stmt: 0.19s
2026-10-02 07:05:02,728 [DEBUG] [TIME] 5868 balance_sheet: 0.25s
2026-10-02 07:05:02,872 [DEBUG] [TIME] 5868 cashflow: 0.14s
2026-10-02 07:05:02,964 [DEBUG] [TIME] 5868 dividends: 0.09s
2026-10-02 07:05:02,965 [INFO] [DETAIL] 5868 ロココ: income_stmt=OK, balance_sheet=OK, cashflow=OK, dividends=OK
2026-10-02 07:05:02,965 [INFO] [TIME] 5868 ロココ 処理時間: 0.83s
2026-10-02 07:05:04,894 [DEBUG] [TIME] 5869 info: 0.15s
2026-10-02 07:05:04,894 [DEBUG] yfinance OK: 5869
2026-10-02 07:05:05,094 [DEBUG] [TIME] 5869 income_stmt: 0.20s
2026-10-02 07:05:05,285 [DEBUG] [TIME] 5869 balance_sheet: 0.19s
2026-10-02 07:05:05,480 [DEBUG] [TIME] 5869 cashflow: 0.19s
2026-10-02 07:05:05,597 [DEBUG] [TIME] 5869 dividends: 0.12s
2026-10-02 07:05:05,598 [INFO] [DETAIL] 5869 早稲田学習研究会: income_stmt=OK, balance_sheet=OK, cashflow=OK, dividends=OK
2026-10-02 07:05:05,598 [INFO] [TIME] 5869 早稲田学習研究会 処理時間: 0.85s
2026-10-02 07:05:07,049 [DEBUG] [TIME] 5870 info: 0.19s
2026-10-02 07:05:07,049 [DEBUG] yfinance OK: 5870
2026-10-02 07:05:07,216 [DEBUG] [TIME] 5870 income_stmt: 0.17s
2026-10-02 07:05:07,413 [DEBUG] [TIME] 5870 balance_sheet: 0.20s
2026-10-02 07:05:07,631 [DEBUG] [TIME] 5870 cashflow: 0.22s
2026-10-02 07:05:07,745 [DEBUG] [TIME] 5870 dividends: 0.11s
2026-10-02 07:05:07,746 [INFO] [DETAIL] 5870 ナルネットコミュニケーションズ: income_stmt=OK, balance_sheet=OK, cashflow=OK, dividends=OK
2026-10-02 07:05:07,747 [INFO] [TIME] 5870 ナルネットコミュニケーションズ 処理時間: 0.89s
2026-10-02 07:05:08,943 [DEBUG] [TIME] 5871 info: 0.15s
2026-10-02 07:05:08,943 [DEBUG] yfinance OK: 5871
2026-10-02 07:05:09,072 [DEBUG] [TIME] 5871 income_stmt: 0.13s
2026-10-02 07:05:09,295 [DEBUG] [TIME] 5871 balance_sheet: 0.22s
2026-10-02 07:05:09,445 [DEBUG] [TIME] 5871 cashflow: 0.15s
2026-10-02 07:05:09,567 [DEBUG] [TIME] 5871 dividends: 0.12s
2026-10-02 07:05:09,568 [INFO] [DETAIL] 5871 ＳＯＬＩＺＥ　Ｈｏｌｄｉｎｇｓ: income_stmt=OK, balance_sheet=OK, cashflow=OK, dividends=OK
2026-10-02 07:05:09,568 [INFO] [TIME] 5871 ＳＯＬＩＺＥ　Ｈｏｌｄｉｎｇｓ 処理時間: 0.77s
2026-10-02 07:05:10,874 [DEBUG] [TIME] 5884 info: 0.15s
2026-10-02 07:05:10,875 [DEBUG] yfinance OK: 5884
2026-10-02 07:05:11,096 [DEBUG] [TIME] 5884 income_stmt: 0.22s
2026-10-02 07:05:11,344 [DEBUG] [TIME] 5884 balance_sheet: 0.25s
2026-10-02 07:05:11,527 [DEBUG] [TIME] 5884 cashflow: 0.18s
2026-10-02 07:05:11,637 [DEBUG] [TIME] 5884 dividends: 0.11s
2026-10-02 07:05:11,637 [INFO] [DETAIL] 5884 クラダシ: income_stmt=OK, balance_sheet=OK, cashflow=OK, dividends=EMPTY
2026-10-02 07:05:11,637 [INFO] [TIME] 5884 クラダシ 処理時間: 0.92s
2026-10-02 07:05:13,407 [DEBUG] [TIME] 5885 info: 0.15s
2026-10-02 07:05:13,407 [DEBUG] yfinance OK: 5885
2026-10-02 07:05:13,533 [DEBUG] [TIME] 5885 income_stmt: 0.13s
2026-10-02 07:05:13,819 [DEBUG] [TIME] 5885 balance_sheet: 0.28s
2026-10-02 07:05:14,071 [DEBUG] [TIME] 5885 cashflow: 0.25s
2026-10-02 07:05:14,238 [DEBUG] [TIME] 5885 dividends: 0.17s
2026-10-02 07:05:14,239 [INFO] [DETAIL] 5885 ジーデップ・アドバンス: income_stmt=OK, balance_sheet=OK, cashflow=OK, dividends=OK
2026-10-02 07:05:14,239 [INFO] [TIME] 5885 ジーデップ・アドバンス 処理時間: 0.98s
2026-10-02 07:05:16,047 [DEBUG] [TIME] 5888 info: 0.20s
2026-10-02 07:05:16,047 [DEBUG] yfinance OK: 5888
2026-10-02 07:05:16,298 [DEBUG] [TIME] 5888 income_stmt: 0.25s
2026-10-02 07:05:16,514 [DEBUG] [TIME] 5888 balance_sheet: 0.22s
2026-10-02 07:05:16,729 [DEBUG] [TIME] 5888 cashflow: 0.21s
2026-10-02 07:05:16,880 [DEBUG] [TIME] 5888 dividends: 0.15s
2026-10-02 07:05:16,881 [INFO] [DETAIL] 5888 ＤＡＩＷＡ　ＣＹＣＬＥ: income_stmt=OK, balance_sheet=OK, cashflow=OK, dividends=OK
2026-10-02 07:05:16,881 [INFO] [TIME] 5888 ＤＡＩＷＡ　ＣＹＣＬＥ 処理時間: 1.04s
2026-10-02 07:05:18,119 [DEBUG] [TIME] 5889 info: 0.20s
2026-10-02 07:05:18,119 [DEBUG] yfinance OK: 5889
2026-10-02 07:05:18,232 [DEBUG] [TIME] 5889 income_stmt: 0.11s
2026-10-02 07:05:18,386 [DEBUG] [TIME] 5889 balance_sheet: 0.15s
2026-10-02 07:05:18,630 [DEBUG] [TIME] 5889 cashflow: 0.24s
2026-10-02 07:05:18,792 [DEBUG] [TIME] 5889 dividends: 0.16s
2026-10-02 07:05:18,793 [INFO] [DETAIL] 5889 Ｊａｐａｎ　Ｅｙｅｗｅａｒ　Ｈｏｌｄｉｎｇｓ: income_stmt=OK, balance_sheet=OK, cashflow=OK, dividends=OK
2026-10-02 07:05:18,793 [INFO] [TIME] 5889 Ｊａｐａｎ　Ｅｙｅｗｅａｒ　Ｈｏｌｄｉｎｇｓ 処理時間: 0.87s
2026-10-02 07:05:20,846 [DEBUG] [TIME] 5891 info: 0.19s
2026-10-02 07:05:20,846 [DEBUG] yfinance OK: 5891
2026-10-02 07:05:21,023 [DEBUG] [TIME] 5891 income_stmt: 0.18s
2026-10-02 07:05:21,217 [DEBUG] [TIME] 5891 balance_sheet: 0.19s
2026-10-02 07:05:21,429 [DEBUG] [TIME] 5891 cashflow: 0.21s
2026-10-02 07:05:21,541 [DEBUG] [TIME] 5891 dividends: 0.11s
2026-10-02 07:05:21,542 [INFO] [DETAIL] 5891 魁力屋: income_stmt=OK, balance_sheet=OK, cashflow=OK, dividends=OK
2026-10-02 07:05:21,542 [INFO] [TIME] 5891 魁力屋 処理時間: 0.88s
2026-10-02 07:05:22,794 [DEBUG] [TIME] 5892 info: 0.16s
2026-10-02 07:05:22,794 [DEBUG] yfinance OK: 5892
2026-10-02 07:05:22,974 [DEBUG] [TIME] 5892 income_stmt: 0.18s
2026-10-02 07:05:23,142 [DEBUG] [TIME] 5892 balance_sheet: 0.17s
2026-10-02 07:05:23,328 [DEBUG] [TIME] 5892 cashflow: 0.19s
2026-10-02 07:05:23,443 [DEBUG] [TIME] 5892 dividends: 0.11s
2026-10-02 07:05:23,443 [INFO] [DETAIL] 5892 ｙｕｔｏｒｉ: income_stmt=OK, balance_sheet=OK, cashflow=OK, dividends=EMPTY
2026-10-02 07:05:23,443 [INFO] [TIME] 5892 ｙｕｔｏｒｉ 処理時間: 0.81s
2026-10-02 07:05:24,814 [DEBUG] [TIME] 5900 info: 0.21s
2026-10-02 07:05:24,814 [DEBUG] yfinance OK: 5900
2026-10-02 07:05:25,020 [DEBUG] [TIME] 5900 income_stmt: 0.21s
2026-10-02 07:05:25,222 [DEBUG] [TIME] 5900 balance_sheet: 0.20s
2026-10-02 07:05:25,469 [DEBUG] [TIME] 5900 cashflow: 0.25s
2026-10-02 07:05:25,719 [DEBUG] [TIME] 5900 dividends: 0.25s
2026-10-02 07:05:25,720 [INFO] [DETAIL] 5900 ダイケン: income_stmt=OK, balance_sheet=OK, cashflow=OK, dividends=OK
2026-10-02 07:05:25,720 [INFO] [TIME] 5900 ダイケン 処理時間: 1.12s
2026-10-02 07:05:27,525 [DEBUG] [TIME] 5901 info: 0.19s
2026-10-02 07:05:27,525 [DEBUG] yfinance OK: 5901
2026-10-02 07:05:27,732 [DEBUG] [TIME] 5901 income_stmt: 0.21s
2026-10-02 07:05:27,956 [DEBUG] [TIME] 5901 balance_sheet: 0.22s
2026-10-02 07:05:28,105 [DEBUG] [TIME] 5901 cashflow: 0.15s
2026-10-02 07:05:28,524 [DEBUG] [TIME] 5901 dividends: 0.42s
2026-10-02 07:05:28,525 [INFO] [DETAIL] 5901 東洋製罐グループホールディングス: income_stmt=OK, balance_sheet=OK, cashflow=OK, dividends=OK
2026-10-02 07:05:28,525 [INFO] [TIME] 5901 東洋製罐グループホールディングス 処理時間: 1.19s
2026-10-02 07:05:30,093 [DEBUG] [TIME] 5902 info: 0.15s
2026-10-02 07:05:30,093 [DEBUG] yfinance OK: 5902
2026-10-02 07:05:30,346 [DEBUG] [TIME] 5902 income_stmt: 0.25s
2026-10-02 07:05:30,492 [DEBUG] [TIME] 5902 balance_sheet: 0.15s
2026-10-02 07:05:30,718 [DEBUG] [TIME] 5902 cashflow: 0.22s
2026-10-02 07:05:30,996 [DEBUG] [TIME] 5902 dividends: 0.28s
2026-10-02 07:05:30,997 [INFO] [DETAIL] 5902 ホッカンホールディングス: income_stmt=OK, balance_sheet=OK, cashflow=OK, dividends=OK
2026-10-02 07:05:30,997 [INFO] [TIME] 5902 ホッカンホールディングス 処理時間: 1.06s
2026-10-02 07:05:33,165 [DEBUG] [TIME] 5903 info: 0.26s
2026-10-02 07:05:33,165 [WARNING] yfinance データなし: 5903
2026-10-02 07:05:33,165 [INFO] [TIME] 5903 シンポ 処理時間: 0.26s
2026-10-02 07:05:34,637 [DEBUG] [TIME] 5905 info: 0.18s
2026-10-02 07:05:34,638 [DEBUG] yfinance OK: 5905
2026-10-02 07:05:34,776 [DEBUG] [TIME] 5905 income_stmt: 0.14s
2026-10-02 07:05:35,113 [DEBUG] [TIME] 5905 balance_sheet: 0.34s
2026-10-02 07:05:35,247 [DEBUG] [TIME] 5905 cashflow: 0.13s
2026-10-02 07:05:35,543 [DEBUG] [TIME] 5905 dividends: 0.30s
2026-10-02 07:05:35,544 [INFO] [DETAIL] 5905 日本製罐: income_stmt=OK, balance_sheet=OK, cashflow=OK, dividends=OK
2026-10-02 07:05:35,544 [INFO] [TIME] 5905 日本製罐 処理時間: 1.08s
2026-10-02 07:05:37,686 [DEBUG] [TIME] 5906 info: 0.17s
2026-10-02 07:05:37,687 [DEBUG] yfinance OK: 5906
2026-10-02 07:05:37,906 [DEBUG] [TIME] 5906 income_stmt: 0.22s
2026-10-02 07:05:38,103 [DEBUG] [TIME] 5906 balance_sheet: 0.20s
2026-10-02 07:05:38,261 [DEBUG] [TIME] 5906 cashflow: 0.16s
2026-10-02 07:05:38,539 [DEBUG] [TIME] 5906 dividends: 0.28s
2026-10-02 07:05:38,540 [INFO] [DETAIL] 5906 エムケー精工: income_stmt=OK, balance_sheet=OK, cashflow=OK, dividends=OK
2026-10-02 07:05:38,540 [INFO] [TIME] 5906 エムケー精工 処理時間: 1.02s
2026-10-02 07:05:43,163 [DEBUG] [TIME] 5909 info: 3.29s
2026-10-02 07:05:43,163 [DEBUG] yfinance OK: 5909
2026-10-02 07:05:43,287 [DEBUG] [TIME] 5909 income_stmt: 0.12s
2026-10-02 07:05:43,404 [DEBUG] [TIME] 5909 balance_sheet: 0.12s
2026-10-02 07:05:43,549 [DEBUG] [TIME] 5909 cashflow: 0.14s
2026-10-02 07:05:43,814 [DEBUG] [TIME] 5909 dividends: 0.26s
2026-10-02 07:05:43,815 [INFO] [DETAIL] 5909 コロナ: income_stmt=OK, balance_sheet=OK, cashflow=OK, dividends=OK
2026-10-02 07:05:43,815 [INFO] [TIME] 5909 コロナ 処理時間: 3.94s
2026-10-02 07:05:45,882 [DEBUG] [TIME] 5911 info: 0.26s
2026-10-02 07:05:45,882 [DEBUG] yfinance OK: 5911
2026-10-02 07:05:46,020 [DEBUG] [TIME] 5911 income_stmt: 0.14s
2026-10-02 07:05:46,278 [DEBUG] [TIME] 5911 balance_sheet: 0.26s
2026-10-02 07:05:46,484 [DEBUG] [TIME] 5911 cashflow: 0.20s
2026-10-02 07:05:46,724 [DEBUG] [TIME] 5911 dividends: 0.24s
2026-10-02 07:05:46,725 [INFO] [DETAIL] 5911 横河ブリッジホールディングス: income_stmt=OK, balance_sheet=OK, cashflow=OK, dividends=OK
2026-10-02 07:05:46,726 [INFO] [TIME] 5911 横河ブリッジホールディングス 処理時間: 1.10s
2026-10-02 07:05:48,400 [DEBUG] [TIME] 5915 info: 0.18s
2026-10-02 07:05:48,400 [DEBUG] yfinance OK: 5915
2026-10-02 07:05:48,547 [DEBUG] [TIME] 5915 income_stmt: 0.15s
2026-10-02 07:05:48,862 [DEBUG] [TIME] 5915 balance_sheet: 0.31s
2026-10-02 07:05:48,982 [DEBUG] [TIME] 5915 cashflow: 0.12s
2026-10-02 07:05:49,254 [DEBUG] [TIME] 5915 dividends: 0.27s
2026-10-02 07:05:49,255 [INFO] [DETAIL] 5915 駒井ハルテック: income_stmt=OK, balance_sheet=OK, cashflow=OK, dividends=OK
2026-10-02 07:05:49,255 [INFO] [TIME] 5915 駒井ハルテック 処理時間: 1.03s
2026-10-02 07:05:50,875 [DEBUG] [TIME] 5918 info: 0.29s
2026-10-02 07:05:50,875 [DEBUG] yfinance OK: 5918
2026-10-02 07:05:51,005 [DEBUG] [TIME] 5918 income_stmt: 0.13s
2026-10-02 07:05:51,189 [DEBUG] [TIME] 5918 balance_sheet: 0.18s
2026-10-02 07:05:51,425 [DEBUG] [TIME] 5918 cashflow: 0.24s
2026-10-02 07:05:51,680 [DEBUG] [TIME] 5918 dividends: 0.25s
2026-10-02 07:05:51,681 [INFO] [DETAIL] 5918 瀧上工業: income_stmt=OK, balance_sheet=OK, cashflow=OK, dividends=OK
2026-10-02 07:05:51,681 [INFO] [TIME] 5918 瀧上工業 処理時間: 1.10s
2026-10-02 07:05:53,714 [DEBUG] [TIME] 5921 info: 0.16s
2026-10-02 07:05:53,714 [DEBUG] yfinance OK: 5921
2026-10-02 07:05:53,900 [DEBUG] [TIME] 5921 income_stmt: 0.19s
2026-10-02 07:05:54,114 [DEBUG] [TIME] 5921 balance_sheet: 0.21s
2026-10-02 07:05:54,334 [DEBUG] [TIME] 5921 cashflow: 0.22s
2026-10-02 07:05:54,595 [DEBUG] [TIME] 5921 dividends: 0.26s
2026-10-02 07:05:54,596 [INFO] [DETAIL] 5921 川岸工業: income_stmt=OK, balance_sheet=OK, cashflow=OK, dividends=OK
2026-10-02 07:05:54,596 [INFO] [TIME] 5921 川岸工業 処理時間: 1.04s
2026-10-02 07:05:56,401 [DEBUG] [TIME] 5922 info: 0.18s
2026-10-02 07:05:56,401 [DEBUG] yfinance OK: 5922
2026-10-02 07:05:56,599 [DEBUG] [TIME] 5922 income_stmt: 0.20s
2026-10-02 07:05:56,918 [DEBUG] [TIME] 5922 balance_sheet: 0.32s
2026-10-02 07:05:57,070 [DEBUG] [TIME] 5922 cashflow: 0.15s
2026-10-02 07:05:57,353 [DEBUG] [TIME] 5922 dividends: 0.28s
2026-10-02 07:05:57,354 [INFO] [DETAIL] 5922 那須電機鉄工: income_stmt=OK, balance_sheet=OK, cashflow=OK, dividends=OK
2026-10-02 07:05:57,354 [INFO] [TIME] 5922 那須電機鉄工 処理時間: 1.14s
2026-10-02 07:05:59,284 [DEBUG] [TIME] 5923 info: 0.14s
2026-10-02 07:05:59,284 [DEBUG] yfinance OK: 5923
2026-10-02 07:05:59,490 [DEBUG] [TIME] 5923 income_stmt: 0.21s
2026-10-02 07:05:59,785 [DEBUG] [TIME] 5923 balance_sheet: 0.29s
2026-10-02 07:05:59,991 [DEBUG] [TIME] 5923 cashflow: 0.21s
2026-10-02 07:06:00,311 [DEBUG] [TIME] 5923 dividends: 0.32s
2026-10-02 07:06:00,312 [INFO] [DETAIL] 5923 高田機工: income_stmt=OK, balance_sheet=OK, cashflow=OK, dividends=OK
2026-10-02 07:06:00,312 [INFO] [TIME] 5923 高田機工 処理時間: 1.17s
2026-10-02 07:06:02,112 [DEBUG] [TIME] 5928 info: 0.21s
2026-10-02 07:06:02,112 [DEBUG] yfinance OK: 5928
2026-10-02 07:06:02,247 [DEBUG] [TIME] 5928 income_stmt: 0.14s
2026-10-02 07:06:02,541 [DEBUG] [TIME] 5928 balance_sheet: 0.29s
2026-10-02 07:06:02,695 [DEBUG] [TIME] 5928 cashflow: 0.15s
2026-10-02 07:06:02,967 [DEBUG] [TIME] 5928 dividends: 0.27s
2026-10-02 07:06:02,968 [INFO] [DETAIL] 5928 アルメタックス: income_stmt=OK, balance_sheet=OK, cashflow=OK, dividends=OK
2026-10-02 07:06:02,968 [INFO] [TIME] 5928 アルメタックス 処理時間: 1.06s
2026-10-02 07:06:04,695 [DEBUG] [TIME] 5929 info: 0.19s
2026-10-02 07:06:04,695 [DEBUG] yfinance OK: 5929
2026-10-02 07:06:04,853 [DEBUG] [TIME] 5929 income_stmt: 0.16s
2026-10-02 07:06:05,004 [DEBUG] [TIME] 5929 balance_sheet: 0.15s
2026-10-02 07:06:05,138 [DEBUG] [TIME] 5929 cashflow: 0.13s
2026-10-02 07:06:05,450 [DEBUG] [TIME] 5929 dividends: 0.31s
2026-10-02 07:06:05,452 [INFO] [DETAIL] 5929 三和ホールディングス: income_stmt=OK, balance_sheet=OK, cashflow=OK, dividends=OK
2026-10-02 07:06:05,452 [INFO] [TIME] 5929 三和ホールディングス 処理時間: 0.95s
2026-10-02 07:06:06,664 [DEBUG] [TIME] 5930 info: 0.15s
2026-10-02 07:06:06,664 [DEBUG] yfinance OK: 5930
2026-10-02 07:06:06,813 [DEBUG] [TIME] 5930 income_stmt: 0.15s
2026-10-02 07:06:06,986 [DEBUG] [TIME] 5930 balance_sheet: 0.17s
2026-10-02 07:06:07,284 [DEBUG] [TIME] 5930 cashflow: 0.30s
2026-10-02 07:06:07,555 [DEBUG] [TIME] 5930 dividends: 0.27s
2026-10-02 07:06:07,556 [INFO] [DETAIL] 5930 文化シヤッター: income_stmt=OK, balance_sheet=OK, cashflow=OK, dividends=OK
2026-10-02 07:06:07,556 [INFO] [TIME] 5930 文化シヤッター 処理時間: 1.04s
2026-10-02 07:06:09,360 [DEBUG] [TIME] 5932 info: 0.17s
2026-10-02 07:06:09,360 [DEBUG] yfinance OK: 5932
2026-10-02 07:06:09,513 [DEBUG] [TIME] 5932 income_stmt: 0.15s
2026-10-02 07:06:09,788 [DEBUG] [TIME] 5932 balance_sheet: 0.27s
2026-10-02 07:06:09,943 [DEBUG] [TIME] 5932 cashflow: 0.15s
2026-10-02 07:06:10,142 [DEBUG] [TIME] 5932 dividends: 0.20s
2026-10-02 07:06:10,143 [INFO] [DETAIL] 5932 三協立山: income_stmt=OK, balance_sheet=OK, cashflow=OK, dividends=OK
2026-10-02 07:06:10,143 [INFO] [TIME] 5932 三協立山 処理時間: 0.96s
2026-10-02 07:06:11,628 [DEBUG] [TIME] 5933 info: 0.15s
2026-10-02 07:06:11,628 [DEBUG] yfinance OK: 5933
2026-10-02 07:06:11,790 [DEBUG] [TIME] 5933 income_stmt: 0.16s
2026-10-02 07:06:12,098 [DEBUG] [TIME] 5933 balance_sheet: 0.31s
2026-10-02 07:06:12,342 [DEBUG] [TIME] 5933 cashflow: 0.24s
2026-10-02 07:06:12,613 [DEBUG] [TIME] 5933 dividends: 0.27s
2026-10-02 07:06:12,614 [INFO] [DETAIL] 5933 アルインコ: income_stmt=OK, balance_sheet=OK, cashflow=OK, dividends=OK
2026-10-02 07:06:12,614 [INFO] [TIME] 5933 アルインコ 処理時間: 1.14s
2026-10-02 07:06:14,515 [DEBUG] [TIME] 5936 info: 0.18s
2026-10-02 07:06:14,515 [DEBUG] yfinance OK: 5936
2026-10-02 07:06:14,658 [DEBUG] [TIME] 5936 income_stmt: 0.14s
2026-10-02 07:06:14,821 [DEBUG] [TIME] 5936 balance_sheet: 0.16s
2026-10-02 07:06:15,057 [DEBUG] [TIME] 5936 cashflow: 0.23s
2026-10-02 07:06:15,333 [DEBUG] [TIME] 5936 dividends: 0.28s
2026-10-02 07:06:15,334 [INFO] [DETAIL] 5936 東洋シヤッター: income_stmt=OK, balance_sheet=OK, cashflow=OK, dividends=OK
2026-10-02 07:06:15,334 [INFO] [TIME] 5936 東洋シヤッター 処理時間: 0.99s
2026-10-02 07:06:16,687 [DEBUG] [TIME] 5938 info: 0.23s
2026-10-02 07:06:16,688 [DEBUG] yfinance OK: 5938
2026-10-02 07:06:16,863 [DEBUG] [TIME] 5938 income_stmt: 0.18s
2026-10-02 07:06:17,061 [DEBUG] [TIME] 5938 balance_sheet: 0.20s
2026-10-02 07:06:17,312 [DEBUG] [TIME] 5938 cashflow: 0.25s
2026-10-02 07:06:17,662 [DEBUG] [TIME] 5938 dividends: 0.35s
2026-10-02 07:06:17,663 [INFO] [DETAIL] 5938 ＬＩＸＩＬ: income_stmt=OK, balance_sheet=OK, cashflow=OK, dividends=OK
2026-10-02 07:06:17,663 [INFO] [TIME] 5938 ＬＩＸＩＬ 処理時間: 1.21s
2026-10-02 07:06:19,245 [DEBUG] [TIME] 5939 info: 0.14s
2026-10-02 07:06:19,246 [DEBUG] yfinance OK: 5939
2026-10-02 07:06:19,393 [DEBUG] [TIME] 5939 income_stmt: 0.15s
2026-10-02 07:06:19,683 [DEBUG] [TIME] 5939 balance_sheet: 0.29s
2026-10-02 07:06:19,882 [DEBUG] [TIME] 5939 cashflow: 0.20s
2026-10-02 07:06:20,120 [DEBUG] [TIME] 5939 dividends: 0.24s
2026-10-02 07:06:20,121 [INFO] [DETAIL] 5939 大谷工業: income_stmt=OK, balance_sheet=OK, cashflow=OK, dividends=OK
2026-10-02 07:06:20,121 [INFO] [TIME] 5939 大谷工業 処理時間: 1.02s
2026-10-02 07:06:22,157 [DEBUG] [TIME] 5940 info: 0.14s
2026-10-02 07:06:22,157 [DEBUG] yfinance OK: 5940
2026-10-02 07:06:22,341 [DEBUG] [TIME] 5940 income_stmt: 0.18s
2026-10-02 07:06:22,457 [DEBUG] [TIME] 5940 balance_sheet: 0.12s
2026-10-02 07:06:22,611 [DEBUG] [TIME] 5940 cashflow: 0.15s
2026-10-02 07:06:22,876 [DEBUG] [TIME] 5940 dividends: 0.26s
2026-10-02 07:06:22,877 [INFO] [DETAIL] 5940 不二サッシ: income_stmt=OK, balance_sheet=OK, cashflow=OK, dividends=OK
2026-10-02 07:06:22,877 [INFO] [TIME] 5940 不二サッシ 処理時間: 0.86s
2026-10-02 07:06:24,112 [DEBUG] [TIME] 5941 info: 0.14s
2026-10-02 07:06:24,112 [DEBUG] yfinance OK: 5941
2026-10-02 07:06:24,297 [DEBUG] [TIME] 5941 income_stmt: 0.18s
2026-10-02 07:06:24,490 [DEBUG] [TIME] 5941 balance_sheet: 0.19s
2026-10-02 07:06:24,647 [DEBUG] [TIME] 5941 cashflow: 0.16s
2026-10-02 07:06:24,996 [DEBUG] [TIME] 5941 dividends: 0.35s
2026-10-02 07:06:24,997 [INFO] [DETAIL] 5941 中西製作所: income_stmt=OK, balance_sheet=OK, cashflow=OK, dividends=OK
2026-10-02 07:06:24,997 [INFO] [TIME] 5941 中西製作所 処理時間: 1.03s
2026-10-02 07:06:26,459 [DEBUG] [TIME] 5942 info: 0.18s
2026-10-02 07:06:26,459 [DEBUG] yfinance OK: 5942
2026-10-02 07:06:26,636 [DEBUG] [TIME] 5942 income_stmt: 0.18s
2026-10-02 07:06:26,807 [DEBUG] [TIME] 5942 balance_sheet: 0.17s
2026-10-02 07:06:26,954 [DEBUG] [TIME] 5942 cashflow: 0.15s
2026-10-02 07:06:27,269 [DEBUG] [TIME] 5942 dividends: 0.31s
2026-10-02 07:06:27,270 [INFO] [DETAIL] 5942 日本フイルコン: income_stmt=OK, balance_sheet=OK, cashflow=OK, dividends=OK
2026-10-02 07:06:27,270 [INFO] [TIME] 5942 日本フイルコン 処理時間: 0.99s
2026-10-02 07:06:29,297 [DEBUG] [TIME] 5943 info: 0.14s
2026-10-02 07:06:29,297 [DEBUG] yfinance OK: 5943
2026-10-02 07:06:29,450 [DEBUG] [TIME] 5943 income_stmt: 0.15s
2026-10-02 07:06:29,610 [DEBUG] [TIME] 5943 balance_sheet: 0.16s
2026-10-02 07:06:29,767 [DEBUG] [TIME] 5943 cashflow: 0.16s
2026-10-02 07:06:30,039 [DEBUG] [TIME] 5943 dividends: 0.27s
2026-10-02 07:06:30,040 [INFO] [DETAIL] 5943 ノーリツ: income_stmt=OK, balance_sheet=OK, cashflow=OK, dividends=OK
2026-10-02 07:06:30,040 [INFO] [TIME] 5943 ノーリツ 処理時間: 0.89s
2026-10-02 07:06:31,402 [DEBUG] [TIME] 5945 info: 0.15s
2026-10-02 07:06:31,402 [DEBUG] yfinance OK: 5945
2026-10-02 07:06:31,589 [DEBUG] [TIME] 5945 income_stmt: 0.19s
2026-10-02 07:06:31,743 [DEBUG] [TIME] 5945 balance_sheet: 0.15s
2026-10-02 07:06:31,932 [DEBUG] [TIME] 5945 cashflow: 0.19s
2026-10-02 07:06:32,202 [DEBUG] [TIME] 5945 dividends: 0.27s
2026-10-02 07:06:32,203 [INFO] [DETAIL] 5945 天龍製鋸: income_stmt=OK, balance_sheet=OK, cashflow=OK, dividends=OK
2026-10-02 07:06:32,204 [INFO] [TIME] 5945 天龍製鋸 処理時間: 0.95s
2026-10-02 07:06:33,760 [DEBUG] [TIME] 5946 info: 0.19s
2026-10-02 07:06:33,760 [DEBUG] yfinance OK: 5946
2026-10-02 07:06:33,981 [DEBUG] [TIME] 5946 income_stmt: 0.22s
2026-10-02 07:06:34,249 [DEBUG] [TIME] 5946 balance_sheet: 0.27s
2026-10-02 07:06:34,531 [DEBUG] [TIME] 5946 cashflow: 0.28s
2026-10-02 07:06:34,816 [DEBUG] [TIME] 5946 dividends: 0.28s
2026-10-02 07:06:34,817 [INFO] [DETAIL] 5946 長府製作所: income_stmt=OK, balance_sheet=OK, cashflow=OK, dividends=OK
2026-10-02 07:06:34,817 [INFO] [TIME] 5946 長府製作所 処理時間: 1.25s
2026-10-02 07:06:36,799 [DEBUG] [TIME] 5947 info: 0.14s
2026-10-02 07:06:36,799 [DEBUG] yfinance OK: 5947
2026-10-02 07:06:37,047 [DEBUG] [TIME] 5947 income_stmt: 0.25s
2026-10-02 07:06:37,268 [DEBUG] [TIME] 5947 balance_sheet: 0.22s
2026-10-02 07:06:37,461 [DEBUG] [TIME] 5947 cashflow: 0.19s
2026-10-02 07:06:37,739 [DEBUG] [TIME] 5947 dividends: 0.28s
2026-10-02 07:06:37,740 [INFO] [DETAIL] 5947 リンナイ: income_stmt=OK, balance_sheet=OK, cashflow=OK, dividends=OK
2026-10-02 07:06:37,740 [INFO] [TIME] 5947 リンナイ 処理時間: 1.08s
2026-10-02 07:06:39,523 [DEBUG] [TIME] 5949 info: 0.23s
2026-10-02 07:06:39,523 [DEBUG] yfinance OK: 5949
2026-10-02 07:06:39,691 [DEBUG] [TIME] 5949 income_stmt: 0.17s
2026-10-02 07:06:39,942 [DEBUG] [TIME] 5949 balance_sheet: 0.25s
2026-10-02 07:06:40,174 [DEBUG] [TIME] 5949 cashflow: 0.23s
2026-10-02 07:06:40,469 [DEBUG] [TIME] 5949 dividends: 0.29s
2026-10-02 07:06:40,470 [INFO] [DETAIL] 5949 ユニプレス: income_stmt=OK, balance_sheet=OK, cashflow=OK, dividends=OK
2026-10-02 07:06:40,470 [INFO] [TIME] 5949 ユニプレス 処理時間: 1.18s
2026-10-02 07:06:42,370 [DEBUG] [TIME] 5950 info: 0.15s
2026-10-02 07:06:42,370 [DEBUG] yfinance OK: 5950
2026-10-02 07:06:42,571 [DEBUG] [TIME] 5950 income_stmt: 0.20s
2026-10-02 07:06:42,781 [DEBUG] [TIME] 5950 balance_sheet: 0.21s
2026-10-02 07:06:42,955 [DEBUG] [TIME] 5950 cashflow: 0.17s
2026-10-02 07:06:43,273 [DEBUG] [TIME] 5950 dividends: 0.32s
2026-10-02 07:06:43,274 [INFO] [DETAIL] 5950 日本パワーファスニング: income_stmt=OK, balance_sheet=OK, cashflow=OK, dividends=OK
2026-10-02 07:06:43,274 [INFO] [TIME] 5950 日本パワーファスニング 処理時間: 1.05s
2026-10-02 07:06:45,053 [DEBUG] [TIME] 5951 info: 0.22s
2026-10-02 07:06:45,053 [DEBUG] yfinance OK: 5951
2026-10-02 07:06:45,262 [DEBUG] [TIME] 5951 income_stmt: 0.21s
2026-10-02 07:06:45,451 [DEBUG] [TIME] 5951 balance_sheet: 0.19s
2026-10-02 07:06:45,675 [DEBUG] [TIME] 5951 cashflow: 0.22s
2026-10-02 07:06:45,968 [DEBUG] [TIME] 5951 dividends: 0.29s
2026-10-02 07:06:45,969 [INFO] [DETAIL] 5951 ダイニチ工業: income_stmt=OK, balance_sheet=OK, cashflow=OK, dividends=OK
2026-10-02 07:06:45,970 [INFO] [TIME] 5951 ダイニチ工業 処理時間: 1.14s
2026-10-02 07:06:48,101 [DEBUG] [TIME] 5952 info: 0.21s
2026-10-02 07:06:48,101 [DEBUG] yfinance OK: 5952
2026-10-02 07:06:48,283 [DEBUG] [TIME] 5952 income_stmt: 0.18s
2026-10-02 07:06:48,561 [DEBUG] [TIME] 5952 balance_sheet: 0.28s
2026-10-02 07:06:48,768 [DEBUG] [TIME] 5952 cashflow: 0.21s
2026-10-02 07:06:49,099 [DEBUG] [TIME] 5952 dividends: 0.33s
2026-10-02 07:06:49,100 [INFO] [DETAIL] 5952 アマテイ: income_stmt=OK, balance_sheet=OK, cashflow=OK, dividends=OK
2026-10-02 07:06:49,100 [INFO] [TIME] 5952 アマテイ 処理時間: 1.21s
2026-10-02 07:06:50,363 [DEBUG] [TIME] 5955 info: 0.18s
2026-10-02 07:06:50,364 [DEBUG] yfinance OK: 5955
2026-10-02 07:06:50,514 [DEBUG] [TIME] 5955 income_stmt: 0.15s
2026-10-02 07:06:50,708 [DEBUG] [TIME] 5955 balance_sheet: 0.19s
2026-10-02 07:06:50,879 [DEBUG] [TIME] 5955 cashflow: 0.17s
2026-10-02 07:06:51,158 [DEBUG] [TIME] 5955 dividends: 0.28s
2026-10-02 07:06:51,159 [INFO] [DETAIL] 5955 ワイズホールディングス: income_stmt=OK, balance_sheet=OK, cashflow=OK, dividends=OK
2026-10-02 07:06:51,159 [INFO] [TIME] 5955 ワイズホールディングス 処理時間: 0.98s
2026-10-02 07:06:53,183 [DEBUG] [TIME] 5956 info: 0.14s
2026-10-02 07:06:53,183 [DEBUG] yfinance OK: 5956
2026-10-02 07:06:53,359 [DEBUG] [TIME] 5956 income_stmt: 0.18s
2026-10-02 07:06:53,529 [DEBUG] [TIME] 5956 balance_sheet: 0.17s
2026-10-02 07:06:53,659 [DEBUG] [TIME] 5956 cashflow: 0.13s
2026-10-02 07:06:53,946 [DEBUG] [TIME] 5956 dividends: 0.29s
2026-10-02 07:06:53,947 [INFO] [DETAIL] 5956 トーソー: income_stmt=OK, balance_sheet=OK, cashflow=OK, dividends=OK
2026-10-02 07:06:53,947 [INFO] [TIME] 5956 トーソー 処理時間: 0.90s
2026-10-02 07:06:55,934 [DEBUG] [TIME] 5957 info: 0.16s
2026-10-02 07:06:55,934 [DEBUG] yfinance OK: 5957
2026-10-02 07:06:56,080 [DEBUG] [TIME] 5957 income_stmt: 0.15s
2026-10-02 07:06:56,259 [DEBUG] [TIME] 5957 balance_sheet: 0.18s
2026-10-02 07:06:56,393 [DEBUG] [TIME] 5957 cashflow: 0.13s
2026-10-02 07:06:56,647 [DEBUG] [TIME] 5957 dividends: 0.25s
2026-10-02 07:06:56,648 [INFO] [DETAIL] 5957 日東精工: income_stmt=OK, balance_sheet=OK, cashflow=OK, dividends=OK
2026-10-02 07:06:56,648 [INFO] [TIME] 5957 日東精工 処理時間: 0.87s
2026-10-02 07:06:58,311 [DEBUG] [TIME] 5958 info: 0.14s
2026-10-02 07:06:58,311 [DEBUG] yfinance OK: 5958
2026-10-02 07:06:58,520 [DEBUG] [TIME] 5958 income_stmt: 0.21s
2026-10-02 07:06:58,675 [DEBUG] [TIME] 5958 balance_sheet: 0.15s
2026-10-02 07:06:58,921 [DEBUG] [TIME] 5958 cashflow: 0.25s
2026-10-02 07:06:59,183 [DEBUG] [TIME] 5958 dividends: 0.26s
2026-10-02 07:06:59,185 [INFO] [DETAIL] 5958 三洋工業: income_stmt=OK, balance_sheet=OK, cashflow=OK, dividends=OK
2026-10-02 07:06:59,185 [INFO] [TIME] 5958 三洋工業 処理時間: 1.02s
2026-10-02 07:07:00,620 [DEBUG] [TIME] 5959 info: 0.18s
2026-10-02 07:07:00,621 [DEBUG] yfinance OK: 5959
2026-10-02 07:07:00,742 [DEBUG] [TIME] 5959 income_stmt: 0.12s
2026-10-02 07:07:01,051 [DEBUG] [TIME] 5959 balance_sheet: 0.31s
2026-10-02 07:07:01,244 [DEBUG] [TIME] 5959 cashflow: 0.19s
2026-10-02 07:07:01,506 [DEBUG] [TIME] 5959 dividends: 0.26s
2026-10-02 07:07:01,507 [INFO] [DETAIL] 5959 岡部: income_stmt=OK, balance_sheet=OK, cashflow=OK, dividends=OK
2026-10-02 07:07:01,507 [INFO] [TIME] 5959 岡部 処理時間: 1.07s
2026-10-02 07:07:03,620 [DEBUG] [TIME] 5962 info: 0.21s
2026-10-02 07:07:03,620 [DEBUG] yfinance OK: 5962
2026-10-02 07:07:03,761 [DEBUG] [TIME] 5962 income_stmt: 0.14s
2026-10-02 07:07:03,965 [DEBUG] [TIME] 5962 balance_sheet: 0.20s
2026-10-02 07:07:04,100 [DEBUG] [TIME] 5962 cashflow: 0.13s
2026-10-02 07:07:04,404 [DEBUG] [TIME] 5962 dividends: 0.30s
2026-10-02 07:07:04,405 [INFO] [DETAIL] 5962 浅香工業: income_stmt=OK, balance_sheet=OK, cashflow=OK, dividends=OK
2026-10-02 07:07:04,405 [INFO] [TIME] 5962 浅香工業 処理時間: 0.99s
2026-10-02 07:07:06,149 [DEBUG] [TIME] 5965 info: 0.17s
2026-10-02 07:07:06,149 [DEBUG] yfinance OK: 5965
2026-10-02 07:07:06,304 [DEBUG] [TIME] 5965 income_stmt: 0.16s
2026-10-02 07:07:06,506 [DEBUG] [TIME] 5965 balance_sheet: 0.20s
2026-10-02 07:07:06,657 [DEBUG] [TIME] 5965 cashflow: 0.15s
2026-10-02 07:07:06,918 [DEBUG] [TIME] 5965 dividends: 0.26s
2026-10-02 07:07:06,919 [INFO] [DETAIL] 5965 フジマック: income_stmt=OK, balance_sheet=OK, cashflow=OK, dividends=OK
2026-10-02 07:07:06,919 [INFO] [TIME] 5965 フジマック 処理時間: 0.95s
2026-10-02 07:07:08,294 [DEBUG] [TIME] 5966 info: 0.17s
2026-10-02 07:07:08,294 [DEBUG] yfinance OK: 5966
2026-10-02 07:07:08,473 [DEBUG] [TIME] 5966 income_stmt: 0.18s
2026-10-02 07:07:08,621 [DEBUG] [TIME] 5966 balance_sheet: 0.15s
2026-10-02 07:07:08,804 [DEBUG] [TIME] 5966 cashflow: 0.18s
2026-10-02 07:07:09,120 [DEBUG] [TIME] 5966 dividends: 0.32s
2026-10-02 07:07:09,121 [INFO] [DETAIL] 5966 京都機械工具: income_stmt=OK, balance_sheet=OK, cashflow=OK, dividends=OK
2026-10-02 07:07:09,121 [INFO] [TIME] 5966 京都機械工具 処理時間: 1.00s
2026-10-02 07:07:10,478 [DEBUG] [TIME] 5967 info: 0.16s
2026-10-02 07:07:10,478 [DEBUG] yfinance OK: 5967
2026-10-02 07:07:10,710 [DEBUG] [TIME] 5967 income_stmt: 0.23s
2026-10-02 07:07:10,950 [DEBUG] [TIME] 5967 balance_sheet: 0.24s
2026-10-02 07:07:11,171 [DEBUG] [TIME] 5967 cashflow: 0.22s
2026-10-02 07:07:11,414 [DEBUG] [TIME] 5967 dividends: 0.24s
2026-10-02 07:07:11,415 [INFO] [DETAIL] 5967 ＴＯＮＥ: income_stmt=OK, balance_sheet=OK, cashflow=OK, dividends=OK
2026-10-02 07:07:11,415 [INFO] [TIME] 5967 ＴＯＮＥ 処理時間: 1.10s
2026-10-02 07:07:12,658 [DEBUG] [TIME] 5969 info: 0.18s
2026-10-02 07:07:12,658 [DEBUG] yfinance OK: 5969
2026-10-02 07:07:12,889 [DEBUG] [TIME] 5969 income_stmt: 0.23s
2026-10-02 07:07:13,122 [DEBUG] [TIME] 5969 balance_sheet: 0.23s
2026-10-02 07:07:13,346 [DEBUG] [TIME] 5969 cashflow: 0.22s
2026-10-02 07:07:13,639 [DEBUG] [TIME] 5969 dividends: 0.29s
2026-10-02 07:07:13,640 [INFO] [DETAIL] 5969 ロブテックス: income_stmt=OK, balance_sheet=OK, cashflow=OK, dividends=OK
2026-10-02 07:07:13,640 [INFO] [TIME] 5969 ロブテックス 処理時間: 1.16s
2026-10-02 07:07:15,763 [DEBUG] [TIME] 5970 info: 0.29s
2026-10-02 07:07:15,763 [DEBUG] yfinance OK: 5970
2026-10-02 07:07:15,960 [DEBUG] [TIME] 5970 income_stmt: 0.20s
2026-10-02 07:07:16,170 [DEBUG] [TIME] 5970 balance_sheet: 0.21s
2026-10-02 07:07:16,304 [DEBUG] [TIME] 5970 cashflow: 0.13s
2026-10-02 07:07:16,594 [DEBUG] [TIME] 5970 dividends: 0.29s
2026-10-02 07:07:16,595 [INFO] [DETAIL] 5970 ジーテクト: income_stmt=OK, balance_sheet=OK, cashflow=OK, dividends=OK
2026-10-02 07:07:16,595 [INFO] [TIME] 5970 ジーテクト 処理時間: 1.12s
2026-10-02 07:07:17,933 [DEBUG] [TIME] 5971 info: 0.17s
2026-10-02 07:07:17,933 [DEBUG] yfinance OK: 5971
2026-10-02 07:07:18,130 [DEBUG] [TIME] 5971 income_stmt: 0.20s
2026-10-02 07:07:18,391 [DEBUG] [TIME] 5971 balance_sheet: 0.26s
2026-10-02 07:07:18,577 [DEBUG] [TIME] 5971 cashflow: 0.19s
2026-10-02 07:07:18,827 [DEBUG] [TIME] 5971 dividends: 0.25s
2026-10-02 07:07:18,827 [INFO] [DETAIL] 5971 共和工業所: income_stmt=OK, balance_sheet=OK, cashflow=OK, dividends=OK
2026-10-02 07:07:18,828 [INFO] [TIME] 5971 共和工業所 処理時間: 1.07s
2026-10-02 07:07:20,089 [DEBUG] [TIME] 5973 info: 0.16s
2026-10-02 07:07:20,090 [DEBUG] yfinance OK: 5973
2026-10-02 07:07:20,226 [DEBUG] [TIME] 5973 income_stmt: 0.14s
2026-10-02 07:07:20,461 [DEBUG] [TIME] 5973 balance_sheet: 0.23s
2026-10-02 07:07:20,626 [DEBUG] [TIME] 5973 cashflow: 0.16s
2026-10-02 07:07:20,902 [DEBUG] [TIME] 5973 dividends: 0.28s
2026-10-02 07:07:20,903 [INFO] [DETAIL] 5973 トーアミ: income_stmt=OK, balance_sheet=OK, cashflow=OK, dividends=OK
2026-10-02 07:07:20,903 [INFO] [TIME] 5973 トーアミ 処理時間: 0.98s
2026-10-02 07:07:23,028 [DEBUG] [TIME] 5974 info: 0.18s
2026-10-02 07:07:23,028 [DEBUG] yfinance OK: 5974
2026-10-02 07:07:23,256 [DEBUG] [TIME] 5974 income_stmt: 0.23s
2026-10-02 07:07:23,525 [DEBUG] [TIME] 5974 balance_sheet: 0.27s
2026-10-02 07:07:23,801 [DEBUG] [TIME] 5974 cashflow: 0.28s
2026-10-02 07:07:24,093 [DEBUG] [TIME] 5974 dividends: 0.29s
2026-10-02 07:07:24,094 [INFO] [DETAIL] 5974 中国工業: income_stmt=OK, balance_sheet=OK, cashflow=OK, dividends=OK
2026-10-02 07:07:24,094 [INFO] [TIME] 5974 中国工業 処理時間: 1.25s
2026-10-02 07:07:26,042 [DEBUG] [TIME] 5975 info: 0.18s
2026-10-02 07:07:26,042 [DEBUG] yfinance OK: 5975
2026-10-02 07:07:26,187 [DEBUG] [TIME] 5975 income_stmt: 0.14s
2026-10-02 07:07:26,490 [DEBUG] [TIME] 5975 balance_sheet: 0.30s
2026-10-02 07:07:26,648 [DEBUG] [TIME] 5975 cashflow: 0.16s
2026-10-02 07:07:26,934 [DEBUG] [TIME] 5975 dividends: 0.29s
2026-10-02 07:07:26,935 [INFO] [DETAIL] 5975 東プレ: income_stmt=OK, balance_sheet=OK, cashflow=OK, dividends=OK
2026-10-02 07:07:26,935 [INFO] [TIME] 5975 東プレ 処理時間: 1.07s
2026-10-02 07:07:28,650 [DEBUG] [TIME] 5976 info: 0.21s
2026-10-02 07:07:28,650 [DEBUG] yfinance OK: 5976
2026-10-02 07:07:28,818 [DEBUG] [TIME] 5976 income_stmt: 0.17s
2026-10-02 07:07:29,041 [DEBUG] [TIME] 5976 balance_sheet: 0.22s
2026-10-02 07:07:29,311 [DEBUG] [TIME] 5976 cashflow: 0.27s
2026-10-02 07:07:29,611 [DEBUG] [TIME] 5976 dividends: 0.30s
2026-10-02 07:07:29,613 [INFO] [DETAIL] 5976 高周波熱錬: income_stmt=OK, balance_sheet=OK, cashflow=OK, dividends=OK
2026-10-02 07:07:29,613 [INFO] [TIME] 5976 高周波熱錬 処理時間: 1.18s
2026-10-02 07:07:31,043 [DEBUG] [TIME] 5981 info: 0.17s
2026-10-02 07:07:31,043 [DEBUG] yfinance OK: 5981
2026-10-02 07:07:31,239 [DEBUG] [TIME] 5981 income_stmt: 0.20s
2026-10-02 07:07:31,515 [DEBUG] [TIME] 5981 balance_sheet: 0.28s
2026-10-02 07:07:31,782 [DEBUG] [TIME] 5981 cashflow: 0.27s
2026-10-02 07:07:32,046 [DEBUG] [TIME] 5981 dividends: 0.26s
2026-10-02 07:07:32,047 [INFO] [DETAIL] 5981 東京製綱: income_stmt=OK, balance_sheet=OK, cashflow=OK, dividends=OK
2026-10-02 07:07:32,047 [INFO] [TIME] 5981 東京製綱 処理時間: 1.18s
2026-10-02 07:07:33,375 [DEBUG] [TIME] 5982 info: 0.14s
2026-10-02 07:07:33,375 [DEBUG] yfinance OK: 5982
2026-10-02 07:07:33,577 [DEBUG] [TIME] 5982 income_stmt: 0.20s
2026-10-02 07:07:33,821 [DEBUG] [TIME] 5982 balance_sheet: 0.24s
2026-10-02 07:07:33,970 [DEBUG] [TIME] 5982 cashflow: 0.15s
2026-10-02 07:07:34,266 [DEBUG] [TIME] 5982 dividends: 0.30s
2026-10-02 07:07:34,267 [INFO] [DETAIL] 5982 マルゼン: income_stmt=OK, balance_sheet=OK, cashflow=OK, dividends=OK
2026-10-02 07:07:34,268 [INFO] [TIME] 5982 マルゼン 処理時間: 1.04s
2026-10-02 07:07:35,794 [DEBUG] [TIME] 5983 info: 0.20s
2026-10-02 07:07:35,795 [DEBUG] yfinance OK: 5983
2026-10-02 07:07:36,004 [DEBUG] [TIME] 5983 income_stmt: 0.21s
2026-10-02 07:07:36,163 [DEBUG] [TIME] 5983 balance_sheet: 0.16s
2026-10-02 07:07:36,411 [DEBUG] [TIME] 5983 cashflow: 0.25s
2026-10-02 07:07:36,678 [DEBUG] [TIME] 5983 dividends: 0.27s
2026-10-02 07:07:36,679 [INFO] [DETAIL] 5983 イワブチ: income_stmt=OK, balance_sheet=OK, cashflow=OK, dividends=OK
2026-10-02 07:07:36,679 [INFO] [TIME] 5983 イワブチ 処理時間: 1.08s
2026-10-02 07:07:38,814 [DEBUG] [TIME] 5984 info: 0.25s
2026-10-02 07:07:38,815 [DEBUG] yfinance OK: 5984
2026-10-02 07:07:39,025 [DEBUG] [TIME] 5984 income_stmt: 0.21s
2026-10-02 07:07:39,288 [DEBUG] [TIME] 5984 balance_sheet: 0.26s
2026-10-02 07:07:39,440 [DEBUG] [TIME] 5984 cashflow: 0.15s
2026-10-02 07:07:39,681 [DEBUG] [TIME] 5984 dividends: 0.24s
2026-10-02 07:07:39,682 [INFO] [DETAIL] 5984 兼房: income_stmt=OK, balance_sheet=OK, cashflow=OK, dividends=OK
2026-10-02 07:07:39,682 [INFO] [TIME] 5984 兼房 処理時間: 1.12s
2026-10-02 07:07:41,832 [DEBUG] [TIME] 5985 info: 0.15s
2026-10-02 07:07:41,832 [DEBUG] yfinance OK: 5985
2026-10-02 07:07:41,976 [DEBUG] [TIME] 5985 income_stmt: 0.14s
2026-10-02 07:07:42,261 [DEBUG] [TIME] 5985 balance_sheet: 0.28s
2026-10-02 07:07:42,477 [DEBUG] [TIME] 5985 cashflow: 0.21s
2026-10-02 07:07:42,761 [DEBUG] [TIME] 5985 dividends: 0.28s
2026-10-02 07:07:42,762 [INFO] [DETAIL] 5985 サンコール: income_stmt=OK, balance_sheet=OK, cashflow=OK, dividends=OK
2026-10-02 07:07:42,762 [INFO] [TIME] 5985 サンコール 処理時間: 1.08s
2026-10-02 07:07:43,970 [DEBUG] [TIME] 5986 info: 0.17s
2026-10-02 07:07:43,970 [DEBUG] yfinance OK: 5986
2026-10-02 07:07:44,205 [DEBUG] [TIME] 5986 income_stmt: 0.23s
2026-10-02 07:07:44,394 [DEBUG] [TIME] 5986 balance_sheet: 0.19s
2026-10-02 07:07:44,506 [DEBUG] [TIME] 5986 cashflow: 0.11s
2026-10-02 07:07:44,793 [DEBUG] [TIME] 5986 dividends: 0.29s
2026-10-02 07:07:44,794 [INFO] [DETAIL] 5986 モリテック　スチール: income_stmt=OK, balance_sheet=OK, cashflow=OK, dividends=OK
2026-10-02 07:07:44,794 [INFO] [TIME] 5986 モリテック　スチール 処理時間: 0.99s
2026-10-02 07:07:46,042 [DEBUG] [TIME] 5987 info: 0.17s
2026-10-02 07:07:46,042 [DEBUG] yfinance OK: 5987
2026-10-02 07:07:46,199 [DEBUG] [TIME] 5987 income_stmt: 0.16s
2026-10-02 07:07:46,393 [DEBUG] [TIME] 5987 balance_sheet: 0.19s
2026-10-02 07:07:46,595 [DEBUG] [TIME] 5987 cashflow: 0.20s
2026-10-02 07:07:46,868 [DEBUG] [TIME] 5987 dividends: 0.27s
2026-10-02 07:07:46,869 [INFO] [DETAIL] 5987 オーネックス: income_stmt=OK, balance_sheet=OK, cashflow=OK, dividends=OK
2026-10-02 07:07:46,869 [INFO] [TIME] 5987 オーネックス 処理時間: 1.00s
2026-10-02 07:07:48,430 [DEBUG] [TIME] 5988 info: 0.19s
2026-10-02 07:07:48,430 [DEBUG] yfinance OK: 5988
2026-10-02 07:07:48,682 [DEBUG] [TIME] 5988 income_stmt: 0.25s
2026-10-02 07:07:48,881 [DEBUG] [TIME] 5988 balance_sheet: 0.20s
2026-10-02 07:07:49,111 [DEBUG] [TIME] 5988 cashflow: 0.23s
2026-10-02 07:07:49,403 [DEBUG] [TIME] 5988 dividends: 0.29s
2026-10-02 07:07:49,404 [INFO] [DETAIL] 5988 パイオラックス: income_stmt=OK, balance_sheet=OK, cashflow=OK, dividends=OK
2026-10-02 07:07:49,404 [INFO] [TIME] 5988 パイオラックス 処理時間: 1.17s
2026-10-02 07:07:50,760 [DEBUG] [TIME] 5989 info: 0.19s
2026-10-02 07:07:50,760 [DEBUG] yfinance OK: 5989
2026-10-02 07:07:50,933 [DEBUG] [TIME] 5989 income_stmt: 0.17s
2026-10-02 07:07:51,106 [DEBUG] [TIME] 5989 balance_sheet: 0.17s
2026-10-02 07:07:51,327 [DEBUG] [TIME] 5989 cashflow: 0.22s
2026-10-02 07:07:51,603 [DEBUG] [TIME] 5989 dividends: 0.28s
2026-10-02 07:07:51,605 [INFO] [DETAIL] 5989 エイチワン: income_stmt=OK, balance_sheet=OK, cashflow=OK, dividends=OK
2026-10-02 07:07:51,605 [INFO] [TIME] 5989 エイチワン 処理時間: 1.03s
2026-10-02 07:07:53,469 [DEBUG] [TIME] 5990 info: 0.18s
2026-10-02 07:07:53,469 [DEBUG] yfinance OK: 5990
2026-10-02 07:07:53,623 [DEBUG] [TIME] 5990 income_stmt: 0.15s
2026-10-02 07:07:53,857 [DEBUG] [TIME] 5990 balance_sheet: 0.23s
2026-10-02 07:07:54,015 [DEBUG] [TIME] 5990 cashflow: 0.16s
2026-10-02 07:07:54,279 [DEBUG] [TIME] 5990 dividends: 0.26s
2026-10-02 07:07:54,280 [INFO] [DETAIL] 5990 スーパーツール: income_stmt=OK, balance_sheet=OK, cashflow=OK, dividends=OK
2026-10-02 07:07:54,280 [INFO] [TIME] 5990 スーパーツール 処理時間: 0.99s
2026-10-02 07:07:55,852 [DEBUG] [TIME] 5991 info: 0.14s
2026-10-02 07:07:55,852 [DEBUG] yfinance OK: 5991
2026-10-02 07:07:56,032 [DEBUG] [TIME] 5991 income_stmt: 0.18s
2026-10-02 07:07:56,188 [DEBUG] [TIME] 5991 balance_sheet: 0.16s
2026-10-02 07:07:56,405 [DEBUG] [TIME] 5991 cashflow: 0.22s
2026-10-02 07:07:56,720 [DEBUG] [TIME] 5991 dividends: 0.32s
2026-10-02 07:07:56,722 [INFO] [DETAIL] 5991 日本発條: income_stmt=OK, balance_sheet=OK, cashflow=OK, dividends=OK
2026-10-02 07:07:56,722 [INFO] [TIME] 5991 日本発條 処理時間: 1.01s
2026-10-02 07:07:58,595 [DEBUG] [TIME] 5992 info: 0.15s
2026-10-02 07:07:58,595 [DEBUG] yfinance OK: 5992
2026-10-02 07:07:58,745 [DEBUG] [TIME] 5992 income_stmt: 0.15s
2026-10-02 07:07:58,894 [DEBUG] [TIME] 5992 balance_sheet: 0.15s
2026-10-02 07:07:59,038 [DEBUG] [TIME] 5992 cashflow: 0.14s
2026-10-02 07:07:59,295 [DEBUG] [TIME] 5992 dividends: 0.26s
2026-10-02 07:07:59,296 [INFO] [DETAIL] 5992 中央発條: income_stmt=OK, balance_sheet=OK, cashflow=OK, dividends=OK
2026-10-02 07:07:59,296 [INFO] [TIME] 5992 中央発條 処理時間: 0.85s
2026-10-02 07:08:01,237 [DEBUG] [TIME] 5994 info: 0.21s
2026-10-02 07:08:01,238 [DEBUG] yfinance OK: 5994
2026-10-02 07:08:01,371 [DEBUG] [TIME] 5994 income_stmt: 0.13s
2026-10-02 07:08:01,621 [DEBUG] [TIME] 5994 balance_sheet: 0.25s
2026-10-02 07:08:01,792 [DEBUG] [TIME] 5994 cashflow: 0.17s
2026-10-02 07:08:02,040 [DEBUG] [TIME] 5994 dividends: 0.25s
2026-10-02 07:08:02,041 [INFO] [DETAIL] 5994 ファインシンター: income_stmt=OK, balance_sheet=OK, cashflow=OK, dividends=OK
2026-10-02 07:08:02,041 [INFO] [TIME] 5994 ファインシンター 処理時間: 1.01s
2026-10-02 07:08:03,274 [DEBUG] [TIME] 5997 info: 0.16s
2026-10-02 07:08:03,274 [DEBUG] yfinance OK: 5997
2026-10-02 07:08:03,524 [DEBUG] [TIME] 5997 income_stmt: 0.25s
2026-10-02 07:08:03,694 [DEBUG] [TIME] 5997 balance_sheet: 0.17s
2026-10-02 07:08:03,938 [DEBUG] [TIME] 5997 cashflow: 0.24s
2026-10-02 07:08:04,174 [DEBUG] [TIME] 5997 dividends: 0.23s
2026-10-02 07:08:04,174 [INFO] [DETAIL] 5997 協立エアテック: income_stmt=OK, balance_sheet=OK, cashflow=OK, dividends=OK
2026-10-02 07:08:04,175 [INFO] [TIME] 5997 協立エアテック 処理時間: 1.06s
2026-10-02 07:08:05,907 [DEBUG] [TIME] 5998 info: 0.24s
2026-10-02 07:08:05,907 [DEBUG] yfinance OK: 5998
2026-10-02 07:08:06,045 [DEBUG] [TIME] 5998 income_stmt: 0.14s
2026-10-02 07:08:06,350 [DEBUG] [TIME] 5998 balance_sheet: 0.30s
2026-10-02 07:08:06,555 [DEBUG] [TIME] 5998 cashflow: 0.20s
2026-10-02 07:08:06,803 [DEBUG] [TIME] 5998 dividends: 0.25s
2026-10-02 07:08:06,803 [INFO] [DETAIL] 5998 アドバネクス: income_stmt=OK, balance_sheet=OK, cashflow=OK, dividends=OK
2026-10-02 07:08:06,804 [INFO] [TIME] 5998 アドバネクス 処理時間: 1.14s
2026-10-02 07:08:08,135 [DEBUG] [TIME] 6005 info: 0.18s
2026-10-02 07:08:08,135 [DEBUG] yfinance OK: 6005
2026-10-02 07:08:08,370 [DEBUG] [TIME] 6005 income_stmt: 0.24s
2026-10-02 07:08:08,511 [DEBUG] [TIME] 6005 balance_sheet: 0.14s
2026-10-02 07:08:08,705 [DEBUG] [TIME] 6005 cashflow: 0.19s
2026-10-02 07:08:09,033 [DEBUG] [TIME] 6005 dividends: 0.33s
2026-10-02 07:08:09,034 [INFO] [DETAIL] 6005 三浦工業: income_stmt=OK, balance_sheet=OK, cashflow=OK, dividends=OK
2026-10-02 07:08:09,034 [INFO] [TIME] 6005 三浦工業 処理時間: 1.08s
2026-10-02 07:08:10,439 [DEBUG] [TIME] 6013 info: 0.16s
2026-10-02 07:08:10,439 [DEBUG] yfinance OK: 6013
2026-10-02 07:08:10,748 [DEBUG] [TIME] 6013 income_stmt: 0.31s
2026-10-02 07:08:10,999 [DEBUG] [TIME] 6013 balance_sheet: 0.25s
2026-10-02 07:08:11,256 [DEBUG] [TIME] 6013 cashflow: 0.26s
2026-10-02 07:08:11,533 [DEBUG] [TIME] 6013 dividends: 0.28s
2026-10-02 07:08:11,534 [INFO] [DETAIL] 6013 タクマ: income_stmt=OK, balance_sheet=OK, cashflow=OK, dividends=OK
2026-10-02 07:08:11,534 [INFO] [TIME] 6013 タクマ 処理時間: 1.25s
2026-10-02 07:08:12,767 [DEBUG] [TIME] 6016 info: 0.15s
2026-10-02 07:08:12,767 [DEBUG] yfinance OK: 6016
2026-10-02 07:08:12,966 [DEBUG] [TIME] 6016 income_stmt: 0.20s
2026-10-02 07:08:13,243 [DEBUG] [TIME] 6016 balance_sheet: 0.28s
2026-10-02 07:08:13,448 [DEBUG] [TIME] 6016 cashflow: 0.20s
2026-10-02 07:08:13,680 [DEBUG] [TIME] 6016 dividends: 0.23s
2026-10-02 07:08:13,681 [INFO] [DETAIL] 6016 ジャパンエンジンコーポレーション: income_stmt=OK, balance_sheet=OK, cashflow=OK, dividends=OK
2026-10-02 07:08:13,681 [INFO] [TIME] 6016 ジャパンエンジンコーポレーション 処理時間: 1.06s
2026-10-02 07:08:15,093 [DEBUG] [TIME] 6018 info: 0.19s
2026-10-02 07:08:15,093 [DEBUG] yfinance OK: 6018
2026-10-02 07:08:15,220 [DEBUG] [TIME] 6018 income_stmt: 0.13s
2026-10-02 07:08:15,421 [DEBUG] [TIME] 6018 balance_sheet: 0.20s
2026-10-02 07:08:15,642 [DEBUG] [TIME] 6018 cashflow: 0.22s
2026-10-02 07:08:15,950 [DEBUG] [TIME] 6018 dividends: 0.31s
2026-10-02 07:08:15,951 [INFO] [DETAIL] 6018 阪神内燃機工業: income_stmt=OK, balance_sheet=OK, cashflow=OK, dividends=OK
2026-10-02 07:08:15,951 [INFO] [TIME] 6018 阪神内燃機工業 処理時間: 1.05s
2026-10-02 07:08:18,028 [DEBUG] [TIME] 6022 info: 0.22s
2026-10-02 07:08:18,028 [DEBUG] yfinance OK: 6022
2026-10-02 07:08:18,188 [DEBUG] [TIME] 6022 income_stmt: 0.16s
2026-10-02 07:08:18,422 [DEBUG] [TIME] 6022 balance_sheet: 0.23s
2026-10-02 07:08:18,548 [DEBUG] [TIME] 6022 cashflow: 0.13s
2026-10-02 07:08:18,823 [DEBUG] [TIME] 6022 dividends: 0.27s
2026-10-02 07:08:18,824 [INFO] [DETAIL] 6022 赤阪鐵工所: income_stmt=OK, balance_sheet=OK, cashflow=OK, dividends=OK
2026-10-02 07:08:18,824 [INFO] [TIME] 6022 赤阪鐵工所 処理時間: 1.02s
2026-10-02 07:08:20,893 [DEBUG] [TIME] 6023 info: 0.19s
2026-10-02 07:08:20,893 [DEBUG] yfinance OK: 6023
2026-10-02 07:08:21,068 [DEBUG] [TIME] 6023 income_stmt: 0.17s
2026-10-02 07:08:21,241 [DEBUG] [TIME] 6023 balance_sheet: 0.17s
2026-10-02 07:08:21,458 [DEBUG] [TIME] 6023 cashflow: 0.22s
2026-10-02 07:08:21,740 [DEBUG] [TIME] 6023 dividends: 0.28s
2026-10-02 07:08:21,741 [INFO] [DETAIL] 6023 ダイハツインフィニアース: income_stmt=OK, balance_sheet=OK, cashflow=OK, dividends=OK
2026-10-02 07:08:21,741 [INFO] [TIME] 6023 ダイハツインフィニアース 処理時間: 1.03s
2026-10-02 07:08:22,970 [DEBUG] [TIME] 6027 info: 0.19s
2026-10-02 07:08:22,970 [DEBUG] yfinance OK: 6027
2026-10-02 07:08:23,072 [DEBUG] [TIME] 6027 income_stmt: 0.10s
2026-10-02 07:08:23,350 [DEBUG] [TIME] 6027 balance_sheet: 0.28s
2026-10-02 07:08:23,504 [DEBUG] [TIME] 6027 cashflow: 0.15s
2026-10-02 07:08:23,628 [DEBUG] [TIME] 6027 dividends: 0.12s
2026-10-02 07:08:23,629 [INFO] [DETAIL] 6027 弁護士ドットコム: income_stmt=OK, balance_sheet=OK, cashflow=OK, dividends=EMPTY
2026-10-02 07:08:23,629 [INFO] [TIME] 6027 弁護士ドットコム 処理時間: 0.85s
2026-10-02 07:08:25,129 [DEBUG] [TIME] 6029 info: 0.42s
2026-10-02 07:08:25,129 [DEBUG] yfinance OK: 6029
2026-10-02 07:08:25,317 [DEBUG] [TIME] 6029 income_stmt: 0.19s
2026-10-02 07:08:25,472 [DEBUG] [TIME] 6029 balance_sheet: 0.15s
2026-10-02 07:08:25,748 [DEBUG] [TIME] 6029 cashflow: 0.27s
2026-10-02 07:08:26,047 [DEBUG] [TIME] 6029 dividends: 0.30s
2026-10-02 07:08:26,048 [INFO] [DETAIL] 6029 アトラグループ: income_stmt=OK, balance_sheet=OK, cashflow=OK, dividends=OK
2026-10-02 07:08:26,048 [INFO] [TIME] 6029 アトラグループ 処理時間: 1.34s
2026-10-02 07:08:27,990 [DEBUG] [TIME] 6030 info: 0.18s
2026-10-02 07:08:27,990 [DEBUG] yfinance OK: 6030
2026-10-02 07:08:28,163 [DEBUG] [TIME] 6030 income_stmt: 0.17s
2026-10-02 07:08:28,280 [DEBUG] [TIME] 6030 balance_sheet: 0.12s
2026-10-02 07:08:28,469 [DEBUG] [TIME] 6030 cashflow: 0.19s
2026-10-02 07:08:28,629 [DEBUG] [TIME] 6030 dividends: 0.16s
2026-10-02 07:08:28,630 [INFO] [DETAIL] 6030 アドベンチャー: income_stmt=OK, balance_sheet=OK, cashflow=OK, dividends=OK
2026-10-02 07:08:28,630 [INFO] [TIME] 6030 アドベンチャー 処理時間: 0.82s
2026-10-02 07:08:30,519 [DEBUG] [TIME] 6031 info: 0.16s
2026-10-02 07:08:30,520 [DEBUG] yfinance OK: 6031
2026-10-02 07:08:30,726 [DEBUG] [TIME] 6031 income_stmt: 0.21s
2026-10-02 07:08:30,986 [DEBUG] [TIME] 6031 balance_sheet: 0.26s
2026-10-02 07:08:31,243 [DEBUG] [TIME] 6031 cashflow: 0.26s
2026-10-02 07:08:31,401 [DEBUG] [TIME] 6031 dividends: 0.16s
2026-10-02 07:08:31,402 [INFO] [DETAIL] 6031 ＺＥＴＡ: income_stmt=OK, balance_sheet=OK, cashflow=OK, dividends=OK
2026-10-02 07:08:31,402 [INFO] [TIME] 6031 ＺＥＴＡ 処理時間: 1.05s
2026-10-02 07:08:33,354 [DEBUG] [TIME] 6033 info: 0.14s
2026-10-02 07:08:33,354 [DEBUG] yfinance OK: 6033
2026-10-02 07:08:33,619 [DEBUG] [TIME] 6033 income_stmt: 0.26s
2026-10-02 07:08:33,864 [DEBUG] [TIME] 6033 balance_sheet: 0.24s
2026-10-02 07:08:34,038 [DEBUG] [TIME] 6033 cashflow: 0.17s
2026-10-02 07:08:34,219 [DEBUG] [TIME] 6033 dividends: 0.18s
2026-10-02 07:08:34,220 [INFO] [DETAIL] 6033 エクストリーム: income_stmt=OK, balance_sheet=OK, cashflow=OK, dividends=OK
2026-10-02 07:08:34,220 [INFO] [TIME] 6033 エクストリーム 処理時間: 1.01s
2026-10-02 07:08:35,872 [DEBUG] [TIME] 6034 info: 0.19s
2026-10-02 07:08:35,872 [DEBUG] yfinance OK: 6034
2026-10-02 07:08:35,988 [DEBUG] [TIME] 6034 income_stmt: 0.12s
2026-10-02 07:08:36,144 [DEBUG] [TIME] 6034 balance_sheet: 0.16s
2026-10-02 07:08:36,298 [DEBUG] [TIME] 6034 cashflow: 0.15s
2026-10-02 07:08:36,444 [DEBUG] [TIME] 6034 dividends: 0.14s
2026-10-02 07:08:36,444 [INFO] [DETAIL] 6034 ＭＲＴ: income_stmt=OK, balance_sheet=OK, cashflow=OK, dividends=OK
2026-10-02 07:08:36,445 [INFO] [TIME] 6034 ＭＲＴ 処理時間: 0.76s
2026-10-02 07:08:37,793 [DEBUG] [TIME] 6035 info: 0.15s
2026-10-02 07:08:37,793 [DEBUG] yfinance OK: 6035
2026-10-02 07:08:37,992 [DEBUG] [TIME] 6035 income_stmt: 0.20s
2026-10-02 07:08:38,274 [DEBUG] [TIME] 6035 balance_sheet: 0.28s
2026-10-02 07:08:38,410 [DEBUG] [TIME] 6035 cashflow: 0.13s
2026-10-02 07:08:38,636 [DEBUG] [TIME] 6035 dividends: 0.23s
2026-10-02 07:08:38,637 [INFO] [DETAIL] 6035 アイ・アールジャパンホールディングス: income_stmt=OK, balance_sheet=OK, cashflow=OK, dividends=OK
2026-10-02 07:08:38,638 [INFO] [TIME] 6035 アイ・アールジャパンホールディングス 処理時間: 0.99s
2026-10-02 07:08:40,297 [DEBUG] [TIME] 6036 info: 0.14s
2026-10-02 07:08:40,297 [DEBUG] yfinance OK: 6036
2026-10-02 07:08:40,435 [DEBUG] [TIME] 6036 income_stmt: 0.14s
2026-10-02 07:08:40,689 [DEBUG] [TIME] 6036 balance_sheet: 0.25s
2026-10-02 07:08:40,856 [DEBUG] [TIME] 6036 cashflow: 0.17s
2026-10-02 07:08:41,042 [DEBUG] [TIME] 6036 dividends: 0.19s
2026-10-02 07:08:41,043 [INFO] [DETAIL] 6036 ＫｅｅＰｅｒ技研: income_stmt=OK, balance_sheet=OK, cashflow=OK, dividends=OK
2026-10-02 07:08:41,043 [INFO] [TIME] 6036 ＫｅｅＰｅｒ技研 処理時間: 0.89s
2026-10-02 07:08:42,744 [DEBUG] [TIME] 6037 info: 0.18s
2026-10-02 07:08:42,744 [DEBUG] yfinance OK: 6037
2026-10-02 07:08:42,874 [DEBUG] [TIME] 6037 income_stmt: 0.13s
2026-10-02 07:08:43,008 [DEBUG] [TIME] 6037 balance_sheet: 0.13s
2026-10-02 07:08:43,145 [DEBUG] [TIME] 6037 cashflow: 0.14s
2026-10-02 07:08:43,306 [DEBUG] [TIME] 6037 dividends: 0.16s
2026-10-02 07:08:43,307 [INFO] [DETAIL] 6037 楽待: income_stmt=OK, balance_sheet=OK, cashflow=OK, dividends=OK
2026-10-02 07:08:43,308 [INFO] [TIME] 6037 楽待 処理時間: 0.74s
2026-10-02 07:08:44,584 [DEBUG] [TIME] 6038 info: 0.15s
2026-10-02 07:08:44,584 [DEBUG] yfinance OK: 6038
2026-10-02 07:08:44,761 [DEBUG] [TIME] 6038 income_stmt: 0.18s
2026-10-02 07:08:45,076 [DEBUG] [TIME] 6038 balance_sheet: 0.31s
2026-10-02 07:08:45,287 [DEBUG] [TIME] 6038 cashflow: 0.21s
2026-10-02 07:08:45,440 [DEBUG] [TIME] 6038 dividends: 0.15s
2026-10-02 07:08:45,441 [INFO] [DETAIL] 6038 イード: income_stmt=OK, balance_sheet=OK, cashflow=OK, dividends=OK
2026-10-02 07:08:45,441 [INFO] [TIME] 6038 イード 処理時間: 1.00s
2026-10-02 07:08:47,315 [DEBUG] [TIME] 6039 info: 0.19s
2026-10-02 07:08:47,315 [DEBUG] yfinance OK: 6039
2026-10-02 07:08:47,499 [DEBUG] [TIME] 6039 income_stmt: 0.18s
2026-10-02 07:08:47,672 [DEBUG] [TIME] 6039 balance_sheet: 0.17s
2026-10-02 07:08:47,870 [DEBUG] [TIME] 6039 cashflow: 0.20s
2026-10-02 07:08:48,078 [DEBUG] [TIME] 6039 dividends: 0.21s
2026-10-02 07:08:48,079 [INFO] [DETAIL] 6039 日本動物高度医療センター: income_stmt=OK, balance_sheet=OK, cashflow=OK, dividends=OK
2026-10-02 07:08:48,079 [INFO] [TIME] 6039 日本動物高度医療センター 処理時間: 0.96s
2026-10-02 07:08:49,519 [DEBUG] [TIME] 6040 info: 0.23s
2026-10-02 07:08:49,519 [DEBUG] yfinance OK: 6040
2026-10-02 07:08:49,733 [DEBUG] [TIME] 6040 income_stmt: 0.21s
2026-10-02 07:08:49,979 [DEBUG] [TIME] 6040 balance_sheet: 0.25s
2026-10-02 07:08:50,114 [DEBUG] [TIME] 6040 cashflow: 0.13s
2026-10-02 07:08:50,280 [DEBUG] [TIME] 6040 dividends: 0.17s
2026-10-02 07:08:50,281 [INFO] [DETAIL] 6040 日本スキー場開発: income_stmt=OK, balance_sheet=OK, cashflow=OK, dividends=OK
2026-10-02 07:08:50,281 [INFO] [TIME] 6040 日本スキー場開発 処理時間: 0.99s
2026-10-02 07:08:52,382 [DEBUG] [TIME] 6042 info: 0.14s
2026-10-02 07:08:52,382 [DEBUG] yfinance OK: 6042
2026-10-02 07:08:52,605 [DEBUG] [TIME] 6042 income_stmt: 0.22s
2026-10-02 07:08:52,919 [DEBUG] [TIME] 6042 balance_sheet: 0.31s
2026-10-02 07:08:53,217 [DEBUG] [TIME] 6042 cashflow: 0.30s
2026-10-02 07:08:53,492 [DEBUG] [TIME] 6042 dividends: 0.27s
2026-10-02 07:08:53,493 [INFO] [DETAIL] 6042 ニッキ: income_stmt=OK, balance_sheet=OK, cashflow=OK, dividends=OK
2026-10-02 07:08:53,493 [INFO] [TIME] 6042 ニッキ 処理時間: 1.25s
2026-10-02 07:08:55,267 [DEBUG] [TIME] 6044 info: 0.21s
2026-10-02 07:08:55,267 [DEBUG] yfinance OK: 6044
2026-10-02 07:08:55,476 [DEBUG] [TIME] 6044 income_stmt: 0.21s
2026-10-02 07:08:55,723 [DEBUG] [TIME] 6044 balance_sheet: 0.25s
2026-10-02 07:08:55,978 [DEBUG] [TIME] 6044 cashflow: 0.25s
2026-10-02 07:08:56,153 [DEBUG] [TIME] 6044 dividends: 0.17s
2026-10-02 07:08:56,154 [INFO] [DETAIL] 6044 三機サービス: income_stmt=OK, balance_sheet=OK, cashflow=OK, dividends=OK
2026-10-02 07:08:56,154 [INFO] [TIME] 6044 三機サービス 処理時間: 1.09s
2026-10-02 07:08:58,206 [DEBUG] [TIME] 6045 info: 0.18s
2026-10-02 07:08:58,206 [DEBUG] yfinance OK: 6045
2026-10-02 07:08:58,402 [DEBUG] [TIME] 6045 income_stmt: 0.20s
2026-10-02 07:08:58,576 [DEBUG] [TIME] 6045 balance_sheet: 0.17s
2026-10-02 07:08:58,719 [DEBUG] [TIME] 6045 cashflow: 0.14s
2026-10-02 07:08:58,870 [DEBUG] [TIME] 6045 dividends: 0.15s
2026-10-02 07:08:58,871 [INFO] [DETAIL] 6045 レントラックス: income_stmt=OK, balance_sheet=OK, cashflow=OK, dividends=OK
2026-10-02 07:08:58,871 [INFO] [TIME] 6045 レントラックス 処理時間: 0.85s
2026-10-02 07:09:00,626 [DEBUG] [TIME] 6046 info: 0.19s
2026-10-02 07:09:00,626 [DEBUG] yfinance OK: 6046
2026-10-02 07:09:00,798 [DEBUG] [TIME] 6046 income_stmt: 0.17s
2026-10-02 07:09:01,006 [DEBUG] [TIME] 6046 balance_sheet: 0.21s
2026-10-02 07:09:01,176 [DEBUG] [TIME] 6046 cashflow: 0.17s
2026-10-02 07:09:01,342 [DEBUG] [TIME] 6046 dividends: 0.17s
2026-10-02 07:09:01,342 [INFO] [DETAIL] 6046 リンクバル: income_stmt=OK, balance_sheet=OK, cashflow=OK, dividends=EMPTY
2026-10-02 07:09:01,342 [INFO] [TIME] 6046 リンクバル 処理時間: 0.91s
2026-10-02 07:09:02,945 [DEBUG] [TIME] 6047 info: 0.18s
2026-10-02 07:09:02,945 [DEBUG] yfinance OK: 6047
2026-10-02 07:09:03,100 [DEBUG] [TIME] 6047 income_stmt: 0.15s
2026-10-02 07:09:03,405 [DEBUG] [TIME] 6047 balance_sheet: 0.30s
2026-10-02 07:09:03,633 [DEBUG] [TIME] 6047 cashflow: 0.23s
2026-10-02 07:09:03,783 [DEBUG] [TIME] 6047 dividends: 0.15s
2026-10-02 07:09:03,784 [INFO] [DETAIL] 6047 Ｇｕｎｏｓｙ: income_stmt=OK, balance_sheet=OK, cashflow=OK, dividends=OK
2026-10-02 07:09:03,784 [INFO] [TIME] 6047 Ｇｕｎｏｓｙ 処理時間: 1.02s
2026-10-02 07:09:05,939 [DEBUG] [TIME] 6049 info: 0.15s
2026-10-02 07:09:05,939 [DEBUG] yfinance OK: 6049
2026-10-02 07:09:06,142 [DEBUG] [TIME] 6049 income_stmt: 0.20s
2026-10-02 07:09:06,294 [DEBUG] [TIME] 6049 balance_sheet: 0.15s
2026-10-02 07:09:06,502 [DEBUG] [TIME] 6049 cashflow: 0.21s
2026-10-02 07:09:06,712 [DEBUG] [TIME] 6049 dividends: 0.21s
2026-10-02 07:09:06,712 [INFO] [DETAIL] 6049 イトクロ: income_stmt=OK, balance_sheet=OK, cashflow=OK, dividends=EMPTY
2026-10-02 07:09:06,712 [INFO] [TIME] 6049 イトクロ 処理時間: 0.92s
2026-10-02 07:09:08,848 [DEBUG] [TIME] 6050 info: 0.15s
2026-10-02 07:09:08,848 [DEBUG] yfinance OK: 6050
2026-10-02 07:09:08,958 [DEBUG] [TIME] 6050 income_stmt: 0.11s
2026-10-02 07:09:09,214 [DEBUG] [TIME] 6050 balance_sheet: 0.26s
2026-10-02 07:09:09,459 [DEBUG] [TIME] 6050 cashflow: 0.24s
2026-10-02 07:09:09,691 [DEBUG] [TIME] 6050 dividends: 0.23s
2026-10-02 07:09:09,692 [INFO] [DETAIL] 6050 イー・ガーディアン: income_stmt=OK, balance_sheet=OK, cashflow=OK, dividends=OK
2026-10-02 07:09:09,692 [INFO] [TIME] 6050 イー・ガーディアン 処理時間: 0.99s
2026-10-02 07:09:11,349 [DEBUG] [TIME] 6054 info: 0.15s
2026-10-02 07:09:11,349 [DEBUG] yfinance OK: 6054
2026-10-02 07:09:11,483 [DEBUG] [TIME] 6054 income_stmt: 0.13s
2026-10-02 07:09:11,798 [DEBUG] [TIME] 6054 balance_sheet: 0.31s
2026-10-02 07:09:11,971 [DEBUG] [TIME] 6054 cashflow: 0.17s
2026-10-02 07:09:12,091 [DEBUG] [TIME] 6054 dividends: 0.12s
2026-10-02 07:09:12,091 [INFO] [DETAIL] 6054 リブセンス: income_stmt=OK, balance_sheet=OK, cashflow=OK, dividends=EMPTY
2026-10-02 07:09:12,091 [INFO] [TIME] 6054 リブセンス 処理時間: 0.90s
2026-10-02 07:09:13,490 [DEBUG] [TIME] 6055 info: 0.25s
2026-10-02 07:09:13,491 [DEBUG] yfinance OK: 6055
2026-10-02 07:09:13,724 [DEBUG] [TIME] 6055 income_stmt: 0.23s
2026-10-02 07:09:13,972 [DEBUG] [TIME] 6055 balance_sheet: 0.25s
2026-10-02 07:09:14,251 [DEBUG] [TIME] 6055 cashflow: 0.28s
2026-10-02 07:09:14,451 [DEBUG] [TIME] 6055 dividends: 0.20s
2026-10-02 07:09:14,452 [INFO] [DETAIL] 6055 ジャパンマテリアル: income_stmt=OK, balance_sheet=OK, cashflow=OK, dividends=OK
2026-10-02 07:09:14,452 [INFO] [TIME] 6055 ジャパンマテリアル 処理時間: 1.22s
2026-10-02 07:09:16,150 [DEBUG] [TIME] 6058 info: 0.16s
2026-10-02 07:09:16,150 [DEBUG] yfinance OK: 6058
2026-10-02 07:09:16,347 [DEBUG] [TIME] 6058 income_stmt: 0.20s
2026-10-02 07:09:16,629 [DEBUG] [TIME] 6058 balance_sheet: 0.28s
2026-10-02 07:09:16,832 [DEBUG] [TIME] 6058 cashflow: 0.20s
2026-10-02 07:09:17,014 [DEBUG] [TIME] 6058 dividends: 0.18s
2026-10-02 07:09:17,015 [INFO] [DETAIL] 6058 ベクトル: income_stmt=OK, balance_sheet=OK, cashflow=OK, dividends=OK
2026-10-02 07:09:17,015 [INFO] [TIME] 6058 ベクトル 処理時間: 1.03s
2026-10-02 07:09:18,773 [DEBUG] [TIME] 6059 info: 0.18s
2026-10-02 07:09:18,773 [DEBUG] yfinance OK: 6059
2026-10-02 07:09:18,983 [DEBUG] [TIME] 6059 income_stmt: 0.21s
2026-10-02 07:09:19,157 [DEBUG] [TIME] 6059 balance_sheet: 0.17s
2026-10-02 07:09:19,271 [DEBUG] [TIME] 6059 cashflow: 0.11s
2026-10-02 07:09:19,483 [DEBUG] [TIME] 6059 dividends: 0.21s
2026-10-02 07:09:19,484 [INFO] [DETAIL] 6059 ウチヤマホールディングス: income_stmt=OK, balance_sheet=OK, cashflow=OK, dividends=OK
2026-10-02 07:09:19,484 [INFO] [TIME] 6059 ウチヤマホールディングス 処理時間: 0.89s
2026-10-02 07:09:20,714 [DEBUG] [TIME] 6061 info: 0.21s
2026-10-02 07:09:20,715 [DEBUG] yfinance OK: 6061
2026-10-02 07:09:20,899 [DEBUG] [TIME] 6061 income_stmt: 0.18s
2026-10-02 07:09:21,114 [DEBUG] [TIME] 6061 balance_sheet: 0.21s
2026-10-02 07:09:21,334 [DEBUG] [TIME] 6061 cashflow: 0.22s
2026-10-02 07:09:21,561 [DEBUG] [TIME] 6061 dividends: 0.23s
2026-10-02 07:09:21,562 [INFO] [DETAIL] 6061 ユニバーサル園芸社: income_stmt=OK, balance_sheet=OK, cashflow=OK, dividends=OK
2026-10-02 07:09:21,562 [INFO] [TIME] 6061 ユニバーサル園芸社 処理時間: 1.05s
2026-10-02 07:09:22,879 [DEBUG] [TIME] 6062 info: 0.21s
2026-10-02 07:09:22,879 [DEBUG] yfinance OK: 6062
2026-10-02 07:09:22,989 [DEBUG] [TIME] 6062 income_stmt: 0.11s
2026-10-02 07:09:23,169 [DEBUG] [TIME] 6062 balance_sheet: 0.18s
2026-10-02 07:09:23,297 [DEBUG] [TIME] 6062 cashflow: 0.13s
2026-10-02 07:09:23,519 [DEBUG] [TIME] 6062 dividends: 0.22s
2026-10-02 07:09:23,521 [INFO] [DETAIL] 6062 チャーム・ケア・コーポレーション: income_stmt=OK, balance_sheet=OK, cashflow=OK, dividends=OK
2026-10-02 07:09:23,521 [INFO] [TIME] 6062 チャーム・ケア・コーポレーション 処理時間: 0.85s
2026-10-02 07:09:25,396 [DEBUG] [TIME] 6063 info: 0.15s
2026-10-02 07:09:25,397 [DEBUG] yfinance OK: 6063
2026-10-02 07:09:25,608 [DEBUG] [TIME] 6063 income_stmt: 0.21s
2026-10-02 07:09:25,856 [DEBUG] [TIME] 6063 balance_sheet: 0.25s
2026-10-02 07:09:26,124 [DEBUG] [TIME] 6063 cashflow: 0.27s
2026-10-02 07:09:26,308 [DEBUG] [TIME] 6063 dividends: 0.18s
2026-10-02 07:09:26,309 [INFO] [DETAIL] 6063 日本エマージェンシーアシスタンス: income_stmt=OK, balance_sheet=OK, cashflow=OK, dividends=OK
2026-10-02 07:09:26,309 [INFO] [TIME] 6063 日本エマージェンシーアシスタンス 処理時間: 1.07s
2026-10-02 07:09:27,702 [DEBUG] [TIME] 6069 info: 0.21s
2026-10-02 07:09:27,702 [DEBUG] yfinance OK: 6069
2026-10-02 07:09:27,812 [DEBUG] [TIME] 6069 income_stmt: 0.11s
2026-10-02 07:09:27,964 [DEBUG] [TIME] 6069 balance_sheet: 0.15s
2026-10-02 07:09:28,210 [DEBUG] [TIME] 6069 cashflow: 0.25s
2026-10-02 07:09:28,380 [DEBUG] [TIME] 6069 dividends: 0.17s
2026-10-02 07:09:28,381 [INFO] [DETAIL] 6069 トレンダーズ: income_stmt=OK, balance_sheet=OK, cashflow=OK, dividends=OK
2026-10-02 07:09:28,381 [INFO] [TIME] 6069 トレンダーズ 処理時間: 0.89s
2026-10-02 07:09:29,843 [DEBUG] [TIME] 6070 info: 0.22s
2026-10-02 07:09:29,843 [DEBUG] yfinance OK: 6070
2026-10-02 07:09:30,026 [DEBUG] [TIME] 6070 income_stmt: 0.18s
2026-10-02 07:09:30,268 [DEBUG] [TIME] 6070 balance_sheet: 0.24s
2026-10-02 07:09:30,406 [DEBUG] [TIME] 6070 cashflow: 0.14s
2026-10-02 07:09:30,603 [DEBUG] [TIME] 6070 dividends: 0.20s
2026-10-02 07:09:30,604 [INFO] [DETAIL] 6070 キャリアリンク: income_stmt=OK, balance_sheet=OK, cashflow=OK, dividends=OK
2026-10-02 07:09:30,604 [INFO] [TIME] 6070 キャリアリンク 処理時間: 0.98s
2026-10-02 07:09:32,681 [DEBUG] [TIME] 6071 info: 0.15s
2026-10-02 07:09:32,681 [DEBUG] yfinance OK: 6071
2026-10-02 07:09:32,866 [DEBUG] [TIME] 6071 income_stmt: 0.19s
2026-10-02 07:09:33,164 [DEBUG] [TIME] 6071 balance_sheet: 0.30s
2026-10-02 07:09:33,372 [DEBUG] [TIME] 6071 cashflow: 0.21s
2026-10-02 07:09:33,547 [DEBUG] [TIME] 6071 dividends: 0.17s
2026-10-02 07:09:33,548 [INFO] [DETAIL] 6071 ＩＢＪ: income_stmt=OK, balance_sheet=OK, cashflow=OK, dividends=OK
2026-10-02 07:09:33,548 [INFO] [TIME] 6071 ＩＢＪ 処理時間: 1.01s
2026-10-02 07:09:35,210 [DEBUG] [TIME] 6072 info: 0.21s
2026-10-02 07:09:35,210 [DEBUG] yfinance OK: 6072
2026-10-02 07:09:35,398 [DEBUG] [TIME] 6072 income_stmt: 0.19s
2026-10-02 07:09:35,565 [DEBUG] [TIME] 6072 balance_sheet: 0.17s
2026-10-02 07:09:35,722 [DEBUG] [TIME] 6072 cashflow: 0.16s
2026-10-02 07:09:35,894 [DEBUG] [TIME] 6072 dividends: 0.17s
2026-10-02 07:09:35,895 [INFO] [DETAIL] 6072 地盤ネットホールディングス: income_stmt=OK, balance_sheet=OK, cashflow=OK, dividends=OK
2026-10-02 07:09:35,895 [INFO] [TIME] 6072 地盤ネットホールディングス 処理時間: 0.90s
2026-10-02 07:09:37,316 [DEBUG] [TIME] 6073 info: 0.15s
2026-10-02 07:09:37,316 [DEBUG] yfinance OK: 6073
2026-10-02 07:09:37,432 [DEBUG] [TIME] 6073 income_stmt: 0.12s
2026-10-02 07:09:37,612 [DEBUG] [TIME] 6073 balance_sheet: 0.18s
2026-10-02 07:09:37,765 [DEBUG] [TIME] 6073 cashflow: 0.15s
2026-10-02 07:09:37,950 [DEBUG] [TIME] 6073 dividends: 0.18s
2026-10-02 07:09:37,951 [INFO] [DETAIL] 6073 アサンテ: income_stmt=OK, balance_sheet=OK, cashflow=OK, dividends=OK
2026-10-02 07:09:37,951 [INFO] [TIME] 6073 アサンテ 処理時間: 0.79s
2026-10-02 07:09:39,975 [DEBUG] [TIME] 6074 info: 0.20s
2026-10-02 07:09:39,975 [DEBUG] yfinance OK: 6074
2026-10-02 07:09:40,178 [DEBUG] [TIME] 6074 income_stmt: 0.20s
2026-10-02 07:09:40,456 [DEBUG] [TIME] 6074 balance_sheet: 0.28s
2026-10-02 07:09:40,711 [DEBUG] [TIME] 6074 cashflow: 0.25s
2026-10-02 07:09:40,926 [DEBUG] [TIME] 6074 dividends: 0.22s
2026-10-02 07:09:40,927 [INFO] [DETAIL] 6074 ジェイエスエス: income_stmt=OK, balance_sheet=OK, cashflow=OK, dividends=OK
2026-10-02 07:09:40,927 [INFO] [TIME] 6074 ジェイエスエス 処理時間: 1.16s
2026-10-02 07:09:42,226 [DEBUG] [TIME] 6078 info: 0.19s
2026-10-02 07:09:42,226 [DEBUG] yfinance OK: 6078
2026-10-02 07:09:42,355 [DEBUG] [TIME] 6078 income_stmt: 0.13s
2026-10-02 07:09:42,499 [DEBUG] [TIME] 6078 balance_sheet: 0.14s
2026-10-02 07:09:42,620 [DEBUG] [TIME] 6078 cashflow: 0.12s
2026-10-02 07:09:42,834 [DEBUG] [TIME] 6078 dividends: 0.21s
2026-10-02 07:09:42,835 [INFO] [DETAIL] 6078 バリューＨＲ: income_stmt=OK, balance_sheet=OK, cashflow=OK, dividends=OK
2026-10-02 07:09:42,835 [INFO] [TIME] 6078 バリューＨＲ 処理時間: 0.80s
2026-10-02 07:09:44,090 [DEBUG] [TIME] 6080 info: 0.21s
2026-10-02 07:09:44,090 [DEBUG] yfinance OK: 6080
2026-10-02 07:09:44,211 [DEBUG] [TIME] 6080 income_stmt: 0.12s
2026-10-02 07:09:44,395 [DEBUG] [TIME] 6080 balance_sheet: 0.18s
2026-10-02 07:09:44,528 [DEBUG] [TIME] 6080 cashflow: 0.13s
2026-10-02 07:09:44,679 [DEBUG] [TIME] 6080 dividends: 0.15s
2026-10-02 07:09:44,679 [INFO] [DETAIL] 6080 Ｍ＆Ａキャピタルパートナーズ: income_stmt=OK, balance_sheet=OK, cashflow=OK, dividends=OK
2026-10-02 07:09:44,680 [INFO] [TIME] 6080 Ｍ＆Ａキャピタルパートナーズ 処理時間: 0.80s
2026-10-02 07:09:46,644 [DEBUG] [TIME] 6081 info: 0.22s
2026-10-02 07:09:46,644 [DEBUG] yfinance OK: 6081
2026-10-02 07:09:46,786 [DEBUG] [TIME] 6081 income_stmt: 0.14s
2026-10-02 07:09:47,002 [DEBUG] [TIME] 6081 balance_sheet: 0.22s
2026-10-02 07:09:47,107 [DEBUG] [TIME] 6081 cashflow: 0.10s
2026-10-02 07:09:47,231 [DEBUG] [TIME] 6081 dividends: 0.12s
2026-10-02 07:09:47,231 [INFO] [DETAIL] 6081 アライドアーキテクツ: income_stmt=OK, balance_sheet=OK, cashflow=OK, dividends=EMPTY
2026-10-02 07:09:47,231 [INFO] [TIME] 6081 アライドアーキテクツ 処理時間: 0.80s
2026-10-02 07:09:49,138 [DEBUG] [TIME] 6082 info: 0.19s
2026-10-02 07:09:49,138 [DEBUG] yfinance OK: 6082
2026-10-02 07:09:49,269 [DEBUG] [TIME] 6082 income_stmt: 0.13s
2026-10-02 07:09:49,465 [DEBUG] [TIME] 6082 balance_sheet: 0.20s
2026-10-02 07:09:49,708 [DEBUG] [TIME] 6082 cashflow: 0.24s
2026-10-02 07:09:49,871 [DEBUG] [TIME] 6082 dividends: 0.16s
2026-10-02 07:09:49,872 [INFO] [DETAIL] 6082 ライドオンエクスプレスホールディングス: income_stmt=OK, balance_sheet=OK, cashflow=OK, dividends=OK
2026-10-02 07:09:49,872 [INFO] [TIME] 6082 ライドオンエクスプレスホールディングス 処理時間: 0.92s
2026-10-02 07:09:51,720 [DEBUG] [TIME] 6083 info: 0.17s
2026-10-02 07:09:51,720 [DEBUG] yfinance OK: 6083
2026-10-02 07:09:51,848 [DEBUG] [TIME] 6083 income_stmt: 0.13s
2026-10-02 07:09:51,994 [DEBUG] [TIME] 6083 balance_sheet: 0.15s
2026-10-02 07:09:52,110 [DEBUG] [TIME] 6083 cashflow: 0.12s
2026-10-02 07:09:52,284 [DEBUG] [TIME] 6083 dividends: 0.17s
2026-10-02 07:09:52,285 [INFO] [DETAIL] 6083 ＥＲＩホールディングス: income_stmt=OK, balance_sheet=OK, cashflow=OK, dividends=OK
2026-10-02 07:09:52,285 [INFO] [TIME] 6083 ＥＲＩホールディングス 処理時間: 0.73s
2026-10-02 07:09:54,284 [DEBUG] [TIME] 6085 info: 0.18s
2026-10-02 07:09:54,284 [DEBUG] yfinance OK: 6085
2026-10-02 07:09:54,467 [DEBUG] [TIME] 6085 income_stmt: 0.18s
2026-10-02 07:09:54,626 [DEBUG] [TIME] 6085 balance_sheet: 0.16s
2026-10-02 07:09:54,827 [DEBUG] [TIME] 6085 cashflow: 0.20s
2026-10-02 07:09:54,985 [DEBUG] [TIME] 6085 dividends: 0.16s
2026-10-02 07:09:54,985 [INFO] [DETAIL] 6085 アーキテクツ・スタジオ・ジャパン: income_stmt=OK, balance_sheet=OK, cashflow=OK, dividends=EMPTY
2026-10-02 07:09:54,985 [INFO] [TIME] 6085 アーキテクツ・スタジオ・ジャパン 処理時間: 0.88s
2026-10-02 07:09:57,112 [DEBUG] [TIME] 6086 info: 0.15s
2026-10-02 07:09:57,112 [DEBUG] yfinance OK: 6086
2026-10-02 07:09:57,247 [DEBUG] [TIME] 6086 income_stmt: 0.13s
2026-10-02 07:09:57,409 [DEBUG] [TIME] 6086 balance_sheet: 0.16s
2026-10-02 07:09:57,557 [DEBUG] [TIME] 6086 cashflow: 0.15s
2026-10-02 07:09:57,796 [DEBUG] [TIME] 6086 dividends: 0.24s
2026-10-02 07:09:57,797 [INFO] [DETAIL] 6086 シンメンテホールディングス: income_stmt=OK, balance_sheet=OK, cashflow=OK, dividends=OK
2026-10-02 07:09:57,797 [INFO] [TIME] 6086 シンメンテホールディングス 処理時間: 0.83s
2026-10-02 07:09:59,318 [DEBUG] [TIME] 6087 info: 0.14s
2026-10-02 07:09:59,318 [DEBUG] yfinance OK: 6087
2026-10-02 07:09:59,445 [DEBUG] [TIME] 6087 income_stmt: 0.13s
2026-10-02 07:09:59,598 [DEBUG] [TIME] 6087 balance_sheet: 0.15s
2026-10-02 07:09:59,721 [DEBUG] [TIME] 6087 cashflow: 0.12s
2026-10-02 07:09:59,898 [DEBUG] [TIME] 6087 dividends: 0.18s
2026-10-02 07:09:59,899 [INFO] [DETAIL] 6087 アビスト: income_stmt=OK, balance_sheet=OK, cashflow=OK, dividends=OK
2026-10-02 07:09:59,899 [INFO] [TIME] 6087 アビスト 処理時間: 0.72s
2026-10-02 07:10:01,323 [DEBUG] [TIME] 6088 info: 0.15s
2026-10-02 07:10:01,323 [DEBUG] yfinance OK: 6088
2026-10-02 07:10:01,475 [DEBUG] [TIME] 6088 income_stmt: 0.15s
2026-10-02 07:10:01,788 [DEBUG] [TIME] 6088 balance_sheet: 0.31s
2026-10-02 07:10:01,941 [DEBUG] [TIME] 6088 cashflow: 0.15s
2026-10-02 07:10:02,183 [DEBUG] [TIME] 6088 dividends: 0.24s
2026-10-02 07:10:02,184 [INFO] [DETAIL] 6088 シグマクシス・ホールディングス: income_stmt=OK, balance_sheet=OK, cashflow=OK, dividends=OK
2026-10-02 07:10:02,184 [INFO] [TIME] 6088 シグマクシス・ホールディングス 処理時間: 1.02s
2026-10-02 07:10:03,616 [DEBUG] [TIME] 6089 info: 0.18s
2026-10-02 07:10:03,616 [DEBUG] yfinance OK: 6089
2026-10-02 07:10:03,795 [DEBUG] [TIME] 6089 income_stmt: 0.18s
2026-10-02 07:10:04,031 [DEBUG] [TIME] 6089 balance_sheet: 0.24s
2026-10-02 07:10:04,265 [DEBUG] [TIME] 6089 cashflow: 0.23s
2026-10-02 07:10:04,449 [DEBUG] [TIME] 6089 dividends: 0.18s
2026-10-02 07:10:04,450 [INFO] [DETAIL] 6089 ウィルグループ: income_stmt=OK, balance_sheet=OK, cashflow=OK, dividends=OK
2026-10-02 07:10:04,450 [INFO] [TIME] 6089 ウィルグループ 処理時間: 1.01s
2026-10-02 07:10:05,822 [DEBUG] [TIME] 6090 info: 0.21s
2026-10-02 07:10:05,822 [DEBUG] yfinance OK: 6090
2026-10-02 07:10:05,982 [DEBUG] [TIME] 6090 income_stmt: 0.16s
2026-10-02 07:10:06,148 [DEBUG] [TIME] 6090 balance_sheet: 0.17s
2026-10-02 07:10:06,414 [DEBUG] [TIME] 6090 cashflow: 0.27s
2026-10-02 07:10:06,543 [DEBUG] [TIME] 6090 dividends: 0.13s
2026-10-02 07:10:06,544 [INFO] [DETAIL] 6090 ヒューマン・メタボローム・テクノロジーズ: income_stmt=OK, balance_sheet=OK, cashflow=OK, dividends=OK
2026-10-02 07:10:06,544 [INFO] [TIME] 6090 ヒューマン・メタボローム・テクノロジーズ 処理時間: 0.94s
2026-10-02 07:10:08,500 [DEBUG] [TIME] 6091 info: 0.18s
2026-10-02 07:10:08,500 [DEBUG] yfinance OK: 6091
2026-10-02 07:10:08,695 [DEBUG] [TIME] 6091 income_stmt: 0.19s
2026-10-02 07:10:08,831 [DEBUG] [TIME] 6091 balance_sheet: 0.14s
2026-10-02 07:10:09,029 [DEBUG] [TIME] 6091 cashflow: 0.20s
2026-10-02 07:10:09,259 [DEBUG] [TIME] 6091 dividends: 0.23s
2026-10-02 07:10:09,260 [INFO] [DETAIL] 6091 ウエスコホールディングス: income_stmt=OK, balance_sheet=OK, cashflow=OK, dividends=OK
2026-10-02 07:10:09,260 [INFO] [TIME] 6091 ウエスコホールディングス 処理時間: 0.94s
2026-10-02 07:10:10,586 [DEBUG] [TIME] 6092 info: 0.15s
2026-10-02 07:10:10,587 [DEBUG] yfinance OK: 6092
2026-10-02 07:10:10,700 [DEBUG] [TIME] 6092 income_stmt: 0.11s
2026-10-02 07:10:10,978 [DEBUG] [TIME] 6092 balance_sheet: 0.28s
2026-10-02 07:10:11,194 [DEBUG] [TIME] 6092 cashflow: 0.21s
2026-10-02 07:10:11,397 [DEBUG] [TIME] 6092 dividends: 0.20s
2026-10-02 07:10:11,398 [INFO] [DETAIL] 6092 エンバイオ・ホールディングス: income_stmt=OK, balance_sheet=OK, cashflow=OK, dividends=OK
2026-10-02 07:10:11,398 [INFO] [TIME] 6092 エンバイオ・ホールディングス 処理時間: 0.97s
2026-10-02 07:10:12,819 [DEBUG] [TIME] 6093 info: 0.14s
2026-10-02 07:10:12,819 [DEBUG] yfinance OK: 6093
2026-10-02 07:10:13,077 [DEBUG] [TIME] 6093 income_stmt: 0.26s
2026-10-02 07:10:13,374 [DEBUG] [TIME] 6093 balance_sheet: 0.30s
2026-10-02 07:10:13,584 [DEBUG] [TIME] 6093 cashflow: 0.21s
2026-10-02 07:10:13,824 [DEBUG] [TIME] 6093 dividends: 0.24s
2026-10-02 07:10:13,825 [INFO] [DETAIL] 6093 エスクロー・エージェント・ジャパン: income_stmt=OK, balance_sheet=OK, cashflow=OK, dividends=OK
2026-10-02 07:10:13,825 [INFO] [TIME] 6093 エスクロー・エージェント・ジャパン 処理時間: 1.15s
2026-10-02 07:10:15,506 [INFO] === 実行完了 (yf=495, warns=108, 総実行時間=20分43.4秒) ===
