2026-10-02 05:31:23,368 [INFO] === 実行開始 (500銘柄) ===
2026-10-02 05:31:23,648 [DEBUG] [TIME] 2884 info: 0.28s
2026-10-02 05:31:23,648 [DEBUG] yfinance OK: 2884
2026-10-02 05:31:23,801 [DEBUG] [TIME] 2884 income_stmt: 0.15s
2026-10-02 05:31:23,981 [DEBUG] [TIME] 2884 balance_sheet: 0.18s
2026-10-02 05:31:24,170 [DEBUG] [TIME] 2884 cashflow: 0.19s
2026-10-02 05:31:24,344 [DEBUG] [TIME] 2884 dividends: 0.17s
2026-10-02 05:31:24,345 [INFO] [DETAIL] 2884 ヨシムラ・フード・ホールディングス: income_stmt=OK, balance_sheet=OK, cashflow=OK, dividends=EMPTY
2026-10-02 05:31:24,345 [INFO] [TIME] 2884 ヨシムラ・フード・ホールディングス 処理時間: 0.98s
2026-10-02 05:31:25,624 [DEBUG] [TIME] 288A info: 0.22s
2026-10-02 05:31:25,624 [DEBUG] yfinance OK: 288A
2026-10-02 05:31:25,834 [DEBUG] [TIME] 288A income_stmt: 0.21s
2026-10-02 05:31:26,163 [DEBUG] [TIME] 288A balance_sheet: 0.33s
2026-10-02 05:31:26,392 [DEBUG] [TIME] 288A cashflow: 0.23s
2026-10-02 05:31:26,478 [DEBUG] [TIME] 288A dividends: 0.09s
2026-10-02 05:31:26,478 [INFO] [DETAIL] 288A ラクサス・テクノロジーズ: income_stmt=OK, balance_sheet=OK, cashflow=OK, dividends=EMPTY
2026-10-02 05:31:26,478 [INFO] [TIME] 288A ラクサス・テクノロジーズ 処理時間: 1.07s
2026-10-02 05:31:28,226 [DEBUG] [TIME] 2892 info: 0.33s
2026-10-02 05:31:28,226 [DEBUG] yfinance OK: 2892
2026-10-02 05:31:28,436 [DEBUG] [TIME] 2892 income_stmt: 0.21s
2026-10-02 05:31:28,613 [DEBUG] [TIME] 2892 balance_sheet: 0.18s
2026-10-02 05:31:28,808 [DEBUG] [TIME] 2892 cashflow: 0.19s
2026-10-02 05:31:29,093 [DEBUG] [TIME] 2892 dividends: 0.28s
2026-10-02 05:31:29,094 [INFO] [DETAIL] 2892 日本食品化工: income_stmt=OK, balance_sheet=OK, cashflow=OK, dividends=OK
2026-10-02 05:31:29,095 [INFO] [TIME] 2892 日本食品化工 処理時間: 1.20s
2026-10-02 05:31:31,244 [DEBUG] [TIME] 2894 info: 0.18s
2026-10-02 05:31:31,244 [DEBUG] yfinance OK: 2894
2026-10-02 05:31:31,449 [DEBUG] [TIME] 2894 income_stmt: 0.21s
2026-10-02 05:31:31,646 [DEBUG] [TIME] 2894 balance_sheet: 0.20s
2026-10-02 05:31:31,829 [DEBUG] [TIME] 2894 cashflow: 0.18s
2026-10-02 05:31:32,106 [DEBUG] [TIME] 2894 dividends: 0.28s
2026-10-02 05:31:32,107 [INFO] [DETAIL] 2894 石井食品: income_stmt=OK, balance_sheet=OK, cashflow=OK, dividends=OK
2026-10-02 05:31:32,107 [INFO] [TIME] 2894 石井食品 処理時間: 1.05s
2026-10-02 05:31:33,970 [DEBUG] [TIME] 2897 info: 0.15s
2026-10-02 05:31:33,970 [DEBUG] yfinance OK: 2897
2026-10-02 05:31:34,169 [DEBUG] [TIME] 2897 income_stmt: 0.20s
2026-10-02 05:31:34,373 [DEBUG] [TIME] 2897 balance_sheet: 0.20s
2026-10-02 05:31:34,497 [DEBUG] [TIME] 2897 cashflow: 0.12s
2026-10-02 05:31:34,805 [DEBUG] [TIME] 2897 dividends: 0.31s
2026-10-02 05:31:34,806 [INFO] [DETAIL] 2897 日清食品ホールディングス: income_stmt=OK, balance_sheet=OK, cashflow=OK, dividends=OK
2026-10-02 05:31:34,806 [INFO] [TIME] 2897 日清食品ホールディングス 処理時間: 0.99s
2026-10-02 05:31:36,709 [DEBUG] [TIME] 2901 info: 0.39s
2026-10-02 05:31:36,709 [DEBUG] yfinance OK: 2901
2026-10-02 05:31:36,867 [DEBUG] [TIME] 2901 income_stmt: 0.16s
2026-10-02 05:31:37,056 [DEBUG] [TIME] 2901 balance_sheet: 0.19s
2026-10-02 05:31:37,285 [DEBUG] [TIME] 2901 cashflow: 0.23s
2026-10-02 05:31:37,500 [DEBUG] [TIME] 2901 dividends: 0.21s
2026-10-02 05:31:37,501 [INFO] [DETAIL] 2901 ウェルディッシュ: income_stmt=OK, balance_sheet=OK, cashflow=OK, dividends=OK
2026-10-02 05:31:37,501 [INFO] [TIME] 2901 ウェルディッシュ 処理時間: 1.18s
2026-10-02 05:31:38,759 [DEBUG] [TIME] 2903 info: 0.19s
2026-10-02 05:31:38,759 [DEBUG] yfinance OK: 2903
2026-10-02 05:31:38,970 [DEBUG] [TIME] 2903 income_stmt: 0.21s
2026-10-02 05:31:39,151 [DEBUG] [TIME] 2903 balance_sheet: 0.18s
2026-10-02 05:31:39,293 [DEBUG] [TIME] 2903 cashflow: 0.14s
2026-10-02 05:31:39,538 [DEBUG] [TIME] 2903 dividends: 0.24s
2026-10-02 05:31:39,539 [INFO] [DETAIL] 2903 シノブフーズ: income_stmt=OK, balance_sheet=OK, cashflow=OK, dividends=OK
2026-10-02 05:31:39,539 [INFO] [TIME] 2903 シノブフーズ 処理時間: 0.97s
2026-10-02 05:31:41,723 [DEBUG] [TIME] 2904 info: 0.26s
2026-10-02 05:31:41,723 [DEBUG] yfinance OK: 2904
2026-10-02 05:31:41,883 [DEBUG] [TIME] 2904 income_stmt: 0.16s
2026-10-02 05:31:42,180 [DEBUG] [TIME] 2904 balance_sheet: 0.30s
2026-10-02 05:31:42,468 [DEBUG] [TIME] 2904 cashflow: 0.29s
2026-10-02 05:31:42,820 [DEBUG] [TIME] 2904 dividends: 0.35s
2026-10-02 05:31:42,821 [INFO] [DETAIL] 2904 一正蒲鉾: income_stmt=OK, balance_sheet=OK, cashflow=OK, dividends=OK
2026-10-02 05:31:42,822 [INFO] [TIME] 2904 一正蒲鉾 処理時間: 1.36s
2026-10-02 05:31:44,329 [DEBUG] [TIME] 2907 info: 0.14s
2026-10-02 05:31:44,329 [DEBUG] yfinance OK: 2907
2026-10-02 05:31:44,441 [DEBUG] [TIME] 2907 income_stmt: 0.11s
2026-10-02 05:31:44,608 [DEBUG] [TIME] 2907 balance_sheet: 0.17s
2026-10-02 05:31:44,745 [DEBUG] [TIME] 2907 cashflow: 0.14s
2026-10-02 05:31:45,056 [DEBUG] [TIME] 2907 dividends: 0.31s
2026-10-02 05:31:45,057 [INFO] [DETAIL] 2907 あじかん: income_stmt=OK, balance_sheet=OK, cashflow=OK, dividends=OK
2026-10-02 05:31:45,057 [INFO] [TIME] 2907 あじかん 処理時間: 0.87s
2026-10-02 05:31:46,650 [DEBUG] [TIME] 2908 info: 0.19s
2026-10-02 05:31:46,650 [DEBUG] yfinance OK: 2908
2026-10-02 05:31:46,888 [DEBUG] [TIME] 2908 income_stmt: 0.24s
2026-10-02 05:31:47,152 [DEBUG] [TIME] 2908 balance_sheet: 0.26s
2026-10-02 05:31:47,266 [DEBUG] [TIME] 2908 cashflow: 0.11s
2026-10-02 05:31:47,547 [DEBUG] [TIME] 2908 dividends: 0.28s
2026-10-02 05:31:47,548 [INFO] [DETAIL] 2908 フジッコ: income_stmt=OK, balance_sheet=OK, cashflow=OK, dividends=OK
2026-10-02 05:31:47,548 [INFO] [TIME] 2908 フジッコ 処理時間: 1.09s
2026-10-02 05:31:48,769 [DEBUG] [TIME] 290A info: 0.19s
2026-10-02 05:31:48,769 [DEBUG] yfinance OK: 290A
2026-10-02 05:31:48,975 [DEBUG] [TIME] 290A income_stmt: 0.21s
2026-10-02 05:31:49,206 [DEBUG] [TIME] 290A balance_sheet: 0.23s
2026-10-02 05:31:49,342 [DEBUG] [TIME] 290A cashflow: 0.14s
2026-10-02 05:31:49,428 [DEBUG] [TIME] 290A dividends: 0.09s
2026-10-02 05:31:49,428 [INFO] [DETAIL] 290A Ｓｙｎｓｐｅｃｔｉｖｅ: income_stmt=OK, balance_sheet=OK, cashflow=OK, dividends=EMPTY
2026-10-02 05:31:49,428 [INFO] [TIME] 290A Ｓｙｎｓｐｅｃｔｉｖｅ 処理時間: 0.85s
2026-10-02 05:31:51,207 [DEBUG] [TIME] 2910 info: 0.21s
2026-10-02 05:31:51,207 [DEBUG] yfinance OK: 2910
2026-10-02 05:31:51,376 [DEBUG] [TIME] 2910 income_stmt: 0.17s
2026-10-02 05:31:51,577 [DEBUG] [TIME] 2910 balance_sheet: 0.20s
2026-10-02 05:31:51,724 [DEBUG] [TIME] 2910 cashflow: 0.15s
2026-10-02 05:31:52,041 [DEBUG] [TIME] 2910 dividends: 0.32s
2026-10-02 05:31:52,042 [INFO] [DETAIL] 2910 ロック・フィールド: income_stmt=OK, balance_sheet=OK, cashflow=OK, dividends=OK
2026-10-02 05:31:52,042 [INFO] [TIME] 2910 ロック・フィールド 処理時間: 1.05s
2026-10-02 05:31:53,992 [DEBUG] [TIME] 2911 info: 0.15s
2026-10-02 05:31:53,992 [DEBUG] yfinance OK: 2911
2026-10-02 05:31:54,146 [DEBUG] [TIME] 2911 income_stmt: 0.15s
2026-10-02 05:31:54,327 [DEBUG] [TIME] 2911 balance_sheet: 0.18s
2026-10-02 05:31:54,516 [DEBUG] [TIME] 2911 cashflow: 0.19s
2026-10-02 05:31:54,779 [DEBUG] [TIME] 2911 dividends: 0.26s
2026-10-02 05:31:54,780 [INFO] [DETAIL] 2911 旭松食品: income_stmt=OK, balance_sheet=OK, cashflow=OK, dividends=OK
2026-10-02 05:31:54,780 [INFO] [TIME] 2911 旭松食品 処理時間: 0.94s
2026-10-02 05:31:56,143 [DEBUG] [TIME] 2914 info: 0.19s
2026-10-02 05:31:56,143 [DEBUG] yfinance OK: 2914
2026-10-02 05:31:56,297 [DEBUG] [TIME] 2914 income_stmt: 0.15s
2026-10-02 05:31:56,483 [DEBUG] [TIME] 2914 balance_sheet: 0.18s
2026-10-02 05:31:56,715 [DEBUG] [TIME] 2914 cashflow: 0.23s
2026-10-02 05:31:57,026 [DEBUG] [TIME] 2914 dividends: 0.31s
2026-10-02 05:31:57,027 [INFO] [DETAIL] 2914 日本たばこ産業: income_stmt=OK, balance_sheet=OK, cashflow=OK, dividends=OK
2026-10-02 05:31:57,027 [INFO] [TIME] 2914 日本たばこ産業 処理時間: 1.07s
2026-10-02 05:31:59,209 [DEBUG] [TIME] 2915 info: 0.19s
2026-10-02 05:31:59,209 [DEBUG] yfinance OK: 2915
2026-10-02 05:31:59,426 [DEBUG] [TIME] 2915 income_stmt: 0.22s
2026-10-02 05:31:59,603 [DEBUG] [TIME] 2915 balance_sheet: 0.18s
2026-10-02 05:31:59,849 [DEBUG] [TIME] 2915 cashflow: 0.24s
2026-10-02 05:32:00,093 [DEBUG] [TIME] 2915 dividends: 0.24s
2026-10-02 05:32:00,094 [INFO] [DETAIL] 2915 ケンコーマヨネーズ: income_stmt=OK, balance_sheet=OK, cashflow=OK, dividends=OK
2026-10-02 05:32:00,094 [INFO] [TIME] 2915 ケンコーマヨネーズ 処理時間: 1.08s
2026-10-02 05:32:01,960 [DEBUG] [TIME] 2916 info: 0.20s
2026-10-02 05:32:01,960 [DEBUG] yfinance OK: 2916
2026-10-02 05:32:02,121 [DEBUG] [TIME] 2916 income_stmt: 0.16s
2026-10-02 05:32:02,322 [DEBUG] [TIME] 2916 balance_sheet: 0.20s
2026-10-02 05:32:02,442 [DEBUG] [TIME] 2916 cashflow: 0.12s
2026-10-02 05:32:02,720 [DEBUG] [TIME] 2916 dividends: 0.28s
2026-10-02 05:32:02,721 [INFO] [DETAIL] 2916 仙波糖化工業: income_stmt=OK, balance_sheet=OK, cashflow=OK, dividends=OK
2026-10-02 05:32:02,721 [INFO] [TIME] 2916 仙波糖化工業 処理時間: 0.96s
2026-10-02 05:32:04,161 [DEBUG] [TIME] 2917 info: 0.19s
2026-10-02 05:32:04,161 [DEBUG] yfinance OK: 2917
2026-10-02 05:32:04,376 [DEBUG] [TIME] 2917 income_stmt: 0.21s
2026-10-02 05:32:04,634 [DEBUG] [TIME] 2917 balance_sheet: 0.26s
2026-10-02 05:32:04,771 [DEBUG] [TIME] 2917 cashflow: 0.14s
2026-10-02 05:32:05,044 [DEBUG] [TIME] 2917 dividends: 0.27s
2026-10-02 05:32:05,045 [INFO] [DETAIL] 2917 大森屋: income_stmt=OK, balance_sheet=OK, cashflow=OK, dividends=OK
2026-10-02 05:32:05,045 [INFO] [TIME] 2917 大森屋 処理時間: 1.07s
2026-10-02 05:32:06,737 [DEBUG] [TIME] 2918 info: 0.17s
2026-10-02 05:32:06,737 [DEBUG] yfinance OK: 2918
2026-10-02 05:32:06,899 [DEBUG] [TIME] 2918 income_stmt: 0.16s
2026-10-02 05:32:07,103 [DEBUG] [TIME] 2918 balance_sheet: 0.20s
2026-10-02 05:32:07,277 [DEBUG] [TIME] 2918 cashflow: 0.17s
2026-10-02 05:32:07,582 [DEBUG] [TIME] 2918 dividends: 0.30s
2026-10-02 05:32:07,583 [INFO] [DETAIL] 2918 わらべや日洋ホールディングス: income_stmt=OK, balance_sheet=OK, cashflow=OK, dividends=OK
2026-10-02 05:32:07,583 [INFO] [TIME] 2918 わらべや日洋ホールディングス 処理時間: 1.02s
2026-10-02 05:32:09,000 [DEBUG] [TIME] 291A info: 0.16s
2026-10-02 05:32:09,000 [DEBUG] yfinance OK: 291A
2026-10-02 05:32:09,122 [DEBUG] [TIME] 291A income_stmt: 0.12s
2026-10-02 05:32:09,416 [DEBUG] [TIME] 291A balance_sheet: 0.29s
2026-10-02 05:32:09,893 [DEBUG] [TIME] 291A cashflow: 0.48s
2026-10-02 05:32:09,982 [DEBUG] [TIME] 291A dividends: 0.09s
2026-10-02 05:32:09,983 [INFO] [DETAIL] 291A リスキル: income_stmt=OK, balance_sheet=OK, cashflow=OK, dividends=EMPTY
2026-10-02 05:32:09,983 [INFO] [TIME] 291A リスキル 処理時間: 1.14s
2026-10-02 05:32:11,224 [DEBUG] [TIME] 2922 info: 0.18s
2026-10-02 05:32:11,225 [DEBUG] yfinance OK: 2922
2026-10-02 05:32:11,395 [DEBUG] [TIME] 2922 income_stmt: 0.17s
2026-10-02 05:32:11,638 [DEBUG] [TIME] 2922 balance_sheet: 0.24s
2026-10-02 05:32:11,773 [DEBUG] [TIME] 2922 cashflow: 0.13s
2026-10-02 05:32:12,059 [DEBUG] [TIME] 2922 dividends: 0.29s
2026-10-02 05:32:12,060 [INFO] [DETAIL] 2922 なとり: income_stmt=OK, balance_sheet=OK, cashflow=OK, dividends=OK
2026-10-02 05:32:12,060 [INFO] [TIME] 2922 なとり 処理時間: 1.02s
2026-10-02 05:32:14,073 [DEBUG] [TIME] 2923 info: 0.19s
2026-10-02 05:32:14,073 [DEBUG] yfinance OK: 2923
2026-10-02 05:32:14,276 [DEBUG] [TIME] 2923 income_stmt: 0.20s
2026-10-02 05:32:14,522 [DEBUG] [TIME] 2923 balance_sheet: 0.25s
2026-10-02 05:32:14,761 [DEBUG] [TIME] 2923 cashflow: 0.24s
2026-10-02 05:32:15,039 [DEBUG] [TIME] 2923 dividends: 0.28s
2026-10-02 05:32:15,040 [INFO] [DETAIL] 2923 サトウ食品: income_stmt=OK, balance_sheet=OK, cashflow=OK, dividends=OK
2026-10-02 05:32:15,040 [INFO] [TIME] 2923 サトウ食品 処理時間: 1.15s
2026-10-02 05:32:16,235 [DEBUG] [TIME] 2924 info: 0.17s
2026-10-02 05:32:16,236 [DEBUG] yfinance OK: 2924
2026-10-02 05:32:16,500 [DEBUG] [TIME] 2924 income_stmt: 0.26s
2026-10-02 05:32:16,742 [DEBUG] [TIME] 2924 balance_sheet: 0.24s
2026-10-02 05:32:16,960 [DEBUG] [TIME] 2924 cashflow: 0.22s
2026-10-02 05:32:17,247 [DEBUG] [TIME] 2924 dividends: 0.29s
2026-10-02 05:32:17,248 [INFO] [DETAIL] 2924 イフジ産業: income_stmt=OK, balance_sheet=OK, cashflow=OK, dividends=OK
2026-10-02 05:32:17,248 [INFO] [TIME] 2924 イフジ産業 処理時間: 1.18s
2026-10-02 05:32:19,209 [DEBUG] [TIME] 2926 info: 0.50s
2026-10-02 05:32:19,209 [DEBUG] yfinance OK: 2926
2026-10-02 05:32:19,340 [DEBUG] [TIME] 2926 income_stmt: 0.13s
2026-10-02 05:32:19,490 [DEBUG] [TIME] 2926 balance_sheet: 0.15s
2026-10-02 05:32:19,641 [DEBUG] [TIME] 2926 cashflow: 0.15s
2026-10-02 05:32:19,890 [DEBUG] [TIME] 2926 dividends: 0.25s
2026-10-02 05:32:19,891 [INFO] [DETAIL] 2926 篠崎屋: income_stmt=OK, balance_sheet=OK, cashflow=OK, dividends=OK
2026-10-02 05:32:19,891 [INFO] [TIME] 2926 篠崎屋 処理時間: 1.19s
2026-10-02 05:32:21,491 [DEBUG] [TIME] 2927 info: 0.15s
2026-10-02 05:32:21,492 [DEBUG] yfinance OK: 2927
2026-10-02 05:32:21,618 [DEBUG] [TIME] 2927 income_stmt: 0.13s
2026-10-02 05:32:21,879 [DEBUG] [TIME] 2927 balance_sheet: 0.26s
2026-10-02 05:32:22,071 [DEBUG] [TIME] 2927 cashflow: 0.19s
2026-10-02 05:32:22,319 [DEBUG] [TIME] 2927 dividends: 0.25s
2026-10-02 05:32:22,320 [INFO] [DETAIL] 2927 ＡＦＣ－ＨＤアムスライフサイエンス: income_stmt=OK, balance_sheet=OK, cashflow=OK, dividends=OK
2026-10-02 05:32:22,320 [INFO] [TIME] 2927 ＡＦＣ－ＨＤアムスライフサイエンス 処理時間: 0.98s
2026-10-02 05:32:24,361 [DEBUG] [TIME] 2929 info: 0.15s
2026-10-02 05:32:24,361 [DEBUG] yfinance OK: 2929
2026-10-02 05:32:24,501 [DEBUG] [TIME] 2929 income_stmt: 0.14s
2026-10-02 05:32:24,775 [DEBUG] [TIME] 2929 balance_sheet: 0.27s
2026-10-02 05:32:24,946 [DEBUG] [TIME] 2929 cashflow: 0.17s
2026-10-02 05:32:25,171 [DEBUG] [TIME] 2929 dividends: 0.22s
2026-10-02 05:32:25,172 [INFO] [DETAIL] 2929 ファーマフーズ: income_stmt=OK, balance_sheet=OK, cashflow=OK, dividends=OK
2026-10-02 05:32:25,172 [INFO] [TIME] 2929 ファーマフーズ 処理時間: 0.96s
2026-10-02 05:32:27,090 [DEBUG] [TIME] 2930 info: 0.17s
2026-10-02 05:32:27,091 [DEBUG] yfinance OK: 2930
2026-10-02 05:32:27,270 [DEBUG] [TIME] 2930 income_stmt: 0.18s
2026-10-02 05:32:27,456 [DEBUG] [TIME] 2930 balance_sheet: 0.19s
2026-10-02 05:32:27,645 [DEBUG] [TIME] 2930 cashflow: 0.19s
2026-10-02 05:32:27,826 [DEBUG] [TIME] 2930 dividends: 0.18s
2026-10-02 05:32:27,827 [INFO] [DETAIL] 2930 北の達人コーポレーション: income_stmt=OK, balance_sheet=OK, cashflow=OK, dividends=OK
2026-10-02 05:32:27,827 [INFO] [TIME] 2930 北の達人コーポレーション 処理時間: 0.91s
2026-10-02 05:32:29,937 [DEBUG] [TIME] 2931 info: 0.16s
2026-10-02 05:32:29,937 [DEBUG] yfinance OK: 2931
2026-10-02 05:32:30,189 [DEBUG] [TIME] 2931 income_stmt: 0.25s
2026-10-02 05:32:30,469 [DEBUG] [TIME] 2931 balance_sheet: 0.28s
2026-10-02 05:32:30,687 [DEBUG] [TIME] 2931 cashflow: 0.22s
2026-10-02 05:32:30,871 [DEBUG] [TIME] 2931 dividends: 0.18s
2026-10-02 05:32:30,872 [INFO] [DETAIL] 2931 ユーグレナ: income_stmt=OK, balance_sheet=OK, cashflow=OK, dividends=OK
2026-10-02 05:32:30,872 [INFO] [TIME] 2931 ユーグレナ 処理時間: 1.10s
2026-10-02 05:32:33,153 [DEBUG] [TIME] 2932 info: 0.33s
2026-10-02 05:32:33,153 [DEBUG] yfinance OK: 2932
2026-10-02 05:32:33,295 [DEBUG] [TIME] 2932 income_stmt: 0.14s
2026-10-02 05:32:33,557 [DEBUG] [TIME] 2932 balance_sheet: 0.26s
2026-10-02 05:32:33,802 [DEBUG] [TIME] 2932 cashflow: 0.24s
2026-10-02 05:32:33,964 [DEBUG] [TIME] 2932 dividends: 0.16s
2026-10-02 05:32:33,965 [INFO] [DETAIL] 2932 ＳＴＩフードホールディングス: income_stmt=OK, balance_sheet=OK, cashflow=OK, dividends=OK
2026-10-02 05:32:33,965 [INFO] [TIME] 2932 ＳＴＩフードホールディングス 処理時間: 1.14s
2026-10-02 05:32:36,032 [DEBUG] [TIME] 2933 info: 0.16s
2026-10-02 05:32:36,033 [DEBUG] yfinance OK: 2933
2026-10-02 05:32:36,161 [DEBUG] [TIME] 2933 income_stmt: 0.13s
2026-10-02 05:32:36,334 [DEBUG] [TIME] 2933 balance_sheet: 0.17s
2026-10-02 05:32:36,506 [DEBUG] [TIME] 2933 cashflow: 0.17s
2026-10-02 05:32:36,651 [DEBUG] [TIME] 2933 dividends: 0.14s
2026-10-02 05:32:36,652 [INFO] [DETAIL] 2933 紀文食品: income_stmt=OK, balance_sheet=OK, cashflow=OK, dividends=OK
2026-10-02 05:32:36,652 [INFO] [TIME] 2933 紀文食品 処理時間: 0.78s
2026-10-02 05:32:38,219 [DEBUG] [TIME] 2934 info: 0.15s
2026-10-02 05:32:38,219 [DEBUG] yfinance OK: 2934
2026-10-02 05:32:38,353 [DEBUG] [TIME] 2934 income_stmt: 0.13s
2026-10-02 05:32:38,550 [DEBUG] [TIME] 2934 balance_sheet: 0.20s
2026-10-02 05:32:38,747 [DEBUG] [TIME] 2934 cashflow: 0.20s
2026-10-02 05:32:38,870 [DEBUG] [TIME] 2934 dividends: 0.12s
2026-10-02 05:32:38,870 [INFO] [DETAIL] 2934 ジェイフロンティア: income_stmt=OK, balance_sheet=OK, cashflow=OK, dividends=EMPTY
2026-10-02 05:32:38,870 [INFO] [TIME] 2934 ジェイフロンティア 処理時間: 0.80s
2026-10-02 05:32:40,781 [DEBUG] [TIME] 2935 info: 0.18s
2026-10-02 05:32:40,781 [DEBUG] yfinance OK: 2935
2026-10-02 05:32:40,900 [DEBUG] [TIME] 2935 income_stmt: 0.12s
2026-10-02 05:32:41,172 [DEBUG] [TIME] 2935 balance_sheet: 0.27s
2026-10-02 05:32:41,398 [DEBUG] [TIME] 2935 cashflow: 0.22s
2026-10-02 05:32:41,538 [DEBUG] [TIME] 2935 dividends: 0.14s
2026-10-02 05:32:41,539 [INFO] [DETAIL] 2935 ピックルスホールディングス: income_stmt=OK, balance_sheet=OK, cashflow=OK, dividends=OK
2026-10-02 05:32:41,540 [INFO] [TIME] 2935 ピックルスホールディングス 処理時間: 0.94s
2026-10-02 05:32:43,184 [DEBUG] [TIME] 2936 info: 0.20s
2026-10-02 05:32:43,184 [DEBUG] yfinance OK: 2936
2026-10-02 05:32:43,324 [DEBUG] [TIME] 2936 income_stmt: 0.14s
2026-10-02 05:32:43,553 [DEBUG] [TIME] 2936 balance_sheet: 0.23s
2026-10-02 05:32:43,766 [DEBUG] [TIME] 2936 cashflow: 0.21s
2026-10-02 05:32:43,901 [DEBUG] [TIME] 2936 dividends: 0.13s
2026-10-02 05:32:43,901 [INFO] [DETAIL] 2936 ベースフード: income_stmt=OK, balance_sheet=OK, cashflow=OK, dividends=EMPTY
2026-10-02 05:32:43,901 [INFO] [TIME] 2936 ベースフード 処理時間: 0.91s
2026-10-02 05:32:45,128 [DEBUG] [TIME] 2937 info: 0.16s
2026-10-02 05:32:45,128 [DEBUG] yfinance OK: 2937
2026-10-02 05:32:45,269 [DEBUG] [TIME] 2937 income_stmt: 0.14s
2026-10-02 05:32:45,457 [DEBUG] [TIME] 2937 balance_sheet: 0.19s
2026-10-02 05:32:45,685 [DEBUG] [TIME] 2937 cashflow: 0.23s
2026-10-02 05:32:45,837 [DEBUG] [TIME] 2937 dividends: 0.15s
2026-10-02 05:32:45,838 [INFO] [DETAIL] 2937 サンクゼール: income_stmt=OK, balance_sheet=OK, cashflow=OK, dividends=OK
2026-10-02 05:32:45,838 [INFO] [TIME] 2937 サンクゼール 処理時間: 0.87s
2026-10-02 05:32:47,951 [DEBUG] [TIME] 2938 info: 0.16s
2026-10-02 05:32:47,952 [DEBUG] yfinance OK: 2938
2026-10-02 05:32:48,153 [DEBUG] [TIME] 2938 income_stmt: 0.20s
2026-10-02 05:32:48,403 [DEBUG] [TIME] 2938 balance_sheet: 0.25s
2026-10-02 05:32:48,611 [DEBUG] [TIME] 2938 cashflow: 0.21s
2026-10-02 05:32:48,733 [DEBUG] [TIME] 2938 dividends: 0.12s
2026-10-02 05:32:48,734 [INFO] [DETAIL] 2938 オカムラ食品工業: income_stmt=OK, balance_sheet=OK, cashflow=OK, dividends=OK
2026-10-02 05:32:48,734 [INFO] [TIME] 2938 オカムラ食品工業 処理時間: 0.94s
2026-10-02 05:32:50,736 [DEBUG] [TIME] 2961 info: 0.14s
2026-10-02 05:32:50,737 [DEBUG] yfinance OK: 2961
2026-10-02 05:32:50,882 [DEBUG] [TIME] 2961 income_stmt: 0.15s
2026-10-02 05:32:51,044 [DEBUG] [TIME] 2961 balance_sheet: 0.16s
2026-10-02 05:32:51,231 [DEBUG] [TIME] 2961 cashflow: 0.19s
2026-10-02 05:32:51,422 [DEBUG] [TIME] 2961 dividends: 0.19s
2026-10-02 05:32:51,423 [INFO] [DETAIL] 2961 日本調理機: income_stmt=OK, balance_sheet=OK, cashflow=OK, dividends=OK
2026-10-02 05:32:51,423 [INFO] [TIME] 2961 日本調理機 処理時間: 0.83s
2026-10-02 05:32:53,578 [DEBUG] [TIME] 2962 info: 0.19s
2026-10-02 05:32:53,578 [DEBUG] yfinance OK: 2962
2026-10-02 05:32:53,784 [DEBUG] [TIME] 2962 income_stmt: 0.21s
2026-10-02 05:32:54,011 [DEBUG] [TIME] 2962 balance_sheet: 0.23s
2026-10-02 05:32:54,153 [DEBUG] [TIME] 2962 cashflow: 0.14s
2026-10-02 05:32:54,256 [DEBUG] [TIME] 2962 dividends: 0.10s
2026-10-02 05:32:54,256 [INFO] [DETAIL] 2962 テクニスコ: income_stmt=OK, balance_sheet=OK, cashflow=OK, dividends=EMPTY
2026-10-02 05:32:54,256 [INFO] [TIME] 2962 テクニスコ 処理時間: 0.87s
2026-10-02 05:32:56,293 [DEBUG] [TIME] 296A info: 0.16s
2026-10-02 05:32:56,293 [DEBUG] yfinance OK: 296A
2026-10-02 05:32:56,403 [DEBUG] [TIME] 296A income_stmt: 0.11s
2026-10-02 05:32:56,640 [DEBUG] [TIME] 296A balance_sheet: 0.24s
2026-10-02 05:32:56,885 [DEBUG] [TIME] 296A cashflow: 0.24s
2026-10-02 05:32:57,019 [DEBUG] [TIME] 296A dividends: 0.13s
2026-10-02 05:32:57,020 [INFO] [DETAIL] 296A 令和アカウンティング・ホールディングス: income_stmt=OK, balance_sheet=OK, cashflow=OK, dividends=OK
2026-10-02 05:32:57,020 [INFO] [TIME] 296A 令和アカウンティング・ホールディングス 処理時間: 0.89s
2026-10-02 05:32:58,746 [DEBUG] [TIME] 2970 info: 0.16s
2026-10-02 05:32:58,746 [DEBUG] yfinance OK: 2970
2026-10-02 05:32:58,871 [DEBUG] [TIME] 2970 income_stmt: 0.13s
2026-10-02 05:32:59,077 [DEBUG] [TIME] 2970 balance_sheet: 0.21s
2026-10-02 05:32:59,264 [DEBUG] [TIME] 2970 cashflow: 0.19s
2026-10-02 05:32:59,426 [DEBUG] [TIME] 2970 dividends: 0.16s
2026-10-02 05:32:59,426 [INFO] [DETAIL] 2970 ＧＬＣ　ＧＲＯＵＰ: income_stmt=OK, balance_sheet=OK, cashflow=OK, dividends=EMPTY
2026-10-02 05:32:59,426 [INFO] [TIME] 2970 ＧＬＣ　ＧＲＯＵＰ 処理時間: 0.84s
2026-10-02 05:33:01,212 [DEBUG] [TIME] 2975 info: 0.25s
2026-10-02 05:33:01,212 [DEBUG] yfinance OK: 2975
2026-10-02 05:33:01,414 [DEBUG] [TIME] 2975 income_stmt: 0.20s
2026-10-02 05:33:01,578 [DEBUG] [TIME] 2975 balance_sheet: 0.16s
2026-10-02 05:33:01,712 [DEBUG] [TIME] 2975 cashflow: 0.13s
2026-10-02 05:33:01,917 [DEBUG] [TIME] 2975 dividends: 0.20s
2026-10-02 05:33:01,918 [INFO] [DETAIL] 2975 スター・マイカ・ホールディングス: income_stmt=OK, balance_sheet=OK, cashflow=OK, dividends=OK
2026-10-02 05:33:01,918 [INFO] [TIME] 2975 スター・マイカ・ホールディングス 処理時間: 0.96s
2026-10-02 05:33:03,480 [DEBUG] [TIME] 2978 info: 0.14s
2026-10-02 05:33:03,480 [DEBUG] yfinance OK: 2978
2026-10-02 05:33:03,593 [DEBUG] [TIME] 2978 income_stmt: 0.11s
2026-10-02 05:33:03,895 [DEBUG] [TIME] 2978 balance_sheet: 0.30s
2026-10-02 05:33:04,114 [DEBUG] [TIME] 2978 cashflow: 0.22s
2026-10-02 05:33:04,294 [DEBUG] [TIME] 2978 dividends: 0.18s
2026-10-02 05:33:04,295 [INFO] [DETAIL] 2978 ツクルバ: income_stmt=OK, balance_sheet=OK, cashflow=OK, dividends=EMPTY
2026-10-02 05:33:04,295 [INFO] [TIME] 2978 ツクルバ 処理時間: 0.96s
2026-10-02 05:33:05,995 [DEBUG] [TIME] 297A info: 0.16s
2026-10-02 05:33:05,995 [DEBUG] yfinance OK: 297A
2026-10-02 05:33:06,207 [DEBUG] [TIME] 297A income_stmt: 0.21s
2026-10-02 05:33:06,368 [DEBUG] [TIME] 297A balance_sheet: 0.16s
2026-10-02 05:33:06,599 [DEBUG] [TIME] 297A cashflow: 0.23s
2026-10-02 05:33:06,688 [DEBUG] [TIME] 297A dividends: 0.09s
2026-10-02 05:33:06,689 [INFO] [DETAIL] 297A アルピコホールディングス: income_stmt=OK, balance_sheet=OK, cashflow=OK, dividends=OK
2026-10-02 05:33:06,689 [INFO] [TIME] 297A アルピコホールディングス 処理時間: 0.85s
2026-10-02 05:33:08,840 [DEBUG] [TIME] 2980 info: 0.22s
2026-10-02 05:33:08,841 [DEBUG] yfinance OK: 2980
2026-10-02 05:33:09,048 [DEBUG] [TIME] 2980 income_stmt: 0.21s
2026-10-02 05:33:09,298 [DEBUG] [TIME] 2980 balance_sheet: 0.25s
2026-10-02 05:33:09,448 [DEBUG] [TIME] 2980 cashflow: 0.15s
2026-10-02 05:33:09,594 [DEBUG] [TIME] 2980 dividends: 0.15s
2026-10-02 05:33:09,595 [INFO] [DETAIL] 2980 ＳＲＥホールディングス: income_stmt=OK, balance_sheet=OK, cashflow=OK, dividends=OK
2026-10-02 05:33:09,595 [INFO] [TIME] 2980 ＳＲＥホールディングス 処理時間: 0.98s
2026-10-02 05:33:11,014 [DEBUG] [TIME] 2981 info: 0.20s
2026-10-02 05:33:11,014 [DEBUG] yfinance OK: 2981
2026-10-02 05:33:11,154 [DEBUG] [TIME] 2981 income_stmt: 0.14s
2026-10-02 05:33:11,337 [DEBUG] [TIME] 2981 balance_sheet: 0.18s
2026-10-02 05:33:11,478 [DEBUG] [TIME] 2981 cashflow: 0.14s
2026-10-02 05:33:11,629 [DEBUG] [TIME] 2981 dividends: 0.15s
2026-10-02 05:33:11,630 [INFO] [DETAIL] 2981 ランディックス: income_stmt=OK, balance_sheet=OK, cashflow=OK, dividends=OK
2026-10-02 05:33:11,630 [INFO] [TIME] 2981 ランディックス 処理時間: 0.81s
2026-10-02 05:33:12,855 [DEBUG] [TIME] 2982 info: 0.19s
2026-10-02 05:33:12,855 [DEBUG] yfinance OK: 2982
2026-10-02 05:33:13,101 [DEBUG] [TIME] 2982 income_stmt: 0.25s
2026-10-02 05:33:13,276 [DEBUG] [TIME] 2982 balance_sheet: 0.17s
2026-10-02 05:33:13,509 [DEBUG] [TIME] 2982 cashflow: 0.23s
2026-10-02 05:33:13,649 [DEBUG] [TIME] 2982 dividends: 0.14s
2026-10-02 05:33:13,650 [INFO] [DETAIL] 2982 ＡＤワークスグループ: income_stmt=OK, balance_sheet=OK, cashflow=OK, dividends=OK
2026-10-02 05:33:13,650 [INFO] [TIME] 2982 ＡＤワークスグループ 処理時間: 0.99s
2026-10-02 05:33:15,549 [DEBUG] [TIME] 2983 info: 0.20s
2026-10-02 05:33:15,549 [DEBUG] yfinance OK: 2983
2026-10-02 05:33:15,730 [DEBUG] [TIME] 2983 income_stmt: 0.18s
2026-10-02 05:33:16,031 [DEBUG] [TIME] 2983 balance_sheet: 0.30s
2026-10-02 05:33:16,276 [DEBUG] [TIME] 2983 cashflow: 0.24s
2026-10-02 05:33:16,460 [DEBUG] [TIME] 2983 dividends: 0.18s
2026-10-02 05:33:16,461 [INFO] [DETAIL] 2983 アールプランナー: income_stmt=OK, balance_sheet=OK, cashflow=OK, dividends=OK
2026-10-02 05:33:16,461 [INFO] [TIME] 2983 アールプランナー 処理時間: 1.11s
2026-10-02 05:33:17,938 [DEBUG] [TIME] 2984 info: 0.18s
2026-10-02 05:33:17,938 [DEBUG] yfinance OK: 2984
2026-10-02 05:33:18,160 [DEBUG] [TIME] 2984 income_stmt: 0.22s
2026-10-02 05:33:18,330 [DEBUG] [TIME] 2984 balance_sheet: 0.17s
2026-10-02 05:33:18,561 [DEBUG] [TIME] 2984 cashflow: 0.23s
2026-10-02 05:33:18,727 [DEBUG] [TIME] 2984 dividends: 0.16s
2026-10-02 05:33:18,728 [INFO] [DETAIL] 2984 ヤマイチエステート: income_stmt=OK, balance_sheet=OK, cashflow=OK, dividends=OK
2026-10-02 05:33:18,728 [INFO] [TIME] 2984 ヤマイチエステート 処理時間: 0.97s
2026-10-02 05:33:20,880 [DEBUG] [TIME] 2986 info: 0.18s
2026-10-02 05:33:20,880 [DEBUG] yfinance OK: 2986
2026-10-02 05:33:21,006 [DEBUG] [TIME] 2986 income_stmt: 0.13s
2026-10-02 05:33:21,164 [DEBUG] [TIME] 2986 balance_sheet: 0.16s
2026-10-02 05:33:21,385 [DEBUG] [TIME] 2986 cashflow: 0.22s
2026-10-02 05:33:21,533 [DEBUG] [TIME] 2986 dividends: 0.15s
2026-10-02 05:33:21,534 [INFO] [DETAIL] 2986 ＬＡホールディングス: income_stmt=OK, balance_sheet=OK, cashflow=OK, dividends=OK
2026-10-02 05:33:21,535 [INFO] [TIME] 2986 ＬＡホールディングス 処理時間: 0.83s
2026-10-02 05:33:22,865 [DEBUG] [TIME] 298A info: 0.16s
2026-10-02 05:33:22,865 [DEBUG] yfinance OK: 298A
2026-10-02 05:33:23,012 [DEBUG] [TIME] 298A income_stmt: 0.15s
2026-10-02 05:33:23,145 [DEBUG] [TIME] 298A balance_sheet: 0.13s
2026-10-02 05:33:23,269 [DEBUG] [TIME] 298A cashflow: 0.12s
2026-10-02 05:33:23,411 [DEBUG] [TIME] 298A dividends: 0.14s
2026-10-02 05:33:23,412 [INFO] [DETAIL] 298A ＧＶＡ　ＴＥＣＨ: income_stmt=OK, balance_sheet=OK, cashflow=OK, dividends=EMPTY
2026-10-02 05:33:23,412 [INFO] [TIME] 298A ＧＶＡ　ＴＥＣＨ 処理時間: 0.71s
2026-10-02 05:33:24,989 [DEBUG] [TIME] 2991 info: 0.23s
2026-10-02 05:33:24,989 [DEBUG] yfinance OK: 2991
2026-10-02 05:33:25,164 [DEBUG] [TIME] 2991 income_stmt: 0.17s
2026-10-02 05:33:25,416 [DEBUG] [TIME] 2991 balance_sheet: 0.25s
2026-10-02 05:33:25,651 [DEBUG] [TIME] 2991 cashflow: 0.23s
2026-10-02 05:33:25,789 [DEBUG] [TIME] 2991 dividends: 0.14s
2026-10-02 05:33:25,791 [INFO] [DETAIL] 2991 ランドネット: income_stmt=OK, balance_sheet=OK, cashflow=OK, dividends=OK
2026-10-02 05:33:25,791 [INFO] [TIME] 2991 ランドネット 処理時間: 1.03s
2026-10-02 05:33:27,624 [DEBUG] [TIME] 2993 info: 0.15s
2026-10-02 05:33:27,624 [DEBUG] yfinance OK: 2993
2026-10-02 05:33:27,831 [DEBUG] [TIME] 2993 income_stmt: 0.21s
2026-10-02 05:33:28,180 [DEBUG] [TIME] 2993 balance_sheet: 0.35s
2026-10-02 05:33:28,392 [DEBUG] [TIME] 2993 cashflow: 0.21s
2026-10-02 05:33:28,559 [DEBUG] [TIME] 2993 dividends: 0.17s
2026-10-02 05:33:28,560 [INFO] [DETAIL] 2993 長栄: income_stmt=OK, balance_sheet=OK, cashflow=OK, dividends=OK
2026-10-02 05:33:28,560 [INFO] [TIME] 2993 長栄 処理時間: 1.09s
2026-10-02 05:33:30,290 [DEBUG] [TIME] 2997 info: 0.18s
2026-10-02 05:33:30,290 [DEBUG] yfinance OK: 2997
2026-10-02 05:33:30,549 [DEBUG] [TIME] 2997 income_stmt: 0.26s
2026-10-02 05:33:30,736 [DEBUG] [TIME] 2997 balance_sheet: 0.19s
2026-10-02 05:33:30,914 [DEBUG] [TIME] 2997 cashflow: 0.18s
2026-10-02 05:33:31,055 [DEBUG] [TIME] 2997 dividends: 0.14s
2026-10-02 05:33:31,055 [INFO] [DETAIL] 2997 ストレージ王: income_stmt=OK, balance_sheet=OK, cashflow=OK, dividends=EMPTY
2026-10-02 05:33:31,055 [INFO] [TIME] 2997 ストレージ王 処理時間: 0.95s
2026-10-02 05:33:32,469 [DEBUG] [TIME] 2998 info: 0.19s
2026-10-02 05:33:32,469 [DEBUG] yfinance OK: 2998
2026-10-02 05:33:32,647 [DEBUG] [TIME] 2998 income_stmt: 0.18s
2026-10-02 05:33:32,937 [DEBUG] [TIME] 2998 balance_sheet: 0.29s
2026-10-02 05:33:33,144 [DEBUG] [TIME] 2998 cashflow: 0.21s
2026-10-02 05:33:33,300 [DEBUG] [TIME] 2998 dividends: 0.16s
2026-10-02 05:33:33,301 [INFO] [DETAIL] 2998 クリアル: income_stmt=OK, balance_sheet=OK, cashflow=OK, dividends=OK
2026-10-02 05:33:33,301 [INFO] [TIME] 2998 クリアル 処理時間: 1.02s
2026-10-02 05:33:34,505 [DEBUG] [TIME] 2999 info: 0.19s
2026-10-02 05:33:34,505 [DEBUG] yfinance OK: 2999
2026-10-02 05:33:34,666 [DEBUG] [TIME] 2999 income_stmt: 0.16s
2026-10-02 05:33:34,806 [DEBUG] [TIME] 2999 balance_sheet: 0.14s
2026-10-02 05:33:34,938 [DEBUG] [TIME] 2999 cashflow: 0.13s
2026-10-02 05:33:35,063 [DEBUG] [TIME] 2999 dividends: 0.12s
2026-10-02 05:33:35,064 [INFO] [DETAIL] 2999 ホームポジション: income_stmt=OK, balance_sheet=OK, cashflow=OK, dividends=OK
2026-10-02 05:33:35,064 [INFO] [TIME] 2999 ホームポジション 処理時間: 0.75s
2026-10-02 05:33:36,730 [DEBUG] [TIME] 299A info: 0.16s
2026-10-02 05:33:36,730 [DEBUG] yfinance OK: 299A
2026-10-02 05:33:36,894 [DEBUG] [TIME] 299A income_stmt: 0.16s
2026-10-02 05:33:37,048 [DEBUG] [TIME] 299A balance_sheet: 0.15s
2026-10-02 05:33:37,205 [DEBUG] [TIME] 299A cashflow: 0.16s
2026-10-02 05:33:37,299 [DEBUG] [TIME] 299A dividends: 0.09s
2026-10-02 05:33:37,299 [INFO] [DETAIL] 299A クラシル: income_stmt=OK, balance_sheet=OK, cashflow=OK, dividends=EMPTY
2026-10-02 05:33:37,299 [INFO] [TIME] 299A クラシル 処理時間: 0.73s
2026-10-02 05:33:39,174 [DEBUG] [TIME] 3001 info: 0.17s
2026-10-02 05:33:39,174 [DEBUG] yfinance OK: 3001
2026-10-02 05:33:39,326 [DEBUG] [TIME] 3001 income_stmt: 0.15s
2026-10-02 05:33:39,497 [DEBUG] [TIME] 3001 balance_sheet: 0.17s
2026-10-02 05:33:39,667 [DEBUG] [TIME] 3001 cashflow: 0.17s
2026-10-02 05:33:39,967 [DEBUG] [TIME] 3001 dividends: 0.30s
2026-10-02 05:33:39,968 [INFO] [DETAIL] 3001 片倉工業: income_stmt=OK, balance_sheet=OK, cashflow=OK, dividends=OK
2026-10-02 05:33:39,968 [INFO] [TIME] 3001 片倉工業 処理時間: 0.96s
2026-10-02 05:33:41,271 [DEBUG] [TIME] 3002 info: 0.20s
2026-10-02 05:33:41,271 [DEBUG] yfinance OK: 3002
2026-10-02 05:33:41,474 [DEBUG] [TIME] 3002 income_stmt: 0.20s
2026-10-02 05:33:41,765 [DEBUG] [TIME] 3002 balance_sheet: 0.29s
2026-10-02 05:33:41,993 [DEBUG] [TIME] 3002 cashflow: 0.23s
2026-10-02 05:33:42,264 [DEBUG] [TIME] 3002 dividends: 0.27s
2026-10-02 05:33:42,266 [INFO] [DETAIL] 3002 グンゼ: income_stmt=OK, balance_sheet=OK, cashflow=OK, dividends=OK
2026-10-02 05:33:42,266 [INFO] [TIME] 3002 グンゼ 処理時間: 1.19s
2026-10-02 05:33:43,640 [DEBUG] [TIME] 3003 info: 0.17s
2026-10-02 05:33:43,641 [DEBUG] yfinance OK: 3003
2026-10-02 05:33:43,827 [DEBUG] [TIME] 3003 income_stmt: 0.19s
2026-10-02 05:33:44,028 [DEBUG] [TIME] 3003 balance_sheet: 0.20s
2026-10-02 05:33:44,261 [DEBUG] [TIME] 3003 cashflow: 0.23s
2026-10-02 05:33:44,545 [DEBUG] [TIME] 3003 dividends: 0.28s
2026-10-02 05:33:44,547 [INFO] [DETAIL] 3003 ヒューリック: income_stmt=OK, balance_sheet=OK, cashflow=OK, dividends=OK
2026-10-02 05:33:44,547 [INFO] [TIME] 3003 ヒューリック 処理時間: 1.07s
2026-10-02 05:33:45,827 [DEBUG] [TIME] 3004 info: 0.15s
2026-10-02 05:33:45,827 [DEBUG] yfinance OK: 3004
2026-10-02 05:33:45,998 [DEBUG] [TIME] 3004 income_stmt: 0.17s
2026-10-02 05:33:46,255 [DEBUG] [TIME] 3004 balance_sheet: 0.26s
2026-10-02 05:33:46,392 [DEBUG] [TIME] 3004 cashflow: 0.14s
2026-10-02 05:33:46,696 [DEBUG] [TIME] 3004 dividends: 0.30s
2026-10-02 05:33:46,697 [INFO] [DETAIL] 3004 神栄: income_stmt=OK, balance_sheet=OK, cashflow=OK, dividends=OK
2026-10-02 05:33:46,697 [INFO] [TIME] 3004 神栄 処理時間: 1.02s
2026-10-02 05:33:48,704 [DEBUG] [TIME] 300A info: 0.15s
2026-10-02 05:33:48,704 [DEBUG] yfinance OK: 300A
2026-10-02 05:33:48,832 [DEBUG] [TIME] 300A income_stmt: 0.13s
2026-10-02 05:33:49,052 [DEBUG] [TIME] 300A balance_sheet: 0.22s
2026-10-02 05:33:49,252 [DEBUG] [TIME] 300A cashflow: 0.20s
2026-10-02 05:33:49,362 [DEBUG] [TIME] 300A dividends: 0.11s
2026-10-02 05:33:49,363 [INFO] [DETAIL] 300A ＭＩＣ: income_stmt=OK, balance_sheet=OK, cashflow=OK, dividends=OK
2026-10-02 05:33:49,363 [INFO] [TIME] 300A ＭＩＣ 処理時間: 0.81s
2026-10-02 05:33:51,365 [DEBUG] [TIME] 3010 info: 0.16s
2026-10-02 05:33:51,365 [DEBUG] yfinance OK: 3010
2026-10-02 05:33:51,503 [DEBUG] [TIME] 3010 income_stmt: 0.14s
2026-10-02 05:33:51,712 [DEBUG] [TIME] 3010 balance_sheet: 0.21s
2026-10-02 05:33:51,925 [DEBUG] [TIME] 3010 cashflow: 0.21s
2026-10-02 05:33:52,099 [DEBUG] [TIME] 3010 dividends: 0.17s
2026-10-02 05:33:52,100 [INFO] [DETAIL] 3010 ポラリス・ホールディングス: income_stmt=OK, balance_sheet=OK, cashflow=OK, dividends=OK
2026-10-02 05:33:52,100 [INFO] [TIME] 3010 ポラリス・ホールディングス 処理時間: 0.89s
2026-10-02 05:33:53,974 [DEBUG] [TIME] 3011 info: 0.25s
2026-10-02 05:33:53,974 [DEBUG] yfinance OK: 3011
2026-10-02 05:33:54,126 [DEBUG] [TIME] 3011 income_stmt: 0.15s
2026-10-02 05:33:54,434 [DEBUG] [TIME] 3011 balance_sheet: 0.31s
2026-10-02 05:33:54,605 [DEBUG] [TIME] 3011 cashflow: 0.17s
2026-10-02 05:33:54,921 [DEBUG] [TIME] 3011 dividends: 0.32s
2026-10-02 05:33:54,922 [INFO] [DETAIL] 3011 バナーズ: income_stmt=OK, balance_sheet=OK, cashflow=OK, dividends=OK
2026-10-02 05:33:54,923 [INFO] [TIME] 3011 バナーズ 処理時間: 1.20s
2026-10-02 05:33:56,378 [DEBUG] [TIME] 3020 info: 0.19s
2026-10-02 05:33:56,378 [DEBUG] yfinance OK: 3020
2026-10-02 05:33:56,506 [DEBUG] [TIME] 3020 income_stmt: 0.13s
2026-10-02 05:33:56,687 [DEBUG] [TIME] 3020 balance_sheet: 0.18s
2026-10-02 05:33:56,876 [DEBUG] [TIME] 3020 cashflow: 0.19s
2026-10-02 05:33:57,076 [DEBUG] [TIME] 3020 dividends: 0.20s
2026-10-02 05:33:57,077 [INFO] [DETAIL] 3020 アプライド: income_stmt=OK, balance_sheet=OK, cashflow=OK, dividends=OK
2026-10-02 05:33:57,077 [INFO] [TIME] 3020 アプライド 処理時間: 0.88s
2026-10-02 05:33:58,961 [DEBUG] [TIME] 3021 info: 0.20s
2026-10-02 05:33:58,961 [DEBUG] yfinance OK: 3021
2026-10-02 05:33:59,165 [DEBUG] [TIME] 3021 income_stmt: 0.20s
2026-10-02 05:33:59,439 [DEBUG] [TIME] 3021 balance_sheet: 0.27s
2026-10-02 05:33:59,668 [DEBUG] [TIME] 3021 cashflow: 0.23s
2026-10-02 05:33:59,907 [DEBUG] [TIME] 3021 dividends: 0.24s
2026-10-02 05:33:59,908 [INFO] [DETAIL] 3021 パシフィックネット: income_stmt=OK, balance_sheet=OK, cashflow=OK, dividends=OK
2026-10-02 05:33:59,909 [INFO] [TIME] 3021 パシフィックネット 処理時間: 1.14s
2026-10-02 05:34:01,346 [DEBUG] [TIME] 3023 info: 0.15s
2026-10-02 05:34:01,346 [DEBUG] yfinance OK: 3023
2026-10-02 05:34:01,501 [DEBUG] [TIME] 3023 income_stmt: 0.16s
2026-10-02 05:34:01,709 [DEBUG] [TIME] 3023 balance_sheet: 0.21s
2026-10-02 05:34:01,935 [DEBUG] [TIME] 3023 cashflow: 0.23s
2026-10-02 05:34:02,147 [DEBUG] [TIME] 3023 dividends: 0.21s
2026-10-02 05:34:02,149 [INFO] [DETAIL] 3023 ラサ商事: income_stmt=OK, balance_sheet=OK, cashflow=OK, dividends=OK
2026-10-02 05:34:02,149 [INFO] [TIME] 3023 ラサ商事 処理時間: 0.95s
2026-10-02 05:34:04,037 [DEBUG] [TIME] 3024 info: 0.16s
2026-10-02 05:34:04,037 [DEBUG] yfinance OK: 3024
2026-10-02 05:34:04,256 [DEBUG] [TIME] 3024 income_stmt: 0.22s
2026-10-02 05:34:04,488 [DEBUG] [TIME] 3024 balance_sheet: 0.23s
2026-10-02 05:34:04,695 [DEBUG] [TIME] 3024 cashflow: 0.21s
2026-10-02 05:34:04,959 [DEBUG] [TIME] 3024 dividends: 0.26s
2026-10-02 05:34:04,960 [INFO] [DETAIL] 3024 クリエイト: income_stmt=OK, balance_sheet=OK, cashflow=OK, dividends=OK
2026-10-02 05:34:04,960 [INFO] [TIME] 3024 クリエイト 処理時間: 1.08s
2026-10-02 05:34:07,113 [DEBUG] [TIME] 3028 info: 0.19s
2026-10-02 05:34:07,113 [DEBUG] yfinance OK: 3028
2026-10-02 05:34:07,305 [DEBUG] [TIME] 3028 income_stmt: 0.19s
2026-10-02 05:34:07,458 [DEBUG] [TIME] 3028 balance_sheet: 0.15s
2026-10-02 05:34:07,714 [DEBUG] [TIME] 3028 cashflow: 0.26s
2026-10-02 05:34:07,941 [DEBUG] [TIME] 3028 dividends: 0.23s
2026-10-02 05:34:07,942 [INFO] [DETAIL] 3028 アルペン: income_stmt=OK, balance_sheet=OK, cashflow=OK, dividends=OK
2026-10-02 05:34:07,942 [INFO] [TIME] 3028 アルペン 処理時間: 1.02s
2026-10-02 05:34:09,825 [DEBUG] [TIME] 302A info: 0.15s
2026-10-02 05:34:09,825 [DEBUG] yfinance OK: 302A
2026-10-02 05:34:10,044 [DEBUG] [TIME] 302A income_stmt: 0.22s
2026-10-02 05:34:10,185 [DEBUG] [TIME] 302A balance_sheet: 0.14s
2026-10-02 05:34:10,314 [DEBUG] [TIME] 302A cashflow: 0.13s
2026-10-02 05:34:10,417 [DEBUG] [TIME] 302A dividends: 0.10s
2026-10-02 05:34:10,417 [INFO] [DETAIL] 302A ビースタイルホールディングス: income_stmt=OK, balance_sheet=OK, cashflow=OK, dividends=EMPTY
2026-10-02 05:34:10,417 [INFO] [TIME] 302A ビースタイルホールディングス 処理時間: 0.74s
2026-10-02 05:34:12,127 [DEBUG] [TIME] 3030 info: 0.17s
2026-10-02 05:34:12,127 [DEBUG] yfinance OK: 3030
2026-10-02 05:34:12,272 [DEBUG] [TIME] 3030 income_stmt: 0.14s
2026-10-02 05:34:12,498 [DEBUG] [TIME] 3030 balance_sheet: 0.23s
2026-10-02 05:34:12,677 [DEBUG] [TIME] 3030 cashflow: 0.18s
2026-10-02 05:34:12,967 [DEBUG] [TIME] 3030 dividends: 0.29s
2026-10-02 05:34:12,968 [INFO] [DETAIL] 3030 ハブ: income_stmt=OK, balance_sheet=OK, cashflow=OK, dividends=OK
2026-10-02 05:34:12,968 [INFO] [TIME] 3030 ハブ 処理時間: 1.02s
2026-10-02 05:34:14,469 [DEBUG] [TIME] 3031 info: 0.22s
2026-10-02 05:34:14,469 [DEBUG] yfinance OK: 3031
2026-10-02 05:34:14,651 [DEBUG] [TIME] 3031 income_stmt: 0.18s
2026-10-02 05:34:14,895 [DEBUG] [TIME] 3031 balance_sheet: 0.24s
2026-10-02 05:34:15,081 [DEBUG] [TIME] 3031 cashflow: 0.18s
2026-10-02 05:34:15,409 [DEBUG] [TIME] 3031 dividends: 0.33s
2026-10-02 05:34:15,410 [INFO] [DETAIL] 3031 ラクーンホールディングス: income_stmt=OK, balance_sheet=OK, cashflow=OK, dividends=OK
2026-10-02 05:34:15,410 [INFO] [TIME] 3031 ラクーンホールディングス 処理時間: 1.16s
2026-10-02 05:34:16,738 [DEBUG] [TIME] 3034 info: 0.18s
2026-10-02 05:34:16,738 [DEBUG] yfinance OK: 3034
2026-10-02 05:34:16,867 [DEBUG] [TIME] 3034 income_stmt: 0.13s
2026-10-02 05:34:17,060 [DEBUG] [TIME] 3034 balance_sheet: 0.19s
2026-10-02 05:34:17,285 [DEBUG] [TIME] 3034 cashflow: 0.22s
2026-10-02 05:34:17,551 [DEBUG] [TIME] 3034 dividends: 0.26s
2026-10-02 05:34:17,552 [INFO] [DETAIL] 3034 クオールホールディングス: income_stmt=OK, balance_sheet=OK, cashflow=OK, dividends=OK
2026-10-02 05:34:17,552 [INFO] [TIME] 3034 クオールホールディングス 処理時間: 1.00s
2026-10-02 05:34:19,289 [DEBUG] [TIME] 3035 info: 0.15s
2026-10-02 05:34:19,289 [DEBUG] yfinance OK: 3035
2026-10-02 05:34:19,426 [DEBUG] [TIME] 3035 income_stmt: 0.14s
2026-10-02 05:34:19,684 [DEBUG] [TIME] 3035 balance_sheet: 0.26s
2026-10-02 05:34:19,913 [DEBUG] [TIME] 3035 cashflow: 0.23s
2026-10-02 05:34:20,130 [DEBUG] [TIME] 3035 dividends: 0.22s
2026-10-02 05:34:20,131 [INFO] [DETAIL] 3035 ケイティケイ: income_stmt=OK, balance_sheet=OK, cashflow=OK, dividends=OK
2026-10-02 05:34:20,132 [INFO] [TIME] 3035 ケイティケイ 処理時間: 0.99s
2026-10-02 05:34:22,153 [DEBUG] [TIME] 3036 info: 0.15s
2026-10-02 05:34:22,153 [DEBUG] yfinance OK: 3036
2026-10-02 05:34:22,345 [DEBUG] [TIME] 3036 income_stmt: 0.19s
2026-10-02 05:34:22,510 [DEBUG] [TIME] 3036 balance_sheet: 0.16s
2026-10-02 05:34:22,717 [DEBUG] [TIME] 3036 cashflow: 0.21s
2026-10-02 05:34:22,965 [DEBUG] [TIME] 3036 dividends: 0.25s
2026-10-02 05:34:22,966 [INFO] [DETAIL] 3036 アルコニックス: income_stmt=OK, balance_sheet=OK, cashflow=OK, dividends=OK
2026-10-02 05:34:22,966 [INFO] [TIME] 3036 アルコニックス 処理時間: 0.96s
2026-10-02 05:34:24,720 [DEBUG] [TIME] 3038 info: 0.14s
2026-10-02 05:34:24,720 [DEBUG] yfinance OK: 3038
2026-10-02 05:34:24,883 [DEBUG] [TIME] 3038 income_stmt: 0.16s
2026-10-02 05:34:25,175 [DEBUG] [TIME] 3038 balance_sheet: 0.29s
2026-10-02 05:34:25,338 [DEBUG] [TIME] 3038 cashflow: 0.16s
2026-10-02 05:34:25,624 [DEBUG] [TIME] 3038 dividends: 0.29s
2026-10-02 05:34:25,625 [INFO] [DETAIL] 3038 神戸物産: income_stmt=OK, balance_sheet=OK, cashflow=OK, dividends=OK
2026-10-02 05:34:25,625 [INFO] [TIME] 3038 神戸物産 処理時間: 1.05s
2026-10-02 05:34:27,160 [DEBUG] [TIME] 303A info: 0.18s
2026-10-02 05:34:27,161 [DEBUG] yfinance OK: 303A
2026-10-02 05:34:27,296 [DEBUG] [TIME] 303A income_stmt: 0.14s
2026-10-02 05:34:27,536 [DEBUG] [TIME] 303A balance_sheet: 0.24s
2026-10-02 05:34:27,689 [DEBUG] [TIME] 303A cashflow: 0.15s
2026-10-02 05:34:27,786 [DEBUG] [TIME] 303A dividends: 0.10s
2026-10-02 05:34:27,786 [INFO] [DETAIL] 303A ｖｉｓｕｍｏ: income_stmt=OK, balance_sheet=OK, cashflow=OK, dividends=EMPTY
2026-10-02 05:34:27,786 [INFO] [TIME] 303A ｖｉｓｕｍｏ 処理時間: 0.81s
2026-10-02 05:34:29,509 [DEBUG] [TIME] 3040 info: 0.16s
2026-10-02 05:34:29,509 [DEBUG] yfinance OK: 3040
2026-10-02 05:34:29,734 [DEBUG] [TIME] 3040 income_stmt: 0.23s
2026-10-02 05:34:29,952 [DEBUG] [TIME] 3040 balance_sheet: 0.22s
2026-10-02 05:34:30,207 [DEBUG] [TIME] 3040 cashflow: 0.25s
2026-10-02 05:34:30,422 [DEBUG] [TIME] 3040 dividends: 0.21s
2026-10-02 05:34:30,423 [INFO] [DETAIL] 3040 ソリトンシステムズ: income_stmt=OK, balance_sheet=OK, cashflow=OK, dividends=OK
2026-10-02 05:34:30,423 [INFO] [TIME] 3040 ソリトンシステムズ 処理時間: 1.08s
2026-10-02 05:34:32,494 [DEBUG] [TIME] 3041 info: 0.16s
2026-10-02 05:34:32,494 [DEBUG] yfinance OK: 3041
2026-10-02 05:34:32,631 [DEBUG] [TIME] 3041 income_stmt: 0.14s
2026-10-02 05:34:32,829 [DEBUG] [TIME] 3041 balance_sheet: 0.20s
2026-10-02 05:34:32,950 [DEBUG] [TIME] 3041 cashflow: 0.12s
2026-10-02 05:34:33,209 [DEBUG] [TIME] 3041 dividends: 0.26s
2026-10-02 05:34:33,210 [INFO] [DETAIL] 3041 ビューティカダンホールディングス: income_stmt=OK, balance_sheet=OK, cashflow=OK, dividends=OK
2026-10-02 05:34:33,210 [INFO] [TIME] 3041 ビューティカダンホールディングス 処理時間: 0.88s
2026-10-02 05:34:35,168 [DEBUG] [TIME] 3042 info: 0.21s
2026-10-02 05:34:35,168 [DEBUG] yfinance OK: 3042
2026-10-02 05:34:35,323 [DEBUG] [TIME] 3042 income_stmt: 0.15s
2026-10-02 05:34:35,651 [DEBUG] [TIME] 3042 balance_sheet: 0.33s
2026-10-02 05:34:35,852 [DEBUG] [TIME] 3042 cashflow: 0.20s
2026-10-02 05:34:36,086 [DEBUG] [TIME] 3042 dividends: 0.23s
2026-10-02 05:34:36,087 [INFO] [DETAIL] 3042 セキュアヴェイル: income_stmt=OK, balance_sheet=OK, cashflow=OK, dividends=OK
2026-10-02 05:34:36,087 [INFO] [TIME] 3042 セキュアヴェイル 処理時間: 1.13s
2026-10-02 05:34:37,428 [DEBUG] [TIME] 3045 info: 0.23s
2026-10-02 05:34:37,428 [DEBUG] yfinance OK: 3045
2026-10-02 05:34:37,591 [DEBUG] [TIME] 3045 income_stmt: 0.16s
2026-10-02 05:34:37,852 [DEBUG] [TIME] 3045 balance_sheet: 0.26s
2026-10-02 05:34:38,043 [DEBUG] [TIME] 3045 cashflow: 0.19s
2026-10-02 05:34:38,334 [DEBUG] [TIME] 3045 dividends: 0.29s
2026-10-02 05:34:38,335 [INFO] [DETAIL] 3045 カワサキ: income_stmt=OK, balance_sheet=OK, cashflow=OK, dividends=OK
2026-10-02 05:34:38,336 [INFO] [TIME] 3045 カワサキ 処理時間: 1.14s
2026-10-02 05:34:39,747 [DEBUG] [TIME] 3046 info: 0.17s
2026-10-02 05:34:39,747 [DEBUG] yfinance OK: 3046
2026-10-02 05:34:39,940 [DEBUG] [TIME] 3046 income_stmt: 0.19s
2026-10-02 05:34:40,257 [DEBUG] [TIME] 3046 balance_sheet: 0.32s
2026-10-02 05:34:40,410 [DEBUG] [TIME] 3046 cashflow: 0.15s
2026-10-02 05:34:40,596 [DEBUG] [TIME] 3046 dividends: 0.19s
2026-10-02 05:34:40,597 [INFO] [DETAIL] 3046 ジンズホールディングス: income_stmt=OK, balance_sheet=OK, cashflow=OK, dividends=OK
2026-10-02 05:34:40,597 [INFO] [TIME] 3046 ジンズホールディングス 処理時間: 1.02s
2026-10-02 05:34:42,394 [DEBUG] [TIME] 3048 info: 0.22s
2026-10-02 05:34:42,394 [DEBUG] yfinance OK: 3048
2026-10-02 05:34:42,586 [DEBUG] [TIME] 3048 income_stmt: 0.19s
2026-10-02 05:34:42,775 [DEBUG] [TIME] 3048 balance_sheet: 0.19s
2026-10-02 05:34:43,054 [DEBUG] [TIME] 3048 cashflow: 0.28s
2026-10-02 05:34:43,314 [DEBUG] [TIME] 3048 dividends: 0.26s
2026-10-02 05:34:43,315 [INFO] [DETAIL] 3048 ビックカメラ: income_stmt=OK, balance_sheet=OK, cashflow=OK, dividends=OK
2026-10-02 05:34:43,316 [INFO] [TIME] 3048 ビックカメラ 処理時間: 1.14s
2026-10-02 05:34:44,640 [DEBUG] [TIME] 304A info: 0.15s
2026-10-02 05:34:44,640 [DEBUG] yfinance OK: 304A
2026-10-02 05:34:44,812 [DEBUG] [TIME] 304A income_stmt: 0.17s
2026-10-02 05:34:44,988 [DEBUG] [TIME] 304A balance_sheet: 0.18s
2026-10-02 05:34:45,121 [DEBUG] [TIME] 304A cashflow: 0.13s
2026-10-02 05:34:45,242 [DEBUG] [TIME] 304A dividends: 0.12s
2026-10-02 05:34:45,242 [INFO] [DETAIL] 304A フォルシア: income_stmt=OK, balance_sheet=OK, cashflow=OK, dividends=EMPTY
2026-10-02 05:34:45,242 [INFO] [TIME] 304A フォルシア 処理時間: 0.76s
2026-10-02 05:34:46,657 [DEBUG] [TIME] 3050 info: 0.15s
2026-10-02 05:34:46,657 [DEBUG] yfinance OK: 3050
2026-10-02 05:34:46,867 [DEBUG] [TIME] 3050 income_stmt: 0.21s
2026-10-02 05:34:47,170 [DEBUG] [TIME] 3050 balance_sheet: 0.30s
2026-10-02 05:34:47,380 [DEBUG] [TIME] 3050 cashflow: 0.21s
2026-10-02 05:34:47,599 [DEBUG] [TIME] 3050 dividends: 0.22s
2026-10-02 05:34:47,600 [INFO] [DETAIL] 3050 ＤＣＭホールディングス: income_stmt=OK, balance_sheet=OK, cashflow=OK, dividends=OK
2026-10-02 05:34:47,600 [INFO] [TIME] 3050 ＤＣＭホールディングス 処理時間: 1.10s
2026-10-02 05:34:49,550 [DEBUG] [TIME] 3053 info: 0.18s
2026-10-02 05:34:49,550 [DEBUG] yfinance OK: 3053
2026-10-02 05:34:49,763 [DEBUG] [TIME] 3053 income_stmt: 0.21s
2026-10-02 05:34:49,920 [DEBUG] [TIME] 3053 balance_sheet: 0.16s
2026-10-02 05:34:50,107 [DEBUG] [TIME] 3053 cashflow: 0.19s
2026-10-02 05:34:50,311 [DEBUG] [TIME] 3053 dividends: 0.20s
2026-10-02 05:34:50,312 [INFO] [DETAIL] 3053 ペッパーフードサービス: income_stmt=OK, balance_sheet=OK, cashflow=OK, dividends=OK
2026-10-02 05:34:50,312 [INFO] [TIME] 3053 ペッパーフードサービス 処理時間: 0.94s
2026-10-02 05:34:51,747 [DEBUG] [TIME] 3054 info: 0.19s
2026-10-02 05:34:51,747 [DEBUG] yfinance OK: 3054
2026-10-02 05:34:51,978 [DEBUG] [TIME] 3054 income_stmt: 0.23s
2026-10-02 05:34:52,302 [DEBUG] [TIME] 3054 balance_sheet: 0.32s
2026-10-02 05:34:52,437 [DEBUG] [TIME] 3054 cashflow: 0.13s
2026-10-02 05:34:52,660 [DEBUG] [TIME] 3054 dividends: 0.22s
2026-10-02 05:34:52,661 [INFO] [DETAIL] 3054 ハイパー: income_stmt=OK, balance_sheet=OK, cashflow=OK, dividends=OK
2026-10-02 05:34:52,661 [INFO] [TIME] 3054 ハイパー 処理時間: 1.11s
2026-10-02 05:34:54,347 [DEBUG] [TIME] 3058 info: 0.19s
2026-10-02 05:34:54,347 [DEBUG] yfinance OK: 3058
2026-10-02 05:34:54,509 [DEBUG] [TIME] 3058 income_stmt: 0.16s
2026-10-02 05:34:54,782 [DEBUG] [TIME] 3058 balance_sheet: 0.27s
2026-10-02 05:34:55,011 [DEBUG] [TIME] 3058 cashflow: 0.23s
2026-10-02 05:34:55,215 [DEBUG] [TIME] 3058 dividends: 0.20s
2026-10-02 05:34:55,216 [INFO] [DETAIL] 3058 三洋堂ホールディングス: income_stmt=OK, balance_sheet=OK, cashflow=OK, dividends=OK
2026-10-02 05:34:55,216 [INFO] [TIME] 3058 三洋堂ホールディングス 処理時間: 1.06s
2026-10-02 05:34:56,801 [DEBUG] [TIME] 3059 info: 0.16s
2026-10-02 05:34:56,801 [DEBUG] yfinance OK: 3059
2026-10-02 05:34:57,015 [DEBUG] [TIME] 3059 income_stmt: 0.21s
2026-10-02 05:34:57,165 [DEBUG] [TIME] 3059 balance_sheet: 0.15s
2026-10-02 05:34:57,393 [DEBUG] [TIME] 3059 cashflow: 0.23s
2026-10-02 05:34:57,619 [DEBUG] [TIME] 3059 dividends: 0.22s
2026-10-02 05:34:57,620 [INFO] [DETAIL] 3059 ヒラキ: income_stmt=OK, balance_sheet=OK, cashflow=OK, dividends=OK
2026-10-02 05:34:57,620 [INFO] [TIME] 3059 ヒラキ 処理時間: 0.98s
2026-10-02 05:34:59,487 [DEBUG] [TIME] 3063 info: 0.16s
2026-10-02 05:34:59,487 [DEBUG] yfinance OK: 3063
2026-10-02 05:34:59,719 [DEBUG] [TIME] 3063 income_stmt: 0.23s
2026-10-02 05:34:59,924 [DEBUG] [TIME] 3063 balance_sheet: 0.20s
2026-10-02 05:35:00,235 [DEBUG] [TIME] 3063 cashflow: 0.31s
2026-10-02 05:35:00,489 [DEBUG] [TIME] 3063 dividends: 0.25s
2026-10-02 05:35:00,490 [INFO] [DETAIL] 3063 ジェイグループホールディングス: income_stmt=OK, balance_sheet=OK, cashflow=OK, dividends=OK
2026-10-02 05:35:00,490 [INFO] [TIME] 3063 ジェイグループホールディングス 処理時間: 1.17s
2026-10-02 05:35:01,726 [DEBUG] [TIME] 3064 info: 0.21s
2026-10-02 05:35:01,726 [DEBUG] yfinance OK: 3064
2026-10-02 05:35:01,863 [DEBUG] [TIME] 3064 income_stmt: 0.14s
2026-10-02 05:35:02,116 [DEBUG] [TIME] 3064 balance_sheet: 0.25s
2026-10-02 05:35:02,257 [DEBUG] [TIME] 3064 cashflow: 0.14s
2026-10-02 05:35:02,479 [DEBUG] [TIME] 3064 dividends: 0.22s
2026-10-02 05:35:02,481 [INFO] [DETAIL] 3064 ＭｏｎｏｔａＲＯ: income_stmt=OK, balance_sheet=OK, cashflow=OK, dividends=OK
2026-10-02 05:35:02,481 [INFO] [TIME] 3064 ＭｏｎｏｔａＲＯ 処理時間: 0.96s
2026-10-02 05:35:03,782 [DEBUG] [TIME] 3065 info: 0.17s
2026-10-02 05:35:03,782 [DEBUG] yfinance OK: 3065
2026-10-02 05:35:04,007 [DEBUG] [TIME] 3065 income_stmt: 0.22s
2026-10-02 05:35:04,335 [DEBUG] [TIME] 3065 balance_sheet: 0.33s
2026-10-02 05:35:04,573 [DEBUG] [TIME] 3065 cashflow: 0.24s
2026-10-02 05:35:04,797 [DEBUG] [TIME] 3065 dividends: 0.22s
2026-10-02 05:35:04,798 [INFO] [DETAIL] 3065 ライフフーズ: income_stmt=OK, balance_sheet=OK, cashflow=OK, dividends=OK
2026-10-02 05:35:04,798 [INFO] [TIME] 3065 ライフフーズ 処理時間: 1.18s
2026-10-02 05:35:06,040 [DEBUG] [TIME] 3067 info: 0.14s
2026-10-02 05:35:06,040 [DEBUG] yfinance OK: 3067
2026-10-02 05:35:06,272 [DEBUG] [TIME] 3067 income_stmt: 0.23s
2026-10-02 05:35:06,527 [DEBUG] [TIME] 3067 balance_sheet: 0.25s
2026-10-02 05:35:06,737 [DEBUG] [TIME] 3067 cashflow: 0.21s
2026-10-02 05:35:06,975 [DEBUG] [TIME] 3067 dividends: 0.24s
2026-10-02 05:35:06,976 [INFO] [DETAIL] 3067 東京一番フーズ: income_stmt=OK, balance_sheet=OK, cashflow=OK, dividends=OK
2026-10-02 05:35:06,976 [INFO] [TIME] 3067 東京一番フーズ 処理時間: 1.08s
2026-10-02 05:35:08,907 [DEBUG] [TIME] 3068 info: 0.18s
2026-10-02 05:35:08,907 [DEBUG] yfinance OK: 3068
2026-10-02 05:35:09,032 [DEBUG] [TIME] 3068 income_stmt: 0.12s
2026-10-02 05:35:09,257 [DEBUG] [TIME] 3068 balance_sheet: 0.23s
2026-10-02 05:35:09,511 [DEBUG] [TIME] 3068 cashflow: 0.25s
2026-10-02 05:35:09,728 [DEBUG] [TIME] 3068 dividends: 0.22s
2026-10-02 05:35:09,729 [INFO] [DETAIL] 3068 ＷＤＩ: income_stmt=OK, balance_sheet=OK, cashflow=OK, dividends=OK
2026-10-02 05:35:09,729 [INFO] [TIME] 3068 ＷＤＩ 処理時間: 1.00s
2026-10-02 05:35:11,536 [DEBUG] [TIME] 3069 info: 0.15s
2026-10-02 05:35:11,536 [DEBUG] yfinance OK: 3069
2026-10-02 05:35:11,683 [DEBUG] [TIME] 3069 income_stmt: 0.15s
2026-10-02 05:35:11,912 [DEBUG] [TIME] 3069 balance_sheet: 0.23s
2026-10-02 05:35:12,133 [DEBUG] [TIME] 3069 cashflow: 0.22s
2026-10-02 05:35:12,322 [DEBUG] [TIME] 3069 dividends: 0.19s
2026-10-02 05:35:12,323 [INFO] [DETAIL] 3069 ＪＦＬＡホールディングス: income_stmt=OK, balance_sheet=OK, cashflow=OK, dividends=OK
2026-10-02 05:35:12,323 [INFO] [TIME] 3069 ＪＦＬＡホールディングス 処理時間: 0.93s
2026-10-02 05:35:14,366 [DEBUG] [TIME] 3070 info: 0.17s
2026-10-02 05:35:14,366 [DEBUG] yfinance OK: 3070
2026-10-02 05:35:14,705 [DEBUG] [TIME] 3070 income_stmt: 0.34s
2026-10-02 05:35:14,878 [DEBUG] [TIME] 3070 balance_sheet: 0.17s
2026-10-02 05:35:15,116 [DEBUG] [TIME] 3070 cashflow: 0.24s
2026-10-02 05:35:15,426 [DEBUG] [TIME] 3070 dividends: 0.31s
2026-10-02 05:35:15,426 [INFO] [DETAIL] 3070 ジェリービーンズグループ: income_stmt=OK, balance_sheet=OK, cashflow=OK, dividends=OK
2026-10-02 05:35:15,427 [INFO] [TIME] 3070 ジェリービーンズグループ 処理時間: 1.23s
2026-10-02 05:35:17,165 [DEBUG] [TIME] 3071 info: 0.19s
2026-10-02 05:35:17,165 [DEBUG] yfinance OK: 3071
2026-10-02 05:35:17,283 [DEBUG] [TIME] 3071 income_stmt: 0.12s
2026-10-02 05:35:17,456 [DEBUG] [TIME] 3071 balance_sheet: 0.17s
2026-10-02 05:35:17,604 [DEBUG] [TIME] 3071 cashflow: 0.15s
2026-10-02 05:35:17,851 [DEBUG] [TIME] 3071 dividends: 0.25s
2026-10-02 05:35:17,852 [INFO] [DETAIL] 3071 ストリーム: income_stmt=OK, balance_sheet=OK, cashflow=OK, dividends=OK
2026-10-02 05:35:17,852 [INFO] [TIME] 3071 ストリーム 処理時間: 0.87s
2026-10-02 05:35:19,681 [DEBUG] [TIME] 3075 info: 0.22s
2026-10-02 05:35:19,681 [DEBUG] yfinance OK: 3075
2026-10-02 05:35:20,120 [DEBUG] [TIME] 3075 income_stmt: 0.44s
2026-10-02 05:35:20,353 [DEBUG] [TIME] 3075 balance_sheet: 0.23s
2026-10-02 05:35:20,547 [DEBUG] [TIME] 3075 cashflow: 0.19s
2026-10-02 05:35:20,755 [DEBUG] [TIME] 3075 dividends: 0.21s
2026-10-02 05:35:20,757 [INFO] [DETAIL] 3075 銚子丸: income_stmt=OK, balance_sheet=OK, cashflow=OK, dividends=OK
2026-10-02 05:35:20,757 [INFO] [TIME] 3075 銚子丸 処理時間: 1.29s
2026-10-02 05:35:21,967 [DEBUG] [TIME] 3076 info: 0.19s
2026-10-02 05:35:21,967 [DEBUG] yfinance OK: 3076
2026-10-02 05:35:22,127 [DEBUG] [TIME] 3076 income_stmt: 0.16s
2026-10-02 05:35:22,275 [DEBUG] [TIME] 3076 balance_sheet: 0.15s
2026-10-02 05:35:22,500 [DEBUG] [TIME] 3076 cashflow: 0.22s
2026-10-02 05:35:22,825 [DEBUG] [TIME] 3076 dividends: 0.32s
2026-10-02 05:35:22,826 [INFO] [DETAIL] 3076 あい　ホールディングス: income_stmt=OK, balance_sheet=OK, cashflow=OK, dividends=OK
2026-10-02 05:35:22,827 [INFO] [TIME] 3076 あい　ホールディングス 処理時間: 1.05s
2026-10-02 05:35:25,028 [DEBUG] [TIME] 3077 info: 0.25s
2026-10-02 05:35:25,029 [DEBUG] yfinance OK: 3077
2026-10-02 05:35:25,194 [DEBUG] [TIME] 3077 income_stmt: 0.17s
2026-10-02 05:35:25,471 [DEBUG] [TIME] 3077 balance_sheet: 0.28s
2026-10-02 05:35:25,705 [DEBUG] [TIME] 3077 cashflow: 0.23s
2026-10-02 05:35:25,919 [DEBUG] [TIME] 3077 dividends: 0.21s
2026-10-02 05:35:25,920 [INFO] [DETAIL] 3077 ホリイフードサービス: income_stmt=OK, balance_sheet=OK, cashflow=OK, dividends=OK
2026-10-02 05:35:25,920 [INFO] [TIME] 3077 ホリイフードサービス 処理時間: 1.15s
2026-10-02 05:35:27,247 [DEBUG] [TIME] 3079 info: 0.20s
2026-10-02 05:35:27,247 [WARNING] yfinance データなし: 3079
2026-10-02 05:35:27,248 [INFO] [TIME] 3079 ディーブイエックス 処理時間: 0.20s
2026-10-02 05:35:28,651 [DEBUG] [TIME] 3080 info: 0.22s
2026-10-02 05:35:28,651 [DEBUG] yfinance OK: 3080
2026-10-02 05:35:28,810 [DEBUG] [TIME] 3080 income_stmt: 0.16s
2026-10-02 05:35:29,015 [DEBUG] [TIME] 3080 balance_sheet: 0.20s
2026-10-02 05:35:29,243 [DEBUG] [TIME] 3080 cashflow: 0.23s
2026-10-02 05:35:29,466 [DEBUG] [TIME] 3080 dividends: 0.22s
2026-10-02 05:35:29,467 [INFO] [DETAIL] 3080 ジェーソン: income_stmt=OK, balance_sheet=OK, cashflow=OK, dividends=OK
2026-10-02 05:35:29,467 [INFO] [TIME] 3080 ジェーソン 処理時間: 1.04s
2026-10-02 05:35:31,869 [DEBUG] [TIME] 3082 info: 0.41s
2026-10-02 05:35:31,869 [DEBUG] yfinance OK: 3082
2026-10-02 05:35:32,056 [DEBUG] [TIME] 3082 income_stmt: 0.19s
2026-10-02 05:35:32,237 [DEBUG] [TIME] 3082 balance_sheet: 0.18s
2026-10-02 05:35:32,389 [DEBUG] [TIME] 3082 cashflow: 0.15s
2026-10-02 05:35:32,605 [DEBUG] [TIME] 3082 dividends: 0.22s
2026-10-02 05:35:32,606 [INFO] [DETAIL] 3082 きちりホールディングス: income_stmt=OK, balance_sheet=OK, cashflow=OK, dividends=OK
2026-10-02 05:35:32,606 [INFO] [TIME] 3082 きちりホールディングス 処理時間: 1.14s
2026-10-02 05:35:34,299 [DEBUG] [TIME] 3083 info: 0.36s
2026-10-02 05:35:34,299 [DEBUG] yfinance OK: 3083
2026-10-02 05:35:34,474 [DEBUG] [TIME] 3083 income_stmt: 0.18s
2026-10-02 05:35:34,681 [DEBUG] [TIME] 3083 balance_sheet: 0.21s
2026-10-02 05:35:34,940 [DEBUG] [TIME] 3083 cashflow: 0.26s
2026-10-02 05:35:35,206 [DEBUG] [TIME] 3083 dividends: 0.27s
2026-10-02 05:35:35,207 [INFO] [DETAIL] 3083 スターシーズ: income_stmt=OK, balance_sheet=OK, cashflow=OK, dividends=OK
2026-10-02 05:35:35,207 [INFO] [TIME] 3083 スターシーズ 処理時間: 1.27s
2026-10-02 05:35:37,121 [DEBUG] [TIME] 3086 info: 0.15s
2026-10-02 05:35:37,121 [DEBUG] yfinance OK: 3086
2026-10-02 05:35:37,358 [DEBUG] [TIME] 3086 income_stmt: 0.24s
2026-10-02 05:35:37,525 [DEBUG] [TIME] 3086 balance_sheet: 0.17s
2026-10-02 05:35:37,715 [DEBUG] [TIME] 3086 cashflow: 0.19s
2026-10-02 05:35:37,986 [DEBUG] [TIME] 3086 dividends: 0.27s
2026-10-02 05:35:37,987 [INFO] [DETAIL] 3086 Ｊ．フロント　リテイリング: income_stmt=OK, balance_sheet=OK, cashflow=OK, dividends=OK
2026-10-02 05:35:37,987 [INFO] [TIME] 3086 Ｊ．フロント　リテイリング 処理時間: 1.02s
2026-10-02 05:35:39,241 [DEBUG] [TIME] 3087 info: 0.19s
2026-10-02 05:35:39,241 [DEBUG] yfinance OK: 3087
2026-10-02 05:35:39,385 [DEBUG] [TIME] 3087 income_stmt: 0.14s
2026-10-02 05:35:39,647 [DEBUG] [TIME] 3087 balance_sheet: 0.26s
2026-10-02 05:35:39,791 [DEBUG] [TIME] 3087 cashflow: 0.14s
2026-10-02 05:35:40,023 [DEBUG] [TIME] 3087 dividends: 0.23s
2026-10-02 05:35:40,025 [INFO] [DETAIL] 3087 ドトール・日レスホールディングス: income_stmt=OK, balance_sheet=OK, cashflow=OK, dividends=OK
2026-10-02 05:35:40,025 [INFO] [TIME] 3087 ドトール・日レスホールディングス 処理時間: 0.98s
2026-10-02 05:35:41,327 [DEBUG] [TIME] 3088 info: 0.24s
2026-10-02 05:35:41,327 [DEBUG] yfinance OK: 3088
2026-10-02 05:35:41,476 [DEBUG] [TIME] 3088 income_stmt: 0.15s
2026-10-02 05:35:41,791 [DEBUG] [TIME] 3088 balance_sheet: 0.31s
2026-10-02 05:35:41,930 [DEBUG] [TIME] 3088 cashflow: 0.14s
2026-10-02 05:35:42,203 [DEBUG] [TIME] 3088 dividends: 0.27s
2026-10-02 05:35:42,204 [INFO] [DETAIL] 3088 マツキヨココカラ＆カンパニー: income_stmt=OK, balance_sheet=OK, cashflow=OK, dividends=OK
2026-10-02 05:35:42,204 [INFO] [TIME] 3088 マツキヨココカラ＆カンパニー 処理時間: 1.12s
2026-10-02 05:35:44,442 [DEBUG] [TIME] 3089 info: 0.30s
2026-10-02 05:35:44,442 [DEBUG] yfinance OK: 3089
2026-10-02 05:35:44,646 [DEBUG] [TIME] 3089 income_stmt: 0.20s
2026-10-02 05:35:44,908 [DEBUG] [TIME] 3089 balance_sheet: 0.26s
2026-10-02 05:35:45,143 [DEBUG] [TIME] 3089 cashflow: 0.23s
2026-10-02 05:35:45,388 [DEBUG] [TIME] 3089 dividends: 0.25s
2026-10-02 05:35:45,389 [INFO] [DETAIL] 3089 テクノアルファ: income_stmt=OK, balance_sheet=OK, cashflow=OK, dividends=OK
2026-10-02 05:35:45,390 [INFO] [TIME] 3089 テクノアルファ 処理時間: 1.25s
2026-10-02 05:35:46,908 [DEBUG] [TIME] 3091 info: 0.15s
2026-10-02 05:35:46,908 [DEBUG] yfinance OK: 3091
2026-10-02 05:35:47,042 [DEBUG] [TIME] 3091 income_stmt: 0.13s
2026-10-02 05:35:47,213 [DEBUG] [TIME] 3091 balance_sheet: 0.17s
2026-10-02 05:35:47,397 [DEBUG] [TIME] 3091 cashflow: 0.18s
2026-10-02 05:35:47,604 [DEBUG] [TIME] 3091 dividends: 0.21s
2026-10-02 05:35:47,605 [INFO] [DETAIL] 3091 ブロンコビリー: income_stmt=OK, balance_sheet=OK, cashflow=OK, dividends=OK
2026-10-02 05:35:47,606 [INFO] [TIME] 3091 ブロンコビリー 処理時間: 0.85s
2026-10-02 05:35:48,841 [DEBUG] [TIME] 3092 info: 0.14s
2026-10-02 05:35:48,841 [DEBUG] yfinance OK: 3092
2026-10-02 05:35:49,059 [DEBUG] [TIME] 3092 income_stmt: 0.22s
2026-10-02 05:35:49,337 [DEBUG] [TIME] 3092 balance_sheet: 0.28s
2026-10-02 05:35:49,497 [DEBUG] [TIME] 3092 cashflow: 0.16s
2026-10-02 05:35:49,745 [DEBUG] [TIME] 3092 dividends: 0.25s
2026-10-02 05:35:49,747 [INFO] [DETAIL] 3092 ＺＯＺＯ: income_stmt=OK, balance_sheet=OK, cashflow=OK, dividends=OK
2026-10-02 05:35:49,747 [INFO] [TIME] 3092 ＺＯＺＯ 処理時間: 1.05s
2026-10-02 05:35:51,813 [DEBUG] [TIME] 3093 info: 0.19s
2026-10-02 05:35:51,813 [DEBUG] yfinance OK: 3093
2026-10-02 05:35:52,016 [DEBUG] [TIME] 3093 income_stmt: 0.20s
2026-10-02 05:35:52,240 [DEBUG] [TIME] 3093 balance_sheet: 0.22s
2026-10-02 05:35:52,469 [DEBUG] [TIME] 3093 cashflow: 0.23s
2026-10-02 05:35:52,681 [DEBUG] [TIME] 3093 dividends: 0.21s
2026-10-02 05:35:52,683 [INFO] [DETAIL] 3093 トレジャー・ファクトリー: income_stmt=OK, balance_sheet=OK, cashflow=OK, dividends=OK
2026-10-02 05:35:52,683 [INFO] [TIME] 3093 トレジャー・ファクトリー 処理時間: 1.06s
2026-10-02 05:35:53,854 [DEBUG] [TIME] 3096 info: 0.15s
2026-10-02 05:35:53,854 [DEBUG] yfinance OK: 3096
2026-10-02 05:35:54,002 [DEBUG] [TIME] 3096 income_stmt: 0.15s
2026-10-02 05:35:54,284 [DEBUG] [TIME] 3096 balance_sheet: 0.28s
2026-10-02 05:35:54,436 [DEBUG] [TIME] 3096 cashflow: 0.15s
2026-10-02 05:35:54,661 [DEBUG] [TIME] 3096 dividends: 0.22s
2026-10-02 05:35:54,662 [INFO] [DETAIL] 3096 オーシャンシステム: income_stmt=OK, balance_sheet=OK, cashflow=OK, dividends=OK
2026-10-02 05:35:54,662 [INFO] [TIME] 3096 オーシャンシステム 処理時間: 0.96s
2026-10-02 05:35:56,346 [DEBUG] [TIME] 3097 info: 0.19s
2026-10-02 05:35:56,346 [DEBUG] yfinance OK: 3097
2026-10-02 05:35:56,448 [DEBUG] [TIME] 3097 income_stmt: 0.10s
2026-10-02 05:35:56,606 [DEBUG] [TIME] 3097 balance_sheet: 0.16s
2026-10-02 05:35:56,822 [DEBUG] [TIME] 3097 cashflow: 0.22s
2026-10-02 05:35:57,036 [DEBUG] [TIME] 3097 dividends: 0.21s
2026-10-02 05:35:57,038 [INFO] [DETAIL] 3097 物語コーポレーション: income_stmt=OK, balance_sheet=OK, cashflow=OK, dividends=OK
2026-10-02 05:35:57,038 [INFO] [TIME] 3097 物語コーポレーション 処理時間: 0.89s
2026-10-02 05:35:58,477 [DEBUG] [TIME] 3099 info: 0.18s
2026-10-02 05:35:58,477 [DEBUG] yfinance OK: 3099
2026-10-02 05:35:58,712 [DEBUG] [TIME] 3099 income_stmt: 0.23s
2026-10-02 05:35:58,889 [DEBUG] [TIME] 3099 balance_sheet: 0.18s
2026-10-02 05:35:59,003 [DEBUG] [TIME] 3099 cashflow: 0.11s
2026-10-02 05:35:59,266 [DEBUG] [TIME] 3099 dividends: 0.26s
2026-10-02 05:35:59,267 [INFO] [DETAIL] 3099 三越伊勢丹ホールディングス: income_stmt=OK, balance_sheet=OK, cashflow=OK, dividends=OK
2026-10-02 05:35:59,267 [INFO] [TIME] 3099 三越伊勢丹ホールディングス 処理時間: 0.97s
2026-10-02 05:36:01,435 [DEBUG] [TIME] 3101 info: 0.22s
2026-10-02 05:36:01,435 [DEBUG] yfinance OK: 3101
2026-10-02 05:36:01,626 [DEBUG] [TIME] 3101 income_stmt: 0.19s
2026-10-02 05:36:01,844 [DEBUG] [TIME] 3101 balance_sheet: 0.22s
2026-10-02 05:36:02,070 [DEBUG] [TIME] 3101 cashflow: 0.23s
2026-10-02 05:36:02,427 [DEBUG] [TIME] 3101 dividends: 0.36s
2026-10-02 05:36:02,428 [INFO] [DETAIL] 3101 東洋紡: income_stmt=OK, balance_sheet=OK, cashflow=OK, dividends=OK
2026-10-02 05:36:02,428 [INFO] [TIME] 3101 東洋紡 処理時間: 1.22s
2026-10-02 05:36:03,774 [DEBUG] [TIME] 3103 info: 0.20s
2026-10-02 05:36:03,774 [DEBUG] yfinance OK: 3103
2026-10-02 05:36:03,949 [DEBUG] [TIME] 3103 income_stmt: 0.18s
2026-10-02 05:36:04,134 [DEBUG] [TIME] 3103 balance_sheet: 0.18s
2026-10-02 05:36:04,335 [DEBUG] [TIME] 3103 cashflow: 0.20s
2026-10-02 05:36:04,586 [DEBUG] [TIME] 3103 dividends: 0.25s
2026-10-02 05:36:04,587 [INFO] [DETAIL] 3103 ユニチカ: income_stmt=OK, balance_sheet=OK, cashflow=OK, dividends=OK
2026-10-02 05:36:04,587 [INFO] [TIME] 3103 ユニチカ 処理時間: 1.01s
2026-10-02 05:36:06,487 [DEBUG] [TIME] 3104 info: 0.18s
2026-10-02 05:36:06,487 [DEBUG] yfinance OK: 3104
2026-10-02 05:36:06,636 [DEBUG] [TIME] 3104 income_stmt: 0.15s
2026-10-02 05:36:06,919 [DEBUG] [TIME] 3104 balance_sheet: 0.28s
2026-10-02 05:36:07,102 [DEBUG] [TIME] 3104 cashflow: 0.18s
2026-10-02 05:36:07,449 [DEBUG] [TIME] 3104 dividends: 0.35s
2026-10-02 05:36:07,450 [INFO] [DETAIL] 3104 富士紡ホールディングス: income_stmt=OK, balance_sheet=OK, cashflow=OK, dividends=OK
2026-10-02 05:36:07,450 [INFO] [TIME] 3104 富士紡ホールディングス 処理時間: 1.14s
2026-10-02 05:36:09,395 [DEBUG] [TIME] 3105 info: 0.19s
2026-10-02 05:36:09,396 [DEBUG] yfinance OK: 3105
2026-10-02 05:36:09,535 [DEBUG] [TIME] 3105 income_stmt: 0.14s
2026-10-02 05:36:09,703 [DEBUG] [TIME] 3105 balance_sheet: 0.17s
2026-10-02 05:36:09,847 [DEBUG] [TIME] 3105 cashflow: 0.14s
2026-10-02 05:36:10,189 [DEBUG] [TIME] 3105 dividends: 0.34s
2026-10-02 05:36:10,190 [INFO] [DETAIL] 3105 日清紡ホールディングス: income_stmt=OK, balance_sheet=OK, cashflow=OK, dividends=OK
2026-10-02 05:36:10,190 [INFO] [TIME] 3105 日清紡ホールディングス 処理時間: 0.98s
2026-10-02 05:36:11,457 [DEBUG] [TIME] 3106 info: 0.16s
2026-10-02 05:36:11,457 [DEBUG] yfinance OK: 3106
2026-10-02 05:36:11,662 [DEBUG] [TIME] 3106 income_stmt: 0.21s
2026-10-02 05:36:11,937 [DEBUG] [TIME] 3106 balance_sheet: 0.27s
2026-10-02 05:36:12,219 [DEBUG] [TIME] 3106 cashflow: 0.28s
2026-10-02 05:36:12,486 [DEBUG] [TIME] 3106 dividends: 0.27s
2026-10-02 05:36:12,487 [INFO] [DETAIL] 3106 倉敷紡績: income_stmt=OK, balance_sheet=OK, cashflow=OK, dividends=OK
2026-10-02 05:36:12,487 [INFO] [TIME] 3106 倉敷紡績 処理時間: 1.19s
2026-10-02 05:36:14,077 [DEBUG] [TIME] 3107 info: 0.16s
2026-10-02 05:36:14,077 [DEBUG] yfinance OK: 3107
2026-10-02 05:36:14,225 [DEBUG] [TIME] 3107 income_stmt: 0.15s
2026-10-02 05:36:14,471 [DEBUG] [TIME] 3107 balance_sheet: 0.25s
2026-10-02 05:36:14,668 [DEBUG] [TIME] 3107 cashflow: 0.20s
2026-10-02 05:36:14,952 [DEBUG] [TIME] 3107 dividends: 0.28s
2026-10-02 05:36:14,953 [INFO] [DETAIL] 3107 ダイワボウホールディングス: income_stmt=OK, balance_sheet=OK, cashflow=OK, dividends=OK
2026-10-02 05:36:14,953 [INFO] [TIME] 3107 ダイワボウホールディングス 処理時間: 1.04s
2026-10-02 05:36:16,994 [DEBUG] [TIME] 3109 info: 0.21s
2026-10-02 05:36:16,994 [DEBUG] yfinance OK: 3109
2026-10-02 05:36:17,131 [DEBUG] [TIME] 3109 income_stmt: 0.14s
2026-10-02 05:36:17,431 [DEBUG] [TIME] 3109 balance_sheet: 0.30s
2026-10-02 05:36:17,665 [DEBUG] [TIME] 3109 cashflow: 0.23s
2026-10-02 05:36:17,947 [DEBUG] [TIME] 3109 dividends: 0.28s
2026-10-02 05:36:17,948 [INFO] [DETAIL] 3109 シキボウ: income_stmt=OK, balance_sheet=OK, cashflow=OK, dividends=OK
2026-10-02 05:36:17,948 [INFO] [TIME] 3109 シキボウ 処理時間: 1.17s
2026-10-02 05:36:19,682 [DEBUG] [TIME] 3110 info: 0.17s
2026-10-02 05:36:19,683 [DEBUG] yfinance OK: 3110
2026-10-02 05:36:19,850 [DEBUG] [TIME] 3110 income_stmt: 0.17s
2026-10-02 05:36:20,016 [DEBUG] [TIME] 3110 balance_sheet: 0.16s
2026-10-02 05:36:20,284 [DEBUG] [TIME] 3110 cashflow: 0.27s
2026-10-02 05:36:20,544 [DEBUG] [TIME] 3110 dividends: 0.26s
2026-10-02 05:36:20,545 [INFO] [DETAIL] 3110 日東紡績: income_stmt=OK, balance_sheet=OK, cashflow=OK, dividends=OK
2026-10-02 05:36:20,545 [INFO] [TIME] 3110 日東紡績 処理時間: 1.03s
2026-10-02 05:36:22,175 [DEBUG] [TIME] 3111 info: 0.28s
2026-10-02 05:36:22,175 [DEBUG] yfinance OK: 3111
2026-10-02 05:36:22,359 [DEBUG] [TIME] 3111 income_stmt: 0.18s
2026-10-02 05:36:22,537 [DEBUG] [TIME] 3111 balance_sheet: 0.18s
2026-10-02 05:36:22,761 [DEBUG] [TIME] 3111 cashflow: 0.22s
2026-10-02 05:36:23,251 [DEBUG] [TIME] 3111 dividends: 0.49s
2026-10-02 05:36:23,252 [INFO] [DETAIL] 3111 オーミケンシ: income_stmt=OK, balance_sheet=OK, cashflow=OK, dividends=OK
2026-10-02 05:36:23,252 [INFO] [TIME] 3111 オーミケンシ 処理時間: 1.36s
2026-10-02 05:36:24,473 [DEBUG] [TIME] 3113 info: 0.19s
2026-10-02 05:36:24,473 [DEBUG] yfinance OK: 3113
2026-10-02 05:36:24,721 [DEBUG] [TIME] 3113 income_stmt: 0.25s
2026-10-02 05:36:24,995 [DEBUG] [TIME] 3113 balance_sheet: 0.27s
2026-10-02 05:36:25,166 [DEBUG] [TIME] 3113 cashflow: 0.17s
2026-10-02 05:36:25,417 [DEBUG] [TIME] 3113 dividends: 0.25s
2026-10-02 05:36:25,418 [INFO] [DETAIL] 3113 ＵＮＩＶＡ・Ｏａｋホールディングス: income_stmt=OK, balance_sheet=OK, cashflow=OK, dividends=OK
2026-10-02 05:36:25,418 [INFO] [TIME] 3113 ＵＮＩＶＡ・Ｏａｋホールディングス 処理時間: 1.14s
2026-10-02 05:36:27,484 [DEBUG] [TIME] 3116 info: 0.25s
2026-10-02 05:36:27,484 [DEBUG] yfinance OK: 3116
2026-10-02 05:36:27,626 [DEBUG] [TIME] 3116 income_stmt: 0.14s
2026-10-02 05:36:27,776 [DEBUG] [TIME] 3116 balance_sheet: 0.15s
2026-10-02 05:36:27,897 [DEBUG] [TIME] 3116 cashflow: 0.12s
2026-10-02 05:36:28,148 [DEBUG] [TIME] 3116 dividends: 0.25s
2026-10-02 05:36:28,149 [INFO] [DETAIL] 3116 トヨタ紡織: income_stmt=OK, balance_sheet=OK, cashflow=OK, dividends=OK
2026-10-02 05:36:28,149 [INFO] [TIME] 3116 トヨタ紡織 処理時間: 0.92s
2026-10-02 05:36:30,241 [DEBUG] [TIME] 3121 info: 0.23s
2026-10-02 05:36:30,241 [DEBUG] yfinance OK: 3121
2026-10-02 05:36:30,390 [DEBUG] [TIME] 3121 income_stmt: 0.15s
2026-10-02 05:36:30,535 [DEBUG] [TIME] 3121 balance_sheet: 0.14s
2026-10-02 05:36:30,691 [DEBUG] [TIME] 3121 cashflow: 0.16s
2026-10-02 05:36:30,993 [DEBUG] [TIME] 3121 dividends: 0.30s
2026-10-02 05:36:30,994 [INFO] [DETAIL] 3121 マーチャント・バンカーズ: income_stmt=OK, balance_sheet=OK, cashflow=OK, dividends=OK
2026-10-02 05:36:30,994 [INFO] [TIME] 3121 マーチャント・バンカーズ 処理時間: 0.98s
2026-10-02 05:36:33,138 [DEBUG] [TIME] 3123 info: 0.22s
2026-10-02 05:36:33,138 [DEBUG] yfinance OK: 3123
2026-10-02 05:36:33,408 [DEBUG] [TIME] 3123 income_stmt: 0.27s
2026-10-02 05:36:33,583 [DEBUG] [TIME] 3123 balance_sheet: 0.17s
2026-10-02 05:36:33,884 [DEBUG] [TIME] 3123 cashflow: 0.30s
2026-10-02 05:36:34,129 [DEBUG] [TIME] 3123 dividends: 0.24s
2026-10-02 05:36:34,130 [INFO] [DETAIL] 3123 サイボー: income_stmt=OK, balance_sheet=OK, cashflow=OK, dividends=OK
2026-10-02 05:36:34,130 [INFO] [TIME] 3123 サイボー 処理時間: 1.21s
2026-10-02 05:36:36,166 [DEBUG] [TIME] 3131 info: 0.17s
2026-10-02 05:36:36,166 [DEBUG] yfinance OK: 3131
2026-10-02 05:36:36,312 [DEBUG] [TIME] 3131 income_stmt: 0.15s
2026-10-02 05:36:36,567 [DEBUG] [TIME] 3131 balance_sheet: 0.25s
2026-10-02 05:36:36,826 [DEBUG] [TIME] 3131 cashflow: 0.26s
2026-10-02 05:36:36,978 [DEBUG] [TIME] 3131 dividends: 0.15s
2026-10-02 05:36:36,979 [INFO] [DETAIL] 3131 シンデン・ハイテックス: income_stmt=OK, balance_sheet=OK, cashflow=OK, dividends=OK
2026-10-02 05:36:36,979 [INFO] [TIME] 3131 シンデン・ハイテックス 処理時間: 0.98s
2026-10-02 05:36:38,757 [DEBUG] [TIME] 3132 info: 0.19s
2026-10-02 05:36:38,757 [DEBUG] yfinance OK: 3132
2026-10-02 05:36:38,897 [DEBUG] [TIME] 3132 income_stmt: 0.14s
2026-10-02 05:36:39,177 [DEBUG] [TIME] 3132 balance_sheet: 0.28s
2026-10-02 05:36:39,383 [DEBUG] [TIME] 3132 cashflow: 0.21s
2026-10-02 05:36:39,571 [DEBUG] [TIME] 3132 dividends: 0.19s
2026-10-02 05:36:39,572 [INFO] [DETAIL] 3132 マクニカホールディングス: income_stmt=OK, balance_sheet=OK, cashflow=OK, dividends=OK
2026-10-02 05:36:39,572 [INFO] [TIME] 3132 マクニカホールディングス 処理時間: 1.01s
2026-10-02 05:36:41,575 [DEBUG] [TIME] 3133 info: 0.20s
2026-10-02 05:36:41,575 [DEBUG] yfinance OK: 3133
2026-10-02 05:36:41,780 [DEBUG] [TIME] 3133 income_stmt: 0.20s
2026-10-02 05:36:41,935 [DEBUG] [TIME] 3133 balance_sheet: 0.15s
2026-10-02 05:36:42,185 [DEBUG] [TIME] 3133 cashflow: 0.25s
2026-10-02 05:36:42,368 [DEBUG] [TIME] 3133 dividends: 0.18s
2026-10-02 05:36:42,369 [INFO] [DETAIL] 3133 海帆: income_stmt=OK, balance_sheet=OK, cashflow=OK, dividends=OK
2026-10-02 05:36:42,369 [INFO] [TIME] 3133 海帆 処理時間: 0.99s
2026-10-02 05:36:43,680 [DEBUG] [TIME] 3134 info: 0.21s
2026-10-02 05:36:43,681 [DEBUG] yfinance OK: 3134
2026-10-02 05:36:43,832 [DEBUG] [TIME] 3134 income_stmt: 0.15s
2026-10-02 05:36:44,048 [DEBUG] [TIME] 3134 balance_sheet: 0.22s
2026-10-02 05:36:44,526 [DEBUG] [TIME] 3134 cashflow: 0.48s
2026-10-02 05:36:45,291 [DEBUG] [TIME] 3134 dividends: 0.77s
2026-10-02 05:36:45,292 [INFO] [DETAIL] 3134 Ｈａｍｅｅ: income_stmt=OK, balance_sheet=OK, cashflow=OK, dividends=OK
2026-10-02 05:36:45,292 [INFO] [TIME] 3134 Ｈａｍｅｅ 処理時間: 1.82s
2026-10-02 05:36:46,715 [DEBUG] [TIME] 3135 info: 0.19s
2026-10-02 05:36:46,715 [DEBUG] yfinance OK: 3135
2026-10-02 05:36:46,922 [DEBUG] [TIME] 3135 income_stmt: 0.21s
2026-10-02 05:36:47,199 [DEBUG] [TIME] 3135 balance_sheet: 0.28s
2026-10-02 05:36:47,472 [DEBUG] [TIME] 3135 cashflow: 0.27s
2026-10-02 05:36:48,254 [DEBUG] [TIME] 3135 dividends: 0.78s
2026-10-02 05:36:48,254 [INFO] [DETAIL] 3135 マーケットエンタープライズ: income_stmt=OK, balance_sheet=OK, cashflow=OK, dividends=EMPTY
2026-10-02 05:36:48,255 [INFO] [TIME] 3135 マーケットエンタープライズ 処理時間: 1.73s
2026-10-02 05:36:50,202 [DEBUG] [TIME] 3137 info: 0.18s
2026-10-02 05:36:50,202 [DEBUG] yfinance OK: 3137
2026-10-02 05:36:50,474 [DEBUG] [TIME] 3137 income_stmt: 0.27s
2026-10-02 05:36:50,651 [DEBUG] [TIME] 3137 balance_sheet: 0.18s
2026-10-02 05:36:50,807 [DEBUG] [TIME] 3137 cashflow: 0.15s
2026-10-02 05:36:51,008 [DEBUG] [TIME] 3137 dividends: 0.20s
2026-10-02 05:36:51,009 [INFO] [DETAIL] 3137 ファンデリー: income_stmt=OK, balance_sheet=OK, cashflow=OK, dividends=OK
2026-10-02 05:36:51,009 [INFO] [TIME] 3137 ファンデリー 処理時間: 0.98s
2026-10-02 05:36:52,973 [DEBUG] [TIME] 3138 info: 0.16s
2026-10-02 05:36:52,973 [DEBUG] yfinance OK: 3138
2026-10-02 05:36:53,189 [DEBUG] [TIME] 3138 income_stmt: 0.22s
2026-10-02 05:36:53,512 [DEBUG] [TIME] 3138 balance_sheet: 0.32s
2026-10-02 05:36:53,749 [DEBUG] [TIME] 3138 cashflow: 0.24s
2026-10-02 05:36:54,028 [DEBUG] [TIME] 3138 dividends: 0.28s
2026-10-02 05:36:54,029 [INFO] [DETAIL] 3138 富士山マガジンサービス: income_stmt=OK, balance_sheet=OK, cashflow=OK, dividends=OK
2026-10-02 05:36:54,029 [INFO] [TIME] 3138 富士山マガジンサービス 処理時間: 1.22s
2026-10-02 05:36:55,389 [DEBUG] [TIME] 3139 info: 0.19s
2026-10-02 05:36:55,389 [DEBUG] yfinance OK: 3139
2026-10-02 05:36:55,522 [DEBUG] [TIME] 3139 income_stmt: 0.13s
2026-10-02 05:36:55,728 [DEBUG] [TIME] 3139 balance_sheet: 0.21s
2026-10-02 05:36:55,993 [DEBUG] [TIME] 3139 cashflow: 0.26s
2026-10-02 05:36:56,156 [DEBUG] [TIME] 3139 dividends: 0.16s
2026-10-02 05:36:56,157 [INFO] [DETAIL] 3139 ラクト・ジャパン: income_stmt=OK, balance_sheet=OK, cashflow=OK, dividends=OK
2026-10-02 05:36:56,158 [INFO] [TIME] 3139 ラクト・ジャパン 処理時間: 0.95s
2026-10-02 05:36:57,716 [DEBUG] [TIME] 3140 info: 0.18s
2026-10-02 05:36:57,716 [DEBUG] yfinance OK: 3140
2026-10-02 05:36:57,852 [DEBUG] [TIME] 3140 income_stmt: 0.14s
2026-10-02 05:36:58,130 [DEBUG] [TIME] 3140 balance_sheet: 0.28s
2026-10-02 05:36:58,334 [DEBUG] [TIME] 3140 cashflow: 0.20s
2026-10-02 05:36:58,531 [DEBUG] [TIME] 3140 dividends: 0.20s
2026-10-02 05:36:58,532 [INFO] [DETAIL] 3140 ＢＲＵＮＯ: income_stmt=OK, balance_sheet=OK, cashflow=OK, dividends=OK
2026-10-02 05:36:58,532 [INFO] [TIME] 3140 ＢＲＵＮＯ 処理時間: 0.99s
2026-10-02 05:37:00,592 [DEBUG] [TIME] 3143 info: 0.14s
2026-10-02 05:37:00,592 [DEBUG] yfinance OK: 3143
2026-10-02 05:37:00,706 [DEBUG] [TIME] 3143 income_stmt: 0.11s
2026-10-02 05:37:00,935 [DEBUG] [TIME] 3143 balance_sheet: 0.23s
2026-10-02 05:37:01,166 [DEBUG] [TIME] 3143 cashflow: 0.23s
2026-10-02 05:37:01,576 [DEBUG] [TIME] 3143 dividends: 0.41s
2026-10-02 05:37:01,577 [INFO] [DETAIL] 3143 オーウイル: income_stmt=OK, balance_sheet=OK, cashflow=OK, dividends=OK
2026-10-02 05:37:01,577 [INFO] [TIME] 3143 オーウイル 処理時間: 1.13s
2026-10-02 05:37:02,837 [DEBUG] [TIME] 3148 info: 0.16s
2026-10-02 05:37:02,837 [DEBUG] yfinance OK: 3148
2026-10-02 05:37:02,974 [DEBUG] [TIME] 3148 income_stmt: 0.14s
2026-10-02 05:37:03,127 [DEBUG] [TIME] 3148 balance_sheet: 0.15s
2026-10-02 05:37:03,322 [DEBUG] [TIME] 3148 cashflow: 0.19s
2026-10-02 05:37:03,651 [DEBUG] [TIME] 3148 dividends: 0.33s
2026-10-02 05:37:03,652 [INFO] [DETAIL] 3148 クリエイトＳＤホールディングス: income_stmt=OK, balance_sheet=OK, cashflow=OK, dividends=OK
2026-10-02 05:37:03,652 [INFO] [TIME] 3148 クリエイトＳＤホールディングス 処理時間: 0.98s
2026-10-02 05:37:05,113 [DEBUG] [TIME] 3150 info: 0.15s
2026-10-02 05:37:05,113 [DEBUG] yfinance OK: 3150
2026-10-02 05:37:05,315 [DEBUG] [TIME] 3150 income_stmt: 0.20s
2026-10-02 05:37:05,607 [DEBUG] [TIME] 3150 balance_sheet: 0.29s
2026-10-02 05:37:05,772 [DEBUG] [TIME] 3150 cashflow: 0.16s
2026-10-02 05:37:05,978 [DEBUG] [TIME] 3150 dividends: 0.21s
2026-10-02 05:37:05,979 [INFO] [DETAIL] 3150 グリムス: income_stmt=OK, balance_sheet=OK, cashflow=OK, dividends=OK
2026-10-02 05:37:05,979 [INFO] [TIME] 3150 グリムス 処理時間: 1.02s
2026-10-02 05:37:07,407 [DEBUG] [TIME] 3151 info: 0.19s
2026-10-02 05:37:07,407 [DEBUG] yfinance OK: 3151
2026-10-02 05:37:07,602 [DEBUG] [TIME] 3151 income_stmt: 0.20s
2026-10-02 05:37:07,894 [DEBUG] [TIME] 3151 balance_sheet: 0.29s
2026-10-02 05:37:08,121 [DEBUG] [TIME] 3151 cashflow: 0.23s
2026-10-02 05:37:08,349 [DEBUG] [TIME] 3151 dividends: 0.23s
2026-10-02 05:37:08,350 [INFO] [DETAIL] 3151 バイタルケーエスケー・ホールディングス: income_stmt=OK, balance_sheet=OK, cashflow=OK, dividends=OK
2026-10-02 05:37:08,350 [INFO] [TIME] 3151 バイタルケーエスケー・ホールディングス 処理時間: 1.13s
2026-10-02 05:37:10,136 [DEBUG] [TIME] 3153 info: 0.16s
2026-10-02 05:37:10,136 [DEBUG] yfinance OK: 3153
2026-10-02 05:37:10,256 [DEBUG] [TIME] 3153 income_stmt: 0.12s
2026-10-02 05:37:10,461 [DEBUG] [TIME] 3153 balance_sheet: 0.20s
2026-10-02 05:37:10,645 [DEBUG] [TIME] 3153 cashflow: 0.18s
2026-10-02 05:37:10,831 [DEBUG] [TIME] 3153 dividends: 0.19s
2026-10-02 05:37:10,832 [INFO] [DETAIL] 3153 八洲電機: income_stmt=OK, balance_sheet=OK, cashflow=OK, dividends=OK
2026-10-02 05:37:10,832 [INFO] [TIME] 3153 八洲電機 処理時間: 0.86s
2026-10-02 05:37:12,029 [DEBUG] [TIME] 3154 info: 0.17s
2026-10-02 05:37:12,029 [DEBUG] yfinance OK: 3154
2026-10-02 05:37:12,187 [DEBUG] [TIME] 3154 income_stmt: 0.16s
2026-10-02 05:37:12,422 [DEBUG] [TIME] 3154 balance_sheet: 0.24s
2026-10-02 05:37:12,599 [DEBUG] [TIME] 3154 cashflow: 0.18s
2026-10-02 05:37:12,813 [DEBUG] [TIME] 3154 dividends: 0.21s
2026-10-02 05:37:12,813 [INFO] [DETAIL] 3154 メディアスホールディングス: income_stmt=OK, balance_sheet=OK, cashflow=OK, dividends=OK
2026-10-02 05:37:12,814 [INFO] [TIME] 3154 メディアスホールディングス 処理時間: 0.96s
2026-10-02 05:37:14,412 [DEBUG] [TIME] 3156 info: 0.19s
2026-10-02 05:37:14,412 [DEBUG] yfinance OK: 3156
2026-10-02 05:37:14,580 [DEBUG] [TIME] 3156 income_stmt: 0.17s
2026-10-02 05:37:14,775 [DEBUG] [TIME] 3156 balance_sheet: 0.19s
2026-10-02 05:37:15,120 [DEBUG] [TIME] 3156 cashflow: 0.34s
2026-10-02 05:37:15,368 [DEBUG] [TIME] 3156 dividends: 0.25s
2026-10-02 05:37:15,368 [INFO] [DETAIL] 3156 レスター: income_stmt=OK, balance_sheet=OK, cashflow=OK, dividends=OK
2026-10-02 05:37:15,369 [INFO] [TIME] 3156 レスター 処理時間: 1.15s
2026-10-02 05:37:16,673 [DEBUG] [TIME] 3157 info: 0.21s
2026-10-02 05:37:16,673 [DEBUG] yfinance OK: 3157
2026-10-02 05:37:16,828 [DEBUG] [TIME] 3157 income_stmt: 0.16s
2026-10-02 05:37:17,010 [DEBUG] [TIME] 3157 balance_sheet: 0.18s
2026-10-02 05:37:17,234 [DEBUG] [TIME] 3157 cashflow: 0.22s
2026-10-02 05:37:17,470 [DEBUG] [TIME] 3157 dividends: 0.24s
2026-10-02 05:37:17,471 [INFO] [DETAIL] 3157 ジオリーブグループ: income_stmt=OK, balance_sheet=OK, cashflow=OK, dividends=OK
2026-10-02 05:37:17,471 [INFO] [TIME] 3157 ジオリーブグループ 処理時間: 1.00s
2026-10-02 05:37:19,160 [DEBUG] [TIME] 3159 info: 0.15s
2026-10-02 05:37:19,160 [DEBUG] yfinance OK: 3159
2026-10-02 05:37:19,346 [DEBUG] [TIME] 3159 income_stmt: 0.19s
2026-10-02 05:37:19,530 [DEBUG] [TIME] 3159 balance_sheet: 0.18s
2026-10-02 05:37:19,701 [DEBUG] [TIME] 3159 cashflow: 0.17s
2026-10-02 05:37:19,906 [DEBUG] [TIME] 3159 dividends: 0.20s
2026-10-02 05:37:19,907 [INFO] [DETAIL] 3159 丸善ＣＨＩホールディングス: income_stmt=OK, balance_sheet=OK, cashflow=OK, dividends=OK
2026-10-02 05:37:19,907 [INFO] [TIME] 3159 丸善ＣＨＩホールディングス 処理時間: 0.90s
2026-10-02 05:37:21,358 [DEBUG] [TIME] 3160 info: 0.19s
2026-10-02 05:37:21,358 [DEBUG] yfinance OK: 3160
2026-10-02 05:37:21,535 [DEBUG] [TIME] 3160 income_stmt: 0.18s
2026-10-02 05:37:21,728 [DEBUG] [TIME] 3160 balance_sheet: 0.19s
2026-10-02 05:37:21,902 [DEBUG] [TIME] 3160 cashflow: 0.17s
2026-10-02 05:37:22,120 [DEBUG] [TIME] 3160 dividends: 0.22s
2026-10-02 05:37:22,121 [INFO] [DETAIL] 3160 大光: income_stmt=OK, balance_sheet=OK, cashflow=OK, dividends=OK
2026-10-02 05:37:22,121 [INFO] [TIME] 3160 大光 処理時間: 0.95s
2026-10-02 05:37:24,113 [DEBUG] [TIME] 3161 info: 0.18s
2026-10-02 05:37:24,113 [DEBUG] yfinance OK: 3161
2026-10-02 05:37:24,265 [DEBUG] [TIME] 3161 income_stmt: 0.15s
2026-10-02 05:37:24,424 [DEBUG] [TIME] 3161 balance_sheet: 0.16s
2026-10-02 05:37:24,578 [DEBUG] [TIME] 3161 cashflow: 0.15s
2026-10-02 05:37:24,813 [DEBUG] [TIME] 3161 dividends: 0.23s
2026-10-02 05:37:24,813 [INFO] [DETAIL] 3161 アゼアス: income_stmt=OK, balance_sheet=OK, cashflow=OK, dividends=OK
2026-10-02 05:37:24,814 [INFO] [TIME] 3161 アゼアス 処理時間: 0.88s
2026-10-02 05:37:26,967 [DEBUG] [TIME] 3166 info: 0.16s
2026-10-02 05:37:26,968 [DEBUG] yfinance OK: 3166
2026-10-02 05:37:27,086 [DEBUG] [TIME] 3166 income_stmt: 0.12s
2026-10-02 05:37:27,230 [DEBUG] [TIME] 3166 balance_sheet: 0.14s
2026-10-02 05:37:27,415 [DEBUG] [TIME] 3166 cashflow: 0.18s
2026-10-02 05:37:27,602 [DEBUG] [TIME] 3166 dividends: 0.19s
2026-10-02 05:37:27,603 [INFO] [DETAIL] 3166 ＯＣＨＩホールディングス: income_stmt=OK, balance_sheet=OK, cashflow=OK, dividends=OK
2026-10-02 05:37:27,603 [INFO] [TIME] 3166 ＯＣＨＩホールディングス 処理時間: 0.79s
2026-10-02 05:37:29,638 [DEBUG] [TIME] 3167 info: 0.19s
2026-10-02 05:37:29,639 [DEBUG] yfinance OK: 3167
2026-10-02 05:37:29,815 [DEBUG] [TIME] 3167 income_stmt: 0.18s
2026-10-02 05:37:30,136 [DEBUG] [TIME] 3167 balance_sheet: 0.32s
2026-10-02 05:37:30,289 [DEBUG] [TIME] 3167 cashflow: 0.15s
2026-10-02 05:37:30,504 [DEBUG] [TIME] 3167 dividends: 0.21s
2026-10-02 05:37:30,505 [INFO] [DETAIL] 3167 ＴＯＫＡＩホールディングス: income_stmt=OK, balance_sheet=OK, cashflow=OK, dividends=OK
2026-10-02 05:37:30,505 [INFO] [TIME] 3167 ＴＯＫＡＩホールディングス 処理時間: 1.06s
2026-10-02 05:37:31,698 [DEBUG] [TIME] 3168 info: 0.18s
2026-10-02 05:37:31,698 [DEBUG] yfinance OK: 3168
2026-10-02 05:37:31,824 [DEBUG] [TIME] 3168 income_stmt: 0.13s
2026-10-02 05:37:32,106 [DEBUG] [TIME] 3168 balance_sheet: 0.28s
2026-10-02 05:37:32,315 [DEBUG] [TIME] 3168 cashflow: 0.21s
2026-10-02 05:37:32,558 [DEBUG] [TIME] 3168 dividends: 0.24s
2026-10-02 05:37:32,559 [INFO] [DETAIL] 3168 ＭＥＲＦ: income_stmt=OK, balance_sheet=OK, cashflow=OK, dividends=OK
2026-10-02 05:37:32,559 [INFO] [TIME] 3168 ＭＥＲＦ 処理時間: 1.04s
2026-10-02 05:37:34,434 [DEBUG] [TIME] 3169 info: 0.23s
2026-10-02 05:37:34,434 [DEBUG] yfinance OK: 3169
2026-10-02 05:37:34,579 [DEBUG] [TIME] 3169 income_stmt: 0.15s
2026-10-02 05:37:34,753 [DEBUG] [TIME] 3169 balance_sheet: 0.17s
2026-10-02 05:37:34,919 [DEBUG] [TIME] 3169 cashflow: 0.17s
2026-10-02 05:37:35,124 [DEBUG] [TIME] 3169 dividends: 0.20s
2026-10-02 05:37:35,125 [INFO] [DETAIL] 3169 ミサワ: income_stmt=OK, balance_sheet=OK, cashflow=OK, dividends=OK
2026-10-02 05:37:35,125 [INFO] [TIME] 3169 ミサワ 処理時間: 0.92s
2026-10-02 05:37:37,062 [DEBUG] [TIME] 3172 info: 0.25s
2026-10-02 05:37:37,062 [DEBUG] yfinance OK: 3172
2026-10-02 05:37:37,187 [DEBUG] [TIME] 3172 income_stmt: 0.13s
2026-10-02 05:37:37,335 [DEBUG] [TIME] 3172 balance_sheet: 0.15s
2026-10-02 05:37:37,600 [DEBUG] [TIME] 3172 cashflow: 0.26s
2026-10-02 05:37:37,924 [DEBUG] [TIME] 3172 dividends: 0.32s
2026-10-02 05:37:37,925 [INFO] [DETAIL] 3172 ティーライフ: income_stmt=OK, balance_sheet=OK, cashflow=OK, dividends=OK
2026-10-02 05:37:37,925 [INFO] [TIME] 3172 ティーライフ 処理時間: 1.12s
2026-10-02 05:37:39,442 [DEBUG] [TIME] 3173 info: 0.18s
2026-10-02 05:37:39,442 [DEBUG] yfinance OK: 3173
2026-10-02 05:37:39,638 [DEBUG] [TIME] 3173 income_stmt: 0.20s
2026-10-02 05:37:39,865 [DEBUG] [TIME] 3173 balance_sheet: 0.23s
2026-10-02 05:37:40,048 [DEBUG] [TIME] 3173 cashflow: 0.18s
2026-10-02 05:37:40,266 [DEBUG] [TIME] 3173 dividends: 0.22s
2026-10-02 05:37:40,267 [INFO] [DETAIL] 3173 Ｃｏｍｉｎｉｘ: income_stmt=OK, balance_sheet=OK, cashflow=OK, dividends=OK
2026-10-02 05:37:40,267 [INFO] [TIME] 3173 Ｃｏｍｉｎｉｘ 処理時間: 1.01s
2026-10-02 05:37:41,575 [DEBUG] [TIME] 3174 info: 0.23s
2026-10-02 05:37:41,575 [DEBUG] yfinance OK: 3174
2026-10-02 05:37:41,758 [DEBUG] [TIME] 3174 income_stmt: 0.18s
2026-10-02 05:37:41,915 [DEBUG] [TIME] 3174 balance_sheet: 0.16s
2026-10-02 05:37:42,117 [DEBUG] [TIME] 3174 cashflow: 0.20s
2026-10-02 05:37:42,291 [DEBUG] [TIME] 3174 dividends: 0.17s
2026-10-02 05:37:42,292 [INFO] [DETAIL] 3174 ハピネス・アンド・ディ: income_stmt=OK, balance_sheet=OK, cashflow=OK, dividends=OK
2026-10-02 05:37:42,292 [INFO] [TIME] 3174 ハピネス・アンド・ディ 処理時間: 0.95s
2026-10-02 05:37:43,748 [DEBUG] [TIME] 3175 info: 0.20s
2026-10-02 05:37:43,749 [DEBUG] yfinance OK: 3175
2026-10-02 05:37:43,957 [DEBUG] [TIME] 3175 income_stmt: 0.21s
2026-10-02 05:37:44,125 [DEBUG] [TIME] 3175 balance_sheet: 0.17s
2026-10-02 05:37:44,277 [DEBUG] [TIME] 3175 cashflow: 0.15s
2026-10-02 05:37:44,402 [DEBUG] [TIME] 3175 dividends: 0.13s
2026-10-02 05:37:44,402 [INFO] [DETAIL] 3175 エー・ピーホールディングス: income_stmt=OK, balance_sheet=OK, cashflow=OK, dividends=EMPTY
2026-10-02 05:37:44,402 [INFO] [TIME] 3175 エー・ピーホールディングス 処理時間: 0.85s
2026-10-02 05:37:46,633 [DEBUG] [TIME] 3176 info: 0.27s
2026-10-02 05:37:46,633 [DEBUG] yfinance OK: 3176
2026-10-02 05:37:46,878 [DEBUG] [TIME] 3176 income_stmt: 0.24s
2026-10-02 05:37:47,121 [DEBUG] [TIME] 3176 balance_sheet: 0.24s
2026-10-02 05:37:47,321 [DEBUG] [TIME] 3176 cashflow: 0.20s
2026-10-02 05:37:47,489 [DEBUG] [TIME] 3176 dividends: 0.17s
2026-10-02 05:37:47,490 [INFO] [DETAIL] 3176 三洋貿易: income_stmt=OK, balance_sheet=OK, cashflow=OK, dividends=OK
2026-10-02 05:37:47,491 [INFO] [TIME] 3176 三洋貿易 処理時間: 1.12s
2026-10-02 05:37:49,420 [DEBUG] [TIME] 3177 info: 0.17s
2026-10-02 05:37:49,420 [DEBUG] yfinance OK: 3177
2026-10-02 05:37:49,558 [DEBUG] [TIME] 3177 income_stmt: 0.14s
2026-10-02 05:37:49,847 [DEBUG] [TIME] 3177 balance_sheet: 0.29s
2026-10-02 05:37:50,024 [DEBUG] [TIME] 3177 cashflow: 0.18s
2026-10-02 05:37:50,230 [DEBUG] [TIME] 3177 dividends: 0.20s
2026-10-02 05:37:50,231 [INFO] [DETAIL] 3177 ありがとうサービス: income_stmt=OK, balance_sheet=OK, cashflow=OK, dividends=OK
2026-10-02 05:37:50,231 [INFO] [TIME] 3177 ありがとうサービス 処理時間: 0.98s
2026-10-02 05:37:51,462 [DEBUG] [TIME] 3178 info: 0.17s
2026-10-02 05:37:51,462 [DEBUG] yfinance OK: 3178
2026-10-02 05:37:51,596 [DEBUG] [TIME] 3178 income_stmt: 0.13s
2026-10-02 05:37:51,781 [DEBUG] [TIME] 3178 balance_sheet: 0.18s
2026-10-02 05:37:51,909 [DEBUG] [TIME] 3178 cashflow: 0.13s
2026-10-02 05:37:52,129 [DEBUG] [TIME] 3178 dividends: 0.22s
2026-10-02 05:37:52,130 [INFO] [DETAIL] 3178 チムニー: income_stmt=OK, balance_sheet=OK, cashflow=OK, dividends=OK
2026-10-02 05:37:52,130 [INFO] [TIME] 3178 チムニー 処理時間: 0.84s
2026-10-02 05:37:53,597 [DEBUG] [TIME] 3179 info: 0.33s
2026-10-02 05:37:53,598 [DEBUG] yfinance OK: 3179
2026-10-02 05:37:53,716 [DEBUG] [TIME] 3179 income_stmt: 0.12s
2026-10-02 05:37:53,888 [DEBUG] [TIME] 3179 balance_sheet: 0.17s
2026-10-02 05:37:54,184 [DEBUG] [TIME] 3179 cashflow: 0.30s
2026-10-02 05:37:54,387 [DEBUG] [TIME] 3179 dividends: 0.20s
2026-10-02 05:37:54,388 [INFO] [DETAIL] 3179 シュッピン: income_stmt=OK, balance_sheet=OK, cashflow=OK, dividends=OK
2026-10-02 05:37:54,389 [INFO] [TIME] 3179 シュッピン 処理時間: 1.12s
2026-10-02 05:37:55,686 [DEBUG] [TIME] 3180 info: 0.20s
2026-10-02 05:37:55,686 [DEBUG] yfinance OK: 3180
2026-10-02 05:37:55,952 [DEBUG] [TIME] 3180 income_stmt: 0.27s
2026-10-02 05:37:56,228 [DEBUG] [TIME] 3180 balance_sheet: 0.28s
2026-10-02 05:37:56,442 [DEBUG] [TIME] 3180 cashflow: 0.21s
2026-10-02 05:37:56,613 [DEBUG] [TIME] 3180 dividends: 0.17s
2026-10-02 05:37:56,614 [INFO] [DETAIL] 3180 ビューティガレージ: income_stmt=OK, balance_sheet=OK, cashflow=OK, dividends=OK
2026-10-02 05:37:56,614 [INFO] [TIME] 3180 ビューティガレージ 処理時間: 1.13s
2026-10-02 05:37:58,118 [DEBUG] [TIME] 3181 info: 0.15s
2026-10-02 05:37:58,118 [DEBUG] yfinance OK: 3181
2026-10-02 05:37:58,316 [DEBUG] [TIME] 3181 income_stmt: 0.20s
2026-10-02 05:37:58,515 [DEBUG] [TIME] 3181 balance_sheet: 0.20s
2026-10-02 05:37:58,670 [DEBUG] [TIME] 3181 cashflow: 0.15s
2026-10-02 05:37:58,884 [DEBUG] [TIME] 3181 dividends: 0.21s
2026-10-02 05:37:58,885 [INFO] [DETAIL] 3181 買取王国: income_stmt=OK, balance_sheet=OK, cashflow=OK, dividends=OK
2026-10-02 05:37:58,885 [INFO] [TIME] 3181 買取王国 処理時間: 0.92s
2026-10-02 05:38:00,106 [DEBUG] [TIME] 3182 info: 0.14s
2026-10-02 05:38:00,106 [DEBUG] yfinance OK: 3182
2026-10-02 05:38:00,249 [DEBUG] [TIME] 3182 income_stmt: 0.14s
2026-10-02 05:38:00,469 [DEBUG] [TIME] 3182 balance_sheet: 0.22s
2026-10-02 05:38:00,746 [DEBUG] [TIME] 3182 cashflow: 0.28s
2026-10-02 05:38:00,962 [DEBUG] [TIME] 3182 dividends: 0.22s
2026-10-02 05:38:00,963 [INFO] [DETAIL] 3182 オイシックス・ラ・大地: income_stmt=OK, balance_sheet=OK, cashflow=OK, dividends=OK
2026-10-02 05:38:00,963 [INFO] [TIME] 3182 オイシックス・ラ・大地 処理時間: 1.00s
2026-10-02 05:38:02,962 [DEBUG] [TIME] 3183 info: 0.62s
2026-10-02 05:38:02,962 [DEBUG] yfinance OK: 3183
2026-10-02 05:38:03,141 [DEBUG] [TIME] 3183 income_stmt: 0.18s
2026-10-02 05:38:03,379 [DEBUG] [TIME] 3183 balance_sheet: 0.24s
2026-10-02 05:38:03,515 [DEBUG] [TIME] 3183 cashflow: 0.13s
2026-10-02 05:38:03,764 [DEBUG] [TIME] 3183 dividends: 0.25s
2026-10-02 05:38:03,765 [INFO] [DETAIL] 3183 ウイン・パートナーズ: income_stmt=OK, balance_sheet=OK, cashflow=OK, dividends=OK
2026-10-02 05:38:03,765 [INFO] [TIME] 3183 ウイン・パートナーズ 処理時間: 1.42s
2026-10-02 05:38:05,972 [DEBUG] [TIME] 3184 info: 0.20s
2026-10-02 05:38:05,972 [DEBUG] yfinance OK: 3184
2026-10-02 05:38:06,126 [DEBUG] [TIME] 3184 income_stmt: 0.15s
2026-10-02 05:38:06,351 [DEBUG] [TIME] 3184 balance_sheet: 0.23s
2026-10-02 05:38:06,596 [DEBUG] [TIME] 3184 cashflow: 0.24s
2026-10-02 05:38:06,826 [DEBUG] [TIME] 3184 dividends: 0.23s
2026-10-02 05:38:06,827 [INFO] [DETAIL] 3184 ＩＣＤＡホールディングス: income_stmt=OK, balance_sheet=OK, cashflow=OK, dividends=OK
2026-10-02 05:38:06,827 [INFO] [TIME] 3184 ＩＣＤＡホールディングス 処理時間: 1.06s
2026-10-02 05:38:08,473 [DEBUG] [TIME] 3185 info: 0.20s
2026-10-02 05:38:08,473 [DEBUG] yfinance OK: 3185
2026-10-02 05:38:08,609 [DEBUG] [TIME] 3185 income_stmt: 0.14s
2026-10-02 05:38:08,731 [DEBUG] [TIME] 3185 balance_sheet: 0.12s
2026-10-02 05:38:08,984 [DEBUG] [TIME] 3185 cashflow: 0.25s
2026-10-02 05:38:09,209 [DEBUG] [TIME] 3185 dividends: 0.22s
2026-10-02 05:38:09,209 [INFO] [DETAIL] 3185 夢展望: income_stmt=OK, balance_sheet=OK, cashflow=OK, dividends=EMPTY
2026-10-02 05:38:09,210 [INFO] [TIME] 3185 夢展望 処理時間: 0.94s
2026-10-02 05:38:11,197 [DEBUG] [TIME] 3186 info: 0.21s
2026-10-02 05:38:11,198 [DEBUG] yfinance OK: 3186
2026-10-02 05:38:11,338 [DEBUG] [TIME] 3186 income_stmt: 0.14s
2026-10-02 05:38:11,620 [DEBUG] [TIME] 3186 balance_sheet: 0.28s
2026-10-02 05:38:11,775 [DEBUG] [TIME] 3186 cashflow: 0.15s
2026-10-02 05:38:11,961 [DEBUG] [TIME] 3186 dividends: 0.18s
2026-10-02 05:38:11,962 [INFO] [DETAIL] 3186 ネクステージ: income_stmt=OK, balance_sheet=OK, cashflow=OK, dividends=OK
2026-10-02 05:38:11,962 [INFO] [TIME] 3186 ネクステージ 処理時間: 0.97s
2026-10-02 05:38:13,169 [DEBUG] [TIME] 3187 info: 0.17s
2026-10-02 05:38:13,169 [DEBUG] yfinance OK: 3187
2026-10-02 05:38:13,276 [DEBUG] [TIME] 3187 income_stmt: 0.11s
2026-10-02 05:38:13,518 [DEBUG] [TIME] 3187 balance_sheet: 0.24s
2026-10-02 05:38:13,752 [DEBUG] [TIME] 3187 cashflow: 0.23s
2026-10-02 05:38:13,995 [DEBUG] [TIME] 3187 dividends: 0.24s
2026-10-02 05:38:13,996 [INFO] [DETAIL] 3187 ミラタップ: income_stmt=OK, balance_sheet=OK, cashflow=OK, dividends=OK
2026-10-02 05:38:13,996 [INFO] [TIME] 3187 ミラタップ 処理時間: 1.00s
2026-10-02 05:38:16,127 [DEBUG] [TIME] 3189 info: 0.16s
2026-10-02 05:38:16,127 [DEBUG] yfinance OK: 3189
2026-10-02 05:38:16,278 [DEBUG] [TIME] 3189 income_stmt: 0.15s
2026-10-02 05:38:16,569 [DEBUG] [TIME] 3189 balance_sheet: 0.29s
2026-10-02 05:38:16,779 [DEBUG] [TIME] 3189 cashflow: 0.21s
2026-10-02 05:38:16,943 [DEBUG] [TIME] 3189 dividends: 0.16s
2026-10-02 05:38:16,943 [INFO] [DETAIL] 3189 ＡＮＡＰホールディングス: income_stmt=OK, balance_sheet=OK, cashflow=OK, dividends=OK
2026-10-02 05:38:16,944 [INFO] [TIME] 3189 ＡＮＡＰホールディングス 処理時間: 0.98s
2026-10-02 05:38:18,470 [DEBUG] [TIME] 3190 info: 0.17s
2026-10-02 05:38:18,470 [DEBUG] yfinance OK: 3190
2026-10-02 05:38:18,594 [DEBUG] [TIME] 3190 income_stmt: 0.12s
2026-10-02 05:38:18,823 [DEBUG] [TIME] 3190 balance_sheet: 0.23s
2026-10-02 05:38:19,147 [DEBUG] [TIME] 3190 cashflow: 0.32s
2026-10-02 05:38:19,329 [DEBUG] [TIME] 3190 dividends: 0.18s
2026-10-02 05:38:19,330 [INFO] [DETAIL] 3190 ホットマン: income_stmt=OK, balance_sheet=OK, cashflow=OK, dividends=OK
2026-10-02 05:38:19,331 [INFO] [TIME] 3190 ホットマン 処理時間: 1.04s
2026-10-02 05:38:20,621 [DEBUG] [TIME] 3191 info: 0.16s
2026-10-02 05:38:20,621 [DEBUG] yfinance OK: 3191
2026-10-02 05:38:20,765 [DEBUG] [TIME] 3191 income_stmt: 0.14s
2026-10-02 05:38:20,961 [DEBUG] [TIME] 3191 balance_sheet: 0.20s
2026-10-02 05:38:21,162 [DEBUG] [TIME] 3191 cashflow: 0.20s
2026-10-02 05:38:21,345 [DEBUG] [TIME] 3191 dividends: 0.18s
2026-10-02 05:38:21,346 [INFO] [DETAIL] 3191 ジョイフル本田: income_stmt=OK, balance_sheet=OK, cashflow=OK, dividends=OK
2026-10-02 05:38:21,346 [INFO] [TIME] 3191 ジョイフル本田 処理時間: 0.89s
2026-10-02 05:38:23,171 [DEBUG] [TIME] 3192 info: 0.15s
2026-10-02 05:38:23,171 [DEBUG] yfinance OK: 3192
2026-10-02 05:38:23,429 [DEBUG] [TIME] 3192 income_stmt: 0.26s
2026-10-02 05:38:23,635 [DEBUG] [TIME] 3192 balance_sheet: 0.21s
2026-10-02 05:38:23,846 [DEBUG] [TIME] 3192 cashflow: 0.21s
2026-10-02 05:38:24,017 [DEBUG] [TIME] 3192 dividends: 0.17s
2026-10-02 05:38:24,018 [INFO] [DETAIL] 3192 白鳩: income_stmt=OK, balance_sheet=OK, cashflow=OK, dividends=OK
2026-10-02 05:38:24,018 [INFO] [TIME] 3192 白鳩 処理時間: 1.00s
2026-10-02 05:38:25,693 [DEBUG] [TIME] 3193 info: 0.20s
2026-10-02 05:38:25,693 [DEBUG] yfinance OK: 3193
2026-10-02 05:38:25,883 [DEBUG] [TIME] 3193 income_stmt: 0.19s
2026-10-02 05:38:26,162 [DEBUG] [TIME] 3193 balance_sheet: 0.28s
2026-10-02 05:38:26,346 [DEBUG] [TIME] 3193 cashflow: 0.18s
2026-10-02 05:38:26,587 [DEBUG] [TIME] 3193 dividends: 0.24s
2026-10-02 05:38:26,588 [INFO] [DETAIL] 3193 エターナルホスピタリティグループ: income_stmt=OK, balance_sheet=OK, cashflow=OK, dividends=OK
2026-10-02 05:38:26,589 [INFO] [TIME] 3193 エターナルホスピタリティグループ 処理時間: 1.10s
2026-10-02 05:38:28,010 [DEBUG] [TIME] 3195 info: 0.15s
2026-10-02 05:38:28,011 [DEBUG] yfinance OK: 3195
2026-10-02 05:38:28,134 [DEBUG] [TIME] 3195 income_stmt: 0.12s
2026-10-02 05:38:28,339 [DEBUG] [TIME] 3195 balance_sheet: 0.20s
2026-10-02 05:38:28,568 [DEBUG] [TIME] 3195 cashflow: 0.23s
2026-10-02 05:38:28,716 [DEBUG] [TIME] 3195 dividends: 0.15s
2026-10-02 05:38:28,716 [INFO] [DETAIL] 3195 ジェネレーションパス: income_stmt=OK, balance_sheet=OK, cashflow=OK, dividends=OK
2026-10-02 05:38:28,717 [INFO] [TIME] 3195 ジェネレーションパス 処理時間: 0.86s
2026-10-02 05:38:30,262 [DEBUG] [TIME] 3196 info: 0.17s
2026-10-02 05:38:30,262 [DEBUG] yfinance OK: 3196
2026-10-02 05:38:30,414 [DEBUG] [TIME] 3196 income_stmt: 0.15s
2026-10-02 05:38:30,639 [DEBUG] [TIME] 3196 balance_sheet: 0.22s
2026-10-02 05:38:30,808 [DEBUG] [TIME] 3196 cashflow: 0.17s
2026-10-02 05:38:30,986 [DEBUG] [TIME] 3196 dividends: 0.18s
2026-10-02 05:38:30,987 [INFO] [DETAIL] 3196 ホットランドホールディングス: income_stmt=OK, balance_sheet=OK, cashflow=OK, dividends=OK
2026-10-02 05:38:30,988 [INFO] [TIME] 3196 ホットランドホールディングス 処理時間: 0.90s
2026-10-02 05:38:32,191 [DEBUG] [TIME] 3197 info: 0.15s
2026-10-02 05:38:32,191 [DEBUG] yfinance OK: 3197
2026-10-02 05:38:32,309 [DEBUG] [TIME] 3197 income_stmt: 0.12s
2026-10-02 05:38:32,438 [DEBUG] [TIME] 3197 balance_sheet: 0.13s
2026-10-02 05:38:32,659 [DEBUG] [TIME] 3197 cashflow: 0.22s
2026-10-02 05:38:32,870 [DEBUG] [TIME] 3197 dividends: 0.21s
2026-10-02 05:38:32,871 [INFO] [DETAIL] 3197 すかいらーくホールディングス: income_stmt=OK, balance_sheet=OK, cashflow=OK, dividends=OK
2026-10-02 05:38:32,871 [INFO] [TIME] 3197 すかいらーくホールディングス 処理時間: 0.84s
2026-10-02 05:38:34,953 [DEBUG] [TIME] 3198 info: 0.26s
2026-10-02 05:38:34,953 [WARNING] yfinance データなし: 3198
2026-10-02 05:38:34,953 [INFO] [TIME] 3198 ＳＦＰホールディングス 処理時間: 0.26s
2026-10-02 05:38:36,146 [DEBUG] [TIME] 3199 info: 0.17s
2026-10-02 05:38:36,146 [DEBUG] yfinance OK: 3199
2026-10-02 05:38:36,320 [DEBUG] [TIME] 3199 income_stmt: 0.17s
2026-10-02 05:38:36,552 [DEBUG] [TIME] 3199 balance_sheet: 0.23s
2026-10-02 05:38:36,686 [DEBUG] [TIME] 3199 cashflow: 0.13s
2026-10-02 05:38:36,946 [DEBUG] [TIME] 3199 dividends: 0.26s
2026-10-02 05:38:36,948 [INFO] [DETAIL] 3199 綿半ホールディングス: income_stmt=OK, balance_sheet=OK, cashflow=OK, dividends=OK
2026-10-02 05:38:36,948 [INFO] [TIME] 3199 綿半ホールディングス 処理時間: 0.97s
2026-10-02 05:38:38,136 [DEBUG] [TIME] 319A info: 0.17s
2026-10-02 05:38:38,136 [DEBUG] yfinance OK: 319A
2026-10-02 05:38:38,342 [DEBUG] [TIME] 319A income_stmt: 0.21s
2026-10-02 05:38:38,615 [DEBUG] [TIME] 319A balance_sheet: 0.27s
2026-10-02 05:38:38,875 [DEBUG] [TIME] 319A cashflow: 0.26s
2026-10-02 05:38:38,955 [DEBUG] [TIME] 319A dividends: 0.08s
2026-10-02 05:38:38,955 [INFO] [DETAIL] 319A 技術承継機構: income_stmt=OK, balance_sheet=OK, cashflow=OK, dividends=EMPTY
2026-10-02 05:38:38,955 [INFO] [TIME] 319A 技術承継機構 処理時間: 0.99s
2026-10-02 05:38:41,028 [DEBUG] [TIME] 3201 info: 0.18s
2026-10-02 05:38:41,028 [DEBUG] yfinance OK: 3201
2026-10-02 05:38:41,237 [DEBUG] [TIME] 3201 income_stmt: 0.21s
2026-10-02 05:38:41,422 [DEBUG] [TIME] 3201 balance_sheet: 0.18s
2026-10-02 05:38:41,612 [DEBUG] [TIME] 3201 cashflow: 0.19s
2026-10-02 05:38:41,857 [DEBUG] [TIME] 3201 dividends: 0.25s
2026-10-02 05:38:41,859 [INFO] [DETAIL] 3201 日本毛織: income_stmt=OK, balance_sheet=OK, cashflow=OK, dividends=OK
2026-10-02 05:38:41,859 [INFO] [TIME] 3201 日本毛織 処理時間: 1.01s
2026-10-02 05:38:43,654 [DEBUG] [TIME] 3202 info: 0.22s
2026-10-02 05:38:43,654 [DEBUG] yfinance OK: 3202
2026-10-02 05:38:43,819 [DEBUG] [TIME] 3202 income_stmt: 0.16s
2026-10-02 05:38:44,099 [DEBUG] [TIME] 3202 balance_sheet: 0.28s
2026-10-02 05:38:44,269 [DEBUG] [TIME] 3202 cashflow: 0.17s
2026-10-02 05:38:44,460 [DEBUG] [TIME] 3202 dividends: 0.19s
2026-10-02 05:38:44,461 [INFO] [DETAIL] 3202 ダイトウボウ: income_stmt=OK, balance_sheet=OK, cashflow=OK, dividends=OK
2026-10-02 05:38:44,461 [INFO] [TIME] 3202 ダイトウボウ 処理時間: 1.03s
2026-10-02 05:38:45,891 [DEBUG] [TIME] 3204 info: 0.15s
2026-10-02 05:38:45,891 [DEBUG] yfinance OK: 3204
2026-10-02 05:38:46,034 [DEBUG] [TIME] 3204 income_stmt: 0.14s
2026-10-02 05:38:46,187 [DEBUG] [TIME] 3204 balance_sheet: 0.15s
2026-10-02 05:38:46,355 [DEBUG] [TIME] 3204 cashflow: 0.17s
2026-10-02 05:38:46,599 [DEBUG] [TIME] 3204 dividends: 0.24s
2026-10-02 05:38:46,600 [INFO] [DETAIL] 3204 トーア紡コーポレーション: income_stmt=OK, balance_sheet=OK, cashflow=OK, dividends=OK
2026-10-02 05:38:46,601 [INFO] [TIME] 3204 トーア紡コーポレーション 処理時間: 0.86s
2026-10-02 05:38:48,371 [DEBUG] [TIME] 3205 info: 0.16s
2026-10-02 05:38:48,371 [DEBUG] yfinance OK: 3205
2026-10-02 05:38:48,514 [DEBUG] [TIME] 3205 income_stmt: 0.14s
2026-10-02 05:38:48,686 [DEBUG] [TIME] 3205 balance_sheet: 0.17s
2026-10-02 05:38:48,907 [DEBUG] [TIME] 3205 cashflow: 0.22s
2026-10-02 05:38:49,203 [DEBUG] [TIME] 3205 dividends: 0.30s
2026-10-02 05:38:49,204 [INFO] [DETAIL] 3205 ダイドーリミテッド: income_stmt=OK, balance_sheet=OK, cashflow=OK, dividends=OK
2026-10-02 05:38:49,204 [INFO] [TIME] 3205 ダイドーリミテッド 処理時間: 0.99s
2026-10-02 05:38:50,527 [DEBUG] [TIME] 3221 info: 0.19s
2026-10-02 05:38:50,527 [DEBUG] yfinance OK: 3221
2026-10-02 05:38:50,732 [DEBUG] [TIME] 3221 income_stmt: 0.20s
2026-10-02 05:38:50,985 [DEBUG] [TIME] 3221 balance_sheet: 0.25s
2026-10-02 05:38:51,158 [DEBUG] [TIME] 3221 cashflow: 0.17s
2026-10-02 05:38:51,383 [DEBUG] [TIME] 3221 dividends: 0.22s
2026-10-02 05:38:51,384 [INFO] [DETAIL] 3221 ヨシックスホールディングス: income_stmt=OK, balance_sheet=OK, cashflow=OK, dividends=OK
2026-10-02 05:38:51,384 [INFO] [TIME] 3221 ヨシックスホールディングス 処理時間: 1.05s
2026-10-02 05:38:52,924 [DEBUG] [TIME] 3222 info: 0.15s
2026-10-02 05:38:52,924 [DEBUG] yfinance OK: 3222
2026-10-02 05:38:53,100 [DEBUG] [TIME] 3222 income_stmt: 0.18s
2026-10-02 05:38:53,391 [DEBUG] [TIME] 3222 balance_sheet: 0.29s
2026-10-02 05:38:53,656 [DEBUG] [TIME] 3222 cashflow: 0.26s
2026-10-02 05:38:53,813 [DEBUG] [TIME] 3222 dividends: 0.16s
2026-10-02 05:38:53,814 [INFO] [DETAIL] 3222 ユナイテッド・スーパーマーケット・ホールディングス: income_stmt=OK, balance_sheet=OK, cashflow=OK, dividends=OK
2026-10-02 05:38:53,815 [INFO] [TIME] 3222 ユナイテッド・スーパーマーケット・ホールディングス 処理時間: 1.04s
2026-10-02 05:38:55,663 [DEBUG] [TIME] 3223 info: 0.21s
2026-10-02 05:38:55,663 [DEBUG] yfinance OK: 3223
2026-10-02 05:38:55,841 [DEBUG] [TIME] 3223 income_stmt: 0.18s
2026-10-02 05:38:56,126 [DEBUG] [TIME] 3223 balance_sheet: 0.28s
2026-10-02 05:38:56,269 [DEBUG] [TIME] 3223 cashflow: 0.14s
2026-10-02 05:38:56,421 [DEBUG] [TIME] 3223 dividends: 0.15s
2026-10-02 05:38:56,422 [INFO] [DETAIL] 3223 エスエルディー: income_stmt=OK, balance_sheet=OK, cashflow=OK, dividends=OK
2026-10-02 05:38:56,422 [INFO] [TIME] 3223 エスエルディー 処理時間: 0.97s
2026-10-02 05:38:57,873 [DEBUG] [TIME] 3224 info: 0.19s
2026-10-02 05:38:57,873 [DEBUG] yfinance OK: 3224
2026-10-02 05:38:58,001 [DEBUG] [TIME] 3224 income_stmt: 0.13s
2026-10-02 05:38:58,210 [DEBUG] [TIME] 3224 balance_sheet: 0.21s
2026-10-02 05:38:58,388 [DEBUG] [TIME] 3224 cashflow: 0.18s
2026-10-02 05:38:58,572 [DEBUG] [TIME] 3224 dividends: 0.18s
2026-10-02 05:38:58,573 [INFO] [DETAIL] 3224 ゼネラル・オイスター: income_stmt=OK, balance_sheet=OK, cashflow=OK, dividends=OK
2026-10-02 05:38:58,573 [INFO] [TIME] 3224 ゼネラル・オイスター 処理時間: 0.89s
2026-10-02 05:38:59,912 [DEBUG] [TIME] 3231 info: 0.17s
2026-10-02 05:38:59,912 [DEBUG] yfinance OK: 3231
2026-10-02 05:39:00,172 [DEBUG] [TIME] 3231 income_stmt: 0.26s
2026-10-02 05:39:00,367 [DEBUG] [TIME] 3231 balance_sheet: 0.20s
2026-10-02 05:39:00,582 [DEBUG] [TIME] 3231 cashflow: 0.21s
2026-10-02 05:39:00,898 [DEBUG] [TIME] 3231 dividends: 0.32s
2026-10-02 05:39:00,899 [INFO] [DETAIL] 3231 野村不動産ホールディングス: income_stmt=OK, balance_sheet=OK, cashflow=OK, dividends=OK
2026-10-02 05:39:00,899 [INFO] [TIME] 3231 野村不動産ホールディングス 処理時間: 1.16s
2026-10-02 05:39:03,026 [DEBUG] [TIME] 3232 info: 0.15s
2026-10-02 05:39:03,026 [DEBUG] yfinance OK: 3232
2026-10-02 05:39:03,225 [DEBUG] [TIME] 3232 income_stmt: 0.20s
2026-10-02 05:39:03,360 [DEBUG] [TIME] 3232 balance_sheet: 0.14s
2026-10-02 05:39:03,462 [DEBUG] [TIME] 3232 cashflow: 0.10s
2026-10-02 05:39:03,616 [DEBUG] [TIME] 3232 dividends: 0.15s
2026-10-02 05:39:03,617 [INFO] [DETAIL] 3232 三重交通グループホールディングス: income_stmt=OK, balance_sheet=OK, cashflow=OK, dividends=OK
2026-10-02 05:39:03,618 [INFO] [TIME] 3232 三重交通グループホールディングス 処理時間: 0.75s
2026-10-02 05:39:05,857 [DEBUG] [TIME] 3236 info: 0.27s
2026-10-02 05:39:05,857 [DEBUG] yfinance OK: 3236
2026-10-02 05:39:06,060 [DEBUG] [TIME] 3236 income_stmt: 0.20s
2026-10-02 05:39:06,248 [DEBUG] [TIME] 3236 balance_sheet: 0.19s
2026-10-02 05:39:06,379 [DEBUG] [TIME] 3236 cashflow: 0.13s
2026-10-02 05:39:06,577 [DEBUG] [TIME] 3236 dividends: 0.20s
2026-10-02 05:39:06,578 [INFO] [DETAIL] 3236 プロパスト: income_stmt=OK, balance_sheet=OK, cashflow=OK, dividends=OK
2026-10-02 05:39:06,578 [INFO] [TIME] 3236 プロパスト 処理時間: 0.99s
2026-10-02 05:39:08,430 [DEBUG] [TIME] 3237 info: 0.14s
2026-10-02 05:39:08,430 [DEBUG] yfinance OK: 3237
2026-10-02 05:39:08,576 [DEBUG] [TIME] 3237 income_stmt: 0.15s
2026-10-02 05:39:08,827 [DEBUG] [TIME] 3237 balance_sheet: 0.25s
2026-10-02 05:39:09,258 [DEBUG] [TIME] 3237 cashflow: 0.43s
2026-10-02 05:39:09,495 [DEBUG] [TIME] 3237 dividends: 0.24s
2026-10-02 05:39:09,496 [INFO] [DETAIL] 3237 イントランス: income_stmt=OK, balance_sheet=OK, cashflow=OK, dividends=OK
2026-10-02 05:39:09,496 [INFO] [TIME] 3237 イントランス 処理時間: 1.20s
2026-10-02 05:39:11,283 [DEBUG] [TIME] 3238 info: 0.16s
2026-10-02 05:39:11,283 [DEBUG] yfinance OK: 3238
2026-10-02 05:39:11,441 [DEBUG] [TIME] 3238 income_stmt: 0.16s
2026-10-02 05:39:11,687 [DEBUG] [TIME] 3238 balance_sheet: 0.25s
2026-10-02 05:39:11,872 [DEBUG] [TIME] 3238 cashflow: 0.19s
2026-10-02 05:39:12,205 [DEBUG] [TIME] 3238 dividends: 0.33s
2026-10-02 05:39:12,205 [INFO] [DETAIL] 3238 セントラル総合開発: income_stmt=OK, balance_sheet=OK, cashflow=OK, dividends=OK
2026-10-02 05:39:12,206 [INFO] [TIME] 3238 セントラル総合開発 処理時間: 1.09s
2026-10-02 05:39:13,746 [DEBUG] [TIME] 323A info: 0.24s
2026-10-02 05:39:13,747 [DEBUG] yfinance OK: 323A
2026-10-02 05:39:13,971 [DEBUG] [TIME] 323A income_stmt: 0.22s
2026-10-02 05:39:14,167 [DEBUG] [TIME] 323A balance_sheet: 0.20s
2026-10-02 05:39:14,438 [DEBUG] [TIME] 323A cashflow: 0.27s
2026-10-02 05:39:14,529 [DEBUG] [TIME] 323A dividends: 0.09s
2026-10-02 05:39:14,529 [INFO] [DETAIL] 323A フライヤー: income_stmt=OK, balance_sheet=OK, cashflow=OK, dividends=EMPTY
2026-10-02 05:39:14,529 [INFO] [TIME] 323A フライヤー 処理時間: 1.02s
2026-10-02 05:39:15,715 [DEBUG] [TIME] 3241 info: 0.18s
2026-10-02 05:39:15,715 [DEBUG] yfinance OK: 3241
2026-10-02 05:39:15,885 [DEBUG] [TIME] 3241 income_stmt: 0.17s
2026-10-02 05:39:16,126 [DEBUG] [TIME] 3241 balance_sheet: 0.24s
2026-10-02 05:39:16,279 [DEBUG] [TIME] 3241 cashflow: 0.15s
2026-10-02 05:39:16,546 [DEBUG] [TIME] 3241 dividends: 0.27s
2026-10-02 05:39:16,547 [INFO] [DETAIL] 3241 ウィル: income_stmt=OK, balance_sheet=OK, cashflow=OK, dividends=OK
2026-10-02 05:39:16,547 [INFO] [TIME] 3241 ウィル 処理時間: 1.01s
2026-10-02 05:39:18,564 [DEBUG] [TIME] 3242 info: 0.16s
2026-10-02 05:39:18,564 [DEBUG] yfinance OK: 3242
2026-10-02 05:39:18,780 [DEBUG] [TIME] 3242 income_stmt: 0.22s
2026-10-02 05:39:18,965 [DEBUG] [TIME] 3242 balance_sheet: 0.18s
2026-10-02 05:39:19,216 [DEBUG] [TIME] 3242 cashflow: 0.25s
2026-10-02 05:39:19,484 [DEBUG] [TIME] 3242 dividends: 0.27s
2026-10-02 05:39:19,485 [INFO] [DETAIL] 3242 アーバネットコーポレーション: income_stmt=OK, balance_sheet=OK, cashflow=OK, dividends=OK
2026-10-02 05:39:19,485 [INFO] [TIME] 3242 アーバネットコーポレーション 処理時間: 1.09s
2026-10-02 05:39:20,825 [DEBUG] [TIME] 3245 info: 0.19s
2026-10-02 05:39:20,825 [DEBUG] yfinance OK: 3245
2026-10-02 05:39:21,039 [DEBUG] [TIME] 3245 income_stmt: 0.21s
2026-10-02 05:39:21,289 [DEBUG] [TIME] 3245 balance_sheet: 0.25s
2026-10-02 05:39:21,501 [DEBUG] [TIME] 3245 cashflow: 0.21s
2026-10-02 05:39:21,729 [DEBUG] [TIME] 3245 dividends: 0.23s
2026-10-02 05:39:21,730 [INFO] [DETAIL] 3245 ディア・ライフ: income_stmt=OK, balance_sheet=OK, cashflow=OK, dividends=OK
2026-10-02 05:39:21,730 [INFO] [TIME] 3245 ディア・ライフ 処理時間: 1.09s
2026-10-02 05:39:23,264 [DEBUG] [TIME] 3246 info: 0.15s
2026-10-02 05:39:23,264 [DEBUG] yfinance OK: 3246
2026-10-02 05:39:23,477 [DEBUG] [TIME] 3246 income_stmt: 0.21s
2026-10-02 05:39:23,741 [DEBUG] [TIME] 3246 balance_sheet: 0.26s
2026-10-02 05:39:23,948 [DEBUG] [TIME] 3246 cashflow: 0.21s
2026-10-02 05:39:24,142 [DEBUG] [TIME] 3246 dividends: 0.19s
2026-10-02 05:39:24,143 [INFO] [DETAIL] 3246 コーセーアールイー: income_stmt=OK, balance_sheet=OK, cashflow=OK, dividends=OK
2026-10-02 05:39:24,143 [INFO] [TIME] 3246 コーセーアールイー 処理時間: 1.03s
2026-10-02 05:39:26,187 [DEBUG] [TIME] 3248 info: 0.16s
2026-10-02 05:39:26,187 [DEBUG] yfinance OK: 3248
2026-10-02 05:39:26,322 [DEBUG] [TIME] 3248 income_stmt: 0.13s
2026-10-02 05:39:26,517 [DEBUG] [TIME] 3248 balance_sheet: 0.20s
2026-10-02 05:39:26,634 [DEBUG] [TIME] 3248 cashflow: 0.12s
2026-10-02 05:39:26,876 [DEBUG] [TIME] 3248 dividends: 0.24s
2026-10-02 05:39:26,877 [INFO] [DETAIL] 3248 アールエイジ: income_stmt=OK, balance_sheet=OK, cashflow=OK, dividends=OK
2026-10-02 05:39:26,877 [INFO] [TIME] 3248 アールエイジ 処理時間: 0.85s
2026-10-02 05:39:28,452 [DEBUG] [TIME] 324A info: 0.21s
2026-10-02 05:39:28,452 [DEBUG] yfinance OK: 324A
2026-10-02 05:39:28,644 [DEBUG] [TIME] 324A income_stmt: 0.19s
2026-10-02 05:39:28,963 [DEBUG] [TIME] 324A balance_sheet: 0.32s
2026-10-02 05:39:29,107 [DEBUG] [TIME] 324A cashflow: 0.14s
2026-10-02 05:39:29,203 [DEBUG] [TIME] 324A dividends: 0.10s
2026-10-02 05:39:29,203 [INFO] [DETAIL] 324A ブッキングリゾート: income_stmt=OK, balance_sheet=OK, cashflow=OK, dividends=EMPTY
2026-10-02 05:39:29,203 [INFO] [TIME] 324A ブッキングリゾート 処理時間: 0.97s
2026-10-02 05:39:31,173 [DEBUG] [TIME] 3252 info: 0.24s
2026-10-02 05:39:31,173 [DEBUG] yfinance OK: 3252
2026-10-02 05:39:31,323 [DEBUG] [TIME] 3252 income_stmt: 0.15s
2026-10-02 05:39:31,672 [DEBUG] [TIME] 3252 balance_sheet: 0.35s
2026-10-02 05:39:31,921 [DEBUG] [TIME] 3252 cashflow: 0.25s
2026-10-02 05:39:32,115 [DEBUG] [TIME] 3252 dividends: 0.19s
2026-10-02 05:39:32,116 [INFO] [DETAIL] 3252 地主: income_stmt=OK, balance_sheet=OK, cashflow=OK, dividends=OK
2026-10-02 05:39:32,116 [INFO] [TIME] 3252 地主 処理時間: 1.19s
2026-10-02 05:39:34,029 [DEBUG] [TIME] 325A info: 0.17s
2026-10-02 05:39:34,029 [DEBUG] yfinance OK: 325A
2026-10-02 05:39:34,145 [DEBUG] [TIME] 325A income_stmt: 0.12s
2026-10-02 05:39:34,305 [DEBUG] [TIME] 325A balance_sheet: 0.16s
2026-10-02 05:39:34,505 [DEBUG] [TIME] 325A cashflow: 0.20s
2026-10-02 05:39:34,594 [DEBUG] [TIME] 325A dividends: 0.09s
2026-10-02 05:39:34,594 [INFO] [DETAIL] 325A ＴＥＮＴＩＡＬ: income_stmt=OK, balance_sheet=OK, cashflow=OK, dividends=EMPTY
2026-10-02 05:39:34,595 [INFO] [TIME] 325A ＴＥＮＴＩＡＬ 処理時間: 0.74s
2026-10-02 05:39:36,613 [DEBUG] [TIME] 3261 info: 0.23s
2026-10-02 05:39:36,613 [DEBUG] yfinance OK: 3261
2026-10-02 05:39:36,762 [DEBUG] [TIME] 3261 income_stmt: 0.15s
2026-10-02 05:39:36,935 [DEBUG] [TIME] 3261 balance_sheet: 0.17s
2026-10-02 05:39:37,224 [DEBUG] [TIME] 3261 cashflow: 0.29s
2026-10-02 05:39:37,378 [DEBUG] [TIME] 3261 dividends: 0.15s
2026-10-02 05:39:37,379 [INFO] [DETAIL] 3261 グランディーズ: income_stmt=OK, balance_sheet=OK, cashflow=OK, dividends=OK
2026-10-02 05:39:37,379 [INFO] [TIME] 3261 グランディーズ 処理時間: 1.00s
2026-10-02 05:39:39,369 [DEBUG] [TIME] 3266 info: 0.14s
2026-10-02 05:39:39,369 [DEBUG] yfinance OK: 3266
2026-10-02 05:39:39,499 [DEBUG] [TIME] 3266 income_stmt: 0.13s
2026-10-02 05:39:39,684 [DEBUG] [TIME] 3266 balance_sheet: 0.18s
2026-10-02 05:39:39,865 [DEBUG] [TIME] 3266 cashflow: 0.18s
2026-10-02 05:39:40,039 [DEBUG] [TIME] 3266 dividends: 0.17s
2026-10-02 05:39:40,040 [INFO] [DETAIL] 3266 ファンドクリエーショングループ: income_stmt=OK, balance_sheet=OK, cashflow=OK, dividends=OK
2026-10-02 05:39:40,040 [INFO] [TIME] 3266 ファンドクリエーショングループ 処理時間: 0.81s
2026-10-02 05:39:41,290 [DEBUG] [TIME] 3267 info: 0.14s
2026-10-02 05:39:41,290 [DEBUG] yfinance OK: 3267
2026-10-02 05:39:41,450 [DEBUG] [TIME] 3267 income_stmt: 0.16s
2026-10-02 05:39:41,738 [DEBUG] [TIME] 3267 balance_sheet: 0.29s
2026-10-02 05:39:41,970 [DEBUG] [TIME] 3267 cashflow: 0.23s
2026-10-02 05:39:42,164 [DEBUG] [TIME] 3267 dividends: 0.19s
2026-10-02 05:39:42,165 [INFO] [DETAIL] 3267 フィル・カンパニー: income_stmt=OK, balance_sheet=OK, cashflow=OK, dividends=OK
2026-10-02 05:39:42,165 [INFO] [TIME] 3267 フィル・カンパニー 処理時間: 1.02s
2026-10-02 05:39:43,601 [DEBUG] [TIME] 3271 info: 0.29s
2026-10-02 05:39:43,601 [WARNING] yfinance データなし: 3271
2026-10-02 05:39:43,601 [INFO] [TIME] 3271 ＴＨＥグローバル社 処理時間: 0.29s
2026-10-02 05:39:45,167 [DEBUG] [TIME] 3276 info: 0.16s
2026-10-02 05:39:45,167 [DEBUG] yfinance OK: 3276
2026-10-02 05:39:45,374 [DEBUG] [TIME] 3276 income_stmt: 0.21s
2026-10-02 05:39:45,574 [DEBUG] [TIME] 3276 balance_sheet: 0.20s
2026-10-02 05:39:45,786 [DEBUG] [TIME] 3276 cashflow: 0.21s
2026-10-02 05:39:45,980 [DEBUG] [TIME] 3276 dividends: 0.19s
2026-10-02 05:39:45,981 [INFO] [DETAIL] 3276 ＪＰＭＣ: income_stmt=OK, balance_sheet=OK, cashflow=OK, dividends=OK
2026-10-02 05:39:45,981 [INFO] [TIME] 3276 ＪＰＭＣ 処理時間: 0.98s
2026-10-02 05:39:47,459 [DEBUG] [TIME] 3277 info: 0.15s
2026-10-02 05:39:47,460 [DEBUG] yfinance OK: 3277
2026-10-02 05:39:47,647 [DEBUG] [TIME] 3277 income_stmt: 0.19s
2026-10-02 05:39:47,839 [DEBUG] [TIME] 3277 balance_sheet: 0.19s
2026-10-02 05:39:47,981 [DEBUG] [TIME] 3277 cashflow: 0.14s
2026-10-02 05:39:48,183 [DEBUG] [TIME] 3277 dividends: 0.20s
2026-10-02 05:39:48,184 [INFO] [DETAIL] 3277 サンセイランディック: income_stmt=OK, balance_sheet=OK, cashflow=OK, dividends=OK
2026-10-02 05:39:48,184 [INFO] [TIME] 3277 サンセイランディック 処理時間: 0.87s
2026-10-02 05:39:49,568 [DEBUG] [TIME] 3280 info: 0.15s
2026-10-02 05:39:49,568 [DEBUG] yfinance OK: 3280
2026-10-02 05:39:49,701 [DEBUG] [TIME] 3280 income_stmt: 0.13s
2026-10-02 05:39:49,895 [DEBUG] [TIME] 3280 balance_sheet: 0.19s
2026-10-02 05:39:50,011 [DEBUG] [TIME] 3280 cashflow: 0.11s
2026-10-02 05:39:50,209 [DEBUG] [TIME] 3280 dividends: 0.20s
2026-10-02 05:39:50,210 [INFO] [DETAIL] 3280 エストラスト: income_stmt=OK, balance_sheet=OK, cashflow=OK, dividends=OK
2026-10-02 05:39:50,210 [INFO] [TIME] 3280 エストラスト 処理時間: 0.79s
2026-10-02 05:39:51,533 [DEBUG] [TIME] 3284 info: 0.20s
2026-10-02 05:39:51,534 [DEBUG] yfinance OK: 3284
2026-10-02 05:39:51,786 [DEBUG] [TIME] 3284 income_stmt: 0.25s
2026-10-02 05:39:51,971 [DEBUG] [TIME] 3284 balance_sheet: 0.18s
2026-10-02 05:39:52,128 [DEBUG] [TIME] 3284 cashflow: 0.16s
2026-10-02 05:39:52,317 [DEBUG] [TIME] 3284 dividends: 0.19s
2026-10-02 05:39:52,318 [INFO] [DETAIL] 3284 フージャースホールディングス: income_stmt=OK, balance_sheet=OK, cashflow=OK, dividends=OK
2026-10-02 05:39:52,318 [INFO] [TIME] 3284 フージャースホールディングス 処理時間: 0.99s
2026-10-02 05:39:53,956 [DEBUG] [TIME] 3286 info: 0.20s
2026-10-02 05:39:53,956 [DEBUG] yfinance OK: 3286
2026-10-02 05:39:54,143 [DEBUG] [TIME] 3286 income_stmt: 0.19s
2026-10-02 05:39:54,409 [DEBUG] [TIME] 3286 balance_sheet: 0.27s
2026-10-02 05:39:54,552 [DEBUG] [TIME] 3286 cashflow: 0.14s
2026-10-02 05:39:54,762 [DEBUG] [TIME] 3286 dividends: 0.21s
2026-10-02 05:39:54,763 [INFO] [DETAIL] 3286 トラストホールディングス: income_stmt=OK, balance_sheet=OK, cashflow=OK, dividends=OK
2026-10-02 05:39:54,763 [INFO] [TIME] 3286 トラストホールディングス 処理時間: 1.01s
2026-10-02 05:39:56,732 [DEBUG] [TIME] 3288 info: 0.22s
2026-10-02 05:39:56,733 [DEBUG] yfinance OK: 3288
2026-10-02 05:39:56,875 [DEBUG] [TIME] 3288 income_stmt: 0.14s
2026-10-02 05:39:57,035 [DEBUG] [TIME] 3288 balance_sheet: 0.16s
2026-10-02 05:39:57,190 [DEBUG] [TIME] 3288 cashflow: 0.15s
2026-10-02 05:39:57,559 [DEBUG] [TIME] 3288 dividends: 0.37s
2026-10-02 05:39:57,560 [INFO] [DETAIL] 3288 オープンハウスグループ: income_stmt=OK, balance_sheet=OK, cashflow=OK, dividends=OK
2026-10-02 05:39:57,560 [INFO] [TIME] 3288 オープンハウスグループ 処理時間: 1.05s
2026-10-02 05:39:59,012 [DEBUG] [TIME] 3289 info: 0.15s
2026-10-02 05:39:59,013 [DEBUG] yfinance OK: 3289
2026-10-02 05:39:59,168 [DEBUG] [TIME] 3289 income_stmt: 0.16s
2026-10-02 05:39:59,379 [DEBUG] [TIME] 3289 balance_sheet: 0.21s
2026-10-02 05:39:59,513 [DEBUG] [TIME] 3289 cashflow: 0.13s
2026-10-02 05:39:59,688 [DEBUG] [TIME] 3289 dividends: 0.17s
2026-10-02 05:39:59,689 [INFO] [DETAIL] 3289 東急不動産ホールディングス: income_stmt=OK, balance_sheet=OK, cashflow=OK, dividends=OK
2026-10-02 05:39:59,689 [INFO] [TIME] 3289 東急不動産ホールディングス 処理時間: 0.83s
2026-10-02 05:40:01,438 [DEBUG] [TIME] 3291 info: 0.19s
2026-10-02 05:40:01,438 [DEBUG] yfinance OK: 3291
2026-10-02 05:40:01,581 [DEBUG] [TIME] 3291 income_stmt: 0.14s
2026-10-02 05:40:01,853 [DEBUG] [TIME] 3291 balance_sheet: 0.27s
2026-10-02 05:40:02,082 [DEBUG] [TIME] 3291 cashflow: 0.23s
2026-10-02 05:40:02,303 [DEBUG] [TIME] 3291 dividends: 0.22s
2026-10-02 05:40:02,304 [INFO] [DETAIL] 3291 飯田グループホールディングス: income_stmt=OK, balance_sheet=OK, cashflow=OK, dividends=OK
2026-10-02 05:40:02,304 [INFO] [TIME] 3291 飯田グループホールディングス 処理時間: 1.06s
2026-10-02 05:40:03,764 [DEBUG] [TIME] 3293 info: 0.15s
2026-10-02 05:40:03,764 [DEBUG] yfinance OK: 3293
2026-10-02 05:40:03,905 [DEBUG] [TIME] 3293 income_stmt: 0.14s
2026-10-02 05:40:04,089 [DEBUG] [TIME] 3293 balance_sheet: 0.18s
2026-10-02 05:40:04,230 [DEBUG] [TIME] 3293 cashflow: 0.14s
2026-10-02 05:40:04,448 [DEBUG] [TIME] 3293 dividends: 0.22s
2026-10-02 05:40:04,449 [INFO] [DETAIL] 3293 アズマハウス: income_stmt=OK, balance_sheet=OK, cashflow=OK, dividends=OK
2026-10-02 05:40:04,449 [INFO] [TIME] 3293 アズマハウス 処理時間: 0.83s
2026-10-02 05:40:06,061 [DEBUG] [TIME] 3294 info: 0.28s
2026-10-02 05:40:06,061 [WARNING] yfinance データなし: 3294
2026-10-02 05:40:06,061 [INFO] [TIME] 3294 イーグランド 処理時間: 0.28s
2026-10-02 05:40:08,059 [DEBUG] [TIME] 3297 info: 0.21s
2026-10-02 05:40:08,059 [DEBUG] yfinance OK: 3297
2026-10-02 05:40:08,201 [DEBUG] [TIME] 3297 income_stmt: 0.14s
2026-10-02 05:40:08,369 [DEBUG] [TIME] 3297 balance_sheet: 0.17s
2026-10-02 05:40:08,499 [DEBUG] [TIME] 3297 cashflow: 0.13s
2026-10-02 05:40:08,710 [DEBUG] [TIME] 3297 dividends: 0.21s
2026-10-02 05:40:08,711 [INFO] [DETAIL] 3297 東武住販: income_stmt=OK, balance_sheet=OK, cashflow=OK, dividends=OK
2026-10-02 05:40:08,711 [INFO] [TIME] 3297 東武住販 処理時間: 0.86s
2026-10-02 05:40:10,256 [DEBUG] [TIME] 3299 info: 0.18s
2026-10-02 05:40:10,256 [DEBUG] yfinance OK: 3299
2026-10-02 05:40:10,385 [DEBUG] [TIME] 3299 income_stmt: 0.13s
2026-10-02 05:40:10,632 [DEBUG] [TIME] 3299 balance_sheet: 0.25s
2026-10-02 05:40:10,801 [DEBUG] [TIME] 3299 cashflow: 0.17s
2026-10-02 05:40:11,011 [DEBUG] [TIME] 3299 dividends: 0.21s
2026-10-02 05:40:11,012 [INFO] [DETAIL] 3299 ムゲンエステート: income_stmt=OK, balance_sheet=OK, cashflow=OK, dividends=OK
2026-10-02 05:40:11,012 [INFO] [TIME] 3299 ムゲンエステート 処理時間: 0.94s
2026-10-02 05:40:12,767 [DEBUG] [TIME] 3300 info: 0.18s
2026-10-02 05:40:12,767 [DEBUG] yfinance OK: 3300
2026-10-02 05:40:12,901 [DEBUG] [TIME] 3300 income_stmt: 0.13s
2026-10-02 05:40:13,071 [DEBUG] [TIME] 3300 balance_sheet: 0.17s
2026-10-02 05:40:13,201 [DEBUG] [TIME] 3300 cashflow: 0.13s
2026-10-02 05:40:13,383 [DEBUG] [TIME] 3300 dividends: 0.18s
2026-10-02 05:40:13,384 [INFO] [DETAIL] 3300 アンビション　ＤＸ　ホールディングス: income_stmt=OK, balance_sheet=OK, cashflow=OK, dividends=OK
2026-10-02 05:40:13,385 [INFO] [TIME] 3300 アンビション　ＤＸ　ホールディングス 処理時間: 0.80s
2026-10-02 05:40:14,902 [DEBUG] [TIME] 3302 info: 0.15s
2026-10-02 05:40:14,902 [DEBUG] yfinance OK: 3302
2026-10-02 05:40:15,103 [DEBUG] [TIME] 3302 income_stmt: 0.20s
2026-10-02 05:40:15,381 [DEBUG] [TIME] 3302 balance_sheet: 0.28s
2026-10-02 05:40:15,608 [DEBUG] [TIME] 3302 cashflow: 0.23s
2026-10-02 05:40:15,856 [DEBUG] [TIME] 3302 dividends: 0.25s
2026-10-02 05:40:15,857 [INFO] [DETAIL] 3302 帝国繊維: income_stmt=OK, balance_sheet=OK, cashflow=OK, dividends=OK
2026-10-02 05:40:15,857 [INFO] [TIME] 3302 帝国繊維 処理時間: 1.10s
2026-10-02 05:40:17,631 [DEBUG] [TIME] 3306 info: 0.19s
2026-10-02 05:40:17,631 [DEBUG] yfinance OK: 3306
2026-10-02 05:40:17,868 [DEBUG] [TIME] 3306 income_stmt: 0.24s
2026-10-02 05:40:18,180 [DEBUG] [TIME] 3306 balance_sheet: 0.31s
2026-10-02 05:40:18,334 [DEBUG] [TIME] 3306 cashflow: 0.15s
2026-10-02 05:40:18,635 [DEBUG] [TIME] 3306 dividends: 0.30s
2026-10-02 05:40:18,636 [INFO] [DETAIL] 3306 日本製麻: income_stmt=OK, balance_sheet=OK, cashflow=OK, dividends=OK
2026-10-02 05:40:18,636 [INFO] [TIME] 3306 日本製麻 処理時間: 1.20s
2026-10-02 05:40:20,322 [DEBUG] [TIME] 330A info: 0.20s
2026-10-02 05:40:20,322 [DEBUG] yfinance OK: 330A
2026-10-02 05:40:20,521 [DEBUG] [TIME] 330A income_stmt: 0.20s
2026-10-02 05:40:20,703 [DEBUG] [TIME] 330A balance_sheet: 0.18s
2026-10-02 05:40:20,911 [DEBUG] [TIME] 330A cashflow: 0.21s
2026-10-02 05:40:20,990 [DEBUG] [TIME] 330A dividends: 0.08s
2026-10-02 05:40:20,990 [INFO] [DETAIL] 330A ＴａｌｅｎｔＸ: income_stmt=OK, balance_sheet=OK, cashflow=OK, dividends=EMPTY
2026-10-02 05:40:20,990 [INFO] [TIME] 330A ＴａｌｅｎｔＸ 処理時間: 0.87s
2026-10-02 05:40:23,029 [DEBUG] [TIME] 3315 info: 0.24s
2026-10-02 05:40:23,029 [DEBUG] yfinance OK: 3315
2026-10-02 05:40:23,208 [DEBUG] [TIME] 3315 income_stmt: 0.18s
2026-10-02 05:40:23,424 [DEBUG] [TIME] 3315 balance_sheet: 0.22s
2026-10-02 05:40:23,585 [DEBUG] [TIME] 3315 cashflow: 0.16s
2026-10-02 05:40:23,828 [DEBUG] [TIME] 3315 dividends: 0.24s
2026-10-02 05:40:23,829 [INFO] [DETAIL] 3315 日本コークス工業: income_stmt=OK, balance_sheet=OK, cashflow=OK, dividends=OK
2026-10-02 05:40:23,829 [INFO] [TIME] 3315 日本コークス工業 処理時間: 1.04s
2026-10-02 05:40:26,006 [DEBUG] [TIME] 3317 info: 0.19s
2026-10-02 05:40:26,006 [DEBUG] yfinance OK: 3317
2026-10-02 05:40:26,224 [DEBUG] [TIME] 3317 income_stmt: 0.22s
2026-10-02 05:40:26,433 [DEBUG] [TIME] 3317 balance_sheet: 0.21s
2026-10-02 05:40:26,627 [DEBUG] [TIME] 3317 cashflow: 0.19s
2026-10-02 05:40:26,922 [DEBUG] [TIME] 3317 dividends: 0.29s
2026-10-02 05:40:26,923 [INFO] [DETAIL] 3317 フライングガーデン: income_stmt=OK, balance_sheet=OK, cashflow=OK, dividends=OK
2026-10-02 05:40:26,923 [INFO] [TIME] 3317 フライングガーデン 処理時間: 1.11s
2026-10-02 05:40:28,313 [DEBUG] [TIME] 331A info: 0.22s
2026-10-02 05:40:28,313 [DEBUG] yfinance OK: 331A
2026-10-02 05:40:28,429 [DEBUG] [TIME] 331A income_stmt: 0.12s
2026-10-02 05:40:28,666 [DEBUG] [TIME] 331A balance_sheet: 0.24s
2026-10-02 05:40:28,799 [DEBUG] [TIME] 331A cashflow: 0.13s
2026-10-02 05:40:28,889 [DEBUG] [TIME] 331A dividends: 0.09s
2026-10-02 05:40:28,890 [INFO] [DETAIL] 331A メディックス: income_stmt=OK, balance_sheet=OK, cashflow=OK, dividends=OK
2026-10-02 05:40:28,890 [INFO] [TIME] 331A メディックス 処理時間: 0.80s
2026-10-02 05:40:30,213 [DEBUG] [TIME] 3320 info: 0.16s
2026-10-02 05:40:30,213 [DEBUG] yfinance OK: 3320
2026-10-02 05:40:30,363 [DEBUG] [TIME] 3320 income_stmt: 0.15s
2026-10-02 05:40:30,567 [DEBUG] [TIME] 3320 balance_sheet: 0.20s
2026-10-02 05:40:30,743 [DEBUG] [TIME] 3320 cashflow: 0.18s
2026-10-02 05:40:30,958 [DEBUG] [TIME] 3320 dividends: 0.21s
2026-10-02 05:40:30,959 [INFO] [DETAIL] 3320 クロスプラス: income_stmt=OK, balance_sheet=OK, cashflow=OK, dividends=OK
2026-10-02 05:40:30,959 [INFO] [TIME] 3320 クロスプラス 処理時間: 0.91s
2026-10-02 05:40:33,109 [DEBUG] [TIME] 3321 info: 0.17s
2026-10-02 05:40:33,110 [DEBUG] yfinance OK: 3321
2026-10-02 05:40:33,343 [DEBUG] [TIME] 3321 income_stmt: 0.23s
2026-10-02 05:40:33,623 [DEBUG] [TIME] 3321 balance_sheet: 0.28s
2026-10-02 05:40:33,824 [DEBUG] [TIME] 3321 cashflow: 0.20s
2026-10-02 05:40:34,103 [DEBUG] [TIME] 3321 dividends: 0.28s
2026-10-02 05:40:34,104 [INFO] [DETAIL] 3321 ミタチ産業: income_stmt=OK, balance_sheet=OK, cashflow=OK, dividends=OK
2026-10-02 05:40:34,104 [INFO] [TIME] 3321 ミタチ産業 処理時間: 1.17s
2026-10-02 05:40:35,467 [DEBUG] [TIME] 3323 info: 0.17s
2026-10-02 05:40:35,467 [DEBUG] yfinance OK: 3323
2026-10-02 05:40:35,645 [DEBUG] [TIME] 3323 income_stmt: 0.18s
2026-10-02 05:40:35,805 [DEBUG] [TIME] 3323 balance_sheet: 0.16s
2026-10-02 05:40:35,993 [DEBUG] [TIME] 3323 cashflow: 0.19s
2026-10-02 05:40:36,239 [DEBUG] [TIME] 3323 dividends: 0.25s
2026-10-02 05:40:36,240 [INFO] [DETAIL] 3323 レカム: income_stmt=OK, balance_sheet=OK, cashflow=OK, dividends=OK
2026-10-02 05:40:36,240 [INFO] [TIME] 3323 レカム 処理時間: 0.94s
2026-10-02 05:40:37,463 [DEBUG] [TIME] 3326 info: 0.20s
2026-10-02 05:40:37,463 [DEBUG] yfinance OK: 3326
2026-10-02 05:40:37,669 [DEBUG] [TIME] 3326 income_stmt: 0.21s
2026-10-02 05:40:37,946 [DEBUG] [TIME] 3326 balance_sheet: 0.28s
2026-10-02 05:40:38,158 [DEBUG] [TIME] 3326 cashflow: 0.21s
2026-10-02 05:40:38,325 [DEBUG] [TIME] 3326 dividends: 0.17s
2026-10-02 05:40:38,326 [INFO] [DETAIL] 3326 ランシステム: income_stmt=OK, balance_sheet=OK, cashflow=OK, dividends=OK
2026-10-02 05:40:38,326 [INFO] [TIME] 3326 ランシステム 処理時間: 1.06s
2026-10-02 05:40:40,113 [DEBUG] [TIME] 3329 info: 0.16s
2026-10-02 05:40:40,113 [DEBUG] yfinance OK: 3329
2026-10-02 05:40:40,347 [DEBUG] [TIME] 3329 income_stmt: 0.23s
2026-10-02 05:40:40,525 [DEBUG] [TIME] 3329 balance_sheet: 0.18s
2026-10-02 05:40:40,752 [DEBUG] [TIME] 3329 cashflow: 0.23s
2026-10-02 05:40:41,097 [DEBUG] [TIME] 3329 dividends: 0.34s
2026-10-02 05:40:41,098 [INFO] [DETAIL] 3329 東和フードサービス: income_stmt=OK, balance_sheet=OK, cashflow=OK, dividends=OK
2026-10-02 05:40:41,098 [INFO] [TIME] 3329 東和フードサービス 処理時間: 1.14s
2026-10-02 05:40:42,434 [DEBUG] [TIME] 332A info: 0.19s
2026-10-02 05:40:42,434 [DEBUG] yfinance OK: 332A
2026-10-02 05:40:42,659 [DEBUG] [TIME] 332A income_stmt: 0.22s
2026-10-02 05:40:42,883 [DEBUG] [TIME] 332A balance_sheet: 0.22s
2026-10-02 05:40:43,014 [DEBUG] [TIME] 332A cashflow: 0.13s
2026-10-02 05:40:43,098 [DEBUG] [TIME] 332A dividends: 0.08s
2026-10-02 05:40:43,098 [INFO] [DETAIL] 332A ミーク: income_stmt=OK, balance_sheet=OK, cashflow=OK, dividends=EMPTY
2026-10-02 05:40:43,098 [INFO] [TIME] 332A ミーク 処理時間: 0.85s
2026-10-02 05:40:44,340 [DEBUG] [TIME] 3333 info: 0.21s
2026-10-02 05:40:44,340 [DEBUG] yfinance OK: 3333
2026-10-02 05:40:44,500 [DEBUG] [TIME] 3333 income_stmt: 0.16s
2026-10-02 05:40:44,675 [DEBUG] [TIME] 3333 balance_sheet: 0.17s
2026-10-02 05:40:44,867 [DEBUG] [TIME] 3333 cashflow: 0.19s
2026-10-02 05:40:45,130 [DEBUG] [TIME] 3333 dividends: 0.26s
2026-10-02 05:40:45,131 [INFO] [DETAIL] 3333 あさひ: income_stmt=OK, balance_sheet=OK, cashflow=OK, dividends=OK
2026-10-02 05:40:45,131 [INFO] [TIME] 3333 あさひ 処理時間: 1.01s
2026-10-02 05:40:46,457 [DEBUG] [TIME] 3349 info: 0.19s
2026-10-02 05:40:46,457 [DEBUG] yfinance OK: 3349
2026-10-02 05:40:46,608 [DEBUG] [TIME] 3349 income_stmt: 0.15s
2026-10-02 05:40:46,770 [DEBUG] [TIME] 3349 balance_sheet: 0.16s
2026-10-02 05:40:46,888 [DEBUG] [TIME] 3349 cashflow: 0.12s
2026-10-02 05:40:47,164 [DEBUG] [TIME] 3349 dividends: 0.28s
2026-10-02 05:40:47,165 [INFO] [DETAIL] 3349 コスモス薬品: income_stmt=OK, balance_sheet=OK, cashflow=OK, dividends=OK
2026-10-02 05:40:47,165 [INFO] [TIME] 3349 コスモス薬品 処理時間: 0.90s
2026-10-02 05:40:48,848 [DEBUG] [TIME] 334A info: 0.18s
2026-10-02 05:40:48,848 [DEBUG] yfinance OK: 334A
2026-10-02 05:40:49,053 [DEBUG] [TIME] 334A income_stmt: 0.20s
2026-10-02 05:40:49,229 [DEBUG] [TIME] 334A balance_sheet: 0.18s
2026-10-02 05:40:49,398 [DEBUG] [TIME] 334A cashflow: 0.17s
2026-10-02 05:40:49,490 [DEBUG] [TIME] 334A dividends: 0.09s
2026-10-02 05:40:49,491 [INFO] [DETAIL] 334A ビジュアル・プロセッシング・ジャパン: income_stmt=OK, balance_sheet=OK, cashflow=OK, dividends=OK
2026-10-02 05:40:49,491 [INFO] [TIME] 334A ビジュアル・プロセッシング・ジャパン 処理時間: 0.82s
2026-10-02 05:40:50,908 [DEBUG] [TIME] 3350 info: 0.16s
2026-10-02 05:40:50,908 [DEBUG] yfinance OK: 3350
2026-10-02 05:40:51,118 [DEBUG] [TIME] 3350 income_stmt: 0.21s
2026-10-02 05:40:51,357 [DEBUG] [TIME] 3350 balance_sheet: 0.24s
2026-10-02 05:40:51,537 [DEBUG] [TIME] 3350 cashflow: 0.18s
2026-10-02 05:40:51,700 [DEBUG] [TIME] 3350 dividends: 0.16s
2026-10-02 05:40:51,701 [INFO] [DETAIL] 3350 メタプラネット: income_stmt=OK, balance_sheet=OK, cashflow=OK, dividends=EMPTY
2026-10-02 05:40:51,701 [INFO] [TIME] 3350 メタプラネット 処理時間: 0.95s
2026-10-02 05:40:52,867 [DEBUG] [TIME] 3352 info: 0.15s
2026-10-02 05:40:52,867 [DEBUG] yfinance OK: 3352
2026-10-02 05:40:52,994 [DEBUG] [TIME] 3352 income_stmt: 0.13s
2026-10-02 05:40:53,156 [DEBUG] [TIME] 3352 balance_sheet: 0.16s
2026-10-02 05:40:53,292 [DEBUG] [TIME] 3352 cashflow: 0.14s
2026-10-02 05:40:53,555 [DEBUG] [TIME] 3352 dividends: 0.26s
2026-10-02 05:40:53,556 [INFO] [DETAIL] 3352 バッファロー: income_stmt=OK, balance_sheet=OK, cashflow=OK, dividends=OK
2026-10-02 05:40:53,556 [INFO] [TIME] 3352 バッファロー 処理時間: 0.84s
2026-10-02 05:40:55,278 [DEBUG] [TIME] 3353 info: 0.26s
2026-10-02 05:40:55,278 [DEBUG] yfinance OK: 3353
2026-10-02 05:40:55,446 [DEBUG] [TIME] 3353 income_stmt: 0.17s
2026-10-02 05:40:55,605 [DEBUG] [TIME] 3353 balance_sheet: 0.16s
2026-10-02 05:40:55,771 [DEBUG] [TIME] 3353 cashflow: 0.17s
2026-10-02 05:40:56,038 [DEBUG] [TIME] 3353 dividends: 0.27s
2026-10-02 05:40:56,039 [INFO] [DETAIL] 3353 メディカル一光グループ: income_stmt=OK, balance_sheet=OK, cashflow=OK, dividends=OK
2026-10-02 05:40:56,039 [INFO] [TIME] 3353 メディカル一光グループ 処理時間: 1.02s
2026-10-02 05:40:58,140 [DEBUG] [TIME] 3355 info: 0.22s
2026-10-02 05:40:58,140 [DEBUG] yfinance OK: 3355
2026-10-02 05:40:58,282 [DEBUG] [TIME] 3355 income_stmt: 0.14s
2026-10-02 05:40:58,578 [DEBUG] [TIME] 3355 balance_sheet: 0.30s
2026-10-02 05:40:58,765 [DEBUG] [TIME] 3355 cashflow: 0.19s
2026-10-02 05:40:59,031 [DEBUG] [TIME] 3355 dividends: 0.27s
2026-10-02 05:40:59,033 [INFO] [DETAIL] 3355 クリヤマホールディングス: income_stmt=OK, balance_sheet=OK, cashflow=OK, dividends=OK
2026-10-02 05:40:59,033 [INFO] [TIME] 3355 クリヤマホールディングス 処理時間: 1.11s
2026-10-02 05:41:00,634 [DEBUG] [TIME] 3358 info: 0.22s
2026-10-02 05:41:00,635 [DEBUG] yfinance OK: 3358
2026-10-02 05:41:00,788 [DEBUG] [TIME] 3358 income_stmt: 0.15s
2026-10-02 05:41:01,103 [DEBUG] [TIME] 3358 balance_sheet: 0.31s
2026-10-02 05:41:01,271 [DEBUG] [TIME] 3358 cashflow: 0.17s
2026-10-02 05:41:01,537 [DEBUG] [TIME] 3358 dividends: 0.27s
2026-10-02 05:41:01,538 [INFO] [DETAIL] 3358 Ｔｒａｉｌｈｅａｄ　Ｇｌｏｂａｌ　Ｈｏｌｄｉｎｇｓ: income_stmt=OK, balance_sheet=OK, cashflow=OK, dividends=OK
2026-10-02 05:41:01,538 [INFO] [TIME] 3358 Ｔｒａｉｌｈｅａｄ　Ｇｌｏｂａｌ　Ｈｏｌｄｉｎｇｓ 処理時間: 1.13s
2026-10-02 05:41:02,826 [DEBUG] [TIME] 3359 info: 0.16s
2026-10-02 05:41:02,826 [DEBUG] yfinance OK: 3359
2026-10-02 05:41:02,952 [DEBUG] [TIME] 3359 income_stmt: 0.13s
2026-10-02 05:41:03,221 [DEBUG] [TIME] 3359 balance_sheet: 0.27s
2026-10-02 05:41:03,467 [DEBUG] [TIME] 3359 cashflow: 0.25s
2026-10-02 05:41:03,670 [DEBUG] [TIME] 3359 dividends: 0.20s
2026-10-02 05:41:03,671 [INFO] [DETAIL] 3359 ｃｏｔｔａ: income_stmt=OK, balance_sheet=OK, cashflow=OK, dividends=OK
2026-10-02 05:41:03,671 [INFO] [TIME] 3359 ｃｏｔｔａ 処理時間: 1.01s
2026-10-02 05:41:05,296 [DEBUG] [TIME] 335A info: 0.50s
2026-10-02 05:41:05,296 [DEBUG] yfinance OK: 335A
2026-10-02 05:41:05,473 [DEBUG] [TIME] 335A income_stmt: 0.18s
2026-10-02 05:41:05,739 [DEBUG] [TIME] 335A balance_sheet: 0.27s
2026-10-02 05:41:05,915 [DEBUG] [TIME] 335A cashflow: 0.18s
2026-10-02 05:41:06,001 [DEBUG] [TIME] 335A dividends: 0.09s
2026-10-02 05:41:06,001 [INFO] [DETAIL] 335A ミライロ: income_stmt=OK, balance_sheet=OK, cashflow=OK, dividends=EMPTY
2026-10-02 05:41:06,001 [INFO] [TIME] 335A ミライロ 処理時間: 1.20s
2026-10-02 05:41:07,775 [DEBUG] [TIME] 3360 info: 0.15s
2026-10-02 05:41:07,775 [DEBUG] yfinance OK: 3360
2026-10-02 05:41:07,984 [DEBUG] [TIME] 3360 income_stmt: 0.21s
2026-10-02 05:41:08,268 [DEBUG] [TIME] 3360 balance_sheet: 0.28s
2026-10-02 05:41:08,410 [DEBUG] [TIME] 3360 cashflow: 0.14s
2026-10-02 05:41:08,630 [DEBUG] [TIME] 3360 dividends: 0.22s
2026-10-02 05:41:08,631 [INFO] [DETAIL] 3360 シップヘルスケアホールディングス: income_stmt=OK, balance_sheet=OK, cashflow=OK, dividends=OK
2026-10-02 05:41:08,631 [INFO] [TIME] 3360 シップヘルスケアホールディングス 処理時間: 1.01s
2026-10-02 05:41:10,795 [DEBUG] [TIME] 3361 info: 0.18s
2026-10-02 05:41:10,795 [DEBUG] yfinance OK: 3361
2026-10-02 05:41:11,005 [DEBUG] [TIME] 3361 income_stmt: 0.21s
2026-10-02 05:41:11,343 [DEBUG] [TIME] 3361 balance_sheet: 0.34s
2026-10-02 05:41:11,535 [DEBUG] [TIME] 3361 cashflow: 0.19s
2026-10-02 05:41:11,727 [DEBUG] [TIME] 3361 dividends: 0.19s
2026-10-02 05:41:11,728 [INFO] [DETAIL] 3361 トーエル: income_stmt=OK, balance_sheet=OK, cashflow=OK, dividends=OK
2026-10-02 05:41:11,729 [INFO] [TIME] 3361 トーエル 処理時間: 1.12s
2026-10-02 05:41:13,340 [DEBUG] [TIME] 336A info: 0.22s
2026-10-02 05:41:13,340 [DEBUG] yfinance OK: 336A
2026-10-02 05:41:13,483 [DEBUG] [TIME] 336A income_stmt: 0.14s
2026-10-02 05:41:13,638 [DEBUG] [TIME] 336A balance_sheet: 0.15s
2026-10-02 05:41:13,781 [DEBUG] [TIME] 336A cashflow: 0.14s
2026-10-02 05:41:13,875 [DEBUG] [TIME] 336A dividends: 0.09s
2026-10-02 05:41:13,875 [INFO] [DETAIL] 336A ダイナミックマッププラットフォーム: income_stmt=OK, balance_sheet=OK, cashflow=OK, dividends=EMPTY
2026-10-02 05:41:13,876 [INFO] [TIME] 336A ダイナミックマッププラットフォーム 処理時間: 0.76s
2026-10-02 05:41:15,210 [DEBUG] [TIME] 3370 info: 0.23s
2026-10-02 05:41:15,210 [DEBUG] yfinance OK: 3370
2026-10-02 05:41:15,434 [DEBUG] [TIME] 3370 income_stmt: 0.22s
2026-10-02 05:41:15,609 [DEBUG] [TIME] 3370 balance_sheet: 0.17s
2026-10-02 05:41:15,855 [DEBUG] [TIME] 3370 cashflow: 0.24s
2026-10-02 05:41:16,101 [DEBUG] [TIME] 3370 dividends: 0.25s
2026-10-02 05:41:16,102 [INFO] [DETAIL] 3370 フジタコーポレーション: income_stmt=OK, balance_sheet=OK, cashflow=OK, dividends=OK
2026-10-02 05:41:16,102 [INFO] [TIME] 3370 フジタコーポレーション 処理時間: 1.12s
2026-10-02 05:41:18,251 [DEBUG] [TIME] 3371 info: 0.19s
2026-10-02 05:41:18,251 [DEBUG] yfinance OK: 3371
2026-10-02 05:41:18,383 [DEBUG] [TIME] 3371 income_stmt: 0.13s
2026-10-02 05:41:18,580 [DEBUG] [TIME] 3371 balance_sheet: 0.20s
2026-10-02 05:41:18,720 [DEBUG] [TIME] 3371 cashflow: 0.14s
2026-10-02 05:41:18,979 [DEBUG] [TIME] 3371 dividends: 0.26s
2026-10-02 05:41:18,980 [INFO] [DETAIL] 3371 ソフトクリエイトホールディングス: income_stmt=OK, balance_sheet=OK, cashflow=OK, dividends=OK
2026-10-02 05:41:18,980 [INFO] [TIME] 3371 ソフトクリエイトホールディングス 処理時間: 0.92s
2026-10-02 05:41:20,202 [DEBUG] [TIME] 3372 info: 0.15s
2026-10-02 05:41:20,202 [DEBUG] yfinance OK: 3372
2026-10-02 05:41:20,390 [DEBUG] [TIME] 3372 income_stmt: 0.19s
2026-10-02 05:41:20,591 [DEBUG] [TIME] 3372 balance_sheet: 0.20s
2026-10-02 05:41:20,902 [DEBUG] [TIME] 3372 cashflow: 0.31s
2026-10-02 05:41:21,126 [DEBUG] [TIME] 3372 dividends: 0.22s
2026-10-02 05:41:21,126 [INFO] [DETAIL] 3372 関門海: income_stmt=OK, balance_sheet=OK, cashflow=OK, dividends=EMPTY
2026-10-02 05:41:21,126 [INFO] [TIME] 3372 関門海 処理時間: 1.07s
2026-10-02 05:41:22,667 [DEBUG] [TIME] 3374 info: 0.19s
2026-10-02 05:41:22,667 [DEBUG] yfinance OK: 3374
2026-10-02 05:41:22,804 [DEBUG] [TIME] 3374 income_stmt: 0.14s
2026-10-02 05:41:22,976 [DEBUG] [TIME] 3374 balance_sheet: 0.17s
2026-10-02 05:41:23,210 [DEBUG] [TIME] 3374 cashflow: 0.23s
2026-10-02 05:41:23,455 [DEBUG] [TIME] 3374 dividends: 0.25s
2026-10-02 05:41:23,456 [INFO] [DETAIL] 3374 内外テック: income_stmt=OK, balance_sheet=OK, cashflow=OK, dividends=OK
2026-10-02 05:41:23,457 [INFO] [TIME] 3374 内外テック 処理時間: 0.98s
2026-10-02 05:41:25,378 [DEBUG] [TIME] 3375 info: 0.21s
2026-10-02 05:41:25,378 [DEBUG] yfinance OK: 3375
2026-10-02 05:41:25,534 [DEBUG] [TIME] 3375 income_stmt: 0.16s
2026-10-02 05:41:25,745 [DEBUG] [TIME] 3375 balance_sheet: 0.21s
2026-10-02 05:41:25,926 [DEBUG] [TIME] 3375 cashflow: 0.18s
2026-10-02 05:41:26,165 [DEBUG] [TIME] 3375 dividends: 0.24s
2026-10-02 05:41:26,166 [INFO] [DETAIL] 3375 ＺＯＡ: income_stmt=OK, balance_sheet=OK, cashflow=OK, dividends=OK
2026-10-02 05:41:26,166 [INFO] [TIME] 3375 ＺＯＡ 処理時間: 1.00s
2026-10-02 05:41:27,748 [DEBUG] [TIME] 3377 info: 0.19s
2026-10-02 05:41:27,749 [DEBUG] yfinance OK: 3377
2026-10-02 05:41:27,947 [DEBUG] [TIME] 3377 income_stmt: 0.20s
2026-10-02 05:41:28,225 [DEBUG] [TIME] 3377 balance_sheet: 0.28s
2026-10-02 05:41:28,442 [DEBUG] [TIME] 3377 cashflow: 0.22s
2026-10-02 05:41:28,678 [DEBUG] [TIME] 3377 dividends: 0.24s
2026-10-02 05:41:28,679 [INFO] [DETAIL] 3377 バイク王＆カンパニー: income_stmt=OK, balance_sheet=OK, cashflow=OK, dividends=OK
2026-10-02 05:41:28,679 [INFO] [TIME] 3377 バイク王＆カンパニー 処理時間: 1.13s
2026-10-02 05:41:30,225 [DEBUG] [TIME] 3382 info: 0.18s
2026-10-02 05:41:30,225 [DEBUG] yfinance OK: 3382
2026-10-02 05:41:30,340 [DEBUG] [TIME] 3382 income_stmt: 0.11s
2026-10-02 05:41:30,528 [DEBUG] [TIME] 3382 balance_sheet: 0.19s
2026-10-02 05:41:30,687 [DEBUG] [TIME] 3382 cashflow: 0.16s
2026-10-02 05:41:30,923 [DEBUG] [TIME] 3382 dividends: 0.24s
2026-10-02 05:41:30,924 [INFO] [DETAIL] 3382 セブン＆アイ・ホールディングス: income_stmt=OK, balance_sheet=OK, cashflow=OK, dividends=OK
2026-10-02 05:41:30,924 [INFO] [TIME] 3382 セブン＆アイ・ホールディングス 処理時間: 0.88s
2026-10-02 05:41:32,246 [DEBUG] [TIME] 3386 info: 0.15s
2026-10-02 05:41:32,246 [DEBUG] yfinance OK: 3386
2026-10-02 05:41:32,408 [DEBUG] [TIME] 3386 income_stmt: 0.16s
2026-10-02 05:41:32,609 [DEBUG] [TIME] 3386 balance_sheet: 0.20s
2026-10-02 05:41:32,769 [DEBUG] [TIME] 3386 cashflow: 0.16s
2026-10-02 05:41:33,020 [DEBUG] [TIME] 3386 dividends: 0.25s
2026-10-02 05:41:33,021 [INFO] [DETAIL] 3386 コスモ・バイオ: income_stmt=OK, balance_sheet=OK, cashflow=OK, dividends=OK
2026-10-02 05:41:33,021 [INFO] [TIME] 3386 コスモ・バイオ 処理時間: 0.92s
2026-10-02 05:41:35,058 [DEBUG] [TIME] 3387 info: 0.16s
2026-10-02 05:41:35,058 [DEBUG] yfinance OK: 3387
2026-10-02 05:41:35,257 [DEBUG] [TIME] 3387 income_stmt: 0.20s
2026-10-02 05:41:35,418 [DEBUG] [TIME] 3387 balance_sheet: 0.16s
2026-10-02 05:41:35,635 [DEBUG] [TIME] 3387 cashflow: 0.22s
2026-10-02 05:41:35,913 [DEBUG] [TIME] 3387 dividends: 0.28s
2026-10-02 05:41:35,914 [INFO] [DETAIL] 3387 クリエイト・レストランツ・ホールディングス: income_stmt=OK, balance_sheet=OK, cashflow=OK, dividends=OK
2026-10-02 05:41:35,914 [INFO] [TIME] 3387 クリエイト・レストランツ・ホールディングス 処理時間: 1.02s
2026-10-02 05:41:37,746 [DEBUG] [TIME] 3388 info: 0.16s
2026-10-02 05:41:37,746 [DEBUG] yfinance OK: 3388
2026-10-02 05:41:37,881 [DEBUG] [TIME] 3388 income_stmt: 0.14s
2026-10-02 05:41:38,118 [DEBUG] [TIME] 3388 balance_sheet: 0.24s
2026-10-02 05:41:38,251 [DEBUG] [TIME] 3388 cashflow: 0.13s
2026-10-02 05:41:38,472 [DEBUG] [TIME] 3388 dividends: 0.22s
2026-10-02 05:41:38,473 [INFO] [DETAIL] 3388 明治電機工業: income_stmt=OK, balance_sheet=OK, cashflow=OK, dividends=OK
2026-10-02 05:41:38,473 [INFO] [TIME] 3388 明治電機工業 処理時間: 0.89s
2026-10-02 05:41:40,141 [DEBUG] [TIME] 338A info: 0.24s
2026-10-02 05:41:40,141 [DEBUG] yfinance OK: 338A
2026-10-02 05:41:40,345 [DEBUG] [TIME] 338A income_stmt: 0.20s
2026-10-02 05:41:40,567 [DEBUG] [TIME] 338A balance_sheet: 0.22s
2026-10-02 05:41:40,786 [DEBUG] [TIME] 338A cashflow: 0.22s
2026-10-02 05:41:40,920 [DEBUG] [TIME] 338A dividends: 0.13s
2026-10-02 05:41:40,920 [INFO] [DETAIL] 338A ＺｅｎｍｕＴｅｃｈ: income_stmt=OK, balance_sheet=OK, cashflow=OK, dividends=EMPTY
2026-10-02 05:41:40,920 [INFO] [TIME] 338A ＺｅｎｍｕＴｅｃｈ 処理時間: 1.02s
2026-10-02 05:41:42,907 [DEBUG] [TIME] 3391 info: 0.14s
2026-10-02 05:41:42,907 [DEBUG] yfinance OK: 3391
2026-10-02 05:41:43,034 [DEBUG] [TIME] 3391 income_stmt: 0.13s
2026-10-02 05:41:43,168 [DEBUG] [TIME] 3391 balance_sheet: 0.13s
2026-10-02 05:41:43,389 [DEBUG] [TIME] 3391 cashflow: 0.22s
2026-10-02 05:41:43,740 [DEBUG] [TIME] 3391 dividends: 0.35s
2026-10-02 05:41:43,741 [INFO] [DETAIL] 3391 ツルハホールディングス: income_stmt=OK, balance_sheet=OK, cashflow=OK, dividends=OK
2026-10-02 05:41:43,741 [INFO] [TIME] 3391 ツルハホールディングス 処理時間: 0.98s
2026-10-02 05:41:45,215 [DEBUG] [TIME] 3392 info: 0.25s
2026-10-02 05:41:45,215 [DEBUG] yfinance OK: 3392
2026-10-02 05:41:45,395 [DEBUG] [TIME] 3392 income_stmt: 0.18s
2026-10-02 05:41:45,589 [DEBUG] [TIME] 3392 balance_sheet: 0.19s
2026-10-02 05:41:45,728 [DEBUG] [TIME] 3392 cashflow: 0.14s
2026-10-02 05:41:46,004 [DEBUG] [TIME] 3392 dividends: 0.28s
2026-10-02 05:41:46,005 [INFO] [DETAIL] 3392 デリカフーズホールディングス: income_stmt=OK, balance_sheet=OK, cashflow=OK, dividends=OK
2026-10-02 05:41:46,005 [INFO] [TIME] 3392 デリカフーズホールディングス 処理時間: 1.04s
2026-10-02 05:41:47,539 [DEBUG] [TIME] 3393 info: 0.24s
2026-10-02 05:41:47,539 [DEBUG] yfinance OK: 3393
2026-10-02 05:41:47,664 [DEBUG] [TIME] 3393 income_stmt: 0.13s
2026-10-02 05:41:47,913 [DEBUG] [TIME] 3393 balance_sheet: 0.25s
2026-10-02 05:41:48,047 [DEBUG] [TIME] 3393 cashflow: 0.13s
2026-10-02 05:41:48,375 [DEBUG] [TIME] 3393 dividends: 0.33s
2026-10-02 05:41:48,376 [INFO] [DETAIL] 3393 スターティアホールディングス: income_stmt=OK, balance_sheet=OK, cashflow=OK, dividends=OK
2026-10-02 05:41:48,376 [INFO] [TIME] 3393 スターティアホールディングス 処理時間: 1.08s
2026-10-02 05:41:50,336 [DEBUG] [TIME] 3395 info: 0.22s
2026-10-02 05:41:50,336 [DEBUG] yfinance OK: 3395
2026-10-02 05:41:50,492 [DEBUG] [TIME] 3395 income_stmt: 0.16s
2026-10-02 05:41:50,696 [DEBUG] [TIME] 3395 balance_sheet: 0.20s
2026-10-02 05:41:50,886 [DEBUG] [TIME] 3395 cashflow: 0.19s
2026-10-02 05:41:51,136 [DEBUG] [TIME] 3395 dividends: 0.25s
2026-10-02 05:41:51,137 [INFO] [DETAIL] 3395 サンマルクホールディングス: income_stmt=OK, balance_sheet=OK, cashflow=OK, dividends=OK
2026-10-02 05:41:51,137 [INFO] [TIME] 3395 サンマルクホールディングス 処理時間: 1.02s
2026-10-02 05:41:52,697 [DEBUG] [TIME] 3396 info: 0.16s
2026-10-02 05:41:52,697 [DEBUG] yfinance OK: 3396
2026-10-02 05:41:52,935 [DEBUG] [TIME] 3396 income_stmt: 0.24s
2026-10-02 05:41:53,209 [DEBUG] [TIME] 3396 balance_sheet: 0.27s
2026-10-02 05:41:53,413 [DEBUG] [TIME] 3396 cashflow: 0.20s
2026-10-02 05:41:53,653 [DEBUG] [TIME] 3396 dividends: 0.24s
2026-10-02 05:41:53,654 [INFO] [DETAIL] 3396 フェリシモ: income_stmt=OK, balance_sheet=OK, cashflow=OK, dividends=OK
2026-10-02 05:41:53,654 [INFO] [TIME] 3396 フェリシモ 処理時間: 1.12s
2026-10-02 05:41:55,745 [DEBUG] [TIME] 3397 info: 0.16s
2026-10-02 05:41:55,745 [DEBUG] yfinance OK: 3397
2026-10-02 05:41:55,928 [DEBUG] [TIME] 3397 income_stmt: 0.18s
2026-10-02 05:41:56,175 [DEBUG] [TIME] 3397 balance_sheet: 0.25s
2026-10-02 05:41:56,382 [DEBUG] [TIME] 3397 cashflow: 0.21s
2026-10-02 05:41:56,655 [DEBUG] [TIME] 3397 dividends: 0.27s
2026-10-02 05:41:56,656 [INFO] [DETAIL] 3397 トリドールホールディングス: income_stmt=OK, balance_sheet=OK, cashflow=OK, dividends=OK
2026-10-02 05:41:56,656 [INFO] [TIME] 3397 トリドールホールディングス 処理時間: 1.07s
2026-10-02 05:41:58,402 [DEBUG] [TIME] 3399 info: 0.21s
2026-10-02 05:41:58,402 [DEBUG] yfinance OK: 3399
2026-10-02 05:41:58,621 [DEBUG] [TIME] 3399 income_stmt: 0.22s
2026-10-02 05:41:58,869 [DEBUG] [TIME] 3399 balance_sheet: 0.25s
2026-10-02 05:41:59,020 [DEBUG] [TIME] 3399 cashflow: 0.15s
2026-10-02 05:41:59,233 [DEBUG] [TIME] 3399 dividends: 0.21s
2026-10-02 05:41:59,234 [INFO] [DETAIL] 3399 丸千代山岡家: income_stmt=OK, balance_sheet=OK, cashflow=OK, dividends=OK
2026-10-02 05:41:59,234 [INFO] [TIME] 3399 丸千代山岡家 処理時間: 1.04s
2026-10-02 05:42:01,432 [DEBUG] [TIME] 339A info: 0.23s
2026-10-02 05:42:01,432 [DEBUG] yfinance OK: 339A
2026-10-02 05:42:01,667 [DEBUG] [TIME] 339A income_stmt: 0.24s
2026-10-02 05:42:01,855 [DEBUG] [TIME] 339A balance_sheet: 0.19s
2026-10-02 05:42:02,012 [DEBUG] [TIME] 339A cashflow: 0.16s
2026-10-02 05:42:02,099 [DEBUG] [TIME] 339A dividends: 0.09s
2026-10-02 05:42:02,100 [INFO] [DETAIL] 339A プログレス・テクノロジーズ　グループ: income_stmt=OK, balance_sheet=OK, cashflow=OK, dividends=OK
2026-10-02 05:42:02,100 [INFO] [TIME] 339A プログレス・テクノロジーズ　グループ 処理時間: 0.90s
2026-10-02 05:42:03,605 [DEBUG] [TIME] 3401 info: 0.23s
2026-10-02 05:42:03,605 [DEBUG] yfinance OK: 3401
2026-10-02 05:42:03,798 [DEBUG] [TIME] 3401 income_stmt: 0.19s
2026-10-02 05:42:04,077 [DEBUG] [TIME] 3401 balance_sheet: 0.28s
2026-10-02 05:42:04,277 [DEBUG] [TIME] 3401 cashflow: 0.20s
2026-10-02 05:42:04,723 [DEBUG] [TIME] 3401 dividends: 0.45s
2026-10-02 05:42:04,725 [INFO] [DETAIL] 3401 帝人: income_stmt=OK, balance_sheet=OK, cashflow=OK, dividends=OK
2026-10-02 05:42:04,725 [INFO] [TIME] 3401 帝人 処理時間: 1.35s
2026-10-02 05:42:06,321 [DEBUG] [TIME] 3402 info: 0.22s
2026-10-02 05:42:06,321 [DEBUG] yfinance OK: 3402
2026-10-02 05:42:06,523 [DEBUG] [TIME] 3402 income_stmt: 0.20s
2026-10-02 05:42:06,717 [DEBUG] [TIME] 3402 balance_sheet: 0.19s
2026-10-02 05:42:06,982 [DEBUG] [TIME] 3402 cashflow: 0.26s
2026-10-02 05:42:07,298 [DEBUG] [TIME] 3402 dividends: 0.32s
2026-10-02 05:42:07,299 [INFO] [DETAIL] 3402 東レ: income_stmt=OK, balance_sheet=OK, cashflow=OK, dividends=OK
2026-10-02 05:42:07,299 [INFO] [TIME] 3402 東レ 処理時間: 1.20s
2026-10-02 05:42:08,924 [DEBUG] [TIME] 3405 info: 0.16s
2026-10-02 05:42:08,924 [DEBUG] yfinance OK: 3405
2026-10-02 05:42:09,068 [DEBUG] [TIME] 3405 income_stmt: 0.14s
2026-10-02 05:42:09,297 [DEBUG] [TIME] 3405 balance_sheet: 0.23s
2026-10-02 05:42:09,446 [DEBUG] [TIME] 3405 cashflow: 0.15s
2026-10-02 05:42:09,760 [DEBUG] [TIME] 3405 dividends: 0.31s
2026-10-02 05:42:09,761 [INFO] [DETAIL] 3405 クラレ: income_stmt=OK, balance_sheet=OK, cashflow=OK, dividends=OK
2026-10-02 05:42:09,761 [INFO] [TIME] 3405 クラレ 処理時間: 1.00s
2026-10-02 05:42:11,661 [DEBUG] [TIME] 3407 info: 0.19s
2026-10-02 05:42:11,661 [DEBUG] yfinance OK: 3407
2026-10-02 05:42:11,844 [DEBUG] [TIME] 3407 income_stmt: 0.18s
2026-10-02 05:42:12,135 [DEBUG] [TIME] 3407 balance_sheet: 0.29s
2026-10-02 05:42:12,419 [DEBUG] [TIME] 3407 cashflow: 0.28s
2026-10-02 05:42:12,730 [DEBUG] [TIME] 3407 dividends: 0.31s
2026-10-02 05:42:12,731 [INFO] [DETAIL] 3407 旭化成: income_stmt=OK, balance_sheet=OK, cashflow=OK, dividends=OK
2026-10-02 05:42:12,731 [INFO] [TIME] 3407 旭化成 処理時間: 1.26s
2026-10-02 05:42:14,230 [DEBUG] [TIME] 3409 info: 0.19s
2026-10-02 05:42:14,230 [DEBUG] yfinance OK: 3409
2026-10-02 05:42:14,416 [DEBUG] [TIME] 3409 income_stmt: 0.19s
2026-10-02 05:42:14,647 [DEBUG] [TIME] 3409 balance_sheet: 0.23s
2026-10-02 05:42:14,785 [DEBUG] [TIME] 3409 cashflow: 0.14s
2026-10-02 05:42:14,955 [DEBUG] [TIME] 3409 dividends: 0.17s
2026-10-02 05:42:14,955 [INFO] [DETAIL] 3409 北紡: income_stmt=OK, balance_sheet=OK, cashflow=OK, dividends=EMPTY
2026-10-02 05:42:14,955 [INFO] [TIME] 3409 北紡 処理時間: 0.92s
2026-10-02 05:42:16,723 [DEBUG] [TIME] 340A info: 0.14s
2026-10-02 05:42:16,724 [DEBUG] yfinance OK: 340A
2026-10-02 05:42:16,834 [DEBUG] [TIME] 340A income_stmt: 0.11s
2026-10-02 05:42:16,999 [DEBUG] [TIME] 340A balance_sheet: 0.16s
2026-10-02 05:42:17,173 [DEBUG] [TIME] 340A cashflow: 0.17s
2026-10-02 05:42:17,270 [DEBUG] [TIME] 340A dividends: 0.10s
2026-10-02 05:42:17,270 [INFO] [DETAIL] 340A ジグザグ: income_stmt=OK, balance_sheet=OK, cashflow=OK, dividends=EMPTY
2026-10-02 05:42:17,270 [INFO] [TIME] 340A ジグザグ 処理時間: 0.69s
2026-10-02 05:42:18,490 [DEBUG] [TIME] 3415 info: 0.20s
2026-10-02 05:42:18,490 [DEBUG] yfinance OK: 3415
2026-10-02 05:42:18,681 [DEBUG] [TIME] 3415 income_stmt: 0.19s
2026-10-02 05:42:18,815 [DEBUG] [TIME] 3415 balance_sheet: 0.13s
2026-10-02 05:42:18,998 [DEBUG] [TIME] 3415 cashflow: 0.18s
2026-10-02 05:42:19,186 [DEBUG] [TIME] 3415 dividends: 0.19s
2026-10-02 05:42:19,187 [INFO] [DETAIL] 3415 ＴＯＫＹＯ　ＢＡＳＥ: income_stmt=OK, balance_sheet=OK, cashflow=OK, dividends=OK
2026-10-02 05:42:19,187 [INFO] [TIME] 3415 ＴＯＫＹＯ　ＢＡＳＥ 処理時間: 0.90s
2026-10-02 05:42:20,985 [DEBUG] [TIME] 3416 info: 0.23s
2026-10-02 05:42:20,985 [DEBUG] yfinance OK: 3416
2026-10-02 05:42:21,205 [DEBUG] [TIME] 3416 income_stmt: 0.22s
2026-10-02 05:42:21,355 [DEBUG] [TIME] 3416 balance_sheet: 0.15s
2026-10-02 05:42:21,515 [DEBUG] [TIME] 3416 cashflow: 0.16s
2026-10-02 05:42:21,694 [DEBUG] [TIME] 3416 dividends: 0.18s
2026-10-02 05:42:21,695 [INFO] [DETAIL] 3416 ピクスタ: income_stmt=OK, balance_sheet=OK, cashflow=OK, dividends=OK
2026-10-02 05:42:21,695 [INFO] [TIME] 3416 ピクスタ 処理時間: 0.94s
2026-10-02 05:42:23,635 [DEBUG] [TIME] 3417 info: 0.17s
2026-10-02 05:42:23,635 [DEBUG] yfinance OK: 3417
2026-10-02 05:42:23,856 [DEBUG] [TIME] 3417 income_stmt: 0.22s
2026-10-02 05:42:24,070 [DEBUG] [TIME] 3417 balance_sheet: 0.21s
2026-10-02 05:42:24,237 [DEBUG] [TIME] 3417 cashflow: 0.17s
2026-10-02 05:42:24,508 [DEBUG] [TIME] 3417 dividends: 0.27s
2026-10-02 05:42:24,509 [INFO] [DETAIL] 3417 大木ヘルスケアホールディングス: income_stmt=OK, balance_sheet=OK, cashflow=OK, dividends=OK
2026-10-02 05:42:24,509 [INFO] [TIME] 3417 大木ヘルスケアホールディングス 処理時間: 1.05s
2026-10-02 05:42:26,398 [DEBUG] [TIME] 3418 info: 0.19s
2026-10-02 05:42:26,398 [DEBUG] yfinance OK: 3418
2026-10-02 05:42:26,606 [DEBUG] [TIME] 3418 income_stmt: 0.21s
2026-10-02 05:42:26,773 [DEBUG] [TIME] 3418 balance_sheet: 0.17s
2026-10-02 05:42:26,984 [DEBUG] [TIME] 3418 cashflow: 0.21s
2026-10-02 05:42:27,234 [DEBUG] [TIME] 3418 dividends: 0.25s
2026-10-02 05:42:27,235 [INFO] [DETAIL] 3418 バルニバービ: income_stmt=OK, balance_sheet=OK, cashflow=OK, dividends=OK
2026-10-02 05:42:27,235 [INFO] [TIME] 3418 バルニバービ 処理時間: 1.03s
2026-10-02 05:42:28,570 [DEBUG] [TIME] 341A info: 0.20s
2026-10-02 05:42:28,570 [DEBUG] yfinance OK: 341A
2026-10-02 05:42:28,763 [DEBUG] [TIME] 341A income_stmt: 0.19s
2026-10-02 05:42:28,947 [DEBUG] [TIME] 341A balance_sheet: 0.18s
2026-10-02 05:42:29,202 [DEBUG] [TIME] 341A cashflow: 0.25s
2026-10-02 05:42:29,286 [DEBUG] [TIME] 341A dividends: 0.08s
2026-10-02 05:42:29,286 [INFO] [DETAIL] 341A トヨコー: income_stmt=OK, balance_sheet=OK, cashflow=OK, dividends=EMPTY
2026-10-02 05:42:29,286 [INFO] [TIME] 341A トヨコー 処理時間: 0.91s
2026-10-02 05:42:30,598 [DEBUG] [TIME] 3420 info: 0.21s
2026-10-02 05:42:30,598 [DEBUG] yfinance OK: 3420
2026-10-02 05:42:30,793 [DEBUG] [TIME] 3420 income_stmt: 0.19s
2026-10-02 05:42:31,046 [DEBUG] [TIME] 3420 balance_sheet: 0.25s
2026-10-02 05:42:31,344 [DEBUG] [TIME] 3420 cashflow: 0.30s
2026-10-02 05:42:31,657 [DEBUG] [TIME] 3420 dividends: 0.31s
2026-10-02 05:42:31,658 [INFO] [DETAIL] 3420 ケー・エフ・シー: income_stmt=OK, balance_sheet=OK, cashflow=OK, dividends=OK
2026-10-02 05:42:31,658 [INFO] [TIME] 3420 ケー・エフ・シー 処理時間: 1.27s
2026-10-02 05:42:33,054 [DEBUG] [TIME] 3421 info: 0.19s
2026-10-02 05:42:33,054 [DEBUG] yfinance OK: 3421
2026-10-02 05:42:33,200 [DEBUG] [TIME] 3421 income_stmt: 0.15s
2026-10-02 05:42:33,365 [DEBUG] [TIME] 3421 balance_sheet: 0.16s
2026-10-02 05:42:33,602 [DEBUG] [TIME] 3421 cashflow: 0.24s
2026-10-02 05:42:34,005 [DEBUG] [TIME] 3421 dividends: 0.40s
2026-10-02 05:42:34,006 [INFO] [DETAIL] 3421 稲葉製作所: income_stmt=OK, balance_sheet=OK, cashflow=OK, dividends=OK
2026-10-02 05:42:34,006 [INFO] [TIME] 3421 稲葉製作所 処理時間: 1.14s
2026-10-02 05:42:35,889 [DEBUG] [TIME] 3422 info: 0.14s
2026-10-02 05:42:35,889 [DEBUG] yfinance OK: 3422
2026-10-02 05:42:36,101 [DEBUG] [TIME] 3422 income_stmt: 0.21s
2026-10-02 05:42:36,275 [DEBUG] [TIME] 3422 balance_sheet: 0.17s
2026-10-02 05:42:36,440 [DEBUG] [TIME] 3422 cashflow: 0.16s
2026-10-02 05:42:36,578 [DEBUG] [TIME] 3422 dividends: 0.14s
2026-10-02 05:42:36,579 [INFO] [DETAIL] 3422 Ｊ－ＭＡＸ: income_stmt=OK, balance_sheet=OK, cashflow=OK, dividends=OK
2026-10-02 05:42:36,579 [INFO] [TIME] 3422 Ｊ－ＭＡＸ 処理時間: 0.83s
2026-10-02 05:42:38,296 [DEBUG] [TIME] 3423 info: 0.28s
2026-10-02 05:42:38,296 [DEBUG] yfinance OK: 3423
2026-10-02 05:42:38,407 [DEBUG] [TIME] 3423 income_stmt: 0.11s
2026-10-02 05:42:38,635 [DEBUG] [TIME] 3423 balance_sheet: 0.23s
2026-10-02 05:42:38,846 [DEBUG] [TIME] 3423 cashflow: 0.21s
2026-10-02 05:42:39,125 [DEBUG] [TIME] 3423 dividends: 0.28s
2026-10-02 05:42:39,126 [INFO] [DETAIL] 3423 エスイー: income_stmt=OK, balance_sheet=OK, cashflow=OK, dividends=OK
2026-10-02 05:42:39,126 [INFO] [TIME] 3423 エスイー 処理時間: 1.11s
2026-10-02 05:42:40,960 [DEBUG] [TIME] 3426 info: 0.20s
2026-10-02 05:42:40,961 [DEBUG] yfinance OK: 3426
2026-10-02 05:42:41,165 [DEBUG] [TIME] 3426 income_stmt: 0.20s
2026-10-02 05:42:41,333 [DEBUG] [TIME] 3426 balance_sheet: 0.17s
2026-10-02 05:42:41,442 [DEBUG] [TIME] 3426 cashflow: 0.11s
2026-10-02 05:42:41,697 [DEBUG] [TIME] 3426 dividends: 0.25s
2026-10-02 05:42:41,698 [INFO] [DETAIL] 3426 アトムリビンテック: income_stmt=OK, balance_sheet=OK, cashflow=OK, dividends=OK
2026-10-02 05:42:41,698 [INFO] [TIME] 3426 アトムリビンテック 処理時間: 0.94s
2026-10-02 05:42:43,641 [DEBUG] [TIME] 3431 info: 0.16s
2026-10-02 05:42:43,641 [DEBUG] yfinance OK: 3431
2026-10-02 05:42:43,825 [DEBUG] [TIME] 3431 income_stmt: 0.18s
2026-10-02 05:42:44,086 [DEBUG] [TIME] 3431 balance_sheet: 0.26s
2026-10-02 05:42:44,332 [DEBUG] [TIME] 3431 cashflow: 0.24s
2026-10-02 05:42:44,578 [DEBUG] [TIME] 3431 dividends: 0.24s
2026-10-02 05:42:44,579 [INFO] [DETAIL] 3431 宮地エンジニアリンググループ: income_stmt=OK, balance_sheet=OK, cashflow=OK, dividends=OK
2026-10-02 05:42:44,579 [INFO] [TIME] 3431 宮地エンジニアリンググループ 処理時間: 1.10s
2026-10-02 05:42:46,723 [DEBUG] [TIME] 3433 info: 0.17s
2026-10-02 05:42:46,723 [DEBUG] yfinance OK: 3433
2026-10-02 05:42:46,917 [DEBUG] [TIME] 3433 income_stmt: 0.19s
2026-10-02 05:42:47,105 [DEBUG] [TIME] 3433 balance_sheet: 0.19s
2026-10-02 05:42:47,272 [DEBUG] [TIME] 3433 cashflow: 0.17s
2026-10-02 05:42:47,500 [DEBUG] [TIME] 3433 dividends: 0.23s
2026-10-02 05:42:47,502 [INFO] [DETAIL] 3433 トーカロ: income_stmt=OK, balance_sheet=OK, cashflow=OK, dividends=OK
2026-10-02 05:42:47,502 [INFO] [TIME] 3433 トーカロ 処理時間: 0.95s
2026-10-02 05:42:48,800 [DEBUG] [TIME] 3434 info: 0.25s
2026-10-02 05:42:48,800 [DEBUG] yfinance OK: 3434
2026-10-02 05:42:48,947 [DEBUG] [TIME] 3434 income_stmt: 0.15s
2026-10-02 05:42:49,172 [DEBUG] [TIME] 3434 balance_sheet: 0.22s
2026-10-02 05:42:49,360 [DEBUG] [TIME] 3434 cashflow: 0.19s
2026-10-02 05:42:49,750 [DEBUG] [TIME] 3434 dividends: 0.39s
2026-10-02 05:42:49,751 [INFO] [DETAIL] 3434 アルファＣｏ: income_stmt=OK, balance_sheet=OK, cashflow=OK, dividends=OK
2026-10-02 05:42:49,751 [INFO] [TIME] 3434 アルファＣｏ 処理時間: 1.20s
2026-10-02 05:42:51,210 [DEBUG] [TIME] 3435 info: 0.19s
2026-10-02 05:42:51,210 [DEBUG] yfinance OK: 3435
2026-10-02 05:42:51,409 [DEBUG] [TIME] 3435 income_stmt: 0.20s
2026-10-02 05:42:51,632 [DEBUG] [TIME] 3435 balance_sheet: 0.22s
2026-10-02 05:42:51,765 [DEBUG] [TIME] 3435 cashflow: 0.13s
2026-10-02 05:42:51,989 [DEBUG] [TIME] 3435 dividends: 0.22s
2026-10-02 05:42:51,990 [INFO] [DETAIL] 3435 サンコーテクノ: income_stmt=OK, balance_sheet=OK, cashflow=OK, dividends=OK
2026-10-02 05:42:51,991 [INFO] [TIME] 3435 サンコーテクノ 処理時間: 0.97s
2026-10-02 05:42:54,114 [DEBUG] [TIME] 3436 info: 0.21s
2026-10-02 05:42:54,114 [DEBUG] yfinance OK: 3436
2026-10-02 05:42:54,313 [DEBUG] [TIME] 3436 income_stmt: 0.20s
2026-10-02 05:42:54,591 [DEBUG] [TIME] 3436 balance_sheet: 0.28s
2026-10-02 05:42:54,800 [DEBUG] [TIME] 3436 cashflow: 0.21s
2026-10-02 05:42:55,040 [DEBUG] [TIME] 3436 dividends: 0.24s
2026-10-02 05:42:55,041 [INFO] [DETAIL] 3436 ＳＵＭＣＯ: income_stmt=OK, balance_sheet=OK, cashflow=OK, dividends=OK
2026-10-02 05:42:55,041 [INFO] [TIME] 3436 ＳＵＭＣＯ 処理時間: 1.14s
2026-10-02 05:42:56,765 [DEBUG] [TIME] 3437 info: 0.15s
2026-10-02 05:42:56,765 [DEBUG] yfinance OK: 3437
2026-10-02 05:42:56,887 [DEBUG] [TIME] 3437 income_stmt: 0.12s
2026-10-02 05:42:57,169 [DEBUG] [TIME] 3437 balance_sheet: 0.28s
2026-10-02 05:42:57,385 [DEBUG] [TIME] 3437 cashflow: 0.21s
2026-10-02 05:42:57,668 [DEBUG] [TIME] 3437 dividends: 0.28s
2026-10-02 05:42:57,669 [INFO] [DETAIL] 3437 特殊電極: income_stmt=OK, balance_sheet=OK, cashflow=OK, dividends=OK
2026-10-02 05:42:57,669 [INFO] [TIME] 3437 特殊電極 処理時間: 1.05s
2026-10-02 05:42:59,269 [DEBUG] [TIME] 3439 info: 0.14s
2026-10-02 05:42:59,269 [DEBUG] yfinance OK: 3439
2026-10-02 05:42:59,470 [DEBUG] [TIME] 3439 income_stmt: 0.20s
2026-10-02 05:42:59,767 [DEBUG] [TIME] 3439 balance_sheet: 0.30s
2026-10-02 05:42:59,912 [DEBUG] [TIME] 3439 cashflow: 0.14s
2026-10-02 05:43:00,128 [DEBUG] [TIME] 3439 dividends: 0.22s
2026-10-02 05:43:00,129 [INFO] [DETAIL] 3439 三ツ知: income_stmt=OK, balance_sheet=OK, cashflow=OK, dividends=OK
2026-10-02 05:43:00,129 [INFO] [TIME] 3439 三ツ知 処理時間: 1.00s
2026-10-02 05:43:02,187 [DEBUG] [TIME] 343A info: 0.21s
2026-10-02 05:43:02,188 [DEBUG] yfinance OK: 343A
2026-10-02 05:43:02,313 [DEBUG] [TIME] 343A income_stmt: 0.13s
2026-10-02 05:43:02,424 [DEBUG] [TIME] 343A balance_sheet: 0.11s
2026-10-02 05:43:02,594 [DEBUG] [TIME] 343A cashflow: 0.17s
2026-10-02 05:43:02,736 [DEBUG] [TIME] 343A dividends: 0.14s
2026-10-02 05:43:02,736 [INFO] [DETAIL] 343A ＩＡＣＥトラベル: income_stmt=OK, balance_sheet=OK, cashflow=OK, dividends=OK
2026-10-02 05:43:02,737 [INFO] [TIME] 343A ＩＡＣＥトラベル 処理時間: 0.76s
2026-10-02 05:43:04,693 [DEBUG] [TIME] 3440 info: 0.21s
2026-10-02 05:43:04,693 [DEBUG] yfinance OK: 3440
2026-10-02 05:43:04,846 [DEBUG] [TIME] 3440 income_stmt: 0.15s
2026-10-02 05:43:05,070 [DEBUG] [TIME] 3440 balance_sheet: 0.22s
2026-10-02 05:43:05,327 [DEBUG] [TIME] 3440 cashflow: 0.26s
2026-10-02 05:43:05,489 [DEBUG] [TIME] 3440 dividends: 0.16s
2026-10-02 05:43:05,490 [INFO] [DETAIL] 3440 日創グループ: income_stmt=OK, balance_sheet=OK, cashflow=OK, dividends=OK
2026-10-02 05:43:05,491 [INFO] [TIME] 3440 日創グループ 処理時間: 1.00s
2026-10-02 05:43:07,158 [DEBUG] [TIME] 3441 info: 0.14s
2026-10-02 05:43:07,158 [DEBUG] yfinance OK: 3441
2026-10-02 05:43:07,402 [DEBUG] [TIME] 3441 income_stmt: 0.24s
2026-10-02 05:43:07,616 [DEBUG] [TIME] 3441 balance_sheet: 0.21s
2026-10-02 05:43:07,807 [DEBUG] [TIME] 3441 cashflow: 0.19s
2026-10-02 05:43:08,014 [DEBUG] [TIME] 3441 dividends: 0.21s
2026-10-02 05:43:08,015 [INFO] [DETAIL] 3441 山王: income_stmt=OK, balance_sheet=OK, cashflow=OK, dividends=OK
2026-10-02 05:43:08,015 [INFO] [TIME] 3441 山王 処理時間: 1.00s
2026-10-02 05:43:09,574 [DEBUG] [TIME] 3443 info: 0.19s
2026-10-02 05:43:09,574 [DEBUG] yfinance OK: 3443
2026-10-02 05:43:09,750 [DEBUG] [TIME] 3443 income_stmt: 0.18s
2026-10-02 05:43:10,029 [DEBUG] [TIME] 3443 balance_sheet: 0.28s
2026-10-02 05:43:10,276 [DEBUG] [TIME] 3443 cashflow: 0.25s
2026-10-02 05:43:10,641 [DEBUG] [TIME] 3443 dividends: 0.36s
2026-10-02 05:43:10,642 [INFO] [DETAIL] 3443 川田テクノロジーズ: income_stmt=OK, balance_sheet=OK, cashflow=OK, dividends=OK
2026-10-02 05:43:10,642 [INFO] [TIME] 3443 川田テクノロジーズ 処理時間: 1.25s
2026-10-02 05:43:12,693 [DEBUG] [TIME] 3444 info: 0.19s
2026-10-02 05:43:12,693 [DEBUG] yfinance OK: 3444
2026-10-02 05:43:12,949 [DEBUG] [TIME] 3444 income_stmt: 0.26s
2026-10-02 05:43:13,142 [DEBUG] [TIME] 3444 balance_sheet: 0.19s
2026-10-02 05:43:13,300 [DEBUG] [TIME] 3444 cashflow: 0.16s
2026-10-02 05:43:13,511 [DEBUG] [TIME] 3444 dividends: 0.21s
2026-10-02 05:43:13,512 [INFO] [DETAIL] 3444 菊池製作所: income_stmt=OK, balance_sheet=OK, cashflow=OK, dividends=OK
2026-10-02 05:43:13,512 [INFO] [TIME] 3444 菊池製作所 処理時間: 1.01s
2026-10-02 05:43:14,937 [DEBUG] [TIME] 3445 info: 0.20s
2026-10-02 05:43:14,937 [DEBUG] yfinance OK: 3445
2026-10-02 05:43:15,158 [DEBUG] [TIME] 3445 income_stmt: 0.22s
2026-10-02 05:43:15,428 [DEBUG] [TIME] 3445 balance_sheet: 0.27s
2026-10-02 05:43:15,632 [DEBUG] [TIME] 3445 cashflow: 0.20s
2026-10-02 05:43:15,808 [DEBUG] [TIME] 3445 dividends: 0.18s
2026-10-02 05:43:15,809 [INFO] [DETAIL] 3445 ＲＳ　Ｔｅｃｈｎｏｌｏｇｉｅｓ: income_stmt=OK, balance_sheet=OK, cashflow=OK, dividends=OK
2026-10-02 05:43:15,809 [INFO] [TIME] 3445 ＲＳ　Ｔｅｃｈｎｏｌｏｇｉｅｓ 処理時間: 1.07s
2026-10-02 05:43:17,097 [DEBUG] [TIME] 3446 info: 0.25s
2026-10-02 05:43:17,097 [DEBUG] yfinance OK: 3446
2026-10-02 05:43:17,285 [DEBUG] [TIME] 3446 income_stmt: 0.19s
2026-10-02 05:43:17,538 [DEBUG] [TIME] 3446 balance_sheet: 0.25s
2026-10-02 05:43:17,664 [DEBUG] [TIME] 3446 cashflow: 0.12s
2026-10-02 05:43:17,837 [DEBUG] [TIME] 3446 dividends: 0.17s
2026-10-02 05:43:17,837 [INFO] [DETAIL] 3446 ジェイテックコーポレーション: income_stmt=OK, balance_sheet=OK, cashflow=OK, dividends=EMPTY
2026-10-02 05:43:17,837 [INFO] [TIME] 3446 ジェイテックコーポレーション 処理時間: 0.99s
2026-10-02 05:43:19,217 [DEBUG] [TIME] 3447 info: 0.18s
2026-10-02 05:43:19,217 [DEBUG] yfinance OK: 3447
2026-10-02 05:43:19,391 [DEBUG] [TIME] 3447 income_stmt: 0.17s
2026-10-02 05:43:19,706 [DEBUG] [TIME] 3447 balance_sheet: 0.31s
2026-10-02 05:43:19,932 [DEBUG] [TIME] 3447 cashflow: 0.23s
2026-10-02 05:43:20,096 [DEBUG] [TIME] 3447 dividends: 0.16s
2026-10-02 05:43:20,097 [INFO] [DETAIL] 3447 信和: income_stmt=OK, balance_sheet=OK, cashflow=OK, dividends=OK
2026-10-02 05:43:20,097 [INFO] [TIME] 3447 信和 処理時間: 1.06s
2026-10-02 05:43:21,378 [DEBUG] [TIME] 3449 info: 0.15s
2026-10-02 05:43:21,378 [DEBUG] yfinance OK: 3449
2026-10-02 05:43:21,507 [DEBUG] [TIME] 3449 income_stmt: 0.13s
2026-10-02 05:43:21,702 [DEBUG] [TIME] 3449 balance_sheet: 0.19s
2026-10-02 05:43:21,865 [DEBUG] [TIME] 3449 cashflow: 0.16s
2026-10-02 05:43:22,037 [DEBUG] [TIME] 3449 dividends: 0.17s
2026-10-02 05:43:22,038 [INFO] [DETAIL] 3449 テクノフレックス: income_stmt=OK, balance_sheet=OK, cashflow=OK, dividends=OK
2026-10-02 05:43:22,038 [INFO] [TIME] 3449 テクノフレックス 処理時間: 0.81s
2026-10-02 05:43:24,210 [DEBUG] [TIME] 3452 info: 0.32s
2026-10-02 05:43:24,210 [DEBUG] yfinance OK: 3452
2026-10-02 05:43:24,341 [DEBUG] [TIME] 3452 income_stmt: 0.13s
2026-10-02 05:43:24,593 [DEBUG] [TIME] 3452 balance_sheet: 0.25s
2026-10-02 05:43:24,836 [DEBUG] [TIME] 3452 cashflow: 0.24s
2026-10-02 05:43:25,018 [DEBUG] [TIME] 3452 dividends: 0.18s
2026-10-02 05:43:25,019 [INFO] [DETAIL] 3452 ビーロット: income_stmt=OK, balance_sheet=OK, cashflow=OK, dividends=OK
2026-10-02 05:43:25,019 [INFO] [TIME] 3452 ビーロット 処理時間: 1.13s
2026-10-02 05:43:26,559 [DEBUG] [TIME] 3454 info: 0.19s
2026-10-02 05:43:26,560 [DEBUG] yfinance OK: 3454
2026-10-02 05:43:26,708 [DEBUG] [TIME] 3454 income_stmt: 0.15s
2026-10-02 05:43:26,890 [DEBUG] [TIME] 3454 balance_sheet: 0.18s
2026-10-02 05:43:27,093 [DEBUG] [TIME] 3454 cashflow: 0.20s
2026-10-02 05:43:27,333 [DEBUG] [TIME] 3454 dividends: 0.24s
2026-10-02 05:43:27,334 [INFO] [DETAIL] 3454 ファーストブラザーズ: income_stmt=OK, balance_sheet=OK, cashflow=OK, dividends=OK
2026-10-02 05:43:27,334 [INFO] [TIME] 3454 ファーストブラザーズ 処理時間: 0.96s
2026-10-02 05:43:29,605 [DEBUG] [TIME] 3457 info: 0.32s
2026-10-02 05:43:29,605 [DEBUG] yfinance OK: 3457
2026-10-02 05:43:29,727 [DEBUG] [TIME] 3457 income_stmt: 0.12s
2026-10-02 05:43:29,891 [DEBUG] [TIME] 3457 balance_sheet: 0.16s
2026-10-02 05:43:30,087 [DEBUG] [TIME] 3457 cashflow: 0.19s
2026-10-02 05:43:30,274 [DEBUG] [TIME] 3457 dividends: 0.19s
2026-10-02 05:43:30,275 [INFO] [DETAIL] 3457 Ａｎｄ　Ｄｏホールディングス: income_stmt=OK, balance_sheet=OK, cashflow=OK, dividends=OK
2026-10-02 05:43:30,275 [INFO] [TIME] 3457 Ａｎｄ　Ｄｏホールディングス 処理時間: 0.99s
2026-10-02 05:43:31,707 [DEBUG] [TIME] 3461 info: 0.15s
2026-10-02 05:43:31,707 [DEBUG] yfinance OK: 3461
2026-10-02 05:43:31,821 [DEBUG] [TIME] 3461 income_stmt: 0.11s
2026-10-02 05:43:32,052 [DEBUG] [TIME] 3461 balance_sheet: 0.23s
2026-10-02 05:43:32,274 [DEBUG] [TIME] 3461 cashflow: 0.22s
2026-10-02 05:43:32,449 [DEBUG] [TIME] 3461 dividends: 0.17s
2026-10-02 05:43:32,450 [INFO] [DETAIL] 3461 パルマ: income_stmt=OK, balance_sheet=OK, cashflow=OK, dividends=OK
2026-10-02 05:43:32,450 [INFO] [TIME] 3461 パルマ 処理時間: 0.89s
2026-10-02 05:43:34,639 [DEBUG] [TIME] 3465 info: 0.26s
2026-10-02 05:43:34,639 [DEBUG] yfinance OK: 3465
2026-10-02 05:43:34,797 [DEBUG] [TIME] 3465 income_stmt: 0.16s
2026-10-02 05:43:35,067 [DEBUG] [TIME] 3465 balance_sheet: 0.27s
2026-10-02 05:43:35,198 [DEBUG] [TIME] 3465 cashflow: 0.13s
2026-10-02 05:43:35,417 [DEBUG] [TIME] 3465 dividends: 0.22s
2026-10-02 05:43:35,418 [INFO] [DETAIL] 3465 ケイアイスター不動産: income_stmt=OK, balance_sheet=OK, cashflow=OK, dividends=OK
2026-10-02 05:43:35,418 [INFO] [TIME] 3465 ケイアイスター不動産 処理時間: 1.04s
2026-10-02 05:43:37,435 [DEBUG] [TIME] 3467 info: 0.16s
2026-10-02 05:43:37,436 [DEBUG] yfinance OK: 3467
2026-10-02 05:43:37,561 [DEBUG] [TIME] 3467 income_stmt: 0.12s
2026-10-02 05:43:37,725 [DEBUG] [TIME] 3467 balance_sheet: 0.16s
2026-10-02 05:43:37,956 [DEBUG] [TIME] 3467 cashflow: 0.23s
2026-10-02 05:43:38,141 [DEBUG] [TIME] 3467 dividends: 0.18s
2026-10-02 05:43:38,142 [INFO] [DETAIL] 3467 アグレ都市デザイン: income_stmt=OK, balance_sheet=OK, cashflow=OK, dividends=OK
2026-10-02 05:43:38,142 [INFO] [TIME] 3467 アグレ都市デザイン 処理時間: 0.87s
2026-10-02 05:43:39,525 [DEBUG] [TIME] 3469 info: 0.20s
2026-10-02 05:43:39,526 [DEBUG] yfinance OK: 3469
2026-10-02 05:43:39,709 [DEBUG] [TIME] 3469 income_stmt: 0.18s
2026-10-02 05:43:39,962 [DEBUG] [TIME] 3469 balance_sheet: 0.25s
2026-10-02 05:43:40,143 [DEBUG] [TIME] 3469 cashflow: 0.18s
2026-10-02 05:43:40,334 [DEBUG] [TIME] 3469 dividends: 0.19s
2026-10-02 05:43:40,334 [INFO] [DETAIL] 3469 デュアルタップ: income_stmt=OK, balance_sheet=OK, cashflow=OK, dividends=OK
2026-10-02 05:43:40,335 [INFO] [TIME] 3469 デュアルタップ 処理時間: 1.01s
2026-10-02 05:43:41,677 [DEBUG] [TIME] 3474 info: 0.24s
2026-10-02 05:43:41,677 [DEBUG] yfinance OK: 3474
2026-10-02 05:43:41,843 [DEBUG] [TIME] 3474 income_stmt: 0.17s
2026-10-02 05:43:42,073 [DEBUG] [TIME] 3474 balance_sheet: 0.23s
2026-10-02 05:43:42,222 [DEBUG] [TIME] 3474 cashflow: 0.15s
2026-10-02 05:43:42,374 [DEBUG] [TIME] 3474 dividends: 0.15s
2026-10-02 05:43:42,375 [INFO] [DETAIL] 3474 Ｇ－ＦＡＣＴＯＲＹ: income_stmt=OK, balance_sheet=OK, cashflow=OK, dividends=OK
2026-10-02 05:43:42,375 [INFO] [TIME] 3474 Ｇ－ＦＡＣＴＯＲＹ 処理時間: 0.94s
2026-10-02 05:43:44,291 [DEBUG] [TIME] 3475 info: 0.15s
2026-10-02 05:43:44,291 [DEBUG] yfinance OK: 3475
2026-10-02 05:43:44,475 [DEBUG] [TIME] 3475 income_stmt: 0.18s
2026-10-02 05:43:44,658 [DEBUG] [TIME] 3475 balance_sheet: 0.18s
2026-10-02 05:43:44,905 [DEBUG] [TIME] 3475 cashflow: 0.25s
2026-10-02 05:43:45,215 [DEBUG] [TIME] 3475 dividends: 0.31s
2026-10-02 05:43:45,216 [INFO] [DETAIL] 3475 グッドコムアセット: income_stmt=OK, balance_sheet=OK, cashflow=OK, dividends=OK
2026-10-02 05:43:45,216 [INFO] [TIME] 3475 グッドコムアセット 処理時間: 1.07s
2026-10-02 05:43:46,962 [DEBUG] [TIME] 3477 info: 0.16s
2026-10-02 05:43:46,962 [DEBUG] yfinance OK: 3477
2026-10-02 05:43:47,220 [DEBUG] [TIME] 3477 income_stmt: 0.26s
2026-10-02 05:43:47,397 [DEBUG] [TIME] 3477 balance_sheet: 0.18s
2026-10-02 05:43:47,572 [DEBUG] [TIME] 3477 cashflow: 0.17s
2026-10-02 05:43:47,765 [DEBUG] [TIME] 3477 dividends: 0.19s
2026-10-02 05:43:47,765 [INFO] [DETAIL] 3477 フォーライフ: income_stmt=OK, balance_sheet=OK, cashflow=OK, dividends=OK
2026-10-02 05:43:47,766 [INFO] [TIME] 3477 フォーライフ 処理時間: 0.97s
2026-10-02 05:43:49,365 [DEBUG] [TIME] 3479 info: 0.18s
2026-10-02 05:43:49,365 [DEBUG] yfinance OK: 3479
2026-10-02 05:43:49,586 [DEBUG] [TIME] 3479 income_stmt: 0.22s
2026-10-02 05:43:49,964 [DEBUG] [TIME] 3479 balance_sheet: 0.38s
2026-10-02 05:43:50,179 [DEBUG] [TIME] 3479 cashflow: 0.21s
2026-10-02 05:43:50,324 [DEBUG] [TIME] 3479 dividends: 0.14s
2026-10-02 05:43:50,324 [INFO] [DETAIL] 3479 ティーケーピー: income_stmt=OK, balance_sheet=OK, cashflow=OK, dividends=EMPTY
2026-10-02 05:43:50,324 [INFO] [TIME] 3479 ティーケーピー 処理時間: 1.14s
2026-10-02 05:43:51,962 [DEBUG] [TIME] 3480 info: 0.18s
2026-10-02 05:43:51,962 [WARNING] yfinance データなし: 3480
2026-10-02 05:43:51,962 [INFO] [TIME] 3480 ジェイ・エス・ビー 処理時間: 0.18s
2026-10-02 05:43:53,801 [DEBUG] [TIME] 3482 info: 0.20s
2026-10-02 05:43:53,801 [DEBUG] yfinance OK: 3482
2026-10-02 05:43:54,188 [DEBUG] [TIME] 3482 income_stmt: 0.39s
2026-10-02 05:43:54,353 [DEBUG] [TIME] 3482 balance_sheet: 0.17s
2026-10-02 05:43:54,483 [DEBUG] [TIME] 3482 cashflow: 0.13s
2026-10-02 05:43:54,630 [DEBUG] [TIME] 3482 dividends: 0.15s
2026-10-02 05:43:54,631 [INFO] [DETAIL] 3482 ロードスターキャピタル: income_stmt=OK, balance_sheet=OK, cashflow=OK, dividends=OK
2026-10-02 05:43:54,631 [INFO] [TIME] 3482 ロードスターキャピタル 処理時間: 1.03s
2026-10-02 05:43:56,371 [DEBUG] [TIME] 3484 info: 0.15s
2026-10-02 05:43:56,371 [DEBUG] yfinance OK: 3484
2026-10-02 05:43:56,484 [DEBUG] [TIME] 3484 income_stmt: 0.11s
2026-10-02 05:43:56,685 [DEBUG] [TIME] 3484 balance_sheet: 0.20s
2026-10-02 05:43:56,843 [DEBUG] [TIME] 3484 cashflow: 0.16s
2026-10-02 05:43:57,092 [DEBUG] [TIME] 3484 dividends: 0.25s
2026-10-02 05:43:57,093 [INFO] [DETAIL] 3484 イノベーションホールディングス: income_stmt=OK, balance_sheet=OK, cashflow=OK, dividends=OK
2026-10-02 05:43:57,093 [INFO] [TIME] 3484 イノベーションホールディングス 処理時間: 0.87s
2026-10-02 05:43:58,710 [DEBUG] [TIME] 3486 info: 0.18s
2026-10-02 05:43:58,710 [DEBUG] yfinance OK: 3486
2026-10-02 05:43:58,846 [DEBUG] [TIME] 3486 income_stmt: 0.14s
2026-10-02 05:43:59,025 [DEBUG] [TIME] 3486 balance_sheet: 0.18s
2026-10-02 05:43:59,210 [DEBUG] [TIME] 3486 cashflow: 0.18s
2026-10-02 05:43:59,426 [DEBUG] [TIME] 3486 dividends: 0.22s
2026-10-02 05:43:59,427 [INFO] [DETAIL] 3486 グローバル・リンク・マネジメント: income_stmt=OK, balance_sheet=OK, cashflow=OK, dividends=OK
2026-10-02 05:43:59,427 [INFO] [TIME] 3486 グローバル・リンク・マネジメント 処理時間: 0.90s
2026-10-02 05:44:00,983 [DEBUG] [TIME] 3489 info: 0.17s
2026-10-02 05:44:00,983 [DEBUG] yfinance OK: 3489
2026-10-02 05:44:01,139 [DEBUG] [TIME] 3489 income_stmt: 0.16s
2026-10-02 05:44:01,416 [DEBUG] [TIME] 3489 balance_sheet: 0.28s
2026-10-02 05:44:01,663 [DEBUG] [TIME] 3489 cashflow: 0.25s
2026-10-02 05:44:01,862 [DEBUG] [TIME] 3489 dividends: 0.20s
2026-10-02 05:44:01,863 [INFO] [DETAIL] 3489 フェイスネットワーク: income_stmt=OK, balance_sheet=OK, cashflow=OK, dividends=OK
2026-10-02 05:44:01,863 [INFO] [TIME] 3489 フェイスネットワーク 処理時間: 1.05s
2026-10-02 05:44:03,518 [DEBUG] [TIME] 3490 info: 0.16s
2026-10-02 05:44:03,519 [DEBUG] yfinance OK: 3490
2026-10-02 05:44:03,801 [DEBUG] [TIME] 3490 income_stmt: 0.28s
2026-10-02 05:44:04,107 [DEBUG] [TIME] 3490 balance_sheet: 0.31s
2026-10-02 05:44:04,244 [DEBUG] [TIME] 3490 cashflow: 0.14s
2026-10-02 05:44:04,459 [DEBUG] [TIME] 3490 dividends: 0.21s
2026-10-02 05:44:04,460 [INFO] [DETAIL] 3490 アズ企画設計: income_stmt=OK, balance_sheet=OK, cashflow=OK, dividends=OK
2026-10-02 05:44:04,460 [INFO] [TIME] 3490 アズ企画設計 処理時間: 1.10s
2026-10-02 05:44:06,084 [DEBUG] [TIME] 3491 info: 0.17s
2026-10-02 05:44:06,085 [DEBUG] yfinance OK: 3491
2026-10-02 05:44:06,260 [DEBUG] [TIME] 3491 income_stmt: 0.18s
2026-10-02 05:44:06,494 [DEBUG] [TIME] 3491 balance_sheet: 0.23s
2026-10-02 05:44:06,730 [DEBUG] [TIME] 3491 cashflow: 0.23s
2026-10-02 05:44:06,896 [DEBUG] [TIME] 3491 dividends: 0.17s
2026-10-02 05:44:06,897 [INFO] [DETAIL] 3491 ＧＡ　ｔｅｃｈｎｏｌｏｇｉｅｓ: income_stmt=OK, balance_sheet=OK, cashflow=OK, dividends=OK
2026-10-02 05:44:06,897 [INFO] [TIME] 3491 ＧＡ　ｔｅｃｈｎｏｌｏｇｉｅｓ 処理時間: 0.98s
2026-10-02 05:44:08,883 [DEBUG] [TIME] 3494 info: 0.20s
2026-10-02 05:44:08,883 [DEBUG] yfinance OK: 3494
2026-10-02 05:44:09,039 [DEBUG] [TIME] 3494 income_stmt: 0.16s
2026-10-02 05:44:09,213 [DEBUG] [TIME] 3494 balance_sheet: 0.17s
2026-10-02 05:44:09,337 [DEBUG] [TIME] 3494 cashflow: 0.12s
2026-10-02 05:44:09,505 [DEBUG] [TIME] 3494 dividends: 0.17s
2026-10-02 05:44:09,506 [INFO] [DETAIL] 3494 マリオン: income_stmt=OK, balance_sheet=OK, cashflow=OK, dividends=OK
2026-10-02 05:44:09,506 [INFO] [TIME] 3494 マリオン 処理時間: 0.82s
2026-10-02 05:44:11,076 [DEBUG] [TIME] 3495 info: 0.16s
2026-10-02 05:44:11,076 [DEBUG] yfinance OK: 3495
2026-10-02 05:44:11,269 [DEBUG] [TIME] 3495 income_stmt: 0.19s
2026-10-02 05:44:11,430 [DEBUG] [TIME] 3495 balance_sheet: 0.16s
2026-10-02 05:44:11,575 [DEBUG] [TIME] 3495 cashflow: 0.14s
2026-10-02 05:44:11,724 [DEBUG] [TIME] 3495 dividends: 0.15s
2026-10-02 05:44:11,726 [INFO] [DETAIL] 3495 香陵住販: income_stmt=OK, balance_sheet=OK, cashflow=OK, dividends=OK
2026-10-02 05:44:11,726 [INFO] [TIME] 3495 香陵住販 処理時間: 0.80s
2026-10-02 05:44:14,019 [DEBUG] [TIME] 3496 info: 0.28s
2026-10-02 05:44:14,019 [DEBUG] yfinance OK: 3496
2026-10-02 05:44:14,202 [DEBUG] [TIME] 3496 income_stmt: 0.18s
2026-10-02 05:44:14,363 [DEBUG] [TIME] 3496 balance_sheet: 0.16s
2026-10-02 05:44:14,507 [DEBUG] [TIME] 3496 cashflow: 0.14s
2026-10-02 05:44:14,696 [DEBUG] [TIME] 3496 dividends: 0.19s
2026-10-02 05:44:14,697 [INFO] [DETAIL] 3496 アズーム: income_stmt=OK, balance_sheet=OK, cashflow=OK, dividends=OK
2026-10-02 05:44:14,697 [INFO] [TIME] 3496 アズーム 処理時間: 0.96s
2026-10-02 05:44:16,308 [DEBUG] [TIME] 3498 info: 0.19s
2026-10-02 05:44:16,308 [DEBUG] yfinance OK: 3498
2026-10-02 05:44:16,423 [DEBUG] [TIME] 3498 income_stmt: 0.11s
2026-10-02 05:44:16,702 [DEBUG] [TIME] 3498 balance_sheet: 0.28s
2026-10-02 05:44:16,957 [DEBUG] [TIME] 3498 cashflow: 0.25s
2026-10-02 05:44:17,117 [DEBUG] [TIME] 3498 dividends: 0.16s
2026-10-02 05:44:17,118 [INFO] [DETAIL] 3498 霞ヶ関キャピタル: income_stmt=OK, balance_sheet=OK, cashflow=OK, dividends=OK
2026-10-02 05:44:17,118 [INFO] [TIME] 3498 霞ヶ関キャピタル 処理時間: 1.00s
2026-10-02 05:44:19,082 [DEBUG] [TIME] 3501 info: 0.21s
2026-10-02 05:44:19,082 [DEBUG] yfinance OK: 3501
2026-10-02 05:44:19,265 [DEBUG] [TIME] 3501 income_stmt: 0.18s
2026-10-02 05:44:19,591 [DEBUG] [TIME] 3501 balance_sheet: 0.32s
2026-10-02 05:44:19,796 [DEBUG] [TIME] 3501 cashflow: 0.20s
2026-10-02 05:44:20,110 [DEBUG] [TIME] 3501 dividends: 0.31s
2026-10-02 05:44:20,111 [INFO] [DETAIL] 3501 ＳＵＭＩＮＯＥ: income_stmt=OK, balance_sheet=OK, cashflow=OK, dividends=OK
2026-10-02 05:44:20,111 [INFO] [TIME] 3501 ＳＵＭＩＮＯＥ 処理時間: 1.24s
2026-10-02 05:44:22,057 [DEBUG] [TIME] 350A info: 0.19s
2026-10-02 05:44:22,057 [DEBUG] yfinance OK: 350A
2026-10-02 05:44:22,193 [DEBUG] [TIME] 350A income_stmt: 0.14s
2026-10-02 05:44:22,420 [DEBUG] [TIME] 350A balance_sheet: 0.23s
2026-10-02 05:44:22,570 [DEBUG] [TIME] 350A cashflow: 0.15s
2026-10-02 05:44:22,663 [DEBUG] [TIME] 350A dividends: 0.09s
2026-10-02 05:44:22,663 [INFO] [DETAIL] 350A デジタルグリッド: income_stmt=OK, balance_sheet=OK, cashflow=OK, dividends=EMPTY
2026-10-02 05:44:22,664 [INFO] [TIME] 350A デジタルグリッド 処理時間: 0.80s
2026-10-02 05:44:24,126 [DEBUG] [TIME] 3512 info: 0.19s
2026-10-02 05:44:24,126 [DEBUG] yfinance OK: 3512
2026-10-02 05:44:24,350 [DEBUG] [TIME] 3512 income_stmt: 0.22s
2026-10-02 05:44:25,602 [DEBUG] [TIME] 3512 balance_sheet: 1.25s
2026-10-02 05:44:25,845 [DEBUG] [TIME] 3512 cashflow: 0.24s
2026-10-02 05:44:26,117 [DEBUG] [TIME] 3512 dividends: 0.27s
2026-10-02 05:44:26,118 [INFO] [DETAIL] 3512 日本フエルト: income_stmt=OK, balance_sheet=OK, cashflow=OK, dividends=OK
2026-10-02 05:44:26,118 [INFO] [TIME] 3512 日本フエルト 処理時間: 2.18s
2026-10-02 05:44:27,465 [DEBUG] [TIME] 3513 info: 0.20s
2026-10-02 05:44:27,465 [DEBUG] yfinance OK: 3513
2026-10-02 05:44:27,686 [DEBUG] [TIME] 3513 income_stmt: 0.22s
2026-10-02 05:44:27,896 [DEBUG] [TIME] 3513 balance_sheet: 0.21s
2026-10-02 05:44:28,068 [DEBUG] [TIME] 3513 cashflow: 0.17s
2026-10-02 05:44:28,383 [DEBUG] [TIME] 3513 dividends: 0.31s
2026-10-02 05:44:28,384 [INFO] [DETAIL] 3513 イチカワ: income_stmt=OK, balance_sheet=OK, cashflow=OK, dividends=OK
2026-10-02 05:44:28,384 [INFO] [TIME] 3513 イチカワ 処理時間: 1.12s
2026-10-02 05:44:29,969 [DEBUG] [TIME] 3521 info: 0.22s
2026-10-02 05:44:29,969 [DEBUG] yfinance OK: 3521
2026-10-02 05:44:30,175 [DEBUG] [TIME] 3521 income_stmt: 0.21s
2026-10-02 05:44:30,371 [DEBUG] [TIME] 3521 balance_sheet: 0.20s
2026-10-02 05:44:30,655 [DEBUG] [TIME] 3521 cashflow: 0.28s
2026-10-02 05:44:30,867 [DEBUG] [TIME] 3521 dividends: 0.21s
2026-10-02 05:44:30,868 [INFO] [DETAIL] 3521 テルマー湯ホールディングス: income_stmt=OK, balance_sheet=OK, cashflow=OK, dividends=OK
2026-10-02 05:44:30,868 [INFO] [TIME] 3521 テルマー湯ホールディングス 処理時間: 1.12s
2026-10-02 05:44:32,936 [DEBUG] [TIME] 3524 info: 0.16s
2026-10-02 05:44:32,936 [DEBUG] yfinance OK: 3524
2026-10-02 05:44:33,176 [DEBUG] [TIME] 3524 income_stmt: 0.24s
2026-10-02 05:44:33,412 [DEBUG] [TIME] 3524 balance_sheet: 0.24s
2026-10-02 05:44:33,579 [DEBUG] [TIME] 3524 cashflow: 0.17s
2026-10-02 05:44:33,841 [DEBUG] [TIME] 3524 dividends: 0.26s
2026-10-02 05:44:33,842 [INFO] [DETAIL] 3524 日東製網: income_stmt=OK, balance_sheet=OK, cashflow=OK, dividends=OK
2026-10-02 05:44:33,842 [INFO] [TIME] 3524 日東製網 処理時間: 1.07s
2026-10-02 05:44:35,759 [DEBUG] [TIME] 3529 info: 0.18s
2026-10-02 05:44:35,759 [DEBUG] yfinance OK: 3529
2026-10-02 05:44:35,909 [DEBUG] [TIME] 3529 income_stmt: 0.15s
2026-10-02 05:44:36,087 [DEBUG] [TIME] 3529 balance_sheet: 0.18s
2026-10-02 05:44:36,332 [DEBUG] [TIME] 3529 cashflow: 0.24s
2026-10-02 05:44:36,552 [DEBUG] [TIME] 3529 dividends: 0.22s
2026-10-02 05:44:36,553 [INFO] [DETAIL] 3529 アツギ: income_stmt=OK, balance_sheet=OK, cashflow=OK, dividends=OK
2026-10-02 05:44:36,553 [INFO] [TIME] 3529 アツギ 処理時間: 0.97s
2026-10-02 05:44:38,131 [DEBUG] [TIME] 352A info: 0.21s
2026-10-02 05:44:38,131 [DEBUG] yfinance OK: 352A
2026-10-02 05:44:38,336 [DEBUG] [TIME] 352A income_stmt: 0.20s
2026-10-02 05:44:38,529 [DEBUG] [TIME] 352A balance_sheet: 0.19s
2026-10-02 05:44:38,737 [DEBUG] [TIME] 352A cashflow: 0.21s
2026-10-02 05:44:38,813 [DEBUG] [TIME] 352A dividends: 0.08s
2026-10-02 05:44:38,813 [INFO] [DETAIL] 352A ＬＯＩＶＥ: income_stmt=OK, balance_sheet=OK, cashflow=OK, dividends=EMPTY
2026-10-02 05:44:38,813 [INFO] [TIME] 352A ＬＯＩＶＥ 処理時間: 0.89s
2026-10-02 05:44:40,174 [DEBUG] [TIME] 3536 info: 0.16s
2026-10-02 05:44:40,174 [DEBUG] yfinance OK: 3536
2026-10-02 05:44:40,304 [DEBUG] [TIME] 3536 income_stmt: 0.13s
2026-10-02 05:44:40,560 [DEBUG] [TIME] 3536 balance_sheet: 0.26s
2026-10-02 05:44:40,732 [DEBUG] [TIME] 3536 cashflow: 0.17s
2026-10-02 05:44:40,948 [DEBUG] [TIME] 3536 dividends: 0.22s
2026-10-02 05:44:40,949 [INFO] [DETAIL] 3536 アクサスホールディングス: income_stmt=OK, balance_sheet=OK, cashflow=OK, dividends=OK
2026-10-02 05:44:40,949 [INFO] [TIME] 3536 アクサスホールディングス 処理時間: 0.93s
2026-10-02 05:44:42,360 [DEBUG] [TIME] 3537 info: 0.22s
2026-10-02 05:44:42,360 [DEBUG] yfinance OK: 3537
2026-10-02 05:44:42,587 [DEBUG] [TIME] 3537 income_stmt: 0.23s
2026-10-02 05:44:42,775 [DEBUG] [TIME] 3537 balance_sheet: 0.19s
2026-10-02 05:44:42,933 [DEBUG] [TIME] 3537 cashflow: 0.16s
2026-10-02 05:44:43,078 [DEBUG] [TIME] 3537 dividends: 0.15s
2026-10-02 05:44:43,079 [INFO] [DETAIL] 3537 昭栄薬品: income_stmt=OK, balance_sheet=OK, cashflow=OK, dividends=OK
2026-10-02 05:44:43,079 [INFO] [TIME] 3537 昭栄薬品 処理時間: 0.93s
2026-10-02 05:44:44,342 [DEBUG] [TIME] 3538 info: 0.15s
2026-10-02 05:44:44,342 [DEBUG] yfinance OK: 3538
2026-10-02 05:44:44,498 [DEBUG] [TIME] 3538 income_stmt: 0.16s
2026-10-02 05:44:44,732 [DEBUG] [TIME] 3538 balance_sheet: 0.23s
2026-10-02 05:44:44,877 [DEBUG] [TIME] 3538 cashflow: 0.14s
2026-10-02 05:44:45,091 [DEBUG] [TIME] 3538 dividends: 0.21s
2026-10-02 05:44:45,092 [INFO] [DETAIL] 3538 ウイルプラスホールディングス: income_stmt=OK, balance_sheet=OK, cashflow=OK, dividends=OK
2026-10-02 05:44:45,092 [INFO] [TIME] 3538 ウイルプラスホールディングス 処理時間: 0.90s
2026-10-02 05:44:47,151 [DEBUG] [TIME] 3539 info: 0.16s
2026-10-02 05:44:47,151 [DEBUG] yfinance OK: 3539
2026-10-02 05:44:47,393 [DEBUG] [TIME] 3539 income_stmt: 0.24s
2026-10-02 05:44:47,546 [DEBUG] [TIME] 3539 balance_sheet: 0.15s
2026-10-02 05:44:47,659 [DEBUG] [TIME] 3539 cashflow: 0.11s
2026-10-02 05:44:47,820 [DEBUG] [TIME] 3539 dividends: 0.16s
2026-10-02 05:44:47,821 [INFO] [DETAIL] 3539 ＪＭホールディングス: income_stmt=OK, balance_sheet=OK, cashflow=OK, dividends=OK
2026-10-02 05:44:47,821 [INFO] [TIME] 3539 ＪＭホールディングス 処理時間: 0.83s
2026-10-02 05:44:49,636 [DEBUG] [TIME] 3542 info: 0.25s
2026-10-02 05:44:49,636 [DEBUG] yfinance OK: 3542
2026-10-02 05:44:49,823 [DEBUG] [TIME] 3542 income_stmt: 0.19s
2026-10-02 05:44:50,018 [DEBUG] [TIME] 3542 balance_sheet: 0.19s
2026-10-02 05:44:50,220 [DEBUG] [TIME] 3542 cashflow: 0.20s
2026-10-02 05:44:50,480 [DEBUG] [TIME] 3542 dividends: 0.26s
2026-10-02 05:44:50,481 [INFO] [DETAIL] 3542 ベガコーポレーション: income_stmt=OK, balance_sheet=OK, cashflow=OK, dividends=OK
2026-10-02 05:44:50,482 [INFO] [TIME] 3542 ベガコーポレーション 処理時間: 1.10s
2026-10-02 05:44:51,932 [DEBUG] [TIME] 3543 info: 0.17s
2026-10-02 05:44:51,932 [DEBUG] yfinance OK: 3543
2026-10-02 05:44:52,070 [DEBUG] [TIME] 3543 income_stmt: 0.14s
2026-10-02 05:44:52,272 [DEBUG] [TIME] 3543 balance_sheet: 0.20s
2026-10-02 05:44:52,434 [DEBUG] [TIME] 3543 cashflow: 0.16s
2026-10-02 05:44:52,597 [DEBUG] [TIME] 3543 dividends: 0.16s
2026-10-02 05:44:52,598 [INFO] [DETAIL] 3543 コメダホールディングス: income_stmt=OK, balance_sheet=OK, cashflow=OK, dividends=OK
2026-10-02 05:44:52,598 [INFO] [TIME] 3543 コメダホールディングス 処理時間: 0.84s
2026-10-02 05:44:54,487 [DEBUG] [TIME] 3544 info: 0.16s
2026-10-02 05:44:54,487 [DEBUG] yfinance OK: 3544
2026-10-02 05:44:54,637 [DEBUG] [TIME] 3544 income_stmt: 0.15s
2026-10-02 05:44:54,890 [DEBUG] [TIME] 3544 balance_sheet: 0.25s
2026-10-02 05:44:55,035 [DEBUG] [TIME] 3544 cashflow: 0.14s
2026-10-02 05:44:55,329 [DEBUG] [TIME] 3544 dividends: 0.29s
2026-10-02 05:44:55,329 [INFO] [DETAIL] 3544 サツドラホールディングス: income_stmt=OK, balance_sheet=OK, cashflow=OK, dividends=OK
2026-10-02 05:44:55,330 [INFO] [TIME] 3544 サツドラホールディングス 処理時間: 1.00s
2026-10-02 05:44:57,424 [DEBUG] [TIME] 3546 info: 0.26s
2026-10-02 05:44:57,424 [WARNING] yfinance データなし: 3546
2026-10-02 05:44:57,424 [INFO] [TIME] 3546 アレンザホールディングス 処理時間: 0.26s
2026-10-02 05:44:59,015 [DEBUG] [TIME] 3547 info: 0.15s
2026-10-02 05:44:59,015 [DEBUG] yfinance OK: 3547
2026-10-02 05:44:59,194 [DEBUG] [TIME] 3547 income_stmt: 0.18s
2026-10-02 05:44:59,487 [DEBUG] [TIME] 3547 balance_sheet: 0.29s
2026-10-02 05:44:59,717 [DEBUG] [TIME] 3547 cashflow: 0.23s
2026-10-02 05:44:59,876 [DEBUG] [TIME] 3547 dividends: 0.16s
2026-10-02 05:44:59,877 [INFO] [DETAIL] 3547 ユニシアホールディングス: income_stmt=OK, balance_sheet=OK, cashflow=OK, dividends=OK
2026-10-02 05:44:59,877 [INFO] [TIME] 3547 ユニシアホールディングス 処理時間: 1.01s
2026-10-02 05:45:02,055 [DEBUG] [TIME] 3548 info: 0.17s
2026-10-02 05:45:02,055 [DEBUG] yfinance OK: 3548
2026-10-02 05:45:02,231 [DEBUG] [TIME] 3548 income_stmt: 0.18s
2026-10-02 05:45:02,408 [DEBUG] [TIME] 3548 balance_sheet: 0.18s
2026-10-02 05:45:02,558 [DEBUG] [TIME] 3548 cashflow: 0.15s
2026-10-02 05:45:02,757 [DEBUG] [TIME] 3548 dividends: 0.20s
2026-10-02 05:45:02,758 [INFO] [DETAIL] 3548 バロックジャパンリミテッド: income_stmt=OK, balance_sheet=OK, cashflow=OK, dividends=OK
2026-10-02 05:45:02,758 [INFO] [TIME] 3548 バロックジャパンリミテッド 処理時間: 0.87s
2026-10-02 05:45:04,776 [DEBUG] [TIME] 3549 info: 0.24s
2026-10-02 05:45:04,776 [DEBUG] yfinance OK: 3549
2026-10-02 05:45:05,018 [DEBUG] [TIME] 3549 income_stmt: 0.24s
2026-10-02 05:45:05,227 [DEBUG] [TIME] 3549 balance_sheet: 0.21s
2026-10-02 05:45:05,373 [DEBUG] [TIME] 3549 cashflow: 0.15s
2026-10-02 05:45:05,665 [DEBUG] [TIME] 3549 dividends: 0.29s
2026-10-02 05:45:05,666 [INFO] [DETAIL] 3549 クスリのアオキホールディングス: income_stmt=OK, balance_sheet=OK, cashflow=OK, dividends=OK
2026-10-02 05:45:05,666 [INFO] [TIME] 3549 クスリのアオキホールディングス 処理時間: 1.13s
2026-10-02 05:45:07,496 [DEBUG] [TIME] 3550 info: 0.28s
2026-10-02 05:45:07,496 [DEBUG] yfinance OK: 3550
2026-10-02 05:45:07,685 [DEBUG] [TIME] 3550 income_stmt: 0.19s
2026-10-02 05:45:07,839 [DEBUG] [TIME] 3550 balance_sheet: 0.15s
2026-10-02 05:45:07,964 [DEBUG] [TIME] 3550 cashflow: 0.12s
2026-10-02 05:45:08,108 [DEBUG] [TIME] 3550 dividends: 0.14s
2026-10-02 05:45:08,109 [INFO] [DETAIL] 3550 スタジオアタオ: income_stmt=OK, balance_sheet=OK, cashflow=OK, dividends=OK
2026-10-02 05:45:08,109 [INFO] [TIME] 3550 スタジオアタオ 処理時間: 0.90s
2026-10-02 05:45:10,033 [DEBUG] [TIME] 3551 info: 0.21s
2026-10-02 05:45:10,034 [DEBUG] yfinance OK: 3551
2026-10-02 05:45:10,205 [DEBUG] [TIME] 3551 income_stmt: 0.17s
2026-10-02 05:45:10,477 [DEBUG] [TIME] 3551 balance_sheet: 0.27s
2026-10-02 05:45:10,654 [DEBUG] [TIME] 3551 cashflow: 0.18s
2026-10-02 05:45:10,945 [DEBUG] [TIME] 3551 dividends: 0.29s
2026-10-02 05:45:10,946 [INFO] [DETAIL] 3551 ダイニック: income_stmt=OK, balance_sheet=OK, cashflow=OK, dividends=OK
2026-10-02 05:45:10,946 [INFO] [TIME] 3551 ダイニック 処理時間: 1.12s
2026-10-02 05:45:12,472 [DEBUG] [TIME] 3553 info: 0.17s
2026-10-02 05:45:12,472 [DEBUG] yfinance OK: 3553
2026-10-02 05:45:12,649 [DEBUG] [TIME] 3553 income_stmt: 0.18s
2026-10-02 05:45:12,797 [DEBUG] [TIME] 3553 balance_sheet: 0.15s
2026-10-02 05:45:12,996 [DEBUG] [TIME] 3553 cashflow: 0.20s
2026-10-02 05:45:13,329 [DEBUG] [TIME] 3553 dividends: 0.33s
2026-10-02 05:45:13,330 [INFO] [DETAIL] 3553 共和レザー: income_stmt=OK, balance_sheet=OK, cashflow=OK, dividends=OK
2026-10-02 05:45:13,330 [INFO] [TIME] 3553 共和レザー 処理時間: 1.03s
2026-10-02 05:45:15,043 [DEBUG] [TIME] 3556 info: 0.19s
2026-10-02 05:45:15,043 [DEBUG] yfinance OK: 3556
2026-10-02 05:45:15,242 [DEBUG] [TIME] 3556 income_stmt: 0.20s
2026-10-02 05:45:15,550 [DEBUG] [TIME] 3556 balance_sheet: 0.31s
2026-10-02 05:45:15,797 [DEBUG] [TIME] 3556 cashflow: 0.25s
2026-10-02 05:45:16,020 [DEBUG] [TIME] 3556 dividends: 0.22s
2026-10-02 05:45:16,020 [INFO] [DETAIL] 3556 リネットジャパングループ: income_stmt=OK, balance_sheet=OK, cashflow=OK, dividends=EMPTY
2026-10-02 05:45:16,020 [INFO] [TIME] 3556 リネットジャパングループ 処理時間: 1.17s
2026-10-02 05:45:17,553 [DEBUG] [TIME] 3557 info: 0.21s
2026-10-02 05:45:17,553 [DEBUG] yfinance OK: 3557
2026-10-02 05:45:17,729 [DEBUG] [TIME] 3557 income_stmt: 0.18s
2026-10-02 05:45:18,043 [DEBUG] [TIME] 3557 balance_sheet: 0.31s
2026-10-02 05:45:18,256 [DEBUG] [TIME] 3557 cashflow: 0.21s
2026-10-02 05:45:18,601 [DEBUG] [TIME] 3557 dividends: 0.34s
2026-10-02 05:45:18,601 [INFO] [DETAIL] 3557 ユナイテッド＆コレクティブ: income_stmt=OK, balance_sheet=OK, cashflow=OK, dividends=EMPTY
2026-10-02 05:45:18,601 [INFO] [TIME] 3557 ユナイテッド＆コレクティブ 処理時間: 1.26s
2026-10-02 05:45:19,921 [DEBUG] [TIME] 3558 info: 0.16s
2026-10-02 05:45:19,921 [DEBUG] yfinance OK: 3558
2026-10-02 05:45:20,128 [DEBUG] [TIME] 3558 income_stmt: 0.21s
2026-10-02 05:45:20,454 [DEBUG] [TIME] 3558 balance_sheet: 0.33s
2026-10-02 05:45:20,623 [DEBUG] [TIME] 3558 cashflow: 0.17s
2026-10-02 05:45:20,791 [DEBUG] [TIME] 3558 dividends: 0.17s
2026-10-02 05:45:20,792 [INFO] [DETAIL] 3558 ジェイドグループ: income_stmt=OK, balance_sheet=OK, cashflow=OK, dividends=OK
2026-10-02 05:45:20,792 [INFO] [TIME] 3558 ジェイドグループ 処理時間: 1.03s
2026-10-02 05:45:22,487 [DEBUG] [TIME] 3559 info: 0.17s
2026-10-02 05:45:22,487 [DEBUG] yfinance OK: 3559
2026-10-02 05:45:22,595 [DEBUG] [TIME] 3559 income_stmt: 0.11s
2026-10-02 05:45:22,725 [DEBUG] [TIME] 3559 balance_sheet: 0.13s
2026-10-02 05:45:22,860 [DEBUG] [TIME] 3559 cashflow: 0.13s
2026-10-02 05:45:23,049 [DEBUG] [TIME] 3559 dividends: 0.19s
2026-10-02 05:45:23,050 [INFO] [DETAIL] 3559 ピーバンドットコム: income_stmt=OK, balance_sheet=OK, cashflow=OK, dividends=OK
2026-10-02 05:45:23,050 [INFO] [TIME] 3559 ピーバンドットコム 処理時間: 0.73s
2026-10-02 05:45:24,616 [DEBUG] [TIME] 3560 info: 0.19s
2026-10-02 05:45:24,617 [DEBUG] yfinance OK: 3560
2026-10-02 05:45:24,793 [DEBUG] [TIME] 3560 income_stmt: 0.18s
2026-10-02 05:45:24,961 [DEBUG] [TIME] 3560 balance_sheet: 0.17s
2026-10-02 05:45:25,191 [DEBUG] [TIME] 3560 cashflow: 0.23s
2026-10-02 05:45:25,436 [DEBUG] [TIME] 3560 dividends: 0.24s
2026-10-02 05:45:25,437 [INFO] [DETAIL] 3560 ほぼ日: income_stmt=OK, balance_sheet=OK, cashflow=OK, dividends=OK
2026-10-02 05:45:25,437 [INFO] [TIME] 3560 ほぼ日 処理時間: 1.01s
2026-10-02 05:45:27,448 [DEBUG] [TIME] 3561 info: 0.21s
2026-10-02 05:45:27,449 [DEBUG] yfinance OK: 3561
2026-10-02 05:45:27,594 [DEBUG] [TIME] 3561 income_stmt: 0.15s
2026-10-02 05:45:27,856 [DEBUG] [TIME] 3561 balance_sheet: 0.26s
2026-10-02 05:45:28,000 [DEBUG] [TIME] 3561 cashflow: 0.14s
2026-10-02 05:45:28,167 [DEBUG] [TIME] 3561 dividends: 0.17s
2026-10-02 05:45:28,168 [INFO] [DETAIL] 3561 力の源ホールディングス: income_stmt=OK, balance_sheet=OK, cashflow=OK, dividends=OK
2026-10-02 05:45:28,168 [INFO] [TIME] 3561 力の源ホールディングス 処理時間: 0.93s
2026-10-02 05:45:29,695 [DEBUG] [TIME] 3562 info: 0.18s
2026-10-02 05:45:29,695 [DEBUG] yfinance OK: 3562
2026-10-02 05:45:29,834 [DEBUG] [TIME] 3562 income_stmt: 0.14s
2026-10-02 05:45:30,145 [DEBUG] [TIME] 3562 balance_sheet: 0.31s
2026-10-02 05:45:30,337 [DEBUG] [TIME] 3562 cashflow: 0.19s
2026-10-02 05:45:30,474 [DEBUG] [TIME] 3562 dividends: 0.14s
2026-10-02 05:45:30,475 [INFO] [DETAIL] 3562 Ｎｏ．１: income_stmt=OK, balance_sheet=OK, cashflow=OK, dividends=OK
2026-10-02 05:45:30,476 [INFO] [TIME] 3562 Ｎｏ．１ 処理時間: 0.96s
2026-10-02 05:45:32,107 [DEBUG] [TIME] 3563 info: 0.19s
2026-10-02 05:45:32,107 [DEBUG] yfinance OK: 3563
2026-10-02 05:45:32,305 [DEBUG] [TIME] 3563 income_stmt: 0.20s
2026-10-02 05:45:32,524 [DEBUG] [TIME] 3563 balance_sheet: 0.22s
2026-10-02 05:45:32,662 [DEBUG] [TIME] 3563 cashflow: 0.14s
2026-10-02 05:45:32,862 [DEBUG] [TIME] 3563 dividends: 0.20s
2026-10-02 05:45:32,863 [INFO] [DETAIL] 3563 ＦＯＯＤ　＆　ＬＩＦＥ　ＣＯＭＰＡＮＩＥＳ: income_stmt=OK, balance_sheet=OK, cashflow=OK, dividends=OK
2026-10-02 05:45:32,863 [INFO] [TIME] 3563 ＦＯＯＤ　＆　ＬＩＦＥ　ＣＯＭＰＡＮＩＥＳ 処理時間: 0.95s
2026-10-02 05:45:35,018 [DEBUG] [TIME] 3565 info: 0.18s
2026-10-02 05:45:35,018 [DEBUG] yfinance OK: 3565
2026-10-02 05:45:35,168 [DEBUG] [TIME] 3565 income_stmt: 0.15s
2026-10-02 05:45:35,321 [DEBUG] [TIME] 3565 balance_sheet: 0.15s
2026-10-02 05:45:35,551 [DEBUG] [TIME] 3565 cashflow: 0.23s
2026-10-02 05:45:35,734 [DEBUG] [TIME] 3565 dividends: 0.18s
2026-10-02 05:45:35,735 [INFO] [DETAIL] 3565 アセンテック: income_stmt=OK, balance_sheet=OK, cashflow=OK, dividends=OK
2026-10-02 05:45:35,735 [INFO] [TIME] 3565 アセンテック 処理時間: 0.90s
2026-10-02 05:45:36,955 [DEBUG] [TIME] 3566 info: 0.20s
2026-10-02 05:45:36,955 [DEBUG] yfinance OK: 3566
2026-10-02 05:45:37,182 [DEBUG] [TIME] 3566 income_stmt: 0.23s
2026-10-02 05:45:37,344 [DEBUG] [TIME] 3566 balance_sheet: 0.16s
2026-10-02 05:45:37,584 [DEBUG] [TIME] 3566 cashflow: 0.24s
2026-10-02 05:45:37,760 [DEBUG] [TIME] 3566 dividends: 0.18s
2026-10-02 05:45:37,761 [INFO] [DETAIL] 3566 ユニフォームネクスト: income_stmt=OK, balance_sheet=OK, cashflow=OK, dividends=OK
2026-10-02 05:45:37,761 [INFO] [TIME] 3566 ユニフォームネクスト 処理時間: 1.00s
2026-10-02 05:45:39,089 [DEBUG] [TIME] 3569 info: 0.16s
2026-10-02 05:45:39,089 [DEBUG] yfinance OK: 3569
2026-10-02 05:45:39,237 [DEBUG] [TIME] 3569 income_stmt: 0.15s
2026-10-02 05:45:39,460 [DEBUG] [TIME] 3569 balance_sheet: 0.22s
2026-10-02 05:45:39,600 [DEBUG] [TIME] 3569 cashflow: 0.14s
2026-10-02 05:45:39,828 [DEBUG] [TIME] 3569 dividends: 0.23s
2026-10-02 05:45:39,830 [INFO] [DETAIL] 3569 セーレン: income_stmt=OK, balance_sheet=OK, cashflow=OK, dividends=OK
2026-10-02 05:45:39,830 [INFO] [TIME] 3569 セーレン 処理時間: 0.90s
2026-10-02 05:45:41,405 [DEBUG] [TIME] 3571 info: 0.18s
2026-10-02 05:45:41,405 [DEBUG] yfinance OK: 3571
2026-10-02 05:45:41,562 [DEBUG] [TIME] 3571 income_stmt: 0.16s
2026-10-02 05:45:41,819 [DEBUG] [TIME] 3571 balance_sheet: 0.26s
2026-10-02 05:45:42,043 [DEBUG] [TIME] 3571 cashflow: 0.22s
2026-10-02 05:45:42,299 [DEBUG] [TIME] 3571 dividends: 0.26s
2026-10-02 05:45:42,300 [INFO] [DETAIL] 3571 ソトー: income_stmt=OK, balance_sheet=OK, cashflow=OK, dividends=OK
2026-10-02 05:45:42,300 [INFO] [TIME] 3571 ソトー 処理時間: 1.08s
2026-10-02 05:45:43,771 [DEBUG] [TIME] 3577 info: 0.16s
2026-10-02 05:45:43,772 [DEBUG] yfinance OK: 3577
2026-10-02 05:45:43,917 [DEBUG] [TIME] 3577 income_stmt: 0.15s
2026-10-02 05:45:44,183 [DEBUG] [TIME] 3577 balance_sheet: 0.27s
2026-10-02 05:45:44,426 [DEBUG] [TIME] 3577 cashflow: 0.24s
2026-10-02 05:45:44,690 [DEBUG] [TIME] 3577 dividends: 0.26s
2026-10-02 05:45:44,691 [INFO] [DETAIL] 3577 東海染工: income_stmt=OK, balance_sheet=OK, cashflow=OK, dividends=OK
2026-10-02 05:45:44,691 [INFO] [TIME] 3577 東海染工 処理時間: 1.08s
2026-10-02 05:45:46,758 [DEBUG] [TIME] 3580 info: 0.17s
2026-10-02 05:45:46,759 [DEBUG] yfinance OK: 3580
2026-10-02 05:45:46,889 [DEBUG] [TIME] 3580 income_stmt: 0.13s
2026-10-02 05:45:47,134 [DEBUG] [TIME] 3580 balance_sheet: 0.24s
2026-10-02 05:45:47,359 [DEBUG] [TIME] 3580 cashflow: 0.22s
2026-10-02 05:45:47,617 [DEBUG] [TIME] 3580 dividends: 0.26s
2026-10-02 05:45:47,618 [INFO] [DETAIL] 3580 小松マテーレ: income_stmt=OK, balance_sheet=OK, cashflow=OK, dividends=OK
2026-10-02 05:45:47,619 [INFO] [TIME] 3580 小松マテーレ 処理時間: 1.03s
2026-10-02 05:45:49,521 [DEBUG] [TIME] 3583 info: 0.19s
2026-10-02 05:45:49,522 [DEBUG] yfinance OK: 3583
2026-10-02 05:45:49,697 [DEBUG] [TIME] 3583 income_stmt: 0.18s
2026-10-02 05:45:49,879 [DEBUG] [TIME] 3583 balance_sheet: 0.18s
2026-10-02 05:45:50,148 [DEBUG] [TIME] 3583 cashflow: 0.27s
2026-10-02 05:45:50,423 [DEBUG] [TIME] 3583 dividends: 0.27s
2026-10-02 05:45:50,424 [INFO] [DETAIL] 3583 オーベクス: income_stmt=OK, balance_sheet=OK, cashflow=OK, dividends=OK
2026-10-02 05:45:50,424 [INFO] [TIME] 3583 オーベクス 処理時間: 1.09s
2026-10-02 05:45:52,179 [DEBUG] [TIME] 3591 info: 0.20s
2026-10-02 05:45:52,179 [DEBUG] yfinance OK: 3591
2026-10-02 05:45:52,315 [DEBUG] [TIME] 3591 income_stmt: 0.14s
2026-10-02 05:45:52,587 [DEBUG] [TIME] 3591 balance_sheet: 0.27s
2026-10-02 05:45:52,768 [DEBUG] [TIME] 3591 cashflow: 0.18s
2026-10-02 05:45:53,090 [DEBUG] [TIME] 3591 dividends: 0.32s
2026-10-02 05:45:53,091 [INFO] [DETAIL] 3591 ワコールホールディングス: income_stmt=OK, balance_sheet=OK, cashflow=OK, dividends=OK
2026-10-02 05:45:53,091 [INFO] [TIME] 3591 ワコールホールディングス 処理時間: 1.11s
2026-10-02 05:45:54,751 [DEBUG] [TIME] 3597 info: 0.22s
2026-10-02 05:45:54,751 [DEBUG] yfinance OK: 3597
2026-10-02 05:45:54,938 [DEBUG] [TIME] 3597 income_stmt: 0.19s
2026-10-02 05:45:55,192 [DEBUG] [TIME] 3597 balance_sheet: 0.25s
2026-10-02 05:45:55,371 [DEBUG] [TIME] 3597 cashflow: 0.18s
2026-10-02 05:45:55,672 [DEBUG] [TIME] 3597 dividends: 0.30s
2026-10-02 05:45:55,673 [INFO] [DETAIL] 3597 自重堂: income_stmt=OK, balance_sheet=OK, cashflow=OK, dividends=OK
2026-10-02 05:45:55,674 [INFO] [TIME] 3597 自重堂 処理時間: 1.14s
2026-10-02 05:45:57,447 [DEBUG] [TIME] 3598 info: 0.14s
2026-10-02 05:45:57,447 [DEBUG] yfinance OK: 3598
2026-10-02 05:45:57,575 [DEBUG] [TIME] 3598 income_stmt: 0.13s
2026-10-02 05:45:57,806 [DEBUG] [TIME] 3598 balance_sheet: 0.23s
2026-10-02 05:45:57,939 [DEBUG] [TIME] 3598 cashflow: 0.13s
2026-10-02 05:45:58,240 [DEBUG] [TIME] 3598 dividends: 0.30s
2026-10-02 05:45:58,241 [INFO] [DETAIL] 3598 山喜: income_stmt=OK, balance_sheet=OK, cashflow=OK, dividends=OK
2026-10-02 05:45:58,241 [INFO] [TIME] 3598 山喜 処理時間: 0.94s
2026-10-02 05:46:00,015 [DEBUG] [TIME] 3600 info: 0.15s
2026-10-02 05:46:00,015 [DEBUG] yfinance OK: 3600
2026-10-02 05:46:00,209 [DEBUG] [TIME] 3600 income_stmt: 0.19s
2026-10-02 05:46:00,451 [DEBUG] [TIME] 3600 balance_sheet: 0.24s
2026-10-02 05:46:00,653 [DEBUG] [TIME] 3600 cashflow: 0.20s
2026-10-02 05:46:00,923 [DEBUG] [TIME] 3600 dividends: 0.27s
2026-10-02 05:46:00,924 [INFO] [DETAIL] 3600 フジックス: income_stmt=OK, balance_sheet=OK, cashflow=OK, dividends=OK
2026-10-02 05:46:00,924 [INFO] [TIME] 3600 フジックス 処理時間: 1.06s
2026-10-02 05:46:02,238 [DEBUG] [TIME] 3607 info: 0.26s
2026-10-02 05:46:02,238 [DEBUG] yfinance OK: 3607
2026-10-02 05:46:02,435 [DEBUG] [TIME] 3607 income_stmt: 0.20s
2026-10-02 05:46:02,641 [DEBUG] [TIME] 3607 balance_sheet: 0.20s
2026-10-02 05:46:02,846 [DEBUG] [TIME] 3607 cashflow: 0.20s
2026-10-02 05:46:03,101 [DEBUG] [TIME] 3607 dividends: 0.25s
2026-10-02 05:46:03,102 [INFO] [DETAIL] 3607 クラウディアホールディングス: income_stmt=OK, balance_sheet=OK, cashflow=OK, dividends=OK
2026-10-02 05:46:03,102 [INFO] [TIME] 3607 クラウディアホールディングス 処理時間: 1.13s
2026-10-02 05:46:04,952 [DEBUG] [TIME] 3608 info: 0.19s
2026-10-02 05:46:04,952 [DEBUG] yfinance OK: 3608
2026-10-02 05:46:05,130 [DEBUG] [TIME] 3608 income_stmt: 0.18s
2026-10-02 05:46:05,335 [DEBUG] [TIME] 3608 balance_sheet: 0.20s
2026-10-02 05:46:05,542 [DEBUG] [TIME] 3608 cashflow: 0.21s
2026-10-02 05:46:05,718 [DEBUG] [TIME] 3608 dividends: 0.18s
2026-10-02 05:46:05,719 [INFO] [DETAIL] 3608 ＴＳＩホールディングス: income_stmt=OK, balance_sheet=OK, cashflow=OK, dividends=OK
2026-10-02 05:46:05,719 [INFO] [TIME] 3608 ＴＳＩホールディングス 処理時間: 0.96s
2026-10-02 05:46:07,145 [DEBUG] [TIME] 3611 info: 0.18s
2026-10-02 05:46:07,145 [DEBUG] yfinance OK: 3611
2026-10-02 05:46:07,291 [DEBUG] [TIME] 3611 income_stmt: 0.15s
2026-10-02 05:46:07,420 [DEBUG] [TIME] 3611 balance_sheet: 0.13s
2026-10-02 05:46:07,552 [DEBUG] [TIME] 3611 cashflow: 0.13s
2026-10-02 05:46:07,693 [DEBUG] [TIME] 3611 dividends: 0.14s
2026-10-02 05:46:07,694 [INFO] [DETAIL] 3611 マツオカコーポレーション: income_stmt=OK, balance_sheet=OK, cashflow=OK, dividends=OK
2026-10-02 05:46:07,694 [INFO] [TIME] 3611 マツオカコーポレーション 処理時間: 0.73s
2026-10-02 05:46:09,293 [DEBUG] [TIME] 3612 info: 0.16s
2026-10-02 05:46:09,294 [DEBUG] yfinance OK: 3612
2026-10-02 05:46:09,446 [DEBUG] [TIME] 3612 income_stmt: 0.15s
2026-10-02 05:46:09,630 [DEBUG] [TIME] 3612 balance_sheet: 0.18s
2026-10-02 05:46:09,828 [DEBUG] [TIME] 3612 cashflow: 0.20s
2026-10-02 05:46:09,980 [DEBUG] [TIME] 3612 dividends: 0.15s
2026-10-02 05:46:09,981 [INFO] [DETAIL] 3612 ワールド: income_stmt=OK, balance_sheet=OK, cashflow=OK, dividends=OK
2026-10-02 05:46:09,981 [INFO] [TIME] 3612 ワールド 処理時間: 0.85s
2026-10-02 05:46:12,132 [DEBUG] [TIME] 3622 info: 0.19s
2026-10-02 05:46:12,132 [DEBUG] yfinance OK: 3622
2026-10-02 05:46:12,275 [DEBUG] [TIME] 3622 income_stmt: 0.14s
2026-10-02 05:46:12,465 [DEBUG] [TIME] 3622 balance_sheet: 0.19s
2026-10-02 05:46:12,605 [DEBUG] [TIME] 3622 cashflow: 0.14s
2026-10-02 05:46:12,861 [DEBUG] [TIME] 3622 dividends: 0.26s
2026-10-02 05:46:12,862 [INFO] [DETAIL] 3622 ネットイヤーグループ: income_stmt=OK, balance_sheet=OK, cashflow=OK, dividends=OK
2026-10-02 05:46:12,862 [INFO] [TIME] 3622 ネットイヤーグループ 処理時間: 0.92s
2026-10-02 05:46:14,686 [DEBUG] [TIME] 3623 info: 0.21s
2026-10-02 05:46:14,686 [DEBUG] yfinance OK: 3623
2026-10-02 05:46:14,923 [DEBUG] [TIME] 3623 income_stmt: 0.24s
2026-10-02 05:46:15,106 [DEBUG] [TIME] 3623 balance_sheet: 0.18s
2026-10-02 05:46:15,258 [DEBUG] [TIME] 3623 cashflow: 0.15s
2026-10-02 05:46:15,490 [DEBUG] [TIME] 3623 dividends: 0.23s
2026-10-02 05:46:15,491 [INFO] [DETAIL] 3623 ビリングシステム: income_stmt=OK, balance_sheet=OK, cashflow=OK, dividends=OK
2026-10-02 05:46:15,491 [INFO] [TIME] 3623 ビリングシステム 処理時間: 1.02s
2026-10-02 05:46:17,507 [DEBUG] [TIME] 3624 info: 0.23s
2026-10-02 05:46:17,507 [DEBUG] yfinance OK: 3624
2026-10-02 05:46:17,615 [DEBUG] [TIME] 3624 income_stmt: 0.11s
2026-10-02 05:46:17,839 [DEBUG] [TIME] 3624 balance_sheet: 0.22s
2026-10-02 05:46:17,990 [DEBUG] [TIME] 3624 cashflow: 0.15s
2026-10-02 05:46:18,327 [DEBUG] [TIME] 3624 dividends: 0.34s
2026-10-02 05:46:18,327 [INFO] [DETAIL] 3624 アクセルマーク: income_stmt=OK, balance_sheet=OK, cashflow=OK, dividends=EMPTY
2026-10-02 05:46:18,327 [INFO] [TIME] 3624 アクセルマーク 処理時間: 1.05s
2026-10-02 05:46:20,175 [DEBUG] [TIME] 3625 info: 0.16s
2026-10-02 05:46:20,175 [DEBUG] yfinance OK: 3625
2026-10-02 05:46:20,400 [DEBUG] [TIME] 3625 income_stmt: 0.22s
2026-10-02 05:46:20,668 [DEBUG] [TIME] 3625 balance_sheet: 0.27s
2026-10-02 05:46:20,854 [DEBUG] [TIME] 3625 cashflow: 0.19s
2026-10-02 05:46:21,036 [DEBUG] [TIME] 3625 dividends: 0.18s
2026-10-02 05:46:21,037 [INFO] [DETAIL] 3625 テックファームホールディングス: income_stmt=OK, balance_sheet=OK, cashflow=OK, dividends=OK
2026-10-02 05:46:21,037 [INFO] [TIME] 3625 テックファームホールディングス 処理時間: 1.02s
2026-10-02 05:46:22,691 [DEBUG] [TIME] 3626 info: 0.16s
2026-10-02 05:46:22,691 [DEBUG] yfinance OK: 3626
2026-10-02 05:46:22,865 [DEBUG] [TIME] 3626 income_stmt: 0.17s
2026-10-02 05:46:23,136 [DEBUG] [TIME] 3626 balance_sheet: 0.27s
2026-10-02 05:46:23,304 [DEBUG] [TIME] 3626 cashflow: 0.17s
2026-10-02 05:46:23,594 [DEBUG] [TIME] 3626 dividends: 0.29s
2026-10-02 05:46:23,595 [INFO] [DETAIL] 3626 ＴＩＳ: income_stmt=OK, balance_sheet=OK, cashflow=OK, dividends=OK
2026-10-02 05:46:23,595 [INFO] [TIME] 3626 ＴＩＳ 処理時間: 1.06s
2026-10-02 05:46:25,745 [DEBUG] [TIME] 3627 info: 0.16s
2026-10-02 05:46:25,745 [DEBUG] yfinance OK: 3627
2026-10-02 05:46:25,971 [DEBUG] [TIME] 3627 income_stmt: 0.23s
2026-10-02 05:46:26,129 [DEBUG] [TIME] 3627 balance_sheet: 0.16s
2026-10-02 05:46:26,412 [DEBUG] [TIME] 3627 cashflow: 0.28s
2026-10-02 05:46:26,631 [DEBUG] [TIME] 3627 dividends: 0.22s
2026-10-02 05:46:26,632 [INFO] [DETAIL] 3627 テクミラホールディングス: income_stmt=OK, balance_sheet=OK, cashflow=OK, dividends=OK
2026-10-02 05:46:26,632 [INFO] [TIME] 3627 テクミラホールディングス 処理時間: 1.05s
2026-10-02 05:46:28,124 [DEBUG] [TIME] 3628 info: 0.15s
2026-10-02 05:46:28,124 [DEBUG] yfinance OK: 3628
2026-10-02 05:46:28,303 [DEBUG] [TIME] 3628 income_stmt: 0.18s
2026-10-02 05:46:28,530 [DEBUG] [TIME] 3628 balance_sheet: 0.23s
2026-10-02 05:46:28,656 [DEBUG] [TIME] 3628 cashflow: 0.13s
2026-10-02 05:46:28,869 [DEBUG] [TIME] 3628 dividends: 0.21s
2026-10-02 05:46:28,870 [INFO] [DETAIL] 3628 データホライゾン: income_stmt=OK, balance_sheet=OK, cashflow=OK, dividends=OK
2026-10-02 05:46:28,870 [INFO] [TIME] 3628 データホライゾン 処理時間: 0.90s
2026-10-02 05:46:30,525 [DEBUG] [TIME] 3632 info: 0.19s
2026-10-02 05:46:30,525 [DEBUG] yfinance OK: 3632
2026-10-02 05:46:30,729 [DEBUG] [TIME] 3632 income_stmt: 0.20s
2026-10-02 05:46:30,896 [DEBUG] [TIME] 3632 balance_sheet: 0.17s
2026-10-02 05:46:31,103 [DEBUG] [TIME] 3632 cashflow: 0.21s
2026-10-02 05:46:31,363 [DEBUG] [TIME] 3632 dividends: 0.26s
2026-10-02 05:46:31,364 [INFO] [DETAIL] 3632 グリーホールディングス: income_stmt=OK, balance_sheet=OK, cashflow=OK, dividends=OK
2026-10-02 05:46:31,364 [INFO] [TIME] 3632 グリーホールディングス 処理時間: 1.03s
2026-10-02 05:46:32,635 [DEBUG] [TIME] 3633 info: 0.23s
2026-10-02 05:46:32,635 [DEBUG] yfinance OK: 3633
2026-10-02 05:46:32,772 [DEBUG] [TIME] 3633 income_stmt: 0.14s
2026-10-02 05:46:33,002 [DEBUG] [TIME] 3633 balance_sheet: 0.23s
2026-10-02 05:46:33,190 [DEBUG] [TIME] 3633 cashflow: 0.19s
2026-10-02 05:46:33,419 [DEBUG] [TIME] 3633 dividends: 0.23s
2026-10-02 05:46:33,420 [INFO] [DETAIL] 3633 ＧＭＯペパボ: income_stmt=OK, balance_sheet=OK, cashflow=OK, dividends=OK
2026-10-02 05:46:33,420 [INFO] [TIME] 3633 ＧＭＯペパボ 処理時間: 1.01s
2026-10-02 05:46:35,540 [DEBUG] [TIME] 3634 info: 0.16s
2026-10-02 05:46:35,541 [DEBUG] yfinance OK: 3634
2026-10-02 05:46:35,669 [DEBUG] [TIME] 3634 income_stmt: 0.13s
2026-10-02 05:46:35,801 [DEBUG] [TIME] 3634 balance_sheet: 0.13s
2026-10-02 05:46:36,084 [DEBUG] [TIME] 3634 cashflow: 0.28s
2026-10-02 05:46:36,292 [DEBUG] [TIME] 3634 dividends: 0.21s
2026-10-02 05:46:36,293 [INFO] [DETAIL] 3634 ソケッツ: income_stmt=OK, balance_sheet=OK, cashflow=OK, dividends=OK
2026-10-02 05:46:36,293 [INFO] [TIME] 3634 ソケッツ 処理時間: 0.91s
2026-10-02 05:46:37,707 [DEBUG] [TIME] 3635 info: 0.21s
2026-10-02 05:46:37,707 [DEBUG] yfinance OK: 3635
2026-10-02 05:46:37,900 [DEBUG] [TIME] 3635 income_stmt: 0.19s
2026-10-02 05:46:38,165 [DEBUG] [TIME] 3635 balance_sheet: 0.26s
2026-10-02 05:46:38,455 [DEBUG] [TIME] 3635 cashflow: 0.29s
2026-10-02 05:46:38,762 [DEBUG] [TIME] 3635 dividends: 0.31s
2026-10-02 05:46:38,763 [INFO] [DETAIL] 3635 コーエーテクモホールディングス: income_stmt=OK, balance_sheet=OK, cashflow=OK, dividends=OK
2026-10-02 05:46:38,763 [INFO] [TIME] 3635 コーエーテクモホールディングス 処理時間: 1.27s
2026-10-02 05:46:40,683 [DEBUG] [TIME] 3636 info: 0.17s
2026-10-02 05:46:40,683 [DEBUG] yfinance OK: 3636
2026-10-02 05:46:40,806 [DEBUG] [TIME] 3636 income_stmt: 0.12s
2026-10-02 05:46:41,094 [DEBUG] [TIME] 3636 balance_sheet: 0.29s
2026-10-02 05:46:41,283 [DEBUG] [TIME] 3636 cashflow: 0.19s
2026-10-02 05:46:41,541 [DEBUG] [TIME] 3636 dividends: 0.26s
2026-10-02 05:46:41,542 [INFO] [DETAIL] 3636 三菱総合研究所: income_stmt=OK, balance_sheet=OK, cashflow=OK, dividends=OK
2026-10-02 05:46:41,542 [INFO] [TIME] 3636 三菱総合研究所 処理時間: 1.03s
2026-10-02 05:46:43,602 [DEBUG] [TIME] 3639 info: 0.15s
2026-10-02 05:46:43,602 [DEBUG] yfinance OK: 3639
2026-10-02 05:46:43,731 [DEBUG] [TIME] 3639 income_stmt: 0.13s
2026-10-02 05:46:43,938 [DEBUG] [TIME] 3639 balance_sheet: 0.21s
2026-10-02 05:46:44,061 [DEBUG] [TIME] 3639 cashflow: 0.12s
2026-10-02 05:46:44,235 [DEBUG] [TIME] 3639 dividends: 0.17s
2026-10-02 05:46:44,235 [INFO] [DETAIL] 3639 ボルテージ: income_stmt=OK, balance_sheet=OK, cashflow=OK, dividends=OK
2026-10-02 05:46:44,236 [INFO] [TIME] 3639 ボルテージ 処理時間: 0.78s
2026-10-02 05:46:46,126 [DEBUG] [TIME] 3640 info: 0.24s
2026-10-02 05:46:46,126 [DEBUG] yfinance OK: 3640
2026-10-02 05:46:46,342 [DEBUG] [TIME] 3640 income_stmt: 0.22s
2026-10-02 05:46:46,589 [DEBUG] [TIME] 3640 balance_sheet: 0.25s
2026-10-02 05:46:46,782 [DEBUG] [TIME] 3640 cashflow: 0.19s
2026-10-02 05:46:46,988 [DEBUG] [TIME] 3640 dividends: 0.21s
2026-10-02 05:46:46,989 [INFO] [DETAIL] 3640 電算: income_stmt=OK, balance_sheet=OK, cashflow=OK, dividends=OK
2026-10-02 05:46:46,990 [INFO] [TIME] 3640 電算 処理時間: 1.10s
2026-10-02 05:46:49,154 [DEBUG] [TIME] 3641 info: 0.48s
2026-10-02 05:46:49,154 [DEBUG] yfinance OK: 3641
2026-10-02 05:46:49,272 [DEBUG] [TIME] 3641 income_stmt: 0.12s
2026-10-02 05:46:49,550 [DEBUG] [TIME] 3641 balance_sheet: 0.28s
2026-10-02 05:46:49,746 [DEBUG] [TIME] 3641 cashflow: 0.20s
2026-10-02 05:46:49,964 [DEBUG] [TIME] 3641 dividends: 0.22s
2026-10-02 05:46:49,965 [INFO] [DETAIL] 3641 パピレス: income_stmt=OK, balance_sheet=OK, cashflow=OK, dividends=OK
2026-10-02 05:46:49,965 [INFO] [TIME] 3641 パピレス 処理時間: 1.30s
2026-10-02 05:46:51,910 [DEBUG] [TIME] 3645 info: 0.15s
2026-10-02 05:46:51,910 [DEBUG] yfinance OK: 3645
2026-10-02 05:46:52,068 [DEBUG] [TIME] 3645 income_stmt: 0.16s
2026-10-02 05:46:52,316 [DEBUG] [TIME] 3645 balance_sheet: 0.25s
2026-10-02 05:46:52,497 [DEBUG] [TIME] 3645 cashflow: 0.18s
2026-10-02 05:46:52,708 [DEBUG] [TIME] 3645 dividends: 0.21s
2026-10-02 05:46:52,709 [INFO] [DETAIL] 3645 メディカルネット: income_stmt=OK, balance_sheet=OK, cashflow=OK, dividends=OK
2026-10-02 05:46:52,709 [INFO] [TIME] 3645 メディカルネット 処理時間: 0.95s
2026-10-02 05:46:53,940 [DEBUG] [TIME] 3646 info: 0.17s
2026-10-02 05:46:53,941 [DEBUG] yfinance OK: 3646
2026-10-02 05:46:54,056 [DEBUG] [TIME] 3646 income_stmt: 0.12s
2026-10-02 05:46:54,333 [DEBUG] [TIME] 3646 balance_sheet: 0.28s
2026-10-02 05:46:54,470 [DEBUG] [TIME] 3646 cashflow: 0.14s
2026-10-02 05:46:54,640 [DEBUG] [TIME] 3646 dividends: 0.17s
2026-10-02 05:46:54,641 [INFO] [DETAIL] 3646 駅探: income_stmt=OK, balance_sheet=OK, cashflow=OK, dividends=OK
2026-10-02 05:46:54,641 [INFO] [TIME] 3646 駅探 処理時間: 0.87s
2026-10-02 05:46:56,469 [DEBUG] [TIME] 3647 info: 0.15s
2026-10-02 05:46:56,469 [DEBUG] yfinance OK: 3647
2026-10-02 05:46:56,578 [DEBUG] [TIME] 3647 income_stmt: 0.11s
2026-10-02 05:46:56,807 [DEBUG] [TIME] 3647 balance_sheet: 0.23s
2026-10-02 05:46:56,948 [DEBUG] [TIME] 3647 cashflow: 0.14s
2026-10-02 05:46:57,123 [DEBUG] [TIME] 3647 dividends: 0.18s
2026-10-02 05:46:57,124 [INFO] [DETAIL] 3647 アスリナ: income_stmt=OK, balance_sheet=OK, cashflow=OK, dividends=OK
2026-10-02 05:46:57,124 [INFO] [TIME] 3647 アスリナ 処理時間: 0.81s
2026-10-02 05:46:58,465 [DEBUG] [TIME] 3648 info: 0.14s
2026-10-02 05:46:58,465 [DEBUG] yfinance OK: 3648
2026-10-02 05:46:58,704 [DEBUG] [TIME] 3648 income_stmt: 0.24s
2026-10-02 05:46:58,995 [DEBUG] [TIME] 3648 balance_sheet: 0.29s
2026-10-02 05:46:59,195 [DEBUG] [TIME] 3648 cashflow: 0.20s
2026-10-02 05:46:59,454 [DEBUG] [TIME] 3648 dividends: 0.26s
2026-10-02 05:46:59,455 [INFO] [DETAIL] 3648 ＡＧＳ: income_stmt=OK, balance_sheet=OK, cashflow=OK, dividends=OK
2026-10-02 05:46:59,455 [INFO] [TIME] 3648 ＡＧＳ 処理時間: 1.13s
2026-10-02 05:47:00,760 [DEBUG] [TIME] 3649 info: 0.17s
2026-10-02 05:47:00,761 [DEBUG] yfinance OK: 3649
2026-10-02 05:47:00,925 [DEBUG] [TIME] 3649 income_stmt: 0.16s
2026-10-02 05:47:01,096 [DEBUG] [TIME] 3649 balance_sheet: 0.17s
2026-10-02 05:47:01,282 [DEBUG] [TIME] 3649 cashflow: 0.19s
2026-10-02 05:47:01,649 [DEBUG] [TIME] 3649 dividends: 0.37s
2026-10-02 05:47:01,650 [INFO] [DETAIL] 3649 ファインデックス: income_stmt=OK, balance_sheet=OK, cashflow=OK, dividends=OK
2026-10-02 05:47:01,650 [INFO] [TIME] 3649 ファインデックス 処理時間: 1.06s
2026-10-02 05:47:02,944 [DEBUG] [TIME] 3652 info: 0.15s
2026-10-02 05:47:02,944 [DEBUG] yfinance OK: 3652
2026-10-02 05:47:03,130 [DEBUG] [TIME] 3652 income_stmt: 0.19s
2026-10-02 05:47:03,362 [DEBUG] [TIME] 3652 balance_sheet: 0.23s
2026-10-02 05:47:03,637 [DEBUG] [TIME] 3652 cashflow: 0.27s
2026-10-02 05:47:03,787 [DEBUG] [TIME] 3652 dividends: 0.15s
2026-10-02 05:47:03,787 [INFO] [DETAIL] 3652 ディジタルメディアプロフェッショナル: income_stmt=OK, balance_sheet=OK, cashflow=OK, dividends=EMPTY
2026-10-02 05:47:03,787 [INFO] [TIME] 3652 ディジタルメディアプロフェッショナル 処理時間: 0.99s
2026-10-02 05:47:05,686 [DEBUG] [TIME] 3653 info: 0.18s
2026-10-02 05:47:05,686 [DEBUG] yfinance OK: 3653
2026-10-02 05:47:05,896 [DEBUG] [TIME] 3653 income_stmt: 0.21s
2026-10-02 05:47:06,039 [DEBUG] [TIME] 3653 balance_sheet: 0.14s
2026-10-02 05:47:06,261 [DEBUG] [TIME] 3653 cashflow: 0.22s
2026-10-02 05:47:06,457 [DEBUG] [TIME] 3653 dividends: 0.19s
2026-10-02 05:47:06,457 [INFO] [DETAIL] 3653 モルフォ: income_stmt=OK, balance_sheet=OK, cashflow=OK, dividends=EMPTY
2026-10-02 05:47:06,457 [INFO] [TIME] 3653 モルフォ 処理時間: 0.95s
2026-10-02 05:47:08,726 [DEBUG] [TIME] 3656 info: 0.27s
2026-10-02 05:47:08,727 [DEBUG] yfinance OK: 3656
2026-10-02 05:47:08,852 [DEBUG] [TIME] 3656 income_stmt: 0.13s
2026-10-02 05:47:08,984 [DEBUG] [TIME] 3656 balance_sheet: 0.13s
2026-10-02 05:47:09,197 [DEBUG] [TIME] 3656 cashflow: 0.21s
2026-10-02 05:47:09,379 [DEBUG] [TIME] 3656 dividends: 0.18s
2026-10-02 05:47:09,380 [INFO] [DETAIL] 3656 ＫＬａｂ: income_stmt=OK, balance_sheet=OK, cashflow=OK, dividends=OK
2026-10-02 05:47:09,380 [INFO] [TIME] 3656 ＫＬａｂ 処理時間: 0.92s
2026-10-02 05:47:11,007 [DEBUG] [TIME] 3657 info: 0.19s
2026-10-02 05:47:11,007 [DEBUG] yfinance OK: 3657
2026-10-02 05:47:11,224 [DEBUG] [TIME] 3657 income_stmt: 0.22s
2026-10-02 05:47:11,397 [DEBUG] [TIME] 3657 balance_sheet: 0.17s
2026-10-02 05:47:11,584 [DEBUG] [TIME] 3657 cashflow: 0.19s
2026-10-02 05:47:11,797 [DEBUG] [TIME] 3657 dividends: 0.21s
2026-10-02 05:47:11,798 [INFO] [DETAIL] 3657 ポールトゥウィンホールディングス: income_stmt=OK, balance_sheet=OK, cashflow=OK, dividends=OK
2026-10-02 05:47:11,798 [INFO] [TIME] 3657 ポールトゥウィンホールディングス 処理時間: 0.98s
2026-10-02 05:47:13,055 [DEBUG] [TIME] 3659 info: 0.14s
2026-10-02 05:47:13,056 [DEBUG] yfinance OK: 3659
2026-10-02 05:47:13,289 [DEBUG] [TIME] 3659 income_stmt: 0.23s
2026-10-02 05:47:13,467 [DEBUG] [TIME] 3659 balance_sheet: 0.18s
2026-10-02 05:47:13,671 [DEBUG] [TIME] 3659 cashflow: 0.20s
2026-10-02 05:47:13,917 [DEBUG] [TIME] 3659 dividends: 0.25s
2026-10-02 05:47:13,918 [INFO] [DETAIL] 3659 ネクソン: income_stmt=OK, balance_sheet=OK, cashflow=OK, dividends=OK
2026-10-02 05:47:13,918 [INFO] [TIME] 3659 ネクソン 処理時間: 1.01s
2026-10-02 05:47:15,516 [DEBUG] [TIME] 365A info: 0.25s
2026-10-02 05:47:15,516 [DEBUG] yfinance OK: 365A
2026-10-02 05:47:15,701 [DEBUG] [TIME] 365A income_stmt: 0.18s
2026-10-02 05:47:15,878 [DEBUG] [TIME] 365A balance_sheet: 0.18s
2026-10-02 05:47:16,151 [DEBUG] [TIME] 365A cashflow: 0.27s
2026-10-02 05:47:16,247 [DEBUG] [TIME] 365A dividends: 0.10s
2026-10-02 05:47:16,248 [INFO] [DETAIL] 365A 伊澤タオル: income_stmt=OK, balance_sheet=OK, cashflow=OK, dividends=OK
2026-10-02 05:47:16,248 [INFO] [TIME] 365A 伊澤タオル 処理時間: 0.99s
2026-10-02 05:47:18,070 [DEBUG] [TIME] 3660 info: 0.30s
2026-10-02 05:47:18,070 [DEBUG] yfinance OK: 3660
2026-10-02 05:47:18,207 [DEBUG] [TIME] 3660 income_stmt: 0.14s
2026-10-02 05:47:18,385 [DEBUG] [TIME] 3660 balance_sheet: 0.18s
2026-10-02 05:47:18,603 [DEBUG] [TIME] 3660 cashflow: 0.22s
2026-10-02 05:47:18,869 [DEBUG] [TIME] 3660 dividends: 0.27s
2026-10-02 05:47:18,870 [INFO] [DETAIL] 3660 アイスタイル: income_stmt=OK, balance_sheet=OK, cashflow=OK, dividends=OK
2026-10-02 05:47:18,870 [INFO] [TIME] 3660 アイスタイル 処理時間: 1.10s
2026-10-02 05:47:20,740 [DEBUG] [TIME] 3661 info: 0.15s
2026-10-02 05:47:20,740 [DEBUG] yfinance OK: 3661
2026-10-02 05:47:20,941 [DEBUG] [TIME] 3661 income_stmt: 0.20s
2026-10-02 05:47:21,151 [DEBUG] [TIME] 3661 balance_sheet: 0.21s
2026-10-02 05:47:21,272 [DEBUG] [TIME] 3661 cashflow: 0.12s
2026-10-02 05:47:21,508 [DEBUG] [TIME] 3661 dividends: 0.24s
2026-10-02 05:47:21,509 [INFO] [DETAIL] 3661 エムアップホールディングス: income_stmt=OK, balance_sheet=OK, cashflow=OK, dividends=OK
2026-10-02 05:47:21,509 [INFO] [TIME] 3661 エムアップホールディングス 処理時間: 0.92s
2026-10-02 05:47:22,924 [DEBUG] [TIME] 3662 info: 0.23s
2026-10-02 05:47:22,924 [DEBUG] yfinance OK: 3662
2026-10-02 05:47:23,121 [DEBUG] [TIME] 3662 income_stmt: 0.20s
2026-10-02 05:47:23,391 [DEBUG] [TIME] 3662 balance_sheet: 0.27s
2026-10-02 05:47:23,625 [DEBUG] [TIME] 3662 cashflow: 0.23s
2026-10-02 05:47:23,829 [DEBUG] [TIME] 3662 dividends: 0.20s
2026-10-02 05:47:23,830 [INFO] [DETAIL] 3662 エイチームホールディングス: income_stmt=OK, balance_sheet=OK, cashflow=OK, dividends=OK
2026-10-02 05:47:23,830 [INFO] [TIME] 3662 エイチームホールディングス 処理時間: 1.14s
2026-10-02 05:47:25,526 [DEBUG] [TIME] 3663 info: 0.16s
2026-10-02 05:47:25,526 [DEBUG] yfinance OK: 3663
2026-10-02 05:47:25,681 [DEBUG] [TIME] 3663 income_stmt: 0.15s
2026-10-02 05:47:25,887 [DEBUG] [TIME] 3663 balance_sheet: 0.21s
2026-10-02 05:47:26,054 [DEBUG] [TIME] 3663 cashflow: 0.17s
2026-10-02 05:47:26,248 [DEBUG] [TIME] 3663 dividends: 0.19s
2026-10-02 05:47:26,250 [INFO] [DETAIL] 3663 セルシス: income_stmt=OK, balance_sheet=OK, cashflow=OK, dividends=OK
2026-10-02 05:47:26,250 [INFO] [TIME] 3663 セルシス 処理時間: 0.88s
2026-10-02 05:47:27,636 [DEBUG] [TIME] 3664 info: 0.16s
2026-10-02 05:47:27,636 [DEBUG] yfinance OK: 3664
2026-10-02 05:47:27,762 [DEBUG] [TIME] 3664 income_stmt: 0.13s
2026-10-02 05:47:27,991 [DEBUG] [TIME] 3664 balance_sheet: 0.23s
2026-10-02 05:47:28,166 [DEBUG] [TIME] 3664 cashflow: 0.17s
2026-10-02 05:47:28,342 [DEBUG] [TIME] 3664 dividends: 0.18s
2026-10-02 05:47:28,342 [INFO] [DETAIL] 3664 ＷＩＺＥ: income_stmt=OK, balance_sheet=OK, cashflow=OK, dividends=EMPTY
2026-10-02 05:47:28,342 [INFO] [TIME] 3664 ＷＩＺＥ 処理時間: 0.86s
2026-10-02 05:47:30,148 [DEBUG] [TIME] 3665 info: 0.19s
2026-10-02 05:47:30,148 [DEBUG] yfinance OK: 3665
2026-10-02 05:47:30,278 [DEBUG] [TIME] 3665 income_stmt: 0.13s
2026-10-02 05:47:30,506 [DEBUG] [TIME] 3665 balance_sheet: 0.23s
2026-10-02 05:47:30,694 [DEBUG] [TIME] 3665 cashflow: 0.19s
2026-10-02 05:47:30,972 [DEBUG] [TIME] 3665 dividends: 0.28s
2026-10-02 05:47:30,973 [INFO] [DETAIL] 3665 エニグモ: income_stmt=OK, balance_sheet=OK, cashflow=OK, dividends=OK
2026-10-02 05:47:30,973 [INFO] [TIME] 3665 エニグモ 処理時間: 1.01s
2026-10-02 05:47:32,769 [DEBUG] [TIME] 3667 info: 0.21s
2026-10-02 05:47:32,770 [DEBUG] yfinance OK: 3667
2026-10-02 05:47:32,934 [DEBUG] [TIME] 3667 income_stmt: 0.16s
2026-10-02 05:47:33,107 [DEBUG] [TIME] 3667 balance_sheet: 0.17s
2026-10-02 05:47:33,389 [DEBUG] [TIME] 3667 cashflow: 0.28s
2026-10-02 05:47:33,584 [DEBUG] [TIME] 3667 dividends: 0.19s
2026-10-02 05:47:33,585 [INFO] [DETAIL] 3667 ｅｎｉｓｈ: income_stmt=OK, balance_sheet=OK, cashflow=OK, dividends=OK
2026-10-02 05:47:33,585 [INFO] [TIME] 3667 ｅｎｉｓｈ 処理時間: 1.02s
2026-10-02 05:47:35,074 [DEBUG] [TIME] 3668 info: 0.18s
2026-10-02 05:47:35,074 [DEBUG] yfinance OK: 3668
2026-10-02 05:47:35,220 [DEBUG] [TIME] 3668 income_stmt: 0.15s
2026-10-02 05:47:35,420 [DEBUG] [TIME] 3668 balance_sheet: 0.20s
2026-10-02 05:47:35,585 [DEBUG] [TIME] 3668 cashflow: 0.16s
2026-10-02 05:47:35,731 [DEBUG] [TIME] 3668 dividends: 0.15s
2026-10-02 05:47:35,732 [INFO] [DETAIL] 3668 コロプラ: income_stmt=OK, balance_sheet=OK, cashflow=OK, dividends=OK
2026-10-02 05:47:35,732 [INFO] [TIME] 3668 コロプラ 処理時間: 0.84s
2026-10-02 05:47:37,894 [DEBUG] [TIME] 366A info: 0.16s
2026-10-02 05:47:37,894 [DEBUG] yfinance OK: 366A
2026-10-02 05:47:38,049 [DEBUG] [TIME] 366A income_stmt: 0.16s
2026-10-02 05:47:38,215 [DEBUG] [TIME] 366A balance_sheet: 0.17s
2026-10-02 05:47:38,397 [DEBUG] [TIME] 366A cashflow: 0.18s
2026-10-02 05:47:38,535 [DEBUG] [TIME] 366A dividends: 0.14s
2026-10-02 05:47:38,535 [INFO] [DETAIL] 366A ウェルネス・コミュニケーションズ: income_stmt=OK, balance_sheet=OK, cashflow=OK, dividends=OK
2026-10-02 05:47:38,535 [INFO] [TIME] 366A ウェルネス・コミュニケーションズ 処理時間: 0.81s
2026-10-02 05:47:40,095 [DEBUG] [TIME] 3670 info: 0.17s
2026-10-02 05:47:40,095 [DEBUG] yfinance OK: 3670
2026-10-02 05:47:40,258 [DEBUG] [TIME] 3670 income_stmt: 0.16s
2026-10-02 05:47:40,391 [DEBUG] [TIME] 3670 balance_sheet: 0.13s
2026-10-02 05:47:40,541 [DEBUG] [TIME] 3670 cashflow: 0.15s
2026-10-02 05:47:40,659 [DEBUG] [TIME] 3670 dividends: 0.12s
2026-10-02 05:47:40,659 [INFO] [DETAIL] 3670 協立情報通信: income_stmt=OK, balance_sheet=OK, cashflow=OK, dividends=EMPTY
2026-10-02 05:47:40,659 [INFO] [TIME] 3670 協立情報通信 処理時間: 0.73s
2026-10-02 05:47:42,241 [DEBUG] [TIME] 3671 info: 0.15s
2026-10-02 05:47:42,241 [DEBUG] yfinance OK: 3671
2026-10-02 05:47:42,411 [DEBUG] [TIME] 3671 income_stmt: 0.17s
2026-10-02 05:47:42,662 [DEBUG] [TIME] 3671 balance_sheet: 0.25s
2026-10-02 05:47:42,897 [DEBUG] [TIME] 3671 cashflow: 0.23s
2026-10-02 05:47:43,152 [DEBUG] [TIME] 3671 dividends: 0.25s
2026-10-02 05:47:43,153 [INFO] [DETAIL] 3671 ソフトマックス: income_stmt=OK, balance_sheet=OK, cashflow=OK, dividends=OK
2026-10-02 05:47:43,153 [INFO] [TIME] 3671 ソフトマックス 処理時間: 1.06s
2026-10-02 05:47:44,439 [DEBUG] [TIME] 3672 info: 0.16s
2026-10-02 05:47:44,439 [DEBUG] yfinance OK: 3672
2026-10-02 05:47:44,577 [DEBUG] [TIME] 3672 income_stmt: 0.14s
2026-10-02 05:47:44,813 [DEBUG] [TIME] 3672 balance_sheet: 0.23s
2026-10-02 05:47:45,014 [DEBUG] [TIME] 3672 cashflow: 0.20s
2026-10-02 05:47:45,218 [DEBUG] [TIME] 3672 dividends: 0.20s
2026-10-02 05:47:45,219 [INFO] [DETAIL] 3672 オルトプラス: income_stmt=OK, balance_sheet=OK, cashflow=OK, dividends=OK
2026-10-02 05:47:45,219 [INFO] [TIME] 3672 オルトプラス 処理時間: 0.94s
2026-10-02 05:47:47,174 [DEBUG] [TIME] 3673 info: 0.18s
2026-10-02 05:47:47,174 [DEBUG] yfinance OK: 3673
2026-10-02 05:47:47,305 [DEBUG] [TIME] 3673 income_stmt: 0.13s
2026-10-02 05:47:47,450 [DEBUG] [TIME] 3673 balance_sheet: 0.14s
2026-10-02 05:47:47,583 [DEBUG] [TIME] 3673 cashflow: 0.13s
2026-10-02 05:47:47,754 [DEBUG] [TIME] 3673 dividends: 0.17s
2026-10-02 05:47:47,755 [INFO] [DETAIL] 3673 ブロードリーフ: income_stmt=OK, balance_sheet=OK, cashflow=OK, dividends=OK
2026-10-02 05:47:47,755 [INFO] [TIME] 3673 ブロードリーフ 処理時間: 0.76s
2026-10-02 05:47:49,664 [DEBUG] [TIME] 3674 info: 0.16s
2026-10-02 05:47:49,664 [DEBUG] yfinance OK: 3674
2026-10-02 05:47:49,851 [DEBUG] [TIME] 3674 income_stmt: 0.19s
2026-10-02 05:47:50,009 [DEBUG] [TIME] 3674 balance_sheet: 0.16s
2026-10-02 05:47:50,272 [DEBUG] [TIME] 3674 cashflow: 0.26s
2026-10-02 05:47:50,419 [DEBUG] [TIME] 3674 dividends: 0.15s
2026-10-02 05:47:50,419 [INFO] [DETAIL] 3674 オークファン: income_stmt=OK, balance_sheet=OK, cashflow=OK, dividends=EMPTY
2026-10-02 05:47:50,420 [INFO] [TIME] 3674 オークファン 処理時間: 0.92s
2026-10-02 05:47:52,527 [DEBUG] [TIME] 3675 info: 0.16s
2026-10-02 05:47:52,527 [DEBUG] yfinance OK: 3675
2026-10-02 05:47:52,714 [DEBUG] [TIME] 3675 income_stmt: 0.19s
2026-10-02 05:47:52,906 [DEBUG] [TIME] 3675 balance_sheet: 0.19s
2026-10-02 05:47:53,099 [DEBUG] [TIME] 3675 cashflow: 0.19s
2026-10-02 05:47:53,354 [DEBUG] [TIME] 3675 dividends: 0.26s
2026-10-02 05:47:53,355 [INFO] [DETAIL] 3675 クロス・マーケティンググループ: income_stmt=OK, balance_sheet=OK, cashflow=OK, dividends=OK
2026-10-02 05:47:53,356 [INFO] [TIME] 3675 クロス・マーケティンググループ 処理時間: 0.99s
2026-10-02 05:47:54,973 [DEBUG] [TIME] 3676 info: 0.17s
2026-10-02 05:47:54,973 [DEBUG] yfinance OK: 3676
2026-10-02 05:47:55,113 [DEBUG] [TIME] 3676 income_stmt: 0.14s
2026-10-02 05:47:55,287 [DEBUG] [TIME] 3676 balance_sheet: 0.17s
2026-10-02 05:47:55,448 [DEBUG] [TIME] 3676 cashflow: 0.16s
2026-10-02 05:47:55,712 [DEBUG] [TIME] 3676 dividends: 0.26s
2026-10-02 05:47:55,713 [INFO] [DETAIL] 3676 デジタルハーツホールディングス: income_stmt=OK, balance_sheet=OK, cashflow=OK, dividends=OK
2026-10-02 05:47:55,713 [INFO] [TIME] 3676 デジタルハーツホールディングス 処理時間: 0.91s
2026-10-02 05:47:57,477 [DEBUG] [TIME] 3678 info: 0.17s
2026-10-02 05:47:57,477 [DEBUG] yfinance OK: 3678
2026-10-02 05:47:57,693 [DEBUG] [TIME] 3678 income_stmt: 0.22s
2026-10-02 05:47:57,867 [DEBUG] [TIME] 3678 balance_sheet: 0.17s
2026-10-02 05:47:58,026 [DEBUG] [TIME] 3678 cashflow: 0.16s
2026-10-02 05:47:58,191 [DEBUG] [TIME] 3678 dividends: 0.16s
2026-10-02 05:47:58,192 [INFO] [DETAIL] 3678 メディアドゥ: income_stmt=OK, balance_sheet=OK, cashflow=OK, dividends=OK
2026-10-02 05:47:58,192 [INFO] [TIME] 3678 メディアドゥ 処理時間: 0.88s
2026-10-02 05:48:00,382 [DEBUG] [TIME] 3679 info: 0.24s
2026-10-02 05:48:00,382 [DEBUG] yfinance OK: 3679
2026-10-02 05:48:00,524 [DEBUG] [TIME] 3679 income_stmt: 0.14s
2026-10-02 05:48:00,809 [DEBUG] [TIME] 3679 balance_sheet: 0.28s
2026-10-02 05:48:01,075 [DEBUG] [TIME] 3679 cashflow: 0.27s
2026-10-02 05:48:01,219 [DEBUG] [TIME] 3679 dividends: 0.14s
2026-10-02 05:48:01,220 [INFO] [DETAIL] 3679 じげん: income_stmt=OK, balance_sheet=OK, cashflow=OK, dividends=OK
2026-10-02 05:48:01,220 [INFO] [TIME] 3679 じげん 処理時間: 1.08s
2026-10-02 05:48:02,875 [DEBUG] [TIME] 367A info: 0.21s
2026-10-02 05:48:02,875 [DEBUG] yfinance OK: 367A
2026-10-02 05:48:03,026 [DEBUG] [TIME] 367A income_stmt: 0.15s
2026-10-02 05:48:03,256 [DEBUG] [TIME] 367A balance_sheet: 0.23s
2026-10-02 05:48:03,404 [DEBUG] [TIME] 367A cashflow: 0.15s
2026-10-02 05:48:03,496 [DEBUG] [TIME] 367A dividends: 0.09s
2026-10-02 05:48:03,497 [INFO] [DETAIL] 367A プリモグローバルホールディングス: income_stmt=OK, balance_sheet=OK, cashflow=OK, dividends=OK
2026-10-02 05:48:03,498 [INFO] [TIME] 367A プリモグローバルホールディングス 処理時間: 0.83s
2026-10-02 05:48:05,033 [DEBUG] [TIME] 3680 info: 0.22s
2026-10-02 05:48:05,034 [DEBUG] yfinance OK: 3680
2026-10-02 05:48:05,251 [DEBUG] [TIME] 3680 income_stmt: 0.22s
2026-10-02 05:48:05,463 [DEBUG] [TIME] 3680 balance_sheet: 0.21s
2026-10-02 05:48:05,695 [DEBUG] [TIME] 3680 cashflow: 0.23s
2026-10-02 05:48:05,878 [DEBUG] [TIME] 3680 dividends: 0.18s
2026-10-02 05:48:05,879 [INFO] [DETAIL] 3680 ホットリンク: income_stmt=OK, balance_sheet=OK, cashflow=OK, dividends=OK
2026-10-02 05:48:05,880 [INFO] [TIME] 3680 ホットリンク 処理時間: 1.07s
2026-10-02 05:48:07,877 [DEBUG] [TIME] 3681 info: 0.42s
2026-10-02 05:48:07,877 [WARNING] yfinance データなし: 3681
2026-10-02 05:48:07,877 [INFO] [TIME] 3681 ブイキューブ 処理時間: 0.42s
2026-10-02 05:48:09,529 [DEBUG] [TIME] 3682 info: 0.15s
2026-10-02 05:48:09,529 [DEBUG] yfinance OK: 3682
2026-10-02 05:48:09,737 [DEBUG] [TIME] 3682 income_stmt: 0.21s
2026-10-02 05:48:10,031 [DEBUG] [TIME] 3682 balance_sheet: 0.29s
2026-10-02 05:48:10,149 [DEBUG] [TIME] 3682 cashflow: 0.12s
2026-10-02 05:48:10,364 [DEBUG] [TIME] 3682 dividends: 0.21s
2026-10-02 05:48:10,365 [INFO] [DETAIL] 3682 エンカレッジ・テクノロジ: income_stmt=OK, balance_sheet=OK, cashflow=OK, dividends=OK
2026-10-02 05:48:10,365 [INFO] [TIME] 3682 エンカレッジ・テクノロジ 処理時間: 0.98s
2026-10-02 05:48:12,304 [DEBUG] [TIME] 3683 info: 0.22s
2026-10-02 05:48:12,304 [DEBUG] yfinance OK: 3683
2026-10-02 05:48:12,431 [DEBUG] [TIME] 3683 income_stmt: 0.13s
2026-10-02 05:48:12,704 [DEBUG] [TIME] 3683 balance_sheet: 0.27s
2026-10-02 05:48:12,929 [DEBUG] [TIME] 3683 cashflow: 0.22s
2026-10-02 05:48:13,142 [DEBUG] [TIME] 3683 dividends: 0.21s
2026-10-02 05:48:13,143 [INFO] [DETAIL] 3683 サイバーリンクス: income_stmt=OK, balance_sheet=OK, cashflow=OK, dividends=OK
2026-10-02 05:48:13,143 [INFO] [TIME] 3683 サイバーリンクス 処理時間: 1.06s
2026-10-02 05:48:14,856 [DEBUG] [TIME] 3686 info: 0.19s
2026-10-02 05:48:14,856 [DEBUG] yfinance OK: 3686
2026-10-02 05:48:14,974 [DEBUG] [TIME] 3686 income_stmt: 0.12s
2026-10-02 05:48:15,147 [DEBUG] [TIME] 3686 balance_sheet: 0.17s
2026-10-02 05:48:15,288 [DEBUG] [TIME] 3686 cashflow: 0.14s
2026-10-02 05:48:15,442 [DEBUG] [TIME] 3686 dividends: 0.15s
2026-10-02 05:48:15,442 [INFO] [DETAIL] 3686 ディー・エル・イー: income_stmt=OK, balance_sheet=OK, cashflow=OK, dividends=EMPTY
2026-10-02 05:48:15,442 [INFO] [TIME] 3686 ディー・エル・イー 処理時間: 0.77s
2026-10-02 05:48:17,204 [DEBUG] [TIME] 3687 info: 0.16s
2026-10-02 05:48:17,204 [DEBUG] yfinance OK: 3687
2026-10-02 05:48:17,434 [DEBUG] [TIME] 3687 income_stmt: 0.23s
2026-10-02 05:48:17,616 [DEBUG] [TIME] 3687 balance_sheet: 0.18s
2026-10-02 05:48:17,848 [DEBUG] [TIME] 3687 cashflow: 0.23s
2026-10-02 05:48:18,066 [DEBUG] [TIME] 3687 dividends: 0.22s
2026-10-02 05:48:18,067 [INFO] [DETAIL] 3687 フィックスターズ: income_stmt=OK, balance_sheet=OK, cashflow=OK, dividends=OK
2026-10-02 05:48:18,067 [INFO] [TIME] 3687 フィックスターズ 処理時間: 1.03s
2026-10-02 05:48:20,146 [DEBUG] [TIME] 368A info: 0.18s
2026-10-02 05:48:20,147 [DEBUG] yfinance OK: 368A
2026-10-02 05:48:20,297 [DEBUG] [TIME] 368A income_stmt: 0.15s
2026-10-02 05:48:20,452 [DEBUG] [TIME] 368A balance_sheet: 0.15s
2026-10-02 05:48:20,660 [DEBUG] [TIME] 368A cashflow: 0.21s
2026-10-02 05:48:20,761 [DEBUG] [TIME] 368A dividends: 0.10s
2026-10-02 05:48:20,761 [INFO] [DETAIL] 368A 北里コーポレーション: income_stmt=OK, balance_sheet=OK, cashflow=OK, dividends=OK
2026-10-02 05:48:20,762 [INFO] [TIME] 368A 北里コーポレーション 処理時間: 0.80s
2026-10-02 05:48:22,342 [DEBUG] [TIME] 3690 info: 0.18s
2026-10-02 05:48:22,342 [DEBUG] yfinance OK: 3690
2026-10-02 05:48:22,492 [DEBUG] [TIME] 3690 income_stmt: 0.15s
2026-10-02 05:48:22,752 [DEBUG] [TIME] 3690 balance_sheet: 0.26s
2026-10-02 05:48:22,885 [DEBUG] [TIME] 3690 cashflow: 0.13s
2026-10-02 05:48:23,104 [DEBUG] [TIME] 3690 dividends: 0.22s
2026-10-02 05:48:23,105 [INFO] [DETAIL] 3690 イルグルム: income_stmt=OK, balance_sheet=OK, cashflow=OK, dividends=OK
2026-10-02 05:48:23,105 [INFO] [TIME] 3690 イルグルム 処理時間: 0.94s
2026-10-02 05:48:24,721 [DEBUG] [TIME] 3691 info: 0.16s
2026-10-02 05:48:24,721 [DEBUG] yfinance OK: 3691
2026-10-02 05:48:24,916 [DEBUG] [TIME] 3691 income_stmt: 0.19s
2026-10-02 05:48:25,169 [DEBUG] [TIME] 3691 balance_sheet: 0.25s
2026-10-02 05:48:25,287 [DEBUG] [TIME] 3691 cashflow: 0.12s
2026-10-02 05:48:25,411 [DEBUG] [TIME] 3691 dividends: 0.12s
2026-10-02 05:48:25,411 [INFO] [DETAIL] 3691 デジタルプラス: income_stmt=OK, balance_sheet=OK, cashflow=OK, dividends=EMPTY
2026-10-02 05:48:25,411 [INFO] [TIME] 3691 デジタルプラス 処理時間: 0.85s
2026-10-02 05:48:27,288 [DEBUG] [TIME] 3692 info: 0.15s
2026-10-02 05:48:27,288 [DEBUG] yfinance OK: 3692
2026-10-02 05:48:27,505 [DEBUG] [TIME] 3692 income_stmt: 0.22s
2026-10-02 05:48:27,800 [DEBUG] [TIME] 3692 balance_sheet: 0.29s
2026-10-02 05:48:28,033 [DEBUG] [TIME] 3692 cashflow: 0.23s
2026-10-02 05:48:28,381 [DEBUG] [TIME] 3692 dividends: 0.35s
2026-10-02 05:48:28,382 [INFO] [DETAIL] 3692 ＦＦＲＩセキュリティ: income_stmt=OK, balance_sheet=OK, cashflow=OK, dividends=OK
2026-10-02 05:48:28,382 [INFO] [TIME] 3692 ＦＦＲＩセキュリティ 処理時間: 1.24s
2026-10-02 05:48:30,084 [DEBUG] [TIME] 3694 info: 0.24s
2026-10-02 05:48:30,084 [DEBUG] yfinance OK: 3694
2026-10-02 05:48:30,255 [DEBUG] [TIME] 3694 income_stmt: 0.17s
2026-10-02 05:48:30,478 [DEBUG] [TIME] 3694 balance_sheet: 0.22s
2026-10-02 05:48:30,607 [DEBUG] [TIME] 3694 cashflow: 0.13s
2026-10-02 05:48:30,755 [DEBUG] [TIME] 3694 dividends: 0.15s
2026-10-02 05:48:30,755 [INFO] [DETAIL] 3694 オプティム: income_stmt=OK, balance_sheet=OK, cashflow=OK, dividends=EMPTY
2026-10-02 05:48:30,755 [INFO] [TIME] 3694 オプティム 処理時間: 0.91s
2026-10-02 05:48:32,078 [DEBUG] [TIME] 3695 info: 0.28s
2026-10-02 05:48:32,078 [DEBUG] yfinance OK: 3695
2026-10-02 05:48:32,197 [DEBUG] [TIME] 3695 income_stmt: 0.12s
2026-10-02 05:48:32,352 [DEBUG] [TIME] 3695 balance_sheet: 0.15s
2026-10-02 05:48:32,583 [DEBUG] [TIME] 3695 cashflow: 0.23s
2026-10-02 05:48:32,801 [DEBUG] [TIME] 3695 dividends: 0.22s
2026-10-02 05:48:32,802 [INFO] [DETAIL] 3695 ＧＭＯプロダクトプラットフォーム: income_stmt=OK, balance_sheet=OK, cashflow=OK, dividends=OK
2026-10-02 05:48:32,802 [INFO] [TIME] 3695 ＧＭＯプロダクトプラットフォーム 処理時間: 1.00s
2026-10-02 05:48:34,317 [DEBUG] [TIME] 3696 info: 0.18s
2026-10-02 05:48:34,317 [DEBUG] yfinance OK: 3696
2026-10-02 05:48:34,513 [DEBUG] [TIME] 3696 income_stmt: 0.20s
2026-10-02 05:48:34,714 [DEBUG] [TIME] 3696 balance_sheet: 0.20s
2026-10-02 05:48:34,887 [DEBUG] [TIME] 3696 cashflow: 0.17s
2026-10-02 05:48:35,064 [DEBUG] [TIME] 3696 dividends: 0.18s
2026-10-02 05:48:35,065 [INFO] [DETAIL] 3696 セレス: income_stmt=OK, balance_sheet=OK, cashflow=OK, dividends=OK
2026-10-02 05:48:35,066 [INFO] [TIME] 3696 セレス 処理時間: 0.93s
2026-10-02 05:48:36,890 [DEBUG] [TIME] 3697 info: 0.23s
2026-10-02 05:48:36,890 [DEBUG] yfinance OK: 3697
2026-10-02 05:48:37,028 [DEBUG] [TIME] 3697 income_stmt: 0.14s
2026-10-02 05:48:37,288 [DEBUG] [TIME] 3697 balance_sheet: 0.26s
2026-10-02 05:48:37,440 [DEBUG] [TIME] 3697 cashflow: 0.15s
2026-10-02 05:48:37,644 [DEBUG] [TIME] 3697 dividends: 0.20s
2026-10-02 05:48:37,645 [INFO] [DETAIL] 3697 ＳＨＩＦＴ: income_stmt=OK, balance_sheet=OK, cashflow=OK, dividends=OK
2026-10-02 05:48:37,645 [INFO] [TIME] 3697 ＳＨＩＦＴ 処理時間: 0.99s
2026-10-02 05:48:39,367 [DEBUG] [TIME] 3698 info: 0.16s
2026-10-02 05:48:39,367 [DEBUG] yfinance OK: 3698
2026-10-02 05:48:39,544 [DEBUG] [TIME] 3698 income_stmt: 0.18s
2026-10-02 05:48:39,825 [DEBUG] [TIME] 3698 balance_sheet: 0.28s
2026-10-02 05:48:40,050 [DEBUG] [TIME] 3698 cashflow: 0.22s
2026-10-02 05:48:40,263 [DEBUG] [TIME] 3698 dividends: 0.21s
2026-10-02 05:48:40,264 [INFO] [DETAIL] 3698 ＣＲＩ・ミドルウェア: income_stmt=OK, balance_sheet=OK, cashflow=OK, dividends=OK
2026-10-02 05:48:40,264 [INFO] [TIME] 3698 ＣＲＩ・ミドルウェア 処理時間: 1.05s
2026-10-02 05:48:42,113 [DEBUG] [TIME] 369A info: 0.15s
2026-10-02 05:48:42,113 [DEBUG] yfinance OK: 369A
2026-10-02 05:48:42,218 [DEBUG] [TIME] 369A income_stmt: 0.11s
2026-10-02 05:48:42,495 [DEBUG] [TIME] 369A balance_sheet: 0.28s
2026-10-02 05:48:42,629 [DEBUG] [TIME] 369A cashflow: 0.13s
2026-10-02 05:48:42,764 [DEBUG] [TIME] 369A dividends: 0.13s
2026-10-02 05:48:42,765 [INFO] [DETAIL] 369A エータイ: income_stmt=OK, balance_sheet=OK, cashflow=OK, dividends=OK
2026-10-02 05:48:42,765 [INFO] [TIME] 369A エータイ 処理時間: 0.81s
2026-10-02 05:48:44,801 [DEBUG] [TIME] 3708 info: 0.17s
2026-10-02 05:48:44,801 [DEBUG] yfinance OK: 3708
2026-10-02 05:48:44,917 [DEBUG] [TIME] 3708 income_stmt: 0.12s
2026-10-02 05:48:45,162 [DEBUG] [TIME] 3708 balance_sheet: 0.25s
2026-10-02 05:48:45,293 [DEBUG] [TIME] 3708 cashflow: 0.13s
2026-10-02 05:48:45,575 [DEBUG] [TIME] 3708 dividends: 0.28s
2026-10-02 05:48:45,576 [INFO] [DETAIL] 3708 特種東海製紙: income_stmt=OK, balance_sheet=OK, cashflow=OK, dividends=OK
2026-10-02 05:48:45,577 [INFO] [TIME] 3708 特種東海製紙 処理時間: 0.95s
2026-10-02 05:48:47,528 [DEBUG] [TIME] 3710 info: 0.26s
2026-10-02 05:48:47,528 [DEBUG] yfinance OK: 3710
2026-10-02 05:48:47,726 [DEBUG] [TIME] 3710 income_stmt: 0.20s
2026-10-02 05:48:47,872 [DEBUG] [TIME] 3710 balance_sheet: 0.14s
2026-10-02 05:48:48,149 [DEBUG] [TIME] 3710 cashflow: 0.28s
2026-10-02 05:48:48,425 [DEBUG] [TIME] 3710 dividends: 0.28s
2026-10-02 05:48:48,426 [INFO] [DETAIL] 3710 ジョルダン: income_stmt=OK, balance_sheet=OK, cashflow=OK, dividends=OK
2026-10-02 05:48:48,426 [INFO] [TIME] 3710 ジョルダン 処理時間: 1.16s
2026-10-02 05:48:50,587 [DEBUG] [TIME] 3712 info: 0.19s
2026-10-02 05:48:50,588 [DEBUG] yfinance OK: 3712
2026-10-02 05:48:50,731 [DEBUG] [TIME] 3712 income_stmt: 0.14s
2026-10-02 05:48:50,959 [DEBUG] [TIME] 3712 balance_sheet: 0.23s
2026-10-02 05:48:51,133 [DEBUG] [TIME] 3712 cashflow: 0.17s
2026-10-02 05:48:51,481 [DEBUG] [TIME] 3712 dividends: 0.35s
2026-10-02 05:48:51,482 [INFO] [DETAIL] 3712 情報企画: income_stmt=OK, balance_sheet=OK, cashflow=OK, dividends=OK
2026-10-02 05:48:51,482 [INFO] [TIME] 3712 情報企画 処理時間: 1.08s
2026-10-02 05:48:53,132 [DEBUG] [TIME] 3719 info: 0.16s
2026-10-02 05:48:53,132 [DEBUG] yfinance OK: 3719
2026-10-02 05:48:53,385 [DEBUG] [TIME] 3719 income_stmt: 0.25s
2026-10-02 05:48:53,661 [DEBUG] [TIME] 3719 balance_sheet: 0.28s
2026-10-02 05:48:53,890 [DEBUG] [TIME] 3719 cashflow: 0.23s
2026-10-02 05:48:54,081 [DEBUG] [TIME] 3719 dividends: 0.19s
2026-10-02 05:48:54,082 [INFO] [DETAIL] 3719 ＡＩストーム: income_stmt=OK, balance_sheet=OK, cashflow=OK, dividends=OK
2026-10-02 05:48:54,082 [INFO] [TIME] 3719 ＡＩストーム 処理時間: 1.11s
2026-10-02 05:48:56,087 [DEBUG] [TIME] 3723 info: 0.25s
2026-10-02 05:48:56,087 [DEBUG] yfinance OK: 3723
2026-10-02 05:48:56,216 [DEBUG] [TIME] 3723 income_stmt: 0.13s
2026-10-02 05:48:56,458 [DEBUG] [TIME] 3723 balance_sheet: 0.24s
2026-10-02 05:48:56,595 [DEBUG] [TIME] 3723 cashflow: 0.14s
2026-10-02 05:48:56,799 [DEBUG] [TIME] 3723 dividends: 0.20s
2026-10-02 05:48:56,800 [INFO] [DETAIL] 3723 日本ファルコム: income_stmt=OK, balance_sheet=OK, cashflow=OK, dividends=OK
2026-10-02 05:48:56,800 [INFO] [TIME] 3723 日本ファルコム 処理時間: 0.96s
2026-10-02 05:48:58,247 [DEBUG] [TIME] 3726 info: 0.20s
2026-10-02 05:48:58,247 [DEBUG] yfinance OK: 3726
2026-10-02 05:48:58,429 [DEBUG] [TIME] 3726 income_stmt: 0.18s
2026-10-02 05:48:58,706 [DEBUG] [TIME] 3726 balance_sheet: 0.28s
2026-10-02 05:48:58,874 [DEBUG] [TIME] 3726 cashflow: 0.17s
2026-10-02 05:48:59,021 [DEBUG] [TIME] 3726 dividends: 0.15s
2026-10-02 05:48:59,021 [INFO] [DETAIL] 3726 フォーシーズＨＤ: income_stmt=OK, balance_sheet=OK, cashflow=OK, dividends=EMPTY
2026-10-02 05:48:59,021 [INFO] [TIME] 3726 フォーシーズＨＤ 処理時間: 0.98s
2026-10-02 05:49:00,895 [DEBUG] [TIME] 3727 info: 0.15s
2026-10-02 05:49:00,895 [DEBUG] yfinance OK: 3727
2026-10-02 05:49:01,141 [DEBUG] [TIME] 3727 income_stmt: 0.25s
2026-10-02 05:49:01,341 [DEBUG] [TIME] 3727 balance_sheet: 0.20s
2026-10-02 05:49:01,491 [DEBUG] [TIME] 3727 cashflow: 0.15s
2026-10-02 05:49:01,693 [DEBUG] [TIME] 3727 dividends: 0.20s
2026-10-02 05:49:01,694 [INFO] [DETAIL] 3727 アプリックス: income_stmt=OK, balance_sheet=OK, cashflow=OK, dividends=OK
2026-10-02 05:49:01,694 [INFO] [TIME] 3727 アプリックス 処理時間: 0.95s
2026-10-02 05:49:03,283 [DEBUG] [TIME] 372A info: 0.19s
2026-10-02 05:49:03,283 [DEBUG] yfinance OK: 372A
2026-10-02 05:49:03,431 [DEBUG] [TIME] 372A income_stmt: 0.15s
2026-10-02 05:49:03,588 [DEBUG] [TIME] 372A balance_sheet: 0.16s
2026-10-02 05:49:03,837 [DEBUG] [TIME] 372A cashflow: 0.25s
2026-10-02 05:49:03,928 [DEBUG] [TIME] 372A dividends: 0.09s
2026-10-02 05:49:03,928 [INFO] [DETAIL] 372A レント: income_stmt=OK, balance_sheet=OK, cashflow=OK, dividends=OK
2026-10-02 05:49:03,929 [INFO] [TIME] 372A レント 処理時間: 0.84s
2026-10-02 05:49:05,788 [DEBUG] [TIME] 3733 info: 0.18s
2026-10-02 05:49:05,788 [DEBUG] yfinance OK: 3733
2026-10-02 05:49:06,021 [DEBUG] [TIME] 3733 income_stmt: 0.23s
2026-10-02 05:49:06,272 [DEBUG] [TIME] 3733 balance_sheet: 0.25s
2026-10-02 05:49:06,477 [DEBUG] [TIME] 3733 cashflow: 0.20s
2026-10-02 05:49:06,878 [DEBUG] [TIME] 3733 dividends: 0.40s
2026-10-02 05:49:06,879 [INFO] [DETAIL] 3733 ソフトウェア・サービス: income_stmt=OK, balance_sheet=OK, cashflow=OK, dividends=OK
2026-10-02 05:49:06,879 [INFO] [TIME] 3733 ソフトウェア・サービス 処理時間: 1.28s
2026-10-02 05:49:08,681 [DEBUG] [TIME] 373A info: 0.17s
2026-10-02 05:49:08,681 [DEBUG] yfinance OK: 373A
2026-10-02 05:49:08,898 [DEBUG] [TIME] 373A income_stmt: 0.22s
2026-10-02 05:49:09,031 [DEBUG] [TIME] 373A balance_sheet: 0.13s
2026-10-02 05:49:09,233 [DEBUG] [TIME] 373A cashflow: 0.20s
2026-10-02 05:49:09,374 [DEBUG] [TIME] 373A dividends: 0.14s
2026-10-02 05:49:09,374 [INFO] [DETAIL] 373A リップス: income_stmt=OK, balance_sheet=OK, cashflow=OK, dividends=EMPTY
2026-10-02 05:49:09,374 [INFO] [TIME] 373A リップス 処理時間: 0.86s
2026-10-02 05:49:11,592 [DEBUG] [TIME] 3741 info: 0.22s
2026-10-02 05:49:11,592 [DEBUG] yfinance OK: 3741
2026-10-02 05:49:11,726 [DEBUG] [TIME] 3741 income_stmt: 0.13s
2026-10-02 05:49:12,000 [DEBUG] [TIME] 3741 balance_sheet: 0.27s
2026-10-02 05:49:12,256 [DEBUG] [TIME] 3741 cashflow: 0.25s
2026-10-02 05:49:12,536 [DEBUG] [TIME] 3741 dividends: 0.28s
2026-10-02 05:49:12,537 [INFO] [DETAIL] 3741 セック: income_stmt=OK, balance_sheet=OK, cashflow=OK, dividends=OK
2026-10-02 05:49:12,537 [INFO] [TIME] 3741 セック 処理時間: 1.17s
2026-10-02 05:49:14,298 [DEBUG] [TIME] 3744 info: 0.19s
2026-10-02 05:49:14,298 [DEBUG] yfinance OK: 3744
2026-10-02 05:49:14,480 [DEBUG] [TIME] 3744 income_stmt: 0.18s
2026-10-02 05:49:14,653 [DEBUG] [TIME] 3744 balance_sheet: 0.17s
2026-10-02 05:49:14,880 [DEBUG] [TIME] 3744 cashflow: 0.23s
2026-10-02 05:49:15,072 [DEBUG] [TIME] 3744 dividends: 0.19s
2026-10-02 05:49:15,073 [INFO] [DETAIL] 3744 サイオス: income_stmt=OK, balance_sheet=OK, cashflow=OK, dividends=OK
2026-10-02 05:49:15,073 [INFO] [TIME] 3744 サイオス 処理時間: 0.96s
2026-10-02 05:49:17,060 [DEBUG] [TIME] 3747 info: 0.21s
2026-10-02 05:49:17,060 [DEBUG] yfinance OK: 3747
2026-10-02 05:49:17,221 [DEBUG] [TIME] 3747 income_stmt: 0.16s
2026-10-02 05:49:17,396 [DEBUG] [TIME] 3747 balance_sheet: 0.17s
2026-10-02 05:49:17,545 [DEBUG] [TIME] 3747 cashflow: 0.15s
2026-10-02 05:49:17,805 [DEBUG] [TIME] 3747 dividends: 0.26s
2026-10-02 05:49:17,806 [INFO] [DETAIL] 3747 インタートレード: income_stmt=OK, balance_sheet=OK, cashflow=OK, dividends=OK
2026-10-02 05:49:17,806 [INFO] [TIME] 3747 インタートレード 処理時間: 0.95s
2026-10-02 05:49:19,709 [DEBUG] [TIME] 3750 info: 0.21s
2026-10-02 05:49:19,709 [DEBUG] yfinance OK: 3750
2026-10-02 05:49:19,912 [DEBUG] [TIME] 3750 income_stmt: 0.20s
2026-10-02 05:49:20,215 [DEBUG] [TIME] 3750 balance_sheet: 0.30s
2026-10-02 05:49:20,476 [DEBUG] [TIME] 3750 cashflow: 0.26s
2026-10-02 05:49:20,708 [DEBUG] [TIME] 3750 dividends: 0.23s
2026-10-02 05:49:20,709 [INFO] [DETAIL] 3750 ＡＤＲ１２０Ｓ: income_stmt=OK, balance_sheet=OK, cashflow=OK, dividends=OK
2026-10-02 05:49:20,709 [INFO] [TIME] 3750 ＡＤＲ１２０Ｓ 処理時間: 1.21s
2026-10-02 05:49:22,285 [DEBUG] [TIME] 3753 info: 0.19s
2026-10-02 05:49:22,285 [DEBUG] yfinance OK: 3753
2026-10-02 05:49:22,491 [DEBUG] [TIME] 3753 income_stmt: 0.21s
2026-10-02 05:49:22,733 [DEBUG] [TIME] 3753 balance_sheet: 0.24s
2026-10-02 05:49:22,906 [DEBUG] [TIME] 3753 cashflow: 0.17s
2026-10-02 05:49:23,125 [DEBUG] [TIME] 3753 dividends: 0.22s
2026-10-02 05:49:23,125 [INFO] [DETAIL] 3753 フライトソリューションズ: income_stmt=OK, balance_sheet=OK, cashflow=OK, dividends=EMPTY
2026-10-02 05:49:23,125 [INFO] [TIME] 3753 フライトソリューションズ 処理時間: 1.03s
2026-10-02 05:49:24,928 [DEBUG] [TIME] 3758 info: 0.21s
2026-10-02 05:49:24,928 [DEBUG] yfinance OK: 3758
2026-10-02 05:49:25,193 [DEBUG] [TIME] 3758 income_stmt: 0.26s
2026-10-02 05:49:25,380 [DEBUG] [TIME] 3758 balance_sheet: 0.19s
2026-10-02 05:49:25,576 [DEBUG] [TIME] 3758 cashflow: 0.19s
2026-10-02 05:49:25,840 [DEBUG] [TIME] 3758 dividends: 0.26s
2026-10-02 05:49:25,841 [INFO] [DETAIL] 3758 アエリア: income_stmt=OK, balance_sheet=OK, cashflow=OK, dividends=OK
2026-10-02 05:49:25,841 [INFO] [TIME] 3758 アエリア 処理時間: 1.12s
2026-10-02 05:49:27,856 [DEBUG] [TIME] 3760 info: 0.18s
2026-10-02 05:49:27,856 [DEBUG] yfinance OK: 3760
2026-10-02 05:49:27,992 [DEBUG] [TIME] 3760 income_stmt: 0.14s
2026-10-02 05:49:28,223 [DEBUG] [TIME] 3760 balance_sheet: 0.23s
2026-10-02 05:49:28,488 [DEBUG] [TIME] 3760 cashflow: 0.26s
2026-10-02 05:49:28,670 [DEBUG] [TIME] 3760 dividends: 0.18s
2026-10-02 05:49:28,671 [INFO] [DETAIL] 3760 ケイブ: income_stmt=OK, balance_sheet=OK, cashflow=OK, dividends=OK
2026-10-02 05:49:28,671 [INFO] [TIME] 3760 ケイブ 処理時間: 1.00s
2026-10-02 05:49:30,139 [DEBUG] [TIME] 3762 info: 0.22s
2026-10-02 05:49:30,139 [DEBUG] yfinance OK: 3762
2026-10-02 05:49:30,313 [DEBUG] [TIME] 3762 income_stmt: 0.17s
2026-10-02 05:49:30,622 [DEBUG] [TIME] 3762 balance_sheet: 0.31s
2026-10-02 05:49:30,845 [DEBUG] [TIME] 3762 cashflow: 0.22s
2026-10-02 05:49:31,026 [DEBUG] [TIME] 3762 dividends: 0.18s
2026-10-02 05:49:31,027 [INFO] [DETAIL] 3762 テクマトリックス: income_stmt=OK, balance_sheet=OK, cashflow=OK, dividends=OK
2026-10-02 05:49:31,027 [INFO] [TIME] 3762 テクマトリックス 処理時間: 1.11s
2026-10-02 05:49:33,017 [DEBUG] [TIME] 3763 info: 0.16s
2026-10-02 05:49:33,017 [DEBUG] yfinance OK: 3763
2026-10-02 05:49:33,132 [DEBUG] [TIME] 3763 income_stmt: 0.12s
2026-10-02 05:49:33,393 [DEBUG] [TIME] 3763 balance_sheet: 0.26s
2026-10-02 05:49:33,544 [DEBUG] [TIME] 3763 cashflow: 0.15s
2026-10-02 05:49:33,755 [DEBUG] [TIME] 3763 dividends: 0.21s
2026-10-02 05:49:33,756 [INFO] [DETAIL] 3763 プロシップ: income_stmt=OK, balance_sheet=OK, cashflow=OK, dividends=OK
2026-10-02 05:49:33,756 [INFO] [TIME] 3763 プロシップ 処理時間: 0.90s
2026-10-02 05:49:34,952 [DEBUG] [TIME] 3765 info: 0.16s
2026-10-02 05:49:34,952 [DEBUG] yfinance OK: 3765
2026-10-02 05:49:35,133 [DEBUG] [TIME] 3765 income_stmt: 0.18s
2026-10-02 05:49:35,368 [DEBUG] [TIME] 3765 balance_sheet: 0.23s
2026-10-02 05:49:35,558 [DEBUG] [TIME] 3765 cashflow: 0.19s
2026-10-02 05:49:35,857 [DEBUG] [TIME] 3765 dividends: 0.30s
2026-10-02 05:49:35,858 [INFO] [DETAIL] 3765 ガンホー・オンライン・エンターテイメント: income_stmt=OK, balance_sheet=OK, cashflow=OK, dividends=OK
2026-10-02 05:49:35,858 [INFO] [TIME] 3765 ガンホー・オンライン・エンターテイメント 処理時間: 1.06s
2026-10-02 05:49:37,443 [DEBUG] [TIME] 3766 info: 0.18s
2026-10-02 05:49:37,443 [DEBUG] yfinance OK: 3766
2026-10-02 05:49:37,557 [DEBUG] [TIME] 3766 income_stmt: 0.11s
2026-10-02 05:49:37,776 [DEBUG] [TIME] 3766 balance_sheet: 0.22s
2026-10-02 05:49:37,952 [DEBUG] [TIME] 3766 cashflow: 0.18s
2026-10-02 05:49:38,202 [DEBUG] [TIME] 3766 dividends: 0.25s
2026-10-02 05:49:38,203 [INFO] [DETAIL] 3766 システムズ・デザイン: income_stmt=OK, balance_sheet=OK, cashflow=OK, dividends=OK
2026-10-02 05:49:38,203 [INFO] [TIME] 3766 システムズ・デザイン 処理時間: 0.94s
2026-10-02 05:49:39,726 [DEBUG] [TIME] 3768 info: 0.19s
2026-10-02 05:49:39,726 [DEBUG] yfinance OK: 3768
2026-10-02 05:49:39,956 [DEBUG] [TIME] 3768 income_stmt: 0.23s
2026-10-02 05:49:40,114 [DEBUG] [TIME] 3768 balance_sheet: 0.16s
2026-10-02 05:49:40,309 [DEBUG] [TIME] 3768 cashflow: 0.19s
2026-10-02 05:49:40,660 [DEBUG] [TIME] 3768 dividends: 0.35s
2026-10-02 05:49:40,661 [INFO] [DETAIL] 3768 リスクモンスター: income_stmt=OK, balance_sheet=OK, cashflow=OK, dividends=OK
2026-10-02 05:49:40,661 [INFO] [TIME] 3768 リスクモンスター 処理時間: 1.12s
2026-10-02 05:49:42,659 [DEBUG] [TIME] 3769 info: 0.17s
2026-10-02 05:49:42,659 [DEBUG] yfinance OK: 3769
2026-10-02 05:49:42,774 [DEBUG] [TIME] 3769 income_stmt: 0.11s
2026-10-02 05:49:42,926 [DEBUG] [TIME] 3769 balance_sheet: 0.15s
2026-10-02 05:49:43,120 [DEBUG] [TIME] 3769 cashflow: 0.19s
2026-10-02 05:49:43,392 [DEBUG] [TIME] 3769 dividends: 0.27s
2026-10-02 05:49:43,393 [INFO] [DETAIL] 3769 ＧＭＯペイメントゲートウェイ: income_stmt=OK, balance_sheet=OK, cashflow=OK, dividends=OK
2026-10-02 05:49:43,393 [INFO] [TIME] 3769 ＧＭＯペイメントゲートウェイ 処理時間: 0.91s
2026-10-02 05:49:45,384 [DEBUG] [TIME] 3771 info: 0.25s
2026-10-02 05:49:45,385 [DEBUG] yfinance OK: 3771
2026-10-02 05:49:45,590 [DEBUG] [TIME] 3771 income_stmt: 0.20s
2026-10-02 05:49:45,755 [DEBUG] [TIME] 3771 balance_sheet: 0.16s
2026-10-02 05:49:45,897 [DEBUG] [TIME] 3771 cashflow: 0.14s
2026-10-02 05:49:46,147 [DEBUG] [TIME] 3771 dividends: 0.25s
2026-10-02 05:49:46,148 [INFO] [DETAIL] 3771 システムリサーチ: income_stmt=OK, balance_sheet=OK, cashflow=OK, dividends=OK
2026-10-02 05:49:46,148 [INFO] [TIME] 3771 システムリサーチ 処理時間: 1.02s
2026-10-02 05:49:47,441 [DEBUG] [TIME] 3772 info: 0.20s
2026-10-02 05:49:47,441 [DEBUG] yfinance OK: 3772
2026-10-02 05:49:47,570 [DEBUG] [TIME] 3772 income_stmt: 0.13s
2026-10-02 05:49:47,704 [DEBUG] [TIME] 3772 balance_sheet: 0.13s
2026-10-02 05:49:47,939 [DEBUG] [TIME] 3772 cashflow: 0.23s
2026-10-02 05:49:48,205 [DEBUG] [TIME] 3772 dividends: 0.27s
2026-10-02 05:49:48,206 [INFO] [DETAIL] 3772 ウェルス・マネジメント: income_stmt=OK, balance_sheet=OK, cashflow=OK, dividends=OK
2026-10-02 05:49:48,206 [INFO] [TIME] 3772 ウェルス・マネジメント 処理時間: 0.96s
2026-10-02 05:49:49,731 [DEBUG] [TIME] 3773 info: 0.18s
2026-10-02 05:49:49,732 [DEBUG] yfinance OK: 3773
2026-10-02 05:49:49,963 [DEBUG] [TIME] 3773 income_stmt: 0.23s
2026-10-02 05:49:50,222 [DEBUG] [TIME] 3773 balance_sheet: 0.26s
2026-10-02 05:49:50,423 [DEBUG] [TIME] 3773 cashflow: 0.20s
2026-10-02 05:49:50,590 [DEBUG] [TIME] 3773 dividends: 0.17s
2026-10-02 05:49:50,591 [INFO] [DETAIL] 3773 アドバンスト・メディア: income_stmt=OK, balance_sheet=OK, cashflow=OK, dividends=OK
2026-10-02 05:49:50,591 [INFO] [TIME] 3773 アドバンスト・メディア 処理時間: 1.04s
2026-10-02 05:49:52,215 [DEBUG] [TIME] 3774 info: 0.21s
2026-10-02 05:49:52,215 [DEBUG] yfinance OK: 3774
2026-10-02 05:49:52,401 [DEBUG] [TIME] 3774 income_stmt: 0.19s
2026-10-02 05:49:52,668 [DEBUG] [TIME] 3774 balance_sheet: 0.27s
2026-10-02 05:49:52,931 [DEBUG] [TIME] 3774 cashflow: 0.26s
2026-10-02 05:49:53,237 [DEBUG] [TIME] 3774 dividends: 0.31s
2026-10-02 05:49:53,238 [INFO] [DETAIL] 3774 インターネットイニシアティブ: income_stmt=OK, balance_sheet=OK, cashflow=OK, dividends=OK
2026-10-02 05:49:53,238 [INFO] [TIME] 3774 インターネットイニシアティブ 処理時間: 1.23s
2026-10-02 05:49:54,522 [DEBUG] [TIME] 3776 info: 0.16s
2026-10-02 05:49:54,522 [DEBUG] yfinance OK: 3776
2026-10-02 05:49:54,665 [DEBUG] [TIME] 3776 income_stmt: 0.14s
2026-10-02 05:49:54,912 [DEBUG] [TIME] 3776 balance_sheet: 0.25s
2026-10-02 05:49:55,108 [DEBUG] [TIME] 3776 cashflow: 0.20s
2026-10-02 05:49:55,320 [DEBUG] [TIME] 3776 dividends: 0.21s
2026-10-02 05:49:55,321 [INFO] [DETAIL] 3776 ブロードバンドタワー: income_stmt=OK, balance_sheet=OK, cashflow=OK, dividends=OK
2026-10-02 05:49:55,321 [INFO] [TIME] 3776 ブロードバンドタワー 処理時間: 0.96s
2026-10-02 05:49:57,066 [DEBUG] [TIME] 3777 info: 0.22s
2026-10-02 05:49:57,066 [DEBUG] yfinance OK: 3777
2026-10-02 05:49:57,263 [DEBUG] [TIME] 3777 income_stmt: 0.20s
2026-10-02 05:49:57,495 [DEBUG] [TIME] 3777 balance_sheet: 0.23s
2026-10-02 05:49:57,641 [DEBUG] [TIME] 3777 cashflow: 0.14s
2026-10-02 05:49:57,835 [DEBUG] [TIME] 3777 dividends: 0.19s
2026-10-02 05:49:57,835 [INFO] [DETAIL] 3777 環境フレンドリーホールディングス: income_stmt=OK, balance_sheet=OK, cashflow=OK, dividends=EMPTY
2026-10-02 05:49:57,835 [INFO] [TIME] 3777 環境フレンドリーホールディングス 処理時間: 0.99s
2026-10-02 05:49:59,171 [DEBUG] [TIME] 3778 info: 0.15s
2026-10-02 05:49:59,171 [DEBUG] yfinance OK: 3778
2026-10-02 05:49:59,324 [DEBUG] [TIME] 3778 income_stmt: 0.15s
2026-10-02 05:49:59,559 [DEBUG] [TIME] 3778 balance_sheet: 0.23s
2026-10-02 05:49:59,758 [DEBUG] [TIME] 3778 cashflow: 0.20s
2026-10-02 05:49:59,947 [DEBUG] [TIME] 3778 dividends: 0.19s
2026-10-02 05:49:59,948 [INFO] [DETAIL] 3778 さくらインターネット: income_stmt=OK, balance_sheet=OK, cashflow=OK, dividends=OK
2026-10-02 05:49:59,948 [INFO] [TIME] 3778 さくらインターネット 処理時間: 0.93s
2026-10-02 05:50:02,044 [DEBUG] [TIME] 3779 info: 0.18s
2026-10-02 05:50:02,044 [DEBUG] yfinance OK: 3779
2026-10-02 05:50:02,236 [DEBUG] [TIME] 3779 income_stmt: 0.19s
2026-10-02 05:50:02,408 [DEBUG] [TIME] 3779 balance_sheet: 0.17s
2026-10-02 05:50:02,561 [DEBUG] [TIME] 3779 cashflow: 0.15s
2026-10-02 05:50:02,782 [DEBUG] [TIME] 3779 dividends: 0.22s
2026-10-02 05:50:02,782 [INFO] [DETAIL] 3779 ジェイ・エスコムホールディングス: income_stmt=OK, balance_sheet=OK, cashflow=OK, dividends=EMPTY
2026-10-02 05:50:02,782 [INFO] [TIME] 3779 ジェイ・エスコムホールディングス 処理時間: 0.92s
2026-10-02 05:50:04,478 [DEBUG] [TIME] 3787 info: 0.21s
2026-10-02 05:50:04,479 [DEBUG] yfinance OK: 3787
2026-10-02 05:50:04,569 [DEBUG] [TIME] 3787 income_stmt: 0.09s
2026-10-02 05:50:04,803 [DEBUG] [TIME] 3787 balance_sheet: 0.23s
2026-10-02 05:50:04,952 [DEBUG] [TIME] 3787 cashflow: 0.15s
2026-10-02 05:50:05,180 [DEBUG] [TIME] 3787 dividends: 0.23s
2026-10-02 05:50:05,180 [INFO] [DETAIL] 3787 テクノマセマティカル: income_stmt=OK, balance_sheet=OK, cashflow=OK, dividends=EMPTY
2026-10-02 05:50:05,180 [INFO] [TIME] 3787 テクノマセマティカル 処理時間: 0.92s
2026-10-02 05:50:07,218 [DEBUG] [TIME] 3788 info: 0.21s
2026-10-02 05:50:07,218 [DEBUG] yfinance OK: 3788
2026-10-02 05:50:07,369 [DEBUG] [TIME] 3788 income_stmt: 0.15s
2026-10-02 05:50:07,596 [DEBUG] [TIME] 3788 balance_sheet: 0.23s
2026-10-02 05:50:07,830 [DEBUG] [TIME] 3788 cashflow: 0.23s
2026-10-02 05:50:08,058 [DEBUG] [TIME] 3788 dividends: 0.23s
2026-10-02 05:50:08,059 [INFO] [DETAIL] 3788 ＧＭＯグローバルサイン・ホールディングス: income_stmt=OK, balance_sheet=OK, cashflow=OK, dividends=OK
2026-10-02 05:50:08,059 [INFO] [TIME] 3788 ＧＭＯグローバルサイン・ホールディングス 処理時間: 1.05s
2026-10-02 05:50:09,551 [DEBUG] [TIME] 378A info: 0.19s
2026-10-02 05:50:09,551 [DEBUG] yfinance OK: 378A
2026-10-02 05:50:09,668 [DEBUG] [TIME] 378A income_stmt: 0.12s
2026-10-02 05:50:09,813 [DEBUG] [TIME] 378A balance_sheet: 0.14s
2026-10-02 05:50:09,952 [DEBUG] [TIME] 378A cashflow: 0.14s
2026-10-02 05:50:10,046 [DEBUG] [TIME] 378A dividends: 0.09s
2026-10-02 05:50:10,046 [INFO] [DETAIL] 378A ヒット: income_stmt=OK, balance_sheet=OK, cashflow=OK, dividends=OK
2026-10-02 05:50:10,046 [INFO] [TIME] 378A ヒット 処理時間: 0.68s
2026-10-02 05:50:12,195 [DEBUG] [TIME] 3791 info: 0.15s
2026-10-02 05:50:12,195 [DEBUG] yfinance OK: 3791
2026-10-02 05:50:12,326 [DEBUG] [TIME] 3791 income_stmt: 0.13s
2026-10-02 05:50:12,623 [DEBUG] [TIME] 3791 balance_sheet: 0.30s
2026-10-02 05:50:12,778 [DEBUG] [TIME] 3791 cashflow: 0.15s
2026-10-02 05:50:13,034 [DEBUG] [TIME] 3791 dividends: 0.26s
2026-10-02 05:50:13,035 [INFO] [DETAIL] 3791 ＩＧポート: income_stmt=OK, balance_sheet=OK, cashflow=OK, dividends=OK
2026-10-02 05:50:13,036 [INFO] [TIME] 3791 ＩＧポート 処理時間: 0.99s
2026-10-02 05:50:14,800 [DEBUG] [TIME] 3793 info: 0.16s
2026-10-02 05:50:14,800 [DEBUG] yfinance OK: 3793
2026-10-02 05:50:14,967 [DEBUG] [TIME] 3793 income_stmt: 0.17s
2026-10-02 05:50:15,264 [DEBUG] [TIME] 3793 balance_sheet: 0.30s
2026-10-02 05:50:15,504 [DEBUG] [TIME] 3793 cashflow: 0.24s
2026-10-02 05:50:15,708 [DEBUG] [TIME] 3793 dividends: 0.20s
2026-10-02 05:50:15,709 [INFO] [DETAIL] 3793 ドリコム: income_stmt=OK, balance_sheet=OK, cashflow=OK, dividends=OK
2026-10-02 05:50:15,709 [INFO] [TIME] 3793 ドリコム 処理時間: 1.07s
2026-10-02 05:50:17,317 [DEBUG] [TIME] 3796 info: 0.20s
2026-10-02 05:50:17,317 [DEBUG] yfinance OK: 3796
2026-10-02 05:50:17,471 [DEBUG] [TIME] 3796 income_stmt: 0.15s
2026-10-02 05:50:17,763 [DEBUG] [TIME] 3796 balance_sheet: 0.29s
2026-10-02 05:50:17,912 [DEBUG] [TIME] 3796 cashflow: 0.15s
2026-10-02 05:50:18,141 [DEBUG] [TIME] 3796 dividends: 0.23s
2026-10-02 05:50:18,142 [INFO] [DETAIL] 3796 いい生活: income_stmt=OK, balance_sheet=OK, cashflow=OK, dividends=OK
2026-10-02 05:50:18,142 [INFO] [TIME] 3796 いい生活 処理時間: 1.03s
2026-10-02 05:50:19,875 [DEBUG] [TIME] 3798 info: 0.18s
2026-10-02 05:50:19,875 [DEBUG] yfinance OK: 3798
2026-10-02 05:50:20,003 [DEBUG] [TIME] 3798 income_stmt: 0.13s
2026-10-02 05:50:20,178 [DEBUG] [TIME] 3798 balance_sheet: 0.17s
2026-10-02 05:50:20,328 [DEBUG] [TIME] 3798 cashflow: 0.15s
2026-10-02 05:50:20,589 [DEBUG] [TIME] 3798 dividends: 0.26s
2026-10-02 05:50:20,590 [INFO] [DETAIL] 3798 ＵＬＳグループ: income_stmt=OK, balance_sheet=OK, cashflow=OK, dividends=OK
2026-10-02 05:50:20,591 [INFO] [TIME] 3798 ＵＬＳグループ 処理時間: 0.89s
2026-10-02 05:50:21,891 [DEBUG] [TIME] 3799 info: 0.16s
2026-10-02 05:50:21,891 [DEBUG] yfinance OK: 3799
2026-10-02 05:50:22,083 [DEBUG] [TIME] 3799 income_stmt: 0.19s
2026-10-02 05:50:22,248 [DEBUG] [TIME] 3799 balance_sheet: 0.16s
2026-10-02 05:50:22,362 [DEBUG] [TIME] 3799 cashflow: 0.11s
2026-10-02 05:50:22,652 [DEBUG] [TIME] 3799 dividends: 0.29s
2026-10-02 05:50:22,653 [INFO] [DETAIL] 3799 キーウェアソリューションズ: income_stmt=OK, balance_sheet=OK, cashflow=OK, dividends=OK
2026-10-02 05:50:22,653 [INFO] [TIME] 3799 キーウェアソリューションズ 処理時間: 0.92s
2026-10-02 05:50:23,925 [DEBUG] [TIME] 3800 info: 0.15s
2026-10-02 05:50:23,925 [DEBUG] yfinance OK: 3800
2026-10-02 05:50:24,058 [DEBUG] [TIME] 3800 income_stmt: 0.13s
2026-10-02 05:50:24,353 [DEBUG] [TIME] 3800 balance_sheet: 0.29s
2026-10-02 05:50:24,603 [DEBUG] [TIME] 3800 cashflow: 0.25s
2026-10-02 05:50:24,857 [DEBUG] [TIME] 3800 dividends: 0.25s
2026-10-02 05:50:24,859 [INFO] [DETAIL] 3800 ユニリタ: income_stmt=OK, balance_sheet=OK, cashflow=OK, dividends=OK
2026-10-02 05:50:24,859 [INFO] [TIME] 3800 ユニリタ 処理時間: 1.08s
2026-10-02 05:50:26,262 [DEBUG] [TIME] 3802 info: 0.25s
2026-10-02 05:50:26,262 [DEBUG] yfinance OK: 3802
2026-10-02 05:50:26,385 [DEBUG] [TIME] 3802 income_stmt: 0.12s
2026-10-02 05:50:26,550 [DEBUG] [TIME] 3802 balance_sheet: 0.16s
2026-10-02 05:50:26,720 [DEBUG] [TIME] 3802 cashflow: 0.17s
2026-10-02 05:50:26,898 [DEBUG] [TIME] 3802 dividends: 0.18s
2026-10-02 05:50:26,899 [INFO] [DETAIL] 3802 エコミック: income_stmt=OK, balance_sheet=OK, cashflow=OK, dividends=OK
2026-10-02 05:50:26,899 [INFO] [TIME] 3802 エコミック 処理時間: 0.89s
2026-10-02 05:50:28,864 [DEBUG] [TIME] 3803 info: 0.15s
2026-10-02 05:50:28,864 [DEBUG] yfinance OK: 3803
2026-10-02 05:50:29,004 [DEBUG] [TIME] 3803 income_stmt: 0.14s
2026-10-02 05:50:29,255 [DEBUG] [TIME] 3803 balance_sheet: 0.25s
2026-10-02 05:50:29,402 [DEBUG] [TIME] 3803 cashflow: 0.15s
2026-10-02 05:50:29,677 [DEBUG] [TIME] 3803 dividends: 0.27s
2026-10-02 05:50:29,677 [INFO] [DETAIL] 3803 イメージ情報開発: income_stmt=OK, balance_sheet=OK, cashflow=OK, dividends=EMPTY
2026-10-02 05:50:29,677 [INFO] [TIME] 3803 イメージ情報開発 処理時間: 0.96s
2026-10-02 05:50:31,444 [DEBUG] [TIME] 3804 info: 0.19s
2026-10-02 05:50:31,444 [DEBUG] yfinance OK: 3804
2026-10-02 05:50:31,651 [DEBUG] [TIME] 3804 income_stmt: 0.21s
2026-10-02 05:50:31,847 [DEBUG] [TIME] 3804 balance_sheet: 0.20s
2026-10-02 05:50:32,118 [DEBUG] [TIME] 3804 cashflow: 0.27s
2026-10-02 05:50:32,367 [DEBUG] [TIME] 3804 dividends: 0.25s
2026-10-02 05:50:32,368 [INFO] [DETAIL] 3804 システム　ディ: income_stmt=OK, balance_sheet=OK, cashflow=OK, dividends=OK
2026-10-02 05:50:32,368 [INFO] [TIME] 3804 システム　ディ 処理時間: 1.11s
2026-10-02 05:50:34,199 [DEBUG] [TIME] 3807 info: 0.22s
2026-10-02 05:50:34,199 [DEBUG] yfinance OK: 3807
2026-10-02 05:50:34,420 [DEBUG] [TIME] 3807 income_stmt: 0.22s
2026-10-02 05:50:34,693 [DEBUG] [TIME] 3807 balance_sheet: 0.27s
2026-10-02 05:50:34,849 [DEBUG] [TIME] 3807 cashflow: 0.15s
2026-10-02 05:50:35,026 [DEBUG] [TIME] 3807 dividends: 0.18s
2026-10-02 05:50:35,026 [INFO] [DETAIL] 3807 フィスコ: income_stmt=OK, balance_sheet=OK, cashflow=OK, dividends=OK
2026-10-02 05:50:35,027 [INFO] [TIME] 3807 フィスコ 処理時間: 1.04s
2026-10-02 05:50:36,761 [DEBUG] [TIME] 3810 info: 0.16s
2026-10-02 05:50:36,761 [DEBUG] yfinance OK: 3810
2026-10-02 05:50:36,904 [DEBUG] [TIME] 3810 income_stmt: 0.14s
2026-10-02 05:50:37,187 [DEBUG] [TIME] 3810 balance_sheet: 0.28s
2026-10-02 05:50:37,445 [DEBUG] [TIME] 3810 cashflow: 0.26s
2026-10-02 05:50:37,597 [DEBUG] [TIME] 3810 dividends: 0.15s
2026-10-02 05:50:37,598 [INFO] [DETAIL] 3810 サイバーステップホールディングス: income_stmt=OK, balance_sheet=OK, cashflow=OK, dividends=OK
2026-10-02 05:50:37,598 [INFO] [TIME] 3810 サイバーステップホールディングス 処理時間: 0.99s
2026-10-02 05:50:39,467 [DEBUG] [TIME] 3815 info: 0.21s
2026-10-02 05:50:39,467 [DEBUG] yfinance OK: 3815
2026-10-02 05:50:39,662 [DEBUG] [TIME] 3815 income_stmt: 0.20s
2026-10-02 05:50:39,976 [DEBUG] [TIME] 3815 balance_sheet: 0.31s
2026-10-02 05:50:40,150 [DEBUG] [TIME] 3815 cashflow: 0.17s
2026-10-02 05:50:40,353 [DEBUG] [TIME] 3815 dividends: 0.20s
2026-10-02 05:50:40,354 [INFO] [DETAIL] 3815 メディア工房: income_stmt=OK, balance_sheet=OK, cashflow=OK, dividends=OK
2026-10-02 05:50:40,354 [INFO] [TIME] 3815 メディア工房 処理時間: 1.10s
2026-10-02 05:50:42,463 [DEBUG] [TIME] 3816 info: 0.18s
2026-10-02 05:50:42,463 [DEBUG] yfinance OK: 3816
2026-10-02 05:50:42,690 [DEBUG] [TIME] 3816 income_stmt: 0.23s
2026-10-02 05:50:42,852 [DEBUG] [TIME] 3816 balance_sheet: 0.16s
2026-10-02 05:50:43,076 [DEBUG] [TIME] 3816 cashflow: 0.22s
2026-10-02 05:50:43,363 [DEBUG] [TIME] 3816 dividends: 0.29s
2026-10-02 05:50:43,364 [INFO] [DETAIL] 3816 大和コンピューター: income_stmt=OK, balance_sheet=OK, cashflow=OK, dividends=OK
2026-10-02 05:50:43,364 [INFO] [TIME] 3816 大和コンピューター 処理時間: 1.08s
2026-10-02 05:50:44,816 [DEBUG] [TIME] 3817 info: 0.16s
2026-10-02 05:50:44,816 [DEBUG] yfinance OK: 3817
2026-10-02 05:50:45,055 [DEBUG] [TIME] 3817 income_stmt: 0.24s
2026-10-02 05:50:45,242 [DEBUG] [TIME] 3817 balance_sheet: 0.19s
2026-10-02 05:50:45,427 [DEBUG] [TIME] 3817 cashflow: 0.18s
2026-10-02 05:50:45,695 [DEBUG] [TIME] 3817 dividends: 0.27s
2026-10-02 05:50:45,696 [INFO] [DETAIL] 3817 ＳＲＡホールディングス: income_stmt=OK, balance_sheet=OK, cashflow=OK, dividends=OK
2026-10-02 05:50:45,696 [INFO] [TIME] 3817 ＳＲＡホールディングス 処理時間: 1.04s
2026-10-02 05:50:47,093 [DEBUG] [TIME] 3823 info: 0.18s
2026-10-02 05:50:47,093 [DEBUG] yfinance OK: 3823
2026-10-02 05:50:47,246 [DEBUG] [TIME] 3823 income_stmt: 0.15s
2026-10-02 05:50:47,402 [DEBUG] [TIME] 3823 balance_sheet: 0.16s
2026-10-02 05:50:47,519 [DEBUG] [TIME] 3823 cashflow: 0.12s
2026-10-02 05:50:47,684 [DEBUG] [TIME] 3823 dividends: 0.16s
2026-10-02 05:50:47,684 [INFO] [DETAIL] 3823 ＴＨＥ　ＷＨＹ　ＨＯＷ　ＤＯ　ＣＯＭＰＡＮＹ: income_stmt=OK, balance_sheet=OK, cashflow=OK, dividends=EMPTY
2026-10-02 05:50:47,684 [INFO] [TIME] 3823 ＴＨＥ　ＷＨＹ　ＨＯＷ　ＤＯ　ＣＯＭＰＡＮＹ 処理時間: 0.77s
2026-10-02 05:50:49,688 [DEBUG] [TIME] 3825 info: 0.15s
2026-10-02 05:50:49,688 [DEBUG] yfinance OK: 3825
2026-10-02 05:50:49,867 [DEBUG] [TIME] 3825 income_stmt: 0.18s
2026-10-02 05:50:50,197 [DEBUG] [TIME] 3825 balance_sheet: 0.33s
2026-10-02 05:50:50,365 [DEBUG] [TIME] 3825 cashflow: 0.17s
2026-10-02 05:50:50,620 [DEBUG] [TIME] 3825 dividends: 0.25s
2026-10-02 05:50:50,621 [INFO] [DETAIL] 3825 リミックスポイント: income_stmt=OK, balance_sheet=OK, cashflow=OK, dividends=OK
2026-10-02 05:50:50,621 [INFO] [TIME] 3825 リミックスポイント 処理時間: 1.08s
2026-10-02 05:50:52,708 [DEBUG] [TIME] 3826 info: 0.23s
2026-10-02 05:50:52,708 [DEBUG] yfinance OK: 3826
2026-10-02 05:50:52,828 [DEBUG] [TIME] 3826 income_stmt: 0.12s
2026-10-02 05:50:53,040 [DEBUG] [TIME] 3826 balance_sheet: 0.21s
2026-10-02 05:50:53,289 [DEBUG] [TIME] 3826 cashflow: 0.25s
2026-10-02 05:50:53,674 [DEBUG] [TIME] 3826 dividends: 0.38s
2026-10-02 05:50:53,675 [INFO] [DETAIL] 3826 システムインテグレータ: income_stmt=OK, balance_sheet=OK, cashflow=OK, dividends=OK
2026-10-02 05:50:53,675 [INFO] [TIME] 3826 システムインテグレータ 処理時間: 1.20s
2026-10-02 05:50:55,309 [DEBUG] [TIME] 3834 info: 0.21s
2026-10-02 05:50:55,309 [DEBUG] yfinance OK: 3834
2026-10-02 05:50:55,436 [DEBUG] [TIME] 3834 income_stmt: 0.13s
2026-10-02 05:50:55,698 [DEBUG] [TIME] 3834 balance_sheet: 0.26s
2026-10-02 05:50:55,850 [DEBUG] [TIME] 3834 cashflow: 0.15s
2026-10-02 05:50:56,068 [DEBUG] [TIME] 3834 dividends: 0.22s
2026-10-02 05:50:56,069 [INFO] [DETAIL] 3834 朝日ネット: income_stmt=OK, balance_sheet=OK, cashflow=OK, dividends=OK
2026-10-02 05:50:56,069 [INFO] [TIME] 3834 朝日ネット 処理時間: 0.97s
2026-10-02 05:50:57,313 [DEBUG] [TIME] 3835 info: 0.14s
2026-10-02 05:50:57,313 [DEBUG] yfinance OK: 3835
2026-10-02 05:50:57,449 [DEBUG] [TIME] 3835 income_stmt: 0.14s
2026-10-02 05:50:57,586 [DEBUG] [TIME] 3835 balance_sheet: 0.14s
2026-10-02 05:50:57,769 [DEBUG] [TIME] 3835 cashflow: 0.18s
2026-10-02 05:50:58,019 [DEBUG] [TIME] 3835 dividends: 0.25s
2026-10-02 05:50:58,020 [INFO] [DETAIL] 3835 ｅＢＡＳＥ: income_stmt=OK, balance_sheet=OK, cashflow=OK, dividends=OK
2026-10-02 05:50:58,020 [INFO] [TIME] 3835 ｅＢＡＳＥ 処理時間: 0.85s
2026-10-02 05:50:59,292 [DEBUG] [TIME] 3836 info: 0.16s
2026-10-02 05:50:59,292 [DEBUG] yfinance OK: 3836
2026-10-02 05:50:59,505 [DEBUG] [TIME] 3836 income_stmt: 0.21s
2026-10-02 05:50:59,656 [DEBUG] [TIME] 3836 balance_sheet: 0.15s
2026-10-02 05:50:59,907 [DEBUG] [TIME] 3836 cashflow: 0.25s
2026-10-02 05:51:00,149 [DEBUG] [TIME] 3836 dividends: 0.24s
2026-10-02 05:51:00,150 [INFO] [DETAIL] 3836 アバントグループ: income_stmt=OK, balance_sheet=OK, cashflow=OK, dividends=OK
2026-10-02 05:51:00,150 [INFO] [TIME] 3836 アバントグループ 処理時間: 1.02s
2026-10-02 05:51:01,355 [DEBUG] [TIME] 3837 info: 0.19s
2026-10-02 05:51:01,356 [DEBUG] yfinance OK: 3837
2026-10-02 05:51:01,490 [DEBUG] [TIME] 3837 income_stmt: 0.13s
2026-10-02 05:51:01,642 [DEBUG] [TIME] 3837 balance_sheet: 0.15s
2026-10-02 05:51:01,865 [DEBUG] [TIME] 3837 cashflow: 0.22s
2026-10-02 05:51:02,123 [DEBUG] [TIME] 3837 dividends: 0.26s
2026-10-02 05:51:02,124 [INFO] [DETAIL] 3837 アドソル日進: income_stmt=OK, balance_sheet=OK, cashflow=OK, dividends=OK
2026-10-02 05:51:02,124 [INFO] [TIME] 3837 アドソル日進 処理時間: 0.96s
2026-10-02 05:51:03,527 [DEBUG] [TIME] 3839 info: 0.16s
2026-10-02 05:51:03,527 [DEBUG] yfinance OK: 3839
2026-10-02 05:51:03,672 [DEBUG] [TIME] 3839 income_stmt: 0.15s
2026-10-02 05:51:03,954 [DEBUG] [TIME] 3839 balance_sheet: 0.28s
2026-10-02 05:51:04,198 [DEBUG] [TIME] 3839 cashflow: 0.24s
2026-10-02 05:51:04,427 [DEBUG] [TIME] 3839 dividends: 0.23s
2026-10-02 05:51:04,428 [INFO] [DETAIL] 3839 ＯＤＫソリューションズ: income_stmt=OK, balance_sheet=OK, cashflow=OK, dividends=OK
2026-10-02 05:51:04,428 [INFO] [TIME] 3839 ＯＤＫソリューションズ 処理時間: 1.06s
2026-10-02 05:51:06,531 [DEBUG] [TIME] 3840 info: 0.15s
2026-10-02 05:51:06,531 [DEBUG] yfinance OK: 3840
2026-10-02 05:51:06,701 [DEBUG] [TIME] 3840 income_stmt: 0.17s
2026-10-02 05:51:06,949 [DEBUG] [TIME] 3840 balance_sheet: 0.25s
2026-10-02 05:51:07,136 [DEBUG] [TIME] 3840 cashflow: 0.19s
2026-10-02 05:51:07,328 [DEBUG] [TIME] 3840 dividends: 0.19s
2026-10-02 05:51:07,328 [INFO] [DETAIL] 3840 パス: income_stmt=OK, balance_sheet=OK, cashflow=OK, dividends=EMPTY
2026-10-02 05:51:07,328 [INFO] [TIME] 3840 パス 処理時間: 0.95s
2026-10-02 05:51:08,530 [DEBUG] [TIME] 3841 info: 0.17s
2026-10-02 05:51:08,530 [DEBUG] yfinance OK: 3841
2026-10-02 05:51:08,668 [DEBUG] [TIME] 3841 income_stmt: 0.14s
2026-10-02 05:51:08,930 [DEBUG] [TIME] 3841 balance_sheet: 0.26s
2026-10-02 05:51:09,122 [DEBUG] [TIME] 3841 cashflow: 0.19s
2026-10-02 05:51:09,336 [DEBUG] [TIME] 3841 dividends: 0.21s
2026-10-02 05:51:09,337 [INFO] [DETAIL] 3841 ジーダット: income_stmt=OK, balance_sheet=OK, cashflow=OK, dividends=OK
2026-10-02 05:51:09,337 [INFO] [TIME] 3841 ジーダット 処理時間: 0.98s
2026-10-02 05:51:10,928 [DEBUG] [TIME] 3842 info: 0.18s
2026-10-02 05:51:10,928 [DEBUG] yfinance OK: 3842
2026-10-02 05:51:11,069 [DEBUG] [TIME] 3842 income_stmt: 0.14s
2026-10-02 05:51:11,338 [DEBUG] [TIME] 3842 balance_sheet: 0.27s
2026-10-02 05:51:11,560 [DEBUG] [TIME] 3842 cashflow: 0.22s
2026-10-02 05:51:11,756 [DEBUG] [TIME] 3842 dividends: 0.20s
2026-10-02 05:51:11,757 [INFO] [DETAIL] 3842 ネクストジェン: income_stmt=OK, balance_sheet=OK, cashflow=OK, dividends=OK
2026-10-02 05:51:11,758 [INFO] [TIME] 3842 ネクストジェン 処理時間: 1.01s
2026-10-02 05:51:14,033 [DEBUG] [TIME] 3843 info: 0.29s
2026-10-02 05:51:14,033 [DEBUG] yfinance OK: 3843
2026-10-02 05:51:14,242 [DEBUG] [TIME] 3843 income_stmt: 0.21s
2026-10-02 05:51:14,505 [DEBUG] [TIME] 3843 balance_sheet: 0.26s
2026-10-02 05:51:14,730 [DEBUG] [TIME] 3843 cashflow: 0.22s
2026-10-02 05:51:14,937 [DEBUG] [TIME] 3843 dividends: 0.21s
2026-10-02 05:51:14,938 [INFO] [DETAIL] 3843 フリービット: income_stmt=OK, balance_sheet=OK, cashflow=OK, dividends=OK
2026-10-02 05:51:14,938 [INFO] [TIME] 3843 フリービット 処理時間: 1.19s
2026-10-02 05:51:16,977 [DEBUG] [TIME] 3844 info: 0.20s
2026-10-02 05:51:16,977 [DEBUG] yfinance OK: 3844
2026-10-02 05:51:17,150 [DEBUG] [TIME] 3844 income_stmt: 0.17s
2026-10-02 05:51:17,335 [DEBUG] [TIME] 3844 balance_sheet: 0.19s
2026-10-02 05:51:17,624 [DEBUG] [TIME] 3844 cashflow: 0.29s
2026-10-02 05:51:17,824 [DEBUG] [TIME] 3844 dividends: 0.20s
2026-10-02 05:51:17,826 [INFO] [DETAIL] 3844 コムチュア: income_stmt=OK, balance_sheet=OK, cashflow=OK, dividends=OK
2026-10-02 05:51:17,826 [INFO] [TIME] 3844 コムチュア 処理時間: 1.05s
2026-10-02 05:51:19,921 [DEBUG] [TIME] 3845 info: 0.16s
2026-10-02 05:51:19,921 [DEBUG] yfinance OK: 3845
2026-10-02 05:51:20,074 [DEBUG] [TIME] 3845 income_stmt: 0.15s
2026-10-02 05:51:20,277 [DEBUG] [TIME] 3845 balance_sheet: 0.20s
2026-10-02 05:51:20,441 [DEBUG] [TIME] 3845 cashflow: 0.16s
2026-10-02 05:51:20,654 [DEBUG] [TIME] 3845 dividends: 0.21s
2026-10-02 05:51:20,655 [INFO] [DETAIL] 3845 アイフリークモバイル: income_stmt=OK, balance_sheet=OK, cashflow=OK, dividends=OK
2026-10-02 05:51:20,655 [INFO] [TIME] 3845 アイフリークモバイル 処理時間: 0.89s
2026-10-02 05:51:22,500 [DEBUG] [TIME] 3848 info: 0.18s
2026-10-02 05:51:22,500 [DEBUG] yfinance OK: 3848
2026-10-02 05:51:22,631 [DEBUG] [TIME] 3848 income_stmt: 0.13s
2026-10-02 05:51:22,924 [DEBUG] [TIME] 3848 balance_sheet: 0.29s
2026-10-02 05:51:23,101 [DEBUG] [TIME] 3848 cashflow: 0.18s
2026-10-02 05:51:23,297 [DEBUG] [TIME] 3848 dividends: 0.20s
2026-10-02 05:51:23,298 [INFO] [DETAIL] 3848 データ・アプリケーション: income_stmt=OK, balance_sheet=OK, cashflow=OK, dividends=OK
2026-10-02 05:51:23,298 [INFO] [TIME] 3848 データ・アプリケーション 処理時間: 0.98s
2026-10-02 05:51:24,759 [DEBUG] [TIME] 3850 info: 0.30s
2026-10-02 05:51:24,759 [DEBUG] yfinance OK: 3850
2026-10-02 05:51:24,931 [DEBUG] [TIME] 3850 income_stmt: 0.17s
2026-10-02 05:51:25,217 [DEBUG] [TIME] 3850 balance_sheet: 0.29s
2026-10-02 05:51:25,356 [DEBUG] [TIME] 3850 cashflow: 0.14s
2026-10-02 05:51:25,563 [DEBUG] [TIME] 3850 dividends: 0.21s
2026-10-02 05:51:25,564 [INFO] [DETAIL] 3850 エヌ・ティ・ティ・データ・イントラマート: income_stmt=OK, balance_sheet=OK, cashflow=OK, dividends=OK
2026-10-02 05:51:25,564 [INFO] [TIME] 3850 エヌ・ティ・ティ・データ・イントラマート 処理時間: 1.10s
2026-10-02 05:51:27,651 [DEBUG] [TIME] 3851 info: 0.17s
2026-10-02 05:51:27,651 [DEBUG] yfinance OK: 3851
2026-10-02 05:51:27,810 [DEBUG] [TIME] 3851 income_stmt: 0.16s
2026-10-02 05:51:28,131 [DEBUG] [TIME] 3851 balance_sheet: 0.32s
2026-10-02 05:51:28,292 [DEBUG] [TIME] 3851 cashflow: 0.16s
2026-10-02 05:51:28,535 [DEBUG] [TIME] 3851 dividends: 0.24s
2026-10-02 05:51:28,536 [INFO] [DETAIL] 3851 日本一ソフトウェア: income_stmt=OK, balance_sheet=OK, cashflow=OK, dividends=OK
2026-10-02 05:51:28,536 [INFO] [TIME] 3851 日本一ソフトウェア 処理時間: 1.05s
2026-10-02 05:51:30,168 [DEBUG] [TIME] 3853 info: 0.17s
2026-10-02 05:51:30,168 [DEBUG] yfinance OK: 3853
2026-10-02 05:51:30,347 [DEBUG] [TIME] 3853 income_stmt: 0.18s
2026-10-02 05:51:30,510 [DEBUG] [TIME] 3853 balance_sheet: 0.16s
2026-10-02 05:51:30,656 [DEBUG] [TIME] 3853 cashflow: 0.15s
2026-10-02 05:51:30,889 [DEBUG] [TIME] 3853 dividends: 0.23s
2026-10-02 05:51:30,890 [INFO] [DETAIL] 3853 アステリア: income_stmt=OK, balance_sheet=OK, cashflow=OK, dividends=OK
2026-10-02 05:51:30,890 [INFO] [TIME] 3853 アステリア 処理時間: 0.89s
2026-10-02 05:51:32,654 [DEBUG] [TIME] 3854 info: 0.18s
2026-10-02 05:51:32,654 [DEBUG] yfinance OK: 3854
2026-10-02 05:51:32,852 [DEBUG] [TIME] 3854 income_stmt: 0.20s
2026-10-02 05:51:33,078 [DEBUG] [TIME] 3854 balance_sheet: 0.23s
2026-10-02 05:51:33,288 [DEBUG] [TIME] 3854 cashflow: 0.21s
2026-10-02 05:51:33,543 [DEBUG] [TIME] 3854 dividends: 0.25s
2026-10-02 05:51:33,544 [INFO] [DETAIL] 3854 アイル: income_stmt=OK, balance_sheet=OK, cashflow=OK, dividends=OK
2026-10-02 05:51:33,544 [INFO] [TIME] 3854 アイル 処理時間: 1.07s
2026-10-02 05:51:34,907 [DEBUG] [TIME] 3856 info: 0.20s
2026-10-02 05:51:34,907 [DEBUG] yfinance OK: 3856
2026-10-02 05:51:35,141 [DEBUG] [TIME] 3856 income_stmt: 0.23s
2026-10-02 05:51:35,316 [DEBUG] [TIME] 3856 balance_sheet: 0.17s
2026-10-02 05:51:35,437 [DEBUG] [TIME] 3856 cashflow: 0.12s
2026-10-02 05:51:35,645 [DEBUG] [TIME] 3856 dividends: 0.21s
2026-10-02 05:51:35,646 [INFO] [DETAIL] 3856 Ａｂａｌａｎｃｅ: income_stmt=OK, balance_sheet=OK, cashflow=OK, dividends=OK
2026-10-02 05:51:35,646 [INFO] [TIME] 3856 Ａｂａｌａｎｃｅ 処理時間: 0.94s
2026-10-02 05:51:37,549 [DEBUG] [TIME] 3858 info: 0.16s
2026-10-02 05:51:37,549 [DEBUG] yfinance OK: 3858
2026-10-02 05:51:37,692 [DEBUG] [TIME] 3858 income_stmt: 0.14s
2026-10-02 05:51:37,913 [DEBUG] [TIME] 3858 balance_sheet: 0.22s
2026-10-02 05:51:38,130 [DEBUG] [TIME] 3858 cashflow: 0.22s
2026-10-02 05:51:38,289 [DEBUG] [TIME] 3858 dividends: 0.16s
2026-10-02 05:51:38,289 [INFO] [DETAIL] 3858 ユビキタスＡＩ: income_stmt=OK, balance_sheet=OK, cashflow=OK, dividends=EMPTY
2026-10-02 05:51:38,289 [INFO] [TIME] 3858 ユビキタスＡＩ 処理時間: 0.90s
2026-10-02 05:51:39,982 [DEBUG] [TIME] 3861 info: 0.15s
2026-10-02 05:51:39,982 [DEBUG] yfinance OK: 3861
2026-10-02 05:51:40,160 [DEBUG] [TIME] 3861 income_stmt: 0.18s
2026-10-02 05:51:40,337 [DEBUG] [TIME] 3861 balance_sheet: 0.18s
2026-10-02 05:51:40,530 [DEBUG] [TIME] 3861 cashflow: 0.19s
2026-10-02 05:51:40,811 [DEBUG] [TIME] 3861 dividends: 0.28s
2026-10-02 05:51:40,812 [INFO] [DETAIL] 3861 王子ホールディングス: income_stmt=OK, balance_sheet=OK, cashflow=OK, dividends=OK
2026-10-02 05:51:40,812 [INFO] [TIME] 3861 王子ホールディングス 処理時間: 0.99s
2026-10-02 05:51:42,851 [DEBUG] [TIME] 3863 info: 0.15s
2026-10-02 05:51:42,851 [DEBUG] yfinance OK: 3863
2026-10-02 05:51:42,966 [DEBUG] [TIME] 3863 income_stmt: 0.11s
2026-10-02 05:51:43,121 [DEBUG] [TIME] 3863 balance_sheet: 0.15s
2026-10-02 05:51:43,250 [DEBUG] [TIME] 3863 cashflow: 0.13s
2026-10-02 05:51:43,447 [DEBUG] [TIME] 3863 dividends: 0.20s
2026-10-02 05:51:43,448 [INFO] [DETAIL] 3863 日本製紙: income_stmt=OK, balance_sheet=OK, cashflow=OK, dividends=OK
2026-10-02 05:51:43,448 [INFO] [TIME] 3863 日本製紙 処理時間: 0.75s
2026-10-02 05:51:45,505 [DEBUG] [TIME] 3864 info: 0.23s
2026-10-02 05:51:45,505 [DEBUG] yfinance OK: 3864
2026-10-02 05:51:45,700 [DEBUG] [TIME] 3864 income_stmt: 0.19s
2026-10-02 05:51:45,865 [DEBUG] [TIME] 3864 balance_sheet: 0.16s
2026-10-02 05:51:45,999 [DEBUG] [TIME] 3864 cashflow: 0.13s
2026-10-02 05:51:46,266 [DEBUG] [TIME] 3864 dividends: 0.27s
2026-10-02 05:51:46,267 [INFO] [DETAIL] 3864 三菱製紙: income_stmt=OK, balance_sheet=OK, cashflow=OK, dividends=OK
2026-10-02 05:51:46,267 [INFO] [TIME] 3864 三菱製紙 処理時間: 0.99s
2026-10-02 05:51:47,809 [DEBUG] [TIME] 3865 info: 0.28s
2026-10-02 05:51:47,809 [DEBUG] yfinance OK: 3865
2026-10-02 05:51:48,057 [DEBUG] [TIME] 3865 income_stmt: 0.25s
2026-10-02 05:51:48,325 [DEBUG] [TIME] 3865 balance_sheet: 0.27s
2026-10-02 05:51:48,554 [DEBUG] [TIME] 3865 cashflow: 0.23s
2026-10-02 05:51:48,848 [DEBUG] [TIME] 3865 dividends: 0.29s
2026-10-02 05:51:48,849 [INFO] [DETAIL] 3865 北越コーポレーション: income_stmt=OK, balance_sheet=OK, cashflow=OK, dividends=OK
2026-10-02 05:51:48,849 [INFO] [TIME] 3865 北越コーポレーション 処理時間: 1.32s
2026-10-02 05:51:50,183 [DEBUG] [TIME] 386A info: 0.25s
2026-10-02 05:51:50,184 [DEBUG] yfinance OK: 386A
2026-10-02 05:51:50,344 [DEBUG] [TIME] 386A income_stmt: 0.16s
2026-10-02 05:51:50,502 [DEBUG] [TIME] 386A balance_sheet: 0.16s
2026-10-02 05:51:50,616 [DEBUG] [TIME] 386A cashflow: 0.11s
2026-10-02 05:51:50,710 [DEBUG] [TIME] 386A dividends: 0.09s
2026-10-02 05:51:50,710 [INFO] [DETAIL] 386A みのや: income_stmt=OK, balance_sheet=OK, cashflow=OK, dividends=OK
2026-10-02 05:51:50,710 [INFO] [TIME] 386A みのや 処理時間: 0.78s
2026-10-02 05:51:52,204 [DEBUG] [TIME] 3877 info: 0.19s
2026-10-02 05:51:52,204 [DEBUG] yfinance OK: 3877
2026-10-02 05:51:52,382 [DEBUG] [TIME] 3877 income_stmt: 0.18s
2026-10-02 05:51:52,535 [DEBUG] [TIME] 3877 balance_sheet: 0.15s
2026-10-02 05:51:52,743 [DEBUG] [TIME] 3877 cashflow: 0.21s
2026-10-02 05:51:53,188 [DEBUG] [TIME] 3877 dividends: 0.44s
2026-10-02 05:51:53,189 [INFO] [DETAIL] 3877 中越パルプ工業: income_stmt=OK, balance_sheet=OK, cashflow=OK, dividends=OK
2026-10-02 05:51:53,189 [INFO] [TIME] 3877 中越パルプ工業 処理時間: 1.18s
2026-10-02 05:51:54,887 [DEBUG] [TIME] 3878 info: 0.17s
2026-10-02 05:51:54,887 [DEBUG] yfinance OK: 3878
2026-10-02 05:51:55,086 [DEBUG] [TIME] 3878 income_stmt: 0.20s
2026-10-02 05:51:55,330 [DEBUG] [TIME] 3878 balance_sheet: 0.24s
2026-10-02 05:51:55,526 [DEBUG] [TIME] 3878 cashflow: 0.19s
2026-10-02 05:51:55,818 [DEBUG] [TIME] 3878 dividends: 0.29s
2026-10-02 05:51:55,819 [INFO] [DETAIL] 3878 巴川コーポレーション: income_stmt=OK, balance_sheet=OK, cashflow=OK, dividends=OK
2026-10-02 05:51:55,819 [INFO] [TIME] 3878 巴川コーポレーション 処理時間: 1.11s
2026-10-02 05:51:57,982 [DEBUG] [TIME] 387A info: 0.17s
2026-10-02 05:51:57,982 [DEBUG] yfinance OK: 387A
2026-10-02 05:51:58,180 [DEBUG] [TIME] 387A income_stmt: 0.20s
2026-10-02 05:51:58,340 [DEBUG] [TIME] 387A balance_sheet: 0.16s
2026-10-02 05:51:58,598 [DEBUG] [TIME] 387A cashflow: 0.26s
2026-10-02 05:51:58,769 [DEBUG] [TIME] 387A dividends: 0.17s
2026-10-02 05:51:58,769 [INFO] [DETAIL] 387A フラー: income_stmt=OK, balance_sheet=OK, cashflow=OK, dividends=EMPTY
2026-10-02 05:51:58,769 [INFO] [TIME] 387A フラー 処理時間: 0.96s
2026-10-02 05:52:00,769 [DEBUG] [TIME] 3880 info: 0.22s
2026-10-02 05:52:00,769 [DEBUG] yfinance OK: 3880
2026-10-02 05:52:00,961 [DEBUG] [TIME] 3880 income_stmt: 0.19s
2026-10-02 05:52:01,139 [DEBUG] [TIME] 3880 balance_sheet: 0.18s
2026-10-02 05:52:01,394 [DEBUG] [TIME] 3880 cashflow: 0.25s
2026-10-02 05:52:01,689 [DEBUG] [TIME] 3880 dividends: 0.30s
2026-10-02 05:52:01,690 [INFO] [DETAIL] 3880 大王製紙: income_stmt=OK, balance_sheet=OK, cashflow=OK, dividends=OK
2026-10-02 05:52:01,690 [INFO] [TIME] 3880 大王製紙 処理時間: 1.14s
2026-10-02 05:52:02,937 [DEBUG] [TIME] 3891 info: 0.17s
2026-10-02 05:52:02,937 [DEBUG] yfinance OK: 3891
2026-10-02 05:52:03,093 [DEBUG] [TIME] 3891 income_stmt: 0.16s
2026-10-02 05:52:03,276 [DEBUG] [TIME] 3891 balance_sheet: 0.18s
2026-10-02 05:52:03,487 [DEBUG] [TIME] 3891 cashflow: 0.21s
2026-10-02 05:52:03,750 [DEBUG] [TIME] 3891 dividends: 0.26s
2026-10-02 05:52:03,751 [INFO] [DETAIL] 3891 ニッポン高度紙工業: income_stmt=OK, balance_sheet=OK, cashflow=OK, dividends=OK
2026-10-02 05:52:03,751 [INFO] [TIME] 3891 ニッポン高度紙工業 処理時間: 0.98s
2026-10-02 05:52:05,588 [DEBUG] [TIME] 3892 info: 0.20s
2026-10-02 05:52:05,588 [DEBUG] yfinance OK: 3892
2026-10-02 05:52:05,798 [DEBUG] [TIME] 3892 income_stmt: 0.21s
2026-10-02 05:52:06,090 [DEBUG] [TIME] 3892 balance_sheet: 0.29s
2026-10-02 05:52:06,281 [DEBUG] [TIME] 3892 cashflow: 0.19s
2026-10-02 05:52:06,568 [DEBUG] [TIME] 3892 dividends: 0.29s
2026-10-02 05:52:06,569 [INFO] [DETAIL] 3892 岡山製紙: income_stmt=OK, balance_sheet=OK, cashflow=OK, dividends=OK
2026-10-02 05:52:06,569 [INFO] [TIME] 3892 岡山製紙 処理時間: 1.18s
2026-10-02 05:52:07,814 [DEBUG] [TIME] 3895 info: 0.20s
2026-10-02 05:52:07,814 [DEBUG] yfinance OK: 3895
2026-10-02 05:52:07,954 [DEBUG] [TIME] 3895 income_stmt: 0.14s
2026-10-02 05:52:08,164 [DEBUG] [TIME] 3895 balance_sheet: 0.21s
2026-10-02 05:52:08,338 [DEBUG] [TIME] 3895 cashflow: 0.17s
2026-10-02 05:52:08,630 [DEBUG] [TIME] 3895 dividends: 0.29s
2026-10-02 05:52:08,631 [INFO] [DETAIL] 3895 ハビックス: income_stmt=OK, balance_sheet=OK, cashflow=OK, dividends=OK
2026-10-02 05:52:08,632 [INFO] [TIME] 3895 ハビックス 処理時間: 1.02s
2026-10-02 05:52:10,749 [DEBUG] [TIME] 3896 info: 0.17s
2026-10-02 05:52:10,749 [DEBUG] yfinance OK: 3896
2026-10-02 05:52:10,894 [DEBUG] [TIME] 3896 income_stmt: 0.15s
2026-10-02 05:52:11,190 [DEBUG] [TIME] 3896 balance_sheet: 0.30s
2026-10-02 05:52:11,414 [DEBUG] [TIME] 3896 cashflow: 0.22s
2026-10-02 05:52:11,635 [DEBUG] [TIME] 3896 dividends: 0.22s
2026-10-02 05:52:11,636 [INFO] [DETAIL] 3896 阿波製紙: income_stmt=OK, balance_sheet=OK, cashflow=OK, dividends=OK
2026-10-02 05:52:11,636 [INFO] [TIME] 3896 阿波製紙 処理時間: 1.06s
2026-10-02 05:52:13,119 [INFO] === 実行完了 (yf=493, warns=104, 総実行時間=20分49.8秒) ===
