2026-10-02 06:11:50,311 [INFO] === 実行開始 (500銘柄) ===
2026-10-02 06:11:50,603 [DEBUG] [TIME] 3900 info: 0.29s
2026-10-02 06:11:50,604 [DEBUG] yfinance OK: 3900
2026-10-02 06:11:50,794 [DEBUG] [TIME] 3900 income_stmt: 0.19s
2026-10-02 06:11:51,033 [DEBUG] [TIME] 3900 balance_sheet: 0.24s
2026-10-02 06:11:51,232 [DEBUG] [TIME] 3900 cashflow: 0.20s
2026-10-02 06:11:51,391 [DEBUG] [TIME] 3900 dividends: 0.16s
2026-10-02 06:11:51,392 [INFO] [DETAIL] 3900 クラウドワークス: income_stmt=OK, balance_sheet=OK, cashflow=OK, dividends=OK
2026-10-02 06:11:51,392 [INFO] [TIME] 3900 クラウドワークス 処理時間: 1.08s
2026-10-02 06:11:53,530 [DEBUG] [TIME] 3901 info: 0.14s
2026-10-02 06:11:53,531 [DEBUG] yfinance OK: 3901
2026-10-02 06:11:53,717 [DEBUG] [TIME] 3901 income_stmt: 0.19s
2026-10-02 06:11:53,828 [DEBUG] [TIME] 3901 balance_sheet: 0.11s
2026-10-02 06:11:53,923 [DEBUG] [TIME] 3901 cashflow: 0.09s
2026-10-02 06:11:54,072 [DEBUG] [TIME] 3901 dividends: 0.15s
2026-10-02 06:11:54,073 [INFO] [DETAIL] 3901 マークラインズ: income_stmt=OK, balance_sheet=OK, cashflow=OK, dividends=OK
2026-10-02 06:11:54,073 [INFO] [TIME] 3901 マークラインズ 処理時間: 0.69s
2026-10-02 06:11:56,045 [DEBUG] [TIME] 3903 info: 0.14s
2026-10-02 06:11:56,045 [DEBUG] yfinance OK: 3903
2026-10-02 06:11:56,165 [DEBUG] [TIME] 3903 income_stmt: 0.12s
2026-10-02 06:11:56,422 [DEBUG] [TIME] 3903 balance_sheet: 0.26s
2026-10-02 06:11:56,669 [DEBUG] [TIME] 3903 cashflow: 0.25s
2026-10-02 06:11:56,848 [DEBUG] [TIME] 3903 dividends: 0.18s
2026-10-02 06:11:56,849 [INFO] [DETAIL] 3903 ｇｕｍｉ: income_stmt=OK, balance_sheet=OK, cashflow=OK, dividends=OK
2026-10-02 06:11:56,849 [INFO] [TIME] 3903 ｇｕｍｉ 処理時間: 0.95s
2026-10-02 06:11:58,511 [DEBUG] [TIME] 3904 info: 0.14s
2026-10-02 06:11:58,511 [DEBUG] yfinance OK: 3904
2026-10-02 06:11:58,708 [DEBUG] [TIME] 3904 income_stmt: 0.20s
2026-10-02 06:11:59,000 [DEBUG] [TIME] 3904 balance_sheet: 0.29s
2026-10-02 06:11:59,232 [DEBUG] [TIME] 3904 cashflow: 0.23s
2026-10-02 06:11:59,423 [DEBUG] [TIME] 3904 dividends: 0.19s
2026-10-02 06:11:59,424 [INFO] [DETAIL] 3904 カヤック: income_stmt=OK, balance_sheet=OK, cashflow=OK, dividends=OK
2026-10-02 06:11:59,424 [INFO] [TIME] 3904 カヤック 処理時間: 1.06s
2026-10-02 06:12:00,730 [DEBUG] [TIME] 3905 info: 0.13s
2026-10-02 06:12:00,730 [DEBUG] yfinance OK: 3905
2026-10-02 06:12:00,902 [DEBUG] [TIME] 3905 income_stmt: 0.17s
2026-10-02 06:12:01,179 [DEBUG] [TIME] 3905 balance_sheet: 0.28s
2026-10-02 06:12:01,317 [DEBUG] [TIME] 3905 cashflow: 0.14s
2026-10-02 06:12:01,440 [DEBUG] [TIME] 3905 dividends: 0.12s
2026-10-02 06:12:01,440 [INFO] [DETAIL] 3905 データセクション: income_stmt=OK, balance_sheet=OK, cashflow=OK, dividends=EMPTY
2026-10-02 06:12:01,440 [INFO] [TIME] 3905 データセクション 処理時間: 0.84s
2026-10-02 06:12:02,945 [DEBUG] [TIME] 3907 info: 0.18s
2026-10-02 06:12:02,945 [DEBUG] yfinance OK: 3907
2026-10-02 06:12:03,115 [DEBUG] [TIME] 3907 income_stmt: 0.17s
2026-10-02 06:12:03,316 [DEBUG] [TIME] 3907 balance_sheet: 0.20s
2026-10-02 06:12:03,549 [DEBUG] [TIME] 3907 cashflow: 0.23s
2026-10-02 06:12:03,777 [DEBUG] [TIME] 3907 dividends: 0.23s
2026-10-02 06:12:03,778 [INFO] [DETAIL] 3907 シリコンスタジオ: income_stmt=OK, balance_sheet=OK, cashflow=OK, dividends=OK
2026-10-02 06:12:03,778 [INFO] [TIME] 3907 シリコンスタジオ 処理時間: 1.01s
2026-10-02 06:12:05,039 [DEBUG] [TIME] 3908 info: 0.14s
2026-10-02 06:12:05,039 [DEBUG] yfinance OK: 3908
2026-10-02 06:12:05,173 [DEBUG] [TIME] 3908 income_stmt: 0.13s
2026-10-02 06:12:05,433 [DEBUG] [TIME] 3908 balance_sheet: 0.26s
2026-10-02 06:12:05,555 [DEBUG] [TIME] 3908 cashflow: 0.12s
2026-10-02 06:12:05,703 [DEBUG] [TIME] 3908 dividends: 0.15s
2026-10-02 06:12:05,703 [INFO] [DETAIL] 3908 コラボス: income_stmt=OK, balance_sheet=OK, cashflow=OK, dividends=OK
2026-10-02 06:12:05,703 [INFO] [TIME] 3908 コラボス 処理時間: 0.81s
2026-10-02 06:12:07,666 [DEBUG] [TIME] 3909 info: 0.18s
2026-10-02 06:12:07,666 [DEBUG] yfinance OK: 3909
2026-10-02 06:12:07,844 [DEBUG] [TIME] 3909 income_stmt: 0.18s
2026-10-02 06:12:08,079 [DEBUG] [TIME] 3909 balance_sheet: 0.23s
2026-10-02 06:12:08,284 [DEBUG] [TIME] 3909 cashflow: 0.20s
2026-10-02 06:12:08,448 [DEBUG] [TIME] 3909 dividends: 0.16s
2026-10-02 06:12:08,449 [INFO] [DETAIL] 3909 ショーケース: income_stmt=OK, balance_sheet=OK, cashflow=OK, dividends=OK
2026-10-02 06:12:08,449 [INFO] [TIME] 3909 ショーケース 処理時間: 0.96s
2026-10-02 06:12:10,437 [DEBUG] [TIME] 3910 info: 0.13s
2026-10-02 06:12:10,437 [DEBUG] yfinance OK: 3910
2026-10-02 06:12:10,607 [DEBUG] [TIME] 3910 income_stmt: 0.17s
2026-10-02 06:12:10,859 [DEBUG] [TIME] 3910 balance_sheet: 0.25s
2026-10-02 06:12:10,991 [DEBUG] [TIME] 3910 cashflow: 0.13s
2026-10-02 06:12:11,195 [DEBUG] [TIME] 3910 dividends: 0.20s
2026-10-02 06:12:11,196 [INFO] [DETAIL] 3910 エムケイシステム: income_stmt=OK, balance_sheet=OK, cashflow=OK, dividends=OK
2026-10-02 06:12:11,196 [INFO] [TIME] 3910 エムケイシステム 処理時間: 0.89s
2026-10-02 06:12:12,428 [DEBUG] [TIME] 3911 info: 0.14s
2026-10-02 06:12:12,428 [DEBUG] yfinance OK: 3911
2026-10-02 06:12:12,686 [DEBUG] [TIME] 3911 income_stmt: 0.26s
2026-10-02 06:12:12,945 [DEBUG] [TIME] 3911 balance_sheet: 0.26s
2026-10-02 06:12:13,188 [DEBUG] [TIME] 3911 cashflow: 0.24s
2026-10-02 06:12:13,357 [DEBUG] [TIME] 3911 dividends: 0.17s
2026-10-02 06:12:13,358 [INFO] [DETAIL] 3911 Ａｉｍｉｎｇ: income_stmt=OK, balance_sheet=OK, cashflow=OK, dividends=OK
2026-10-02 06:12:13,358 [INFO] [TIME] 3911 Ａｉｍｉｎｇ 処理時間: 1.07s
2026-10-02 06:12:14,936 [DEBUG] [TIME] 3912 info: 0.19s
2026-10-02 06:12:14,936 [DEBUG] yfinance OK: 3912
2026-10-02 06:12:15,145 [DEBUG] [TIME] 3912 income_stmt: 0.21s
2026-10-02 06:12:15,381 [DEBUG] [TIME] 3912 balance_sheet: 0.24s
2026-10-02 06:12:15,516 [DEBUG] [TIME] 3912 cashflow: 0.13s
2026-10-02 06:12:15,658 [DEBUG] [TIME] 3912 dividends: 0.14s
2026-10-02 06:12:15,659 [INFO] [DETAIL] 3912 モバイルファクトリー: income_stmt=OK, balance_sheet=OK, cashflow=OK, dividends=OK
2026-10-02 06:12:15,660 [INFO] [TIME] 3912 モバイルファクトリー 処理時間: 0.91s
2026-10-02 06:12:17,774 [DEBUG] [TIME] 3913 info: 0.17s
2026-10-02 06:12:17,774 [DEBUG] yfinance OK: 3913
2026-10-02 06:12:17,903 [DEBUG] [TIME] 3913 income_stmt: 0.13s
2026-10-02 06:12:18,050 [DEBUG] [TIME] 3913 balance_sheet: 0.15s
2026-10-02 06:12:18,202 [DEBUG] [TIME] 3913 cashflow: 0.15s
2026-10-02 06:12:18,333 [DEBUG] [TIME] 3913 dividends: 0.13s
2026-10-02 06:12:18,333 [INFO] [DETAIL] 3913 ＧｒｅｅｎＢｅｅ: income_stmt=OK, balance_sheet=OK, cashflow=OK, dividends=EMPTY
2026-10-02 06:12:18,333 [INFO] [TIME] 3913 ＧｒｅｅｎＢｅｅ 処理時間: 0.73s
2026-10-02 06:12:19,855 [DEBUG] [TIME] 3914 info: 0.16s
2026-10-02 06:12:19,855 [DEBUG] yfinance OK: 3914
2026-10-02 06:12:20,042 [DEBUG] [TIME] 3914 income_stmt: 0.19s
2026-10-02 06:12:20,309 [DEBUG] [TIME] 3914 balance_sheet: 0.27s
2026-10-02 06:12:20,556 [DEBUG] [TIME] 3914 cashflow: 0.25s
2026-10-02 06:12:20,694 [DEBUG] [TIME] 3914 dividends: 0.14s
2026-10-02 06:12:20,694 [INFO] [DETAIL] 3914 ＪＩＧ－ＳＡＷ: income_stmt=OK, balance_sheet=OK, cashflow=OK, dividends=EMPTY
2026-10-02 06:12:20,694 [INFO] [TIME] 3914 ＪＩＧ－ＳＡＷ 処理時間: 0.99s
2026-10-02 06:12:22,763 [DEBUG] [TIME] 3915 info: 0.15s
2026-10-02 06:12:22,763 [DEBUG] yfinance OK: 3915
2026-10-02 06:12:23,065 [DEBUG] [TIME] 3915 income_stmt: 0.30s
2026-10-02 06:12:23,301 [DEBUG] [TIME] 3915 balance_sheet: 0.24s
2026-10-02 06:12:23,544 [DEBUG] [TIME] 3915 cashflow: 0.24s
2026-10-02 06:12:23,692 [DEBUG] [TIME] 3915 dividends: 0.15s
2026-10-02 06:12:23,693 [INFO] [DETAIL] 3915 テラスカイ: income_stmt=OK, balance_sheet=OK, cashflow=OK, dividends=OK
2026-10-02 06:12:23,693 [INFO] [TIME] 3915 テラスカイ 処理時間: 1.08s
2026-10-02 06:12:25,209 [DEBUG] [TIME] 3916 info: 0.17s
2026-10-02 06:12:25,209 [DEBUG] yfinance OK: 3916
2026-10-02 06:12:25,358 [DEBUG] [TIME] 3916 income_stmt: 0.15s
2026-10-02 06:12:25,533 [DEBUG] [TIME] 3916 balance_sheet: 0.17s
2026-10-02 06:12:25,691 [DEBUG] [TIME] 3916 cashflow: 0.16s
2026-10-02 06:12:25,841 [DEBUG] [TIME] 3916 dividends: 0.15s
2026-10-02 06:12:25,842 [INFO] [DETAIL] 3916 デジタル・インフォメーション・テクノロジー: income_stmt=OK, balance_sheet=OK, cashflow=OK, dividends=OK
2026-10-02 06:12:25,842 [INFO] [TIME] 3916 デジタル・インフォメーション・テクノロジー 処理時間: 0.81s
2026-10-02 06:12:27,166 [DEBUG] [TIME] 3917 info: 0.15s
2026-10-02 06:12:27,166 [DEBUG] yfinance OK: 3917
2026-10-02 06:12:27,368 [DEBUG] [TIME] 3917 income_stmt: 0.20s
2026-10-02 06:12:27,494 [DEBUG] [TIME] 3917 balance_sheet: 0.13s
2026-10-02 06:12:27,710 [DEBUG] [TIME] 3917 cashflow: 0.22s
2026-10-02 06:12:27,827 [DEBUG] [TIME] 3917 dividends: 0.12s
2026-10-02 06:12:27,827 [INFO] [DETAIL] 3917 アイリッジ: income_stmt=OK, balance_sheet=OK, cashflow=OK, dividends=EMPTY
2026-10-02 06:12:27,827 [INFO] [TIME] 3917 アイリッジ 処理時間: 0.81s
2026-10-02 06:12:29,418 [DEBUG] [TIME] 3918 info: 0.18s
2026-10-02 06:12:29,418 [DEBUG] yfinance OK: 3918
2026-10-02 06:12:29,576 [DEBUG] [TIME] 3918 income_stmt: 0.16s
2026-10-02 06:12:29,837 [DEBUG] [TIME] 3918 balance_sheet: 0.26s
2026-10-02 06:12:29,949 [DEBUG] [TIME] 3918 cashflow: 0.11s
2026-10-02 06:12:30,118 [DEBUG] [TIME] 3918 dividends: 0.17s
2026-10-02 06:12:30,119 [INFO] [DETAIL] 3918 ＰＣＩホールディングス: income_stmt=OK, balance_sheet=OK, cashflow=OK, dividends=OK
2026-10-02 06:12:30,120 [INFO] [TIME] 3918 ＰＣＩホールディングス 処理時間: 0.88s
2026-10-02 06:12:31,997 [DEBUG] [TIME] 3920 info: 0.14s
2026-10-02 06:12:31,997 [DEBUG] yfinance OK: 3920
2026-10-02 06:12:32,106 [DEBUG] [TIME] 3920 income_stmt: 0.11s
2026-10-02 06:12:32,382 [DEBUG] [TIME] 3920 balance_sheet: 0.28s
2026-10-02 06:12:32,582 [DEBUG] [TIME] 3920 cashflow: 0.20s
2026-10-02 06:12:32,722 [DEBUG] [TIME] 3920 dividends: 0.14s
2026-10-02 06:12:32,723 [INFO] [DETAIL] 3920 アイビーシー: income_stmt=OK, balance_sheet=OK, cashflow=OK, dividends=OK
2026-10-02 06:12:32,723 [INFO] [TIME] 3920 アイビーシー 処理時間: 0.87s
2026-10-02 06:12:34,081 [DEBUG] [TIME] 3921 info: 0.14s
2026-10-02 06:12:34,081 [DEBUG] yfinance OK: 3921
2026-10-02 06:12:34,235 [DEBUG] [TIME] 3921 income_stmt: 0.15s
2026-10-02 06:12:34,515 [DEBUG] [TIME] 3921 balance_sheet: 0.28s
2026-10-02 06:12:34,680 [DEBUG] [TIME] 3921 cashflow: 0.16s
2026-10-02 06:12:34,841 [DEBUG] [TIME] 3921 dividends: 0.16s
2026-10-02 06:12:34,842 [INFO] [DETAIL] 3921 ネオジャパン: income_stmt=OK, balance_sheet=OK, cashflow=OK, dividends=OK
2026-10-02 06:12:34,842 [INFO] [TIME] 3921 ネオジャパン 処理時間: 0.90s
2026-10-02 06:12:36,376 [DEBUG] [TIME] 3922 info: 0.14s
2026-10-02 06:12:36,376 [DEBUG] yfinance OK: 3922
2026-10-02 06:12:36,616 [DEBUG] [TIME] 3922 income_stmt: 0.24s
2026-10-02 06:12:36,813 [DEBUG] [TIME] 3922 balance_sheet: 0.20s
2026-10-02 06:12:36,994 [DEBUG] [TIME] 3922 cashflow: 0.18s
2026-10-02 06:12:37,132 [DEBUG] [TIME] 3922 dividends: 0.14s
2026-10-02 06:12:37,133 [INFO] [DETAIL] 3922 ＰＲ　ＴＩＭＥＳ: income_stmt=OK, balance_sheet=OK, cashflow=OK, dividends=OK
2026-10-02 06:12:37,134 [INFO] [TIME] 3922 ＰＲ　ＴＩＭＥＳ 処理時間: 0.90s
2026-10-02 06:12:39,277 [DEBUG] [TIME] 3923 info: 0.15s
2026-10-02 06:12:39,277 [DEBUG] yfinance OK: 3923
2026-10-02 06:12:39,511 [DEBUG] [TIME] 3923 income_stmt: 0.23s
2026-10-02 06:12:39,664 [DEBUG] [TIME] 3923 balance_sheet: 0.15s
2026-10-02 06:12:39,949 [DEBUG] [TIME] 3923 cashflow: 0.28s
2026-10-02 06:12:40,109 [DEBUG] [TIME] 3923 dividends: 0.16s
2026-10-02 06:12:40,110 [INFO] [DETAIL] 3923 ラクス: income_stmt=OK, balance_sheet=OK, cashflow=OK, dividends=OK
2026-10-02 06:12:40,110 [INFO] [TIME] 3923 ラクス 処理時間: 0.98s
2026-10-02 06:12:41,323 [DEBUG] [TIME] 3925 info: 0.18s
2026-10-02 06:12:41,323 [DEBUG] yfinance OK: 3925
2026-10-02 06:12:41,464 [DEBUG] [TIME] 3925 income_stmt: 0.14s
2026-10-02 06:12:41,695 [DEBUG] [TIME] 3925 balance_sheet: 0.23s
2026-10-02 06:12:41,922 [DEBUG] [TIME] 3925 cashflow: 0.23s
2026-10-02 06:12:42,071 [DEBUG] [TIME] 3925 dividends: 0.15s
2026-10-02 06:12:42,072 [INFO] [DETAIL] 3925 ダブルスタンダード: income_stmt=OK, balance_sheet=OK, cashflow=OK, dividends=OK
2026-10-02 06:12:42,072 [INFO] [TIME] 3925 ダブルスタンダード 処理時間: 0.92s
2026-10-02 06:12:44,080 [DEBUG] [TIME] 3926 info: 0.17s
2026-10-02 06:12:44,080 [DEBUG] yfinance OK: 3926
2026-10-02 06:12:44,204 [DEBUG] [TIME] 3926 income_stmt: 0.12s
2026-10-02 06:12:44,480 [DEBUG] [TIME] 3926 balance_sheet: 0.28s
2026-10-02 06:12:44,601 [DEBUG] [TIME] 3926 cashflow: 0.12s
2026-10-02 06:12:44,724 [DEBUG] [TIME] 3926 dividends: 0.12s
2026-10-02 06:12:44,724 [INFO] [DETAIL] 3926 オープンドア: income_stmt=OK, balance_sheet=OK, cashflow=OK, dividends=EMPTY
2026-10-02 06:12:44,724 [INFO] [TIME] 3926 オープンドア 処理時間: 0.82s
2026-10-02 06:12:46,766 [DEBUG] [TIME] 3927 info: 0.14s
2026-10-02 06:12:46,766 [DEBUG] yfinance OK: 3927
2026-10-02 06:12:46,940 [DEBUG] [TIME] 3927 income_stmt: 0.17s
2026-10-02 06:12:47,188 [DEBUG] [TIME] 3927 balance_sheet: 0.25s
2026-10-02 06:12:47,381 [DEBUG] [TIME] 3927 cashflow: 0.19s
2026-10-02 06:12:47,519 [DEBUG] [TIME] 3927 dividends: 0.14s
2026-10-02 06:12:47,519 [INFO] [DETAIL] 3927 フーバーブレイン: income_stmt=OK, balance_sheet=OK, cashflow=OK, dividends=OK
2026-10-02 06:12:47,519 [INFO] [TIME] 3927 フーバーブレイン 処理時間: 0.90s
2026-10-02 06:12:49,694 [DEBUG] [TIME] 3928 info: 0.20s
2026-10-02 06:12:49,694 [DEBUG] yfinance OK: 3928
2026-10-02 06:12:49,825 [DEBUG] [TIME] 3928 income_stmt: 0.13s
2026-10-02 06:12:49,994 [DEBUG] [TIME] 3928 balance_sheet: 0.17s
2026-10-02 06:12:50,134 [DEBUG] [TIME] 3928 cashflow: 0.14s
2026-10-02 06:12:50,256 [DEBUG] [TIME] 3928 dividends: 0.12s
2026-10-02 06:12:50,257 [INFO] [DETAIL] 3928 マイネット: income_stmt=OK, balance_sheet=OK, cashflow=OK, dividends=OK
2026-10-02 06:12:50,257 [INFO] [TIME] 3928 マイネット 処理時間: 0.77s
2026-10-02 06:12:52,470 [DEBUG] [TIME] 3929 info: 0.29s
2026-10-02 06:12:52,470 [DEBUG] yfinance OK: 3929
2026-10-02 06:12:52,665 [DEBUG] [TIME] 3929 income_stmt: 0.19s
2026-10-02 06:12:52,951 [DEBUG] [TIME] 3929 balance_sheet: 0.29s
2026-10-02 06:12:53,157 [DEBUG] [TIME] 3929 cashflow: 0.20s
2026-10-02 06:12:53,291 [DEBUG] [TIME] 3929 dividends: 0.13s
2026-10-02 06:12:53,292 [INFO] [DETAIL] 3929 ソーシャルワイヤー: income_stmt=OK, balance_sheet=OK, cashflow=OK, dividends=OK
2026-10-02 06:12:53,293 [INFO] [TIME] 3929 ソーシャルワイヤー 処理時間: 1.11s
2026-10-02 06:12:55,030 [DEBUG] [TIME] 3930 info: 0.16s
2026-10-02 06:12:55,030 [DEBUG] yfinance OK: 3930
2026-10-02 06:12:55,250 [DEBUG] [TIME] 3930 income_stmt: 0.22s
2026-10-02 06:12:55,472 [DEBUG] [TIME] 3930 balance_sheet: 0.22s
2026-10-02 06:12:55,626 [DEBUG] [TIME] 3930 cashflow: 0.15s
2026-10-02 06:12:55,878 [DEBUG] [TIME] 3930 dividends: 0.25s
2026-10-02 06:12:55,878 [INFO] [DETAIL] 3930 はてな: income_stmt=OK, balance_sheet=OK, cashflow=OK, dividends=EMPTY
2026-10-02 06:12:55,878 [INFO] [TIME] 3930 はてな 処理時間: 1.01s
2026-10-02 06:12:57,202 [DEBUG] [TIME] 3931 info: 0.22s
2026-10-02 06:12:57,202 [DEBUG] yfinance OK: 3931
2026-10-02 06:12:57,396 [DEBUG] [TIME] 3931 income_stmt: 0.19s
2026-10-02 06:12:57,664 [DEBUG] [TIME] 3931 balance_sheet: 0.27s
2026-10-02 06:12:58,286 [DEBUG] [TIME] 3931 cashflow: 0.62s
2026-10-02 06:12:58,437 [DEBUG] [TIME] 3931 dividends: 0.15s
2026-10-02 06:12:58,438 [INFO] [DETAIL] 3931 バリューゴルフ: income_stmt=OK, balance_sheet=OK, cashflow=OK, dividends=OK
2026-10-02 06:12:58,438 [INFO] [TIME] 3931 バリューゴルフ 処理時間: 1.46s
2026-10-02 06:12:59,884 [DEBUG] [TIME] 3932 info: 0.15s
2026-10-02 06:12:59,884 [DEBUG] yfinance OK: 3932
2026-10-02 06:13:00,012 [DEBUG] [TIME] 3932 income_stmt: 0.13s
2026-10-02 06:13:00,287 [DEBUG] [TIME] 3932 balance_sheet: 0.27s
2026-10-02 06:13:00,481 [DEBUG] [TIME] 3932 cashflow: 0.19s
2026-10-02 06:13:00,642 [DEBUG] [TIME] 3932 dividends: 0.16s
2026-10-02 06:13:00,643 [INFO] [DETAIL] 3932 アカツキ: income_stmt=OK, balance_sheet=OK, cashflow=OK, dividends=OK
2026-10-02 06:13:00,643 [INFO] [TIME] 3932 アカツキ 処理時間: 0.91s
2026-10-02 06:13:02,074 [DEBUG] [TIME] 3933 info: 0.16s
2026-10-02 06:13:02,074 [DEBUG] yfinance OK: 3933
2026-10-02 06:13:02,268 [DEBUG] [TIME] 3933 income_stmt: 0.19s
2026-10-02 06:13:02,522 [DEBUG] [TIME] 3933 balance_sheet: 0.25s
2026-10-02 06:13:02,661 [DEBUG] [TIME] 3933 cashflow: 0.14s
2026-10-02 06:13:02,794 [DEBUG] [TIME] 3933 dividends: 0.13s
2026-10-02 06:13:02,795 [INFO] [DETAIL] 3933 チエル: income_stmt=OK, balance_sheet=OK, cashflow=OK, dividends=OK
2026-10-02 06:13:02,795 [INFO] [TIME] 3933 チエル 処理時間: 0.88s
2026-10-02 06:13:04,872 [DEBUG] [TIME] 3934 info: 0.20s
2026-10-02 06:13:04,873 [DEBUG] yfinance OK: 3934
2026-10-02 06:13:04,983 [DEBUG] [TIME] 3934 income_stmt: 0.11s
2026-10-02 06:13:05,229 [DEBUG] [TIME] 3934 balance_sheet: 0.25s
2026-10-02 06:13:05,445 [DEBUG] [TIME] 3934 cashflow: 0.21s
2026-10-02 06:13:05,599 [DEBUG] [TIME] 3934 dividends: 0.15s
2026-10-02 06:13:05,600 [INFO] [DETAIL] 3934 ベネフィットジャパン: income_stmt=OK, balance_sheet=OK, cashflow=OK, dividends=OK
2026-10-02 06:13:05,600 [INFO] [TIME] 3934 ベネフィットジャパン 処理時間: 0.93s
2026-10-02 06:13:07,651 [DEBUG] [TIME] 3935 info: 0.18s
2026-10-02 06:13:07,651 [DEBUG] yfinance OK: 3935
2026-10-02 06:13:07,908 [DEBUG] [TIME] 3935 income_stmt: 0.26s
2026-10-02 06:13:08,089 [DEBUG] [TIME] 3935 balance_sheet: 0.18s
2026-10-02 06:13:08,231 [DEBUG] [TIME] 3935 cashflow: 0.14s
2026-10-02 06:13:08,409 [DEBUG] [TIME] 3935 dividends: 0.18s
2026-10-02 06:13:08,410 [INFO] [DETAIL] 3935 エディア: income_stmt=OK, balance_sheet=OK, cashflow=OK, dividends=OK
2026-10-02 06:13:08,410 [INFO] [TIME] 3935 エディア 処理時間: 0.94s
2026-10-02 06:13:09,859 [DEBUG] [TIME] 3936 info: 0.14s
2026-10-02 06:13:09,860 [DEBUG] yfinance OK: 3936
2026-10-02 06:13:10,001 [DEBUG] [TIME] 3936 income_stmt: 0.14s
2026-10-02 06:13:10,153 [DEBUG] [TIME] 3936 balance_sheet: 0.15s
2026-10-02 06:13:10,289 [DEBUG] [TIME] 3936 cashflow: 0.13s
2026-10-02 06:13:10,425 [DEBUG] [TIME] 3936 dividends: 0.14s
2026-10-02 06:13:10,426 [INFO] [DETAIL] 3936 グローバルウェイ: income_stmt=OK, balance_sheet=OK, cashflow=OK, dividends=EMPTY
2026-10-02 06:13:10,426 [INFO] [TIME] 3936 グローバルウェイ 処理時間: 0.70s
2026-10-02 06:13:11,670 [DEBUG] [TIME] 3937 info: 0.15s
2026-10-02 06:13:11,670 [DEBUG] yfinance OK: 3937
2026-10-02 06:13:11,835 [DEBUG] [TIME] 3937 income_stmt: 0.16s
2026-10-02 06:13:12,009 [DEBUG] [TIME] 3937 balance_sheet: 0.17s
2026-10-02 06:13:12,171 [DEBUG] [TIME] 3937 cashflow: 0.16s
2026-10-02 06:13:12,375 [DEBUG] [TIME] 3937 dividends: 0.20s
2026-10-02 06:13:12,376 [INFO] [DETAIL] 3937 Ｕｂｉｃｏｍホールディングス: income_stmt=OK, balance_sheet=OK, cashflow=OK, dividends=OK
2026-10-02 06:13:12,377 [INFO] [TIME] 3937 Ｕｂｉｃｏｍホールディングス 処理時間: 0.86s
2026-10-02 06:13:13,814 [DEBUG] [TIME] 3939 info: 0.14s
2026-10-02 06:13:13,814 [DEBUG] yfinance OK: 3939
2026-10-02 06:13:13,914 [DEBUG] [TIME] 3939 income_stmt: 0.10s
2026-10-02 06:13:14,078 [DEBUG] [TIME] 3939 balance_sheet: 0.16s
2026-10-02 06:13:14,310 [DEBUG] [TIME] 3939 cashflow: 0.23s
2026-10-02 06:13:14,484 [DEBUG] [TIME] 3939 dividends: 0.17s
2026-10-02 06:13:14,485 [INFO] [DETAIL] 3939 カナミックネットワーク: income_stmt=OK, balance_sheet=OK, cashflow=OK, dividends=OK
2026-10-02 06:13:14,486 [INFO] [TIME] 3939 カナミックネットワーク 処理時間: 0.81s
2026-10-02 06:13:15,751 [DEBUG] [TIME] 3940 info: 0.16s
2026-10-02 06:13:15,752 [DEBUG] yfinance OK: 3940
2026-10-02 06:13:15,944 [DEBUG] [TIME] 3940 income_stmt: 0.19s
2026-10-02 06:13:16,089 [DEBUG] [TIME] 3940 balance_sheet: 0.14s
2026-10-02 06:13:16,235 [DEBUG] [TIME] 3940 cashflow: 0.14s
2026-10-02 06:13:16,380 [DEBUG] [TIME] 3940 dividends: 0.15s
2026-10-02 06:13:16,381 [INFO] [DETAIL] 3940 ノムラシステムコーポレーション: income_stmt=OK, balance_sheet=OK, cashflow=OK, dividends=OK
2026-10-02 06:13:16,381 [INFO] [TIME] 3940 ノムラシステムコーポレーション 処理時間: 0.79s
2026-10-02 06:13:17,788 [DEBUG] [TIME] 3941 info: 0.17s
2026-10-02 06:13:17,789 [DEBUG] yfinance OK: 3941
2026-10-02 06:13:17,935 [DEBUG] [TIME] 3941 income_stmt: 0.15s
2026-10-02 06:13:18,199 [DEBUG] [TIME] 3941 balance_sheet: 0.26s
2026-10-02 06:13:18,408 [DEBUG] [TIME] 3941 cashflow: 0.21s
2026-10-02 06:13:18,645 [DEBUG] [TIME] 3941 dividends: 0.24s
2026-10-02 06:13:18,647 [INFO] [DETAIL] 3941 レンゴー: income_stmt=OK, balance_sheet=OK, cashflow=OK, dividends=OK
2026-10-02 06:13:18,647 [INFO] [TIME] 3941 レンゴー 処理時間: 1.03s
2026-10-02 06:13:20,607 [DEBUG] [TIME] 3943 info: 0.24s
2026-10-02 06:13:20,607 [DEBUG] yfinance OK: 3943
2026-10-02 06:13:20,859 [DEBUG] [TIME] 3943 income_stmt: 0.25s
2026-10-02 06:13:21,061 [DEBUG] [TIME] 3943 balance_sheet: 0.20s
2026-10-02 06:13:21,305 [DEBUG] [TIME] 3943 cashflow: 0.24s
2026-10-02 06:13:21,465 [DEBUG] [TIME] 3943 dividends: 0.16s
2026-10-02 06:13:21,466 [INFO] [DETAIL] 3943 大石産業: income_stmt=OK, balance_sheet=OK, cashflow=OK, dividends=OK
2026-10-02 06:13:21,466 [INFO] [TIME] 3943 大石産業 処理時間: 1.10s
2026-10-02 06:13:23,266 [DEBUG] [TIME] 3944 info: 0.14s
2026-10-02 06:13:23,266 [DEBUG] yfinance OK: 3944
2026-10-02 06:13:23,413 [DEBUG] [TIME] 3944 income_stmt: 0.15s
2026-10-02 06:13:23,558 [DEBUG] [TIME] 3944 balance_sheet: 0.14s
2026-10-02 06:13:23,785 [DEBUG] [TIME] 3944 cashflow: 0.23s
2026-10-02 06:13:24,102 [DEBUG] [TIME] 3944 dividends: 0.32s
2026-10-02 06:13:24,103 [INFO] [DETAIL] 3944 古林紙工: income_stmt=OK, balance_sheet=OK, cashflow=OK, dividends=OK
2026-10-02 06:13:24,103 [INFO] [TIME] 3944 古林紙工 処理時間: 0.98s
2026-10-02 06:13:25,313 [DEBUG] [TIME] 3945 info: 0.15s
2026-10-02 06:13:25,313 [DEBUG] yfinance OK: 3945
2026-10-02 06:13:25,449 [DEBUG] [TIME] 3945 income_stmt: 0.14s
2026-10-02 06:13:25,662 [DEBUG] [TIME] 3945 balance_sheet: 0.21s
2026-10-02 06:13:25,856 [DEBUG] [TIME] 3945 cashflow: 0.19s
2026-10-02 06:13:26,148 [DEBUG] [TIME] 3945 dividends: 0.29s
2026-10-02 06:13:26,149 [INFO] [DETAIL] 3945 スーパーバッグ: income_stmt=OK, balance_sheet=OK, cashflow=OK, dividends=OK
2026-10-02 06:13:26,149 [INFO] [TIME] 3945 スーパーバッグ 処理時間: 0.98s
2026-10-02 06:13:27,576 [DEBUG] [TIME] 3946 info: 0.15s
2026-10-02 06:13:27,576 [DEBUG] yfinance OK: 3946
2026-10-02 06:13:27,794 [DEBUG] [TIME] 3946 income_stmt: 0.22s
2026-10-02 06:13:28,030 [DEBUG] [TIME] 3946 balance_sheet: 0.24s
2026-10-02 06:13:28,256 [DEBUG] [TIME] 3946 cashflow: 0.23s
2026-10-02 06:13:28,595 [DEBUG] [TIME] 3946 dividends: 0.34s
2026-10-02 06:13:28,596 [INFO] [DETAIL] 3946 トーモク: income_stmt=OK, balance_sheet=OK, cashflow=OK, dividends=OK
2026-10-02 06:13:28,596 [INFO] [TIME] 3946 トーモク 処理時間: 1.17s
2026-10-02 06:13:30,557 [DEBUG] [TIME] 3947 info: 0.16s
2026-10-02 06:13:30,557 [DEBUG] yfinance OK: 3947
2026-10-02 06:13:30,687 [DEBUG] [TIME] 3947 income_stmt: 0.13s
2026-10-02 06:13:30,971 [DEBUG] [TIME] 3947 balance_sheet: 0.28s
2026-10-02 06:13:31,140 [DEBUG] [TIME] 3947 cashflow: 0.17s
2026-10-02 06:13:31,385 [DEBUG] [TIME] 3947 dividends: 0.24s
2026-10-02 06:13:31,386 [INFO] [DETAIL] 3947 ダイナパック: income_stmt=OK, balance_sheet=OK, cashflow=OK, dividends=OK
2026-10-02 06:13:31,386 [INFO] [TIME] 3947 ダイナパック 処理時間: 0.99s
2026-10-02 06:13:32,709 [DEBUG] [TIME] 3948 info: 0.19s
2026-10-02 06:13:32,709 [DEBUG] yfinance OK: 3948
2026-10-02 06:13:32,893 [DEBUG] [TIME] 3948 income_stmt: 0.18s
2026-10-02 06:13:33,143 [DEBUG] [TIME] 3948 balance_sheet: 0.25s
2026-10-02 06:13:33,377 [DEBUG] [TIME] 3948 cashflow: 0.23s
2026-10-02 06:13:33,621 [DEBUG] [TIME] 3948 dividends: 0.24s
2026-10-02 06:13:33,622 [INFO] [DETAIL] 3948 光ビジネスフォーム: income_stmt=OK, balance_sheet=OK, cashflow=OK, dividends=OK
2026-10-02 06:13:33,622 [INFO] [TIME] 3948 光ビジネスフォーム 処理時間: 1.10s
2026-10-02 06:13:34,828 [DEBUG] [TIME] 3950 info: 0.16s
2026-10-02 06:13:34,828 [DEBUG] yfinance OK: 3950
2026-10-02 06:13:34,967 [DEBUG] [TIME] 3950 income_stmt: 0.14s
2026-10-02 06:13:35,155 [DEBUG] [TIME] 3950 balance_sheet: 0.19s
2026-10-02 06:13:35,333 [DEBUG] [TIME] 3950 cashflow: 0.18s
2026-10-02 06:13:35,590 [DEBUG] [TIME] 3950 dividends: 0.26s
2026-10-02 06:13:35,591 [INFO] [DETAIL] 3950 ザ・パック: income_stmt=OK, balance_sheet=OK, cashflow=OK, dividends=OK
2026-10-02 06:13:35,591 [INFO] [TIME] 3950 ザ・パック 処理時間: 0.92s
2026-10-02 06:13:36,948 [DEBUG] [TIME] 3951 info: 0.14s
2026-10-02 06:13:36,948 [DEBUG] yfinance OK: 3951
2026-10-02 06:13:37,138 [DEBUG] [TIME] 3951 income_stmt: 0.19s
2026-10-02 06:13:37,343 [DEBUG] [TIME] 3951 balance_sheet: 0.20s
2026-10-02 06:13:37,547 [DEBUG] [TIME] 3951 cashflow: 0.20s
2026-10-02 06:13:37,798 [DEBUG] [TIME] 3951 dividends: 0.25s
2026-10-02 06:13:37,799 [INFO] [DETAIL] 3951 朝日印刷: income_stmt=OK, balance_sheet=OK, cashflow=OK, dividends=OK
2026-10-02 06:13:37,799 [INFO] [TIME] 3951 朝日印刷 処理時間: 0.99s
2026-10-02 06:13:39,177 [DEBUG] [TIME] 3953 info: 0.16s
2026-10-02 06:13:39,177 [DEBUG] yfinance OK: 3953
2026-10-02 06:13:39,383 [DEBUG] [TIME] 3953 income_stmt: 0.21s
2026-10-02 06:13:39,577 [DEBUG] [TIME] 3953 balance_sheet: 0.19s
2026-10-02 06:13:39,749 [DEBUG] [TIME] 3953 cashflow: 0.17s
2026-10-02 06:13:40,015 [DEBUG] [TIME] 3953 dividends: 0.27s
2026-10-02 06:13:40,016 [INFO] [DETAIL] 3953 大村紙業: income_stmt=OK, balance_sheet=OK, cashflow=OK, dividends=OK
2026-10-02 06:13:40,016 [INFO] [TIME] 3953 大村紙業 処理時間: 1.00s
2026-10-02 06:13:41,276 [DEBUG] [TIME] 3954 info: 0.14s
2026-10-02 06:13:41,276 [DEBUG] yfinance OK: 3954
2026-10-02 06:13:41,468 [DEBUG] [TIME] 3954 income_stmt: 0.19s
2026-10-02 06:13:41,714 [DEBUG] [TIME] 3954 balance_sheet: 0.25s
2026-10-02 06:13:41,950 [DEBUG] [TIME] 3954 cashflow: 0.24s
2026-10-02 06:13:42,153 [DEBUG] [TIME] 3954 dividends: 0.20s
2026-10-02 06:13:42,154 [INFO] [DETAIL] 3954 昭和パックス: income_stmt=OK, balance_sheet=OK, cashflow=OK, dividends=OK
2026-10-02 06:13:42,154 [INFO] [TIME] 3954 昭和パックス 処理時間: 1.02s
2026-10-02 06:13:43,875 [DEBUG] [TIME] 3955 info: 0.17s
2026-10-02 06:13:43,875 [DEBUG] yfinance OK: 3955
2026-10-02 06:13:44,024 [DEBUG] [TIME] 3955 income_stmt: 0.15s
2026-10-02 06:13:44,272 [DEBUG] [TIME] 3955 balance_sheet: 0.25s
2026-10-02 06:13:44,418 [DEBUG] [TIME] 3955 cashflow: 0.15s
2026-10-02 06:13:44,692 [DEBUG] [TIME] 3955 dividends: 0.27s
2026-10-02 06:13:44,693 [INFO] [DETAIL] 3955 イムラ: income_stmt=OK, balance_sheet=OK, cashflow=OK, dividends=OK
2026-10-02 06:13:44,693 [INFO] [TIME] 3955 イムラ 処理時間: 0.99s
2026-10-02 06:13:46,471 [DEBUG] [TIME] 3958 info: 0.15s
2026-10-02 06:13:46,471 [DEBUG] yfinance OK: 3958
2026-10-02 06:13:46,628 [DEBUG] [TIME] 3958 income_stmt: 0.16s
2026-10-02 06:13:46,794 [DEBUG] [TIME] 3958 balance_sheet: 0.16s
2026-10-02 06:13:47,013 [DEBUG] [TIME] 3958 cashflow: 0.22s
2026-10-02 06:13:47,110 [DEBUG] [TIME] 3958 dividends: 0.10s
2026-10-02 06:13:47,111 [INFO] [DETAIL] 3958 笹徳印刷: income_stmt=OK, balance_sheet=OK, cashflow=OK, dividends=OK
2026-10-02 06:13:47,111 [INFO] [TIME] 3958 笹徳印刷 処理時間: 0.79s
2026-10-02 06:13:48,720 [DEBUG] [TIME] 3962 info: 0.15s
2026-10-02 06:13:48,720 [DEBUG] yfinance OK: 3962
2026-10-02 06:13:48,873 [DEBUG] [TIME] 3962 income_stmt: 0.15s
2026-10-02 06:13:49,092 [DEBUG] [TIME] 3962 balance_sheet: 0.22s
2026-10-02 06:13:49,315 [DEBUG] [TIME] 3962 cashflow: 0.22s
2026-10-02 06:13:49,505 [DEBUG] [TIME] 3962 dividends: 0.19s
2026-10-02 06:13:49,506 [INFO] [DETAIL] 3962 チェンジホールディングス: income_stmt=OK, balance_sheet=OK, cashflow=OK, dividends=OK
2026-10-02 06:13:49,506 [INFO] [TIME] 3962 チェンジホールディングス 処理時間: 0.93s
2026-10-02 06:13:50,870 [DEBUG] [TIME] 3963 info: 0.14s
2026-10-02 06:13:50,870 [DEBUG] yfinance OK: 3963
2026-10-02 06:13:51,014 [DEBUG] [TIME] 3963 income_stmt: 0.14s
2026-10-02 06:13:51,285 [DEBUG] [TIME] 3963 balance_sheet: 0.27s
2026-10-02 06:13:51,416 [DEBUG] [TIME] 3963 cashflow: 0.13s
2026-10-02 06:13:51,540 [DEBUG] [TIME] 3963 dividends: 0.12s
2026-10-02 06:13:51,541 [INFO] [DETAIL] 3963 シンクロ・フード: income_stmt=OK, balance_sheet=OK, cashflow=OK, dividends=OK
2026-10-02 06:13:51,542 [INFO] [TIME] 3963 シンクロ・フード 処理時間: 0.81s
2026-10-02 06:13:53,163 [DEBUG] [TIME] 3964 info: 0.17s
2026-10-02 06:13:53,164 [DEBUG] yfinance OK: 3964
2026-10-02 06:13:53,294 [DEBUG] [TIME] 3964 income_stmt: 0.13s
2026-10-02 06:13:53,460 [DEBUG] [TIME] 3964 balance_sheet: 0.17s
2026-10-02 06:13:53,595 [DEBUG] [TIME] 3964 cashflow: 0.13s
2026-10-02 06:13:53,759 [DEBUG] [TIME] 3964 dividends: 0.16s
2026-10-02 06:13:53,760 [INFO] [DETAIL] 3964 オークネット: income_stmt=OK, balance_sheet=OK, cashflow=OK, dividends=OK
2026-10-02 06:13:53,760 [INFO] [TIME] 3964 オークネット 処理時間: 0.77s
2026-10-02 06:13:55,512 [DEBUG] [TIME] 3965 info: 0.14s
2026-10-02 06:13:55,512 [DEBUG] yfinance OK: 3965
2026-10-02 06:13:55,700 [DEBUG] [TIME] 3965 income_stmt: 0.19s
2026-10-02 06:13:55,910 [DEBUG] [TIME] 3965 balance_sheet: 0.21s
2026-10-02 06:13:56,101 [DEBUG] [TIME] 3965 cashflow: 0.19s
2026-10-02 06:13:56,239 [DEBUG] [TIME] 3965 dividends: 0.14s
2026-10-02 06:13:56,240 [INFO] [DETAIL] 3965 キャピタル・アセット・プランニング: income_stmt=OK, balance_sheet=OK, cashflow=OK, dividends=OK
2026-10-02 06:13:56,240 [INFO] [TIME] 3965 キャピタル・アセット・プランニング 処理時間: 0.87s
2026-10-02 06:13:57,446 [DEBUG] [TIME] 3967 info: 0.14s
2026-10-02 06:13:57,446 [DEBUG] yfinance OK: 3967
2026-10-02 06:13:57,633 [DEBUG] [TIME] 3967 income_stmt: 0.19s
2026-10-02 06:13:57,899 [DEBUG] [TIME] 3967 balance_sheet: 0.27s
2026-10-02 06:13:58,146 [DEBUG] [TIME] 3967 cashflow: 0.25s
2026-10-02 06:13:58,314 [DEBUG] [TIME] 3967 dividends: 0.17s
2026-10-02 06:13:58,314 [INFO] [DETAIL] 3967 エルテス: income_stmt=OK, balance_sheet=OK, cashflow=OK, dividends=EMPTY
2026-10-02 06:13:58,314 [INFO] [TIME] 3967 エルテス 処理時間: 1.00s
2026-10-02 06:14:00,077 [DEBUG] [TIME] 3968 info: 0.14s
2026-10-02 06:14:00,077 [DEBUG] yfinance OK: 3968
2026-10-02 06:14:00,277 [DEBUG] [TIME] 3968 income_stmt: 0.20s
2026-10-02 06:14:00,451 [DEBUG] [TIME] 3968 balance_sheet: 0.17s
2026-10-02 06:14:00,670 [DEBUG] [TIME] 3968 cashflow: 0.22s
2026-10-02 06:14:00,814 [DEBUG] [TIME] 3968 dividends: 0.14s
2026-10-02 06:14:00,815 [INFO] [DETAIL] 3968 セグエグループ: income_stmt=OK, balance_sheet=OK, cashflow=OK, dividends=OK
2026-10-02 06:14:00,815 [INFO] [TIME] 3968 セグエグループ 処理時間: 0.88s
2026-10-02 06:14:02,185 [DEBUG] [TIME] 3969 info: 0.18s
2026-10-02 06:14:02,186 [DEBUG] yfinance OK: 3969
2026-10-02 06:14:02,366 [DEBUG] [TIME] 3969 income_stmt: 0.18s
2026-10-02 06:14:02,587 [DEBUG] [TIME] 3969 balance_sheet: 0.22s
2026-10-02 06:14:02,799 [DEBUG] [TIME] 3969 cashflow: 0.21s
2026-10-02 06:14:03,008 [DEBUG] [TIME] 3969 dividends: 0.21s
2026-10-02 06:14:03,009 [INFO] [DETAIL] 3969 エイトレッド: income_stmt=OK, balance_sheet=OK, cashflow=OK, dividends=OK
2026-10-02 06:14:03,009 [INFO] [TIME] 3969 エイトレッド 処理時間: 1.01s
2026-10-02 06:14:05,039 [DEBUG] [TIME] 3970 info: 0.15s
2026-10-02 06:14:05,039 [DEBUG] yfinance OK: 3970
2026-10-02 06:14:05,228 [DEBUG] [TIME] 3970 income_stmt: 0.19s
2026-10-02 06:14:05,371 [DEBUG] [TIME] 3970 balance_sheet: 0.14s
2026-10-02 06:14:05,630 [DEBUG] [TIME] 3970 cashflow: 0.26s
2026-10-02 06:14:05,778 [DEBUG] [TIME] 3970 dividends: 0.15s
2026-10-02 06:14:05,779 [INFO] [DETAIL] 3970 イノベーション: income_stmt=OK, balance_sheet=OK, cashflow=OK, dividends=OK
2026-10-02 06:14:05,779 [INFO] [TIME] 3970 イノベーション 処理時間: 0.89s
2026-10-02 06:14:06,972 [DEBUG] [TIME] 3974 info: 0.15s
2026-10-02 06:14:06,973 [DEBUG] yfinance OK: 3974
2026-10-02 06:14:07,129 [DEBUG] [TIME] 3974 income_stmt: 0.16s
2026-10-02 06:14:07,263 [DEBUG] [TIME] 3974 balance_sheet: 0.13s
2026-10-02 06:14:07,505 [DEBUG] [TIME] 3974 cashflow: 0.24s
2026-10-02 06:14:07,652 [DEBUG] [TIME] 3974 dividends: 0.15s
2026-10-02 06:14:07,653 [INFO] [DETAIL] 3974 ＳＣＡＴ: income_stmt=OK, balance_sheet=OK, cashflow=OK, dividends=OK
2026-10-02 06:14:07,653 [INFO] [TIME] 3974 ＳＣＡＴ 処理時間: 0.83s
2026-10-02 06:14:09,238 [DEBUG] [TIME] 3976 info: 0.14s
2026-10-02 06:14:09,239 [DEBUG] yfinance OK: 3976
2026-10-02 06:14:09,356 [DEBUG] [TIME] 3976 income_stmt: 0.12s
2026-10-02 06:14:09,608 [DEBUG] [TIME] 3976 balance_sheet: 0.25s
2026-10-02 06:14:09,724 [DEBUG] [TIME] 3976 cashflow: 0.11s
2026-10-02 06:14:09,870 [DEBUG] [TIME] 3976 dividends: 0.15s
2026-10-02 06:14:09,870 [INFO] [DETAIL] 3976 シャノン: income_stmt=OK, balance_sheet=OK, cashflow=OK, dividends=EMPTY
2026-10-02 06:14:09,870 [INFO] [TIME] 3976 シャノン 処理時間: 0.77s
2026-10-02 06:14:11,028 [DEBUG] [TIME] 3979 info: 0.14s
2026-10-02 06:14:11,028 [DEBUG] yfinance OK: 3979
2026-10-02 06:14:11,208 [DEBUG] [TIME] 3979 income_stmt: 0.18s
2026-10-02 06:14:11,553 [DEBUG] [TIME] 3979 balance_sheet: 0.34s
2026-10-02 06:14:11,773 [DEBUG] [TIME] 3979 cashflow: 0.22s
2026-10-02 06:14:12,093 [DEBUG] [TIME] 3979 dividends: 0.32s
2026-10-02 06:14:12,094 [INFO] [DETAIL] 3979 うるる: income_stmt=OK, balance_sheet=OK, cashflow=OK, dividends=OK
2026-10-02 06:14:12,094 [INFO] [TIME] 3979 うるる 処理時間: 1.21s
2026-10-02 06:14:14,132 [DEBUG] [TIME] 3981 info: 0.14s
2026-10-02 06:14:14,132 [DEBUG] yfinance OK: 3981
2026-10-02 06:14:14,274 [DEBUG] [TIME] 3981 income_stmt: 0.14s
2026-10-02 06:14:14,543 [DEBUG] [TIME] 3981 balance_sheet: 0.27s
2026-10-02 06:14:14,816 [DEBUG] [TIME] 3981 cashflow: 0.27s
2026-10-02 06:14:14,971 [DEBUG] [TIME] 3981 dividends: 0.16s
2026-10-02 06:14:14,972 [INFO] [DETAIL] 3981 ビーグリー: income_stmt=OK, balance_sheet=OK, cashflow=OK, dividends=OK
2026-10-02 06:14:14,972 [INFO] [TIME] 3981 ビーグリー 処理時間: 0.98s
2026-10-02 06:14:17,117 [DEBUG] [TIME] 3983 info: 0.14s
2026-10-02 06:14:17,117 [DEBUG] yfinance OK: 3983
2026-10-02 06:14:17,359 [DEBUG] [TIME] 3983 income_stmt: 0.24s
2026-10-02 06:14:17,629 [DEBUG] [TIME] 3983 balance_sheet: 0.27s
2026-10-02 06:14:17,840 [DEBUG] [TIME] 3983 cashflow: 0.21s
2026-10-02 06:14:18,022 [DEBUG] [TIME] 3983 dividends: 0.18s
2026-10-02 06:14:18,023 [INFO] [DETAIL] 3983 オロ: income_stmt=OK, balance_sheet=OK, cashflow=OK, dividends=OK
2026-10-02 06:14:18,023 [INFO] [TIME] 3983 オロ 処理時間: 1.05s
2026-10-02 06:14:19,954 [DEBUG] [TIME] 3984 info: 0.14s
2026-10-02 06:14:19,954 [DEBUG] yfinance OK: 3984
2026-10-02 06:14:20,116 [DEBUG] [TIME] 3984 income_stmt: 0.16s
2026-10-02 06:14:20,264 [DEBUG] [TIME] 3984 balance_sheet: 0.15s
2026-10-02 06:14:20,499 [DEBUG] [TIME] 3984 cashflow: 0.23s
2026-10-02 06:14:20,661 [DEBUG] [TIME] 3984 dividends: 0.16s
2026-10-02 06:14:20,662 [INFO] [DETAIL] 3984 ユーザーローカル: income_stmt=OK, balance_sheet=OK, cashflow=OK, dividends=OK
2026-10-02 06:14:20,662 [INFO] [TIME] 3984 ユーザーローカル 処理時間: 0.84s
2026-10-02 06:14:22,666 [DEBUG] [TIME] 3985 info: 0.18s
2026-10-02 06:14:22,667 [DEBUG] yfinance OK: 3985
2026-10-02 06:14:22,811 [DEBUG] [TIME] 3985 income_stmt: 0.14s
2026-10-02 06:14:23,105 [DEBUG] [TIME] 3985 balance_sheet: 0.29s
2026-10-02 06:14:23,311 [DEBUG] [TIME] 3985 cashflow: 0.21s
2026-10-02 06:14:23,417 [DEBUG] [TIME] 3985 dividends: 0.11s
2026-10-02 06:14:23,417 [INFO] [DETAIL] 3985 テモナ: income_stmt=OK, balance_sheet=OK, cashflow=OK, dividends=EMPTY
2026-10-02 06:14:23,417 [INFO] [TIME] 3985 テモナ 処理時間: 0.93s
2026-10-02 06:14:24,698 [DEBUG] [TIME] 3986 info: 0.22s
2026-10-02 06:14:24,698 [DEBUG] yfinance OK: 3986
2026-10-02 06:14:24,910 [DEBUG] [TIME] 3986 income_stmt: 0.21s
2026-10-02 06:14:25,070 [DEBUG] [TIME] 3986 balance_sheet: 0.16s
2026-10-02 06:14:25,215 [DEBUG] [TIME] 3986 cashflow: 0.14s
2026-10-02 06:14:25,363 [DEBUG] [TIME] 3986 dividends: 0.15s
2026-10-02 06:14:25,364 [INFO] [DETAIL] 3986 ビーブレイクシステムズ: income_stmt=OK, balance_sheet=OK, cashflow=OK, dividends=OK
2026-10-02 06:14:25,364 [INFO] [TIME] 3986 ビーブレイクシステムズ 処理時間: 0.88s
2026-10-02 06:14:27,397 [DEBUG] [TIME] 3987 info: 0.16s
2026-10-02 06:14:27,397 [DEBUG] yfinance OK: 3987
2026-10-02 06:14:27,552 [DEBUG] [TIME] 3987 income_stmt: 0.15s
2026-10-02 06:14:27,799 [DEBUG] [TIME] 3987 balance_sheet: 0.25s
2026-10-02 06:14:27,921 [DEBUG] [TIME] 3987 cashflow: 0.12s
2026-10-02 06:14:28,047 [DEBUG] [TIME] 3987 dividends: 0.13s
2026-10-02 06:14:28,047 [INFO] [DETAIL] 3987 エコモット: income_stmt=OK, balance_sheet=OK, cashflow=OK, dividends=EMPTY
2026-10-02 06:14:28,047 [INFO] [TIME] 3987 エコモット 処理時間: 0.81s
2026-10-02 06:14:29,365 [DEBUG] [TIME] 3988 info: 0.14s
2026-10-02 06:14:29,365 [DEBUG] yfinance OK: 3988
2026-10-02 06:14:29,559 [DEBUG] [TIME] 3988 income_stmt: 0.19s
2026-10-02 06:14:29,687 [DEBUG] [TIME] 3988 balance_sheet: 0.13s
2026-10-02 06:14:29,919 [DEBUG] [TIME] 3988 cashflow: 0.23s
2026-10-02 06:14:30,038 [DEBUG] [TIME] 3988 dividends: 0.12s
2026-10-02 06:14:30,039 [INFO] [DETAIL] 3988 ＳＹＳホールディングス: income_stmt=OK, balance_sheet=OK, cashflow=OK, dividends=OK
2026-10-02 06:14:30,039 [INFO] [TIME] 3988 ＳＹＳホールディングス 処理時間: 0.82s
2026-10-02 06:14:31,848 [DEBUG] [TIME] 3989 info: 0.17s
2026-10-02 06:14:31,848 [DEBUG] yfinance OK: 3989
2026-10-02 06:14:31,984 [DEBUG] [TIME] 3989 income_stmt: 0.14s
2026-10-02 06:14:32,139 [DEBUG] [TIME] 3989 balance_sheet: 0.16s
2026-10-02 06:14:32,361 [DEBUG] [TIME] 3989 cashflow: 0.22s
2026-10-02 06:14:32,560 [DEBUG] [TIME] 3989 dividends: 0.20s
2026-10-02 06:14:32,561 [INFO] [DETAIL] 3989 シェアリングテクノロジー: income_stmt=OK, balance_sheet=OK, cashflow=OK, dividends=OK
2026-10-02 06:14:32,561 [INFO] [TIME] 3989 シェアリングテクノロジー 処理時間: 0.88s
2026-10-02 06:14:33,718 [DEBUG] [TIME] 3991 info: 0.15s
2026-10-02 06:14:33,718 [DEBUG] yfinance OK: 3991
2026-10-02 06:14:33,817 [DEBUG] [TIME] 3991 income_stmt: 0.10s
2026-10-02 06:14:33,966 [DEBUG] [TIME] 3991 balance_sheet: 0.15s
2026-10-02 06:14:34,093 [DEBUG] [TIME] 3991 cashflow: 0.13s
2026-10-02 06:14:34,294 [DEBUG] [TIME] 3991 dividends: 0.20s
2026-10-02 06:14:34,295 [INFO] [DETAIL] 3991 ウォンテッドリー: income_stmt=OK, balance_sheet=OK, cashflow=OK, dividends=OK
2026-10-02 06:14:34,295 [INFO] [TIME] 3991 ウォンテッドリー 処理時間: 0.72s
2026-10-02 06:14:36,297 [DEBUG] [TIME] 3992 info: 0.14s
2026-10-02 06:14:36,297 [DEBUG] yfinance OK: 3992
2026-10-02 06:14:36,483 [DEBUG] [TIME] 3992 income_stmt: 0.19s
2026-10-02 06:14:36,737 [DEBUG] [TIME] 3992 balance_sheet: 0.25s
2026-10-02 06:14:36,911 [DEBUG] [TIME] 3992 cashflow: 0.17s
2026-10-02 06:14:37,116 [DEBUG] [TIME] 3992 dividends: 0.20s
2026-10-02 06:14:37,117 [INFO] [DETAIL] 3992 ニーズウェル: income_stmt=OK, balance_sheet=OK, cashflow=OK, dividends=OK
2026-10-02 06:14:37,117 [INFO] [TIME] 3992 ニーズウェル 処理時間: 0.96s
2026-10-02 06:14:38,662 [DEBUG] [TIME] 3993 info: 0.22s
2026-10-02 06:14:38,662 [DEBUG] yfinance OK: 3993
2026-10-02 06:14:38,847 [DEBUG] [TIME] 3993 income_stmt: 0.19s
2026-10-02 06:14:39,008 [DEBUG] [TIME] 3993 balance_sheet: 0.16s
2026-10-02 06:14:39,145 [DEBUG] [TIME] 3993 cashflow: 0.14s
2026-10-02 06:14:39,269 [DEBUG] [TIME] 3993 dividends: 0.12s
2026-10-02 06:14:39,270 [INFO] [DETAIL] 3993 ＰＫＳＨＡ　Ｔｅｃｈｎｏｌｏｇｙ: income_stmt=OK, balance_sheet=OK, cashflow=OK, dividends=OK
2026-10-02 06:14:39,270 [INFO] [TIME] 3993 ＰＫＳＨＡ　Ｔｅｃｈｎｏｌｏｇｙ 処理時間: 0.83s
2026-10-02 06:14:40,570 [DEBUG] [TIME] 3994 info: 0.17s
2026-10-02 06:14:40,570 [DEBUG] yfinance OK: 3994
2026-10-02 06:14:40,746 [DEBUG] [TIME] 3994 income_stmt: 0.18s
2026-10-02 06:14:40,913 [DEBUG] [TIME] 3994 balance_sheet: 0.17s
2026-10-02 06:14:41,144 [DEBUG] [TIME] 3994 cashflow: 0.23s
2026-10-02 06:14:41,251 [DEBUG] [TIME] 3994 dividends: 0.11s
2026-10-02 06:14:41,251 [INFO] [DETAIL] 3994 マネーフォワード: income_stmt=OK, balance_sheet=OK, cashflow=OK, dividends=EMPTY
2026-10-02 06:14:41,251 [INFO] [TIME] 3994 マネーフォワード 処理時間: 0.85s
2026-10-02 06:14:42,555 [DEBUG] [TIME] 3996 info: 0.16s
2026-10-02 06:14:42,555 [DEBUG] yfinance OK: 3996
2026-10-02 06:14:42,686 [DEBUG] [TIME] 3996 income_stmt: 0.13s
2026-10-02 06:14:42,878 [DEBUG] [TIME] 3996 balance_sheet: 0.19s
2026-10-02 06:14:43,024 [DEBUG] [TIME] 3996 cashflow: 0.15s
2026-10-02 06:14:43,207 [DEBUG] [TIME] 3996 dividends: 0.18s
2026-10-02 06:14:43,208 [INFO] [DETAIL] 3996 サインポスト: income_stmt=OK, balance_sheet=OK, cashflow=OK, dividends=OK
2026-10-02 06:14:43,208 [INFO] [TIME] 3996 サインポスト 処理時間: 0.81s
2026-10-02 06:14:45,281 [DEBUG] [TIME] 3997 info: 0.14s
2026-10-02 06:14:45,281 [DEBUG] yfinance OK: 3997
2026-10-02 06:14:45,490 [DEBUG] [TIME] 3997 income_stmt: 0.21s
2026-10-02 06:14:45,808 [DEBUG] [TIME] 3997 balance_sheet: 0.32s
2026-10-02 06:14:45,958 [DEBUG] [TIME] 3997 cashflow: 0.15s
2026-10-02 06:14:46,118 [DEBUG] [TIME] 3997 dividends: 0.16s
2026-10-02 06:14:46,119 [INFO] [DETAIL] 3997 トレードワークス: income_stmt=OK, balance_sheet=OK, cashflow=OK, dividends=OK
2026-10-02 06:14:46,119 [INFO] [TIME] 3997 トレードワークス 処理時間: 0.97s
2026-10-02 06:14:47,519 [DEBUG] [TIME] 3998 info: 0.21s
2026-10-02 06:14:47,519 [DEBUG] yfinance OK: 3998
2026-10-02 06:14:47,659 [DEBUG] [TIME] 3998 income_stmt: 0.14s
2026-10-02 06:14:47,925 [DEBUG] [TIME] 3998 balance_sheet: 0.27s
2026-10-02 06:14:48,091 [DEBUG] [TIME] 3998 cashflow: 0.17s
2026-10-02 06:14:48,251 [DEBUG] [TIME] 3998 dividends: 0.16s
2026-10-02 06:14:48,251 [INFO] [DETAIL] 3998 すららネット: income_stmt=OK, balance_sheet=OK, cashflow=OK, dividends=EMPTY
2026-10-02 06:14:48,251 [INFO] [TIME] 3998 すららネット 処理時間: 0.94s
2026-10-02 06:14:49,569 [DEBUG] [TIME] 4004 info: 0.13s
2026-10-02 06:14:49,569 [DEBUG] yfinance OK: 4004
2026-10-02 06:14:49,828 [DEBUG] [TIME] 4004 income_stmt: 0.26s
2026-10-02 06:14:50,113 [DEBUG] [TIME] 4004 balance_sheet: 0.28s
2026-10-02 06:14:50,322 [DEBUG] [TIME] 4004 cashflow: 0.21s
2026-10-02 06:14:50,588 [DEBUG] [TIME] 4004 dividends: 0.27s
2026-10-02 06:14:50,589 [INFO] [DETAIL] 4004 レゾナック・ホールディングス: income_stmt=OK, balance_sheet=OK, cashflow=OK, dividends=OK
2026-10-02 06:14:50,589 [INFO] [TIME] 4004 レゾナック・ホールディングス 処理時間: 1.16s
2026-10-02 06:14:52,561 [DEBUG] [TIME] 4005 info: 0.20s
2026-10-02 06:14:52,561 [DEBUG] yfinance OK: 4005
2026-10-02 06:14:52,702 [DEBUG] [TIME] 4005 income_stmt: 0.14s
2026-10-02 06:14:53,061 [DEBUG] [TIME] 4005 balance_sheet: 0.36s
2026-10-02 06:14:53,248 [DEBUG] [TIME] 4005 cashflow: 0.19s
2026-10-02 06:14:53,481 [DEBUG] [TIME] 4005 dividends: 0.23s
2026-10-02 06:14:53,482 [INFO] [DETAIL] 4005 住友化学: income_stmt=OK, balance_sheet=OK, cashflow=OK, dividends=OK
2026-10-02 06:14:53,482 [INFO] [TIME] 4005 住友化学 処理時間: 1.13s
2026-10-02 06:14:55,350 [DEBUG] [TIME] 4008 info: 0.14s
2026-10-02 06:14:55,350 [DEBUG] yfinance OK: 4008
2026-10-02 06:14:55,489 [DEBUG] [TIME] 4008 income_stmt: 0.14s
2026-10-02 06:14:55,758 [DEBUG] [TIME] 4008 balance_sheet: 0.27s
2026-10-02 06:14:55,981 [DEBUG] [TIME] 4008 cashflow: 0.22s
2026-10-02 06:14:56,343 [DEBUG] [TIME] 4008 dividends: 0.36s
2026-10-02 06:14:56,344 [INFO] [DETAIL] 4008 住友精化: income_stmt=OK, balance_sheet=OK, cashflow=OK, dividends=OK
2026-10-02 06:14:56,344 [INFO] [TIME] 4008 住友精化 処理時間: 1.14s
2026-10-02 06:14:57,610 [DEBUG] [TIME] 4011 info: 0.19s
2026-10-02 06:14:57,610 [DEBUG] yfinance OK: 4011
2026-10-02 06:14:57,756 [DEBUG] [TIME] 4011 income_stmt: 0.15s
2026-10-02 06:14:58,031 [DEBUG] [TIME] 4011 balance_sheet: 0.27s
2026-10-02 06:14:58,232 [DEBUG] [TIME] 4011 cashflow: 0.20s
2026-10-02 06:14:58,331 [DEBUG] [TIME] 4011 dividends: 0.10s
2026-10-02 06:14:58,331 [INFO] [DETAIL] 4011 ヘッドウォータース: income_stmt=OK, balance_sheet=OK, cashflow=OK, dividends=EMPTY
2026-10-02 06:14:58,332 [INFO] [TIME] 4011 ヘッドウォータース 処理時間: 0.91s
2026-10-02 06:14:59,484 [DEBUG] [TIME] 4012 info: 0.14s
2026-10-02 06:14:59,484 [DEBUG] yfinance OK: 4012
2026-10-02 06:14:59,649 [DEBUG] [TIME] 4012 income_stmt: 0.16s
2026-10-02 06:14:59,813 [DEBUG] [TIME] 4012 balance_sheet: 0.16s
2026-10-02 06:14:59,960 [DEBUG] [TIME] 4012 cashflow: 0.15s
2026-10-02 06:15:00,071 [DEBUG] [TIME] 4012 dividends: 0.11s
2026-10-02 06:15:00,072 [INFO] [DETAIL] 4012 アクシス: income_stmt=OK, balance_sheet=OK, cashflow=OK, dividends=OK
2026-10-02 06:15:00,072 [INFO] [TIME] 4012 アクシス 処理時間: 0.72s
2026-10-02 06:15:01,803 [DEBUG] [TIME] 4013 info: 0.38s
2026-10-02 06:15:01,803 [DEBUG] yfinance OK: 4013
2026-10-02 06:15:01,924 [DEBUG] [TIME] 4013 income_stmt: 0.12s
2026-10-02 06:15:02,178 [DEBUG] [TIME] 4013 balance_sheet: 0.25s
2026-10-02 06:15:02,426 [DEBUG] [TIME] 4013 cashflow: 0.25s
2026-10-02 06:15:02,599 [DEBUG] [TIME] 4013 dividends: 0.17s
2026-10-02 06:15:02,600 [INFO] [DETAIL] 4013 勤次郎: income_stmt=OK, balance_sheet=OK, cashflow=OK, dividends=OK
2026-10-02 06:15:02,600 [INFO] [TIME] 4013 勤次郎 処理時間: 1.18s
2026-10-02 06:15:04,765 [DEBUG] [TIME] 4014 info: 0.16s
2026-10-02 06:15:04,765 [DEBUG] yfinance OK: 4014
2026-10-02 06:15:04,938 [DEBUG] [TIME] 4014 income_stmt: 0.17s
2026-10-02 06:15:05,094 [DEBUG] [TIME] 4014 balance_sheet: 0.16s
2026-10-02 06:15:05,211 [DEBUG] [TIME] 4014 cashflow: 0.12s
2026-10-02 06:15:05,328 [DEBUG] [TIME] 4014 dividends: 0.12s
2026-10-02 06:15:05,328 [INFO] [DETAIL] 4014 カラダノート: income_stmt=OK, balance_sheet=OK, cashflow=OK, dividends=EMPTY
2026-10-02 06:15:05,328 [INFO] [TIME] 4014 カラダノート 処理時間: 0.73s
2026-10-02 06:15:07,482 [DEBUG] [TIME] 4015 info: 0.17s
2026-10-02 06:15:07,482 [DEBUG] yfinance OK: 4015
2026-10-02 06:15:07,596 [DEBUG] [TIME] 4015 income_stmt: 0.11s
2026-10-02 06:15:07,887 [DEBUG] [TIME] 4015 balance_sheet: 0.29s
2026-10-02 06:15:08,034 [DEBUG] [TIME] 4015 cashflow: 0.15s
2026-10-02 06:15:08,135 [DEBUG] [TIME] 4015 dividends: 0.10s
2026-10-02 06:15:08,136 [INFO] [DETAIL] 4015 ペイクラウドホールディングス: income_stmt=OK, balance_sheet=OK, cashflow=OK, dividends=EMPTY
2026-10-02 06:15:08,136 [INFO] [TIME] 4015 ペイクラウドホールディングス 処理時間: 0.83s
2026-10-02 06:15:09,569 [DEBUG] [TIME] 4016 info: 0.14s
2026-10-02 06:15:09,569 [DEBUG] yfinance OK: 4016
2026-10-02 06:15:09,800 [DEBUG] [TIME] 4016 income_stmt: 0.23s
2026-10-02 06:15:10,118 [DEBUG] [TIME] 4016 balance_sheet: 0.32s
2026-10-02 06:15:10,384 [DEBUG] [TIME] 4016 cashflow: 0.27s
2026-10-02 06:15:10,526 [DEBUG] [TIME] 4016 dividends: 0.14s
2026-10-02 06:15:10,527 [INFO] [DETAIL] 4016 ＭＩＴホールディングス: income_stmt=OK, balance_sheet=OK, cashflow=OK, dividends=OK
2026-10-02 06:15:10,527 [INFO] [TIME] 4016 ＭＩＴホールディングス 処理時間: 1.10s
2026-10-02 06:15:12,335 [DEBUG] [TIME] 4017 info: 0.20s
2026-10-02 06:15:12,335 [DEBUG] yfinance OK: 4017
2026-10-02 06:15:12,476 [DEBUG] [TIME] 4017 income_stmt: 0.14s
2026-10-02 06:15:12,672 [DEBUG] [TIME] 4017 balance_sheet: 0.19s
2026-10-02 06:15:12,917 [DEBUG] [TIME] 4017 cashflow: 0.24s
2026-10-02 06:15:13,012 [DEBUG] [TIME] 4017 dividends: 0.09s
2026-10-02 06:15:13,012 [INFO] [DETAIL] 4017 クリーマ: income_stmt=OK, balance_sheet=OK, cashflow=OK, dividends=EMPTY
2026-10-02 06:15:13,012 [INFO] [TIME] 4017 クリーマ 処理時間: 0.88s
2026-10-02 06:15:14,488 [DEBUG] [TIME] 4019 info: 0.15s
2026-10-02 06:15:14,488 [DEBUG] yfinance OK: 4019
2026-10-02 06:15:14,625 [DEBUG] [TIME] 4019 income_stmt: 0.14s
2026-10-02 06:15:14,934 [DEBUG] [TIME] 4019 balance_sheet: 0.31s
2026-10-02 06:15:15,141 [DEBUG] [TIME] 4019 cashflow: 0.21s
2026-10-02 06:15:15,254 [DEBUG] [TIME] 4019 dividends: 0.11s
2026-10-02 06:15:15,255 [INFO] [DETAIL] 4019 スタメン: income_stmt=OK, balance_sheet=OK, cashflow=OK, dividends=OK
2026-10-02 06:15:15,255 [INFO] [TIME] 4019 スタメン 処理時間: 0.91s
2026-10-02 06:15:16,888 [DEBUG] [TIME] 4020 info: 0.14s
2026-10-02 06:15:16,888 [DEBUG] yfinance OK: 4020
2026-10-02 06:15:17,012 [DEBUG] [TIME] 4020 income_stmt: 0.12s
2026-10-02 06:15:17,199 [DEBUG] [TIME] 4020 balance_sheet: 0.19s
2026-10-02 06:15:17,336 [DEBUG] [TIME] 4020 cashflow: 0.14s
2026-10-02 06:15:17,452 [DEBUG] [TIME] 4020 dividends: 0.12s
2026-10-02 06:15:17,453 [INFO] [DETAIL] 4020 ビートレンド: income_stmt=OK, balance_sheet=OK, cashflow=OK, dividends=EMPTY
2026-10-02 06:15:17,453 [INFO] [TIME] 4020 ビートレンド 処理時間: 0.71s
2026-10-02 06:15:18,911 [DEBUG] [TIME] 4021 info: 0.15s
2026-10-02 06:15:18,911 [DEBUG] yfinance OK: 4021
2026-10-02 06:15:19,067 [DEBUG] [TIME] 4021 income_stmt: 0.16s
2026-10-02 06:15:19,261 [DEBUG] [TIME] 4021 balance_sheet: 0.19s
2026-10-02 06:15:19,503 [DEBUG] [TIME] 4021 cashflow: 0.24s
2026-10-02 06:15:19,747 [DEBUG] [TIME] 4021 dividends: 0.24s
2026-10-02 06:15:19,748 [INFO] [DETAIL] 4021 日産化学: income_stmt=OK, balance_sheet=OK, cashflow=OK, dividends=OK
2026-10-02 06:15:19,748 [INFO] [TIME] 4021 日産化学 処理時間: 0.98s
2026-10-02 06:15:21,349 [DEBUG] [TIME] 4022 info: 0.19s
2026-10-02 06:15:21,350 [DEBUG] yfinance OK: 4022
2026-10-02 06:15:21,578 [DEBUG] [TIME] 4022 income_stmt: 0.23s
2026-10-02 06:15:21,760 [DEBUG] [TIME] 4022 balance_sheet: 0.18s
2026-10-02 06:15:21,975 [DEBUG] [TIME] 4022 cashflow: 0.21s
2026-10-02 06:15:22,193 [DEBUG] [TIME] 4022 dividends: 0.22s
2026-10-02 06:15:22,194 [INFO] [DETAIL] 4022 ラサ工業: income_stmt=OK, balance_sheet=OK, cashflow=OK, dividends=OK
2026-10-02 06:15:22,195 [INFO] [TIME] 4022 ラサ工業 処理時間: 1.04s
2026-10-02 06:15:23,389 [DEBUG] [TIME] 4023 info: 0.15s
2026-10-02 06:15:23,389 [DEBUG] yfinance OK: 4023
2026-10-02 06:15:23,510 [DEBUG] [TIME] 4023 income_stmt: 0.12s
2026-10-02 06:15:23,678 [DEBUG] [TIME] 4023 balance_sheet: 0.17s
2026-10-02 06:15:23,898 [DEBUG] [TIME] 4023 cashflow: 0.22s
2026-10-02 06:15:24,131 [DEBUG] [TIME] 4023 dividends: 0.23s
2026-10-02 06:15:24,132 [INFO] [DETAIL] 4023 クレハ: income_stmt=OK, balance_sheet=OK, cashflow=OK, dividends=OK
2026-10-02 06:15:24,132 [INFO] [TIME] 4023 クレハ 処理時間: 0.89s
2026-10-02 06:15:25,889 [DEBUG] [TIME] 4025 info: 0.23s
2026-10-02 06:15:25,889 [DEBUG] yfinance OK: 4025
2026-10-02 06:15:26,067 [DEBUG] [TIME] 4025 income_stmt: 0.18s
2026-10-02 06:15:26,336 [DEBUG] [TIME] 4025 balance_sheet: 0.27s
2026-10-02 06:15:26,537 [DEBUG] [TIME] 4025 cashflow: 0.20s
2026-10-02 06:15:26,793 [DEBUG] [TIME] 4025 dividends: 0.26s
2026-10-02 06:15:26,794 [INFO] [DETAIL] 4025 多木化学: income_stmt=OK, balance_sheet=OK, cashflow=OK, dividends=OK
2026-10-02 06:15:26,794 [INFO] [TIME] 4025 多木化学 処理時間: 1.13s
2026-10-02 06:15:28,855 [DEBUG] [TIME] 4026 info: 0.17s
2026-10-02 06:15:28,855 [DEBUG] yfinance OK: 4026
2026-10-02 06:15:28,992 [DEBUG] [TIME] 4026 income_stmt: 0.14s
2026-10-02 06:15:29,273 [DEBUG] [TIME] 4026 balance_sheet: 0.28s
2026-10-02 06:15:29,491 [DEBUG] [TIME] 4026 cashflow: 0.22s
2026-10-02 06:15:29,733 [DEBUG] [TIME] 4026 dividends: 0.24s
2026-10-02 06:15:29,734 [INFO] [DETAIL] 4026 神島化学工業: income_stmt=OK, balance_sheet=OK, cashflow=OK, dividends=OK
2026-10-02 06:15:29,734 [INFO] [TIME] 4026 神島化学工業 処理時間: 1.05s
2026-10-02 06:15:31,672 [DEBUG] [TIME] 4027 info: 0.16s
2026-10-02 06:15:31,672 [DEBUG] yfinance OK: 4027
2026-10-02 06:15:31,874 [DEBUG] [TIME] 4027 income_stmt: 0.20s
2026-10-02 06:15:32,189 [DEBUG] [TIME] 4027 balance_sheet: 0.31s
2026-10-02 06:15:32,383 [DEBUG] [TIME] 4027 cashflow: 0.19s
2026-10-02 06:15:32,651 [DEBUG] [TIME] 4027 dividends: 0.27s
2026-10-02 06:15:32,653 [INFO] [DETAIL] 4027 テイカ: income_stmt=OK, balance_sheet=OK, cashflow=OK, dividends=OK
2026-10-02 06:15:32,653 [INFO] [TIME] 4027 テイカ 処理時間: 1.15s
2026-10-02 06:15:34,071 [DEBUG] [TIME] 4028 info: 0.15s
2026-10-02 06:15:34,071 [DEBUG] yfinance OK: 4028
2026-10-02 06:15:34,273 [DEBUG] [TIME] 4028 income_stmt: 0.20s
2026-10-02 06:15:34,567 [DEBUG] [TIME] 4028 balance_sheet: 0.29s
2026-10-02 06:15:34,762 [DEBUG] [TIME] 4028 cashflow: 0.19s
2026-10-02 06:15:34,967 [DEBUG] [TIME] 4028 dividends: 0.20s
2026-10-02 06:15:34,968 [INFO] [DETAIL] 4028 石原産業: income_stmt=OK, balance_sheet=OK, cashflow=OK, dividends=OK
2026-10-02 06:15:34,968 [INFO] [TIME] 4028 石原産業 処理時間: 1.04s
2026-10-02 06:15:36,250 [DEBUG] [TIME] 402A info: 0.14s
2026-10-02 06:15:36,250 [DEBUG] yfinance OK: 402A
2026-10-02 06:15:36,353 [DEBUG] [TIME] 402A income_stmt: 0.10s
2026-10-02 06:15:36,507 [DEBUG] [TIME] 402A balance_sheet: 0.15s
2026-10-02 06:15:36,689 [DEBUG] [TIME] 402A cashflow: 0.18s
2026-10-02 06:15:36,780 [DEBUG] [TIME] 402A dividends: 0.09s
2026-10-02 06:15:36,780 [INFO] [DETAIL] 402A アクセルスペースホールディングス: income_stmt=OK, balance_sheet=OK, cashflow=OK, dividends=EMPTY
2026-10-02 06:15:36,780 [INFO] [TIME] 402A アクセルスペースホールディングス 処理時間: 0.67s
2026-10-02 06:15:38,485 [DEBUG] [TIME] 4031 info: 0.13s
2026-10-02 06:15:38,485 [DEBUG] yfinance OK: 4031
2026-10-02 06:15:38,597 [DEBUG] [TIME] 4031 income_stmt: 0.11s
2026-10-02 06:15:38,767 [DEBUG] [TIME] 4031 balance_sheet: 0.17s
2026-10-02 06:15:38,960 [DEBUG] [TIME] 4031 cashflow: 0.19s
2026-10-02 06:15:39,223 [DEBUG] [TIME] 4031 dividends: 0.26s
2026-10-02 06:15:39,224 [INFO] [DETAIL] 4031 片倉コープアグリ: income_stmt=OK, balance_sheet=OK, cashflow=OK, dividends=OK
2026-10-02 06:15:39,224 [INFO] [TIME] 4031 片倉コープアグリ 処理時間: 0.87s
2026-10-02 06:15:41,214 [DEBUG] [TIME] 4040 info: 0.17s
2026-10-02 06:15:41,214 [DEBUG] yfinance OK: 4040
2026-10-02 06:15:41,424 [DEBUG] [TIME] 4040 income_stmt: 0.21s
2026-10-02 06:15:41,583 [DEBUG] [TIME] 4040 balance_sheet: 0.16s
2026-10-02 06:15:41,763 [DEBUG] [TIME] 4040 cashflow: 0.18s
2026-10-02 06:15:41,894 [DEBUG] [TIME] 4040 dividends: 0.13s
2026-10-02 06:15:41,895 [INFO] [DETAIL] 4040 南海化学: income_stmt=OK, balance_sheet=OK, cashflow=OK, dividends=OK
2026-10-02 06:15:41,895 [INFO] [TIME] 4040 南海化学 処理時間: 0.85s
2026-10-02 06:15:43,607 [DEBUG] [TIME] 4041 info: 0.17s
2026-10-02 06:15:43,607 [DEBUG] yfinance OK: 4041
2026-10-02 06:15:43,822 [DEBUG] [TIME] 4041 income_stmt: 0.21s
2026-10-02 06:15:44,120 [DEBUG] [TIME] 4041 balance_sheet: 0.30s
2026-10-02 06:15:44,322 [DEBUG] [TIME] 4041 cashflow: 0.20s
2026-10-02 06:15:44,581 [DEBUG] [TIME] 4041 dividends: 0.26s
2026-10-02 06:15:44,582 [INFO] [DETAIL] 4041 日本曹達: income_stmt=OK, balance_sheet=OK, cashflow=OK, dividends=OK
2026-10-02 06:15:44,582 [INFO] [TIME] 4041 日本曹達 処理時間: 1.14s
2026-10-02 06:15:45,987 [DEBUG] [TIME] 4042 info: 0.17s
2026-10-02 06:15:45,987 [DEBUG] yfinance OK: 4042
2026-10-02 06:15:46,198 [DEBUG] [TIME] 4042 income_stmt: 0.21s
2026-10-02 06:15:46,449 [DEBUG] [TIME] 4042 balance_sheet: 0.25s
2026-10-02 06:15:46,598 [DEBUG] [TIME] 4042 cashflow: 0.15s
2026-10-02 06:15:46,831 [DEBUG] [TIME] 4042 dividends: 0.23s
2026-10-02 06:15:46,832 [INFO] [DETAIL] 4042 東ソー: income_stmt=OK, balance_sheet=OK, cashflow=OK, dividends=OK
2026-10-02 06:15:46,832 [INFO] [TIME] 4042 東ソー 処理時間: 1.02s
2026-10-02 06:15:48,409 [DEBUG] [TIME] 4043 info: 0.14s
2026-10-02 06:15:48,409 [DEBUG] yfinance OK: 4043
2026-10-02 06:15:48,622 [DEBUG] [TIME] 4043 income_stmt: 0.21s
2026-10-02 06:15:48,818 [DEBUG] [TIME] 4043 balance_sheet: 0.20s
2026-10-02 06:15:49,039 [DEBUG] [TIME] 4043 cashflow: 0.22s
2026-10-02 06:15:49,391 [DEBUG] [TIME] 4043 dividends: 0.35s
2026-10-02 06:15:49,392 [INFO] [DETAIL] 4043 トクヤマ: income_stmt=OK, balance_sheet=OK, cashflow=OK, dividends=OK
2026-10-02 06:15:49,392 [INFO] [TIME] 4043 トクヤマ 処理時間: 1.12s
2026-10-02 06:15:51,502 [DEBUG] [TIME] 4044 info: 0.14s
2026-10-02 06:15:51,502 [DEBUG] yfinance OK: 4044
2026-10-02 06:15:51,650 [DEBUG] [TIME] 4044 income_stmt: 0.15s
2026-10-02 06:15:51,840 [DEBUG] [TIME] 4044 balance_sheet: 0.19s
2026-10-02 06:15:51,996 [DEBUG] [TIME] 4044 cashflow: 0.15s
2026-10-02 06:15:52,280 [DEBUG] [TIME] 4044 dividends: 0.28s
2026-10-02 06:15:52,281 [INFO] [DETAIL] 4044 セントラル硝子: income_stmt=OK, balance_sheet=OK, cashflow=OK, dividends=OK
2026-10-02 06:15:52,281 [INFO] [TIME] 4044 セントラル硝子 処理時間: 0.92s
2026-10-02 06:15:54,174 [DEBUG] [TIME] 4045 info: 0.19s
2026-10-02 06:15:54,174 [DEBUG] yfinance OK: 4045
2026-10-02 06:15:54,376 [DEBUG] [TIME] 4045 income_stmt: 0.20s
2026-10-02 06:15:54,625 [DEBUG] [TIME] 4045 balance_sheet: 0.25s
2026-10-02 06:15:54,845 [DEBUG] [TIME] 4045 cashflow: 0.22s
2026-10-02 06:15:55,102 [DEBUG] [TIME] 4045 dividends: 0.26s
2026-10-02 06:15:55,103 [INFO] [DETAIL] 4045 東亞合成: income_stmt=OK, balance_sheet=OK, cashflow=OK, dividends=OK
2026-10-02 06:15:55,103 [INFO] [TIME] 4045 東亞合成 処理時間: 1.12s
2026-10-02 06:15:56,624 [DEBUG] [TIME] 4046 info: 0.14s
2026-10-02 06:15:56,624 [DEBUG] yfinance OK: 4046
2026-10-02 06:15:56,819 [DEBUG] [TIME] 4046 income_stmt: 0.19s
2026-10-02 06:15:57,092 [DEBUG] [TIME] 4046 balance_sheet: 0.27s
2026-10-02 06:15:57,289 [DEBUG] [TIME] 4046 cashflow: 0.20s
2026-10-02 06:15:57,573 [DEBUG] [TIME] 4046 dividends: 0.28s
2026-10-02 06:15:57,574 [INFO] [DETAIL] 4046 大阪ソーダ: income_stmt=OK, balance_sheet=OK, cashflow=OK, dividends=OK
2026-10-02 06:15:57,574 [INFO] [TIME] 4046 大阪ソーダ 処理時間: 1.09s
2026-10-02 06:15:59,132 [DEBUG] [TIME] 4047 info: 0.15s
2026-10-02 06:15:59,132 [DEBUG] yfinance OK: 4047
2026-10-02 06:15:59,268 [DEBUG] [TIME] 4047 income_stmt: 0.14s
2026-10-02 06:15:59,458 [DEBUG] [TIME] 4047 balance_sheet: 0.19s
2026-10-02 06:15:59,630 [DEBUG] [TIME] 4047 cashflow: 0.17s
2026-10-02 06:15:59,838 [DEBUG] [TIME] 4047 dividends: 0.21s
2026-10-02 06:15:59,839 [INFO] [DETAIL] 4047 関東電化工業: income_stmt=OK, balance_sheet=OK, cashflow=OK, dividends=OK
2026-10-02 06:15:59,839 [INFO] [TIME] 4047 関東電化工業 処理時間: 0.86s
2026-10-02 06:16:01,313 [DEBUG] [TIME] 4051 info: 0.25s
2026-10-02 06:16:01,313 [DEBUG] yfinance OK: 4051
2026-10-02 06:16:01,478 [DEBUG] [TIME] 4051 income_stmt: 0.16s
2026-10-02 06:16:01,650 [DEBUG] [TIME] 4051 balance_sheet: 0.17s
2026-10-02 06:16:01,880 [DEBUG] [TIME] 4051 cashflow: 0.23s
2026-10-02 06:16:02,011 [DEBUG] [TIME] 4051 dividends: 0.13s
2026-10-02 06:16:02,012 [INFO] [DETAIL] 4051 ＧＭＯフィナンシャルゲート: income_stmt=OK, balance_sheet=OK, cashflow=OK, dividends=OK
2026-10-02 06:16:02,012 [INFO] [TIME] 4051 ＧＭＯフィナンシャルゲート 処理時間: 0.94s
2026-10-02 06:16:03,227 [DEBUG] [TIME] 4052 info: 0.19s
2026-10-02 06:16:03,227 [DEBUG] yfinance OK: 4052
2026-10-02 06:16:03,405 [DEBUG] [TIME] 4052 income_stmt: 0.18s
2026-10-02 06:16:03,649 [DEBUG] [TIME] 4052 balance_sheet: 0.24s
2026-10-02 06:16:03,870 [DEBUG] [TIME] 4052 cashflow: 0.22s
2026-10-02 06:16:03,991 [DEBUG] [TIME] 4052 dividends: 0.12s
2026-10-02 06:16:03,991 [INFO] [DETAIL] 4052 フィーチャ: income_stmt=OK, balance_sheet=OK, cashflow=OK, dividends=EMPTY
2026-10-02 06:16:03,992 [INFO] [TIME] 4052 フィーチャ 処理時間: 0.96s
2026-10-02 06:16:05,560 [DEBUG] [TIME] 4053 info: 0.14s
2026-10-02 06:16:05,560 [DEBUG] yfinance OK: 4053
2026-10-02 06:16:05,814 [DEBUG] [TIME] 4053 income_stmt: 0.25s
2026-10-02 06:16:06,134 [DEBUG] [TIME] 4053 balance_sheet: 0.32s
2026-10-02 06:16:06,356 [DEBUG] [TIME] 4053 cashflow: 0.22s
2026-10-02 06:16:06,496 [DEBUG] [TIME] 4053 dividends: 0.14s
2026-10-02 06:16:06,496 [INFO] [DETAIL] 4053 Ｓｕｎ　Ａｓｔｅｒｉｓｋ: income_stmt=OK, balance_sheet=OK, cashflow=OK, dividends=EMPTY
2026-10-02 06:16:06,496 [INFO] [TIME] 4053 Ｓｕｎ　Ａｓｔｅｒｉｓｋ 処理時間: 1.07s
2026-10-02 06:16:08,581 [DEBUG] [TIME] 4054 info: 0.17s
2026-10-02 06:16:08,582 [DEBUG] yfinance OK: 4054
2026-10-02 06:16:08,715 [DEBUG] [TIME] 4054 income_stmt: 0.13s
2026-10-02 06:16:08,876 [DEBUG] [TIME] 4054 balance_sheet: 0.16s
2026-10-02 06:16:09,095 [DEBUG] [TIME] 4054 cashflow: 0.22s
2026-10-02 06:16:09,245 [DEBUG] [TIME] 4054 dividends: 0.15s
2026-10-02 06:16:09,246 [INFO] [DETAIL] 4054 日本情報クリエイト: income_stmt=OK, balance_sheet=OK, cashflow=OK, dividends=OK
2026-10-02 06:16:09,246 [INFO] [TIME] 4054 日本情報クリエイト 処理時間: 0.84s
2026-10-02 06:16:10,744 [DEBUG] [TIME] 4055 info: 0.15s
2026-10-02 06:16:10,744 [DEBUG] yfinance OK: 4055
2026-10-02 06:16:10,934 [DEBUG] [TIME] 4055 income_stmt: 0.19s
2026-10-02 06:16:11,209 [DEBUG] [TIME] 4055 balance_sheet: 0.27s
2026-10-02 06:16:11,335 [DEBUG] [TIME] 4055 cashflow: 0.13s
2026-10-02 06:16:11,448 [DEBUG] [TIME] 4055 dividends: 0.11s
2026-10-02 06:16:11,449 [INFO] [DETAIL] 4055 ティアンドエスグループ: income_stmt=OK, balance_sheet=OK, cashflow=OK, dividends=OK
2026-10-02 06:16:11,449 [INFO] [TIME] 4055 ティアンドエスグループ 処理時間: 0.85s
2026-10-02 06:16:12,925 [DEBUG] [TIME] 4056 info: 0.19s
2026-10-02 06:16:12,925 [DEBUG] yfinance OK: 4056
2026-10-02 06:16:13,041 [DEBUG] [TIME] 4056 income_stmt: 0.12s
2026-10-02 06:16:13,235 [DEBUG] [TIME] 4056 balance_sheet: 0.19s
2026-10-02 06:16:13,414 [DEBUG] [TIME] 4056 cashflow: 0.18s
2026-10-02 06:16:13,559 [DEBUG] [TIME] 4056 dividends: 0.14s
2026-10-02 06:16:13,559 [INFO] [DETAIL] 4056 ニューラルグループ: income_stmt=OK, balance_sheet=OK, cashflow=OK, dividends=EMPTY
2026-10-02 06:16:13,559 [INFO] [TIME] 4056 ニューラルグループ 処理時間: 0.82s
2026-10-02 06:16:15,137 [DEBUG] [TIME] 4057 info: 0.20s
2026-10-02 06:16:15,137 [DEBUG] yfinance OK: 4057
2026-10-02 06:16:15,272 [DEBUG] [TIME] 4057 income_stmt: 0.14s
2026-10-02 06:16:15,452 [DEBUG] [TIME] 4057 balance_sheet: 0.18s
2026-10-02 06:16:15,671 [DEBUG] [TIME] 4057 cashflow: 0.22s
2026-10-02 06:16:15,767 [DEBUG] [TIME] 4057 dividends: 0.10s
2026-10-02 06:16:15,767 [INFO] [DETAIL] 4057 インターファクトリー: income_stmt=OK, balance_sheet=OK, cashflow=OK, dividends=EMPTY
2026-10-02 06:16:15,767 [INFO] [TIME] 4057 インターファクトリー 処理時間: 0.83s
2026-10-02 06:16:17,522 [DEBUG] [TIME] 4058 info: 0.19s
2026-10-02 06:16:17,522 [DEBUG] yfinance OK: 4058
2026-10-02 06:16:17,742 [DEBUG] [TIME] 4058 income_stmt: 0.22s
2026-10-02 06:16:17,916 [DEBUG] [TIME] 4058 balance_sheet: 0.17s
2026-10-02 06:16:18,117 [DEBUG] [TIME] 4058 cashflow: 0.20s
2026-10-02 06:16:18,236 [DEBUG] [TIME] 4058 dividends: 0.12s
2026-10-02 06:16:18,237 [INFO] [DETAIL] 4058 トヨクモ: income_stmt=OK, balance_sheet=OK, cashflow=OK, dividends=OK
2026-10-02 06:16:18,237 [INFO] [TIME] 4058 トヨクモ 処理時間: 0.90s
2026-10-02 06:16:20,083 [DEBUG] [TIME] 4059 info: 0.17s
2026-10-02 06:16:20,083 [DEBUG] yfinance OK: 4059
2026-10-02 06:16:20,271 [DEBUG] [TIME] 4059 income_stmt: 0.19s
2026-10-02 06:16:20,497 [DEBUG] [TIME] 4059 balance_sheet: 0.23s
2026-10-02 06:16:20,629 [DEBUG] [TIME] 4059 cashflow: 0.13s
2026-10-02 06:16:20,756 [DEBUG] [TIME] 4059 dividends: 0.13s
2026-10-02 06:16:20,757 [INFO] [DETAIL] 4059 まぐまぐ: income_stmt=OK, balance_sheet=OK, cashflow=OK, dividends=OK
2026-10-02 06:16:20,757 [INFO] [TIME] 4059 まぐまぐ 処理時間: 0.85s
2026-10-02 06:16:22,152 [DEBUG] [TIME] 4060 info: 0.15s
2026-10-02 06:16:22,152 [DEBUG] yfinance OK: 4060
2026-10-02 06:16:22,377 [DEBUG] [TIME] 4060 income_stmt: 0.22s
2026-10-02 06:16:22,618 [DEBUG] [TIME] 4060 balance_sheet: 0.24s
2026-10-02 06:16:22,788 [DEBUG] [TIME] 4060 cashflow: 0.17s
2026-10-02 06:16:22,929 [DEBUG] [TIME] 4060 dividends: 0.14s
2026-10-02 06:16:22,930 [INFO] [DETAIL] 4060 ｒａｋｕｍｏ: income_stmt=OK, balance_sheet=OK, cashflow=OK, dividends=OK
2026-10-02 06:16:22,930 [INFO] [TIME] 4060 ｒａｋｕｍｏ 処理時間: 0.92s
2026-10-02 06:16:24,855 [DEBUG] [TIME] 4061 info: 0.14s
2026-10-02 06:16:24,855 [DEBUG] yfinance OK: 4061
2026-10-02 06:16:25,027 [DEBUG] [TIME] 4061 income_stmt: 0.17s
2026-10-02 06:16:25,339 [DEBUG] [TIME] 4061 balance_sheet: 0.31s
2026-10-02 06:16:25,498 [DEBUG] [TIME] 4061 cashflow: 0.16s
2026-10-02 06:16:25,729 [DEBUG] [TIME] 4061 dividends: 0.23s
2026-10-02 06:16:25,730 [INFO] [DETAIL] 4061 デンカ: income_stmt=OK, balance_sheet=OK, cashflow=OK, dividends=OK
2026-10-02 06:16:25,730 [INFO] [TIME] 4061 デンカ 処理時間: 1.01s
2026-10-02 06:16:27,834 [DEBUG] [TIME] 4062 info: 0.20s
2026-10-02 06:16:27,834 [DEBUG] yfinance OK: 4062
2026-10-02 06:16:28,045 [DEBUG] [TIME] 4062 income_stmt: 0.21s
2026-10-02 06:16:28,210 [DEBUG] [TIME] 4062 balance_sheet: 0.16s
2026-10-02 06:16:28,374 [DEBUG] [TIME] 4062 cashflow: 0.16s
2026-10-02 06:16:28,657 [DEBUG] [TIME] 4062 dividends: 0.28s
2026-10-02 06:16:28,658 [INFO] [DETAIL] 4062 イビデン: income_stmt=OK, balance_sheet=OK, cashflow=OK, dividends=OK
2026-10-02 06:16:28,658 [INFO] [TIME] 4062 イビデン 処理時間: 1.02s
2026-10-02 06:16:29,873 [DEBUG] [TIME] 4063 info: 0.14s
2026-10-02 06:16:29,873 [DEBUG] yfinance OK: 4063
2026-10-02 06:16:29,990 [DEBUG] [TIME] 4063 income_stmt: 0.12s
2026-10-02 06:16:30,208 [DEBUG] [TIME] 4063 balance_sheet: 0.22s
2026-10-02 06:16:30,379 [DEBUG] [TIME] 4063 cashflow: 0.17s
2026-10-02 06:16:30,606 [DEBUG] [TIME] 4063 dividends: 0.23s
2026-10-02 06:16:30,607 [INFO] [DETAIL] 4063 信越化学工業: income_stmt=OK, balance_sheet=OK, cashflow=OK, dividends=OK
2026-10-02 06:16:30,607 [INFO] [TIME] 4063 信越化学工業 処理時間: 0.87s
2026-10-02 06:16:32,009 [DEBUG] [TIME] 4064 info: 0.17s
2026-10-02 06:16:32,009 [DEBUG] yfinance OK: 4064
2026-10-02 06:16:32,174 [DEBUG] [TIME] 4064 income_stmt: 0.16s
2026-10-02 06:16:32,345 [DEBUG] [TIME] 4064 balance_sheet: 0.17s
2026-10-02 06:16:32,576 [DEBUG] [TIME] 4064 cashflow: 0.23s
2026-10-02 06:16:32,841 [DEBUG] [TIME] 4064 dividends: 0.26s
2026-10-02 06:16:32,842 [INFO] [DETAIL] 4064 日本カーバイド工業: income_stmt=OK, balance_sheet=OK, cashflow=OK, dividends=OK
2026-10-02 06:16:32,842 [INFO] [TIME] 4064 日本カーバイド工業 処理時間: 1.01s
2026-10-02 06:16:34,906 [DEBUG] [TIME] 4068 info: 0.13s
2026-10-02 06:16:34,906 [DEBUG] yfinance OK: 4068
2026-10-02 06:16:35,053 [DEBUG] [TIME] 4068 income_stmt: 0.15s
2026-10-02 06:16:35,187 [DEBUG] [TIME] 4068 balance_sheet: 0.13s
2026-10-02 06:16:35,389 [DEBUG] [TIME] 4068 cashflow: 0.20s
2026-10-02 06:16:35,516 [DEBUG] [TIME] 4068 dividends: 0.13s
2026-10-02 06:16:35,517 [INFO] [DETAIL] 4068 ベイシス: income_stmt=OK, balance_sheet=OK, cashflow=OK, dividends=EMPTY
2026-10-02 06:16:35,517 [INFO] [TIME] 4068 ベイシス 処理時間: 0.75s
2026-10-02 06:16:37,060 [DEBUG] [TIME] 4069 info: 0.16s
2026-10-02 06:16:37,060 [DEBUG] yfinance OK: 4069
2026-10-02 06:16:37,277 [DEBUG] [TIME] 4069 income_stmt: 0.22s
2026-10-02 06:16:37,447 [DEBUG] [TIME] 4069 balance_sheet: 0.17s
2026-10-02 06:16:37,620 [DEBUG] [TIME] 4069 cashflow: 0.17s
2026-10-02 06:16:37,709 [DEBUG] [TIME] 4069 dividends: 0.09s
2026-10-02 06:16:37,709 [INFO] [DETAIL] 4069 ＢｌｕｅＭｅｍｅ: income_stmt=OK, balance_sheet=OK, cashflow=OK, dividends=EMPTY
2026-10-02 06:16:37,709 [INFO] [TIME] 4069 ＢｌｕｅＭｅｍｅ 処理時間: 0.81s
2026-10-02 06:16:39,566 [DEBUG] [TIME] 4071 info: 0.14s
2026-10-02 06:16:39,566 [DEBUG] yfinance OK: 4071
2026-10-02 06:16:39,733 [DEBUG] [TIME] 4071 income_stmt: 0.17s
2026-10-02 06:16:39,891 [DEBUG] [TIME] 4071 balance_sheet: 0.16s
2026-10-02 06:16:40,110 [DEBUG] [TIME] 4071 cashflow: 0.22s
2026-10-02 06:16:40,271 [DEBUG] [TIME] 4071 dividends: 0.16s
2026-10-02 06:16:40,272 [INFO] [DETAIL] 4071 プラスアルファ・コンサルティング: income_stmt=OK, balance_sheet=OK, cashflow=OK, dividends=OK
2026-10-02 06:16:40,272 [INFO] [TIME] 4071 プラスアルファ・コンサルティング 処理時間: 0.85s
2026-10-02 06:16:42,013 [DEBUG] [TIME] 4072 info: 0.16s
2026-10-02 06:16:42,013 [DEBUG] yfinance OK: 4072
2026-10-02 06:16:42,160 [DEBUG] [TIME] 4072 income_stmt: 0.15s
2026-10-02 06:16:42,301 [DEBUG] [TIME] 4072 balance_sheet: 0.14s
2026-10-02 06:16:42,438 [DEBUG] [TIME] 4072 cashflow: 0.14s
2026-10-02 06:16:42,563 [DEBUG] [TIME] 4072 dividends: 0.12s
2026-10-02 06:16:42,564 [INFO] [DETAIL] 4072 電算システムホールディングス: income_stmt=OK, balance_sheet=OK, cashflow=OK, dividends=OK
2026-10-02 06:16:42,564 [INFO] [TIME] 4072 電算システムホールディングス 処理時間: 0.71s
2026-10-02 06:16:43,876 [DEBUG] [TIME] 4073 info: 0.14s
2026-10-02 06:16:43,876 [DEBUG] yfinance OK: 4073
2026-10-02 06:16:44,087 [DEBUG] [TIME] 4073 income_stmt: 0.21s
2026-10-02 06:16:44,237 [DEBUG] [TIME] 4073 balance_sheet: 0.15s
2026-10-02 06:16:44,469 [DEBUG] [TIME] 4073 cashflow: 0.23s
2026-10-02 06:16:44,570 [DEBUG] [TIME] 4073 dividends: 0.10s
2026-10-02 06:16:44,571 [INFO] [DETAIL] 4073 ジィ・シィ企画: income_stmt=OK, balance_sheet=OK, cashflow=OK, dividends=OK
2026-10-02 06:16:44,571 [INFO] [TIME] 4073 ジィ・シィ企画 処理時間: 0.84s
2026-10-02 06:16:46,595 [DEBUG] [TIME] 4074 info: 0.16s
2026-10-02 06:16:46,595 [DEBUG] yfinance OK: 4074
2026-10-02 06:16:46,811 [DEBUG] [TIME] 4074 income_stmt: 0.22s
2026-10-02 06:16:46,973 [DEBUG] [TIME] 4074 balance_sheet: 0.16s
2026-10-02 06:16:47,263 [DEBUG] [TIME] 4074 cashflow: 0.29s
2026-10-02 06:16:47,359 [DEBUG] [TIME] 4074 dividends: 0.10s
2026-10-02 06:16:47,359 [INFO] [DETAIL] 4074 ラキール: income_stmt=OK, balance_sheet=OK, cashflow=OK, dividends=EMPTY
2026-10-02 06:16:47,359 [INFO] [TIME] 4074 ラキール 処理時間: 0.93s
2026-10-02 06:16:48,785 [DEBUG] [TIME] 4075 info: 0.14s
2026-10-02 06:16:48,785 [DEBUG] yfinance OK: 4075
2026-10-02 06:16:48,958 [DEBUG] [TIME] 4075 income_stmt: 0.17s
2026-10-02 06:16:49,095 [DEBUG] [TIME] 4075 balance_sheet: 0.14s
2026-10-02 06:16:49,238 [DEBUG] [TIME] 4075 cashflow: 0.14s
2026-10-02 06:16:49,375 [DEBUG] [TIME] 4075 dividends: 0.14s
2026-10-02 06:16:49,375 [INFO] [DETAIL] 4075 ブレインズテクノロジー: income_stmt=OK, balance_sheet=OK, cashflow=OK, dividends=EMPTY
2026-10-02 06:16:49,376 [INFO] [TIME] 4075 ブレインズテクノロジー 処理時間: 0.73s
2026-10-02 06:16:50,607 [DEBUG] [TIME] 4076 info: 0.15s
2026-10-02 06:16:50,607 [DEBUG] yfinance OK: 4076
2026-10-02 06:16:50,799 [DEBUG] [TIME] 4076 income_stmt: 0.19s
2026-10-02 06:16:51,076 [DEBUG] [TIME] 4076 balance_sheet: 0.28s
2026-10-02 06:16:51,215 [DEBUG] [TIME] 4076 cashflow: 0.14s
2026-10-02 06:16:51,335 [DEBUG] [TIME] 4076 dividends: 0.12s
2026-10-02 06:16:51,336 [INFO] [DETAIL] 4076 シイエヌエス: income_stmt=OK, balance_sheet=OK, cashflow=OK, dividends=OK
2026-10-02 06:16:51,336 [INFO] [TIME] 4076 シイエヌエス 処理時間: 0.88s
2026-10-02 06:16:52,924 [DEBUG] [TIME] 4078 info: 0.18s
2026-10-02 06:16:52,924 [DEBUG] yfinance OK: 4078
2026-10-02 06:16:53,157 [DEBUG] [TIME] 4078 income_stmt: 0.23s
2026-10-02 06:16:53,435 [DEBUG] [TIME] 4078 balance_sheet: 0.28s
2026-10-02 06:16:53,688 [DEBUG] [TIME] 4078 cashflow: 0.25s
2026-10-02 06:16:53,943 [DEBUG] [TIME] 4078 dividends: 0.25s
2026-10-02 06:16:53,944 [INFO] [DETAIL] 4078 堺化学工業: income_stmt=OK, balance_sheet=OK, cashflow=OK, dividends=OK
2026-10-02 06:16:53,944 [INFO] [TIME] 4078 堺化学工業 処理時間: 1.20s
2026-10-02 06:16:55,344 [DEBUG] [TIME] 407A info: 0.13s
2026-10-02 06:16:55,344 [DEBUG] yfinance OK: 407A
2026-10-02 06:16:55,507 [DEBUG] [TIME] 407A income_stmt: 0.16s
2026-10-02 06:16:55,680 [DEBUG] [TIME] 407A balance_sheet: 0.17s
2026-10-02 06:16:55,790 [DEBUG] [TIME] 407A cashflow: 0.11s
2026-10-02 06:16:55,894 [DEBUG] [TIME] 407A dividends: 0.10s
2026-10-02 06:16:55,895 [INFO] [DETAIL] 407A ＵＮＩＣＯＮホールディングス: income_stmt=OK, balance_sheet=OK, cashflow=OK, dividends=OK
2026-10-02 06:16:55,895 [INFO] [TIME] 407A ＵＮＩＣＯＮホールディングス 処理時間: 0.68s
2026-10-02 06:16:57,946 [DEBUG] [TIME] 4082 info: 0.15s
2026-10-02 06:16:57,946 [DEBUG] yfinance OK: 4082
2026-10-02 06:16:58,129 [DEBUG] [TIME] 4082 income_stmt: 0.18s
2026-10-02 06:16:58,351 [DEBUG] [TIME] 4082 balance_sheet: 0.22s
2026-10-02 06:16:58,466 [DEBUG] [TIME] 4082 cashflow: 0.11s
2026-10-02 06:16:58,697 [DEBUG] [TIME] 4082 dividends: 0.23s
2026-10-02 06:16:58,698 [INFO] [DETAIL] 4082 第一稀元素化学工業: income_stmt=OK, balance_sheet=OK, cashflow=OK, dividends=OK
2026-10-02 06:16:58,698 [INFO] [TIME] 4082 第一稀元素化学工業 処理時間: 0.91s
2026-10-02 06:16:59,869 [DEBUG] [TIME] 4088 info: 0.14s
2026-10-02 06:16:59,869 [DEBUG] yfinance OK: 4088
2026-10-02 06:17:00,032 [DEBUG] [TIME] 4088 income_stmt: 0.16s
2026-10-02 06:17:00,239 [DEBUG] [TIME] 4088 balance_sheet: 0.21s
2026-10-02 06:17:00,407 [DEBUG] [TIME] 4088 cashflow: 0.17s
2026-10-02 06:17:00,663 [DEBUG] [TIME] 4088 dividends: 0.26s
2026-10-02 06:17:00,664 [INFO] [DETAIL] 4088 エア・ウォーター: income_stmt=OK, balance_sheet=OK, cashflow=OK, dividends=OK
2026-10-02 06:17:00,664 [INFO] [TIME] 4088 エア・ウォーター 処理時間: 0.93s
2026-10-02 06:17:02,008 [DEBUG] [TIME] 4091 info: 0.22s
2026-10-02 06:17:02,008 [DEBUG] yfinance OK: 4091
2026-10-02 06:17:02,188 [DEBUG] [TIME] 4091 income_stmt: 0.18s
2026-10-02 06:17:02,353 [DEBUG] [TIME] 4091 balance_sheet: 0.16s
2026-10-02 06:17:02,630 [DEBUG] [TIME] 4091 cashflow: 0.28s
2026-10-02 06:17:02,879 [DEBUG] [TIME] 4091 dividends: 0.25s
2026-10-02 06:17:02,881 [INFO] [DETAIL] 4091 日本酸素ホールディングス: income_stmt=OK, balance_sheet=OK, cashflow=OK, dividends=OK
2026-10-02 06:17:02,881 [INFO] [TIME] 4091 日本酸素ホールディングス 処理時間: 1.09s
2026-10-02 06:17:04,789 [DEBUG] [TIME] 4092 info: 0.17s
2026-10-02 06:17:04,789 [DEBUG] yfinance OK: 4092
2026-10-02 06:17:04,967 [DEBUG] [TIME] 4092 income_stmt: 0.18s
2026-10-02 06:17:05,116 [DEBUG] [TIME] 4092 balance_sheet: 0.15s
2026-10-02 06:17:05,328 [DEBUG] [TIME] 4092 cashflow: 0.21s
2026-10-02 06:17:05,627 [DEBUG] [TIME] 4092 dividends: 0.30s
2026-10-02 06:17:05,628 [INFO] [DETAIL] 4092 日本化学工業: income_stmt=OK, balance_sheet=OK, cashflow=OK, dividends=OK
2026-10-02 06:17:05,628 [INFO] [TIME] 4092 日本化学工業 処理時間: 1.01s
2026-10-02 06:17:06,974 [DEBUG] [TIME] 4093 info: 0.22s
2026-10-02 06:17:06,974 [DEBUG] yfinance OK: 4093
2026-10-02 06:17:07,180 [DEBUG] [TIME] 4093 income_stmt: 0.21s
2026-10-02 06:17:07,411 [DEBUG] [TIME] 4093 balance_sheet: 0.23s
2026-10-02 06:17:07,563 [DEBUG] [TIME] 4093 cashflow: 0.15s
2026-10-02 06:17:07,764 [DEBUG] [TIME] 4093 dividends: 0.20s
2026-10-02 06:17:07,765 [INFO] [DETAIL] 4093 東邦アセチレン: income_stmt=OK, balance_sheet=OK, cashflow=OK, dividends=OK
2026-10-02 06:17:07,765 [INFO] [TIME] 4093 東邦アセチレン 処理時間: 1.01s
2026-10-02 06:17:09,411 [DEBUG] [TIME] 4094 info: 0.14s
2026-10-02 06:17:09,411 [DEBUG] yfinance OK: 4094
2026-10-02 06:17:09,616 [DEBUG] [TIME] 4094 income_stmt: 0.20s
2026-10-02 06:17:09,845 [DEBUG] [TIME] 4094 balance_sheet: 0.23s
2026-10-02 06:17:10,013 [DEBUG] [TIME] 4094 cashflow: 0.17s
2026-10-02 06:17:10,222 [DEBUG] [TIME] 4094 dividends: 0.21s
2026-10-02 06:17:10,223 [INFO] [DETAIL] 4094 日本化学産業: income_stmt=OK, balance_sheet=OK, cashflow=OK, dividends=OK
2026-10-02 06:17:10,223 [INFO] [TIME] 4094 日本化学産業 処理時間: 0.96s
2026-10-02 06:17:12,079 [DEBUG] [TIME] 4095 info: 0.15s
2026-10-02 06:17:12,079 [DEBUG] yfinance OK: 4095
2026-10-02 06:17:12,289 [DEBUG] [TIME] 4095 income_stmt: 0.21s
2026-10-02 06:17:12,437 [DEBUG] [TIME] 4095 balance_sheet: 0.15s
2026-10-02 06:17:12,597 [DEBUG] [TIME] 4095 cashflow: 0.16s
2026-10-02 06:17:12,831 [DEBUG] [TIME] 4095 dividends: 0.23s
2026-10-02 06:17:12,833 [INFO] [DETAIL] 4095 日本パーカライジング: income_stmt=OK, balance_sheet=OK, cashflow=OK, dividends=OK
2026-10-02 06:17:12,833 [INFO] [TIME] 4095 日本パーカライジング 処理時間: 0.90s
2026-10-02 06:17:14,130 [DEBUG] [TIME] 4097 info: 0.14s
2026-10-02 06:17:14,130 [DEBUG] yfinance OK: 4097
2026-10-02 06:17:14,334 [DEBUG] [TIME] 4097 income_stmt: 0.20s
2026-10-02 06:17:14,567 [DEBUG] [TIME] 4097 balance_sheet: 0.23s
2026-10-02 06:17:14,716 [DEBUG] [TIME] 4097 cashflow: 0.15s
2026-10-02 06:17:15,035 [DEBUG] [TIME] 4097 dividends: 0.32s
2026-10-02 06:17:15,036 [INFO] [DETAIL] 4097 高圧ガス工業: income_stmt=OK, balance_sheet=OK, cashflow=OK, dividends=OK
2026-10-02 06:17:15,036 [INFO] [TIME] 4097 高圧ガス工業 処理時間: 1.04s
2026-10-02 06:17:16,622 [DEBUG] [TIME] 4098 info: 0.14s
2026-10-02 06:17:16,622 [DEBUG] yfinance OK: 4098
2026-10-02 06:17:16,788 [DEBUG] [TIME] 4098 income_stmt: 0.17s
2026-10-02 06:17:16,951 [DEBUG] [TIME] 4098 balance_sheet: 0.16s
2026-10-02 06:17:17,198 [DEBUG] [TIME] 4098 cashflow: 0.25s
2026-10-02 06:17:17,468 [DEBUG] [TIME] 4098 dividends: 0.27s
2026-10-02 06:17:17,469 [INFO] [DETAIL] 4098 チタン工業: income_stmt=OK, balance_sheet=OK, cashflow=OK, dividends=OK
2026-10-02 06:17:17,469 [INFO] [TIME] 4098 チタン工業 処理時間: 0.99s
2026-10-02 06:17:19,400 [DEBUG] [TIME] 4099 info: 0.17s
2026-10-02 06:17:19,401 [DEBUG] yfinance OK: 4099
2026-10-02 06:17:19,672 [DEBUG] [TIME] 4099 income_stmt: 0.27s
2026-10-02 06:17:19,911 [DEBUG] [TIME] 4099 balance_sheet: 0.24s
2026-10-02 06:17:20,114 [DEBUG] [TIME] 4099 cashflow: 0.20s
2026-10-02 06:17:20,390 [DEBUG] [TIME] 4099 dividends: 0.28s
2026-10-02 06:17:20,391 [INFO] [DETAIL] 4099 四国化成ホールディングス: income_stmt=OK, balance_sheet=OK, cashflow=OK, dividends=OK
2026-10-02 06:17:20,391 [INFO] [TIME] 4099 四国化成ホールディングス 処理時間: 1.16s
2026-10-02 06:17:22,474 [DEBUG] [TIME] 409A info: 0.19s
2026-10-02 06:17:22,474 [DEBUG] yfinance OK: 409A
2026-10-02 06:17:22,648 [DEBUG] [TIME] 409A income_stmt: 0.17s
2026-10-02 06:17:22,807 [DEBUG] [TIME] 409A balance_sheet: 0.16s
2026-10-02 06:17:23,023 [DEBUG] [TIME] 409A cashflow: 0.22s
2026-10-02 06:17:23,120 [DEBUG] [TIME] 409A dividends: 0.10s
2026-10-02 06:17:23,121 [INFO] [DETAIL] 409A オリオンビール: income_stmt=OK, balance_sheet=OK, cashflow=OK, dividends=OK
2026-10-02 06:17:23,121 [INFO] [TIME] 409A オリオンビール 処理時間: 0.83s
2026-10-02 06:17:24,720 [DEBUG] [TIME] 4100 info: 0.16s
2026-10-02 06:17:24,721 [DEBUG] yfinance OK: 4100
2026-10-02 06:17:24,919 [DEBUG] [TIME] 4100 income_stmt: 0.20s
2026-10-02 06:17:25,117 [DEBUG] [TIME] 4100 balance_sheet: 0.20s
2026-10-02 06:17:25,256 [DEBUG] [TIME] 4100 cashflow: 0.14s
2026-10-02 06:17:25,546 [DEBUG] [TIME] 4100 dividends: 0.29s
2026-10-02 06:17:25,546 [INFO] [DETAIL] 4100 戸田工業: income_stmt=OK, balance_sheet=OK, cashflow=OK, dividends=OK
2026-10-02 06:17:25,547 [INFO] [TIME] 4100 戸田工業 処理時間: 0.98s
2026-10-02 06:17:26,823 [DEBUG] [TIME] 4102 info: 0.16s
2026-10-02 06:17:26,823 [DEBUG] yfinance OK: 4102
2026-10-02 06:17:27,010 [DEBUG] [TIME] 4102 income_stmt: 0.19s
2026-10-02 06:17:27,284 [DEBUG] [TIME] 4102 balance_sheet: 0.27s
2026-10-02 06:17:27,435 [DEBUG] [TIME] 4102 cashflow: 0.15s
2026-10-02 06:17:27,730 [DEBUG] [TIME] 4102 dividends: 0.30s
2026-10-02 06:17:27,731 [INFO] [DETAIL] 4102 丸尾カルシウム: income_stmt=OK, balance_sheet=OK, cashflow=OK, dividends=OK
2026-10-02 06:17:27,731 [INFO] [TIME] 4102 丸尾カルシウム 処理時間: 1.07s
2026-10-02 06:17:29,433 [DEBUG] [TIME] 4107 info: 0.14s
2026-10-02 06:17:29,433 [DEBUG] yfinance OK: 4107
2026-10-02 06:17:29,662 [DEBUG] [TIME] 4107 income_stmt: 0.23s
2026-10-02 06:17:29,837 [DEBUG] [TIME] 4107 balance_sheet: 0.17s
2026-10-02 06:17:30,061 [DEBUG] [TIME] 4107 cashflow: 0.22s
2026-10-02 06:17:30,387 [DEBUG] [TIME] 4107 dividends: 0.33s
2026-10-02 06:17:30,388 [INFO] [DETAIL] 4107 伊勢化学工業: income_stmt=OK, balance_sheet=OK, cashflow=OK, dividends=OK
2026-10-02 06:17:30,388 [INFO] [TIME] 4107 伊勢化学工業 処理時間: 1.10s
2026-10-02 06:17:31,641 [DEBUG] [TIME] 4109 info: 0.17s
2026-10-02 06:17:31,641 [DEBUG] yfinance OK: 4109
2026-10-02 06:17:31,780 [DEBUG] [TIME] 4109 income_stmt: 0.14s
2026-10-02 06:17:31,964 [DEBUG] [TIME] 4109 balance_sheet: 0.18s
2026-10-02 06:17:32,100 [DEBUG] [TIME] 4109 cashflow: 0.13s
2026-10-02 06:17:32,341 [DEBUG] [TIME] 4109 dividends: 0.24s
2026-10-02 06:17:32,342 [INFO] [DETAIL] 4109 ステラ　ケミファ: income_stmt=OK, balance_sheet=OK, cashflow=OK, dividends=OK
2026-10-02 06:17:32,342 [INFO] [TIME] 4109 ステラ　ケミファ 処理時間: 0.87s
2026-10-02 06:17:34,249 [DEBUG] [TIME] 410A info: 0.14s
2026-10-02 06:17:34,249 [DEBUG] yfinance OK: 410A
2026-10-02 06:17:34,421 [DEBUG] [TIME] 410A income_stmt: 0.17s
2026-10-02 06:17:34,631 [DEBUG] [TIME] 410A balance_sheet: 0.21s
2026-10-02 06:17:34,764 [DEBUG] [TIME] 410A cashflow: 0.13s
2026-10-02 06:17:34,854 [DEBUG] [TIME] 410A dividends: 0.09s
2026-10-02 06:17:34,855 [INFO] [DETAIL] 410A ＧＭＯコマース: income_stmt=OK, balance_sheet=OK, cashflow=OK, dividends=OK
2026-10-02 06:17:34,855 [INFO] [TIME] 410A ＧＭＯコマース 処理時間: 0.75s
2026-10-02 06:17:36,750 [DEBUG] [TIME] 4112 info: 0.13s
2026-10-02 06:17:36,750 [DEBUG] yfinance OK: 4112
2026-10-02 06:17:36,889 [DEBUG] [TIME] 4112 income_stmt: 0.14s
2026-10-02 06:17:37,183 [DEBUG] [TIME] 4112 balance_sheet: 0.29s
2026-10-02 06:17:37,414 [DEBUG] [TIME] 4112 cashflow: 0.23s
2026-10-02 06:17:37,697 [DEBUG] [TIME] 4112 dividends: 0.28s
2026-10-02 06:17:37,698 [INFO] [DETAIL] 4112 保土谷化学工業: income_stmt=OK, balance_sheet=OK, cashflow=OK, dividends=OK
2026-10-02 06:17:37,698 [INFO] [TIME] 4112 保土谷化学工業 処理時間: 1.08s
2026-10-02 06:17:39,493 [DEBUG] [TIME] 4113 info: 0.16s
2026-10-02 06:17:39,493 [DEBUG] yfinance OK: 4113
2026-10-02 06:17:39,723 [DEBUG] [TIME] 4113 income_stmt: 0.23s
2026-10-02 06:17:39,892 [DEBUG] [TIME] 4113 balance_sheet: 0.17s
2026-10-02 06:17:40,024 [DEBUG] [TIME] 4113 cashflow: 0.13s
2026-10-02 06:17:40,310 [DEBUG] [TIME] 4113 dividends: 0.28s
2026-10-02 06:17:40,311 [INFO] [DETAIL] 4113 田岡化学工業: income_stmt=OK, balance_sheet=OK, cashflow=OK, dividends=OK
2026-10-02 06:17:40,311 [INFO] [TIME] 4113 田岡化学工業 処理時間: 0.98s
2026-10-02 06:17:42,417 [DEBUG] [TIME] 4114 info: 0.15s
2026-10-02 06:17:42,417 [DEBUG] yfinance OK: 4114
2026-10-02 06:17:42,532 [DEBUG] [TIME] 4114 income_stmt: 0.11s
2026-10-02 06:17:42,710 [DEBUG] [TIME] 4114 balance_sheet: 0.18s
2026-10-02 06:17:42,887 [DEBUG] [TIME] 4114 cashflow: 0.18s
2026-10-02 06:17:43,326 [DEBUG] [TIME] 4114 dividends: 0.44s
2026-10-02 06:17:43,327 [INFO] [DETAIL] 4114 日本触媒: income_stmt=OK, balance_sheet=OK, cashflow=OK, dividends=OK
2026-10-02 06:17:43,327 [INFO] [TIME] 4114 日本触媒 処理時間: 1.06s
2026-10-02 06:17:45,516 [DEBUG] [TIME] 4116 info: 0.19s
2026-10-02 06:17:45,516 [DEBUG] yfinance OK: 4116
2026-10-02 06:17:45,708 [DEBUG] [TIME] 4116 income_stmt: 0.19s
2026-10-02 06:17:45,947 [DEBUG] [TIME] 4116 balance_sheet: 0.24s
2026-10-02 06:17:46,119 [DEBUG] [TIME] 4116 cashflow: 0.17s
2026-10-02 06:17:46,352 [DEBUG] [TIME] 4116 dividends: 0.23s
2026-10-02 06:17:46,353 [INFO] [DETAIL] 4116 大日精化工業: income_stmt=OK, balance_sheet=OK, cashflow=OK, dividends=OK
2026-10-02 06:17:46,353 [INFO] [TIME] 4116 大日精化工業 処理時間: 1.03s
2026-10-02 06:17:48,193 [DEBUG] [TIME] 4118 info: 0.19s
2026-10-02 06:17:48,193 [DEBUG] yfinance OK: 4118
2026-10-02 06:17:48,375 [DEBUG] [TIME] 4118 income_stmt: 0.18s
2026-10-02 06:17:48,564 [DEBUG] [TIME] 4118 balance_sheet: 0.19s
2026-10-02 06:17:48,698 [DEBUG] [TIME] 4118 cashflow: 0.13s
2026-10-02 06:17:48,966 [DEBUG] [TIME] 4118 dividends: 0.27s
2026-10-02 06:17:48,967 [INFO] [DETAIL] 4118 カネカ: income_stmt=OK, balance_sheet=OK, cashflow=OK, dividends=OK
2026-10-02 06:17:48,967 [INFO] [TIME] 4118 カネカ 処理時間: 0.97s
2026-10-02 06:17:50,306 [DEBUG] [TIME] 4119 info: 0.14s
2026-10-02 06:17:50,306 [DEBUG] yfinance OK: 4119
2026-10-02 06:17:50,410 [DEBUG] [TIME] 4119 income_stmt: 0.10s
2026-10-02 06:17:50,578 [DEBUG] [TIME] 4119 balance_sheet: 0.17s
2026-10-02 06:17:50,729 [DEBUG] [TIME] 4119 cashflow: 0.15s
2026-10-02 06:17:51,062 [DEBUG] [TIME] 4119 dividends: 0.33s
2026-10-02 06:17:51,063 [INFO] [DETAIL] 4119 日本ピグメントホールディングス: income_stmt=OK, balance_sheet=OK, cashflow=OK, dividends=OK
2026-10-02 06:17:51,063 [INFO] [TIME] 4119 日本ピグメントホールディングス 処理時間: 0.90s
2026-10-02 06:17:52,237 [DEBUG] [TIME] 4120 info: 0.15s
2026-10-02 06:17:52,237 [DEBUG] yfinance OK: 4120
2026-10-02 06:17:52,437 [DEBUG] [TIME] 4120 income_stmt: 0.20s
2026-10-02 06:17:52,756 [DEBUG] [TIME] 4120 balance_sheet: 0.32s
2026-10-02 06:17:53,009 [DEBUG] [TIME] 4120 cashflow: 0.25s
2026-10-02 06:17:53,264 [DEBUG] [TIME] 4120 dividends: 0.25s
2026-10-02 06:17:53,265 [INFO] [DETAIL] 4120 スガイ化学工業: income_stmt=OK, balance_sheet=OK, cashflow=OK, dividends=OK
2026-10-02 06:17:53,265 [INFO] [TIME] 4120 スガイ化学工業 処理時間: 1.18s
2026-10-02 06:17:55,056 [DEBUG] [TIME] 4124 info: 0.16s
2026-10-02 06:17:55,056 [DEBUG] yfinance OK: 4124
2026-10-02 06:17:55,291 [DEBUG] [TIME] 4124 income_stmt: 0.23s
2026-10-02 06:17:55,454 [DEBUG] [TIME] 4124 balance_sheet: 0.16s
2026-10-02 06:17:55,587 [DEBUG] [TIME] 4124 cashflow: 0.13s
2026-10-02 06:17:55,738 [DEBUG] [TIME] 4124 dividends: 0.15s
2026-10-02 06:17:55,739 [INFO] [DETAIL] 4124 大阪油化工業: income_stmt=OK, balance_sheet=OK, cashflow=OK, dividends=OK
2026-10-02 06:17:55,740 [INFO] [TIME] 4124 大阪油化工業 処理時間: 0.84s
2026-10-02 06:17:57,242 [DEBUG] [TIME] 4125 info: 0.21s
2026-10-02 06:17:57,242 [DEBUG] yfinance OK: 4125
2026-10-02 06:17:57,388 [DEBUG] [TIME] 4125 income_stmt: 0.15s
2026-10-02 06:17:57,659 [DEBUG] [TIME] 4125 balance_sheet: 0.27s
2026-10-02 06:17:57,900 [DEBUG] [TIME] 4125 cashflow: 0.24s
2026-10-02 06:17:58,053 [DEBUG] [TIME] 4125 dividends: 0.15s
2026-10-02 06:17:58,054 [INFO] [DETAIL] 4125 三和油化工業: income_stmt=OK, balance_sheet=OK, cashflow=OK, dividends=OK
2026-10-02 06:17:58,055 [INFO] [TIME] 4125 三和油化工業 処理時間: 1.02s
2026-10-02 06:17:59,815 [DEBUG] [TIME] 414A info: 0.16s
2026-10-02 06:17:59,815 [DEBUG] yfinance OK: 414A
2026-10-02 06:17:59,928 [DEBUG] [TIME] 414A income_stmt: 0.11s
2026-10-02 06:18:00,117 [DEBUG] [TIME] 414A balance_sheet: 0.19s
2026-10-02 06:18:00,302 [DEBUG] [TIME] 414A cashflow: 0.18s
2026-10-02 06:18:00,393 [DEBUG] [TIME] 414A dividends: 0.09s
2026-10-02 06:18:00,393 [INFO] [DETAIL] 414A オーバーラップホールディングス: income_stmt=OK, balance_sheet=OK, cashflow=OK, dividends=OK
2026-10-02 06:18:00,393 [INFO] [TIME] 414A オーバーラップホールディングス 処理時間: 0.74s
2026-10-02 06:18:02,500 [DEBUG] [TIME] 4151 info: 0.14s
2026-10-02 06:18:02,500 [DEBUG] yfinance OK: 4151
2026-10-02 06:18:02,624 [DEBUG] [TIME] 4151 income_stmt: 0.12s
2026-10-02 06:18:02,780 [DEBUG] [TIME] 4151 balance_sheet: 0.16s
2026-10-02 06:18:02,948 [DEBUG] [TIME] 4151 cashflow: 0.17s
2026-10-02 06:18:03,205 [DEBUG] [TIME] 4151 dividends: 0.26s
2026-10-02 06:18:03,206 [INFO] [DETAIL] 4151 協和キリン: income_stmt=OK, balance_sheet=OK, cashflow=OK, dividends=OK
2026-10-02 06:18:03,206 [INFO] [TIME] 4151 協和キリン 処理時間: 0.84s
2026-10-02 06:18:04,713 [DEBUG] [TIME] 415A info: 0.18s
2026-10-02 06:18:04,713 [DEBUG] yfinance OK: 415A
2026-10-02 06:18:04,956 [DEBUG] [TIME] 415A income_stmt: 0.24s
2026-10-02 06:18:05,221 [DEBUG] [TIME] 415A balance_sheet: 0.26s
2026-10-02 06:18:05,464 [DEBUG] [TIME] 415A cashflow: 0.24s
2026-10-02 06:18:05,651 [DEBUG] [TIME] 415A dividends: 0.19s
2026-10-02 06:18:05,652 [INFO] [DETAIL] 415A ＧＭＯ　ＴＥＣＨホールディングス: income_stmt=OK, balance_sheet=OK, cashflow=OK, dividends=OK
2026-10-02 06:18:05,652 [INFO] [TIME] 415A ＧＭＯ　ＴＥＣＨホールディングス 処理時間: 1.12s
2026-10-02 06:18:07,165 [DEBUG] [TIME] 4165 info: 0.40s
2026-10-02 06:18:07,165 [DEBUG] yfinance OK: 4165
2026-10-02 06:18:07,380 [DEBUG] [TIME] 4165 income_stmt: 0.21s
2026-10-02 06:18:07,562 [DEBUG] [TIME] 4165 balance_sheet: 0.18s
2026-10-02 06:18:07,807 [DEBUG] [TIME] 4165 cashflow: 0.24s
2026-10-02 06:18:07,893 [DEBUG] [TIME] 4165 dividends: 0.09s
2026-10-02 06:18:07,893 [INFO] [DETAIL] 4165 プレイド: income_stmt=OK, balance_sheet=OK, cashflow=OK, dividends=EMPTY
2026-10-02 06:18:07,893 [INFO] [TIME] 4165 プレイド 処理時間: 1.13s
2026-10-02 06:18:09,456 [DEBUG] [TIME] 4166 info: 0.22s
2026-10-02 06:18:09,456 [DEBUG] yfinance OK: 4166
2026-10-02 06:18:09,686 [DEBUG] [TIME] 4166 income_stmt: 0.23s
2026-10-02 06:18:09,830 [DEBUG] [TIME] 4166 balance_sheet: 0.14s
2026-10-02 06:18:10,046 [DEBUG] [TIME] 4166 cashflow: 0.21s
2026-10-02 06:18:10,196 [DEBUG] [TIME] 4166 dividends: 0.15s
2026-10-02 06:18:10,196 [INFO] [DETAIL] 4166 かっこ: income_stmt=OK, balance_sheet=OK, cashflow=OK, dividends=EMPTY
2026-10-02 06:18:10,196 [INFO] [TIME] 4166 かっこ 処理時間: 0.96s
2026-10-02 06:18:11,990 [DEBUG] [TIME] 4167 info: 0.13s
2026-10-02 06:18:11,990 [DEBUG] yfinance OK: 4167
2026-10-02 06:18:12,207 [DEBUG] [TIME] 4167 income_stmt: 0.22s
2026-10-02 06:18:12,465 [DEBUG] [TIME] 4167 balance_sheet: 0.26s
2026-10-02 06:18:12,597 [DEBUG] [TIME] 4167 cashflow: 0.13s
2026-10-02 06:18:12,737 [DEBUG] [TIME] 4167 dividends: 0.14s
2026-10-02 06:18:12,737 [INFO] [DETAIL] 4167 ココペリ: income_stmt=OK, balance_sheet=OK, cashflow=OK, dividends=EMPTY
2026-10-02 06:18:12,737 [INFO] [TIME] 4167 ココペリ 処理時間: 0.88s
2026-10-02 06:18:14,442 [DEBUG] [TIME] 4168 info: 0.14s
2026-10-02 06:18:14,442 [DEBUG] yfinance OK: 4168
2026-10-02 06:18:14,651 [DEBUG] [TIME] 4168 income_stmt: 0.21s
2026-10-02 06:18:14,972 [DEBUG] [TIME] 4168 balance_sheet: 0.32s
2026-10-02 06:18:15,177 [DEBUG] [TIME] 4168 cashflow: 0.20s
2026-10-02 06:18:15,295 [DEBUG] [TIME] 4168 dividends: 0.12s
2026-10-02 06:18:15,296 [INFO] [DETAIL] 4168 ヤプリ: income_stmt=OK, balance_sheet=OK, cashflow=OK, dividends=OK
2026-10-02 06:18:15,296 [INFO] [TIME] 4168 ヤプリ 処理時間: 0.99s
2026-10-02 06:18:16,890 [DEBUG] [TIME] 4169 info: 0.23s
2026-10-02 06:18:16,890 [DEBUG] yfinance OK: 4169
2026-10-02 06:18:17,052 [DEBUG] [TIME] 4169 income_stmt: 0.16s
2026-10-02 06:18:17,423 [DEBUG] [TIME] 4169 balance_sheet: 0.37s
2026-10-02 06:18:17,555 [DEBUG] [TIME] 4169 cashflow: 0.13s
2026-10-02 06:18:17,665 [DEBUG] [TIME] 4169 dividends: 0.11s
2026-10-02 06:18:17,666 [INFO] [DETAIL] 4169 ＥＮＥＣＨＡＮＧＥ: income_stmt=OK, balance_sheet=OK, cashflow=OK, dividends=EMPTY
2026-10-02 06:18:17,666 [INFO] [TIME] 4169 ＥＮＥＣＨＡＮＧＥ 処理時間: 1.01s
2026-10-02 06:18:19,495 [DEBUG] [TIME] 416A info: 0.15s
2026-10-02 06:18:19,495 [DEBUG] yfinance OK: 416A
2026-10-02 06:18:19,645 [DEBUG] [TIME] 416A income_stmt: 0.15s
2026-10-02 06:18:19,897 [DEBUG] [TIME] 416A balance_sheet: 0.25s
2026-10-02 06:18:20,122 [DEBUG] [TIME] 416A cashflow: 0.22s
2026-10-02 06:18:20,360 [DEBUG] [TIME] 416A dividends: 0.24s
2026-10-02 06:18:20,361 [INFO] [DETAIL] 416A 富士ユナイトホールディングス: income_stmt=OK, balance_sheet=OK, cashflow=OK, dividends=OK
2026-10-02 06:18:20,361 [INFO] [TIME] 416A 富士ユナイトホールディングス 処理時間: 1.02s
2026-10-02 06:18:21,810 [DEBUG] [TIME] 4170 info: 0.18s
2026-10-02 06:18:21,810 [DEBUG] yfinance OK: 4170
2026-10-02 06:18:21,947 [DEBUG] [TIME] 4170 income_stmt: 0.14s
2026-10-02 06:18:22,114 [DEBUG] [TIME] 4170 balance_sheet: 0.17s
2026-10-02 06:18:22,250 [DEBUG] [TIME] 4170 cashflow: 0.14s
2026-10-02 06:18:22,366 [DEBUG] [TIME] 4170 dividends: 0.12s
2026-10-02 06:18:22,366 [INFO] [DETAIL] 4170 Ｋａｉｚｅｎ　Ｐｌａｔｆｏｒｍ: income_stmt=OK, balance_sheet=OK, cashflow=OK, dividends=EMPTY
2026-10-02 06:18:22,366 [INFO] [TIME] 4170 Ｋａｉｚｅｎ　Ｐｌａｔｆｏｒｍ 処理時間: 0.73s
2026-10-02 06:18:23,746 [DEBUG] [TIME] 4171 info: 0.14s
2026-10-02 06:18:23,746 [WARNING] yfinance データなし: 4171
2026-10-02 06:18:23,746 [INFO] [TIME] 4171 グローバルインフォメーション 処理時間: 0.14s
2026-10-02 06:18:25,491 [DEBUG] [TIME] 4172 info: 0.21s
2026-10-02 06:18:25,491 [DEBUG] yfinance OK: 4172
2026-10-02 06:18:25,683 [DEBUG] [TIME] 4172 income_stmt: 0.19s
2026-10-02 06:18:25,944 [DEBUG] [TIME] 4172 balance_sheet: 0.26s
2026-10-02 06:18:26,116 [DEBUG] [TIME] 4172 cashflow: 0.17s
2026-10-02 06:18:26,249 [DEBUG] [TIME] 4172 dividends: 0.13s
2026-10-02 06:18:26,250 [INFO] [DETAIL] 4172 Ｈｉクラテス: income_stmt=OK, balance_sheet=OK, cashflow=OK, dividends=OK
2026-10-02 06:18:26,250 [INFO] [TIME] 4172 Ｈｉクラテス 処理時間: 0.97s
2026-10-02 06:18:28,078 [DEBUG] [TIME] 4174 info: 0.15s
2026-10-02 06:18:28,078 [DEBUG] yfinance OK: 4174
2026-10-02 06:18:28,240 [DEBUG] [TIME] 4174 income_stmt: 0.16s
2026-10-02 06:18:28,426 [DEBUG] [TIME] 4174 balance_sheet: 0.19s
2026-10-02 06:18:28,662 [DEBUG] [TIME] 4174 cashflow: 0.23s
2026-10-02 06:18:28,786 [DEBUG] [TIME] 4174 dividends: 0.12s
2026-10-02 06:18:28,787 [INFO] [DETAIL] 4174 アピリッツ: income_stmt=OK, balance_sheet=OK, cashflow=OK, dividends=OK
2026-10-02 06:18:28,787 [INFO] [TIME] 4174 アピリッツ 処理時間: 0.86s
2026-10-02 06:18:30,061 [DEBUG] [TIME] 4175 info: 0.14s
2026-10-02 06:18:30,061 [DEBUG] yfinance OK: 4175
2026-10-02 06:18:30,274 [DEBUG] [TIME] 4175 income_stmt: 0.21s
2026-10-02 06:18:30,531 [DEBUG] [TIME] 4175 balance_sheet: 0.26s
2026-10-02 06:18:30,680 [DEBUG] [TIME] 4175 cashflow: 0.15s
2026-10-02 06:18:30,776 [DEBUG] [TIME] 4175 dividends: 0.10s
2026-10-02 06:18:30,776 [INFO] [DETAIL] 4175 ｃｏｌｙ: income_stmt=OK, balance_sheet=OK, cashflow=OK, dividends=EMPTY
2026-10-02 06:18:30,776 [INFO] [TIME] 4175 ｃｏｌｙ 処理時間: 0.86s
2026-10-02 06:18:32,267 [DEBUG] [TIME] 4176 info: 0.44s
2026-10-02 06:18:32,267 [DEBUG] yfinance OK: 4176
2026-10-02 06:18:32,431 [DEBUG] [TIME] 4176 income_stmt: 0.16s
2026-10-02 06:18:32,676 [DEBUG] [TIME] 4176 balance_sheet: 0.25s
2026-10-02 06:18:32,851 [DEBUG] [TIME] 4176 cashflow: 0.17s
2026-10-02 06:18:33,018 [DEBUG] [TIME] 4176 dividends: 0.17s
2026-10-02 06:18:33,018 [INFO] [DETAIL] 4176 ココナラ: income_stmt=OK, balance_sheet=OK, cashflow=OK, dividends=EMPTY
2026-10-02 06:18:33,018 [INFO] [TIME] 4176 ココナラ 処理時間: 1.19s
2026-10-02 06:18:34,547 [DEBUG] [TIME] 4177 info: 0.18s
2026-10-02 06:18:34,548 [DEBUG] yfinance OK: 4177
2026-10-02 06:18:34,784 [DEBUG] [TIME] 4177 income_stmt: 0.24s
2026-10-02 06:18:34,946 [DEBUG] [TIME] 4177 balance_sheet: 0.16s
2026-10-02 06:18:35,073 [DEBUG] [TIME] 4177 cashflow: 0.13s
2026-10-02 06:18:35,177 [DEBUG] [TIME] 4177 dividends: 0.10s
2026-10-02 06:18:35,178 [INFO] [DETAIL] 4177 ｉ‐ｐｌｕｇ: income_stmt=OK, balance_sheet=OK, cashflow=OK, dividends=OK
2026-10-02 06:18:35,178 [INFO] [TIME] 4177 ｉ‐ｐｌｕｇ 処理時間: 0.81s
2026-10-02 06:18:37,112 [DEBUG] [TIME] 4178 info: 0.17s
2026-10-02 06:18:37,112 [DEBUG] yfinance OK: 4178
2026-10-02 06:18:37,245 [DEBUG] [TIME] 4178 income_stmt: 0.13s
2026-10-02 06:18:37,381 [DEBUG] [TIME] 4178 balance_sheet: 0.14s
2026-10-02 06:18:37,548 [DEBUG] [TIME] 4178 cashflow: 0.17s
2026-10-02 06:18:37,630 [DEBUG] [TIME] 4178 dividends: 0.08s
2026-10-02 06:18:37,630 [INFO] [DETAIL] 4178 Ｓｈａｒｉｎｇ　Ｉｎｎｏｖａｔｉｏｎｓ: income_stmt=OK, balance_sheet=OK, cashflow=OK, dividends=EMPTY
2026-10-02 06:18:37,630 [INFO] [TIME] 4178 Ｓｈａｒｉｎｇ　Ｉｎｎｏｖａｔｉｏｎｓ 処理時間: 0.69s
2026-10-02 06:18:39,709 [DEBUG] [TIME] 4179 info: 0.15s
2026-10-02 06:18:39,709 [DEBUG] yfinance OK: 4179
2026-10-02 06:18:39,865 [DEBUG] [TIME] 4179 income_stmt: 0.16s
2026-10-02 06:18:40,159 [DEBUG] [TIME] 4179 balance_sheet: 0.29s
2026-10-02 06:18:40,340 [DEBUG] [TIME] 4179 cashflow: 0.18s
2026-10-02 06:18:40,557 [DEBUG] [TIME] 4179 dividends: 0.22s
2026-10-02 06:18:40,557 [INFO] [DETAIL] 4179 ジーネクスト: income_stmt=OK, balance_sheet=OK, cashflow=OK, dividends=EMPTY
2026-10-02 06:18:40,557 [INFO] [TIME] 4179 ジーネクスト 処理時間: 0.99s
2026-10-02 06:18:42,018 [DEBUG] [TIME] 417A info: 0.15s
2026-10-02 06:18:42,018 [DEBUG] yfinance OK: 417A
2026-10-02 06:18:42,225 [DEBUG] [TIME] 417A income_stmt: 0.21s
2026-10-02 06:18:42,479 [DEBUG] [TIME] 417A balance_sheet: 0.25s
2026-10-02 06:18:42,622 [DEBUG] [TIME] 417A cashflow: 0.14s
2026-10-02 06:18:42,877 [DEBUG] [TIME] 417A dividends: 0.25s
2026-10-02 06:18:42,879 [INFO] [DETAIL] 417A ブルーゾーンホールディングス: income_stmt=OK, balance_sheet=OK, cashflow=OK, dividends=OK
2026-10-02 06:18:42,879 [INFO] [TIME] 417A ブルーゾーンホールディングス 処理時間: 1.01s
2026-10-02 06:18:45,034 [DEBUG] [TIME] 4180 info: 0.16s
2026-10-02 06:18:45,034 [DEBUG] yfinance OK: 4180
2026-10-02 06:18:45,165 [DEBUG] [TIME] 4180 income_stmt: 0.13s
2026-10-02 06:18:45,315 [DEBUG] [TIME] 4180 balance_sheet: 0.15s
2026-10-02 06:18:45,472 [DEBUG] [TIME] 4180 cashflow: 0.16s
2026-10-02 06:18:45,605 [DEBUG] [TIME] 4180 dividends: 0.13s
2026-10-02 06:18:45,606 [INFO] [DETAIL] 4180 Ａｐｐｉｅｒ　Ｇｒｏｕｐ: income_stmt=OK, balance_sheet=OK, cashflow=OK, dividends=OK
2026-10-02 06:18:45,606 [INFO] [TIME] 4180 Ａｐｐｉｅｒ　Ｇｒｏｕｐ 処理時間: 0.73s
2026-10-02 06:18:46,833 [DEBUG] [TIME] 4182 info: 0.20s
2026-10-02 06:18:46,833 [DEBUG] yfinance OK: 4182
2026-10-02 06:18:46,985 [DEBUG] [TIME] 4182 income_stmt: 0.15s
2026-10-02 06:18:47,200 [DEBUG] [TIME] 4182 balance_sheet: 0.21s
2026-10-02 06:18:47,406 [DEBUG] [TIME] 4182 cashflow: 0.21s
2026-10-02 06:18:47,674 [DEBUG] [TIME] 4182 dividends: 0.27s
2026-10-02 06:18:47,675 [INFO] [DETAIL] 4182 三菱瓦斯化学: income_stmt=OK, balance_sheet=OK, cashflow=OK, dividends=OK
2026-10-02 06:18:47,675 [INFO] [TIME] 4182 三菱瓦斯化学 処理時間: 1.04s
2026-10-02 06:18:49,536 [DEBUG] [TIME] 4183 info: 0.16s
2026-10-02 06:18:49,536 [DEBUG] yfinance OK: 4183
2026-10-02 06:18:49,671 [DEBUG] [TIME] 4183 income_stmt: 0.13s
2026-10-02 06:18:49,867 [DEBUG] [TIME] 4183 balance_sheet: 0.20s
2026-10-02 06:18:50,008 [DEBUG] [TIME] 4183 cashflow: 0.14s
2026-10-02 06:18:50,336 [DEBUG] [TIME] 4183 dividends: 0.33s
2026-10-02 06:18:50,338 [INFO] [DETAIL] 4183 三井化学: income_stmt=OK, balance_sheet=OK, cashflow=OK, dividends=OK
2026-10-02 06:18:50,338 [INFO] [TIME] 4183 三井化学 処理時間: 0.96s
2026-10-02 06:18:51,908 [DEBUG] [TIME] 4186 info: 0.20s
2026-10-02 06:18:51,908 [DEBUG] yfinance OK: 4186
2026-10-02 06:18:52,031 [DEBUG] [TIME] 4186 income_stmt: 0.12s
2026-10-02 06:18:52,237 [DEBUG] [TIME] 4186 balance_sheet: 0.21s
2026-10-02 06:18:52,440 [DEBUG] [TIME] 4186 cashflow: 0.20s
2026-10-02 06:18:52,695 [DEBUG] [TIME] 4186 dividends: 0.25s
2026-10-02 06:18:52,696 [INFO] [DETAIL] 4186 東京応化工業: income_stmt=OK, balance_sheet=OK, cashflow=OK, dividends=OK
2026-10-02 06:18:52,696 [INFO] [TIME] 4186 東京応化工業 処理時間: 0.98s
2026-10-02 06:18:53,956 [DEBUG] [TIME] 4187 info: 0.17s
2026-10-02 06:18:53,956 [DEBUG] yfinance OK: 4187
2026-10-02 06:18:54,114 [DEBUG] [TIME] 4187 income_stmt: 0.16s
2026-10-02 06:18:54,298 [DEBUG] [TIME] 4187 balance_sheet: 0.18s
2026-10-02 06:18:54,458 [DEBUG] [TIME] 4187 cashflow: 0.16s
2026-10-02 06:18:54,687 [DEBUG] [TIME] 4187 dividends: 0.23s
2026-10-02 06:18:54,688 [INFO] [DETAIL] 4187 大阪有機化学工業: income_stmt=OK, balance_sheet=OK, cashflow=OK, dividends=OK
2026-10-02 06:18:54,688 [INFO] [TIME] 4187 大阪有機化学工業 処理時間: 0.90s
2026-10-02 06:18:56,406 [DEBUG] [TIME] 4188 info: 0.15s
2026-10-02 06:18:56,406 [DEBUG] yfinance OK: 4188
2026-10-02 06:18:56,581 [DEBUG] [TIME] 4188 income_stmt: 0.18s
2026-10-02 06:18:56,871 [DEBUG] [TIME] 4188 balance_sheet: 0.29s
2026-10-02 06:18:57,081 [DEBUG] [TIME] 4188 cashflow: 0.21s
2026-10-02 06:18:57,325 [DEBUG] [TIME] 4188 dividends: 0.24s
2026-10-02 06:18:57,326 [INFO] [DETAIL] 4188 三菱ケミカルグループ: income_stmt=OK, balance_sheet=OK, cashflow=OK, dividends=OK
2026-10-02 06:18:57,326 [INFO] [TIME] 4188 三菱ケミカルグループ 処理時間: 1.07s
2026-10-02 06:18:58,500 [DEBUG] [TIME] 4189 info: 0.14s
2026-10-02 06:18:58,500 [DEBUG] yfinance OK: 4189
2026-10-02 06:18:58,697 [DEBUG] [TIME] 4189 income_stmt: 0.20s
2026-10-02 06:18:58,916 [DEBUG] [TIME] 4189 balance_sheet: 0.22s
2026-10-02 06:18:59,064 [DEBUG] [TIME] 4189 cashflow: 0.15s
2026-10-02 06:18:59,247 [DEBUG] [TIME] 4189 dividends: 0.18s
2026-10-02 06:18:59,248 [INFO] [DETAIL] 4189 ＫＨネオケム: income_stmt=OK, balance_sheet=OK, cashflow=OK, dividends=OK
2026-10-02 06:18:59,248 [INFO] [TIME] 4189 ＫＨネオケム 処理時間: 0.89s
2026-10-02 06:19:01,277 [DEBUG] [TIME] 4192 info: 0.14s
2026-10-02 06:19:01,277 [DEBUG] yfinance OK: 4192
2026-10-02 06:19:01,389 [DEBUG] [TIME] 4192 income_stmt: 0.11s
2026-10-02 06:19:01,683 [DEBUG] [TIME] 4192 balance_sheet: 0.29s
2026-10-02 06:19:01,931 [DEBUG] [TIME] 4192 cashflow: 0.25s
2026-10-02 06:19:02,019 [DEBUG] [TIME] 4192 dividends: 0.09s
2026-10-02 06:19:02,019 [INFO] [DETAIL] 4192 スパイダープラス: income_stmt=OK, balance_sheet=OK, cashflow=OK, dividends=EMPTY
2026-10-02 06:19:02,020 [INFO] [TIME] 4192 スパイダープラス 処理時間: 0.89s
2026-10-02 06:19:03,618 [DEBUG] [TIME] 4193 info: 0.16s
2026-10-02 06:19:03,618 [DEBUG] yfinance OK: 4193
2026-10-02 06:19:03,822 [DEBUG] [TIME] 4193 income_stmt: 0.20s
2026-10-02 06:19:04,071 [DEBUG] [TIME] 4193 balance_sheet: 0.25s
2026-10-02 06:19:04,232 [DEBUG] [TIME] 4193 cashflow: 0.16s
2026-10-02 06:19:04,353 [DEBUG] [TIME] 4193 dividends: 0.12s
2026-10-02 06:19:04,354 [INFO] [DETAIL] 4193 ファブリカホールディングス: income_stmt=OK, balance_sheet=OK, cashflow=OK, dividends=OK
2026-10-02 06:19:04,354 [INFO] [TIME] 4193 ファブリカホールディングス 処理時間: 0.89s
2026-10-02 06:19:06,366 [DEBUG] [TIME] 4194 info: 0.14s
2026-10-02 06:19:06,367 [DEBUG] yfinance OK: 4194
2026-10-02 06:19:06,575 [DEBUG] [TIME] 4194 income_stmt: 0.21s
2026-10-02 06:19:06,784 [DEBUG] [TIME] 4194 balance_sheet: 0.21s
2026-10-02 06:19:06,918 [DEBUG] [TIME] 4194 cashflow: 0.13s
2026-10-02 06:19:07,014 [DEBUG] [TIME] 4194 dividends: 0.10s
2026-10-02 06:19:07,014 [INFO] [DETAIL] 4194 ビジョナル: income_stmt=OK, balance_sheet=OK, cashflow=OK, dividends=EMPTY
2026-10-02 06:19:07,015 [INFO] [TIME] 4194 ビジョナル 処理時間: 0.79s
2026-10-02 06:19:08,500 [DEBUG] [TIME] 4196 info: 0.14s
2026-10-02 06:19:08,500 [DEBUG] yfinance OK: 4196
2026-10-02 06:19:08,665 [DEBUG] [TIME] 4196 income_stmt: 0.17s
2026-10-02 06:19:08,954 [DEBUG] [TIME] 4196 balance_sheet: 0.29s
2026-10-02 06:19:09,176 [DEBUG] [TIME] 4196 cashflow: 0.22s
2026-10-02 06:19:09,280 [DEBUG] [TIME] 4196 dividends: 0.10s
2026-10-02 06:19:09,280 [INFO] [DETAIL] 4196 ネオマーケティング: income_stmt=OK, balance_sheet=OK, cashflow=OK, dividends=EMPTY
2026-10-02 06:19:09,280 [INFO] [TIME] 4196 ネオマーケティング 処理時間: 0.92s
2026-10-02 06:19:11,237 [DEBUG] [TIME] 4197 info: 0.15s
2026-10-02 06:19:11,237 [DEBUG] yfinance OK: 4197
2026-10-02 06:19:11,389 [DEBUG] [TIME] 4197 income_stmt: 0.15s
2026-10-02 06:19:11,614 [DEBUG] [TIME] 4197 balance_sheet: 0.23s
2026-10-02 06:19:11,858 [DEBUG] [TIME] 4197 cashflow: 0.24s
2026-10-02 06:19:12,027 [DEBUG] [TIME] 4197 dividends: 0.17s
2026-10-02 06:19:12,028 [INFO] [DETAIL] 4197 アスマーク: income_stmt=OK, balance_sheet=OK, cashflow=OK, dividends=OK
2026-10-02 06:19:12,028 [INFO] [TIME] 4197 アスマーク 処理時間: 0.94s
2026-10-02 06:19:13,965 [DEBUG] [TIME] 4198 info: 0.16s
2026-10-02 06:19:13,965 [DEBUG] yfinance OK: 4198
2026-10-02 06:19:14,192 [DEBUG] [TIME] 4198 income_stmt: 0.23s
2026-10-02 06:19:14,466 [DEBUG] [TIME] 4198 balance_sheet: 0.27s
2026-10-02 06:19:14,680 [DEBUG] [TIME] 4198 cashflow: 0.21s
2026-10-02 06:19:14,789 [DEBUG] [TIME] 4198 dividends: 0.11s
2026-10-02 06:19:14,790 [INFO] [DETAIL] 4198 テンダ: income_stmt=OK, balance_sheet=OK, cashflow=OK, dividends=OK
2026-10-02 06:19:14,790 [INFO] [TIME] 4198 テンダ 処理時間: 0.99s
2026-10-02 06:19:16,788 [DEBUG] [TIME] 4199 info: 0.14s
2026-10-02 06:19:16,788 [DEBUG] yfinance OK: 4199
2026-10-02 06:19:16,959 [DEBUG] [TIME] 4199 income_stmt: 0.17s
2026-10-02 06:19:17,167 [DEBUG] [TIME] 4199 balance_sheet: 0.21s
2026-10-02 06:19:17,439 [DEBUG] [TIME] 4199 cashflow: 0.27s
2026-10-02 06:19:17,589 [DEBUG] [TIME] 4199 dividends: 0.15s
2026-10-02 06:19:17,590 [INFO] [DETAIL] 4199 ワンダープラネット: income_stmt=OK, balance_sheet=OK, cashflow=OK, dividends=OK
2026-10-02 06:19:17,590 [INFO] [TIME] 4199 ワンダープラネット 処理時間: 0.95s
2026-10-02 06:19:18,871 [DEBUG] [TIME] 4202 info: 0.16s
2026-10-02 06:19:18,871 [DEBUG] yfinance OK: 4202
2026-10-02 06:19:19,067 [DEBUG] [TIME] 4202 income_stmt: 0.20s
2026-10-02 06:19:19,319 [DEBUG] [TIME] 4202 balance_sheet: 0.25s
2026-10-02 06:19:19,545 [DEBUG] [TIME] 4202 cashflow: 0.22s
2026-10-02 06:19:19,842 [DEBUG] [TIME] 4202 dividends: 0.30s
2026-10-02 06:19:19,843 [INFO] [DETAIL] 4202 ダイセル: income_stmt=OK, balance_sheet=OK, cashflow=OK, dividends=OK
2026-10-02 06:19:19,843 [INFO] [TIME] 4202 ダイセル 処理時間: 1.13s
2026-10-02 06:19:21,874 [DEBUG] [TIME] 4203 info: 0.18s
2026-10-02 06:19:21,874 [DEBUG] yfinance OK: 4203
2026-10-02 06:19:22,093 [DEBUG] [TIME] 4203 income_stmt: 0.22s
2026-10-02 06:19:22,323 [DEBUG] [TIME] 4203 balance_sheet: 0.23s
2026-10-02 06:19:22,545 [DEBUG] [TIME] 4203 cashflow: 0.22s
2026-10-02 06:19:22,838 [DEBUG] [TIME] 4203 dividends: 0.29s
2026-10-02 06:19:22,839 [INFO] [DETAIL] 4203 住友ベークライト: income_stmt=OK, balance_sheet=OK, cashflow=OK, dividends=OK
2026-10-02 06:19:22,839 [INFO] [TIME] 4203 住友ベークライト 処理時間: 1.15s
2026-10-02 06:19:24,754 [DEBUG] [TIME] 4204 info: 0.27s
2026-10-02 06:19:24,754 [DEBUG] yfinance OK: 4204
2026-10-02 06:19:24,891 [DEBUG] [TIME] 4204 income_stmt: 0.14s
2026-10-02 06:19:25,080 [DEBUG] [TIME] 4204 balance_sheet: 0.19s
2026-10-02 06:19:25,272 [DEBUG] [TIME] 4204 cashflow: 0.19s
2026-10-02 06:19:25,512 [DEBUG] [TIME] 4204 dividends: 0.24s
2026-10-02 06:19:25,513 [INFO] [DETAIL] 4204 積水化学工業: income_stmt=OK, balance_sheet=OK, cashflow=OK, dividends=OK
2026-10-02 06:19:25,514 [INFO] [TIME] 4204 積水化学工業 処理時間: 1.03s
2026-10-02 06:19:26,832 [DEBUG] [TIME] 4205 info: 0.14s
2026-10-02 06:19:26,832 [DEBUG] yfinance OK: 4205
2026-10-02 06:19:26,971 [DEBUG] [TIME] 4205 income_stmt: 0.14s
2026-10-02 06:19:27,307 [DEBUG] [TIME] 4205 balance_sheet: 0.33s
2026-10-02 06:19:27,579 [DEBUG] [TIME] 4205 cashflow: 0.27s
2026-10-02 06:19:27,836 [DEBUG] [TIME] 4205 dividends: 0.26s
2026-10-02 06:19:27,837 [INFO] [DETAIL] 4205 日本ゼオン: income_stmt=OK, balance_sheet=OK, cashflow=OK, dividends=OK
2026-10-02 06:19:27,837 [INFO] [TIME] 4205 日本ゼオン 処理時間: 1.15s
2026-10-02 06:19:29,259 [DEBUG] [TIME] 4206 info: 0.14s
2026-10-02 06:19:29,259 [DEBUG] yfinance OK: 4206
2026-10-02 06:19:29,446 [DEBUG] [TIME] 4206 income_stmt: 0.19s
2026-10-02 06:19:29,605 [DEBUG] [TIME] 4206 balance_sheet: 0.16s
2026-10-02 06:19:29,758 [DEBUG] [TIME] 4206 cashflow: 0.15s
2026-10-02 06:19:30,007 [DEBUG] [TIME] 4206 dividends: 0.25s
2026-10-02 06:19:30,008 [INFO] [DETAIL] 4206 アイカ工業: income_stmt=OK, balance_sheet=OK, cashflow=OK, dividends=OK
2026-10-02 06:19:30,008 [INFO] [TIME] 4206 アイカ工業 処理時間: 0.89s
2026-10-02 06:19:31,221 [DEBUG] [TIME] 4208 info: 0.17s
2026-10-02 06:19:31,221 [DEBUG] yfinance OK: 4208
2026-10-02 06:19:31,377 [DEBUG] [TIME] 4208 income_stmt: 0.16s
2026-10-02 06:19:31,540 [DEBUG] [TIME] 4208 balance_sheet: 0.16s
2026-10-02 06:19:31,684 [DEBUG] [TIME] 4208 cashflow: 0.14s
2026-10-02 06:19:31,935 [DEBUG] [TIME] 4208 dividends: 0.25s
2026-10-02 06:19:31,936 [INFO] [DETAIL] 4208 ＵＢＥ: income_stmt=OK, balance_sheet=OK, cashflow=OK, dividends=OK
2026-10-02 06:19:31,936 [INFO] [TIME] 4208 ＵＢＥ 処理時間: 0.89s
2026-10-02 06:19:33,494 [DEBUG] [TIME] 4212 info: 0.17s
2026-10-02 06:19:33,494 [DEBUG] yfinance OK: 4212
2026-10-02 06:19:33,698 [DEBUG] [TIME] 4212 income_stmt: 0.20s
2026-10-02 06:19:33,894 [DEBUG] [TIME] 4212 balance_sheet: 0.20s
2026-10-02 06:19:34,167 [DEBUG] [TIME] 4212 cashflow: 0.27s
2026-10-02 06:19:34,377 [DEBUG] [TIME] 4212 dividends: 0.21s
2026-10-02 06:19:34,378 [INFO] [DETAIL] 4212 積水樹脂: income_stmt=OK, balance_sheet=OK, cashflow=OK, dividends=OK
2026-10-02 06:19:34,379 [INFO] [TIME] 4212 積水樹脂 処理時間: 1.06s
2026-10-02 06:19:36,401 [DEBUG] [TIME] 4216 info: 0.15s
2026-10-02 06:19:36,401 [DEBUG] yfinance OK: 4216
2026-10-02 06:19:36,603 [DEBUG] [TIME] 4216 income_stmt: 0.20s
2026-10-02 06:19:36,769 [DEBUG] [TIME] 4216 balance_sheet: 0.16s
2026-10-02 06:19:36,939 [DEBUG] [TIME] 4216 cashflow: 0.17s
2026-10-02 06:19:37,232 [DEBUG] [TIME] 4216 dividends: 0.29s
2026-10-02 06:19:37,233 [INFO] [DETAIL] 4216 旭有機材: income_stmt=OK, balance_sheet=OK, cashflow=OK, dividends=OK
2026-10-02 06:19:37,233 [INFO] [TIME] 4216 旭有機材 処理時間: 0.98s
2026-10-02 06:19:39,244 [DEBUG] [TIME] 4218 info: 0.15s
2026-10-02 06:19:39,244 [DEBUG] yfinance OK: 4218
2026-10-02 06:19:39,443 [DEBUG] [TIME] 4218 income_stmt: 0.20s
2026-10-02 06:19:39,680 [DEBUG] [TIME] 4218 balance_sheet: 0.24s
2026-10-02 06:19:39,876 [DEBUG] [TIME] 4218 cashflow: 0.19s
2026-10-02 06:19:40,155 [DEBUG] [TIME] 4218 dividends: 0.28s
2026-10-02 06:19:40,156 [INFO] [DETAIL] 4218 ニチバン: income_stmt=OK, balance_sheet=OK, cashflow=OK, dividends=OK
2026-10-02 06:19:40,156 [INFO] [TIME] 4218 ニチバン 処理時間: 1.06s
2026-10-02 06:19:41,463 [DEBUG] [TIME] 421A info: 0.14s
2026-10-02 06:19:41,464 [DEBUG] yfinance OK: 421A
2026-10-02 06:19:41,597 [DEBUG] [TIME] 421A income_stmt: 0.13s
2026-10-02 06:19:41,746 [DEBUG] [TIME] 421A balance_sheet: 0.15s
2026-10-02 06:19:41,980 [DEBUG] [TIME] 421A cashflow: 0.23s
2026-10-02 06:19:42,057 [DEBUG] [TIME] 421A dividends: 0.08s
2026-10-02 06:19:42,057 [INFO] [DETAIL] 421A ムービン・ストラテジック・キャリア: income_stmt=OK, balance_sheet=OK, cashflow=OK, dividends=EMPTY
2026-10-02 06:19:42,057 [INFO] [TIME] 421A ムービン・ストラテジック・キャリア 処理時間: 0.73s
2026-10-02 06:19:43,457 [DEBUG] [TIME] 4220 info: 0.14s
2026-10-02 06:19:43,457 [DEBUG] yfinance OK: 4220
2026-10-02 06:19:43,592 [DEBUG] [TIME] 4220 income_stmt: 0.13s
2026-10-02 06:19:43,762 [DEBUG] [TIME] 4220 balance_sheet: 0.17s
2026-10-02 06:19:44,008 [DEBUG] [TIME] 4220 cashflow: 0.25s
2026-10-02 06:19:44,278 [DEBUG] [TIME] 4220 dividends: 0.27s
2026-10-02 06:19:44,279 [INFO] [DETAIL] 4220 リケンテクノス: income_stmt=OK, balance_sheet=OK, cashflow=OK, dividends=OK
2026-10-02 06:19:44,279 [INFO] [TIME] 4220 リケンテクノス 処理時間: 0.96s
2026-10-02 06:19:45,689 [DEBUG] [TIME] 4221 info: 0.14s
2026-10-02 06:19:45,689 [DEBUG] yfinance OK: 4221
2026-10-02 06:19:45,843 [DEBUG] [TIME] 4221 income_stmt: 0.15s
2026-10-02 06:19:45,979 [DEBUG] [TIME] 4221 balance_sheet: 0.14s
2026-10-02 06:19:46,131 [DEBUG] [TIME] 4221 cashflow: 0.15s
2026-10-02 06:19:46,365 [DEBUG] [TIME] 4221 dividends: 0.23s
2026-10-02 06:19:46,366 [INFO] [DETAIL] 4221 大倉工業: income_stmt=OK, balance_sheet=OK, cashflow=OK, dividends=OK
2026-10-02 06:19:46,366 [INFO] [TIME] 4221 大倉工業 処理時間: 0.82s
2026-10-02 06:19:48,270 [DEBUG] [TIME] 4222 info: 0.16s
2026-10-02 06:19:48,270 [DEBUG] yfinance OK: 4222
2026-10-02 06:19:48,466 [DEBUG] [TIME] 4222 income_stmt: 0.20s
2026-10-02 06:19:48,708 [DEBUG] [TIME] 4222 balance_sheet: 0.24s
2026-10-02 06:19:48,924 [DEBUG] [TIME] 4222 cashflow: 0.22s
2026-10-02 06:19:49,116 [DEBUG] [TIME] 4222 dividends: 0.19s
2026-10-02 06:19:49,117 [INFO] [DETAIL] 4222 児玉化学工業: income_stmt=OK, balance_sheet=OK, cashflow=OK, dividends=OK
2026-10-02 06:19:49,117 [INFO] [TIME] 4222 児玉化学工業 処理時間: 1.00s
2026-10-02 06:19:51,250 [DEBUG] [TIME] 4224 info: 0.15s
2026-10-02 06:19:51,250 [DEBUG] yfinance OK: 4224
2026-10-02 06:19:51,365 [DEBUG] [TIME] 4224 income_stmt: 0.12s
2026-10-02 06:19:51,509 [DEBUG] [TIME] 4224 balance_sheet: 0.14s
2026-10-02 06:19:51,651 [DEBUG] [TIME] 4224 cashflow: 0.14s
2026-10-02 06:19:51,893 [DEBUG] [TIME] 4224 dividends: 0.24s
2026-10-02 06:19:51,894 [INFO] [DETAIL] 4224 ロンシール工業: income_stmt=OK, balance_sheet=OK, cashflow=OK, dividends=OK
2026-10-02 06:19:51,894 [INFO] [TIME] 4224 ロンシール工業 処理時間: 0.79s
2026-10-02 06:19:53,220 [DEBUG] [TIME] 4228 info: 0.14s
2026-10-02 06:19:53,220 [DEBUG] yfinance OK: 4228
2026-10-02 06:19:53,406 [DEBUG] [TIME] 4228 income_stmt: 0.19s
2026-10-02 06:19:53,666 [DEBUG] [TIME] 4228 balance_sheet: 0.26s
2026-10-02 06:19:53,826 [DEBUG] [TIME] 4228 cashflow: 0.16s
2026-10-02 06:19:54,097 [DEBUG] [TIME] 4228 dividends: 0.27s
2026-10-02 06:19:54,098 [INFO] [DETAIL] 4228 積水化成品工業: income_stmt=OK, balance_sheet=OK, cashflow=OK, dividends=OK
2026-10-02 06:19:54,098 [INFO] [TIME] 4228 積水化成品工業 処理時間: 1.02s
2026-10-02 06:19:55,806 [DEBUG] [TIME] 4229 info: 0.14s
2026-10-02 06:19:55,806 [DEBUG] yfinance OK: 4229
2026-10-02 06:19:55,936 [DEBUG] [TIME] 4229 income_stmt: 0.13s
2026-10-02 06:19:56,224 [DEBUG] [TIME] 4229 balance_sheet: 0.29s
2026-10-02 06:19:56,431 [DEBUG] [TIME] 4229 cashflow: 0.21s
2026-10-02 06:19:56,747 [DEBUG] [TIME] 4229 dividends: 0.31s
2026-10-02 06:19:56,748 [INFO] [DETAIL] 4229 群栄化学工業: income_stmt=OK, balance_sheet=OK, cashflow=OK, dividends=OK
2026-10-02 06:19:56,748 [INFO] [TIME] 4229 群栄化学工業 処理時間: 1.08s
2026-10-02 06:19:58,378 [DEBUG] [TIME] 4231 info: 0.14s
2026-10-02 06:19:58,378 [DEBUG] yfinance OK: 4231
2026-10-02 06:19:58,490 [DEBUG] [TIME] 4231 income_stmt: 0.11s
2026-10-02 06:19:58,784 [DEBUG] [TIME] 4231 balance_sheet: 0.29s
2026-10-02 06:19:59,000 [DEBUG] [TIME] 4231 cashflow: 0.22s
2026-10-02 06:19:59,216 [DEBUG] [TIME] 4231 dividends: 0.22s
2026-10-02 06:19:59,217 [INFO] [DETAIL] 4231 タイガースポリマー: income_stmt=OK, balance_sheet=OK, cashflow=OK, dividends=OK
2026-10-02 06:19:59,217 [INFO] [TIME] 4231 タイガースポリマー 処理時間: 0.98s
2026-10-02 06:20:01,097 [DEBUG] [TIME] 4234 info: 0.21s
2026-10-02 06:20:01,097 [DEBUG] yfinance OK: 4234
2026-10-02 06:20:01,306 [DEBUG] [TIME] 4234 income_stmt: 0.21s
2026-10-02 06:20:01,487 [DEBUG] [TIME] 4234 balance_sheet: 0.18s
2026-10-02 06:20:01,602 [DEBUG] [TIME] 4234 cashflow: 0.11s
2026-10-02 06:20:01,842 [DEBUG] [TIME] 4234 dividends: 0.24s
2026-10-02 06:20:01,843 [INFO] [DETAIL] 4234 サンエー化研: income_stmt=OK, balance_sheet=OK, cashflow=OK, dividends=OK
2026-10-02 06:20:01,843 [INFO] [TIME] 4234 サンエー化研 処理時間: 0.95s
2026-10-02 06:20:03,504 [DEBUG] [TIME] 4235 info: 0.20s
2026-10-02 06:20:03,504 [DEBUG] yfinance OK: 4235
2026-10-02 06:20:03,644 [DEBUG] [TIME] 4235 income_stmt: 0.14s
2026-10-02 06:20:03,885 [DEBUG] [TIME] 4235 balance_sheet: 0.24s
2026-10-02 06:20:04,007 [DEBUG] [TIME] 4235 cashflow: 0.12s
2026-10-02 06:20:04,220 [DEBUG] [TIME] 4235 dividends: 0.21s
2026-10-02 06:20:04,221 [INFO] [DETAIL] 4235 ウルトラファブリックス・ホールディングス: income_stmt=OK, balance_sheet=OK, cashflow=OK, dividends=OK
2026-10-02 06:20:04,221 [INFO] [TIME] 4235 ウルトラファブリックス・ホールディングス 処理時間: 0.92s
2026-10-02 06:20:05,427 [DEBUG] [TIME] 4237 info: 0.14s
2026-10-02 06:20:05,427 [DEBUG] yfinance OK: 4237
2026-10-02 06:20:05,585 [DEBUG] [TIME] 4237 income_stmt: 0.16s
2026-10-02 06:20:05,759 [DEBUG] [TIME] 4237 balance_sheet: 0.17s
2026-10-02 06:20:05,912 [DEBUG] [TIME] 4237 cashflow: 0.15s
2026-10-02 06:20:06,168 [DEBUG] [TIME] 4237 dividends: 0.26s
2026-10-02 06:20:06,169 [INFO] [DETAIL] 4237 フジプレアム: income_stmt=OK, balance_sheet=OK, cashflow=OK, dividends=OK
2026-10-02 06:20:06,169 [INFO] [TIME] 4237 フジプレアム 処理時間: 0.89s
2026-10-02 06:20:07,366 [DEBUG] [TIME] 4238 info: 0.14s
2026-10-02 06:20:07,366 [DEBUG] yfinance OK: 4238
2026-10-02 06:20:07,562 [DEBUG] [TIME] 4238 income_stmt: 0.20s
2026-10-02 06:20:07,853 [DEBUG] [TIME] 4238 balance_sheet: 0.29s
2026-10-02 06:20:08,020 [DEBUG] [TIME] 4238 cashflow: 0.17s
2026-10-02 06:20:08,284 [DEBUG] [TIME] 4238 dividends: 0.26s
2026-10-02 06:20:08,285 [INFO] [DETAIL] 4238 ミライアル: income_stmt=OK, balance_sheet=OK, cashflow=OK, dividends=OK
2026-10-02 06:20:08,285 [INFO] [TIME] 4238 ミライアル 処理時間: 1.06s
2026-10-02 06:20:09,761 [DEBUG] [TIME] 423A info: 0.16s
2026-10-02 06:20:09,761 [DEBUG] yfinance OK: 423A
2026-10-02 06:20:09,881 [DEBUG] [TIME] 423A income_stmt: 0.12s
2026-10-02 06:20:10,207 [DEBUG] [TIME] 423A balance_sheet: 0.33s
2026-10-02 06:20:10,448 [DEBUG] [TIME] 423A cashflow: 0.24s
2026-10-02 06:20:10,526 [DEBUG] [TIME] 423A dividends: 0.08s
2026-10-02 06:20:10,527 [INFO] [DETAIL] 423A ライオン事務器: income_stmt=OK, balance_sheet=OK, cashflow=OK, dividends=OK
2026-10-02 06:20:10,527 [INFO] [TIME] 423A ライオン事務器 処理時間: 0.92s
2026-10-02 06:20:12,512 [DEBUG] [TIME] 4240 info: 0.18s
2026-10-02 06:20:12,513 [DEBUG] yfinance OK: 4240
2026-10-02 06:20:12,726 [DEBUG] [TIME] 4240 income_stmt: 0.21s
2026-10-02 06:20:12,890 [DEBUG] [TIME] 4240 balance_sheet: 0.16s
2026-10-02 06:20:13,062 [DEBUG] [TIME] 4240 cashflow: 0.17s
2026-10-02 06:20:13,252 [DEBUG] [TIME] 4240 dividends: 0.19s
2026-10-02 06:20:13,253 [INFO] [DETAIL] 4240 クラスターテクノロジー: income_stmt=OK, balance_sheet=OK, cashflow=OK, dividends=OK
2026-10-02 06:20:13,253 [INFO] [TIME] 4240 クラスターテクノロジー 処理時間: 0.92s
2026-10-02 06:20:14,909 [DEBUG] [TIME] 4241 info: 0.16s
2026-10-02 06:20:14,909 [DEBUG] yfinance OK: 4241
2026-10-02 06:20:15,034 [DEBUG] [TIME] 4241 income_stmt: 0.13s
2026-10-02 06:20:15,219 [DEBUG] [TIME] 4241 balance_sheet: 0.18s
2026-10-02 06:20:15,422 [DEBUG] [TIME] 4241 cashflow: 0.20s
2026-10-02 06:20:15,691 [DEBUG] [TIME] 4241 dividends: 0.27s
2026-10-02 06:20:15,692 [INFO] [DETAIL] 4241 アテクト: income_stmt=OK, balance_sheet=OK, cashflow=OK, dividends=OK
2026-10-02 06:20:15,692 [INFO] [TIME] 4241 アテクト 処理時間: 0.95s
2026-10-02 06:20:17,413 [DEBUG] [TIME] 4242 info: 0.17s
2026-10-02 06:20:17,413 [DEBUG] yfinance OK: 4242
2026-10-02 06:20:17,561 [DEBUG] [TIME] 4242 income_stmt: 0.15s
2026-10-02 06:20:17,870 [DEBUG] [TIME] 4242 balance_sheet: 0.31s
2026-10-02 06:20:18,107 [DEBUG] [TIME] 4242 cashflow: 0.24s
2026-10-02 06:20:18,329 [DEBUG] [TIME] 4242 dividends: 0.22s
2026-10-02 06:20:18,330 [INFO] [DETAIL] 4242 タカギセイコー: income_stmt=OK, balance_sheet=OK, cashflow=OK, dividends=OK
2026-10-02 06:20:18,330 [INFO] [TIME] 4242 タカギセイコー 処理時間: 1.09s
2026-10-02 06:20:20,109 [DEBUG] [TIME] 4243 info: 0.14s
2026-10-02 06:20:20,109 [DEBUG] yfinance OK: 4243
2026-10-02 06:20:20,301 [DEBUG] [TIME] 4243 income_stmt: 0.19s
2026-10-02 06:20:20,545 [DEBUG] [TIME] 4243 balance_sheet: 0.24s
2026-10-02 06:20:20,720 [DEBUG] [TIME] 4243 cashflow: 0.17s
2026-10-02 06:20:20,889 [DEBUG] [TIME] 4243 dividends: 0.17s
2026-10-02 06:20:20,890 [INFO] [DETAIL] 4243 ニックス: income_stmt=OK, balance_sheet=OK, cashflow=OK, dividends=OK
2026-10-02 06:20:20,890 [INFO] [TIME] 4243 ニックス 処理時間: 0.93s
2026-10-02 06:20:22,517 [DEBUG] [TIME] 4245 info: 0.16s
2026-10-02 06:20:22,517 [DEBUG] yfinance OK: 4245
2026-10-02 06:20:22,699 [DEBUG] [TIME] 4245 income_stmt: 0.18s
2026-10-02 06:20:22,911 [DEBUG] [TIME] 4245 balance_sheet: 0.21s
2026-10-02 06:20:23,139 [DEBUG] [TIME] 4245 cashflow: 0.23s
2026-10-02 06:20:23,360 [DEBUG] [TIME] 4245 dividends: 0.22s
2026-10-02 06:20:23,361 [INFO] [DETAIL] 4245 ダイキアクシス: income_stmt=OK, balance_sheet=OK, cashflow=OK, dividends=OK
2026-10-02 06:20:23,361 [INFO] [TIME] 4245 ダイキアクシス 処理時間: 1.01s
2026-10-02 06:20:24,690 [DEBUG] [TIME] 4246 info: 0.16s
2026-10-02 06:20:24,690 [DEBUG] yfinance OK: 4246
2026-10-02 06:20:24,892 [DEBUG] [TIME] 4246 income_stmt: 0.20s
2026-10-02 06:20:25,198 [DEBUG] [TIME] 4246 balance_sheet: 0.31s
2026-10-02 06:20:25,367 [DEBUG] [TIME] 4246 cashflow: 0.17s
2026-10-02 06:20:25,542 [DEBUG] [TIME] 4246 dividends: 0.17s
2026-10-02 06:20:25,543 [INFO] [DETAIL] 4246 ダイキョーニシカワ: income_stmt=OK, balance_sheet=OK, cashflow=OK, dividends=OK
2026-10-02 06:20:25,543 [INFO] [TIME] 4246 ダイキョーニシカワ 処理時間: 1.02s
2026-10-02 06:20:27,421 [DEBUG] [TIME] 4247 info: 0.14s
2026-10-02 06:20:27,421 [DEBUG] yfinance OK: 4247
2026-10-02 06:20:27,561 [DEBUG] [TIME] 4247 income_stmt: 0.14s
2026-10-02 06:20:27,732 [DEBUG] [TIME] 4247 balance_sheet: 0.17s
2026-10-02 06:20:27,861 [DEBUG] [TIME] 4247 cashflow: 0.13s
2026-10-02 06:20:27,984 [DEBUG] [TIME] 4247 dividends: 0.12s
2026-10-02 06:20:27,985 [INFO] [DETAIL] 4247 ポバール興業: income_stmt=OK, balance_sheet=OK, cashflow=OK, dividends=OK
2026-10-02 06:20:27,985 [INFO] [TIME] 4247 ポバール興業 処理時間: 0.71s
2026-10-02 06:20:30,048 [DEBUG] [TIME] 4248 info: 0.16s
2026-10-02 06:20:30,048 [DEBUG] yfinance OK: 4248
2026-10-02 06:20:30,202 [DEBUG] [TIME] 4248 income_stmt: 0.15s
2026-10-02 06:20:30,391 [DEBUG] [TIME] 4248 balance_sheet: 0.19s
2026-10-02 06:20:30,605 [DEBUG] [TIME] 4248 cashflow: 0.21s
2026-10-02 06:20:30,768 [DEBUG] [TIME] 4248 dividends: 0.16s
2026-10-02 06:20:30,769 [INFO] [DETAIL] 4248 竹本容器: income_stmt=OK, balance_sheet=OK, cashflow=OK, dividends=OK
2026-10-02 06:20:30,769 [INFO] [TIME] 4248 竹本容器 処理時間: 0.88s
2026-10-02 06:20:32,644 [DEBUG] [TIME] 4249 info: 0.15s
2026-10-02 06:20:32,645 [DEBUG] yfinance OK: 4249
2026-10-02 06:20:32,774 [DEBUG] [TIME] 4249 income_stmt: 0.13s
2026-10-02 06:20:32,917 [DEBUG] [TIME] 4249 balance_sheet: 0.14s
2026-10-02 06:20:33,163 [DEBUG] [TIME] 4249 cashflow: 0.25s
2026-10-02 06:20:33,351 [DEBUG] [TIME] 4249 dividends: 0.19s
2026-10-02 06:20:33,352 [INFO] [DETAIL] 4249 森六: income_stmt=OK, balance_sheet=OK, cashflow=OK, dividends=OK
2026-10-02 06:20:33,352 [INFO] [TIME] 4249 森六 処理時間: 0.86s
2026-10-02 06:20:34,972 [DEBUG] [TIME] 4251 info: 0.21s
2026-10-02 06:20:34,972 [DEBUG] yfinance OK: 4251
2026-10-02 06:20:35,174 [DEBUG] [TIME] 4251 income_stmt: 0.20s
2026-10-02 06:20:35,442 [DEBUG] [TIME] 4251 balance_sheet: 0.27s
2026-10-02 06:20:35,709 [DEBUG] [TIME] 4251 cashflow: 0.27s
2026-10-02 06:20:35,861 [DEBUG] [TIME] 4251 dividends: 0.15s
2026-10-02 06:20:35,862 [INFO] [DETAIL] 4251 恵和: income_stmt=OK, balance_sheet=OK, cashflow=OK, dividends=OK
2026-10-02 06:20:35,863 [INFO] [TIME] 4251 恵和 処理時間: 1.10s
2026-10-02 06:20:37,943 [DEBUG] [TIME] 4255 info: 0.16s
2026-10-02 06:20:37,943 [DEBUG] yfinance OK: 4255
2026-10-02 06:20:38,066 [DEBUG] [TIME] 4255 income_stmt: 0.12s
2026-10-02 06:20:38,258 [DEBUG] [TIME] 4255 balance_sheet: 0.19s
2026-10-02 06:20:38,501 [DEBUG] [TIME] 4255 cashflow: 0.24s
2026-10-02 06:20:38,611 [DEBUG] [TIME] 4255 dividends: 0.11s
2026-10-02 06:20:38,611 [INFO] [DETAIL] 4255 ＴＨＥＣＯＯ: income_stmt=OK, balance_sheet=OK, cashflow=OK, dividends=EMPTY
2026-10-02 06:20:38,611 [INFO] [TIME] 4255 ＴＨＥＣＯＯ 処理時間: 0.82s
2026-10-02 06:20:40,693 [DEBUG] [TIME] 4256 info: 0.14s
2026-10-02 06:20:40,694 [DEBUG] yfinance OK: 4256
2026-10-02 06:20:40,839 [DEBUG] [TIME] 4256 income_stmt: 0.15s
2026-10-02 06:20:40,988 [DEBUG] [TIME] 4256 balance_sheet: 0.15s
2026-10-02 06:20:41,148 [DEBUG] [TIME] 4256 cashflow: 0.16s
2026-10-02 06:20:41,254 [DEBUG] [TIME] 4256 dividends: 0.11s
2026-10-02 06:20:41,254 [INFO] [DETAIL] 4256 サインド: income_stmt=OK, balance_sheet=OK, cashflow=OK, dividends=EMPTY
2026-10-02 06:20:41,254 [INFO] [TIME] 4256 サインド 処理時間: 0.70s
2026-10-02 06:20:43,396 [DEBUG] [TIME] 4258 info: 0.16s
2026-10-02 06:20:43,396 [DEBUG] yfinance OK: 4258
2026-10-02 06:20:43,594 [DEBUG] [TIME] 4258 income_stmt: 0.20s
2026-10-02 06:20:43,896 [DEBUG] [TIME] 4258 balance_sheet: 0.30s
2026-10-02 06:20:44,075 [DEBUG] [TIME] 4258 cashflow: 0.18s
2026-10-02 06:20:44,189 [DEBUG] [TIME] 4258 dividends: 0.11s
2026-10-02 06:20:44,190 [INFO] [DETAIL] 4258 網屋: income_stmt=OK, balance_sheet=OK, cashflow=OK, dividends=OK
2026-10-02 06:20:44,190 [INFO] [TIME] 4258 網屋 処理時間: 0.95s
2026-10-02 06:20:45,731 [DEBUG] [TIME] 4259 info: 0.16s
2026-10-02 06:20:45,731 [DEBUG] yfinance OK: 4259
2026-10-02 06:20:45,929 [DEBUG] [TIME] 4259 income_stmt: 0.20s
2026-10-02 06:20:46,187 [DEBUG] [TIME] 4259 balance_sheet: 0.26s
2026-10-02 06:20:46,415 [DEBUG] [TIME] 4259 cashflow: 0.23s
2026-10-02 06:20:46,554 [DEBUG] [TIME] 4259 dividends: 0.14s
2026-10-02 06:20:46,554 [INFO] [DETAIL] 4259 エクサウィザーズ: income_stmt=OK, balance_sheet=OK, cashflow=OK, dividends=EMPTY
2026-10-02 06:20:46,554 [INFO] [TIME] 4259 エクサウィザーズ 処理時間: 0.98s
2026-10-02 06:20:47,873 [DEBUG] [TIME] 4260 info: 0.16s
2026-10-02 06:20:47,873 [DEBUG] yfinance OK: 4260
2026-10-02 06:20:48,060 [DEBUG] [TIME] 4260 income_stmt: 0.19s
2026-10-02 06:20:48,244 [DEBUG] [TIME] 4260 balance_sheet: 0.18s
2026-10-02 06:20:48,403 [DEBUG] [TIME] 4260 cashflow: 0.16s
2026-10-02 06:20:48,495 [DEBUG] [TIME] 4260 dividends: 0.09s
2026-10-02 06:20:48,495 [INFO] [DETAIL] 4260 ハイブリッドテクノロジーズ: income_stmt=OK, balance_sheet=OK, cashflow=OK, dividends=EMPTY
2026-10-02 06:20:48,495 [INFO] [TIME] 4260 ハイブリッドテクノロジーズ 処理時間: 0.78s
2026-10-02 06:20:50,445 [DEBUG] [TIME] 4261 info: 0.22s
2026-10-02 06:20:50,445 [DEBUG] yfinance OK: 4261
2026-10-02 06:20:50,602 [DEBUG] [TIME] 4261 income_stmt: 0.16s
2026-10-02 06:20:50,909 [DEBUG] [TIME] 4261 balance_sheet: 0.31s
2026-10-02 06:20:51,129 [DEBUG] [TIME] 4261 cashflow: 0.22s
2026-10-02 06:20:51,210 [DEBUG] [TIME] 4261 dividends: 0.08s
2026-10-02 06:20:51,210 [INFO] [DETAIL] 4261 アジアクエスト: income_stmt=OK, balance_sheet=OK, cashflow=OK, dividends=EMPTY
2026-10-02 06:20:51,210 [INFO] [TIME] 4261 アジアクエスト 処理時間: 0.99s
2026-10-02 06:20:53,289 [DEBUG] [TIME] 4262 info: 0.14s
2026-10-02 06:20:53,289 [DEBUG] yfinance OK: 4262
2026-10-02 06:20:53,429 [DEBUG] [TIME] 4262 income_stmt: 0.14s
2026-10-02 06:20:53,591 [DEBUG] [TIME] 4262 balance_sheet: 0.16s
2026-10-02 06:20:53,708 [DEBUG] [TIME] 4262 cashflow: 0.12s
2026-10-02 06:20:53,822 [DEBUG] [TIME] 4262 dividends: 0.11s
2026-10-02 06:20:53,823 [INFO] [DETAIL] 4262 ニフティライフスタイル: income_stmt=OK, balance_sheet=OK, cashflow=OK, dividends=OK
2026-10-02 06:20:53,824 [INFO] [TIME] 4262 ニフティライフスタイル 処理時間: 0.68s
2026-10-02 06:20:55,263 [DEBUG] [TIME] 4263 info: 0.14s
2026-10-02 06:20:55,263 [DEBUG] yfinance OK: 4263
2026-10-02 06:20:55,435 [DEBUG] [TIME] 4263 income_stmt: 0.17s
2026-10-02 06:20:55,599 [DEBUG] [TIME] 4263 balance_sheet: 0.16s
2026-10-02 06:20:55,728 [DEBUG] [TIME] 4263 cashflow: 0.13s
2026-10-02 06:20:55,854 [DEBUG] [TIME] 4263 dividends: 0.13s
2026-10-02 06:20:55,854 [INFO] [DETAIL] 4263 サスメド: income_stmt=OK, balance_sheet=OK, cashflow=OK, dividends=EMPTY
2026-10-02 06:20:55,854 [INFO] [TIME] 4263 サスメド 処理時間: 0.73s
2026-10-02 06:20:57,009 [DEBUG] [TIME] 4264 info: 0.14s
2026-10-02 06:20:57,009 [DEBUG] yfinance OK: 4264
2026-10-02 06:20:57,213 [DEBUG] [TIME] 4264 income_stmt: 0.20s
2026-10-02 06:20:57,461 [DEBUG] [TIME] 4264 balance_sheet: 0.25s
2026-10-02 06:20:57,746 [DEBUG] [TIME] 4264 cashflow: 0.28s
2026-10-02 06:20:57,842 [DEBUG] [TIME] 4264 dividends: 0.10s
2026-10-02 06:20:57,842 [INFO] [DETAIL] 4264 セキュア: income_stmt=OK, balance_sheet=OK, cashflow=OK, dividends=EMPTY
2026-10-02 06:20:57,842 [INFO] [TIME] 4264 セキュア 処理時間: 0.97s
2026-10-02 06:20:59,705 [DEBUG] [TIME] 4265 info: 0.17s
2026-10-02 06:20:59,706 [DEBUG] yfinance OK: 4265
2026-10-02 06:20:59,909 [DEBUG] [TIME] 4265 income_stmt: 0.20s
2026-10-02 06:21:00,151 [DEBUG] [TIME] 4265 balance_sheet: 0.24s
2026-10-02 06:21:00,334 [DEBUG] [TIME] 4265 cashflow: 0.18s
2026-10-02 06:21:00,425 [DEBUG] [TIME] 4265 dividends: 0.09s
2026-10-02 06:21:00,425 [INFO] [DETAIL] 4265 Ｉｎｓｔｉｔｕｔｉｏｎ　ｆｏｒ　ａ　Ｇｌｏｂａｌ　Ｓｏｃｉｅｔｙ: income_stmt=OK, balance_sheet=OK, cashflow=OK, dividends=EMPTY
2026-10-02 06:21:00,425 [INFO] [TIME] 4265 Ｉｎｓｔｉｔｕｔｉｏｎ　ｆｏｒ　ａ　Ｇｌｏｂａｌ　Ｓｏｃｉｅｔｙ 処理時間: 0.89s
2026-10-02 06:21:01,883 [DEBUG] [TIME] 4270 info: 0.14s
2026-10-02 06:21:01,883 [DEBUG] yfinance OK: 4270
2026-10-02 06:21:02,137 [DEBUG] [TIME] 4270 income_stmt: 0.25s
2026-10-02 06:21:02,442 [DEBUG] [TIME] 4270 balance_sheet: 0.30s
2026-10-02 06:21:02,684 [DEBUG] [TIME] 4270 cashflow: 0.24s
2026-10-02 06:21:02,794 [DEBUG] [TIME] 4270 dividends: 0.11s
2026-10-02 06:21:02,794 [INFO] [DETAIL] 4270 ＢｅｅＸ: income_stmt=OK, balance_sheet=OK, cashflow=OK, dividends=OK
2026-10-02 06:21:02,794 [INFO] [TIME] 4270 ＢｅｅＸ 処理時間: 1.05s
2026-10-02 06:21:04,191 [DEBUG] [TIME] 4272 info: 0.18s
2026-10-02 06:21:04,191 [DEBUG] yfinance OK: 4272
2026-10-02 06:21:04,333 [DEBUG] [TIME] 4272 income_stmt: 0.14s
2026-10-02 06:21:04,492 [DEBUG] [TIME] 4272 balance_sheet: 0.16s
2026-10-02 06:21:04,652 [DEBUG] [TIME] 4272 cashflow: 0.16s
2026-10-02 06:21:04,902 [DEBUG] [TIME] 4272 dividends: 0.25s
2026-10-02 06:21:04,903 [INFO] [DETAIL] 4272 日本化薬: income_stmt=OK, balance_sheet=OK, cashflow=OK, dividends=OK
2026-10-02 06:21:04,903 [INFO] [TIME] 4272 日本化薬 処理時間: 0.89s
2026-10-02 06:21:06,977 [DEBUG] [TIME] 4274 info: 0.14s
2026-10-02 06:21:06,977 [DEBUG] yfinance OK: 4274
2026-10-02 06:21:07,202 [DEBUG] [TIME] 4274 income_stmt: 0.22s
2026-10-02 06:21:07,388 [DEBUG] [TIME] 4274 balance_sheet: 0.18s
2026-10-02 06:21:07,595 [DEBUG] [TIME] 4274 cashflow: 0.21s
2026-10-02 06:21:07,845 [DEBUG] [TIME] 4274 dividends: 0.25s
2026-10-02 06:21:07,846 [INFO] [DETAIL] 4274 細谷火工: income_stmt=OK, balance_sheet=OK, cashflow=OK, dividends=OK
2026-10-02 06:21:07,846 [INFO] [TIME] 4274 細谷火工 処理時間: 1.01s
2026-10-02 06:21:09,030 [DEBUG] [TIME] 4275 info: 0.15s
2026-10-02 06:21:09,030 [DEBUG] yfinance OK: 4275
2026-10-02 06:21:09,167 [DEBUG] [TIME] 4275 income_stmt: 0.14s
2026-10-02 06:21:09,511 [DEBUG] [TIME] 4275 balance_sheet: 0.34s
2026-10-02 06:21:09,677 [DEBUG] [TIME] 4275 cashflow: 0.16s
2026-10-02 06:21:09,963 [DEBUG] [TIME] 4275 dividends: 0.29s
2026-10-02 06:21:09,964 [INFO] [DETAIL] 4275 カーリット: income_stmt=OK, balance_sheet=OK, cashflow=OK, dividends=OK
2026-10-02 06:21:09,964 [INFO] [TIME] 4275 カーリット 処理時間: 1.08s
2026-10-02 06:21:12,052 [DEBUG] [TIME] 4284 info: 0.15s
2026-10-02 06:21:12,052 [DEBUG] yfinance OK: 4284
2026-10-02 06:21:12,241 [DEBUG] [TIME] 4284 income_stmt: 0.19s
2026-10-02 06:21:12,513 [DEBUG] [TIME] 4284 balance_sheet: 0.27s
2026-10-02 06:21:12,771 [DEBUG] [TIME] 4284 cashflow: 0.26s
2026-10-02 06:21:13,080 [DEBUG] [TIME] 4284 dividends: 0.31s
2026-10-02 06:21:13,081 [INFO] [DETAIL] 4284 ソルクシーズ: income_stmt=OK, balance_sheet=OK, cashflow=OK, dividends=OK
2026-10-02 06:21:13,081 [INFO] [TIME] 4284 ソルクシーズ 処理時間: 1.18s
2026-10-02 06:21:14,607 [DEBUG] [TIME] 4286 info: 0.17s
2026-10-02 06:21:14,608 [DEBUG] yfinance OK: 4286
2026-10-02 06:21:14,752 [DEBUG] [TIME] 4286 income_stmt: 0.14s
2026-10-02 06:21:15,021 [DEBUG] [TIME] 4286 balance_sheet: 0.27s
2026-10-02 06:21:15,199 [DEBUG] [TIME] 4286 cashflow: 0.18s
2026-10-02 06:21:15,412 [DEBUG] [TIME] 4286 dividends: 0.21s
2026-10-02 06:21:15,413 [INFO] [DETAIL] 4286 ＣＬホールディングス: income_stmt=OK, balance_sheet=OK, cashflow=OK, dividends=OK
2026-10-02 06:21:15,413 [INFO] [TIME] 4286 ＣＬホールディングス 処理時間: 0.98s
2026-10-02 06:21:17,491 [DEBUG] [TIME] 4287 info: 0.19s
2026-10-02 06:21:17,491 [DEBUG] yfinance OK: 4287
2026-10-02 06:21:17,675 [DEBUG] [TIME] 4287 income_stmt: 0.18s
2026-10-02 06:21:17,868 [DEBUG] [TIME] 4287 balance_sheet: 0.19s
2026-10-02 06:21:18,048 [DEBUG] [TIME] 4287 cashflow: 0.18s
2026-10-02 06:21:18,339 [DEBUG] [TIME] 4287 dividends: 0.29s
2026-10-02 06:21:18,340 [INFO] [DETAIL] 4287 ジャストプランニング: income_stmt=OK, balance_sheet=OK, cashflow=OK, dividends=OK
2026-10-02 06:21:18,341 [INFO] [TIME] 4287 ジャストプランニング 処理時間: 1.04s
2026-10-02 06:21:19,716 [DEBUG] [TIME] 4288 info: 0.14s
2026-10-02 06:21:19,716 [DEBUG] yfinance OK: 4288
2026-10-02 06:21:19,897 [DEBUG] [TIME] 4288 income_stmt: 0.18s
2026-10-02 06:21:20,174 [DEBUG] [TIME] 4288 balance_sheet: 0.28s
2026-10-02 06:21:20,335 [DEBUG] [TIME] 4288 cashflow: 0.16s
2026-10-02 06:21:20,533 [DEBUG] [TIME] 4288 dividends: 0.20s
2026-10-02 06:21:20,534 [INFO] [DETAIL] 4288 アズジェント: income_stmt=OK, balance_sheet=OK, cashflow=OK, dividends=OK
2026-10-02 06:21:20,534 [INFO] [TIME] 4288 アズジェント 処理時間: 0.96s
2026-10-02 06:21:22,156 [DEBUG] [TIME] 428A info: 0.16s
2026-10-02 06:21:22,156 [DEBUG] yfinance OK: 428A
2026-10-02 06:21:22,347 [DEBUG] [TIME] 428A income_stmt: 0.19s
2026-10-02 06:21:22,574 [DEBUG] [TIME] 428A balance_sheet: 0.23s
2026-10-02 06:21:22,747 [DEBUG] [TIME] 428A cashflow: 0.17s
2026-10-02 06:21:22,829 [DEBUG] [TIME] 428A dividends: 0.08s
2026-10-02 06:21:22,830 [INFO] [DETAIL] 428A サイプレス・ホールディングス: income_stmt=OK, balance_sheet=OK, cashflow=OK, dividends=OK
2026-10-02 06:21:22,830 [INFO] [TIME] 428A サイプレス・ホールディングス 処理時間: 0.83s
2026-10-02 06:21:24,585 [DEBUG] [TIME] 4290 info: 0.16s
2026-10-02 06:21:24,585 [DEBUG] yfinance OK: 4290
2026-10-02 06:21:24,734 [DEBUG] [TIME] 4290 income_stmt: 0.15s
2026-10-02 06:21:24,918 [DEBUG] [TIME] 4290 balance_sheet: 0.18s
2026-10-02 06:21:25,115 [DEBUG] [TIME] 4290 cashflow: 0.20s
2026-10-02 06:21:25,304 [DEBUG] [TIME] 4290 dividends: 0.19s
2026-10-02 06:21:25,305 [INFO] [DETAIL] 4290 プレステージ・インターナショナル: income_stmt=OK, balance_sheet=OK, cashflow=OK, dividends=OK
2026-10-02 06:21:25,305 [INFO] [TIME] 4290 プレステージ・インターナショナル 処理時間: 0.88s
2026-10-02 06:21:26,763 [DEBUG] [TIME] 4293 info: 0.16s
2026-10-02 06:21:26,763 [DEBUG] yfinance OK: 4293
2026-10-02 06:21:26,924 [DEBUG] [TIME] 4293 income_stmt: 0.16s
2026-10-02 06:21:27,193 [DEBUG] [TIME] 4293 balance_sheet: 0.27s
2026-10-02 06:21:27,401 [DEBUG] [TIME] 4293 cashflow: 0.21s
2026-10-02 06:21:27,615 [DEBUG] [TIME] 4293 dividends: 0.21s
2026-10-02 06:21:27,616 [INFO] [DETAIL] 4293 セプテーニ・ホールディングス: income_stmt=OK, balance_sheet=OK, cashflow=OK, dividends=OK
2026-10-02 06:21:27,616 [INFO] [TIME] 4293 セプテーニ・ホールディングス 処理時間: 1.01s
2026-10-02 06:21:29,147 [DEBUG] [TIME] 4299 info: 0.17s
2026-10-02 06:21:29,147 [DEBUG] yfinance OK: 4299
2026-10-02 06:21:29,325 [DEBUG] [TIME] 4299 income_stmt: 0.18s
2026-10-02 06:21:29,578 [DEBUG] [TIME] 4299 balance_sheet: 0.25s
2026-10-02 06:21:29,779 [DEBUG] [TIME] 4299 cashflow: 0.20s
2026-10-02 06:21:30,026 [DEBUG] [TIME] 4299 dividends: 0.25s
2026-10-02 06:21:30,027 [INFO] [DETAIL] 4299 ハイマックス: income_stmt=OK, balance_sheet=OK, cashflow=OK, dividends=OK
2026-10-02 06:21:30,027 [INFO] [TIME] 4299 ハイマックス 処理時間: 1.05s
2026-10-02 06:21:31,395 [DEBUG] [TIME] 429A info: 0.15s
2026-10-02 06:21:31,395 [DEBUG] yfinance OK: 429A
2026-10-02 06:21:31,576 [DEBUG] [TIME] 429A income_stmt: 0.18s
2026-10-02 06:21:31,710 [DEBUG] [TIME] 429A balance_sheet: 0.13s
2026-10-02 06:21:31,958 [DEBUG] [TIME] 429A cashflow: 0.25s
2026-10-02 06:21:32,051 [DEBUG] [TIME] 429A dividends: 0.09s
2026-10-02 06:21:32,051 [INFO] [DETAIL] 429A テクセンドフォトマスク: income_stmt=OK, balance_sheet=OK, cashflow=OK, dividends=OK
2026-10-02 06:21:32,052 [INFO] [TIME] 429A テクセンドフォトマスク 処理時間: 0.80s
2026-10-02 06:21:33,444 [DEBUG] [TIME] 4301 info: 0.18s
2026-10-02 06:21:33,445 [DEBUG] yfinance OK: 4301
2026-10-02 06:21:33,580 [DEBUG] [TIME] 4301 income_stmt: 0.14s
2026-10-02 06:21:33,861 [DEBUG] [TIME] 4301 balance_sheet: 0.28s
2026-10-02 06:21:34,096 [DEBUG] [TIME] 4301 cashflow: 0.23s
2026-10-02 06:21:34,375 [DEBUG] [TIME] 4301 dividends: 0.28s
2026-10-02 06:21:34,376 [INFO] [DETAIL] 4301 アミューズ: income_stmt=OK, balance_sheet=OK, cashflow=OK, dividends=OK
2026-10-02 06:21:34,377 [INFO] [TIME] 4301 アミューズ 処理時間: 1.11s
2026-10-02 06:21:36,386 [DEBUG] [TIME] 4307 info: 0.19s
2026-10-02 06:21:36,386 [DEBUG] yfinance OK: 4307
2026-10-02 06:21:36,565 [DEBUG] [TIME] 4307 income_stmt: 0.18s
2026-10-02 06:21:36,847 [DEBUG] [TIME] 4307 balance_sheet: 0.28s
2026-10-02 06:21:37,083 [DEBUG] [TIME] 4307 cashflow: 0.24s
2026-10-02 06:21:37,314 [DEBUG] [TIME] 4307 dividends: 0.23s
2026-10-02 06:21:37,315 [INFO] [DETAIL] 4307 野村総合研究所: income_stmt=OK, balance_sheet=OK, cashflow=OK, dividends=OK
2026-10-02 06:21:37,315 [INFO] [TIME] 4307 野村総合研究所 処理時間: 1.12s
2026-10-02 06:21:39,045 [DEBUG] [TIME] 4308 info: 0.14s
2026-10-02 06:21:39,045 [DEBUG] yfinance OK: 4308
2026-10-02 06:21:39,204 [DEBUG] [TIME] 4308 income_stmt: 0.16s
2026-10-02 06:21:39,367 [DEBUG] [TIME] 4308 balance_sheet: 0.16s
2026-10-02 06:21:39,485 [DEBUG] [TIME] 4308 cashflow: 0.12s
2026-10-02 06:21:39,743 [DEBUG] [TIME] 4308 dividends: 0.26s
2026-10-02 06:21:39,744 [INFO] [DETAIL] 4308 Ｊストリーム: income_stmt=OK, balance_sheet=OK, cashflow=OK, dividends=OK
2026-10-02 06:21:39,744 [INFO] [TIME] 4308 Ｊストリーム 処理時間: 0.84s
2026-10-02 06:21:41,271 [DEBUG] [TIME] 4310 info: 0.16s
2026-10-02 06:21:41,271 [DEBUG] yfinance OK: 4310
2026-10-02 06:21:41,491 [DEBUG] [TIME] 4310 income_stmt: 0.22s
2026-10-02 06:21:41,678 [DEBUG] [TIME] 4310 balance_sheet: 0.19s
2026-10-02 06:21:41,990 [DEBUG] [TIME] 4310 cashflow: 0.31s
2026-10-02 06:21:42,400 [DEBUG] [TIME] 4310 dividends: 0.41s
2026-10-02 06:21:42,401 [INFO] [DETAIL] 4310 ドリームインキュベータ: income_stmt=OK, balance_sheet=OK, cashflow=OK, dividends=OK
2026-10-02 06:21:42,401 [INFO] [TIME] 4310 ドリームインキュベータ 処理時間: 1.29s
2026-10-02 06:21:43,588 [DEBUG] [TIME] 4316 info: 0.15s
2026-10-02 06:21:43,588 [DEBUG] yfinance OK: 4316
2026-10-02 06:21:43,713 [DEBUG] [TIME] 4316 income_stmt: 0.12s
2026-10-02 06:21:43,884 [DEBUG] [TIME] 4316 balance_sheet: 0.17s
2026-10-02 06:21:44,171 [DEBUG] [TIME] 4316 cashflow: 0.29s
2026-10-02 06:21:44,317 [DEBUG] [TIME] 4316 dividends: 0.15s
2026-10-02 06:21:44,317 [INFO] [DETAIL] 4316 ビーマップ: income_stmt=OK, balance_sheet=OK, cashflow=OK, dividends=EMPTY
2026-10-02 06:21:44,317 [INFO] [TIME] 4316 ビーマップ 処理時間: 0.88s
2026-10-02 06:21:45,920 [DEBUG] [TIME] 4317 info: 0.22s
2026-10-02 06:21:45,920 [DEBUG] yfinance OK: 4317
2026-10-02 06:21:46,094 [DEBUG] [TIME] 4317 income_stmt: 0.17s
2026-10-02 06:21:46,340 [DEBUG] [TIME] 4317 balance_sheet: 0.25s
2026-10-02 06:21:46,532 [DEBUG] [TIME] 4317 cashflow: 0.19s
2026-10-02 06:21:46,747 [DEBUG] [TIME] 4317 dividends: 0.21s
2026-10-02 06:21:46,748 [INFO] [DETAIL] 4317 レイ: income_stmt=OK, balance_sheet=OK, cashflow=OK, dividends=OK
2026-10-02 06:21:46,748 [INFO] [TIME] 4317 レイ 処理時間: 1.05s
2026-10-02 06:21:48,013 [DEBUG] [TIME] 4318 info: 0.21s
2026-10-02 06:21:48,013 [DEBUG] yfinance OK: 4318
2026-10-02 06:21:48,217 [DEBUG] [TIME] 4318 income_stmt: 0.20s
2026-10-02 06:21:48,401 [DEBUG] [TIME] 4318 balance_sheet: 0.18s
2026-10-02 06:21:48,601 [DEBUG] [TIME] 4318 cashflow: 0.20s
2026-10-02 06:21:48,861 [DEBUG] [TIME] 4318 dividends: 0.26s
2026-10-02 06:21:48,862 [INFO] [DETAIL] 4318 クイック: income_stmt=OK, balance_sheet=OK, cashflow=OK, dividends=OK
2026-10-02 06:21:48,862 [INFO] [TIME] 4318 クイック 処理時間: 1.06s
2026-10-02 06:21:50,722 [DEBUG] [TIME] 431A info: 0.14s
2026-10-02 06:21:50,722 [DEBUG] yfinance OK: 431A
2026-10-02 06:21:50,909 [DEBUG] [TIME] 431A income_stmt: 0.19s
2026-10-02 06:21:51,038 [DEBUG] [TIME] 431A balance_sheet: 0.13s
2026-10-02 06:21:51,160 [DEBUG] [TIME] 431A cashflow: 0.12s
2026-10-02 06:21:51,237 [DEBUG] [TIME] 431A dividends: 0.08s
2026-10-02 06:21:51,237 [INFO] [DETAIL] 431A ユーソナー: income_stmt=OK, balance_sheet=OK, cashflow=OK, dividends=EMPTY
2026-10-02 06:21:51,237 [INFO] [TIME] 431A ユーソナー 処理時間: 0.66s
2026-10-02 06:21:53,373 [DEBUG] [TIME] 4320 info: 0.15s
2026-10-02 06:21:53,373 [DEBUG] yfinance OK: 4320
2026-10-02 06:21:53,600 [DEBUG] [TIME] 4320 income_stmt: 0.23s
2026-10-02 06:21:53,920 [DEBUG] [TIME] 4320 balance_sheet: 0.32s
2026-10-02 06:21:54,131 [DEBUG] [TIME] 4320 cashflow: 0.21s
2026-10-02 06:21:54,413 [DEBUG] [TIME] 4320 dividends: 0.28s
2026-10-02 06:21:54,414 [INFO] [DETAIL] 4320 ＣＥホールディングス: income_stmt=OK, balance_sheet=OK, cashflow=OK, dividends=OK
2026-10-02 06:21:54,415 [INFO] [TIME] 4320 ＣＥホールディングス 処理時間: 1.19s
2026-10-02 06:21:56,195 [DEBUG] [TIME] 4323 info: 0.16s
2026-10-02 06:21:56,195 [DEBUG] yfinance OK: 4323
2026-10-02 06:21:56,456 [DEBUG] [TIME] 4323 income_stmt: 0.26s
2026-10-02 06:21:56,742 [DEBUG] [TIME] 4323 balance_sheet: 0.29s
2026-10-02 06:21:56,902 [DEBUG] [TIME] 4323 cashflow: 0.16s
2026-10-02 06:21:57,126 [DEBUG] [TIME] 4323 dividends: 0.22s
2026-10-02 06:21:57,127 [INFO] [DETAIL] 4323 日本システム技術: income_stmt=OK, balance_sheet=OK, cashflow=OK, dividends=OK
2026-10-02 06:21:57,127 [INFO] [TIME] 4323 日本システム技術 処理時間: 1.09s
2026-10-02 06:21:59,152 [DEBUG] [TIME] 4324 info: 0.19s
2026-10-02 06:21:59,152 [DEBUG] yfinance OK: 4324
2026-10-02 06:21:59,380 [DEBUG] [TIME] 4324 income_stmt: 0.23s
2026-10-02 06:21:59,527 [DEBUG] [TIME] 4324 balance_sheet: 0.15s
2026-10-02 06:21:59,710 [DEBUG] [TIME] 4324 cashflow: 0.18s
2026-10-02 06:21:59,914 [DEBUG] [TIME] 4324 dividends: 0.20s
2026-10-02 06:21:59,915 [INFO] [DETAIL] 4324 電通グループ: income_stmt=OK, balance_sheet=OK, cashflow=OK, dividends=OK
2026-10-02 06:21:59,915 [INFO] [TIME] 4324 電通グループ 処理時間: 0.95s
2026-10-02 06:22:01,144 [DEBUG] [TIME] 4326 info: 0.14s
2026-10-02 06:22:01,144 [DEBUG] yfinance OK: 4326
2026-10-02 06:22:01,309 [DEBUG] [TIME] 4326 income_stmt: 0.17s
2026-10-02 06:22:01,477 [DEBUG] [TIME] 4326 balance_sheet: 0.17s
2026-10-02 06:22:01,663 [DEBUG] [TIME] 4326 cashflow: 0.18s
2026-10-02 06:22:01,859 [DEBUG] [TIME] 4326 dividends: 0.20s
2026-10-02 06:22:01,860 [INFO] [DETAIL] 4326 インテージホールディングス: income_stmt=OK, balance_sheet=OK, cashflow=OK, dividends=OK
2026-10-02 06:22:01,860 [INFO] [TIME] 4326 インテージホールディングス 処理時間: 0.86s
2026-10-02 06:22:03,419 [DEBUG] [TIME] 4331 info: 0.15s
2026-10-02 06:22:03,419 [DEBUG] yfinance OK: 4331
2026-10-02 06:22:03,624 [DEBUG] [TIME] 4331 income_stmt: 0.20s
2026-10-02 06:22:03,831 [DEBUG] [TIME] 4331 balance_sheet: 0.21s
2026-10-02 06:22:03,975 [DEBUG] [TIME] 4331 cashflow: 0.14s
2026-10-02 06:22:04,181 [DEBUG] [TIME] 4331 dividends: 0.21s
2026-10-02 06:22:04,182 [INFO] [DETAIL] 4331 テイクアンドギヴ・ニーズ: income_stmt=OK, balance_sheet=OK, cashflow=OK, dividends=OK
2026-10-02 06:22:04,182 [INFO] [TIME] 4331 テイクアンドギヴ・ニーズ 処理時間: 0.92s
2026-10-02 06:22:06,336 [DEBUG] [TIME] 4334 info: 0.23s
2026-10-02 06:22:06,336 [DEBUG] yfinance OK: 4334
2026-10-02 06:22:06,526 [DEBUG] [TIME] 4334 income_stmt: 0.19s
2026-10-02 06:22:06,709 [DEBUG] [TIME] 4334 balance_sheet: 0.18s
2026-10-02 06:22:06,948 [DEBUG] [TIME] 4334 cashflow: 0.24s
2026-10-02 06:22:07,203 [DEBUG] [TIME] 4334 dividends: 0.25s
2026-10-02 06:22:07,204 [INFO] [DETAIL] 4334 ユークス: income_stmt=OK, balance_sheet=OK, cashflow=OK, dividends=OK
2026-10-02 06:22:07,204 [INFO] [TIME] 4334 ユークス 処理時間: 1.10s
2026-10-02 06:22:08,999 [DEBUG] [TIME] 4335 info: 0.13s
2026-10-02 06:22:08,999 [DEBUG] yfinance OK: 4335
2026-10-02 06:22:09,193 [DEBUG] [TIME] 4335 income_stmt: 0.19s
2026-10-02 06:22:09,357 [DEBUG] [TIME] 4335 balance_sheet: 0.16s
2026-10-02 06:22:09,545 [DEBUG] [TIME] 4335 cashflow: 0.19s
2026-10-02 06:22:09,834 [DEBUG] [TIME] 4335 dividends: 0.29s
2026-10-02 06:22:09,835 [INFO] [DETAIL] 4335 ＩＰＳホールディングス: income_stmt=OK, balance_sheet=OK, cashflow=OK, dividends=OK
2026-10-02 06:22:09,835 [INFO] [TIME] 4335 ＩＰＳホールディングス 処理時間: 0.97s
2026-10-02 06:22:11,917 [DEBUG] [TIME] 4337 info: 0.15s
2026-10-02 06:22:11,917 [DEBUG] yfinance OK: 4337
2026-10-02 06:22:12,057 [DEBUG] [TIME] 4337 income_stmt: 0.14s
2026-10-02 06:22:12,260 [DEBUG] [TIME] 4337 balance_sheet: 0.20s
2026-10-02 06:22:12,414 [DEBUG] [TIME] 4337 cashflow: 0.15s
2026-10-02 06:22:12,657 [DEBUG] [TIME] 4337 dividends: 0.24s
2026-10-02 06:22:12,658 [INFO] [DETAIL] 4337 ぴあ: income_stmt=OK, balance_sheet=OK, cashflow=OK, dividends=OK
2026-10-02 06:22:12,658 [INFO] [TIME] 4337 ぴあ 処理時間: 0.89s
2026-10-02 06:22:14,549 [DEBUG] [TIME] 4341 info: 0.21s
2026-10-02 06:22:14,549 [DEBUG] yfinance OK: 4341
2026-10-02 06:22:14,774 [DEBUG] [TIME] 4341 income_stmt: 0.23s
2026-10-02 06:22:14,950 [DEBUG] [TIME] 4341 balance_sheet: 0.18s
2026-10-02 06:22:15,092 [DEBUG] [TIME] 4341 cashflow: 0.14s
2026-10-02 06:22:15,369 [DEBUG] [TIME] 4341 dividends: 0.28s
2026-10-02 06:22:15,370 [INFO] [DETAIL] 4341 西菱電機: income_stmt=OK, balance_sheet=OK, cashflow=OK, dividends=OK
2026-10-02 06:22:15,370 [INFO] [TIME] 4341 西菱電機 処理時間: 1.03s
2026-10-02 06:22:16,590 [DEBUG] [TIME] 4343 info: 0.16s
2026-10-02 06:22:16,590 [DEBUG] yfinance OK: 4343
2026-10-02 06:22:16,735 [DEBUG] [TIME] 4343 income_stmt: 0.15s
2026-10-02 06:22:16,894 [DEBUG] [TIME] 4343 balance_sheet: 0.16s
2026-10-02 06:22:17,156 [DEBUG] [TIME] 4343 cashflow: 0.26s
2026-10-02 06:22:17,362 [DEBUG] [TIME] 4343 dividends: 0.21s
2026-10-02 06:22:17,363 [INFO] [DETAIL] 4343 イオンファンタジー: income_stmt=OK, balance_sheet=OK, cashflow=OK, dividends=OK
2026-10-02 06:22:17,363 [INFO] [TIME] 4343 イオンファンタジー 処理時間: 0.93s
2026-10-02 06:22:19,484 [DEBUG] [TIME] 4344 info: 0.15s
2026-10-02 06:22:19,484 [DEBUG] yfinance OK: 4344
2026-10-02 06:22:19,656 [DEBUG] [TIME] 4344 income_stmt: 0.17s
2026-10-02 06:22:19,942 [DEBUG] [TIME] 4344 balance_sheet: 0.29s
2026-10-02 06:22:20,146 [DEBUG] [TIME] 4344 cashflow: 0.20s
2026-10-02 06:22:20,338 [DEBUG] [TIME] 4344 dividends: 0.19s
2026-10-02 06:22:20,339 [INFO] [DETAIL] 4344 ソースネクスト: income_stmt=OK, balance_sheet=OK, cashflow=OK, dividends=OK
2026-10-02 06:22:20,339 [INFO] [TIME] 4344 ソースネクスト 処理時間: 1.01s
2026-10-02 06:22:22,262 [DEBUG] [TIME] 4345 info: 0.14s
2026-10-02 06:22:22,262 [DEBUG] yfinance OK: 4345
2026-10-02 06:22:22,494 [DEBUG] [TIME] 4345 income_stmt: 0.23s
2026-10-02 06:22:22,663 [DEBUG] [TIME] 4345 balance_sheet: 0.17s
2026-10-02 06:22:22,831 [DEBUG] [TIME] 4345 cashflow: 0.17s
2026-10-02 06:22:23,081 [DEBUG] [TIME] 4345 dividends: 0.25s
2026-10-02 06:22:23,082 [INFO] [DETAIL] 4345 シーティーエス: income_stmt=OK, balance_sheet=OK, cashflow=OK, dividends=OK
2026-10-02 06:22:23,082 [INFO] [TIME] 4345 シーティーエス 処理時間: 0.96s
2026-10-02 06:22:24,362 [DEBUG] [TIME] 4346 info: 0.14s
2026-10-02 06:22:24,362 [DEBUG] yfinance OK: 4346
2026-10-02 06:22:24,504 [DEBUG] [TIME] 4346 income_stmt: 0.14s
2026-10-02 06:22:24,669 [DEBUG] [TIME] 4346 balance_sheet: 0.16s
2026-10-02 06:22:24,860 [DEBUG] [TIME] 4346 cashflow: 0.19s
2026-10-02 06:22:25,085 [DEBUG] [TIME] 4346 dividends: 0.22s
2026-10-02 06:22:25,086 [INFO] [DETAIL] 4346 ＮＥＸＹＺ．Ｇｒｏｕｐ: income_stmt=OK, balance_sheet=OK, cashflow=OK, dividends=OK
2026-10-02 06:22:25,086 [INFO] [TIME] 4346 ＮＥＸＹＺ．Ｇｒｏｕｐ 処理時間: 0.86s
2026-10-02 06:22:26,395 [DEBUG] [TIME] 4347 info: 0.14s
2026-10-02 06:22:26,395 [DEBUG] yfinance OK: 4347
2026-10-02 06:22:26,656 [DEBUG] [TIME] 4347 income_stmt: 0.26s
2026-10-02 06:22:26,894 [DEBUG] [TIME] 4347 balance_sheet: 0.24s
2026-10-02 06:22:27,141 [DEBUG] [TIME] 4347 cashflow: 0.25s
2026-10-02 06:22:27,334 [DEBUG] [TIME] 4347 dividends: 0.19s
2026-10-02 06:22:27,335 [INFO] [DETAIL] 4347 ブロードメディア: income_stmt=OK, balance_sheet=OK, cashflow=OK, dividends=OK
2026-10-02 06:22:27,335 [INFO] [TIME] 4347 ブロードメディア 処理時間: 1.08s
2026-10-02 06:22:29,308 [DEBUG] [TIME] 4350 info: 0.16s
2026-10-02 06:22:29,308 [DEBUG] yfinance OK: 4350
2026-10-02 06:22:29,507 [DEBUG] [TIME] 4350 income_stmt: 0.20s
2026-10-02 06:22:29,732 [DEBUG] [TIME] 4350 balance_sheet: 0.22s
2026-10-02 06:22:29,944 [DEBUG] [TIME] 4350 cashflow: 0.21s
2026-10-02 06:22:30,165 [DEBUG] [TIME] 4350 dividends: 0.22s
2026-10-02 06:22:30,166 [INFO] [DETAIL] 4350 メディカルシステムネットワーク: income_stmt=OK, balance_sheet=OK, cashflow=OK, dividends=OK
2026-10-02 06:22:30,166 [INFO] [TIME] 4350 メディカルシステムネットワーク 処理時間: 1.02s
2026-10-02 06:22:31,714 [DEBUG] [TIME] 4351 info: 0.19s
2026-10-02 06:22:31,714 [DEBUG] yfinance OK: 4351
2026-10-02 06:22:31,885 [DEBUG] [TIME] 4351 income_stmt: 0.17s
2026-10-02 06:22:32,077 [DEBUG] [TIME] 4351 balance_sheet: 0.19s
2026-10-02 06:22:32,255 [DEBUG] [TIME] 4351 cashflow: 0.18s
2026-10-02 06:22:32,461 [DEBUG] [TIME] 4351 dividends: 0.21s
2026-10-02 06:22:32,462 [INFO] [DETAIL] 4351 山田再生系債権回収総合事務所: income_stmt=OK, balance_sheet=OK, cashflow=OK, dividends=OK
2026-10-02 06:22:32,462 [INFO] [TIME] 4351 山田再生系債権回収総合事務所 処理時間: 0.94s
2026-10-02 06:22:34,242 [DEBUG] [TIME] 4356 info: 0.20s
2026-10-02 06:22:34,243 [DEBUG] yfinance OK: 4356
2026-10-02 06:22:34,445 [DEBUG] [TIME] 4356 income_stmt: 0.20s
2026-10-02 06:22:34,686 [DEBUG] [TIME] 4356 balance_sheet: 0.24s
2026-10-02 06:22:34,907 [DEBUG] [TIME] 4356 cashflow: 0.22s
2026-10-02 06:22:35,114 [DEBUG] [TIME] 4356 dividends: 0.21s
2026-10-02 06:22:35,115 [INFO] [DETAIL] 4356 応用技術: income_stmt=OK, balance_sheet=OK, cashflow=OK, dividends=OK
2026-10-02 06:22:35,115 [INFO] [TIME] 4356 応用技術 処理時間: 1.07s
2026-10-02 06:22:36,762 [DEBUG] [TIME] 4360 info: 0.21s
2026-10-02 06:22:36,762 [DEBUG] yfinance OK: 4360
2026-10-02 06:22:36,942 [DEBUG] [TIME] 4360 income_stmt: 0.18s
2026-10-02 06:22:37,220 [DEBUG] [TIME] 4360 balance_sheet: 0.28s
2026-10-02 06:22:37,337 [DEBUG] [TIME] 4360 cashflow: 0.12s
2026-10-02 06:22:37,493 [DEBUG] [TIME] 4360 dividends: 0.16s
2026-10-02 06:22:37,494 [INFO] [DETAIL] 4360 マナック・ケミカル・パートナーズ: income_stmt=OK, balance_sheet=OK, cashflow=OK, dividends=OK
2026-10-02 06:22:37,494 [INFO] [TIME] 4360 マナック・ケミカル・パートナーズ 処理時間: 0.94s
2026-10-02 06:22:39,089 [DEBUG] [TIME] 4361 info: 0.13s
2026-10-02 06:22:39,089 [DEBUG] yfinance OK: 4361
2026-10-02 06:22:39,238 [DEBUG] [TIME] 4361 income_stmt: 0.15s
2026-10-02 06:22:39,490 [DEBUG] [TIME] 4361 balance_sheet: 0.25s
2026-10-02 06:22:39,635 [DEBUG] [TIME] 4361 cashflow: 0.14s
2026-10-02 06:22:39,885 [DEBUG] [TIME] 4361 dividends: 0.25s
2026-10-02 06:22:39,886 [INFO] [DETAIL] 4361 川口化学工業: income_stmt=OK, balance_sheet=OK, cashflow=OK, dividends=OK
2026-10-02 06:22:39,886 [INFO] [TIME] 4361 川口化学工業 処理時間: 0.93s
2026-10-02 06:22:41,527 [DEBUG] [TIME] 4362 info: 0.23s
2026-10-02 06:22:41,527 [DEBUG] yfinance OK: 4362
2026-10-02 06:22:41,719 [DEBUG] [TIME] 4362 income_stmt: 0.19s
2026-10-02 06:22:41,944 [DEBUG] [TIME] 4362 balance_sheet: 0.22s
2026-10-02 06:22:42,169 [DEBUG] [TIME] 4362 cashflow: 0.22s
2026-10-02 06:22:42,408 [DEBUG] [TIME] 4362 dividends: 0.24s
2026-10-02 06:22:42,409 [INFO] [DETAIL] 4362 日本精化: income_stmt=OK, balance_sheet=OK, cashflow=OK, dividends=OK
2026-10-02 06:22:42,409 [INFO] [TIME] 4362 日本精化 処理時間: 1.11s
2026-10-02 06:22:43,575 [DEBUG] [TIME] 4365 info: 0.14s
2026-10-02 06:22:43,575 [DEBUG] yfinance OK: 4365
2026-10-02 06:22:43,749 [DEBUG] [TIME] 4365 income_stmt: 0.17s
2026-10-02 06:22:43,942 [DEBUG] [TIME] 4365 balance_sheet: 0.19s
2026-10-02 06:22:44,112 [DEBUG] [TIME] 4365 cashflow: 0.17s
2026-10-02 06:22:44,323 [DEBUG] [TIME] 4365 dividends: 0.21s
2026-10-02 06:22:44,324 [INFO] [DETAIL] 4365 松本油脂製薬: income_stmt=OK, balance_sheet=OK, cashflow=OK, dividends=OK
2026-10-02 06:22:44,324 [INFO] [TIME] 4365 松本油脂製薬 処理時間: 0.89s
2026-10-02 06:22:46,103 [DEBUG] [TIME] 4366 info: 0.22s
2026-10-02 06:22:46,103 [DEBUG] yfinance OK: 4366
2026-10-02 06:22:46,294 [DEBUG] [TIME] 4366 income_stmt: 0.19s
2026-10-02 06:22:46,577 [DEBUG] [TIME] 4366 balance_sheet: 0.28s
2026-10-02 06:22:46,730 [DEBUG] [TIME] 4366 cashflow: 0.15s
2026-10-02 06:22:46,984 [DEBUG] [TIME] 4366 dividends: 0.25s
2026-10-02 06:22:46,985 [INFO] [DETAIL] 4366 ダイトーケミックス: income_stmt=OK, balance_sheet=OK, cashflow=OK, dividends=OK
2026-10-02 06:22:46,985 [INFO] [TIME] 4366 ダイトーケミックス 処理時間: 1.10s
2026-10-02 06:22:48,840 [DEBUG] [TIME] 4367 info: 0.23s
2026-10-02 06:22:48,840 [WARNING] yfinance データなし: 4367
2026-10-02 06:22:48,840 [INFO] [TIME] 4367 広栄化学 処理時間: 0.23s
2026-10-02 06:22:50,072 [DEBUG] [TIME] 4368 info: 0.14s
2026-10-02 06:22:50,072 [DEBUG] yfinance OK: 4368
2026-10-02 06:22:50,201 [DEBUG] [TIME] 4368 income_stmt: 0.13s
2026-10-02 06:22:50,472 [DEBUG] [TIME] 4368 balance_sheet: 0.27s
2026-10-02 06:22:50,643 [DEBUG] [TIME] 4368 cashflow: 0.17s
2026-10-02 06:22:50,879 [DEBUG] [TIME] 4368 dividends: 0.24s
2026-10-02 06:22:50,880 [INFO] [DETAIL] 4368 扶桑化学工業: income_stmt=OK, balance_sheet=OK, cashflow=OK, dividends=OK
2026-10-02 06:22:50,880 [INFO] [TIME] 4368 扶桑化学工業 処理時間: 0.94s
2026-10-02 06:22:52,306 [DEBUG] [TIME] 4369 info: 0.14s
2026-10-02 06:22:52,306 [DEBUG] yfinance OK: 4369
2026-10-02 06:22:52,448 [DEBUG] [TIME] 4369 income_stmt: 0.14s
2026-10-02 06:22:52,639 [DEBUG] [TIME] 4369 balance_sheet: 0.19s
2026-10-02 06:22:52,805 [DEBUG] [TIME] 4369 cashflow: 0.16s
2026-10-02 06:22:53,036 [DEBUG] [TIME] 4369 dividends: 0.23s
2026-10-02 06:22:53,037 [INFO] [DETAIL] 4369 トリケミカル研究所: income_stmt=OK, balance_sheet=OK, cashflow=OK, dividends=OK
2026-10-02 06:22:53,037 [INFO] [TIME] 4369 トリケミカル研究所 処理時間: 0.88s
2026-10-02 06:22:54,496 [DEBUG] [TIME] 436A info: 0.19s
2026-10-02 06:22:54,496 [DEBUG] yfinance OK: 436A
2026-10-02 06:22:54,625 [DEBUG] [TIME] 436A income_stmt: 0.13s
2026-10-02 06:22:54,899 [DEBUG] [TIME] 436A balance_sheet: 0.27s
2026-10-02 06:22:55,081 [DEBUG] [TIME] 436A cashflow: 0.18s
2026-10-02 06:22:55,208 [DEBUG] [TIME] 436A dividends: 0.13s
2026-10-02 06:22:55,209 [INFO] [DETAIL] 436A サイバーソリューションズ: income_stmt=OK, balance_sheet=OK, cashflow=OK, dividends=OK
2026-10-02 06:22:55,209 [INFO] [TIME] 436A サイバーソリューションズ 処理時間: 0.91s
2026-10-02 06:22:56,787 [DEBUG] [TIME] 4370 info: 0.16s
2026-10-02 06:22:56,787 [DEBUG] yfinance OK: 4370
2026-10-02 06:22:56,984 [DEBUG] [TIME] 4370 income_stmt: 0.20s
2026-10-02 06:22:57,164 [DEBUG] [TIME] 4370 balance_sheet: 0.18s
2026-10-02 06:22:57,389 [DEBUG] [TIME] 4370 cashflow: 0.22s
2026-10-02 06:22:57,505 [DEBUG] [TIME] 4370 dividends: 0.12s
2026-10-02 06:22:57,505 [INFO] [DETAIL] 4370 モビルス: income_stmt=OK, balance_sheet=OK, cashflow=OK, dividends=EMPTY
2026-10-02 06:22:57,505 [INFO] [TIME] 4370 モビルス 処理時間: 0.88s
2026-10-02 06:22:59,595 [DEBUG] [TIME] 4371 info: 0.17s
2026-10-02 06:22:59,595 [DEBUG] yfinance OK: 4371
2026-10-02 06:22:59,698 [DEBUG] [TIME] 4371 income_stmt: 0.10s
2026-10-02 06:22:59,947 [DEBUG] [TIME] 4371 balance_sheet: 0.25s
2026-10-02 06:23:00,215 [DEBUG] [TIME] 4371 cashflow: 0.27s
2026-10-02 06:23:00,321 [DEBUG] [TIME] 4371 dividends: 0.11s
2026-10-02 06:23:00,322 [INFO] [DETAIL] 4371 コアコンセプト・テクノロジー: income_stmt=OK, balance_sheet=OK, cashflow=OK, dividends=OK
2026-10-02 06:23:00,322 [INFO] [TIME] 4371 コアコンセプト・テクノロジー 処理時間: 0.90s
2026-10-02 06:23:02,408 [DEBUG] [TIME] 4372 info: 0.17s
2026-10-02 06:23:02,408 [DEBUG] yfinance OK: 4372
2026-10-02 06:23:02,584 [DEBUG] [TIME] 4372 income_stmt: 0.18s
2026-10-02 06:23:02,860 [DEBUG] [TIME] 4372 balance_sheet: 0.28s
2026-10-02 06:23:03,004 [DEBUG] [TIME] 4372 cashflow: 0.14s
2026-10-02 06:23:03,127 [DEBUG] [TIME] 4372 dividends: 0.12s
2026-10-02 06:23:03,128 [INFO] [DETAIL] 4372 ユミルリンク: income_stmt=OK, balance_sheet=OK, cashflow=OK, dividends=OK
2026-10-02 06:23:03,128 [INFO] [TIME] 4372 ユミルリンク 処理時間: 0.89s
2026-10-02 06:23:04,441 [DEBUG] [TIME] 4373 info: 0.15s
2026-10-02 06:23:04,441 [DEBUG] yfinance OK: 4373
2026-10-02 06:23:04,685 [DEBUG] [TIME] 4373 income_stmt: 0.24s
2026-10-02 06:23:05,000 [DEBUG] [TIME] 4373 balance_sheet: 0.31s
2026-10-02 06:23:05,223 [DEBUG] [TIME] 4373 cashflow: 0.22s
2026-10-02 06:23:05,346 [DEBUG] [TIME] 4373 dividends: 0.12s
2026-10-02 06:23:05,347 [INFO] [DETAIL] 4373 シンプレクス・ホールディングス: income_stmt=OK, balance_sheet=OK, cashflow=OK, dividends=OK
2026-10-02 06:23:05,347 [INFO] [TIME] 4373 シンプレクス・ホールディングス 処理時間: 1.06s
2026-10-02 06:23:07,082 [DEBUG] [TIME] 4374 info: 0.18s
2026-10-02 06:23:07,082 [DEBUG] yfinance OK: 4374
2026-10-02 06:23:07,208 [DEBUG] [TIME] 4374 income_stmt: 0.13s
2026-10-02 06:23:07,444 [DEBUG] [TIME] 4374 balance_sheet: 0.24s
2026-10-02 06:23:07,629 [DEBUG] [TIME] 4374 cashflow: 0.18s
2026-10-02 06:23:07,754 [DEBUG] [TIME] 4374 dividends: 0.12s
2026-10-02 06:23:07,755 [INFO] [DETAIL] 4374 ＲＯＢＯＴ　ＰＡＹＭＥＮＴ: income_stmt=OK, balance_sheet=OK, cashflow=OK, dividends=OK
2026-10-02 06:23:07,755 [INFO] [TIME] 4374 ＲＯＢＯＴ　ＰＡＹＭＥＮＴ 処理時間: 0.85s
2026-10-02 06:23:09,856 [DEBUG] [TIME] 4375 info: 0.18s
2026-10-02 06:23:09,856 [DEBUG] yfinance OK: 4375
2026-10-02 06:23:10,000 [DEBUG] [TIME] 4375 income_stmt: 0.14s
2026-10-02 06:23:10,160 [DEBUG] [TIME] 4375 balance_sheet: 0.16s
2026-10-02 06:23:10,410 [DEBUG] [TIME] 4375 cashflow: 0.25s
2026-10-02 06:23:10,510 [DEBUG] [TIME] 4375 dividends: 0.10s
2026-10-02 06:23:10,510 [INFO] [DETAIL] 4375 セーフィー: income_stmt=OK, balance_sheet=OK, cashflow=OK, dividends=EMPTY
2026-10-02 06:23:10,511 [INFO] [TIME] 4375 セーフィー 処理時間: 0.83s
2026-10-02 06:23:12,532 [DEBUG] [TIME] 4376 info: 0.14s
2026-10-02 06:23:12,532 [DEBUG] yfinance OK: 4376
2026-10-02 06:23:12,736 [DEBUG] [TIME] 4376 income_stmt: 0.20s
2026-10-02 06:23:12,862 [DEBUG] [TIME] 4376 balance_sheet: 0.13s
2026-10-02 06:23:13,014 [DEBUG] [TIME] 4376 cashflow: 0.15s
2026-10-02 06:23:13,118 [DEBUG] [TIME] 4376 dividends: 0.10s
2026-10-02 06:23:13,118 [INFO] [DETAIL] 4376 くふうカンパニーホールディングス: income_stmt=OK, balance_sheet=OK, cashflow=OK, dividends=EMPTY
2026-10-02 06:23:13,118 [INFO] [TIME] 4376 くふうカンパニーホールディングス 処理時間: 0.73s
2026-10-02 06:23:14,954 [DEBUG] [TIME] 4377 info: 0.16s
2026-10-02 06:23:14,954 [DEBUG] yfinance OK: 4377
2026-10-02 06:23:15,088 [DEBUG] [TIME] 4377 income_stmt: 0.13s
2026-10-02 06:23:15,273 [DEBUG] [TIME] 4377 balance_sheet: 0.18s
2026-10-02 06:23:15,501 [DEBUG] [TIME] 4377 cashflow: 0.23s
2026-10-02 06:23:15,669 [DEBUG] [TIME] 4377 dividends: 0.17s
2026-10-02 06:23:15,670 [INFO] [DETAIL] 4377 ワンキャリア: income_stmt=OK, balance_sheet=OK, cashflow=OK, dividends=OK
2026-10-02 06:23:15,670 [INFO] [TIME] 4377 ワンキャリア 処理時間: 0.87s
2026-10-02 06:23:16,887 [DEBUG] [TIME] 4378 info: 0.15s
2026-10-02 06:23:16,887 [DEBUG] yfinance OK: 4378
2026-10-02 06:23:17,019 [DEBUG] [TIME] 4378 income_stmt: 0.13s
2026-10-02 06:23:17,173 [DEBUG] [TIME] 4378 balance_sheet: 0.15s
2026-10-02 06:23:17,329 [DEBUG] [TIME] 4378 cashflow: 0.15s
2026-10-02 06:23:17,423 [DEBUG] [TIME] 4378 dividends: 0.09s
2026-10-02 06:23:17,423 [INFO] [DETAIL] 4378 ＣＩＮＣ: income_stmt=OK, balance_sheet=OK, cashflow=OK, dividends=EMPTY
2026-10-02 06:23:17,423 [INFO] [TIME] 4378 ＣＩＮＣ 処理時間: 0.69s
2026-10-02 06:23:18,670 [DEBUG] [TIME] 4379 info: 0.13s
2026-10-02 06:23:18,670 [DEBUG] yfinance OK: 4379
2026-10-02 06:23:18,795 [DEBUG] [TIME] 4379 income_stmt: 0.13s
2026-10-02 06:23:18,981 [DEBUG] [TIME] 4379 balance_sheet: 0.18s
2026-10-02 06:23:19,154 [DEBUG] [TIME] 4379 cashflow: 0.17s
2026-10-02 06:23:19,299 [DEBUG] [TIME] 4379 dividends: 0.14s
2026-10-02 06:23:19,299 [INFO] [DETAIL] 4379 Ｐｈｏｔｏｓｙｎｔｈ: income_stmt=OK, balance_sheet=OK, cashflow=OK, dividends=EMPTY
2026-10-02 06:23:19,299 [INFO] [TIME] 4379 Ｐｈｏｔｏｓｙｎｔｈ 処理時間: 0.76s
2026-10-02 06:23:20,983 [DEBUG] [TIME] 4380 info: 0.16s
2026-10-02 06:23:20,983 [DEBUG] yfinance OK: 4380
2026-10-02 06:23:21,200 [DEBUG] [TIME] 4380 income_stmt: 0.22s
2026-10-02 06:23:21,509 [DEBUG] [TIME] 4380 balance_sheet: 0.31s
2026-10-02 06:23:21,656 [DEBUG] [TIME] 4380 cashflow: 0.15s
2026-10-02 06:23:21,814 [DEBUG] [TIME] 4380 dividends: 0.16s
2026-10-02 06:23:21,815 [INFO] [DETAIL] 4380 Ｍマート: income_stmt=OK, balance_sheet=OK, cashflow=OK, dividends=OK
2026-10-02 06:23:21,815 [INFO] [TIME] 4380 Ｍマート 処理時間: 0.99s
2026-10-02 06:23:23,554 [DEBUG] [TIME] 4381 info: 0.25s
2026-10-02 06:23:23,554 [DEBUG] yfinance OK: 4381
2026-10-02 06:23:23,754 [DEBUG] [TIME] 4381 income_stmt: 0.20s
2026-10-02 06:23:23,965 [DEBUG] [TIME] 4381 balance_sheet: 0.21s
2026-10-02 06:23:24,141 [DEBUG] [TIME] 4381 cashflow: 0.17s
2026-10-02 06:23:24,231 [DEBUG] [TIME] 4381 dividends: 0.09s
2026-10-02 06:23:24,231 [INFO] [DETAIL] 4381 ビープラッツ: income_stmt=OK, balance_sheet=OK, cashflow=OK, dividends=EMPTY
2026-10-02 06:23:24,231 [INFO] [TIME] 4381 ビープラッツ 処理時間: 0.93s
2026-10-02 06:23:26,013 [DEBUG] [TIME] 4382 info: 0.19s
2026-10-02 06:23:26,013 [DEBUG] yfinance OK: 4382
2026-10-02 06:23:26,134 [DEBUG] [TIME] 4382 income_stmt: 0.12s
2026-10-02 06:23:26,399 [DEBUG] [TIME] 4382 balance_sheet: 0.26s
2026-10-02 06:23:26,595 [DEBUG] [TIME] 4382 cashflow: 0.19s
2026-10-02 06:23:26,729 [DEBUG] [TIME] 4382 dividends: 0.13s
2026-10-02 06:23:26,729 [INFO] [DETAIL] 4382 ＨＥＲＯＺ: income_stmt=OK, balance_sheet=OK, cashflow=OK, dividends=EMPTY
2026-10-02 06:23:26,729 [INFO] [TIME] 4382 ＨＥＲＯＺ 処理時間: 0.91s
2026-10-02 06:23:28,042 [DEBUG] [TIME] 4385 info: 0.19s
2026-10-02 06:23:28,043 [DEBUG] yfinance OK: 4385
2026-10-02 06:23:28,158 [DEBUG] [TIME] 4385 income_stmt: 0.12s
2026-10-02 06:23:28,304 [DEBUG] [TIME] 4385 balance_sheet: 0.15s
2026-10-02 06:23:28,504 [DEBUG] [TIME] 4385 cashflow: 0.20s
2026-10-02 06:23:28,613 [DEBUG] [TIME] 4385 dividends: 0.11s
2026-10-02 06:23:28,613 [INFO] [DETAIL] 4385 メルカリ: income_stmt=OK, balance_sheet=OK, cashflow=OK, dividends=EMPTY
2026-10-02 06:23:28,613 [INFO] [TIME] 4385 メルカリ 処理時間: 0.76s
2026-10-02 06:23:30,529 [DEBUG] [TIME] 4386 info: 0.15s
2026-10-02 06:23:30,529 [DEBUG] yfinance OK: 4386
2026-10-02 06:23:30,669 [DEBUG] [TIME] 4386 income_stmt: 0.14s
2026-10-02 06:23:30,937 [DEBUG] [TIME] 4386 balance_sheet: 0.27s
2026-10-02 06:23:31,200 [DEBUG] [TIME] 4386 cashflow: 0.26s
2026-10-02 06:23:31,339 [DEBUG] [TIME] 4386 dividends: 0.14s
2026-10-02 06:23:31,340 [INFO] [DETAIL] 4386 ＳＩＧグループ: income_stmt=OK, balance_sheet=OK, cashflow=OK, dividends=OK
2026-10-02 06:23:31,340 [INFO] [TIME] 4386 ＳＩＧグループ 処理時間: 0.96s
2026-10-02 06:23:33,011 [DEBUG] [TIME] 4387 info: 0.24s
2026-10-02 06:23:33,011 [DEBUG] yfinance OK: 4387
2026-10-02 06:23:33,220 [DEBUG] [TIME] 4387 income_stmt: 0.21s
2026-10-02 06:23:33,529 [DEBUG] [TIME] 4387 balance_sheet: 0.31s
2026-10-02 06:23:33,720 [DEBUG] [TIME] 4387 cashflow: 0.19s
2026-10-02 06:23:33,838 [DEBUG] [TIME] 4387 dividends: 0.12s
2026-10-02 06:23:33,838 [INFO] [DETAIL] 4387 ＺＵＵ: income_stmt=OK, balance_sheet=OK, cashflow=OK, dividends=EMPTY
2026-10-02 06:23:33,838 [INFO] [TIME] 4387 ＺＵＵ 処理時間: 1.07s
2026-10-02 06:23:35,939 [DEBUG] [TIME] 4388 info: 0.21s
2026-10-02 06:23:35,939 [DEBUG] yfinance OK: 4388
2026-10-02 06:23:36,140 [DEBUG] [TIME] 4388 income_stmt: 0.20s
2026-10-02 06:23:36,351 [DEBUG] [TIME] 4388 balance_sheet: 0.21s
2026-10-02 06:23:36,536 [DEBUG] [TIME] 4388 cashflow: 0.18s
2026-10-02 06:23:36,665 [DEBUG] [TIME] 4388 dividends: 0.13s
2026-10-02 06:23:36,666 [INFO] [DETAIL] 4388 エーアイ: income_stmt=OK, balance_sheet=OK, cashflow=OK, dividends=OK
2026-10-02 06:23:36,666 [INFO] [TIME] 4388 エーアイ 処理時間: 0.94s
2026-10-02 06:23:38,159 [DEBUG] [TIME] 4389 info: 0.15s
2026-10-02 06:23:38,159 [DEBUG] yfinance OK: 4389
2026-10-02 06:23:38,387 [DEBUG] [TIME] 4389 income_stmt: 0.23s
2026-10-02 06:23:38,636 [DEBUG] [TIME] 4389 balance_sheet: 0.25s
2026-10-02 06:23:38,869 [DEBUG] [TIME] 4389 cashflow: 0.23s
2026-10-02 06:23:39,011 [DEBUG] [TIME] 4389 dividends: 0.14s
2026-10-02 06:23:39,012 [INFO] [DETAIL] 4389 プロパティデータバンク: income_stmt=OK, balance_sheet=OK, cashflow=OK, dividends=OK
2026-10-02 06:23:39,012 [INFO] [TIME] 4389 プロパティデータバンク 処理時間: 1.00s
2026-10-02 06:23:40,639 [DEBUG] [TIME] 438A info: 0.15s
2026-10-02 06:23:40,639 [DEBUG] yfinance OK: 438A
2026-10-02 06:23:40,766 [DEBUG] [TIME] 438A income_stmt: 0.13s
2026-10-02 06:23:40,968 [DEBUG] [TIME] 438A balance_sheet: 0.20s
2026-10-02 06:23:41,228 [DEBUG] [TIME] 438A cashflow: 0.26s
2026-10-02 06:23:41,306 [DEBUG] [TIME] 438A dividends: 0.08s
2026-10-02 06:23:41,306 [INFO] [DETAIL] 438A インフキュリオン: income_stmt=OK, balance_sheet=OK, cashflow=OK, dividends=EMPTY
2026-10-02 06:23:41,306 [INFO] [TIME] 438A インフキュリオン 処理時間: 0.82s
2026-10-02 06:23:43,413 [DEBUG] [TIME] 4390 info: 0.17s
2026-10-02 06:23:43,413 [DEBUG] yfinance OK: 4390
2026-10-02 06:23:43,618 [DEBUG] [TIME] 4390 income_stmt: 0.20s
2026-10-02 06:23:43,906 [DEBUG] [TIME] 4390 balance_sheet: 0.29s
2026-10-02 06:23:44,083 [DEBUG] [TIME] 4390 cashflow: 0.18s
2026-10-02 06:23:44,265 [DEBUG] [TIME] 4390 dividends: 0.18s
2026-10-02 06:23:44,266 [INFO] [DETAIL] 4390 ＩＰＳ: income_stmt=OK, balance_sheet=OK, cashflow=OK, dividends=OK
2026-10-02 06:23:44,266 [INFO] [TIME] 4390 ＩＰＳ 処理時間: 1.02s
2026-10-02 06:23:46,235 [DEBUG] [TIME] 4391 info: 0.14s
2026-10-02 06:23:46,235 [DEBUG] yfinance OK: 4391
2026-10-02 06:23:46,370 [DEBUG] [TIME] 4391 income_stmt: 0.13s
2026-10-02 06:23:46,500 [DEBUG] [TIME] 4391 balance_sheet: 0.13s
2026-10-02 06:23:46,614 [DEBUG] [TIME] 4391 cashflow: 0.11s
2026-10-02 06:23:46,739 [DEBUG] [TIME] 4391 dividends: 0.12s
2026-10-02 06:23:46,740 [INFO] [DETAIL] 4391 ロジザード: income_stmt=OK, balance_sheet=OK, cashflow=OK, dividends=OK
2026-10-02 06:23:46,740 [INFO] [TIME] 4391 ロジザード 処理時間: 0.65s
2026-10-02 06:23:48,510 [DEBUG] [TIME] 4392 info: 0.16s
2026-10-02 06:23:48,511 [DEBUG] yfinance OK: 4392
2026-10-02 06:23:48,673 [DEBUG] [TIME] 4392 income_stmt: 0.16s
2026-10-02 06:23:48,928 [DEBUG] [TIME] 4392 balance_sheet: 0.26s
2026-10-02 06:23:49,136 [DEBUG] [TIME] 4392 cashflow: 0.21s
2026-10-02 06:23:49,273 [DEBUG] [TIME] 4392 dividends: 0.14s
2026-10-02 06:23:49,274 [INFO] [DETAIL] 4392 ＦＩＧ: income_stmt=OK, balance_sheet=OK, cashflow=OK, dividends=OK
2026-10-02 06:23:49,274 [INFO] [TIME] 4392 ＦＩＧ 処理時間: 0.93s
2026-10-02 06:23:51,232 [DEBUG] [TIME] 4393 info: 0.14s
2026-10-02 06:23:51,232 [DEBUG] yfinance OK: 4393
2026-10-02 06:23:51,385 [DEBUG] [TIME] 4393 income_stmt: 0.15s
2026-10-02 06:23:51,546 [DEBUG] [TIME] 4393 balance_sheet: 0.16s
2026-10-02 06:23:51,768 [DEBUG] [TIME] 4393 cashflow: 0.22s
2026-10-02 06:23:51,903 [DEBUG] [TIME] 4393 dividends: 0.13s
2026-10-02 06:23:51,903 [INFO] [DETAIL] 4393 バンク・オブ・イノベーション: income_stmt=OK, balance_sheet=OK, cashflow=OK, dividends=EMPTY
2026-10-02 06:23:51,903 [INFO] [TIME] 4393 バンク・オブ・イノベーション 処理時間: 0.81s
2026-10-02 06:23:54,014 [DEBUG] [TIME] 4394 info: 0.14s
2026-10-02 06:23:54,014 [DEBUG] yfinance OK: 4394
2026-10-02 06:23:54,239 [DEBUG] [TIME] 4394 income_stmt: 0.23s
2026-10-02 06:23:54,513 [DEBUG] [TIME] 4394 balance_sheet: 0.27s
2026-10-02 06:23:54,631 [DEBUG] [TIME] 4394 cashflow: 0.12s
2026-10-02 06:23:54,844 [DEBUG] [TIME] 4394 dividends: 0.21s
2026-10-02 06:23:54,845 [INFO] [DETAIL] 4394 エクスモーション: income_stmt=OK, balance_sheet=OK, cashflow=OK, dividends=OK
2026-10-02 06:23:54,845 [INFO] [TIME] 4394 エクスモーション 処理時間: 0.97s
2026-10-02 06:23:56,222 [DEBUG] [TIME] 4395 info: 0.15s
2026-10-02 06:23:56,222 [DEBUG] yfinance OK: 4395
2026-10-02 06:23:56,325 [DEBUG] [TIME] 4395 income_stmt: 0.10s
2026-10-02 06:23:56,553 [DEBUG] [TIME] 4395 balance_sheet: 0.23s
2026-10-02 06:23:56,706 [DEBUG] [TIME] 4395 cashflow: 0.15s
2026-10-02 06:23:56,827 [DEBUG] [TIME] 4395 dividends: 0.12s
2026-10-02 06:23:56,828 [INFO] [DETAIL] 4395 アクリート: income_stmt=OK, balance_sheet=OK, cashflow=OK, dividends=OK
2026-10-02 06:23:56,828 [INFO] [TIME] 4395 アクリート 処理時間: 0.76s
2026-10-02 06:23:58,520 [DEBUG] [TIME] 4396 info: 0.14s
2026-10-02 06:23:58,520 [DEBUG] yfinance OK: 4396
2026-10-02 06:23:58,720 [DEBUG] [TIME] 4396 income_stmt: 0.20s
2026-10-02 06:23:58,896 [DEBUG] [TIME] 4396 balance_sheet: 0.18s
2026-10-02 06:23:59,161 [DEBUG] [TIME] 4396 cashflow: 0.26s
2026-10-02 06:23:59,341 [DEBUG] [TIME] 4396 dividends: 0.18s
2026-10-02 06:23:59,342 [INFO] [DETAIL] 4396 システムサポートホールディングス: income_stmt=OK, balance_sheet=OK, cashflow=OK, dividends=OK
2026-10-02 06:23:59,342 [INFO] [TIME] 4396 システムサポートホールディングス 処理時間: 0.96s
2026-10-02 06:24:01,483 [DEBUG] [TIME] 4397 info: 0.18s
2026-10-02 06:24:01,483 [DEBUG] yfinance OK: 4397
2026-10-02 06:24:01,690 [DEBUG] [TIME] 4397 income_stmt: 0.21s
2026-10-02 06:24:01,826 [DEBUG] [TIME] 4397 balance_sheet: 0.13s
2026-10-02 06:24:01,956 [DEBUG] [TIME] 4397 cashflow: 0.13s
2026-10-02 06:24:02,069 [DEBUG] [TIME] 4397 dividends: 0.11s
2026-10-02 06:24:02,069 [INFO] [DETAIL] 4397 チームスピリット: income_stmt=OK, balance_sheet=OK, cashflow=OK, dividends=EMPTY
2026-10-02 06:24:02,070 [INFO] [TIME] 4397 チームスピリット 処理時間: 0.76s
2026-10-02 06:24:03,893 [DEBUG] [TIME] 4398 info: 0.15s
2026-10-02 06:24:03,893 [DEBUG] yfinance OK: 4398
2026-10-02 06:24:04,058 [DEBUG] [TIME] 4398 income_stmt: 0.16s
2026-10-02 06:24:04,321 [DEBUG] [TIME] 4398 balance_sheet: 0.26s
2026-10-02 06:24:04,520 [DEBUG] [TIME] 4398 cashflow: 0.20s
2026-10-02 06:24:04,664 [DEBUG] [TIME] 4398 dividends: 0.14s
2026-10-02 06:24:04,665 [INFO] [DETAIL] 4398 ブロードバンドセキュリティ: income_stmt=OK, balance_sheet=OK, cashflow=OK, dividends=OK
2026-10-02 06:24:04,665 [INFO] [TIME] 4398 ブロードバンドセキュリティ 処理時間: 0.92s
2026-10-02 06:24:06,547 [DEBUG] [TIME] 4401 info: 0.17s
2026-10-02 06:24:06,547 [DEBUG] yfinance OK: 4401
2026-10-02 06:24:06,698 [DEBUG] [TIME] 4401 income_stmt: 0.15s
2026-10-02 06:24:06,967 [DEBUG] [TIME] 4401 balance_sheet: 0.27s
2026-10-02 06:24:07,127 [DEBUG] [TIME] 4401 cashflow: 0.16s
2026-10-02 06:24:07,425 [DEBUG] [TIME] 4401 dividends: 0.30s
2026-10-02 06:24:07,426 [INFO] [DETAIL] 4401 ＡＤＥＫＡ: income_stmt=OK, balance_sheet=OK, cashflow=OK, dividends=OK
2026-10-02 06:24:07,426 [INFO] [TIME] 4401 ＡＤＥＫＡ 処理時間: 1.05s
2026-10-02 06:24:08,682 [DEBUG] [TIME] 4403 info: 0.18s
2026-10-02 06:24:08,682 [DEBUG] yfinance OK: 4403
2026-10-02 06:24:08,813 [DEBUG] [TIME] 4403 income_stmt: 0.13s
2026-10-02 06:24:08,999 [DEBUG] [TIME] 4403 balance_sheet: 0.19s
2026-10-02 06:24:09,139 [DEBUG] [TIME] 4403 cashflow: 0.14s
2026-10-02 06:24:09,475 [DEBUG] [TIME] 4403 dividends: 0.34s
2026-10-02 06:24:09,476 [INFO] [DETAIL] 4403 日油: income_stmt=OK, balance_sheet=OK, cashflow=OK, dividends=OK
2026-10-02 06:24:09,476 [INFO] [TIME] 4403 日油 処理時間: 0.98s
2026-10-02 06:24:11,008 [DEBUG] [TIME] 4404 info: 0.20s
2026-10-02 06:24:11,008 [DEBUG] yfinance OK: 4404
2026-10-02 06:24:11,219 [DEBUG] [TIME] 4404 income_stmt: 0.21s
2026-10-02 06:24:11,502 [DEBUG] [TIME] 4404 balance_sheet: 0.28s
2026-10-02 06:24:11,750 [DEBUG] [TIME] 4404 cashflow: 0.25s
2026-10-02 06:24:11,981 [DEBUG] [TIME] 4404 dividends: 0.23s
2026-10-02 06:24:11,982 [INFO] [DETAIL] 4404 ミヨシ油脂: income_stmt=OK, balance_sheet=OK, cashflow=OK, dividends=OK
2026-10-02 06:24:11,982 [INFO] [TIME] 4404 ミヨシ油脂 処理時間: 1.17s
2026-10-02 06:24:13,658 [DEBUG] [TIME] 4406 info: 0.19s
2026-10-02 06:24:13,658 [DEBUG] yfinance OK: 4406
2026-10-02 06:24:13,820 [DEBUG] [TIME] 4406 income_stmt: 0.16s
2026-10-02 06:24:14,078 [DEBUG] [TIME] 4406 balance_sheet: 0.26s
2026-10-02 06:24:14,210 [DEBUG] [TIME] 4406 cashflow: 0.13s
2026-10-02 06:24:14,417 [DEBUG] [TIME] 4406 dividends: 0.21s
2026-10-02 06:24:14,418 [INFO] [DETAIL] 4406 新日本理化: income_stmt=OK, balance_sheet=OK, cashflow=OK, dividends=OK
2026-10-02 06:24:14,419 [INFO] [TIME] 4406 新日本理化 処理時間: 0.95s
2026-10-02 06:24:15,905 [DEBUG] [TIME] 4409 info: 0.13s
2026-10-02 06:24:15,905 [DEBUG] yfinance OK: 4409
2026-10-02 06:24:16,158 [DEBUG] [TIME] 4409 income_stmt: 0.25s
2026-10-02 06:24:16,476 [DEBUG] [TIME] 4409 balance_sheet: 0.32s
2026-10-02 06:24:16,741 [DEBUG] [TIME] 4409 cashflow: 0.26s
2026-10-02 06:24:17,023 [DEBUG] [TIME] 4409 dividends: 0.28s
2026-10-02 06:24:17,024 [INFO] [DETAIL] 4409 東邦化学工業: income_stmt=OK, balance_sheet=OK, cashflow=OK, dividends=OK
2026-10-02 06:24:17,025 [INFO] [TIME] 4409 東邦化学工業 処理時間: 1.25s
2026-10-02 06:24:18,443 [DEBUG] [TIME] 4410 info: 0.15s
2026-10-02 06:24:18,444 [DEBUG] yfinance OK: 4410
2026-10-02 06:24:18,653 [DEBUG] [TIME] 4410 income_stmt: 0.21s
2026-10-02 06:24:18,812 [DEBUG] [TIME] 4410 balance_sheet: 0.16s
2026-10-02 06:24:18,921 [DEBUG] [TIME] 4410 cashflow: 0.11s
2026-10-02 06:24:19,175 [DEBUG] [TIME] 4410 dividends: 0.25s
2026-10-02 06:24:19,176 [INFO] [DETAIL] 4410 ハリマ化成グループ: income_stmt=OK, balance_sheet=OK, cashflow=OK, dividends=OK
2026-10-02 06:24:19,176 [INFO] [TIME] 4410 ハリマ化成グループ 処理時間: 0.88s
2026-10-02 06:24:20,401 [DEBUG] [TIME] 4412 info: 0.14s
2026-10-02 06:24:20,401 [DEBUG] yfinance OK: 4412
2026-10-02 06:24:20,547 [DEBUG] [TIME] 4412 income_stmt: 0.15s
2026-10-02 06:24:20,786 [DEBUG] [TIME] 4412 balance_sheet: 0.24s
2026-10-02 06:24:21,006 [DEBUG] [TIME] 4412 cashflow: 0.22s
2026-10-02 06:24:21,123 [DEBUG] [TIME] 4412 dividends: 0.12s
2026-10-02 06:24:21,123 [INFO] [DETAIL] 4412 サイエンスアーツ: income_stmt=OK, balance_sheet=OK, cashflow=OK, dividends=OK
2026-10-02 06:24:21,123 [INFO] [TIME] 4412 サイエンスアーツ 処理時間: 0.86s
2026-10-02 06:24:22,386 [DEBUG] [TIME] 4413 info: 0.15s
2026-10-02 06:24:22,386 [DEBUG] yfinance OK: 4413
2026-10-02 06:24:22,601 [DEBUG] [TIME] 4413 income_stmt: 0.21s
2026-10-02 06:24:22,854 [DEBUG] [TIME] 4413 balance_sheet: 0.25s
2026-10-02 06:24:23,056 [DEBUG] [TIME] 4413 cashflow: 0.20s
2026-10-02 06:24:23,206 [DEBUG] [TIME] 4413 dividends: 0.15s
2026-10-02 06:24:23,206 [INFO] [DETAIL] 4413 ボードルア: income_stmt=OK, balance_sheet=OK, cashflow=OK, dividends=OK
2026-10-02 06:24:23,207 [INFO] [TIME] 4413 ボードルア 処理時間: 0.97s
2026-10-02 06:24:25,124 [DEBUG] [TIME] 4414 info: 0.17s
2026-10-02 06:24:25,125 [DEBUG] yfinance OK: 4414
2026-10-02 06:24:25,226 [DEBUG] [TIME] 4414 income_stmt: 0.10s
2026-10-02 06:24:25,418 [DEBUG] [TIME] 4414 balance_sheet: 0.19s
2026-10-02 06:24:25,556 [DEBUG] [TIME] 4414 cashflow: 0.14s
2026-10-02 06:24:25,697 [DEBUG] [TIME] 4414 dividends: 0.14s
2026-10-02 06:24:25,698 [INFO] [DETAIL] 4414 フレクト: income_stmt=OK, balance_sheet=OK, cashflow=OK, dividends=EMPTY
2026-10-02 06:24:25,698 [INFO] [TIME] 4414 フレクト 処理時間: 0.74s
2026-10-02 06:24:27,736 [DEBUG] [TIME] 4415 info: 0.17s
2026-10-02 06:24:27,736 [DEBUG] yfinance OK: 4415
2026-10-02 06:24:27,848 [DEBUG] [TIME] 4415 income_stmt: 0.11s
2026-10-02 06:24:28,005 [DEBUG] [TIME] 4415 balance_sheet: 0.16s
2026-10-02 06:24:28,145 [DEBUG] [TIME] 4415 cashflow: 0.14s
2026-10-02 06:24:28,274 [DEBUG] [TIME] 4415 dividends: 0.13s
2026-10-02 06:24:28,274 [INFO] [DETAIL] 4415 ブロードエンタープライズ: income_stmt=OK, balance_sheet=OK, cashflow=OK, dividends=EMPTY
2026-10-02 06:24:28,274 [INFO] [TIME] 4415 ブロードエンタープライズ 処理時間: 0.71s
2026-10-02 06:24:30,424 [DEBUG] [TIME] 4416 info: 0.19s
2026-10-02 06:24:30,424 [DEBUG] yfinance OK: 4416
2026-10-02 06:24:30,552 [DEBUG] [TIME] 4416 income_stmt: 0.13s
2026-10-02 06:24:30,679 [DEBUG] [TIME] 4416 balance_sheet: 0.13s
2026-10-02 06:24:30,833 [DEBUG] [TIME] 4416 cashflow: 0.15s
2026-10-02 06:24:30,938 [DEBUG] [TIME] 4416 dividends: 0.11s
2026-10-02 06:24:30,939 [INFO] [DETAIL] 4416 Ｔｒｕｅ　Ｄａｔａ: income_stmt=OK, balance_sheet=OK, cashflow=OK, dividends=EMPTY
2026-10-02 06:24:30,939 [INFO] [TIME] 4416 Ｔｒｕｅ　Ｄａｔａ 処理時間: 0.71s
2026-10-02 06:24:32,742 [DEBUG] [TIME] 4417 info: 0.16s
2026-10-02 06:24:32,742 [DEBUG] yfinance OK: 4417
2026-10-02 06:24:32,880 [DEBUG] [TIME] 4417 income_stmt: 0.14s
2026-10-02 06:24:33,164 [DEBUG] [TIME] 4417 balance_sheet: 0.28s
2026-10-02 06:24:33,416 [DEBUG] [TIME] 4417 cashflow: 0.25s
2026-10-02 06:24:33,541 [DEBUG] [TIME] 4417 dividends: 0.12s
2026-10-02 06:24:33,542 [INFO] [DETAIL] 4417 グローバルセキュリティエキスパート: income_stmt=OK, balance_sheet=OK, cashflow=OK, dividends=OK
2026-10-02 06:24:33,542 [INFO] [TIME] 4417 グローバルセキュリティエキスパート 処理時間: 0.96s
2026-10-02 06:24:34,857 [DEBUG] [TIME] 4418 info: 0.19s
2026-10-02 06:24:34,857 [DEBUG] yfinance OK: 4418
2026-10-02 06:24:34,993 [DEBUG] [TIME] 4418 income_stmt: 0.14s
2026-10-02 06:24:35,248 [DEBUG] [TIME] 4418 balance_sheet: 0.25s
2026-10-02 06:24:35,462 [DEBUG] [TIME] 4418 cashflow: 0.21s
2026-10-02 06:24:35,555 [DEBUG] [TIME] 4418 dividends: 0.09s
2026-10-02 06:24:35,555 [INFO] [DETAIL] 4418 ＪＤＳＣ: income_stmt=OK, balance_sheet=OK, cashflow=OK, dividends=EMPTY
2026-10-02 06:24:35,555 [INFO] [TIME] 4418 ＪＤＳＣ 処理時間: 0.89s
2026-10-02 06:24:36,935 [DEBUG] [TIME] 4419 info: 0.17s
2026-10-02 06:24:36,935 [DEBUG] yfinance OK: 4419
2026-10-02 06:24:37,140 [DEBUG] [TIME] 4419 income_stmt: 0.20s
2026-10-02 06:24:37,302 [DEBUG] [TIME] 4419 balance_sheet: 0.16s
2026-10-02 06:24:37,520 [DEBUG] [TIME] 4419 cashflow: 0.22s
2026-10-02 06:24:37,613 [DEBUG] [TIME] 4419 dividends: 0.09s
2026-10-02 06:24:37,613 [INFO] [DETAIL] 4419 Ｆｉｎａｔｅｘｔホールディングス: income_stmt=OK, balance_sheet=OK, cashflow=OK, dividends=EMPTY
2026-10-02 06:24:37,614 [INFO] [TIME] 4419 Ｆｉｎａｔｅｘｔホールディングス 処理時間: 0.85s
2026-10-02 06:24:39,399 [DEBUG] [TIME] 441A info: 0.29s
2026-10-02 06:24:39,399 [DEBUG] yfinance OK: 441A
2026-10-02 06:24:39,520 [DEBUG] [TIME] 441A income_stmt: 0.12s
2026-10-02 06:24:39,718 [DEBUG] [TIME] 441A balance_sheet: 0.20s
2026-10-02 06:24:39,985 [DEBUG] [TIME] 441A cashflow: 0.27s
2026-10-02 06:24:40,089 [DEBUG] [TIME] 441A dividends: 0.10s
2026-10-02 06:24:40,089 [INFO] [DETAIL] 441A ＮＥ: income_stmt=OK, balance_sheet=OK, cashflow=OK, dividends=EMPTY
2026-10-02 06:24:40,089 [INFO] [TIME] 441A ＮＥ 処理時間: 0.98s
2026-10-02 06:24:41,381 [DEBUG] [TIME] 4420 info: 0.17s
2026-10-02 06:24:41,381 [DEBUG] yfinance OK: 4420
2026-10-02 06:24:41,569 [DEBUG] [TIME] 4420 income_stmt: 0.19s
2026-10-02 06:24:41,881 [DEBUG] [TIME] 4420 balance_sheet: 0.31s
2026-10-02 06:24:42,027 [DEBUG] [TIME] 4420 cashflow: 0.15s
2026-10-02 06:24:42,201 [DEBUG] [TIME] 4420 dividends: 0.17s
2026-10-02 06:24:42,202 [INFO] [DETAIL] 4420 イーソル: income_stmt=OK, balance_sheet=OK, cashflow=OK, dividends=OK
2026-10-02 06:24:42,202 [INFO] [TIME] 4420 イーソル 処理時間: 0.99s
2026-10-02 06:24:44,114 [DEBUG] [TIME] 4421 info: 0.20s
2026-10-02 06:24:44,115 [DEBUG] yfinance OK: 4421
2026-10-02 06:24:44,312 [DEBUG] [TIME] 4421 income_stmt: 0.20s
2026-10-02 06:24:44,554 [DEBUG] [TIME] 4421 balance_sheet: 0.24s
2026-10-02 06:24:44,791 [DEBUG] [TIME] 4421 cashflow: 0.24s
2026-10-02 06:24:44,964 [DEBUG] [TIME] 4421 dividends: 0.17s
2026-10-02 06:24:44,965 [INFO] [DETAIL] 4421 ディ・アイ・システム: income_stmt=OK, balance_sheet=OK, cashflow=OK, dividends=OK
2026-10-02 06:24:44,965 [INFO] [TIME] 4421 ディ・アイ・システム 処理時間: 1.05s
2026-10-02 06:24:46,681 [DEBUG] [TIME] 4422 info: 0.21s
2026-10-02 06:24:46,681 [DEBUG] yfinance OK: 4422
2026-10-02 06:24:46,883 [DEBUG] [TIME] 4422 income_stmt: 0.20s
2026-10-02 06:24:47,124 [DEBUG] [TIME] 4422 balance_sheet: 0.24s
2026-10-02 06:24:47,352 [DEBUG] [TIME] 4422 cashflow: 0.23s
2026-10-02 06:24:47,472 [DEBUG] [TIME] 4422 dividends: 0.12s
2026-10-02 06:24:47,472 [INFO] [DETAIL] 4422 ＶＡＬＵＥＮＥＸ: income_stmt=OK, balance_sheet=OK, cashflow=OK, dividends=EMPTY
2026-10-02 06:24:47,472 [INFO] [TIME] 4422 ＶＡＬＵＥＮＥＸ 処理時間: 1.00s
2026-10-02 06:24:49,153 [DEBUG] [TIME] 4424 info: 0.14s
2026-10-02 06:24:49,154 [DEBUG] yfinance OK: 4424
2026-10-02 06:24:49,305 [DEBUG] [TIME] 4424 income_stmt: 0.15s
2026-10-02 06:24:49,478 [DEBUG] [TIME] 4424 balance_sheet: 0.17s
2026-10-02 06:24:49,711 [DEBUG] [TIME] 4424 cashflow: 0.23s
2026-10-02 06:24:49,810 [DEBUG] [TIME] 4424 dividends: 0.10s
2026-10-02 06:24:49,811 [INFO] [DETAIL] 4424 Ａｍａｚｉａ: income_stmt=OK, balance_sheet=OK, cashflow=OK, dividends=EMPTY
2026-10-02 06:24:49,811 [INFO] [TIME] 4424 Ａｍａｚｉａ 処理時間: 0.80s
2026-10-02 06:24:51,137 [DEBUG] [TIME] 4425 info: 0.14s
2026-10-02 06:24:51,137 [DEBUG] yfinance OK: 4425
2026-10-02 06:24:51,277 [DEBUG] [TIME] 4425 income_stmt: 0.14s
2026-10-02 06:24:51,516 [DEBUG] [TIME] 4425 balance_sheet: 0.24s
2026-10-02 06:24:51,675 [DEBUG] [TIME] 4425 cashflow: 0.16s
2026-10-02 06:24:51,802 [DEBUG] [TIME] 4425 dividends: 0.13s
2026-10-02 06:24:51,802 [INFO] [DETAIL] 4425 Ｋｕｄａｎ: income_stmt=OK, balance_sheet=OK, cashflow=OK, dividends=EMPTY
2026-10-02 06:24:51,802 [INFO] [TIME] 4425 Ｋｕｄａｎ 処理時間: 0.80s
2026-10-02 06:24:53,980 [DEBUG] [TIME] 4427 info: 0.17s
2026-10-02 06:24:53,981 [DEBUG] yfinance OK: 4427
2026-10-02 06:24:54,150 [DEBUG] [TIME] 4427 income_stmt: 0.17s
2026-10-02 06:24:54,336 [DEBUG] [TIME] 4427 balance_sheet: 0.19s
2026-10-02 06:24:54,485 [DEBUG] [TIME] 4427 cashflow: 0.15s
2026-10-02 06:24:54,615 [DEBUG] [TIME] 4427 dividends: 0.13s
2026-10-02 06:24:54,616 [INFO] [DETAIL] 4427 ＥｄｕＬａｂ: income_stmt=OK, balance_sheet=OK, cashflow=OK, dividends=OK
2026-10-02 06:24:54,616 [INFO] [TIME] 4427 ＥｄｕＬａｂ 処理時間: 0.81s
2026-10-02 06:24:56,693 [DEBUG] [TIME] 4428 info: 0.15s
2026-10-02 06:24:56,693 [DEBUG] yfinance OK: 4428
2026-10-02 06:24:56,865 [DEBUG] [TIME] 4428 income_stmt: 0.17s
2026-10-02 06:24:57,123 [DEBUG] [TIME] 4428 balance_sheet: 0.26s
2026-10-02 06:24:57,352 [DEBUG] [TIME] 4428 cashflow: 0.23s
2026-10-02 06:24:57,518 [DEBUG] [TIME] 4428 dividends: 0.17s
2026-10-02 06:24:57,519 [INFO] [DETAIL] 4428 シノプス: income_stmt=OK, balance_sheet=OK, cashflow=OK, dividends=OK
2026-10-02 06:24:57,519 [INFO] [TIME] 4428 シノプス 処理時間: 0.97s
2026-10-02 06:24:59,486 [DEBUG] [TIME] 4429 info: 0.17s
2026-10-02 06:24:59,486 [DEBUG] yfinance OK: 4429
2026-10-02 06:24:59,634 [DEBUG] [TIME] 4429 income_stmt: 0.15s
2026-10-02 06:24:59,780 [DEBUG] [TIME] 4429 balance_sheet: 0.15s
2026-10-02 06:24:59,941 [DEBUG] [TIME] 4429 cashflow: 0.16s
2026-10-02 06:25:00,046 [DEBUG] [TIME] 4429 dividends: 0.10s
2026-10-02 06:25:00,046 [INFO] [DETAIL] 4429 リックソフト: income_stmt=OK, balance_sheet=OK, cashflow=OK, dividends=EMPTY
2026-10-02 06:25:00,046 [INFO] [TIME] 4429 リックソフト 処理時間: 0.73s
2026-10-02 06:25:01,673 [DEBUG] [TIME] 442A info: 0.16s
2026-10-02 06:25:01,673 [DEBUG] yfinance OK: 442A
2026-10-02 06:25:01,894 [DEBUG] [TIME] 442A income_stmt: 0.22s
2026-10-02 06:25:02,062 [DEBUG] [TIME] 442A balance_sheet: 0.17s
2026-10-02 06:25:02,228 [DEBUG] [TIME] 442A cashflow: 0.17s
2026-10-02 06:25:02,326 [DEBUG] [TIME] 442A dividends: 0.10s
2026-10-02 06:25:02,326 [INFO] [DETAIL] 442A クラシコ: income_stmt=OK, balance_sheet=OK, cashflow=OK, dividends=EMPTY
2026-10-02 06:25:02,326 [INFO] [TIME] 442A クラシコ 処理時間: 0.82s
2026-10-02 06:25:04,100 [DEBUG] [TIME] 4430 info: 0.17s
2026-10-02 06:25:04,100 [DEBUG] yfinance OK: 4430
2026-10-02 06:25:04,324 [DEBUG] [TIME] 4430 income_stmt: 0.22s
2026-10-02 06:25:04,499 [DEBUG] [TIME] 4430 balance_sheet: 0.17s
2026-10-02 06:25:04,639 [DEBUG] [TIME] 4430 cashflow: 0.14s
2026-10-02 06:25:04,795 [DEBUG] [TIME] 4430 dividends: 0.16s
2026-10-02 06:25:04,796 [INFO] [DETAIL] 4430 東海ソフト: income_stmt=OK, balance_sheet=OK, cashflow=OK, dividends=OK
2026-10-02 06:25:04,796 [INFO] [TIME] 4430 東海ソフト 処理時間: 0.86s
2026-10-02 06:25:06,384 [DEBUG] [TIME] 4431 info: 0.14s
2026-10-02 06:25:06,384 [DEBUG] yfinance OK: 4431
2026-10-02 06:25:06,550 [DEBUG] [TIME] 4431 income_stmt: 0.17s
2026-10-02 06:25:06,781 [DEBUG] [TIME] 4431 balance_sheet: 0.23s
2026-10-02 06:25:06,933 [DEBUG] [TIME] 4431 cashflow: 0.15s
2026-10-02 06:25:07,062 [DEBUG] [TIME] 4431 dividends: 0.13s
2026-10-02 06:25:07,063 [INFO] [DETAIL] 4431 スマレジ: income_stmt=OK, balance_sheet=OK, cashflow=OK, dividends=OK
2026-10-02 06:25:07,063 [INFO] [TIME] 4431 スマレジ 処理時間: 0.82s
2026-10-02 06:25:08,727 [DEBUG] [TIME] 4432 info: 0.14s
2026-10-02 06:25:08,727 [DEBUG] yfinance OK: 4432
2026-10-02 06:25:08,962 [DEBUG] [TIME] 4432 income_stmt: 0.23s
2026-10-02 06:25:09,136 [DEBUG] [TIME] 4432 balance_sheet: 0.17s
2026-10-02 06:25:09,297 [DEBUG] [TIME] 4432 cashflow: 0.16s
2026-10-02 06:25:09,416 [DEBUG] [TIME] 4432 dividends: 0.12s
2026-10-02 06:25:09,417 [INFO] [DETAIL] 4432 ウイングアーク１ｓｔ: income_stmt=OK, balance_sheet=OK, cashflow=OK, dividends=OK
2026-10-02 06:25:09,417 [INFO] [TIME] 4432 ウイングアーク１ｓｔ 処理時間: 0.83s
2026-10-02 06:25:10,608 [DEBUG] [TIME] 4433 info: 0.17s
2026-10-02 06:25:10,608 [DEBUG] yfinance OK: 4433
2026-10-02 06:25:10,734 [DEBUG] [TIME] 4433 income_stmt: 0.13s
2026-10-02 06:25:10,994 [DEBUG] [TIME] 4433 balance_sheet: 0.26s
2026-10-02 06:25:11,130 [DEBUG] [TIME] 4433 cashflow: 0.14s
2026-10-02 06:25:11,340 [DEBUG] [TIME] 4433 dividends: 0.21s
2026-10-02 06:25:11,341 [INFO] [DETAIL] 4433 ヒト・コミュニケーションズ・ホールディングス: income_stmt=OK, balance_sheet=OK, cashflow=OK, dividends=OK
2026-10-02 06:25:11,341 [INFO] [TIME] 4433 ヒト・コミュニケーションズ・ホールディングス 処理時間: 0.90s
2026-10-02 06:25:12,760 [DEBUG] [TIME] 4434 info: 0.18s
2026-10-02 06:25:12,760 [DEBUG] yfinance OK: 4434
2026-10-02 06:25:12,886 [DEBUG] [TIME] 4434 income_stmt: 0.13s
2026-10-02 06:25:13,150 [DEBUG] [TIME] 4434 balance_sheet: 0.26s
2026-10-02 06:25:13,285 [DEBUG] [TIME] 4434 cashflow: 0.13s
2026-10-02 06:25:13,399 [DEBUG] [TIME] 4434 dividends: 0.11s
2026-10-02 06:25:13,400 [INFO] [DETAIL] 4434 サーバーワークス: income_stmt=OK, balance_sheet=OK, cashflow=OK, dividends=OK
2026-10-02 06:25:13,400 [INFO] [TIME] 4434 サーバーワークス 処理時間: 0.82s
2026-10-02 06:25:14,914 [DEBUG] [TIME] 4436 info: 0.15s
2026-10-02 06:25:14,914 [DEBUG] yfinance OK: 4436
2026-10-02 06:25:15,072 [DEBUG] [TIME] 4436 income_stmt: 0.16s
2026-10-02 06:25:15,317 [DEBUG] [TIME] 4436 balance_sheet: 0.24s
2026-10-02 06:25:15,472 [DEBUG] [TIME] 4436 cashflow: 0.15s
2026-10-02 06:25:15,639 [DEBUG] [TIME] 4436 dividends: 0.17s
2026-10-02 06:25:15,640 [INFO] [DETAIL] 4436 ミンカブ・ジ・インフォノイド: income_stmt=OK, balance_sheet=OK, cashflow=OK, dividends=OK
2026-10-02 06:25:15,640 [INFO] [TIME] 4436 ミンカブ・ジ・インフォノイド 処理時間: 0.88s
2026-10-02 06:25:17,260 [DEBUG] [TIME] 4437 info: 0.16s
2026-10-02 06:25:17,261 [DEBUG] yfinance OK: 4437
2026-10-02 06:25:17,406 [DEBUG] [TIME] 4437 income_stmt: 0.15s
2026-10-02 06:25:17,572 [DEBUG] [TIME] 4437 balance_sheet: 0.17s
2026-10-02 06:25:17,773 [DEBUG] [TIME] 4437 cashflow: 0.20s
2026-10-02 06:25:17,919 [DEBUG] [TIME] 4437 dividends: 0.15s
2026-10-02 06:25:17,920 [INFO] [DETAIL] 4437 ｇｏｏｄｄａｙｓホールディングス: income_stmt=OK, balance_sheet=OK, cashflow=OK, dividends=OK
2026-10-02 06:25:17,920 [INFO] [TIME] 4437 ｇｏｏｄｄａｙｓホールディングス 処理時間: 0.82s
2026-10-02 06:25:19,718 [DEBUG] [TIME] 4438 info: 0.15s
2026-10-02 06:25:19,718 [DEBUG] yfinance OK: 4438
2026-10-02 06:25:19,848 [DEBUG] [TIME] 4438 income_stmt: 0.13s
2026-10-02 06:25:20,100 [DEBUG] [TIME] 4438 balance_sheet: 0.25s
2026-10-02 06:25:20,240 [DEBUG] [TIME] 4438 cashflow: 0.14s
2026-10-02 06:25:20,368 [DEBUG] [TIME] 4438 dividends: 0.13s
2026-10-02 06:25:20,368 [INFO] [DETAIL] 4438 Ｗｅｌｂｙ: income_stmt=OK, balance_sheet=OK, cashflow=OK, dividends=EMPTY
2026-10-02 06:25:20,368 [INFO] [TIME] 4438 Ｗｅｌｂｙ 処理時間: 0.80s
2026-10-02 06:25:22,394 [DEBUG] [TIME] 4439 info: 0.15s
2026-10-02 06:25:22,394 [DEBUG] yfinance OK: 4439
2026-10-02 06:25:22,633 [DEBUG] [TIME] 4439 income_stmt: 0.24s
2026-10-02 06:25:22,871 [DEBUG] [TIME] 4439 balance_sheet: 0.24s
2026-10-02 06:25:23,054 [DEBUG] [TIME] 4439 cashflow: 0.18s
2026-10-02 06:25:23,191 [DEBUG] [TIME] 4439 dividends: 0.14s
2026-10-02 06:25:23,192 [INFO] [DETAIL] 4439 東名: income_stmt=OK, balance_sheet=OK, cashflow=OK, dividends=OK
2026-10-02 06:25:23,192 [INFO] [TIME] 4439 東名 処理時間: 0.94s
2026-10-02 06:25:24,682 [DEBUG] [TIME] 4440 info: 0.15s
2026-10-02 06:25:24,682 [DEBUG] yfinance OK: 4440
2026-10-02 06:25:24,809 [DEBUG] [TIME] 4440 income_stmt: 0.13s
2026-10-02 06:25:25,057 [DEBUG] [TIME] 4440 balance_sheet: 0.25s
2026-10-02 06:25:25,191 [DEBUG] [TIME] 4440 cashflow: 0.13s
2026-10-02 06:25:25,343 [DEBUG] [TIME] 4440 dividends: 0.15s
2026-10-02 06:25:25,344 [INFO] [DETAIL] 4440 ヴィッツ: income_stmt=OK, balance_sheet=OK, cashflow=OK, dividends=OK
2026-10-02 06:25:25,344 [INFO] [TIME] 4440 ヴィッツ 処理時間: 0.81s
2026-10-02 06:25:27,114 [DEBUG] [TIME] 4441 info: 0.15s
2026-10-02 06:25:27,114 [DEBUG] yfinance OK: 4441
2026-10-02 06:25:27,238 [DEBUG] [TIME] 4441 income_stmt: 0.12s
2026-10-02 06:25:27,433 [DEBUG] [TIME] 4441 balance_sheet: 0.19s
2026-10-02 06:25:27,675 [DEBUG] [TIME] 4441 cashflow: 0.24s
2026-10-02 06:25:27,844 [DEBUG] [TIME] 4441 dividends: 0.17s
2026-10-02 06:25:27,845 [INFO] [DETAIL] 4441 トビラシステムズ: income_stmt=OK, balance_sheet=OK, cashflow=OK, dividends=OK
2026-10-02 06:25:27,845 [INFO] [TIME] 4441 トビラシステムズ 処理時間: 0.88s
2026-10-02 06:25:29,010 [DEBUG] [TIME] 4442 info: 0.14s
2026-10-02 06:25:29,010 [DEBUG] yfinance OK: 4442
2026-10-02 06:25:29,152 [DEBUG] [TIME] 4442 income_stmt: 0.14s
2026-10-02 06:25:29,404 [DEBUG] [TIME] 4442 balance_sheet: 0.25s
2026-10-02 06:25:29,586 [DEBUG] [TIME] 4442 cashflow: 0.18s
2026-10-02 06:25:29,754 [DEBUG] [TIME] 4442 dividends: 0.17s
2026-10-02 06:25:29,755 [INFO] [DETAIL] 4442 バルテス・ホールディングス: income_stmt=OK, balance_sheet=OK, cashflow=OK, dividends=OK
2026-10-02 06:25:29,756 [INFO] [TIME] 4442 バルテス・ホールディングス 処理時間: 0.89s
2026-10-02 06:25:31,477 [DEBUG] [TIME] 4443 info: 0.23s
2026-10-02 06:25:31,477 [DEBUG] yfinance OK: 4443
2026-10-02 06:25:31,680 [DEBUG] [TIME] 4443 income_stmt: 0.20s
2026-10-02 06:25:31,835 [DEBUG] [TIME] 4443 balance_sheet: 0.15s
2026-10-02 06:25:31,995 [DEBUG] [TIME] 4443 cashflow: 0.16s
2026-10-02 06:25:32,133 [DEBUG] [TIME] 4443 dividends: 0.14s
2026-10-02 06:25:32,133 [INFO] [DETAIL] 4443 Ｓａｎｓａｎ: income_stmt=OK, balance_sheet=OK, cashflow=OK, dividends=OK
2026-10-02 06:25:32,133 [INFO] [TIME] 4443 Ｓａｎｓａｎ 処理時間: 0.89s
2026-10-02 06:25:33,438 [DEBUG] [TIME] 4444 info: 0.18s
2026-10-02 06:25:33,438 [DEBUG] yfinance OK: 4444
2026-10-02 06:25:33,661 [DEBUG] [TIME] 4444 income_stmt: 0.22s
2026-10-02 06:25:33,883 [DEBUG] [TIME] 4444 balance_sheet: 0.22s
2026-10-02 06:25:34,022 [DEBUG] [TIME] 4444 cashflow: 0.14s
2026-10-02 06:25:34,132 [DEBUG] [TIME] 4444 dividends: 0.11s
2026-10-02 06:25:34,132 [INFO] [DETAIL] 4444 インフォネット: income_stmt=OK, balance_sheet=OK, cashflow=OK, dividends=EMPTY
2026-10-02 06:25:34,132 [INFO] [TIME] 4444 インフォネット 処理時間: 0.87s
2026-10-02 06:25:36,111 [DEBUG] [TIME] 4445 info: 0.17s
2026-10-02 06:25:36,111 [DEBUG] yfinance OK: 4445
2026-10-02 06:25:36,271 [DEBUG] [TIME] 4445 income_stmt: 0.16s
2026-10-02 06:25:36,396 [DEBUG] [TIME] 4445 balance_sheet: 0.12s
2026-10-02 06:25:36,509 [DEBUG] [TIME] 4445 cashflow: 0.11s
2026-10-02 06:25:36,611 [DEBUG] [TIME] 4445 dividends: 0.10s
2026-10-02 06:25:36,611 [INFO] [DETAIL] 4445 リビン・テクノロジーズ: income_stmt=OK, balance_sheet=OK, cashflow=OK, dividends=EMPTY
2026-10-02 06:25:36,611 [INFO] [TIME] 4445 リビン・テクノロジーズ 処理時間: 0.67s
2026-10-02 06:25:38,384 [DEBUG] [TIME] 4446 info: 0.18s
2026-10-02 06:25:38,384 [DEBUG] yfinance OK: 4446
2026-10-02 06:25:38,613 [DEBUG] [TIME] 4446 income_stmt: 0.23s
2026-10-02 06:25:38,775 [DEBUG] [TIME] 4446 balance_sheet: 0.16s
2026-10-02 06:25:38,888 [DEBUG] [TIME] 4446 cashflow: 0.11s
2026-10-02 06:25:39,015 [DEBUG] [TIME] 4446 dividends: 0.13s
2026-10-02 06:25:39,016 [INFO] [DETAIL] 4446 Ｌｉｎｋ－Ｕグループ: income_stmt=OK, balance_sheet=OK, cashflow=OK, dividends=EMPTY
2026-10-02 06:25:39,016 [INFO] [TIME] 4446 Ｌｉｎｋ－Ｕグループ 処理時間: 0.81s
2026-10-02 06:25:40,242 [DEBUG] [TIME] 4447 info: 0.15s
2026-10-02 06:25:40,242 [DEBUG] yfinance OK: 4447
2026-10-02 06:25:40,433 [DEBUG] [TIME] 4447 income_stmt: 0.19s
2026-10-02 06:25:40,567 [DEBUG] [TIME] 4447 balance_sheet: 0.13s
2026-10-02 06:25:40,728 [DEBUG] [TIME] 4447 cashflow: 0.16s
2026-10-02 06:25:40,837 [DEBUG] [TIME] 4447 dividends: 0.11s
2026-10-02 06:25:40,838 [INFO] [DETAIL] 4447 ピー・ビーシステムズ: income_stmt=OK, balance_sheet=OK, cashflow=OK, dividends=OK
2026-10-02 06:25:40,838 [INFO] [TIME] 4447 ピー・ビーシステムズ 処理時間: 0.75s
2026-10-02 06:25:42,615 [DEBUG] [TIME] 4448 info: 0.14s
2026-10-02 06:25:42,615 [DEBUG] yfinance OK: 4448
2026-10-02 06:25:42,758 [DEBUG] [TIME] 4448 income_stmt: 0.14s
2026-10-02 06:25:42,941 [DEBUG] [TIME] 4448 balance_sheet: 0.18s
2026-10-02 06:25:43,061 [DEBUG] [TIME] 4448 cashflow: 0.12s
2026-10-02 06:25:43,168 [DEBUG] [TIME] 4448 dividends: 0.11s
2026-10-02 06:25:43,168 [INFO] [DETAIL] 4448 ｋｕｂｅｌｌ: income_stmt=OK, balance_sheet=OK, cashflow=OK, dividends=EMPTY
2026-10-02 06:25:43,169 [INFO] [TIME] 4448 ｋｕｂｅｌｌ 処理時間: 0.69s
2026-10-02 06:25:44,853 [DEBUG] [TIME] 4449 info: 0.25s
2026-10-02 06:25:44,853 [WARNING] yfinance データなし: 4449
2026-10-02 06:25:44,853 [INFO] [TIME] 4449 ギフティ 処理時間: 0.25s
2026-10-02 06:25:46,596 [DEBUG] [TIME] 4450 info: 0.14s
2026-10-02 06:25:46,596 [DEBUG] yfinance OK: 4450
2026-10-02 06:25:46,771 [DEBUG] [TIME] 4450 income_stmt: 0.17s
2026-10-02 06:25:46,930 [DEBUG] [TIME] 4450 balance_sheet: 0.16s
2026-10-02 06:25:47,062 [DEBUG] [TIME] 4450 cashflow: 0.13s
2026-10-02 06:25:47,179 [DEBUG] [TIME] 4450 dividends: 0.12s
2026-10-02 06:25:47,180 [INFO] [DETAIL] 4450 パワーソリューションズ: income_stmt=OK, balance_sheet=OK, cashflow=OK, dividends=OK
2026-10-02 06:25:47,180 [INFO] [TIME] 4450 パワーソリューションズ 処理時間: 0.72s
2026-10-02 06:25:48,830 [DEBUG] [TIME] 4452 info: 0.17s
2026-10-02 06:25:48,831 [DEBUG] yfinance OK: 4452
2026-10-02 06:25:48,971 [DEBUG] [TIME] 4452 income_stmt: 0.14s
2026-10-02 06:25:49,131 [DEBUG] [TIME] 4452 balance_sheet: 0.16s
2026-10-02 06:25:49,302 [DEBUG] [TIME] 4452 cashflow: 0.17s
2026-10-02 06:25:49,550 [DEBUG] [TIME] 4452 dividends: 0.25s
2026-10-02 06:25:49,551 [INFO] [DETAIL] 4452 花王: income_stmt=OK, balance_sheet=OK, cashflow=OK, dividends=OK
2026-10-02 06:25:49,551 [INFO] [TIME] 4452 花王 処理時間: 0.89s
2026-10-02 06:25:50,766 [DEBUG] [TIME] 4461 info: 0.16s
2026-10-02 06:25:50,766 [DEBUG] yfinance OK: 4461
2026-10-02 06:25:50,932 [DEBUG] [TIME] 4461 income_stmt: 0.17s
2026-10-02 06:25:51,146 [DEBUG] [TIME] 4461 balance_sheet: 0.21s
2026-10-02 06:25:51,348 [DEBUG] [TIME] 4461 cashflow: 0.20s
2026-10-02 06:25:51,612 [DEBUG] [TIME] 4461 dividends: 0.26s
2026-10-02 06:25:51,613 [INFO] [DETAIL] 4461 第一工業製薬: income_stmt=OK, balance_sheet=OK, cashflow=OK, dividends=OK
2026-10-02 06:25:51,613 [INFO] [TIME] 4461 第一工業製薬 処理時間: 1.01s
2026-10-02 06:25:53,654 [DEBUG] [TIME] 4462 info: 0.15s
2026-10-02 06:25:53,654 [DEBUG] yfinance OK: 4462
2026-10-02 06:25:53,799 [DEBUG] [TIME] 4462 income_stmt: 0.15s
2026-10-02 06:25:53,940 [DEBUG] [TIME] 4462 balance_sheet: 0.14s
2026-10-02 06:25:54,160 [DEBUG] [TIME] 4462 cashflow: 0.22s
2026-10-02 06:25:54,383 [DEBUG] [TIME] 4462 dividends: 0.22s
2026-10-02 06:25:54,384 [INFO] [DETAIL] 4462 石原ケミカル: income_stmt=OK, balance_sheet=OK, cashflow=OK, dividends=OK
2026-10-02 06:25:54,384 [INFO] [TIME] 4462 石原ケミカル 処理時間: 0.88s
2026-10-02 06:25:55,892 [DEBUG] [TIME] 4463 info: 0.17s
2026-10-02 06:25:55,892 [DEBUG] yfinance OK: 4463
2026-10-02 06:25:56,075 [DEBUG] [TIME] 4463 income_stmt: 0.18s
2026-10-02 06:25:56,336 [DEBUG] [TIME] 4463 balance_sheet: 0.26s
2026-10-02 06:25:56,548 [DEBUG] [TIME] 4463 cashflow: 0.21s
2026-10-02 06:25:56,719 [DEBUG] [TIME] 4463 dividends: 0.17s
2026-10-02 06:25:56,720 [INFO] [DETAIL] 4463 日華化学: income_stmt=OK, balance_sheet=OK, cashflow=OK, dividends=OK
2026-10-02 06:25:56,720 [INFO] [TIME] 4463 日華化学 処理時間: 1.00s
2026-10-02 06:25:58,134 [DEBUG] [TIME] 4464 info: 0.13s
2026-10-02 06:25:58,134 [DEBUG] yfinance OK: 4464
2026-10-02 06:25:58,343 [DEBUG] [TIME] 4464 income_stmt: 0.21s
2026-10-02 06:25:58,538 [DEBUG] [TIME] 4464 balance_sheet: 0.19s
2026-10-02 06:25:58,676 [DEBUG] [TIME] 4464 cashflow: 0.14s
2026-10-02 06:25:58,875 [DEBUG] [TIME] 4464 dividends: 0.20s
2026-10-02 06:25:58,876 [INFO] [DETAIL] 4464 ソフト９９コーポレーション: income_stmt=OK, balance_sheet=OK, cashflow=OK, dividends=OK
2026-10-02 06:25:58,876 [INFO] [TIME] 4464 ソフト９９コーポレーション 処理時間: 0.88s
2026-10-02 06:26:00,902 [DEBUG] [TIME] 4465 info: 0.14s
2026-10-02 06:26:00,902 [DEBUG] yfinance OK: 4465
2026-10-02 06:26:01,139 [DEBUG] [TIME] 4465 income_stmt: 0.24s
2026-10-02 06:26:01,444 [DEBUG] [TIME] 4465 balance_sheet: 0.30s
2026-10-02 06:26:01,644 [DEBUG] [TIME] 4465 cashflow: 0.20s
2026-10-02 06:26:01,867 [DEBUG] [TIME] 4465 dividends: 0.22s
2026-10-02 06:26:01,868 [INFO] [DETAIL] 4465 ニイタカ: income_stmt=OK, balance_sheet=OK, cashflow=OK, dividends=OK
2026-10-02 06:26:01,868 [INFO] [TIME] 4465 ニイタカ 処理時間: 1.11s
2026-10-02 06:26:03,314 [DEBUG] [TIME] 446A info: 0.23s
2026-10-02 06:26:03,314 [DEBUG] yfinance OK: 446A
2026-10-02 06:26:03,448 [DEBUG] [TIME] 446A income_stmt: 0.13s
2026-10-02 06:26:03,667 [DEBUG] [TIME] 446A balance_sheet: 0.22s
2026-10-02 06:26:03,899 [DEBUG] [TIME] 446A cashflow: 0.23s
2026-10-02 06:26:03,993 [DEBUG] [TIME] 446A dividends: 0.09s
2026-10-02 06:26:03,993 [INFO] [DETAIL] 446A ノースサンド: income_stmt=OK, balance_sheet=OK, cashflow=OK, dividends=EMPTY
2026-10-02 06:26:03,993 [INFO] [TIME] 446A ノースサンド 処理時間: 0.91s
2026-10-02 06:26:05,388 [DEBUG] [TIME] 4471 info: 0.19s
2026-10-02 06:26:05,388 [DEBUG] yfinance OK: 4471
2026-10-02 06:26:05,611 [DEBUG] [TIME] 4471 income_stmt: 0.22s
2026-10-02 06:26:05,901 [DEBUG] [TIME] 4471 balance_sheet: 0.29s
2026-10-02 06:26:06,136 [DEBUG] [TIME] 4471 cashflow: 0.23s
2026-10-02 06:26:06,405 [DEBUG] [TIME] 4471 dividends: 0.27s
2026-10-02 06:26:06,406 [INFO] [DETAIL] 4471 三洋化成工業: income_stmt=OK, balance_sheet=OK, cashflow=OK, dividends=OK
2026-10-02 06:26:06,407 [INFO] [TIME] 4471 三洋化成工業 処理時間: 1.21s
2026-10-02 06:26:07,942 [DEBUG] [TIME] 4475 info: 0.14s
2026-10-02 06:26:07,943 [DEBUG] yfinance OK: 4475
2026-10-02 06:26:08,130 [DEBUG] [TIME] 4475 income_stmt: 0.19s
2026-10-02 06:26:08,372 [DEBUG] [TIME] 4475 balance_sheet: 0.24s
2026-10-02 06:26:08,549 [DEBUG] [TIME] 4475 cashflow: 0.18s
2026-10-02 06:26:08,665 [DEBUG] [TIME] 4475 dividends: 0.12s
2026-10-02 06:26:08,666 [INFO] [DETAIL] 4475 ＨＥＮＮＧＥ: income_stmt=OK, balance_sheet=OK, cashflow=OK, dividends=OK
2026-10-02 06:26:08,666 [INFO] [TIME] 4475 ＨＥＮＮＧＥ 処理時間: 0.86s
2026-10-02 06:26:10,129 [DEBUG] [TIME] 4476 info: 0.20s
2026-10-02 06:26:10,129 [DEBUG] yfinance OK: 4476
2026-10-02 06:26:10,275 [DEBUG] [TIME] 4476 income_stmt: 0.15s
2026-10-02 06:26:10,425 [DEBUG] [TIME] 4476 balance_sheet: 0.15s
2026-10-02 06:26:10,629 [DEBUG] [TIME] 4476 cashflow: 0.20s
2026-10-02 06:26:10,759 [DEBUG] [TIME] 4476 dividends: 0.13s
2026-10-02 06:26:10,759 [INFO] [DETAIL] 4476 ＡＩ　ＣＲＯＳＳ: income_stmt=OK, balance_sheet=OK, cashflow=OK, dividends=EMPTY
2026-10-02 06:26:10,759 [INFO] [TIME] 4476 ＡＩ　ＣＲＯＳＳ 処理時間: 0.83s
2026-10-02 06:26:12,841 [DEBUG] [TIME] 4477 info: 0.17s
2026-10-02 06:26:12,841 [DEBUG] yfinance OK: 4477
2026-10-02 06:26:12,975 [DEBUG] [TIME] 4477 income_stmt: 0.13s
2026-10-02 06:26:13,312 [DEBUG] [TIME] 4477 balance_sheet: 0.34s
2026-10-02 06:26:13,464 [DEBUG] [TIME] 4477 cashflow: 0.15s
2026-10-02 06:26:13,631 [DEBUG] [TIME] 4477 dividends: 0.17s
2026-10-02 06:26:13,632 [INFO] [DETAIL] 4477 ＢＡＳＥ: income_stmt=OK, balance_sheet=OK, cashflow=OK, dividends=OK
2026-10-02 06:26:13,632 [INFO] [TIME] 4477 ＢＡＳＥ 処理時間: 0.96s
2026-10-02 06:26:14,876 [DEBUG] [TIME] 4478 info: 0.15s
2026-10-02 06:26:14,876 [DEBUG] yfinance OK: 4478
2026-10-02 06:26:15,007 [DEBUG] [TIME] 4478 income_stmt: 0.13s
2026-10-02 06:26:15,151 [DEBUG] [TIME] 4478 balance_sheet: 0.14s
2026-10-02 06:26:15,302 [DEBUG] [TIME] 4478 cashflow: 0.15s
2026-10-02 06:26:15,402 [DEBUG] [TIME] 4478 dividends: 0.10s
2026-10-02 06:26:15,402 [INFO] [DETAIL] 4478 フリー: income_stmt=OK, balance_sheet=OK, cashflow=OK, dividends=EMPTY
2026-10-02 06:26:15,402 [INFO] [TIME] 4478 フリー 処理時間: 0.68s
2026-10-02 06:26:16,843 [DEBUG] [TIME] 4479 info: 0.18s
2026-10-02 06:26:16,843 [DEBUG] yfinance OK: 4479
2026-10-02 06:26:16,984 [DEBUG] [TIME] 4479 income_stmt: 0.14s
2026-10-02 06:26:17,251 [DEBUG] [TIME] 4479 balance_sheet: 0.27s
2026-10-02 06:26:17,398 [DEBUG] [TIME] 4479 cashflow: 0.15s
2026-10-02 06:26:17,495 [DEBUG] [TIME] 4479 dividends: 0.10s
2026-10-02 06:26:17,495 [INFO] [DETAIL] 4479 マクアケ: income_stmt=OK, balance_sheet=OK, cashflow=OK, dividends=EMPTY
2026-10-02 06:26:17,496 [INFO] [TIME] 4479 マクアケ 処理時間: 0.83s
2026-10-02 06:26:19,375 [DEBUG] [TIME] 4480 info: 0.13s
2026-10-02 06:26:19,376 [DEBUG] yfinance OK: 4480
2026-10-02 06:26:19,571 [DEBUG] [TIME] 4480 income_stmt: 0.20s
2026-10-02 06:26:19,862 [DEBUG] [TIME] 4480 balance_sheet: 0.29s
2026-10-02 06:26:20,119 [DEBUG] [TIME] 4480 cashflow: 0.26s
2026-10-02 06:26:20,299 [DEBUG] [TIME] 4480 dividends: 0.18s
2026-10-02 06:26:20,299 [INFO] [DETAIL] 4480 メドレー: income_stmt=OK, balance_sheet=OK, cashflow=OK, dividends=EMPTY
2026-10-02 06:26:20,299 [INFO] [TIME] 4480 メドレー 処理時間: 1.05s
2026-10-02 06:26:22,257 [DEBUG] [TIME] 4481 info: 0.19s
2026-10-02 06:26:22,257 [DEBUG] yfinance OK: 4481
2026-10-02 06:26:22,442 [DEBUG] [TIME] 4481 income_stmt: 0.19s
2026-10-02 06:26:22,734 [DEBUG] [TIME] 4481 balance_sheet: 0.29s
2026-10-02 06:26:22,899 [DEBUG] [TIME] 4481 cashflow: 0.16s
2026-10-02 06:26:23,051 [DEBUG] [TIME] 4481 dividends: 0.15s
2026-10-02 06:26:23,052 [INFO] [DETAIL] 4481 ベース: income_stmt=OK, balance_sheet=OK, cashflow=OK, dividends=OK
2026-10-02 06:26:23,052 [INFO] [TIME] 4481 ベース 処理時間: 0.99s
2026-10-02 06:26:24,372 [DEBUG] [TIME] 4482 info: 0.14s
2026-10-02 06:26:24,373 [DEBUG] yfinance OK: 4482
2026-10-02 06:26:24,607 [DEBUG] [TIME] 4482 income_stmt: 0.23s
2026-10-02 06:26:24,763 [DEBUG] [TIME] 4482 balance_sheet: 0.16s
2026-10-02 06:26:24,997 [DEBUG] [TIME] 4482 cashflow: 0.23s
2026-10-02 06:26:25,133 [DEBUG] [TIME] 4482 dividends: 0.14s
2026-10-02 06:26:25,134 [INFO] [DETAIL] 4482 ウィルズ: income_stmt=OK, balance_sheet=OK, cashflow=OK, dividends=OK
2026-10-02 06:26:25,134 [INFO] [TIME] 4482 ウィルズ 処理時間: 0.90s
2026-10-02 06:26:26,808 [DEBUG] [TIME] 4483 info: 0.18s
2026-10-02 06:26:26,809 [DEBUG] yfinance OK: 4483
2026-10-02 06:26:27,021 [DEBUG] [TIME] 4483 income_stmt: 0.21s
2026-10-02 06:26:27,161 [DEBUG] [TIME] 4483 balance_sheet: 0.14s
2026-10-02 06:26:27,398 [DEBUG] [TIME] 4483 cashflow: 0.24s
2026-10-02 06:26:27,512 [DEBUG] [TIME] 4483 dividends: 0.11s
2026-10-02 06:26:27,513 [INFO] [DETAIL] 4483 ＪＭＤＣ: income_stmt=OK, balance_sheet=OK, cashflow=OK, dividends=OK
2026-10-02 06:26:27,513 [INFO] [TIME] 4483 ＪＭＤＣ 処理時間: 0.88s
2026-10-02 06:26:28,758 [DEBUG] [TIME] 4484 info: 0.14s
2026-10-02 06:26:28,758 [DEBUG] yfinance OK: 4484
2026-10-02 06:26:28,901 [DEBUG] [TIME] 4484 income_stmt: 0.14s
2026-10-02 06:26:29,072 [DEBUG] [TIME] 4484 balance_sheet: 0.17s
2026-10-02 06:26:29,202 [DEBUG] [TIME] 4484 cashflow: 0.13s
2026-10-02 06:26:29,314 [DEBUG] [TIME] 4484 dividends: 0.11s
2026-10-02 06:26:29,315 [INFO] [DETAIL] 4484 ランサーズ: income_stmt=OK, balance_sheet=OK, cashflow=OK, dividends=OK
2026-10-02 06:26:29,315 [INFO] [TIME] 4484 ランサーズ 処理時間: 0.70s
2026-10-02 06:26:30,527 [DEBUG] [TIME] 4486 info: 0.18s
2026-10-02 06:26:30,527 [DEBUG] yfinance OK: 4486
2026-10-02 06:26:30,717 [DEBUG] [TIME] 4486 income_stmt: 0.19s
2026-10-02 06:26:30,869 [DEBUG] [TIME] 4486 balance_sheet: 0.15s
2026-10-02 06:26:31,085 [DEBUG] [TIME] 4486 cashflow: 0.22s
2026-10-02 06:26:31,265 [DEBUG] [TIME] 4486 dividends: 0.18s
2026-10-02 06:26:31,266 [INFO] [DETAIL] 4486 ユナイトアンドグロウ: income_stmt=OK, balance_sheet=OK, cashflow=OK, dividends=OK
2026-10-02 06:26:31,266 [INFO] [TIME] 4486 ユナイトアンドグロウ 処理時間: 0.92s
2026-10-02 06:26:33,268 [DEBUG] [TIME] 4487 info: 0.20s
2026-10-02 06:26:33,268 [DEBUG] yfinance OK: 4487
2026-10-02 06:26:33,451 [DEBUG] [TIME] 4487 income_stmt: 0.18s
2026-10-02 06:26:33,648 [DEBUG] [TIME] 4487 balance_sheet: 0.20s
2026-10-02 06:26:33,878 [DEBUG] [TIME] 4487 cashflow: 0.23s
2026-10-02 06:26:34,018 [DEBUG] [TIME] 4487 dividends: 0.14s
2026-10-02 06:26:34,018 [INFO] [DETAIL] 4487 スペースマーケット: income_stmt=OK, balance_sheet=OK, cashflow=OK, dividends=EMPTY
2026-10-02 06:26:34,018 [INFO] [TIME] 4487 スペースマーケット 処理時間: 0.95s
2026-10-02 06:26:36,134 [DEBUG] [TIME] 4488 info: 0.14s
2026-10-02 06:26:36,134 [DEBUG] yfinance OK: 4488
2026-10-02 06:26:36,389 [DEBUG] [TIME] 4488 income_stmt: 0.25s
2026-10-02 06:26:36,602 [DEBUG] [TIME] 4488 balance_sheet: 0.21s
2026-10-02 06:26:36,759 [DEBUG] [TIME] 4488 cashflow: 0.16s
2026-10-02 06:26:36,896 [DEBUG] [TIME] 4488 dividends: 0.14s
2026-10-02 06:26:36,896 [INFO] [DETAIL] 4488 ＡＩ　ｉｎｓｉｄｅ: income_stmt=OK, balance_sheet=OK, cashflow=OK, dividends=EMPTY
2026-10-02 06:26:36,896 [INFO] [TIME] 4488 ＡＩ　ｉｎｓｉｄｅ 処理時間: 0.90s
2026-10-02 06:26:38,218 [DEBUG] [TIME] 4490 info: 0.21s
2026-10-02 06:26:38,218 [DEBUG] yfinance OK: 4490
2026-10-02 06:26:38,360 [DEBUG] [TIME] 4490 income_stmt: 0.14s
2026-10-02 06:26:38,545 [DEBUG] [TIME] 4490 balance_sheet: 0.18s
2026-10-02 06:26:38,721 [DEBUG] [TIME] 4490 cashflow: 0.17s
2026-10-02 06:26:38,833 [DEBUG] [TIME] 4490 dividends: 0.11s
2026-10-02 06:26:38,833 [INFO] [DETAIL] 4490 ビザスク: income_stmt=OK, balance_sheet=OK, cashflow=OK, dividends=EMPTY
2026-10-02 06:26:38,833 [INFO] [TIME] 4490 ビザスク 処理時間: 0.83s
2026-10-02 06:26:40,194 [DEBUG] [TIME] 4491 info: 0.14s
2026-10-02 06:26:40,194 [DEBUG] yfinance OK: 4491
2026-10-02 06:26:40,339 [DEBUG] [TIME] 4491 income_stmt: 0.14s
2026-10-02 06:26:40,459 [DEBUG] [TIME] 4491 balance_sheet: 0.12s
2026-10-02 06:26:40,586 [DEBUG] [TIME] 4491 cashflow: 0.13s
2026-10-02 06:26:40,716 [DEBUG] [TIME] 4491 dividends: 0.13s
2026-10-02 06:26:40,717 [INFO] [DETAIL] 4491 コンピューターマネージメント: income_stmt=OK, balance_sheet=OK, cashflow=OK, dividends=OK
2026-10-02 06:26:40,717 [INFO] [TIME] 4491 コンピューターマネージメント 処理時間: 0.67s
2026-10-02 06:26:42,025 [DEBUG] [TIME] 4492 info: 0.25s
2026-10-02 06:26:42,025 [DEBUG] yfinance OK: 4492
2026-10-02 06:26:42,158 [DEBUG] [TIME] 4492 income_stmt: 0.13s
2026-10-02 06:26:42,303 [DEBUG] [TIME] 4492 balance_sheet: 0.14s
2026-10-02 06:26:42,438 [DEBUG] [TIME] 4492 cashflow: 0.13s
2026-10-02 06:26:42,561 [DEBUG] [TIME] 4492 dividends: 0.12s
2026-10-02 06:26:42,562 [INFO] [DETAIL] 4492 ゼネテック: income_stmt=OK, balance_sheet=OK, cashflow=OK, dividends=OK
2026-10-02 06:26:42,562 [INFO] [TIME] 4492 ゼネテック 処理時間: 0.78s
2026-10-02 06:26:43,782 [DEBUG] [TIME] 4493 info: 0.15s
2026-10-02 06:26:43,782 [DEBUG] yfinance OK: 4493
2026-10-02 06:26:43,998 [DEBUG] [TIME] 4493 income_stmt: 0.22s
2026-10-02 06:26:44,267 [DEBUG] [TIME] 4493 balance_sheet: 0.27s
2026-10-02 06:26:44,495 [DEBUG] [TIME] 4493 cashflow: 0.23s
2026-10-02 06:26:44,604 [DEBUG] [TIME] 4493 dividends: 0.11s
2026-10-02 06:26:44,605 [INFO] [DETAIL] 4493 サイバーセキュリティクラウド: income_stmt=OK, balance_sheet=OK, cashflow=OK, dividends=OK
2026-10-02 06:26:44,605 [INFO] [TIME] 4493 サイバーセキュリティクラウド 処理時間: 0.98s
2026-10-02 06:26:46,665 [DEBUG] [TIME] 4494 info: 0.25s
2026-10-02 06:26:46,665 [WARNING] yfinance データなし: 4494
2026-10-02 06:26:46,665 [INFO] [TIME] 4494 バリオセキュア 処理時間: 0.25s
2026-10-02 06:26:47,992 [DEBUG] [TIME] 4495 info: 0.15s
2026-10-02 06:26:47,992 [DEBUG] yfinance OK: 4495
2026-10-02 06:26:48,150 [DEBUG] [TIME] 4495 income_stmt: 0.16s
2026-10-02 06:26:48,385 [DEBUG] [TIME] 4495 balance_sheet: 0.23s
2026-10-02 06:26:48,670 [DEBUG] [TIME] 4495 cashflow: 0.28s
2026-10-02 06:26:48,788 [DEBUG] [TIME] 4495 dividends: 0.12s
2026-10-02 06:26:48,789 [INFO] [DETAIL] 4495 アイキューブドシステムズ: income_stmt=OK, balance_sheet=OK, cashflow=OK, dividends=OK
2026-10-02 06:26:48,790 [INFO] [TIME] 4495 アイキューブドシステムズ 処理時間: 0.95s
2026-10-02 06:26:50,345 [DEBUG] [TIME] 4496 info: 0.22s
2026-10-02 06:26:50,345 [DEBUG] yfinance OK: 4496
2026-10-02 06:26:50,549 [DEBUG] [TIME] 4496 income_stmt: 0.20s
2026-10-02 06:26:50,841 [DEBUG] [TIME] 4496 balance_sheet: 0.29s
2026-10-02 06:26:51,098 [DEBUG] [TIME] 4496 cashflow: 0.26s
2026-10-02 06:26:51,244 [DEBUG] [TIME] 4496 dividends: 0.15s
2026-10-02 06:26:51,244 [INFO] [DETAIL] 4496 コマースＯｎｅホールディングス: income_stmt=OK, balance_sheet=OK, cashflow=OK, dividends=OK
2026-10-02 06:26:51,245 [INFO] [TIME] 4496 コマースＯｎｅホールディングス 処理時間: 1.12s
2026-10-02 06:26:53,242 [DEBUG] [TIME] 4498 info: 0.17s
2026-10-02 06:26:53,242 [DEBUG] yfinance OK: 4498
2026-10-02 06:26:53,439 [DEBUG] [TIME] 4498 income_stmt: 0.20s
2026-10-02 06:26:53,737 [DEBUG] [TIME] 4498 balance_sheet: 0.30s
2026-10-02 06:26:53,902 [DEBUG] [TIME] 4498 cashflow: 0.16s
2026-10-02 06:26:54,028 [DEBUG] [TIME] 4498 dividends: 0.13s
2026-10-02 06:26:54,029 [INFO] [DETAIL] 4498 サイバートラスト: income_stmt=OK, balance_sheet=OK, cashflow=OK, dividends=OK
2026-10-02 06:26:54,029 [INFO] [TIME] 4498 サイバートラスト 処理時間: 0.95s
2026-10-02 06:26:56,146 [DEBUG] [TIME] 4499 info: 0.17s
2026-10-02 06:26:56,146 [DEBUG] yfinance OK: 4499
2026-10-02 06:26:56,273 [DEBUG] [TIME] 4499 income_stmt: 0.13s
2026-10-02 06:26:56,409 [DEBUG] [TIME] 4499 balance_sheet: 0.13s
2026-10-02 06:26:56,517 [DEBUG] [TIME] 4499 cashflow: 0.11s
2026-10-02 06:26:56,602 [DEBUG] [TIME] 4499 dividends: 0.08s
2026-10-02 06:26:56,602 [INFO] [DETAIL] 4499 Ｓｐｅｅｅ: income_stmt=OK, balance_sheet=OK, cashflow=OK, dividends=EMPTY
2026-10-02 06:26:56,602 [INFO] [TIME] 4499 Ｓｐｅｅｅ 処理時間: 0.63s
2026-10-02 06:26:58,709 [DEBUG] [TIME] 4502 info: 0.14s
2026-10-02 06:26:58,709 [DEBUG] yfinance OK: 4502
2026-10-02 06:26:58,850 [DEBUG] [TIME] 4502 income_stmt: 0.14s
2026-10-02 06:26:59,047 [DEBUG] [TIME] 4502 balance_sheet: 0.20s
2026-10-02 06:26:59,203 [DEBUG] [TIME] 4502 cashflow: 0.16s
2026-10-02 06:26:59,461 [DEBUG] [TIME] 4502 dividends: 0.26s
2026-10-02 06:26:59,462 [INFO] [DETAIL] 4502 武田薬品工業: income_stmt=OK, balance_sheet=OK, cashflow=OK, dividends=OK
2026-10-02 06:26:59,462 [INFO] [TIME] 4502 武田薬品工業 処理時間: 0.90s
2026-10-02 06:27:01,102 [DEBUG] [TIME] 4503 info: 0.17s
2026-10-02 06:27:01,102 [DEBUG] yfinance OK: 4503
2026-10-02 06:27:01,281 [DEBUG] [TIME] 4503 income_stmt: 0.18s
2026-10-02 06:27:01,447 [DEBUG] [TIME] 4503 balance_sheet: 0.17s
2026-10-02 06:27:01,699 [DEBUG] [TIME] 4503 cashflow: 0.25s
2026-10-02 06:27:01,989 [DEBUG] [TIME] 4503 dividends: 0.29s
2026-10-02 06:27:01,990 [INFO] [DETAIL] 4503 アステラス製薬: income_stmt=OK, balance_sheet=OK, cashflow=OK, dividends=OK
2026-10-02 06:27:01,990 [INFO] [TIME] 4503 アステラス製薬 処理時間: 1.06s
2026-10-02 06:27:04,013 [DEBUG] [TIME] 4506 info: 0.14s
2026-10-02 06:27:04,014 [DEBUG] yfinance OK: 4506
2026-10-02 06:27:04,181 [DEBUG] [TIME] 4506 income_stmt: 0.17s
2026-10-02 06:27:04,345 [DEBUG] [TIME] 4506 balance_sheet: 0.16s
2026-10-02 06:27:04,589 [DEBUG] [TIME] 4506 cashflow: 0.24s
2026-10-02 06:27:04,872 [DEBUG] [TIME] 4506 dividends: 0.28s
2026-10-02 06:27:04,873 [INFO] [DETAIL] 4506 住友ファーマ: income_stmt=OK, balance_sheet=OK, cashflow=OK, dividends=OK
2026-10-02 06:27:04,873 [INFO] [TIME] 4506 住友ファーマ 処理時間: 1.00s
2026-10-02 06:27:06,167 [DEBUG] [TIME] 4507 info: 0.16s
2026-10-02 06:27:06,167 [DEBUG] yfinance OK: 4507
2026-10-02 06:27:06,364 [DEBUG] [TIME] 4507 income_stmt: 0.20s
2026-10-02 06:27:06,625 [DEBUG] [TIME] 4507 balance_sheet: 0.26s
2026-10-02 06:27:06,832 [DEBUG] [TIME] 4507 cashflow: 0.21s
2026-10-02 06:27:07,137 [DEBUG] [TIME] 4507 dividends: 0.30s
2026-10-02 06:27:07,138 [INFO] [DETAIL] 4507 塩野義製薬: income_stmt=OK, balance_sheet=OK, cashflow=OK, dividends=OK
2026-10-02 06:27:07,138 [INFO] [TIME] 4507 塩野義製薬 処理時間: 1.13s
2026-10-02 06:27:09,277 [DEBUG] [TIME] 4512 info: 0.20s
2026-10-02 06:27:09,277 [DEBUG] yfinance OK: 4512
2026-10-02 06:27:09,477 [DEBUG] [TIME] 4512 income_stmt: 0.20s
2026-10-02 06:27:09,674 [DEBUG] [TIME] 4512 balance_sheet: 0.20s
2026-10-02 06:27:09,922 [DEBUG] [TIME] 4512 cashflow: 0.25s
2026-10-02 06:27:10,173 [DEBUG] [TIME] 4512 dividends: 0.25s
2026-10-02 06:27:10,174 [INFO] [DETAIL] 4512 わかもと製薬: income_stmt=OK, balance_sheet=OK, cashflow=OK, dividends=OK
2026-10-02 06:27:10,174 [INFO] [TIME] 4512 わかもと製薬 処理時間: 1.10s
2026-10-02 06:27:11,791 [DEBUG] [TIME] 4516 info: 0.13s
2026-10-02 06:27:11,791 [DEBUG] yfinance OK: 4516
2026-10-02 06:27:12,015 [DEBUG] [TIME] 4516 income_stmt: 0.22s
2026-10-02 06:27:12,194 [DEBUG] [TIME] 4516 balance_sheet: 0.18s
2026-10-02 06:27:12,327 [DEBUG] [TIME] 4516 cashflow: 0.13s
2026-10-02 06:27:12,630 [DEBUG] [TIME] 4516 dividends: 0.30s
2026-10-02 06:27:12,631 [INFO] [DETAIL] 4516 日本新薬: income_stmt=OK, balance_sheet=OK, cashflow=OK, dividends=OK
2026-10-02 06:27:12,631 [INFO] [TIME] 4516 日本新薬 処理時間: 0.97s
2026-10-02 06:27:14,495 [DEBUG] [TIME] 4519 info: 0.45s
2026-10-02 06:27:14,495 [DEBUG] yfinance OK: 4519
2026-10-02 06:27:14,696 [DEBUG] [TIME] 4519 income_stmt: 0.20s
2026-10-02 06:27:14,850 [DEBUG] [TIME] 4519 balance_sheet: 0.15s
2026-10-02 06:27:14,986 [DEBUG] [TIME] 4519 cashflow: 0.14s
2026-10-02 06:27:15,252 [DEBUG] [TIME] 4519 dividends: 0.27s
2026-10-02 06:27:15,253 [INFO] [DETAIL] 4519 中外製薬: income_stmt=OK, balance_sheet=OK, cashflow=OK, dividends=OK
2026-10-02 06:27:15,253 [INFO] [TIME] 4519 中外製薬 処理時間: 1.21s
2026-10-02 06:27:16,969 [DEBUG] [TIME] 4521 info: 0.14s
2026-10-02 06:27:16,969 [DEBUG] yfinance OK: 4521
2026-10-02 06:27:17,169 [DEBUG] [TIME] 4521 income_stmt: 0.20s
2026-10-02 06:27:17,436 [DEBUG] [TIME] 4521 balance_sheet: 0.27s
2026-10-02 06:27:17,610 [DEBUG] [TIME] 4521 cashflow: 0.17s
2026-10-02 06:27:17,881 [DEBUG] [TIME] 4521 dividends: 0.27s
2026-10-02 06:27:17,882 [INFO] [DETAIL] 4521 科研製薬: income_stmt=OK, balance_sheet=OK, cashflow=OK, dividends=OK
2026-10-02 06:27:17,882 [INFO] [TIME] 4521 科研製薬 処理時間: 1.05s
2026-10-02 06:27:19,968 [DEBUG] [TIME] 4523 info: 0.16s
2026-10-02 06:27:19,968 [DEBUG] yfinance OK: 4523
2026-10-02 06:27:20,247 [DEBUG] [TIME] 4523 income_stmt: 0.28s
2026-10-02 06:27:20,452 [DEBUG] [TIME] 4523 balance_sheet: 0.20s
2026-10-02 06:27:20,597 [DEBUG] [TIME] 4523 cashflow: 0.14s
2026-10-02 06:27:20,889 [DEBUG] [TIME] 4523 dividends: 0.29s
2026-10-02 06:27:20,890 [INFO] [DETAIL] 4523 エーザイ: income_stmt=OK, balance_sheet=OK, cashflow=OK, dividends=OK
2026-10-02 06:27:20,890 [INFO] [TIME] 4523 エーザイ 処理時間: 1.08s
2026-10-02 06:27:22,971 [DEBUG] [TIME] 4524 info: 0.16s
2026-10-02 06:27:22,971 [DEBUG] yfinance OK: 4524
2026-10-02 06:27:23,108 [DEBUG] [TIME] 4524 income_stmt: 0.14s
2026-10-02 06:27:23,324 [DEBUG] [TIME] 4524 balance_sheet: 0.22s
2026-10-02 06:27:23,464 [DEBUG] [TIME] 4524 cashflow: 0.14s
2026-10-02 06:27:23,736 [DEBUG] [TIME] 4524 dividends: 0.27s
2026-10-02 06:27:23,737 [INFO] [DETAIL] 4524 森下仁丹: income_stmt=OK, balance_sheet=OK, cashflow=OK, dividends=OK
2026-10-02 06:27:23,738 [INFO] [TIME] 4524 森下仁丹 処理時間: 0.93s
2026-10-02 06:27:25,529 [DEBUG] [TIME] 4526 info: 0.21s
2026-10-02 06:27:25,530 [DEBUG] yfinance OK: 4526
2026-10-02 06:27:25,658 [DEBUG] [TIME] 4526 income_stmt: 0.13s
2026-10-02 06:27:25,890 [DEBUG] [TIME] 4526 balance_sheet: 0.23s
2026-10-02 06:27:26,016 [DEBUG] [TIME] 4526 cashflow: 0.13s
2026-10-02 06:27:26,278 [DEBUG] [TIME] 4526 dividends: 0.26s
2026-10-02 06:27:26,280 [INFO] [DETAIL] 4526 理研ビタミン: income_stmt=OK, balance_sheet=OK, cashflow=OK, dividends=OK
2026-10-02 06:27:26,280 [INFO] [TIME] 4526 理研ビタミン 処理時間: 0.96s
2026-10-02 06:27:28,322 [DEBUG] [TIME] 4527 info: 0.15s
2026-10-02 06:27:28,322 [DEBUG] yfinance OK: 4527
2026-10-02 06:27:28,459 [DEBUG] [TIME] 4527 income_stmt: 0.14s
2026-10-02 06:27:28,740 [DEBUG] [TIME] 4527 balance_sheet: 0.28s
2026-10-02 06:27:28,998 [DEBUG] [TIME] 4527 cashflow: 0.26s
2026-10-02 06:27:29,214 [DEBUG] [TIME] 4527 dividends: 0.21s
2026-10-02 06:27:29,215 [INFO] [DETAIL] 4527 ロート製薬: income_stmt=OK, balance_sheet=OK, cashflow=OK, dividends=OK
2026-10-02 06:27:29,215 [INFO] [TIME] 4527 ロート製薬 処理時間: 1.04s
2026-10-02 06:27:31,023 [DEBUG] [TIME] 4528 info: 0.15s
2026-10-02 06:27:31,023 [DEBUG] yfinance OK: 4528
2026-10-02 06:27:31,146 [DEBUG] [TIME] 4528 income_stmt: 0.12s
2026-10-02 06:27:31,420 [DEBUG] [TIME] 4528 balance_sheet: 0.27s
2026-10-02 06:27:31,675 [DEBUG] [TIME] 4528 cashflow: 0.25s
2026-10-02 06:27:31,953 [DEBUG] [TIME] 4528 dividends: 0.28s
2026-10-02 06:27:31,954 [INFO] [DETAIL] 4528 小野薬品工業: income_stmt=OK, balance_sheet=OK, cashflow=OK, dividends=OK
2026-10-02 06:27:31,954 [INFO] [TIME] 4528 小野薬品工業 処理時間: 1.08s
2026-10-02 06:27:34,049 [DEBUG] [TIME] 4531 info: 0.17s
2026-10-02 06:27:34,049 [DEBUG] yfinance OK: 4531
2026-10-02 06:27:34,262 [DEBUG] [TIME] 4531 income_stmt: 0.21s
2026-10-02 06:27:34,466 [DEBUG] [TIME] 4531 balance_sheet: 0.20s
2026-10-02 06:27:34,600 [DEBUG] [TIME] 4531 cashflow: 0.13s
2026-10-02 06:27:34,850 [DEBUG] [TIME] 4531 dividends: 0.25s
2026-10-02 06:27:34,851 [INFO] [DETAIL] 4531 有機合成薬品工業: income_stmt=OK, balance_sheet=OK, cashflow=OK, dividends=OK
2026-10-02 06:27:34,851 [INFO] [TIME] 4531 有機合成薬品工業 処理時間: 0.97s
2026-10-02 06:27:36,406 [DEBUG] [TIME] 4534 info: 0.14s
2026-10-02 06:27:36,407 [DEBUG] yfinance OK: 4534
2026-10-02 06:27:36,618 [DEBUG] [TIME] 4534 income_stmt: 0.21s
2026-10-02 06:27:36,805 [DEBUG] [TIME] 4534 balance_sheet: 0.19s
2026-10-02 06:27:36,990 [DEBUG] [TIME] 4534 cashflow: 0.18s
2026-10-02 06:27:37,239 [DEBUG] [TIME] 4534 dividends: 0.25s
2026-10-02 06:27:37,240 [INFO] [DETAIL] 4534 持田製薬: income_stmt=OK, balance_sheet=OK, cashflow=OK, dividends=OK
2026-10-02 06:27:37,240 [INFO] [TIME] 4534 持田製薬 処理時間: 0.97s
2026-10-02 06:27:38,538 [DEBUG] [TIME] 4536 info: 0.16s
2026-10-02 06:27:38,538 [DEBUG] yfinance OK: 4536
2026-10-02 06:27:38,678 [DEBUG] [TIME] 4536 income_stmt: 0.14s
2026-10-02 06:27:38,820 [DEBUG] [TIME] 4536 balance_sheet: 0.14s
2026-10-02 06:27:39,046 [DEBUG] [TIME] 4536 cashflow: 0.23s
2026-10-02 06:27:39,328 [DEBUG] [TIME] 4536 dividends: 0.28s
2026-10-02 06:27:39,329 [INFO] [DETAIL] 4536 参天製薬: income_stmt=OK, balance_sheet=OK, cashflow=OK, dividends=OK
2026-10-02 06:27:39,330 [INFO] [TIME] 4536 参天製薬 処理時間: 0.95s
2026-10-02 06:27:40,780 [DEBUG] [TIME] 4538 info: 0.13s
2026-10-02 06:27:40,780 [DEBUG] yfinance OK: 4538
2026-10-02 06:27:40,904 [DEBUG] [TIME] 4538 income_stmt: 0.12s
2026-10-02 06:27:41,219 [DEBUG] [TIME] 4538 balance_sheet: 0.32s
2026-10-02 06:27:41,439 [DEBUG] [TIME] 4538 cashflow: 0.22s
2026-10-02 06:27:41,737 [DEBUG] [TIME] 4538 dividends: 0.30s
2026-10-02 06:27:41,739 [INFO] [DETAIL] 4538 扶桑薬品工業: income_stmt=OK, balance_sheet=OK, cashflow=OK, dividends=OK
2026-10-02 06:27:41,739 [INFO] [TIME] 4538 扶桑薬品工業 処理時間: 1.09s
2026-10-02 06:27:43,009 [DEBUG] [TIME] 4539 info: 0.16s
2026-10-02 06:27:43,009 [DEBUG] yfinance OK: 4539
2026-10-02 06:27:43,223 [DEBUG] [TIME] 4539 income_stmt: 0.21s
2026-10-02 06:27:43,501 [DEBUG] [TIME] 4539 balance_sheet: 0.28s
2026-10-02 06:27:43,665 [DEBUG] [TIME] 4539 cashflow: 0.16s
2026-10-02 06:27:43,901 [DEBUG] [TIME] 4539 dividends: 0.24s
2026-10-02 06:27:43,902 [INFO] [DETAIL] 4539 日本ケミファ: income_stmt=OK, balance_sheet=OK, cashflow=OK, dividends=OK
2026-10-02 06:27:43,902 [INFO] [TIME] 4539 日本ケミファ 処理時間: 1.05s
2026-10-02 06:27:46,034 [DEBUG] [TIME] 4540 info: 0.14s
2026-10-02 06:27:46,034 [DEBUG] yfinance OK: 4540
2026-10-02 06:27:46,261 [DEBUG] [TIME] 4540 income_stmt: 0.23s
2026-10-02 06:27:46,465 [DEBUG] [TIME] 4540 balance_sheet: 0.20s
2026-10-02 06:27:46,748 [DEBUG] [TIME] 4540 cashflow: 0.28s
2026-10-02 06:27:46,971 [DEBUG] [TIME] 4540 dividends: 0.22s
2026-10-02 06:27:46,972 [INFO] [DETAIL] 4540 ツムラ: income_stmt=OK, balance_sheet=OK, cashflow=OK, dividends=OK
2026-10-02 06:27:46,973 [INFO] [TIME] 4540 ツムラ 処理時間: 1.08s
2026-10-02 06:27:48,699 [DEBUG] [TIME] 4543 info: 0.14s
2026-10-02 06:27:48,699 [DEBUG] yfinance OK: 4543
2026-10-02 06:27:48,819 [DEBUG] [TIME] 4543 income_stmt: 0.12s
2026-10-02 06:27:49,120 [DEBUG] [TIME] 4543 balance_sheet: 0.30s
2026-10-02 06:27:49,338 [DEBUG] [TIME] 4543 cashflow: 0.22s
2026-10-02 06:27:49,582 [DEBUG] [TIME] 4543 dividends: 0.24s
2026-10-02 06:27:49,583 [INFO] [DETAIL] 4543 テルモ: income_stmt=OK, balance_sheet=OK, cashflow=OK, dividends=OK
2026-10-02 06:27:49,583 [INFO] [TIME] 4543 テルモ 処理時間: 1.03s
2026-10-02 06:27:51,111 [DEBUG] [TIME] 4544 info: 0.19s
2026-10-02 06:27:51,111 [DEBUG] yfinance OK: 4544
2026-10-02 06:27:51,235 [DEBUG] [TIME] 4544 income_stmt: 0.12s
2026-10-02 06:27:51,396 [DEBUG] [TIME] 4544 balance_sheet: 0.16s
2026-10-02 06:27:51,570 [DEBUG] [TIME] 4544 cashflow: 0.17s
2026-10-02 06:27:51,846 [DEBUG] [TIME] 4544 dividends: 0.28s
2026-10-02 06:27:51,848 [INFO] [DETAIL] 4544 Ｈ．Ｕ．グループホールディングス: income_stmt=OK, balance_sheet=OK, cashflow=OK, dividends=OK
2026-10-02 06:27:51,848 [INFO] [TIME] 4544 Ｈ．Ｕ．グループホールディングス 処理時間: 0.92s
2026-10-02 06:27:53,664 [DEBUG] [TIME] 4547 info: 0.18s
2026-10-02 06:27:53,664 [DEBUG] yfinance OK: 4547
2026-10-02 06:27:53,827 [DEBUG] [TIME] 4547 income_stmt: 0.16s
2026-10-02 06:27:53,980 [DEBUG] [TIME] 4547 balance_sheet: 0.15s
2026-10-02 06:27:54,206 [DEBUG] [TIME] 4547 cashflow: 0.23s
2026-10-02 06:27:54,463 [DEBUG] [TIME] 4547 dividends: 0.26s
2026-10-02 06:27:54,464 [INFO] [DETAIL] 4547 キッセイ薬品工業: income_stmt=OK, balance_sheet=OK, cashflow=OK, dividends=OK
2026-10-02 06:27:54,464 [INFO] [TIME] 4547 キッセイ薬品工業 処理時間: 0.98s
2026-10-02 06:27:55,749 [DEBUG] [TIME] 4548 info: 0.14s
2026-10-02 06:27:55,750 [DEBUG] yfinance OK: 4548
2026-10-02 06:27:55,919 [DEBUG] [TIME] 4548 income_stmt: 0.17s
2026-10-02 06:27:56,162 [DEBUG] [TIME] 4548 balance_sheet: 0.24s
2026-10-02 06:27:56,319 [DEBUG] [TIME] 4548 cashflow: 0.16s
2026-10-02 06:27:56,563 [DEBUG] [TIME] 4548 dividends: 0.24s
2026-10-02 06:27:56,564 [INFO] [DETAIL] 4548 生化学工業: income_stmt=OK, balance_sheet=OK, cashflow=OK, dividends=OK
2026-10-02 06:27:56,564 [INFO] [TIME] 4548 生化学工業 処理時間: 0.95s
2026-10-02 06:27:58,504 [DEBUG] [TIME] 4549 info: 0.17s
2026-10-02 06:27:58,504 [DEBUG] yfinance OK: 4549
2026-10-02 06:27:58,734 [DEBUG] [TIME] 4549 income_stmt: 0.23s
2026-10-02 06:27:58,890 [DEBUG] [TIME] 4549 balance_sheet: 0.16s
2026-10-02 06:27:59,052 [DEBUG] [TIME] 4549 cashflow: 0.16s
2026-10-02 06:27:59,346 [DEBUG] [TIME] 4549 dividends: 0.29s
2026-10-02 06:27:59,347 [INFO] [DETAIL] 4549 栄研化学: income_stmt=OK, balance_sheet=OK, cashflow=OK, dividends=OK
2026-10-02 06:27:59,347 [INFO] [TIME] 4549 栄研化学 処理時間: 1.01s
2026-10-02 06:28:01,349 [DEBUG] [TIME] 4552 info: 0.15s
2026-10-02 06:28:01,349 [DEBUG] yfinance OK: 4552
2026-10-02 06:28:01,504 [DEBUG] [TIME] 4552 income_stmt: 0.16s
2026-10-02 06:28:01,813 [DEBUG] [TIME] 4552 balance_sheet: 0.31s
2026-10-02 06:28:01,956 [DEBUG] [TIME] 4552 cashflow: 0.14s
2026-10-02 06:28:02,195 [DEBUG] [TIME] 4552 dividends: 0.24s
2026-10-02 06:28:02,196 [INFO] [DETAIL] 4552 ＪＣＲファーマ: income_stmt=OK, balance_sheet=OK, cashflow=OK, dividends=OK
2026-10-02 06:28:02,196 [INFO] [TIME] 4552 ＪＣＲファーマ 処理時間: 1.00s
2026-10-02 06:28:03,409 [DEBUG] [TIME] 4553 info: 0.18s
2026-10-02 06:28:03,409 [DEBUG] yfinance OK: 4553
2026-10-02 06:28:03,586 [DEBUG] [TIME] 4553 income_stmt: 0.18s
2026-10-02 06:28:03,840 [DEBUG] [TIME] 4553 balance_sheet: 0.25s
2026-10-02 06:28:04,050 [DEBUG] [TIME] 4553 cashflow: 0.21s
2026-10-02 06:28:04,336 [DEBUG] [TIME] 4553 dividends: 0.29s
2026-10-02 06:28:04,337 [INFO] [DETAIL] 4553 東和薬品: income_stmt=OK, balance_sheet=OK, cashflow=OK, dividends=OK
2026-10-02 06:28:04,337 [INFO] [TIME] 4553 東和薬品 処理時間: 1.11s
2026-10-02 06:28:06,075 [DEBUG] [TIME] 4554 info: 0.17s
2026-10-02 06:28:06,075 [DEBUG] yfinance OK: 4554
2026-10-02 06:28:06,217 [DEBUG] [TIME] 4554 income_stmt: 0.14s
2026-10-02 06:28:06,404 [DEBUG] [TIME] 4554 balance_sheet: 0.19s
2026-10-02 06:28:06,620 [DEBUG] [TIME] 4554 cashflow: 0.22s
2026-10-02 06:28:06,846 [DEBUG] [TIME] 4554 dividends: 0.23s
2026-10-02 06:28:06,847 [INFO] [DETAIL] 4554 富士製薬工業: income_stmt=OK, balance_sheet=OK, cashflow=OK, dividends=OK
2026-10-02 06:28:06,847 [INFO] [TIME] 4554 富士製薬工業 処理時間: 0.94s
2026-10-02 06:28:08,161 [DEBUG] [TIME] 4556 info: 0.29s
2026-10-02 06:28:08,161 [WARNING] yfinance データなし: 4556
2026-10-02 06:28:08,161 [INFO] [TIME] 4556 カイノス 処理時間: 0.29s
2026-10-02 06:28:09,555 [DEBUG] [TIME] 4558 info: 0.28s
2026-10-02 06:28:09,555 [DEBUG] yfinance OK: 4558
2026-10-02 06:28:09,755 [DEBUG] [TIME] 4558 income_stmt: 0.20s
2026-10-02 06:28:10,020 [DEBUG] [TIME] 4558 balance_sheet: 0.26s
2026-10-02 06:28:10,261 [DEBUG] [TIME] 4558 cashflow: 0.24s
2026-10-02 06:28:10,522 [DEBUG] [TIME] 4558 dividends: 0.26s
2026-10-02 06:28:10,523 [INFO] [DETAIL] 4558 中京医薬品: income_stmt=OK, balance_sheet=OK, cashflow=OK, dividends=OK
2026-10-02 06:28:10,523 [INFO] [TIME] 4558 中京医薬品 処理時間: 1.25s
2026-10-02 06:28:12,345 [DEBUG] [TIME] 4559 info: 0.18s
2026-10-02 06:28:12,345 [DEBUG] yfinance OK: 4559
2026-10-02 06:28:12,483 [DEBUG] [TIME] 4559 income_stmt: 0.14s
2026-10-02 06:28:12,736 [DEBUG] [TIME] 4559 balance_sheet: 0.25s
2026-10-02 06:28:12,962 [DEBUG] [TIME] 4559 cashflow: 0.23s
2026-10-02 06:28:13,199 [DEBUG] [TIME] 4559 dividends: 0.24s
2026-10-02 06:28:13,200 [INFO] [DETAIL] 4559 ゼリア新薬工業: income_stmt=OK, balance_sheet=OK, cashflow=OK, dividends=OK
2026-10-02 06:28:13,200 [INFO] [TIME] 4559 ゼリア新薬工業 処理時間: 1.03s
2026-10-02 06:28:14,553 [DEBUG] [TIME] 4563 info: 0.16s
2026-10-02 06:28:14,553 [DEBUG] yfinance OK: 4563
2026-10-02 06:28:14,681 [DEBUG] [TIME] 4563 income_stmt: 0.13s
2026-10-02 06:28:14,844 [DEBUG] [TIME] 4563 balance_sheet: 0.16s
2026-10-02 06:28:14,985 [DEBUG] [TIME] 4563 cashflow: 0.14s
2026-10-02 06:28:15,169 [DEBUG] [TIME] 4563 dividends: 0.18s
2026-10-02 06:28:15,169 [INFO] [DETAIL] 4563 アンジェス: income_stmt=OK, balance_sheet=OK, cashflow=OK, dividends=EMPTY
2026-10-02 06:28:15,169 [INFO] [TIME] 4563 アンジェス 処理時間: 0.78s
2026-10-02 06:28:17,273 [DEBUG] [TIME] 4564 info: 0.19s
2026-10-02 06:28:17,273 [DEBUG] yfinance OK: 4564
2026-10-02 06:28:17,445 [DEBUG] [TIME] 4564 income_stmt: 0.17s
2026-10-02 06:28:17,733 [DEBUG] [TIME] 4564 balance_sheet: 0.29s
2026-10-02 06:28:17,911 [DEBUG] [TIME] 4564 cashflow: 0.18s
2026-10-02 06:28:18,078 [DEBUG] [TIME] 4564 dividends: 0.17s
2026-10-02 06:28:18,078 [INFO] [DETAIL] 4564 オンコセラピー・サイエンス: income_stmt=OK, balance_sheet=OK, cashflow=OK, dividends=EMPTY
2026-10-02 06:28:18,078 [INFO] [TIME] 4564 オンコセラピー・サイエンス 処理時間: 0.99s
2026-10-02 06:28:20,089 [DEBUG] [TIME] 4565 info: 0.20s
2026-10-02 06:28:20,089 [DEBUG] yfinance OK: 4565
2026-10-02 06:28:20,207 [DEBUG] [TIME] 4565 income_stmt: 0.12s
2026-10-02 06:28:20,473 [DEBUG] [TIME] 4565 balance_sheet: 0.27s
2026-10-02 06:28:20,661 [DEBUG] [TIME] 4565 cashflow: 0.19s
2026-10-02 06:28:20,882 [DEBUG] [TIME] 4565 dividends: 0.22s
2026-10-02 06:28:20,883 [INFO] [DETAIL] 4565 ネクセラファーマ: income_stmt=OK, balance_sheet=OK, cashflow=OK, dividends=OK
2026-10-02 06:28:20,883 [INFO] [TIME] 4565 ネクセラファーマ 処理時間: 0.99s
2026-10-02 06:28:22,268 [DEBUG] [TIME] 4568 info: 0.23s
2026-10-02 06:28:22,269 [DEBUG] yfinance OK: 4568
2026-10-02 06:28:22,418 [DEBUG] [TIME] 4568 income_stmt: 0.15s
2026-10-02 06:28:22,699 [DEBUG] [TIME] 4568 balance_sheet: 0.28s
2026-10-02 06:28:22,921 [DEBUG] [TIME] 4568 cashflow: 0.22s
2026-10-02 06:28:23,184 [DEBUG] [TIME] 4568 dividends: 0.26s
2026-10-02 06:28:23,185 [INFO] [DETAIL] 4568 第一三共: income_stmt=OK, balance_sheet=OK, cashflow=OK, dividends=OK
2026-10-02 06:28:23,185 [INFO] [TIME] 4568 第一三共 処理時間: 1.15s
2026-10-02 06:28:24,499 [DEBUG] [TIME] 4569 info: 0.15s
2026-10-02 06:28:24,499 [DEBUG] yfinance OK: 4569
2026-10-02 06:28:24,641 [DEBUG] [TIME] 4569 income_stmt: 0.14s
2026-10-02 06:28:24,833 [DEBUG] [TIME] 4569 balance_sheet: 0.19s
2026-10-02 06:28:25,063 [DEBUG] [TIME] 4569 cashflow: 0.23s
2026-10-02 06:28:25,308 [DEBUG] [TIME] 4569 dividends: 0.24s
2026-10-02 06:28:25,309 [INFO] [DETAIL] 4569 杏林製薬: income_stmt=OK, balance_sheet=OK, cashflow=OK, dividends=OK
2026-10-02 06:28:25,309 [INFO] [TIME] 4569 杏林製薬 処理時間: 0.96s
2026-10-02 06:28:26,888 [DEBUG] [TIME] 456A info: 0.17s
2026-10-02 06:28:26,888 [DEBUG] yfinance OK: 456A
2026-10-02 06:28:27,000 [DEBUG] [TIME] 456A income_stmt: 0.11s
2026-10-02 06:28:27,259 [DEBUG] [TIME] 456A balance_sheet: 0.26s
2026-10-02 06:28:27,470 [DEBUG] [TIME] 456A cashflow: 0.21s
2026-10-02 06:28:27,563 [DEBUG] [TIME] 456A dividends: 0.09s
2026-10-02 06:28:27,563 [INFO] [DETAIL] 456A ＨＵＭＡＮ　ＭＡＤＥ: income_stmt=OK, balance_sheet=OK, cashflow=OK, dividends=EMPTY
2026-10-02 06:28:27,563 [INFO] [TIME] 456A ＨＵＭＡＮ　ＭＡＤＥ 処理時間: 0.85s
2026-10-02 06:28:29,367 [DEBUG] [TIME] 4570 info: 0.22s
2026-10-02 06:28:29,367 [DEBUG] yfinance OK: 4570
2026-10-02 06:28:29,607 [DEBUG] [TIME] 4570 income_stmt: 0.24s
2026-10-02 06:28:29,874 [DEBUG] [TIME] 4570 balance_sheet: 0.27s
2026-10-02 06:28:30,054 [DEBUG] [TIME] 4570 cashflow: 0.18s
2026-10-02 06:28:30,243 [DEBUG] [TIME] 4570 dividends: 0.19s
2026-10-02 06:28:30,244 [INFO] [DETAIL] 4570 免疫生物研究所: income_stmt=OK, balance_sheet=OK, cashflow=OK, dividends=OK
2026-10-02 06:28:30,244 [INFO] [TIME] 4570 免疫生物研究所 処理時間: 1.09s
2026-10-02 06:28:31,962 [DEBUG] [TIME] 4571 info: 0.14s
2026-10-02 06:28:31,963 [DEBUG] yfinance OK: 4571
2026-10-02 06:28:32,094 [DEBUG] [TIME] 4571 income_stmt: 0.13s
2026-10-02 06:28:32,261 [DEBUG] [TIME] 4571 balance_sheet: 0.17s
2026-10-02 06:28:32,378 [DEBUG] [TIME] 4571 cashflow: 0.12s
2026-10-02 06:28:32,532 [DEBUG] [TIME] 4571 dividends: 0.15s
2026-10-02 06:28:32,532 [INFO] [DETAIL] 4571 ＮＡＮＯホールディングス: income_stmt=OK, balance_sheet=OK, cashflow=OK, dividends=EMPTY
2026-10-02 06:28:32,532 [INFO] [TIME] 4571 ＮＡＮＯホールディングス 処理時間: 0.71s
2026-10-02 06:28:34,340 [DEBUG] [TIME] 4572 info: 0.14s
2026-10-02 06:28:34,340 [DEBUG] yfinance OK: 4572
2026-10-02 06:28:34,505 [DEBUG] [TIME] 4572 income_stmt: 0.17s
2026-10-02 06:28:34,674 [DEBUG] [TIME] 4572 balance_sheet: 0.17s
2026-10-02 06:28:34,938 [DEBUG] [TIME] 4572 cashflow: 0.26s
2026-10-02 06:28:35,131 [DEBUG] [TIME] 4572 dividends: 0.19s
2026-10-02 06:28:35,131 [INFO] [DETAIL] 4572 カルナバイオサイエンス: income_stmt=OK, balance_sheet=OK, cashflow=OK, dividends=EMPTY
2026-10-02 06:28:35,131 [INFO] [TIME] 4572 カルナバイオサイエンス 処理時間: 0.94s
2026-10-02 06:28:36,609 [DEBUG] [TIME] 4574 info: 0.14s
2026-10-02 06:28:36,609 [DEBUG] yfinance OK: 4574
2026-10-02 06:28:36,790 [DEBUG] [TIME] 4574 income_stmt: 0.18s
2026-10-02 06:28:36,983 [DEBUG] [TIME] 4574 balance_sheet: 0.19s
2026-10-02 06:28:37,146 [DEBUG] [TIME] 4574 cashflow: 0.16s
2026-10-02 06:28:37,378 [DEBUG] [TIME] 4574 dividends: 0.23s
2026-10-02 06:28:37,379 [INFO] [DETAIL] 4574 大幸薬品: income_stmt=OK, balance_sheet=OK, cashflow=OK, dividends=OK
2026-10-02 06:28:37,379 [INFO] [TIME] 4574 大幸薬品 処理時間: 0.91s
2026-10-02 06:28:39,469 [DEBUG] [TIME] 4575 info: 0.15s
2026-10-02 06:28:39,469 [DEBUG] yfinance OK: 4575
2026-10-02 06:28:39,629 [DEBUG] [TIME] 4575 income_stmt: 0.16s
2026-10-02 06:28:39,859 [DEBUG] [TIME] 4575 balance_sheet: 0.23s
2026-10-02 06:28:40,101 [DEBUG] [TIME] 4575 cashflow: 0.24s
2026-10-02 06:28:40,282 [DEBUG] [TIME] 4575 dividends: 0.18s
2026-10-02 06:28:40,282 [INFO] [DETAIL] 4575 キャンバス: income_stmt=OK, balance_sheet=OK, cashflow=OK, dividends=EMPTY
2026-10-02 06:28:40,282 [INFO] [TIME] 4575 キャンバス 処理時間: 0.97s
2026-10-02 06:28:41,541 [DEBUG] [TIME] 4576 info: 0.14s
2026-10-02 06:28:41,542 [DEBUG] yfinance OK: 4576
2026-10-02 06:28:41,678 [DEBUG] [TIME] 4576 income_stmt: 0.14s
2026-10-02 06:28:41,959 [DEBUG] [TIME] 4576 balance_sheet: 0.28s
2026-10-02 06:28:42,105 [DEBUG] [TIME] 4576 cashflow: 0.15s
2026-10-02 06:28:42,279 [DEBUG] [TIME] 4576 dividends: 0.17s
2026-10-02 06:28:42,279 [INFO] [DETAIL] 4576 デ・ウエスタン・セラピテクス研究所: income_stmt=OK, balance_sheet=OK, cashflow=OK, dividends=EMPTY
2026-10-02 06:28:42,279 [INFO] [TIME] 4576 デ・ウエスタン・セラピテクス研究所 処理時間: 0.88s
2026-10-02 06:28:44,133 [DEBUG] [TIME] 4577 info: 0.16s
2026-10-02 06:28:44,133 [DEBUG] yfinance OK: 4577
2026-10-02 06:28:44,371 [DEBUG] [TIME] 4577 income_stmt: 0.24s
2026-10-02 06:28:44,637 [DEBUG] [TIME] 4577 balance_sheet: 0.27s
2026-10-02 06:28:44,784 [DEBUG] [TIME] 4577 cashflow: 0.15s
2026-10-02 06:28:45,012 [DEBUG] [TIME] 4577 dividends: 0.23s
2026-10-02 06:28:45,013 [INFO] [DETAIL] 4577 ダイト: income_stmt=OK, balance_sheet=OK, cashflow=OK, dividends=OK
2026-10-02 06:28:45,013 [INFO] [TIME] 4577 ダイト 処理時間: 1.04s
2026-10-02 06:28:46,902 [DEBUG] [TIME] 4578 info: 0.18s
2026-10-02 06:28:46,902 [DEBUG] yfinance OK: 4578
2026-10-02 06:28:47,055 [DEBUG] [TIME] 4578 income_stmt: 0.15s
2026-10-02 06:28:47,299 [DEBUG] [TIME] 4578 balance_sheet: 0.24s
2026-10-02 06:28:47,518 [DEBUG] [TIME] 4578 cashflow: 0.22s
2026-10-02 06:28:47,714 [DEBUG] [TIME] 4578 dividends: 0.20s
2026-10-02 06:28:47,715 [INFO] [DETAIL] 4578 大塚ホールディングス: income_stmt=OK, balance_sheet=OK, cashflow=OK, dividends=OK
2026-10-02 06:28:47,716 [INFO] [TIME] 4578 大塚ホールディングス 処理時間: 0.99s
2026-10-02 06:28:49,703 [DEBUG] [TIME] 4579 info: 0.18s
2026-10-02 06:28:49,704 [DEBUG] yfinance OK: 4579
2026-10-02 06:28:49,851 [DEBUG] [TIME] 4579 income_stmt: 0.15s
2026-10-02 06:28:50,062 [DEBUG] [TIME] 4579 balance_sheet: 0.21s
2026-10-02 06:28:50,206 [DEBUG] [TIME] 4579 cashflow: 0.14s
2026-10-02 06:28:50,361 [DEBUG] [TIME] 4579 dividends: 0.15s
2026-10-02 06:28:50,361 [INFO] [DETAIL] 4579 ラクオリア創薬: income_stmt=OK, balance_sheet=OK, cashflow=OK, dividends=EMPTY
2026-10-02 06:28:50,361 [INFO] [TIME] 4579 ラクオリア創薬 処理時間: 0.84s
2026-10-02 06:28:52,005 [DEBUG] [TIME] 4582 info: 0.14s
2026-10-02 06:28:52,005 [DEBUG] yfinance OK: 4582
2026-10-02 06:28:52,169 [DEBUG] [TIME] 4582 income_stmt: 0.16s
2026-10-02 06:28:52,477 [DEBUG] [TIME] 4582 balance_sheet: 0.31s
2026-10-02 06:28:52,708 [DEBUG] [TIME] 4582 cashflow: 0.23s
2026-10-02 06:28:52,847 [DEBUG] [TIME] 4582 dividends: 0.14s
2026-10-02 06:28:52,847 [INFO] [DETAIL] 4582 シンバイオ製薬: income_stmt=OK, balance_sheet=OK, cashflow=OK, dividends=EMPTY
2026-10-02 06:28:52,847 [INFO] [TIME] 4582 シンバイオ製薬 処理時間: 0.99s
2026-10-02 06:28:54,183 [DEBUG] [TIME] 4583 info: 0.15s
2026-10-02 06:28:54,184 [DEBUG] yfinance OK: 4583
2026-10-02 06:28:54,336 [DEBUG] [TIME] 4583 income_stmt: 0.15s
2026-10-02 06:28:54,581 [DEBUG] [TIME] 4583 balance_sheet: 0.25s
2026-10-02 06:28:54,788 [DEBUG] [TIME] 4583 cashflow: 0.21s
2026-10-02 06:28:54,980 [DEBUG] [TIME] 4583 dividends: 0.19s
2026-10-02 06:28:54,980 [INFO] [DETAIL] 4583 カイオム・バイオサイエンス: income_stmt=OK, balance_sheet=OK, cashflow=OK, dividends=EMPTY
2026-10-02 06:28:54,981 [INFO] [TIME] 4583 カイオム・バイオサイエンス 処理時間: 0.94s
2026-10-02 06:28:56,368 [DEBUG] [TIME] 4584 info: 0.17s
2026-10-02 06:28:56,368 [DEBUG] yfinance OK: 4584
2026-10-02 06:28:56,499 [DEBUG] [TIME] 4584 income_stmt: 0.13s
2026-10-02 06:28:56,657 [DEBUG] [TIME] 4584 balance_sheet: 0.16s
2026-10-02 06:28:56,824 [DEBUG] [TIME] 4584 cashflow: 0.17s
2026-10-02 06:28:56,942 [DEBUG] [TIME] 4584 dividends: 0.12s
2026-10-02 06:28:56,942 [INFO] [DETAIL] 4584 キッズウェル・バイオ: income_stmt=OK, balance_sheet=OK, cashflow=OK, dividends=EMPTY
2026-10-02 06:28:56,942 [INFO] [TIME] 4584 キッズウェル・バイオ 処理時間: 0.75s
2026-10-02 06:28:59,047 [DEBUG] [TIME] 4586 info: 0.15s
2026-10-02 06:28:59,047 [DEBUG] yfinance OK: 4586
2026-10-02 06:28:59,256 [DEBUG] [TIME] 4586 income_stmt: 0.21s
2026-10-02 06:28:59,419 [DEBUG] [TIME] 4586 balance_sheet: 0.16s
2026-10-02 06:28:59,533 [DEBUG] [TIME] 4586 cashflow: 0.11s
2026-10-02 06:28:59,639 [DEBUG] [TIME] 4586 dividends: 0.11s
2026-10-02 06:28:59,639 [INFO] [DETAIL] 4586 メドレックス: income_stmt=OK, balance_sheet=OK, cashflow=OK, dividends=EMPTY
2026-10-02 06:28:59,639 [INFO] [TIME] 4586 メドレックス 処理時間: 0.74s
2026-10-02 06:29:01,707 [DEBUG] [TIME] 4587 info: 0.14s
2026-10-02 06:29:01,707 [DEBUG] yfinance OK: 4587
2026-10-02 06:29:01,858 [DEBUG] [TIME] 4587 income_stmt: 0.15s
2026-10-02 06:29:02,127 [DEBUG] [TIME] 4587 balance_sheet: 0.27s
2026-10-02 06:29:02,346 [DEBUG] [TIME] 4587 cashflow: 0.22s
2026-10-02 06:29:02,620 [DEBUG] [TIME] 4587 dividends: 0.27s
2026-10-02 06:29:02,620 [INFO] [DETAIL] 4587 ペプチドリーム: income_stmt=OK, balance_sheet=OK, cashflow=OK, dividends=EMPTY
2026-10-02 06:29:02,620 [INFO] [TIME] 4587 ペプチドリーム 処理時間: 1.05s
2026-10-02 06:29:04,497 [DEBUG] [TIME] 4588 info: 0.13s
2026-10-02 06:29:04,497 [DEBUG] yfinance OK: 4588
2026-10-02 06:29:04,695 [DEBUG] [TIME] 4588 income_stmt: 0.20s
2026-10-02 06:29:04,993 [DEBUG] [TIME] 4588 balance_sheet: 0.30s
2026-10-02 06:29:05,126 [DEBUG] [TIME] 4588 cashflow: 0.13s
2026-10-02 06:29:05,283 [DEBUG] [TIME] 4588 dividends: 0.16s
2026-10-02 06:29:05,283 [INFO] [DETAIL] 4588 オンコリスバイオファーマ: income_stmt=OK, balance_sheet=OK, cashflow=OK, dividends=EMPTY
2026-10-02 06:29:05,283 [INFO] [TIME] 4588 オンコリスバイオファーマ 処理時間: 0.92s
2026-10-02 06:29:06,901 [DEBUG] [TIME] 4591 info: 0.16s
2026-10-02 06:29:06,901 [DEBUG] yfinance OK: 4591
2026-10-02 06:29:07,016 [DEBUG] [TIME] 4591 income_stmt: 0.12s
2026-10-02 06:29:07,180 [DEBUG] [TIME] 4591 balance_sheet: 0.16s
2026-10-02 06:29:07,324 [DEBUG] [TIME] 4591 cashflow: 0.14s
2026-10-02 06:29:07,456 [DEBUG] [TIME] 4591 dividends: 0.13s
2026-10-02 06:29:07,456 [INFO] [DETAIL] 4591 リボミック: income_stmt=OK, balance_sheet=OK, cashflow=OK, dividends=EMPTY
2026-10-02 06:29:07,456 [INFO] [TIME] 4591 リボミック 処理時間: 0.72s
2026-10-02 06:29:09,340 [DEBUG] [TIME] 4592 info: 0.22s
2026-10-02 06:29:09,340 [DEBUG] yfinance OK: 4592
2026-10-02 06:29:09,545 [DEBUG] [TIME] 4592 income_stmt: 0.20s
2026-10-02 06:29:09,692 [DEBUG] [TIME] 4592 balance_sheet: 0.15s
2026-10-02 06:29:09,859 [DEBUG] [TIME] 4592 cashflow: 0.17s
2026-10-02 06:29:09,990 [DEBUG] [TIME] 4592 dividends: 0.13s
2026-10-02 06:29:09,990 [INFO] [DETAIL] 4592 サンバイオ: income_stmt=OK, balance_sheet=OK, cashflow=OK, dividends=EMPTY
2026-10-02 06:29:09,990 [INFO] [TIME] 4592 サンバイオ 処理時間: 0.87s
2026-10-02 06:29:11,670 [DEBUG] [TIME] 4593 info: 0.21s
2026-10-02 06:29:11,670 [DEBUG] yfinance OK: 4593
2026-10-02 06:29:11,801 [DEBUG] [TIME] 4593 income_stmt: 0.13s
2026-10-02 06:29:11,961 [DEBUG] [TIME] 4593 balance_sheet: 0.16s
2026-10-02 06:29:12,219 [DEBUG] [TIME] 4593 cashflow: 0.26s
2026-10-02 06:29:12,382 [DEBUG] [TIME] 4593 dividends: 0.16s
2026-10-02 06:29:12,382 [INFO] [DETAIL] 4593 ヘリオス: income_stmt=OK, balance_sheet=OK, cashflow=OK, dividends=EMPTY
2026-10-02 06:29:12,382 [INFO] [TIME] 4593 ヘリオス 処理時間: 0.92s
2026-10-02 06:29:14,168 [DEBUG] [TIME] 4594 info: 0.23s
2026-10-02 06:29:14,169 [DEBUG] yfinance OK: 4594
2026-10-02 06:29:14,325 [DEBUG] [TIME] 4594 income_stmt: 0.16s
2026-10-02 06:29:14,454 [DEBUG] [TIME] 4594 balance_sheet: 0.13s
2026-10-02 06:29:14,670 [DEBUG] [TIME] 4594 cashflow: 0.21s
2026-10-02 06:29:14,805 [DEBUG] [TIME] 4594 dividends: 0.13s
2026-10-02 06:29:14,805 [INFO] [DETAIL] 4594 ブライトパス・バイオ: income_stmt=OK, balance_sheet=OK, cashflow=OK, dividends=EMPTY
2026-10-02 06:29:14,805 [INFO] [TIME] 4594 ブライトパス・バイオ 処理時間: 0.86s
2026-10-02 06:29:16,516 [DEBUG] [TIME] 4595 info: 0.14s
2026-10-02 06:29:16,516 [DEBUG] yfinance OK: 4595
2026-10-02 06:29:16,653 [DEBUG] [TIME] 4595 income_stmt: 0.14s
2026-10-02 06:29:16,937 [DEBUG] [TIME] 4595 balance_sheet: 0.28s
2026-10-02 06:29:17,127 [DEBUG] [TIME] 4595 cashflow: 0.19s
2026-10-02 06:29:17,328 [DEBUG] [TIME] 4595 dividends: 0.20s
2026-10-02 06:29:17,329 [INFO] [DETAIL] 4595 ミズホメディー: income_stmt=OK, balance_sheet=OK, cashflow=OK, dividends=OK
2026-10-02 06:29:17,330 [INFO] [TIME] 4595 ミズホメディー 処理時間: 0.95s
2026-10-02 06:29:19,185 [DEBUG] [TIME] 4596 info: 0.19s
2026-10-02 06:29:19,185 [DEBUG] yfinance OK: 4596
2026-10-02 06:29:19,325 [DEBUG] [TIME] 4596 income_stmt: 0.14s
2026-10-02 06:29:19,632 [DEBUG] [TIME] 4596 balance_sheet: 0.31s
2026-10-02 06:29:19,780 [DEBUG] [TIME] 4596 cashflow: 0.15s
2026-10-02 06:29:19,912 [DEBUG] [TIME] 4596 dividends: 0.13s
2026-10-02 06:29:19,912 [INFO] [DETAIL] 4596 窪田製薬ホールディングス: income_stmt=OK, balance_sheet=OK, cashflow=OK, dividends=EMPTY
2026-10-02 06:29:19,912 [INFO] [TIME] 4596 窪田製薬ホールディングス 処理時間: 0.92s
2026-10-02 06:29:21,527 [DEBUG] [TIME] 4597 info: 0.14s
2026-10-02 06:29:21,527 [DEBUG] yfinance OK: 4597
2026-10-02 06:29:21,736 [DEBUG] [TIME] 4597 income_stmt: 0.21s
2026-10-02 06:29:22,024 [DEBUG] [TIME] 4597 balance_sheet: 0.29s
2026-10-02 06:29:22,209 [DEBUG] [TIME] 4597 cashflow: 0.18s
2026-10-02 06:29:22,319 [DEBUG] [TIME] 4597 dividends: 0.11s
2026-10-02 06:29:22,319 [INFO] [DETAIL] 4597 ソレイジア・ファーマ: income_stmt=OK, balance_sheet=OK, cashflow=OK, dividends=EMPTY
2026-10-02 06:29:22,319 [INFO] [TIME] 4597 ソレイジア・ファーマ 処理時間: 0.93s
2026-10-02 06:29:23,830 [DEBUG] [TIME] 4598 info: 0.14s
2026-10-02 06:29:23,830 [DEBUG] yfinance OK: 4598
2026-10-02 06:29:23,994 [DEBUG] [TIME] 4598 income_stmt: 0.16s
2026-10-02 06:29:24,268 [DEBUG] [TIME] 4598 balance_sheet: 0.27s
2026-10-02 06:29:24,405 [DEBUG] [TIME] 4598 cashflow: 0.14s
2026-10-02 06:29:24,515 [DEBUG] [TIME] 4598 dividends: 0.11s
2026-10-02 06:29:24,515 [INFO] [DETAIL] 4598 Ｄｅｌｔａ－Ｆｌｙ　Ｐｈａｒｍａ: income_stmt=OK, balance_sheet=OK, cashflow=OK, dividends=EMPTY
2026-10-02 06:29:24,515 [INFO] [TIME] 4598 Ｄｅｌｔａ－Ｆｌｙ　Ｐｈａｒｍａ 処理時間: 0.83s
2026-10-02 06:29:25,871 [DEBUG] [TIME] 4599 info: 0.20s
2026-10-02 06:29:25,871 [DEBUG] yfinance OK: 4599
2026-10-02 06:29:26,003 [DEBUG] [TIME] 4599 income_stmt: 0.13s
2026-10-02 06:29:26,148 [DEBUG] [TIME] 4599 balance_sheet: 0.15s
2026-10-02 06:29:26,350 [DEBUG] [TIME] 4599 cashflow: 0.20s
2026-10-02 06:29:26,501 [DEBUG] [TIME] 4599 dividends: 0.15s
2026-10-02 06:29:26,501 [INFO] [DETAIL] 4599 ステムリム: income_stmt=OK, balance_sheet=OK, cashflow=OK, dividends=EMPTY
2026-10-02 06:29:26,501 [INFO] [TIME] 4599 ステムリム 処理時間: 0.83s
2026-10-02 06:29:28,303 [DEBUG] [TIME] 460A info: 0.15s
2026-10-02 06:29:28,303 [DEBUG] yfinance OK: 460A
2026-10-02 06:29:28,429 [DEBUG] [TIME] 460A income_stmt: 0.13s
2026-10-02 06:29:28,668 [DEBUG] [TIME] 460A balance_sheet: 0.24s
2026-10-02 06:29:28,828 [DEBUG] [TIME] 460A cashflow: 0.16s
2026-10-02 06:29:28,919 [DEBUG] [TIME] 460A dividends: 0.09s
2026-10-02 06:29:28,919 [INFO] [DETAIL] 460A ＢＲＡＮＵ: income_stmt=OK, balance_sheet=OK, cashflow=OK, dividends=EMPTY
2026-10-02 06:29:28,919 [INFO] [TIME] 460A ＢＲＡＮＵ 処理時間: 0.77s
2026-10-02 06:29:30,889 [DEBUG] [TIME] 4611 info: 0.20s
2026-10-02 06:29:30,889 [DEBUG] yfinance OK: 4611
2026-10-02 06:29:31,022 [DEBUG] [TIME] 4611 income_stmt: 0.13s
2026-10-02 06:29:31,285 [DEBUG] [TIME] 4611 balance_sheet: 0.26s
2026-10-02 06:29:31,521 [DEBUG] [TIME] 4611 cashflow: 0.24s
2026-10-02 06:29:31,740 [DEBUG] [TIME] 4611 dividends: 0.22s
2026-10-02 06:29:31,741 [INFO] [DETAIL] 4611 大日本塗料: income_stmt=OK, balance_sheet=OK, cashflow=OK, dividends=OK
2026-10-02 06:29:31,741 [INFO] [TIME] 4611 大日本塗料 処理時間: 1.05s
2026-10-02 06:29:33,289 [DEBUG] [TIME] 4612 info: 0.15s
2026-10-02 06:29:33,290 [DEBUG] yfinance OK: 4612
2026-10-02 06:29:33,431 [DEBUG] [TIME] 4612 income_stmt: 0.14s
2026-10-02 06:29:33,684 [DEBUG] [TIME] 4612 balance_sheet: 0.25s
2026-10-02 06:29:33,860 [DEBUG] [TIME] 4612 cashflow: 0.18s
2026-10-02 06:29:34,127 [DEBUG] [TIME] 4612 dividends: 0.27s
2026-10-02 06:29:34,128 [INFO] [DETAIL] 4612 日本ペイントホールディングス: income_stmt=OK, balance_sheet=OK, cashflow=OK, dividends=OK
2026-10-02 06:29:34,128 [INFO] [TIME] 4612 日本ペイントホールディングス 処理時間: 0.99s
2026-10-02 06:29:35,617 [DEBUG] [TIME] 4613 info: 0.15s
2026-10-02 06:29:35,617 [DEBUG] yfinance OK: 4613
2026-10-02 06:29:35,735 [DEBUG] [TIME] 4613 income_stmt: 0.12s
2026-10-02 06:29:36,049 [DEBUG] [TIME] 4613 balance_sheet: 0.31s
2026-10-02 06:29:36,289 [DEBUG] [TIME] 4613 cashflow: 0.24s
2026-10-02 06:29:36,562 [DEBUG] [TIME] 4613 dividends: 0.27s
2026-10-02 06:29:36,563 [INFO] [DETAIL] 4613 関西ペイント: income_stmt=OK, balance_sheet=OK, cashflow=OK, dividends=OK
2026-10-02 06:29:36,563 [INFO] [TIME] 4613 関西ペイント 処理時間: 1.09s
2026-10-02 06:29:37,862 [DEBUG] [TIME] 4615 info: 0.17s
2026-10-02 06:29:37,862 [DEBUG] yfinance OK: 4615
2026-10-02 06:29:38,039 [DEBUG] [TIME] 4615 income_stmt: 0.18s
2026-10-02 06:29:38,232 [DEBUG] [TIME] 4615 balance_sheet: 0.19s
2026-10-02 06:29:38,469 [DEBUG] [TIME] 4615 cashflow: 0.24s
2026-10-02 06:29:38,697 [DEBUG] [TIME] 4615 dividends: 0.23s
2026-10-02 06:29:38,698 [INFO] [DETAIL] 4615 神東塗料: income_stmt=OK, balance_sheet=OK, cashflow=OK, dividends=OK
2026-10-02 06:29:38,698 [INFO] [TIME] 4615 神東塗料 処理時間: 1.01s
2026-10-02 06:29:40,177 [DEBUG] [TIME] 4616 info: 0.14s
2026-10-02 06:29:40,177 [DEBUG] yfinance OK: 4616
2026-10-02 06:29:40,363 [DEBUG] [TIME] 4616 income_stmt: 0.19s
2026-10-02 06:29:40,510 [DEBUG] [TIME] 4616 balance_sheet: 0.15s
2026-10-02 06:29:40,728 [DEBUG] [TIME] 4616 cashflow: 0.22s
2026-10-02 06:29:40,990 [DEBUG] [TIME] 4616 dividends: 0.26s
2026-10-02 06:29:40,991 [INFO] [DETAIL] 4616 川上塗料: income_stmt=OK, balance_sheet=OK, cashflow=OK, dividends=OK
2026-10-02 06:29:40,991 [INFO] [TIME] 4616 川上塗料 処理時間: 0.95s
2026-10-02 06:29:43,211 [DEBUG] [TIME] 4617 info: 0.36s
2026-10-02 06:29:43,211 [DEBUG] yfinance OK: 4617
2026-10-02 06:29:43,361 [DEBUG] [TIME] 4617 income_stmt: 0.15s
2026-10-02 06:29:43,529 [DEBUG] [TIME] 4617 balance_sheet: 0.17s
2026-10-02 06:29:43,654 [DEBUG] [TIME] 4617 cashflow: 0.12s
2026-10-02 06:29:43,913 [DEBUG] [TIME] 4617 dividends: 0.26s
2026-10-02 06:29:43,914 [INFO] [DETAIL] 4617 中国塗料: income_stmt=OK, balance_sheet=OK, cashflow=OK, dividends=OK
2026-10-02 06:29:43,915 [INFO] [TIME] 4617 中国塗料 処理時間: 1.07s
2026-10-02 06:29:45,577 [DEBUG] [TIME] 4619 info: 0.14s
2026-10-02 06:29:45,577 [DEBUG] yfinance OK: 4619
2026-10-02 06:29:45,720 [DEBUG] [TIME] 4619 income_stmt: 0.14s
2026-10-02 06:29:45,885 [DEBUG] [TIME] 4619 balance_sheet: 0.16s
2026-10-02 06:29:46,194 [DEBUG] [TIME] 4619 cashflow: 0.31s
2026-10-02 06:29:46,422 [DEBUG] [TIME] 4619 dividends: 0.23s
2026-10-02 06:29:46,423 [INFO] [DETAIL] 4619 日本特殊塗料: income_stmt=OK, balance_sheet=OK, cashflow=OK, dividends=OK
2026-10-02 06:29:46,423 [INFO] [TIME] 4619 日本特殊塗料 処理時間: 0.98s
2026-10-02 06:29:47,840 [DEBUG] [TIME] 4620 info: 0.22s
2026-10-02 06:29:47,840 [DEBUG] yfinance OK: 4620
2026-10-02 06:29:48,038 [DEBUG] [TIME] 4620 income_stmt: 0.20s
2026-10-02 06:29:48,262 [DEBUG] [TIME] 4620 balance_sheet: 0.22s
2026-10-02 06:29:48,411 [DEBUG] [TIME] 4620 cashflow: 0.15s
2026-10-02 06:29:48,662 [DEBUG] [TIME] 4620 dividends: 0.25s
2026-10-02 06:29:48,663 [INFO] [DETAIL] 4620 藤倉化成: income_stmt=OK, balance_sheet=OK, cashflow=OK, dividends=OK
2026-10-02 06:29:48,663 [INFO] [TIME] 4620 藤倉化成 処理時間: 1.05s
2026-10-02 06:29:49,893 [DEBUG] [TIME] 4623 info: 0.15s
2026-10-02 06:29:49,893 [DEBUG] yfinance OK: 4623
2026-10-02 06:29:50,103 [DEBUG] [TIME] 4623 income_stmt: 0.21s
2026-10-02 06:29:50,303 [DEBUG] [TIME] 4623 balance_sheet: 0.20s
2026-10-02 06:29:50,512 [DEBUG] [TIME] 4623 cashflow: 0.21s
2026-10-02 06:29:50,789 [DEBUG] [TIME] 4623 dividends: 0.28s
2026-10-02 06:29:50,790 [INFO] [DETAIL] 4623 アサヒペン: income_stmt=OK, balance_sheet=OK, cashflow=OK, dividends=OK
2026-10-02 06:29:50,790 [INFO] [TIME] 4623 アサヒペン 処理時間: 1.05s
2026-10-02 06:29:52,043 [DEBUG] [TIME] 4624 info: 0.15s
2026-10-02 06:29:52,044 [DEBUG] yfinance OK: 4624
2026-10-02 06:29:52,272 [DEBUG] [TIME] 4624 income_stmt: 0.23s
2026-10-02 06:29:52,538 [DEBUG] [TIME] 4624 balance_sheet: 0.27s
2026-10-02 06:29:52,719 [DEBUG] [TIME] 4624 cashflow: 0.18s
2026-10-02 06:29:52,972 [DEBUG] [TIME] 4624 dividends: 0.25s
2026-10-02 06:29:52,973 [INFO] [DETAIL] 4624 イサム塗料: income_stmt=OK, balance_sheet=OK, cashflow=OK, dividends=OK
2026-10-02 06:29:52,973 [INFO] [TIME] 4624 イサム塗料 処理時間: 1.08s
2026-10-02 06:29:54,502 [DEBUG] [TIME] 4625 info: 0.20s
2026-10-02 06:29:54,502 [DEBUG] yfinance OK: 4625
2026-10-02 06:29:54,704 [DEBUG] [TIME] 4625 income_stmt: 0.20s
2026-10-02 06:29:54,990 [DEBUG] [TIME] 4625 balance_sheet: 0.29s
2026-10-02 06:29:55,129 [DEBUG] [TIME] 4625 cashflow: 0.14s
2026-10-02 06:29:55,336 [DEBUG] [TIME] 4625 dividends: 0.21s
2026-10-02 06:29:55,337 [INFO] [DETAIL] 4625 アトミクス: income_stmt=OK, balance_sheet=OK, cashflow=OK, dividends=OK
2026-10-02 06:29:55,337 [INFO] [TIME] 4625 アトミクス 処理時間: 1.03s
2026-10-02 06:29:56,882 [DEBUG] [TIME] 4626 info: 0.14s
2026-10-02 06:29:56,882 [DEBUG] yfinance OK: 4626
2026-10-02 06:29:57,058 [DEBUG] [TIME] 4626 income_stmt: 0.18s
2026-10-02 06:29:57,287 [DEBUG] [TIME] 4626 balance_sheet: 0.23s
2026-10-02 06:29:57,411 [DEBUG] [TIME] 4626 cashflow: 0.12s
2026-10-02 06:29:57,664 [DEBUG] [TIME] 4626 dividends: 0.25s
2026-10-02 06:29:57,665 [INFO] [DETAIL] 4626 太陽ホールディングス: income_stmt=OK, balance_sheet=OK, cashflow=OK, dividends=OK
2026-10-02 06:29:57,665 [INFO] [TIME] 4626 太陽ホールディングス 処理時間: 0.92s
2026-10-02 06:29:59,103 [DEBUG] [TIME] 4627 info: 0.18s
2026-10-02 06:29:59,103 [DEBUG] yfinance OK: 4627
2026-10-02 06:29:59,286 [DEBUG] [TIME] 4627 income_stmt: 0.18s
2026-10-02 06:29:59,563 [DEBUG] [TIME] 4627 balance_sheet: 0.28s
2026-10-02 06:29:59,721 [DEBUG] [TIME] 4627 cashflow: 0.16s
2026-10-02 06:30:00,028 [DEBUG] [TIME] 4627 dividends: 0.31s
2026-10-02 06:30:00,029 [INFO] [DETAIL] 4627 ナトコ: income_stmt=OK, balance_sheet=OK, cashflow=OK, dividends=OK
2026-10-02 06:30:00,029 [INFO] [TIME] 4627 ナトコ 処理時間: 1.10s
2026-10-02 06:30:02,025 [DEBUG] [TIME] 4628 info: 0.20s
2026-10-02 06:30:02,025 [DEBUG] yfinance OK: 4628
2026-10-02 06:30:02,160 [DEBUG] [TIME] 4628 income_stmt: 0.13s
2026-10-02 06:30:02,335 [DEBUG] [TIME] 4628 balance_sheet: 0.18s
2026-10-02 06:30:02,591 [DEBUG] [TIME] 4628 cashflow: 0.26s
2026-10-02 06:30:02,847 [DEBUG] [TIME] 4628 dividends: 0.25s
2026-10-02 06:30:02,848 [INFO] [DETAIL] 4628 エスケー化研: income_stmt=OK, balance_sheet=OK, cashflow=OK, dividends=OK
2026-10-02 06:30:02,848 [INFO] [TIME] 4628 エスケー化研 処理時間: 1.02s
2026-10-02 06:30:04,191 [DEBUG] [TIME] 4629 info: 0.15s
2026-10-02 06:30:04,191 [DEBUG] yfinance OK: 4629
2026-10-02 06:30:04,403 [DEBUG] [TIME] 4629 income_stmt: 0.21s
2026-10-02 06:30:04,688 [DEBUG] [TIME] 4629 balance_sheet: 0.28s
2026-10-02 06:30:04,843 [DEBUG] [TIME] 4629 cashflow: 0.15s
2026-10-02 06:30:05,140 [DEBUG] [TIME] 4629 dividends: 0.30s
2026-10-02 06:30:05,141 [INFO] [DETAIL] 4629 大伸化学: income_stmt=OK, balance_sheet=OK, cashflow=OK, dividends=OK
2026-10-02 06:30:05,141 [INFO] [TIME] 4629 大伸化学 処理時間: 1.10s
2026-10-02 06:30:06,399 [DEBUG] [TIME] 462A info: 0.17s
2026-10-02 06:30:06,399 [DEBUG] yfinance OK: 462A
2026-10-02 06:30:06,531 [DEBUG] [TIME] 462A income_stmt: 0.13s
2026-10-02 06:30:06,797 [DEBUG] [TIME] 462A balance_sheet: 0.27s
2026-10-02 06:30:06,982 [DEBUG] [TIME] 462A cashflow: 0.18s
2026-10-02 06:30:07,075 [DEBUG] [TIME] 462A dividends: 0.09s
2026-10-02 06:30:07,075 [INFO] [DETAIL] 462A ＦＵＮＤＩＮＮＯ: income_stmt=EMPTY, balance_sheet=EMPTY, cashflow=EMPTY, dividends=EMPTY
2026-10-02 06:30:07,075 [INFO] [TIME] 462A ＦＵＮＤＩＮＮＯ 処理時間: 0.85s
2026-10-02 06:30:08,343 [DEBUG] [TIME] 4631 info: 0.14s
2026-10-02 06:30:08,343 [DEBUG] yfinance OK: 4631
2026-10-02 06:30:08,471 [DEBUG] [TIME] 4631 income_stmt: 0.13s
2026-10-02 06:30:08,644 [DEBUG] [TIME] 4631 balance_sheet: 0.17s
2026-10-02 06:30:08,934 [DEBUG] [TIME] 4631 cashflow: 0.29s
2026-10-02 06:30:09,255 [DEBUG] [TIME] 4631 dividends: 0.32s
2026-10-02 06:30:09,256 [INFO] [DETAIL] 4631 ＤＩＣ: income_stmt=OK, balance_sheet=OK, cashflow=OK, dividends=OK
2026-10-02 06:30:09,256 [INFO] [TIME] 4631 ＤＩＣ 処理時間: 1.06s
2026-10-02 06:30:10,445 [DEBUG] [TIME] 4633 info: 0.14s
2026-10-02 06:30:10,445 [DEBUG] yfinance OK: 4633
2026-10-02 06:30:10,610 [DEBUG] [TIME] 4633 income_stmt: 0.17s
2026-10-02 06:30:10,879 [DEBUG] [TIME] 4633 balance_sheet: 0.27s
2026-10-02 06:30:11,103 [DEBUG] [TIME] 4633 cashflow: 0.22s
2026-10-02 06:30:11,361 [DEBUG] [TIME] 4633 dividends: 0.26s
2026-10-02 06:30:11,362 [INFO] [DETAIL] 4633 サカタインクス: income_stmt=OK, balance_sheet=OK, cashflow=OK, dividends=OK
2026-10-02 06:30:11,362 [INFO] [TIME] 4633 サカタインクス 処理時間: 1.06s
2026-10-02 06:30:13,001 [DEBUG] [TIME] 4634 info: 0.17s
2026-10-02 06:30:13,001 [DEBUG] yfinance OK: 4634
2026-10-02 06:30:13,235 [DEBUG] [TIME] 4634 income_stmt: 0.23s
2026-10-02 06:30:13,504 [DEBUG] [TIME] 4634 balance_sheet: 0.27s
2026-10-02 06:30:13,662 [DEBUG] [TIME] 4634 cashflow: 0.16s
2026-10-02 06:30:13,892 [DEBUG] [TIME] 4634 dividends: 0.23s
2026-10-02 06:30:13,893 [INFO] [DETAIL] 4634 ａｒｔｉｅｎｃｅ: income_stmt=OK, balance_sheet=OK, cashflow=OK, dividends=OK
2026-10-02 06:30:13,893 [INFO] [TIME] 4634 ａｒｔｉｅｎｃｅ 処理時間: 1.07s
2026-10-02 06:30:15,423 [DEBUG] [TIME] 4635 info: 0.18s
2026-10-02 06:30:15,423 [DEBUG] yfinance OK: 4635
2026-10-02 06:30:15,630 [DEBUG] [TIME] 4635 income_stmt: 0.21s
2026-10-02 06:30:15,807 [DEBUG] [TIME] 4635 balance_sheet: 0.18s
2026-10-02 06:30:16,005 [DEBUG] [TIME] 4635 cashflow: 0.20s
2026-10-02 06:30:16,252 [DEBUG] [TIME] 4635 dividends: 0.25s
2026-10-02 06:30:16,253 [INFO] [DETAIL] 4635 東京インキ: income_stmt=OK, balance_sheet=OK, cashflow=OK, dividends=OK
2026-10-02 06:30:16,253 [INFO] [TIME] 4635 東京インキ 処理時間: 1.02s
2026-10-02 06:30:17,998 [DEBUG] [TIME] 463A info: 0.22s
2026-10-02 06:30:17,998 [DEBUG] yfinance OK: 463A
2026-10-02 06:30:18,190 [DEBUG] [TIME] 463A income_stmt: 0.19s
2026-10-02 06:30:18,462 [DEBUG] [TIME] 463A balance_sheet: 0.27s
2026-10-02 06:30:18,673 [DEBUG] [TIME] 463A cashflow: 0.21s
2026-10-02 06:30:18,887 [DEBUG] [TIME] 463A dividends: 0.21s
2026-10-02 06:30:18,888 [INFO] [DETAIL] 463A インテリックスホールディングス: income_stmt=OK, balance_sheet=OK, cashflow=OK, dividends=OK
2026-10-02 06:30:18,888 [INFO] [TIME] 463A インテリックスホールディングス 処理時間: 1.11s
2026-10-02 06:30:20,461 [DEBUG] [TIME] 4641 info: 0.15s
2026-10-02 06:30:20,461 [DEBUG] yfinance OK: 4641
2026-10-02 06:30:20,644 [DEBUG] [TIME] 4641 income_stmt: 0.18s
2026-10-02 06:30:20,935 [DEBUG] [TIME] 4641 balance_sheet: 0.29s
2026-10-02 06:30:21,073 [DEBUG] [TIME] 4641 cashflow: 0.14s
2026-10-02 06:30:21,329 [DEBUG] [TIME] 4641 dividends: 0.26s
2026-10-02 06:30:21,330 [INFO] [DETAIL] 4641 アルプス技研: income_stmt=OK, balance_sheet=OK, cashflow=OK, dividends=OK
2026-10-02 06:30:21,330 [INFO] [TIME] 4641 アルプス技研 処理時間: 1.02s
2026-10-02 06:30:22,626 [DEBUG] [TIME] 4642 info: 0.15s
2026-10-02 06:30:22,626 [DEBUG] yfinance OK: 4642
2026-10-02 06:30:22,827 [DEBUG] [TIME] 4642 income_stmt: 0.20s
2026-10-02 06:30:22,987 [DEBUG] [TIME] 4642 balance_sheet: 0.16s
2026-10-02 06:30:23,123 [DEBUG] [TIME] 4642 cashflow: 0.13s
2026-10-02 06:30:23,408 [DEBUG] [TIME] 4642 dividends: 0.28s
2026-10-02 06:30:23,408 [INFO] [DETAIL] 4642 オリジナル設計: income_stmt=OK, balance_sheet=OK, cashflow=OK, dividends=OK
2026-10-02 06:30:23,409 [INFO] [TIME] 4642 オリジナル設計 処理時間: 0.93s
2026-10-02 06:30:24,661 [DEBUG] [TIME] 4644 info: 0.20s
2026-10-02 06:30:24,661 [DEBUG] yfinance OK: 4644
2026-10-02 06:30:24,857 [DEBUG] [TIME] 4644 income_stmt: 0.20s
2026-10-02 06:30:25,030 [DEBUG] [TIME] 4644 balance_sheet: 0.17s
2026-10-02 06:30:25,251 [DEBUG] [TIME] 4644 cashflow: 0.22s
2026-10-02 06:30:25,479 [DEBUG] [TIME] 4644 dividends: 0.23s
2026-10-02 06:30:25,480 [INFO] [DETAIL] 4644 イマジニア: income_stmt=OK, balance_sheet=OK, cashflow=OK, dividends=OK
2026-10-02 06:30:25,480 [INFO] [TIME] 4644 イマジニア 処理時間: 1.02s
2026-10-02 06:30:27,583 [DEBUG] [TIME] 4645 info: 0.18s
2026-10-02 06:30:27,583 [DEBUG] yfinance OK: 4645
2026-10-02 06:30:27,787 [DEBUG] [TIME] 4645 income_stmt: 0.20s
2026-10-02 06:30:28,019 [DEBUG] [TIME] 4645 balance_sheet: 0.23s
2026-10-02 06:30:28,269 [DEBUG] [TIME] 4645 cashflow: 0.25s
2026-10-02 06:30:28,550 [DEBUG] [TIME] 4645 dividends: 0.28s
2026-10-02 06:30:28,551 [INFO] [DETAIL] 4645 市進ホールディングス: income_stmt=OK, balance_sheet=OK, cashflow=OK, dividends=OK
2026-10-02 06:30:28,551 [INFO] [TIME] 4645 市進ホールディングス 処理時間: 1.15s
2026-10-02 06:30:30,399 [DEBUG] [TIME] 464A info: 0.15s
2026-10-02 06:30:30,399 [DEBUG] yfinance OK: 464A
2026-10-02 06:30:30,529 [DEBUG] [TIME] 464A income_stmt: 0.13s
2026-10-02 06:30:30,766 [DEBUG] [TIME] 464A balance_sheet: 0.24s
2026-10-02 06:30:30,954 [DEBUG] [TIME] 464A cashflow: 0.19s
2026-10-02 06:30:31,095 [DEBUG] [TIME] 464A dividends: 0.14s
2026-10-02 06:30:31,095 [INFO] [DETAIL] 464A ＱＰＳホールディングス: income_stmt=OK, balance_sheet=OK, cashflow=OK, dividends=EMPTY
2026-10-02 06:30:31,095 [INFO] [TIME] 464A ＱＰＳホールディングス 処理時間: 0.84s
2026-10-02 06:30:33,113 [DEBUG] [TIME] 4650 info: 0.15s
2026-10-02 06:30:33,113 [DEBUG] yfinance OK: 4650
2026-10-02 06:30:33,317 [DEBUG] [TIME] 4650 income_stmt: 0.20s
2026-10-02 06:30:33,570 [DEBUG] [TIME] 4650 balance_sheet: 0.25s
2026-10-02 06:30:33,797 [DEBUG] [TIME] 4650 cashflow: 0.23s
2026-10-02 06:30:34,062 [DEBUG] [TIME] 4650 dividends: 0.26s
2026-10-02 06:30:34,063 [INFO] [DETAIL] 4650 ＳＤエンターテイメント: income_stmt=OK, balance_sheet=OK, cashflow=OK, dividends=OK
2026-10-02 06:30:34,063 [INFO] [TIME] 4650 ＳＤエンターテイメント 処理時間: 1.10s
2026-10-02 06:30:35,966 [DEBUG] [TIME] 4651 info: 0.17s
2026-10-02 06:30:35,966 [DEBUG] yfinance OK: 4651
2026-10-02 06:30:36,178 [DEBUG] [TIME] 4651 income_stmt: 0.21s
2026-10-02 06:30:36,427 [DEBUG] [TIME] 4651 balance_sheet: 0.25s
2026-10-02 06:30:36,587 [DEBUG] [TIME] 4651 cashflow: 0.16s
2026-10-02 06:30:36,778 [DEBUG] [TIME] 4651 dividends: 0.19s
2026-10-02 06:30:36,778 [INFO] [DETAIL] 4651 サニックスホールディングス: income_stmt=OK, balance_sheet=OK, cashflow=OK, dividends=OK
2026-10-02 06:30:36,778 [INFO] [TIME] 4651 サニックスホールディングス 処理時間: 0.99s
2026-10-02 06:30:38,593 [DEBUG] [TIME] 4657 info: 0.17s
2026-10-02 06:30:38,593 [DEBUG] yfinance OK: 4657
2026-10-02 06:30:38,728 [DEBUG] [TIME] 4657 income_stmt: 0.13s
2026-10-02 06:30:38,964 [DEBUG] [TIME] 4657 balance_sheet: 0.24s
2026-10-02 06:30:39,129 [DEBUG] [TIME] 4657 cashflow: 0.16s
2026-10-02 06:30:39,369 [DEBUG] [TIME] 4657 dividends: 0.24s
2026-10-02 06:30:39,370 [INFO] [DETAIL] 4657 環境管理センター: income_stmt=OK, balance_sheet=OK, cashflow=OK, dividends=OK
2026-10-02 06:30:39,370 [INFO] [TIME] 4657 環境管理センター 処理時間: 0.95s
2026-10-02 06:30:40,937 [DEBUG] [TIME] 4658 info: 0.14s
2026-10-02 06:30:40,937 [DEBUG] yfinance OK: 4658
2026-10-02 06:30:41,069 [DEBUG] [TIME] 4658 income_stmt: 0.13s
2026-10-02 06:30:41,233 [DEBUG] [TIME] 4658 balance_sheet: 0.16s
2026-10-02 06:30:41,373 [DEBUG] [TIME] 4658 cashflow: 0.14s
2026-10-02 06:30:41,606 [DEBUG] [TIME] 4658 dividends: 0.23s
2026-10-02 06:30:41,607 [INFO] [DETAIL] 4658 日本空調サービス: income_stmt=OK, balance_sheet=OK, cashflow=OK, dividends=OK
2026-10-02 06:30:41,607 [INFO] [TIME] 4658 日本空調サービス 処理時間: 0.81s
2026-10-02 06:30:43,576 [DEBUG] [TIME] 4659 info: 0.24s
2026-10-02 06:30:43,576 [WARNING] yfinance データなし: 4659
2026-10-02 06:30:43,577 [INFO] [TIME] 4659 エイジス 処理時間: 0.24s
2026-10-02 06:30:44,747 [DEBUG] [TIME] 4661 info: 0.15s
2026-10-02 06:30:44,747 [DEBUG] yfinance OK: 4661
2026-10-02 06:30:45,081 [DEBUG] [TIME] 4661 income_stmt: 0.33s
2026-10-02 06:30:45,414 [DEBUG] [TIME] 4661 balance_sheet: 0.33s
2026-10-02 06:30:45,549 [DEBUG] [TIME] 4661 cashflow: 0.13s
2026-10-02 06:30:45,842 [DEBUG] [TIME] 4661 dividends: 0.29s
2026-10-02 06:30:45,843 [INFO] [DETAIL] 4661 オリエンタルランド: income_stmt=OK, balance_sheet=OK, cashflow=OK, dividends=OK
2026-10-02 06:30:45,843 [INFO] [TIME] 4661 オリエンタルランド 処理時間: 1.25s
2026-10-02 06:30:47,242 [DEBUG] [TIME] 4662 info: 0.17s
2026-10-02 06:30:47,242 [DEBUG] yfinance OK: 4662
2026-10-02 06:30:47,352 [DEBUG] [TIME] 4662 income_stmt: 0.11s
2026-10-02 06:30:47,610 [DEBUG] [TIME] 4662 balance_sheet: 0.26s
2026-10-02 06:30:47,775 [DEBUG] [TIME] 4662 cashflow: 0.16s
2026-10-02 06:30:48,017 [DEBUG] [TIME] 4662 dividends: 0.24s
2026-10-02 06:30:48,018 [INFO] [DETAIL] 4662 フォーカスシステムズ: income_stmt=OK, balance_sheet=OK, cashflow=OK, dividends=OK
2026-10-02 06:30:48,018 [INFO] [TIME] 4662 フォーカスシステムズ 処理時間: 0.94s
2026-10-02 06:30:50,104 [DEBUG] [TIME] 4664 info: 0.14s
2026-10-02 06:30:50,104 [DEBUG] yfinance OK: 4664
2026-10-02 06:30:50,224 [DEBUG] [TIME] 4664 income_stmt: 0.12s
2026-10-02 06:30:50,492 [DEBUG] [TIME] 4664 balance_sheet: 0.27s
2026-10-02 06:30:50,751 [DEBUG] [TIME] 4664 cashflow: 0.26s
2026-10-02 06:30:51,000 [DEBUG] [TIME] 4664 dividends: 0.25s
2026-10-02 06:30:51,001 [INFO] [DETAIL] 4664 アール・エス・シー: income_stmt=OK, balance_sheet=OK, cashflow=OK, dividends=OK
2026-10-02 06:30:51,001 [INFO] [TIME] 4664 アール・エス・シー 処理時間: 1.04s
2026-10-02 06:30:52,568 [DEBUG] [TIME] 4665 info: 0.14s
2026-10-02 06:30:52,569 [DEBUG] yfinance OK: 4665
2026-10-02 06:30:52,760 [DEBUG] [TIME] 4665 income_stmt: 0.19s
2026-10-02 06:30:53,020 [DEBUG] [TIME] 4665 balance_sheet: 0.26s
2026-10-02 06:30:53,258 [DEBUG] [TIME] 4665 cashflow: 0.24s
2026-10-02 06:30:53,559 [DEBUG] [TIME] 4665 dividends: 0.30s
2026-10-02 06:30:53,560 [INFO] [DETAIL] 4665 ダスキン: income_stmt=OK, balance_sheet=OK, cashflow=OK, dividends=OK
2026-10-02 06:30:53,560 [INFO] [TIME] 4665 ダスキン 処理時間: 1.13s
2026-10-02 06:30:55,580 [DEBUG] [TIME] 4666 info: 0.15s
2026-10-02 06:30:55,580 [DEBUG] yfinance OK: 4666
2026-10-02 06:30:55,781 [DEBUG] [TIME] 4666 income_stmt: 0.20s
2026-10-02 06:30:55,950 [DEBUG] [TIME] 4666 balance_sheet: 0.17s
2026-10-02 06:30:56,209 [DEBUG] [TIME] 4666 cashflow: 0.26s
2026-10-02 06:30:56,507 [DEBUG] [TIME] 4666 dividends: 0.30s
2026-10-02 06:30:56,508 [INFO] [DETAIL] 4666 パーク２４: income_stmt=OK, balance_sheet=OK, cashflow=OK, dividends=OK
2026-10-02 06:30:56,509 [INFO] [TIME] 4666 パーク２４ 処理時間: 1.07s
2026-10-02 06:30:58,003 [DEBUG] [TIME] 4667 info: 0.15s
2026-10-02 06:30:58,003 [DEBUG] yfinance OK: 4667
2026-10-02 06:30:58,196 [DEBUG] [TIME] 4667 income_stmt: 0.19s
2026-10-02 06:30:58,418 [DEBUG] [TIME] 4667 balance_sheet: 0.22s
2026-10-02 06:30:58,655 [DEBUG] [TIME] 4667 cashflow: 0.24s
2026-10-02 06:30:58,956 [DEBUG] [TIME] 4667 dividends: 0.30s
2026-10-02 06:30:58,957 [INFO] [DETAIL] 4667 アイサンテクノロジー: income_stmt=OK, balance_sheet=OK, cashflow=OK, dividends=OK
2026-10-02 06:30:58,957 [INFO] [TIME] 4667 アイサンテクノロジー 処理時間: 1.11s
2026-10-02 06:31:00,157 [DEBUG] [TIME] 4668 info: 0.18s
2026-10-02 06:31:00,157 [DEBUG] yfinance OK: 4668
2026-10-02 06:31:00,272 [DEBUG] [TIME] 4668 income_stmt: 0.11s
2026-10-02 06:31:00,507 [DEBUG] [TIME] 4668 balance_sheet: 0.23s
2026-10-02 06:31:00,643 [DEBUG] [TIME] 4668 cashflow: 0.13s
2026-10-02 06:31:00,831 [DEBUG] [TIME] 4668 dividends: 0.19s
2026-10-02 06:31:00,832 [INFO] [DETAIL] 4668 明光ネットワークジャパン: income_stmt=OK, balance_sheet=OK, cashflow=OK, dividends=OK
2026-10-02 06:31:00,832 [INFO] [TIME] 4668 明光ネットワークジャパン 処理時間: 0.85s
2026-10-02 06:31:02,509 [DEBUG] [TIME] 4671 info: 0.25s
2026-10-02 06:31:02,509 [DEBUG] yfinance OK: 4671
2026-10-02 06:31:02,631 [DEBUG] [TIME] 4671 income_stmt: 0.12s
2026-10-02 06:31:02,828 [DEBUG] [TIME] 4671 balance_sheet: 0.20s
2026-10-02 06:31:02,953 [DEBUG] [TIME] 4671 cashflow: 0.12s
2026-10-02 06:31:03,166 [DEBUG] [TIME] 4671 dividends: 0.21s
2026-10-02 06:31:03,167 [INFO] [DETAIL] 4671 ファルコホールディングス: income_stmt=OK, balance_sheet=OK, cashflow=OK, dividends=OK
2026-10-02 06:31:03,167 [INFO] [TIME] 4671 ファルコホールディングス 処理時間: 0.91s
2026-10-02 06:31:05,459 [DEBUG] [TIME] 4673 info: 0.29s
2026-10-02 06:31:05,459 [DEBUG] yfinance OK: 4673
2026-10-02 06:31:05,655 [DEBUG] [TIME] 4673 income_stmt: 0.20s
2026-10-02 06:31:05,823 [DEBUG] [TIME] 4673 balance_sheet: 0.17s
2026-10-02 06:31:06,013 [DEBUG] [TIME] 4673 cashflow: 0.19s
2026-10-02 06:31:06,278 [DEBUG] [TIME] 4673 dividends: 0.26s
2026-10-02 06:31:06,279 [INFO] [DETAIL] 4673 川崎地質: income_stmt=OK, balance_sheet=OK, cashflow=OK, dividends=OK
2026-10-02 06:31:06,279 [INFO] [TIME] 4673 川崎地質 処理時間: 1.11s
2026-10-02 06:31:08,462 [DEBUG] [TIME] 4674 info: 0.18s
2026-10-02 06:31:08,462 [DEBUG] yfinance OK: 4674
2026-10-02 06:31:08,628 [DEBUG] [TIME] 4674 income_stmt: 0.17s
2026-10-02 06:31:08,819 [DEBUG] [TIME] 4674 balance_sheet: 0.19s
2026-10-02 06:31:09,024 [DEBUG] [TIME] 4674 cashflow: 0.20s
2026-10-02 06:31:09,281 [DEBUG] [TIME] 4674 dividends: 0.26s
2026-10-02 06:31:09,282 [INFO] [DETAIL] 4674 クレスコ: income_stmt=OK, balance_sheet=OK, cashflow=OK, dividends=OK
2026-10-02 06:31:09,282 [INFO] [TIME] 4674 クレスコ 処理時間: 1.00s
2026-10-02 06:31:10,473 [DEBUG] [TIME] 4676 info: 0.17s
2026-10-02 06:31:10,474 [DEBUG] yfinance OK: 4676
2026-10-02 06:31:10,645 [DEBUG] [TIME] 4676 income_stmt: 0.17s
2026-10-02 06:31:10,908 [DEBUG] [TIME] 4676 balance_sheet: 0.26s
2026-10-02 06:31:11,116 [DEBUG] [TIME] 4676 cashflow: 0.21s
2026-10-02 06:31:11,332 [DEBUG] [TIME] 4676 dividends: 0.21s
2026-10-02 06:31:11,333 [INFO] [DETAIL] 4676 フジ・メディア・ホールディングス: income_stmt=OK, balance_sheet=OK, cashflow=OK, dividends=OK
2026-10-02 06:31:11,333 [INFO] [TIME] 4676 フジ・メディア・ホールディングス 処理時間: 1.03s
2026-10-02 06:31:12,841 [DEBUG] [TIME] 4678 info: 0.15s
2026-10-02 06:31:12,841 [DEBUG] yfinance OK: 4678
2026-10-02 06:31:13,106 [DEBUG] [TIME] 4678 income_stmt: 0.26s
2026-10-02 06:31:13,367 [DEBUG] [TIME] 4678 balance_sheet: 0.26s
2026-10-02 06:31:13,514 [DEBUG] [TIME] 4678 cashflow: 0.15s
2026-10-02 06:31:13,787 [DEBUG] [TIME] 4678 dividends: 0.27s
2026-10-02 06:31:13,787 [INFO] [DETAIL] 4678 秀英予備校: income_stmt=OK, balance_sheet=OK, cashflow=OK, dividends=OK
2026-10-02 06:31:13,788 [INFO] [TIME] 4678 秀英予備校 処理時間: 1.09s
2026-10-02 06:31:15,450 [DEBUG] [TIME] 4679 info: 0.19s
2026-10-02 06:31:15,450 [DEBUG] yfinance OK: 4679
2026-10-02 06:31:15,637 [DEBUG] [TIME] 4679 income_stmt: 0.19s
2026-10-02 06:31:15,936 [DEBUG] [TIME] 4679 balance_sheet: 0.30s
2026-10-02 06:31:16,131 [DEBUG] [TIME] 4679 cashflow: 0.19s
2026-10-02 06:31:16,341 [DEBUG] [TIME] 4679 dividends: 0.21s
2026-10-02 06:31:16,342 [INFO] [DETAIL] 4679 田谷: income_stmt=OK, balance_sheet=OK, cashflow=OK, dividends=OK
2026-10-02 06:31:16,342 [INFO] [TIME] 4679 田谷 処理時間: 1.08s
2026-10-02 06:31:17,605 [DEBUG] [TIME] 4680 info: 0.18s
2026-10-02 06:31:17,605 [DEBUG] yfinance OK: 4680
2026-10-02 06:31:17,813 [DEBUG] [TIME] 4680 income_stmt: 0.21s
2026-10-02 06:31:18,116 [DEBUG] [TIME] 4680 balance_sheet: 0.30s
2026-10-02 06:31:18,320 [DEBUG] [TIME] 4680 cashflow: 0.20s
2026-10-02 06:31:18,550 [DEBUG] [TIME] 4680 dividends: 0.23s
2026-10-02 06:31:18,551 [INFO] [DETAIL] 4680 ラウンドワン: income_stmt=OK, balance_sheet=OK, cashflow=OK, dividends=OK
2026-10-02 06:31:18,551 [INFO] [TIME] 4680 ラウンドワン 処理時間: 1.12s
2026-10-02 06:31:20,673 [DEBUG] [TIME] 4681 info: 0.14s
2026-10-02 06:31:20,673 [DEBUG] yfinance OK: 4681
2026-10-02 06:31:20,800 [DEBUG] [TIME] 4681 income_stmt: 0.13s
2026-10-02 06:31:21,050 [DEBUG] [TIME] 4681 balance_sheet: 0.25s
2026-10-02 06:31:21,203 [DEBUG] [TIME] 4681 cashflow: 0.15s
2026-10-02 06:31:21,491 [DEBUG] [TIME] 4681 dividends: 0.29s
2026-10-02 06:31:21,492 [INFO] [DETAIL] 4681 リゾートトラスト: income_stmt=OK, balance_sheet=OK, cashflow=OK, dividends=OK
2026-10-02 06:31:21,492 [INFO] [TIME] 4681 リゾートトラスト 処理時間: 0.96s
2026-10-02 06:31:23,060 [DEBUG] [TIME] 4684 info: 0.14s
2026-10-02 06:31:23,060 [DEBUG] yfinance OK: 4684
2026-10-02 06:31:23,192 [DEBUG] [TIME] 4684 income_stmt: 0.13s
2026-10-02 06:31:23,432 [DEBUG] [TIME] 4684 balance_sheet: 0.24s
2026-10-02 06:31:23,596 [DEBUG] [TIME] 4684 cashflow: 0.16s
2026-10-02 06:31:23,889 [DEBUG] [TIME] 4684 dividends: 0.29s
2026-10-02 06:31:23,891 [INFO] [DETAIL] 4684 オービック: income_stmt=OK, balance_sheet=OK, cashflow=OK, dividends=OK
2026-10-02 06:31:23,891 [INFO] [TIME] 4684 オービック 処理時間: 0.97s
2026-10-02 06:31:25,841 [DEBUG] [TIME] 4685 info: 0.14s
2026-10-02 06:31:25,841 [DEBUG] yfinance OK: 4685
2026-10-02 06:31:26,035 [DEBUG] [TIME] 4685 income_stmt: 0.19s
2026-10-02 06:31:26,335 [DEBUG] [TIME] 4685 balance_sheet: 0.30s
2026-10-02 06:31:26,544 [DEBUG] [TIME] 4685 cashflow: 0.21s
2026-10-02 06:31:26,845 [DEBUG] [TIME] 4685 dividends: 0.30s
2026-10-02 06:31:26,846 [INFO] [DETAIL] 4685 菱友システムズ: income_stmt=OK, balance_sheet=OK, cashflow=OK, dividends=OK
2026-10-02 06:31:26,846 [INFO] [TIME] 4685 菱友システムズ 処理時間: 1.15s
2026-10-02 06:31:28,828 [DEBUG] [TIME] 4686 info: 0.15s
2026-10-02 06:31:28,828 [DEBUG] yfinance OK: 4686
2026-10-02 06:31:28,977 [DEBUG] [TIME] 4686 income_stmt: 0.15s
2026-10-02 06:31:29,163 [DEBUG] [TIME] 4686 balance_sheet: 0.19s
2026-10-02 06:31:29,357 [DEBUG] [TIME] 4686 cashflow: 0.19s
2026-10-02 06:31:29,637 [DEBUG] [TIME] 4686 dividends: 0.28s
2026-10-02 06:31:29,638 [INFO] [DETAIL] 4686 ジャストシステム: income_stmt=OK, balance_sheet=OK, cashflow=OK, dividends=OK
2026-10-02 06:31:29,638 [INFO] [TIME] 4686 ジャストシステム 処理時間: 0.97s
2026-10-02 06:31:31,392 [DEBUG] [TIME] 4687 info: 0.20s
2026-10-02 06:31:31,392 [DEBUG] yfinance OK: 4687
2026-10-02 06:31:31,604 [DEBUG] [TIME] 4687 income_stmt: 0.21s
2026-10-02 06:31:31,772 [DEBUG] [TIME] 4687 balance_sheet: 0.17s
2026-10-02 06:31:31,906 [DEBUG] [TIME] 4687 cashflow: 0.13s
2026-10-02 06:31:32,145 [DEBUG] [TIME] 4687 dividends: 0.24s
2026-10-02 06:31:32,146 [INFO] [DETAIL] 4687 ＴＤＣソフト: income_stmt=OK, balance_sheet=OK, cashflow=OK, dividends=OK
2026-10-02 06:31:32,146 [INFO] [TIME] 4687 ＴＤＣソフト 処理時間: 0.95s
2026-10-02 06:31:33,583 [DEBUG] [TIME] 4689 info: 0.17s
2026-10-02 06:31:33,583 [DEBUG] yfinance OK: 4689
2026-10-02 06:31:33,791 [DEBUG] [TIME] 4689 income_stmt: 0.21s
2026-10-02 06:31:33,971 [DEBUG] [TIME] 4689 balance_sheet: 0.18s
2026-10-02 06:31:34,200 [DEBUG] [TIME] 4689 cashflow: 0.23s
2026-10-02 06:31:34,435 [DEBUG] [TIME] 4689 dividends: 0.23s
2026-10-02 06:31:34,436 [INFO] [DETAIL] 4689 ＬＩＮＥヤフー: income_stmt=OK, balance_sheet=OK, cashflow=OK, dividends=OK
2026-10-02 06:31:34,436 [INFO] [TIME] 4689 ＬＩＮＥヤフー 処理時間: 1.02s
2026-10-02 06:31:36,383 [DEBUG] [TIME] 4691 info: 0.16s
2026-10-02 06:31:36,383 [DEBUG] yfinance OK: 4691
2026-10-02 06:31:36,508 [DEBUG] [TIME] 4691 income_stmt: 0.13s
2026-10-02 06:31:36,669 [DEBUG] [TIME] 4691 balance_sheet: 0.16s
2026-10-02 06:31:36,831 [DEBUG] [TIME] 4691 cashflow: 0.16s
2026-10-02 06:31:36,969 [DEBUG] [TIME] 4691 dividends: 0.14s
2026-10-02 06:31:36,970 [INFO] [DETAIL] 4691 ワシントンホテル: income_stmt=OK, balance_sheet=OK, cashflow=OK, dividends=OK
2026-10-02 06:31:36,970 [INFO] [TIME] 4691 ワシントンホテル 処理時間: 0.74s
2026-10-02 06:31:38,208 [DEBUG] [TIME] 4694 info: 0.14s
2026-10-02 06:31:38,208 [DEBUG] yfinance OK: 4694
2026-10-02 06:31:38,397 [DEBUG] [TIME] 4694 income_stmt: 0.19s
2026-10-02 06:31:38,578 [DEBUG] [TIME] 4694 balance_sheet: 0.18s
2026-10-02 06:31:38,699 [DEBUG] [TIME] 4694 cashflow: 0.12s
2026-10-02 06:31:39,040 [DEBUG] [TIME] 4694 dividends: 0.34s
2026-10-02 06:31:39,041 [INFO] [DETAIL] 4694 ビー・エム・エル: income_stmt=OK, balance_sheet=OK, cashflow=OK, dividends=OK
2026-10-02 06:31:39,041 [INFO] [TIME] 4694 ビー・エム・エル 処理時間: 0.97s
2026-10-02 06:31:40,719 [DEBUG] [TIME] 469A info: 0.17s
2026-10-02 06:31:40,720 [DEBUG] yfinance OK: 469A
2026-10-02 06:31:40,845 [DEBUG] [TIME] 469A income_stmt: 0.13s
2026-10-02 06:31:40,995 [DEBUG] [TIME] 469A balance_sheet: 0.15s
2026-10-02 06:31:41,194 [DEBUG] [TIME] 469A cashflow: 0.20s
2026-10-02 06:31:41,301 [DEBUG] [TIME] 469A dividends: 0.11s
2026-10-02 06:31:41,301 [INFO] [DETAIL] 469A フィットクルー: income_stmt=OK, balance_sheet=OK, cashflow=OK, dividends=EMPTY
2026-10-02 06:31:41,301 [INFO] [TIME] 469A フィットクルー 処理時間: 0.75s
2026-10-02 06:31:42,850 [DEBUG] [TIME] 4704 info: 0.15s
2026-10-02 06:31:42,850 [DEBUG] yfinance OK: 4704
2026-10-02 06:31:43,062 [DEBUG] [TIME] 4704 income_stmt: 0.21s
2026-10-02 06:31:43,364 [DEBUG] [TIME] 4704 balance_sheet: 0.30s
2026-10-02 06:31:43,589 [DEBUG] [TIME] 4704 cashflow: 0.22s
2026-10-02 06:31:43,865 [DEBUG] [TIME] 4704 dividends: 0.28s
2026-10-02 06:31:43,866 [INFO] [DETAIL] 4704 トレンドマイクロ: income_stmt=OK, balance_sheet=OK, cashflow=OK, dividends=OK
2026-10-02 06:31:43,866 [INFO] [TIME] 4704 トレンドマイクロ 処理時間: 1.17s
2026-10-02 06:31:45,029 [DEBUG] [TIME] 4705 info: 0.15s
2026-10-02 06:31:45,029 [DEBUG] yfinance OK: 4705
2026-10-02 06:31:45,263 [DEBUG] [TIME] 4705 income_stmt: 0.23s
2026-10-02 06:31:45,455 [DEBUG] [TIME] 4705 balance_sheet: 0.19s
2026-10-02 06:31:45,616 [DEBUG] [TIME] 4705 cashflow: 0.16s
2026-10-02 06:31:45,957 [DEBUG] [TIME] 4705 dividends: 0.34s
2026-10-02 06:31:45,958 [INFO] [DETAIL] 4705 クリップコーポレーション: income_stmt=OK, balance_sheet=OK, cashflow=OK, dividends=OK
2026-10-02 06:31:45,958 [INFO] [TIME] 4705 クリップコーポレーション 処理時間: 1.08s
2026-10-02 06:31:47,132 [DEBUG] [TIME] 4707 info: 0.16s
2026-10-02 06:31:47,132 [DEBUG] yfinance OK: 4707
2026-10-02 06:31:47,265 [DEBUG] [TIME] 4707 income_stmt: 0.13s
2026-10-02 06:31:47,497 [DEBUG] [TIME] 4707 balance_sheet: 0.23s
2026-10-02 06:31:47,671 [DEBUG] [TIME] 4707 cashflow: 0.17s
2026-10-02 06:31:47,897 [DEBUG] [TIME] 4707 dividends: 0.23s
2026-10-02 06:31:47,898 [INFO] [DETAIL] 4707 キタック: income_stmt=OK, balance_sheet=OK, cashflow=OK, dividends=OK
2026-10-02 06:31:47,898 [INFO] [TIME] 4707 キタック 処理時間: 0.92s
2026-10-02 06:31:49,961 [DEBUG] [TIME] 4709 info: 0.26s
2026-10-02 06:31:49,961 [DEBUG] yfinance OK: 4709
2026-10-02 06:31:50,107 [DEBUG] [TIME] 4709 income_stmt: 0.15s
2026-10-02 06:31:50,296 [DEBUG] [TIME] 4709 balance_sheet: 0.19s
2026-10-02 06:31:50,437 [DEBUG] [TIME] 4709 cashflow: 0.14s
2026-10-02 06:31:50,687 [DEBUG] [TIME] 4709 dividends: 0.25s
2026-10-02 06:31:50,688 [INFO] [DETAIL] 4709 ＩＤホールディングス: income_stmt=OK, balance_sheet=OK, cashflow=OK, dividends=OK
2026-10-02 06:31:50,688 [INFO] [TIME] 4709 ＩＤホールディングス 処理時間: 0.99s
2026-10-02 06:31:52,187 [DEBUG] [TIME] 4712 info: 0.14s
2026-10-02 06:31:52,187 [DEBUG] yfinance OK: 4712
2026-10-02 06:31:52,320 [DEBUG] [TIME] 4712 income_stmt: 0.13s
2026-10-02 06:31:52,503 [DEBUG] [TIME] 4712 balance_sheet: 0.18s
2026-10-02 06:31:52,681 [DEBUG] [TIME] 4712 cashflow: 0.18s
2026-10-02 06:31:52,953 [DEBUG] [TIME] 4712 dividends: 0.27s
2026-10-02 06:31:52,954 [INFO] [DETAIL] 4712 ＫｅｙＨｏｌｄｅｒ: income_stmt=OK, balance_sheet=OK, cashflow=OK, dividends=OK
2026-10-02 06:31:52,954 [INFO] [TIME] 4712 ＫｅｙＨｏｌｄｅｒ 処理時間: 0.91s
2026-10-02 06:31:55,062 [DEBUG] [TIME] 4714 info: 0.19s
2026-10-02 06:31:55,062 [DEBUG] yfinance OK: 4714
2026-10-02 06:31:55,199 [DEBUG] [TIME] 4714 income_stmt: 0.14s
2026-10-02 06:31:55,426 [DEBUG] [TIME] 4714 balance_sheet: 0.23s
2026-10-02 06:31:55,681 [DEBUG] [TIME] 4714 cashflow: 0.25s
2026-10-02 06:31:55,986 [DEBUG] [TIME] 4714 dividends: 0.30s
2026-10-02 06:31:55,987 [INFO] [DETAIL] 4714 リソー教育グループ: income_stmt=OK, balance_sheet=OK, cashflow=OK, dividends=OK
2026-10-02 06:31:55,987 [INFO] [TIME] 4714 リソー教育グループ 処理時間: 1.12s
2026-10-02 06:31:58,106 [DEBUG] [TIME] 4716 info: 0.19s
2026-10-02 06:31:58,106 [DEBUG] yfinance OK: 4716
2026-10-02 06:31:58,282 [DEBUG] [TIME] 4716 income_stmt: 0.18s
2026-10-02 06:31:58,436 [DEBUG] [TIME] 4716 balance_sheet: 0.15s
2026-10-02 06:31:58,664 [DEBUG] [TIME] 4716 cashflow: 0.23s
2026-10-02 06:31:58,913 [DEBUG] [TIME] 4716 dividends: 0.25s
2026-10-02 06:31:58,914 [INFO] [DETAIL] 4716 日本オラクル: income_stmt=OK, balance_sheet=OK, cashflow=OK, dividends=OK
2026-10-02 06:31:58,914 [INFO] [TIME] 4716 日本オラクル 処理時間: 0.99s
2026-10-02 06:32:00,423 [DEBUG] [TIME] 4718 info: 0.14s
2026-10-02 06:32:00,423 [DEBUG] yfinance OK: 4718
2026-10-02 06:32:00,543 [DEBUG] [TIME] 4718 income_stmt: 0.12s
2026-10-02 06:32:00,885 [DEBUG] [TIME] 4718 balance_sheet: 0.34s
2026-10-02 06:32:01,121 [DEBUG] [TIME] 4718 cashflow: 0.24s
2026-10-02 06:32:01,327 [DEBUG] [TIME] 4718 dividends: 0.21s
2026-10-02 06:32:01,328 [INFO] [DETAIL] 4718 早稲田アカデミー: income_stmt=OK, balance_sheet=OK, cashflow=OK, dividends=OK
2026-10-02 06:32:01,328 [INFO] [TIME] 4718 早稲田アカデミー 処理時間: 1.05s
2026-10-02 06:32:03,038 [INFO] === 実行完了 (yf=494, warns=137, 総実行時間=20分12.7秒) ===
