2026-10-02 08:20:05,819 [INFO] === 実行開始 (500銘柄) ===
2026-10-02 08:20:06,385 [DEBUG] [TIME] 7981 info: 0.57s
2026-10-02 08:20:06,385 [DEBUG] yfinance OK: 7981
2026-10-02 08:20:06,655 [DEBUG] [TIME] 7981 income_stmt: 0.27s
2026-10-02 08:20:06,948 [DEBUG] [TIME] 7981 balance_sheet: 0.29s
2026-10-02 08:20:07,120 [DEBUG] [TIME] 7981 cashflow: 0.17s
2026-10-02 08:20:07,498 [DEBUG] [TIME] 7981 dividends: 0.38s
2026-10-02 08:20:07,500 [INFO] [DETAIL] 7981 タカラスタンダード: income_stmt=OK, balance_sheet=OK, cashflow=OK, dividends=OK
2026-10-02 08:20:07,500 [INFO] [TIME] 7981 タカラスタンダード 処理時間: 1.68s
2026-10-02 08:20:08,845 [DEBUG] [TIME] 7983 info: 0.20s
2026-10-02 08:20:08,845 [DEBUG] yfinance OK: 7983
2026-10-02 08:20:09,107 [DEBUG] [TIME] 7983 income_stmt: 0.26s
2026-10-02 08:20:09,381 [DEBUG] [TIME] 7983 balance_sheet: 0.27s
2026-10-02 08:20:09,599 [DEBUG] [TIME] 7983 cashflow: 0.22s
2026-10-02 08:20:09,961 [DEBUG] [TIME] 7983 dividends: 0.36s
2026-10-02 08:20:09,961 [INFO] [DETAIL] 7983 ミロク: income_stmt=OK, balance_sheet=OK, cashflow=OK, dividends=OK
2026-10-02 08:20:09,962 [INFO] [TIME] 7983 ミロク 処理時間: 1.31s
2026-10-02 08:20:11,940 [DEBUG] [TIME] 7984 info: 0.19s
2026-10-02 08:20:11,940 [DEBUG] yfinance OK: 7984
2026-10-02 08:20:12,176 [DEBUG] [TIME] 7984 income_stmt: 0.24s
2026-10-02 08:20:12,355 [DEBUG] [TIME] 7984 balance_sheet: 0.18s
2026-10-02 08:20:12,603 [DEBUG] [TIME] 7984 cashflow: 0.25s
2026-10-02 08:20:13,097 [DEBUG] [TIME] 7984 dividends: 0.49s
2026-10-02 08:20:13,098 [INFO] [DETAIL] 7984 コクヨ: income_stmt=OK, balance_sheet=OK, cashflow=OK, dividends=OK
2026-10-02 08:20:13,098 [INFO] [TIME] 7984 コクヨ 処理時間: 1.35s
2026-10-02 08:20:14,918 [DEBUG] [TIME] 7985 info: 0.19s
2026-10-02 08:20:14,918 [DEBUG] yfinance OK: 7985
2026-10-02 08:20:15,189 [DEBUG] [TIME] 7985 income_stmt: 0.27s
2026-10-02 08:20:15,373 [DEBUG] [TIME] 7985 balance_sheet: 0.18s
2026-10-02 08:20:15,505 [DEBUG] [TIME] 7985 cashflow: 0.13s
2026-10-02 08:20:15,653 [DEBUG] [TIME] 7985 dividends: 0.15s
2026-10-02 08:20:15,653 [INFO] [DETAIL] 7985 ネポン: income_stmt=OK, balance_sheet=OK, cashflow=OK, dividends=EMPTY
2026-10-02 08:20:15,653 [INFO] [TIME] 7985 ネポン 処理時間: 0.92s
2026-10-02 08:20:16,940 [DEBUG] [TIME] 7986 info: 0.18s
2026-10-02 08:20:16,941 [DEBUG] yfinance OK: 7986
2026-10-02 08:20:17,186 [DEBUG] [TIME] 7986 income_stmt: 0.25s
2026-10-02 08:20:17,356 [DEBUG] [TIME] 7986 balance_sheet: 0.17s
2026-10-02 08:20:17,476 [DEBUG] [TIME] 7986 cashflow: 0.12s
2026-10-02 08:20:17,966 [DEBUG] [TIME] 7986 dividends: 0.49s
2026-10-02 08:20:17,966 [INFO] [DETAIL] 7986 日本アイ・エス・ケイ: income_stmt=OK, balance_sheet=OK, cashflow=OK, dividends=OK
2026-10-02 08:20:17,967 [INFO] [TIME] 7986 日本アイ・エス・ケイ 処理時間: 1.21s
2026-10-02 08:20:19,215 [DEBUG] [TIME] 7987 info: 0.20s
2026-10-02 08:20:19,215 [DEBUG] yfinance OK: 7987
2026-10-02 08:20:19,513 [DEBUG] [TIME] 7987 income_stmt: 0.30s
2026-10-02 08:20:19,778 [DEBUG] [TIME] 7987 balance_sheet: 0.26s
2026-10-02 08:20:20,054 [DEBUG] [TIME] 7987 cashflow: 0.28s
2026-10-02 08:20:20,508 [DEBUG] [TIME] 7987 dividends: 0.45s
2026-10-02 08:20:20,508 [INFO] [DETAIL] 7987 ナカバヤシ: income_stmt=OK, balance_sheet=OK, cashflow=OK, dividends=OK
2026-10-02 08:20:20,509 [INFO] [TIME] 7987 ナカバヤシ 処理時間: 1.50s
2026-10-02 08:20:22,175 [DEBUG] [TIME] 7988 info: 0.20s
2026-10-02 08:20:22,175 [DEBUG] yfinance OK: 7988
2026-10-02 08:20:22,350 [DEBUG] [TIME] 7988 income_stmt: 0.17s
2026-10-02 08:20:22,586 [DEBUG] [TIME] 7988 balance_sheet: 0.24s
2026-10-02 08:20:22,755 [DEBUG] [TIME] 7988 cashflow: 0.17s
2026-10-02 08:20:23,133 [DEBUG] [TIME] 7988 dividends: 0.38s
2026-10-02 08:20:23,134 [INFO] [DETAIL] 7988 ニフコ: income_stmt=OK, balance_sheet=OK, cashflow=OK, dividends=OK
2026-10-02 08:20:23,134 [INFO] [TIME] 7988 ニフコ 処理時間: 1.16s
2026-10-02 08:20:25,001 [DEBUG] [TIME] 7989 info: 0.22s
2026-10-02 08:20:25,002 [DEBUG] yfinance OK: 7989
2026-10-02 08:20:25,184 [DEBUG] [TIME] 7989 income_stmt: 0.18s
2026-10-02 08:20:28,279 [DEBUG] [TIME] 7989 balance_sheet: 3.10s
2026-10-02 08:20:28,505 [DEBUG] [TIME] 7989 cashflow: 0.23s
2026-10-02 08:20:28,865 [DEBUG] [TIME] 7989 dividends: 0.36s
2026-10-02 08:20:28,866 [INFO] [DETAIL] 7989 立川ブラインド工業: income_stmt=OK, balance_sheet=OK, cashflow=OK, dividends=OK
2026-10-02 08:20:28,866 [INFO] [TIME] 7989 立川ブラインド工業 処理時間: 4.08s
2026-10-02 08:20:30,984 [DEBUG] [TIME] 7990 info: 0.38s
2026-10-02 08:20:30,984 [DEBUG] yfinance OK: 7990
2026-10-02 08:20:31,132 [DEBUG] [TIME] 7990 income_stmt: 0.15s
2026-10-02 08:20:31,378 [DEBUG] [TIME] 7990 balance_sheet: 0.25s
2026-10-02 08:20:31,587 [DEBUG] [TIME] 7990 cashflow: 0.21s
2026-10-02 08:20:31,941 [DEBUG] [TIME] 7990 dividends: 0.35s
2026-10-02 08:20:31,941 [INFO] [DETAIL] 7990 グローブライド: income_stmt=OK, balance_sheet=OK, cashflow=OK, dividends=OK
2026-10-02 08:20:31,941 [INFO] [TIME] 7990 グローブライド 処理時間: 1.34s
2026-10-02 08:20:33,623 [DEBUG] [TIME] 7991 info: 0.22s
2026-10-02 08:20:33,623 [DEBUG] yfinance OK: 7991
2026-10-02 08:20:33,889 [DEBUG] [TIME] 7991 income_stmt: 0.27s
2026-10-02 08:20:34,102 [DEBUG] [TIME] 7991 balance_sheet: 0.21s
2026-10-02 08:20:34,361 [DEBUG] [TIME] 7991 cashflow: 0.26s
2026-10-02 08:20:34,727 [DEBUG] [TIME] 7991 dividends: 0.37s
2026-10-02 08:20:34,728 [INFO] [DETAIL] 7991 マミヤ・オーピー: income_stmt=OK, balance_sheet=OK, cashflow=OK, dividends=OK
2026-10-02 08:20:34,728 [INFO] [TIME] 7991 マミヤ・オーピー 処理時間: 1.33s
2026-10-02 08:20:36,093 [DEBUG] [TIME] 7992 info: 0.21s
2026-10-02 08:20:36,093 [DEBUG] yfinance OK: 7992
2026-10-02 08:20:36,350 [DEBUG] [TIME] 7992 income_stmt: 0.26s
2026-10-02 08:20:36,678 [DEBUG] [TIME] 7992 balance_sheet: 0.33s
2026-10-02 08:20:36,979 [DEBUG] [TIME] 7992 cashflow: 0.30s
2026-10-02 08:20:37,274 [DEBUG] [TIME] 7992 dividends: 0.29s
2026-10-02 08:20:37,274 [INFO] [DETAIL] 7992 セーラー万年筆: income_stmt=OK, balance_sheet=OK, cashflow=OK, dividends=OK
2026-10-02 08:20:37,274 [INFO] [TIME] 7992 セーラー万年筆 処理時間: 1.39s
2026-10-02 08:20:39,105 [DEBUG] [TIME] 7994 info: 0.19s
2026-10-02 08:20:39,105 [DEBUG] yfinance OK: 7994
2026-10-02 08:20:39,362 [DEBUG] [TIME] 7994 income_stmt: 0.26s
2026-10-02 08:20:39,642 [DEBUG] [TIME] 7994 balance_sheet: 0.28s
2026-10-02 08:20:39,855 [DEBUG] [TIME] 7994 cashflow: 0.21s
2026-10-02 08:20:40,171 [DEBUG] [TIME] 7994 dividends: 0.32s
2026-10-02 08:20:40,172 [INFO] [DETAIL] 7994 オカムラ: income_stmt=OK, balance_sheet=OK, cashflow=OK, dividends=OK
2026-10-02 08:20:40,172 [INFO] [TIME] 7994 オカムラ 処理時間: 1.25s
2026-10-02 08:20:41,438 [DEBUG] [TIME] 7995 info: 0.20s
2026-10-02 08:20:41,438 [DEBUG] yfinance OK: 7995
2026-10-02 08:20:41,682 [DEBUG] [TIME] 7995 income_stmt: 0.24s
2026-10-02 08:20:41,867 [DEBUG] [TIME] 7995 balance_sheet: 0.18s
2026-10-02 08:20:42,177 [DEBUG] [TIME] 7995 cashflow: 0.31s
2026-10-02 08:20:42,551 [DEBUG] [TIME] 7995 dividends: 0.37s
2026-10-02 08:20:42,551 [INFO] [DETAIL] 7995 バルカー: income_stmt=OK, balance_sheet=OK, cashflow=OK, dividends=OK
2026-10-02 08:20:42,551 [INFO] [TIME] 7995 バルカー 処理時間: 1.31s
2026-10-02 08:20:44,517 [DEBUG] [TIME] 7997 info: 0.21s
2026-10-02 08:20:44,517 [DEBUG] yfinance OK: 7997
2026-10-02 08:20:44,757 [DEBUG] [TIME] 7997 income_stmt: 0.24s
2026-10-02 08:20:44,968 [DEBUG] [TIME] 7997 balance_sheet: 0.21s
2026-10-02 08:20:45,255 [DEBUG] [TIME] 7997 cashflow: 0.29s
2026-10-02 08:20:45,637 [DEBUG] [TIME] 7997 dividends: 0.38s
2026-10-02 08:20:45,638 [INFO] [DETAIL] 7997 くろがね工作所: income_stmt=OK, balance_sheet=OK, cashflow=OK, dividends=OK
2026-10-02 08:20:45,638 [INFO] [TIME] 7997 くろがね工作所 処理時間: 1.33s
2026-10-02 08:20:47,520 [DEBUG] [TIME] 7999 info: 0.41s
2026-10-02 08:20:47,520 [WARNING] yfinance データなし: 7999
2026-10-02 08:20:47,520 [INFO] [TIME] 7999 ＭＵＴＯＨホールディングス 処理時間: 0.41s
2026-10-02 08:20:48,838 [DEBUG] [TIME] 8001 info: 0.20s
2026-10-02 08:20:48,839 [DEBUG] yfinance OK: 8001
2026-10-02 08:20:49,046 [DEBUG] [TIME] 8001 income_stmt: 0.21s
2026-10-02 08:20:49,343 [DEBUG] [TIME] 8001 balance_sheet: 0.30s
2026-10-02 08:20:49,648 [DEBUG] [TIME] 8001 cashflow: 0.30s
2026-10-02 08:20:50,125 [DEBUG] [TIME] 8001 dividends: 0.48s
2026-10-02 08:20:50,126 [INFO] [DETAIL] 8001 伊藤忠商事: income_stmt=OK, balance_sheet=OK, cashflow=OK, dividends=OK
2026-10-02 08:20:50,126 [INFO] [TIME] 8001 伊藤忠商事 処理時間: 1.49s
2026-10-02 08:20:52,296 [DEBUG] [TIME] 8002 info: 0.21s
2026-10-02 08:20:52,297 [DEBUG] yfinance OK: 8002
2026-10-02 08:20:52,489 [DEBUG] [TIME] 8002 income_stmt: 0.19s
2026-10-02 08:20:52,687 [DEBUG] [TIME] 8002 balance_sheet: 0.20s
2026-10-02 08:20:52,991 [DEBUG] [TIME] 8002 cashflow: 0.30s
2026-10-02 08:20:53,411 [DEBUG] [TIME] 8002 dividends: 0.42s
2026-10-02 08:20:53,411 [INFO] [DETAIL] 8002 丸紅: income_stmt=OK, balance_sheet=OK, cashflow=OK, dividends=OK
2026-10-02 08:20:53,411 [INFO] [TIME] 8002 丸紅 処理時間: 1.32s
2026-10-02 08:20:55,386 [DEBUG] [TIME] 8005 info: 0.44s
2026-10-02 08:20:55,386 [DEBUG] yfinance OK: 8005
2026-10-02 08:20:55,561 [DEBUG] [TIME] 8005 income_stmt: 0.18s
2026-10-02 08:20:55,873 [DEBUG] [TIME] 8005 balance_sheet: 0.31s
2026-10-02 08:20:56,242 [DEBUG] [TIME] 8005 cashflow: 0.37s
2026-10-02 08:20:56,726 [DEBUG] [TIME] 8005 dividends: 0.48s
2026-10-02 08:20:56,726 [INFO] [DETAIL] 8005 スクロール: income_stmt=OK, balance_sheet=OK, cashflow=OK, dividends=OK
2026-10-02 08:20:56,727 [INFO] [TIME] 8005 スクロール 処理時間: 1.78s
2026-10-02 08:20:58,992 [DEBUG] [TIME] 8006 info: 0.26s
2026-10-02 08:20:58,992 [DEBUG] yfinance OK: 8006
2026-10-02 08:20:59,199 [DEBUG] [TIME] 8006 income_stmt: 0.21s
2026-10-02 08:20:59,486 [DEBUG] [TIME] 8006 balance_sheet: 0.29s
2026-10-02 08:20:59,659 [DEBUG] [TIME] 8006 cashflow: 0.17s
2026-10-02 08:21:00,078 [DEBUG] [TIME] 8006 dividends: 0.42s
2026-10-02 08:21:00,079 [INFO] [DETAIL] 8006 ユアサ・フナショク: income_stmt=OK, balance_sheet=OK, cashflow=OK, dividends=OK
2026-10-02 08:21:00,079 [INFO] [TIME] 8006 ユアサ・フナショク 処理時間: 1.35s
2026-10-02 08:21:02,059 [DEBUG] [TIME] 8007 info: 0.30s
2026-10-02 08:21:02,059 [DEBUG] yfinance OK: 8007
2026-10-02 08:21:02,344 [DEBUG] [TIME] 8007 income_stmt: 0.28s
2026-10-02 08:21:02,587 [DEBUG] [TIME] 8007 balance_sheet: 0.24s
2026-10-02 08:21:02,918 [DEBUG] [TIME] 8007 cashflow: 0.33s
2026-10-02 08:21:03,400 [DEBUG] [TIME] 8007 dividends: 0.48s
2026-10-02 08:21:03,400 [INFO] [DETAIL] 8007 高島: income_stmt=OK, balance_sheet=OK, cashflow=OK, dividends=OK
2026-10-02 08:21:03,400 [INFO] [TIME] 8007 高島 処理時間: 1.64s
2026-10-02 08:21:04,636 [DEBUG] [TIME] 8008 info: 0.20s
2026-10-02 08:21:04,637 [DEBUG] yfinance OK: 8008
2026-10-02 08:21:04,836 [DEBUG] [TIME] 8008 income_stmt: 0.20s
2026-10-02 08:21:05,078 [DEBUG] [TIME] 8008 balance_sheet: 0.24s
2026-10-02 08:21:05,264 [DEBUG] [TIME] 8008 cashflow: 0.19s
2026-10-02 08:21:05,594 [DEBUG] [TIME] 8008 dividends: 0.33s
2026-10-02 08:21:05,595 [INFO] [DETAIL] 8008 ヨンドシーホールディングス: income_stmt=OK, balance_sheet=OK, cashflow=OK, dividends=OK
2026-10-02 08:21:05,595 [INFO] [TIME] 8008 ヨンドシーホールディングス 処理時間: 1.16s
2026-10-02 08:21:07,376 [DEBUG] [TIME] 8011 info: 0.20s
2026-10-02 08:21:07,376 [DEBUG] yfinance OK: 8011
2026-10-02 08:21:07,535 [DEBUG] [TIME] 8011 income_stmt: 0.16s
2026-10-02 08:21:07,788 [DEBUG] [TIME] 8011 balance_sheet: 0.25s
2026-10-02 08:21:08,082 [DEBUG] [TIME] 8011 cashflow: 0.29s
2026-10-02 08:21:08,488 [DEBUG] [TIME] 8011 dividends: 0.41s
2026-10-02 08:21:08,489 [INFO] [DETAIL] 8011 三陽商会: income_stmt=OK, balance_sheet=OK, cashflow=OK, dividends=OK
2026-10-02 08:21:08,489 [INFO] [TIME] 8011 三陽商会 処理時間: 1.31s
2026-10-02 08:21:10,237 [DEBUG] [TIME] 8012 info: 0.24s
2026-10-02 08:21:10,237 [DEBUG] yfinance OK: 8012
2026-10-02 08:21:10,448 [DEBUG] [TIME] 8012 income_stmt: 0.21s
2026-10-02 08:21:10,617 [DEBUG] [TIME] 8012 balance_sheet: 0.17s
2026-10-02 08:21:10,933 [DEBUG] [TIME] 8012 cashflow: 0.32s
2026-10-02 08:21:11,366 [DEBUG] [TIME] 8012 dividends: 0.43s
2026-10-02 08:21:11,366 [INFO] [DETAIL] 8012 長瀬産業: income_stmt=OK, balance_sheet=OK, cashflow=OK, dividends=OK
2026-10-02 08:21:11,367 [INFO] [TIME] 8012 長瀬産業 処理時間: 1.37s
2026-10-02 08:21:13,576 [DEBUG] [TIME] 8013 info: 0.28s
2026-10-02 08:21:13,576 [DEBUG] yfinance OK: 8013
2026-10-02 08:21:13,814 [DEBUG] [TIME] 8013 income_stmt: 0.24s
2026-10-02 08:21:14,042 [DEBUG] [TIME] 8013 balance_sheet: 0.23s
2026-10-02 08:21:14,228 [DEBUG] [TIME] 8013 cashflow: 0.19s
2026-10-02 08:21:14,521 [DEBUG] [TIME] 8013 dividends: 0.29s
2026-10-02 08:21:14,521 [INFO] [DETAIL] 8013 ナイガイ: income_stmt=OK, balance_sheet=OK, cashflow=OK, dividends=EMPTY
2026-10-02 08:21:14,521 [INFO] [TIME] 8013 ナイガイ 処理時間: 1.22s
2026-10-02 08:21:16,345 [DEBUG] [TIME] 8014 info: 0.29s
2026-10-02 08:21:16,345 [DEBUG] yfinance OK: 8014
2026-10-02 08:21:16,590 [DEBUG] [TIME] 8014 income_stmt: 0.24s
2026-10-02 08:21:17,009 [DEBUG] [TIME] 8014 balance_sheet: 0.42s
2026-10-02 08:21:17,217 [DEBUG] [TIME] 8014 cashflow: 0.21s
2026-10-02 08:21:17,625 [DEBUG] [TIME] 8014 dividends: 0.41s
2026-10-02 08:21:17,626 [INFO] [DETAIL] 8014 蝶理: income_stmt=OK, balance_sheet=OK, cashflow=OK, dividends=OK
2026-10-02 08:21:17,626 [INFO] [TIME] 8014 蝶理 処理時間: 1.57s
2026-10-02 08:21:19,227 [DEBUG] [TIME] 8015 info: 0.21s
2026-10-02 08:21:19,227 [DEBUG] yfinance OK: 8015
2026-10-02 08:21:19,429 [DEBUG] [TIME] 8015 income_stmt: 0.20s
2026-10-02 08:21:19,607 [DEBUG] [TIME] 8015 balance_sheet: 0.18s
2026-10-02 08:21:19,801 [DEBUG] [TIME] 8015 cashflow: 0.19s
2026-10-02 08:21:20,198 [DEBUG] [TIME] 8015 dividends: 0.40s
2026-10-02 08:21:20,199 [INFO] [DETAIL] 8015 豊田通商: income_stmt=OK, balance_sheet=OK, cashflow=OK, dividends=OK
2026-10-02 08:21:20,199 [INFO] [TIME] 8015 豊田通商 処理時間: 1.18s
2026-10-02 08:21:21,523 [DEBUG] [TIME] 8016 info: 0.20s
2026-10-02 08:21:21,523 [DEBUG] yfinance OK: 8016
2026-10-02 08:21:21,796 [DEBUG] [TIME] 8016 income_stmt: 0.27s
2026-10-02 08:21:22,002 [DEBUG] [TIME] 8016 balance_sheet: 0.21s
2026-10-02 08:21:22,229 [DEBUG] [TIME] 8016 cashflow: 0.23s
2026-10-02 08:21:22,533 [DEBUG] [TIME] 8016 dividends: 0.30s
2026-10-02 08:21:22,534 [INFO] [DETAIL] 8016 オンワードホールディングス: income_stmt=OK, balance_sheet=OK, cashflow=OK, dividends=OK
2026-10-02 08:21:22,534 [INFO] [TIME] 8016 オンワードホールディングス 処理時間: 1.22s
2026-10-02 08:21:23,823 [DEBUG] [TIME] 8018 info: 0.22s
2026-10-02 08:21:23,823 [DEBUG] yfinance OK: 8018
2026-10-02 08:21:23,985 [DEBUG] [TIME] 8018 income_stmt: 0.16s
2026-10-02 08:21:24,239 [DEBUG] [TIME] 8018 balance_sheet: 0.25s
2026-10-02 08:21:24,447 [DEBUG] [TIME] 8018 cashflow: 0.21s
2026-10-02 08:21:24,828 [DEBUG] [TIME] 8018 dividends: 0.38s
2026-10-02 08:21:24,828 [INFO] [DETAIL] 8018 三共生興: income_stmt=OK, balance_sheet=OK, cashflow=OK, dividends=OK
2026-10-02 08:21:24,828 [INFO] [TIME] 8018 三共生興 処理時間: 1.22s
2026-10-02 08:21:26,445 [DEBUG] [TIME] 8020 info: 0.25s
2026-10-02 08:21:26,445 [DEBUG] yfinance OK: 8020
2026-10-02 08:21:26,717 [DEBUG] [TIME] 8020 income_stmt: 0.27s
2026-10-02 08:21:27,000 [DEBUG] [TIME] 8020 balance_sheet: 0.28s
2026-10-02 08:21:27,226 [DEBUG] [TIME] 8020 cashflow: 0.22s
2026-10-02 08:21:27,584 [DEBUG] [TIME] 8020 dividends: 0.36s
2026-10-02 08:21:27,585 [INFO] [DETAIL] 8020 兼松: income_stmt=OK, balance_sheet=OK, cashflow=OK, dividends=OK
2026-10-02 08:21:27,585 [INFO] [TIME] 8020 兼松 処理時間: 1.39s
2026-10-02 08:21:29,197 [DEBUG] [TIME] 8022 info: 0.20s
2026-10-02 08:21:29,197 [DEBUG] yfinance OK: 8022
2026-10-02 08:21:29,365 [DEBUG] [TIME] 8022 income_stmt: 0.17s
2026-10-02 08:21:29,736 [DEBUG] [TIME] 8022 balance_sheet: 0.37s
2026-10-02 08:21:29,912 [DEBUG] [TIME] 8022 cashflow: 0.18s
2026-10-02 08:21:30,298 [DEBUG] [TIME] 8022 dividends: 0.39s
2026-10-02 08:21:30,299 [INFO] [DETAIL] 8022 美津濃: income_stmt=OK, balance_sheet=OK, cashflow=OK, dividends=OK
2026-10-02 08:21:30,299 [INFO] [TIME] 8022 美津濃 処理時間: 1.30s
2026-10-02 08:21:32,065 [DEBUG] [TIME] 8023 info: 0.28s
2026-10-02 08:21:32,065 [DEBUG] yfinance OK: 8023
2026-10-02 08:21:32,441 [DEBUG] [TIME] 8023 income_stmt: 0.38s
2026-10-02 08:21:32,721 [DEBUG] [TIME] 8023 balance_sheet: 0.28s
2026-10-02 08:21:32,987 [DEBUG] [TIME] 8023 cashflow: 0.27s
2026-10-02 08:21:33,308 [DEBUG] [TIME] 8023 dividends: 0.32s
2026-10-02 08:21:33,309 [INFO] [DETAIL] 8023 ＤＡＩＫＯ　ＸＴＥＣＨ: income_stmt=OK, balance_sheet=OK, cashflow=OK, dividends=OK
2026-10-02 08:21:33,309 [INFO] [TIME] 8023 ＤＡＩＫＯ　ＸＴＥＣＨ 処理時間: 1.52s
2026-10-02 08:21:34,796 [DEBUG] [TIME] 8025 info: 0.19s
2026-10-02 08:21:34,796 [DEBUG] yfinance OK: 8025
2026-10-02 08:21:35,030 [DEBUG] [TIME] 8025 income_stmt: 0.23s
2026-10-02 08:21:35,288 [DEBUG] [TIME] 8025 balance_sheet: 0.26s
2026-10-02 08:21:35,501 [DEBUG] [TIME] 8025 cashflow: 0.21s
2026-10-02 08:21:35,824 [DEBUG] [TIME] 8025 dividends: 0.32s
2026-10-02 08:21:35,824 [INFO] [DETAIL] 8025 ツカモトコーポレーション: income_stmt=OK, balance_sheet=OK, cashflow=OK, dividends=OK
2026-10-02 08:21:35,824 [INFO] [TIME] 8025 ツカモトコーポレーション 処理時間: 1.22s
2026-10-02 08:21:37,880 [DEBUG] [TIME] 8029 info: 0.21s
2026-10-02 08:21:37,880 [DEBUG] yfinance OK: 8029
2026-10-02 08:21:38,153 [DEBUG] [TIME] 8029 income_stmt: 0.27s
2026-10-02 08:21:38,412 [DEBUG] [TIME] 8029 balance_sheet: 0.26s
2026-10-02 08:21:38,645 [DEBUG] [TIME] 8029 cashflow: 0.23s
2026-10-02 08:21:39,131 [DEBUG] [TIME] 8029 dividends: 0.49s
2026-10-02 08:21:39,132 [INFO] [DETAIL] 8029 ルックホールディングス: income_stmt=OK, balance_sheet=OK, cashflow=OK, dividends=OK
2026-10-02 08:21:39,132 [INFO] [TIME] 8029 ルックホールディングス 処理時間: 1.46s
2026-10-02 08:21:40,395 [DEBUG] [TIME] 8030 info: 0.23s
2026-10-02 08:21:40,395 [DEBUG] yfinance OK: 8030
2026-10-02 08:21:40,568 [DEBUG] [TIME] 8030 income_stmt: 0.17s
2026-10-02 08:21:40,739 [DEBUG] [TIME] 8030 balance_sheet: 0.17s
2026-10-02 08:21:41,006 [DEBUG] [TIME] 8030 cashflow: 0.27s
2026-10-02 08:21:41,389 [DEBUG] [TIME] 8030 dividends: 0.38s
2026-10-02 08:21:41,390 [INFO] [DETAIL] 8030 中央魚類: income_stmt=OK, balance_sheet=OK, cashflow=OK, dividends=OK
2026-10-02 08:21:41,390 [INFO] [TIME] 8030 中央魚類 処理時間: 1.23s
2026-10-02 08:21:42,760 [DEBUG] [TIME] 8031 info: 0.21s
2026-10-02 08:21:42,760 [DEBUG] yfinance OK: 8031
2026-10-02 08:21:43,018 [DEBUG] [TIME] 8031 income_stmt: 0.26s
2026-10-02 08:21:43,294 [DEBUG] [TIME] 8031 balance_sheet: 0.28s
2026-10-02 08:21:43,461 [DEBUG] [TIME] 8031 cashflow: 0.17s
2026-10-02 08:21:43,888 [DEBUG] [TIME] 8031 dividends: 0.43s
2026-10-02 08:21:43,889 [INFO] [DETAIL] 8031 三井物産: income_stmt=OK, balance_sheet=OK, cashflow=OK, dividends=OK
2026-10-02 08:21:43,889 [INFO] [TIME] 8031 三井物産 処理時間: 1.34s
2026-10-02 08:21:45,359 [DEBUG] [TIME] 8032 info: 0.22s
2026-10-02 08:21:45,359 [DEBUG] yfinance OK: 8032
2026-10-02 08:21:45,619 [DEBUG] [TIME] 8032 income_stmt: 0.26s
2026-10-02 08:21:45,891 [DEBUG] [TIME] 8032 balance_sheet: 0.27s
2026-10-02 08:21:46,169 [DEBUG] [TIME] 8032 cashflow: 0.28s
2026-10-02 08:21:46,532 [DEBUG] [TIME] 8032 dividends: 0.36s
2026-10-02 08:21:46,533 [INFO] [DETAIL] 8032 日本紙パルプ商事: income_stmt=OK, balance_sheet=OK, cashflow=OK, dividends=OK
2026-10-02 08:21:46,533 [INFO] [TIME] 8032 日本紙パルプ商事 処理時間: 1.40s
2026-10-02 08:21:47,902 [DEBUG] [TIME] 8035 info: 0.25s
2026-10-02 08:21:47,902 [DEBUG] yfinance OK: 8035
2026-10-02 08:21:48,168 [DEBUG] [TIME] 8035 income_stmt: 0.27s
2026-10-02 08:21:48,495 [DEBUG] [TIME] 8035 balance_sheet: 0.33s
2026-10-02 08:21:48,702 [DEBUG] [TIME] 8035 cashflow: 0.21s
2026-10-02 08:21:49,266 [DEBUG] [TIME] 8035 dividends: 0.56s
2026-10-02 08:21:49,266 [INFO] [DETAIL] 8035 東京エレクトロン: income_stmt=OK, balance_sheet=OK, cashflow=OK, dividends=OK
2026-10-02 08:21:49,266 [INFO] [TIME] 8035 東京エレクトロン 処理時間: 1.61s
2026-10-02 08:21:51,332 [DEBUG] [TIME] 8037 info: 0.19s
2026-10-02 08:21:51,332 [DEBUG] yfinance OK: 8037
2026-10-02 08:21:51,590 [DEBUG] [TIME] 8037 income_stmt: 0.26s
2026-10-02 08:21:51,815 [DEBUG] [TIME] 8037 balance_sheet: 0.22s
2026-10-02 08:21:52,061 [DEBUG] [TIME] 8037 cashflow: 0.25s
2026-10-02 08:21:52,454 [DEBUG] [TIME] 8037 dividends: 0.39s
2026-10-02 08:21:52,455 [INFO] [DETAIL] 8037 カメイ: income_stmt=OK, balance_sheet=OK, cashflow=OK, dividends=OK
2026-10-02 08:21:52,455 [INFO] [TIME] 8037 カメイ 処理時間: 1.31s
2026-10-02 08:21:54,176 [DEBUG] [TIME] 8039 info: 0.19s
2026-10-02 08:21:54,176 [DEBUG] yfinance OK: 8039
2026-10-02 08:21:54,369 [DEBUG] [TIME] 8039 income_stmt: 0.19s
2026-10-02 08:21:54,630 [DEBUG] [TIME] 8039 balance_sheet: 0.26s
2026-10-02 08:21:55,001 [DEBUG] [TIME] 8039 cashflow: 0.37s
2026-10-02 08:21:55,464 [DEBUG] [TIME] 8039 dividends: 0.46s
2026-10-02 08:21:55,465 [INFO] [DETAIL] 8039 築地魚市場: income_stmt=OK, balance_sheet=OK, cashflow=OK, dividends=OK
2026-10-02 08:21:55,465 [INFO] [TIME] 8039 築地魚市場 処理時間: 1.48s
2026-10-02 08:21:56,717 [DEBUG] [TIME] 8040 info: 0.25s
2026-10-02 08:21:56,717 [DEBUG] yfinance OK: 8040
2026-10-02 08:21:56,890 [DEBUG] [TIME] 8040 income_stmt: 0.17s
2026-10-02 08:21:57,296 [DEBUG] [TIME] 8040 balance_sheet: 0.41s
2026-10-02 08:21:57,652 [DEBUG] [TIME] 8040 cashflow: 0.36s
2026-10-02 08:21:57,998 [DEBUG] [TIME] 8040 dividends: 0.35s
2026-10-02 08:21:57,999 [INFO] [DETAIL] 8040 東京ソワール: income_stmt=OK, balance_sheet=OK, cashflow=OK, dividends=OK
2026-10-02 08:21:57,999 [INFO] [TIME] 8040 東京ソワール 処理時間: 1.53s
2026-10-02 08:21:59,296 [DEBUG] [TIME] 8041 info: 0.21s
2026-10-02 08:21:59,296 [DEBUG] yfinance OK: 8041
2026-10-02 08:21:59,534 [DEBUG] [TIME] 8041 income_stmt: 0.24s
2026-10-02 08:21:59,754 [DEBUG] [TIME] 8041 balance_sheet: 0.22s
2026-10-02 08:21:59,917 [DEBUG] [TIME] 8041 cashflow: 0.16s
2026-10-02 08:22:00,243 [DEBUG] [TIME] 8041 dividends: 0.33s
2026-10-02 08:22:00,244 [INFO] [DETAIL] 8041 ＯＵＧホールディングス: income_stmt=OK, balance_sheet=OK, cashflow=OK, dividends=OK
2026-10-02 08:22:00,244 [INFO] [TIME] 8041 ＯＵＧホールディングス 処理時間: 1.16s
2026-10-02 08:22:02,108 [DEBUG] [TIME] 8043 info: 0.24s
2026-10-02 08:22:02,108 [DEBUG] yfinance OK: 8043
2026-10-02 08:22:02,364 [DEBUG] [TIME] 8043 income_stmt: 0.26s
2026-10-02 08:22:02,572 [DEBUG] [TIME] 8043 balance_sheet: 0.21s
2026-10-02 08:22:02,769 [DEBUG] [TIME] 8043 cashflow: 0.20s
2026-10-02 08:22:03,180 [DEBUG] [TIME] 8043 dividends: 0.41s
2026-10-02 08:22:03,181 [INFO] [DETAIL] 8043 スターゼン: income_stmt=OK, balance_sheet=OK, cashflow=OK, dividends=OK
2026-10-02 08:22:03,181 [INFO] [TIME] 8043 スターゼン 処理時間: 1.31s
2026-10-02 08:22:04,470 [DEBUG] [TIME] 8045 info: 0.21s
2026-10-02 08:22:04,470 [DEBUG] yfinance OK: 8045
2026-10-02 08:22:04,652 [DEBUG] [TIME] 8045 income_stmt: 0.18s
2026-10-02 08:22:04,894 [DEBUG] [TIME] 8045 balance_sheet: 0.24s
2026-10-02 08:22:05,100 [DEBUG] [TIME] 8045 cashflow: 0.21s
2026-10-02 08:22:05,433 [DEBUG] [TIME] 8045 dividends: 0.33s
2026-10-02 08:22:05,434 [INFO] [DETAIL] 8045 横浜丸魚: income_stmt=OK, balance_sheet=OK, cashflow=OK, dividends=OK
2026-10-02 08:22:05,434 [INFO] [TIME] 8045 横浜丸魚 処理時間: 1.17s
2026-10-02 08:22:06,928 [DEBUG] [TIME] 8046 info: 0.20s
2026-10-02 08:22:06,928 [DEBUG] yfinance OK: 8046
2026-10-02 08:22:07,106 [DEBUG] [TIME] 8046 income_stmt: 0.18s
2026-10-02 08:22:07,377 [DEBUG] [TIME] 8046 balance_sheet: 0.27s
2026-10-02 08:22:07,633 [DEBUG] [TIME] 8046 cashflow: 0.25s
2026-10-02 08:22:08,053 [DEBUG] [TIME] 8046 dividends: 0.42s
2026-10-02 08:22:08,054 [INFO] [DETAIL] 8046 丸藤シートパイル: income_stmt=OK, balance_sheet=OK, cashflow=OK, dividends=OK
2026-10-02 08:22:08,054 [INFO] [TIME] 8046 丸藤シートパイル 処理時間: 1.32s
2026-10-02 08:22:09,579 [DEBUG] [TIME] 8050 info: 0.23s
2026-10-02 08:22:09,579 [DEBUG] yfinance OK: 8050
2026-10-02 08:22:09,897 [DEBUG] [TIME] 8050 income_stmt: 0.32s
2026-10-02 08:22:10,229 [DEBUG] [TIME] 8050 balance_sheet: 0.33s
2026-10-02 08:22:10,465 [DEBUG] [TIME] 8050 cashflow: 0.24s
2026-10-02 08:22:10,842 [DEBUG] [TIME] 8050 dividends: 0.38s
2026-10-02 08:22:10,843 [INFO] [DETAIL] 8050 セイコーグループ: income_stmt=OK, balance_sheet=OK, cashflow=OK, dividends=OK
2026-10-02 08:22:10,843 [INFO] [TIME] 8050 セイコーグループ 処理時間: 1.50s
2026-10-02 08:22:12,775 [DEBUG] [TIME] 8051 info: 0.22s
2026-10-02 08:22:12,775 [DEBUG] yfinance OK: 8051
2026-10-02 08:22:12,940 [DEBUG] [TIME] 8051 income_stmt: 0.17s
2026-10-02 08:22:13,264 [DEBUG] [TIME] 8051 balance_sheet: 0.32s
2026-10-02 08:22:13,444 [DEBUG] [TIME] 8051 cashflow: 0.18s
2026-10-02 08:22:13,902 [DEBUG] [TIME] 8051 dividends: 0.46s
2026-10-02 08:22:13,902 [INFO] [DETAIL] 8051 山善: income_stmt=OK, balance_sheet=OK, cashflow=OK, dividends=OK
2026-10-02 08:22:13,902 [INFO] [TIME] 8051 山善 処理時間: 1.35s
2026-10-02 08:22:15,632 [DEBUG] [TIME] 8052 info: 0.20s
2026-10-02 08:22:15,633 [DEBUG] yfinance OK: 8052
2026-10-02 08:22:15,803 [DEBUG] [TIME] 8052 income_stmt: 0.17s
2026-10-02 08:22:15,950 [DEBUG] [TIME] 8052 balance_sheet: 0.15s
2026-10-02 08:22:16,207 [DEBUG] [TIME] 8052 cashflow: 0.26s
2026-10-02 08:22:16,589 [DEBUG] [TIME] 8052 dividends: 0.38s
2026-10-02 08:22:16,590 [INFO] [DETAIL] 8052 椿本興業: income_stmt=OK, balance_sheet=OK, cashflow=OK, dividends=OK
2026-10-02 08:22:16,590 [INFO] [TIME] 8052 椿本興業 処理時間: 1.16s
2026-10-02 08:22:18,648 [DEBUG] [TIME] 8053 info: 0.22s
2026-10-02 08:22:18,648 [DEBUG] yfinance OK: 8053
2026-10-02 08:22:18,955 [DEBUG] [TIME] 8053 income_stmt: 0.31s
2026-10-02 08:22:19,200 [DEBUG] [TIME] 8053 balance_sheet: 0.25s
2026-10-02 08:22:19,483 [DEBUG] [TIME] 8053 cashflow: 0.28s
2026-10-02 08:22:19,916 [DEBUG] [TIME] 8053 dividends: 0.43s
2026-10-02 08:22:19,917 [INFO] [DETAIL] 8053 住友商事: income_stmt=OK, balance_sheet=OK, cashflow=OK, dividends=OK
2026-10-02 08:22:19,917 [INFO] [TIME] 8053 住友商事 処理時間: 1.49s
2026-10-02 08:22:21,608 [DEBUG] [TIME] 8056 info: 0.26s
2026-10-02 08:22:21,608 [DEBUG] yfinance OK: 8056
2026-10-02 08:22:21,854 [DEBUG] [TIME] 8056 income_stmt: 0.25s
2026-10-02 08:22:22,076 [DEBUG] [TIME] 8056 balance_sheet: 0.22s
2026-10-02 08:22:22,260 [DEBUG] [TIME] 8056 cashflow: 0.18s
2026-10-02 08:22:22,723 [DEBUG] [TIME] 8056 dividends: 0.46s
2026-10-02 08:22:22,724 [INFO] [DETAIL] 8056 ＢＩＰＲＯＧＹ: income_stmt=OK, balance_sheet=OK, cashflow=OK, dividends=OK
2026-10-02 08:22:22,724 [INFO] [TIME] 8056 ＢＩＰＲＯＧＹ 処理時間: 1.38s
2026-10-02 08:22:24,540 [DEBUG] [TIME] 8057 info: 0.24s
2026-10-02 08:22:24,541 [DEBUG] yfinance OK: 8057
2026-10-02 08:22:24,795 [DEBUG] [TIME] 8057 income_stmt: 0.25s
2026-10-02 08:22:25,127 [DEBUG] [TIME] 8057 balance_sheet: 0.33s
2026-10-02 08:22:25,375 [DEBUG] [TIME] 8057 cashflow: 0.25s
2026-10-02 08:22:25,802 [DEBUG] [TIME] 8057 dividends: 0.43s
2026-10-02 08:22:25,803 [INFO] [DETAIL] 8057 内田洋行: income_stmt=OK, balance_sheet=OK, cashflow=OK, dividends=OK
2026-10-02 08:22:25,803 [INFO] [TIME] 8057 内田洋行 処理時間: 1.51s
2026-10-02 08:22:27,664 [DEBUG] [TIME] 8058 info: 0.22s
2026-10-02 08:22:27,664 [DEBUG] yfinance OK: 8058
2026-10-02 08:22:27,853 [DEBUG] [TIME] 8058 income_stmt: 0.19s
2026-10-02 08:22:28,056 [DEBUG] [TIME] 8058 balance_sheet: 0.20s
2026-10-02 08:22:28,282 [DEBUG] [TIME] 8058 cashflow: 0.23s
2026-10-02 08:22:28,670 [DEBUG] [TIME] 8058 dividends: 0.39s
2026-10-02 08:22:28,671 [INFO] [DETAIL] 8058 三菱商事: income_stmt=OK, balance_sheet=OK, cashflow=OK, dividends=OK
2026-10-02 08:22:28,671 [INFO] [TIME] 8058 三菱商事 処理時間: 1.23s
2026-10-02 08:22:30,841 [DEBUG] [TIME] 8059 info: 0.21s
2026-10-02 08:22:30,841 [DEBUG] yfinance OK: 8059
2026-10-02 08:22:31,193 [DEBUG] [TIME] 8059 income_stmt: 0.35s
2026-10-02 08:22:31,486 [DEBUG] [TIME] 8059 balance_sheet: 0.29s
2026-10-02 08:22:31,848 [DEBUG] [TIME] 8059 cashflow: 0.36s
2026-10-02 08:22:32,187 [DEBUG] [TIME] 8059 dividends: 0.34s
2026-10-02 08:22:32,187 [INFO] [DETAIL] 8059 第一実業: income_stmt=OK, balance_sheet=OK, cashflow=OK, dividends=OK
2026-10-02 08:22:32,187 [INFO] [TIME] 8059 第一実業 処理時間: 1.56s
2026-10-02 08:22:33,476 [DEBUG] [TIME] 8060 info: 0.22s
2026-10-02 08:22:33,476 [DEBUG] yfinance OK: 8060
2026-10-02 08:22:33,715 [DEBUG] [TIME] 8060 income_stmt: 0.24s
2026-10-02 08:22:33,944 [DEBUG] [TIME] 8060 balance_sheet: 0.23s
2026-10-02 08:22:34,086 [DEBUG] [TIME] 8060 cashflow: 0.14s
2026-10-02 08:22:34,522 [DEBUG] [TIME] 8060 dividends: 0.44s
2026-10-02 08:22:34,523 [INFO] [DETAIL] 8060 キヤノンマーケティングジャパン: income_stmt=OK, balance_sheet=OK, cashflow=OK, dividends=OK
2026-10-02 08:22:34,523 [INFO] [TIME] 8060 キヤノンマーケティングジャパン 処理時間: 1.27s
2026-10-02 08:22:36,524 [DEBUG] [TIME] 8061 info: 0.22s
2026-10-02 08:22:36,524 [DEBUG] yfinance OK: 8061
2026-10-02 08:22:36,707 [DEBUG] [TIME] 8061 income_stmt: 0.18s
2026-10-02 08:22:36,999 [DEBUG] [TIME] 8061 balance_sheet: 0.29s
2026-10-02 08:22:37,216 [DEBUG] [TIME] 8061 cashflow: 0.22s
2026-10-02 08:22:37,645 [DEBUG] [TIME] 8061 dividends: 0.43s
2026-10-02 08:22:37,646 [INFO] [DETAIL] 8061 西華産業: income_stmt=OK, balance_sheet=OK, cashflow=OK, dividends=OK
2026-10-02 08:22:37,646 [INFO] [TIME] 8061 西華産業 処理時間: 1.34s
2026-10-02 08:22:39,298 [DEBUG] [TIME] 8065 info: 0.31s
2026-10-02 08:22:39,298 [DEBUG] yfinance OK: 8065
2026-10-02 08:22:39,618 [DEBUG] [TIME] 8065 income_stmt: 0.32s
2026-10-02 08:22:39,814 [DEBUG] [TIME] 8065 balance_sheet: 0.20s
2026-10-02 08:22:40,020 [DEBUG] [TIME] 8065 cashflow: 0.21s
2026-10-02 08:22:40,399 [DEBUG] [TIME] 8065 dividends: 0.38s
2026-10-02 08:22:40,400 [INFO] [DETAIL] 8065 佐藤商事: income_stmt=OK, balance_sheet=OK, cashflow=OK, dividends=OK
2026-10-02 08:22:40,400 [INFO] [TIME] 8065 佐藤商事 処理時間: 1.41s
2026-10-02 08:22:41,743 [DEBUG] [TIME] 8066 info: 0.20s
2026-10-02 08:22:41,743 [DEBUG] yfinance OK: 8066
2026-10-02 08:22:42,011 [DEBUG] [TIME] 8066 income_stmt: 0.27s
2026-10-02 08:22:42,219 [DEBUG] [TIME] 8066 balance_sheet: 0.21s
2026-10-02 08:22:42,350 [DEBUG] [TIME] 8066 cashflow: 0.13s
2026-10-02 08:22:42,746 [DEBUG] [TIME] 8066 dividends: 0.40s
2026-10-02 08:22:42,747 [INFO] [DETAIL] 8066 三谷商事: income_stmt=OK, balance_sheet=OK, cashflow=OK, dividends=OK
2026-10-02 08:22:42,747 [INFO] [TIME] 8066 三谷商事 処理時間: 1.20s
2026-10-02 08:22:44,159 [DEBUG] [TIME] 8070 info: 0.24s
2026-10-02 08:22:44,159 [DEBUG] yfinance OK: 8070
2026-10-02 08:22:44,320 [DEBUG] [TIME] 8070 income_stmt: 0.16s
2026-10-02 08:22:44,628 [DEBUG] [TIME] 8070 balance_sheet: 0.31s
2026-10-02 08:22:44,849 [DEBUG] [TIME] 8070 cashflow: 0.22s
2026-10-02 08:22:45,225 [DEBUG] [TIME] 8070 dividends: 0.38s
2026-10-02 08:22:45,226 [INFO] [DETAIL] 8070 東京産業: income_stmt=OK, balance_sheet=OK, cashflow=OK, dividends=OK
2026-10-02 08:22:45,226 [INFO] [TIME] 8070 東京産業 処理時間: 1.31s
2026-10-02 08:22:46,733 [DEBUG] [TIME] 8074 info: 0.20s
2026-10-02 08:22:46,733 [DEBUG] yfinance OK: 8074
2026-10-02 08:22:46,922 [DEBUG] [TIME] 8074 income_stmt: 0.19s
2026-10-02 08:22:47,171 [DEBUG] [TIME] 8074 balance_sheet: 0.25s
2026-10-02 08:22:47,390 [DEBUG] [TIME] 8074 cashflow: 0.22s
2026-10-02 08:22:47,857 [DEBUG] [TIME] 8074 dividends: 0.47s
2026-10-02 08:22:47,857 [INFO] [DETAIL] 8074 ＹＵＡＳＡ: income_stmt=OK, balance_sheet=OK, cashflow=OK, dividends=OK
2026-10-02 08:22:47,858 [INFO] [TIME] 8074 ＹＵＡＳＡ 処理時間: 1.32s
2026-10-02 08:22:49,953 [DEBUG] [TIME] 8075 info: 0.26s
2026-10-02 08:22:49,954 [DEBUG] yfinance OK: 8075
2026-10-02 08:22:50,202 [DEBUG] [TIME] 8075 income_stmt: 0.25s
2026-10-02 08:22:50,497 [DEBUG] [TIME] 8075 balance_sheet: 0.29s
2026-10-02 08:22:50,648 [DEBUG] [TIME] 8075 cashflow: 0.15s
2026-10-02 08:22:51,048 [DEBUG] [TIME] 8075 dividends: 0.40s
2026-10-02 08:22:51,049 [INFO] [DETAIL] 8075 神鋼商事: income_stmt=OK, balance_sheet=OK, cashflow=OK, dividends=OK
2026-10-02 08:22:51,049 [INFO] [TIME] 8075 神鋼商事 処理時間: 1.35s
2026-10-02 08:22:52,543 [DEBUG] [TIME] 8076 info: 0.23s
2026-10-02 08:22:52,543 [DEBUG] yfinance OK: 8076
2026-10-02 08:22:52,711 [DEBUG] [TIME] 8076 income_stmt: 0.17s
2026-10-02 08:22:53,027 [DEBUG] [TIME] 8076 balance_sheet: 0.32s
2026-10-02 08:22:53,218 [DEBUG] [TIME] 8076 cashflow: 0.19s
2026-10-02 08:22:53,410 [DEBUG] [TIME] 8076 dividends: 0.19s
2026-10-02 08:22:53,411 [INFO] [DETAIL] 8076 カノークス: income_stmt=OK, balance_sheet=OK, cashflow=OK, dividends=OK
2026-10-02 08:22:53,411 [INFO] [TIME] 8076 カノークス 処理時間: 1.09s
2026-10-02 08:22:54,996 [DEBUG] [TIME] 8077 info: 0.19s
2026-10-02 08:22:54,996 [DEBUG] yfinance OK: 8077
2026-10-02 08:22:55,247 [DEBUG] [TIME] 8077 income_stmt: 0.25s
2026-10-02 08:22:55,445 [DEBUG] [TIME] 8077 balance_sheet: 0.20s
2026-10-02 08:22:55,614 [DEBUG] [TIME] 8077 cashflow: 0.17s
2026-10-02 08:22:55,942 [DEBUG] [TIME] 8077 dividends: 0.33s
2026-10-02 08:22:55,942 [INFO] [DETAIL] 8077 トルク: income_stmt=OK, balance_sheet=OK, cashflow=OK, dividends=OK
2026-10-02 08:22:55,942 [INFO] [TIME] 8077 トルク 処理時間: 1.14s
2026-10-02 08:22:57,632 [DEBUG] [TIME] 8078 info: 0.19s
2026-10-02 08:22:57,632 [DEBUG] yfinance OK: 8078
2026-10-02 08:22:57,776 [DEBUG] [TIME] 8078 income_stmt: 0.14s
2026-10-02 08:22:57,979 [DEBUG] [TIME] 8078 balance_sheet: 0.20s
2026-10-02 08:22:58,256 [DEBUG] [TIME] 8078 cashflow: 0.28s
2026-10-02 08:22:58,637 [DEBUG] [TIME] 8078 dividends: 0.38s
2026-10-02 08:22:58,638 [INFO] [DETAIL] 8078 阪和興業: income_stmt=OK, balance_sheet=OK, cashflow=OK, dividends=OK
2026-10-02 08:22:58,638 [INFO] [TIME] 8078 阪和興業 処理時間: 1.20s
2026-10-02 08:23:00,372 [DEBUG] [TIME] 8079 info: 0.19s
2026-10-02 08:23:00,372 [DEBUG] yfinance OK: 8079
2026-10-02 08:23:00,633 [DEBUG] [TIME] 8079 income_stmt: 0.26s
2026-10-02 08:23:00,841 [DEBUG] [TIME] 8079 balance_sheet: 0.21s
2026-10-02 08:23:01,103 [DEBUG] [TIME] 8079 cashflow: 0.26s
2026-10-02 08:23:01,473 [DEBUG] [TIME] 8079 dividends: 0.37s
2026-10-02 08:23:01,474 [INFO] [DETAIL] 8079 正栄食品工業: income_stmt=OK, balance_sheet=OK, cashflow=OK, dividends=OK
2026-10-02 08:23:01,474 [INFO] [TIME] 8079 正栄食品工業 処理時間: 1.29s
2026-10-02 08:23:02,903 [DEBUG] [TIME] 8081 info: 0.21s
2026-10-02 08:23:02,903 [DEBUG] yfinance OK: 8081
2026-10-02 08:23:03,088 [DEBUG] [TIME] 8081 income_stmt: 0.19s
2026-10-02 08:23:03,296 [DEBUG] [TIME] 8081 balance_sheet: 0.21s
2026-10-02 08:23:03,459 [DEBUG] [TIME] 8081 cashflow: 0.16s
2026-10-02 08:23:03,787 [DEBUG] [TIME] 8081 dividends: 0.33s
2026-10-02 08:23:03,787 [INFO] [DETAIL] 8081 カナデン: income_stmt=OK, balance_sheet=OK, cashflow=OK, dividends=OK
2026-10-02 08:23:03,787 [INFO] [TIME] 8081 カナデン 処理時間: 1.10s
2026-10-02 08:23:05,168 [DEBUG] [TIME] 8084 info: 0.21s
2026-10-02 08:23:05,168 [DEBUG] yfinance OK: 8084
2026-10-02 08:23:05,431 [DEBUG] [TIME] 8084 income_stmt: 0.26s
2026-10-02 08:23:05,667 [DEBUG] [TIME] 8084 balance_sheet: 0.24s
2026-10-02 08:23:05,888 [DEBUG] [TIME] 8084 cashflow: 0.22s
2026-10-02 08:23:06,307 [DEBUG] [TIME] 8084 dividends: 0.42s
2026-10-02 08:23:06,308 [INFO] [DETAIL] 8084 ＲＹＯＤＥＮ: income_stmt=OK, balance_sheet=OK, cashflow=OK, dividends=OK
2026-10-02 08:23:06,308 [INFO] [TIME] 8084 ＲＹＯＤＥＮ 処理時間: 1.35s
2026-10-02 08:23:08,051 [DEBUG] [TIME] 8085 info: 0.19s
2026-10-02 08:23:08,051 [DEBUG] yfinance OK: 8085
2026-10-02 08:23:08,222 [DEBUG] [TIME] 8085 income_stmt: 0.17s
2026-10-02 08:23:08,398 [DEBUG] [TIME] 8085 balance_sheet: 0.18s
2026-10-02 08:23:08,667 [DEBUG] [TIME] 8085 cashflow: 0.27s
2026-10-02 08:23:09,081 [DEBUG] [TIME] 8085 dividends: 0.41s
2026-10-02 08:23:09,081 [INFO] [DETAIL] 8085 ナラサキ産業: income_stmt=OK, balance_sheet=OK, cashflow=OK, dividends=OK
2026-10-02 08:23:09,081 [INFO] [TIME] 8085 ナラサキ産業 処理時間: 1.22s
2026-10-02 08:23:10,502 [DEBUG] [TIME] 8086 info: 0.21s
2026-10-02 08:23:10,502 [DEBUG] yfinance OK: 8086
2026-10-02 08:23:10,774 [DEBUG] [TIME] 8086 income_stmt: 0.27s
2026-10-02 08:23:10,962 [DEBUG] [TIME] 8086 balance_sheet: 0.19s
2026-10-02 08:23:11,132 [DEBUG] [TIME] 8086 cashflow: 0.17s
2026-10-02 08:23:11,452 [DEBUG] [TIME] 8086 dividends: 0.32s
2026-10-02 08:23:11,453 [INFO] [DETAIL] 8086 ニプロ: income_stmt=OK, balance_sheet=OK, cashflow=OK, dividends=OK
2026-10-02 08:23:11,453 [INFO] [TIME] 8086 ニプロ 処理時間: 1.16s
2026-10-02 08:23:13,010 [DEBUG] [TIME] 8088 info: 0.21s
2026-10-02 08:23:13,010 [DEBUG] yfinance OK: 8088
2026-10-02 08:23:13,256 [DEBUG] [TIME] 8088 income_stmt: 0.25s
2026-10-02 08:23:13,663 [DEBUG] [TIME] 8088 balance_sheet: 0.41s
2026-10-02 08:23:13,832 [DEBUG] [TIME] 8088 cashflow: 0.17s
2026-10-02 08:23:14,310 [DEBUG] [TIME] 8088 dividends: 0.48s
2026-10-02 08:23:14,311 [INFO] [DETAIL] 8088 岩谷産業: income_stmt=OK, balance_sheet=OK, cashflow=OK, dividends=OK
2026-10-02 08:23:14,311 [INFO] [TIME] 8088 岩谷産業 処理時間: 1.51s
2026-10-02 08:23:16,119 [DEBUG] [TIME] 8089 info: 0.21s
2026-10-02 08:23:16,119 [DEBUG] yfinance OK: 8089
2026-10-02 08:23:16,345 [DEBUG] [TIME] 8089 income_stmt: 0.23s
2026-10-02 08:23:16,554 [DEBUG] [TIME] 8089 balance_sheet: 0.21s
2026-10-02 08:23:16,711 [DEBUG] [TIME] 8089 cashflow: 0.16s
2026-10-02 08:23:17,118 [DEBUG] [TIME] 8089 dividends: 0.41s
2026-10-02 08:23:17,119 [INFO] [DETAIL] 8089 ナイス: income_stmt=OK, balance_sheet=OK, cashflow=OK, dividends=OK
2026-10-02 08:23:17,119 [INFO] [TIME] 8089 ナイス 処理時間: 1.21s
2026-10-02 08:23:19,327 [DEBUG] [TIME] 8091 info: 0.23s
2026-10-02 08:23:19,327 [DEBUG] yfinance OK: 8091
2026-10-02 08:23:19,527 [DEBUG] [TIME] 8091 income_stmt: 0.20s
2026-10-02 08:23:19,706 [DEBUG] [TIME] 8091 balance_sheet: 0.18s
2026-10-02 08:23:20,001 [DEBUG] [TIME] 8091 cashflow: 0.29s
2026-10-02 08:23:20,314 [DEBUG] [TIME] 8091 dividends: 0.31s
2026-10-02 08:23:20,315 [INFO] [DETAIL] 8091 ニチモウ: income_stmt=OK, balance_sheet=OK, cashflow=OK, dividends=OK
2026-10-02 08:23:20,315 [INFO] [TIME] 8091 ニチモウ 処理時間: 1.22s
2026-10-02 08:23:21,807 [DEBUG] [TIME] 8093 info: 0.26s
2026-10-02 08:23:21,807 [DEBUG] yfinance OK: 8093
2026-10-02 08:23:22,042 [DEBUG] [TIME] 8093 income_stmt: 0.24s
2026-10-02 08:23:22,320 [DEBUG] [TIME] 8093 balance_sheet: 0.28s
2026-10-02 08:23:22,540 [DEBUG] [TIME] 8093 cashflow: 0.22s
2026-10-02 08:23:22,931 [DEBUG] [TIME] 8093 dividends: 0.39s
2026-10-02 08:23:22,931 [INFO] [DETAIL] 8093 極東貿易: income_stmt=OK, balance_sheet=OK, cashflow=OK, dividends=OK
2026-10-02 08:23:22,931 [INFO] [TIME] 8093 極東貿易 処理時間: 1.38s
2026-10-02 08:23:24,327 [DEBUG] [TIME] 8095 info: 0.19s
2026-10-02 08:23:24,327 [DEBUG] yfinance OK: 8095
2026-10-02 08:23:24,522 [DEBUG] [TIME] 8095 income_stmt: 0.20s
2026-10-02 08:23:24,796 [DEBUG] [TIME] 8095 balance_sheet: 0.27s
2026-10-02 08:23:24,995 [DEBUG] [TIME] 8095 cashflow: 0.20s
2026-10-02 08:23:25,464 [DEBUG] [TIME] 8095 dividends: 0.47s
2026-10-02 08:23:25,465 [INFO] [DETAIL] 8095 アステナホールディングス: income_stmt=OK, balance_sheet=OK, cashflow=OK, dividends=OK
2026-10-02 08:23:25,465 [INFO] [TIME] 8095 アステナホールディングス 処理時間: 1.32s
2026-10-02 08:23:27,502 [DEBUG] [TIME] 8097 info: 0.20s
2026-10-02 08:23:27,502 [DEBUG] yfinance OK: 8097
2026-10-02 08:23:27,672 [DEBUG] [TIME] 8097 income_stmt: 0.17s
2026-10-02 08:23:28,099 [DEBUG] [TIME] 8097 balance_sheet: 0.43s
2026-10-02 08:23:28,377 [DEBUG] [TIME] 8097 cashflow: 0.28s
2026-10-02 08:23:28,780 [DEBUG] [TIME] 8097 dividends: 0.40s
2026-10-02 08:23:28,781 [INFO] [DETAIL] 8097 三愛オブリ: income_stmt=OK, balance_sheet=OK, cashflow=OK, dividends=OK
2026-10-02 08:23:28,781 [INFO] [TIME] 8097 三愛オブリ 処理時間: 1.48s
2026-10-02 08:23:30,899 [DEBUG] [TIME] 8098 info: 0.20s
2026-10-02 08:23:30,900 [DEBUG] yfinance OK: 8098
2026-10-02 08:23:31,168 [DEBUG] [TIME] 8098 income_stmt: 0.27s
2026-10-02 08:23:31,401 [DEBUG] [TIME] 8098 balance_sheet: 0.23s
2026-10-02 08:23:31,606 [DEBUG] [TIME] 8098 cashflow: 0.21s
2026-10-02 08:23:31,949 [DEBUG] [TIME] 8098 dividends: 0.34s
2026-10-02 08:23:31,950 [INFO] [DETAIL] 8098 稲畑産業: income_stmt=OK, balance_sheet=OK, cashflow=OK, dividends=OK
2026-10-02 08:23:31,950 [INFO] [TIME] 8098 稲畑産業 処理時間: 1.25s
2026-10-02 08:23:33,876 [DEBUG] [TIME] 8101 info: 0.27s
2026-10-02 08:23:33,876 [DEBUG] yfinance OK: 8101
2026-10-02 08:23:34,077 [DEBUG] [TIME] 8101 income_stmt: 0.20s
2026-10-02 08:23:34,371 [DEBUG] [TIME] 8101 balance_sheet: 0.29s
2026-10-02 08:23:34,658 [DEBUG] [TIME] 8101 cashflow: 0.29s
2026-10-02 08:23:35,001 [DEBUG] [TIME] 8101 dividends: 0.34s
2026-10-02 08:23:35,002 [INFO] [DETAIL] 8101 ＧＳＩクレオス: income_stmt=OK, balance_sheet=OK, cashflow=OK, dividends=OK
2026-10-02 08:23:35,002 [INFO] [TIME] 8101 ＧＳＩクレオス 処理時間: 1.39s
2026-10-02 08:23:36,270 [DEBUG] [TIME] 8103 info: 0.21s
2026-10-02 08:23:36,270 [DEBUG] yfinance OK: 8103
2026-10-02 08:23:36,504 [DEBUG] [TIME] 8103 income_stmt: 0.23s
2026-10-02 08:23:36,802 [DEBUG] [TIME] 8103 balance_sheet: 0.30s
2026-10-02 08:23:36,939 [DEBUG] [TIME] 8103 cashflow: 0.14s
2026-10-02 08:23:37,444 [DEBUG] [TIME] 8103 dividends: 0.50s
2026-10-02 08:23:37,444 [INFO] [DETAIL] 8103 明和産業: income_stmt=OK, balance_sheet=OK, cashflow=OK, dividends=OK
2026-10-02 08:23:37,445 [INFO] [TIME] 8103 明和産業 処理時間: 1.39s
2026-10-02 08:23:38,953 [DEBUG] [TIME] 8104 info: 0.27s
2026-10-02 08:23:38,953 [DEBUG] yfinance OK: 8104
2026-10-02 08:23:39,143 [DEBUG] [TIME] 8104 income_stmt: 0.19s
2026-10-02 08:23:39,460 [DEBUG] [TIME] 8104 balance_sheet: 0.32s
2026-10-02 08:23:39,636 [DEBUG] [TIME] 8104 cashflow: 0.18s
2026-10-02 08:23:39,851 [DEBUG] [TIME] 8104 dividends: 0.21s
2026-10-02 08:23:39,852 [INFO] [DETAIL] 8104 クワザワホールディングス: income_stmt=OK, balance_sheet=OK, cashflow=OK, dividends=OK
2026-10-02 08:23:39,852 [INFO] [TIME] 8104 クワザワホールディングス 処理時間: 1.17s
2026-10-02 08:23:41,818 [DEBUG] [TIME] 8105 info: 0.20s
2026-10-02 08:23:41,818 [DEBUG] yfinance OK: 8105
2026-10-02 08:23:42,110 [DEBUG] [TIME] 8105 income_stmt: 0.29s
2026-10-02 08:23:42,292 [DEBUG] [TIME] 8105 balance_sheet: 0.18s
2026-10-02 08:23:42,564 [DEBUG] [TIME] 8105 cashflow: 0.27s
2026-10-02 08:23:42,924 [DEBUG] [TIME] 8105 dividends: 0.36s
2026-10-02 08:23:42,924 [INFO] [DETAIL] 8105 Ｂｉｔｃｏｉｎ　Ｊａｐａｎ: income_stmt=OK, balance_sheet=OK, cashflow=OK, dividends=OK
2026-10-02 08:23:42,925 [INFO] [TIME] 8105 Ｂｉｔｃｏｉｎ　Ｊａｐａｎ 処理時間: 1.31s
2026-10-02 08:23:44,163 [DEBUG] [TIME] 8107 info: 0.22s
2026-10-02 08:23:44,163 [DEBUG] yfinance OK: 8107
2026-10-02 08:23:44,332 [DEBUG] [TIME] 8107 income_stmt: 0.17s
2026-10-02 08:23:44,675 [DEBUG] [TIME] 8107 balance_sheet: 0.34s
2026-10-02 08:23:44,974 [DEBUG] [TIME] 8107 cashflow: 0.30s
2026-10-02 08:23:45,259 [DEBUG] [TIME] 8107 dividends: 0.28s
2026-10-02 08:23:45,259 [INFO] [DETAIL] 8107 キムラタン: income_stmt=OK, balance_sheet=OK, cashflow=OK, dividends=EMPTY
2026-10-02 08:23:45,259 [INFO] [TIME] 8107 キムラタン 処理時間: 1.32s
2026-10-02 08:23:47,335 [DEBUG] [TIME] 8111 info: 0.22s
2026-10-02 08:23:47,335 [DEBUG] yfinance OK: 8111
2026-10-02 08:23:47,572 [DEBUG] [TIME] 8111 income_stmt: 0.24s
2026-10-02 08:23:47,768 [DEBUG] [TIME] 8111 balance_sheet: 0.20s
2026-10-02 08:23:48,022 [DEBUG] [TIME] 8111 cashflow: 0.25s
2026-10-02 08:23:48,514 [DEBUG] [TIME] 8111 dividends: 0.49s
2026-10-02 08:23:48,515 [INFO] [DETAIL] 8111 ゴールドウイン: income_stmt=OK, balance_sheet=OK, cashflow=OK, dividends=OK
2026-10-02 08:23:48,515 [INFO] [TIME] 8111 ゴールドウイン 処理時間: 1.40s
2026-10-02 08:23:49,913 [DEBUG] [TIME] 8113 info: 0.27s
2026-10-02 08:23:49,913 [DEBUG] yfinance OK: 8113
2026-10-02 08:23:50,200 [DEBUG] [TIME] 8113 income_stmt: 0.29s
2026-10-02 08:23:50,500 [DEBUG] [TIME] 8113 balance_sheet: 0.30s
2026-10-02 08:23:50,777 [DEBUG] [TIME] 8113 cashflow: 0.28s
2026-10-02 08:23:51,232 [DEBUG] [TIME] 8113 dividends: 0.45s
2026-10-02 08:23:51,233 [INFO] [DETAIL] 8113 ユニ・チャーム: income_stmt=OK, balance_sheet=OK, cashflow=OK, dividends=OK
2026-10-02 08:23:51,233 [INFO] [TIME] 8113 ユニ・チャーム 処理時間: 1.59s
2026-10-02 08:23:53,302 [DEBUG] [TIME] 8115 info: 0.24s
2026-10-02 08:23:53,302 [DEBUG] yfinance OK: 8115
2026-10-02 08:23:53,492 [DEBUG] [TIME] 8115 income_stmt: 0.19s
2026-10-02 08:23:53,846 [DEBUG] [TIME] 8115 balance_sheet: 0.35s
2026-10-02 08:23:54,102 [DEBUG] [TIME] 8115 cashflow: 0.26s
2026-10-02 08:23:54,435 [DEBUG] [TIME] 8115 dividends: 0.33s
2026-10-02 08:23:54,436 [INFO] [DETAIL] 8115 ムーンバット: income_stmt=OK, balance_sheet=OK, cashflow=OK, dividends=OK
2026-10-02 08:23:54,436 [INFO] [TIME] 8115 ムーンバット 処理時間: 1.37s
2026-10-02 08:23:55,656 [DEBUG] [TIME] 8117 info: 0.20s
2026-10-02 08:23:55,657 [DEBUG] yfinance OK: 8117
2026-10-02 08:23:55,850 [DEBUG] [TIME] 8117 income_stmt: 0.19s
2026-10-02 08:23:56,189 [DEBUG] [TIME] 8117 balance_sheet: 0.34s
2026-10-02 08:23:56,417 [DEBUG] [TIME] 8117 cashflow: 0.23s
2026-10-02 08:23:56,774 [DEBUG] [TIME] 8117 dividends: 0.36s
2026-10-02 08:23:56,775 [INFO] [DETAIL] 8117 中央自動車工業: income_stmt=OK, balance_sheet=OK, cashflow=OK, dividends=OK
2026-10-02 08:23:56,775 [INFO] [TIME] 8117 中央自動車工業 処理時間: 1.31s
2026-10-02 08:23:58,233 [DEBUG] [TIME] 8118 info: 0.18s
2026-10-02 08:23:58,233 [DEBUG] yfinance OK: 8118
2026-10-02 08:23:58,471 [DEBUG] [TIME] 8118 income_stmt: 0.24s
2026-10-02 08:23:58,644 [DEBUG] [TIME] 8118 balance_sheet: 0.17s
2026-10-02 08:23:58,836 [DEBUG] [TIME] 8118 cashflow: 0.19s
2026-10-02 08:23:59,280 [DEBUG] [TIME] 8118 dividends: 0.44s
2026-10-02 08:23:59,281 [INFO] [DETAIL] 8118 キング: income_stmt=OK, balance_sheet=OK, cashflow=OK, dividends=OK
2026-10-02 08:23:59,281 [INFO] [TIME] 8118 キング 処理時間: 1.23s
2026-10-02 08:24:00,667 [DEBUG] [TIME] 8119 info: 0.21s
2026-10-02 08:24:00,667 [DEBUG] yfinance OK: 8119
2026-10-02 08:24:00,895 [DEBUG] [TIME] 8119 income_stmt: 0.23s
2026-10-02 08:24:01,215 [DEBUG] [TIME] 8119 balance_sheet: 0.32s
2026-10-02 08:24:01,411 [DEBUG] [TIME] 8119 cashflow: 0.20s
2026-10-02 08:24:01,827 [DEBUG] [TIME] 8119 dividends: 0.42s
2026-10-02 08:24:01,828 [INFO] [DETAIL] 8119 三栄コーポレーション: income_stmt=OK, balance_sheet=OK, cashflow=OK, dividends=OK
2026-10-02 08:24:01,828 [INFO] [TIME] 8119 三栄コーポレーション 処理時間: 1.37s
2026-10-02 08:24:03,411 [DEBUG] [TIME] 8123 info: 0.20s
2026-10-02 08:24:03,411 [DEBUG] yfinance OK: 8123
2026-10-02 08:24:03,644 [DEBUG] [TIME] 8123 income_stmt: 0.23s
2026-10-02 08:24:03,946 [DEBUG] [TIME] 8123 balance_sheet: 0.30s
2026-10-02 08:24:04,282 [DEBUG] [TIME] 8123 cashflow: 0.33s
2026-10-02 08:24:04,729 [DEBUG] [TIME] 8123 dividends: 0.45s
2026-10-02 08:24:04,730 [INFO] [DETAIL] 8123 川辺: income_stmt=OK, balance_sheet=OK, cashflow=OK, dividends=OK
2026-10-02 08:24:04,730 [INFO] [TIME] 8123 川辺 処理時間: 1.52s
2026-10-02 08:24:06,408 [DEBUG] [TIME] 8125 info: 0.21s
2026-10-02 08:24:06,408 [DEBUG] yfinance OK: 8125
2026-10-02 08:24:06,589 [DEBUG] [TIME] 8125 income_stmt: 0.18s
2026-10-02 08:24:06,780 [DEBUG] [TIME] 8125 balance_sheet: 0.19s
2026-10-02 08:24:07,025 [DEBUG] [TIME] 8125 cashflow: 0.24s
2026-10-02 08:24:07,410 [DEBUG] [TIME] 8125 dividends: 0.38s
2026-10-02 08:24:07,411 [INFO] [DETAIL] 8125 ワキタ: income_stmt=OK, balance_sheet=OK, cashflow=OK, dividends=OK
2026-10-02 08:24:07,411 [INFO] [TIME] 8125 ワキタ 処理時間: 1.22s
2026-10-02 08:24:09,462 [DEBUG] [TIME] 8127 info: 0.19s
2026-10-02 08:24:09,462 [DEBUG] yfinance OK: 8127
2026-10-02 08:24:09,644 [DEBUG] [TIME] 8127 income_stmt: 0.18s
2026-10-02 08:24:09,858 [DEBUG] [TIME] 8127 balance_sheet: 0.21s
2026-10-02 08:24:10,159 [DEBUG] [TIME] 8127 cashflow: 0.30s
2026-10-02 08:24:10,470 [DEBUG] [TIME] 8127 dividends: 0.31s
2026-10-02 08:24:10,471 [INFO] [DETAIL] 8127 ヤマトインターナショナル: income_stmt=OK, balance_sheet=OK, cashflow=OK, dividends=OK
2026-10-02 08:24:10,471 [INFO] [TIME] 8127 ヤマトインターナショナル 処理時間: 1.20s
2026-10-02 08:24:12,080 [DEBUG] [TIME] 8129 info: 0.20s
2026-10-02 08:24:12,080 [DEBUG] yfinance OK: 8129
2026-10-02 08:24:12,365 [DEBUG] [TIME] 8129 income_stmt: 0.29s
2026-10-02 08:24:12,642 [DEBUG] [TIME] 8129 balance_sheet: 0.28s
2026-10-02 08:24:12,781 [DEBUG] [TIME] 8129 cashflow: 0.14s
2026-10-02 08:24:13,176 [DEBUG] [TIME] 8129 dividends: 0.40s
2026-10-02 08:24:13,177 [INFO] [DETAIL] 8129 東邦ホールディングス: income_stmt=OK, balance_sheet=OK, cashflow=OK, dividends=OK
2026-10-02 08:24:13,177 [INFO] [TIME] 8129 東邦ホールディングス 処理時間: 1.30s
2026-10-02 08:24:15,164 [DEBUG] [TIME] 8130 info: 0.25s
2026-10-02 08:24:15,164 [DEBUG] yfinance OK: 8130
2026-10-02 08:24:15,455 [DEBUG] [TIME] 8130 income_stmt: 0.29s
2026-10-02 08:24:15,713 [DEBUG] [TIME] 8130 balance_sheet: 0.26s
2026-10-02 08:24:15,913 [DEBUG] [TIME] 8130 cashflow: 0.20s
2026-10-02 08:24:16,308 [DEBUG] [TIME] 8130 dividends: 0.40s
2026-10-02 08:24:16,309 [INFO] [DETAIL] 8130 サンゲツ: income_stmt=OK, balance_sheet=OK, cashflow=OK, dividends=OK
2026-10-02 08:24:16,309 [INFO] [TIME] 8130 サンゲツ 処理時間: 1.40s
2026-10-02 08:24:18,174 [DEBUG] [TIME] 8131 info: 0.19s
2026-10-02 08:24:18,174 [DEBUG] yfinance OK: 8131
2026-10-02 08:24:18,382 [DEBUG] [TIME] 8131 income_stmt: 0.21s
2026-10-02 08:24:18,593 [DEBUG] [TIME] 8131 balance_sheet: 0.21s
2026-10-02 08:24:18,770 [DEBUG] [TIME] 8131 cashflow: 0.18s
2026-10-02 08:24:19,088 [DEBUG] [TIME] 8131 dividends: 0.32s
2026-10-02 08:24:19,089 [INFO] [DETAIL] 8131 ミツウロコグループホールディングス: income_stmt=OK, balance_sheet=OK, cashflow=OK, dividends=OK
2026-10-02 08:24:19,089 [INFO] [TIME] 8131 ミツウロコグループホールディングス 処理時間: 1.11s
2026-10-02 08:24:21,040 [DEBUG] [TIME] 8132 info: 0.19s
2026-10-02 08:24:21,041 [DEBUG] yfinance OK: 8132
2026-10-02 08:24:21,276 [DEBUG] [TIME] 8132 income_stmt: 0.24s
2026-10-02 08:24:21,590 [DEBUG] [TIME] 8132 balance_sheet: 0.31s
2026-10-02 08:24:21,835 [DEBUG] [TIME] 8132 cashflow: 0.25s
2026-10-02 08:24:22,182 [DEBUG] [TIME] 8132 dividends: 0.35s
2026-10-02 08:24:22,183 [INFO] [DETAIL] 8132 シナネンホールディングス: income_stmt=OK, balance_sheet=OK, cashflow=OK, dividends=OK
2026-10-02 08:24:22,183 [INFO] [TIME] 8132 シナネンホールディングス 処理時間: 1.33s
2026-10-02 08:24:23,844 [DEBUG] [TIME] 8133 info: 0.22s
2026-10-02 08:24:23,844 [DEBUG] yfinance OK: 8133
2026-10-02 08:24:24,025 [DEBUG] [TIME] 8133 income_stmt: 0.18s
2026-10-02 08:24:24,312 [DEBUG] [TIME] 8133 balance_sheet: 0.29s
2026-10-02 08:24:24,464 [DEBUG] [TIME] 8133 cashflow: 0.15s
2026-10-02 08:24:24,857 [DEBUG] [TIME] 8133 dividends: 0.39s
2026-10-02 08:24:24,857 [INFO] [DETAIL] 8133 伊藤忠エネクス: income_stmt=OK, balance_sheet=OK, cashflow=OK, dividends=OK
2026-10-02 08:24:24,858 [INFO] [TIME] 8133 伊藤忠エネクス 処理時間: 1.24s
2026-10-02 08:24:26,073 [DEBUG] [TIME] 8135 info: 0.19s
2026-10-02 08:24:26,073 [DEBUG] yfinance OK: 8135
2026-10-02 08:24:26,218 [DEBUG] [TIME] 8135 income_stmt: 0.14s
2026-10-02 08:24:26,410 [DEBUG] [TIME] 8135 balance_sheet: 0.19s
2026-10-02 08:24:26,648 [DEBUG] [TIME] 8135 cashflow: 0.24s
2026-10-02 08:24:26,974 [DEBUG] [TIME] 8135 dividends: 0.33s
2026-10-02 08:24:26,976 [INFO] [DETAIL] 8135 ゼット: income_stmt=OK, balance_sheet=OK, cashflow=OK, dividends=OK
2026-10-02 08:24:26,977 [INFO] [TIME] 8135 ゼット 処理時間: 1.09s
2026-10-02 08:24:28,413 [DEBUG] [TIME] 8136 info: 0.19s
2026-10-02 08:24:28,413 [DEBUG] yfinance OK: 8136
2026-10-02 08:24:28,657 [DEBUG] [TIME] 8136 income_stmt: 0.24s
2026-10-02 08:24:28,958 [DEBUG] [TIME] 8136 balance_sheet: 0.30s
2026-10-02 08:24:29,188 [DEBUG] [TIME] 8136 cashflow: 0.23s
2026-10-02 08:24:29,591 [DEBUG] [TIME] 8136 dividends: 0.40s
2026-10-02 08:24:29,592 [INFO] [DETAIL] 8136 サンリオ: income_stmt=OK, balance_sheet=OK, cashflow=OK, dividends=OK
2026-10-02 08:24:29,592 [INFO] [TIME] 8136 サンリオ 処理時間: 1.37s
2026-10-02 08:24:31,627 [DEBUG] [TIME] 8137 info: 0.22s
2026-10-02 08:24:31,627 [DEBUG] yfinance OK: 8137
2026-10-02 08:24:31,818 [DEBUG] [TIME] 8137 income_stmt: 0.19s
2026-10-02 08:24:32,035 [DEBUG] [TIME] 8137 balance_sheet: 0.22s
2026-10-02 08:24:32,167 [DEBUG] [TIME] 8137 cashflow: 0.13s
2026-10-02 08:24:32,589 [DEBUG] [TIME] 8137 dividends: 0.42s
2026-10-02 08:24:32,589 [INFO] [DETAIL] 8137 サンワテクノス: income_stmt=OK, balance_sheet=OK, cashflow=OK, dividends=OK
2026-10-02 08:24:32,590 [INFO] [TIME] 8137 サンワテクノス 処理時間: 1.19s
2026-10-02 08:24:33,981 [DEBUG] [TIME] 8138 info: 0.22s
2026-10-02 08:24:33,981 [DEBUG] yfinance OK: 8138
2026-10-02 08:24:34,163 [DEBUG] [TIME] 8138 income_stmt: 0.18s
2026-10-02 08:24:34,340 [DEBUG] [TIME] 8138 balance_sheet: 0.18s
2026-10-02 08:24:34,611 [DEBUG] [TIME] 8138 cashflow: 0.27s
2026-10-02 08:24:34,978 [DEBUG] [TIME] 8138 dividends: 0.37s
2026-10-02 08:24:34,979 [INFO] [DETAIL] 8138 三京化成: income_stmt=OK, balance_sheet=OK, cashflow=OK, dividends=OK
2026-10-02 08:24:34,979 [INFO] [TIME] 8138 三京化成 処理時間: 1.22s
2026-10-02 08:24:37,159 [DEBUG] [TIME] 8139 info: 0.22s
2026-10-02 08:24:37,159 [DEBUG] yfinance OK: 8139
2026-10-02 08:24:37,330 [DEBUG] [TIME] 8139 income_stmt: 0.17s
2026-10-02 08:24:37,533 [DEBUG] [TIME] 8139 balance_sheet: 0.20s
2026-10-02 08:24:37,746 [DEBUG] [TIME] 8139 cashflow: 0.21s
2026-10-02 08:24:38,187 [DEBUG] [TIME] 8139 dividends: 0.44s
2026-10-02 08:24:38,187 [INFO] [DETAIL] 8139 ナガホリ: income_stmt=OK, balance_sheet=OK, cashflow=OK, dividends=OK
2026-10-02 08:24:38,187 [INFO] [TIME] 8139 ナガホリ 処理時間: 1.25s
2026-10-02 08:24:40,178 [DEBUG] [TIME] 8141 info: 0.24s
2026-10-02 08:24:40,178 [DEBUG] yfinance OK: 8141
2026-10-02 08:24:40,353 [DEBUG] [TIME] 8141 income_stmt: 0.17s
2026-10-02 08:24:40,550 [DEBUG] [TIME] 8141 balance_sheet: 0.20s
2026-10-02 08:24:40,709 [DEBUG] [TIME] 8141 cashflow: 0.16s
2026-10-02 08:24:41,047 [DEBUG] [TIME] 8141 dividends: 0.34s
2026-10-02 08:24:41,048 [INFO] [DETAIL] 8141 新光商事: income_stmt=OK, balance_sheet=OK, cashflow=OK, dividends=OK
2026-10-02 08:24:41,048 [INFO] [TIME] 8141 新光商事 処理時間: 1.11s
2026-10-02 08:24:42,300 [DEBUG] [TIME] 8142 info: 0.19s
2026-10-02 08:24:42,300 [DEBUG] yfinance OK: 8142
2026-10-02 08:24:42,502 [DEBUG] [TIME] 8142 income_stmt: 0.20s
2026-10-02 08:24:42,770 [DEBUG] [TIME] 8142 balance_sheet: 0.27s
2026-10-02 08:24:43,019 [DEBUG] [TIME] 8142 cashflow: 0.25s
2026-10-02 08:24:43,445 [DEBUG] [TIME] 8142 dividends: 0.43s
2026-10-02 08:24:43,446 [INFO] [DETAIL] 8142 トーホー: income_stmt=OK, balance_sheet=OK, cashflow=OK, dividends=OK
2026-10-02 08:24:43,446 [INFO] [TIME] 8142 トーホー 処理時間: 1.33s
2026-10-02 08:24:45,490 [DEBUG] [TIME] 8143 info: 0.19s
2026-10-02 08:24:45,490 [DEBUG] yfinance OK: 8143
2026-10-02 08:24:45,681 [DEBUG] [TIME] 8143 income_stmt: 0.19s
2026-10-02 08:24:45,986 [DEBUG] [TIME] 8143 balance_sheet: 0.30s
2026-10-02 08:24:46,245 [DEBUG] [TIME] 8143 cashflow: 0.26s
2026-10-02 08:24:46,619 [DEBUG] [TIME] 8143 dividends: 0.37s
2026-10-02 08:24:46,620 [INFO] [DETAIL] 8143 ラピーヌ: income_stmt=OK, balance_sheet=OK, cashflow=OK, dividends=OK
2026-10-02 08:24:46,620 [INFO] [TIME] 8143 ラピーヌ 処理時間: 1.32s
2026-10-02 08:24:48,804 [DEBUG] [TIME] 8144 info: 0.20s
2026-10-02 08:24:48,804 [DEBUG] yfinance OK: 8144
2026-10-02 08:24:48,989 [DEBUG] [TIME] 8144 income_stmt: 0.18s
2026-10-02 08:24:49,215 [DEBUG] [TIME] 8144 balance_sheet: 0.23s
2026-10-02 08:24:49,485 [DEBUG] [TIME] 8144 cashflow: 0.27s
2026-10-02 08:24:49,958 [DEBUG] [TIME] 8144 dividends: 0.47s
2026-10-02 08:24:49,959 [INFO] [DETAIL] 8144 デンキョーグループホールディングス: income_stmt=OK, balance_sheet=OK, cashflow=OK, dividends=OK
2026-10-02 08:24:49,959 [INFO] [TIME] 8144 デンキョーグループホールディングス 処理時間: 1.36s
2026-10-02 08:24:51,224 [DEBUG] [TIME] 8147 info: 0.19s
2026-10-02 08:24:51,224 [DEBUG] yfinance OK: 8147
2026-10-02 08:24:51,413 [DEBUG] [TIME] 8147 income_stmt: 0.19s
2026-10-02 08:24:51,647 [DEBUG] [TIME] 8147 balance_sheet: 0.23s
2026-10-02 08:24:51,773 [DEBUG] [TIME] 8147 cashflow: 0.13s
2026-10-02 08:24:52,132 [DEBUG] [TIME] 8147 dividends: 0.36s
2026-10-02 08:24:52,133 [INFO] [DETAIL] 8147 トミタ: income_stmt=OK, balance_sheet=OK, cashflow=OK, dividends=OK
2026-10-02 08:24:52,133 [INFO] [TIME] 8147 トミタ 処理時間: 1.10s
2026-10-02 08:24:53,828 [DEBUG] [TIME] 8150 info: 0.19s
2026-10-02 08:24:53,828 [DEBUG] yfinance OK: 8150
2026-10-02 08:24:54,074 [DEBUG] [TIME] 8150 income_stmt: 0.25s
2026-10-02 08:24:54,374 [DEBUG] [TIME] 8150 balance_sheet: 0.30s
2026-10-02 08:24:54,631 [DEBUG] [TIME] 8150 cashflow: 0.26s
2026-10-02 08:24:55,058 [DEBUG] [TIME] 8150 dividends: 0.43s
2026-10-02 08:24:55,059 [INFO] [DETAIL] 8150 三信電気: income_stmt=OK, balance_sheet=OK, cashflow=OK, dividends=OK
2026-10-02 08:24:55,059 [INFO] [TIME] 8150 三信電気 処理時間: 1.42s
2026-10-02 08:24:56,386 [DEBUG] [TIME] 8151 info: 0.19s
2026-10-02 08:24:56,387 [DEBUG] yfinance OK: 8151
2026-10-02 08:24:56,630 [DEBUG] [TIME] 8151 income_stmt: 0.24s
2026-10-02 08:24:56,909 [DEBUG] [TIME] 8151 balance_sheet: 0.28s
2026-10-02 08:24:57,186 [DEBUG] [TIME] 8151 cashflow: 0.28s
2026-10-02 08:24:57,546 [DEBUG] [TIME] 8151 dividends: 0.36s
2026-10-02 08:24:57,547 [INFO] [DETAIL] 8151 東陽テクニカ: income_stmt=OK, balance_sheet=OK, cashflow=OK, dividends=OK
2026-10-02 08:24:57,547 [INFO] [TIME] 8151 東陽テクニカ 処理時間: 1.35s
2026-10-02 08:24:59,310 [DEBUG] [TIME] 8152 info: 0.23s
2026-10-02 08:24:59,311 [DEBUG] yfinance OK: 8152
2026-10-02 08:24:59,540 [DEBUG] [TIME] 8152 income_stmt: 0.23s
2026-10-02 08:24:59,790 [DEBUG] [TIME] 8152 balance_sheet: 0.25s
2026-10-02 08:24:59,952 [DEBUG] [TIME] 8152 cashflow: 0.16s
2026-10-02 08:25:00,433 [DEBUG] [TIME] 8152 dividends: 0.48s
2026-10-02 08:25:00,433 [INFO] [DETAIL] 8152 ソマール: income_stmt=OK, balance_sheet=OK, cashflow=OK, dividends=OK
2026-10-02 08:25:00,434 [INFO] [TIME] 8152 ソマール 処理時間: 1.36s
2026-10-02 08:25:01,826 [DEBUG] [TIME] 8153 info: 0.20s
2026-10-02 08:25:01,826 [DEBUG] yfinance OK: 8153
2026-10-02 08:25:02,059 [DEBUG] [TIME] 8153 income_stmt: 0.23s
2026-10-02 08:25:02,361 [DEBUG] [TIME] 8153 balance_sheet: 0.30s
2026-10-02 08:25:02,509 [DEBUG] [TIME] 8153 cashflow: 0.15s
2026-10-02 08:25:02,857 [DEBUG] [TIME] 8153 dividends: 0.35s
2026-10-02 08:25:02,858 [INFO] [DETAIL] 8153 モスフードサービス: income_stmt=OK, balance_sheet=OK, cashflow=OK, dividends=OK
2026-10-02 08:25:02,858 [INFO] [TIME] 8153 モスフードサービス 処理時間: 1.23s
2026-10-02 08:25:04,155 [DEBUG] [TIME] 8154 info: 0.22s
2026-10-02 08:25:04,155 [DEBUG] yfinance OK: 8154
2026-10-02 08:25:04,328 [DEBUG] [TIME] 8154 income_stmt: 0.17s
2026-10-02 08:25:04,628 [DEBUG] [TIME] 8154 balance_sheet: 0.30s
2026-10-02 08:25:04,812 [DEBUG] [TIME] 8154 cashflow: 0.18s
2026-10-02 08:25:05,325 [DEBUG] [TIME] 8154 dividends: 0.51s
2026-10-02 08:25:05,326 [INFO] [DETAIL] 8154 加賀電子: income_stmt=OK, balance_sheet=OK, cashflow=OK, dividends=OK
2026-10-02 08:25:05,326 [INFO] [TIME] 8154 加賀電子 処理時間: 1.39s
2026-10-02 08:25:07,488 [DEBUG] [TIME] 8157 info: 0.25s
2026-10-02 08:25:07,488 [DEBUG] yfinance OK: 8157
2026-10-02 08:25:07,695 [DEBUG] [TIME] 8157 income_stmt: 0.21s
2026-10-02 08:25:08,025 [DEBUG] [TIME] 8157 balance_sheet: 0.33s
2026-10-02 08:25:08,298 [DEBUG] [TIME] 8157 cashflow: 0.27s
2026-10-02 08:25:08,660 [DEBUG] [TIME] 8157 dividends: 0.36s
2026-10-02 08:25:08,661 [INFO] [DETAIL] 8157 都築電気: income_stmt=OK, balance_sheet=OK, cashflow=OK, dividends=OK
2026-10-02 08:25:08,661 [INFO] [TIME] 8157 都築電気 処理時間: 1.43s
2026-10-02 08:25:10,267 [DEBUG] [TIME] 8158 info: 0.20s
2026-10-02 08:25:10,267 [DEBUG] yfinance OK: 8158
2026-10-02 08:25:10,495 [DEBUG] [TIME] 8158 income_stmt: 0.23s
2026-10-02 08:25:10,827 [DEBUG] [TIME] 8158 balance_sheet: 0.33s
2026-10-02 08:25:11,081 [DEBUG] [TIME] 8158 cashflow: 0.25s
2026-10-02 08:25:11,444 [DEBUG] [TIME] 8158 dividends: 0.36s
2026-10-02 08:25:11,445 [INFO] [DETAIL] 8158 ソーダニッカ: income_stmt=OK, balance_sheet=OK, cashflow=OK, dividends=OK
2026-10-02 08:25:11,445 [INFO] [TIME] 8158 ソーダニッカ 処理時間: 1.37s
2026-10-02 08:25:13,001 [DEBUG] [TIME] 8159 info: 0.32s
2026-10-02 08:25:13,001 [DEBUG] yfinance OK: 8159
2026-10-02 08:25:13,226 [DEBUG] [TIME] 8159 income_stmt: 0.22s
2026-10-02 08:25:13,447 [DEBUG] [TIME] 8159 balance_sheet: 0.22s
2026-10-02 08:25:13,701 [DEBUG] [TIME] 8159 cashflow: 0.25s
2026-10-02 08:25:14,104 [DEBUG] [TIME] 8159 dividends: 0.40s
2026-10-02 08:25:14,105 [INFO] [DETAIL] 8159 立花エレテック: income_stmt=OK, balance_sheet=OK, cashflow=OK, dividends=OK
2026-10-02 08:25:14,105 [INFO] [TIME] 8159 立花エレテック 処理時間: 1.42s
2026-10-02 08:25:15,418 [DEBUG] [TIME] 8160 info: 0.23s
2026-10-02 08:25:15,418 [DEBUG] yfinance OK: 8160
2026-10-02 08:25:15,671 [DEBUG] [TIME] 8160 income_stmt: 0.25s
2026-10-02 08:25:15,886 [DEBUG] [TIME] 8160 balance_sheet: 0.21s
2026-10-02 08:25:16,130 [DEBUG] [TIME] 8160 cashflow: 0.24s
2026-10-02 08:25:16,530 [DEBUG] [TIME] 8160 dividends: 0.40s
2026-10-02 08:25:16,531 [INFO] [DETAIL] 8160 木曽路: income_stmt=OK, balance_sheet=OK, cashflow=OK, dividends=OK
2026-10-02 08:25:16,531 [INFO] [TIME] 8160 木曽路 処理時間: 1.35s
2026-10-02 08:25:18,077 [DEBUG] [TIME] 8163 info: 0.20s
2026-10-02 08:25:18,078 [DEBUG] yfinance OK: 8163
2026-10-02 08:25:18,332 [DEBUG] [TIME] 8163 income_stmt: 0.25s
2026-10-02 08:25:18,581 [DEBUG] [TIME] 8163 balance_sheet: 0.25s
2026-10-02 08:25:18,776 [DEBUG] [TIME] 8163 cashflow: 0.19s
2026-10-02 08:25:19,102 [DEBUG] [TIME] 8163 dividends: 0.33s
2026-10-02 08:25:19,103 [INFO] [DETAIL] 8163 ＳＲＳホールディングス: income_stmt=OK, balance_sheet=OK, cashflow=OK, dividends=OK
2026-10-02 08:25:19,103 [INFO] [TIME] 8163 ＳＲＳホールディングス 処理時間: 1.23s
2026-10-02 08:25:21,296 [DEBUG] [TIME] 8165 info: 0.19s
2026-10-02 08:25:21,296 [DEBUG] yfinance OK: 8165
2026-10-02 08:25:21,543 [DEBUG] [TIME] 8165 income_stmt: 0.25s
2026-10-02 08:25:21,879 [DEBUG] [TIME] 8165 balance_sheet: 0.34s
2026-10-02 08:25:22,208 [DEBUG] [TIME] 8165 cashflow: 0.33s
2026-10-02 08:25:22,600 [DEBUG] [TIME] 8165 dividends: 0.39s
2026-10-02 08:25:22,601 [INFO] [DETAIL] 8165 千趣会: income_stmt=OK, balance_sheet=OK, cashflow=OK, dividends=OK
2026-10-02 08:25:22,601 [INFO] [TIME] 8165 千趣会 処理時間: 1.50s
2026-10-02 08:25:24,439 [DEBUG] [TIME] 8166 info: 0.27s
2026-10-02 08:25:24,439 [DEBUG] yfinance OK: 8166
2026-10-02 08:25:24,617 [DEBUG] [TIME] 8166 income_stmt: 0.18s
2026-10-02 08:25:24,953 [DEBUG] [TIME] 8166 balance_sheet: 0.34s
2026-10-02 08:25:25,228 [DEBUG] [TIME] 8166 cashflow: 0.27s
2026-10-02 08:25:25,639 [DEBUG] [TIME] 8166 dividends: 0.41s
2026-10-02 08:25:25,640 [INFO] [DETAIL] 8166 タカキュー: income_stmt=OK, balance_sheet=OK, cashflow=OK, dividends=OK
2026-10-02 08:25:25,640 [INFO] [TIME] 8166 タカキュー 処理時間: 1.47s
2026-10-02 08:25:27,381 [DEBUG] [TIME] 8167 info: 0.20s
2026-10-02 08:25:27,381 [DEBUG] yfinance OK: 8167
2026-10-02 08:25:27,594 [DEBUG] [TIME] 8167 income_stmt: 0.21s
2026-10-02 08:25:27,893 [DEBUG] [TIME] 8167 balance_sheet: 0.30s
2026-10-02 08:25:28,086 [DEBUG] [TIME] 8167 cashflow: 0.19s
2026-10-02 08:25:28,480 [DEBUG] [TIME] 8167 dividends: 0.39s
2026-10-02 08:25:28,480 [INFO] [DETAIL] 8167 リテールパートナーズ: income_stmt=OK, balance_sheet=OK, cashflow=OK, dividends=OK
2026-10-02 08:25:28,480 [INFO] [TIME] 8167 リテールパートナーズ 処理時間: 1.30s
2026-10-02 08:25:30,430 [DEBUG] [TIME] 8173 info: 0.20s
2026-10-02 08:25:30,430 [DEBUG] yfinance OK: 8173
2026-10-02 08:25:30,574 [DEBUG] [TIME] 8173 income_stmt: 0.14s
2026-10-02 08:25:30,735 [DEBUG] [TIME] 8173 balance_sheet: 0.16s
2026-10-02 08:25:31,007 [DEBUG] [TIME] 8173 cashflow: 0.27s
2026-10-02 08:25:31,337 [DEBUG] [TIME] 8173 dividends: 0.33s
2026-10-02 08:25:31,338 [INFO] [DETAIL] 8173 Ｊｏｓｈｉｎ: income_stmt=OK, balance_sheet=OK, cashflow=OK, dividends=OK
2026-10-02 08:25:31,338 [INFO] [TIME] 8173 Ｊｏｓｈｉｎ 処理時間: 1.11s
2026-10-02 08:25:32,763 [DEBUG] [TIME] 8174 info: 0.22s
2026-10-02 08:25:32,763 [DEBUG] yfinance OK: 8174
2026-10-02 08:25:32,919 [DEBUG] [TIME] 8174 income_stmt: 0.16s
2026-10-02 08:25:33,127 [DEBUG] [TIME] 8174 balance_sheet: 0.21s
2026-10-02 08:25:33,472 [DEBUG] [TIME] 8174 cashflow: 0.34s
2026-10-02 08:25:33,879 [DEBUG] [TIME] 8174 dividends: 0.41s
2026-10-02 08:25:33,880 [INFO] [DETAIL] 8174 日本瓦斯: income_stmt=OK, balance_sheet=OK, cashflow=OK, dividends=OK
2026-10-02 08:25:33,880 [INFO] [TIME] 8174 日本瓦斯 処理時間: 1.34s
2026-10-02 08:25:35,557 [DEBUG] [TIME] 8179 info: 0.19s
2026-10-02 08:25:35,557 [DEBUG] yfinance OK: 8179
2026-10-02 08:25:35,823 [DEBUG] [TIME] 8179 income_stmt: 0.27s
2026-10-02 08:25:36,151 [DEBUG] [TIME] 8179 balance_sheet: 0.33s
2026-10-02 08:25:36,417 [DEBUG] [TIME] 8179 cashflow: 0.27s
2026-10-02 08:25:36,827 [DEBUG] [TIME] 8179 dividends: 0.41s
2026-10-02 08:25:36,828 [INFO] [DETAIL] 8179 ロイヤルホールディングス: income_stmt=OK, balance_sheet=OK, cashflow=OK, dividends=OK
2026-10-02 08:25:36,828 [INFO] [TIME] 8179 ロイヤルホールディングス 処理時間: 1.46s
2026-10-02 08:25:38,308 [DEBUG] [TIME] 8181 info: 0.23s
2026-10-02 08:25:38,308 [DEBUG] yfinance OK: 8181
2026-10-02 08:25:38,580 [DEBUG] [TIME] 8181 income_stmt: 0.27s
2026-10-02 08:25:38,967 [DEBUG] [TIME] 8181 balance_sheet: 0.39s
2026-10-02 08:25:39,236 [DEBUG] [TIME] 8181 cashflow: 0.27s
2026-10-02 08:25:39,597 [DEBUG] [TIME] 8181 dividends: 0.36s
2026-10-02 08:25:39,598 [INFO] [DETAIL] 8181 東天紅: income_stmt=OK, balance_sheet=OK, cashflow=OK, dividends=OK
2026-10-02 08:25:39,598 [INFO] [TIME] 8181 東天紅 処理時間: 1.52s
2026-10-02 08:25:41,137 [DEBUG] [TIME] 8185 info: 0.20s
2026-10-02 08:25:41,138 [DEBUG] yfinance OK: 8185
2026-10-02 08:25:41,506 [DEBUG] [TIME] 8185 income_stmt: 0.37s
2026-10-02 08:25:41,689 [DEBUG] [TIME] 8185 balance_sheet: 0.18s
2026-10-02 08:25:41,883 [DEBUG] [TIME] 8185 cashflow: 0.19s
2026-10-02 08:25:42,288 [DEBUG] [TIME] 8185 dividends: 0.41s
2026-10-02 08:25:42,289 [INFO] [DETAIL] 8185 チヨダ: income_stmt=OK, balance_sheet=OK, cashflow=OK, dividends=OK
2026-10-02 08:25:42,289 [INFO] [TIME] 8185 チヨダ 処理時間: 1.35s
2026-10-02 08:25:43,819 [DEBUG] [TIME] 8194 info: 0.23s
2026-10-02 08:25:43,819 [DEBUG] yfinance OK: 8194
2026-10-02 08:25:44,104 [DEBUG] [TIME] 8194 income_stmt: 0.29s
2026-10-02 08:25:44,398 [DEBUG] [TIME] 8194 balance_sheet: 0.29s
2026-10-02 08:25:44,576 [DEBUG] [TIME] 8194 cashflow: 0.18s
2026-10-02 08:25:44,940 [DEBUG] [TIME] 8194 dividends: 0.36s
2026-10-02 08:25:44,941 [INFO] [DETAIL] 8194 ライフコーポレーション: income_stmt=OK, balance_sheet=OK, cashflow=OK, dividends=OK
2026-10-02 08:25:44,941 [INFO] [TIME] 8194 ライフコーポレーション 処理時間: 1.36s
2026-10-02 08:25:46,649 [DEBUG] [TIME] 8198 info: 0.30s
2026-10-02 08:25:46,649 [DEBUG] yfinance OK: 8198
2026-10-02 08:25:46,812 [DEBUG] [TIME] 8198 income_stmt: 0.16s
2026-10-02 08:25:47,135 [DEBUG] [TIME] 8198 balance_sheet: 0.32s
2026-10-02 08:25:47,307 [DEBUG] [TIME] 8198 cashflow: 0.17s
2026-10-02 08:25:47,674 [DEBUG] [TIME] 8198 dividends: 0.37s
2026-10-02 08:25:47,675 [INFO] [DETAIL] 8198 マックスバリュ東海: income_stmt=OK, balance_sheet=OK, cashflow=OK, dividends=OK
2026-10-02 08:25:47,675 [INFO] [TIME] 8198 マックスバリュ東海 処理時間: 1.33s
2026-10-02 08:25:49,071 [DEBUG] [TIME] 8200 info: 0.19s
2026-10-02 08:25:49,071 [DEBUG] yfinance OK: 8200
2026-10-02 08:25:49,321 [DEBUG] [TIME] 8200 income_stmt: 0.25s
2026-10-02 08:25:49,588 [DEBUG] [TIME] 8200 balance_sheet: 0.27s
2026-10-02 08:25:49,745 [DEBUG] [TIME] 8200 cashflow: 0.16s
2026-10-02 08:25:50,097 [DEBUG] [TIME] 8200 dividends: 0.35s
2026-10-02 08:25:50,098 [INFO] [DETAIL] 8200 リンガーハット: income_stmt=OK, balance_sheet=OK, cashflow=OK, dividends=OK
2026-10-02 08:25:50,098 [INFO] [TIME] 8200 リンガーハット 処理時間: 1.22s
2026-10-02 08:25:51,566 [DEBUG] [TIME] 8202 info: 0.20s
2026-10-02 08:25:51,566 [DEBUG] yfinance OK: 8202
2026-10-02 08:25:51,781 [DEBUG] [TIME] 8202 income_stmt: 0.22s
2026-10-02 08:25:52,005 [DEBUG] [TIME] 8202 balance_sheet: 0.22s
2026-10-02 08:25:52,161 [DEBUG] [TIME] 8202 cashflow: 0.16s
2026-10-02 08:25:52,492 [DEBUG] [TIME] 8202 dividends: 0.33s
2026-10-02 08:25:52,493 [INFO] [DETAIL] 8202 ラオックスホールディングス: income_stmt=OK, balance_sheet=OK, cashflow=OK, dividends=OK
2026-10-02 08:25:52,493 [INFO] [TIME] 8202 ラオックスホールディングス 処理時間: 1.13s
2026-10-02 08:25:54,360 [DEBUG] [TIME] 8203 info: 0.19s
2026-10-02 08:25:54,361 [DEBUG] yfinance OK: 8203
2026-10-02 08:25:54,539 [DEBUG] [TIME] 8203 income_stmt: 0.18s
2026-10-02 08:25:54,794 [DEBUG] [TIME] 8203 balance_sheet: 0.25s
2026-10-02 08:25:54,981 [DEBUG] [TIME] 8203 cashflow: 0.19s
2026-10-02 08:25:55,400 [DEBUG] [TIME] 8203 dividends: 0.42s
2026-10-02 08:25:55,401 [INFO] [DETAIL] 8203 ＭｒＭａｘＨＤ: income_stmt=OK, balance_sheet=OK, cashflow=OK, dividends=OK
2026-10-02 08:25:55,401 [INFO] [TIME] 8203 ＭｒＭａｘＨＤ 処理時間: 1.23s
2026-10-02 08:25:57,499 [DEBUG] [TIME] 8207 info: 0.26s
2026-10-02 08:25:57,499 [DEBUG] yfinance OK: 8207
2026-10-02 08:25:57,703 [DEBUG] [TIME] 8207 income_stmt: 0.20s
2026-10-02 08:25:57,938 [DEBUG] [TIME] 8207 balance_sheet: 0.23s
2026-10-02 08:25:58,131 [DEBUG] [TIME] 8207 cashflow: 0.19s
2026-10-02 08:25:58,416 [DEBUG] [TIME] 8207 dividends: 0.28s
2026-10-02 08:25:58,417 [INFO] [DETAIL] 8207 テンアライド: income_stmt=OK, balance_sheet=OK, cashflow=OK, dividends=OK
2026-10-02 08:25:58,417 [INFO] [TIME] 8207 テンアライド 処理時間: 1.18s
2026-10-02 08:26:00,228 [DEBUG] [TIME] 8214 info: 0.20s
2026-10-02 08:26:00,228 [DEBUG] yfinance OK: 8214
2026-10-02 08:26:00,411 [DEBUG] [TIME] 8214 income_stmt: 0.18s
2026-10-02 08:26:00,652 [DEBUG] [TIME] 8214 balance_sheet: 0.24s
2026-10-02 08:26:00,920 [DEBUG] [TIME] 8214 cashflow: 0.27s
2026-10-02 08:26:01,323 [DEBUG] [TIME] 8214 dividends: 0.40s
2026-10-02 08:26:01,324 [INFO] [DETAIL] 8214 ＡＯＫＩホールディングス: income_stmt=OK, balance_sheet=OK, cashflow=OK, dividends=OK
2026-10-02 08:26:01,324 [INFO] [TIME] 8214 ＡＯＫＩホールディングス 処理時間: 1.29s
2026-10-02 08:26:03,515 [DEBUG] [TIME] 8217 info: 0.25s
2026-10-02 08:26:03,515 [DEBUG] yfinance OK: 8217
2026-10-02 08:26:03,780 [DEBUG] [TIME] 8217 income_stmt: 0.26s
2026-10-02 08:26:03,992 [DEBUG] [TIME] 8217 balance_sheet: 0.21s
2026-10-02 08:26:04,265 [DEBUG] [TIME] 8217 cashflow: 0.27s
2026-10-02 08:26:04,754 [DEBUG] [TIME] 8217 dividends: 0.49s
2026-10-02 08:26:04,754 [INFO] [DETAIL] 8217 オークワ: income_stmt=OK, balance_sheet=OK, cashflow=OK, dividends=OK
2026-10-02 08:26:04,754 [INFO] [TIME] 8217 オークワ 処理時間: 1.49s
2026-10-02 08:26:05,943 [DEBUG] [TIME] 8218 info: 0.18s
2026-10-02 08:26:05,943 [DEBUG] yfinance OK: 8218
2026-10-02 08:26:06,173 [DEBUG] [TIME] 8218 income_stmt: 0.23s
2026-10-02 08:26:06,510 [DEBUG] [TIME] 8218 balance_sheet: 0.34s
2026-10-02 08:26:06,689 [DEBUG] [TIME] 8218 cashflow: 0.18s
2026-10-02 08:26:07,059 [DEBUG] [TIME] 8218 dividends: 0.37s
2026-10-02 08:26:07,060 [INFO] [DETAIL] 8218 コメリ: income_stmt=OK, balance_sheet=OK, cashflow=OK, dividends=OK
2026-10-02 08:26:07,060 [INFO] [TIME] 8218 コメリ 処理時間: 1.30s
2026-10-02 08:26:09,141 [DEBUG] [TIME] 8219 info: 0.20s
2026-10-02 08:26:09,141 [DEBUG] yfinance OK: 8219
2026-10-02 08:26:09,332 [DEBUG] [TIME] 8219 income_stmt: 0.19s
2026-10-02 08:26:09,618 [DEBUG] [TIME] 8219 balance_sheet: 0.29s
2026-10-02 08:26:09,793 [DEBUG] [TIME] 8219 cashflow: 0.18s
2026-10-02 08:26:10,290 [DEBUG] [TIME] 8219 dividends: 0.50s
2026-10-02 08:26:10,291 [INFO] [DETAIL] 8219 青山商事: income_stmt=OK, balance_sheet=OK, cashflow=OK, dividends=OK
2026-10-02 08:26:10,291 [INFO] [TIME] 8219 青山商事 処理時間: 1.35s
2026-10-02 08:26:12,218 [DEBUG] [TIME] 8225 info: 0.52s
2026-10-02 08:26:12,218 [DEBUG] yfinance OK: 8225
2026-10-02 08:26:12,596 [DEBUG] [TIME] 8225 income_stmt: 0.38s
2026-10-02 08:26:12,923 [DEBUG] [TIME] 8225 balance_sheet: 0.33s
2026-10-02 08:26:13,144 [DEBUG] [TIME] 8225 cashflow: 0.22s
2026-10-02 08:26:13,793 [DEBUG] [TIME] 8225 dividends: 0.65s
2026-10-02 08:26:13,794 [INFO] [DETAIL] 8225 タカチホ: income_stmt=OK, balance_sheet=OK, cashflow=OK, dividends=OK
2026-10-02 08:26:13,794 [INFO] [TIME] 8225 タカチホ 処理時間: 2.09s
2026-10-02 08:26:15,360 [DEBUG] [TIME] 8226 info: 0.19s
2026-10-02 08:26:15,361 [DEBUG] yfinance OK: 8226
2026-10-02 08:26:15,538 [DEBUG] [TIME] 8226 income_stmt: 0.18s
2026-10-02 08:26:15,837 [DEBUG] [TIME] 8226 balance_sheet: 0.30s
2026-10-02 08:26:16,095 [DEBUG] [TIME] 8226 cashflow: 0.26s
2026-10-02 08:26:16,591 [DEBUG] [TIME] 8226 dividends: 0.50s
2026-10-02 08:26:16,592 [INFO] [DETAIL] 8226 理経: income_stmt=OK, balance_sheet=OK, cashflow=OK, dividends=OK
2026-10-02 08:26:16,592 [INFO] [TIME] 8226 理経 処理時間: 1.42s
2026-10-02 08:26:18,884 [DEBUG] [TIME] 8227 info: 0.31s
2026-10-02 08:26:18,884 [DEBUG] yfinance OK: 8227
2026-10-02 08:26:19,228 [DEBUG] [TIME] 8227 income_stmt: 0.34s
2026-10-02 08:26:19,524 [DEBUG] [TIME] 8227 balance_sheet: 0.30s
2026-10-02 08:26:19,709 [DEBUG] [TIME] 8227 cashflow: 0.19s
2026-10-02 08:26:20,336 [DEBUG] [TIME] 8227 dividends: 0.63s
2026-10-02 08:26:20,337 [INFO] [DETAIL] 8227 しまむら: income_stmt=OK, balance_sheet=OK, cashflow=OK, dividends=OK
2026-10-02 08:26:20,337 [INFO] [TIME] 8227 しまむら 処理時間: 1.77s
2026-10-02 08:26:21,650 [DEBUG] [TIME] 8230 info: 0.21s
2026-10-02 08:26:21,650 [DEBUG] yfinance OK: 8230
2026-10-02 08:26:21,888 [DEBUG] [TIME] 8230 income_stmt: 0.24s
2026-10-02 08:26:22,166 [DEBUG] [TIME] 8230 balance_sheet: 0.28s
2026-10-02 08:26:22,343 [DEBUG] [TIME] 8230 cashflow: 0.18s
2026-10-02 08:26:22,851 [DEBUG] [TIME] 8230 dividends: 0.51s
2026-10-02 08:26:22,851 [INFO] [DETAIL] 8230 はせがわ: income_stmt=OK, balance_sheet=OK, cashflow=OK, dividends=OK
2026-10-02 08:26:22,851 [INFO] [TIME] 8230 はせがわ 処理時間: 1.41s
2026-10-02 08:26:24,535 [DEBUG] [TIME] 8233 info: 0.19s
2026-10-02 08:26:24,535 [DEBUG] yfinance OK: 8233
2026-10-02 08:26:24,720 [DEBUG] [TIME] 8233 income_stmt: 0.18s
2026-10-02 08:26:24,907 [DEBUG] [TIME] 8233 balance_sheet: 0.19s
2026-10-02 08:26:25,252 [DEBUG] [TIME] 8233 cashflow: 0.34s
2026-10-02 08:26:25,736 [DEBUG] [TIME] 8233 dividends: 0.48s
2026-10-02 08:26:25,737 [INFO] [DETAIL] 8233 高島屋: income_stmt=OK, balance_sheet=OK, cashflow=OK, dividends=OK
2026-10-02 08:26:25,737 [INFO] [TIME] 8233 高島屋 処理時間: 1.39s
2026-10-02 08:26:27,855 [DEBUG] [TIME] 8237 info: 0.19s
2026-10-02 08:26:27,855 [DEBUG] yfinance OK: 8237
2026-10-02 08:26:28,142 [DEBUG] [TIME] 8237 income_stmt: 0.29s
2026-10-02 08:26:28,434 [DEBUG] [TIME] 8237 balance_sheet: 0.29s
2026-10-02 08:26:28,694 [DEBUG] [TIME] 8237 cashflow: 0.26s
2026-10-02 08:26:29,113 [DEBUG] [TIME] 8237 dividends: 0.42s
2026-10-02 08:26:29,114 [INFO] [DETAIL] 8237 松屋: income_stmt=OK, balance_sheet=OK, cashflow=OK, dividends=OK
2026-10-02 08:26:29,114 [INFO] [TIME] 8237 松屋 処理時間: 1.45s
2026-10-02 08:26:31,271 [DEBUG] [TIME] 8242 info: 0.20s
2026-10-02 08:26:31,272 [DEBUG] yfinance OK: 8242
2026-10-02 08:26:31,441 [DEBUG] [TIME] 8242 income_stmt: 0.17s
2026-10-02 08:26:31,611 [DEBUG] [TIME] 8242 balance_sheet: 0.17s
2026-10-02 08:26:31,866 [DEBUG] [TIME] 8242 cashflow: 0.25s
2026-10-02 08:26:32,261 [DEBUG] [TIME] 8242 dividends: 0.39s
2026-10-02 08:26:32,262 [INFO] [DETAIL] 8242 エイチ・ツー・オー　リテイリング: income_stmt=OK, balance_sheet=OK, cashflow=OK, dividends=OK
2026-10-02 08:26:32,262 [INFO] [TIME] 8242 エイチ・ツー・オー　リテイリング 処理時間: 1.19s
2026-10-02 08:26:34,082 [DEBUG] [TIME] 8244 info: 0.22s
2026-10-02 08:26:34,082 [DEBUG] yfinance OK: 8244
2026-10-02 08:26:34,251 [DEBUG] [TIME] 8244 income_stmt: 0.17s
2026-10-02 08:26:34,417 [DEBUG] [TIME] 8244 balance_sheet: 0.17s
2026-10-02 08:26:34,694 [DEBUG] [TIME] 8244 cashflow: 0.28s
2026-10-02 08:26:35,039 [DEBUG] [TIME] 8244 dividends: 0.34s
2026-10-02 08:26:35,040 [INFO] [DETAIL] 8244 近鉄百貨店: income_stmt=OK, balance_sheet=OK, cashflow=OK, dividends=OK
2026-10-02 08:26:35,040 [INFO] [TIME] 8244 近鉄百貨店 処理時間: 1.18s
2026-10-02 08:26:36,673 [DEBUG] [TIME] 8247 info: 0.19s
2026-10-02 08:26:36,673 [DEBUG] yfinance OK: 8247
2026-10-02 08:26:36,905 [DEBUG] [TIME] 8247 income_stmt: 0.23s
2026-10-02 08:26:37,124 [DEBUG] [TIME] 8247 balance_sheet: 0.22s
2026-10-02 08:26:37,294 [DEBUG] [TIME] 8247 cashflow: 0.17s
2026-10-02 08:26:37,700 [DEBUG] [TIME] 8247 dividends: 0.41s
2026-10-02 08:26:37,701 [INFO] [DETAIL] 8247 大和: income_stmt=OK, balance_sheet=OK, cashflow=OK, dividends=OK
2026-10-02 08:26:37,701 [INFO] [TIME] 8247 大和 処理時間: 1.22s
2026-10-02 08:26:39,199 [DEBUG] [TIME] 8252 info: 0.20s
2026-10-02 08:26:39,199 [DEBUG] yfinance OK: 8252
2026-10-02 08:26:39,399 [DEBUG] [TIME] 8252 income_stmt: 0.20s
2026-10-02 08:26:39,754 [DEBUG] [TIME] 8252 balance_sheet: 0.36s
2026-10-02 08:26:39,991 [DEBUG] [TIME] 8252 cashflow: 0.24s
2026-10-02 08:26:40,441 [DEBUG] [TIME] 8252 dividends: 0.45s
2026-10-02 08:26:40,441 [INFO] [DETAIL] 8252 丸井グループ: income_stmt=OK, balance_sheet=OK, cashflow=OK, dividends=OK
2026-10-02 08:26:40,442 [INFO] [TIME] 8252 丸井グループ 処理時間: 1.45s
2026-10-02 08:26:42,031 [DEBUG] [TIME] 8253 info: 0.23s
2026-10-02 08:26:42,031 [DEBUG] yfinance OK: 8253
2026-10-02 08:26:42,292 [DEBUG] [TIME] 8253 income_stmt: 0.26s
2026-10-02 08:26:42,573 [DEBUG] [TIME] 8253 balance_sheet: 0.28s
2026-10-02 08:26:42,750 [DEBUG] [TIME] 8253 cashflow: 0.18s
2026-10-02 08:26:43,147 [DEBUG] [TIME] 8253 dividends: 0.40s
2026-10-02 08:26:43,148 [INFO] [DETAIL] 8253 クレディセゾン: income_stmt=OK, balance_sheet=OK, cashflow=OK, dividends=OK
2026-10-02 08:26:43,148 [INFO] [TIME] 8253 クレディセゾン 処理時間: 1.34s
2026-10-02 08:26:45,217 [DEBUG] [TIME] 8254 info: 0.20s
2026-10-02 08:26:45,217 [DEBUG] yfinance OK: 8254
2026-10-02 08:26:45,454 [DEBUG] [TIME] 8254 income_stmt: 0.24s
2026-10-02 08:26:45,636 [DEBUG] [TIME] 8254 balance_sheet: 0.18s
2026-10-02 08:26:45,893 [DEBUG] [TIME] 8254 cashflow: 0.26s
2026-10-02 08:26:46,224 [DEBUG] [TIME] 8254 dividends: 0.33s
2026-10-02 08:26:46,224 [INFO] [DETAIL] 8254 さいか屋: income_stmt=OK, balance_sheet=OK, cashflow=OK, dividends=OK
2026-10-02 08:26:46,224 [INFO] [TIME] 8254 さいか屋 処理時間: 1.21s
2026-10-02 08:26:47,889 [DEBUG] [TIME] 8255 info: 0.25s
2026-10-02 08:26:47,889 [DEBUG] yfinance OK: 8255
2026-10-02 08:26:48,097 [DEBUG] [TIME] 8255 income_stmt: 0.21s
2026-10-02 08:26:48,397 [DEBUG] [TIME] 8255 balance_sheet: 0.30s
2026-10-02 08:26:48,562 [DEBUG] [TIME] 8255 cashflow: 0.16s
2026-10-02 08:26:48,996 [DEBUG] [TIME] 8255 dividends: 0.43s
2026-10-02 08:26:48,997 [INFO] [DETAIL] 8255 アクシアル　リテイリング: income_stmt=OK, balance_sheet=OK, cashflow=OK, dividends=OK
2026-10-02 08:26:48,997 [INFO] [TIME] 8255 アクシアル　リテイリング 処理時間: 1.36s
2026-10-02 08:26:51,049 [DEBUG] [TIME] 8260 info: 0.22s
2026-10-02 08:26:51,050 [DEBUG] yfinance OK: 8260
2026-10-02 08:26:51,249 [DEBUG] [TIME] 8260 income_stmt: 0.20s
2026-10-02 08:26:51,458 [DEBUG] [TIME] 8260 balance_sheet: 0.21s
2026-10-02 08:26:51,757 [DEBUG] [TIME] 8260 cashflow: 0.30s
2026-10-02 08:26:52,139 [DEBUG] [TIME] 8260 dividends: 0.38s
2026-10-02 08:26:52,140 [INFO] [DETAIL] 8260 井筒屋: income_stmt=OK, balance_sheet=OK, cashflow=OK, dividends=OK
2026-10-02 08:26:52,140 [INFO] [TIME] 8260 井筒屋 処理時間: 1.31s
2026-10-02 08:26:54,106 [DEBUG] [TIME] 8267 info: 0.19s
2026-10-02 08:26:54,106 [DEBUG] yfinance OK: 8267
2026-10-02 08:26:54,299 [DEBUG] [TIME] 8267 income_stmt: 0.19s
2026-10-02 08:26:54,625 [DEBUG] [TIME] 8267 balance_sheet: 0.33s
2026-10-02 08:26:54,828 [DEBUG] [TIME] 8267 cashflow: 0.20s
2026-10-02 08:26:55,349 [DEBUG] [TIME] 8267 dividends: 0.52s
2026-10-02 08:26:55,350 [INFO] [DETAIL] 8267 イオン: income_stmt=OK, balance_sheet=OK, cashflow=OK, dividends=OK
2026-10-02 08:26:55,350 [INFO] [TIME] 8267 イオン 処理時間: 1.43s
2026-10-02 08:26:56,939 [DEBUG] [TIME] 8273 info: 0.22s
2026-10-02 08:26:56,939 [DEBUG] yfinance OK: 8273
2026-10-02 08:26:57,184 [DEBUG] [TIME] 8273 income_stmt: 0.24s
2026-10-02 08:26:57,377 [DEBUG] [TIME] 8273 balance_sheet: 0.19s
2026-10-02 08:26:57,561 [DEBUG] [TIME] 8273 cashflow: 0.18s
2026-10-02 08:26:58,159 [DEBUG] [TIME] 8273 dividends: 0.60s
2026-10-02 08:26:58,160 [INFO] [DETAIL] 8273 イズミ: income_stmt=OK, balance_sheet=OK, cashflow=OK, dividends=OK
2026-10-02 08:26:58,160 [INFO] [TIME] 8273 イズミ 処理時間: 1.44s
2026-10-02 08:27:00,220 [DEBUG] [TIME] 8275 info: 0.29s
2026-10-02 08:27:00,221 [DEBUG] yfinance OK: 8275
2026-10-02 08:27:00,440 [DEBUG] [TIME] 8275 income_stmt: 0.22s
2026-10-02 08:27:00,631 [DEBUG] [TIME] 8275 balance_sheet: 0.19s
2026-10-02 08:27:00,842 [DEBUG] [TIME] 8275 cashflow: 0.21s
2026-10-02 08:27:01,315 [DEBUG] [TIME] 8275 dividends: 0.47s
2026-10-02 08:27:01,315 [INFO] [DETAIL] 8275 フォーバル: income_stmt=OK, balance_sheet=OK, cashflow=OK, dividends=OK
2026-10-02 08:27:01,316 [INFO] [TIME] 8275 フォーバル 処理時間: 1.39s
2026-10-02 08:27:02,527 [DEBUG] [TIME] 8276 info: 0.20s
2026-10-02 08:27:02,527 [DEBUG] yfinance OK: 8276
2026-10-02 08:27:02,769 [DEBUG] [TIME] 8276 income_stmt: 0.24s
2026-10-02 08:27:02,952 [DEBUG] [TIME] 8276 balance_sheet: 0.18s
2026-10-02 08:27:03,211 [DEBUG] [TIME] 8276 cashflow: 0.26s
2026-10-02 08:27:03,694 [DEBUG] [TIME] 8276 dividends: 0.48s
2026-10-02 08:27:03,695 [INFO] [DETAIL] 8276 平和堂: income_stmt=OK, balance_sheet=OK, cashflow=OK, dividends=OK
2026-10-02 08:27:03,695 [INFO] [TIME] 8276 平和堂 処理時間: 1.37s
2026-10-02 08:27:05,063 [DEBUG] [TIME] 8278 info: 0.22s
2026-10-02 08:27:05,063 [DEBUG] yfinance OK: 8278
2026-10-02 08:27:05,253 [DEBUG] [TIME] 8278 income_stmt: 0.19s
2026-10-02 08:27:05,543 [DEBUG] [TIME] 8278 balance_sheet: 0.29s
2026-10-02 08:27:05,789 [DEBUG] [TIME] 8278 cashflow: 0.25s
2026-10-02 08:27:06,148 [DEBUG] [TIME] 8278 dividends: 0.36s
2026-10-02 08:27:06,149 [INFO] [DETAIL] 8278 フジ: income_stmt=OK, balance_sheet=OK, cashflow=OK, dividends=OK
2026-10-02 08:27:06,149 [INFO] [TIME] 8278 フジ 処理時間: 1.30s
2026-10-02 08:27:07,395 [DEBUG] [TIME] 8281 info: 0.22s
2026-10-02 08:27:07,395 [DEBUG] yfinance OK: 8281
2026-10-02 08:27:07,571 [DEBUG] [TIME] 8281 income_stmt: 0.18s
2026-10-02 08:27:07,884 [DEBUG] [TIME] 8281 balance_sheet: 0.31s
2026-10-02 08:27:08,148 [DEBUG] [TIME] 8281 cashflow: 0.26s
2026-10-02 08:27:08,514 [DEBUG] [TIME] 8281 dividends: 0.37s
2026-10-02 08:27:08,515 [INFO] [DETAIL] 8281 ゼビオホールディングス: income_stmt=OK, balance_sheet=OK, cashflow=OK, dividends=OK
2026-10-02 08:27:08,515 [INFO] [TIME] 8281 ゼビオホールディングス 処理時間: 1.34s
2026-10-02 08:27:10,256 [DEBUG] [TIME] 8282 info: 0.23s
2026-10-02 08:27:10,256 [DEBUG] yfinance OK: 8282
2026-10-02 08:27:10,511 [DEBUG] [TIME] 8282 income_stmt: 0.26s
2026-10-02 08:27:10,771 [DEBUG] [TIME] 8282 balance_sheet: 0.26s
2026-10-02 08:27:10,983 [DEBUG] [TIME] 8282 cashflow: 0.21s
2026-10-02 08:27:11,378 [DEBUG] [TIME] 8282 dividends: 0.39s
2026-10-02 08:27:11,378 [INFO] [DETAIL] 8282 ケーズホールディングス: income_stmt=OK, balance_sheet=OK, cashflow=OK, dividends=OK
2026-10-02 08:27:11,379 [INFO] [TIME] 8282 ケーズホールディングス 処理時間: 1.35s
2026-10-02 08:27:12,913 [DEBUG] [TIME] 8283 info: 0.19s
2026-10-02 08:27:12,913 [WARNING] yfinance データなし: 8283
2026-10-02 08:27:12,914 [INFO] [TIME] 8283 ＰＡＬＴＡＣ 処理時間: 0.19s
2026-10-02 08:27:14,778 [DEBUG] [TIME] 8285 info: 0.22s
2026-10-02 08:27:14,778 [DEBUG] yfinance OK: 8285
2026-10-02 08:27:14,948 [DEBUG] [TIME] 8285 income_stmt: 0.17s
2026-10-02 08:27:15,269 [DEBUG] [TIME] 8285 balance_sheet: 0.32s
2026-10-02 08:27:15,487 [DEBUG] [TIME] 8285 cashflow: 0.22s
2026-10-02 08:27:15,741 [DEBUG] [TIME] 8285 dividends: 0.25s
2026-10-02 08:27:15,741 [INFO] [DETAIL] 8285 三谷産業: income_stmt=OK, balance_sheet=OK, cashflow=OK, dividends=OK
2026-10-02 08:27:15,742 [INFO] [TIME] 8285 三谷産業 処理時間: 1.18s
2026-10-02 08:27:17,278 [DEBUG] [TIME] 8289 info: 0.42s
2026-10-02 08:27:17,278 [WARNING] yfinance データなし: 8289
2026-10-02 08:27:17,278 [INFO] [TIME] 8289 Ｏｌｙｍｐｉｃグループ 処理時間: 0.42s
2026-10-02 08:27:19,474 [DEBUG] [TIME] 8291 info: 0.19s
2026-10-02 08:27:19,475 [DEBUG] yfinance OK: 8291
2026-10-02 08:27:19,720 [DEBUG] [TIME] 8291 income_stmt: 0.25s
2026-10-02 08:27:19,956 [DEBUG] [TIME] 8291 balance_sheet: 0.23s
2026-10-02 08:27:20,204 [DEBUG] [TIME] 8291 cashflow: 0.25s
2026-10-02 08:27:20,565 [DEBUG] [TIME] 8291 dividends: 0.36s
2026-10-02 08:27:20,566 [INFO] [DETAIL] 8291 日産東京販売ホールディングス: income_stmt=OK, balance_sheet=OK, cashflow=OK, dividends=OK
2026-10-02 08:27:20,566 [INFO] [TIME] 8291 日産東京販売ホールディングス 処理時間: 1.28s
2026-10-02 08:27:22,153 [DEBUG] [TIME] 8303 info: 0.19s
2026-10-02 08:27:22,153 [DEBUG] yfinance OK: 8303
2026-10-02 08:27:22,343 [DEBUG] [TIME] 8303 income_stmt: 0.19s
2026-10-02 08:27:22,569 [DEBUG] [TIME] 8303 balance_sheet: 0.23s
2026-10-02 08:27:22,820 [DEBUG] [TIME] 8303 cashflow: 0.25s
2026-10-02 08:27:23,254 [DEBUG] [TIME] 8303 dividends: 0.43s
2026-10-02 08:27:23,256 [INFO] [DETAIL] 8303 ＳＢＩ新生銀行: income_stmt=OK, balance_sheet=OK, cashflow=OK, dividends=OK
2026-10-02 08:27:23,256 [INFO] [TIME] 8303 ＳＢＩ新生銀行 処理時間: 1.29s
2026-10-02 08:27:25,187 [DEBUG] [TIME] 8304 info: 0.19s
2026-10-02 08:27:25,187 [DEBUG] yfinance OK: 8304
2026-10-02 08:27:25,408 [DEBUG] [TIME] 8304 income_stmt: 0.22s
2026-10-02 08:27:25,651 [DEBUG] [TIME] 8304 balance_sheet: 0.24s
2026-10-02 08:27:25,856 [DEBUG] [TIME] 8304 cashflow: 0.20s
2026-10-02 08:27:26,205 [DEBUG] [TIME] 8304 dividends: 0.35s
2026-10-02 08:27:26,206 [INFO] [DETAIL] 8304 あおぞら銀行: income_stmt=OK, balance_sheet=OK, cashflow=OK, dividends=OK
2026-10-02 08:27:26,206 [INFO] [TIME] 8304 あおぞら銀行 処理時間: 1.21s
2026-10-02 08:27:27,964 [DEBUG] [TIME] 8306 info: 0.21s
2026-10-02 08:27:27,964 [DEBUG] yfinance OK: 8306
2026-10-02 08:27:28,200 [DEBUG] [TIME] 8306 income_stmt: 0.24s
2026-10-02 08:27:28,413 [DEBUG] [TIME] 8306 balance_sheet: 0.21s
2026-10-02 08:27:28,614 [DEBUG] [TIME] 8306 cashflow: 0.20s
2026-10-02 08:27:28,990 [DEBUG] [TIME] 8306 dividends: 0.38s
2026-10-02 08:27:28,991 [INFO] [DETAIL] 8306 三菱ＵＦＪフィナンシャル・グループ: income_stmt=OK, balance_sheet=OK, cashflow=OK, dividends=OK
2026-10-02 08:27:28,991 [INFO] [TIME] 8306 三菱ＵＦＪフィナンシャル・グループ 処理時間: 1.24s
2026-10-02 08:27:30,944 [DEBUG] [TIME] 8308 info: 0.26s
2026-10-02 08:27:30,944 [DEBUG] yfinance OK: 8308
2026-10-02 08:27:31,184 [DEBUG] [TIME] 8308 income_stmt: 0.24s
2026-10-02 08:27:31,356 [DEBUG] [TIME] 8308 balance_sheet: 0.17s
2026-10-02 08:27:31,629 [DEBUG] [TIME] 8308 cashflow: 0.27s
2026-10-02 08:27:32,046 [DEBUG] [TIME] 8308 dividends: 0.42s
2026-10-02 08:27:32,047 [INFO] [DETAIL] 8308 りそなホールディングス: income_stmt=OK, balance_sheet=OK, cashflow=OK, dividends=OK
2026-10-02 08:27:32,047 [INFO] [TIME] 8308 りそなホールディングス 処理時間: 1.36s
2026-10-02 08:27:34,156 [DEBUG] [TIME] 8309 info: 0.19s
2026-10-02 08:27:34,156 [DEBUG] yfinance OK: 8309
2026-10-02 08:27:34,318 [DEBUG] [TIME] 8309 income_stmt: 0.16s
2026-10-02 08:27:34,500 [DEBUG] [TIME] 8309 balance_sheet: 0.18s
2026-10-02 08:27:34,663 [DEBUG] [TIME] 8309 cashflow: 0.16s
2026-10-02 08:27:35,000 [DEBUG] [TIME] 8309 dividends: 0.34s
2026-10-02 08:27:35,001 [INFO] [DETAIL] 8309 三井住友トラストグループ: income_stmt=OK, balance_sheet=OK, cashflow=OK, dividends=OK
2026-10-02 08:27:35,001 [INFO] [TIME] 8309 三井住友トラストグループ 処理時間: 1.03s
2026-10-02 08:27:37,173 [DEBUG] [TIME] 8316 info: 0.21s
2026-10-02 08:27:37,173 [DEBUG] yfinance OK: 8316
2026-10-02 08:27:37,350 [DEBUG] [TIME] 8316 income_stmt: 0.18s
2026-10-02 08:27:37,648 [DEBUG] [TIME] 8316 balance_sheet: 0.30s
2026-10-02 08:27:37,835 [DEBUG] [TIME] 8316 cashflow: 0.19s
2026-10-02 08:27:38,430 [DEBUG] [TIME] 8316 dividends: 0.59s
2026-10-02 08:27:38,430 [INFO] [DETAIL] 8316 三井住友フィナンシャルグループ: income_stmt=OK, balance_sheet=OK, cashflow=OK, dividends=OK
2026-10-02 08:27:38,430 [INFO] [TIME] 8316 三井住友フィナンシャルグループ 処理時間: 1.47s
2026-10-02 08:27:40,454 [DEBUG] [TIME] 8331 info: 0.19s
2026-10-02 08:27:40,454 [DEBUG] yfinance OK: 8331
2026-10-02 08:27:40,660 [DEBUG] [TIME] 8331 income_stmt: 0.21s
2026-10-02 08:27:40,825 [DEBUG] [TIME] 8331 balance_sheet: 0.17s
2026-10-02 08:27:41,039 [DEBUG] [TIME] 8331 cashflow: 0.21s
2026-10-02 08:27:41,420 [DEBUG] [TIME] 8331 dividends: 0.38s
2026-10-02 08:27:41,421 [INFO] [DETAIL] 8331 千葉銀行: income_stmt=OK, balance_sheet=OK, cashflow=OK, dividends=OK
2026-10-02 08:27:41,421 [INFO] [TIME] 8331 千葉銀行 処理時間: 1.16s
2026-10-02 08:27:43,031 [DEBUG] [TIME] 8334 info: 0.20s
2026-10-02 08:27:43,031 [DEBUG] yfinance OK: 8334
2026-10-02 08:27:43,205 [DEBUG] [TIME] 8334 income_stmt: 0.17s
2026-10-02 08:27:43,374 [DEBUG] [TIME] 8334 balance_sheet: 0.17s
2026-10-02 08:27:43,563 [DEBUG] [TIME] 8334 cashflow: 0.19s
2026-10-02 08:27:43,944 [DEBUG] [TIME] 8334 dividends: 0.38s
2026-10-02 08:27:43,945 [INFO] [DETAIL] 8334 群馬銀行: income_stmt=OK, balance_sheet=OK, cashflow=OK, dividends=OK
2026-10-02 08:27:43,945 [INFO] [TIME] 8334 群馬銀行 処理時間: 1.11s
2026-10-02 08:27:46,006 [DEBUG] [TIME] 8336 info: 0.20s
2026-10-02 08:27:46,006 [DEBUG] yfinance OK: 8336
2026-10-02 08:27:46,179 [DEBUG] [TIME] 8336 income_stmt: 0.17s
2026-10-02 08:27:46,327 [DEBUG] [TIME] 8336 balance_sheet: 0.15s
2026-10-02 08:27:46,537 [DEBUG] [TIME] 8336 cashflow: 0.21s
2026-10-02 08:27:46,944 [DEBUG] [TIME] 8336 dividends: 0.41s
2026-10-02 08:27:46,945 [INFO] [DETAIL] 8336 武蔵野銀行: income_stmt=OK, balance_sheet=OK, cashflow=OK, dividends=OK
2026-10-02 08:27:46,945 [INFO] [TIME] 8336 武蔵野銀行 処理時間: 1.13s
2026-10-02 08:27:48,724 [DEBUG] [TIME] 8337 info: 0.20s
2026-10-02 08:27:48,724 [DEBUG] yfinance OK: 8337
2026-10-02 08:27:48,896 [DEBUG] [TIME] 8337 income_stmt: 0.17s
2026-10-02 08:27:49,055 [DEBUG] [TIME] 8337 balance_sheet: 0.16s
2026-10-02 08:27:49,203 [DEBUG] [TIME] 8337 cashflow: 0.15s
2026-10-02 08:27:49,577 [DEBUG] [TIME] 8337 dividends: 0.37s
2026-10-02 08:27:49,578 [INFO] [DETAIL] 8337 千葉興業銀行: income_stmt=OK, balance_sheet=OK, cashflow=OK, dividends=OK
2026-10-02 08:27:49,578 [INFO] [TIME] 8337 千葉興業銀行 処理時間: 1.05s
2026-10-02 08:27:51,720 [DEBUG] [TIME] 8338 info: 0.25s
2026-10-02 08:27:51,720 [DEBUG] yfinance OK: 8338
2026-10-02 08:27:51,892 [DEBUG] [TIME] 8338 income_stmt: 0.17s
2026-10-02 08:27:52,210 [DEBUG] [TIME] 8338 balance_sheet: 0.32s
2026-10-02 08:27:52,480 [DEBUG] [TIME] 8338 cashflow: 0.27s
2026-10-02 08:27:53,062 [DEBUG] [TIME] 8338 dividends: 0.58s
2026-10-02 08:27:53,063 [INFO] [DETAIL] 8338 筑波銀行: income_stmt=OK, balance_sheet=OK, cashflow=OK, dividends=OK
2026-10-02 08:27:53,063 [INFO] [TIME] 8338 筑波銀行 処理時間: 1.59s
2026-10-02 08:27:54,732 [DEBUG] [TIME] 8341 info: 0.21s
2026-10-02 08:27:54,732 [DEBUG] yfinance OK: 8341
2026-10-02 08:27:54,917 [DEBUG] [TIME] 8341 income_stmt: 0.19s
2026-10-02 08:27:55,119 [DEBUG] [TIME] 8341 balance_sheet: 0.20s
2026-10-02 08:27:55,306 [DEBUG] [TIME] 8341 cashflow: 0.19s
2026-10-02 08:27:55,943 [DEBUG] [TIME] 8341 dividends: 0.64s
2026-10-02 08:27:55,944 [INFO] [DETAIL] 8341 七十七銀行: income_stmt=OK, balance_sheet=OK, cashflow=OK, dividends=OK
2026-10-02 08:27:55,944 [INFO] [TIME] 8341 七十七銀行 処理時間: 1.42s
2026-10-02 08:27:58,058 [DEBUG] [TIME] 8343 info: 0.19s
2026-10-02 08:27:58,058 [DEBUG] yfinance OK: 8343
2026-10-02 08:27:58,236 [DEBUG] [TIME] 8343 income_stmt: 0.18s
2026-10-02 08:27:58,486 [DEBUG] [TIME] 8343 balance_sheet: 0.25s
2026-10-02 08:27:58,689 [DEBUG] [TIME] 8343 cashflow: 0.20s
2026-10-02 08:27:59,179 [DEBUG] [TIME] 8343 dividends: 0.49s
2026-10-02 08:27:59,180 [INFO] [DETAIL] 8343 秋田銀行: income_stmt=OK, balance_sheet=OK, cashflow=OK, dividends=OK
2026-10-02 08:27:59,180 [INFO] [TIME] 8343 秋田銀行 処理時間: 1.31s
2026-10-02 08:28:00,489 [DEBUG] [TIME] 8344 info: 0.19s
2026-10-02 08:28:00,489 [DEBUG] yfinance OK: 8344
2026-10-02 08:28:00,668 [DEBUG] [TIME] 8344 income_stmt: 0.18s
2026-10-02 08:28:00,918 [DEBUG] [TIME] 8344 balance_sheet: 0.25s
2026-10-02 08:28:01,193 [DEBUG] [TIME] 8344 cashflow: 0.27s
2026-10-02 08:28:01,593 [DEBUG] [TIME] 8344 dividends: 0.40s
2026-10-02 08:28:01,594 [INFO] [DETAIL] 8344 山形銀行: income_stmt=OK, balance_sheet=OK, cashflow=OK, dividends=OK
2026-10-02 08:28:01,594 [INFO] [TIME] 8344 山形銀行 処理時間: 1.29s
2026-10-02 08:28:03,138 [DEBUG] [TIME] 8345 info: 0.18s
2026-10-02 08:28:03,138 [DEBUG] yfinance OK: 8345
2026-10-02 08:28:03,327 [DEBUG] [TIME] 8345 income_stmt: 0.19s
2026-10-02 08:28:03,511 [DEBUG] [TIME] 8345 balance_sheet: 0.18s
2026-10-02 08:28:03,703 [DEBUG] [TIME] 8345 cashflow: 0.19s
2026-10-02 08:28:04,122 [DEBUG] [TIME] 8345 dividends: 0.42s
2026-10-02 08:28:04,122 [INFO] [DETAIL] 8345 岩手銀行: income_stmt=OK, balance_sheet=OK, cashflow=OK, dividends=OK
2026-10-02 08:28:04,122 [INFO] [TIME] 8345 岩手銀行 処理時間: 1.17s
2026-10-02 08:28:05,759 [DEBUG] [TIME] 8346 info: 0.20s
2026-10-02 08:28:05,759 [DEBUG] yfinance OK: 8346
2026-10-02 08:28:05,929 [DEBUG] [TIME] 8346 income_stmt: 0.17s
2026-10-02 08:28:06,112 [DEBUG] [TIME] 8346 balance_sheet: 0.18s
2026-10-02 08:28:06,292 [DEBUG] [TIME] 8346 cashflow: 0.18s
2026-10-02 08:28:06,722 [DEBUG] [TIME] 8346 dividends: 0.43s
2026-10-02 08:28:06,723 [INFO] [DETAIL] 8346 東邦銀行: income_stmt=OK, balance_sheet=OK, cashflow=OK, dividends=OK
2026-10-02 08:28:06,723 [INFO] [TIME] 8346 東邦銀行 処理時間: 1.16s
2026-10-02 08:28:08,936 [DEBUG] [TIME] 8349 info: 0.23s
2026-10-02 08:28:08,936 [DEBUG] yfinance OK: 8349
2026-10-02 08:28:09,099 [DEBUG] [TIME] 8349 income_stmt: 0.16s
2026-10-02 08:28:09,277 [DEBUG] [TIME] 8349 balance_sheet: 0.18s
2026-10-02 08:28:09,520 [DEBUG] [TIME] 8349 cashflow: 0.24s
2026-10-02 08:28:09,873 [DEBUG] [TIME] 8349 dividends: 0.35s
2026-10-02 08:28:09,874 [INFO] [DETAIL] 8349 東北銀行: income_stmt=OK, balance_sheet=OK, cashflow=OK, dividends=OK
2026-10-02 08:28:09,874 [INFO] [TIME] 8349 東北銀行 処理時間: 1.16s
2026-10-02 08:28:11,581 [DEBUG] [TIME] 8354 info: 0.28s
2026-10-02 08:28:11,582 [DEBUG] yfinance OK: 8354
2026-10-02 08:28:11,843 [DEBUG] [TIME] 8354 income_stmt: 0.26s
2026-10-02 08:28:11,983 [DEBUG] [TIME] 8354 balance_sheet: 0.14s
2026-10-02 08:28:12,175 [DEBUG] [TIME] 8354 cashflow: 0.19s
2026-10-02 08:28:12,636 [DEBUG] [TIME] 8354 dividends: 0.46s
2026-10-02 08:28:12,636 [INFO] [DETAIL] 8354 ふくおかフィナンシャルグループ: income_stmt=OK, balance_sheet=OK, cashflow=OK, dividends=OK
2026-10-02 08:28:12,636 [INFO] [TIME] 8354 ふくおかフィナンシャルグループ 処理時間: 1.33s
2026-10-02 08:28:13,976 [DEBUG] [TIME] 8358 info: 0.20s
2026-10-02 08:28:13,976 [DEBUG] yfinance OK: 8358
2026-10-02 08:28:14,176 [DEBUG] [TIME] 8358 income_stmt: 0.20s
2026-10-02 08:28:14,425 [DEBUG] [TIME] 8358 balance_sheet: 0.25s
2026-10-02 08:28:14,710 [DEBUG] [TIME] 8358 cashflow: 0.28s
2026-10-02 08:28:15,107 [DEBUG] [TIME] 8358 dividends: 0.40s
2026-10-02 08:28:15,108 [INFO] [DETAIL] 8358 スルガ銀行: income_stmt=OK, balance_sheet=OK, cashflow=OK, dividends=OK
2026-10-02 08:28:15,108 [INFO] [TIME] 8358 スルガ銀行 処理時間: 1.33s
2026-10-02 08:28:16,715 [DEBUG] [TIME] 8359 info: 0.19s
2026-10-02 08:28:16,715 [DEBUG] yfinance OK: 8359
2026-10-02 08:28:16,892 [DEBUG] [TIME] 8359 income_stmt: 0.18s
2026-10-02 08:28:17,135 [DEBUG] [TIME] 8359 balance_sheet: 0.24s
2026-10-02 08:28:17,450 [DEBUG] [TIME] 8359 cashflow: 0.31s
2026-10-02 08:28:17,831 [DEBUG] [TIME] 8359 dividends: 0.38s
2026-10-02 08:28:17,832 [INFO] [DETAIL] 8359 八十二長野銀行: income_stmt=OK, balance_sheet=OK, cashflow=OK, dividends=OK
2026-10-02 08:28:17,832 [INFO] [TIME] 8359 八十二長野銀行 処理時間: 1.31s
2026-10-02 08:28:19,629 [DEBUG] [TIME] 8360 info: 0.31s
2026-10-02 08:28:19,629 [DEBUG] yfinance OK: 8360
2026-10-02 08:28:19,857 [DEBUG] [TIME] 8360 income_stmt: 0.23s
2026-10-02 08:28:20,112 [DEBUG] [TIME] 8360 balance_sheet: 0.26s
2026-10-02 08:28:20,317 [DEBUG] [TIME] 8360 cashflow: 0.20s
2026-10-02 08:28:20,755 [DEBUG] [TIME] 8360 dividends: 0.44s
2026-10-02 08:28:20,757 [INFO] [DETAIL] 8360 山梨中央銀行: income_stmt=OK, balance_sheet=OK, cashflow=OK, dividends=OK
2026-10-02 08:28:20,757 [INFO] [TIME] 8360 山梨中央銀行 処理時間: 1.43s
2026-10-02 08:28:22,669 [DEBUG] [TIME] 8361 info: 0.23s
2026-10-02 08:28:22,669 [DEBUG] yfinance OK: 8361
2026-10-02 08:28:22,900 [DEBUG] [TIME] 8361 income_stmt: 0.23s
2026-10-02 08:28:23,078 [DEBUG] [TIME] 8361 balance_sheet: 0.18s
2026-10-02 08:28:23,332 [DEBUG] [TIME] 8361 cashflow: 0.25s
2026-10-02 08:28:23,771 [DEBUG] [TIME] 8361 dividends: 0.44s
2026-10-02 08:28:23,772 [INFO] [DETAIL] 8361 大垣共立銀行: income_stmt=OK, balance_sheet=OK, cashflow=OK, dividends=OK
2026-10-02 08:28:23,772 [INFO] [TIME] 8361 大垣共立銀行 処理時間: 1.33s
2026-10-02 08:28:25,011 [DEBUG] [TIME] 8362 info: 0.18s
2026-10-02 08:28:25,012 [DEBUG] yfinance OK: 8362
2026-10-02 08:28:25,198 [DEBUG] [TIME] 8362 income_stmt: 0.19s
2026-10-02 08:28:25,513 [DEBUG] [TIME] 8362 balance_sheet: 0.31s
2026-10-02 08:28:25,778 [DEBUG] [TIME] 8362 cashflow: 0.26s
2026-10-02 08:28:26,203 [DEBUG] [TIME] 8362 dividends: 0.42s
2026-10-02 08:28:26,203 [INFO] [DETAIL] 8362 福井銀行: income_stmt=OK, balance_sheet=OK, cashflow=OK, dividends=OK
2026-10-02 08:28:26,203 [INFO] [TIME] 8362 福井銀行 処理時間: 1.38s
2026-10-02 08:28:28,278 [DEBUG] [TIME] 8364 info: 0.23s
2026-10-02 08:28:28,278 [DEBUG] yfinance OK: 8364
2026-10-02 08:28:28,541 [DEBUG] [TIME] 8364 income_stmt: 0.26s
2026-10-02 08:28:28,809 [DEBUG] [TIME] 8364 balance_sheet: 0.27s
2026-10-02 08:28:29,011 [DEBUG] [TIME] 8364 cashflow: 0.20s
2026-10-02 08:28:29,430 [DEBUG] [TIME] 8364 dividends: 0.42s
2026-10-02 08:28:29,431 [INFO] [DETAIL] 8364 清水銀行: income_stmt=OK, balance_sheet=OK, cashflow=OK, dividends=OK
2026-10-02 08:28:29,431 [INFO] [TIME] 8364 清水銀行 処理時間: 1.38s
2026-10-02 08:28:30,892 [DEBUG] [TIME] 8365 info: 0.21s
2026-10-02 08:28:30,892 [DEBUG] yfinance OK: 8365
2026-10-02 08:28:31,079 [DEBUG] [TIME] 8365 income_stmt: 0.19s
2026-10-02 08:28:31,274 [DEBUG] [TIME] 8365 balance_sheet: 0.19s
2026-10-02 08:28:31,456 [DEBUG] [TIME] 8365 cashflow: 0.18s
2026-10-02 08:28:31,775 [DEBUG] [TIME] 8365 dividends: 0.32s
2026-10-02 08:28:31,775 [INFO] [DETAIL] 8365 富山銀行: income_stmt=OK, balance_sheet=OK, cashflow=OK, dividends=OK
2026-10-02 08:28:31,775 [INFO] [TIME] 8365 富山銀行 処理時間: 1.09s
2026-10-02 08:28:33,856 [DEBUG] [TIME] 8366 info: 0.22s
2026-10-02 08:28:33,856 [DEBUG] yfinance OK: 8366
2026-10-02 08:28:34,177 [DEBUG] [TIME] 8366 income_stmt: 0.32s
2026-10-02 08:28:34,520 [DEBUG] [TIME] 8366 balance_sheet: 0.34s
2026-10-02 08:28:34,687 [DEBUG] [TIME] 8366 cashflow: 0.17s
2026-10-02 08:28:35,153 [DEBUG] [TIME] 8366 dividends: 0.47s
2026-10-02 08:28:35,154 [INFO] [DETAIL] 8366 滋賀銀行: income_stmt=OK, balance_sheet=OK, cashflow=OK, dividends=OK
2026-10-02 08:28:35,154 [INFO] [TIME] 8366 滋賀銀行 処理時間: 1.51s
2026-10-02 08:28:37,002 [DEBUG] [TIME] 8367 info: 0.20s
2026-10-02 08:28:37,002 [DEBUG] yfinance OK: 8367
2026-10-02 08:28:37,228 [DEBUG] [TIME] 8367 income_stmt: 0.23s
2026-10-02 08:28:37,534 [DEBUG] [TIME] 8367 balance_sheet: 0.31s
2026-10-02 08:28:37,772 [DEBUG] [TIME] 8367 cashflow: 0.24s
2026-10-02 08:28:38,230 [DEBUG] [TIME] 8367 dividends: 0.46s
2026-10-02 08:28:38,231 [INFO] [DETAIL] 8367 南都銀行: income_stmt=OK, balance_sheet=OK, cashflow=OK, dividends=OK
2026-10-02 08:28:38,231 [INFO] [TIME] 8367 南都銀行 処理時間: 1.43s
2026-10-02 08:28:40,181 [DEBUG] [TIME] 8368 info: 0.19s
2026-10-02 08:28:40,181 [DEBUG] yfinance OK: 8368
2026-10-02 08:28:40,366 [DEBUG] [TIME] 8368 income_stmt: 0.18s
2026-10-02 08:28:40,676 [DEBUG] [TIME] 8368 balance_sheet: 0.31s
2026-10-02 08:28:40,922 [DEBUG] [TIME] 8368 cashflow: 0.25s
2026-10-02 08:28:41,271 [DEBUG] [TIME] 8368 dividends: 0.35s
2026-10-02 08:28:41,272 [INFO] [DETAIL] 8368 百五銀行: income_stmt=OK, balance_sheet=OK, cashflow=OK, dividends=OK
2026-10-02 08:28:41,272 [INFO] [TIME] 8368 百五銀行 処理時間: 1.28s
2026-10-02 08:28:43,164 [DEBUG] [TIME] 8370 info: 0.18s
2026-10-02 08:28:43,164 [DEBUG] yfinance OK: 8370
2026-10-02 08:28:43,330 [DEBUG] [TIME] 8370 income_stmt: 0.17s
2026-10-02 08:28:43,651 [DEBUG] [TIME] 8370 balance_sheet: 0.32s
2026-10-02 08:28:43,835 [DEBUG] [TIME] 8370 cashflow: 0.18s
2026-10-02 08:28:44,143 [DEBUG] [TIME] 8370 dividends: 0.31s
2026-10-02 08:28:44,144 [INFO] [DETAIL] 8370 紀陽銀行: income_stmt=OK, balance_sheet=OK, cashflow=OK, dividends=OK
2026-10-02 08:28:44,144 [INFO] [TIME] 8370 紀陽銀行 処理時間: 1.16s
2026-10-02 08:28:45,573 [DEBUG] [TIME] 8377 info: 0.22s
2026-10-02 08:28:45,573 [DEBUG] yfinance OK: 8377
2026-10-02 08:28:45,772 [DEBUG] [TIME] 8377 income_stmt: 0.20s
2026-10-02 08:28:45,982 [DEBUG] [TIME] 8377 balance_sheet: 0.21s
2026-10-02 08:28:46,142 [DEBUG] [TIME] 8377 cashflow: 0.16s
2026-10-02 08:28:46,645 [DEBUG] [TIME] 8377 dividends: 0.50s
2026-10-02 08:28:46,645 [INFO] [DETAIL] 8377 ほくほくフィナンシャルグループ: income_stmt=OK, balance_sheet=OK, cashflow=OK, dividends=OK
2026-10-02 08:28:46,645 [INFO] [TIME] 8377 ほくほくフィナンシャルグループ 処理時間: 1.30s
2026-10-02 08:28:48,491 [DEBUG] [TIME] 8381 info: 0.22s
2026-10-02 08:28:48,492 [DEBUG] yfinance OK: 8381
2026-10-02 08:28:48,692 [DEBUG] [TIME] 8381 income_stmt: 0.20s
2026-10-02 08:28:48,907 [DEBUG] [TIME] 8381 balance_sheet: 0.21s
2026-10-02 08:28:49,124 [DEBUG] [TIME] 8381 cashflow: 0.22s
2026-10-02 08:28:50,026 [DEBUG] [TIME] 8381 dividends: 0.90s
2026-10-02 08:28:50,027 [INFO] [DETAIL] 8381 山陰合同銀行: income_stmt=OK, balance_sheet=OK, cashflow=OK, dividends=OK
2026-10-02 08:28:50,027 [INFO] [TIME] 8381 山陰合同銀行 処理時間: 1.75s
2026-10-02 08:28:51,400 [DEBUG] [TIME] 8383 info: 0.26s
2026-10-02 08:28:51,400 [DEBUG] yfinance OK: 8383
2026-10-02 08:28:51,578 [DEBUG] [TIME] 8383 income_stmt: 0.18s
2026-10-02 08:28:51,869 [DEBUG] [TIME] 8383 balance_sheet: 0.29s
2026-10-02 08:28:52,080 [DEBUG] [TIME] 8383 cashflow: 0.21s
2026-10-02 08:28:52,746 [DEBUG] [TIME] 8383 dividends: 0.67s
2026-10-02 08:28:52,746 [INFO] [DETAIL] 8383 鳥取銀行: income_stmt=OK, balance_sheet=OK, cashflow=OK, dividends=OK
2026-10-02 08:28:52,746 [INFO] [TIME] 8383 鳥取銀行 処理時間: 1.61s
2026-10-02 08:28:54,874 [DEBUG] [TIME] 8386 info: 0.20s
2026-10-02 08:28:54,874 [DEBUG] yfinance OK: 8386
2026-10-02 08:28:55,017 [DEBUG] [TIME] 8386 income_stmt: 0.14s
2026-10-02 08:28:55,365 [DEBUG] [TIME] 8386 balance_sheet: 0.35s
2026-10-02 08:28:55,608 [DEBUG] [TIME] 8386 cashflow: 0.24s
2026-10-02 08:28:56,197 [DEBUG] [TIME] 8386 dividends: 0.59s
2026-10-02 08:28:56,198 [INFO] [DETAIL] 8386 百十四銀行: income_stmt=OK, balance_sheet=OK, cashflow=OK, dividends=OK
2026-10-02 08:28:56,198 [INFO] [TIME] 8386 百十四銀行 処理時間: 1.52s
2026-10-02 08:28:57,583 [DEBUG] [TIME] 8387 info: 0.27s
2026-10-02 08:28:57,583 [DEBUG] yfinance OK: 8387
2026-10-02 08:28:57,838 [DEBUG] [TIME] 8387 income_stmt: 0.25s
2026-10-02 08:28:58,041 [DEBUG] [TIME] 8387 balance_sheet: 0.20s
2026-10-02 08:28:58,295 [DEBUG] [TIME] 8387 cashflow: 0.25s
2026-10-02 08:28:58,813 [DEBUG] [TIME] 8387 dividends: 0.52s
2026-10-02 08:28:58,814 [INFO] [DETAIL] 8387 四国銀行: income_stmt=OK, balance_sheet=OK, cashflow=OK, dividends=OK
2026-10-02 08:28:58,814 [INFO] [TIME] 8387 四国銀行 処理時間: 1.50s
2026-10-02 08:29:00,442 [DEBUG] [TIME] 8388 info: 0.20s
2026-10-02 08:29:00,442 [DEBUG] yfinance OK: 8388
2026-10-02 08:29:00,671 [DEBUG] [TIME] 8388 income_stmt: 0.23s
2026-10-02 08:29:00,827 [DEBUG] [TIME] 8388 balance_sheet: 0.15s
2026-10-02 08:29:01,003 [DEBUG] [TIME] 8388 cashflow: 0.18s
2026-10-02 08:29:01,471 [DEBUG] [TIME] 8388 dividends: 0.47s
2026-10-02 08:29:01,472 [INFO] [DETAIL] 8388 阿波銀行: income_stmt=OK, balance_sheet=OK, cashflow=OK, dividends=OK
2026-10-02 08:29:01,472 [INFO] [TIME] 8388 阿波銀行 処理時間: 1.23s
2026-10-02 08:29:02,778 [DEBUG] [TIME] 8392 info: 0.20s
2026-10-02 08:29:02,778 [DEBUG] yfinance OK: 8392
2026-10-02 08:29:02,950 [DEBUG] [TIME] 8392 income_stmt: 0.17s
2026-10-02 08:29:03,153 [DEBUG] [TIME] 8392 balance_sheet: 0.20s
2026-10-02 08:29:03,372 [DEBUG] [TIME] 8392 cashflow: 0.22s
2026-10-02 08:29:03,807 [DEBUG] [TIME] 8392 dividends: 0.44s
2026-10-02 08:29:03,808 [INFO] [DETAIL] 8392 大分銀行: income_stmt=OK, balance_sheet=OK, cashflow=OK, dividends=OK
2026-10-02 08:29:03,808 [INFO] [TIME] 8392 大分銀行 処理時間: 1.23s
2026-10-02 08:29:05,628 [DEBUG] [TIME] 8393 info: 0.21s
2026-10-02 08:29:05,628 [DEBUG] yfinance OK: 8393
2026-10-02 08:29:05,808 [DEBUG] [TIME] 8393 income_stmt: 0.18s
2026-10-02 08:29:05,972 [DEBUG] [TIME] 8393 balance_sheet: 0.16s
2026-10-02 08:29:06,263 [DEBUG] [TIME] 8393 cashflow: 0.29s
2026-10-02 08:29:06,680 [DEBUG] [TIME] 8393 dividends: 0.42s
2026-10-02 08:29:06,681 [INFO] [DETAIL] 8393 宮崎銀行: income_stmt=OK, balance_sheet=OK, cashflow=OK, dividends=OK
2026-10-02 08:29:06,681 [INFO] [TIME] 8393 宮崎銀行 処理時間: 1.26s
2026-10-02 08:29:08,438 [DEBUG] [TIME] 8395 info: 0.18s
2026-10-02 08:29:08,438 [DEBUG] yfinance OK: 8395
2026-10-02 08:29:08,743 [DEBUG] [TIME] 8395 income_stmt: 0.30s
2026-10-02 08:29:09,056 [DEBUG] [TIME] 8395 balance_sheet: 0.31s
2026-10-02 08:29:09,238 [DEBUG] [TIME] 8395 cashflow: 0.18s
2026-10-02 08:29:09,636 [DEBUG] [TIME] 8395 dividends: 0.40s
2026-10-02 08:29:09,637 [INFO] [DETAIL] 8395 佐賀銀行: income_stmt=OK, balance_sheet=OK, cashflow=OK, dividends=OK
2026-10-02 08:29:09,637 [INFO] [TIME] 8395 佐賀銀行 処理時間: 1.38s
2026-10-02 08:29:10,922 [DEBUG] [TIME] 8399 info: 0.20s
2026-10-02 08:29:10,922 [DEBUG] yfinance OK: 8399
2026-10-02 08:29:11,074 [DEBUG] [TIME] 8399 income_stmt: 0.15s
2026-10-02 08:29:11,289 [DEBUG] [TIME] 8399 balance_sheet: 0.21s
2026-10-02 08:29:11,468 [DEBUG] [TIME] 8399 cashflow: 0.18s
2026-10-02 08:29:11,868 [DEBUG] [TIME] 8399 dividends: 0.40s
2026-10-02 08:29:11,868 [INFO] [DETAIL] 8399 琉球銀行: income_stmt=OK, balance_sheet=OK, cashflow=OK, dividends=OK
2026-10-02 08:29:11,868 [INFO] [TIME] 8399 琉球銀行 処理時間: 1.15s
2026-10-02 08:29:13,595 [DEBUG] [TIME] 8410 info: 0.20s
2026-10-02 08:29:13,596 [DEBUG] yfinance OK: 8410
2026-10-02 08:29:13,791 [DEBUG] [TIME] 8410 income_stmt: 0.20s
2026-10-02 08:29:14,130 [DEBUG] [TIME] 8410 balance_sheet: 0.34s
2026-10-02 08:29:14,341 [DEBUG] [TIME] 8410 cashflow: 0.21s
2026-10-02 08:29:14,711 [DEBUG] [TIME] 8410 dividends: 0.37s
2026-10-02 08:29:14,712 [INFO] [DETAIL] 8410 セブン銀行: income_stmt=OK, balance_sheet=OK, cashflow=OK, dividends=OK
2026-10-02 08:29:14,712 [INFO] [TIME] 8410 セブン銀行 処理時間: 1.32s
2026-10-02 08:29:16,626 [DEBUG] [TIME] 8411 info: 0.19s
2026-10-02 08:29:16,626 [DEBUG] yfinance OK: 8411
2026-10-02 08:29:16,885 [DEBUG] [TIME] 8411 income_stmt: 0.26s
2026-10-02 08:29:17,116 [DEBUG] [TIME] 8411 balance_sheet: 0.23s
2026-10-02 08:29:17,261 [DEBUG] [TIME] 8411 cashflow: 0.14s
2026-10-02 08:29:17,594 [DEBUG] [TIME] 8411 dividends: 0.33s
2026-10-02 08:29:17,595 [INFO] [DETAIL] 8411 みずほフィナンシャルグループ: income_stmt=OK, balance_sheet=OK, cashflow=OK, dividends=OK
2026-10-02 08:29:17,595 [INFO] [TIME] 8411 みずほフィナンシャルグループ 処理時間: 1.16s
2026-10-02 08:29:19,583 [DEBUG] [TIME] 8416 info: 0.26s
2026-10-02 08:29:19,583 [DEBUG] yfinance OK: 8416
2026-10-02 08:29:19,858 [DEBUG] [TIME] 8416 income_stmt: 0.27s
2026-10-02 08:29:20,054 [DEBUG] [TIME] 8416 balance_sheet: 0.20s
2026-10-02 08:29:20,270 [DEBUG] [TIME] 8416 cashflow: 0.21s
2026-10-02 08:29:20,609 [DEBUG] [TIME] 8416 dividends: 0.34s
2026-10-02 08:29:20,610 [INFO] [DETAIL] 8416 高知銀行: income_stmt=OK, balance_sheet=OK, cashflow=OK, dividends=OK
2026-10-02 08:29:20,610 [INFO] [TIME] 8416 高知銀行 処理時間: 1.29s
2026-10-02 08:29:22,062 [DEBUG] [TIME] 8418 info: 0.20s
2026-10-02 08:29:22,062 [DEBUG] yfinance OK: 8418
2026-10-02 08:29:22,290 [DEBUG] [TIME] 8418 income_stmt: 0.23s
2026-10-02 08:29:22,569 [DEBUG] [TIME] 8418 balance_sheet: 0.28s
2026-10-02 08:29:22,776 [DEBUG] [TIME] 8418 cashflow: 0.21s
2026-10-02 08:29:23,214 [DEBUG] [TIME] 8418 dividends: 0.44s
2026-10-02 08:29:23,215 [INFO] [DETAIL] 8418 山口フィナンシャルグループ: income_stmt=OK, balance_sheet=OK, cashflow=OK, dividends=OK
2026-10-02 08:29:23,215 [INFO] [TIME] 8418 山口フィナンシャルグループ 処理時間: 1.35s
2026-10-02 08:29:24,889 [DEBUG] [TIME] 8424 info: 0.27s
2026-10-02 08:29:24,889 [DEBUG] yfinance OK: 8424
2026-10-02 08:29:25,168 [DEBUG] [TIME] 8424 income_stmt: 0.28s
2026-10-02 08:29:25,401 [DEBUG] [TIME] 8424 balance_sheet: 0.23s
2026-10-02 08:29:25,565 [DEBUG] [TIME] 8424 cashflow: 0.16s
2026-10-02 08:29:25,913 [DEBUG] [TIME] 8424 dividends: 0.35s
2026-10-02 08:29:25,913 [INFO] [DETAIL] 8424 芙蓉総合リース: income_stmt=OK, balance_sheet=OK, cashflow=OK, dividends=OK
2026-10-02 08:29:25,913 [INFO] [TIME] 8424 芙蓉総合リース 処理時間: 1.30s
2026-10-02 08:29:27,937 [DEBUG] [TIME] 8425 info: 0.19s
2026-10-02 08:29:27,937 [DEBUG] yfinance OK: 8425
2026-10-02 08:29:28,285 [DEBUG] [TIME] 8425 income_stmt: 0.35s
2026-10-02 08:29:28,555 [DEBUG] [TIME] 8425 balance_sheet: 0.27s
2026-10-02 08:29:28,754 [DEBUG] [TIME] 8425 cashflow: 0.20s
2026-10-02 08:29:29,178 [DEBUG] [TIME] 8425 dividends: 0.42s
2026-10-02 08:29:29,179 [INFO] [DETAIL] 8425 みずほリース: income_stmt=OK, balance_sheet=OK, cashflow=OK, dividends=OK
2026-10-02 08:29:29,179 [INFO] [TIME] 8425 みずほリース 処理時間: 1.44s
2026-10-02 08:29:31,091 [DEBUG] [TIME] 8439 info: 0.21s
2026-10-02 08:29:31,091 [DEBUG] yfinance OK: 8439
2026-10-02 08:29:31,314 [DEBUG] [TIME] 8439 income_stmt: 0.22s
2026-10-02 08:29:31,579 [DEBUG] [TIME] 8439 balance_sheet: 0.26s
2026-10-02 08:29:31,740 [DEBUG] [TIME] 8439 cashflow: 0.16s
2026-10-02 08:29:32,167 [DEBUG] [TIME] 8439 dividends: 0.43s
2026-10-02 08:29:32,168 [INFO] [DETAIL] 8439 東京センチュリー: income_stmt=OK, balance_sheet=OK, cashflow=OK, dividends=OK
2026-10-02 08:29:32,168 [INFO] [TIME] 8439 東京センチュリー 処理時間: 1.29s
2026-10-02 08:29:34,043 [DEBUG] [TIME] 8473 info: 0.19s
2026-10-02 08:29:34,043 [DEBUG] yfinance OK: 8473
2026-10-02 08:29:34,224 [DEBUG] [TIME] 8473 income_stmt: 0.18s
2026-10-02 08:29:34,430 [DEBUG] [TIME] 8473 balance_sheet: 0.21s
2026-10-02 08:29:34,737 [DEBUG] [TIME] 8473 cashflow: 0.31s
2026-10-02 08:29:35,900 [DEBUG] [TIME] 8473 dividends: 1.16s
2026-10-02 08:29:35,901 [INFO] [DETAIL] 8473 ＳＢＩホールディングス: income_stmt=OK, balance_sheet=OK, cashflow=OK, dividends=OK
2026-10-02 08:29:35,901 [INFO] [TIME] 8473 ＳＢＩホールディングス 処理時間: 2.05s
2026-10-02 08:29:37,552 [DEBUG] [TIME] 8508 info: 0.20s
2026-10-02 08:29:37,552 [DEBUG] yfinance OK: 8508
2026-10-02 08:29:37,785 [DEBUG] [TIME] 8508 income_stmt: 0.23s
2026-10-02 08:29:37,988 [DEBUG] [TIME] 8508 balance_sheet: 0.20s
2026-10-02 08:29:38,298 [DEBUG] [TIME] 8508 cashflow: 0.31s
2026-10-02 08:29:38,687 [DEBUG] [TIME] 8508 dividends: 0.39s
2026-10-02 08:29:38,688 [INFO] [DETAIL] 8508 Ｊトラスト: income_stmt=OK, balance_sheet=OK, cashflow=OK, dividends=OK
2026-10-02 08:29:38,688 [INFO] [TIME] 8508 Ｊトラスト 処理時間: 1.34s
2026-10-02 08:29:40,745 [DEBUG] [TIME] 8511 info: 0.22s
2026-10-02 08:29:40,745 [DEBUG] yfinance OK: 8511
2026-10-02 08:29:40,925 [DEBUG] [TIME] 8511 income_stmt: 0.18s
2026-10-02 08:29:41,087 [DEBUG] [TIME] 8511 balance_sheet: 0.16s
2026-10-02 08:29:41,385 [DEBUG] [TIME] 8511 cashflow: 0.30s
2026-10-02 08:29:41,768 [DEBUG] [TIME] 8511 dividends: 0.38s
2026-10-02 08:29:41,769 [INFO] [DETAIL] 8511 日本証券金融: income_stmt=OK, balance_sheet=OK, cashflow=OK, dividends=OK
2026-10-02 08:29:41,769 [INFO] [TIME] 8511 日本証券金融 処理時間: 1.25s
2026-10-02 08:29:43,885 [DEBUG] [TIME] 8518 info: 0.30s
2026-10-02 08:29:43,885 [DEBUG] yfinance OK: 8518
2026-10-02 08:29:44,081 [DEBUG] [TIME] 8518 income_stmt: 0.20s
2026-10-02 08:29:44,296 [DEBUG] [TIME] 8518 balance_sheet: 0.21s
2026-10-02 08:29:44,451 [DEBUG] [TIME] 8518 cashflow: 0.16s
2026-10-02 08:29:44,810 [DEBUG] [TIME] 8518 dividends: 0.36s
2026-10-02 08:29:44,810 [INFO] [DETAIL] 8518 日本アジア投資: income_stmt=OK, balance_sheet=OK, cashflow=OK, dividends=EMPTY
2026-10-02 08:29:44,810 [INFO] [TIME] 8518 日本アジア投資 処理時間: 1.22s
2026-10-02 08:29:46,064 [DEBUG] [TIME] 8522 info: 0.19s
2026-10-02 08:29:46,064 [DEBUG] yfinance OK: 8522
2026-10-02 08:29:46,239 [DEBUG] [TIME] 8522 income_stmt: 0.17s
2026-10-02 08:29:46,546 [DEBUG] [TIME] 8522 balance_sheet: 0.31s
2026-10-02 08:29:46,735 [DEBUG] [TIME] 8522 cashflow: 0.19s
2026-10-02 08:29:47,274 [DEBUG] [TIME] 8522 dividends: 0.54s
2026-10-02 08:29:47,274 [INFO] [DETAIL] 8522 名古屋銀行: income_stmt=OK, balance_sheet=OK, cashflow=OK, dividends=OK
2026-10-02 08:29:47,275 [INFO] [TIME] 8522 名古屋銀行 処理時間: 1.40s
2026-10-02 08:29:48,512 [DEBUG] [TIME] 8524 info: 0.19s
2026-10-02 08:29:48,512 [DEBUG] yfinance OK: 8524
2026-10-02 08:29:48,676 [DEBUG] [TIME] 8524 income_stmt: 0.16s
2026-10-02 08:29:48,947 [DEBUG] [TIME] 8524 balance_sheet: 0.27s
2026-10-02 08:29:49,203 [DEBUG] [TIME] 8524 cashflow: 0.26s
2026-10-02 08:29:49,455 [DEBUG] [TIME] 8524 dividends: 0.25s
2026-10-02 08:29:49,455 [INFO] [DETAIL] 8524 北洋銀行: income_stmt=OK, balance_sheet=OK, cashflow=OK, dividends=OK
2026-10-02 08:29:49,455 [INFO] [TIME] 8524 北洋銀行 処理時間: 1.13s
2026-10-02 08:29:51,175 [DEBUG] [TIME] 8537 info: 0.20s
2026-10-02 08:29:51,175 [DEBUG] yfinance OK: 8537
2026-10-02 08:29:51,372 [DEBUG] [TIME] 8537 income_stmt: 0.20s
2026-10-02 08:29:51,565 [DEBUG] [TIME] 8537 balance_sheet: 0.19s
2026-10-02 08:29:51,835 [DEBUG] [TIME] 8537 cashflow: 0.27s
2026-10-02 08:29:52,283 [DEBUG] [TIME] 8537 dividends: 0.45s
2026-10-02 08:29:52,284 [INFO] [DETAIL] 8537 大光銀行: income_stmt=OK, balance_sheet=OK, cashflow=OK, dividends=OK
2026-10-02 08:29:52,284 [INFO] [TIME] 8537 大光銀行 処理時間: 1.31s
2026-10-02 08:29:54,072 [DEBUG] [TIME] 8541 info: 0.22s
2026-10-02 08:29:54,072 [DEBUG] yfinance OK: 8541
2026-10-02 08:29:54,275 [DEBUG] [TIME] 8541 income_stmt: 0.20s
2026-10-02 08:29:54,555 [DEBUG] [TIME] 8541 balance_sheet: 0.28s
2026-10-02 08:29:54,781 [DEBUG] [TIME] 8541 cashflow: 0.23s
2026-10-02 08:29:55,191 [DEBUG] [TIME] 8541 dividends: 0.41s
2026-10-02 08:29:55,191 [INFO] [DETAIL] 8541 愛媛銀行: income_stmt=OK, balance_sheet=OK, cashflow=OK, dividends=OK
2026-10-02 08:29:55,191 [INFO] [TIME] 8541 愛媛銀行 処理時間: 1.34s
2026-10-02 08:29:57,099 [DEBUG] [TIME] 8542 info: 0.21s
2026-10-02 08:29:57,099 [DEBUG] yfinance OK: 8542
2026-10-02 08:29:57,302 [DEBUG] [TIME] 8542 income_stmt: 0.20s
2026-10-02 08:29:57,489 [DEBUG] [TIME] 8542 balance_sheet: 0.19s
2026-10-02 08:29:57,691 [DEBUG] [TIME] 8542 cashflow: 0.20s
2026-10-02 08:29:58,088 [DEBUG] [TIME] 8542 dividends: 0.40s
2026-10-02 08:29:58,089 [INFO] [DETAIL] 8542 トマト銀行: income_stmt=OK, balance_sheet=OK, cashflow=OK, dividends=OK
2026-10-02 08:29:58,089 [INFO] [TIME] 8542 トマト銀行 処理時間: 1.20s
2026-10-02 08:29:59,680 [DEBUG] [TIME] 8544 info: 0.20s
2026-10-02 08:29:59,680 [DEBUG] yfinance OK: 8544
2026-10-02 08:29:59,928 [DEBUG] [TIME] 8544 income_stmt: 0.25s
2026-10-02 08:30:00,288 [DEBUG] [TIME] 8544 balance_sheet: 0.36s
2026-10-02 08:30:00,535 [DEBUG] [TIME] 8544 cashflow: 0.25s
2026-10-02 08:30:00,948 [DEBUG] [TIME] 8544 dividends: 0.41s
2026-10-02 08:30:00,949 [INFO] [DETAIL] 8544 京葉銀行: income_stmt=OK, balance_sheet=OK, cashflow=OK, dividends=OK
2026-10-02 08:30:00,949 [INFO] [TIME] 8544 京葉銀行 処理時間: 1.47s
2026-10-02 08:30:03,175 [DEBUG] [TIME] 8550 info: 0.23s
2026-10-02 08:30:03,176 [DEBUG] yfinance OK: 8550
2026-10-02 08:30:03,434 [DEBUG] [TIME] 8550 income_stmt: 0.26s
2026-10-02 08:30:03,732 [DEBUG] [TIME] 8550 balance_sheet: 0.30s
2026-10-02 08:30:03,987 [DEBUG] [TIME] 8550 cashflow: 0.25s
2026-10-02 08:30:04,504 [DEBUG] [TIME] 8550 dividends: 0.52s
2026-10-02 08:30:04,505 [INFO] [DETAIL] 8550 栃木銀行: income_stmt=OK, balance_sheet=OK, cashflow=OK, dividends=OK
2026-10-02 08:30:04,505 [INFO] [TIME] 8550 栃木銀行 処理時間: 1.56s
2026-10-02 08:30:06,416 [DEBUG] [TIME] 8551 info: 0.19s
2026-10-02 08:30:06,417 [DEBUG] yfinance OK: 8551
2026-10-02 08:30:06,577 [DEBUG] [TIME] 8551 income_stmt: 0.16s
2026-10-02 08:30:06,818 [DEBUG] [TIME] 8551 balance_sheet: 0.24s
2026-10-02 08:30:07,082 [DEBUG] [TIME] 8551 cashflow: 0.26s
2026-10-02 08:30:07,514 [DEBUG] [TIME] 8551 dividends: 0.43s
2026-10-02 08:30:07,515 [INFO] [DETAIL] 8551 北日本銀行: income_stmt=OK, balance_sheet=OK, cashflow=OK, dividends=OK
2026-10-02 08:30:07,515 [INFO] [TIME] 8551 北日本銀行 処理時間: 1.29s
2026-10-02 08:30:09,612 [DEBUG] [TIME] 8558 info: 0.19s
2026-10-02 08:30:09,613 [DEBUG] yfinance OK: 8558
2026-10-02 08:30:09,762 [DEBUG] [TIME] 8558 income_stmt: 0.15s
2026-10-02 08:30:10,016 [DEBUG] [TIME] 8558 balance_sheet: 0.25s
2026-10-02 08:30:10,220 [DEBUG] [TIME] 8558 cashflow: 0.20s
2026-10-02 08:30:10,589 [DEBUG] [TIME] 8558 dividends: 0.37s
2026-10-02 08:30:10,590 [INFO] [DETAIL] 8558 東和銀行: income_stmt=OK, balance_sheet=OK, cashflow=OK, dividends=OK
2026-10-02 08:30:10,590 [INFO] [TIME] 8558 東和銀行 処理時間: 1.17s
2026-10-02 08:30:12,293 [DEBUG] [TIME] 8562 info: 0.19s
2026-10-02 08:30:12,293 [DEBUG] yfinance OK: 8562
2026-10-02 08:30:12,569 [DEBUG] [TIME] 8562 income_stmt: 0.28s
2026-10-02 08:30:12,774 [DEBUG] [TIME] 8562 balance_sheet: 0.20s
2026-10-02 08:30:12,954 [DEBUG] [TIME] 8562 cashflow: 0.18s
2026-10-02 08:30:13,345 [DEBUG] [TIME] 8562 dividends: 0.39s
2026-10-02 08:30:13,345 [INFO] [DETAIL] 8562 福島銀行: income_stmt=OK, balance_sheet=OK, cashflow=OK, dividends=OK
2026-10-02 08:30:13,345 [INFO] [TIME] 8562 福島銀行 処理時間: 1.24s
2026-10-02 08:30:15,537 [DEBUG] [TIME] 8563 info: 0.20s
2026-10-02 08:30:15,538 [DEBUG] yfinance OK: 8563
2026-10-02 08:30:15,768 [DEBUG] [TIME] 8563 income_stmt: 0.23s
2026-10-02 08:30:15,981 [DEBUG] [TIME] 8563 balance_sheet: 0.21s
2026-10-02 08:30:16,203 [DEBUG] [TIME] 8563 cashflow: 0.22s
2026-10-02 08:30:16,569 [DEBUG] [TIME] 8563 dividends: 0.37s
2026-10-02 08:30:16,570 [INFO] [DETAIL] 8563 大東銀行: income_stmt=OK, balance_sheet=OK, cashflow=OK, dividends=OK
2026-10-02 08:30:16,570 [INFO] [TIME] 8563 大東銀行 処理時間: 1.23s
2026-10-02 08:30:17,815 [DEBUG] [TIME] 8566 info: 0.22s
2026-10-02 08:30:17,815 [DEBUG] yfinance OK: 8566
2026-10-02 08:30:17,973 [DEBUG] [TIME] 8566 income_stmt: 0.16s
2026-10-02 08:30:18,201 [DEBUG] [TIME] 8566 balance_sheet: 0.23s
2026-10-02 08:30:18,368 [DEBUG] [TIME] 8566 cashflow: 0.17s
2026-10-02 08:30:18,742 [DEBUG] [TIME] 8566 dividends: 0.37s
2026-10-02 08:30:18,743 [INFO] [DETAIL] 8566 リコーリース: income_stmt=OK, balance_sheet=OK, cashflow=OK, dividends=OK
2026-10-02 08:30:18,743 [INFO] [TIME] 8566 リコーリース 処理時間: 1.14s
2026-10-02 08:30:20,042 [DEBUG] [TIME] 8570 info: 0.20s
2026-10-02 08:30:20,042 [DEBUG] yfinance OK: 8570
2026-10-02 08:30:20,329 [DEBUG] [TIME] 8570 income_stmt: 0.29s
2026-10-02 08:30:20,578 [DEBUG] [TIME] 8570 balance_sheet: 0.25s
2026-10-02 08:30:20,861 [DEBUG] [TIME] 8570 cashflow: 0.28s
2026-10-02 08:30:21,255 [DEBUG] [TIME] 8570 dividends: 0.39s
2026-10-02 08:30:21,256 [INFO] [DETAIL] 8570 イオンフィナンシャルサービス: income_stmt=OK, balance_sheet=OK, cashflow=OK, dividends=OK
2026-10-02 08:30:21,256 [INFO] [TIME] 8570 イオンフィナンシャルサービス 処理時間: 1.42s
2026-10-02 08:30:22,629 [DEBUG] [TIME] 8572 info: 0.22s
2026-10-02 08:30:22,629 [DEBUG] yfinance OK: 8572
2026-10-02 08:30:22,978 [DEBUG] [TIME] 8572 income_stmt: 0.35s
2026-10-02 08:30:23,171 [DEBUG] [TIME] 8572 balance_sheet: 0.19s
2026-10-02 08:30:23,383 [DEBUG] [TIME] 8572 cashflow: 0.21s
2026-10-02 08:30:23,773 [DEBUG] [TIME] 8572 dividends: 0.39s
2026-10-02 08:30:23,774 [INFO] [DETAIL] 8572 アコム: income_stmt=OK, balance_sheet=OK, cashflow=OK, dividends=OK
2026-10-02 08:30:23,774 [INFO] [TIME] 8572 アコム 処理時間: 1.37s
2026-10-02 08:30:25,729 [DEBUG] [TIME] 8584 info: 0.19s
2026-10-02 08:30:25,729 [DEBUG] yfinance OK: 8584
2026-10-02 08:30:25,909 [DEBUG] [TIME] 8584 income_stmt: 0.18s
2026-10-02 08:30:26,126 [DEBUG] [TIME] 8584 balance_sheet: 0.22s
2026-10-02 08:30:26,375 [DEBUG] [TIME] 8584 cashflow: 0.25s
2026-10-02 08:30:26,744 [DEBUG] [TIME] 8584 dividends: 0.37s
2026-10-02 08:30:26,745 [INFO] [DETAIL] 8584 ジャックス: income_stmt=OK, balance_sheet=OK, cashflow=OK, dividends=OK
2026-10-02 08:30:26,745 [INFO] [TIME] 8584 ジャックス 処理時間: 1.21s
2026-10-02 08:30:28,395 [DEBUG] [TIME] 8585 info: 0.20s
2026-10-02 08:30:28,396 [DEBUG] yfinance OK: 8585
2026-10-02 08:30:28,591 [DEBUG] [TIME] 8585 income_stmt: 0.20s
2026-10-02 08:30:28,837 [DEBUG] [TIME] 8585 balance_sheet: 0.25s
2026-10-02 08:30:29,244 [DEBUG] [TIME] 8585 cashflow: 0.41s
2026-10-02 08:30:29,610 [DEBUG] [TIME] 8585 dividends: 0.37s
2026-10-02 08:30:29,611 [INFO] [DETAIL] 8585 オリエントコーポレーション: income_stmt=OK, balance_sheet=OK, cashflow=OK, dividends=OK
2026-10-02 08:30:29,611 [INFO] [TIME] 8585 オリエントコーポレーション 処理時間: 1.41s
2026-10-02 08:30:31,536 [DEBUG] [TIME] 8591 info: 0.22s
2026-10-02 08:30:31,537 [DEBUG] yfinance OK: 8591
2026-10-02 08:30:31,796 [DEBUG] [TIME] 8591 income_stmt: 0.26s
2026-10-02 08:30:31,980 [DEBUG] [TIME] 8591 balance_sheet: 0.18s
2026-10-02 08:30:32,139 [DEBUG] [TIME] 8591 cashflow: 0.16s
2026-10-02 08:30:32,526 [DEBUG] [TIME] 8591 dividends: 0.39s
2026-10-02 08:30:32,526 [INFO] [DETAIL] 8591 オリックス: income_stmt=OK, balance_sheet=OK, cashflow=OK, dividends=OK
2026-10-02 08:30:32,526 [INFO] [TIME] 8591 オリックス 処理時間: 1.21s
2026-10-02 08:30:34,282 [DEBUG] [TIME] 8593 info: 0.20s
2026-10-02 08:30:34,282 [DEBUG] yfinance OK: 8593
2026-10-02 08:30:34,510 [DEBUG] [TIME] 8593 income_stmt: 0.23s
2026-10-02 08:30:34,844 [DEBUG] [TIME] 8593 balance_sheet: 0.33s
2026-10-02 08:30:35,039 [DEBUG] [TIME] 8593 cashflow: 0.19s
2026-10-02 08:30:35,421 [DEBUG] [TIME] 8593 dividends: 0.38s
2026-10-02 08:30:35,422 [INFO] [DETAIL] 8593 三菱ＨＣキャピタル: income_stmt=OK, balance_sheet=OK, cashflow=OK, dividends=OK
2026-10-02 08:30:35,422 [INFO] [TIME] 8593 三菱ＨＣキャピタル 処理時間: 1.34s
2026-10-02 08:30:36,882 [DEBUG] [TIME] 8595 info: 0.22s
2026-10-02 08:30:36,882 [DEBUG] yfinance OK: 8595
2026-10-02 08:30:37,052 [DEBUG] [TIME] 8595 income_stmt: 0.17s
2026-10-02 08:30:37,285 [DEBUG] [TIME] 8595 balance_sheet: 0.23s
2026-10-02 08:30:37,474 [DEBUG] [TIME] 8595 cashflow: 0.19s
2026-10-02 08:30:37,899 [DEBUG] [TIME] 8595 dividends: 0.43s
2026-10-02 08:30:37,900 [INFO] [DETAIL] 8595 ジャフコ　グループ: income_stmt=OK, balance_sheet=OK, cashflow=OK, dividends=OK
2026-10-02 08:30:37,900 [INFO] [TIME] 8595 ジャフコ　グループ 処理時間: 1.24s
2026-10-02 08:30:40,022 [DEBUG] [TIME] 8596 info: 0.19s
2026-10-02 08:30:40,022 [DEBUG] yfinance OK: 8596
2026-10-02 08:30:40,241 [DEBUG] [TIME] 8596 income_stmt: 0.22s
2026-10-02 08:30:40,514 [DEBUG] [TIME] 8596 balance_sheet: 0.27s
2026-10-02 08:30:40,762 [DEBUG] [TIME] 8596 cashflow: 0.25s
2026-10-02 08:30:41,109 [DEBUG] [TIME] 8596 dividends: 0.35s
2026-10-02 08:30:41,110 [INFO] [DETAIL] 8596 九州リースサービス: income_stmt=OK, balance_sheet=OK, cashflow=OK, dividends=OK
2026-10-02 08:30:41,110 [INFO] [TIME] 8596 九州リースサービス 処理時間: 1.28s
2026-10-02 08:30:42,669 [DEBUG] [TIME] 8600 info: 0.24s
2026-10-02 08:30:42,669 [DEBUG] yfinance OK: 8600
2026-10-02 08:30:42,832 [DEBUG] [TIME] 8600 income_stmt: 0.16s
2026-10-02 08:30:43,019 [DEBUG] [TIME] 8600 balance_sheet: 0.19s
2026-10-02 08:30:43,307 [DEBUG] [TIME] 8600 cashflow: 0.29s
2026-10-02 08:30:43,880 [DEBUG] [TIME] 8600 dividends: 0.57s
2026-10-02 08:30:43,881 [INFO] [DETAIL] 8600 トモニホールディングス: income_stmt=OK, balance_sheet=OK, cashflow=OK, dividends=OK
2026-10-02 08:30:43,881 [INFO] [TIME] 8600 トモニホールディングス 処理時間: 1.45s
2026-10-02 08:30:45,773 [DEBUG] [TIME] 8601 info: 0.20s
2026-10-02 08:30:45,773 [DEBUG] yfinance OK: 8601
2026-10-02 08:30:45,930 [DEBUG] [TIME] 8601 income_stmt: 0.16s
2026-10-02 08:30:46,064 [DEBUG] [TIME] 8601 balance_sheet: 0.13s
2026-10-02 08:30:46,423 [DEBUG] [TIME] 8601 cashflow: 0.36s
2026-10-02 08:30:46,799 [DEBUG] [TIME] 8601 dividends: 0.37s
2026-10-02 08:30:46,799 [INFO] [DETAIL] 8601 大和証券グループ本社: income_stmt=OK, balance_sheet=OK, cashflow=OK, dividends=OK
2026-10-02 08:30:46,799 [INFO] [TIME] 8601 大和証券グループ本社 処理時間: 1.23s
2026-10-02 08:30:48,102 [DEBUG] [TIME] 8604 info: 0.24s
2026-10-02 08:30:48,102 [DEBUG] yfinance OK: 8604
2026-10-02 08:30:48,272 [DEBUG] [TIME] 8604 income_stmt: 0.17s
2026-10-02 08:30:48,463 [DEBUG] [TIME] 8604 balance_sheet: 0.19s
2026-10-02 08:30:48,812 [DEBUG] [TIME] 8604 cashflow: 0.35s
2026-10-02 08:30:49,175 [DEBUG] [TIME] 8604 dividends: 0.36s
2026-10-02 08:30:49,175 [INFO] [DETAIL] 8604 野村ホールディングス: income_stmt=OK, balance_sheet=OK, cashflow=OK, dividends=OK
2026-10-02 08:30:49,176 [INFO] [TIME] 8604 野村ホールディングス 処理時間: 1.31s
2026-10-02 08:30:50,664 [DEBUG] [TIME] 8609 info: 0.20s
2026-10-02 08:30:50,664 [DEBUG] yfinance OK: 8609
2026-10-02 08:30:50,872 [DEBUG] [TIME] 8609 income_stmt: 0.21s
2026-10-02 08:30:51,055 [DEBUG] [TIME] 8609 balance_sheet: 0.18s
2026-10-02 08:30:51,381 [DEBUG] [TIME] 8609 cashflow: 0.33s
2026-10-02 08:30:51,895 [DEBUG] [TIME] 8609 dividends: 0.51s
2026-10-02 08:30:51,896 [INFO] [DETAIL] 8609 岡三証券グループ: income_stmt=OK, balance_sheet=OK, cashflow=OK, dividends=OK
2026-10-02 08:30:51,896 [INFO] [TIME] 8609 岡三証券グループ 処理時間: 1.43s
2026-10-02 08:30:54,042 [DEBUG] [TIME] 8613 info: 0.22s
2026-10-02 08:30:54,042 [DEBUG] yfinance OK: 8613
2026-10-02 08:30:54,334 [DEBUG] [TIME] 8613 income_stmt: 0.29s
2026-10-02 08:30:54,632 [DEBUG] [TIME] 8613 balance_sheet: 0.30s
2026-10-02 08:30:54,818 [DEBUG] [TIME] 8613 cashflow: 0.19s
2026-10-02 08:30:55,188 [DEBUG] [TIME] 8613 dividends: 0.37s
2026-10-02 08:30:55,189 [INFO] [DETAIL] 8613 丸三証券: income_stmt=OK, balance_sheet=OK, cashflow=OK, dividends=OK
2026-10-02 08:30:55,189 [INFO] [TIME] 8613 丸三証券 処理時間: 1.37s
2026-10-02 08:30:57,305 [DEBUG] [TIME] 8614 info: 0.27s
2026-10-02 08:30:57,305 [DEBUG] yfinance OK: 8614
2026-10-02 08:30:57,542 [DEBUG] [TIME] 8614 income_stmt: 0.24s
2026-10-02 08:30:57,856 [DEBUG] [TIME] 8614 balance_sheet: 0.31s
2026-10-02 08:30:58,117 [DEBUG] [TIME] 8614 cashflow: 0.26s
2026-10-02 08:30:58,473 [DEBUG] [TIME] 8614 dividends: 0.35s
2026-10-02 08:30:58,473 [INFO] [DETAIL] 8614 東洋証券: income_stmt=OK, balance_sheet=OK, cashflow=OK, dividends=OK
2026-10-02 08:30:58,473 [INFO] [TIME] 8614 東洋証券 処理時間: 1.44s
2026-10-02 08:30:59,825 [DEBUG] [TIME] 8616 info: 0.22s
2026-10-02 08:30:59,825 [DEBUG] yfinance OK: 8616
2026-10-02 08:31:00,001 [DEBUG] [TIME] 8616 income_stmt: 0.18s
2026-10-02 08:31:00,243 [DEBUG] [TIME] 8616 balance_sheet: 0.24s
2026-10-02 08:31:00,451 [DEBUG] [TIME] 8616 cashflow: 0.21s
2026-10-02 08:31:00,929 [DEBUG] [TIME] 8616 dividends: 0.48s
2026-10-02 08:31:00,930 [INFO] [DETAIL] 8616 東海東京フィナンシャル・ホールディングス: income_stmt=OK, balance_sheet=OK, cashflow=OK, dividends=OK
2026-10-02 08:31:00,930 [INFO] [TIME] 8616 東海東京フィナンシャル・ホールディングス 処理時間: 1.33s
2026-10-02 08:31:02,881 [DEBUG] [TIME] 8617 info: 0.20s
2026-10-02 08:31:02,881 [DEBUG] yfinance OK: 8617
2026-10-02 08:31:03,116 [DEBUG] [TIME] 8617 income_stmt: 0.23s
2026-10-02 08:31:03,340 [DEBUG] [TIME] 8617 balance_sheet: 0.22s
2026-10-02 08:31:03,507 [DEBUG] [TIME] 8617 cashflow: 0.17s
2026-10-02 08:31:03,932 [DEBUG] [TIME] 8617 dividends: 0.42s
2026-10-02 08:31:03,932 [INFO] [DETAIL] 8617 光世証券: income_stmt=OK, balance_sheet=OK, cashflow=OK, dividends=OK
2026-10-02 08:31:03,933 [INFO] [TIME] 8617 光世証券 処理時間: 1.26s
2026-10-02 08:31:05,828 [DEBUG] [TIME] 8622 info: 0.27s
2026-10-02 08:31:05,828 [DEBUG] yfinance OK: 8622
2026-10-02 08:31:06,056 [DEBUG] [TIME] 8622 income_stmt: 0.23s
2026-10-02 08:31:06,417 [DEBUG] [TIME] 8622 balance_sheet: 0.36s
2026-10-02 08:31:06,695 [DEBUG] [TIME] 8622 cashflow: 0.28s
2026-10-02 08:31:07,093 [DEBUG] [TIME] 8622 dividends: 0.40s
2026-10-02 08:31:07,094 [INFO] [DETAIL] 8622 水戸証券: income_stmt=OK, balance_sheet=OK, cashflow=OK, dividends=OK
2026-10-02 08:31:07,094 [INFO] [TIME] 8622 水戸証券 処理時間: 1.53s
2026-10-02 08:31:08,596 [DEBUG] [TIME] 8624 info: 0.26s
2026-10-02 08:31:08,596 [DEBUG] yfinance OK: 8624
2026-10-02 08:31:08,823 [DEBUG] [TIME] 8624 income_stmt: 0.23s
2026-10-02 08:31:09,013 [DEBUG] [TIME] 8624 balance_sheet: 0.19s
2026-10-02 08:31:09,184 [DEBUG] [TIME] 8624 cashflow: 0.17s
2026-10-02 08:31:09,532 [DEBUG] [TIME] 8624 dividends: 0.35s
2026-10-02 08:31:09,533 [INFO] [DETAIL] 8624 いちよし証券: income_stmt=OK, balance_sheet=OK, cashflow=OK, dividends=OK
2026-10-02 08:31:09,533 [INFO] [TIME] 8624 いちよし証券 処理時間: 1.20s
2026-10-02 08:31:11,744 [DEBUG] [TIME] 8628 info: 0.25s
2026-10-02 08:31:11,744 [DEBUG] yfinance OK: 8628
2026-10-02 08:31:11,977 [DEBUG] [TIME] 8628 income_stmt: 0.23s
2026-10-02 08:31:12,148 [DEBUG] [TIME] 8628 balance_sheet: 0.17s
2026-10-02 08:31:12,336 [DEBUG] [TIME] 8628 cashflow: 0.19s
2026-10-02 08:31:12,744 [DEBUG] [TIME] 8628 dividends: 0.41s
2026-10-02 08:31:12,745 [INFO] [DETAIL] 8628 松井証券: income_stmt=OK, balance_sheet=OK, cashflow=OK, dividends=OK
2026-10-02 08:31:12,745 [INFO] [TIME] 8628 松井証券 処理時間: 1.25s
2026-10-02 08:31:14,109 [DEBUG] [TIME] 8630 info: 0.19s
2026-10-02 08:31:14,109 [DEBUG] yfinance OK: 8630
2026-10-02 08:31:14,300 [DEBUG] [TIME] 8630 income_stmt: 0.19s
2026-10-02 08:31:14,477 [DEBUG] [TIME] 8630 balance_sheet: 0.18s
2026-10-02 08:31:14,830 [DEBUG] [TIME] 8630 cashflow: 0.35s
2026-10-02 08:31:15,146 [DEBUG] [TIME] 8630 dividends: 0.32s
2026-10-02 08:31:15,147 [INFO] [DETAIL] 8630 ＳＯＭＰＯホールディングス: income_stmt=OK, balance_sheet=OK, cashflow=OK, dividends=OK
2026-10-02 08:31:15,147 [INFO] [TIME] 8630 ＳＯＭＰＯホールディングス 処理時間: 1.23s
2026-10-02 08:31:16,458 [DEBUG] [TIME] 8697 info: 0.23s
2026-10-02 08:31:16,458 [DEBUG] yfinance OK: 8697
2026-10-02 08:31:16,703 [DEBUG] [TIME] 8697 income_stmt: 0.24s
2026-10-02 08:31:16,916 [DEBUG] [TIME] 8697 balance_sheet: 0.21s
2026-10-02 08:31:17,095 [DEBUG] [TIME] 8697 cashflow: 0.18s
2026-10-02 08:31:17,486 [DEBUG] [TIME] 8697 dividends: 0.39s
2026-10-02 08:31:17,487 [INFO] [DETAIL] 8697 日本取引所グループ: income_stmt=OK, balance_sheet=OK, cashflow=OK, dividends=OK
2026-10-02 08:31:17,487 [INFO] [TIME] 8697 日本取引所グループ 処理時間: 1.25s
2026-10-02 08:31:19,346 [DEBUG] [TIME] 8698 info: 0.25s
2026-10-02 08:31:19,346 [DEBUG] yfinance OK: 8698
2026-10-02 08:31:19,607 [DEBUG] [TIME] 8698 income_stmt: 0.26s
2026-10-02 08:31:19,895 [DEBUG] [TIME] 8698 balance_sheet: 0.29s
2026-10-02 08:31:20,155 [DEBUG] [TIME] 8698 cashflow: 0.26s
2026-10-02 08:31:20,555 [DEBUG] [TIME] 8698 dividends: 0.40s
2026-10-02 08:31:20,556 [INFO] [DETAIL] 8698 マネックスグループ: income_stmt=OK, balance_sheet=OK, cashflow=OK, dividends=OK
2026-10-02 08:31:20,556 [INFO] [TIME] 8698 マネックスグループ 処理時間: 1.46s
2026-10-02 08:31:22,153 [DEBUG] [TIME] 8699 info: 0.22s
2026-10-02 08:31:22,153 [DEBUG] yfinance OK: 8699
2026-10-02 08:31:22,355 [DEBUG] [TIME] 8699 income_stmt: 0.20s
2026-10-02 08:31:22,652 [DEBUG] [TIME] 8699 balance_sheet: 0.30s
2026-10-02 08:31:22,853 [DEBUG] [TIME] 8699 cashflow: 0.20s
2026-10-02 08:31:23,233 [DEBUG] [TIME] 8699 dividends: 0.38s
2026-10-02 08:31:23,234 [INFO] [DETAIL] 8699 ＨＳホールディングス: income_stmt=OK, balance_sheet=OK, cashflow=OK, dividends=OK
2026-10-02 08:31:23,234 [INFO] [TIME] 8699 ＨＳホールディングス 処理時間: 1.31s
2026-10-02 08:31:25,105 [DEBUG] [TIME] 8700 info: 0.20s
2026-10-02 08:31:25,105 [DEBUG] yfinance OK: 8700
2026-10-02 08:31:25,249 [DEBUG] [TIME] 8700 income_stmt: 0.14s
2026-10-02 08:31:25,455 [DEBUG] [TIME] 8700 balance_sheet: 0.21s
2026-10-02 08:31:25,722 [DEBUG] [TIME] 8700 cashflow: 0.27s
2026-10-02 08:31:26,026 [DEBUG] [TIME] 8700 dividends: 0.30s
2026-10-02 08:31:26,026 [INFO] [DETAIL] 8700 丸八証券: income_stmt=OK, balance_sheet=OK, cashflow=OK, dividends=OK
2026-10-02 08:31:26,027 [INFO] [TIME] 8700 丸八証券 処理時間: 1.12s
2026-10-02 08:31:27,766 [DEBUG] [TIME] 8704 info: 0.19s
2026-10-02 08:31:27,766 [DEBUG] yfinance OK: 8704
2026-10-02 08:31:27,980 [DEBUG] [TIME] 8704 income_stmt: 0.21s
2026-10-02 08:31:28,281 [DEBUG] [TIME] 8704 balance_sheet: 0.30s
2026-10-02 08:31:28,562 [DEBUG] [TIME] 8704 cashflow: 0.28s
2026-10-02 08:31:28,897 [DEBUG] [TIME] 8704 dividends: 0.33s
2026-10-02 08:31:28,897 [INFO] [DETAIL] 8704 トレイダーズホールディングス: income_stmt=OK, balance_sheet=OK, cashflow=OK, dividends=OK
2026-10-02 08:31:28,897 [INFO] [TIME] 8704 トレイダーズホールディングス 処理時間: 1.32s
2026-10-02 08:31:30,842 [DEBUG] [TIME] 8705 info: 0.29s
2026-10-02 08:31:30,842 [DEBUG] yfinance OK: 8705
2026-10-02 08:31:31,079 [DEBUG] [TIME] 8705 income_stmt: 0.24s
2026-10-02 08:31:31,423 [DEBUG] [TIME] 8705 balance_sheet: 0.34s
2026-10-02 08:31:31,581 [DEBUG] [TIME] 8705 cashflow: 0.16s
2026-10-02 08:31:31,923 [DEBUG] [TIME] 8705 dividends: 0.34s
2026-10-02 08:31:31,924 [INFO] [DETAIL] 8705 日産証券グループ: income_stmt=OK, balance_sheet=OK, cashflow=OK, dividends=OK
2026-10-02 08:31:31,924 [INFO] [TIME] 8705 日産証券グループ 処理時間: 1.37s
2026-10-02 08:31:34,024 [DEBUG] [TIME] 8706 info: 0.23s
2026-10-02 08:31:34,024 [DEBUG] yfinance OK: 8706
2026-10-02 08:31:34,268 [DEBUG] [TIME] 8706 income_stmt: 0.24s
2026-10-02 08:31:34,492 [DEBUG] [TIME] 8706 balance_sheet: 0.22s
2026-10-02 08:31:34,758 [DEBUG] [TIME] 8706 cashflow: 0.27s
2026-10-02 08:31:35,084 [DEBUG] [TIME] 8706 dividends: 0.33s
2026-10-02 08:31:35,084 [INFO] [DETAIL] 8706 極東証券: income_stmt=OK, balance_sheet=OK, cashflow=OK, dividends=OK
2026-10-02 08:31:35,084 [INFO] [TIME] 8706 極東証券 処理時間: 1.29s
2026-10-02 08:31:36,475 [DEBUG] [TIME] 8707 info: 0.23s
2026-10-02 08:31:36,475 [DEBUG] yfinance OK: 8707
2026-10-02 08:31:36,694 [DEBUG] [TIME] 8707 income_stmt: 0.22s
2026-10-02 08:31:36,904 [DEBUG] [TIME] 8707 balance_sheet: 0.21s
2026-10-02 08:31:37,079 [DEBUG] [TIME] 8707 cashflow: 0.17s
2026-10-02 08:31:37,431 [DEBUG] [TIME] 8707 dividends: 0.35s
2026-10-02 08:31:37,432 [INFO] [DETAIL] 8707 岩井コスモホールディングス: income_stmt=OK, balance_sheet=OK, cashflow=OK, dividends=OK
2026-10-02 08:31:37,432 [INFO] [TIME] 8707 岩井コスモホールディングス 処理時間: 1.18s
2026-10-02 08:31:38,692 [DEBUG] [TIME] 8708 info: 0.19s
2026-10-02 08:31:38,692 [DEBUG] yfinance OK: 8708
2026-10-02 08:31:38,991 [DEBUG] [TIME] 8708 income_stmt: 0.30s
2026-10-02 08:31:39,419 [DEBUG] [TIME] 8708 balance_sheet: 0.43s
2026-10-02 08:31:39,787 [DEBUG] [TIME] 8708 cashflow: 0.37s
2026-10-02 08:31:40,079 [DEBUG] [TIME] 8708 dividends: 0.29s
2026-10-02 08:31:40,080 [INFO] [DETAIL] 8708 アイザワ証券グループ: income_stmt=OK, balance_sheet=OK, cashflow=OK, dividends=OK
2026-10-02 08:31:40,080 [INFO] [TIME] 8708 アイザワ証券グループ 処理時間: 1.58s
2026-10-02 08:31:41,512 [DEBUG] [TIME] 8713 info: 0.20s
2026-10-02 08:31:41,512 [DEBUG] yfinance OK: 8713
2026-10-02 08:31:41,677 [DEBUG] [TIME] 8713 income_stmt: 0.16s
2026-10-02 08:31:41,874 [DEBUG] [TIME] 8713 balance_sheet: 0.20s
2026-10-02 08:31:42,133 [DEBUG] [TIME] 8713 cashflow: 0.26s
2026-10-02 08:31:42,498 [DEBUG] [TIME] 8713 dividends: 0.36s
2026-10-02 08:31:42,499 [INFO] [DETAIL] 8713 フィデアホールディングス: income_stmt=OK, balance_sheet=OK, cashflow=OK, dividends=OK
2026-10-02 08:31:42,499 [INFO] [TIME] 8713 フィデアホールディングス 処理時間: 1.18s
2026-10-02 08:31:44,093 [DEBUG] [TIME] 8714 info: 0.19s
2026-10-02 08:31:44,093 [DEBUG] yfinance OK: 8714
2026-10-02 08:31:44,394 [DEBUG] [TIME] 8714 income_stmt: 0.30s
2026-10-02 08:31:44,689 [DEBUG] [TIME] 8714 balance_sheet: 0.29s
2026-10-02 08:31:44,941 [DEBUG] [TIME] 8714 cashflow: 0.25s
2026-10-02 08:31:45,353 [DEBUG] [TIME] 8714 dividends: 0.41s
2026-10-02 08:31:45,354 [INFO] [DETAIL] 8714 池田泉州ホールディングス: income_stmt=OK, balance_sheet=OK, cashflow=OK, dividends=OK
2026-10-02 08:31:45,354 [INFO] [TIME] 8714 池田泉州ホールディングス 処理時間: 1.45s
2026-10-02 08:31:46,921 [DEBUG] [TIME] 8715 info: 0.23s
2026-10-02 08:31:46,921 [DEBUG] yfinance OK: 8715
2026-10-02 08:31:47,096 [DEBUG] [TIME] 8715 income_stmt: 0.17s
2026-10-02 08:31:47,271 [DEBUG] [TIME] 8715 balance_sheet: 0.17s
2026-10-02 08:31:47,431 [DEBUG] [TIME] 8715 cashflow: 0.16s
2026-10-02 08:31:47,726 [DEBUG] [TIME] 8715 dividends: 0.29s
2026-10-02 08:31:47,727 [INFO] [DETAIL] 8715 アニコム　ホールディングス: income_stmt=OK, balance_sheet=OK, cashflow=OK, dividends=OK
2026-10-02 08:31:47,727 [INFO] [TIME] 8715 アニコム　ホールディングス 処理時間: 1.04s
2026-10-02 08:31:49,914 [DEBUG] [TIME] 8725 info: 0.20s
2026-10-02 08:31:49,915 [DEBUG] yfinance OK: 8725
2026-10-02 08:31:50,124 [DEBUG] [TIME] 8725 income_stmt: 0.21s
2026-10-02 08:31:50,438 [DEBUG] [TIME] 8725 balance_sheet: 0.31s
2026-10-02 08:31:50,694 [DEBUG] [TIME] 8725 cashflow: 0.26s
2026-10-02 08:31:51,075 [DEBUG] [TIME] 8725 dividends: 0.38s
2026-10-02 08:31:51,076 [INFO] [DETAIL] 8725 ＭＳ＆ＡＤインシュアランスグループホールディングス: income_stmt=OK, balance_sheet=OK, cashflow=OK, dividends=OK
2026-10-02 08:31:51,076 [INFO] [TIME] 8725 ＭＳ＆ＡＤインシュアランスグループホールディングス 処理時間: 1.36s
2026-10-02 08:31:52,864 [DEBUG] [TIME] 8729 info: 0.23s
2026-10-02 08:31:52,864 [DEBUG] yfinance OK: 8729
2026-10-02 08:31:53,040 [DEBUG] [TIME] 8729 income_stmt: 0.18s
2026-10-02 08:31:53,290 [DEBUG] [TIME] 8729 balance_sheet: 0.25s
2026-10-02 08:31:53,456 [DEBUG] [TIME] 8729 cashflow: 0.16s
2026-10-02 08:31:53,662 [DEBUG] [TIME] 8729 dividends: 0.21s
2026-10-02 08:31:53,663 [INFO] [DETAIL] 8729 ソニーフィナンシャルグループ: income_stmt=OK, balance_sheet=OK, cashflow=OK, dividends=OK
2026-10-02 08:31:53,663 [INFO] [TIME] 8729 ソニーフィナンシャルグループ 処理時間: 1.03s
2026-10-02 08:31:54,919 [DEBUG] [TIME] 8737 info: 0.25s
2026-10-02 08:31:54,919 [DEBUG] yfinance OK: 8737
2026-10-02 08:31:55,253 [DEBUG] [TIME] 8737 income_stmt: 0.33s
2026-10-02 08:31:55,571 [DEBUG] [TIME] 8737 balance_sheet: 0.32s
2026-10-02 08:31:55,828 [DEBUG] [TIME] 8737 cashflow: 0.26s
2026-10-02 08:31:56,220 [DEBUG] [TIME] 8737 dividends: 0.39s
2026-10-02 08:31:56,221 [INFO] [DETAIL] 8737 あかつき本社: income_stmt=OK, balance_sheet=OK, cashflow=OK, dividends=OK
2026-10-02 08:31:56,221 [INFO] [TIME] 8737 あかつき本社 処理時間: 1.55s
2026-10-02 08:31:58,255 [DEBUG] [TIME] 8739 info: 0.23s
2026-10-02 08:31:58,255 [DEBUG] yfinance OK: 8739
2026-10-02 08:31:58,421 [DEBUG] [TIME] 8739 income_stmt: 0.17s
2026-10-02 08:31:58,599 [DEBUG] [TIME] 8739 balance_sheet: 0.18s
2026-10-02 08:31:58,829 [DEBUG] [TIME] 8739 cashflow: 0.23s
2026-10-02 08:31:59,163 [DEBUG] [TIME] 8739 dividends: 0.33s
2026-10-02 08:31:59,164 [INFO] [DETAIL] 8739 スパークス・グループ: income_stmt=OK, balance_sheet=OK, cashflow=OK, dividends=OK
2026-10-02 08:31:59,164 [INFO] [TIME] 8739 スパークス・グループ 処理時間: 1.14s
2026-10-02 08:32:00,738 [DEBUG] [TIME] 8742 info: 0.22s
2026-10-02 08:32:00,738 [DEBUG] yfinance OK: 8742
2026-10-02 08:32:01,022 [DEBUG] [TIME] 8742 income_stmt: 0.28s
2026-10-02 08:32:01,276 [DEBUG] [TIME] 8742 balance_sheet: 0.25s
2026-10-02 08:32:01,439 [DEBUG] [TIME] 8742 cashflow: 0.16s
2026-10-02 08:32:01,753 [DEBUG] [TIME] 8742 dividends: 0.31s
2026-10-02 08:32:01,754 [INFO] [DETAIL] 8742 小林洋行: income_stmt=OK, balance_sheet=OK, cashflow=OK, dividends=OK
2026-10-02 08:32:01,754 [INFO] [TIME] 8742 小林洋行 処理時間: 1.24s
2026-10-02 08:32:03,112 [DEBUG] [TIME] 8746 info: 0.19s
2026-10-02 08:32:03,112 [DEBUG] yfinance OK: 8746
2026-10-02 08:32:03,372 [DEBUG] [TIME] 8746 income_stmt: 0.26s
2026-10-02 08:32:03,585 [DEBUG] [TIME] 8746 balance_sheet: 0.21s
2026-10-02 08:32:03,737 [DEBUG] [TIME] 8746 cashflow: 0.15s
2026-10-02 08:32:04,108 [DEBUG] [TIME] 8746 dividends: 0.37s
2026-10-02 08:32:04,108 [INFO] [DETAIL] 8746 ｕｎｂａｎｋｅｄ: income_stmt=OK, balance_sheet=OK, cashflow=OK, dividends=OK
2026-10-02 08:32:04,109 [INFO] [TIME] 8746 ｕｎｂａｎｋｅｄ 処理時間: 1.18s
2026-10-02 08:32:05,654 [DEBUG] [TIME] 8747 info: 0.19s
2026-10-02 08:32:05,655 [DEBUG] yfinance OK: 8747
2026-10-02 08:32:05,920 [DEBUG] [TIME] 8747 income_stmt: 0.27s
2026-10-02 08:32:06,245 [DEBUG] [TIME] 8747 balance_sheet: 0.33s
2026-10-02 08:32:06,523 [DEBUG] [TIME] 8747 cashflow: 0.28s
2026-10-02 08:32:07,044 [DEBUG] [TIME] 8747 dividends: 0.52s
2026-10-02 08:32:07,044 [INFO] [DETAIL] 8747 豊トラスティ証券: income_stmt=OK, balance_sheet=OK, cashflow=OK, dividends=OK
2026-10-02 08:32:07,044 [INFO] [TIME] 8747 豊トラスティ証券 処理時間: 1.58s
2026-10-02 08:32:08,678 [DEBUG] [TIME] 8750 info: 0.20s
2026-10-02 08:32:08,678 [DEBUG] yfinance OK: 8750
2026-10-02 08:32:08,853 [DEBUG] [TIME] 8750 income_stmt: 0.17s
2026-10-02 08:32:09,119 [DEBUG] [TIME] 8750 balance_sheet: 0.27s
2026-10-02 08:32:09,355 [DEBUG] [TIME] 8750 cashflow: 0.24s
2026-10-02 08:32:09,755 [DEBUG] [TIME] 8750 dividends: 0.40s
2026-10-02 08:32:09,756 [INFO] [DETAIL] 8750 第一ライフグループ: income_stmt=OK, balance_sheet=OK, cashflow=OK, dividends=OK
2026-10-02 08:32:09,756 [INFO] [TIME] 8750 第一ライフグループ 処理時間: 1.27s
2026-10-02 08:32:11,575 [DEBUG] [TIME] 8766 info: 0.20s
2026-10-02 08:32:11,576 [DEBUG] yfinance OK: 8766
2026-10-02 08:32:11,787 [DEBUG] [TIME] 8766 income_stmt: 0.21s
2026-10-02 08:32:12,052 [DEBUG] [TIME] 8766 balance_sheet: 0.26s
2026-10-02 08:32:12,311 [DEBUG] [TIME] 8766 cashflow: 0.26s
2026-10-02 08:32:12,691 [DEBUG] [TIME] 8766 dividends: 0.38s
2026-10-02 08:32:12,692 [INFO] [DETAIL] 8766 東京海上ホールディングス: income_stmt=OK, balance_sheet=OK, cashflow=OK, dividends=OK
2026-10-02 08:32:12,692 [INFO] [TIME] 8766 東京海上ホールディングス 処理時間: 1.31s
2026-10-02 08:32:13,962 [DEBUG] [TIME] 8769 info: 0.26s
2026-10-02 08:32:13,962 [DEBUG] yfinance OK: 8769
2026-10-02 08:32:14,222 [DEBUG] [TIME] 8769 income_stmt: 0.26s
2026-10-02 08:32:14,491 [DEBUG] [TIME] 8769 balance_sheet: 0.27s
2026-10-02 08:32:14,642 [DEBUG] [TIME] 8769 cashflow: 0.15s
2026-10-02 08:32:15,065 [DEBUG] [TIME] 8769 dividends: 0.42s
2026-10-02 08:32:15,066 [INFO] [DETAIL] 8769 アドバンテッジリスクマネジメント: income_stmt=OK, balance_sheet=OK, cashflow=OK, dividends=OK
2026-10-02 08:32:15,066 [INFO] [TIME] 8769 アドバンテッジリスクマネジメント 処理時間: 1.36s
2026-10-02 08:32:17,204 [DEBUG] [TIME] 8771 info: 0.25s
2026-10-02 08:32:17,205 [DEBUG] yfinance OK: 8771
2026-10-02 08:32:17,423 [DEBUG] [TIME] 8771 income_stmt: 0.22s
2026-10-02 08:32:17,733 [DEBUG] [TIME] 8771 balance_sheet: 0.31s
2026-10-02 08:32:17,948 [DEBUG] [TIME] 8771 cashflow: 0.21s
2026-10-02 08:32:18,256 [DEBUG] [TIME] 8771 dividends: 0.31s
2026-10-02 08:32:18,257 [INFO] [DETAIL] 8771 イー・ギャランティ: income_stmt=OK, balance_sheet=OK, cashflow=OK, dividends=OK
2026-10-02 08:32:18,257 [INFO] [TIME] 8771 イー・ギャランティ 処理時間: 1.31s
2026-10-02 08:32:19,804 [DEBUG] [TIME] 8772 info: 0.21s
2026-10-02 08:32:19,804 [DEBUG] yfinance OK: 8772
2026-10-02 08:32:19,995 [DEBUG] [TIME] 8772 income_stmt: 0.19s
2026-10-02 08:32:20,216 [DEBUG] [TIME] 8772 balance_sheet: 0.22s
2026-10-02 08:32:20,405 [DEBUG] [TIME] 8772 cashflow: 0.19s
2026-10-02 08:32:20,734 [DEBUG] [TIME] 8772 dividends: 0.33s
2026-10-02 08:32:20,735 [INFO] [DETAIL] 8772 アサックス: income_stmt=OK, balance_sheet=OK, cashflow=OK, dividends=OK
2026-10-02 08:32:20,735 [INFO] [TIME] 8772 アサックス 処理時間: 1.14s
2026-10-02 08:32:22,204 [DEBUG] [TIME] 8783 info: 0.23s
2026-10-02 08:32:22,204 [DEBUG] yfinance OK: 8783
2026-10-02 08:32:22,374 [DEBUG] [TIME] 8783 income_stmt: 0.17s
2026-10-02 08:32:22,634 [DEBUG] [TIME] 8783 balance_sheet: 0.26s
2026-10-02 08:32:22,806 [DEBUG] [TIME] 8783 cashflow: 0.17s
2026-10-02 08:32:23,066 [DEBUG] [TIME] 8783 dividends: 0.26s
2026-10-02 08:32:23,066 [INFO] [DETAIL] 8783 ａｂｃ: income_stmt=OK, balance_sheet=OK, cashflow=OK, dividends=EMPTY
2026-10-02 08:32:23,066 [INFO] [TIME] 8783 ａｂｃ 処理時間: 1.09s
2026-10-02 08:32:25,130 [DEBUG] [TIME] 8789 info: 0.26s
2026-10-02 08:32:25,130 [DEBUG] yfinance OK: 8789
2026-10-02 08:32:25,293 [DEBUG] [TIME] 8789 income_stmt: 0.16s
2026-10-02 08:32:25,576 [DEBUG] [TIME] 8789 balance_sheet: 0.28s
2026-10-02 08:32:25,803 [DEBUG] [TIME] 8789 cashflow: 0.23s
2026-10-02 08:32:26,128 [DEBUG] [TIME] 8789 dividends: 0.32s
2026-10-02 08:32:26,129 [INFO] [DETAIL] 8789 フィンテック　グローバル: income_stmt=OK, balance_sheet=OK, cashflow=OK, dividends=OK
2026-10-02 08:32:26,129 [INFO] [TIME] 8789 フィンテック　グローバル 処理時間: 1.26s
2026-10-02 08:32:28,156 [DEBUG] [TIME] 8793 info: 0.20s
2026-10-02 08:32:28,157 [DEBUG] yfinance OK: 8793
2026-10-02 08:32:28,349 [DEBUG] [TIME] 8793 income_stmt: 0.19s
2026-10-02 08:32:28,551 [DEBUG] [TIME] 8793 balance_sheet: 0.20s
2026-10-02 08:32:28,773 [DEBUG] [TIME] 8793 cashflow: 0.22s
2026-10-02 08:32:29,057 [DEBUG] [TIME] 8793 dividends: 0.28s
2026-10-02 08:32:29,058 [INFO] [DETAIL] 8793 ＮＥＣキャピタルソリューション: income_stmt=OK, balance_sheet=OK, cashflow=OK, dividends=OK
2026-10-02 08:32:29,058 [INFO] [TIME] 8793 ＮＥＣキャピタルソリューション 処理時間: 1.10s
2026-10-02 08:32:31,041 [DEBUG] [TIME] 8795 info: 0.19s
2026-10-02 08:32:31,041 [DEBUG] yfinance OK: 8795
2026-10-02 08:32:31,283 [DEBUG] [TIME] 8795 income_stmt: 0.24s
2026-10-02 08:32:31,586 [DEBUG] [TIME] 8795 balance_sheet: 0.30s
2026-10-02 08:32:31,849 [DEBUG] [TIME] 8795 cashflow: 0.26s
2026-10-02 08:32:32,292 [DEBUG] [TIME] 8795 dividends: 0.44s
2026-10-02 08:32:32,293 [INFO] [DETAIL] 8795 Ｔ＆Ｄホールディングス: income_stmt=OK, balance_sheet=OK, cashflow=OK, dividends=OK
2026-10-02 08:32:32,293 [INFO] [TIME] 8795 Ｔ＆Ｄホールディングス 処理時間: 1.44s
2026-10-02 08:32:34,040 [DEBUG] [TIME] 8798 info: 0.32s
2026-10-02 08:32:34,040 [DEBUG] yfinance OK: 8798
2026-10-02 08:32:34,394 [DEBUG] [TIME] 8798 income_stmt: 0.35s
2026-10-02 08:32:40,049 [DEBUG] [TIME] 8798 balance_sheet: 5.65s
2026-10-02 08:32:40,272 [DEBUG] [TIME] 8798 cashflow: 0.22s
2026-10-02 08:32:40,655 [DEBUG] [TIME] 8798 dividends: 0.38s
2026-10-02 08:32:40,656 [INFO] [DETAIL] 8798 アドバンスクリエイト: income_stmt=OK, balance_sheet=OK, cashflow=OK, dividends=OK
2026-10-02 08:32:40,656 [INFO] [TIME] 8798 アドバンスクリエイト 処理時間: 6.93s
2026-10-02 08:32:42,214 [DEBUG] [TIME] 8801 info: 0.19s
2026-10-02 08:32:42,214 [DEBUG] yfinance OK: 8801
2026-10-02 08:32:42,383 [DEBUG] [TIME] 8801 income_stmt: 0.17s
2026-10-02 08:32:42,546 [DEBUG] [TIME] 8801 balance_sheet: 0.16s
2026-10-02 08:32:42,884 [DEBUG] [TIME] 8801 cashflow: 0.34s
2026-10-02 08:32:43,388 [DEBUG] [TIME] 8801 dividends: 0.50s
2026-10-02 08:32:43,389 [INFO] [DETAIL] 8801 三井不動産: income_stmt=OK, balance_sheet=OK, cashflow=OK, dividends=OK
2026-10-02 08:32:43,389 [INFO] [TIME] 8801 三井不動産 処理時間: 1.36s
2026-10-02 08:32:44,801 [DEBUG] [TIME] 8802 info: 0.20s
2026-10-02 08:32:44,802 [DEBUG] yfinance OK: 8802
2026-10-02 08:32:44,987 [DEBUG] [TIME] 8802 income_stmt: 0.19s
2026-10-02 08:32:45,307 [DEBUG] [TIME] 8802 balance_sheet: 0.32s
2026-10-02 08:32:45,589 [DEBUG] [TIME] 8802 cashflow: 0.28s
2026-10-02 08:32:46,017 [DEBUG] [TIME] 8802 dividends: 0.43s
2026-10-02 08:32:46,018 [INFO] [DETAIL] 8802 三菱地所: income_stmt=OK, balance_sheet=OK, cashflow=OK, dividends=OK
2026-10-02 08:32:46,018 [INFO] [TIME] 8802 三菱地所 処理時間: 1.42s
2026-10-02 08:32:48,212 [DEBUG] [TIME] 8803 info: 0.19s
2026-10-02 08:32:48,212 [DEBUG] yfinance OK: 8803
2026-10-02 08:32:48,429 [DEBUG] [TIME] 8803 income_stmt: 0.22s
2026-10-02 08:32:48,627 [DEBUG] [TIME] 8803 balance_sheet: 0.20s
2026-10-02 08:32:48,819 [DEBUG] [TIME] 8803 cashflow: 0.19s
2026-10-02 08:32:49,194 [DEBUG] [TIME] 8803 dividends: 0.38s
2026-10-02 08:32:49,195 [INFO] [DETAIL] 8803 平和不動産: income_stmt=OK, balance_sheet=OK, cashflow=OK, dividends=OK
2026-10-02 08:32:49,195 [INFO] [TIME] 8803 平和不動産 処理時間: 1.18s
2026-10-02 08:32:50,773 [DEBUG] [TIME] 8804 info: 0.21s
2026-10-02 08:32:50,773 [DEBUG] yfinance OK: 8804
2026-10-02 08:32:51,035 [DEBUG] [TIME] 8804 income_stmt: 0.26s
2026-10-02 08:32:51,268 [DEBUG] [TIME] 8804 balance_sheet: 0.23s
2026-10-02 08:32:51,533 [DEBUG] [TIME] 8804 cashflow: 0.27s
2026-10-02 08:32:51,954 [DEBUG] [TIME] 8804 dividends: 0.42s
2026-10-02 08:32:51,955 [INFO] [DETAIL] 8804 東京建物: income_stmt=OK, balance_sheet=OK, cashflow=OK, dividends=OK
2026-10-02 08:32:51,955 [INFO] [TIME] 8804 東京建物 処理時間: 1.39s
2026-10-02 08:32:53,301 [DEBUG] [TIME] 8818 info: 0.20s
2026-10-02 08:32:53,301 [DEBUG] yfinance OK: 8818
2026-10-02 08:32:53,544 [DEBUG] [TIME] 8818 income_stmt: 0.24s
2026-10-02 08:32:53,873 [DEBUG] [TIME] 8818 balance_sheet: 0.33s
2026-10-02 08:32:54,139 [DEBUG] [TIME] 8818 cashflow: 0.26s
2026-10-02 08:32:54,515 [DEBUG] [TIME] 8818 dividends: 0.38s
2026-10-02 08:32:54,516 [INFO] [DETAIL] 8818 京阪神ビルディング: income_stmt=OK, balance_sheet=OK, cashflow=OK, dividends=OK
2026-10-02 08:32:54,516 [INFO] [TIME] 8818 京阪神ビルディング 処理時間: 1.41s
2026-10-02 08:32:56,684 [DEBUG] [TIME] 8830 info: 0.20s
2026-10-02 08:32:56,684 [DEBUG] yfinance OK: 8830
2026-10-02 08:32:56,855 [DEBUG] [TIME] 8830 income_stmt: 0.17s
2026-10-02 08:32:57,216 [DEBUG] [TIME] 8830 balance_sheet: 0.36s
2026-10-02 08:32:57,378 [DEBUG] [TIME] 8830 cashflow: 0.16s
2026-10-02 08:32:57,833 [DEBUG] [TIME] 8830 dividends: 0.46s
2026-10-02 08:32:57,834 [INFO] [DETAIL] 8830 住友不動産: income_stmt=OK, balance_sheet=OK, cashflow=OK, dividends=OK
2026-10-02 08:32:57,834 [INFO] [TIME] 8830 住友不動産 処理時間: 1.35s
2026-10-02 08:32:59,665 [DEBUG] [TIME] 8835 info: 0.29s
2026-10-02 08:32:59,665 [DEBUG] yfinance OK: 8835
2026-10-02 08:32:59,933 [DEBUG] [TIME] 8835 income_stmt: 0.27s
2026-10-02 08:33:00,191 [DEBUG] [TIME] 8835 balance_sheet: 0.26s
2026-10-02 08:33:00,359 [DEBUG] [TIME] 8835 cashflow: 0.17s
2026-10-02 08:33:00,713 [DEBUG] [TIME] 8835 dividends: 0.35s
2026-10-02 08:33:00,714 [INFO] [DETAIL] 8835 太平洋興発: income_stmt=OK, balance_sheet=OK, cashflow=OK, dividends=OK
2026-10-02 08:33:00,714 [INFO] [TIME] 8835 太平洋興発 処理時間: 1.34s
2026-10-02 08:33:02,548 [DEBUG] [TIME] 8836 info: 0.18s
2026-10-02 08:33:02,548 [DEBUG] yfinance OK: 8836
2026-10-02 08:33:02,756 [DEBUG] [TIME] 8836 income_stmt: 0.21s
2026-10-02 08:33:03,087 [DEBUG] [TIME] 8836 balance_sheet: 0.33s
2026-10-02 08:33:03,352 [DEBUG] [TIME] 8836 cashflow: 0.26s
2026-10-02 08:33:03,629 [DEBUG] [TIME] 8836 dividends: 0.28s
2026-10-02 08:33:03,630 [INFO] [DETAIL] 8836 ＲＩＳＥ: income_stmt=OK, balance_sheet=OK, cashflow=OK, dividends=EMPTY
2026-10-02 08:33:03,630 [INFO] [TIME] 8836 ＲＩＳＥ 処理時間: 1.27s
2026-10-02 08:33:05,672 [DEBUG] [TIME] 8841 info: 0.19s
2026-10-02 08:33:05,672 [DEBUG] yfinance OK: 8841
2026-10-02 08:33:05,872 [DEBUG] [TIME] 8841 income_stmt: 0.20s
2026-10-02 08:33:06,158 [DEBUG] [TIME] 8841 balance_sheet: 0.28s
2026-10-02 08:33:06,504 [DEBUG] [TIME] 8841 cashflow: 0.35s
2026-10-02 08:33:06,919 [DEBUG] [TIME] 8841 dividends: 0.42s
2026-10-02 08:33:06,920 [INFO] [DETAIL] 8841 テーオーシー: income_stmt=OK, balance_sheet=OK, cashflow=OK, dividends=OK
2026-10-02 08:33:06,920 [INFO] [TIME] 8841 テーオーシー 処理時間: 1.44s
2026-10-02 08:33:08,305 [DEBUG] [TIME] 8844 info: 0.25s
2026-10-02 08:33:08,305 [DEBUG] yfinance OK: 8844
2026-10-02 08:33:08,533 [DEBUG] [TIME] 8844 income_stmt: 0.23s
2026-10-02 08:33:08,865 [DEBUG] [TIME] 8844 balance_sheet: 0.33s
2026-10-02 08:33:09,128 [DEBUG] [TIME] 8844 cashflow: 0.26s
2026-10-02 08:33:09,515 [DEBUG] [TIME] 8844 dividends: 0.39s
2026-10-02 08:33:09,516 [INFO] [DETAIL] 8844 コスモスイニシア: income_stmt=OK, balance_sheet=OK, cashflow=OK, dividends=OK
2026-10-02 08:33:09,516 [INFO] [TIME] 8844 コスモスイニシア 処理時間: 1.46s
2026-10-02 08:33:10,733 [DEBUG] [TIME] 8848 info: 0.19s
2026-10-02 08:33:10,733 [DEBUG] yfinance OK: 8848
2026-10-02 08:33:10,899 [DEBUG] [TIME] 8848 income_stmt: 0.17s
2026-10-02 08:33:11,342 [DEBUG] [TIME] 8848 balance_sheet: 0.44s
2026-10-02 08:33:11,625 [DEBUG] [TIME] 8848 cashflow: 0.28s
2026-10-02 08:33:12,063 [DEBUG] [TIME] 8848 dividends: 0.44s
2026-10-02 08:33:12,064 [INFO] [DETAIL] 8848 レオパレス２１: income_stmt=OK, balance_sheet=OK, cashflow=OK, dividends=OK
2026-10-02 08:33:12,064 [INFO] [TIME] 8848 レオパレス２１ 処理時間: 1.52s
2026-10-02 08:33:14,122 [DEBUG] [TIME] 8850 info: 0.19s
2026-10-02 08:33:14,122 [DEBUG] yfinance OK: 8850
2026-10-02 08:33:14,325 [DEBUG] [TIME] 8850 income_stmt: 0.20s
2026-10-02 08:33:14,663 [DEBUG] [TIME] 8850 balance_sheet: 0.34s
2026-10-02 08:33:14,901 [DEBUG] [TIME] 8850 cashflow: 0.24s
2026-10-02 08:33:15,309 [DEBUG] [TIME] 8850 dividends: 0.41s
2026-10-02 08:33:15,310 [INFO] [DETAIL] 8850 スターツコーポレーション: income_stmt=OK, balance_sheet=OK, cashflow=OK, dividends=OK
2026-10-02 08:33:15,310 [INFO] [TIME] 8850 スターツコーポレーション 処理時間: 1.38s
2026-10-02 08:33:16,606 [DEBUG] [TIME] 8860 info: 0.20s
2026-10-02 08:33:16,606 [DEBUG] yfinance OK: 8860
2026-10-02 08:33:16,806 [DEBUG] [TIME] 8860 income_stmt: 0.20s
2026-10-02 08:33:17,074 [DEBUG] [TIME] 8860 balance_sheet: 0.27s
2026-10-02 08:33:17,266 [DEBUG] [TIME] 8860 cashflow: 0.19s
2026-10-02 08:33:17,645 [DEBUG] [TIME] 8860 dividends: 0.38s
2026-10-02 08:33:17,646 [INFO] [DETAIL] 8860 フジ住宅: income_stmt=OK, balance_sheet=OK, cashflow=OK, dividends=OK
2026-10-02 08:33:17,646 [INFO] [TIME] 8860 フジ住宅 処理時間: 1.24s
2026-10-02 08:33:18,894 [DEBUG] [TIME] 8864 info: 0.24s
2026-10-02 08:33:18,894 [DEBUG] yfinance OK: 8864
2026-10-02 08:33:19,127 [DEBUG] [TIME] 8864 income_stmt: 0.23s
2026-10-02 08:33:19,501 [DEBUG] [TIME] 8864 balance_sheet: 0.37s
2026-10-02 08:33:19,669 [DEBUG] [TIME] 8864 cashflow: 0.17s
2026-10-02 08:33:20,029 [DEBUG] [TIME] 8864 dividends: 0.36s
2026-10-02 08:33:20,030 [INFO] [DETAIL] 8864 空港施設: income_stmt=OK, balance_sheet=OK, cashflow=OK, dividends=OK
2026-10-02 08:33:20,030 [INFO] [TIME] 8864 空港施設 処理時間: 1.37s
2026-10-02 08:33:21,574 [DEBUG] [TIME] 8869 info: 0.26s
2026-10-02 08:33:21,574 [DEBUG] yfinance OK: 8869
2026-10-02 08:33:21,794 [DEBUG] [TIME] 8869 income_stmt: 0.22s
2026-10-02 08:33:22,167 [DEBUG] [TIME] 8869 balance_sheet: 0.37s
2026-10-02 08:33:22,497 [DEBUG] [TIME] 8869 cashflow: 0.33s
2026-10-02 08:33:22,864 [DEBUG] [TIME] 8869 dividends: 0.37s
2026-10-02 08:33:22,865 [INFO] [DETAIL] 8869 明和地所: income_stmt=OK, balance_sheet=OK, cashflow=OK, dividends=OK
2026-10-02 08:33:22,865 [INFO] [TIME] 8869 明和地所 処理時間: 1.55s
2026-10-02 08:33:24,592 [DEBUG] [TIME] 8871 info: 0.20s
2026-10-02 08:33:24,592 [DEBUG] yfinance OK: 8871
2026-10-02 08:33:24,881 [DEBUG] [TIME] 8871 income_stmt: 0.29s
2026-10-02 08:33:25,177 [DEBUG] [TIME] 8871 balance_sheet: 0.30s
2026-10-02 08:33:25,435 [DEBUG] [TIME] 8871 cashflow: 0.26s
2026-10-02 08:33:25,920 [DEBUG] [TIME] 8871 dividends: 0.48s
2026-10-02 08:33:25,921 [INFO] [DETAIL] 8871 ゴールドクレスト: income_stmt=OK, balance_sheet=OK, cashflow=OK, dividends=OK
2026-10-02 08:33:25,921 [INFO] [TIME] 8871 ゴールドクレスト 処理時間: 1.52s
2026-10-02 08:33:27,953 [DEBUG] [TIME] 8876 info: 0.19s
2026-10-02 08:33:27,953 [DEBUG] yfinance OK: 8876
2026-10-02 08:33:28,161 [DEBUG] [TIME] 8876 income_stmt: 0.21s
2026-10-02 08:33:28,548 [DEBUG] [TIME] 8876 balance_sheet: 0.39s
2026-10-02 08:33:28,737 [DEBUG] [TIME] 8876 cashflow: 0.19s
2026-10-02 08:33:29,146 [DEBUG] [TIME] 8876 dividends: 0.41s
2026-10-02 08:33:29,147 [INFO] [DETAIL] 8876 リログループ: income_stmt=OK, balance_sheet=OK, cashflow=OK, dividends=OK
2026-10-02 08:33:29,147 [INFO] [TIME] 8876 リログループ 処理時間: 1.39s
2026-10-02 08:33:30,684 [DEBUG] [TIME] 8877 info: 0.25s
2026-10-02 08:33:30,684 [DEBUG] yfinance OK: 8877
2026-10-02 08:33:31,008 [DEBUG] [TIME] 8877 income_stmt: 0.32s
2026-10-02 08:33:31,275 [DEBUG] [TIME] 8877 balance_sheet: 0.27s
2026-10-02 08:33:31,479 [DEBUG] [TIME] 8877 cashflow: 0.20s
2026-10-02 08:33:31,842 [DEBUG] [TIME] 8877 dividends: 0.36s
2026-10-02 08:33:31,843 [INFO] [DETAIL] 8877 エスリード: income_stmt=OK, balance_sheet=OK, cashflow=OK, dividends=OK
2026-10-02 08:33:31,843 [INFO] [TIME] 8877 エスリード 処理時間: 1.41s
2026-10-02 08:33:34,028 [DEBUG] [TIME] 8881 info: 0.19s
2026-10-02 08:33:34,028 [DEBUG] yfinance OK: 8881
2026-10-02 08:33:34,226 [DEBUG] [TIME] 8881 income_stmt: 0.20s
2026-10-02 08:33:34,419 [DEBUG] [TIME] 8881 balance_sheet: 0.19s
2026-10-02 08:33:34,607 [DEBUG] [TIME] 8881 cashflow: 0.19s
2026-10-02 08:33:35,015 [DEBUG] [TIME] 8881 dividends: 0.41s
2026-10-02 08:33:35,016 [INFO] [DETAIL] 8881 日神グループホールディングス: income_stmt=OK, balance_sheet=OK, cashflow=OK, dividends=OK
2026-10-02 08:33:35,016 [INFO] [TIME] 8881 日神グループホールディングス 処理時間: 1.18s
2026-10-02 08:33:36,512 [DEBUG] [TIME] 8887 info: 0.20s
2026-10-02 08:33:36,512 [DEBUG] yfinance OK: 8887
2026-10-02 08:33:36,795 [DEBUG] [TIME] 8887 income_stmt: 0.28s
2026-10-02 08:33:37,212 [DEBUG] [TIME] 8887 balance_sheet: 0.42s
2026-10-02 08:33:37,437 [DEBUG] [TIME] 8887 cashflow: 0.22s
2026-10-02 08:33:37,756 [DEBUG] [TIME] 8887 dividends: 0.32s
2026-10-02 08:33:37,757 [INFO] [DETAIL] 8887 シーラホールディングス: income_stmt=OK, balance_sheet=OK, cashflow=OK, dividends=OK
2026-10-02 08:33:37,757 [INFO] [TIME] 8887 シーラホールディングス 処理時間: 1.44s
2026-10-02 08:33:39,053 [DEBUG] [TIME] 8891 info: 0.28s
2026-10-02 08:33:39,053 [DEBUG] yfinance OK: 8891
2026-10-02 08:33:39,306 [DEBUG] [TIME] 8891 income_stmt: 0.25s
2026-10-02 08:33:39,482 [DEBUG] [TIME] 8891 balance_sheet: 0.17s
2026-10-02 08:33:39,693 [DEBUG] [TIME] 8891 cashflow: 0.21s
2026-10-02 08:33:40,020 [DEBUG] [TIME] 8891 dividends: 0.33s
2026-10-02 08:33:40,021 [INFO] [DETAIL] 8891 ＡＭＧホールディングス: income_stmt=OK, balance_sheet=OK, cashflow=OK, dividends=OK
2026-10-02 08:33:40,021 [INFO] [TIME] 8891 ＡＭＧホールディングス 処理時間: 1.24s
2026-10-02 08:33:41,570 [DEBUG] [TIME] 8892 info: 0.22s
2026-10-02 08:33:41,570 [DEBUG] yfinance OK: 8892
2026-10-02 08:33:41,775 [DEBUG] [TIME] 8892 income_stmt: 0.21s
2026-10-02 08:33:42,181 [DEBUG] [TIME] 8892 balance_sheet: 0.41s
2026-10-02 08:33:42,403 [DEBUG] [TIME] 8892 cashflow: 0.22s
2026-10-02 08:33:42,799 [DEBUG] [TIME] 8892 dividends: 0.40s
2026-10-02 08:33:42,800 [INFO] [DETAIL] 8892 エスコン: income_stmt=OK, balance_sheet=OK, cashflow=OK, dividends=OK
2026-10-02 08:33:42,800 [INFO] [TIME] 8892 エスコン 処理時間: 1.45s
2026-10-02 08:33:44,130 [DEBUG] [TIME] 8894 info: 0.26s
2026-10-02 08:33:44,130 [DEBUG] yfinance OK: 8894
2026-10-02 08:33:44,386 [DEBUG] [TIME] 8894 income_stmt: 0.26s
2026-10-02 08:33:44,748 [DEBUG] [TIME] 8894 balance_sheet: 0.36s
2026-10-02 08:33:44,949 [DEBUG] [TIME] 8894 cashflow: 0.20s
2026-10-02 08:33:45,332 [DEBUG] [TIME] 8894 dividends: 0.38s
2026-10-02 08:33:45,332 [INFO] [DETAIL] 8894 ＲＥＶＯＬＵＴＩＯＮ: income_stmt=OK, balance_sheet=OK, cashflow=OK, dividends=EMPTY
2026-10-02 08:33:45,332 [INFO] [TIME] 8894 ＲＥＶＯＬＵＴＩＯＮ 処理時間: 1.46s
2026-10-02 08:33:46,894 [DEBUG] [TIME] 8897 info: 0.30s
2026-10-02 08:33:46,894 [DEBUG] yfinance OK: 8897
2026-10-02 08:33:47,190 [DEBUG] [TIME] 8897 income_stmt: 0.30s
2026-10-02 08:33:47,559 [DEBUG] [TIME] 8897 balance_sheet: 0.37s
2026-10-02 08:33:47,772 [DEBUG] [TIME] 8897 cashflow: 0.21s
2026-10-02 08:33:48,132 [DEBUG] [TIME] 8897 dividends: 0.36s
2026-10-02 08:33:48,133 [INFO] [DETAIL] 8897 ＭＩＲＡＲＴＨホールディングス: income_stmt=OK, balance_sheet=OK, cashflow=OK, dividends=OK
2026-10-02 08:33:48,133 [INFO] [TIME] 8897 ＭＩＲＡＲＴＨホールディングス 処理時間: 1.54s
2026-10-02 08:33:50,083 [DEBUG] [TIME] 8898 info: 0.19s
2026-10-02 08:33:50,083 [DEBUG] yfinance OK: 8898
2026-10-02 08:33:50,253 [DEBUG] [TIME] 8898 income_stmt: 0.17s
2026-10-02 08:33:50,548 [DEBUG] [TIME] 8898 balance_sheet: 0.29s
2026-10-02 08:33:50,806 [DEBUG] [TIME] 8898 cashflow: 0.26s
2026-10-02 08:33:51,302 [DEBUG] [TIME] 8898 dividends: 0.50s
2026-10-02 08:33:51,303 [INFO] [DETAIL] 8898 センチュリー２１・ジャパン: income_stmt=OK, balance_sheet=OK, cashflow=OK, dividends=OK
2026-10-02 08:33:51,303 [INFO] [TIME] 8898 センチュリー２１・ジャパン 処理時間: 1.41s
2026-10-02 08:33:53,354 [DEBUG] [TIME] 8904 info: 0.19s
2026-10-02 08:33:53,354 [DEBUG] yfinance OK: 8904
2026-10-02 08:33:53,557 [DEBUG] [TIME] 8904 income_stmt: 0.20s
2026-10-02 08:33:53,776 [DEBUG] [TIME] 8904 balance_sheet: 0.22s
2026-10-02 08:33:54,167 [DEBUG] [TIME] 8904 cashflow: 0.39s
2026-10-02 08:33:54,507 [DEBUG] [TIME] 8904 dividends: 0.34s
2026-10-02 08:33:54,508 [INFO] [DETAIL] 8904 ＡＶＡＮＴＩＡ: income_stmt=OK, balance_sheet=OK, cashflow=OK, dividends=OK
2026-10-02 08:33:54,508 [INFO] [TIME] 8904 ＡＶＡＮＴＩＡ 処理時間: 1.35s
2026-10-02 08:33:56,389 [DEBUG] [TIME] 8908 info: 0.19s
2026-10-02 08:33:56,389 [DEBUG] yfinance OK: 8908
2026-10-02 08:33:56,585 [DEBUG] [TIME] 8908 income_stmt: 0.20s
2026-10-02 08:33:56,835 [DEBUG] [TIME] 8908 balance_sheet: 0.25s
2026-10-02 08:33:56,984 [DEBUG] [TIME] 8908 cashflow: 0.15s
2026-10-02 08:33:57,364 [DEBUG] [TIME] 8908 dividends: 0.38s
2026-10-02 08:33:57,365 [INFO] [DETAIL] 8908 毎日コムネット: income_stmt=OK, balance_sheet=OK, cashflow=OK, dividends=OK
2026-10-02 08:33:57,365 [INFO] [TIME] 8908 毎日コムネット 処理時間: 1.17s
2026-10-02 08:33:59,501 [DEBUG] [TIME] 8912 info: 0.22s
2026-10-02 08:33:59,501 [DEBUG] yfinance OK: 8912
2026-10-02 08:33:59,678 [DEBUG] [TIME] 8912 income_stmt: 0.18s
2026-10-02 08:33:59,896 [DEBUG] [TIME] 8912 balance_sheet: 0.22s
2026-10-02 08:34:00,196 [DEBUG] [TIME] 8912 cashflow: 0.30s
2026-10-02 08:34:00,618 [DEBUG] [TIME] 8912 dividends: 0.42s
2026-10-02 08:34:00,618 [INFO] [DETAIL] 8912 エリアクエスト: income_stmt=OK, balance_sheet=OK, cashflow=OK, dividends=OK
2026-10-02 08:34:00,619 [INFO] [TIME] 8912 エリアクエスト 処理時間: 1.34s
2026-10-02 08:34:02,436 [DEBUG] [TIME] 8914 info: 0.26s
2026-10-02 08:34:02,436 [DEBUG] yfinance OK: 8914
2026-10-02 08:34:02,602 [DEBUG] [TIME] 8914 income_stmt: 0.17s
2026-10-02 08:34:02,897 [DEBUG] [TIME] 8914 balance_sheet: 0.29s
2026-10-02 08:34:03,070 [DEBUG] [TIME] 8914 cashflow: 0.17s
2026-10-02 08:34:03,500 [DEBUG] [TIME] 8914 dividends: 0.43s
2026-10-02 08:34:03,501 [INFO] [DETAIL] 8914 エリアリンク: income_stmt=OK, balance_sheet=OK, cashflow=OK, dividends=OK
2026-10-02 08:34:03,501 [INFO] [TIME] 8914 エリアリンク 処理時間: 1.32s
2026-10-02 08:34:04,762 [DEBUG] [TIME] 8917 info: 0.19s
2026-10-02 08:34:04,762 [DEBUG] yfinance OK: 8917
2026-10-02 08:34:05,013 [DEBUG] [TIME] 8917 income_stmt: 0.25s
2026-10-02 08:34:05,320 [DEBUG] [TIME] 8917 balance_sheet: 0.31s
2026-10-02 08:34:05,587 [DEBUG] [TIME] 8917 cashflow: 0.27s
2026-10-02 08:34:05,920 [DEBUG] [TIME] 8917 dividends: 0.33s
2026-10-02 08:34:05,921 [INFO] [DETAIL] 8917 ファースト住建: income_stmt=OK, balance_sheet=OK, cashflow=OK, dividends=OK
2026-10-02 08:34:05,921 [INFO] [TIME] 8917 ファースト住建 処理時間: 1.35s
2026-10-02 08:34:07,651 [DEBUG] [TIME] 8918 info: 0.22s
2026-10-02 08:34:07,651 [DEBUG] yfinance OK: 8918
2026-10-02 08:34:07,905 [DEBUG] [TIME] 8918 income_stmt: 0.25s
2026-10-02 08:34:08,239 [DEBUG] [TIME] 8918 balance_sheet: 0.33s
2026-10-02 08:34:08,409 [DEBUG] [TIME] 8918 cashflow: 0.17s
2026-10-02 08:34:08,807 [DEBUG] [TIME] 8918 dividends: 0.40s
2026-10-02 08:34:08,808 [INFO] [DETAIL] 8918 ランド: income_stmt=OK, balance_sheet=OK, cashflow=OK, dividends=OK
2026-10-02 08:34:08,808 [INFO] [TIME] 8918 ランド 処理時間: 1.38s
2026-10-02 08:34:10,652 [DEBUG] [TIME] 8919 info: 0.20s
2026-10-02 08:34:10,652 [DEBUG] yfinance OK: 8919
2026-10-02 08:34:10,868 [DEBUG] [TIME] 8919 income_stmt: 0.22s
2026-10-02 08:34:11,244 [DEBUG] [TIME] 8919 balance_sheet: 0.38s
2026-10-02 08:34:11,505 [DEBUG] [TIME] 8919 cashflow: 0.26s
2026-10-02 08:34:11,895 [DEBUG] [TIME] 8919 dividends: 0.39s
2026-10-02 08:34:11,895 [INFO] [DETAIL] 8919 カチタス: income_stmt=OK, balance_sheet=OK, cashflow=OK, dividends=OK
2026-10-02 08:34:11,896 [INFO] [TIME] 8919 カチタス 処理時間: 1.44s
2026-10-02 08:34:13,780 [DEBUG] [TIME] 8920 info: 0.22s
2026-10-02 08:34:13,780 [DEBUG] yfinance OK: 8920
2026-10-02 08:34:14,092 [DEBUG] [TIME] 8920 income_stmt: 0.31s
2026-10-02 08:34:14,272 [DEBUG] [TIME] 8920 balance_sheet: 0.18s
2026-10-02 08:34:14,543 [DEBUG] [TIME] 8920 cashflow: 0.27s
2026-10-02 08:34:14,961 [DEBUG] [TIME] 8920 dividends: 0.42s
2026-10-02 08:34:14,962 [INFO] [DETAIL] 8920 東祥: income_stmt=OK, balance_sheet=OK, cashflow=OK, dividends=OK
2026-10-02 08:34:14,962 [INFO] [TIME] 8920 東祥 処理時間: 1.40s
2026-10-02 08:34:17,163 [DEBUG] [TIME] 8923 info: 0.22s
2026-10-02 08:34:17,164 [DEBUG] yfinance OK: 8923
2026-10-02 08:34:17,343 [DEBUG] [TIME] 8923 income_stmt: 0.18s
2026-10-02 08:34:17,626 [DEBUG] [TIME] 8923 balance_sheet: 0.28s
2026-10-02 08:34:17,899 [DEBUG] [TIME] 8923 cashflow: 0.27s
2026-10-02 08:34:18,278 [DEBUG] [TIME] 8923 dividends: 0.38s
2026-10-02 08:34:18,278 [INFO] [DETAIL] 8923 トーセイ: income_stmt=OK, balance_sheet=OK, cashflow=OK, dividends=OK
2026-10-02 08:34:18,279 [INFO] [TIME] 8923 トーセイ 処理時間: 1.34s
2026-10-02 08:34:20,475 [DEBUG] [TIME] 8927 info: 0.29s
2026-10-02 08:34:20,475 [DEBUG] yfinance OK: 8927
2026-10-02 08:34:20,693 [DEBUG] [TIME] 8927 income_stmt: 0.22s
2026-10-02 08:34:21,048 [DEBUG] [TIME] 8927 balance_sheet: 0.35s
2026-10-02 08:34:21,250 [DEBUG] [TIME] 8927 cashflow: 0.20s
2026-10-02 08:34:21,529 [DEBUG] [TIME] 8927 dividends: 0.28s
2026-10-02 08:34:21,529 [INFO] [DETAIL] 8927 明豊エンタープライズ: income_stmt=OK, balance_sheet=OK, cashflow=OK, dividends=OK
2026-10-02 08:34:21,530 [INFO] [TIME] 8927 明豊エンタープライズ 処理時間: 1.34s
2026-10-02 08:34:23,608 [DEBUG] [TIME] 8928 info: 0.19s
2026-10-02 08:34:23,608 [DEBUG] yfinance OK: 8928
2026-10-02 08:34:23,820 [DEBUG] [TIME] 8928 income_stmt: 0.21s
2026-10-02 08:34:24,010 [DEBUG] [TIME] 8928 balance_sheet: 0.19s
2026-10-02 08:34:24,217 [DEBUG] [TIME] 8928 cashflow: 0.21s
2026-10-02 08:34:24,593 [DEBUG] [TIME] 8928 dividends: 0.38s
2026-10-02 08:34:24,594 [INFO] [DETAIL] 8928 穴吹興産: income_stmt=OK, balance_sheet=OK, cashflow=OK, dividends=OK
2026-10-02 08:34:24,594 [INFO] [TIME] 8928 穴吹興産 処理時間: 1.18s
2026-10-02 08:34:26,014 [DEBUG] [TIME] 8929 info: 0.19s
2026-10-02 08:34:26,014 [DEBUG] yfinance OK: 8929
2026-10-02 08:34:26,266 [DEBUG] [TIME] 8929 income_stmt: 0.25s
2026-10-02 08:34:26,579 [DEBUG] [TIME] 8929 balance_sheet: 0.31s
2026-10-02 08:34:26,795 [DEBUG] [TIME] 8929 cashflow: 0.22s
2026-10-02 08:34:27,126 [DEBUG] [TIME] 8929 dividends: 0.33s
2026-10-02 08:34:27,127 [INFO] [DETAIL] 8929 青山財産ネットワークス: income_stmt=OK, balance_sheet=OK, cashflow=OK, dividends=OK
2026-10-02 08:34:27,127 [INFO] [TIME] 8929 青山財産ネットワークス 処理時間: 1.30s
2026-10-02 08:34:29,164 [DEBUG] [TIME] 8931 info: 0.23s
2026-10-02 08:34:29,164 [DEBUG] yfinance OK: 8931
2026-10-02 08:34:29,309 [DEBUG] [TIME] 8931 income_stmt: 0.15s
2026-10-02 08:34:29,514 [DEBUG] [TIME] 8931 balance_sheet: 0.20s
2026-10-02 08:34:29,781 [DEBUG] [TIME] 8931 cashflow: 0.27s
2026-10-02 08:34:30,113 [DEBUG] [TIME] 8931 dividends: 0.33s
2026-10-02 08:34:30,113 [INFO] [DETAIL] 8931 和田興産: income_stmt=OK, balance_sheet=OK, cashflow=OK, dividends=OK
2026-10-02 08:34:30,113 [INFO] [TIME] 8931 和田興産 処理時間: 1.18s
2026-10-02 08:34:31,415 [DEBUG] [TIME] 8934 info: 0.21s
2026-10-02 08:34:31,415 [DEBUG] yfinance OK: 8934
2026-10-02 08:34:31,586 [DEBUG] [TIME] 8934 income_stmt: 0.17s
2026-10-02 08:34:31,879 [DEBUG] [TIME] 8934 balance_sheet: 0.29s
2026-10-02 08:34:32,113 [DEBUG] [TIME] 8934 cashflow: 0.23s
2026-10-02 08:34:32,608 [DEBUG] [TIME] 8934 dividends: 0.49s
2026-10-02 08:34:32,609 [INFO] [DETAIL] 8934 サンフロンティア不動産: income_stmt=OK, balance_sheet=OK, cashflow=OK, dividends=OK
2026-10-02 08:34:32,609 [INFO] [TIME] 8934 サンフロンティア不動産 処理時間: 1.41s
2026-10-02 08:34:34,708 [DEBUG] [TIME] 8935 info: 0.19s
2026-10-02 08:34:34,708 [DEBUG] yfinance OK: 8935
2026-10-02 08:34:34,913 [DEBUG] [TIME] 8935 income_stmt: 0.21s
2026-10-02 08:34:35,128 [DEBUG] [TIME] 8935 balance_sheet: 0.21s
2026-10-02 08:34:35,379 [DEBUG] [TIME] 8935 cashflow: 0.25s
2026-10-02 08:34:35,678 [DEBUG] [TIME] 8935 dividends: 0.30s
2026-10-02 08:34:35,678 [INFO] [DETAIL] 8935 ＦＪネクストホールディングス: income_stmt=OK, balance_sheet=OK, cashflow=OK, dividends=OK
2026-10-02 08:34:35,679 [INFO] [TIME] 8935 ＦＪネクストホールディングス 処理時間: 1.16s
2026-10-02 08:34:37,864 [DEBUG] [TIME] 8938 info: 0.19s
2026-10-02 08:34:37,864 [DEBUG] yfinance OK: 8938
2026-10-02 08:34:38,066 [DEBUG] [TIME] 8938 income_stmt: 0.20s
2026-10-02 08:34:38,280 [DEBUG] [TIME] 8938 balance_sheet: 0.21s
2026-10-02 08:34:38,521 [DEBUG] [TIME] 8938 cashflow: 0.24s
2026-10-02 08:34:38,888 [DEBUG] [TIME] 8938 dividends: 0.37s
2026-10-02 08:34:38,889 [INFO] [DETAIL] 8938 グローム・ホールディングス: income_stmt=OK, balance_sheet=OK, cashflow=OK, dividends=OK
2026-10-02 08:34:38,889 [INFO] [TIME] 8938 グローム・ホールディングス 処理時間: 1.22s
2026-10-02 08:34:40,926 [DEBUG] [TIME] 8944 info: 0.19s
2026-10-02 08:34:40,926 [DEBUG] yfinance OK: 8944
2026-10-02 08:34:41,081 [DEBUG] [TIME] 8944 income_stmt: 0.16s
2026-10-02 08:34:41,415 [DEBUG] [TIME] 8944 balance_sheet: 0.33s
2026-10-02 08:34:41,635 [DEBUG] [TIME] 8944 cashflow: 0.22s
2026-10-02 08:34:41,940 [DEBUG] [TIME] 8944 dividends: 0.31s
2026-10-02 08:34:41,941 [INFO] [DETAIL] 8944 ランドビジネス: income_stmt=OK, balance_sheet=OK, cashflow=OK, dividends=OK
2026-10-02 08:34:41,941 [INFO] [TIME] 8944 ランドビジネス 処理時間: 1.21s
2026-10-02 08:34:43,681 [DEBUG] [TIME] 8945 info: 0.20s
2026-10-02 08:34:43,681 [DEBUG] yfinance OK: 8945
2026-10-02 08:34:43,857 [DEBUG] [TIME] 8945 income_stmt: 0.18s
2026-10-02 08:34:44,193 [DEBUG] [TIME] 8945 balance_sheet: 0.34s
2026-10-02 08:34:44,466 [DEBUG] [TIME] 8945 cashflow: 0.27s
2026-10-02 08:34:44,843 [DEBUG] [TIME] 8945 dividends: 0.38s
2026-10-02 08:34:44,844 [INFO] [DETAIL] 8945 サンネクスタグループ: income_stmt=OK, balance_sheet=OK, cashflow=OK, dividends=OK
2026-10-02 08:34:44,844 [INFO] [TIME] 8945 サンネクスタグループ 処理時間: 1.36s
2026-10-02 08:34:46,600 [DEBUG] [TIME] 8946 info: 0.21s
2026-10-02 08:34:46,600 [DEBUG] yfinance OK: 8946
2026-10-02 08:34:46,778 [DEBUG] [TIME] 8946 income_stmt: 0.18s
2026-10-02 08:34:47,003 [DEBUG] [TIME] 8946 balance_sheet: 0.22s
2026-10-02 08:34:47,280 [DEBUG] [TIME] 8946 cashflow: 0.28s
2026-10-02 08:34:47,603 [DEBUG] [TIME] 8946 dividends: 0.32s
2026-10-02 08:34:47,603 [INFO] [DETAIL] 8946 ＡＳＩＡＮ　ＳＴＡＲ: income_stmt=OK, balance_sheet=OK, cashflow=OK, dividends=EMPTY
2026-10-02 08:34:47,603 [INFO] [TIME] 8946 ＡＳＩＡＮ　ＳＴＡＲ 処理時間: 1.22s
2026-10-02 08:34:49,521 [DEBUG] [TIME] 8995 info: 0.19s
2026-10-02 08:34:49,521 [DEBUG] yfinance OK: 8995
2026-10-02 08:34:49,701 [DEBUG] [TIME] 8995 income_stmt: 0.18s
2026-10-02 08:34:49,900 [DEBUG] [TIME] 8995 balance_sheet: 0.20s
2026-10-02 08:34:50,065 [DEBUG] [TIME] 8995 cashflow: 0.16s
2026-10-02 08:34:50,508 [DEBUG] [TIME] 8995 dividends: 0.44s
2026-10-02 08:34:50,509 [INFO] [DETAIL] 8995 誠建設工業: income_stmt=OK, balance_sheet=OK, cashflow=OK, dividends=OK
2026-10-02 08:34:50,509 [INFO] [TIME] 8995 誠建設工業 処理時間: 1.18s
2026-10-02 08:34:51,801 [DEBUG] [TIME] 8996 info: 0.19s
2026-10-02 08:34:51,802 [DEBUG] yfinance OK: 8996
2026-10-02 08:34:51,970 [DEBUG] [TIME] 8996 income_stmt: 0.17s
2026-10-02 08:34:52,170 [DEBUG] [TIME] 8996 balance_sheet: 0.20s
2026-10-02 08:34:52,451 [DEBUG] [TIME] 8996 cashflow: 0.28s
2026-10-02 08:34:52,617 [DEBUG] [TIME] 8996 dividends: 0.17s
2026-10-02 08:34:52,617 [INFO] [DETAIL] 8996 ハウスフリーダム: income_stmt=OK, balance_sheet=OK, cashflow=OK, dividends=OK
2026-10-02 08:34:52,617 [INFO] [TIME] 8996 ハウスフリーダム 処理時間: 1.00s
2026-10-02 08:34:53,986 [DEBUG] [TIME] 8999 info: 0.22s
2026-10-02 08:34:53,986 [DEBUG] yfinance OK: 8999
2026-10-02 08:34:54,225 [DEBUG] [TIME] 8999 income_stmt: 0.24s
2026-10-02 08:34:54,518 [DEBUG] [TIME] 8999 balance_sheet: 0.29s
2026-10-02 08:34:54,715 [DEBUG] [TIME] 8999 cashflow: 0.20s
2026-10-02 08:34:55,057 [DEBUG] [TIME] 8999 dividends: 0.34s
2026-10-02 08:34:55,058 [INFO] [DETAIL] 8999 グランディハウス: income_stmt=OK, balance_sheet=OK, cashflow=OK, dividends=OK
2026-10-02 08:34:55,058 [INFO] [TIME] 8999 グランディハウス 処理時間: 1.29s
2026-10-02 08:34:57,231 [DEBUG] [TIME] 9001 info: 0.21s
2026-10-02 08:34:57,231 [DEBUG] yfinance OK: 9001
2026-10-02 08:34:57,429 [DEBUG] [TIME] 9001 income_stmt: 0.20s
2026-10-02 08:34:57,729 [DEBUG] [TIME] 9001 balance_sheet: 0.30s
2026-10-02 08:34:57,878 [DEBUG] [TIME] 9001 cashflow: 0.15s
2026-10-02 08:34:58,291 [DEBUG] [TIME] 9001 dividends: 0.41s
2026-10-02 08:34:58,292 [INFO] [DETAIL] 9001 東武鉄道: income_stmt=OK, balance_sheet=OK, cashflow=OK, dividends=OK
2026-10-02 08:34:58,292 [INFO] [TIME] 9001 東武鉄道 処理時間: 1.27s
2026-10-02 08:34:59,800 [DEBUG] [TIME] 9003 info: 0.20s
2026-10-02 08:34:59,800 [DEBUG] yfinance OK: 9003
2026-10-02 08:34:59,985 [DEBUG] [TIME] 9003 income_stmt: 0.19s
2026-10-02 08:35:00,179 [DEBUG] [TIME] 9003 balance_sheet: 0.19s
2026-10-02 08:35:00,424 [DEBUG] [TIME] 9003 cashflow: 0.24s
2026-10-02 08:35:00,842 [DEBUG] [TIME] 9003 dividends: 0.42s
2026-10-02 08:35:00,843 [INFO] [DETAIL] 9003 相鉄ホールディングス: income_stmt=OK, balance_sheet=OK, cashflow=OK, dividends=OK
2026-10-02 08:35:00,843 [INFO] [TIME] 9003 相鉄ホールディングス 処理時間: 1.24s
2026-10-02 08:35:02,434 [DEBUG] [TIME] 9005 info: 0.20s
2026-10-02 08:35:02,434 [DEBUG] yfinance OK: 9005
2026-10-02 08:35:02,607 [DEBUG] [TIME] 9005 income_stmt: 0.17s
2026-10-02 08:35:02,803 [DEBUG] [TIME] 9005 balance_sheet: 0.20s
2026-10-02 08:35:03,008 [DEBUG] [TIME] 9005 cashflow: 0.20s
2026-10-02 08:35:03,338 [DEBUG] [TIME] 9005 dividends: 0.33s
2026-10-02 08:35:03,339 [INFO] [DETAIL] 9005 東急: income_stmt=OK, balance_sheet=OK, cashflow=OK, dividends=OK
2026-10-02 08:35:03,339 [INFO] [TIME] 9005 東急 処理時間: 1.11s
2026-10-02 08:35:05,486 [DEBUG] [TIME] 9006 info: 0.20s
2026-10-02 08:35:05,486 [DEBUG] yfinance OK: 9006
2026-10-02 08:35:05,736 [DEBUG] [TIME] 9006 income_stmt: 0.25s
2026-10-02 08:35:06,005 [DEBUG] [TIME] 9006 balance_sheet: 0.27s
2026-10-02 08:35:06,285 [DEBUG] [TIME] 9006 cashflow: 0.28s
2026-10-02 08:35:06,808 [DEBUG] [TIME] 9006 dividends: 0.52s
2026-10-02 08:35:06,809 [INFO] [DETAIL] 9006 京浜急行電鉄: income_stmt=OK, balance_sheet=OK, cashflow=OK, dividends=OK
2026-10-02 08:35:06,809 [INFO] [TIME] 9006 京浜急行電鉄 処理時間: 1.52s
2026-10-02 08:35:08,519 [DEBUG] [TIME] 9007 info: 0.19s
2026-10-02 08:35:08,520 [DEBUG] yfinance OK: 9007
2026-10-02 08:35:08,765 [DEBUG] [TIME] 9007 income_stmt: 0.25s
2026-10-02 08:35:09,082 [DEBUG] [TIME] 9007 balance_sheet: 0.32s
2026-10-02 08:35:09,349 [DEBUG] [TIME] 9007 cashflow: 0.27s
2026-10-02 08:35:09,740 [DEBUG] [TIME] 9007 dividends: 0.39s
2026-10-02 08:35:09,741 [INFO] [DETAIL] 9007 小田急電鉄: income_stmt=OK, balance_sheet=OK, cashflow=OK, dividends=OK
2026-10-02 08:35:09,741 [INFO] [TIME] 9007 小田急電鉄 処理時間: 1.41s
2026-10-02 08:35:11,464 [DEBUG] [TIME] 9008 info: 0.23s
2026-10-02 08:35:11,464 [DEBUG] yfinance OK: 9008
2026-10-02 08:35:11,723 [DEBUG] [TIME] 9008 income_stmt: 0.26s
2026-10-02 08:35:11,933 [DEBUG] [TIME] 9008 balance_sheet: 0.21s
2026-10-02 08:35:12,211 [DEBUG] [TIME] 9008 cashflow: 0.28s
2026-10-02 08:35:12,640 [DEBUG] [TIME] 9008 dividends: 0.43s
2026-10-02 08:35:12,641 [INFO] [DETAIL] 9008 京王電鉄: income_stmt=OK, balance_sheet=OK, cashflow=OK, dividends=OK
2026-10-02 08:35:12,641 [INFO] [TIME] 9008 京王電鉄 処理時間: 1.41s
2026-10-02 08:35:14,001 [DEBUG] [TIME] 9009 info: 0.20s
2026-10-02 08:35:14,001 [DEBUG] yfinance OK: 9009
2026-10-02 08:35:14,281 [DEBUG] [TIME] 9009 income_stmt: 0.28s
2026-10-02 08:35:14,496 [DEBUG] [TIME] 9009 balance_sheet: 0.21s
2026-10-02 08:35:14,673 [DEBUG] [TIME] 9009 cashflow: 0.18s
2026-10-02 08:35:15,151 [DEBUG] [TIME] 9009 dividends: 0.48s
2026-10-02 08:35:15,152 [INFO] [DETAIL] 9009 京成電鉄: income_stmt=OK, balance_sheet=OK, cashflow=OK, dividends=OK
2026-10-02 08:35:15,152 [INFO] [TIME] 9009 京成電鉄 処理時間: 1.35s
2026-10-02 08:35:16,503 [DEBUG] [TIME] 9010 info: 0.22s
2026-10-02 08:35:16,503 [DEBUG] yfinance OK: 9010
2026-10-02 08:35:16,822 [DEBUG] [TIME] 9010 income_stmt: 0.32s
2026-10-02 08:35:17,164 [DEBUG] [TIME] 9010 balance_sheet: 0.34s
2026-10-02 08:35:17,429 [DEBUG] [TIME] 9010 cashflow: 0.26s
2026-10-02 08:35:17,818 [DEBUG] [TIME] 9010 dividends: 0.39s
2026-10-02 08:35:17,819 [INFO] [DETAIL] 9010 富士急行: income_stmt=OK, balance_sheet=OK, cashflow=OK, dividends=OK
2026-10-02 08:35:17,819 [INFO] [TIME] 9010 富士急行 処理時間: 1.54s
2026-10-02 08:35:19,263 [DEBUG] [TIME] 9012 info: 0.19s
2026-10-02 08:35:19,263 [DEBUG] yfinance OK: 9012
2026-10-02 08:35:19,438 [DEBUG] [TIME] 9012 income_stmt: 0.17s
2026-10-02 08:35:19,669 [DEBUG] [TIME] 9012 balance_sheet: 0.23s
2026-10-02 08:35:19,924 [DEBUG] [TIME] 9012 cashflow: 0.25s
2026-10-02 08:35:20,238 [DEBUG] [TIME] 9012 dividends: 0.31s
2026-10-02 08:35:20,238 [INFO] [DETAIL] 9012 秩父鉄道: income_stmt=OK, balance_sheet=OK, cashflow=OK, dividends=EMPTY
2026-10-02 08:35:20,238 [INFO] [TIME] 9012 秩父鉄道 処理時間: 1.17s
2026-10-02 08:35:22,106 [DEBUG] [TIME] 9017 info: 0.26s
2026-10-02 08:35:22,106 [DEBUG] yfinance OK: 9017
2026-10-02 08:35:22,370 [DEBUG] [TIME] 9017 income_stmt: 0.26s
2026-10-02 08:35:22,578 [DEBUG] [TIME] 9017 balance_sheet: 0.21s
2026-10-02 08:35:22,753 [DEBUG] [TIME] 9017 cashflow: 0.17s
2026-10-02 08:35:23,065 [DEBUG] [TIME] 9017 dividends: 0.31s
2026-10-02 08:35:23,066 [INFO] [DETAIL] 9017 新潟交通: income_stmt=OK, balance_sheet=OK, cashflow=OK, dividends=OK
2026-10-02 08:35:23,066 [INFO] [TIME] 9017 新潟交通 処理時間: 1.22s
2026-10-02 08:35:25,260 [DEBUG] [TIME] 9020 info: 0.19s
2026-10-02 08:35:25,260 [DEBUG] yfinance OK: 9020
2026-10-02 08:35:25,452 [DEBUG] [TIME] 9020 income_stmt: 0.19s
2026-10-02 08:35:25,682 [DEBUG] [TIME] 9020 balance_sheet: 0.23s
2026-10-02 08:35:25,869 [DEBUG] [TIME] 9020 cashflow: 0.19s
2026-10-02 08:35:26,348 [DEBUG] [TIME] 9020 dividends: 0.48s
2026-10-02 08:35:26,349 [INFO] [DETAIL] 9020 東日本旅客鉄道: income_stmt=OK, balance_sheet=OK, cashflow=OK, dividends=OK
2026-10-02 08:35:26,349 [INFO] [TIME] 9020 東日本旅客鉄道 処理時間: 1.28s
2026-10-02 08:35:28,300 [DEBUG] [TIME] 9021 info: 0.19s
2026-10-02 08:35:28,300 [DEBUG] yfinance OK: 9021
2026-10-02 08:35:28,472 [DEBUG] [TIME] 9021 income_stmt: 0.17s
2026-10-02 08:35:28,692 [DEBUG] [TIME] 9021 balance_sheet: 0.22s
2026-10-02 08:35:28,845 [DEBUG] [TIME] 9021 cashflow: 0.15s
2026-10-02 08:35:29,338 [DEBUG] [TIME] 9021 dividends: 0.49s
2026-10-02 08:35:29,339 [INFO] [DETAIL] 9021 西日本旅客鉄道: income_stmt=OK, balance_sheet=OK, cashflow=OK, dividends=OK
2026-10-02 08:35:29,339 [INFO] [TIME] 9021 西日本旅客鉄道 処理時間: 1.23s
2026-10-02 08:35:31,234 [DEBUG] [TIME] 9022 info: 0.19s
2026-10-02 08:35:31,234 [DEBUG] yfinance OK: 9022
2026-10-02 08:35:31,431 [DEBUG] [TIME] 9022 income_stmt: 0.20s
2026-10-02 08:35:31,852 [DEBUG] [TIME] 9022 balance_sheet: 0.42s
2026-10-02 08:35:32,006 [DEBUG] [TIME] 9022 cashflow: 0.15s
2026-10-02 08:35:32,341 [DEBUG] [TIME] 9022 dividends: 0.33s
2026-10-02 08:35:32,342 [INFO] [DETAIL] 9022 東海旅客鉄道: income_stmt=OK, balance_sheet=OK, cashflow=OK, dividends=OK
2026-10-02 08:35:32,342 [INFO] [TIME] 9022 東海旅客鉄道 処理時間: 1.29s
2026-10-02 08:35:34,460 [DEBUG] [TIME] 9023 info: 0.19s
2026-10-02 08:35:34,460 [DEBUG] yfinance OK: 9023
2026-10-02 08:35:34,677 [DEBUG] [TIME] 9023 income_stmt: 0.22s
2026-10-02 08:35:34,906 [DEBUG] [TIME] 9023 balance_sheet: 0.23s
2026-10-02 08:35:35,181 [DEBUG] [TIME] 9023 cashflow: 0.27s
2026-10-02 08:35:35,370 [DEBUG] [TIME] 9023 dividends: 0.19s
2026-10-02 08:35:35,371 [INFO] [DETAIL] 9023 東京地下鉄: income_stmt=OK, balance_sheet=OK, cashflow=OK, dividends=OK
2026-10-02 08:35:35,371 [INFO] [TIME] 9023 東京地下鉄 処理時間: 1.11s
2026-10-02 08:35:37,480 [DEBUG] [TIME] 9024 info: 0.25s
2026-10-02 08:35:37,480 [DEBUG] yfinance OK: 9024
2026-10-02 08:35:37,654 [DEBUG] [TIME] 9024 income_stmt: 0.17s
2026-10-02 08:35:37,956 [DEBUG] [TIME] 9024 balance_sheet: 0.30s
2026-10-02 08:35:38,213 [DEBUG] [TIME] 9024 cashflow: 0.26s
2026-10-02 08:35:38,474 [DEBUG] [TIME] 9024 dividends: 0.26s
2026-10-02 08:35:38,475 [INFO] [DETAIL] 9024 西武ホールディングス: income_stmt=OK, balance_sheet=OK, cashflow=OK, dividends=OK
2026-10-02 08:35:38,475 [INFO] [TIME] 9024 西武ホールディングス 処理時間: 1.25s
2026-10-02 08:35:39,991 [DEBUG] [TIME] 9025 info: 0.24s
2026-10-02 08:35:39,992 [DEBUG] yfinance OK: 9025
2026-10-02 08:35:40,194 [DEBUG] [TIME] 9025 income_stmt: 0.20s
2026-10-02 08:35:40,527 [DEBUG] [TIME] 9025 balance_sheet: 0.33s
2026-10-02 08:35:40,749 [DEBUG] [TIME] 9025 cashflow: 0.22s
2026-10-02 08:35:41,076 [DEBUG] [TIME] 9025 dividends: 0.33s
2026-10-02 08:35:41,076 [INFO] [DETAIL] 9025 鴻池運輸: income_stmt=OK, balance_sheet=OK, cashflow=OK, dividends=OK
2026-10-02 08:35:41,077 [INFO] [TIME] 9025 鴻池運輸 処理時間: 1.32s
2026-10-02 08:35:42,729 [DEBUG] [TIME] 9028 info: 0.26s
2026-10-02 08:35:42,729 [DEBUG] yfinance OK: 9028
2026-10-02 08:35:42,960 [DEBUG] [TIME] 9028 income_stmt: 0.23s
2026-10-02 08:35:43,265 [DEBUG] [TIME] 9028 balance_sheet: 0.30s
2026-10-02 08:35:43,522 [DEBUG] [TIME] 9028 cashflow: 0.26s
2026-10-02 08:35:43,831 [DEBUG] [TIME] 9028 dividends: 0.31s
2026-10-02 08:35:43,832 [INFO] [DETAIL] 9028 ゼロ: income_stmt=OK, balance_sheet=OK, cashflow=OK, dividends=OK
2026-10-02 08:35:43,832 [INFO] [TIME] 9028 ゼロ 処理時間: 1.36s
2026-10-02 08:35:45,726 [DEBUG] [TIME] 9029 info: 0.19s
2026-10-02 08:35:45,726 [DEBUG] yfinance OK: 9029
2026-10-02 08:35:45,928 [DEBUG] [TIME] 9029 income_stmt: 0.20s
2026-10-02 08:35:46,149 [DEBUG] [TIME] 9029 balance_sheet: 0.22s
2026-10-02 08:35:46,315 [DEBUG] [TIME] 9029 cashflow: 0.17s
2026-10-02 08:35:46,580 [DEBUG] [TIME] 9029 dividends: 0.26s
2026-10-02 08:35:46,581 [INFO] [DETAIL] 9029 ヒガシホールディングス: income_stmt=OK, balance_sheet=OK, cashflow=OK, dividends=OK
2026-10-02 08:35:46,581 [INFO] [TIME] 9029 ヒガシホールディングス 処理時間: 1.04s
2026-10-02 08:35:47,830 [DEBUG] [TIME] 9031 info: 0.19s
2026-10-02 08:35:47,830 [DEBUG] yfinance OK: 9031
2026-10-02 08:35:48,004 [DEBUG] [TIME] 9031 income_stmt: 0.17s
2026-10-02 08:35:48,194 [DEBUG] [TIME] 9031 balance_sheet: 0.19s
2026-10-02 08:35:48,338 [DEBUG] [TIME] 9031 cashflow: 0.14s
2026-10-02 08:35:48,710 [DEBUG] [TIME] 9031 dividends: 0.37s
2026-10-02 08:35:48,711 [INFO] [DETAIL] 9031 西日本鉄道: income_stmt=OK, balance_sheet=OK, cashflow=OK, dividends=OK
2026-10-02 08:35:48,711 [INFO] [TIME] 9031 西日本鉄道 処理時間: 1.07s
2026-10-02 08:35:50,435 [DEBUG] [TIME] 9033 info: 0.19s
2026-10-02 08:35:50,435 [DEBUG] yfinance OK: 9033
2026-10-02 08:35:50,664 [DEBUG] [TIME] 9033 income_stmt: 0.23s
2026-10-02 08:35:50,918 [DEBUG] [TIME] 9033 balance_sheet: 0.25s
2026-10-02 08:35:51,189 [DEBUG] [TIME] 9033 cashflow: 0.27s
2026-10-02 08:35:51,638 [DEBUG] [TIME] 9033 dividends: 0.45s
2026-10-02 08:35:51,639 [INFO] [DETAIL] 9033 広島電鉄: income_stmt=OK, balance_sheet=OK, cashflow=OK, dividends=OK
2026-10-02 08:35:51,639 [INFO] [TIME] 9033 広島電鉄 処理時間: 1.39s
2026-10-02 08:35:53,058 [DEBUG] [TIME] 9034 info: 0.19s
2026-10-02 08:35:53,058 [DEBUG] yfinance OK: 9034
2026-10-02 08:35:53,207 [DEBUG] [TIME] 9034 income_stmt: 0.15s
2026-10-02 08:35:53,371 [DEBUG] [TIME] 9034 balance_sheet: 0.16s
2026-10-02 08:35:53,505 [DEBUG] [TIME] 9034 cashflow: 0.13s
2026-10-02 08:35:53,886 [DEBUG] [TIME] 9034 dividends: 0.38s
2026-10-02 08:35:53,887 [INFO] [DETAIL] 9034 南総通運: income_stmt=OK, balance_sheet=OK, cashflow=OK, dividends=OK
2026-10-02 08:35:53,887 [INFO] [TIME] 9034 南総通運 処理時間: 1.02s
2026-10-02 08:35:55,301 [DEBUG] [TIME] 9036 info: 0.22s
2026-10-02 08:35:55,301 [DEBUG] yfinance OK: 9036
2026-10-02 08:35:55,519 [DEBUG] [TIME] 9036 income_stmt: 0.22s
2026-10-02 08:35:55,815 [DEBUG] [TIME] 9036 balance_sheet: 0.30s
2026-10-02 08:35:56,071 [DEBUG] [TIME] 9036 cashflow: 0.26s
2026-10-02 08:35:56,455 [DEBUG] [TIME] 9036 dividends: 0.38s
2026-10-02 08:35:56,455 [INFO] [DETAIL] 9036 東部ネットワーク: income_stmt=OK, balance_sheet=OK, cashflow=OK, dividends=OK
2026-10-02 08:35:56,455 [INFO] [TIME] 9036 東部ネットワーク 処理時間: 1.38s
2026-10-02 08:35:58,540 [DEBUG] [TIME] 9037 info: 0.20s
2026-10-02 08:35:58,540 [DEBUG] yfinance OK: 9037
2026-10-02 08:35:58,709 [DEBUG] [TIME] 9037 income_stmt: 0.17s
2026-10-02 08:35:58,916 [DEBUG] [TIME] 9037 balance_sheet: 0.21s
2026-10-02 08:35:59,102 [DEBUG] [TIME] 9037 cashflow: 0.19s
2026-10-02 08:35:59,436 [DEBUG] [TIME] 9037 dividends: 0.33s
2026-10-02 08:35:59,437 [INFO] [DETAIL] 9037 ハマキョウレックス: income_stmt=OK, balance_sheet=OK, cashflow=OK, dividends=OK
2026-10-02 08:35:59,437 [INFO] [TIME] 9037 ハマキョウレックス 処理時間: 1.10s
2026-10-02 08:36:01,645 [DEBUG] [TIME] 9039 info: 0.47s
2026-10-02 08:36:01,645 [DEBUG] yfinance OK: 9039
2026-10-02 08:36:01,817 [DEBUG] [TIME] 9039 income_stmt: 0.17s
2026-10-02 08:36:02,015 [DEBUG] [TIME] 9039 balance_sheet: 0.20s
2026-10-02 08:36:02,162 [DEBUG] [TIME] 9039 cashflow: 0.15s
2026-10-02 08:36:02,513 [DEBUG] [TIME] 9039 dividends: 0.35s
2026-10-02 08:36:02,514 [INFO] [DETAIL] 9039 サカイ引越センター: income_stmt=OK, balance_sheet=OK, cashflow=OK, dividends=OK
2026-10-02 08:36:02,514 [INFO] [TIME] 9039 サカイ引越センター 処理時間: 1.34s
2026-10-02 08:36:04,292 [DEBUG] [TIME] 9041 info: 0.20s
2026-10-02 08:36:04,292 [DEBUG] yfinance OK: 9041
2026-10-02 08:36:04,554 [DEBUG] [TIME] 9041 income_stmt: 0.26s
2026-10-02 08:36:04,851 [DEBUG] [TIME] 9041 balance_sheet: 0.30s
2026-10-02 08:36:05,135 [DEBUG] [TIME] 9041 cashflow: 0.28s
2026-10-02 08:36:05,482 [DEBUG] [TIME] 9041 dividends: 0.35s
2026-10-02 08:36:05,483 [INFO] [DETAIL] 9041 近鉄グループホールディングス: income_stmt=OK, balance_sheet=OK, cashflow=OK, dividends=OK
2026-10-02 08:36:05,483 [INFO] [TIME] 9041 近鉄グループホールディングス 処理時間: 1.39s
2026-10-02 08:36:07,006 [DEBUG] [TIME] 9042 info: 0.20s
2026-10-02 08:36:07,006 [DEBUG] yfinance OK: 9042
2026-10-02 08:36:07,194 [DEBUG] [TIME] 9042 income_stmt: 0.19s
2026-10-02 08:36:07,459 [DEBUG] [TIME] 9042 balance_sheet: 0.26s
2026-10-02 08:36:07,621 [DEBUG] [TIME] 9042 cashflow: 0.16s
2026-10-02 08:36:08,098 [DEBUG] [TIME] 9042 dividends: 0.48s
2026-10-02 08:36:08,098 [INFO] [DETAIL] 9042 阪急阪神ホールディングス: income_stmt=OK, balance_sheet=OK, cashflow=OK, dividends=OK
2026-10-02 08:36:08,098 [INFO] [TIME] 9042 阪急阪神ホールディングス 処理時間: 1.29s
2026-10-02 08:36:09,807 [DEBUG] [TIME] 9044 info: 0.21s
2026-10-02 08:36:09,808 [DEBUG] yfinance OK: 9044
2026-10-02 08:36:10,004 [DEBUG] [TIME] 9044 income_stmt: 0.20s
2026-10-02 08:36:10,163 [DEBUG] [TIME] 9044 balance_sheet: 0.16s
2026-10-02 08:36:10,315 [DEBUG] [TIME] 9044 cashflow: 0.15s
2026-10-02 08:36:10,745 [DEBUG] [TIME] 9044 dividends: 0.43s
2026-10-02 08:36:10,746 [INFO] [DETAIL] 9044 ＮＡＮＫＡＩ: income_stmt=OK, balance_sheet=OK, cashflow=OK, dividends=OK
2026-10-02 08:36:10,746 [INFO] [TIME] 9044 ＮＡＮＫＡＩ 処理時間: 1.15s
2026-10-02 08:36:12,361 [DEBUG] [TIME] 9045 info: 0.18s
2026-10-02 08:36:12,361 [DEBUG] yfinance OK: 9045
2026-10-02 08:36:12,550 [DEBUG] [TIME] 9045 income_stmt: 0.19s
2026-10-02 08:36:12,772 [DEBUG] [TIME] 9045 balance_sheet: 0.22s
2026-10-02 08:36:12,969 [DEBUG] [TIME] 9045 cashflow: 0.20s
2026-10-02 08:36:13,334 [DEBUG] [TIME] 9045 dividends: 0.36s
2026-10-02 08:36:13,335 [INFO] [DETAIL] 9045 京阪ホールディングス: income_stmt=OK, balance_sheet=OK, cashflow=OK, dividends=OK
2026-10-02 08:36:13,335 [INFO] [TIME] 9045 京阪ホールディングス 処理時間: 1.16s
2026-10-02 08:36:14,712 [DEBUG] [TIME] 9046 info: 0.19s
2026-10-02 08:36:14,712 [DEBUG] yfinance OK: 9046
2026-10-02 08:36:14,955 [DEBUG] [TIME] 9046 income_stmt: 0.24s
2026-10-02 08:36:15,141 [DEBUG] [TIME] 9046 balance_sheet: 0.19s
2026-10-02 08:36:15,428 [DEBUG] [TIME] 9046 cashflow: 0.29s
2026-10-02 08:36:15,730 [DEBUG] [TIME] 9046 dividends: 0.30s
2026-10-02 08:36:15,730 [INFO] [DETAIL] 9046 神戸電鉄: income_stmt=OK, balance_sheet=OK, cashflow=OK, dividends=OK
2026-10-02 08:36:15,731 [INFO] [TIME] 9046 神戸電鉄 処理時間: 1.21s
2026-10-02 08:36:17,172 [DEBUG] [TIME] 9048 info: 0.19s
2026-10-02 08:36:17,172 [DEBUG] yfinance OK: 9048
2026-10-02 08:36:17,442 [DEBUG] [TIME] 9048 income_stmt: 0.27s
2026-10-02 08:36:17,654 [DEBUG] [TIME] 9048 balance_sheet: 0.21s
2026-10-02 08:36:17,913 [DEBUG] [TIME] 9048 cashflow: 0.26s
2026-10-02 08:36:18,286 [DEBUG] [TIME] 9048 dividends: 0.37s
2026-10-02 08:36:18,286 [INFO] [DETAIL] 9048 名古屋鉄道: income_stmt=OK, balance_sheet=OK, cashflow=OK, dividends=OK
2026-10-02 08:36:18,286 [INFO] [TIME] 9048 名古屋鉄道 処理時間: 1.30s
2026-10-02 08:36:20,208 [DEBUG] [TIME] 9049 info: 0.19s
2026-10-02 08:36:20,208 [DEBUG] yfinance OK: 9049
2026-10-02 08:36:20,446 [DEBUG] [TIME] 9049 income_stmt: 0.24s
2026-10-02 08:36:20,646 [DEBUG] [TIME] 9049 balance_sheet: 0.20s
2026-10-02 08:36:20,811 [DEBUG] [TIME] 9049 cashflow: 0.16s
2026-10-02 08:36:21,191 [DEBUG] [TIME] 9049 dividends: 0.38s
2026-10-02 08:36:21,192 [INFO] [DETAIL] 9049 京福電気鉄道: income_stmt=OK, balance_sheet=OK, cashflow=OK, dividends=OK
2026-10-02 08:36:21,192 [INFO] [TIME] 9049 京福電気鉄道 処理時間: 1.17s
2026-10-02 08:36:22,462 [DEBUG] [TIME] 9051 info: 0.19s
2026-10-02 08:36:22,462 [DEBUG] yfinance OK: 9051
2026-10-02 08:36:22,638 [DEBUG] [TIME] 9051 income_stmt: 0.18s
2026-10-02 08:36:22,858 [DEBUG] [TIME] 9051 balance_sheet: 0.22s
2026-10-02 08:36:23,045 [DEBUG] [TIME] 9051 cashflow: 0.19s
2026-10-02 08:36:23,362 [DEBUG] [TIME] 9051 dividends: 0.32s
2026-10-02 08:36:23,363 [INFO] [DETAIL] 9051 センコン物流: income_stmt=OK, balance_sheet=OK, cashflow=OK, dividends=OK
2026-10-02 08:36:23,363 [INFO] [TIME] 9051 センコン物流 処理時間: 1.09s
2026-10-02 08:36:24,944 [DEBUG] [TIME] 9052 info: 0.22s
2026-10-02 08:36:24,944 [DEBUG] yfinance OK: 9052
2026-10-02 08:36:25,128 [DEBUG] [TIME] 9052 income_stmt: 0.18s
2026-10-02 08:36:25,492 [DEBUG] [TIME] 9052 balance_sheet: 0.36s
2026-10-02 08:36:25,671 [DEBUG] [TIME] 9052 cashflow: 0.18s
2026-10-02 08:36:26,015 [DEBUG] [TIME] 9052 dividends: 0.34s
2026-10-02 08:36:26,016 [INFO] [DETAIL] 9052 山陽電気鉄道: income_stmt=OK, balance_sheet=OK, cashflow=OK, dividends=OK
2026-10-02 08:36:26,016 [INFO] [TIME] 9052 山陽電気鉄道 処理時間: 1.30s
2026-10-02 08:36:27,366 [DEBUG] [TIME] 9057 info: 0.22s
2026-10-02 08:36:27,366 [DEBUG] yfinance OK: 9057
2026-10-02 08:36:27,581 [DEBUG] [TIME] 9057 income_stmt: 0.21s
2026-10-02 08:36:27,908 [DEBUG] [TIME] 9057 balance_sheet: 0.33s
2026-10-02 08:36:28,195 [DEBUG] [TIME] 9057 cashflow: 0.29s
2026-10-02 08:36:28,592 [DEBUG] [TIME] 9057 dividends: 0.40s
2026-10-02 08:36:28,593 [INFO] [DETAIL] 9057 遠州トラック: income_stmt=OK, balance_sheet=OK, cashflow=OK, dividends=OK
2026-10-02 08:36:28,593 [INFO] [TIME] 9057 遠州トラック 処理時間: 1.45s
2026-10-02 08:36:30,676 [DEBUG] [TIME] 9059 info: 0.23s
2026-10-02 08:36:30,676 [DEBUG] yfinance OK: 9059
2026-10-02 08:36:30,996 [DEBUG] [TIME] 9059 income_stmt: 0.32s
2026-10-02 08:36:31,303 [DEBUG] [TIME] 9059 balance_sheet: 0.31s
2026-10-02 08:36:31,514 [DEBUG] [TIME] 9059 cashflow: 0.21s
2026-10-02 08:36:31,821 [DEBUG] [TIME] 9059 dividends: 0.31s
2026-10-02 08:36:31,822 [INFO] [DETAIL] 9059 カンダホールディングス: income_stmt=OK, balance_sheet=OK, cashflow=OK, dividends=OK
2026-10-02 08:36:31,822 [INFO] [TIME] 9059 カンダホールディングス 処理時間: 1.38s
2026-10-02 08:36:33,632 [DEBUG] [TIME] 9060 info: 0.21s
2026-10-02 08:36:33,632 [DEBUG] yfinance OK: 9060
2026-10-02 08:36:33,772 [DEBUG] [TIME] 9060 income_stmt: 0.14s
2026-10-02 08:36:33,910 [DEBUG] [TIME] 9060 balance_sheet: 0.14s
2026-10-02 08:36:34,198 [DEBUG] [TIME] 9060 cashflow: 0.29s
2026-10-02 08:36:34,645 [DEBUG] [TIME] 9060 dividends: 0.45s
2026-10-02 08:36:34,645 [INFO] [DETAIL] 9060 日本ロジテム: income_stmt=OK, balance_sheet=OK, cashflow=OK, dividends=OK
2026-10-02 08:36:34,645 [INFO] [TIME] 9060 日本ロジテム 処理時間: 1.23s
2026-10-02 08:36:36,319 [DEBUG] [TIME] 9063 info: 0.19s
2026-10-02 08:36:36,319 [DEBUG] yfinance OK: 9063
2026-10-02 08:36:36,459 [DEBUG] [TIME] 9063 income_stmt: 0.14s
2026-10-02 08:36:36,787 [DEBUG] [TIME] 9063 balance_sheet: 0.33s
2026-10-02 08:36:37,074 [DEBUG] [TIME] 9063 cashflow: 0.29s
2026-10-02 08:36:37,555 [DEBUG] [TIME] 9063 dividends: 0.48s
2026-10-02 08:36:37,556 [INFO] [DETAIL] 9063 岡山県貨物運送: income_stmt=OK, balance_sheet=OK, cashflow=OK, dividends=OK
2026-10-02 08:36:37,556 [INFO] [TIME] 9063 岡山県貨物運送 処理時間: 1.43s
2026-10-02 08:36:39,330 [DEBUG] [TIME] 9064 info: 0.19s
2026-10-02 08:36:39,330 [DEBUG] yfinance OK: 9064
2026-10-02 08:36:39,664 [DEBUG] [TIME] 9064 income_stmt: 0.33s
2026-10-02 08:36:39,966 [DEBUG] [TIME] 9064 balance_sheet: 0.30s
2026-10-02 08:36:40,201 [DEBUG] [TIME] 9064 cashflow: 0.23s
2026-10-02 08:36:40,591 [DEBUG] [TIME] 9064 dividends: 0.39s
2026-10-02 08:36:40,592 [INFO] [DETAIL] 9064 ヤマトホールディングス: income_stmt=OK, balance_sheet=OK, cashflow=OK, dividends=OK
2026-10-02 08:36:40,592 [INFO] [TIME] 9064 ヤマトホールディングス 処理時間: 1.45s
2026-10-02 08:36:42,066 [DEBUG] [TIME] 9065 info: 0.22s
2026-10-02 08:36:42,066 [DEBUG] yfinance OK: 9065
2026-10-02 08:36:42,296 [DEBUG] [TIME] 9065 income_stmt: 0.23s
2026-10-02 08:36:42,594 [DEBUG] [TIME] 9065 balance_sheet: 0.30s
2026-10-02 08:36:42,859 [DEBUG] [TIME] 9065 cashflow: 0.26s
2026-10-02 08:36:43,223 [DEBUG] [TIME] 9065 dividends: 0.36s
2026-10-02 08:36:43,223 [INFO] [DETAIL] 9065 山九: income_stmt=OK, balance_sheet=OK, cashflow=OK, dividends=OK
2026-10-02 08:36:43,224 [INFO] [TIME] 9065 山九 処理時間: 1.37s
2026-10-02 08:36:45,065 [DEBUG] [TIME] 9067 info: 0.36s
2026-10-02 08:36:45,065 [WARNING] yfinance データなし: 9067
2026-10-02 08:36:45,065 [INFO] [TIME] 9067 丸運 処理時間: 0.36s
2026-10-02 08:36:46,426 [DEBUG] [TIME] 9068 info: 0.19s
2026-10-02 08:36:46,426 [DEBUG] yfinance OK: 9068
2026-10-02 08:36:46,594 [DEBUG] [TIME] 9068 income_stmt: 0.17s
2026-10-02 08:36:46,936 [DEBUG] [TIME] 9068 balance_sheet: 0.34s
2026-10-02 08:36:47,196 [DEBUG] [TIME] 9068 cashflow: 0.26s
2026-10-02 08:36:47,593 [DEBUG] [TIME] 9068 dividends: 0.40s
2026-10-02 08:36:47,593 [INFO] [DETAIL] 9068 丸全昭和運輸: income_stmt=OK, balance_sheet=OK, cashflow=OK, dividends=OK
2026-10-02 08:36:47,593 [INFO] [TIME] 9068 丸全昭和運輸 処理時間: 1.36s
2026-10-02 08:36:49,936 [DEBUG] [TIME] 9069 info: 0.43s
2026-10-02 08:36:49,937 [DEBUG] yfinance OK: 9069
2026-10-02 08:36:50,222 [DEBUG] [TIME] 9069 income_stmt: 0.28s
2026-10-02 08:36:50,532 [DEBUG] [TIME] 9069 balance_sheet: 0.31s
2026-10-02 08:36:50,731 [DEBUG] [TIME] 9069 cashflow: 0.20s
2026-10-02 08:36:51,139 [DEBUG] [TIME] 9069 dividends: 0.41s
2026-10-02 08:36:51,140 [INFO] [DETAIL] 9069 センコーグループホールディングス: income_stmt=OK, balance_sheet=OK, cashflow=OK, dividends=OK
2026-10-02 08:36:51,140 [INFO] [TIME] 9069 センコーグループホールディングス 処理時間: 1.63s
2026-10-02 08:36:52,529 [DEBUG] [TIME] 9072 info: 0.21s
2026-10-02 08:36:52,529 [DEBUG] yfinance OK: 9072
2026-10-02 08:36:52,733 [DEBUG] [TIME] 9072 income_stmt: 0.20s
2026-10-02 08:36:52,961 [DEBUG] [TIME] 9072 balance_sheet: 0.23s
2026-10-02 08:36:53,244 [DEBUG] [TIME] 9072 cashflow: 0.28s
2026-10-02 08:36:53,700 [DEBUG] [TIME] 9072 dividends: 0.46s
2026-10-02 08:36:53,701 [INFO] [DETAIL] 9072 ニッコンホールディングス: income_stmt=OK, balance_sheet=OK, cashflow=OK, dividends=OK
2026-10-02 08:36:53,701 [INFO] [TIME] 9072 ニッコンホールディングス 処理時間: 1.38s
2026-10-02 08:36:55,854 [DEBUG] [TIME] 9073 info: 0.20s
2026-10-02 08:36:55,854 [DEBUG] yfinance OK: 9073
2026-10-02 08:36:56,021 [DEBUG] [TIME] 9073 income_stmt: 0.17s
2026-10-02 08:36:56,252 [DEBUG] [TIME] 9073 balance_sheet: 0.23s
2026-10-02 08:36:56,396 [DEBUG] [TIME] 9073 cashflow: 0.14s
2026-10-02 08:36:56,775 [DEBUG] [TIME] 9073 dividends: 0.38s
2026-10-02 08:36:56,776 [INFO] [DETAIL] 9073 京極運輸商事: income_stmt=OK, balance_sheet=OK, cashflow=OK, dividends=OK
2026-10-02 08:36:56,776 [INFO] [TIME] 9073 京極運輸商事 処理時間: 1.12s
2026-10-02 08:36:58,614 [DEBUG] [TIME] 9074 info: 0.19s
2026-10-02 08:36:58,614 [DEBUG] yfinance OK: 9074
2026-10-02 08:36:58,800 [DEBUG] [TIME] 9074 income_stmt: 0.19s
2026-10-02 08:36:58,981 [DEBUG] [TIME] 9074 balance_sheet: 0.18s
2026-10-02 08:36:59,149 [DEBUG] [TIME] 9074 cashflow: 0.17s
2026-10-02 08:36:59,545 [DEBUG] [TIME] 9074 dividends: 0.40s
2026-10-02 08:36:59,546 [INFO] [DETAIL] 9074 日本石油輸送: income_stmt=OK, balance_sheet=OK, cashflow=OK, dividends=OK
2026-10-02 08:36:59,546 [INFO] [TIME] 9074 日本石油輸送 処理時間: 1.12s
2026-10-02 08:37:01,265 [DEBUG] [TIME] 9075 info: 0.19s
2026-10-02 08:37:01,265 [DEBUG] yfinance OK: 9075
2026-10-02 08:37:01,485 [DEBUG] [TIME] 9075 income_stmt: 0.22s
2026-10-02 08:37:01,678 [DEBUG] [TIME] 9075 balance_sheet: 0.19s
2026-10-02 08:37:01,893 [DEBUG] [TIME] 9075 cashflow: 0.22s
2026-10-02 08:37:02,289 [DEBUG] [TIME] 9075 dividends: 0.40s
2026-10-02 08:37:02,290 [INFO] [DETAIL] 9075 福山通運: income_stmt=OK, balance_sheet=OK, cashflow=OK, dividends=OK
2026-10-02 08:37:02,290 [INFO] [TIME] 9075 福山通運 処理時間: 1.22s
2026-10-02 08:37:03,533 [DEBUG] [TIME] 9076 info: 0.19s
2026-10-02 08:37:03,533 [DEBUG] yfinance OK: 9076
2026-10-02 08:37:03,783 [DEBUG] [TIME] 9076 income_stmt: 0.25s
2026-10-02 08:37:04,053 [DEBUG] [TIME] 9076 balance_sheet: 0.27s
2026-10-02 08:37:04,371 [DEBUG] [TIME] 9076 cashflow: 0.32s
2026-10-02 08:37:04,725 [DEBUG] [TIME] 9076 dividends: 0.35s
2026-10-02 08:37:04,726 [INFO] [DETAIL] 9076 セイノーホールディングス: income_stmt=OK, balance_sheet=OK, cashflow=OK, dividends=OK
2026-10-02 08:37:04,726 [INFO] [TIME] 9076 セイノーホールディングス 処理時間: 1.39s
2026-10-02 08:37:06,538 [DEBUG] [TIME] 9081 info: 0.20s
2026-10-02 08:37:06,538 [DEBUG] yfinance OK: 9081
2026-10-02 08:37:06,843 [DEBUG] [TIME] 9081 income_stmt: 0.30s
2026-10-02 08:37:07,135 [DEBUG] [TIME] 9081 balance_sheet: 0.29s
2026-10-02 08:37:07,365 [DEBUG] [TIME] 9081 cashflow: 0.23s
2026-10-02 08:37:07,732 [DEBUG] [TIME] 9081 dividends: 0.37s
2026-10-02 08:37:07,733 [INFO] [DETAIL] 9081 神奈川中央交通: income_stmt=OK, balance_sheet=OK, cashflow=OK, dividends=OK
2026-10-02 08:37:07,733 [INFO] [TIME] 9081 神奈川中央交通 処理時間: 1.40s
2026-10-02 08:37:09,398 [DEBUG] [TIME] 9082 info: 0.23s
2026-10-02 08:37:09,398 [DEBUG] yfinance OK: 9082
2026-10-02 08:37:09,609 [DEBUG] [TIME] 9082 income_stmt: 0.21s
2026-10-02 08:37:09,929 [DEBUG] [TIME] 9082 balance_sheet: 0.32s
2026-10-02 08:37:10,273 [DEBUG] [TIME] 9082 cashflow: 0.34s
2026-10-02 08:37:10,645 [DEBUG] [TIME] 9082 dividends: 0.37s
2026-10-02 08:37:10,645 [INFO] [DETAIL] 9082 大和自動車交通: income_stmt=OK, balance_sheet=OK, cashflow=OK, dividends=OK
2026-10-02 08:37:10,646 [INFO] [TIME] 9082 大和自動車交通 処理時間: 1.48s
2026-10-02 08:37:12,785 [DEBUG] [TIME] 9083 info: 0.19s
2026-10-02 08:37:12,785 [DEBUG] yfinance OK: 9083
2026-10-02 08:37:12,974 [DEBUG] [TIME] 9083 income_stmt: 0.19s
2026-10-02 08:37:13,297 [DEBUG] [TIME] 9083 balance_sheet: 0.32s
2026-10-02 08:37:13,504 [DEBUG] [TIME] 9083 cashflow: 0.21s
2026-10-02 08:37:13,876 [DEBUG] [TIME] 9083 dividends: 0.37s
2026-10-02 08:37:13,877 [INFO] [DETAIL] 9083 神姫バス: income_stmt=OK, balance_sheet=OK, cashflow=OK, dividends=OK
2026-10-02 08:37:13,877 [INFO] [TIME] 9083 神姫バス 処理時間: 1.29s
2026-10-02 08:37:15,548 [DEBUG] [TIME] 9087 info: 0.21s
2026-10-02 08:37:15,548 [DEBUG] yfinance OK: 9087
2026-10-02 08:37:15,822 [DEBUG] [TIME] 9087 income_stmt: 0.27s
2026-10-02 08:37:16,112 [DEBUG] [TIME] 9087 balance_sheet: 0.29s
2026-10-02 08:37:16,398 [DEBUG] [TIME] 9087 cashflow: 0.29s
2026-10-02 08:37:16,846 [DEBUG] [TIME] 9087 dividends: 0.45s
2026-10-02 08:37:16,847 [INFO] [DETAIL] 9087 タカセ: income_stmt=OK, balance_sheet=OK, cashflow=OK, dividends=OK
2026-10-02 08:37:16,847 [INFO] [TIME] 9087 タカセ 処理時間: 1.51s
2026-10-02 08:37:18,086 [DEBUG] [TIME] 9090 info: 0.20s
2026-10-02 08:37:18,086 [DEBUG] yfinance OK: 9090
2026-10-02 08:37:18,271 [DEBUG] [TIME] 9090 income_stmt: 0.18s
2026-10-02 08:37:18,603 [DEBUG] [TIME] 9090 balance_sheet: 0.33s
2026-10-02 08:37:18,836 [DEBUG] [TIME] 9090 cashflow: 0.23s
2026-10-02 08:37:19,138 [DEBUG] [TIME] 9090 dividends: 0.30s
2026-10-02 08:37:19,139 [INFO] [DETAIL] 9090 ＡＺ－ＣＯＭ丸和ホールディングス: income_stmt=OK, balance_sheet=OK, cashflow=OK, dividends=OK
2026-10-02 08:37:19,139 [INFO] [TIME] 9090 ＡＺ－ＣＯＭ丸和ホールディングス 処理時間: 1.26s
2026-10-02 08:37:20,505 [DEBUG] [TIME] 9101 info: 0.21s
2026-10-02 08:37:20,505 [DEBUG] yfinance OK: 9101
2026-10-02 08:37:20,729 [DEBUG] [TIME] 9101 income_stmt: 0.22s
2026-10-02 08:37:20,915 [DEBUG] [TIME] 9101 balance_sheet: 0.19s
2026-10-02 08:37:21,080 [DEBUG] [TIME] 9101 cashflow: 0.16s
2026-10-02 08:37:21,439 [DEBUG] [TIME] 9101 dividends: 0.36s
2026-10-02 08:37:21,440 [INFO] [DETAIL] 9101 日本郵船: income_stmt=OK, balance_sheet=OK, cashflow=OK, dividends=OK
2026-10-02 08:37:21,440 [INFO] [TIME] 9101 日本郵船 処理時間: 1.14s
2026-10-02 08:37:22,673 [DEBUG] [TIME] 9104 info: 0.21s
2026-10-02 08:37:22,673 [DEBUG] yfinance OK: 9104
2026-10-02 08:37:22,863 [DEBUG] [TIME] 9104 income_stmt: 0.19s
2026-10-02 08:37:23,126 [DEBUG] [TIME] 9104 balance_sheet: 0.26s
2026-10-02 08:37:23,297 [DEBUG] [TIME] 9104 cashflow: 0.17s
2026-10-02 08:37:23,736 [DEBUG] [TIME] 9104 dividends: 0.44s
2026-10-02 08:37:23,737 [INFO] [DETAIL] 9104 商船三井: income_stmt=OK, balance_sheet=OK, cashflow=OK, dividends=OK
2026-10-02 08:37:23,737 [INFO] [TIME] 9104 商船三井 処理時間: 1.27s
2026-10-02 08:37:25,763 [DEBUG] [TIME] 9107 info: 0.21s
2026-10-02 08:37:25,763 [DEBUG] yfinance OK: 9107
2026-10-02 08:37:25,947 [DEBUG] [TIME] 9107 income_stmt: 0.18s
2026-10-02 08:37:26,281 [DEBUG] [TIME] 9107 balance_sheet: 0.33s
2026-10-02 08:37:26,593 [DEBUG] [TIME] 9107 cashflow: 0.31s
2026-10-02 08:37:26,994 [DEBUG] [TIME] 9107 dividends: 0.40s
2026-10-02 08:37:26,995 [INFO] [DETAIL] 9107 川崎汽船: income_stmt=OK, balance_sheet=OK, cashflow=OK, dividends=OK
2026-10-02 08:37:26,995 [INFO] [TIME] 9107 川崎汽船 処理時間: 1.44s
2026-10-02 08:37:29,240 [DEBUG] [TIME] 9110 info: 0.26s
2026-10-02 08:37:29,240 [DEBUG] yfinance OK: 9110
2026-10-02 08:37:29,462 [DEBUG] [TIME] 9110 income_stmt: 0.22s
2026-10-02 08:37:29,686 [DEBUG] [TIME] 9110 balance_sheet: 0.22s
2026-10-02 08:37:29,824 [DEBUG] [TIME] 9110 cashflow: 0.14s
2026-10-02 08:37:30,310 [DEBUG] [TIME] 9110 dividends: 0.49s
2026-10-02 08:37:30,310 [INFO] [DETAIL] 9110 ＮＳユナイテッド海運: income_stmt=OK, balance_sheet=OK, cashflow=OK, dividends=OK
2026-10-02 08:37:30,310 [INFO] [TIME] 9110 ＮＳユナイテッド海運 処理時間: 1.33s
2026-10-02 08:37:31,747 [DEBUG] [TIME] 9115 info: 0.19s
2026-10-02 08:37:31,747 [DEBUG] yfinance OK: 9115
2026-10-02 08:37:31,917 [DEBUG] [TIME] 9115 income_stmt: 0.17s
2026-10-02 08:37:32,140 [DEBUG] [TIME] 9115 balance_sheet: 0.22s
2026-10-02 08:37:32,285 [DEBUG] [TIME] 9115 cashflow: 0.14s
2026-10-02 08:37:32,595 [DEBUG] [TIME] 9115 dividends: 0.31s
2026-10-02 08:37:32,595 [INFO] [DETAIL] 9115 明海グループ: income_stmt=OK, balance_sheet=OK, cashflow=OK, dividends=OK
2026-10-02 08:37:32,595 [INFO] [TIME] 9115 明海グループ 処理時間: 1.04s
2026-10-02 08:37:34,468 [DEBUG] [TIME] 9119 info: 0.21s
2026-10-02 08:37:34,468 [DEBUG] yfinance OK: 9119
2026-10-02 08:37:34,724 [DEBUG] [TIME] 9119 income_stmt: 0.26s
2026-10-02 08:37:35,115 [DEBUG] [TIME] 9119 balance_sheet: 0.39s
2026-10-02 08:37:35,258 [DEBUG] [TIME] 9119 cashflow: 0.14s
2026-10-02 08:37:35,719 [DEBUG] [TIME] 9119 dividends: 0.46s
2026-10-02 08:37:35,720 [INFO] [DETAIL] 9119 飯野海運: income_stmt=OK, balance_sheet=OK, cashflow=OK, dividends=OK
2026-10-02 08:37:35,720 [INFO] [TIME] 9119 飯野海運 処理時間: 1.46s
2026-10-02 08:37:37,349 [DEBUG] [TIME] 9127 info: 0.20s
2026-10-02 08:37:37,350 [DEBUG] yfinance OK: 9127
2026-10-02 08:37:37,596 [DEBUG] [TIME] 9127 income_stmt: 0.25s
2026-10-02 08:37:37,838 [DEBUG] [TIME] 9127 balance_sheet: 0.24s
2026-10-02 08:37:38,129 [DEBUG] [TIME] 9127 cashflow: 0.29s
2026-10-02 08:37:38,584 [DEBUG] [TIME] 9127 dividends: 0.46s
2026-10-02 08:37:38,585 [INFO] [DETAIL] 9127 玉井商船: income_stmt=OK, balance_sheet=OK, cashflow=OK, dividends=OK
2026-10-02 08:37:38,585 [INFO] [TIME] 9127 玉井商船 処理時間: 1.44s
2026-10-02 08:37:40,613 [DEBUG] [TIME] 9130 info: 0.19s
2026-10-02 08:37:40,613 [DEBUG] yfinance OK: 9130
2026-10-02 08:37:40,763 [DEBUG] [TIME] 9130 income_stmt: 0.15s
2026-10-02 08:37:40,970 [DEBUG] [TIME] 9130 balance_sheet: 0.21s
2026-10-02 08:37:41,150 [DEBUG] [TIME] 9130 cashflow: 0.18s
2026-10-02 08:37:41,500 [DEBUG] [TIME] 9130 dividends: 0.35s
2026-10-02 08:37:41,501 [INFO] [DETAIL] 9130 共栄タンカー: income_stmt=OK, balance_sheet=OK, cashflow=OK, dividends=OK
2026-10-02 08:37:41,501 [INFO] [TIME] 9130 共栄タンカー 処理時間: 1.08s
2026-10-02 08:37:42,737 [DEBUG] [TIME] 9142 info: 0.20s
2026-10-02 08:37:42,737 [DEBUG] yfinance OK: 9142
2026-10-02 08:37:42,932 [DEBUG] [TIME] 9142 income_stmt: 0.19s
2026-10-02 08:37:43,174 [DEBUG] [TIME] 9142 balance_sheet: 0.24s
2026-10-02 08:37:43,437 [DEBUG] [TIME] 9142 cashflow: 0.26s
2026-10-02 08:37:43,684 [DEBUG] [TIME] 9142 dividends: 0.25s
2026-10-02 08:37:43,684 [INFO] [DETAIL] 9142 九州旅客鉄道: income_stmt=OK, balance_sheet=OK, cashflow=OK, dividends=OK
2026-10-02 08:37:43,684 [INFO] [TIME] 9142 九州旅客鉄道 処理時間: 1.15s
2026-10-02 08:37:45,141 [DEBUG] [TIME] 9143 info: 0.22s
2026-10-02 08:37:45,141 [DEBUG] yfinance OK: 9143
2026-10-02 08:37:45,310 [DEBUG] [TIME] 9143 income_stmt: 0.17s
2026-10-02 08:37:45,472 [DEBUG] [TIME] 9143 balance_sheet: 0.16s
2026-10-02 08:37:45,652 [DEBUG] [TIME] 9143 cashflow: 0.18s
2026-10-02 08:37:45,862 [DEBUG] [TIME] 9143 dividends: 0.21s
2026-10-02 08:37:45,863 [INFO] [DETAIL] 9143 ＳＧホールディングス: income_stmt=OK, balance_sheet=OK, cashflow=OK, dividends=OK
2026-10-02 08:37:45,863 [INFO] [TIME] 9143 ＳＧホールディングス 処理時間: 0.95s
2026-10-02 08:37:47,332 [DEBUG] [TIME] 9145 info: 0.25s
2026-10-02 08:37:47,332 [DEBUG] yfinance OK: 9145
2026-10-02 08:37:47,536 [DEBUG] [TIME] 9145 income_stmt: 0.20s
2026-10-02 08:37:47,768 [DEBUG] [TIME] 9145 balance_sheet: 0.23s
2026-10-02 08:37:47,952 [DEBUG] [TIME] 9145 cashflow: 0.18s
2026-10-02 08:37:48,184 [DEBUG] [TIME] 9145 dividends: 0.23s
2026-10-02 08:37:48,184 [INFO] [DETAIL] 9145 ビーイングホールディングス: income_stmt=OK, balance_sheet=OK, cashflow=OK, dividends=OK
2026-10-02 08:37:48,185 [INFO] [TIME] 9145 ビーイングホールディングス 処理時間: 1.10s
2026-10-02 08:37:49,947 [DEBUG] [TIME] 9147 info: 0.20s
2026-10-02 08:37:49,947 [DEBUG] yfinance OK: 9147
2026-10-02 08:37:50,161 [DEBUG] [TIME] 9147 income_stmt: 0.21s
2026-10-02 08:37:50,328 [DEBUG] [TIME] 9147 balance_sheet: 0.17s
2026-10-02 08:37:50,550 [DEBUG] [TIME] 9147 cashflow: 0.22s
2026-10-02 08:37:50,775 [DEBUG] [TIME] 9147 dividends: 0.22s
2026-10-02 08:37:50,776 [INFO] [DETAIL] 9147 ＮＩＰＰＯＮ　ＥＸＰＲＥＳＳホールディングス: income_stmt=OK, balance_sheet=OK, cashflow=OK, dividends=OK
2026-10-02 08:37:50,776 [INFO] [TIME] 9147 ＮＩＰＰＯＮ　ＥＸＰＲＥＳＳホールディングス 処理時間: 1.03s
2026-10-02 08:37:52,519 [DEBUG] [TIME] 9158 info: 0.21s
2026-10-02 08:37:52,519 [DEBUG] yfinance OK: 9158
2026-10-02 08:37:52,737 [DEBUG] [TIME] 9158 income_stmt: 0.22s
2026-10-02 08:37:52,950 [DEBUG] [TIME] 9158 balance_sheet: 0.21s
2026-10-02 08:37:53,223 [DEBUG] [TIME] 9158 cashflow: 0.27s
2026-10-02 08:37:53,409 [DEBUG] [TIME] 9158 dividends: 0.19s
2026-10-02 08:37:53,410 [INFO] [DETAIL] 9158 シーユーシー: income_stmt=OK, balance_sheet=OK, cashflow=OK, dividends=EMPTY
2026-10-02 08:37:53,410 [INFO] [TIME] 9158 シーユーシー 処理時間: 1.10s
2026-10-02 08:37:55,317 [DEBUG] [TIME] 9159 info: 0.19s
2026-10-02 08:37:55,317 [DEBUG] yfinance OK: 9159
2026-10-02 08:37:55,557 [DEBUG] [TIME] 9159 income_stmt: 0.24s
2026-10-02 08:37:55,756 [DEBUG] [TIME] 9159 balance_sheet: 0.20s
2026-10-02 08:37:55,971 [DEBUG] [TIME] 9159 cashflow: 0.22s
2026-10-02 08:37:56,223 [DEBUG] [TIME] 9159 dividends: 0.25s
2026-10-02 08:37:56,223 [INFO] [DETAIL] 9159 Ｗ　ＴＯＫＹＯ: income_stmt=OK, balance_sheet=OK, cashflow=OK, dividends=EMPTY
2026-10-02 08:37:56,223 [INFO] [TIME] 9159 Ｗ　ＴＯＫＹＯ 処理時間: 1.10s
2026-10-02 08:37:57,630 [DEBUG] [TIME] 9160 info: 0.19s
2026-10-02 08:37:57,630 [DEBUG] yfinance OK: 9160
2026-10-02 08:37:57,849 [DEBUG] [TIME] 9160 income_stmt: 0.22s
2026-10-02 08:37:58,117 [DEBUG] [TIME] 9160 balance_sheet: 0.27s
2026-10-02 08:37:58,328 [DEBUG] [TIME] 9160 cashflow: 0.21s
2026-10-02 08:37:58,512 [DEBUG] [TIME] 9160 dividends: 0.18s
2026-10-02 08:37:58,512 [INFO] [DETAIL] 9160 オンザページ: income_stmt=OK, balance_sheet=OK, cashflow=OK, dividends=EMPTY
2026-10-02 08:37:58,512 [INFO] [TIME] 9160 オンザページ 処理時間: 1.07s
2026-10-02 08:38:00,053 [DEBUG] [TIME] 9162 info: 0.20s
2026-10-02 08:38:00,053 [DEBUG] yfinance OK: 9162
2026-10-02 08:38:00,277 [DEBUG] [TIME] 9162 income_stmt: 0.22s
2026-10-02 08:38:00,626 [DEBUG] [TIME] 9162 balance_sheet: 0.35s
2026-10-02 08:38:00,890 [DEBUG] [TIME] 9162 cashflow: 0.26s
2026-10-02 08:38:01,069 [DEBUG] [TIME] 9162 dividends: 0.18s
2026-10-02 08:38:01,069 [INFO] [DETAIL] 9162 ブリーチ: income_stmt=OK, balance_sheet=OK, cashflow=OK, dividends=EMPTY
2026-10-02 08:38:01,069 [INFO] [TIME] 9162 ブリーチ 処理時間: 1.21s
2026-10-02 08:38:02,673 [DEBUG] [TIME] 9163 info: 0.19s
2026-10-02 08:38:02,673 [DEBUG] yfinance OK: 9163
2026-10-02 08:38:02,859 [DEBUG] [TIME] 9163 income_stmt: 0.19s
2026-10-02 08:38:03,177 [DEBUG] [TIME] 9163 balance_sheet: 0.32s
2026-10-02 08:38:03,344 [DEBUG] [TIME] 9163 cashflow: 0.17s
2026-10-02 08:38:03,587 [DEBUG] [TIME] 9163 dividends: 0.24s
2026-10-02 08:38:03,588 [INFO] [DETAIL] 9163 ナレルグループ: income_stmt=OK, balance_sheet=OK, cashflow=OK, dividends=OK
2026-10-02 08:38:03,588 [INFO] [TIME] 9163 ナレルグループ 処理時間: 1.11s
2026-10-02 08:38:05,668 [DEBUG] [TIME] 9165 info: 0.29s
2026-10-02 08:38:05,668 [DEBUG] yfinance OK: 9165
2026-10-02 08:38:05,868 [DEBUG] [TIME] 9165 income_stmt: 0.20s
2026-10-02 08:38:06,162 [DEBUG] [TIME] 9165 balance_sheet: 0.29s
2026-10-02 08:38:06,453 [DEBUG] [TIME] 9165 cashflow: 0.29s
2026-10-02 08:38:06,643 [DEBUG] [TIME] 9165 dividends: 0.19s
2026-10-02 08:38:06,643 [INFO] [DETAIL] 9165 クオルテック: income_stmt=OK, balance_sheet=OK, cashflow=OK, dividends=OK
2026-10-02 08:38:06,643 [INFO] [TIME] 9165 クオルテック 処理時間: 1.26s
2026-10-02 08:38:08,671 [DEBUG] [TIME] 9166 info: 0.20s
2026-10-02 08:38:08,671 [DEBUG] yfinance OK: 9166
2026-10-02 08:38:08,927 [DEBUG] [TIME] 9166 income_stmt: 0.26s
2026-10-02 08:38:09,218 [DEBUG] [TIME] 9166 balance_sheet: 0.29s
2026-10-02 08:38:09,468 [DEBUG] [TIME] 9166 cashflow: 0.25s
2026-10-02 08:38:09,673 [DEBUG] [TIME] 9166 dividends: 0.20s
2026-10-02 08:38:09,674 [INFO] [DETAIL] 9166 ＧＥＮＤＡ: income_stmt=OK, balance_sheet=OK, cashflow=OK, dividends=OK
2026-10-02 08:38:09,674 [INFO] [TIME] 9166 ＧＥＮＤＡ 処理時間: 1.20s
2026-10-02 08:38:11,620 [DEBUG] [TIME] 9168 info: 0.19s
2026-10-02 08:38:11,620 [DEBUG] yfinance OK: 9168
2026-10-02 08:38:11,790 [DEBUG] [TIME] 9168 income_stmt: 0.17s
2026-10-02 08:38:11,995 [DEBUG] [TIME] 9168 balance_sheet: 0.20s
2026-10-02 08:38:12,180 [DEBUG] [TIME] 9168 cashflow: 0.18s
2026-10-02 08:38:12,363 [DEBUG] [TIME] 9168 dividends: 0.18s
2026-10-02 08:38:12,363 [INFO] [DETAIL] 9168 ライズ・コンサルティング・グループ: income_stmt=OK, balance_sheet=OK, cashflow=OK, dividends=OK
2026-10-02 08:38:12,364 [INFO] [TIME] 9168 ライズ・コンサルティング・グループ 処理時間: 0.94s
2026-10-02 08:38:13,781 [DEBUG] [TIME] 9171 info: 0.20s
2026-10-02 08:38:13,781 [DEBUG] yfinance OK: 9171
2026-10-02 08:38:14,008 [DEBUG] [TIME] 9171 income_stmt: 0.23s
2026-10-02 08:38:14,289 [DEBUG] [TIME] 9171 balance_sheet: 0.28s
2026-10-02 08:38:14,573 [DEBUG] [TIME] 9171 cashflow: 0.28s
2026-10-02 08:38:14,899 [DEBUG] [TIME] 9171 dividends: 0.33s
2026-10-02 08:38:14,900 [INFO] [DETAIL] 9171 栗林商船: income_stmt=OK, balance_sheet=OK, cashflow=OK, dividends=OK
2026-10-02 08:38:14,900 [INFO] [TIME] 9171 栗林商船 処理時間: 1.32s
2026-10-02 08:38:16,855 [DEBUG] [TIME] 9173 info: 0.19s
2026-10-02 08:38:16,855 [DEBUG] yfinance OK: 9173
2026-10-02 08:38:17,019 [DEBUG] [TIME] 9173 income_stmt: 0.16s
2026-10-02 08:38:17,201 [DEBUG] [TIME] 9173 balance_sheet: 0.18s
2026-10-02 08:38:17,546 [DEBUG] [TIME] 9173 cashflow: 0.34s
2026-10-02 08:38:17,954 [DEBUG] [TIME] 9173 dividends: 0.41s
2026-10-02 08:38:17,955 [INFO] [DETAIL] 9173 東海汽船: income_stmt=OK, balance_sheet=OK, cashflow=OK, dividends=OK
2026-10-02 08:38:17,955 [INFO] [TIME] 9173 東海汽船 処理時間: 1.29s
2026-10-02 08:38:19,572 [DEBUG] [TIME] 9193 info: 0.20s
2026-10-02 08:38:19,572 [DEBUG] yfinance OK: 9193
2026-10-02 08:38:19,894 [DEBUG] [TIME] 9193 income_stmt: 0.32s
2026-10-02 08:38:20,176 [DEBUG] [TIME] 9193 balance_sheet: 0.28s
2026-10-02 08:38:20,468 [DEBUG] [TIME] 9193 cashflow: 0.29s
2026-10-02 08:38:20,847 [DEBUG] [TIME] 9193 dividends: 0.38s
2026-10-02 08:38:20,848 [INFO] [DETAIL] 9193 東京汽船: income_stmt=OK, balance_sheet=OK, cashflow=OK, dividends=OK
2026-10-02 08:38:20,848 [INFO] [TIME] 9193 東京汽船 処理時間: 1.48s
2026-10-02 08:38:22,745 [DEBUG] [TIME] 9201 info: 0.30s
2026-10-02 08:38:22,745 [DEBUG] yfinance OK: 9201
2026-10-02 08:38:22,949 [DEBUG] [TIME] 9201 income_stmt: 0.20s
2026-10-02 08:38:23,328 [DEBUG] [TIME] 9201 balance_sheet: 0.38s
2026-10-02 08:38:23,533 [DEBUG] [TIME] 9201 cashflow: 0.20s
2026-10-02 08:38:24,009 [DEBUG] [TIME] 9201 dividends: 0.48s
2026-10-02 08:38:24,009 [INFO] [DETAIL] 9201 日本航空: income_stmt=OK, balance_sheet=OK, cashflow=OK, dividends=OK
2026-10-02 08:38:24,009 [INFO] [TIME] 9201 日本航空 処理時間: 1.57s
2026-10-02 08:38:25,566 [DEBUG] [TIME] 9202 info: 0.28s
2026-10-02 08:38:25,566 [DEBUG] yfinance OK: 9202
2026-10-02 08:38:25,840 [DEBUG] [TIME] 9202 income_stmt: 0.27s
2026-10-02 08:38:26,122 [DEBUG] [TIME] 9202 balance_sheet: 0.28s
2026-10-02 08:38:26,422 [DEBUG] [TIME] 9202 cashflow: 0.30s
2026-10-02 08:38:26,934 [DEBUG] [TIME] 9202 dividends: 0.51s
2026-10-02 08:38:26,935 [INFO] [DETAIL] 9202 ＡＮＡホールディングス: income_stmt=OK, balance_sheet=OK, cashflow=OK, dividends=OK
2026-10-02 08:38:26,935 [INFO] [TIME] 9202 ＡＮＡホールディングス 処理時間: 1.65s
2026-10-02 08:38:28,172 [DEBUG] [TIME] 92025 info: 0.22s
2026-10-02 08:38:28,172 [DEBUG] yfinance OK: 92025
2026-10-02 08:38:28,360 [DEBUG] [TIME] 92025 income_stmt: 0.19s
2026-10-02 08:38:28,648 [DEBUG] [TIME] 92025 balance_sheet: 0.29s
2026-10-02 08:38:28,887 [DEBUG] [TIME] 92025 cashflow: 0.24s
2026-10-02 08:38:29,039 [DEBUG] [TIME] 92025 dividends: 0.15s
2026-10-02 08:38:29,039 [INFO] [DETAIL] 92025 ＡＮＡホールディングス第１回社債型種類株式: income_stmt=EMPTY, balance_sheet=EMPTY, cashflow=EMPTY, dividends=OK
2026-10-02 08:38:29,039 [INFO] [TIME] 92025 ＡＮＡホールディングス第１回社債型種類株式 処理時間: 1.09s
2026-10-02 08:38:30,624 [DEBUG] [TIME] 9204 info: 0.22s
2026-10-02 08:38:30,624 [DEBUG] yfinance OK: 9204
2026-10-02 08:38:30,853 [DEBUG] [TIME] 9204 income_stmt: 0.23s
2026-10-02 08:38:31,176 [DEBUG] [TIME] 9204 balance_sheet: 0.32s
2026-10-02 08:38:31,505 [DEBUG] [TIME] 9204 cashflow: 0.33s
2026-10-02 08:38:32,072 [DEBUG] [TIME] 9204 dividends: 0.57s
2026-10-02 08:38:32,074 [INFO] [DETAIL] 9204 スカイマーク: income_stmt=OK, balance_sheet=OK, cashflow=OK, dividends=OK
2026-10-02 08:38:32,074 [INFO] [TIME] 9204 スカイマーク 処理時間: 1.67s
2026-10-02 08:38:33,591 [DEBUG] [TIME] 9206 info: 0.23s
2026-10-02 08:38:33,591 [DEBUG] yfinance OK: 9206
2026-10-02 08:38:33,893 [DEBUG] [TIME] 9206 income_stmt: 0.30s
2026-10-02 08:38:34,214 [DEBUG] [TIME] 9206 balance_sheet: 0.32s
2026-10-02 08:38:34,368 [DEBUG] [TIME] 9206 cashflow: 0.15s
2026-10-02 08:38:34,669 [DEBUG] [TIME] 9206 dividends: 0.30s
2026-10-02 08:38:34,670 [INFO] [DETAIL] 9206 スターフライヤー: income_stmt=OK, balance_sheet=OK, cashflow=OK, dividends=OK
2026-10-02 08:38:34,670 [INFO] [TIME] 9206 スターフライヤー 処理時間: 1.31s
2026-10-02 08:38:36,119 [DEBUG] [TIME] 9211 info: 0.21s
2026-10-02 08:38:36,120 [DEBUG] yfinance OK: 9211
2026-10-02 08:38:36,428 [DEBUG] [TIME] 9211 income_stmt: 0.31s
2026-10-02 08:38:36,776 [DEBUG] [TIME] 9211 balance_sheet: 0.35s
2026-10-02 08:38:36,964 [DEBUG] [TIME] 9211 cashflow: 0.19s
2026-10-02 08:38:37,157 [DEBUG] [TIME] 9211 dividends: 0.19s
2026-10-02 08:38:37,157 [INFO] [DETAIL] 9211 エフ・コード: income_stmt=OK, balance_sheet=OK, cashflow=OK, dividends=EMPTY
2026-10-02 08:38:37,158 [INFO] [TIME] 9211 エフ・コード 処理時間: 1.24s
2026-10-02 08:38:38,615 [DEBUG] [TIME] 9212 info: 0.22s
2026-10-02 08:38:38,615 [DEBUG] yfinance OK: 9212
2026-10-02 08:38:38,796 [DEBUG] [TIME] 9212 income_stmt: 0.18s
2026-10-02 08:38:38,983 [DEBUG] [TIME] 9212 balance_sheet: 0.19s
2026-10-02 08:38:39,177 [DEBUG] [TIME] 9212 cashflow: 0.19s
2026-10-02 08:38:39,468 [DEBUG] [TIME] 9212 dividends: 0.29s
2026-10-02 08:38:39,468 [INFO] [DETAIL] 9212 Ｇｒｅｅｎ　Ｅａｒｔｈ　Ｉｎｓｔｉｔｕｔｅ: income_stmt=OK, balance_sheet=OK, cashflow=OK, dividends=EMPTY
2026-10-02 08:38:39,468 [INFO] [TIME] 9212 Ｇｒｅｅｎ　Ｅａｒｔｈ　Ｉｎｓｔｉｔｕｔｅ 処理時間: 1.07s
2026-10-02 08:38:41,520 [DEBUG] [TIME] 9213 info: 0.20s
2026-10-02 08:38:41,520 [DEBUG] yfinance OK: 9213
2026-10-02 08:38:41,694 [DEBUG] [TIME] 9213 income_stmt: 0.17s
2026-10-02 08:38:42,065 [DEBUG] [TIME] 9213 balance_sheet: 0.37s
2026-10-02 08:38:42,248 [DEBUG] [TIME] 9213 cashflow: 0.18s
2026-10-02 08:38:42,535 [DEBUG] [TIME] 9213 dividends: 0.29s
2026-10-02 08:38:42,536 [INFO] [DETAIL] 9213 セイファート: income_stmt=OK, balance_sheet=OK, cashflow=OK, dividends=OK
2026-10-02 08:38:42,536 [INFO] [TIME] 9213 セイファート 処理時間: 1.21s
2026-10-02 08:38:44,086 [DEBUG] [TIME] 9214 info: 0.22s
2026-10-02 08:38:44,086 [DEBUG] yfinance OK: 9214
2026-10-02 08:38:44,324 [DEBUG] [TIME] 9214 income_stmt: 0.24s
2026-10-02 08:38:44,710 [DEBUG] [TIME] 9214 balance_sheet: 0.39s
2026-10-02 08:38:44,937 [DEBUG] [TIME] 9214 cashflow: 0.23s
2026-10-02 08:38:45,133 [DEBUG] [TIME] 9214 dividends: 0.20s
2026-10-02 08:38:45,134 [INFO] [DETAIL] 9214 Ｒｅｃｏｖｅｒｙ　Ｉｎｔｅｒｎａｔｉｏｎａｌ: income_stmt=OK, balance_sheet=OK, cashflow=OK, dividends=EMPTY
2026-10-02 08:38:45,134 [INFO] [TIME] 9214 Ｒｅｃｏｖｅｒｙ　Ｉｎｔｅｒｎａｔｉｏｎａｌ 処理時間: 1.26s
2026-10-02 08:38:47,142 [DEBUG] [TIME] 9215 info: 0.22s
2026-10-02 08:38:47,142 [DEBUG] yfinance OK: 9215
2026-10-02 08:38:47,369 [DEBUG] [TIME] 9215 income_stmt: 0.23s
2026-10-02 08:38:47,645 [DEBUG] [TIME] 9215 balance_sheet: 0.28s
2026-10-02 08:38:47,907 [DEBUG] [TIME] 9215 cashflow: 0.26s
2026-10-02 08:38:48,120 [DEBUG] [TIME] 9215 dividends: 0.21s
2026-10-02 08:38:48,120 [INFO] [DETAIL] 9215 ＣａＳｙ: income_stmt=OK, balance_sheet=OK, cashflow=OK, dividends=EMPTY
2026-10-02 08:38:48,120 [INFO] [TIME] 9215 ＣａＳｙ 処理時間: 1.20s
2026-10-02 08:38:49,645 [DEBUG] [TIME] 9216 info: 0.20s
2026-10-02 08:38:49,645 [DEBUG] yfinance OK: 9216
2026-10-02 08:38:49,862 [DEBUG] [TIME] 9216 income_stmt: 0.22s
2026-10-02 08:38:50,097 [DEBUG] [TIME] 9216 balance_sheet: 0.23s
2026-10-02 08:38:50,310 [DEBUG] [TIME] 9216 cashflow: 0.21s
2026-10-02 08:38:50,504 [DEBUG] [TIME] 9216 dividends: 0.19s
2026-10-02 08:38:50,505 [INFO] [DETAIL] 9216 ビーウィズ: income_stmt=OK, balance_sheet=OK, cashflow=OK, dividends=OK
2026-10-02 08:38:50,505 [INFO] [TIME] 9216 ビーウィズ 処理時間: 1.06s
2026-10-02 08:38:52,206 [DEBUG] [TIME] 9218 info: 0.22s
2026-10-02 08:38:52,207 [DEBUG] yfinance OK: 9218
2026-10-02 08:38:52,388 [DEBUG] [TIME] 9218 income_stmt: 0.18s
2026-10-02 08:38:52,648 [DEBUG] [TIME] 9218 balance_sheet: 0.26s
2026-10-02 08:38:52,803 [DEBUG] [TIME] 9218 cashflow: 0.15s
2026-10-02 08:38:53,104 [DEBUG] [TIME] 9218 dividends: 0.30s
2026-10-02 08:38:53,105 [INFO] [DETAIL] 9218 メンタルヘルステクノロジーズ: income_stmt=OK, balance_sheet=OK, cashflow=OK, dividends=OK
2026-10-02 08:38:53,105 [INFO] [TIME] 9218 メンタルヘルステクノロジーズ 処理時間: 1.12s
2026-10-02 08:38:54,999 [DEBUG] [TIME] 9219 info: 0.21s
2026-10-02 08:38:54,999 [DEBUG] yfinance OK: 9219
2026-10-02 08:38:55,161 [DEBUG] [TIME] 9219 income_stmt: 0.16s
2026-10-02 08:38:55,437 [DEBUG] [TIME] 9219 balance_sheet: 0.28s
2026-10-02 08:38:55,691 [DEBUG] [TIME] 9219 cashflow: 0.25s
2026-10-02 08:38:55,893 [DEBUG] [TIME] 9219 dividends: 0.20s
2026-10-02 08:38:55,894 [INFO] [DETAIL] 9219 ギックス: income_stmt=OK, balance_sheet=OK, cashflow=OK, dividends=OK
2026-10-02 08:38:55,894 [INFO] [TIME] 9219 ギックス 処理時間: 1.11s
2026-10-02 08:38:57,812 [DEBUG] [TIME] 9220 info: 0.27s
2026-10-02 08:38:57,813 [DEBUG] yfinance OK: 9220
2026-10-02 08:38:58,025 [DEBUG] [TIME] 9220 income_stmt: 0.21s
2026-10-02 08:38:58,348 [DEBUG] [TIME] 9220 balance_sheet: 0.32s
2026-10-02 08:38:58,629 [DEBUG] [TIME] 9220 cashflow: 0.28s
2026-10-02 08:38:58,813 [DEBUG] [TIME] 9220 dividends: 0.18s
2026-10-02 08:38:58,814 [INFO] [DETAIL] 9220 エフビー介護サービス: income_stmt=OK, balance_sheet=OK, cashflow=OK, dividends=OK
2026-10-02 08:38:58,814 [INFO] [TIME] 9220 エフビー介護サービス 処理時間: 1.27s
2026-10-02 08:39:00,135 [DEBUG] [TIME] 9221 info: 0.20s
2026-10-02 08:39:00,135 [DEBUG] yfinance OK: 9221
2026-10-02 08:39:00,330 [DEBUG] [TIME] 9221 income_stmt: 0.19s
2026-10-02 08:39:00,514 [DEBUG] [TIME] 9221 balance_sheet: 0.18s
2026-10-02 08:39:00,677 [DEBUG] [TIME] 9221 cashflow: 0.16s
2026-10-02 08:39:00,854 [DEBUG] [TIME] 9221 dividends: 0.18s
2026-10-02 08:39:00,854 [INFO] [DETAIL] 9221 フルハシＥＰＯ: income_stmt=OK, balance_sheet=OK, cashflow=OK, dividends=OK
2026-10-02 08:39:00,854 [INFO] [TIME] 9221 フルハシＥＰＯ 処理時間: 0.92s
2026-10-02 08:39:02,529 [DEBUG] [TIME] 9223 info: 0.26s
2026-10-02 08:39:02,529 [DEBUG] yfinance OK: 9223
2026-10-02 08:39:02,774 [DEBUG] [TIME] 9223 income_stmt: 0.24s
2026-10-02 08:39:02,975 [DEBUG] [TIME] 9223 balance_sheet: 0.20s
2026-10-02 08:39:03,245 [DEBUG] [TIME] 9223 cashflow: 0.27s
2026-10-02 08:39:03,445 [DEBUG] [TIME] 9223 dividends: 0.20s
2026-10-02 08:39:03,446 [INFO] [DETAIL] 9223 ＡＳＮＯＶＡ: income_stmt=OK, balance_sheet=OK, cashflow=OK, dividends=OK
2026-10-02 08:39:03,446 [INFO] [TIME] 9223 ＡＳＮＯＶＡ 処理時間: 1.18s
2026-10-02 08:39:04,814 [DEBUG] [TIME] 9225 info: 0.20s
2026-10-02 08:39:04,814 [DEBUG] yfinance OK: 9225
2026-10-02 08:39:05,059 [DEBUG] [TIME] 9225 income_stmt: 0.24s
2026-10-02 08:39:05,269 [DEBUG] [TIME] 9225 balance_sheet: 0.21s
2026-10-02 08:39:05,450 [DEBUG] [TIME] 9225 cashflow: 0.18s
2026-10-02 08:39:05,638 [DEBUG] [TIME] 9225 dividends: 0.19s
2026-10-02 08:39:05,639 [INFO] [DETAIL] 9225 ブリッジコンサルティンググループ: income_stmt=OK, balance_sheet=OK, cashflow=OK, dividends=EMPTY
2026-10-02 08:39:05,639 [INFO] [TIME] 9225 ブリッジコンサルティンググループ 処理時間: 1.03s
2026-10-02 08:39:07,602 [DEBUG] [TIME] 9227 info: 0.22s
2026-10-02 08:39:07,602 [DEBUG] yfinance OK: 9227
2026-10-02 08:39:07,803 [DEBUG] [TIME] 9227 income_stmt: 0.20s
2026-10-02 08:39:07,998 [DEBUG] [TIME] 9227 balance_sheet: 0.19s
2026-10-02 08:39:08,231 [DEBUG] [TIME] 9227 cashflow: 0.23s
2026-10-02 08:39:08,502 [DEBUG] [TIME] 9227 dividends: 0.27s
2026-10-02 08:39:08,502 [INFO] [DETAIL] 9227 マイクロ波化学: income_stmt=OK, balance_sheet=OK, cashflow=OK, dividends=EMPTY
2026-10-02 08:39:08,502 [INFO] [TIME] 9227 マイクロ波化学 処理時間: 1.12s
2026-10-02 08:39:10,060 [DEBUG] [TIME] 9229 info: 0.19s
2026-10-02 08:39:10,060 [DEBUG] yfinance OK: 9229
2026-10-02 08:39:10,298 [DEBUG] [TIME] 9229 income_stmt: 0.24s
2026-10-02 08:39:10,467 [DEBUG] [TIME] 9229 balance_sheet: 0.17s
2026-10-02 08:39:10,716 [DEBUG] [TIME] 9229 cashflow: 0.25s
2026-10-02 08:39:11,006 [DEBUG] [TIME] 9229 dividends: 0.29s
2026-10-02 08:39:11,006 [INFO] [DETAIL] 9229 サンウェルズ: income_stmt=OK, balance_sheet=OK, cashflow=OK, dividends=OK
2026-10-02 08:39:11,007 [INFO] [TIME] 9229 サンウェルズ 処理時間: 1.14s
2026-10-02 08:39:13,157 [DEBUG] [TIME] 9233 info: 0.23s
2026-10-02 08:39:13,157 [DEBUG] yfinance OK: 9233
2026-10-02 08:39:13,458 [DEBUG] [TIME] 9233 income_stmt: 0.30s
2026-10-02 08:39:13,788 [DEBUG] [TIME] 9233 balance_sheet: 0.33s
2026-10-02 08:39:14,079 [DEBUG] [TIME] 9233 cashflow: 0.29s
2026-10-02 08:39:14,443 [DEBUG] [TIME] 9233 dividends: 0.36s
2026-10-02 08:39:14,444 [INFO] [DETAIL] 9233 アジア航測: income_stmt=OK, balance_sheet=OK, cashflow=OK, dividends=OK
2026-10-02 08:39:14,444 [INFO] [TIME] 9233 アジア航測 処理時間: 1.51s
2026-10-02 08:39:16,599 [DEBUG] [TIME] 9235 info: 0.20s
2026-10-02 08:39:16,599 [DEBUG] yfinance OK: 9235
2026-10-02 08:39:16,753 [DEBUG] [TIME] 9235 income_stmt: 0.15s
2026-10-02 08:39:16,955 [DEBUG] [TIME] 9235 balance_sheet: 0.20s
2026-10-02 08:39:17,161 [DEBUG] [TIME] 9235 cashflow: 0.20s
2026-10-02 08:39:17,349 [DEBUG] [TIME] 9235 dividends: 0.19s
2026-10-02 08:39:17,350 [INFO] [DETAIL] 9235 売れるネット広告社グループ: income_stmt=OK, balance_sheet=OK, cashflow=OK, dividends=EMPTY
2026-10-02 08:39:17,350 [INFO] [TIME] 9235 売れるネット広告社グループ 処理時間: 0.95s
2026-10-02 08:39:18,794 [DEBUG] [TIME] 9236 info: 0.20s
2026-10-02 08:39:18,794 [DEBUG] yfinance OK: 9236
2026-10-02 08:39:19,033 [DEBUG] [TIME] 9236 income_stmt: 0.24s
2026-10-02 08:39:19,367 [DEBUG] [TIME] 9236 balance_sheet: 0.33s
2026-10-02 08:39:19,543 [DEBUG] [TIME] 9236 cashflow: 0.18s
2026-10-02 08:39:19,964 [DEBUG] [TIME] 9236 dividends: 0.42s
2026-10-02 08:39:19,965 [INFO] [DETAIL] 9236 ジャパンＭ＆Ａソリューション: income_stmt=OK, balance_sheet=OK, cashflow=OK, dividends=EMPTY
2026-10-02 08:39:19,965 [INFO] [TIME] 9236 ジャパンＭ＆Ａソリューション 処理時間: 1.37s
2026-10-02 08:39:21,474 [DEBUG] [TIME] 9237 info: 0.29s
2026-10-02 08:39:21,474 [DEBUG] yfinance OK: 9237
2026-10-02 08:39:21,734 [DEBUG] [TIME] 9237 income_stmt: 0.26s
2026-10-02 08:39:21,952 [DEBUG] [TIME] 9237 balance_sheet: 0.22s
2026-10-02 08:39:22,205 [DEBUG] [TIME] 9237 cashflow: 0.25s
2026-10-02 08:39:22,399 [DEBUG] [TIME] 9237 dividends: 0.19s
2026-10-02 08:39:22,399 [INFO] [DETAIL] 9237 笑美面: income_stmt=OK, balance_sheet=OK, cashflow=OK, dividends=EMPTY
2026-10-02 08:39:22,399 [INFO] [TIME] 9237 笑美面 処理時間: 1.22s
2026-10-02 08:39:23,727 [DEBUG] [TIME] 9238 info: 0.22s
2026-10-02 08:39:23,728 [DEBUG] yfinance OK: 9238
2026-10-02 08:39:23,977 [DEBUG] [TIME] 9238 income_stmt: 0.25s
2026-10-02 08:39:24,294 [DEBUG] [TIME] 9238 balance_sheet: 0.32s
2026-10-02 08:39:24,538 [DEBUG] [TIME] 9238 cashflow: 0.24s
2026-10-02 08:39:24,764 [DEBUG] [TIME] 9238 dividends: 0.23s
2026-10-02 08:39:24,764 [INFO] [DETAIL] 9238 バリュークリエーション: income_stmt=OK, balance_sheet=OK, cashflow=OK, dividends=OK
2026-10-02 08:39:24,764 [INFO] [TIME] 9238 バリュークリエーション 処理時間: 1.26s
2026-10-02 08:39:26,266 [DEBUG] [TIME] 9240 info: 0.25s
2026-10-02 08:39:26,266 [DEBUG] yfinance OK: 9240
2026-10-02 08:39:26,461 [DEBUG] [TIME] 9240 income_stmt: 0.19s
2026-10-02 08:39:26,807 [DEBUG] [TIME] 9240 balance_sheet: 0.35s
2026-10-02 08:39:26,951 [DEBUG] [TIME] 9240 cashflow: 0.14s
2026-10-02 08:39:27,172 [DEBUG] [TIME] 9240 dividends: 0.22s
2026-10-02 08:39:27,172 [INFO] [DETAIL] 9240 デリバリーコンサルティング: income_stmt=OK, balance_sheet=OK, cashflow=OK, dividends=EMPTY
2026-10-02 08:39:27,172 [INFO] [TIME] 9240 デリバリーコンサルティング 処理時間: 1.15s
2026-10-02 08:39:29,314 [DEBUG] [TIME] 9241 info: 0.19s
2026-10-02 08:39:29,315 [DEBUG] yfinance OK: 9241
2026-10-02 08:39:29,570 [DEBUG] [TIME] 9241 income_stmt: 0.26s
2026-10-02 08:39:29,784 [DEBUG] [TIME] 9241 balance_sheet: 0.21s
2026-10-02 08:39:30,051 [DEBUG] [TIME] 9241 cashflow: 0.27s
2026-10-02 08:39:30,234 [DEBUG] [TIME] 9241 dividends: 0.18s
2026-10-02 08:39:30,234 [INFO] [DETAIL] 9241 フューチャーリンクネットワーク: income_stmt=OK, balance_sheet=OK, cashflow=OK, dividends=EMPTY
2026-10-02 08:39:30,234 [INFO] [TIME] 9241 フューチャーリンクネットワーク 処理時間: 1.11s
2026-10-02 08:39:31,967 [DEBUG] [TIME] 9242 info: 0.19s
2026-10-02 08:39:31,967 [DEBUG] yfinance OK: 9242
2026-10-02 08:39:32,152 [DEBUG] [TIME] 9242 income_stmt: 0.18s
2026-10-02 08:39:32,306 [DEBUG] [TIME] 9242 balance_sheet: 0.15s
2026-10-02 08:39:32,506 [DEBUG] [TIME] 9242 cashflow: 0.20s
2026-10-02 08:39:32,734 [DEBUG] [TIME] 9242 dividends: 0.23s
2026-10-02 08:39:32,735 [INFO] [DETAIL] 9242 メディア総研: income_stmt=OK, balance_sheet=OK, cashflow=OK, dividends=OK
2026-10-02 08:39:32,735 [INFO] [TIME] 9242 メディア総研 処理時間: 0.96s
2026-10-02 08:39:34,289 [DEBUG] [TIME] 9244 info: 0.19s
2026-10-02 08:39:34,289 [DEBUG] yfinance OK: 9244
2026-10-02 08:39:34,536 [DEBUG] [TIME] 9244 income_stmt: 0.25s
2026-10-02 08:39:34,815 [DEBUG] [TIME] 9244 balance_sheet: 0.28s
2026-10-02 08:39:35,161 [DEBUG] [TIME] 9244 cashflow: 0.35s
2026-10-02 08:39:35,363 [DEBUG] [TIME] 9244 dividends: 0.20s
2026-10-02 08:39:35,363 [INFO] [DETAIL] 9244 デジタリフト: income_stmt=OK, balance_sheet=OK, cashflow=OK, dividends=EMPTY
2026-10-02 08:39:35,363 [INFO] [TIME] 9244 デジタリフト 処理時間: 1.27s
2026-10-02 08:39:37,056 [DEBUG] [TIME] 9245 info: 0.21s
2026-10-02 08:39:37,056 [DEBUG] yfinance OK: 9245
2026-10-02 08:39:37,219 [DEBUG] [TIME] 9245 income_stmt: 0.16s
2026-10-02 08:39:37,542 [DEBUG] [TIME] 9245 balance_sheet: 0.32s
2026-10-02 08:39:37,688 [DEBUG] [TIME] 9245 cashflow: 0.15s
2026-10-02 08:39:37,887 [DEBUG] [TIME] 9245 dividends: 0.20s
2026-10-02 08:39:37,888 [INFO] [DETAIL] 9245 リベロ: income_stmt=OK, balance_sheet=OK, cashflow=OK, dividends=OK
2026-10-02 08:39:37,888 [INFO] [TIME] 9245 リベロ 処理時間: 1.04s
2026-10-02 08:39:39,803 [DEBUG] [TIME] 9246 info: 0.41s
2026-10-02 08:39:39,803 [DEBUG] yfinance OK: 9246
2026-10-02 08:39:39,996 [DEBUG] [TIME] 9246 income_stmt: 0.19s
2026-10-02 08:39:40,359 [DEBUG] [TIME] 9246 balance_sheet: 0.36s
2026-10-02 08:39:40,517 [DEBUG] [TIME] 9246 cashflow: 0.16s
2026-10-02 08:39:40,812 [DEBUG] [TIME] 9246 dividends: 0.29s
2026-10-02 08:39:40,812 [INFO] [DETAIL] 9246 プロジェクトホールディングス: income_stmt=OK, balance_sheet=OK, cashflow=OK, dividends=EMPTY
2026-10-02 08:39:40,812 [INFO] [TIME] 9246 プロジェクトホールディングス 処理時間: 1.42s
2026-10-02 08:39:42,641 [DEBUG] [TIME] 9247 info: 0.24s
2026-10-02 08:39:42,641 [DEBUG] yfinance OK: 9247
2026-10-02 08:39:42,818 [DEBUG] [TIME] 9247 income_stmt: 0.18s
2026-10-02 08:39:43,113 [DEBUG] [TIME] 9247 balance_sheet: 0.29s
2026-10-02 08:39:43,298 [DEBUG] [TIME] 9247 cashflow: 0.19s
2026-10-02 08:39:43,607 [DEBUG] [TIME] 9247 dividends: 0.31s
2026-10-02 08:39:43,608 [INFO] [DETAIL] 9247 ＴＲＥホールディングス: income_stmt=OK, balance_sheet=OK, cashflow=OK, dividends=OK
2026-10-02 08:39:43,608 [INFO] [TIME] 9247 ＴＲＥホールディングス 処理時間: 1.20s
2026-10-02 08:39:45,709 [DEBUG] [TIME] 9248 info: 0.22s
2026-10-02 08:39:45,709 [DEBUG] yfinance OK: 9248
2026-10-02 08:39:45,884 [DEBUG] [TIME] 9248 income_stmt: 0.17s
2026-10-02 08:39:46,107 [DEBUG] [TIME] 9248 balance_sheet: 0.22s
2026-10-02 08:39:46,377 [DEBUG] [TIME] 9248 cashflow: 0.27s
2026-10-02 08:39:46,582 [DEBUG] [TIME] 9248 dividends: 0.20s
2026-10-02 08:39:46,583 [INFO] [DETAIL] 9248 人・夢・技術グループ: income_stmt=OK, balance_sheet=OK, cashflow=OK, dividends=OK
2026-10-02 08:39:46,583 [INFO] [TIME] 9248 人・夢・技術グループ 処理時間: 1.09s
2026-10-02 08:39:48,416 [DEBUG] [TIME] 9249 info: 0.20s
2026-10-02 08:39:48,416 [DEBUG] yfinance OK: 9249
2026-10-02 08:39:48,683 [DEBUG] [TIME] 9249 income_stmt: 0.27s
2026-10-02 08:39:48,900 [DEBUG] [TIME] 9249 balance_sheet: 0.22s
2026-10-02 08:39:49,083 [DEBUG] [TIME] 9249 cashflow: 0.18s
2026-10-02 08:39:49,350 [DEBUG] [TIME] 9249 dividends: 0.27s
2026-10-02 08:39:49,351 [INFO] [DETAIL] 9249 日本エコシステム: income_stmt=OK, balance_sheet=OK, cashflow=OK, dividends=OK
2026-10-02 08:39:49,351 [INFO] [TIME] 9249 日本エコシステム 処理時間: 1.14s
2026-10-02 08:39:51,318 [DEBUG] [TIME] 9250 info: 0.20s
2026-10-02 08:39:51,318 [DEBUG] yfinance OK: 9250
2026-10-02 08:39:51,511 [DEBUG] [TIME] 9250 income_stmt: 0.19s
2026-10-02 08:39:51,693 [DEBUG] [TIME] 9250 balance_sheet: 0.18s
2026-10-02 08:39:51,955 [DEBUG] [TIME] 9250 cashflow: 0.26s
2026-10-02 08:39:52,171 [DEBUG] [TIME] 9250 dividends: 0.22s
2026-10-02 08:39:52,171 [INFO] [DETAIL] 9250 ＧＲＣＳ: income_stmt=OK, balance_sheet=OK, cashflow=OK, dividends=EMPTY
2026-10-02 08:39:52,171 [INFO] [TIME] 9250 ＧＲＣＳ 処理時間: 1.05s
2026-10-02 08:39:53,715 [DEBUG] [TIME] 9251 info: 0.19s
2026-10-02 08:39:53,715 [DEBUG] yfinance OK: 9251
2026-10-02 08:39:53,875 [DEBUG] [TIME] 9251 income_stmt: 0.16s
2026-10-02 08:39:54,187 [DEBUG] [TIME] 9251 balance_sheet: 0.31s
2026-10-02 08:39:54,429 [DEBUG] [TIME] 9251 cashflow: 0.24s
2026-10-02 08:39:54,653 [DEBUG] [TIME] 9251 dividends: 0.22s
2026-10-02 08:39:54,654 [INFO] [DETAIL] 9251 ＡＢ＆Ｃｏｍｐａｎｙ: income_stmt=OK, balance_sheet=OK, cashflow=OK, dividends=OK
2026-10-02 08:39:54,654 [INFO] [TIME] 9251 ＡＢ＆Ｃｏｍｐａｎｙ 処理時間: 1.13s
2026-10-02 08:39:56,180 [DEBUG] [TIME] 9252 info: 0.21s
2026-10-02 08:39:56,180 [DEBUG] yfinance OK: 9252
2026-10-02 08:39:56,398 [DEBUG] [TIME] 9252 income_stmt: 0.22s
2026-10-02 08:39:56,709 [DEBUG] [TIME] 9252 balance_sheet: 0.31s
2026-10-02 08:39:56,942 [DEBUG] [TIME] 9252 cashflow: 0.23s
2026-10-02 08:39:57,135 [DEBUG] [TIME] 9252 dividends: 0.19s
2026-10-02 08:39:57,136 [INFO] [DETAIL] 9252 ラストワンマイル: income_stmt=OK, balance_sheet=OK, cashflow=OK, dividends=OK
2026-10-02 08:39:57,136 [INFO] [TIME] 9252 ラストワンマイル 処理時間: 1.17s
2026-10-02 08:39:58,420 [DEBUG] [TIME] 9253 info: 0.20s
2026-10-02 08:39:58,420 [DEBUG] yfinance OK: 9253
2026-10-02 08:39:58,615 [DEBUG] [TIME] 9253 income_stmt: 0.19s
2026-10-02 08:39:58,767 [DEBUG] [TIME] 9253 balance_sheet: 0.15s
2026-10-02 08:39:58,954 [DEBUG] [TIME] 9253 cashflow: 0.19s
2026-10-02 08:39:59,136 [DEBUG] [TIME] 9253 dividends: 0.18s
2026-10-02 08:39:59,137 [INFO] [DETAIL] 9253 スローガン: income_stmt=OK, balance_sheet=OK, cashflow=OK, dividends=OK
2026-10-02 08:39:59,137 [INFO] [TIME] 9253 スローガン 処理時間: 0.92s
2026-10-02 08:40:00,608 [DEBUG] [TIME] 9254 info: 0.20s
2026-10-02 08:40:00,608 [DEBUG] yfinance OK: 9254
2026-10-02 08:40:00,753 [DEBUG] [TIME] 9254 income_stmt: 0.14s
2026-10-02 08:40:01,068 [DEBUG] [TIME] 9254 balance_sheet: 0.31s
2026-10-02 08:40:01,234 [DEBUG] [TIME] 9254 cashflow: 0.17s
2026-10-02 08:40:01,406 [DEBUG] [TIME] 9254 dividends: 0.17s
2026-10-02 08:40:01,406 [INFO] [DETAIL] 9254 ラバブルマーケティンググループ: income_stmt=OK, balance_sheet=OK, cashflow=OK, dividends=EMPTY
2026-10-02 08:40:01,406 [INFO] [TIME] 9254 ラバブルマーケティンググループ 処理時間: 1.00s
2026-10-02 08:40:02,890 [DEBUG] [TIME] 9256 info: 0.27s
2026-10-02 08:40:02,890 [DEBUG] yfinance OK: 9256
2026-10-02 08:40:03,064 [DEBUG] [TIME] 9256 income_stmt: 0.17s
2026-10-02 08:40:03,351 [DEBUG] [TIME] 9256 balance_sheet: 0.29s
2026-10-02 08:40:03,527 [DEBUG] [TIME] 9256 cashflow: 0.18s
2026-10-02 08:40:03,732 [DEBUG] [TIME] 9256 dividends: 0.20s
2026-10-02 08:40:03,732 [INFO] [DETAIL] 9256 サクシード: income_stmt=OK, balance_sheet=OK, cashflow=OK, dividends=OK
2026-10-02 08:40:03,732 [INFO] [TIME] 9256 サクシード 処理時間: 1.11s
2026-10-02 08:40:05,291 [DEBUG] [TIME] 9258 info: 0.25s
2026-10-02 08:40:05,291 [DEBUG] yfinance OK: 9258
2026-10-02 08:40:05,433 [DEBUG] [TIME] 9258 income_stmt: 0.14s
2026-10-02 08:40:05,684 [DEBUG] [TIME] 9258 balance_sheet: 0.25s
2026-10-02 08:40:05,922 [DEBUG] [TIME] 9258 cashflow: 0.24s
2026-10-02 08:40:06,155 [DEBUG] [TIME] 9258 dividends: 0.23s
2026-10-02 08:40:06,155 [INFO] [DETAIL] 9258 ＣＳ－Ｃ: income_stmt=OK, balance_sheet=OK, cashflow=OK, dividends=EMPTY
2026-10-02 08:40:06,155 [INFO] [TIME] 9258 ＣＳ－Ｃ 処理時間: 1.11s
2026-10-02 08:40:07,699 [DEBUG] [TIME] 9259 info: 0.19s
2026-10-02 08:40:07,700 [DEBUG] yfinance OK: 9259
2026-10-02 08:40:07,882 [DEBUG] [TIME] 9259 income_stmt: 0.18s
2026-10-02 08:40:08,227 [DEBUG] [TIME] 9259 balance_sheet: 0.34s
2026-10-02 08:40:08,389 [DEBUG] [TIME] 9259 cashflow: 0.16s
2026-10-02 08:40:08,604 [DEBUG] [TIME] 9259 dividends: 0.21s
2026-10-02 08:40:08,604 [INFO] [DETAIL] 9259 タカヨシホールディングス: income_stmt=OK, balance_sheet=OK, cashflow=OK, dividends=OK
2026-10-02 08:40:08,604 [INFO] [TIME] 9259 タカヨシホールディングス 処理時間: 1.10s
2026-10-02 08:40:10,561 [DEBUG] [TIME] 9262 info: 0.22s
2026-10-02 08:40:10,561 [DEBUG] yfinance OK: 9262
2026-10-02 08:40:10,770 [DEBUG] [TIME] 9262 income_stmt: 0.21s
2026-10-02 08:40:11,072 [DEBUG] [TIME] 9262 balance_sheet: 0.30s
2026-10-02 08:40:11,335 [DEBUG] [TIME] 9262 cashflow: 0.26s
2026-10-02 08:40:11,576 [DEBUG] [TIME] 9262 dividends: 0.24s
2026-10-02 08:40:11,577 [INFO] [DETAIL] 9262 シルバーライフ: income_stmt=OK, balance_sheet=OK, cashflow=OK, dividends=OK
2026-10-02 08:40:11,577 [INFO] [TIME] 9262 シルバーライフ 処理時間: 1.23s
2026-10-02 08:40:13,598 [DEBUG] [TIME] 9264 info: 0.19s
2026-10-02 08:40:13,598 [DEBUG] yfinance OK: 9264
2026-10-02 08:40:13,774 [DEBUG] [TIME] 9264 income_stmt: 0.18s
2026-10-02 08:40:14,001 [DEBUG] [TIME] 9264 balance_sheet: 0.23s
2026-10-02 08:40:14,314 [DEBUG] [TIME] 9264 cashflow: 0.31s
2026-10-02 08:40:14,511 [DEBUG] [TIME] 9264 dividends: 0.20s
2026-10-02 08:40:14,511 [INFO] [DETAIL] 9264 ポエック: income_stmt=OK, balance_sheet=OK, cashflow=OK, dividends=OK
2026-10-02 08:40:14,511 [INFO] [TIME] 9264 ポエック 処理時間: 1.10s
2026-10-02 08:40:16,607 [DEBUG] [TIME] 9265 info: 0.21s
2026-10-02 08:40:16,607 [DEBUG] yfinance OK: 9265
2026-10-02 08:40:16,807 [DEBUG] [TIME] 9265 income_stmt: 0.20s
2026-10-02 08:40:17,133 [DEBUG] [TIME] 9265 balance_sheet: 0.33s
2026-10-02 08:40:17,336 [DEBUG] [TIME] 9265 cashflow: 0.20s
2026-10-02 08:40:17,620 [DEBUG] [TIME] 9265 dividends: 0.28s
2026-10-02 08:40:17,621 [INFO] [DETAIL] 9265 ヤマシタヘルスケアホールディングス: income_stmt=OK, balance_sheet=OK, cashflow=OK, dividends=OK
2026-10-02 08:40:17,621 [INFO] [TIME] 9265 ヤマシタヘルスケアホールディングス 処理時間: 1.23s
2026-10-02 08:40:18,973 [DEBUG] [TIME] 9267 info: 0.23s
2026-10-02 08:40:18,973 [DEBUG] yfinance OK: 9267
2026-10-02 08:40:19,209 [DEBUG] [TIME] 9267 income_stmt: 0.24s
2026-10-02 08:40:19,496 [DEBUG] [TIME] 9267 balance_sheet: 0.29s
2026-10-02 08:40:19,677 [DEBUG] [TIME] 9267 cashflow: 0.18s
2026-10-02 08:40:19,974 [DEBUG] [TIME] 9267 dividends: 0.30s
2026-10-02 08:40:19,975 [INFO] [DETAIL] 9267 Ｇｅｎｋｙ　ＤｒｕｇＳｔｏｒｅｓ: income_stmt=OK, balance_sheet=OK, cashflow=OK, dividends=OK
2026-10-02 08:40:19,975 [INFO] [TIME] 9267 Ｇｅｎｋｙ　ＤｒｕｇＳｔｏｒｅｓ 処理時間: 1.23s
2026-10-02 08:40:21,450 [DEBUG] [TIME] 9268 info: 0.19s
2026-10-02 08:40:21,451 [DEBUG] yfinance OK: 9268
2026-10-02 08:40:21,728 [DEBUG] [TIME] 9268 income_stmt: 0.28s
2026-10-02 08:40:21,974 [DEBUG] [TIME] 9268 balance_sheet: 0.25s
2026-10-02 08:40:22,251 [DEBUG] [TIME] 9268 cashflow: 0.28s
2026-10-02 08:40:22,569 [DEBUG] [TIME] 9268 dividends: 0.32s
2026-10-02 08:40:22,570 [INFO] [DETAIL] 9268 オプティマスグループ: income_stmt=OK, balance_sheet=OK, cashflow=OK, dividends=OK
2026-10-02 08:40:22,570 [INFO] [TIME] 9268 オプティマスグループ 処理時間: 1.31s
2026-10-02 08:40:24,672 [DEBUG] [TIME] 9270 info: 0.22s
2026-10-02 08:40:24,672 [DEBUG] yfinance OK: 9270
2026-10-02 08:40:24,897 [DEBUG] [TIME] 9270 income_stmt: 0.23s
2026-10-02 08:40:25,175 [DEBUG] [TIME] 9270 balance_sheet: 0.28s
2026-10-02 08:40:25,431 [DEBUG] [TIME] 9270 cashflow: 0.26s
2026-10-02 08:40:25,698 [DEBUG] [TIME] 9270 dividends: 0.27s
2026-10-02 08:40:25,699 [INFO] [DETAIL] 9270 バリュエンスホールディングス: income_stmt=OK, balance_sheet=OK, cashflow=OK, dividends=OK
2026-10-02 08:40:25,699 [INFO] [TIME] 9270 バリュエンスホールディングス 処理時間: 1.25s
2026-10-02 08:40:27,001 [DEBUG] [TIME] 9271 info: 0.23s
2026-10-02 08:40:27,001 [DEBUG] yfinance OK: 9271
2026-10-02 08:40:27,197 [DEBUG] [TIME] 9271 income_stmt: 0.20s
2026-10-02 08:40:27,496 [DEBUG] [TIME] 9271 balance_sheet: 0.30s
2026-10-02 08:40:27,663 [DEBUG] [TIME] 9271 cashflow: 0.17s
2026-10-02 08:40:27,981 [DEBUG] [TIME] 9271 dividends: 0.32s
2026-10-02 08:40:27,981 [INFO] [DETAIL] 9271 和心: income_stmt=OK, balance_sheet=OK, cashflow=OK, dividends=OK
2026-10-02 08:40:27,982 [INFO] [TIME] 9271 和心 処理時間: 1.21s
2026-10-02 08:40:29,836 [DEBUG] [TIME] 9272 info: 0.20s
2026-10-02 08:40:29,836 [DEBUG] yfinance OK: 9272
2026-10-02 08:40:30,092 [DEBUG] [TIME] 9272 income_stmt: 0.26s
2026-10-02 08:40:30,262 [DEBUG] [TIME] 9272 balance_sheet: 0.17s
2026-10-02 08:40:30,534 [DEBUG] [TIME] 9272 cashflow: 0.27s
2026-10-02 08:40:30,800 [DEBUG] [TIME] 9272 dividends: 0.27s
2026-10-02 08:40:30,800 [INFO] [DETAIL] 9272 ブティックス: income_stmt=OK, balance_sheet=OK, cashflow=OK, dividends=EMPTY
2026-10-02 08:40:30,800 [INFO] [TIME] 9272 ブティックス 処理時間: 1.16s
2026-10-02 08:40:32,349 [DEBUG] [TIME] 9273 info: 0.19s
2026-10-02 08:40:32,349 [DEBUG] yfinance OK: 9273
2026-10-02 08:40:32,609 [DEBUG] [TIME] 9273 income_stmt: 0.26s
2026-10-02 08:40:32,783 [DEBUG] [TIME] 9273 balance_sheet: 0.17s
2026-10-02 08:40:33,035 [DEBUG] [TIME] 9273 cashflow: 0.25s
2026-10-02 08:40:33,254 [DEBUG] [TIME] 9273 dividends: 0.22s
2026-10-02 08:40:33,255 [INFO] [DETAIL] 9273 コーア商事ホールディングス: income_stmt=OK, balance_sheet=OK, cashflow=OK, dividends=OK
2026-10-02 08:40:33,255 [INFO] [TIME] 9273 コーア商事ホールディングス 処理時間: 1.10s
2026-10-02 08:40:34,678 [DEBUG] [TIME] 9274 info: 0.23s
2026-10-02 08:40:34,678 [DEBUG] yfinance OK: 9274
2026-10-02 08:40:34,985 [DEBUG] [TIME] 9274 income_stmt: 0.31s
2026-10-02 08:40:35,350 [DEBUG] [TIME] 9274 balance_sheet: 0.36s
2026-10-02 08:40:35,545 [DEBUG] [TIME] 9274 cashflow: 0.20s
2026-10-02 08:40:35,795 [DEBUG] [TIME] 9274 dividends: 0.25s
2026-10-02 08:40:35,796 [INFO] [DETAIL] 9274 ＫＰＰグループホールディングス: income_stmt=OK, balance_sheet=OK, cashflow=OK, dividends=OK
2026-10-02 08:40:35,796 [INFO] [TIME] 9274 ＫＰＰグループホールディングス 処理時間: 1.34s
2026-10-02 08:40:37,811 [DEBUG] [TIME] 9278 info: 0.20s
2026-10-02 08:40:37,811 [DEBUG] yfinance OK: 9278
2026-10-02 08:40:38,055 [DEBUG] [TIME] 9278 income_stmt: 0.24s
2026-10-02 08:40:38,234 [DEBUG] [TIME] 9278 balance_sheet: 0.18s
2026-10-02 08:40:38,379 [DEBUG] [TIME] 9278 cashflow: 0.14s
2026-10-02 08:40:38,653 [DEBUG] [TIME] 9278 dividends: 0.27s
2026-10-02 08:40:38,654 [INFO] [DETAIL] 9278 ブックオフグループホールディングス: income_stmt=OK, balance_sheet=OK, cashflow=OK, dividends=OK
2026-10-02 08:40:38,654 [INFO] [TIME] 9278 ブックオフグループホールディングス 処理時間: 1.04s
2026-10-02 08:40:39,994 [DEBUG] [TIME] 9279 info: 0.21s
2026-10-02 08:40:39,994 [DEBUG] yfinance OK: 9279
2026-10-02 08:40:40,226 [DEBUG] [TIME] 9279 income_stmt: 0.23s
2026-10-02 08:40:40,546 [DEBUG] [TIME] 9279 balance_sheet: 0.32s
2026-10-02 08:40:40,752 [DEBUG] [TIME] 9279 cashflow: 0.21s
2026-10-02 08:40:40,962 [DEBUG] [TIME] 9279 dividends: 0.21s
2026-10-02 08:40:40,963 [INFO] [DETAIL] 9279 ギフトホールディングス: income_stmt=OK, balance_sheet=OK, cashflow=OK, dividends=OK
2026-10-02 08:40:40,963 [INFO] [TIME] 9279 ギフトホールディングス 処理時間: 1.18s
2026-10-02 08:40:42,288 [DEBUG] [TIME] 9301 info: 0.21s
2026-10-02 08:40:42,288 [DEBUG] yfinance OK: 9301
2026-10-02 08:40:42,544 [DEBUG] [TIME] 9301 income_stmt: 0.26s
2026-10-02 08:40:42,823 [DEBUG] [TIME] 9301 balance_sheet: 0.28s
2026-10-02 08:40:43,097 [DEBUG] [TIME] 9301 cashflow: 0.27s
2026-10-02 08:40:43,458 [DEBUG] [TIME] 9301 dividends: 0.36s
2026-10-02 08:40:43,459 [INFO] [DETAIL] 9301 三菱倉庫: income_stmt=OK, balance_sheet=OK, cashflow=OK, dividends=OK
2026-10-02 08:40:43,459 [INFO] [TIME] 9301 三菱倉庫 処理時間: 1.38s
2026-10-02 08:40:44,724 [DEBUG] [TIME] 9302 info: 0.19s
2026-10-02 08:40:44,724 [DEBUG] yfinance OK: 9302
2026-10-02 08:40:44,984 [DEBUG] [TIME] 9302 income_stmt: 0.26s
2026-10-02 08:40:45,254 [DEBUG] [TIME] 9302 balance_sheet: 0.27s
2026-10-02 08:40:45,416 [DEBUG] [TIME] 9302 cashflow: 0.16s
2026-10-02 08:40:45,868 [DEBUG] [TIME] 9302 dividends: 0.45s
2026-10-02 08:40:45,869 [INFO] [DETAIL] 9302 三井倉庫ホールディングス: income_stmt=OK, balance_sheet=OK, cashflow=OK, dividends=OK
2026-10-02 08:40:45,869 [INFO] [TIME] 9302 三井倉庫ホールディングス 処理時間: 1.33s
2026-10-02 08:40:48,034 [DEBUG] [TIME] 9303 info: 0.19s
2026-10-02 08:40:48,034 [DEBUG] yfinance OK: 9303
2026-10-02 08:40:48,254 [DEBUG] [TIME] 9303 income_stmt: 0.22s
2026-10-02 08:40:48,462 [DEBUG] [TIME] 9303 balance_sheet: 0.21s
2026-10-02 08:40:48,644 [DEBUG] [TIME] 9303 cashflow: 0.18s
2026-10-02 08:40:49,080 [DEBUG] [TIME] 9303 dividends: 0.44s
2026-10-02 08:40:49,081 [INFO] [DETAIL] 9303 住友倉庫: income_stmt=OK, balance_sheet=OK, cashflow=OK, dividends=OK
2026-10-02 08:40:49,081 [INFO] [TIME] 9303 住友倉庫 処理時間: 1.24s
2026-10-02 08:40:50,311 [DEBUG] [TIME] 9304 info: 0.21s
2026-10-02 08:40:50,312 [DEBUG] yfinance OK: 9304
2026-10-02 08:40:50,533 [DEBUG] [TIME] 9304 income_stmt: 0.22s
2026-10-02 08:40:50,833 [DEBUG] [TIME] 9304 balance_sheet: 0.30s
2026-10-02 08:40:51,193 [DEBUG] [TIME] 9304 cashflow: 0.36s
2026-10-02 08:40:51,624 [DEBUG] [TIME] 9304 dividends: 0.43s
2026-10-02 08:40:51,625 [INFO] [DETAIL] 9304 澁澤倉庫: income_stmt=OK, balance_sheet=OK, cashflow=OK, dividends=OK
2026-10-02 08:40:51,625 [INFO] [TIME] 9304 澁澤倉庫 処理時間: 1.52s
2026-10-02 08:40:52,868 [DEBUG] [TIME] 9305 info: 0.19s
2026-10-02 08:40:52,868 [DEBUG] yfinance OK: 9305
2026-10-02 08:40:53,150 [DEBUG] [TIME] 9305 income_stmt: 0.28s
2026-10-02 08:40:53,347 [DEBUG] [TIME] 9305 balance_sheet: 0.20s
2026-10-02 08:40:53,494 [DEBUG] [TIME] 9305 cashflow: 0.15s
2026-10-02 08:40:53,854 [DEBUG] [TIME] 9305 dividends: 0.36s
2026-10-02 08:40:53,855 [INFO] [DETAIL] 9305 ヤマタネ: income_stmt=OK, balance_sheet=OK, cashflow=OK, dividends=OK
2026-10-02 08:40:53,855 [INFO] [TIME] 9305 ヤマタネ 処理時間: 1.18s
2026-10-02 08:40:55,653 [DEBUG] [TIME] 9306 info: 0.19s
2026-10-02 08:40:55,653 [DEBUG] yfinance OK: 9306
2026-10-02 08:40:55,817 [DEBUG] [TIME] 9306 income_stmt: 0.16s
2026-10-02 08:40:56,033 [DEBUG] [TIME] 9306 balance_sheet: 0.22s
2026-10-02 08:40:56,328 [DEBUG] [TIME] 9306 cashflow: 0.29s
2026-10-02 08:40:56,673 [DEBUG] [TIME] 9306 dividends: 0.35s
2026-10-02 08:40:56,674 [INFO] [DETAIL] 9306 東陽倉庫: income_stmt=OK, balance_sheet=OK, cashflow=OK, dividends=OK
2026-10-02 08:40:56,674 [INFO] [TIME] 9306 東陽倉庫 処理時間: 1.21s
2026-10-02 08:40:58,722 [DEBUG] [TIME] 9307 info: 0.19s
2026-10-02 08:40:58,722 [DEBUG] yfinance OK: 9307
2026-10-02 08:40:58,924 [DEBUG] [TIME] 9307 income_stmt: 0.20s
2026-10-02 08:40:59,251 [DEBUG] [TIME] 9307 balance_sheet: 0.33s
2026-10-02 08:40:59,461 [DEBUG] [TIME] 9307 cashflow: 0.21s
2026-10-02 08:40:59,824 [DEBUG] [TIME] 9307 dividends: 0.36s
2026-10-02 08:40:59,824 [INFO] [DETAIL] 9307 杉村倉庫: income_stmt=OK, balance_sheet=OK, cashflow=OK, dividends=OK
2026-10-02 08:40:59,824 [INFO] [TIME] 9307 杉村倉庫 処理時間: 1.29s
2026-10-02 08:41:01,055 [DEBUG] [TIME] 9308 info: 0.19s
2026-10-02 08:41:01,055 [DEBUG] yfinance OK: 9308
2026-10-02 08:41:01,235 [DEBUG] [TIME] 9308 income_stmt: 0.18s
2026-10-02 08:41:01,404 [DEBUG] [TIME] 9308 balance_sheet: 0.17s
2026-10-02 08:41:01,628 [DEBUG] [TIME] 9308 cashflow: 0.22s
2026-10-02 08:41:01,929 [DEBUG] [TIME] 9308 dividends: 0.30s
2026-10-02 08:41:01,930 [INFO] [DETAIL] 9308 乾汽船: income_stmt=OK, balance_sheet=OK, cashflow=OK, dividends=OK
2026-10-02 08:41:01,930 [INFO] [TIME] 9308 乾汽船 処理時間: 1.06s
2026-10-02 08:41:03,742 [DEBUG] [TIME] 9310 info: 0.31s
2026-10-02 08:41:03,742 [DEBUG] yfinance OK: 9310
2026-10-02 08:41:03,994 [DEBUG] [TIME] 9310 income_stmt: 0.25s
2026-10-02 08:41:04,256 [DEBUG] [TIME] 9310 balance_sheet: 0.26s
2026-10-02 08:41:04,454 [DEBUG] [TIME] 9310 cashflow: 0.20s
2026-10-02 08:41:04,793 [DEBUG] [TIME] 9310 dividends: 0.34s
2026-10-02 08:41:04,794 [INFO] [DETAIL] 9310 日本トランスシティ: income_stmt=OK, balance_sheet=OK, cashflow=OK, dividends=OK
2026-10-02 08:41:04,794 [INFO] [TIME] 9310 日本トランスシティ 処理時間: 1.36s
2026-10-02 08:41:06,043 [DEBUG] [TIME] 9311 info: 0.20s
2026-10-02 08:41:06,043 [DEBUG] yfinance OK: 9311
2026-10-02 08:41:06,297 [DEBUG] [TIME] 9311 income_stmt: 0.25s
2026-10-02 08:41:06,577 [DEBUG] [TIME] 9311 balance_sheet: 0.28s
2026-10-02 08:41:06,822 [DEBUG] [TIME] 9311 cashflow: 0.24s
2026-10-02 08:41:07,177 [DEBUG] [TIME] 9311 dividends: 0.35s
2026-10-02 08:41:07,177 [INFO] [DETAIL] 9311 アサガミ: income_stmt=OK, balance_sheet=OK, cashflow=OK, dividends=OK
2026-10-02 08:41:07,177 [INFO] [TIME] 9311 アサガミ 処理時間: 1.34s
2026-10-02 08:41:09,062 [DEBUG] [TIME] 9312 info: 0.30s
2026-10-02 08:41:09,062 [DEBUG] yfinance OK: 9312
2026-10-02 08:41:09,264 [DEBUG] [TIME] 9312 income_stmt: 0.20s
2026-10-02 08:41:09,470 [DEBUG] [TIME] 9312 balance_sheet: 0.21s
2026-10-02 08:41:09,610 [DEBUG] [TIME] 9312 cashflow: 0.14s
2026-10-02 08:41:09,949 [DEBUG] [TIME] 9312 dividends: 0.34s
2026-10-02 08:41:09,950 [INFO] [DETAIL] 9312 ケイヒン: income_stmt=OK, balance_sheet=OK, cashflow=OK, dividends=OK
2026-10-02 08:41:09,950 [INFO] [TIME] 9312 ケイヒン 処理時間: 1.19s
2026-10-02 08:41:11,463 [DEBUG] [TIME] 9313 info: 0.19s
2026-10-02 08:41:11,463 [DEBUG] yfinance OK: 9313
2026-10-02 08:41:11,661 [DEBUG] [TIME] 9313 income_stmt: 0.20s
2026-10-02 08:41:11,937 [DEBUG] [TIME] 9313 balance_sheet: 0.28s
2026-10-02 08:41:12,132 [DEBUG] [TIME] 9313 cashflow: 0.20s
2026-10-02 08:41:12,546 [DEBUG] [TIME] 9313 dividends: 0.41s
2026-10-02 08:41:12,546 [INFO] [DETAIL] 9313 丸八倉庫: income_stmt=OK, balance_sheet=OK, cashflow=OK, dividends=OK
2026-10-02 08:41:12,546 [INFO] [TIME] 9313 丸八倉庫 処理時間: 1.27s
2026-10-02 08:41:14,444 [DEBUG] [TIME] 9319 info: 0.23s
2026-10-02 08:41:14,444 [DEBUG] yfinance OK: 9319
2026-10-02 08:41:14,660 [DEBUG] [TIME] 9319 income_stmt: 0.22s
2026-10-02 08:41:14,908 [DEBUG] [TIME] 9319 balance_sheet: 0.25s
2026-10-02 08:41:15,048 [DEBUG] [TIME] 9319 cashflow: 0.14s
2026-10-02 08:41:15,365 [DEBUG] [TIME] 9319 dividends: 0.32s
2026-10-02 08:41:15,365 [INFO] [DETAIL] 9319 中央倉庫: income_stmt=OK, balance_sheet=OK, cashflow=OK, dividends=OK
2026-10-02 08:41:15,366 [INFO] [TIME] 9319 中央倉庫 処理時間: 1.15s
2026-10-02 08:41:16,799 [DEBUG] [TIME] 9322 info: 0.20s
2026-10-02 08:41:16,799 [DEBUG] yfinance OK: 9322
2026-10-02 08:41:17,084 [DEBUG] [TIME] 9322 income_stmt: 0.29s
2026-10-02 08:41:17,473 [DEBUG] [TIME] 9322 balance_sheet: 0.39s
2026-10-02 08:41:17,812 [DEBUG] [TIME] 9322 cashflow: 0.34s
2026-10-02 08:41:18,270 [DEBUG] [TIME] 9322 dividends: 0.46s
2026-10-02 08:41:18,271 [INFO] [DETAIL] 9322 川西倉庫: income_stmt=OK, balance_sheet=OK, cashflow=OK, dividends=OK
2026-10-02 08:41:18,271 [INFO] [TIME] 9322 川西倉庫 処理時間: 1.67s
2026-10-02 08:41:19,783 [DEBUG] [TIME] 9324 info: 0.20s
2026-10-02 08:41:19,783 [DEBUG] yfinance OK: 9324
2026-10-02 08:41:19,982 [DEBUG] [TIME] 9324 income_stmt: 0.20s
2026-10-02 08:41:20,162 [DEBUG] [TIME] 9324 balance_sheet: 0.18s
2026-10-02 08:41:20,435 [DEBUG] [TIME] 9324 cashflow: 0.27s
2026-10-02 08:41:20,770 [DEBUG] [TIME] 9324 dividends: 0.33s
2026-10-02 08:41:20,771 [INFO] [DETAIL] 9324 安田倉庫: income_stmt=OK, balance_sheet=OK, cashflow=OK, dividends=OK
2026-10-02 08:41:20,771 [INFO] [TIME] 9324 安田倉庫 処理時間: 1.19s
2026-10-02 08:41:22,601 [DEBUG] [TIME] 9325 info: 0.19s
2026-10-02 08:41:22,601 [DEBUG] yfinance OK: 9325
2026-10-02 08:41:22,858 [DEBUG] [TIME] 9325 income_stmt: 0.26s
2026-10-02 08:41:23,164 [DEBUG] [TIME] 9325 balance_sheet: 0.31s
2026-10-02 08:41:23,338 [DEBUG] [TIME] 9325 cashflow: 0.17s
2026-10-02 08:41:23,583 [DEBUG] [TIME] 9325 dividends: 0.24s
2026-10-02 08:41:23,584 [INFO] [DETAIL] 9325 ファイズホールディングス: income_stmt=OK, balance_sheet=OK, cashflow=OK, dividends=OK
2026-10-02 08:41:23,584 [INFO] [TIME] 9325 ファイズホールディングス 処理時間: 1.18s
2026-10-02 08:41:25,190 [DEBUG] [TIME] 9326 info: 0.19s
2026-10-02 08:41:25,190 [DEBUG] yfinance OK: 9326
2026-10-02 08:41:25,357 [DEBUG] [TIME] 9326 income_stmt: 0.17s
2026-10-02 08:41:25,554 [DEBUG] [TIME] 9326 balance_sheet: 0.20s
2026-10-02 08:41:25,805 [DEBUG] [TIME] 9326 cashflow: 0.25s
2026-10-02 08:41:26,088 [DEBUG] [TIME] 9326 dividends: 0.28s
2026-10-02 08:41:26,088 [INFO] [DETAIL] 9326 関通ホールディングス: income_stmt=OK, balance_sheet=OK, cashflow=OK, dividends=OK
2026-10-02 08:41:26,089 [INFO] [TIME] 9326 関通ホールディングス 処理時間: 1.09s
2026-10-02 08:41:28,108 [DEBUG] [TIME] 9327 info: 0.19s
2026-10-02 08:41:28,108 [DEBUG] yfinance OK: 9327
2026-10-02 08:41:28,294 [DEBUG] [TIME] 9327 income_stmt: 0.19s
2026-10-02 08:41:28,525 [DEBUG] [TIME] 9327 balance_sheet: 0.23s
2026-10-02 08:41:28,683 [DEBUG] [TIME] 9327 cashflow: 0.16s
2026-10-02 08:41:28,927 [DEBUG] [TIME] 9327 dividends: 0.24s
2026-10-02 08:41:28,928 [INFO] [DETAIL] 9327 イー・ロジット: income_stmt=OK, balance_sheet=OK, cashflow=OK, dividends=OK
2026-10-02 08:41:28,928 [INFO] [TIME] 9327 イー・ロジット 処理時間: 1.01s
2026-10-02 08:41:31,029 [DEBUG] [TIME] 9330 info: 0.20s
2026-10-02 08:41:31,030 [DEBUG] yfinance OK: 9330
2026-10-02 08:41:31,252 [DEBUG] [TIME] 9330 income_stmt: 0.22s
2026-10-02 08:41:31,505 [DEBUG] [TIME] 9330 balance_sheet: 0.25s
2026-10-02 08:41:31,657 [DEBUG] [TIME] 9330 cashflow: 0.15s
2026-10-02 08:41:31,813 [DEBUG] [TIME] 9330 dividends: 0.16s
2026-10-02 08:41:31,813 [INFO] [DETAIL] 9330 揚羽: income_stmt=OK, balance_sheet=OK, cashflow=OK, dividends=EMPTY
2026-10-02 08:41:31,813 [INFO] [TIME] 9330 揚羽 処理時間: 0.98s
2026-10-02 08:41:33,483 [DEBUG] [TIME] 9331 info: 0.22s
2026-10-02 08:41:33,483 [DEBUG] yfinance OK: 9331
2026-10-02 08:41:33,667 [DEBUG] [TIME] 9331 income_stmt: 0.18s
2026-10-02 08:41:33,878 [DEBUG] [TIME] 9331 balance_sheet: 0.21s
2026-10-02 08:41:34,067 [DEBUG] [TIME] 9331 cashflow: 0.19s
2026-10-02 08:41:34,255 [DEBUG] [TIME] 9331 dividends: 0.19s
2026-10-02 08:41:34,255 [INFO] [DETAIL] 9331 キャスター: income_stmt=OK, balance_sheet=OK, cashflow=OK, dividends=EMPTY
2026-10-02 08:41:34,255 [INFO] [TIME] 9331 キャスター 処理時間: 0.99s
2026-10-02 08:41:35,628 [DEBUG] [TIME] 9332 info: 0.22s
2026-10-02 08:41:35,628 [DEBUG] yfinance OK: 9332
2026-10-02 08:41:35,899 [DEBUG] [TIME] 9332 income_stmt: 0.27s
2026-10-02 08:41:36,190 [DEBUG] [TIME] 9332 balance_sheet: 0.29s
2026-10-02 08:41:36,370 [DEBUG] [TIME] 9332 cashflow: 0.18s
2026-10-02 08:41:36,640 [DEBUG] [TIME] 9332 dividends: 0.27s
2026-10-02 08:41:36,641 [INFO] [DETAIL] 9332 ＮＩＳＳＯホールディングス: income_stmt=OK, balance_sheet=OK, cashflow=OK, dividends=OK
2026-10-02 08:41:36,641 [INFO] [TIME] 9332 ＮＩＳＳＯホールディングス 処理時間: 1.24s
2026-10-02 08:41:38,200 [DEBUG] [TIME] 9336 info: 0.20s
2026-10-02 08:41:38,200 [DEBUG] yfinance OK: 9336
2026-10-02 08:41:38,360 [DEBUG] [TIME] 9336 income_stmt: 0.16s
2026-10-02 08:41:38,504 [DEBUG] [TIME] 9336 balance_sheet: 0.14s
2026-10-02 08:41:38,637 [DEBUG] [TIME] 9336 cashflow: 0.13s
2026-10-02 08:41:38,823 [DEBUG] [TIME] 9336 dividends: 0.19s
2026-10-02 08:41:38,824 [INFO] [DETAIL] 9336 大栄環境: income_stmt=OK, balance_sheet=OK, cashflow=OK, dividends=OK
2026-10-02 08:41:38,824 [INFO] [TIME] 9336 大栄環境 処理時間: 0.83s
2026-10-02 08:41:40,746 [DEBUG] [TIME] 9337 info: 0.22s
2026-10-02 08:41:40,746 [DEBUG] yfinance OK: 9337
2026-10-02 08:41:40,963 [DEBUG] [TIME] 9337 income_stmt: 0.22s
2026-10-02 08:41:41,296 [DEBUG] [TIME] 9337 balance_sheet: 0.33s
2026-10-02 08:41:41,471 [DEBUG] [TIME] 9337 cashflow: 0.17s
2026-10-02 08:41:41,629 [DEBUG] [TIME] 9337 dividends: 0.16s
2026-10-02 08:41:41,629 [INFO] [DETAIL] 9337 トリドリ: income_stmt=OK, balance_sheet=OK, cashflow=OK, dividends=EMPTY
2026-10-02 08:41:41,629 [INFO] [TIME] 9337 トリドリ 処理時間: 1.10s
2026-10-02 08:41:43,092 [DEBUG] [TIME] 9338 info: 0.33s
2026-10-02 08:41:43,092 [WARNING] yfinance データなし: 9338
2026-10-02 08:41:43,092 [INFO] [TIME] 9338 ＩＮＦＯＲＩＣＨ 処理時間: 0.33s
2026-10-02 08:41:45,252 [DEBUG] [TIME] 9339 info: 0.19s
2026-10-02 08:41:45,252 [DEBUG] yfinance OK: 9339
2026-10-02 08:41:45,439 [DEBUG] [TIME] 9339 income_stmt: 0.19s
2026-10-02 08:41:45,738 [DEBUG] [TIME] 9339 balance_sheet: 0.30s
2026-10-02 08:41:45,936 [DEBUG] [TIME] 9339 cashflow: 0.20s
2026-10-02 08:41:46,186 [DEBUG] [TIME] 9339 dividends: 0.25s
2026-10-02 08:41:46,187 [INFO] [DETAIL] 9339 コーチ・エィ: income_stmt=OK, balance_sheet=OK, cashflow=OK, dividends=OK
2026-10-02 08:41:46,187 [INFO] [TIME] 9339 コーチ・エィ 処理時間: 1.12s
2026-10-02 08:41:47,733 [DEBUG] [TIME] 9340 info: 0.22s
2026-10-02 08:41:47,733 [DEBUG] yfinance OK: 9340
2026-10-02 08:41:47,894 [DEBUG] [TIME] 9340 income_stmt: 0.16s
2026-10-02 08:41:48,139 [DEBUG] [TIME] 9340 balance_sheet: 0.25s
2026-10-02 08:41:48,344 [DEBUG] [TIME] 9340 cashflow: 0.20s
2026-10-02 08:41:48,635 [DEBUG] [TIME] 9340 dividends: 0.29s
2026-10-02 08:41:48,636 [INFO] [DETAIL] 9340 アソインターナショナル: income_stmt=OK, balance_sheet=OK, cashflow=OK, dividends=OK
2026-10-02 08:41:48,636 [INFO] [TIME] 9340 アソインターナショナル 処理時間: 1.12s
2026-10-02 08:41:50,478 [DEBUG] [TIME] 9341 info: 0.23s
2026-10-02 08:41:50,478 [DEBUG] yfinance OK: 9341
2026-10-02 08:41:50,722 [DEBUG] [TIME] 9341 income_stmt: 0.24s
2026-10-02 08:41:51,018 [DEBUG] [TIME] 9341 balance_sheet: 0.30s
2026-10-02 08:41:51,197 [DEBUG] [TIME] 9341 cashflow: 0.18s
2026-10-02 08:41:51,424 [DEBUG] [TIME] 9341 dividends: 0.23s
2026-10-02 08:41:51,424 [INFO] [DETAIL] 9341 ＧＥＮＯＶＡ: income_stmt=OK, balance_sheet=OK, cashflow=OK, dividends=OK
2026-10-02 08:41:51,424 [INFO] [TIME] 9341 ＧＥＮＯＶＡ 処理時間: 1.17s
2026-10-02 08:41:52,654 [DEBUG] [TIME] 9342 info: 0.19s
2026-10-02 08:41:52,654 [DEBUG] yfinance OK: 9342
2026-10-02 08:41:52,841 [DEBUG] [TIME] 9342 income_stmt: 0.19s
2026-10-02 08:41:53,062 [DEBUG] [TIME] 9342 balance_sheet: 0.22s
2026-10-02 08:41:53,231 [DEBUG] [TIME] 9342 cashflow: 0.17s
2026-10-02 08:41:53,413 [DEBUG] [TIME] 9342 dividends: 0.18s
2026-10-02 08:41:53,413 [INFO] [DETAIL] 9342 スマサポ: income_stmt=OK, balance_sheet=OK, cashflow=OK, dividends=EMPTY
2026-10-02 08:41:53,413 [INFO] [TIME] 9342 スマサポ 処理時間: 0.94s
2026-10-02 08:41:55,359 [DEBUG] [TIME] 9343 info: 0.20s
2026-10-02 08:41:55,359 [DEBUG] yfinance OK: 9343
2026-10-02 08:41:55,624 [DEBUG] [TIME] 9343 income_stmt: 0.26s
2026-10-02 08:41:55,836 [DEBUG] [TIME] 9343 balance_sheet: 0.21s
2026-10-02 08:41:56,091 [DEBUG] [TIME] 9343 cashflow: 0.25s
2026-10-02 08:41:56,284 [DEBUG] [TIME] 9343 dividends: 0.19s
2026-10-02 08:41:56,285 [INFO] [DETAIL] 9343 アイビス: income_stmt=OK, balance_sheet=OK, cashflow=OK, dividends=OK
2026-10-02 08:41:56,285 [INFO] [TIME] 9343 アイビス 処理時間: 1.13s
2026-10-02 08:41:57,557 [DEBUG] [TIME] 9344 info: 0.20s
2026-10-02 08:41:57,557 [DEBUG] yfinance OK: 9344
2026-10-02 08:41:57,734 [DEBUG] [TIME] 9344 income_stmt: 0.18s
2026-10-02 08:41:57,974 [DEBUG] [TIME] 9344 balance_sheet: 0.24s
2026-10-02 08:41:58,186 [DEBUG] [TIME] 9344 cashflow: 0.21s
2026-10-02 08:41:58,379 [DEBUG] [TIME] 9344 dividends: 0.19s
2026-10-02 08:41:58,380 [INFO] [DETAIL] 9344 アクシスコンサルティング: income_stmt=OK, balance_sheet=OK, cashflow=OK, dividends=OK
2026-10-02 08:41:58,380 [INFO] [TIME] 9344 アクシスコンサルティング 処理時間: 1.02s
2026-10-02 08:41:59,797 [DEBUG] [TIME] 9345 info: 0.27s
2026-10-02 08:41:59,797 [DEBUG] yfinance OK: 9345
2026-10-02 08:42:00,046 [DEBUG] [TIME] 9345 income_stmt: 0.25s
2026-10-02 08:42:00,402 [DEBUG] [TIME] 9345 balance_sheet: 0.36s
2026-10-02 08:42:00,627 [DEBUG] [TIME] 9345 cashflow: 0.22s
2026-10-02 08:42:00,792 [DEBUG] [TIME] 9345 dividends: 0.16s
2026-10-02 08:42:00,793 [INFO] [DETAIL] 9345 ビズメイツ: income_stmt=OK, balance_sheet=OK, cashflow=OK, dividends=OK
2026-10-02 08:42:00,793 [INFO] [TIME] 9345 ビズメイツ 処理時間: 1.27s
2026-10-02 08:42:02,403 [DEBUG] [TIME] 9346 info: 0.21s
2026-10-02 08:42:02,403 [DEBUG] yfinance OK: 9346
2026-10-02 08:42:02,594 [DEBUG] [TIME] 9346 income_stmt: 0.19s
2026-10-02 08:42:02,756 [DEBUG] [TIME] 9346 balance_sheet: 0.16s
2026-10-02 08:42:02,983 [DEBUG] [TIME] 9346 cashflow: 0.23s
2026-10-02 08:42:03,266 [DEBUG] [TIME] 9346 dividends: 0.28s
2026-10-02 08:42:03,266 [INFO] [DETAIL] 9346 ココルポート: income_stmt=OK, balance_sheet=OK, cashflow=OK, dividends=OK
2026-10-02 08:42:03,267 [INFO] [TIME] 9346 ココルポート 処理時間: 1.07s
2026-10-02 08:42:05,162 [DEBUG] [TIME] 9347 info: 0.20s
2026-10-02 08:42:05,162 [DEBUG] yfinance OK: 9347
2026-10-02 08:42:05,339 [DEBUG] [TIME] 9347 income_stmt: 0.18s
2026-10-02 08:42:05,659 [DEBUG] [TIME] 9347 balance_sheet: 0.32s
2026-10-02 08:42:05,904 [DEBUG] [TIME] 9347 cashflow: 0.24s
2026-10-02 08:42:06,403 [DEBUG] [TIME] 9347 dividends: 0.50s
2026-10-02 08:42:06,403 [INFO] [DETAIL] 9347 日本管財ホールディングス: income_stmt=OK, balance_sheet=OK, cashflow=OK, dividends=OK
2026-10-02 08:42:06,404 [INFO] [TIME] 9347 日本管財ホールディングス 処理時間: 1.44s
2026-10-02 08:42:08,081 [DEBUG] [TIME] 9348 info: 0.21s
2026-10-02 08:42:08,081 [DEBUG] yfinance OK: 9348
2026-10-02 08:42:08,256 [DEBUG] [TIME] 9348 income_stmt: 0.17s
2026-10-02 08:42:08,446 [DEBUG] [TIME] 9348 balance_sheet: 0.19s
2026-10-02 08:42:08,595 [DEBUG] [TIME] 9348 cashflow: 0.15s
2026-10-02 08:42:08,765 [DEBUG] [TIME] 9348 dividends: 0.17s
2026-10-02 08:42:08,766 [INFO] [DETAIL] 9348 ｉｓｐａｃｅ: income_stmt=OK, balance_sheet=OK, cashflow=OK, dividends=EMPTY
2026-10-02 08:42:08,766 [INFO] [TIME] 9348 ｉｓｐａｃｅ 処理時間: 0.90s
2026-10-02 08:42:10,947 [DEBUG] [TIME] 9351 info: 0.19s
2026-10-02 08:42:10,947 [DEBUG] yfinance OK: 9351
2026-10-02 08:42:11,187 [DEBUG] [TIME] 9351 income_stmt: 0.24s
2026-10-02 08:42:11,523 [DEBUG] [TIME] 9351 balance_sheet: 0.34s
2026-10-02 08:42:11,696 [DEBUG] [TIME] 9351 cashflow: 0.17s
2026-10-02 08:42:12,216 [DEBUG] [TIME] 9351 dividends: 0.52s
2026-10-02 08:42:12,217 [INFO] [DETAIL] 9351 東洋埠頭: income_stmt=OK, balance_sheet=OK, cashflow=OK, dividends=OK
2026-10-02 08:42:12,217 [INFO] [TIME] 9351 東洋埠頭 処理時間: 1.46s
2026-10-02 08:42:13,693 [DEBUG] [TIME] 9353 info: 0.20s
2026-10-02 08:42:13,693 [DEBUG] yfinance OK: 9353
2026-10-02 08:42:13,943 [DEBUG] [TIME] 9353 income_stmt: 0.25s
2026-10-02 08:42:14,249 [DEBUG] [TIME] 9353 balance_sheet: 0.31s
2026-10-02 08:42:14,480 [DEBUG] [TIME] 9353 cashflow: 0.23s
2026-10-02 08:42:14,955 [DEBUG] [TIME] 9353 dividends: 0.47s
2026-10-02 08:42:14,956 [INFO] [DETAIL] 9353 櫻島埠頭: income_stmt=OK, balance_sheet=OK, cashflow=OK, dividends=OK
2026-10-02 08:42:14,956 [INFO] [TIME] 9353 櫻島埠頭 処理時間: 1.46s
2026-10-02 08:42:16,445 [DEBUG] [TIME] 9355 info: 0.19s
2026-10-02 08:42:16,445 [DEBUG] yfinance OK: 9355
2026-10-02 08:42:16,656 [DEBUG] [TIME] 9355 income_stmt: 0.21s
2026-10-02 08:42:16,867 [DEBUG] [TIME] 9355 balance_sheet: 0.21s
2026-10-02 08:42:17,132 [DEBUG] [TIME] 9355 cashflow: 0.26s
2026-10-02 08:42:17,540 [DEBUG] [TIME] 9355 dividends: 0.41s
2026-10-02 08:42:17,540 [INFO] [DETAIL] 9355 リンコーコーポレーション: income_stmt=OK, balance_sheet=OK, cashflow=OK, dividends=OK
2026-10-02 08:42:17,540 [INFO] [TIME] 9355 リンコーコーポレーション 処理時間: 1.28s
2026-10-02 08:42:18,968 [DEBUG] [TIME] 9360 info: 0.22s
2026-10-02 08:42:18,968 [DEBUG] yfinance OK: 9360
2026-10-02 08:42:19,270 [DEBUG] [TIME] 9360 income_stmt: 0.30s
2026-10-02 08:42:19,593 [DEBUG] [TIME] 9360 balance_sheet: 0.32s
2026-10-02 08:42:19,792 [DEBUG] [TIME] 9360 cashflow: 0.20s
2026-10-02 08:42:20,122 [DEBUG] [TIME] 9360 dividends: 0.33s
2026-10-02 08:42:20,123 [INFO] [DETAIL] 9360 鈴与シンワート: income_stmt=OK, balance_sheet=OK, cashflow=OK, dividends=OK
2026-10-02 08:42:20,123 [INFO] [TIME] 9360 鈴与シンワート 処理時間: 1.37s
2026-10-02 08:42:21,810 [DEBUG] [TIME] 9361 info: 0.25s
2026-10-02 08:42:21,810 [DEBUG] yfinance OK: 9361
2026-10-02 08:42:21,983 [DEBUG] [TIME] 9361 income_stmt: 0.17s
2026-10-02 08:42:22,166 [DEBUG] [TIME] 9361 balance_sheet: 0.18s
2026-10-02 08:42:22,464 [DEBUG] [TIME] 9361 cashflow: 0.30s
2026-10-02 08:42:22,883 [DEBUG] [TIME] 9361 dividends: 0.42s
2026-10-02 08:42:22,883 [INFO] [DETAIL] 9361 伏木海陸運送: income_stmt=OK, balance_sheet=OK, cashflow=OK, dividends=OK
2026-10-02 08:42:22,883 [INFO] [TIME] 9361 伏木海陸運送 処理時間: 1.33s
2026-10-02 08:42:24,326 [DEBUG] [TIME] 9362 info: 0.25s
2026-10-02 08:42:24,326 [DEBUG] yfinance OK: 9362
2026-10-02 08:42:24,596 [DEBUG] [TIME] 9362 income_stmt: 0.27s
2026-10-02 08:42:24,861 [DEBUG] [TIME] 9362 balance_sheet: 0.26s
2026-10-02 08:42:25,132 [DEBUG] [TIME] 9362 cashflow: 0.27s
2026-10-02 08:42:25,507 [DEBUG] [TIME] 9362 dividends: 0.38s
2026-10-02 08:42:25,508 [INFO] [DETAIL] 9362 兵機海運: income_stmt=OK, balance_sheet=OK, cashflow=OK, dividends=OK
2026-10-02 08:42:25,508 [INFO] [TIME] 9362 兵機海運 処理時間: 1.44s
2026-10-02 08:42:27,602 [DEBUG] [TIME] 9363 info: 0.20s
2026-10-02 08:42:27,602 [DEBUG] yfinance OK: 9363
2026-10-02 08:42:27,822 [DEBUG] [TIME] 9363 income_stmt: 0.22s
2026-10-02 08:42:28,016 [DEBUG] [TIME] 9363 balance_sheet: 0.19s
2026-10-02 08:42:28,172 [DEBUG] [TIME] 9363 cashflow: 0.16s
2026-10-02 08:42:28,477 [DEBUG] [TIME] 9363 dividends: 0.31s
2026-10-02 08:42:28,478 [INFO] [DETAIL] 9363 大運: income_stmt=OK, balance_sheet=OK, cashflow=OK, dividends=OK
2026-10-02 08:42:28,478 [INFO] [TIME] 9363 大運 処理時間: 1.07s
2026-10-02 08:42:29,871 [DEBUG] [TIME] 9364 info: 0.23s
2026-10-02 08:42:29,871 [DEBUG] yfinance OK: 9364
2026-10-02 08:42:30,148 [DEBUG] [TIME] 9364 income_stmt: 0.28s
2026-10-02 08:42:30,455 [DEBUG] [TIME] 9364 balance_sheet: 0.31s
2026-10-02 08:42:30,671 [DEBUG] [TIME] 9364 cashflow: 0.22s
2026-10-02 08:42:31,126 [DEBUG] [TIME] 9364 dividends: 0.45s
2026-10-02 08:42:31,127 [INFO] [DETAIL] 9364 上組: income_stmt=OK, balance_sheet=OK, cashflow=OK, dividends=OK
2026-10-02 08:42:31,127 [INFO] [TIME] 9364 上組 処理時間: 1.49s
2026-10-02 08:42:32,539 [DEBUG] [TIME] 9365 info: 0.20s
2026-10-02 08:42:32,539 [DEBUG] yfinance OK: 9365
2026-10-02 08:42:32,712 [DEBUG] [TIME] 9365 income_stmt: 0.17s
2026-10-02 08:42:32,958 [DEBUG] [TIME] 9365 balance_sheet: 0.25s
2026-10-02 08:42:33,230 [DEBUG] [TIME] 9365 cashflow: 0.27s
2026-10-02 08:42:33,625 [DEBUG] [TIME] 9365 dividends: 0.40s
2026-10-02 08:42:33,626 [INFO] [DETAIL] 9365 トレーディア: income_stmt=OK, balance_sheet=OK, cashflow=OK, dividends=OK
2026-10-02 08:42:33,626 [INFO] [TIME] 9365 トレーディア 処理時間: 1.29s
2026-10-02 08:42:35,540 [DEBUG] [TIME] 9366 info: 0.20s
2026-10-02 08:42:35,540 [DEBUG] yfinance OK: 9366
2026-10-02 08:42:35,796 [DEBUG] [TIME] 9366 income_stmt: 0.26s
2026-10-02 08:42:35,987 [DEBUG] [TIME] 9366 balance_sheet: 0.19s
2026-10-02 08:42:36,206 [DEBUG] [TIME] 9366 cashflow: 0.22s
2026-10-02 08:42:36,535 [DEBUG] [TIME] 9366 dividends: 0.33s
2026-10-02 08:42:36,536 [INFO] [DETAIL] 9366 サンリツ: income_stmt=OK, balance_sheet=OK, cashflow=OK, dividends=OK
2026-10-02 08:42:36,536 [INFO] [TIME] 9366 サンリツ 処理時間: 1.20s
2026-10-02 08:42:38,494 [DEBUG] [TIME] 9367 info: 0.19s
2026-10-02 08:42:38,494 [DEBUG] yfinance OK: 9367
2026-10-02 08:42:38,732 [DEBUG] [TIME] 9367 income_stmt: 0.24s
2026-10-02 08:42:38,963 [DEBUG] [TIME] 9367 balance_sheet: 0.23s
2026-10-02 08:42:39,242 [DEBUG] [TIME] 9367 cashflow: 0.28s
2026-10-02 08:42:39,650 [DEBUG] [TIME] 9367 dividends: 0.41s
2026-10-02 08:42:39,651 [INFO] [DETAIL] 9367 大東港運: income_stmt=OK, balance_sheet=OK, cashflow=OK, dividends=OK
2026-10-02 08:42:39,651 [INFO] [TIME] 9367 大東港運 処理時間: 1.35s
2026-10-02 08:42:41,056 [DEBUG] [TIME] 9368 info: 0.19s
2026-10-02 08:42:41,056 [DEBUG] yfinance OK: 9368
2026-10-02 08:42:41,312 [DEBUG] [TIME] 9368 income_stmt: 0.26s
2026-10-02 08:42:41,578 [DEBUG] [TIME] 9368 balance_sheet: 0.27s
2026-10-02 08:42:41,819 [DEBUG] [TIME] 9368 cashflow: 0.24s
2026-10-02 08:42:42,146 [DEBUG] [TIME] 9368 dividends: 0.33s
2026-10-02 08:42:42,146 [INFO] [DETAIL] 9368 キムラユニティー: income_stmt=OK, balance_sheet=OK, cashflow=OK, dividends=OK
2026-10-02 08:42:42,146 [INFO] [TIME] 9368 キムラユニティー 処理時間: 1.28s
2026-10-02 08:42:43,833 [DEBUG] [TIME] 9369 info: 0.19s
2026-10-02 08:42:43,833 [DEBUG] yfinance OK: 9369
2026-10-02 08:42:44,029 [DEBUG] [TIME] 9369 income_stmt: 0.20s
2026-10-02 08:42:44,265 [DEBUG] [TIME] 9369 balance_sheet: 0.24s
2026-10-02 08:42:44,417 [DEBUG] [TIME] 9369 cashflow: 0.15s
2026-10-02 08:42:44,733 [DEBUG] [TIME] 9369 dividends: 0.32s
2026-10-02 08:42:44,733 [INFO] [DETAIL] 9369 キユーソー流通システム: income_stmt=OK, balance_sheet=OK, cashflow=OK, dividends=OK
2026-10-02 08:42:44,733 [INFO] [TIME] 9369 キユーソー流通システム 処理時間: 1.09s
2026-10-02 08:42:46,854 [DEBUG] [TIME] 9376 info: 0.20s
2026-10-02 08:42:46,855 [DEBUG] yfinance OK: 9376
2026-10-02 08:42:47,133 [DEBUG] [TIME] 9376 income_stmt: 0.28s
2026-10-02 08:42:47,410 [DEBUG] [TIME] 9376 balance_sheet: 0.28s
2026-10-02 08:42:47,621 [DEBUG] [TIME] 9376 cashflow: 0.21s
2026-10-02 08:42:48,023 [DEBUG] [TIME] 9376 dividends: 0.40s
2026-10-02 08:42:48,023 [INFO] [DETAIL] 9376 ユーラシア旅行社: income_stmt=OK, balance_sheet=OK, cashflow=OK, dividends=OK
2026-10-02 08:42:48,024 [INFO] [TIME] 9376 ユーラシア旅行社 処理時間: 1.36s
2026-10-02 08:42:49,659 [DEBUG] [TIME] 9380 info: 0.20s
2026-10-02 08:42:49,659 [DEBUG] yfinance OK: 9380
2026-10-02 08:42:49,902 [DEBUG] [TIME] 9380 income_stmt: 0.24s
2026-10-02 08:42:50,196 [DEBUG] [TIME] 9380 balance_sheet: 0.29s
2026-10-02 08:42:50,472 [DEBUG] [TIME] 9380 cashflow: 0.28s
2026-10-02 08:42:50,852 [DEBUG] [TIME] 9380 dividends: 0.38s
2026-10-02 08:42:50,853 [INFO] [DETAIL] 9380 東海運: income_stmt=OK, balance_sheet=OK, cashflow=OK, dividends=OK
2026-10-02 08:42:50,853 [INFO] [TIME] 9380 東海運 処理時間: 1.39s
2026-10-02 08:42:52,486 [DEBUG] [TIME] 9381 info: 0.27s
2026-10-02 08:42:52,486 [DEBUG] yfinance OK: 9381
2026-10-02 08:42:52,751 [DEBUG] [TIME] 9381 income_stmt: 0.26s
2026-10-02 08:42:53,020 [DEBUG] [TIME] 9381 balance_sheet: 0.27s
2026-10-02 08:42:53,186 [DEBUG] [TIME] 9381 cashflow: 0.17s
2026-10-02 08:42:53,504 [DEBUG] [TIME] 9381 dividends: 0.32s
2026-10-02 08:42:53,505 [INFO] [DETAIL] 9381 エーアイテイー: income_stmt=OK, balance_sheet=OK, cashflow=OK, dividends=OK
2026-10-02 08:42:53,505 [INFO] [TIME] 9381 エーアイテイー 処理時間: 1.29s
2026-10-02 08:42:54,977 [DEBUG] [TIME] 9385 info: 0.26s
2026-10-02 08:42:54,978 [DEBUG] yfinance OK: 9385
2026-10-02 08:42:55,169 [DEBUG] [TIME] 9385 income_stmt: 0.19s
2026-10-02 08:42:55,468 [DEBUG] [TIME] 9385 balance_sheet: 0.30s
2026-10-02 08:42:55,686 [DEBUG] [TIME] 9385 cashflow: 0.22s
2026-10-02 08:42:56,091 [DEBUG] [TIME] 9385 dividends: 0.40s
2026-10-02 08:42:56,091 [INFO] [DETAIL] 9385 ショーエイコーポレーション: income_stmt=OK, balance_sheet=OK, cashflow=OK, dividends=OK
2026-10-02 08:42:56,092 [INFO] [TIME] 9385 ショーエイコーポレーション 処理時間: 1.37s
2026-10-02 08:42:57,752 [DEBUG] [TIME] 9401 info: 0.19s
2026-10-02 08:42:57,753 [DEBUG] yfinance OK: 9401
2026-10-02 08:42:57,999 [DEBUG] [TIME] 9401 income_stmt: 0.25s
2026-10-02 08:42:58,183 [DEBUG] [TIME] 9401 balance_sheet: 0.18s
2026-10-02 08:42:58,443 [DEBUG] [TIME] 9401 cashflow: 0.26s
2026-10-02 08:42:58,845 [DEBUG] [TIME] 9401 dividends: 0.40s
2026-10-02 08:42:58,845 [INFO] [DETAIL] 9401 ＴＢＳホールディングス: income_stmt=OK, balance_sheet=OK, cashflow=OK, dividends=OK
2026-10-02 08:42:58,845 [INFO] [TIME] 9401 ＴＢＳホールディングス 処理時間: 1.28s
2026-10-02 08:43:00,127 [DEBUG] [TIME] 9404 info: 0.23s
2026-10-02 08:43:00,127 [DEBUG] yfinance OK: 9404
2026-10-02 08:43:00,392 [DEBUG] [TIME] 9404 income_stmt: 0.26s
2026-10-02 08:43:00,609 [DEBUG] [TIME] 9404 balance_sheet: 0.22s
2026-10-02 08:43:00,782 [DEBUG] [TIME] 9404 cashflow: 0.17s
2026-10-02 08:43:01,308 [DEBUG] [TIME] 9404 dividends: 0.53s
2026-10-02 08:43:01,309 [INFO] [DETAIL] 9404 日本テレビホールディングス: income_stmt=OK, balance_sheet=OK, cashflow=OK, dividends=OK
2026-10-02 08:43:01,309 [INFO] [TIME] 9404 日本テレビホールディングス 処理時間: 1.41s
2026-10-02 08:43:02,839 [DEBUG] [TIME] 9405 info: 0.19s
2026-10-02 08:43:02,839 [DEBUG] yfinance OK: 9405
2026-10-02 08:43:03,021 [DEBUG] [TIME] 9405 income_stmt: 0.18s
2026-10-02 08:43:03,229 [DEBUG] [TIME] 9405 balance_sheet: 0.21s
2026-10-02 08:43:03,418 [DEBUG] [TIME] 9405 cashflow: 0.19s
2026-10-02 08:43:03,792 [DEBUG] [TIME] 9405 dividends: 0.37s
2026-10-02 08:43:03,792 [INFO] [DETAIL] 9405 朝日放送グループホールディングス: income_stmt=OK, balance_sheet=OK, cashflow=OK, dividends=OK
2026-10-02 08:43:03,792 [INFO] [TIME] 9405 朝日放送グループホールディングス 処理時間: 1.15s
2026-10-02 08:43:05,117 [DEBUG] [TIME] 9408 info: 0.22s
2026-10-02 08:43:05,117 [DEBUG] yfinance OK: 9408
2026-10-02 08:43:05,309 [DEBUG] [TIME] 9408 income_stmt: 0.19s
2026-10-02 08:43:05,507 [DEBUG] [TIME] 9408 balance_sheet: 0.20s
2026-10-02 08:43:05,783 [DEBUG] [TIME] 9408 cashflow: 0.28s
2026-10-02 08:43:06,210 [DEBUG] [TIME] 9408 dividends: 0.43s
2026-10-02 08:43:06,211 [INFO] [DETAIL] 9408 ＢＳＮメディアホールディングス: income_stmt=OK, balance_sheet=OK, cashflow=OK, dividends=OK
2026-10-02 08:43:06,211 [INFO] [TIME] 9408 ＢＳＮメディアホールディングス 処理時間: 1.31s
2026-10-02 08:43:08,060 [DEBUG] [TIME] 9409 info: 0.20s
2026-10-02 08:43:08,060 [DEBUG] yfinance OK: 9409
2026-10-02 08:43:08,316 [DEBUG] [TIME] 9409 income_stmt: 0.26s
2026-10-02 08:43:08,526 [DEBUG] [TIME] 9409 balance_sheet: 0.21s
2026-10-02 08:43:08,701 [DEBUG] [TIME] 9409 cashflow: 0.17s
2026-10-02 08:43:09,102 [DEBUG] [TIME] 9409 dividends: 0.40s
2026-10-02 08:43:09,103 [INFO] [DETAIL] 9409 テレビ朝日ホールディングス: income_stmt=OK, balance_sheet=OK, cashflow=OK, dividends=OK
2026-10-02 08:43:09,103 [INFO] [TIME] 9409 テレビ朝日ホールディングス 処理時間: 1.25s
2026-10-02 08:43:10,498 [DEBUG] [TIME] 9412 info: 0.19s
2026-10-02 08:43:10,498 [DEBUG] yfinance OK: 9412
2026-10-02 08:43:10,784 [DEBUG] [TIME] 9412 income_stmt: 0.29s
2026-10-02 08:43:10,994 [DEBUG] [TIME] 9412 balance_sheet: 0.21s
2026-10-02 08:43:11,223 [DEBUG] [TIME] 9412 cashflow: 0.23s
2026-10-02 08:43:11,679 [DEBUG] [TIME] 9412 dividends: 0.46s
2026-10-02 08:43:11,679 [INFO] [DETAIL] 9412 スカパーＪＳＡＴ: income_stmt=OK, balance_sheet=OK, cashflow=OK, dividends=OK
2026-10-02 08:43:11,679 [INFO] [TIME] 9412 スカパーＪＳＡＴ 処理時間: 1.37s
2026-10-02 08:43:12,984 [DEBUG] [TIME] 9413 info: 0.19s
2026-10-02 08:43:12,984 [DEBUG] yfinance OK: 9413
2026-10-02 08:43:13,255 [DEBUG] [TIME] 9413 income_stmt: 0.27s
2026-10-02 08:43:13,419 [DEBUG] [TIME] 9413 balance_sheet: 0.16s
2026-10-02 08:43:13,709 [DEBUG] [TIME] 9413 cashflow: 0.29s
2026-10-02 08:43:14,077 [DEBUG] [TIME] 9413 dividends: 0.37s
2026-10-02 08:43:14,078 [INFO] [DETAIL] 9413 テレビ東京ホールディングス: income_stmt=OK, balance_sheet=OK, cashflow=OK, dividends=OK
2026-10-02 08:43:14,078 [INFO] [TIME] 9413 テレビ東京ホールディングス 処理時間: 1.28s
2026-10-02 08:43:15,519 [INFO] === 実行完了 (yf=495, warns=58, 総実行時間=23分9.7秒) ===
