2026-10-02 04:57:40,954 [INFO] === 実行開始 (499銘柄) ===
2026-10-02 04:57:41,352 [DEBUG] [TIME] 1301 info: 0.40s
2026-10-02 04:57:41,352 [DEBUG] yfinance OK: 1301
2026-10-02 04:57:41,531 [DEBUG] [TIME] 1301 income_stmt: 0.18s
2026-10-02 04:57:41,754 [DEBUG] [TIME] 1301 balance_sheet: 0.22s
2026-10-02 04:57:41,880 [DEBUG] [TIME] 1301 cashflow: 0.13s
2026-10-02 04:57:42,226 [DEBUG] [TIME] 1301 dividends: 0.35s
2026-10-02 04:57:42,228 [INFO] [DETAIL] 1301 極洋: income_stmt=OK, balance_sheet=OK, cashflow=OK, dividends=OK
2026-10-02 04:57:42,228 [INFO] [TIME] 1301 極洋 処理時間: 1.27s
2026-10-02 04:57:44,370 [DEBUG] [TIME] 130A info: 0.15s
2026-10-02 04:57:44,370 [DEBUG] yfinance OK: 130A
2026-10-02 04:57:44,489 [DEBUG] [TIME] 130A income_stmt: 0.12s
2026-10-02 04:57:44,718 [DEBUG] [TIME] 130A balance_sheet: 0.23s
2026-10-02 04:57:44,883 [DEBUG] [TIME] 130A cashflow: 0.16s
2026-10-02 04:57:44,984 [DEBUG] [TIME] 130A dividends: 0.10s
2026-10-02 04:57:44,985 [INFO] [DETAIL] 130A Ｖｅｒｉｔａｓ　Ｉｎ　Ｓｉｌｉｃｏ: income_stmt=OK, balance_sheet=OK, cashflow=OK, dividends=EMPTY
2026-10-02 04:57:44,985 [INFO] [TIME] 130A Ｖｅｒｉｔａｓ　Ｉｎ　Ｓｉｌｉｃｏ 処理時間: 0.77s
2026-10-02 04:57:46,269 [DEBUG] [TIME] 1332 info: 0.14s
2026-10-02 04:57:46,269 [DEBUG] yfinance OK: 1332
2026-10-02 04:57:46,403 [DEBUG] [TIME] 1332 income_stmt: 0.13s
2026-10-02 04:57:46,678 [DEBUG] [TIME] 1332 balance_sheet: 0.27s
2026-10-02 04:57:46,831 [DEBUG] [TIME] 1332 cashflow: 0.15s
2026-10-02 04:57:47,253 [DEBUG] [TIME] 1332 dividends: 0.42s
2026-10-02 04:57:47,254 [INFO] [DETAIL] 1332 ニッスイ: income_stmt=OK, balance_sheet=OK, cashflow=OK, dividends=OK
2026-10-02 04:57:47,254 [INFO] [TIME] 1332 ニッスイ 処理時間: 1.13s
2026-10-02 04:57:48,799 [DEBUG] [TIME] 1333 info: 0.16s
2026-10-02 04:57:48,799 [DEBUG] yfinance OK: 1333
2026-10-02 04:57:49,120 [DEBUG] [TIME] 1333 income_stmt: 0.32s
2026-10-02 04:57:49,399 [DEBUG] [TIME] 1333 balance_sheet: 0.28s
2026-10-02 04:57:49,603 [DEBUG] [TIME] 1333 cashflow: 0.20s
2026-10-02 04:57:49,846 [DEBUG] [TIME] 1333 dividends: 0.24s
2026-10-02 04:57:49,847 [INFO] [DETAIL] 1333 Ｕｍｉｏｓ: income_stmt=OK, balance_sheet=OK, cashflow=OK, dividends=OK
2026-10-02 04:57:49,848 [INFO] [TIME] 1333 Ｕｍｉｏｓ 処理時間: 1.20s
2026-10-02 04:57:51,055 [DEBUG] [TIME] 135A info: 0.15s
2026-10-02 04:57:51,055 [DEBUG] yfinance OK: 135A
2026-10-02 04:57:51,201 [DEBUG] [TIME] 135A income_stmt: 0.15s
2026-10-02 04:57:51,488 [DEBUG] [TIME] 135A balance_sheet: 0.29s
2026-10-02 04:57:51,725 [DEBUG] [TIME] 135A cashflow: 0.24s
2026-10-02 04:57:51,845 [DEBUG] [TIME] 135A dividends: 0.12s
2026-10-02 04:57:51,845 [INFO] [DETAIL] 135A ＶＲＡＩＮ　Ｓｏｌｕｔｉｏｎ: income_stmt=OK, balance_sheet=OK, cashflow=OK, dividends=EMPTY
2026-10-02 04:57:51,845 [INFO] [TIME] 135A ＶＲＡＩＮ　Ｓｏｌｕｔｉｏｎ 処理時間: 0.94s
2026-10-02 04:57:53,666 [DEBUG] [TIME] 1375 info: 0.17s
2026-10-02 04:57:53,667 [DEBUG] yfinance OK: 1375
2026-10-02 04:57:53,866 [DEBUG] [TIME] 1375 income_stmt: 0.20s
2026-10-02 04:57:54,101 [DEBUG] [TIME] 1375 balance_sheet: 0.23s
2026-10-02 04:57:54,353 [DEBUG] [TIME] 1375 cashflow: 0.25s
2026-10-02 04:57:54,599 [DEBUG] [TIME] 1375 dividends: 0.25s
2026-10-02 04:57:54,600 [INFO] [DETAIL] 1375 ユキグニファクトリー: income_stmt=OK, balance_sheet=OK, cashflow=OK, dividends=OK
2026-10-02 04:57:54,600 [INFO] [TIME] 1375 ユキグニファクトリー 処理時間: 1.10s
2026-10-02 04:57:56,550 [DEBUG] [TIME] 1376 info: 0.15s
2026-10-02 04:57:56,550 [DEBUG] yfinance OK: 1376
2026-10-02 04:57:56,733 [DEBUG] [TIME] 1376 income_stmt: 0.18s
2026-10-02 04:57:56,994 [DEBUG] [TIME] 1376 balance_sheet: 0.26s
2026-10-02 04:57:57,150 [DEBUG] [TIME] 1376 cashflow: 0.16s
2026-10-02 04:57:57,455 [DEBUG] [TIME] 1376 dividends: 0.30s
2026-10-02 04:57:57,456 [INFO] [DETAIL] 1376 カネコ種苗: income_stmt=OK, balance_sheet=OK, cashflow=OK, dividends=OK
2026-10-02 04:57:57,456 [INFO] [TIME] 1376 カネコ種苗 処理時間: 1.06s
2026-10-02 04:57:59,419 [DEBUG] [TIME] 1377 info: 0.15s
2026-10-02 04:57:59,419 [DEBUG] yfinance OK: 1377
2026-10-02 04:57:59,670 [DEBUG] [TIME] 1377 income_stmt: 0.25s
2026-10-02 04:57:59,865 [DEBUG] [TIME] 1377 balance_sheet: 0.19s
2026-10-02 04:58:00,025 [DEBUG] [TIME] 1377 cashflow: 0.16s
2026-10-02 04:58:00,323 [DEBUG] [TIME] 1377 dividends: 0.30s
2026-10-02 04:58:00,324 [INFO] [DETAIL] 1377 サカタのタネ: income_stmt=OK, balance_sheet=OK, cashflow=OK, dividends=OK
2026-10-02 04:58:00,324 [INFO] [TIME] 1377 サカタのタネ 処理時間: 1.05s
2026-10-02 04:58:01,609 [DEBUG] [TIME] 1379 info: 0.24s
2026-10-02 04:58:01,610 [DEBUG] yfinance OK: 1379
2026-10-02 04:58:01,753 [DEBUG] [TIME] 1379 income_stmt: 0.14s
2026-10-02 04:58:01,935 [DEBUG] [TIME] 1379 balance_sheet: 0.18s
2026-10-02 04:58:02,106 [DEBUG] [TIME] 1379 cashflow: 0.17s
2026-10-02 04:58:02,419 [DEBUG] [TIME] 1379 dividends: 0.31s
2026-10-02 04:58:02,420 [INFO] [DETAIL] 1379 ホクト: income_stmt=OK, balance_sheet=OK, cashflow=OK, dividends=OK
2026-10-02 04:58:02,420 [INFO] [TIME] 1379 ホクト 処理時間: 1.06s
2026-10-02 04:58:03,682 [DEBUG] [TIME] 137A info: 0.20s
2026-10-02 04:58:03,682 [DEBUG] yfinance OK: 137A
2026-10-02 04:58:03,799 [DEBUG] [TIME] 137A income_stmt: 0.12s
2026-10-02 04:58:03,961 [DEBUG] [TIME] 137A balance_sheet: 0.16s
2026-10-02 04:58:04,188 [DEBUG] [TIME] 137A cashflow: 0.23s
2026-10-02 04:58:04,305 [DEBUG] [TIME] 137A dividends: 0.12s
2026-10-02 04:58:04,305 [INFO] [DETAIL] 137A Ｃｏｃｏｌｉｖｅ: income_stmt=OK, balance_sheet=OK, cashflow=OK, dividends=EMPTY
2026-10-02 04:58:04,305 [INFO] [TIME] 137A Ｃｏｃｏｌｉｖｅ 処理時間: 0.83s
2026-10-02 04:58:05,539 [DEBUG] [TIME] 1380 info: 0.16s
2026-10-02 04:58:05,539 [DEBUG] yfinance OK: 1380
2026-10-02 04:58:05,653 [DEBUG] [TIME] 1380 income_stmt: 0.11s
2026-10-02 04:58:05,928 [DEBUG] [TIME] 1380 balance_sheet: 0.27s
2026-10-02 04:58:06,141 [DEBUG] [TIME] 1380 cashflow: 0.21s
2026-10-02 04:58:06,477 [DEBUG] [TIME] 1380 dividends: 0.34s
2026-10-02 04:58:06,478 [INFO] [DETAIL] 1380 秋川牧園: income_stmt=OK, balance_sheet=OK, cashflow=OK, dividends=OK
2026-10-02 04:58:06,478 [INFO] [TIME] 1380 秋川牧園 処理時間: 1.10s
2026-10-02 04:58:08,358 [DEBUG] [TIME] 1381 info: 0.15s
2026-10-02 04:58:08,358 [DEBUG] yfinance OK: 1381
2026-10-02 04:58:08,500 [DEBUG] [TIME] 1381 income_stmt: 0.14s
2026-10-02 04:58:08,652 [DEBUG] [TIME] 1381 balance_sheet: 0.15s
2026-10-02 04:58:08,762 [DEBUG] [TIME] 1381 cashflow: 0.11s
2026-10-02 04:58:08,999 [DEBUG] [TIME] 1381 dividends: 0.24s
2026-10-02 04:58:09,000 [INFO] [DETAIL] 1381 アクシーズ: income_stmt=OK, balance_sheet=OK, cashflow=OK, dividends=OK
2026-10-02 04:58:09,000 [INFO] [TIME] 1381 アクシーズ 処理時間: 0.80s
2026-10-02 04:58:10,494 [DEBUG] [TIME] 1382 info: 0.15s
2026-10-02 04:58:10,495 [DEBUG] yfinance OK: 1382
2026-10-02 04:58:10,631 [DEBUG] [TIME] 1382 income_stmt: 0.14s
2026-10-02 04:58:10,869 [DEBUG] [TIME] 1382 balance_sheet: 0.24s
2026-10-02 04:58:11,097 [DEBUG] [TIME] 1382 cashflow: 0.23s
2026-10-02 04:58:11,374 [DEBUG] [TIME] 1382 dividends: 0.28s
2026-10-02 04:58:11,375 [INFO] [DETAIL] 1382 ホーブ: income_stmt=OK, balance_sheet=OK, cashflow=OK, dividends=OK
2026-10-02 04:58:11,375 [INFO] [TIME] 1382 ホーブ 処理時間: 1.03s
2026-10-02 04:58:12,598 [DEBUG] [TIME] 1383 info: 0.15s
2026-10-02 04:58:12,598 [DEBUG] yfinance OK: 1383
2026-10-02 04:58:12,779 [DEBUG] [TIME] 1383 income_stmt: 0.18s
2026-10-02 04:58:12,949 [DEBUG] [TIME] 1383 balance_sheet: 0.17s
2026-10-02 04:58:13,171 [DEBUG] [TIME] 1383 cashflow: 0.22s
2026-10-02 04:58:13,396 [DEBUG] [TIME] 1383 dividends: 0.23s
2026-10-02 04:58:13,397 [INFO] [DETAIL] 1383 ベルグアース: income_stmt=OK, balance_sheet=OK, cashflow=OK, dividends=OK
2026-10-02 04:58:13,397 [INFO] [TIME] 1383 ベルグアース 処理時間: 0.95s
2026-10-02 04:58:15,411 [DEBUG] [TIME] 1384 info: 0.15s
2026-10-02 04:58:15,411 [DEBUG] yfinance OK: 1384
2026-10-02 04:58:15,541 [DEBUG] [TIME] 1384 income_stmt: 0.13s
2026-10-02 04:58:15,702 [DEBUG] [TIME] 1384 balance_sheet: 0.16s
2026-10-02 04:58:15,863 [DEBUG] [TIME] 1384 cashflow: 0.16s
2026-10-02 04:58:16,055 [DEBUG] [TIME] 1384 dividends: 0.19s
2026-10-02 04:58:16,056 [INFO] [DETAIL] 1384 ホクリヨウ: income_stmt=OK, balance_sheet=OK, cashflow=OK, dividends=OK
2026-10-02 04:58:16,057 [INFO] [TIME] 1384 ホクリヨウ 処理時間: 0.79s
2026-10-02 04:58:18,120 [DEBUG] [TIME] 138A info: 0.15s
2026-10-02 04:58:18,120 [DEBUG] yfinance OK: 138A
2026-10-02 04:58:18,320 [DEBUG] [TIME] 138A income_stmt: 0.20s
2026-10-02 04:58:18,474 [DEBUG] [TIME] 138A balance_sheet: 0.15s
2026-10-02 04:58:18,678 [DEBUG] [TIME] 138A cashflow: 0.20s
2026-10-02 04:58:18,801 [DEBUG] [TIME] 138A dividends: 0.12s
2026-10-02 04:58:18,802 [INFO] [DETAIL] 138A 光フードサービス: income_stmt=OK, balance_sheet=OK, cashflow=OK, dividends=OK
2026-10-02 04:58:18,802 [INFO] [TIME] 138A 光フードサービス 処理時間: 0.83s
2026-10-02 04:58:20,805 [DEBUG] [TIME] 1401 info: 0.20s
2026-10-02 04:58:20,805 [DEBUG] yfinance OK: 1401
2026-10-02 04:58:20,977 [DEBUG] [TIME] 1401 income_stmt: 0.17s
2026-10-02 04:58:21,206 [DEBUG] [TIME] 1401 balance_sheet: 0.23s
2026-10-02 04:58:21,409 [DEBUG] [TIME] 1401 cashflow: 0.20s
2026-10-02 04:58:21,588 [DEBUG] [TIME] 1401 dividends: 0.18s
2026-10-02 04:58:21,589 [INFO] [DETAIL] 1401 エムビーエス: income_stmt=OK, balance_sheet=OK, cashflow=OK, dividends=OK
2026-10-02 04:58:21,589 [INFO] [TIME] 1401 エムビーエス 処理時間: 0.98s
2026-10-02 04:58:23,621 [DEBUG] [TIME] 1407 info: 0.15s
2026-10-02 04:58:23,621 [DEBUG] yfinance OK: 1407
2026-10-02 04:58:23,778 [DEBUG] [TIME] 1407 income_stmt: 0.16s
2026-10-02 04:58:23,921 [DEBUG] [TIME] 1407 balance_sheet: 0.14s
2026-10-02 04:58:24,132 [DEBUG] [TIME] 1407 cashflow: 0.21s
2026-10-02 04:58:24,396 [DEBUG] [TIME] 1407 dividends: 0.26s
2026-10-02 04:58:24,397 [INFO] [DETAIL] 1407 ウエストホールディングス: income_stmt=OK, balance_sheet=OK, cashflow=OK, dividends=OK
2026-10-02 04:58:24,398 [INFO] [TIME] 1407 ウエストホールディングス 処理時間: 0.92s
2026-10-02 04:58:26,453 [DEBUG] [TIME] 1414 info: 0.19s
2026-10-02 04:58:26,454 [DEBUG] yfinance OK: 1414
2026-10-02 04:58:26,569 [DEBUG] [TIME] 1414 income_stmt: 0.12s
2026-10-02 04:58:26,764 [DEBUG] [TIME] 1414 balance_sheet: 0.19s
2026-10-02 04:58:26,907 [DEBUG] [TIME] 1414 cashflow: 0.14s
2026-10-02 04:58:27,181 [DEBUG] [TIME] 1414 dividends: 0.27s
2026-10-02 04:58:27,183 [INFO] [DETAIL] 1414 ショーボンドホールディングス: income_stmt=OK, balance_sheet=OK, cashflow=OK, dividends=OK
2026-10-02 04:58:27,183 [INFO] [TIME] 1414 ショーボンドホールディングス 処理時間: 0.92s
2026-10-02 04:58:28,757 [DEBUG] [TIME] 1417 info: 0.15s
2026-10-02 04:58:28,757 [DEBUG] yfinance OK: 1417
2026-10-02 04:58:28,956 [DEBUG] [TIME] 1417 income_stmt: 0.20s
2026-10-02 04:58:29,128 [DEBUG] [TIME] 1417 balance_sheet: 0.17s
2026-10-02 04:58:29,378 [DEBUG] [TIME] 1417 cashflow: 0.25s
2026-10-02 04:58:29,605 [DEBUG] [TIME] 1417 dividends: 0.23s
2026-10-02 04:58:29,606 [INFO] [DETAIL] 1417 ミライト・ワン: income_stmt=OK, balance_sheet=OK, cashflow=OK, dividends=OK
2026-10-02 04:58:29,606 [INFO] [TIME] 1417 ミライト・ワン 処理時間: 1.00s
2026-10-02 04:58:30,982 [DEBUG] [TIME] 1418 info: 0.15s
2026-10-02 04:58:30,982 [DEBUG] yfinance OK: 1418
2026-10-02 04:58:31,227 [DEBUG] [TIME] 1418 income_stmt: 0.24s
2026-10-02 04:58:31,407 [DEBUG] [TIME] 1418 balance_sheet: 0.18s
2026-10-02 04:58:31,556 [DEBUG] [TIME] 1418 cashflow: 0.15s
2026-10-02 04:58:31,778 [DEBUG] [TIME] 1418 dividends: 0.22s
2026-10-02 04:58:31,779 [INFO] [DETAIL] 1418 インターライフホールディングス: income_stmt=OK, balance_sheet=OK, cashflow=OK, dividends=OK
2026-10-02 04:58:31,779 [INFO] [TIME] 1418 インターライフホールディングス 処理時間: 0.95s
2026-10-02 04:58:33,333 [DEBUG] [TIME] 1419 info: 0.15s
2026-10-02 04:58:33,333 [DEBUG] yfinance OK: 1419
2026-10-02 04:58:33,494 [DEBUG] [TIME] 1419 income_stmt: 0.16s
2026-10-02 04:58:33,681 [DEBUG] [TIME] 1419 balance_sheet: 0.19s
2026-10-02 04:58:33,865 [DEBUG] [TIME] 1419 cashflow: 0.18s
2026-10-02 04:58:34,105 [DEBUG] [TIME] 1419 dividends: 0.24s
2026-10-02 04:58:34,106 [INFO] [DETAIL] 1419 タマホーム: income_stmt=OK, balance_sheet=OK, cashflow=OK, dividends=OK
2026-10-02 04:58:34,106 [INFO] [TIME] 1419 タマホーム 処理時間: 0.92s
2026-10-02 04:58:35,407 [DEBUG] [TIME] 141A info: 0.20s
2026-10-02 04:58:35,407 [DEBUG] yfinance OK: 141A
2026-10-02 04:58:35,537 [DEBUG] [TIME] 141A income_stmt: 0.13s
2026-10-02 04:58:35,772 [DEBUG] [TIME] 141A balance_sheet: 0.23s
2026-10-02 04:58:35,921 [DEBUG] [TIME] 141A cashflow: 0.15s
2026-10-02 04:58:36,059 [DEBUG] [TIME] 141A dividends: 0.14s
2026-10-02 04:58:36,060 [INFO] [DETAIL] 141A トライアルホールディングス: income_stmt=OK, balance_sheet=OK, cashflow=OK, dividends=OK
2026-10-02 04:58:36,060 [INFO] [TIME] 141A トライアルホールディングス 処理時間: 0.85s
2026-10-02 04:58:38,177 [DEBUG] [TIME] 1420 info: 0.19s
2026-10-02 04:58:38,177 [DEBUG] yfinance OK: 1420
2026-10-02 04:58:38,294 [DEBUG] [TIME] 1420 income_stmt: 0.12s
2026-10-02 04:58:38,553 [DEBUG] [TIME] 1420 balance_sheet: 0.26s
2026-10-02 04:58:38,728 [DEBUG] [TIME] 1420 cashflow: 0.17s
2026-10-02 04:58:38,951 [DEBUG] [TIME] 1420 dividends: 0.22s
2026-10-02 04:58:38,952 [INFO] [DETAIL] 1420 サンヨーホームズ: income_stmt=OK, balance_sheet=OK, cashflow=OK, dividends=OK
2026-10-02 04:58:38,952 [INFO] [TIME] 1420 サンヨーホームズ 処理時間: 0.97s
2026-10-02 04:58:40,716 [DEBUG] [TIME] 1429 info: 0.16s
2026-10-02 04:58:40,716 [DEBUG] yfinance OK: 1429
2026-10-02 04:58:40,913 [DEBUG] [TIME] 1429 income_stmt: 0.20s
2026-10-02 04:58:41,208 [DEBUG] [TIME] 1429 balance_sheet: 0.29s
2026-10-02 04:58:41,461 [DEBUG] [TIME] 1429 cashflow: 0.25s
2026-10-02 04:58:41,704 [DEBUG] [TIME] 1429 dividends: 0.24s
2026-10-02 04:58:41,705 [INFO] [DETAIL] 1429 日本アクア: income_stmt=OK, balance_sheet=OK, cashflow=OK, dividends=OK
2026-10-02 04:58:41,706 [INFO] [TIME] 1429 日本アクア 処理時間: 1.15s
2026-10-02 04:58:43,614 [DEBUG] [TIME] 142A info: 0.16s
2026-10-02 04:58:43,614 [DEBUG] yfinance OK: 142A
2026-10-02 04:58:43,739 [DEBUG] [TIME] 142A income_stmt: 0.12s
2026-10-02 04:58:44,068 [DEBUG] [TIME] 142A balance_sheet: 0.33s
2026-10-02 04:58:44,325 [DEBUG] [TIME] 142A cashflow: 0.26s
2026-10-02 04:58:44,456 [DEBUG] [TIME] 142A dividends: 0.13s
2026-10-02 04:58:44,456 [INFO] [DETAIL] 142A ジンジブ: income_stmt=OK, balance_sheet=OK, cashflow=OK, dividends=EMPTY
2026-10-02 04:58:44,456 [INFO] [TIME] 142A ジンジブ 処理時間: 1.00s
2026-10-02 04:58:45,631 [DEBUG] [TIME] 1430 info: 0.16s
2026-10-02 04:58:45,631 [DEBUG] yfinance OK: 1430
2026-10-02 04:58:45,784 [DEBUG] [TIME] 1430 income_stmt: 0.15s
2026-10-02 04:58:45,948 [DEBUG] [TIME] 1430 balance_sheet: 0.16s
2026-10-02 04:58:46,118 [DEBUG] [TIME] 1430 cashflow: 0.17s
2026-10-02 04:58:46,342 [DEBUG] [TIME] 1430 dividends: 0.22s
2026-10-02 04:58:46,343 [INFO] [DETAIL] 1430 ファーストコーポレーション: income_stmt=OK, balance_sheet=OK, cashflow=OK, dividends=OK
2026-10-02 04:58:46,343 [INFO] [TIME] 1430 ファーストコーポレーション 処理時間: 0.87s
2026-10-02 04:58:48,353 [DEBUG] [TIME] 1431 info: 0.15s
2026-10-02 04:58:48,354 [DEBUG] yfinance OK: 1431
2026-10-02 04:58:48,576 [DEBUG] [TIME] 1431 income_stmt: 0.22s
2026-10-02 04:58:48,741 [DEBUG] [TIME] 1431 balance_sheet: 0.16s
2026-10-02 04:58:48,919 [DEBUG] [TIME] 1431 cashflow: 0.18s
2026-10-02 04:58:49,126 [DEBUG] [TIME] 1431 dividends: 0.21s
2026-10-02 04:58:49,128 [INFO] [DETAIL] 1431 Ｌｉｂ　Ｗｏｒｋ: income_stmt=OK, balance_sheet=OK, cashflow=OK, dividends=OK
2026-10-02 04:58:49,128 [INFO] [TIME] 1431 Ｌｉｂ　Ｗｏｒｋ 処理時間: 0.93s
2026-10-02 04:58:50,883 [DEBUG] [TIME] 1433 info: 0.15s
2026-10-02 04:58:50,883 [DEBUG] yfinance OK: 1433
2026-10-02 04:58:51,119 [DEBUG] [TIME] 1433 income_stmt: 0.24s
2026-10-02 04:58:51,399 [DEBUG] [TIME] 1433 balance_sheet: 0.28s
2026-10-02 04:58:51,624 [DEBUG] [TIME] 1433 cashflow: 0.22s
2026-10-02 04:58:51,805 [DEBUG] [TIME] 1433 dividends: 0.18s
2026-10-02 04:58:51,806 [INFO] [DETAIL] 1433 ベステラ: income_stmt=OK, balance_sheet=OK, cashflow=OK, dividends=OK
2026-10-02 04:58:51,806 [INFO] [TIME] 1433 ベステラ 処理時間: 1.07s
2026-10-02 04:58:53,414 [DEBUG] [TIME] 1434 info: 0.15s
2026-10-02 04:58:53,414 [DEBUG] yfinance OK: 1434
2026-10-02 04:58:53,551 [DEBUG] [TIME] 1434 income_stmt: 0.14s
2026-10-02 04:58:53,792 [DEBUG] [TIME] 1434 balance_sheet: 0.24s
2026-10-02 04:58:53,978 [DEBUG] [TIME] 1434 cashflow: 0.18s
2026-10-02 04:58:54,194 [DEBUG] [TIME] 1434 dividends: 0.22s
2026-10-02 04:58:54,195 [INFO] [DETAIL] 1434 ＪＥＳＣＯホールディングス: income_stmt=OK, balance_sheet=OK, cashflow=OK, dividends=OK
2026-10-02 04:58:54,195 [INFO] [TIME] 1434 ＪＥＳＣＯホールディングス 処理時間: 0.93s
2026-10-02 04:58:55,395 [DEBUG] [TIME] 1435 info: 0.16s
2026-10-02 04:58:55,395 [DEBUG] yfinance OK: 1435
2026-10-02 04:58:55,599 [DEBUG] [TIME] 1435 income_stmt: 0.20s
2026-10-02 04:58:55,894 [DEBUG] [TIME] 1435 balance_sheet: 0.29s
2026-10-02 04:58:56,084 [DEBUG] [TIME] 1435 cashflow: 0.19s
2026-10-02 04:58:56,268 [DEBUG] [TIME] 1435 dividends: 0.18s
2026-10-02 04:58:56,269 [INFO] [DETAIL] 1435 ｒｏｂｏｔ　ｈｏｍｅ: income_stmt=OK, balance_sheet=OK, cashflow=OK, dividends=OK
2026-10-02 04:58:56,269 [INFO] [TIME] 1435 ｒｏｂｏｔ　ｈｏｍｅ 処理時間: 1.04s
2026-10-02 04:58:57,657 [DEBUG] [TIME] 1436 info: 0.15s
2026-10-02 04:58:57,657 [DEBUG] yfinance OK: 1436
2026-10-02 04:58:57,808 [DEBUG] [TIME] 1436 income_stmt: 0.15s
2026-10-02 04:58:57,977 [DEBUG] [TIME] 1436 balance_sheet: 0.17s
2026-10-02 04:58:58,440 [DEBUG] [TIME] 1436 cashflow: 0.46s
2026-10-02 04:58:58,696 [DEBUG] [TIME] 1436 dividends: 0.26s
2026-10-02 04:58:58,697 [INFO] [DETAIL] 1436 グリーンエナジー＆カンパニー: income_stmt=OK, balance_sheet=OK, cashflow=OK, dividends=OK
2026-10-02 04:58:58,697 [INFO] [TIME] 1436 グリーンエナジー＆カンパニー 処理時間: 1.19s
2026-10-02 04:59:00,313 [DEBUG] [TIME] 1438 info: 0.16s
2026-10-02 04:59:00,313 [DEBUG] yfinance OK: 1438
2026-10-02 04:59:00,519 [DEBUG] [TIME] 1438 income_stmt: 0.21s
2026-10-02 04:59:00,737 [DEBUG] [TIME] 1438 balance_sheet: 0.22s
2026-10-02 04:59:00,926 [DEBUG] [TIME] 1438 cashflow: 0.19s
2026-10-02 04:59:01,083 [DEBUG] [TIME] 1438 dividends: 0.16s
2026-10-02 04:59:01,084 [INFO] [DETAIL] 1438 岐阜造園: income_stmt=OK, balance_sheet=OK, cashflow=OK, dividends=OK
2026-10-02 04:59:01,084 [INFO] [TIME] 1438 岐阜造園 処理時間: 0.93s
2026-10-02 04:59:02,922 [DEBUG] [TIME] 143A info: 0.27s
2026-10-02 04:59:02,923 [DEBUG] yfinance OK: 143A
2026-10-02 04:59:03,178 [DEBUG] [TIME] 143A income_stmt: 0.26s
2026-10-02 04:59:03,435 [DEBUG] [TIME] 143A balance_sheet: 0.26s
2026-10-02 04:59:03,605 [DEBUG] [TIME] 143A cashflow: 0.17s
2026-10-02 04:59:03,703 [DEBUG] [TIME] 143A dividends: 0.10s
2026-10-02 04:59:03,703 [INFO] [DETAIL] 143A イシン: income_stmt=OK, balance_sheet=OK, cashflow=OK, dividends=EMPTY
2026-10-02 04:59:03,703 [INFO] [TIME] 143A イシン 処理時間: 1.05s
2026-10-02 04:59:05,298 [DEBUG] [TIME] 1443 info: 0.20s
2026-10-02 04:59:05,299 [DEBUG] yfinance OK: 1443
2026-10-02 04:59:05,430 [DEBUG] [TIME] 1443 income_stmt: 0.13s
2026-10-02 04:59:05,601 [DEBUG] [TIME] 1443 balance_sheet: 0.17s
2026-10-02 04:59:05,781 [DEBUG] [TIME] 1443 cashflow: 0.18s
2026-10-02 04:59:06,093 [DEBUG] [TIME] 1443 dividends: 0.31s
2026-10-02 04:59:06,094 [INFO] [DETAIL] 1443 技研ホールディングス: income_stmt=OK, balance_sheet=OK, cashflow=OK, dividends=OK
2026-10-02 04:59:06,094 [INFO] [TIME] 1443 技研ホールディングス 処理時間: 1.00s
2026-10-02 04:59:07,602 [DEBUG] [TIME] 1444 info: 0.17s
2026-10-02 04:59:07,603 [DEBUG] yfinance OK: 1444
2026-10-02 04:59:07,784 [DEBUG] [TIME] 1444 income_stmt: 0.18s
2026-10-02 04:59:08,030 [DEBUG] [TIME] 1444 balance_sheet: 0.25s
2026-10-02 04:59:08,180 [DEBUG] [TIME] 1444 cashflow: 0.15s
2026-10-02 04:59:08,383 [DEBUG] [TIME] 1444 dividends: 0.20s
2026-10-02 04:59:08,384 [INFO] [DETAIL] 1444 ニッソウ: income_stmt=OK, balance_sheet=OK, cashflow=OK, dividends=EMPTY
2026-10-02 04:59:08,384 [INFO] [TIME] 1444 ニッソウ 処理時間: 0.95s
2026-10-02 04:59:09,880 [DEBUG] [TIME] 1446 info: 0.15s
2026-10-02 04:59:09,880 [DEBUG] yfinance OK: 1446
2026-10-02 04:59:10,098 [DEBUG] [TIME] 1446 income_stmt: 0.22s
2026-10-02 04:59:10,396 [DEBUG] [TIME] 1446 balance_sheet: 0.30s
2026-10-02 04:59:10,564 [DEBUG] [TIME] 1446 cashflow: 0.17s
2026-10-02 04:59:10,811 [DEBUG] [TIME] 1446 dividends: 0.25s
2026-10-02 04:59:10,812 [INFO] [DETAIL] 1446 キャンディル: income_stmt=OK, balance_sheet=OK, cashflow=OK, dividends=OK
2026-10-02 04:59:10,812 [INFO] [TIME] 1446 キャンディル 処理時間: 1.08s
2026-10-02 04:59:12,871 [DEBUG] [TIME] 1447 info: 0.17s
2026-10-02 04:59:12,871 [DEBUG] yfinance OK: 1447
2026-10-02 04:59:13,023 [DEBUG] [TIME] 1447 income_stmt: 0.15s
2026-10-02 04:59:13,338 [DEBUG] [TIME] 1447 balance_sheet: 0.31s
2026-10-02 04:59:13,510 [DEBUG] [TIME] 1447 cashflow: 0.17s
2026-10-02 04:59:13,649 [DEBUG] [TIME] 1447 dividends: 0.14s
2026-10-02 04:59:13,649 [INFO] [DETAIL] 1447 ＳＡＡＦホールディングス: income_stmt=OK, balance_sheet=OK, cashflow=OK, dividends=OK
2026-10-02 04:59:13,650 [INFO] [TIME] 1447 ＳＡＡＦホールディングス 処理時間: 0.95s
2026-10-02 04:59:15,246 [DEBUG] [TIME] 1450 info: 0.18s
2026-10-02 04:59:15,246 [DEBUG] yfinance OK: 1450
2026-10-02 04:59:15,453 [DEBUG] [TIME] 1450 income_stmt: 0.21s
2026-10-02 04:59:15,607 [DEBUG] [TIME] 1450 balance_sheet: 0.15s
2026-10-02 04:59:15,842 [DEBUG] [TIME] 1450 cashflow: 0.23s
2026-10-02 04:59:16,105 [DEBUG] [TIME] 1450 dividends: 0.26s
2026-10-02 04:59:16,106 [INFO] [DETAIL] 1450 ＴＡＮＡＫＥＮ: income_stmt=OK, balance_sheet=OK, cashflow=OK, dividends=OK
2026-10-02 04:59:16,106 [INFO] [TIME] 1450 ＴＡＮＡＫＥＮ 処理時間: 1.04s
2026-10-02 04:59:17,943 [DEBUG] [TIME] 145A info: 0.14s
2026-10-02 04:59:17,943 [DEBUG] yfinance OK: 145A
2026-10-02 04:59:18,084 [DEBUG] [TIME] 145A income_stmt: 0.14s
2026-10-02 04:59:18,351 [DEBUG] [TIME] 145A balance_sheet: 0.27s
2026-10-02 04:59:18,557 [DEBUG] [TIME] 145A cashflow: 0.21s
2026-10-02 04:59:18,652 [DEBUG] [TIME] 145A dividends: 0.09s
2026-10-02 04:59:18,652 [INFO] [DETAIL] 145A Ｌ　ｉｓ　Ｂ: income_stmt=OK, balance_sheet=OK, cashflow=OK, dividends=EMPTY
2026-10-02 04:59:18,652 [INFO] [TIME] 145A Ｌ　ｉｓ　Ｂ 処理時間: 0.85s
2026-10-02 04:59:20,085 [DEBUG] [TIME] 146A info: 0.16s
2026-10-02 04:59:20,085 [DEBUG] yfinance OK: 146A
2026-10-02 04:59:20,270 [DEBUG] [TIME] 146A income_stmt: 0.19s
2026-10-02 04:59:20,445 [DEBUG] [TIME] 146A balance_sheet: 0.17s
2026-10-02 04:59:20,613 [DEBUG] [TIME] 146A cashflow: 0.17s
2026-10-02 04:59:20,757 [DEBUG] [TIME] 146A dividends: 0.14s
2026-10-02 04:59:20,758 [INFO] [DETAIL] 146A コロンビア・ワークス: income_stmt=OK, balance_sheet=OK, cashflow=OK, dividends=OK
2026-10-02 04:59:20,758 [INFO] [TIME] 146A コロンビア・ワークス 処理時間: 0.84s
2026-10-02 04:59:21,947 [DEBUG] [TIME] 147A info: 0.17s
2026-10-02 04:59:21,947 [DEBUG] yfinance OK: 147A
2026-10-02 04:59:22,099 [DEBUG] [TIME] 147A income_stmt: 0.15s
2026-10-02 04:59:22,323 [DEBUG] [TIME] 147A balance_sheet: 0.22s
2026-10-02 04:59:22,522 [DEBUG] [TIME] 147A cashflow: 0.20s
2026-10-02 04:59:22,651 [DEBUG] [TIME] 147A dividends: 0.13s
2026-10-02 04:59:22,651 [INFO] [DETAIL] 147A ソラコム: income_stmt=OK, balance_sheet=OK, cashflow=OK, dividends=EMPTY
2026-10-02 04:59:22,651 [INFO] [TIME] 147A ソラコム 処理時間: 0.88s
2026-10-02 04:59:23,999 [DEBUG] [TIME] 148A info: 0.15s
2026-10-02 04:59:23,999 [DEBUG] yfinance OK: 148A
2026-10-02 04:59:24,183 [DEBUG] [TIME] 148A income_stmt: 0.18s
2026-10-02 04:59:24,474 [DEBUG] [TIME] 148A balance_sheet: 0.29s
2026-10-02 04:59:24,647 [DEBUG] [TIME] 148A cashflow: 0.17s
2026-10-02 04:59:24,749 [DEBUG] [TIME] 148A dividends: 0.10s
2026-10-02 04:59:24,749 [INFO] [DETAIL] 148A ハッチ・ワーク: income_stmt=OK, balance_sheet=OK, cashflow=OK, dividends=EMPTY
2026-10-02 04:59:24,749 [INFO] [TIME] 148A ハッチ・ワーク 処理時間: 0.90s
2026-10-02 04:59:26,223 [DEBUG] [TIME] 1491 info: 0.15s
2026-10-02 04:59:26,224 [DEBUG] yfinance OK: 1491
2026-10-02 04:59:26,341 [DEBUG] [TIME] 1491 income_stmt: 0.12s
2026-10-02 04:59:26,669 [DEBUG] [TIME] 1491 balance_sheet: 0.33s
2026-10-02 04:59:26,888 [DEBUG] [TIME] 1491 cashflow: 0.22s
2026-10-02 04:59:27,208 [DEBUG] [TIME] 1491 dividends: 0.32s
2026-10-02 04:59:27,209 [INFO] [DETAIL] 1491 中外鉱業: income_stmt=OK, balance_sheet=OK, cashflow=OK, dividends=OK
2026-10-02 04:59:27,209 [INFO] [TIME] 1491 中外鉱業 処理時間: 1.14s
2026-10-02 04:59:28,442 [DEBUG] [TIME] 149A info: 0.14s
2026-10-02 04:59:28,442 [DEBUG] yfinance OK: 149A
2026-10-02 04:59:28,642 [DEBUG] [TIME] 149A income_stmt: 0.20s
2026-10-02 04:59:28,831 [DEBUG] [TIME] 149A balance_sheet: 0.19s
2026-10-02 04:59:28,972 [DEBUG] [TIME] 149A cashflow: 0.14s
2026-10-02 04:59:29,107 [DEBUG] [TIME] 149A dividends: 0.13s
2026-10-02 04:59:29,107 [INFO] [DETAIL] 149A シンカ: income_stmt=OK, balance_sheet=OK, cashflow=OK, dividends=EMPTY
2026-10-02 04:59:29,108 [INFO] [TIME] 149A シンカ 処理時間: 0.81s
2026-10-02 04:59:31,182 [DEBUG] [TIME] 150A info: 0.25s
2026-10-02 04:59:31,182 [DEBUG] yfinance OK: 150A
2026-10-02 04:59:31,300 [DEBUG] [TIME] 150A income_stmt: 0.12s
2026-10-02 04:59:31,542 [DEBUG] [TIME] 150A balance_sheet: 0.24s
2026-10-02 04:59:31,725 [DEBUG] [TIME] 150A cashflow: 0.18s
2026-10-02 04:59:31,824 [DEBUG] [TIME] 150A dividends: 0.10s
2026-10-02 04:59:31,824 [INFO] [DETAIL] 150A ＪＳＨ: income_stmt=OK, balance_sheet=OK, cashflow=OK, dividends=EMPTY
2026-10-02 04:59:31,825 [INFO] [TIME] 150A ＪＳＨ 処理時間: 0.89s
2026-10-02 04:59:33,115 [DEBUG] [TIME] 1514 info: 0.21s
2026-10-02 04:59:33,116 [DEBUG] yfinance OK: 1514
2026-10-02 04:59:33,290 [DEBUG] [TIME] 1514 income_stmt: 0.17s
2026-10-02 04:59:33,485 [DEBUG] [TIME] 1514 balance_sheet: 0.19s
2026-10-02 04:59:33,628 [DEBUG] [TIME] 1514 cashflow: 0.14s
2026-10-02 04:59:33,897 [DEBUG] [TIME] 1514 dividends: 0.27s
2026-10-02 04:59:33,898 [INFO] [DETAIL] 1514 住石ホールディングス: income_stmt=OK, balance_sheet=OK, cashflow=OK, dividends=OK
2026-10-02 04:59:33,898 [INFO] [TIME] 1514 住石ホールディングス 処理時間: 0.99s
2026-10-02 04:59:35,844 [DEBUG] [TIME] 1515 info: 0.20s
2026-10-02 04:59:35,844 [DEBUG] yfinance OK: 1515
2026-10-02 04:59:35,952 [DEBUG] [TIME] 1515 income_stmt: 0.11s
2026-10-02 04:59:36,113 [DEBUG] [TIME] 1515 balance_sheet: 0.16s
2026-10-02 04:59:36,305 [DEBUG] [TIME] 1515 cashflow: 0.19s
2026-10-02 04:59:36,633 [DEBUG] [TIME] 1515 dividends: 0.33s
2026-10-02 04:59:36,634 [INFO] [DETAIL] 1515 日鉄鉱業: income_stmt=OK, balance_sheet=OK, cashflow=OK, dividends=OK
2026-10-02 04:59:36,634 [INFO] [TIME] 1515 日鉄鉱業 処理時間: 0.99s
2026-10-02 04:59:38,756 [DEBUG] [TIME] 1518 info: 0.15s
2026-10-02 04:59:38,756 [DEBUG] yfinance OK: 1518
2026-10-02 04:59:38,887 [DEBUG] [TIME] 1518 income_stmt: 0.13s
2026-10-02 04:59:39,104 [DEBUG] [TIME] 1518 balance_sheet: 0.22s
2026-10-02 04:59:39,286 [DEBUG] [TIME] 1518 cashflow: 0.18s
2026-10-02 04:59:39,701 [DEBUG] [TIME] 1518 dividends: 0.41s
2026-10-02 04:59:39,703 [INFO] [DETAIL] 1518 三井松島ホールディングス: income_stmt=OK, balance_sheet=OK, cashflow=OK, dividends=OK
2026-10-02 04:59:39,703 [INFO] [TIME] 1518 三井松島ホールディングス 処理時間: 1.10s
2026-10-02 04:59:41,160 [DEBUG] [TIME] 151A info: 0.15s
2026-10-02 04:59:41,160 [DEBUG] yfinance OK: 151A
2026-10-02 04:59:41,298 [DEBUG] [TIME] 151A income_stmt: 0.14s
2026-10-02 04:59:41,421 [DEBUG] [TIME] 151A balance_sheet: 0.12s
2026-10-02 04:59:41,528 [DEBUG] [TIME] 151A cashflow: 0.11s
2026-10-02 04:59:41,679 [DEBUG] [TIME] 151A dividends: 0.15s
2026-10-02 04:59:41,679 [INFO] [DETAIL] 151A ダイブ: income_stmt=OK, balance_sheet=OK, cashflow=OK, dividends=EMPTY
2026-10-02 04:59:41,679 [INFO] [TIME] 151A ダイブ 処理時間: 0.67s
2026-10-02 04:59:43,062 [DEBUG] [TIME] 153A info: 0.16s
2026-10-02 04:59:43,062 [DEBUG] yfinance OK: 153A
2026-10-02 04:59:43,228 [DEBUG] [TIME] 153A income_stmt: 0.17s
2026-10-02 04:59:43,479 [DEBUG] [TIME] 153A balance_sheet: 0.25s
2026-10-02 04:59:43,761 [DEBUG] [TIME] 153A cashflow: 0.28s
2026-10-02 04:59:43,888 [DEBUG] [TIME] 153A dividends: 0.13s
2026-10-02 04:59:43,889 [INFO] [DETAIL] 153A カウリス: income_stmt=OK, balance_sheet=OK, cashflow=OK, dividends=OK
2026-10-02 04:59:43,889 [INFO] [TIME] 153A カウリス 処理時間: 0.99s
2026-10-02 04:59:45,371 [DEBUG] [TIME] 155A info: 0.15s
2026-10-02 04:59:45,371 [DEBUG] yfinance OK: 155A
2026-10-02 04:59:45,541 [DEBUG] [TIME] 155A income_stmt: 0.17s
2026-10-02 04:59:45,700 [DEBUG] [TIME] 155A balance_sheet: 0.16s
2026-10-02 04:59:45,823 [DEBUG] [TIME] 155A cashflow: 0.12s
2026-10-02 04:59:45,948 [DEBUG] [TIME] 155A dividends: 0.12s
2026-10-02 04:59:45,948 [INFO] [DETAIL] 155A 情報戦略テクノロジー: income_stmt=OK, balance_sheet=OK, cashflow=OK, dividends=EMPTY
2026-10-02 04:59:45,948 [INFO] [TIME] 155A 情報戦略テクノロジー 処理時間: 0.73s
2026-10-02 04:59:47,665 [DEBUG] [TIME] 156A info: 0.15s
2026-10-02 04:59:47,665 [DEBUG] yfinance OK: 156A
2026-10-02 04:59:47,886 [DEBUG] [TIME] 156A income_stmt: 0.22s
2026-10-02 04:59:48,026 [DEBUG] [TIME] 156A balance_sheet: 0.14s
2026-10-02 04:59:48,284 [DEBUG] [TIME] 156A cashflow: 0.26s
2026-10-02 04:59:48,411 [DEBUG] [TIME] 156A dividends: 0.13s
2026-10-02 04:59:48,412 [INFO] [DETAIL] 156A マテリアルグループ: income_stmt=OK, balance_sheet=OK, cashflow=OK, dividends=OK
2026-10-02 04:59:48,412 [INFO] [TIME] 156A マテリアルグループ 処理時間: 0.90s
2026-10-02 04:59:50,186 [DEBUG] [TIME] 157A info: 0.15s
2026-10-02 04:59:50,187 [DEBUG] yfinance OK: 157A
2026-10-02 04:59:50,320 [DEBUG] [TIME] 157A income_stmt: 0.13s
2026-10-02 04:59:50,460 [DEBUG] [TIME] 157A balance_sheet: 0.14s
2026-10-02 04:59:50,664 [DEBUG] [TIME] 157A cashflow: 0.20s
2026-10-02 04:59:50,778 [DEBUG] [TIME] 157A dividends: 0.11s
2026-10-02 04:59:50,779 [INFO] [DETAIL] 157A グリーンモンスター: income_stmt=OK, balance_sheet=OK, cashflow=OK, dividends=OK
2026-10-02 04:59:50,779 [INFO] [TIME] 157A グリーンモンスター 処理時間: 0.74s
2026-10-02 04:59:52,455 [DEBUG] [TIME] 1605 info: 0.24s
2026-10-02 04:59:52,455 [DEBUG] yfinance OK: 1605
2026-10-02 04:59:52,698 [DEBUG] [TIME] 1605 income_stmt: 0.24s
2026-10-02 04:59:52,993 [DEBUG] [TIME] 1605 balance_sheet: 0.29s
2026-10-02 04:59:53,201 [DEBUG] [TIME] 1605 cashflow: 0.21s
2026-10-02 04:59:53,524 [DEBUG] [TIME] 1605 dividends: 0.32s
2026-10-02 04:59:53,525 [INFO] [DETAIL] 1605 ＩＮＰＥＸ: income_stmt=OK, balance_sheet=OK, cashflow=OK, dividends=OK
2026-10-02 04:59:53,526 [INFO] [TIME] 1605 ＩＮＰＥＸ 処理時間: 1.31s
2026-10-02 04:59:54,866 [DEBUG] [TIME] 160A info: 0.15s
2026-10-02 04:59:54,866 [DEBUG] yfinance OK: 160A
2026-10-02 04:59:55,028 [DEBUG] [TIME] 160A income_stmt: 0.16s
2026-10-02 04:59:55,345 [DEBUG] [TIME] 160A balance_sheet: 0.32s
2026-10-02 04:59:55,521 [DEBUG] [TIME] 160A cashflow: 0.18s
2026-10-02 04:59:55,659 [DEBUG] [TIME] 160A dividends: 0.14s
2026-10-02 04:59:55,660 [INFO] [DETAIL] 160A アズパートナーズ: income_stmt=OK, balance_sheet=OK, cashflow=OK, dividends=OK
2026-10-02 04:59:55,660 [INFO] [TIME] 160A アズパートナーズ 処理時間: 0.94s
2026-10-02 04:59:57,659 [DEBUG] [TIME] 1662 info: 0.15s
2026-10-02 04:59:57,659 [DEBUG] yfinance OK: 1662
2026-10-02 04:59:57,788 [DEBUG] [TIME] 1662 income_stmt: 0.13s
2026-10-02 04:59:58,030 [DEBUG] [TIME] 1662 balance_sheet: 0.24s
2026-10-02 04:59:58,198 [DEBUG] [TIME] 1662 cashflow: 0.17s
2026-10-02 04:59:58,476 [DEBUG] [TIME] 1662 dividends: 0.28s
2026-10-02 04:59:58,477 [INFO] [DETAIL] 1662 石油資源開発: income_stmt=OK, balance_sheet=OK, cashflow=OK, dividends=OK
2026-10-02 04:59:58,477 [INFO] [TIME] 1662 石油資源開発 処理時間: 0.97s
2026-10-02 05:00:00,081 [DEBUG] [TIME] 1663 info: 0.20s
2026-10-02 05:00:00,081 [DEBUG] yfinance OK: 1663
2026-10-02 05:00:00,317 [DEBUG] [TIME] 1663 income_stmt: 0.24s
2026-10-02 05:00:00,634 [DEBUG] [TIME] 1663 balance_sheet: 0.32s
2026-10-02 05:00:00,783 [DEBUG] [TIME] 1663 cashflow: 0.15s
2026-10-02 05:00:01,050 [DEBUG] [TIME] 1663 dividends: 0.27s
2026-10-02 05:00:01,052 [INFO] [DETAIL] 1663 Ｋ＆Ｏエナジーグループ: income_stmt=OK, balance_sheet=OK, cashflow=OK, dividends=OK
2026-10-02 05:00:01,052 [INFO] [TIME] 1663 Ｋ＆Ｏエナジーグループ 処理時間: 1.17s
2026-10-02 05:00:02,573 [DEBUG] [TIME] 166A info: 0.15s
2026-10-02 05:00:02,574 [DEBUG] yfinance OK: 166A
2026-10-02 05:00:02,716 [DEBUG] [TIME] 166A income_stmt: 0.14s
2026-10-02 05:00:02,926 [DEBUG] [TIME] 166A balance_sheet: 0.21s
2026-10-02 05:00:03,127 [DEBUG] [TIME] 166A cashflow: 0.20s
2026-10-02 05:00:03,268 [DEBUG] [TIME] 166A dividends: 0.14s
2026-10-02 05:00:03,269 [INFO] [DETAIL] 166A タスキホールディングス: income_stmt=OK, balance_sheet=OK, cashflow=OK, dividends=OK
2026-10-02 05:00:03,269 [INFO] [TIME] 166A タスキホールディングス 処理時間: 0.85s
2026-10-02 05:00:04,668 [DEBUG] [TIME] 167A info: 0.15s
2026-10-02 05:00:04,669 [DEBUG] yfinance OK: 167A
2026-10-02 05:00:04,840 [DEBUG] [TIME] 167A income_stmt: 0.17s
2026-10-02 05:00:05,072 [DEBUG] [TIME] 167A balance_sheet: 0.23s
2026-10-02 05:00:05,249 [DEBUG] [TIME] 167A cashflow: 0.18s
2026-10-02 05:00:05,589 [DEBUG] [TIME] 167A dividends: 0.34s
2026-10-02 05:00:05,590 [INFO] [DETAIL] 167A リョーサン菱洋ホールディングス: income_stmt=OK, balance_sheet=OK, cashflow=OK, dividends=OK
2026-10-02 05:00:05,590 [INFO] [TIME] 167A リョーサン菱洋ホールディングス 処理時間: 1.07s
2026-10-02 05:00:07,291 [DEBUG] [TIME] 168A info: 0.16s
2026-10-02 05:00:07,291 [DEBUG] yfinance OK: 168A
2026-10-02 05:00:07,470 [DEBUG] [TIME] 168A income_stmt: 0.18s
2026-10-02 05:00:07,697 [DEBUG] [TIME] 168A balance_sheet: 0.23s
2026-10-02 05:00:07,854 [DEBUG] [TIME] 168A cashflow: 0.16s
2026-10-02 05:00:08,036 [DEBUG] [TIME] 168A dividends: 0.18s
2026-10-02 05:00:08,037 [INFO] [DETAIL] 168A イタミアート: income_stmt=OK, balance_sheet=OK, cashflow=OK, dividends=OK
2026-10-02 05:00:08,037 [INFO] [TIME] 168A イタミアート 処理時間: 0.90s
2026-10-02 05:00:09,726 [DEBUG] [TIME] 1711 info: 0.15s
2026-10-02 05:00:09,726 [DEBUG] yfinance OK: 1711
2026-10-02 05:00:09,884 [DEBUG] [TIME] 1711 income_stmt: 0.16s
2026-10-02 05:00:10,132 [DEBUG] [TIME] 1711 balance_sheet: 0.25s
2026-10-02 05:00:10,449 [DEBUG] [TIME] 1711 cashflow: 0.32s
2026-10-02 05:00:10,724 [DEBUG] [TIME] 1711 dividends: 0.27s
2026-10-02 05:00:10,724 [INFO] [DETAIL] 1711 ＳＤＳホールディングス: income_stmt=OK, balance_sheet=OK, cashflow=OK, dividends=EMPTY
2026-10-02 05:00:10,724 [INFO] [TIME] 1711 ＳＤＳホールディングス 処理時間: 1.15s
2026-10-02 05:00:12,871 [DEBUG] [TIME] 1716 info: 0.16s
2026-10-02 05:00:12,871 [DEBUG] yfinance OK: 1716
2026-10-02 05:00:13,056 [DEBUG] [TIME] 1716 income_stmt: 0.18s
2026-10-02 05:00:13,219 [DEBUG] [TIME] 1716 balance_sheet: 0.16s
2026-10-02 05:00:13,386 [DEBUG] [TIME] 1716 cashflow: 0.17s
2026-10-02 05:00:13,678 [DEBUG] [TIME] 1716 dividends: 0.29s
2026-10-02 05:00:13,679 [INFO] [DETAIL] 1716 第一カッター興業: income_stmt=OK, balance_sheet=OK, cashflow=OK, dividends=OK
2026-10-02 05:00:13,679 [INFO] [TIME] 1716 第一カッター興業 処理時間: 0.96s
2026-10-02 05:00:15,082 [DEBUG] [TIME] 1717 info: 0.16s
2026-10-02 05:00:15,082 [DEBUG] yfinance OK: 1717
2026-10-02 05:00:15,335 [DEBUG] [TIME] 1717 income_stmt: 0.25s
2026-10-02 05:00:15,565 [DEBUG] [TIME] 1717 balance_sheet: 0.23s
2026-10-02 05:00:15,753 [DEBUG] [TIME] 1717 cashflow: 0.19s
2026-10-02 05:00:16,140 [DEBUG] [TIME] 1717 dividends: 0.39s
2026-10-02 05:00:16,141 [INFO] [DETAIL] 1717 明豊ファシリティワークス: income_stmt=OK, balance_sheet=OK, cashflow=OK, dividends=OK
2026-10-02 05:00:16,141 [INFO] [TIME] 1717 明豊ファシリティワークス 処理時間: 1.22s
2026-10-02 05:00:18,418 [DEBUG] [TIME] 1718 info: 0.37s
2026-10-02 05:00:18,418 [DEBUG] yfinance OK: 1718
2026-10-02 05:00:18,778 [DEBUG] [TIME] 1718 income_stmt: 0.36s
2026-10-02 05:00:19,180 [DEBUG] [TIME] 1718 balance_sheet: 0.40s
2026-10-02 05:00:19,410 [DEBUG] [TIME] 1718 cashflow: 0.23s
2026-10-02 05:00:19,905 [DEBUG] [TIME] 1718 dividends: 0.49s
2026-10-02 05:00:19,906 [INFO] [DETAIL] 1718 美樹工業: income_stmt=OK, balance_sheet=OK, cashflow=OK, dividends=OK
2026-10-02 05:00:19,906 [INFO] [TIME] 1718 美樹工業 処理時間: 1.85s
2026-10-02 05:00:21,811 [DEBUG] [TIME] 1719 info: 0.15s
2026-10-02 05:00:21,811 [DEBUG] yfinance OK: 1719
2026-10-02 05:00:21,933 [DEBUG] [TIME] 1719 income_stmt: 0.12s
2026-10-02 05:00:22,266 [DEBUG] [TIME] 1719 balance_sheet: 0.33s
2026-10-02 05:00:22,438 [DEBUG] [TIME] 1719 cashflow: 0.17s
2026-10-02 05:00:22,677 [DEBUG] [TIME] 1719 dividends: 0.24s
2026-10-02 05:00:22,678 [INFO] [DETAIL] 1719 安藤・間: income_stmt=OK, balance_sheet=OK, cashflow=OK, dividends=OK
2026-10-02 05:00:22,678 [INFO] [TIME] 1719 安藤・間 処理時間: 1.02s
2026-10-02 05:00:24,689 [DEBUG] [TIME] 1720 info: 0.20s
2026-10-02 05:00:24,690 [DEBUG] yfinance OK: 1720
2026-10-02 05:00:24,888 [DEBUG] [TIME] 1720 income_stmt: 0.20s
2026-10-02 05:00:25,091 [DEBUG] [TIME] 1720 balance_sheet: 0.20s
2026-10-02 05:00:25,264 [DEBUG] [TIME] 1720 cashflow: 0.17s
2026-10-02 05:00:25,563 [DEBUG] [TIME] 1720 dividends: 0.30s
2026-10-02 05:00:25,564 [INFO] [DETAIL] 1720 東急建設: income_stmt=OK, balance_sheet=OK, cashflow=OK, dividends=OK
2026-10-02 05:00:25,564 [INFO] [TIME] 1720 東急建設 処理時間: 1.07s
2026-10-02 05:00:26,920 [DEBUG] [TIME] 1721 info: 0.14s
2026-10-02 05:00:26,920 [DEBUG] yfinance OK: 1721
2026-10-02 05:00:27,112 [DEBUG] [TIME] 1721 income_stmt: 0.19s
2026-10-02 05:00:27,354 [DEBUG] [TIME] 1721 balance_sheet: 0.24s
2026-10-02 05:00:27,519 [DEBUG] [TIME] 1721 cashflow: 0.16s
2026-10-02 05:00:27,788 [DEBUG] [TIME] 1721 dividends: 0.27s
2026-10-02 05:00:27,789 [INFO] [DETAIL] 1721 コムシスホールディングス: income_stmt=OK, balance_sheet=OK, cashflow=OK, dividends=OK
2026-10-02 05:00:27,789 [INFO] [TIME] 1721 コムシスホールディングス 処理時間: 1.01s
2026-10-02 05:00:29,894 [DEBUG] [TIME] 1723 info: 0.17s
2026-10-02 05:00:29,894 [DEBUG] yfinance OK: 1723
2026-10-02 05:00:30,151 [DEBUG] [TIME] 1723 income_stmt: 0.26s
2026-10-02 05:00:30,357 [DEBUG] [TIME] 1723 balance_sheet: 0.20s
2026-10-02 05:00:30,526 [DEBUG] [TIME] 1723 cashflow: 0.17s
2026-10-02 05:00:30,840 [DEBUG] [TIME] 1723 dividends: 0.31s
2026-10-02 05:00:30,841 [INFO] [DETAIL] 1723 日本電技: income_stmt=OK, balance_sheet=OK, cashflow=OK, dividends=OK
2026-10-02 05:00:30,841 [INFO] [TIME] 1723 日本電技 処理時間: 1.12s
2026-10-02 05:00:32,135 [DEBUG] [TIME] 1724 info: 0.16s
2026-10-02 05:00:32,135 [DEBUG] yfinance OK: 1724
2026-10-02 05:00:32,339 [DEBUG] [TIME] 1724 income_stmt: 0.20s
2026-10-02 05:00:32,563 [DEBUG] [TIME] 1724 balance_sheet: 0.22s
2026-10-02 05:00:32,703 [DEBUG] [TIME] 1724 cashflow: 0.14s
2026-10-02 05:00:32,929 [DEBUG] [TIME] 1724 dividends: 0.23s
2026-10-02 05:00:32,930 [INFO] [DETAIL] 1724 シンクレイヤ: income_stmt=OK, balance_sheet=OK, cashflow=OK, dividends=OK
2026-10-02 05:00:32,930 [INFO] [TIME] 1724 シンクレイヤ 処理時間: 0.95s
2026-10-02 05:00:34,827 [DEBUG] [TIME] 1726 info: 0.34s
2026-10-02 05:00:34,827 [WARNING] yfinance データなし: 1726
2026-10-02 05:00:34,827 [INFO] [TIME] 1726 ビーアールホールディングス 処理時間: 0.34s
2026-10-02 05:00:36,327 [DEBUG] [TIME] 1736 info: 0.28s
2026-10-02 05:00:36,327 [DEBUG] yfinance OK: 1736
2026-10-02 05:00:36,525 [DEBUG] [TIME] 1736 income_stmt: 0.20s
2026-10-02 05:00:36,757 [DEBUG] [TIME] 1736 balance_sheet: 0.23s
2026-10-02 05:00:36,955 [DEBUG] [TIME] 1736 cashflow: 0.20s
2026-10-02 05:00:37,401 [DEBUG] [TIME] 1736 dividends: 0.45s
2026-10-02 05:00:37,402 [INFO] [DETAIL] 1736 オーテック: income_stmt=OK, balance_sheet=OK, cashflow=OK, dividends=OK
2026-10-02 05:00:37,402 [INFO] [TIME] 1736 オーテック 処理時間: 1.35s
2026-10-02 05:00:38,650 [DEBUG] [TIME] 173A info: 0.14s
2026-10-02 05:00:38,650 [DEBUG] yfinance OK: 173A
2026-10-02 05:00:38,775 [DEBUG] [TIME] 173A income_stmt: 0.12s
2026-10-02 05:00:38,922 [DEBUG] [TIME] 173A balance_sheet: 0.15s
2026-10-02 05:00:39,135 [DEBUG] [TIME] 173A cashflow: 0.21s
2026-10-02 05:00:39,313 [DEBUG] [TIME] 173A dividends: 0.18s
2026-10-02 05:00:39,314 [INFO] [DETAIL] 173A ハンモック: income_stmt=OK, balance_sheet=OK, cashflow=OK, dividends=OK
2026-10-02 05:00:39,314 [INFO] [TIME] 173A ハンモック 処理時間: 0.81s
2026-10-02 05:00:41,123 [DEBUG] [TIME] 1758 info: 0.23s
2026-10-02 05:00:41,123 [DEBUG] yfinance OK: 1758
2026-10-02 05:00:41,325 [DEBUG] [TIME] 1758 income_stmt: 0.20s
2026-10-02 05:00:41,622 [DEBUG] [TIME] 1758 balance_sheet: 0.30s
2026-10-02 05:00:41,854 [DEBUG] [TIME] 1758 cashflow: 0.23s
2026-10-02 05:00:42,209 [DEBUG] [TIME] 1758 dividends: 0.35s
2026-10-02 05:00:42,210 [INFO] [DETAIL] 1758 太洋基礎工業: income_stmt=OK, balance_sheet=OK, cashflow=OK, dividends=OK
2026-10-02 05:00:42,210 [INFO] [TIME] 1758 太洋基礎工業 処理時間: 1.31s
2026-10-02 05:00:44,062 [DEBUG] [TIME] 175A info: 0.14s
2026-10-02 05:00:44,062 [DEBUG] yfinance OK: 175A
2026-10-02 05:00:44,165 [DEBUG] [TIME] 175A income_stmt: 0.10s
2026-10-02 05:00:44,388 [DEBUG] [TIME] 175A balance_sheet: 0.22s
2026-10-02 05:00:44,503 [DEBUG] [TIME] 175A cashflow: 0.11s
2026-10-02 05:00:44,626 [DEBUG] [TIME] 175A dividends: 0.12s
2026-10-02 05:00:44,626 [INFO] [DETAIL] 175A Ｗｉｌｌ　Ｓｍａｒｔ: income_stmt=OK, balance_sheet=OK, cashflow=OK, dividends=EMPTY
2026-10-02 05:00:44,626 [INFO] [TIME] 175A Ｗｉｌｌ　Ｓｍａｒｔ 処理時間: 0.71s
2026-10-02 05:00:45,939 [DEBUG] [TIME] 1762 info: 0.15s
2026-10-02 05:00:45,939 [DEBUG] yfinance OK: 1762
2026-10-02 05:00:46,144 [DEBUG] [TIME] 1762 income_stmt: 0.20s
2026-10-02 05:00:46,362 [DEBUG] [TIME] 1762 balance_sheet: 0.22s
2026-10-02 05:00:46,575 [DEBUG] [TIME] 1762 cashflow: 0.21s
2026-10-02 05:00:46,842 [DEBUG] [TIME] 1762 dividends: 0.27s
2026-10-02 05:00:46,843 [INFO] [DETAIL] 1762 高松コンストラクショングループ: income_stmt=OK, balance_sheet=OK, cashflow=OK, dividends=OK
2026-10-02 05:00:46,843 [INFO] [TIME] 1762 高松コンストラクショングループ 処理時間: 1.05s
2026-10-02 05:00:48,443 [DEBUG] [TIME] 1764 info: 0.15s
2026-10-02 05:00:48,443 [DEBUG] yfinance OK: 1764
2026-10-02 05:00:48,651 [DEBUG] [TIME] 1764 income_stmt: 0.21s
2026-10-02 05:00:48,807 [DEBUG] [TIME] 1764 balance_sheet: 0.16s
2026-10-02 05:00:49,056 [DEBUG] [TIME] 1764 cashflow: 0.25s
2026-10-02 05:00:49,378 [DEBUG] [TIME] 1764 dividends: 0.32s
2026-10-02 05:00:49,379 [INFO] [DETAIL] 1764 工藤建設: income_stmt=OK, balance_sheet=OK, cashflow=OK, dividends=OK
2026-10-02 05:00:49,379 [INFO] [TIME] 1764 工藤建設 処理時間: 1.08s
2026-10-02 05:00:51,394 [DEBUG] [TIME] 1766 info: 0.15s
2026-10-02 05:00:51,394 [DEBUG] yfinance OK: 1766
2026-10-02 05:00:51,619 [DEBUG] [TIME] 1766 income_stmt: 0.22s
2026-10-02 05:00:51,820 [DEBUG] [TIME] 1766 balance_sheet: 0.20s
2026-10-02 05:00:52,032 [DEBUG] [TIME] 1766 cashflow: 0.21s
2026-10-02 05:00:52,446 [DEBUG] [TIME] 1766 dividends: 0.41s
2026-10-02 05:00:52,447 [INFO] [DETAIL] 1766 東建コーポレーション: income_stmt=OK, balance_sheet=OK, cashflow=OK, dividends=OK
2026-10-02 05:00:52,447 [INFO] [TIME] 1766 東建コーポレーション 処理時間: 1.20s
2026-10-02 05:00:54,536 [DEBUG] [TIME] 1768 info: 0.19s
2026-10-02 05:00:54,537 [DEBUG] yfinance OK: 1768
2026-10-02 05:00:54,753 [DEBUG] [TIME] 1768 income_stmt: 0.22s
2026-10-02 05:00:55,072 [DEBUG] [TIME] 1768 balance_sheet: 0.32s
2026-10-02 05:00:55,233 [DEBUG] [TIME] 1768 cashflow: 0.16s
2026-10-02 05:00:55,474 [DEBUG] [TIME] 1768 dividends: 0.24s
2026-10-02 05:00:55,475 [INFO] [DETAIL] 1768 ソネック: income_stmt=OK, balance_sheet=OK, cashflow=OK, dividends=OK
2026-10-02 05:00:55,475 [INFO] [TIME] 1768 ソネック 処理時間: 1.13s
2026-10-02 05:00:57,305 [DEBUG] [TIME] 1770 info: 0.15s
2026-10-02 05:00:57,305 [DEBUG] yfinance OK: 1770
2026-10-02 05:00:57,501 [DEBUG] [TIME] 1770 income_stmt: 0.20s
2026-10-02 05:00:57,707 [DEBUG] [TIME] 1770 balance_sheet: 0.21s
2026-10-02 05:00:57,891 [DEBUG] [TIME] 1770 cashflow: 0.18s
2026-10-02 05:00:58,195 [DEBUG] [TIME] 1770 dividends: 0.30s
2026-10-02 05:00:58,196 [INFO] [DETAIL] 1770 藤田エンジニアリング: income_stmt=OK, balance_sheet=OK, cashflow=OK, dividends=OK
2026-10-02 05:00:58,196 [INFO] [TIME] 1770 藤田エンジニアリング 処理時間: 1.04s
2026-10-02 05:00:59,412 [DEBUG] [TIME] 177A info: 0.15s
2026-10-02 05:00:59,412 [DEBUG] yfinance OK: 177A
2026-10-02 05:00:59,566 [DEBUG] [TIME] 177A income_stmt: 0.15s
2026-10-02 05:00:59,788 [DEBUG] [TIME] 177A balance_sheet: 0.22s
2026-10-02 05:00:59,917 [DEBUG] [TIME] 177A cashflow: 0.13s
2026-10-02 05:01:00,029 [DEBUG] [TIME] 177A dividends: 0.11s
2026-10-02 05:01:00,030 [INFO] [DETAIL] 177A コージンバイオ: income_stmt=OK, balance_sheet=OK, cashflow=OK, dividends=OK
2026-10-02 05:01:00,031 [INFO] [TIME] 177A コージンバイオ 処理時間: 0.77s
2026-10-02 05:01:01,652 [DEBUG] [TIME] 1780 info: 0.17s
2026-10-02 05:01:01,653 [DEBUG] yfinance OK: 1780
2026-10-02 05:01:01,900 [DEBUG] [TIME] 1780 income_stmt: 0.25s
2026-10-02 05:01:02,115 [DEBUG] [TIME] 1780 balance_sheet: 0.21s
2026-10-02 05:01:02,269 [DEBUG] [TIME] 1780 cashflow: 0.15s
2026-10-02 05:01:02,567 [DEBUG] [TIME] 1780 dividends: 0.30s
2026-10-02 05:01:02,568 [INFO] [DETAIL] 1780 ヤマウラ: income_stmt=OK, balance_sheet=OK, cashflow=OK, dividends=OK
2026-10-02 05:01:02,568 [INFO] [TIME] 1780 ヤマウラ 処理時間: 1.08s
2026-10-02 05:01:04,568 [DEBUG] [TIME] 1783 info: 0.19s
2026-10-02 05:01:04,569 [DEBUG] yfinance OK: 1783
2026-10-02 05:01:04,744 [DEBUG] [TIME] 1783 income_stmt: 0.18s
2026-10-02 05:01:04,987 [DEBUG] [TIME] 1783 balance_sheet: 0.24s
2026-10-02 05:01:05,182 [DEBUG] [TIME] 1783 cashflow: 0.19s
2026-10-02 05:01:05,394 [DEBUG] [TIME] 1783 dividends: 0.21s
2026-10-02 05:01:05,394 [INFO] [DETAIL] 1783 ｆａｎｔａｓｉｓｔａ: income_stmt=OK, balance_sheet=OK, cashflow=OK, dividends=EMPTY
2026-10-02 05:01:05,394 [INFO] [TIME] 1783 ｆａｎｔａｓｉｓｔａ 処理時間: 1.01s
2026-10-02 05:01:07,340 [DEBUG] [TIME] 1786 info: 0.14s
2026-10-02 05:01:07,340 [DEBUG] yfinance OK: 1786
2026-10-02 05:01:07,558 [DEBUG] [TIME] 1786 income_stmt: 0.22s
2026-10-02 05:01:07,766 [DEBUG] [TIME] 1786 balance_sheet: 0.21s
2026-10-02 05:01:07,987 [DEBUG] [TIME] 1786 cashflow: 0.22s
2026-10-02 05:01:08,179 [DEBUG] [TIME] 1786 dividends: 0.19s
2026-10-02 05:01:08,180 [INFO] [DETAIL] 1786 オリエンタル白石: income_stmt=OK, balance_sheet=OK, cashflow=OK, dividends=OK
2026-10-02 05:01:08,180 [INFO] [TIME] 1786 オリエンタル白石 処理時間: 0.98s
2026-10-02 05:01:09,638 [DEBUG] [TIME] 1787 info: 0.15s
2026-10-02 05:01:09,638 [DEBUG] yfinance OK: 1787
2026-10-02 05:01:09,773 [DEBUG] [TIME] 1787 income_stmt: 0.14s
2026-10-02 05:01:10,058 [DEBUG] [TIME] 1787 balance_sheet: 0.28s
2026-10-02 05:01:10,192 [DEBUG] [TIME] 1787 cashflow: 0.13s
2026-10-02 05:01:10,469 [DEBUG] [TIME] 1787 dividends: 0.28s
2026-10-02 05:01:10,470 [INFO] [DETAIL] 1787 ナカボーテック: income_stmt=OK, balance_sheet=OK, cashflow=OK, dividends=OK
2026-10-02 05:01:10,470 [INFO] [TIME] 1787 ナカボーテック 処理時間: 0.98s
2026-10-02 05:01:12,132 [DEBUG] [TIME] 1788 info: 0.15s
2026-10-02 05:01:12,133 [DEBUG] yfinance OK: 1788
2026-10-02 05:01:12,351 [DEBUG] [TIME] 1788 income_stmt: 0.22s
2026-10-02 05:01:12,611 [DEBUG] [TIME] 1788 balance_sheet: 0.26s
2026-10-02 05:01:12,761 [DEBUG] [TIME] 1788 cashflow: 0.15s
2026-10-02 05:01:13,066 [DEBUG] [TIME] 1788 dividends: 0.30s
2026-10-02 05:01:13,067 [INFO] [DETAIL] 1788 三東工業社: income_stmt=OK, balance_sheet=OK, cashflow=OK, dividends=OK
2026-10-02 05:01:13,067 [INFO] [TIME] 1788 三東工業社 処理時間: 1.09s
2026-10-02 05:01:14,318 [DEBUG] [TIME] 1793 info: 0.15s
2026-10-02 05:01:14,319 [DEBUG] yfinance OK: 1793
2026-10-02 05:01:14,602 [DEBUG] [TIME] 1793 income_stmt: 0.28s
2026-10-02 05:01:14,912 [DEBUG] [TIME] 1793 balance_sheet: 0.31s
2026-10-02 05:01:15,087 [DEBUG] [TIME] 1793 cashflow: 0.17s
2026-10-02 05:01:15,372 [DEBUG] [TIME] 1793 dividends: 0.28s
2026-10-02 05:01:15,373 [INFO] [DETAIL] 1793 大本組: income_stmt=OK, balance_sheet=OK, cashflow=OK, dividends=OK
2026-10-02 05:01:15,373 [INFO] [TIME] 1793 大本組 処理時間: 1.21s
2026-10-02 05:01:17,058 [DEBUG] [TIME] 1795 info: 0.20s
2026-10-02 05:01:17,058 [DEBUG] yfinance OK: 1795
2026-10-02 05:01:17,169 [DEBUG] [TIME] 1795 income_stmt: 0.11s
2026-10-02 05:01:17,315 [DEBUG] [TIME] 1795 balance_sheet: 0.14s
2026-10-02 05:01:17,498 [DEBUG] [TIME] 1795 cashflow: 0.18s
2026-10-02 05:01:17,843 [DEBUG] [TIME] 1795 dividends: 0.34s
2026-10-02 05:01:17,844 [INFO] [DETAIL] 1795 マサル: income_stmt=OK, balance_sheet=OK, cashflow=OK, dividends=OK
2026-10-02 05:01:17,844 [INFO] [TIME] 1795 マサル 処理時間: 0.99s
2026-10-02 05:01:19,222 [DEBUG] [TIME] 1798 info: 0.15s
2026-10-02 05:01:19,222 [DEBUG] yfinance OK: 1798
2026-10-02 05:01:19,420 [DEBUG] [TIME] 1798 income_stmt: 0.20s
2026-10-02 05:01:19,545 [DEBUG] [TIME] 1798 balance_sheet: 0.13s
2026-10-02 05:01:19,769 [DEBUG] [TIME] 1798 cashflow: 0.22s
2026-10-02 05:01:20,077 [DEBUG] [TIME] 1798 dividends: 0.31s
2026-10-02 05:01:20,078 [INFO] [DETAIL] 1798 守谷商会: income_stmt=OK, balance_sheet=OK, cashflow=OK, dividends=OK
2026-10-02 05:01:20,078 [INFO] [TIME] 1798 守谷商会 処理時間: 1.00s
2026-10-02 05:01:21,484 [DEBUG] [TIME] 1799 info: 0.15s
2026-10-02 05:01:21,484 [DEBUG] yfinance OK: 1799
2026-10-02 05:01:21,704 [DEBUG] [TIME] 1799 income_stmt: 0.22s
2026-10-02 05:01:21,928 [DEBUG] [TIME] 1799 balance_sheet: 0.22s
2026-10-02 05:01:22,132 [DEBUG] [TIME] 1799 cashflow: 0.20s
2026-10-02 05:01:22,443 [DEBUG] [TIME] 1799 dividends: 0.31s
2026-10-02 05:01:22,444 [INFO] [DETAIL] 1799 第一建設工業: income_stmt=OK, balance_sheet=OK, cashflow=OK, dividends=OK
2026-10-02 05:01:22,444 [INFO] [TIME] 1799 第一建設工業 処理時間: 1.11s
2026-10-02 05:01:24,243 [DEBUG] [TIME] 1801 info: 0.15s
2026-10-02 05:01:24,243 [DEBUG] yfinance OK: 1801
2026-10-02 05:01:24,394 [DEBUG] [TIME] 1801 income_stmt: 0.15s
2026-10-02 05:01:24,610 [DEBUG] [TIME] 1801 balance_sheet: 0.22s
2026-10-02 05:01:24,811 [DEBUG] [TIME] 1801 cashflow: 0.20s
2026-10-02 05:01:25,175 [DEBUG] [TIME] 1801 dividends: 0.36s
2026-10-02 05:01:25,176 [INFO] [DETAIL] 1801 大成建設: income_stmt=OK, balance_sheet=OK, cashflow=OK, dividends=OK
2026-10-02 05:01:25,177 [INFO] [TIME] 1801 大成建設 処理時間: 1.09s
2026-10-02 05:01:27,283 [DEBUG] [TIME] 1802 info: 0.15s
2026-10-02 05:01:27,283 [DEBUG] yfinance OK: 1802
2026-10-02 05:01:27,407 [DEBUG] [TIME] 1802 income_stmt: 0.12s
2026-10-02 05:01:27,594 [DEBUG] [TIME] 1802 balance_sheet: 0.19s
2026-10-02 05:01:27,761 [DEBUG] [TIME] 1802 cashflow: 0.17s
2026-10-02 05:01:28,062 [DEBUG] [TIME] 1802 dividends: 0.30s
2026-10-02 05:01:28,064 [INFO] [DETAIL] 1802 大林組: income_stmt=OK, balance_sheet=OK, cashflow=OK, dividends=OK
2026-10-02 05:01:28,064 [INFO] [TIME] 1802 大林組 処理時間: 0.93s
2026-10-02 05:01:29,867 [DEBUG] [TIME] 1803 info: 0.15s
2026-10-02 05:01:29,867 [DEBUG] yfinance OK: 1803
2026-10-02 05:01:30,035 [DEBUG] [TIME] 1803 income_stmt: 0.17s
2026-10-02 05:01:30,223 [DEBUG] [TIME] 1803 balance_sheet: 0.19s
2026-10-02 05:01:30,416 [DEBUG] [TIME] 1803 cashflow: 0.19s
2026-10-02 05:01:30,682 [DEBUG] [TIME] 1803 dividends: 0.27s
2026-10-02 05:01:30,683 [INFO] [DETAIL] 1803 清水建設: income_stmt=OK, balance_sheet=OK, cashflow=OK, dividends=OK
2026-10-02 05:01:30,683 [INFO] [TIME] 1803 清水建設 処理時間: 0.96s
2026-10-02 05:01:32,342 [DEBUG] [TIME] 1807 info: 0.19s
2026-10-02 05:01:32,342 [DEBUG] yfinance OK: 1807
2026-10-02 05:01:32,473 [DEBUG] [TIME] 1807 income_stmt: 0.13s
2026-10-02 05:01:32,651 [DEBUG] [TIME] 1807 balance_sheet: 0.18s
2026-10-02 05:01:32,939 [DEBUG] [TIME] 1807 cashflow: 0.29s
2026-10-02 05:01:33,267 [DEBUG] [TIME] 1807 dividends: 0.33s
2026-10-02 05:01:33,268 [INFO] [DETAIL] 1807 佐藤渡辺: income_stmt=OK, balance_sheet=OK, cashflow=OK, dividends=OK
2026-10-02 05:01:33,268 [INFO] [TIME] 1807 佐藤渡辺 処理時間: 1.12s
2026-10-02 05:01:34,458 [DEBUG] [TIME] 1808 info: 0.14s
2026-10-02 05:01:34,458 [DEBUG] yfinance OK: 1808
2026-10-02 05:01:34,606 [DEBUG] [TIME] 1808 income_stmt: 0.15s
2026-10-02 05:01:34,890 [DEBUG] [TIME] 1808 balance_sheet: 0.28s
2026-10-02 05:01:35,069 [DEBUG] [TIME] 1808 cashflow: 0.18s
2026-10-02 05:01:35,404 [DEBUG] [TIME] 1808 dividends: 0.33s
2026-10-02 05:01:35,405 [INFO] [DETAIL] 1808 長谷工コーポレーション: income_stmt=OK, balance_sheet=OK, cashflow=OK, dividends=OK
2026-10-02 05:01:35,405 [INFO] [TIME] 1808 長谷工コーポレーション 処理時間: 1.09s
2026-10-02 05:01:36,711 [DEBUG] [TIME] 1810 info: 0.15s
2026-10-02 05:01:36,711 [DEBUG] yfinance OK: 1810
2026-10-02 05:01:36,918 [DEBUG] [TIME] 1810 income_stmt: 0.21s
2026-10-02 05:01:37,172 [DEBUG] [TIME] 1810 balance_sheet: 0.25s
2026-10-02 05:01:37,401 [DEBUG] [TIME] 1810 cashflow: 0.23s
2026-10-02 05:01:37,770 [DEBUG] [TIME] 1810 dividends: 0.37s
2026-10-02 05:01:37,771 [INFO] [DETAIL] 1810 松井建設: income_stmt=OK, balance_sheet=OK, cashflow=OK, dividends=OK
2026-10-02 05:01:37,771 [INFO] [TIME] 1810 松井建設 処理時間: 1.21s
2026-10-02 05:01:39,586 [DEBUG] [TIME] 1811 info: 0.20s
2026-10-02 05:01:39,586 [DEBUG] yfinance OK: 1811
2026-10-02 05:01:39,759 [DEBUG] [TIME] 1811 income_stmt: 0.17s
2026-10-02 05:01:39,965 [DEBUG] [TIME] 1811 balance_sheet: 0.21s
2026-10-02 05:01:40,176 [DEBUG] [TIME] 1811 cashflow: 0.21s
2026-10-02 05:01:40,510 [DEBUG] [TIME] 1811 dividends: 0.33s
2026-10-02 05:01:40,511 [INFO] [DETAIL] 1811 錢高組: income_stmt=OK, balance_sheet=OK, cashflow=OK, dividends=OK
2026-10-02 05:01:40,511 [INFO] [TIME] 1811 錢高組 処理時間: 1.13s
2026-10-02 05:01:42,022 [DEBUG] [TIME] 1812 info: 0.22s
2026-10-02 05:01:42,022 [DEBUG] yfinance OK: 1812
2026-10-02 05:01:42,242 [DEBUG] [TIME] 1812 income_stmt: 0.22s
2026-10-02 05:01:42,395 [DEBUG] [TIME] 1812 balance_sheet: 0.15s
2026-10-02 05:01:42,621 [DEBUG] [TIME] 1812 cashflow: 0.22s
2026-10-02 05:01:42,944 [DEBUG] [TIME] 1812 dividends: 0.32s
2026-10-02 05:01:42,945 [INFO] [DETAIL] 1812 鹿島建設: income_stmt=OK, balance_sheet=OK, cashflow=OK, dividends=OK
2026-10-02 05:01:42,945 [INFO] [TIME] 1812 鹿島建設 処理時間: 1.14s
2026-10-02 05:01:44,244 [DEBUG] [TIME] 1813 info: 0.15s
2026-10-02 05:01:44,244 [DEBUG] yfinance OK: 1813
2026-10-02 05:01:44,394 [DEBUG] [TIME] 1813 income_stmt: 0.15s
2026-10-02 05:01:44,678 [DEBUG] [TIME] 1813 balance_sheet: 0.28s
2026-10-02 05:01:44,821 [DEBUG] [TIME] 1813 cashflow: 0.14s
2026-10-02 05:01:45,217 [DEBUG] [TIME] 1813 dividends: 0.40s
2026-10-02 05:01:45,219 [INFO] [DETAIL] 1813 不動テトラ: income_stmt=OK, balance_sheet=OK, cashflow=OK, dividends=OK
2026-10-02 05:01:45,219 [INFO] [TIME] 1813 不動テトラ 処理時間: 1.12s
2026-10-02 05:01:46,502 [DEBUG] [TIME] 1814 info: 0.15s
2026-10-02 05:01:46,502 [DEBUG] yfinance OK: 1814
2026-10-02 05:01:46,669 [DEBUG] [TIME] 1814 income_stmt: 0.17s
2026-10-02 05:01:46,859 [DEBUG] [TIME] 1814 balance_sheet: 0.19s
2026-10-02 05:01:47,013 [DEBUG] [TIME] 1814 cashflow: 0.15s
2026-10-02 05:01:47,302 [DEBUG] [TIME] 1814 dividends: 0.29s
2026-10-02 05:01:47,303 [INFO] [DETAIL] 1814 大末建設: income_stmt=OK, balance_sheet=OK, cashflow=OK, dividends=OK
2026-10-02 05:01:47,303 [INFO] [TIME] 1814 大末建設 処理時間: 0.95s
2026-10-02 05:01:49,301 [DEBUG] [TIME] 1815 info: 0.15s
2026-10-02 05:01:49,301 [DEBUG] yfinance OK: 1815
2026-10-02 05:01:49,495 [DEBUG] [TIME] 1815 income_stmt: 0.19s
2026-10-02 05:01:49,671 [DEBUG] [TIME] 1815 balance_sheet: 0.17s
2026-10-02 05:01:49,854 [DEBUG] [TIME] 1815 cashflow: 0.18s
2026-10-02 05:01:50,173 [DEBUG] [TIME] 1815 dividends: 0.32s
2026-10-02 05:01:50,174 [INFO] [DETAIL] 1815 鉄建建設: income_stmt=OK, balance_sheet=OK, cashflow=OK, dividends=OK
2026-10-02 05:01:50,175 [INFO] [TIME] 1815 鉄建建設 処理時間: 1.03s
2026-10-02 05:01:51,502 [DEBUG] [TIME] 1820 info: 0.21s
2026-10-02 05:01:51,503 [DEBUG] yfinance OK: 1820
2026-10-02 05:01:51,705 [DEBUG] [TIME] 1820 income_stmt: 0.20s
2026-10-02 05:01:51,866 [DEBUG] [TIME] 1820 balance_sheet: 0.16s
2026-10-02 05:01:52,079 [DEBUG] [TIME] 1820 cashflow: 0.21s
2026-10-02 05:01:52,492 [DEBUG] [TIME] 1820 dividends: 0.41s
2026-10-02 05:01:52,493 [INFO] [DETAIL] 1820 西松建設: income_stmt=OK, balance_sheet=OK, cashflow=OK, dividends=OK
2026-10-02 05:01:52,493 [INFO] [TIME] 1820 西松建設 処理時間: 1.20s
2026-10-02 05:01:54,007 [DEBUG] [TIME] 1822 info: 0.21s
2026-10-02 05:01:54,007 [DEBUG] yfinance OK: 1822
2026-10-02 05:01:54,196 [DEBUG] [TIME] 1822 income_stmt: 0.19s
2026-10-02 05:01:54,391 [DEBUG] [TIME] 1822 balance_sheet: 0.19s
2026-10-02 05:01:54,609 [DEBUG] [TIME] 1822 cashflow: 0.22s
2026-10-02 05:01:54,926 [DEBUG] [TIME] 1822 dividends: 0.32s
2026-10-02 05:01:54,927 [INFO] [DETAIL] 1822 大豊建設: income_stmt=OK, balance_sheet=OK, cashflow=OK, dividends=OK
2026-10-02 05:01:54,927 [INFO] [TIME] 1822 大豊建設 処理時間: 1.13s
2026-10-02 05:01:56,653 [DEBUG] [TIME] 1826 info: 0.15s
2026-10-02 05:01:56,653 [DEBUG] yfinance OK: 1826
2026-10-02 05:01:56,781 [DEBUG] [TIME] 1826 income_stmt: 0.13s
2026-10-02 05:01:56,949 [DEBUG] [TIME] 1826 balance_sheet: 0.17s
2026-10-02 05:01:57,076 [DEBUG] [TIME] 1826 cashflow: 0.13s
2026-10-02 05:01:57,388 [DEBUG] [TIME] 1826 dividends: 0.31s
2026-10-02 05:01:57,389 [INFO] [DETAIL] 1826 佐田建設: income_stmt=OK, balance_sheet=OK, cashflow=OK, dividends=OK
2026-10-02 05:01:57,389 [INFO] [TIME] 1826 佐田建設 処理時間: 0.88s
2026-10-02 05:01:58,764 [DEBUG] [TIME] 1827 info: 0.16s
2026-10-02 05:01:58,764 [DEBUG] yfinance OK: 1827
2026-10-02 05:01:58,906 [DEBUG] [TIME] 1827 income_stmt: 0.14s
2026-10-02 05:01:59,173 [DEBUG] [TIME] 1827 balance_sheet: 0.27s
2026-10-02 05:01:59,324 [DEBUG] [TIME] 1827 cashflow: 0.15s
2026-10-02 05:01:59,645 [DEBUG] [TIME] 1827 dividends: 0.32s
2026-10-02 05:01:59,646 [INFO] [DETAIL] 1827 ナカノフドー建設: income_stmt=OK, balance_sheet=OK, cashflow=OK, dividends=OK
2026-10-02 05:01:59,646 [INFO] [TIME] 1827 ナカノフドー建設 処理時間: 1.04s
2026-10-02 05:02:01,559 [DEBUG] [TIME] 1828 info: 0.53s
2026-10-02 05:02:01,559 [DEBUG] yfinance OK: 1828
2026-10-02 05:02:01,700 [DEBUG] [TIME] 1828 income_stmt: 0.14s
2026-10-02 05:02:01,924 [DEBUG] [TIME] 1828 balance_sheet: 0.22s
2026-10-02 05:02:02,137 [DEBUG] [TIME] 1828 cashflow: 0.21s
2026-10-02 05:02:02,394 [DEBUG] [TIME] 1828 dividends: 0.26s
2026-10-02 05:02:02,395 [INFO] [DETAIL] 1828 田辺工業: income_stmt=OK, balance_sheet=OK, cashflow=OK, dividends=OK
2026-10-02 05:02:02,395 [INFO] [TIME] 1828 田辺工業 処理時間: 1.36s
2026-10-02 05:02:04,275 [DEBUG] [TIME] 1833 info: 0.16s
2026-10-02 05:02:04,275 [DEBUG] yfinance OK: 1833
2026-10-02 05:02:04,468 [DEBUG] [TIME] 1833 income_stmt: 0.19s
2026-10-02 05:02:04,642 [DEBUG] [TIME] 1833 balance_sheet: 0.17s
2026-10-02 05:02:04,797 [DEBUG] [TIME] 1833 cashflow: 0.15s
2026-10-02 05:02:05,095 [DEBUG] [TIME] 1833 dividends: 0.30s
2026-10-02 05:02:05,096 [INFO] [DETAIL] 1833 奥村組: income_stmt=OK, balance_sheet=OK, cashflow=OK, dividends=OK
2026-10-02 05:02:05,096 [INFO] [TIME] 1833 奥村組 処理時間: 0.98s
2026-10-02 05:02:06,504 [DEBUG] [TIME] 1835 info: 0.17s
2026-10-02 05:02:06,504 [DEBUG] yfinance OK: 1835
2026-10-02 05:02:06,672 [DEBUG] [TIME] 1835 income_stmt: 0.17s
2026-10-02 05:02:06,799 [DEBUG] [TIME] 1835 balance_sheet: 0.13s
2026-10-02 05:02:06,962 [DEBUG] [TIME] 1835 cashflow: 0.16s
2026-10-02 05:02:07,299 [DEBUG] [TIME] 1835 dividends: 0.34s
2026-10-02 05:02:07,300 [INFO] [DETAIL] 1835 東鉄工業: income_stmt=OK, balance_sheet=OK, cashflow=OK, dividends=OK
2026-10-02 05:02:07,300 [INFO] [TIME] 1835 東鉄工業 処理時間: 0.96s
2026-10-02 05:02:09,338 [DEBUG] [TIME] 1840 info: 0.17s
2026-10-02 05:02:09,339 [DEBUG] yfinance OK: 1840
2026-10-02 05:02:09,592 [DEBUG] [TIME] 1840 income_stmt: 0.25s
2026-10-02 05:02:09,761 [DEBUG] [TIME] 1840 balance_sheet: 0.17s
2026-10-02 05:02:09,874 [DEBUG] [TIME] 1840 cashflow: 0.11s
2026-10-02 05:02:10,194 [DEBUG] [TIME] 1840 dividends: 0.32s
2026-10-02 05:02:10,195 [INFO] [DETAIL] 1840 土屋ホールディングス: income_stmt=OK, balance_sheet=OK, cashflow=OK, dividends=OK
2026-10-02 05:02:10,195 [INFO] [TIME] 1840 土屋ホールディングス 処理時間: 1.03s
2026-10-02 05:02:12,016 [DEBUG] [TIME] 1844 info: 0.16s
2026-10-02 05:02:12,017 [DEBUG] yfinance OK: 1844
2026-10-02 05:02:12,204 [DEBUG] [TIME] 1844 income_stmt: 0.19s
2026-10-02 05:02:12,350 [DEBUG] [TIME] 1844 balance_sheet: 0.14s
2026-10-02 05:02:12,481 [DEBUG] [TIME] 1844 cashflow: 0.13s
2026-10-02 05:02:12,788 [DEBUG] [TIME] 1844 dividends: 0.31s
2026-10-02 05:02:12,789 [INFO] [DETAIL] 1844 大盛工業: income_stmt=OK, balance_sheet=OK, cashflow=OK, dividends=OK
2026-10-02 05:02:12,789 [INFO] [TIME] 1844 大盛工業 処理時間: 0.93s
2026-10-02 05:02:14,028 [DEBUG] [TIME] 1847 info: 0.20s
2026-10-02 05:02:14,028 [DEBUG] yfinance OK: 1847
2026-10-02 05:02:14,202 [DEBUG] [TIME] 1847 income_stmt: 0.17s
2026-10-02 05:02:14,493 [DEBUG] [TIME] 1847 balance_sheet: 0.29s
2026-10-02 05:02:14,629 [DEBUG] [TIME] 1847 cashflow: 0.14s
2026-10-02 05:02:14,917 [DEBUG] [TIME] 1847 dividends: 0.29s
2026-10-02 05:02:14,918 [INFO] [DETAIL] 1847 イチケン: income_stmt=OK, balance_sheet=OK, cashflow=OK, dividends=OK
2026-10-02 05:02:14,918 [INFO] [TIME] 1847 イチケン 処理時間: 1.09s
2026-10-02 05:02:16,433 [DEBUG] [TIME] 1848 info: 0.20s
2026-10-02 05:02:16,433 [DEBUG] yfinance OK: 1848
2026-10-02 05:02:16,560 [DEBUG] [TIME] 1848 income_stmt: 0.13s
2026-10-02 05:02:16,753 [DEBUG] [TIME] 1848 balance_sheet: 0.19s
2026-10-02 05:02:16,910 [DEBUG] [TIME] 1848 cashflow: 0.16s
2026-10-02 05:02:17,202 [DEBUG] [TIME] 1848 dividends: 0.29s
2026-10-02 05:02:17,203 [INFO] [DETAIL] 1848 富士ピー・エス: income_stmt=OK, balance_sheet=OK, cashflow=OK, dividends=OK
2026-10-02 05:02:17,203 [INFO] [TIME] 1848 富士ピー・エス 処理時間: 0.97s
2026-10-02 05:02:19,113 [DEBUG] [TIME] 184A info: 0.20s
2026-10-02 05:02:19,113 [DEBUG] yfinance OK: 184A
2026-10-02 05:02:19,332 [DEBUG] [TIME] 184A income_stmt: 0.22s
2026-10-02 05:02:19,525 [DEBUG] [TIME] 184A balance_sheet: 0.19s
2026-10-02 05:02:19,678 [DEBUG] [TIME] 184A cashflow: 0.15s
2026-10-02 05:02:19,808 [DEBUG] [TIME] 184A dividends: 0.13s
2026-10-02 05:02:19,809 [INFO] [DETAIL] 184A 学びエイド: income_stmt=OK, balance_sheet=OK, cashflow=OK, dividends=EMPTY
2026-10-02 05:02:19,809 [INFO] [TIME] 184A 学びエイド 処理時間: 0.89s
2026-10-02 05:02:21,629 [DEBUG] [TIME] 1850 info: 0.17s
2026-10-02 05:02:21,629 [DEBUG] yfinance OK: 1850
2026-10-02 05:02:21,814 [DEBUG] [TIME] 1850 income_stmt: 0.18s
2026-10-02 05:02:22,069 [DEBUG] [TIME] 1850 balance_sheet: 0.25s
2026-10-02 05:02:22,217 [DEBUG] [TIME] 1850 cashflow: 0.15s
2026-10-02 05:02:22,491 [DEBUG] [TIME] 1850 dividends: 0.27s
2026-10-02 05:02:22,492 [INFO] [DETAIL] 1850 南海辰村建設: income_stmt=OK, balance_sheet=OK, cashflow=OK, dividends=OK
2026-10-02 05:02:22,492 [INFO] [TIME] 1850 南海辰村建設 処理時間: 1.03s
2026-10-02 05:02:24,435 [DEBUG] [TIME] 1852 info: 0.14s
2026-10-02 05:02:24,435 [DEBUG] yfinance OK: 1852
2026-10-02 05:02:24,565 [DEBUG] [TIME] 1852 income_stmt: 0.13s
2026-10-02 05:02:24,709 [DEBUG] [TIME] 1852 balance_sheet: 0.14s
2026-10-02 05:02:24,893 [DEBUG] [TIME] 1852 cashflow: 0.18s
2026-10-02 05:02:25,276 [DEBUG] [TIME] 1852 dividends: 0.38s
2026-10-02 05:02:25,277 [INFO] [DETAIL] 1852 淺沼組: income_stmt=OK, balance_sheet=OK, cashflow=OK, dividends=OK
2026-10-02 05:02:25,277 [INFO] [TIME] 1852 淺沼組 処理時間: 0.98s
2026-10-02 05:02:26,504 [DEBUG] [TIME] 1853 info: 0.21s
2026-10-02 05:02:26,504 [DEBUG] yfinance OK: 1853
2026-10-02 05:02:26,700 [DEBUG] [TIME] 1853 income_stmt: 0.20s
2026-10-02 05:02:26,957 [DEBUG] [TIME] 1853 balance_sheet: 0.26s
2026-10-02 05:02:27,206 [DEBUG] [TIME] 1853 cashflow: 0.25s
2026-10-02 05:02:27,571 [DEBUG] [TIME] 1853 dividends: 0.36s
2026-10-02 05:02:27,572 [INFO] [DETAIL] 1853 森組: income_stmt=OK, balance_sheet=OK, cashflow=OK, dividends=OK
2026-10-02 05:02:27,573 [INFO] [TIME] 1853 森組 処理時間: 1.28s
2026-10-02 05:02:29,538 [DEBUG] [TIME] 1860 info: 0.23s
2026-10-02 05:02:29,538 [DEBUG] yfinance OK: 1860
2026-10-02 05:02:29,728 [DEBUG] [TIME] 1860 income_stmt: 0.19s
2026-10-02 05:02:29,943 [DEBUG] [TIME] 1860 balance_sheet: 0.21s
2026-10-02 05:02:30,076 [DEBUG] [TIME] 1860 cashflow: 0.13s
2026-10-02 05:02:30,368 [DEBUG] [TIME] 1860 dividends: 0.29s
2026-10-02 05:02:30,369 [INFO] [DETAIL] 1860 戸田建設: income_stmt=OK, balance_sheet=OK, cashflow=OK, dividends=OK
2026-10-02 05:02:30,369 [INFO] [TIME] 1860 戸田建設 処理時間: 1.06s
2026-10-02 05:02:32,507 [DEBUG] [TIME] 1861 info: 0.15s
2026-10-02 05:02:32,507 [DEBUG] yfinance OK: 1861
2026-10-02 05:02:32,631 [DEBUG] [TIME] 1861 income_stmt: 0.12s
2026-10-02 05:02:32,908 [DEBUG] [TIME] 1861 balance_sheet: 0.28s
2026-10-02 05:02:33,114 [DEBUG] [TIME] 1861 cashflow: 0.21s
2026-10-02 05:02:33,425 [DEBUG] [TIME] 1861 dividends: 0.31s
2026-10-02 05:02:33,426 [INFO] [DETAIL] 1861 熊谷組: income_stmt=OK, balance_sheet=OK, cashflow=OK, dividends=OK
2026-10-02 05:02:33,426 [INFO] [TIME] 1861 熊谷組 処理時間: 1.07s
2026-10-02 05:02:35,227 [DEBUG] [TIME] 1866 info: 0.15s
2026-10-02 05:02:35,227 [DEBUG] yfinance OK: 1866
2026-10-02 05:02:35,386 [DEBUG] [TIME] 1866 income_stmt: 0.16s
2026-10-02 05:02:35,565 [DEBUG] [TIME] 1866 balance_sheet: 0.18s
2026-10-02 05:02:35,844 [DEBUG] [TIME] 1866 cashflow: 0.28s
2026-10-02 05:02:36,128 [DEBUG] [TIME] 1866 dividends: 0.28s
2026-10-02 05:02:36,129 [INFO] [DETAIL] 1866 北野建設: income_stmt=OK, balance_sheet=OK, cashflow=OK, dividends=OK
2026-10-02 05:02:36,129 [INFO] [TIME] 1866 北野建設 処理時間: 1.05s
2026-10-02 05:02:37,702 [DEBUG] [TIME] 1867 info: 0.15s
2026-10-02 05:02:37,703 [DEBUG] yfinance OK: 1867
2026-10-02 05:02:37,841 [DEBUG] [TIME] 1867 income_stmt: 0.14s
2026-10-02 05:02:37,978 [DEBUG] [TIME] 1867 balance_sheet: 0.14s
2026-10-02 05:02:38,174 [DEBUG] [TIME] 1867 cashflow: 0.19s
2026-10-02 05:02:38,525 [DEBUG] [TIME] 1867 dividends: 0.35s
2026-10-02 05:02:38,526 [INFO] [DETAIL] 1867 植木組: income_stmt=OK, balance_sheet=OK, cashflow=OK, dividends=OK
2026-10-02 05:02:38,526 [INFO] [TIME] 1867 植木組 処理時間: 0.97s
2026-10-02 05:02:40,583 [DEBUG] [TIME] 186A info: 0.14s
2026-10-02 05:02:40,584 [DEBUG] yfinance OK: 186A
2026-10-02 05:02:40,722 [DEBUG] [TIME] 186A income_stmt: 0.14s
2026-10-02 05:02:40,904 [DEBUG] [TIME] 186A balance_sheet: 0.18s
2026-10-02 05:02:41,163 [DEBUG] [TIME] 186A cashflow: 0.26s
2026-10-02 05:02:41,260 [DEBUG] [TIME] 186A dividends: 0.10s
2026-10-02 05:02:41,261 [INFO] [DETAIL] 186A アストロスケールホールディングス: income_stmt=OK, balance_sheet=OK, cashflow=OK, dividends=EMPTY
2026-10-02 05:02:41,261 [INFO] [TIME] 186A アストロスケールホールディングス 処理時間: 0.82s
2026-10-02 05:02:42,610 [DEBUG] [TIME] 1870 info: 0.18s
2026-10-02 05:02:42,610 [DEBUG] yfinance OK: 1870
2026-10-02 05:02:42,750 [DEBUG] [TIME] 1870 income_stmt: 0.14s
2026-10-02 05:02:42,918 [DEBUG] [TIME] 1870 balance_sheet: 0.17s
2026-10-02 05:02:43,144 [DEBUG] [TIME] 1870 cashflow: 0.22s
2026-10-02 05:02:43,419 [DEBUG] [TIME] 1870 dividends: 0.27s
2026-10-02 05:02:43,420 [INFO] [DETAIL] 1870 矢作建設工業: income_stmt=OK, balance_sheet=OK, cashflow=OK, dividends=OK
2026-10-02 05:02:43,420 [INFO] [TIME] 1870 矢作建設工業 処理時間: 0.99s
2026-10-02 05:02:45,504 [DEBUG] [TIME] 1871 info: 0.32s
2026-10-02 05:02:45,505 [DEBUG] yfinance OK: 1871
2026-10-02 05:02:45,695 [DEBUG] [TIME] 1871 income_stmt: 0.19s
2026-10-02 05:02:45,845 [DEBUG] [TIME] 1871 balance_sheet: 0.15s
2026-10-02 05:02:45,997 [DEBUG] [TIME] 1871 cashflow: 0.15s
2026-10-02 05:02:46,362 [DEBUG] [TIME] 1871 dividends: 0.37s
2026-10-02 05:02:46,363 [INFO] [DETAIL] 1871 ピーエス・コンストラクション: income_stmt=OK, balance_sheet=OK, cashflow=OK, dividends=OK
2026-10-02 05:02:46,363 [INFO] [TIME] 1871 ピーエス・コンストラクション 処理時間: 1.18s
2026-10-02 05:02:48,390 [DEBUG] [TIME] 1873 info: 0.16s
2026-10-02 05:02:48,391 [DEBUG] yfinance OK: 1873
2026-10-02 05:02:48,599 [DEBUG] [TIME] 1873 income_stmt: 0.21s
2026-10-02 05:02:48,866 [DEBUG] [TIME] 1873 balance_sheet: 0.27s
2026-10-02 05:02:49,056 [DEBUG] [TIME] 1873 cashflow: 0.19s
2026-10-02 05:02:49,412 [DEBUG] [TIME] 1873 dividends: 0.36s
2026-10-02 05:02:49,413 [INFO] [DETAIL] 1873 日本ハウスホールディングス: income_stmt=OK, balance_sheet=OK, cashflow=OK, dividends=OK
2026-10-02 05:02:49,414 [INFO] [TIME] 1873 日本ハウスホールディングス 処理時間: 1.18s
2026-10-02 05:02:51,384 [DEBUG] [TIME] 1878 info: 0.15s
2026-10-02 05:02:51,384 [DEBUG] yfinance OK: 1878
2026-10-02 05:02:51,500 [DEBUG] [TIME] 1878 income_stmt: 0.12s
2026-10-02 05:02:51,738 [DEBUG] [TIME] 1878 balance_sheet: 0.24s
2026-10-02 05:02:51,903 [DEBUG] [TIME] 1878 cashflow: 0.16s
2026-10-02 05:02:52,176 [DEBUG] [TIME] 1878 dividends: 0.27s
2026-10-02 05:02:52,177 [INFO] [DETAIL] 1878 大東建託: income_stmt=OK, balance_sheet=OK, cashflow=OK, dividends=OK
2026-10-02 05:02:52,177 [INFO] [TIME] 1878 大東建託 処理時間: 0.94s
2026-10-02 05:02:54,056 [DEBUG] [TIME] 1879 info: 0.15s
2026-10-02 05:02:54,056 [DEBUG] yfinance OK: 1879
2026-10-02 05:02:54,164 [DEBUG] [TIME] 1879 income_stmt: 0.11s
2026-10-02 05:02:54,340 [DEBUG] [TIME] 1879 balance_sheet: 0.17s
2026-10-02 05:02:54,471 [DEBUG] [TIME] 1879 cashflow: 0.13s
2026-10-02 05:02:54,791 [DEBUG] [TIME] 1879 dividends: 0.32s
2026-10-02 05:02:54,792 [INFO] [DETAIL] 1879 新日本建設: income_stmt=OK, balance_sheet=OK, cashflow=OK, dividends=OK
2026-10-02 05:02:54,792 [INFO] [TIME] 1879 新日本建設 処理時間: 0.88s
2026-10-02 05:02:56,937 [DEBUG] [TIME] 1882 info: 0.16s
2026-10-02 05:02:56,937 [DEBUG] yfinance OK: 1882
2026-10-02 05:02:57,100 [DEBUG] [TIME] 1882 income_stmt: 0.16s
2026-10-02 05:02:57,228 [DEBUG] [TIME] 1882 balance_sheet: 0.13s
2026-10-02 05:02:57,387 [DEBUG] [TIME] 1882 cashflow: 0.16s
2026-10-02 05:02:57,729 [DEBUG] [TIME] 1882 dividends: 0.34s
2026-10-02 05:02:57,730 [INFO] [DETAIL] 1882 東亜道路工業: income_stmt=OK, balance_sheet=OK, cashflow=OK, dividends=OK
2026-10-02 05:02:57,730 [INFO] [TIME] 1882 東亜道路工業 処理時間: 0.95s
2026-10-02 05:02:59,468 [DEBUG] [TIME] 1885 info: 0.15s
2026-10-02 05:02:59,468 [DEBUG] yfinance OK: 1885
2026-10-02 05:02:59,636 [DEBUG] [TIME] 1885 income_stmt: 0.17s
2026-10-02 05:02:59,848 [DEBUG] [TIME] 1885 balance_sheet: 0.21s
2026-10-02 05:03:00,008 [DEBUG] [TIME] 1885 cashflow: 0.16s
2026-10-02 05:03:00,331 [DEBUG] [TIME] 1885 dividends: 0.32s
2026-10-02 05:03:00,332 [INFO] [DETAIL] 1885 東亜建設工業: income_stmt=OK, balance_sheet=OK, cashflow=OK, dividends=OK
2026-10-02 05:03:00,332 [INFO] [TIME] 1885 東亜建設工業 処理時間: 1.01s
2026-10-02 05:03:02,044 [DEBUG] [TIME] 1887 info: 0.16s
2026-10-02 05:03:02,044 [DEBUG] yfinance OK: 1887
2026-10-02 05:03:02,246 [DEBUG] [TIME] 1887 income_stmt: 0.20s
2026-10-02 05:03:02,440 [DEBUG] [TIME] 1887 balance_sheet: 0.19s
2026-10-02 05:03:02,685 [DEBUG] [TIME] 1887 cashflow: 0.24s
2026-10-02 05:03:02,836 [DEBUG] [TIME] 1887 dividends: 0.15s
2026-10-02 05:03:02,837 [INFO] [DETAIL] 1887 日本国土開発: income_stmt=OK, balance_sheet=OK, cashflow=OK, dividends=OK
2026-10-02 05:03:02,837 [INFO] [TIME] 1887 日本国土開発 処理時間: 0.95s
2026-10-02 05:03:04,351 [DEBUG] [TIME] 1888 info: 0.20s
2026-10-02 05:03:04,352 [DEBUG] yfinance OK: 1888
2026-10-02 05:03:04,469 [DEBUG] [TIME] 1888 income_stmt: 0.12s
2026-10-02 05:03:04,656 [DEBUG] [TIME] 1888 balance_sheet: 0.19s
2026-10-02 05:03:04,830 [DEBUG] [TIME] 1888 cashflow: 0.17s
2026-10-02 05:03:05,191 [DEBUG] [TIME] 1888 dividends: 0.36s
2026-10-02 05:03:05,192 [INFO] [DETAIL] 1888 若築建設: income_stmt=OK, balance_sheet=OK, cashflow=OK, dividends=OK
2026-10-02 05:03:05,192 [INFO] [TIME] 1888 若築建設 処理時間: 1.04s
2026-10-02 05:03:06,593 [DEBUG] [TIME] 1893 info: 0.20s
2026-10-02 05:03:06,594 [DEBUG] yfinance OK: 1893
2026-10-02 05:03:06,697 [DEBUG] [TIME] 1893 income_stmt: 0.10s
2026-10-02 05:03:06,903 [DEBUG] [TIME] 1893 balance_sheet: 0.20s
2026-10-02 05:03:07,126 [DEBUG] [TIME] 1893 cashflow: 0.22s
2026-10-02 05:03:07,476 [DEBUG] [TIME] 1893 dividends: 0.35s
2026-10-02 05:03:07,477 [INFO] [DETAIL] 1893 五洋建設: income_stmt=OK, balance_sheet=OK, cashflow=OK, dividends=OK
2026-10-02 05:03:07,478 [INFO] [TIME] 1893 五洋建設 処理時間: 1.09s
2026-10-02 05:03:09,364 [DEBUG] [TIME] 1897 info: 0.15s
2026-10-02 05:03:09,364 [DEBUG] yfinance OK: 1897
2026-10-02 05:03:09,598 [DEBUG] [TIME] 1897 income_stmt: 0.23s
2026-10-02 05:03:09,790 [DEBUG] [TIME] 1897 balance_sheet: 0.19s
2026-10-02 05:03:09,918 [DEBUG] [TIME] 1897 cashflow: 0.13s
2026-10-02 05:03:10,250 [DEBUG] [TIME] 1897 dividends: 0.33s
2026-10-02 05:03:10,251 [INFO] [DETAIL] 1897 金下建設: income_stmt=OK, balance_sheet=OK, cashflow=OK, dividends=OK
2026-10-02 05:03:10,251 [INFO] [TIME] 1897 金下建設 処理時間: 1.03s
2026-10-02 05:03:12,442 [DEBUG] [TIME] 1898 info: 0.19s
2026-10-02 05:03:12,443 [DEBUG] yfinance OK: 1898
2026-10-02 05:03:12,623 [DEBUG] [TIME] 1898 income_stmt: 0.18s
2026-10-02 05:03:12,787 [DEBUG] [TIME] 1898 balance_sheet: 0.16s
2026-10-02 05:03:12,946 [DEBUG] [TIME] 1898 cashflow: 0.16s
2026-10-02 05:03:13,351 [DEBUG] [TIME] 1898 dividends: 0.40s
2026-10-02 05:03:13,352 [INFO] [DETAIL] 1898 世紀東急工業: income_stmt=OK, balance_sheet=OK, cashflow=OK, dividends=OK
2026-10-02 05:03:13,352 [INFO] [TIME] 1898 世紀東急工業 処理時間: 1.10s
2026-10-02 05:03:15,226 [DEBUG] [TIME] 1899 info: 0.16s
2026-10-02 05:03:15,226 [DEBUG] yfinance OK: 1899
2026-10-02 05:03:15,428 [DEBUG] [TIME] 1899 income_stmt: 0.20s
2026-10-02 05:03:15,616 [DEBUG] [TIME] 1899 balance_sheet: 0.19s
2026-10-02 05:03:15,853 [DEBUG] [TIME] 1899 cashflow: 0.24s
2026-10-02 05:03:16,156 [DEBUG] [TIME] 1899 dividends: 0.30s
2026-10-02 05:03:16,157 [INFO] [DETAIL] 1899 福田組: income_stmt=OK, balance_sheet=OK, cashflow=OK, dividends=OK
2026-10-02 05:03:16,157 [INFO] [TIME] 1899 福田組 処理時間: 1.09s
2026-10-02 05:03:18,053 [DEBUG] [TIME] 189A info: 0.16s
2026-10-02 05:03:18,053 [DEBUG] yfinance OK: 189A
2026-10-02 05:03:18,248 [DEBUG] [TIME] 189A income_stmt: 0.20s
2026-10-02 05:03:18,552 [DEBUG] [TIME] 189A balance_sheet: 0.30s
2026-10-02 05:03:18,671 [DEBUG] [TIME] 189A cashflow: 0.12s
2026-10-02 05:03:18,815 [DEBUG] [TIME] 189A dividends: 0.14s
2026-10-02 05:03:18,816 [INFO] [DETAIL] 189A Ｄ＆Ｍカンパニー: income_stmt=OK, balance_sheet=OK, cashflow=OK, dividends=OK
2026-10-02 05:03:18,816 [INFO] [TIME] 189A Ｄ＆Ｍカンパニー 処理時間: 0.93s
2026-10-02 05:03:20,390 [DEBUG] [TIME] 1904 info: 0.16s
2026-10-02 05:03:20,390 [DEBUG] yfinance OK: 1904
2026-10-02 05:03:20,580 [DEBUG] [TIME] 1904 income_stmt: 0.19s
2026-10-02 05:03:20,798 [DEBUG] [TIME] 1904 balance_sheet: 0.22s
2026-10-02 05:03:20,944 [DEBUG] [TIME] 1904 cashflow: 0.14s
2026-10-02 05:03:21,292 [DEBUG] [TIME] 1904 dividends: 0.35s
2026-10-02 05:03:21,293 [INFO] [DETAIL] 1904 大成温調: income_stmt=OK, balance_sheet=OK, cashflow=OK, dividends=OK
2026-10-02 05:03:21,293 [INFO] [TIME] 1904 大成温調 処理時間: 1.06s
2026-10-02 05:03:23,157 [DEBUG] [TIME] 1905 info: 0.19s
2026-10-02 05:03:23,157 [DEBUG] yfinance OK: 1905
2026-10-02 05:03:23,284 [DEBUG] [TIME] 1905 income_stmt: 0.13s
2026-10-02 05:03:23,527 [DEBUG] [TIME] 1905 balance_sheet: 0.24s
2026-10-02 05:03:23,663 [DEBUG] [TIME] 1905 cashflow: 0.13s
2026-10-02 05:03:23,982 [DEBUG] [TIME] 1905 dividends: 0.32s
2026-10-02 05:03:23,983 [INFO] [DETAIL] 1905 テノックス: income_stmt=OK, balance_sheet=OK, cashflow=OK, dividends=OK
2026-10-02 05:03:23,983 [INFO] [TIME] 1905 テノックス 処理時間: 1.02s
2026-10-02 05:03:25,269 [DEBUG] [TIME] 1909 info: 0.20s
2026-10-02 05:03:25,269 [WARNING] yfinance データなし: 1909
2026-10-02 05:03:25,269 [INFO] [TIME] 1909 日本ドライケミカル 処理時間: 0.20s
2026-10-02 05:03:27,193 [DEBUG] [TIME] 190A info: 0.19s
2026-10-02 05:03:27,193 [DEBUG] yfinance OK: 190A
2026-10-02 05:03:27,393 [DEBUG] [TIME] 190A income_stmt: 0.20s
2026-10-02 05:03:27,639 [DEBUG] [TIME] 190A balance_sheet: 0.25s
2026-10-02 05:03:27,797 [DEBUG] [TIME] 190A cashflow: 0.16s
2026-10-02 05:03:27,903 [DEBUG] [TIME] 190A dividends: 0.11s
2026-10-02 05:03:27,903 [INFO] [DETAIL] 190A Ｃｈｏｒｄｉａ　Ｔｈｅｒａｐｅｕｔｉｃｓ: income_stmt=OK, balance_sheet=OK, cashflow=OK, dividends=EMPTY
2026-10-02 05:03:27,903 [INFO] [TIME] 190A Ｃｈｏｒｄｉａ　Ｔｈｅｒａｐｅｕｔｉｃｓ 処理時間: 0.90s
2026-10-02 05:03:29,934 [DEBUG] [TIME] 1911 info: 0.15s
2026-10-02 05:03:29,934 [DEBUG] yfinance OK: 1911
2026-10-02 05:03:30,127 [DEBUG] [TIME] 1911 income_stmt: 0.19s
2026-10-02 05:03:30,324 [DEBUG] [TIME] 1911 balance_sheet: 0.20s
2026-10-02 05:03:30,525 [DEBUG] [TIME] 1911 cashflow: 0.20s
2026-10-02 05:03:30,878 [DEBUG] [TIME] 1911 dividends: 0.35s
2026-10-02 05:03:30,879 [INFO] [DETAIL] 1911 住友林業: income_stmt=OK, balance_sheet=OK, cashflow=OK, dividends=OK
2026-10-02 05:03:30,879 [INFO] [TIME] 1911 住友林業 処理時間: 1.09s
2026-10-02 05:03:32,108 [DEBUG] [TIME] 1914 info: 0.14s
2026-10-02 05:03:32,108 [DEBUG] yfinance OK: 1914
2026-10-02 05:03:32,285 [DEBUG] [TIME] 1914 income_stmt: 0.18s
2026-10-02 05:03:32,507 [DEBUG] [TIME] 1914 balance_sheet: 0.22s
2026-10-02 05:03:32,738 [DEBUG] [TIME] 1914 cashflow: 0.23s
2026-10-02 05:03:33,018 [DEBUG] [TIME] 1914 dividends: 0.28s
2026-10-02 05:03:33,019 [INFO] [DETAIL] 1914 日本基礎技術: income_stmt=OK, balance_sheet=OK, cashflow=OK, dividends=OK
2026-10-02 05:03:33,019 [INFO] [TIME] 1914 日本基礎技術 処理時間: 1.05s
2026-10-02 05:03:35,166 [DEBUG] [TIME] 1921 info: 0.20s
2026-10-02 05:03:35,166 [DEBUG] yfinance OK: 1921
2026-10-02 05:03:35,340 [DEBUG] [TIME] 1921 income_stmt: 0.17s
2026-10-02 05:03:35,488 [DEBUG] [TIME] 1921 balance_sheet: 0.15s
2026-10-02 05:03:35,644 [DEBUG] [TIME] 1921 cashflow: 0.16s
2026-10-02 05:03:35,954 [DEBUG] [TIME] 1921 dividends: 0.31s
2026-10-02 05:03:35,955 [INFO] [DETAIL] 1921 巴コーポレーション: income_stmt=OK, balance_sheet=OK, cashflow=OK, dividends=OK
2026-10-02 05:03:35,955 [INFO] [TIME] 1921 巴コーポレーション 処理時間: 0.98s
2026-10-02 05:03:37,284 [DEBUG] [TIME] 1925 info: 0.14s
2026-10-02 05:03:37,284 [DEBUG] yfinance OK: 1925
2026-10-02 05:03:37,456 [DEBUG] [TIME] 1925 income_stmt: 0.17s
2026-10-02 05:03:37,633 [DEBUG] [TIME] 1925 balance_sheet: 0.18s
2026-10-02 05:03:37,821 [DEBUG] [TIME] 1925 cashflow: 0.19s
2026-10-02 05:03:38,177 [DEBUG] [TIME] 1925 dividends: 0.36s
2026-10-02 05:03:38,178 [INFO] [DETAIL] 1925 大和ハウス工業: income_stmt=OK, balance_sheet=OK, cashflow=OK, dividends=OK
2026-10-02 05:03:38,178 [INFO] [TIME] 1925 大和ハウス工業 処理時間: 1.04s
2026-10-02 05:03:39,841 [DEBUG] [TIME] 1926 info: 0.15s
2026-10-02 05:03:39,841 [DEBUG] yfinance OK: 1926
2026-10-02 05:03:40,016 [DEBUG] [TIME] 1926 income_stmt: 0.17s
2026-10-02 05:03:40,166 [DEBUG] [TIME] 1926 balance_sheet: 0.15s
2026-10-02 05:03:40,360 [DEBUG] [TIME] 1926 cashflow: 0.19s
2026-10-02 05:03:40,686 [DEBUG] [TIME] 1926 dividends: 0.33s
2026-10-02 05:03:40,687 [INFO] [DETAIL] 1926 ライト工業: income_stmt=OK, balance_sheet=OK, cashflow=OK, dividends=OK
2026-10-02 05:03:40,687 [INFO] [TIME] 1926 ライト工業 処理時間: 0.99s
2026-10-02 05:03:42,398 [DEBUG] [TIME] 1928 info: 0.16s
2026-10-02 05:03:42,398 [DEBUG] yfinance OK: 1928
2026-10-02 05:03:42,589 [DEBUG] [TIME] 1928 income_stmt: 0.19s
2026-10-02 05:03:42,853 [DEBUG] [TIME] 1928 balance_sheet: 0.26s
2026-10-02 05:03:43,073 [DEBUG] [TIME] 1928 cashflow: 0.22s
2026-10-02 05:03:43,426 [DEBUG] [TIME] 1928 dividends: 0.35s
2026-10-02 05:03:43,427 [INFO] [DETAIL] 1928 積水ハウス: income_stmt=OK, balance_sheet=OK, cashflow=OK, dividends=OK
2026-10-02 05:03:43,427 [INFO] [TIME] 1928 積水ハウス 処理時間: 1.19s
2026-10-02 05:03:45,411 [DEBUG] [TIME] 1929 info: 0.14s
2026-10-02 05:03:45,411 [DEBUG] yfinance OK: 1929
2026-10-02 05:03:45,528 [DEBUG] [TIME] 1929 income_stmt: 0.12s
2026-10-02 05:03:45,756 [DEBUG] [TIME] 1929 balance_sheet: 0.23s
2026-10-02 05:03:45,965 [DEBUG] [TIME] 1929 cashflow: 0.21s
2026-10-02 05:03:46,289 [DEBUG] [TIME] 1929 dividends: 0.32s
2026-10-02 05:03:46,290 [INFO] [DETAIL] 1929 日特建設: income_stmt=OK, balance_sheet=OK, cashflow=OK, dividends=OK
2026-10-02 05:03:46,290 [INFO] [TIME] 1929 日特建設 処理時間: 1.02s
2026-10-02 05:03:48,352 [DEBUG] [TIME] 192A info: 0.15s
2026-10-02 05:03:48,352 [DEBUG] yfinance OK: 192A
2026-10-02 05:03:48,536 [DEBUG] [TIME] 192A income_stmt: 0.18s
2026-10-02 05:03:48,682 [DEBUG] [TIME] 192A balance_sheet: 0.15s
2026-10-02 05:03:48,919 [DEBUG] [TIME] 192A cashflow: 0.24s
2026-10-02 05:03:49,095 [DEBUG] [TIME] 192A dividends: 0.18s
2026-10-02 05:03:49,096 [INFO] [DETAIL] 192A インテグループ: income_stmt=OK, balance_sheet=OK, cashflow=OK, dividends=OK
2026-10-02 05:03:49,096 [INFO] [TIME] 192A インテグループ 処理時間: 0.89s
2026-10-02 05:03:50,830 [DEBUG] [TIME] 1930 info: 0.16s
2026-10-02 05:03:50,830 [DEBUG] yfinance OK: 1930
2026-10-02 05:03:51,014 [DEBUG] [TIME] 1930 income_stmt: 0.18s
2026-10-02 05:03:51,216 [DEBUG] [TIME] 1930 balance_sheet: 0.20s
2026-10-02 05:03:51,403 [DEBUG] [TIME] 1930 cashflow: 0.19s
2026-10-02 05:03:51,794 [DEBUG] [TIME] 1930 dividends: 0.39s
2026-10-02 05:03:51,795 [INFO] [DETAIL] 1930 北陸電気工事: income_stmt=OK, balance_sheet=OK, cashflow=OK, dividends=OK
2026-10-02 05:03:51,796 [INFO] [TIME] 1930 北陸電気工事 処理時間: 1.12s
2026-10-02 05:03:53,274 [DEBUG] [TIME] 1934 info: 0.14s
2026-10-02 05:03:53,274 [DEBUG] yfinance OK: 1934
2026-10-02 05:03:53,420 [DEBUG] [TIME] 1934 income_stmt: 0.15s
2026-10-02 05:03:53,692 [DEBUG] [TIME] 1934 balance_sheet: 0.27s
2026-10-02 05:03:54,003 [DEBUG] [TIME] 1934 cashflow: 0.31s
2026-10-02 05:03:54,320 [DEBUG] [TIME] 1934 dividends: 0.32s
2026-10-02 05:03:54,321 [INFO] [DETAIL] 1934 ユアテック: income_stmt=OK, balance_sheet=OK, cashflow=OK, dividends=OK
2026-10-02 05:03:54,321 [INFO] [TIME] 1934 ユアテック 処理時間: 1.19s
2026-10-02 05:03:55,659 [DEBUG] [TIME] 1938 info: 0.24s
2026-10-02 05:03:55,659 [DEBUG] yfinance OK: 1938
2026-10-02 05:03:55,826 [DEBUG] [TIME] 1938 income_stmt: 0.17s
2026-10-02 05:03:56,020 [DEBUG] [TIME] 1938 balance_sheet: 0.19s
2026-10-02 05:03:56,240 [DEBUG] [TIME] 1938 cashflow: 0.22s
2026-10-02 05:03:56,528 [DEBUG] [TIME] 1938 dividends: 0.29s
2026-10-02 05:03:56,529 [INFO] [DETAIL] 1938 日本リーテック: income_stmt=OK, balance_sheet=OK, cashflow=OK, dividends=OK
2026-10-02 05:03:56,529 [INFO] [TIME] 1938 日本リーテック 処理時間: 1.11s
2026-10-02 05:03:58,025 [DEBUG] [TIME] 1939 info: 0.16s
2026-10-02 05:03:58,025 [DEBUG] yfinance OK: 1939
2026-10-02 05:03:58,213 [DEBUG] [TIME] 1939 income_stmt: 0.19s
2026-10-02 05:03:58,412 [DEBUG] [TIME] 1939 balance_sheet: 0.20s
2026-10-02 05:03:58,563 [DEBUG] [TIME] 1939 cashflow: 0.15s
2026-10-02 05:03:58,901 [DEBUG] [TIME] 1939 dividends: 0.34s
2026-10-02 05:03:58,902 [INFO] [DETAIL] 1939 四電工: income_stmt=OK, balance_sheet=OK, cashflow=OK, dividends=OK
2026-10-02 05:03:58,902 [INFO] [TIME] 1939 四電工 処理時間: 1.04s
2026-10-02 05:04:00,167 [DEBUG] [TIME] 1941 info: 0.16s
2026-10-02 05:04:00,167 [DEBUG] yfinance OK: 1941
2026-10-02 05:04:00,328 [DEBUG] [TIME] 1941 income_stmt: 0.16s
2026-10-02 05:04:00,536 [DEBUG] [TIME] 1941 balance_sheet: 0.21s
2026-10-02 05:04:00,696 [DEBUG] [TIME] 1941 cashflow: 0.16s
2026-10-02 05:04:01,062 [DEBUG] [TIME] 1941 dividends: 0.37s
2026-10-02 05:04:01,063 [INFO] [DETAIL] 1941 中電工: income_stmt=OK, balance_sheet=OK, cashflow=OK, dividends=OK
2026-10-02 05:04:01,064 [INFO] [TIME] 1941 中電工 処理時間: 1.05s
2026-10-02 05:04:02,992 [DEBUG] [TIME] 1942 info: 0.14s
2026-10-02 05:04:02,992 [DEBUG] yfinance OK: 1942
2026-10-02 05:04:03,162 [DEBUG] [TIME] 1942 income_stmt: 0.17s
2026-10-02 05:04:03,421 [DEBUG] [TIME] 1942 balance_sheet: 0.26s
2026-10-02 05:04:03,571 [DEBUG] [TIME] 1942 cashflow: 0.15s
2026-10-02 05:04:03,893 [DEBUG] [TIME] 1942 dividends: 0.32s
2026-10-02 05:04:03,894 [INFO] [DETAIL] 1942 関電工: income_stmt=OK, balance_sheet=OK, cashflow=OK, dividends=OK
2026-10-02 05:04:03,895 [INFO] [TIME] 1942 関電工 処理時間: 1.05s
2026-10-02 05:04:05,578 [DEBUG] [TIME] 1944 info: 0.16s
2026-10-02 05:04:05,578 [DEBUG] yfinance OK: 1944
2026-10-02 05:04:05,733 [DEBUG] [TIME] 1944 income_stmt: 0.15s
2026-10-02 05:04:06,033 [DEBUG] [TIME] 1944 balance_sheet: 0.30s
2026-10-02 05:04:06,172 [DEBUG] [TIME] 1944 cashflow: 0.14s
2026-10-02 05:04:06,573 [DEBUG] [TIME] 1944 dividends: 0.40s
2026-10-02 05:04:06,574 [INFO] [DETAIL] 1944 きんでん: income_stmt=OK, balance_sheet=OK, cashflow=OK, dividends=OK
2026-10-02 05:04:06,574 [INFO] [TIME] 1944 きんでん 処理時間: 1.15s
2026-10-02 05:04:08,158 [DEBUG] [TIME] 1945 info: 0.15s
2026-10-02 05:04:08,159 [DEBUG] yfinance OK: 1945
2026-10-02 05:04:08,345 [DEBUG] [TIME] 1945 income_stmt: 0.19s
2026-10-02 05:04:08,559 [DEBUG] [TIME] 1945 balance_sheet: 0.21s
2026-10-02 05:04:08,725 [DEBUG] [TIME] 1945 cashflow: 0.17s
2026-10-02 05:04:09,037 [DEBUG] [TIME] 1945 dividends: 0.31s
2026-10-02 05:04:09,039 [INFO] [DETAIL] 1945 東京エネシス: income_stmt=OK, balance_sheet=OK, cashflow=OK, dividends=OK
2026-10-02 05:04:09,039 [INFO] [TIME] 1945 東京エネシス 処理時間: 1.03s
2026-10-02 05:04:10,476 [DEBUG] [TIME] 1946 info: 0.19s
2026-10-02 05:04:10,476 [DEBUG] yfinance OK: 1946
2026-10-02 05:04:10,710 [DEBUG] [TIME] 1946 income_stmt: 0.23s
2026-10-02 05:04:10,934 [DEBUG] [TIME] 1946 balance_sheet: 0.22s
2026-10-02 05:04:11,142 [DEBUG] [TIME] 1946 cashflow: 0.21s
2026-10-02 05:04:11,473 [DEBUG] [TIME] 1946 dividends: 0.33s
2026-10-02 05:04:11,474 [INFO] [DETAIL] 1946 トーエネック: income_stmt=OK, balance_sheet=OK, cashflow=OK, dividends=OK
2026-10-02 05:04:11,474 [INFO] [TIME] 1946 トーエネック 処理時間: 1.19s
2026-10-02 05:04:12,847 [DEBUG] [TIME] 1948 info: 0.16s
2026-10-02 05:04:12,847 [DEBUG] yfinance OK: 1948
2026-10-02 05:04:12,992 [DEBUG] [TIME] 1948 income_stmt: 0.15s
2026-10-02 05:04:13,340 [DEBUG] [TIME] 1948 balance_sheet: 0.35s
2026-10-02 05:04:13,507 [DEBUG] [TIME] 1948 cashflow: 0.17s
2026-10-02 05:04:13,819 [DEBUG] [TIME] 1948 dividends: 0.31s
2026-10-02 05:04:13,820 [INFO] [DETAIL] 1948 弘電社: income_stmt=OK, balance_sheet=OK, cashflow=OK, dividends=OK
2026-10-02 05:04:13,820 [INFO] [TIME] 1948 弘電社 処理時間: 1.13s
2026-10-02 05:04:15,154 [DEBUG] [TIME] 194A info: 0.30s
2026-10-02 05:04:15,154 [DEBUG] yfinance OK: 194A
2026-10-02 05:04:15,384 [DEBUG] [TIME] 194A income_stmt: 0.23s
2026-10-02 05:04:15,581 [DEBUG] [TIME] 194A balance_sheet: 0.20s
2026-10-02 05:04:15,754 [DEBUG] [TIME] 194A cashflow: 0.17s
2026-10-02 05:04:15,908 [DEBUG] [TIME] 194A dividends: 0.15s
2026-10-02 05:04:15,908 [INFO] [DETAIL] 194A ＷＯＬＶＥＳ　ＨＡＮＤ: income_stmt=OK, balance_sheet=OK, cashflow=OK, dividends=EMPTY
2026-10-02 05:04:15,908 [INFO] [TIME] 194A ＷＯＬＶＥＳ　ＨＡＮＤ 処理時間: 1.05s
2026-10-02 05:04:17,289 [DEBUG] [TIME] 1950 info: 0.24s
2026-10-02 05:04:17,290 [DEBUG] yfinance OK: 1950
2026-10-02 05:04:17,440 [DEBUG] [TIME] 1950 income_stmt: 0.15s
2026-10-02 05:04:17,624 [DEBUG] [TIME] 1950 balance_sheet: 0.18s
2026-10-02 05:04:17,857 [DEBUG] [TIME] 1950 cashflow: 0.23s
2026-10-02 05:04:18,103 [DEBUG] [TIME] 1950 dividends: 0.25s
2026-10-02 05:04:18,104 [INFO] [DETAIL] 1950 日本電設工業: income_stmt=OK, balance_sheet=OK, cashflow=OK, dividends=OK
2026-10-02 05:04:18,104 [INFO] [TIME] 1950 日本電設工業 処理時間: 1.06s
2026-10-02 05:04:19,670 [DEBUG] [TIME] 1951 info: 0.16s
2026-10-02 05:04:19,670 [DEBUG] yfinance OK: 1951
2026-10-02 05:04:19,862 [DEBUG] [TIME] 1951 income_stmt: 0.19s
2026-10-02 05:04:20,135 [DEBUG] [TIME] 1951 balance_sheet: 0.27s
2026-10-02 05:04:20,318 [DEBUG] [TIME] 1951 cashflow: 0.18s
2026-10-02 05:04:20,697 [DEBUG] [TIME] 1951 dividends: 0.38s
2026-10-02 05:04:20,699 [INFO] [DETAIL] 1951 エクシオグループ: income_stmt=OK, balance_sheet=OK, cashflow=OK, dividends=OK
2026-10-02 05:04:20,699 [INFO] [TIME] 1951 エクシオグループ 処理時間: 1.19s
2026-10-02 05:04:22,100 [DEBUG] [TIME] 1952 info: 0.19s
2026-10-02 05:04:22,100 [DEBUG] yfinance OK: 1952
2026-10-02 05:04:22,236 [DEBUG] [TIME] 1952 income_stmt: 0.14s
2026-10-02 05:04:22,411 [DEBUG] [TIME] 1952 balance_sheet: 0.17s
2026-10-02 05:04:22,634 [DEBUG] [TIME] 1952 cashflow: 0.22s
2026-10-02 05:04:22,946 [DEBUG] [TIME] 1952 dividends: 0.31s
2026-10-02 05:04:22,947 [INFO] [DETAIL] 1952 新日本空調: income_stmt=OK, balance_sheet=OK, cashflow=OK, dividends=OK
2026-10-02 05:04:22,947 [INFO] [TIME] 1952 新日本空調 処理時間: 1.04s
2026-10-02 05:04:24,455 [DEBUG] [TIME] 1959 info: 0.21s
2026-10-02 05:04:24,455 [DEBUG] yfinance OK: 1959
2026-10-02 05:04:24,589 [DEBUG] [TIME] 1959 income_stmt: 0.13s
2026-10-02 05:04:24,759 [DEBUG] [TIME] 1959 balance_sheet: 0.17s
2026-10-02 05:04:24,971 [DEBUG] [TIME] 1959 cashflow: 0.21s
2026-10-02 05:04:25,246 [DEBUG] [TIME] 1959 dividends: 0.27s
2026-10-02 05:04:25,247 [INFO] [DETAIL] 1959 クラフティア: income_stmt=OK, balance_sheet=OK, cashflow=OK, dividends=OK
2026-10-02 05:04:25,247 [INFO] [TIME] 1959 クラフティア 処理時間: 1.00s
2026-10-02 05:04:26,966 [DEBUG] [TIME] 195A info: 0.14s
2026-10-02 05:04:26,966 [DEBUG] yfinance OK: 195A
2026-10-02 05:04:27,147 [DEBUG] [TIME] 195A income_stmt: 0.18s
2026-10-02 05:04:27,421 [DEBUG] [TIME] 195A balance_sheet: 0.27s
2026-10-02 05:04:27,604 [DEBUG] [TIME] 195A cashflow: 0.18s
2026-10-02 05:04:27,704 [DEBUG] [TIME] 195A dividends: 0.10s
2026-10-02 05:04:27,704 [INFO] [DETAIL] 195A ＭＵＳＣＡＴ　ＧＲＯＵＰ: income_stmt=OK, balance_sheet=OK, cashflow=OK, dividends=EMPTY
2026-10-02 05:04:27,704 [INFO] [TIME] 195A ＭＵＳＣＡＴ　ＧＲＯＵＰ 処理時間: 0.88s
2026-10-02 05:04:28,865 [DEBUG] [TIME] 1960 info: 0.15s
2026-10-02 05:04:28,865 [DEBUG] yfinance OK: 1960
2026-10-02 05:04:28,999 [DEBUG] [TIME] 1960 income_stmt: 0.13s
2026-10-02 05:04:29,156 [DEBUG] [TIME] 1960 balance_sheet: 0.16s
2026-10-02 05:04:29,301 [DEBUG] [TIME] 1960 cashflow: 0.14s
2026-10-02 05:04:29,652 [DEBUG] [TIME] 1960 dividends: 0.35s
2026-10-02 05:04:29,653 [INFO] [DETAIL] 1960 サンテック: income_stmt=OK, balance_sheet=OK, cashflow=OK, dividends=OK
2026-10-02 05:04:29,653 [INFO] [TIME] 1960 サンテック 処理時間: 0.94s
2026-10-02 05:04:31,594 [DEBUG] [TIME] 1961 info: 0.21s
2026-10-02 05:04:31,594 [DEBUG] yfinance OK: 1961
2026-10-02 05:04:31,750 [DEBUG] [TIME] 1961 income_stmt: 0.16s
2026-10-02 05:04:31,929 [DEBUG] [TIME] 1961 balance_sheet: 0.18s
2026-10-02 05:04:32,182 [DEBUG] [TIME] 1961 cashflow: 0.25s
2026-10-02 05:04:32,523 [DEBUG] [TIME] 1961 dividends: 0.34s
2026-10-02 05:04:32,524 [INFO] [DETAIL] 1961 三機工業: income_stmt=OK, balance_sheet=OK, cashflow=OK, dividends=OK
2026-10-02 05:04:32,524 [INFO] [TIME] 1961 三機工業 処理時間: 1.14s
2026-10-02 05:04:33,999 [DEBUG] [TIME] 1963 info: 0.29s
2026-10-02 05:04:33,999 [DEBUG] yfinance OK: 1963
2026-10-02 05:04:34,180 [DEBUG] [TIME] 1963 income_stmt: 0.18s
2026-10-02 05:04:34,322 [DEBUG] [TIME] 1963 balance_sheet: 0.14s
2026-10-02 05:04:34,543 [DEBUG] [TIME] 1963 cashflow: 0.22s
2026-10-02 05:04:34,917 [DEBUG] [TIME] 1963 dividends: 0.37s
2026-10-02 05:04:34,918 [INFO] [DETAIL] 1963 日揮ホールディングス: income_stmt=OK, balance_sheet=OK, cashflow=OK, dividends=OK
2026-10-02 05:04:34,918 [INFO] [TIME] 1963 日揮ホールディングス 処理時間: 1.21s
2026-10-02 05:04:36,757 [DEBUG] [TIME] 1964 info: 0.15s
2026-10-02 05:04:36,757 [DEBUG] yfinance OK: 1964
2026-10-02 05:04:36,941 [DEBUG] [TIME] 1964 income_stmt: 0.18s
2026-10-02 05:04:37,216 [DEBUG] [TIME] 1964 balance_sheet: 0.28s
2026-10-02 05:04:37,406 [DEBUG] [TIME] 1964 cashflow: 0.19s
2026-10-02 05:04:37,715 [DEBUG] [TIME] 1964 dividends: 0.31s
2026-10-02 05:04:37,716 [INFO] [DETAIL] 1964 中外炉工業: income_stmt=OK, balance_sheet=OK, cashflow=OK, dividends=OK
2026-10-02 05:04:37,716 [INFO] [TIME] 1964 中外炉工業 処理時間: 1.11s
2026-10-02 05:04:39,686 [DEBUG] [TIME] 1965 info: 0.19s
2026-10-02 05:04:39,686 [DEBUG] yfinance OK: 1965
2026-10-02 05:04:39,815 [DEBUG] [TIME] 1965 income_stmt: 0.13s
2026-10-02 05:04:40,051 [DEBUG] [TIME] 1965 balance_sheet: 0.24s
2026-10-02 05:04:40,285 [DEBUG] [TIME] 1965 cashflow: 0.23s
2026-10-02 05:04:40,618 [DEBUG] [TIME] 1965 dividends: 0.33s
2026-10-02 05:04:40,619 [INFO] [DETAIL] 1965 テクノ菱和: income_stmt=OK, balance_sheet=OK, cashflow=OK, dividends=OK
2026-10-02 05:04:40,619 [INFO] [TIME] 1965 テクノ菱和 処理時間: 1.13s
2026-10-02 05:04:42,653 [DEBUG] [TIME] 1966 info: 0.20s
2026-10-02 05:04:42,654 [DEBUG] yfinance OK: 1966
2026-10-02 05:04:42,833 [DEBUG] [TIME] 1966 income_stmt: 0.18s
2026-10-02 05:04:43,111 [DEBUG] [TIME] 1966 balance_sheet: 0.28s
2026-10-02 05:04:43,362 [DEBUG] [TIME] 1966 cashflow: 0.25s
2026-10-02 05:04:43,724 [DEBUG] [TIME] 1966 dividends: 0.36s
2026-10-02 05:04:43,725 [INFO] [DETAIL] 1966 高田工業所: income_stmt=OK, balance_sheet=OK, cashflow=OK, dividends=OK
2026-10-02 05:04:43,725 [INFO] [TIME] 1966 高田工業所 処理時間: 1.27s
2026-10-02 05:04:45,410 [DEBUG] [TIME] 1967 info: 0.21s
2026-10-02 05:04:45,410 [DEBUG] yfinance OK: 1967
2026-10-02 05:04:45,581 [DEBUG] [TIME] 1967 income_stmt: 0.17s
2026-10-02 05:04:45,770 [DEBUG] [TIME] 1967 balance_sheet: 0.19s
2026-10-02 05:04:45,940 [DEBUG] [TIME] 1967 cashflow: 0.17s
2026-10-02 05:04:46,265 [DEBUG] [TIME] 1967 dividends: 0.33s
2026-10-02 05:04:46,266 [INFO] [DETAIL] 1967 ヤマト: income_stmt=OK, balance_sheet=OK, cashflow=OK, dividends=OK
2026-10-02 05:04:46,267 [INFO] [TIME] 1967 ヤマト 処理時間: 1.07s
2026-10-02 05:04:48,341 [DEBUG] [TIME] 1968 info: 0.15s
2026-10-02 05:04:48,341 [DEBUG] yfinance OK: 1968
2026-10-02 05:04:48,534 [DEBUG] [TIME] 1968 income_stmt: 0.19s
2026-10-02 05:04:48,802 [DEBUG] [TIME] 1968 balance_sheet: 0.27s
2026-10-02 05:04:49,000 [DEBUG] [TIME] 1968 cashflow: 0.20s
2026-10-02 05:04:49,320 [DEBUG] [TIME] 1968 dividends: 0.32s
2026-10-02 05:04:49,321 [INFO] [DETAIL] 1968 太平電業: income_stmt=OK, balance_sheet=OK, cashflow=OK, dividends=OK
2026-10-02 05:04:49,321 [INFO] [TIME] 1968 太平電業 処理時間: 1.13s
2026-10-02 05:04:51,510 [DEBUG] [TIME] 1969 info: 0.18s
2026-10-02 05:04:51,510 [DEBUG] yfinance OK: 1969
2026-10-02 05:04:51,710 [DEBUG] [TIME] 1969 income_stmt: 0.20s
2026-10-02 05:04:51,967 [DEBUG] [TIME] 1969 balance_sheet: 0.26s
2026-10-02 05:04:52,094 [DEBUG] [TIME] 1969 cashflow: 0.13s
2026-10-02 05:04:52,428 [DEBUG] [TIME] 1969 dividends: 0.33s
2026-10-02 05:04:52,430 [INFO] [DETAIL] 1969 高砂熱学工業: income_stmt=OK, balance_sheet=OK, cashflow=OK, dividends=OK
2026-10-02 05:04:52,430 [INFO] [TIME] 1969 高砂熱学工業 処理時間: 1.10s
2026-10-02 05:04:53,897 [DEBUG] [TIME] 196A info: 0.25s
2026-10-02 05:04:53,897 [DEBUG] yfinance OK: 196A
2026-10-02 05:04:54,118 [DEBUG] [TIME] 196A income_stmt: 0.22s
2026-10-02 05:04:54,347 [DEBUG] [TIME] 196A balance_sheet: 0.23s
2026-10-02 05:04:54,526 [DEBUG] [TIME] 196A cashflow: 0.18s
2026-10-02 05:04:54,646 [DEBUG] [TIME] 196A dividends: 0.12s
2026-10-02 05:04:54,646 [INFO] [DETAIL] 196A ＭＦＳ: income_stmt=OK, balance_sheet=OK, cashflow=OK, dividends=EMPTY
2026-10-02 05:04:54,646 [INFO] [TIME] 196A ＭＦＳ 処理時間: 1.00s
2026-10-02 05:04:56,254 [DEBUG] [TIME] 1972 info: 0.22s
2026-10-02 05:04:56,254 [DEBUG] yfinance OK: 1972
2026-10-02 05:04:56,477 [DEBUG] [TIME] 1972 income_stmt: 0.22s
2026-10-02 05:04:56,758 [DEBUG] [TIME] 1972 balance_sheet: 0.28s
2026-10-02 05:04:56,998 [DEBUG] [TIME] 1972 cashflow: 0.24s
2026-10-02 05:04:57,272 [DEBUG] [TIME] 1972 dividends: 0.27s
2026-10-02 05:04:57,273 [INFO] [DETAIL] 1972 三晃金属工業: income_stmt=OK, balance_sheet=OK, cashflow=OK, dividends=OK
2026-10-02 05:04:57,273 [INFO] [TIME] 1972 三晃金属工業 処理時間: 1.24s
2026-10-02 05:04:58,934 [DEBUG] [TIME] 1975 info: 0.17s
2026-10-02 05:04:58,934 [DEBUG] yfinance OK: 1975
2026-10-02 05:04:59,125 [DEBUG] [TIME] 1975 income_stmt: 0.19s
2026-10-02 05:04:59,266 [DEBUG] [TIME] 1975 balance_sheet: 0.14s
2026-10-02 05:04:59,460 [DEBUG] [TIME] 1975 cashflow: 0.19s
2026-10-02 05:04:59,794 [DEBUG] [TIME] 1975 dividends: 0.33s
2026-10-02 05:04:59,795 [INFO] [DETAIL] 1975 朝日工業社: income_stmt=OK, balance_sheet=OK, cashflow=OK, dividends=OK
2026-10-02 05:04:59,796 [INFO] [TIME] 1975 朝日工業社 処理時間: 1.03s
2026-10-02 05:05:01,762 [DEBUG] [TIME] 1976 info: 0.16s
2026-10-02 05:05:01,762 [DEBUG] yfinance OK: 1976
2026-10-02 05:05:01,997 [DEBUG] [TIME] 1976 income_stmt: 0.24s
2026-10-02 05:05:02,144 [DEBUG] [TIME] 1976 balance_sheet: 0.15s
2026-10-02 05:05:02,296 [DEBUG] [TIME] 1976 cashflow: 0.15s
2026-10-02 05:05:02,575 [DEBUG] [TIME] 1976 dividends: 0.28s
2026-10-02 05:05:02,576 [INFO] [DETAIL] 1976 明星工業: income_stmt=OK, balance_sheet=OK, cashflow=OK, dividends=OK
2026-10-02 05:05:02,576 [INFO] [TIME] 1976 明星工業 処理時間: 0.97s
2026-10-02 05:05:04,347 [DEBUG] [TIME] 1979 info: 0.16s
2026-10-02 05:05:04,347 [DEBUG] yfinance OK: 1979
2026-10-02 05:05:04,608 [DEBUG] [TIME] 1979 income_stmt: 0.26s
2026-10-02 05:05:04,833 [DEBUG] [TIME] 1979 balance_sheet: 0.22s
2026-10-02 05:05:05,070 [DEBUG] [TIME] 1979 cashflow: 0.24s
2026-10-02 05:05:05,480 [DEBUG] [TIME] 1979 dividends: 0.41s
2026-10-02 05:05:05,481 [INFO] [DETAIL] 1979 大氣社: income_stmt=OK, balance_sheet=OK, cashflow=OK, dividends=OK
2026-10-02 05:05:05,481 [INFO] [TIME] 1979 大氣社 処理時間: 1.29s
2026-10-02 05:05:07,079 [DEBUG] [TIME] 197A info: 0.15s
2026-10-02 05:05:07,080 [DEBUG] yfinance OK: 197A
2026-10-02 05:05:07,251 [DEBUG] [TIME] 197A income_stmt: 0.17s
2026-10-02 05:05:07,460 [DEBUG] [TIME] 197A balance_sheet: 0.21s
2026-10-02 05:05:07,601 [DEBUG] [TIME] 197A cashflow: 0.14s
2026-10-02 05:05:07,717 [DEBUG] [TIME] 197A dividends: 0.12s
2026-10-02 05:05:07,718 [INFO] [DETAIL] 197A タウンズ: income_stmt=OK, balance_sheet=OK, cashflow=OK, dividends=OK
2026-10-02 05:05:07,718 [INFO] [TIME] 197A タウンズ 処理時間: 0.79s
2026-10-02 05:05:09,875 [DEBUG] [TIME] 1980 info: 0.15s
2026-10-02 05:05:09,875 [DEBUG] yfinance OK: 1980
2026-10-02 05:05:10,031 [DEBUG] [TIME] 1980 income_stmt: 0.16s
2026-10-02 05:05:10,216 [DEBUG] [TIME] 1980 balance_sheet: 0.18s
2026-10-02 05:05:10,477 [DEBUG] [TIME] 1980 cashflow: 0.26s
2026-10-02 05:05:10,849 [DEBUG] [TIME] 1980 dividends: 0.37s
2026-10-02 05:05:10,850 [INFO] [DETAIL] 1980 ダイダン: income_stmt=OK, balance_sheet=OK, cashflow=OK, dividends=OK
2026-10-02 05:05:10,850 [INFO] [TIME] 1980 ダイダン 処理時間: 1.12s
2026-10-02 05:05:12,767 [DEBUG] [TIME] 1981 info: 0.35s
2026-10-02 05:05:12,767 [DEBUG] yfinance OK: 1981
2026-10-02 05:05:12,989 [DEBUG] [TIME] 1981 income_stmt: 0.22s
2026-10-02 05:05:13,276 [DEBUG] [TIME] 1981 balance_sheet: 0.29s
2026-10-02 05:05:13,477 [DEBUG] [TIME] 1981 cashflow: 0.20s
2026-10-02 05:05:13,761 [DEBUG] [TIME] 1981 dividends: 0.28s
2026-10-02 05:05:13,762 [INFO] [DETAIL] 1981 協和日成: income_stmt=OK, balance_sheet=OK, cashflow=OK, dividends=OK
2026-10-02 05:05:13,762 [INFO] [TIME] 1981 協和日成 処理時間: 1.35s
2026-10-02 05:05:15,251 [DEBUG] [TIME] 1982 info: 0.22s
2026-10-02 05:05:15,251 [DEBUG] yfinance OK: 1982
2026-10-02 05:05:15,364 [DEBUG] [TIME] 1982 income_stmt: 0.11s
2026-10-02 05:05:15,644 [DEBUG] [TIME] 1982 balance_sheet: 0.28s
2026-10-02 05:05:15,874 [DEBUG] [TIME] 1982 cashflow: 0.23s
2026-10-02 05:05:16,128 [DEBUG] [TIME] 1982 dividends: 0.25s
2026-10-02 05:05:16,129 [INFO] [DETAIL] 1982 日比谷総合設備: income_stmt=OK, balance_sheet=OK, cashflow=OK, dividends=OK
2026-10-02 05:05:16,129 [INFO] [TIME] 1982 日比谷総合設備 処理時間: 1.09s
2026-10-02 05:05:17,352 [DEBUG] [TIME] 198A info: 0.15s
2026-10-02 05:05:17,352 [DEBUG] yfinance OK: 198A
2026-10-02 05:05:17,484 [DEBUG] [TIME] 198A income_stmt: 0.13s
2026-10-02 05:05:17,640 [DEBUG] [TIME] 198A balance_sheet: 0.16s
2026-10-02 05:05:17,776 [DEBUG] [TIME] 198A cashflow: 0.14s
2026-10-02 05:05:17,875 [DEBUG] [TIME] 198A dividends: 0.10s
2026-10-02 05:05:17,876 [INFO] [DETAIL] 198A ＰｏｓｔＰｒｉｍｅ: income_stmt=OK, balance_sheet=OK, cashflow=OK, dividends=EMPTY
2026-10-02 05:05:17,876 [INFO] [TIME] 198A ＰｏｓｔＰｒｉｍｅ 処理時間: 0.68s
2026-10-02 05:05:19,489 [DEBUG] [TIME] 1992 info: 0.15s
2026-10-02 05:05:19,489 [DEBUG] yfinance OK: 1992
2026-10-02 05:05:19,626 [DEBUG] [TIME] 1992 income_stmt: 0.14s
2026-10-02 05:05:19,854 [DEBUG] [TIME] 1992 balance_sheet: 0.23s
2026-10-02 05:05:20,030 [DEBUG] [TIME] 1992 cashflow: 0.18s
2026-10-02 05:05:20,416 [DEBUG] [TIME] 1992 dividends: 0.39s
2026-10-02 05:05:20,417 [INFO] [DETAIL] 1992 神田通信機: income_stmt=OK, balance_sheet=OK, cashflow=OK, dividends=OK
2026-10-02 05:05:20,417 [INFO] [TIME] 1992 神田通信機 処理時間: 1.08s
2026-10-02 05:05:22,058 [DEBUG] [TIME] 1994 info: 0.15s
2026-10-02 05:05:22,058 [DEBUG] yfinance OK: 1994
2026-10-02 05:05:22,200 [DEBUG] [TIME] 1994 income_stmt: 0.14s
2026-10-02 05:05:22,406 [DEBUG] [TIME] 1994 balance_sheet: 0.21s
2026-10-02 05:05:22,560 [DEBUG] [TIME] 1994 cashflow: 0.15s
2026-10-02 05:05:22,852 [DEBUG] [TIME] 1994 dividends: 0.29s
2026-10-02 05:05:22,853 [INFO] [DETAIL] 1994 高橋カーテンウォール工業: income_stmt=OK, balance_sheet=OK, cashflow=OK, dividends=OK
2026-10-02 05:05:22,853 [INFO] [TIME] 1994 高橋カーテンウォール工業 処理時間: 0.95s
2026-10-02 05:05:24,585 [DEBUG] [TIME] 1997 info: 0.20s
2026-10-02 05:05:24,585 [DEBUG] yfinance OK: 1997
2026-10-02 05:05:24,731 [DEBUG] [TIME] 1997 income_stmt: 0.15s
2026-10-02 05:05:24,924 [DEBUG] [TIME] 1997 balance_sheet: 0.19s
2026-10-02 05:05:25,053 [DEBUG] [TIME] 1997 cashflow: 0.13s
2026-10-02 05:05:25,445 [DEBUG] [TIME] 1997 dividends: 0.39s
2026-10-02 05:05:25,446 [INFO] [DETAIL] 1997 暁飯島工業: income_stmt=OK, balance_sheet=OK, cashflow=OK, dividends=OK
2026-10-02 05:05:25,446 [INFO] [TIME] 1997 暁飯島工業 処理時間: 1.07s
2026-10-02 05:05:27,590 [DEBUG] [TIME] 2001 info: 0.19s
2026-10-02 05:05:27,590 [DEBUG] yfinance OK: 2001
2026-10-02 05:05:27,746 [DEBUG] [TIME] 2001 income_stmt: 0.16s
2026-10-02 05:05:27,973 [DEBUG] [TIME] 2001 balance_sheet: 0.23s
2026-10-02 05:05:28,203 [DEBUG] [TIME] 2001 cashflow: 0.23s
2026-10-02 05:05:28,506 [DEBUG] [TIME] 2001 dividends: 0.30s
2026-10-02 05:05:28,508 [INFO] [DETAIL] 2001 ニップン: income_stmt=OK, balance_sheet=OK, cashflow=OK, dividends=OK
2026-10-02 05:05:28,508 [INFO] [TIME] 2001 ニップン 処理時間: 1.11s
2026-10-02 05:05:30,580 [DEBUG] [TIME] 2002 info: 0.19s
2026-10-02 05:05:30,580 [DEBUG] yfinance OK: 2002
2026-10-02 05:05:30,807 [DEBUG] [TIME] 2002 income_stmt: 0.23s
2026-10-02 05:05:31,141 [DEBUG] [TIME] 2002 balance_sheet: 0.33s
2026-10-02 05:05:31,291 [DEBUG] [TIME] 2002 cashflow: 0.15s
2026-10-02 05:05:31,699 [DEBUG] [TIME] 2002 dividends: 0.41s
2026-10-02 05:05:31,700 [INFO] [DETAIL] 2002 日清製粉グループ本社: income_stmt=OK, balance_sheet=OK, cashflow=OK, dividends=OK
2026-10-02 05:05:31,701 [INFO] [TIME] 2002 日清製粉グループ本社 処理時間: 1.31s
2026-10-02 05:05:32,919 [DEBUG] [TIME] 2003 info: 0.20s
2026-10-02 05:05:32,919 [DEBUG] yfinance OK: 2003
2026-10-02 05:05:33,133 [DEBUG] [TIME] 2003 income_stmt: 0.21s
2026-10-02 05:05:33,418 [DEBUG] [TIME] 2003 balance_sheet: 0.29s
2026-10-02 05:05:33,584 [DEBUG] [TIME] 2003 cashflow: 0.16s
2026-10-02 05:05:33,899 [DEBUG] [TIME] 2003 dividends: 0.32s
2026-10-02 05:05:33,900 [INFO] [DETAIL] 2003 日東富士製粉: income_stmt=OK, balance_sheet=OK, cashflow=OK, dividends=OK
2026-10-02 05:05:33,901 [INFO] [TIME] 2003 日東富士製粉 処理時間: 1.19s
2026-10-02 05:05:35,158 [DEBUG] [TIME] 2004 info: 0.20s
2026-10-02 05:05:35,158 [DEBUG] yfinance OK: 2004
2026-10-02 05:05:35,319 [DEBUG] [TIME] 2004 income_stmt: 0.16s
2026-10-02 05:05:35,451 [DEBUG] [TIME] 2004 balance_sheet: 0.13s
2026-10-02 05:05:35,670 [DEBUG] [TIME] 2004 cashflow: 0.22s
2026-10-02 05:05:35,980 [DEBUG] [TIME] 2004 dividends: 0.31s
2026-10-02 05:05:35,981 [INFO] [DETAIL] 2004 昭和産業: income_stmt=OK, balance_sheet=OK, cashflow=OK, dividends=OK
2026-10-02 05:05:35,981 [INFO] [TIME] 2004 昭和産業 処理時間: 1.02s
2026-10-02 05:05:38,059 [DEBUG] [TIME] 2009 info: 0.14s
2026-10-02 05:05:38,059 [DEBUG] yfinance OK: 2009
2026-10-02 05:05:38,229 [DEBUG] [TIME] 2009 income_stmt: 0.17s
2026-10-02 05:05:38,505 [DEBUG] [TIME] 2009 balance_sheet: 0.27s
2026-10-02 05:05:38,707 [DEBUG] [TIME] 2009 cashflow: 0.20s
2026-10-02 05:05:39,018 [DEBUG] [TIME] 2009 dividends: 0.31s
2026-10-02 05:05:39,019 [INFO] [DETAIL] 2009 鳥越製粉: income_stmt=OK, balance_sheet=OK, cashflow=OK, dividends=OK
2026-10-02 05:05:39,019 [INFO] [TIME] 2009 鳥越製粉 処理時間: 1.10s
2026-10-02 05:05:40,740 [DEBUG] [TIME] 2053 info: 0.14s
2026-10-02 05:05:40,740 [DEBUG] yfinance OK: 2053
2026-10-02 05:05:40,899 [DEBUG] [TIME] 2053 income_stmt: 0.16s
2026-10-02 05:05:41,115 [DEBUG] [TIME] 2053 balance_sheet: 0.22s
2026-10-02 05:05:41,396 [DEBUG] [TIME] 2053 cashflow: 0.28s
2026-10-02 05:05:41,806 [DEBUG] [TIME] 2053 dividends: 0.41s
2026-10-02 05:05:41,808 [INFO] [DETAIL] 2053 中部飼料: income_stmt=OK, balance_sheet=OK, cashflow=OK, dividends=OK
2026-10-02 05:05:41,808 [INFO] [TIME] 2053 中部飼料 処理時間: 1.21s
2026-10-02 05:05:43,666 [DEBUG] [TIME] 2055 info: 0.15s
2026-10-02 05:05:43,666 [DEBUG] yfinance OK: 2055
2026-10-02 05:05:43,868 [DEBUG] [TIME] 2055 income_stmt: 0.20s
2026-10-02 05:05:44,009 [DEBUG] [TIME] 2055 balance_sheet: 0.14s
2026-10-02 05:05:44,151 [DEBUG] [TIME] 2055 cashflow: 0.14s
2026-10-02 05:05:44,398 [DEBUG] [TIME] 2055 dividends: 0.25s
2026-10-02 05:05:44,399 [INFO] [DETAIL] 2055 日和産業: income_stmt=OK, balance_sheet=OK, cashflow=OK, dividends=OK
2026-10-02 05:05:44,399 [INFO] [TIME] 2055 日和産業 処理時間: 0.88s
2026-10-02 05:05:46,424 [DEBUG] [TIME] 205A info: 0.14s
2026-10-02 05:05:46,425 [DEBUG] yfinance OK: 205A
2026-10-02 05:05:46,554 [DEBUG] [TIME] 205A income_stmt: 0.13s
2026-10-02 05:05:46,698 [DEBUG] [TIME] 205A balance_sheet: 0.14s
2026-10-02 05:05:46,884 [DEBUG] [TIME] 205A cashflow: 0.19s
2026-10-02 05:05:47,004 [DEBUG] [TIME] 205A dividends: 0.12s
2026-10-02 05:05:47,005 [INFO] [DETAIL] 205A ロゴスホールディングス: income_stmt=OK, balance_sheet=OK, cashflow=OK, dividends=OK
2026-10-02 05:05:47,006 [INFO] [TIME] 205A ロゴスホールディングス 処理時間: 0.72s
2026-10-02 05:05:48,261 [DEBUG] [TIME] 2060 info: 0.19s
2026-10-02 05:05:48,261 [DEBUG] yfinance OK: 2060
2026-10-02 05:05:48,465 [DEBUG] [TIME] 2060 income_stmt: 0.20s
2026-10-02 05:05:48,605 [DEBUG] [TIME] 2060 balance_sheet: 0.14s
2026-10-02 05:05:48,847 [DEBUG] [TIME] 2060 cashflow: 0.24s
2026-10-02 05:05:49,066 [DEBUG] [TIME] 2060 dividends: 0.22s
2026-10-02 05:05:49,067 [INFO] [DETAIL] 2060 フィード・ワン: income_stmt=OK, balance_sheet=OK, cashflow=OK, dividends=OK
2026-10-02 05:05:49,067 [INFO] [TIME] 2060 フィード・ワン 処理時間: 1.00s
2026-10-02 05:05:50,988 [DEBUG] [TIME] 206A info: 0.15s
2026-10-02 05:05:50,988 [DEBUG] yfinance OK: 206A
2026-10-02 05:05:51,157 [DEBUG] [TIME] 206A income_stmt: 0.17s
2026-10-02 05:05:51,390 [DEBUG] [TIME] 206A balance_sheet: 0.23s
2026-10-02 05:05:51,527 [DEBUG] [TIME] 206A cashflow: 0.14s
2026-10-02 05:05:51,625 [DEBUG] [TIME] 206A dividends: 0.10s
2026-10-02 05:05:51,625 [INFO] [DETAIL] 206A ＰＲＩＳＭ　ＢｉｏＬａｂ: income_stmt=OK, balance_sheet=OK, cashflow=OK, dividends=EMPTY
2026-10-02 05:05:51,626 [INFO] [TIME] 206A ＰＲＩＳＭ　ＢｉｏＬａｂ 処理時間: 0.79s
2026-10-02 05:05:53,260 [DEBUG] [TIME] 208A info: 0.15s
2026-10-02 05:05:53,260 [DEBUG] yfinance OK: 208A
2026-10-02 05:05:53,441 [DEBUG] [TIME] 208A income_stmt: 0.18s
2026-10-02 05:05:53,703 [DEBUG] [TIME] 208A balance_sheet: 0.26s
2026-10-02 05:05:53,875 [DEBUG] [TIME] 208A cashflow: 0.17s
2026-10-02 05:05:54,151 [DEBUG] [TIME] 208A dividends: 0.28s
2026-10-02 05:05:54,152 [INFO] [DETAIL] 208A 構造計画研究所ホールディングス: income_stmt=OK, balance_sheet=OK, cashflow=OK, dividends=OK
2026-10-02 05:05:54,152 [INFO] [TIME] 208A 構造計画研究所ホールディングス 処理時間: 1.05s
2026-10-02 05:05:55,557 [DEBUG] [TIME] 2108 info: 0.15s
2026-10-02 05:05:55,557 [DEBUG] yfinance OK: 2108
2026-10-02 05:05:55,707 [DEBUG] [TIME] 2108 income_stmt: 0.15s
2026-10-02 05:05:55,922 [DEBUG] [TIME] 2108 balance_sheet: 0.21s
2026-10-02 05:05:56,076 [DEBUG] [TIME] 2108 cashflow: 0.15s
2026-10-02 05:05:56,370 [DEBUG] [TIME] 2108 dividends: 0.29s
2026-10-02 05:05:56,371 [INFO] [DETAIL] 2108 日本甜菜製糖: income_stmt=OK, balance_sheet=OK, cashflow=OK, dividends=OK
2026-10-02 05:05:56,371 [INFO] [TIME] 2108 日本甜菜製糖 処理時間: 0.96s
2026-10-02 05:05:57,600 [DEBUG] [TIME] 2109 info: 0.14s
2026-10-02 05:05:57,600 [DEBUG] yfinance OK: 2109
2026-10-02 05:05:57,737 [DEBUG] [TIME] 2109 income_stmt: 0.14s
2026-10-02 05:05:57,921 [DEBUG] [TIME] 2109 balance_sheet: 0.18s
2026-10-02 05:05:58,056 [DEBUG] [TIME] 2109 cashflow: 0.13s
2026-10-02 05:05:58,369 [DEBUG] [TIME] 2109 dividends: 0.31s
2026-10-02 05:05:58,370 [INFO] [DETAIL] 2109 ＤＭ三井製糖: income_stmt=OK, balance_sheet=OK, cashflow=OK, dividends=OK
2026-10-02 05:05:58,370 [INFO] [TIME] 2109 ＤＭ三井製糖 処理時間: 0.91s
2026-10-02 05:05:59,874 [DEBUG] [TIME] 2112 info: 0.17s
2026-10-02 05:05:59,874 [DEBUG] yfinance OK: 2112
2026-10-02 05:06:00,083 [DEBUG] [TIME] 2112 income_stmt: 0.21s
2026-10-02 05:06:00,336 [DEBUG] [TIME] 2112 balance_sheet: 0.25s
2026-10-02 05:06:00,543 [DEBUG] [TIME] 2112 cashflow: 0.21s
2026-10-02 05:06:00,848 [DEBUG] [TIME] 2112 dividends: 0.31s
2026-10-02 05:06:00,849 [INFO] [DETAIL] 2112 塩水港精糖: income_stmt=OK, balance_sheet=OK, cashflow=OK, dividends=OK
2026-10-02 05:06:00,849 [INFO] [TIME] 2112 塩水港精糖 処理時間: 1.14s
2026-10-02 05:06:02,426 [DEBUG] [TIME] 2114 info: 0.20s
2026-10-02 05:06:02,427 [DEBUG] yfinance OK: 2114
2026-10-02 05:06:02,566 [DEBUG] [TIME] 2114 income_stmt: 0.14s
2026-10-02 05:06:02,779 [DEBUG] [TIME] 2114 balance_sheet: 0.21s
2026-10-02 05:06:02,918 [DEBUG] [TIME] 2114 cashflow: 0.14s
2026-10-02 05:06:03,229 [DEBUG] [TIME] 2114 dividends: 0.31s
2026-10-02 05:06:03,230 [INFO] [DETAIL] 2114 フジ日本: income_stmt=OK, balance_sheet=OK, cashflow=OK, dividends=OK
2026-10-02 05:06:03,230 [INFO] [TIME] 2114 フジ日本 処理時間: 1.00s
2026-10-02 05:06:04,708 [DEBUG] [TIME] 2117 info: 0.16s
2026-10-02 05:06:04,708 [DEBUG] yfinance OK: 2117
2026-10-02 05:06:04,892 [DEBUG] [TIME] 2117 income_stmt: 0.18s
2026-10-02 05:06:05,050 [DEBUG] [TIME] 2117 balance_sheet: 0.16s
2026-10-02 05:06:05,216 [DEBUG] [TIME] 2117 cashflow: 0.17s
2026-10-02 05:06:05,497 [DEBUG] [TIME] 2117 dividends: 0.28s
2026-10-02 05:06:05,498 [INFO] [DETAIL] 2117 ウェルネオシュガー: income_stmt=OK, balance_sheet=OK, cashflow=OK, dividends=OK
2026-10-02 05:06:05,498 [INFO] [TIME] 2117 ウェルネオシュガー 処理時間: 0.95s
2026-10-02 05:06:07,378 [DEBUG] [TIME] 211A info: 0.21s
2026-10-02 05:06:07,378 [DEBUG] yfinance OK: 211A
2026-10-02 05:06:07,512 [DEBUG] [TIME] 211A income_stmt: 0.13s
2026-10-02 05:06:07,713 [DEBUG] [TIME] 211A balance_sheet: 0.20s
2026-10-02 05:06:07,935 [DEBUG] [TIME] 211A cashflow: 0.22s
2026-10-02 05:06:08,106 [DEBUG] [TIME] 211A dividends: 0.17s
2026-10-02 05:06:08,107 [INFO] [DETAIL] 211A カドス・コーポレーション: income_stmt=OK, balance_sheet=OK, cashflow=OK, dividends=OK
2026-10-02 05:06:08,108 [INFO] [TIME] 211A カドス・コーポレーション 処理時間: 0.94s
2026-10-02 05:06:09,295 [DEBUG] [TIME] 2120 info: 0.14s
2026-10-02 05:06:09,295 [DEBUG] yfinance OK: 2120
2026-10-02 05:06:09,471 [DEBUG] [TIME] 2120 income_stmt: 0.18s
2026-10-02 05:06:09,632 [DEBUG] [TIME] 2120 balance_sheet: 0.16s
2026-10-02 05:06:09,730 [DEBUG] [TIME] 2120 cashflow: 0.10s
2026-10-02 05:06:09,963 [DEBUG] [TIME] 2120 dividends: 0.23s
2026-10-02 05:06:09,964 [INFO] [DETAIL] 2120 ＬＩＦＵＬＬ: income_stmt=OK, balance_sheet=OK, cashflow=OK, dividends=OK
2026-10-02 05:06:09,964 [INFO] [TIME] 2120 ＬＩＦＵＬＬ 処理時間: 0.81s
2026-10-02 05:06:11,604 [DEBUG] [TIME] 2121 info: 0.17s
2026-10-02 05:06:11,604 [DEBUG] yfinance OK: 2121
2026-10-02 05:06:11,722 [DEBUG] [TIME] 2121 income_stmt: 0.12s
2026-10-02 05:06:11,979 [DEBUG] [TIME] 2121 balance_sheet: 0.26s
2026-10-02 05:06:12,256 [DEBUG] [TIME] 2121 cashflow: 0.28s
2026-10-02 05:06:12,537 [DEBUG] [TIME] 2121 dividends: 0.28s
2026-10-02 05:06:12,538 [INFO] [DETAIL] 2121 ＭＩＸＩ: income_stmt=OK, balance_sheet=OK, cashflow=OK, dividends=OK
2026-10-02 05:06:12,539 [INFO] [TIME] 2121 ＭＩＸＩ 処理時間: 1.10s
2026-10-02 05:06:14,533 [DEBUG] [TIME] 2122 info: 0.14s
2026-10-02 05:06:14,533 [DEBUG] yfinance OK: 2122
2026-10-02 05:06:14,725 [DEBUG] [TIME] 2122 income_stmt: 0.19s
2026-10-02 05:06:14,890 [DEBUG] [TIME] 2122 balance_sheet: 0.16s
2026-10-02 05:06:15,033 [DEBUG] [TIME] 2122 cashflow: 0.14s
2026-10-02 05:06:15,334 [DEBUG] [TIME] 2122 dividends: 0.30s
2026-10-02 05:06:15,335 [INFO] [DETAIL] 2122 インタースペース: income_stmt=OK, balance_sheet=OK, cashflow=OK, dividends=OK
2026-10-02 05:06:15,335 [INFO] [TIME] 2122 インタースペース 処理時間: 0.94s
2026-10-02 05:06:17,209 [DEBUG] [TIME] 2124 info: 0.26s
2026-10-02 05:06:17,210 [DEBUG] yfinance OK: 2124
2026-10-02 05:06:17,348 [DEBUG] [TIME] 2124 income_stmt: 0.14s
2026-10-02 05:06:17,620 [DEBUG] [TIME] 2124 balance_sheet: 0.27s
2026-10-02 05:06:17,760 [DEBUG] [TIME] 2124 cashflow: 0.14s
2026-10-02 05:06:18,017 [DEBUG] [TIME] 2124 dividends: 0.26s
2026-10-02 05:06:18,018 [INFO] [DETAIL] 2124 ジェイエイシーリクルートメント: income_stmt=OK, balance_sheet=OK, cashflow=OK, dividends=OK
2026-10-02 05:06:18,018 [INFO] [TIME] 2124 ジェイエイシーリクルートメント 処理時間: 1.07s
2026-10-02 05:06:20,061 [DEBUG] [TIME] 2127 info: 0.16s
2026-10-02 05:06:20,061 [DEBUG] yfinance OK: 2127
2026-10-02 05:06:20,248 [DEBUG] [TIME] 2127 income_stmt: 0.19s
2026-10-02 05:06:20,432 [DEBUG] [TIME] 2127 balance_sheet: 0.18s
2026-10-02 05:06:20,692 [DEBUG] [TIME] 2127 cashflow: 0.26s
2026-10-02 05:06:21,035 [DEBUG] [TIME] 2127 dividends: 0.34s
2026-10-02 05:06:21,036 [INFO] [DETAIL] 2127 日本Ｍ＆Ａセンターホールディングス: income_stmt=OK, balance_sheet=OK, cashflow=OK, dividends=OK
2026-10-02 05:06:21,036 [INFO] [TIME] 2127 日本Ｍ＆Ａセンターホールディングス 処理時間: 1.13s
2026-10-02 05:06:22,457 [DEBUG] [TIME] 212A info: 0.17s
2026-10-02 05:06:22,457 [DEBUG] yfinance OK: 212A
2026-10-02 05:06:22,647 [DEBUG] [TIME] 212A income_stmt: 0.19s
2026-10-02 05:06:22,897 [DEBUG] [TIME] 212A balance_sheet: 0.25s
2026-10-02 05:06:23,078 [DEBUG] [TIME] 212A cashflow: 0.18s
2026-10-02 05:06:23,179 [DEBUG] [TIME] 212A dividends: 0.10s
2026-10-02 05:06:23,180 [INFO] [DETAIL] 212A フィットイージー: income_stmt=OK, balance_sheet=OK, cashflow=OK, dividends=OK
2026-10-02 05:06:23,180 [INFO] [TIME] 212A フィットイージー 処理時間: 0.89s
2026-10-02 05:06:24,613 [DEBUG] [TIME] 2130 info: 0.14s
2026-10-02 05:06:24,613 [DEBUG] yfinance OK: 2130
2026-10-02 05:06:24,783 [DEBUG] [TIME] 2130 income_stmt: 0.17s
2026-10-02 05:06:24,960 [DEBUG] [TIME] 2130 balance_sheet: 0.18s
2026-10-02 05:06:25,201 [DEBUG] [TIME] 2130 cashflow: 0.24s
2026-10-02 05:06:25,425 [DEBUG] [TIME] 2130 dividends: 0.22s
2026-10-02 05:06:25,426 [INFO] [DETAIL] 2130 メンバーズ: income_stmt=OK, balance_sheet=OK, cashflow=OK, dividends=OK
2026-10-02 05:06:25,426 [INFO] [TIME] 2130 メンバーズ 処理時間: 0.96s
2026-10-02 05:06:26,986 [DEBUG] [TIME] 2134 info: 0.16s
2026-10-02 05:06:26,986 [DEBUG] yfinance OK: 2134
2026-10-02 05:06:27,112 [DEBUG] [TIME] 2134 income_stmt: 0.13s
2026-10-02 05:06:27,359 [DEBUG] [TIME] 2134 balance_sheet: 0.25s
2026-10-02 05:06:27,584 [DEBUG] [TIME] 2134 cashflow: 0.22s
2026-10-02 05:06:27,808 [DEBUG] [TIME] 2134 dividends: 0.22s
2026-10-02 05:06:27,808 [INFO] [DETAIL] 2134 北浜キャピタルパートナーズ: income_stmt=OK, balance_sheet=OK, cashflow=OK, dividends=EMPTY
2026-10-02 05:06:27,809 [INFO] [TIME] 2134 北浜キャピタルパートナーズ 処理時間: 0.98s
2026-10-02 05:06:29,194 [DEBUG] [TIME] 2136 info: 0.14s
2026-10-02 05:06:29,194 [DEBUG] yfinance OK: 2136
2026-10-02 05:06:29,370 [DEBUG] [TIME] 2136 income_stmt: 0.18s
2026-10-02 05:06:29,539 [DEBUG] [TIME] 2136 balance_sheet: 0.17s
2026-10-02 05:06:29,790 [DEBUG] [TIME] 2136 cashflow: 0.25s
2026-10-02 05:06:30,112 [DEBUG] [TIME] 2136 dividends: 0.32s
2026-10-02 05:06:30,113 [INFO] [DETAIL] 2136 ヒップ: income_stmt=OK, balance_sheet=OK, cashflow=OK, dividends=OK
2026-10-02 05:06:30,113 [INFO] [TIME] 2136 ヒップ 処理時間: 1.06s
2026-10-02 05:06:31,669 [DEBUG] [TIME] 2138 info: 0.16s
2026-10-02 05:06:31,669 [DEBUG] yfinance OK: 2138
2026-10-02 05:06:31,779 [DEBUG] [TIME] 2138 income_stmt: 0.11s
2026-10-02 05:06:31,937 [DEBUG] [TIME] 2138 balance_sheet: 0.16s
2026-10-02 05:06:32,150 [DEBUG] [TIME] 2138 cashflow: 0.21s
2026-10-02 05:06:32,465 [DEBUG] [TIME] 2138 dividends: 0.32s
2026-10-02 05:06:32,466 [INFO] [DETAIL] 2138 クルーズ: income_stmt=OK, balance_sheet=OK, cashflow=OK, dividends=OK
2026-10-02 05:06:32,466 [INFO] [TIME] 2138 クルーズ 処理時間: 0.96s
2026-10-02 05:06:34,336 [DEBUG] [TIME] 2139 info: 0.14s
2026-10-02 05:06:34,336 [DEBUG] yfinance OK: 2139
2026-10-02 05:06:34,478 [DEBUG] [TIME] 2139 income_stmt: 0.14s
2026-10-02 05:06:34,687 [DEBUG] [TIME] 2139 balance_sheet: 0.21s
2026-10-02 05:06:34,845 [DEBUG] [TIME] 2139 cashflow: 0.16s
2026-10-02 05:06:35,001 [DEBUG] [TIME] 2139 dividends: 0.16s
2026-10-02 05:06:35,002 [INFO] [DETAIL] 2139 中広: income_stmt=OK, balance_sheet=OK, cashflow=OK, dividends=OK
2026-10-02 05:06:35,002 [INFO] [TIME] 2139 中広 処理時間: 0.81s
2026-10-02 05:06:36,455 [DEBUG] [TIME] 2146 info: 0.19s
2026-10-02 05:06:36,455 [DEBUG] yfinance OK: 2146
2026-10-02 05:06:36,615 [DEBUG] [TIME] 2146 income_stmt: 0.16s
2026-10-02 05:06:36,838 [DEBUG] [TIME] 2146 balance_sheet: 0.22s
2026-10-02 05:06:37,028 [DEBUG] [TIME] 2146 cashflow: 0.19s
2026-10-02 05:06:37,313 [DEBUG] [TIME] 2146 dividends: 0.28s
2026-10-02 05:06:37,314 [INFO] [DETAIL] 2146 ＵＴグループ: income_stmt=OK, balance_sheet=OK, cashflow=OK, dividends=OK
2026-10-02 05:06:37,314 [INFO] [TIME] 2146 ＵＴグループ 処理時間: 1.05s
2026-10-02 05:06:39,090 [DEBUG] [TIME] 2148 info: 0.18s
2026-10-02 05:06:39,090 [DEBUG] yfinance OK: 2148
2026-10-02 05:06:39,265 [DEBUG] [TIME] 2148 income_stmt: 0.17s
2026-10-02 05:06:39,441 [DEBUG] [TIME] 2148 balance_sheet: 0.18s
2026-10-02 05:06:39,631 [DEBUG] [TIME] 2148 cashflow: 0.19s
2026-10-02 05:06:39,922 [DEBUG] [TIME] 2148 dividends: 0.29s
2026-10-02 05:06:39,923 [INFO] [DETAIL] 2148 アイティメディア: income_stmt=OK, balance_sheet=OK, cashflow=OK, dividends=OK
2026-10-02 05:06:39,923 [INFO] [TIME] 2148 アイティメディア 処理時間: 1.01s
2026-10-02 05:06:41,185 [DEBUG] [TIME] 2152 info: 0.15s
2026-10-02 05:06:41,185 [DEBUG] yfinance OK: 2152
2026-10-02 05:06:41,394 [DEBUG] [TIME] 2152 income_stmt: 0.21s
2026-10-02 05:06:41,547 [DEBUG] [TIME] 2152 balance_sheet: 0.15s
2026-10-02 05:06:41,672 [DEBUG] [TIME] 2152 cashflow: 0.12s
2026-10-02 05:06:41,900 [DEBUG] [TIME] 2152 dividends: 0.23s
2026-10-02 05:06:41,901 [INFO] [DETAIL] 2152 幼児活動研究会: income_stmt=OK, balance_sheet=OK, cashflow=OK, dividends=OK
2026-10-02 05:06:41,901 [INFO] [TIME] 2152 幼児活動研究会 処理時間: 0.87s
2026-10-02 05:06:43,299 [DEBUG] [TIME] 2153 info: 0.19s
2026-10-02 05:06:43,299 [DEBUG] yfinance OK: 2153
2026-10-02 05:06:43,512 [DEBUG] [TIME] 2153 income_stmt: 0.21s
2026-10-02 05:06:43,756 [DEBUG] [TIME] 2153 balance_sheet: 0.24s
2026-10-02 05:06:43,945 [DEBUG] [TIME] 2153 cashflow: 0.19s
2026-10-02 05:06:44,184 [DEBUG] [TIME] 2153 dividends: 0.24s
2026-10-02 05:06:44,185 [INFO] [DETAIL] 2153 Ｅ・Ｊホールディングス: income_stmt=OK, balance_sheet=OK, cashflow=OK, dividends=OK
2026-10-02 05:06:44,185 [INFO] [TIME] 2153 Ｅ・Ｊホールディングス 処理時間: 1.08s
2026-10-02 05:06:45,470 [DEBUG] [TIME] 2154 info: 0.20s
2026-10-02 05:06:45,470 [DEBUG] yfinance OK: 2154
2026-10-02 05:06:45,683 [DEBUG] [TIME] 2154 income_stmt: 0.21s
2026-10-02 05:06:45,955 [DEBUG] [TIME] 2154 balance_sheet: 0.27s
2026-10-02 05:06:46,124 [DEBUG] [TIME] 2154 cashflow: 0.17s
2026-10-02 05:06:46,427 [DEBUG] [TIME] 2154 dividends: 0.30s
2026-10-02 05:06:46,428 [INFO] [DETAIL] 2154 オープンアップグループ: income_stmt=OK, balance_sheet=OK, cashflow=OK, dividends=OK
2026-10-02 05:06:46,428 [INFO] [TIME] 2154 オープンアップグループ 処理時間: 1.16s
2026-10-02 05:06:48,094 [DEBUG] [TIME] 2156 info: 0.20s
2026-10-02 05:06:48,094 [DEBUG] yfinance OK: 2156
2026-10-02 05:06:48,234 [DEBUG] [TIME] 2156 income_stmt: 0.14s
2026-10-02 05:06:48,485 [DEBUG] [TIME] 2156 balance_sheet: 0.25s
2026-10-02 05:06:48,699 [DEBUG] [TIME] 2156 cashflow: 0.21s
2026-10-02 05:06:48,972 [DEBUG] [TIME] 2156 dividends: 0.27s
2026-10-02 05:06:48,973 [INFO] [DETAIL] 2156 セーラー広告: income_stmt=OK, balance_sheet=OK, cashflow=OK, dividends=OK
2026-10-02 05:06:48,973 [INFO] [TIME] 2156 セーラー広告 処理時間: 1.08s
2026-10-02 05:06:50,762 [DEBUG] [TIME] 2157 info: 0.14s
2026-10-02 05:06:50,762 [DEBUG] yfinance OK: 2157
2026-10-02 05:06:50,924 [DEBUG] [TIME] 2157 income_stmt: 0.16s
2026-10-02 05:06:51,057 [DEBUG] [TIME] 2157 balance_sheet: 0.13s
2026-10-02 05:06:51,213 [DEBUG] [TIME] 2157 cashflow: 0.16s
2026-10-02 05:06:51,587 [DEBUG] [TIME] 2157 dividends: 0.37s
2026-10-02 05:06:51,588 [INFO] [DETAIL] 2157 コシダカホールディングス: income_stmt=OK, balance_sheet=OK, cashflow=OK, dividends=OK
2026-10-02 05:06:51,588 [INFO] [TIME] 2157 コシダカホールディングス 処理時間: 0.97s
2026-10-02 05:06:53,737 [DEBUG] [TIME] 2158 info: 0.14s
2026-10-02 05:06:53,737 [DEBUG] yfinance OK: 2158
2026-10-02 05:06:53,923 [DEBUG] [TIME] 2158 income_stmt: 0.19s
2026-10-02 05:06:54,126 [DEBUG] [TIME] 2158 balance_sheet: 0.20s
2026-10-02 05:06:54,289 [DEBUG] [TIME] 2158 cashflow: 0.16s
2026-10-02 05:06:54,524 [DEBUG] [TIME] 2158 dividends: 0.23s
2026-10-02 05:06:54,525 [INFO] [DETAIL] 2158 ＦＲＯＮＴＥＯ: income_stmt=OK, balance_sheet=OK, cashflow=OK, dividends=OK
2026-10-02 05:06:54,525 [INFO] [TIME] 2158 ＦＲＯＮＴＥＯ 処理時間: 0.93s
2026-10-02 05:06:56,451 [DEBUG] [TIME] 215A info: 0.14s
2026-10-02 05:06:56,451 [DEBUG] yfinance OK: 215A
2026-10-02 05:06:56,621 [DEBUG] [TIME] 215A income_stmt: 0.17s
2026-10-02 05:06:56,892 [DEBUG] [TIME] 215A balance_sheet: 0.27s
2026-10-02 05:06:57,020 [DEBUG] [TIME] 215A cashflow: 0.13s
2026-10-02 05:06:57,139 [DEBUG] [TIME] 215A dividends: 0.12s
2026-10-02 05:06:57,140 [INFO] [DETAIL] 215A タイミー: income_stmt=OK, balance_sheet=OK, cashflow=OK, dividends=EMPTY
2026-10-02 05:06:57,140 [INFO] [TIME] 215A タイミー 処理時間: 0.83s
2026-10-02 05:06:58,623 [DEBUG] [TIME] 2160 info: 0.16s
2026-10-02 05:06:58,623 [DEBUG] yfinance OK: 2160
2026-10-02 05:06:58,735 [DEBUG] [TIME] 2160 income_stmt: 0.11s
2026-10-02 05:06:59,003 [DEBUG] [TIME] 2160 balance_sheet: 0.27s
2026-10-02 05:06:59,237 [DEBUG] [TIME] 2160 cashflow: 0.23s
2026-10-02 05:06:59,425 [DEBUG] [TIME] 2160 dividends: 0.19s
2026-10-02 05:06:59,425 [INFO] [DETAIL] 2160 ジーエヌアイグループ: income_stmt=OK, balance_sheet=OK, cashflow=OK, dividends=EMPTY
2026-10-02 05:06:59,425 [INFO] [TIME] 2160 ジーエヌアイグループ 処理時間: 0.96s
2026-10-02 05:07:01,013 [DEBUG] [TIME] 2162 info: 0.15s
2026-10-02 05:07:01,014 [WARNING] yfinance データなし: 2162
2026-10-02 05:07:01,014 [INFO] [TIME] 2162 ｎｍｓ　ホールディングス 処理時間: 0.15s
2026-10-02 05:07:02,649 [DEBUG] [TIME] 2163 info: 0.14s
2026-10-02 05:07:02,650 [DEBUG] yfinance OK: 2163
2026-10-02 05:07:02,815 [DEBUG] [TIME] 2163 income_stmt: 0.17s
2026-10-02 05:07:03,095 [DEBUG] [TIME] 2163 balance_sheet: 0.28s
2026-10-02 05:07:03,255 [DEBUG] [TIME] 2163 cashflow: 0.16s
2026-10-02 05:07:03,513 [DEBUG] [TIME] 2163 dividends: 0.26s
2026-10-02 05:07:03,514 [INFO] [DETAIL] 2163 アルトナー: income_stmt=OK, balance_sheet=OK, cashflow=OK, dividends=OK
2026-10-02 05:07:03,514 [INFO] [TIME] 2163 アルトナー 処理時間: 1.01s
2026-10-02 05:07:05,444 [DEBUG] [TIME] 2164 info: 0.28s
2026-10-02 05:07:05,444 [DEBUG] yfinance OK: 2164
2026-10-02 05:07:05,591 [DEBUG] [TIME] 2164 income_stmt: 0.15s
2026-10-02 05:07:05,760 [DEBUG] [TIME] 2164 balance_sheet: 0.17s
2026-10-02 05:07:05,929 [DEBUG] [TIME] 2164 cashflow: 0.17s
2026-10-02 05:07:06,285 [DEBUG] [TIME] 2164 dividends: 0.36s
2026-10-02 05:07:06,286 [INFO] [DETAIL] 2164 地域新聞社: income_stmt=OK, balance_sheet=OK, cashflow=OK, dividends=OK
2026-10-02 05:07:06,286 [INFO] [TIME] 2164 地域新聞社 処理時間: 1.12s
2026-10-02 05:07:07,732 [DEBUG] [TIME] 2168 info: 0.19s
2026-10-02 05:07:07,732 [DEBUG] yfinance OK: 2168
2026-10-02 05:07:07,931 [DEBUG] [TIME] 2168 income_stmt: 0.20s
2026-10-02 05:07:08,105 [DEBUG] [TIME] 2168 balance_sheet: 0.17s
2026-10-02 05:07:08,259 [DEBUG] [TIME] 2168 cashflow: 0.15s
2026-10-02 05:07:08,508 [DEBUG] [TIME] 2168 dividends: 0.25s
2026-10-02 05:07:08,510 [INFO] [DETAIL] 2168 パソナグループ: income_stmt=OK, balance_sheet=OK, cashflow=OK, dividends=OK
2026-10-02 05:07:08,510 [INFO] [TIME] 2168 パソナグループ 処理時間: 0.97s
2026-10-02 05:07:10,273 [DEBUG] [TIME] 2169 info: 0.15s
2026-10-02 05:07:10,273 [DEBUG] yfinance OK: 2169
2026-10-02 05:07:10,433 [DEBUG] [TIME] 2169 income_stmt: 0.16s
2026-10-02 05:07:10,641 [DEBUG] [TIME] 2169 balance_sheet: 0.21s
2026-10-02 05:07:10,848 [DEBUG] [TIME] 2169 cashflow: 0.21s
2026-10-02 05:07:11,099 [DEBUG] [TIME] 2169 dividends: 0.25s
2026-10-02 05:07:11,100 [INFO] [DETAIL] 2169 ＣＤＳ: income_stmt=OK, balance_sheet=OK, cashflow=OK, dividends=OK
2026-10-02 05:07:11,100 [INFO] [TIME] 2169 ＣＤＳ 処理時間: 0.98s
2026-10-02 05:07:13,039 [DEBUG] [TIME] 2170 info: 0.21s
2026-10-02 05:07:13,039 [DEBUG] yfinance OK: 2170
2026-10-02 05:07:13,173 [DEBUG] [TIME] 2170 income_stmt: 0.13s
2026-10-02 05:07:13,474 [DEBUG] [TIME] 2170 balance_sheet: 0.30s
2026-10-02 05:07:13,972 [DEBUG] [TIME] 2170 cashflow: 0.50s
2026-10-02 05:07:14,190 [DEBUG] [TIME] 2170 dividends: 0.22s
2026-10-02 05:07:14,191 [INFO] [DETAIL] 2170 リンクアンドモチベーション: income_stmt=OK, balance_sheet=OK, cashflow=OK, dividends=OK
2026-10-02 05:07:14,191 [INFO] [TIME] 2170 リンクアンドモチベーション 処理時間: 1.36s
2026-10-02 05:07:16,240 [DEBUG] [TIME] 2173 info: 0.16s
2026-10-02 05:07:16,240 [DEBUG] yfinance OK: 2173
2026-10-02 05:07:16,396 [DEBUG] [TIME] 2173 income_stmt: 0.16s
2026-10-02 05:07:16,640 [DEBUG] [TIME] 2173 balance_sheet: 0.24s
2026-10-02 05:07:16,808 [DEBUG] [TIME] 2173 cashflow: 0.17s
2026-10-02 05:07:17,104 [DEBUG] [TIME] 2173 dividends: 0.30s
2026-10-02 05:07:17,106 [INFO] [DETAIL] 2173 博展: income_stmt=OK, balance_sheet=OK, cashflow=OK, dividends=OK
2026-10-02 05:07:17,106 [INFO] [TIME] 2173 博展 処理時間: 1.02s
2026-10-02 05:07:18,289 [DEBUG] [TIME] 2175 info: 0.15s
2026-10-02 05:07:18,289 [DEBUG] yfinance OK: 2175
2026-10-02 05:07:18,480 [DEBUG] [TIME] 2175 income_stmt: 0.19s
2026-10-02 05:07:18,760 [DEBUG] [TIME] 2175 balance_sheet: 0.28s
2026-10-02 05:07:18,969 [DEBUG] [TIME] 2175 cashflow: 0.21s
2026-10-02 05:07:19,258 [DEBUG] [TIME] 2175 dividends: 0.29s
2026-10-02 05:07:19,259 [INFO] [DETAIL] 2175 エス・エム・エス: income_stmt=OK, balance_sheet=OK, cashflow=OK, dividends=OK
2026-10-02 05:07:19,259 [INFO] [TIME] 2175 エス・エム・エス 処理時間: 1.12s
2026-10-02 05:07:20,955 [DEBUG] [TIME] 2179 info: 0.15s
2026-10-02 05:07:20,955 [DEBUG] yfinance OK: 2179
2026-10-02 05:07:21,107 [DEBUG] [TIME] 2179 income_stmt: 0.15s
2026-10-02 05:07:21,288 [DEBUG] [TIME] 2179 balance_sheet: 0.18s
2026-10-02 05:07:21,541 [DEBUG] [TIME] 2179 cashflow: 0.25s
2026-10-02 05:07:21,801 [DEBUG] [TIME] 2179 dividends: 0.26s
2026-10-02 05:07:21,802 [INFO] [DETAIL] 2179 成学社: income_stmt=OK, balance_sheet=OK, cashflow=OK, dividends=OK
2026-10-02 05:07:21,802 [INFO] [TIME] 2179 成学社 処理時間: 1.00s
2026-10-02 05:07:23,481 [DEBUG] [TIME] 2180 info: 0.19s
2026-10-02 05:07:23,481 [WARNING] yfinance データなし: 2180
2026-10-02 05:07:23,481 [INFO] [TIME] 2180 サニーサイドアップグループ 処理時間: 0.19s
2026-10-02 05:07:24,969 [DEBUG] [TIME] 2181 info: 0.14s
2026-10-02 05:07:24,969 [DEBUG] yfinance OK: 2181
2026-10-02 05:07:25,142 [DEBUG] [TIME] 2181 income_stmt: 0.17s
2026-10-02 05:07:25,408 [DEBUG] [TIME] 2181 balance_sheet: 0.27s
2026-10-02 05:07:25,554 [DEBUG] [TIME] 2181 cashflow: 0.14s
2026-10-02 05:07:25,820 [DEBUG] [TIME] 2181 dividends: 0.27s
2026-10-02 05:07:25,822 [INFO] [DETAIL] 2181 パーソルホールディングス: income_stmt=OK, balance_sheet=OK, cashflow=OK, dividends=OK
2026-10-02 05:07:25,822 [INFO] [TIME] 2181 パーソルホールディングス 処理時間: 1.00s
2026-10-02 05:07:27,648 [DEBUG] [TIME] 2183 info: 0.15s
2026-10-02 05:07:27,648 [DEBUG] yfinance OK: 2183
2026-10-02 05:07:27,852 [DEBUG] [TIME] 2183 income_stmt: 0.20s
2026-10-02 05:07:28,050 [DEBUG] [TIME] 2183 balance_sheet: 0.20s
2026-10-02 05:07:28,209 [DEBUG] [TIME] 2183 cashflow: 0.16s
2026-10-02 05:07:28,444 [DEBUG] [TIME] 2183 dividends: 0.23s
2026-10-02 05:07:28,445 [INFO] [DETAIL] 2183 リニカル: income_stmt=OK, balance_sheet=OK, cashflow=OK, dividends=OK
2026-10-02 05:07:28,445 [INFO] [TIME] 2183 リニカル 処理時間: 0.95s
2026-10-02 05:07:30,582 [DEBUG] [TIME] 2185 info: 0.24s
2026-10-02 05:07:30,582 [DEBUG] yfinance OK: 2185
2026-10-02 05:07:30,751 [DEBUG] [TIME] 2185 income_stmt: 0.17s
2026-10-02 05:07:31,032 [DEBUG] [TIME] 2185 balance_sheet: 0.28s
2026-10-02 05:07:31,250 [DEBUG] [TIME] 2185 cashflow: 0.22s
2026-10-02 05:07:31,600 [DEBUG] [TIME] 2185 dividends: 0.35s
2026-10-02 05:07:31,601 [INFO] [DETAIL] 2185 シイエム・シイ: income_stmt=OK, balance_sheet=OK, cashflow=OK, dividends=OK
2026-10-02 05:07:31,601 [INFO] [TIME] 2185 シイエム・シイ 処理時間: 1.26s
2026-10-02 05:07:32,943 [DEBUG] [TIME] 2186 info: 0.15s
2026-10-02 05:07:32,943 [DEBUG] yfinance OK: 2186
2026-10-02 05:07:33,097 [DEBUG] [TIME] 2186 income_stmt: 0.15s
2026-10-02 05:07:33,337 [DEBUG] [TIME] 2186 balance_sheet: 0.24s
2026-10-02 05:07:33,557 [DEBUG] [TIME] 2186 cashflow: 0.22s
2026-10-02 05:07:33,798 [DEBUG] [TIME] 2186 dividends: 0.24s
2026-10-02 05:07:33,799 [INFO] [DETAIL] 2186 ソーバル: income_stmt=OK, balance_sheet=OK, cashflow=OK, dividends=OK
2026-10-02 05:07:33,800 [INFO] [TIME] 2186 ソーバル 処理時間: 1.00s
2026-10-02 05:07:35,777 [DEBUG] [TIME] 218A info: 0.34s
2026-10-02 05:07:35,777 [DEBUG] yfinance OK: 218A
2026-10-02 05:07:35,996 [DEBUG] [TIME] 218A income_stmt: 0.22s
2026-10-02 05:07:36,140 [DEBUG] [TIME] 218A balance_sheet: 0.14s
2026-10-02 05:07:36,325 [DEBUG] [TIME] 218A cashflow: 0.18s
2026-10-02 05:07:36,431 [DEBUG] [TIME] 218A dividends: 0.11s
2026-10-02 05:07:36,431 [INFO] [DETAIL] 218A Ｌｉｂｅｒａｗａｒｅ: income_stmt=OK, balance_sheet=OK, cashflow=OK, dividends=EMPTY
2026-10-02 05:07:36,431 [INFO] [TIME] 218A Ｌｉｂｅｒａｗａｒｅ 処理時間: 0.99s
2026-10-02 05:07:38,461 [DEBUG] [TIME] 2193 info: 0.17s
2026-10-02 05:07:38,461 [DEBUG] yfinance OK: 2193
2026-10-02 05:07:38,586 [DEBUG] [TIME] 2193 income_stmt: 0.13s
2026-10-02 05:07:38,749 [DEBUG] [TIME] 2193 balance_sheet: 0.16s
2026-10-02 05:07:38,975 [DEBUG] [TIME] 2193 cashflow: 0.23s
2026-10-02 05:07:39,283 [DEBUG] [TIME] 2193 dividends: 0.31s
2026-10-02 05:07:39,284 [INFO] [DETAIL] 2193 クックパッド: income_stmt=OK, balance_sheet=OK, cashflow=OK, dividends=OK
2026-10-02 05:07:39,284 [INFO] [TIME] 2193 クックパッド 処理時間: 1.00s
2026-10-02 05:07:40,583 [DEBUG] [TIME] 2195 info: 0.20s
2026-10-02 05:07:40,583 [DEBUG] yfinance OK: 2195
2026-10-02 05:07:40,752 [DEBUG] [TIME] 2195 income_stmt: 0.17s
2026-10-02 05:07:40,982 [DEBUG] [TIME] 2195 balance_sheet: 0.23s
2026-10-02 05:07:41,122 [DEBUG] [TIME] 2195 cashflow: 0.14s
2026-10-02 05:07:41,320 [DEBUG] [TIME] 2195 dividends: 0.20s
2026-10-02 05:07:41,321 [INFO] [DETAIL] 2195 アミタホールディングス: income_stmt=OK, balance_sheet=OK, cashflow=OK, dividends=OK
2026-10-02 05:07:41,321 [INFO] [TIME] 2195 アミタホールディングス 処理時間: 0.94s
2026-10-02 05:07:42,763 [DEBUG] [TIME] 2198 info: 0.24s
2026-10-02 05:07:42,763 [DEBUG] yfinance OK: 2198
2026-10-02 05:07:42,946 [DEBUG] [TIME] 2198 income_stmt: 0.18s
2026-10-02 05:07:43,130 [DEBUG] [TIME] 2198 balance_sheet: 0.18s
2026-10-02 05:07:43,315 [DEBUG] [TIME] 2198 cashflow: 0.18s
2026-10-02 05:07:43,556 [DEBUG] [TIME] 2198 dividends: 0.24s
2026-10-02 05:07:43,557 [INFO] [DETAIL] 2198 アイ・ケイ・ケイホールディングス: income_stmt=OK, balance_sheet=OK, cashflow=OK, dividends=OK
2026-10-02 05:07:43,558 [INFO] [TIME] 2198 アイ・ケイ・ケイホールディングス 処理時間: 1.04s
2026-10-02 05:07:45,498 [DEBUG] [TIME] 219A info: 0.15s
2026-10-02 05:07:45,498 [DEBUG] yfinance OK: 219A
2026-10-02 05:07:45,700 [DEBUG] [TIME] 219A income_stmt: 0.20s
2026-10-02 05:07:45,862 [DEBUG] [TIME] 219A balance_sheet: 0.16s
2026-10-02 05:07:46,059 [DEBUG] [TIME] 219A cashflow: 0.20s
2026-10-02 05:07:46,160 [DEBUG] [TIME] 219A dividends: 0.10s
2026-10-02 05:07:46,160 [INFO] [DETAIL] 219A Ｈｅａｒｔｓｅｅｄ: income_stmt=OK, balance_sheet=OK, cashflow=OK, dividends=EMPTY
2026-10-02 05:07:46,160 [INFO] [TIME] 219A Ｈｅａｒｔｓｅｅｄ 処理時間: 0.81s
2026-10-02 05:07:48,298 [DEBUG] [TIME] 2201 info: 0.14s
2026-10-02 05:07:48,298 [DEBUG] yfinance OK: 2201
2026-10-02 05:07:48,440 [DEBUG] [TIME] 2201 income_stmt: 0.14s
2026-10-02 05:07:48,688 [DEBUG] [TIME] 2201 balance_sheet: 0.25s
2026-10-02 05:07:48,896 [DEBUG] [TIME] 2201 cashflow: 0.21s
2026-10-02 05:07:49,162 [DEBUG] [TIME] 2201 dividends: 0.27s
2026-10-02 05:07:49,163 [INFO] [DETAIL] 2201 森永製菓: income_stmt=OK, balance_sheet=OK, cashflow=OK, dividends=OK
2026-10-02 05:07:49,164 [INFO] [TIME] 2201 森永製菓 処理時間: 1.01s
2026-10-02 05:07:51,018 [DEBUG] [TIME] 2204 info: 0.20s
2026-10-02 05:07:51,018 [DEBUG] yfinance OK: 2204
2026-10-02 05:07:51,158 [DEBUG] [TIME] 2204 income_stmt: 0.14s
2026-10-02 05:07:51,309 [DEBUG] [TIME] 2204 balance_sheet: 0.15s
2026-10-02 05:07:51,478 [DEBUG] [TIME] 2204 cashflow: 0.17s
2026-10-02 05:07:51,816 [DEBUG] [TIME] 2204 dividends: 0.34s
2026-10-02 05:07:51,817 [INFO] [DETAIL] 2204 中村屋: income_stmt=OK, balance_sheet=OK, cashflow=OK, dividends=OK
2026-10-02 05:07:51,817 [INFO] [TIME] 2204 中村屋 処理時間: 1.00s
2026-10-02 05:07:53,614 [DEBUG] [TIME] 2206 info: 0.15s
2026-10-02 05:07:53,614 [DEBUG] yfinance OK: 2206
2026-10-02 05:07:53,835 [DEBUG] [TIME] 2206 income_stmt: 0.22s
2026-10-02 05:07:54,090 [DEBUG] [TIME] 2206 balance_sheet: 0.25s
2026-10-02 05:07:54,272 [DEBUG] [TIME] 2206 cashflow: 0.18s
2026-10-02 05:07:54,605 [DEBUG] [TIME] 2206 dividends: 0.33s
2026-10-02 05:07:54,606 [INFO] [DETAIL] 2206 江崎グリコ: income_stmt=OK, balance_sheet=OK, cashflow=OK, dividends=OK
2026-10-02 05:07:54,606 [INFO] [TIME] 2206 江崎グリコ 処理時間: 1.14s
2026-10-02 05:07:56,266 [DEBUG] [TIME] 2207 info: 0.20s
2026-10-02 05:07:56,266 [DEBUG] yfinance OK: 2207
2026-10-02 05:07:56,442 [DEBUG] [TIME] 2207 income_stmt: 0.18s
2026-10-02 05:07:56,701 [DEBUG] [TIME] 2207 balance_sheet: 0.26s
2026-10-02 05:07:56,853 [DEBUG] [TIME] 2207 cashflow: 0.15s
2026-10-02 05:07:57,117 [DEBUG] [TIME] 2207 dividends: 0.26s
2026-10-02 05:07:57,118 [INFO] [DETAIL] 2207 ｍｅｉｔｏ: income_stmt=OK, balance_sheet=OK, cashflow=OK, dividends=OK
2026-10-02 05:07:57,119 [INFO] [TIME] 2207 ｍｅｉｔｏ 処理時間: 1.05s
2026-10-02 05:07:59,084 [DEBUG] [TIME] 2208 info: 0.15s
2026-10-02 05:07:59,085 [DEBUG] yfinance OK: 2208
2026-10-02 05:07:59,255 [DEBUG] [TIME] 2208 income_stmt: 0.17s
2026-10-02 05:07:59,459 [DEBUG] [TIME] 2208 balance_sheet: 0.20s
2026-10-02 05:07:59,731 [DEBUG] [TIME] 2208 cashflow: 0.27s
2026-10-02 05:08:00,033 [DEBUG] [TIME] 2208 dividends: 0.30s
2026-10-02 05:08:00,034 [INFO] [DETAIL] 2208 ブルボン: income_stmt=OK, balance_sheet=OK, cashflow=OK, dividends=OK
2026-10-02 05:08:00,034 [INFO] [TIME] 2208 ブルボン 処理時間: 1.10s
2026-10-02 05:08:01,893 [DEBUG] [TIME] 2209 info: 0.15s
2026-10-02 05:08:01,893 [DEBUG] yfinance OK: 2209
2026-10-02 05:08:02,026 [DEBUG] [TIME] 2209 income_stmt: 0.13s
2026-10-02 05:08:02,251 [DEBUG] [TIME] 2209 balance_sheet: 0.22s
2026-10-02 05:08:02,444 [DEBUG] [TIME] 2209 cashflow: 0.19s
2026-10-02 05:08:02,746 [DEBUG] [TIME] 2209 dividends: 0.30s
2026-10-02 05:08:02,747 [INFO] [DETAIL] 2209 井村屋グループ: income_stmt=OK, balance_sheet=OK, cashflow=OK, dividends=OK
2026-10-02 05:08:02,747 [INFO] [TIME] 2209 井村屋グループ 処理時間: 1.00s
2026-10-02 05:08:04,833 [DEBUG] [TIME] 220A info: 0.15s
2026-10-02 05:08:04,833 [DEBUG] yfinance OK: 220A
2026-10-02 05:08:04,942 [DEBUG] [TIME] 220A income_stmt: 0.11s
2026-10-02 05:08:05,093 [DEBUG] [TIME] 220A balance_sheet: 0.15s
2026-10-02 05:08:05,282 [DEBUG] [TIME] 220A cashflow: 0.19s
2026-10-02 05:08:05,467 [DEBUG] [TIME] 220A dividends: 0.18s
2026-10-02 05:08:05,468 [INFO] [DETAIL] 220A Ｆａｂｅｒ　Ｃｏｍｐａｎｙ: income_stmt=OK, balance_sheet=OK, cashflow=OK, dividends=OK
2026-10-02 05:08:05,468 [INFO] [TIME] 220A Ｆａｂｅｒ　Ｃｏｍｐａｎｙ 処理時間: 0.79s
2026-10-02 05:08:06,847 [DEBUG] [TIME] 2211 info: 0.15s
2026-10-02 05:08:06,847 [DEBUG] yfinance OK: 2211
2026-10-02 05:08:07,034 [DEBUG] [TIME] 2211 income_stmt: 0.19s
2026-10-02 05:08:07,240 [DEBUG] [TIME] 2211 balance_sheet: 0.21s
2026-10-02 05:08:07,399 [DEBUG] [TIME] 2211 cashflow: 0.16s
2026-10-02 05:08:07,717 [DEBUG] [TIME] 2211 dividends: 0.32s
2026-10-02 05:08:07,718 [INFO] [DETAIL] 2211 不二家: income_stmt=OK, balance_sheet=OK, cashflow=OK, dividends=OK
2026-10-02 05:08:07,718 [INFO] [TIME] 2211 不二家 処理時間: 1.02s
2026-10-02 05:08:09,718 [DEBUG] [TIME] 2212 info: 0.24s
2026-10-02 05:08:09,718 [DEBUG] yfinance OK: 2212
2026-10-02 05:08:09,924 [DEBUG] [TIME] 2212 income_stmt: 0.21s
2026-10-02 05:08:10,203 [DEBUG] [TIME] 2212 balance_sheet: 0.28s
2026-10-02 05:08:10,389 [DEBUG] [TIME] 2212 cashflow: 0.18s
2026-10-02 05:08:10,650 [DEBUG] [TIME] 2212 dividends: 0.26s
2026-10-02 05:08:10,651 [INFO] [DETAIL] 2212 山崎製パン: income_stmt=OK, balance_sheet=OK, cashflow=OK, dividends=OK
2026-10-02 05:08:10,651 [INFO] [TIME] 2212 山崎製パン 処理時間: 1.17s
2026-10-02 05:08:12,701 [DEBUG] [TIME] 2215 info: 0.14s
2026-10-02 05:08:12,701 [DEBUG] yfinance OK: 2215
2026-10-02 05:08:12,860 [DEBUG] [TIME] 2215 income_stmt: 0.16s
2026-10-02 05:08:13,084 [DEBUG] [TIME] 2215 balance_sheet: 0.22s
2026-10-02 05:08:13,263 [DEBUG] [TIME] 2215 cashflow: 0.18s
2026-10-02 05:08:13,486 [DEBUG] [TIME] 2215 dividends: 0.22s
2026-10-02 05:08:13,486 [INFO] [DETAIL] 2215 第一屋製パン: income_stmt=OK, balance_sheet=OK, cashflow=OK, dividends=EMPTY
2026-10-02 05:08:13,486 [INFO] [TIME] 2215 第一屋製パン 処理時間: 0.93s
2026-10-02 05:08:14,824 [DEBUG] [TIME] 2216 info: 0.25s
2026-10-02 05:08:14,824 [DEBUG] yfinance OK: 2216
2026-10-02 05:08:14,964 [DEBUG] [TIME] 2216 income_stmt: 0.14s
2026-10-02 05:08:15,114 [DEBUG] [TIME] 2216 balance_sheet: 0.15s
2026-10-02 05:08:15,398 [DEBUG] [TIME] 2216 cashflow: 0.28s
2026-10-02 05:08:15,697 [DEBUG] [TIME] 2216 dividends: 0.30s
2026-10-02 05:08:15,698 [INFO] [DETAIL] 2216 カンロ: income_stmt=OK, balance_sheet=OK, cashflow=OK, dividends=OK
2026-10-02 05:08:15,699 [INFO] [TIME] 2216 カンロ 処理時間: 1.13s
2026-10-02 05:08:17,531 [DEBUG] [TIME] 2217 info: 0.14s
2026-10-02 05:08:17,531 [DEBUG] yfinance OK: 2217
2026-10-02 05:08:17,675 [DEBUG] [TIME] 2217 income_stmt: 0.14s
2026-10-02 05:08:17,919 [DEBUG] [TIME] 2217 balance_sheet: 0.24s
2026-10-02 05:08:18,053 [DEBUG] [TIME] 2217 cashflow: 0.13s
2026-10-02 05:08:18,374 [DEBUG] [TIME] 2217 dividends: 0.32s
2026-10-02 05:08:18,375 [INFO] [DETAIL] 2217 モロゾフ: income_stmt=OK, balance_sheet=OK, cashflow=OK, dividends=OK
2026-10-02 05:08:18,376 [INFO] [TIME] 2217 モロゾフ 処理時間: 0.99s
2026-10-02 05:08:19,927 [DEBUG] [TIME] 2220 info: 0.19s
2026-10-02 05:08:19,927 [DEBUG] yfinance OK: 2220
2026-10-02 05:08:20,127 [DEBUG] [TIME] 2220 income_stmt: 0.20s
2026-10-02 05:08:20,295 [DEBUG] [TIME] 2220 balance_sheet: 0.17s
2026-10-02 05:08:20,529 [DEBUG] [TIME] 2220 cashflow: 0.23s
2026-10-02 05:08:20,994 [DEBUG] [TIME] 2220 dividends: 0.46s
2026-10-02 05:08:20,995 [INFO] [DETAIL] 2220 亀田製菓: income_stmt=OK, balance_sheet=OK, cashflow=OK, dividends=OK
2026-10-02 05:08:20,995 [INFO] [TIME] 2220 亀田製菓 処理時間: 1.26s
2026-10-02 05:08:22,952 [DEBUG] [TIME] 2221 info: 0.15s
2026-10-02 05:08:22,952 [DEBUG] yfinance OK: 2221
2026-10-02 05:08:23,197 [DEBUG] [TIME] 2221 income_stmt: 0.25s
2026-10-02 05:08:23,467 [DEBUG] [TIME] 2221 balance_sheet: 0.27s
2026-10-02 05:08:23,629 [DEBUG] [TIME] 2221 cashflow: 0.16s
2026-10-02 05:08:23,992 [DEBUG] [TIME] 2221 dividends: 0.36s
2026-10-02 05:08:23,993 [INFO] [DETAIL] 2221 岩塚製菓: income_stmt=OK, balance_sheet=OK, cashflow=OK, dividends=OK
2026-10-02 05:08:23,994 [INFO] [TIME] 2221 岩塚製菓 処理時間: 1.19s
2026-10-02 05:08:25,697 [DEBUG] [TIME] 2222 info: 0.17s
2026-10-02 05:08:25,697 [DEBUG] yfinance OK: 2222
2026-10-02 05:08:25,872 [DEBUG] [TIME] 2222 income_stmt: 0.18s
2026-10-02 05:08:26,153 [DEBUG] [TIME] 2222 balance_sheet: 0.28s
2026-10-02 05:08:26,309 [DEBUG] [TIME] 2222 cashflow: 0.16s
2026-10-02 05:08:26,520 [DEBUG] [TIME] 2222 dividends: 0.21s
2026-10-02 05:08:26,521 [INFO] [DETAIL] 2222 寿スピリッツ: income_stmt=OK, balance_sheet=OK, cashflow=OK, dividends=OK
2026-10-02 05:08:26,521 [INFO] [TIME] 2222 寿スピリッツ 処理時間: 0.99s
2026-10-02 05:08:28,616 [DEBUG] [TIME] 2224 info: 0.16s
2026-10-02 05:08:28,616 [DEBUG] yfinance OK: 2224
2026-10-02 05:08:28,742 [DEBUG] [TIME] 2224 income_stmt: 0.13s
2026-10-02 05:08:28,920 [DEBUG] [TIME] 2224 balance_sheet: 0.18s
2026-10-02 05:08:29,108 [DEBUG] [TIME] 2224 cashflow: 0.19s
2026-10-02 05:08:29,411 [DEBUG] [TIME] 2224 dividends: 0.30s
2026-10-02 05:08:29,412 [INFO] [DETAIL] 2224 コモ: income_stmt=OK, balance_sheet=OK, cashflow=OK, dividends=OK
2026-10-02 05:08:29,413 [INFO] [TIME] 2224 コモ 処理時間: 0.95s
2026-10-02 05:08:31,529 [DEBUG] [TIME] 2226 info: 0.14s
2026-10-02 05:08:31,530 [DEBUG] yfinance OK: 2226
2026-10-02 05:08:31,687 [DEBUG] [TIME] 2226 income_stmt: 0.16s
2026-10-02 05:08:31,902 [DEBUG] [TIME] 2226 balance_sheet: 0.21s
2026-10-02 05:08:32,076 [DEBUG] [TIME] 2226 cashflow: 0.17s
2026-10-02 05:08:32,370 [DEBUG] [TIME] 2226 dividends: 0.29s
2026-10-02 05:08:32,371 [INFO] [DETAIL] 2226 湖池屋: income_stmt=OK, balance_sheet=OK, cashflow=OK, dividends=OK
2026-10-02 05:08:32,371 [INFO] [TIME] 2226 湖池屋 処理時間: 0.99s
2026-10-02 05:08:33,671 [DEBUG] [TIME] 2229 info: 0.16s
2026-10-02 05:08:33,671 [DEBUG] yfinance OK: 2229
2026-10-02 05:08:33,793 [DEBUG] [TIME] 2229 income_stmt: 0.12s
2026-10-02 05:08:34,005 [DEBUG] [TIME] 2229 balance_sheet: 0.21s
2026-10-02 05:08:34,175 [DEBUG] [TIME] 2229 cashflow: 0.17s
2026-10-02 05:08:34,465 [DEBUG] [TIME] 2229 dividends: 0.29s
2026-10-02 05:08:34,466 [INFO] [DETAIL] 2229 カルビー: income_stmt=OK, balance_sheet=OK, cashflow=OK, dividends=OK
2026-10-02 05:08:34,466 [INFO] [TIME] 2229 カルビー 処理時間: 0.95s
2026-10-02 05:08:36,499 [DEBUG] [TIME] 2264 info: 0.24s
2026-10-02 05:08:36,500 [DEBUG] yfinance OK: 2264
2026-10-02 05:08:36,610 [DEBUG] [TIME] 2264 income_stmt: 0.11s
2026-10-02 05:08:36,777 [DEBUG] [TIME] 2264 balance_sheet: 0.17s
2026-10-02 05:08:36,974 [DEBUG] [TIME] 2264 cashflow: 0.20s
2026-10-02 05:08:37,305 [DEBUG] [TIME] 2264 dividends: 0.33s
2026-10-02 05:08:37,306 [INFO] [DETAIL] 2264 森永乳業: income_stmt=OK, balance_sheet=OK, cashflow=OK, dividends=OK
2026-10-02 05:08:37,307 [INFO] [TIME] 2264 森永乳業 処理時間: 1.04s
2026-10-02 05:08:39,173 [DEBUG] [TIME] 2266 info: 0.14s
2026-10-02 05:08:39,173 [DEBUG] yfinance OK: 2266
2026-10-02 05:08:39,304 [DEBUG] [TIME] 2266 income_stmt: 0.13s
2026-10-02 05:08:39,598 [DEBUG] [TIME] 2266 balance_sheet: 0.29s
2026-10-02 05:08:39,780 [DEBUG] [TIME] 2266 cashflow: 0.18s
2026-10-02 05:08:40,097 [DEBUG] [TIME] 2266 dividends: 0.32s
2026-10-02 05:08:40,098 [INFO] [DETAIL] 2266 六甲バター: income_stmt=OK, balance_sheet=OK, cashflow=OK, dividends=OK
2026-10-02 05:08:40,098 [INFO] [TIME] 2266 六甲バター 処理時間: 1.07s
2026-10-02 05:08:41,537 [DEBUG] [TIME] 2267 info: 0.20s
2026-10-02 05:08:41,537 [DEBUG] yfinance OK: 2267
2026-10-02 05:08:41,704 [DEBUG] [TIME] 2267 income_stmt: 0.17s
2026-10-02 05:08:41,927 [DEBUG] [TIME] 2267 balance_sheet: 0.22s
2026-10-02 05:08:42,097 [DEBUG] [TIME] 2267 cashflow: 0.17s
2026-10-02 05:08:42,413 [DEBUG] [TIME] 2267 dividends: 0.32s
2026-10-02 05:08:42,414 [INFO] [DETAIL] 2267 ヤクルト本社: income_stmt=OK, balance_sheet=OK, cashflow=OK, dividends=OK
2026-10-02 05:08:42,414 [INFO] [TIME] 2267 ヤクルト本社 処理時間: 1.08s
2026-10-02 05:08:44,447 [DEBUG] [TIME] 2268 info: 0.15s
2026-10-02 05:08:44,448 [DEBUG] yfinance OK: 2268
2026-10-02 05:08:44,627 [DEBUG] [TIME] 2268 income_stmt: 0.18s
2026-10-02 05:08:44,775 [DEBUG] [TIME] 2268 balance_sheet: 0.15s
2026-10-02 05:08:44,885 [DEBUG] [TIME] 2268 cashflow: 0.11s
2026-10-02 05:08:45,151 [DEBUG] [TIME] 2268 dividends: 0.27s
2026-10-02 05:08:45,152 [INFO] [DETAIL] 2268 Ｂ－Ｒ　サーティワン　アイスクリーム: income_stmt=OK, balance_sheet=OK, cashflow=OK, dividends=OK
2026-10-02 05:08:45,152 [INFO] [TIME] 2268 Ｂ－Ｒ　サーティワン　アイスクリーム 処理時間: 0.85s
2026-10-02 05:08:46,612 [DEBUG] [TIME] 2269 info: 0.21s
2026-10-02 05:08:46,612 [DEBUG] yfinance OK: 2269
2026-10-02 05:08:46,827 [DEBUG] [TIME] 2269 income_stmt: 0.21s
2026-10-02 05:08:47,070 [DEBUG] [TIME] 2269 balance_sheet: 0.24s
2026-10-02 05:08:47,280 [DEBUG] [TIME] 2269 cashflow: 0.21s
2026-10-02 05:08:47,576 [DEBUG] [TIME] 2269 dividends: 0.30s
2026-10-02 05:08:47,577 [INFO] [DETAIL] 2269 明治ホールディングス: income_stmt=OK, balance_sheet=OK, cashflow=OK, dividends=OK
2026-10-02 05:08:47,577 [INFO] [TIME] 2269 明治ホールディングス 処理時間: 1.17s
2026-10-02 05:08:49,004 [DEBUG] [TIME] 2270 info: 0.15s
2026-10-02 05:08:49,004 [DEBUG] yfinance OK: 2270
2026-10-02 05:08:49,215 [DEBUG] [TIME] 2270 income_stmt: 0.21s
2026-10-02 05:08:49,476 [DEBUG] [TIME] 2270 balance_sheet: 0.26s
2026-10-02 05:08:49,600 [DEBUG] [TIME] 2270 cashflow: 0.12s
2026-10-02 05:08:49,945 [DEBUG] [TIME] 2270 dividends: 0.35s
2026-10-02 05:08:49,946 [INFO] [DETAIL] 2270 雪印メグミルク: income_stmt=OK, balance_sheet=OK, cashflow=OK, dividends=OK
2026-10-02 05:08:49,947 [INFO] [TIME] 2270 雪印メグミルク 処理時間: 1.09s
2026-10-02 05:08:51,176 [DEBUG] [TIME] 2281 info: 0.14s
2026-10-02 05:08:51,176 [DEBUG] yfinance OK: 2281
2026-10-02 05:08:51,331 [DEBUG] [TIME] 2281 income_stmt: 0.16s
2026-10-02 05:08:51,623 [DEBUG] [TIME] 2281 balance_sheet: 0.29s
2026-10-02 05:08:51,827 [DEBUG] [TIME] 2281 cashflow: 0.20s
2026-10-02 05:08:52,182 [DEBUG] [TIME] 2281 dividends: 0.35s
2026-10-02 05:08:52,183 [INFO] [DETAIL] 2281 プリマハム: income_stmt=OK, balance_sheet=OK, cashflow=OK, dividends=OK
2026-10-02 05:08:52,184 [INFO] [TIME] 2281 プリマハム 処理時間: 1.15s
2026-10-02 05:08:54,086 [DEBUG] [TIME] 2282 info: 0.16s
2026-10-02 05:08:54,086 [DEBUG] yfinance OK: 2282
2026-10-02 05:08:54,295 [DEBUG] [TIME] 2282 income_stmt: 0.21s
2026-10-02 05:08:54,559 [DEBUG] [TIME] 2282 balance_sheet: 0.26s
2026-10-02 05:08:54,783 [DEBUG] [TIME] 2282 cashflow: 0.22s
2026-10-02 05:08:55,223 [DEBUG] [TIME] 2282 dividends: 0.44s
2026-10-02 05:08:55,224 [INFO] [DETAIL] 2282 日本ハム: income_stmt=OK, balance_sheet=OK, cashflow=OK, dividends=OK
2026-10-02 05:08:55,225 [INFO] [TIME] 2282 日本ハム 処理時間: 1.29s
2026-10-02 05:08:57,038 [DEBUG] [TIME] 2286 info: 0.21s
2026-10-02 05:08:57,038 [DEBUG] yfinance OK: 2286
2026-10-02 05:08:57,239 [DEBUG] [TIME] 2286 income_stmt: 0.20s
2026-10-02 05:08:57,514 [DEBUG] [TIME] 2286 balance_sheet: 0.27s
2026-10-02 05:08:57,675 [DEBUG] [TIME] 2286 cashflow: 0.16s
2026-10-02 05:08:57,980 [DEBUG] [TIME] 2286 dividends: 0.30s
2026-10-02 05:08:57,981 [INFO] [DETAIL] 2286 林兼産業: income_stmt=OK, balance_sheet=OK, cashflow=OK, dividends=OK
2026-10-02 05:08:57,981 [INFO] [TIME] 2286 林兼産業 処理時間: 1.16s
2026-10-02 05:08:59,272 [DEBUG] [TIME] 2288 info: 0.14s
2026-10-02 05:08:59,272 [DEBUG] yfinance OK: 2288
2026-10-02 05:08:59,398 [DEBUG] [TIME] 2288 income_stmt: 0.13s
2026-10-02 05:08:59,548 [DEBUG] [TIME] 2288 balance_sheet: 0.15s
2026-10-02 05:08:59,713 [DEBUG] [TIME] 2288 cashflow: 0.16s
2026-10-02 05:08:59,997 [DEBUG] [TIME] 2288 dividends: 0.28s
2026-10-02 05:08:59,998 [INFO] [DETAIL] 2288 丸大食品: income_stmt=OK, balance_sheet=OK, cashflow=OK, dividends=OK
2026-10-02 05:08:59,998 [INFO] [TIME] 2288 丸大食品 処理時間: 0.87s
2026-10-02 05:09:01,378 [DEBUG] [TIME] 228A info: 0.15s
2026-10-02 05:09:01,378 [DEBUG] yfinance OK: 228A
2026-10-02 05:09:01,554 [DEBUG] [TIME] 228A income_stmt: 0.18s
2026-10-02 05:09:01,700 [DEBUG] [TIME] 228A balance_sheet: 0.15s
2026-10-02 05:09:01,878 [DEBUG] [TIME] 228A cashflow: 0.18s
2026-10-02 05:09:02,000 [DEBUG] [TIME] 228A dividends: 0.12s
2026-10-02 05:09:02,000 [INFO] [DETAIL] 228A オプロ: income_stmt=OK, balance_sheet=OK, cashflow=OK, dividends=EMPTY
2026-10-02 05:09:02,000 [INFO] [TIME] 228A オプロ 処理時間: 0.77s
2026-10-02 05:09:03,442 [DEBUG] [TIME] 2291 info: 0.14s
2026-10-02 05:09:03,442 [DEBUG] yfinance OK: 2291
2026-10-02 05:09:03,581 [DEBUG] [TIME] 2291 income_stmt: 0.14s
2026-10-02 05:09:03,862 [DEBUG] [TIME] 2291 balance_sheet: 0.28s
2026-10-02 05:09:04,071 [DEBUG] [TIME] 2291 cashflow: 0.21s
2026-10-02 05:09:04,334 [DEBUG] [TIME] 2291 dividends: 0.26s
2026-10-02 05:09:04,335 [INFO] [DETAIL] 2291 福留ハム: income_stmt=OK, balance_sheet=OK, cashflow=OK, dividends=OK
2026-10-02 05:09:04,335 [INFO] [TIME] 2291 福留ハム 処理時間: 1.03s
2026-10-02 05:09:06,350 [DEBUG] [TIME] 2292 info: 0.20s
2026-10-02 05:09:06,350 [DEBUG] yfinance OK: 2292
2026-10-02 05:09:06,491 [DEBUG] [TIME] 2292 income_stmt: 0.14s
2026-10-02 05:09:06,686 [DEBUG] [TIME] 2292 balance_sheet: 0.19s
2026-10-02 05:09:06,915 [DEBUG] [TIME] 2292 cashflow: 0.23s
2026-10-02 05:09:07,174 [DEBUG] [TIME] 2292 dividends: 0.26s
2026-10-02 05:09:07,175 [INFO] [DETAIL] 2292 Ｓ　Ｆｏｏｄｓ: income_stmt=OK, balance_sheet=OK, cashflow=OK, dividends=OK
2026-10-02 05:09:07,175 [INFO] [TIME] 2292 Ｓ　Ｆｏｏｄｓ 処理時間: 1.02s
2026-10-02 05:09:08,960 [DEBUG] [TIME] 2293 info: 0.20s
2026-10-02 05:09:08,960 [DEBUG] yfinance OK: 2293
2026-10-02 05:09:09,099 [DEBUG] [TIME] 2293 income_stmt: 0.14s
2026-10-02 05:09:09,373 [DEBUG] [TIME] 2293 balance_sheet: 0.27s
2026-10-02 05:09:09,582 [DEBUG] [TIME] 2293 cashflow: 0.21s
2026-10-02 05:09:09,976 [DEBUG] [TIME] 2293 dividends: 0.39s
2026-10-02 05:09:09,977 [INFO] [DETAIL] 2293 滝沢ハム: income_stmt=OK, balance_sheet=OK, cashflow=OK, dividends=OK
2026-10-02 05:09:09,977 [INFO] [TIME] 2293 滝沢ハム 処理時間: 1.22s
2026-10-02 05:09:11,584 [DEBUG] [TIME] 2294 info: 0.16s
2026-10-02 05:09:11,584 [DEBUG] yfinance OK: 2294
2026-10-02 05:09:11,734 [DEBUG] [TIME] 2294 income_stmt: 0.15s
2026-10-02 05:09:11,943 [DEBUG] [TIME] 2294 balance_sheet: 0.21s
2026-10-02 05:09:12,065 [DEBUG] [TIME] 2294 cashflow: 0.12s
2026-10-02 05:09:12,341 [DEBUG] [TIME] 2294 dividends: 0.28s
2026-10-02 05:09:12,342 [INFO] [DETAIL] 2294 柿安本店: income_stmt=OK, balance_sheet=OK, cashflow=OK, dividends=OK
2026-10-02 05:09:12,342 [INFO] [TIME] 2294 柿安本店 処理時間: 0.92s
2026-10-02 05:09:13,600 [DEBUG] [TIME] 2296 info: 0.14s
2026-10-02 05:09:13,600 [DEBUG] yfinance OK: 2296
2026-10-02 05:09:13,759 [DEBUG] [TIME] 2296 income_stmt: 0.16s
2026-10-02 05:09:13,924 [DEBUG] [TIME] 2296 balance_sheet: 0.16s
2026-10-02 05:09:14,163 [DEBUG] [TIME] 2296 cashflow: 0.24s
2026-10-02 05:09:14,371 [DEBUG] [TIME] 2296 dividends: 0.21s
2026-10-02 05:09:14,372 [INFO] [DETAIL] 2296 伊藤ハム米久ホールディングス: income_stmt=OK, balance_sheet=OK, cashflow=OK, dividends=OK
2026-10-02 05:09:14,372 [INFO] [TIME] 2296 伊藤ハム米久ホールディングス 処理時間: 0.91s
2026-10-02 05:09:16,050 [DEBUG] [TIME] 2300 info: 0.15s
2026-10-02 05:09:16,050 [DEBUG] yfinance OK: 2300
2026-10-02 05:09:16,247 [DEBUG] [TIME] 2300 income_stmt: 0.20s
2026-10-02 05:09:16,467 [DEBUG] [TIME] 2300 balance_sheet: 0.22s
2026-10-02 05:09:16,628 [DEBUG] [TIME] 2300 cashflow: 0.16s
2026-10-02 05:09:16,933 [DEBUG] [TIME] 2300 dividends: 0.31s
2026-10-02 05:09:16,935 [INFO] [DETAIL] 2300 きょくとう: income_stmt=OK, balance_sheet=OK, cashflow=OK, dividends=OK
2026-10-02 05:09:16,935 [INFO] [TIME] 2300 きょくとう 処理時間: 1.03s
2026-10-02 05:09:19,001 [DEBUG] [TIME] 2301 info: 0.22s
2026-10-02 05:09:19,001 [DEBUG] yfinance OK: 2301
2026-10-02 05:09:19,146 [DEBUG] [TIME] 2301 income_stmt: 0.14s
2026-10-02 05:09:19,373 [DEBUG] [TIME] 2301 balance_sheet: 0.23s
2026-10-02 05:09:19,533 [DEBUG] [TIME] 2301 cashflow: 0.16s
2026-10-02 05:09:19,828 [DEBUG] [TIME] 2301 dividends: 0.29s
2026-10-02 05:09:19,829 [INFO] [DETAIL] 2301 学情: income_stmt=OK, balance_sheet=OK, cashflow=OK, dividends=OK
2026-10-02 05:09:19,829 [INFO] [TIME] 2301 学情 処理時間: 1.05s
2026-10-02 05:09:21,838 [DEBUG] [TIME] 2303 info: 0.19s
2026-10-02 05:09:21,838 [DEBUG] yfinance OK: 2303
2026-10-02 05:09:22,017 [DEBUG] [TIME] 2303 income_stmt: 0.18s
2026-10-02 05:09:22,192 [DEBUG] [TIME] 2303 balance_sheet: 0.17s
2026-10-02 05:09:22,383 [DEBUG] [TIME] 2303 cashflow: 0.19s
2026-10-02 05:09:22,743 [DEBUG] [TIME] 2303 dividends: 0.36s
2026-10-02 05:09:22,744 [INFO] [DETAIL] 2303 ドーン: income_stmt=OK, balance_sheet=OK, cashflow=OK, dividends=OK
2026-10-02 05:09:22,744 [INFO] [TIME] 2303 ドーン 処理時間: 1.10s
2026-10-02 05:09:24,207 [DEBUG] [TIME] 2304 info: 0.16s
2026-10-02 05:09:24,207 [DEBUG] yfinance OK: 2304
2026-10-02 05:09:24,374 [DEBUG] [TIME] 2304 income_stmt: 0.17s
2026-10-02 05:09:24,539 [DEBUG] [TIME] 2304 balance_sheet: 0.17s
2026-10-02 05:09:24,673 [DEBUG] [TIME] 2304 cashflow: 0.13s
2026-10-02 05:09:24,974 [DEBUG] [TIME] 2304 dividends: 0.30s
2026-10-02 05:09:24,975 [INFO] [DETAIL] 2304 ＣＳＳホールディングス: income_stmt=OK, balance_sheet=OK, cashflow=OK, dividends=OK
2026-10-02 05:09:24,975 [INFO] [TIME] 2304 ＣＳＳホールディングス 処理時間: 0.93s
2026-10-02 05:09:26,471 [DEBUG] [TIME] 2305 info: 0.20s
2026-10-02 05:09:26,471 [DEBUG] yfinance OK: 2305
2026-10-02 05:09:26,622 [DEBUG] [TIME] 2305 income_stmt: 0.15s
2026-10-02 05:09:26,852 [DEBUG] [TIME] 2305 balance_sheet: 0.23s
2026-10-02 05:09:27,124 [DEBUG] [TIME] 2305 cashflow: 0.27s
2026-10-02 05:09:27,371 [DEBUG] [TIME] 2305 dividends: 0.25s
2026-10-02 05:09:27,372 [INFO] [DETAIL] 2305 スタジオアリス: income_stmt=OK, balance_sheet=OK, cashflow=OK, dividends=OK
2026-10-02 05:09:27,372 [INFO] [TIME] 2305 スタジオアリス 処理時間: 1.10s
2026-10-02 05:09:29,470 [DEBUG] [TIME] 2307 info: 0.15s
2026-10-02 05:09:29,470 [DEBUG] yfinance OK: 2307
2026-10-02 05:09:29,659 [DEBUG] [TIME] 2307 income_stmt: 0.19s
2026-10-02 05:09:29,914 [DEBUG] [TIME] 2307 balance_sheet: 0.25s
2026-10-02 05:09:30,118 [DEBUG] [TIME] 2307 cashflow: 0.20s
2026-10-02 05:09:30,443 [DEBUG] [TIME] 2307 dividends: 0.33s
2026-10-02 05:09:30,444 [INFO] [DETAIL] 2307 クロスキャット: income_stmt=OK, balance_sheet=OK, cashflow=OK, dividends=OK
2026-10-02 05:09:30,444 [INFO] [TIME] 2307 クロスキャット 処理時間: 1.12s
2026-10-02 05:09:32,652 [DEBUG] [TIME] 2311 info: 0.20s
2026-10-02 05:09:32,652 [DEBUG] yfinance OK: 2311
2026-10-02 05:09:32,843 [DEBUG] [TIME] 2311 income_stmt: 0.19s
2026-10-02 05:09:33,151 [DEBUG] [TIME] 2311 balance_sheet: 0.31s
2026-10-02 05:09:33,340 [DEBUG] [TIME] 2311 cashflow: 0.19s
2026-10-02 05:09:33,603 [DEBUG] [TIME] 2311 dividends: 0.26s
2026-10-02 05:09:33,604 [INFO] [DETAIL] 2311 エプコ: income_stmt=OK, balance_sheet=OK, cashflow=OK, dividends=OK
2026-10-02 05:09:33,604 [INFO] [TIME] 2311 エプコ 処理時間: 1.15s
2026-10-02 05:09:35,567 [DEBUG] [TIME] 2315 info: 0.15s
2026-10-02 05:09:35,567 [DEBUG] yfinance OK: 2315
2026-10-02 05:09:35,762 [DEBUG] [TIME] 2315 income_stmt: 0.20s
2026-10-02 05:09:35,914 [DEBUG] [TIME] 2315 balance_sheet: 0.15s
2026-10-02 05:09:36,102 [DEBUG] [TIME] 2315 cashflow: 0.19s
2026-10-02 05:09:36,317 [DEBUG] [TIME] 2315 dividends: 0.21s
2026-10-02 05:09:36,317 [INFO] [DETAIL] 2315 ＣＡＩＣＡ　ＤＩＧＩＴＡＬ: income_stmt=OK, balance_sheet=OK, cashflow=OK, dividends=OK
2026-10-02 05:09:36,317 [INFO] [TIME] 2315 ＣＡＩＣＡ　ＤＩＧＩＴＡＬ 処理時間: 0.90s
2026-10-02 05:09:38,362 [DEBUG] [TIME] 2317 info: 0.21s
2026-10-02 05:09:38,362 [DEBUG] yfinance OK: 2317
2026-10-02 05:09:38,551 [DEBUG] [TIME] 2317 income_stmt: 0.19s
2026-10-02 05:09:38,705 [DEBUG] [TIME] 2317 balance_sheet: 0.15s
2026-10-02 05:09:38,847 [DEBUG] [TIME] 2317 cashflow: 0.14s
2026-10-02 05:09:39,147 [DEBUG] [TIME] 2317 dividends: 0.30s
2026-10-02 05:09:39,148 [INFO] [DETAIL] 2317 システナ: income_stmt=OK, balance_sheet=OK, cashflow=OK, dividends=OK
2026-10-02 05:09:39,148 [INFO] [TIME] 2317 システナ 処理時間: 0.99s
2026-10-02 05:09:41,076 [DEBUG] [TIME] 2321 info: 0.28s
2026-10-02 05:09:41,076 [DEBUG] yfinance OK: 2321
2026-10-02 05:09:41,275 [DEBUG] [TIME] 2321 income_stmt: 0.20s
2026-10-02 05:09:41,429 [DEBUG] [TIME] 2321 balance_sheet: 0.15s
2026-10-02 05:09:41,568 [DEBUG] [TIME] 2321 cashflow: 0.14s
2026-10-02 05:09:41,741 [DEBUG] [TIME] 2321 dividends: 0.17s
2026-10-02 05:09:41,741 [INFO] [DETAIL] 2321 ソフトフロントホールディングス: income_stmt=OK, balance_sheet=OK, cashflow=OK, dividends=EMPTY
2026-10-02 05:09:41,742 [INFO] [TIME] 2321 ソフトフロントホールディングス 処理時間: 0.94s
2026-10-02 05:09:43,494 [DEBUG] [TIME] 2323 info: 0.15s
2026-10-02 05:09:43,494 [DEBUG] yfinance OK: 2323
2026-10-02 05:09:43,707 [DEBUG] [TIME] 2323 income_stmt: 0.21s
2026-10-02 05:09:44,005 [DEBUG] [TIME] 2323 balance_sheet: 0.30s
2026-10-02 05:09:44,230 [DEBUG] [TIME] 2323 cashflow: 0.22s
2026-10-02 05:09:44,422 [DEBUG] [TIME] 2323 dividends: 0.19s
2026-10-02 05:09:44,423 [INFO] [DETAIL] 2323 ｆｏｎｆｕｎ: income_stmt=OK, balance_sheet=OK, cashflow=OK, dividends=OK
2026-10-02 05:09:44,423 [INFO] [TIME] 2323 ｆｏｎｆｕｎ 処理時間: 1.08s
2026-10-02 05:09:46,051 [DEBUG] [TIME] 2325 info: 0.17s
2026-10-02 05:09:46,052 [DEBUG] yfinance OK: 2325
2026-10-02 05:09:46,226 [DEBUG] [TIME] 2325 income_stmt: 0.17s
2026-10-02 05:09:46,367 [DEBUG] [TIME] 2325 balance_sheet: 0.14s
2026-10-02 05:09:46,609 [DEBUG] [TIME] 2325 cashflow: 0.24s
2026-10-02 05:09:47,013 [DEBUG] [TIME] 2325 dividends: 0.40s
2026-10-02 05:09:47,014 [INFO] [DETAIL] 2325 ＮＪＳ: income_stmt=OK, balance_sheet=OK, cashflow=OK, dividends=OK
2026-10-02 05:09:47,015 [INFO] [TIME] 2325 ＮＪＳ 処理時間: 1.13s
2026-10-02 05:09:48,323 [DEBUG] [TIME] 2326 info: 0.17s
2026-10-02 05:09:48,323 [DEBUG] yfinance OK: 2326
2026-10-02 05:09:48,499 [DEBUG] [TIME] 2326 income_stmt: 0.18s
2026-10-02 05:09:48,628 [DEBUG] [TIME] 2326 balance_sheet: 0.13s
2026-10-02 05:09:48,733 [DEBUG] [TIME] 2326 cashflow: 0.10s
2026-10-02 05:09:49,019 [DEBUG] [TIME] 2326 dividends: 0.29s
2026-10-02 05:09:49,020 [INFO] [DETAIL] 2326 デジタルアーツ: income_stmt=OK, balance_sheet=OK, cashflow=OK, dividends=OK
2026-10-02 05:09:49,020 [INFO] [TIME] 2326 デジタルアーツ 処理時間: 0.87s
2026-10-02 05:09:50,898 [DEBUG] [TIME] 2327 info: 0.20s
2026-10-02 05:09:50,899 [DEBUG] yfinance OK: 2327
2026-10-02 05:09:51,032 [DEBUG] [TIME] 2327 income_stmt: 0.13s
2026-10-02 05:09:51,222 [DEBUG] [TIME] 2327 balance_sheet: 0.19s
2026-10-02 05:09:51,396 [DEBUG] [TIME] 2327 cashflow: 0.17s
2026-10-02 05:09:51,687 [DEBUG] [TIME] 2327 dividends: 0.29s
2026-10-02 05:09:51,688 [INFO] [DETAIL] 2327 日鉄ソリューションズ: income_stmt=OK, balance_sheet=OK, cashflow=OK, dividends=OK
2026-10-02 05:09:51,688 [INFO] [TIME] 2327 日鉄ソリューションズ 処理時間: 0.99s
2026-10-02 05:09:53,009 [DEBUG] [TIME] 2329 info: 0.14s
2026-10-02 05:09:53,009 [DEBUG] yfinance OK: 2329
2026-10-02 05:09:53,152 [DEBUG] [TIME] 2329 income_stmt: 0.14s
2026-10-02 05:09:53,429 [DEBUG] [TIME] 2329 balance_sheet: 0.28s
2026-10-02 05:09:53,606 [DEBUG] [TIME] 2329 cashflow: 0.18s
2026-10-02 05:09:53,892 [DEBUG] [TIME] 2329 dividends: 0.29s
2026-10-02 05:09:53,893 [INFO] [DETAIL] 2329 東北新社: income_stmt=OK, balance_sheet=OK, cashflow=OK, dividends=OK
2026-10-02 05:09:53,893 [INFO] [TIME] 2329 東北新社 処理時間: 1.03s
2026-10-02 05:09:56,034 [DEBUG] [TIME] 2330 info: 0.14s
2026-10-02 05:09:56,034 [DEBUG] yfinance OK: 2330
2026-10-02 05:09:56,272 [DEBUG] [TIME] 2330 income_stmt: 0.24s
2026-10-02 05:09:56,494 [DEBUG] [TIME] 2330 balance_sheet: 0.22s
2026-10-02 05:09:56,718 [DEBUG] [TIME] 2330 cashflow: 0.22s
2026-10-02 05:09:56,995 [DEBUG] [TIME] 2330 dividends: 0.28s
2026-10-02 05:09:56,996 [INFO] [DETAIL] 2330 フォーサイド: income_stmt=OK, balance_sheet=OK, cashflow=OK, dividends=OK
2026-10-02 05:09:56,996 [INFO] [TIME] 2330 フォーサイド 処理時間: 1.11s
2026-10-02 05:09:58,597 [DEBUG] [TIME] 2331 info: 0.24s
2026-10-02 05:09:58,597 [DEBUG] yfinance OK: 2331
2026-10-02 05:09:58,827 [DEBUG] [TIME] 2331 income_stmt: 0.23s
2026-10-02 05:09:59,073 [DEBUG] [TIME] 2331 balance_sheet: 0.25s
2026-10-02 05:09:59,280 [DEBUG] [TIME] 2331 cashflow: 0.21s
2026-10-02 05:09:59,681 [DEBUG] [TIME] 2331 dividends: 0.40s
2026-10-02 05:09:59,682 [INFO] [DETAIL] 2331 ＡＬＳＯＫ: income_stmt=OK, balance_sheet=OK, cashflow=OK, dividends=OK
2026-10-02 05:09:59,682 [INFO] [TIME] 2331 ＡＬＳＯＫ 処理時間: 1.32s
2026-10-02 05:10:01,616 [DEBUG] [TIME] 2332 info: 0.16s
2026-10-02 05:10:01,616 [DEBUG] yfinance OK: 2332
2026-10-02 05:10:01,785 [DEBUG] [TIME] 2332 income_stmt: 0.17s
2026-10-02 05:10:02,022 [DEBUG] [TIME] 2332 balance_sheet: 0.24s
2026-10-02 05:10:02,151 [DEBUG] [TIME] 2332 cashflow: 0.13s
2026-10-02 05:10:02,382 [DEBUG] [TIME] 2332 dividends: 0.23s
2026-10-02 05:10:02,383 [INFO] [DETAIL] 2332 クエスト: income_stmt=OK, balance_sheet=OK, cashflow=OK, dividends=OK
2026-10-02 05:10:02,383 [INFO] [TIME] 2332 クエスト 処理時間: 0.93s
2026-10-02 05:10:04,498 [DEBUG] [TIME] 2334 info: 0.20s
2026-10-02 05:10:04,498 [DEBUG] yfinance OK: 2334
2026-10-02 05:10:04,676 [DEBUG] [TIME] 2334 income_stmt: 0.18s
2026-10-02 05:10:04,837 [DEBUG] [TIME] 2334 balance_sheet: 0.16s
2026-10-02 05:10:05,034 [DEBUG] [TIME] 2334 cashflow: 0.20s
2026-10-02 05:10:05,223 [DEBUG] [TIME] 2334 dividends: 0.19s
2026-10-02 05:10:05,223 [INFO] [DETAIL] 2334 イオレ: income_stmt=OK, balance_sheet=OK, cashflow=OK, dividends=EMPTY
2026-10-02 05:10:05,223 [INFO] [TIME] 2334 イオレ 処理時間: 0.92s
2026-10-02 05:10:06,567 [DEBUG] [TIME] 2335 info: 0.20s
2026-10-02 05:10:06,567 [DEBUG] yfinance OK: 2335
2026-10-02 05:10:06,722 [DEBUG] [TIME] 2335 income_stmt: 0.15s
2026-10-02 05:10:06,948 [DEBUG] [TIME] 2335 balance_sheet: 0.23s
2026-10-02 05:10:07,081 [DEBUG] [TIME] 2335 cashflow: 0.13s
2026-10-02 05:10:07,328 [DEBUG] [TIME] 2335 dividends: 0.25s
2026-10-02 05:10:07,329 [INFO] [DETAIL] 2335 キューブシステム: income_stmt=OK, balance_sheet=OK, cashflow=OK, dividends=OK
2026-10-02 05:10:07,329 [INFO] [TIME] 2335 キューブシステム 処理時間: 0.97s
2026-10-02 05:10:08,861 [DEBUG] [TIME] 2337 info: 0.15s
2026-10-02 05:10:08,862 [DEBUG] yfinance OK: 2337
2026-10-02 05:10:09,003 [DEBUG] [TIME] 2337 income_stmt: 0.14s
2026-10-02 05:10:09,198 [DEBUG] [TIME] 2337 balance_sheet: 0.19s
2026-10-02 05:10:09,418 [DEBUG] [TIME] 2337 cashflow: 0.22s
2026-10-02 05:10:09,718 [DEBUG] [TIME] 2337 dividends: 0.30s
2026-10-02 05:10:09,719 [INFO] [DETAIL] 2337 いちご: income_stmt=OK, balance_sheet=OK, cashflow=OK, dividends=OK
2026-10-02 05:10:09,719 [INFO] [TIME] 2337 いちご 処理時間: 1.01s
2026-10-02 05:10:11,080 [DEBUG] [TIME] 2338 info: 0.20s
2026-10-02 05:10:11,080 [DEBUG] yfinance OK: 2338
2026-10-02 05:10:11,268 [DEBUG] [TIME] 2338 income_stmt: 0.19s
2026-10-02 05:10:11,413 [DEBUG] [TIME] 2338 balance_sheet: 0.14s
2026-10-02 05:10:11,643 [DEBUG] [TIME] 2338 cashflow: 0.23s
2026-10-02 05:10:11,864 [DEBUG] [TIME] 2338 dividends: 0.22s
2026-10-02 05:10:11,864 [INFO] [DETAIL] 2338 クオンタムソリューションズ: income_stmt=OK, balance_sheet=OK, cashflow=OK, dividends=EMPTY
2026-10-02 05:10:11,864 [INFO] [TIME] 2338 クオンタムソリューションズ 処理時間: 0.98s
2026-10-02 05:10:13,916 [DEBUG] [TIME] 2340 info: 0.15s
2026-10-02 05:10:13,916 [DEBUG] yfinance OK: 2340
2026-10-02 05:10:14,107 [DEBUG] [TIME] 2340 income_stmt: 0.19s
2026-10-02 05:10:14,361 [DEBUG] [TIME] 2340 balance_sheet: 0.25s
2026-10-02 05:10:14,513 [DEBUG] [TIME] 2340 cashflow: 0.15s
2026-10-02 05:10:14,849 [DEBUG] [TIME] 2340 dividends: 0.34s
2026-10-02 05:10:14,850 [INFO] [DETAIL] 2340 極楽湯ホールディングス: income_stmt=OK, balance_sheet=OK, cashflow=OK, dividends=OK
2026-10-02 05:10:14,850 [INFO] [TIME] 2340 極楽湯ホールディングス 処理時間: 1.09s
2026-10-02 05:10:16,459 [DEBUG] [TIME] 2341 info: 0.20s
2026-10-02 05:10:16,460 [DEBUG] yfinance OK: 2341
2026-10-02 05:10:16,627 [DEBUG] [TIME] 2341 income_stmt: 0.17s
2026-10-02 05:10:16,831 [DEBUG] [TIME] 2341 balance_sheet: 0.20s
2026-10-02 05:10:17,077 [DEBUG] [TIME] 2341 cashflow: 0.25s
2026-10-02 05:10:17,353 [DEBUG] [TIME] 2341 dividends: 0.28s
2026-10-02 05:10:17,354 [INFO] [DETAIL] 2341 アルバイトタイムス: income_stmt=OK, balance_sheet=OK, cashflow=OK, dividends=OK
2026-10-02 05:10:17,354 [INFO] [TIME] 2341 アルバイトタイムス 処理時間: 1.10s
2026-10-02 05:10:19,423 [DEBUG] [TIME] 2342 info: 0.15s
2026-10-02 05:10:19,423 [DEBUG] yfinance OK: 2342
2026-10-02 05:10:19,619 [DEBUG] [TIME] 2342 income_stmt: 0.20s
2026-10-02 05:10:19,852 [DEBUG] [TIME] 2342 balance_sheet: 0.23s
2026-10-02 05:10:20,049 [DEBUG] [TIME] 2342 cashflow: 0.20s
2026-10-02 05:10:20,329 [DEBUG] [TIME] 2342 dividends: 0.28s
2026-10-02 05:10:20,330 [INFO] [DETAIL] 2342 トランスジェニックグループ: income_stmt=OK, balance_sheet=OK, cashflow=OK, dividends=OK
2026-10-02 05:10:20,330 [INFO] [TIME] 2342 トランスジェニックグループ 処理時間: 1.05s
2026-10-02 05:10:22,419 [DEBUG] [TIME] 2345 info: 0.19s
2026-10-02 05:10:22,420 [DEBUG] yfinance OK: 2345
2026-10-02 05:10:22,603 [DEBUG] [TIME] 2345 income_stmt: 0.18s
2026-10-02 05:10:22,842 [DEBUG] [TIME] 2345 balance_sheet: 0.24s
2026-10-02 05:10:22,991 [DEBUG] [TIME] 2345 cashflow: 0.15s
2026-10-02 05:10:23,293 [DEBUG] [TIME] 2345 dividends: 0.30s
2026-10-02 05:10:23,294 [INFO] [DETAIL] 2345 ＨＯＤＬ１: income_stmt=OK, balance_sheet=OK, cashflow=OK, dividends=OK
2026-10-02 05:10:23,294 [INFO] [TIME] 2345 ＨＯＤＬ１ 処理時間: 1.07s
2026-10-02 05:10:24,937 [DEBUG] [TIME] 2349 info: 0.15s
2026-10-02 05:10:24,937 [DEBUG] yfinance OK: 2349
2026-10-02 05:10:25,085 [DEBUG] [TIME] 2349 income_stmt: 0.15s
2026-10-02 05:10:25,247 [DEBUG] [TIME] 2349 balance_sheet: 0.16s
2026-10-02 05:10:25,380 [DEBUG] [TIME] 2349 cashflow: 0.13s
2026-10-02 05:10:25,643 [DEBUG] [TIME] 2349 dividends: 0.26s
2026-10-02 05:10:25,644 [INFO] [DETAIL] 2349 エヌアイデイ: income_stmt=OK, balance_sheet=OK, cashflow=OK, dividends=OK
2026-10-02 05:10:25,644 [INFO] [TIME] 2349 エヌアイデイ 処理時間: 0.86s
2026-10-02 05:10:27,458 [DEBUG] [TIME] 2351 info: 0.20s
2026-10-02 05:10:27,458 [DEBUG] yfinance OK: 2351
2026-10-02 05:10:27,575 [DEBUG] [TIME] 2351 income_stmt: 0.12s
2026-10-02 05:10:27,751 [DEBUG] [TIME] 2351 balance_sheet: 0.18s
2026-10-02 05:10:27,882 [DEBUG] [TIME] 2351 cashflow: 0.13s
2026-10-02 05:10:28,152 [DEBUG] [TIME] 2351 dividends: 0.27s
2026-10-02 05:10:28,153 [INFO] [DETAIL] 2351 ＡＳＪ: income_stmt=OK, balance_sheet=OK, cashflow=OK, dividends=OK
2026-10-02 05:10:28,153 [INFO] [TIME] 2351 ＡＳＪ 処理時間: 0.89s
2026-10-02 05:10:29,840 [DEBUG] [TIME] 2353 info: 0.14s
2026-10-02 05:10:29,840 [DEBUG] yfinance OK: 2353
2026-10-02 05:10:30,016 [DEBUG] [TIME] 2353 income_stmt: 0.17s
2026-10-02 05:10:30,171 [DEBUG] [TIME] 2353 balance_sheet: 0.16s
2026-10-02 05:10:30,387 [DEBUG] [TIME] 2353 cashflow: 0.22s
2026-10-02 05:10:30,645 [DEBUG] [TIME] 2353 dividends: 0.26s
2026-10-02 05:10:30,646 [INFO] [DETAIL] 2353 日本駐車場開発: income_stmt=OK, balance_sheet=OK, cashflow=OK, dividends=OK
2026-10-02 05:10:30,647 [INFO] [TIME] 2353 日本駐車場開発 処理時間: 0.94s
2026-10-02 05:10:32,579 [DEBUG] [TIME] 2354 info: 0.20s
2026-10-02 05:10:32,579 [DEBUG] yfinance OK: 2354
2026-10-02 05:10:32,735 [DEBUG] [TIME] 2354 income_stmt: 0.16s
2026-10-02 05:10:32,936 [DEBUG] [TIME] 2354 balance_sheet: 0.20s
2026-10-02 05:10:33,076 [DEBUG] [TIME] 2354 cashflow: 0.14s
2026-10-02 05:10:33,298 [DEBUG] [TIME] 2354 dividends: 0.22s
2026-10-02 05:10:33,300 [INFO] [DETAIL] 2354 ＹＥ　ＤＩＧＩＴＡＬ: income_stmt=OK, balance_sheet=OK, cashflow=OK, dividends=OK
2026-10-02 05:10:33,300 [INFO] [TIME] 2354 ＹＥ　ＤＩＧＩＴＡＬ 処理時間: 0.92s
2026-10-02 05:10:34,935 [DEBUG] [TIME] 2359 info: 0.14s
2026-10-02 05:10:34,935 [DEBUG] yfinance OK: 2359
2026-10-02 05:10:35,080 [DEBUG] [TIME] 2359 income_stmt: 0.14s
2026-10-02 05:10:35,360 [DEBUG] [TIME] 2359 balance_sheet: 0.28s
2026-10-02 05:10:35,516 [DEBUG] [TIME] 2359 cashflow: 0.16s
2026-10-02 05:10:35,734 [DEBUG] [TIME] 2359 dividends: 0.22s
2026-10-02 05:10:35,735 [INFO] [DETAIL] 2359 コア: income_stmt=OK, balance_sheet=OK, cashflow=OK, dividends=OK
2026-10-02 05:10:35,735 [INFO] [TIME] 2359 コア 処理時間: 0.94s
2026-10-02 05:10:37,178 [DEBUG] [TIME] 2370 info: 0.14s
2026-10-02 05:10:37,178 [DEBUG] yfinance OK: 2370
2026-10-02 05:10:37,381 [DEBUG] [TIME] 2370 income_stmt: 0.20s
2026-10-02 05:10:37,628 [DEBUG] [TIME] 2370 balance_sheet: 0.25s
2026-10-02 05:10:37,822 [DEBUG] [TIME] 2370 cashflow: 0.19s
2026-10-02 05:10:38,077 [DEBUG] [TIME] 2370 dividends: 0.25s
2026-10-02 05:10:38,077 [INFO] [DETAIL] 2370 メディネット: income_stmt=OK, balance_sheet=OK, cashflow=OK, dividends=EMPTY
2026-10-02 05:10:38,077 [INFO] [TIME] 2370 メディネット 処理時間: 1.04s
2026-10-02 05:10:40,264 [DEBUG] [TIME] 2371 info: 0.27s
2026-10-02 05:10:40,264 [DEBUG] yfinance OK: 2371
2026-10-02 05:10:40,376 [DEBUG] [TIME] 2371 income_stmt: 0.11s
2026-10-02 05:10:40,527 [DEBUG] [TIME] 2371 balance_sheet: 0.15s
2026-10-02 05:10:40,703 [DEBUG] [TIME] 2371 cashflow: 0.18s
2026-10-02 05:10:40,992 [DEBUG] [TIME] 2371 dividends: 0.29s
2026-10-02 05:10:40,993 [INFO] [DETAIL] 2371 カカクコム: income_stmt=OK, balance_sheet=OK, cashflow=OK, dividends=OK
2026-10-02 05:10:40,993 [INFO] [TIME] 2371 カカクコム 処理時間: 1.00s
2026-10-02 05:10:42,199 [DEBUG] [TIME] 2373 info: 0.14s
2026-10-02 05:10:42,199 [DEBUG] yfinance OK: 2373
2026-10-02 05:10:42,341 [DEBUG] [TIME] 2373 income_stmt: 0.14s
2026-10-02 05:10:42,607 [DEBUG] [TIME] 2373 balance_sheet: 0.27s
2026-10-02 05:10:42,729 [DEBUG] [TIME] 2373 cashflow: 0.12s
2026-10-02 05:10:43,050 [DEBUG] [TIME] 2373 dividends: 0.32s
2026-10-02 05:10:43,051 [INFO] [DETAIL] 2373 ケア２１: income_stmt=OK, balance_sheet=OK, cashflow=OK, dividends=OK
2026-10-02 05:10:43,052 [INFO] [TIME] 2373 ケア２１ 処理時間: 1.00s
2026-10-02 05:10:44,317 [DEBUG] [TIME] 2375 info: 0.15s
2026-10-02 05:10:44,317 [DEBUG] yfinance OK: 2375
2026-10-02 05:10:44,488 [DEBUG] [TIME] 2375 income_stmt: 0.17s
2026-10-02 05:10:44,766 [DEBUG] [TIME] 2375 balance_sheet: 0.28s
2026-10-02 05:10:44,964 [DEBUG] [TIME] 2375 cashflow: 0.20s
2026-10-02 05:10:45,245 [DEBUG] [TIME] 2375 dividends: 0.28s
2026-10-02 05:10:45,246 [INFO] [DETAIL] 2375 ギグワークス: income_stmt=OK, balance_sheet=OK, cashflow=OK, dividends=OK
2026-10-02 05:10:45,246 [INFO] [TIME] 2375 ギグワークス 処理時間: 1.08s
2026-10-02 05:10:47,315 [DEBUG] [TIME] 2376 info: 0.20s
2026-10-02 05:10:47,315 [DEBUG] yfinance OK: 2376
2026-10-02 05:10:47,516 [DEBUG] [TIME] 2376 income_stmt: 0.20s
2026-10-02 05:10:47,764 [DEBUG] [TIME] 2376 balance_sheet: 0.25s
2026-10-02 05:10:47,906 [DEBUG] [TIME] 2376 cashflow: 0.14s
2026-10-02 05:10:48,208 [DEBUG] [TIME] 2376 dividends: 0.30s
2026-10-02 05:10:48,209 [INFO] [DETAIL] 2376 サイネックス: income_stmt=OK, balance_sheet=OK, cashflow=OK, dividends=OK
2026-10-02 05:10:48,209 [INFO] [TIME] 2376 サイネックス 処理時間: 1.09s
2026-10-02 05:10:50,174 [DEBUG] [TIME] 2378 info: 0.16s
2026-10-02 05:10:50,174 [DEBUG] yfinance OK: 2378
2026-10-02 05:10:50,366 [DEBUG] [TIME] 2378 income_stmt: 0.19s
2026-10-02 05:10:50,579 [DEBUG] [TIME] 2378 balance_sheet: 0.21s
2026-10-02 05:10:50,775 [DEBUG] [TIME] 2378 cashflow: 0.19s
2026-10-02 05:10:51,001 [DEBUG] [TIME] 2378 dividends: 0.23s
2026-10-02 05:10:51,002 [INFO] [DETAIL] 2378 ルネサンス: income_stmt=OK, balance_sheet=OK, cashflow=OK, dividends=OK
2026-10-02 05:10:51,002 [INFO] [TIME] 2378 ルネサンス 処理時間: 0.99s
2026-10-02 05:10:52,645 [DEBUG] [TIME] 2379 info: 0.15s
2026-10-02 05:10:52,645 [DEBUG] yfinance OK: 2379
2026-10-02 05:10:52,765 [DEBUG] [TIME] 2379 income_stmt: 0.12s
2026-10-02 05:10:52,910 [DEBUG] [TIME] 2379 balance_sheet: 0.14s
2026-10-02 05:10:53,104 [DEBUG] [TIME] 2379 cashflow: 0.19s
2026-10-02 05:10:53,402 [DEBUG] [TIME] 2379 dividends: 0.30s
2026-10-02 05:10:53,403 [INFO] [DETAIL] 2379 ディップ: income_stmt=OK, balance_sheet=OK, cashflow=OK, dividends=OK
2026-10-02 05:10:53,403 [INFO] [TIME] 2379 ディップ 処理時間: 0.91s
2026-10-02 05:10:55,124 [DEBUG] [TIME] 2384 info: 0.15s
2026-10-02 05:10:55,124 [DEBUG] yfinance OK: 2384
2026-10-02 05:10:55,258 [DEBUG] [TIME] 2384 income_stmt: 0.13s
2026-10-02 05:10:55,502 [DEBUG] [TIME] 2384 balance_sheet: 0.24s
2026-10-02 05:10:55,715 [DEBUG] [TIME] 2384 cashflow: 0.21s
2026-10-02 05:10:55,937 [DEBUG] [TIME] 2384 dividends: 0.22s
2026-10-02 05:10:55,938 [INFO] [DETAIL] 2384 ＳＢＳホールディングス: income_stmt=OK, balance_sheet=OK, cashflow=OK, dividends=OK
2026-10-02 05:10:55,938 [INFO] [TIME] 2384 ＳＢＳホールディングス 処理時間: 0.97s
2026-10-02 05:10:57,165 [DEBUG] [TIME] 2385 info: 0.17s
2026-10-02 05:10:57,166 [DEBUG] yfinance OK: 2385
2026-10-02 05:10:57,289 [DEBUG] [TIME] 2385 income_stmt: 0.12s
2026-10-02 05:10:57,474 [DEBUG] [TIME] 2385 balance_sheet: 0.18s
2026-10-02 05:10:57,603 [DEBUG] [TIME] 2385 cashflow: 0.13s
2026-10-02 05:10:57,921 [DEBUG] [TIME] 2385 dividends: 0.32s
2026-10-02 05:10:57,922 [INFO] [DETAIL] 2385 総医研ホールディングス: income_stmt=OK, balance_sheet=OK, cashflow=OK, dividends=OK
2026-10-02 05:10:57,922 [INFO] [TIME] 2385 総医研ホールディングス 処理時間: 0.93s
2026-10-02 05:10:59,239 [DEBUG] [TIME] 2388 info: 0.15s
2026-10-02 05:10:59,239 [DEBUG] yfinance OK: 2388
2026-10-02 05:10:59,409 [DEBUG] [TIME] 2388 income_stmt: 0.17s
2026-10-02 05:10:59,589 [DEBUG] [TIME] 2388 balance_sheet: 0.18s
2026-10-02 05:10:59,797 [DEBUG] [TIME] 2388 cashflow: 0.21s
2026-10-02 05:11:00,034 [DEBUG] [TIME] 2388 dividends: 0.24s
2026-10-02 05:11:00,034 [INFO] [DETAIL] 2388 ウェッジホールディングス: income_stmt=OK, balance_sheet=OK, cashflow=OK, dividends=EMPTY
2026-10-02 05:11:00,035 [INFO] [TIME] 2388 ウェッジホールディングス 処理時間: 0.95s
2026-10-02 05:11:01,319 [DEBUG] [TIME] 2391 info: 0.14s
2026-10-02 05:11:01,319 [DEBUG] yfinance OK: 2391
2026-10-02 05:11:01,525 [DEBUG] [TIME] 2391 income_stmt: 0.21s
2026-10-02 05:11:01,666 [DEBUG] [TIME] 2391 balance_sheet: 0.14s
2026-10-02 05:11:01,840 [DEBUG] [TIME] 2391 cashflow: 0.17s
2026-10-02 05:11:02,182 [DEBUG] [TIME] 2391 dividends: 0.34s
2026-10-02 05:11:02,183 [INFO] [DETAIL] 2391 プラネット: income_stmt=OK, balance_sheet=OK, cashflow=OK, dividends=OK
2026-10-02 05:11:02,183 [INFO] [TIME] 2391 プラネット 処理時間: 1.01s
2026-10-02 05:11:03,599 [DEBUG] [TIME] 2393 info: 0.15s
2026-10-02 05:11:03,599 [DEBUG] yfinance OK: 2393
2026-10-02 05:11:03,751 [DEBUG] [TIME] 2393 income_stmt: 0.15s
2026-10-02 05:11:04,028 [DEBUG] [TIME] 2393 balance_sheet: 0.28s
2026-10-02 05:11:04,221 [DEBUG] [TIME] 2393 cashflow: 0.19s
2026-10-02 05:11:04,508 [DEBUG] [TIME] 2393 dividends: 0.29s
2026-10-02 05:11:04,509 [INFO] [DETAIL] 2393 日本ケアサプライ: income_stmt=OK, balance_sheet=OK, cashflow=OK, dividends=OK
2026-10-02 05:11:04,509 [INFO] [TIME] 2393 日本ケアサプライ 処理時間: 1.06s
2026-10-02 05:11:06,629 [DEBUG] [TIME] 2395 info: 0.15s
2026-10-02 05:11:06,629 [DEBUG] yfinance OK: 2395
2026-10-02 05:11:06,790 [DEBUG] [TIME] 2395 income_stmt: 0.16s
2026-10-02 05:11:06,999 [DEBUG] [TIME] 2395 balance_sheet: 0.21s
2026-10-02 05:11:07,265 [DEBUG] [TIME] 2395 cashflow: 0.27s
2026-10-02 05:11:07,524 [DEBUG] [TIME] 2395 dividends: 0.26s
2026-10-02 05:11:07,525 [INFO] [DETAIL] 2395 新日本科学: income_stmt=OK, balance_sheet=OK, cashflow=OK, dividends=OK
2026-10-02 05:11:07,525 [INFO] [TIME] 2395 新日本科学 処理時間: 1.05s
2026-10-02 05:11:09,660 [DEBUG] [TIME] 2404 info: 0.15s
2026-10-02 05:11:09,660 [DEBUG] yfinance OK: 2404
2026-10-02 05:11:09,797 [DEBUG] [TIME] 2404 income_stmt: 0.14s
2026-10-02 05:11:10,033 [DEBUG] [TIME] 2404 balance_sheet: 0.23s
2026-10-02 05:11:10,265 [DEBUG] [TIME] 2404 cashflow: 0.23s
2026-10-02 05:11:10,538 [DEBUG] [TIME] 2404 dividends: 0.27s
2026-10-02 05:11:10,539 [INFO] [DETAIL] 2404 鉄人化ホールディングス: income_stmt=OK, balance_sheet=OK, cashflow=OK, dividends=OK
2026-10-02 05:11:10,539 [INFO] [TIME] 2404 鉄人化ホールディングス 処理時間: 1.03s
2026-10-02 05:11:11,742 [DEBUG] [TIME] 2408 info: 0.16s
2026-10-02 05:11:11,742 [DEBUG] yfinance OK: 2408
2026-10-02 05:11:11,910 [DEBUG] [TIME] 2408 income_stmt: 0.17s
2026-10-02 05:11:12,112 [DEBUG] [TIME] 2408 balance_sheet: 0.20s
2026-10-02 05:11:12,253 [DEBUG] [TIME] 2408 cashflow: 0.14s
2026-10-02 05:11:12,551 [DEBUG] [TIME] 2408 dividends: 0.30s
2026-10-02 05:11:12,552 [INFO] [DETAIL] 2408 ＫＧ情報: income_stmt=OK, balance_sheet=OK, cashflow=OK, dividends=OK
2026-10-02 05:11:12,552 [INFO] [TIME] 2408 ＫＧ情報 処理時間: 0.97s
2026-10-02 05:11:14,693 [DEBUG] [TIME] 2410 info: 0.15s
2026-10-02 05:11:14,693 [DEBUG] yfinance OK: 2410
2026-10-02 05:11:14,855 [DEBUG] [TIME] 2410 income_stmt: 0.16s
2026-10-02 05:11:15,038 [DEBUG] [TIME] 2410 balance_sheet: 0.18s
2026-10-02 05:11:15,221 [DEBUG] [TIME] 2410 cashflow: 0.18s
2026-10-02 05:11:15,512 [DEBUG] [TIME] 2410 dividends: 0.29s
2026-10-02 05:11:15,513 [INFO] [DETAIL] 2410 キャリアデザインセンター: income_stmt=OK, balance_sheet=OK, cashflow=OK, dividends=OK
2026-10-02 05:11:15,513 [INFO] [TIME] 2410 キャリアデザインセンター 処理時間: 0.97s
2026-10-02 05:11:17,587 [DEBUG] [TIME] 2411 info: 0.15s
2026-10-02 05:11:17,587 [DEBUG] yfinance OK: 2411
2026-10-02 05:11:17,781 [DEBUG] [TIME] 2411 income_stmt: 0.19s
2026-10-02 05:11:17,997 [DEBUG] [TIME] 2411 balance_sheet: 0.21s
2026-10-02 05:11:18,162 [DEBUG] [TIME] 2411 cashflow: 0.16s
2026-10-02 05:11:18,405 [DEBUG] [TIME] 2411 dividends: 0.24s
2026-10-02 05:11:18,406 [INFO] [DETAIL] 2411 ゲンダイエージェンシー: income_stmt=OK, balance_sheet=OK, cashflow=OK, dividends=OK
2026-10-02 05:11:18,406 [INFO] [TIME] 2411 ゲンダイエージェンシー 処理時間: 0.97s
2026-10-02 05:11:20,084 [DEBUG] [TIME] 2413 info: 0.15s
2026-10-02 05:11:20,084 [DEBUG] yfinance OK: 2413
2026-10-02 05:11:20,232 [DEBUG] [TIME] 2413 income_stmt: 0.15s
2026-10-02 05:11:20,469 [DEBUG] [TIME] 2413 balance_sheet: 0.24s
2026-10-02 05:11:20,713 [DEBUG] [TIME] 2413 cashflow: 0.24s
2026-10-02 05:11:21,026 [DEBUG] [TIME] 2413 dividends: 0.31s
2026-10-02 05:11:21,027 [INFO] [DETAIL] 2413 エムスリー: income_stmt=OK, balance_sheet=OK, cashflow=OK, dividends=OK
2026-10-02 05:11:21,027 [INFO] [TIME] 2413 エムスリー 処理時間: 1.09s
2026-10-02 05:11:22,545 [DEBUG] [TIME] 2415 info: 0.15s
2026-10-02 05:11:22,546 [DEBUG] yfinance OK: 2415
2026-10-02 05:11:22,715 [DEBUG] [TIME] 2415 income_stmt: 0.17s
2026-10-02 05:11:22,886 [DEBUG] [TIME] 2415 balance_sheet: 0.17s
2026-10-02 05:11:23,083 [DEBUG] [TIME] 2415 cashflow: 0.20s
2026-10-02 05:11:23,507 [DEBUG] [TIME] 2415 dividends: 0.42s
2026-10-02 05:11:23,508 [INFO] [DETAIL] 2415 ヒューマンホールディングス: income_stmt=OK, balance_sheet=OK, cashflow=OK, dividends=OK
2026-10-02 05:11:23,508 [INFO] [TIME] 2415 ヒューマンホールディングス 処理時間: 1.11s
2026-10-02 05:11:25,040 [DEBUG] [TIME] 2418 info: 0.19s
2026-10-02 05:11:25,040 [DEBUG] yfinance OK: 2418
2026-10-02 05:11:25,272 [DEBUG] [TIME] 2418 income_stmt: 0.23s
2026-10-02 05:11:25,559 [DEBUG] [TIME] 2418 balance_sheet: 0.29s
2026-10-02 05:11:25,704 [DEBUG] [TIME] 2418 cashflow: 0.14s
2026-10-02 05:11:26,041 [DEBUG] [TIME] 2418 dividends: 0.34s
2026-10-02 05:11:26,042 [INFO] [DETAIL] 2418 ツカダ・グローバルホールディング: income_stmt=OK, balance_sheet=OK, cashflow=OK, dividends=OK
2026-10-02 05:11:26,042 [INFO] [TIME] 2418 ツカダ・グローバルホールディング 処理時間: 1.20s
2026-10-02 05:11:27,659 [DEBUG] [TIME] 241A info: 0.15s
2026-10-02 05:11:27,659 [DEBUG] yfinance OK: 241A
2026-10-02 05:11:27,843 [DEBUG] [TIME] 241A income_stmt: 0.18s
2026-10-02 05:11:28,001 [DEBUG] [TIME] 241A balance_sheet: 0.16s
2026-10-02 05:11:28,162 [DEBUG] [TIME] 241A cashflow: 0.16s
2026-10-02 05:11:28,256 [DEBUG] [TIME] 241A dividends: 0.09s
2026-10-02 05:11:28,256 [INFO] [DETAIL] 241A ＲＯＸＸ: income_stmt=OK, balance_sheet=OK, cashflow=OK, dividends=EMPTY
2026-10-02 05:11:28,256 [INFO] [TIME] 241A ＲＯＸＸ 処理時間: 0.75s
2026-10-02 05:11:30,299 [DEBUG] [TIME] 2424 info: 0.14s
2026-10-02 05:11:30,299 [DEBUG] yfinance OK: 2424
2026-10-02 05:11:30,449 [DEBUG] [TIME] 2424 income_stmt: 0.15s
2026-10-02 05:11:30,640 [DEBUG] [TIME] 2424 balance_sheet: 0.19s
2026-10-02 05:11:30,865 [DEBUG] [TIME] 2424 cashflow: 0.22s
2026-10-02 05:11:31,063 [DEBUG] [TIME] 2424 dividends: 0.20s
2026-10-02 05:11:31,064 [INFO] [DETAIL] 2424 ブラス: income_stmt=OK, balance_sheet=OK, cashflow=OK, dividends=OK
2026-10-02 05:11:31,064 [INFO] [TIME] 2424 ブラス 処理時間: 0.91s
2026-10-02 05:11:32,509 [DEBUG] [TIME] 2425 info: 0.15s
2026-10-02 05:11:32,509 [DEBUG] yfinance OK: 2425
2026-10-02 05:11:32,617 [DEBUG] [TIME] 2425 income_stmt: 0.11s
2026-10-02 05:11:32,798 [DEBUG] [TIME] 2425 balance_sheet: 0.18s
2026-10-02 05:11:33,020 [DEBUG] [TIME] 2425 cashflow: 0.22s
2026-10-02 05:11:33,307 [DEBUG] [TIME] 2425 dividends: 0.29s
2026-10-02 05:11:33,308 [INFO] [DETAIL] 2425 ケアサービス: income_stmt=OK, balance_sheet=OK, cashflow=OK, dividends=OK
2026-10-02 05:11:33,308 [INFO] [TIME] 2425 ケアサービス 処理時間: 0.94s
2026-10-02 05:11:35,067 [DEBUG] [TIME] 2428 info: 0.20s
2026-10-02 05:11:35,068 [DEBUG] yfinance OK: 2428
2026-10-02 05:11:35,245 [DEBUG] [TIME] 2428 income_stmt: 0.18s
2026-10-02 05:11:35,445 [DEBUG] [TIME] 2428 balance_sheet: 0.20s
2026-10-02 05:11:35,620 [DEBUG] [TIME] 2428 cashflow: 0.17s
2026-10-02 05:11:35,851 [DEBUG] [TIME] 2428 dividends: 0.23s
2026-10-02 05:11:35,852 [INFO] [DETAIL] 2428 ウェルネット: income_stmt=OK, balance_sheet=OK, cashflow=OK, dividends=OK
2026-10-02 05:11:35,852 [INFO] [TIME] 2428 ウェルネット 処理時間: 0.99s
2026-10-02 05:11:37,215 [DEBUG] [TIME] 2429 info: 0.16s
2026-10-02 05:11:37,215 [DEBUG] yfinance OK: 2429
2026-10-02 05:11:37,482 [DEBUG] [TIME] 2429 income_stmt: 0.27s
2026-10-02 05:11:37,624 [DEBUG] [TIME] 2429 balance_sheet: 0.14s
2026-10-02 05:11:37,845 [DEBUG] [TIME] 2429 cashflow: 0.22s
2026-10-02 05:11:38,197 [DEBUG] [TIME] 2429 dividends: 0.35s
2026-10-02 05:11:38,198 [INFO] [DETAIL] 2429 ワールドホールディングス: income_stmt=OK, balance_sheet=OK, cashflow=OK, dividends=OK
2026-10-02 05:11:38,198 [INFO] [TIME] 2429 ワールドホールディングス 処理時間: 1.14s
2026-10-02 05:11:39,407 [DEBUG] [TIME] 2432 info: 0.14s
2026-10-02 05:11:39,407 [DEBUG] yfinance OK: 2432
2026-10-02 05:11:39,539 [DEBUG] [TIME] 2432 income_stmt: 0.13s
2026-10-02 05:11:39,732 [DEBUG] [TIME] 2432 balance_sheet: 0.19s
2026-10-02 05:11:39,923 [DEBUG] [TIME] 2432 cashflow: 0.19s
2026-10-02 05:11:40,242 [DEBUG] [TIME] 2432 dividends: 0.32s
2026-10-02 05:11:40,243 [INFO] [DETAIL] 2432 ディー・エヌ・エー: income_stmt=OK, balance_sheet=OK, cashflow=OK, dividends=OK
2026-10-02 05:11:40,243 [INFO] [TIME] 2432 ディー・エヌ・エー 処理時間: 0.98s
2026-10-02 05:11:41,715 [DEBUG] [TIME] 2433 info: 0.18s
2026-10-02 05:11:41,715 [DEBUG] yfinance OK: 2433
2026-10-02 05:11:41,913 [DEBUG] [TIME] 2433 income_stmt: 0.20s
2026-10-02 05:11:42,133 [DEBUG] [TIME] 2433 balance_sheet: 0.22s
2026-10-02 05:11:42,298 [DEBUG] [TIME] 2433 cashflow: 0.16s
2026-10-02 05:11:42,572 [DEBUG] [TIME] 2433 dividends: 0.27s
2026-10-02 05:11:42,573 [INFO] [DETAIL] 2433 博報堂ＤＹホールディングス: income_stmt=OK, balance_sheet=OK, cashflow=OK, dividends=OK
2026-10-02 05:11:42,573 [INFO] [TIME] 2433 博報堂ＤＹホールディングス 処理時間: 1.04s
2026-10-02 05:11:44,136 [DEBUG] [TIME] 2435 info: 0.15s
2026-10-02 05:11:44,136 [DEBUG] yfinance OK: 2435
2026-10-02 05:11:44,341 [DEBUG] [TIME] 2435 income_stmt: 0.21s
2026-10-02 05:11:44,629 [DEBUG] [TIME] 2435 balance_sheet: 0.29s
2026-10-02 05:11:44,789 [DEBUG] [TIME] 2435 cashflow: 0.16s
2026-10-02 05:11:45,189 [DEBUG] [TIME] 2435 dividends: 0.40s
2026-10-02 05:11:45,190 [INFO] [DETAIL] 2435 シダー: income_stmt=OK, balance_sheet=OK, cashflow=OK, dividends=OK
2026-10-02 05:11:45,191 [INFO] [TIME] 2435 シダー 処理時間: 1.21s
2026-10-02 05:11:47,147 [DEBUG] [TIME] 2436 info: 0.23s
2026-10-02 05:11:47,147 [DEBUG] yfinance OK: 2436
2026-10-02 05:11:47,275 [DEBUG] [TIME] 2436 income_stmt: 0.13s
2026-10-02 05:11:47,475 [DEBUG] [TIME] 2436 balance_sheet: 0.20s
2026-10-02 05:11:47,624 [DEBUG] [TIME] 2436 cashflow: 0.15s
2026-10-02 05:11:47,995 [DEBUG] [TIME] 2436 dividends: 0.37s
2026-10-02 05:11:47,996 [INFO] [DETAIL] 2436 共同ピーアール: income_stmt=OK, balance_sheet=OK, cashflow=OK, dividends=OK
2026-10-02 05:11:47,997 [INFO] [TIME] 2436 共同ピーアール 処理時間: 1.09s
2026-10-02 05:11:49,291 [DEBUG] [TIME] 2437 info: 0.15s
2026-10-02 05:11:49,291 [DEBUG] yfinance OK: 2437
2026-10-02 05:11:49,468 [DEBUG] [TIME] 2437 income_stmt: 0.18s
2026-10-02 05:11:49,699 [DEBUG] [TIME] 2437 balance_sheet: 0.23s
2026-10-02 05:11:49,923 [DEBUG] [TIME] 2437 cashflow: 0.22s
2026-10-02 05:11:50,172 [DEBUG] [TIME] 2437 dividends: 0.25s
2026-10-02 05:11:50,173 [INFO] [DETAIL] 2437 Ｓｈｉｎｗａ　Ｗｉｓｅ　Ｈｏｌｄｉｎｇｓ: income_stmt=OK, balance_sheet=OK, cashflow=OK, dividends=OK
2026-10-02 05:11:50,173 [INFO] [TIME] 2437 Ｓｈｉｎｗａ　Ｗｉｓｅ　Ｈｏｌｄｉｎｇｓ 処理時間: 1.03s
2026-10-02 05:11:51,516 [DEBUG] [TIME] 2438 info: 0.20s
2026-10-02 05:11:51,516 [DEBUG] yfinance OK: 2438
2026-10-02 05:11:51,700 [DEBUG] [TIME] 2438 income_stmt: 0.18s
2026-10-02 05:11:51,938 [DEBUG] [TIME] 2438 balance_sheet: 0.24s
2026-10-02 05:11:52,174 [DEBUG] [TIME] 2438 cashflow: 0.24s
2026-10-02 05:11:52,457 [DEBUG] [TIME] 2438 dividends: 0.28s
2026-10-02 05:11:52,458 [INFO] [DETAIL] 2438 アスカネット: income_stmt=OK, balance_sheet=OK, cashflow=OK, dividends=OK
2026-10-02 05:11:52,458 [INFO] [TIME] 2438 アスカネット 処理時間: 1.14s
2026-10-02 05:11:53,959 [DEBUG] [TIME] 2440 info: 0.15s
2026-10-02 05:11:53,959 [DEBUG] yfinance OK: 2440
2026-10-02 05:11:54,142 [DEBUG] [TIME] 2440 income_stmt: 0.18s
2026-10-02 05:11:54,368 [DEBUG] [TIME] 2440 balance_sheet: 0.23s
2026-10-02 05:11:54,516 [DEBUG] [TIME] 2440 cashflow: 0.15s
2026-10-02 05:11:54,802 [DEBUG] [TIME] 2440 dividends: 0.29s
2026-10-02 05:11:54,803 [INFO] [DETAIL] 2440 ぐるなび: income_stmt=OK, balance_sheet=OK, cashflow=OK, dividends=OK
2026-10-02 05:11:54,803 [INFO] [TIME] 2440 ぐるなび 処理時間: 0.99s
2026-10-02 05:11:56,342 [DEBUG] [TIME] 2445 info: 0.15s
2026-10-02 05:11:56,342 [DEBUG] yfinance OK: 2445
2026-10-02 05:11:56,502 [DEBUG] [TIME] 2445 income_stmt: 0.16s
2026-10-02 05:11:56,674 [DEBUG] [TIME] 2445 balance_sheet: 0.17s
2026-10-02 05:11:56,875 [DEBUG] [TIME] 2445 cashflow: 0.20s
2026-10-02 05:11:57,218 [DEBUG] [TIME] 2445 dividends: 0.34s
2026-10-02 05:11:57,219 [INFO] [DETAIL] 2445 タカミヤ: income_stmt=OK, balance_sheet=OK, cashflow=OK, dividends=OK
2026-10-02 05:11:57,219 [INFO] [TIME] 2445 タカミヤ 処理時間: 1.03s
2026-10-02 05:11:59,012 [DEBUG] [TIME] 2449 info: 0.21s
2026-10-02 05:11:59,012 [DEBUG] yfinance OK: 2449
2026-10-02 05:11:59,196 [DEBUG] [TIME] 2449 income_stmt: 0.18s
2026-10-02 05:11:59,417 [DEBUG] [TIME] 2449 balance_sheet: 0.22s
2026-10-02 05:11:59,526 [DEBUG] [TIME] 2449 cashflow: 0.11s
2026-10-02 05:11:59,860 [DEBUG] [TIME] 2449 dividends: 0.33s
2026-10-02 05:11:59,861 [INFO] [DETAIL] 2449 プラップジャパン: income_stmt=OK, balance_sheet=OK, cashflow=OK, dividends=OK
2026-10-02 05:11:59,861 [INFO] [TIME] 2449 プラップジャパン 処理時間: 1.06s
2026-10-02 05:12:01,445 [DEBUG] [TIME] 244A info: 0.14s
2026-10-02 05:12:01,445 [DEBUG] yfinance OK: 244A
2026-10-02 05:12:01,621 [DEBUG] [TIME] 244A income_stmt: 0.18s
2026-10-02 05:12:01,837 [DEBUG] [TIME] 244A balance_sheet: 0.21s
2026-10-02 05:12:02,036 [DEBUG] [TIME] 244A cashflow: 0.20s
2026-10-02 05:12:02,207 [DEBUG] [TIME] 244A dividends: 0.17s
2026-10-02 05:12:02,207 [INFO] [DETAIL] 244A グロースエクスパートナーズ: income_stmt=OK, balance_sheet=OK, cashflow=OK, dividends=EMPTY
2026-10-02 05:12:02,207 [INFO] [TIME] 244A グロースエクスパートナーズ 処理時間: 0.91s
2026-10-02 05:12:03,642 [DEBUG] [TIME] 2454 info: 0.15s
2026-10-02 05:12:03,642 [DEBUG] yfinance OK: 2454
2026-10-02 05:12:03,801 [DEBUG] [TIME] 2454 income_stmt: 0.16s
2026-10-02 05:12:04,003 [DEBUG] [TIME] 2454 balance_sheet: 0.20s
2026-10-02 05:12:04,129 [DEBUG] [TIME] 2454 cashflow: 0.13s
2026-10-02 05:12:04,402 [DEBUG] [TIME] 2454 dividends: 0.27s
2026-10-02 05:12:04,403 [INFO] [DETAIL] 2454 オールアバウト: income_stmt=OK, balance_sheet=OK, cashflow=OK, dividends=OK
2026-10-02 05:12:04,403 [INFO] [TIME] 2454 オールアバウト 処理時間: 0.91s
2026-10-02 05:12:05,687 [DEBUG] [TIME] 2459 info: 0.19s
2026-10-02 05:12:05,687 [DEBUG] yfinance OK: 2459
2026-10-02 05:12:05,915 [DEBUG] [TIME] 2459 income_stmt: 0.23s
2026-10-02 05:12:06,157 [DEBUG] [TIME] 2459 balance_sheet: 0.24s
2026-10-02 05:12:06,368 [DEBUG] [TIME] 2459 cashflow: 0.21s
2026-10-02 05:12:06,626 [DEBUG] [TIME] 2459 dividends: 0.26s
2026-10-02 05:12:06,627 [INFO] [DETAIL] 2459 アウンコンサルティング: income_stmt=OK, balance_sheet=OK, cashflow=OK, dividends=OK
2026-10-02 05:12:06,627 [INFO] [TIME] 2459 アウンコンサルティング 処理時間: 1.13s
2026-10-02 05:12:08,203 [DEBUG] [TIME] 245A info: 0.15s
2026-10-02 05:12:08,203 [DEBUG] yfinance OK: 245A
2026-10-02 05:12:08,368 [DEBUG] [TIME] 245A income_stmt: 0.16s
2026-10-02 05:12:08,641 [DEBUG] [TIME] 245A balance_sheet: 0.27s
2026-10-02 05:12:08,879 [DEBUG] [TIME] 245A cashflow: 0.24s
2026-10-02 05:12:08,982 [DEBUG] [TIME] 245A dividends: 0.10s
2026-10-02 05:12:08,982 [INFO] [DETAIL] 245A ＩＮＧＳ: income_stmt=OK, balance_sheet=OK, cashflow=OK, dividends=EMPTY
2026-10-02 05:12:08,982 [INFO] [TIME] 245A ＩＮＧＳ 処理時間: 0.92s
2026-10-02 05:12:10,702 [DEBUG] [TIME] 2461 info: 0.15s
2026-10-02 05:12:10,702 [DEBUG] yfinance OK: 2461
2026-10-02 05:12:10,843 [DEBUG] [TIME] 2461 income_stmt: 0.14s
2026-10-02 05:12:10,967 [DEBUG] [TIME] 2461 balance_sheet: 0.12s
2026-10-02 05:12:11,077 [DEBUG] [TIME] 2461 cashflow: 0.11s
2026-10-02 05:12:11,359 [DEBUG] [TIME] 2461 dividends: 0.28s
2026-10-02 05:12:11,360 [INFO] [DETAIL] 2461 ファンコミュニケーションズ: income_stmt=OK, balance_sheet=OK, cashflow=OK, dividends=OK
2026-10-02 05:12:11,361 [INFO] [TIME] 2461 ファンコミュニケーションズ 処理時間: 0.81s
2026-10-02 05:12:12,628 [DEBUG] [TIME] 2462 info: 0.15s
2026-10-02 05:12:12,628 [DEBUG] yfinance OK: 2462
2026-10-02 05:12:12,837 [DEBUG] [TIME] 2462 income_stmt: 0.21s
2026-10-02 05:12:13,002 [DEBUG] [TIME] 2462 balance_sheet: 0.16s
2026-10-02 05:12:13,197 [DEBUG] [TIME] 2462 cashflow: 0.19s
2026-10-02 05:12:13,462 [DEBUG] [TIME] 2462 dividends: 0.26s
2026-10-02 05:12:13,463 [INFO] [DETAIL] 2462 ライク: income_stmt=OK, balance_sheet=OK, cashflow=OK, dividends=OK
2026-10-02 05:12:13,463 [INFO] [TIME] 2462 ライク 処理時間: 0.98s
2026-10-02 05:12:14,707 [DEBUG] [TIME] 2464 info: 0.16s
2026-10-02 05:12:14,708 [DEBUG] yfinance OK: 2464
2026-10-02 05:12:14,893 [DEBUG] [TIME] 2464 income_stmt: 0.19s
2026-10-02 05:12:15,073 [DEBUG] [TIME] 2464 balance_sheet: 0.18s
2026-10-02 05:12:15,276 [DEBUG] [TIME] 2464 cashflow: 0.20s
2026-10-02 05:12:15,505 [DEBUG] [TIME] 2464 dividends: 0.23s
2026-10-02 05:12:15,506 [INFO] [DETAIL] 2464 Ａｏｂａ‐ＢＢＴ: income_stmt=OK, balance_sheet=OK, cashflow=OK, dividends=OK
2026-10-02 05:12:15,506 [INFO] [TIME] 2464 Ａｏｂａ‐ＢＢＴ 処理時間: 0.96s
2026-10-02 05:12:17,491 [DEBUG] [TIME] 2469 info: 0.15s
2026-10-02 05:12:17,492 [DEBUG] yfinance OK: 2469
2026-10-02 05:12:17,677 [DEBUG] [TIME] 2469 income_stmt: 0.19s
2026-10-02 05:12:17,904 [DEBUG] [TIME] 2469 balance_sheet: 0.23s
2026-10-02 05:12:18,209 [DEBUG] [TIME] 2469 cashflow: 0.30s
2026-10-02 05:12:18,498 [DEBUG] [TIME] 2469 dividends: 0.29s
2026-10-02 05:12:18,499 [INFO] [DETAIL] 2469 ヒビノ: income_stmt=OK, balance_sheet=OK, cashflow=OK, dividends=OK
2026-10-02 05:12:18,499 [INFO] [TIME] 2469 ヒビノ 処理時間: 1.16s
2026-10-02 05:12:20,092 [DEBUG] [TIME] 246A info: 0.15s
2026-10-02 05:12:20,092 [DEBUG] yfinance OK: 246A
2026-10-02 05:12:20,309 [DEBUG] [TIME] 246A income_stmt: 0.22s
2026-10-02 05:12:20,569 [DEBUG] [TIME] 246A balance_sheet: 0.26s
2026-10-02 05:12:20,697 [DEBUG] [TIME] 246A cashflow: 0.13s
2026-10-02 05:12:20,799 [DEBUG] [TIME] 246A dividends: 0.10s
2026-10-02 05:12:20,800 [INFO] [DETAIL] 246A アスア: income_stmt=OK, balance_sheet=OK, cashflow=OK, dividends=OK
2026-10-02 05:12:20,800 [INFO] [TIME] 246A アスア 処理時間: 0.86s
2026-10-02 05:12:22,260 [DEBUG] [TIME] 2471 info: 0.22s
2026-10-02 05:12:22,260 [DEBUG] yfinance OK: 2471
2026-10-02 05:12:22,401 [DEBUG] [TIME] 2471 income_stmt: 0.14s
2026-10-02 05:12:22,704 [DEBUG] [TIME] 2471 balance_sheet: 0.30s
2026-10-02 05:12:22,886 [DEBUG] [TIME] 2471 cashflow: 0.18s
2026-10-02 05:12:23,152 [DEBUG] [TIME] 2471 dividends: 0.27s
2026-10-02 05:12:23,153 [INFO] [DETAIL] 2471 エスプール: income_stmt=OK, balance_sheet=OK, cashflow=OK, dividends=OK
2026-10-02 05:12:23,153 [INFO] [TIME] 2471 エスプール 処理時間: 1.12s
2026-10-02 05:12:25,214 [DEBUG] [TIME] 2475 info: 0.17s
2026-10-02 05:12:25,214 [DEBUG] yfinance OK: 2475
2026-10-02 05:12:25,322 [DEBUG] [TIME] 2475 income_stmt: 0.11s
2026-10-02 05:12:25,491 [DEBUG] [TIME] 2475 balance_sheet: 0.17s
2026-10-02 05:12:25,720 [DEBUG] [TIME] 2475 cashflow: 0.23s
2026-10-02 05:12:25,975 [DEBUG] [TIME] 2475 dividends: 0.25s
2026-10-02 05:12:25,976 [INFO] [DETAIL] 2475 ＷＤＢホールディングス: income_stmt=OK, balance_sheet=OK, cashflow=OK, dividends=OK
2026-10-02 05:12:25,976 [INFO] [TIME] 2475 ＷＤＢホールディングス 処理時間: 0.94s
2026-10-02 05:12:28,007 [DEBUG] [TIME] 2477 info: 0.21s
2026-10-02 05:12:28,008 [DEBUG] yfinance OK: 2477
2026-10-02 05:12:28,181 [DEBUG] [TIME] 2477 income_stmt: 0.17s
2026-10-02 05:12:28,310 [DEBUG] [TIME] 2477 balance_sheet: 0.13s
2026-10-02 05:12:28,455 [DEBUG] [TIME] 2477 cashflow: 0.14s
2026-10-02 05:12:28,752 [DEBUG] [TIME] 2477 dividends: 0.30s
2026-10-02 05:12:28,753 [INFO] [DETAIL] 2477 手間いらず: income_stmt=OK, balance_sheet=OK, cashflow=OK, dividends=OK
2026-10-02 05:12:28,753 [INFO] [TIME] 2477 手間いらず 処理時間: 0.95s
2026-10-02 05:12:30,130 [DEBUG] [TIME] 2479 info: 0.14s
2026-10-02 05:12:30,131 [DEBUG] yfinance OK: 2479
2026-10-02 05:12:30,311 [DEBUG] [TIME] 2479 income_stmt: 0.18s
2026-10-02 05:12:30,479 [DEBUG] [TIME] 2479 balance_sheet: 0.17s
2026-10-02 05:12:30,641 [DEBUG] [TIME] 2479 cashflow: 0.16s
2026-10-02 05:12:30,901 [DEBUG] [TIME] 2479 dividends: 0.26s
2026-10-02 05:12:30,902 [INFO] [DETAIL] 2479 ジェイテック: income_stmt=OK, balance_sheet=OK, cashflow=OK, dividends=OK
2026-10-02 05:12:30,902 [INFO] [TIME] 2479 ジェイテック 処理時間: 0.91s
2026-10-02 05:12:32,676 [DEBUG] [TIME] 247A info: 0.15s
2026-10-02 05:12:32,676 [DEBUG] yfinance OK: 247A
2026-10-02 05:12:32,814 [DEBUG] [TIME] 247A income_stmt: 0.14s
2026-10-02 05:12:32,998 [DEBUG] [TIME] 247A balance_sheet: 0.18s
2026-10-02 05:12:33,222 [DEBUG] [TIME] 247A cashflow: 0.22s
2026-10-02 05:12:33,324 [DEBUG] [TIME] 247A dividends: 0.10s
2026-10-02 05:12:33,324 [INFO] [DETAIL] 247A Ａｉロボティクス: income_stmt=OK, balance_sheet=OK, cashflow=OK, dividends=EMPTY
2026-10-02 05:12:33,324 [INFO] [TIME] 247A Ａｉロボティクス 処理時間: 0.80s
2026-10-02 05:12:35,088 [DEBUG] [TIME] 2480 info: 0.15s
2026-10-02 05:12:35,088 [DEBUG] yfinance OK: 2480
2026-10-02 05:12:35,253 [DEBUG] [TIME] 2480 income_stmt: 0.17s
2026-10-02 05:12:35,438 [DEBUG] [TIME] 2480 balance_sheet: 0.18s
2026-10-02 05:12:35,646 [DEBUG] [TIME] 2480 cashflow: 0.21s
2026-10-02 05:12:35,903 [DEBUG] [TIME] 2480 dividends: 0.26s
2026-10-02 05:12:35,904 [INFO] [DETAIL] 2480 システム・ロケーション: income_stmt=OK, balance_sheet=OK, cashflow=OK, dividends=OK
2026-10-02 05:12:35,904 [INFO] [TIME] 2480 システム・ロケーション 処理時間: 0.96s
2026-10-02 05:12:37,577 [DEBUG] [TIME] 2481 info: 0.15s
2026-10-02 05:12:37,577 [DEBUG] yfinance OK: 2481
2026-10-02 05:12:37,720 [DEBUG] [TIME] 2481 income_stmt: 0.14s
2026-10-02 05:12:37,955 [DEBUG] [TIME] 2481 balance_sheet: 0.23s
2026-10-02 05:12:38,179 [DEBUG] [TIME] 2481 cashflow: 0.22s
2026-10-02 05:12:38,453 [DEBUG] [TIME] 2481 dividends: 0.27s
2026-10-02 05:12:38,454 [INFO] [DETAIL] 2481 タウンニュース社: income_stmt=OK, balance_sheet=OK, cashflow=OK, dividends=OK
2026-10-02 05:12:38,454 [INFO] [TIME] 2481 タウンニュース社 処理時間: 1.02s
2026-10-02 05:12:40,695 [DEBUG] [TIME] 2483 info: 0.26s
2026-10-02 05:12:40,695 [DEBUG] yfinance OK: 2483
2026-10-02 05:12:40,835 [DEBUG] [TIME] 2483 income_stmt: 0.14s
2026-10-02 05:12:41,047 [DEBUG] [TIME] 2483 balance_sheet: 0.21s
2026-10-02 05:12:41,243 [DEBUG] [TIME] 2483 cashflow: 0.20s
2026-10-02 05:12:41,538 [DEBUG] [TIME] 2483 dividends: 0.29s
2026-10-02 05:12:41,539 [INFO] [DETAIL] 2483 翻訳センター: income_stmt=OK, balance_sheet=OK, cashflow=OK, dividends=OK
2026-10-02 05:12:41,539 [INFO] [TIME] 2483 翻訳センター 処理時間: 1.10s
2026-10-02 05:12:43,065 [DEBUG] [TIME] 2484 info: 0.15s
2026-10-02 05:12:43,065 [DEBUG] yfinance OK: 2484
2026-10-02 05:12:43,209 [DEBUG] [TIME] 2484 income_stmt: 0.14s
2026-10-02 05:12:43,351 [DEBUG] [TIME] 2484 balance_sheet: 0.14s
2026-10-02 05:12:43,561 [DEBUG] [TIME] 2484 cashflow: 0.21s
2026-10-02 05:12:43,822 [DEBUG] [TIME] 2484 dividends: 0.26s
2026-10-02 05:12:43,823 [INFO] [DETAIL] 2484 出前館: income_stmt=OK, balance_sheet=OK, cashflow=OK, dividends=OK
2026-10-02 05:12:43,823 [INFO] [TIME] 2484 出前館 処理時間: 0.91s
2026-10-02 05:12:45,679 [DEBUG] [TIME] 2485 info: 0.15s
2026-10-02 05:12:45,679 [DEBUG] yfinance OK: 2485
2026-10-02 05:12:45,814 [DEBUG] [TIME] 2485 income_stmt: 0.13s
2026-10-02 05:12:45,954 [DEBUG] [TIME] 2485 balance_sheet: 0.14s
2026-10-02 05:12:46,128 [DEBUG] [TIME] 2485 cashflow: 0.17s
2026-10-02 05:12:46,429 [DEBUG] [TIME] 2485 dividends: 0.30s
2026-10-02 05:12:46,430 [INFO] [DETAIL] 2485 ティア: income_stmt=OK, balance_sheet=OK, cashflow=OK, dividends=OK
2026-10-02 05:12:46,431 [INFO] [TIME] 2485 ティア 処理時間: 0.90s
2026-10-02 05:12:47,765 [DEBUG] [TIME] 2488 info: 0.15s
2026-10-02 05:12:47,766 [DEBUG] yfinance OK: 2488
2026-10-02 05:12:47,921 [DEBUG] [TIME] 2488 income_stmt: 0.16s
2026-10-02 05:12:48,182 [DEBUG] [TIME] 2488 balance_sheet: 0.26s
2026-10-02 05:12:48,363 [DEBUG] [TIME] 2488 cashflow: 0.18s
2026-10-02 05:12:48,748 [DEBUG] [TIME] 2488 dividends: 0.38s
2026-10-02 05:12:48,749 [INFO] [DETAIL] 2488 ＪＴＰ: income_stmt=OK, balance_sheet=OK, cashflow=OK, dividends=OK
2026-10-02 05:12:48,749 [INFO] [TIME] 2488 ＪＴＰ 処理時間: 1.13s
2026-10-02 05:12:50,416 [DEBUG] [TIME] 2489 info: 0.23s
2026-10-02 05:12:50,416 [DEBUG] yfinance OK: 2489
2026-10-02 05:12:50,606 [DEBUG] [TIME] 2489 income_stmt: 0.19s
2026-10-02 05:12:50,796 [DEBUG] [TIME] 2489 balance_sheet: 0.19s
2026-10-02 05:12:51,048 [DEBUG] [TIME] 2489 cashflow: 0.25s
2026-10-02 05:12:51,273 [DEBUG] [TIME] 2489 dividends: 0.23s
2026-10-02 05:12:51,274 [INFO] [DETAIL] 2489 アドウェイズ: income_stmt=OK, balance_sheet=OK, cashflow=OK, dividends=OK
2026-10-02 05:12:51,274 [INFO] [TIME] 2489 アドウェイズ 処理時間: 1.09s
2026-10-02 05:12:52,748 [DEBUG] [TIME] 248A info: 0.20s
2026-10-02 05:12:52,748 [DEBUG] yfinance OK: 248A
2026-10-02 05:12:52,877 [DEBUG] [TIME] 248A income_stmt: 0.13s
2026-10-02 05:12:53,074 [DEBUG] [TIME] 248A balance_sheet: 0.20s
2026-10-02 05:12:53,291 [DEBUG] [TIME] 248A cashflow: 0.22s
2026-10-02 05:12:53,420 [DEBUG] [TIME] 248A dividends: 0.13s
2026-10-02 05:12:53,420 [INFO] [DETAIL] 248A キッズスター: income_stmt=OK, balance_sheet=OK, cashflow=OK, dividends=EMPTY
2026-10-02 05:12:53,420 [INFO] [TIME] 248A キッズスター 処理時間: 0.88s
2026-10-02 05:12:55,312 [DEBUG] [TIME] 2491 info: 0.17s
2026-10-02 05:12:55,312 [DEBUG] yfinance OK: 2491
2026-10-02 05:12:55,464 [DEBUG] [TIME] 2491 income_stmt: 0.15s
2026-10-02 05:12:55,717 [DEBUG] [TIME] 2491 balance_sheet: 0.25s
2026-10-02 05:12:55,863 [DEBUG] [TIME] 2491 cashflow: 0.14s
2026-10-02 05:12:56,148 [DEBUG] [TIME] 2491 dividends: 0.28s
2026-10-02 05:12:56,149 [INFO] [DETAIL] 2491 バリューコマース: income_stmt=OK, balance_sheet=OK, cashflow=OK, dividends=OK
2026-10-02 05:12:56,149 [INFO] [TIME] 2491 バリューコマース 処理時間: 1.00s
2026-10-02 05:12:57,562 [DEBUG] [TIME] 2492 info: 0.15s
2026-10-02 05:12:57,562 [DEBUG] yfinance OK: 2492
2026-10-02 05:12:57,687 [DEBUG] [TIME] 2492 income_stmt: 0.12s
2026-10-02 05:12:57,908 [DEBUG] [TIME] 2492 balance_sheet: 0.22s
2026-10-02 05:12:58,058 [DEBUG] [TIME] 2492 cashflow: 0.15s
2026-10-02 05:12:58,383 [DEBUG] [TIME] 2492 dividends: 0.32s
2026-10-02 05:12:58,384 [INFO] [DETAIL] 2492 インフォマート: income_stmt=OK, balance_sheet=OK, cashflow=OK, dividends=OK
2026-10-02 05:12:58,384 [INFO] [TIME] 2492 インフォマート 処理時間: 0.97s
2026-10-02 05:13:00,086 [DEBUG] [TIME] 2493 info: 0.16s
2026-10-02 05:13:00,086 [DEBUG] yfinance OK: 2493
2026-10-02 05:13:00,223 [DEBUG] [TIME] 2493 income_stmt: 0.14s
2026-10-02 05:13:00,462 [DEBUG] [TIME] 2493 balance_sheet: 0.24s
2026-10-02 05:13:00,718 [DEBUG] [TIME] 2493 cashflow: 0.26s
2026-10-02 05:13:00,928 [DEBUG] [TIME] 2493 dividends: 0.21s
2026-10-02 05:13:00,929 [INFO] [DETAIL] 2493 イーサポートリンク: income_stmt=OK, balance_sheet=OK, cashflow=OK, dividends=OK
2026-10-02 05:13:00,929 [INFO] [TIME] 2493 イーサポートリンク 処理時間: 1.00s
2026-10-02 05:13:02,556 [DEBUG] [TIME] 2497 info: 0.16s
2026-10-02 05:13:02,556 [DEBUG] yfinance OK: 2497
2026-10-02 05:13:02,722 [DEBUG] [TIME] 2497 income_stmt: 0.17s
2026-10-02 05:13:02,922 [DEBUG] [TIME] 2497 balance_sheet: 0.20s
2026-10-02 05:13:03,134 [DEBUG] [TIME] 2497 cashflow: 0.21s
2026-10-02 05:13:03,424 [DEBUG] [TIME] 2497 dividends: 0.29s
2026-10-02 05:13:03,425 [INFO] [DETAIL] 2497 ユナイテッド: income_stmt=OK, balance_sheet=OK, cashflow=OK, dividends=OK
2026-10-02 05:13:03,425 [INFO] [TIME] 2497 ユナイテッド 処理時間: 1.03s
2026-10-02 05:13:04,656 [DEBUG] [TIME] 2498 info: 0.15s
2026-10-02 05:13:04,656 [DEBUG] yfinance OK: 2498
2026-10-02 05:13:04,777 [DEBUG] [TIME] 2498 income_stmt: 0.12s
2026-10-02 05:13:04,927 [DEBUG] [TIME] 2498 balance_sheet: 0.15s
2026-10-02 05:13:05,127 [DEBUG] [TIME] 2498 cashflow: 0.20s
2026-10-02 05:13:05,389 [DEBUG] [TIME] 2498 dividends: 0.26s
2026-10-02 05:13:05,390 [INFO] [DETAIL] 2498 オリエンタルコンサルタンツホールディングス: income_stmt=OK, balance_sheet=OK, cashflow=OK, dividends=OK
2026-10-02 05:13:05,390 [INFO] [TIME] 2498 オリエンタルコンサルタンツホールディングス 処理時間: 0.88s
2026-10-02 05:13:06,698 [DEBUG] [TIME] 2499 info: 0.15s
2026-10-02 05:13:06,698 [DEBUG] yfinance OK: 2499
2026-10-02 05:13:06,855 [DEBUG] [TIME] 2499 income_stmt: 0.16s
2026-10-02 05:13:07,079 [DEBUG] [TIME] 2499 balance_sheet: 0.22s
2026-10-02 05:13:07,262 [DEBUG] [TIME] 2499 cashflow: 0.18s
2026-10-02 05:13:07,588 [DEBUG] [TIME] 2499 dividends: 0.33s
2026-10-02 05:13:07,589 [INFO] [DETAIL] 2499 日本和装ホールディングス: income_stmt=OK, balance_sheet=OK, cashflow=OK, dividends=OK
2026-10-02 05:13:07,589 [INFO] [TIME] 2499 日本和装ホールディングス 処理時間: 1.05s
2026-10-02 05:13:09,434 [DEBUG] [TIME] 2501 info: 0.15s
2026-10-02 05:13:09,434 [DEBUG] yfinance OK: 2501
2026-10-02 05:13:09,737 [DEBUG] [TIME] 2501 income_stmt: 0.30s
2026-10-02 05:13:09,924 [DEBUG] [TIME] 2501 balance_sheet: 0.19s
2026-10-02 05:13:10,084 [DEBUG] [TIME] 2501 cashflow: 0.16s
2026-10-02 05:13:10,466 [DEBUG] [TIME] 2501 dividends: 0.38s
2026-10-02 05:13:10,467 [INFO] [DETAIL] 2501 サッポロホールディングス: income_stmt=OK, balance_sheet=OK, cashflow=OK, dividends=OK
2026-10-02 05:13:10,467 [INFO] [TIME] 2501 サッポロホールディングス 処理時間: 1.18s
2026-10-02 05:13:11,676 [DEBUG] [TIME] 2502 info: 0.15s
2026-10-02 05:13:11,676 [DEBUG] yfinance OK: 2502
2026-10-02 05:13:11,846 [DEBUG] [TIME] 2502 income_stmt: 0.17s
2026-10-02 05:13:12,169 [DEBUG] [TIME] 2502 balance_sheet: 0.32s
2026-10-02 05:13:12,443 [DEBUG] [TIME] 2502 cashflow: 0.27s
2026-10-02 05:13:12,845 [DEBUG] [TIME] 2502 dividends: 0.40s
2026-10-02 05:13:12,846 [INFO] [DETAIL] 2502 アサヒグループホールディングス: income_stmt=OK, balance_sheet=OK, cashflow=OK, dividends=OK
2026-10-02 05:13:12,846 [INFO] [TIME] 2502 アサヒグループホールディングス 処理時間: 1.32s
2026-10-02 05:13:14,260 [DEBUG] [TIME] 2503 info: 0.16s
2026-10-02 05:13:14,260 [DEBUG] yfinance OK: 2503
2026-10-02 05:13:14,498 [DEBUG] [TIME] 2503 income_stmt: 0.24s
2026-10-02 05:13:14,826 [DEBUG] [TIME] 2503 balance_sheet: 0.33s
2026-10-02 05:13:14,976 [DEBUG] [TIME] 2503 cashflow: 0.15s
2026-10-02 05:13:15,281 [DEBUG] [TIME] 2503 dividends: 0.30s
2026-10-02 05:13:15,282 [INFO] [DETAIL] 2503 キリンホールディングス: income_stmt=OK, balance_sheet=OK, cashflow=OK, dividends=OK
2026-10-02 05:13:15,283 [INFO] [TIME] 2503 キリンホールディングス 処理時間: 1.18s
2026-10-02 05:13:16,637 [DEBUG] [TIME] 250A info: 0.19s
2026-10-02 05:13:16,638 [DEBUG] yfinance OK: 250A
2026-10-02 05:13:16,773 [DEBUG] [TIME] 250A income_stmt: 0.14s
2026-10-02 05:13:16,995 [DEBUG] [TIME] 250A balance_sheet: 0.22s
2026-10-02 05:13:17,151 [DEBUG] [TIME] 250A cashflow: 0.16s
2026-10-02 05:13:17,280 [DEBUG] [TIME] 250A dividends: 0.13s
2026-10-02 05:13:17,281 [INFO] [DETAIL] 250A シマダヤ: income_stmt=OK, balance_sheet=OK, cashflow=OK, dividends=OK
2026-10-02 05:13:17,281 [INFO] [TIME] 250A シマダヤ 処理時間: 0.84s
2026-10-02 05:13:18,712 [DEBUG] [TIME] 2531 info: 0.20s
2026-10-02 05:13:18,713 [DEBUG] yfinance OK: 2531
2026-10-02 05:13:18,901 [DEBUG] [TIME] 2531 income_stmt: 0.19s
2026-10-02 05:13:19,057 [DEBUG] [TIME] 2531 balance_sheet: 0.15s
2026-10-02 05:13:19,247 [DEBUG] [TIME] 2531 cashflow: 0.19s
2026-10-02 05:13:19,582 [DEBUG] [TIME] 2531 dividends: 0.34s
2026-10-02 05:13:19,583 [INFO] [DETAIL] 2531 宝ホールディングス: income_stmt=OK, balance_sheet=OK, cashflow=OK, dividends=OK
2026-10-02 05:13:19,583 [INFO] [TIME] 2531 宝ホールディングス 処理時間: 1.07s
2026-10-02 05:13:21,131 [DEBUG] [TIME] 2533 info: 0.14s
2026-10-02 05:13:21,131 [DEBUG] yfinance OK: 2533
2026-10-02 05:13:21,277 [DEBUG] [TIME] 2533 income_stmt: 0.15s
2026-10-02 05:13:21,438 [DEBUG] [TIME] 2533 balance_sheet: 0.16s
2026-10-02 05:13:21,647 [DEBUG] [TIME] 2533 cashflow: 0.21s
2026-10-02 05:13:21,938 [DEBUG] [TIME] 2533 dividends: 0.29s
2026-10-02 05:13:21,939 [INFO] [DETAIL] 2533 オエノンホールディングス: income_stmt=OK, balance_sheet=OK, cashflow=OK, dividends=OK
2026-10-02 05:13:21,939 [INFO] [TIME] 2533 オエノンホールディングス 処理時間: 0.95s
2026-10-02 05:13:23,280 [DEBUG] [TIME] 253A info: 0.16s
2026-10-02 05:13:23,281 [DEBUG] yfinance OK: 253A
2026-10-02 05:13:23,495 [DEBUG] [TIME] 253A income_stmt: 0.21s
2026-10-02 05:13:23,830 [DEBUG] [TIME] 253A balance_sheet: 0.33s
2026-10-02 05:13:24,021 [DEBUG] [TIME] 253A cashflow: 0.19s
2026-10-02 05:13:24,874 [DEBUG] [TIME] 253A dividends: 0.85s
2026-10-02 05:13:24,875 [INFO] [DETAIL] 253A ＥＴＳグループ: income_stmt=OK, balance_sheet=OK, cashflow=OK, dividends=OK
2026-10-02 05:13:24,875 [INFO] [TIME] 253A ＥＴＳグループ 処理時間: 1.75s
2026-10-02 05:13:26,303 [DEBUG] [TIME] 2540 info: 0.31s
2026-10-02 05:13:26,303 [WARNING] yfinance データなし: 2540
2026-10-02 05:13:26,304 [INFO] [TIME] 2540 養命酒製造 処理時間: 0.31s
2026-10-02 05:13:28,156 [DEBUG] [TIME] 254A info: 0.15s
2026-10-02 05:13:28,156 [DEBUG] yfinance OK: 254A
2026-10-02 05:13:28,291 [DEBUG] [TIME] 254A income_stmt: 0.14s
2026-10-02 05:13:28,426 [DEBUG] [TIME] 254A balance_sheet: 0.13s
2026-10-02 05:13:28,532 [DEBUG] [TIME] 254A cashflow: 0.11s
2026-10-02 05:13:28,729 [DEBUG] [TIME] 254A dividends: 0.20s
2026-10-02 05:13:28,730 [INFO] [DETAIL] 254A ＡＩフュージョンキャピタルグループ: income_stmt=OK, balance_sheet=OK, cashflow=OK, dividends=EMPTY
2026-10-02 05:13:28,730 [INFO] [TIME] 254A ＡＩフュージョンキャピタルグループ 処理時間: 0.72s
2026-10-02 05:13:30,276 [DEBUG] [TIME] 255A info: 0.18s
2026-10-02 05:13:30,276 [DEBUG] yfinance OK: 255A
2026-10-02 05:13:30,462 [DEBUG] [TIME] 255A income_stmt: 0.19s
2026-10-02 05:13:30,683 [DEBUG] [TIME] 255A balance_sheet: 0.22s
2026-10-02 05:13:30,879 [DEBUG] [TIME] 255A cashflow: 0.19s
2026-10-02 05:13:31,192 [DEBUG] [TIME] 255A dividends: 0.31s
2026-10-02 05:13:31,193 [INFO] [DETAIL] 255A ジーエルテクノホールディングス: income_stmt=OK, balance_sheet=OK, cashflow=OK, dividends=OK
2026-10-02 05:13:31,193 [INFO] [TIME] 255A ジーエルテクノホールディングス 処理時間: 1.09s
2026-10-02 05:13:32,987 [DEBUG] [TIME] 256A info: 0.22s
2026-10-02 05:13:32,987 [DEBUG] yfinance OK: 256A
2026-10-02 05:13:33,140 [DEBUG] [TIME] 256A income_stmt: 0.15s
2026-10-02 05:13:33,443 [DEBUG] [TIME] 256A balance_sheet: 0.30s
2026-10-02 05:13:33,589 [DEBUG] [TIME] 256A cashflow: 0.14s
2026-10-02 05:13:33,832 [DEBUG] [TIME] 256A dividends: 0.24s
2026-10-02 05:13:33,833 [INFO] [DETAIL] 256A 飛島ホールディングス: income_stmt=OK, balance_sheet=OK, cashflow=OK, dividends=OK
2026-10-02 05:13:33,834 [INFO] [TIME] 256A 飛島ホールディングス 処理時間: 1.07s
2026-10-02 05:13:35,715 [DEBUG] [TIME] 2573 info: 0.21s
2026-10-02 05:13:35,715 [DEBUG] yfinance OK: 2573
2026-10-02 05:13:35,877 [DEBUG] [TIME] 2573 income_stmt: 0.16s
2026-10-02 05:13:36,046 [DEBUG] [TIME] 2573 balance_sheet: 0.17s
2026-10-02 05:13:36,219 [DEBUG] [TIME] 2573 cashflow: 0.17s
2026-10-02 05:13:36,645 [DEBUG] [TIME] 2573 dividends: 0.43s
2026-10-02 05:13:36,646 [INFO] [DETAIL] 2573 北海道コカ・コーラボトリング: income_stmt=OK, balance_sheet=OK, cashflow=OK, dividends=OK
2026-10-02 05:13:36,647 [INFO] [TIME] 2573 北海道コカ・コーラボトリング 処理時間: 1.14s
2026-10-02 05:13:38,770 [DEBUG] [TIME] 2579 info: 0.16s
2026-10-02 05:13:38,770 [DEBUG] yfinance OK: 2579
2026-10-02 05:13:38,927 [DEBUG] [TIME] 2579 income_stmt: 0.16s
2026-10-02 05:13:39,177 [DEBUG] [TIME] 2579 balance_sheet: 0.25s
2026-10-02 05:13:39,371 [DEBUG] [TIME] 2579 cashflow: 0.19s
2026-10-02 05:13:39,671 [DEBUG] [TIME] 2579 dividends: 0.30s
2026-10-02 05:13:39,672 [INFO] [DETAIL] 2579 コカ・コーラ　ボトラーズジャパンホールディングス: income_stmt=OK, balance_sheet=OK, cashflow=OK, dividends=OK
2026-10-02 05:13:39,672 [INFO] [TIME] 2579 コカ・コーラ　ボトラーズジャパンホールディングス 処理時間: 1.06s
2026-10-02 05:13:40,845 [DEBUG] [TIME] 2585 info: 0.15s
2026-10-02 05:13:40,845 [DEBUG] yfinance OK: 2585
2026-10-02 05:13:41,022 [DEBUG] [TIME] 2585 income_stmt: 0.18s
2026-10-02 05:13:41,240 [DEBUG] [TIME] 2585 balance_sheet: 0.22s
2026-10-02 05:13:41,461 [DEBUG] [TIME] 2585 cashflow: 0.22s
2026-10-02 05:13:41,632 [DEBUG] [TIME] 2585 dividends: 0.17s
2026-10-02 05:13:41,633 [INFO] [DETAIL] 2585 ライフドリンク　カンパニー: income_stmt=OK, balance_sheet=OK, cashflow=OK, dividends=OK
2026-10-02 05:13:41,633 [INFO] [TIME] 2585 ライフドリンク　カンパニー 処理時間: 0.94s
2026-10-02 05:13:43,383 [DEBUG] [TIME] 2586 info: 0.20s
2026-10-02 05:13:43,383 [DEBUG] yfinance OK: 2586
2026-10-02 05:13:43,538 [DEBUG] [TIME] 2586 income_stmt: 0.16s
2026-10-02 05:13:43,704 [DEBUG] [TIME] 2586 balance_sheet: 0.16s
2026-10-02 05:13:43,924 [DEBUG] [TIME] 2586 cashflow: 0.22s
2026-10-02 05:13:44,094 [DEBUG] [TIME] 2586 dividends: 0.17s
2026-10-02 05:13:44,094 [INFO] [DETAIL] 2586 フルッタフルッタ: income_stmt=OK, balance_sheet=OK, cashflow=OK, dividends=EMPTY
2026-10-02 05:13:44,094 [INFO] [TIME] 2586 フルッタフルッタ 処理時間: 0.91s
2026-10-02 05:13:45,675 [DEBUG] [TIME] 2587 info: 0.21s
2026-10-02 05:13:45,675 [DEBUG] yfinance OK: 2587
2026-10-02 05:13:45,817 [DEBUG] [TIME] 2587 income_stmt: 0.14s
2026-10-02 05:13:46,029 [DEBUG] [TIME] 2587 balance_sheet: 0.21s
2026-10-02 05:13:46,230 [DEBUG] [TIME] 2587 cashflow: 0.20s
2026-10-02 05:13:46,446 [DEBUG] [TIME] 2587 dividends: 0.22s
2026-10-02 05:13:46,447 [INFO] [DETAIL] 2587 サントリービバレッジ＆フード: income_stmt=OK, balance_sheet=OK, cashflow=OK, dividends=OK
2026-10-02 05:13:46,447 [INFO] [TIME] 2587 サントリービバレッジ＆フード 処理時間: 0.98s
2026-10-02 05:13:47,788 [DEBUG] [TIME] 2588 info: 0.15s
2026-10-02 05:13:47,788 [DEBUG] yfinance OK: 2588
2026-10-02 05:13:47,918 [DEBUG] [TIME] 2588 income_stmt: 0.13s
2026-10-02 05:13:48,073 [DEBUG] [TIME] 2588 balance_sheet: 0.15s
2026-10-02 05:13:48,237 [DEBUG] [TIME] 2588 cashflow: 0.16s
2026-10-02 05:13:48,521 [DEBUG] [TIME] 2588 dividends: 0.28s
2026-10-02 05:13:48,522 [INFO] [DETAIL] 2588 プレミアムウォーターホールディングス: income_stmt=OK, balance_sheet=OK, cashflow=OK, dividends=OK
2026-10-02 05:13:48,522 [INFO] [TIME] 2588 プレミアムウォーターホールディングス 処理時間: 0.88s
2026-10-02 05:13:50,095 [DEBUG] [TIME] 2590 info: 0.19s
2026-10-02 05:13:50,095 [DEBUG] yfinance OK: 2590
2026-10-02 05:13:50,358 [DEBUG] [TIME] 2590 income_stmt: 0.26s
2026-10-02 05:13:50,544 [DEBUG] [TIME] 2590 balance_sheet: 0.19s
2026-10-02 05:13:50,658 [DEBUG] [TIME] 2590 cashflow: 0.11s
2026-10-02 05:13:50,941 [DEBUG] [TIME] 2590 dividends: 0.28s
2026-10-02 05:13:50,942 [INFO] [DETAIL] 2590 ダイドーグループホールディングス: income_stmt=OK, balance_sheet=OK, cashflow=OK, dividends=OK
2026-10-02 05:13:50,942 [INFO] [TIME] 2590 ダイドーグループホールディングス 処理時間: 1.04s
2026-10-02 05:13:52,645 [DEBUG] [TIME] 2593 info: 0.16s
2026-10-02 05:13:52,645 [DEBUG] yfinance OK: 2593
2026-10-02 05:13:52,819 [DEBUG] [TIME] 2593 income_stmt: 0.17s
2026-10-02 05:13:53,007 [DEBUG] [TIME] 2593 balance_sheet: 0.19s
2026-10-02 05:13:53,191 [DEBUG] [TIME] 2593 cashflow: 0.18s
2026-10-02 05:13:53,583 [DEBUG] [TIME] 2593 dividends: 0.39s
2026-10-02 05:13:53,584 [INFO] [DETAIL] 2593 伊藤園: income_stmt=OK, balance_sheet=OK, cashflow=OK, dividends=OK
2026-10-02 05:13:53,584 [INFO] [TIME] 2593 伊藤園 処理時間: 1.09s
2026-10-02 05:13:54,849 [DEBUG] [TIME] 25935 info: 0.22s
2026-10-02 05:13:54,850 [DEBUG] yfinance OK: 25935
2026-10-02 05:13:54,996 [DEBUG] [TIME] 25935 income_stmt: 0.15s
2026-10-02 05:13:55,126 [DEBUG] [TIME] 25935 balance_sheet: 0.13s
2026-10-02 05:13:55,257 [DEBUG] [TIME] 25935 cashflow: 0.13s
2026-10-02 05:13:55,465 [DEBUG] [TIME] 25935 dividends: 0.21s
2026-10-02 05:13:55,466 [INFO] [DETAIL] 25935 伊藤園第１種優先株式: income_stmt=OK, balance_sheet=OK, cashflow=OK, dividends=OK
2026-10-02 05:13:55,467 [INFO] [TIME] 25935 伊藤園第１種優先株式 処理時間: 0.83s
2026-10-02 05:13:56,809 [DEBUG] [TIME] 2594 info: 0.15s
2026-10-02 05:13:56,809 [DEBUG] yfinance OK: 2594
2026-10-02 05:13:56,992 [DEBUG] [TIME] 2594 income_stmt: 0.18s
2026-10-02 05:13:57,212 [DEBUG] [TIME] 2594 balance_sheet: 0.22s
2026-10-02 05:13:57,355 [DEBUG] [TIME] 2594 cashflow: 0.14s
2026-10-02 05:13:57,622 [DEBUG] [TIME] 2594 dividends: 0.27s
2026-10-02 05:13:57,623 [INFO] [DETAIL] 2594 キーコーヒー: income_stmt=OK, balance_sheet=OK, cashflow=OK, dividends=OK
2026-10-02 05:13:57,623 [INFO] [TIME] 2594 キーコーヒー 処理時間: 0.97s
2026-10-02 05:13:59,074 [DEBUG] [TIME] 2597 info: 0.16s
2026-10-02 05:13:59,074 [DEBUG] yfinance OK: 2597
2026-10-02 05:13:59,226 [DEBUG] [TIME] 2597 income_stmt: 0.15s
2026-10-02 05:13:59,418 [DEBUG] [TIME] 2597 balance_sheet: 0.19s
2026-10-02 05:13:59,595 [DEBUG] [TIME] 2597 cashflow: 0.18s
2026-10-02 05:13:59,923 [DEBUG] [TIME] 2597 dividends: 0.33s
2026-10-02 05:13:59,924 [INFO] [DETAIL] 2597 ユニカフェ: income_stmt=OK, balance_sheet=OK, cashflow=OK, dividends=OK
2026-10-02 05:13:59,924 [INFO] [TIME] 2597 ユニカフェ 処理時間: 1.01s
2026-10-02 05:14:01,607 [DEBUG] [TIME] 2602 info: 0.20s
2026-10-02 05:14:01,607 [DEBUG] yfinance OK: 2602
2026-10-02 05:14:01,820 [DEBUG] [TIME] 2602 income_stmt: 0.21s
2026-10-02 05:14:02,001 [DEBUG] [TIME] 2602 balance_sheet: 0.18s
2026-10-02 05:14:02,142 [DEBUG] [TIME] 2602 cashflow: 0.14s
2026-10-02 05:14:02,432 [DEBUG] [TIME] 2602 dividends: 0.29s
2026-10-02 05:14:02,433 [INFO] [DETAIL] 2602 日清オイリオグループ: income_stmt=OK, balance_sheet=OK, cashflow=OK, dividends=OK
2026-10-02 05:14:02,433 [INFO] [TIME] 2602 日清オイリオグループ 処理時間: 1.03s
2026-10-02 05:14:04,520 [DEBUG] [TIME] 2607 info: 0.14s
2026-10-02 05:14:04,520 [DEBUG] yfinance OK: 2607
2026-10-02 05:14:04,674 [DEBUG] [TIME] 2607 income_stmt: 0.15s
2026-10-02 05:14:04,845 [DEBUG] [TIME] 2607 balance_sheet: 0.17s
2026-10-02 05:14:04,960 [DEBUG] [TIME] 2607 cashflow: 0.11s
2026-10-02 05:14:05,235 [DEBUG] [TIME] 2607 dividends: 0.27s
2026-10-02 05:14:05,236 [INFO] [DETAIL] 2607 不二製油: income_stmt=OK, balance_sheet=OK, cashflow=OK, dividends=OK
2026-10-02 05:14:05,236 [INFO] [TIME] 2607 不二製油 処理時間: 0.86s
2026-10-02 05:14:07,014 [DEBUG] [TIME] 2612 info: 0.15s
2026-10-02 05:14:07,014 [DEBUG] yfinance OK: 2612
2026-10-02 05:14:07,189 [DEBUG] [TIME] 2612 income_stmt: 0.18s
2026-10-02 05:14:07,462 [DEBUG] [TIME] 2612 balance_sheet: 0.27s
2026-10-02 05:14:07,688 [DEBUG] [TIME] 2612 cashflow: 0.23s
2026-10-02 05:14:07,940 [DEBUG] [TIME] 2612 dividends: 0.25s
2026-10-02 05:14:07,941 [INFO] [DETAIL] 2612 かどや製油: income_stmt=OK, balance_sheet=OK, cashflow=OK, dividends=OK
2026-10-02 05:14:07,941 [INFO] [TIME] 2612 かどや製油 処理時間: 1.07s
2026-10-02 05:14:10,034 [DEBUG] [TIME] 2613 info: 0.15s
2026-10-02 05:14:10,034 [DEBUG] yfinance OK: 2613
2026-10-02 05:14:10,234 [DEBUG] [TIME] 2613 income_stmt: 0.20s
2026-10-02 05:14:10,370 [DEBUG] [TIME] 2613 balance_sheet: 0.13s
2026-10-02 05:14:10,495 [DEBUG] [TIME] 2613 cashflow: 0.12s
2026-10-02 05:14:10,794 [DEBUG] [TIME] 2613 dividends: 0.30s
2026-10-02 05:14:10,795 [INFO] [DETAIL] 2613 Ｊ－オイルミルズ: income_stmt=OK, balance_sheet=OK, cashflow=OK, dividends=OK
2026-10-02 05:14:10,795 [INFO] [TIME] 2613 Ｊ－オイルミルズ 処理時間: 0.91s
2026-10-02 05:14:12,033 [DEBUG] [TIME] 261A info: 0.19s
2026-10-02 05:14:12,033 [DEBUG] yfinance OK: 261A
2026-10-02 05:14:12,160 [DEBUG] [TIME] 261A income_stmt: 0.13s
2026-10-02 05:14:12,377 [DEBUG] [TIME] 261A balance_sheet: 0.22s
2026-10-02 05:14:12,558 [DEBUG] [TIME] 261A cashflow: 0.18s
2026-10-02 05:14:12,731 [DEBUG] [TIME] 261A dividends: 0.17s
2026-10-02 05:14:12,732 [INFO] [DETAIL] 261A 日水コン: income_stmt=OK, balance_sheet=OK, cashflow=OK, dividends=OK
2026-10-02 05:14:12,732 [INFO] [TIME] 261A 日水コン 処理時間: 0.89s
2026-10-02 05:14:14,827 [DEBUG] [TIME] 262A info: 0.20s
2026-10-02 05:14:14,827 [DEBUG] yfinance OK: 262A
2026-10-02 05:14:14,980 [DEBUG] [TIME] 262A income_stmt: 0.15s
2026-10-02 05:14:15,197 [DEBUG] [TIME] 262A balance_sheet: 0.22s
2026-10-02 05:14:15,384 [DEBUG] [TIME] 262A cashflow: 0.19s
2026-10-02 05:14:15,512 [DEBUG] [TIME] 262A dividends: 0.13s
2026-10-02 05:14:15,513 [INFO] [DETAIL] 262A インターメスティック: income_stmt=OK, balance_sheet=OK, cashflow=OK, dividends=OK
2026-10-02 05:14:15,513 [INFO] [TIME] 262A インターメスティック 処理時間: 0.88s
2026-10-02 05:14:16,999 [DEBUG] [TIME] 264A info: 0.26s
2026-10-02 05:14:17,000 [DEBUG] yfinance OK: 264A
2026-10-02 05:14:17,212 [DEBUG] [TIME] 264A income_stmt: 0.21s
2026-10-02 05:14:17,351 [DEBUG] [TIME] 264A balance_sheet: 0.14s
2026-10-02 05:14:17,565 [DEBUG] [TIME] 264A cashflow: 0.21s
2026-10-02 05:14:17,661 [DEBUG] [TIME] 264A dividends: 0.10s
2026-10-02 05:14:17,661 [INFO] [DETAIL] 264A Ｓｃｈｏｏ: income_stmt=OK, balance_sheet=OK, cashflow=OK, dividends=EMPTY
2026-10-02 05:14:17,661 [INFO] [TIME] 264A Ｓｃｈｏｏ 処理時間: 0.92s
2026-10-02 05:14:19,802 [DEBUG] [TIME] 2652 info: 0.20s
2026-10-02 05:14:19,802 [DEBUG] yfinance OK: 2652
2026-10-02 05:14:20,047 [DEBUG] [TIME] 2652 income_stmt: 0.24s
2026-10-02 05:14:20,230 [DEBUG] [TIME] 2652 balance_sheet: 0.18s
2026-10-02 05:14:20,364 [DEBUG] [TIME] 2652 cashflow: 0.13s
2026-10-02 05:14:20,678 [DEBUG] [TIME] 2652 dividends: 0.31s
2026-10-02 05:14:20,679 [INFO] [DETAIL] 2652 まんだらけ: income_stmt=OK, balance_sheet=OK, cashflow=OK, dividends=OK
2026-10-02 05:14:20,679 [INFO] [TIME] 2652 まんだらけ 処理時間: 1.07s
2026-10-02 05:14:22,257 [DEBUG] [TIME] 2653 info: 0.21s
2026-10-02 05:14:22,257 [DEBUG] yfinance OK: 2653
2026-10-02 05:14:22,439 [DEBUG] [TIME] 2653 income_stmt: 0.18s
2026-10-02 05:14:22,680 [DEBUG] [TIME] 2653 balance_sheet: 0.24s
2026-10-02 05:14:22,840 [DEBUG] [TIME] 2653 cashflow: 0.16s
2026-10-02 05:14:23,168 [DEBUG] [TIME] 2653 dividends: 0.33s
2026-10-02 05:14:23,169 [INFO] [DETAIL] 2653 イオン九州: income_stmt=OK, balance_sheet=OK, cashflow=OK, dividends=OK
2026-10-02 05:14:23,169 [INFO] [TIME] 2653 イオン九州 処理時間: 1.12s
2026-10-02 05:14:24,481 [DEBUG] [TIME] 2654 info: 0.15s
2026-10-02 05:14:24,481 [DEBUG] yfinance OK: 2654
2026-10-02 05:14:24,619 [DEBUG] [TIME] 2654 income_stmt: 0.14s
2026-10-02 05:14:24,766 [DEBUG] [TIME] 2654 balance_sheet: 0.15s
2026-10-02 05:14:25,066 [DEBUG] [TIME] 2654 cashflow: 0.30s
2026-10-02 05:14:25,414 [DEBUG] [TIME] 2654 dividends: 0.35s
2026-10-02 05:14:25,415 [INFO] [DETAIL] 2654 アスモ: income_stmt=OK, balance_sheet=OK, cashflow=OK, dividends=OK
2026-10-02 05:14:25,415 [INFO] [TIME] 2654 アスモ 処理時間: 1.08s
2026-10-02 05:14:26,915 [DEBUG] [TIME] 2656 info: 0.16s
2026-10-02 05:14:26,916 [DEBUG] yfinance OK: 2656
2026-10-02 05:14:27,151 [DEBUG] [TIME] 2656 income_stmt: 0.24s
2026-10-02 05:14:27,313 [DEBUG] [TIME] 2656 balance_sheet: 0.16s
2026-10-02 05:14:27,554 [DEBUG] [TIME] 2656 cashflow: 0.24s
2026-10-02 05:14:27,784 [DEBUG] [TIME] 2656 dividends: 0.23s
2026-10-02 05:14:27,785 [INFO] [DETAIL] 2656 ベクターホールディングス: income_stmt=OK, balance_sheet=OK, cashflow=OK, dividends=OK
2026-10-02 05:14:27,785 [INFO] [TIME] 2656 ベクターホールディングス 処理時間: 1.03s
2026-10-02 05:14:29,322 [DEBUG] [TIME] 2659 info: 0.18s
2026-10-02 05:14:29,322 [DEBUG] yfinance OK: 2659
2026-10-02 05:14:29,581 [DEBUG] [TIME] 2659 income_stmt: 0.26s
2026-10-02 05:14:29,839 [DEBUG] [TIME] 2659 balance_sheet: 0.26s
2026-10-02 05:14:29,953 [DEBUG] [TIME] 2659 cashflow: 0.11s
2026-10-02 05:14:30,336 [DEBUG] [TIME] 2659 dividends: 0.38s
2026-10-02 05:14:30,337 [INFO] [DETAIL] 2659 サンエー: income_stmt=OK, balance_sheet=OK, cashflow=OK, dividends=OK
2026-10-02 05:14:30,337 [INFO] [TIME] 2659 サンエー 処理時間: 1.20s
2026-10-02 05:14:32,212 [DEBUG] [TIME] 265A info: 0.14s
2026-10-02 05:14:32,212 [DEBUG] yfinance OK: 265A
2026-10-02 05:14:32,380 [DEBUG] [TIME] 265A income_stmt: 0.17s
2026-10-02 05:14:32,587 [DEBUG] [TIME] 265A balance_sheet: 0.21s
2026-10-02 05:14:32,805 [DEBUG] [TIME] 265A cashflow: 0.22s
2026-10-02 05:14:32,931 [DEBUG] [TIME] 265A dividends: 0.13s
2026-10-02 05:14:32,931 [INFO] [DETAIL] 265A Ｈｍｃｏｍｍ: income_stmt=OK, balance_sheet=OK, cashflow=OK, dividends=EMPTY
2026-10-02 05:14:32,931 [INFO] [TIME] 265A Ｈｍｃｏｍｍ 処理時間: 0.86s
2026-10-02 05:14:34,854 [DEBUG] [TIME] 2664 info: 0.21s
2026-10-02 05:14:34,854 [DEBUG] yfinance OK: 2664
2026-10-02 05:14:34,995 [DEBUG] [TIME] 2664 income_stmt: 0.14s
2026-10-02 05:14:35,221 [DEBUG] [TIME] 2664 balance_sheet: 0.23s
2026-10-02 05:14:35,359 [DEBUG] [TIME] 2664 cashflow: 0.14s
2026-10-02 05:14:35,651 [DEBUG] [TIME] 2664 dividends: 0.29s
2026-10-02 05:14:35,652 [INFO] [DETAIL] 2664 カワチ薬品: income_stmt=OK, balance_sheet=OK, cashflow=OK, dividends=OK
2026-10-02 05:14:35,652 [INFO] [TIME] 2664 カワチ薬品 処理時間: 1.01s
2026-10-02 05:14:37,450 [DEBUG] [TIME] 2666 info: 0.19s
2026-10-02 05:14:37,450 [DEBUG] yfinance OK: 2666
2026-10-02 05:14:37,606 [DEBUG] [TIME] 2666 income_stmt: 0.16s
2026-10-02 05:14:37,843 [DEBUG] [TIME] 2666 balance_sheet: 0.24s
2026-10-02 05:14:38,010 [DEBUG] [TIME] 2666 cashflow: 0.17s
2026-10-02 05:14:38,260 [DEBUG] [TIME] 2666 dividends: 0.25s
2026-10-02 05:14:38,261 [INFO] [DETAIL] 2666 オートウェーブ: income_stmt=OK, balance_sheet=OK, cashflow=OK, dividends=OK
2026-10-02 05:14:38,261 [INFO] [TIME] 2666 オートウェーブ 処理時間: 1.00s
2026-10-02 05:14:40,027 [DEBUG] [TIME] 2667 info: 0.15s
2026-10-02 05:14:40,027 [DEBUG] yfinance OK: 2667
2026-10-02 05:14:40,268 [DEBUG] [TIME] 2667 income_stmt: 0.24s
2026-10-02 05:14:40,504 [DEBUG] [TIME] 2667 balance_sheet: 0.24s
2026-10-02 05:14:40,660 [DEBUG] [TIME] 2667 cashflow: 0.15s
2026-10-02 05:14:40,845 [DEBUG] [TIME] 2667 dividends: 0.18s
2026-10-02 05:14:40,845 [INFO] [DETAIL] 2667 イメージ　ワン: income_stmt=OK, balance_sheet=OK, cashflow=OK, dividends=EMPTY
2026-10-02 05:14:40,845 [INFO] [TIME] 2667 イメージ　ワン 処理時間: 0.97s
2026-10-02 05:14:42,287 [DEBUG] [TIME] 2668 info: 0.16s
2026-10-02 05:14:42,287 [DEBUG] yfinance OK: 2668
2026-10-02 05:14:42,463 [DEBUG] [TIME] 2668 income_stmt: 0.18s
2026-10-02 05:14:42,740 [DEBUG] [TIME] 2668 balance_sheet: 0.28s
2026-10-02 05:14:42,896 [DEBUG] [TIME] 2668 cashflow: 0.15s
2026-10-02 05:14:43,193 [DEBUG] [TIME] 2668 dividends: 0.30s
2026-10-02 05:14:43,194 [INFO] [DETAIL] 2668 タビオ: income_stmt=OK, balance_sheet=OK, cashflow=OK, dividends=OK
2026-10-02 05:14:43,194 [INFO] [TIME] 2668 タビオ 処理時間: 1.06s
2026-10-02 05:14:44,523 [DEBUG] [TIME] 2669 info: 0.14s
2026-10-02 05:14:44,523 [DEBUG] yfinance OK: 2669
2026-10-02 05:14:44,636 [DEBUG] [TIME] 2669 income_stmt: 0.11s
2026-10-02 05:14:44,900 [DEBUG] [TIME] 2669 balance_sheet: 0.26s
2026-10-02 05:14:45,125 [DEBUG] [TIME] 2669 cashflow: 0.22s
2026-10-02 05:14:45,503 [DEBUG] [TIME] 2669 dividends: 0.38s
2026-10-02 05:14:45,504 [INFO] [DETAIL] 2669 カネ美食品: income_stmt=OK, balance_sheet=OK, cashflow=OK, dividends=OK
2026-10-02 05:14:45,504 [INFO] [TIME] 2669 カネ美食品 処理時間: 1.13s
2026-10-02 05:14:47,423 [DEBUG] [TIME] 2670 info: 0.20s
2026-10-02 05:14:47,423 [DEBUG] yfinance OK: 2670
2026-10-02 05:14:47,587 [DEBUG] [TIME] 2670 income_stmt: 0.16s
2026-10-02 05:14:47,766 [DEBUG] [TIME] 2670 balance_sheet: 0.18s
2026-10-02 05:14:47,910 [DEBUG] [TIME] 2670 cashflow: 0.14s
2026-10-02 05:14:48,225 [DEBUG] [TIME] 2670 dividends: 0.31s
2026-10-02 05:14:48,226 [INFO] [DETAIL] 2670 エービーシー・マート: income_stmt=OK, balance_sheet=OK, cashflow=OK, dividends=OK
2026-10-02 05:14:48,226 [INFO] [TIME] 2670 エービーシー・マート 処理時間: 1.00s
2026-10-02 05:14:49,624 [DEBUG] [TIME] 2673 info: 0.15s
2026-10-02 05:14:49,624 [DEBUG] yfinance OK: 2673
2026-10-02 05:14:49,805 [DEBUG] [TIME] 2673 income_stmt: 0.18s
2026-10-02 05:14:50,073 [DEBUG] [TIME] 2673 balance_sheet: 0.27s
2026-10-02 05:14:50,325 [DEBUG] [TIME] 2673 cashflow: 0.25s
2026-10-02 05:14:50,520 [DEBUG] [TIME] 2673 dividends: 0.19s
2026-10-02 05:14:50,520 [INFO] [DETAIL] 2673 夢みつけ隊: income_stmt=OK, balance_sheet=OK, cashflow=OK, dividends=EMPTY
2026-10-02 05:14:50,520 [INFO] [TIME] 2673 夢みつけ隊 処理時間: 1.05s
2026-10-02 05:14:52,377 [DEBUG] [TIME] 2674 info: 0.15s
2026-10-02 05:14:52,377 [DEBUG] yfinance OK: 2674
2026-10-02 05:14:52,526 [DEBUG] [TIME] 2674 income_stmt: 0.15s
2026-10-02 05:14:52,816 [DEBUG] [TIME] 2674 balance_sheet: 0.29s
2026-10-02 05:14:52,983 [DEBUG] [TIME] 2674 cashflow: 0.17s
2026-10-02 05:14:53,341 [DEBUG] [TIME] 2674 dividends: 0.36s
2026-10-02 05:14:53,342 [INFO] [DETAIL] 2674 ハードオフコーポレーション: income_stmt=OK, balance_sheet=OK, cashflow=OK, dividends=OK
2026-10-02 05:14:53,342 [INFO] [TIME] 2674 ハードオフコーポレーション 処理時間: 1.11s
2026-10-02 05:14:54,726 [DEBUG] [TIME] 2676 info: 0.14s
2026-10-02 05:14:54,726 [DEBUG] yfinance OK: 2676
2026-10-02 05:14:54,954 [DEBUG] [TIME] 2676 income_stmt: 0.23s
2026-10-02 05:14:55,187 [DEBUG] [TIME] 2676 balance_sheet: 0.23s
2026-10-02 05:14:55,361 [DEBUG] [TIME] 2676 cashflow: 0.17s
2026-10-02 05:14:55,611 [DEBUG] [TIME] 2676 dividends: 0.25s
2026-10-02 05:14:55,612 [INFO] [DETAIL] 2676 高千穂交易: income_stmt=OK, balance_sheet=OK, cashflow=OK, dividends=OK
2026-10-02 05:14:55,612 [INFO] [TIME] 2676 高千穂交易 処理時間: 1.03s
2026-10-02 05:14:57,409 [DEBUG] [TIME] 2678 info: 0.15s
2026-10-02 05:14:57,409 [DEBUG] yfinance OK: 2678
2026-10-02 05:14:57,577 [DEBUG] [TIME] 2678 income_stmt: 0.17s
2026-10-02 05:14:57,831 [DEBUG] [TIME] 2678 balance_sheet: 0.25s
2026-10-02 05:14:57,975 [DEBUG] [TIME] 2678 cashflow: 0.14s
2026-10-02 05:14:58,284 [DEBUG] [TIME] 2678 dividends: 0.31s
2026-10-02 05:14:58,285 [INFO] [DETAIL] 2678 アスクル: income_stmt=OK, balance_sheet=OK, cashflow=OK, dividends=OK
2026-10-02 05:14:58,285 [INFO] [TIME] 2678 アスクル 処理時間: 1.02s
2026-10-02 05:14:59,878 [DEBUG] [TIME] 2681 info: 0.16s
2026-10-02 05:14:59,878 [DEBUG] yfinance OK: 2681
2026-10-02 05:15:00,043 [DEBUG] [TIME] 2681 income_stmt: 0.16s
2026-10-02 05:15:00,323 [DEBUG] [TIME] 2681 balance_sheet: 0.28s
2026-10-02 05:15:00,561 [DEBUG] [TIME] 2681 cashflow: 0.24s
2026-10-02 05:15:00,867 [DEBUG] [TIME] 2681 dividends: 0.31s
2026-10-02 05:15:00,868 [INFO] [DETAIL] 2681 ゲオホールディングス: income_stmt=OK, balance_sheet=OK, cashflow=OK, dividends=OK
2026-10-02 05:15:00,868 [INFO] [TIME] 2681 ゲオホールディングス 処理時間: 1.15s
2026-10-02 05:15:02,357 [DEBUG] [TIME] 2683 info: 0.17s
2026-10-02 05:15:02,357 [DEBUG] yfinance OK: 2683
2026-10-02 05:15:02,557 [DEBUG] [TIME] 2683 income_stmt: 0.20s
2026-10-02 05:15:02,730 [DEBUG] [TIME] 2683 balance_sheet: 0.17s
2026-10-02 05:15:02,881 [DEBUG] [TIME] 2683 cashflow: 0.15s
2026-10-02 05:15:03,224 [DEBUG] [TIME] 2683 dividends: 0.34s
2026-10-02 05:15:03,225 [INFO] [DETAIL] 2683 魚喜: income_stmt=OK, balance_sheet=OK, cashflow=OK, dividends=OK
2026-10-02 05:15:03,226 [INFO] [TIME] 2683 魚喜 処理時間: 1.04s
2026-10-02 05:15:04,860 [DEBUG] [TIME] 2685 info: 0.15s
2026-10-02 05:15:04,860 [DEBUG] yfinance OK: 2685
2026-10-02 05:15:05,003 [DEBUG] [TIME] 2685 income_stmt: 0.14s
2026-10-02 05:15:05,222 [DEBUG] [TIME] 2685 balance_sheet: 0.22s
2026-10-02 05:15:05,442 [DEBUG] [TIME] 2685 cashflow: 0.22s
2026-10-02 05:15:05,737 [DEBUG] [TIME] 2685 dividends: 0.29s
2026-10-02 05:15:05,738 [INFO] [DETAIL] 2685 アンドエスティＨＤ: income_stmt=OK, balance_sheet=OK, cashflow=OK, dividends=OK
2026-10-02 05:15:05,738 [INFO] [TIME] 2685 アンドエスティＨＤ 処理時間: 1.03s
2026-10-02 05:15:07,457 [DEBUG] [TIME] 2686 info: 0.25s
2026-10-02 05:15:07,457 [WARNING] yfinance データなし: 2686
2026-10-02 05:15:07,458 [INFO] [TIME] 2686 ジーフット 処理時間: 0.25s
2026-10-02 05:15:09,232 [DEBUG] [TIME] 2687 info: 0.15s
2026-10-02 05:15:09,232 [DEBUG] yfinance OK: 2687
2026-10-02 05:15:09,352 [DEBUG] [TIME] 2687 income_stmt: 0.12s
2026-10-02 05:15:09,682 [DEBUG] [TIME] 2687 balance_sheet: 0.33s
2026-10-02 05:15:09,873 [DEBUG] [TIME] 2687 cashflow: 0.19s
2026-10-02 05:15:10,158 [DEBUG] [TIME] 2687 dividends: 0.28s
2026-10-02 05:15:10,159 [INFO] [DETAIL] 2687 シー・ヴイ・エス・ベイエリア: income_stmt=OK, balance_sheet=OK, cashflow=OK, dividends=OK
2026-10-02 05:15:10,159 [INFO] [TIME] 2687 シー・ヴイ・エス・ベイエリア 処理時間: 1.08s
2026-10-02 05:15:11,495 [DEBUG] [TIME] 2689 info: 0.15s
2026-10-02 05:15:11,495 [DEBUG] yfinance OK: 2689
2026-10-02 05:15:11,714 [DEBUG] [TIME] 2689 income_stmt: 0.22s
2026-10-02 05:15:11,881 [DEBUG] [TIME] 2689 balance_sheet: 0.17s
2026-10-02 05:15:12,004 [DEBUG] [TIME] 2689 cashflow: 0.12s
2026-10-02 05:15:12,299 [DEBUG] [TIME] 2689 dividends: 0.29s
2026-10-02 05:15:12,300 [INFO] [DETAIL] 2689 オルバヘルスケアホールディングス: income_stmt=OK, balance_sheet=OK, cashflow=OK, dividends=OK
2026-10-02 05:15:12,300 [INFO] [TIME] 2689 オルバヘルスケアホールディングス 処理時間: 0.95s
2026-10-02 05:15:13,991 [DEBUG] [TIME] 268A info: 0.19s
2026-10-02 05:15:13,991 [DEBUG] yfinance OK: 268A
2026-10-02 05:15:14,147 [DEBUG] [TIME] 268A income_stmt: 0.16s
2026-10-02 05:15:14,397 [DEBUG] [TIME] 268A balance_sheet: 0.25s
2026-10-02 05:15:14,558 [DEBUG] [TIME] 268A cashflow: 0.16s
2026-10-02 05:15:14,686 [DEBUG] [TIME] 268A dividends: 0.13s
2026-10-02 05:15:14,687 [INFO] [DETAIL] 268A リガク・ホールディングス: income_stmt=OK, balance_sheet=OK, cashflow=OK, dividends=OK
2026-10-02 05:15:14,687 [INFO] [TIME] 268A リガク・ホールディングス 処理時間: 0.89s
2026-10-02 05:15:16,518 [DEBUG] [TIME] 2693 info: 0.15s
2026-10-02 05:15:16,518 [DEBUG] yfinance OK: 2693
2026-10-02 05:15:16,685 [DEBUG] [TIME] 2693 income_stmt: 0.17s
2026-10-02 05:15:16,950 [DEBUG] [TIME] 2693 balance_sheet: 0.26s
2026-10-02 05:15:17,155 [DEBUG] [TIME] 2693 cashflow: 0.20s
2026-10-02 05:15:17,445 [DEBUG] [TIME] 2693 dividends: 0.29s
2026-10-02 05:15:17,446 [INFO] [DETAIL] 2693 ＹＫＴ: income_stmt=OK, balance_sheet=OK, cashflow=OK, dividends=OK
2026-10-02 05:15:17,447 [INFO] [TIME] 2693 ＹＫＴ 処理時間: 1.08s
2026-10-02 05:15:19,241 [DEBUG] [TIME] 2694 info: 0.16s
2026-10-02 05:15:19,241 [DEBUG] yfinance OK: 2694
2026-10-02 05:15:19,429 [DEBUG] [TIME] 2694 income_stmt: 0.19s
2026-10-02 05:15:19,667 [DEBUG] [TIME] 2694 balance_sheet: 0.24s
2026-10-02 05:15:19,801 [DEBUG] [TIME] 2694 cashflow: 0.13s
2026-10-02 05:15:20,079 [DEBUG] [TIME] 2694 dividends: 0.28s
2026-10-02 05:15:20,081 [INFO] [DETAIL] 2694 焼肉坂井ホールディングス: income_stmt=OK, balance_sheet=OK, cashflow=OK, dividends=OK
2026-10-02 05:15:20,081 [INFO] [TIME] 2694 焼肉坂井ホールディングス 処理時間: 1.00s
2026-10-02 05:15:21,330 [DEBUG] [TIME] 2695 info: 0.16s
2026-10-02 05:15:21,330 [DEBUG] yfinance OK: 2695
2026-10-02 05:15:21,518 [DEBUG] [TIME] 2695 income_stmt: 0.19s
2026-10-02 05:15:21,698 [DEBUG] [TIME] 2695 balance_sheet: 0.18s
2026-10-02 05:15:21,889 [DEBUG] [TIME] 2695 cashflow: 0.19s
2026-10-02 05:15:22,144 [DEBUG] [TIME] 2695 dividends: 0.25s
2026-10-02 05:15:22,145 [INFO] [DETAIL] 2695 くら寿司: income_stmt=OK, balance_sheet=OK, cashflow=OK, dividends=OK
2026-10-02 05:15:22,145 [INFO] [TIME] 2695 くら寿司 処理時間: 0.98s
2026-10-02 05:15:23,689 [DEBUG] [TIME] 2698 info: 0.20s
2026-10-02 05:15:23,690 [DEBUG] yfinance OK: 2698
2026-10-02 05:15:23,895 [DEBUG] [TIME] 2698 income_stmt: 0.21s
2026-10-02 05:15:24,171 [DEBUG] [TIME] 2698 balance_sheet: 0.28s
2026-10-02 05:15:24,384 [DEBUG] [TIME] 2698 cashflow: 0.21s
2026-10-02 05:15:24,667 [DEBUG] [TIME] 2698 dividends: 0.28s
2026-10-02 05:15:24,668 [INFO] [DETAIL] 2698 キャンドゥ: income_stmt=OK, balance_sheet=OK, cashflow=OK, dividends=OK
2026-10-02 05:15:24,668 [INFO] [TIME] 2698 キャンドゥ 処理時間: 1.18s
2026-10-02 05:15:26,690 [DEBUG] [TIME] 269A info: 0.16s
2026-10-02 05:15:26,690 [DEBUG] yfinance OK: 269A
2026-10-02 05:15:26,836 [DEBUG] [TIME] 269A income_stmt: 0.15s
2026-10-02 05:15:26,964 [DEBUG] [TIME] 269A balance_sheet: 0.13s
2026-10-02 05:15:27,062 [DEBUG] [TIME] 269A cashflow: 0.10s
2026-10-02 05:15:27,184 [DEBUG] [TIME] 269A dividends: 0.12s
2026-10-02 05:15:27,184 [INFO] [DETAIL] 269A Ｓａｐｅｅｔ: income_stmt=OK, balance_sheet=OK, cashflow=OK, dividends=EMPTY
2026-10-02 05:15:27,184 [INFO] [TIME] 269A Ｓａｐｅｅｔ 処理時間: 0.65s
2026-10-02 05:15:29,351 [DEBUG] [TIME] 2700 info: 0.17s
2026-10-02 05:15:29,352 [DEBUG] yfinance OK: 2700
2026-10-02 05:15:29,491 [DEBUG] [TIME] 2700 income_stmt: 0.14s
2026-10-02 05:15:29,641 [DEBUG] [TIME] 2700 balance_sheet: 0.15s
2026-10-02 05:15:29,868 [DEBUG] [TIME] 2700 cashflow: 0.23s
2026-10-02 05:15:30,235 [DEBUG] [TIME] 2700 dividends: 0.37s
2026-10-02 05:15:30,236 [INFO] [DETAIL] 2700 木徳神糧: income_stmt=OK, balance_sheet=OK, cashflow=OK, dividends=OK
2026-10-02 05:15:30,236 [INFO] [TIME] 2700 木徳神糧 処理時間: 1.05s
2026-10-02 05:15:32,413 [DEBUG] [TIME] 2702 info: 0.20s
2026-10-02 05:15:32,413 [DEBUG] yfinance OK: 2702
2026-10-02 05:15:32,601 [DEBUG] [TIME] 2702 income_stmt: 0.19s
2026-10-02 05:15:32,842 [DEBUG] [TIME] 2702 balance_sheet: 0.24s
2026-10-02 05:15:32,982 [DEBUG] [TIME] 2702 cashflow: 0.14s
2026-10-02 05:15:33,269 [DEBUG] [TIME] 2702 dividends: 0.29s
2026-10-02 05:15:33,270 [INFO] [DETAIL] 2702 日本マクドナルドホールディングス: income_stmt=OK, balance_sheet=OK, cashflow=OK, dividends=OK
2026-10-02 05:15:33,270 [INFO] [TIME] 2702 日本マクドナルドホールディングス 処理時間: 1.06s
2026-10-02 05:15:34,512 [DEBUG] [TIME] 2705 info: 0.15s
2026-10-02 05:15:34,512 [DEBUG] yfinance OK: 2705
2026-10-02 05:15:34,664 [DEBUG] [TIME] 2705 income_stmt: 0.15s
2026-10-02 05:15:34,833 [DEBUG] [TIME] 2705 balance_sheet: 0.17s
2026-10-02 05:15:35,062 [DEBUG] [TIME] 2705 cashflow: 0.23s
2026-10-02 05:15:35,343 [DEBUG] [TIME] 2705 dividends: 0.28s
2026-10-02 05:15:35,344 [INFO] [DETAIL] 2705 大戸屋ホールディングス: income_stmt=OK, balance_sheet=OK, cashflow=OK, dividends=OK
2026-10-02 05:15:35,345 [INFO] [TIME] 2705 大戸屋ホールディングス 処理時間: 0.99s
2026-10-02 05:15:36,879 [DEBUG] [TIME] 2708 info: 0.15s
2026-10-02 05:15:36,879 [DEBUG] yfinance OK: 2708
2026-10-02 05:15:37,039 [DEBUG] [TIME] 2708 income_stmt: 0.16s
2026-10-02 05:15:37,328 [DEBUG] [TIME] 2708 balance_sheet: 0.29s
2026-10-02 05:15:37,537 [DEBUG] [TIME] 2708 cashflow: 0.21s
2026-10-02 05:15:37,815 [DEBUG] [TIME] 2708 dividends: 0.28s
2026-10-02 05:15:37,816 [INFO] [DETAIL] 2708 久世: income_stmt=OK, balance_sheet=OK, cashflow=OK, dividends=OK
2026-10-02 05:15:37,816 [INFO] [TIME] 2708 久世 処理時間: 1.09s
2026-10-02 05:15:39,376 [DEBUG] [TIME] 2721 info: 0.21s
2026-10-02 05:15:39,376 [DEBUG] yfinance OK: 2721
2026-10-02 05:15:39,541 [DEBUG] [TIME] 2721 income_stmt: 0.16s
2026-10-02 05:15:39,782 [DEBUG] [TIME] 2721 balance_sheet: 0.24s
2026-10-02 05:15:39,908 [DEBUG] [TIME] 2721 cashflow: 0.13s
2026-10-02 05:15:40,116 [DEBUG] [TIME] 2721 dividends: 0.21s
2026-10-02 05:15:40,116 [INFO] [DETAIL] 2721 ジェイホールディングス: income_stmt=OK, balance_sheet=OK, cashflow=OK, dividends=EMPTY
2026-10-02 05:15:40,117 [INFO] [TIME] 2721 ジェイホールディングス 処理時間: 0.95s
2026-10-02 05:15:41,570 [DEBUG] [TIME] 2722 info: 0.19s
2026-10-02 05:15:41,570 [DEBUG] yfinance OK: 2722
2026-10-02 05:15:41,731 [DEBUG] [TIME] 2722 income_stmt: 0.16s
2026-10-02 05:15:41,886 [DEBUG] [TIME] 2722 balance_sheet: 0.15s
2026-10-02 05:15:42,143 [DEBUG] [TIME] 2722 cashflow: 0.26s
2026-10-02 05:15:42,417 [DEBUG] [TIME] 2722 dividends: 0.27s
2026-10-02 05:15:42,418 [INFO] [DETAIL] 2722 ＩＫホールディングス: income_stmt=OK, balance_sheet=OK, cashflow=OK, dividends=OK
2026-10-02 05:15:42,419 [INFO] [TIME] 2722 ＩＫホールディングス 処理時間: 1.04s
2026-10-02 05:15:44,151 [DEBUG] [TIME] 2726 info: 0.14s
2026-10-02 05:15:44,151 [DEBUG] yfinance OK: 2726
2026-10-02 05:15:44,345 [DEBUG] [TIME] 2726 income_stmt: 0.19s
2026-10-02 05:15:44,637 [DEBUG] [TIME] 2726 balance_sheet: 0.29s
2026-10-02 05:15:44,807 [DEBUG] [TIME] 2726 cashflow: 0.17s
2026-10-02 05:15:45,110 [DEBUG] [TIME] 2726 dividends: 0.30s
2026-10-02 05:15:45,111 [INFO] [DETAIL] 2726 パルグループホールディングス: income_stmt=OK, balance_sheet=OK, cashflow=OK, dividends=OK
2026-10-02 05:15:45,111 [INFO] [TIME] 2726 パルグループホールディングス 処理時間: 1.10s
2026-10-02 05:15:46,923 [DEBUG] [TIME] 2730 info: 0.21s
2026-10-02 05:15:46,923 [DEBUG] yfinance OK: 2730
2026-10-02 05:15:47,115 [DEBUG] [TIME] 2730 income_stmt: 0.19s
2026-10-02 05:15:47,262 [DEBUG] [TIME] 2730 balance_sheet: 0.15s
2026-10-02 05:15:47,433 [DEBUG] [TIME] 2730 cashflow: 0.17s
2026-10-02 05:15:47,705 [DEBUG] [TIME] 2730 dividends: 0.27s
2026-10-02 05:15:47,706 [INFO] [DETAIL] 2730 エディオン: income_stmt=OK, balance_sheet=OK, cashflow=OK, dividends=OK
2026-10-02 05:15:47,706 [INFO] [TIME] 2730 エディオン 処理時間: 0.99s
2026-10-02 05:15:49,564 [DEBUG] [TIME] 2733 info: 0.15s
2026-10-02 05:15:49,564 [DEBUG] yfinance OK: 2733
2026-10-02 05:15:49,679 [DEBUG] [TIME] 2733 income_stmt: 0.12s
2026-10-02 05:15:49,866 [DEBUG] [TIME] 2733 balance_sheet: 0.19s
2026-10-02 05:15:50,051 [DEBUG] [TIME] 2733 cashflow: 0.18s
2026-10-02 05:15:50,268 [DEBUG] [TIME] 2733 dividends: 0.22s
2026-10-02 05:15:50,269 [INFO] [DETAIL] 2733 あらた: income_stmt=OK, balance_sheet=OK, cashflow=OK, dividends=OK
2026-10-02 05:15:50,269 [INFO] [TIME] 2733 あらた 処理時間: 0.86s
2026-10-02 05:15:51,694 [DEBUG] [TIME] 2734 info: 0.15s
2026-10-02 05:15:51,694 [DEBUG] yfinance OK: 2734
2026-10-02 05:15:51,856 [DEBUG] [TIME] 2734 income_stmt: 0.16s
2026-10-02 05:15:52,103 [DEBUG] [TIME] 2734 balance_sheet: 0.25s
2026-10-02 05:15:52,288 [DEBUG] [TIME] 2734 cashflow: 0.18s
2026-10-02 05:15:52,642 [DEBUG] [TIME] 2734 dividends: 0.35s
2026-10-02 05:15:52,643 [INFO] [DETAIL] 2734 サーラコーポレーション: income_stmt=OK, balance_sheet=OK, cashflow=OK, dividends=OK
2026-10-02 05:15:52,644 [INFO] [TIME] 2734 サーラコーポレーション 処理時間: 1.10s
2026-10-02 05:15:54,569 [DEBUG] [TIME] 2735 info: 0.26s
2026-10-02 05:15:54,569 [DEBUG] yfinance OK: 2735
2026-10-02 05:15:54,699 [DEBUG] [TIME] 2735 income_stmt: 0.13s
2026-10-02 05:15:54,908 [DEBUG] [TIME] 2735 balance_sheet: 0.21s
2026-10-02 05:15:55,035 [DEBUG] [TIME] 2735 cashflow: 0.13s
2026-10-02 05:15:55,324 [DEBUG] [TIME] 2735 dividends: 0.29s
2026-10-02 05:15:55,325 [INFO] [DETAIL] 2735 ワッツ: income_stmt=OK, balance_sheet=OK, cashflow=OK, dividends=OK
2026-10-02 05:15:55,325 [INFO] [TIME] 2735 ワッツ 処理時間: 1.01s
2026-10-02 05:15:56,782 [DEBUG] [TIME] 2736 info: 0.15s
2026-10-02 05:15:56,782 [DEBUG] yfinance OK: 2736
2026-10-02 05:15:56,903 [DEBUG] [TIME] 2736 income_stmt: 0.12s
2026-10-02 05:15:57,078 [DEBUG] [TIME] 2736 balance_sheet: 0.17s
2026-10-02 05:15:57,270 [DEBUG] [TIME] 2736 cashflow: 0.19s
2026-10-02 05:15:57,631 [DEBUG] [TIME] 2736 dividends: 0.36s
2026-10-02 05:15:57,632 [INFO] [DETAIL] 2736 フェスタリアホールディングス: income_stmt=OK, balance_sheet=OK, cashflow=OK, dividends=OK
2026-10-02 05:15:57,632 [INFO] [TIME] 2736 フェスタリアホールディングス 処理時間: 1.00s
2026-10-02 05:15:59,252 [DEBUG] [TIME] 2737 info: 0.19s
2026-10-02 05:15:59,252 [DEBUG] yfinance OK: 2737
2026-10-02 05:15:59,437 [DEBUG] [TIME] 2737 income_stmt: 0.19s
2026-10-02 05:15:59,646 [DEBUG] [TIME] 2737 balance_sheet: 0.21s
2026-10-02 05:15:59,891 [DEBUG] [TIME] 2737 cashflow: 0.24s
2026-10-02 05:16:00,146 [DEBUG] [TIME] 2737 dividends: 0.26s
2026-10-02 05:16:00,147 [INFO] [DETAIL] 2737 トーメンデバイス: income_stmt=OK, balance_sheet=OK, cashflow=OK, dividends=OK
2026-10-02 05:16:00,148 [INFO] [TIME] 2737 トーメンデバイス 処理時間: 1.08s
2026-10-02 05:16:02,096 [DEBUG] [TIME] 2742 info: 0.20s
2026-10-02 05:16:02,096 [DEBUG] yfinance OK: 2742
2026-10-02 05:16:02,280 [DEBUG] [TIME] 2742 income_stmt: 0.18s
2026-10-02 05:16:02,501 [DEBUG] [TIME] 2742 balance_sheet: 0.22s
2026-10-02 05:16:02,647 [DEBUG] [TIME] 2742 cashflow: 0.14s
2026-10-02 05:16:02,919 [DEBUG] [TIME] 2742 dividends: 0.27s
2026-10-02 05:16:02,920 [INFO] [DETAIL] 2742 ハローズ: income_stmt=OK, balance_sheet=OK, cashflow=OK, dividends=OK
2026-10-02 05:16:02,920 [INFO] [TIME] 2742 ハローズ 処理時間: 1.02s
2026-10-02 05:16:04,339 [DEBUG] [TIME] 2747 info: 0.14s
2026-10-02 05:16:04,339 [DEBUG] yfinance OK: 2747
2026-10-02 05:16:04,487 [DEBUG] [TIME] 2747 income_stmt: 0.15s
2026-10-02 05:16:04,730 [DEBUG] [TIME] 2747 balance_sheet: 0.24s
2026-10-02 05:16:04,894 [DEBUG] [TIME] 2747 cashflow: 0.16s
2026-10-02 05:16:05,245 [DEBUG] [TIME] 2747 dividends: 0.35s
2026-10-02 05:16:05,246 [INFO] [DETAIL] 2747 北雄ラッキー: income_stmt=OK, balance_sheet=OK, cashflow=OK, dividends=OK
2026-10-02 05:16:05,246 [INFO] [TIME] 2747 北雄ラッキー 処理時間: 1.05s
2026-10-02 05:16:06,933 [DEBUG] [TIME] 2749 info: 0.21s
2026-10-02 05:16:06,933 [DEBUG] yfinance OK: 2749
2026-10-02 05:16:07,131 [DEBUG] [TIME] 2749 income_stmt: 0.20s
2026-10-02 05:16:07,295 [DEBUG] [TIME] 2749 balance_sheet: 0.16s
2026-10-02 05:16:07,473 [DEBUG] [TIME] 2749 cashflow: 0.18s
2026-10-02 05:16:07,691 [DEBUG] [TIME] 2749 dividends: 0.22s
2026-10-02 05:16:07,692 [INFO] [DETAIL] 2749 ＪＰホールディングス: income_stmt=OK, balance_sheet=OK, cashflow=OK, dividends=OK
2026-10-02 05:16:07,692 [INFO] [TIME] 2749 ＪＰホールディングス 処理時間: 0.97s
2026-10-02 05:16:09,534 [DEBUG] [TIME] 274A info: 0.15s
2026-10-02 05:16:09,534 [DEBUG] yfinance OK: 274A
2026-10-02 05:16:09,637 [DEBUG] [TIME] 274A income_stmt: 0.10s
2026-10-02 05:16:09,829 [DEBUG] [TIME] 274A balance_sheet: 0.19s
2026-10-02 05:16:10,108 [DEBUG] [TIME] 274A cashflow: 0.28s
2026-10-02 05:16:10,250 [DEBUG] [TIME] 274A dividends: 0.14s
2026-10-02 05:16:10,251 [INFO] [DETAIL] 274A ガーデン: income_stmt=OK, balance_sheet=OK, cashflow=OK, dividends=OK
2026-10-02 05:16:10,251 [INFO] [TIME] 274A ガーデン 処理時間: 0.87s
2026-10-02 05:16:11,483 [DEBUG] [TIME] 2750 info: 0.15s
2026-10-02 05:16:11,483 [DEBUG] yfinance OK: 2750
2026-10-02 05:16:11,657 [DEBUG] [TIME] 2750 income_stmt: 0.17s
2026-10-02 05:16:11,795 [DEBUG] [TIME] 2750 balance_sheet: 0.14s
2026-10-02 05:16:11,942 [DEBUG] [TIME] 2750 cashflow: 0.15s
2026-10-02 05:16:12,280 [DEBUG] [TIME] 2750 dividends: 0.34s
2026-10-02 05:16:12,281 [INFO] [DETAIL] 2750 石光商事: income_stmt=OK, balance_sheet=OK, cashflow=OK, dividends=OK
2026-10-02 05:16:12,281 [INFO] [TIME] 2750 石光商事 処理時間: 0.95s
2026-10-02 05:16:13,666 [DEBUG] [TIME] 2751 info: 0.15s
2026-10-02 05:16:13,666 [DEBUG] yfinance OK: 2751
2026-10-02 05:16:13,811 [DEBUG] [TIME] 2751 income_stmt: 0.15s
2026-10-02 05:16:13,984 [DEBUG] [TIME] 2751 balance_sheet: 0.17s
2026-10-02 05:16:14,150 [DEBUG] [TIME] 2751 cashflow: 0.17s
2026-10-02 05:16:14,464 [DEBUG] [TIME] 2751 dividends: 0.31s
2026-10-02 05:16:14,465 [INFO] [DETAIL] 2751 テンポスホールディングス: income_stmt=OK, balance_sheet=OK, cashflow=OK, dividends=OK
2026-10-02 05:16:14,465 [INFO] [TIME] 2751 テンポスホールディングス 処理時間: 0.95s
2026-10-02 05:16:16,545 [DEBUG] [TIME] 2752 info: 0.15s
2026-10-02 05:16:16,545 [DEBUG] yfinance OK: 2752
2026-10-02 05:16:16,723 [DEBUG] [TIME] 2752 income_stmt: 0.18s
2026-10-02 05:16:16,887 [DEBUG] [TIME] 2752 balance_sheet: 0.16s
2026-10-02 05:16:17,051 [DEBUG] [TIME] 2752 cashflow: 0.16s
2026-10-02 05:16:17,309 [DEBUG] [TIME] 2752 dividends: 0.26s
2026-10-02 05:16:17,310 [INFO] [DETAIL] 2752 フジオフードグループ本社: income_stmt=OK, balance_sheet=OK, cashflow=OK, dividends=OK
2026-10-02 05:16:17,310 [INFO] [TIME] 2752 フジオフードグループ本社 処理時間: 0.92s
2026-10-02 05:16:19,247 [DEBUG] [TIME] 2753 info: 0.15s
2026-10-02 05:16:19,247 [DEBUG] yfinance OK: 2753
2026-10-02 05:16:19,436 [DEBUG] [TIME] 2753 income_stmt: 0.19s
2026-10-02 05:16:19,640 [DEBUG] [TIME] 2753 balance_sheet: 0.20s
2026-10-02 05:16:19,846 [DEBUG] [TIME] 2753 cashflow: 0.21s
2026-10-02 05:16:20,196 [DEBUG] [TIME] 2753 dividends: 0.35s
2026-10-02 05:16:20,197 [INFO] [DETAIL] 2753 あみやき亭: income_stmt=OK, balance_sheet=OK, cashflow=OK, dividends=OK
2026-10-02 05:16:20,197 [INFO] [TIME] 2753 あみやき亭 処理時間: 1.10s
2026-10-02 05:16:21,463 [DEBUG] [TIME] 2760 info: 0.15s
2026-10-02 05:16:21,463 [DEBUG] yfinance OK: 2760
2026-10-02 05:16:21,658 [DEBUG] [TIME] 2760 income_stmt: 0.19s
2026-10-02 05:16:21,875 [DEBUG] [TIME] 2760 balance_sheet: 0.22s
2026-10-02 05:16:22,034 [DEBUG] [TIME] 2760 cashflow: 0.16s
2026-10-02 05:16:22,372 [DEBUG] [TIME] 2760 dividends: 0.34s
2026-10-02 05:16:22,373 [INFO] [DETAIL] 2760 東京エレクトロン　デバイス: income_stmt=OK, balance_sheet=OK, cashflow=OK, dividends=OK
2026-10-02 05:16:22,373 [INFO] [TIME] 2760 東京エレクトロン　デバイス 処理時間: 1.07s
2026-10-02 05:16:24,367 [DEBUG] [TIME] 2762 info: 0.14s
2026-10-02 05:16:24,367 [DEBUG] yfinance OK: 2762
2026-10-02 05:16:24,522 [DEBUG] [TIME] 2762 income_stmt: 0.16s
2026-10-02 05:16:24,757 [DEBUG] [TIME] 2762 balance_sheet: 0.23s
2026-10-02 05:16:24,905 [DEBUG] [TIME] 2762 cashflow: 0.15s
2026-10-02 05:16:25,205 [DEBUG] [TIME] 2762 dividends: 0.30s
2026-10-02 05:16:25,206 [INFO] [DETAIL] 2762 ＳＡＮＫＯ　ＭＡＲＫＥＴＩＮＧ　ＦＯＯＤＳ: income_stmt=OK, balance_sheet=OK, cashflow=OK, dividends=OK
2026-10-02 05:16:25,206 [INFO] [TIME] 2762 ＳＡＮＫＯ　ＭＡＲＫＥＴＩＮＧ　ＦＯＯＤＳ 処理時間: 0.98s
2026-10-02 05:16:27,051 [DEBUG] [TIME] 2763 info: 0.30s
2026-10-02 05:16:27,051 [WARNING] yfinance データなし: 2763
2026-10-02 05:16:27,051 [INFO] [TIME] 2763 エフティグループ 処理時間: 0.30s
2026-10-02 05:16:28,707 [DEBUG] [TIME] 2764 info: 0.15s
2026-10-02 05:16:28,707 [DEBUG] yfinance OK: 2764
2026-10-02 05:16:28,913 [DEBUG] [TIME] 2764 income_stmt: 0.21s
2026-10-02 05:16:29,151 [DEBUG] [TIME] 2764 balance_sheet: 0.24s
2026-10-02 05:16:29,292 [DEBUG] [TIME] 2764 cashflow: 0.14s
2026-10-02 05:16:29,591 [DEBUG] [TIME] 2764 dividends: 0.30s
2026-10-02 05:16:29,592 [INFO] [DETAIL] 2764 ひらまつ: income_stmt=OK, balance_sheet=OK, cashflow=OK, dividends=OK
2026-10-02 05:16:29,592 [INFO] [TIME] 2764 ひらまつ 処理時間: 1.03s
2026-10-02 05:16:31,015 [DEBUG] [TIME] 2767 info: 0.20s
2026-10-02 05:16:31,015 [DEBUG] yfinance OK: 2767
2026-10-02 05:16:31,217 [DEBUG] [TIME] 2767 income_stmt: 0.20s
2026-10-02 05:16:31,409 [DEBUG] [TIME] 2767 balance_sheet: 0.19s
2026-10-02 05:16:31,598 [DEBUG] [TIME] 2767 cashflow: 0.19s
2026-10-02 05:16:31,946 [DEBUG] [TIME] 2767 dividends: 0.35s
2026-10-02 05:16:31,947 [INFO] [DETAIL] 2767 円谷フィールズホールディングス: income_stmt=OK, balance_sheet=OK, cashflow=OK, dividends=OK
2026-10-02 05:16:31,947 [INFO] [TIME] 2767 円谷フィールズホールディングス 処理時間: 1.13s
2026-10-02 05:16:33,423 [DEBUG] [TIME] 2768 info: 0.16s
2026-10-02 05:16:33,423 [DEBUG] yfinance OK: 2768
2026-10-02 05:16:33,559 [DEBUG] [TIME] 2768 income_stmt: 0.14s
2026-10-02 05:16:33,868 [DEBUG] [TIME] 2768 balance_sheet: 0.31s
2026-10-02 05:16:34,070 [DEBUG] [TIME] 2768 cashflow: 0.20s
2026-10-02 05:16:34,329 [DEBUG] [TIME] 2768 dividends: 0.26s
2026-10-02 05:16:34,330 [INFO] [DETAIL] 2768 双日: income_stmt=OK, balance_sheet=OK, cashflow=OK, dividends=OK
2026-10-02 05:16:34,330 [INFO] [TIME] 2768 双日 処理時間: 1.07s
2026-10-02 05:16:35,643 [DEBUG] [TIME] 2769 info: 0.15s
2026-10-02 05:16:35,643 [DEBUG] yfinance OK: 2769
2026-10-02 05:16:35,821 [DEBUG] [TIME] 2769 income_stmt: 0.18s
2026-10-02 05:16:36,068 [DEBUG] [TIME] 2769 balance_sheet: 0.25s
2026-10-02 05:16:36,277 [DEBUG] [TIME] 2769 cashflow: 0.21s
2026-10-02 05:16:36,522 [DEBUG] [TIME] 2769 dividends: 0.24s
2026-10-02 05:16:36,523 [INFO] [DETAIL] 2769 ヴィレッジヴァンガードコーポレーション: income_stmt=OK, balance_sheet=OK, cashflow=OK, dividends=OK
2026-10-02 05:16:36,523 [INFO] [TIME] 2769 ヴィレッジヴァンガードコーポレーション 処理時間: 1.03s
2026-10-02 05:16:38,588 [DEBUG] [TIME] 276A info: 0.14s
2026-10-02 05:16:38,588 [DEBUG] yfinance OK: 276A
2026-10-02 05:16:38,768 [DEBUG] [TIME] 276A income_stmt: 0.18s
2026-10-02 05:16:38,993 [DEBUG] [TIME] 276A balance_sheet: 0.22s
2026-10-02 05:16:39,207 [DEBUG] [TIME] 276A cashflow: 0.21s
2026-10-02 05:16:39,335 [DEBUG] [TIME] 276A dividends: 0.13s
2026-10-02 05:16:39,336 [INFO] [DETAIL] 276A ククレブ・アドバイザーズ: income_stmt=OK, balance_sheet=OK, cashflow=OK, dividends=OK
2026-10-02 05:16:39,336 [INFO] [TIME] 276A ククレブ・アドバイザーズ 処理時間: 0.89s
2026-10-02 05:16:40,628 [DEBUG] [TIME] 2776 info: 0.20s
2026-10-02 05:16:40,628 [DEBUG] yfinance OK: 2776
2026-10-02 05:16:40,820 [DEBUG] [TIME] 2776 income_stmt: 0.19s
2026-10-02 05:16:41,042 [DEBUG] [TIME] 2776 balance_sheet: 0.22s
2026-10-02 05:16:41,231 [DEBUG] [TIME] 2776 cashflow: 0.19s
2026-10-02 05:16:41,436 [DEBUG] [TIME] 2776 dividends: 0.20s
2026-10-02 05:16:41,436 [INFO] [DETAIL] 2776 新都ホールディングス: income_stmt=OK, balance_sheet=OK, cashflow=OK, dividends=EMPTY
2026-10-02 05:16:41,436 [INFO] [TIME] 2776 新都ホールディングス 処理時間: 1.01s
2026-10-02 05:16:42,910 [DEBUG] [TIME] 2778 info: 0.16s
2026-10-02 05:16:42,910 [DEBUG] yfinance OK: 2778
2026-10-02 05:16:43,077 [DEBUG] [TIME] 2778 income_stmt: 0.17s
2026-10-02 05:16:43,259 [DEBUG] [TIME] 2778 balance_sheet: 0.18s
2026-10-02 05:16:43,452 [DEBUG] [TIME] 2778 cashflow: 0.19s
2026-10-02 05:16:43,669 [DEBUG] [TIME] 2778 dividends: 0.22s
2026-10-02 05:16:43,670 [INFO] [DETAIL] 2778 パレモ・ホールディングス: income_stmt=OK, balance_sheet=OK, cashflow=OK, dividends=OK
2026-10-02 05:16:43,670 [INFO] [TIME] 2778 パレモ・ホールディングス 処理時間: 0.92s
2026-10-02 05:16:45,119 [DEBUG] [TIME] 277A info: 0.18s
2026-10-02 05:16:45,119 [DEBUG] yfinance OK: 277A
2026-10-02 05:16:45,279 [DEBUG] [TIME] 277A income_stmt: 0.16s
2026-10-02 05:16:45,440 [DEBUG] [TIME] 277A balance_sheet: 0.16s
2026-10-02 05:16:45,652 [DEBUG] [TIME] 277A cashflow: 0.21s
2026-10-02 05:16:45,786 [DEBUG] [TIME] 277A dividends: 0.13s
2026-10-02 05:16:45,786 [INFO] [DETAIL] 277A グロービング: income_stmt=OK, balance_sheet=OK, cashflow=OK, dividends=OK
2026-10-02 05:16:45,787 [INFO] [TIME] 277A グロービング 処理時間: 0.84s
2026-10-02 05:16:47,505 [DEBUG] [TIME] 2780 info: 0.20s
2026-10-02 05:16:47,505 [DEBUG] yfinance OK: 2780
2026-10-02 05:16:47,677 [DEBUG] [TIME] 2780 income_stmt: 0.17s
2026-10-02 05:16:47,889 [DEBUG] [TIME] 2780 balance_sheet: 0.21s
2026-10-02 05:16:48,063 [DEBUG] [TIME] 2780 cashflow: 0.17s
2026-10-02 05:16:48,322 [DEBUG] [TIME] 2780 dividends: 0.26s
2026-10-02 05:16:48,323 [INFO] [DETAIL] 2780 コメ兵ホールディングス: income_stmt=OK, balance_sheet=OK, cashflow=OK, dividends=OK
2026-10-02 05:16:48,323 [INFO] [TIME] 2780 コメ兵ホールディングス 処理時間: 1.02s
2026-10-02 05:16:49,898 [DEBUG] [TIME] 2782 info: 0.15s
2026-10-02 05:16:49,898 [DEBUG] yfinance OK: 2782
2026-10-02 05:16:50,161 [DEBUG] [TIME] 2782 income_stmt: 0.26s
2026-10-02 05:16:50,366 [DEBUG] [TIME] 2782 balance_sheet: 0.20s
2026-10-02 05:16:50,517 [DEBUG] [TIME] 2782 cashflow: 0.15s
2026-10-02 05:16:50,829 [DEBUG] [TIME] 2782 dividends: 0.31s
2026-10-02 05:16:50,830 [INFO] [DETAIL] 2782 セリア: income_stmt=OK, balance_sheet=OK, cashflow=OK, dividends=OK
2026-10-02 05:16:50,830 [INFO] [TIME] 2782 セリア 処理時間: 1.08s
2026-10-02 05:16:52,620 [DEBUG] [TIME] 2784 info: 0.17s
2026-10-02 05:16:52,620 [DEBUG] yfinance OK: 2784
2026-10-02 05:16:52,773 [DEBUG] [TIME] 2784 income_stmt: 0.15s
2026-10-02 05:16:52,922 [DEBUG] [TIME] 2784 balance_sheet: 0.15s
2026-10-02 05:16:53,082 [DEBUG] [TIME] 2784 cashflow: 0.16s
2026-10-02 05:16:53,368 [DEBUG] [TIME] 2784 dividends: 0.29s
2026-10-02 05:16:53,369 [INFO] [DETAIL] 2784 アルフレッサ　ホールディングス: income_stmt=OK, balance_sheet=OK, cashflow=OK, dividends=OK
2026-10-02 05:16:53,370 [INFO] [TIME] 2784 アルフレッサ　ホールディングス 処理時間: 0.92s
2026-10-02 05:16:55,194 [DEBUG] [TIME] 2788 info: 0.14s
2026-10-02 05:16:55,194 [DEBUG] yfinance OK: 2788
2026-10-02 05:16:55,405 [DEBUG] [TIME] 2788 income_stmt: 0.21s
2026-10-02 05:16:55,620 [DEBUG] [TIME] 2788 balance_sheet: 0.21s
2026-10-02 05:16:55,747 [DEBUG] [TIME] 2788 cashflow: 0.13s
2026-10-02 05:16:56,152 [DEBUG] [TIME] 2788 dividends: 0.40s
2026-10-02 05:16:56,153 [INFO] [DETAIL] 2788 アップルインターナショナル: income_stmt=OK, balance_sheet=OK, cashflow=OK, dividends=OK
2026-10-02 05:16:56,153 [INFO] [TIME] 2788 アップルインターナショナル 処理時間: 1.10s
2026-10-02 05:16:57,439 [DEBUG] [TIME] 2789 info: 0.24s
2026-10-02 05:16:57,439 [DEBUG] yfinance OK: 2789
2026-10-02 05:16:57,653 [DEBUG] [TIME] 2789 income_stmt: 0.21s
2026-10-02 05:16:57,931 [DEBUG] [TIME] 2789 balance_sheet: 0.28s
2026-10-02 05:16:58,198 [DEBUG] [TIME] 2789 cashflow: 0.27s
2026-10-02 05:16:58,575 [DEBUG] [TIME] 2789 dividends: 0.38s
2026-10-02 05:16:58,576 [INFO] [DETAIL] 2789 カルラ: income_stmt=OK, balance_sheet=OK, cashflow=OK, dividends=OK
2026-10-02 05:16:58,576 [INFO] [TIME] 2789 カルラ 処理時間: 1.38s
2026-10-02 05:17:00,126 [DEBUG] [TIME] 278A info: 0.19s
2026-10-02 05:17:00,126 [DEBUG] yfinance OK: 278A
2026-10-02 05:17:00,297 [DEBUG] [TIME] 278A income_stmt: 0.17s
2026-10-02 05:17:00,481 [DEBUG] [TIME] 278A balance_sheet: 0.18s
2026-10-02 05:17:00,615 [DEBUG] [TIME] 278A cashflow: 0.13s
2026-10-02 05:17:00,715 [DEBUG] [TIME] 278A dividends: 0.10s
2026-10-02 05:17:00,715 [INFO] [DETAIL] 278A Ｔｅｒｒａ　Ｄｒｏｎｅ: income_stmt=OK, balance_sheet=OK, cashflow=OK, dividends=EMPTY
2026-10-02 05:17:00,715 [INFO] [TIME] 278A Ｔｅｒｒａ　Ｄｒｏｎｅ 処理時間: 0.78s
2026-10-02 05:17:02,258 [DEBUG] [TIME] 2790 info: 0.20s
2026-10-02 05:17:02,258 [DEBUG] yfinance OK: 2790
2026-10-02 05:17:02,460 [DEBUG] [TIME] 2790 income_stmt: 0.20s
2026-10-02 05:17:02,643 [DEBUG] [TIME] 2790 balance_sheet: 0.18s
2026-10-02 05:17:02,820 [DEBUG] [TIME] 2790 cashflow: 0.18s
2026-10-02 05:17:03,113 [DEBUG] [TIME] 2790 dividends: 0.29s
2026-10-02 05:17:03,114 [INFO] [DETAIL] 2790 ナフコ: income_stmt=OK, balance_sheet=OK, cashflow=OK, dividends=OK
2026-10-02 05:17:03,114 [INFO] [TIME] 2790 ナフコ 処理時間: 1.06s
2026-10-02 05:17:04,674 [DEBUG] [TIME] 2791 info: 0.16s
2026-10-02 05:17:04,674 [DEBUG] yfinance OK: 2791
2026-10-02 05:17:04,876 [DEBUG] [TIME] 2791 income_stmt: 0.20s
2026-10-02 05:17:05,072 [DEBUG] [TIME] 2791 balance_sheet: 0.20s
2026-10-02 05:17:05,231 [DEBUG] [TIME] 2791 cashflow: 0.16s
2026-10-02 05:17:05,505 [DEBUG] [TIME] 2791 dividends: 0.27s
2026-10-02 05:17:05,506 [INFO] [DETAIL] 2791 大黒天物産: income_stmt=OK, balance_sheet=OK, cashflow=OK, dividends=OK
2026-10-02 05:17:05,506 [INFO] [TIME] 2791 大黒天物産 処理時間: 0.99s
2026-10-02 05:17:07,697 [DEBUG] [TIME] 2792 info: 0.19s
2026-10-02 05:17:07,697 [DEBUG] yfinance OK: 2792
2026-10-02 05:17:07,840 [DEBUG] [TIME] 2792 income_stmt: 0.14s
2026-10-02 05:17:07,965 [DEBUG] [TIME] 2792 balance_sheet: 0.12s
2026-10-02 05:17:08,093 [DEBUG] [TIME] 2792 cashflow: 0.13s
2026-10-02 05:17:08,365 [DEBUG] [TIME] 2792 dividends: 0.27s
2026-10-02 05:17:08,366 [INFO] [DETAIL] 2792 ハニーズホールディングス: income_stmt=OK, balance_sheet=OK, cashflow=OK, dividends=OK
2026-10-02 05:17:08,366 [INFO] [TIME] 2792 ハニーズホールディングス 処理時間: 0.86s
2026-10-02 05:17:10,014 [DEBUG] [TIME] 2795 info: 0.16s
2026-10-02 05:17:10,015 [DEBUG] yfinance OK: 2795
2026-10-02 05:17:10,190 [DEBUG] [TIME] 2795 income_stmt: 0.18s
2026-10-02 05:17:10,416 [DEBUG] [TIME] 2795 balance_sheet: 0.22s
2026-10-02 05:17:10,660 [DEBUG] [TIME] 2795 cashflow: 0.24s
2026-10-02 05:17:10,903 [DEBUG] [TIME] 2795 dividends: 0.24s
2026-10-02 05:17:10,904 [INFO] [DETAIL] 2795 日本プリメックス: income_stmt=OK, balance_sheet=OK, cashflow=OK, dividends=OK
2026-10-02 05:17:10,904 [INFO] [TIME] 2795 日本プリメックス 処理時間: 1.05s
2026-10-02 05:17:12,566 [DEBUG] [TIME] 2796 info: 0.15s
2026-10-02 05:17:12,566 [DEBUG] yfinance OK: 2796
2026-10-02 05:17:12,784 [DEBUG] [TIME] 2796 income_stmt: 0.22s
2026-10-02 05:17:13,070 [DEBUG] [TIME] 2796 balance_sheet: 0.29s
2026-10-02 05:17:13,188 [DEBUG] [TIME] 2796 cashflow: 0.12s
2026-10-02 05:17:13,416 [DEBUG] [TIME] 2796 dividends: 0.23s
2026-10-02 05:17:13,417 [INFO] [DETAIL] 2796 ファーマライズホールディングス: income_stmt=OK, balance_sheet=OK, cashflow=OK, dividends=OK
2026-10-02 05:17:13,417 [INFO] [TIME] 2796 ファーマライズホールディングス 処理時間: 1.00s
2026-10-02 05:17:15,439 [DEBUG] [TIME] 2798 info: 0.15s
2026-10-02 05:17:15,439 [DEBUG] yfinance OK: 2798
2026-10-02 05:17:15,635 [DEBUG] [TIME] 2798 income_stmt: 0.20s
2026-10-02 05:17:15,912 [DEBUG] [TIME] 2798 balance_sheet: 0.28s
2026-10-02 05:17:16,065 [DEBUG] [TIME] 2798 cashflow: 0.15s
2026-10-02 05:17:16,267 [DEBUG] [TIME] 2798 dividends: 0.20s
2026-10-02 05:17:16,267 [INFO] [DETAIL] 2798 ワイズテーブルコーポレーション: income_stmt=OK, balance_sheet=OK, cashflow=OK, dividends=EMPTY
2026-10-02 05:17:16,267 [INFO] [TIME] 2798 ワイズテーブルコーポレーション 処理時間: 0.98s
2026-10-02 05:17:18,035 [DEBUG] [TIME] 2801 info: 0.15s
2026-10-02 05:17:18,035 [DEBUG] yfinance OK: 2801
2026-10-02 05:17:18,248 [DEBUG] [TIME] 2801 income_stmt: 0.21s
2026-10-02 05:17:18,514 [DEBUG] [TIME] 2801 balance_sheet: 0.27s
2026-10-02 05:17:18,717 [DEBUG] [TIME] 2801 cashflow: 0.20s
2026-10-02 05:17:19,081 [DEBUG] [TIME] 2801 dividends: 0.36s
2026-10-02 05:17:19,082 [INFO] [DETAIL] 2801 キッコーマン: income_stmt=OK, balance_sheet=OK, cashflow=OK, dividends=OK
2026-10-02 05:17:19,082 [INFO] [TIME] 2801 キッコーマン 処理時間: 1.20s
2026-10-02 05:17:20,334 [DEBUG] [TIME] 2802 info: 0.15s
2026-10-02 05:17:20,335 [DEBUG] yfinance OK: 2802
2026-10-02 05:17:20,537 [DEBUG] [TIME] 2802 income_stmt: 0.20s
2026-10-02 05:17:20,703 [DEBUG] [TIME] 2802 balance_sheet: 0.17s
2026-10-02 05:17:20,954 [DEBUG] [TIME] 2802 cashflow: 0.25s
2026-10-02 05:17:21,208 [DEBUG] [TIME] 2802 dividends: 0.25s
2026-10-02 05:17:21,210 [INFO] [DETAIL] 2802 味の素: income_stmt=OK, balance_sheet=OK, cashflow=OK, dividends=OK
2026-10-02 05:17:21,210 [INFO] [TIME] 2802 味の素 処理時間: 1.02s
2026-10-02 05:17:23,170 [DEBUG] [TIME] 2804 info: 0.19s
2026-10-02 05:17:23,170 [DEBUG] yfinance OK: 2804
2026-10-02 05:17:23,311 [DEBUG] [TIME] 2804 income_stmt: 0.14s
2026-10-02 05:17:23,515 [DEBUG] [TIME] 2804 balance_sheet: 0.20s
2026-10-02 05:17:23,784 [DEBUG] [TIME] 2804 cashflow: 0.27s
2026-10-02 05:17:24,105 [DEBUG] [TIME] 2804 dividends: 0.32s
2026-10-02 05:17:24,107 [INFO] [DETAIL] 2804 ブルドックソース: income_stmt=OK, balance_sheet=OK, cashflow=OK, dividends=OK
2026-10-02 05:17:24,107 [INFO] [TIME] 2804 ブルドックソース 処理時間: 1.13s
2026-10-02 05:17:25,401 [DEBUG] [TIME] 2805 info: 0.20s
2026-10-02 05:17:25,401 [DEBUG] yfinance OK: 2805
2026-10-02 05:17:25,516 [DEBUG] [TIME] 2805 income_stmt: 0.11s
2026-10-02 05:17:25,734 [DEBUG] [TIME] 2805 balance_sheet: 0.22s
2026-10-02 05:17:25,950 [DEBUG] [TIME] 2805 cashflow: 0.22s
2026-10-02 05:17:26,293 [DEBUG] [TIME] 2805 dividends: 0.34s
2026-10-02 05:17:26,294 [INFO] [DETAIL] 2805 ヱスビー食品: income_stmt=OK, balance_sheet=OK, cashflow=OK, dividends=OK
2026-10-02 05:17:26,294 [INFO] [TIME] 2805 ヱスビー食品 処理時間: 1.09s
2026-10-02 05:17:27,789 [DEBUG] [TIME] 2806 info: 0.19s
2026-10-02 05:17:27,790 [DEBUG] yfinance OK: 2806
2026-10-02 05:17:28,046 [DEBUG] [TIME] 2806 income_stmt: 0.26s
2026-10-02 05:17:28,268 [DEBUG] [TIME] 2806 balance_sheet: 0.22s
2026-10-02 05:17:28,450 [DEBUG] [TIME] 2806 cashflow: 0.18s
2026-10-02 05:17:28,737 [DEBUG] [TIME] 2806 dividends: 0.29s
2026-10-02 05:17:28,738 [INFO] [DETAIL] 2806 ユタカフーズ: income_stmt=OK, balance_sheet=OK, cashflow=OK, dividends=OK
2026-10-02 05:17:28,739 [INFO] [TIME] 2806 ユタカフーズ 処理時間: 1.14s
2026-10-02 05:17:30,665 [DEBUG] [TIME] 2809 info: 0.14s
2026-10-02 05:17:30,665 [DEBUG] yfinance OK: 2809
2026-10-02 05:17:30,846 [DEBUG] [TIME] 2809 income_stmt: 0.18s
2026-10-02 05:17:31,084 [DEBUG] [TIME] 2809 balance_sheet: 0.24s
2026-10-02 05:17:31,333 [DEBUG] [TIME] 2809 cashflow: 0.25s
2026-10-02 05:17:31,974 [DEBUG] [TIME] 2809 dividends: 0.64s
2026-10-02 05:17:31,975 [INFO] [DETAIL] 2809 キユーピー: income_stmt=OK, balance_sheet=OK, cashflow=OK, dividends=OK
2026-10-02 05:17:31,975 [INFO] [TIME] 2809 キユーピー 処理時間: 1.45s
2026-10-02 05:17:34,061 [DEBUG] [TIME] 280A info: 0.38s
2026-10-02 05:17:34,061 [DEBUG] yfinance OK: 280A
2026-10-02 05:17:34,332 [DEBUG] [TIME] 280A income_stmt: 0.27s
2026-10-02 05:17:34,510 [DEBUG] [TIME] 280A balance_sheet: 0.18s
2026-10-02 05:17:34,726 [DEBUG] [TIME] 280A cashflow: 0.21s
2026-10-02 05:17:34,820 [DEBUG] [TIME] 280A dividends: 0.09s
2026-10-02 05:17:34,820 [INFO] [DETAIL] 280A ＴＭＨ: income_stmt=OK, balance_sheet=OK, cashflow=OK, dividends=EMPTY
2026-10-02 05:17:34,820 [INFO] [TIME] 280A ＴＭＨ 処理時間: 1.14s
2026-10-02 05:17:36,678 [DEBUG] [TIME] 2810 info: 0.18s
2026-10-02 05:17:36,678 [DEBUG] yfinance OK: 2810
2026-10-02 05:17:36,854 [DEBUG] [TIME] 2810 income_stmt: 0.18s
2026-10-02 05:17:37,143 [DEBUG] [TIME] 2810 balance_sheet: 0.29s
2026-10-02 05:17:37,375 [DEBUG] [TIME] 2810 cashflow: 0.23s
2026-10-02 05:17:37,693 [DEBUG] [TIME] 2810 dividends: 0.32s
2026-10-02 05:17:37,694 [INFO] [DETAIL] 2810 ハウス食品グループ本社: income_stmt=OK, balance_sheet=OK, cashflow=OK, dividends=OK
2026-10-02 05:17:37,694 [INFO] [TIME] 2810 ハウス食品グループ本社 処理時間: 1.19s
2026-10-02 05:17:39,000 [DEBUG] [TIME] 2811 info: 0.19s
2026-10-02 05:17:39,000 [DEBUG] yfinance OK: 2811
2026-10-02 05:17:39,232 [DEBUG] [TIME] 2811 income_stmt: 0.23s
2026-10-02 05:17:39,419 [DEBUG] [TIME] 2811 balance_sheet: 0.19s
2026-10-02 05:17:39,618 [DEBUG] [TIME] 2811 cashflow: 0.20s
2026-10-02 05:17:39,896 [DEBUG] [TIME] 2811 dividends: 0.28s
2026-10-02 05:17:39,897 [INFO] [DETAIL] 2811 カゴメ: income_stmt=OK, balance_sheet=OK, cashflow=OK, dividends=OK
2026-10-02 05:17:39,897 [INFO] [TIME] 2811 カゴメ 処理時間: 1.09s
2026-10-02 05:17:41,398 [DEBUG] [TIME] 2813 info: 0.16s
2026-10-02 05:17:41,398 [DEBUG] yfinance OK: 2813
2026-10-02 05:17:41,584 [DEBUG] [TIME] 2813 income_stmt: 0.19s
2026-10-02 05:17:41,879 [DEBUG] [TIME] 2813 balance_sheet: 0.29s
2026-10-02 05:17:42,095 [DEBUG] [TIME] 2813 cashflow: 0.22s
2026-10-02 05:17:42,439 [DEBUG] [TIME] 2813 dividends: 0.34s
2026-10-02 05:17:42,440 [INFO] [DETAIL] 2813 和弘食品: income_stmt=OK, balance_sheet=OK, cashflow=OK, dividends=OK
2026-10-02 05:17:42,440 [INFO] [TIME] 2813 和弘食品 処理時間: 1.20s
2026-10-02 05:17:44,033 [DEBUG] [TIME] 2814 info: 0.20s
2026-10-02 05:17:44,033 [DEBUG] yfinance OK: 2814
2026-10-02 05:17:44,226 [DEBUG] [TIME] 2814 income_stmt: 0.19s
2026-10-02 05:17:44,374 [DEBUG] [TIME] 2814 balance_sheet: 0.15s
2026-10-02 05:17:44,522 [DEBUG] [TIME] 2814 cashflow: 0.15s
2026-10-02 05:17:44,951 [DEBUG] [TIME] 2814 dividends: 0.43s
2026-10-02 05:17:44,952 [INFO] [DETAIL] 2814 佐藤食品工業: income_stmt=OK, balance_sheet=OK, cashflow=OK, dividends=OK
2026-10-02 05:17:44,952 [INFO] [TIME] 2814 佐藤食品工業 処理時間: 1.12s
2026-10-02 05:17:47,098 [DEBUG] [TIME] 2815 info: 0.16s
2026-10-02 05:17:47,098 [DEBUG] yfinance OK: 2815
2026-10-02 05:17:47,267 [DEBUG] [TIME] 2815 income_stmt: 0.17s
2026-10-02 05:17:47,443 [DEBUG] [TIME] 2815 balance_sheet: 0.18s
2026-10-02 05:17:47,568 [DEBUG] [TIME] 2815 cashflow: 0.12s
2026-10-02 05:17:47,874 [DEBUG] [TIME] 2815 dividends: 0.31s
2026-10-02 05:17:47,875 [INFO] [DETAIL] 2815 アリアケジャパン: income_stmt=OK, balance_sheet=OK, cashflow=OK, dividends=OK
2026-10-02 05:17:47,875 [INFO] [TIME] 2815 アリアケジャパン 処理時間: 0.93s
2026-10-02 05:17:49,825 [DEBUG] [TIME] 2816 info: 0.19s
2026-10-02 05:17:49,825 [DEBUG] yfinance OK: 2816
2026-10-02 05:17:49,974 [DEBUG] [TIME] 2816 income_stmt: 0.15s
2026-10-02 05:17:50,137 [DEBUG] [TIME] 2816 balance_sheet: 0.16s
2026-10-02 05:17:50,362 [DEBUG] [TIME] 2816 cashflow: 0.22s
2026-10-02 05:17:50,672 [DEBUG] [TIME] 2816 dividends: 0.31s
2026-10-02 05:17:50,673 [INFO] [DETAIL] 2816 ダイショー: income_stmt=OK, balance_sheet=OK, cashflow=OK, dividends=OK
2026-10-02 05:17:50,673 [INFO] [TIME] 2816 ダイショー 処理時間: 1.04s
2026-10-02 05:17:52,543 [DEBUG] [TIME] 2818 info: 0.14s
2026-10-02 05:17:52,543 [DEBUG] yfinance OK: 2818
2026-10-02 05:17:52,695 [DEBUG] [TIME] 2818 income_stmt: 0.15s
2026-10-02 05:17:52,899 [DEBUG] [TIME] 2818 balance_sheet: 0.20s
2026-10-02 05:17:53,096 [DEBUG] [TIME] 2818 cashflow: 0.20s
2026-10-02 05:17:53,397 [DEBUG] [TIME] 2818 dividends: 0.30s
2026-10-02 05:17:53,398 [INFO] [DETAIL] 2818 ピエトロ: income_stmt=OK, balance_sheet=OK, cashflow=OK, dividends=OK
2026-10-02 05:17:53,398 [INFO] [TIME] 2818 ピエトロ 処理時間: 1.00s
2026-10-02 05:17:55,247 [DEBUG] [TIME] 2819 info: 0.15s
2026-10-02 05:17:55,247 [DEBUG] yfinance OK: 2819
2026-10-02 05:17:55,495 [DEBUG] [TIME] 2819 income_stmt: 0.25s
2026-10-02 05:17:55,693 [DEBUG] [TIME] 2819 balance_sheet: 0.20s
2026-10-02 05:17:55,835 [DEBUG] [TIME] 2819 cashflow: 0.14s
2026-10-02 05:17:56,074 [DEBUG] [TIME] 2819 dividends: 0.24s
2026-10-02 05:17:56,075 [INFO] [DETAIL] 2819 エバラ食品工業: income_stmt=OK, balance_sheet=OK, cashflow=OK, dividends=OK
2026-10-02 05:17:56,075 [INFO] [TIME] 2819 エバラ食品工業 処理時間: 0.98s
2026-10-02 05:17:57,328 [DEBUG] [TIME] 281A info: 0.20s
2026-10-02 05:17:57,328 [DEBUG] yfinance OK: 281A
2026-10-02 05:17:57,530 [DEBUG] [TIME] 281A income_stmt: 0.20s
2026-10-02 05:17:57,727 [DEBUG] [TIME] 281A balance_sheet: 0.20s
2026-10-02 05:17:57,958 [DEBUG] [TIME] 281A cashflow: 0.23s
2026-10-02 05:17:58,132 [DEBUG] [TIME] 281A dividends: 0.17s
2026-10-02 05:17:58,132 [INFO] [DETAIL] 281A インフォメティス: income_stmt=OK, balance_sheet=OK, cashflow=OK, dividends=EMPTY
2026-10-02 05:17:58,133 [INFO] [TIME] 281A インフォメティス 処理時間: 1.00s
2026-10-02 05:17:59,667 [DEBUG] [TIME] 2820 info: 0.17s
2026-10-02 05:17:59,667 [DEBUG] yfinance OK: 2820
2026-10-02 05:17:59,819 [DEBUG] [TIME] 2820 income_stmt: 0.15s
2026-10-02 05:18:00,106 [DEBUG] [TIME] 2820 balance_sheet: 0.29s
2026-10-02 05:18:00,308 [DEBUG] [TIME] 2820 cashflow: 0.20s
2026-10-02 05:18:00,578 [DEBUG] [TIME] 2820 dividends: 0.27s
2026-10-02 05:18:00,579 [INFO] [DETAIL] 2820 やまみ: income_stmt=OK, balance_sheet=OK, cashflow=OK, dividends=OK
2026-10-02 05:18:00,579 [INFO] [TIME] 2820 やまみ 処理時間: 1.08s
2026-10-02 05:18:01,911 [DEBUG] [TIME] 2831 info: 0.15s
2026-10-02 05:18:01,911 [DEBUG] yfinance OK: 2831
2026-10-02 05:18:02,133 [DEBUG] [TIME] 2831 income_stmt: 0.22s
2026-10-02 05:18:02,309 [DEBUG] [TIME] 2831 balance_sheet: 0.18s
2026-10-02 05:18:02,522 [DEBUG] [TIME] 2831 cashflow: 0.21s
2026-10-02 05:18:02,880 [DEBUG] [TIME] 2831 dividends: 0.36s
2026-10-02 05:18:02,881 [INFO] [DETAIL] 2831 はごろもフーズ: income_stmt=OK, balance_sheet=OK, cashflow=OK, dividends=OK
2026-10-02 05:18:02,881 [INFO] [TIME] 2831 はごろもフーズ 処理時間: 1.12s
2026-10-02 05:18:04,107 [DEBUG] [TIME] 285A info: 0.20s
2026-10-02 05:18:04,107 [DEBUG] yfinance OK: 285A
2026-10-02 05:18:04,262 [DEBUG] [TIME] 285A income_stmt: 0.15s
2026-10-02 05:18:04,432 [DEBUG] [TIME] 285A balance_sheet: 0.17s
2026-10-02 05:18:04,580 [DEBUG] [TIME] 285A cashflow: 0.15s
2026-10-02 05:18:04,686 [DEBUG] [TIME] 285A dividends: 0.11s
2026-10-02 05:18:04,686 [INFO] [DETAIL] 285A キオクシアホールディングス: income_stmt=OK, balance_sheet=OK, cashflow=OK, dividends=EMPTY
2026-10-02 05:18:04,686 [INFO] [TIME] 285A キオクシアホールディングス 処理時間: 0.78s
2026-10-02 05:18:06,838 [DEBUG] [TIME] 286A info: 0.16s
2026-10-02 05:18:06,838 [DEBUG] yfinance OK: 286A
2026-10-02 05:18:06,957 [DEBUG] [TIME] 286A income_stmt: 0.12s
2026-10-02 05:18:07,131 [DEBUG] [TIME] 286A balance_sheet: 0.17s
2026-10-02 05:18:07,249 [DEBUG] [TIME] 286A cashflow: 0.12s
2026-10-02 05:18:07,352 [DEBUG] [TIME] 286A dividends: 0.10s
2026-10-02 05:18:07,352 [INFO] [DETAIL] 286A ユカリア: income_stmt=OK, balance_sheet=OK, cashflow=OK, dividends=EMPTY
2026-10-02 05:18:07,352 [INFO] [TIME] 286A ユカリア 処理時間: 0.67s
2026-10-02 05:18:08,992 [DEBUG] [TIME] 2871 info: 0.15s
2026-10-02 05:18:08,992 [DEBUG] yfinance OK: 2871
2026-10-02 05:18:09,226 [DEBUG] [TIME] 2871 income_stmt: 0.23s
2026-10-02 05:18:09,448 [DEBUG] [TIME] 2871 balance_sheet: 0.22s
2026-10-02 05:18:09,609 [DEBUG] [TIME] 2871 cashflow: 0.16s
2026-10-02 05:18:09,994 [DEBUG] [TIME] 2871 dividends: 0.38s
2026-10-02 05:18:09,995 [INFO] [DETAIL] 2871 ニチレイ: income_stmt=OK, balance_sheet=OK, cashflow=OK, dividends=OK
2026-10-02 05:18:09,995 [INFO] [TIME] 2871 ニチレイ 処理時間: 1.15s
2026-10-02 05:18:11,335 [DEBUG] [TIME] 2872 info: 0.15s
2026-10-02 05:18:11,335 [DEBUG] yfinance OK: 2872
2026-10-02 05:18:11,509 [DEBUG] [TIME] 2872 income_stmt: 0.17s
2026-10-02 05:18:11,701 [DEBUG] [TIME] 2872 balance_sheet: 0.19s
2026-10-02 05:18:11,879 [DEBUG] [TIME] 2872 cashflow: 0.18s
2026-10-02 05:18:12,182 [DEBUG] [TIME] 2872 dividends: 0.30s
2026-10-02 05:18:12,183 [INFO] [DETAIL] 2872 セイヒョー: income_stmt=OK, balance_sheet=OK, cashflow=OK, dividends=OK
2026-10-02 05:18:12,183 [INFO] [TIME] 2872 セイヒョー 処理時間: 1.00s
2026-10-02 05:18:13,921 [DEBUG] [TIME] 2874 info: 0.19s
2026-10-02 05:18:13,921 [DEBUG] yfinance OK: 2874
2026-10-02 05:18:14,103 [DEBUG] [TIME] 2874 income_stmt: 0.18s
2026-10-02 05:18:14,314 [DEBUG] [TIME] 2874 balance_sheet: 0.21s
2026-10-02 05:18:14,464 [DEBUG] [TIME] 2874 cashflow: 0.15s
2026-10-02 05:18:14,775 [DEBUG] [TIME] 2874 dividends: 0.31s
2026-10-02 05:18:14,776 [INFO] [DETAIL] 2874 横浜冷凍: income_stmt=OK, balance_sheet=OK, cashflow=OK, dividends=OK
2026-10-02 05:18:14,776 [INFO] [TIME] 2874 横浜冷凍 処理時間: 1.05s
2026-10-02 05:18:16,158 [DEBUG] [TIME] 2875 info: 0.15s
2026-10-02 05:18:16,159 [DEBUG] yfinance OK: 2875
2026-10-02 05:18:16,303 [DEBUG] [TIME] 2875 income_stmt: 0.14s
2026-10-02 05:18:16,479 [DEBUG] [TIME] 2875 balance_sheet: 0.18s
2026-10-02 05:18:16,697 [DEBUG] [TIME] 2875 cashflow: 0.22s
2026-10-02 05:18:17,005 [DEBUG] [TIME] 2875 dividends: 0.31s
2026-10-02 05:18:17,006 [INFO] [DETAIL] 2875 東洋水産: income_stmt=OK, balance_sheet=OK, cashflow=OK, dividends=OK
2026-10-02 05:18:17,006 [INFO] [TIME] 2875 東洋水産 処理時間: 1.00s
2026-10-02 05:18:18,318 [DEBUG] [TIME] 2876 info: 0.14s
2026-10-02 05:18:18,318 [DEBUG] yfinance OK: 2876
2026-10-02 05:18:18,483 [DEBUG] [TIME] 2876 income_stmt: 0.16s
2026-10-02 05:18:18,666 [DEBUG] [TIME] 2876 balance_sheet: 0.18s
2026-10-02 05:18:18,820 [DEBUG] [TIME] 2876 cashflow: 0.15s
2026-10-02 05:18:19,083 [DEBUG] [TIME] 2876 dividends: 0.26s
2026-10-02 05:18:19,084 [INFO] [DETAIL] 2876 デルソーレ: income_stmt=OK, balance_sheet=OK, cashflow=OK, dividends=OK
2026-10-02 05:18:19,084 [INFO] [TIME] 2876 デルソーレ 処理時間: 0.91s
2026-10-02 05:18:20,532 [DEBUG] [TIME] 2877 info: 0.15s
2026-10-02 05:18:20,532 [DEBUG] yfinance OK: 2877
2026-10-02 05:18:20,690 [DEBUG] [TIME] 2877 income_stmt: 0.16s
2026-10-02 05:18:20,890 [DEBUG] [TIME] 2877 balance_sheet: 0.20s
2026-10-02 05:18:21,048 [DEBUG] [TIME] 2877 cashflow: 0.16s
2026-10-02 05:18:21,339 [DEBUG] [TIME] 2877 dividends: 0.29s
2026-10-02 05:18:21,340 [INFO] [DETAIL] 2877 日東ベスト: income_stmt=OK, balance_sheet=OK, cashflow=OK, dividends=OK
2026-10-02 05:18:21,340 [INFO] [TIME] 2877 日東ベスト 処理時間: 0.96s
2026-10-02 05:18:23,252 [DEBUG] [TIME] 287A info: 0.19s
2026-10-02 05:18:23,253 [DEBUG] yfinance OK: 287A
2026-10-02 05:18:23,373 [DEBUG] [TIME] 287A income_stmt: 0.12s
2026-10-02 05:18:23,648 [DEBUG] [TIME] 287A balance_sheet: 0.27s
2026-10-02 05:18:23,831 [DEBUG] [TIME] 287A cashflow: 0.18s
2026-10-02 05:18:23,935 [DEBUG] [TIME] 287A dividends: 0.10s
2026-10-02 05:18:23,936 [INFO] [DETAIL] 287A 黒田グループ: income_stmt=OK, balance_sheet=OK, cashflow=OK, dividends=OK
2026-10-02 05:18:23,936 [INFO] [TIME] 287A 黒田グループ 処理時間: 0.88s
2026-10-02 05:18:25,739 [DEBUG] [TIME] 2882 info: 0.15s
2026-10-02 05:18:25,739 [DEBUG] yfinance OK: 2882
2026-10-02 05:18:25,946 [DEBUG] [TIME] 2882 income_stmt: 0.21s
2026-10-02 05:18:26,162 [DEBUG] [TIME] 2882 balance_sheet: 0.21s
2026-10-02 05:18:26,410 [DEBUG] [TIME] 2882 cashflow: 0.25s
2026-10-02 05:18:26,689 [DEBUG] [TIME] 2882 dividends: 0.28s
2026-10-02 05:18:26,690 [INFO] [DETAIL] 2882 イートアンドホールディングス: income_stmt=OK, balance_sheet=OK, cashflow=OK, dividends=OK
2026-10-02 05:18:26,690 [INFO] [TIME] 2882 イートアンドホールディングス 処理時間: 1.10s
2026-10-02 05:18:28,788 [DEBUG] [TIME] 2883 info: 0.20s
2026-10-02 05:18:28,788 [DEBUG] yfinance OK: 2883
2026-10-02 05:18:28,914 [DEBUG] [TIME] 2883 income_stmt: 0.13s
2026-10-02 05:18:29,174 [DEBUG] [TIME] 2883 balance_sheet: 0.26s
2026-10-02 05:18:29,368 [DEBUG] [TIME] 2883 cashflow: 0.19s
2026-10-02 05:18:29,533 [DEBUG] [TIME] 2883 dividends: 0.16s
2026-10-02 05:18:29,534 [INFO] [DETAIL] 2883 大冷: income_stmt=OK, balance_sheet=OK, cashflow=OK, dividends=OK
2026-10-02 05:18:29,535 [INFO] [TIME] 2883 大冷 処理時間: 0.94s
2026-10-02 05:18:31,564 [INFO] === 実行完了 (yf=492, warns=87, 総実行時間=20分50.6秒) ===
