2026-10-02 07:55:15,514 [INFO] === 実行開始 (500銘柄) ===
2026-10-02 07:55:16,185 [DEBUG] [TIME] 7034 info: 0.67s
2026-10-02 07:55:16,185 [DEBUG] yfinance OK: 7034
2026-10-02 07:55:16,397 [DEBUG] [TIME] 7034 income_stmt: 0.21s
2026-10-02 07:55:16,635 [DEBUG] [TIME] 7034 balance_sheet: 0.24s
2026-10-02 07:55:16,927 [DEBUG] [TIME] 7034 cashflow: 0.29s
2026-10-02 07:55:17,152 [DEBUG] [TIME] 7034 dividends: 0.22s
2026-10-02 07:55:17,152 [INFO] [DETAIL] 7034 プロレド・パートナーズ: income_stmt=OK, balance_sheet=OK, cashflow=OK, dividends=EMPTY
2026-10-02 07:55:17,152 [INFO] [TIME] 7034 プロレド・パートナーズ 処理時間: 1.64s
2026-10-02 07:55:19,050 [DEBUG] [TIME] 7035 info: 0.23s
2026-10-02 07:55:19,050 [DEBUG] yfinance OK: 7035
2026-10-02 07:55:19,247 [DEBUG] [TIME] 7035 income_stmt: 0.20s
2026-10-02 07:55:19,522 [DEBUG] [TIME] 7035 balance_sheet: 0.27s
2026-10-02 07:55:19,746 [DEBUG] [TIME] 7035 cashflow: 0.22s
2026-10-02 07:55:19,946 [DEBUG] [TIME] 7035 dividends: 0.20s
2026-10-02 07:55:19,946 [INFO] [DETAIL] 7035 ａｎｄ　ｆａｃｔｏｒｙ: income_stmt=OK, balance_sheet=OK, cashflow=OK, dividends=EMPTY
2026-10-02 07:55:19,946 [INFO] [TIME] 7035 ａｎｄ　ｆａｃｔｏｒｙ 処理時間: 1.12s
2026-10-02 07:55:21,662 [DEBUG] [TIME] 7036 info: 0.29s
2026-10-02 07:55:21,662 [DEBUG] yfinance OK: 7036
2026-10-02 07:55:21,879 [DEBUG] [TIME] 7036 income_stmt: 0.22s
2026-10-02 07:55:22,168 [DEBUG] [TIME] 7036 balance_sheet: 0.29s
2026-10-02 07:55:22,380 [DEBUG] [TIME] 7036 cashflow: 0.21s
2026-10-02 07:55:22,610 [DEBUG] [TIME] 7036 dividends: 0.23s
2026-10-02 07:55:22,611 [INFO] [DETAIL] 7036 イーエムネットジャパン: income_stmt=OK, balance_sheet=OK, cashflow=OK, dividends=OK
2026-10-02 07:55:22,611 [INFO] [TIME] 7036 イーエムネットジャパン 処理時間: 1.24s
2026-10-02 07:55:24,575 [DEBUG] [TIME] 7037 info: 0.28s
2026-10-02 07:55:24,575 [DEBUG] yfinance OK: 7037
2026-10-02 07:55:24,793 [DEBUG] [TIME] 7037 income_stmt: 0.22s
2026-10-02 07:55:25,022 [DEBUG] [TIME] 7037 balance_sheet: 0.23s
2026-10-02 07:55:25,254 [DEBUG] [TIME] 7037 cashflow: 0.23s
2026-10-02 07:55:25,473 [DEBUG] [TIME] 7037 dividends: 0.22s
2026-10-02 07:55:25,474 [INFO] [DETAIL] 7037 テノ．ホールディングス: income_stmt=OK, balance_sheet=OK, cashflow=OK, dividends=OK
2026-10-02 07:55:25,474 [INFO] [TIME] 7037 テノ．ホールディングス 処理時間: 1.18s
2026-10-02 07:55:27,379 [DEBUG] [TIME] 7038 info: 0.23s
2026-10-02 07:55:27,379 [DEBUG] yfinance OK: 7038
2026-10-02 07:55:27,594 [DEBUG] [TIME] 7038 income_stmt: 0.21s
2026-10-02 07:55:27,802 [DEBUG] [TIME] 7038 balance_sheet: 0.21s
2026-10-02 07:55:27,963 [DEBUG] [TIME] 7038 cashflow: 0.16s
2026-10-02 07:55:28,248 [DEBUG] [TIME] 7038 dividends: 0.28s
2026-10-02 07:55:28,250 [INFO] [DETAIL] 7038 フロンティア・マネジメント: income_stmt=OK, balance_sheet=OK, cashflow=OK, dividends=OK
2026-10-02 07:55:28,250 [INFO] [TIME] 7038 フロンティア・マネジメント 処理時間: 1.10s
2026-10-02 07:55:29,837 [DEBUG] [TIME] 7039 info: 0.24s
2026-10-02 07:55:29,838 [DEBUG] yfinance OK: 7039
2026-10-02 07:55:30,016 [DEBUG] [TIME] 7039 income_stmt: 0.18s
2026-10-02 07:55:30,316 [DEBUG] [TIME] 7039 balance_sheet: 0.30s
2026-10-02 07:55:30,561 [DEBUG] [TIME] 7039 cashflow: 0.24s
2026-10-02 07:55:30,775 [DEBUG] [TIME] 7039 dividends: 0.21s
2026-10-02 07:55:30,776 [INFO] [DETAIL] 7039 ブリッジインターナショナルグループ: income_stmt=OK, balance_sheet=OK, cashflow=OK, dividends=OK
2026-10-02 07:55:30,776 [INFO] [TIME] 7039 ブリッジインターナショナルグループ 処理時間: 1.18s
2026-10-02 07:55:33,026 [DEBUG] [TIME] 7040 info: 0.26s
2026-10-02 07:55:33,026 [DEBUG] yfinance OK: 7040
2026-10-02 07:55:33,274 [DEBUG] [TIME] 7040 income_stmt: 0.25s
2026-10-02 07:55:33,454 [DEBUG] [TIME] 7040 balance_sheet: 0.18s
2026-10-02 07:55:33,644 [DEBUG] [TIME] 7040 cashflow: 0.19s
2026-10-02 07:55:33,978 [DEBUG] [TIME] 7040 dividends: 0.33s
2026-10-02 07:55:33,979 [INFO] [DETAIL] 7040 サン・ライフホールディング: income_stmt=OK, balance_sheet=OK, cashflow=OK, dividends=OK
2026-10-02 07:55:33,979 [INFO] [TIME] 7040 サン・ライフホールディング 処理時間: 1.21s
2026-10-02 07:55:35,769 [DEBUG] [TIME] 7041 info: 0.24s
2026-10-02 07:55:35,769 [DEBUG] yfinance OK: 7041
2026-10-02 07:55:35,939 [DEBUG] [TIME] 7041 income_stmt: 0.17s
2026-10-02 07:55:36,266 [DEBUG] [TIME] 7041 balance_sheet: 0.33s
2026-10-02 07:55:36,529 [DEBUG] [TIME] 7041 cashflow: 0.26s
2026-10-02 07:55:36,770 [DEBUG] [TIME] 7041 dividends: 0.24s
2026-10-02 07:55:36,771 [INFO] [DETAIL] 7041 ＣＲＧホールディングス: income_stmt=OK, balance_sheet=OK, cashflow=OK, dividends=OK
2026-10-02 07:55:36,772 [INFO] [TIME] 7041 ＣＲＧホールディングス 処理時間: 1.24s
2026-10-02 07:55:38,639 [DEBUG] [TIME] 7042 info: 0.29s
2026-10-02 07:55:38,639 [DEBUG] yfinance OK: 7042
2026-10-02 07:55:38,875 [DEBUG] [TIME] 7042 income_stmt: 0.24s
2026-10-02 07:55:39,085 [DEBUG] [TIME] 7042 balance_sheet: 0.21s
2026-10-02 07:55:39,236 [DEBUG] [TIME] 7042 cashflow: 0.15s
2026-10-02 07:55:39,465 [DEBUG] [TIME] 7042 dividends: 0.23s
2026-10-02 07:55:39,466 [INFO] [DETAIL] 7042 アクセスグループ・ホールディングス: income_stmt=OK, balance_sheet=OK, cashflow=OK, dividends=OK
2026-10-02 07:55:39,467 [INFO] [TIME] 7042 アクセスグループ・ホールディングス 処理時間: 1.12s
2026-10-02 07:55:40,927 [DEBUG] [TIME] 7043 info: 0.22s
2026-10-02 07:55:40,928 [DEBUG] yfinance OK: 7043
2026-10-02 07:55:41,146 [DEBUG] [TIME] 7043 income_stmt: 0.22s
2026-10-02 07:55:41,400 [DEBUG] [TIME] 7043 balance_sheet: 0.25s
2026-10-02 07:55:41,606 [DEBUG] [TIME] 7043 cashflow: 0.21s
2026-10-02 07:55:41,855 [DEBUG] [TIME] 7043 dividends: 0.25s
2026-10-02 07:55:41,856 [INFO] [DETAIL] 7043 アルー: income_stmt=OK, balance_sheet=OK, cashflow=OK, dividends=OK
2026-10-02 07:55:41,856 [INFO] [TIME] 7043 アルー 処理時間: 1.15s
2026-10-02 07:55:43,391 [DEBUG] [TIME] 7044 info: 0.23s
2026-10-02 07:55:43,391 [DEBUG] yfinance OK: 7044
2026-10-02 07:55:43,574 [DEBUG] [TIME] 7044 income_stmt: 0.18s
2026-10-02 07:55:43,837 [DEBUG] [TIME] 7044 balance_sheet: 0.26s
2026-10-02 07:55:44,042 [DEBUG] [TIME] 7044 cashflow: 0.20s
2026-10-02 07:55:44,260 [DEBUG] [TIME] 7044 dividends: 0.22s
2026-10-02 07:55:44,261 [INFO] [DETAIL] 7044 ピアラ: income_stmt=OK, balance_sheet=OK, cashflow=OK, dividends=OK
2026-10-02 07:55:44,261 [INFO] [TIME] 7044 ピアラ 処理時間: 1.10s
2026-10-02 07:55:45,745 [DEBUG] [TIME] 7046 info: 0.22s
2026-10-02 07:55:45,745 [DEBUG] yfinance OK: 7046
2026-10-02 07:55:45,961 [DEBUG] [TIME] 7046 income_stmt: 0.22s
2026-10-02 07:55:46,198 [DEBUG] [TIME] 7046 balance_sheet: 0.24s
2026-10-02 07:55:46,360 [DEBUG] [TIME] 7046 cashflow: 0.16s
2026-10-02 07:55:46,645 [DEBUG] [TIME] 7046 dividends: 0.28s
2026-10-02 07:55:46,646 [INFO] [DETAIL] 7046 ＴＤＳＥ: income_stmt=OK, balance_sheet=OK, cashflow=OK, dividends=OK
2026-10-02 07:55:46,647 [INFO] [TIME] 7046 ＴＤＳＥ 処理時間: 1.13s
2026-10-02 07:55:48,476 [DEBUG] [TIME] 7047 info: 0.28s
2026-10-02 07:55:48,476 [DEBUG] yfinance OK: 7047
2026-10-02 07:55:48,704 [DEBUG] [TIME] 7047 income_stmt: 0.23s
2026-10-02 07:55:48,895 [DEBUG] [TIME] 7047 balance_sheet: 0.19s
2026-10-02 07:55:49,128 [DEBUG] [TIME] 7047 cashflow: 0.23s
2026-10-02 07:55:49,380 [DEBUG] [TIME] 7047 dividends: 0.25s
2026-10-02 07:55:49,381 [INFO] [DETAIL] 7047 ポート: income_stmt=OK, balance_sheet=OK, cashflow=OK, dividends=OK
2026-10-02 07:55:49,381 [INFO] [TIME] 7047 ポート 処理時間: 1.19s
2026-10-02 07:55:50,741 [DEBUG] [TIME] 7048 info: 0.25s
2026-10-02 07:55:50,741 [DEBUG] yfinance OK: 7048
2026-10-02 07:55:50,962 [DEBUG] [TIME] 7048 income_stmt: 0.22s
2026-10-02 07:55:51,252 [DEBUG] [TIME] 7048 balance_sheet: 0.29s
2026-10-02 07:55:51,419 [DEBUG] [TIME] 7048 cashflow: 0.17s
2026-10-02 07:55:51,615 [DEBUG] [TIME] 7048 dividends: 0.20s
2026-10-02 07:55:51,615 [INFO] [DETAIL] 7048 ベルトラ: income_stmt=OK, balance_sheet=OK, cashflow=OK, dividends=EMPTY
2026-10-02 07:55:51,615 [INFO] [TIME] 7048 ベルトラ 処理時間: 1.13s
2026-10-02 07:55:53,227 [DEBUG] [TIME] 7049 info: 0.22s
2026-10-02 07:55:53,227 [DEBUG] yfinance OK: 7049
2026-10-02 07:55:53,509 [DEBUG] [TIME] 7049 income_stmt: 0.28s
2026-10-02 07:55:53,698 [DEBUG] [TIME] 7049 balance_sheet: 0.19s
2026-10-02 07:55:53,843 [DEBUG] [TIME] 7049 cashflow: 0.14s
2026-10-02 07:55:54,067 [DEBUG] [TIME] 7049 dividends: 0.22s
2026-10-02 07:55:54,067 [INFO] [DETAIL] 7049 識学: income_stmt=OK, balance_sheet=OK, cashflow=OK, dividends=EMPTY
2026-10-02 07:55:54,067 [INFO] [TIME] 7049 識学 処理時間: 1.06s
2026-10-02 07:55:55,562 [DEBUG] [TIME] 7050 info: 0.22s
2026-10-02 07:55:55,562 [DEBUG] yfinance OK: 7050
2026-10-02 07:55:55,857 [DEBUG] [TIME] 7050 income_stmt: 0.29s
2026-10-02 07:55:56,181 [DEBUG] [TIME] 7050 balance_sheet: 0.32s
2026-10-02 07:55:56,338 [DEBUG] [TIME] 7050 cashflow: 0.16s
2026-10-02 07:55:56,609 [DEBUG] [TIME] 7050 dividends: 0.27s
2026-10-02 07:55:56,610 [INFO] [DETAIL] 7050 フロンティアインターナショナル: income_stmt=OK, balance_sheet=OK, cashflow=OK, dividends=OK
2026-10-02 07:55:56,610 [INFO] [TIME] 7050 フロンティアインターナショナル 処理時間: 1.27s
2026-10-02 07:55:57,928 [DEBUG] [TIME] 7057 info: 0.23s
2026-10-02 07:55:57,928 [DEBUG] yfinance OK: 7057
2026-10-02 07:55:58,172 [DEBUG] [TIME] 7057 income_stmt: 0.24s
2026-10-02 07:55:58,404 [DEBUG] [TIME] 7057 balance_sheet: 0.23s
2026-10-02 07:55:58,598 [DEBUG] [TIME] 7057 cashflow: 0.19s
2026-10-02 07:55:58,840 [DEBUG] [TIME] 7057 dividends: 0.24s
2026-10-02 07:55:58,841 [INFO] [DETAIL] 7057 エヌ・シー・エヌ: income_stmt=OK, balance_sheet=OK, cashflow=OK, dividends=OK
2026-10-02 07:55:58,841 [INFO] [TIME] 7057 エヌ・シー・エヌ 処理時間: 1.14s
2026-10-02 07:56:00,636 [DEBUG] [TIME] 7058 info: 0.22s
2026-10-02 07:56:00,636 [DEBUG] yfinance OK: 7058
2026-10-02 07:56:00,899 [DEBUG] [TIME] 7058 income_stmt: 0.26s
2026-10-02 07:56:01,184 [DEBUG] [TIME] 7058 balance_sheet: 0.28s
2026-10-02 07:56:01,448 [DEBUG] [TIME] 7058 cashflow: 0.26s
2026-10-02 07:56:01,675 [DEBUG] [TIME] 7058 dividends: 0.23s
2026-10-02 07:56:01,676 [INFO] [DETAIL] 7058 共栄セキュリティーサービス: income_stmt=OK, balance_sheet=OK, cashflow=OK, dividends=OK
2026-10-02 07:56:01,676 [INFO] [TIME] 7058 共栄セキュリティーサービス 処理時間: 1.26s
2026-10-02 07:56:03,812 [DEBUG] [TIME] 7059 info: 0.23s
2026-10-02 07:56:03,812 [DEBUG] yfinance OK: 7059
2026-10-02 07:56:04,002 [DEBUG] [TIME] 7059 income_stmt: 0.19s
2026-10-02 07:56:04,227 [DEBUG] [TIME] 7059 balance_sheet: 0.22s
2026-10-02 07:56:04,419 [DEBUG] [TIME] 7059 cashflow: 0.19s
2026-10-02 07:56:04,668 [DEBUG] [TIME] 7059 dividends: 0.25s
2026-10-02 07:56:04,669 [INFO] [DETAIL] 7059 コプロ・ホールディングス: income_stmt=OK, balance_sheet=OK, cashflow=OK, dividends=OK
2026-10-02 07:56:04,669 [INFO] [TIME] 7059 コプロ・ホールディングス 処理時間: 1.08s
2026-10-02 07:56:06,293 [DEBUG] [TIME] 7060 info: 0.27s
2026-10-02 07:56:06,293 [DEBUG] yfinance OK: 7060
2026-10-02 07:56:06,530 [DEBUG] [TIME] 7060 income_stmt: 0.24s
2026-10-02 07:56:06,775 [DEBUG] [TIME] 7060 balance_sheet: 0.24s
2026-10-02 07:56:06,958 [DEBUG] [TIME] 7060 cashflow: 0.18s
2026-10-02 07:56:07,196 [DEBUG] [TIME] 7060 dividends: 0.24s
2026-10-02 07:56:07,197 [INFO] [DETAIL] 7060 ギークス: income_stmt=OK, balance_sheet=OK, cashflow=OK, dividends=OK
2026-10-02 07:56:07,197 [INFO] [TIME] 7060 ギークス 処理時間: 1.18s
2026-10-02 07:56:09,013 [DEBUG] [TIME] 7061 info: 0.27s
2026-10-02 07:56:09,013 [DEBUG] yfinance OK: 7061
2026-10-02 07:56:09,246 [DEBUG] [TIME] 7061 income_stmt: 0.23s
2026-10-02 07:56:09,526 [DEBUG] [TIME] 7061 balance_sheet: 0.28s
2026-10-02 07:56:09,803 [DEBUG] [TIME] 7061 cashflow: 0.28s
2026-10-02 07:56:10,027 [DEBUG] [TIME] 7061 dividends: 0.22s
2026-10-02 07:56:10,028 [INFO] [DETAIL] 7061 日本ホスピスホールディングス: income_stmt=OK, balance_sheet=OK, cashflow=OK, dividends=OK
2026-10-02 07:56:10,028 [INFO] [TIME] 7061 日本ホスピスホールディングス 処理時間: 1.28s
2026-10-02 07:56:11,917 [DEBUG] [TIME] 7062 info: 0.22s
2026-10-02 07:56:11,917 [DEBUG] yfinance OK: 7062
2026-10-02 07:56:12,175 [DEBUG] [TIME] 7062 income_stmt: 0.26s
2026-10-02 07:56:12,427 [DEBUG] [TIME] 7062 balance_sheet: 0.25s
2026-10-02 07:56:12,609 [DEBUG] [TIME] 7062 cashflow: 0.18s
2026-10-02 07:56:12,927 [DEBUG] [TIME] 7062 dividends: 0.32s
2026-10-02 07:56:12,928 [INFO] [DETAIL] 7062 フレアス: income_stmt=OK, balance_sheet=OK, cashflow=OK, dividends=OK
2026-10-02 07:56:12,928 [INFO] [TIME] 7062 フレアス 処理時間: 1.23s
2026-10-02 07:56:14,162 [DEBUG] [TIME] 7063 info: 0.23s
2026-10-02 07:56:14,162 [DEBUG] yfinance OK: 7063
2026-10-02 07:56:14,344 [DEBUG] [TIME] 7063 income_stmt: 0.18s
2026-10-02 07:56:14,551 [DEBUG] [TIME] 7063 balance_sheet: 0.21s
2026-10-02 07:56:14,727 [DEBUG] [TIME] 7063 cashflow: 0.18s
2026-10-02 07:56:14,973 [DEBUG] [TIME] 7063 dividends: 0.25s
2026-10-02 07:56:14,973 [INFO] [DETAIL] 7063 Ｂｉｒｄｍａｎ: income_stmt=OK, balance_sheet=OK, cashflow=OK, dividends=EMPTY
2026-10-02 07:56:14,973 [INFO] [TIME] 7063 Ｂｉｒｄｍａｎ 処理時間: 1.04s
2026-10-02 07:56:16,599 [DEBUG] [TIME] 7064 info: 0.23s
2026-10-02 07:56:16,599 [DEBUG] yfinance OK: 7064
2026-10-02 07:56:16,760 [DEBUG] [TIME] 7064 income_stmt: 0.16s
2026-10-02 07:56:16,957 [DEBUG] [TIME] 7064 balance_sheet: 0.20s
2026-10-02 07:56:17,156 [DEBUG] [TIME] 7064 cashflow: 0.20s
2026-10-02 07:56:17,394 [DEBUG] [TIME] 7064 dividends: 0.24s
2026-10-02 07:56:17,394 [INFO] [DETAIL] 7064 ハウテレビジョン: income_stmt=OK, balance_sheet=OK, cashflow=OK, dividends=EMPTY
2026-10-02 07:56:17,394 [INFO] [TIME] 7064 ハウテレビジョン 処理時間: 1.02s
2026-10-02 07:56:18,630 [DEBUG] [TIME] 7065 info: 0.22s
2026-10-02 07:56:18,630 [DEBUG] yfinance OK: 7065
2026-10-02 07:56:18,834 [DEBUG] [TIME] 7065 income_stmt: 0.20s
2026-10-02 07:56:19,096 [DEBUG] [TIME] 7065 balance_sheet: 0.26s
2026-10-02 07:56:19,252 [DEBUG] [TIME] 7065 cashflow: 0.15s
2026-10-02 07:56:19,492 [DEBUG] [TIME] 7065 dividends: 0.24s
2026-10-02 07:56:19,493 [INFO] [DETAIL] 7065 ユーピーアール: income_stmt=OK, balance_sheet=OK, cashflow=OK, dividends=OK
2026-10-02 07:56:19,493 [INFO] [TIME] 7065 ユーピーアール 処理時間: 1.09s
2026-10-02 07:56:20,960 [DEBUG] [TIME] 7066 info: 0.27s
2026-10-02 07:56:20,960 [DEBUG] yfinance OK: 7066
2026-10-02 07:56:21,127 [DEBUG] [TIME] 7066 income_stmt: 0.17s
2026-10-02 07:56:21,403 [DEBUG] [TIME] 7066 balance_sheet: 0.28s
2026-10-02 07:56:21,536 [DEBUG] [TIME] 7066 cashflow: 0.13s
2026-10-02 07:56:21,757 [DEBUG] [TIME] 7066 dividends: 0.22s
2026-10-02 07:56:21,758 [INFO] [DETAIL] 7066 ピアズ: income_stmt=OK, balance_sheet=OK, cashflow=OK, dividends=OK
2026-10-02 07:56:21,758 [INFO] [TIME] 7066 ピアズ 処理時間: 1.07s
2026-10-02 07:56:23,388 [DEBUG] [TIME] 7067 info: 0.22s
2026-10-02 07:56:23,388 [DEBUG] yfinance OK: 7067
2026-10-02 07:56:23,566 [DEBUG] [TIME] 7067 income_stmt: 0.18s
2026-10-02 07:56:23,751 [DEBUG] [TIME] 7067 balance_sheet: 0.18s
2026-10-02 07:56:23,899 [DEBUG] [TIME] 7067 cashflow: 0.15s
2026-10-02 07:56:24,151 [DEBUG] [TIME] 7067 dividends: 0.25s
2026-10-02 07:56:24,152 [INFO] [DETAIL] 7067 ブランディングテクノロジー: income_stmt=OK, balance_sheet=OK, cashflow=OK, dividends=OK
2026-10-02 07:56:24,152 [INFO] [TIME] 7067 ブランディングテクノロジー 処理時間: 0.99s
2026-10-02 07:56:25,822 [DEBUG] [TIME] 7068 info: 0.23s
2026-10-02 07:56:25,822 [DEBUG] yfinance OK: 7068
2026-10-02 07:56:26,048 [DEBUG] [TIME] 7068 income_stmt: 0.23s
2026-10-02 07:56:26,263 [DEBUG] [TIME] 7068 balance_sheet: 0.21s
2026-10-02 07:56:26,446 [DEBUG] [TIME] 7068 cashflow: 0.18s
2026-10-02 07:56:26,749 [DEBUG] [TIME] 7068 dividends: 0.30s
2026-10-02 07:56:26,750 [INFO] [DETAIL] 7068 フィードフォースグループ: income_stmt=OK, balance_sheet=OK, cashflow=OK, dividends=OK
2026-10-02 07:56:26,750 [INFO] [TIME] 7068 フィードフォースグループ 処理時間: 1.16s
2026-10-02 07:56:28,603 [DEBUG] [TIME] 7069 info: 0.22s
2026-10-02 07:56:28,603 [DEBUG] yfinance OK: 7069
2026-10-02 07:56:28,758 [DEBUG] [TIME] 7069 income_stmt: 0.16s
2026-10-02 07:56:29,061 [DEBUG] [TIME] 7069 balance_sheet: 0.30s
2026-10-02 07:56:29,253 [DEBUG] [TIME] 7069 cashflow: 0.19s
2026-10-02 07:56:29,591 [DEBUG] [TIME] 7069 dividends: 0.34s
2026-10-02 07:56:29,591 [INFO] [DETAIL] 7069 サイバー・バズ: income_stmt=OK, balance_sheet=OK, cashflow=OK, dividends=EMPTY
2026-10-02 07:56:29,591 [INFO] [TIME] 7069 サイバー・バズ 処理時間: 1.21s
2026-10-02 07:56:31,087 [DEBUG] [TIME] 7071 info: 0.22s
2026-10-02 07:56:31,087 [DEBUG] yfinance OK: 7071
2026-10-02 07:56:31,321 [DEBUG] [TIME] 7071 income_stmt: 0.23s
2026-10-02 07:56:31,626 [DEBUG] [TIME] 7071 balance_sheet: 0.30s
2026-10-02 07:56:31,841 [DEBUG] [TIME] 7071 cashflow: 0.22s
2026-10-02 07:56:32,061 [DEBUG] [TIME] 7071 dividends: 0.22s
2026-10-02 07:56:32,062 [INFO] [DETAIL] 7071 アンビスホールディングス: income_stmt=OK, balance_sheet=OK, cashflow=OK, dividends=OK
2026-10-02 07:56:32,062 [INFO] [TIME] 7071 アンビスホールディングス 処理時間: 1.20s
2026-10-02 07:56:33,689 [DEBUG] [TIME] 7072 info: 0.22s
2026-10-02 07:56:33,689 [DEBUG] yfinance OK: 7072
2026-10-02 07:56:33,851 [DEBUG] [TIME] 7072 income_stmt: 0.16s
2026-10-02 07:56:34,025 [DEBUG] [TIME] 7072 balance_sheet: 0.17s
2026-10-02 07:56:34,182 [DEBUG] [TIME] 7072 cashflow: 0.16s
2026-10-02 07:56:34,402 [DEBUG] [TIME] 7072 dividends: 0.22s
2026-10-02 07:56:34,402 [INFO] [DETAIL] 7072 インティメート・マージャー: income_stmt=OK, balance_sheet=OK, cashflow=OK, dividends=EMPTY
2026-10-02 07:56:34,402 [INFO] [TIME] 7072 インティメート・マージャー 処理時間: 0.93s
2026-10-02 07:56:36,386 [DEBUG] [TIME] 7073 info: 0.23s
2026-10-02 07:56:36,386 [DEBUG] yfinance OK: 7073
2026-10-02 07:56:36,579 [DEBUG] [TIME] 7073 income_stmt: 0.19s
2026-10-02 07:56:36,869 [DEBUG] [TIME] 7073 balance_sheet: 0.29s
2026-10-02 07:56:37,120 [DEBUG] [TIME] 7073 cashflow: 0.25s
2026-10-02 07:56:37,360 [DEBUG] [TIME] 7073 dividends: 0.24s
2026-10-02 07:56:37,361 [INFO] [DETAIL] 7073 ジェイック: income_stmt=OK, balance_sheet=OK, cashflow=OK, dividends=OK
2026-10-02 07:56:37,361 [INFO] [TIME] 7073 ジェイック 処理時間: 1.20s
2026-10-02 07:56:38,924 [DEBUG] [TIME] 7074 info: 0.23s
2026-10-02 07:56:38,925 [DEBUG] yfinance OK: 7074
2026-10-02 07:56:39,158 [DEBUG] [TIME] 7074 income_stmt: 0.23s
2026-10-02 07:56:39,412 [DEBUG] [TIME] 7074 balance_sheet: 0.25s
2026-10-02 07:56:39,604 [DEBUG] [TIME] 7074 cashflow: 0.19s
2026-10-02 07:56:39,794 [DEBUG] [TIME] 7074 dividends: 0.19s
2026-10-02 07:56:39,795 [INFO] [DETAIL] 7074 トゥエンティーフォーセブンホールディングス: income_stmt=OK, balance_sheet=OK, cashflow=OK, dividends=EMPTY
2026-10-02 07:56:39,795 [INFO] [TIME] 7074 トゥエンティーフォーセブンホールディングス 処理時間: 1.10s
2026-10-02 07:56:41,507 [DEBUG] [TIME] 7075 info: 0.27s
2026-10-02 07:56:41,507 [DEBUG] yfinance OK: 7075
2026-10-02 07:56:41,719 [DEBUG] [TIME] 7075 income_stmt: 0.21s
2026-10-02 07:56:42,088 [DEBUG] [TIME] 7075 balance_sheet: 0.37s
2026-10-02 07:56:42,381 [DEBUG] [TIME] 7075 cashflow: 0.29s
2026-10-02 07:56:42,605 [DEBUG] [TIME] 7075 dividends: 0.22s
2026-10-02 07:56:42,606 [INFO] [DETAIL] 7075 ＱＬＳホールディングス: income_stmt=OK, balance_sheet=OK, cashflow=OK, dividends=OK
2026-10-02 07:56:42,607 [INFO] [TIME] 7075 ＱＬＳホールディングス 処理時間: 1.37s
2026-10-02 07:56:44,260 [DEBUG] [TIME] 7077 info: 0.23s
2026-10-02 07:56:44,260 [DEBUG] yfinance OK: 7077
2026-10-02 07:56:44,489 [DEBUG] [TIME] 7077 income_stmt: 0.23s
2026-10-02 07:56:44,758 [DEBUG] [TIME] 7077 balance_sheet: 0.27s
2026-10-02 07:56:45,014 [DEBUG] [TIME] 7077 cashflow: 0.25s
2026-10-02 07:56:45,213 [DEBUG] [TIME] 7077 dividends: 0.20s
2026-10-02 07:56:45,213 [INFO] [DETAIL] 7077 ＡＬｉＮＫインターネット: income_stmt=OK, balance_sheet=OK, cashflow=OK, dividends=EMPTY
2026-10-02 07:56:45,213 [INFO] [TIME] 7077 ＡＬｉＮＫインターネット 処理時間: 1.18s
2026-10-02 07:56:47,129 [DEBUG] [TIME] 7078 info: 0.27s
2026-10-02 07:56:47,129 [DEBUG] yfinance OK: 7078
2026-10-02 07:56:47,370 [DEBUG] [TIME] 7078 income_stmt: 0.24s
2026-10-02 07:56:47,594 [DEBUG] [TIME] 7078 balance_sheet: 0.22s
2026-10-02 07:56:47,804 [DEBUG] [TIME] 7078 cashflow: 0.21s
2026-10-02 07:56:48,077 [DEBUG] [TIME] 7078 dividends: 0.27s
2026-10-02 07:56:48,077 [INFO] [DETAIL] 7078 ＩＮＣＬＵＳＩＶＥ　Ｈｏｌｄｉｎｇｓ: income_stmt=OK, balance_sheet=OK, cashflow=OK, dividends=EMPTY
2026-10-02 07:56:48,077 [INFO] [TIME] 7078 ＩＮＣＬＵＳＩＶＥ　Ｈｏｌｄｉｎｇｓ 処理時間: 1.22s
2026-10-02 07:56:49,551 [DEBUG] [TIME] 7079 info: 0.28s
2026-10-02 07:56:49,551 [DEBUG] yfinance OK: 7079
2026-10-02 07:56:49,747 [DEBUG] [TIME] 7079 income_stmt: 0.20s
2026-10-02 07:56:49,965 [DEBUG] [TIME] 7079 balance_sheet: 0.22s
2026-10-02 07:56:50,124 [DEBUG] [TIME] 7079 cashflow: 0.16s
2026-10-02 07:56:50,339 [DEBUG] [TIME] 7079 dividends: 0.21s
2026-10-02 07:56:50,340 [INFO] [DETAIL] 7079 ＷＤＢココ: income_stmt=OK, balance_sheet=OK, cashflow=OK, dividends=OK
2026-10-02 07:56:50,340 [INFO] [TIME] 7079 ＷＤＢココ 処理時間: 1.07s
2026-10-02 07:56:52,288 [DEBUG] [TIME] 7080 info: 0.22s
2026-10-02 07:56:52,288 [DEBUG] yfinance OK: 7080
2026-10-02 07:56:52,465 [DEBUG] [TIME] 7080 income_stmt: 0.18s
2026-10-02 07:56:52,648 [DEBUG] [TIME] 7080 balance_sheet: 0.18s
2026-10-02 07:56:52,789 [DEBUG] [TIME] 7080 cashflow: 0.14s
2026-10-02 07:56:53,067 [DEBUG] [TIME] 7080 dividends: 0.28s
2026-10-02 07:56:53,068 [INFO] [DETAIL] 7080 スポーツフィールド: income_stmt=OK, balance_sheet=OK, cashflow=OK, dividends=OK
2026-10-02 07:56:53,068 [INFO] [TIME] 7080 スポーツフィールド 処理時間: 1.00s
2026-10-02 07:56:54,533 [DEBUG] [TIME] 7081 info: 0.22s
2026-10-02 07:56:54,533 [DEBUG] yfinance OK: 7081
2026-10-02 07:56:54,739 [DEBUG] [TIME] 7081 income_stmt: 0.21s
2026-10-02 07:56:54,934 [DEBUG] [TIME] 7081 balance_sheet: 0.19s
2026-10-02 07:56:55,070 [DEBUG] [TIME] 7081 cashflow: 0.14s
2026-10-02 07:56:55,299 [DEBUG] [TIME] 7081 dividends: 0.23s
2026-10-02 07:56:55,300 [INFO] [DETAIL] 7081 コーユーレンティア: income_stmt=OK, balance_sheet=OK, cashflow=OK, dividends=OK
2026-10-02 07:56:55,300 [INFO] [TIME] 7081 コーユーレンティア 処理時間: 0.99s
2026-10-02 07:56:57,491 [DEBUG] [TIME] 7082 info: 0.22s
2026-10-02 07:56:57,491 [DEBUG] yfinance OK: 7082
2026-10-02 07:56:57,703 [DEBUG] [TIME] 7082 income_stmt: 0.21s
2026-10-02 07:56:57,997 [DEBUG] [TIME] 7082 balance_sheet: 0.29s
2026-10-02 07:56:58,170 [DEBUG] [TIME] 7082 cashflow: 0.17s
2026-10-02 07:56:58,413 [DEBUG] [TIME] 7082 dividends: 0.24s
2026-10-02 07:56:58,413 [INFO] [DETAIL] 7082 ジモティー: income_stmt=OK, balance_sheet=OK, cashflow=OK, dividends=EMPTY
2026-10-02 07:56:58,413 [INFO] [TIME] 7082 ジモティー 処理時間: 1.14s
2026-10-02 07:57:00,103 [DEBUG] [TIME] 7083 info: 0.23s
2026-10-02 07:57:00,103 [DEBUG] yfinance OK: 7083
2026-10-02 07:57:00,322 [DEBUG] [TIME] 7083 income_stmt: 0.22s
2026-10-02 07:57:00,566 [DEBUG] [TIME] 7083 balance_sheet: 0.24s
2026-10-02 07:57:00,834 [DEBUG] [TIME] 7083 cashflow: 0.27s
2026-10-02 07:57:01,066 [DEBUG] [TIME] 7083 dividends: 0.23s
2026-10-02 07:57:01,066 [INFO] [DETAIL] 7083 ＡＨＣグループ: income_stmt=OK, balance_sheet=OK, cashflow=OK, dividends=OK
2026-10-02 07:57:01,067 [INFO] [TIME] 7083 ＡＨＣグループ 処理時間: 1.20s
2026-10-02 07:57:02,509 [DEBUG] [TIME] 7084 info: 0.22s
2026-10-02 07:57:02,509 [DEBUG] yfinance OK: 7084
2026-10-02 07:57:02,694 [DEBUG] [TIME] 7084 income_stmt: 0.19s
2026-10-02 07:57:02,981 [DEBUG] [TIME] 7084 balance_sheet: 0.29s
2026-10-02 07:57:03,223 [DEBUG] [TIME] 7084 cashflow: 0.24s
2026-10-02 07:57:03,529 [DEBUG] [TIME] 7084 dividends: 0.31s
2026-10-02 07:57:03,530 [INFO] [DETAIL] 7084 Ｓｍｉｌｅ　Ｈｏｌｄｉｎｇｓ: income_stmt=OK, balance_sheet=OK, cashflow=OK, dividends=OK
2026-10-02 07:57:03,530 [INFO] [TIME] 7084 Ｓｍｉｌｅ　Ｈｏｌｄｉｎｇｓ 処理時間: 1.24s
2026-10-02 07:57:05,440 [DEBUG] [TIME] 7085 info: 0.29s
2026-10-02 07:57:05,440 [DEBUG] yfinance OK: 7085
2026-10-02 07:57:05,643 [DEBUG] [TIME] 7085 income_stmt: 0.20s
2026-10-02 07:57:05,903 [DEBUG] [TIME] 7085 balance_sheet: 0.26s
2026-10-02 07:57:06,119 [DEBUG] [TIME] 7085 cashflow: 0.22s
2026-10-02 07:57:06,387 [DEBUG] [TIME] 7085 dividends: 0.27s
2026-10-02 07:57:06,389 [INFO] [DETAIL] 7085 カーブスホールディングス: income_stmt=OK, balance_sheet=OK, cashflow=OK, dividends=OK
2026-10-02 07:57:06,389 [INFO] [TIME] 7085 カーブスホールディングス 処理時間: 1.24s
2026-10-02 07:57:08,585 [DEBUG] [TIME] 7087 info: 0.28s
2026-10-02 07:57:08,585 [DEBUG] yfinance OK: 7087
2026-10-02 07:57:08,793 [DEBUG] [TIME] 7087 income_stmt: 0.21s
2026-10-02 07:57:08,973 [DEBUG] [TIME] 7087 balance_sheet: 0.18s
2026-10-02 07:57:09,115 [DEBUG] [TIME] 7087 cashflow: 0.14s
2026-10-02 07:57:09,393 [DEBUG] [TIME] 7087 dividends: 0.28s
2026-10-02 07:57:09,394 [INFO] [DETAIL] 7087 ウイルテック: income_stmt=OK, balance_sheet=OK, cashflow=OK, dividends=OK
2026-10-02 07:57:09,394 [INFO] [TIME] 7087 ウイルテック 処理時間: 1.09s
2026-10-02 07:57:11,370 [DEBUG] [TIME] 7089 info: 0.22s
2026-10-02 07:57:11,371 [DEBUG] yfinance OK: 7089
2026-10-02 07:57:11,592 [DEBUG] [TIME] 7089 income_stmt: 0.22s
2026-10-02 07:57:11,857 [DEBUG] [TIME] 7089 balance_sheet: 0.26s
2026-10-02 07:57:12,065 [DEBUG] [TIME] 7089 cashflow: 0.21s
2026-10-02 07:57:12,289 [DEBUG] [TIME] 7089 dividends: 0.22s
2026-10-02 07:57:12,290 [INFO] [DETAIL] 7089 フォースタートアップス: income_stmt=OK, balance_sheet=OK, cashflow=OK, dividends=EMPTY
2026-10-02 07:57:12,290 [INFO] [TIME] 7089 フォースタートアップス 処理時間: 1.14s
2026-10-02 07:57:14,002 [DEBUG] [TIME] 7090 info: 0.22s
2026-10-02 07:57:14,002 [DEBUG] yfinance OK: 7090
2026-10-02 07:57:14,275 [DEBUG] [TIME] 7090 income_stmt: 0.27s
2026-10-02 07:57:14,572 [DEBUG] [TIME] 7090 balance_sheet: 0.30s
2026-10-02 07:57:14,836 [DEBUG] [TIME] 7090 cashflow: 0.26s
2026-10-02 07:57:15,052 [DEBUG] [TIME] 7090 dividends: 0.22s
2026-10-02 07:57:15,052 [INFO] [DETAIL] 7090 リグア: income_stmt=OK, balance_sheet=OK, cashflow=OK, dividends=EMPTY
2026-10-02 07:57:15,052 [INFO] [TIME] 7090 リグア 処理時間: 1.27s
2026-10-02 07:57:16,558 [DEBUG] [TIME] 7091 info: 0.22s
2026-10-02 07:57:16,558 [DEBUG] yfinance OK: 7091
2026-10-02 07:57:16,727 [DEBUG] [TIME] 7091 income_stmt: 0.17s
2026-10-02 07:57:17,071 [DEBUG] [TIME] 7091 balance_sheet: 0.34s
2026-10-02 07:57:17,221 [DEBUG] [TIME] 7091 cashflow: 0.15s
2026-10-02 07:57:17,447 [DEBUG] [TIME] 7091 dividends: 0.23s
2026-10-02 07:57:17,447 [INFO] [DETAIL] 7091 リビングプラットフォーム: income_stmt=OK, balance_sheet=OK, cashflow=OK, dividends=OK
2026-10-02 07:57:17,447 [INFO] [TIME] 7091 リビングプラットフォーム 処理時間: 1.11s
2026-10-02 07:57:19,283 [DEBUG] [TIME] 7093 info: 0.22s
2026-10-02 07:57:19,283 [DEBUG] yfinance OK: 7093
2026-10-02 07:57:19,470 [DEBUG] [TIME] 7093 income_stmt: 0.19s
2026-10-02 07:57:19,721 [DEBUG] [TIME] 7093 balance_sheet: 0.25s
2026-10-02 07:57:19,901 [DEBUG] [TIME] 7093 cashflow: 0.18s
2026-10-02 07:57:20,105 [DEBUG] [TIME] 7093 dividends: 0.20s
2026-10-02 07:57:20,105 [INFO] [DETAIL] 7093 アディッシュ: income_stmt=OK, balance_sheet=OK, cashflow=OK, dividends=EMPTY
2026-10-02 07:57:20,105 [INFO] [TIME] 7093 アディッシュ 処理時間: 1.05s
2026-10-02 07:57:21,376 [DEBUG] [TIME] 7094 info: 0.24s
2026-10-02 07:57:21,377 [DEBUG] yfinance OK: 7094
2026-10-02 07:57:21,652 [DEBUG] [TIME] 7094 income_stmt: 0.28s
2026-10-02 07:57:21,911 [DEBUG] [TIME] 7094 balance_sheet: 0.26s
2026-10-02 07:57:22,114 [DEBUG] [TIME] 7094 cashflow: 0.20s
2026-10-02 07:57:22,327 [DEBUG] [TIME] 7094 dividends: 0.21s
2026-10-02 07:57:22,328 [INFO] [DETAIL] 7094 ＮｅｘＴｏｎｅ: income_stmt=OK, balance_sheet=OK, cashflow=OK, dividends=OK
2026-10-02 07:57:22,328 [INFO] [TIME] 7094 ＮｅｘＴｏｎｅ 処理時間: 1.19s
2026-10-02 07:57:24,374 [DEBUG] [TIME] 7095 info: 0.22s
2026-10-02 07:57:24,375 [DEBUG] yfinance OK: 7095
2026-10-02 07:57:24,601 [DEBUG] [TIME] 7095 income_stmt: 0.23s
2026-10-02 07:57:24,842 [DEBUG] [TIME] 7095 balance_sheet: 0.24s
2026-10-02 07:57:25,058 [DEBUG] [TIME] 7095 cashflow: 0.21s
2026-10-02 07:57:25,268 [DEBUG] [TIME] 7095 dividends: 0.21s
2026-10-02 07:57:25,269 [INFO] [DETAIL] 7095 Ｍａｃｂｅｅ　Ｐｌａｎｅｔ: income_stmt=OK, balance_sheet=OK, cashflow=OK, dividends=OK
2026-10-02 07:57:25,269 [INFO] [TIME] 7095 Ｍａｃｂｅｅ　Ｐｌａｎｅｔ 処理時間: 1.12s
2026-10-02 07:57:26,929 [DEBUG] [TIME] 7096 info: 0.27s
2026-10-02 07:57:26,929 [DEBUG] yfinance OK: 7096
2026-10-02 07:57:27,222 [DEBUG] [TIME] 7096 income_stmt: 0.29s
2026-10-02 07:57:27,435 [DEBUG] [TIME] 7096 balance_sheet: 0.21s
2026-10-02 07:57:27,630 [DEBUG] [TIME] 7096 cashflow: 0.19s
2026-10-02 07:57:27,830 [DEBUG] [TIME] 7096 dividends: 0.20s
2026-10-02 07:57:27,831 [INFO] [DETAIL] 7096 ステムセル研究所: income_stmt=OK, balance_sheet=OK, cashflow=OK, dividends=OK
2026-10-02 07:57:27,831 [INFO] [TIME] 7096 ステムセル研究所 処理時間: 1.17s
2026-10-02 07:57:29,585 [DEBUG] [TIME] 7097 info: 0.22s
2026-10-02 07:57:29,586 [DEBUG] yfinance OK: 7097
2026-10-02 07:57:29,778 [DEBUG] [TIME] 7097 income_stmt: 0.19s
2026-10-02 07:57:30,012 [DEBUG] [TIME] 7097 balance_sheet: 0.23s
2026-10-02 07:57:30,229 [DEBUG] [TIME] 7097 cashflow: 0.22s
2026-10-02 07:57:30,446 [DEBUG] [TIME] 7097 dividends: 0.22s
2026-10-02 07:57:30,447 [INFO] [DETAIL] 7097 さくらさくプラス: income_stmt=OK, balance_sheet=OK, cashflow=OK, dividends=OK
2026-10-02 07:57:30,447 [INFO] [TIME] 7097 さくらさくプラス 処理時間: 1.08s
2026-10-02 07:57:32,727 [DEBUG] [TIME] 7102 info: 0.27s
2026-10-02 07:57:32,727 [DEBUG] yfinance OK: 7102
2026-10-02 07:57:32,939 [DEBUG] [TIME] 7102 income_stmt: 0.21s
2026-10-02 07:57:33,186 [DEBUG] [TIME] 7102 balance_sheet: 0.25s
2026-10-02 07:57:33,438 [DEBUG] [TIME] 7102 cashflow: 0.25s
2026-10-02 07:57:33,833 [DEBUG] [TIME] 7102 dividends: 0.39s
2026-10-02 07:57:33,834 [INFO] [DETAIL] 7102 日本車輌製造: income_stmt=OK, balance_sheet=OK, cashflow=OK, dividends=OK
2026-10-02 07:57:33,834 [INFO] [TIME] 7102 日本車輌製造 処理時間: 1.38s
2026-10-02 07:57:35,390 [DEBUG] [TIME] 7110 info: 0.22s
2026-10-02 07:57:35,390 [DEBUG] yfinance OK: 7110
2026-10-02 07:57:35,584 [DEBUG] [TIME] 7110 income_stmt: 0.19s
2026-10-02 07:57:35,853 [DEBUG] [TIME] 7110 balance_sheet: 0.27s
2026-10-02 07:57:36,024 [DEBUG] [TIME] 7110 cashflow: 0.17s
2026-10-02 07:57:36,248 [DEBUG] [TIME] 7110 dividends: 0.22s
2026-10-02 07:57:36,249 [INFO] [DETAIL] 7110 クラシコム: income_stmt=OK, balance_sheet=OK, cashflow=OK, dividends=OK
2026-10-02 07:57:36,249 [INFO] [TIME] 7110 クラシコム 処理時間: 1.08s
2026-10-02 07:57:37,828 [DEBUG] [TIME] 7111 info: 0.22s
2026-10-02 07:57:37,828 [DEBUG] yfinance OK: 7111
2026-10-02 07:57:38,029 [DEBUG] [TIME] 7111 income_stmt: 0.20s
2026-10-02 07:57:38,222 [DEBUG] [TIME] 7111 balance_sheet: 0.19s
2026-10-02 07:57:38,402 [DEBUG] [TIME] 7111 cashflow: 0.18s
2026-10-02 07:57:38,592 [DEBUG] [TIME] 7111 dividends: 0.19s
2026-10-02 07:57:38,592 [INFO] [DETAIL] 7111 ＩＮＥＳＴ: income_stmt=OK, balance_sheet=OK, cashflow=OK, dividends=EMPTY
2026-10-02 07:57:38,592 [INFO] [TIME] 7111 ＩＮＥＳＴ 処理時間: 0.98s
2026-10-02 07:57:40,588 [DEBUG] [TIME] 7112 info: 0.25s
2026-10-02 07:57:40,588 [DEBUG] yfinance OK: 7112
2026-10-02 07:57:40,808 [DEBUG] [TIME] 7112 income_stmt: 0.22s
2026-10-02 07:57:41,028 [DEBUG] [TIME] 7112 balance_sheet: 0.22s
2026-10-02 07:57:41,184 [DEBUG] [TIME] 7112 cashflow: 0.16s
2026-10-02 07:57:41,367 [DEBUG] [TIME] 7112 dividends: 0.18s
2026-10-02 07:57:41,367 [INFO] [DETAIL] 7112 キューブ: income_stmt=OK, balance_sheet=OK, cashflow=OK, dividends=EMPTY
2026-10-02 07:57:41,367 [INFO] [TIME] 7112 キューブ 処理時間: 1.03s
2026-10-02 07:57:43,299 [DEBUG] [TIME] 7114 info: 0.22s
2026-10-02 07:57:43,299 [DEBUG] yfinance OK: 7114
2026-10-02 07:57:43,474 [DEBUG] [TIME] 7114 income_stmt: 0.17s
2026-10-02 07:57:43,684 [DEBUG] [TIME] 7114 balance_sheet: 0.21s
2026-10-02 07:57:43,822 [DEBUG] [TIME] 7114 cashflow: 0.14s
2026-10-02 07:57:44,012 [DEBUG] [TIME] 7114 dividends: 0.19s
2026-10-02 07:57:44,012 [INFO] [DETAIL] 7114 フーディソン: income_stmt=OK, balance_sheet=OK, cashflow=OK, dividends=EMPTY
2026-10-02 07:57:44,012 [INFO] [TIME] 7114 フーディソン 処理時間: 0.93s
2026-10-02 07:57:45,673 [DEBUG] [TIME] 7115 info: 0.27s
2026-10-02 07:57:45,673 [DEBUG] yfinance OK: 7115
2026-10-02 07:57:45,924 [DEBUG] [TIME] 7115 income_stmt: 0.25s
2026-10-02 07:57:46,253 [DEBUG] [TIME] 7115 balance_sheet: 0.33s
2026-10-02 07:57:46,496 [DEBUG] [TIME] 7115 cashflow: 0.24s
2026-10-02 07:57:46,728 [DEBUG] [TIME] 7115 dividends: 0.23s
2026-10-02 07:57:46,729 [INFO] [DETAIL] 7115 アルファパーチェス: income_stmt=OK, balance_sheet=OK, cashflow=OK, dividends=OK
2026-10-02 07:57:46,729 [INFO] [TIME] 7115 アルファパーチェス 処理時間: 1.33s
2026-10-02 07:57:48,254 [DEBUG] [TIME] 7119 info: 0.22s
2026-10-02 07:57:48,254 [DEBUG] yfinance OK: 7119
2026-10-02 07:57:48,475 [DEBUG] [TIME] 7119 income_stmt: 0.22s
2026-10-02 07:57:48,737 [DEBUG] [TIME] 7119 balance_sheet: 0.26s
2026-10-02 07:57:48,904 [DEBUG] [TIME] 7119 cashflow: 0.17s
2026-10-02 07:57:49,073 [DEBUG] [TIME] 7119 dividends: 0.17s
2026-10-02 07:57:49,074 [INFO] [DETAIL] 7119 ハルメクホールディングス: income_stmt=OK, balance_sheet=OK, cashflow=OK, dividends=OK
2026-10-02 07:57:49,074 [INFO] [TIME] 7119 ハルメクホールディングス 処理時間: 1.04s
2026-10-02 07:57:50,323 [DEBUG] [TIME] 7120 info: 0.23s
2026-10-02 07:57:50,323 [DEBUG] yfinance OK: 7120
2026-10-02 07:57:50,528 [DEBUG] [TIME] 7120 income_stmt: 0.21s
2026-10-02 07:57:50,752 [DEBUG] [TIME] 7120 balance_sheet: 0.22s
2026-10-02 07:57:50,918 [DEBUG] [TIME] 7120 cashflow: 0.17s
2026-10-02 07:57:51,146 [DEBUG] [TIME] 7120 dividends: 0.23s
2026-10-02 07:57:51,147 [INFO] [DETAIL] 7120 ＳＨＩＮＫＯ: income_stmt=OK, balance_sheet=OK, cashflow=OK, dividends=OK
2026-10-02 07:57:51,147 [INFO] [TIME] 7120 ＳＨＩＮＫＯ 処理時間: 1.05s
2026-10-02 07:57:52,829 [DEBUG] [TIME] 7122 info: 0.22s
2026-10-02 07:57:52,829 [DEBUG] yfinance OK: 7122
2026-10-02 07:57:53,034 [DEBUG] [TIME] 7122 income_stmt: 0.21s
2026-10-02 07:57:53,299 [DEBUG] [TIME] 7122 balance_sheet: 0.26s
2026-10-02 07:57:53,470 [DEBUG] [TIME] 7122 cashflow: 0.17s
2026-10-02 07:57:53,846 [DEBUG] [TIME] 7122 dividends: 0.38s
2026-10-02 07:57:53,847 [INFO] [DETAIL] 7122 近畿車輛: income_stmt=OK, balance_sheet=OK, cashflow=OK, dividends=OK
2026-10-02 07:57:53,847 [INFO] [TIME] 7122 近畿車輛 処理時間: 1.24s
2026-10-02 07:57:55,952 [DEBUG] [TIME] 7126 info: 0.27s
2026-10-02 07:57:55,952 [DEBUG] yfinance OK: 7126
2026-10-02 07:57:56,122 [DEBUG] [TIME] 7126 income_stmt: 0.17s
2026-10-02 07:57:56,419 [DEBUG] [TIME] 7126 balance_sheet: 0.30s
2026-10-02 07:57:56,687 [DEBUG] [TIME] 7126 cashflow: 0.27s
2026-10-02 07:57:56,898 [DEBUG] [TIME] 7126 dividends: 0.21s
2026-10-02 07:57:56,900 [INFO] [DETAIL] 7126 グローバルスタイル: income_stmt=OK, balance_sheet=OK, cashflow=OK, dividends=OK
2026-10-02 07:57:56,900 [INFO] [TIME] 7126 グローバルスタイル 処理時間: 1.22s
2026-10-02 07:57:58,804 [DEBUG] [TIME] 7127 info: 0.24s
2026-10-02 07:57:58,804 [DEBUG] yfinance OK: 7127
2026-10-02 07:57:59,062 [DEBUG] [TIME] 7127 income_stmt: 0.26s
2026-10-02 07:57:59,509 [DEBUG] [TIME] 7127 balance_sheet: 0.45s
2026-10-02 07:57:59,778 [DEBUG] [TIME] 7127 cashflow: 0.27s
2026-10-02 07:57:59,990 [DEBUG] [TIME] 7127 dividends: 0.21s
2026-10-02 07:57:59,991 [INFO] [DETAIL] 7127 一家ホールディングス: income_stmt=OK, balance_sheet=OK, cashflow=OK, dividends=EMPTY
2026-10-02 07:57:59,991 [INFO] [TIME] 7127 一家ホールディングス 処理時間: 1.43s
2026-10-02 07:58:01,536 [DEBUG] [TIME] 7128 info: 0.23s
2026-10-02 07:58:01,536 [DEBUG] yfinance OK: 7128
2026-10-02 07:58:01,758 [DEBUG] [TIME] 7128 income_stmt: 0.22s
2026-10-02 07:58:02,030 [DEBUG] [TIME] 7128 balance_sheet: 0.27s
2026-10-02 07:58:02,282 [DEBUG] [TIME] 7128 cashflow: 0.25s
2026-10-02 07:58:02,497 [DEBUG] [TIME] 7128 dividends: 0.21s
2026-10-02 07:58:02,498 [INFO] [DETAIL] 7128 ユニソルホールディングス: income_stmt=OK, balance_sheet=OK, cashflow=OK, dividends=OK
2026-10-02 07:58:02,498 [INFO] [TIME] 7128 ユニソルホールディングス 処理時間: 1.19s
2026-10-02 07:58:04,314 [DEBUG] [TIME] 7129 info: 0.23s
2026-10-02 07:58:04,314 [DEBUG] yfinance OK: 7129
2026-10-02 07:58:04,494 [DEBUG] [TIME] 7129 income_stmt: 0.18s
2026-10-02 07:58:04,710 [DEBUG] [TIME] 7129 balance_sheet: 0.22s
2026-10-02 07:58:04,909 [DEBUG] [TIME] 7129 cashflow: 0.20s
2026-10-02 07:58:05,112 [DEBUG] [TIME] 7129 dividends: 0.20s
2026-10-02 07:58:05,113 [INFO] [DETAIL] 7129 ミアヘルサホールディングス: income_stmt=OK, balance_sheet=OK, cashflow=OK, dividends=OK
2026-10-02 07:58:05,113 [INFO] [TIME] 7129 ミアヘルサホールディングス 処理時間: 1.03s
2026-10-02 07:58:06,663 [DEBUG] [TIME] 7130 info: 0.22s
2026-10-02 07:58:06,663 [DEBUG] yfinance OK: 7130
2026-10-02 07:58:06,872 [DEBUG] [TIME] 7130 income_stmt: 0.21s
2026-10-02 07:58:07,088 [DEBUG] [TIME] 7130 balance_sheet: 0.21s
2026-10-02 07:58:07,306 [DEBUG] [TIME] 7130 cashflow: 0.22s
2026-10-02 07:58:07,534 [DEBUG] [TIME] 7130 dividends: 0.23s
2026-10-02 07:58:07,535 [INFO] [DETAIL] 7130 ヤマエグループホールディングス: income_stmt=OK, balance_sheet=OK, cashflow=OK, dividends=OK
2026-10-02 07:58:07,535 [INFO] [TIME] 7130 ヤマエグループホールディングス 処理時間: 1.10s
2026-10-02 07:58:09,750 [DEBUG] [TIME] 7131 info: 0.23s
2026-10-02 07:58:09,750 [DEBUG] yfinance OK: 7131
2026-10-02 07:58:09,965 [DEBUG] [TIME] 7131 income_stmt: 0.22s
2026-10-02 07:58:10,179 [DEBUG] [TIME] 7131 balance_sheet: 0.21s
2026-10-02 07:58:10,346 [DEBUG] [TIME] 7131 cashflow: 0.17s
2026-10-02 07:58:10,576 [DEBUG] [TIME] 7131 dividends: 0.23s
2026-10-02 07:58:10,576 [INFO] [DETAIL] 7131 のむら産業: income_stmt=OK, balance_sheet=OK, cashflow=OK, dividends=OK
2026-10-02 07:58:10,577 [INFO] [TIME] 7131 のむら産業 処理時間: 1.05s
2026-10-02 07:58:12,307 [DEBUG] [TIME] 7133 info: 0.23s
2026-10-02 07:58:12,307 [DEBUG] yfinance OK: 7133
2026-10-02 07:58:12,522 [DEBUG] [TIME] 7133 income_stmt: 0.22s
2026-10-02 07:58:12,769 [DEBUG] [TIME] 7133 balance_sheet: 0.25s
2026-10-02 07:58:12,931 [DEBUG] [TIME] 7133 cashflow: 0.16s
2026-10-02 07:58:13,134 [DEBUG] [TIME] 7133 dividends: 0.20s
2026-10-02 07:58:13,135 [INFO] [DETAIL] 7133 ＨＹＵＧＡ　ＰＲＩＭＡＲＹ　ＣＡＲＥ: income_stmt=OK, balance_sheet=OK, cashflow=OK, dividends=OK
2026-10-02 07:58:13,135 [INFO] [TIME] 7133 ＨＹＵＧＡ　ＰＲＩＭＡＲＹ　ＣＡＲＥ 処理時間: 1.06s
2026-10-02 07:58:15,139 [DEBUG] [TIME] 7134 info: 0.23s
2026-10-02 07:58:15,139 [DEBUG] yfinance OK: 7134
2026-10-02 07:58:15,294 [DEBUG] [TIME] 7134 income_stmt: 0.16s
2026-10-02 07:58:15,584 [DEBUG] [TIME] 7134 balance_sheet: 0.29s
2026-10-02 07:58:15,728 [DEBUG] [TIME] 7134 cashflow: 0.14s
2026-10-02 07:58:15,940 [DEBUG] [TIME] 7134 dividends: 0.21s
2026-10-02 07:58:15,941 [INFO] [DETAIL] 7134 アップガレージグループ: income_stmt=OK, balance_sheet=OK, cashflow=OK, dividends=OK
2026-10-02 07:58:15,941 [INFO] [TIME] 7134 アップガレージグループ 処理時間: 1.03s
2026-10-02 07:58:18,173 [DEBUG] [TIME] 7135 info: 0.25s
2026-10-02 07:58:18,173 [DEBUG] yfinance OK: 7135
2026-10-02 07:58:18,374 [DEBUG] [TIME] 7135 income_stmt: 0.20s
2026-10-02 07:58:18,658 [DEBUG] [TIME] 7135 balance_sheet: 0.28s
2026-10-02 07:58:18,860 [DEBUG] [TIME] 7135 cashflow: 0.20s
2026-10-02 07:58:19,068 [DEBUG] [TIME] 7135 dividends: 0.21s
2026-10-02 07:58:19,069 [INFO] [DETAIL] 7135 ジャパンクラフトホールディングス: income_stmt=OK, balance_sheet=OK, cashflow=OK, dividends=OK
2026-10-02 07:58:19,069 [INFO] [TIME] 7135 ジャパンクラフトホールディングス 処理時間: 1.15s
2026-10-02 07:58:21,271 [DEBUG] [TIME] 7138 info: 0.23s
2026-10-02 07:58:21,271 [DEBUG] yfinance OK: 7138
2026-10-02 07:58:21,455 [DEBUG] [TIME] 7138 income_stmt: 0.18s
2026-10-02 07:58:21,631 [DEBUG] [TIME] 7138 balance_sheet: 0.17s
2026-10-02 07:58:21,861 [DEBUG] [TIME] 7138 cashflow: 0.23s
2026-10-02 07:58:22,101 [DEBUG] [TIME] 7138 dividends: 0.24s
2026-10-02 07:58:22,101 [INFO] [DETAIL] 7138 ＴＯＲＩＣＯ: income_stmt=OK, balance_sheet=OK, cashflow=OK, dividends=EMPTY
2026-10-02 07:58:22,101 [INFO] [TIME] 7138 ＴＯＲＩＣＯ 処理時間: 1.06s
2026-10-02 07:58:24,240 [DEBUG] [TIME] 7140 info: 0.25s
2026-10-02 07:58:24,240 [DEBUG] yfinance OK: 7140
2026-10-02 07:58:24,470 [DEBUG] [TIME] 7140 income_stmt: 0.23s
2026-10-02 07:58:24,755 [DEBUG] [TIME] 7140 balance_sheet: 0.28s
2026-10-02 07:58:24,902 [DEBUG] [TIME] 7140 cashflow: 0.15s
2026-10-02 07:58:25,089 [DEBUG] [TIME] 7140 dividends: 0.19s
2026-10-02 07:58:25,089 [INFO] [DETAIL] 7140 ペットゴー: income_stmt=OK, balance_sheet=OK, cashflow=OK, dividends=EMPTY
2026-10-02 07:58:25,089 [INFO] [TIME] 7140 ペットゴー 処理時間: 1.10s
2026-10-02 07:58:26,417 [DEBUG] [TIME] 7148 info: 0.23s
2026-10-02 07:58:26,417 [DEBUG] yfinance OK: 7148
2026-10-02 07:58:26,630 [DEBUG] [TIME] 7148 income_stmt: 0.21s
2026-10-02 07:58:26,844 [DEBUG] [TIME] 7148 balance_sheet: 0.21s
2026-10-02 07:58:26,988 [DEBUG] [TIME] 7148 cashflow: 0.14s
2026-10-02 07:58:27,327 [DEBUG] [TIME] 7148 dividends: 0.34s
2026-10-02 07:58:27,328 [INFO] [DETAIL] 7148 ＦＰＧ: income_stmt=OK, balance_sheet=OK, cashflow=OK, dividends=OK
2026-10-02 07:58:27,328 [INFO] [TIME] 7148 ＦＰＧ 処理時間: 1.14s
2026-10-02 07:58:29,119 [DEBUG] [TIME] 7150 info: 0.23s
2026-10-02 07:58:29,119 [DEBUG] yfinance OK: 7150
2026-10-02 07:58:29,359 [DEBUG] [TIME] 7150 income_stmt: 0.24s
2026-10-02 07:58:29,571 [DEBUG] [TIME] 7150 balance_sheet: 0.21s
2026-10-02 07:58:29,752 [DEBUG] [TIME] 7150 cashflow: 0.18s
2026-10-02 07:58:30,032 [DEBUG] [TIME] 7150 dividends: 0.28s
2026-10-02 07:58:30,033 [INFO] [DETAIL] 7150 島根銀行: income_stmt=OK, balance_sheet=OK, cashflow=OK, dividends=OK
2026-10-02 07:58:30,033 [INFO] [TIME] 7150 島根銀行 処理時間: 1.15s
2026-10-02 07:58:31,801 [DEBUG] [TIME] 7157 info: 0.23s
2026-10-02 07:58:31,801 [DEBUG] yfinance OK: 7157
2026-10-02 07:58:32,018 [DEBUG] [TIME] 7157 income_stmt: 0.22s
2026-10-02 07:58:32,218 [DEBUG] [TIME] 7157 balance_sheet: 0.20s
2026-10-02 07:58:32,415 [DEBUG] [TIME] 7157 cashflow: 0.20s
2026-10-02 07:58:32,653 [DEBUG] [TIME] 7157 dividends: 0.24s
2026-10-02 07:58:32,653 [INFO] [DETAIL] 7157 ライフネット生命保険: income_stmt=OK, balance_sheet=OK, cashflow=OK, dividends=EMPTY
2026-10-02 07:58:32,653 [INFO] [TIME] 7157 ライフネット生命保険 処理時間: 1.08s
2026-10-02 07:58:34,313 [DEBUG] [TIME] 7161 info: 0.29s
2026-10-02 07:58:34,313 [DEBUG] yfinance OK: 7161
2026-10-02 07:58:34,494 [DEBUG] [TIME] 7161 income_stmt: 0.18s
2026-10-02 07:58:34,729 [DEBUG] [TIME] 7161 balance_sheet: 0.23s
2026-10-02 07:58:34,929 [DEBUG] [TIME] 7161 cashflow: 0.20s
2026-10-02 07:58:35,222 [DEBUG] [TIME] 7161 dividends: 0.29s
2026-10-02 07:58:35,223 [INFO] [DETAIL] 7161 じもとホールディングス: income_stmt=OK, balance_sheet=OK, cashflow=OK, dividends=OK
2026-10-02 07:58:35,223 [INFO] [TIME] 7161 じもとホールディングス 処理時間: 1.20s
2026-10-02 07:58:37,266 [DEBUG] [TIME] 7162 info: 0.28s
2026-10-02 07:58:37,266 [DEBUG] yfinance OK: 7162
2026-10-02 07:58:37,529 [DEBUG] [TIME] 7162 income_stmt: 0.26s
2026-10-02 07:58:37,729 [DEBUG] [TIME] 7162 balance_sheet: 0.20s
2026-10-02 07:58:37,932 [DEBUG] [TIME] 7162 cashflow: 0.20s
2026-10-02 07:58:38,268 [DEBUG] [TIME] 7162 dividends: 0.33s
2026-10-02 07:58:38,269 [INFO] [DETAIL] 7162 アストマックス: income_stmt=OK, balance_sheet=OK, cashflow=OK, dividends=OK
2026-10-02 07:58:38,269 [INFO] [TIME] 7162 アストマックス 処理時間: 1.28s
2026-10-02 07:58:40,094 [DEBUG] [TIME] 7164 info: 0.23s
2026-10-02 07:58:40,094 [DEBUG] yfinance OK: 7164
2026-10-02 07:58:40,301 [DEBUG] [TIME] 7164 income_stmt: 0.21s
2026-10-02 07:58:40,513 [DEBUG] [TIME] 7164 balance_sheet: 0.21s
2026-10-02 07:58:40,717 [DEBUG] [TIME] 7164 cashflow: 0.20s
2026-10-02 07:58:41,030 [DEBUG] [TIME] 7164 dividends: 0.31s
2026-10-02 07:58:41,032 [INFO] [DETAIL] 7164 全国保証: income_stmt=OK, balance_sheet=OK, cashflow=OK, dividends=OK
2026-10-02 07:58:41,032 [INFO] [TIME] 7164 全国保証 処理時間: 1.17s
2026-10-02 07:58:42,679 [DEBUG] [TIME] 7167 info: 0.23s
2026-10-02 07:58:42,679 [DEBUG] yfinance OK: 7167
2026-10-02 07:58:42,967 [DEBUG] [TIME] 7167 income_stmt: 0.29s
2026-10-02 07:58:43,136 [DEBUG] [TIME] 7167 balance_sheet: 0.17s
2026-10-02 07:58:43,309 [DEBUG] [TIME] 7167 cashflow: 0.17s
2026-10-02 07:58:43,646 [DEBUG] [TIME] 7167 dividends: 0.34s
2026-10-02 07:58:43,648 [INFO] [DETAIL] 7167 めぶきフィナンシャルグループ: income_stmt=OK, balance_sheet=OK, cashflow=OK, dividends=OK
2026-10-02 07:58:43,648 [INFO] [TIME] 7167 めぶきフィナンシャルグループ 処理時間: 1.20s
2026-10-02 07:58:45,263 [DEBUG] [TIME] 7172 info: 0.24s
2026-10-02 07:58:45,263 [DEBUG] yfinance OK: 7172
2026-10-02 07:58:45,460 [DEBUG] [TIME] 7172 income_stmt: 0.20s
2026-10-02 07:58:45,774 [DEBUG] [TIME] 7172 balance_sheet: 0.31s
2026-10-02 07:58:45,983 [DEBUG] [TIME] 7172 cashflow: 0.21s
2026-10-02 07:58:46,253 [DEBUG] [TIME] 7172 dividends: 0.27s
2026-10-02 07:58:46,254 [INFO] [DETAIL] 7172 ジャパンインベストメントアドバイザー: income_stmt=OK, balance_sheet=OK, cashflow=OK, dividends=OK
2026-10-02 07:58:46,254 [INFO] [TIME] 7172 ジャパンインベストメントアドバイザー 処理時間: 1.23s
2026-10-02 07:58:48,103 [DEBUG] [TIME] 7173 info: 0.22s
2026-10-02 07:58:48,103 [DEBUG] yfinance OK: 7173
2026-10-02 07:58:48,343 [DEBUG] [TIME] 7173 income_stmt: 0.24s
2026-10-02 07:58:48,539 [DEBUG] [TIME] 7173 balance_sheet: 0.20s
2026-10-02 07:58:48,796 [DEBUG] [TIME] 7173 cashflow: 0.26s
2026-10-02 07:58:49,060 [DEBUG] [TIME] 7173 dividends: 0.26s
2026-10-02 07:58:49,061 [INFO] [DETAIL] 7173 東京きらぼしフィナンシャルグループ: income_stmt=OK, balance_sheet=OK, cashflow=OK, dividends=OK
2026-10-02 07:58:49,062 [INFO] [TIME] 7173 東京きらぼしフィナンシャルグループ 処理時間: 1.18s
2026-10-02 07:58:51,245 [DEBUG] [TIME] 7175 info: 0.23s
2026-10-02 07:58:51,245 [DEBUG] yfinance OK: 7175
2026-10-02 07:58:51,510 [DEBUG] [TIME] 7175 income_stmt: 0.26s
2026-10-02 07:58:51,772 [DEBUG] [TIME] 7175 balance_sheet: 0.26s
2026-10-02 07:58:52,008 [DEBUG] [TIME] 7175 cashflow: 0.23s
2026-10-02 07:58:52,277 [DEBUG] [TIME] 7175 dividends: 0.27s
2026-10-02 07:58:52,278 [INFO] [DETAIL] 7175 今村証券: income_stmt=OK, balance_sheet=OK, cashflow=OK, dividends=OK
2026-10-02 07:58:52,278 [INFO] [TIME] 7175 今村証券 処理時間: 1.26s
2026-10-02 07:58:54,237 [DEBUG] [TIME] 7177 info: 0.28s
2026-10-02 07:58:54,238 [DEBUG] yfinance OK: 7177
2026-10-02 07:58:54,427 [DEBUG] [TIME] 7177 income_stmt: 0.19s
2026-10-02 07:58:54,657 [DEBUG] [TIME] 7177 balance_sheet: 0.23s
2026-10-02 07:58:54,916 [DEBUG] [TIME] 7177 cashflow: 0.26s
2026-10-02 07:58:55,219 [DEBUG] [TIME] 7177 dividends: 0.30s
2026-10-02 07:58:55,220 [INFO] [DETAIL] 7177 ＧＭＯフィナンシャルホールディングス: income_stmt=OK, balance_sheet=OK, cashflow=OK, dividends=OK
2026-10-02 07:58:55,220 [INFO] [TIME] 7177 ＧＭＯフィナンシャルホールディングス 処理時間: 1.26s
2026-10-02 07:58:56,878 [DEBUG] [TIME] 7180 info: 0.28s
2026-10-02 07:58:56,878 [DEBUG] yfinance OK: 7180
2026-10-02 07:58:57,084 [DEBUG] [TIME] 7180 income_stmt: 0.21s
2026-10-02 07:58:57,334 [DEBUG] [TIME] 7180 balance_sheet: 0.25s
2026-10-02 07:58:57,527 [DEBUG] [TIME] 7180 cashflow: 0.19s
2026-10-02 07:58:57,805 [DEBUG] [TIME] 7180 dividends: 0.28s
2026-10-02 07:58:57,806 [INFO] [DETAIL] 7180 九州フィナンシャルグループ: income_stmt=OK, balance_sheet=OK, cashflow=OK, dividends=OK
2026-10-02 07:58:57,806 [INFO] [TIME] 7180 九州フィナンシャルグループ 処理時間: 1.20s
2026-10-02 07:58:59,338 [DEBUG] [TIME] 7181 info: 0.23s
2026-10-02 07:58:59,338 [DEBUG] yfinance OK: 7181
2026-10-02 07:58:59,497 [DEBUG] [TIME] 7181 income_stmt: 0.16s
2026-10-02 07:58:59,705 [DEBUG] [TIME] 7181 balance_sheet: 0.21s
2026-10-02 07:58:59,934 [DEBUG] [TIME] 7181 cashflow: 0.23s
2026-10-02 07:59:00,269 [DEBUG] [TIME] 7181 dividends: 0.34s
2026-10-02 07:59:00,270 [INFO] [DETAIL] 7181 かんぽ生命保険: income_stmt=OK, balance_sheet=OK, cashflow=OK, dividends=OK
2026-10-02 07:59:00,270 [INFO] [TIME] 7181 かんぽ生命保険 処理時間: 1.16s
2026-10-02 07:59:01,800 [DEBUG] [TIME] 7182 info: 0.28s
2026-10-02 07:59:01,800 [DEBUG] yfinance OK: 7182
2026-10-02 07:59:02,024 [DEBUG] [TIME] 7182 income_stmt: 0.22s
2026-10-02 07:59:02,256 [DEBUG] [TIME] 7182 balance_sheet: 0.23s
2026-10-02 07:59:02,419 [DEBUG] [TIME] 7182 cashflow: 0.16s
2026-10-02 07:59:02,647 [DEBUG] [TIME] 7182 dividends: 0.23s
2026-10-02 07:59:02,648 [INFO] [DETAIL] 7182 ゆうちょ銀行: income_stmt=OK, balance_sheet=OK, cashflow=OK, dividends=OK
2026-10-02 07:59:02,648 [INFO] [TIME] 7182 ゆうちょ銀行 処理時間: 1.13s
2026-10-02 07:59:04,725 [DEBUG] [TIME] 7183 info: 0.23s
2026-10-02 07:59:04,725 [DEBUG] yfinance OK: 7183
2026-10-02 07:59:04,895 [DEBUG] [TIME] 7183 income_stmt: 0.17s
2026-10-02 07:59:05,163 [DEBUG] [TIME] 7183 balance_sheet: 0.27s
2026-10-02 07:59:05,335 [DEBUG] [TIME] 7183 cashflow: 0.17s
2026-10-02 07:59:05,593 [DEBUG] [TIME] 7183 dividends: 0.26s
2026-10-02 07:59:05,594 [INFO] [DETAIL] 7183 あんしん保証: income_stmt=OK, balance_sheet=OK, cashflow=OK, dividends=OK
2026-10-02 07:59:05,594 [INFO] [TIME] 7183 あんしん保証 処理時間: 1.10s
2026-10-02 07:59:07,478 [DEBUG] [TIME] 7184 info: 0.33s
2026-10-02 07:59:07,478 [DEBUG] yfinance OK: 7184
2026-10-02 07:59:07,676 [DEBUG] [TIME] 7184 income_stmt: 0.20s
2026-10-02 07:59:07,888 [DEBUG] [TIME] 7184 balance_sheet: 0.21s
2026-10-02 07:59:08,067 [DEBUG] [TIME] 7184 cashflow: 0.18s
2026-10-02 07:59:08,356 [DEBUG] [TIME] 7184 dividends: 0.29s
2026-10-02 07:59:08,357 [INFO] [DETAIL] 7184 富山第一銀行: income_stmt=OK, balance_sheet=OK, cashflow=OK, dividends=OK
2026-10-02 07:59:08,358 [INFO] [TIME] 7184 富山第一銀行 処理時間: 1.21s
2026-10-02 07:59:10,244 [DEBUG] [TIME] 7185 info: 0.23s
2026-10-02 07:59:10,244 [DEBUG] yfinance OK: 7185
2026-10-02 07:59:10,415 [DEBUG] [TIME] 7185 income_stmt: 0.17s
2026-10-02 07:59:10,697 [DEBUG] [TIME] 7185 balance_sheet: 0.28s
2026-10-02 07:59:11,009 [DEBUG] [TIME] 7185 cashflow: 0.31s
2026-10-02 07:59:11,287 [DEBUG] [TIME] 7185 dividends: 0.28s
2026-10-02 07:59:11,288 [INFO] [DETAIL] 7185 ヒロセ通商: income_stmt=OK, balance_sheet=OK, cashflow=OK, dividends=OK
2026-10-02 07:59:11,288 [INFO] [TIME] 7185 ヒロセ通商 処理時間: 1.27s
2026-10-02 07:59:12,822 [DEBUG] [TIME] 7186 info: 0.24s
2026-10-02 07:59:12,822 [DEBUG] yfinance OK: 7186
2026-10-02 07:59:13,038 [DEBUG] [TIME] 7186 income_stmt: 0.22s
2026-10-02 07:59:13,333 [DEBUG] [TIME] 7186 balance_sheet: 0.29s
2026-10-02 07:59:13,535 [DEBUG] [TIME] 7186 cashflow: 0.20s
2026-10-02 07:59:13,871 [DEBUG] [TIME] 7186 dividends: 0.34s
2026-10-02 07:59:13,872 [INFO] [DETAIL] 7186 横浜フィナンシャルグループ: income_stmt=OK, balance_sheet=OK, cashflow=OK, dividends=OK
2026-10-02 07:59:13,872 [INFO] [TIME] 7186 横浜フィナンシャルグループ 処理時間: 1.29s
2026-10-02 07:59:15,428 [DEBUG] [TIME] 7187 info: 0.28s
2026-10-02 07:59:15,428 [DEBUG] yfinance OK: 7187
2026-10-02 07:59:15,643 [DEBUG] [TIME] 7187 income_stmt: 0.22s
2026-10-02 07:59:15,989 [DEBUG] [TIME] 7187 balance_sheet: 0.35s
2026-10-02 07:59:16,205 [DEBUG] [TIME] 7187 cashflow: 0.21s
2026-10-02 07:59:16,505 [DEBUG] [TIME] 7187 dividends: 0.30s
2026-10-02 07:59:16,506 [INFO] [DETAIL] 7187 ジェイリース: income_stmt=OK, balance_sheet=OK, cashflow=OK, dividends=OK
2026-10-02 07:59:16,506 [INFO] [TIME] 7187 ジェイリース 処理時間: 1.36s
2026-10-02 07:59:18,453 [DEBUG] [TIME] 7189 info: 0.23s
2026-10-02 07:59:18,453 [DEBUG] yfinance OK: 7189
2026-10-02 07:59:18,651 [DEBUG] [TIME] 7189 income_stmt: 0.20s
2026-10-02 07:59:18,822 [DEBUG] [TIME] 7189 balance_sheet: 0.17s
2026-10-02 07:59:19,044 [DEBUG] [TIME] 7189 cashflow: 0.22s
2026-10-02 07:59:19,423 [DEBUG] [TIME] 7189 dividends: 0.38s
2026-10-02 07:59:19,424 [INFO] [DETAIL] 7189 西日本フィナンシャルホールディングス: income_stmt=OK, balance_sheet=OK, cashflow=OK, dividends=OK
2026-10-02 07:59:19,424 [INFO] [TIME] 7189 西日本フィナンシャルホールディングス 処理時間: 1.20s
2026-10-02 07:59:21,223 [DEBUG] [TIME] 7191 info: 0.23s
2026-10-02 07:59:21,224 [DEBUG] yfinance OK: 7191
2026-10-02 07:59:21,464 [DEBUG] [TIME] 7191 income_stmt: 0.24s
2026-10-02 07:59:21,657 [DEBUG] [TIME] 7191 balance_sheet: 0.19s
2026-10-02 07:59:21,912 [DEBUG] [TIME] 7191 cashflow: 0.25s
2026-10-02 07:59:22,169 [DEBUG] [TIME] 7191 dividends: 0.26s
2026-10-02 07:59:22,170 [INFO] [DETAIL] 7191 イントラスト: income_stmt=OK, balance_sheet=OK, cashflow=OK, dividends=OK
2026-10-02 07:59:22,170 [INFO] [TIME] 7191 イントラスト 処理時間: 1.18s
2026-10-02 07:59:23,950 [DEBUG] [TIME] 7192 info: 0.22s
2026-10-02 07:59:23,950 [DEBUG] yfinance OK: 7192
2026-10-02 07:59:24,145 [DEBUG] [TIME] 7192 income_stmt: 0.19s
2026-10-02 07:59:24,401 [DEBUG] [TIME] 7192 balance_sheet: 0.26s
2026-10-02 07:59:24,603 [DEBUG] [TIME] 7192 cashflow: 0.20s
2026-10-02 07:59:24,858 [DEBUG] [TIME] 7192 dividends: 0.25s
2026-10-02 07:59:24,859 [INFO] [DETAIL] 7192 日本モーゲージサービス: income_stmt=OK, balance_sheet=OK, cashflow=OK, dividends=OK
2026-10-02 07:59:24,859 [INFO] [TIME] 7192 日本モーゲージサービス 処理時間: 1.13s
2026-10-02 07:59:27,006 [DEBUG] [TIME] 7196 info: 0.23s
2026-10-02 07:59:27,006 [DEBUG] yfinance OK: 7196
2026-10-02 07:59:27,234 [DEBUG] [TIME] 7196 income_stmt: 0.23s
2026-10-02 07:59:27,494 [DEBUG] [TIME] 7196 balance_sheet: 0.26s
2026-10-02 07:59:27,717 [DEBUG] [TIME] 7196 cashflow: 0.22s
2026-10-02 07:59:27,961 [DEBUG] [TIME] 7196 dividends: 0.24s
2026-10-02 07:59:27,962 [INFO] [DETAIL] 7196 Ｃａｓａ: income_stmt=OK, balance_sheet=OK, cashflow=OK, dividends=OK
2026-10-02 07:59:27,962 [INFO] [TIME] 7196 Ｃａｓａ 処理時間: 1.18s
2026-10-02 07:59:29,461 [DEBUG] [TIME] 7198 info: 0.23s
2026-10-02 07:59:29,461 [DEBUG] yfinance OK: 7198
2026-10-02 07:59:29,717 [DEBUG] [TIME] 7198 income_stmt: 0.26s
2026-10-02 07:59:29,930 [DEBUG] [TIME] 7198 balance_sheet: 0.21s
2026-10-02 07:59:30,067 [DEBUG] [TIME] 7198 cashflow: 0.14s
2026-10-02 07:59:30,309 [DEBUG] [TIME] 7198 dividends: 0.24s
2026-10-02 07:59:30,310 [INFO] [DETAIL] 7198 ＳＢＩアルヒ: income_stmt=OK, balance_sheet=OK, cashflow=OK, dividends=OK
2026-10-02 07:59:30,310 [INFO] [TIME] 7198 ＳＢＩアルヒ 処理時間: 1.08s
2026-10-02 07:59:32,423 [DEBUG] [TIME] 7199 info: 0.22s
2026-10-02 07:59:32,423 [DEBUG] yfinance OK: 7199
2026-10-02 07:59:32,686 [DEBUG] [TIME] 7199 income_stmt: 0.26s
2026-10-02 07:59:32,851 [DEBUG] [TIME] 7199 balance_sheet: 0.17s
2026-10-02 07:59:32,998 [DEBUG] [TIME] 7199 cashflow: 0.15s
2026-10-02 07:59:33,236 [DEBUG] [TIME] 7199 dividends: 0.24s
2026-10-02 07:59:33,237 [INFO] [DETAIL] 7199 プレミアグループ: income_stmt=OK, balance_sheet=OK, cashflow=OK, dividends=OK
2026-10-02 07:59:33,237 [INFO] [TIME] 7199 プレミアグループ 処理時間: 1.04s
2026-10-02 07:59:34,673 [DEBUG] [TIME] 7201 info: 0.23s
2026-10-02 07:59:34,673 [DEBUG] yfinance OK: 7201
2026-10-02 07:59:34,966 [DEBUG] [TIME] 7201 income_stmt: 0.29s
2026-10-02 07:59:35,281 [DEBUG] [TIME] 7201 balance_sheet: 0.31s
2026-10-02 07:59:35,528 [DEBUG] [TIME] 7201 cashflow: 0.25s
2026-10-02 07:59:35,932 [DEBUG] [TIME] 7201 dividends: 0.40s
2026-10-02 07:59:35,933 [INFO] [DETAIL] 7201 日産自動車: income_stmt=OK, balance_sheet=OK, cashflow=OK, dividends=OK
2026-10-02 07:59:35,933 [INFO] [TIME] 7201 日産自動車 処理時間: 1.49s
2026-10-02 07:59:37,710 [DEBUG] [TIME] 7202 info: 0.33s
2026-10-02 07:59:37,710 [DEBUG] yfinance OK: 7202
2026-10-02 07:59:38,002 [DEBUG] [TIME] 7202 income_stmt: 0.29s
2026-10-02 07:59:38,279 [DEBUG] [TIME] 7202 balance_sheet: 0.28s
2026-10-02 07:59:38,439 [DEBUG] [TIME] 7202 cashflow: 0.16s
2026-10-02 07:59:38,779 [DEBUG] [TIME] 7202 dividends: 0.34s
2026-10-02 07:59:38,780 [INFO] [DETAIL] 7202 いすゞ自動車: income_stmt=OK, balance_sheet=OK, cashflow=OK, dividends=OK
2026-10-02 07:59:38,780 [INFO] [TIME] 7202 いすゞ自動車 処理時間: 1.40s
2026-10-02 07:59:40,229 [DEBUG] [TIME] 7203 info: 0.22s
2026-10-02 07:59:40,229 [DEBUG] yfinance OK: 7203
2026-10-02 07:59:40,425 [DEBUG] [TIME] 7203 income_stmt: 0.20s
2026-10-02 07:59:40,795 [DEBUG] [TIME] 7203 balance_sheet: 0.37s
2026-10-02 07:59:41,037 [DEBUG] [TIME] 7203 cashflow: 0.24s
2026-10-02 07:59:41,472 [DEBUG] [TIME] 7203 dividends: 0.43s
2026-10-02 07:59:41,473 [INFO] [DETAIL] 7203 トヨタ自動車: income_stmt=OK, balance_sheet=OK, cashflow=OK, dividends=OK
2026-10-02 07:59:41,473 [INFO] [TIME] 7203 トヨタ自動車 処理時間: 1.47s
2026-10-02 07:59:43,387 [DEBUG] [TIME] 7208 info: 0.23s
2026-10-02 07:59:43,387 [DEBUG] yfinance OK: 7208
2026-10-02 07:59:43,592 [DEBUG] [TIME] 7208 income_stmt: 0.20s
2026-10-02 07:59:43,808 [DEBUG] [TIME] 7208 balance_sheet: 0.22s
2026-10-02 07:59:44,093 [DEBUG] [TIME] 7208 cashflow: 0.28s
2026-10-02 07:59:44,429 [DEBUG] [TIME] 7208 dividends: 0.34s
2026-10-02 07:59:44,430 [INFO] [DETAIL] 7208 カネミツ: income_stmt=OK, balance_sheet=OK, cashflow=OK, dividends=OK
2026-10-02 07:59:44,430 [INFO] [TIME] 7208 カネミツ 処理時間: 1.28s
2026-10-02 07:59:46,284 [DEBUG] [TIME] 7211 info: 0.27s
2026-10-02 07:59:46,284 [DEBUG] yfinance OK: 7211
2026-10-02 07:59:46,534 [DEBUG] [TIME] 7211 income_stmt: 0.25s
2026-10-02 07:59:46,905 [DEBUG] [TIME] 7211 balance_sheet: 0.37s
2026-10-02 07:59:47,112 [DEBUG] [TIME] 7211 cashflow: 0.21s
2026-10-02 07:59:47,493 [DEBUG] [TIME] 7211 dividends: 0.38s
2026-10-02 07:59:47,494 [INFO] [DETAIL] 7211 三菱自動車工業: income_stmt=OK, balance_sheet=OK, cashflow=OK, dividends=OK
2026-10-02 07:59:47,494 [INFO] [TIME] 7211 三菱自動車工業 処理時間: 1.48s
2026-10-02 07:59:48,843 [DEBUG] [TIME] 7212 info: 0.23s
2026-10-02 07:59:48,843 [DEBUG] yfinance OK: 7212
2026-10-02 07:59:49,109 [DEBUG] [TIME] 7212 income_stmt: 0.27s
2026-10-02 07:59:49,450 [DEBUG] [TIME] 7212 balance_sheet: 0.34s
2026-10-02 07:59:49,649 [DEBUG] [TIME] 7212 cashflow: 0.20s
2026-10-02 07:59:50,004 [DEBUG] [TIME] 7212 dividends: 0.35s
2026-10-02 07:59:50,005 [INFO] [DETAIL] 7212 エフテック: income_stmt=OK, balance_sheet=OK, cashflow=OK, dividends=OK
2026-10-02 07:59:50,005 [INFO] [TIME] 7212 エフテック 処理時間: 1.39s
2026-10-02 07:59:52,265 [DEBUG] [TIME] 7213 info: 0.26s
2026-10-02 07:59:52,265 [DEBUG] yfinance OK: 7213
2026-10-02 07:59:52,509 [DEBUG] [TIME] 7213 income_stmt: 0.24s
2026-10-02 07:59:52,760 [DEBUG] [TIME] 7213 balance_sheet: 0.25s
2026-10-02 07:59:53,074 [DEBUG] [TIME] 7213 cashflow: 0.31s
2026-10-02 07:59:53,509 [DEBUG] [TIME] 7213 dividends: 0.44s
2026-10-02 07:59:53,510 [INFO] [DETAIL] 7213 レシップホールディングス: income_stmt=OK, balance_sheet=OK, cashflow=OK, dividends=OK
2026-10-02 07:59:53,510 [INFO] [TIME] 7213 レシップホールディングス 処理時間: 1.51s
2026-10-02 07:59:55,086 [DEBUG] [TIME] 7214 info: 0.28s
2026-10-02 07:59:55,086 [DEBUG] yfinance OK: 7214
2026-10-02 07:59:55,276 [DEBUG] [TIME] 7214 income_stmt: 0.19s
2026-10-02 07:59:55,516 [DEBUG] [TIME] 7214 balance_sheet: 0.24s
2026-10-02 07:59:55,691 [DEBUG] [TIME] 7214 cashflow: 0.17s
2026-10-02 07:59:56,106 [DEBUG] [TIME] 7214 dividends: 0.41s
2026-10-02 07:59:56,107 [INFO] [DETAIL] 7214 ＧＭＢ: income_stmt=OK, balance_sheet=OK, cashflow=OK, dividends=OK
2026-10-02 07:59:56,107 [INFO] [TIME] 7214 ＧＭＢ 処理時間: 1.30s
2026-10-02 07:59:57,799 [DEBUG] [TIME] 7215 info: 0.24s
2026-10-02 07:59:57,800 [DEBUG] yfinance OK: 7215
2026-10-02 07:59:57,978 [DEBUG] [TIME] 7215 income_stmt: 0.18s
2026-10-02 07:59:58,172 [DEBUG] [TIME] 7215 balance_sheet: 0.19s
2026-10-02 07:59:58,407 [DEBUG] [TIME] 7215 cashflow: 0.23s
2026-10-02 07:59:58,750 [DEBUG] [TIME] 7215 dividends: 0.34s
2026-10-02 07:59:58,751 [INFO] [DETAIL] 7215 ファルテック: income_stmt=OK, balance_sheet=OK, cashflow=OK, dividends=OK
2026-10-02 07:59:58,751 [INFO] [TIME] 7215 ファルテック 処理時間: 1.19s
2026-10-02 08:00:00,453 [DEBUG] [TIME] 7217 info: 0.25s
2026-10-02 08:00:00,454 [DEBUG] yfinance OK: 7217
2026-10-02 08:00:00,692 [DEBUG] [TIME] 7217 income_stmt: 0.24s
2026-10-02 08:00:00,969 [DEBUG] [TIME] 7217 balance_sheet: 0.28s
2026-10-02 08:00:01,210 [DEBUG] [TIME] 7217 cashflow: 0.24s
2026-10-02 08:00:01,565 [DEBUG] [TIME] 7217 dividends: 0.35s
2026-10-02 08:00:01,566 [INFO] [DETAIL] 7217 テイン: income_stmt=OK, balance_sheet=OK, cashflow=OK, dividends=OK
2026-10-02 08:00:01,566 [INFO] [TIME] 7217 テイン 処理時間: 1.36s
2026-10-02 08:00:03,062 [DEBUG] [TIME] 7218 info: 0.23s
2026-10-02 08:00:03,062 [DEBUG] yfinance OK: 7218
2026-10-02 08:00:03,294 [DEBUG] [TIME] 7218 income_stmt: 0.23s
2026-10-02 08:00:03,556 [DEBUG] [TIME] 7218 balance_sheet: 0.26s
2026-10-02 08:00:03,779 [DEBUG] [TIME] 7218 cashflow: 0.22s
2026-10-02 08:00:04,181 [DEBUG] [TIME] 7218 dividends: 0.40s
2026-10-02 08:00:04,182 [INFO] [DETAIL] 7218 田中精密工業: income_stmt=OK, balance_sheet=OK, cashflow=OK, dividends=OK
2026-10-02 08:00:04,183 [INFO] [TIME] 7218 田中精密工業 処理時間: 1.35s
2026-10-02 08:00:06,401 [DEBUG] [TIME] 7219 info: 0.23s
2026-10-02 08:00:06,401 [DEBUG] yfinance OK: 7219
2026-10-02 08:00:06,603 [DEBUG] [TIME] 7219 income_stmt: 0.20s
2026-10-02 08:00:06,770 [DEBUG] [TIME] 7219 balance_sheet: 0.17s
2026-10-02 08:00:06,992 [DEBUG] [TIME] 7219 cashflow: 0.22s
2026-10-02 08:00:07,393 [DEBUG] [TIME] 7219 dividends: 0.40s
2026-10-02 08:00:07,394 [INFO] [DETAIL] 7219 エッチ・ケー・エス: income_stmt=OK, balance_sheet=OK, cashflow=OK, dividends=OK
2026-10-02 08:00:07,394 [INFO] [TIME] 7219 エッチ・ケー・エス 処理時間: 1.23s
2026-10-02 08:00:09,356 [DEBUG] [TIME] 7220 info: 0.28s
2026-10-02 08:00:09,356 [DEBUG] yfinance OK: 7220
2026-10-02 08:00:09,630 [DEBUG] [TIME] 7220 income_stmt: 0.27s
2026-10-02 08:00:09,887 [DEBUG] [TIME] 7220 balance_sheet: 0.26s
2026-10-02 08:00:10,130 [DEBUG] [TIME] 7220 cashflow: 0.24s
2026-10-02 08:00:10,505 [DEBUG] [TIME] 7220 dividends: 0.37s
2026-10-02 08:00:10,506 [INFO] [DETAIL] 7220 武蔵精密工業: income_stmt=OK, balance_sheet=OK, cashflow=OK, dividends=OK
2026-10-02 08:00:10,506 [INFO] [TIME] 7220 武蔵精密工業 処理時間: 1.43s
2026-10-02 08:00:11,812 [DEBUG] [TIME] 7222 info: 0.23s
2026-10-02 08:00:11,812 [DEBUG] yfinance OK: 7222
2026-10-02 08:00:12,007 [DEBUG] [TIME] 7222 income_stmt: 0.19s
2026-10-02 08:00:12,232 [DEBUG] [TIME] 7222 balance_sheet: 0.22s
2026-10-02 08:00:12,441 [DEBUG] [TIME] 7222 cashflow: 0.21s
2026-10-02 08:00:12,831 [DEBUG] [TIME] 7222 dividends: 0.39s
2026-10-02 08:00:12,832 [INFO] [DETAIL] 7222 日産車体: income_stmt=OK, balance_sheet=OK, cashflow=OK, dividends=OK
2026-10-02 08:00:12,832 [INFO] [TIME] 7222 日産車体 処理時間: 1.25s
2026-10-02 08:00:14,157 [DEBUG] [TIME] 7224 info: 0.23s
2026-10-02 08:00:14,158 [DEBUG] yfinance OK: 7224
2026-10-02 08:00:14,414 [DEBUG] [TIME] 7224 income_stmt: 0.26s
2026-10-02 08:00:14,663 [DEBUG] [TIME] 7224 balance_sheet: 0.25s
2026-10-02 08:00:14,893 [DEBUG] [TIME] 7224 cashflow: 0.23s
2026-10-02 08:00:15,300 [DEBUG] [TIME] 7224 dividends: 0.41s
2026-10-02 08:00:15,301 [INFO] [DETAIL] 7224 新明和工業: income_stmt=OK, balance_sheet=OK, cashflow=OK, dividends=OK
2026-10-02 08:00:15,301 [INFO] [TIME] 7224 新明和工業 処理時間: 1.37s
2026-10-02 08:00:16,772 [DEBUG] [TIME] 7226 info: 0.24s
2026-10-02 08:00:16,772 [DEBUG] yfinance OK: 7226
2026-10-02 08:00:17,023 [DEBUG] [TIME] 7226 income_stmt: 0.25s
2026-10-02 08:00:17,275 [DEBUG] [TIME] 7226 balance_sheet: 0.25s
2026-10-02 08:00:17,528 [DEBUG] [TIME] 7226 cashflow: 0.25s
2026-10-02 08:00:17,896 [DEBUG] [TIME] 7226 dividends: 0.37s
2026-10-02 08:00:17,897 [INFO] [DETAIL] 7226 極東開発工業: income_stmt=OK, balance_sheet=OK, cashflow=OK, dividends=OK
2026-10-02 08:00:17,897 [INFO] [TIME] 7226 極東開発工業 処理時間: 1.36s
2026-10-02 08:00:19,595 [DEBUG] [TIME] 7228 info: 0.22s
2026-10-02 08:00:19,595 [DEBUG] yfinance OK: 7228
2026-10-02 08:00:19,799 [DEBUG] [TIME] 7228 income_stmt: 0.20s
2026-10-02 08:00:20,048 [DEBUG] [TIME] 7228 balance_sheet: 0.25s
2026-10-02 08:00:20,354 [DEBUG] [TIME] 7228 cashflow: 0.30s
2026-10-02 08:00:20,668 [DEBUG] [TIME] 7228 dividends: 0.31s
2026-10-02 08:00:20,669 [INFO] [DETAIL] 7228 デイトナ: income_stmt=OK, balance_sheet=OK, cashflow=OK, dividends=OK
2026-10-02 08:00:20,669 [INFO] [TIME] 7228 デイトナ 処理時間: 1.30s
2026-10-02 08:00:22,373 [DEBUG] [TIME] 7229 info: 0.40s
2026-10-02 08:00:22,373 [WARNING] yfinance データなし: 7229
2026-10-02 08:00:22,373 [INFO] [TIME] 7229 ユタカ技研 処理時間: 0.40s
2026-10-02 08:00:24,362 [DEBUG] [TIME] 7231 info: 0.23s
2026-10-02 08:00:24,362 [DEBUG] yfinance OK: 7231
2026-10-02 08:00:24,577 [DEBUG] [TIME] 7231 income_stmt: 0.21s
2026-10-02 08:00:24,792 [DEBUG] [TIME] 7231 balance_sheet: 0.21s
2026-10-02 08:00:24,963 [DEBUG] [TIME] 7231 cashflow: 0.17s
2026-10-02 08:00:25,322 [DEBUG] [TIME] 7231 dividends: 0.36s
2026-10-02 08:00:25,323 [INFO] [DETAIL] 7231 トピー工業: income_stmt=OK, balance_sheet=OK, cashflow=OK, dividends=OK
2026-10-02 08:00:25,323 [INFO] [TIME] 7231 トピー工業 処理時間: 1.19s
2026-10-02 08:00:27,214 [DEBUG] [TIME] 7235 info: 0.23s
2026-10-02 08:00:27,214 [DEBUG] yfinance OK: 7235
2026-10-02 08:00:27,454 [DEBUG] [TIME] 7235 income_stmt: 0.24s
2026-10-02 08:00:27,679 [DEBUG] [TIME] 7235 balance_sheet: 0.22s
2026-10-02 08:00:27,884 [DEBUG] [TIME] 7235 cashflow: 0.20s
2026-10-02 08:00:28,276 [DEBUG] [TIME] 7235 dividends: 0.39s
2026-10-02 08:00:28,277 [INFO] [DETAIL] 7235 東京ラヂエーター製造: income_stmt=OK, balance_sheet=OK, cashflow=OK, dividends=OK
2026-10-02 08:00:28,277 [INFO] [TIME] 7235 東京ラヂエーター製造 処理時間: 1.29s
2026-10-02 08:00:30,146 [DEBUG] [TIME] 7236 info: 0.23s
2026-10-02 08:00:30,146 [DEBUG] yfinance OK: 7236
2026-10-02 08:00:30,366 [DEBUG] [TIME] 7236 income_stmt: 0.22s
2026-10-02 08:00:30,592 [DEBUG] [TIME] 7236 balance_sheet: 0.23s
2026-10-02 08:00:30,763 [DEBUG] [TIME] 7236 cashflow: 0.17s
2026-10-02 08:00:31,143 [DEBUG] [TIME] 7236 dividends: 0.38s
2026-10-02 08:00:31,144 [INFO] [DETAIL] 7236 ティラド: income_stmt=OK, balance_sheet=OK, cashflow=OK, dividends=OK
2026-10-02 08:00:31,144 [INFO] [TIME] 7236 ティラド 処理時間: 1.22s
2026-10-02 08:00:33,049 [DEBUG] [TIME] 7238 info: 0.24s
2026-10-02 08:00:33,049 [DEBUG] yfinance OK: 7238
2026-10-02 08:00:33,205 [DEBUG] [TIME] 7238 income_stmt: 0.16s
2026-10-02 08:00:33,475 [DEBUG] [TIME] 7238 balance_sheet: 0.27s
2026-10-02 08:00:33,646 [DEBUG] [TIME] 7238 cashflow: 0.17s
2026-10-02 08:00:33,996 [DEBUG] [TIME] 7238 dividends: 0.35s
2026-10-02 08:00:33,997 [INFO] [DETAIL] 7238 曙ブレーキ工業: income_stmt=OK, balance_sheet=OK, cashflow=OK, dividends=OK
2026-10-02 08:00:33,997 [INFO] [TIME] 7238 曙ブレーキ工業 処理時間: 1.18s
2026-10-02 08:00:35,550 [DEBUG] [TIME] 7239 info: 0.23s
2026-10-02 08:00:35,550 [DEBUG] yfinance OK: 7239
2026-10-02 08:00:35,752 [DEBUG] [TIME] 7239 income_stmt: 0.20s
2026-10-02 08:00:35,963 [DEBUG] [TIME] 7239 balance_sheet: 0.21s
2026-10-02 08:00:36,169 [DEBUG] [TIME] 7239 cashflow: 0.21s
2026-10-02 08:00:36,528 [DEBUG] [TIME] 7239 dividends: 0.36s
2026-10-02 08:00:36,529 [INFO] [DETAIL] 7239 タチエス: income_stmt=OK, balance_sheet=OK, cashflow=OK, dividends=OK
2026-10-02 08:00:36,529 [INFO] [TIME] 7239 タチエス 処理時間: 1.21s
2026-10-02 08:00:38,079 [DEBUG] [TIME] 7240 info: 0.23s
2026-10-02 08:00:38,079 [DEBUG] yfinance OK: 7240
2026-10-02 08:00:38,345 [DEBUG] [TIME] 7240 income_stmt: 0.27s
2026-10-02 08:00:38,570 [DEBUG] [TIME] 7240 balance_sheet: 0.22s
2026-10-02 08:00:38,731 [DEBUG] [TIME] 7240 cashflow: 0.16s
2026-10-02 08:00:39,083 [DEBUG] [TIME] 7240 dividends: 0.35s
2026-10-02 08:00:39,085 [INFO] [DETAIL] 7240 ＮＯＫ: income_stmt=OK, balance_sheet=OK, cashflow=OK, dividends=OK
2026-10-02 08:00:39,085 [INFO] [TIME] 7240 ＮＯＫ 処理時間: 1.23s
2026-10-02 08:00:41,007 [DEBUG] [TIME] 7241 info: 0.24s
2026-10-02 08:00:41,007 [DEBUG] yfinance OK: 7241
2026-10-02 08:00:41,187 [DEBUG] [TIME] 7241 income_stmt: 0.18s
2026-10-02 08:00:41,373 [DEBUG] [TIME] 7241 balance_sheet: 0.19s
2026-10-02 08:00:41,570 [DEBUG] [TIME] 7241 cashflow: 0.20s
2026-10-02 08:00:41,936 [DEBUG] [TIME] 7241 dividends: 0.37s
2026-10-02 08:00:41,937 [INFO] [DETAIL] 7241 フタバ産業: income_stmt=OK, balance_sheet=OK, cashflow=OK, dividends=OK
2026-10-02 08:00:41,938 [INFO] [TIME] 7241 フタバ産業 処理時間: 1.17s
2026-10-02 08:00:43,579 [DEBUG] [TIME] 7242 info: 0.24s
2026-10-02 08:00:43,579 [DEBUG] yfinance OK: 7242
2026-10-02 08:00:43,806 [DEBUG] [TIME] 7242 income_stmt: 0.23s
2026-10-02 08:00:44,022 [DEBUG] [TIME] 7242 balance_sheet: 0.22s
2026-10-02 08:00:44,257 [DEBUG] [TIME] 7242 cashflow: 0.23s
2026-10-02 08:00:44,662 [DEBUG] [TIME] 7242 dividends: 0.40s
2026-10-02 08:00:44,663 [INFO] [DETAIL] 7242 カヤバ: income_stmt=OK, balance_sheet=OK, cashflow=OK, dividends=OK
2026-10-02 08:00:44,664 [INFO] [TIME] 7242 カヤバ 処理時間: 1.32s
2026-10-02 08:00:46,537 [DEBUG] [TIME] 7244 info: 0.34s
2026-10-02 08:00:46,537 [DEBUG] yfinance OK: 7244
2026-10-02 08:00:46,802 [DEBUG] [TIME] 7244 income_stmt: 0.26s
2026-10-02 08:00:47,127 [DEBUG] [TIME] 7244 balance_sheet: 0.32s
2026-10-02 08:00:47,418 [DEBUG] [TIME] 7244 cashflow: 0.29s
2026-10-02 08:00:47,751 [DEBUG] [TIME] 7244 dividends: 0.33s
2026-10-02 08:00:47,752 [INFO] [DETAIL] 7244 市光工業: income_stmt=OK, balance_sheet=OK, cashflow=OK, dividends=OK
2026-10-02 08:00:47,752 [INFO] [TIME] 7244 市光工業 処理時間: 1.55s
2026-10-02 08:00:49,737 [DEBUG] [TIME] 7245 info: 0.23s
2026-10-02 08:00:49,737 [DEBUG] yfinance OK: 7245
2026-10-02 08:00:49,964 [DEBUG] [TIME] 7245 income_stmt: 0.23s
2026-10-02 08:00:50,176 [DEBUG] [TIME] 7245 balance_sheet: 0.21s
2026-10-02 08:00:50,440 [DEBUG] [TIME] 7245 cashflow: 0.26s
2026-10-02 08:00:50,773 [DEBUG] [TIME] 7245 dividends: 0.33s
2026-10-02 08:00:50,774 [INFO] [DETAIL] 7245 大同メタル工業: income_stmt=OK, balance_sheet=OK, cashflow=OK, dividends=OK
2026-10-02 08:00:50,774 [INFO] [TIME] 7245 大同メタル工業 処理時間: 1.26s
2026-10-02 08:00:52,938 [DEBUG] [TIME] 7246 info: 0.29s
2026-10-02 08:00:52,938 [DEBUG] yfinance OK: 7246
2026-10-02 08:00:53,176 [DEBUG] [TIME] 7246 income_stmt: 0.24s
2026-10-02 08:00:53,404 [DEBUG] [TIME] 7246 balance_sheet: 0.23s
2026-10-02 08:00:53,571 [DEBUG] [TIME] 7246 cashflow: 0.17s
2026-10-02 08:00:53,933 [DEBUG] [TIME] 7246 dividends: 0.36s
2026-10-02 08:00:53,934 [INFO] [DETAIL] 7246 プレス工業: income_stmt=OK, balance_sheet=OK, cashflow=OK, dividends=OK
2026-10-02 08:00:53,934 [INFO] [TIME] 7246 プレス工業 処理時間: 1.29s
2026-10-02 08:00:55,996 [DEBUG] [TIME] 7247 info: 0.23s
2026-10-02 08:00:55,996 [DEBUG] yfinance OK: 7247
2026-10-02 08:00:56,172 [DEBUG] [TIME] 7247 income_stmt: 0.18s
2026-10-02 08:00:56,366 [DEBUG] [TIME] 7247 balance_sheet: 0.19s
2026-10-02 08:00:56,532 [DEBUG] [TIME] 7247 cashflow: 0.17s
2026-10-02 08:00:56,927 [DEBUG] [TIME] 7247 dividends: 0.39s
2026-10-02 08:00:56,927 [INFO] [DETAIL] 7247 ミクニ: income_stmt=OK, balance_sheet=OK, cashflow=OK, dividends=OK
2026-10-02 08:00:56,928 [INFO] [TIME] 7247 ミクニ 処理時間: 1.17s
2026-10-02 08:00:58,327 [DEBUG] [TIME] 7254 info: 0.22s
2026-10-02 08:00:58,327 [DEBUG] yfinance OK: 7254
2026-10-02 08:00:58,535 [DEBUG] [TIME] 7254 income_stmt: 0.21s
2026-10-02 08:00:58,785 [DEBUG] [TIME] 7254 balance_sheet: 0.25s
2026-10-02 08:00:58,971 [DEBUG] [TIME] 7254 cashflow: 0.18s
2026-10-02 08:00:59,336 [DEBUG] [TIME] 7254 dividends: 0.36s
2026-10-02 08:00:59,337 [INFO] [DETAIL] 7254 ユニバンス: income_stmt=OK, balance_sheet=OK, cashflow=OK, dividends=OK
2026-10-02 08:00:59,337 [INFO] [TIME] 7254 ユニバンス 処理時間: 1.23s
2026-10-02 08:01:00,688 [DEBUG] [TIME] 7255 info: 0.27s
2026-10-02 08:01:00,688 [DEBUG] yfinance OK: 7255
2026-10-02 08:01:00,879 [DEBUG] [TIME] 7255 income_stmt: 0.19s
2026-10-02 08:01:01,138 [DEBUG] [TIME] 7255 balance_sheet: 0.26s
2026-10-02 08:01:01,375 [DEBUG] [TIME] 7255 cashflow: 0.24s
2026-10-02 08:01:01,759 [DEBUG] [TIME] 7255 dividends: 0.38s
2026-10-02 08:01:01,760 [INFO] [DETAIL] 7255 桜井製作所: income_stmt=OK, balance_sheet=OK, cashflow=OK, dividends=OK
2026-10-02 08:01:01,760 [INFO] [TIME] 7255 桜井製作所 処理時間: 1.35s
2026-10-02 08:01:03,320 [DEBUG] [TIME] 7256 info: 0.28s
2026-10-02 08:01:03,320 [DEBUG] yfinance OK: 7256
2026-10-02 08:01:03,586 [DEBUG] [TIME] 7256 income_stmt: 0.27s
2026-10-02 08:01:03,759 [DEBUG] [TIME] 7256 balance_sheet: 0.17s
2026-10-02 08:01:03,909 [DEBUG] [TIME] 7256 cashflow: 0.15s
2026-10-02 08:01:04,293 [DEBUG] [TIME] 7256 dividends: 0.38s
2026-10-02 08:01:04,294 [INFO] [DETAIL] 7256 河西工業: income_stmt=OK, balance_sheet=OK, cashflow=OK, dividends=OK
2026-10-02 08:01:04,294 [INFO] [TIME] 7256 河西工業 処理時間: 1.25s
2026-10-02 08:01:05,811 [DEBUG] [TIME] 7259 info: 0.28s
2026-10-02 08:01:05,811 [DEBUG] yfinance OK: 7259
2026-10-02 08:01:06,012 [DEBUG] [TIME] 7259 income_stmt: 0.20s
2026-10-02 08:01:06,219 [DEBUG] [TIME] 7259 balance_sheet: 0.21s
2026-10-02 08:01:06,445 [DEBUG] [TIME] 7259 cashflow: 0.22s
2026-10-02 08:01:06,883 [DEBUG] [TIME] 7259 dividends: 0.44s
2026-10-02 08:01:06,884 [INFO] [DETAIL] 7259 アイシン: income_stmt=OK, balance_sheet=OK, cashflow=OK, dividends=OK
2026-10-02 08:01:06,884 [INFO] [TIME] 7259 アイシン 処理時間: 1.35s
2026-10-02 08:01:08,984 [DEBUG] [TIME] 7261 info: 0.22s
2026-10-02 08:01:08,984 [DEBUG] yfinance OK: 7261
2026-10-02 08:01:09,230 [DEBUG] [TIME] 7261 income_stmt: 0.25s
2026-10-02 08:01:09,481 [DEBUG] [TIME] 7261 balance_sheet: 0.25s
2026-10-02 08:01:09,630 [DEBUG] [TIME] 7261 cashflow: 0.15s
2026-10-02 08:01:10,012 [DEBUG] [TIME] 7261 dividends: 0.38s
2026-10-02 08:01:10,013 [INFO] [DETAIL] 7261 マツダ: income_stmt=OK, balance_sheet=OK, cashflow=OK, dividends=OK
2026-10-02 08:01:10,013 [INFO] [TIME] 7261 マツダ 処理時間: 1.25s
2026-10-02 08:01:11,567 [DEBUG] [TIME] 7264 info: 0.23s
2026-10-02 08:01:11,567 [DEBUG] yfinance OK: 7264
2026-10-02 08:01:11,788 [DEBUG] [TIME] 7264 income_stmt: 0.22s
2026-10-02 08:01:12,033 [DEBUG] [TIME] 7264 balance_sheet: 0.24s
2026-10-02 08:01:12,304 [DEBUG] [TIME] 7264 cashflow: 0.27s
2026-10-02 08:01:12,676 [DEBUG] [TIME] 7264 dividends: 0.37s
2026-10-02 08:01:12,677 [INFO] [DETAIL] 7264 ムロコーポレーション: income_stmt=OK, balance_sheet=OK, cashflow=OK, dividends=OK
2026-10-02 08:01:12,677 [INFO] [TIME] 7264 ムロコーポレーション 処理時間: 1.34s
2026-10-02 08:01:14,666 [DEBUG] [TIME] 7265 info: 0.22s
2026-10-02 08:01:14,667 [DEBUG] yfinance OK: 7265
2026-10-02 08:01:14,851 [DEBUG] [TIME] 7265 income_stmt: 0.18s
2026-10-02 08:01:15,065 [DEBUG] [TIME] 7265 balance_sheet: 0.21s
2026-10-02 08:01:15,208 [DEBUG] [TIME] 7265 cashflow: 0.14s
2026-10-02 08:01:15,561 [DEBUG] [TIME] 7265 dividends: 0.35s
2026-10-02 08:01:15,561 [INFO] [DETAIL] 7265 エイケン工業: income_stmt=OK, balance_sheet=OK, cashflow=OK, dividends=OK
2026-10-02 08:01:15,562 [INFO] [TIME] 7265 エイケン工業 処理時間: 1.12s
2026-10-02 08:01:17,429 [DEBUG] [TIME] 7266 info: 0.22s
2026-10-02 08:01:17,430 [DEBUG] yfinance OK: 7266
2026-10-02 08:01:17,613 [DEBUG] [TIME] 7266 income_stmt: 0.18s
2026-10-02 08:01:17,890 [DEBUG] [TIME] 7266 balance_sheet: 0.28s
2026-10-02 08:01:18,174 [DEBUG] [TIME] 7266 cashflow: 0.28s
2026-10-02 08:01:18,562 [DEBUG] [TIME] 7266 dividends: 0.39s
2026-10-02 08:01:18,562 [INFO] [DETAIL] 7266 今仙電機製作所: income_stmt=OK, balance_sheet=OK, cashflow=OK, dividends=OK
2026-10-02 08:01:18,563 [INFO] [TIME] 7266 今仙電機製作所 処理時間: 1.36s
2026-10-02 08:01:20,091 [DEBUG] [TIME] 7267 info: 0.22s
2026-10-02 08:01:20,091 [DEBUG] yfinance OK: 7267
2026-10-02 08:01:20,303 [DEBUG] [TIME] 7267 income_stmt: 0.21s
2026-10-02 08:01:20,520 [DEBUG] [TIME] 7267 balance_sheet: 0.22s
2026-10-02 08:01:20,782 [DEBUG] [TIME] 7267 cashflow: 0.26s
2026-10-02 08:01:21,214 [DEBUG] [TIME] 7267 dividends: 0.43s
2026-10-02 08:01:21,216 [INFO] [DETAIL] 7267 本田技研工業: income_stmt=OK, balance_sheet=OK, cashflow=OK, dividends=OK
2026-10-02 08:01:21,216 [INFO] [TIME] 7267 本田技研工業 処理時間: 1.34s
2026-10-02 08:01:22,499 [DEBUG] [TIME] 7269 info: 0.22s
2026-10-02 08:01:22,499 [DEBUG] yfinance OK: 7269
2026-10-02 08:01:22,775 [DEBUG] [TIME] 7269 income_stmt: 0.28s
2026-10-02 08:01:23,067 [DEBUG] [TIME] 7269 balance_sheet: 0.29s
2026-10-02 08:01:23,351 [DEBUG] [TIME] 7269 cashflow: 0.28s
2026-10-02 08:01:23,727 [DEBUG] [TIME] 7269 dividends: 0.38s
2026-10-02 08:01:23,728 [INFO] [DETAIL] 7269 スズキ: income_stmt=OK, balance_sheet=OK, cashflow=OK, dividends=OK
2026-10-02 08:01:23,728 [INFO] [TIME] 7269 スズキ 処理時間: 1.45s
2026-10-02 08:01:25,246 [DEBUG] [TIME] 7270 info: 0.25s
2026-10-02 08:01:25,247 [DEBUG] yfinance OK: 7270
2026-10-02 08:01:25,482 [DEBUG] [TIME] 7270 income_stmt: 0.24s
2026-10-02 08:01:25,770 [DEBUG] [TIME] 7270 balance_sheet: 0.29s
2026-10-02 08:01:25,963 [DEBUG] [TIME] 7270 cashflow: 0.19s
2026-10-02 08:01:26,413 [DEBUG] [TIME] 7270 dividends: 0.45s
2026-10-02 08:01:26,414 [INFO] [DETAIL] 7270 ＳＵＢＡＲＵ: income_stmt=OK, balance_sheet=OK, cashflow=OK, dividends=OK
2026-10-02 08:01:26,414 [INFO] [TIME] 7270 ＳＵＢＡＲＵ 処理時間: 1.41s
2026-10-02 08:01:27,832 [DEBUG] [TIME] 7271 info: 0.22s
2026-10-02 08:01:27,832 [DEBUG] yfinance OK: 7271
2026-10-02 08:01:28,063 [DEBUG] [TIME] 7271 income_stmt: 0.23s
2026-10-02 08:01:28,283 [DEBUG] [TIME] 7271 balance_sheet: 0.22s
2026-10-02 08:01:28,470 [DEBUG] [TIME] 7271 cashflow: 0.19s
2026-10-02 08:01:28,836 [DEBUG] [TIME] 7271 dividends: 0.37s
2026-10-02 08:01:28,837 [INFO] [DETAIL] 7271 安永: income_stmt=OK, balance_sheet=OK, cashflow=OK, dividends=OK
2026-10-02 08:01:28,837 [INFO] [TIME] 7271 安永 処理時間: 1.22s
2026-10-02 08:01:31,037 [DEBUG] [TIME] 7272 info: 0.23s
2026-10-02 08:01:31,038 [DEBUG] yfinance OK: 7272
2026-10-02 08:01:31,313 [DEBUG] [TIME] 7272 income_stmt: 0.27s
2026-10-02 08:01:31,620 [DEBUG] [TIME] 7272 balance_sheet: 0.31s
2026-10-02 08:01:31,834 [DEBUG] [TIME] 7272 cashflow: 0.21s
2026-10-02 08:01:32,247 [DEBUG] [TIME] 7272 dividends: 0.41s
2026-10-02 08:01:32,248 [INFO] [DETAIL] 7272 ヤマハ発動機: income_stmt=OK, balance_sheet=OK, cashflow=OK, dividends=OK
2026-10-02 08:01:32,248 [INFO] [TIME] 7272 ヤマハ発動機 処理時間: 1.44s
2026-10-02 08:01:33,552 [DEBUG] [TIME] 7273 info: 0.22s
2026-10-02 08:01:33,552 [DEBUG] yfinance OK: 7273
2026-10-02 08:01:33,771 [DEBUG] [TIME] 7273 income_stmt: 0.22s
2026-10-02 08:01:34,005 [DEBUG] [TIME] 7273 balance_sheet: 0.23s
2026-10-02 08:01:34,223 [DEBUG] [TIME] 7273 cashflow: 0.22s
2026-10-02 08:01:34,561 [DEBUG] [TIME] 7273 dividends: 0.34s
2026-10-02 08:01:34,562 [INFO] [DETAIL] 7273 イクヨ: income_stmt=OK, balance_sheet=OK, cashflow=OK, dividends=OK
2026-10-02 08:01:34,562 [INFO] [TIME] 7273 イクヨ 処理時間: 1.23s
2026-10-02 08:01:35,840 [DEBUG] [TIME] 7276 info: 0.24s
2026-10-02 08:01:35,840 [DEBUG] yfinance OK: 7276
2026-10-02 08:01:36,118 [DEBUG] [TIME] 7276 income_stmt: 0.28s
2026-10-02 08:01:36,448 [DEBUG] [TIME] 7276 balance_sheet: 0.33s
2026-10-02 08:01:36,685 [DEBUG] [TIME] 7276 cashflow: 0.24s
2026-10-02 08:01:37,070 [DEBUG] [TIME] 7276 dividends: 0.38s
2026-10-02 08:01:37,071 [INFO] [DETAIL] 7276 小糸製作所: income_stmt=OK, balance_sheet=OK, cashflow=OK, dividends=OK
2026-10-02 08:01:37,071 [INFO] [TIME] 7276 小糸製作所 処理時間: 1.47s
2026-10-02 08:01:38,465 [DEBUG] [TIME] 7277 info: 0.29s
2026-10-02 08:01:38,466 [DEBUG] yfinance OK: 7277
2026-10-02 08:01:38,775 [DEBUG] [TIME] 7277 income_stmt: 0.31s
2026-10-02 08:01:39,013 [DEBUG] [TIME] 7277 balance_sheet: 0.24s
2026-10-02 08:01:39,211 [DEBUG] [TIME] 7277 cashflow: 0.20s
2026-10-02 08:01:39,557 [DEBUG] [TIME] 7277 dividends: 0.35s
2026-10-02 08:01:39,558 [INFO] [DETAIL] 7277 ＴＢＫ: income_stmt=OK, balance_sheet=OK, cashflow=OK, dividends=OK
2026-10-02 08:01:39,558 [INFO] [TIME] 7277 ＴＢＫ 処理時間: 1.38s
2026-10-02 08:01:41,226 [DEBUG] [TIME] 7278 info: 0.22s
2026-10-02 08:01:41,226 [DEBUG] yfinance OK: 7278
2026-10-02 08:01:41,438 [DEBUG] [TIME] 7278 income_stmt: 0.21s
2026-10-02 08:01:41,608 [DEBUG] [TIME] 7278 balance_sheet: 0.17s
2026-10-02 08:01:41,818 [DEBUG] [TIME] 7278 cashflow: 0.21s
2026-10-02 08:01:42,191 [DEBUG] [TIME] 7278 dividends: 0.37s
2026-10-02 08:01:42,192 [INFO] [DETAIL] 7278 エクセディ: income_stmt=OK, balance_sheet=OK, cashflow=OK, dividends=OK
2026-10-02 08:01:42,192 [INFO] [TIME] 7278 エクセディ 処理時間: 1.19s
2026-10-02 08:01:44,016 [DEBUG] [TIME] 7279 info: 0.25s
2026-10-02 08:01:44,016 [DEBUG] yfinance OK: 7279
2026-10-02 08:01:44,256 [DEBUG] [TIME] 7279 income_stmt: 0.24s
2026-10-02 08:01:44,546 [DEBUG] [TIME] 7279 balance_sheet: 0.29s
2026-10-02 08:01:44,729 [DEBUG] [TIME] 7279 cashflow: 0.18s
2026-10-02 08:01:45,136 [DEBUG] [TIME] 7279 dividends: 0.41s
2026-10-02 08:01:45,137 [INFO] [DETAIL] 7279 ハイレックスコーポレーション: income_stmt=OK, balance_sheet=OK, cashflow=OK, dividends=OK
2026-10-02 08:01:45,137 [INFO] [TIME] 7279 ハイレックスコーポレーション 処理時間: 1.37s
2026-10-02 08:01:46,772 [DEBUG] [TIME] 7280 info: 0.22s
2026-10-02 08:01:46,772 [DEBUG] yfinance OK: 7280
2026-10-02 08:01:46,953 [DEBUG] [TIME] 7280 income_stmt: 0.18s
2026-10-02 08:01:47,262 [DEBUG] [TIME] 7280 balance_sheet: 0.31s
2026-10-02 08:01:47,534 [DEBUG] [TIME] 7280 cashflow: 0.27s
2026-10-02 08:01:47,902 [DEBUG] [TIME] 7280 dividends: 0.37s
2026-10-02 08:01:47,903 [INFO] [DETAIL] 7280 ミツバ: income_stmt=OK, balance_sheet=OK, cashflow=OK, dividends=OK
2026-10-02 08:01:47,903 [INFO] [TIME] 7280 ミツバ 処理時間: 1.35s
2026-10-02 08:01:49,818 [DEBUG] [TIME] 7282 info: 0.28s
2026-10-02 08:01:49,819 [DEBUG] yfinance OK: 7282
2026-10-02 08:01:50,041 [DEBUG] [TIME] 7282 income_stmt: 0.22s
2026-10-02 08:01:50,281 [DEBUG] [TIME] 7282 balance_sheet: 0.24s
2026-10-02 08:01:50,439 [DEBUG] [TIME] 7282 cashflow: 0.16s
2026-10-02 08:01:50,897 [DEBUG] [TIME] 7282 dividends: 0.46s
2026-10-02 08:01:50,898 [INFO] [DETAIL] 7282 豊田合成: income_stmt=OK, balance_sheet=OK, cashflow=OK, dividends=OK
2026-10-02 08:01:50,898 [INFO] [TIME] 7282 豊田合成 処理時間: 1.36s
2026-10-02 08:01:52,936 [DEBUG] [TIME] 7283 info: 0.22s
2026-10-02 08:01:52,936 [DEBUG] yfinance OK: 7283
2026-10-02 08:01:53,213 [DEBUG] [TIME] 7283 income_stmt: 0.28s
2026-10-02 08:01:53,477 [DEBUG] [TIME] 7283 balance_sheet: 0.26s
2026-10-02 08:01:53,694 [DEBUG] [TIME] 7283 cashflow: 0.22s
2026-10-02 08:01:54,046 [DEBUG] [TIME] 7283 dividends: 0.35s
2026-10-02 08:01:54,047 [INFO] [DETAIL] 7283 愛三工業: income_stmt=OK, balance_sheet=OK, cashflow=OK, dividends=OK
2026-10-02 08:01:54,047 [INFO] [TIME] 7283 愛三工業 処理時間: 1.33s
2026-10-02 08:01:56,064 [DEBUG] [TIME] 7284 info: 0.22s
2026-10-02 08:01:56,064 [DEBUG] yfinance OK: 7284
2026-10-02 08:01:56,259 [DEBUG] [TIME] 7284 income_stmt: 0.19s
2026-10-02 08:01:56,452 [DEBUG] [TIME] 7284 balance_sheet: 0.19s
2026-10-02 08:01:56,681 [DEBUG] [TIME] 7284 cashflow: 0.23s
2026-10-02 08:01:57,078 [DEBUG] [TIME] 7284 dividends: 0.40s
2026-10-02 08:01:57,079 [INFO] [DETAIL] 7284 盟和産業: income_stmt=OK, balance_sheet=OK, cashflow=OK, dividends=OK
2026-10-02 08:01:57,079 [INFO] [TIME] 7284 盟和産業 処理時間: 1.24s
2026-10-02 08:01:58,929 [DEBUG] [TIME] 7287 info: 0.23s
2026-10-02 08:01:58,929 [DEBUG] yfinance OK: 7287
2026-10-02 08:01:59,195 [DEBUG] [TIME] 7287 income_stmt: 0.27s
2026-10-02 08:01:59,370 [DEBUG] [TIME] 7287 balance_sheet: 0.17s
2026-10-02 08:01:59,642 [DEBUG] [TIME] 7287 cashflow: 0.27s
2026-10-02 08:02:00,029 [DEBUG] [TIME] 7287 dividends: 0.39s
2026-10-02 08:02:00,031 [INFO] [DETAIL] 7287 日本精機: income_stmt=OK, balance_sheet=OK, cashflow=OK, dividends=OK
2026-10-02 08:02:00,031 [INFO] [TIME] 7287 日本精機 処理時間: 1.33s
2026-10-02 08:02:01,541 [DEBUG] [TIME] 7291 info: 0.22s
2026-10-02 08:02:01,541 [DEBUG] yfinance OK: 7291
2026-10-02 08:02:01,710 [DEBUG] [TIME] 7291 income_stmt: 0.17s
2026-10-02 08:02:01,968 [DEBUG] [TIME] 7291 balance_sheet: 0.26s
2026-10-02 08:02:02,158 [DEBUG] [TIME] 7291 cashflow: 0.19s
2026-10-02 08:02:02,578 [DEBUG] [TIME] 7291 dividends: 0.42s
2026-10-02 08:02:02,579 [INFO] [DETAIL] 7291 日本プラスト: income_stmt=OK, balance_sheet=OK, cashflow=OK, dividends=OK
2026-10-02 08:02:02,579 [INFO] [TIME] 7291 日本プラスト 処理時間: 1.26s
2026-10-02 08:02:04,187 [DEBUG] [TIME] 7292 info: 0.27s
2026-10-02 08:02:04,187 [DEBUG] yfinance OK: 7292
2026-10-02 08:02:04,397 [DEBUG] [TIME] 7292 income_stmt: 0.21s
2026-10-02 08:02:04,577 [DEBUG] [TIME] 7292 balance_sheet: 0.18s
2026-10-02 08:02:04,742 [DEBUG] [TIME] 7292 cashflow: 0.16s
2026-10-02 08:02:05,136 [DEBUG] [TIME] 7292 dividends: 0.39s
2026-10-02 08:02:05,137 [INFO] [DETAIL] 7292 村上開明堂: income_stmt=OK, balance_sheet=OK, cashflow=OK, dividends=OK
2026-10-02 08:02:05,137 [INFO] [TIME] 7292 村上開明堂 処理時間: 1.22s
2026-10-02 08:02:06,924 [DEBUG] [TIME] 7294 info: 0.24s
2026-10-02 08:02:06,924 [DEBUG] yfinance OK: 7294
2026-10-02 08:02:07,159 [DEBUG] [TIME] 7294 income_stmt: 0.24s
2026-10-02 08:02:07,428 [DEBUG] [TIME] 7294 balance_sheet: 0.27s
2026-10-02 08:02:07,659 [DEBUG] [TIME] 7294 cashflow: 0.23s
2026-10-02 08:02:08,025 [DEBUG] [TIME] 7294 dividends: 0.37s
2026-10-02 08:02:08,026 [INFO] [DETAIL] 7294 ヨロズ: income_stmt=OK, balance_sheet=OK, cashflow=OK, dividends=OK
2026-10-02 08:02:08,026 [INFO] [TIME] 7294 ヨロズ 処理時間: 1.34s
2026-10-02 08:02:09,503 [DEBUG] [TIME] 7296 info: 0.22s
2026-10-02 08:02:09,503 [DEBUG] yfinance OK: 7296
2026-10-02 08:02:09,680 [DEBUG] [TIME] 7296 income_stmt: 0.18s
2026-10-02 08:02:09,977 [DEBUG] [TIME] 7296 balance_sheet: 0.30s
2026-10-02 08:02:10,178 [DEBUG] [TIME] 7296 cashflow: 0.20s
2026-10-02 08:02:10,580 [DEBUG] [TIME] 7296 dividends: 0.40s
2026-10-02 08:02:10,581 [INFO] [DETAIL] 7296 エフ・シー・シー: income_stmt=OK, balance_sheet=OK, cashflow=OK, dividends=OK
2026-10-02 08:02:10,581 [INFO] [TIME] 7296 エフ・シー・シー 処理時間: 1.30s
2026-10-02 08:02:12,800 [DEBUG] [TIME] 7297 info: 0.22s
2026-10-02 08:02:12,801 [DEBUG] yfinance OK: 7297
2026-10-02 08:02:12,999 [DEBUG] [TIME] 7297 income_stmt: 0.20s
2026-10-02 08:02:13,198 [DEBUG] [TIME] 7297 balance_sheet: 0.20s
2026-10-02 08:02:13,422 [DEBUG] [TIME] 7297 cashflow: 0.22s
2026-10-02 08:02:13,821 [DEBUG] [TIME] 7297 dividends: 0.40s
2026-10-02 08:02:13,822 [INFO] [DETAIL] 7297 カーメイト: income_stmt=OK, balance_sheet=OK, cashflow=OK, dividends=OK
2026-10-02 08:02:13,822 [INFO] [TIME] 7297 カーメイト 処理時間: 1.24s
2026-10-02 08:02:15,222 [DEBUG] [TIME] 7299 info: 0.22s
2026-10-02 08:02:15,222 [DEBUG] yfinance OK: 7299
2026-10-02 08:02:15,429 [DEBUG] [TIME] 7299 income_stmt: 0.21s
2026-10-02 08:02:15,648 [DEBUG] [TIME] 7299 balance_sheet: 0.22s
2026-10-02 08:02:15,935 [DEBUG] [TIME] 7299 cashflow: 0.29s
2026-10-02 08:02:16,338 [DEBUG] [TIME] 7299 dividends: 0.40s
2026-10-02 08:02:16,339 [INFO] [DETAIL] 7299 フジオーゼックス: income_stmt=OK, balance_sheet=OK, cashflow=OK, dividends=OK
2026-10-02 08:02:16,339 [INFO] [TIME] 7299 フジオーゼックス 処理時間: 1.34s
2026-10-02 08:02:17,817 [DEBUG] [TIME] 7305 info: 0.23s
2026-10-02 08:02:17,817 [DEBUG] yfinance OK: 7305
2026-10-02 08:02:18,045 [DEBUG] [TIME] 7305 income_stmt: 0.23s
2026-10-02 08:02:18,278 [DEBUG] [TIME] 7305 balance_sheet: 0.23s
2026-10-02 08:02:18,540 [DEBUG] [TIME] 7305 cashflow: 0.26s
2026-10-02 08:02:18,994 [DEBUG] [TIME] 7305 dividends: 0.45s
2026-10-02 08:02:18,995 [INFO] [DETAIL] 7305 新家工業: income_stmt=OK, balance_sheet=OK, cashflow=OK, dividends=OK
2026-10-02 08:02:18,995 [INFO] [TIME] 7305 新家工業 処理時間: 1.41s
2026-10-02 08:02:21,104 [DEBUG] [TIME] 7309 info: 0.33s
2026-10-02 08:02:21,104 [DEBUG] yfinance OK: 7309
2026-10-02 08:02:21,332 [DEBUG] [TIME] 7309 income_stmt: 0.23s
2026-10-02 08:02:21,566 [DEBUG] [TIME] 7309 balance_sheet: 0.23s
2026-10-02 08:02:21,715 [DEBUG] [TIME] 7309 cashflow: 0.15s
2026-10-02 08:02:22,144 [DEBUG] [TIME] 7309 dividends: 0.43s
2026-10-02 08:02:22,146 [INFO] [DETAIL] 7309 シマノ: income_stmt=OK, balance_sheet=OK, cashflow=OK, dividends=OK
2026-10-02 08:02:22,146 [INFO] [TIME] 7309 シマノ 処理時間: 1.37s
2026-10-02 08:02:24,304 [DEBUG] [TIME] 7313 info: 0.22s
2026-10-02 08:02:24,304 [DEBUG] yfinance OK: 7313
2026-10-02 08:02:24,480 [DEBUG] [TIME] 7313 income_stmt: 0.18s
2026-10-02 08:02:24,769 [DEBUG] [TIME] 7313 balance_sheet: 0.29s
2026-10-02 08:02:24,983 [DEBUG] [TIME] 7313 cashflow: 0.21s
2026-10-02 08:02:25,301 [DEBUG] [TIME] 7313 dividends: 0.32s
2026-10-02 08:02:25,302 [INFO] [DETAIL] 7313 テイ・エス　テック: income_stmt=OK, balance_sheet=OK, cashflow=OK, dividends=OK
2026-10-02 08:02:25,302 [INFO] [TIME] 7313 テイ・エス　テック 処理時間: 1.22s
2026-10-02 08:02:26,843 [DEBUG] [TIME] 7314 info: 0.28s
2026-10-02 08:02:26,843 [DEBUG] yfinance OK: 7314
2026-10-02 08:02:27,080 [DEBUG] [TIME] 7314 income_stmt: 0.24s
2026-10-02 08:02:27,293 [DEBUG] [TIME] 7314 balance_sheet: 0.21s
2026-10-02 08:02:27,470 [DEBUG] [TIME] 7314 cashflow: 0.18s
2026-10-02 08:02:27,814 [DEBUG] [TIME] 7314 dividends: 0.34s
2026-10-02 08:02:27,815 [INFO] [DETAIL] 7314 小田原機器: income_stmt=OK, balance_sheet=OK, cashflow=OK, dividends=OK
2026-10-02 08:02:27,815 [INFO] [TIME] 7314 小田原機器 処理時間: 1.25s
2026-10-02 08:02:30,184 [DEBUG] [TIME] 7317 info: 0.37s
2026-10-02 08:02:30,184 [WARNING] yfinance データなし: 7317
2026-10-02 08:02:30,184 [INFO] [TIME] 7317 松屋アールアンドディ 処理時間: 0.37s
2026-10-02 08:02:32,524 [DEBUG] [TIME] 7318 info: 0.37s
2026-10-02 08:02:32,524 [DEBUG] yfinance OK: 7318
2026-10-02 08:02:32,722 [DEBUG] [TIME] 7318 income_stmt: 0.20s
2026-10-02 08:02:32,968 [DEBUG] [TIME] 7318 balance_sheet: 0.24s
2026-10-02 08:02:33,253 [DEBUG] [TIME] 7318 cashflow: 0.28s
2026-10-02 08:02:33,455 [DEBUG] [TIME] 7318 dividends: 0.20s
2026-10-02 08:02:33,455 [INFO] [DETAIL] 7318 セレンディップ・ホールディングス: income_stmt=OK, balance_sheet=OK, cashflow=OK, dividends=EMPTY
2026-10-02 08:02:33,455 [INFO] [TIME] 7318 セレンディップ・ホールディングス 処理時間: 1.30s
2026-10-02 08:02:35,389 [DEBUG] [TIME] 7320 info: 0.26s
2026-10-02 08:02:35,389 [DEBUG] yfinance OK: 7320
2026-10-02 08:02:35,604 [DEBUG] [TIME] 7320 income_stmt: 0.22s
2026-10-02 08:02:35,807 [DEBUG] [TIME] 7320 balance_sheet: 0.20s
2026-10-02 08:02:35,980 [DEBUG] [TIME] 7320 cashflow: 0.17s
2026-10-02 08:02:36,234 [DEBUG] [TIME] 7320 dividends: 0.25s
2026-10-02 08:02:36,235 [INFO] [DETAIL] 7320 Ｓｏｌｖｖｙ: income_stmt=OK, balance_sheet=OK, cashflow=OK, dividends=OK
2026-10-02 08:02:36,235 [INFO] [TIME] 7320 Ｓｏｌｖｖｙ 処理時間: 1.11s
2026-10-02 08:02:37,899 [DEBUG] [TIME] 7322 info: 0.22s
2026-10-02 08:02:37,900 [DEBUG] yfinance OK: 7322
2026-10-02 08:02:38,132 [DEBUG] [TIME] 7322 income_stmt: 0.23s
2026-10-02 08:02:38,442 [DEBUG] [TIME] 7322 balance_sheet: 0.31s
2026-10-02 08:02:38,624 [DEBUG] [TIME] 7322 cashflow: 0.18s
2026-10-02 08:02:38,877 [DEBUG] [TIME] 7322 dividends: 0.25s
2026-10-02 08:02:38,878 [INFO] [DETAIL] 7322 三十三フィナンシャルグループ: income_stmt=OK, balance_sheet=OK, cashflow=OK, dividends=OK
2026-10-02 08:02:38,878 [INFO] [TIME] 7322 三十三フィナンシャルグループ 処理時間: 1.20s
2026-10-02 08:02:40,359 [DEBUG] [TIME] 7325 info: 0.23s
2026-10-02 08:02:40,359 [DEBUG] yfinance OK: 7325
2026-10-02 08:02:40,536 [DEBUG] [TIME] 7325 income_stmt: 0.18s
2026-10-02 08:02:40,719 [DEBUG] [TIME] 7325 balance_sheet: 0.18s
2026-10-02 08:02:40,902 [DEBUG] [TIME] 7325 cashflow: 0.18s
2026-10-02 08:02:41,234 [DEBUG] [TIME] 7325 dividends: 0.33s
2026-10-02 08:02:41,235 [INFO] [DETAIL] 7325 アイリックコーポレーション: income_stmt=OK, balance_sheet=OK, cashflow=OK, dividends=OK
2026-10-02 08:02:41,235 [INFO] [TIME] 7325 アイリックコーポレーション 処理時間: 1.10s
2026-10-02 08:02:42,477 [DEBUG] [TIME] 7326 info: 0.23s
2026-10-02 08:02:42,477 [DEBUG] yfinance OK: 7326
2026-10-02 08:02:42,683 [DEBUG] [TIME] 7326 income_stmt: 0.21s
2026-10-02 08:02:42,967 [DEBUG] [TIME] 7326 balance_sheet: 0.28s
2026-10-02 08:02:43,209 [DEBUG] [TIME] 7326 cashflow: 0.24s
2026-10-02 08:02:43,525 [DEBUG] [TIME] 7326 dividends: 0.32s
2026-10-02 08:02:43,526 [INFO] [DETAIL] 7326 ＳＢＩインシュアランスグループ: income_stmt=OK, balance_sheet=OK, cashflow=OK, dividends=OK
2026-10-02 08:02:43,526 [INFO] [TIME] 7326 ＳＢＩインシュアランスグループ 処理時間: 1.28s
2026-10-02 08:02:45,093 [DEBUG] [TIME] 7327 info: 0.23s
2026-10-02 08:02:45,094 [DEBUG] yfinance OK: 7327
2026-10-02 08:02:45,337 [DEBUG] [TIME] 7327 income_stmt: 0.24s
2026-10-02 08:02:45,576 [DEBUG] [TIME] 7327 balance_sheet: 0.24s
2026-10-02 08:02:45,873 [DEBUG] [TIME] 7327 cashflow: 0.30s
2026-10-02 08:02:46,128 [DEBUG] [TIME] 7327 dividends: 0.25s
2026-10-02 08:02:46,129 [INFO] [DETAIL] 7327 第四北越フィナンシャルグループ: income_stmt=OK, balance_sheet=OK, cashflow=OK, dividends=OK
2026-10-02 08:02:46,129 [INFO] [TIME] 7327 第四北越フィナンシャルグループ 処理時間: 1.27s
2026-10-02 08:02:47,662 [DEBUG] [TIME] 7337 info: 0.22s
2026-10-02 08:02:47,662 [DEBUG] yfinance OK: 7337
2026-10-02 08:02:47,890 [DEBUG] [TIME] 7337 income_stmt: 0.23s
2026-10-02 08:02:48,068 [DEBUG] [TIME] 7337 balance_sheet: 0.18s
2026-10-02 08:02:48,299 [DEBUG] [TIME] 7337 cashflow: 0.23s
2026-10-02 08:02:48,538 [DEBUG] [TIME] 7337 dividends: 0.24s
2026-10-02 08:02:48,539 [INFO] [DETAIL] 7337 ひろぎんホールディングス: income_stmt=OK, balance_sheet=OK, cashflow=OK, dividends=OK
2026-10-02 08:02:48,540 [INFO] [TIME] 7337 ひろぎんホールディングス 処理時間: 1.10s
2026-10-02 08:02:50,034 [DEBUG] [TIME] 7343 info: 0.23s
2026-10-02 08:02:50,034 [DEBUG] yfinance OK: 7343
2026-10-02 08:02:50,200 [DEBUG] [TIME] 7343 income_stmt: 0.17s
2026-10-02 08:02:50,393 [DEBUG] [TIME] 7343 balance_sheet: 0.19s
2026-10-02 08:02:50,622 [DEBUG] [TIME] 7343 cashflow: 0.23s
2026-10-02 08:02:50,829 [DEBUG] [TIME] 7343 dividends: 0.21s
2026-10-02 08:02:50,830 [INFO] [DETAIL] 7343 ブロードマインド: income_stmt=OK, balance_sheet=OK, cashflow=OK, dividends=OK
2026-10-02 08:02:50,831 [INFO] [TIME] 7343 ブロードマインド 処理時間: 1.03s
2026-10-02 08:02:52,918 [DEBUG] [TIME] 7345 info: 0.22s
2026-10-02 08:02:52,918 [DEBUG] yfinance OK: 7345
2026-10-02 08:02:53,204 [DEBUG] [TIME] 7345 income_stmt: 0.29s
2026-10-02 08:02:53,403 [DEBUG] [TIME] 7345 balance_sheet: 0.20s
2026-10-02 08:02:53,659 [DEBUG] [TIME] 7345 cashflow: 0.26s
2026-10-02 08:02:53,894 [DEBUG] [TIME] 7345 dividends: 0.23s
2026-10-02 08:02:53,895 [INFO] [DETAIL] 7345 アイ・パートナーズフィナンシャル: income_stmt=OK, balance_sheet=OK, cashflow=OK, dividends=OK
2026-10-02 08:02:53,895 [INFO] [TIME] 7345 アイ・パートナーズフィナンシャル 処理時間: 1.20s
2026-10-02 08:02:55,454 [DEBUG] [TIME] 7347 info: 0.23s
2026-10-02 08:02:55,454 [DEBUG] yfinance OK: 7347
2026-10-02 08:02:55,732 [DEBUG] [TIME] 7347 income_stmt: 0.28s
2026-10-02 08:02:55,979 [DEBUG] [TIME] 7347 balance_sheet: 0.25s
2026-10-02 08:02:56,229 [DEBUG] [TIME] 7347 cashflow: 0.25s
2026-10-02 08:02:56,439 [DEBUG] [TIME] 7347 dividends: 0.21s
2026-10-02 08:02:56,440 [INFO] [DETAIL] 7347 マーキュリアホールディングス: income_stmt=OK, balance_sheet=OK, cashflow=OK, dividends=OK
2026-10-02 08:02:56,440 [INFO] [TIME] 7347 マーキュリアホールディングス 処理時間: 1.21s
2026-10-02 08:02:58,093 [DEBUG] [TIME] 7350 info: 0.23s
2026-10-02 08:02:58,093 [DEBUG] yfinance OK: 7350
2026-10-02 08:02:58,298 [DEBUG] [TIME] 7350 income_stmt: 0.20s
2026-10-02 08:02:58,564 [DEBUG] [TIME] 7350 balance_sheet: 0.27s
2026-10-02 08:02:58,760 [DEBUG] [TIME] 7350 cashflow: 0.20s
2026-10-02 08:02:59,007 [DEBUG] [TIME] 7350 dividends: 0.25s
2026-10-02 08:02:59,008 [INFO] [DETAIL] 7350 おきなわフィナンシャルグループ: income_stmt=OK, balance_sheet=OK, cashflow=OK, dividends=OK
2026-10-02 08:02:59,008 [INFO] [TIME] 7350 おきなわフィナンシャルグループ 処理時間: 1.14s
2026-10-02 08:03:01,050 [DEBUG] [TIME] 7351 info: 0.23s
2026-10-02 08:03:01,050 [DEBUG] yfinance OK: 7351
2026-10-02 08:03:01,238 [DEBUG] [TIME] 7351 income_stmt: 0.19s
2026-10-02 08:03:01,413 [DEBUG] [TIME] 7351 balance_sheet: 0.17s
2026-10-02 08:03:01,669 [DEBUG] [TIME] 7351 cashflow: 0.26s
2026-10-02 08:03:01,921 [DEBUG] [TIME] 7351 dividends: 0.25s
2026-10-02 08:03:01,922 [INFO] [DETAIL] 7351 グッドパッチ: income_stmt=OK, balance_sheet=OK, cashflow=OK, dividends=OK
2026-10-02 08:03:01,922 [INFO] [TIME] 7351 グッドパッチ 処理時間: 1.10s
2026-10-02 08:03:03,715 [DEBUG] [TIME] 7352 info: 0.23s
2026-10-02 08:03:03,715 [DEBUG] yfinance OK: 7352
2026-10-02 08:03:03,938 [DEBUG] [TIME] 7352 income_stmt: 0.22s
2026-10-02 08:03:04,173 [DEBUG] [TIME] 7352 balance_sheet: 0.23s
2026-10-02 08:03:04,448 [DEBUG] [TIME] 7352 cashflow: 0.27s
2026-10-02 08:03:04,678 [DEBUG] [TIME] 7352 dividends: 0.23s
2026-10-02 08:03:04,679 [INFO] [DETAIL] 7352 ＴＷＯＳＴＯＮＥ＆Ｓｏｎｓ: income_stmt=OK, balance_sheet=OK, cashflow=OK, dividends=OK
2026-10-02 08:03:04,679 [INFO] [TIME] 7352 ＴＷＯＳＴＯＮＥ＆Ｓｏｎｓ 処理時間: 1.19s
2026-10-02 08:03:06,465 [DEBUG] [TIME] 7353 info: 0.23s
2026-10-02 08:03:06,466 [DEBUG] yfinance OK: 7353
2026-10-02 08:03:06,698 [DEBUG] [TIME] 7353 income_stmt: 0.23s
2026-10-02 08:03:07,034 [DEBUG] [TIME] 7353 balance_sheet: 0.34s
2026-10-02 08:03:07,388 [DEBUG] [TIME] 7353 cashflow: 0.35s
2026-10-02 08:03:07,663 [DEBUG] [TIME] 7353 dividends: 0.27s
2026-10-02 08:03:07,663 [INFO] [DETAIL] 7353 ＫＩＹＯラーニング: income_stmt=OK, balance_sheet=OK, cashflow=OK, dividends=EMPTY
2026-10-02 08:03:07,663 [INFO] [TIME] 7353 ＫＩＹＯラーニング 処理時間: 1.42s
2026-10-02 08:03:09,227 [DEBUG] [TIME] 7354 info: 0.23s
2026-10-02 08:03:09,228 [DEBUG] yfinance OK: 7354
2026-10-02 08:03:09,438 [DEBUG] [TIME] 7354 income_stmt: 0.21s
2026-10-02 08:03:09,681 [DEBUG] [TIME] 7354 balance_sheet: 0.24s
2026-10-02 08:03:09,827 [DEBUG] [TIME] 7354 cashflow: 0.15s
2026-10-02 08:03:10,040 [DEBUG] [TIME] 7354 dividends: 0.21s
2026-10-02 08:03:10,041 [INFO] [DETAIL] 7354 ダイレクトマーケティングミックス: income_stmt=OK, balance_sheet=OK, cashflow=OK, dividends=OK
2026-10-02 08:03:10,041 [INFO] [TIME] 7354 ダイレクトマーケティングミックス 処理時間: 1.04s
2026-10-02 08:03:11,614 [DEBUG] [TIME] 7356 info: 0.23s
2026-10-02 08:03:11,614 [DEBUG] yfinance OK: 7356
2026-10-02 08:03:11,783 [DEBUG] [TIME] 7356 income_stmt: 0.17s
2026-10-02 08:03:12,031 [DEBUG] [TIME] 7356 balance_sheet: 0.25s
2026-10-02 08:03:12,204 [DEBUG] [TIME] 7356 cashflow: 0.17s
2026-10-02 08:03:12,434 [DEBUG] [TIME] 7356 dividends: 0.23s
2026-10-02 08:03:12,434 [INFO] [DETAIL] 7356 Ｒｅｔｔｙ: income_stmt=OK, balance_sheet=OK, cashflow=OK, dividends=EMPTY
2026-10-02 08:03:12,434 [INFO] [TIME] 7356 Ｒｅｔｔｙ 処理時間: 1.05s
2026-10-02 08:03:14,346 [DEBUG] [TIME] 7357 info: 0.27s
2026-10-02 08:03:14,346 [DEBUG] yfinance OK: 7357
2026-10-02 08:03:14,570 [DEBUG] [TIME] 7357 income_stmt: 0.22s
2026-10-02 08:03:14,921 [DEBUG] [TIME] 7357 balance_sheet: 0.35s
2026-10-02 08:03:15,117 [DEBUG] [TIME] 7357 cashflow: 0.20s
2026-10-02 08:03:15,346 [DEBUG] [TIME] 7357 dividends: 0.23s
2026-10-02 08:03:15,347 [INFO] [DETAIL] 7357 ジオコード: income_stmt=OK, balance_sheet=OK, cashflow=OK, dividends=OK
2026-10-02 08:03:15,347 [INFO] [TIME] 7357 ジオコード 処理時間: 1.27s
2026-10-02 08:03:17,326 [DEBUG] [TIME] 7358 info: 0.22s
2026-10-02 08:03:17,326 [DEBUG] yfinance OK: 7358
2026-10-02 08:03:17,493 [DEBUG] [TIME] 7358 income_stmt: 0.17s
2026-10-02 08:03:17,749 [DEBUG] [TIME] 7358 balance_sheet: 0.26s
2026-10-02 08:03:17,957 [DEBUG] [TIME] 7358 cashflow: 0.21s
2026-10-02 08:03:18,171 [DEBUG] [TIME] 7358 dividends: 0.21s
2026-10-02 08:03:18,172 [INFO] [DETAIL] 7358 ポピンズ: income_stmt=OK, balance_sheet=OK, cashflow=OK, dividends=OK
2026-10-02 08:03:18,172 [INFO] [TIME] 7358 ポピンズ 処理時間: 1.07s
2026-10-02 08:03:20,322 [DEBUG] [TIME] 7359 info: 0.23s
2026-10-02 08:03:20,322 [DEBUG] yfinance OK: 7359
2026-10-02 08:03:20,565 [DEBUG] [TIME] 7359 income_stmt: 0.24s
2026-10-02 08:03:20,880 [DEBUG] [TIME] 7359 balance_sheet: 0.31s
2026-10-02 08:03:21,134 [DEBUG] [TIME] 7359 cashflow: 0.25s
2026-10-02 08:03:21,337 [DEBUG] [TIME] 7359 dividends: 0.20s
2026-10-02 08:03:21,338 [INFO] [DETAIL] 7359 東京通信グループ: income_stmt=OK, balance_sheet=OK, cashflow=OK, dividends=EMPTY
2026-10-02 08:03:21,338 [INFO] [TIME] 7359 東京通信グループ 処理時間: 1.24s
2026-10-02 08:03:22,989 [DEBUG] [TIME] 7360 info: 0.28s
2026-10-02 08:03:22,989 [DEBUG] yfinance OK: 7360
2026-10-02 08:03:23,165 [DEBUG] [TIME] 7360 income_stmt: 0.18s
2026-10-02 08:03:23,381 [DEBUG] [TIME] 7360 balance_sheet: 0.22s
2026-10-02 08:03:23,531 [DEBUG] [TIME] 7360 cashflow: 0.15s
2026-10-02 08:03:23,697 [DEBUG] [TIME] 7360 dividends: 0.16s
2026-10-02 08:03:23,697 [INFO] [DETAIL] 7360 オンデック: income_stmt=OK, balance_sheet=OK, cashflow=OK, dividends=EMPTY
2026-10-02 08:03:23,697 [INFO] [TIME] 7360 オンデック 処理時間: 0.99s
2026-10-02 08:03:25,699 [DEBUG] [TIME] 7361 info: 0.28s
2026-10-02 08:03:25,699 [DEBUG] yfinance OK: 7361
2026-10-02 08:03:25,899 [DEBUG] [TIME] 7361 income_stmt: 0.20s
2026-10-02 08:03:26,141 [DEBUG] [TIME] 7361 balance_sheet: 0.24s
2026-10-02 08:03:26,426 [DEBUG] [TIME] 7361 cashflow: 0.28s
2026-10-02 08:03:26,643 [DEBUG] [TIME] 7361 dividends: 0.22s
2026-10-02 08:03:26,644 [INFO] [DETAIL] 7361 ヒューマンクリエイションホールディングス: income_stmt=OK, balance_sheet=OK, cashflow=OK, dividends=OK
2026-10-02 08:03:26,644 [INFO] [TIME] 7361 ヒューマンクリエイションホールディングス 処理時間: 1.23s
2026-10-02 08:03:27,946 [DEBUG] [TIME] 7362 info: 0.26s
2026-10-02 08:03:27,947 [DEBUG] yfinance OK: 7362
2026-10-02 08:03:28,217 [DEBUG] [TIME] 7362 income_stmt: 0.27s
2026-10-02 08:03:28,549 [DEBUG] [TIME] 7362 balance_sheet: 0.33s
2026-10-02 08:03:28,744 [DEBUG] [TIME] 7362 cashflow: 0.19s
2026-10-02 08:03:29,024 [DEBUG] [TIME] 7362 dividends: 0.28s
2026-10-02 08:03:29,025 [INFO] [DETAIL] 7362 Ｔ．Ｓ．Ｉ: income_stmt=OK, balance_sheet=OK, cashflow=OK, dividends=EMPTY
2026-10-02 08:03:29,025 [INFO] [TIME] 7362 Ｔ．Ｓ．Ｉ 処理時間: 1.34s
2026-10-02 08:03:30,516 [DEBUG] [TIME] 7363 info: 0.23s
2026-10-02 08:03:30,516 [DEBUG] yfinance OK: 7363
2026-10-02 08:03:30,698 [DEBUG] [TIME] 7363 income_stmt: 0.18s
2026-10-02 08:03:30,938 [DEBUG] [TIME] 7363 balance_sheet: 0.24s
2026-10-02 08:03:31,109 [DEBUG] [TIME] 7363 cashflow: 0.17s
2026-10-02 08:03:31,275 [DEBUG] [TIME] 7363 dividends: 0.17s
2026-10-02 08:03:31,275 [INFO] [DETAIL] 7363 ベビーカレンダー: income_stmt=OK, balance_sheet=OK, cashflow=OK, dividends=EMPTY
2026-10-02 08:03:31,275 [INFO] [TIME] 7363 ベビーカレンダー 処理時間: 0.99s
2026-10-02 08:03:32,666 [DEBUG] [TIME] 7366 info: 0.23s
2026-10-02 08:03:32,667 [DEBUG] yfinance OK: 7366
2026-10-02 08:03:32,876 [DEBUG] [TIME] 7366 income_stmt: 0.21s
2026-10-02 08:03:33,167 [DEBUG] [TIME] 7366 balance_sheet: 0.29s
2026-10-02 08:03:33,397 [DEBUG] [TIME] 7366 cashflow: 0.23s
2026-10-02 08:03:33,612 [DEBUG] [TIME] 7366 dividends: 0.22s
2026-10-02 08:03:33,613 [INFO] [DETAIL] 7366 ＬＩＴＡＬＩＣＯ: income_stmt=OK, balance_sheet=OK, cashflow=OK, dividends=OK
2026-10-02 08:03:33,613 [INFO] [TIME] 7366 ＬＩＴＡＬＩＣＯ 処理時間: 1.18s
2026-10-02 08:03:35,265 [DEBUG] [TIME] 7367 info: 0.22s
2026-10-02 08:03:35,265 [DEBUG] yfinance OK: 7367
2026-10-02 08:03:35,522 [DEBUG] [TIME] 7367 income_stmt: 0.26s
2026-10-02 08:03:35,854 [DEBUG] [TIME] 7367 balance_sheet: 0.33s
2026-10-02 08:03:36,050 [DEBUG] [TIME] 7367 cashflow: 0.20s
2026-10-02 08:03:36,283 [DEBUG] [TIME] 7367 dividends: 0.23s
2026-10-02 08:03:36,284 [INFO] [DETAIL] 7367 セルム: income_stmt=OK, balance_sheet=OK, cashflow=OK, dividends=OK
2026-10-02 08:03:36,284 [INFO] [TIME] 7367 セルム 処理時間: 1.24s
2026-10-02 08:03:37,611 [DEBUG] [TIME] 7368 info: 0.22s
2026-10-02 08:03:37,611 [DEBUG] yfinance OK: 7368
2026-10-02 08:03:37,820 [DEBUG] [TIME] 7368 income_stmt: 0.21s
2026-10-02 08:03:38,031 [DEBUG] [TIME] 7368 balance_sheet: 0.21s
2026-10-02 08:03:38,315 [DEBUG] [TIME] 7368 cashflow: 0.28s
2026-10-02 08:03:38,533 [DEBUG] [TIME] 7368 dividends: 0.22s
2026-10-02 08:03:38,534 [INFO] [DETAIL] 7368 表示灯: income_stmt=OK, balance_sheet=OK, cashflow=OK, dividends=OK
2026-10-02 08:03:38,534 [INFO] [TIME] 7368 表示灯 処理時間: 1.14s
2026-10-02 08:03:40,126 [DEBUG] [TIME] 7369 info: 0.23s
2026-10-02 08:03:40,126 [DEBUG] yfinance OK: 7369
2026-10-02 08:03:40,309 [DEBUG] [TIME] 7369 income_stmt: 0.18s
2026-10-02 08:03:40,571 [DEBUG] [TIME] 7369 balance_sheet: 0.26s
2026-10-02 08:03:40,736 [DEBUG] [TIME] 7369 cashflow: 0.16s
2026-10-02 08:03:40,984 [DEBUG] [TIME] 7369 dividends: 0.25s
2026-10-02 08:03:40,984 [INFO] [DETAIL] 7369 メイホーホールディングス: income_stmt=OK, balance_sheet=OK, cashflow=OK, dividends=EMPTY
2026-10-02 08:03:40,984 [INFO] [TIME] 7369 メイホーホールディングス 処理時間: 1.09s
2026-10-02 08:03:42,342 [DEBUG] [TIME] 7370 info: 0.22s
2026-10-02 08:03:42,342 [DEBUG] yfinance OK: 7370
2026-10-02 08:03:42,607 [DEBUG] [TIME] 7370 income_stmt: 0.26s
2026-10-02 08:03:42,881 [DEBUG] [TIME] 7370 balance_sheet: 0.27s
2026-10-02 08:03:43,077 [DEBUG] [TIME] 7370 cashflow: 0.20s
2026-10-02 08:03:43,260 [DEBUG] [TIME] 7370 dividends: 0.18s
2026-10-02 08:03:43,261 [INFO] [DETAIL] 7370 Ｅｎｊｉｎ: income_stmt=OK, balance_sheet=OK, cashflow=OK, dividends=OK
2026-10-02 08:03:43,262 [INFO] [TIME] 7370 Ｅｎｊｉｎ 処理時間: 1.14s
2026-10-02 08:03:45,426 [DEBUG] [TIME] 7371 info: 0.23s
2026-10-02 08:03:45,426 [DEBUG] yfinance OK: 7371
2026-10-02 08:03:45,728 [DEBUG] [TIME] 7371 income_stmt: 0.30s
2026-10-02 08:03:46,016 [DEBUG] [TIME] 7371 balance_sheet: 0.29s
2026-10-02 08:03:46,276 [DEBUG] [TIME] 7371 cashflow: 0.26s
2026-10-02 08:03:46,496 [DEBUG] [TIME] 7371 dividends: 0.22s
2026-10-02 08:03:46,497 [INFO] [DETAIL] 7371 Ｚｅｎｋｅｎ: income_stmt=OK, balance_sheet=OK, cashflow=OK, dividends=OK
2026-10-02 08:03:46,497 [INFO] [TIME] 7371 Ｚｅｎｋｅｎ 処理時間: 1.30s
2026-10-02 08:03:48,481 [DEBUG] [TIME] 7372 info: 0.27s
2026-10-02 08:03:48,481 [DEBUG] yfinance OK: 7372
2026-10-02 08:03:48,654 [DEBUG] [TIME] 7372 income_stmt: 0.17s
2026-10-02 08:03:48,830 [DEBUG] [TIME] 7372 balance_sheet: 0.18s
2026-10-02 08:03:48,954 [DEBUG] [TIME] 7372 cashflow: 0.12s
2026-10-02 08:03:49,140 [DEBUG] [TIME] 7372 dividends: 0.19s
2026-10-02 08:03:49,140 [INFO] [DETAIL] 7372 デコルテ・ホールディングス: income_stmt=OK, balance_sheet=OK, cashflow=OK, dividends=EMPTY
2026-10-02 08:03:49,140 [INFO] [TIME] 7372 デコルテ・ホールディングス 処理時間: 0.93s
2026-10-02 08:03:50,776 [DEBUG] [TIME] 7373 info: 0.22s
2026-10-02 08:03:50,776 [DEBUG] yfinance OK: 7373
2026-10-02 08:03:50,988 [DEBUG] [TIME] 7373 income_stmt: 0.21s
2026-10-02 08:03:51,231 [DEBUG] [TIME] 7373 balance_sheet: 0.24s
2026-10-02 08:03:51,381 [DEBUG] [TIME] 7373 cashflow: 0.15s
2026-10-02 08:03:51,595 [DEBUG] [TIME] 7373 dividends: 0.21s
2026-10-02 08:03:51,596 [INFO] [DETAIL] 7373 アイドマ・ホールディングス: income_stmt=OK, balance_sheet=OK, cashflow=OK, dividends=OK
2026-10-02 08:03:51,596 [INFO] [TIME] 7373 アイドマ・ホールディングス 処理時間: 1.04s
2026-10-02 08:03:53,332 [DEBUG] [TIME] 7374 info: 0.27s
2026-10-02 08:03:53,332 [DEBUG] yfinance OK: 7374
2026-10-02 08:03:53,533 [DEBUG] [TIME] 7374 income_stmt: 0.20s
2026-10-02 08:03:53,783 [DEBUG] [TIME] 7374 balance_sheet: 0.25s
2026-10-02 08:03:53,999 [DEBUG] [TIME] 7374 cashflow: 0.22s
2026-10-02 08:03:54,202 [DEBUG] [TIME] 7374 dividends: 0.20s
2026-10-02 08:03:54,203 [INFO] [DETAIL] 7374 コンフィデンス・インターワークス: income_stmt=OK, balance_sheet=OK, cashflow=OK, dividends=OK
2026-10-02 08:03:54,203 [INFO] [TIME] 7374 コンフィデンス・インターワークス 処理時間: 1.14s
2026-10-02 08:03:55,828 [DEBUG] [TIME] 7375 info: 0.23s
2026-10-02 08:03:55,828 [DEBUG] yfinance OK: 7375
2026-10-02 08:03:56,073 [DEBUG] [TIME] 7375 income_stmt: 0.25s
2026-10-02 08:03:56,316 [DEBUG] [TIME] 7375 balance_sheet: 0.24s
2026-10-02 08:03:56,524 [DEBUG] [TIME] 7375 cashflow: 0.21s
2026-10-02 08:03:56,716 [DEBUG] [TIME] 7375 dividends: 0.19s
2026-10-02 08:03:56,717 [INFO] [DETAIL] 7375 リファインバースグループ: income_stmt=OK, balance_sheet=OK, cashflow=OK, dividends=EMPTY
2026-10-02 08:03:56,717 [INFO] [TIME] 7375 リファインバースグループ 処理時間: 1.11s
2026-10-02 08:03:58,114 [DEBUG] [TIME] 7376 info: 0.23s
2026-10-02 08:03:58,114 [DEBUG] yfinance OK: 7376
2026-10-02 08:03:58,350 [DEBUG] [TIME] 7376 income_stmt: 0.24s
2026-10-02 08:03:58,642 [DEBUG] [TIME] 7376 balance_sheet: 0.29s
2026-10-02 08:03:58,801 [DEBUG] [TIME] 7376 cashflow: 0.16s
2026-10-02 08:03:59,000 [DEBUG] [TIME] 7376 dividends: 0.20s
2026-10-02 08:03:59,000 [INFO] [DETAIL] 7376 ＢＣＣ: income_stmt=OK, balance_sheet=OK, cashflow=OK, dividends=EMPTY
2026-10-02 08:03:59,001 [INFO] [TIME] 7376 ＢＣＣ 処理時間: 1.12s
2026-10-02 08:04:00,441 [DEBUG] [TIME] 7377 info: 0.23s
2026-10-02 08:04:00,441 [DEBUG] yfinance OK: 7377
2026-10-02 08:04:00,611 [DEBUG] [TIME] 7377 income_stmt: 0.17s
2026-10-02 08:04:00,933 [DEBUG] [TIME] 7377 balance_sheet: 0.32s
2026-10-02 08:04:01,187 [DEBUG] [TIME] 7377 cashflow: 0.25s
2026-10-02 08:04:01,396 [DEBUG] [TIME] 7377 dividends: 0.21s
2026-10-02 08:04:01,397 [INFO] [DETAIL] 7377 ＤＮホールディングス: income_stmt=OK, balance_sheet=OK, cashflow=OK, dividends=OK
2026-10-02 08:04:01,397 [INFO] [TIME] 7377 ＤＮホールディングス 処理時間: 1.19s
2026-10-02 08:04:03,126 [DEBUG] [TIME] 7378 info: 0.29s
2026-10-02 08:04:03,126 [DEBUG] yfinance OK: 7378
2026-10-02 08:04:03,351 [DEBUG] [TIME] 7378 income_stmt: 0.22s
2026-10-02 08:04:03,568 [DEBUG] [TIME] 7378 balance_sheet: 0.22s
2026-10-02 08:04:03,820 [DEBUG] [TIME] 7378 cashflow: 0.25s
2026-10-02 08:04:04,045 [DEBUG] [TIME] 7378 dividends: 0.22s
2026-10-02 08:04:04,046 [INFO] [DETAIL] 7378 アシロ: income_stmt=OK, balance_sheet=OK, cashflow=OK, dividends=OK
2026-10-02 08:04:04,046 [INFO] [TIME] 7378 アシロ 処理時間: 1.20s
2026-10-02 08:04:05,923 [DEBUG] [TIME] 7380 info: 0.22s
2026-10-02 08:04:05,923 [DEBUG] yfinance OK: 7380
2026-10-02 08:04:06,165 [DEBUG] [TIME] 7380 income_stmt: 0.24s
2026-10-02 08:04:06,468 [DEBUG] [TIME] 7380 balance_sheet: 0.30s
2026-10-02 08:04:06,659 [DEBUG] [TIME] 7380 cashflow: 0.19s
2026-10-02 08:04:06,876 [DEBUG] [TIME] 7380 dividends: 0.22s
2026-10-02 08:04:06,877 [INFO] [DETAIL] 7380 十六フィナンシャルグループ: income_stmt=OK, balance_sheet=OK, cashflow=OK, dividends=OK
2026-10-02 08:04:06,877 [INFO] [TIME] 7380 十六フィナンシャルグループ 処理時間: 1.18s
2026-10-02 08:04:08,660 [DEBUG] [TIME] 7381 info: 0.28s
2026-10-02 08:04:08,660 [DEBUG] yfinance OK: 7381
2026-10-02 08:04:08,879 [DEBUG] [TIME] 7381 income_stmt: 0.22s
2026-10-02 08:04:09,062 [DEBUG] [TIME] 7381 balance_sheet: 0.18s
2026-10-02 08:04:09,338 [DEBUG] [TIME] 7381 cashflow: 0.28s
2026-10-02 08:04:09,575 [DEBUG] [TIME] 7381 dividends: 0.24s
2026-10-02 08:04:09,576 [INFO] [DETAIL] 7381 ＣＣＩグループ: income_stmt=OK, balance_sheet=OK, cashflow=OK, dividends=OK
2026-10-02 08:04:09,576 [INFO] [TIME] 7381 ＣＣＩグループ 処理時間: 1.19s
2026-10-02 08:04:10,950 [DEBUG] [TIME] 7383 info: 0.23s
2026-10-02 08:04:10,950 [DEBUG] yfinance OK: 7383
2026-10-02 08:04:11,134 [DEBUG] [TIME] 7383 income_stmt: 0.18s
2026-10-02 08:04:11,351 [DEBUG] [TIME] 7383 balance_sheet: 0.22s
2026-10-02 08:04:11,511 [DEBUG] [TIME] 7383 cashflow: 0.16s
2026-10-02 08:04:11,681 [DEBUG] [TIME] 7383 dividends: 0.17s
2026-10-02 08:04:11,681 [INFO] [DETAIL] 7383 ネットプロテクションズホールディングス: income_stmt=OK, balance_sheet=OK, cashflow=OK, dividends=EMPTY
2026-10-02 08:04:11,681 [INFO] [TIME] 7383 ネットプロテクションズホールディングス 処理時間: 0.96s
2026-10-02 08:04:13,346 [DEBUG] [TIME] 7384 info: 0.22s
2026-10-02 08:04:13,346 [DEBUG] yfinance OK: 7384
2026-10-02 08:04:13,569 [DEBUG] [TIME] 7384 income_stmt: 0.22s
2026-10-02 08:04:13,706 [DEBUG] [TIME] 7384 balance_sheet: 0.14s
2026-10-02 08:04:13,886 [DEBUG] [TIME] 7384 cashflow: 0.18s
2026-10-02 08:04:14,119 [DEBUG] [TIME] 7384 dividends: 0.23s
2026-10-02 08:04:14,119 [INFO] [DETAIL] 7384 プロクレアホールディングス: income_stmt=OK, balance_sheet=OK, cashflow=OK, dividends=OK
2026-10-02 08:04:14,120 [INFO] [TIME] 7384 プロクレアホールディングス 処理時間: 1.00s
2026-10-02 08:04:16,097 [DEBUG] [TIME] 7388 info: 0.23s
2026-10-02 08:04:16,097 [DEBUG] yfinance OK: 7388
2026-10-02 08:04:16,330 [DEBUG] [TIME] 7388 income_stmt: 0.23s
2026-10-02 08:04:16,618 [DEBUG] [TIME] 7388 balance_sheet: 0.29s
2026-10-02 08:04:16,841 [DEBUG] [TIME] 7388 cashflow: 0.22s
2026-10-02 08:04:17,041 [DEBUG] [TIME] 7388 dividends: 0.20s
2026-10-02 08:04:17,042 [INFO] [DETAIL] 7388 ＦＰパートナー: income_stmt=OK, balance_sheet=OK, cashflow=OK, dividends=OK
2026-10-02 08:04:17,042 [INFO] [TIME] 7388 ＦＰパートナー 処理時間: 1.18s
2026-10-02 08:04:18,519 [DEBUG] [TIME] 7389 info: 0.23s
2026-10-02 08:04:18,519 [DEBUG] yfinance OK: 7389
2026-10-02 08:04:18,724 [DEBUG] [TIME] 7389 income_stmt: 0.20s
2026-10-02 08:04:18,926 [DEBUG] [TIME] 7389 balance_sheet: 0.20s
2026-10-02 08:04:19,119 [DEBUG] [TIME] 7389 cashflow: 0.19s
2026-10-02 08:04:19,399 [DEBUG] [TIME] 7389 dividends: 0.28s
2026-10-02 08:04:19,400 [INFO] [DETAIL] 7389 あいちフィナンシャルグループ: income_stmt=OK, balance_sheet=OK, cashflow=OK, dividends=OK
2026-10-02 08:04:19,400 [INFO] [TIME] 7389 あいちフィナンシャルグループ 処理時間: 1.11s
2026-10-02 08:04:20,727 [DEBUG] [TIME] 7399 info: 0.28s
2026-10-02 08:04:20,727 [DEBUG] yfinance OK: 7399
2026-10-02 08:04:20,930 [DEBUG] [TIME] 7399 income_stmt: 0.20s
2026-10-02 08:04:21,178 [DEBUG] [TIME] 7399 balance_sheet: 0.25s
2026-10-02 08:04:21,360 [DEBUG] [TIME] 7399 cashflow: 0.18s
2026-10-02 08:04:21,704 [DEBUG] [TIME] 7399 dividends: 0.34s
2026-10-02 08:04:21,705 [INFO] [DETAIL] 7399 ナンシン: income_stmt=OK, balance_sheet=OK, cashflow=OK, dividends=OK
2026-10-02 08:04:21,706 [INFO] [TIME] 7399 ナンシン 処理時間: 1.26s
2026-10-02 08:04:23,655 [DEBUG] [TIME] 7409 info: 0.22s
2026-10-02 08:04:23,655 [DEBUG] yfinance OK: 7409
2026-10-02 08:04:23,882 [DEBUG] [TIME] 7409 income_stmt: 0.23s
2026-10-02 08:04:24,108 [DEBUG] [TIME] 7409 balance_sheet: 0.23s
2026-10-02 08:04:24,291 [DEBUG] [TIME] 7409 cashflow: 0.18s
2026-10-02 08:04:24,469 [DEBUG] [TIME] 7409 dividends: 0.18s
2026-10-02 08:04:24,469 [INFO] [DETAIL] 7409 ＡｅｒｏＥｄｇｅ: income_stmt=OK, balance_sheet=OK, cashflow=OK, dividends=EMPTY
2026-10-02 08:04:24,469 [INFO] [TIME] 7409 ＡｅｒｏＥｄｇｅ 処理時間: 1.04s
2026-10-02 08:04:26,332 [DEBUG] [TIME] 7412 info: 0.23s
2026-10-02 08:04:26,332 [DEBUG] yfinance OK: 7412
2026-10-02 08:04:26,585 [DEBUG] [TIME] 7412 income_stmt: 0.25s
2026-10-02 08:04:26,850 [DEBUG] [TIME] 7412 balance_sheet: 0.26s
2026-10-02 08:04:27,083 [DEBUG] [TIME] 7412 cashflow: 0.23s
2026-10-02 08:04:27,439 [DEBUG] [TIME] 7412 dividends: 0.36s
2026-10-02 08:04:27,440 [INFO] [DETAIL] 7412 アトム: income_stmt=OK, balance_sheet=OK, cashflow=OK, dividends=OK
2026-10-02 08:04:27,440 [INFO] [TIME] 7412 アトム 処理時間: 1.34s
2026-10-02 08:04:28,785 [DEBUG] [TIME] 7413 info: 0.23s
2026-10-02 08:04:28,785 [DEBUG] yfinance OK: 7413
2026-10-02 08:04:29,029 [DEBUG] [TIME] 7413 income_stmt: 0.24s
2026-10-02 08:04:29,303 [DEBUG] [TIME] 7413 balance_sheet: 0.27s
2026-10-02 08:04:29,567 [DEBUG] [TIME] 7413 cashflow: 0.26s
2026-10-02 08:04:29,930 [DEBUG] [TIME] 7413 dividends: 0.36s
2026-10-02 08:04:29,931 [INFO] [DETAIL] 7413 創健社: income_stmt=OK, balance_sheet=OK, cashflow=OK, dividends=OK
2026-10-02 08:04:29,931 [INFO] [TIME] 7413 創健社 処理時間: 1.38s
2026-10-02 08:04:31,480 [DEBUG] [TIME] 7414 info: 0.22s
2026-10-02 08:04:31,480 [DEBUG] yfinance OK: 7414
2026-10-02 08:04:31,675 [DEBUG] [TIME] 7414 income_stmt: 0.19s
2026-10-02 08:04:31,994 [DEBUG] [TIME] 7414 balance_sheet: 0.32s
2026-10-02 08:04:32,245 [DEBUG] [TIME] 7414 cashflow: 0.25s
2026-10-02 08:04:32,752 [DEBUG] [TIME] 7414 dividends: 0.51s
2026-10-02 08:04:32,753 [INFO] [DETAIL] 7414 小野建: income_stmt=OK, balance_sheet=OK, cashflow=OK, dividends=OK
2026-10-02 08:04:32,753 [INFO] [TIME] 7414 小野建 処理時間: 1.50s
2026-10-02 08:04:34,702 [DEBUG] [TIME] 7416 info: 0.23s
2026-10-02 08:04:34,702 [DEBUG] yfinance OK: 7416
2026-10-02 08:04:34,867 [DEBUG] [TIME] 7416 income_stmt: 0.16s
2026-10-02 08:04:35,058 [DEBUG] [TIME] 7416 balance_sheet: 0.19s
2026-10-02 08:04:35,357 [DEBUG] [TIME] 7416 cashflow: 0.30s
2026-10-02 08:04:35,753 [DEBUG] [TIME] 7416 dividends: 0.40s
2026-10-02 08:04:35,754 [INFO] [DETAIL] 7416 はるやまホールディングス: income_stmt=OK, balance_sheet=OK, cashflow=OK, dividends=OK
2026-10-02 08:04:35,754 [INFO] [TIME] 7416 はるやまホールディングス 処理時間: 1.28s
2026-10-02 08:04:37,174 [DEBUG] [TIME] 7417 info: 0.23s
2026-10-02 08:04:37,174 [DEBUG] yfinance OK: 7417
2026-10-02 08:04:37,438 [DEBUG] [TIME] 7417 income_stmt: 0.26s
2026-10-02 08:04:37,752 [DEBUG] [TIME] 7417 balance_sheet: 0.31s
2026-10-02 08:04:37,978 [DEBUG] [TIME] 7417 cashflow: 0.22s
2026-10-02 08:04:38,243 [DEBUG] [TIME] 7417 dividends: 0.26s
2026-10-02 08:04:38,244 [INFO] [DETAIL] 7417 南陽: income_stmt=OK, balance_sheet=OK, cashflow=OK, dividends=OK
2026-10-02 08:04:38,244 [INFO] [TIME] 7417 南陽 処理時間: 1.30s
2026-10-02 08:04:39,914 [DEBUG] [TIME] 7419 info: 0.25s
2026-10-02 08:04:39,914 [DEBUG] yfinance OK: 7419
2026-10-02 08:04:40,135 [DEBUG] [TIME] 7419 income_stmt: 0.22s
2026-10-02 08:04:40,420 [DEBUG] [TIME] 7419 balance_sheet: 0.28s
2026-10-02 08:04:40,706 [DEBUG] [TIME] 7419 cashflow: 0.29s
2026-10-02 08:04:41,067 [DEBUG] [TIME] 7419 dividends: 0.36s
2026-10-02 08:04:41,068 [INFO] [DETAIL] 7419 ノジマ: income_stmt=OK, balance_sheet=OK, cashflow=OK, dividends=OK
2026-10-02 08:04:41,068 [INFO] [TIME] 7419 ノジマ 処理時間: 1.41s
2026-10-02 08:04:42,449 [DEBUG] [TIME] 7421 info: 0.23s
2026-10-02 08:04:42,450 [DEBUG] yfinance OK: 7421
2026-10-02 08:04:42,722 [DEBUG] [TIME] 7421 income_stmt: 0.27s
2026-10-02 08:04:43,037 [DEBUG] [TIME] 7421 balance_sheet: 0.31s
2026-10-02 08:04:43,309 [DEBUG] [TIME] 7421 cashflow: 0.27s
2026-10-02 08:04:43,682 [DEBUG] [TIME] 7421 dividends: 0.37s
2026-10-02 08:04:43,683 [INFO] [DETAIL] 7421 カッパ・クリエイト: income_stmt=OK, balance_sheet=OK, cashflow=OK, dividends=OK
2026-10-02 08:04:43,683 [INFO] [TIME] 7421 カッパ・クリエイト 処理時間: 1.46s
2026-10-02 08:04:45,286 [DEBUG] [TIME] 7422 info: 0.23s
2026-10-02 08:04:45,286 [DEBUG] yfinance OK: 7422
2026-10-02 08:04:45,497 [DEBUG] [TIME] 7422 income_stmt: 0.21s
2026-10-02 08:04:45,702 [DEBUG] [TIME] 7422 balance_sheet: 0.20s
2026-10-02 08:04:45,935 [DEBUG] [TIME] 7422 cashflow: 0.23s
2026-10-02 08:04:46,341 [DEBUG] [TIME] 7422 dividends: 0.40s
2026-10-02 08:04:46,342 [INFO] [DETAIL] 7422 東邦レマック: income_stmt=OK, balance_sheet=OK, cashflow=OK, dividends=OK
2026-10-02 08:04:46,342 [INFO] [TIME] 7422 東邦レマック 処理時間: 1.29s
2026-10-02 08:04:47,927 [DEBUG] [TIME] 7425 info: 0.28s
2026-10-02 08:04:47,927 [DEBUG] yfinance OK: 7425
2026-10-02 08:04:48,133 [DEBUG] [TIME] 7425 income_stmt: 0.21s
2026-10-02 08:04:48,358 [DEBUG] [TIME] 7425 balance_sheet: 0.22s
2026-10-02 08:04:48,534 [DEBUG] [TIME] 7425 cashflow: 0.18s
2026-10-02 08:04:48,930 [DEBUG] [TIME] 7425 dividends: 0.40s
2026-10-02 08:04:48,931 [INFO] [DETAIL] 7425 初穂商事: income_stmt=OK, balance_sheet=OK, cashflow=OK, dividends=OK
2026-10-02 08:04:48,931 [INFO] [TIME] 7425 初穂商事 処理時間: 1.29s
2026-10-02 08:04:50,404 [DEBUG] [TIME] 7426 info: 0.25s
2026-10-02 08:04:50,404 [DEBUG] yfinance OK: 7426
2026-10-02 08:04:50,708 [DEBUG] [TIME] 7426 income_stmt: 0.30s
2026-10-02 08:04:51,009 [DEBUG] [TIME] 7426 balance_sheet: 0.30s
2026-10-02 08:04:51,263 [DEBUG] [TIME] 7426 cashflow: 0.25s
2026-10-02 08:04:51,655 [DEBUG] [TIME] 7426 dividends: 0.39s
2026-10-02 08:04:51,656 [INFO] [DETAIL] 7426 山大: income_stmt=OK, balance_sheet=OK, cashflow=OK, dividends=OK
2026-10-02 08:04:51,656 [INFO] [TIME] 7426 山大 処理時間: 1.50s
2026-10-02 08:04:53,934 [DEBUG] [TIME] 7427 info: 0.28s
2026-10-02 08:04:53,934 [DEBUG] yfinance OK: 7427
2026-10-02 08:04:54,195 [DEBUG] [TIME] 7427 income_stmt: 0.26s
2026-10-02 08:04:54,501 [DEBUG] [TIME] 7427 balance_sheet: 0.31s
2026-10-02 08:04:54,735 [DEBUG] [TIME] 7427 cashflow: 0.23s
2026-10-02 08:04:55,083 [DEBUG] [TIME] 7427 dividends: 0.35s
2026-10-02 08:04:55,084 [INFO] [DETAIL] 7427 エコートレーディング: income_stmt=OK, balance_sheet=OK, cashflow=OK, dividends=OK
2026-10-02 08:04:55,084 [INFO] [TIME] 7427 エコートレーディング 処理時間: 1.43s
2026-10-02 08:04:56,599 [DEBUG] [TIME] 7433 info: 0.24s
2026-10-02 08:04:56,599 [DEBUG] yfinance OK: 7433
2026-10-02 08:04:56,838 [DEBUG] [TIME] 7433 income_stmt: 0.24s
2026-10-02 08:04:57,126 [DEBUG] [TIME] 7433 balance_sheet: 0.29s
2026-10-02 08:04:57,293 [DEBUG] [TIME] 7433 cashflow: 0.17s
2026-10-02 08:04:57,744 [DEBUG] [TIME] 7433 dividends: 0.45s
2026-10-02 08:04:57,746 [INFO] [DETAIL] 7433 伯東: income_stmt=OK, balance_sheet=OK, cashflow=OK, dividends=OK
2026-10-02 08:04:57,746 [INFO] [TIME] 7433 伯東 処理時間: 1.38s
2026-10-02 08:04:59,712 [DEBUG] [TIME] 7434 info: 0.29s
2026-10-02 08:04:59,712 [DEBUG] yfinance OK: 7434
2026-10-02 08:04:59,962 [DEBUG] [TIME] 7434 income_stmt: 0.25s
2026-10-02 08:05:00,276 [DEBUG] [TIME] 7434 balance_sheet: 0.31s
2026-10-02 08:05:00,483 [DEBUG] [TIME] 7434 cashflow: 0.21s
2026-10-02 08:05:00,852 [DEBUG] [TIME] 7434 dividends: 0.37s
2026-10-02 08:05:00,853 [INFO] [DETAIL] 7434 オータケ: income_stmt=OK, balance_sheet=OK, cashflow=OK, dividends=OK
2026-10-02 08:05:00,853 [INFO] [TIME] 7434 オータケ 処理時間: 1.43s
2026-10-02 08:05:02,232 [DEBUG] [TIME] 7435 info: 0.23s
2026-10-02 08:05:02,232 [DEBUG] yfinance OK: 7435
2026-10-02 08:05:02,400 [DEBUG] [TIME] 7435 income_stmt: 0.17s
2026-10-02 08:05:02,645 [DEBUG] [TIME] 7435 balance_sheet: 0.24s
2026-10-02 08:05:02,818 [DEBUG] [TIME] 7435 cashflow: 0.17s
2026-10-02 08:05:03,229 [DEBUG] [TIME] 7435 dividends: 0.41s
2026-10-02 08:05:03,230 [INFO] [DETAIL] 7435 ナ・デックス: income_stmt=OK, balance_sheet=OK, cashflow=OK, dividends=OK
2026-10-02 08:05:03,230 [INFO] [TIME] 7435 ナ・デックス 処理時間: 1.23s
2026-10-02 08:05:04,696 [DEBUG] [TIME] 7438 info: 0.23s
2026-10-02 08:05:04,696 [DEBUG] yfinance OK: 7438
2026-10-02 08:05:04,875 [DEBUG] [TIME] 7438 income_stmt: 0.18s
2026-10-02 08:05:05,101 [DEBUG] [TIME] 7438 balance_sheet: 0.23s
2026-10-02 08:05:05,376 [DEBUG] [TIME] 7438 cashflow: 0.27s
2026-10-02 08:05:05,752 [DEBUG] [TIME] 7438 dividends: 0.38s
2026-10-02 08:05:05,753 [INFO] [DETAIL] 7438 コンドーテック: income_stmt=OK, balance_sheet=OK, cashflow=OK, dividends=OK
2026-10-02 08:05:05,753 [INFO] [TIME] 7438 コンドーテック 処理時間: 1.29s
2026-10-02 08:05:07,847 [DEBUG] [TIME] 7442 info: 0.28s
2026-10-02 08:05:07,847 [DEBUG] yfinance OK: 7442
2026-10-02 08:05:08,043 [DEBUG] [TIME] 7442 income_stmt: 0.20s
2026-10-02 08:05:08,341 [DEBUG] [TIME] 7442 balance_sheet: 0.30s
2026-10-02 08:05:08,603 [DEBUG] [TIME] 7442 cashflow: 0.26s
2026-10-02 08:05:08,911 [DEBUG] [TIME] 7442 dividends: 0.31s
2026-10-02 08:05:08,913 [INFO] [DETAIL] 7442 中山福: income_stmt=OK, balance_sheet=OK, cashflow=OK, dividends=OK
2026-10-02 08:05:08,913 [INFO] [TIME] 7442 中山福 処理時間: 1.35s
2026-10-02 08:05:11,068 [DEBUG] [TIME] 7443 info: 0.24s
2026-10-02 08:05:11,068 [DEBUG] yfinance OK: 7443
2026-10-02 08:05:11,272 [DEBUG] [TIME] 7443 income_stmt: 0.20s
2026-10-02 08:05:11,660 [DEBUG] [TIME] 7443 balance_sheet: 0.39s
2026-10-02 08:05:11,994 [DEBUG] [TIME] 7443 cashflow: 0.33s
2026-10-02 08:05:12,369 [DEBUG] [TIME] 7443 dividends: 0.37s
2026-10-02 08:05:12,370 [INFO] [DETAIL] 7443 横浜魚類: income_stmt=OK, balance_sheet=OK, cashflow=OK, dividends=OK
2026-10-02 08:05:12,370 [INFO] [TIME] 7443 横浜魚類 処理時間: 1.55s
2026-10-02 08:05:14,037 [DEBUG] [TIME] 7444 info: 0.23s
2026-10-02 08:05:14,037 [DEBUG] yfinance OK: 7444
2026-10-02 08:05:14,263 [DEBUG] [TIME] 7444 income_stmt: 0.23s
2026-10-02 08:05:14,545 [DEBUG] [TIME] 7444 balance_sheet: 0.28s
2026-10-02 08:05:14,741 [DEBUG] [TIME] 7444 cashflow: 0.19s
2026-10-02 08:05:15,099 [DEBUG] [TIME] 7444 dividends: 0.36s
2026-10-02 08:05:15,100 [INFO] [DETAIL] 7444 ハリマ共和物産: income_stmt=OK, balance_sheet=OK, cashflow=OK, dividends=OK
2026-10-02 08:05:15,100 [INFO] [TIME] 7444 ハリマ共和物産 処理時間: 1.29s
2026-10-02 08:05:16,721 [DEBUG] [TIME] 7446 info: 0.23s
2026-10-02 08:05:16,721 [DEBUG] yfinance OK: 7446
2026-10-02 08:05:16,909 [DEBUG] [TIME] 7446 income_stmt: 0.19s
2026-10-02 08:05:17,255 [DEBUG] [TIME] 7446 balance_sheet: 0.34s
2026-10-02 08:05:17,443 [DEBUG] [TIME] 7446 cashflow: 0.19s
2026-10-02 08:05:17,853 [DEBUG] [TIME] 7446 dividends: 0.41s
2026-10-02 08:05:17,854 [INFO] [DETAIL] 7446 東北化学薬品: income_stmt=OK, balance_sheet=OK, cashflow=OK, dividends=OK
2026-10-02 08:05:17,854 [INFO] [TIME] 7446 東北化学薬品 処理時間: 1.36s
2026-10-02 08:05:19,799 [DEBUG] [TIME] 7447 info: 0.23s
2026-10-02 08:05:19,799 [DEBUG] yfinance OK: 7447
2026-10-02 08:05:20,047 [DEBUG] [TIME] 7447 income_stmt: 0.25s
2026-10-02 08:05:20,340 [DEBUG] [TIME] 7447 balance_sheet: 0.29s
2026-10-02 08:05:20,611 [DEBUG] [TIME] 7447 cashflow: 0.27s
2026-10-02 08:05:21,016 [DEBUG] [TIME] 7447 dividends: 0.41s
2026-10-02 08:05:21,017 [INFO] [DETAIL] 7447 ナガイレーベン: income_stmt=OK, balance_sheet=OK, cashflow=OK, dividends=OK
2026-10-02 08:05:21,018 [INFO] [TIME] 7447 ナガイレーベン 処理時間: 1.45s
2026-10-02 08:05:23,077 [DEBUG] [TIME] 7453 info: 0.24s
2026-10-02 08:05:23,077 [DEBUG] yfinance OK: 7453
2026-10-02 08:05:23,245 [DEBUG] [TIME] 7453 income_stmt: 0.17s
2026-10-02 08:05:23,574 [DEBUG] [TIME] 7453 balance_sheet: 0.33s
2026-10-02 08:05:23,788 [DEBUG] [TIME] 7453 cashflow: 0.21s
2026-10-02 08:05:24,212 [DEBUG] [TIME] 7453 dividends: 0.42s
2026-10-02 08:05:24,213 [INFO] [DETAIL] 7453 良品計画: income_stmt=OK, balance_sheet=OK, cashflow=OK, dividends=OK
2026-10-02 08:05:24,213 [INFO] [TIME] 7453 良品計画 処理時間: 1.38s
2026-10-02 08:05:25,492 [DEBUG] [TIME] 7456 info: 0.23s
2026-10-02 08:05:25,492 [DEBUG] yfinance OK: 7456
2026-10-02 08:05:25,775 [DEBUG] [TIME] 7456 income_stmt: 0.28s
2026-10-02 08:05:25,979 [DEBUG] [TIME] 7456 balance_sheet: 0.20s
2026-10-02 08:05:26,172 [DEBUG] [TIME] 7456 cashflow: 0.19s
2026-10-02 08:05:26,540 [DEBUG] [TIME] 7456 dividends: 0.37s
2026-10-02 08:05:26,541 [INFO] [DETAIL] 7456 松田産業: income_stmt=OK, balance_sheet=OK, cashflow=OK, dividends=OK
2026-10-02 08:05:26,541 [INFO] [TIME] 7456 松田産業 処理時間: 1.28s
2026-10-02 08:05:27,907 [DEBUG] [TIME] 7458 info: 0.24s
2026-10-02 08:05:27,907 [DEBUG] yfinance OK: 7458
2026-10-02 08:05:28,254 [DEBUG] [TIME] 7458 income_stmt: 0.35s
2026-10-02 08:05:28,553 [DEBUG] [TIME] 7458 balance_sheet: 0.30s
2026-10-02 08:05:28,801 [DEBUG] [TIME] 7458 cashflow: 0.25s
2026-10-02 08:05:29,132 [DEBUG] [TIME] 7458 dividends: 0.33s
2026-10-02 08:05:29,133 [INFO] [DETAIL] 7458 第一興商: income_stmt=OK, balance_sheet=OK, cashflow=OK, dividends=OK
2026-10-02 08:05:29,133 [INFO] [TIME] 7458 第一興商 処理時間: 1.47s
2026-10-02 08:05:31,310 [DEBUG] [TIME] 7459 info: 0.24s
2026-10-02 08:05:31,310 [DEBUG] yfinance OK: 7459
2026-10-02 08:05:31,573 [DEBUG] [TIME] 7459 income_stmt: 0.26s
2026-10-02 08:05:31,805 [DEBUG] [TIME] 7459 balance_sheet: 0.23s
2026-10-02 08:05:32,003 [DEBUG] [TIME] 7459 cashflow: 0.20s
2026-10-02 08:05:32,399 [DEBUG] [TIME] 7459 dividends: 0.40s
2026-10-02 08:05:32,401 [INFO] [DETAIL] 7459 メディパルホールディングス: income_stmt=OK, balance_sheet=OK, cashflow=OK, dividends=OK
2026-10-02 08:05:32,401 [INFO] [TIME] 7459 メディパルホールディングス 処理時間: 1.33s
2026-10-02 08:05:34,540 [DEBUG] [TIME] 7460 info: 0.23s
2026-10-02 08:05:34,540 [DEBUG] yfinance OK: 7460
2026-10-02 08:05:34,805 [DEBUG] [TIME] 7460 income_stmt: 0.27s
2026-10-02 08:05:35,225 [DEBUG] [TIME] 7460 balance_sheet: 0.42s
2026-10-02 08:05:35,552 [DEBUG] [TIME] 7460 cashflow: 0.33s
2026-10-02 08:05:35,940 [DEBUG] [TIME] 7460 dividends: 0.39s
2026-10-02 08:05:35,941 [INFO] [DETAIL] 7460 ヤギ: income_stmt=OK, balance_sheet=OK, cashflow=OK, dividends=OK
2026-10-02 08:05:35,941 [INFO] [TIME] 7460 ヤギ 処理時間: 1.64s
2026-10-02 08:05:37,784 [DEBUG] [TIME] 7461 info: 0.29s
2026-10-02 08:05:37,784 [DEBUG] yfinance OK: 7461
2026-10-02 08:05:38,039 [DEBUG] [TIME] 7461 income_stmt: 0.25s
2026-10-02 08:05:38,266 [DEBUG] [TIME] 7461 balance_sheet: 0.23s
2026-10-02 08:05:38,525 [DEBUG] [TIME] 7461 cashflow: 0.26s
2026-10-02 08:05:38,938 [DEBUG] [TIME] 7461 dividends: 0.41s
2026-10-02 08:05:38,939 [INFO] [DETAIL] 7461 キムラ: income_stmt=OK, balance_sheet=OK, cashflow=OK, dividends=OK
2026-10-02 08:05:38,939 [INFO] [TIME] 7461 キムラ 処理時間: 1.45s
2026-10-02 08:05:40,335 [DEBUG] [TIME] 7462 info: 0.23s
2026-10-02 08:05:40,335 [DEBUG] yfinance OK: 7462
2026-10-02 08:05:40,601 [DEBUG] [TIME] 7462 income_stmt: 0.27s
2026-10-02 08:05:40,820 [DEBUG] [TIME] 7462 balance_sheet: 0.22s
2026-10-02 08:05:41,047 [DEBUG] [TIME] 7462 cashflow: 0.23s
2026-10-02 08:05:41,420 [DEBUG] [TIME] 7462 dividends: 0.37s
2026-10-02 08:05:41,421 [INFO] [DETAIL] 7462 ＣＡＰＩＴＡ: income_stmt=OK, balance_sheet=OK, cashflow=OK, dividends=OK
2026-10-02 08:05:41,422 [INFO] [TIME] 7462 ＣＡＰＩＴＡ 処理時間: 1.32s
2026-10-02 08:05:42,864 [DEBUG] [TIME] 7463 info: 0.23s
2026-10-02 08:05:42,864 [DEBUG] yfinance OK: 7463
2026-10-02 08:05:43,050 [DEBUG] [TIME] 7463 income_stmt: 0.19s
2026-10-02 08:05:43,351 [DEBUG] [TIME] 7463 balance_sheet: 0.30s
2026-10-02 08:05:43,600 [DEBUG] [TIME] 7463 cashflow: 0.25s
2026-10-02 08:05:44,039 [DEBUG] [TIME] 7463 dividends: 0.44s
2026-10-02 08:05:44,040 [INFO] [DETAIL] 7463 アドヴァングループ: income_stmt=OK, balance_sheet=OK, cashflow=OK, dividends=OK
2026-10-02 08:05:44,040 [INFO] [TIME] 7463 アドヴァングループ 処理時間: 1.41s
2026-10-02 08:05:46,303 [DEBUG] [TIME] 7464 info: 0.26s
2026-10-02 08:05:46,303 [DEBUG] yfinance OK: 7464
2026-10-02 08:05:46,576 [DEBUG] [TIME] 7464 income_stmt: 0.27s
2026-10-02 08:05:46,761 [DEBUG] [TIME] 7464 balance_sheet: 0.18s
2026-10-02 08:05:46,901 [DEBUG] [TIME] 7464 cashflow: 0.14s
2026-10-02 08:05:47,278 [DEBUG] [TIME] 7464 dividends: 0.38s
2026-10-02 08:05:47,279 [INFO] [DETAIL] 7464 セフテック: income_stmt=OK, balance_sheet=OK, cashflow=OK, dividends=OK
2026-10-02 08:05:47,279 [INFO] [TIME] 7464 セフテック 処理時間: 1.24s
2026-10-02 08:05:48,894 [DEBUG] [TIME] 7466 info: 0.33s
2026-10-02 08:05:48,894 [DEBUG] yfinance OK: 7466
2026-10-02 08:05:49,096 [DEBUG] [TIME] 7466 income_stmt: 0.20s
2026-10-02 08:05:49,315 [DEBUG] [TIME] 7466 balance_sheet: 0.22s
2026-10-02 08:05:49,507 [DEBUG] [TIME] 7466 cashflow: 0.19s
2026-10-02 08:05:49,879 [DEBUG] [TIME] 7466 dividends: 0.37s
2026-10-02 08:05:49,880 [INFO] [DETAIL] 7466 ＳＰＫ: income_stmt=OK, balance_sheet=OK, cashflow=OK, dividends=OK
2026-10-02 08:05:49,880 [INFO] [TIME] 7466 ＳＰＫ 処理時間: 1.32s
2026-10-02 08:05:51,744 [DEBUG] [TIME] 7472 info: 0.23s
2026-10-02 08:05:51,744 [DEBUG] yfinance OK: 7472
2026-10-02 08:05:51,927 [DEBUG] [TIME] 7472 income_stmt: 0.18s
2026-10-02 08:05:52,124 [DEBUG] [TIME] 7472 balance_sheet: 0.20s
2026-10-02 08:05:52,365 [DEBUG] [TIME] 7472 cashflow: 0.24s
2026-10-02 08:05:52,745 [DEBUG] [TIME] 7472 dividends: 0.38s
2026-10-02 08:05:52,746 [INFO] [DETAIL] 7472 鳥羽洋行: income_stmt=OK, balance_sheet=OK, cashflow=OK, dividends=OK
2026-10-02 08:05:52,746 [INFO] [TIME] 7472 鳥羽洋行 処理時間: 1.23s
2026-10-02 08:05:54,106 [DEBUG] [TIME] 7475 info: 0.34s
2026-10-02 08:05:54,106 [DEBUG] yfinance OK: 7475
2026-10-02 08:05:54,340 [DEBUG] [TIME] 7475 income_stmt: 0.23s
2026-10-02 08:05:54,562 [DEBUG] [TIME] 7475 balance_sheet: 0.22s
2026-10-02 08:05:54,764 [DEBUG] [TIME] 7475 cashflow: 0.20s
2026-10-02 08:05:55,030 [DEBUG] [TIME] 7475 dividends: 0.27s
2026-10-02 08:05:55,031 [INFO] [DETAIL] 7475 アルビス: income_stmt=OK, balance_sheet=OK, cashflow=OK, dividends=OK
2026-10-02 08:05:55,031 [INFO] [TIME] 7475 アルビス 処理時間: 1.26s
2026-10-02 08:05:56,597 [DEBUG] [TIME] 7476 info: 0.28s
2026-10-02 08:05:56,597 [DEBUG] yfinance OK: 7476
2026-10-02 08:05:56,837 [DEBUG] [TIME] 7476 income_stmt: 0.24s
2026-10-02 08:05:57,138 [DEBUG] [TIME] 7476 balance_sheet: 0.30s
2026-10-02 08:05:57,310 [DEBUG] [TIME] 7476 cashflow: 0.17s
2026-10-02 08:05:57,684 [DEBUG] [TIME] 7476 dividends: 0.37s
2026-10-02 08:05:57,685 [INFO] [DETAIL] 7476 アズワン: income_stmt=OK, balance_sheet=OK, cashflow=OK, dividends=OK
2026-10-02 08:05:57,685 [INFO] [TIME] 7476 アズワン 処理時間: 1.37s
2026-10-02 08:05:59,914 [DEBUG] [TIME] 7477 info: 0.31s
2026-10-02 08:05:59,914 [DEBUG] yfinance OK: 7477
2026-10-02 08:06:00,095 [DEBUG] [TIME] 7477 income_stmt: 0.18s
2026-10-02 08:06:00,400 [DEBUG] [TIME] 7477 balance_sheet: 0.30s
2026-10-02 08:06:00,568 [DEBUG] [TIME] 7477 cashflow: 0.17s
2026-10-02 08:06:00,977 [DEBUG] [TIME] 7477 dividends: 0.41s
2026-10-02 08:06:00,978 [INFO] [DETAIL] 7477 ムラキ: income_stmt=OK, balance_sheet=OK, cashflow=OK, dividends=OK
2026-10-02 08:06:00,978 [INFO] [TIME] 7477 ムラキ 処理時間: 1.37s
2026-10-02 08:06:02,601 [DEBUG] [TIME] 7480 info: 0.23s
2026-10-02 08:06:02,601 [DEBUG] yfinance OK: 7480
2026-10-02 08:06:02,820 [DEBUG] [TIME] 7480 income_stmt: 0.22s
2026-10-02 08:06:03,022 [DEBUG] [TIME] 7480 balance_sheet: 0.20s
2026-10-02 08:06:03,198 [DEBUG] [TIME] 7480 cashflow: 0.18s
2026-10-02 08:06:03,537 [DEBUG] [TIME] 7480 dividends: 0.34s
2026-10-02 08:06:03,538 [INFO] [DETAIL] 7480 スズデン: income_stmt=OK, balance_sheet=OK, cashflow=OK, dividends=OK
2026-10-02 08:06:03,538 [INFO] [TIME] 7480 スズデン 処理時間: 1.17s
2026-10-02 08:06:05,176 [DEBUG] [TIME] 7481 info: 0.23s
2026-10-02 08:06:05,176 [DEBUG] yfinance OK: 7481
2026-10-02 08:06:05,355 [DEBUG] [TIME] 7481 income_stmt: 0.18s
2026-10-02 08:06:05,548 [DEBUG] [TIME] 7481 balance_sheet: 0.19s
2026-10-02 08:06:05,696 [DEBUG] [TIME] 7481 cashflow: 0.15s
2026-10-02 08:06:06,069 [DEBUG] [TIME] 7481 dividends: 0.37s
2026-10-02 08:06:06,070 [INFO] [DETAIL] 7481 尾家産業: income_stmt=OK, balance_sheet=OK, cashflow=OK, dividends=OK
2026-10-02 08:06:06,070 [INFO] [TIME] 7481 尾家産業 処理時間: 1.12s
2026-10-02 08:06:08,070 [DEBUG] [TIME] 7482 info: 0.28s
2026-10-02 08:06:08,070 [DEBUG] yfinance OK: 7482
2026-10-02 08:06:08,290 [DEBUG] [TIME] 7482 income_stmt: 0.22s
2026-10-02 08:06:08,582 [DEBUG] [TIME] 7482 balance_sheet: 0.29s
2026-10-02 08:06:08,845 [DEBUG] [TIME] 7482 cashflow: 0.26s
2026-10-02 08:06:09,220 [DEBUG] [TIME] 7482 dividends: 0.37s
2026-10-02 08:06:09,221 [INFO] [DETAIL] 7482 シモジマ: income_stmt=OK, balance_sheet=OK, cashflow=OK, dividends=OK
2026-10-02 08:06:09,222 [INFO] [TIME] 7482 シモジマ 処理時間: 1.43s
2026-10-02 08:06:10,621 [DEBUG] [TIME] 7483 info: 0.23s
2026-10-02 08:06:10,621 [DEBUG] yfinance OK: 7483
2026-10-02 08:06:10,843 [DEBUG] [TIME] 7483 income_stmt: 0.22s
2026-10-02 08:06:11,141 [DEBUG] [TIME] 7483 balance_sheet: 0.30s
2026-10-02 08:06:11,371 [DEBUG] [TIME] 7483 cashflow: 0.23s
2026-10-02 08:06:11,806 [DEBUG] [TIME] 7483 dividends: 0.43s
2026-10-02 08:06:11,807 [INFO] [DETAIL] 7483 ドウシシャ: income_stmt=OK, balance_sheet=OK, cashflow=OK, dividends=OK
2026-10-02 08:06:11,807 [INFO] [TIME] 7483 ドウシシャ 処理時間: 1.41s
2026-10-02 08:06:13,806 [DEBUG] [TIME] 7486 info: 0.24s
2026-10-02 08:06:13,806 [DEBUG] yfinance OK: 7486
2026-10-02 08:06:14,024 [DEBUG] [TIME] 7486 income_stmt: 0.22s
2026-10-02 08:06:14,253 [DEBUG] [TIME] 7486 balance_sheet: 0.23s
2026-10-02 08:06:14,454 [DEBUG] [TIME] 7486 cashflow: 0.20s
2026-10-02 08:06:14,839 [DEBUG] [TIME] 7486 dividends: 0.38s
2026-10-02 08:06:14,840 [INFO] [DETAIL] 7486 サンリン: income_stmt=OK, balance_sheet=OK, cashflow=OK, dividends=OK
2026-10-02 08:06:14,840 [INFO] [TIME] 7486 サンリン 処理時間: 1.27s
2026-10-02 08:06:16,114 [DEBUG] [TIME] 7487 info: 0.23s
2026-10-02 08:06:16,114 [DEBUG] yfinance OK: 7487
2026-10-02 08:06:16,319 [DEBUG] [TIME] 7487 income_stmt: 0.21s
2026-10-02 08:06:16,508 [DEBUG] [TIME] 7487 balance_sheet: 0.19s
2026-10-02 08:06:16,737 [DEBUG] [TIME] 7487 cashflow: 0.23s
2026-10-02 08:06:17,089 [DEBUG] [TIME] 7487 dividends: 0.35s
2026-10-02 08:06:17,090 [INFO] [DETAIL] 7487 小津産業: income_stmt=OK, balance_sheet=OK, cashflow=OK, dividends=OK
2026-10-02 08:06:17,090 [INFO] [TIME] 7487 小津産業 処理時間: 1.21s
2026-10-02 08:06:19,089 [DEBUG] [TIME] 7490 info: 0.23s
2026-10-02 08:06:19,089 [DEBUG] yfinance OK: 7490
2026-10-02 08:06:19,264 [DEBUG] [TIME] 7490 income_stmt: 0.17s
2026-10-02 08:06:19,501 [DEBUG] [TIME] 7490 balance_sheet: 0.24s
2026-10-02 08:06:19,663 [DEBUG] [TIME] 7490 cashflow: 0.16s
2026-10-02 08:06:20,006 [DEBUG] [TIME] 7490 dividends: 0.34s
2026-10-02 08:06:20,007 [INFO] [DETAIL] 7490 日新商事: income_stmt=OK, balance_sheet=OK, cashflow=OK, dividends=OK
2026-10-02 08:06:20,007 [INFO] [TIME] 7490 日新商事 処理時間: 1.15s
2026-10-02 08:06:21,326 [DEBUG] [TIME] 7494 info: 0.23s
2026-10-02 08:06:21,326 [DEBUG] yfinance OK: 7494
2026-10-02 08:06:21,560 [DEBUG] [TIME] 7494 income_stmt: 0.23s
2026-10-02 08:06:21,757 [DEBUG] [TIME] 7494 balance_sheet: 0.20s
2026-10-02 08:06:21,905 [DEBUG] [TIME] 7494 cashflow: 0.15s
2026-10-02 08:06:22,245 [DEBUG] [TIME] 7494 dividends: 0.34s
2026-10-02 08:06:22,246 [INFO] [DETAIL] 7494 コナカ: income_stmt=OK, balance_sheet=OK, cashflow=OK, dividends=OK
2026-10-02 08:06:22,246 [INFO] [TIME] 7494 コナカ 処理時間: 1.15s
2026-10-02 08:06:23,886 [DEBUG] [TIME] 7500 info: 0.23s
2026-10-02 08:06:23,886 [DEBUG] yfinance OK: 7500
2026-10-02 08:06:24,052 [DEBUG] [TIME] 7500 income_stmt: 0.17s
2026-10-02 08:06:24,235 [DEBUG] [TIME] 7500 balance_sheet: 0.18s
2026-10-02 08:06:24,420 [DEBUG] [TIME] 7500 cashflow: 0.18s
2026-10-02 08:06:24,806 [DEBUG] [TIME] 7500 dividends: 0.39s
2026-10-02 08:06:24,807 [INFO] [DETAIL] 7500 西川計測: income_stmt=OK, balance_sheet=OK, cashflow=OK, dividends=OK
2026-10-02 08:06:24,808 [INFO] [TIME] 7500 西川計測 処理時間: 1.15s
2026-10-02 08:06:26,982 [DEBUG] [TIME] 7501 info: 0.23s
2026-10-02 08:06:26,982 [DEBUG] yfinance OK: 7501
2026-10-02 08:06:27,161 [DEBUG] [TIME] 7501 income_stmt: 0.18s
2026-10-02 08:06:27,465 [DEBUG] [TIME] 7501 balance_sheet: 0.30s
2026-10-02 08:06:27,689 [DEBUG] [TIME] 7501 cashflow: 0.22s
2026-10-02 08:06:28,048 [DEBUG] [TIME] 7501 dividends: 0.36s
2026-10-02 08:06:28,049 [INFO] [DETAIL] 7501 ティムコ: income_stmt=OK, balance_sheet=OK, cashflow=OK, dividends=OK
2026-10-02 08:06:28,049 [INFO] [TIME] 7501 ティムコ 処理時間: 1.30s
2026-10-02 08:06:30,130 [DEBUG] [TIME] 7502 info: 0.26s
2026-10-02 08:06:30,130 [DEBUG] yfinance OK: 7502
2026-10-02 08:06:30,340 [DEBUG] [TIME] 7502 income_stmt: 0.21s
2026-10-02 08:06:30,593 [DEBUG] [TIME] 7502 balance_sheet: 0.25s
2026-10-02 08:06:30,786 [DEBUG] [TIME] 7502 cashflow: 0.19s
2026-10-02 08:06:31,186 [DEBUG] [TIME] 7502 dividends: 0.40s
2026-10-02 08:06:31,187 [INFO] [DETAIL] 7502 プラザホールディングス: income_stmt=OK, balance_sheet=OK, cashflow=OK, dividends=OK
2026-10-02 08:06:31,187 [INFO] [TIME] 7502 プラザホールディングス 処理時間: 1.32s
2026-10-02 08:06:32,712 [DEBUG] [TIME] 7504 info: 0.25s
2026-10-02 08:06:32,712 [DEBUG] yfinance OK: 7504
2026-10-02 08:06:32,994 [DEBUG] [TIME] 7504 income_stmt: 0.28s
2026-10-02 08:06:33,219 [DEBUG] [TIME] 7504 balance_sheet: 0.22s
2026-10-02 08:06:33,393 [DEBUG] [TIME] 7504 cashflow: 0.17s
2026-10-02 08:06:33,736 [DEBUG] [TIME] 7504 dividends: 0.34s
2026-10-02 08:06:33,738 [INFO] [DETAIL] 7504 高速: income_stmt=OK, balance_sheet=OK, cashflow=OK, dividends=OK
2026-10-02 08:06:33,738 [INFO] [TIME] 7504 高速 処理時間: 1.27s
2026-10-02 08:06:35,696 [DEBUG] [TIME] 7505 info: 0.23s
2026-10-02 08:06:35,696 [DEBUG] yfinance OK: 7505
2026-10-02 08:06:35,959 [DEBUG] [TIME] 7505 income_stmt: 0.26s
2026-10-02 08:06:36,170 [DEBUG] [TIME] 7505 balance_sheet: 0.21s
2026-10-02 08:06:36,339 [DEBUG] [TIME] 7505 cashflow: 0.17s
2026-10-02 08:06:36,729 [DEBUG] [TIME] 7505 dividends: 0.39s
2026-10-02 08:06:36,730 [INFO] [DETAIL] 7505 扶桑電通: income_stmt=OK, balance_sheet=OK, cashflow=OK, dividends=OK
2026-10-02 08:06:36,730 [INFO] [TIME] 7505 扶桑電通 処理時間: 1.26s
2026-10-02 08:06:38,700 [DEBUG] [TIME] 7506 info: 0.23s
2026-10-02 08:06:38,700 [DEBUG] yfinance OK: 7506
2026-10-02 08:06:38,918 [DEBUG] [TIME] 7506 income_stmt: 0.22s
2026-10-02 08:06:39,230 [DEBUG] [TIME] 7506 balance_sheet: 0.31s
2026-10-02 08:06:39,481 [DEBUG] [TIME] 7506 cashflow: 0.25s
2026-10-02 08:06:39,853 [DEBUG] [TIME] 7506 dividends: 0.37s
2026-10-02 08:06:39,854 [INFO] [DETAIL] 7506 ハウス　オブ　ローゼ: income_stmt=OK, balance_sheet=OK, cashflow=OK, dividends=OK
2026-10-02 08:06:39,854 [INFO] [TIME] 7506 ハウス　オブ　ローゼ 処理時間: 1.38s
2026-10-02 08:06:41,731 [DEBUG] [TIME] 7508 info: 0.23s
2026-10-02 08:06:41,731 [DEBUG] yfinance OK: 7508
2026-10-02 08:06:41,942 [DEBUG] [TIME] 7508 income_stmt: 0.21s
2026-10-02 08:06:42,244 [DEBUG] [TIME] 7508 balance_sheet: 0.30s
2026-10-02 08:06:42,530 [DEBUG] [TIME] 7508 cashflow: 0.29s
2026-10-02 08:06:42,942 [DEBUG] [TIME] 7508 dividends: 0.41s
2026-10-02 08:06:42,943 [INFO] [DETAIL] 7508 Ｇ‐７ホールディングス: income_stmt=OK, balance_sheet=OK, cashflow=OK, dividends=OK
2026-10-02 08:06:42,943 [INFO] [TIME] 7508 Ｇ‐７ホールディングス 処理時間: 1.44s
2026-10-02 08:06:44,874 [DEBUG] [TIME] 7509 info: 0.25s
2026-10-02 08:06:44,874 [DEBUG] yfinance OK: 7509
2026-10-02 08:06:45,037 [DEBUG] [TIME] 7509 income_stmt: 0.16s
2026-10-02 08:06:45,352 [DEBUG] [TIME] 7509 balance_sheet: 0.31s
2026-10-02 08:06:45,513 [DEBUG] [TIME] 7509 cashflow: 0.16s
2026-10-02 08:06:45,871 [DEBUG] [TIME] 7509 dividends: 0.36s
2026-10-02 08:06:45,872 [INFO] [DETAIL] 7509 アイエーグループ: income_stmt=OK, balance_sheet=OK, cashflow=OK, dividends=OK
2026-10-02 08:06:45,872 [INFO] [TIME] 7509 アイエーグループ 処理時間: 1.24s
2026-10-02 08:06:47,142 [DEBUG] [TIME] 7510 info: 0.23s
2026-10-02 08:06:47,142 [DEBUG] yfinance OK: 7510
2026-10-02 08:06:47,419 [DEBUG] [TIME] 7510 income_stmt: 0.28s
2026-10-02 08:06:47,700 [DEBUG] [TIME] 7510 balance_sheet: 0.28s
2026-10-02 08:06:47,904 [DEBUG] [TIME] 7510 cashflow: 0.20s
2026-10-02 08:06:48,317 [DEBUG] [TIME] 7510 dividends: 0.41s
2026-10-02 08:06:48,318 [INFO] [DETAIL] 7510 たけびし: income_stmt=OK, balance_sheet=OK, cashflow=OK, dividends=OK
2026-10-02 08:06:48,318 [INFO] [TIME] 7510 たけびし 処理時間: 1.41s
2026-10-02 08:06:50,277 [DEBUG] [TIME] 7512 info: 0.23s
2026-10-02 08:06:50,277 [DEBUG] yfinance OK: 7512
2026-10-02 08:06:50,501 [DEBUG] [TIME] 7512 income_stmt: 0.22s
2026-10-02 08:06:50,716 [DEBUG] [TIME] 7512 balance_sheet: 0.21s
2026-10-02 08:06:50,870 [DEBUG] [TIME] 7512 cashflow: 0.15s
2026-10-02 08:06:51,198 [DEBUG] [TIME] 7512 dividends: 0.33s
2026-10-02 08:06:51,199 [INFO] [DETAIL] 7512 イオン北海道: income_stmt=OK, balance_sheet=OK, cashflow=OK, dividends=OK
2026-10-02 08:06:51,200 [INFO] [TIME] 7512 イオン北海道 処理時間: 1.15s
2026-10-02 08:06:52,811 [DEBUG] [TIME] 7513 info: 0.23s
2026-10-02 08:06:52,811 [DEBUG] yfinance OK: 7513
2026-10-02 08:06:53,096 [DEBUG] [TIME] 7513 income_stmt: 0.28s
2026-10-02 08:06:53,361 [DEBUG] [TIME] 7513 balance_sheet: 0.27s
2026-10-02 08:06:53,588 [DEBUG] [TIME] 7513 cashflow: 0.23s
2026-10-02 08:06:53,951 [DEBUG] [TIME] 7513 dividends: 0.36s
2026-10-02 08:06:53,952 [INFO] [DETAIL] 7513 コジマ: income_stmt=OK, balance_sheet=OK, cashflow=OK, dividends=OK
2026-10-02 08:06:53,952 [INFO] [TIME] 7513 コジマ 処理時間: 1.38s
2026-10-02 08:06:55,252 [DEBUG] [TIME] 7514 info: 0.23s
2026-10-02 08:06:55,252 [DEBUG] yfinance OK: 7514
2026-10-02 08:06:55,488 [DEBUG] [TIME] 7514 income_stmt: 0.24s
2026-10-02 08:06:55,747 [DEBUG] [TIME] 7514 balance_sheet: 0.26s
2026-10-02 08:06:55,923 [DEBUG] [TIME] 7514 cashflow: 0.18s
2026-10-02 08:06:56,415 [DEBUG] [TIME] 7514 dividends: 0.49s
2026-10-02 08:06:56,416 [INFO] [DETAIL] 7514 ヒマラヤ: income_stmt=OK, balance_sheet=OK, cashflow=OK, dividends=OK
2026-10-02 08:06:56,416 [INFO] [TIME] 7514 ヒマラヤ 処理時間: 1.40s
2026-10-02 08:06:57,986 [DEBUG] [TIME] 7515 info: 0.23s
2026-10-02 08:06:57,986 [DEBUG] yfinance OK: 7515
2026-10-02 08:06:58,254 [DEBUG] [TIME] 7515 income_stmt: 0.27s
2026-10-02 08:06:58,520 [DEBUG] [TIME] 7515 balance_sheet: 0.26s
2026-10-02 08:06:58,708 [DEBUG] [TIME] 7515 cashflow: 0.19s
2026-10-02 08:06:59,060 [DEBUG] [TIME] 7515 dividends: 0.35s
2026-10-02 08:06:59,061 [INFO] [DETAIL] 7515 マルヨシセンター: income_stmt=OK, balance_sheet=OK, cashflow=OK, dividends=OK
2026-10-02 08:06:59,061 [INFO] [TIME] 7515 マルヨシセンター 処理時間: 1.31s
2026-10-02 08:07:01,107 [DEBUG] [TIME] 7516 info: 0.23s
2026-10-02 08:07:01,108 [DEBUG] yfinance OK: 7516
2026-10-02 08:07:01,290 [DEBUG] [TIME] 7516 income_stmt: 0.18s
2026-10-02 08:07:01,552 [DEBUG] [TIME] 7516 balance_sheet: 0.26s
2026-10-02 08:07:01,724 [DEBUG] [TIME] 7516 cashflow: 0.17s
2026-10-02 08:07:02,122 [DEBUG] [TIME] 7516 dividends: 0.40s
2026-10-02 08:07:02,124 [INFO] [DETAIL] 7516 コーナン商事: income_stmt=OK, balance_sheet=OK, cashflow=OK, dividends=OK
2026-10-02 08:07:02,124 [INFO] [TIME] 7516 コーナン商事 処理時間: 1.24s
2026-10-02 08:07:04,146 [DEBUG] [TIME] 7520 info: 0.24s
2026-10-02 08:07:04,146 [DEBUG] yfinance OK: 7520
2026-10-02 08:07:04,385 [DEBUG] [TIME] 7520 income_stmt: 0.24s
2026-10-02 08:07:04,628 [DEBUG] [TIME] 7520 balance_sheet: 0.24s
2026-10-02 08:07:04,864 [DEBUG] [TIME] 7520 cashflow: 0.23s
2026-10-02 08:07:05,215 [DEBUG] [TIME] 7520 dividends: 0.35s
2026-10-02 08:07:05,217 [INFO] [DETAIL] 7520 エコス: income_stmt=OK, balance_sheet=OK, cashflow=OK, dividends=OK
2026-10-02 08:07:05,217 [INFO] [TIME] 7520 エコス 処理時間: 1.31s
2026-10-02 08:07:06,920 [DEBUG] [TIME] 7521 info: 0.23s
2026-10-02 08:07:06,920 [DEBUG] yfinance OK: 7521
2026-10-02 08:07:07,105 [DEBUG] [TIME] 7521 income_stmt: 0.19s
2026-10-02 08:07:07,286 [DEBUG] [TIME] 7521 balance_sheet: 0.18s
2026-10-02 08:07:07,425 [DEBUG] [TIME] 7521 cashflow: 0.14s
2026-10-02 08:07:07,759 [DEBUG] [TIME] 7521 dividends: 0.33s
2026-10-02 08:07:07,760 [INFO] [DETAIL] 7521 ムサシ: income_stmt=OK, balance_sheet=OK, cashflow=OK, dividends=OK
2026-10-02 08:07:07,760 [INFO] [TIME] 7521 ムサシ 処理時間: 1.07s
2026-10-02 08:07:09,272 [DEBUG] [TIME] 7522 info: 0.23s
2026-10-02 08:07:09,272 [DEBUG] yfinance OK: 7522
2026-10-02 08:07:09,470 [DEBUG] [TIME] 7522 income_stmt: 0.20s
2026-10-02 08:07:09,711 [DEBUG] [TIME] 7522 balance_sheet: 0.24s
2026-10-02 08:07:09,898 [DEBUG] [TIME] 7522 cashflow: 0.19s
2026-10-02 08:07:10,261 [DEBUG] [TIME] 7522 dividends: 0.36s
2026-10-02 08:07:10,262 [INFO] [DETAIL] 7522 ワタミ: income_stmt=OK, balance_sheet=OK, cashflow=OK, dividends=OK
2026-10-02 08:07:10,262 [INFO] [TIME] 7522 ワタミ 処理時間: 1.22s
2026-10-02 08:07:12,031 [DEBUG] [TIME] 7523 info: 0.23s
2026-10-02 08:07:12,032 [DEBUG] yfinance OK: 7523
2026-10-02 08:07:12,327 [DEBUG] [TIME] 7523 income_stmt: 0.30s
2026-10-02 08:07:12,678 [DEBUG] [TIME] 7523 balance_sheet: 0.35s
2026-10-02 08:07:12,949 [DEBUG] [TIME] 7523 cashflow: 0.27s
2026-10-02 08:07:13,350 [DEBUG] [TIME] 7523 dividends: 0.40s
2026-10-02 08:07:13,351 [INFO] [DETAIL] 7523 アールビバン: income_stmt=OK, balance_sheet=OK, cashflow=OK, dividends=OK
2026-10-02 08:07:13,351 [INFO] [TIME] 7523 アールビバン 処理時間: 1.55s
2026-10-02 08:07:15,218 [DEBUG] [TIME] 7524 info: 0.29s
2026-10-02 08:07:15,218 [DEBUG] yfinance OK: 7524
2026-10-02 08:07:15,414 [DEBUG] [TIME] 7524 income_stmt: 0.20s
2026-10-02 08:07:15,635 [DEBUG] [TIME] 7524 balance_sheet: 0.22s
2026-10-02 08:07:15,805 [DEBUG] [TIME] 7524 cashflow: 0.17s
2026-10-02 08:07:16,168 [DEBUG] [TIME] 7524 dividends: 0.36s
2026-10-02 08:07:16,169 [INFO] [DETAIL] 7524 マルシェ: income_stmt=OK, balance_sheet=OK, cashflow=OK, dividends=OK
2026-10-02 08:07:16,169 [INFO] [TIME] 7524 マルシェ 処理時間: 1.24s
2026-10-02 08:07:17,989 [DEBUG] [TIME] 7525 info: 0.24s
2026-10-02 08:07:17,989 [DEBUG] yfinance OK: 7525
2026-10-02 08:07:18,231 [DEBUG] [TIME] 7525 income_stmt: 0.24s
2026-10-02 08:07:18,633 [DEBUG] [TIME] 7525 balance_sheet: 0.40s
2026-10-02 08:07:18,859 [DEBUG] [TIME] 7525 cashflow: 0.23s
2026-10-02 08:07:19,187 [DEBUG] [TIME] 7525 dividends: 0.33s
2026-10-02 08:07:19,189 [INFO] [DETAIL] 7525 リックス: income_stmt=OK, balance_sheet=OK, cashflow=OK, dividends=OK
2026-10-02 08:07:19,189 [INFO] [TIME] 7525 リックス 処理時間: 1.44s
2026-10-02 08:07:20,845 [DEBUG] [TIME] 7527 info: 0.23s
2026-10-02 08:07:20,845 [DEBUG] yfinance OK: 7527
2026-10-02 08:07:21,022 [DEBUG] [TIME] 7527 income_stmt: 0.18s
2026-10-02 08:07:21,271 [DEBUG] [TIME] 7527 balance_sheet: 0.25s
2026-10-02 08:07:21,491 [DEBUG] [TIME] 7527 cashflow: 0.22s
2026-10-02 08:07:21,878 [DEBUG] [TIME] 7527 dividends: 0.39s
2026-10-02 08:07:21,879 [INFO] [DETAIL] 7527 システムソフト: income_stmt=OK, balance_sheet=OK, cashflow=OK, dividends=OK
2026-10-02 08:07:21,879 [INFO] [TIME] 7527 システムソフト 処理時間: 1.27s
2026-10-02 08:07:24,005 [DEBUG] [TIME] 7531 info: 0.30s
2026-10-02 08:07:24,005 [DEBUG] yfinance OK: 7531
2026-10-02 08:07:24,221 [DEBUG] [TIME] 7531 income_stmt: 0.22s
2026-10-02 08:07:24,411 [DEBUG] [TIME] 7531 balance_sheet: 0.19s
2026-10-02 08:07:24,552 [DEBUG] [TIME] 7531 cashflow: 0.14s
2026-10-02 08:07:24,925 [DEBUG] [TIME] 7531 dividends: 0.37s
2026-10-02 08:07:24,926 [INFO] [DETAIL] 7531 清和中央ホールディングス: income_stmt=OK, balance_sheet=OK, cashflow=OK, dividends=OK
2026-10-02 08:07:24,926 [INFO] [TIME] 7531 清和中央ホールディングス 処理時間: 1.22s
2026-10-02 08:07:27,183 [DEBUG] [TIME] 7532 info: 0.27s
2026-10-02 08:07:27,184 [DEBUG] yfinance OK: 7532
2026-10-02 08:07:27,462 [DEBUG] [TIME] 7532 income_stmt: 0.28s
2026-10-02 08:07:27,682 [DEBUG] [TIME] 7532 balance_sheet: 0.22s
2026-10-02 08:07:27,956 [DEBUG] [TIME] 7532 cashflow: 0.27s
2026-10-02 08:07:28,319 [DEBUG] [TIME] 7532 dividends: 0.36s
2026-10-02 08:07:28,320 [INFO] [DETAIL] 7532 パン・パシフィック・インターナショナルホールディングス: income_stmt=OK, balance_sheet=OK, cashflow=OK, dividends=OK
2026-10-02 08:07:28,320 [INFO] [TIME] 7532 パン・パシフィック・インターナショナルホールディングス 処理時間: 1.40s
2026-10-02 08:07:30,507 [DEBUG] [TIME] 7537 info: 0.29s
2026-10-02 08:07:30,507 [DEBUG] yfinance OK: 7537
2026-10-02 08:07:30,677 [DEBUG] [TIME] 7537 income_stmt: 0.17s
2026-10-02 08:07:30,881 [DEBUG] [TIME] 7537 balance_sheet: 0.20s
2026-10-02 08:07:31,119 [DEBUG] [TIME] 7537 cashflow: 0.24s
2026-10-02 08:07:31,454 [DEBUG] [TIME] 7537 dividends: 0.33s
2026-10-02 08:07:31,455 [INFO] [DETAIL] 7537 丸文: income_stmt=OK, balance_sheet=OK, cashflow=OK, dividends=OK
2026-10-02 08:07:31,455 [INFO] [TIME] 7537 丸文 処理時間: 1.24s
2026-10-02 08:07:32,724 [DEBUG] [TIME] 7538 info: 0.22s
2026-10-02 08:07:32,725 [DEBUG] yfinance OK: 7538
2026-10-02 08:07:32,923 [DEBUG] [TIME] 7538 income_stmt: 0.20s
2026-10-02 08:07:33,164 [DEBUG] [TIME] 7538 balance_sheet: 0.24s
2026-10-02 08:07:33,353 [DEBUG] [TIME] 7538 cashflow: 0.19s
2026-10-02 08:07:33,708 [DEBUG] [TIME] 7538 dividends: 0.35s
2026-10-02 08:07:33,709 [INFO] [DETAIL] 7538 大水: income_stmt=OK, balance_sheet=OK, cashflow=OK, dividends=OK
2026-10-02 08:07:33,709 [INFO] [TIME] 7538 大水 処理時間: 1.20s
2026-10-02 08:07:34,997 [DEBUG] [TIME] 7539 info: 0.22s
2026-10-02 08:07:34,997 [DEBUG] yfinance OK: 7539
2026-10-02 08:07:35,175 [DEBUG] [TIME] 7539 income_stmt: 0.18s
2026-10-02 08:07:35,487 [DEBUG] [TIME] 7539 balance_sheet: 0.31s
2026-10-02 08:07:35,711 [DEBUG] [TIME] 7539 cashflow: 0.22s
2026-10-02 08:07:36,189 [DEBUG] [TIME] 7539 dividends: 0.48s
2026-10-02 08:07:36,190 [INFO] [DETAIL] 7539 アイナボホールディングス: income_stmt=OK, balance_sheet=OK, cashflow=OK, dividends=OK
2026-10-02 08:07:36,190 [INFO] [TIME] 7539 アイナボホールディングス 処理時間: 1.42s
2026-10-02 08:07:37,693 [DEBUG] [TIME] 7544 info: 0.24s
2026-10-02 08:07:37,693 [DEBUG] yfinance OK: 7544
2026-10-02 08:07:37,895 [DEBUG] [TIME] 7544 income_stmt: 0.20s
2026-10-02 08:07:38,127 [DEBUG] [TIME] 7544 balance_sheet: 0.23s
2026-10-02 08:07:38,264 [DEBUG] [TIME] 7544 cashflow: 0.14s
2026-10-02 08:07:38,629 [DEBUG] [TIME] 7544 dividends: 0.36s
2026-10-02 08:07:38,630 [INFO] [DETAIL] 7544 スリーエフ: income_stmt=OK, balance_sheet=OK, cashflow=OK, dividends=OK
2026-10-02 08:07:38,630 [INFO] [TIME] 7544 スリーエフ 処理時間: 1.17s
2026-10-02 08:07:40,498 [DEBUG] [TIME] 7545 info: 0.23s
2026-10-02 08:07:40,498 [DEBUG] yfinance OK: 7545
2026-10-02 08:07:40,696 [DEBUG] [TIME] 7545 income_stmt: 0.20s
2026-10-02 08:07:40,949 [DEBUG] [TIME] 7545 balance_sheet: 0.25s
2026-10-02 08:07:41,147 [DEBUG] [TIME] 7545 cashflow: 0.20s
2026-10-02 08:07:41,502 [DEBUG] [TIME] 7545 dividends: 0.35s
2026-10-02 08:07:41,503 [INFO] [DETAIL] 7545 西松屋チェーン: income_stmt=OK, balance_sheet=OK, cashflow=OK, dividends=OK
2026-10-02 08:07:41,503 [INFO] [TIME] 7545 西松屋チェーン 処理時間: 1.23s
2026-10-02 08:07:42,834 [DEBUG] [TIME] 7550 info: 0.23s
2026-10-02 08:07:42,834 [DEBUG] yfinance OK: 7550
2026-10-02 08:07:43,064 [DEBUG] [TIME] 7550 income_stmt: 0.23s
2026-10-02 08:07:43,339 [DEBUG] [TIME] 7550 balance_sheet: 0.27s
2026-10-02 08:07:43,600 [DEBUG] [TIME] 7550 cashflow: 0.26s
2026-10-02 08:07:43,972 [DEBUG] [TIME] 7550 dividends: 0.37s
2026-10-02 08:07:43,973 [INFO] [DETAIL] 7550 ゼンショーホールディングス: income_stmt=OK, balance_sheet=OK, cashflow=OK, dividends=OK
2026-10-02 08:07:43,973 [INFO] [TIME] 7550 ゼンショーホールディングス 処理時間: 1.37s
2026-10-02 08:07:45,580 [DEBUG] [TIME] 75505 info: 0.23s
2026-10-02 08:07:45,580 [DEBUG] yfinance OK: 75505
2026-10-02 08:07:45,691 [DEBUG] [TIME] 75505 income_stmt: 0.11s
2026-10-02 08:07:45,884 [DEBUG] [TIME] 75505 balance_sheet: 0.19s
2026-10-02 08:07:46,034 [DEBUG] [TIME] 75505 cashflow: 0.15s
2026-10-02 08:07:46,205 [DEBUG] [TIME] 75505 dividends: 0.17s
2026-10-02 08:07:46,205 [INFO] [DETAIL] 75505 ゼンショーホールディングス第１回社債型種類株式: income_stmt=EMPTY, balance_sheet=EMPTY, cashflow=EMPTY, dividends=OK
2026-10-02 08:07:46,205 [INFO] [TIME] 75505 ゼンショーホールディングス第１回社債型種類株式 処理時間: 0.85s
2026-10-02 08:07:47,797 [DEBUG] [TIME] 7551 info: 0.23s
2026-10-02 08:07:47,798 [DEBUG] yfinance OK: 7551
2026-10-02 08:07:47,994 [DEBUG] [TIME] 7551 income_stmt: 0.20s
2026-10-02 08:07:48,225 [DEBUG] [TIME] 7551 balance_sheet: 0.23s
2026-10-02 08:07:48,415 [DEBUG] [TIME] 7551 cashflow: 0.19s
2026-10-02 08:07:48,785 [DEBUG] [TIME] 7551 dividends: 0.37s
2026-10-02 08:07:48,786 [INFO] [DETAIL] 7551 ウェッズ: income_stmt=OK, balance_sheet=OK, cashflow=OK, dividends=OK
2026-10-02 08:07:48,786 [INFO] [TIME] 7551 ウェッズ 処理時間: 1.21s
2026-10-02 08:07:50,802 [DEBUG] [TIME] 7552 info: 0.28s
2026-10-02 08:07:50,803 [DEBUG] yfinance OK: 7552
2026-10-02 08:07:51,038 [DEBUG] [TIME] 7552 income_stmt: 0.24s
2026-10-02 08:07:51,254 [DEBUG] [TIME] 7552 balance_sheet: 0.21s
2026-10-02 08:07:51,452 [DEBUG] [TIME] 7552 cashflow: 0.20s
2026-10-02 08:07:51,889 [DEBUG] [TIME] 7552 dividends: 0.44s
2026-10-02 08:07:51,890 [INFO] [DETAIL] 7552 ハピネット: income_stmt=OK, balance_sheet=OK, cashflow=OK, dividends=OK
2026-10-02 08:07:51,890 [INFO] [TIME] 7552 ハピネット 処理時間: 1.37s
2026-10-02 08:07:53,562 [DEBUG] [TIME] 7554 info: 0.24s
2026-10-02 08:07:53,563 [DEBUG] yfinance OK: 7554
2026-10-02 08:07:53,763 [DEBUG] [TIME] 7554 income_stmt: 0.20s
2026-10-02 08:07:53,984 [DEBUG] [TIME] 7554 balance_sheet: 0.22s
2026-10-02 08:07:54,189 [DEBUG] [TIME] 7554 cashflow: 0.20s
2026-10-02 08:07:54,572 [DEBUG] [TIME] 7554 dividends: 0.38s
2026-10-02 08:07:54,573 [INFO] [DETAIL] 7554 幸楽苑: income_stmt=OK, balance_sheet=OK, cashflow=OK, dividends=OK
2026-10-02 08:07:54,574 [INFO] [TIME] 7554 幸楽苑 処理時間: 1.25s
2026-10-02 08:07:56,505 [DEBUG] [TIME] 7555 info: 0.23s
2026-10-02 08:07:56,505 [DEBUG] yfinance OK: 7555
2026-10-02 08:07:56,688 [DEBUG] [TIME] 7555 income_stmt: 0.18s
2026-10-02 08:07:56,908 [DEBUG] [TIME] 7555 balance_sheet: 0.22s
2026-10-02 08:07:57,142 [DEBUG] [TIME] 7555 cashflow: 0.23s
2026-10-02 08:07:57,512 [DEBUG] [TIME] 7555 dividends: 0.37s
2026-10-02 08:07:57,513 [INFO] [DETAIL] 7555 大田花き: income_stmt=OK, balance_sheet=OK, cashflow=OK, dividends=OK
2026-10-02 08:07:57,514 [INFO] [TIME] 7555 大田花き 処理時間: 1.23s
2026-10-02 08:07:59,684 [DEBUG] [TIME] 7561 info: 0.23s
2026-10-02 08:07:59,684 [DEBUG] yfinance OK: 7561
2026-10-02 08:07:59,916 [DEBUG] [TIME] 7561 income_stmt: 0.23s
2026-10-02 08:08:00,185 [DEBUG] [TIME] 7561 balance_sheet: 0.27s
2026-10-02 08:08:00,418 [DEBUG] [TIME] 7561 cashflow: 0.23s
2026-10-02 08:08:00,821 [DEBUG] [TIME] 7561 dividends: 0.40s
2026-10-02 08:08:00,822 [INFO] [DETAIL] 7561 ハークスレイ: income_stmt=OK, balance_sheet=OK, cashflow=OK, dividends=OK
2026-10-02 08:08:00,823 [INFO] [TIME] 7561 ハークスレイ 処理時間: 1.37s
2026-10-02 08:08:02,371 [DEBUG] [TIME] 7562 info: 0.23s
2026-10-02 08:08:02,371 [DEBUG] yfinance OK: 7562
2026-10-02 08:08:02,565 [DEBUG] [TIME] 7562 income_stmt: 0.19s
2026-10-02 08:08:02,891 [DEBUG] [TIME] 7562 balance_sheet: 0.33s
2026-10-02 08:08:03,165 [DEBUG] [TIME] 7562 cashflow: 0.27s
2026-10-02 08:08:03,517 [DEBUG] [TIME] 7562 dividends: 0.35s
2026-10-02 08:08:03,518 [INFO] [DETAIL] 7562 安楽亭: income_stmt=OK, balance_sheet=OK, cashflow=OK, dividends=OK
2026-10-02 08:08:03,518 [INFO] [TIME] 7562 安楽亭 処理時間: 1.38s
2026-10-02 08:08:04,926 [DEBUG] [TIME] 7564 info: 0.28s
2026-10-02 08:08:04,926 [DEBUG] yfinance OK: 7564
2026-10-02 08:08:05,134 [DEBUG] [TIME] 7564 income_stmt: 0.21s
2026-10-02 08:08:05,343 [DEBUG] [TIME] 7564 balance_sheet: 0.21s
2026-10-02 08:08:05,595 [DEBUG] [TIME] 7564 cashflow: 0.25s
2026-10-02 08:08:05,954 [DEBUG] [TIME] 7564 dividends: 0.36s
2026-10-02 08:08:05,955 [INFO] [DETAIL] 7564 ワークマン: income_stmt=OK, balance_sheet=OK, cashflow=OK, dividends=OK
2026-10-02 08:08:05,955 [INFO] [TIME] 7564 ワークマン 処理時間: 1.31s
2026-10-02 08:08:07,618 [DEBUG] [TIME] 7565 info: 0.24s
2026-10-02 08:08:07,618 [DEBUG] yfinance OK: 7565
2026-10-02 08:08:07,844 [DEBUG] [TIME] 7565 income_stmt: 0.23s
2026-10-02 08:08:08,014 [DEBUG] [TIME] 7565 balance_sheet: 0.17s
2026-10-02 08:08:08,274 [DEBUG] [TIME] 7565 cashflow: 0.26s
2026-10-02 08:08:08,647 [DEBUG] [TIME] 7565 dividends: 0.37s
2026-10-02 08:08:08,648 [INFO] [DETAIL] 7565 萬世電機: income_stmt=OK, balance_sheet=OK, cashflow=OK, dividends=OK
2026-10-02 08:08:08,648 [INFO] [TIME] 7565 萬世電機 処理時間: 1.27s
2026-10-02 08:08:10,750 [DEBUG] [TIME] 7567 info: 0.28s
2026-10-02 08:08:10,750 [DEBUG] yfinance OK: 7567
2026-10-02 08:08:10,959 [DEBUG] [TIME] 7567 income_stmt: 0.21s
2026-10-02 08:08:11,201 [DEBUG] [TIME] 7567 balance_sheet: 0.24s
2026-10-02 08:08:11,412 [DEBUG] [TIME] 7567 cashflow: 0.21s
2026-10-02 08:08:11,735 [DEBUG] [TIME] 7567 dividends: 0.32s
2026-10-02 08:08:11,736 [INFO] [DETAIL] 7567 栄電子: income_stmt=OK, balance_sheet=OK, cashflow=OK, dividends=OK
2026-10-02 08:08:11,736 [INFO] [TIME] 7567 栄電子 処理時間: 1.27s
2026-10-02 08:08:13,616 [DEBUG] [TIME] 7570 info: 0.23s
2026-10-02 08:08:13,616 [DEBUG] yfinance OK: 7570
2026-10-02 08:08:13,877 [DEBUG] [TIME] 7570 income_stmt: 0.26s
2026-10-02 08:08:14,104 [DEBUG] [TIME] 7570 balance_sheet: 0.23s
2026-10-02 08:08:14,316 [DEBUG] [TIME] 7570 cashflow: 0.21s
2026-10-02 08:08:14,820 [DEBUG] [TIME] 7570 dividends: 0.50s
2026-10-02 08:08:14,821 [INFO] [DETAIL] 7570 橋本総業ホールディングス: income_stmt=OK, balance_sheet=OK, cashflow=OK, dividends=OK
2026-10-02 08:08:14,821 [INFO] [TIME] 7570 橋本総業ホールディングス 処理時間: 1.43s
2026-10-02 08:08:16,779 [DEBUG] [TIME] 7571 info: 0.26s
2026-10-02 08:08:16,779 [DEBUG] yfinance OK: 7571
2026-10-02 08:08:16,985 [DEBUG] [TIME] 7571 income_stmt: 0.21s
2026-10-02 08:08:17,289 [DEBUG] [TIME] 7571 balance_sheet: 0.30s
2026-10-02 08:08:17,527 [DEBUG] [TIME] 7571 cashflow: 0.24s
2026-10-02 08:08:17,877 [DEBUG] [TIME] 7571 dividends: 0.35s
2026-10-02 08:08:17,878 [INFO] [DETAIL] 7571 ヤマノホールディングス: income_stmt=OK, balance_sheet=OK, cashflow=OK, dividends=OK
2026-10-02 08:08:17,878 [INFO] [TIME] 7571 ヤマノホールディングス 処理時間: 1.36s
2026-10-02 08:08:19,562 [DEBUG] [TIME] 7575 info: 0.28s
2026-10-02 08:08:19,562 [DEBUG] yfinance OK: 7575
2026-10-02 08:08:19,834 [DEBUG] [TIME] 7575 income_stmt: 0.27s
2026-10-02 08:08:20,128 [DEBUG] [TIME] 7575 balance_sheet: 0.29s
2026-10-02 08:08:20,362 [DEBUG] [TIME] 7575 cashflow: 0.23s
2026-10-02 08:08:20,719 [DEBUG] [TIME] 7575 dividends: 0.36s
2026-10-02 08:08:20,720 [INFO] [DETAIL] 7575 日本ライフライン: income_stmt=OK, balance_sheet=OK, cashflow=OK, dividends=OK
2026-10-02 08:08:20,720 [INFO] [TIME] 7575 日本ライフライン 処理時間: 1.44s
2026-10-02 08:08:22,959 [DEBUG] [TIME] 7578 info: 0.23s
2026-10-02 08:08:22,959 [DEBUG] yfinance OK: 7578
2026-10-02 08:08:23,169 [DEBUG] [TIME] 7578 income_stmt: 0.21s
2026-10-02 08:08:23,471 [DEBUG] [TIME] 7578 balance_sheet: 0.30s
2026-10-02 08:08:23,725 [DEBUG] [TIME] 7578 cashflow: 0.25s
2026-10-02 08:08:24,119 [DEBUG] [TIME] 7578 dividends: 0.39s
2026-10-02 08:08:24,120 [INFO] [DETAIL] 7578 ニチリョク: income_stmt=OK, balance_sheet=OK, cashflow=OK, dividends=OK
2026-10-02 08:08:24,120 [INFO] [TIME] 7578 ニチリョク 処理時間: 1.39s
2026-10-02 08:08:25,754 [DEBUG] [TIME] 7581 info: 0.24s
2026-10-02 08:08:25,754 [DEBUG] yfinance OK: 7581
2026-10-02 08:08:25,989 [DEBUG] [TIME] 7581 income_stmt: 0.23s
2026-10-02 08:08:26,209 [DEBUG] [TIME] 7581 balance_sheet: 0.22s
2026-10-02 08:08:26,436 [DEBUG] [TIME] 7581 cashflow: 0.23s
2026-10-02 08:08:26,801 [DEBUG] [TIME] 7581 dividends: 0.36s
2026-10-02 08:08:26,802 [INFO] [DETAIL] 7581 サイゼリヤ: income_stmt=OK, balance_sheet=OK, cashflow=OK, dividends=OK
2026-10-02 08:08:26,802 [INFO] [TIME] 7581 サイゼリヤ 処理時間: 1.29s
2026-10-02 08:08:28,426 [DEBUG] [TIME] 7585 info: 0.23s
2026-10-02 08:08:28,426 [DEBUG] yfinance OK: 7585
2026-10-02 08:08:28,740 [DEBUG] [TIME] 7585 income_stmt: 0.31s
2026-10-02 08:08:29,016 [DEBUG] [TIME] 7585 balance_sheet: 0.28s
2026-10-02 08:08:29,231 [DEBUG] [TIME] 7585 cashflow: 0.21s
2026-10-02 08:08:29,612 [DEBUG] [TIME] 7585 dividends: 0.38s
2026-10-02 08:08:29,613 [INFO] [DETAIL] 7585 かんなん丸: income_stmt=OK, balance_sheet=OK, cashflow=OK, dividends=OK
2026-10-02 08:08:29,613 [INFO] [TIME] 7585 かんなん丸 処理時間: 1.41s
2026-10-02 08:08:31,178 [DEBUG] [TIME] 7590 info: 0.29s
2026-10-02 08:08:31,178 [DEBUG] yfinance OK: 7590
2026-10-02 08:08:31,366 [DEBUG] [TIME] 7590 income_stmt: 0.19s
2026-10-02 08:08:31,708 [DEBUG] [TIME] 7590 balance_sheet: 0.34s
2026-10-02 08:08:31,978 [DEBUG] [TIME] 7590 cashflow: 0.27s
2026-10-02 08:08:32,348 [DEBUG] [TIME] 7590 dividends: 0.37s
2026-10-02 08:08:32,349 [INFO] [DETAIL] 7590 タカショー: income_stmt=OK, balance_sheet=OK, cashflow=OK, dividends=OK
2026-10-02 08:08:32,350 [INFO] [TIME] 7590 タカショー 処理時間: 1.46s
2026-10-02 08:08:33,648 [DEBUG] [TIME] 7593 info: 0.23s
2026-10-02 08:08:33,648 [DEBUG] yfinance OK: 7593
2026-10-02 08:08:33,905 [DEBUG] [TIME] 7593 income_stmt: 0.26s
2026-10-02 08:08:34,119 [DEBUG] [TIME] 7593 balance_sheet: 0.21s
2026-10-02 08:08:34,421 [DEBUG] [TIME] 7593 cashflow: 0.30s
2026-10-02 08:08:34,804 [DEBUG] [TIME] 7593 dividends: 0.38s
2026-10-02 08:08:34,805 [INFO] [DETAIL] 7593 ＶＴホールディングス: income_stmt=OK, balance_sheet=OK, cashflow=OK, dividends=OK
2026-10-02 08:08:34,805 [INFO] [TIME] 7593 ＶＴホールディングス 処理時間: 1.39s
2026-10-02 08:08:36,942 [DEBUG] [TIME] 7595 info: 0.23s
2026-10-02 08:08:36,942 [DEBUG] yfinance OK: 7595
2026-10-02 08:08:37,187 [DEBUG] [TIME] 7595 income_stmt: 0.24s
2026-10-02 08:08:37,470 [DEBUG] [TIME] 7595 balance_sheet: 0.28s
2026-10-02 08:08:37,690 [DEBUG] [TIME] 7595 cashflow: 0.22s
2026-10-02 08:08:38,071 [DEBUG] [TIME] 7595 dividends: 0.38s
2026-10-02 08:08:38,072 [INFO] [DETAIL] 7595 アルゴグラフィックス: income_stmt=OK, balance_sheet=OK, cashflow=OK, dividends=OK
2026-10-02 08:08:38,072 [INFO] [TIME] 7595 アルゴグラフィックス 処理時間: 1.36s
2026-10-02 08:08:40,363 [DEBUG] [TIME] 7596 info: 0.28s
2026-10-02 08:08:40,363 [DEBUG] yfinance OK: 7596
2026-10-02 08:08:40,558 [DEBUG] [TIME] 7596 income_stmt: 0.19s
2026-10-02 08:08:40,725 [DEBUG] [TIME] 7596 balance_sheet: 0.17s
2026-10-02 08:08:40,954 [DEBUG] [TIME] 7596 cashflow: 0.23s
2026-10-02 08:08:41,295 [DEBUG] [TIME] 7596 dividends: 0.34s
2026-10-02 08:08:41,296 [INFO] [DETAIL] 7596 魚力: income_stmt=OK, balance_sheet=OK, cashflow=OK, dividends=OK
2026-10-02 08:08:41,296 [INFO] [TIME] 7596 魚力 処理時間: 1.22s
2026-10-02 08:08:43,314 [DEBUG] [TIME] 7599 info: 0.24s
2026-10-02 08:08:43,314 [DEBUG] yfinance OK: 7599
2026-10-02 08:08:43,507 [DEBUG] [TIME] 7599 income_stmt: 0.19s
2026-10-02 08:08:43,750 [DEBUG] [TIME] 7599 balance_sheet: 0.24s
2026-10-02 08:08:43,913 [DEBUG] [TIME] 7599 cashflow: 0.16s
2026-10-02 08:08:44,297 [DEBUG] [TIME] 7599 dividends: 0.38s
2026-10-02 08:08:44,298 [INFO] [DETAIL] 7599 ＩＤＯＭ: income_stmt=OK, balance_sheet=OK, cashflow=OK, dividends=OK
2026-10-02 08:08:44,298 [INFO] [TIME] 7599 ＩＤＯＭ 処理時間: 1.22s
2026-10-02 08:08:46,192 [DEBUG] [TIME] 7600 info: 0.24s
2026-10-02 08:08:46,192 [DEBUG] yfinance OK: 7600
2026-10-02 08:08:46,455 [DEBUG] [TIME] 7600 income_stmt: 0.26s
2026-10-02 08:08:46,759 [DEBUG] [TIME] 7600 balance_sheet: 0.30s
2026-10-02 08:08:46,996 [DEBUG] [TIME] 7600 cashflow: 0.24s
2026-10-02 08:08:47,437 [DEBUG] [TIME] 7600 dividends: 0.44s
2026-10-02 08:08:47,438 [INFO] [DETAIL] 7600 日本エム・ディ・エム: income_stmt=OK, balance_sheet=OK, cashflow=OK, dividends=OK
2026-10-02 08:08:47,438 [INFO] [TIME] 7600 日本エム・ディ・エム 処理時間: 1.49s
2026-10-02 08:08:48,971 [DEBUG] [TIME] 7601 info: 0.28s
2026-10-02 08:08:48,971 [DEBUG] yfinance OK: 7601
2026-10-02 08:08:49,238 [DEBUG] [TIME] 7601 income_stmt: 0.27s
2026-10-02 08:08:49,546 [DEBUG] [TIME] 7601 balance_sheet: 0.31s
2026-10-02 08:08:49,778 [DEBUG] [TIME] 7601 cashflow: 0.23s
2026-10-02 08:08:50,127 [DEBUG] [TIME] 7601 dividends: 0.35s
2026-10-02 08:08:50,128 [INFO] [DETAIL] 7601 ポプラ: income_stmt=OK, balance_sheet=OK, cashflow=OK, dividends=OK
2026-10-02 08:08:50,128 [INFO] [TIME] 7601 ポプラ 処理時間: 1.43s
2026-10-02 08:08:52,173 [DEBUG] [TIME] 7602 info: 0.23s
2026-10-02 08:08:52,173 [DEBUG] yfinance OK: 7602
2026-10-02 08:08:52,356 [DEBUG] [TIME] 7602 income_stmt: 0.18s
2026-10-02 08:08:52,567 [DEBUG] [TIME] 7602 balance_sheet: 0.21s
2026-10-02 08:08:52,778 [DEBUG] [TIME] 7602 cashflow: 0.21s
2026-10-02 08:08:53,233 [DEBUG] [TIME] 7602 dividends: 0.45s
2026-10-02 08:08:53,234 [INFO] [DETAIL] 7602 レダックス: income_stmt=OK, balance_sheet=OK, cashflow=OK, dividends=OK
2026-10-02 08:08:53,234 [INFO] [TIME] 7602 レダックス 処理時間: 1.29s
2026-10-02 08:08:54,496 [DEBUG] [TIME] 7603 info: 0.23s
2026-10-02 08:08:54,496 [DEBUG] yfinance OK: 7603
2026-10-02 08:08:54,727 [DEBUG] [TIME] 7603 income_stmt: 0.23s
2026-10-02 08:08:55,107 [DEBUG] [TIME] 7603 balance_sheet: 0.38s
2026-10-02 08:08:55,351 [DEBUG] [TIME] 7603 cashflow: 0.24s
2026-10-02 08:08:55,776 [DEBUG] [TIME] 7603 dividends: 0.42s
2026-10-02 08:08:55,777 [INFO] [DETAIL] 7603 ジーイエット: income_stmt=OK, balance_sheet=OK, cashflow=OK, dividends=OK
2026-10-02 08:08:55,777 [INFO] [TIME] 7603 ジーイエット 処理時間: 1.51s
2026-10-02 08:08:57,362 [DEBUG] [TIME] 7604 info: 0.24s
2026-10-02 08:08:57,362 [DEBUG] yfinance OK: 7604
2026-10-02 08:08:57,632 [DEBUG] [TIME] 7604 income_stmt: 0.27s
2026-10-02 08:08:57,893 [DEBUG] [TIME] 7604 balance_sheet: 0.26s
2026-10-02 08:08:58,102 [DEBUG] [TIME] 7604 cashflow: 0.21s
2026-10-02 08:08:58,489 [DEBUG] [TIME] 7604 dividends: 0.39s
2026-10-02 08:08:58,490 [INFO] [DETAIL] 7604 梅の花グループ: income_stmt=OK, balance_sheet=OK, cashflow=OK, dividends=OK
2026-10-02 08:08:58,491 [INFO] [TIME] 7604 梅の花グループ 処理時間: 1.37s
2026-10-02 08:09:00,086 [DEBUG] [TIME] 7606 info: 0.23s
2026-10-02 08:09:00,086 [DEBUG] yfinance OK: 7606
2026-10-02 08:09:00,273 [DEBUG] [TIME] 7606 income_stmt: 0.19s
2026-10-02 08:09:00,489 [DEBUG] [TIME] 7606 balance_sheet: 0.21s
2026-10-02 08:09:00,725 [DEBUG] [TIME] 7606 cashflow: 0.24s
2026-10-02 08:09:01,147 [DEBUG] [TIME] 7606 dividends: 0.42s
2026-10-02 08:09:01,148 [INFO] [DETAIL] 7606 ユナイテッドアローズ: income_stmt=OK, balance_sheet=OK, cashflow=OK, dividends=OK
2026-10-02 08:09:01,148 [INFO] [TIME] 7606 ユナイテッドアローズ 処理時間: 1.29s
2026-10-02 08:09:03,124 [DEBUG] [TIME] 7607 info: 0.24s
2026-10-02 08:09:03,124 [DEBUG] yfinance OK: 7607
2026-10-02 08:09:03,306 [DEBUG] [TIME] 7607 income_stmt: 0.18s
2026-10-02 08:09:03,585 [DEBUG] [TIME] 7607 balance_sheet: 0.28s
2026-10-02 08:09:03,736 [DEBUG] [TIME] 7607 cashflow: 0.15s
2026-10-02 08:09:04,191 [DEBUG] [TIME] 7607 dividends: 0.45s
2026-10-02 08:09:04,192 [INFO] [DETAIL] 7607 進和: income_stmt=OK, balance_sheet=OK, cashflow=OK, dividends=OK
2026-10-02 08:09:04,192 [INFO] [TIME] 7607 進和 処理時間: 1.31s
2026-10-02 08:09:06,277 [DEBUG] [TIME] 7608 info: 0.23s
2026-10-02 08:09:06,277 [DEBUG] yfinance OK: 7608
2026-10-02 08:09:06,537 [DEBUG] [TIME] 7608 income_stmt: 0.26s
2026-10-02 08:09:06,739 [DEBUG] [TIME] 7608 balance_sheet: 0.20s
2026-10-02 08:09:06,954 [DEBUG] [TIME] 7608 cashflow: 0.21s
2026-10-02 08:09:07,420 [DEBUG] [TIME] 7608 dividends: 0.47s
2026-10-02 08:09:07,421 [INFO] [DETAIL] 7608 エスケイジャパン: income_stmt=OK, balance_sheet=OK, cashflow=OK, dividends=OK
2026-10-02 08:09:07,421 [INFO] [TIME] 7608 エスケイジャパン 処理時間: 1.38s
2026-10-02 08:09:09,400 [DEBUG] [TIME] 7609 info: 0.29s
2026-10-02 08:09:09,400 [DEBUG] yfinance OK: 7609
2026-10-02 08:09:09,659 [DEBUG] [TIME] 7609 income_stmt: 0.26s
2026-10-02 08:09:09,967 [DEBUG] [TIME] 7609 balance_sheet: 0.31s
2026-10-02 08:09:10,135 [DEBUG] [TIME] 7609 cashflow: 0.17s
2026-10-02 08:09:10,526 [DEBUG] [TIME] 7609 dividends: 0.39s
2026-10-02 08:09:10,527 [INFO] [DETAIL] 7609 ダイトロン: income_stmt=OK, balance_sheet=OK, cashflow=OK, dividends=OK
2026-10-02 08:09:10,527 [INFO] [TIME] 7609 ダイトロン 処理時間: 1.41s
2026-10-02 08:09:11,885 [DEBUG] [TIME] 7610 info: 0.24s
2026-10-02 08:09:11,885 [DEBUG] yfinance OK: 7610
2026-10-02 08:09:12,115 [DEBUG] [TIME] 7610 income_stmt: 0.23s
2026-10-02 08:09:12,415 [DEBUG] [TIME] 7610 balance_sheet: 0.30s
2026-10-02 08:09:12,585 [DEBUG] [TIME] 7610 cashflow: 0.17s
2026-10-02 08:09:13,005 [DEBUG] [TIME] 7610 dividends: 0.42s
2026-10-02 08:09:13,006 [INFO] [DETAIL] 7610 テイツー: income_stmt=OK, balance_sheet=OK, cashflow=OK, dividends=OK
2026-10-02 08:09:13,006 [INFO] [TIME] 7610 テイツー 処理時間: 1.36s
2026-10-02 08:09:14,979 [DEBUG] [TIME] 7611 info: 0.23s
2026-10-02 08:09:14,979 [DEBUG] yfinance OK: 7611
2026-10-02 08:09:15,136 [DEBUG] [TIME] 7611 income_stmt: 0.16s
2026-10-02 08:09:15,397 [DEBUG] [TIME] 7611 balance_sheet: 0.26s
2026-10-02 08:09:15,586 [DEBUG] [TIME] 7611 cashflow: 0.19s
2026-10-02 08:09:16,039 [DEBUG] [TIME] 7611 dividends: 0.45s
2026-10-02 08:09:16,040 [INFO] [DETAIL] 7611 ハイデイ日高: income_stmt=OK, balance_sheet=OK, cashflow=OK, dividends=OK
2026-10-02 08:09:16,040 [INFO] [TIME] 7611 ハイデイ日高 処理時間: 1.30s
2026-10-02 08:09:17,557 [DEBUG] [TIME] 7613 info: 0.23s
2026-10-02 08:09:17,557 [DEBUG] yfinance OK: 7613
2026-10-02 08:09:17,769 [DEBUG] [TIME] 7613 income_stmt: 0.21s
2026-10-02 08:09:17,993 [DEBUG] [TIME] 7613 balance_sheet: 0.22s
2026-10-02 08:09:18,202 [DEBUG] [TIME] 7613 cashflow: 0.21s
2026-10-02 08:09:18,585 [DEBUG] [TIME] 7613 dividends: 0.38s
2026-10-02 08:09:18,587 [INFO] [DETAIL] 7613 シークス: income_stmt=OK, balance_sheet=OK, cashflow=OK, dividends=OK
2026-10-02 08:09:18,587 [INFO] [TIME] 7613 シークス 処理時間: 1.26s
2026-10-02 08:09:20,663 [DEBUG] [TIME] 7614 info: 0.28s
2026-10-02 08:09:20,663 [DEBUG] yfinance OK: 7614
2026-10-02 08:09:20,818 [DEBUG] [TIME] 7614 income_stmt: 0.16s
2026-10-02 08:09:20,993 [DEBUG] [TIME] 7614 balance_sheet: 0.17s
2026-10-02 08:09:21,169 [DEBUG] [TIME] 7614 cashflow: 0.17s
2026-10-02 08:09:21,530 [DEBUG] [TIME] 7614 dividends: 0.36s
2026-10-02 08:09:21,531 [INFO] [DETAIL] 7614 オーエムツーネットワーク: income_stmt=OK, balance_sheet=OK, cashflow=OK, dividends=OK
2026-10-02 08:09:21,532 [INFO] [TIME] 7614 オーエムツーネットワーク 処理時間: 1.15s
2026-10-02 08:09:23,736 [DEBUG] [TIME] 7615 info: 0.23s
2026-10-02 08:09:23,736 [DEBUG] yfinance OK: 7615
2026-10-02 08:09:23,913 [DEBUG] [TIME] 7615 income_stmt: 0.18s
2026-10-02 08:09:24,242 [DEBUG] [TIME] 7615 balance_sheet: 0.33s
2026-10-02 08:09:24,435 [DEBUG] [TIME] 7615 cashflow: 0.19s
2026-10-02 08:09:24,798 [DEBUG] [TIME] 7615 dividends: 0.36s
2026-10-02 08:09:24,800 [INFO] [DETAIL] 7615 京都きもの友禅ホールディングス: income_stmt=OK, balance_sheet=OK, cashflow=OK, dividends=OK
2026-10-02 08:09:24,800 [INFO] [TIME] 7615 京都きもの友禅ホールディングス 処理時間: 1.29s
2026-10-02 08:09:26,109 [DEBUG] [TIME] 7616 info: 0.29s
2026-10-02 08:09:26,109 [DEBUG] yfinance OK: 7616
2026-10-02 08:09:26,343 [DEBUG] [TIME] 7616 income_stmt: 0.23s
2026-10-02 08:09:26,559 [DEBUG] [TIME] 7616 balance_sheet: 0.22s
2026-10-02 08:09:26,802 [DEBUG] [TIME] 7616 cashflow: 0.24s
2026-10-02 08:09:27,208 [DEBUG] [TIME] 7616 dividends: 0.41s
2026-10-02 08:09:27,209 [INFO] [DETAIL] 7616 コロワイド: income_stmt=OK, balance_sheet=OK, cashflow=OK, dividends=OK
2026-10-02 08:09:27,209 [INFO] [TIME] 7616 コロワイド 処理時間: 1.39s
2026-10-02 08:09:29,331 [DEBUG] [TIME] 7619 info: 0.23s
2026-10-02 08:09:29,331 [DEBUG] yfinance OK: 7619
2026-10-02 08:09:29,496 [DEBUG] [TIME] 7619 income_stmt: 0.16s
2026-10-02 08:09:29,680 [DEBUG] [TIME] 7619 balance_sheet: 0.18s
2026-10-02 08:09:29,823 [DEBUG] [TIME] 7619 cashflow: 0.14s
2026-10-02 08:09:30,226 [DEBUG] [TIME] 7619 dividends: 0.40s
2026-10-02 08:09:30,227 [INFO] [DETAIL] 7619 田中商事: income_stmt=OK, balance_sheet=OK, cashflow=OK, dividends=OK
2026-10-02 08:09:30,227 [INFO] [TIME] 7619 田中商事 処理時間: 1.13s
2026-10-02 08:09:31,579 [DEBUG] [TIME] 7621 info: 0.25s
2026-10-02 08:09:31,579 [DEBUG] yfinance OK: 7621
2026-10-02 08:09:31,837 [DEBUG] [TIME] 7621 income_stmt: 0.26s
2026-10-02 08:09:32,058 [DEBUG] [TIME] 7621 balance_sheet: 0.22s
2026-10-02 08:09:32,282 [DEBUG] [TIME] 7621 cashflow: 0.22s
2026-10-02 08:09:32,770 [DEBUG] [TIME] 7621 dividends: 0.49s
2026-10-02 08:09:32,771 [INFO] [DETAIL] 7621 うかい: income_stmt=OK, balance_sheet=OK, cashflow=OK, dividends=OK
2026-10-02 08:09:32,771 [INFO] [TIME] 7621 うかい 処理時間: 1.45s
2026-10-02 08:09:34,896 [DEBUG] [TIME] 7624 info: 0.23s
2026-10-02 08:09:34,896 [DEBUG] yfinance OK: 7624
2026-10-02 08:09:35,113 [DEBUG] [TIME] 7624 income_stmt: 0.22s
2026-10-02 08:09:35,362 [DEBUG] [TIME] 7624 balance_sheet: 0.25s
2026-10-02 08:09:35,521 [DEBUG] [TIME] 7624 cashflow: 0.16s
2026-10-02 08:09:35,941 [DEBUG] [TIME] 7624 dividends: 0.42s
2026-10-02 08:09:35,942 [INFO] [DETAIL] 7624 ＮａＩＴＯ: income_stmt=OK, balance_sheet=OK, cashflow=OK, dividends=OK
2026-10-02 08:09:35,942 [INFO] [TIME] 7624 ＮａＩＴＯ 処理時間: 1.27s
2026-10-02 08:09:37,728 [DEBUG] [TIME] 7625 info: 0.33s
2026-10-02 08:09:37,729 [DEBUG] yfinance OK: 7625
2026-10-02 08:09:37,987 [DEBUG] [TIME] 7625 income_stmt: 0.26s
2026-10-02 08:09:38,230 [DEBUG] [TIME] 7625 balance_sheet: 0.24s
2026-10-02 08:09:38,476 [DEBUG] [TIME] 7625 cashflow: 0.24s
2026-10-02 08:09:38,844 [DEBUG] [TIME] 7625 dividends: 0.37s
2026-10-02 08:09:38,845 [INFO] [DETAIL] 7625 グローバルダイニング: income_stmt=OK, balance_sheet=OK, cashflow=OK, dividends=OK
2026-10-02 08:09:38,845 [INFO] [TIME] 7625 グローバルダイニング 処理時間: 1.45s
2026-10-02 08:09:40,990 [DEBUG] [TIME] 7628 info: 0.23s
2026-10-02 08:09:40,990 [DEBUG] yfinance OK: 7628
2026-10-02 08:09:41,192 [DEBUG] [TIME] 7628 income_stmt: 0.20s
2026-10-02 08:09:41,488 [DEBUG] [TIME] 7628 balance_sheet: 0.30s
2026-10-02 08:09:41,744 [DEBUG] [TIME] 7628 cashflow: 0.26s
2026-10-02 08:09:42,131 [DEBUG] [TIME] 7628 dividends: 0.39s
2026-10-02 08:09:42,132 [INFO] [DETAIL] 7628 オーハシテクニカ: income_stmt=OK, balance_sheet=OK, cashflow=OK, dividends=OK
2026-10-02 08:09:42,132 [INFO] [TIME] 7628 オーハシテクニカ 処理時間: 1.37s
2026-10-02 08:09:43,477 [DEBUG] [TIME] 7630 info: 0.23s
2026-10-02 08:09:43,477 [DEBUG] yfinance OK: 7630
2026-10-02 08:09:43,738 [DEBUG] [TIME] 7630 income_stmt: 0.26s
2026-10-02 08:09:44,034 [DEBUG] [TIME] 7630 balance_sheet: 0.30s
2026-10-02 08:09:44,259 [DEBUG] [TIME] 7630 cashflow: 0.22s
2026-10-02 08:09:44,649 [DEBUG] [TIME] 7630 dividends: 0.39s
2026-10-02 08:09:44,650 [INFO] [DETAIL] 7630 壱番屋: income_stmt=OK, balance_sheet=OK, cashflow=OK, dividends=OK
2026-10-02 08:09:44,650 [INFO] [TIME] 7630 壱番屋 処理時間: 1.41s
2026-10-02 08:09:46,570 [DEBUG] [TIME] 7634 info: 0.23s
2026-10-02 08:09:46,570 [DEBUG] yfinance OK: 7634
2026-10-02 08:09:46,805 [DEBUG] [TIME] 7634 income_stmt: 0.24s
2026-10-02 08:09:47,059 [DEBUG] [TIME] 7634 balance_sheet: 0.25s
2026-10-02 08:09:47,269 [DEBUG] [TIME] 7634 cashflow: 0.21s
2026-10-02 08:09:47,718 [DEBUG] [TIME] 7634 dividends: 0.45s
2026-10-02 08:09:47,719 [INFO] [DETAIL] 7634 星医療酸器: income_stmt=OK, balance_sheet=OK, cashflow=OK, dividends=OK
2026-10-02 08:09:47,719 [INFO] [TIME] 7634 星医療酸器 処理時間: 1.37s
2026-10-02 08:09:49,929 [DEBUG] [TIME] 7636 info: 0.23s
2026-10-02 08:09:49,929 [DEBUG] yfinance OK: 7636
2026-10-02 08:09:50,192 [DEBUG] [TIME] 7636 income_stmt: 0.26s
2026-10-02 08:09:50,392 [DEBUG] [TIME] 7636 balance_sheet: 0.20s
2026-10-02 08:09:50,554 [DEBUG] [TIME] 7636 cashflow: 0.16s
2026-10-02 08:09:51,046 [DEBUG] [TIME] 7636 dividends: 0.49s
2026-10-02 08:09:51,047 [INFO] [DETAIL] 7636 ハンズマン: income_stmt=OK, balance_sheet=OK, cashflow=OK, dividends=OK
2026-10-02 08:09:51,047 [INFO] [TIME] 7636 ハンズマン 処理時間: 1.34s
2026-10-02 08:09:52,744 [DEBUG] [TIME] 7637 info: 0.23s
2026-10-02 08:09:52,744 [DEBUG] yfinance OK: 7637
2026-10-02 08:09:52,974 [DEBUG] [TIME] 7637 income_stmt: 0.23s
2026-10-02 08:09:53,313 [DEBUG] [TIME] 7637 balance_sheet: 0.34s
2026-10-02 08:09:53,512 [DEBUG] [TIME] 7637 cashflow: 0.20s
2026-10-02 08:09:53,869 [DEBUG] [TIME] 7637 dividends: 0.36s
2026-10-02 08:09:53,870 [INFO] [DETAIL] 7637 白銅: income_stmt=OK, balance_sheet=OK, cashflow=OK, dividends=OK
2026-10-02 08:09:53,870 [INFO] [TIME] 7637 白銅 処理時間: 1.35s
2026-10-02 08:09:55,822 [DEBUG] [TIME] 7638 info: 0.23s
2026-10-02 08:09:55,822 [DEBUG] yfinance OK: 7638
2026-10-02 08:09:55,986 [DEBUG] [TIME] 7638 income_stmt: 0.16s
2026-10-02 08:09:56,166 [DEBUG] [TIME] 7638 balance_sheet: 0.18s
2026-10-02 08:09:56,431 [DEBUG] [TIME] 7638 cashflow: 0.26s
2026-10-02 08:09:56,836 [DEBUG] [TIME] 7638 dividends: 0.40s
2026-10-02 08:09:56,837 [INFO] [DETAIL] 7638 ＮＥＷ　ＡＲＴ　ＨＯＬＤＩＮＧＳ: income_stmt=OK, balance_sheet=OK, cashflow=OK, dividends=OK
2026-10-02 08:09:56,837 [INFO] [TIME] 7638 ＮＥＷ　ＡＲＴ　ＨＯＬＤＩＮＧＳ 処理時間: 1.24s
2026-10-02 08:09:58,389 [DEBUG] [TIME] 7640 info: 0.22s
2026-10-02 08:09:58,389 [DEBUG] yfinance OK: 7640
2026-10-02 08:09:58,633 [DEBUG] [TIME] 7640 income_stmt: 0.24s
2026-10-02 08:09:58,832 [DEBUG] [TIME] 7640 balance_sheet: 0.20s
2026-10-02 08:09:58,974 [DEBUG] [TIME] 7640 cashflow: 0.14s
2026-10-02 08:09:59,338 [DEBUG] [TIME] 7640 dividends: 0.36s
2026-10-02 08:09:59,339 [INFO] [DETAIL] 7640 トップカルチャー: income_stmt=OK, balance_sheet=OK, cashflow=OK, dividends=OK
2026-10-02 08:09:59,339 [INFO] [TIME] 7640 トップカルチャー 処理時間: 1.17s
2026-10-02 08:10:00,855 [DEBUG] [TIME] 7643 info: 0.23s
2026-10-02 08:10:00,855 [DEBUG] yfinance OK: 7643
2026-10-02 08:10:01,130 [DEBUG] [TIME] 7643 income_stmt: 0.28s
2026-10-02 08:10:01,442 [DEBUG] [TIME] 7643 balance_sheet: 0.31s
2026-10-02 08:10:01,694 [DEBUG] [TIME] 7643 cashflow: 0.25s
2026-10-02 08:10:02,093 [DEBUG] [TIME] 7643 dividends: 0.40s
2026-10-02 08:10:02,094 [INFO] [DETAIL] 7643 ダイイチ: income_stmt=OK, balance_sheet=OK, cashflow=OK, dividends=OK
2026-10-02 08:10:02,094 [INFO] [TIME] 7643 ダイイチ 処理時間: 1.47s
2026-10-02 08:10:03,356 [DEBUG] [TIME] 7646 info: 0.23s
2026-10-02 08:10:03,356 [DEBUG] yfinance OK: 7646
2026-10-02 08:10:03,570 [DEBUG] [TIME] 7646 income_stmt: 0.21s
2026-10-02 08:10:03,799 [DEBUG] [TIME] 7646 balance_sheet: 0.23s
2026-10-02 08:10:04,017 [DEBUG] [TIME] 7646 cashflow: 0.22s
2026-10-02 08:10:04,407 [DEBUG] [TIME] 7646 dividends: 0.39s
2026-10-02 08:10:04,408 [INFO] [DETAIL] 7646 ＰＬＡＮＴ: income_stmt=OK, balance_sheet=OK, cashflow=OK, dividends=OK
2026-10-02 08:10:04,408 [INFO] [TIME] 7646 ＰＬＡＮＴ 処理時間: 1.29s
2026-10-02 08:10:06,162 [DEBUG] [TIME] 7649 info: 0.22s
2026-10-02 08:10:06,162 [DEBUG] yfinance OK: 7649
2026-10-02 08:10:06,330 [DEBUG] [TIME] 7649 income_stmt: 0.17s
2026-10-02 08:10:06,526 [DEBUG] [TIME] 7649 balance_sheet: 0.19s
2026-10-02 08:10:06,756 [DEBUG] [TIME] 7649 cashflow: 0.23s
2026-10-02 08:10:07,222 [DEBUG] [TIME] 7649 dividends: 0.47s
2026-10-02 08:10:07,223 [INFO] [DETAIL] 7649 スギホールディングス: income_stmt=OK, balance_sheet=OK, cashflow=OK, dividends=OK
2026-10-02 08:10:07,223 [INFO] [TIME] 7649 スギホールディングス 処理時間: 1.29s
2026-10-02 08:10:09,246 [DEBUG] [TIME] 7670 info: 0.23s
2026-10-02 08:10:09,246 [DEBUG] yfinance OK: 7670
2026-10-02 08:10:09,481 [DEBUG] [TIME] 7670 income_stmt: 0.23s
2026-10-02 08:10:09,747 [DEBUG] [TIME] 7670 balance_sheet: 0.27s
2026-10-02 08:10:09,924 [DEBUG] [TIME] 7670 cashflow: 0.18s
2026-10-02 08:10:10,166 [DEBUG] [TIME] 7670 dividends: 0.24s
2026-10-02 08:10:10,167 [INFO] [DETAIL] 7670 オーウエル: income_stmt=OK, balance_sheet=OK, cashflow=OK, dividends=OK
2026-10-02 08:10:10,168 [INFO] [TIME] 7670 オーウエル 処理時間: 1.15s
2026-10-02 08:10:11,828 [DEBUG] [TIME] 7673 info: 0.25s
2026-10-02 08:10:11,828 [DEBUG] yfinance OK: 7673
2026-10-02 08:10:12,040 [DEBUG] [TIME] 7673 income_stmt: 0.21s
2026-10-02 08:10:12,410 [DEBUG] [TIME] 7673 balance_sheet: 0.37s
2026-10-02 08:10:12,677 [DEBUG] [TIME] 7673 cashflow: 0.27s
2026-10-02 08:10:12,930 [DEBUG] [TIME] 7673 dividends: 0.25s
2026-10-02 08:10:12,931 [INFO] [DETAIL] 7673 ダイコー通産: income_stmt=OK, balance_sheet=OK, cashflow=OK, dividends=OK
2026-10-02 08:10:12,932 [INFO] [TIME] 7673 ダイコー通産 処理時間: 1.36s
2026-10-02 08:10:14,349 [DEBUG] [TIME] 7674 info: 0.23s
2026-10-02 08:10:14,349 [DEBUG] yfinance OK: 7674
2026-10-02 08:10:14,531 [DEBUG] [TIME] 7674 income_stmt: 0.18s
2026-10-02 08:10:14,722 [DEBUG] [TIME] 7674 balance_sheet: 0.19s
2026-10-02 08:10:14,931 [DEBUG] [TIME] 7674 cashflow: 0.21s
2026-10-02 08:10:15,176 [DEBUG] [TIME] 7674 dividends: 0.24s
2026-10-02 08:10:15,177 [INFO] [DETAIL] 7674 ＮＡＴＴＹ　ＳＷＡＮＫＹホールディングス: income_stmt=OK, balance_sheet=OK, cashflow=OK, dividends=OK
2026-10-02 08:10:15,177 [INFO] [TIME] 7674 ＮＡＴＴＹ　ＳＷＡＮＫＹホールディングス 処理時間: 1.06s
2026-10-02 08:10:16,804 [DEBUG] [TIME] 7677 info: 0.23s
2026-10-02 08:10:16,804 [DEBUG] yfinance OK: 7677
2026-10-02 08:10:17,005 [DEBUG] [TIME] 7677 income_stmt: 0.20s
2026-10-02 08:10:17,296 [DEBUG] [TIME] 7677 balance_sheet: 0.29s
2026-10-02 08:10:17,483 [DEBUG] [TIME] 7677 cashflow: 0.19s
2026-10-02 08:10:17,717 [DEBUG] [TIME] 7677 dividends: 0.23s
2026-10-02 08:10:17,718 [INFO] [DETAIL] 7677 ヤシマキザイ: income_stmt=OK, balance_sheet=OK, cashflow=OK, dividends=OK
2026-10-02 08:10:17,719 [INFO] [TIME] 7677 ヤシマキザイ 処理時間: 1.15s
2026-10-02 08:10:19,004 [DEBUG] [TIME] 7678 info: 0.23s
2026-10-02 08:10:19,004 [DEBUG] yfinance OK: 7678
2026-10-02 08:10:19,234 [DEBUG] [TIME] 7678 income_stmt: 0.23s
2026-10-02 08:10:19,569 [DEBUG] [TIME] 7678 balance_sheet: 0.33s
2026-10-02 08:10:19,763 [DEBUG] [TIME] 7678 cashflow: 0.19s
2026-10-02 08:10:19,980 [DEBUG] [TIME] 7678 dividends: 0.22s
2026-10-02 08:10:19,981 [INFO] [DETAIL] 7678 あさくま: income_stmt=OK, balance_sheet=OK, cashflow=OK, dividends=OK
2026-10-02 08:10:19,981 [INFO] [TIME] 7678 あさくま 処理時間: 1.21s
2026-10-02 08:10:21,238 [DEBUG] [TIME] 7679 info: 0.24s
2026-10-02 08:10:21,238 [DEBUG] yfinance OK: 7679
2026-10-02 08:10:21,458 [DEBUG] [TIME] 7679 income_stmt: 0.22s
2026-10-02 08:10:21,691 [DEBUG] [TIME] 7679 balance_sheet: 0.23s
2026-10-02 08:10:21,845 [DEBUG] [TIME] 7679 cashflow: 0.15s
2026-10-02 08:10:22,088 [DEBUG] [TIME] 7679 dividends: 0.24s
2026-10-02 08:10:22,089 [INFO] [DETAIL] 7679 薬王堂ホールディングス: income_stmt=OK, balance_sheet=OK, cashflow=OK, dividends=OK
2026-10-02 08:10:22,089 [INFO] [TIME] 7679 薬王堂ホールディングス 処理時間: 1.09s
2026-10-02 08:10:23,600 [DEBUG] [TIME] 7681 info: 0.24s
2026-10-02 08:10:23,600 [DEBUG] yfinance OK: 7681
2026-10-02 08:10:23,813 [DEBUG] [TIME] 7681 income_stmt: 0.21s
2026-10-02 08:10:24,162 [DEBUG] [TIME] 7681 balance_sheet: 0.35s
2026-10-02 08:10:24,413 [DEBUG] [TIME] 7681 cashflow: 0.25s
2026-10-02 08:10:24,704 [DEBUG] [TIME] 7681 dividends: 0.29s
2026-10-02 08:10:24,705 [INFO] [DETAIL] 7681 レオクラン: income_stmt=OK, balance_sheet=OK, cashflow=OK, dividends=OK
2026-10-02 08:10:24,705 [INFO] [TIME] 7681 レオクラン 処理時間: 1.35s
2026-10-02 08:10:26,366 [DEBUG] [TIME] 7682 info: 0.29s
2026-10-02 08:10:26,366 [DEBUG] yfinance OK: 7682
2026-10-02 08:10:26,593 [DEBUG] [TIME] 7682 income_stmt: 0.23s
2026-10-02 08:10:26,866 [DEBUG] [TIME] 7682 balance_sheet: 0.27s
2026-10-02 08:10:27,151 [DEBUG] [TIME] 7682 cashflow: 0.28s
2026-10-02 08:10:27,409 [DEBUG] [TIME] 7682 dividends: 0.26s
2026-10-02 08:10:27,410 [INFO] [DETAIL] 7682 浜木綿: income_stmt=OK, balance_sheet=OK, cashflow=OK, dividends=OK
2026-10-02 08:10:27,410 [INFO] [TIME] 7682 浜木綿 処理時間: 1.33s
2026-10-02 08:10:28,782 [DEBUG] [TIME] 7683 info: 0.23s
2026-10-02 08:10:28,782 [DEBUG] yfinance OK: 7683
2026-10-02 08:10:28,975 [DEBUG] [TIME] 7683 income_stmt: 0.19s
2026-10-02 08:10:29,251 [DEBUG] [TIME] 7683 balance_sheet: 0.27s
2026-10-02 08:10:29,483 [DEBUG] [TIME] 7683 cashflow: 0.23s
2026-10-02 08:10:29,760 [DEBUG] [TIME] 7683 dividends: 0.28s
2026-10-02 08:10:29,761 [INFO] [DETAIL] 7683 ダブルエー: income_stmt=OK, balance_sheet=OK, cashflow=OK, dividends=OK
2026-10-02 08:10:29,761 [INFO] [TIME] 7683 ダブルエー 処理時間: 1.21s
2026-10-02 08:10:31,859 [DEBUG] [TIME] 7685 info: 0.23s
2026-10-02 08:10:31,859 [DEBUG] yfinance OK: 7685
2026-10-02 08:10:32,145 [DEBUG] [TIME] 7685 income_stmt: 0.29s
2026-10-02 08:10:32,404 [DEBUG] [TIME] 7685 balance_sheet: 0.26s
2026-10-02 08:10:32,612 [DEBUG] [TIME] 7685 cashflow: 0.21s
2026-10-02 08:10:32,826 [DEBUG] [TIME] 7685 dividends: 0.21s
2026-10-02 08:10:32,827 [INFO] [DETAIL] 7685 ＢｕｙＳｅｌｌ　Ｔｅｃｈｎｏｌｏｇｉｅｓ: income_stmt=OK, balance_sheet=OK, cashflow=OK, dividends=OK
2026-10-02 08:10:32,827 [INFO] [TIME] 7685 ＢｕｙＳｅｌｌ　Ｔｅｃｈｎｏｌｏｇｉｅｓ 処理時間: 1.20s
2026-10-02 08:10:34,548 [DEBUG] [TIME] 7686 info: 0.25s
2026-10-02 08:10:34,549 [DEBUG] yfinance OK: 7686
2026-10-02 08:10:34,769 [DEBUG] [TIME] 7686 income_stmt: 0.22s
2026-10-02 08:10:35,023 [DEBUG] [TIME] 7686 balance_sheet: 0.25s
2026-10-02 08:10:35,273 [DEBUG] [TIME] 7686 cashflow: 0.25s
2026-10-02 08:10:35,503 [DEBUG] [TIME] 7686 dividends: 0.23s
2026-10-02 08:10:35,504 [INFO] [DETAIL] 7686 ひとまいる: income_stmt=OK, balance_sheet=OK, cashflow=OK, dividends=OK
2026-10-02 08:10:35,504 [INFO] [TIME] 7686 ひとまいる 処理時間: 1.20s
2026-10-02 08:10:37,440 [DEBUG] [TIME] 7687 info: 0.23s
2026-10-02 08:10:37,440 [DEBUG] yfinance OK: 7687
2026-10-02 08:10:37,621 [DEBUG] [TIME] 7687 income_stmt: 0.18s
2026-10-02 08:10:37,915 [DEBUG] [TIME] 7687 balance_sheet: 0.29s
2026-10-02 08:10:38,153 [DEBUG] [TIME] 7687 cashflow: 0.24s
2026-10-02 08:10:38,426 [DEBUG] [TIME] 7687 dividends: 0.27s
2026-10-02 08:10:38,427 [INFO] [DETAIL] 7687 ミクリード: income_stmt=OK, balance_sheet=OK, cashflow=OK, dividends=OK
2026-10-02 08:10:38,427 [INFO] [TIME] 7687 ミクリード 処理時間: 1.22s
2026-10-02 08:10:40,066 [DEBUG] [TIME] 7689 info: 0.23s
2026-10-02 08:10:40,066 [DEBUG] yfinance OK: 7689
2026-10-02 08:10:40,248 [DEBUG] [TIME] 7689 income_stmt: 0.18s
2026-10-02 08:10:40,441 [DEBUG] [TIME] 7689 balance_sheet: 0.19s
2026-10-02 08:10:40,643 [DEBUG] [TIME] 7689 cashflow: 0.20s
2026-10-02 08:10:40,868 [DEBUG] [TIME] 7689 dividends: 0.22s
2026-10-02 08:10:40,868 [INFO] [DETAIL] 7689 コパ・コーポレーション: income_stmt=OK, balance_sheet=OK, cashflow=OK, dividends=EMPTY
2026-10-02 08:10:40,868 [INFO] [TIME] 7689 コパ・コーポレーション 処理時間: 1.03s
2026-10-02 08:10:42,252 [DEBUG] [TIME] 7692 info: 0.24s
2026-10-02 08:10:42,252 [DEBUG] yfinance OK: 7692
2026-10-02 08:10:42,498 [DEBUG] [TIME] 7692 income_stmt: 0.25s
2026-10-02 08:10:42,781 [DEBUG] [TIME] 7692 balance_sheet: 0.28s
2026-10-02 08:10:43,003 [DEBUG] [TIME] 7692 cashflow: 0.22s
2026-10-02 08:10:43,258 [DEBUG] [TIME] 7692 dividends: 0.25s
2026-10-02 08:10:43,259 [INFO] [DETAIL] 7692 アースインフィニティ: income_stmt=OK, balance_sheet=OK, cashflow=OK, dividends=OK
2026-10-02 08:10:43,259 [INFO] [TIME] 7692 アースインフィニティ 処理時間: 1.25s
2026-10-02 08:10:44,824 [DEBUG] [TIME] 7694 info: 0.27s
2026-10-02 08:10:44,824 [DEBUG] yfinance OK: 7694
2026-10-02 08:10:45,001 [DEBUG] [TIME] 7694 income_stmt: 0.18s
2026-10-02 08:10:45,294 [DEBUG] [TIME] 7694 balance_sheet: 0.29s
2026-10-02 08:10:45,531 [DEBUG] [TIME] 7694 cashflow: 0.24s
2026-10-02 08:10:45,703 [DEBUG] [TIME] 7694 dividends: 0.17s
2026-10-02 08:10:45,703 [INFO] [DETAIL] 7694 いつも: income_stmt=OK, balance_sheet=OK, cashflow=OK, dividends=EMPTY
2026-10-02 08:10:45,703 [INFO] [TIME] 7694 いつも 処理時間: 1.15s
2026-10-02 08:10:47,430 [DEBUG] [TIME] 7695 info: 0.23s
2026-10-02 08:10:47,430 [DEBUG] yfinance OK: 7695
2026-10-02 08:10:47,713 [DEBUG] [TIME] 7695 income_stmt: 0.28s
2026-10-02 08:10:47,978 [DEBUG] [TIME] 7695 balance_sheet: 0.26s
2026-10-02 08:10:48,243 [DEBUG] [TIME] 7695 cashflow: 0.26s
2026-10-02 08:10:48,470 [DEBUG] [TIME] 7695 dividends: 0.23s
2026-10-02 08:10:48,470 [INFO] [DETAIL] 7695 交換できるくん: income_stmt=OK, balance_sheet=OK, cashflow=OK, dividends=EMPTY
2026-10-02 08:10:48,470 [INFO] [TIME] 7695 交換できるくん 処理時間: 1.27s
2026-10-02 08:10:49,888 [DEBUG] [TIME] 7698 info: 0.23s
2026-10-02 08:10:49,888 [DEBUG] yfinance OK: 7698
2026-10-02 08:10:50,119 [DEBUG] [TIME] 7698 income_stmt: 0.23s
2026-10-02 08:10:50,397 [DEBUG] [TIME] 7698 balance_sheet: 0.28s
2026-10-02 08:10:50,569 [DEBUG] [TIME] 7698 cashflow: 0.17s
2026-10-02 08:10:50,822 [DEBUG] [TIME] 7698 dividends: 0.25s
2026-10-02 08:10:50,823 [INFO] [DETAIL] 7698 アイスコ: income_stmt=OK, balance_sheet=OK, cashflow=OK, dividends=OK
2026-10-02 08:10:50,823 [INFO] [TIME] 7698 アイスコ 処理時間: 1.16s
2026-10-02 08:10:52,709 [DEBUG] [TIME] 7701 info: 0.23s
2026-10-02 08:10:52,709 [DEBUG] yfinance OK: 7701
2026-10-02 08:10:52,896 [DEBUG] [TIME] 7701 income_stmt: 0.19s
2026-10-02 08:10:53,111 [DEBUG] [TIME] 7701 balance_sheet: 0.21s
2026-10-02 08:10:53,318 [DEBUG] [TIME] 7701 cashflow: 0.21s
2026-10-02 08:10:53,667 [DEBUG] [TIME] 7701 dividends: 0.35s
2026-10-02 08:10:53,668 [INFO] [DETAIL] 7701 島津製作所: income_stmt=OK, balance_sheet=OK, cashflow=OK, dividends=OK
2026-10-02 08:10:53,668 [INFO] [TIME] 7701 島津製作所 処理時間: 1.19s
2026-10-02 08:10:55,440 [DEBUG] [TIME] 7702 info: 0.22s
2026-10-02 08:10:55,440 [DEBUG] yfinance OK: 7702
2026-10-02 08:10:55,686 [DEBUG] [TIME] 7702 income_stmt: 0.25s
2026-10-02 08:10:56,008 [DEBUG] [TIME] 7702 balance_sheet: 0.32s
2026-10-02 08:10:56,278 [DEBUG] [TIME] 7702 cashflow: 0.27s
2026-10-02 08:10:56,701 [DEBUG] [TIME] 7702 dividends: 0.42s
2026-10-02 08:10:56,702 [INFO] [DETAIL] 7702 ＪＭＳ: income_stmt=OK, balance_sheet=OK, cashflow=OK, dividends=OK
2026-10-02 08:10:56,702 [INFO] [TIME] 7702 ＪＭＳ 処理時間: 1.48s
2026-10-02 08:10:58,730 [DEBUG] [TIME] 7707 info: 0.23s
2026-10-02 08:10:58,730 [DEBUG] yfinance OK: 7707
2026-10-02 08:10:58,979 [DEBUG] [TIME] 7707 income_stmt: 0.25s
2026-10-02 08:10:59,266 [DEBUG] [TIME] 7707 balance_sheet: 0.29s
2026-10-02 08:10:59,501 [DEBUG] [TIME] 7707 cashflow: 0.23s
2026-10-02 08:10:59,858 [DEBUG] [TIME] 7707 dividends: 0.36s
2026-10-02 08:10:59,859 [INFO] [DETAIL] 7707 プレシジョン・システム・サイエンス: income_stmt=OK, balance_sheet=OK, cashflow=OK, dividends=OK
2026-10-02 08:10:59,859 [INFO] [TIME] 7707 プレシジョン・システム・サイエンス 処理時間: 1.36s
2026-10-02 08:11:01,229 [DEBUG] [TIME] 7709 info: 0.24s
2026-10-02 08:11:01,229 [DEBUG] yfinance OK: 7709
2026-10-02 08:11:01,487 [DEBUG] [TIME] 7709 income_stmt: 0.26s
2026-10-02 08:11:02,160 [DEBUG] [TIME] 7709 balance_sheet: 0.67s
2026-10-02 08:11:02,395 [DEBUG] [TIME] 7709 cashflow: 0.23s
2026-10-02 08:11:02,663 [DEBUG] [TIME] 7709 dividends: 0.27s
2026-10-02 08:11:02,663 [INFO] [DETAIL] 7709 クボテック: income_stmt=OK, balance_sheet=OK, cashflow=OK, dividends=EMPTY
2026-10-02 08:11:02,663 [INFO] [TIME] 7709 クボテック 処理時間: 1.68s
2026-10-02 08:11:04,576 [DEBUG] [TIME] 7711 info: 0.23s
2026-10-02 08:11:04,576 [DEBUG] yfinance OK: 7711
2026-10-02 08:11:04,813 [DEBUG] [TIME] 7711 income_stmt: 0.24s
2026-10-02 08:11:05,064 [DEBUG] [TIME] 7711 balance_sheet: 0.25s
2026-10-02 08:11:05,244 [DEBUG] [TIME] 7711 cashflow: 0.18s
2026-10-02 08:11:05,606 [DEBUG] [TIME] 7711 dividends: 0.36s
2026-10-02 08:11:05,607 [INFO] [DETAIL] 7711 助川電気工業: income_stmt=OK, balance_sheet=OK, cashflow=OK, dividends=OK
2026-10-02 08:11:05,607 [INFO] [TIME] 7711 助川電気工業 処理時間: 1.26s
2026-10-02 08:11:07,138 [DEBUG] [TIME] 7713 info: 0.23s
2026-10-02 08:11:07,138 [DEBUG] yfinance OK: 7713
2026-10-02 08:11:07,420 [DEBUG] [TIME] 7713 income_stmt: 0.28s
2026-10-02 08:11:07,713 [DEBUG] [TIME] 7713 balance_sheet: 0.29s
2026-10-02 08:11:07,945 [DEBUG] [TIME] 7713 cashflow: 0.23s
2026-10-02 08:11:08,345 [DEBUG] [TIME] 7713 dividends: 0.40s
2026-10-02 08:11:08,346 [INFO] [DETAIL] 7713 シグマ光機: income_stmt=OK, balance_sheet=OK, cashflow=OK, dividends=OK
2026-10-02 08:11:08,346 [INFO] [TIME] 7713 シグマ光機 処理時間: 1.43s
2026-10-02 08:11:09,597 [DEBUG] [TIME] 7715 info: 0.23s
2026-10-02 08:11:09,598 [DEBUG] yfinance OK: 7715
2026-10-02 08:11:09,873 [DEBUG] [TIME] 7715 income_stmt: 0.28s
2026-10-02 08:11:10,073 [DEBUG] [TIME] 7715 balance_sheet: 0.20s
2026-10-02 08:11:10,297 [DEBUG] [TIME] 7715 cashflow: 0.22s
2026-10-02 08:11:10,648 [DEBUG] [TIME] 7715 dividends: 0.35s
2026-10-02 08:11:10,649 [INFO] [DETAIL] 7715 長野計器: income_stmt=OK, balance_sheet=OK, cashflow=OK, dividends=OK
2026-10-02 08:11:10,649 [INFO] [TIME] 7715 長野計器 処理時間: 1.28s
2026-10-02 08:11:12,097 [DEBUG] [TIME] 7716 info: 0.23s
2026-10-02 08:11:12,097 [DEBUG] yfinance OK: 7716
2026-10-02 08:11:12,280 [DEBUG] [TIME] 7716 income_stmt: 0.18s
2026-10-02 08:11:12,506 [DEBUG] [TIME] 7716 balance_sheet: 0.23s
2026-10-02 08:11:12,705 [DEBUG] [TIME] 7716 cashflow: 0.20s
2026-10-02 08:11:13,140 [DEBUG] [TIME] 7716 dividends: 0.43s
2026-10-02 08:11:13,141 [INFO] [DETAIL] 7716 ナカニシ: income_stmt=OK, balance_sheet=OK, cashflow=OK, dividends=OK
2026-10-02 08:11:13,142 [INFO] [TIME] 7716 ナカニシ 処理時間: 1.27s
2026-10-02 08:11:15,005 [DEBUG] [TIME] 7717 info: 0.22s
2026-10-02 08:11:15,005 [DEBUG] yfinance OK: 7717
2026-10-02 08:11:15,212 [DEBUG] [TIME] 7717 income_stmt: 0.21s
2026-10-02 08:11:15,412 [DEBUG] [TIME] 7717 balance_sheet: 0.20s
2026-10-02 08:11:15,602 [DEBUG] [TIME] 7717 cashflow: 0.19s
2026-10-02 08:11:15,986 [DEBUG] [TIME] 7717 dividends: 0.38s
2026-10-02 08:11:15,987 [INFO] [DETAIL] 7717 ブイ・テクノロジー: income_stmt=OK, balance_sheet=OK, cashflow=OK, dividends=OK
2026-10-02 08:11:15,987 [INFO] [TIME] 7717 ブイ・テクノロジー 処理時間: 1.20s
2026-10-02 08:11:17,470 [DEBUG] [TIME] 7719 info: 0.22s
2026-10-02 08:11:17,470 [DEBUG] yfinance OK: 7719
2026-10-02 08:11:17,713 [DEBUG] [TIME] 7719 income_stmt: 0.24s
2026-10-02 08:11:17,913 [DEBUG] [TIME] 7719 balance_sheet: 0.20s
2026-10-02 08:11:18,066 [DEBUG] [TIME] 7719 cashflow: 0.15s
2026-10-02 08:11:18,442 [DEBUG] [TIME] 7719 dividends: 0.38s
2026-10-02 08:11:18,442 [INFO] [DETAIL] 7719 東京衡機: income_stmt=OK, balance_sheet=OK, cashflow=OK, dividends=EMPTY
2026-10-02 08:11:18,442 [INFO] [TIME] 7719 東京衡機 処理時間: 1.19s
2026-10-02 08:11:20,430 [DEBUG] [TIME] 7721 info: 0.23s
2026-10-02 08:11:20,430 [DEBUG] yfinance OK: 7721
2026-10-02 08:11:20,711 [DEBUG] [TIME] 7721 income_stmt: 0.28s
2026-10-02 08:11:21,007 [DEBUG] [TIME] 7721 balance_sheet: 0.30s
2026-10-02 08:11:21,230 [DEBUG] [TIME] 7721 cashflow: 0.22s
2026-10-02 08:11:21,675 [DEBUG] [TIME] 7721 dividends: 0.45s
2026-10-02 08:11:21,676 [INFO] [DETAIL] 7721 東京計器: income_stmt=OK, balance_sheet=OK, cashflow=OK, dividends=OK
2026-10-02 08:11:21,676 [INFO] [TIME] 7721 東京計器 処理時間: 1.47s
2026-10-02 08:11:23,455 [DEBUG] [TIME] 7722 info: 0.22s
2026-10-02 08:11:23,455 [DEBUG] yfinance OK: 7722
2026-10-02 08:11:23,644 [DEBUG] [TIME] 7722 income_stmt: 0.19s
2026-10-02 08:11:23,976 [DEBUG] [TIME] 7722 balance_sheet: 0.33s
2026-10-02 08:11:24,123 [DEBUG] [TIME] 7722 cashflow: 0.15s
2026-10-02 08:11:24,488 [DEBUG] [TIME] 7722 dividends: 0.36s
2026-10-02 08:11:24,489 [INFO] [DETAIL] 7722 国際計測器: income_stmt=OK, balance_sheet=OK, cashflow=OK, dividends=OK
2026-10-02 08:11:24,489 [INFO] [TIME] 7722 国際計測器 処理時間: 1.25s
2026-10-02 08:11:26,542 [DEBUG] [TIME] 7723 info: 0.28s
2026-10-02 08:11:26,542 [DEBUG] yfinance OK: 7723
2026-10-02 08:11:26,790 [DEBUG] [TIME] 7723 income_stmt: 0.25s
2026-10-02 08:11:27,003 [DEBUG] [TIME] 7723 balance_sheet: 0.21s
2026-10-02 08:11:27,268 [DEBUG] [TIME] 7723 cashflow: 0.26s
2026-10-02 08:11:27,689 [DEBUG] [TIME] 7723 dividends: 0.42s
2026-10-02 08:11:27,690 [INFO] [DETAIL] 7723 愛知時計電機: income_stmt=OK, balance_sheet=OK, cashflow=OK, dividends=OK
2026-10-02 08:11:27,691 [INFO] [TIME] 7723 愛知時計電機 処理時間: 1.42s
2026-10-02 08:11:29,579 [DEBUG] [TIME] 7725 info: 0.24s
2026-10-02 08:11:29,579 [DEBUG] yfinance OK: 7725
2026-10-02 08:11:29,823 [DEBUG] [TIME] 7725 income_stmt: 0.24s
2026-10-02 08:11:30,142 [DEBUG] [TIME] 7725 balance_sheet: 0.32s
2026-10-02 08:11:30,408 [DEBUG] [TIME] 7725 cashflow: 0.26s
2026-10-02 08:11:30,805 [DEBUG] [TIME] 7725 dividends: 0.40s
2026-10-02 08:11:30,806 [INFO] [DETAIL] 7725 インターアクション: income_stmt=OK, balance_sheet=OK, cashflow=OK, dividends=OK
2026-10-02 08:11:30,806 [INFO] [TIME] 7725 インターアクション 処理時間: 1.47s
2026-10-02 08:11:32,428 [DEBUG] [TIME] 7726 info: 0.22s
2026-10-02 08:11:32,428 [DEBUG] yfinance OK: 7726
2026-10-02 08:11:32,706 [DEBUG] [TIME] 7726 income_stmt: 0.28s
2026-10-02 08:11:33,031 [DEBUG] [TIME] 7726 balance_sheet: 0.32s
2026-10-02 08:11:33,315 [DEBUG] [TIME] 7726 cashflow: 0.28s
2026-10-02 08:11:33,736 [DEBUG] [TIME] 7726 dividends: 0.42s
2026-10-02 08:11:33,737 [INFO] [DETAIL] 7726 黒田精工: income_stmt=OK, balance_sheet=OK, cashflow=OK, dividends=OK
2026-10-02 08:11:33,737 [INFO] [TIME] 7726 黒田精工 処理時間: 1.53s
2026-10-02 08:11:35,176 [DEBUG] [TIME] 7727 info: 0.22s
2026-10-02 08:11:35,176 [DEBUG] yfinance OK: 7727
2026-10-02 08:11:35,353 [DEBUG] [TIME] 7727 income_stmt: 0.18s
2026-10-02 08:11:35,587 [DEBUG] [TIME] 7727 balance_sheet: 0.23s
2026-10-02 08:11:35,866 [DEBUG] [TIME] 7727 cashflow: 0.28s
2026-10-02 08:11:36,213 [DEBUG] [TIME] 7727 dividends: 0.35s
2026-10-02 08:11:36,214 [INFO] [DETAIL] 7727 オーバル: income_stmt=OK, balance_sheet=OK, cashflow=OK, dividends=OK
2026-10-02 08:11:36,214 [INFO] [TIME] 7727 オーバル 処理時間: 1.26s
2026-10-02 08:11:37,573 [DEBUG] [TIME] 7729 info: 0.23s
2026-10-02 08:11:37,573 [DEBUG] yfinance OK: 7729
2026-10-02 08:11:37,765 [DEBUG] [TIME] 7729 income_stmt: 0.19s
2026-10-02 08:11:38,006 [DEBUG] [TIME] 7729 balance_sheet: 0.24s
2026-10-02 08:11:38,189 [DEBUG] [TIME] 7729 cashflow: 0.18s
2026-10-02 08:11:38,582 [DEBUG] [TIME] 7729 dividends: 0.39s
2026-10-02 08:11:38,583 [INFO] [DETAIL] 7729 東京精密: income_stmt=OK, balance_sheet=OK, cashflow=OK, dividends=OK
2026-10-02 08:11:38,583 [INFO] [TIME] 7729 東京精密 処理時間: 1.24s
2026-10-02 08:11:40,106 [DEBUG] [TIME] 7730 info: 0.23s
2026-10-02 08:11:40,106 [DEBUG] yfinance OK: 7730
2026-10-02 08:11:40,311 [DEBUG] [TIME] 7730 income_stmt: 0.20s
2026-10-02 08:11:40,548 [DEBUG] [TIME] 7730 balance_sheet: 0.24s
2026-10-02 08:11:40,759 [DEBUG] [TIME] 7730 cashflow: 0.21s
2026-10-02 08:11:41,103 [DEBUG] [TIME] 7730 dividends: 0.34s
2026-10-02 08:11:41,104 [INFO] [DETAIL] 7730 マニー: income_stmt=OK, balance_sheet=OK, cashflow=OK, dividends=OK
2026-10-02 08:11:41,104 [INFO] [TIME] 7730 マニー 処理時間: 1.22s
2026-10-02 08:11:43,164 [DEBUG] [TIME] 7731 info: 0.22s
2026-10-02 08:11:43,164 [DEBUG] yfinance OK: 7731
2026-10-02 08:11:43,337 [DEBUG] [TIME] 7731 income_stmt: 0.17s
2026-10-02 08:11:43,504 [DEBUG] [TIME] 7731 balance_sheet: 0.17s
2026-10-02 08:11:45,933 [DEBUG] [TIME] 7731 cashflow: 2.43s
2026-10-02 08:11:46,344 [DEBUG] [TIME] 7731 dividends: 0.41s
2026-10-02 08:11:46,345 [INFO] [DETAIL] 7731 ニコン: income_stmt=OK, balance_sheet=OK, cashflow=OK, dividends=OK
2026-10-02 08:11:46,345 [INFO] [TIME] 7731 ニコン 処理時間: 3.40s
2026-10-02 08:11:48,279 [DEBUG] [TIME] 7733 info: 0.22s
2026-10-02 08:11:48,279 [DEBUG] yfinance OK: 7733
2026-10-02 08:11:48,499 [DEBUG] [TIME] 7733 income_stmt: 0.22s
2026-10-02 08:11:48,744 [DEBUG] [TIME] 7733 balance_sheet: 0.25s
2026-10-02 08:11:48,935 [DEBUG] [TIME] 7733 cashflow: 0.19s
2026-10-02 08:11:49,337 [DEBUG] [TIME] 7733 dividends: 0.40s
2026-10-02 08:11:49,338 [INFO] [DETAIL] 7733 オリンパス: income_stmt=OK, balance_sheet=OK, cashflow=OK, dividends=OK
2026-10-02 08:11:49,338 [INFO] [TIME] 7733 オリンパス 処理時間: 1.28s
2026-10-02 08:11:51,479 [DEBUG] [TIME] 7734 info: 0.23s
2026-10-02 08:11:51,479 [DEBUG] yfinance OK: 7734
2026-10-02 08:11:51,732 [DEBUG] [TIME] 7734 income_stmt: 0.25s
2026-10-02 08:11:51,991 [DEBUG] [TIME] 7734 balance_sheet: 0.26s
2026-10-02 08:11:52,178 [DEBUG] [TIME] 7734 cashflow: 0.19s
2026-10-02 08:11:52,538 [DEBUG] [TIME] 7734 dividends: 0.36s
2026-10-02 08:11:52,539 [INFO] [DETAIL] 7734 理研計器: income_stmt=OK, balance_sheet=OK, cashflow=OK, dividends=OK
2026-10-02 08:11:52,539 [INFO] [TIME] 7734 理研計器 処理時間: 1.29s
2026-10-02 08:11:54,603 [DEBUG] [TIME] 7735 info: 0.28s
2026-10-02 08:11:54,603 [DEBUG] yfinance OK: 7735
2026-10-02 08:11:54,814 [DEBUG] [TIME] 7735 income_stmt: 0.21s
2026-10-02 08:11:55,052 [DEBUG] [TIME] 7735 balance_sheet: 0.24s
2026-10-02 08:11:55,226 [DEBUG] [TIME] 7735 cashflow: 0.17s
2026-10-02 08:11:55,586 [DEBUG] [TIME] 7735 dividends: 0.36s
2026-10-02 08:11:55,587 [INFO] [DETAIL] 7735 ＳＣＲＥＥＮホールディングス: income_stmt=OK, balance_sheet=OK, cashflow=OK, dividends=OK
2026-10-02 08:11:55,587 [INFO] [TIME] 7735 ＳＣＲＥＥＮホールディングス 処理時間: 1.27s
2026-10-02 08:11:57,309 [DEBUG] [TIME] 7740 info: 0.22s
2026-10-02 08:11:57,309 [DEBUG] yfinance OK: 7740
2026-10-02 08:11:57,490 [DEBUG] [TIME] 7740 income_stmt: 0.18s
2026-10-02 08:11:57,637 [DEBUG] [TIME] 7740 balance_sheet: 0.15s
2026-10-02 08:11:57,780 [DEBUG] [TIME] 7740 cashflow: 0.14s
2026-10-02 08:11:58,140 [DEBUG] [TIME] 7740 dividends: 0.36s
2026-10-02 08:11:58,141 [INFO] [DETAIL] 7740 タムロン: income_stmt=OK, balance_sheet=OK, cashflow=OK, dividends=OK
2026-10-02 08:11:58,141 [INFO] [TIME] 7740 タムロン 処理時間: 1.05s
2026-10-02 08:11:59,861 [DEBUG] [TIME] 7741 info: 0.22s
2026-10-02 08:11:59,861 [DEBUG] yfinance OK: 7741
2026-10-02 08:12:00,032 [DEBUG] [TIME] 7741 income_stmt: 0.17s
2026-10-02 08:12:00,382 [DEBUG] [TIME] 7741 balance_sheet: 0.35s
2026-10-02 08:12:00,574 [DEBUG] [TIME] 7741 cashflow: 0.19s
2026-10-02 08:12:00,925 [DEBUG] [TIME] 7741 dividends: 0.35s
2026-10-02 08:12:00,926 [INFO] [DETAIL] 7741 ＨＯＹＡ: income_stmt=OK, balance_sheet=OK, cashflow=OK, dividends=OK
2026-10-02 08:12:00,926 [INFO] [TIME] 7741 ＨＯＹＡ 処理時間: 1.28s
2026-10-02 08:12:02,394 [DEBUG] [TIME] 7743 info: 0.22s
2026-10-02 08:12:02,394 [DEBUG] yfinance OK: 7743
2026-10-02 08:12:02,574 [DEBUG] [TIME] 7743 income_stmt: 0.18s
2026-10-02 08:12:02,783 [DEBUG] [TIME] 7743 balance_sheet: 0.21s
2026-10-02 08:12:02,986 [DEBUG] [TIME] 7743 cashflow: 0.20s
2026-10-02 08:12:03,417 [DEBUG] [TIME] 7743 dividends: 0.43s
2026-10-02 08:12:03,418 [INFO] [DETAIL] 7743 シード: income_stmt=OK, balance_sheet=OK, cashflow=OK, dividends=OK
2026-10-02 08:12:03,418 [INFO] [TIME] 7743 シード 処理時間: 1.25s
2026-10-02 08:12:05,299 [DEBUG] [TIME] 7744 info: 0.22s
2026-10-02 08:12:05,299 [DEBUG] yfinance OK: 7744
2026-10-02 08:12:05,504 [DEBUG] [TIME] 7744 income_stmt: 0.21s
2026-10-02 08:12:05,762 [DEBUG] [TIME] 7744 balance_sheet: 0.26s
2026-10-02 08:12:05,919 [DEBUG] [TIME] 7744 cashflow: 0.16s
2026-10-02 08:12:06,270 [DEBUG] [TIME] 7744 dividends: 0.35s
2026-10-02 08:12:06,271 [INFO] [DETAIL] 7744 ノーリツ鋼機: income_stmt=OK, balance_sheet=OK, cashflow=OK, dividends=OK
2026-10-02 08:12:06,271 [INFO] [TIME] 7744 ノーリツ鋼機 処理時間: 1.19s
2026-10-02 08:12:08,328 [DEBUG] [TIME] 7745 info: 0.23s
2026-10-02 08:12:08,328 [DEBUG] yfinance OK: 7745
2026-10-02 08:12:08,559 [DEBUG] [TIME] 7745 income_stmt: 0.23s
2026-10-02 08:12:08,794 [DEBUG] [TIME] 7745 balance_sheet: 0.23s
2026-10-02 08:12:08,979 [DEBUG] [TIME] 7745 cashflow: 0.18s
2026-10-02 08:12:09,310 [DEBUG] [TIME] 7745 dividends: 0.33s
2026-10-02 08:12:09,311 [INFO] [DETAIL] 7745 Ａ＆Ｄホロンホールディングス: income_stmt=OK, balance_sheet=OK, cashflow=OK, dividends=OK
2026-10-02 08:12:09,311 [INFO] [TIME] 7745 Ａ＆Ｄホロンホールディングス 処理時間: 1.21s
2026-10-02 08:12:10,935 [DEBUG] [TIME] 7746 info: 0.28s
2026-10-02 08:12:10,935 [DEBUG] yfinance OK: 7746
2026-10-02 08:12:11,144 [DEBUG] [TIME] 7746 income_stmt: 0.21s
2026-10-02 08:12:11,336 [DEBUG] [TIME] 7746 balance_sheet: 0.19s
2026-10-02 08:12:11,608 [DEBUG] [TIME] 7746 cashflow: 0.27s
2026-10-02 08:12:11,863 [DEBUG] [TIME] 7746 dividends: 0.25s
2026-10-02 08:12:11,863 [INFO] [DETAIL] 7746 岡本硝子: income_stmt=OK, balance_sheet=OK, cashflow=OK, dividends=EMPTY
2026-10-02 08:12:11,863 [INFO] [TIME] 7746 岡本硝子 処理時間: 1.21s
2026-10-02 08:12:13,512 [DEBUG] [TIME] 7747 info: 0.28s
2026-10-02 08:12:13,512 [DEBUG] yfinance OK: 7747
2026-10-02 08:12:13,679 [DEBUG] [TIME] 7747 income_stmt: 0.17s
2026-10-02 08:12:13,893 [DEBUG] [TIME] 7747 balance_sheet: 0.21s
2026-10-02 08:12:14,020 [DEBUG] [TIME] 7747 cashflow: 0.13s
2026-10-02 08:12:14,368 [DEBUG] [TIME] 7747 dividends: 0.35s
2026-10-02 08:12:14,369 [INFO] [DETAIL] 7747 朝日インテック: income_stmt=OK, balance_sheet=OK, cashflow=OK, dividends=OK
2026-10-02 08:12:14,369 [INFO] [TIME] 7747 朝日インテック 処理時間: 1.13s
2026-10-02 08:12:15,927 [DEBUG] [TIME] 7749 info: 0.29s
2026-10-02 08:12:15,927 [DEBUG] yfinance OK: 7749
2026-10-02 08:12:16,159 [DEBUG] [TIME] 7749 income_stmt: 0.23s
2026-10-02 08:12:16,415 [DEBUG] [TIME] 7749 balance_sheet: 0.26s
2026-10-02 08:12:16,641 [DEBUG] [TIME] 7749 cashflow: 0.23s
2026-10-02 08:12:16,996 [DEBUG] [TIME] 7749 dividends: 0.35s
2026-10-02 08:12:16,997 [INFO] [DETAIL] 7749 メディキット: income_stmt=OK, balance_sheet=OK, cashflow=OK, dividends=OK
2026-10-02 08:12:16,997 [INFO] [TIME] 7749 メディキット 処理時間: 1.36s
2026-10-02 08:12:18,420 [DEBUG] [TIME] 7751 info: 0.23s
2026-10-02 08:12:18,420 [DEBUG] yfinance OK: 7751
2026-10-02 08:12:18,691 [DEBUG] [TIME] 7751 income_stmt: 0.27s
2026-10-02 08:12:18,976 [DEBUG] [TIME] 7751 balance_sheet: 0.28s
2026-10-02 08:12:19,161 [DEBUG] [TIME] 7751 cashflow: 0.18s
2026-10-02 08:12:19,527 [DEBUG] [TIME] 7751 dividends: 0.36s
2026-10-02 08:12:19,528 [INFO] [DETAIL] 7751 キヤノン: income_stmt=OK, balance_sheet=OK, cashflow=OK, dividends=OK
2026-10-02 08:12:19,528 [INFO] [TIME] 7751 キヤノン 処理時間: 1.34s
2026-10-02 08:12:21,258 [DEBUG] [TIME] 7752 info: 0.27s
2026-10-02 08:12:21,258 [DEBUG] yfinance OK: 7752
2026-10-02 08:12:21,525 [DEBUG] [TIME] 7752 income_stmt: 0.27s
2026-10-02 08:12:21,767 [DEBUG] [TIME] 7752 balance_sheet: 0.24s
2026-10-02 08:12:22,018 [DEBUG] [TIME] 7752 cashflow: 0.25s
2026-10-02 08:12:22,452 [DEBUG] [TIME] 7752 dividends: 0.43s
2026-10-02 08:12:22,453 [INFO] [DETAIL] 7752 リコー: income_stmt=OK, balance_sheet=OK, cashflow=OK, dividends=OK
2026-10-02 08:12:22,454 [INFO] [TIME] 7752 リコー 処理時間: 1.47s
2026-10-02 08:12:24,376 [DEBUG] [TIME] 7760 info: 0.24s
2026-10-02 08:12:24,376 [DEBUG] yfinance OK: 7760
2026-10-02 08:12:24,616 [DEBUG] [TIME] 7760 income_stmt: 0.24s
2026-10-02 08:12:24,812 [DEBUG] [TIME] 7760 balance_sheet: 0.19s
2026-10-02 08:12:25,017 [DEBUG] [TIME] 7760 cashflow: 0.20s
2026-10-02 08:12:25,365 [DEBUG] [TIME] 7760 dividends: 0.35s
2026-10-02 08:12:25,366 [INFO] [DETAIL] 7760 ＩＭＶ: income_stmt=OK, balance_sheet=OK, cashflow=OK, dividends=OK
2026-10-02 08:12:25,366 [INFO] [TIME] 7760 ＩＭＶ 処理時間: 1.23s
2026-10-02 08:12:27,499 [DEBUG] [TIME] 7762 info: 0.22s
2026-10-02 08:12:27,499 [DEBUG] yfinance OK: 7762
2026-10-02 08:12:27,726 [DEBUG] [TIME] 7762 income_stmt: 0.23s
2026-10-02 08:12:27,919 [DEBUG] [TIME] 7762 balance_sheet: 0.19s
2026-10-02 08:12:28,116 [DEBUG] [TIME] 7762 cashflow: 0.20s
2026-10-02 08:12:28,461 [DEBUG] [TIME] 7762 dividends: 0.34s
2026-10-02 08:12:28,462 [INFO] [DETAIL] 7762 シチズン時計: income_stmt=OK, balance_sheet=OK, cashflow=OK, dividends=OK
2026-10-02 08:12:28,462 [INFO] [TIME] 7762 シチズン時計 処理時間: 1.18s
2026-10-02 08:12:29,835 [DEBUG] [TIME] 7769 info: 0.28s
2026-10-02 08:12:29,835 [DEBUG] yfinance OK: 7769
2026-10-02 08:12:30,033 [DEBUG] [TIME] 7769 income_stmt: 0.20s
2026-10-02 08:12:30,240 [DEBUG] [TIME] 7769 balance_sheet: 0.21s
2026-10-02 08:12:30,423 [DEBUG] [TIME] 7769 cashflow: 0.18s
2026-10-02 08:12:30,811 [DEBUG] [TIME] 7769 dividends: 0.39s
2026-10-02 08:12:30,812 [INFO] [DETAIL] 7769 リズム: income_stmt=OK, balance_sheet=OK, cashflow=OK, dividends=OK
2026-10-02 08:12:30,812 [INFO] [TIME] 7769 リズム 処理時間: 1.26s
2026-10-02 08:12:33,038 [DEBUG] [TIME] 7771 info: 0.23s
2026-10-02 08:12:33,038 [DEBUG] yfinance OK: 7771
2026-10-02 08:12:33,289 [DEBUG] [TIME] 7771 income_stmt: 0.25s
2026-10-02 08:12:33,591 [DEBUG] [TIME] 7771 balance_sheet: 0.30s
2026-10-02 08:12:33,823 [DEBUG] [TIME] 7771 cashflow: 0.23s
2026-10-02 08:12:34,121 [DEBUG] [TIME] 7771 dividends: 0.30s
2026-10-02 08:12:34,121 [INFO] [DETAIL] 7771 日本精密: income_stmt=OK, balance_sheet=OK, cashflow=OK, dividends=EMPTY
2026-10-02 08:12:34,121 [INFO] [TIME] 7771 日本精密 処理時間: 1.31s
2026-10-02 08:12:35,716 [DEBUG] [TIME] 7774 info: 0.23s
2026-10-02 08:12:35,716 [DEBUG] yfinance OK: 7774
2026-10-02 08:12:35,939 [DEBUG] [TIME] 7774 income_stmt: 0.22s
2026-10-02 08:12:36,184 [DEBUG] [TIME] 7774 balance_sheet: 0.24s
2026-10-02 08:12:36,336 [DEBUG] [TIME] 7774 cashflow: 0.15s
2026-10-02 08:12:36,634 [DEBUG] [TIME] 7774 dividends: 0.30s
2026-10-02 08:12:36,634 [INFO] [DETAIL] 7774 ジャパン・ティッシュエンジニアリング: income_stmt=OK, balance_sheet=OK, cashflow=OK, dividends=EMPTY
2026-10-02 08:12:36,634 [INFO] [TIME] 7774 ジャパン・ティッシュエンジニアリング 処理時間: 1.15s
2026-10-02 08:12:38,309 [DEBUG] [TIME] 7775 info: 0.23s
2026-10-02 08:12:38,309 [DEBUG] yfinance OK: 7775
2026-10-02 08:12:38,539 [DEBUG] [TIME] 7775 income_stmt: 0.23s
2026-10-02 08:12:38,825 [DEBUG] [TIME] 7775 balance_sheet: 0.28s
2026-10-02 08:12:39,052 [DEBUG] [TIME] 7775 cashflow: 0.23s
2026-10-02 08:12:39,373 [DEBUG] [TIME] 7775 dividends: 0.32s
2026-10-02 08:12:39,374 [INFO] [DETAIL] 7775 大研医器: income_stmt=OK, balance_sheet=OK, cashflow=OK, dividends=OK
2026-10-02 08:12:39,374 [INFO] [TIME] 7775 大研医器 処理時間: 1.29s
2026-10-02 08:12:40,737 [DEBUG] [TIME] 7776 info: 0.22s
2026-10-02 08:12:40,737 [DEBUG] yfinance OK: 7776
2026-10-02 08:12:40,949 [DEBUG] [TIME] 7776 income_stmt: 0.21s
2026-10-02 08:12:41,173 [DEBUG] [TIME] 7776 balance_sheet: 0.22s
2026-10-02 08:12:41,312 [DEBUG] [TIME] 7776 cashflow: 0.14s
2026-10-02 08:12:41,546 [DEBUG] [TIME] 7776 dividends: 0.23s
2026-10-02 08:12:41,546 [INFO] [DETAIL] 7776 セルシード: income_stmt=OK, balance_sheet=OK, cashflow=OK, dividends=EMPTY
2026-10-02 08:12:41,546 [INFO] [TIME] 7776 セルシード 処理時間: 1.03s
2026-10-02 08:12:43,498 [DEBUG] [TIME] 7777 info: 0.22s
2026-10-02 08:12:43,498 [DEBUG] yfinance OK: 7777
2026-10-02 08:12:43,707 [DEBUG] [TIME] 7777 income_stmt: 0.21s
2026-10-02 08:12:43,904 [DEBUG] [TIME] 7777 balance_sheet: 0.20s
2026-10-02 08:12:44,148 [DEBUG] [TIME] 7777 cashflow: 0.24s
2026-10-02 08:12:44,363 [DEBUG] [TIME] 7777 dividends: 0.21s
2026-10-02 08:12:44,363 [INFO] [DETAIL] 7777 スリー・ディー・マトリックス: income_stmt=OK, balance_sheet=OK, cashflow=OK, dividends=EMPTY
2026-10-02 08:12:44,363 [INFO] [TIME] 7777 スリー・ディー・マトリックス 処理時間: 1.09s
2026-10-02 08:12:46,057 [DEBUG] [TIME] 7779 info: 0.23s
2026-10-02 08:12:46,057 [DEBUG] yfinance OK: 7779
2026-10-02 08:12:46,293 [DEBUG] [TIME] 7779 income_stmt: 0.24s
2026-10-02 08:12:46,521 [DEBUG] [TIME] 7779 balance_sheet: 0.23s
2026-10-02 08:12:46,842 [DEBUG] [TIME] 7779 cashflow: 0.32s
2026-10-02 08:12:47,088 [DEBUG] [TIME] 7779 dividends: 0.25s
2026-10-02 08:12:47,088 [INFO] [DETAIL] 7779 ＣＹＢＥＲＤＹＮＥ: income_stmt=OK, balance_sheet=OK, cashflow=OK, dividends=EMPTY
2026-10-02 08:12:47,088 [INFO] [TIME] 7779 ＣＹＢＥＲＤＹＮＥ 処理時間: 1.26s
2026-10-02 08:12:48,966 [DEBUG] [TIME] 7780 info: 0.28s
2026-10-02 08:12:48,966 [DEBUG] yfinance OK: 7780
2026-10-02 08:12:49,200 [DEBUG] [TIME] 7780 income_stmt: 0.23s
2026-10-02 08:12:49,414 [DEBUG] [TIME] 7780 balance_sheet: 0.21s
2026-10-02 08:12:49,552 [DEBUG] [TIME] 7780 cashflow: 0.14s
2026-10-02 08:12:49,823 [DEBUG] [TIME] 7780 dividends: 0.27s
2026-10-02 08:12:49,824 [INFO] [DETAIL] 7780 メニコン: income_stmt=OK, balance_sheet=OK, cashflow=OK, dividends=OK
2026-10-02 08:12:49,824 [INFO] [TIME] 7780 メニコン 処理時間: 1.13s
2026-10-02 08:12:51,391 [DEBUG] [TIME] 7781 info: 0.30s
2026-10-02 08:12:51,392 [DEBUG] yfinance OK: 7781
2026-10-02 08:12:51,632 [DEBUG] [TIME] 7781 income_stmt: 0.24s
2026-10-02 08:12:51,908 [DEBUG] [TIME] 7781 balance_sheet: 0.28s
2026-10-02 08:12:52,124 [DEBUG] [TIME] 7781 cashflow: 0.21s
2026-10-02 08:12:52,467 [DEBUG] [TIME] 7781 dividends: 0.34s
2026-10-02 08:12:52,468 [INFO] [DETAIL] 7781 平山ホールディングス: income_stmt=OK, balance_sheet=OK, cashflow=OK, dividends=OK
2026-10-02 08:12:52,468 [INFO] [TIME] 7781 平山ホールディングス 処理時間: 1.37s
2026-10-02 08:12:53,887 [DEBUG] [TIME] 7782 info: 0.28s
2026-10-02 08:12:53,887 [DEBUG] yfinance OK: 7782
2026-10-02 08:12:54,063 [DEBUG] [TIME] 7782 income_stmt: 0.18s
2026-10-02 08:12:54,421 [DEBUG] [TIME] 7782 balance_sheet: 0.36s
2026-10-02 08:12:54,577 [DEBUG] [TIME] 7782 cashflow: 0.16s
2026-10-02 08:12:54,856 [DEBUG] [TIME] 7782 dividends: 0.28s
2026-10-02 08:12:54,857 [INFO] [DETAIL] 7782 シンシア: income_stmt=OK, balance_sheet=OK, cashflow=OK, dividends=OK
2026-10-02 08:12:54,857 [INFO] [TIME] 7782 シンシア 処理時間: 1.25s
2026-10-02 08:12:56,127 [DEBUG] [TIME] 7791 info: 0.22s
2026-10-02 08:12:56,127 [DEBUG] yfinance OK: 7791
2026-10-02 08:12:56,321 [DEBUG] [TIME] 7791 income_stmt: 0.19s
2026-10-02 08:12:56,570 [DEBUG] [TIME] 7791 balance_sheet: 0.25s
2026-10-02 08:12:56,765 [DEBUG] [TIME] 7791 cashflow: 0.19s
2026-10-02 08:12:57,010 [DEBUG] [TIME] 7791 dividends: 0.24s
2026-10-02 08:12:57,011 [INFO] [DETAIL] 7791 ドリームベッド: income_stmt=OK, balance_sheet=OK, cashflow=OK, dividends=OK
2026-10-02 08:12:57,011 [INFO] [TIME] 7791 ドリームベッド 処理時間: 1.11s
2026-10-02 08:12:58,577 [DEBUG] [TIME] 7792 info: 0.22s
2026-10-02 08:12:58,577 [DEBUG] yfinance OK: 7792
2026-10-02 08:12:58,750 [DEBUG] [TIME] 7792 income_stmt: 0.17s
2026-10-02 08:12:59,076 [DEBUG] [TIME] 7792 balance_sheet: 0.33s
2026-10-02 08:12:59,271 [DEBUG] [TIME] 7792 cashflow: 0.19s
2026-10-02 08:12:59,483 [DEBUG] [TIME] 7792 dividends: 0.21s
2026-10-02 08:12:59,484 [INFO] [DETAIL] 7792 コラントッテ: income_stmt=OK, balance_sheet=OK, cashflow=OK, dividends=OK
2026-10-02 08:12:59,485 [INFO] [TIME] 7792 コラントッテ 処理時間: 1.13s
2026-10-02 08:13:01,614 [DEBUG] [TIME] 7793 info: 0.23s
2026-10-02 08:13:01,615 [DEBUG] yfinance OK: 7793
2026-10-02 08:13:01,799 [DEBUG] [TIME] 7793 income_stmt: 0.18s
2026-10-02 08:13:01,990 [DEBUG] [TIME] 7793 balance_sheet: 0.19s
2026-10-02 08:13:02,173 [DEBUG] [TIME] 7793 cashflow: 0.18s
2026-10-02 08:13:02,401 [DEBUG] [TIME] 7793 dividends: 0.23s
2026-10-02 08:13:02,402 [INFO] [DETAIL] 7793 イメージ・マジック: income_stmt=OK, balance_sheet=OK, cashflow=OK, dividends=OK
2026-10-02 08:13:02,402 [INFO] [TIME] 7793 イメージ・マジック 処理時間: 1.01s
2026-10-02 08:13:04,084 [DEBUG] [TIME] 7794 info: 0.23s
2026-10-02 08:13:04,085 [DEBUG] yfinance OK: 7794
2026-10-02 08:13:04,285 [DEBUG] [TIME] 7794 income_stmt: 0.20s
2026-10-02 08:13:04,542 [DEBUG] [TIME] 7794 balance_sheet: 0.26s
2026-10-02 08:13:04,758 [DEBUG] [TIME] 7794 cashflow: 0.22s
2026-10-02 08:13:04,977 [DEBUG] [TIME] 7794 dividends: 0.22s
2026-10-02 08:13:04,977 [INFO] [DETAIL] 7794 イーディーピー: income_stmt=OK, balance_sheet=OK, cashflow=OK, dividends=EMPTY
2026-10-02 08:13:04,977 [INFO] [TIME] 7794 イーディーピー 処理時間: 1.12s
2026-10-02 08:13:06,787 [DEBUG] [TIME] 7795 info: 0.22s
2026-10-02 08:13:06,787 [DEBUG] yfinance OK: 7795
2026-10-02 08:13:07,024 [DEBUG] [TIME] 7795 income_stmt: 0.24s
2026-10-02 08:13:07,321 [DEBUG] [TIME] 7795 balance_sheet: 0.30s
2026-10-02 08:13:07,573 [DEBUG] [TIME] 7795 cashflow: 0.25s
2026-10-02 08:13:07,785 [DEBUG] [TIME] 7795 dividends: 0.21s
2026-10-02 08:13:07,786 [INFO] [DETAIL] 7795 ＫＹＯＲＩＴＳＵ: income_stmt=OK, balance_sheet=OK, cashflow=OK, dividends=OK
2026-10-02 08:13:07,786 [INFO] [TIME] 7795 ＫＹＯＲＩＴＳＵ 処理時間: 1.22s
2026-10-02 08:13:09,219 [DEBUG] [TIME] 7800 info: 0.22s
2026-10-02 08:13:09,219 [DEBUG] yfinance OK: 7800
2026-10-02 08:13:09,446 [DEBUG] [TIME] 7800 income_stmt: 0.23s
2026-10-02 08:13:09,706 [DEBUG] [TIME] 7800 balance_sheet: 0.26s
2026-10-02 08:13:09,982 [DEBUG] [TIME] 7800 cashflow: 0.28s
2026-10-02 08:13:10,231 [DEBUG] [TIME] 7800 dividends: 0.25s
2026-10-02 08:13:10,232 [INFO] [DETAIL] 7800 アミファ: income_stmt=OK, balance_sheet=OK, cashflow=OK, dividends=OK
2026-10-02 08:13:10,232 [INFO] [TIME] 7800 アミファ 処理時間: 1.24s
2026-10-02 08:13:12,282 [DEBUG] [TIME] 7803 info: 0.22s
2026-10-02 08:13:12,282 [DEBUG] yfinance OK: 7803
2026-10-02 08:13:12,551 [DEBUG] [TIME] 7803 income_stmt: 0.27s
2026-10-02 08:13:12,740 [DEBUG] [TIME] 7803 balance_sheet: 0.19s
2026-10-02 08:13:12,990 [DEBUG] [TIME] 7803 cashflow: 0.25s
2026-10-02 08:13:13,235 [DEBUG] [TIME] 7803 dividends: 0.24s
2026-10-02 08:13:13,236 [INFO] [DETAIL] 7803 ブシロード: income_stmt=OK, balance_sheet=OK, cashflow=OK, dividends=OK
2026-10-02 08:13:13,236 [INFO] [TIME] 7803 ブシロード 処理時間: 1.17s
2026-10-02 08:13:15,077 [DEBUG] [TIME] 7804 info: 0.22s
2026-10-02 08:13:15,077 [DEBUG] yfinance OK: 7804
2026-10-02 08:13:15,287 [DEBUG] [TIME] 7804 income_stmt: 0.21s
2026-10-02 08:13:15,535 [DEBUG] [TIME] 7804 balance_sheet: 0.25s
2026-10-02 08:13:15,697 [DEBUG] [TIME] 7804 cashflow: 0.16s
2026-10-02 08:13:15,953 [DEBUG] [TIME] 7804 dividends: 0.25s
2026-10-02 08:13:15,954 [INFO] [DETAIL] 7804 ビーアンドピー: income_stmt=OK, balance_sheet=OK, cashflow=OK, dividends=OK
2026-10-02 08:13:15,954 [INFO] [TIME] 7804 ビーアンドピー 処理時間: 1.10s
2026-10-02 08:13:17,489 [DEBUG] [TIME] 7805 info: 0.26s
2026-10-02 08:13:17,490 [DEBUG] yfinance OK: 7805
2026-10-02 08:13:17,710 [DEBUG] [TIME] 7805 income_stmt: 0.22s
2026-10-02 08:13:17,974 [DEBUG] [TIME] 7805 balance_sheet: 0.26s
2026-10-02 08:13:18,193 [DEBUG] [TIME] 7805 cashflow: 0.22s
2026-10-02 08:13:18,415 [DEBUG] [TIME] 7805 dividends: 0.22s
2026-10-02 08:13:18,416 [INFO] [DETAIL] 7805 プリントネット: income_stmt=OK, balance_sheet=OK, cashflow=OK, dividends=OK
2026-10-02 08:13:18,416 [INFO] [TIME] 7805 プリントネット 処理時間: 1.19s
2026-10-02 08:13:20,399 [DEBUG] [TIME] 7806 info: 0.22s
2026-10-02 08:13:20,399 [DEBUG] yfinance OK: 7806
2026-10-02 08:13:20,663 [DEBUG] [TIME] 7806 income_stmt: 0.26s
2026-10-02 08:13:20,940 [DEBUG] [TIME] 7806 balance_sheet: 0.28s
2026-10-02 08:13:21,177 [DEBUG] [TIME] 7806 cashflow: 0.24s
2026-10-02 08:13:21,405 [DEBUG] [TIME] 7806 dividends: 0.23s
2026-10-02 08:13:21,406 [INFO] [DETAIL] 7806 ＭＴＧ: income_stmt=OK, balance_sheet=OK, cashflow=OK, dividends=OK
2026-10-02 08:13:21,406 [INFO] [TIME] 7806 ＭＴＧ 処理時間: 1.23s
2026-10-02 08:13:22,994 [DEBUG] [TIME] 7807 info: 0.22s
2026-10-02 08:13:22,994 [DEBUG] yfinance OK: 7807
2026-10-02 08:13:23,228 [DEBUG] [TIME] 7807 income_stmt: 0.23s
2026-10-02 08:13:23,620 [DEBUG] [TIME] 7807 balance_sheet: 0.39s
2026-10-02 08:13:23,770 [DEBUG] [TIME] 7807 cashflow: 0.15s
2026-10-02 08:13:24,002 [DEBUG] [TIME] 7807 dividends: 0.23s
2026-10-02 08:13:24,004 [INFO] [DETAIL] 7807 幸和製作所: income_stmt=OK, balance_sheet=OK, cashflow=OK, dividends=OK
2026-10-02 08:13:24,004 [INFO] [TIME] 7807 幸和製作所 処理時間: 1.23s
2026-10-02 08:13:25,499 [DEBUG] [TIME] 7808 info: 0.28s
2026-10-02 08:13:25,499 [DEBUG] yfinance OK: 7808
2026-10-02 08:13:25,748 [DEBUG] [TIME] 7808 income_stmt: 0.25s
2026-10-02 08:13:25,957 [DEBUG] [TIME] 7808 balance_sheet: 0.21s
2026-10-02 08:13:26,147 [DEBUG] [TIME] 7808 cashflow: 0.19s
2026-10-02 08:13:26,384 [DEBUG] [TIME] 7808 dividends: 0.24s
2026-10-02 08:13:26,385 [INFO] [DETAIL] 7808 シー・エス・ランバー: income_stmt=OK, balance_sheet=OK, cashflow=OK, dividends=OK
2026-10-02 08:13:26,385 [INFO] [TIME] 7808 シー・エス・ランバー 処理時間: 1.17s
2026-10-02 08:13:28,089 [DEBUG] [TIME] 7809 info: 0.22s
2026-10-02 08:13:28,089 [DEBUG] yfinance OK: 7809
2026-10-02 08:13:28,309 [DEBUG] [TIME] 7809 income_stmt: 0.22s
2026-10-02 08:13:28,541 [DEBUG] [TIME] 7809 balance_sheet: 0.23s
2026-10-02 08:13:28,745 [DEBUG] [TIME] 7809 cashflow: 0.20s
2026-10-02 08:13:29,000 [DEBUG] [TIME] 7809 dividends: 0.25s
2026-10-02 08:13:29,001 [INFO] [DETAIL] 7809 壽屋: income_stmt=OK, balance_sheet=OK, cashflow=OK, dividends=OK
2026-10-02 08:13:29,001 [INFO] [TIME] 7809 壽屋 処理時間: 1.13s
2026-10-02 08:13:30,696 [DEBUG] [TIME] 7810 info: 0.22s
2026-10-02 08:13:30,696 [DEBUG] yfinance OK: 7810
2026-10-02 08:13:30,968 [DEBUG] [TIME] 7810 income_stmt: 0.27s
2026-10-02 08:13:31,156 [DEBUG] [TIME] 7810 balance_sheet: 0.19s
2026-10-02 08:13:31,404 [DEBUG] [TIME] 7810 cashflow: 0.25s
2026-10-02 08:13:31,656 [DEBUG] [TIME] 7810 dividends: 0.25s
2026-10-02 08:13:31,657 [INFO] [DETAIL] 7810 クロスフォー: income_stmt=OK, balance_sheet=OK, cashflow=OK, dividends=OK
2026-10-02 08:13:31,657 [INFO] [TIME] 7810 クロスフォー 処理時間: 1.19s
2026-10-02 08:13:33,003 [DEBUG] [TIME] 7811 info: 0.22s
2026-10-02 08:13:33,003 [DEBUG] yfinance OK: 7811
2026-10-02 08:13:33,244 [DEBUG] [TIME] 7811 income_stmt: 0.24s
2026-10-02 08:13:33,477 [DEBUG] [TIME] 7811 balance_sheet: 0.23s
2026-10-02 08:13:33,747 [DEBUG] [TIME] 7811 cashflow: 0.27s
2026-10-02 08:13:34,020 [DEBUG] [TIME] 7811 dividends: 0.27s
2026-10-02 08:13:34,021 [INFO] [DETAIL] 7811 中本パックス: income_stmt=OK, balance_sheet=OK, cashflow=OK, dividends=OK
2026-10-02 08:13:34,021 [INFO] [TIME] 7811 中本パックス 処理時間: 1.24s
2026-10-02 08:13:35,726 [DEBUG] [TIME] 7812 info: 0.27s
2026-10-02 08:13:35,726 [DEBUG] yfinance OK: 7812
2026-10-02 08:13:35,938 [DEBUG] [TIME] 7812 income_stmt: 0.21s
2026-10-02 08:13:36,147 [DEBUG] [TIME] 7812 balance_sheet: 0.21s
2026-10-02 08:13:36,315 [DEBUG] [TIME] 7812 cashflow: 0.17s
2026-10-02 08:13:36,601 [DEBUG] [TIME] 7812 dividends: 0.29s
2026-10-02 08:13:36,602 [INFO] [DETAIL] 7812 クレステック: income_stmt=OK, balance_sheet=OK, cashflow=OK, dividends=OK
2026-10-02 08:13:36,602 [INFO] [TIME] 7812 クレステック 処理時間: 1.15s
2026-10-02 08:13:37,978 [DEBUG] [TIME] 7813 info: 0.22s
2026-10-02 08:13:37,978 [DEBUG] yfinance OK: 7813
2026-10-02 08:13:38,223 [DEBUG] [TIME] 7813 income_stmt: 0.24s
2026-10-02 08:13:38,489 [DEBUG] [TIME] 7813 balance_sheet: 0.27s
2026-10-02 08:13:38,708 [DEBUG] [TIME] 7813 cashflow: 0.22s
2026-10-02 08:13:38,975 [DEBUG] [TIME] 7813 dividends: 0.27s
2026-10-02 08:13:38,976 [INFO] [DETAIL] 7813 プラッツ: income_stmt=OK, balance_sheet=OK, cashflow=OK, dividends=OK
2026-10-02 08:13:38,977 [INFO] [TIME] 7813 プラッツ 処理時間: 1.22s
2026-10-02 08:13:40,537 [DEBUG] [TIME] 7814 info: 0.45s
2026-10-02 08:13:40,537 [DEBUG] yfinance OK: 7814
2026-10-02 08:13:40,732 [DEBUG] [TIME] 7814 income_stmt: 0.19s
2026-10-02 08:13:40,957 [DEBUG] [TIME] 7814 balance_sheet: 0.22s
2026-10-02 08:13:41,221 [DEBUG] [TIME] 7814 cashflow: 0.26s
2026-10-02 08:13:41,615 [DEBUG] [TIME] 7814 dividends: 0.39s
2026-10-02 08:13:41,616 [INFO] [DETAIL] 7814 日本創発グループ: income_stmt=OK, balance_sheet=OK, cashflow=OK, dividends=OK
2026-10-02 08:13:41,616 [INFO] [TIME] 7814 日本創発グループ 処理時間: 1.53s
2026-10-02 08:13:43,532 [DEBUG] [TIME] 7815 info: 0.23s
2026-10-02 08:13:43,532 [DEBUG] yfinance OK: 7815
2026-10-02 08:13:43,770 [DEBUG] [TIME] 7815 income_stmt: 0.24s
2026-10-02 08:13:44,004 [DEBUG] [TIME] 7815 balance_sheet: 0.23s
2026-10-02 08:13:44,201 [DEBUG] [TIME] 7815 cashflow: 0.20s
2026-10-02 08:13:44,451 [DEBUG] [TIME] 7815 dividends: 0.25s
2026-10-02 08:13:44,451 [INFO] [DETAIL] 7815 東京ボード工業: income_stmt=OK, balance_sheet=OK, cashflow=OK, dividends=OK
2026-10-02 08:13:44,452 [INFO] [TIME] 7815 東京ボード工業 処理時間: 1.15s
2026-10-02 08:13:46,355 [DEBUG] [TIME] 7818 info: 0.22s
2026-10-02 08:13:46,355 [DEBUG] yfinance OK: 7818
2026-10-02 08:13:46,616 [DEBUG] [TIME] 7818 income_stmt: 0.26s
2026-10-02 08:13:46,849 [DEBUG] [TIME] 7818 balance_sheet: 0.23s
2026-10-02 08:13:47,119 [DEBUG] [TIME] 7818 cashflow: 0.27s
2026-10-02 08:13:47,415 [DEBUG] [TIME] 7818 dividends: 0.30s
2026-10-02 08:13:47,416 [INFO] [DETAIL] 7818 トランザクション: income_stmt=OK, balance_sheet=OK, cashflow=OK, dividends=OK
2026-10-02 08:13:47,416 [INFO] [TIME] 7818 トランザクション 処理時間: 1.29s
2026-10-02 08:13:49,006 [DEBUG] [TIME] 7819 info: 0.22s
2026-10-02 08:13:49,006 [DEBUG] yfinance OK: 7819
2026-10-02 08:13:49,219 [DEBUG] [TIME] 7819 income_stmt: 0.21s
2026-10-02 08:13:49,461 [DEBUG] [TIME] 7819 balance_sheet: 0.24s
2026-10-02 08:13:49,659 [DEBUG] [TIME] 7819 cashflow: 0.20s
2026-10-02 08:13:49,987 [DEBUG] [TIME] 7819 dividends: 0.33s
2026-10-02 08:13:49,988 [INFO] [DETAIL] 7819 粧美堂: income_stmt=OK, balance_sheet=OK, cashflow=OK, dividends=OK
2026-10-02 08:13:49,988 [INFO] [TIME] 7819 粧美堂 処理時間: 1.20s
2026-10-02 08:13:52,072 [DEBUG] [TIME] 7820 info: 0.22s
2026-10-02 08:13:52,072 [DEBUG] yfinance OK: 7820
2026-10-02 08:13:52,303 [DEBUG] [TIME] 7820 income_stmt: 0.23s
2026-10-02 08:13:52,548 [DEBUG] [TIME] 7820 balance_sheet: 0.24s
2026-10-02 08:13:52,785 [DEBUG] [TIME] 7820 cashflow: 0.24s
2026-10-02 08:13:53,098 [DEBUG] [TIME] 7820 dividends: 0.31s
2026-10-02 08:13:53,099 [INFO] [DETAIL] 7820 ニホンフラッシュ: income_stmt=OK, balance_sheet=OK, cashflow=OK, dividends=OK
2026-10-02 08:13:53,099 [INFO] [TIME] 7820 ニホンフラッシュ 処理時間: 1.25s
2026-10-02 08:13:55,049 [DEBUG] [TIME] 7821 info: 0.22s
2026-10-02 08:13:55,050 [DEBUG] yfinance OK: 7821
2026-10-02 08:13:55,216 [DEBUG] [TIME] 7821 income_stmt: 0.17s
2026-10-02 08:13:55,499 [DEBUG] [TIME] 7821 balance_sheet: 0.28s
2026-10-02 08:13:55,639 [DEBUG] [TIME] 7821 cashflow: 0.14s
2026-10-02 08:13:55,974 [DEBUG] [TIME] 7821 dividends: 0.33s
2026-10-02 08:13:55,974 [INFO] [DETAIL] 7821 前田工繊: income_stmt=OK, balance_sheet=OK, cashflow=OK, dividends=OK
2026-10-02 08:13:55,975 [INFO] [TIME] 7821 前田工繊 処理時間: 1.15s
2026-10-02 08:13:57,361 [DEBUG] [TIME] 7822 info: 0.23s
2026-10-02 08:13:57,361 [DEBUG] yfinance OK: 7822
2026-10-02 08:13:57,649 [DEBUG] [TIME] 7822 income_stmt: 0.29s
2026-10-02 08:13:57,856 [DEBUG] [TIME] 7822 balance_sheet: 0.21s
2026-10-02 08:13:58,040 [DEBUG] [TIME] 7822 cashflow: 0.18s
2026-10-02 08:13:58,341 [DEBUG] [TIME] 7822 dividends: 0.30s
2026-10-02 08:13:58,342 [INFO] [DETAIL] 7822 永大産業: income_stmt=OK, balance_sheet=OK, cashflow=OK, dividends=OK
2026-10-02 08:13:58,342 [INFO] [TIME] 7822 永大産業 処理時間: 1.21s
2026-10-02 08:14:00,225 [DEBUG] [TIME] 7823 info: 0.22s
2026-10-02 08:14:00,225 [DEBUG] yfinance OK: 7823
2026-10-02 08:14:00,397 [DEBUG] [TIME] 7823 income_stmt: 0.17s
2026-10-02 08:14:00,655 [DEBUG] [TIME] 7823 balance_sheet: 0.26s
2026-10-02 08:14:00,846 [DEBUG] [TIME] 7823 cashflow: 0.19s
2026-10-02 08:14:01,213 [DEBUG] [TIME] 7823 dividends: 0.37s
2026-10-02 08:14:01,214 [INFO] [DETAIL] 7823 アートネイチャー: income_stmt=OK, balance_sheet=OK, cashflow=OK, dividends=OK
2026-10-02 08:14:01,214 [INFO] [TIME] 7823 アートネイチャー 処理時間: 1.21s
2026-10-02 08:14:03,217 [DEBUG] [TIME] 7826 info: 0.22s
2026-10-02 08:14:03,217 [DEBUG] yfinance OK: 7826
2026-10-02 08:14:03,433 [DEBUG] [TIME] 7826 income_stmt: 0.22s
2026-10-02 08:14:03,639 [DEBUG] [TIME] 7826 balance_sheet: 0.21s
2026-10-02 08:14:03,768 [DEBUG] [TIME] 7826 cashflow: 0.13s
2026-10-02 08:14:04,174 [DEBUG] [TIME] 7826 dividends: 0.41s
2026-10-02 08:14:04,175 [INFO] [DETAIL] 7826 フルヤ金属: income_stmt=OK, balance_sheet=OK, cashflow=OK, dividends=OK
2026-10-02 08:14:04,175 [INFO] [TIME] 7826 フルヤ金属 処理時間: 1.18s
2026-10-02 08:14:05,540 [DEBUG] [TIME] 7827 info: 0.22s
2026-10-02 08:14:05,540 [DEBUG] yfinance OK: 7827
2026-10-02 08:14:05,822 [DEBUG] [TIME] 7827 income_stmt: 0.28s
2026-10-02 08:14:06,056 [DEBUG] [TIME] 7827 balance_sheet: 0.23s
2026-10-02 08:14:06,304 [DEBUG] [TIME] 7827 cashflow: 0.25s
2026-10-02 08:14:06,646 [DEBUG] [TIME] 7827 dividends: 0.34s
2026-10-02 08:14:06,647 [INFO] [DETAIL] 7827 オービス: income_stmt=OK, balance_sheet=OK, cashflow=OK, dividends=OK
2026-10-02 08:14:06,647 [INFO] [TIME] 7827 オービス 処理時間: 1.32s
2026-10-02 08:14:08,345 [DEBUG] [TIME] 7831 info: 0.22s
2026-10-02 08:14:08,345 [DEBUG] yfinance OK: 7831
2026-10-02 08:14:08,565 [DEBUG] [TIME] 7831 income_stmt: 0.22s
2026-10-02 08:14:08,870 [DEBUG] [TIME] 7831 balance_sheet: 0.30s
2026-10-02 08:14:09,146 [DEBUG] [TIME] 7831 cashflow: 0.27s
2026-10-02 08:14:09,494 [DEBUG] [TIME] 7831 dividends: 0.35s
2026-10-02 08:14:09,494 [INFO] [DETAIL] 7831 ウイルコホールディングス: income_stmt=OK, balance_sheet=OK, cashflow=OK, dividends=OK
2026-10-02 08:14:09,494 [INFO] [TIME] 7831 ウイルコホールディングス 処理時間: 1.37s
2026-10-02 08:14:11,625 [DEBUG] [TIME] 7832 info: 0.22s
2026-10-02 08:14:11,625 [DEBUG] yfinance OK: 7832
2026-10-02 08:14:11,819 [DEBUG] [TIME] 7832 income_stmt: 0.19s
2026-10-02 08:14:12,051 [DEBUG] [TIME] 7832 balance_sheet: 0.23s
2026-10-02 08:14:12,364 [DEBUG] [TIME] 7832 cashflow: 0.31s
2026-10-02 08:14:12,712 [DEBUG] [TIME] 7832 dividends: 0.35s
2026-10-02 08:14:12,713 [INFO] [DETAIL] 7832 バンダイナムコホールディングス: income_stmt=OK, balance_sheet=OK, cashflow=OK, dividends=OK
2026-10-02 08:14:12,713 [INFO] [TIME] 7832 バンダイナムコホールディングス 処理時間: 1.31s
2026-10-02 08:14:14,800 [DEBUG] [TIME] 7833 info: 0.23s
2026-10-02 08:14:14,801 [DEBUG] yfinance OK: 7833
2026-10-02 08:14:14,962 [DEBUG] [TIME] 7833 income_stmt: 0.16s
2026-10-02 08:14:15,143 [DEBUG] [TIME] 7833 balance_sheet: 0.18s
2026-10-02 08:14:15,318 [DEBUG] [TIME] 7833 cashflow: 0.17s
2026-10-02 08:14:15,658 [DEBUG] [TIME] 7833 dividends: 0.34s
2026-10-02 08:14:15,659 [INFO] [DETAIL] 7833 アイフィスジャパン: income_stmt=OK, balance_sheet=OK, cashflow=OK, dividends=OK
2026-10-02 08:14:15,659 [INFO] [TIME] 7833 アイフィスジャパン 処理時間: 1.09s
2026-10-02 08:14:17,196 [DEBUG] [TIME] 7836 info: 0.22s
2026-10-02 08:14:17,196 [DEBUG] yfinance OK: 7836
2026-10-02 08:14:17,418 [DEBUG] [TIME] 7836 income_stmt: 0.22s
2026-10-02 08:14:17,725 [DEBUG] [TIME] 7836 balance_sheet: 0.31s
2026-10-02 08:14:17,987 [DEBUG] [TIME] 7836 cashflow: 0.26s
2026-10-02 08:14:18,268 [DEBUG] [TIME] 7836 dividends: 0.28s
2026-10-02 08:14:18,268 [INFO] [DETAIL] 7836 アビックス: income_stmt=OK, balance_sheet=OK, cashflow=OK, dividends=EMPTY
2026-10-02 08:14:18,268 [INFO] [TIME] 7836 アビックス 処理時間: 1.30s
2026-10-02 08:14:20,025 [DEBUG] [TIME] 7837 info: 0.22s
2026-10-02 08:14:20,026 [DEBUG] yfinance OK: 7837
2026-10-02 08:14:20,263 [DEBUG] [TIME] 7837 income_stmt: 0.24s
2026-10-02 08:14:20,548 [DEBUG] [TIME] 7837 balance_sheet: 0.28s
2026-10-02 08:14:20,761 [DEBUG] [TIME] 7837 cashflow: 0.21s
2026-10-02 08:14:21,072 [DEBUG] [TIME] 7837 dividends: 0.31s
2026-10-02 08:14:21,073 [INFO] [DETAIL] 7837 アールシーコア: income_stmt=OK, balance_sheet=OK, cashflow=OK, dividends=OK
2026-10-02 08:14:21,073 [INFO] [TIME] 7837 アールシーコア 処理時間: 1.27s
2026-10-02 08:14:23,296 [DEBUG] [TIME] 7839 info: 0.22s
2026-10-02 08:14:23,296 [DEBUG] yfinance OK: 7839
2026-10-02 08:14:23,541 [DEBUG] [TIME] 7839 income_stmt: 0.24s
2026-10-02 08:14:23,738 [DEBUG] [TIME] 7839 balance_sheet: 0.20s
2026-10-02 08:14:23,912 [DEBUG] [TIME] 7839 cashflow: 0.17s
2026-10-02 08:14:24,369 [DEBUG] [TIME] 7839 dividends: 0.46s
2026-10-02 08:14:24,370 [INFO] [DETAIL] 7839 ＳＨＯＥＩ: income_stmt=OK, balance_sheet=OK, cashflow=OK, dividends=OK
2026-10-02 08:14:24,370 [INFO] [TIME] 7839 ＳＨＯＥＩ 処理時間: 1.30s
2026-10-02 08:14:26,250 [DEBUG] [TIME] 7840 info: 0.22s
2026-10-02 08:14:26,250 [DEBUG] yfinance OK: 7840
2026-10-02 08:14:26,445 [DEBUG] [TIME] 7840 income_stmt: 0.19s
2026-10-02 08:14:26,658 [DEBUG] [TIME] 7840 balance_sheet: 0.21s
2026-10-02 08:14:26,866 [DEBUG] [TIME] 7840 cashflow: 0.21s
2026-10-02 08:14:27,259 [DEBUG] [TIME] 7840 dividends: 0.39s
2026-10-02 08:14:27,260 [INFO] [DETAIL] 7840 フランスベッドホールディングス: income_stmt=OK, balance_sheet=OK, cashflow=OK, dividends=OK
2026-10-02 08:14:27,260 [INFO] [TIME] 7840 フランスベッドホールディングス 処理時間: 1.23s
2026-10-02 08:14:29,260 [DEBUG] [TIME] 7841 info: 0.23s
2026-10-02 08:14:29,260 [DEBUG] yfinance OK: 7841
2026-10-02 08:14:29,443 [DEBUG] [TIME] 7841 income_stmt: 0.18s
2026-10-02 08:14:29,747 [DEBUG] [TIME] 7841 balance_sheet: 0.30s
2026-10-02 08:14:29,962 [DEBUG] [TIME] 7841 cashflow: 0.21s
2026-10-02 08:14:30,285 [DEBUG] [TIME] 7841 dividends: 0.32s
2026-10-02 08:14:30,286 [INFO] [DETAIL] 7841 遠藤製作所: income_stmt=OK, balance_sheet=OK, cashflow=OK, dividends=OK
2026-10-02 08:14:30,286 [INFO] [TIME] 7841 遠藤製作所 処理時間: 1.25s
2026-10-02 08:14:32,317 [DEBUG] [TIME] 7844 info: 0.23s
2026-10-02 08:14:32,317 [DEBUG] yfinance OK: 7844
2026-10-02 08:14:32,518 [DEBUG] [TIME] 7844 income_stmt: 0.20s
2026-10-02 08:14:32,728 [DEBUG] [TIME] 7844 balance_sheet: 0.21s
2026-10-02 08:14:32,903 [DEBUG] [TIME] 7844 cashflow: 0.17s
2026-10-02 08:14:33,240 [DEBUG] [TIME] 7844 dividends: 0.34s
2026-10-02 08:14:33,241 [INFO] [DETAIL] 7844 マーベラス: income_stmt=OK, balance_sheet=OK, cashflow=OK, dividends=OK
2026-10-02 08:14:33,241 [INFO] [TIME] 7844 マーベラス 処理時間: 1.15s
2026-10-02 08:14:34,984 [DEBUG] [TIME] 7846 info: 0.23s
2026-10-02 08:14:34,984 [DEBUG] yfinance OK: 7846
2026-10-02 08:14:35,246 [DEBUG] [TIME] 7846 income_stmt: 0.26s
2026-10-02 08:14:35,438 [DEBUG] [TIME] 7846 balance_sheet: 0.19s
2026-10-02 08:14:35,672 [DEBUG] [TIME] 7846 cashflow: 0.23s
2026-10-02 08:14:36,077 [DEBUG] [TIME] 7846 dividends: 0.40s
2026-10-02 08:14:36,078 [INFO] [DETAIL] 7846 パイロットコーポレーション: income_stmt=OK, balance_sheet=OK, cashflow=OK, dividends=OK
2026-10-02 08:14:36,078 [INFO] [TIME] 7846 パイロットコーポレーション 処理時間: 1.32s
2026-10-02 08:14:37,499 [DEBUG] [TIME] 7847 info: 0.23s
2026-10-02 08:14:37,499 [DEBUG] yfinance OK: 7847
2026-10-02 08:14:37,740 [DEBUG] [TIME] 7847 income_stmt: 0.24s
2026-10-02 08:14:38,060 [DEBUG] [TIME] 7847 balance_sheet: 0.32s
2026-10-02 08:14:38,365 [DEBUG] [TIME] 7847 cashflow: 0.30s
2026-10-02 08:14:38,736 [DEBUG] [TIME] 7847 dividends: 0.37s
2026-10-02 08:14:38,737 [INFO] [DETAIL] 7847 グラファイトデザイン: income_stmt=OK, balance_sheet=OK, cashflow=OK, dividends=OK
2026-10-02 08:14:38,737 [INFO] [TIME] 7847 グラファイトデザイン 処理時間: 1.47s
2026-10-02 08:14:41,009 [DEBUG] [TIME] 7849 info: 0.28s
2026-10-02 08:14:41,009 [DEBUG] yfinance OK: 7849
2026-10-02 08:14:41,250 [DEBUG] [TIME] 7849 income_stmt: 0.24s
2026-10-02 08:14:41,547 [DEBUG] [TIME] 7849 balance_sheet: 0.30s
2026-10-02 08:14:41,774 [DEBUG] [TIME] 7849 cashflow: 0.23s
2026-10-02 08:14:42,144 [DEBUG] [TIME] 7849 dividends: 0.37s
2026-10-02 08:14:42,145 [INFO] [DETAIL] 7849 スターツ出版: income_stmt=OK, balance_sheet=OK, cashflow=OK, dividends=OK
2026-10-02 08:14:42,145 [INFO] [TIME] 7849 スターツ出版 処理時間: 1.42s
2026-10-02 08:14:43,453 [DEBUG] [TIME] 7850 info: 0.23s
2026-10-02 08:14:43,453 [DEBUG] yfinance OK: 7850
2026-10-02 08:14:43,654 [DEBUG] [TIME] 7850 income_stmt: 0.20s
2026-10-02 08:14:43,886 [DEBUG] [TIME] 7850 balance_sheet: 0.23s
2026-10-02 08:14:44,053 [DEBUG] [TIME] 7850 cashflow: 0.17s
2026-10-02 08:14:44,421 [DEBUG] [TIME] 7850 dividends: 0.37s
2026-10-02 08:14:44,422 [INFO] [DETAIL] 7850 総合商研: income_stmt=OK, balance_sheet=OK, cashflow=OK, dividends=OK
2026-10-02 08:14:44,422 [INFO] [TIME] 7850 総合商研 処理時間: 1.20s
2026-10-02 08:14:45,746 [DEBUG] [TIME] 7851 info: 0.23s
2026-10-02 08:14:45,746 [DEBUG] yfinance OK: 7851
2026-10-02 08:14:45,964 [DEBUG] [TIME] 7851 income_stmt: 0.22s
2026-10-02 08:14:46,168 [DEBUG] [TIME] 7851 balance_sheet: 0.20s
2026-10-02 08:14:46,308 [DEBUG] [TIME] 7851 cashflow: 0.14s
2026-10-02 08:14:46,514 [DEBUG] [TIME] 7851 dividends: 0.21s
2026-10-02 08:14:46,514 [INFO] [DETAIL] 7851 カワセコンピュータサプライ: income_stmt=OK, balance_sheet=OK, cashflow=OK, dividends=EMPTY
2026-10-02 08:14:46,514 [INFO] [TIME] 7851 カワセコンピュータサプライ 処理時間: 0.99s
2026-10-02 08:14:48,349 [DEBUG] [TIME] 7856 info: 0.23s
2026-10-02 08:14:48,349 [DEBUG] yfinance OK: 7856
2026-10-02 08:14:48,637 [DEBUG] [TIME] 7856 income_stmt: 0.29s
2026-10-02 08:14:48,947 [DEBUG] [TIME] 7856 balance_sheet: 0.31s
2026-10-02 08:14:49,184 [DEBUG] [TIME] 7856 cashflow: 0.24s
2026-10-02 08:14:49,525 [DEBUG] [TIME] 7856 dividends: 0.34s
2026-10-02 08:14:49,526 [INFO] [DETAIL] 7856 萩原工業: income_stmt=OK, balance_sheet=OK, cashflow=OK, dividends=OK
2026-10-02 08:14:49,526 [INFO] [TIME] 7856 萩原工業 処理時間: 1.40s
2026-10-02 08:14:51,663 [DEBUG] [TIME] 7857 info: 0.22s
2026-10-02 08:14:51,663 [DEBUG] yfinance OK: 7857
2026-10-02 08:14:51,858 [DEBUG] [TIME] 7857 income_stmt: 0.19s
2026-10-02 08:14:52,168 [DEBUG] [TIME] 7857 balance_sheet: 0.31s
2026-10-02 08:14:52,428 [DEBUG] [TIME] 7857 cashflow: 0.26s
2026-10-02 08:14:52,764 [DEBUG] [TIME] 7857 dividends: 0.34s
2026-10-02 08:14:52,765 [INFO] [DETAIL] 7857 セキ: income_stmt=OK, balance_sheet=OK, cashflow=OK, dividends=OK
2026-10-02 08:14:52,765 [INFO] [TIME] 7857 セキ 処理時間: 1.32s
2026-10-02 08:14:54,779 [DEBUG] [TIME] 7859 info: 0.22s
2026-10-02 08:14:54,779 [DEBUG] yfinance OK: 7859
2026-10-02 08:14:54,985 [DEBUG] [TIME] 7859 income_stmt: 0.21s
2026-10-02 08:14:55,249 [DEBUG] [TIME] 7859 balance_sheet: 0.26s
2026-10-02 08:14:55,426 [DEBUG] [TIME] 7859 cashflow: 0.18s
2026-10-02 08:14:55,798 [DEBUG] [TIME] 7859 dividends: 0.37s
2026-10-02 08:14:55,799 [INFO] [DETAIL] 7859 アルメディオ: income_stmt=OK, balance_sheet=OK, cashflow=OK, dividends=OK
2026-10-02 08:14:55,799 [INFO] [TIME] 7859 アルメディオ 処理時間: 1.24s
2026-10-02 08:14:57,653 [DEBUG] [TIME] 7860 info: 0.22s
2026-10-02 08:14:57,653 [DEBUG] yfinance OK: 7860
2026-10-02 08:14:57,929 [DEBUG] [TIME] 7860 income_stmt: 0.28s
2026-10-02 08:14:58,222 [DEBUG] [TIME] 7860 balance_sheet: 0.29s
2026-10-02 08:14:58,462 [DEBUG] [TIME] 7860 cashflow: 0.24s
2026-10-02 08:14:58,821 [DEBUG] [TIME] 7860 dividends: 0.36s
2026-10-02 08:14:58,822 [INFO] [DETAIL] 7860 エイベックス: income_stmt=OK, balance_sheet=OK, cashflow=OK, dividends=OK
2026-10-02 08:14:58,822 [INFO] [TIME] 7860 エイベックス 処理時間: 1.39s
2026-10-02 08:15:00,701 [DEBUG] [TIME] 7863 info: 0.22s
2026-10-02 08:15:00,701 [DEBUG] yfinance OK: 7863
2026-10-02 08:15:00,886 [DEBUG] [TIME] 7863 income_stmt: 0.18s
2026-10-02 08:15:01,172 [DEBUG] [TIME] 7863 balance_sheet: 0.28s
2026-10-02 08:15:01,358 [DEBUG] [TIME] 7863 cashflow: 0.19s
2026-10-02 08:15:01,735 [DEBUG] [TIME] 7863 dividends: 0.38s
2026-10-02 08:15:01,736 [INFO] [DETAIL] 7863 平賀: income_stmt=OK, balance_sheet=OK, cashflow=OK, dividends=OK
2026-10-02 08:15:01,736 [INFO] [TIME] 7863 平賀 処理時間: 1.25s
2026-10-02 08:15:03,896 [DEBUG] [TIME] 7864 info: 0.28s
2026-10-02 08:15:03,896 [DEBUG] yfinance OK: 7864
2026-10-02 08:15:04,056 [DEBUG] [TIME] 7864 income_stmt: 0.16s
2026-10-02 08:15:04,311 [DEBUG] [TIME] 7864 balance_sheet: 0.25s
2026-10-02 08:15:04,460 [DEBUG] [TIME] 7864 cashflow: 0.15s
2026-10-02 08:15:04,821 [DEBUG] [TIME] 7864 dividends: 0.36s
2026-10-02 08:15:04,822 [INFO] [DETAIL] 7864 フジシールインターナショナル: income_stmt=OK, balance_sheet=OK, cashflow=OK, dividends=OK
2026-10-02 08:15:04,822 [INFO] [TIME] 7864 フジシールインターナショナル 処理時間: 1.20s
2026-10-02 08:15:06,270 [DEBUG] [TIME] 7865 info: 0.22s
2026-10-02 08:15:06,270 [DEBUG] yfinance OK: 7865
2026-10-02 08:15:06,508 [DEBUG] [TIME] 7865 income_stmt: 0.24s
2026-10-02 08:15:06,750 [DEBUG] [TIME] 7865 balance_sheet: 0.24s
2026-10-02 08:15:06,939 [DEBUG] [TIME] 7865 cashflow: 0.19s
2026-10-02 08:15:07,319 [DEBUG] [TIME] 7865 dividends: 0.38s
2026-10-02 08:15:07,320 [INFO] [DETAIL] 7865 ピープル: income_stmt=OK, balance_sheet=OK, cashflow=OK, dividends=OK
2026-10-02 08:15:07,320 [INFO] [TIME] 7865 ピープル 処理時間: 1.27s
2026-10-02 08:15:09,127 [DEBUG] [TIME] 7867 info: 0.23s
2026-10-02 08:15:09,127 [DEBUG] yfinance OK: 7867
2026-10-02 08:15:09,320 [DEBUG] [TIME] 7867 income_stmt: 0.19s
2026-10-02 08:15:09,555 [DEBUG] [TIME] 7867 balance_sheet: 0.23s
2026-10-02 08:15:09,812 [DEBUG] [TIME] 7867 cashflow: 0.26s
2026-10-02 08:15:10,193 [DEBUG] [TIME] 7867 dividends: 0.38s
2026-10-02 08:15:10,194 [INFO] [DETAIL] 7867 タカラトミー: income_stmt=OK, balance_sheet=OK, cashflow=OK, dividends=OK
2026-10-02 08:15:10,195 [INFO] [TIME] 7867 タカラトミー 処理時間: 1.30s
2026-10-02 08:15:12,330 [DEBUG] [TIME] 7868 info: 0.26s
2026-10-02 08:15:12,330 [DEBUG] yfinance OK: 7868
2026-10-02 08:15:12,563 [DEBUG] [TIME] 7868 income_stmt: 0.23s
2026-10-02 08:15:12,846 [DEBUG] [TIME] 7868 balance_sheet: 0.28s
2026-10-02 08:15:13,017 [DEBUG] [TIME] 7868 cashflow: 0.17s
2026-10-02 08:15:13,415 [DEBUG] [TIME] 7868 dividends: 0.40s
2026-10-02 08:15:13,416 [INFO] [DETAIL] 7868 広済堂ホールディングス: income_stmt=OK, balance_sheet=OK, cashflow=OK, dividends=OK
2026-10-02 08:15:13,416 [INFO] [TIME] 7868 広済堂ホールディングス 処理時間: 1.35s
2026-10-02 08:15:15,383 [DEBUG] [TIME] 7871 info: 0.23s
2026-10-02 08:15:15,383 [DEBUG] yfinance OK: 7871
2026-10-02 08:15:15,543 [DEBUG] [TIME] 7871 income_stmt: 0.16s
2026-10-02 08:15:15,739 [DEBUG] [TIME] 7871 balance_sheet: 0.19s
2026-10-02 08:15:15,881 [DEBUG] [TIME] 7871 cashflow: 0.14s
2026-10-02 08:15:16,226 [DEBUG] [TIME] 7871 dividends: 0.34s
2026-10-02 08:15:16,227 [INFO] [DETAIL] 7871 フクビ化学工業: income_stmt=OK, balance_sheet=OK, cashflow=OK, dividends=OK
2026-10-02 08:15:16,227 [INFO] [TIME] 7871 フクビ化学工業 処理時間: 1.07s
2026-10-02 08:15:18,095 [DEBUG] [TIME] 7872 info: 0.22s
2026-10-02 08:15:18,095 [DEBUG] yfinance OK: 7872
2026-10-02 08:15:18,328 [DEBUG] [TIME] 7872 income_stmt: 0.23s
2026-10-02 08:15:18,627 [DEBUG] [TIME] 7872 balance_sheet: 0.30s
2026-10-02 08:15:18,859 [DEBUG] [TIME] 7872 cashflow: 0.23s
2026-10-02 08:15:19,200 [DEBUG] [TIME] 7872 dividends: 0.34s
2026-10-02 08:15:19,201 [INFO] [DETAIL] 7872 エステールホールディングス: income_stmt=OK, balance_sheet=OK, cashflow=OK, dividends=OK
2026-10-02 08:15:19,202 [INFO] [TIME] 7872 エステールホールディングス 処理時間: 1.33s
2026-10-02 08:15:20,735 [DEBUG] [TIME] 7874 info: 0.22s
2026-10-02 08:15:20,735 [DEBUG] yfinance OK: 7874
2026-10-02 08:15:20,897 [DEBUG] [TIME] 7874 income_stmt: 0.16s
2026-10-02 08:15:21,141 [DEBUG] [TIME] 7874 balance_sheet: 0.24s
2026-10-02 08:15:21,342 [DEBUG] [TIME] 7874 cashflow: 0.20s
2026-10-02 08:15:21,741 [DEBUG] [TIME] 7874 dividends: 0.40s
2026-10-02 08:15:21,742 [INFO] [DETAIL] 7874 レック: income_stmt=OK, balance_sheet=OK, cashflow=OK, dividends=OK
2026-10-02 08:15:21,742 [INFO] [TIME] 7874 レック 処理時間: 1.23s
2026-10-02 08:15:23,266 [DEBUG] [TIME] 7875 info: 0.22s
2026-10-02 08:15:23,266 [DEBUG] yfinance OK: 7875
2026-10-02 08:15:23,515 [DEBUG] [TIME] 7875 income_stmt: 0.25s
2026-10-02 08:15:23,841 [DEBUG] [TIME] 7875 balance_sheet: 0.33s
2026-10-02 08:15:24,090 [DEBUG] [TIME] 7875 cashflow: 0.25s
2026-10-02 08:15:24,344 [DEBUG] [TIME] 7875 dividends: 0.25s
2026-10-02 08:15:24,345 [INFO] [DETAIL] 7875 竹田ｉＰホールディングス: income_stmt=OK, balance_sheet=OK, cashflow=OK, dividends=OK
2026-10-02 08:15:24,345 [INFO] [TIME] 7875 竹田ｉＰホールディングス 処理時間: 1.30s
2026-10-02 08:15:25,924 [DEBUG] [TIME] 7877 info: 0.29s
2026-10-02 08:15:25,924 [DEBUG] yfinance OK: 7877
2026-10-02 08:15:26,173 [DEBUG] [TIME] 7877 income_stmt: 0.25s
2026-10-02 08:15:26,517 [DEBUG] [TIME] 7877 balance_sheet: 0.34s
2026-10-02 08:15:26,682 [DEBUG] [TIME] 7877 cashflow: 0.16s
2026-10-02 08:15:27,043 [DEBUG] [TIME] 7877 dividends: 0.36s
2026-10-02 08:15:27,044 [INFO] [DETAIL] 7877 永大化工: income_stmt=OK, balance_sheet=OK, cashflow=OK, dividends=OK
2026-10-02 08:15:27,044 [INFO] [TIME] 7877 永大化工 処理時間: 1.41s
2026-10-02 08:15:28,551 [DEBUG] [TIME] 7878 info: 0.22s
2026-10-02 08:15:28,551 [DEBUG] yfinance OK: 7878
2026-10-02 08:15:28,803 [DEBUG] [TIME] 7878 income_stmt: 0.25s
2026-10-02 08:15:29,008 [DEBUG] [TIME] 7878 balance_sheet: 0.20s
2026-10-02 08:15:29,301 [DEBUG] [TIME] 7878 cashflow: 0.29s
2026-10-02 08:15:29,656 [DEBUG] [TIME] 7878 dividends: 0.35s
2026-10-02 08:15:29,657 [INFO] [DETAIL] 7878 光・彩: income_stmt=OK, balance_sheet=OK, cashflow=OK, dividends=OK
2026-10-02 08:15:29,657 [INFO] [TIME] 7878 光・彩 処理時間: 1.33s
2026-10-02 08:15:31,025 [DEBUG] [TIME] 7879 info: 0.22s
2026-10-02 08:15:31,025 [DEBUG] yfinance OK: 7879
2026-10-02 08:15:31,219 [DEBUG] [TIME] 7879 income_stmt: 0.19s
2026-10-02 08:15:31,437 [DEBUG] [TIME] 7879 balance_sheet: 0.22s
2026-10-02 08:15:31,660 [DEBUG] [TIME] 7879 cashflow: 0.22s
2026-10-02 08:15:32,002 [DEBUG] [TIME] 7879 dividends: 0.34s
2026-10-02 08:15:32,003 [INFO] [DETAIL] 7879 ノダ: income_stmt=OK, balance_sheet=OK, cashflow=OK, dividends=OK
2026-10-02 08:15:32,003 [INFO] [TIME] 7879 ノダ 処理時間: 1.20s
2026-10-02 08:15:33,285 [DEBUG] [TIME] 7883 info: 0.22s
2026-10-02 08:15:33,285 [DEBUG] yfinance OK: 7883
2026-10-02 08:15:33,435 [DEBUG] [TIME] 7883 income_stmt: 0.15s
2026-10-02 08:15:33,773 [DEBUG] [TIME] 7883 balance_sheet: 0.34s
2026-10-02 08:15:33,957 [DEBUG] [TIME] 7883 cashflow: 0.18s
2026-10-02 08:15:34,353 [DEBUG] [TIME] 7883 dividends: 0.40s
2026-10-02 08:15:34,354 [INFO] [DETAIL] 7883 サンメッセ: income_stmt=OK, balance_sheet=OK, cashflow=OK, dividends=OK
2026-10-02 08:15:34,354 [INFO] [TIME] 7883 サンメッセ 処理時間: 1.29s
2026-10-02 08:15:35,719 [DEBUG] [TIME] 7885 info: 0.23s
2026-10-02 08:15:35,720 [DEBUG] yfinance OK: 7885
2026-10-02 08:15:35,930 [DEBUG] [TIME] 7885 income_stmt: 0.21s
2026-10-02 08:15:36,238 [DEBUG] [TIME] 7885 balance_sheet: 0.31s
2026-10-02 08:15:36,521 [DEBUG] [TIME] 7885 cashflow: 0.28s
2026-10-02 08:15:36,933 [DEBUG] [TIME] 7885 dividends: 0.41s
2026-10-02 08:15:36,934 [INFO] [DETAIL] 7885 タカノ: income_stmt=OK, balance_sheet=OK, cashflow=OK, dividends=OK
2026-10-02 08:15:36,934 [INFO] [TIME] 7885 タカノ 処理時間: 1.44s
2026-10-02 08:15:38,376 [DEBUG] [TIME] 7886 info: 0.22s
2026-10-02 08:15:38,376 [DEBUG] yfinance OK: 7886
2026-10-02 08:15:38,648 [DEBUG] [TIME] 7886 income_stmt: 0.27s
2026-10-02 08:15:38,973 [DEBUG] [TIME] 7886 balance_sheet: 0.32s
2026-10-02 08:15:39,138 [DEBUG] [TIME] 7886 cashflow: 0.16s
2026-10-02 08:15:39,559 [DEBUG] [TIME] 7886 dividends: 0.42s
2026-10-02 08:15:39,560 [INFO] [DETAIL] 7886 ヤマト　モビリティ　＆　Ｍｆｇ．: income_stmt=OK, balance_sheet=OK, cashflow=OK, dividends=OK
2026-10-02 08:15:39,560 [INFO] [TIME] 7886 ヤマト　モビリティ　＆　Ｍｆｇ． 処理時間: 1.41s
2026-10-02 08:15:41,653 [DEBUG] [TIME] 7887 info: 0.23s
2026-10-02 08:15:41,653 [DEBUG] yfinance OK: 7887
2026-10-02 08:15:41,818 [DEBUG] [TIME] 7887 income_stmt: 0.16s
2026-10-02 08:15:41,975 [DEBUG] [TIME] 7887 balance_sheet: 0.16s
2026-10-02 08:15:42,245 [DEBUG] [TIME] 7887 cashflow: 0.27s
2026-10-02 08:15:42,631 [DEBUG] [TIME] 7887 dividends: 0.39s
2026-10-02 08:15:42,632 [INFO] [DETAIL] 7887 南海プライウッド: income_stmt=OK, balance_sheet=OK, cashflow=OK, dividends=OK
2026-10-02 08:15:42,632 [INFO] [TIME] 7887 南海プライウッド 処理時間: 1.21s
2026-10-02 08:15:43,945 [DEBUG] [TIME] 7888 info: 0.22s
2026-10-02 08:15:43,945 [DEBUG] yfinance OK: 7888
2026-10-02 08:15:44,131 [DEBUG] [TIME] 7888 income_stmt: 0.19s
2026-10-02 08:15:44,344 [DEBUG] [TIME] 7888 balance_sheet: 0.21s
2026-10-02 08:15:44,514 [DEBUG] [TIME] 7888 cashflow: 0.17s
2026-10-02 08:15:44,922 [DEBUG] [TIME] 7888 dividends: 0.41s
2026-10-02 08:15:44,923 [INFO] [DETAIL] 7888 三光合成: income_stmt=OK, balance_sheet=OK, cashflow=OK, dividends=OK
2026-10-02 08:15:44,923 [INFO] [TIME] 7888 三光合成 処理時間: 1.20s
2026-10-02 08:15:46,860 [DEBUG] [TIME] 7893 info: 0.22s
2026-10-02 08:15:46,860 [DEBUG] yfinance OK: 7893
2026-10-02 08:15:47,058 [DEBUG] [TIME] 7893 income_stmt: 0.20s
2026-10-02 08:15:47,291 [DEBUG] [TIME] 7893 balance_sheet: 0.23s
2026-10-02 08:15:47,497 [DEBUG] [TIME] 7893 cashflow: 0.21s
2026-10-02 08:15:47,887 [DEBUG] [TIME] 7893 dividends: 0.39s
2026-10-02 08:15:47,888 [INFO] [DETAIL] 7893 プロネクサス: income_stmt=OK, balance_sheet=OK, cashflow=OK, dividends=OK
2026-10-02 08:15:47,888 [INFO] [TIME] 7893 プロネクサス 処理時間: 1.25s
2026-10-02 08:15:49,588 [DEBUG] [TIME] 7896 info: 0.22s
2026-10-02 08:15:49,588 [DEBUG] yfinance OK: 7896
2026-10-02 08:15:49,836 [DEBUG] [TIME] 7896 income_stmt: 0.25s
2026-10-02 08:15:50,109 [DEBUG] [TIME] 7896 balance_sheet: 0.27s
2026-10-02 08:15:50,360 [DEBUG] [TIME] 7896 cashflow: 0.25s
2026-10-02 08:15:50,788 [DEBUG] [TIME] 7896 dividends: 0.43s
2026-10-02 08:15:50,789 [INFO] [DETAIL] 7896 セブン工業: income_stmt=OK, balance_sheet=OK, cashflow=OK, dividends=OK
2026-10-02 08:15:50,789 [INFO] [TIME] 7896 セブン工業 処理時間: 1.42s
2026-10-02 08:15:52,703 [DEBUG] [TIME] 7897 info: 0.30s
2026-10-02 08:15:52,703 [DEBUG] yfinance OK: 7897
2026-10-02 08:15:52,944 [DEBUG] [TIME] 7897 income_stmt: 0.24s
2026-10-02 08:15:53,175 [DEBUG] [TIME] 7897 balance_sheet: 0.23s
2026-10-02 08:15:53,487 [DEBUG] [TIME] 7897 cashflow: 0.31s
2026-10-02 08:15:53,835 [DEBUG] [TIME] 7897 dividends: 0.35s
2026-10-02 08:15:53,836 [INFO] [DETAIL] 7897 ホクシン: income_stmt=OK, balance_sheet=OK, cashflow=OK, dividends=OK
2026-10-02 08:15:53,836 [INFO] [TIME] 7897 ホクシン 処理時間: 1.44s
2026-10-02 08:15:55,963 [DEBUG] [TIME] 7898 info: 0.28s
2026-10-02 08:15:55,963 [DEBUG] yfinance OK: 7898
2026-10-02 08:15:56,226 [DEBUG] [TIME] 7898 income_stmt: 0.26s
2026-10-02 08:15:56,465 [DEBUG] [TIME] 7898 balance_sheet: 0.24s
2026-10-02 08:15:56,743 [DEBUG] [TIME] 7898 cashflow: 0.28s
2026-10-02 08:15:57,174 [DEBUG] [TIME] 7898 dividends: 0.43s
2026-10-02 08:15:57,175 [INFO] [DETAIL] 7898 ウッドワン: income_stmt=OK, balance_sheet=OK, cashflow=OK, dividends=OK
2026-10-02 08:15:57,175 [INFO] [TIME] 7898 ウッドワン 処理時間: 1.49s
2026-10-02 08:15:58,900 [DEBUG] [TIME] 7901 info: 0.27s
2026-10-02 08:15:58,900 [DEBUG] yfinance OK: 7901
2026-10-02 08:15:59,116 [DEBUG] [TIME] 7901 income_stmt: 0.22s
2026-10-02 08:15:59,354 [DEBUG] [TIME] 7901 balance_sheet: 0.24s
2026-10-02 08:15:59,526 [DEBUG] [TIME] 7901 cashflow: 0.17s
2026-10-02 08:15:59,878 [DEBUG] [TIME] 7901 dividends: 0.35s
2026-10-02 08:15:59,879 [INFO] [DETAIL] 7901 マツモト: income_stmt=OK, balance_sheet=OK, cashflow=OK, dividends=OK
2026-10-02 08:15:59,879 [INFO] [TIME] 7901 マツモト 処理時間: 1.25s
2026-10-02 08:16:01,799 [DEBUG] [TIME] 7902 info: 0.23s
2026-10-02 08:16:01,800 [DEBUG] yfinance OK: 7902
2026-10-02 08:16:02,047 [DEBUG] [TIME] 7902 income_stmt: 0.25s
2026-10-02 08:16:02,309 [DEBUG] [TIME] 7902 balance_sheet: 0.26s
2026-10-02 08:16:02,493 [DEBUG] [TIME] 7902 cashflow: 0.18s
2026-10-02 08:16:03,124 [DEBUG] [TIME] 7902 dividends: 0.63s
2026-10-02 08:16:03,125 [INFO] [DETAIL] 7902 ソノコム: income_stmt=OK, balance_sheet=OK, cashflow=OK, dividends=OK
2026-10-02 08:16:03,126 [INFO] [TIME] 7902 ソノコム 処理時間: 1.56s
2026-10-02 08:16:04,834 [DEBUG] [TIME] 7906 info: 0.30s
2026-10-02 08:16:04,834 [DEBUG] yfinance OK: 7906
2026-10-02 08:16:05,061 [DEBUG] [TIME] 7906 income_stmt: 0.23s
2026-10-02 08:16:05,244 [DEBUG] [TIME] 7906 balance_sheet: 0.18s
2026-10-02 08:16:05,446 [DEBUG] [TIME] 7906 cashflow: 0.20s
2026-10-02 08:16:05,908 [DEBUG] [TIME] 7906 dividends: 0.46s
2026-10-02 08:16:05,910 [INFO] [DETAIL] 7906 ヨネックス: income_stmt=OK, balance_sheet=OK, cashflow=OK, dividends=OK
2026-10-02 08:16:05,910 [INFO] [TIME] 7906 ヨネックス 処理時間: 1.38s
2026-10-02 08:16:07,344 [DEBUG] [TIME] 7908 info: 0.23s
2026-10-02 08:16:07,344 [DEBUG] yfinance OK: 7908
2026-10-02 08:16:07,593 [DEBUG] [TIME] 7908 income_stmt: 0.25s
2026-10-02 08:16:07,835 [DEBUG] [TIME] 7908 balance_sheet: 0.24s
2026-10-02 08:16:08,005 [DEBUG] [TIME] 7908 cashflow: 0.17s
2026-10-02 08:16:08,467 [DEBUG] [TIME] 7908 dividends: 0.46s
2026-10-02 08:16:08,468 [INFO] [DETAIL] 7908 きもと: income_stmt=OK, balance_sheet=OK, cashflow=OK, dividends=OK
2026-10-02 08:16:08,468 [INFO] [TIME] 7908 きもと 処理時間: 1.36s
2026-10-02 08:16:09,812 [DEBUG] [TIME] 7911 info: 0.22s
2026-10-02 08:16:09,812 [DEBUG] yfinance OK: 7911
2026-10-02 08:16:10,039 [DEBUG] [TIME] 7911 income_stmt: 0.23s
2026-10-02 08:16:10,217 [DEBUG] [TIME] 7911 balance_sheet: 0.18s
2026-10-02 08:16:10,361 [DEBUG] [TIME] 7911 cashflow: 0.14s
2026-10-02 08:16:10,778 [DEBUG] [TIME] 7911 dividends: 0.42s
2026-10-02 08:16:10,779 [INFO] [DETAIL] 7911 ＴＯＰＰＡＮホールディングス: income_stmt=OK, balance_sheet=OK, cashflow=OK, dividends=OK
2026-10-02 08:16:10,779 [INFO] [TIME] 7911 ＴＯＰＰＡＮホールディングス 処理時間: 1.19s
2026-10-02 08:16:12,666 [DEBUG] [TIME] 7912 info: 0.22s
2026-10-02 08:16:12,666 [DEBUG] yfinance OK: 7912
2026-10-02 08:16:12,863 [DEBUG] [TIME] 7912 income_stmt: 0.20s
2026-10-02 08:16:13,170 [DEBUG] [TIME] 7912 balance_sheet: 0.31s
2026-10-02 08:16:13,340 [DEBUG] [TIME] 7912 cashflow: 0.17s
2026-10-02 08:16:13,726 [DEBUG] [TIME] 7912 dividends: 0.39s
2026-10-02 08:16:13,727 [INFO] [DETAIL] 7912 大日本印刷: income_stmt=OK, balance_sheet=OK, cashflow=OK, dividends=OK
2026-10-02 08:16:13,727 [INFO] [TIME] 7912 大日本印刷 処理時間: 1.29s
2026-10-02 08:16:15,321 [DEBUG] [TIME] 7914 info: 0.24s
2026-10-02 08:16:15,321 [DEBUG] yfinance OK: 7914
2026-10-02 08:16:15,510 [DEBUG] [TIME] 7914 income_stmt: 0.19s
2026-10-02 08:16:15,799 [DEBUG] [TIME] 7914 balance_sheet: 0.29s
2026-10-02 08:16:16,105 [DEBUG] [TIME] 7914 cashflow: 0.31s
2026-10-02 08:16:16,551 [DEBUG] [TIME] 7914 dividends: 0.45s
2026-10-02 08:16:16,552 [INFO] [DETAIL] 7914 共同印刷: income_stmt=OK, balance_sheet=OK, cashflow=OK, dividends=OK
2026-10-02 08:16:16,552 [INFO] [TIME] 7914 共同印刷 処理時間: 1.47s
2026-10-02 08:16:18,180 [DEBUG] [TIME] 7915 info: 0.24s
2026-10-02 08:16:18,180 [DEBUG] yfinance OK: 7915
2026-10-02 08:16:18,408 [DEBUG] [TIME] 7915 income_stmt: 0.23s
2026-10-02 08:16:18,737 [DEBUG] [TIME] 7915 balance_sheet: 0.33s
2026-10-02 08:16:18,962 [DEBUG] [TIME] 7915 cashflow: 0.22s
2026-10-02 08:16:19,386 [DEBUG] [TIME] 7915 dividends: 0.42s
2026-10-02 08:16:19,387 [INFO] [DETAIL] 7915 ＮＩＳＳＨＡ: income_stmt=OK, balance_sheet=OK, cashflow=OK, dividends=OK
2026-10-02 08:16:19,387 [INFO] [TIME] 7915 ＮＩＳＳＨＡ 処理時間: 1.45s
2026-10-02 08:16:21,241 [DEBUG] [TIME] 7916 info: 0.22s
2026-10-02 08:16:21,241 [DEBUG] yfinance OK: 7916
2026-10-02 08:16:21,479 [DEBUG] [TIME] 7916 income_stmt: 0.24s
2026-10-02 08:16:21,766 [DEBUG] [TIME] 7916 balance_sheet: 0.29s
2026-10-02 08:16:21,970 [DEBUG] [TIME] 7916 cashflow: 0.20s
2026-10-02 08:16:22,323 [DEBUG] [TIME] 7916 dividends: 0.35s
2026-10-02 08:16:22,324 [INFO] [DETAIL] 7916 光村印刷: income_stmt=OK, balance_sheet=OK, cashflow=OK, dividends=OK
2026-10-02 08:16:22,324 [INFO] [TIME] 7916 光村印刷 処理時間: 1.31s
2026-10-02 08:16:24,030 [DEBUG] [TIME] 7917 info: 0.22s
2026-10-02 08:16:24,030 [DEBUG] yfinance OK: 7917
2026-10-02 08:16:24,262 [DEBUG] [TIME] 7917 income_stmt: 0.23s
2026-10-02 08:16:24,485 [DEBUG] [TIME] 7917 balance_sheet: 0.22s
2026-10-02 08:16:24,650 [DEBUG] [TIME] 7917 cashflow: 0.16s
2026-10-02 08:16:25,005 [DEBUG] [TIME] 7917 dividends: 0.35s
2026-10-02 08:16:25,006 [INFO] [DETAIL] 7917 ＺＡＣＲＯＳ: income_stmt=OK, balance_sheet=OK, cashflow=OK, dividends=OK
2026-10-02 08:16:25,006 [INFO] [TIME] 7917 ＺＡＣＲＯＳ 処理時間: 1.20s
2026-10-02 08:16:26,246 [DEBUG] [TIME] 7918 info: 0.22s
2026-10-02 08:16:26,246 [DEBUG] yfinance OK: 7918
2026-10-02 08:16:26,491 [DEBUG] [TIME] 7918 income_stmt: 0.24s
2026-10-02 08:16:26,834 [DEBUG] [TIME] 7918 balance_sheet: 0.34s
2026-10-02 08:16:27,052 [DEBUG] [TIME] 7918 cashflow: 0.22s
2026-10-02 08:16:27,451 [DEBUG] [TIME] 7918 dividends: 0.40s
2026-10-02 08:16:27,452 [INFO] [DETAIL] 7918 ヴィア・ホールディングス: income_stmt=OK, balance_sheet=OK, cashflow=OK, dividends=OK
2026-10-02 08:16:27,452 [INFO] [TIME] 7918 ヴィア・ホールディングス 処理時間: 1.43s
2026-10-02 08:16:28,945 [DEBUG] [TIME] 7919 info: 0.24s
2026-10-02 08:16:28,945 [DEBUG] yfinance OK: 7919
2026-10-02 08:16:29,182 [DEBUG] [TIME] 7919 income_stmt: 0.24s
2026-10-02 08:16:29,483 [DEBUG] [TIME] 7919 balance_sheet: 0.30s
2026-10-02 08:16:29,698 [DEBUG] [TIME] 7919 cashflow: 0.21s
2026-10-02 08:16:30,128 [DEBUG] [TIME] 7919 dividends: 0.43s
2026-10-02 08:16:30,129 [INFO] [DETAIL] 7919 野崎印刷紙業: income_stmt=OK, balance_sheet=OK, cashflow=OK, dividends=OK
2026-10-02 08:16:30,129 [INFO] [TIME] 7919 野崎印刷紙業 処理時間: 1.42s
2026-10-02 08:16:32,081 [DEBUG] [TIME] 7921 info: 0.22s
2026-10-02 08:16:32,081 [DEBUG] yfinance OK: 7921
2026-10-02 08:16:32,330 [DEBUG] [TIME] 7921 income_stmt: 0.25s
2026-10-02 08:16:32,543 [DEBUG] [TIME] 7921 balance_sheet: 0.21s
2026-10-02 08:16:32,764 [DEBUG] [TIME] 7921 cashflow: 0.22s
2026-10-02 08:16:33,146 [DEBUG] [TIME] 7921 dividends: 0.38s
2026-10-02 08:16:33,147 [INFO] [DETAIL] 7921 ＴＡＫＡＲＡ　＆　ＣＯＭＰＡＮＹ: income_stmt=OK, balance_sheet=OK, cashflow=OK, dividends=OK
2026-10-02 08:16:33,147 [INFO] [TIME] 7921 ＴＡＫＡＲＡ　＆　ＣＯＭＰＡＮＹ 処理時間: 1.29s
2026-10-02 08:16:35,433 [DEBUG] [TIME] 7922 info: 0.43s
2026-10-02 08:16:35,433 [WARNING] yfinance データなし: 7922
2026-10-02 08:16:35,433 [INFO] [TIME] 7922 三光産業 処理時間: 0.43s
2026-10-02 08:16:37,195 [DEBUG] [TIME] 7927 info: 0.22s
2026-10-02 08:16:37,195 [DEBUG] yfinance OK: 7927
2026-10-02 08:16:37,531 [DEBUG] [TIME] 7927 income_stmt: 0.34s
2026-10-02 08:16:37,808 [DEBUG] [TIME] 7927 balance_sheet: 0.28s
2026-10-02 08:16:38,050 [DEBUG] [TIME] 7927 cashflow: 0.24s
2026-10-02 08:16:38,455 [DEBUG] [TIME] 7927 dividends: 0.40s
2026-10-02 08:16:38,456 [INFO] [DETAIL] 7927 ムトー精工: income_stmt=OK, balance_sheet=OK, cashflow=OK, dividends=OK
2026-10-02 08:16:38,456 [INFO] [TIME] 7927 ムトー精工 処理時間: 1.48s
2026-10-02 08:16:40,184 [DEBUG] [TIME] 7928 info: 0.22s
2026-10-02 08:16:40,185 [DEBUG] yfinance OK: 7928
2026-10-02 08:16:40,379 [DEBUG] [TIME] 7928 income_stmt: 0.19s
2026-10-02 08:16:40,517 [DEBUG] [TIME] 7928 balance_sheet: 0.14s
2026-10-02 08:16:40,648 [DEBUG] [TIME] 7928 cashflow: 0.13s
2026-10-02 08:16:41,119 [DEBUG] [TIME] 7928 dividends: 0.47s
2026-10-02 08:16:41,120 [INFO] [DETAIL] 7928 旭化学工業: income_stmt=OK, balance_sheet=OK, cashflow=OK, dividends=OK
2026-10-02 08:16:41,120 [INFO] [TIME] 7928 旭化学工業 処理時間: 1.16s
2026-10-02 08:16:42,375 [DEBUG] [TIME] 7931 info: 0.23s
2026-10-02 08:16:42,375 [DEBUG] yfinance OK: 7931
2026-10-02 08:16:42,657 [DEBUG] [TIME] 7931 income_stmt: 0.28s
2026-10-02 08:16:42,877 [DEBUG] [TIME] 7931 balance_sheet: 0.22s
2026-10-02 08:16:43,069 [DEBUG] [TIME] 7931 cashflow: 0.19s
2026-10-02 08:16:43,341 [DEBUG] [TIME] 7931 dividends: 0.27s
2026-10-02 08:16:43,342 [INFO] [DETAIL] 7931 未来工業: income_stmt=OK, balance_sheet=OK, cashflow=OK, dividends=OK
2026-10-02 08:16:43,342 [INFO] [TIME] 7931 未来工業 処理時間: 1.20s
2026-10-02 08:16:44,660 [DEBUG] [TIME] 7932 info: 0.22s
2026-10-02 08:16:44,660 [DEBUG] yfinance OK: 7932
2026-10-02 08:16:44,856 [DEBUG] [TIME] 7932 income_stmt: 0.20s
2026-10-02 08:16:45,191 [DEBUG] [TIME] 7932 balance_sheet: 0.33s
2026-10-02 08:16:45,456 [DEBUG] [TIME] 7932 cashflow: 0.26s
2026-10-02 08:16:45,818 [DEBUG] [TIME] 7932 dividends: 0.36s
2026-10-02 08:16:45,819 [INFO] [DETAIL] 7932 ニッピ: income_stmt=OK, balance_sheet=OK, cashflow=OK, dividends=OK
2026-10-02 08:16:45,820 [INFO] [TIME] 7932 ニッピ 処理時間: 1.38s
2026-10-02 08:16:47,930 [DEBUG] [TIME] 7936 info: 0.22s
2026-10-02 08:16:47,930 [DEBUG] yfinance OK: 7936
2026-10-02 08:16:48,171 [DEBUG] [TIME] 7936 income_stmt: 0.24s
2026-10-02 08:16:48,505 [DEBUG] [TIME] 7936 balance_sheet: 0.33s
2026-10-02 08:16:48,704 [DEBUG] [TIME] 7936 cashflow: 0.20s
2026-10-02 08:16:49,116 [DEBUG] [TIME] 7936 dividends: 0.41s
2026-10-02 08:16:49,117 [INFO] [DETAIL] 7936 アシックス: income_stmt=OK, balance_sheet=OK, cashflow=OK, dividends=OK
2026-10-02 08:16:49,117 [INFO] [TIME] 7936 アシックス 処理時間: 1.41s
2026-10-02 08:16:51,039 [DEBUG] [TIME] 7937 info: 0.23s
2026-10-02 08:16:51,039 [DEBUG] yfinance OK: 7937
2026-10-02 08:16:51,236 [DEBUG] [TIME] 7937 income_stmt: 0.20s
2026-10-02 08:16:51,430 [DEBUG] [TIME] 7937 balance_sheet: 0.19s
2026-10-02 08:16:51,729 [DEBUG] [TIME] 7937 cashflow: 0.30s
2026-10-02 08:16:52,081 [DEBUG] [TIME] 7937 dividends: 0.35s
2026-10-02 08:16:52,082 [INFO] [DETAIL] 7937 ツツミ: income_stmt=OK, balance_sheet=OK, cashflow=OK, dividends=OK
2026-10-02 08:16:52,082 [INFO] [TIME] 7937 ツツミ 処理時間: 1.27s
2026-10-02 08:16:54,087 [DEBUG] [TIME] 7938 info: 0.23s
2026-10-02 08:16:54,087 [DEBUG] yfinance OK: 7938
2026-10-02 08:16:54,394 [DEBUG] [TIME] 7938 income_stmt: 0.31s
2026-10-02 08:16:54,639 [DEBUG] [TIME] 7938 balance_sheet: 0.24s
2026-10-02 08:16:54,880 [DEBUG] [TIME] 7938 cashflow: 0.24s
2026-10-02 08:16:55,296 [DEBUG] [TIME] 7938 dividends: 0.42s
2026-10-02 08:16:55,297 [INFO] [DETAIL] 7938 リーガルコーポレーション: income_stmt=OK, balance_sheet=OK, cashflow=OK, dividends=OK
2026-10-02 08:16:55,297 [INFO] [TIME] 7938 リーガルコーポレーション 処理時間: 1.44s
2026-10-02 08:16:56,721 [DEBUG] [TIME] 7939 info: 0.23s
2026-10-02 08:16:56,721 [DEBUG] yfinance OK: 7939
2026-10-02 08:16:56,946 [DEBUG] [TIME] 7939 income_stmt: 0.22s
2026-10-02 08:16:57,267 [DEBUG] [TIME] 7939 balance_sheet: 0.32s
2026-10-02 08:16:57,437 [DEBUG] [TIME] 7939 cashflow: 0.17s
2026-10-02 08:16:57,820 [DEBUG] [TIME] 7939 dividends: 0.38s
2026-10-02 08:16:57,821 [INFO] [DETAIL] 7939 研創: income_stmt=OK, balance_sheet=OK, cashflow=OK, dividends=OK
2026-10-02 08:16:57,821 [INFO] [TIME] 7939 研創 処理時間: 1.33s
2026-10-02 08:17:00,133 [DEBUG] [TIME] 7940 info: 0.37s
2026-10-02 08:17:00,133 [WARNING] yfinance データなし: 7940
2026-10-02 08:17:00,133 [INFO] [TIME] 7940 ウェーブロックホールディングス 処理時間: 0.37s
2026-10-02 08:17:02,018 [DEBUG] [TIME] 7942 info: 0.23s
2026-10-02 08:17:02,018 [DEBUG] yfinance OK: 7942
2026-10-02 08:17:02,303 [DEBUG] [TIME] 7942 income_stmt: 0.28s
2026-10-02 08:17:02,545 [DEBUG] [TIME] 7942 balance_sheet: 0.24s
2026-10-02 08:17:02,743 [DEBUG] [TIME] 7942 cashflow: 0.20s
2026-10-02 08:17:03,100 [DEBUG] [TIME] 7942 dividends: 0.36s
2026-10-02 08:17:03,101 [INFO] [DETAIL] 7942 ＪＳＰ: income_stmt=OK, balance_sheet=OK, cashflow=OK, dividends=OK
2026-10-02 08:17:03,101 [INFO] [TIME] 7942 ＪＳＰ 処理時間: 1.31s
2026-10-02 08:17:05,359 [DEBUG] [TIME] 7943 info: 0.28s
2026-10-02 08:17:05,359 [DEBUG] yfinance OK: 7943
2026-10-02 08:17:05,602 [DEBUG] [TIME] 7943 income_stmt: 0.24s
2026-10-02 08:17:05,804 [DEBUG] [TIME] 7943 balance_sheet: 0.20s
2026-10-02 08:17:06,003 [DEBUG] [TIME] 7943 cashflow: 0.20s
2026-10-02 08:17:06,385 [DEBUG] [TIME] 7943 dividends: 0.38s
2026-10-02 08:17:06,386 [INFO] [DETAIL] 7943 ニチハ: income_stmt=OK, balance_sheet=OK, cashflow=OK, dividends=OK
2026-10-02 08:17:06,386 [INFO] [TIME] 7943 ニチハ 処理時間: 1.30s
2026-10-02 08:17:08,544 [DEBUG] [TIME] 7944 info: 0.32s
2026-10-02 08:17:08,544 [DEBUG] yfinance OK: 7944
2026-10-02 08:17:08,781 [DEBUG] [TIME] 7944 income_stmt: 0.24s
2026-10-02 08:17:08,980 [DEBUG] [TIME] 7944 balance_sheet: 0.20s
2026-10-02 08:17:09,198 [DEBUG] [TIME] 7944 cashflow: 0.22s
2026-10-02 08:17:09,510 [DEBUG] [TIME] 7944 dividends: 0.31s
2026-10-02 08:17:09,511 [INFO] [DETAIL] 7944 ローランド: income_stmt=OK, balance_sheet=OK, cashflow=OK, dividends=OK
2026-10-02 08:17:09,511 [INFO] [TIME] 7944 ローランド 処理時間: 1.28s
2026-10-02 08:17:10,762 [DEBUG] [TIME] 7946 info: 0.22s
2026-10-02 08:17:10,762 [DEBUG] yfinance OK: 7946
2026-10-02 08:17:11,013 [DEBUG] [TIME] 7946 income_stmt: 0.25s
2026-10-02 08:17:11,204 [DEBUG] [TIME] 7946 balance_sheet: 0.19s
2026-10-02 08:17:11,342 [DEBUG] [TIME] 7946 cashflow: 0.14s
2026-10-02 08:17:11,751 [DEBUG] [TIME] 7946 dividends: 0.41s
2026-10-02 08:17:11,752 [INFO] [DETAIL] 7946 光陽社: income_stmt=OK, balance_sheet=OK, cashflow=OK, dividends=OK
2026-10-02 08:17:11,752 [INFO] [TIME] 7946 光陽社 処理時間: 1.21s
2026-10-02 08:17:13,821 [DEBUG] [TIME] 7947 info: 0.36s
2026-10-02 08:17:13,821 [DEBUG] yfinance OK: 7947
2026-10-02 08:17:14,019 [DEBUG] [TIME] 7947 income_stmt: 0.20s
2026-10-02 08:17:14,225 [DEBUG] [TIME] 7947 balance_sheet: 0.21s
2026-10-02 08:17:14,484 [DEBUG] [TIME] 7947 cashflow: 0.26s
2026-10-02 08:17:14,878 [DEBUG] [TIME] 7947 dividends: 0.39s
2026-10-02 08:17:14,879 [INFO] [DETAIL] 7947 エフピコ: income_stmt=OK, balance_sheet=OK, cashflow=OK, dividends=OK
2026-10-02 08:17:14,879 [INFO] [TIME] 7947 エフピコ 処理時間: 1.41s
2026-10-02 08:17:16,661 [DEBUG] [TIME] 7949 info: 0.22s
2026-10-02 08:17:16,661 [DEBUG] yfinance OK: 7949
2026-10-02 08:17:16,887 [DEBUG] [TIME] 7949 income_stmt: 0.23s
2026-10-02 08:17:17,081 [DEBUG] [TIME] 7949 balance_sheet: 0.19s
2026-10-02 08:17:17,315 [DEBUG] [TIME] 7949 cashflow: 0.23s
2026-10-02 08:17:17,710 [DEBUG] [TIME] 7949 dividends: 0.40s
2026-10-02 08:17:17,711 [INFO] [DETAIL] 7949 小松ウオール工業: income_stmt=OK, balance_sheet=OK, cashflow=OK, dividends=OK
2026-10-02 08:17:17,712 [INFO] [TIME] 7949 小松ウオール工業 処理時間: 1.27s
2026-10-02 08:17:19,123 [DEBUG] [TIME] 7951 info: 0.22s
2026-10-02 08:17:19,123 [DEBUG] yfinance OK: 7951
2026-10-02 08:17:19,319 [DEBUG] [TIME] 7951 income_stmt: 0.20s
2026-10-02 08:17:19,553 [DEBUG] [TIME] 7951 balance_sheet: 0.23s
2026-10-02 08:17:19,759 [DEBUG] [TIME] 7951 cashflow: 0.20s
2026-10-02 08:17:20,147 [DEBUG] [TIME] 7951 dividends: 0.39s
2026-10-02 08:17:20,148 [INFO] [DETAIL] 7951 ヤマハ: income_stmt=OK, balance_sheet=OK, cashflow=OK, dividends=OK
2026-10-02 08:17:20,148 [INFO] [TIME] 7951 ヤマハ 処理時間: 1.25s
2026-10-02 08:17:21,775 [DEBUG] [TIME] 7952 info: 0.22s
2026-10-02 08:17:21,775 [DEBUG] yfinance OK: 7952
2026-10-02 08:17:21,980 [DEBUG] [TIME] 7952 income_stmt: 0.20s
2026-10-02 08:17:22,195 [DEBUG] [TIME] 7952 balance_sheet: 0.21s
2026-10-02 08:17:22,408 [DEBUG] [TIME] 7952 cashflow: 0.21s
2026-10-02 08:17:22,765 [DEBUG] [TIME] 7952 dividends: 0.36s
2026-10-02 08:17:22,766 [INFO] [DETAIL] 7952 河合楽器製作所: income_stmt=OK, balance_sheet=OK, cashflow=OK, dividends=OK
2026-10-02 08:17:22,766 [INFO] [TIME] 7952 河合楽器製作所 処理時間: 1.22s
2026-10-02 08:17:24,807 [DEBUG] [TIME] 7953 info: 0.22s
2026-10-02 08:17:24,807 [DEBUG] yfinance OK: 7953
2026-10-02 08:17:24,980 [DEBUG] [TIME] 7953 income_stmt: 0.17s
2026-10-02 08:17:25,235 [DEBUG] [TIME] 7953 balance_sheet: 0.25s
2026-10-02 08:17:25,436 [DEBUG] [TIME] 7953 cashflow: 0.20s
2026-10-02 08:17:25,703 [DEBUG] [TIME] 7953 dividends: 0.27s
2026-10-02 08:17:25,704 [INFO] [DETAIL] 7953 菊水化学工業: income_stmt=OK, balance_sheet=OK, cashflow=OK, dividends=OK
2026-10-02 08:17:25,704 [INFO] [TIME] 7953 菊水化学工業 処理時間: 1.12s
2026-10-02 08:17:27,454 [DEBUG] [TIME] 7955 info: 0.22s
2026-10-02 08:17:27,454 [DEBUG] yfinance OK: 7955
2026-10-02 08:17:27,663 [DEBUG] [TIME] 7955 income_stmt: 0.21s
2026-10-02 08:17:27,866 [DEBUG] [TIME] 7955 balance_sheet: 0.20s
2026-10-02 08:17:28,007 [DEBUG] [TIME] 7955 cashflow: 0.14s
2026-10-02 08:17:28,343 [DEBUG] [TIME] 7955 dividends: 0.34s
2026-10-02 08:17:28,345 [INFO] [DETAIL] 7955 クリナップ: income_stmt=OK, balance_sheet=OK, cashflow=OK, dividends=OK
2026-10-02 08:17:28,345 [INFO] [TIME] 7955 クリナップ 処理時間: 1.11s
2026-10-02 08:17:30,476 [DEBUG] [TIME] 7956 info: 0.23s
2026-10-02 08:17:30,476 [DEBUG] yfinance OK: 7956
2026-10-02 08:17:30,742 [DEBUG] [TIME] 7956 income_stmt: 0.27s
2026-10-02 08:17:31,017 [DEBUG] [TIME] 7956 balance_sheet: 0.27s
2026-10-02 08:17:31,211 [DEBUG] [TIME] 7956 cashflow: 0.19s
2026-10-02 08:17:31,644 [DEBUG] [TIME] 7956 dividends: 0.43s
2026-10-02 08:17:31,645 [INFO] [DETAIL] 7956 ピジョン: income_stmt=OK, balance_sheet=OK, cashflow=OK, dividends=OK
2026-10-02 08:17:31,645 [INFO] [TIME] 7956 ピジョン 処理時間: 1.40s
2026-10-02 08:17:33,506 [DEBUG] [TIME] 7957 info: 0.23s
2026-10-02 08:17:33,506 [DEBUG] yfinance OK: 7957
2026-10-02 08:17:33,702 [DEBUG] [TIME] 7957 income_stmt: 0.20s
2026-10-02 08:17:33,983 [DEBUG] [TIME] 7957 balance_sheet: 0.28s
2026-10-02 08:17:34,202 [DEBUG] [TIME] 7957 cashflow: 0.22s
2026-10-02 08:17:34,588 [DEBUG] [TIME] 7957 dividends: 0.39s
2026-10-02 08:17:34,589 [INFO] [DETAIL] 7957 フジコピアン: income_stmt=OK, balance_sheet=OK, cashflow=OK, dividends=OK
2026-10-02 08:17:34,589 [INFO] [TIME] 7957 フジコピアン 処理時間: 1.31s
2026-10-02 08:17:36,529 [DEBUG] [TIME] 7962 info: 0.22s
2026-10-02 08:17:36,529 [DEBUG] yfinance OK: 7962
2026-10-02 08:17:36,735 [DEBUG] [TIME] 7962 income_stmt: 0.21s
2026-10-02 08:17:36,979 [DEBUG] [TIME] 7962 balance_sheet: 0.24s
2026-10-02 08:17:37,262 [DEBUG] [TIME] 7962 cashflow: 0.28s
2026-10-02 08:17:37,613 [DEBUG] [TIME] 7962 dividends: 0.35s
2026-10-02 08:17:37,614 [INFO] [DETAIL] 7962 キングジム: income_stmt=OK, balance_sheet=OK, cashflow=OK, dividends=OK
2026-10-02 08:17:37,614 [INFO] [TIME] 7962 キングジム 処理時間: 1.31s
2026-10-02 08:17:39,030 [DEBUG] [TIME] 7963 info: 0.23s
2026-10-02 08:17:39,030 [DEBUG] yfinance OK: 7963
2026-10-02 08:17:39,332 [DEBUG] [TIME] 7963 income_stmt: 0.30s
2026-10-02 08:17:39,576 [DEBUG] [TIME] 7963 balance_sheet: 0.24s
2026-10-02 08:17:39,771 [DEBUG] [TIME] 7963 cashflow: 0.19s
2026-10-02 08:17:40,144 [DEBUG] [TIME] 7963 dividends: 0.37s
2026-10-02 08:17:40,145 [INFO] [DETAIL] 7963 興研: income_stmt=OK, balance_sheet=OK, cashflow=OK, dividends=OK
2026-10-02 08:17:40,145 [INFO] [TIME] 7963 興研 処理時間: 1.34s
2026-10-02 08:17:41,543 [DEBUG] [TIME] 7965 info: 0.23s
2026-10-02 08:17:41,543 [DEBUG] yfinance OK: 7965
2026-10-02 08:17:41,826 [DEBUG] [TIME] 7965 income_stmt: 0.28s
2026-10-02 08:17:42,087 [DEBUG] [TIME] 7965 balance_sheet: 0.26s
2026-10-02 08:17:42,268 [DEBUG] [TIME] 7965 cashflow: 0.18s
2026-10-02 08:17:42,745 [DEBUG] [TIME] 7965 dividends: 0.48s
2026-10-02 08:17:42,746 [INFO] [DETAIL] 7965 象印マホービン: income_stmt=OK, balance_sheet=OK, cashflow=OK, dividends=OK
2026-10-02 08:17:42,746 [INFO] [TIME] 7965 象印マホービン 処理時間: 1.43s
2026-10-02 08:17:44,113 [DEBUG] [TIME] 7966 info: 0.22s
2026-10-02 08:17:44,113 [DEBUG] yfinance OK: 7966
2026-10-02 08:17:44,346 [DEBUG] [TIME] 7966 income_stmt: 0.23s
2026-10-02 08:17:44,530 [DEBUG] [TIME] 7966 balance_sheet: 0.18s
2026-10-02 08:17:44,711 [DEBUG] [TIME] 7966 cashflow: 0.18s
2026-10-02 08:17:45,060 [DEBUG] [TIME] 7966 dividends: 0.35s
2026-10-02 08:17:45,061 [INFO] [DETAIL] 7966 リンテック: income_stmt=OK, balance_sheet=OK, cashflow=OK, dividends=OK
2026-10-02 08:17:45,061 [INFO] [TIME] 7966 リンテック 処理時間: 1.17s
2026-10-02 08:17:46,834 [DEBUG] [TIME] 7970 info: 0.24s
2026-10-02 08:17:46,834 [DEBUG] yfinance OK: 7970
2026-10-02 08:17:47,093 [DEBUG] [TIME] 7970 income_stmt: 0.26s
2026-10-02 08:17:47,304 [DEBUG] [TIME] 7970 balance_sheet: 0.21s
2026-10-02 08:17:47,480 [DEBUG] [TIME] 7970 cashflow: 0.17s
2026-10-02 08:17:47,848 [DEBUG] [TIME] 7970 dividends: 0.37s
2026-10-02 08:17:47,849 [INFO] [DETAIL] 7970 信越ポリマー: income_stmt=OK, balance_sheet=OK, cashflow=OK, dividends=OK
2026-10-02 08:17:47,849 [INFO] [TIME] 7970 信越ポリマー 処理時間: 1.26s
2026-10-02 08:17:49,581 [DEBUG] [TIME] 7971 info: 0.22s
2026-10-02 08:17:49,582 [DEBUG] yfinance OK: 7971
2026-10-02 08:17:49,803 [DEBUG] [TIME] 7971 income_stmt: 0.22s
2026-10-02 08:17:50,092 [DEBUG] [TIME] 7971 balance_sheet: 0.29s
2026-10-02 08:17:50,304 [DEBUG] [TIME] 7971 cashflow: 0.21s
2026-10-02 08:17:50,648 [DEBUG] [TIME] 7971 dividends: 0.34s
2026-10-02 08:17:50,649 [INFO] [DETAIL] 7971 東リ: income_stmt=OK, balance_sheet=OK, cashflow=OK, dividends=OK
2026-10-02 08:17:50,649 [INFO] [TIME] 7971 東リ 処理時間: 1.29s
2026-10-02 08:17:52,416 [DEBUG] [TIME] 7972 info: 0.23s
2026-10-02 08:17:52,416 [DEBUG] yfinance OK: 7972
2026-10-02 08:17:52,713 [DEBUG] [TIME] 7972 income_stmt: 0.30s
2026-10-02 08:17:52,930 [DEBUG] [TIME] 7972 balance_sheet: 0.22s
2026-10-02 08:17:53,138 [DEBUG] [TIME] 7972 cashflow: 0.21s
2026-10-02 08:17:53,527 [DEBUG] [TIME] 7972 dividends: 0.39s
2026-10-02 08:17:53,528 [INFO] [DETAIL] 7972 イトーキ: income_stmt=OK, balance_sheet=OK, cashflow=OK, dividends=OK
2026-10-02 08:17:53,528 [INFO] [TIME] 7972 イトーキ 処理時間: 1.34s
2026-10-02 08:17:54,824 [DEBUG] [TIME] 7974 info: 0.22s
2026-10-02 08:17:54,824 [DEBUG] yfinance OK: 7974
2026-10-02 08:17:55,033 [DEBUG] [TIME] 7974 income_stmt: 0.21s
2026-10-02 08:17:55,247 [DEBUG] [TIME] 7974 balance_sheet: 0.21s
2026-10-02 08:17:55,442 [DEBUG] [TIME] 7974 cashflow: 0.19s
2026-10-02 08:17:55,868 [DEBUG] [TIME] 7974 dividends: 0.42s
2026-10-02 08:17:55,869 [INFO] [DETAIL] 7974 任天堂: income_stmt=OK, balance_sheet=OK, cashflow=OK, dividends=OK
2026-10-02 08:17:55,869 [INFO] [TIME] 7974 任天堂 処理時間: 1.27s
2026-10-02 08:17:57,446 [DEBUG] [TIME] 7975 info: 0.28s
2026-10-02 08:17:57,446 [DEBUG] yfinance OK: 7975
2026-10-02 08:17:57,643 [DEBUG] [TIME] 7975 income_stmt: 0.20s
2026-10-02 08:17:58,020 [DEBUG] [TIME] 7975 balance_sheet: 0.38s
2026-10-02 08:17:58,192 [DEBUG] [TIME] 7975 cashflow: 0.17s
2026-10-02 08:17:58,590 [DEBUG] [TIME] 7975 dividends: 0.40s
2026-10-02 08:17:58,591 [INFO] [DETAIL] 7975 リヒトラブ: income_stmt=OK, balance_sheet=OK, cashflow=OK, dividends=OK
2026-10-02 08:17:58,592 [INFO] [TIME] 7975 リヒトラブ 処理時間: 1.42s
2026-10-02 08:18:00,411 [DEBUG] [TIME] 7976 info: 0.22s
2026-10-02 08:18:00,411 [DEBUG] yfinance OK: 7976
2026-10-02 08:18:00,606 [DEBUG] [TIME] 7976 income_stmt: 0.19s
2026-10-02 08:18:00,855 [DEBUG] [TIME] 7976 balance_sheet: 0.25s
2026-10-02 08:18:00,998 [DEBUG] [TIME] 7976 cashflow: 0.14s
2026-10-02 08:18:01,383 [DEBUG] [TIME] 7976 dividends: 0.38s
2026-10-02 08:18:01,384 [INFO] [DETAIL] 7976 三菱鉛筆: income_stmt=OK, balance_sheet=OK, cashflow=OK, dividends=OK
2026-10-02 08:18:01,384 [INFO] [TIME] 7976 三菱鉛筆 処理時間: 1.19s
2026-10-02 08:18:02,761 [DEBUG] [TIME] 7979 info: 0.23s
2026-10-02 08:18:02,761 [DEBUG] yfinance OK: 7979
2026-10-02 08:18:03,039 [DEBUG] [TIME] 7979 income_stmt: 0.28s
2026-10-02 08:18:03,353 [DEBUG] [TIME] 7979 balance_sheet: 0.31s
2026-10-02 08:18:03,592 [DEBUG] [TIME] 7979 cashflow: 0.24s
2026-10-02 08:18:03,938 [DEBUG] [TIME] 7979 dividends: 0.35s
2026-10-02 08:18:03,939 [INFO] [DETAIL] 7979 松風: income_stmt=OK, balance_sheet=OK, cashflow=OK, dividends=OK
2026-10-02 08:18:03,939 [INFO] [TIME] 7979 松風 処理時間: 1.41s
2026-10-02 08:18:05,364 [DEBUG] [TIME] 7980 info: 0.36s
2026-10-02 08:18:05,364 [DEBUG] yfinance OK: 7980
2026-10-02 08:18:05,587 [DEBUG] [TIME] 7980 income_stmt: 0.22s
2026-10-02 08:18:05,798 [DEBUG] [TIME] 7980 balance_sheet: 0.21s
2026-10-02 08:18:06,080 [DEBUG] [TIME] 7980 cashflow: 0.28s
2026-10-02 08:18:06,469 [DEBUG] [TIME] 7980 dividends: 0.39s
2026-10-02 08:18:06,470 [INFO] [DETAIL] 7980 重松製作所: income_stmt=OK, balance_sheet=OK, cashflow=OK, dividends=OK
2026-10-02 08:18:06,470 [INFO] [TIME] 7980 重松製作所 処理時間: 1.47s
2026-10-02 08:18:07,846 [INFO] === 実行完了 (yf=496, warns=81, 総実行時間=22分52.3秒) ===
