2026-10-02 07:12:01,308 [INFO] === 実行開始 (500銘柄) ===
2026-10-02 07:12:01,892 [DEBUG] [TIME] 6094 info: 0.58s
2026-10-02 07:12:01,892 [DEBUG] yfinance OK: 6094
2026-10-02 07:12:02,080 [DEBUG] [TIME] 6094 income_stmt: 0.19s
2026-10-02 07:12:02,221 [DEBUG] [TIME] 6094 balance_sheet: 0.14s
2026-10-02 07:12:02,442 [DEBUG] [TIME] 6094 cashflow: 0.22s
2026-10-02 07:12:02,626 [DEBUG] [TIME] 6094 dividends: 0.18s
2026-10-02 07:12:02,626 [INFO] [DETAIL] 6094 フリークアウト・ホールディングス: income_stmt=OK, balance_sheet=OK, cashflow=OK, dividends=EMPTY
2026-10-02 07:12:02,626 [INFO] [TIME] 6094 フリークアウト・ホールディングス 処理時間: 1.32s
2026-10-02 07:12:04,335 [DEBUG] [TIME] 6096 info: 0.29s
2026-10-02 07:12:04,336 [WARNING] yfinance データなし: 6096
2026-10-02 07:12:04,336 [INFO] [TIME] 6096 レアジョブ 処理時間: 0.29s
2026-10-02 07:12:05,811 [DEBUG] [TIME] 6098 info: 0.16s
2026-10-02 07:12:05,812 [DEBUG] yfinance OK: 6098
2026-10-02 07:12:05,953 [DEBUG] [TIME] 6098 income_stmt: 0.14s
2026-10-02 07:12:06,158 [DEBUG] [TIME] 6098 balance_sheet: 0.20s
2026-10-02 07:12:06,280 [DEBUG] [TIME] 6098 cashflow: 0.12s
2026-10-02 07:12:06,462 [DEBUG] [TIME] 6098 dividends: 0.18s
2026-10-02 07:12:06,464 [INFO] [DETAIL] 6098 リクルートホールディングス: income_stmt=OK, balance_sheet=OK, cashflow=OK, dividends=OK
2026-10-02 07:12:06,464 [INFO] [TIME] 6098 リクルートホールディングス 処理時間: 0.82s
2026-10-02 07:12:07,826 [DEBUG] [TIME] 6099 info: 0.18s
2026-10-02 07:12:07,826 [DEBUG] yfinance OK: 6099
2026-10-02 07:12:08,047 [DEBUG] [TIME] 6099 income_stmt: 0.22s
2026-10-02 07:12:08,206 [DEBUG] [TIME] 6099 balance_sheet: 0.16s
2026-10-02 07:12:08,357 [DEBUG] [TIME] 6099 cashflow: 0.15s
2026-10-02 07:12:08,529 [DEBUG] [TIME] 6099 dividends: 0.17s
2026-10-02 07:12:08,530 [INFO] [DETAIL] 6099 エラン: income_stmt=OK, balance_sheet=OK, cashflow=OK, dividends=OK
2026-10-02 07:12:08,530 [INFO] [TIME] 6099 エラン 処理時間: 0.88s
2026-10-02 07:12:10,447 [DEBUG] [TIME] 6101 info: 0.17s
2026-10-02 07:12:10,447 [DEBUG] yfinance OK: 6101
2026-10-02 07:12:10,666 [DEBUG] [TIME] 6101 income_stmt: 0.22s
2026-10-02 07:12:10,909 [DEBUG] [TIME] 6101 balance_sheet: 0.24s
2026-10-02 07:12:11,052 [DEBUG] [TIME] 6101 cashflow: 0.14s
2026-10-02 07:12:11,355 [DEBUG] [TIME] 6101 dividends: 0.30s
2026-10-02 07:12:11,356 [INFO] [DETAIL] 6101 ツガミ: income_stmt=OK, balance_sheet=OK, cashflow=OK, dividends=OK
2026-10-02 07:12:11,356 [INFO] [TIME] 6101 ツガミ 処理時間: 1.08s
2026-10-02 07:12:12,775 [DEBUG] [TIME] 6103 info: 0.16s
2026-10-02 07:12:12,776 [DEBUG] yfinance OK: 6103
2026-10-02 07:12:12,942 [DEBUG] [TIME] 6103 income_stmt: 0.17s
2026-10-02 07:12:13,225 [DEBUG] [TIME] 6103 balance_sheet: 0.28s
2026-10-02 07:12:13,387 [DEBUG] [TIME] 6103 cashflow: 0.16s
2026-10-02 07:12:13,666 [DEBUG] [TIME] 6103 dividends: 0.28s
2026-10-02 07:12:13,667 [INFO] [DETAIL] 6103 オークマ: income_stmt=OK, balance_sheet=OK, cashflow=OK, dividends=OK
2026-10-02 07:12:13,667 [INFO] [TIME] 6103 オークマ 処理時間: 1.06s
2026-10-02 07:12:14,901 [DEBUG] [TIME] 6104 info: 0.21s
2026-10-02 07:12:14,901 [DEBUG] yfinance OK: 6104
2026-10-02 07:12:15,145 [DEBUG] [TIME] 6104 income_stmt: 0.24s
2026-10-02 07:12:15,423 [DEBUG] [TIME] 6104 balance_sheet: 0.28s
2026-10-02 07:12:15,639 [DEBUG] [TIME] 6104 cashflow: 0.22s
2026-10-02 07:12:15,924 [DEBUG] [TIME] 6104 dividends: 0.28s
2026-10-02 07:12:15,925 [INFO] [DETAIL] 6104 芝浦機械: income_stmt=OK, balance_sheet=OK, cashflow=OK, dividends=OK
2026-10-02 07:12:15,925 [INFO] [TIME] 6104 芝浦機械 処理時間: 1.23s
2026-10-02 07:12:17,765 [DEBUG] [TIME] 6113 info: 0.16s
2026-10-02 07:12:17,765 [DEBUG] yfinance OK: 6113
2026-10-02 07:12:17,903 [DEBUG] [TIME] 6113 income_stmt: 0.14s
2026-10-02 07:12:18,057 [DEBUG] [TIME] 6113 balance_sheet: 0.15s
2026-10-02 07:12:18,199 [DEBUG] [TIME] 6113 cashflow: 0.14s
2026-10-02 07:12:18,460 [DEBUG] [TIME] 6113 dividends: 0.26s
2026-10-02 07:12:18,461 [INFO] [DETAIL] 6113 アマダ: income_stmt=OK, balance_sheet=OK, cashflow=OK, dividends=OK
2026-10-02 07:12:18,461 [INFO] [TIME] 6113 アマダ 処理時間: 0.86s
2026-10-02 07:12:19,643 [DEBUG] [TIME] 6118 info: 0.16s
2026-10-02 07:12:19,643 [DEBUG] yfinance OK: 6118
2026-10-02 07:12:19,806 [DEBUG] [TIME] 6118 income_stmt: 0.16s
2026-10-02 07:12:19,968 [DEBUG] [TIME] 6118 balance_sheet: 0.16s
2026-10-02 07:12:20,109 [DEBUG] [TIME] 6118 cashflow: 0.14s
2026-10-02 07:12:20,383 [DEBUG] [TIME] 6118 dividends: 0.27s
2026-10-02 07:12:20,384 [INFO] [DETAIL] 6118 アイダエンジニアリング: income_stmt=OK, balance_sheet=OK, cashflow=OK, dividends=OK
2026-10-02 07:12:20,385 [INFO] [TIME] 6118 アイダエンジニアリング 処理時間: 0.90s
2026-10-02 07:12:21,584 [DEBUG] [TIME] 6125 info: 0.18s
2026-10-02 07:12:21,584 [DEBUG] yfinance OK: 6125
2026-10-02 07:12:21,747 [DEBUG] [TIME] 6125 income_stmt: 0.16s
2026-10-02 07:12:21,955 [DEBUG] [TIME] 6125 balance_sheet: 0.21s
2026-10-02 07:12:22,216 [DEBUG] [TIME] 6125 cashflow: 0.26s
2026-10-02 07:12:22,493 [DEBUG] [TIME] 6125 dividends: 0.28s
2026-10-02 07:12:22,494 [INFO] [DETAIL] 6125 岡本工作機械製作所: income_stmt=OK, balance_sheet=OK, cashflow=OK, dividends=OK
2026-10-02 07:12:22,494 [INFO] [TIME] 6125 岡本工作機械製作所 処理時間: 1.09s
2026-10-02 07:12:24,483 [DEBUG] [TIME] 6134 info: 0.18s
2026-10-02 07:12:24,483 [DEBUG] yfinance OK: 6134
2026-10-02 07:12:24,663 [DEBUG] [TIME] 6134 income_stmt: 0.18s
2026-10-02 07:12:24,939 [DEBUG] [TIME] 6134 balance_sheet: 0.28s
2026-10-02 07:12:25,071 [DEBUG] [TIME] 6134 cashflow: 0.13s
2026-10-02 07:12:25,297 [DEBUG] [TIME] 6134 dividends: 0.23s
2026-10-02 07:12:25,298 [INFO] [DETAIL] 6134 ＦＵＪＩ: income_stmt=OK, balance_sheet=OK, cashflow=OK, dividends=OK
2026-10-02 07:12:25,298 [INFO] [TIME] 6134 ＦＵＪＩ 処理時間: 1.00s
2026-10-02 07:12:27,332 [DEBUG] [TIME] 6135 info: 0.17s
2026-10-02 07:12:27,332 [DEBUG] yfinance OK: 6135
2026-10-02 07:12:27,537 [DEBUG] [TIME] 6135 income_stmt: 0.20s
2026-10-02 07:12:27,687 [DEBUG] [TIME] 6135 balance_sheet: 0.15s
2026-10-02 07:12:27,874 [DEBUG] [TIME] 6135 cashflow: 0.19s
2026-10-02 07:12:28,172 [DEBUG] [TIME] 6135 dividends: 0.30s
2026-10-02 07:12:28,173 [INFO] [DETAIL] 6135 牧野フライス製作所: income_stmt=OK, balance_sheet=OK, cashflow=OK, dividends=OK
2026-10-02 07:12:28,173 [INFO] [TIME] 6135 牧野フライス製作所 処理時間: 1.01s
2026-10-02 07:12:29,820 [DEBUG] [TIME] 6136 info: 0.16s
2026-10-02 07:12:29,820 [DEBUG] yfinance OK: 6136
2026-10-02 07:12:29,979 [DEBUG] [TIME] 6136 income_stmt: 0.16s
2026-10-02 07:12:30,168 [DEBUG] [TIME] 6136 balance_sheet: 0.19s
2026-10-02 07:12:30,422 [DEBUG] [TIME] 6136 cashflow: 0.25s
2026-10-02 07:12:30,731 [DEBUG] [TIME] 6136 dividends: 0.31s
2026-10-02 07:12:30,732 [INFO] [DETAIL] 6136 オーエスジー: income_stmt=OK, balance_sheet=OK, cashflow=OK, dividends=OK
2026-10-02 07:12:30,732 [INFO] [TIME] 6136 オーエスジー 処理時間: 1.07s
2026-10-02 07:12:32,851 [DEBUG] [TIME] 6137 info: 0.17s
2026-10-02 07:12:32,851 [DEBUG] yfinance OK: 6137
2026-10-02 07:12:33,071 [DEBUG] [TIME] 6137 income_stmt: 0.22s
2026-10-02 07:12:33,257 [DEBUG] [TIME] 6137 balance_sheet: 0.19s
2026-10-02 07:12:33,406 [DEBUG] [TIME] 6137 cashflow: 0.15s
2026-10-02 07:12:33,718 [DEBUG] [TIME] 6137 dividends: 0.31s
2026-10-02 07:12:33,719 [INFO] [DETAIL] 6137 小池酸素工業: income_stmt=OK, balance_sheet=OK, cashflow=OK, dividends=OK
2026-10-02 07:12:33,720 [INFO] [TIME] 6137 小池酸素工業 処理時間: 1.04s
2026-10-02 07:12:35,491 [DEBUG] [TIME] 6138 info: 0.17s
2026-10-02 07:12:35,491 [DEBUG] yfinance OK: 6138
2026-10-02 07:12:35,723 [DEBUG] [TIME] 6138 income_stmt: 0.23s
2026-10-02 07:12:35,995 [DEBUG] [TIME] 6138 balance_sheet: 0.27s
2026-10-02 07:12:36,257 [DEBUG] [TIME] 6138 cashflow: 0.26s
2026-10-02 07:12:36,521 [DEBUG] [TIME] 6138 dividends: 0.26s
2026-10-02 07:12:36,522 [INFO] [DETAIL] 6138 ダイジェット工業: income_stmt=OK, balance_sheet=OK, cashflow=OK, dividends=OK
2026-10-02 07:12:36,522 [INFO] [TIME] 6138 ダイジェット工業 処理時間: 1.20s
2026-10-02 07:12:38,007 [DEBUG] [TIME] 6140 info: 0.16s
2026-10-02 07:12:38,007 [DEBUG] yfinance OK: 6140
2026-10-02 07:12:38,228 [DEBUG] [TIME] 6140 income_stmt: 0.22s
2026-10-02 07:12:38,508 [DEBUG] [TIME] 6140 balance_sheet: 0.28s
2026-10-02 07:12:38,804 [DEBUG] [TIME] 6140 cashflow: 0.30s
2026-10-02 07:12:39,081 [DEBUG] [TIME] 6140 dividends: 0.28s
2026-10-02 07:12:39,082 [INFO] [DETAIL] 6140 旭ダイヤモンド工業: income_stmt=OK, balance_sheet=OK, cashflow=OK, dividends=OK
2026-10-02 07:12:39,082 [INFO] [TIME] 6140 旭ダイヤモンド工業 処理時間: 1.24s
2026-10-02 07:12:40,558 [DEBUG] [TIME] 6141 info: 0.18s
2026-10-02 07:12:40,559 [DEBUG] yfinance OK: 6141
2026-10-02 07:12:40,757 [DEBUG] [TIME] 6141 income_stmt: 0.20s
2026-10-02 07:12:41,110 [DEBUG] [TIME] 6141 balance_sheet: 0.35s
2026-10-02 07:12:41,335 [DEBUG] [TIME] 6141 cashflow: 0.22s
2026-10-02 07:12:41,605 [DEBUG] [TIME] 6141 dividends: 0.27s
2026-10-02 07:12:41,606 [INFO] [DETAIL] 6141 ＤＭＧ森精機: income_stmt=OK, balance_sheet=OK, cashflow=OK, dividends=OK
2026-10-02 07:12:41,606 [INFO] [TIME] 6141 ＤＭＧ森精機 処理時間: 1.23s
2026-10-02 07:12:42,794 [DEBUG] [TIME] 6143 info: 0.17s
2026-10-02 07:12:42,794 [DEBUG] yfinance OK: 6143
2026-10-02 07:12:42,996 [DEBUG] [TIME] 6143 income_stmt: 0.20s
2026-10-02 07:12:43,251 [DEBUG] [TIME] 6143 balance_sheet: 0.25s
2026-10-02 07:12:43,450 [DEBUG] [TIME] 6143 cashflow: 0.20s
2026-10-02 07:12:43,730 [DEBUG] [TIME] 6143 dividends: 0.28s
2026-10-02 07:12:43,731 [INFO] [DETAIL] 6143 ソディック: income_stmt=OK, balance_sheet=OK, cashflow=OK, dividends=OK
2026-10-02 07:12:43,731 [INFO] [TIME] 6143 ソディック 処理時間: 1.10s
2026-10-02 07:12:45,391 [DEBUG] [TIME] 6144 info: 0.17s
2026-10-02 07:12:45,391 [DEBUG] yfinance OK: 6144
2026-10-02 07:12:45,589 [DEBUG] [TIME] 6144 income_stmt: 0.20s
2026-10-02 07:12:45,912 [DEBUG] [TIME] 6144 balance_sheet: 0.32s
2026-10-02 07:12:46,202 [DEBUG] [TIME] 6144 cashflow: 0.29s
2026-10-02 07:12:46,440 [DEBUG] [TIME] 6144 dividends: 0.24s
2026-10-02 07:12:46,441 [INFO] [DETAIL] 6144 西部電機: income_stmt=OK, balance_sheet=OK, cashflow=OK, dividends=OK
2026-10-02 07:12:46,441 [INFO] [TIME] 6144 西部電機 処理時間: 1.22s
2026-10-02 07:12:48,357 [DEBUG] [TIME] 6145 info: 0.16s
2026-10-02 07:12:48,357 [DEBUG] yfinance OK: 6145
2026-10-02 07:12:48,561 [DEBUG] [TIME] 6145 income_stmt: 0.20s
2026-10-02 07:12:48,731 [DEBUG] [TIME] 6145 balance_sheet: 0.17s
2026-10-02 07:12:48,967 [DEBUG] [TIME] 6145 cashflow: 0.23s
2026-10-02 07:12:49,266 [DEBUG] [TIME] 6145 dividends: 0.30s
2026-10-02 07:12:49,267 [INFO] [DETAIL] 6145 ＮＩＴＴＯＫＵ: income_stmt=OK, balance_sheet=OK, cashflow=OK, dividends=OK
2026-10-02 07:12:49,267 [INFO] [TIME] 6145 ＮＩＴＴＯＫＵ 処理時間: 1.07s
2026-10-02 07:12:50,864 [DEBUG] [TIME] 6146 info: 0.17s
2026-10-02 07:12:50,865 [DEBUG] yfinance OK: 6146
2026-10-02 07:12:51,079 [DEBUG] [TIME] 6146 income_stmt: 0.21s
2026-10-02 07:12:51,335 [DEBUG] [TIME] 6146 balance_sheet: 0.26s
2026-10-02 07:12:51,557 [DEBUG] [TIME] 6146 cashflow: 0.22s
2026-10-02 07:12:51,862 [DEBUG] [TIME] 6146 dividends: 0.31s
2026-10-02 07:12:51,864 [INFO] [DETAIL] 6146 ディスコ: income_stmt=OK, balance_sheet=OK, cashflow=OK, dividends=OK
2026-10-02 07:12:51,864 [INFO] [TIME] 6146 ディスコ 処理時間: 1.17s
2026-10-02 07:12:53,554 [DEBUG] [TIME] 6147 info: 0.17s
2026-10-02 07:12:53,554 [DEBUG] yfinance OK: 6147
2026-10-02 07:12:53,708 [DEBUG] [TIME] 6147 income_stmt: 0.15s
2026-10-02 07:12:53,913 [DEBUG] [TIME] 6147 balance_sheet: 0.20s
2026-10-02 07:12:54,087 [DEBUG] [TIME] 6147 cashflow: 0.17s
2026-10-02 07:12:54,338 [DEBUG] [TIME] 6147 dividends: 0.25s
2026-10-02 07:12:54,339 [INFO] [DETAIL] 6147 ヤマザキ: income_stmt=OK, balance_sheet=OK, cashflow=OK, dividends=OK
2026-10-02 07:12:54,339 [INFO] [TIME] 6147 ヤマザキ 処理時間: 0.96s
2026-10-02 07:12:55,566 [DEBUG] [TIME] 6149 info: 0.18s
2026-10-02 07:12:55,566 [DEBUG] yfinance OK: 6149
2026-10-02 07:12:55,790 [DEBUG] [TIME] 6149 income_stmt: 0.22s
2026-10-02 07:12:55,988 [DEBUG] [TIME] 6149 balance_sheet: 0.20s
2026-10-02 07:12:56,214 [DEBUG] [TIME] 6149 cashflow: 0.22s
2026-10-02 07:12:56,472 [DEBUG] [TIME] 6149 dividends: 0.26s
2026-10-02 07:12:56,473 [INFO] [DETAIL] 6149 小田原エンジニアリング: income_stmt=OK, balance_sheet=OK, cashflow=OK, dividends=OK
2026-10-02 07:12:56,473 [INFO] [TIME] 6149 小田原エンジニアリング 処理時間: 1.08s
2026-10-02 07:12:58,251 [DEBUG] [TIME] 6150 info: 0.17s
2026-10-02 07:12:58,251 [DEBUG] yfinance OK: 6150
2026-10-02 07:12:58,396 [DEBUG] [TIME] 6150 income_stmt: 0.14s
2026-10-02 07:12:58,583 [DEBUG] [TIME] 6150 balance_sheet: 0.19s
2026-10-02 07:12:58,710 [DEBUG] [TIME] 6150 cashflow: 0.13s
2026-10-02 07:12:58,970 [DEBUG] [TIME] 6150 dividends: 0.26s
2026-10-02 07:12:58,971 [INFO] [DETAIL] 6150 タケダ機械: income_stmt=OK, balance_sheet=OK, cashflow=OK, dividends=OK
2026-10-02 07:12:58,972 [INFO] [TIME] 6150 タケダ機械 処理時間: 0.89s
2026-10-02 07:13:00,574 [DEBUG] [TIME] 6151 info: 0.16s
2026-10-02 07:13:00,574 [DEBUG] yfinance OK: 6151
2026-10-02 07:13:00,763 [DEBUG] [TIME] 6151 income_stmt: 0.19s
2026-10-02 07:13:01,056 [DEBUG] [TIME] 6151 balance_sheet: 0.29s
2026-10-02 07:13:01,228 [DEBUG] [TIME] 6151 cashflow: 0.17s
2026-10-02 07:13:01,469 [DEBUG] [TIME] 6151 dividends: 0.24s
2026-10-02 07:13:01,470 [INFO] [DETAIL] 6151 日東工器: income_stmt=OK, balance_sheet=OK, cashflow=OK, dividends=OK
2026-10-02 07:13:01,471 [INFO] [TIME] 6151 日東工器 処理時間: 1.06s
2026-10-02 07:13:02,889 [DEBUG] [TIME] 6155 info: 0.17s
2026-10-02 07:13:02,889 [DEBUG] yfinance OK: 6155
2026-10-02 07:13:03,066 [DEBUG] [TIME] 6155 income_stmt: 0.18s
2026-10-02 07:13:03,252 [DEBUG] [TIME] 6155 balance_sheet: 0.19s
2026-10-02 07:13:03,384 [DEBUG] [TIME] 6155 cashflow: 0.13s
2026-10-02 07:13:03,614 [DEBUG] [TIME] 6155 dividends: 0.23s
2026-10-02 07:13:03,615 [INFO] [DETAIL] 6155 高松機械工業: income_stmt=OK, balance_sheet=OK, cashflow=OK, dividends=OK
2026-10-02 07:13:03,616 [INFO] [TIME] 6155 高松機械工業 処理時間: 0.89s
2026-10-02 07:13:05,673 [DEBUG] [TIME] 6156 info: 0.17s
2026-10-02 07:13:05,673 [DEBUG] yfinance OK: 6156
2026-10-02 07:13:05,921 [DEBUG] [TIME] 6156 income_stmt: 0.25s
2026-10-02 07:13:06,080 [DEBUG] [TIME] 6156 balance_sheet: 0.16s
2026-10-02 07:13:06,197 [DEBUG] [TIME] 6156 cashflow: 0.12s
2026-10-02 07:13:06,457 [DEBUG] [TIME] 6156 dividends: 0.26s
2026-10-02 07:13:06,458 [INFO] [DETAIL] 6156 エーワン精密: income_stmt=OK, balance_sheet=OK, cashflow=OK, dividends=OK
2026-10-02 07:13:06,458 [INFO] [TIME] 6156 エーワン精密 処理時間: 0.95s
2026-10-02 07:13:07,910 [DEBUG] [TIME] 6157 info: 0.18s
2026-10-02 07:13:07,910 [DEBUG] yfinance OK: 6157
2026-10-02 07:13:08,082 [DEBUG] [TIME] 6157 income_stmt: 0.17s
2026-10-02 07:13:08,291 [DEBUG] [TIME] 6157 balance_sheet: 0.21s
2026-10-02 07:13:08,429 [DEBUG] [TIME] 6157 cashflow: 0.14s
2026-10-02 07:13:08,671 [DEBUG] [TIME] 6157 dividends: 0.24s
2026-10-02 07:13:08,672 [INFO] [DETAIL] 6157 日進工具: income_stmt=OK, balance_sheet=OK, cashflow=OK, dividends=OK
2026-10-02 07:13:08,672 [INFO] [TIME] 6157 日進工具 処理時間: 0.94s
2026-10-02 07:13:10,266 [DEBUG] [TIME] 6158 info: 0.17s
2026-10-02 07:13:10,266 [DEBUG] yfinance OK: 6158
2026-10-02 07:13:10,490 [DEBUG] [TIME] 6158 income_stmt: 0.22s
2026-10-02 07:13:10,753 [DEBUG] [TIME] 6158 balance_sheet: 0.26s
2026-10-02 07:13:10,983 [DEBUG] [TIME] 6158 cashflow: 0.23s
2026-10-02 07:13:11,211 [DEBUG] [TIME] 6158 dividends: 0.23s
2026-10-02 07:13:11,212 [INFO] [DETAIL] 6158 和井田製作所: income_stmt=OK, balance_sheet=OK, cashflow=OK, dividends=OK
2026-10-02 07:13:11,212 [INFO] [TIME] 6158 和井田製作所 処理時間: 1.12s
2026-10-02 07:13:13,354 [DEBUG] [TIME] 6159 info: 0.17s
2026-10-02 07:13:13,354 [DEBUG] yfinance OK: 6159
2026-10-02 07:13:13,546 [DEBUG] [TIME] 6159 income_stmt: 0.19s
2026-10-02 07:13:13,813 [DEBUG] [TIME] 6159 balance_sheet: 0.27s
2026-10-02 07:13:14,003 [DEBUG] [TIME] 6159 cashflow: 0.19s
2026-10-02 07:13:14,262 [DEBUG] [TIME] 6159 dividends: 0.26s
2026-10-02 07:13:14,263 [INFO] [DETAIL] 6159 ミクロン精密: income_stmt=OK, balance_sheet=OK, cashflow=OK, dividends=OK
2026-10-02 07:13:14,263 [INFO] [TIME] 6159 ミクロン精密 処理時間: 1.08s
2026-10-02 07:13:15,895 [DEBUG] [TIME] 6161 info: 0.16s
2026-10-02 07:13:15,895 [DEBUG] yfinance OK: 6161
2026-10-02 07:13:16,107 [DEBUG] [TIME] 6161 income_stmt: 0.21s
2026-10-02 07:13:16,277 [DEBUG] [TIME] 6161 balance_sheet: 0.17s
2026-10-02 07:13:16,393 [DEBUG] [TIME] 6161 cashflow: 0.12s
2026-10-02 07:13:16,648 [DEBUG] [TIME] 6161 dividends: 0.25s
2026-10-02 07:13:16,649 [INFO] [DETAIL] 6161 エスティック: income_stmt=OK, balance_sheet=OK, cashflow=OK, dividends=OK
2026-10-02 07:13:16,649 [INFO] [TIME] 6161 エスティック 処理時間: 0.91s
2026-10-02 07:13:18,310 [DEBUG] [TIME] 6165 info: 0.16s
2026-10-02 07:13:18,310 [DEBUG] yfinance OK: 6165
2026-10-02 07:13:18,456 [DEBUG] [TIME] 6165 income_stmt: 0.15s
2026-10-02 07:13:18,724 [DEBUG] [TIME] 6165 balance_sheet: 0.27s
2026-10-02 07:13:18,944 [DEBUG] [TIME] 6165 cashflow: 0.22s
2026-10-02 07:13:19,152 [DEBUG] [TIME] 6165 dividends: 0.21s
2026-10-02 07:13:19,153 [INFO] [DETAIL] 6165 パンチ工業: income_stmt=OK, balance_sheet=OK, cashflow=OK, dividends=OK
2026-10-02 07:13:19,153 [INFO] [TIME] 6165 パンチ工業 処理時間: 1.01s
2026-10-02 07:13:20,454 [DEBUG] [TIME] 6166 info: 0.16s
2026-10-02 07:13:20,454 [DEBUG] yfinance OK: 6166
2026-10-02 07:13:20,658 [DEBUG] [TIME] 6166 income_stmt: 0.20s
2026-10-02 07:13:20,859 [DEBUG] [TIME] 6166 balance_sheet: 0.20s
2026-10-02 07:13:21,089 [DEBUG] [TIME] 6166 cashflow: 0.23s
2026-10-02 07:13:21,281 [DEBUG] [TIME] 6166 dividends: 0.19s
2026-10-02 07:13:21,282 [INFO] [DETAIL] 6166 中村超硬: income_stmt=OK, balance_sheet=OK, cashflow=OK, dividends=OK
2026-10-02 07:13:21,282 [INFO] [TIME] 6166 中村超硬 処理時間: 0.99s
2026-10-02 07:13:23,015 [DEBUG] [TIME] 6167 info: 0.17s
2026-10-02 07:13:23,015 [DEBUG] yfinance OK: 6167
2026-10-02 07:13:23,241 [DEBUG] [TIME] 6167 income_stmt: 0.23s
2026-10-02 07:13:23,545 [DEBUG] [TIME] 6167 balance_sheet: 0.30s
2026-10-02 07:13:23,845 [DEBUG] [TIME] 6167 cashflow: 0.30s
2026-10-02 07:13:24,030 [DEBUG] [TIME] 6167 dividends: 0.18s
2026-10-02 07:13:24,031 [INFO] [DETAIL] 6167 冨士ダイス: income_stmt=OK, balance_sheet=OK, cashflow=OK, dividends=OK
2026-10-02 07:13:24,031 [INFO] [TIME] 6167 冨士ダイス 処理時間: 1.19s
2026-10-02 07:13:25,980 [DEBUG] [TIME] 6171 info: 0.17s
2026-10-02 07:13:25,980 [DEBUG] yfinance OK: 6171
2026-10-02 07:13:26,168 [DEBUG] [TIME] 6171 income_stmt: 0.19s
2026-10-02 07:13:26,341 [DEBUG] [TIME] 6171 balance_sheet: 0.17s
2026-10-02 07:13:26,519 [DEBUG] [TIME] 6171 cashflow: 0.18s
2026-10-02 07:13:26,688 [DEBUG] [TIME] 6171 dividends: 0.17s
2026-10-02 07:13:26,689 [INFO] [DETAIL] 6171 土木管理総合試験所: income_stmt=OK, balance_sheet=OK, cashflow=OK, dividends=OK
2026-10-02 07:13:26,689 [INFO] [TIME] 6171 土木管理総合試験所 処理時間: 0.88s
2026-10-02 07:13:28,010 [DEBUG] [TIME] 6173 info: 0.28s
2026-10-02 07:13:28,010 [WARNING] yfinance データなし: 6173
2026-10-02 07:13:28,010 [INFO] [TIME] 6173 アクアライン 処理時間: 0.28s
2026-10-02 07:13:29,630 [DEBUG] [TIME] 6176 info: 0.16s
2026-10-02 07:13:29,630 [DEBUG] yfinance OK: 6176
2026-10-02 07:13:29,795 [DEBUG] [TIME] 6176 income_stmt: 0.16s
2026-10-02 07:13:30,059 [DEBUG] [TIME] 6176 balance_sheet: 0.26s
2026-10-02 07:13:30,195 [DEBUG] [TIME] 6176 cashflow: 0.14s
2026-10-02 07:13:30,351 [DEBUG] [TIME] 6176 dividends: 0.16s
2026-10-02 07:13:30,352 [INFO] [DETAIL] 6176 ブランジスタ: income_stmt=OK, balance_sheet=OK, cashflow=OK, dividends=OK
2026-10-02 07:13:30,352 [INFO] [TIME] 6176 ブランジスタ 処理時間: 0.89s
2026-10-02 07:13:31,908 [DEBUG] [TIME] 6177 info: 0.16s
2026-10-02 07:13:31,908 [DEBUG] yfinance OK: 6177
2026-10-02 07:13:32,079 [DEBUG] [TIME] 6177 income_stmt: 0.17s
2026-10-02 07:13:32,343 [DEBUG] [TIME] 6177 balance_sheet: 0.26s
2026-10-02 07:13:32,530 [DEBUG] [TIME] 6177 cashflow: 0.19s
2026-10-02 07:13:32,659 [DEBUG] [TIME] 6177 dividends: 0.13s
2026-10-02 07:13:32,659 [INFO] [DETAIL] 6177 ＡｐｐＢａｎｋ: income_stmt=OK, balance_sheet=OK, cashflow=OK, dividends=EMPTY
2026-10-02 07:13:32,659 [INFO] [TIME] 6177 ＡｐｐＢａｎｋ 処理時間: 0.91s
2026-10-02 07:13:34,169 [DEBUG] [TIME] 6178 info: 0.16s
2026-10-02 07:13:34,169 [DEBUG] yfinance OK: 6178
2026-10-02 07:13:34,311 [DEBUG] [TIME] 6178 income_stmt: 0.14s
2026-10-02 07:13:34,470 [DEBUG] [TIME] 6178 balance_sheet: 0.16s
2026-10-02 07:13:34,616 [DEBUG] [TIME] 6178 cashflow: 0.14s
2026-10-02 07:13:34,786 [DEBUG] [TIME] 6178 dividends: 0.17s
2026-10-02 07:13:34,787 [INFO] [DETAIL] 6178 日本郵政: income_stmt=OK, balance_sheet=OK, cashflow=OK, dividends=OK
2026-10-02 07:13:34,787 [INFO] [TIME] 6178 日本郵政 処理時間: 0.78s
2026-10-02 07:13:36,077 [DEBUG] [TIME] 6180 info: 0.17s
2026-10-02 07:13:36,077 [DEBUG] yfinance OK: 6180
2026-10-02 07:13:36,245 [DEBUG] [TIME] 6180 income_stmt: 0.17s
2026-10-02 07:13:36,436 [DEBUG] [TIME] 6180 balance_sheet: 0.19s
2026-10-02 07:13:36,702 [DEBUG] [TIME] 6180 cashflow: 0.27s
2026-10-02 07:13:36,863 [DEBUG] [TIME] 6180 dividends: 0.16s
2026-10-02 07:13:36,864 [INFO] [DETAIL] 6180 ＧＭＯメディア: income_stmt=OK, balance_sheet=OK, cashflow=OK, dividends=OK
2026-10-02 07:13:36,864 [INFO] [TIME] 6180 ＧＭＯメディア 処理時間: 0.96s
2026-10-02 07:13:38,117 [DEBUG] [TIME] 6181 info: 0.19s
2026-10-02 07:13:38,117 [DEBUG] yfinance OK: 6181
2026-10-02 07:13:38,326 [DEBUG] [TIME] 6181 income_stmt: 0.21s
2026-10-02 07:13:38,633 [DEBUG] [TIME] 6181 balance_sheet: 0.31s
2026-10-02 07:13:38,885 [DEBUG] [TIME] 6181 cashflow: 0.25s
2026-10-02 07:13:39,042 [DEBUG] [TIME] 6181 dividends: 0.16s
2026-10-02 07:13:39,042 [INFO] [DETAIL] 6181 タメニー: income_stmt=OK, balance_sheet=OK, cashflow=OK, dividends=EMPTY
2026-10-02 07:13:39,042 [INFO] [TIME] 6181 タメニー 処理時間: 1.11s
2026-10-02 07:13:40,277 [DEBUG] [TIME] 6182 info: 0.22s
2026-10-02 07:13:40,278 [DEBUG] yfinance OK: 6182
2026-10-02 07:13:40,485 [DEBUG] [TIME] 6182 income_stmt: 0.21s
2026-10-02 07:13:40,764 [DEBUG] [TIME] 6182 balance_sheet: 0.28s
2026-10-02 07:13:40,986 [DEBUG] [TIME] 6182 cashflow: 0.22s
2026-10-02 07:13:41,144 [DEBUG] [TIME] 6182 dividends: 0.16s
2026-10-02 07:13:41,146 [INFO] [DETAIL] 6182 メタリアル: income_stmt=OK, balance_sheet=OK, cashflow=OK, dividends=OK
2026-10-02 07:13:41,146 [INFO] [TIME] 6182 メタリアル 処理時間: 1.08s
2026-10-02 07:13:42,915 [DEBUG] [TIME] 6183 info: 0.18s
2026-10-02 07:13:42,915 [DEBUG] yfinance OK: 6183
2026-10-02 07:13:43,058 [DEBUG] [TIME] 6183 income_stmt: 0.14s
2026-10-02 07:13:43,221 [DEBUG] [TIME] 6183 balance_sheet: 0.16s
2026-10-02 07:13:43,498 [DEBUG] [TIME] 6183 cashflow: 0.28s
2026-10-02 07:13:43,658 [DEBUG] [TIME] 6183 dividends: 0.16s
2026-10-02 07:13:43,659 [INFO] [DETAIL] 6183 ベルシステム２４ホールディングス: income_stmt=OK, balance_sheet=OK, cashflow=OK, dividends=OK
2026-10-02 07:13:43,659 [INFO] [TIME] 6183 ベルシステム２４ホールディングス 処理時間: 0.93s
2026-10-02 07:13:45,682 [DEBUG] [TIME] 6184 info: 0.17s
2026-10-02 07:13:45,682 [DEBUG] yfinance OK: 6184
2026-10-02 07:13:45,917 [DEBUG] [TIME] 6184 income_stmt: 0.23s
2026-10-02 07:13:46,218 [DEBUG] [TIME] 6184 balance_sheet: 0.30s
2026-10-02 07:13:46,387 [DEBUG] [TIME] 6184 cashflow: 0.17s
2026-10-02 07:13:46,551 [DEBUG] [TIME] 6184 dividends: 0.16s
2026-10-02 07:13:46,552 [INFO] [DETAIL] 6184 鎌倉新書: income_stmt=OK, balance_sheet=OK, cashflow=OK, dividends=OK
2026-10-02 07:13:46,552 [INFO] [TIME] 6184 鎌倉新書 処理時間: 1.04s
2026-10-02 07:13:48,493 [DEBUG] [TIME] 6185 info: 0.17s
2026-10-02 07:13:48,493 [DEBUG] yfinance OK: 6185
2026-10-02 07:13:48,643 [DEBUG] [TIME] 6185 income_stmt: 0.15s
2026-10-02 07:13:48,793 [DEBUG] [TIME] 6185 balance_sheet: 0.15s
2026-10-02 07:13:49,032 [DEBUG] [TIME] 6185 cashflow: 0.24s
2026-10-02 07:13:49,169 [DEBUG] [TIME] 6185 dividends: 0.14s
2026-10-02 07:13:49,169 [INFO] [DETAIL] 6185 ＳＭＮ: income_stmt=OK, balance_sheet=OK, cashflow=OK, dividends=EMPTY
2026-10-02 07:13:49,169 [INFO] [TIME] 6185 ＳＭＮ 処理時間: 0.85s
2026-10-02 07:13:50,484 [DEBUG] [TIME] 6186 info: 0.17s
2026-10-02 07:13:50,484 [DEBUG] yfinance OK: 6186
2026-10-02 07:13:50,639 [DEBUG] [TIME] 6186 income_stmt: 0.15s
2026-10-02 07:13:50,901 [DEBUG] [TIME] 6186 balance_sheet: 0.26s
2026-10-02 07:13:51,128 [DEBUG] [TIME] 6186 cashflow: 0.23s
2026-10-02 07:13:51,300 [DEBUG] [TIME] 6186 dividends: 0.17s
2026-10-02 07:13:51,301 [INFO] [DETAIL] 6186 一蔵: income_stmt=OK, balance_sheet=OK, cashflow=OK, dividends=OK
2026-10-02 07:13:51,302 [INFO] [TIME] 6186 一蔵 処理時間: 0.99s
2026-10-02 07:13:53,049 [DEBUG] [TIME] 6189 info: 0.17s
2026-10-02 07:13:53,049 [DEBUG] yfinance OK: 6189
2026-10-02 07:13:53,261 [DEBUG] [TIME] 6189 income_stmt: 0.21s
2026-10-02 07:13:53,452 [DEBUG] [TIME] 6189 balance_sheet: 0.19s
2026-10-02 07:13:53,595 [DEBUG] [TIME] 6189 cashflow: 0.14s
2026-10-02 07:13:53,757 [DEBUG] [TIME] 6189 dividends: 0.16s
2026-10-02 07:13:53,758 [INFO] [DETAIL] 6189 グローバルキッズＣＯＭＰＡＮＹ: income_stmt=OK, balance_sheet=OK, cashflow=OK, dividends=OK
2026-10-02 07:13:53,758 [INFO] [TIME] 6189 グローバルキッズＣＯＭＰＡＮＹ 処理時間: 0.88s
2026-10-02 07:13:55,433 [DEBUG] [TIME] 6190 info: 0.17s
2026-10-02 07:13:55,433 [DEBUG] yfinance OK: 6190
2026-10-02 07:13:55,580 [DEBUG] [TIME] 6190 income_stmt: 0.15s
2026-10-02 07:13:55,724 [DEBUG] [TIME] 6190 balance_sheet: 0.14s
2026-10-02 07:13:55,850 [DEBUG] [TIME] 6190 cashflow: 0.13s
2026-10-02 07:13:55,984 [DEBUG] [TIME] 6190 dividends: 0.13s
2026-10-02 07:13:55,984 [INFO] [DETAIL] 6190 フェニックスバイオ: income_stmt=OK, balance_sheet=OK, cashflow=OK, dividends=EMPTY
2026-10-02 07:13:55,984 [INFO] [TIME] 6190 フェニックスバイオ 処理時間: 0.72s
2026-10-02 07:13:57,905 [DEBUG] [TIME] 6191 info: 0.19s
2026-10-02 07:13:57,905 [DEBUG] yfinance OK: 6191
2026-10-02 07:13:58,128 [DEBUG] [TIME] 6191 income_stmt: 0.22s
2026-10-02 07:13:58,294 [DEBUG] [TIME] 6191 balance_sheet: 0.17s
2026-10-02 07:13:58,508 [DEBUG] [TIME] 6191 cashflow: 0.21s
2026-10-02 07:13:58,697 [DEBUG] [TIME] 6191 dividends: 0.19s
2026-10-02 07:13:58,698 [INFO] [DETAIL] 6191 エアトリ: income_stmt=OK, balance_sheet=OK, cashflow=OK, dividends=OK
2026-10-02 07:13:58,698 [INFO] [TIME] 6191 エアトリ 処理時間: 0.98s
2026-10-02 07:14:00,833 [DEBUG] [TIME] 6193 info: 0.17s
2026-10-02 07:14:00,833 [DEBUG] yfinance OK: 6193
2026-10-02 07:14:01,000 [DEBUG] [TIME] 6193 income_stmt: 0.17s
2026-10-02 07:14:01,188 [DEBUG] [TIME] 6193 balance_sheet: 0.19s
2026-10-02 07:14:01,413 [DEBUG] [TIME] 6193 cashflow: 0.22s
2026-10-02 07:14:01,566 [DEBUG] [TIME] 6193 dividends: 0.15s
2026-10-02 07:14:01,567 [INFO] [DETAIL] 6193 バーチャレクス・ホールディングス: income_stmt=OK, balance_sheet=OK, cashflow=OK, dividends=OK
2026-10-02 07:14:01,567 [INFO] [TIME] 6193 バーチャレクス・ホールディングス 処理時間: 0.90s
2026-10-02 07:14:03,339 [DEBUG] [TIME] 6194 info: 0.19s
2026-10-02 07:14:03,339 [DEBUG] yfinance OK: 6194
2026-10-02 07:14:03,473 [DEBUG] [TIME] 6194 income_stmt: 0.13s
2026-10-02 07:14:03,724 [DEBUG] [TIME] 6194 balance_sheet: 0.25s
2026-10-02 07:14:03,933 [DEBUG] [TIME] 6194 cashflow: 0.21s
2026-10-02 07:14:04,084 [DEBUG] [TIME] 6194 dividends: 0.15s
2026-10-02 07:14:04,085 [INFO] [DETAIL] 6194 アトラエ: income_stmt=OK, balance_sheet=OK, cashflow=OK, dividends=OK
2026-10-02 07:14:04,085 [INFO] [TIME] 6194 アトラエ 処理時間: 0.93s
2026-10-02 07:14:06,068 [DEBUG] [TIME] 6195 info: 0.18s
2026-10-02 07:14:06,068 [DEBUG] yfinance OK: 6195
2026-10-02 07:14:06,265 [DEBUG] [TIME] 6195 income_stmt: 0.20s
2026-10-02 07:14:06,434 [DEBUG] [TIME] 6195 balance_sheet: 0.17s
2026-10-02 07:14:06,659 [DEBUG] [TIME] 6195 cashflow: 0.22s
2026-10-02 07:14:06,825 [DEBUG] [TIME] 6195 dividends: 0.17s
2026-10-02 07:14:06,826 [INFO] [DETAIL] 6195 ホープ: income_stmt=OK, balance_sheet=OK, cashflow=OK, dividends=OK
2026-10-02 07:14:06,826 [INFO] [TIME] 6195 ホープ 処理時間: 0.94s
2026-10-02 07:14:08,792 [DEBUG] [TIME] 6196 info: 0.17s
2026-10-02 07:14:08,792 [DEBUG] yfinance OK: 6196
2026-10-02 07:14:08,964 [DEBUG] [TIME] 6196 income_stmt: 0.17s
2026-10-02 07:14:09,109 [DEBUG] [TIME] 6196 balance_sheet: 0.15s
2026-10-02 07:14:09,225 [DEBUG] [TIME] 6196 cashflow: 0.11s
2026-10-02 07:14:09,415 [DEBUG] [TIME] 6196 dividends: 0.19s
2026-10-02 07:14:09,416 [INFO] [DETAIL] 6196 ストライクグループ: income_stmt=OK, balance_sheet=OK, cashflow=OK, dividends=OK
2026-10-02 07:14:09,416 [INFO] [TIME] 6196 ストライクグループ 処理時間: 0.79s
2026-10-02 07:14:11,188 [DEBUG] [TIME] 6197 info: 0.19s
2026-10-02 07:14:11,188 [WARNING] yfinance データなし: 6197
2026-10-02 07:14:11,188 [INFO] [TIME] 6197 ソラスト 処理時間: 0.19s
2026-10-02 07:14:12,909 [DEBUG] [TIME] 6198 info: 0.16s
2026-10-02 07:14:12,909 [DEBUG] yfinance OK: 6198
2026-10-02 07:14:13,143 [DEBUG] [TIME] 6198 income_stmt: 0.23s
2026-10-02 07:14:13,317 [DEBUG] [TIME] 6198 balance_sheet: 0.17s
2026-10-02 07:14:13,534 [DEBUG] [TIME] 6198 cashflow: 0.22s
2026-10-02 07:14:13,693 [DEBUG] [TIME] 6198 dividends: 0.16s
2026-10-02 07:14:13,694 [INFO] [DETAIL] 6198 キャリア: income_stmt=OK, balance_sheet=OK, cashflow=OK, dividends=OK
2026-10-02 07:14:13,694 [INFO] [TIME] 6198 キャリア 処理時間: 0.95s
2026-10-02 07:14:15,403 [DEBUG] [TIME] 6199 info: 0.17s
2026-10-02 07:14:15,404 [DEBUG] yfinance OK: 6199
2026-10-02 07:14:15,528 [DEBUG] [TIME] 6199 income_stmt: 0.12s
2026-10-02 07:14:15,693 [DEBUG] [TIME] 6199 balance_sheet: 0.16s
2026-10-02 07:14:15,803 [DEBUG] [TIME] 6199 cashflow: 0.11s
2026-10-02 07:14:15,977 [DEBUG] [TIME] 6199 dividends: 0.17s
2026-10-02 07:14:15,978 [INFO] [DETAIL] 6199 セラク: income_stmt=OK, balance_sheet=OK, cashflow=OK, dividends=OK
2026-10-02 07:14:15,979 [INFO] [TIME] 6199 セラク 処理時間: 0.74s
2026-10-02 07:14:17,585 [DEBUG] [TIME] 6200 info: 0.17s
2026-10-02 07:14:17,585 [DEBUG] yfinance OK: 6200
2026-10-02 07:14:17,812 [DEBUG] [TIME] 6200 income_stmt: 0.23s
2026-10-02 07:14:18,048 [DEBUG] [TIME] 6200 balance_sheet: 0.23s
2026-10-02 07:14:18,271 [DEBUG] [TIME] 6200 cashflow: 0.22s
2026-10-02 07:14:18,451 [DEBUG] [TIME] 6200 dividends: 0.18s
2026-10-02 07:14:18,452 [INFO] [DETAIL] 6200 インソース: income_stmt=OK, balance_sheet=OK, cashflow=OK, dividends=OK
2026-10-02 07:14:18,452 [INFO] [TIME] 6200 インソース 処理時間: 1.04s
2026-10-02 07:14:20,642 [DEBUG] [TIME] 6201 info: 0.26s
2026-10-02 07:14:20,642 [WARNING] yfinance データなし: 6201
2026-10-02 07:14:20,643 [INFO] [TIME] 6201 豊田自動織機 処理時間: 0.26s
2026-10-02 07:14:22,143 [DEBUG] [TIME] 6203 info: 0.21s
2026-10-02 07:14:22,143 [DEBUG] yfinance OK: 6203
2026-10-02 07:14:22,354 [DEBUG] [TIME] 6203 income_stmt: 0.21s
2026-10-02 07:14:22,536 [DEBUG] [TIME] 6203 balance_sheet: 0.18s
2026-10-02 07:14:22,695 [DEBUG] [TIME] 6203 cashflow: 0.16s
2026-10-02 07:14:22,972 [DEBUG] [TIME] 6203 dividends: 0.28s
2026-10-02 07:14:22,973 [INFO] [DETAIL] 6203 豊和工業: income_stmt=OK, balance_sheet=OK, cashflow=OK, dividends=OK
2026-10-02 07:14:22,973 [INFO] [TIME] 6203 豊和工業 処理時間: 1.04s
2026-10-02 07:14:24,646 [DEBUG] [TIME] 6208 info: 0.17s
2026-10-02 07:14:24,646 [DEBUG] yfinance OK: 6208
2026-10-02 07:14:24,862 [DEBUG] [TIME] 6208 income_stmt: 0.22s
2026-10-02 07:14:25,050 [DEBUG] [TIME] 6208 balance_sheet: 0.19s
2026-10-02 07:14:25,198 [DEBUG] [TIME] 6208 cashflow: 0.15s
2026-10-02 07:14:25,405 [DEBUG] [TIME] 6208 dividends: 0.21s
2026-10-02 07:14:25,406 [INFO] [DETAIL] 6208 石川製作所: income_stmt=OK, balance_sheet=OK, cashflow=OK, dividends=OK
2026-10-02 07:14:25,406 [INFO] [TIME] 6208 石川製作所 処理時間: 0.93s
2026-10-02 07:14:27,425 [DEBUG] [TIME] 6209 info: 0.17s
2026-10-02 07:14:27,425 [DEBUG] yfinance OK: 6209
2026-10-02 07:14:27,645 [DEBUG] [TIME] 6209 income_stmt: 0.22s
2026-10-02 07:14:27,901 [DEBUG] [TIME] 6209 balance_sheet: 0.26s
2026-10-02 07:14:28,122 [DEBUG] [TIME] 6209 cashflow: 0.22s
2026-10-02 07:14:28,244 [DEBUG] [TIME] 6209 dividends: 0.12s
2026-10-02 07:14:28,245 [INFO] [DETAIL] 6209 リケンＮＰＲ: income_stmt=OK, balance_sheet=OK, cashflow=OK, dividends=OK
2026-10-02 07:14:28,245 [INFO] [TIME] 6209 リケンＮＰＲ 処理時間: 0.99s
2026-10-02 07:14:29,928 [DEBUG] [TIME] 6217 info: 0.20s
2026-10-02 07:14:29,928 [DEBUG] yfinance OK: 6217
2026-10-02 07:14:30,176 [DEBUG] [TIME] 6217 income_stmt: 0.25s
2026-10-02 07:14:30,470 [DEBUG] [TIME] 6217 balance_sheet: 0.29s
2026-10-02 07:14:30,609 [DEBUG] [TIME] 6217 cashflow: 0.14s
2026-10-02 07:14:30,854 [DEBUG] [TIME] 6217 dividends: 0.24s
2026-10-02 07:14:30,855 [INFO] [DETAIL] 6217 津田駒工業: income_stmt=OK, balance_sheet=OK, cashflow=OK, dividends=OK
2026-10-02 07:14:30,855 [INFO] [TIME] 6217 津田駒工業 処理時間: 1.13s
2026-10-02 07:14:32,368 [DEBUG] [TIME] 6218 info: 0.16s
2026-10-02 07:14:32,368 [DEBUG] yfinance OK: 6218
2026-10-02 07:14:32,534 [DEBUG] [TIME] 6218 income_stmt: 0.17s
2026-10-02 07:14:32,778 [DEBUG] [TIME] 6218 balance_sheet: 0.24s
2026-10-02 07:14:33,000 [DEBUG] [TIME] 6218 cashflow: 0.22s
2026-10-02 07:14:33,223 [DEBUG] [TIME] 6218 dividends: 0.22s
2026-10-02 07:14:33,224 [INFO] [DETAIL] 6218 エンシュウ: income_stmt=OK, balance_sheet=OK, cashflow=OK, dividends=OK
2026-10-02 07:14:33,224 [INFO] [TIME] 6218 エンシュウ 処理時間: 1.01s
2026-10-02 07:14:34,496 [DEBUG] [TIME] 6222 info: 0.16s
2026-10-02 07:14:34,496 [DEBUG] yfinance OK: 6222
2026-10-02 07:14:34,653 [DEBUG] [TIME] 6222 income_stmt: 0.16s
2026-10-02 07:14:34,857 [DEBUG] [TIME] 6222 balance_sheet: 0.20s
2026-10-02 07:14:35,004 [DEBUG] [TIME] 6222 cashflow: 0.15s
2026-10-02 07:14:35,264 [DEBUG] [TIME] 6222 dividends: 0.26s
2026-10-02 07:14:35,265 [INFO] [DETAIL] 6222 島精機製作所: income_stmt=OK, balance_sheet=OK, cashflow=OK, dividends=OK
2026-10-02 07:14:35,265 [INFO] [TIME] 6222 島精機製作所 処理時間: 0.93s
2026-10-02 07:14:36,771 [DEBUG] [TIME] 6223 info: 0.20s
2026-10-02 07:14:36,771 [DEBUG] yfinance OK: 6223
2026-10-02 07:14:36,903 [DEBUG] [TIME] 6223 income_stmt: 0.13s
2026-10-02 07:14:37,195 [DEBUG] [TIME] 6223 balance_sheet: 0.29s
2026-10-02 07:14:37,310 [DEBUG] [TIME] 6223 cashflow: 0.11s
2026-10-02 07:14:37,420 [DEBUG] [TIME] 6223 dividends: 0.11s
2026-10-02 07:14:37,421 [INFO] [DETAIL] 6223 西部技研: income_stmt=OK, balance_sheet=OK, cashflow=OK, dividends=OK
2026-10-02 07:14:37,421 [INFO] [TIME] 6223 西部技研 処理時間: 0.85s
2026-10-02 07:14:39,317 [DEBUG] [TIME] 6224 info: 0.17s
2026-10-02 07:14:39,317 [DEBUG] yfinance OK: 6224
2026-10-02 07:14:39,481 [DEBUG] [TIME] 6224 income_stmt: 0.16s
2026-10-02 07:14:39,739 [DEBUG] [TIME] 6224 balance_sheet: 0.26s
2026-10-02 07:14:39,967 [DEBUG] [TIME] 6224 cashflow: 0.23s
2026-10-02 07:14:40,082 [DEBUG] [TIME] 6224 dividends: 0.11s
2026-10-02 07:14:40,083 [INFO] [DETAIL] 6224 ＪＲＣ: income_stmt=OK, balance_sheet=OK, cashflow=OK, dividends=OK
2026-10-02 07:14:40,084 [INFO] [TIME] 6224 ＪＲＣ 処理時間: 0.93s
2026-10-02 07:14:42,158 [DEBUG] [TIME] 6226 info: 0.16s
2026-10-02 07:14:42,158 [DEBUG] yfinance OK: 6226
2026-10-02 07:14:42,320 [DEBUG] [TIME] 6226 income_stmt: 0.16s
2026-10-02 07:14:42,503 [DEBUG] [TIME] 6226 balance_sheet: 0.18s
2026-10-02 07:14:42,720 [DEBUG] [TIME] 6226 cashflow: 0.22s
2026-10-02 07:14:42,839 [DEBUG] [TIME] 6226 dividends: 0.12s
2026-10-02 07:14:42,840 [INFO] [DETAIL] 6226 守谷輸送機工業: income_stmt=OK, balance_sheet=OK, cashflow=OK, dividends=OK
2026-10-02 07:14:42,840 [INFO] [TIME] 6226 守谷輸送機工業 処理時間: 0.85s
2026-10-02 07:14:44,422 [DEBUG] [TIME] 6227 info: 0.20s
2026-10-02 07:14:44,422 [DEBUG] yfinance OK: 6227
2026-10-02 07:14:44,596 [DEBUG] [TIME] 6227 income_stmt: 0.17s
2026-10-02 07:14:44,792 [DEBUG] [TIME] 6227 balance_sheet: 0.20s
2026-10-02 07:14:44,938 [DEBUG] [TIME] 6227 cashflow: 0.14s
2026-10-02 07:14:45,091 [DEBUG] [TIME] 6227 dividends: 0.15s
2026-10-02 07:14:45,092 [INFO] [DETAIL] 6227 ＡＩメカテック: income_stmt=OK, balance_sheet=OK, cashflow=OK, dividends=OK
2026-10-02 07:14:45,092 [INFO] [TIME] 6227 ＡＩメカテック 処理時間: 0.87s
2026-10-02 07:14:47,083 [DEBUG] [TIME] 6228 info: 0.18s
2026-10-02 07:14:47,083 [DEBUG] yfinance OK: 6228
2026-10-02 07:14:47,238 [DEBUG] [TIME] 6228 income_stmt: 0.15s
2026-10-02 07:14:47,467 [DEBUG] [TIME] 6228 balance_sheet: 0.23s
2026-10-02 07:14:47,620 [DEBUG] [TIME] 6228 cashflow: 0.15s
2026-10-02 07:14:47,749 [DEBUG] [TIME] 6228 dividends: 0.13s
2026-10-02 07:14:47,750 [INFO] [DETAIL] 6228 ジェイ・イー・ティ: income_stmt=OK, balance_sheet=OK, cashflow=OK, dividends=OK
2026-10-02 07:14:47,750 [INFO] [TIME] 6228 ジェイ・イー・ティ 処理時間: 0.85s
2026-10-02 07:14:49,064 [DEBUG] [TIME] 6229 info: 0.17s
2026-10-02 07:14:49,064 [DEBUG] yfinance OK: 6229
2026-10-02 07:14:49,223 [DEBUG] [TIME] 6229 income_stmt: 0.16s
2026-10-02 07:14:49,519 [DEBUG] [TIME] 6229 balance_sheet: 0.30s
2026-10-02 07:14:49,759 [DEBUG] [TIME] 6229 cashflow: 0.24s
2026-10-02 07:14:49,899 [DEBUG] [TIME] 6229 dividends: 0.14s
2026-10-02 07:14:49,900 [INFO] [DETAIL] 6229 オーケーエム: income_stmt=OK, balance_sheet=OK, cashflow=OK, dividends=OK
2026-10-02 07:14:49,900 [INFO] [TIME] 6229 オーケーエム 処理時間: 1.00s
2026-10-02 07:14:52,036 [DEBUG] [TIME] 6230 info: 0.17s
2026-10-02 07:14:52,036 [DEBUG] yfinance OK: 6230
2026-10-02 07:14:52,256 [DEBUG] [TIME] 6230 income_stmt: 0.22s
2026-10-02 07:14:52,425 [DEBUG] [TIME] 6230 balance_sheet: 0.17s
2026-10-02 07:14:52,566 [DEBUG] [TIME] 6230 cashflow: 0.14s
2026-10-02 07:14:52,708 [DEBUG] [TIME] 6230 dividends: 0.14s
2026-10-02 07:14:52,709 [INFO] [DETAIL] 6230 ＳＡＮＥＩ: income_stmt=OK, balance_sheet=OK, cashflow=OK, dividends=OK
2026-10-02 07:14:52,709 [INFO] [TIME] 6230 ＳＡＮＥＩ 処理時間: 0.84s
2026-10-02 07:14:54,054 [DEBUG] [TIME] 6231 info: 0.16s
2026-10-02 07:14:54,054 [DEBUG] yfinance OK: 6231
2026-10-02 07:14:54,241 [DEBUG] [TIME] 6231 income_stmt: 0.19s
2026-10-02 07:14:54,549 [DEBUG] [TIME] 6231 balance_sheet: 0.31s
2026-10-02 07:14:54,705 [DEBUG] [TIME] 6231 cashflow: 0.16s
2026-10-02 07:14:54,853 [DEBUG] [TIME] 6231 dividends: 0.15s
2026-10-02 07:14:54,854 [INFO] [DETAIL] 6231 木村工機: income_stmt=OK, balance_sheet=OK, cashflow=OK, dividends=OK
2026-10-02 07:14:54,854 [INFO] [TIME] 6231 木村工機 処理時間: 0.96s
2026-10-02 07:14:56,111 [DEBUG] [TIME] 6232 info: 0.17s
2026-10-02 07:14:56,112 [DEBUG] yfinance OK: 6232
2026-10-02 07:14:56,238 [DEBUG] [TIME] 6232 income_stmt: 0.13s
2026-10-02 07:14:56,408 [DEBUG] [TIME] 6232 balance_sheet: 0.17s
2026-10-02 07:14:56,659 [DEBUG] [TIME] 6232 cashflow: 0.25s
2026-10-02 07:14:56,785 [DEBUG] [TIME] 6232 dividends: 0.13s
2026-10-02 07:14:56,785 [INFO] [DETAIL] 6232 ＡＣＳＬ: income_stmt=OK, balance_sheet=OK, cashflow=OK, dividends=EMPTY
2026-10-02 07:14:56,785 [INFO] [TIME] 6232 ＡＣＳＬ 処理時間: 0.84s
2026-10-02 07:14:58,837 [DEBUG] [TIME] 6233 info: 0.17s
2026-10-02 07:14:58,837 [DEBUG] yfinance OK: 6233
2026-10-02 07:14:59,000 [DEBUG] [TIME] 6233 income_stmt: 0.16s
2026-10-02 07:14:59,153 [DEBUG] [TIME] 6233 balance_sheet: 0.15s
2026-10-02 07:14:59,290 [DEBUG] [TIME] 6233 cashflow: 0.14s
2026-10-02 07:14:59,443 [DEBUG] [TIME] 6233 dividends: 0.15s
2026-10-02 07:14:59,444 [INFO] [DETAIL] 6233 ＫＬＡＳＳ: income_stmt=OK, balance_sheet=OK, cashflow=OK, dividends=OK
2026-10-02 07:14:59,444 [INFO] [TIME] 6233 ＫＬＡＳＳ 処理時間: 0.78s
2026-10-02 07:15:00,654 [DEBUG] [TIME] 6235 info: 0.16s
2026-10-02 07:15:00,654 [DEBUG] yfinance OK: 6235
2026-10-02 07:15:00,876 [DEBUG] [TIME] 6235 income_stmt: 0.22s
2026-10-02 07:15:01,105 [DEBUG] [TIME] 6235 balance_sheet: 0.23s
2026-10-02 07:15:01,268 [DEBUG] [TIME] 6235 cashflow: 0.16s
2026-10-02 07:15:01,432 [DEBUG] [TIME] 6235 dividends: 0.16s
2026-10-02 07:15:01,433 [INFO] [DETAIL] 6235 オプトラン: income_stmt=OK, balance_sheet=OK, cashflow=OK, dividends=OK
2026-10-02 07:15:01,433 [INFO] [TIME] 6235 オプトラン 処理時間: 0.94s
2026-10-02 07:15:02,740 [DEBUG] [TIME] 6237 info: 0.21s
2026-10-02 07:15:02,740 [DEBUG] yfinance OK: 6237
2026-10-02 07:15:02,905 [DEBUG] [TIME] 6237 income_stmt: 0.17s
2026-10-02 07:15:03,227 [DEBUG] [TIME] 6237 balance_sheet: 0.32s
2026-10-02 07:15:03,375 [DEBUG] [TIME] 6237 cashflow: 0.15s
2026-10-02 07:15:03,544 [DEBUG] [TIME] 6237 dividends: 0.17s
2026-10-02 07:15:03,545 [INFO] [DETAIL] 6237 イワキポンプ: income_stmt=OK, balance_sheet=OK, cashflow=OK, dividends=OK
2026-10-02 07:15:03,545 [INFO] [TIME] 6237 イワキポンプ 処理時間: 1.02s
2026-10-02 07:15:05,270 [DEBUG] [TIME] 6238 info: 0.17s
2026-10-02 07:15:05,270 [DEBUG] yfinance OK: 6238
2026-10-02 07:15:05,433 [DEBUG] [TIME] 6238 income_stmt: 0.16s
2026-10-02 07:15:05,624 [DEBUG] [TIME] 6238 balance_sheet: 0.19s
2026-10-02 07:15:05,784 [DEBUG] [TIME] 6238 cashflow: 0.16s
2026-10-02 07:15:05,943 [DEBUG] [TIME] 6238 dividends: 0.16s
2026-10-02 07:15:05,944 [INFO] [DETAIL] 6238 フリュー: income_stmt=OK, balance_sheet=OK, cashflow=OK, dividends=OK
2026-10-02 07:15:05,944 [INFO] [TIME] 6238 フリュー 処理時間: 0.85s
2026-10-02 07:15:07,551 [DEBUG] [TIME] 6239 info: 0.16s
2026-10-02 07:15:07,552 [DEBUG] yfinance OK: 6239
2026-10-02 07:15:07,780 [DEBUG] [TIME] 6239 income_stmt: 0.23s
2026-10-02 07:15:08,022 [DEBUG] [TIME] 6239 balance_sheet: 0.24s
2026-10-02 07:15:08,245 [DEBUG] [TIME] 6239 cashflow: 0.22s
2026-10-02 07:15:08,403 [DEBUG] [TIME] 6239 dividends: 0.16s
2026-10-02 07:15:08,404 [INFO] [DETAIL] 6239 ナガオカ: income_stmt=OK, balance_sheet=OK, cashflow=OK, dividends=OK
2026-10-02 07:15:08,404 [INFO] [TIME] 6239 ナガオカ 処理時間: 1.02s
2026-10-02 07:15:09,828 [DEBUG] [TIME] 6240 info: 0.16s
2026-10-02 07:15:09,828 [DEBUG] yfinance OK: 6240
2026-10-02 07:15:10,017 [DEBUG] [TIME] 6240 income_stmt: 0.19s
2026-10-02 07:15:10,236 [DEBUG] [TIME] 6240 balance_sheet: 0.22s
2026-10-02 07:15:10,445 [DEBUG] [TIME] 6240 cashflow: 0.21s
2026-10-02 07:15:10,650 [DEBUG] [TIME] 6240 dividends: 0.20s
2026-10-02 07:15:10,651 [INFO] [DETAIL] 6240 ヤマシンフィルタ: income_stmt=OK, balance_sheet=OK, cashflow=OK, dividends=OK
2026-10-02 07:15:10,651 [INFO] [TIME] 6240 ヤマシンフィルタ 処理時間: 0.98s
2026-10-02 07:15:11,993 [DEBUG] [TIME] 6245 info: 0.16s
2026-10-02 07:15:11,993 [DEBUG] yfinance OK: 6245
2026-10-02 07:15:12,158 [DEBUG] [TIME] 6245 income_stmt: 0.16s
2026-10-02 07:15:12,450 [DEBUG] [TIME] 6245 balance_sheet: 0.29s
2026-10-02 07:15:12,603 [DEBUG] [TIME] 6245 cashflow: 0.15s
2026-10-02 07:15:12,937 [DEBUG] [TIME] 6245 dividends: 0.33s
2026-10-02 07:15:12,938 [INFO] [DETAIL] 6245 ヒラノテクシード: income_stmt=OK, balance_sheet=OK, cashflow=OK, dividends=OK
2026-10-02 07:15:12,938 [INFO] [TIME] 6245 ヒラノテクシード 処理時間: 1.11s
2026-10-02 07:15:14,734 [DEBUG] [TIME] 6246 info: 0.18s
2026-10-02 07:15:14,734 [DEBUG] yfinance OK: 6246
2026-10-02 07:15:14,900 [DEBUG] [TIME] 6246 income_stmt: 0.17s
2026-10-02 07:15:15,196 [DEBUG] [TIME] 6246 balance_sheet: 0.30s
2026-10-02 07:15:15,406 [DEBUG] [TIME] 6246 cashflow: 0.21s
2026-10-02 07:15:15,676 [DEBUG] [TIME] 6246 dividends: 0.27s
2026-10-02 07:15:15,676 [INFO] [DETAIL] 6246 テクノスマート: income_stmt=OK, balance_sheet=OK, cashflow=OK, dividends=OK
2026-10-02 07:15:15,677 [INFO] [TIME] 6246 テクノスマート 処理時間: 1.12s
2026-10-02 07:15:17,396 [DEBUG] [TIME] 6247 info: 0.17s
2026-10-02 07:15:17,396 [DEBUG] yfinance OK: 6247
2026-10-02 07:15:17,543 [DEBUG] [TIME] 6247 income_stmt: 0.15s
2026-10-02 07:15:17,710 [DEBUG] [TIME] 6247 balance_sheet: 0.17s
2026-10-02 07:15:17,856 [DEBUG] [TIME] 6247 cashflow: 0.14s
2026-10-02 07:15:18,133 [DEBUG] [TIME] 6247 dividends: 0.28s
2026-10-02 07:15:18,134 [INFO] [DETAIL] 6247 日阪製作所: income_stmt=OK, balance_sheet=OK, cashflow=OK, dividends=OK
2026-10-02 07:15:18,134 [INFO] [TIME] 6247 日阪製作所 処理時間: 0.91s
2026-10-02 07:15:20,159 [DEBUG] [TIME] 6248 info: 0.17s
2026-10-02 07:15:20,159 [DEBUG] yfinance OK: 6248
2026-10-02 07:15:20,366 [DEBUG] [TIME] 6248 income_stmt: 0.21s
2026-10-02 07:15:20,601 [DEBUG] [TIME] 6248 balance_sheet: 0.23s
2026-10-02 07:15:20,785 [DEBUG] [TIME] 6248 cashflow: 0.18s
2026-10-02 07:15:20,953 [DEBUG] [TIME] 6248 dividends: 0.17s
2026-10-02 07:15:20,954 [INFO] [DETAIL] 6248 横田製作所: income_stmt=OK, balance_sheet=OK, cashflow=OK, dividends=OK
2026-10-02 07:15:20,954 [INFO] [TIME] 6248 横田製作所 処理時間: 0.97s
2026-10-02 07:15:22,389 [DEBUG] [TIME] 6249 info: 0.17s
2026-10-02 07:15:22,389 [DEBUG] yfinance OK: 6249
2026-10-02 07:15:22,534 [DEBUG] [TIME] 6249 income_stmt: 0.15s
2026-10-02 07:15:22,705 [DEBUG] [TIME] 6249 balance_sheet: 0.17s
2026-10-02 07:15:22,890 [DEBUG] [TIME] 6249 cashflow: 0.19s
2026-10-02 07:15:23,126 [DEBUG] [TIME] 6249 dividends: 0.23s
2026-10-02 07:15:23,127 [INFO] [DETAIL] 6249 ゲームカードホールディングス: income_stmt=OK, balance_sheet=OK, cashflow=OK, dividends=OK
2026-10-02 07:15:23,127 [INFO] [TIME] 6249 ゲームカードホールディングス 処理時間: 0.91s
2026-10-02 07:15:24,851 [DEBUG] [TIME] 6250 info: 0.19s
2026-10-02 07:15:24,851 [DEBUG] yfinance OK: 6250
2026-10-02 07:15:25,067 [DEBUG] [TIME] 6250 income_stmt: 0.22s
2026-10-02 07:15:25,267 [DEBUG] [TIME] 6250 balance_sheet: 0.20s
2026-10-02 07:15:25,508 [DEBUG] [TIME] 6250 cashflow: 0.24s
2026-10-02 07:15:25,750 [DEBUG] [TIME] 6250 dividends: 0.24s
2026-10-02 07:15:25,751 [INFO] [DETAIL] 6250 やまびこ: income_stmt=OK, balance_sheet=OK, cashflow=OK, dividends=OK
2026-10-02 07:15:25,751 [INFO] [TIME] 6250 やまびこ 処理時間: 1.09s
2026-10-02 07:15:27,779 [DEBUG] [TIME] 6254 info: 0.16s
2026-10-02 07:15:27,779 [DEBUG] yfinance OK: 6254
2026-10-02 07:15:27,948 [DEBUG] [TIME] 6254 income_stmt: 0.17s
2026-10-02 07:15:28,116 [DEBUG] [TIME] 6254 balance_sheet: 0.17s
2026-10-02 07:15:28,266 [DEBUG] [TIME] 6254 cashflow: 0.15s
2026-10-02 07:15:28,473 [DEBUG] [TIME] 6254 dividends: 0.21s
2026-10-02 07:15:28,474 [INFO] [DETAIL] 6254 野村マイクロ・サイエンス: income_stmt=OK, balance_sheet=OK, cashflow=OK, dividends=OK
2026-10-02 07:15:28,474 [INFO] [TIME] 6254 野村マイクロ・サイエンス 処理時間: 0.86s
2026-10-02 07:15:30,181 [DEBUG] [TIME] 6255 info: 0.17s
2026-10-02 07:15:30,181 [DEBUG] yfinance OK: 6255
2026-10-02 07:15:30,339 [DEBUG] [TIME] 6255 income_stmt: 0.16s
2026-10-02 07:15:30,485 [DEBUG] [TIME] 6255 balance_sheet: 0.14s
2026-10-02 07:15:30,712 [DEBUG] [TIME] 6255 cashflow: 0.23s
2026-10-02 07:15:30,965 [DEBUG] [TIME] 6255 dividends: 0.25s
2026-10-02 07:15:30,966 [INFO] [DETAIL] 6255 エヌ・ピー・シー: income_stmt=OK, balance_sheet=OK, cashflow=OK, dividends=OK
2026-10-02 07:15:30,966 [INFO] [TIME] 6255 エヌ・ピー・シー 処理時間: 0.95s
2026-10-02 07:15:32,414 [DEBUG] [TIME] 6257 info: 0.18s
2026-10-02 07:15:32,415 [DEBUG] yfinance OK: 6257
2026-10-02 07:15:32,647 [DEBUG] [TIME] 6257 income_stmt: 0.23s
2026-10-02 07:15:32,863 [DEBUG] [TIME] 6257 balance_sheet: 0.22s
2026-10-02 07:15:33,075 [DEBUG] [TIME] 6257 cashflow: 0.21s
2026-10-02 07:15:33,321 [DEBUG] [TIME] 6257 dividends: 0.25s
2026-10-02 07:15:33,322 [INFO] [DETAIL] 6257 藤商事: income_stmt=OK, balance_sheet=OK, cashflow=OK, dividends=OK
2026-10-02 07:15:33,322 [INFO] [TIME] 6257 藤商事 処理時間: 1.09s
2026-10-02 07:15:35,410 [DEBUG] [TIME] 6258 info: 0.17s
2026-10-02 07:15:35,410 [DEBUG] yfinance OK: 6258
2026-10-02 07:15:35,658 [DEBUG] [TIME] 6258 income_stmt: 0.25s
2026-10-02 07:15:35,811 [DEBUG] [TIME] 6258 balance_sheet: 0.15s
2026-10-02 07:15:35,931 [DEBUG] [TIME] 6258 cashflow: 0.12s
2026-10-02 07:15:36,174 [DEBUG] [TIME] 6258 dividends: 0.24s
2026-10-02 07:15:36,175 [INFO] [DETAIL] 6258 平田機工: income_stmt=OK, balance_sheet=OK, cashflow=OK, dividends=OK
2026-10-02 07:15:36,175 [INFO] [TIME] 6258 平田機工 処理時間: 0.94s
2026-10-02 07:15:37,879 [DEBUG] [TIME] 6262 info: 0.17s
2026-10-02 07:15:37,879 [DEBUG] yfinance OK: 6262
2026-10-02 07:15:38,038 [DEBUG] [TIME] 6262 income_stmt: 0.16s
2026-10-02 07:15:38,297 [DEBUG] [TIME] 6262 balance_sheet: 0.26s
2026-10-02 07:15:38,501 [DEBUG] [TIME] 6262 cashflow: 0.20s
2026-10-02 07:15:38,737 [DEBUG] [TIME] 6262 dividends: 0.24s
2026-10-02 07:15:38,738 [INFO] [DETAIL] 6262 ＰＥＧＡＳＵＳ: income_stmt=OK, balance_sheet=OK, cashflow=OK, dividends=OK
2026-10-02 07:15:38,738 [INFO] [TIME] 6262 ＰＥＧＡＳＵＳ 処理時間: 1.03s
2026-10-02 07:15:39,927 [DEBUG] [TIME] 6264 info: 0.17s
2026-10-02 07:15:39,927 [DEBUG] yfinance OK: 6264
2026-10-02 07:15:40,094 [DEBUG] [TIME] 6264 income_stmt: 0.17s
2026-10-02 07:15:40,338 [DEBUG] [TIME] 6264 balance_sheet: 0.24s
2026-10-02 07:15:40,475 [DEBUG] [TIME] 6264 cashflow: 0.14s
2026-10-02 07:15:40,691 [DEBUG] [TIME] 6264 dividends: 0.22s
2026-10-02 07:15:40,692 [INFO] [DETAIL] 6264 マルマエ: income_stmt=OK, balance_sheet=OK, cashflow=OK, dividends=OK
2026-10-02 07:15:40,692 [INFO] [TIME] 6264 マルマエ 処理時間: 0.93s
2026-10-02 07:15:42,699 [DEBUG] [TIME] 6265 info: 0.17s
2026-10-02 07:15:42,700 [DEBUG] yfinance OK: 6265
2026-10-02 07:15:42,831 [DEBUG] [TIME] 6265 income_stmt: 0.13s
2026-10-02 07:15:43,003 [DEBUG] [TIME] 6265 balance_sheet: 0.17s
2026-10-02 07:15:43,133 [DEBUG] [TIME] 6265 cashflow: 0.13s
2026-10-02 07:15:43,375 [DEBUG] [TIME] 6265 dividends: 0.24s
2026-10-02 07:15:43,376 [INFO] [DETAIL] 6265 コンバム: income_stmt=OK, balance_sheet=OK, cashflow=OK, dividends=OK
2026-10-02 07:15:43,376 [INFO] [TIME] 6265 コンバム 処理時間: 0.85s
2026-10-02 07:15:44,970 [DEBUG] [TIME] 6266 info: 0.21s
2026-10-02 07:15:44,970 [DEBUG] yfinance OK: 6266
2026-10-02 07:15:45,108 [DEBUG] [TIME] 6266 income_stmt: 0.14s
2026-10-02 07:15:45,435 [DEBUG] [TIME] 6266 balance_sheet: 0.33s
2026-10-02 07:15:45,679 [DEBUG] [TIME] 6266 cashflow: 0.24s
2026-10-02 07:15:45,918 [DEBUG] [TIME] 6266 dividends: 0.24s
2026-10-02 07:15:45,919 [INFO] [DETAIL] 6266 タツモ: income_stmt=OK, balance_sheet=OK, cashflow=OK, dividends=OK
2026-10-02 07:15:45,919 [INFO] [TIME] 6266 タツモ 処理時間: 1.16s
2026-10-02 07:15:47,201 [DEBUG] [TIME] 6267 info: 0.17s
2026-10-02 07:15:47,201 [DEBUG] yfinance OK: 6267
2026-10-02 07:15:47,420 [DEBUG] [TIME] 6267 income_stmt: 0.22s
2026-10-02 07:15:47,665 [DEBUG] [TIME] 6267 balance_sheet: 0.24s
2026-10-02 07:15:47,851 [DEBUG] [TIME] 6267 cashflow: 0.19s
2026-10-02 07:15:48,097 [DEBUG] [TIME] 6267 dividends: 0.25s
2026-10-02 07:15:48,098 [INFO] [DETAIL] 6267 ゼネラルパッカー: income_stmt=OK, balance_sheet=OK, cashflow=OK, dividends=OK
2026-10-02 07:15:48,098 [INFO] [TIME] 6267 ゼネラルパッカー 処理時間: 1.06s
2026-10-02 07:15:50,226 [DEBUG] [TIME] 6268 info: 0.17s
2026-10-02 07:15:50,226 [DEBUG] yfinance OK: 6268
2026-10-02 07:15:50,448 [DEBUG] [TIME] 6268 income_stmt: 0.22s
2026-10-02 07:15:50,716 [DEBUG] [TIME] 6268 balance_sheet: 0.27s
2026-10-02 07:15:50,871 [DEBUG] [TIME] 6268 cashflow: 0.15s
2026-10-02 07:15:51,151 [DEBUG] [TIME] 6268 dividends: 0.28s
2026-10-02 07:15:51,152 [INFO] [DETAIL] 6268 ナブテスコ: income_stmt=OK, balance_sheet=OK, cashflow=OK, dividends=OK
2026-10-02 07:15:51,152 [INFO] [TIME] 6268 ナブテスコ 処理時間: 1.10s
2026-10-02 07:15:53,291 [DEBUG] [TIME] 6269 info: 0.21s
2026-10-02 07:15:53,291 [DEBUG] yfinance OK: 6269
2026-10-02 07:15:53,462 [DEBUG] [TIME] 6269 income_stmt: 0.17s
2026-10-02 07:15:53,658 [DEBUG] [TIME] 6269 balance_sheet: 0.20s
2026-10-02 07:15:53,797 [DEBUG] [TIME] 6269 cashflow: 0.14s
2026-10-02 07:15:54,040 [DEBUG] [TIME] 6269 dividends: 0.24s
2026-10-02 07:15:54,041 [INFO] [DETAIL] 6269 三井海洋開発: income_stmt=OK, balance_sheet=OK, cashflow=OK, dividends=OK
2026-10-02 07:15:54,041 [INFO] [TIME] 6269 三井海洋開発 処理時間: 0.96s
2026-10-02 07:15:56,103 [DEBUG] [TIME] 6272 info: 0.17s
2026-10-02 07:15:56,103 [DEBUG] yfinance OK: 6272
2026-10-02 07:15:56,358 [DEBUG] [TIME] 6272 income_stmt: 0.26s
2026-10-02 07:15:56,604 [DEBUG] [TIME] 6272 balance_sheet: 0.25s
2026-10-02 07:15:56,850 [DEBUG] [TIME] 6272 cashflow: 0.24s
2026-10-02 07:15:57,126 [DEBUG] [TIME] 6272 dividends: 0.28s
2026-10-02 07:15:57,127 [INFO] [DETAIL] 6272 レオン自動機: income_stmt=OK, balance_sheet=OK, cashflow=OK, dividends=OK
2026-10-02 07:15:57,127 [INFO] [TIME] 6272 レオン自動機 処理時間: 1.19s
2026-10-02 07:15:58,642 [DEBUG] [TIME] 6273 info: 0.17s
2026-10-02 07:15:58,642 [DEBUG] yfinance OK: 6273
2026-10-02 07:15:58,855 [DEBUG] [TIME] 6273 income_stmt: 0.21s
2026-10-02 07:15:59,114 [DEBUG] [TIME] 6273 balance_sheet: 0.26s
2026-10-02 07:15:59,334 [DEBUG] [TIME] 6273 cashflow: 0.22s
2026-10-02 07:15:59,602 [DEBUG] [TIME] 6273 dividends: 0.27s
2026-10-02 07:15:59,603 [INFO] [DETAIL] 6273 ＳＭＣ: income_stmt=OK, balance_sheet=OK, cashflow=OK, dividends=OK
2026-10-02 07:15:59,603 [INFO] [TIME] 6273 ＳＭＣ 処理時間: 1.14s
2026-10-02 07:16:01,226 [DEBUG] [TIME] 6276 info: 0.17s
2026-10-02 07:16:01,226 [DEBUG] yfinance OK: 6276
2026-10-02 07:16:01,443 [DEBUG] [TIME] 6276 income_stmt: 0.22s
2026-10-02 07:16:01,634 [DEBUG] [TIME] 6276 balance_sheet: 0.19s
2026-10-02 07:16:01,794 [DEBUG] [TIME] 6276 cashflow: 0.16s
2026-10-02 07:16:02,061 [DEBUG] [TIME] 6276 dividends: 0.27s
2026-10-02 07:16:02,062 [INFO] [DETAIL] 6276 シリウスビジョン: income_stmt=OK, balance_sheet=OK, cashflow=OK, dividends=OK
2026-10-02 07:16:02,062 [INFO] [TIME] 6276 シリウスビジョン 処理時間: 1.00s
2026-10-02 07:16:04,114 [DEBUG] [TIME] 6277 info: 0.16s
2026-10-02 07:16:04,114 [DEBUG] yfinance OK: 6277
2026-10-02 07:16:04,327 [DEBUG] [TIME] 6277 income_stmt: 0.21s
2026-10-02 07:16:04,485 [DEBUG] [TIME] 6277 balance_sheet: 0.16s
2026-10-02 07:16:04,600 [DEBUG] [TIME] 6277 cashflow: 0.11s
2026-10-02 07:16:04,864 [DEBUG] [TIME] 6277 dividends: 0.26s
2026-10-02 07:16:04,864 [INFO] [DETAIL] 6277 ホソカワミクロン: income_stmt=OK, balance_sheet=OK, cashflow=OK, dividends=OK
2026-10-02 07:16:04,865 [INFO] [TIME] 6277 ホソカワミクロン 処理時間: 0.91s
2026-10-02 07:16:07,034 [DEBUG] [TIME] 6278 info: 0.19s
2026-10-02 07:16:07,035 [DEBUG] yfinance OK: 6278
2026-10-02 07:16:07,213 [DEBUG] [TIME] 6278 income_stmt: 0.18s
2026-10-02 07:16:07,420 [DEBUG] [TIME] 6278 balance_sheet: 0.21s
2026-10-02 07:16:07,594 [DEBUG] [TIME] 6278 cashflow: 0.17s
2026-10-02 07:16:07,871 [DEBUG] [TIME] 6278 dividends: 0.28s
2026-10-02 07:16:07,872 [INFO] [DETAIL] 6278 ユニオンツール: income_stmt=OK, balance_sheet=OK, cashflow=OK, dividends=OK
2026-10-02 07:16:07,872 [INFO] [TIME] 6278 ユニオンツール 処理時間: 1.02s
2026-10-02 07:16:09,500 [DEBUG] [TIME] 6279 info: 0.17s
2026-10-02 07:16:09,500 [DEBUG] yfinance OK: 6279
2026-10-02 07:16:09,704 [DEBUG] [TIME] 6279 income_stmt: 0.20s
2026-10-02 07:16:09,995 [DEBUG] [TIME] 6279 balance_sheet: 0.29s
2026-10-02 07:16:10,205 [DEBUG] [TIME] 6279 cashflow: 0.21s
2026-10-02 07:16:10,468 [DEBUG] [TIME] 6279 dividends: 0.26s
2026-10-02 07:16:10,469 [INFO] [DETAIL] 6279 瑞光: income_stmt=OK, balance_sheet=OK, cashflow=OK, dividends=OK
2026-10-02 07:16:10,469 [INFO] [TIME] 6279 瑞光 処理時間: 1.14s
2026-10-02 07:16:11,744 [DEBUG] [TIME] 6282 info: 0.17s
2026-10-02 07:16:11,744 [DEBUG] yfinance OK: 6282
2026-10-02 07:16:11,957 [DEBUG] [TIME] 6282 income_stmt: 0.21s
2026-10-02 07:16:12,197 [DEBUG] [TIME] 6282 balance_sheet: 0.24s
2026-10-02 07:16:12,407 [DEBUG] [TIME] 6282 cashflow: 0.21s
2026-10-02 07:16:12,677 [DEBUG] [TIME] 6282 dividends: 0.27s
2026-10-02 07:16:12,678 [INFO] [DETAIL] 6282 オイレス工業: income_stmt=OK, balance_sheet=OK, cashflow=OK, dividends=OK
2026-10-02 07:16:12,678 [INFO] [TIME] 6282 オイレス工業 処理時間: 1.11s
2026-10-02 07:16:14,282 [DEBUG] [TIME] 6284 info: 0.17s
2026-10-02 07:16:14,283 [DEBUG] yfinance OK: 6284
2026-10-02 07:16:14,479 [DEBUG] [TIME] 6284 income_stmt: 0.20s
2026-10-02 07:16:14,659 [DEBUG] [TIME] 6284 balance_sheet: 0.18s
2026-10-02 07:16:14,841 [DEBUG] [TIME] 6284 cashflow: 0.18s
2026-10-02 07:16:15,069 [DEBUG] [TIME] 6284 dividends: 0.23s
2026-10-02 07:16:15,070 [INFO] [DETAIL] 6284 日精エー・エス・ビー機械: income_stmt=OK, balance_sheet=OK, cashflow=OK, dividends=OK
2026-10-02 07:16:15,070 [INFO] [TIME] 6284 日精エー・エス・ビー機械 処理時間: 0.96s
2026-10-02 07:16:16,489 [DEBUG] [TIME] 6286 info: 0.16s
2026-10-02 07:16:16,490 [DEBUG] yfinance OK: 6286
2026-10-02 07:16:16,703 [DEBUG] [TIME] 6286 income_stmt: 0.21s
2026-10-02 07:16:16,969 [DEBUG] [TIME] 6286 balance_sheet: 0.27s
2026-10-02 07:16:17,123 [DEBUG] [TIME] 6286 cashflow: 0.15s
2026-10-02 07:16:17,380 [DEBUG] [TIME] 6286 dividends: 0.26s
2026-10-02 07:16:17,381 [INFO] [DETAIL] 6286 靜甲: income_stmt=OK, balance_sheet=OK, cashflow=OK, dividends=OK
2026-10-02 07:16:17,381 [INFO] [TIME] 6286 靜甲 処理時間: 1.06s
2026-10-02 07:16:18,916 [DEBUG] [TIME] 6287 info: 0.17s
2026-10-02 07:16:18,916 [DEBUG] yfinance OK: 6287
2026-10-02 07:16:19,049 [DEBUG] [TIME] 6287 income_stmt: 0.13s
2026-10-02 07:16:19,225 [DEBUG] [TIME] 6287 balance_sheet: 0.18s
2026-10-02 07:16:19,438 [DEBUG] [TIME] 6287 cashflow: 0.21s
2026-10-02 07:16:19,718 [DEBUG] [TIME] 6287 dividends: 0.28s
2026-10-02 07:16:19,719 [INFO] [DETAIL] 6287 サトー: income_stmt=OK, balance_sheet=OK, cashflow=OK, dividends=OK
2026-10-02 07:16:19,719 [INFO] [TIME] 6287 サトー 処理時間: 0.97s
2026-10-02 07:16:20,987 [DEBUG] [TIME] 6289 info: 0.18s
2026-10-02 07:16:20,987 [DEBUG] yfinance OK: 6289
2026-10-02 07:16:21,128 [DEBUG] [TIME] 6289 income_stmt: 0.14s
2026-10-02 07:16:21,258 [DEBUG] [TIME] 6289 balance_sheet: 0.13s
2026-10-02 07:16:21,367 [DEBUG] [TIME] 6289 cashflow: 0.11s
2026-10-02 07:16:21,670 [DEBUG] [TIME] 6289 dividends: 0.30s
2026-10-02 07:16:21,671 [INFO] [DETAIL] 6289 技研製作所: income_stmt=OK, balance_sheet=OK, cashflow=OK, dividends=OK
2026-10-02 07:16:21,671 [INFO] [TIME] 6289 技研製作所 処理時間: 0.86s
2026-10-02 07:16:23,735 [DEBUG] [TIME] 6291 info: 0.17s
2026-10-02 07:16:23,735 [DEBUG] yfinance OK: 6291
2026-10-02 07:16:23,893 [DEBUG] [TIME] 6291 income_stmt: 0.16s
2026-10-02 07:16:24,072 [DEBUG] [TIME] 6291 balance_sheet: 0.18s
2026-10-02 07:16:24,210 [DEBUG] [TIME] 6291 cashflow: 0.14s
2026-10-02 07:16:24,474 [DEBUG] [TIME] 6291 dividends: 0.26s
2026-10-02 07:16:24,475 [INFO] [DETAIL] 6291 日本エアーテック: income_stmt=OK, balance_sheet=OK, cashflow=OK, dividends=OK
2026-10-02 07:16:24,475 [INFO] [TIME] 6291 日本エアーテック 処理時間: 0.92s
2026-10-02 07:16:26,088 [DEBUG] [TIME] 6292 info: 0.16s
2026-10-02 07:16:26,088 [DEBUG] yfinance OK: 6292
2026-10-02 07:16:26,250 [DEBUG] [TIME] 6292 income_stmt: 0.16s
2026-10-02 07:16:26,421 [DEBUG] [TIME] 6292 balance_sheet: 0.17s
2026-10-02 07:16:26,567 [DEBUG] [TIME] 6292 cashflow: 0.15s
2026-10-02 07:16:26,772 [DEBUG] [TIME] 6292 dividends: 0.20s
2026-10-02 07:16:26,773 [INFO] [DETAIL] 6292 カワタ: income_stmt=OK, balance_sheet=OK, cashflow=OK, dividends=OK
2026-10-02 07:16:26,773 [INFO] [TIME] 6292 カワタ 処理時間: 0.85s
2026-10-02 07:16:28,314 [DEBUG] [TIME] 6294 info: 0.18s
2026-10-02 07:16:28,314 [DEBUG] yfinance OK: 6294
2026-10-02 07:16:28,563 [DEBUG] [TIME] 6294 income_stmt: 0.25s
2026-10-02 07:16:28,837 [DEBUG] [TIME] 6294 balance_sheet: 0.27s
2026-10-02 07:16:28,971 [DEBUG] [TIME] 6294 cashflow: 0.13s
2026-10-02 07:16:29,241 [DEBUG] [TIME] 6294 dividends: 0.27s
2026-10-02 07:16:29,241 [INFO] [DETAIL] 6294 オカダアイヨン: income_stmt=OK, balance_sheet=OK, cashflow=OK, dividends=OK
2026-10-02 07:16:29,242 [INFO] [TIME] 6294 オカダアイヨン 処理時間: 1.11s
2026-10-02 07:16:30,859 [DEBUG] [TIME] 6298 info: 0.16s
2026-10-02 07:16:30,859 [DEBUG] yfinance OK: 6298
2026-10-02 07:16:31,038 [DEBUG] [TIME] 6298 income_stmt: 0.18s
2026-10-02 07:16:31,328 [DEBUG] [TIME] 6298 balance_sheet: 0.29s
2026-10-02 07:16:31,543 [DEBUG] [TIME] 6298 cashflow: 0.21s
2026-10-02 07:16:31,791 [DEBUG] [TIME] 6298 dividends: 0.25s
2026-10-02 07:16:31,792 [INFO] [DETAIL] 6298 ワイエイシイホールディングス: income_stmt=OK, balance_sheet=OK, cashflow=OK, dividends=OK
2026-10-02 07:16:31,792 [INFO] [TIME] 6298 ワイエイシイホールディングス 処理時間: 1.10s
2026-10-02 07:16:33,080 [DEBUG] [TIME] 6301 info: 0.17s
2026-10-02 07:16:33,080 [DEBUG] yfinance OK: 6301
2026-10-02 07:16:33,248 [DEBUG] [TIME] 6301 income_stmt: 0.17s
2026-10-02 07:16:33,488 [DEBUG] [TIME] 6301 balance_sheet: 0.24s
2026-10-02 07:16:33,637 [DEBUG] [TIME] 6301 cashflow: 0.15s
2026-10-02 07:16:33,939 [DEBUG] [TIME] 6301 dividends: 0.30s
2026-10-02 07:16:33,940 [INFO] [DETAIL] 6301 小松製作所: income_stmt=OK, balance_sheet=OK, cashflow=OK, dividends=OK
2026-10-02 07:16:33,940 [INFO] [TIME] 6301 小松製作所 処理時間: 1.03s
2026-10-02 07:16:35,564 [DEBUG] [TIME] 6302 info: 0.18s
2026-10-02 07:16:35,564 [DEBUG] yfinance OK: 6302
2026-10-02 07:16:35,750 [DEBUG] [TIME] 6302 income_stmt: 0.19s
2026-10-02 07:16:35,921 [DEBUG] [TIME] 6302 balance_sheet: 0.17s
2026-10-02 07:16:36,124 [DEBUG] [TIME] 6302 cashflow: 0.20s
2026-10-02 07:16:36,396 [DEBUG] [TIME] 6302 dividends: 0.27s
2026-10-02 07:16:36,397 [INFO] [DETAIL] 6302 住友重機械工業: income_stmt=OK, balance_sheet=OK, cashflow=OK, dividends=OK
2026-10-02 07:16:36,397 [INFO] [TIME] 6302 住友重機械工業 処理時間: 1.01s
2026-10-02 07:16:37,835 [DEBUG] [TIME] 6305 info: 0.16s
2026-10-02 07:16:37,835 [DEBUG] yfinance OK: 6305
2026-10-02 07:16:38,115 [DEBUG] [TIME] 6305 income_stmt: 0.28s
2026-10-02 07:16:38,362 [DEBUG] [TIME] 6305 balance_sheet: 0.25s
2026-10-02 07:16:38,580 [DEBUG] [TIME] 6305 cashflow: 0.22s
2026-10-02 07:16:38,846 [DEBUG] [TIME] 6305 dividends: 0.27s
2026-10-02 07:16:38,847 [INFO] [DETAIL] 6305 日立建機: income_stmt=OK, balance_sheet=OK, cashflow=OK, dividends=OK
2026-10-02 07:16:38,847 [INFO] [TIME] 6305 日立建機 処理時間: 1.18s
2026-10-02 07:16:40,631 [DEBUG] [TIME] 6306 info: 0.17s
2026-10-02 07:16:40,632 [DEBUG] yfinance OK: 6306
2026-10-02 07:16:40,850 [DEBUG] [TIME] 6306 income_stmt: 0.22s
2026-10-02 07:16:41,094 [DEBUG] [TIME] 6306 balance_sheet: 0.24s
2026-10-02 07:16:41,352 [DEBUG] [TIME] 6306 cashflow: 0.26s
2026-10-02 07:16:41,634 [DEBUG] [TIME] 6306 dividends: 0.28s
2026-10-02 07:16:41,635 [INFO] [DETAIL] 6306 日工: income_stmt=OK, balance_sheet=OK, cashflow=OK, dividends=OK
2026-10-02 07:16:41,635 [INFO] [TIME] 6306 日工 処理時間: 1.17s
2026-10-02 07:16:43,265 [DEBUG] [TIME] 6307 info: 0.18s
2026-10-02 07:16:43,265 [DEBUG] yfinance OK: 6307
2026-10-02 07:16:43,424 [DEBUG] [TIME] 6307 income_stmt: 0.16s
2026-10-02 07:16:43,720 [DEBUG] [TIME] 6307 balance_sheet: 0.30s
2026-10-02 07:16:43,940 [DEBUG] [TIME] 6307 cashflow: 0.22s
2026-10-02 07:16:44,208 [DEBUG] [TIME] 6307 dividends: 0.27s
2026-10-02 07:16:44,209 [INFO] [DETAIL] 6307 サンセイ: income_stmt=OK, balance_sheet=OK, cashflow=OK, dividends=OK
2026-10-02 07:16:44,209 [INFO] [TIME] 6307 サンセイ 処理時間: 1.12s
2026-10-02 07:16:45,620 [DEBUG] [TIME] 6309 info: 0.17s
2026-10-02 07:16:45,621 [DEBUG] yfinance OK: 6309
2026-10-02 07:16:45,772 [DEBUG] [TIME] 6309 income_stmt: 0.15s
2026-10-02 07:16:45,949 [DEBUG] [TIME] 6309 balance_sheet: 0.18s
2026-10-02 07:16:46,088 [DEBUG] [TIME] 6309 cashflow: 0.14s
2026-10-02 07:16:46,337 [DEBUG] [TIME] 6309 dividends: 0.25s
2026-10-02 07:16:46,338 [INFO] [DETAIL] 6309 巴工業: income_stmt=OK, balance_sheet=OK, cashflow=OK, dividends=OK
2026-10-02 07:16:46,338 [INFO] [TIME] 6309 巴工業 処理時間: 0.89s
2026-10-02 07:16:48,347 [DEBUG] [TIME] 6310 info: 0.16s
2026-10-02 07:16:48,347 [DEBUG] yfinance OK: 6310
2026-10-02 07:16:48,569 [DEBUG] [TIME] 6310 income_stmt: 0.22s
2026-10-02 07:16:48,842 [DEBUG] [TIME] 6310 balance_sheet: 0.27s
2026-10-02 07:16:49,135 [DEBUG] [TIME] 6310 cashflow: 0.29s
2026-10-02 07:16:49,394 [DEBUG] [TIME] 6310 dividends: 0.26s
2026-10-02 07:16:49,395 [INFO] [DETAIL] 6310 井関農機: income_stmt=OK, balance_sheet=OK, cashflow=OK, dividends=OK
2026-10-02 07:16:49,395 [INFO] [TIME] 6310 井関農機 処理時間: 1.21s
2026-10-02 07:16:51,543 [DEBUG] [TIME] 6315 info: 0.17s
2026-10-02 07:16:51,543 [DEBUG] yfinance OK: 6315
2026-10-02 07:16:51,811 [DEBUG] [TIME] 6315 income_stmt: 0.27s
2026-10-02 07:16:52,063 [DEBUG] [TIME] 6315 balance_sheet: 0.25s
2026-10-02 07:16:52,291 [DEBUG] [TIME] 6315 cashflow: 0.23s
2026-10-02 07:16:52,576 [DEBUG] [TIME] 6315 dividends: 0.28s
2026-10-02 07:16:52,577 [INFO] [DETAIL] 6315 ＴＯＷＡ: income_stmt=OK, balance_sheet=OK, cashflow=OK, dividends=OK
2026-10-02 07:16:52,577 [INFO] [TIME] 6315 ＴＯＷＡ 処理時間: 1.21s
2026-10-02 07:16:54,289 [DEBUG] [TIME] 6316 info: 0.21s
2026-10-02 07:16:54,289 [DEBUG] yfinance OK: 6316
2026-10-02 07:16:54,432 [DEBUG] [TIME] 6316 income_stmt: 0.14s
2026-10-02 07:16:54,599 [DEBUG] [TIME] 6316 balance_sheet: 0.17s
2026-10-02 07:16:54,730 [DEBUG] [TIME] 6316 cashflow: 0.13s
2026-10-02 07:16:54,984 [DEBUG] [TIME] 6316 dividends: 0.25s
2026-10-02 07:16:54,985 [INFO] [DETAIL] 6316 丸山製作所: income_stmt=OK, balance_sheet=OK, cashflow=OK, dividends=OK
2026-10-02 07:16:54,985 [INFO] [TIME] 6316 丸山製作所 処理時間: 0.90s
2026-10-02 07:16:57,001 [DEBUG] [TIME] 6317 info: 0.18s
2026-10-02 07:16:57,001 [DEBUG] yfinance OK: 6317
2026-10-02 07:16:57,186 [DEBUG] [TIME] 6317 income_stmt: 0.19s
2026-10-02 07:16:57,368 [DEBUG] [TIME] 6317 balance_sheet: 0.18s
2026-10-02 07:16:57,626 [DEBUG] [TIME] 6317 cashflow: 0.26s
2026-10-02 07:16:57,889 [DEBUG] [TIME] 6317 dividends: 0.26s
2026-10-02 07:16:57,890 [INFO] [DETAIL] 6317 北川鉄工所: income_stmt=OK, balance_sheet=OK, cashflow=OK, dividends=OK
2026-10-02 07:16:57,890 [INFO] [TIME] 6317 北川鉄工所 処理時間: 1.07s
2026-10-02 07:16:59,948 [DEBUG] [TIME] 6322 info: 0.17s
2026-10-02 07:16:59,948 [DEBUG] yfinance OK: 6322
2026-10-02 07:17:00,184 [DEBUG] [TIME] 6322 income_stmt: 0.24s
2026-10-02 07:17:00,363 [DEBUG] [TIME] 6322 balance_sheet: 0.18s
2026-10-02 07:17:00,540 [DEBUG] [TIME] 6322 cashflow: 0.18s
2026-10-02 07:17:00,823 [DEBUG] [TIME] 6322 dividends: 0.28s
2026-10-02 07:17:00,824 [INFO] [DETAIL] 6322 タクミナ: income_stmt=OK, balance_sheet=OK, cashflow=OK, dividends=OK
2026-10-02 07:17:00,824 [INFO] [TIME] 6322 タクミナ 処理時間: 1.04s
2026-10-02 07:17:02,726 [DEBUG] [TIME] 6323 info: 0.17s
2026-10-02 07:17:02,726 [DEBUG] yfinance OK: 6323
2026-10-02 07:17:02,963 [DEBUG] [TIME] 6323 income_stmt: 0.24s
2026-10-02 07:17:03,137 [DEBUG] [TIME] 6323 balance_sheet: 0.17s
2026-10-02 07:17:03,259 [DEBUG] [TIME] 6323 cashflow: 0.12s
2026-10-02 07:17:03,516 [DEBUG] [TIME] 6323 dividends: 0.26s
2026-10-02 07:17:03,517 [INFO] [DETAIL] 6323 ローツェ: income_stmt=OK, balance_sheet=OK, cashflow=OK, dividends=OK
2026-10-02 07:17:03,518 [INFO] [TIME] 6323 ローツェ 処理時間: 0.96s
2026-10-02 07:17:04,870 [DEBUG] [TIME] 6324 info: 0.16s
2026-10-02 07:17:04,870 [DEBUG] yfinance OK: 6324
2026-10-02 07:17:05,070 [DEBUG] [TIME] 6324 income_stmt: 0.20s
2026-10-02 07:17:05,264 [DEBUG] [TIME] 6324 balance_sheet: 0.19s
2026-10-02 07:17:05,405 [DEBUG] [TIME] 6324 cashflow: 0.14s
2026-10-02 07:17:05,674 [DEBUG] [TIME] 6324 dividends: 0.27s
2026-10-02 07:17:05,675 [INFO] [DETAIL] 6324 ハーモニック・ドライブ・システムズ: income_stmt=OK, balance_sheet=OK, cashflow=OK, dividends=OK
2026-10-02 07:17:05,675 [INFO] [TIME] 6324 ハーモニック・ドライブ・システムズ 処理時間: 0.97s
2026-10-02 07:17:07,630 [DEBUG] [TIME] 6325 info: 0.17s
2026-10-02 07:17:07,630 [DEBUG] yfinance OK: 6325
2026-10-02 07:17:07,813 [DEBUG] [TIME] 6325 income_stmt: 0.18s
2026-10-02 07:17:07,992 [DEBUG] [TIME] 6325 balance_sheet: 0.18s
2026-10-02 07:17:08,280 [DEBUG] [TIME] 6325 cashflow: 0.29s
2026-10-02 07:17:08,545 [DEBUG] [TIME] 6325 dividends: 0.26s
2026-10-02 07:17:08,546 [INFO] [DETAIL] 6325 タカキタ: income_stmt=OK, balance_sheet=OK, cashflow=OK, dividends=OK
2026-10-02 07:17:08,546 [INFO] [TIME] 6325 タカキタ 処理時間: 1.08s
2026-10-02 07:17:10,521 [DEBUG] [TIME] 6326 info: 0.17s
2026-10-02 07:17:10,521 [DEBUG] yfinance OK: 6326
2026-10-02 07:17:10,667 [DEBUG] [TIME] 6326 income_stmt: 0.15s
2026-10-02 07:17:10,848 [DEBUG] [TIME] 6326 balance_sheet: 0.18s
2026-10-02 07:17:10,986 [DEBUG] [TIME] 6326 cashflow: 0.14s
2026-10-02 07:17:11,246 [DEBUG] [TIME] 6326 dividends: 0.26s
2026-10-02 07:17:11,247 [INFO] [DETAIL] 6326 クボタ: income_stmt=OK, balance_sheet=OK, cashflow=OK, dividends=OK
2026-10-02 07:17:11,247 [INFO] [TIME] 6326 クボタ 処理時間: 0.89s
2026-10-02 07:17:12,751 [DEBUG] [TIME] 6327 info: 0.22s
2026-10-02 07:17:12,751 [DEBUG] yfinance OK: 6327
2026-10-02 07:17:12,920 [DEBUG] [TIME] 6327 income_stmt: 0.17s
2026-10-02 07:17:13,170 [DEBUG] [TIME] 6327 balance_sheet: 0.25s
2026-10-02 07:17:13,289 [DEBUG] [TIME] 6327 cashflow: 0.12s
2026-10-02 07:17:13,521 [DEBUG] [TIME] 6327 dividends: 0.23s
2026-10-02 07:17:13,522 [INFO] [DETAIL] 6327 北川精機: income_stmt=OK, balance_sheet=OK, cashflow=OK, dividends=OK
2026-10-02 07:17:13,522 [INFO] [TIME] 6327 北川精機 処理時間: 0.99s
2026-10-02 07:17:15,429 [DEBUG] [TIME] 6328 info: 0.17s
2026-10-02 07:17:15,429 [DEBUG] yfinance OK: 6328
2026-10-02 07:17:15,588 [DEBUG] [TIME] 6328 income_stmt: 0.16s
2026-10-02 07:17:15,772 [DEBUG] [TIME] 6328 balance_sheet: 0.18s
2026-10-02 07:17:15,911 [DEBUG] [TIME] 6328 cashflow: 0.14s
2026-10-02 07:17:16,189 [DEBUG] [TIME] 6328 dividends: 0.28s
2026-10-02 07:17:16,190 [INFO] [DETAIL] 6328 荏原実業: income_stmt=OK, balance_sheet=OK, cashflow=OK, dividends=OK
2026-10-02 07:17:16,190 [INFO] [TIME] 6328 荏原実業 処理時間: 0.93s
2026-10-02 07:17:17,428 [DEBUG] [TIME] 6330 info: 0.18s
2026-10-02 07:17:17,428 [DEBUG] yfinance OK: 6330
2026-10-02 07:17:17,563 [DEBUG] [TIME] 6330 income_stmt: 0.13s
2026-10-02 07:17:17,818 [DEBUG] [TIME] 6330 balance_sheet: 0.26s
2026-10-02 07:17:17,931 [DEBUG] [TIME] 6330 cashflow: 0.11s
2026-10-02 07:17:18,198 [DEBUG] [TIME] 6330 dividends: 0.27s
2026-10-02 07:17:18,199 [INFO] [DETAIL] 6330 東洋エンジニアリング: income_stmt=OK, balance_sheet=OK, cashflow=OK, dividends=OK
2026-10-02 07:17:18,199 [INFO] [TIME] 6330 東洋エンジニアリング 処理時間: 0.95s
2026-10-02 07:17:20,015 [DEBUG] [TIME] 6331 info: 0.17s
2026-10-02 07:17:20,015 [DEBUG] yfinance OK: 6331
2026-10-02 07:17:20,200 [DEBUG] [TIME] 6331 income_stmt: 0.19s
2026-10-02 07:17:20,479 [DEBUG] [TIME] 6331 balance_sheet: 0.28s
2026-10-02 07:17:20,645 [DEBUG] [TIME] 6331 cashflow: 0.17s
2026-10-02 07:17:20,959 [DEBUG] [TIME] 6331 dividends: 0.31s
2026-10-02 07:17:20,960 [INFO] [DETAIL] 6331 三菱化工機: income_stmt=OK, balance_sheet=OK, cashflow=OK, dividends=OK
2026-10-02 07:17:20,960 [INFO] [TIME] 6331 三菱化工機 処理時間: 1.12s
2026-10-02 07:17:23,170 [DEBUG] [TIME] 6332 info: 0.21s
2026-10-02 07:17:23,170 [DEBUG] yfinance OK: 6332
2026-10-02 07:17:23,386 [DEBUG] [TIME] 6332 income_stmt: 0.22s
2026-10-02 07:17:23,551 [DEBUG] [TIME] 6332 balance_sheet: 0.17s
2026-10-02 07:17:23,698 [DEBUG] [TIME] 6332 cashflow: 0.15s
2026-10-02 07:17:23,959 [DEBUG] [TIME] 6332 dividends: 0.26s
2026-10-02 07:17:23,960 [INFO] [DETAIL] 6332 月島ホールディングス: income_stmt=OK, balance_sheet=OK, cashflow=OK, dividends=OK
2026-10-02 07:17:23,960 [INFO] [TIME] 6332 月島ホールディングス 処理時間: 1.00s
2026-10-02 07:17:25,276 [DEBUG] [TIME] 6333 info: 0.17s
2026-10-02 07:17:25,276 [DEBUG] yfinance OK: 6333
2026-10-02 07:17:25,420 [DEBUG] [TIME] 6333 income_stmt: 0.14s
2026-10-02 07:17:25,614 [DEBUG] [TIME] 6333 balance_sheet: 0.19s
2026-10-02 07:17:25,751 [DEBUG] [TIME] 6333 cashflow: 0.14s
2026-10-02 07:17:25,998 [DEBUG] [TIME] 6333 dividends: 0.25s
2026-10-02 07:17:25,999 [INFO] [DETAIL] 6333 ＴＥＩＫＯＫＵ: income_stmt=OK, balance_sheet=OK, cashflow=OK, dividends=OK
2026-10-02 07:17:25,999 [INFO] [TIME] 6333 ＴＥＩＫＯＫＵ 処理時間: 0.90s
2026-10-02 07:17:27,411 [DEBUG] [TIME] 6334 info: 0.16s
2026-10-02 07:17:27,411 [DEBUG] yfinance OK: 6334
2026-10-02 07:17:27,579 [DEBUG] [TIME] 6334 income_stmt: 0.17s
2026-10-02 07:17:27,806 [DEBUG] [TIME] 6334 balance_sheet: 0.23s
2026-10-02 07:17:27,973 [DEBUG] [TIME] 6334 cashflow: 0.17s
2026-10-02 07:17:28,193 [DEBUG] [TIME] 6334 dividends: 0.22s
2026-10-02 07:17:28,194 [INFO] [DETAIL] 6334 明治機械: income_stmt=OK, balance_sheet=OK, cashflow=OK, dividends=OK
2026-10-02 07:17:28,194 [INFO] [TIME] 6334 明治機械 処理時間: 0.95s
2026-10-02 07:17:30,407 [DEBUG] [TIME] 6335 info: 0.21s
2026-10-02 07:17:30,407 [DEBUG] yfinance OK: 6335
2026-10-02 07:17:30,560 [DEBUG] [TIME] 6335 income_stmt: 0.15s
2026-10-02 07:17:30,849 [DEBUG] [TIME] 6335 balance_sheet: 0.29s
2026-10-02 07:17:30,999 [DEBUG] [TIME] 6335 cashflow: 0.15s
2026-10-02 07:17:31,269 [DEBUG] [TIME] 6335 dividends: 0.27s
2026-10-02 07:17:31,270 [INFO] [DETAIL] 6335 東京機械製作所: income_stmt=OK, balance_sheet=OK, cashflow=OK, dividends=OK
2026-10-02 07:17:31,270 [INFO] [TIME] 6335 東京機械製作所 処理時間: 1.07s
2026-10-02 07:17:32,853 [DEBUG] [TIME] 6336 info: 0.16s
2026-10-02 07:17:32,853 [DEBUG] yfinance OK: 6336
2026-10-02 07:17:33,087 [DEBUG] [TIME] 6336 income_stmt: 0.23s
2026-10-02 07:17:33,357 [DEBUG] [TIME] 6336 balance_sheet: 0.27s
2026-10-02 07:17:33,560 [DEBUG] [TIME] 6336 cashflow: 0.20s
2026-10-02 07:17:33,858 [DEBUG] [TIME] 6336 dividends: 0.30s
2026-10-02 07:17:33,859 [INFO] [DETAIL] 6336 石井表記: income_stmt=OK, balance_sheet=OK, cashflow=OK, dividends=OK
2026-10-02 07:17:33,859 [INFO] [TIME] 6336 石井表記 処理時間: 1.17s
2026-10-02 07:17:35,992 [DEBUG] [TIME] 6337 info: 0.17s
2026-10-02 07:17:35,992 [DEBUG] yfinance OK: 6337
2026-10-02 07:17:36,263 [DEBUG] [TIME] 6337 income_stmt: 0.27s
2026-10-02 07:17:36,537 [DEBUG] [TIME] 6337 balance_sheet: 0.27s
2026-10-02 07:17:36,700 [DEBUG] [TIME] 6337 cashflow: 0.16s
2026-10-02 07:17:36,943 [DEBUG] [TIME] 6337 dividends: 0.24s
2026-10-02 07:17:36,944 [INFO] [DETAIL] 6337 テセック: income_stmt=OK, balance_sheet=OK, cashflow=OK, dividends=OK
2026-10-02 07:17:36,944 [INFO] [TIME] 6337 テセック 処理時間: 1.12s
2026-10-02 07:17:38,716 [DEBUG] [TIME] 6338 info: 0.17s
2026-10-02 07:17:38,716 [DEBUG] yfinance OK: 6338
2026-10-02 07:17:38,874 [DEBUG] [TIME] 6338 income_stmt: 0.16s
2026-10-02 07:17:39,047 [DEBUG] [TIME] 6338 balance_sheet: 0.17s
2026-10-02 07:17:39,187 [DEBUG] [TIME] 6338 cashflow: 0.14s
2026-10-02 07:17:39,428 [DEBUG] [TIME] 6338 dividends: 0.24s
2026-10-02 07:17:39,429 [INFO] [DETAIL] 6338 タカトリ: income_stmt=OK, balance_sheet=OK, cashflow=OK, dividends=OK
2026-10-02 07:17:39,429 [INFO] [TIME] 6338 タカトリ 処理時間: 0.88s
2026-10-02 07:17:41,233 [DEBUG] [TIME] 6339 info: 0.20s
2026-10-02 07:17:41,234 [DEBUG] yfinance OK: 6339
2026-10-02 07:17:41,374 [DEBUG] [TIME] 6339 income_stmt: 0.14s
2026-10-02 07:17:41,621 [DEBUG] [TIME] 6339 balance_sheet: 0.25s
2026-10-02 07:17:41,791 [DEBUG] [TIME] 6339 cashflow: 0.17s
2026-10-02 07:17:42,067 [DEBUG] [TIME] 6339 dividends: 0.28s
2026-10-02 07:17:42,068 [INFO] [DETAIL] 6339 新東工業: income_stmt=OK, balance_sheet=OK, cashflow=OK, dividends=OK
2026-10-02 07:17:42,068 [INFO] [TIME] 6339 新東工業 処理時間: 1.03s
2026-10-02 07:17:43,669 [DEBUG] [TIME] 6340 info: 0.18s
2026-10-02 07:17:43,669 [DEBUG] yfinance OK: 6340
2026-10-02 07:17:43,811 [DEBUG] [TIME] 6340 income_stmt: 0.14s
2026-10-02 07:17:43,957 [DEBUG] [TIME] 6340 balance_sheet: 0.15s
2026-10-02 07:17:44,076 [DEBUG] [TIME] 6340 cashflow: 0.12s
2026-10-02 07:17:44,351 [DEBUG] [TIME] 6340 dividends: 0.27s
2026-10-02 07:17:44,352 [INFO] [DETAIL] 6340 澁谷工業: income_stmt=OK, balance_sheet=OK, cashflow=OK, dividends=OK
2026-10-02 07:17:44,352 [INFO] [TIME] 6340 澁谷工業 処理時間: 0.87s
2026-10-02 07:17:46,167 [DEBUG] [TIME] 6342 info: 0.17s
2026-10-02 07:17:46,167 [DEBUG] yfinance OK: 6342
2026-10-02 07:17:46,403 [DEBUG] [TIME] 6342 income_stmt: 0.24s
2026-10-02 07:17:46,698 [DEBUG] [TIME] 6342 balance_sheet: 0.29s
2026-10-02 07:17:46,881 [DEBUG] [TIME] 6342 cashflow: 0.18s
2026-10-02 07:17:47,148 [DEBUG] [TIME] 6342 dividends: 0.27s
2026-10-02 07:17:47,149 [INFO] [DETAIL] 6342 太平製作所: income_stmt=OK, balance_sheet=OK, cashflow=OK, dividends=OK
2026-10-02 07:17:47,150 [INFO] [TIME] 6342 太平製作所 処理時間: 1.15s
2026-10-02 07:17:48,660 [DEBUG] [TIME] 6343 info: 0.17s
2026-10-02 07:17:48,661 [DEBUG] yfinance OK: 6343
2026-10-02 07:17:48,855 [DEBUG] [TIME] 6343 income_stmt: 0.19s
2026-10-02 07:17:49,120 [DEBUG] [TIME] 6343 balance_sheet: 0.27s
2026-10-02 07:17:49,352 [DEBUG] [TIME] 6343 cashflow: 0.23s
2026-10-02 07:17:49,597 [DEBUG] [TIME] 6343 dividends: 0.24s
2026-10-02 07:17:49,598 [INFO] [DETAIL] 6343 フリージア・マクロス: income_stmt=OK, balance_sheet=OK, cashflow=OK, dividends=OK
2026-10-02 07:17:49,598 [INFO] [TIME] 6343 フリージア・マクロス 処理時間: 1.11s
2026-10-02 07:17:51,198 [DEBUG] [TIME] 6345 info: 0.17s
2026-10-02 07:17:51,198 [DEBUG] yfinance OK: 6345
2026-10-02 07:17:51,322 [DEBUG] [TIME] 6345 income_stmt: 0.12s
2026-10-02 07:17:51,619 [DEBUG] [TIME] 6345 balance_sheet: 0.30s
2026-10-02 07:17:51,800 [DEBUG] [TIME] 6345 cashflow: 0.18s
2026-10-02 07:17:52,061 [DEBUG] [TIME] 6345 dividends: 0.26s
2026-10-02 07:17:52,062 [INFO] [DETAIL] 6345 アイチ　コーポレーション: income_stmt=OK, balance_sheet=OK, cashflow=OK, dividends=OK
2026-10-02 07:17:52,062 [INFO] [TIME] 6345 アイチ　コーポレーション 処理時間: 1.03s
2026-10-02 07:17:54,192 [DEBUG] [TIME] 6346 info: 0.17s
2026-10-02 07:17:54,192 [DEBUG] yfinance OK: 6346
2026-10-02 07:17:54,345 [DEBUG] [TIME] 6346 income_stmt: 0.15s
2026-10-02 07:17:54,635 [DEBUG] [TIME] 6346 balance_sheet: 0.29s
2026-10-02 07:17:54,784 [DEBUG] [TIME] 6346 cashflow: 0.15s
2026-10-02 07:17:55,068 [DEBUG] [TIME] 6346 dividends: 0.28s
2026-10-02 07:17:55,069 [INFO] [DETAIL] 6346 キクカワエンタープライズ: income_stmt=OK, balance_sheet=OK, cashflow=OK, dividends=OK
2026-10-02 07:17:55,069 [INFO] [TIME] 6346 キクカワエンタープライズ 処理時間: 1.05s
2026-10-02 07:17:56,753 [DEBUG] [TIME] 6347 info: 0.17s
2026-10-02 07:17:56,754 [DEBUG] yfinance OK: 6347
2026-10-02 07:17:56,918 [DEBUG] [TIME] 6347 income_stmt: 0.16s
2026-10-02 07:17:57,207 [DEBUG] [TIME] 6347 balance_sheet: 0.29s
2026-10-02 07:17:57,409 [DEBUG] [TIME] 6347 cashflow: 0.20s
2026-10-02 07:17:57,652 [DEBUG] [TIME] 6347 dividends: 0.24s
2026-10-02 07:17:57,653 [INFO] [DETAIL] 6347 プラコー: income_stmt=OK, balance_sheet=OK, cashflow=OK, dividends=OK
2026-10-02 07:17:57,653 [INFO] [TIME] 6347 プラコー 処理時間: 1.07s
2026-10-02 07:17:59,774 [DEBUG] [TIME] 6349 info: 0.19s
2026-10-02 07:17:59,774 [DEBUG] yfinance OK: 6349
2026-10-02 07:18:00,018 [DEBUG] [TIME] 6349 income_stmt: 0.24s
2026-10-02 07:18:00,235 [DEBUG] [TIME] 6349 balance_sheet: 0.22s
2026-10-02 07:18:00,446 [DEBUG] [TIME] 6349 cashflow: 0.21s
2026-10-02 07:18:00,709 [DEBUG] [TIME] 6349 dividends: 0.26s
2026-10-02 07:18:00,710 [INFO] [DETAIL] 6349 小森コーポレーション: income_stmt=OK, balance_sheet=OK, cashflow=OK, dividends=OK
2026-10-02 07:18:00,710 [INFO] [TIME] 6349 小森コーポレーション 処理時間: 1.12s
2026-10-02 07:18:02,512 [DEBUG] [TIME] 6351 info: 0.16s
2026-10-02 07:18:02,512 [DEBUG] yfinance OK: 6351
2026-10-02 07:18:02,685 [DEBUG] [TIME] 6351 income_stmt: 0.17s
2026-10-02 07:18:02,865 [DEBUG] [TIME] 6351 balance_sheet: 0.18s
2026-10-02 07:18:03,103 [DEBUG] [TIME] 6351 cashflow: 0.24s
2026-10-02 07:18:03,397 [DEBUG] [TIME] 6351 dividends: 0.29s
2026-10-02 07:18:03,398 [INFO] [DETAIL] 6351 鶴見製作所: income_stmt=OK, balance_sheet=OK, cashflow=OK, dividends=OK
2026-10-02 07:18:03,398 [INFO] [TIME] 6351 鶴見製作所 処理時間: 1.05s
2026-10-02 07:18:05,262 [DEBUG] [TIME] 6356 info: 0.17s
2026-10-02 07:18:05,262 [DEBUG] yfinance OK: 6356
2026-10-02 07:18:05,495 [DEBUG] [TIME] 6356 income_stmt: 0.23s
2026-10-02 07:18:05,702 [DEBUG] [TIME] 6356 balance_sheet: 0.21s
2026-10-02 07:18:05,914 [DEBUG] [TIME] 6356 cashflow: 0.21s
2026-10-02 07:18:06,163 [DEBUG] [TIME] 6356 dividends: 0.25s
2026-10-02 07:18:06,164 [INFO] [DETAIL] 6356 日本ギア工業: income_stmt=OK, balance_sheet=OK, cashflow=OK, dividends=OK
2026-10-02 07:18:06,164 [INFO] [TIME] 6356 日本ギア工業 処理時間: 1.07s
2026-10-02 07:18:07,826 [DEBUG] [TIME] 6357 info: 0.18s
2026-10-02 07:18:07,826 [DEBUG] yfinance OK: 6357
2026-10-02 07:18:08,054 [DEBUG] [TIME] 6357 income_stmt: 0.23s
2026-10-02 07:18:08,253 [DEBUG] [TIME] 6357 balance_sheet: 0.20s
2026-10-02 07:18:08,462 [DEBUG] [TIME] 6357 cashflow: 0.21s
2026-10-02 07:18:08,749 [DEBUG] [TIME] 6357 dividends: 0.29s
2026-10-02 07:18:08,750 [INFO] [DETAIL] 6357 三精テクノロジーズ: income_stmt=OK, balance_sheet=OK, cashflow=OK, dividends=OK
2026-10-02 07:18:08,750 [INFO] [TIME] 6357 三精テクノロジーズ 処理時間: 1.10s
2026-10-02 07:18:10,706 [DEBUG] [TIME] 6358 info: 0.16s
2026-10-02 07:18:10,706 [DEBUG] yfinance OK: 6358
2026-10-02 07:18:10,848 [DEBUG] [TIME] 6358 income_stmt: 0.14s
2026-10-02 07:18:11,112 [DEBUG] [TIME] 6358 balance_sheet: 0.26s
2026-10-02 07:18:11,237 [DEBUG] [TIME] 6358 cashflow: 0.12s
2026-10-02 07:18:11,523 [DEBUG] [TIME] 6358 dividends: 0.29s
2026-10-02 07:18:11,524 [INFO] [DETAIL] 6358 酒井重工業: income_stmt=OK, balance_sheet=OK, cashflow=OK, dividends=OK
2026-10-02 07:18:11,524 [INFO] [TIME] 6358 酒井重工業 処理時間: 0.98s
2026-10-02 07:18:13,522 [DEBUG] [TIME] 6360 info: 0.20s
2026-10-02 07:18:13,522 [DEBUG] yfinance OK: 6360
2026-10-02 07:18:13,745 [DEBUG] [TIME] 6360 income_stmt: 0.22s
2026-10-02 07:18:13,959 [DEBUG] [TIME] 6360 balance_sheet: 0.21s
2026-10-02 07:18:14,204 [DEBUG] [TIME] 6360 cashflow: 0.24s
2026-10-02 07:18:14,487 [DEBUG] [TIME] 6360 dividends: 0.28s
2026-10-02 07:18:14,488 [INFO] [DETAIL] 6360 東京自働機械製作所: income_stmt=OK, balance_sheet=OK, cashflow=OK, dividends=OK
2026-10-02 07:18:14,488 [INFO] [TIME] 6360 東京自働機械製作所 処理時間: 1.16s
2026-10-02 07:18:16,617 [DEBUG] [TIME] 6361 info: 0.17s
2026-10-02 07:18:16,617 [DEBUG] yfinance OK: 6361
2026-10-02 07:18:16,774 [DEBUG] [TIME] 6361 income_stmt: 0.16s
2026-10-02 07:18:16,971 [DEBUG] [TIME] 6361 balance_sheet: 0.20s
2026-10-02 07:18:17,124 [DEBUG] [TIME] 6361 cashflow: 0.15s
2026-10-02 07:18:17,401 [DEBUG] [TIME] 6361 dividends: 0.28s
2026-10-02 07:18:17,402 [INFO] [DETAIL] 6361 荏原製作所: income_stmt=OK, balance_sheet=OK, cashflow=OK, dividends=OK
2026-10-02 07:18:17,403 [INFO] [TIME] 6361 荏原製作所 処理時間: 0.96s
2026-10-02 07:18:18,677 [DEBUG] [TIME] 6363 info: 0.17s
2026-10-02 07:18:18,677 [DEBUG] yfinance OK: 6363
2026-10-02 07:18:18,872 [DEBUG] [TIME] 6363 income_stmt: 0.19s
2026-10-02 07:18:19,015 [DEBUG] [TIME] 6363 balance_sheet: 0.14s
2026-10-02 07:18:19,151 [DEBUG] [TIME] 6363 cashflow: 0.14s
2026-10-02 07:18:19,402 [DEBUG] [TIME] 6363 dividends: 0.25s
2026-10-02 07:18:19,403 [INFO] [DETAIL] 6363 酉島製作所: income_stmt=OK, balance_sheet=OK, cashflow=OK, dividends=OK
2026-10-02 07:18:19,403 [INFO] [TIME] 6363 酉島製作所 処理時間: 0.89s
2026-10-02 07:18:20,783 [DEBUG] [TIME] 6364 info: 0.18s
2026-10-02 07:18:20,783 [DEBUG] yfinance OK: 6364
2026-10-02 07:18:21,002 [DEBUG] [TIME] 6364 income_stmt: 0.22s
2026-10-02 07:18:21,280 [DEBUG] [TIME] 6364 balance_sheet: 0.28s
2026-10-02 07:18:21,493 [DEBUG] [TIME] 6364 cashflow: 0.21s
2026-10-02 07:18:21,744 [DEBUG] [TIME] 6364 dividends: 0.25s
2026-10-02 07:18:21,745 [INFO] [DETAIL] 6364 ＡＩＲＭＡＮ: income_stmt=OK, balance_sheet=OK, cashflow=OK, dividends=OK
2026-10-02 07:18:21,745 [INFO] [TIME] 6364 ＡＩＲＭＡＮ 処理時間: 1.14s
2026-10-02 07:18:23,667 [DEBUG] [TIME] 6365 info: 0.17s
2026-10-02 07:18:23,667 [DEBUG] yfinance OK: 6365
2026-10-02 07:18:23,856 [DEBUG] [TIME] 6365 income_stmt: 0.19s
2026-10-02 07:18:24,141 [DEBUG] [TIME] 6365 balance_sheet: 0.28s
2026-10-02 07:18:24,366 [DEBUG] [TIME] 6365 cashflow: 0.22s
2026-10-02 07:18:24,644 [DEBUG] [TIME] 6365 dividends: 0.28s
2026-10-02 07:18:24,646 [INFO] [DETAIL] 6365 電業社機械製作所: income_stmt=OK, balance_sheet=OK, cashflow=OK, dividends=OK
2026-10-02 07:18:24,646 [INFO] [TIME] 6365 電業社機械製作所 処理時間: 1.15s
2026-10-02 07:18:26,625 [DEBUG] [TIME] 6366 info: 0.17s
2026-10-02 07:18:26,625 [DEBUG] yfinance OK: 6366
2026-10-02 07:18:26,855 [DEBUG] [TIME] 6366 income_stmt: 0.23s
2026-10-02 07:18:27,176 [DEBUG] [TIME] 6366 balance_sheet: 0.32s
2026-10-02 07:18:27,330 [DEBUG] [TIME] 6366 cashflow: 0.15s
2026-10-02 07:18:27,574 [DEBUG] [TIME] 6366 dividends: 0.24s
2026-10-02 07:18:27,575 [INFO] [DETAIL] 6366 千代田化工建設: income_stmt=OK, balance_sheet=OK, cashflow=OK, dividends=OK
2026-10-02 07:18:27,575 [INFO] [TIME] 6366 千代田化工建設 処理時間: 1.12s
2026-10-02 07:18:28,887 [DEBUG] [TIME] 6367 info: 0.19s
2026-10-02 07:18:28,887 [DEBUG] yfinance OK: 6367
2026-10-02 07:18:29,123 [DEBUG] [TIME] 6367 income_stmt: 0.24s
2026-10-02 07:18:29,410 [DEBUG] [TIME] 6367 balance_sheet: 0.29s
2026-10-02 07:18:29,677 [DEBUG] [TIME] 6367 cashflow: 0.27s
2026-10-02 07:18:29,957 [DEBUG] [TIME] 6367 dividends: 0.28s
2026-10-02 07:18:29,958 [INFO] [DETAIL] 6367 ダイキン工業: income_stmt=OK, balance_sheet=OK, cashflow=OK, dividends=OK
2026-10-02 07:18:29,958 [INFO] [TIME] 6367 ダイキン工業 処理時間: 1.27s
2026-10-02 07:18:31,613 [DEBUG] [TIME] 6368 info: 0.18s
2026-10-02 07:18:31,614 [DEBUG] yfinance OK: 6368
2026-10-02 07:18:31,843 [DEBUG] [TIME] 6368 income_stmt: 0.23s
2026-10-02 07:18:32,015 [DEBUG] [TIME] 6368 balance_sheet: 0.17s
2026-10-02 07:18:32,188 [DEBUG] [TIME] 6368 cashflow: 0.17s
2026-10-02 07:18:32,466 [DEBUG] [TIME] 6368 dividends: 0.28s
2026-10-02 07:18:32,468 [INFO] [DETAIL] 6368 オルガノ: income_stmt=OK, balance_sheet=OK, cashflow=OK, dividends=OK
2026-10-02 07:18:32,468 [INFO] [TIME] 6368 オルガノ 処理時間: 1.03s
2026-10-02 07:18:34,250 [DEBUG] [TIME] 6369 info: 0.17s
2026-10-02 07:18:34,250 [DEBUG] yfinance OK: 6369
2026-10-02 07:18:34,460 [DEBUG] [TIME] 6369 income_stmt: 0.21s
2026-10-02 07:18:34,649 [DEBUG] [TIME] 6369 balance_sheet: 0.19s
2026-10-02 07:18:34,763 [DEBUG] [TIME] 6369 cashflow: 0.11s
2026-10-02 07:18:35,035 [DEBUG] [TIME] 6369 dividends: 0.27s
2026-10-02 07:18:35,037 [INFO] [DETAIL] 6369 トーヨーカネツ: income_stmt=OK, balance_sheet=OK, cashflow=OK, dividends=OK
2026-10-02 07:18:35,037 [INFO] [TIME] 6369 トーヨーカネツ 処理時間: 0.95s
2026-10-02 07:18:37,104 [DEBUG] [TIME] 6370 info: 0.20s
2026-10-02 07:18:37,104 [DEBUG] yfinance OK: 6370
2026-10-02 07:18:37,319 [DEBUG] [TIME] 6370 income_stmt: 0.22s
2026-10-02 07:18:37,479 [DEBUG] [TIME] 6370 balance_sheet: 0.16s
2026-10-02 07:18:37,603 [DEBUG] [TIME] 6370 cashflow: 0.12s
2026-10-02 07:18:37,847 [DEBUG] [TIME] 6370 dividends: 0.24s
2026-10-02 07:18:37,848 [INFO] [DETAIL] 6370 栗田工業: income_stmt=OK, balance_sheet=OK, cashflow=OK, dividends=OK
2026-10-02 07:18:37,849 [INFO] [TIME] 6370 栗田工業 処理時間: 0.95s
2026-10-02 07:18:39,708 [DEBUG] [TIME] 6371 info: 0.17s
2026-10-02 07:18:39,708 [DEBUG] yfinance OK: 6371
2026-10-02 07:18:39,969 [DEBUG] [TIME] 6371 income_stmt: 0.26s
2026-10-02 07:18:40,225 [DEBUG] [TIME] 6371 balance_sheet: 0.25s
2026-10-02 07:18:40,439 [DEBUG] [TIME] 6371 cashflow: 0.21s
2026-10-02 07:18:40,761 [DEBUG] [TIME] 6371 dividends: 0.32s
2026-10-02 07:18:40,762 [INFO] [DETAIL] 6371 椿本チエイン: income_stmt=OK, balance_sheet=OK, cashflow=OK, dividends=OK
2026-10-02 07:18:40,762 [INFO] [TIME] 6371 椿本チエイン 処理時間: 1.23s
2026-10-02 07:18:42,099 [DEBUG] [TIME] 6376 info: 0.17s
2026-10-02 07:18:42,099 [DEBUG] yfinance OK: 6376
2026-10-02 07:18:42,295 [DEBUG] [TIME] 6376 income_stmt: 0.20s
2026-10-02 07:18:42,614 [DEBUG] [TIME] 6376 balance_sheet: 0.32s
2026-10-02 07:18:42,911 [DEBUG] [TIME] 6376 cashflow: 0.30s
2026-10-02 07:18:43,202 [DEBUG] [TIME] 6376 dividends: 0.29s
2026-10-02 07:18:43,203 [INFO] [DETAIL] 6376 日機装: income_stmt=OK, balance_sheet=OK, cashflow=OK, dividends=OK
2026-10-02 07:18:43,203 [INFO] [TIME] 6376 日機装 処理時間: 1.27s
2026-10-02 07:18:45,260 [DEBUG] [TIME] 6378 info: 0.18s
2026-10-02 07:18:45,260 [DEBUG] yfinance OK: 6378
2026-10-02 07:18:45,421 [DEBUG] [TIME] 6378 income_stmt: 0.16s
2026-10-02 07:18:45,731 [DEBUG] [TIME] 6378 balance_sheet: 0.31s
2026-10-02 07:18:45,878 [DEBUG] [TIME] 6378 cashflow: 0.15s
2026-10-02 07:18:46,123 [DEBUG] [TIME] 6378 dividends: 0.24s
2026-10-02 07:18:46,124 [INFO] [DETAIL] 6378 木村化工機: income_stmt=OK, balance_sheet=OK, cashflow=OK, dividends=OK
2026-10-02 07:18:46,124 [INFO] [TIME] 6378 木村化工機 処理時間: 1.05s
2026-10-02 07:18:47,768 [DEBUG] [TIME] 6379 info: 0.16s
2026-10-02 07:18:47,768 [DEBUG] yfinance OK: 6379
2026-10-02 07:18:47,998 [DEBUG] [TIME] 6379 income_stmt: 0.23s
2026-10-02 07:18:48,264 [DEBUG] [TIME] 6379 balance_sheet: 0.27s
2026-10-02 07:18:48,471 [DEBUG] [TIME] 6379 cashflow: 0.21s
2026-10-02 07:18:48,781 [DEBUG] [TIME] 6379 dividends: 0.31s
2026-10-02 07:18:48,782 [INFO] [DETAIL] 6379 レイズネクスト: income_stmt=OK, balance_sheet=OK, cashflow=OK, dividends=OK
2026-10-02 07:18:48,782 [INFO] [TIME] 6379 レイズネクスト 処理時間: 1.18s
2026-10-02 07:18:50,070 [DEBUG] [TIME] 6380 info: 0.25s
2026-10-02 07:18:50,071 [DEBUG] yfinance OK: 6380
2026-10-02 07:18:50,291 [DEBUG] [TIME] 6380 income_stmt: 0.22s
2026-10-02 07:18:50,551 [DEBUG] [TIME] 6380 balance_sheet: 0.26s
2026-10-02 07:18:50,807 [DEBUG] [TIME] 6380 cashflow: 0.26s
2026-10-02 07:18:51,021 [DEBUG] [TIME] 6380 dividends: 0.21s
2026-10-02 07:18:51,022 [INFO] [DETAIL] 6380 オリエンタルチエン工業: income_stmt=OK, balance_sheet=OK, cashflow=OK, dividends=OK
2026-10-02 07:18:51,022 [INFO] [TIME] 6380 オリエンタルチエン工業 処理時間: 1.20s
2026-10-02 07:18:52,724 [DEBUG] [TIME] 6381 info: 0.21s
2026-10-02 07:18:52,724 [DEBUG] yfinance OK: 6381
2026-10-02 07:18:52,884 [DEBUG] [TIME] 6381 income_stmt: 0.16s
2026-10-02 07:18:53,024 [DEBUG] [TIME] 6381 balance_sheet: 0.14s
2026-10-02 07:18:53,155 [DEBUG] [TIME] 6381 cashflow: 0.13s
2026-10-02 07:18:53,423 [DEBUG] [TIME] 6381 dividends: 0.27s
2026-10-02 07:18:53,424 [INFO] [DETAIL] 6381 アネスト岩田: income_stmt=OK, balance_sheet=OK, cashflow=OK, dividends=OK
2026-10-02 07:18:53,424 [INFO] [TIME] 6381 アネスト岩田 処理時間: 0.91s
2026-10-02 07:18:54,666 [DEBUG] [TIME] 6382 info: 0.18s
2026-10-02 07:18:54,666 [DEBUG] yfinance OK: 6382
2026-10-02 07:18:54,811 [DEBUG] [TIME] 6382 income_stmt: 0.15s
2026-10-02 07:18:54,983 [DEBUG] [TIME] 6382 balance_sheet: 0.17s
2026-10-02 07:18:55,106 [DEBUG] [TIME] 6382 cashflow: 0.12s
2026-10-02 07:18:55,365 [DEBUG] [TIME] 6382 dividends: 0.26s
2026-10-02 07:18:55,366 [INFO] [DETAIL] 6382 トリニティ工業: income_stmt=OK, balance_sheet=OK, cashflow=OK, dividends=OK
2026-10-02 07:18:55,366 [INFO] [TIME] 6382 トリニティ工業 処理時間: 0.88s
2026-10-02 07:18:57,270 [DEBUG] [TIME] 6383 info: 0.20s
2026-10-02 07:18:57,270 [DEBUG] yfinance OK: 6383
2026-10-02 07:18:57,526 [DEBUG] [TIME] 6383 income_stmt: 0.26s
2026-10-02 07:18:57,807 [DEBUG] [TIME] 6383 balance_sheet: 0.28s
2026-10-02 07:18:58,070 [DEBUG] [TIME] 6383 cashflow: 0.26s
2026-10-02 07:18:58,361 [DEBUG] [TIME] 6383 dividends: 0.29s
2026-10-02 07:18:58,361 [INFO] [DETAIL] 6383 ダイフク: income_stmt=OK, balance_sheet=OK, cashflow=OK, dividends=OK
2026-10-02 07:18:58,362 [INFO] [TIME] 6383 ダイフク 処理時間: 1.29s
2026-10-02 07:19:00,329 [DEBUG] [TIME] 6384 info: 0.19s
2026-10-02 07:19:00,329 [DEBUG] yfinance OK: 6384
2026-10-02 07:19:00,556 [DEBUG] [TIME] 6384 income_stmt: 0.23s
2026-10-02 07:19:00,873 [DEBUG] [TIME] 6384 balance_sheet: 0.32s
2026-10-02 07:19:01,099 [DEBUG] [TIME] 6384 cashflow: 0.23s
2026-10-02 07:19:01,356 [DEBUG] [TIME] 6384 dividends: 0.26s
2026-10-02 07:19:01,357 [INFO] [DETAIL] 6384 昭和真空: income_stmt=OK, balance_sheet=OK, cashflow=OK, dividends=OK
2026-10-02 07:19:01,357 [INFO] [TIME] 6384 昭和真空 処理時間: 1.22s
2026-10-02 07:19:02,620 [DEBUG] [TIME] 6387 info: 0.16s
2026-10-02 07:19:02,620 [DEBUG] yfinance OK: 6387
2026-10-02 07:19:02,787 [DEBUG] [TIME] 6387 income_stmt: 0.17s
2026-10-02 07:19:02,981 [DEBUG] [TIME] 6387 balance_sheet: 0.19s
2026-10-02 07:19:03,177 [DEBUG] [TIME] 6387 cashflow: 0.20s
2026-10-02 07:19:03,492 [DEBUG] [TIME] 6387 dividends: 0.32s
2026-10-02 07:19:03,493 [INFO] [DETAIL] 6387 サムコ: income_stmt=OK, balance_sheet=OK, cashflow=OK, dividends=OK
2026-10-02 07:19:03,494 [INFO] [TIME] 6387 サムコ 処理時間: 1.04s
2026-10-02 07:19:05,037 [DEBUG] [TIME] 6390 info: 0.18s
2026-10-02 07:19:05,038 [DEBUG] yfinance OK: 6390
2026-10-02 07:19:05,278 [DEBUG] [TIME] 6390 income_stmt: 0.24s
2026-10-02 07:19:05,575 [DEBUG] [TIME] 6390 balance_sheet: 0.30s
2026-10-02 07:19:05,731 [DEBUG] [TIME] 6390 cashflow: 0.15s
2026-10-02 07:19:06,030 [DEBUG] [TIME] 6390 dividends: 0.30s
2026-10-02 07:19:06,031 [INFO] [DETAIL] 6390 加藤製作所: income_stmt=OK, balance_sheet=OK, cashflow=OK, dividends=OK
2026-10-02 07:19:06,031 [INFO] [TIME] 6390 加藤製作所 処理時間: 1.17s
2026-10-02 07:19:07,710 [DEBUG] [TIME] 6391 info: 0.17s
2026-10-02 07:19:07,710 [DEBUG] yfinance OK: 6391
2026-10-02 07:19:07,944 [DEBUG] [TIME] 6391 income_stmt: 0.23s
2026-10-02 07:19:08,195 [DEBUG] [TIME] 6391 balance_sheet: 0.25s
2026-10-02 07:19:08,352 [DEBUG] [TIME] 6391 cashflow: 0.16s
2026-10-02 07:19:08,621 [DEBUG] [TIME] 6391 dividends: 0.27s
2026-10-02 07:19:08,622 [INFO] [DETAIL] 6391 加地テック: income_stmt=OK, balance_sheet=OK, cashflow=OK, dividends=OK
2026-10-02 07:19:08,622 [INFO] [TIME] 6391 加地テック 処理時間: 1.08s
2026-10-02 07:19:10,206 [DEBUG] [TIME] 6392 info: 0.17s
2026-10-02 07:19:10,206 [DEBUG] yfinance OK: 6392
2026-10-02 07:19:10,434 [DEBUG] [TIME] 6392 income_stmt: 0.23s
2026-10-02 07:19:10,604 [DEBUG] [TIME] 6392 balance_sheet: 0.17s
2026-10-02 07:19:10,818 [DEBUG] [TIME] 6392 cashflow: 0.21s
2026-10-02 07:19:11,074 [DEBUG] [TIME] 6392 dividends: 0.26s
2026-10-02 07:19:11,075 [INFO] [DETAIL] 6392 ヤマダコーポレーション: income_stmt=OK, balance_sheet=OK, cashflow=OK, dividends=OK
2026-10-02 07:19:11,075 [INFO] [TIME] 6392 ヤマダコーポレーション 処理時間: 1.04s
2026-10-02 07:19:12,719 [DEBUG] [TIME] 6393 info: 0.17s
2026-10-02 07:19:12,719 [DEBUG] yfinance OK: 6393
2026-10-02 07:19:12,914 [DEBUG] [TIME] 6393 income_stmt: 0.19s
2026-10-02 07:19:13,168 [DEBUG] [TIME] 6393 balance_sheet: 0.25s
2026-10-02 07:19:13,351 [DEBUG] [TIME] 6393 cashflow: 0.18s
2026-10-02 07:19:13,614 [DEBUG] [TIME] 6393 dividends: 0.26s
2026-10-02 07:19:13,615 [INFO] [DETAIL] 6393 油研工業: income_stmt=OK, balance_sheet=OK, cashflow=OK, dividends=OK
2026-10-02 07:19:13,615 [INFO] [TIME] 6393 油研工業 処理時間: 1.06s
2026-10-02 07:19:15,508 [DEBUG] [TIME] 6395 info: 0.17s
2026-10-02 07:19:15,508 [DEBUG] yfinance OK: 6395
2026-10-02 07:19:15,747 [DEBUG] [TIME] 6395 income_stmt: 0.24s
2026-10-02 07:19:15,984 [DEBUG] [TIME] 6395 balance_sheet: 0.24s
2026-10-02 07:19:16,198 [DEBUG] [TIME] 6395 cashflow: 0.21s
2026-10-02 07:19:16,487 [DEBUG] [TIME] 6395 dividends: 0.29s
2026-10-02 07:19:16,488 [INFO] [DETAIL] 6395 タダノ: income_stmt=OK, balance_sheet=OK, cashflow=OK, dividends=OK
2026-10-02 07:19:16,488 [INFO] [TIME] 6395 タダノ 処理時間: 1.15s
2026-10-02 07:19:18,316 [DEBUG] [TIME] 6396 info: 0.17s
2026-10-02 07:19:18,317 [DEBUG] yfinance OK: 6396
2026-10-02 07:19:18,482 [DEBUG] [TIME] 6396 income_stmt: 0.17s
2026-10-02 07:19:18,681 [DEBUG] [TIME] 6396 balance_sheet: 0.20s
2026-10-02 07:19:18,812 [DEBUG] [TIME] 6396 cashflow: 0.13s
2026-10-02 07:19:19,098 [DEBUG] [TIME] 6396 dividends: 0.29s
2026-10-02 07:19:19,099 [INFO] [DETAIL] 6396 宇野澤組鐵工所: income_stmt=OK, balance_sheet=OK, cashflow=OK, dividends=OK
2026-10-02 07:19:19,099 [INFO] [TIME] 6396 宇野澤組鐵工所 処理時間: 0.95s
2026-10-02 07:19:20,965 [DEBUG] [TIME] 6400 info: 0.17s
2026-10-02 07:19:20,965 [DEBUG] yfinance OK: 6400
2026-10-02 07:19:21,165 [DEBUG] [TIME] 6400 income_stmt: 0.20s
2026-10-02 07:19:21,358 [DEBUG] [TIME] 6400 balance_sheet: 0.19s
2026-10-02 07:19:21,509 [DEBUG] [TIME] 6400 cashflow: 0.15s
2026-10-02 07:19:21,784 [DEBUG] [TIME] 6400 dividends: 0.27s
2026-10-02 07:19:21,785 [INFO] [DETAIL] 6400 不二精機: income_stmt=OK, balance_sheet=OK, cashflow=OK, dividends=OK
2026-10-02 07:19:21,785 [INFO] [TIME] 6400 不二精機 処理時間: 0.99s
2026-10-02 07:19:23,656 [DEBUG] [TIME] 6402 info: 0.16s
2026-10-02 07:19:23,656 [DEBUG] yfinance OK: 6402
2026-10-02 07:19:23,897 [DEBUG] [TIME] 6402 income_stmt: 0.24s
2026-10-02 07:19:24,193 [DEBUG] [TIME] 6402 balance_sheet: 0.30s
2026-10-02 07:19:24,412 [DEBUG] [TIME] 6402 cashflow: 0.22s
2026-10-02 07:19:24,687 [DEBUG] [TIME] 6402 dividends: 0.28s
2026-10-02 07:19:24,688 [INFO] [DETAIL] 6402 兼松エンジニアリング: income_stmt=OK, balance_sheet=OK, cashflow=OK, dividends=OK
2026-10-02 07:19:24,689 [INFO] [TIME] 6402 兼松エンジニアリング 処理時間: 1.20s
2026-10-02 07:19:26,236 [DEBUG] [TIME] 6403 info: 0.31s
2026-10-02 07:19:26,236 [WARNING] yfinance データなし: 6403
2026-10-02 07:19:26,237 [INFO] [TIME] 6403 水道機工 処理時間: 0.31s
2026-10-02 07:19:27,435 [DEBUG] [TIME] 6405 info: 0.18s
2026-10-02 07:19:27,435 [DEBUG] yfinance OK: 6405
2026-10-02 07:19:27,625 [DEBUG] [TIME] 6405 income_stmt: 0.19s
2026-10-02 07:19:27,949 [DEBUG] [TIME] 6405 balance_sheet: 0.32s
2026-10-02 07:19:28,105 [DEBUG] [TIME] 6405 cashflow: 0.16s
2026-10-02 07:19:28,381 [DEBUG] [TIME] 6405 dividends: 0.28s
2026-10-02 07:19:28,382 [INFO] [DETAIL] 6405 鈴茂器工: income_stmt=OK, balance_sheet=OK, cashflow=OK, dividends=OK
2026-10-02 07:19:28,382 [INFO] [TIME] 6405 鈴茂器工 処理時間: 1.12s
2026-10-02 07:19:29,572 [DEBUG] [TIME] 6407 info: 0.18s
2026-10-02 07:19:29,573 [DEBUG] yfinance OK: 6407
2026-10-02 07:19:29,811 [DEBUG] [TIME] 6407 income_stmt: 0.24s
2026-10-02 07:19:30,006 [DEBUG] [TIME] 6407 balance_sheet: 0.19s
2026-10-02 07:19:30,147 [DEBUG] [TIME] 6407 cashflow: 0.14s
2026-10-02 07:19:30,426 [DEBUG] [TIME] 6407 dividends: 0.28s
2026-10-02 07:19:30,427 [INFO] [DETAIL] 6407 ＣＫＤ: income_stmt=OK, balance_sheet=OK, cashflow=OK, dividends=OK
2026-10-02 07:19:30,427 [INFO] [TIME] 6407 ＣＫＤ 処理時間: 1.03s
2026-10-02 07:19:32,393 [DEBUG] [TIME] 6408 info: 0.19s
2026-10-02 07:19:32,393 [DEBUG] yfinance OK: 6408
2026-10-02 07:19:32,636 [DEBUG] [TIME] 6408 income_stmt: 0.24s
2026-10-02 07:19:32,848 [DEBUG] [TIME] 6408 balance_sheet: 0.21s
2026-10-02 07:19:33,007 [DEBUG] [TIME] 6408 cashflow: 0.16s
2026-10-02 07:19:33,276 [DEBUG] [TIME] 6408 dividends: 0.27s
2026-10-02 07:19:33,277 [INFO] [DETAIL] 6408 小倉クラッチ: income_stmt=OK, balance_sheet=OK, cashflow=OK, dividends=OK
2026-10-02 07:19:33,277 [INFO] [TIME] 6408 小倉クラッチ 処理時間: 1.07s
2026-10-02 07:19:35,131 [DEBUG] [TIME] 6412 info: 0.21s
2026-10-02 07:19:35,131 [DEBUG] yfinance OK: 6412
2026-10-02 07:19:35,301 [DEBUG] [TIME] 6412 income_stmt: 0.17s
2026-10-02 07:19:35,474 [DEBUG] [TIME] 6412 balance_sheet: 0.17s
2026-10-02 07:19:35,619 [DEBUG] [TIME] 6412 cashflow: 0.14s
2026-10-02 07:19:35,884 [DEBUG] [TIME] 6412 dividends: 0.26s
2026-10-02 07:19:35,885 [INFO] [DETAIL] 6412 平和: income_stmt=OK, balance_sheet=OK, cashflow=OK, dividends=OK
2026-10-02 07:19:35,885 [INFO] [TIME] 6412 平和 処理時間: 0.97s
2026-10-02 07:19:37,802 [DEBUG] [TIME] 6413 info: 0.18s
2026-10-02 07:19:37,802 [DEBUG] yfinance OK: 6413
2026-10-02 07:19:37,964 [DEBUG] [TIME] 6413 income_stmt: 0.16s
2026-10-02 07:19:38,148 [DEBUG] [TIME] 6413 balance_sheet: 0.18s
2026-10-02 07:19:38,262 [DEBUG] [TIME] 6413 cashflow: 0.11s
2026-10-02 07:19:38,487 [DEBUG] [TIME] 6413 dividends: 0.22s
2026-10-02 07:19:38,488 [INFO] [DETAIL] 6413 理想科学工業: income_stmt=OK, balance_sheet=OK, cashflow=OK, dividends=OK
2026-10-02 07:19:38,488 [INFO] [TIME] 6413 理想科学工業 処理時間: 0.87s
2026-10-02 07:19:39,896 [DEBUG] [TIME] 6417 info: 0.16s
2026-10-02 07:19:39,896 [DEBUG] yfinance OK: 6417
2026-10-02 07:19:40,047 [DEBUG] [TIME] 6417 income_stmt: 0.15s
2026-10-02 07:19:40,256 [DEBUG] [TIME] 6417 balance_sheet: 0.21s
2026-10-02 07:19:40,427 [DEBUG] [TIME] 6417 cashflow: 0.17s
2026-10-02 07:19:40,695 [DEBUG] [TIME] 6417 dividends: 0.27s
2026-10-02 07:19:40,696 [INFO] [DETAIL] 6417 ＳＡＮＫＹＯ: income_stmt=OK, balance_sheet=OK, cashflow=OK, dividends=OK
2026-10-02 07:19:40,696 [INFO] [TIME] 6417 ＳＡＮＫＹＯ 処理時間: 0.96s
2026-10-02 07:19:41,996 [DEBUG] [TIME] 6418 info: 0.17s
2026-10-02 07:19:41,996 [DEBUG] yfinance OK: 6418
2026-10-02 07:19:42,202 [DEBUG] [TIME] 6418 income_stmt: 0.21s
2026-10-02 07:19:42,448 [DEBUG] [TIME] 6418 balance_sheet: 0.24s
2026-10-02 07:19:42,671 [DEBUG] [TIME] 6418 cashflow: 0.22s
2026-10-02 07:19:42,943 [DEBUG] [TIME] 6418 dividends: 0.27s
2026-10-02 07:19:42,944 [INFO] [DETAIL] 6418 日本金銭機械: income_stmt=OK, balance_sheet=OK, cashflow=OK, dividends=OK
2026-10-02 07:19:42,944 [INFO] [TIME] 6418 日本金銭機械 処理時間: 1.12s
2026-10-02 07:19:44,913 [DEBUG] [TIME] 6419 info: 0.17s
2026-10-02 07:19:44,913 [DEBUG] yfinance OK: 6419
2026-10-02 07:19:45,134 [DEBUG] [TIME] 6419 income_stmt: 0.22s
2026-10-02 07:19:45,389 [DEBUG] [TIME] 6419 balance_sheet: 0.25s
2026-10-02 07:19:45,572 [DEBUG] [TIME] 6419 cashflow: 0.18s
2026-10-02 07:19:45,869 [DEBUG] [TIME] 6419 dividends: 0.30s
2026-10-02 07:19:45,871 [INFO] [DETAIL] 6419 マースグループホールディングス: income_stmt=OK, balance_sheet=OK, cashflow=OK, dividends=OK
2026-10-02 07:19:45,871 [INFO] [TIME] 6419 マースグループホールディングス 処理時間: 1.12s
2026-10-02 07:19:47,104 [DEBUG] [TIME] 6420 info: 0.19s
2026-10-02 07:19:47,104 [DEBUG] yfinance OK: 6420
2026-10-02 07:19:47,280 [DEBUG] [TIME] 6420 income_stmt: 0.18s
2026-10-02 07:19:47,454 [DEBUG] [TIME] 6420 balance_sheet: 0.17s
2026-10-02 07:19:47,607 [DEBUG] [TIME] 6420 cashflow: 0.15s
2026-10-02 07:19:47,843 [DEBUG] [TIME] 6420 dividends: 0.24s
2026-10-02 07:19:47,844 [INFO] [DETAIL] 6420 ガリレイ: income_stmt=OK, balance_sheet=OK, cashflow=OK, dividends=OK
2026-10-02 07:19:47,844 [INFO] [TIME] 6420 ガリレイ 処理時間: 0.93s
2026-10-02 07:19:49,654 [DEBUG] [TIME] 6424 info: 0.16s
2026-10-02 07:19:49,655 [DEBUG] yfinance OK: 6424
2026-10-02 07:19:49,804 [DEBUG] [TIME] 6424 income_stmt: 0.15s
2026-10-02 07:19:49,972 [DEBUG] [TIME] 6424 balance_sheet: 0.17s
2026-10-02 07:19:50,117 [DEBUG] [TIME] 6424 cashflow: 0.14s
2026-10-02 07:19:50,395 [DEBUG] [TIME] 6424 dividends: 0.28s
2026-10-02 07:19:50,396 [INFO] [DETAIL] 6424 高見沢サイバネティックス: income_stmt=OK, balance_sheet=OK, cashflow=OK, dividends=OK
2026-10-02 07:19:50,396 [INFO] [TIME] 6424 高見沢サイバネティックス 処理時間: 0.90s
2026-10-02 07:19:52,559 [DEBUG] [TIME] 6425 info: 0.17s
2026-10-02 07:19:52,559 [DEBUG] yfinance OK: 6425
2026-10-02 07:19:52,773 [DEBUG] [TIME] 6425 income_stmt: 0.21s
2026-10-02 07:19:53,053 [DEBUG] [TIME] 6425 balance_sheet: 0.28s
2026-10-02 07:19:53,260 [DEBUG] [TIME] 6425 cashflow: 0.21s
2026-10-02 07:19:53,516 [DEBUG] [TIME] 6425 dividends: 0.26s
2026-10-02 07:19:53,517 [INFO] [DETAIL] 6425 ユニバーサルエンターテインメント: income_stmt=OK, balance_sheet=OK, cashflow=OK, dividends=OK
2026-10-02 07:19:53,517 [INFO] [TIME] 6425 ユニバーサルエンターテインメント 処理時間: 1.13s
2026-10-02 07:19:55,036 [DEBUG] [TIME] 6428 info: 0.17s
2026-10-02 07:19:55,036 [DEBUG] yfinance OK: 6428
2026-10-02 07:19:55,274 [DEBUG] [TIME] 6428 income_stmt: 0.24s
2026-10-02 07:19:55,577 [DEBUG] [TIME] 6428 balance_sheet: 0.30s
2026-10-02 07:19:55,785 [DEBUG] [TIME] 6428 cashflow: 0.21s
2026-10-02 07:19:56,050 [DEBUG] [TIME] 6428 dividends: 0.26s
2026-10-02 07:19:56,051 [INFO] [DETAIL] 6428 オーイズミ: income_stmt=OK, balance_sheet=OK, cashflow=OK, dividends=OK
2026-10-02 07:19:56,051 [INFO] [TIME] 6428 オーイズミ 処理時間: 1.19s
2026-10-02 07:19:58,166 [DEBUG] [TIME] 6430 info: 0.19s
2026-10-02 07:19:58,167 [DEBUG] yfinance OK: 6430
2026-10-02 07:19:58,395 [DEBUG] [TIME] 6430 income_stmt: 0.23s
2026-10-02 07:19:58,680 [DEBUG] [TIME] 6430 balance_sheet: 0.28s
2026-10-02 07:19:58,950 [DEBUG] [TIME] 6430 cashflow: 0.27s
2026-10-02 07:19:59,214 [DEBUG] [TIME] 6430 dividends: 0.26s
2026-10-02 07:19:59,215 [INFO] [DETAIL] 6430 ダイコク電機: income_stmt=OK, balance_sheet=OK, cashflow=OK, dividends=OK
2026-10-02 07:19:59,215 [INFO] [TIME] 6430 ダイコク電機 処理時間: 1.24s
2026-10-02 07:20:01,103 [DEBUG] [TIME] 6432 info: 0.18s
2026-10-02 07:20:01,103 [DEBUG] yfinance OK: 6432
2026-10-02 07:20:01,267 [DEBUG] [TIME] 6432 income_stmt: 0.16s
2026-10-02 07:20:01,499 [DEBUG] [TIME] 6432 balance_sheet: 0.23s
2026-10-02 07:20:01,710 [DEBUG] [TIME] 6432 cashflow: 0.21s
2026-10-02 07:20:01,970 [DEBUG] [TIME] 6432 dividends: 0.26s
2026-10-02 07:20:01,971 [INFO] [DETAIL] 6432 竹内製作所: income_stmt=OK, balance_sheet=OK, cashflow=OK, dividends=OK
2026-10-02 07:20:01,971 [INFO] [TIME] 6432 竹内製作所 処理時間: 1.05s
2026-10-02 07:20:03,347 [DEBUG] [TIME] 6433 info: 0.18s
2026-10-02 07:20:03,347 [DEBUG] yfinance OK: 6433
2026-10-02 07:20:03,482 [DEBUG] [TIME] 6433 income_stmt: 0.14s
2026-10-02 07:20:03,777 [DEBUG] [TIME] 6433 balance_sheet: 0.29s
2026-10-02 07:20:04,028 [DEBUG] [TIME] 6433 cashflow: 0.25s
2026-10-02 07:20:04,265 [DEBUG] [TIME] 6433 dividends: 0.24s
2026-10-02 07:20:04,266 [INFO] [DETAIL] 6433 ヒーハイスト: income_stmt=OK, balance_sheet=OK, cashflow=OK, dividends=OK
2026-10-02 07:20:04,266 [INFO] [TIME] 6433 ヒーハイスト 処理時間: 1.10s
2026-10-02 07:20:05,837 [DEBUG] [TIME] 6436 info: 0.17s
2026-10-02 07:20:05,838 [DEBUG] yfinance OK: 6436
2026-10-02 07:20:05,986 [DEBUG] [TIME] 6436 income_stmt: 0.15s
2026-10-02 07:20:06,165 [DEBUG] [TIME] 6436 balance_sheet: 0.18s
2026-10-02 07:20:06,315 [DEBUG] [TIME] 6436 cashflow: 0.15s
2026-10-02 07:20:06,579 [DEBUG] [TIME] 6436 dividends: 0.26s
2026-10-02 07:20:06,580 [INFO] [DETAIL] 6436 アマノ: income_stmt=OK, balance_sheet=OK, cashflow=OK, dividends=OK
2026-10-02 07:20:06,580 [INFO] [TIME] 6436 アマノ 処理時間: 0.91s
2026-10-02 07:20:07,817 [DEBUG] [TIME] 6440 info: 0.17s
2026-10-02 07:20:07,817 [DEBUG] yfinance OK: 6440
2026-10-02 07:20:08,093 [DEBUG] [TIME] 6440 income_stmt: 0.28s
2026-10-02 07:20:08,305 [DEBUG] [TIME] 6440 balance_sheet: 0.21s
2026-10-02 07:20:08,451 [DEBUG] [TIME] 6440 cashflow: 0.14s
2026-10-02 07:20:08,749 [DEBUG] [TIME] 6440 dividends: 0.30s
2026-10-02 07:20:08,750 [INFO] [DETAIL] 6440 ＪＵＫＩ: income_stmt=OK, balance_sheet=OK, cashflow=OK, dividends=OK
2026-10-02 07:20:08,750 [INFO] [TIME] 6440 ＪＵＫＩ 処理時間: 1.10s
2026-10-02 07:20:10,321 [DEBUG] [TIME] 6444 info: 0.17s
2026-10-02 07:20:10,321 [DEBUG] yfinance OK: 6444
2026-10-02 07:20:10,527 [DEBUG] [TIME] 6444 income_stmt: 0.21s
2026-10-02 07:20:10,807 [DEBUG] [TIME] 6444 balance_sheet: 0.28s
2026-10-02 07:20:11,054 [DEBUG] [TIME] 6444 cashflow: 0.25s
2026-10-02 07:20:11,313 [DEBUG] [TIME] 6444 dividends: 0.26s
2026-10-02 07:20:11,314 [INFO] [DETAIL] 6444 サンデン: income_stmt=OK, balance_sheet=OK, cashflow=OK, dividends=OK
2026-10-02 07:20:11,314 [INFO] [TIME] 6444 サンデン 処理時間: 1.16s
2026-10-02 07:20:12,699 [DEBUG] [TIME] 6445 info: 0.17s
2026-10-02 07:20:12,699 [DEBUG] yfinance OK: 6445
2026-10-02 07:20:12,914 [DEBUG] [TIME] 6445 income_stmt: 0.21s
2026-10-02 07:20:13,215 [DEBUG] [TIME] 6445 balance_sheet: 0.30s
2026-10-02 07:20:13,412 [DEBUG] [TIME] 6445 cashflow: 0.20s
2026-10-02 07:20:13,669 [DEBUG] [TIME] 6445 dividends: 0.26s
2026-10-02 07:20:13,670 [INFO] [DETAIL] 6445 ジャノメ: income_stmt=OK, balance_sheet=OK, cashflow=OK, dividends=OK
2026-10-02 07:20:13,670 [INFO] [TIME] 6445 ジャノメ 処理時間: 1.14s
2026-10-02 07:20:15,374 [DEBUG] [TIME] 6448 info: 0.16s
2026-10-02 07:20:15,374 [DEBUG] yfinance OK: 6448
2026-10-02 07:20:15,491 [DEBUG] [TIME] 6448 income_stmt: 0.12s
2026-10-02 07:20:15,624 [DEBUG] [TIME] 6448 balance_sheet: 0.13s
2026-10-02 07:20:15,770 [DEBUG] [TIME] 6448 cashflow: 0.14s
2026-10-02 07:20:16,075 [DEBUG] [TIME] 6448 dividends: 0.30s
2026-10-02 07:20:16,076 [INFO] [DETAIL] 6448 ブラザー工業: income_stmt=OK, balance_sheet=OK, cashflow=OK, dividends=OK
2026-10-02 07:20:16,076 [INFO] [TIME] 6448 ブラザー工業 処理時間: 0.86s
2026-10-02 07:20:17,294 [DEBUG] [TIME] 6454 info: 0.16s
2026-10-02 07:20:17,294 [DEBUG] yfinance OK: 6454
2026-10-02 07:20:17,513 [DEBUG] [TIME] 6454 income_stmt: 0.22s
2026-10-02 07:20:17,709 [DEBUG] [TIME] 6454 balance_sheet: 0.19s
2026-10-02 07:20:17,885 [DEBUG] [TIME] 6454 cashflow: 0.18s
2026-10-02 07:20:18,175 [DEBUG] [TIME] 6454 dividends: 0.29s
2026-10-02 07:20:18,176 [INFO] [DETAIL] 6454 マックス: income_stmt=OK, balance_sheet=OK, cashflow=OK, dividends=OK
2026-10-02 07:20:18,176 [INFO] [TIME] 6454 マックス 処理時間: 1.04s
2026-10-02 07:20:20,130 [DEBUG] [TIME] 6455 info: 0.17s
2026-10-02 07:20:20,130 [DEBUG] yfinance OK: 6455
2026-10-02 07:20:20,310 [DEBUG] [TIME] 6455 income_stmt: 0.18s
2026-10-02 07:20:20,517 [DEBUG] [TIME] 6455 balance_sheet: 0.21s
2026-10-02 07:20:20,670 [DEBUG] [TIME] 6455 cashflow: 0.15s
2026-10-02 07:20:20,959 [DEBUG] [TIME] 6455 dividends: 0.29s
2026-10-02 07:20:20,961 [INFO] [DETAIL] 6455 モリタホールディングス: income_stmt=OK, balance_sheet=OK, cashflow=OK, dividends=OK
2026-10-02 07:20:20,961 [INFO] [TIME] 6455 モリタホールディングス 処理時間: 1.00s
2026-10-02 07:20:22,607 [DEBUG] [TIME] 6457 info: 0.17s
2026-10-02 07:20:22,607 [DEBUG] yfinance OK: 6457
2026-10-02 07:20:22,773 [DEBUG] [TIME] 6457 income_stmt: 0.17s
2026-10-02 07:20:22,968 [DEBUG] [TIME] 6457 balance_sheet: 0.19s
2026-10-02 07:20:23,082 [DEBUG] [TIME] 6457 cashflow: 0.11s
2026-10-02 07:20:23,364 [DEBUG] [TIME] 6457 dividends: 0.28s
2026-10-02 07:20:23,365 [INFO] [DETAIL] 6457 グローリー: income_stmt=OK, balance_sheet=OK, cashflow=OK, dividends=OK
2026-10-02 07:20:23,365 [INFO] [TIME] 6457 グローリー 処理時間: 0.93s
2026-10-02 07:20:24,996 [DEBUG] [TIME] 6458 info: 0.17s
2026-10-02 07:20:24,996 [DEBUG] yfinance OK: 6458
2026-10-02 07:20:25,228 [DEBUG] [TIME] 6458 income_stmt: 0.23s
2026-10-02 07:20:25,417 [DEBUG] [TIME] 6458 balance_sheet: 0.19s
2026-10-02 07:20:25,634 [DEBUG] [TIME] 6458 cashflow: 0.22s
2026-10-02 07:20:25,926 [DEBUG] [TIME] 6458 dividends: 0.29s
2026-10-02 07:20:25,927 [INFO] [DETAIL] 6458 新晃工業: income_stmt=OK, balance_sheet=OK, cashflow=OK, dividends=OK
2026-10-02 07:20:25,928 [INFO] [TIME] 6458 新晃工業 処理時間: 1.10s
2026-10-02 07:20:27,225 [DEBUG] [TIME] 6459 info: 0.18s
2026-10-02 07:20:27,225 [DEBUG] yfinance OK: 6459
2026-10-02 07:20:27,362 [DEBUG] [TIME] 6459 income_stmt: 0.14s
2026-10-02 07:20:27,525 [DEBUG] [TIME] 6459 balance_sheet: 0.16s
2026-10-02 07:20:27,667 [DEBUG] [TIME] 6459 cashflow: 0.14s
2026-10-02 07:20:27,946 [DEBUG] [TIME] 6459 dividends: 0.28s
2026-10-02 07:20:27,947 [INFO] [DETAIL] 6459 大和冷機工業: income_stmt=OK, balance_sheet=OK, cashflow=OK, dividends=OK
2026-10-02 07:20:27,947 [INFO] [TIME] 6459 大和冷機工業 処理時間: 0.90s
2026-10-02 07:20:29,772 [DEBUG] [TIME] 6460 info: 0.17s
2026-10-02 07:20:29,772 [DEBUG] yfinance OK: 6460
2026-10-02 07:20:29,934 [DEBUG] [TIME] 6460 income_stmt: 0.16s
2026-10-02 07:20:30,103 [DEBUG] [TIME] 6460 balance_sheet: 0.17s
2026-10-02 07:20:30,248 [DEBUG] [TIME] 6460 cashflow: 0.14s
2026-10-02 07:20:30,520 [DEBUG] [TIME] 6460 dividends: 0.27s
2026-10-02 07:20:30,521 [INFO] [DETAIL] 6460 セガサミーホールディングス: income_stmt=OK, balance_sheet=OK, cashflow=OK, dividends=OK
2026-10-02 07:20:30,521 [INFO] [TIME] 6460 セガサミーホールディングス 処理時間: 0.92s
2026-10-02 07:20:32,130 [DEBUG] [TIME] 6463 info: 0.18s
2026-10-02 07:20:32,130 [DEBUG] yfinance OK: 6463
2026-10-02 07:20:32,331 [DEBUG] [TIME] 6463 income_stmt: 0.20s
2026-10-02 07:20:32,588 [DEBUG] [TIME] 6463 balance_sheet: 0.26s
2026-10-02 07:20:32,739 [DEBUG] [TIME] 6463 cashflow: 0.15s
2026-10-02 07:20:33,025 [DEBUG] [TIME] 6463 dividends: 0.29s
2026-10-02 07:20:33,026 [INFO] [DETAIL] 6463 ＴＰＲ: income_stmt=OK, balance_sheet=OK, cashflow=OK, dividends=OK
2026-10-02 07:20:33,026 [INFO] [TIME] 6463 ＴＰＲ 処理時間: 1.07s
2026-10-02 07:20:34,563 [DEBUG] [TIME] 6464 info: 0.17s
2026-10-02 07:20:34,563 [DEBUG] yfinance OK: 6464
2026-10-02 07:20:34,783 [DEBUG] [TIME] 6464 income_stmt: 0.22s
2026-10-02 07:20:34,924 [DEBUG] [TIME] 6464 balance_sheet: 0.14s
2026-10-02 07:20:35,161 [DEBUG] [TIME] 6464 cashflow: 0.24s
2026-10-02 07:20:35,323 [DEBUG] [TIME] 6464 dividends: 0.16s
2026-10-02 07:20:35,324 [INFO] [DETAIL] 6464 ツバキ・ナカシマ: income_stmt=OK, balance_sheet=OK, cashflow=OK, dividends=OK
2026-10-02 07:20:35,324 [INFO] [TIME] 6464 ツバキ・ナカシマ 処理時間: 0.93s
2026-10-02 07:20:36,799 [DEBUG] [TIME] 6465 info: 0.18s
2026-10-02 07:20:36,799 [DEBUG] yfinance OK: 6465
2026-10-02 07:20:36,979 [DEBUG] [TIME] 6465 income_stmt: 0.18s
2026-10-02 07:20:37,162 [DEBUG] [TIME] 6465 balance_sheet: 0.18s
2026-10-02 07:20:37,312 [DEBUG] [TIME] 6465 cashflow: 0.15s
2026-10-02 07:20:37,510 [DEBUG] [TIME] 6465 dividends: 0.20s
2026-10-02 07:20:37,511 [INFO] [DETAIL] 6465 ホシザキ: income_stmt=OK, balance_sheet=OK, cashflow=OK, dividends=OK
2026-10-02 07:20:37,511 [INFO] [TIME] 6465 ホシザキ 処理時間: 0.89s
2026-10-02 07:20:39,057 [DEBUG] [TIME] 6466 info: 0.18s
2026-10-02 07:20:39,057 [DEBUG] yfinance OK: 6466
2026-10-02 07:20:39,217 [DEBUG] [TIME] 6466 income_stmt: 0.16s
2026-10-02 07:20:39,475 [DEBUG] [TIME] 6466 balance_sheet: 0.26s
2026-10-02 07:20:39,595 [DEBUG] [TIME] 6466 cashflow: 0.12s
2026-10-02 07:20:39,857 [DEBUG] [TIME] 6466 dividends: 0.26s
2026-10-02 07:20:39,858 [INFO] [DETAIL] 6466 ＴＶＥ: income_stmt=OK, balance_sheet=OK, cashflow=OK, dividends=OK
2026-10-02 07:20:39,858 [INFO] [TIME] 6466 ＴＶＥ 処理時間: 0.98s
2026-10-02 07:20:41,625 [DEBUG] [TIME] 6467 info: 0.16s
2026-10-02 07:20:41,626 [DEBUG] yfinance OK: 6467
2026-10-02 07:20:41,826 [DEBUG] [TIME] 6467 income_stmt: 0.20s
2026-10-02 07:20:42,070 [DEBUG] [TIME] 6467 balance_sheet: 0.24s
2026-10-02 07:20:42,297 [DEBUG] [TIME] 6467 cashflow: 0.23s
2026-10-02 07:20:42,538 [DEBUG] [TIME] 6467 dividends: 0.24s
2026-10-02 07:20:42,539 [INFO] [DETAIL] 6467 ニチダイ: income_stmt=OK, balance_sheet=OK, cashflow=OK, dividends=OK
2026-10-02 07:20:42,539 [INFO] [TIME] 6467 ニチダイ 処理時間: 1.07s
2026-10-02 07:20:44,340 [DEBUG] [TIME] 6469 info: 0.16s
2026-10-02 07:20:44,340 [DEBUG] yfinance OK: 6469
2026-10-02 07:20:44,551 [DEBUG] [TIME] 6469 income_stmt: 0.21s
2026-10-02 07:20:44,736 [DEBUG] [TIME] 6469 balance_sheet: 0.18s
2026-10-02 07:20:44,882 [DEBUG] [TIME] 6469 cashflow: 0.15s
2026-10-02 07:20:45,121 [DEBUG] [TIME] 6469 dividends: 0.24s
2026-10-02 07:20:45,121 [INFO] [DETAIL] 6469 放電精密加工研究所: income_stmt=OK, balance_sheet=OK, cashflow=OK, dividends=OK
2026-10-02 07:20:45,122 [INFO] [TIME] 6469 放電精密加工研究所 処理時間: 0.95s
2026-10-02 07:20:47,200 [DEBUG] [TIME] 6470 info: 0.17s
2026-10-02 07:20:47,200 [DEBUG] yfinance OK: 6470
2026-10-02 07:20:47,454 [DEBUG] [TIME] 6470 income_stmt: 0.25s
2026-10-02 07:20:47,748 [DEBUG] [TIME] 6470 balance_sheet: 0.29s
2026-10-02 07:20:47,895 [DEBUG] [TIME] 6470 cashflow: 0.15s
2026-10-02 07:20:48,151 [DEBUG] [TIME] 6470 dividends: 0.26s
2026-10-02 07:20:48,152 [INFO] [DETAIL] 6470 大豊工業: income_stmt=OK, balance_sheet=OK, cashflow=OK, dividends=OK
2026-10-02 07:20:48,152 [INFO] [TIME] 6470 大豊工業 処理時間: 1.12s
2026-10-02 07:20:50,017 [DEBUG] [TIME] 6471 info: 0.18s
2026-10-02 07:20:50,018 [DEBUG] yfinance OK: 6471
2026-10-02 07:20:50,221 [DEBUG] [TIME] 6471 income_stmt: 0.20s
2026-10-02 07:20:50,492 [DEBUG] [TIME] 6471 balance_sheet: 0.27s
2026-10-02 07:20:50,619 [DEBUG] [TIME] 6471 cashflow: 0.13s
2026-10-02 07:20:50,896 [DEBUG] [TIME] 6471 dividends: 0.28s
2026-10-02 07:20:50,897 [INFO] [DETAIL] 6471 日本精工: income_stmt=OK, balance_sheet=OK, cashflow=OK, dividends=OK
2026-10-02 07:20:50,897 [INFO] [TIME] 6471 日本精工 処理時間: 1.06s
2026-10-02 07:20:52,585 [DEBUG] [TIME] 6472 info: 0.19s
2026-10-02 07:20:52,585 [DEBUG] yfinance OK: 6472
2026-10-02 07:20:52,794 [DEBUG] [TIME] 6472 income_stmt: 0.21s
2026-10-02 07:20:53,060 [DEBUG] [TIME] 6472 balance_sheet: 0.27s
2026-10-02 07:20:53,199 [DEBUG] [TIME] 6472 cashflow: 0.14s
2026-10-02 07:20:53,488 [DEBUG] [TIME] 6472 dividends: 0.29s
2026-10-02 07:20:53,489 [INFO] [DETAIL] 6472 ＮＴＮ: income_stmt=OK, balance_sheet=OK, cashflow=OK, dividends=OK
2026-10-02 07:20:53,489 [INFO] [TIME] 6472 ＮＴＮ 処理時間: 1.09s
2026-10-02 07:20:54,987 [DEBUG] [TIME] 6473 info: 0.17s
2026-10-02 07:20:54,987 [DEBUG] yfinance OK: 6473
2026-10-02 07:20:55,184 [DEBUG] [TIME] 6473 income_stmt: 0.20s
2026-10-02 07:20:55,342 [DEBUG] [TIME] 6473 balance_sheet: 0.16s
2026-10-02 07:20:55,597 [DEBUG] [TIME] 6473 cashflow: 0.25s
2026-10-02 07:20:55,862 [DEBUG] [TIME] 6473 dividends: 0.27s
2026-10-02 07:20:55,863 [INFO] [DETAIL] 6473 ジェイテクト: income_stmt=OK, balance_sheet=OK, cashflow=OK, dividends=OK
2026-10-02 07:20:55,864 [INFO] [TIME] 6473 ジェイテクト 処理時間: 1.05s
2026-10-02 07:20:57,974 [DEBUG] [TIME] 6474 info: 0.24s
2026-10-02 07:20:57,974 [DEBUG] yfinance OK: 6474
2026-10-02 07:20:58,123 [DEBUG] [TIME] 6474 income_stmt: 0.15s
2026-10-02 07:20:58,403 [DEBUG] [TIME] 6474 balance_sheet: 0.28s
2026-10-02 07:20:58,711 [DEBUG] [TIME] 6474 cashflow: 0.31s
2026-10-02 07:20:58,978 [DEBUG] [TIME] 6474 dividends: 0.27s
2026-10-02 07:20:58,979 [INFO] [DETAIL] 6474 不二越: income_stmt=OK, balance_sheet=OK, cashflow=OK, dividends=OK
2026-10-02 07:20:58,979 [INFO] [TIME] 6474 不二越 処理時間: 1.24s
2026-10-02 07:21:01,103 [DEBUG] [TIME] 6479 info: 0.18s
2026-10-02 07:21:01,103 [DEBUG] yfinance OK: 6479
2026-10-02 07:21:01,342 [DEBUG] [TIME] 6479 income_stmt: 0.24s
2026-10-02 07:21:01,478 [DEBUG] [TIME] 6479 balance_sheet: 0.13s
2026-10-02 07:21:01,611 [DEBUG] [TIME] 6479 cashflow: 0.13s
2026-10-02 07:21:01,900 [DEBUG] [TIME] 6479 dividends: 0.29s
2026-10-02 07:21:01,901 [INFO] [DETAIL] 6479 ミネベアミツミ: income_stmt=OK, balance_sheet=OK, cashflow=OK, dividends=OK
2026-10-02 07:21:01,901 [INFO] [TIME] 6479 ミネベアミツミ 処理時間: 0.98s
2026-10-02 07:21:03,943 [DEBUG] [TIME] 6480 info: 0.19s
2026-10-02 07:21:03,943 [DEBUG] yfinance OK: 6480
2026-10-02 07:21:04,091 [DEBUG] [TIME] 6480 income_stmt: 0.15s
2026-10-02 07:21:04,268 [DEBUG] [TIME] 6480 balance_sheet: 0.18s
2026-10-02 07:21:04,386 [DEBUG] [TIME] 6480 cashflow: 0.12s
2026-10-02 07:21:04,640 [DEBUG] [TIME] 6480 dividends: 0.25s
2026-10-02 07:21:04,641 [INFO] [DETAIL] 6480 日本トムソン: income_stmt=OK, balance_sheet=OK, cashflow=OK, dividends=OK
2026-10-02 07:21:04,641 [INFO] [TIME] 6480 日本トムソン 処理時間: 0.89s
2026-10-02 07:21:05,880 [DEBUG] [TIME] 6481 info: 0.17s
2026-10-02 07:21:05,880 [DEBUG] yfinance OK: 6481
2026-10-02 07:21:06,037 [DEBUG] [TIME] 6481 income_stmt: 0.16s
2026-10-02 07:21:06,290 [DEBUG] [TIME] 6481 balance_sheet: 0.25s
2026-10-02 07:21:06,433 [DEBUG] [TIME] 6481 cashflow: 0.14s
2026-10-02 07:21:06,682 [DEBUG] [TIME] 6481 dividends: 0.25s
2026-10-02 07:21:06,683 [INFO] [DETAIL] 6481 ＴＨＫ: income_stmt=OK, balance_sheet=OK, cashflow=OK, dividends=OK
2026-10-02 07:21:06,684 [INFO] [TIME] 6481 ＴＨＫ 処理時間: 0.97s
2026-10-02 07:21:07,936 [DEBUG] [TIME] 6482 info: 0.16s
2026-10-02 07:21:07,936 [DEBUG] yfinance OK: 6482
2026-10-02 07:21:08,202 [DEBUG] [TIME] 6482 income_stmt: 0.27s
2026-10-02 07:21:08,468 [DEBUG] [TIME] 6482 balance_sheet: 0.27s
2026-10-02 07:21:08,682 [DEBUG] [TIME] 6482 cashflow: 0.21s
2026-10-02 07:21:08,964 [DEBUG] [TIME] 6482 dividends: 0.28s
2026-10-02 07:21:08,965 [INFO] [DETAIL] 6482 ＹＵＳＨＩＮ: income_stmt=OK, balance_sheet=OK, cashflow=OK, dividends=OK
2026-10-02 07:21:08,965 [INFO] [TIME] 6482 ＹＵＳＨＩＮ 処理時間: 1.19s
2026-10-02 07:21:10,705 [DEBUG] [TIME] 6484 info: 0.17s
2026-10-02 07:21:10,705 [DEBUG] yfinance OK: 6484
2026-10-02 07:21:10,862 [DEBUG] [TIME] 6484 income_stmt: 0.16s
2026-10-02 07:21:11,152 [DEBUG] [TIME] 6484 balance_sheet: 0.29s
2026-10-02 07:21:11,376 [DEBUG] [TIME] 6484 cashflow: 0.22s
2026-10-02 07:21:11,661 [DEBUG] [TIME] 6484 dividends: 0.29s
2026-10-02 07:21:11,662 [INFO] [DETAIL] 6484 ＫＶＫ: income_stmt=OK, balance_sheet=OK, cashflow=OK, dividends=OK
2026-10-02 07:21:11,663 [INFO] [TIME] 6484 ＫＶＫ 処理時間: 1.13s
2026-10-02 07:21:13,557 [DEBUG] [TIME] 6485 info: 0.16s
2026-10-02 07:21:13,557 [DEBUG] yfinance OK: 6485
2026-10-02 07:21:13,771 [DEBUG] [TIME] 6485 income_stmt: 0.21s
2026-10-02 07:21:13,945 [DEBUG] [TIME] 6485 balance_sheet: 0.17s
2026-10-02 07:21:14,091 [DEBUG] [TIME] 6485 cashflow: 0.14s
2026-10-02 07:21:14,387 [DEBUG] [TIME] 6485 dividends: 0.30s
2026-10-02 07:21:14,388 [INFO] [DETAIL] 6485 前澤給装工業: income_stmt=OK, balance_sheet=OK, cashflow=OK, dividends=OK
2026-10-02 07:21:14,388 [INFO] [TIME] 6485 前澤給装工業 処理時間: 0.99s
2026-10-02 07:21:15,804 [DEBUG] [TIME] 6486 info: 0.16s
2026-10-02 07:21:15,804 [DEBUG] yfinance OK: 6486
2026-10-02 07:21:16,015 [DEBUG] [TIME] 6486 income_stmt: 0.21s
2026-10-02 07:21:16,321 [DEBUG] [TIME] 6486 balance_sheet: 0.31s
2026-10-02 07:21:16,473 [DEBUG] [TIME] 6486 cashflow: 0.15s
2026-10-02 07:21:16,742 [DEBUG] [TIME] 6486 dividends: 0.27s
2026-10-02 07:21:16,743 [INFO] [DETAIL] 6486 イーグル工業: income_stmt=OK, balance_sheet=OK, cashflow=OK, dividends=OK
2026-10-02 07:21:16,743 [INFO] [TIME] 6486 イーグル工業 処理時間: 1.10s
2026-10-02 07:21:18,303 [DEBUG] [TIME] 6488 info: 0.16s
2026-10-02 07:21:18,303 [DEBUG] yfinance OK: 6488
2026-10-02 07:21:18,461 [DEBUG] [TIME] 6488 income_stmt: 0.16s
2026-10-02 07:21:18,676 [DEBUG] [TIME] 6488 balance_sheet: 0.21s
2026-10-02 07:21:18,891 [DEBUG] [TIME] 6488 cashflow: 0.21s
2026-10-02 07:21:19,184 [DEBUG] [TIME] 6488 dividends: 0.29s
2026-10-02 07:21:19,185 [INFO] [DETAIL] 6488 ヨシタケ: income_stmt=OK, balance_sheet=OK, cashflow=OK, dividends=OK
2026-10-02 07:21:19,185 [INFO] [TIME] 6488 ヨシタケ 処理時間: 1.05s
2026-10-02 07:21:20,854 [DEBUG] [TIME] 6490 info: 0.17s
2026-10-02 07:21:20,854 [DEBUG] yfinance OK: 6490
2026-10-02 07:21:20,986 [DEBUG] [TIME] 6490 income_stmt: 0.13s
2026-10-02 07:21:21,272 [DEBUG] [TIME] 6490 balance_sheet: 0.29s
2026-10-02 07:21:21,469 [DEBUG] [TIME] 6490 cashflow: 0.20s
2026-10-02 07:21:21,745 [DEBUG] [TIME] 6490 dividends: 0.27s
2026-10-02 07:21:21,746 [INFO] [DETAIL] 6490 ＰＩＬＬＡＲ: income_stmt=OK, balance_sheet=OK, cashflow=OK, dividends=OK
2026-10-02 07:21:21,746 [INFO] [TIME] 6490 ＰＩＬＬＡＲ 処理時間: 1.06s
2026-10-02 07:21:23,618 [DEBUG] [TIME] 6492 info: 0.17s
2026-10-02 07:21:23,618 [DEBUG] yfinance OK: 6492
2026-10-02 07:21:23,777 [DEBUG] [TIME] 6492 income_stmt: 0.16s
2026-10-02 07:21:24,032 [DEBUG] [TIME] 6492 balance_sheet: 0.25s
2026-10-02 07:21:24,262 [DEBUG] [TIME] 6492 cashflow: 0.23s
2026-10-02 07:21:24,527 [DEBUG] [TIME] 6492 dividends: 0.26s
2026-10-02 07:21:24,528 [INFO] [DETAIL] 6492 岡野バルブ製造: income_stmt=OK, balance_sheet=OK, cashflow=OK, dividends=OK
2026-10-02 07:21:24,528 [INFO] [TIME] 6492 岡野バルブ製造 処理時間: 1.08s
2026-10-02 07:21:26,079 [DEBUG] [TIME] 6493 info: 0.18s
2026-10-02 07:21:26,079 [DEBUG] yfinance OK: 6493
2026-10-02 07:21:26,241 [DEBUG] [TIME] 6493 income_stmt: 0.16s
2026-10-02 07:21:26,434 [DEBUG] [TIME] 6493 balance_sheet: 0.19s
2026-10-02 07:21:26,622 [DEBUG] [TIME] 6493 cashflow: 0.19s
2026-10-02 07:21:26,892 [DEBUG] [TIME] 6493 dividends: 0.27s
2026-10-02 07:21:26,893 [INFO] [DETAIL] 6493 ＮＩＴＴＡＮ: income_stmt=OK, balance_sheet=OK, cashflow=OK, dividends=OK
2026-10-02 07:21:26,893 [INFO] [TIME] 6493 ＮＩＴＴＡＮ 処理時間: 0.99s
2026-10-02 07:21:28,911 [DEBUG] [TIME] 6494 info: 0.23s
2026-10-02 07:21:28,911 [DEBUG] yfinance OK: 6494
2026-10-02 07:21:29,081 [DEBUG] [TIME] 6494 income_stmt: 0.17s
2026-10-02 07:21:29,277 [DEBUG] [TIME] 6494 balance_sheet: 0.20s
2026-10-02 07:21:29,417 [DEBUG] [TIME] 6494 cashflow: 0.14s
2026-10-02 07:21:29,682 [DEBUG] [TIME] 6494 dividends: 0.27s
2026-10-02 07:21:29,683 [INFO] [DETAIL] 6494 ＮＦＫホールディングス: income_stmt=OK, balance_sheet=OK, cashflow=OK, dividends=OK
2026-10-02 07:21:29,683 [INFO] [TIME] 6494 ＮＦＫホールディングス 処理時間: 1.00s
2026-10-02 07:21:31,233 [DEBUG] [TIME] 6495 info: 0.21s
2026-10-02 07:21:31,233 [DEBUG] yfinance OK: 6495
2026-10-02 07:21:31,454 [DEBUG] [TIME] 6495 income_stmt: 0.22s
2026-10-02 07:21:31,729 [DEBUG] [TIME] 6495 balance_sheet: 0.27s
2026-10-02 07:21:32,013 [DEBUG] [TIME] 6495 cashflow: 0.28s
2026-10-02 07:21:32,246 [DEBUG] [TIME] 6495 dividends: 0.23s
2026-10-02 07:21:32,247 [INFO] [DETAIL] 6495 宮入バルブ製作所: income_stmt=OK, balance_sheet=OK, cashflow=OK, dividends=OK
2026-10-02 07:21:32,247 [INFO] [TIME] 6495 宮入バルブ製作所 処理時間: 1.23s
2026-10-02 07:21:34,235 [DEBUG] [TIME] 6496 info: 0.17s
2026-10-02 07:21:34,235 [DEBUG] yfinance OK: 6496
2026-10-02 07:21:34,390 [DEBUG] [TIME] 6496 income_stmt: 0.15s
2026-10-02 07:21:34,550 [DEBUG] [TIME] 6496 balance_sheet: 0.16s
2026-10-02 07:21:34,774 [DEBUG] [TIME] 6496 cashflow: 0.22s
2026-10-02 07:21:35,058 [DEBUG] [TIME] 6496 dividends: 0.28s
2026-10-02 07:21:35,059 [INFO] [DETAIL] 6496 中北製作所: income_stmt=OK, balance_sheet=OK, cashflow=OK, dividends=OK
2026-10-02 07:21:35,059 [INFO] [TIME] 6496 中北製作所 処理時間: 0.99s
2026-10-02 07:21:36,807 [DEBUG] [TIME] 6497 info: 0.16s
2026-10-02 07:21:36,808 [DEBUG] yfinance OK: 6497
2026-10-02 07:21:37,025 [DEBUG] [TIME] 6497 income_stmt: 0.22s
2026-10-02 07:21:37,302 [DEBUG] [TIME] 6497 balance_sheet: 0.28s
2026-10-02 07:21:37,509 [DEBUG] [TIME] 6497 cashflow: 0.21s
2026-10-02 07:21:37,774 [DEBUG] [TIME] 6497 dividends: 0.27s
2026-10-02 07:21:37,775 [INFO] [DETAIL] 6497 ハマイ: income_stmt=OK, balance_sheet=OK, cashflow=OK, dividends=OK
2026-10-02 07:21:37,776 [INFO] [TIME] 6497 ハマイ 処理時間: 1.13s
2026-10-02 07:21:39,606 [DEBUG] [TIME] 6498 info: 0.16s
2026-10-02 07:21:39,606 [DEBUG] yfinance OK: 6498
2026-10-02 07:21:39,820 [DEBUG] [TIME] 6498 income_stmt: 0.21s
2026-10-02 07:21:40,007 [DEBUG] [TIME] 6498 balance_sheet: 0.19s
2026-10-02 07:21:40,206 [DEBUG] [TIME] 6498 cashflow: 0.20s
2026-10-02 07:21:40,469 [DEBUG] [TIME] 6498 dividends: 0.26s
2026-10-02 07:21:40,470 [INFO] [DETAIL] 6498 キッツ: income_stmt=OK, balance_sheet=OK, cashflow=OK, dividends=OK
2026-10-02 07:21:40,470 [INFO] [TIME] 6498 キッツ 処理時間: 1.03s
2026-10-02 07:21:42,557 [DEBUG] [TIME] 6501 info: 0.29s
2026-10-02 07:21:42,557 [DEBUG] yfinance OK: 6501
2026-10-02 07:21:42,780 [DEBUG] [TIME] 6501 income_stmt: 0.22s
2026-10-02 07:21:42,999 [DEBUG] [TIME] 6501 balance_sheet: 0.22s
2026-10-02 07:21:43,201 [DEBUG] [TIME] 6501 cashflow: 0.20s
2026-10-02 07:21:43,505 [DEBUG] [TIME] 6501 dividends: 0.30s
2026-10-02 07:21:43,506 [INFO] [DETAIL] 6501 日立製作所: income_stmt=OK, balance_sheet=OK, cashflow=OK, dividends=OK
2026-10-02 07:21:43,506 [INFO] [TIME] 6501 日立製作所 処理時間: 1.24s
2026-10-02 07:21:44,775 [DEBUG] [TIME] 6503 info: 0.17s
2026-10-02 07:21:44,775 [DEBUG] yfinance OK: 6503
2026-10-02 07:21:44,986 [DEBUG] [TIME] 6503 income_stmt: 0.21s
2026-10-02 07:21:45,245 [DEBUG] [TIME] 6503 balance_sheet: 0.26s
2026-10-02 07:21:45,391 [DEBUG] [TIME] 6503 cashflow: 0.15s
2026-10-02 07:21:45,656 [DEBUG] [TIME] 6503 dividends: 0.26s
2026-10-02 07:21:45,657 [INFO] [DETAIL] 6503 三菱電機: income_stmt=OK, balance_sheet=OK, cashflow=OK, dividends=OK
2026-10-02 07:21:45,657 [INFO] [TIME] 6503 三菱電機 処理時間: 1.05s
2026-10-02 07:21:47,217 [DEBUG] [TIME] 6504 info: 0.17s
2026-10-02 07:21:47,217 [DEBUG] yfinance OK: 6504
2026-10-02 07:21:47,442 [DEBUG] [TIME] 6504 income_stmt: 0.22s
2026-10-02 07:21:47,710 [DEBUG] [TIME] 6504 balance_sheet: 0.27s
2026-10-02 07:21:47,952 [DEBUG] [TIME] 6504 cashflow: 0.24s
2026-10-02 07:21:48,234 [DEBUG] [TIME] 6504 dividends: 0.28s
2026-10-02 07:21:48,235 [INFO] [DETAIL] 6504 富士電機: income_stmt=OK, balance_sheet=OK, cashflow=OK, dividends=OK
2026-10-02 07:21:48,235 [INFO] [TIME] 6504 富士電機 処理時間: 1.19s
2026-10-02 07:21:49,781 [DEBUG] [TIME] 6505 info: 0.17s
2026-10-02 07:21:49,781 [DEBUG] yfinance OK: 6505
2026-10-02 07:21:49,941 [DEBUG] [TIME] 6505 income_stmt: 0.16s
2026-10-02 07:21:50,209 [DEBUG] [TIME] 6505 balance_sheet: 0.27s
2026-10-02 07:21:50,391 [DEBUG] [TIME] 6505 cashflow: 0.18s
2026-10-02 07:21:50,684 [DEBUG] [TIME] 6505 dividends: 0.29s
2026-10-02 07:21:50,685 [INFO] [DETAIL] 6505 東洋電機製造: income_stmt=OK, balance_sheet=OK, cashflow=OK, dividends=OK
2026-10-02 07:21:50,685 [INFO] [TIME] 6505 東洋電機製造 処理時間: 1.07s
2026-10-02 07:21:51,893 [DEBUG] [TIME] 6506 info: 0.18s
2026-10-02 07:21:51,893 [DEBUG] yfinance OK: 6506
2026-10-02 07:21:52,043 [DEBUG] [TIME] 6506 income_stmt: 0.15s
2026-10-02 07:21:52,310 [DEBUG] [TIME] 6506 balance_sheet: 0.27s
2026-10-02 07:21:52,532 [DEBUG] [TIME] 6506 cashflow: 0.22s
2026-10-02 07:21:52,806 [DEBUG] [TIME] 6506 dividends: 0.27s
2026-10-02 07:21:52,807 [INFO] [DETAIL] 6506 安川電機: income_stmt=OK, balance_sheet=OK, cashflow=OK, dividends=OK
2026-10-02 07:21:52,807 [INFO] [TIME] 6506 安川電機 処理時間: 1.09s
2026-10-02 07:21:54,974 [DEBUG] [TIME] 6507 info: 0.17s
2026-10-02 07:21:54,974 [DEBUG] yfinance OK: 6507
2026-10-02 07:21:55,108 [DEBUG] [TIME] 6507 income_stmt: 0.13s
2026-10-02 07:21:55,323 [DEBUG] [TIME] 6507 balance_sheet: 0.21s
2026-10-02 07:21:55,474 [DEBUG] [TIME] 6507 cashflow: 0.15s
2026-10-02 07:21:55,722 [DEBUG] [TIME] 6507 dividends: 0.25s
2026-10-02 07:21:55,723 [INFO] [DETAIL] 6507 シンフォニアテクノロジー: income_stmt=OK, balance_sheet=OK, cashflow=OK, dividends=OK
2026-10-02 07:21:55,723 [INFO] [TIME] 6507 シンフォニアテクノロジー 処理時間: 0.92s
2026-10-02 07:21:57,101 [DEBUG] [TIME] 6508 info: 0.17s
2026-10-02 07:21:57,101 [DEBUG] yfinance OK: 6508
2026-10-02 07:21:57,247 [DEBUG] [TIME] 6508 income_stmt: 0.15s
2026-10-02 07:21:57,408 [DEBUG] [TIME] 6508 balance_sheet: 0.16s
2026-10-02 07:21:57,555 [DEBUG] [TIME] 6508 cashflow: 0.15s
2026-10-02 07:21:57,815 [DEBUG] [TIME] 6508 dividends: 0.26s
2026-10-02 07:21:57,816 [INFO] [DETAIL] 6508 明電舎: income_stmt=OK, balance_sheet=OK, cashflow=OK, dividends=OK
2026-10-02 07:21:57,816 [INFO] [TIME] 6508 明電舎 処理時間: 0.89s
2026-10-02 07:21:59,654 [DEBUG] [TIME] 6513 info: 0.17s
2026-10-02 07:21:59,654 [DEBUG] yfinance OK: 6513
2026-10-02 07:21:59,869 [DEBUG] [TIME] 6513 income_stmt: 0.21s
2026-10-02 07:22:00,185 [DEBUG] [TIME] 6513 balance_sheet: 0.32s
2026-10-02 07:22:00,338 [DEBUG] [TIME] 6513 cashflow: 0.15s
2026-10-02 07:22:00,620 [DEBUG] [TIME] 6513 dividends: 0.28s
2026-10-02 07:22:00,621 [INFO] [DETAIL] 6513 オリジン: income_stmt=OK, balance_sheet=OK, cashflow=OK, dividends=OK
2026-10-02 07:22:00,621 [INFO] [TIME] 6513 オリジン 処理時間: 1.13s
2026-10-02 07:22:02,555 [DEBUG] [TIME] 6516 info: 0.17s
2026-10-02 07:22:02,555 [DEBUG] yfinance OK: 6516
2026-10-02 07:22:02,759 [DEBUG] [TIME] 6516 income_stmt: 0.20s
2026-10-02 07:22:02,920 [DEBUG] [TIME] 6516 balance_sheet: 0.16s
2026-10-02 07:22:03,048 [DEBUG] [TIME] 6516 cashflow: 0.13s
2026-10-02 07:22:03,307 [DEBUG] [TIME] 6516 dividends: 0.26s
2026-10-02 07:22:03,308 [INFO] [DETAIL] 6516 山洋電気: income_stmt=OK, balance_sheet=OK, cashflow=OK, dividends=OK
2026-10-02 07:22:03,309 [INFO] [TIME] 6516 山洋電気 処理時間: 0.92s
2026-10-02 07:22:05,299 [DEBUG] [TIME] 6517 info: 0.17s
2026-10-02 07:22:05,299 [DEBUG] yfinance OK: 6517
2026-10-02 07:22:05,461 [DEBUG] [TIME] 6517 income_stmt: 0.16s
2026-10-02 07:22:05,727 [DEBUG] [TIME] 6517 balance_sheet: 0.26s
2026-10-02 07:22:05,864 [DEBUG] [TIME] 6517 cashflow: 0.14s
2026-10-02 07:22:06,149 [DEBUG] [TIME] 6517 dividends: 0.28s
2026-10-02 07:22:06,150 [INFO] [DETAIL] 6517 デンヨー: income_stmt=OK, balance_sheet=OK, cashflow=OK, dividends=OK
2026-10-02 07:22:06,150 [INFO] [TIME] 6517 デンヨー 処理時間: 1.02s
2026-10-02 07:22:07,929 [DEBUG] [TIME] 6518 info: 0.16s
2026-10-02 07:22:07,930 [DEBUG] yfinance OK: 6518
2026-10-02 07:22:08,148 [DEBUG] [TIME] 6518 income_stmt: 0.22s
2026-10-02 07:22:08,403 [DEBUG] [TIME] 6518 balance_sheet: 0.25s
2026-10-02 07:22:08,551 [DEBUG] [TIME] 6518 cashflow: 0.15s
2026-10-02 07:22:08,825 [DEBUG] [TIME] 6518 dividends: 0.27s
2026-10-02 07:22:08,826 [INFO] [DETAIL] 6518 三相電機: income_stmt=OK, balance_sheet=OK, cashflow=OK, dividends=OK
2026-10-02 07:22:08,826 [INFO] [TIME] 6518 三相電機 処理時間: 1.06s
2026-10-02 07:22:10,082 [DEBUG] [TIME] 6521 info: 0.17s
2026-10-02 07:22:10,083 [DEBUG] yfinance OK: 6521
2026-10-02 07:22:10,315 [DEBUG] [TIME] 6521 income_stmt: 0.23s
2026-10-02 07:22:10,522 [DEBUG] [TIME] 6521 balance_sheet: 0.21s
2026-10-02 07:22:10,760 [DEBUG] [TIME] 6521 cashflow: 0.24s
2026-10-02 07:22:10,885 [DEBUG] [TIME] 6521 dividends: 0.13s
2026-10-02 07:22:10,886 [INFO] [DETAIL] 6521 オキサイド: income_stmt=OK, balance_sheet=OK, cashflow=OK, dividends=EMPTY
2026-10-02 07:22:10,886 [INFO] [TIME] 6521 オキサイド 処理時間: 0.97s
2026-10-02 07:22:12,692 [DEBUG] [TIME] 6522 info: 0.16s
2026-10-02 07:22:12,692 [DEBUG] yfinance OK: 6522
2026-10-02 07:22:12,865 [DEBUG] [TIME] 6522 income_stmt: 0.17s
2026-10-02 07:22:13,030 [DEBUG] [TIME] 6522 balance_sheet: 0.17s
2026-10-02 07:22:13,293 [DEBUG] [TIME] 6522 cashflow: 0.26s
2026-10-02 07:22:13,417 [DEBUG] [TIME] 6522 dividends: 0.12s
2026-10-02 07:22:13,417 [INFO] [DETAIL] 6522 アスタリスク: income_stmt=OK, balance_sheet=OK, cashflow=OK, dividends=EMPTY
2026-10-02 07:22:13,418 [INFO] [TIME] 6522 アスタリスク 処理時間: 0.89s
2026-10-02 07:22:15,440 [DEBUG] [TIME] 6523 info: 0.17s
2026-10-02 07:22:15,440 [DEBUG] yfinance OK: 6523
2026-10-02 07:22:15,614 [DEBUG] [TIME] 6523 income_stmt: 0.17s
2026-10-02 07:22:15,823 [DEBUG] [TIME] 6523 balance_sheet: 0.21s
2026-10-02 07:22:15,974 [DEBUG] [TIME] 6523 cashflow: 0.15s
2026-10-02 07:22:16,090 [DEBUG] [TIME] 6523 dividends: 0.12s
2026-10-02 07:22:16,091 [INFO] [DETAIL] 6523 ＰＨＣホールディングス: income_stmt=OK, balance_sheet=OK, cashflow=OK, dividends=OK
2026-10-02 07:22:16,091 [INFO] [TIME] 6523 ＰＨＣホールディングス 処理時間: 0.82s
2026-10-02 07:22:17,633 [DEBUG] [TIME] 6524 info: 0.21s
2026-10-02 07:22:17,633 [DEBUG] yfinance OK: 6524
2026-10-02 07:22:17,865 [DEBUG] [TIME] 6524 income_stmt: 0.23s
2026-10-02 07:22:18,037 [DEBUG] [TIME] 6524 balance_sheet: 0.17s
2026-10-02 07:22:18,168 [DEBUG] [TIME] 6524 cashflow: 0.13s
2026-10-02 07:22:18,295 [DEBUG] [TIME] 6524 dividends: 0.13s
2026-10-02 07:22:18,296 [INFO] [DETAIL] 6524 湖北工業: income_stmt=OK, balance_sheet=OK, cashflow=OK, dividends=OK
2026-10-02 07:22:18,296 [INFO] [TIME] 6524 湖北工業 処理時間: 0.88s
2026-10-02 07:22:19,900 [DEBUG] [TIME] 6525 info: 0.18s
2026-10-02 07:22:19,900 [DEBUG] yfinance OK: 6525
2026-10-02 07:22:20,042 [DEBUG] [TIME] 6525 income_stmt: 0.14s
2026-10-02 07:22:20,320 [DEBUG] [TIME] 6525 balance_sheet: 0.28s
2026-10-02 07:22:20,566 [DEBUG] [TIME] 6525 cashflow: 0.24s
2026-10-02 07:22:20,673 [DEBUG] [TIME] 6525 dividends: 0.11s
2026-10-02 07:22:20,674 [INFO] [DETAIL] 6525 ＫＯＫＵＳＡＩ　ＥＬＥＣＴＲＩＣ: income_stmt=OK, balance_sheet=OK, cashflow=OK, dividends=OK
2026-10-02 07:22:20,674 [INFO] [TIME] 6525 ＫＯＫＵＳＡＩ　ＥＬＥＣＴＲＩＣ 処理時間: 0.95s
2026-10-02 07:22:22,271 [DEBUG] [TIME] 6526 info: 0.19s
2026-10-02 07:22:22,271 [DEBUG] yfinance OK: 6526
2026-10-02 07:22:22,505 [DEBUG] [TIME] 6526 income_stmt: 0.23s
2026-10-02 07:22:22,707 [DEBUG] [TIME] 6526 balance_sheet: 0.20s
2026-10-02 07:22:22,861 [DEBUG] [TIME] 6526 cashflow: 0.15s
2026-10-02 07:22:22,984 [DEBUG] [TIME] 6526 dividends: 0.12s
2026-10-02 07:22:22,985 [INFO] [DETAIL] 6526 ソシオネクスト: income_stmt=OK, balance_sheet=OK, cashflow=OK, dividends=OK
2026-10-02 07:22:22,985 [INFO] [TIME] 6526 ソシオネクスト 処理時間: 0.90s
2026-10-02 07:22:24,925 [DEBUG] [TIME] 6532 info: 0.17s
2026-10-02 07:22:24,925 [DEBUG] yfinance OK: 6532
2026-10-02 07:22:25,145 [DEBUG] [TIME] 6532 income_stmt: 0.22s
2026-10-02 07:22:25,302 [DEBUG] [TIME] 6532 balance_sheet: 0.16s
2026-10-02 07:22:25,503 [DEBUG] [TIME] 6532 cashflow: 0.20s
2026-10-02 07:22:25,675 [DEBUG] [TIME] 6532 dividends: 0.17s
2026-10-02 07:22:25,676 [INFO] [DETAIL] 6532 ベイカレント: income_stmt=OK, balance_sheet=OK, cashflow=OK, dividends=OK
2026-10-02 07:22:25,677 [INFO] [TIME] 6532 ベイカレント 処理時間: 0.92s
2026-10-02 07:22:27,634 [DEBUG] [TIME] 6533 info: 0.19s
2026-10-02 07:22:27,634 [DEBUG] yfinance OK: 6533
2026-10-02 07:22:27,851 [DEBUG] [TIME] 6533 income_stmt: 0.22s
2026-10-02 07:22:28,116 [DEBUG] [TIME] 6533 balance_sheet: 0.26s
2026-10-02 07:22:28,315 [DEBUG] [TIME] 6533 cashflow: 0.20s
2026-10-02 07:22:28,474 [DEBUG] [TIME] 6533 dividends: 0.16s
2026-10-02 07:22:28,475 [INFO] [DETAIL] 6533 Ｏｒｃｈｅｓｔｒａ　Ｈｏｌｄｉｎｇｓ: income_stmt=OK, balance_sheet=OK, cashflow=OK, dividends=OK
2026-10-02 07:22:28,475 [INFO] [TIME] 6533 Ｏｒｃｈｅｓｔｒａ　Ｈｏｌｄｉｎｇｓ 処理時間: 1.03s
2026-10-02 07:22:30,401 [DEBUG] [TIME] 6535 info: 0.18s
2026-10-02 07:22:30,401 [DEBUG] yfinance OK: 6535
2026-10-02 07:22:30,555 [DEBUG] [TIME] 6535 income_stmt: 0.15s
2026-10-02 07:22:30,694 [DEBUG] [TIME] 6535 balance_sheet: 0.14s
2026-10-02 07:22:30,826 [DEBUG] [TIME] 6535 cashflow: 0.13s
2026-10-02 07:22:30,977 [DEBUG] [TIME] 6535 dividends: 0.15s
2026-10-02 07:22:30,978 [INFO] [DETAIL] 6535 アイモバイル: income_stmt=OK, balance_sheet=OK, cashflow=OK, dividends=OK
2026-10-02 07:22:30,978 [INFO] [TIME] 6535 アイモバイル 処理時間: 0.75s
2026-10-02 07:22:33,103 [DEBUG] [TIME] 6537 info: 0.18s
2026-10-02 07:22:33,103 [DEBUG] yfinance OK: 6537
2026-10-02 07:22:33,316 [DEBUG] [TIME] 6537 income_stmt: 0.21s
2026-10-02 07:22:33,589 [DEBUG] [TIME] 6537 balance_sheet: 0.27s
2026-10-02 07:22:33,723 [DEBUG] [TIME] 6537 cashflow: 0.13s
2026-10-02 07:22:33,890 [DEBUG] [TIME] 6537 dividends: 0.17s
2026-10-02 07:22:33,891 [INFO] [DETAIL] 6537 ＷＡＳＨハウス: income_stmt=OK, balance_sheet=OK, cashflow=OK, dividends=OK
2026-10-02 07:22:33,891 [INFO] [TIME] 6537 ＷＡＳＨハウス 処理時間: 0.97s
2026-10-02 07:22:35,844 [DEBUG] [TIME] 6538 info: 0.16s
2026-10-02 07:22:35,844 [DEBUG] yfinance OK: 6538
2026-10-02 07:22:35,996 [DEBUG] [TIME] 6538 income_stmt: 0.15s
2026-10-02 07:22:36,199 [DEBUG] [TIME] 6538 balance_sheet: 0.20s
2026-10-02 07:22:36,326 [DEBUG] [TIME] 6538 cashflow: 0.13s
2026-10-02 07:22:36,492 [DEBUG] [TIME] 6538 dividends: 0.17s
2026-10-02 07:22:36,493 [INFO] [DETAIL] 6538 ディスラプターズ: income_stmt=OK, balance_sheet=OK, cashflow=OK, dividends=OK
2026-10-02 07:22:36,493 [INFO] [TIME] 6538 ディスラプターズ 処理時間: 0.81s
2026-10-02 07:22:38,404 [DEBUG] [TIME] 6539 info: 0.18s
2026-10-02 07:22:38,404 [DEBUG] yfinance OK: 6539
2026-10-02 07:22:38,556 [DEBUG] [TIME] 6539 income_stmt: 0.15s
2026-10-02 07:22:38,767 [DEBUG] [TIME] 6539 balance_sheet: 0.21s
2026-10-02 07:22:38,884 [DEBUG] [TIME] 6539 cashflow: 0.12s
2026-10-02 07:22:39,050 [DEBUG] [TIME] 6539 dividends: 0.17s
2026-10-02 07:22:39,051 [INFO] [DETAIL] 6539 ＭＳ－Ｊａｐａｎ: income_stmt=OK, balance_sheet=OK, cashflow=OK, dividends=OK
2026-10-02 07:22:39,051 [INFO] [TIME] 6539 ＭＳ－Ｊａｐａｎ 処理時間: 0.83s
2026-10-02 07:22:40,311 [DEBUG] [TIME] 6540 info: 0.17s
2026-10-02 07:22:40,311 [DEBUG] yfinance OK: 6540
2026-10-02 07:22:40,565 [DEBUG] [TIME] 6540 income_stmt: 0.25s
2026-10-02 07:22:40,750 [DEBUG] [TIME] 6540 balance_sheet: 0.18s
2026-10-02 07:22:40,965 [DEBUG] [TIME] 6540 cashflow: 0.21s
2026-10-02 07:22:41,130 [DEBUG] [TIME] 6540 dividends: 0.16s
2026-10-02 07:22:41,131 [INFO] [DETAIL] 6540 船場: income_stmt=OK, balance_sheet=OK, cashflow=OK, dividends=OK
2026-10-02 07:22:41,131 [INFO] [TIME] 6540 船場 処理時間: 0.99s
2026-10-02 07:22:42,804 [DEBUG] [TIME] 6543 info: 0.17s
2026-10-02 07:22:42,804 [DEBUG] yfinance OK: 6543
2026-10-02 07:22:42,996 [DEBUG] [TIME] 6543 income_stmt: 0.19s
2026-10-02 07:22:43,256 [DEBUG] [TIME] 6543 balance_sheet: 0.26s
2026-10-02 07:22:43,397 [DEBUG] [TIME] 6543 cashflow: 0.14s
2026-10-02 07:22:43,576 [DEBUG] [TIME] 6543 dividends: 0.18s
2026-10-02 07:22:43,577 [INFO] [DETAIL] 6543 日宣: income_stmt=OK, balance_sheet=OK, cashflow=OK, dividends=OK
2026-10-02 07:22:43,577 [INFO] [TIME] 6543 日宣 処理時間: 0.94s
2026-10-02 07:22:45,559 [DEBUG] [TIME] 6544 info: 0.17s
2026-10-02 07:22:45,559 [DEBUG] yfinance OK: 6544
2026-10-02 07:22:45,780 [DEBUG] [TIME] 6544 income_stmt: 0.22s
2026-10-02 07:22:46,046 [DEBUG] [TIME] 6544 balance_sheet: 0.26s
2026-10-02 07:22:46,252 [DEBUG] [TIME] 6544 cashflow: 0.21s
2026-10-02 07:22:46,425 [DEBUG] [TIME] 6544 dividends: 0.17s
2026-10-02 07:22:46,426 [INFO] [DETAIL] 6544 ジャパンエレベーターサービスホールディングス: income_stmt=OK, balance_sheet=OK, cashflow=OK, dividends=OK
2026-10-02 07:22:46,427 [INFO] [TIME] 6544 ジャパンエレベーターサービスホールディングス 処理時間: 1.04s
2026-10-02 07:22:48,000 [DEBUG] [TIME] 6545 info: 0.17s
2026-10-02 07:22:48,000 [DEBUG] yfinance OK: 6545
2026-10-02 07:22:48,218 [DEBUG] [TIME] 6545 income_stmt: 0.22s
2026-10-02 07:22:48,456 [DEBUG] [TIME] 6545 balance_sheet: 0.24s
2026-10-02 07:22:48,675 [DEBUG] [TIME] 6545 cashflow: 0.22s
2026-10-02 07:22:48,824 [DEBUG] [TIME] 6545 dividends: 0.15s
2026-10-02 07:22:48,825 [INFO] [DETAIL] 6545 インターネットインフィニティー: income_stmt=OK, balance_sheet=OK, cashflow=OK, dividends=OK
2026-10-02 07:22:48,825 [INFO] [TIME] 6545 インターネットインフィニティー 処理時間: 0.99s
2026-10-02 07:22:50,706 [DEBUG] [TIME] 6546 info: 0.17s
2026-10-02 07:22:50,706 [DEBUG] yfinance OK: 6546
2026-10-02 07:22:50,943 [DEBUG] [TIME] 6546 income_stmt: 0.24s
2026-10-02 07:22:51,249 [DEBUG] [TIME] 6546 balance_sheet: 0.31s
2026-10-02 07:22:51,526 [DEBUG] [TIME] 6546 cashflow: 0.28s
2026-10-02 07:22:51,677 [DEBUG] [TIME] 6546 dividends: 0.15s
2026-10-02 07:22:51,678 [INFO] [DETAIL] 6546 フルテック: income_stmt=OK, balance_sheet=OK, cashflow=OK, dividends=OK
2026-10-02 07:22:51,678 [INFO] [TIME] 6546 フルテック 処理時間: 1.15s
2026-10-02 07:22:53,362 [DEBUG] [TIME] 6547 info: 0.20s
2026-10-02 07:22:53,362 [DEBUG] yfinance OK: 6547
2026-10-02 07:22:53,585 [DEBUG] [TIME] 6547 income_stmt: 0.22s
2026-10-02 07:22:53,728 [DEBUG] [TIME] 6547 balance_sheet: 0.14s
2026-10-02 07:22:53,828 [DEBUG] [TIME] 6547 cashflow: 0.10s
2026-10-02 07:22:53,989 [DEBUG] [TIME] 6547 dividends: 0.16s
2026-10-02 07:22:53,990 [INFO] [DETAIL] 6547 グリーンズ: income_stmt=OK, balance_sheet=OK, cashflow=OK, dividends=OK
2026-10-02 07:22:53,990 [INFO] [TIME] 6547 グリーンズ 処理時間: 0.83s
2026-10-02 07:22:56,038 [DEBUG] [TIME] 6548 info: 0.17s
2026-10-02 07:22:56,038 [DEBUG] yfinance OK: 6548
2026-10-02 07:22:56,202 [DEBUG] [TIME] 6548 income_stmt: 0.16s
2026-10-02 07:22:56,386 [DEBUG] [TIME] 6548 balance_sheet: 0.18s
2026-10-02 07:22:56,545 [DEBUG] [TIME] 6548 cashflow: 0.16s
2026-10-02 07:22:56,679 [DEBUG] [TIME] 6548 dividends: 0.13s
2026-10-02 07:22:56,680 [INFO] [DETAIL] 6548 旅工房: income_stmt=OK, balance_sheet=OK, cashflow=OK, dividends=EMPTY
2026-10-02 07:22:56,680 [INFO] [TIME] 6548 旅工房 処理時間: 0.81s
2026-10-02 07:22:58,710 [DEBUG] [TIME] 6549 info: 0.18s
2026-10-02 07:22:58,710 [DEBUG] yfinance OK: 6549
2026-10-02 07:22:58,925 [DEBUG] [TIME] 6549 income_stmt: 0.21s
2026-10-02 07:22:59,206 [DEBUG] [TIME] 6549 balance_sheet: 0.28s
2026-10-02 07:22:59,504 [DEBUG] [TIME] 6549 cashflow: 0.30s
2026-10-02 07:22:59,649 [DEBUG] [TIME] 6549 dividends: 0.14s
2026-10-02 07:22:59,650 [INFO] [DETAIL] 6549 ディーエムソリューションズ: income_stmt=OK, balance_sheet=OK, cashflow=OK, dividends=OK
2026-10-02 07:22:59,650 [INFO] [TIME] 6549 ディーエムソリューションズ 処理時間: 1.12s
2026-10-02 07:23:00,917 [DEBUG] [TIME] 6551 info: 0.16s
2026-10-02 07:23:00,917 [DEBUG] yfinance OK: 6551
2026-10-02 07:23:01,147 [DEBUG] [TIME] 6551 income_stmt: 0.23s
2026-10-02 07:23:01,386 [DEBUG] [TIME] 6551 balance_sheet: 0.24s
2026-10-02 07:23:01,604 [DEBUG] [TIME] 6551 cashflow: 0.22s
2026-10-02 07:23:01,779 [DEBUG] [TIME] 6551 dividends: 0.17s
2026-10-02 07:23:01,780 [INFO] [DETAIL] 6551 ツナググループ・ホールディングス: income_stmt=OK, balance_sheet=OK, cashflow=OK, dividends=OK
2026-10-02 07:23:01,780 [INFO] [TIME] 6551 ツナググループ・ホールディングス 処理時間: 1.03s
2026-10-02 07:23:03,774 [DEBUG] [TIME] 6552 info: 0.17s
2026-10-02 07:23:03,774 [DEBUG] yfinance OK: 6552
2026-10-02 07:23:03,924 [DEBUG] [TIME] 6552 income_stmt: 0.15s
2026-10-02 07:23:04,087 [DEBUG] [TIME] 6552 balance_sheet: 0.16s
2026-10-02 07:23:04,200 [DEBUG] [TIME] 6552 cashflow: 0.11s
2026-10-02 07:23:04,333 [DEBUG] [TIME] 6552 dividends: 0.13s
2026-10-02 07:23:04,333 [INFO] [DETAIL] 6552 ＧａｍｅＷｉｔｈ: income_stmt=OK, balance_sheet=OK, cashflow=OK, dividends=EMPTY
2026-10-02 07:23:04,333 [INFO] [TIME] 6552 ＧａｍｅＷｉｔｈ 処理時間: 0.73s
2026-10-02 07:23:06,317 [DEBUG] [TIME] 6554 info: 0.17s
2026-10-02 07:23:06,317 [DEBUG] yfinance OK: 6554
2026-10-02 07:23:06,551 [DEBUG] [TIME] 6554 income_stmt: 0.23s
2026-10-02 07:23:06,826 [DEBUG] [TIME] 6554 balance_sheet: 0.27s
2026-10-02 07:23:06,962 [DEBUG] [TIME] 6554 cashflow: 0.14s
2026-10-02 07:23:07,130 [DEBUG] [TIME] 6554 dividends: 0.17s
2026-10-02 07:23:07,131 [INFO] [DETAIL] 6554 エスユーエス: income_stmt=OK, balance_sheet=OK, cashflow=OK, dividends=OK
2026-10-02 07:23:07,131 [INFO] [TIME] 6554 エスユーエス 処理時間: 0.98s
2026-10-02 07:23:08,685 [DEBUG] [TIME] 6555 info: 0.16s
2026-10-02 07:23:08,685 [DEBUG] yfinance OK: 6555
2026-10-02 07:23:08,854 [DEBUG] [TIME] 6555 income_stmt: 0.17s
2026-10-02 07:23:09,039 [DEBUG] [TIME] 6555 balance_sheet: 0.18s
2026-10-02 07:23:09,184 [DEBUG] [TIME] 6555 cashflow: 0.14s
2026-10-02 07:23:09,354 [DEBUG] [TIME] 6555 dividends: 0.17s
2026-10-02 07:23:09,355 [INFO] [DETAIL] 6555 ＭＳ＆Ｃｏｎｓｕｌｔｉｎｇ: income_stmt=OK, balance_sheet=OK, cashflow=OK, dividends=OK
2026-10-02 07:23:09,355 [INFO] [TIME] 6555 ＭＳ＆Ｃｏｎｓｕｌｔｉｎｇ 処理時間: 0.83s
2026-10-02 07:23:11,373 [DEBUG] [TIME] 6557 info: 0.16s
2026-10-02 07:23:11,373 [DEBUG] yfinance OK: 6557
2026-10-02 07:23:11,513 [DEBUG] [TIME] 6557 income_stmt: 0.14s
2026-10-02 07:23:11,781 [DEBUG] [TIME] 6557 balance_sheet: 0.27s
2026-10-02 07:23:12,016 [DEBUG] [TIME] 6557 cashflow: 0.23s
2026-10-02 07:23:12,152 [DEBUG] [TIME] 6557 dividends: 0.14s
2026-10-02 07:23:12,152 [INFO] [DETAIL] 6557 ＡＩＡＩグループ: income_stmt=OK, balance_sheet=OK, cashflow=OK, dividends=EMPTY
2026-10-02 07:23:12,152 [INFO] [TIME] 6557 ＡＩＡＩグループ 処理時間: 0.94s
2026-10-02 07:23:13,875 [DEBUG] [TIME] 6558 info: 0.17s
2026-10-02 07:23:13,875 [DEBUG] yfinance OK: 6558
2026-10-02 07:23:14,041 [DEBUG] [TIME] 6558 income_stmt: 0.17s
2026-10-02 07:23:14,230 [DEBUG] [TIME] 6558 balance_sheet: 0.19s
2026-10-02 07:23:14,408 [DEBUG] [TIME] 6558 cashflow: 0.18s
2026-10-02 07:23:14,553 [DEBUG] [TIME] 6558 dividends: 0.15s
2026-10-02 07:23:14,553 [INFO] [DETAIL] 6558 クックビズ: income_stmt=OK, balance_sheet=OK, cashflow=OK, dividends=EMPTY
2026-10-02 07:23:14,553 [INFO] [TIME] 6558 クックビズ 処理時間: 0.85s
2026-10-02 07:23:15,907 [DEBUG] [TIME] 6560 info: 0.18s
2026-10-02 07:23:15,907 [DEBUG] yfinance OK: 6560
2026-10-02 07:23:16,064 [DEBUG] [TIME] 6560 income_stmt: 0.16s
2026-10-02 07:23:16,267 [DEBUG] [TIME] 6560 balance_sheet: 0.20s
2026-10-02 07:23:16,419 [DEBUG] [TIME] 6560 cashflow: 0.15s
2026-10-02 07:23:16,573 [DEBUG] [TIME] 6560 dividends: 0.15s
2026-10-02 07:23:16,574 [INFO] [DETAIL] 6560 エル・ティー・エス: income_stmt=OK, balance_sheet=OK, cashflow=OK, dividends=OK
2026-10-02 07:23:16,574 [INFO] [TIME] 6560 エル・ティー・エス 処理時間: 0.84s
2026-10-02 07:23:18,739 [DEBUG] [TIME] 6561 info: 0.18s
2026-10-02 07:23:18,739 [DEBUG] yfinance OK: 6561
2026-10-02 07:23:18,923 [DEBUG] [TIME] 6561 income_stmt: 0.18s
2026-10-02 07:23:19,174 [DEBUG] [TIME] 6561 balance_sheet: 0.25s
2026-10-02 07:23:19,424 [DEBUG] [TIME] 6561 cashflow: 0.25s
2026-10-02 07:23:19,590 [DEBUG] [TIME] 6561 dividends: 0.16s
2026-10-02 07:23:19,591 [INFO] [DETAIL] 6561 ＨＡＮＡＴＯＵＲ　ＪＡＰＡＮ: income_stmt=OK, balance_sheet=OK, cashflow=OK, dividends=OK
2026-10-02 07:23:19,591 [INFO] [TIME] 6561 ＨＡＮＡＴＯＵＲ　ＪＡＰＡＮ 処理時間: 1.03s
2026-10-02 07:23:21,104 [DEBUG] [TIME] 6562 info: 0.18s
2026-10-02 07:23:21,105 [DEBUG] yfinance OK: 6562
2026-10-02 07:23:21,263 [DEBUG] [TIME] 6562 income_stmt: 0.16s
2026-10-02 07:23:21,575 [DEBUG] [TIME] 6562 balance_sheet: 0.31s
2026-10-02 07:23:21,835 [DEBUG] [TIME] 6562 cashflow: 0.26s
2026-10-02 07:23:21,964 [DEBUG] [TIME] 6562 dividends: 0.13s
2026-10-02 07:23:21,964 [INFO] [DETAIL] 6562 ジーニー: income_stmt=OK, balance_sheet=OK, cashflow=OK, dividends=EMPTY
2026-10-02 07:23:21,964 [INFO] [TIME] 6562 ジーニー 処理時間: 1.04s
2026-10-02 07:23:23,792 [DEBUG] [TIME] 6563 info: 0.19s
2026-10-02 07:23:23,792 [DEBUG] yfinance OK: 6563
2026-10-02 07:23:23,919 [DEBUG] [TIME] 6563 income_stmt: 0.13s
2026-10-02 07:23:24,066 [DEBUG] [TIME] 6563 balance_sheet: 0.15s
2026-10-02 07:23:24,185 [DEBUG] [TIME] 6563 cashflow: 0.12s
2026-10-02 07:23:24,334 [DEBUG] [TIME] 6563 dividends: 0.15s
2026-10-02 07:23:24,334 [INFO] [DETAIL] 6563 みらいワークス: income_stmt=OK, balance_sheet=OK, cashflow=OK, dividends=EMPTY
2026-10-02 07:23:24,334 [INFO] [TIME] 6563 みらいワークス 処理時間: 0.73s
2026-10-02 07:23:25,581 [DEBUG] [TIME] 6564 info: 0.18s
2026-10-02 07:23:25,581 [DEBUG] yfinance OK: 6564
2026-10-02 07:23:25,795 [DEBUG] [TIME] 6564 income_stmt: 0.21s
2026-10-02 07:23:26,082 [DEBUG] [TIME] 6564 balance_sheet: 0.29s
2026-10-02 07:23:26,313 [DEBUG] [TIME] 6564 cashflow: 0.23s
2026-10-02 07:23:26,468 [DEBUG] [TIME] 6564 dividends: 0.16s
2026-10-02 07:23:26,469 [INFO] [DETAIL] 6564 ミダックホールディングス: income_stmt=OK, balance_sheet=OK, cashflow=OK, dividends=OK
2026-10-02 07:23:26,469 [INFO] [TIME] 6564 ミダックホールディングス 処理時間: 1.06s
2026-10-02 07:23:27,721 [DEBUG] [TIME] 6566 info: 0.19s
2026-10-02 07:23:27,721 [DEBUG] yfinance OK: 6566
2026-10-02 07:23:27,947 [DEBUG] [TIME] 6566 income_stmt: 0.23s
2026-10-02 07:23:28,122 [DEBUG] [TIME] 6566 balance_sheet: 0.17s
2026-10-02 07:23:28,320 [DEBUG] [TIME] 6566 cashflow: 0.20s
2026-10-02 07:23:28,476 [DEBUG] [TIME] 6566 dividends: 0.16s
2026-10-02 07:23:28,477 [INFO] [DETAIL] 6566 要興業: income_stmt=OK, balance_sheet=OK, cashflow=OK, dividends=OK
2026-10-02 07:23:28,477 [INFO] [TIME] 6566 要興業 処理時間: 0.95s
2026-10-02 07:23:30,179 [DEBUG] [TIME] 6568 info: 0.17s
2026-10-02 07:23:30,179 [DEBUG] yfinance OK: 6568
2026-10-02 07:23:30,315 [DEBUG] [TIME] 6568 income_stmt: 0.14s
2026-10-02 07:23:30,529 [DEBUG] [TIME] 6568 balance_sheet: 0.21s
2026-10-02 07:23:30,681 [DEBUG] [TIME] 6568 cashflow: 0.15s
2026-10-02 07:23:30,836 [DEBUG] [TIME] 6568 dividends: 0.15s
2026-10-02 07:23:30,837 [INFO] [DETAIL] 6568 神戸天然物化学: income_stmt=OK, balance_sheet=OK, cashflow=OK, dividends=OK
2026-10-02 07:23:30,837 [INFO] [TIME] 6568 神戸天然物化学 処理時間: 0.82s
2026-10-02 07:23:32,809 [DEBUG] [TIME] 6570 info: 0.17s
2026-10-02 07:23:32,809 [DEBUG] yfinance OK: 6570
2026-10-02 07:23:32,947 [DEBUG] [TIME] 6570 income_stmt: 0.14s
2026-10-02 07:23:33,110 [DEBUG] [TIME] 6570 balance_sheet: 0.16s
2026-10-02 07:23:33,357 [DEBUG] [TIME] 6570 cashflow: 0.25s
2026-10-02 07:23:33,511 [DEBUG] [TIME] 6570 dividends: 0.15s
2026-10-02 07:23:33,512 [INFO] [DETAIL] 6570 共和コーポレーション: income_stmt=OK, balance_sheet=OK, cashflow=OK, dividends=OK
2026-10-02 07:23:33,512 [INFO] [TIME] 6570 共和コーポレーション 処理時間: 0.87s
2026-10-02 07:23:35,070 [DEBUG] [TIME] 6571 info: 0.18s
2026-10-02 07:23:35,070 [DEBUG] yfinance OK: 6571
2026-10-02 07:23:35,215 [DEBUG] [TIME] 6571 income_stmt: 0.15s
2026-10-02 07:23:35,415 [DEBUG] [TIME] 6571 balance_sheet: 0.20s
2026-10-02 07:23:35,555 [DEBUG] [TIME] 6571 cashflow: 0.14s
2026-10-02 07:23:35,712 [DEBUG] [TIME] 6571 dividends: 0.16s
2026-10-02 07:23:35,713 [INFO] [DETAIL] 6571 キュービーネットホールディングス: income_stmt=OK, balance_sheet=OK, cashflow=OK, dividends=OK
2026-10-02 07:23:35,713 [INFO] [TIME] 6571 キュービーネットホールディングス 処理時間: 0.82s
2026-10-02 07:23:37,402 [DEBUG] [TIME] 6572 info: 0.24s
2026-10-02 07:23:37,402 [DEBUG] yfinance OK: 6572
2026-10-02 07:23:37,592 [DEBUG] [TIME] 6572 income_stmt: 0.19s
2026-10-02 07:23:37,917 [DEBUG] [TIME] 6572 balance_sheet: 0.32s
2026-10-02 07:23:38,078 [DEBUG] [TIME] 6572 cashflow: 0.16s
2026-10-02 07:23:38,219 [DEBUG] [TIME] 6572 dividends: 0.14s
2026-10-02 07:23:38,220 [INFO] [DETAIL] 6572 オープングループ: income_stmt=OK, balance_sheet=OK, cashflow=OK, dividends=OK
2026-10-02 07:23:38,220 [INFO] [TIME] 6572 オープングループ 処理時間: 1.06s
2026-10-02 07:23:40,271 [DEBUG] [TIME] 6573 info: 0.16s
2026-10-02 07:23:40,271 [DEBUG] yfinance OK: 6573
2026-10-02 07:23:40,474 [DEBUG] [TIME] 6573 income_stmt: 0.20s
2026-10-02 07:23:40,773 [DEBUG] [TIME] 6573 balance_sheet: 0.30s
2026-10-02 07:23:40,935 [DEBUG] [TIME] 6573 cashflow: 0.16s
2026-10-02 07:23:41,077 [DEBUG] [TIME] 6573 dividends: 0.14s
2026-10-02 07:23:41,077 [INFO] [DETAIL] 6573 ＣＲＡＶＩＡ: income_stmt=OK, balance_sheet=OK, cashflow=OK, dividends=EMPTY
2026-10-02 07:23:41,077 [INFO] [TIME] 6573 ＣＲＡＶＩＡ 処理時間: 0.97s
2026-10-02 07:23:42,613 [DEBUG] [TIME] 6574 info: 0.19s
2026-10-02 07:23:42,614 [DEBUG] yfinance OK: 6574
2026-10-02 07:23:42,844 [DEBUG] [TIME] 6574 income_stmt: 0.23s
2026-10-02 07:23:43,089 [DEBUG] [TIME] 6574 balance_sheet: 0.24s
2026-10-02 07:23:43,248 [DEBUG] [TIME] 6574 cashflow: 0.16s
2026-10-02 07:23:43,413 [DEBUG] [TIME] 6574 dividends: 0.17s
2026-10-02 07:23:43,414 [INFO] [DETAIL] 6574 コンヴァノ: income_stmt=OK, balance_sheet=OK, cashflow=OK, dividends=OK
2026-10-02 07:23:43,414 [INFO] [TIME] 6574 コンヴァノ 処理時間: 0.99s
2026-10-02 07:23:45,117 [DEBUG] [TIME] 6577 info: 0.17s
2026-10-02 07:23:45,117 [DEBUG] yfinance OK: 6577
2026-10-02 07:23:45,286 [DEBUG] [TIME] 6577 income_stmt: 0.17s
2026-10-02 07:23:45,469 [DEBUG] [TIME] 6577 balance_sheet: 0.18s
2026-10-02 07:23:45,696 [DEBUG] [TIME] 6577 cashflow: 0.23s
2026-10-02 07:23:45,853 [DEBUG] [TIME] 6577 dividends: 0.16s
2026-10-02 07:23:45,854 [INFO] [DETAIL] 6577 ベストワンドットコム: income_stmt=OK, balance_sheet=OK, cashflow=OK, dividends=OK
2026-10-02 07:23:45,854 [INFO] [TIME] 6577 ベストワンドットコム 処理時間: 0.91s
2026-10-02 07:23:47,445 [DEBUG] [TIME] 6578 info: 0.18s
2026-10-02 07:23:47,445 [DEBUG] yfinance OK: 6578
2026-10-02 07:23:47,677 [DEBUG] [TIME] 6578 income_stmt: 0.23s
2026-10-02 07:23:47,963 [DEBUG] [TIME] 6578 balance_sheet: 0.29s
2026-10-02 07:23:48,229 [DEBUG] [TIME] 6578 cashflow: 0.26s
2026-10-02 07:23:48,395 [DEBUG] [TIME] 6578 dividends: 0.17s
2026-10-02 07:23:48,396 [INFO] [DETAIL] 6578 コレックホールディングス: income_stmt=OK, balance_sheet=OK, cashflow=OK, dividends=OK
2026-10-02 07:23:48,396 [INFO] [TIME] 6578 コレックホールディングス 処理時間: 1.13s
2026-10-02 07:23:50,128 [DEBUG] [TIME] 6579 info: 0.17s
2026-10-02 07:23:50,128 [DEBUG] yfinance OK: 6579
2026-10-02 07:23:50,289 [DEBUG] [TIME] 6579 income_stmt: 0.16s
2026-10-02 07:23:50,604 [DEBUG] [TIME] 6579 balance_sheet: 0.32s
2026-10-02 07:23:50,817 [DEBUG] [TIME] 6579 cashflow: 0.21s
2026-10-02 07:23:50,949 [DEBUG] [TIME] 6579 dividends: 0.13s
2026-10-02 07:23:50,949 [INFO] [DETAIL] 6579 ログリー: income_stmt=OK, balance_sheet=OK, cashflow=OK, dividends=EMPTY
2026-10-02 07:23:50,949 [INFO] [TIME] 6579 ログリー 処理時間: 0.99s
2026-10-02 07:23:52,425 [DEBUG] [TIME] 6580 info: 0.17s
2026-10-02 07:23:52,425 [DEBUG] yfinance OK: 6580
2026-10-02 07:23:52,594 [DEBUG] [TIME] 6580 income_stmt: 0.17s
2026-10-02 07:23:52,844 [DEBUG] [TIME] 6580 balance_sheet: 0.25s
2026-10-02 07:23:53,040 [DEBUG] [TIME] 6580 cashflow: 0.20s
2026-10-02 07:23:53,188 [DEBUG] [TIME] 6580 dividends: 0.15s
2026-10-02 07:23:53,189 [INFO] [DETAIL] 6580 ライトアップ: income_stmt=OK, balance_sheet=OK, cashflow=OK, dividends=OK
2026-10-02 07:23:53,189 [INFO] [TIME] 6580 ライトアップ 処理時間: 0.94s
2026-10-02 07:23:54,627 [DEBUG] [TIME] 6584 info: 0.18s
2026-10-02 07:23:54,627 [DEBUG] yfinance OK: 6584
2026-10-02 07:23:54,780 [DEBUG] [TIME] 6584 income_stmt: 0.15s
2026-10-02 07:23:54,972 [DEBUG] [TIME] 6584 balance_sheet: 0.19s
2026-10-02 07:23:55,203 [DEBUG] [TIME] 6584 cashflow: 0.23s
2026-10-02 07:23:55,470 [DEBUG] [TIME] 6584 dividends: 0.27s
2026-10-02 07:23:55,471 [INFO] [DETAIL] 6584 三櫻工業: income_stmt=OK, balance_sheet=OK, cashflow=OK, dividends=OK
2026-10-02 07:23:55,471 [INFO] [TIME] 6584 三櫻工業 処理時間: 1.02s
2026-10-02 07:23:56,704 [DEBUG] [TIME] 6586 info: 0.17s
2026-10-02 07:23:56,704 [DEBUG] yfinance OK: 6586
2026-10-02 07:23:56,952 [DEBUG] [TIME] 6586 income_stmt: 0.25s
2026-10-02 07:23:57,113 [DEBUG] [TIME] 6586 balance_sheet: 0.16s
2026-10-02 07:23:57,216 [DEBUG] [TIME] 6586 cashflow: 0.10s
2026-10-02 07:23:57,488 [DEBUG] [TIME] 6586 dividends: 0.27s
2026-10-02 07:23:57,489 [INFO] [DETAIL] 6586 マキタ: income_stmt=OK, balance_sheet=OK, cashflow=OK, dividends=OK
2026-10-02 07:23:57,489 [INFO] [TIME] 6586 マキタ 処理時間: 0.95s
2026-10-02 07:23:58,799 [DEBUG] [TIME] 6588 info: 0.17s
2026-10-02 07:23:58,799 [DEBUG] yfinance OK: 6588
2026-10-02 07:23:59,044 [DEBUG] [TIME] 6588 income_stmt: 0.25s
2026-10-02 07:23:59,225 [DEBUG] [TIME] 6588 balance_sheet: 0.18s
2026-10-02 07:23:59,471 [DEBUG] [TIME] 6588 cashflow: 0.25s
2026-10-02 07:23:59,725 [DEBUG] [TIME] 6588 dividends: 0.25s
2026-10-02 07:23:59,726 [INFO] [DETAIL] 6588 東芝テック: income_stmt=OK, balance_sheet=OK, cashflow=OK, dividends=OK
2026-10-02 07:23:59,726 [INFO] [TIME] 6588 東芝テック 処理時間: 1.10s
2026-10-02 07:24:01,695 [DEBUG] [TIME] 6590 info: 0.19s
2026-10-02 07:24:01,695 [DEBUG] yfinance OK: 6590
2026-10-02 07:24:01,850 [DEBUG] [TIME] 6590 income_stmt: 0.15s
2026-10-02 07:24:02,073 [DEBUG] [TIME] 6590 balance_sheet: 0.22s
2026-10-02 07:24:02,236 [DEBUG] [TIME] 6590 cashflow: 0.16s
2026-10-02 07:24:02,523 [DEBUG] [TIME] 6590 dividends: 0.29s
2026-10-02 07:24:02,524 [INFO] [DETAIL] 6590 芝浦メカトロニクス: income_stmt=OK, balance_sheet=OK, cashflow=OK, dividends=OK
2026-10-02 07:24:02,524 [INFO] [TIME] 6590 芝浦メカトロニクス 処理時間: 1.02s
2026-10-02 07:24:04,196 [DEBUG] [TIME] 6592 info: 0.18s
2026-10-02 07:24:04,196 [DEBUG] yfinance OK: 6592
2026-10-02 07:24:04,348 [DEBUG] [TIME] 6592 income_stmt: 0.15s
2026-10-02 07:24:04,605 [DEBUG] [TIME] 6592 balance_sheet: 0.26s
2026-10-02 07:24:04,735 [DEBUG] [TIME] 6592 cashflow: 0.13s
2026-10-02 07:24:04,999 [DEBUG] [TIME] 6592 dividends: 0.26s
2026-10-02 07:24:05,000 [INFO] [DETAIL] 6592 マブチモーター: income_stmt=OK, balance_sheet=OK, cashflow=OK, dividends=OK
2026-10-02 07:24:05,000 [INFO] [TIME] 6592 マブチモーター 処理時間: 0.98s
2026-10-02 07:24:06,444 [DEBUG] [TIME] 6594 info: 0.20s
2026-10-02 07:24:06,444 [DEBUG] yfinance OK: 6594
2026-10-02 07:24:06,633 [DEBUG] [TIME] 6594 income_stmt: 0.19s
2026-10-02 07:24:06,785 [DEBUG] [TIME] 6594 balance_sheet: 0.15s
2026-10-02 07:24:06,961 [DEBUG] [TIME] 6594 cashflow: 0.18s
2026-10-02 07:24:07,228 [DEBUG] [TIME] 6594 dividends: 0.27s
2026-10-02 07:24:07,229 [INFO] [DETAIL] 6594 ニデック: income_stmt=OK, balance_sheet=OK, cashflow=OK, dividends=OK
2026-10-02 07:24:07,229 [INFO] [TIME] 6594 ニデック 処理時間: 0.99s
2026-10-02 07:24:08,987 [DEBUG] [TIME] 6597 info: 0.18s
2026-10-02 07:24:08,987 [DEBUG] yfinance OK: 6597
2026-10-02 07:24:09,164 [DEBUG] [TIME] 6597 income_stmt: 0.18s
2026-10-02 07:24:09,294 [DEBUG] [TIME] 6597 balance_sheet: 0.13s
2026-10-02 07:24:09,409 [DEBUG] [TIME] 6597 cashflow: 0.11s
2026-10-02 07:24:09,558 [DEBUG] [TIME] 6597 dividends: 0.15s
2026-10-02 07:24:09,559 [INFO] [DETAIL] 6597 ＨＰＣシステムズ: income_stmt=OK, balance_sheet=OK, cashflow=OK, dividends=OK
2026-10-02 07:24:09,559 [INFO] [TIME] 6597 ＨＰＣシステムズ 処理時間: 0.75s
2026-10-02 07:24:11,086 [DEBUG] [TIME] 6599 info: 0.17s
2026-10-02 07:24:11,086 [DEBUG] yfinance OK: 6599
2026-10-02 07:24:11,302 [DEBUG] [TIME] 6599 income_stmt: 0.22s
2026-10-02 07:24:11,567 [DEBUG] [TIME] 6599 balance_sheet: 0.26s
2026-10-02 07:24:11,724 [DEBUG] [TIME] 6599 cashflow: 0.16s
2026-10-02 07:24:11,878 [DEBUG] [TIME] 6599 dividends: 0.15s
2026-10-02 07:24:11,879 [INFO] [DETAIL] 6599 エブレン: income_stmt=OK, balance_sheet=OK, cashflow=OK, dividends=OK
2026-10-02 07:24:11,880 [INFO] [TIME] 6599 エブレン 処理時間: 0.96s
2026-10-02 07:24:13,739 [DEBUG] [TIME] 6612 info: 0.20s
2026-10-02 07:24:13,739 [DEBUG] yfinance OK: 6612
2026-10-02 07:24:13,951 [DEBUG] [TIME] 6612 income_stmt: 0.21s
2026-10-02 07:24:14,281 [DEBUG] [TIME] 6612 balance_sheet: 0.33s
2026-10-02 07:24:14,488 [DEBUG] [TIME] 6612 cashflow: 0.21s
2026-10-02 07:24:14,587 [DEBUG] [TIME] 6612 dividends: 0.10s
2026-10-02 07:24:14,587 [INFO] [DETAIL] 6612 バルミューダ: income_stmt=OK, balance_sheet=OK, cashflow=OK, dividends=EMPTY
2026-10-02 07:24:14,587 [INFO] [TIME] 6612 バルミューダ 処理時間: 1.05s
2026-10-02 07:24:16,153 [DEBUG] [TIME] 6613 info: 0.17s
2026-10-02 07:24:16,153 [DEBUG] yfinance OK: 6613
2026-10-02 07:24:16,371 [DEBUG] [TIME] 6613 income_stmt: 0.22s
2026-10-02 07:24:16,626 [DEBUG] [TIME] 6613 balance_sheet: 0.25s
2026-10-02 07:24:16,857 [DEBUG] [TIME] 6613 cashflow: 0.23s
2026-10-02 07:24:16,959 [DEBUG] [TIME] 6613 dividends: 0.10s
2026-10-02 07:24:16,959 [INFO] [DETAIL] 6613 ＱＤレーザ: income_stmt=OK, balance_sheet=OK, cashflow=OK, dividends=EMPTY
2026-10-02 07:24:16,959 [INFO] [TIME] 6613 ＱＤレーザ 処理時間: 0.98s
2026-10-02 07:24:18,918 [DEBUG] [TIME] 6614 info: 0.17s
2026-10-02 07:24:18,918 [DEBUG] yfinance OK: 6614
2026-10-02 07:24:19,120 [DEBUG] [TIME] 6614 income_stmt: 0.20s
2026-10-02 07:24:19,376 [DEBUG] [TIME] 6614 balance_sheet: 0.26s
2026-10-02 07:24:19,674 [DEBUG] [TIME] 6614 cashflow: 0.30s
2026-10-02 07:24:19,826 [DEBUG] [TIME] 6614 dividends: 0.15s
2026-10-02 07:24:19,827 [INFO] [DETAIL] 6614 シキノハイテック: income_stmt=OK, balance_sheet=OK, cashflow=OK, dividends=OK
2026-10-02 07:24:19,827 [INFO] [TIME] 6614 シキノハイテック 処理時間: 1.08s
2026-10-02 07:24:22,012 [DEBUG] [TIME] 6615 info: 0.18s
2026-10-02 07:24:22,012 [DEBUG] yfinance OK: 6615
2026-10-02 07:24:22,245 [DEBUG] [TIME] 6615 income_stmt: 0.23s
2026-10-02 07:24:22,501 [DEBUG] [TIME] 6615 balance_sheet: 0.26s
2026-10-02 07:24:22,775 [DEBUG] [TIME] 6615 cashflow: 0.27s
2026-10-02 07:24:22,974 [DEBUG] [TIME] 6615 dividends: 0.20s
2026-10-02 07:24:22,975 [INFO] [DETAIL] 6615 ユー・エム・シー・エレクトロニクス: income_stmt=OK, balance_sheet=OK, cashflow=OK, dividends=OK
2026-10-02 07:24:22,975 [INFO] [TIME] 6615 ユー・エム・シー・エレクトロニクス 処理時間: 1.14s
2026-10-02 07:24:24,922 [DEBUG] [TIME] 6616 info: 0.17s
2026-10-02 07:24:24,922 [DEBUG] yfinance OK: 6616
2026-10-02 07:24:25,038 [DEBUG] [TIME] 6616 income_stmt: 0.12s
2026-10-02 07:24:25,172 [DEBUG] [TIME] 6616 balance_sheet: 0.13s
2026-10-02 07:24:25,287 [DEBUG] [TIME] 6616 cashflow: 0.11s
2026-10-02 07:24:25,481 [DEBUG] [TIME] 6616 dividends: 0.19s
2026-10-02 07:24:25,482 [INFO] [DETAIL] 6616 トレックス・セミコンダクター: income_stmt=OK, balance_sheet=OK, cashflow=OK, dividends=OK
2026-10-02 07:24:25,483 [INFO] [TIME] 6616 トレックス・セミコンダクター 処理時間: 0.73s
2026-10-02 07:24:26,988 [DEBUG] [TIME] 6617 info: 0.17s
2026-10-02 07:24:26,989 [DEBUG] yfinance OK: 6617
2026-10-02 07:24:27,144 [DEBUG] [TIME] 6617 income_stmt: 0.16s
2026-10-02 07:24:27,348 [DEBUG] [TIME] 6617 balance_sheet: 0.20s
2026-10-02 07:24:27,510 [DEBUG] [TIME] 6617 cashflow: 0.16s
2026-10-02 07:24:27,705 [DEBUG] [TIME] 6617 dividends: 0.19s
2026-10-02 07:24:27,706 [INFO] [DETAIL] 6617 東光高岳: income_stmt=OK, balance_sheet=OK, cashflow=OK, dividends=OK
2026-10-02 07:24:27,706 [INFO] [TIME] 6617 東光高岳 処理時間: 0.89s
2026-10-02 07:24:29,476 [DEBUG] [TIME] 6619 info: 0.16s
2026-10-02 07:24:29,476 [DEBUG] yfinance OK: 6619
2026-10-02 07:24:29,699 [DEBUG] [TIME] 6619 income_stmt: 0.22s
2026-10-02 07:24:29,892 [DEBUG] [TIME] 6619 balance_sheet: 0.19s
2026-10-02 07:24:30,138 [DEBUG] [TIME] 6619 cashflow: 0.24s
2026-10-02 07:24:30,297 [DEBUG] [TIME] 6619 dividends: 0.16s
2026-10-02 07:24:30,298 [INFO] [DETAIL] 6619 ダブル・スコープ: income_stmt=OK, balance_sheet=OK, cashflow=OK, dividends=OK
2026-10-02 07:24:30,298 [INFO] [TIME] 6619 ダブル・スコープ 処理時間: 0.99s
2026-10-02 07:24:32,119 [DEBUG] [TIME] 6620 info: 0.16s
2026-10-02 07:24:32,120 [DEBUG] yfinance OK: 6620
2026-10-02 07:24:32,295 [DEBUG] [TIME] 6620 income_stmt: 0.18s
2026-10-02 07:24:32,575 [DEBUG] [TIME] 6620 balance_sheet: 0.28s
2026-10-02 07:24:32,778 [DEBUG] [TIME] 6620 cashflow: 0.20s
2026-10-02 07:24:32,998 [DEBUG] [TIME] 6620 dividends: 0.22s
2026-10-02 07:24:32,999 [INFO] [DETAIL] 6620 宮越ホールディングス: income_stmt=OK, balance_sheet=OK, cashflow=OK, dividends=OK
2026-10-02 07:24:32,999 [INFO] [TIME] 6620 宮越ホールディングス 処理時間: 1.04s
2026-10-02 07:24:35,126 [DEBUG] [TIME] 6622 info: 0.16s
2026-10-02 07:24:35,126 [DEBUG] yfinance OK: 6622
2026-10-02 07:24:35,276 [DEBUG] [TIME] 6622 income_stmt: 0.15s
2026-10-02 07:24:35,425 [DEBUG] [TIME] 6622 balance_sheet: 0.15s
2026-10-02 07:24:35,564 [DEBUG] [TIME] 6622 cashflow: 0.14s
2026-10-02 07:24:35,870 [DEBUG] [TIME] 6622 dividends: 0.31s
2026-10-02 07:24:35,871 [INFO] [DETAIL] 6622 ダイヘン: income_stmt=OK, balance_sheet=OK, cashflow=OK, dividends=OK
2026-10-02 07:24:35,871 [INFO] [TIME] 6622 ダイヘン 処理時間: 0.91s
2026-10-02 07:24:37,944 [DEBUG] [TIME] 6625 info: 0.17s
2026-10-02 07:24:37,944 [DEBUG] yfinance OK: 6625
2026-10-02 07:24:38,129 [DEBUG] [TIME] 6625 income_stmt: 0.18s
2026-10-02 07:24:38,323 [DEBUG] [TIME] 6625 balance_sheet: 0.19s
2026-10-02 07:24:38,485 [DEBUG] [TIME] 6625 cashflow: 0.16s
2026-10-02 07:24:38,725 [DEBUG] [TIME] 6625 dividends: 0.24s
2026-10-02 07:24:38,726 [INFO] [DETAIL] 6625 ＪＡＬＣＯホールディングス: income_stmt=OK, balance_sheet=OK, cashflow=OK, dividends=OK
2026-10-02 07:24:38,726 [INFO] [TIME] 6625 ＪＡＬＣＯホールディングス 処理時間: 0.96s
2026-10-02 07:24:40,275 [DEBUG] [TIME] 6626 info: 0.17s
2026-10-02 07:24:40,275 [DEBUG] yfinance OK: 6626
2026-10-02 07:24:40,530 [DEBUG] [TIME] 6626 income_stmt: 0.25s
2026-10-02 07:24:40,698 [DEBUG] [TIME] 6626 balance_sheet: 0.17s
2026-10-02 07:24:40,827 [DEBUG] [TIME] 6626 cashflow: 0.13s
2026-10-02 07:24:41,006 [DEBUG] [TIME] 6626 dividends: 0.18s
2026-10-02 07:24:41,007 [INFO] [DETAIL] 6626 ＳＥＭＩＴＥＣ: income_stmt=OK, balance_sheet=OK, cashflow=OK, dividends=OK
2026-10-02 07:24:41,007 [INFO] [TIME] 6626 ＳＥＭＩＴＥＣ 処理時間: 0.90s
2026-10-02 07:24:42,713 [DEBUG] [TIME] 6627 info: 0.16s
2026-10-02 07:24:42,713 [DEBUG] yfinance OK: 6627
2026-10-02 07:24:42,903 [DEBUG] [TIME] 6627 income_stmt: 0.19s
2026-10-02 07:24:43,114 [DEBUG] [TIME] 6627 balance_sheet: 0.21s
2026-10-02 07:24:43,267 [DEBUG] [TIME] 6627 cashflow: 0.15s
2026-10-02 07:24:43,459 [DEBUG] [TIME] 6627 dividends: 0.19s
2026-10-02 07:24:43,460 [INFO] [DETAIL] 6627 テラプローブ: income_stmt=OK, balance_sheet=OK, cashflow=OK, dividends=OK
2026-10-02 07:24:43,460 [INFO] [TIME] 6627 テラプローブ 処理時間: 0.91s
2026-10-02 07:24:44,998 [DEBUG] [TIME] 6629 info: 0.17s
2026-10-02 07:24:44,998 [DEBUG] yfinance OK: 6629
2026-10-02 07:24:45,215 [DEBUG] [TIME] 6629 income_stmt: 0.22s
2026-10-02 07:24:45,474 [DEBUG] [TIME] 6629 balance_sheet: 0.26s
2026-10-02 07:24:45,688 [DEBUG] [TIME] 6629 cashflow: 0.21s
2026-10-02 07:24:45,903 [DEBUG] [TIME] 6629 dividends: 0.21s
2026-10-02 07:24:45,904 [INFO] [DETAIL] 6629 テクノホライゾン: income_stmt=OK, balance_sheet=OK, cashflow=OK, dividends=OK
2026-10-02 07:24:45,904 [INFO] [TIME] 6629 テクノホライゾン 処理時間: 1.08s
2026-10-02 07:24:47,346 [DEBUG] [TIME] 6630 info: 0.16s
2026-10-02 07:24:47,346 [DEBUG] yfinance OK: 6630
2026-10-02 07:24:47,577 [DEBUG] [TIME] 6630 income_stmt: 0.23s
2026-10-02 07:24:47,870 [DEBUG] [TIME] 6630 balance_sheet: 0.29s
2026-10-02 07:24:48,123 [DEBUG] [TIME] 6630 cashflow: 0.25s
2026-10-02 07:24:48,579 [DEBUG] [TIME] 6630 dividends: 0.46s
2026-10-02 07:24:48,580 [INFO] [DETAIL] 6630 ヤーマン: income_stmt=OK, balance_sheet=OK, cashflow=OK, dividends=OK
2026-10-02 07:24:48,580 [INFO] [TIME] 6630 ヤーマン 処理時間: 1.40s
2026-10-02 07:24:49,781 [DEBUG] [TIME] 6632 info: 0.16s
2026-10-02 07:24:49,781 [DEBUG] yfinance OK: 6632
2026-10-02 07:24:49,924 [DEBUG] [TIME] 6632 income_stmt: 0.14s
2026-10-02 07:24:50,176 [DEBUG] [TIME] 6632 balance_sheet: 0.25s
2026-10-02 07:24:50,329 [DEBUG] [TIME] 6632 cashflow: 0.15s
2026-10-02 07:24:50,555 [DEBUG] [TIME] 6632 dividends: 0.23s
2026-10-02 07:24:50,556 [INFO] [DETAIL] 6632 ＪＶＣケンウッド: income_stmt=OK, balance_sheet=OK, cashflow=OK, dividends=OK
2026-10-02 07:24:50,556 [INFO] [TIME] 6632 ＪＶＣケンウッド 処理時間: 0.94s
2026-10-02 07:24:52,677 [DEBUG] [TIME] 6633 info: 0.19s
2026-10-02 07:24:52,677 [DEBUG] yfinance OK: 6633
2026-10-02 07:24:52,824 [DEBUG] [TIME] 6633 income_stmt: 0.15s
2026-10-02 07:24:52,970 [DEBUG] [TIME] 6633 balance_sheet: 0.15s
2026-10-02 07:24:53,124 [DEBUG] [TIME] 6633 cashflow: 0.15s
2026-10-02 07:24:53,372 [DEBUG] [TIME] 6633 dividends: 0.25s
2026-10-02 07:24:53,373 [INFO] [DETAIL] 6633 ＣＧＳホールディングス: income_stmt=OK, balance_sheet=OK, cashflow=OK, dividends=OK
2026-10-02 07:24:53,373 [INFO] [TIME] 6633 ＣＧＳホールディングス 処理時間: 0.89s
2026-10-02 07:24:55,171 [DEBUG] [TIME] 6634 info: 0.20s
2026-10-02 07:24:55,171 [DEBUG] yfinance OK: 6634
2026-10-02 07:24:55,332 [DEBUG] [TIME] 6634 income_stmt: 0.16s
2026-10-02 07:24:55,597 [DEBUG] [TIME] 6634 balance_sheet: 0.26s
2026-10-02 07:24:55,810 [DEBUG] [TIME] 6634 cashflow: 0.21s
2026-10-02 07:24:55,957 [DEBUG] [TIME] 6634 dividends: 0.15s
2026-10-02 07:24:55,957 [INFO] [DETAIL] 6634 ＪＮグループ: income_stmt=OK, balance_sheet=OK, cashflow=OK, dividends=EMPTY
2026-10-02 07:24:55,957 [INFO] [TIME] 6634 ＪＮグループ 処理時間: 0.99s
2026-10-02 07:24:57,556 [DEBUG] [TIME] 6635 info: 0.22s
2026-10-02 07:24:57,556 [DEBUG] yfinance OK: 6635
2026-10-02 07:24:57,719 [DEBUG] [TIME] 6635 income_stmt: 0.16s
2026-10-02 07:24:57,881 [DEBUG] [TIME] 6635 balance_sheet: 0.16s
2026-10-02 07:24:58,024 [DEBUG] [TIME] 6635 cashflow: 0.14s
2026-10-02 07:24:58,264 [DEBUG] [TIME] 6635 dividends: 0.24s
2026-10-02 07:24:58,265 [INFO] [DETAIL] 6635 大日光・エンジニアリング: income_stmt=OK, balance_sheet=OK, cashflow=OK, dividends=OK
2026-10-02 07:24:58,265 [INFO] [TIME] 6635 大日光・エンジニアリング 処理時間: 0.93s
2026-10-02 07:24:59,702 [DEBUG] [TIME] 6637 info: 0.17s
2026-10-02 07:24:59,702 [DEBUG] yfinance OK: 6637
2026-10-02 07:24:59,861 [DEBUG] [TIME] 6637 income_stmt: 0.16s
2026-10-02 07:25:00,060 [DEBUG] [TIME] 6637 balance_sheet: 0.20s
2026-10-02 07:25:00,317 [DEBUG] [TIME] 6637 cashflow: 0.26s
2026-10-02 07:25:00,531 [DEBUG] [TIME] 6637 dividends: 0.21s
2026-10-02 07:25:00,532 [INFO] [DETAIL] 6637 寺崎電気産業: income_stmt=OK, balance_sheet=OK, cashflow=OK, dividends=OK
2026-10-02 07:25:00,532 [INFO] [TIME] 6637 寺崎電気産業 処理時間: 1.00s
2026-10-02 07:25:02,130 [DEBUG] [TIME] 6638 info: 0.16s
2026-10-02 07:25:02,130 [DEBUG] yfinance OK: 6638
2026-10-02 07:25:02,285 [DEBUG] [TIME] 6638 income_stmt: 0.15s
2026-10-02 07:25:02,460 [DEBUG] [TIME] 6638 balance_sheet: 0.17s
2026-10-02 07:25:02,684 [DEBUG] [TIME] 6638 cashflow: 0.22s
2026-10-02 07:25:02,939 [DEBUG] [TIME] 6638 dividends: 0.25s
2026-10-02 07:25:02,940 [INFO] [DETAIL] 6638 ミマキエンジニアリング: income_stmt=OK, balance_sheet=OK, cashflow=OK, dividends=OK
2026-10-02 07:25:02,941 [INFO] [TIME] 6638 ミマキエンジニアリング 処理時間: 0.98s
2026-10-02 07:25:04,904 [DEBUG] [TIME] 6643 info: 0.17s
2026-10-02 07:25:04,904 [DEBUG] yfinance OK: 6643
2026-10-02 07:25:05,057 [DEBUG] [TIME] 6643 income_stmt: 0.15s
2026-10-02 07:25:05,334 [DEBUG] [TIME] 6643 balance_sheet: 0.28s
2026-10-02 07:25:05,557 [DEBUG] [TIME] 6643 cashflow: 0.22s
2026-10-02 07:25:05,823 [DEBUG] [TIME] 6643 dividends: 0.27s
2026-10-02 07:25:05,824 [INFO] [DETAIL] 6643 戸上電機製作所: income_stmt=OK, balance_sheet=OK, cashflow=OK, dividends=OK
2026-10-02 07:25:05,825 [INFO] [TIME] 6643 戸上電機製作所 処理時間: 1.09s
2026-10-02 07:25:07,692 [DEBUG] [TIME] 6644 info: 0.17s
2026-10-02 07:25:07,692 [DEBUG] yfinance OK: 6644
2026-10-02 07:25:07,851 [DEBUG] [TIME] 6644 income_stmt: 0.16s
2026-10-02 07:25:08,097 [DEBUG] [TIME] 6644 balance_sheet: 0.24s
2026-10-02 07:25:08,268 [DEBUG] [TIME] 6644 cashflow: 0.17s
2026-10-02 07:25:08,543 [DEBUG] [TIME] 6644 dividends: 0.27s
2026-10-02 07:25:08,544 [INFO] [DETAIL] 6644 大崎電気工業: income_stmt=OK, balance_sheet=OK, cashflow=OK, dividends=OK
2026-10-02 07:25:08,544 [INFO] [TIME] 6644 大崎電気工業 処理時間: 1.02s
2026-10-02 07:25:10,278 [DEBUG] [TIME] 6645 info: 0.17s
2026-10-02 07:25:10,278 [DEBUG] yfinance OK: 6645
2026-10-02 07:25:10,433 [DEBUG] [TIME] 6645 income_stmt: 0.15s
2026-10-02 07:25:10,607 [DEBUG] [TIME] 6645 balance_sheet: 0.17s
2026-10-02 07:25:10,736 [DEBUG] [TIME] 6645 cashflow: 0.13s
2026-10-02 07:25:11,011 [DEBUG] [TIME] 6645 dividends: 0.27s
2026-10-02 07:25:11,012 [INFO] [DETAIL] 6645 オムロン: income_stmt=OK, balance_sheet=OK, cashflow=OK, dividends=OK
2026-10-02 07:25:11,012 [INFO] [TIME] 6645 オムロン 処理時間: 0.90s
2026-10-02 07:25:12,631 [DEBUG] [TIME] 6647 info: 0.18s
2026-10-02 07:25:12,631 [DEBUG] yfinance OK: 6647
2026-10-02 07:25:12,845 [DEBUG] [TIME] 6647 income_stmt: 0.21s
2026-10-02 07:25:13,044 [DEBUG] [TIME] 6647 balance_sheet: 0.20s
2026-10-02 07:25:13,177 [DEBUG] [TIME] 6647 cashflow: 0.13s
2026-10-02 07:25:13,461 [DEBUG] [TIME] 6647 dividends: 0.28s
2026-10-02 07:25:13,462 [INFO] [DETAIL] 6647 森尾電機: income_stmt=OK, balance_sheet=OK, cashflow=OK, dividends=OK
2026-10-02 07:25:13,462 [INFO] [TIME] 6647 森尾電機 処理時間: 1.01s
2026-10-02 07:25:15,520 [DEBUG] [TIME] 6648 info: 0.18s
2026-10-02 07:25:15,520 [DEBUG] yfinance OK: 6648
2026-10-02 07:25:15,739 [DEBUG] [TIME] 6648 income_stmt: 0.22s
2026-10-02 07:25:15,952 [DEBUG] [TIME] 6648 balance_sheet: 0.21s
2026-10-02 07:25:16,164 [DEBUG] [TIME] 6648 cashflow: 0.21s
2026-10-02 07:25:16,417 [DEBUG] [TIME] 6648 dividends: 0.25s
2026-10-02 07:25:16,418 [INFO] [DETAIL] 6648 かわでん: income_stmt=OK, balance_sheet=OK, cashflow=OK, dividends=OK
2026-10-02 07:25:16,418 [INFO] [TIME] 6648 かわでん 処理時間: 1.08s
2026-10-02 07:25:17,843 [DEBUG] [TIME] 6651 info: 0.17s
2026-10-02 07:25:17,843 [DEBUG] yfinance OK: 6651
2026-10-02 07:25:18,013 [DEBUG] [TIME] 6651 income_stmt: 0.17s
2026-10-02 07:25:18,187 [DEBUG] [TIME] 6651 balance_sheet: 0.17s
2026-10-02 07:25:18,339 [DEBUG] [TIME] 6651 cashflow: 0.15s
2026-10-02 07:25:18,620 [DEBUG] [TIME] 6651 dividends: 0.28s
2026-10-02 07:25:18,621 [INFO] [DETAIL] 6651 日東工業: income_stmt=OK, balance_sheet=OK, cashflow=OK, dividends=OK
2026-10-02 07:25:18,622 [INFO] [TIME] 6651 日東工業 処理時間: 0.95s
2026-10-02 07:25:20,571 [DEBUG] [TIME] 6652 info: 0.18s
2026-10-02 07:25:20,571 [DEBUG] yfinance OK: 6652
2026-10-02 07:25:20,729 [DEBUG] [TIME] 6652 income_stmt: 0.16s
2026-10-02 07:25:20,916 [DEBUG] [TIME] 6652 balance_sheet: 0.19s
2026-10-02 07:25:21,065 [DEBUG] [TIME] 6652 cashflow: 0.15s
2026-10-02 07:25:21,361 [DEBUG] [TIME] 6652 dividends: 0.30s
2026-10-02 07:25:21,363 [INFO] [DETAIL] 6652 ＩＤＥＣ: income_stmt=OK, balance_sheet=OK, cashflow=OK, dividends=OK
2026-10-02 07:25:21,363 [INFO] [TIME] 6652 ＩＤＥＣ 処理時間: 0.98s
2026-10-02 07:25:22,739 [DEBUG] [TIME] 6653 info: 0.17s
2026-10-02 07:25:22,739 [DEBUG] yfinance OK: 6653
2026-10-02 07:25:22,976 [DEBUG] [TIME] 6653 income_stmt: 0.24s
2026-10-02 07:25:23,180 [DEBUG] [TIME] 6653 balance_sheet: 0.20s
2026-10-02 07:25:23,317 [DEBUG] [TIME] 6653 cashflow: 0.14s
2026-10-02 07:25:23,473 [DEBUG] [TIME] 6653 dividends: 0.16s
2026-10-02 07:25:23,474 [INFO] [DETAIL] 6653 正興電機製作所: income_stmt=OK, balance_sheet=OK, cashflow=OK, dividends=OK
2026-10-02 07:25:23,474 [INFO] [TIME] 6653 正興電機製作所 処理時間: 0.90s
2026-10-02 07:25:25,397 [DEBUG] [TIME] 6654 info: 0.18s
2026-10-02 07:25:25,397 [DEBUG] yfinance OK: 6654
2026-10-02 07:25:25,564 [DEBUG] [TIME] 6654 income_stmt: 0.17s
2026-10-02 07:25:25,847 [DEBUG] [TIME] 6654 balance_sheet: 0.28s
2026-10-02 07:25:25,987 [DEBUG] [TIME] 6654 cashflow: 0.14s
2026-10-02 07:25:26,217 [DEBUG] [TIME] 6654 dividends: 0.23s
2026-10-02 07:25:26,218 [INFO] [DETAIL] 6654 不二電機工業: income_stmt=OK, balance_sheet=OK, cashflow=OK, dividends=OK
2026-10-02 07:25:26,218 [INFO] [TIME] 6654 不二電機工業 処理時間: 1.00s
2026-10-02 07:25:27,587 [DEBUG] [TIME] 6656 info: 0.18s
2026-10-02 07:25:27,587 [DEBUG] yfinance OK: 6656
2026-10-02 07:25:27,750 [DEBUG] [TIME] 6656 income_stmt: 0.16s
2026-10-02 07:25:27,944 [DEBUG] [TIME] 6656 balance_sheet: 0.19s
2026-10-02 07:25:28,093 [DEBUG] [TIME] 6656 cashflow: 0.15s
2026-10-02 07:25:28,275 [DEBUG] [TIME] 6656 dividends: 0.18s
2026-10-02 07:25:28,276 [INFO] [DETAIL] 6656 インスペック: income_stmt=OK, balance_sheet=OK, cashflow=OK, dividends=OK
2026-10-02 07:25:28,276 [INFO] [TIME] 6656 インスペック 処理時間: 0.87s
2026-10-02 07:25:29,719 [DEBUG] [TIME] 6658 info: 0.17s
2026-10-02 07:25:29,720 [DEBUG] yfinance OK: 6658
2026-10-02 07:25:29,866 [DEBUG] [TIME] 6658 income_stmt: 0.15s
2026-10-02 07:25:30,048 [DEBUG] [TIME] 6658 balance_sheet: 0.18s
2026-10-02 07:25:30,281 [DEBUG] [TIME] 6658 cashflow: 0.23s
2026-10-02 07:25:30,514 [DEBUG] [TIME] 6658 dividends: 0.23s
2026-10-02 07:25:30,515 [INFO] [DETAIL] 6658 シライ電子工業: income_stmt=OK, balance_sheet=OK, cashflow=OK, dividends=OK
2026-10-02 07:25:30,515 [INFO] [TIME] 6658 シライ電子工業 処理時間: 0.97s
2026-10-02 07:25:32,536 [DEBUG] [TIME] 6659 info: 0.22s
2026-10-02 07:25:32,536 [DEBUG] yfinance OK: 6659
2026-10-02 07:25:32,725 [DEBUG] [TIME] 6659 income_stmt: 0.19s
2026-10-02 07:25:32,902 [DEBUG] [TIME] 6659 balance_sheet: 0.18s
2026-10-02 07:25:33,046 [DEBUG] [TIME] 6659 cashflow: 0.14s
2026-10-02 07:25:33,201 [DEBUG] [TIME] 6659 dividends: 0.15s
2026-10-02 07:25:33,201 [INFO] [DETAIL] 6659 メディアリンクス: income_stmt=OK, balance_sheet=OK, cashflow=OK, dividends=EMPTY
2026-10-02 07:25:33,201 [INFO] [TIME] 6659 メディアリンクス 処理時間: 0.88s
2026-10-02 07:25:34,698 [DEBUG] [TIME] 6662 info: 0.17s
2026-10-02 07:25:34,699 [DEBUG] yfinance OK: 6662
2026-10-02 07:25:34,872 [DEBUG] [TIME] 6662 income_stmt: 0.17s
2026-10-02 07:25:35,012 [DEBUG] [TIME] 6662 balance_sheet: 0.14s
2026-10-02 07:25:35,246 [DEBUG] [TIME] 6662 cashflow: 0.23s
2026-10-02 07:25:35,498 [DEBUG] [TIME] 6662 dividends: 0.25s
2026-10-02 07:25:35,499 [INFO] [DETAIL] 6662 ユビテック: income_stmt=OK, balance_sheet=OK, cashflow=OK, dividends=OK
2026-10-02 07:25:35,499 [INFO] [TIME] 6662 ユビテック 処理時間: 0.97s
2026-10-02 07:25:36,834 [DEBUG] [TIME] 6663 info: 0.17s
2026-10-02 07:25:36,835 [DEBUG] yfinance OK: 6663
2026-10-02 07:25:37,051 [DEBUG] [TIME] 6663 income_stmt: 0.22s
2026-10-02 07:25:37,318 [DEBUG] [TIME] 6663 balance_sheet: 0.27s
2026-10-02 07:25:37,532 [DEBUG] [TIME] 6663 cashflow: 0.21s
2026-10-02 07:25:37,780 [DEBUG] [TIME] 6663 dividends: 0.25s
2026-10-02 07:25:37,781 [INFO] [DETAIL] 6663 太洋テクノレックス: income_stmt=OK, balance_sheet=OK, cashflow=OK, dividends=OK
2026-10-02 07:25:37,781 [INFO] [TIME] 6663 太洋テクノレックス 処理時間: 1.12s
2026-10-02 07:25:39,522 [DEBUG] [TIME] 6664 info: 0.20s
2026-10-02 07:25:39,522 [DEBUG] yfinance OK: 6664
2026-10-02 07:25:39,770 [DEBUG] [TIME] 6664 income_stmt: 0.25s
2026-10-02 07:25:39,960 [DEBUG] [TIME] 6664 balance_sheet: 0.19s
2026-10-02 07:25:40,107 [DEBUG] [TIME] 6664 cashflow: 0.15s
2026-10-02 07:25:40,324 [DEBUG] [TIME] 6664 dividends: 0.22s
2026-10-02 07:25:40,325 [INFO] [DETAIL] 6664 オプトエレクトロニクス: income_stmt=OK, balance_sheet=OK, cashflow=OK, dividends=OK
2026-10-02 07:25:40,325 [INFO] [TIME] 6664 オプトエレクトロニクス 処理時間: 1.01s
2026-10-02 07:25:42,080 [DEBUG] [TIME] 6666 info: 0.20s
2026-10-02 07:25:42,080 [DEBUG] yfinance OK: 6666
2026-10-02 07:25:42,247 [DEBUG] [TIME] 6666 income_stmt: 0.17s
2026-10-02 07:25:42,451 [DEBUG] [TIME] 6666 balance_sheet: 0.20s
2026-10-02 07:25:42,676 [DEBUG] [TIME] 6666 cashflow: 0.22s
2026-10-02 07:25:42,940 [DEBUG] [TIME] 6666 dividends: 0.26s
2026-10-02 07:25:42,941 [INFO] [DETAIL] 6666 リバーエレテック: income_stmt=OK, balance_sheet=OK, cashflow=OK, dividends=OK
2026-10-02 07:25:42,942 [INFO] [TIME] 6666 リバーエレテック 処理時間: 1.06s
2026-10-02 07:25:44,818 [DEBUG] [TIME] 6668 info: 0.16s
2026-10-02 07:25:44,818 [DEBUG] yfinance OK: 6668
2026-10-02 07:25:45,019 [DEBUG] [TIME] 6668 income_stmt: 0.20s
2026-10-02 07:25:45,312 [DEBUG] [TIME] 6668 balance_sheet: 0.29s
2026-10-02 07:25:45,557 [DEBUG] [TIME] 6668 cashflow: 0.24s
2026-10-02 07:25:45,783 [DEBUG] [TIME] 6668 dividends: 0.23s
2026-10-02 07:25:45,784 [INFO] [DETAIL] 6668 アドテック　プラズマ　テクノロジー: income_stmt=OK, balance_sheet=OK, cashflow=OK, dividends=OK
2026-10-02 07:25:45,784 [INFO] [TIME] 6668 アドテック　プラズマ　テクノロジー 処理時間: 1.13s
2026-10-02 07:25:47,977 [DEBUG] [TIME] 6670 info: 0.27s
2026-10-02 07:25:47,977 [WARNING] yfinance データなし: 6670
2026-10-02 07:25:47,977 [INFO] [TIME] 6670 ＭＣＪ 処理時間: 0.27s
2026-10-02 07:25:49,814 [DEBUG] [TIME] 6674 info: 0.18s
2026-10-02 07:25:49,814 [DEBUG] yfinance OK: 6674
2026-10-02 07:25:50,046 [DEBUG] [TIME] 6674 income_stmt: 0.23s
2026-10-02 07:25:50,346 [DEBUG] [TIME] 6674 balance_sheet: 0.30s
2026-10-02 07:25:50,561 [DEBUG] [TIME] 6674 cashflow: 0.21s
2026-10-02 07:25:50,820 [DEBUG] [TIME] 6674 dividends: 0.26s
2026-10-02 07:25:50,821 [INFO] [DETAIL] 6674 ジーエス・ユアサ　コーポレーション: income_stmt=OK, balance_sheet=OK, cashflow=OK, dividends=OK
2026-10-02 07:25:50,821 [INFO] [TIME] 6674 ジーエス・ユアサ　コーポレーション 処理時間: 1.19s
2026-10-02 07:25:52,498 [DEBUG] [TIME] 6675 info: 0.23s
2026-10-02 07:25:52,498 [DEBUG] yfinance OK: 6675
2026-10-02 07:25:52,698 [DEBUG] [TIME] 6675 income_stmt: 0.20s
2026-10-02 07:25:52,986 [DEBUG] [TIME] 6675 balance_sheet: 0.29s
2026-10-02 07:25:53,228 [DEBUG] [TIME] 6675 cashflow: 0.24s
2026-10-02 07:25:53,504 [DEBUG] [TIME] 6675 dividends: 0.28s
2026-10-02 07:25:53,505 [INFO] [DETAIL] 6675 サクサ: income_stmt=OK, balance_sheet=OK, cashflow=OK, dividends=OK
2026-10-02 07:25:53,505 [INFO] [TIME] 6675 サクサ 処理時間: 1.23s
2026-10-02 07:25:54,765 [DEBUG] [TIME] 6676 info: 0.16s
2026-10-02 07:25:54,765 [DEBUG] yfinance OK: 6676
2026-10-02 07:25:54,974 [DEBUG] [TIME] 6676 income_stmt: 0.21s
2026-10-02 07:25:55,226 [DEBUG] [TIME] 6676 balance_sheet: 0.25s
2026-10-02 07:25:55,413 [DEBUG] [TIME] 6676 cashflow: 0.19s
2026-10-02 07:25:55,673 [DEBUG] [TIME] 6676 dividends: 0.26s
2026-10-02 07:25:55,674 [INFO] [DETAIL] 6676 ＢＵＦＦＡＬＯ: income_stmt=OK, balance_sheet=OK, cashflow=OK, dividends=OK
2026-10-02 07:25:55,674 [INFO] [TIME] 6676 ＢＵＦＦＡＬＯ 処理時間: 1.07s
2026-10-02 07:25:57,846 [DEBUG] [TIME] 6677 info: 0.17s
2026-10-02 07:25:57,846 [DEBUG] yfinance OK: 6677
2026-10-02 07:25:57,983 [DEBUG] [TIME] 6677 income_stmt: 0.14s
2026-10-02 07:25:58,227 [DEBUG] [TIME] 6677 balance_sheet: 0.24s
2026-10-02 07:25:58,415 [DEBUG] [TIME] 6677 cashflow: 0.19s
2026-10-02 07:25:58,665 [DEBUG] [TIME] 6677 dividends: 0.25s
2026-10-02 07:25:58,666 [INFO] [DETAIL] 6677 エスケーエレクトロニクス: income_stmt=OK, balance_sheet=OK, cashflow=OK, dividends=OK
2026-10-02 07:25:58,666 [INFO] [TIME] 6677 エスケーエレクトロニクス 処理時間: 0.99s
2026-10-02 07:25:59,959 [DEBUG] [TIME] 6678 info: 0.17s
2026-10-02 07:25:59,959 [DEBUG] yfinance OK: 6678
2026-10-02 07:26:00,137 [DEBUG] [TIME] 6678 income_stmt: 0.18s
2026-10-02 07:26:00,354 [DEBUG] [TIME] 6678 balance_sheet: 0.22s
2026-10-02 07:26:00,516 [DEBUG] [TIME] 6678 cashflow: 0.16s
2026-10-02 07:26:00,736 [DEBUG] [TIME] 6678 dividends: 0.22s
2026-10-02 07:26:00,737 [INFO] [DETAIL] 6678 テクノメディカ: income_stmt=OK, balance_sheet=OK, cashflow=OK, dividends=OK
2026-10-02 07:26:00,737 [INFO] [TIME] 6678 テクノメディカ 処理時間: 0.95s
2026-10-02 07:26:01,992 [DEBUG] [TIME] 6694 info: 0.17s
2026-10-02 07:26:01,992 [DEBUG] yfinance OK: 6694
2026-10-02 07:26:02,236 [DEBUG] [TIME] 6694 income_stmt: 0.24s
2026-10-02 07:26:02,507 [DEBUG] [TIME] 6694 balance_sheet: 0.27s
2026-10-02 07:26:02,730 [DEBUG] [TIME] 6694 cashflow: 0.22s
2026-10-02 07:26:02,905 [DEBUG] [TIME] 6694 dividends: 0.17s
2026-10-02 07:26:02,906 [INFO] [DETAIL] 6694 ズーム: income_stmt=OK, balance_sheet=OK, cashflow=OK, dividends=OK
2026-10-02 07:26:02,906 [INFO] [TIME] 6694 ズーム 処理時間: 1.08s
2026-10-02 07:26:04,813 [DEBUG] [TIME] 6696 info: 0.17s
2026-10-02 07:26:04,813 [DEBUG] yfinance OK: 6696
2026-10-02 07:26:05,010 [DEBUG] [TIME] 6696 income_stmt: 0.20s
2026-10-02 07:26:05,267 [DEBUG] [TIME] 6696 balance_sheet: 0.26s
2026-10-02 07:26:05,509 [DEBUG] [TIME] 6696 cashflow: 0.24s
2026-10-02 07:26:05,639 [DEBUG] [TIME] 6696 dividends: 0.13s
2026-10-02 07:26:05,639 [INFO] [DETAIL] 6696 トラース・オン・プロダクト: income_stmt=OK, balance_sheet=OK, cashflow=OK, dividends=EMPTY
2026-10-02 07:26:05,639 [INFO] [TIME] 6696 トラース・オン・プロダクト 処理時間: 1.00s
2026-10-02 07:26:07,274 [DEBUG] [TIME] 6699 info: 0.17s
2026-10-02 07:26:07,275 [DEBUG] yfinance OK: 6699
2026-10-02 07:26:07,436 [DEBUG] [TIME] 6699 income_stmt: 0.16s
2026-10-02 07:26:07,703 [DEBUG] [TIME] 6699 balance_sheet: 0.27s
2026-10-02 07:26:07,900 [DEBUG] [TIME] 6699 cashflow: 0.20s
2026-10-02 07:26:08,048 [DEBUG] [TIME] 6699 dividends: 0.15s
2026-10-02 07:26:08,049 [INFO] [DETAIL] 6699 ダイヤモンドエレクトリックホールディングス: income_stmt=OK, balance_sheet=OK, cashflow=OK, dividends=OK
2026-10-02 07:26:08,049 [INFO] [TIME] 6699 ダイヤモンドエレクトリックホールディングス 処理時間: 0.95s
2026-10-02 07:26:09,314 [DEBUG] [TIME] 6701 info: 0.18s
2026-10-02 07:26:09,314 [DEBUG] yfinance OK: 6701
2026-10-02 07:26:09,480 [DEBUG] [TIME] 6701 income_stmt: 0.17s
2026-10-02 07:26:09,671 [DEBUG] [TIME] 6701 balance_sheet: 0.19s
2026-10-02 07:26:09,816 [DEBUG] [TIME] 6701 cashflow: 0.14s
2026-10-02 07:26:10,133 [DEBUG] [TIME] 6701 dividends: 0.32s
2026-10-02 07:26:10,134 [INFO] [DETAIL] 6701 日本電気: income_stmt=OK, balance_sheet=OK, cashflow=OK, dividends=OK
2026-10-02 07:26:10,135 [INFO] [TIME] 6701 日本電気 処理時間: 1.00s
2026-10-02 07:26:11,951 [DEBUG] [TIME] 6702 info: 0.16s
2026-10-02 07:26:11,952 [DEBUG] yfinance OK: 6702
2026-10-02 07:26:12,183 [DEBUG] [TIME] 6702 income_stmt: 0.23s
2026-10-02 07:26:12,341 [DEBUG] [TIME] 6702 balance_sheet: 0.16s
2026-10-02 07:26:12,498 [DEBUG] [TIME] 6702 cashflow: 0.16s
2026-10-02 07:26:12,810 [DEBUG] [TIME] 6702 dividends: 0.31s
2026-10-02 07:26:12,811 [INFO] [DETAIL] 6702 富士通: income_stmt=OK, balance_sheet=OK, cashflow=OK, dividends=OK
2026-10-02 07:26:12,811 [INFO] [TIME] 6702 富士通 処理時間: 1.02s
2026-10-02 07:26:14,884 [DEBUG] [TIME] 6703 info: 0.22s
2026-10-02 07:26:14,884 [DEBUG] yfinance OK: 6703
2026-10-02 07:26:15,043 [DEBUG] [TIME] 6703 income_stmt: 0.16s
2026-10-02 07:26:15,294 [DEBUG] [TIME] 6703 balance_sheet: 0.25s
2026-10-02 07:26:15,427 [DEBUG] [TIME] 6703 cashflow: 0.13s
2026-10-02 07:26:15,707 [DEBUG] [TIME] 6703 dividends: 0.28s
2026-10-02 07:26:15,708 [INFO] [DETAIL] 6703 沖電気工業: income_stmt=OK, balance_sheet=OK, cashflow=OK, dividends=OK
2026-10-02 07:26:15,708 [INFO] [TIME] 6703 沖電気工業 処理時間: 1.04s
2026-10-02 07:26:17,210 [DEBUG] [TIME] 6706 info: 0.16s
2026-10-02 07:26:17,210 [DEBUG] yfinance OK: 6706
2026-10-02 07:26:17,406 [DEBUG] [TIME] 6706 income_stmt: 0.20s
2026-10-02 07:26:17,659 [DEBUG] [TIME] 6706 balance_sheet: 0.25s
2026-10-02 07:26:17,823 [DEBUG] [TIME] 6706 cashflow: 0.16s
2026-10-02 07:26:18,077 [DEBUG] [TIME] 6706 dividends: 0.25s
2026-10-02 07:26:18,078 [INFO] [DETAIL] 6706 電気興業: income_stmt=OK, balance_sheet=OK, cashflow=OK, dividends=OK
2026-10-02 07:26:18,078 [INFO] [TIME] 6706 電気興業 処理時間: 1.03s
2026-10-02 07:26:19,595 [DEBUG] [TIME] 6707 info: 0.17s
2026-10-02 07:26:19,595 [DEBUG] yfinance OK: 6707
2026-10-02 07:26:19,742 [DEBUG] [TIME] 6707 income_stmt: 0.15s
2026-10-02 07:26:19,923 [DEBUG] [TIME] 6707 balance_sheet: 0.18s
2026-10-02 07:26:20,111 [DEBUG] [TIME] 6707 cashflow: 0.19s
2026-10-02 07:26:20,374 [DEBUG] [TIME] 6707 dividends: 0.26s
2026-10-02 07:26:20,375 [INFO] [DETAIL] 6707 サンケン電気: income_stmt=OK, balance_sheet=OK, cashflow=OK, dividends=OK
2026-10-02 07:26:20,375 [INFO] [TIME] 6707 サンケン電気 処理時間: 0.95s
2026-10-02 07:26:22,465 [DEBUG] [TIME] 6718 info: 0.19s
2026-10-02 07:26:22,465 [DEBUG] yfinance OK: 6718
2026-10-02 07:26:22,609 [DEBUG] [TIME] 6718 income_stmt: 0.14s
2026-10-02 07:26:22,756 [DEBUG] [TIME] 6718 balance_sheet: 0.15s
2026-10-02 07:26:22,997 [DEBUG] [TIME] 6718 cashflow: 0.24s
2026-10-02 07:26:23,284 [DEBUG] [TIME] 6718 dividends: 0.29s
2026-10-02 07:26:23,285 [INFO] [DETAIL] 6718 アイホン: income_stmt=OK, balance_sheet=OK, cashflow=OK, dividends=OK
2026-10-02 07:26:23,285 [INFO] [TIME] 6718 アイホン 処理時間: 1.00s
2026-10-02 07:26:24,578 [DEBUG] [TIME] 6721 info: 0.16s
2026-10-02 07:26:24,578 [DEBUG] yfinance OK: 6721
2026-10-02 07:26:24,750 [DEBUG] [TIME] 6721 income_stmt: 0.17s
2026-10-02 07:26:24,901 [DEBUG] [TIME] 6721 balance_sheet: 0.15s
2026-10-02 07:26:25,125 [DEBUG] [TIME] 6721 cashflow: 0.22s
2026-10-02 07:26:25,308 [DEBUG] [TIME] 6721 dividends: 0.18s
2026-10-02 07:26:25,309 [INFO] [DETAIL] 6721 ウインテスト: income_stmt=OK, balance_sheet=OK, cashflow=OK, dividends=EMPTY
2026-10-02 07:26:25,309 [INFO] [TIME] 6721 ウインテスト 処理時間: 0.89s
2026-10-02 07:26:27,449 [DEBUG] [TIME] 6723 info: 0.20s
2026-10-02 07:26:27,449 [DEBUG] yfinance OK: 6723
2026-10-02 07:26:27,616 [DEBUG] [TIME] 6723 income_stmt: 0.17s
2026-10-02 07:26:27,792 [DEBUG] [TIME] 6723 balance_sheet: 0.18s
2026-10-02 07:26:28,028 [DEBUG] [TIME] 6723 cashflow: 0.24s
2026-10-02 07:26:28,248 [DEBUG] [TIME] 6723 dividends: 0.22s
2026-10-02 07:26:28,249 [INFO] [DETAIL] 6723 ルネサスエレクトロニクス: income_stmt=OK, balance_sheet=OK, cashflow=OK, dividends=OK
2026-10-02 07:26:28,249 [INFO] [TIME] 6723 ルネサスエレクトロニクス 処理時間: 1.00s
2026-10-02 07:26:30,016 [DEBUG] [TIME] 6724 info: 0.17s
2026-10-02 07:26:30,016 [DEBUG] yfinance OK: 6724
2026-10-02 07:26:30,151 [DEBUG] [TIME] 6724 income_stmt: 0.14s
2026-10-02 07:26:30,292 [DEBUG] [TIME] 6724 balance_sheet: 0.14s
2026-10-02 07:26:30,514 [DEBUG] [TIME] 6724 cashflow: 0.22s
2026-10-02 07:26:30,794 [DEBUG] [TIME] 6724 dividends: 0.28s
2026-10-02 07:26:30,795 [INFO] [DETAIL] 6724 セイコーエプソン: income_stmt=OK, balance_sheet=OK, cashflow=OK, dividends=OK
2026-10-02 07:26:30,795 [INFO] [TIME] 6724 セイコーエプソン 処理時間: 0.94s
2026-10-02 07:26:32,424 [DEBUG] [TIME] 6727 info: 0.18s
2026-10-02 07:26:32,424 [DEBUG] yfinance OK: 6727
2026-10-02 07:26:32,644 [DEBUG] [TIME] 6727 income_stmt: 0.22s
2026-10-02 07:26:32,812 [DEBUG] [TIME] 6727 balance_sheet: 0.17s
2026-10-02 07:26:33,020 [DEBUG] [TIME] 6727 cashflow: 0.21s
2026-10-02 07:26:33,274 [DEBUG] [TIME] 6727 dividends: 0.25s
2026-10-02 07:26:33,275 [INFO] [DETAIL] 6727 ワコム: income_stmt=OK, balance_sheet=OK, cashflow=OK, dividends=OK
2026-10-02 07:26:33,275 [INFO] [TIME] 6727 ワコム 処理時間: 1.03s
2026-10-02 07:26:35,166 [DEBUG] [TIME] 6728 info: 0.19s
2026-10-02 07:26:35,166 [DEBUG] yfinance OK: 6728
2026-10-02 07:26:35,356 [DEBUG] [TIME] 6728 income_stmt: 0.19s
2026-10-02 07:26:35,513 [DEBUG] [TIME] 6728 balance_sheet: 0.16s
2026-10-02 07:26:35,712 [DEBUG] [TIME] 6728 cashflow: 0.20s
2026-10-02 07:26:35,935 [DEBUG] [TIME] 6728 dividends: 0.22s
2026-10-02 07:26:35,936 [INFO] [DETAIL] 6728 アルバック: income_stmt=OK, balance_sheet=OK, cashflow=OK, dividends=OK
2026-10-02 07:26:35,936 [INFO] [TIME] 6728 アルバック 処理時間: 0.96s
2026-10-02 07:26:37,594 [DEBUG] [TIME] 6730 info: 0.17s
2026-10-02 07:26:37,594 [DEBUG] yfinance OK: 6730
2026-10-02 07:26:37,812 [DEBUG] [TIME] 6730 income_stmt: 0.22s
2026-10-02 07:26:38,020 [DEBUG] [TIME] 6730 balance_sheet: 0.21s
2026-10-02 07:26:38,167 [DEBUG] [TIME] 6730 cashflow: 0.15s
2026-10-02 07:26:38,415 [DEBUG] [TIME] 6730 dividends: 0.25s
2026-10-02 07:26:38,416 [INFO] [DETAIL] 6730 アクセル: income_stmt=OK, balance_sheet=OK, cashflow=OK, dividends=OK
2026-10-02 07:26:38,416 [INFO] [TIME] 6730 アクセル 処理時間: 0.99s
2026-10-02 07:26:39,665 [DEBUG] [TIME] 6731 info: 0.17s
2026-10-02 07:26:39,665 [DEBUG] yfinance OK: 6731
2026-10-02 07:26:39,888 [DEBUG] [TIME] 6731 income_stmt: 0.22s
2026-10-02 07:26:40,131 [DEBUG] [TIME] 6731 balance_sheet: 0.24s
2026-10-02 07:26:40,363 [DEBUG] [TIME] 6731 cashflow: 0.23s
2026-10-02 07:26:40,557 [DEBUG] [TIME] 6731 dividends: 0.19s
2026-10-02 07:26:40,557 [INFO] [DETAIL] 6731 ピクセラ: income_stmt=OK, balance_sheet=OK, cashflow=OK, dividends=EMPTY
2026-10-02 07:26:40,557 [INFO] [TIME] 6731 ピクセラ 処理時間: 1.06s
2026-10-02 07:26:42,530 [DEBUG] [TIME] 6736 info: 0.16s
2026-10-02 07:26:42,530 [DEBUG] yfinance OK: 6736
2026-10-02 07:26:42,690 [DEBUG] [TIME] 6736 income_stmt: 0.16s
2026-10-02 07:26:42,870 [DEBUG] [TIME] 6736 balance_sheet: 0.18s
2026-10-02 07:26:43,015 [DEBUG] [TIME] 6736 cashflow: 0.14s
2026-10-02 07:26:43,289 [DEBUG] [TIME] 6736 dividends: 0.27s
2026-10-02 07:26:43,290 [INFO] [DETAIL] 6736 サン電子: income_stmt=OK, balance_sheet=OK, cashflow=OK, dividends=OK
2026-10-02 07:26:43,290 [INFO] [TIME] 6736 サン電子 処理時間: 0.92s
2026-10-02 07:26:45,457 [DEBUG] [TIME] 6737 info: 0.18s
2026-10-02 07:26:45,457 [DEBUG] yfinance OK: 6737
2026-10-02 07:26:45,608 [DEBUG] [TIME] 6737 income_stmt: 0.15s
2026-10-02 07:26:45,875 [DEBUG] [TIME] 6737 balance_sheet: 0.27s
2026-10-02 07:26:46,082 [DEBUG] [TIME] 6737 cashflow: 0.21s
2026-10-02 07:26:46,344 [DEBUG] [TIME] 6737 dividends: 0.26s
2026-10-02 07:26:46,345 [INFO] [DETAIL] 6737 ＥＩＺＯ: income_stmt=OK, balance_sheet=OK, cashflow=OK, dividends=OK
2026-10-02 07:26:46,345 [INFO] [TIME] 6737 ＥＩＺＯ 処理時間: 1.07s
2026-10-02 07:26:48,080 [DEBUG] [TIME] 6740 info: 0.17s
2026-10-02 07:26:48,081 [DEBUG] yfinance OK: 6740
2026-10-02 07:26:48,273 [DEBUG] [TIME] 6740 income_stmt: 0.19s
2026-10-02 07:26:48,481 [DEBUG] [TIME] 6740 balance_sheet: 0.21s
2026-10-02 07:26:48,727 [DEBUG] [TIME] 6740 cashflow: 0.25s
2026-10-02 07:26:48,865 [DEBUG] [TIME] 6740 dividends: 0.14s
2026-10-02 07:26:48,865 [INFO] [DETAIL] 6740 ジャパンディスプレイ: income_stmt=OK, balance_sheet=OK, cashflow=OK, dividends=EMPTY
2026-10-02 07:26:48,865 [INFO] [TIME] 6740 ジャパンディスプレイ 処理時間: 0.96s
2026-10-02 07:26:50,951 [DEBUG] [TIME] 6741 info: 0.22s
2026-10-02 07:26:50,951 [DEBUG] yfinance OK: 6741
2026-10-02 07:26:51,187 [DEBUG] [TIME] 6741 income_stmt: 0.24s
2026-10-02 07:26:51,368 [DEBUG] [TIME] 6741 balance_sheet: 0.18s
2026-10-02 07:26:51,514 [DEBUG] [TIME] 6741 cashflow: 0.14s
2026-10-02 07:26:51,794 [DEBUG] [TIME] 6741 dividends: 0.28s
2026-10-02 07:26:51,795 [INFO] [DETAIL] 6741 日本信号: income_stmt=OK, balance_sheet=OK, cashflow=OK, dividends=OK
2026-10-02 07:26:51,795 [INFO] [TIME] 6741 日本信号 処理時間: 1.06s
2026-10-02 07:26:53,219 [DEBUG] [TIME] 6742 info: 0.16s
2026-10-02 07:26:53,219 [DEBUG] yfinance OK: 6742
2026-10-02 07:26:53,444 [DEBUG] [TIME] 6742 income_stmt: 0.22s
2026-10-02 07:26:53,692 [DEBUG] [TIME] 6742 balance_sheet: 0.25s
2026-10-02 07:26:53,890 [DEBUG] [TIME] 6742 cashflow: 0.20s
2026-10-02 07:26:54,160 [DEBUG] [TIME] 6742 dividends: 0.27s
2026-10-02 07:26:54,161 [INFO] [DETAIL] 6742 京三製作所: income_stmt=OK, balance_sheet=OK, cashflow=OK, dividends=OK
2026-10-02 07:26:54,161 [INFO] [TIME] 6742 京三製作所 処理時間: 1.11s
2026-10-02 07:26:55,374 [DEBUG] [TIME] 6743 info: 0.17s
2026-10-02 07:26:55,374 [DEBUG] yfinance OK: 6743
2026-10-02 07:26:55,608 [DEBUG] [TIME] 6743 income_stmt: 0.23s
2026-10-02 07:26:55,789 [DEBUG] [TIME] 6743 balance_sheet: 0.18s
2026-10-02 07:26:56,005 [DEBUG] [TIME] 6743 cashflow: 0.22s
2026-10-02 07:26:56,271 [DEBUG] [TIME] 6743 dividends: 0.26s
2026-10-02 07:26:56,272 [INFO] [DETAIL] 6743 大同信号: income_stmt=OK, balance_sheet=OK, cashflow=OK, dividends=OK
2026-10-02 07:26:56,272 [INFO] [TIME] 6743 大同信号 処理時間: 1.07s
2026-10-02 07:26:58,260 [DEBUG] [TIME] 6744 info: 0.16s
2026-10-02 07:26:58,260 [DEBUG] yfinance OK: 6744
2026-10-02 07:26:58,416 [DEBUG] [TIME] 6744 income_stmt: 0.16s
2026-10-02 07:26:58,669 [DEBUG] [TIME] 6744 balance_sheet: 0.25s
2026-10-02 07:26:58,795 [DEBUG] [TIME] 6744 cashflow: 0.12s
2026-10-02 07:26:59,074 [DEBUG] [TIME] 6744 dividends: 0.28s
2026-10-02 07:26:59,075 [INFO] [DETAIL] 6744 能美防災: income_stmt=OK, balance_sheet=OK, cashflow=OK, dividends=OK
2026-10-02 07:26:59,075 [INFO] [TIME] 6744 能美防災 処理時間: 0.98s
2026-10-02 07:27:00,407 [DEBUG] [TIME] 6745 info: 0.22s
2026-10-02 07:27:00,407 [DEBUG] yfinance OK: 6745
2026-10-02 07:27:00,631 [DEBUG] [TIME] 6745 income_stmt: 0.22s
2026-10-02 07:27:00,799 [DEBUG] [TIME] 6745 balance_sheet: 0.17s
2026-10-02 07:27:01,035 [DEBUG] [TIME] 6745 cashflow: 0.23s
2026-10-02 07:27:01,313 [DEBUG] [TIME] 6745 dividends: 0.28s
2026-10-02 07:27:01,314 [INFO] [DETAIL] 6745 ホーチキ: income_stmt=OK, balance_sheet=OK, cashflow=OK, dividends=OK
2026-10-02 07:27:01,314 [INFO] [TIME] 6745 ホーチキ 処理時間: 1.13s
2026-10-02 07:27:03,440 [DEBUG] [TIME] 6748 info: 0.20s
2026-10-02 07:27:03,440 [DEBUG] yfinance OK: 6748
2026-10-02 07:27:03,630 [DEBUG] [TIME] 6748 income_stmt: 0.19s
2026-10-02 07:27:03,864 [DEBUG] [TIME] 6748 balance_sheet: 0.23s
2026-10-02 07:27:04,148 [DEBUG] [TIME] 6748 cashflow: 0.28s
2026-10-02 07:27:04,392 [DEBUG] [TIME] 6748 dividends: 0.24s
2026-10-02 07:27:04,393 [INFO] [DETAIL] 6748 星和電機: income_stmt=OK, balance_sheet=OK, cashflow=OK, dividends=OK
2026-10-02 07:27:04,393 [INFO] [TIME] 6748 星和電機 処理時間: 1.16s
2026-10-02 07:27:06,285 [DEBUG] [TIME] 6750 info: 0.17s
2026-10-02 07:27:06,285 [DEBUG] yfinance OK: 6750
2026-10-02 07:27:06,412 [DEBUG] [TIME] 6750 income_stmt: 0.13s
2026-10-02 07:27:06,648 [DEBUG] [TIME] 6750 balance_sheet: 0.24s
2026-10-02 07:27:06,775 [DEBUG] [TIME] 6750 cashflow: 0.13s
2026-10-02 07:27:06,977 [DEBUG] [TIME] 6750 dividends: 0.20s
2026-10-02 07:27:06,978 [INFO] [DETAIL] 6750 エレコム: income_stmt=OK, balance_sheet=OK, cashflow=OK, dividends=OK
2026-10-02 07:27:06,978 [INFO] [TIME] 6750 エレコム 処理時間: 0.86s
2026-10-02 07:27:08,279 [DEBUG] [TIME] 6752 info: 0.16s
2026-10-02 07:27:08,279 [DEBUG] yfinance OK: 6752
2026-10-02 07:27:08,461 [DEBUG] [TIME] 6752 income_stmt: 0.18s
2026-10-02 07:27:08,586 [DEBUG] [TIME] 6752 balance_sheet: 0.12s
2026-10-02 07:27:08,725 [DEBUG] [TIME] 6752 cashflow: 0.14s
2026-10-02 07:27:09,014 [DEBUG] [TIME] 6752 dividends: 0.29s
2026-10-02 07:27:09,015 [INFO] [DETAIL] 6752 パナソニック　ホールディングス: income_stmt=OK, balance_sheet=OK, cashflow=OK, dividends=OK
2026-10-02 07:27:09,016 [INFO] [TIME] 6752 パナソニック　ホールディングス 処理時間: 0.90s
2026-10-02 07:27:10,885 [DEBUG] [TIME] 6753 info: 0.17s
2026-10-02 07:27:10,886 [DEBUG] yfinance OK: 6753
2026-10-02 07:27:11,093 [DEBUG] [TIME] 6753 income_stmt: 0.21s
2026-10-02 07:27:11,239 [DEBUG] [TIME] 6753 balance_sheet: 0.14s
2026-10-02 07:27:11,475 [DEBUG] [TIME] 6753 cashflow: 0.24s
2026-10-02 07:27:11,754 [DEBUG] [TIME] 6753 dividends: 0.28s
2026-10-02 07:27:11,755 [INFO] [DETAIL] 6753 シャープ: income_stmt=OK, balance_sheet=OK, cashflow=OK, dividends=OK
2026-10-02 07:27:11,755 [INFO] [TIME] 6753 シャープ 処理時間: 1.04s
2026-10-02 07:27:13,494 [DEBUG] [TIME] 6754 info: 0.16s
2026-10-02 07:27:13,494 [DEBUG] yfinance OK: 6754
2026-10-02 07:27:13,711 [DEBUG] [TIME] 6754 income_stmt: 0.22s
2026-10-02 07:27:14,015 [DEBUG] [TIME] 6754 balance_sheet: 0.30s
2026-10-02 07:27:14,196 [DEBUG] [TIME] 6754 cashflow: 0.18s
2026-10-02 07:27:14,470 [DEBUG] [TIME] 6754 dividends: 0.27s
2026-10-02 07:27:14,471 [INFO] [DETAIL] 6754 アンリツ: income_stmt=OK, balance_sheet=OK, cashflow=OK, dividends=OK
2026-10-02 07:27:14,471 [INFO] [TIME] 6754 アンリツ 処理時間: 1.14s
2026-10-02 07:27:16,293 [DEBUG] [TIME] 6757 info: 0.16s
2026-10-02 07:27:16,293 [DEBUG] yfinance OK: 6757
2026-10-02 07:27:16,506 [DEBUG] [TIME] 6757 income_stmt: 0.21s
2026-10-02 07:27:16,696 [DEBUG] [TIME] 6757 balance_sheet: 0.19s
2026-10-02 07:27:16,939 [DEBUG] [TIME] 6757 cashflow: 0.24s
2026-10-02 07:27:17,217 [DEBUG] [TIME] 6757 dividends: 0.28s
2026-10-02 07:27:17,218 [INFO] [DETAIL] 6757 ＯＳＧコーポレーション: income_stmt=OK, balance_sheet=OK, cashflow=OK, dividends=OK
2026-10-02 07:27:17,218 [INFO] [TIME] 6757 ＯＳＧコーポレーション 処理時間: 1.09s
2026-10-02 07:27:18,559 [DEBUG] [TIME] 6758 info: 0.17s
2026-10-02 07:27:18,559 [DEBUG] yfinance OK: 6758
2026-10-02 07:27:18,783 [DEBUG] [TIME] 6758 income_stmt: 0.22s
2026-10-02 07:27:19,054 [DEBUG] [TIME] 6758 balance_sheet: 0.27s
2026-10-02 07:27:19,230 [DEBUG] [TIME] 6758 cashflow: 0.18s
2026-10-02 07:27:19,516 [DEBUG] [TIME] 6758 dividends: 0.29s
2026-10-02 07:27:19,517 [INFO] [DETAIL] 6758 ソニーグループ: income_stmt=OK, balance_sheet=OK, cashflow=OK, dividends=OK
2026-10-02 07:27:19,518 [INFO] [TIME] 6758 ソニーグループ 処理時間: 1.13s
2026-10-02 07:27:21,535 [DEBUG] [TIME] 6762 info: 0.16s
2026-10-02 07:27:21,536 [DEBUG] yfinance OK: 6762
2026-10-02 07:27:21,681 [DEBUG] [TIME] 6762 income_stmt: 0.15s
2026-10-02 07:27:21,877 [DEBUG] [TIME] 6762 balance_sheet: 0.20s
2026-10-02 07:27:22,009 [DEBUG] [TIME] 6762 cashflow: 0.13s
2026-10-02 07:27:22,287 [DEBUG] [TIME] 6762 dividends: 0.28s
2026-10-02 07:27:22,288 [INFO] [DETAIL] 6762 ＴＤＫ: income_stmt=OK, balance_sheet=OK, cashflow=OK, dividends=OK
2026-10-02 07:27:22,288 [INFO] [TIME] 6762 ＴＤＫ 処理時間: 0.92s
2026-10-02 07:27:23,945 [DEBUG] [TIME] 6763 info: 0.18s
2026-10-02 07:27:23,945 [DEBUG] yfinance OK: 6763
2026-10-02 07:27:24,085 [DEBUG] [TIME] 6763 income_stmt: 0.14s
2026-10-02 07:27:24,221 [DEBUG] [TIME] 6763 balance_sheet: 0.14s
2026-10-02 07:27:24,345 [DEBUG] [TIME] 6763 cashflow: 0.12s
2026-10-02 07:27:24,622 [DEBUG] [TIME] 6763 dividends: 0.28s
2026-10-02 07:27:24,623 [INFO] [DETAIL] 6763 帝国通信工業: income_stmt=OK, balance_sheet=OK, cashflow=OK, dividends=OK
2026-10-02 07:27:24,623 [INFO] [TIME] 6763 帝国通信工業 処理時間: 0.86s
2026-10-02 07:27:26,572 [DEBUG] [TIME] 6768 info: 0.21s
2026-10-02 07:27:26,572 [DEBUG] yfinance OK: 6768
2026-10-02 07:27:26,740 [DEBUG] [TIME] 6768 income_stmt: 0.17s
2026-10-02 07:27:27,020 [DEBUG] [TIME] 6768 balance_sheet: 0.28s
2026-10-02 07:27:27,235 [DEBUG] [TIME] 6768 cashflow: 0.21s
2026-10-02 07:27:27,509 [DEBUG] [TIME] 6768 dividends: 0.27s
2026-10-02 07:27:27,510 [INFO] [DETAIL] 6768 タムラ製作所: income_stmt=OK, balance_sheet=OK, cashflow=OK, dividends=OK
2026-10-02 07:27:27,510 [INFO] [TIME] 6768 タムラ製作所 処理時間: 1.15s
2026-10-02 07:27:29,061 [DEBUG] [TIME] 6769 info: 0.16s
2026-10-02 07:27:29,061 [DEBUG] yfinance OK: 6769
2026-10-02 07:27:29,205 [DEBUG] [TIME] 6769 income_stmt: 0.14s
2026-10-02 07:27:29,360 [DEBUG] [TIME] 6769 balance_sheet: 0.15s
2026-10-02 07:27:29,497 [DEBUG] [TIME] 6769 cashflow: 0.14s
2026-10-02 07:27:29,773 [DEBUG] [TIME] 6769 dividends: 0.28s
2026-10-02 07:27:29,773 [INFO] [DETAIL] 6769 ザインエレクトロニクス: income_stmt=OK, balance_sheet=OK, cashflow=OK, dividends=OK
2026-10-02 07:27:29,774 [INFO] [TIME] 6769 ザインエレクトロニクス 処理時間: 0.87s
2026-10-02 07:27:31,310 [DEBUG] [TIME] 6770 info: 0.16s
2026-10-02 07:27:31,310 [DEBUG] yfinance OK: 6770
2026-10-02 07:27:31,566 [DEBUG] [TIME] 6770 income_stmt: 0.26s
2026-10-02 07:27:31,829 [DEBUG] [TIME] 6770 balance_sheet: 0.26s
2026-10-02 07:27:31,978 [DEBUG] [TIME] 6770 cashflow: 0.15s
2026-10-02 07:27:32,285 [DEBUG] [TIME] 6770 dividends: 0.31s
2026-10-02 07:27:32,286 [INFO] [DETAIL] 6770 アルプスアルパイン: income_stmt=OK, balance_sheet=OK, cashflow=OK, dividends=OK
2026-10-02 07:27:32,287 [INFO] [TIME] 6770 アルプスアルパイン 処理時間: 1.14s
2026-10-02 07:27:33,828 [DEBUG] [TIME] 6771 info: 0.18s
2026-10-02 07:27:33,828 [DEBUG] yfinance OK: 6771
2026-10-02 07:27:33,984 [DEBUG] [TIME] 6771 income_stmt: 0.16s
2026-10-02 07:27:34,143 [DEBUG] [TIME] 6771 balance_sheet: 0.16s
2026-10-02 07:27:34,275 [DEBUG] [TIME] 6771 cashflow: 0.13s
2026-10-02 07:27:34,545 [DEBUG] [TIME] 6771 dividends: 0.27s
2026-10-02 07:27:34,546 [INFO] [DETAIL] 6771 池上通信機: income_stmt=OK, balance_sheet=OK, cashflow=OK, dividends=OK
2026-10-02 07:27:34,546 [INFO] [TIME] 6771 池上通信機 処理時間: 0.90s
2026-10-02 07:27:36,342 [DEBUG] [TIME] 6772 info: 0.18s
2026-10-02 07:27:36,343 [DEBUG] yfinance OK: 6772
2026-10-02 07:27:36,546 [DEBUG] [TIME] 6772 income_stmt: 0.20s
2026-10-02 07:27:36,797 [DEBUG] [TIME] 6772 balance_sheet: 0.25s
2026-10-02 07:27:37,026 [DEBUG] [TIME] 6772 cashflow: 0.23s
2026-10-02 07:27:37,293 [DEBUG] [TIME] 6772 dividends: 0.27s
2026-10-02 07:27:37,294 [INFO] [DETAIL] 6772 東京コスモス電機: income_stmt=OK, balance_sheet=OK, cashflow=OK, dividends=OK
2026-10-02 07:27:37,294 [INFO] [TIME] 6772 東京コスモス電機 処理時間: 1.13s
2026-10-02 07:27:39,232 [DEBUG] [TIME] 6775 info: 0.16s
2026-10-02 07:27:39,233 [DEBUG] yfinance OK: 6775
2026-10-02 07:27:39,466 [DEBUG] [TIME] 6775 income_stmt: 0.23s
2026-10-02 07:27:39,736 [DEBUG] [TIME] 6775 balance_sheet: 0.27s
2026-10-02 07:27:39,966 [DEBUG] [TIME] 6775 cashflow: 0.23s
2026-10-02 07:27:40,146 [DEBUG] [TIME] 6775 dividends: 0.18s
2026-10-02 07:27:40,146 [INFO] [DETAIL] 6775 ＴＢグループ: income_stmt=OK, balance_sheet=OK, cashflow=OK, dividends=EMPTY
2026-10-02 07:27:40,146 [INFO] [TIME] 6775 ＴＢグループ 処理時間: 1.08s
2026-10-02 07:27:41,569 [DEBUG] [TIME] 6776 info: 0.18s
2026-10-02 07:27:41,569 [DEBUG] yfinance OK: 6776
2026-10-02 07:27:41,809 [DEBUG] [TIME] 6776 income_stmt: 0.24s
2026-10-02 07:27:42,024 [DEBUG] [TIME] 6776 balance_sheet: 0.21s
2026-10-02 07:27:42,195 [DEBUG] [TIME] 6776 cashflow: 0.17s
2026-10-02 07:27:42,400 [DEBUG] [TIME] 6776 dividends: 0.20s
2026-10-02 07:27:42,401 [INFO] [DETAIL] 6776 天昇電気工業: income_stmt=OK, balance_sheet=OK, cashflow=OK, dividends=OK
2026-10-02 07:27:42,401 [INFO] [TIME] 6776 天昇電気工業 処理時間: 1.01s
2026-10-02 07:27:43,835 [DEBUG] [TIME] 6777 info: 0.16s
2026-10-02 07:27:43,835 [DEBUG] yfinance OK: 6777
2026-10-02 07:27:43,965 [DEBUG] [TIME] 6777 income_stmt: 0.13s
2026-10-02 07:27:44,139 [DEBUG] [TIME] 6777 balance_sheet: 0.17s
2026-10-02 07:27:44,277 [DEBUG] [TIME] 6777 cashflow: 0.14s
2026-10-02 07:27:44,536 [DEBUG] [TIME] 6777 dividends: 0.26s
2026-10-02 07:27:44,537 [INFO] [DETAIL] 6777 ｓａｎｔｅｃ　Ｈｏｌｄｉｎｇｓ: income_stmt=OK, balance_sheet=OK, cashflow=OK, dividends=OK
2026-10-02 07:27:44,537 [INFO] [TIME] 6777 ｓａｎｔｅｃ　Ｈｏｌｄｉｎｇｓ 処理時間: 0.86s
2026-10-02 07:27:46,020 [DEBUG] [TIME] 6778 info: 0.16s
2026-10-02 07:27:46,020 [DEBUG] yfinance OK: 6778
2026-10-02 07:27:46,186 [DEBUG] [TIME] 6778 income_stmt: 0.17s
2026-10-02 07:27:46,349 [DEBUG] [TIME] 6778 balance_sheet: 0.16s
2026-10-02 07:27:46,474 [DEBUG] [TIME] 6778 cashflow: 0.12s
2026-10-02 07:27:46,734 [DEBUG] [TIME] 6778 dividends: 0.26s
2026-10-02 07:27:46,735 [INFO] [DETAIL] 6778 アルチザネットワークス: income_stmt=OK, balance_sheet=OK, cashflow=OK, dividends=OK
2026-10-02 07:27:46,735 [INFO] [TIME] 6778 アルチザネットワークス 処理時間: 0.87s
2026-10-02 07:27:48,503 [DEBUG] [TIME] 6779 info: 0.17s
2026-10-02 07:27:48,504 [DEBUG] yfinance OK: 6779
2026-10-02 07:27:48,686 [DEBUG] [TIME] 6779 income_stmt: 0.18s
2026-10-02 07:27:48,835 [DEBUG] [TIME] 6779 balance_sheet: 0.15s
2026-10-02 07:27:48,952 [DEBUG] [TIME] 6779 cashflow: 0.12s
2026-10-02 07:27:49,249 [DEBUG] [TIME] 6779 dividends: 0.30s
2026-10-02 07:27:49,250 [INFO] [DETAIL] 6779 日本電波工業: income_stmt=OK, balance_sheet=OK, cashflow=OK, dividends=OK
2026-10-02 07:27:49,250 [INFO] [TIME] 6779 日本電波工業 処理時間: 0.91s
2026-10-02 07:27:50,699 [DEBUG] [TIME] 6785 info: 0.17s
2026-10-02 07:27:50,699 [DEBUG] yfinance OK: 6785
2026-10-02 07:27:50,865 [DEBUG] [TIME] 6785 income_stmt: 0.17s
2026-10-02 07:27:51,144 [DEBUG] [TIME] 6785 balance_sheet: 0.28s
2026-10-02 07:27:51,271 [DEBUG] [TIME] 6785 cashflow: 0.13s
2026-10-02 07:27:51,483 [DEBUG] [TIME] 6785 dividends: 0.21s
2026-10-02 07:27:51,484 [INFO] [DETAIL] 6785 鈴木: income_stmt=OK, balance_sheet=OK, cashflow=OK, dividends=OK
2026-10-02 07:27:51,484 [INFO] [TIME] 6785 鈴木 処理時間: 0.95s
2026-10-02 07:27:53,440 [DEBUG] [TIME] 6786 info: 0.17s
2026-10-02 07:27:53,440 [DEBUG] yfinance OK: 6786
2026-10-02 07:27:53,608 [DEBUG] [TIME] 6786 income_stmt: 0.17s
2026-10-02 07:27:53,810 [DEBUG] [TIME] 6786 balance_sheet: 0.20s
2026-10-02 07:27:54,018 [DEBUG] [TIME] 6786 cashflow: 0.21s
2026-10-02 07:27:54,200 [DEBUG] [TIME] 6786 dividends: 0.18s
2026-10-02 07:27:54,200 [INFO] [DETAIL] 6786 ＲＶＨ: income_stmt=OK, balance_sheet=OK, cashflow=OK, dividends=EMPTY
2026-10-02 07:27:54,200 [INFO] [TIME] 6786 ＲＶＨ 処理時間: 0.93s
2026-10-02 07:27:55,592 [DEBUG] [TIME] 6787 info: 0.16s
2026-10-02 07:27:55,593 [DEBUG] yfinance OK: 6787
2026-10-02 07:27:55,761 [DEBUG] [TIME] 6787 income_stmt: 0.17s
2026-10-02 07:27:55,932 [DEBUG] [TIME] 6787 balance_sheet: 0.17s
2026-10-02 07:27:56,087 [DEBUG] [TIME] 6787 cashflow: 0.15s
2026-10-02 07:27:56,352 [DEBUG] [TIME] 6787 dividends: 0.26s
2026-10-02 07:27:56,353 [INFO] [DETAIL] 6787 メイコー: income_stmt=OK, balance_sheet=OK, cashflow=OK, dividends=OK
2026-10-02 07:27:56,353 [INFO] [TIME] 6787 メイコー 処理時間: 0.92s
2026-10-02 07:27:58,027 [DEBUG] [TIME] 6788 info: 0.17s
2026-10-02 07:27:58,027 [DEBUG] yfinance OK: 6788
2026-10-02 07:27:58,166 [DEBUG] [TIME] 6788 income_stmt: 0.14s
2026-10-02 07:27:58,364 [DEBUG] [TIME] 6788 balance_sheet: 0.20s
2026-10-02 07:27:58,479 [DEBUG] [TIME] 6788 cashflow: 0.11s
2026-10-02 07:27:58,725 [DEBUG] [TIME] 6788 dividends: 0.25s
2026-10-02 07:27:58,726 [INFO] [DETAIL] 6788 日本トリム: income_stmt=OK, balance_sheet=OK, cashflow=OK, dividends=OK
2026-10-02 07:27:58,726 [INFO] [TIME] 6788 日本トリム 処理時間: 0.87s
2026-10-02 07:28:00,287 [DEBUG] [TIME] 6794 info: 0.17s
2026-10-02 07:28:00,287 [DEBUG] yfinance OK: 6794
2026-10-02 07:28:00,455 [DEBUG] [TIME] 6794 income_stmt: 0.17s
2026-10-02 07:28:00,641 [DEBUG] [TIME] 6794 balance_sheet: 0.19s
2026-10-02 07:28:00,859 [DEBUG] [TIME] 6794 cashflow: 0.22s
2026-10-02 07:28:01,127 [DEBUG] [TIME] 6794 dividends: 0.27s
2026-10-02 07:28:01,128 [INFO] [DETAIL] 6794 フォスター電機: income_stmt=OK, balance_sheet=OK, cashflow=OK, dividends=OK
2026-10-02 07:28:01,128 [INFO] [TIME] 6794 フォスター電機 処理時間: 1.01s
2026-10-02 07:28:02,512 [DEBUG] [TIME] 6797 info: 0.21s
2026-10-02 07:28:02,512 [DEBUG] yfinance OK: 6797
2026-10-02 07:28:02,710 [DEBUG] [TIME] 6797 income_stmt: 0.20s
2026-10-02 07:28:02,985 [DEBUG] [TIME] 6797 balance_sheet: 0.28s
2026-10-02 07:28:03,206 [DEBUG] [TIME] 6797 cashflow: 0.22s
2026-10-02 07:28:03,312 [DEBUG] [TIME] 6797 dividends: 0.11s
2026-10-02 07:28:03,313 [INFO] [DETAIL] 6797 名古屋電機工業: income_stmt=OK, balance_sheet=OK, cashflow=OK, dividends=OK
2026-10-02 07:28:03,313 [INFO] [TIME] 6797 名古屋電機工業 処理時間: 1.02s
2026-10-02 07:28:04,945 [DEBUG] [TIME] 6798 info: 0.16s
2026-10-02 07:28:04,945 [DEBUG] yfinance OK: 6798
2026-10-02 07:28:05,125 [DEBUG] [TIME] 6798 income_stmt: 0.18s
2026-10-02 07:28:05,296 [DEBUG] [TIME] 6798 balance_sheet: 0.17s
2026-10-02 07:28:05,513 [DEBUG] [TIME] 6798 cashflow: 0.22s
2026-10-02 07:28:05,764 [DEBUG] [TIME] 6798 dividends: 0.25s
2026-10-02 07:28:05,765 [INFO] [DETAIL] 6798 ＳＭＫ: income_stmt=OK, balance_sheet=OK, cashflow=OK, dividends=OK
2026-10-02 07:28:05,765 [INFO] [TIME] 6798 ＳＭＫ 処理時間: 0.98s
2026-10-02 07:28:06,955 [DEBUG] [TIME] 6800 info: 0.17s
2026-10-02 07:28:06,956 [DEBUG] yfinance OK: 6800
2026-10-02 07:28:07,375 [DEBUG] [TIME] 6800 income_stmt: 0.42s
2026-10-02 07:28:07,668 [DEBUG] [TIME] 6800 balance_sheet: 0.29s
2026-10-02 07:28:07,795 [DEBUG] [TIME] 6800 cashflow: 0.13s
2026-10-02 07:28:08,073 [DEBUG] [TIME] 6800 dividends: 0.28s
2026-10-02 07:28:08,074 [INFO] [DETAIL] 6800 ヨコオ: income_stmt=OK, balance_sheet=OK, cashflow=OK, dividends=OK
2026-10-02 07:28:08,075 [INFO] [TIME] 6800 ヨコオ 処理時間: 1.29s
2026-10-02 07:28:09,880 [DEBUG] [TIME] 6803 info: 0.18s
2026-10-02 07:28:09,880 [DEBUG] yfinance OK: 6803
2026-10-02 07:28:10,092 [DEBUG] [TIME] 6803 income_stmt: 0.21s
2026-10-02 07:28:10,342 [DEBUG] [TIME] 6803 balance_sheet: 0.25s
2026-10-02 07:28:10,559 [DEBUG] [TIME] 6803 cashflow: 0.22s
2026-10-02 07:28:10,768 [DEBUG] [TIME] 6803 dividends: 0.21s
2026-10-02 07:28:10,769 [INFO] [DETAIL] 6803 ティアック: income_stmt=OK, balance_sheet=OK, cashflow=OK, dividends=OK
2026-10-02 07:28:10,769 [INFO] [TIME] 6803 ティアック 処理時間: 1.07s
2026-10-02 07:28:12,664 [DEBUG] [TIME] 6804 info: 0.16s
2026-10-02 07:28:12,664 [DEBUG] yfinance OK: 6804
2026-10-02 07:28:12,809 [DEBUG] [TIME] 6804 income_stmt: 0.15s
2026-10-02 07:28:13,062 [DEBUG] [TIME] 6804 balance_sheet: 0.25s
2026-10-02 07:28:13,260 [DEBUG] [TIME] 6804 cashflow: 0.20s
2026-10-02 07:28:13,553 [DEBUG] [TIME] 6804 dividends: 0.29s
2026-10-02 07:28:13,554 [INFO] [DETAIL] 6804 ホシデン: income_stmt=OK, balance_sheet=OK, cashflow=OK, dividends=OK
2026-10-02 07:28:13,554 [INFO] [TIME] 6804 ホシデン 処理時間: 1.05s
2026-10-02 07:28:15,589 [DEBUG] [TIME] 6806 info: 0.17s
2026-10-02 07:28:15,590 [DEBUG] yfinance OK: 6806
2026-10-02 07:28:15,732 [DEBUG] [TIME] 6806 income_stmt: 0.14s
2026-10-02 07:28:15,881 [DEBUG] [TIME] 6806 balance_sheet: 0.15s
2026-10-02 07:28:16,101 [DEBUG] [TIME] 6806 cashflow: 0.22s
2026-10-02 07:28:16,387 [DEBUG] [TIME] 6806 dividends: 0.29s
2026-10-02 07:28:16,388 [INFO] [DETAIL] 6806 ヒロセ電機: income_stmt=OK, balance_sheet=OK, cashflow=OK, dividends=OK
2026-10-02 07:28:16,388 [INFO] [TIME] 6806 ヒロセ電機 処理時間: 0.97s
2026-10-02 07:28:18,427 [DEBUG] [TIME] 6807 info: 0.21s
2026-10-02 07:28:18,427 [DEBUG] yfinance OK: 6807
2026-10-02 07:28:18,648 [DEBUG] [TIME] 6807 income_stmt: 0.22s
2026-10-02 07:28:18,781 [DEBUG] [TIME] 6807 balance_sheet: 0.13s
2026-10-02 07:28:18,893 [DEBUG] [TIME] 6807 cashflow: 0.11s
2026-10-02 07:28:19,165 [DEBUG] [TIME] 6807 dividends: 0.27s
2026-10-02 07:28:19,166 [INFO] [DETAIL] 6807 日本航空電子工業: income_stmt=OK, balance_sheet=OK, cashflow=OK, dividends=OK
2026-10-02 07:28:19,166 [INFO] [TIME] 6807 日本航空電子工業 処理時間: 0.95s
2026-10-02 07:28:20,649 [DEBUG] [TIME] 6809 info: 0.16s
2026-10-02 07:28:20,649 [DEBUG] yfinance OK: 6809
2026-10-02 07:28:20,860 [DEBUG] [TIME] 6809 income_stmt: 0.21s
2026-10-02 07:28:21,082 [DEBUG] [TIME] 6809 balance_sheet: 0.22s
2026-10-02 07:28:21,306 [DEBUG] [TIME] 6809 cashflow: 0.22s
2026-10-02 07:28:21,598 [DEBUG] [TIME] 6809 dividends: 0.29s
2026-10-02 07:28:21,599 [INFO] [DETAIL] 6809 ＴＯＡ: income_stmt=OK, balance_sheet=OK, cashflow=OK, dividends=OK
2026-10-02 07:28:21,599 [INFO] [TIME] 6809 ＴＯＡ 処理時間: 1.11s
2026-10-02 07:28:23,044 [DEBUG] [TIME] 6810 info: 0.26s
2026-10-02 07:28:23,045 [DEBUG] yfinance OK: 6810
2026-10-02 07:28:23,238 [DEBUG] [TIME] 6810 income_stmt: 0.19s
2026-10-02 07:28:23,501 [DEBUG] [TIME] 6810 balance_sheet: 0.26s
2026-10-02 07:28:23,696 [DEBUG] [TIME] 6810 cashflow: 0.19s
2026-10-02 07:28:23,886 [DEBUG] [TIME] 6810 dividends: 0.19s
2026-10-02 07:28:23,887 [INFO] [DETAIL] 6810 マクセル: income_stmt=OK, balance_sheet=OK, cashflow=OK, dividends=OK
2026-10-02 07:28:23,887 [INFO] [TIME] 6810 マクセル 処理時間: 1.11s
2026-10-02 07:28:25,586 [DEBUG] [TIME] 6814 info: 0.19s
2026-10-02 07:28:25,587 [DEBUG] yfinance OK: 6814
2026-10-02 07:28:25,733 [DEBUG] [TIME] 6814 income_stmt: 0.15s
2026-10-02 07:28:25,939 [DEBUG] [TIME] 6814 balance_sheet: 0.21s
2026-10-02 07:28:26,065 [DEBUG] [TIME] 6814 cashflow: 0.12s
2026-10-02 07:28:26,340 [DEBUG] [TIME] 6814 dividends: 0.28s
2026-10-02 07:28:26,341 [INFO] [DETAIL] 6814 古野電気: income_stmt=OK, balance_sheet=OK, cashflow=OK, dividends=OK
2026-10-02 07:28:26,342 [INFO] [TIME] 6814 古野電気 処理時間: 0.94s
2026-10-02 07:28:27,776 [DEBUG] [TIME] 6817 info: 0.23s
2026-10-02 07:28:27,776 [DEBUG] yfinance OK: 6817
2026-10-02 07:28:27,973 [DEBUG] [TIME] 6817 income_stmt: 0.20s
2026-10-02 07:28:28,148 [DEBUG] [TIME] 6817 balance_sheet: 0.17s
2026-10-02 07:28:28,280 [DEBUG] [TIME] 6817 cashflow: 0.13s
2026-10-02 07:28:28,534 [DEBUG] [TIME] 6817 dividends: 0.25s
2026-10-02 07:28:28,535 [INFO] [DETAIL] 6817 スミダコーポレーション: income_stmt=OK, balance_sheet=OK, cashflow=OK, dividends=OK
2026-10-02 07:28:28,536 [INFO] [TIME] 6817 スミダコーポレーション 処理時間: 0.99s
2026-10-02 07:28:30,099 [DEBUG] [TIME] 6819 info: 0.18s
2026-10-02 07:28:30,099 [DEBUG] yfinance OK: 6819
2026-10-02 07:28:30,307 [DEBUG] [TIME] 6819 income_stmt: 0.21s
2026-10-02 07:28:30,616 [DEBUG] [TIME] 6819 balance_sheet: 0.31s
2026-10-02 07:28:30,778 [DEBUG] [TIME] 6819 cashflow: 0.16s
2026-10-02 07:28:31,014 [DEBUG] [TIME] 6819 dividends: 0.24s
2026-10-02 07:28:31,015 [INFO] [DETAIL] 6819 伊豆シャボテンリゾート: income_stmt=OK, balance_sheet=OK, cashflow=OK, dividends=OK
2026-10-02 07:28:31,015 [INFO] [TIME] 6819 伊豆シャボテンリゾート 処理時間: 1.09s
2026-10-02 07:28:32,329 [DEBUG] [TIME] 6820 info: 0.16s
2026-10-02 07:28:32,329 [DEBUG] yfinance OK: 6820
2026-10-02 07:28:32,456 [DEBUG] [TIME] 6820 income_stmt: 0.13s
2026-10-02 07:28:32,628 [DEBUG] [TIME] 6820 balance_sheet: 0.17s
2026-10-02 07:28:32,825 [DEBUG] [TIME] 6820 cashflow: 0.20s
2026-10-02 07:28:33,098 [DEBUG] [TIME] 6820 dividends: 0.27s
2026-10-02 07:28:33,099 [INFO] [DETAIL] 6820 アイコム: income_stmt=OK, balance_sheet=OK, cashflow=OK, dividends=OK
2026-10-02 07:28:33,099 [INFO] [TIME] 6820 アイコム 処理時間: 0.93s
2026-10-02 07:28:34,678 [DEBUG] [TIME] 6822 info: 0.17s
2026-10-02 07:28:34,678 [DEBUG] yfinance OK: 6822
2026-10-02 07:28:34,867 [DEBUG] [TIME] 6822 income_stmt: 0.19s
2026-10-02 07:28:35,120 [DEBUG] [TIME] 6822 balance_sheet: 0.25s
2026-10-02 07:28:35,251 [DEBUG] [TIME] 6822 cashflow: 0.13s
2026-10-02 07:28:35,529 [DEBUG] [TIME] 6822 dividends: 0.28s
2026-10-02 07:28:35,530 [INFO] [DETAIL] 6822 大井電気: income_stmt=OK, balance_sheet=OK, cashflow=OK, dividends=OK
2026-10-02 07:28:35,530 [INFO] [TIME] 6822 大井電気 処理時間: 1.03s
2026-10-02 07:28:36,968 [DEBUG] [TIME] 6823 info: 0.17s
2026-10-02 07:28:36,968 [DEBUG] yfinance OK: 6823
2026-10-02 07:28:37,153 [DEBUG] [TIME] 6823 income_stmt: 0.18s
2026-10-02 07:28:37,347 [DEBUG] [TIME] 6823 balance_sheet: 0.19s
2026-10-02 07:28:37,504 [DEBUG] [TIME] 6823 cashflow: 0.16s
2026-10-02 07:28:37,775 [DEBUG] [TIME] 6823 dividends: 0.27s
2026-10-02 07:28:37,776 [INFO] [DETAIL] 6823 リオン: income_stmt=OK, balance_sheet=OK, cashflow=OK, dividends=OK
2026-10-02 07:28:37,777 [INFO] [TIME] 6823 リオン 処理時間: 0.98s
2026-10-02 07:28:39,466 [DEBUG] [TIME] 6824 info: 0.16s
2026-10-02 07:28:39,466 [DEBUG] yfinance OK: 6824
2026-10-02 07:28:39,607 [DEBUG] [TIME] 6824 income_stmt: 0.14s
2026-10-02 07:28:39,795 [DEBUG] [TIME] 6824 balance_sheet: 0.19s
2026-10-02 07:28:40,025 [DEBUG] [TIME] 6824 cashflow: 0.23s
2026-10-02 07:28:40,266 [DEBUG] [TIME] 6824 dividends: 0.24s
2026-10-02 07:28:40,267 [INFO] [DETAIL] 6824 新コスモス電機: income_stmt=OK, balance_sheet=OK, cashflow=OK, dividends=OK
2026-10-02 07:28:40,267 [INFO] [TIME] 6824 新コスモス電機 処理時間: 0.97s
2026-10-02 07:28:41,473 [DEBUG] [TIME] 6832 info: 0.18s
2026-10-02 07:28:41,474 [DEBUG] yfinance OK: 6832
2026-10-02 07:28:41,641 [DEBUG] [TIME] 6832 income_stmt: 0.17s
2026-10-02 07:28:41,822 [DEBUG] [TIME] 6832 balance_sheet: 0.18s
2026-10-02 07:28:41,992 [DEBUG] [TIME] 6832 cashflow: 0.17s
2026-10-02 07:28:42,234 [DEBUG] [TIME] 6832 dividends: 0.24s
2026-10-02 07:28:42,235 [INFO] [DETAIL] 6832 アオイ電子: income_stmt=OK, balance_sheet=OK, cashflow=OK, dividends=OK
2026-10-02 07:28:42,235 [INFO] [TIME] 6832 アオイ電子 処理時間: 0.94s
2026-10-02 07:28:44,234 [DEBUG] [TIME] 6834 info: 0.16s
2026-10-02 07:28:44,234 [DEBUG] yfinance OK: 6834
2026-10-02 07:28:44,371 [DEBUG] [TIME] 6834 income_stmt: 0.14s
2026-10-02 07:28:44,535 [DEBUG] [TIME] 6834 balance_sheet: 0.16s
2026-10-02 07:28:44,660 [DEBUG] [TIME] 6834 cashflow: 0.12s
2026-10-02 07:28:44,917 [DEBUG] [TIME] 6834 dividends: 0.26s
2026-10-02 07:28:44,918 [INFO] [DETAIL] 6834 精工技研: income_stmt=OK, balance_sheet=OK, cashflow=OK, dividends=OK
2026-10-02 07:28:44,918 [INFO] [TIME] 6834 精工技研 処理時間: 0.85s
2026-10-02 07:28:46,803 [DEBUG] [TIME] 6835 info: 0.16s
2026-10-02 07:28:46,803 [DEBUG] yfinance OK: 6835
2026-10-02 07:28:46,977 [DEBUG] [TIME] 6835 income_stmt: 0.17s
2026-10-02 07:28:47,175 [DEBUG] [TIME] 6835 balance_sheet: 0.20s
2026-10-02 07:28:47,337 [DEBUG] [TIME] 6835 cashflow: 0.16s
2026-10-02 07:28:47,605 [DEBUG] [TIME] 6835 dividends: 0.27s
2026-10-02 07:28:47,606 [INFO] [DETAIL] 6835 アライドテレシスホールディングス: income_stmt=OK, balance_sheet=OK, cashflow=OK, dividends=OK
2026-10-02 07:28:47,606 [INFO] [TIME] 6835 アライドテレシスホールディングス 処理時間: 0.96s
2026-10-02 07:28:49,377 [DEBUG] [TIME] 6836 info: 0.17s
2026-10-02 07:28:49,377 [DEBUG] yfinance OK: 6836
2026-10-02 07:28:49,620 [DEBUG] [TIME] 6836 income_stmt: 0.24s
2026-10-02 07:28:49,903 [DEBUG] [TIME] 6836 balance_sheet: 0.28s
2026-10-02 07:28:50,101 [DEBUG] [TIME] 6836 cashflow: 0.20s
2026-10-02 07:28:50,311 [DEBUG] [TIME] 6836 dividends: 0.21s
2026-10-02 07:28:50,311 [INFO] [DETAIL] 6836 ぷらっとホーム: income_stmt=OK, balance_sheet=OK, cashflow=OK, dividends=EMPTY
2026-10-02 07:28:50,311 [INFO] [TIME] 6836 ぷらっとホーム 処理時間: 1.10s
2026-10-02 07:28:52,157 [DEBUG] [TIME] 6837 info: 0.17s
2026-10-02 07:28:52,157 [DEBUG] yfinance OK: 6837
2026-10-02 07:28:52,326 [DEBUG] [TIME] 6837 income_stmt: 0.17s
2026-10-02 07:28:52,507 [DEBUG] [TIME] 6837 balance_sheet: 0.18s
2026-10-02 07:28:52,656 [DEBUG] [TIME] 6837 cashflow: 0.15s
2026-10-02 07:28:52,907 [DEBUG] [TIME] 6837 dividends: 0.25s
2026-10-02 07:28:52,908 [INFO] [DETAIL] 6837 京写: income_stmt=OK, balance_sheet=OK, cashflow=OK, dividends=OK
2026-10-02 07:28:52,908 [INFO] [TIME] 6837 京写 処理時間: 0.93s
2026-10-02 07:28:54,177 [DEBUG] [TIME] 6838 info: 0.20s
2026-10-02 07:28:54,177 [DEBUG] yfinance OK: 6838
2026-10-02 07:28:54,329 [DEBUG] [TIME] 6838 income_stmt: 0.15s
2026-10-02 07:28:54,595 [DEBUG] [TIME] 6838 balance_sheet: 0.27s
2026-10-02 07:28:54,733 [DEBUG] [TIME] 6838 cashflow: 0.14s
2026-10-02 07:28:54,990 [DEBUG] [TIME] 6838 dividends: 0.26s
2026-10-02 07:28:54,991 [INFO] [DETAIL] 6838 多摩川ホールディングス: income_stmt=OK, balance_sheet=OK, cashflow=OK, dividends=OK
2026-10-02 07:28:54,991 [INFO] [TIME] 6838 多摩川ホールディングス 処理時間: 1.01s
2026-10-02 07:28:57,044 [DEBUG] [TIME] 6840 info: 0.18s
2026-10-02 07:28:57,044 [DEBUG] yfinance OK: 6840
2026-10-02 07:28:57,268 [DEBUG] [TIME] 6840 income_stmt: 0.22s
2026-10-02 07:28:57,552 [DEBUG] [TIME] 6840 balance_sheet: 0.28s
2026-10-02 07:28:57,803 [DEBUG] [TIME] 6840 cashflow: 0.25s
2026-10-02 07:28:57,988 [DEBUG] [TIME] 6840 dividends: 0.19s
2026-10-02 07:28:57,989 [INFO] [DETAIL] 6840 ＡＫＩＢＡホールディングス: income_stmt=OK, balance_sheet=OK, cashflow=OK, dividends=EMPTY
2026-10-02 07:28:57,989 [INFO] [TIME] 6840 ＡＫＩＢＡホールディングス 処理時間: 1.13s
2026-10-02 07:29:00,091 [DEBUG] [TIME] 6841 info: 0.24s
2026-10-02 07:29:00,091 [DEBUG] yfinance OK: 6841
2026-10-02 07:29:00,268 [DEBUG] [TIME] 6841 income_stmt: 0.18s
2026-10-02 07:29:00,432 [DEBUG] [TIME] 6841 balance_sheet: 0.16s
2026-10-02 07:29:00,685 [DEBUG] [TIME] 6841 cashflow: 0.25s
2026-10-02 07:29:00,972 [DEBUG] [TIME] 6841 dividends: 0.29s
2026-10-02 07:29:00,973 [INFO] [DETAIL] 6841 横河電機: income_stmt=OK, balance_sheet=OK, cashflow=OK, dividends=OK
2026-10-02 07:29:00,973 [INFO] [TIME] 6841 横河電機 処理時間: 1.12s
2026-10-02 07:29:02,191 [DEBUG] [TIME] 6844 info: 0.17s
2026-10-02 07:29:02,191 [DEBUG] yfinance OK: 6844
2026-10-02 07:29:02,361 [DEBUG] [TIME] 6844 income_stmt: 0.17s
2026-10-02 07:29:02,628 [DEBUG] [TIME] 6844 balance_sheet: 0.27s
2026-10-02 07:29:02,753 [DEBUG] [TIME] 6844 cashflow: 0.12s
2026-10-02 07:29:03,043 [DEBUG] [TIME] 6844 dividends: 0.29s
2026-10-02 07:29:03,044 [INFO] [DETAIL] 6844 新電元工業: income_stmt=OK, balance_sheet=OK, cashflow=OK, dividends=OK
2026-10-02 07:29:03,045 [INFO] [TIME] 6844 新電元工業 処理時間: 1.02s
2026-10-02 07:29:05,160 [DEBUG] [TIME] 6845 info: 0.18s
2026-10-02 07:29:05,160 [DEBUG] yfinance OK: 6845
2026-10-02 07:29:05,321 [DEBUG] [TIME] 6845 income_stmt: 0.16s
2026-10-02 07:29:05,482 [DEBUG] [TIME] 6845 balance_sheet: 0.16s
2026-10-02 07:29:05,751 [DEBUG] [TIME] 6845 cashflow: 0.27s
2026-10-02 07:29:06,017 [DEBUG] [TIME] 6845 dividends: 0.27s
2026-10-02 07:29:06,019 [INFO] [DETAIL] 6845 アズビル: income_stmt=OK, balance_sheet=OK, cashflow=OK, dividends=OK
2026-10-02 07:29:06,019 [INFO] [TIME] 6845 アズビル 処理時間: 1.03s
2026-10-02 07:29:07,384 [DEBUG] [TIME] 6848 info: 0.17s
2026-10-02 07:29:07,384 [DEBUG] yfinance OK: 6848
2026-10-02 07:29:07,560 [DEBUG] [TIME] 6848 income_stmt: 0.18s
2026-10-02 07:29:07,794 [DEBUG] [TIME] 6848 balance_sheet: 0.23s
2026-10-02 07:29:08,014 [DEBUG] [TIME] 6848 cashflow: 0.22s
2026-10-02 07:29:08,295 [DEBUG] [TIME] 6848 dividends: 0.28s
2026-10-02 07:29:08,296 [INFO] [DETAIL] 6848 東亜ディーケーケー: income_stmt=OK, balance_sheet=OK, cashflow=OK, dividends=OK
2026-10-02 07:29:08,296 [INFO] [TIME] 6848 東亜ディーケーケー 処理時間: 1.08s
2026-10-02 07:29:10,293 [DEBUG] [TIME] 6849 info: 0.20s
2026-10-02 07:29:10,294 [DEBUG] yfinance OK: 6849
2026-10-02 07:29:10,534 [DEBUG] [TIME] 6849 income_stmt: 0.24s
2026-10-02 07:29:10,835 [DEBUG] [TIME] 6849 balance_sheet: 0.30s
2026-10-02 07:29:11,100 [DEBUG] [TIME] 6849 cashflow: 0.26s
2026-10-02 07:29:11,410 [DEBUG] [TIME] 6849 dividends: 0.31s
2026-10-02 07:29:11,411 [INFO] [DETAIL] 6849 日本光電工業: income_stmt=OK, balance_sheet=OK, cashflow=OK, dividends=OK
2026-10-02 07:29:11,411 [INFO] [TIME] 6849 日本光電工業 処理時間: 1.32s
2026-10-02 07:29:13,243 [DEBUG] [TIME] 6850 info: 0.17s
2026-10-02 07:29:13,244 [DEBUG] yfinance OK: 6850
2026-10-02 07:29:13,459 [DEBUG] [TIME] 6850 income_stmt: 0.21s
2026-10-02 07:29:13,667 [DEBUG] [TIME] 6850 balance_sheet: 0.21s
2026-10-02 07:29:13,817 [DEBUG] [TIME] 6850 cashflow: 0.15s
2026-10-02 07:29:14,128 [DEBUG] [TIME] 6850 dividends: 0.31s
2026-10-02 07:29:14,129 [INFO] [DETAIL] 6850 チノー: income_stmt=OK, balance_sheet=OK, cashflow=OK, dividends=OK
2026-10-02 07:29:14,129 [INFO] [TIME] 6850 チノー 処理時間: 1.05s
2026-10-02 07:29:16,168 [DEBUG] [TIME] 6853 info: 0.17s
2026-10-02 07:29:16,168 [DEBUG] yfinance OK: 6853
2026-10-02 07:29:16,332 [DEBUG] [TIME] 6853 income_stmt: 0.16s
2026-10-02 07:29:16,518 [DEBUG] [TIME] 6853 balance_sheet: 0.18s
2026-10-02 07:29:16,658 [DEBUG] [TIME] 6853 cashflow: 0.14s
2026-10-02 07:29:16,931 [DEBUG] [TIME] 6853 dividends: 0.27s
2026-10-02 07:29:16,932 [INFO] [DETAIL] 6853 共和電業: income_stmt=OK, balance_sheet=OK, cashflow=OK, dividends=OK
2026-10-02 07:29:16,932 [INFO] [TIME] 6853 共和電業 処理時間: 0.93s
2026-10-02 07:29:18,682 [DEBUG] [TIME] 6855 info: 0.17s
2026-10-02 07:29:18,683 [DEBUG] yfinance OK: 6855
2026-10-02 07:29:18,834 [DEBUG] [TIME] 6855 income_stmt: 0.15s
2026-10-02 07:29:19,034 [DEBUG] [TIME] 6855 balance_sheet: 0.20s
2026-10-02 07:29:19,234 [DEBUG] [TIME] 6855 cashflow: 0.20s
2026-10-02 07:29:19,480 [DEBUG] [TIME] 6855 dividends: 0.25s
2026-10-02 07:29:19,481 [INFO] [DETAIL] 6855 日本電子材料: income_stmt=OK, balance_sheet=OK, cashflow=OK, dividends=OK
2026-10-02 07:29:19,481 [INFO] [TIME] 6855 日本電子材料 処理時間: 0.97s
2026-10-02 07:29:21,231 [DEBUG] [TIME] 6856 info: 0.18s
2026-10-02 07:29:21,231 [DEBUG] yfinance OK: 6856
2026-10-02 07:29:21,490 [DEBUG] [TIME] 6856 income_stmt: 0.26s
2026-10-02 07:29:21,745 [DEBUG] [TIME] 6856 balance_sheet: 0.25s
2026-10-02 07:29:21,956 [DEBUG] [TIME] 6856 cashflow: 0.21s
2026-10-02 07:29:22,211 [DEBUG] [TIME] 6856 dividends: 0.25s
2026-10-02 07:29:22,212 [INFO] [DETAIL] 6856 堀場製作所: income_stmt=OK, balance_sheet=OK, cashflow=OK, dividends=OK
2026-10-02 07:29:22,212 [INFO] [TIME] 6856 堀場製作所 処理時間: 1.16s
2026-10-02 07:29:24,389 [DEBUG] [TIME] 6857 info: 0.19s
2026-10-02 07:29:24,390 [DEBUG] yfinance OK: 6857
2026-10-02 07:29:24,609 [DEBUG] [TIME] 6857 income_stmt: 0.22s
2026-10-02 07:29:24,876 [DEBUG] [TIME] 6857 balance_sheet: 0.27s
2026-10-02 07:29:25,042 [DEBUG] [TIME] 6857 cashflow: 0.17s
2026-10-02 07:29:25,351 [DEBUG] [TIME] 6857 dividends: 0.31s
2026-10-02 07:29:25,353 [INFO] [DETAIL] 6857 アドバンテスト: income_stmt=OK, balance_sheet=OK, cashflow=OK, dividends=OK
2026-10-02 07:29:25,353 [INFO] [TIME] 6857 アドバンテスト 処理時間: 1.16s
2026-10-02 07:29:26,774 [DEBUG] [TIME] 6858 info: 0.21s
2026-10-02 07:29:26,774 [DEBUG] yfinance OK: 6858
2026-10-02 07:29:27,016 [DEBUG] [TIME] 6858 income_stmt: 0.24s
2026-10-02 07:29:27,229 [DEBUG] [TIME] 6858 balance_sheet: 0.21s
2026-10-02 07:29:27,373 [DEBUG] [TIME] 6858 cashflow: 0.14s
2026-10-02 07:29:27,659 [DEBUG] [TIME] 6858 dividends: 0.29s
2026-10-02 07:29:27,660 [INFO] [DETAIL] 6858 小野測器: income_stmt=OK, balance_sheet=OK, cashflow=OK, dividends=OK
2026-10-02 07:29:27,660 [INFO] [TIME] 6858 小野測器 処理時間: 1.10s
2026-10-02 07:29:29,676 [DEBUG] [TIME] 6859 info: 0.18s
2026-10-02 07:29:29,676 [DEBUG] yfinance OK: 6859
2026-10-02 07:29:29,913 [DEBUG] [TIME] 6859 income_stmt: 0.24s
2026-10-02 07:29:30,201 [DEBUG] [TIME] 6859 balance_sheet: 0.29s
2026-10-02 07:29:30,366 [DEBUG] [TIME] 6859 cashflow: 0.16s
2026-10-02 07:29:30,635 [DEBUG] [TIME] 6859 dividends: 0.27s
2026-10-02 07:29:30,636 [INFO] [DETAIL] 6859 エスペック: income_stmt=OK, balance_sheet=OK, cashflow=OK, dividends=OK
2026-10-02 07:29:30,636 [INFO] [TIME] 6859 エスペック 処理時間: 1.15s
2026-10-02 07:29:32,378 [DEBUG] [TIME] 6861 info: 0.17s
2026-10-02 07:29:32,378 [DEBUG] yfinance OK: 6861
2026-10-02 07:29:32,520 [DEBUG] [TIME] 6861 income_stmt: 0.14s
2026-10-02 07:29:32,688 [DEBUG] [TIME] 6861 balance_sheet: 0.17s
2026-10-02 07:29:32,891 [DEBUG] [TIME] 6861 cashflow: 0.20s
2026-10-02 07:29:33,178 [DEBUG] [TIME] 6861 dividends: 0.29s
2026-10-02 07:29:33,180 [INFO] [DETAIL] 6861 キーエンス: income_stmt=OK, balance_sheet=OK, cashflow=OK, dividends=OK
2026-10-02 07:29:33,180 [INFO] [TIME] 6861 キーエンス 処理時間: 0.97s
2026-10-02 07:29:34,748 [DEBUG] [TIME] 6862 info: 0.17s
2026-10-02 07:29:34,749 [DEBUG] yfinance OK: 6862
2026-10-02 07:29:34,958 [DEBUG] [TIME] 6862 income_stmt: 0.21s
2026-10-02 07:29:35,250 [DEBUG] [TIME] 6862 balance_sheet: 0.29s
2026-10-02 07:29:35,491 [DEBUG] [TIME] 6862 cashflow: 0.24s
2026-10-02 07:29:35,736 [DEBUG] [TIME] 6862 dividends: 0.24s
2026-10-02 07:29:35,737 [INFO] [DETAIL] 6862 ミナトホールディングス: income_stmt=OK, balance_sheet=OK, cashflow=OK, dividends=OK
2026-10-02 07:29:35,737 [INFO] [TIME] 6862 ミナトホールディングス 処理時間: 1.16s
2026-10-02 07:29:37,551 [DEBUG] [TIME] 6863 info: 0.17s
2026-10-02 07:29:37,552 [DEBUG] yfinance OK: 6863
2026-10-02 07:29:37,794 [DEBUG] [TIME] 6863 income_stmt: 0.24s
2026-10-02 07:29:38,101 [DEBUG] [TIME] 6863 balance_sheet: 0.31s
2026-10-02 07:29:38,242 [DEBUG] [TIME] 6863 cashflow: 0.14s
2026-10-02 07:29:38,554 [DEBUG] [TIME] 6863 dividends: 0.31s
2026-10-02 07:29:38,555 [INFO] [DETAIL] 6863 ニレコ: income_stmt=OK, balance_sheet=OK, cashflow=OK, dividends=OK
2026-10-02 07:29:38,555 [INFO] [TIME] 6863 ニレコ 処理時間: 1.17s
2026-10-02 07:29:39,969 [DEBUG] [TIME] 6864 info: 0.18s
2026-10-02 07:29:39,969 [DEBUG] yfinance OK: 6864
2026-10-02 07:29:40,192 [DEBUG] [TIME] 6864 income_stmt: 0.22s
2026-10-02 07:29:40,453 [DEBUG] [TIME] 6864 balance_sheet: 0.26s
2026-10-02 07:29:40,716 [DEBUG] [TIME] 6864 cashflow: 0.26s
2026-10-02 07:29:40,989 [DEBUG] [TIME] 6864 dividends: 0.27s
2026-10-02 07:29:40,990 [INFO] [DETAIL] 6864 エヌエフホールディングス: income_stmt=OK, balance_sheet=OK, cashflow=OK, dividends=OK
2026-10-02 07:29:40,990 [INFO] [TIME] 6864 エヌエフホールディングス 処理時間: 1.20s
2026-10-02 07:29:42,383 [DEBUG] [TIME] 6866 info: 0.24s
2026-10-02 07:29:42,384 [DEBUG] yfinance OK: 6866
2026-10-02 07:29:42,543 [DEBUG] [TIME] 6866 income_stmt: 0.16s
2026-10-02 07:29:42,681 [DEBUG] [TIME] 6866 balance_sheet: 0.14s
2026-10-02 07:29:42,817 [DEBUG] [TIME] 6866 cashflow: 0.13s
2026-10-02 07:29:43,080 [DEBUG] [TIME] 6866 dividends: 0.26s
2026-10-02 07:29:43,081 [INFO] [DETAIL] 6866 日置電機: income_stmt=OK, balance_sheet=OK, cashflow=OK, dividends=OK
2026-10-02 07:29:43,082 [INFO] [TIME] 6866 日置電機 処理時間: 0.94s
2026-10-02 07:29:45,049 [DEBUG] [TIME] 6867 info: 0.17s
2026-10-02 07:29:45,049 [DEBUG] yfinance OK: 6867
2026-10-02 07:29:45,199 [DEBUG] [TIME] 6867 income_stmt: 0.15s
2026-10-02 07:29:45,394 [DEBUG] [TIME] 6867 balance_sheet: 0.19s
2026-10-02 07:29:45,534 [DEBUG] [TIME] 6867 cashflow: 0.14s
2026-10-02 07:29:45,759 [DEBUG] [TIME] 6867 dividends: 0.22s
2026-10-02 07:29:45,760 [INFO] [DETAIL] 6867 リーダー電子: income_stmt=OK, balance_sheet=OK, cashflow=OK, dividends=OK
2026-10-02 07:29:45,760 [INFO] [TIME] 6867 リーダー電子 処理時間: 0.88s
2026-10-02 07:29:47,266 [DEBUG] [TIME] 6869 info: 0.18s
2026-10-02 07:29:47,266 [DEBUG] yfinance OK: 6869
2026-10-02 07:29:47,494 [DEBUG] [TIME] 6869 income_stmt: 0.23s
2026-10-02 07:29:47,758 [DEBUG] [TIME] 6869 balance_sheet: 0.26s
2026-10-02 07:29:48,004 [DEBUG] [TIME] 6869 cashflow: 0.25s
2026-10-02 07:29:48,300 [DEBUG] [TIME] 6869 dividends: 0.30s
2026-10-02 07:29:48,301 [INFO] [DETAIL] 6869 シスメックス: income_stmt=OK, balance_sheet=OK, cashflow=OK, dividends=OK
2026-10-02 07:29:48,301 [INFO] [TIME] 6869 シスメックス 処理時間: 1.21s
2026-10-02 07:29:50,132 [DEBUG] [TIME] 6870 info: 0.17s
2026-10-02 07:29:50,132 [DEBUG] yfinance OK: 6870
2026-10-02 07:29:50,277 [DEBUG] [TIME] 6870 income_stmt: 0.15s
2026-10-02 07:29:50,459 [DEBUG] [TIME] 6870 balance_sheet: 0.18s
2026-10-02 07:29:50,684 [DEBUG] [TIME] 6870 cashflow: 0.22s
2026-10-02 07:29:50,958 [DEBUG] [TIME] 6870 dividends: 0.27s
2026-10-02 07:29:50,959 [INFO] [DETAIL] 6870 日本フェンオール: income_stmt=OK, balance_sheet=OK, cashflow=OK, dividends=OK
2026-10-02 07:29:50,960 [INFO] [TIME] 6870 日本フェンオール 処理時間: 1.00s
2026-10-02 07:29:52,342 [DEBUG] [TIME] 6871 info: 0.19s
2026-10-02 07:29:52,342 [DEBUG] yfinance OK: 6871
2026-10-02 07:29:52,492 [DEBUG] [TIME] 6871 income_stmt: 0.15s
2026-10-02 07:29:52,702 [DEBUG] [TIME] 6871 balance_sheet: 0.21s
2026-10-02 07:29:52,864 [DEBUG] [TIME] 6871 cashflow: 0.16s
2026-10-02 07:29:53,150 [DEBUG] [TIME] 6871 dividends: 0.29s
2026-10-02 07:29:53,151 [INFO] [DETAIL] 6871 日本マイクロニクス: income_stmt=OK, balance_sheet=OK, cashflow=OK, dividends=OK
2026-10-02 07:29:53,151 [INFO] [TIME] 6871 日本マイクロニクス 処理時間: 1.00s
2026-10-02 07:29:54,600 [DEBUG] [TIME] 6874 info: 0.18s
2026-10-02 07:29:54,600 [DEBUG] yfinance OK: 6874
2026-10-02 07:29:54,795 [DEBUG] [TIME] 6874 income_stmt: 0.20s
2026-10-02 07:29:54,946 [DEBUG] [TIME] 6874 balance_sheet: 0.15s
2026-10-02 07:29:55,150 [DEBUG] [TIME] 6874 cashflow: 0.20s
2026-10-02 07:29:55,435 [DEBUG] [TIME] 6874 dividends: 0.28s
2026-10-02 07:29:55,436 [INFO] [DETAIL] 6874 協立電機: income_stmt=OK, balance_sheet=OK, cashflow=OK, dividends=OK
2026-10-02 07:29:55,436 [INFO] [TIME] 6874 協立電機 処理時間: 1.02s
2026-10-02 07:29:56,963 [DEBUG] [TIME] 6875 info: 0.16s
2026-10-02 07:29:56,963 [DEBUG] yfinance OK: 6875
2026-10-02 07:29:57,177 [DEBUG] [TIME] 6875 income_stmt: 0.21s
2026-10-02 07:29:57,351 [DEBUG] [TIME] 6875 balance_sheet: 0.17s
2026-10-02 07:29:57,498 [DEBUG] [TIME] 6875 cashflow: 0.15s
2026-10-02 07:29:57,744 [DEBUG] [TIME] 6875 dividends: 0.25s
2026-10-02 07:29:57,745 [INFO] [DETAIL] 6875 メガチップス: income_stmt=OK, balance_sheet=OK, cashflow=OK, dividends=OK
2026-10-02 07:29:57,746 [INFO] [TIME] 6875 メガチップス 処理時間: 0.95s
2026-10-02 07:29:59,348 [DEBUG] [TIME] 6877 info: 0.16s
2026-10-02 07:29:59,348 [DEBUG] yfinance OK: 6877
2026-10-02 07:29:59,497 [DEBUG] [TIME] 6877 income_stmt: 0.15s
2026-10-02 07:29:59,691 [DEBUG] [TIME] 6877 balance_sheet: 0.19s
2026-10-02 07:29:59,955 [DEBUG] [TIME] 6877 cashflow: 0.26s
2026-10-02 07:30:00,223 [DEBUG] [TIME] 6877 dividends: 0.27s
2026-10-02 07:30:00,224 [INFO] [DETAIL] 6877 ＯＢＡＲＡ　ＧＲＯＵＰ: income_stmt=OK, balance_sheet=OK, cashflow=OK, dividends=OK
2026-10-02 07:30:00,224 [INFO] [TIME] 6877 ＯＢＡＲＡ　ＧＲＯＵＰ 処理時間: 1.04s
2026-10-02 07:30:02,054 [DEBUG] [TIME] 6882 info: 0.17s
2026-10-02 07:30:02,054 [DEBUG] yfinance OK: 6882
2026-10-02 07:30:02,270 [DEBUG] [TIME] 6882 income_stmt: 0.22s
2026-10-02 07:30:02,452 [DEBUG] [TIME] 6882 balance_sheet: 0.18s
2026-10-02 07:30:02,681 [DEBUG] [TIME] 6882 cashflow: 0.23s
2026-10-02 07:30:02,946 [DEBUG] [TIME] 6882 dividends: 0.26s
2026-10-02 07:30:02,947 [INFO] [DETAIL] 6882 三社電機製作所: income_stmt=OK, balance_sheet=OK, cashflow=OK, dividends=OK
2026-10-02 07:30:02,947 [INFO] [TIME] 6882 三社電機製作所 処理時間: 1.06s
2026-10-02 07:30:05,121 [DEBUG] [TIME] 6888 info: 0.17s
2026-10-02 07:30:05,121 [DEBUG] yfinance OK: 6888
2026-10-02 07:30:05,258 [DEBUG] [TIME] 6888 income_stmt: 0.14s
2026-10-02 07:30:05,389 [DEBUG] [TIME] 6888 balance_sheet: 0.13s
2026-10-02 07:30:05,546 [DEBUG] [TIME] 6888 cashflow: 0.16s
2026-10-02 07:30:05,814 [DEBUG] [TIME] 6888 dividends: 0.27s
2026-10-02 07:30:05,815 [INFO] [DETAIL] 6888 アクモス: income_stmt=OK, balance_sheet=OK, cashflow=OK, dividends=OK
2026-10-02 07:30:05,816 [INFO] [TIME] 6888 アクモス 処理時間: 0.86s
2026-10-02 07:30:07,499 [DEBUG] [TIME] 6890 info: 0.18s
2026-10-02 07:30:07,499 [DEBUG] yfinance OK: 6890
2026-10-02 07:30:07,676 [DEBUG] [TIME] 6890 income_stmt: 0.18s
2026-10-02 07:30:07,948 [DEBUG] [TIME] 6890 balance_sheet: 0.27s
2026-10-02 07:30:08,098 [DEBUG] [TIME] 6890 cashflow: 0.15s
2026-10-02 07:30:08,375 [DEBUG] [TIME] 6890 dividends: 0.28s
2026-10-02 07:30:08,376 [INFO] [DETAIL] 6890 フェローテック: income_stmt=OK, balance_sheet=OK, cashflow=OK, dividends=OK
2026-10-02 07:30:08,377 [INFO] [TIME] 6890 フェローテック 処理時間: 1.05s
2026-10-02 07:30:09,653 [DEBUG] [TIME] 6894 info: 0.18s
2026-10-02 07:30:09,653 [DEBUG] yfinance OK: 6894
2026-10-02 07:30:09,811 [DEBUG] [TIME] 6894 income_stmt: 0.16s
2026-10-02 07:30:10,008 [DEBUG] [TIME] 6894 balance_sheet: 0.20s
2026-10-02 07:30:10,148 [DEBUG] [TIME] 6894 cashflow: 0.14s
2026-10-02 07:30:10,402 [DEBUG] [TIME] 6894 dividends: 0.25s
2026-10-02 07:30:10,403 [INFO] [DETAIL] 6894 パルステック工業: income_stmt=OK, balance_sheet=OK, cashflow=OK, dividends=OK
2026-10-02 07:30:10,403 [INFO] [TIME] 6894 パルステック工業 処理時間: 0.93s
2026-10-02 07:30:12,340 [DEBUG] [TIME] 6897 info: 0.20s
2026-10-02 07:30:12,340 [DEBUG] yfinance OK: 6897
2026-10-02 07:30:12,484 [DEBUG] [TIME] 6897 income_stmt: 0.14s
2026-10-02 07:30:12,660 [DEBUG] [TIME] 6897 balance_sheet: 0.18s
2026-10-02 07:30:12,862 [DEBUG] [TIME] 6897 cashflow: 0.20s
2026-10-02 07:30:13,176 [DEBUG] [TIME] 6897 dividends: 0.31s
2026-10-02 07:30:13,177 [INFO] [DETAIL] 6897 ツインバード: income_stmt=OK, balance_sheet=OK, cashflow=OK, dividends=OK
2026-10-02 07:30:13,177 [INFO] [TIME] 6897 ツインバード 処理時間: 1.04s
2026-10-02 07:30:14,876 [DEBUG] [TIME] 6898 info: 0.17s
2026-10-02 07:30:14,877 [DEBUG] yfinance OK: 6898
2026-10-02 07:30:15,038 [DEBUG] [TIME] 6898 income_stmt: 0.16s
2026-10-02 07:30:15,295 [DEBUG] [TIME] 6898 balance_sheet: 0.26s
2026-10-02 07:30:15,423 [DEBUG] [TIME] 6898 cashflow: 0.13s
2026-10-02 07:30:15,651 [DEBUG] [TIME] 6898 dividends: 0.23s
2026-10-02 07:30:15,651 [INFO] [DETAIL] 6898 トミタ電機: income_stmt=OK, balance_sheet=OK, cashflow=OK, dividends=EMPTY
2026-10-02 07:30:15,651 [INFO] [TIME] 6898 トミタ電機 処理時間: 0.94s
2026-10-02 07:30:17,732 [DEBUG] [TIME] 6899 info: 0.17s
2026-10-02 07:30:17,732 [DEBUG] yfinance OK: 6899
2026-10-02 07:30:17,869 [DEBUG] [TIME] 6899 income_stmt: 0.14s
2026-10-02 07:30:18,089 [DEBUG] [TIME] 6899 balance_sheet: 0.22s
2026-10-02 07:30:18,224 [DEBUG] [TIME] 6899 cashflow: 0.13s
2026-10-02 07:30:18,507 [DEBUG] [TIME] 6899 dividends: 0.28s
2026-10-02 07:30:18,508 [INFO] [DETAIL] 6899 ＡＳＴＩ: income_stmt=OK, balance_sheet=OK, cashflow=OK, dividends=OK
2026-10-02 07:30:18,508 [INFO] [TIME] 6899 ＡＳＴＩ 処理時間: 0.94s
2026-10-02 07:30:20,304 [DEBUG] [TIME] 6902 info: 0.19s
2026-10-02 07:30:20,304 [DEBUG] yfinance OK: 6902
2026-10-02 07:30:20,531 [DEBUG] [TIME] 6902 income_stmt: 0.23s
2026-10-02 07:30:20,811 [DEBUG] [TIME] 6902 balance_sheet: 0.28s
2026-10-02 07:30:20,958 [DEBUG] [TIME] 6902 cashflow: 0.15s
2026-10-02 07:30:21,256 [DEBUG] [TIME] 6902 dividends: 0.30s
2026-10-02 07:30:21,257 [INFO] [DETAIL] 6902 デンソー: income_stmt=OK, balance_sheet=OK, cashflow=OK, dividends=OK
2026-10-02 07:30:21,257 [INFO] [TIME] 6902 デンソー 処理時間: 1.14s
2026-10-02 07:30:23,444 [DEBUG] [TIME] 6904 info: 0.19s
2026-10-02 07:30:23,444 [DEBUG] yfinance OK: 6904
2026-10-02 07:30:23,661 [DEBUG] [TIME] 6904 income_stmt: 0.22s
2026-10-02 07:30:23,900 [DEBUG] [TIME] 6904 balance_sheet: 0.24s
2026-10-02 07:30:24,057 [DEBUG] [TIME] 6904 cashflow: 0.16s
2026-10-02 07:30:24,327 [DEBUG] [TIME] 6904 dividends: 0.27s
2026-10-02 07:30:24,328 [INFO] [DETAIL] 6904 原田工業: income_stmt=OK, balance_sheet=OK, cashflow=OK, dividends=OK
2026-10-02 07:30:24,328 [INFO] [TIME] 6904 原田工業 処理時間: 1.08s
2026-10-02 07:30:26,521 [DEBUG] [TIME] 6905 info: 0.22s
2026-10-02 07:30:26,521 [DEBUG] yfinance OK: 6905
2026-10-02 07:30:26,715 [DEBUG] [TIME] 6905 income_stmt: 0.19s
2026-10-02 07:30:26,886 [DEBUG] [TIME] 6905 balance_sheet: 0.17s
2026-10-02 07:30:27,152 [DEBUG] [TIME] 6905 cashflow: 0.27s
2026-10-02 07:30:27,414 [DEBUG] [TIME] 6905 dividends: 0.26s
2026-10-02 07:30:27,415 [INFO] [DETAIL] 6905 コーセル: income_stmt=OK, balance_sheet=OK, cashflow=OK, dividends=OK
2026-10-02 07:30:27,415 [INFO] [TIME] 6905 コーセル 処理時間: 1.11s
2026-10-02 07:30:29,461 [DEBUG] [TIME] 6907 info: 0.17s
2026-10-02 07:30:29,461 [DEBUG] yfinance OK: 6907
2026-10-02 07:30:29,632 [DEBUG] [TIME] 6907 income_stmt: 0.17s
2026-10-02 07:30:29,843 [DEBUG] [TIME] 6907 balance_sheet: 0.21s
2026-10-02 07:30:29,989 [DEBUG] [TIME] 6907 cashflow: 0.15s
2026-10-02 07:30:30,229 [DEBUG] [TIME] 6907 dividends: 0.24s
2026-10-02 07:30:30,230 [INFO] [DETAIL] 6907 ジオマテック: income_stmt=OK, balance_sheet=OK, cashflow=OK, dividends=OK
2026-10-02 07:30:30,230 [INFO] [TIME] 6907 ジオマテック 処理時間: 0.94s
2026-10-02 07:30:31,482 [DEBUG] [TIME] 6908 info: 0.20s
2026-10-02 07:30:31,482 [DEBUG] yfinance OK: 6908
2026-10-02 07:30:31,637 [DEBUG] [TIME] 6908 income_stmt: 0.15s
2026-10-02 07:30:31,780 [DEBUG] [TIME] 6908 balance_sheet: 0.14s
2026-10-02 07:30:32,008 [DEBUG] [TIME] 6908 cashflow: 0.23s
2026-10-02 07:30:32,282 [DEBUG] [TIME] 6908 dividends: 0.27s
2026-10-02 07:30:32,283 [INFO] [DETAIL] 6908 イリソ電子工業: income_stmt=OK, balance_sheet=OK, cashflow=OK, dividends=OK
2026-10-02 07:30:32,283 [INFO] [TIME] 6908 イリソ電子工業 処理時間: 1.00s
2026-10-02 07:30:33,825 [DEBUG] [TIME] 6912 info: 0.16s
2026-10-02 07:30:33,825 [DEBUG] yfinance OK: 6912
2026-10-02 07:30:34,057 [DEBUG] [TIME] 6912 income_stmt: 0.23s
2026-10-02 07:30:34,335 [DEBUG] [TIME] 6912 balance_sheet: 0.28s
2026-10-02 07:30:34,496 [DEBUG] [TIME] 6912 cashflow: 0.16s
2026-10-02 07:30:34,766 [DEBUG] [TIME] 6912 dividends: 0.27s
2026-10-02 07:30:34,767 [INFO] [DETAIL] 6912 菊水ホールディングス: income_stmt=OK, balance_sheet=OK, cashflow=OK, dividends=OK
2026-10-02 07:30:34,767 [INFO] [TIME] 6912 菊水ホールディングス 処理時間: 1.10s
2026-10-02 07:30:36,020 [DEBUG] [TIME] 6914 info: 0.18s
2026-10-02 07:30:36,020 [DEBUG] yfinance OK: 6914
2026-10-02 07:30:36,231 [DEBUG] [TIME] 6914 income_stmt: 0.21s
2026-10-02 07:30:36,511 [DEBUG] [TIME] 6914 balance_sheet: 0.28s
2026-10-02 07:30:36,765 [DEBUG] [TIME] 6914 cashflow: 0.25s
2026-10-02 07:30:37,050 [DEBUG] [TIME] 6914 dividends: 0.28s
2026-10-02 07:30:37,051 [INFO] [DETAIL] 6914 オプテックスグループ: income_stmt=OK, balance_sheet=OK, cashflow=OK, dividends=OK
2026-10-02 07:30:37,051 [INFO] [TIME] 6914 オプテックスグループ 処理時間: 1.21s
2026-10-02 07:30:38,814 [DEBUG] [TIME] 6915 info: 0.16s
2026-10-02 07:30:38,814 [DEBUG] yfinance OK: 6915
2026-10-02 07:30:38,995 [DEBUG] [TIME] 6915 income_stmt: 0.18s
2026-10-02 07:30:39,296 [DEBUG] [TIME] 6915 balance_sheet: 0.30s
2026-10-02 07:30:39,554 [DEBUG] [TIME] 6915 cashflow: 0.26s
2026-10-02 07:30:39,826 [DEBUG] [TIME] 6915 dividends: 0.27s
2026-10-02 07:30:39,827 [INFO] [DETAIL] 6915 千代田インテグレ: income_stmt=OK, balance_sheet=OK, cashflow=OK, dividends=OK
2026-10-02 07:30:39,827 [INFO] [TIME] 6915 千代田インテグレ 処理時間: 1.18s
2026-10-02 07:30:41,228 [DEBUG] [TIME] 6918 info: 0.17s
2026-10-02 07:30:41,228 [DEBUG] yfinance OK: 6918
2026-10-02 07:30:41,391 [DEBUG] [TIME] 6918 income_stmt: 0.16s
2026-10-02 07:30:41,596 [DEBUG] [TIME] 6918 balance_sheet: 0.20s
2026-10-02 07:30:41,737 [DEBUG] [TIME] 6918 cashflow: 0.14s
2026-10-02 07:30:42,018 [DEBUG] [TIME] 6918 dividends: 0.28s
2026-10-02 07:30:42,019 [INFO] [DETAIL] 6918 アバールデータ: income_stmt=OK, balance_sheet=OK, cashflow=OK, dividends=OK
2026-10-02 07:30:42,019 [INFO] [TIME] 6918 アバールデータ 処理時間: 0.96s
2026-10-02 07:30:44,187 [DEBUG] [TIME] 6919 info: 0.17s
2026-10-02 07:30:44,187 [DEBUG] yfinance OK: 6919
2026-10-02 07:30:44,385 [DEBUG] [TIME] 6919 income_stmt: 0.20s
2026-10-02 07:30:44,533 [DEBUG] [TIME] 6919 balance_sheet: 0.15s
2026-10-02 07:30:44,729 [DEBUG] [TIME] 6919 cashflow: 0.20s
2026-10-02 07:30:45,011 [DEBUG] [TIME] 6919 dividends: 0.28s
2026-10-02 07:30:45,012 [INFO] [DETAIL] 6919 ケル: income_stmt=OK, balance_sheet=OK, cashflow=OK, dividends=OK
2026-10-02 07:30:45,012 [INFO] [TIME] 6919 ケル 処理時間: 1.00s
2026-10-02 07:30:46,482 [DEBUG] [TIME] 6920 info: 0.17s
2026-10-02 07:30:46,482 [DEBUG] yfinance OK: 6920
2026-10-02 07:30:46,640 [DEBUG] [TIME] 6920 income_stmt: 0.16s
2026-10-02 07:30:46,780 [DEBUG] [TIME] 6920 balance_sheet: 0.14s
2026-10-02 07:30:46,897 [DEBUG] [TIME] 6920 cashflow: 0.12s
2026-10-02 07:30:47,156 [DEBUG] [TIME] 6920 dividends: 0.26s
2026-10-02 07:30:47,157 [INFO] [DETAIL] 6920 レーザーテック: income_stmt=OK, balance_sheet=OK, cashflow=OK, dividends=OK
2026-10-02 07:30:47,157 [INFO] [TIME] 6920 レーザーテック 処理時間: 0.85s
2026-10-02 07:30:48,881 [DEBUG] [TIME] 6923 info: 0.18s
2026-10-02 07:30:48,881 [DEBUG] yfinance OK: 6923
2026-10-02 07:30:49,053 [DEBUG] [TIME] 6923 income_stmt: 0.17s
2026-10-02 07:30:49,295 [DEBUG] [TIME] 6923 balance_sheet: 0.24s
2026-10-02 07:30:49,531 [DEBUG] [TIME] 6923 cashflow: 0.23s
2026-10-02 07:30:49,813 [DEBUG] [TIME] 6923 dividends: 0.28s
2026-10-02 07:30:49,814 [INFO] [DETAIL] 6923 スタンレー電気: income_stmt=OK, balance_sheet=OK, cashflow=OK, dividends=OK
2026-10-02 07:30:49,814 [INFO] [TIME] 6923 スタンレー電気 処理時間: 1.11s
2026-10-02 07:30:51,985 [DEBUG] [TIME] 6925 info: 0.17s
2026-10-02 07:30:51,986 [DEBUG] yfinance OK: 6925
2026-10-02 07:30:52,118 [DEBUG] [TIME] 6925 income_stmt: 0.13s
2026-10-02 07:30:52,319 [DEBUG] [TIME] 6925 balance_sheet: 0.20s
2026-10-02 07:30:52,478 [DEBUG] [TIME] 6925 cashflow: 0.16s
2026-10-02 07:30:52,730 [DEBUG] [TIME] 6925 dividends: 0.25s
2026-10-02 07:30:52,731 [INFO] [DETAIL] 6925 ウシオ電機: income_stmt=OK, balance_sheet=OK, cashflow=OK, dividends=OK
2026-10-02 07:30:52,731 [INFO] [TIME] 6925 ウシオ電機 処理時間: 0.91s
2026-10-02 07:30:54,827 [DEBUG] [TIME] 6926 info: 0.17s
2026-10-02 07:30:54,827 [DEBUG] yfinance OK: 6926
2026-10-02 07:30:54,981 [DEBUG] [TIME] 6926 income_stmt: 0.15s
2026-10-02 07:30:55,197 [DEBUG] [TIME] 6926 balance_sheet: 0.22s
2026-10-02 07:30:55,333 [DEBUG] [TIME] 6926 cashflow: 0.13s
2026-10-02 07:30:55,597 [DEBUG] [TIME] 6926 dividends: 0.26s
2026-10-02 07:30:55,598 [INFO] [DETAIL] 6926 岡谷電機産業: income_stmt=OK, balance_sheet=OK, cashflow=OK, dividends=OK
2026-10-02 07:30:55,598 [INFO] [TIME] 6926 岡谷電機産業 処理時間: 0.94s
2026-10-02 07:30:56,927 [DEBUG] [TIME] 6927 info: 0.17s
2026-10-02 07:30:56,927 [DEBUG] yfinance OK: 6927
2026-10-02 07:30:57,170 [DEBUG] [TIME] 6927 income_stmt: 0.24s
2026-10-02 07:30:57,442 [DEBUG] [TIME] 6927 balance_sheet: 0.27s
2026-10-02 07:30:57,652 [DEBUG] [TIME] 6927 cashflow: 0.21s
2026-10-02 07:30:57,932 [DEBUG] [TIME] 6927 dividends: 0.28s
2026-10-02 07:30:57,933 [INFO] [DETAIL] 6927 ヘリオス　テクノ　ホールディング: income_stmt=OK, balance_sheet=OK, cashflow=OK, dividends=OK
2026-10-02 07:30:57,933 [INFO] [TIME] 6927 ヘリオス　テクノ　ホールディング 処理時間: 1.17s
2026-10-02 07:31:00,026 [DEBUG] [TIME] 6928 info: 0.16s
2026-10-02 07:31:00,026 [DEBUG] yfinance OK: 6928
2026-10-02 07:31:00,229 [DEBUG] [TIME] 6928 income_stmt: 0.20s
2026-10-02 07:31:00,480 [DEBUG] [TIME] 6928 balance_sheet: 0.25s
2026-10-02 07:31:00,679 [DEBUG] [TIME] 6928 cashflow: 0.20s
2026-10-02 07:31:00,938 [DEBUG] [TIME] 6928 dividends: 0.26s
2026-10-02 07:31:00,939 [INFO] [DETAIL] 6928 エノモト: income_stmt=OK, balance_sheet=OK, cashflow=OK, dividends=OK
2026-10-02 07:31:00,939 [INFO] [TIME] 6928 エノモト 処理時間: 1.08s
2026-10-02 07:31:02,412 [DEBUG] [TIME] 6929 info: 0.16s
2026-10-02 07:31:02,412 [DEBUG] yfinance OK: 6929
2026-10-02 07:31:02,568 [DEBUG] [TIME] 6929 income_stmt: 0.16s
2026-10-02 07:31:02,893 [DEBUG] [TIME] 6929 balance_sheet: 0.32s
2026-10-02 07:31:03,027 [DEBUG] [TIME] 6929 cashflow: 0.13s
2026-10-02 07:31:03,315 [DEBUG] [TIME] 6929 dividends: 0.29s
2026-10-02 07:31:03,316 [INFO] [DETAIL] 6929 日本セラミック: income_stmt=OK, balance_sheet=OK, cashflow=OK, dividends=OK
2026-10-02 07:31:03,316 [INFO] [TIME] 6929 日本セラミック 処理時間: 1.06s
2026-10-02 07:31:05,279 [DEBUG] [TIME] 6932 info: 0.18s
2026-10-02 07:31:05,279 [DEBUG] yfinance OK: 6932
2026-10-02 07:31:05,395 [DEBUG] [TIME] 6932 income_stmt: 0.12s
2026-10-02 07:31:05,700 [DEBUG] [TIME] 6932 balance_sheet: 0.30s
2026-10-02 07:31:05,885 [DEBUG] [TIME] 6932 cashflow: 0.18s
2026-10-02 07:31:06,153 [DEBUG] [TIME] 6932 dividends: 0.27s
2026-10-02 07:31:06,154 [INFO] [DETAIL] 6932 遠藤照明: income_stmt=OK, balance_sheet=OK, cashflow=OK, dividends=OK
2026-10-02 07:31:06,154 [INFO] [TIME] 6932 遠藤照明 処理時間: 1.05s
2026-10-02 07:31:08,311 [DEBUG] [TIME] 6941 info: 0.17s
2026-10-02 07:31:08,311 [DEBUG] yfinance OK: 6941
2026-10-02 07:31:08,563 [DEBUG] [TIME] 6941 income_stmt: 0.25s
2026-10-02 07:31:08,826 [DEBUG] [TIME] 6941 balance_sheet: 0.26s
2026-10-02 07:31:08,977 [DEBUG] [TIME] 6941 cashflow: 0.15s
2026-10-02 07:31:09,251 [DEBUG] [TIME] 6941 dividends: 0.27s
2026-10-02 07:31:09,252 [INFO] [DETAIL] 6941 山一電機: income_stmt=OK, balance_sheet=OK, cashflow=OK, dividends=OK
2026-10-02 07:31:09,253 [INFO] [TIME] 6941 山一電機 処理時間: 1.11s
2026-10-02 07:31:11,177 [DEBUG] [TIME] 6942 info: 0.18s
2026-10-02 07:31:11,177 [DEBUG] yfinance OK: 6942
2026-10-02 07:31:11,323 [DEBUG] [TIME] 6942 income_stmt: 0.15s
2026-10-02 07:31:11,538 [DEBUG] [TIME] 6942 balance_sheet: 0.22s
2026-10-02 07:31:11,670 [DEBUG] [TIME] 6942 cashflow: 0.13s
2026-10-02 07:31:11,857 [DEBUG] [TIME] 6942 dividends: 0.19s
2026-10-02 07:31:11,857 [INFO] [DETAIL] 6942 ソフィアホールディングス: income_stmt=OK, balance_sheet=OK, cashflow=OK, dividends=EMPTY
2026-10-02 07:31:11,857 [INFO] [TIME] 6942 ソフィアホールディングス 処理時間: 0.86s
2026-10-02 07:31:14,012 [DEBUG] [TIME] 6943 info: 0.21s
2026-10-02 07:31:14,012 [DEBUG] yfinance OK: 6943
2026-10-02 07:31:14,163 [DEBUG] [TIME] 6943 income_stmt: 0.15s
2026-10-02 07:31:14,410 [DEBUG] [TIME] 6943 balance_sheet: 0.25s
2026-10-02 07:31:14,557 [DEBUG] [TIME] 6943 cashflow: 0.15s
2026-10-02 07:31:14,828 [DEBUG] [TIME] 6943 dividends: 0.27s
2026-10-02 07:31:14,829 [INFO] [DETAIL] 6943 ＮＫＫスイッチズ: income_stmt=OK, balance_sheet=OK, cashflow=OK, dividends=OK
2026-10-02 07:31:14,829 [INFO] [TIME] 6943 ＮＫＫスイッチズ 処理時間: 1.02s
2026-10-02 07:31:16,839 [DEBUG] [TIME] 6946 info: 0.17s
2026-10-02 07:31:16,840 [DEBUG] yfinance OK: 6946
2026-10-02 07:31:17,059 [DEBUG] [TIME] 6946 income_stmt: 0.22s
2026-10-02 07:31:17,215 [DEBUG] [TIME] 6946 balance_sheet: 0.16s
2026-10-02 07:31:17,477 [DEBUG] [TIME] 6946 cashflow: 0.26s
2026-10-02 07:31:17,730 [DEBUG] [TIME] 6946 dividends: 0.25s
2026-10-02 07:31:17,731 [INFO] [DETAIL] 6946 日本アビオニクス: income_stmt=OK, balance_sheet=OK, cashflow=OK, dividends=OK
2026-10-02 07:31:17,731 [INFO] [TIME] 6946 日本アビオニクス 処理時間: 1.06s
2026-10-02 07:31:19,789 [DEBUG] [TIME] 6947 info: 0.22s
2026-10-02 07:31:19,789 [DEBUG] yfinance OK: 6947
2026-10-02 07:31:19,967 [DEBUG] [TIME] 6947 income_stmt: 0.18s
2026-10-02 07:31:20,237 [DEBUG] [TIME] 6947 balance_sheet: 0.27s
2026-10-02 07:31:20,368 [DEBUG] [TIME] 6947 cashflow: 0.13s
2026-10-02 07:31:20,633 [DEBUG] [TIME] 6947 dividends: 0.26s
2026-10-02 07:31:20,634 [INFO] [DETAIL] 6947 図研: income_stmt=OK, balance_sheet=OK, cashflow=OK, dividends=OK
2026-10-02 07:31:20,634 [INFO] [TIME] 6947 図研 処理時間: 1.06s
2026-10-02 07:31:22,371 [DEBUG] [TIME] 6951 info: 0.16s
2026-10-02 07:31:22,371 [DEBUG] yfinance OK: 6951
2026-10-02 07:31:22,592 [DEBUG] [TIME] 6951 income_stmt: 0.22s
2026-10-02 07:31:22,794 [DEBUG] [TIME] 6951 balance_sheet: 0.20s
2026-10-02 07:31:23,077 [DEBUG] [TIME] 6951 cashflow: 0.28s
2026-10-02 07:31:23,389 [DEBUG] [TIME] 6951 dividends: 0.31s
2026-10-02 07:31:23,390 [INFO] [DETAIL] 6951 日本電子: income_stmt=OK, balance_sheet=OK, cashflow=OK, dividends=OK
2026-10-02 07:31:23,390 [INFO] [TIME] 6951 日本電子 処理時間: 1.18s
2026-10-02 07:31:25,285 [DEBUG] [TIME] 6952 info: 0.18s
2026-10-02 07:31:25,286 [DEBUG] yfinance OK: 6952
2026-10-02 07:31:25,452 [DEBUG] [TIME] 6952 income_stmt: 0.17s
2026-10-02 07:31:25,576 [DEBUG] [TIME] 6952 balance_sheet: 0.12s
2026-10-02 07:31:25,700 [DEBUG] [TIME] 6952 cashflow: 0.12s
2026-10-02 07:31:25,981 [DEBUG] [TIME] 6952 dividends: 0.28s
2026-10-02 07:31:25,982 [INFO] [DETAIL] 6952 カシオ計算機: income_stmt=OK, balance_sheet=OK, cashflow=OK, dividends=OK
2026-10-02 07:31:25,982 [INFO] [TIME] 6952 カシオ計算機 処理時間: 0.88s
2026-10-02 07:31:27,771 [DEBUG] [TIME] 6954 info: 0.16s
2026-10-02 07:31:27,771 [DEBUG] yfinance OK: 6954
2026-10-02 07:31:27,978 [DEBUG] [TIME] 6954 income_stmt: 0.21s
2026-10-02 07:31:28,221 [DEBUG] [TIME] 6954 balance_sheet: 0.24s
2026-10-02 07:31:28,465 [DEBUG] [TIME] 6954 cashflow: 0.24s
2026-10-02 07:31:28,776 [DEBUG] [TIME] 6954 dividends: 0.31s
2026-10-02 07:31:28,777 [INFO] [DETAIL] 6954 ファナック: income_stmt=OK, balance_sheet=OK, cashflow=OK, dividends=OK
2026-10-02 07:31:28,778 [INFO] [TIME] 6954 ファナック 処理時間: 1.17s
2026-10-02 07:31:30,642 [DEBUG] [TIME] 6955 info: 0.17s
2026-10-02 07:31:30,642 [DEBUG] yfinance OK: 6955
2026-10-02 07:31:30,768 [DEBUG] [TIME] 6955 income_stmt: 0.13s
2026-10-02 07:31:31,085 [DEBUG] [TIME] 6955 balance_sheet: 0.32s
2026-10-02 07:31:31,218 [DEBUG] [TIME] 6955 cashflow: 0.13s
2026-10-02 07:31:31,397 [DEBUG] [TIME] 6955 dividends: 0.18s
2026-10-02 07:31:31,398 [INFO] [DETAIL] 6955 ＦＤＫ: income_stmt=OK, balance_sheet=OK, cashflow=OK, dividends=EMPTY
2026-10-02 07:31:31,398 [INFO] [TIME] 6955 ＦＤＫ 処理時間: 0.92s
2026-10-02 07:31:32,603 [DEBUG] [TIME] 6958 info: 0.18s
2026-10-02 07:31:32,603 [DEBUG] yfinance OK: 6958
2026-10-02 07:31:32,750 [DEBUG] [TIME] 6958 income_stmt: 0.15s
2026-10-02 07:31:32,927 [DEBUG] [TIME] 6958 balance_sheet: 0.18s
2026-10-02 07:31:33,111 [DEBUG] [TIME] 6958 cashflow: 0.18s
2026-10-02 07:31:33,372 [DEBUG] [TIME] 6958 dividends: 0.26s
2026-10-02 07:31:33,373 [INFO] [DETAIL] 6958 日本シイエムケイ: income_stmt=OK, balance_sheet=OK, cashflow=OK, dividends=OK
2026-10-02 07:31:33,373 [INFO] [TIME] 6958 日本シイエムケイ 処理時間: 0.95s
2026-10-02 07:31:35,496 [DEBUG] [TIME] 6960 info: 0.17s
2026-10-02 07:31:35,496 [DEBUG] yfinance OK: 6960
2026-10-02 07:31:35,743 [DEBUG] [TIME] 6960 income_stmt: 0.25s
2026-10-02 07:31:35,993 [DEBUG] [TIME] 6960 balance_sheet: 0.25s
2026-10-02 07:31:36,220 [DEBUG] [TIME] 6960 cashflow: 0.23s
2026-10-02 07:31:36,511 [DEBUG] [TIME] 6960 dividends: 0.29s
2026-10-02 07:31:36,512 [INFO] [DETAIL] 6960 フクダ電子: income_stmt=OK, balance_sheet=OK, cashflow=OK, dividends=OK
2026-10-02 07:31:36,512 [INFO] [TIME] 6960 フクダ電子 処理時間: 1.19s
2026-10-02 07:31:38,433 [DEBUG] [TIME] 6961 info: 0.23s
2026-10-02 07:31:38,433 [DEBUG] yfinance OK: 6961
2026-10-02 07:31:38,640 [DEBUG] [TIME] 6961 income_stmt: 0.21s
2026-10-02 07:31:38,949 [DEBUG] [TIME] 6961 balance_sheet: 0.31s
2026-10-02 07:31:39,189 [DEBUG] [TIME] 6961 cashflow: 0.24s
2026-10-02 07:31:39,453 [DEBUG] [TIME] 6961 dividends: 0.26s
2026-10-02 07:31:39,454 [INFO] [DETAIL] 6961 エンプラス: income_stmt=OK, balance_sheet=OK, cashflow=OK, dividends=OK
2026-10-02 07:31:39,454 [INFO] [TIME] 6961 エンプラス 処理時間: 1.25s
2026-10-02 07:31:41,280 [DEBUG] [TIME] 6962 info: 0.17s
2026-10-02 07:31:41,280 [DEBUG] yfinance OK: 6962
2026-10-02 07:31:41,532 [DEBUG] [TIME] 6962 income_stmt: 0.25s
2026-10-02 07:31:41,727 [DEBUG] [TIME] 6962 balance_sheet: 0.19s
2026-10-02 07:31:41,865 [DEBUG] [TIME] 6962 cashflow: 0.14s
2026-10-02 07:31:42,163 [DEBUG] [TIME] 6962 dividends: 0.30s
2026-10-02 07:31:42,164 [INFO] [DETAIL] 6962 大真空: income_stmt=OK, balance_sheet=OK, cashflow=OK, dividends=OK
2026-10-02 07:31:42,164 [INFO] [TIME] 6962 大真空 処理時間: 1.06s
2026-10-02 07:31:43,897 [DEBUG] [TIME] 6963 info: 0.17s
2026-10-02 07:31:43,897 [DEBUG] yfinance OK: 6963
2026-10-02 07:31:44,011 [DEBUG] [TIME] 6963 income_stmt: 0.11s
2026-10-02 07:31:44,199 [DEBUG] [TIME] 6963 balance_sheet: 0.19s
2026-10-02 07:31:44,309 [DEBUG] [TIME] 6963 cashflow: 0.11s
2026-10-02 07:31:44,592 [DEBUG] [TIME] 6963 dividends: 0.28s
2026-10-02 07:31:44,593 [INFO] [DETAIL] 6963 ローム: income_stmt=OK, balance_sheet=OK, cashflow=OK, dividends=OK
2026-10-02 07:31:44,593 [INFO] [TIME] 6963 ローム 処理時間: 0.87s
2026-10-02 07:31:46,064 [DEBUG] [TIME] 6964 info: 0.18s
2026-10-02 07:31:46,064 [DEBUG] yfinance OK: 6964
2026-10-02 07:31:46,236 [DEBUG] [TIME] 6964 income_stmt: 0.17s
2026-10-02 07:31:46,410 [DEBUG] [TIME] 6964 balance_sheet: 0.17s
2026-10-02 07:31:46,551 [DEBUG] [TIME] 6964 cashflow: 0.14s
2026-10-02 07:31:46,814 [DEBUG] [TIME] 6964 dividends: 0.26s
2026-10-02 07:31:46,814 [INFO] [DETAIL] 6964 サンコー: income_stmt=OK, balance_sheet=OK, cashflow=OK, dividends=OK
2026-10-02 07:31:46,815 [INFO] [TIME] 6964 サンコー 処理時間: 0.93s
2026-10-02 07:31:48,729 [DEBUG] [TIME] 6965 info: 0.17s
2026-10-02 07:31:48,729 [DEBUG] yfinance OK: 6965
2026-10-02 07:31:48,901 [DEBUG] [TIME] 6965 income_stmt: 0.17s
2026-10-02 07:31:49,054 [DEBUG] [TIME] 6965 balance_sheet: 0.15s
2026-10-02 07:31:49,169 [DEBUG] [TIME] 6965 cashflow: 0.11s
2026-10-02 07:31:49,447 [DEBUG] [TIME] 6965 dividends: 0.28s
2026-10-02 07:31:49,448 [INFO] [DETAIL] 6965 浜松ホトニクス: income_stmt=OK, balance_sheet=OK, cashflow=OK, dividends=OK
2026-10-02 07:31:49,449 [INFO] [TIME] 6965 浜松ホトニクス 処理時間: 0.89s
2026-10-02 07:31:51,581 [DEBUG] [TIME] 6966 info: 0.21s
2026-10-02 07:31:51,581 [DEBUG] yfinance OK: 6966
2026-10-02 07:31:51,719 [DEBUG] [TIME] 6966 income_stmt: 0.14s
2026-10-02 07:31:51,892 [DEBUG] [TIME] 6966 balance_sheet: 0.17s
2026-10-02 07:31:52,095 [DEBUG] [TIME] 6966 cashflow: 0.20s
2026-10-02 07:31:52,352 [DEBUG] [TIME] 6966 dividends: 0.26s
2026-10-02 07:31:52,353 [INFO] [DETAIL] 6966 三井ハイテック: income_stmt=OK, balance_sheet=OK, cashflow=OK, dividends=OK
2026-10-02 07:31:52,353 [INFO] [TIME] 6966 三井ハイテック 処理時間: 0.99s
2026-10-02 07:31:53,647 [DEBUG] [TIME] 6969 info: 0.18s
2026-10-02 07:31:53,647 [DEBUG] yfinance OK: 6969
2026-10-02 07:31:53,851 [DEBUG] [TIME] 6969 income_stmt: 0.20s
2026-10-02 07:31:54,055 [DEBUG] [TIME] 6969 balance_sheet: 0.20s
2026-10-02 07:31:54,186 [DEBUG] [TIME] 6969 cashflow: 0.13s
2026-10-02 07:31:54,430 [DEBUG] [TIME] 6969 dividends: 0.24s
2026-10-02 07:31:54,431 [INFO] [DETAIL] 6969 松尾電機: income_stmt=OK, balance_sheet=OK, cashflow=OK, dividends=OK
2026-10-02 07:31:54,431 [INFO] [TIME] 6969 松尾電機 処理時間: 0.96s
2026-10-02 07:31:56,416 [DEBUG] [TIME] 6971 info: 0.17s
2026-10-02 07:31:56,416 [DEBUG] yfinance OK: 6971
2026-10-02 07:31:56,647 [DEBUG] [TIME] 6971 income_stmt: 0.23s
2026-10-02 07:31:56,933 [DEBUG] [TIME] 6971 balance_sheet: 0.29s
2026-10-02 07:31:57,187 [DEBUG] [TIME] 6971 cashflow: 0.25s
2026-10-02 07:31:57,461 [DEBUG] [TIME] 6971 dividends: 0.27s
2026-10-02 07:31:57,462 [INFO] [DETAIL] 6971 京セラ: income_stmt=OK, balance_sheet=OK, cashflow=OK, dividends=OK
2026-10-02 07:31:57,462 [INFO] [TIME] 6971 京セラ 処理時間: 1.21s
2026-10-02 07:31:58,966 [DEBUG] [TIME] 6976 info: 0.17s
2026-10-02 07:31:58,966 [DEBUG] yfinance OK: 6976
2026-10-02 07:31:59,131 [DEBUG] [TIME] 6976 income_stmt: 0.17s
2026-10-02 07:31:59,377 [DEBUG] [TIME] 6976 balance_sheet: 0.25s
2026-10-02 07:31:59,526 [DEBUG] [TIME] 6976 cashflow: 0.15s
2026-10-02 07:31:59,783 [DEBUG] [TIME] 6976 dividends: 0.26s
2026-10-02 07:31:59,784 [INFO] [DETAIL] 6976 太陽誘電: income_stmt=OK, balance_sheet=OK, cashflow=OK, dividends=OK
2026-10-02 07:31:59,784 [INFO] [TIME] 6976 太陽誘電 処理時間: 0.99s
2026-10-02 07:32:01,827 [DEBUG] [TIME] 6977 info: 0.16s
2026-10-02 07:32:01,827 [DEBUG] yfinance OK: 6977
2026-10-02 07:32:02,038 [DEBUG] [TIME] 6977 income_stmt: 0.21s
2026-10-02 07:32:02,316 [DEBUG] [TIME] 6977 balance_sheet: 0.28s
2026-10-02 07:32:02,454 [DEBUG] [TIME] 6977 cashflow: 0.14s
2026-10-02 07:32:02,729 [DEBUG] [TIME] 6977 dividends: 0.28s
2026-10-02 07:32:02,730 [INFO] [DETAIL] 6977 日本抵抗器製作所: income_stmt=OK, balance_sheet=OK, cashflow=OK, dividends=OK
2026-10-02 07:32:02,730 [INFO] [TIME] 6977 日本抵抗器製作所 処理時間: 1.07s
2026-10-02 07:32:04,232 [DEBUG] [TIME] 6981 info: 0.17s
2026-10-02 07:32:04,232 [DEBUG] yfinance OK: 6981
2026-10-02 07:32:04,384 [DEBUG] [TIME] 6981 income_stmt: 0.15s
2026-10-02 07:32:04,657 [DEBUG] [TIME] 6981 balance_sheet: 0.27s
2026-10-02 07:32:04,850 [DEBUG] [TIME] 6981 cashflow: 0.19s
2026-10-02 07:32:05,140 [DEBUG] [TIME] 6981 dividends: 0.29s
2026-10-02 07:32:05,141 [INFO] [DETAIL] 6981 村田製作所: income_stmt=OK, balance_sheet=OK, cashflow=OK, dividends=OK
2026-10-02 07:32:05,141 [INFO] [TIME] 6981 村田製作所 処理時間: 1.08s
2026-10-02 07:32:06,382 [DEBUG] [TIME] 6982 info: 0.17s
2026-10-02 07:32:06,382 [DEBUG] yfinance OK: 6982
2026-10-02 07:32:06,538 [DEBUG] [TIME] 6982 income_stmt: 0.16s
2026-10-02 07:32:06,687 [DEBUG] [TIME] 6982 balance_sheet: 0.15s
2026-10-02 07:32:06,915 [DEBUG] [TIME] 6982 cashflow: 0.23s
2026-10-02 07:32:07,179 [DEBUG] [TIME] 6982 dividends: 0.26s
2026-10-02 07:32:07,180 [INFO] [DETAIL] 6982 リード: income_stmt=OK, balance_sheet=OK, cashflow=OK, dividends=OK
2026-10-02 07:32:07,180 [INFO] [TIME] 6982 リード 処理時間: 0.96s
2026-10-02 07:32:08,390 [DEBUG] [TIME] 6986 info: 0.18s
2026-10-02 07:32:08,390 [DEBUG] yfinance OK: 6986
2026-10-02 07:32:08,551 [DEBUG] [TIME] 6986 income_stmt: 0.16s
2026-10-02 07:32:08,746 [DEBUG] [TIME] 6986 balance_sheet: 0.19s
2026-10-02 07:32:08,897 [DEBUG] [TIME] 6986 cashflow: 0.15s
2026-10-02 07:32:09,168 [DEBUG] [TIME] 6986 dividends: 0.27s
2026-10-02 07:32:09,169 [INFO] [DETAIL] 6986 双葉電子工業: income_stmt=OK, balance_sheet=OK, cashflow=OK, dividends=OK
2026-10-02 07:32:09,169 [INFO] [TIME] 6986 双葉電子工業 処理時間: 0.96s
2026-10-02 07:32:11,153 [DEBUG] [TIME] 6988 info: 0.17s
2026-10-02 07:32:11,154 [DEBUG] yfinance OK: 6988
2026-10-02 07:32:11,381 [DEBUG] [TIME] 6988 income_stmt: 0.23s
2026-10-02 07:32:11,530 [DEBUG] [TIME] 6988 balance_sheet: 0.15s
2026-10-02 07:32:11,745 [DEBUG] [TIME] 6988 cashflow: 0.21s
2026-10-02 07:32:12,032 [DEBUG] [TIME] 6988 dividends: 0.29s
2026-10-02 07:32:12,033 [INFO] [DETAIL] 6988 日東電工: income_stmt=OK, balance_sheet=OK, cashflow=OK, dividends=OK
2026-10-02 07:32:12,033 [INFO] [TIME] 6988 日東電工 処理時間: 1.05s
2026-10-02 07:32:13,290 [DEBUG] [TIME] 6989 info: 0.22s
2026-10-02 07:32:13,290 [DEBUG] yfinance OK: 6989
2026-10-02 07:32:13,427 [DEBUG] [TIME] 6989 income_stmt: 0.14s
2026-10-02 07:32:13,607 [DEBUG] [TIME] 6989 balance_sheet: 0.18s
2026-10-02 07:32:13,750 [DEBUG] [TIME] 6989 cashflow: 0.14s
2026-10-02 07:32:14,017 [DEBUG] [TIME] 6989 dividends: 0.27s
2026-10-02 07:32:14,018 [INFO] [DETAIL] 6989 北陸電気工業: income_stmt=OK, balance_sheet=OK, cashflow=OK, dividends=OK
2026-10-02 07:32:14,018 [INFO] [TIME] 6989 北陸電気工業 処理時間: 0.95s
2026-10-02 07:32:15,770 [DEBUG] [TIME] 6993 info: 0.17s
2026-10-02 07:32:15,770 [DEBUG] yfinance OK: 6993
2026-10-02 07:32:15,919 [DEBUG] [TIME] 6993 income_stmt: 0.15s
2026-10-02 07:32:16,126 [DEBUG] [TIME] 6993 balance_sheet: 0.21s
2026-10-02 07:32:16,310 [DEBUG] [TIME] 6993 cashflow: 0.18s
2026-10-02 07:32:16,483 [DEBUG] [TIME] 6993 dividends: 0.17s
2026-10-02 07:32:16,483 [INFO] [DETAIL] 6993 大黒屋ホールディングス: income_stmt=OK, balance_sheet=OK, cashflow=OK, dividends=EMPTY
2026-10-02 07:32:16,483 [INFO] [TIME] 6993 大黒屋ホールディングス 処理時間: 0.88s
2026-10-02 07:32:17,860 [DEBUG] [TIME] 6994 info: 0.18s
2026-10-02 07:32:17,860 [DEBUG] yfinance OK: 6994
2026-10-02 07:32:18,073 [DEBUG] [TIME] 6994 income_stmt: 0.21s
2026-10-02 07:32:18,284 [DEBUG] [TIME] 6994 balance_sheet: 0.21s
2026-10-02 07:32:18,519 [DEBUG] [TIME] 6994 cashflow: 0.23s
2026-10-02 07:32:18,815 [DEBUG] [TIME] 6994 dividends: 0.30s
2026-10-02 07:32:18,816 [INFO] [DETAIL] 6994 指月電機製作所: income_stmt=OK, balance_sheet=OK, cashflow=OK, dividends=OK
2026-10-02 07:32:18,816 [INFO] [TIME] 6994 指月電機製作所 処理時間: 1.14s
2026-10-02 07:32:20,405 [DEBUG] [TIME] 6995 info: 0.17s
2026-10-02 07:32:20,405 [DEBUG] yfinance OK: 6995
2026-10-02 07:32:20,551 [DEBUG] [TIME] 6995 income_stmt: 0.15s
2026-10-02 07:32:20,698 [DEBUG] [TIME] 6995 balance_sheet: 0.15s
2026-10-02 07:32:20,804 [DEBUG] [TIME] 6995 cashflow: 0.10s
2026-10-02 07:32:21,098 [DEBUG] [TIME] 6995 dividends: 0.29s
2026-10-02 07:32:21,099 [INFO] [DETAIL] 6995 東海理化電機製作所: income_stmt=OK, balance_sheet=OK, cashflow=OK, dividends=OK
2026-10-02 07:32:21,099 [INFO] [TIME] 6995 東海理化電機製作所 処理時間: 0.86s
2026-10-02 07:32:22,862 [DEBUG] [TIME] 6996 info: 0.17s
2026-10-02 07:32:22,862 [DEBUG] yfinance OK: 6996
2026-10-02 07:32:23,003 [DEBUG] [TIME] 6996 income_stmt: 0.14s
2026-10-02 07:32:23,239 [DEBUG] [TIME] 6996 balance_sheet: 0.24s
2026-10-02 07:32:23,383 [DEBUG] [TIME] 6996 cashflow: 0.14s
2026-10-02 07:32:23,650 [DEBUG] [TIME] 6996 dividends: 0.27s
2026-10-02 07:32:23,651 [INFO] [DETAIL] 6996 ニチコン: income_stmt=OK, balance_sheet=OK, cashflow=OK, dividends=OK
2026-10-02 07:32:23,651 [INFO] [TIME] 6996 ニチコン 処理時間: 0.96s
2026-10-02 07:32:24,974 [DEBUG] [TIME] 6997 info: 0.17s
2026-10-02 07:32:24,974 [DEBUG] yfinance OK: 6997
2026-10-02 07:32:25,200 [DEBUG] [TIME] 6997 income_stmt: 0.23s
2026-10-02 07:32:25,430 [DEBUG] [TIME] 6997 balance_sheet: 0.23s
2026-10-02 07:32:25,622 [DEBUG] [TIME] 6997 cashflow: 0.19s
2026-10-02 07:32:25,882 [DEBUG] [TIME] 6997 dividends: 0.26s
2026-10-02 07:32:25,883 [INFO] [DETAIL] 6997 日本ケミコン: income_stmt=OK, balance_sheet=OK, cashflow=OK, dividends=OK
2026-10-02 07:32:25,883 [INFO] [TIME] 6997 日本ケミコン 処理時間: 1.08s
2026-10-02 07:32:27,319 [DEBUG] [TIME] 6998 info: 0.18s
2026-10-02 07:32:27,319 [DEBUG] yfinance OK: 6998
2026-10-02 07:32:27,544 [DEBUG] [TIME] 6998 income_stmt: 0.22s
2026-10-02 07:32:27,794 [DEBUG] [TIME] 6998 balance_sheet: 0.25s
2026-10-02 07:32:28,033 [DEBUG] [TIME] 6998 cashflow: 0.24s
2026-10-02 07:32:28,300 [DEBUG] [TIME] 6998 dividends: 0.27s
2026-10-02 07:32:28,301 [INFO] [DETAIL] 6998 日本タングステン: income_stmt=OK, balance_sheet=OK, cashflow=OK, dividends=OK
2026-10-02 07:32:28,301 [INFO] [TIME] 6998 日本タングステン 処理時間: 1.17s
2026-10-02 07:32:30,380 [DEBUG] [TIME] 6999 info: 0.18s
2026-10-02 07:32:30,380 [DEBUG] yfinance OK: 6999
2026-10-02 07:32:30,549 [DEBUG] [TIME] 6999 income_stmt: 0.17s
2026-10-02 07:32:30,772 [DEBUG] [TIME] 6999 balance_sheet: 0.22s
2026-10-02 07:32:30,935 [DEBUG] [TIME] 6999 cashflow: 0.16s
2026-10-02 07:32:31,201 [DEBUG] [TIME] 6999 dividends: 0.27s
2026-10-02 07:32:31,202 [INFO] [DETAIL] 6999 ＫＯＡ: income_stmt=OK, balance_sheet=OK, cashflow=OK, dividends=OK
2026-10-02 07:32:31,202 [INFO] [TIME] 6999 ＫＯＡ 処理時間: 1.00s
2026-10-02 07:32:32,528 [DEBUG] [TIME] 7003 info: 0.18s
2026-10-02 07:32:32,528 [DEBUG] yfinance OK: 7003
2026-10-02 07:32:32,738 [DEBUG] [TIME] 7003 income_stmt: 0.21s
2026-10-02 07:32:33,001 [DEBUG] [TIME] 7003 balance_sheet: 0.26s
2026-10-02 07:32:33,197 [DEBUG] [TIME] 7003 cashflow: 0.20s
2026-10-02 07:32:33,477 [DEBUG] [TIME] 7003 dividends: 0.28s
2026-10-02 07:32:33,478 [INFO] [DETAIL] 7003 三井Ｅ＆Ｓ: income_stmt=OK, balance_sheet=OK, cashflow=OK, dividends=OK
2026-10-02 07:32:33,478 [INFO] [TIME] 7003 三井Ｅ＆Ｓ 処理時間: 1.13s
2026-10-02 07:32:35,334 [DEBUG] [TIME] 7004 info: 0.16s
2026-10-02 07:32:35,334 [DEBUG] yfinance OK: 7004
2026-10-02 07:32:35,502 [DEBUG] [TIME] 7004 income_stmt: 0.17s
2026-10-02 07:32:35,688 [DEBUG] [TIME] 7004 balance_sheet: 0.19s
2026-10-02 07:32:35,808 [DEBUG] [TIME] 7004 cashflow: 0.12s
2026-10-02 07:32:36,072 [DEBUG] [TIME] 7004 dividends: 0.26s
2026-10-02 07:32:36,073 [INFO] [DETAIL] 7004 カナデビア: income_stmt=OK, balance_sheet=OK, cashflow=OK, dividends=OK
2026-10-02 07:32:36,074 [INFO] [TIME] 7004 カナデビア 処理時間: 0.90s
2026-10-02 07:32:37,991 [DEBUG] [TIME] 7011 info: 0.17s
2026-10-02 07:32:37,991 [DEBUG] yfinance OK: 7011
2026-10-02 07:32:38,193 [DEBUG] [TIME] 7011 income_stmt: 0.20s
2026-10-02 07:32:38,415 [DEBUG] [TIME] 7011 balance_sheet: 0.22s
2026-10-02 07:32:38,610 [DEBUG] [TIME] 7011 cashflow: 0.19s
2026-10-02 07:32:38,921 [DEBUG] [TIME] 7011 dividends: 0.31s
2026-10-02 07:32:38,922 [INFO] [DETAIL] 7011 三菱重工業: income_stmt=OK, balance_sheet=OK, cashflow=OK, dividends=OK
2026-10-02 07:32:38,922 [INFO] [TIME] 7011 三菱重工業 処理時間: 1.10s
2026-10-02 07:32:40,921 [DEBUG] [TIME] 7012 info: 0.17s
2026-10-02 07:32:40,921 [DEBUG] yfinance OK: 7012
2026-10-02 07:32:41,162 [DEBUG] [TIME] 7012 income_stmt: 0.24s
2026-10-02 07:32:41,372 [DEBUG] [TIME] 7012 balance_sheet: 0.21s
2026-10-02 07:32:41,611 [DEBUG] [TIME] 7012 cashflow: 0.24s
2026-10-02 07:32:41,861 [DEBUG] [TIME] 7012 dividends: 0.25s
2026-10-02 07:32:41,862 [INFO] [DETAIL] 7012 川崎重工業: income_stmt=OK, balance_sheet=OK, cashflow=OK, dividends=OK
2026-10-02 07:32:41,862 [INFO] [TIME] 7012 川崎重工業 処理時間: 1.11s
2026-10-02 07:32:43,673 [DEBUG] [TIME] 7013 info: 0.17s
2026-10-02 07:32:43,674 [DEBUG] yfinance OK: 7013
2026-10-02 07:32:43,839 [DEBUG] [TIME] 7013 income_stmt: 0.16s
2026-10-02 07:32:44,115 [DEBUG] [TIME] 7013 balance_sheet: 0.28s
2026-10-02 07:32:44,316 [DEBUG] [TIME] 7013 cashflow: 0.20s
2026-10-02 07:32:44,642 [DEBUG] [TIME] 7013 dividends: 0.33s
2026-10-02 07:32:44,643 [INFO] [DETAIL] 7013 ＩＨＩ: income_stmt=OK, balance_sheet=OK, cashflow=OK, dividends=OK
2026-10-02 07:32:44,643 [INFO] [TIME] 7013 ＩＨＩ 処理時間: 1.14s
2026-10-02 07:32:45,991 [DEBUG] [TIME] 7014 info: 0.20s
2026-10-02 07:32:45,991 [DEBUG] yfinance OK: 7014
2026-10-02 07:32:46,197 [DEBUG] [TIME] 7014 income_stmt: 0.21s
2026-10-02 07:32:46,462 [DEBUG] [TIME] 7014 balance_sheet: 0.26s
2026-10-02 07:32:46,681 [DEBUG] [TIME] 7014 cashflow: 0.22s
2026-10-02 07:32:46,929 [DEBUG] [TIME] 7014 dividends: 0.25s
2026-10-02 07:32:46,930 [INFO] [DETAIL] 7014 名村造船所: income_stmt=OK, balance_sheet=OK, cashflow=OK, dividends=OK
2026-10-02 07:32:46,930 [INFO] [TIME] 7014 名村造船所 処理時間: 1.14s
2026-10-02 07:32:48,435 [DEBUG] [TIME] 7018 info: 0.17s
2026-10-02 07:32:48,435 [DEBUG] yfinance OK: 7018
2026-10-02 07:32:48,602 [DEBUG] [TIME] 7018 income_stmt: 0.17s
2026-10-02 07:32:48,810 [DEBUG] [TIME] 7018 balance_sheet: 0.21s
2026-10-02 07:32:48,954 [DEBUG] [TIME] 7018 cashflow: 0.14s
2026-10-02 07:32:49,228 [DEBUG] [TIME] 7018 dividends: 0.27s
2026-10-02 07:32:49,229 [INFO] [DETAIL] 7018 内海造船: income_stmt=OK, balance_sheet=OK, cashflow=OK, dividends=OK
2026-10-02 07:32:49,229 [INFO] [TIME] 7018 内海造船 処理時間: 0.97s
2026-10-02 07:32:50,856 [DEBUG] [TIME] 7021 info: 0.17s
2026-10-02 07:32:50,857 [DEBUG] yfinance OK: 7021
2026-10-02 07:32:51,063 [DEBUG] [TIME] 7021 income_stmt: 0.21s
2026-10-02 07:32:51,219 [DEBUG] [TIME] 7021 balance_sheet: 0.16s
2026-10-02 07:32:51,451 [DEBUG] [TIME] 7021 cashflow: 0.23s
2026-10-02 07:32:51,718 [DEBUG] [TIME] 7021 dividends: 0.27s
2026-10-02 07:32:51,719 [INFO] [DETAIL] 7021 ニッチツ: income_stmt=OK, balance_sheet=OK, cashflow=OK, dividends=OK
2026-10-02 07:32:51,719 [INFO] [TIME] 7021 ニッチツ 処理時間: 1.03s
2026-10-02 07:32:53,357 [DEBUG] [TIME] 7022 info: 0.17s
2026-10-02 07:32:53,357 [DEBUG] yfinance OK: 7022
2026-10-02 07:32:53,566 [DEBUG] [TIME] 7022 income_stmt: 0.21s
2026-10-02 07:32:53,795 [DEBUG] [TIME] 7022 balance_sheet: 0.23s
2026-10-02 07:32:53,927 [DEBUG] [TIME] 7022 cashflow: 0.13s
2026-10-02 07:32:54,175 [DEBUG] [TIME] 7022 dividends: 0.25s
2026-10-02 07:32:54,176 [INFO] [DETAIL] 7022 サノヤスホールディングス: income_stmt=OK, balance_sheet=OK, cashflow=OK, dividends=OK
2026-10-02 07:32:54,176 [INFO] [TIME] 7022 サノヤスホールディングス 処理時間: 0.99s
2026-10-02 07:32:55,457 [DEBUG] [TIME] 7030 info: 0.17s
2026-10-02 07:32:55,457 [DEBUG] yfinance OK: 7030
2026-10-02 07:32:55,595 [DEBUG] [TIME] 7030 income_stmt: 0.14s
2026-10-02 07:32:55,801 [DEBUG] [TIME] 7030 balance_sheet: 0.21s
2026-10-02 07:32:55,924 [DEBUG] [TIME] 7030 cashflow: 0.12s
2026-10-02 07:32:56,086 [DEBUG] [TIME] 7030 dividends: 0.16s
2026-10-02 07:32:56,087 [INFO] [DETAIL] 7030 スプリックス: income_stmt=OK, balance_sheet=OK, cashflow=OK, dividends=OK
2026-10-02 07:32:56,087 [INFO] [TIME] 7030 スプリックス 処理時間: 0.80s
2026-10-02 07:32:58,200 [DEBUG] [TIME] 7031 info: 0.17s
2026-10-02 07:32:58,200 [DEBUG] yfinance OK: 7031
2026-10-02 07:32:58,356 [DEBUG] [TIME] 7031 income_stmt: 0.16s
2026-10-02 07:32:58,484 [DEBUG] [TIME] 7031 balance_sheet: 0.13s
2026-10-02 07:32:58,618 [DEBUG] [TIME] 7031 cashflow: 0.13s
2026-10-02 07:32:58,746 [DEBUG] [TIME] 7031 dividends: 0.13s
2026-10-02 07:32:58,746 [INFO] [DETAIL] 7031 インバウンドテック: income_stmt=OK, balance_sheet=OK, cashflow=OK, dividends=EMPTY
2026-10-02 07:32:58,746 [INFO] [TIME] 7031 インバウンドテック 処理時間: 0.72s
2026-10-02 07:33:00,626 [DEBUG] [TIME] 7033 info: 0.17s
2026-10-02 07:33:00,626 [DEBUG] yfinance OK: 7033
2026-10-02 07:33:00,793 [DEBUG] [TIME] 7033 income_stmt: 0.17s
2026-10-02 07:33:00,954 [DEBUG] [TIME] 7033 balance_sheet: 0.16s
2026-10-02 07:33:01,097 [DEBUG] [TIME] 7033 cashflow: 0.14s
2026-10-02 07:33:01,277 [DEBUG] [TIME] 7033 dividends: 0.18s
2026-10-02 07:33:01,278 [INFO] [DETAIL] 7033 マネジメントソリューションズ: income_stmt=OK, balance_sheet=OK, cashflow=OK, dividends=OK
2026-10-02 07:33:01,278 [INFO] [TIME] 7033 マネジメントソリューションズ 処理時間: 0.82s
2026-10-02 07:33:02,485 [INFO] === 実行完了 (yf=494, warns=66, 総実行時間=21分1.2秒) ===
